'z	z
abak	a˥˩ːbak
abramovič	abraˈomɔvitʃ
absolutist	apsolutˈist
absolvent	apsɔlvˈɛnt
abstinenca	abstinintsa
abstrakcija	apstra˩˥ːktsija
abstrakten	abstrˈaktən
absurden	abzurdɛn
absurden	apsu˥˩ːrdən
aceton	atsɛto˥˩ːn
adaptacija	adapta˩˥ːtsija
adijo	adi˥˩ːjɔ
adiža	atjˈʒa
adjektiven	adjɛkti˥˩ːʋən
admiral	admiraɫ
adresirati	adresiɾati
adrian	adriːan
adut	adu˥˩ːt
aerodinamika	aɛ́ːrɔdina˩˥ːmika
aerolit	aɛrɔli˥˩ːt
afektirano	afɛkˈtɪrˈanɔ
afganistan	aʋga˥˩ːnistan
afirmacija	afirmatsia
afna	a˩˥ːfna
afrika	a˥˩ːfrika
afriki	ɑfriki
agencija	agɛntsja
aglomeracija	aglɔmɛra˩˥ːtsija
agraren	agraran
agrumi	agru˥˩ːmi
ahil	axi˥˩ːl
ahoj	axo˥˩ːj
ajd	a˥˩jt
ajnštajnij	a˥˩ːjnʃtajnij
akademija	akademia
akademik	akademik
akcija	aktsia
akord	akɔrt
akreditiv	akreditiʊ
aksiom	aksijo˥˩ːm
aktinij	akti˩˥ːnij
aktualizacija	aktualiza˩˥ːtsija
aktualizirati	aktualizi˥˩ːrati
akustičen	ɑkustitʃɛn
akuten	akutan
akuzativ	a˥˩ːkuzatiʋ
akvarij	akʋa˩˥ːrij
alah	alaj
alarm	alaːrm
albanec	alba˥˩ːnəts
albanija	alba˩˥ːnija
albanka	alba˥˩ːnka
albanski	alba˥˩ːnski
albansko	alba˥˩ːnskɔ
albanščina	alba˥˩ːnʃtʃina
alegorija	alɛgɔria
aleja	alea
aleksander	alɛksa˩˥ːndər
ali	ale
ali	ali
ali	a˥˩li
ali	a˥˩ːli
aliansa	aljˈanˈsˈa
aligator	aliga˥˩ːtɔr
alimenti	alimente
aljaska	alja˥˩ːska
aljaska	alʲjaska
alkohol	alkɔxo˥˩ːl
alpaka	alpa˥˩ːka
alpe	ɑːlpe
alpski	albzki
alpínec	alpinɛts
altruizem	altruism
aluminij	alumini
aluminij	alumi˩˥ːnij
alžirija	alʒi˥˩ːrija
aman	a˥˩ːman
amarant	amara˩˥ːnt
ambasador	ambasa˥˩ːdɔr
ambrozija	ambro˩˥ːzija
ameba	ameba
americij	ameritsi
americij	amɛri˩˥ːtsij
amerika	amerika
amerika	amɛ́ːrika
ameriko	ameriko
američani	ameritʃaɲi
američanka	ameriˈtʃanˈkɑ
ameriške	amɛriʃka
ameriški	amɛ́ːriʃki
ameriško	amɛriʃkɔ
ametist	ametist
amfiteater	amfitɛa˩˥ːtər
ampak	a˥˩mpak
amper	ampɛ́ːr
amputirati	amputi˥˩ːrati
amulet	amule˥˩ːt
ana	a˩˥ːna
anakonda	anako˥˩ːnda
analen	ana˥˩ːlən
analogija	analɔgi˥˩ːja
ananas	a˥˩ːnanas
anarhist	anarxi˥˩ːst
anarhizem	anarxi˩˥ːzəm
anatomija	anatɔmi˥˩ːja
andaluzija	andalu˩˥ːzija
andezit	andezit
andora	ando˥˩ːra
andreaš	andrɛa˩˥ːʃ
andrej	andrɛ̀ːj
andrej	ændrej
aneja	aneje
angleški	angle˥˩ːʃki
angleško	angle˥˩ːʃkɔ
angleščina	angle˥˩ːʃtʃina
anglež	angle˥˩ːʃ
anglež	anglʲeʃ
angležinja	angle˥˩ːʒinja
anglija	a˥˩ːnglija
animírati	animirati
anion	anion
anita	anitˈa
anja	ania
anomalija	anɔmali˥˩ːja
antarktika	anta˩˥ːrktika
antibiotik	antibiootik
antilopa	antilopˈa
antilopa	antilo˥˩ːpa
antimaterija	antimateria
antimon	antimon
antimon	antimo˥˩ːn
anton	anto˥˩ːn
antonim	antɔni˥˩ːm
apartma	apartma˥˩ː
apartmaji	apartmaj
aplavz	aplau̯s
apnenec	apne˥˩ːnəts
apnenec	apne˩˥ːnəts
apnenec	apnˈeːnɛts
apnéti	apniːti
apokalipsa	apɔkali˥˩ːpsa
apostrof	apɔstro˥˩ːf
april	apri˥˩ːl
april	apr̝il
arabija	arabia
arabski	ara˥˩ːpski
aragonit	aragɔni˥˩ːt
arašid	araʃi˥˩ːt
arbitraža	arbidraːʒa
arena	arena
argentina	argəntˈina
argon	argo˥˩ːn
argon	a˥˩ːrgɔn
arhangel	arxa˩˥ːngɛl
arhitektura	arxitektura
arhitektura	arxitɛktu˥˩ːra
arhiv	arxiu
arhivar	arxiʋa˩˥ːr
aristokracija	aristɔkratsi˥˩ːja
aristotel	aristo˥˩ːtɛl
aritmetika	aritmejtika
armada	arma˥˩ːda
armenija	arme˩˥ːnija
armenija	armˈenja
aroganca	arogantsa
aroganten	arogantən
artefakt	artɛfa˥˩ːkt
arterija	artɛria
arterija	artɛ̀ːrija
arzen	arzen
arzen	arze˥˩ːn
asfalt	asfˈald
asimetrija	a˥˩simɛtri˥˩ːja
asklepij	askle˩˥ːpij
astat	asta˥˩ːt
asteroid	astɛruid
asteroid	astɛrɔi˥˩ːt
astma	ɑstma
astrofizika	a˥˩ːstrɔfi˩˥ːzika
astrolab	astrolab
astrologija	astrɔlɔgi˥˩ːja
astronomija	astrɔnɔmi˥˩ːja
ateizem	atɛi˩˥ːzəm
atelje	atəlje̞
atena	ate˥˩ːna
atene	ate˥˩ːnɛ
atene	atine
atol	ato˥˩ːl
atom	atom
atomski	ato˥˩ːmski
atonalen	aːtɔnalˈɛn
atonalen	a˥˩tɔna˥˩ːlən
atrakcija	atraktsia
atrij	a˩˥ːtrij
autokracija	autɔkratsi˥˩ːja
avgust	au̯gust
avgust	aʋgu˥˩ːst
avstralija	aʋstra˩˥ːlija
avstrija	a˥˩ːʋstrija
avstrijec	aʋstri˥˩ːjəts
avstrijka	aʋstri˥˩ːjka
avstrijski	aʋstri˥˩ːjski
avtizem	aʋti˩˥ːzɛm
avtobus	a˥˩ːʋtɔbus
avtocesta	a˥˩ːʋtɔtse˩˥ːsta
avtomehanik	a˥˩ːʋtɔmɛxa˩˥ːnik
avtopralnica	a˥˩ːʋtɔpra˥˩ːlnitsa
avtor	a˥˩ːʋtɔr
avtosedež	a˥˩ːʋtɔse˥˩ːdɛʃ
avtosugestija	a˥˩ːʋtɔsugɛsti˥˩ːja
avtošola	a˥˩ːʋtɔʃo˥˩ːla
avče	au̯tʃe
azbest	asbest̪
azerbajdžan	azɛrbajdʒa˥˩ːn
azija	azjˈa
azija	a˩˥ːzija
azil	azi˥˩ːl
azil	azˈil
b	b
b	be˥˩ː
baba	bava
baba	ba˩˥ːba
babica	ba˩˥ːbitsa
babica	bɑːbitsa
babnica	babɲitsa
bacil	batsiʎ
badminton	batmɛntɔn
bagatela	bagateːla
bager	ba˩˥ːgər
bagrist	bagri˥˩ːst
bahami	baxa˥˩ːmi
bahrajn	baxra˥˩ːjn
baje	baje
bajen	ba˥˩ːjən
bajeslovec	bajɛslɔvɛts
bajonet	bajɔne˥˩ːt
bajta	ba˥˩ːjta
baker	bakɔr
baker	ba˩˥ːkər
bakla	baːklˈa
bakla	ba˥˩ːkla
baklonosec	baklɔno˥˩ːsɛts
balada	balaːda
balalajka	balaˈlajka
balažič	palaɣ̞itʃ
balerina	balerina
balet	bale˥˩ːt
balet	balˈeːt
baletka	balitka
baletnik	balitnik
balkanski	balkanzkij
balkon	balˈkɔn
balon	baloːn
baltik	baltˈiːk
baltski	balski
bambus	bambuz
bambus	ba˥˩ːmbus
banane	banana
banda	baːnda
banja	ba˩˥ːnja
banka	ba˥˩ːnka
banke	baŋke
banket	bankit
banki	banke
bankirski	bankʲirskʲi
bankrot	ankrɔt̪
banovina	banɔvina
bančen	banˈtʃˈn
bančni	banˈtʃni
baptist	baptˈist
bar	ba˥˩ːr
baraba	baraːba
baraka	baraːka
barantati	baranta˩˥ːti
barantati	berˈantati
barbarizem	barbarizm
barcelona	bartsɛlo˥˩ːna
baretka	bˈaritka
barij	ba˩˥ːrij
barion	barijo˥˩ːn
bariton	baritun
baritonist	balitɔnist
barja	baria
barje	bariːe
barka	ba˥˩ːrka
barok	baruk
barva	barva
barva	ba˥˩ːrʋa
barvica	baruʲitsa
bas	ba˥˩ːs
bas	bɑs
basati	ba˩˥ːsati
basel	bazɐl
basen	bason
bask	ba˥˩ːsk
baskovski	ba˥˩ːskɔʋski
baskovščina	ba˥˩ːskɔʋʃtʃina
baslu	bazlu
baterija	bateria
baterija	batɛri˥˩ːja
bati	batɪ
bati	ba˩˥ːti
batiskaf	batiska˥˩ːf
baza	ba˥˩ːza
baza	ba˩˥ːza
bazalt	baza˥˩ːlt
bazen	baze˥˩ːn
bazo	bazo
baš	bɑʃ
be	be˥˩ː
beda	be˩˥ːda
bedak	bɛda˩˥ːk
beden	be˩˥ːdən
bednejši	be˩˥ːdnɛjʃi
bedro	bɛ̀ːdrɔ
begunec	bɛgu˥˩ːnəts
begunje	be˨˩ːguːnjɛ
bel	be˩˥ːʋ
bel	bˈeʊ
bela	beˈla
belega	beleka
belejši	bɛlɛ́ːjʃi
belgija	be˩˥ːlgija
belgijski	be˩˥ːlgijski
beli	bili
belina	bɛli˩˥ːna
beljak	be˥˩ːljak˥
beljak	bɛlja˩˥ːk
belo	bɛlɔ
belorus	beˈlɔrʊs
belorusija	bɛlɔru˥˩ːsija
beloruski	bɛlɔru˥˩ːski
beloruščina	bɛlɔru˥˩ːʃtʃina
bencin	benˈtsˈin
bencinski	bentsinski
benetke	bɛne˥˩ːtkɛ
benečija	benetʃia
benjamin	benjamim
benzen	bɛnze˥˩ːn
beograd	be˥˩ːɔgrat
berač	beratʃ
berem	bɛræm
bereš	bɛræʃ
bergant	berˈgant
bergla	be˥˩ːrgla
beric	beːrits
berilij	berili
berilij	bɛri˩˥ːlij
berilo	perilo
berkelij	bɛrke˩˥ːlij
berlot	berlotˈ
beseda	bɛse˥˩ːda
besede	bəsˈeɪdə
beseden	bɛse˥˩ːdən
besedilo	bɛsɛdi˩˥ːlɔ
besedišče	bɛsɛðiʃtʃɛ
besednjak	beˈsɛdnʲak
besedotvoren	bɛsɛdɔtʋo˥˩ːrən
besedotvoren	bɛsɛdɔtʋo˩˥ːrən
besedotvorje	bɛsɛdɔtʋo˥˩ːrjɛ
besno	be˥˩ːtsnɔ
besnost	bɛsnust
bestialnost	bestialnost
betežen	bɛte˩˥ːʒən
betežnejši	bɛte˩˥ːʒnɛjʃi
beti	bete
betlehem	be˥˩ːtlɛxɛm
beton	bɛton
beton	bɛto˥˩ːn
bezeg	bəzə˥˩k
bezeg	bə˩˥zək
bezgavke	bɛsgˈaukɛ
bezjak	bɛzja˥˩ːk
beznica	beːznitsa
bežati	beʒate
bežati	bɛʒa˩˥ːti
bežigrad	beʒigrat
bežnost	be˥˩ʒnɔst
bi	b
bik	bi˥˩k
bile	bila
binom	bino˥˩ːm
bioetika	bioɛtika
biofizika	bjɔfizika
biološki	biɔlo˥˩ːʃki
biro	bʲiro
birsa	birˈsa
birtija	birti˥˩ːja
bisaga	bisa˥˩ːga
bisaga	bisa˩˥ːga
biseksualnost	bi˥˩ːsɛksua˥˩ːlnɔst
biser	bi˥˩ːsɛr
bister	bistr
bistvo	bi˥˩ːstʋɔ
biti	bite
biti	bi˩˥ːti
bitja	pi˥˧tja˧˧
bitje	bi˥˩ːtjɛ
bitje	bi˩˥ːtjɛ
bivati	bivati
bivol	bivɔl
bivol	bi˥˩ːʋɔl
bivši	bi˥˩ːʋʃi
bizantinski	bizanti˥˩ːnski
bizgec	bi˥˩ːzgəts
bizmut	bizɛˈut
bizmut	bi˥˩ːzmut
bizon	bi˥˩ːzɔn
bič	bi˥˩tʃ
bič	bi˥˩ːtʃ
bič	bi˩˥ːtʃ
blag	blak
blag	bla˥˩ːk
blagajna	blaga˥˩ːjna
blagajna	bla˥˩ːga˥˩jna˥˩ː
blagajnik	bla˥˩ːga˥˩ːjnik
blagajničarka	bla˥˩ːga˥˩ːjni˥˩ːtʃarka
blagajniški	blaga˥˩jnjiʃki
blago	blago˥˩ː
blagosloviti	blagɔslɔʋi˥˩ːti
blagosloviti	blagɔslɔʋi˩˥ːti
blatnik	bla˥˩ːtnik
blato	bla˩˥ːtɔ
blazen	bla˩˥ːzən
blaznik	bla˥˩ːznik
bled	ble˥˩ːt
bled	blɛːt
blesteti	blɛste˩˥ːti
blesti	blɛ̀ːsti
blizek	bli˩˥ːzək
blizek	plizək
blizu	bli˩˥ːzu
blišč	blˈiʃtʃ
bliže	bli˥˩ːʒɛ
bliže	pliʒɛ
bližje	bli˥˩ːʒjɛ
bližnjica	bli˥˩ːʒnjitsa
bo	bo
bo	bo˥˩ː
boben	bo˥˩ːbən
boben	bɔbɛn
bober	bo˩˥ːbər
bober	bɔbɛr
bobri	bobri
bodi	bo˩˥ːdi
bodimo	bo˩˥ːdimɔ
bodimo	bɔdi˥˩ːmɔ
bodita	bo˩˥ːdita
bodita	bɔdi˥˩ːta
bodite	bo˩˥ːditɛ
bodite	bɔdi˥˩ːtɛ
bodiva	bo˩˥ːdiʋa
bodiva	bɔdi˥˩ːʋa
bodo	bo˥˩ːdɔ
bogastvo	bɔga˥˩ːstʋɔ
bogat	bo˩˥ːgat
bogat	bɔga˥˩t
bogatejši	bɔgatɛ́ːjʃi
boginja	bɔgi˩˥ːnja
bogomolka	bɔgɔmo˥˩ːlka
bogoslužje	bɔgɔslu˥˩ːʒjɛ
bohinj	bo˥˩ːxin˥˩
boja	bo˥˩ːja
bojazen	bɔja˥˩ːzən
bojevnik	bɔjɛʊnnik
bojo	bɔjo
bokal	bɔka˥˩ːl
bokal	bɔka˥˩ːʋ
bolan	bɔla˥˩ːn
boleti	bɔle˩˥ːti
bolezen	bɔle˥˩ːzən
bolečine	boˈlɛtʃine
bolgar	bɔlga˥˩ːr
bolgarija	bɔlga˩˥ːrija
bolgarka	bɔlga˥˩ːrka
bolgarski	bɔlga˥˩ːrski
bolgarski	bɔlga˩˥ːrski
bolgarsko	bɔlga˥˩ːrskɔ
bolgarsko	bɔlga˩˥ːrskɔ
bolgarščina	bɔlga˥˩ːrʃtʃina
bolgarščina	bɔlga˩˥ːrʃtʃina
bolha	bo˩˥ːʋxa
bolj	bo˥˩l
bolje	bo˥˩ːljɛ
boljše	bo˥˩ːlʃɛ
boljši	bo˥˩ːlʃi
bolnica	bo˥˩ːlnitsa
bolnik	bɔʋni˩˥ːk
bolnišnica	bɔʋni˥˩ːʃnitsa
bom	bom
bom	bo˥˩ːm
bomba	bo˥˩ːmba
bombardirati	bɔmbardi˥˩ːrati
bombaž	bɔmba˥˩ːʃ
bombnik	bo˥˩ːmbnik
bomo	bo˥˩ːmɔ
bon	bo˥˩ːn
bor	bo˥˩r
bor	bo˥˩ːr
bor	bɔr
borba	bo˥˩ːrba
borba	bɔrba
borec	bo˥˩ːrəts
borili	borili
boris	boris
boriti	bɔri˥˩ːti
boriti	bɔri˩˥ːti
borka	bo˥˩ːrka
borka	bo˩˥ːrka
borovnica	bɔrɔʋni˩˥ːtsa
borut	bo˥˩ːrut
borut	burut
borza	bo˥˩ːrza
borša	bo˥˩ːrʃa
bos	bo˥˩s
bos	bo˥˩ːs
bosanski	bɔsa˥˩ːnski
bosanski	bɔsa˩˥ːnski
bosanščina	bɔsa˥˩ːnʃtʃina
bosanščina	bɔsa˩˥ːnʃtʃina
bosenski	bo˥˩ːsənski
bosna	bosna
bosna	bo˥˩ːsna
bosta	bo˥˩ːsta
boste	bo˥˩ːstɛ
bosti	bo˩˥ːsti
bova	bo˥˩ːʋa
bozon	bɔzo˥˩ːn
boš	bo˥˩ːʃ
božanski	bɔʒa˥˩ːnski
božanstvo	bɔʒa˥˩ːnstʋɔ
božati	bo˥˩ːʒati
božič	boʒitʃ
božič	bo˩˥ːʒitʃ
božji	bo˥˩ʒi˥˧
božur	bɔʒu˥˩ːr
božur	bɔʒu˩˥ːr
brada	bra˩˥ːda
bradat	brada˥˩t
bradatejši	brada˩˥ːtɛjʃi
bradavica	bradaʋi˩˥ːtsa
brala	braaːlˈa
bralnik	bra˥˩ːlnik
bran	bra˥˩ːn
brana	bra˩˥ːna
branik	brani˩˥ːk
branit'	branit
braniti	brani˥˩ːti
braniti	brani˩˥ːti
braniti	bra˩˥ːniti
branjarija	branjaria
brat	bra˥˩t
brate	bratɨ
brati	bra˩˥ːti
bratom	bratɔm
bratranec	bratraːnɛts
bratranec	bratra˥˩ːnəts
bratranec	bra˩˥ːtranəts
brazda	bra˩˥ːzda
brazgotina	brazgɔti˩˥ːna
brazilija	brazi˩˥ːlija
brazilski	brazi˥˩ːlski
brca	bə˥˩rtsa
brcniti	bə˩˥rtsniti
brdavs	bərda˥˩ːʋs
breg	bre˥˩ːk
breg	brɛk
brenčič	brɛntsitʃ
breskev	bre˥˩ːskəʋ
brest	bre˥˩ːst
brest	bre˩˥ːst
brest	brɛ́st
bresti	brɛ̀ːsti
bretanja	brɛta˩˥ːnja
bretonec	brɛto˥˩ːnəts
bretonka	brɛto˥˩ːnka
bretonski	brɛto˥˩ːnski
bretonsko	brɛto˥˩ːnskɔ
bretonščina	brɛto˥˩ːnʃtʃina
brez	brɛs
breza	bre˩˥ːza
brezno	brɛznɔ
brezoseben	brɛzɔse˥˩ːbən
brezplačna	brɛsplatʃna
brezčustven	brɛstʃu˥˩ːstʋɛn
brečko	brɛtʃkɔ
briga	bri˥˩ːga
brihten	briftɛn
brihtnejši	bri˩˥ːxtnɛjʃi
brin	brim
brin	bri˥˩n
brisati	brisate
brisača	brisa˩˥ːtʃa
britanija	brita˩˥ːnija
britanski	brita˥˩ːnski
briti	bri˩˥ːti
britof	bri˥˩ːtɔf
brivec	bri˥˩ːʋəts
brivec	privɛts
brizg	brisk
brizgalnica	brizga˥˩ːljnitsa
brkan	brkai̯n
brke	bɔrke
brkljati	brɔkljati
brlog	brlɔk
brlog	bərlo˥˩k
brod	bro˥˩ːt
broditi	bruditi
brodnik	brodnik
brodolom	grɔdɔlɔm
brodolomec	brodɔlɔmɛts
brom	bro˥˩m
brom	bro˥˩ːm
brom	brɔm
bron	bron
bron	bro˥˩n
brskati	bə˥˩rskati
brsteti	brstɛtɪ
bruc	bru˥˩ːts
bruhanje	bruxanʲe
bruhniti	bruxnʲitɨ
bruno	bruna
brus	bɾˈus
bruselj	bru˩˥ːsəl
brusnica	bru˥˩ːsnitsa
bruto	bruto
bruto	bru˥˩ːtɔ
brv	bə˥˩rʋ
brzda	brtsda
brzina	borzina
brána	brana
bršljan	brˈʃljan
bršljan	bərʃlja˥˩ːn
brž	brʃ
bržkone	brʃkɔnɛ
buba	bupa
buda	bu˥˩ːda
budala	buda˩˥ːla
budalo	buda˩˥ːlɔ
buden	budan
buden	bu˩˥ːdən
budilka	budɪlka
budimpešta	bu˥˩ːdimpɛʃta
buditi	buditˈe
budizem	buˈdizɑm
budnejši	bu˩˥ːdnɛjʃi
bujen	bujan
bukarešta	bukare˥˩ːʃta
bukev	bu˥˩ːkəʋ
bukselj	bu˩˥ːksəl
bukva	bu˥˩ːkʋa
bukve	bukvɛ
bula	vula
buldog	bu˥˩ːldɔk
bunda	bu˥˩ːnda
burek	bu˥˩ːrɛk
buren	buran
burja	bu˥˩rja
burja	urja
butan	buta˥˩ːn
butara	bu˩˥ːtara
butec	budotsʲ
buteljka	bute˥˩ːlka
buča	bu˩˥ːtʃa
bučati	butʃate
bučen	butʃan
bôjler	bɔjlɛr
c	ts
c	tse˥˩ː
c	tse˩˥ː
c	tsə˥˩
car	tsa˥˩ːr
car	tsa˩˥ːr
carica	tsari˩˥ːtsa
carica	tsaɾitsa
carski	tsorski
cediti	tsɛdiːti
ceh	tse˥˩ːx
cehi	tsɛjxʲi
cekin	tsɛki˥˩ːn
cel	tse˥˩ːʋ
celina	tsɛli˩˥ːna
celiti	tsiːliti
celo	tsɛlo˥˩ː
celota	tsɛlo˩˥ːta
cena	tse˩˥ːna
cenitev	tsɛnitew
cent	tsent
center	tsˈɛntɔr
centrov	tsentrɔ
centru	tsentro
cenzura	tsɛnzu˥˩ːra
cepec	tsipɛts
cerij	tsɛ̀ːrij
cerkev	tse˩˥ːrkəʋ
cerknica	tsirknitsa
cerkve	tsɛrkvɛ
cesar	tsɛ̀ːsar
cesarica	tsɛsari˩˥ːtsa
cesarica	tsɛsɑritsa
cesta	tse˩˥ːsta
cev	tse˥˩ːʋ
cezij	tse˩˥ːzij
cigara	tsiga˥˩ːra
cigara	tsiga˩˥ːra
cigareta	tsigareta
cigareta	tsigare˥˩ːta
cigarete	tsigareta
cigareto	tsigareto
ciklon	tsiklo˥˩ːn
cilj	tsi˥˩ːl
cimet	tsi˥˩ːmɛt
cimet	tsi˩˥ːmɛt
cink	tsi˥˩ːnk
cipelj	tsipˈel
ciper	tsi˩˥ːpər
cirilica	tsiri˥˩ːlitsa
cirkonij	tsirko˩˥ːnij
citre	tsi˥˩ːtrɛ
cokla	tso˥˩ːkla
cona	tsona
cona	tso˥˩ːna
copatar	tsopatar
crkljati	tsərklja˩˥ːti
cula	tsu˩˥ːla
cvek	tsʋɛ́k
cvesti	tsʋəsti˥˩
cvesti	tsʋə˩˥sti
cvesti	tsʋɛ̀ːsti
cvet	tsʋe˥˩ːt
cvetačo	tsʋɛtɐtʃɔ
cveten	tsʋe˥˩ːtən
cvetje	tsʋe˩˥ːtjɛ
cvetličarna	tsɛtlʲitʃarna
cviliti	tsʋi˩˥ːliti
cvreti	tsʋre˩˥ːti
cvrček	tsʋə˥˩rtʃək
d	d
d	də
d	dɯ̞
da	dˈa
dajalec	daja˥˩ːləts
dajalnik	dajaldik
dajalnik	daja˥˩ːlnik
dajati	daja˩˥ːti
dajati	daːjati
dajem	daɛm
dajmo	dajmɔ
dajo	dajo
dajta	daita
dalek	da˥˩ːlɛk
daleč	da˩˥ːlɛtʃ
dalija	da˩˥ːlija
dalj	da˥˩l
daljni	dalni
daljšati	da˥˩ːlʃati
daljši	da˥˩ːlʃi
dama	da˩˥ːma
dami	da˥˩mɨ
damijan	damjan
damjak	da˥˩ːmjak
damo	damo
dan	da˥˩ːn
dan	da˩˥ːn
dandanes	da˥˩ːnda˩˥ːnəs
danec	da˥˩ːnəts
danes	da˩˥ːnəs
danka	da˥˩ːnka
danska	da˥˩ːnska
danska	dˈɑnska
danski	da˥˩ːnski
dansko	da˥˩ːnskɔ
danščina	da˥˩ːnʃtʃina
danščina	tanʃtʃɪna
dar	da˥˩ːr
darilo	darilo
darilo	dari˩˥ːlɔ
darovati	darɔʋa˩˥ːti
darovi	arɔʋi
date	date
datelj	datɛl
dativ	da˥˩ːtiʋ
datum	da˥˩ːtum
dava	dava
david	davit
davno	daʊ̯nɔ
davčen	taɫtʃɛn
davčna	taɫtʃna
daš	dˈaʃ
debel	dɛ̀ːbɛʋ
debelejši	dɛbɛlɛ́ːjʃi
deber	de˥˩ːbər
deber	de˩˥ːbər
deber	dəbə˥˩r
deblo	dɛ̀ːblɔ
deblo	tɛblo
december	dɛtsɛ̀ːmbər
ded	de˥˩ːt
dediščina	de˥˩ːdiʃtʃna
dedovati	de˥˩ːdɔʋati
dedovati	de˩˥ːdɔʋati
dedovati	dɛdɔʋa˩˥ːti
dedukcija	dɛduktsia
definicija	dɛfinitsia
dejan	dɛjɛn
dejanje	dɛja˥˩ːnjɛ
dejati	dɛja˩˥ːti
dejaven	dɛja˥˩ːʋən
dejaven	dɛja˩˥ːʋən
dejavnejši	dɛja˥˩ːʋnɛjʃi
dejavnejši	dɛja˩˥ːʋnɛjʃi
dejavnost	dɛja˥˩ːʋnɔst
dejavnost	dɛja˩˥ːʋnɔst
dekani	dakani
dekle	dɛklɛ́
deklet	bˈɛklət
dekleti	dekliti
dekodirnik	dɛkɔdˈirnik
del	de˥˩ːl
del	de˩˥ːl
del	de˩˥ːʋ
del	dˈeːl
delati	de˩˥ːlati
delavec	de˩˥ːlaʋəts
delci	deltse
delec	dɛlˈetsˈ
deležnik	dɛle˥˩ːʒnik
delfin	dɛlfi˥˩ːn
delirant	dɛliɾant
delo	delo
delo	de˩˥ːlɔ
delom	d̪elõm
deloma	d̪eloma
deltoid	dɛlˈtˈuitˈ
demiurg	dɛmiju˥˩ːrk
demografija	dɛmɔgrafi˥˩ːja
demokracija	dɛmɔkratsia
demokracija	dɛmɔkratsi˥˩ːja
denar	dɛna˩˥ːr
denarnica	dɛna˥˩ːrnitsa
denarnico	dɛnarnɛˈtsɔ
depo	dɛpɔ
depresija	dɛprɛsi˥˩ːja
desen	dˈesˈtˈɛn
deset	dɛse˥˩ːt
deset	dɛsˈt
desetarka	dɛsɛta˩˥ːrka
deseti	desete
desetletje	dɛsɛtle˥˩ːtjɛ
desetnica	dɛse˥˩ːtnitsa
deska	dəska˥˩
deska	də˩˥ska
desna	vˈesnˈa
desno	de̞sno
despot	dɛspɔːt
detel	de˩˥ːtəl
deti	de˩˥ːti
deva	de˥˩ːʋa
deverbativen	dɛʋɛrbati˥˩ːʋən
devet	dɛʋe˥˩ːt
devet	tˈɛvɛt
deveta	dɛvɛta
devetdeset	dɛʋe˥˩ːddɛsɛt
devetnajst	dɛvɛtnajst
devetnajst	dɛʋe˥˩ːtnajst
devetnajst	dɛʋɛtna˩˥ːjst
devica	dɛvitsa
devica	dɛʋi˩˥ːtsa
deček	de˥˩ːtʃək
dež	də˥˩ʃ
dežela	dɛʒɛ̀ːla
dežela	d̪eʒela
deževati	dəʒɛʋa˩˥ːti
dežnik	dəʒni˩˥ːk
dežnik	dˈɛʒnˈik
dežuje	dɛʒuja
diamant	diamˈant
diamanten	diama˥˩ːntən
dieta	dijeta
difrakcija	difraktsia
diha	dɪxa
dihali	djˈxali
dihanje	dixanɛ
dihati	di˩˥ːxati
dihur	dixuɾ
dihur	dixu˥˩ːr
dihur	dixu˩˥ːr
dijak	dija˩˥ːk
dijak	tjak
dim	di˥˩m
dimlje	di˥˩ːmljɛ
dimlje	di˩˥ːmljɛ
dimnik	di˥˩ːmnik
dinastija	dinasti˥˩ːja
dinozaver	dinɔza˩˥ːʋər
dir	d̪eːr
direktor	direktor
dirigent	dirigɛ́nt
dirka	di˥˩ːrka
diskriminacija	diskrimina˩˥ːtsija
disprozij	dispro˩˥ːzij
diti	di˩˥ːti
divača	tivaˈtʃa
divizija	diʋizi˥˩ːja
divjak	di˩˥ːʋjak
divji	di˩˥ːʋji
dišava	diʃava
dlaka	dla˩˥ːka
dlaka	dʒlaka
dlan	dla˥˩ːn
dlani	dlanˈe
dleto	dle˩˥ːtɔ
dnevnik	dne˥˩ːʋnik
dni	dˈini
dninar	dni˥˩ːnar
dno	dno˥˩
do	dɔ
dob	do˥˩ːp
doba	do˩˥ːba
doba	dɔba
dobavnica	dɔbau̯nitsa
dober	do˩˥ːbər
dober	dɔbar
doberlet	dˈɔbrlɛt
dobite	dɔbitɛ
dobiti	dɔbiti
dobiti	dɔbi˥˩ːti
dobiti	dɔbi˩˥ːti
dobrava	dɔbra˥˩ːʋa
dobrih	dɔbrʲix
dobro	do˩˥ːbrɔ
dobrodošel	dɔbrɔdo˩˥ːʃəʋ
dobrodošla	dɔbrɔda˥˩ʃla
dobrodošli	dɔbrado˥˩ːʃlʲi˥˩ː
dogajajo	to˥˩ːga˥˩jajo˥˩ː
dogajati	dɔga˥˩ːjati
dogajati	dɔga˩˥ːjati
dogodek	dɔgo˥˩ːdək
dogodivščina	do˥˩ːgo˥˩ːdiu˩˥ːʃtʃina
dogodivščinami	do˥˩ːgo˥˩ːdiuʃtʃi˥˩ːna˥˩ːmi˥˩ː
dogovor	dɔgo˥˩ːʋɔr
dohtar	doxtar
dojenček	dɔjɛ̀ːntʃək
dojilja	dɔji˩˥ːlja
dojka	dojka
dokaj	dokaj
dokazati	dɔkaːzati
dokazi	dokazi
dokaži	doka˥˩ːʒi˩˥ː
dokler	doklər
dokler	do˥˩klɛr
dokler	do˥˩ːklɛr
dokler	dɔklɛ́r
dokument	dɔkwment
dokumente	dɔkumɛntɛ
dol	do˥˩ːʋ
dol	do˩˥ːl
dol	gɔl
dolar	dɔlar
dolg	do˥˩ːʋk
dolg	dɔlk
dolgo	dɔu̯gɔ
dolgovaloven	dɔʋgɔʋalo˥˩ːʋən
dolgočasen	dɔʋgɔtʃa˩˥ːsən
dolgočasnejši	dɔlgɔtʃa˩˥ːsnɛjʃi
dolgočasno	do˥˩ːgo˥˩ːtʃasno˥˩ː
dolgčas	dɔugtʃas
dolina	dɔli˩˥ːna
določene	do˥˩ːlo˥˩ːtʃanɛ
dolžan	dou̯ʒan
dolžina	dɔuʒina
dom	do˥˩ːm
doma	doma
doma	dɔma˥˩ː
domače	dɔmatʃɛ
domačija	dɔmatʃia
domačije	dɔmatɕjɛ
domačin	dɔmatʃim
domišljija	dɔmiʃlji˥˩ːja
domoljub	dɔmɔlju˥˩ːp
domov	dɔmo˥˩ːʋ
domov	dɔmo˩˥ːʋ
domov	dɔmɔw
domovina	dɔmɔʋi˩˥ːna
donava	do˥˩ːnaʋa
dopis	dopis
dopoldan	dɔpo˥˩ːʋdan
dosežek	dɔseˈʒak
dostopa	dɔstɔˈpa
dotacija	dɔtatsia
dotakniti	dɔtakni˥˩ːti
dotakniti	dɔtakni˩˥ːti
dotakniti	dɔta˩˥ːkniti
dovolj	dɔʋo˥˩l
dovoljenje	dɔʋɔljɛ̀ːnjɛ
dovršen	dɔʋə˥˩rʃən
dovtip	dɔʋti˥˩ːp
dočakat'	tɔtʃakat
dočakat’	dɔtʃa˥˩ːkat
doživeti	dɔʒiʋe˩˥ːti
drag	drak
drag	dra˥˩ːk
drago	drago
drago	dra˥˩ːgɔ
dragulj	draguɫj
dragulj	dragu˥˩ːl
dragulj	dragu˩˥ːl
dramaturg	dramaturɨk
dramaturgija	dramaturgia
drava	drava
dražji	dra˥˩ːʒji
drek	drɛ́k
dremati	drɛmatɛ
dren	drɛ́n
dreti	dre˩˥ːti
drevesa	drɛʋɛsɑ
drevesno	drɛʋɛsno
drevo	drɛvɔ
drevo	drɛʋo˥˩ː
drkaj	də˥˩rkaj
drkajo	də˥˩rkajɔ
drkajte	də˥˩rkajtɛ
drkajva	də˥˩rkajʋa
drkamo	də˥˩rkamɔ
drkanje	də˥˩rkanjɛ
drkata	də˥˩rkata
drkate	də˥˩rkatɛ
drkati	də˥˩rkati
drkava	də˥˩rkaʋa
drkaš	də˥˩rkaʃ
drl	dʊru
drnovšek	drnɔuʃɛk
droben	dro˩˥ːbən
drobnič	drɔbɲitʃ
drobnjak	drɔbnja˩˥ːk
drog	dro˥˩ːk
droga	druga
dromedar	drɔmɛda˩˥ːr
dromlja	dro˥˩ːmlja
drozd	dro˥˩ːst
drozg	dro˥˩ːsk
drsati	tarsati
drseti	dərse˩˥ːti
drsi	ðərsˈi
drug	druk
drug	dru˥˩ːk
drugače	drukakɛ
drugačna	drugatʃnɛ
drugega	drugɛgɔ
drugi	dru˥˩ːgi
drugi	dru˩˥ːgi
drugje	drugje
drugoten	drugo˩˥ːtən
družba	dru˥˩ːʒba
družbe	dru˩ʒbɛ
družbene	druːʒbɛnɛ
družbenih	drˈuʒbɛnˈiːx
družbenik	druːʒbɛnig
družbi	druːʒbi
družina	druʒi˩˥ːna
družino	druʒinɔ
družinski	druʒʲimɨskʲi
drva	dərʋa˥˩
držaj	dˈɛrˈʒaj
držati	drʒate
država	dərʒa˥˩ːʋa
državljan	dərʒaʋlja˥˩ːn
dualizem	dualizm
dubnij	dubni
ducat	du˥˩ːtsat
ducat	du˩˥ːtsat
duda	du˥˩ːda
duda	du˩˥ːda
dude	du˥˩ːdɛ
dude	du˩˥ːdɛ
duh	du˥˩ːx
duh	dˈux
duhovi	duxɔʋi
duhovičiti	duxɔʋʲitʃːɪtʲi
dunaj	dunaɪ
dunaj	du˩˥ːnaj
dunajski	du˩˥ːnajski
duplicirati	duplitsiratɪ
dur	dˈuɾ
duša	du˩˥ːʃa
dušik	duʃi˥˩ːk
dušik	duˈʃiˈk
dva	dvˈa
dva	dʋa˥˩ː
dvajset	dvajsɛt
dvajset	dʋa˥˩ːjsɛt
dvakrat	dvakraʲt
dvanajst	dʋana˩˥ːjst
dvanajst	dʋa˥˩ːnajst
dvd	dvd
dve	dvˈe
dve	dʋe˥˩ː
dveh	dvʲex
dvigne	dvignˈe
dvigniti	dʋi˩˥ːgniti
dvigniti	dˈvigniti
dvoboj	dvɔbɔj
dvojka	dʋo˥˩ːjka
dvojna	duɔjna
dvojnost	dvɔjnɔst
dvojček	dʋo˥˩ːjtʃək
dvojček	dʋo˩˥ːjtʃək
dvolomnost	dvɔlɔmnɔst
dvom	dʋo˥˩m
dvom	dʋo˥˩ːm
dvomiti	dʋo˥˩ːmiti
dvomiti	dʋo˩˥ːmiti
dvomiti	dʋɔmi˥˩ːti
dvomiti	dʋɔmi˩˥ːti
dvovidski	dʋo˥˩ːʋi˥˩ːtski
dvoživka	dʋɔʒi˥˩ːʋka
dz	de˥˩ːze˩˥
dz	de˥˩ːze˩˥ː
dz	de˩˥ːze˩˥
dz	dz
dz	dze˥˩ː
dz	dze˩˥ː
dz	dzə˥˩
dz	də˥˩zə˥˩
dójmiti	do˩˥ːjmiti
dójnica	dojnitsa
dž	də˥˩ʃ
dž	dʒ
dž	dʒe˥˩ː
dž	dʒe˩˥ː
dž	dʒə˥˩
džamija	dʒa˩˥ːmija
džentelmen	dʒentəlmən
džez	dʒe˥˩ːs
džihad	dʒixa˥˩ːt
džihad	dʒi˥˩ːxat
džungla	dʒu˥˩ːngla
džungla	dʒˈʊngla
e	e
e	e˥˩ː
e	e˩˥ː
e	lɪ
e	ə˥˩
e	ə˩˥
e	ɛ
e	ɛ̀ː
e	ɛ́
eden	ɛ̀ːdən
edinost	edinost
ednina	ednina
ednina	ɛdni˩˥ːna
edvard	e˥˩ːdʋart
egipt	ɛgi˥˩ːpt
ehe	ˈaxe
ejakulacija	ɛjakula˩˥ːtsija
ekipi	ekipi
ekonomija	ɛkɔnɔmi˥˩ːja
ekonomist	ɛkɔnɔmi˥˩ːst
ekonomska	ɛkoˈnɔmska
ekosistem	e˥˩ːkɔsiste˥˩ːm
eksperiment	ɛkspeɾimɛnt
ekstirpirati	ɛkstɪrpʲirati
ekstrakcije	ɛkstraktsie
elektrarne	elektrarne
električen	ɛlɛktritʃɔn
električnega	ɛliktritʃnɛga
elektromagnetski	ɛle˥˩ːktrɔmagne˥˩ːtski
elektron	elektron
elektron	ɛle˥˩ːktrɔn
elektron	ɛlɛktro˩˥ːn
elektronski	elektronski
elipsa	ɛɬipsa
ema	tema
embalaža	embalaza
emigracija	ɛmigra˩˥ːtsija
en	ɛn
en	ɛ́n
ena	ɛ̀ːna
enaindvajset	ɛ̀ːnaindʋa˥˩ːjsɛt
enaindvajset	ɛ́ːnaindʋa˥˩ːjsɛt
enajst	ənˈajst
enajst	ɛna˩˥ːjst
enak	ənˈak
enaka	enaka
enako	enako
enakonočje	ɛnakɔno˥˩ːtʃjɛ
enakost	ɛnaːkɔst
enačaj	ɛnatʃa˥˩ːj
enačba	ɛnadʒba
enačba	ɛna˥˩ːdʒba
enačbe	enadʒbe
enega	eneɣa
energija	ɛnɛrgi˥˩ːja
energije	energˈie
enkrat	ɛnkra˥˩t
enkrat	ɛ̀ːnkrat
enostavni	ɛnɔstauˈni
enota	eˈnata
enota	ɛno˩˥ːta
entomologija	ɛntɔmɔlɔgi˥˩ːja
eon	ˈeɪoːn
epicenter	ɛpitse˥˩ːntər
epicenter	ɛpitse˩˥ːntər
epicenter	ɛpitsɛ̀ːntər
epicenter	ɛpitsɛ́ːntər
epir	ɛpi˥˩ːr
epistemologija	ɛpistɛmɔlɔgi˩˥ːja
epitel	epitell
era	era
erazem	ɛrazam
erbij	ɛ̀ːrbij
erekcija	ɛre˩˥ːktsija
erik	ɛ́ːrik
eritreja	ɛritrɛ́ːja
erotičen	ɛro˩˥ːtitʃən
erotičen	ɛrɔtikɛn
eržen	ɛrʒe˥˩ːn
esej	ɛsɛ́ːj
estetika	estɛtɪka
estonec	ɛsto˥˩ːnəts
estonija	ɛsto˩˥ːnija
estonka	ɛsto˥˩ːnka
estonski	ɛsto˥˩ːnski
estonsko	ɛsto˥˩ːnskɔ
estonščina	ɛsto˥˩ːnʃtʃina
estuarij	ɛstua˩˥ːrij
etika	etika
etimologija	ɛtimɔlɔgi˥˩ːja
etiopija	ɛtijo˩˥ːpija
eto	e˥˩ːtɔ
eto	ɛ́tɔ
evo	e˥˩ːʋɔ
evo	ɛ́ʋɔ
evro	ɛʋrɔ
evrokrem	ˈɛurɔkˈrɛm
evropa	ɛʋro˥˩ːpa
evropij	ɛʋro˩˥ːpij
evropski	ɛurɔpski
f	f
f	fə
f	fɯˈ
fagot	fagot
fagot	fago˥˩ːt
faks	fˈaks
faksimile	faksimile
faktor	faktor
fakulteta	fakulte˥˩ːta
falzet	falze˥˩ːt
fanatičen	fanatitʃɔn
fanfara	fˈˈanfˈarˈa
fant	fa˥˩nt
fantje	fantja
fantu	fanto
farmacija	farmatsia
farmakopeja	farmakopɛja
farmar	farmɑr
fasada	fasadɐ
fazan	faza˥˩ːn
fazan	fˈɑzˈan
fašizem	faʃi˥˩ːzɛm
fašizem	faʃi˩˥ːzɛm
februar	fe˥˩ːbruar
federacija	fɛdɛratsɪja
federacija	fɛdɛra˩˥ːtsija
felicijan	fɛlitsija˥˩ːn
feminizem	fɛmini˥˩ːzɛm
feminizem	fɛmini˩˥ːzɛm
feniks	fe˥˩ːniks
fenomen	fɛnɔmɛn
fenotip	fɛnoˈtip
fermij	fɛrmi
fermij	fɛ̀ːrmij
festival	fɛstival
fevd	fɛɫt
fiesa	fjɛsa
figa	fi˩˥ːga
figa	fˈiga
filatelija	filatelia
file	file˥˩ː
filipini	filipi˥˩ːni
filme	fˈilmə
filozof	filɔzo˥˩ːf
filter	fjltɛr
filtrirati	filtriraˈti
fin	fi˥˩ːn
fin	fˈil
finale	fĩnale
finančen	fˈiːnanːtʃən
finec	fi˥˩ːnəts
finec	fˈiːnəts
finka	fi˥˩ːnka
fino	fino
finska	fi˥˩ːnska
finski	fi˥˩ːnski
finsko	fi˥˩ːnskɔ
finščina	fi˥˩ːnʃtʃina
fizika	fi˩˥ːzika
fizikalen	fizikalem
fižol	fiʒo˥˩ʋ
flancata	flantsˈɛtˈa
flavta	flaʊta
flavta	fla˥˩ːʋta
flegmatičen	flɛgmatɪtʃɛn
flirt	flˈɪrt
flirtati	flirtate
flota	flɔta
fluor	flu˥˩ːɔr
format	fɔrmɑːt
fosfor	fo˥˩ːsfɔr
fosfor	fɔsfɔr
fosil	fosˈil
fotoefekt	fɔtɔɛfɛkt
fotografija	fɔtɔgrafi˥˩ːja
frajer	frajeɾ
franc	fra˥˩nts
franc	fˈɾˈants
francij	frantsi
francij	fra˩˥ːntsij
francija	frantsja
francija	fra˩˥ːntsija
francoski	frantso˥˩ːski
francosko	frantso˥˩ːskɔ
francoz	frantso˥˩ːs
francozinja	frantso˥˩ːzinja
francoščina	frantso˥˩ːʃtʃina
frankiran	francˈirˈan
fraza	frasa
frekvenca	frɛkʋe˥˩ːntsa
friz	fri˥˩ːs
frizura	frˈiːzura
frizuro	frizˈuːrˌɑ
frkolin	frkolin
frnikola	fɛrˈnikɔla
fronta	frˈonta
fukajoč	fukajo˥˩ːtʃ
fukajoč	fukajo˩˥ːtʃ
fukati	fu˥˩ːkati
funkcionirati	funktsionirati
funt	funt̪
funtov	funtɔ
fuzija	fuzia
fužina	fuʒˈinˈ
g	g
g	gə
gaber	gabr
gaberje	gabɛɾjɛ
gabez	ga˥˩ːbɛs
gadolinij	gadɔlini
gadolinij	gadɔli˩˥ːnij
gagati	gagate
galanten	galantan
galeb	gale˥˩ːp
galeb	gˈaleɪp
galeja	galea
galerija	galeˈria
galicija	gali˩˥ːtsija
galij	ga˩˥ːlij
galij	gˈaɪli
gamaše	gamaʃa
gambija	ga˩˥ːmbija
gams	ga˥˩ms
gams	ga˩˥ːms
gana	ga˥˩ːna
ganjenost	ganienɔst
garancija	garantsia
garanje	garanːja
garaža	garˈɑʒa
garda	gardɑ
garderoba	garderoba
garjav	garjau
gasa	ga˥˩ːsa
gasilec	gassilets
gaz	gas
gaziti	ga˩˥ːziti
gašenje	gaʃɛnʲːɛ
gašper	ga˥˩ʃbɛr
gejzir	gɛjzi˥˩ːr
gejzir	gɛjzi˩˥ːr
gen	gen
generacija	generatsia
generacija	gɛnɛra˩˥ːtsija
general	general
generala	generala
generalka	gˌeneralka
genetika	gẽn̪et̪ika
genialen	ge˩˥ːnja˥˩lɛn
genij	geni
genij	ge˩˥ːnij
genitiv	ge˥˩ːnitiʋ
genocid	gɛnɔtsi˥˩ːt
geodet	gɛldɛt
geodezija	gɛɔdɛzi˥˩ːja
geofizika	ɠɛɔfizika
geografija	gɛɔgrafi˥˩ːja
geologija	gɛɔlɔgi˥˩ːja
gepard	ge˥˩ːpart
germanij	gɛrma˩˥ːnij
geslo	gɛ̀ːslɔ
gibanje	gi˩˥ːbanjɛ
gimnazija	gimna˩˥ːzija
ginekologija	ginɛkɔlɔgi˥˩ːja
glad	gla˥˩ːt
gladek	glˈadk
gladilka	gladi˥˩ːlka
glagol	glagɔl
glagol	gla˩˥ːgɔl
glagolica	glago˥˩ːlitsa
glagolnik	gla˩˥ːgɔlnik
glagolski	gla˩˥ːgɔlski
glas	gla˥˩ːs
glasba	gla˥˩ːzba
glasbe	glasbẽ
glasben	gla˥˩ːzbɛn
glasbeni	glasbəini
glasbenik	gla˥˩ːzbɛnik
glasbilo	glasbilo
glasen	gla˩˥ːsən
glasen	glˈasən
glasnejši	glasnɛ́ːjʃi
glasnik	glasnˈiːk
glasoslovje	glasɔslo˥˩ːʋjɛ
glava	glava
glava	gla˩˥ːʋa
glaven	gla˥˩ːʋən
glaven	gla˩˥ːʋən
glavni	glau̯ni
glavnik	glaʋni˩˥ːk
glavonožec	glaʋɔno˥˩ːʒɛts
glazba	gla˥˩ːzba
gledali	glʲeˈdɑlʲi
gledališče	glɛdali˩˥ːʃtʃɛ
gledat	glˈeːdat
gledate	glʲeˈdate
gledati	gle˩˥ːdati
gleženj	gle˩˥ːʒən
glina	gli˩˥ːna
glivice	glˈivitse
globlji	glo˥˩ːblji
globok	glɔbo˥˩k
globok	glʊbɔk
glodalec	glɔda˥˩ːləts
glog	glo˥˩k
glog	glo˥˩ːk
gluh	glu˥˩ːx
gluh	glˈuːx
glup	glu˥˩ːp
glušji	glu˥˩ːʃji
gnati	gna˩˥ːti
gnesti	gnɛ̀ːsti
gnezdo	gne˩˥ːzdɔ
gnezdom	gnɛzdom
gnil	gni˥˩ːʋ
gniti	gni˩˥ːti
gnoj	gno˥˩ːj
gnosticizem	gnɔstitsi˩˥ːzəm
gnostičen	gno˩˥ːstitʃən
goba	go˩˥ːba
gobec	gɔbɛts
god	go˥˩ːt
god	gˈod
godba	godba
godba	go˥˩ːdba
gol	go˥˩ʋ
gol	go˥˩ːl
gol	go˥˩ːʋ
golibar	gɔli˥˩ːbar
goljuf	gʊlˈjuf
golobica	gɔlɔbi˩˥ːtsa
golobrad	gɔlɔbra˥˩t
golobrad	gɔlɔbra˥˩ːt
golt	go˥˩ːʋt
gonoreja	gɔnɔrɛ́ːja
gor	go˩˥ːr
gor	gɔr
gora	go˩˥ːra
gora	kora
gore	gɔre
gorek	go˩˥ːrək
gorek	go˩˥ːrɛk
gorica	gɔritsa
gorica	gɔri˩˥ːtsa
gorivo	gɔri˩˥ːʋɔ
goriška	kɔriʃka
gorišnica	gɔriʃnitsa
gorjansko	gɔrˈjanskɔ
gorovje	gɔrɔu̯jɛ
gorčica	gortʃitsa
gorčica	go˥˩ːrtʃitsa
gos	gos
gos	go˥˩ːs
gosar	gɔsa˩˥ːr
gosenica	gose˥˩ːnitsa
gosenica	gɔse˥˩ːnitsa
goska	gɔska
gospa	gɔspa˩˥ː
gospod	gɔspo˥˩ːt
gospodar	gɔspɔdar
gospodar	gɔspɔda˩˥ːr
gospodarske	gɔspɔdaːrskɛ
gospodarsko	gɔspɔdaːrskɔ
gospodinjski	gɔspɔdinski
gospodična	gɔspɔdi˥˩ːtʃna
gost	go˥˩st
gost	go˥˩ːst
gosti	go˩˥ːsti
gostilna	gɔstiɫna
gostilna	gɔsti˥˩ːlna
gostitelj	gɔsti˥˩ːtɛl
gostišče	gɔstiʃtʃɛ
gotovina	gɔtɔvina
govedina	gɔʋe˥˩ːdina
govedo	gɔʋe˥˩ːdɔ
govno	go˩˥ːʋnɔ
govor	go˥˩ːʋɔr
govorec	gɔʋo˥˩ːrəts
govoriti	gɔʋɔri˥˩ːti
govoriti	gɔʋɔri˩˥ːti
gozd	go˥˩ːst
gozdar	gɔzda˩˥ːr
gozdarstvo	gɔzda˥˩ːrstʋɔ
gozden	go˥˩ːzdən
gozden	go˩˥ːzdən
gozdu	goːzdu
grabim	graːbim
grabiti	graːbiti
grablje	grablʲe
grablje	gra˩˥ːbljɛ
grad	gra˥˩ːt
gradben	graːdbɛn
gradbišče	gratbiʃtʃe
gradec	gra˥˩ːdəts
gradec	grɑdɛts
gradišče	gradiʃtʃe
grah	gra˥˩x
granica	gra˥˩ːnitsa
grant	grand
grapa	gra˩˥ːpa
gravitacija	graʋita˩˥ːtsija
gravitacijski	graʋitatsi˥˩ːjski
grb	gə˥˩rp
grba	gə˩˥rba
grd	gə˥˩rt
grda	gɾda
grdoba	gərdɔba
greben	grɛbe˥˩ːn
grebsti	grɛ̀ːpsti
greg	grɛk
gregor	grɛkɔr
gregorič	gre˩˥ːgɔritʃ
greh	gre˩˥ːx
gremo	grɛmɔ
grenak	grɛna˥˩ːk
grenek	grɛmɛk
grenek	grɛ̀ːnək
grenivka	grɛni˥˩ːʋka
grenlandija	gre˥˩ːnla˥˩ːndija
gres	gɾes
greti	gre˩˥ːti
grešiti	gresçiti
grešiti	grɛʃi˥˩ːti
grešiti	grɛʃi˩˥ːti
grešnik	grɛʃnæk
gripa	gri˩˥ːpa
gristi	gristɪ
gristi	gri˩˥ːsti
griva	gri˩˥ːʋa
griža	gri˥˩ːʒa
grji	gə˥˩rji
grlica	gəɾlitsa
grlica	gə˩˥rlitsa
grlo	gə˩˥rlɔ
grm	gə˥˩rm
grob	gro˥˩p
grobem	grɔbɛm
grof	gro˥˩f
grofica	grɔfi˩˥ːtsa
grofija	grɔfi˥˩ːja
grom	gro˥˩m
grom	grˈɔm
gros	gro˥˩ː
grozdje	gro˩˥ːzdjɛ
grozdje	grɔzdjɛ
groziti	grɔzi˥˩ːti
groziti	grɔzi˩˥ːti
grozljivejši	grɔzlji˩˥ːʋɛjʃi
grozljivka	grɔzlji˥˩ːʋka
grozna	grɔzna
grozno	grɔznɔ
gruden	gru˩˥ːdən
gruzija	gru˥˩ːzija
gruzijski	gru˥˩ːzijski
gruzinski	gruzi˥˩ːnski
grčija	gə˥˩rtʃija
grši	gə˥˩rʃi
grški	gɐrˈʃki
grški	gə˥˩rʃki
grško	gə˥˩rʃkɔ
grščina	gə˥˩rʃtʃina
guba	gu˩˥ːba
gubiti	gubi˥˩ːti
gubiti	gubi˩˥ːti
gumb	gump
gumb	gu˥˩ːmp
gvajana	gʋaja˥˩ːna
gvineja	gʋinɛ́ːja
h	x
h	xɛ
ha	xa˥˩
ha	xa˥˩ː
habakuk	xabaku˥˩ːk
hadron	xadro˥˩ːn
hafnij	xa˩˥ːfnij
haitijski	xai˥˩ːtijski
halucinacija	xalutsina˩˥ːtsija
harfa	xa˥˩ːrfa
harmonika	xarmo˩˥ːnika
hasidizem	xasidi˥˩ːzəm
hašiš	xa˥˩ːʃiʃ
heksagon	xɛksago˥˩ːn
hektoliter	xe˥˩ːktɔli˩˥ːtər
helij	xeli
helij	xe˩˥ːlij
hematologija	xɛmatɔlɔgi˥˩ːja
hemoglobin	xɛmo˥˩glɔbim
heraldika	xɛra˩˥ːldika
herbivor	xɛrbiʋo˥˩ːr
hercegovina	xɛrtsɛgɔʋi˩˥ːna
hermelin	xɛrmɛli˥˩ːn
herodot	xɛro˥˩ːdɔt
heteroseksualnost	xɛtɛrɔsɛksua˥˩ːlnɔst
heziod	xɛzijo˥˩ːt
hidrat	xidra˥˩ːt
hidrolog	xidrɔlo˥˩ːk
hidrologija	xidrɔlɔgi˥˩ːja
hidroplan	xidrɔpla˥˩ːn
hidžra	xi˥˩ːdʒra
higrometer	xigrɔme˥˩ːtɛr
higrometer	xigrɔme˩˥ːtɛr
hijena	xije˥˩ːna
hinavski	xina˥˩ːʋski
hinje	xinˈjɛ
hip	xi˥˩ːp
hipnoza	xipnoza
hipoteza	xipɔtɛzɑ
historičen	xisto˩˥ːritʃən
hiteti	xitete
hitreje	xitrɛ̀ːjɛ
hitrejše	xitrɛ̀ːjʃɛ
hitro	xi˩˥ːtrɔ
hitrost	xitro˥˩ːst
hiša	tʃiʃa
hiša	xi˩˥ːʃa
hišica	tʃiʃitsa
hišico	kʲiʃitsɔ
hiške	ɕiʃkɛ
hišnik	xʲiʃnik
hladen	xla˥˩ːdən
hladilnik	xladi˥˩ːlnik
hladilnik	xlaˈd̪eˈlnik
hladno	xlʲadno
hlače	xla˩˥ːtʃɛ
hleb	xle˥˩ːp
hleb	xlɛ́p
hlev	xle˥˩ːʋ
hlev	xle˩˥ːʋ
hlod	xlˈɔt
hmelj	xme˥˩ːl
hmelj	xmɛ́l
hobotnica	xɔbo˥˩ːtnitsa
hoditi	xɔdi˥˩ːti
hodiš	xɔdiʃ
hodniku	xudnˈiku
holandski	xɔla˥˩ːntski
holm	xo˥˩ːlm
holm	xo˩˥ːlm
holmij	xo˩˥ːlmij
homeopatija	xɔmɛɔpati˥˩ːja
homoseksualec	xɔmɔsɛksua˥˩ːləts
homoseksualen	xɔmɔsɛksua˥˩ːlən
homoseksualnost	xɔmɔsɛksua˥˩ːlnɔst
horvat	xo˥˩ːrʋat
hosta	xo˥˩ːsta
hostnik	xo˥˩ːstnik
hotedršica	xɔtɛ˥ːdarʃitsa
hotel	xɔtɛ̀ːl
hoteti	xɔte˩˥ːti
hočem	ko˥˩ːtʃɛm
hrana	xra˩˥ːna
hrani	xrami
hraniti	xrani˥˩ːti
hraniti	xrani˩˥ːti
hraniti	xra˩˥ːniti
hrano	xraːnɔ
hrastnik	xraːstnik
hrbet	hərbet
hrbet	xərbə˥˩t
hrbet	xə˩˥rbət
hrbtenica	xərptɛni˩˥ːtsa
hrbtišče	xrptiʃtʃe
hren	xrɛ́n
hrepené	xrɛpɛnɪ
hrib	xri˩˥ːp
hriba	xrʲiba
hripav	xri˩˥ːpaʋ
hropsti	xro˩˥ːpsti
hrošč	xro˥˩ʃtʃ
hrošč	xrɔʃtʃ
hrup	xru˥˩ːp
hrup	xup
hrupen	xru˥˩ːpən
hrupen	xru˩˥ːpən
hruška	xru˥˩ːʃka
hruške	xruʂkɛ
hrvaški	xərʋa˥˩ːʃki
hrvaščina	xərʋa˥˩ːʃtʃina
hrček	xə˥˩rtʃək
hud	xu˥˩ːt
hudič	xudi˩˥ːtʃ
huje	xuːjɛ
hujši	xu˥˩ːjʃi
hurija	xu˩˥ːrija
huriska	xuri˥˩ːska
husit	xusi˥˩ːt
hvala	xʋa˩˥ːla
hvaliti	xʋali˥˩ːti
hvaliti	xʋali˩˥ːti
hvaliti	xʋa˩˥ːliti
hvošč	xʋo˥˩ːʃtʃ
hójka	xɔjka
hčer	xtʃtʃɪr
hčerka	xtʂɛrka
hči	xtʃi˥˩ː
i	e
i	i
i	iː
i	i˥˩
i	i˥˩ː
i	i˩˥ː
ideje	ideja
ideologija	idɛɔlɔgi˥˩ːja
idila	idi˥˩ːla
idiom	idiom
idolatrija	idɔlatria
idrija	idria
igla	i˥˩ːgla
iglica	i˥˩ːglitsa
iglokožec	iglɔko˥˩ːʒəts
igo	igo˥˩ː
igra	i˥˩ːgra
igrajmo	igra˥˩imo˥˩ː
igrajo	igrajɔ
igralec	igra˥˩ːləts
igralka	iɣrau̯ka
igralnice	igraˈlnitsɛ
igramo	igrɑːmɔ
igrati	igra˩˥ːti
igrača	igra˩˥ːtʃa
igrišče	igri˩˥ːʃtʃɛ
ihan	ixa˥˩n
ikona	iko˥˩ːna
ilirščina	ilirʃtʃɪna
ilić	iliːtʃ
ima	imˈa
imajo	imajɔ
ime	ime˥˩ː
imeli	imele
imelo	imelo
imen	imem
imenovalnik	imɛnɔʋa˥˩ːlnik
imenovati	imɛnɔʋa˩˥ːti
imenuje	iminuje
imeti	ime˩˥ːti
in	iːn
indij	i˩˥ːndij
indija	i˩˥ːndija
indijec	i˥˩ːndijəts
indijka	i˩˥ːndijka
indijski	i˩˥ːndijski
indonezija	indɔne˩˥ːzija
inflacija	infla˩˥ːtsija
informacij	infɔrmatsi
informatik	infɔrma˩˥ːtik
informatika	informatika
ingver	i˥˩ːngʋɛr
ingver	i˩˥ːngʋɛr
insekt	inse˥˩ːkt
instrumental	instrumɛnta˥˩ːl
instrumental	i˥˩ːnstrumɛntal
instrumentalen	instrumɛnta˥˩ːlən
inteligenca	inteligˈɛntsa
inteligenco	inteligentso
invazija	inʋazi˥˩ːja
inventura	inventura
inštitut	inʃtitu˥˩ːt
inštitut	ˈiʃtitˌut
inženir	ʲinʐɛnʲir
irak	ira˥˩ːk
irec	i˥˩ːrəts
irh	ɪrx
irhovice	irxɔvitsɛ
iridij	iriti
iridij	iri˩˥ːdij
irka	i˥˩ːrka
ironija	irɔni˥˩ːja
irska	i˥˩ːrska
irski	i˥˩ːrski
irsko	i˥˩ːrskɔ
irščina	i˥˩ːrʃtʃina
iskanje	iskanʲe
iskati	iska˩˥ːti
islam	i˥˩ːslam
islandija	isla˩˥ːndija
islandski	isla˥˩ːntski
iste	vistɛ
isti	i˥˩ːsti
istra	i˥˩ːstra
it	pˈit
itak	itˈak
italija	italja
italija	ita˩˥ːlija
italijan	italija˥˩n
italijan	italija˥˩ːn
italijan	italiˈan
italijanka	italija˥˩ːnka
italijanski	italija˥˩ːnski
italijansko	italija˥˩ːnskɔ
italijanščina	italija˥˩ːnʃtʃina
iterbij	itɛ̀ːrbij
iti	it̪
iti	i˥˩ːti
iti	i˩˥ːti
itrij	itri
itrij	i˩˥ːtrij
ivan	i˥˩ːʋan
ivana	ivˈana
iz	is
izberi	isperi
izbira	izbi˥˩ːra
izboljšava	izbɔlʃa˥˩ːʋa
izbrati	izbra˩˥ːti
izdajalec	izdaja˥˩ːləts
izdati	izda˩˥ːti
izginili	isginili
izglagolski	izgla˩˥ːgɔlski
izgledate	izgɫɛˈdate
izgovor	izgɔˈvɔr
izgovoriti	izgɔʋɔri˥˩ːti
izgovoriti	izgɔʋɔri˩˥ːti
izgovorjava	izgɔʋɔrja˥˩ːʋa
izguba	bizguba
izgubiti	izgubi˥˩ːti
izgubiti	izgubi˩˥ːti
izkazati	iskazate
izključiti	isklju˩˥ːtʃiti
izklopiti	isklo˥˩ːpiti
izklopiti	isklo˩˥ːpiti
izklopiti	isklɔpi˥˩ːti
izklopiti	isklɔpi˩˥ːti
izliv	izlʲiu̯
izložba	izlo˥˩ːʒba
izmed	izmæt
izmena	izmɛ́ːna
izmišljal	izmiʃlʲau̯
izmolsti	izmo˩˥ːʋsti
izobraženci	izɔbraʒɛntsj
izola	izola
izpeljanka	ispɛlja˩˥ːnka
izpeljati	ispɛlja˩˥ːti
izpiske	aspiske
izpit	espˈit
izposoditi	ispɔso˩˥ːditi
izposoditi	ispɔsɔdi˥˩ːti
izposoditi	ispɔsɔdi˩˥ːti
izpovedati	ispo˥˩ːʋʲɛdate˥˩ː
izpuščaj	ispuʃtʃa˥˩ːj
izrael	i˥˩ːzraɛl
izraz	izra˥˩s
izraz	izˈras
izredno	izrɛdnɔ
izrek	ɪzrɛk
izsiljevalski	issiljɛʋa˥˩ːlski
izsiljevalski	issiljɛʋa˥˩ːʋski
izum	esum
izuti	izu˩˥ːti
izve	izve
izvedeti	izvɛdɛti
izvijač	izvijatʃ
izvijač	izʋija˩˥ːtʃ
izvir	izʋi˥˩ːr
j	ˈə
ja	ja˥˩ː
ja	ja˩˥ː
jablana	ja˥˩ːblana
jablana	ja˩˥ːblana
jabolka	jabou̯ka
jabolko	ja˩˥ːbɔʋkɔ
jadro	ja˥˩ːdrɔ
jagnje	jaknɛ
jagnje	ja˩˥ːgnjɛ
jagnjec	ja˥˩ːgnjəts
jagnjec	ja˩˥ːgnjəts
jagnjetina	jagnjɛti˩˥ːna
jagnjetina	ja˩˥ːgnjɛtina
jagoda	ja˩˥ːgɔda
jagode	jagodɛ
jahati	ja˥˩ːxati
jahati	ja˩˥ːxati
jajc	jajt
jajce	ja˩˥ːjtsɛ
jajčevec	ja˥˩ːjtʃɛʋəts
jajčevec	ja˩˥ːjtʃɛʋəts
jajčnik	ja˥˩ːjtʃnik
jak	ja˥˩ːk
jakac	ja˥˩ːkats
jakna	aknˈa
jama	ja˩˥ːma
jamajka	jama˥˩ːjka
jamar	ja˥˩ːmar
jamnikar	jamnijkar
jan	jˈan
janez	ja˩˥ːnɛs
janež	ja˩˥ːnɛʃ
jantar	ja˥˩ːntar
jantar	ja˩˥ːntar
januar	ja˥˩ːnuar
janšizem	janʃizɛm
japonska	japonska
japonska	japo˥˩ːnska
jarek	jarek
jarek	ja˥˩ːrək
jarek	ja˩˥ːrək
jarem	ja˩˥ːrəm
jasa	jˈasa
jasen	ja˩˥ːsən
jasli	jˈɑsli
jasna	ja˥˩ːsna
jasnejši	jasnɛ́ːjʃi
jasnejši	ja˩˥ːsnɛjʃi
jasniti	jasni˥˩ːti
jasniti	jasni˩˥ːti
jaspis	ja˥˩ːspis
jaspisen	ja˥˩ːspisən
jastreb	ja˥˩ːstrɛp
javiti	ja˩˥ːʋiti
javno	ˈjaʊnɔ
javor	ja˩˥ːʋɔr
jaz	ja˥˩s
jazbec	ja˥˩ːzbəts
jazbečar	jasbətʃar
je	je
je	je˩˥ː
je	jɛ́
jebati	je˥˩ːbati
jebati	jɛ́ːbati
jebiga	ˈjabiga
jedec	je˥˩ːdəts
jedo	jedo
jedrski	jɛdɐrski
jegulja	jɛgu˩˥ːlja
jej	jˈe
jeklo	jɛ̀ːklɔ
jelen	jɛ̀ːlɛn
jelena	jɛle˥˩ːna
jelka	je˩˥ːlka
jelka	jɛ̀lkɑ
jelša	je˩˥ːʋʃa
jem	zʲem
jemati	jɛma˩˥ːti
jemen	je˩˥ːmən
jemo	zjɛ̀ːmɔ
jereb	jɛre˥˩ːp
jerebica	jɛrɛbi˩˥ːtsa
jeremija	jɛrɛmi˥˩ːja
jerneja	jɛrneja
jeruzalem	jɛru˥˩ːzalɛm
jesen	jɛse˥˩ːn
jesen	jɛ̀sɛn
jesen	jɛ̀ːsɛn
jesensko	jɛsɛnskɔ
jesika	jɛsi˩˥ːka
jesta	jesta
jeste	estɛ
jesti	jeste
jesti	je˩˥ːsti
jeti	je˩˥ːti
jetika	je˩˥ːtika
jetra	je˩˥ːtra
jeva	jɛva
jezen	jezen
jezen	je˩˥ːzən
jezera	jɛzɑra
jezero	je˥˩ːzɛrɔ
jezero	jɛzrɔ
jezeru	je˩˥ːzəruː
jezeršek	jezʲɛrʃʲik
jezik	jɛ̀ːzik
jezika	jasika
jezikoslovec	jɛzikɔslo˥˩ːʋəts
jezikoslovje	jezikɔslɔwjɛ
jezikoslovje	jɛzikɔslo˥˩ːʋjɛ
jezikovni	jezikɔni
jezičen	jeziˈtʃɛn
jeznejši	je˩˥ːznɛjʃi
jezus	je˥˩ːzus
ječmen	jɛ̀ːtʃmɛn
ješ	jˈɛʃ
jež	je˥˩ːʃ
jež	je˩˥ːʃ
ježevec	je˥˩ːʒɛʋəts
ježevec	je˩˥ːʒɛʋəts
jod	jo˥˩ːt
joga	jo˥˩ːga
jogurt	jo˥˩ːgurt
jogurt	jugurt
jokati	jo˩˥ːkati
jordanija	jɔrda˩˥ːnija
jordanski	jɔrda˥˩ːnski
jože	jo˥˩ːʒɛ
jožef	jo˥˩ːʒɛf
judovstvo	ju˩˥ːdɔʋstʋɔ
jug	jak
jug	ju˥˩k
jug	ju˥˩ːk
jugoslavija	jugɔsla˩˥ːʋija
juha	ju˩˥ːxa
julij	julʲi
julij	ju˩˥ːlij
junak	juna˩˥ːk
junij	ju˩˥ːnij
jupiter	ju˥˩ːpitər
jur	ju˩˥ːr
jurij	ju˩˥ːrij
jutri	ju˥˩ːtri
jutro	ju˩˥ːtrɔ
juvan	ju˥˩ːʋan
južen	ju˩˥ːʒən
južina	ju˩˥ːʒina
južnejši	ju˩˥ːʒnɛjʃi
južnoameriški	juʒnɔamɛ́ːriʃki
južnoslovanski	juʒnɔslɔʋa˥˩ːnski
jysk	isk
k	kʰɤ˥˩
kad	ka˥˩t
kad	kɑːd
kadar	ka˥˩dar
kadarkoli	kadarkɔʎi
kadilec	kadiliːts
kadilo	kadi˩˥ːlɔ
kaditi	kadi˥˩ːti
kaditi	kadi˩˥ːti
kaditi	kadzʲitʲi
kadmij	kadmi
kadmij	ka˩˥ːdmij
kai	ai
kaj	kai
kaj	ka˥˩j
kaj	ka˩˥ːj
kajak	ka˥˩ːjak
kajti	kaiti
kako	kako
kako	kako˥˩ː
kako	kako˩˥ː
kakor	kakɔr
kakor	ka˥˩kɔr
kakovost	kako˩˥ːʋɔst
kakovosti	kako˥˩ːʋosti
kakšen	kakʃɑn
kakšen	ka˥˩ːkʃən
kalcij	kaltsi
kalcij	ka˩˥ːltsij
kalifornij	kalifo˩˥ːrnij
kalifornija	kalifo˩˥ːrnija
kalij	kali
kalij	ka˩˥ːlij
kaliti	kali˥˩ːti
kaliti	kali˩˥ːti
kam	kʌm
kamela	kamela
kamela	kame˥˩ːla
kamen	ka˥˩mən
kamen	ka˩˥ːmən
kamenje	kamɛnje
kamera	kamera
kamere	kameɾe
kamerun	ka˥˩ːmɛrun
kamin	kami˥˩ːn
kanada	ka˥˩ːnada
kanal	kana˩˥ːl
kanalizacija	kanalizatsia
kanin	kaˈnim
kanjon	ka˥˩ːnjɔn
kantata	antata
kap	kɑːp
kapati	ka˩˥ːpati
kapela	kapɛ̀ːla
kapetan	kape˥˩ːtan
kapetanka	kape˥˩ːtanka
kapitalist	kapitali˥˩ːst
kapitalizem	kapitalizam
kapitalizem	kapitali˩˥ːzəm
kapitan	kapit̪ɾãn̪
kaplja	ka˩˥ːplja
kapljah	kaplʲax
kapljica	kaplʲitsa
kapo	kapɔ
kapsula	ka˥˩ːpsula
kapučino	kaputʃino
karamela	karame˥˩ːla
karantanija	karantaˈnija
kardinal	kardina˥˩ːl
karel	ka˩˥ːrəl
karniola	karniola
karta	kɑːrta
kartagina	karta˥˩ːgina
karti	kartɛ
kartico	kartitso
karto	xartɔ
kartoteka	kaɾtɔtɛka
kas	kɑs
kasen	kɑːsɛn
kaseto	kaseto
kasnost	kasnɔst
kastelic	kaste˥˩ːlits
katalonija	katalo˩˥ːnija
katalonski	katalo˥˩ːnski
katalonščina	katalo˥˩ːnʃtʃina
katedrala	katɛdra˥˩ːla
kategorialen	katɛgɔrija˥˩ːlən
kategorija	katɛgɔri˥˩ːja
katekizem	katəkizm
katere	katɛɾɛ
kateter	kate˩˥ːtər
kation	katiun
katja	katsja
kava	kava
kava	ka˩˥ːʋa
kavarna	kavarna
kavarna	kaʋa˥˩ːrna
kavboj	kaubɔj
kavka	ka˥˩ːʋka
kavkaz	kaʋka˥˩ːs
kavsati	ka˥˩ːʋsati
kavčič	ka˥˩ːʋtʃitʃ
kavčuk	kau̯tʃuk
kazahstan	ka˥˩ːzaxstan
kazalec	kazalets
kazalec	kaza˥˩ːləts
kazalnik	kasa˥˩lnʲiːk
kazati	kaza˩˥ːti
kazati	ka˩˥ːzati
kazen	ka˥˩ːzən
kazni	kazmi
kaznovati	kaznɔʋa˩˥ːti
kača	ka˩˥ːtʃa
kaša	kˈaʃa
kašelj	ka˩˥ːʃəl
kašljati	ka˥˩ːʃljati
kašmir	kaʃmɨr
kašmirski	kʌʃmˈirski
kašča	ka˩˥ːʃtʃa
kdaj	gdaj
kdaj	gda˥˩ːj
kdo	gdo
kdo	gdo˩˥ː
kekec	kəkˈɯtsˈ
keks	kˈiks
kelih	ke˩˥ːlix
kelt	ke˥˩ːlt
kemija	kemia
kemija	kɛmi˥˩ːja
kenguru	kɛnguru˥˩ː
kenija	ke˩˥ːnija
kenozoik	kɛ˥˩nɔzo˥˩ːjk
kenta	ke˥˩ːnta
ker	kɛr
kersnik	kɛrsni˩˥ːk
ki	ki
ki	kj
kikiriki	kikiriki˥˩ː
kim	kʰim
kinin	kini˥˩ːn
kino	ki˥˩ːnɔ
kip	ki˥˩ːp
kirij	kiri˩˥ːj
kis	ki˥˩ːs
kisel	kisɛ
kisel	ki˩˥ːsəʋ
kisik	kisi˥˩ːk
kislina	kisli˩˥ːna
kit	ki˥˩ːt
kita	ki˩˥ːta
kitajec	kita˥˩ːjəts
kitajka	kita˥˩ːjka
kitajska	kita˥˩ːjska
kitajska	kʲitajska
kitajski	kita˥˩ːjski
kitajsko	kʲitajskɔ
kitajščina	kita˥˩ːjʃtʃina
kitara	kita˥˩ːra
kitara	kɪˈtara
kje	kje˥˩ː
kje	kje˩˥ː
kjer	kje˥˩ːr
kladivce	kladi˥˩ːʋtsɛ
kladivce	kladi˩˥ːʋtsɛ
kladivce	kla˩˥ːdiʋtsɛ
kladivo	kladi˩˥ːʋɔ
klarinet	klarine˥˩ːt
klas	kla˥˩ːs
klasičen	kla˩˥ːsitʃən
klasti	kla˩˥ːsti
klati	kla˩˥ːti
klavir	klavir
klavir	klaʋi˥˩ːr
klavnica	klaʊnitsa
klen	kle˥˩ːn
klen	kle˩˥n
klen	klɛ̀n
kleopatra	klɛo˥˩ːpatra
klepati	klɛpa˩˥ːti
klepec	klɛ̀ːpəts
klepet	klɛpˈɛt
kleptokracija	klɛptɔkratsi˥˩ːja
klet	klˈɪt
kletka	klˈitka
klečati	klɛtʃa˩˥ːti
klešče	kle˩˥ːʃtʃɛ
klic	kli˥˩ːts
klic	klˈɪts
klicaj	klitsa˥˩ːj
klicati	kli˩˥ːtsati
klif	kljf
klima	kli˥˩ːma
klima	kli˩˥ːma
klitoris	kli˥˩ːtɔris
kliče	klɪtʃə
kljuka	kɫjuka
kljukica	klju˩˥ːkitsa
kljun	klju˥˩ːn
kljun	klʲuːn
kljunaš	kljuna˩˥ːʃ
ključ	kljuːtʃ
ključ	klju˩˥ːtʃ
ključavnica	kljutʃa˥˩ːʋnitsa
ključi	kljuːtʃi
ključiti	klju˩˥ːtʃiti
klobasa	klɔba˩˥ːsa
klobuk	klɔbu˩˥ːk
klobučar	klobutʃar
klobučar	klɔbutʃa˩˥ːr
klobučevina	klɔbutʃɛvina
klofuta	klɔfu˩˥ːta
klokan	klo˥˩ːkan
klop	klo˥˩p
klop	klo˥˩ːp
klopotača	klɔpɔta˩˥ːtʃa
klor	klor
klor	klo˥˩ːr
klorofil	klɔrɔfi˥˩ːl
klovn	klo˩˥ːʋn
klošar	klo˥˩ːʃar
klošč	klo˥˩ʃtʃ
kluže	kluʐɛ
kmalu	kma˥˩ːlu
kmet	kmɛ́t
kmetija	kmɛti˥˩ːja
kmetijska	metijska
kneginja	kne˥˩ːginja
knez	kne˥˩ːs
knjiga	knji˩˥ːga
knjigarna	knjiga˥˩ːrna
knjige	knigɛ
knjigi	knigi
knjigovez	knjigɔʋe˥˩ːs
književnost	knjiʒe˥˩ːʋnɔst
knjižni	kniʒni
knjižnica	kni˥˩ːʒnjitsa
knjižnica	knjiʃnitsa
knofi	knɔfj
ko	kɔ
kobalt	ko˥˩ːbalt
kobalt	kɔbalt
kobarid	kɔbari˥˩ːt
kobentar	kɔpˈeɾˈintˈar
kobila	kɔbila
kobila	kɔbi˩˥ːla
kobilar	kɔbi˥˩ːlar
kobilica	kɔbiliːtsa
kobilica	kɔbi˩˥ːlitsa
kocka	kotska
kocka	ko˥˩ːtska
kockati	ko˥˩ːtskati
koda	kɔda
koder	ko˩˥ːdər
kodrast	kɔdrast
kofein	kofein
koga	kɔga
kokalj	ko˩˥ːkal
kokolj	ko˩˥ːkɔl
kokos	kukɔs
kokot	kɔko˥˩ːt
kokoš	kɔko˥˩ːʃ
kol	ko˥˩ʋ
kola	ko˥˩ːla
kola	ko˩˥ːla
kolagen	kɔlɑgɛn
kolc	ko˥˩ːʋts
kolcanje	ko˥˩ːu̯tsanjɛ
kolcanje	ko˩˥ːu̯tsanjɛ
kolebnica	kɔlɛpnɪtsa
koledar	kɔledar
koledž	ko˥˩ːlɛtʃ
koleno	kɔle˩˥ːnɔ
kolesariti	kɔlɛsa˩˥ːriti
kolidž	ko˥˩ːlitʃ
količina	kɔlitʃi˩˥ːna
kolo	ko˥˩ːlɔ
kolo	kɔlo˥˩ː
kolonializem	kɔlɔnˈialism
komaj	ko˥˩ːmaj
komar	komar
komar	kɔma˩˥ːr
komarček	kɔma˥˩ːrtʃək
komarček	kɔma˩˥ːrtʃək
komen	kɔːmən
komet	kɔme˥˩ːt
komet	kɔmit
komolec	kɔmo˥˩ːləts
komori	kɔmo˥˩ːri
kompas	ko˥˩ːmpas
kompas	kɔmpa˥˩ːs
komú	kɔmˌu
koncert	kontsɛrt
koncu	kontsu
kondenzator	kɔnˈdɛnzator
kondom	kɔndo˥˩ːm
konec	ko˩˥ːnəts
konj	ko˥˩n
konjar	kɔnja˩˥ːr
konjuh	kɔnju˥˩ːx
konjuh	kɔnju˩˥ːx
konkreten	kɔnkre˥˩ːtən
konkretno	kɔnkre˥˩ːtnɔ
konstanta	kɔnstantˈa
kontakten	kɔntaktɛn
kontinent	kɔntinɛ́nt
kontrabas	kontrabas
kontrabas	ko˥˩ːntraba˥˩ːs
konzul	ko˥˩ːnzul
konzulka	ko˥˩ːnzulka
konča	kontʃa
končam	kuntʃam
končen	ko˩˥ːntʃən
končno	ko˩˥ːntʃnɔ
kop	ko˥˩ːp
kopalke	kɔpalˈkɛ
kopalnica	kɔpalɲitsa
kopalnica	kɔpa˥˩ːlnitsa
kopalnici	kopalnitsi
kopati	ko˩˥ːpati
kopati	kɔpa˩˥ːti
kopel	ko˩˥ːpɛʋ
kopel	kɔpe˥˩ːl
koper	ko˩˥ːpər
koper	kɔpɛr
kopica	kɔpitsa
kopina	kɔpi˩˥ːna
kopirni	kɔpirni
kopito	kɔpi˩˥ːtɔ
kopje	ko˩˥ːpjɛ
kopneti	ko˥˩ːpnɛte
kopno	ko˥˩ːpnɔ
kopno	ko˩˥ːpnɔ
kopriva	kɔpriˈva
koprivnik	kɔpriuˈnik
korak	kɔra˥˩ːk
koreja	kɔrɛ́ːja
koren	kɔre˥˩ːn
koren	kɔrin
korenina	kɔrɛni˩˥ːna
korenje	kɔre˥˩ːnjɛ
korenje	kɔrɛ̀ːnjɛ
korenom	korɛnɔm
korenček	kɔrɛntʃak
koristi	koristi
koritnica	kɔritɲitsa
kornet	koːrnˈɛt
koromač	kɔrɔmaɾtʃ
korošec	kɔro˥˩ːʃəts
korošec	kɔrʊ̞ʃɛts
koroška	kɔro˥˩ːʃka
korupcija	kɔruptsja
koruza	kɔru˩˥ːza
kos	koɔ̞s
kos	ko˥˩ːs
kosilo	kɔsi˩˥ːlɔ
kosinus	ko˥˩ːsinus
kosinus	ko˥˩ːzinus
kositer	kɔsitə
kositer	kɔsi˩˥ːtər
kositi	ko˩˥ːsiti
kositi	kɔsi˥˩ːti
kositi	kɔsi˩˥ːti
kosmič	koˈsmitʃ
kosmulja	kɔsmu˩˥ːlja
kost	ko˥˩ːst
kost	kɔst
kostanj	ko˩˥ːstan
kostanja	kɔstaniˈa
kosti	kosti
kostnica	ko˥˩ːstnitsa
kot	ko˩˥ːt
kot	kɔt
kotnik	ko˥˩ːtnik
kovanec	kɔʋa˩˥ːnəts
kovač	kɔvatʃ
kovač	kɔʋa˩˥ːtʃ
kovina	ko˥˩ːvina
kovinski	kɔʋi˥˩ːnski
kovnica	ko˥˩ːʋnitsa
koza	ko˩˥ːza
koza	kɔzɑ
kozarce	kɔzartsɨ
kozarci	kɔzartsɛ
kozarec	kuzarɛts
kozarec	kɔza˥˩ːrəts
koze	kɔzɛ
kozel	ko˩˥ːzəʋ
kozmologija	kɔzmɔlɔgi˥˩ːja
kozolec	kozɔlɛts
kozorog	kɔzɔro˥˩ːk
kočevski	kɔtʃɛuski
kočija	kɔtʃia
kočija	kɔtʃi˥˩ːja
koš	ko˥˩ʃ
košara	koˈʃara
košara	kɔʃa˥˩ːra
košarka	kɔʃa˥˩ːrka
košuta	koˈʃuta
koža	koʒa
koža	ko˩˥ːʒa
kožica	kɔʒitsa
kraj	kra˥˩j
krajevno	kraʲæjɛnɔ
krajina	kra˥˩ːjina
krajina	kra˩˥ːjina
krajšava	krajʃa˥˩ːʋa
krajši	kra˥˩ːjʃi
kralj	kral
kraljestvo	kralje˥˩ːstʋɔ
kraljevina	kraljɛʋi˩˥ːna
kraljica	kralitsa
kraljica	kralji˩˥ːtsa
krap	kra˥˩p
krapi	krapɛ
kras	kra˥˩s
kras	kra˥˩ːs
krasen	krasan
krastača	krastatʃo
krastača	krasta˩˥ːtʃa
krasti	kra˩˥ːsti
kratek	kra˩˥ːtək
krater	kra˩˥ːtɛr
kratica	krati˩˥ːtsa
kratica	kɾatitsa
kratki	kratkʲi
kratkim	kratkɪm
kratko	kratkɔ
kratkovaloven	kratkɔʋalo˥˩ːʋən
krava	krava
krava	kra˩˥ːʋa
kravžati	kra˥˩ːʋʒati
kreda	kre˥˩ːda
krema	kre˥˩ːma
krempelj	kre˩˥ːmpəl
kremšnita	krɛmʃniːta
kremšnita	krɛmʃnjta
kreniti	krɛni˥˩ːti
kreniti	krɛni˩˥ːti
kres	kre˥˩ːs
kresnica	krɛsnʲitsa
kreta	kre˥˩ːta
krečič	kriːtʃitʃ
kri	kriː
kri	kri˥˩ː
krik	kri˥˩ːk
krilo	kri˥˩lɔ
krilo	kri˩˥ːlɔ
kriminaliteta	kɾiminaliteta
kripton	kripton
kripton	kri˥˩ːptɔn
kristal	krista˥˩ːl
kristalizacija	kristaliza˩˥ːtsija
kristjan	kristja˥˩ːn
kristus	kri˥˩ːstus
kriti	kri˩˥ːti
kriv	kriu
krivda	kriuda
krivda	kri˥˩ːʋda
krivica	krivitsa
krivoverec	kriʋɔʋe˥˩ːrəts
kričati	kritʃate
križ	kriʃ
križ	kri˩˥ːʃ
križanje	kri˥˩ːʒanjɛ
križanje	kri˩˥ːʒanjɛ
križanka	kri˥˩ːʒanka
krma	kə˩˥rma
krmin	kɛrmin
krog	kro˥˩ːk
krogla	kro˥˩ːgla
krogla	krɔgla
kroglo	kruklɔ
krogu	krugu
krokar	kro˥˩ːkar
krom	krom
krom	kro˥˩m
krom	kro˥˩ːm
krompir	krompʲir
krompir	krɔmpi˥˩ːr
krompir	krɔmpi˩˥ːr
krona	kro˥˩ːna
kronati	kro˥˩ːnati
krožna	kruʒna
krožnik	kro˥˩ːʒnik
krožniki	kro˥˩ːʒnʲi˩˥ːkʲi˥˩ː
krpa	kɯ̞rpa
krst	kɾɯ̞st
krsta	kə˩˥rsta
krt	kɔrt
krut	kru˥˩ːt
krutejši	kru˥˩ːtɛjʃi
krutejši	kru˩˥ːtɛjʃi
krušni	kruːʃni
krvaveti	kərʋaʋe˩˥ːti
krvnik	kruˈnik
krzno	krsna
krzno	kə˥˩rznɔ
krč	kə˥˩rtʃ
krčma	kɯ̞rʲtʃma
krčmar	kɯrtʃmar
krščanstvo	kərʃtʃa˥˩ːnstʋɔ
ksenofobija	ksɛnɔfɔbi˥˩ːja
ksenon	kse˥˩ːnɔn
ksilofon	ksilɔfo˥˩ːn
kuba	ku˥˩ːba
kuga	ku˩˥ːga
kuhan	kˈuxən
kuhana	kʊxana
kuhanje	kuxanʲe
kuhano	kuxanɔ
kuhar	ku˥˩ːxar
kuharica	kuxaritʃa
kuhati	ku˩˥ːxati
kuhinja	ku˩˥ːxinja
kuhinje	kuχinjɛ
kukavica	ku˩˥ːkaʋitsa
kuna	ku˩˥ːna
kunec	ku˥˩ːnəts
kunec	ku˩˥ːnəts
kunec	kʊnˈɛts
kup	ku˥˩p
kupa	ku˩˥ːpa
kupi	kupɛ
kupiti	kupi˥˩ːti
kupiti	kupi˩˥ːti
kupiti	ku˩˥ːpiti
kupovati	kupɔʋa˩˥ːti
kura	ku˩˥ːra
kurba	ku˥˩ːrba
kurbin	kurbɛn
kurdščina	ku˥˩ːrtʃtʃina
kurec	ku˥˩ːrəts
kurva	ku˥˩ːrʋa
kuščar	ku˥˩ːʃtʃar
kuščar	ku˩˥ːʃtʃar
kuščar	kʏʃtʃar
kuža	ku˥˩ːʒa
kvader	kvadɛr
kvadrat	kvadrat
kvadrat	kʋadra˥˩ːt
kvalitetni	kvalitɛtni
kvar	kʋa˥˩ːr
kvark	kʋa˥˩ːrk
kvartet	kʋarte˥˩ːt
kvas	kvˈas
kvas	kʋa˥˩ːs
kúra	kura
l	lˈæ
labod	labo˥˩ːt
ladja	la˩˥ːdja
lagati	laga˩˥ːti
lahek	la˩˥ːxək
lahko	laxko˥˩ː
lajati	la˥˩ːjati
lakota	la˩˥ːkɔta
lama	la˩˥ːma
lani	la˩˥ːni
lantan	lanta˥˩ːn
las	la˥˩ːs
las	lɑs
lasje	lasiˈɛ
lasni	lastni
last	la˥˩ːst
last	lˈæst
lastne	ˈlɑːstne
lastni	lastnʲ
lastnik	lastnˈik
lastnina	lastni˩˥ːna
lastno	lastnɔ
lastnost	lastno˥˩ːst
lastovica	la˩˥ːstɔʋitsa
lastovka	la˩˥ːstɔʋka
lasulja	lasˈuljːa
latinica	lati˥˩ːnitsa
latinski	lati˥˩ːnski
latinsko	latinsko
latinščina	lati˥˩ːnʃtʃina
latvija	la˩˥ːtʋija
latvijec	la˩˥ːtʋijəts
latvijka	la˩˥ːtʋijka
latvijski	la˩˥ːtʋijski
latvijsko	la˩˥ːtʋijskɔ
latvijščina	la˩˥ːtʋijʃtʃina
lavrencij	laʋre˩˥ːntsij
lavrič	lawritʃ
laziti	naziti
lačen	latʃɛ
lašče	laʃtʃe
laž	las
laž	la˥˩ːʃ
lažem	laʒɔm
lažji	la˥˩ːʒji
lažnivec	laʒni˥˩ːʋəts
le	lɛ́
led	le˥˩ːt
led	lˈeːt
ledenik	lɛdɛni˩˥ːk
ledeno	ledeno
ledolomilec	lɛdɔlɔmi˥˩ːlɛts
ledvica	lɛdʋi˩˥ːtsa
legenda	lege̞nda
legendaren	lɛgɛnda˥˩ːrən
leha	le˩˥ːxa
lek	le˥˩ːk
lektira	lektira
lemež	le˥˩ːmɛʃ
lemež	lɛ̀ːmɛʃ
len	le˥˩ːn
len	lɛ́n
lenariti	plenariti
lenivec	lɛni˥˩ːʋəts
leon	le˥˩ːɔn
lep	le˥˩ːp
lepa	lɛpɑ
lepega	lˈepeˈga
lepilo	lepilo
lepiti	le˩˥ːpiti
lepiti	lɛpi˥˩ːti
lepiti	lɛpi˩˥ːti
lepota	lɛpo˩˥ːta
lepota	lˈɛpˈɔta
lepotec	ləpɔtɛts
lepotica	lɛpʊtitsa
lepotička	lɛpɔtitʃka
lepši	le˥˩ːpʃi
les	le˥˩ːs
lesc	lists
leska	le˩˥ːska
lesketati	lɛskɛta˩˥ːti
lestenec	lespenets
lesti	le˩˥ːsti
lestvica	le˩˥ːstʋitsa
let	lɛ́t
leta	lət̪a
letališče	ljɛtaliʃtʃɛ
letališče	lɛtali˩˥ːʃtʃɛ
letališču	lətɔliʃtʃu
letalo	letalo
letalo	lɛta˩˥ːlɔ
letalom	letalom
letalu	letalo
letel	lˈeteo
leten	le˥˩ːtən
letenje	lɛteˈnjɛ
leteti	letete
leteti	lɛte˩˥ːti
letna	lɛtsna
letni	lɛtsni
letnica	lɛtnitsˈɑ
letno	lɛtsnɔ
leto	le˩˥ːtɔ
leto	lɛto
letopis	letupis
letos	letɔs
letovišča	lɛtɔviʃtʃa
letu	lɛtʊ
lev	leu
lev	lɛ́ʋ
levinja	lɛʋi˩˥ːnja
levinja	lɛ̀ːʋinja
levinja	lɛ́ːʋinja
lezbijka	le˩˥ːzbijka
leči	le˩˥ːtʃi
lešnik	le˩˥ːʃnik
lešnika	lɛʃnɛka
ležaj	lɛʒa˥˩ːj
ležati	leʒati
ležati	lɛʒa˩˥ːti
ležeč	dˈeʒˈɛtʃ
leži	lɛʒˈe
ležim	lɛgim
libanon	li˥˩ːbanɔn
liberalizem	liberalism
liberija	libɛ̀ːrija
libidinozen	libidino˥˩ːzən
libija	li˩˥ːbija
lice	li˥˩ːtsɛ
lice	li˩˥ːtsɛ
liga	li˩˥ːga
lijak	lija˩˥ːk
likalnik	lika˥˩ːlnik
likati	li˥˩ːkati
limona	limona
limona	limo˥˩ːna
limonada	limɔna˥˩ːda
limone	limone
linda	lində
lipa	lipˈa
lipa	li˩˥ːpa
lipe	lipe
lipovec	li˩˥ːpɔʋəts
lira	li˥˩ːra
lisica	lisi˩˥ːtsa
lisička	lisi˩˥ːtʃka
list	li˥˩ːst
list	lˈɪst
liter	litar
liter	li˩˥ːtər
literatura	litɛratu˥˩ːra
liti	litɪ
liti	li˩˥ːti
litij	li˩˥ːtij
litovec	li˩˥ːtɔʋəts
litovka	li˩˥ːtɔʋka
litovski	li˥˩ːtɔʋski
litovsko	li˥˩ːtɔʋskɔ
litovščina	li˩˥ːtɔʋʃtʃina
liturgija	liturgi˥˩ːja
litva	li˥˩ːtʋa
litva	lˈitva
lizati	liza˩˥ːti
lizati	li˩˥ːzati
lizbona	lizbo˥˩ːna
ličinka	litʃi˥˩ːnka
ličnica	li˥˩ːtʃnitsa
lišaj	liʃa˥˩ːj
ljubezen	ljube˥˩ːzən
ljubezen	ljuːbɛzɔn
ljubezni	lʲubʲezni
ljubeč	ljubɛ́tʃ
ljubijana	ljubiana
ljubimec	ljubimets
ljubit	lju˩˥ːbit
ljubiti	ljubi˥˩ːti
ljubiti	ljubi˩˥ːti
ljubiti	lju˥˩ːbiti
ljubiti	lju˩˥ːbiti
ljubljana	ljublja˩˥ːna
ljubljanica	ljubljaɫjitsa
ljubljano	ljubljano
ljubljenje	lju˥˩ːbljɛnjɛ
ljubljenje	lju˩˥ːbljɛnjɛ
ljubomir	ljuːbɔmɪr
ljubosumnejši	ljubɔsu˩˥ːmnɛjʃi
ljubosumnost	ljubɔsu˩˥ːmnɔst
ljubček	ljuptʃək
ljudski	lju˥˩ːtski
lobanja	lɔba˩˥ːnja
log	lo˥˩ːk
logar	lugar
logaritemski	lɔgaritɛmski
logatec	logateˈts
logik	lɔgik
logičen	lɔgitʃɔn
loj	lˈɔɪ
lojalen	lojalən
lojzka	lɔjʃka
lok	lo˥˩ːk
loka	loka
lokacija	lɔka˩˥ːtsija
lokal	lɔkɑl
lokati	lo˩˥ːkate
lokativ	lo˥˩ːkatiʋ
lokomotiva	lɔkɔmɔti˥˩ːʋa
lom	lo˥˩m
lombardija	lɔmbardi˥˩ːja
lomiti	lɔmi˥˩ːti
lonec	lo˩˥ːnəts
lonec	lɔːnɛts
lonček	lɔntʃɛk
lopata	lɔpa˩˥ːta
lopata	lˈˈopːata
lopate	lˈopːate
lopov	lo˥˩ːpɔʋ
loputati	lopˈutatˈi
los	lo˥˩ːs
losos	lo˥˩ːsɔs
lotos	lo˥˩ːtɔs
lov	lɔu
lovec	lo˩˥ːʋəts
loviti	lɔʋi˥˩ːti
loviti	lɔʋi˩˥ːti
lovka	lo˥˩ːʋka
loza	lo˩˥ːza
ločiti	lo˩˥ːtʃiti
ločiti	lɔtʃi˥˩ːti
lubenica	lu˥˩ːbɛnitsa
lubje	lu˩˥ːbjɛ
lug	lu˥˩ːk
lug	lu˩˥ːk
luka	lu˩˥ːka
luknja	lu˥˩ːknja
luksemburg	lu˥˩ːksɛmburk
luksemburški	luksɛmbu˥˩ːrʃki
luksemburški	lu˥˩ːksɛmburʃki
lulček	lu˥˩ːltʃək
lun	lu˩˥ːn
luna	lu˩˥ːna
lunah	lu˩˥ːnax
lunam	lu˩˥ːnam
lunama	lu˩˥ːnama
lunami	lu˩˥ːnami
lunaren	luna˥˩ːrən
lune	lu˩˥ːnɛ
luni	lu˩˥ːni
luno	lu˩˥ːnɔ
luska	lu˩˥ːska
luske	lˈuskɛ
lutecij	lute˩˥ːtsij
luteranec	lutɛra˥˩ːnəts
lutnja	lu˥˩ːtnja
luč	lu˥˩ːtʃ
luč	lu˩˥ːtʃ
m	mˈœ̃
m	ɛm
macesen	matsɛ̀ːsən
madžar	madʒa˥˩ːr
madžar	mˈatʒˈaɾ
madžarka	madʒa˥˩ːrka
madžarska	madʒa˥˩ːrska
madžarski	madʒa˥˩ːrski
madžarski	mˈaːdʒarski
madžarsko	madʒa˥˩ːrskɔ
madžarščina	madʒa˥˩ːrʃtʃina
mafija	ma˩˥ːfija
magnet	magne˥˩ːt
magnezij	magne˥˩ːzij
mah	ma˥˩x
mah	ma˥˩ːx
maham	majam
maj	ma˩˥ːj
maja	ma˩˥ːja
majati	maja˩˥ːti
majati	ma˩˥ːjati
majhen	ma˥˩ːjxən
majhnega	majxnɛgɐ
majhni	majˈxmi
majoneza	majɔne˥˩ːza
majorka	majo˥˩ːrka
majtnerij	majtnɛri
mak	ma˥˩k
mak	ma˥˩ːk
makedonec	makɛdo˥˩ːnəts
makedonija	makɛdo˩˥ːnija
makedonka	makɛdo˥˩ːnka
makedonski	makɛdo˥˩ːnski
makedonščina	makɛdo˥˩ːnʃtʃina
maklen	maklɛ́n
malarija	malaria
malarija	mala˩˥ːrija
maldivi	maldi˥˩ːʋi
malenkosten	malɛnkɔstan
malezija	male˩˥ːzija
malina	mali˩˥ːna
maline	baliˈnɛ
malo	malo
malo	ma˩˥ːlɔ
malte	ma˥˩ːltɛ
malteški	malte˥˩ːʃki
malteško	malte˥˩ːʃkɔ
malteščina	malte˥˩ːʃtʃina
maltežan	maltɛʒa˥˩n
maltežan	maltɛʒa˥˩ːn
maltežanka	maltɛʒa˥˩ːnka
malti	ma˥˩ːlti
malček	mɑːltʃɛk
mamica	maːmitsa
mamilo	mamilo
mamilo	mami˩˥ːlɔ
mamut	ma˥˩ːmut
mamut	namut
mandolina	mandɔli˥˩ːna
manekenka	manekɛnkɑ
mangan	manga˥˩ːn
mango	mangɔ
manj	man
manjkati	ma˥˩ːnkati
manjša	manʃa
manjšalnica	manʃa˥˩ːlnitsa
manjši	ma˥˩ːnʃi
mano	mano
manuella	manuela
marati	marate
maraš	maras
marec	ma˩˥ːrəts
marelica	mare˥˩ːlitsa
marelica	morɛlitsa
marelice	marɛlitsæ
maribor	maribor
marija	maria
marija	mari˥˩ːja
marjan	ma˥˩ːrjan
marjeta	marjɛ̂ta
markič	markidʒ
marko	marko
marmelada	marmelada
maroko	maro˥˩ːkɔ
mars	ma˥˩ːrs
marsikaj	marsikai
martin	maɾt̪in
martina	mˈaɾtina
masa	ma˥˩ːsa
masko	mɑskɔ
maslen	masle˥˩ːn
maslen	masle˩˥ːn
maslen	maslɛm
maslo	maslo
masturbacija	masturba˩˥ːtsija
masturbirati	masturbi˥˩ːrati
matej	matɛ́ːj
matematika	matɛma˩˥ːtika
materen	ma˥˩ːtɛrən
materi	matiri
material	material
materja	matɛria
maternica	ma˥˩ːtɛrnitsa
mati	ma˩˥ːti
matic	matets
matica	ma˥˩ːtitsa
matija	matia
matjaž	matjaʃ
mavec	ma˩˥ːʋəts
mavretanija	maʋrɛta˩˥ːnija
mavrica	ma˥˩ːʋritsa
mačeha	ma˩˥ːtʃɛxa
maček	ma˩˥ːtʃək
maček	mˈɑtʃək
mačka	ma˥˩ːtʃka
mačkon	matʃkun
maša	ma˩˥ːʃa
maškara	maʃkɐra
me	me˥˩ː
med	me˥˩ːt
med	mɛt
medalja	medalia
medaljon	medalʲɔn
medana	ˈmeˈdana
meden	mɛde˥˩ːn
medenica	medenitsa
medenica	mɛdɛni˩˥ːtsa
medicina	meditsina
medicina	mɛditsi˥˩ːna
medved	mɛdʋəts
medved	mɛ̀ːdʋɛt
medvedka	mɛdʋe˥˩ːtka
megaum	mʲegau̯m
megavat	me˥˩ːgaʋa˥˩ːt
megla	məgla˥˩
megla	mə˩˥gla
megla	mˈagla
meglica	məgli˩˥ːtsa
meh	me˥˩ːx
mehaničen	mɛxa˩˥ːnitʃən
mehek	mɛ̀ːxək
meher	mexɛ̀ːr
mehika	me˥˩ːxika
mehir	mexi˩˥ːr
mehiški	mʲaɪ̯xʲiʃkʲi
mehko	mɛxkɔ
mehkoba	mɛkkɔba
mehkužec	mɛxku˥˩ːʒəts
mehur	mexu˩˥ːr
mehur	mɛxuɾ
meja	mɛ̀ːja
mejak	mejak
mejak	mɛja˩˥ːk
mejiti	mɛji˥˩ːti
mejiti	mɛji˩˥ːti
mejnik	mejnik
mejo	mejo
mejoza	mejɔzɑ
meka	me˩˥ːka
meketati	meketate
melancana	mɛlantsa˥˩ːna
melodija	mɛlɔdi˥˩ːja
melona	mɛlo˥˩ːna
mendelevij	mɛndɛle˩˥ːʋij
mendelevij	mˈɛndˈɛleʋi
meni	mani
menih	məni˩˥ːx
menih	mɛni˩˥ːx
menim	meːnim
meniti	me˩˥ːniti
meniti	mɛni˥˩ːti
meniti	mɛni˩˥ːti
menjati	me˩˥ːnjati
menjati	mɛnja˩˥ːti
menstruacija	mɛnstrua˩˥ːtsija
merilo	merilo
meriti	me˩˥ːriti
merjasec	mɛrja˩˥ːsəts
merkanty	merkantɪ
merkur	mɛrku˥˩ːr
mesar	mɛsa˩˥ːr
mesec	me˥˩ːsəts
mesija	mɛsi˥˩ːja
meso	mɛso˥˩ː
mesti	me˩˥ːsti
mesti	mɛ̀ːsti
mestih	mjɛstix
mestnik	me˥˩ːstnik
mestnik	mjɛstnik
mesto	mesto
mesto	me˩˥ːstɔ
met	mɛ́t
meta	me˥˩ːta
metafizika	mɛtafi˩˥ːzika
metati	metati
metati	mɛta˩˥ːti
metež	me˥˩ːtɛʃ
meti	me˩˥ːti
metla	mɛ̀ːtla
metulj	mɛtu˩˥ːl
mezeg	məzə˥˩k
mezeg	mə˩˥zək
mezinec	mɛzi˥˩ːnəts
mezon	mɛzo˥˩ːn
meč	mɛ́tʃ
meča	mɛtʃɛ
mečji	me˥˩ːtʃji
mešati	me˩˥ːʃati
mešati	mɛjʃati
mešati	mɛʃa˩˥ːti
mi	mi˥˩ː
miha	mi˩˥ːxa
mihael	mi˥˩ːxaɛl
mihaela	mi˥˩ːxaɛla
mikologija	mikɔlɔgia
milijon	milijo˥˩ːn
milimeter	milime˩˥ːtər
militi	mi˥˩ːliti
militi	mi˩˥ːliti
miličnica	mili˥˩ːtʃnitsa
miličnik	mili˥˩ːtʃnik
milo	milon
milo	mi˩˥ːlɔ
mimo	mimo
mina	mi˥˩ːna
mineralogija	minɛralɔgi˥˩ːja
miniti	mini˥˩ːti
miniti	mini˩˥ːti
minuta	minu˥˩ːta
minutko	minutko
mir	mi˥˩ːr
mir	mˈir
mirna	mi˥˩ːrna
mirna	mi˩˥ːrna
mirta	mi˩˥ːrta
misel	misˈl
misel	mi˥˩ːsəʋ
mislimo	mislimˈɑ̃
mislinja	misljnja
misliti	mislitip
misliti	mi˩˥ːsliti
miti	mi˩˥ːti
mitologija	mitɔlɔgi˥˩ːja
mitološki	mitɔlo˥˩ːʃki
mitoza	mitoza
miza	mi˩˥ːza
mizantropija	mizantrɔpi˥˩ːja
mize	miza
mizogin	mizogin
mizoginski	mizoginski
miš	mi˥˩ʃ
miš	mˈiʃ
mišica	mi˥˩ːʃitsa
mišice	mʲiʂʲitsɛ
mišičen	mi˥˩ːʃitʃən
mišjak	mi˥˩ːʃjak
miška	mi˥˩ːʃka
miže	migɛ
mjanmar	mjanma˥˩ːr
mlad	mlat˦
mladi	mladie
mladika	blad̪ika
mladina	mladi˩˥ːna
mladina	mlad̪ina
mladič	mladi˥˩tʃ
mladost	mlado˥˩ːst
mlajši	mla˥˩ːjʃi
mlaka	mlˈaka
mlakuža	mlakuʐa
mleka	mljɛka
mleko	mle˩˥ːkɔ
mlesti	mle˩˥ːsti
mleti	mle˩˥ːti
mlečen	mle˩˥ːtʃən
mlin	mli˥˩ːn
mlinarica	mɛˈlinaritsa
mlinček	lintʃɛk
moder	mo˩˥ːdər
moder	mɔdar
modernizirati	mɔdɛrnizi˥˩ːrati
modnik	mo˥˩ːdnik
modo	mo˥˩ːdɔ
modo	mo˩˥ːdɔ
modra	modra
modras	mˈˈɔdras
modre	mɔdrɛ
modrec	mo˥˩ːdrəts
modrejši	mo˩˥ːdrɛjʃi
modrejši	mɔdrɛ́ːjʃi
modri	mɔdrɛ
modrost	mo˩˥ːdrɔst
modrost	mɔdro˥˩ːst
modrost	mɔdrɔst
moduli	mˈuduli
mogoče	mɔgo˩˥ːtʃɛ
mohamed	mo˩˥ːxamɛt
mohar	mo˩˥ːxar
moj	mo˩˥ːj
moj	mˈɔj
moje	moje
mojo	mɔjɔ
mojzes	mo˥˩ːjzɛs
moka	mo˩˥ːka
moker	mo˩˥ːkər
mol	mɔl
moldavija	mɔlda˩˥ːʋija
molekula	mɔle˥˩ːkula
molibden	mɔlibde˥˩ːn
molitev	mɔli˥˩ːtəʋ
moliti	moliti
moliti	mɔli˥˩ːti
molk	mo˥˩ːʋk
molsti	mo˩˥ːʋsti
monako	mɔna˥˩ːkɔ
monarh	mɔna˥˩rx
monom	mɔno˥˩ːm
morala	moˈrala
moram	moram
morati	mo˥˩ːrati
morati	mo˩˥ːratɛ
moravec	mɔra˩˥ːʋəts
morda	morda
morda	mɔrda˥˩
morfogeneza	mɔrfɔgɛnɛːza
moriti	mɔri˥˩ːti
moriti	mɔri˩˥ːti
morje	mo˥˩ːrjɛ
morje	mɔrje˥˩ː
morju	mɔrjɔ
mornarica	mɔrna˥˩ːritsa
mornarka	mɔrna˩˥ːrka
morski	mo˩˥ːrski
morski	mɔrski
moskva	mo˥˩ːskʋa
most	mo˥˩ːst
most	mˈɔst
mostišča	mɔstiʃtʃa
mostiščar	mɔstiʃtʃar
mostiščarji	mɔstiʃtʃari
mostišče	mɔstiʃtʃɛ
mostovi	mɔstɔʋi
motet	mˈotˈɛt
motika	mɔti˥˩ːka
motiš	mɔtif
motor	mo˥˩ːtɔr
motovilka	moto˥˩ːʋilka˥˩
moč	mo˥˩ːtʃ
moča	mo˩˥ːtʃa
močan	mˈɔtʃan
močerad	mɔtʃɛra˥˩t
moči	mo˩˥ːtʃi
močneje	mʊtʃnɛje
močni	mɔtʃni
močnih	mɔtʃnix
močnik	mɔtʃnik
močvirje	mɔtʃʋi˥˩ːrjɛ
mošeja	mɔʃɛ́ːja
moški	mo˩˥ːʃki
moških	mɔʃkix
mošt	mo˥˩ʃt
moštvo	mɔʃtɔ
mož	mo˥˩ːʃ
možen	mo˩˥ːʒən
možgani	mɔʒga˥˩ːni
možganski	mʊʒganski
možic	moʒˈits
možnar	mo˩˥ːʒnar
možnost	mo˩˥ːʒnɔst
možu	mʊʒu
mrak	mˈrak
mravlja	mra˥˩ːʋlja
mravlja	mra˩˥ːʋlja
mraz	mra˥˩s
mračen	mratʃɔn
mreti	mre˩˥ːti
mreža	mre˩˥ːʒa
mrga	mɤrga
mrhovina	mərxɔʋi˩˥ːna
mrkva	mə˩˥rkʋa
mrož	mro˥˩ːʃ
mroži	mruːʒi
mrtev	mə˩˥rtəʋ
mrvica	mrvitsa
mrzlo	mrzlo
muditi	mudi˥˩ːti
muditi	mudi˩˥ːti
muflon	muflo˥˩ːn
muha	mu˩˥ːxa
muja	muxa
mujezin	mujɛzi˥˩ːn
mula	mu˩˥ːla
mulj	mu˥˩ːl
mungo	mu˥˩ːngɔ
mura	mʊra
murva	mu˥˩ːrʋa
muskularen	muskula˥˩ːrən
musliman	muslima˥˩ːn
muslimanka	muslima˥˩ːnka
muslimanski	muslima˥˩ːnski
mutacija	mutatsia
muzej	muzɛ́ːj
muzikalen	muzika˥˩ːlən
muzikant	mjuzikˈant
muzikologija	muzikɔlɔgi˥˩ːja
muči	mutsi
mušnica	mu˥˩ːʃnitsa
n	nɛ
nabiralec	nabiralets
nabrežje	nabrɛʒiɛ
nacizem	natsi˥˩ːzɛm
nacizem	natsi˩˥ːzɛm
nad	nat
nad	nˈað
nadev	nadeo
nadlegovati	nadlɛgɔʋa˩˥ːti
nadporočnica	natpɔro˥˩ːtʃnitsa
nadporočnik	natpɔro˥˩ːtʃnik
nadstropje	natstrupjɛ
nadstropju	natstropju
nadvse	naduˈseɑ
nadzorovati	nadzɔrɔʋa˩˥ːti
naenkrat	naɛ̀ːnkrat
nafta	na˥˩ːfta
nag	na˥˩ːk
nagajati	naga˩˥ːjatɨ
nagelj	na˩˥ːgəl
naglas	nagla˥˩s
naglejši	na˩˥ːglɛjʃi
naglica	naglʲitstsa
nagnjenost	nagnɛnɔst
nagobčnik	nago˥˩ːptʃnik
nagrada	nagrɑːda
nagrade	nagrɔdɛ
nahaja	naxaːja
naj	nˈaɪ
najabsurdnejši	na˥˩japsu˥˩ːrdnɛjʃi
najbednejši	na˥˩jbe˩˥ːdnɛjʃi
najbelejši	na˥˩jbɛlɛ́ːjʃi
najbetežnejši	na˥˩jbɛte˩˥ːʒnɛjʃi
najbliže	na˥˩jbli˥˩ːʒɛ
najbližje	na˥˩jbli˥˩ːʒjɛ
najbogatejši	na˥˩jbɔgatɛ́ːjʃi
najbolje	na˥˩jbo˥˩ːljɛ
najboljši	na˥˩jbo˥˩ːlʃi
najbradatejši	na˥˩jbrada˩˥ːtɛjʃi
najbrihtnejši	na˥˩jbri˩˥ːxtnɛjʃi
najbrž	najbrʃ
najbudnejši	na˥˩jbu˩˥ːdnɛjʃi
najdalj	na˥˩jda˥˩l
najdaljši	na˥˩jda˥˩ːlʃi
najdebelejši	na˥˩jdɛbɛlɛ́ːjʃi
najdejavnejši	na˥˩jdɛja˥˩ːʋnɛjʃi
najdejavnejši	na˥˩jdɛja˩˥ːʋnɛjʃi
najdete	najdɛte
najdolgočasnejši	na˥˩jdɔlgɔtʃa˩˥ːsnɛjʃi
najdražja	najtraʒia
najdražji	na˥˩jdra˥˩ːʒji
najemati	najemati
najemodajalec	najɛˈmɔdajaˈlʲets
najeti	nˈajetˌe
najglasnejši	na˥˩jglasnɛ́ːjʃi
najglušji	na˥˩jglu˥˩ːʃji
najgrozljivejši	na˥˩jgrɔzlji˩˥ːʋɛjʃi
najhitreje	na˥˩jxitrɛ̀ːjɛ
najhitrejše	na˥˩jxitrɛ̀ːjʃɛ
najhujši	na˥˩jxu˥˩ːjʃi
najin	na˥˩ːjin
najina	nˈajˈunˈaɪ
najjasnejši	na˥˩jjasnɛ́ːjʃi
najjeznejši	na˥˩jje˩˥ːznɛjʃi
najkrajši	na˥˩jkra˥˩ːjʃi
najkrutejši	na˥˩jkru˥˩ːtɛjʃi
najkrutejši	na˥˩jkru˩˥ːtɛjʃi
najlažji	na˥˩jla˥˩ːʒji
najlepši	na˥˩jle˥˩ːpʃi
najljubosumnejši	na˥˩jljubɔsu˩˥ːmnɛjʃi
najmanjši	na˥˩jma˥˩ːnʃi
najmečji	na˥˩jme˥˩ːtʃji
najmlajši	na˥˩jmla˥˩ːjʃi
najmodrejši	na˥˩jmɔdrɛ́ːjʃi
najnaravnejši	na˥˩jnara˩˥ːʋnɛjʃi
najnepotrpežljivejši	na˥˩jnɛ́pɔtərpɛʒlji˩˥ːʋɛjʃi
najneumnejši	na˥˩jnɛu˩˥ːmnɛjʃi
najnovejših	najnɔvɛjʃix
najobčutljivejši	na˥˩jɔptʃutlji˩˥ːʋɛjʃi
najodličnejši	na˥˩jɔdli˩˥ːtʃnɛjʃi
najokusnejši	na˥˩jɔku˩˥ːsnɛjʃi
najosnovnejši	na˥˩jɔsno˥˩ːʋnɛjʃi
najočitnejši	na˥˩jɔtʃi˩˥ːtnɛjʃi
najožji	na˥˩jo˥˩ːʒji
najpestrejši	na˥˩jpe˩˥ːstrɛjʃi
najplodnejši	na˥˩jplo˩˥ːdnɛjʃi
najpodobnejši	na˥˩jpɔdo˩˥ːbnɛjʃi
najpodrobnejši	na˥˩jpɔdro˥˩ːbnɛjʃi
najpogostejše	na˥˩jpɔgo˥˩ːstɛjʃɛ
najpogumnejši	na˥˩jpɔgu˩˥ːmnɛjʃi
najpomembnejši	na˥˩jpɔme˥˩ːmbnɛjʃi
najpomembnejši	na˥˩jpɔme˩˥ːmbnɛjʃi
najpotrebnejši	na˥˩jpɔtre˩˥ːbnɛjʃi
najpotrpežljivejši	na˥˩jpɔtərpɛʒlji˩˥ːʋɛjʃi
najpočasneje	na˥˩jpɔtʃasnɛ́ːjɛ
najpravilneje	na˥˩jpraʋi˥˩ːlnɛjɛ
najpravilnejše	na˥˩jpraʋi˥˩ːlnɛjʃɛ
najprej	najprɛ
najpridnejši	na˥˩jpri˩˥ːdnɛjʃi
najpustejši	na˥˩jpustɛ́ːjʃi
najpustejši	na˥˩jpu˩˥ːstɛjʃi
najraje	najraje
najravnejši	na˥˩jra˩˥ːʋnɛjʃi
najrazličnejši	na˥˩jrazli˩˥ːtʃnɛjʃi
najredkejši	na˥˩jre˩˥ːtkɛjʃi
najredkejši	na˥˩jrɛtkɛ́ːjʃi
najresničnejši	na˥˩jrɛsni˥˩ːtʃnɛjʃi
najskrivnejši	na˥˩jskri˥˩ːʋnɛjʃi
najskrivnostnejši	na˥˩jskriʋno˥˩ːstnɛjʃi
najskromnejši	na˥˩jskro˩˥ːmnɛjʃi
najslabše	na˥˩jsla˥˩ːpʃɛ
najsladejši	na˥˩jsladɛ́ːjʃi
najslajši	na˥˩jsla˥˩ːjʃi
najsmelejši	na˥˩jsme˩˥ːlɛjʃi
najsodobnejši	na˥˩jsɔdo˩˥ːbnɛjʃi
najsončnejši	na˥˩jso˥˩ːntʃnɛjʃi
najsplošnejši	na˥˩jsplo˩˥ːʃnɛjʃi
najspodobnejši	na˥˩jspɔdo˩˥ːbnɛjʃi
najsrečnejše	na˥˩jsre˩˥ːtʃnɛjʃɛ
najsrečnejše	na˥˩jsrɛtʃnɛ́ːjʃɛ
najsrečnejši	na˥˩jsre˩˥ːtʃnɛjʃi
najsrečnejši	na˥˩jsrɛtʃnɛ́ːjʃi
najstarejši	na˥˩jstarɛ́ːjʃi
najstrastnejši	na˥˩jstra˩˥ːstnɛjʃi
najsvobodnejši	na˥˩jsʋɔbo˩˥ːdnɛjʃi
najtežji	na˥˩jte˥˩ːʒji
najti	na˩˥ːjti
najti	nˈaɪti
najtrši	na˥˩jtə˥˩rʃi
najusodnejši	na˥˩juso˩˥ːdnɛjʃi
najustreznejši	na˥˩justre˩˥ːznɛjʃi
najvarnejši	na˥˩jʋa˩˥ːrnɛjʃi
največ	na˥˩jʋɛtʃ
največ	na˥˩jʋɛ́tʃ
največji	na˥˩jʋe˥˩ːtʃji
najvišji	na˥˩jʋi˥˩ːʃji
najzanimivejši	na˥˩jzanimi˩˥ːʋɛjʃi
najznačilnejši	na˥˩jznatʃi˥˩ːlnɛjʃi
najzrelejši	na˥˩jzrɛlɛ́ːjʃi
najživahnejši	na˥˩jʒiʋa˩˥ːxnɛjʃi
nakazilo	nakazˈil
naključje	naklju˥˩ːtʃjɛ
nakup	nɔkˈup
nalašč	nalaʃe
nalivati	nalivati
naloge	nalɔgɛ
nam	nom
namaz	nɔmˈas
namenilnik	namɛni˥˩ːlnik
namenoma	namɛːnɔma
namera	name˥˩ːra
nameravam	namɛravam
nameravaš	namɛra˩ʋaʃ
namesto	namˈɛsto
namibija	nami˩˥ːbija
namig	namˈik
namigovati	namigɔʋa˩˥ːti
namizna	namiːzna
namizno	namizna
nanašati	nana˥˩ːʃati
nanos	nanos
nanositi	nanɔsi˥˩ːti
nanositi	nanɔsi˩˥ːti
naokoli	naokˈɔli
naočniki	naɔtʃniki
napad	napa˥˩t
napade	napatɨ
napak	naːpak
napaka	napaˈka
napaka	napa˥˩ːka
napačen	napa˥˥tʃan˩˥ː
napačen	napa˥˩ːtʃən
napačna	napa˥˩ːtʃna
napačne	napaːtʃnɛ
napačni	napa˥˩ːtʃnɛ
napeljevalec	napelˈjɛvˈalˈetsˈ
napet	nˈɛpˌɛt
napisati	napisa˩˥ːti
napisati	napi˩˥ːsati
napitnina	napʲitnʲina
napoj	napoj
napolnjen	napɔu̯ɲjɛn
naprava	naprava
naprava	napra˥˩ːʋa
napraviti	napraviti
napravo	napravɔ
napreden	naprɛjdɛn
naprega	naprɛɠa
naprstnik	napə˥˩rstnik
naprtiti	napɛrtiti
napumpati	nɔpumpati
narasti	narastɪ
narava	nara˥˩ːʋa
narava	nara˩˥ːʋɑ
narave	nˈaˈravɛ
naraven	nara˩˥ːʋən
naravnejši	nara˩˥ːʋnɛjʃi
naravnost	nara˩˥ːʋnɔst
naredila	nˈaɾɛdila
naredili	narediˈlˈi
narediti	narɛdi˥˩ːti
narediti	narɛdi˩˥ːti
narediti	norediti
narečje	nare˥˩ːtʃjɛ
narkolepsija	narkɔlɛpsi˥˩ːja
narod	na˩˥ːrɔt
narodno	narɔdno
naročila	narotʃila
naročili	naˈrɔtʃili
naródi	naro˩˥ːti
nas	nˈɔs
naselje	nasˈɛlɛ
nasilje	nasˈiljɐ
nasičen	nasˈitʃin
naslednja	naslʲednʲa
naslednji	nasle˥˩ːdnji
naslednji	naslʲednʲi
naslednjih	naslʲednʲix
nasmeh	nasme˥˩ːx
nasmeh	nasmɛ́x
nasmehniti	nasme˩˥ːxniti
nasproti	nasprɔtɛ
nastati	nasta˩˥ːti
nastavek	naztafɛk
nastja	nˈastja
nastop	nastɔp
nastopati	nastopati
nastroj	nastro˥˩j
nasvidenje	nasʋi˥˩ːdɛnjɛ
natakar	nˈatˈakar
nataša	nata˥˩ːʃa
natlačena	natla˥˩tʃana
natrij	na˩˥ːtrij
natrpan	natɯrpan
natíhce	natɪxtsɛ
naučiš	nˈoˈutʃiʃ
navada	naʋa˥˩ːda
navaditi	naʋaːditi
navadna	navadna
navdih	naʋdi˥˩ːx
navdušenec	nau̯duʃɛnɛts
navpičen	nau̯pˈitʃən
nazaj	nazaɪ
nazaj	naza˩˥ːj
načelnik	natʃɛljnik
načelo	natʃɛ̀ːlɔ
načelo	natʃɛ́ːlɔ
načeti	natʃe˩˥ːti
načrt	natʃɔrt
načrt	natʃə˥˩rt
načrtu	natʃɛrtu
naš	na˥˩ʃ
naš'ga	naʃka
naša	nˈɑʃa
našemu	naʃɨmu
našim	nˈaʃi
našo	naʃo
ne	nɛ
ne	nɛ́
neapelj	nɛa˩˥ːpəl
neba	nˈɛba
nebesa	nɛbe˩˥ːsa
nebesa	nɛbɛsɐ
nebo	nɛbo˥˩ː
nebotičnik	nɛbɔti˥˩ːtʃnik
nebotičnik	nɛpotitʃnik
nedelja	nɛde˩˥ːlja
nedoločnik	nɛ́dɔlo˥˩ːtʃnik
nedoločnik	nɛ́dɔlo˩˥ːtʃnik
nedolžnost	nɛdɔu̯ʒnɔst
nedovršen	nɛ́dɔʋə˥˩rʃən
neenakost	nɛ́ɛna˥˩ːkɔst
neenakost	nɛ́ɛna˩˥ːkɔst
negazirana	nɛgazirɛna
nego	nɛgo
negotovi	nɛgɔtɔvi
negotovost	nɛgɔtɔvɔst
negóda	nɛgɔda
nehati	ne˥˩ːxati
nehemija	nɛxɛmi˥˩ːja
nekaj	nekaj
nekaj	ne˥˩ːkaj
nekaj	ne˩˥ːkaj
nekakšen	nˈɛkakʃɛn
nekakšno	nɛkakʃnɔ
nekam	ne˩˥ːkam
nekdo	ne˥˩ːgdɔ
nekdo	nɛkdo
nekje	nɛkje˥˩ː
nekje	nɛkje˩˥ː
nekoliko	ne˥˩ːko˥˩ːljko˥˩ː
nekoč	nɛkoˈtʃ
nekrofilija	nɛkrɔfili˥˩ːja
nekropola	nɛkro˥˩ːpɔla
nektarina	nɛktarɪna
nem	ne˥˩ːm
nema	nema
nemec	ne˩˥ːməts
nemka	ne˩˥ːmka
nemogoč	nɛ́mɔgo˩˥ːtʃ
nemčija	ne˥˩ːmtʃija
nemški	ne˩˥ːmʃki
nemščina	ne˩˥ːmʃtʃina
nenadoma	nɛnaːdɔma
nenehno	nɛnɛxnɔ
nenéhen	nˈeniːxən
neodim	neo˩˥ːdo˥˩ːm
neodim	nɛɔdi˥˩ːm
neodvisen	nɛ́ɔdʋi˩˥ːsən
neodvisno	nɛɔdvisnɔ
neon	neon
neon	ne˥˩ːɔn
neonacizem	ne˥˩ːɔnatsi˩˥ːzɛm
neplodnost	nɛ́plo˩˥ːdnɔst
neposreden	nɛ́pɔsre˥˩ːdən
neposredno	nɛpɔsrɛdnɔ
neposredno	nɛ́pɔsre˥˩ːdnɔ
nepotrpežljiv	nɛ́pɔtərpɛʒlji˥˩ːʋ
nepotrpežljivejši	nɛ́pɔtərpɛʒlji˩˥ːʋɛjʃi
nepredvidljiv	nɛ́prɛdʋidlji˥˩ːʋ
nepredvidljiv	nɛ́prɛdʋidlji˩˥ːʋ
nepremičnina	nɛpremitʃnina
neptun	nɛptu˥˩ːn
neptunij	nɛptuni
neptunij	nɛptu˩˥ːnij
nered	nˈɛrid
nesmrten	nˈɛsmrtˈan
nesposoben	nɛspɔso˥˩ːbɛn
nesposobnež	nɛspɔsɔbnɛʃ
nesti	nɛ̀ːsti
netopir	nɛtɔpi˥˩ːr
neumen	nɛu˩˥ːmən
neumnejši	nɛu˩˥ːmnɛjʃi
neurje	naurje
nevaren	nɛʋa˩˥ːrən
nevarna	nɛvarna
nevarnejši	nɛʋa˩˥ːrnɛjʃi
neverjetna	nɛʋɛrjetna
nevihta	nɛʋi˥˩ːxta
nezaupnica	nɛzaʔupnitsa
nezaželeno	nɛzaʒɛlɛnɔ
nečak	nɛtʃa˩˥ːk
nečakinja	nɛtʃa˩˥ːkinja
neža	nʲiːʒa
nežnost	nɛjʒnɔst
ni	ne
nihče	nixtʃɛ́
nihče	ni˥˩ːxtʃɛ
nikamor	nika˥˩ːmɔr
nikelj	ni˩˥ːkəl
nikjer	nikje˥˩ːr
nikjer	nˈekjˈer
nikolaj	nikolaj
nikolaj	nikɔla˥˩ːj
nikoli	nikoli
nikoli	niko˥˩ːli
nindža	ni˥˩ːndʒa
niobij	nijo˩˥ːbij
nirvana	nʲirvana
nisem	ni˩˥ːsɛm
nisi	ni˩˥ːsi
niso	niso
niso	ni˩˥ːsɔ
nista	ni˩˥ːsta
niste	ni˩˥ːstɛ
nisva	ni˩˥ːsʋa
nit	ni˥˩t
nizek	ni˩˥ːzək
nizozemec	nizɔze˥˩ːməts
nizozemka	nizɔze˥˩ːmka
nizozemska	nizɔze˥˩ːmska
nizozemski	nizɔze˥˩ːmski
nizozemščina	nizɔze˥˩ːmʃtʃina
nič	ni˥˩tʃ
nič	nˈitʃ
niša	ni˥˩ːʃa
niša	ni˩˥ːʃa
nižje	nˈiʒˈɛ
nje	nˈe
njegov	njɛgo˥˩ʋ
njegov	njɛgo˩˥ːʋ
njegova	njɛgɔva
njegovo	njɛgɔvɔ
njen	nje˩˥ːn
njena	njɛnɑ
njihov	nji˥˩ːxɔʋ
njihov	nji˩˥ːxɔʋ
njihovi	nixɔʋi
njun	nju˩˥ːn
nlp	nələpə˥˩
no	no
noben	nˈˌoːjbˈɛn
nobeno	nɔpɛnɔ
nocoj	nɔtso˩˥ːj
noga	no˩˥ːga
noga	nˈoːga
nogavica	nɔgaʋi˩˥ːtsa
noge	nɔgɛ
nogomet	nɔgɔmɛ́t
noht	no˥˩ːxt
noht	nˈɔx
noj	no˥˩j
noj	no˥˩ːj
nominativ	no˥˩ːminatiʋ
nor	no˥˩r
norca	nortsa
normalen	nˈɔrmalˈɛn
norveška	nɔrʋe˥˩ːʃka
norveški	nɔrʋe˥˩ːʃki
norveško	nɔrʋe˥˩ːʃkɔ
norveščina	nɔrʋe˥˩ːʃtʃina
norvežan	nɔrʋiʒan
norvežan	nɔrʋɛʒa˥˩n
norvežan	nɔrʋɛʒa˥˩ːn
norvežanka	nɔrʋɛʒa˥˩ːnka
nos	nos
nos	no˥˩ːs
nosač	nosatʃ
noseča	nʊsɛtʃa
nosečnica	nosɛtʃnitsa
nosečnica	nɔse˥˩ːtʃnitsa
nosečnost	nosɛtʃnɔst
nosilec	nosilets
nosilec	nɔsi˥˩ːləts
nositi	nɔsi˥˩ːti
nositi	nɔsi˩˥ːti
nosni	nosni
nosnica	nɔsnitsa
nosnice	nosnʲitsɛ
nosno	nʊsnɔ
nosorog	nɔsɔro˥˩ːk
nota	no˥˩ːta
nota	nuta
noter	no˥˩ːtɛr
noter	no˩˥ːtɛr
notri	no˥˩ːtri
notri	no˩˥ːtri
nov	no˥˩ʋ
november	nɔʋɛ̀ːmbər
novic	nɔvits
novica	nɔvitsa
novice	nɔvitse
novico	nɔvitsɔ
novih	nɔʋix
novinar	nɔvinar
novinec	nɔʋi˥˩ːnəts
noč	no˥˩ːtʃ
nočna	nɔtʃna
nočni	nɔtʃni
nož	no˥˩ʃ
nožna	nɔʒna
nožni	nɔʒni
nuna	nu˩˥ːna
nàs	as
o	o
obadva	ubadʋa
obala	oˈbala
obdelanih	ɔbdɛˈlaniːx
obed	ɔbɛ́t
obema	o˩˥ːbma˥˩
obet	apet
obisk	ɔbisk
obiskal	ɔbiskau
obiskati	o˩˥ːbɛska˥˩ːti
obiskovati	ɔbiskɔʋa˩˥ːti
običajno	ɔbitʃajno
objaviti	ɔbja˩˥ːʋiti
objektiv	ɔbjɛktiu
objem	ɔbjɛ́m
objeti	ɔbje˩˥ːti
oblak	ɔblak
oblak	ɔbla˥˩ːk
oblake	ablakɛ
oblast	oblast
oblast	ɔbla˥˩ːst
obleka	ɔble˥˩ːka
obletnica	ɔblɛtsnitsa
obleči	ɔblɛtʃi
oblika	ɔbli˥˩ːka
oblikosloven	ɔblikɔslo˥˩ːʋən
obljuba	abljubˌa
obljubiti	ɔbljubi˥˩ːti
obljubiti	ɔbljubi˩˥ːti
obljubiti	ɔblju˥˩ːbiti
obljubiti	ɔblju˩˥ːbiti
obmodek	ɔbmo˥˩ːdək
obmorska	ɔbmɔrska
oboa	o˥˩ːbɔa
obramba	ɔbra˥˩ːmba
obraniti	ɔbrani˥˩ːti
obraniti	ɔbrani˩˥ːti
obraz	ɔbras
obraz	ɔbra˥˩s
obraza	ˈɔbraːza
obrazen	ɔbra˥˩ːzən
obrazilo	ɔbrazi˩˥ːlɔ
obrazom	ɔbraːzɔm
obrazu	ɔbraːzu
obrezovanje	ɔbrɛzɔʋa˩˥ːnjɛ
obriti	ɔbriti
obrok	ɔbrok
obrt	abrt
obrv	ɔbə˥˩rʋ
obsedenost	ɔpse˥˩ːdɛnɔst
observatorij	ɔpsɛrʋato˥˩ːrij
obsečnica	ɔpse˥˩ːtʃnitsa
obsodba	ɔpsoɔdba
obsojati	ɔpsoːjati
obsojenec	ɔpsoːjɛnets
obtožba	ɔptɔːʐba
obuje	obujɛ
obujejo	ɔbujɛjɔ
obujemo	ɔbujɛmɔ
obujeta	ɔbujɛta
obujete	obujɛtɛ
obuješ	ɔbujaʃ
obuti	ɔbu˩˥ːti
občina	ɔptʃina
občudovalec	o˩˥ːptʃʊdo˩˥ːʋa˥˩lɛts
občutljiv	ɔptʃutlji˩˥ːʋ
ocizla	oː˩ːtsi˩˥ːzla
od	ɔd
odbira	ɔdbira
odbor	ɔdbɔr
oddajati	ɔtdaːjati
oddajnik	ɔdda˥˩ːjnik
oddajo	pɔddajɔ
oddih	pɔddix
odeja	ɔdɛ́ːja
oder	ɔdɑr
odgovor	ɔdgo˥˩ːʋɔr
odgovor	ɔdgɔvɔr
odgovora	ɔdgɔvɔra
odgovoriti	ɔdgɔʋɔri˥˩ːti
odgovoriti	ɔdgɔʋɔri˩˥ːti
odgovorna	ɔdgɔvɔrna
odideš	odidɛʃ
odjaviti	ɔdja˩˥ːʋiti
odkrili	podkrili
odkrit	ɔtkɾit
odkriti	pɔdkriti
odletele	odlɛtɛlɛ
odličen	ɔdli˩˥ːtʃən
odličnejši	ɔdli˩˥ːtʃnɛjʃi
odlok	odlɔk
odločba	ɔdlo˥˩ːdʒba
odločen	ˈɔdlˈˈoːtʃˈən
odločitev	ɔdlɔtʃitɛu
odločitve	ɔdloːtʃitʋɛ
odnesi	odne˥˩ːsi
odnos	ɔdno˥˩s
odnos	ɔdnɔs
odpirač	ɔtpiˈraːtʃ
odpoklicati	o˥˩ːdpo˥˩ːklitsatɛ
odporen	ɔtpɔran
odpri	pɔtpri
odrešenik	ɔdrɛʃɛni˩˥ːk
odslužiti	odsluʒiti
odvetnik	ɔdʋe˥˩ːtnik
odvisen	ɔdʋi˩˥ːsən
odvreti	ɔdʋre˩˥ːti
odvrzi	ɔdvɛrzi
ogaben	ɔgabɛn
ogal	ɔga˥˩ːʋ
ogel	o˥˩ːgəʋ
ogel	o˩˥ːgəʋ
ogenj	o˩˥ːgən
oglas	ɔgla˥˩s
oglas	ˈɔglˈas
oglasiti	oglasiti
ogledala	oglɛdala
ogledalo	ɔglɛda˩˥ːlɔ
oglje	o˥˩ːgljɛ
ogljik	ɔglji˥˩ːk
ogor	o˥˩ːgɔr
ogor	ɔgo˥˩ːr
ograja	ograja
ograja	ɔgra˥˩ːja
ograja	ɔgra˩˥ːja
ograjen	ɔgrajɛm
ogrizek	ogrizɛk
ogromna	ɔgrɔvna
ogroziti	ɔgrɔzi˥˩ːti
ogroziti	ɔgrɔzi˩˥ːti
ogrožati	ɔgro˩˥ːʒati
ogrska	o˩˥ːgərska
oja	oja
oje	ɔje˥˩ː
okarina	ɔkari˥˩ːna
oklepaj	oklɛpaj
oklepaj	ɔklɛpa˥˩ːj
okli	okli
okna	ˈokna
okno	o˩˥ːknɔ
oko	o˥˩ːkɔ
oko	ɔko˥˩ː
okopati	ɔko˩˥ːpati
okopati	ɔkɔpa˩˥ːti
okopavati	ɔkɔpa˥˩ːʋati
okostje	ɔko˥˩ːstjɛ
okrasek	ɔkrasɛk
okrogel	ɔkro˩˥ːgəʋ
oktober	ɔkto˩˥ːbər
oktober	ɔktuˈbɛr
okulistika	ɔkulistika
okusen	ɔku˥˩ːsən
okusen	ɔku˩˥ːsən
okusiti	okusiti
okužba	ɔkuʐba
ol	o˥˩ːl
ol	o˥˩ːʋ
oligarhija	ɔligarxi˥˩ːja
olje	o˩˥ːljɛ
omaka	ɔma˥˩ːka
omamiti	omamiti
oman	o˥˩ːman
omela	omela
omrežni	omrɛʒni
on	on
ona	o˩˥ːna
one	o˩˥ːnɛ
onesnaževati	o˥˩ːnɛsnaʒɛva˥˩ːti
oni	o˩˥ːni
ono	o˩˥ːnɔ
ono	ɔno˥˩ː
ontogenija	ɔntɔgeˈnja
opat	ɔpa˥˩ːt
opatija	ɔpati˥˩ːja
opatinja	ɔpa˥˩ːtinja
opazovati	ɔpazɔʋa˩˥ːti
opeka	opɛka
opeka	ɔpe˥˩ːka
opeklina	opeklina
opereta	ɔpɛre˥˩ːta
opica	o˥˩ːpitsa
opoldne	ɔpɔudnɛ
opomba	ɔpo˥˩ːmba
oporoka	ɔpɔro˥˩ːka
opravki	ɔprau̯ki
oprostite	ɔprɔsti˥˩ːtɛ
optika	o˩˥ːptika
optičen	o˩˥ːptitʃən
opuščaj	ɔpuʃtʃa˥˩ːj
orada	ɔrara
oranža	ɔra˥˩ːnʒa
oranžen	ɔranʒɛn
oranžen	ɔra˥˩ːnʒən
oreh	o˩˥ːrɛx
oreh	ɔrɛx
orel	o˩˥ːrəʋ
organizacija	ɔrganiza˩˥ːtsija
orgazem	ɔrga˩˥ːzəm
orgazmičen	ɔrga˩˥ːzmitʃən
orgija	o˩˥ːrgija
orgle	o˥˩ːrglɛ
orhideja	ɔrxidɛ́ːja
orjak	ɔrja˩˥ːk
orlič	ɔrli˥˩tʃ
orodje	ɔro˥˩ːdjɛ
orodnik	ɔro˥˩ːdnik
orodnik	ɔrɔdnʲik
osa	o˩˥ːsa
osa	ɔsɐ
ose	asɛ
oseba	ɔse˥˩ːba
osebe	osɛbɛ
oseben	ɔse˥˩ːbən
osebne	osɛbnɛ
osebnost	ɔsɛbnɔst
osel	o˩˥ːsəʋ
osem	awˈsɛm
osem	o˩˥ːsəm
osemdeset	o˩˥ːsəmdɛsɛt
osemnajst	o˥˩ːsəmnajst
osemnajst	o˩˥ːsəmnajst
osemnajst	ɔsəmna˩˥ːjst
osemnajst	ɔsɛmnaːjsɨt
osma	ɔsma
osmij	o˩˥ːsmij
osnoven	ɔsno˥˩ːʋən
osnovne	ɔsnɔʋnɛ
osnovnejši	ɔsno˥˩ːʋnɛjʃi
osončje	ɔso˥˩ːntʃjɛ
ost	o˥˩ːst
ostajati	ɔstajati
ostanejo	ostanɛjo˥˩ː
ostati	ɔsta˩˥ːti
oster	o˩˥ːstər
ostriga	ɔstri˥˩ːga
ostrivec	ɔstri˥˩ːʋəts
osvajati	ɔsvajati
otava	ɔta˩˥ːʋa
oteti	ɔte˩˥ːti
otlica	otlitsa
otok	o˩˥ːtɔk
otok	ɔtɔk
otomanski	ɔtɔma˥˩ːnski
otor	ɔto˥˩r
otoški	ɔtɔrʃki
otrok	o˩˥ːtrɔk
otrok	ɔtro˥˩k
otroki	ɔtɾɔki
otroku	ɔtrɔku
otroče	ɔtrɔtʃɛ́
otročji	ɔtro˩˥ːtʃji
otvoriti	ɔtʋo˥˩ːriti
otvoriti	ɔtʋo˩˥ːriti
ovca	o˩˥ːʋtsa
ovce	ɔʋtsɛ
oven	o˩˥ːʋən
oves	o˩˥ːʋəs
ovratnik	ɔʋra˥˩ːtnik
ovčar	ɔʋtʃa˩˥ːr
ozek	o˩˥ːzək
oziroma	ɔzirɔma
oziroma	ɔzi˥˩ːrɔma
oznaka	ɔzna˥˩ːka
označba	oznatʃba
ozrem	ozrɛm
ozvezdje	ɔzʋe˥˩ːzdjɛ
očala	otʃala
očala	ɔtʃa˥˩ːla
oče	o˩˥ːtʃɛ
očim	aːtʃim
očim	o˥˩ːtʃim
očim	o˩˥ːtʃim
očiten	otʃitɛn
očiten	ɔtʃi˩˥ːtən
očitnejši	ɔtʃi˩˥ːtnɛjʃi
očitno	ɔtʃitnɔ
očku	ɔtʃku
ošiliti	ɔʃi˩˥ːliti
ožemati	ɔʒe˥˩ːmati
ožeti	ɔʒe˩˥ːti
ožji	o˥˩ːʒji
p	pɛ
pa	fa
pa	pa
padalo	naˈdalɔ
padalo	pada˩˥ːlɔ
padati	pa˥˩ːdati
padati	pa˩˥ːdati
padec	pa˥˩ːdəts
paglavec	pa˩˥ːglaʋəts
pahor	pa˩˥ːxɔr
pajek	pa˥˩ːjək
pajkovec	pajkɔbɛts
paket	paˈkeːt
paladij	paladj
paladij	pala˩˥ːdij
paladin	paladi˥˩ːn
palača	pala˩˥ːtʃa
palec	pa˥˩ːləts
paleolitik	palɛɔli˩˥ːtik
palestina	palɛsti˥˩ːna
palindrom	palindro˥˩ːm
palma	pa˥˩ːlma
pamet	pa˩˥ːmɛt
pamet	pˈamɛt
pameti	pamete
panj	pa˥˩ːn
panjski	panˈski
panoga	panoga
panogi	paɑnɔgi
panožica	pɑnɔʒitsa
panožice	panoʒitsɛ
papagaj	papaga˥˩ːj
papež	papɛʃ
papeža	pa˥˩ːpe˥˩ːʒa˥˩ː
papiga	pa˥˩ːpiga
papir	papi˥˩ːr
papirje	papirja
par	pa˩˥ːr
paradižnik	paradi˥˩ːʒnik
paradoks	parado˥˩ːks
paranoja	parano˥˩ːja
parfum	parfu˥˩ːm
pariz	paris
pariz	pari˥˩ːs
parlamenta	parlamenta
parlamentarne	parlamentˈarne
pas	paz
past	pa˥˩ːst
pasti	paste
pasti	pa˩˥ːsti
pastir	pasti˩˥ːr
patologija	patɔlɔgi˥˩ːja
patološki	patɔlo˥˩ːʃki
paula	pau̯la
pav	pau̯
pav	pa˥˩ːʋ
pavel	pa˥˩ːʋəl
pavliha	pau̯lʲixa
pazder	pazde˥˩ːr
pazder	pazde˩˥ːr
pazderje	pazde˥˩ːrjɛ
pazduha	pa˥˩ːzduxa
pazila	bazila
pač	pa˥˩tʃ
pecilni	petsˈilnˈi
pedagogika	pɛdago˩˥ːgika
pega	pjɛga
pegatka	pɛga˥˩ːtka
pehati	pe˥˩ːxati
pehati	pəxa˩˥ːti
pek	pe˥˩ːk
pek	pe˩˥ːk
peka	pɛkɐ
pekač	kəkˈatʃ
pekel	pəkə˥˩ʋ
pekel	pə˩˥kəʋ
peklu	pɛklʊ
peljati	keljati
peljati	pɛlja˩˥ːti
pena	pe˩˥ːna
pendrek	pɛnˈdrɛk
penicilín	penitsilin
penis	penis
penis	pe˥˩ːnis
pentlja	peˈnlja
pepel	pɛpe˥˩ːʋ
pepel	pɛpɛo
pepelka	pɛpe˥˩ːlka
pepelka	pɛpɛlkɐ
pereti	pɛre˩˥ːti
perilu	peɾilu
pernica	pʲernitsa
pero	pɛro˥˩ː
peron	pɛro˥˩ːn
perut	pɛru˥˩ːt
perutnina	pɛrutni˩˥ːna
perverzija	pɛrʋɛrzi˥˩ːja
perverzija	pɛrʋɛ̀ːrzija
pes	pə˥˩s
pes	pɛ́s
pesa	pesa
pesek	pe˩˥ːsək
pesem	pe˥˩ːsəm
pesjak	beˈsjak
pesnik	pe˥˩ːsnik
pesništvo	pe˥˩ːsniʃtʋɔ
pester	pe˩˥ːstər
pestič	pɛsti˥˩tʃ
pestrejši	pe˩˥ːstrɛjʃi
pet	pe˥˩ːt
pet	pɛ́ːt
peta	peta
peta	pɛ̀ːta
petdeset	pe˥˩ːddɛsɛt
petek	pe˩˥ːtək
petek	pe˩˥ːtɛk
petelin	pɛtɛ̀ːlin
peter	pe˩˥ːtər
peteršilj	pɛtɛrʃi˥˩l
peteršilj	pɛtɛrʃi˥˩ːl
peti	pe˩˥ːti
peti	pɛ̀ːti
petica	pətˈitsˈa
petje	petja
petnajst	pe˥˩ːtnajst
petnajst	pɛtna˩˥ːjst
petsto	pe̞t̪st̪o
pevec	pe˩˥ːʋəts
pevec	pɛjvɛts
pezdir	pɛzdi˥˩ːr
pezdir	pɛzdi˩˥ːr
peč	pe˥˩ːtʃ
pečat	pɛtʃa˥˩ːt
pečenka	pɛtʂɛnka
peči	pɛ̀ːtʃi
phati	pxa˩˥ːti
pi	pi˥˩ː
pianist	pijani˥˩ːst
pianistka	pjanistka
pica	pi˥˩ːtsa
pica	pi˩˥ːtsa
pihati	pi˩˥ːxati
pij	pj
pijana	piana
pijanec	pianets
pijavka	pija˥˩ːʋka
pijača	pija˩˥ːtʃa
pijača	pjatʃa
pije	pijɐ
pikapolonica	pikapɔlo˥˩ːnitsa
pil	pi˥˩ːl
pil	pi˩˥ːl
pila	pi˥˩ːla
pila	pi˩˥ːla
pilot	pilˈot
pingvin	pingʋi˥˩ːn
pintarič	pi˩˥ːntaritʃ
pionirski	pionirski
pipa	pi˩˥ːpa
pipistrel	pipistral
pira	pi˩˥ːra
piramida	pirami˥˩ːda
piramida	pirmida
pirat	firat
pirc	pɪrts
pisanjem	piˈsanjɛm
pisarna	pisa˥˩ːrna
pisarna	pisa˩˥ːrna
pisatelj	pisa˥˩ːtɛl
pisateljica	pʲisatɨljitsa
pisati	pisa˩˥ːti
pisati	pi˩˥ːsati
pisker	piskɐr
pismo	pismɔ
pistacija	pista˩˥ːtsija
pita	pi˩˥ːta
pitagora	pita˩˥ːgɔra
pitagora	pʲitagɔra
piti	pi˩˥ːti
piton	pito˥˩ːn
piva	piva
pivo	pi˩˥ːʋɔ
pizda	bizda
pizda	pi˥˩ːzda
pizda	pi˩˥ːzda
pišete	piːʃete
piškav	piʃkau
piškot	piʃkɔt
pištola	piʃto˥˩ːla
piščanec	piʃtʃa˩˥ːnəts
pižama	pʲiʐama
plamen	pla˩˥ːmɛn
plamenec	plame˥˩ːnəts
plamenec	plame˩˥ːnəts
planet	plane˥˩ːt
planet	planˈet
planeta	planet̪a
planeti	plamɛti
planetu	planitu
planinšek	planinʃak
planke	plˈankə
plastičen	plastɪtʃɛn
platana	plata˥˩ːna
platina	pla˥˩ːtina
platišče	platiʃtʃe
platnica	platʁitsa
plav	plau̯
plavati	pla˥˩ːʋati
plavje	plaujɛ
plavut	plavut
plavutka	plavutka
plaz	pla˥˩ːs
plazilec	plazi˥˩ːlɛts
plača	plaːtʃˈa
plačam	platʂam
plačati	platʃatɛ
plačati	platʃa˩˥ːti
plačati	pla˩˥ːtʃati
plačo	platʃo
plašč	pla˩˥ːʃtʃ
plaža	pla˩˥ːʒa
plemeniti	plemeniti
ples	pleas
ples	ple˥˩ːs
plesa	plˈeɪsˌa
plesalec	plesalɛts
plesati	ple˩˥ːsati
plesati	plɛsa˩˥ːti
plesen	ple˥˩ːsən
pleskavica	plesgavitsa
plesti	plɛ̀ːsti
pleten	plˈten
pletenina	pletɛnina
pleti	ple˩˥ːti
pletna	plˈɛtnˈɑ
pleva	ple˩˥ːʋa
plezali	plezal
plitvice	plitvitsɛ
pljuča	plju˩˥ːtʃa
pljuča	plʲutʃa
pljučnica	plju˥˩ːtʃnitsa
pljučnica	plʲutʃnitsa
plod	plo˥˩ːt
ploden	plo˩˥ːdən
ploden	plˈɔdən
plodnejši	plo˩˥ːdnɛjʃi
plosk	plo˥˩sk
pločevinka	plɔtʃɛʋi˥˩ːnka
plošča	plˈoʃtʃa
ploščad	pluʃtʃat
ploščat	plˈoʃtʃat
plug	plu˥˩k
plug	plu˥˩ːk
plus	plˈʊs
pluta	fluta
pluta	plu˩˥ːta
pluti	plu˩˥ːti
plutokracija	plutɔkratsi˥˩ːja
pluton	plu˥˩ːtɔn
plutonij	pluto˩˥ːnij
po	pɔ
po	pɔː
pobegi	pobɛgi
pobili	pobili
pobirati	pobirati
poceni	pɔtse˩˥ːni
pod	po˥˩t
podaj	pɔdaj
podaljšati	pɔda˥˩ːlʃati
podarim	pɔdɐrʲim
podatek	pɔdatɛk
podatki	pɔdatki
podatkov	pɔdatkɔu̯
podcelina	po˩˥ttsɛli˩˥ːna
pode	pɔ̂dɛ
podel	po˩˥ːdəʋ
podelati	podelati
podgane	pɔdganɛ
podhranjen	pɔtxramjɛn
poditi	pɔdˈiti
podivjati	pɔdiʋjati
podkev	po˩˥ːtkəʋ
podkovan	pɔtkɔvan
podkovati	pɔtkɔʋa˩˥ːti
podla	po˩˥ːdla
podlasica	pɔdla˩˥ːsitsa
podlejši	po˩˥ːdlɛjʃi
podleči	pɔdle˩˥ːtʃi
podlež	pɔdlɛʃ
podlost	podlɔst
podlunšek	podlunʃɛk
podmornica	pɔdmo˥˩ːrnitsa
podnebje	pɔtnɛbjɛ
podoba	pɔdo˥˩ːba
podobe	pɔdɔbe
podoben	kɔdɔbɛn
podoben	pɔdo˩˥ːbən
podobnejši	pɔdo˩˥ːbnɛjʃi
podoknica	pɔdɔknitsa
podoknice	pɔdɔknitsɛ
podpis	putpis
podpičje	po˥˩tpi˥˩ːtʃjɛ
podpora	pɔtpɔra
podpori	pɔtpɔri
podporo	pɔdpɔrɔ
podroben	pɔdro˥˩ːbən
podrobnejši	pɔdro˥˩ːbnɛjʃi
podrobnost	pɔdro˥˩ːbnɔst
podrobnosti	pɔdrɔbnɔsti
področje	pɔdɾɔtʃjɛ
področju	pɔdrɔtʃjʊ
podstrešje	pɔtstrɛʃɛ
podvoz	pɔtɔɦɔs
podvreči	pɔtvrɛtʃi
podčrtaj	pɔtʃɐrtaj
podžigálec	pɔdʒigalɛts
pofukan	pɔfu˥˩ːkan
pofukati	pɔfu˥˩ːkati
pogača	pɔga˩˥ːtʃa
pogačar	pɔga˥˩ːtʃar
pogačnik	pɔgatʃnɛk
pogleda	poglɛda
pogledala	pˈoːglˈədˈala
pogledaš	pɔglɛ˥˩da˥˩ʃ
poglejta	poglɛjta
pogodba	pɔgo˥˩ːdba
pogoj	pɔgo˥˩j
pogojnik	pɔgo˥˩ːjnik
pogoltniti	pɔgo˩˥ːʋtniti
pogosteje	pɔgo˥˩ːstɛjɛ
pogostejše	pɔgo˥˩ːstɛjʃɛ
pogosten	pɔgɔstɛm
pogosto	pɔgo˥˩ːstɔ
pogovor	pɔgo˥˩ːʋɔr
pogovoren	pɔgo˥˩ːʋɔrən
pogovoriti	pɔgɔʋɔri˥˩ːti
pogreti	po˥˩ːgri˩˥ːti˥˩
pogrešala	pɔgrɛʃala
pogrešam	pɔgrɛʃɔm
pogrešati	pɔgre˩˥ːʃati
poguma	poguma
pogumen	pɔgu˩˥ːmən
pogumen	pˈɔgˈumˈan
pogumna	pugumna
pogumnejši	pɔgu˩˥ːmnɛjʃi
pogumnih	pogumnix
pohištvo	pɔxi˥˩ːʃtʋɔ
pohorje	po˥˩ːxɔrjɛ
pojasniti	pɔjasni˥˩ːti
pojasniti	pɔjasni˩˥ːti
pojasniti	pɔja˥˩ːsniti
pojasniti	pɔja˩˥ːsniti
pojavnost	pɔjau̯nɔst
pojedina	pɔjɛdina
pojutrišnjem	po˥˩ːjutriʃnʲɛm
pojutrišnjem	pɔju˥˩ːtriʃnjɛm
pok	pok
pokazati	pɔkaza˩˥ːti
pokažeš	pokaˈʒɛʃ
pokažite	pokaʒite
poker	po˩˥ːkər
poklekniti	pɔkle˩˥ːkniti
poklekniti	pɔklɛkni˥˩ːti
poklic	pɔkli˥˩ːts
poklicati	pɔkli˩˥ːtsati
poklicu	puklitsːu
pokličeš	pokli˥˩tʃɛʃ
pokličite	poklitʃitɛ
pokljuka	pokljuka
poklopca	pɔklɔptsa
pokol	pɔko˥˩l
pokop	pɔko˥˩p
pokovka	pɔkɔlka
pokrov	pɔkro˥˩ʋ
pokrovka	pɔkrɔu̯ka
pol	pɔn̪
polagati	pɔlaːgati
polbrat	po˥˩ːʋbra˥˩t
poldan	po˥˩ːʋdan
polder	pɔldar
polenovka	pɔle˩˥ːnɔʋka
polenta	polenta
polet	pˌɔlˈɛt
poletje	pɔle˥˩ːtjɛ
polh	po˥˩ːʋx
polh	po˩˥ːʋx
polica	politsa
polica	pɔli˩˥ːtsa
policaja	pɔlitsaja
policija	pɔlitsi˥˩ːja
policijski	pɔlitsiski
policist	pɔlitsist
policist	pɔlitsi˥˩ːst
policista	pɔlitsista
policisti	pɔlitsisti
policistka	pɔlitsi˥˩ːstka
politeizem	pɔlitɛi˩˥ːzəm
politika	pɔlʲitika
politični	po˥˩ːliti˥˩ːtʃni˥˩ː
polizati	pɔliza˩˥ːti
poljakinja	pɔlja˩˥ːkinja
poljane	pɔljˈane
poljanšek	pɔlja˩˥ːnʃək
polje	po˥˩ːljɛ
polje	pɔlje˥˩ː
polje	pɔlʲe
poljedelstvo	pɔljɛde˥˩ːlstʋɔ
poljska	po˥˩ːlska
poljska	pɔlska
poljski	po˥˩ːlski
poljsko	po˥˩ːlskɔ
poljub	pɔljup
poljubi	poljubi
poljubiti	pɔljubi˥˩ːti
poljubiti	pɔljubi˩˥ːti
poljubiti	pɔlju˥˩ːbiti
poljubiti	pɔlju˩˥ːbiti
poljščina	po˥˩ːlʃtʃina
polkovnica	pɔlko˥˩ːʋnitsa
polkrog	po˥˩ːlkro˥˩ːk
polmer	pɔlme˥˩ːr
polmer	pɔʋme˥˩ːr
polmesec	po˥˩ːlme˥˩ːsɛts
poln	po˥˩ːʋn
poln	pɔːn
polnejši	po˩˥ːʋnɛjʃi
polonij	pɔlo˩˥ːnij
polotok	po˥˩ːlɔtɔk
polovica	pɔlɔʋi˩˥ːtsa
položaj	pɔlɔʒajɔ
položaju	pɔlɔʒajʊ
položnica	pɔlɔʒnitsa
polulam	polulam
polzeti	pɔʋze˩˥ːti
polž	po˥˩ːʋʃ
polž	po˩˥ːʋʃ
pomaga	pomaga
pomagati	pɔmaga˩˥ːti
pomagač	pomagatʃ
pomaranča	pɔmara˥˩ːntʃa
pomarančen	pɔmarantʃɔn
pome	pome
pomemben	pɔme˩˥ːmbən
pomembna	pomembna
pomembnejši	pɔme˥˩ːmbnɛjʃi
pomembnejši	pɔme˩˥ːmbnɛjʃi
pomembnost	pɔme˥˩ːmbnɔst
pomembnost	pɔme˩˥ːmbnɔst
pomen	pɔmɛ́n
pomenoslovje	pɔmɛnɔslo˥˩ːʋjɛ
pomenski	pɔme˥˩ːnski
pomigati	pomigati
pomislili	pomislili
pomiti	pomiti
pomlad	pɔmla˥˩ːt
pomniti	po˥˩ːmniti
pomoč	pɔmo˥˩ːtʃ
pomočnik	pomo˥˩ːtʃni˥˩ːk
ponarediti	pɔnarɛdi˥˩ːti
ponarediti	pɔnarɛdi˩˥ːti
ponedeljek	pɔnɛde˥˩ːljək
ponos	pɔno˥˩s
ponosen	pˈɔ̃ɛnɔsən
ponosna	pɔnosna
ponosni	pɔnɔsnɛ
ponoči	pɔnɔtʃe
ponudila	pɔnudila
ponudim	pɔnuˈdiˈm
popačenka	pɔpa˥˩ːtʃɛnka
popek	po˥˩ːpək
popek	pɔpɛk
poper	po˩˥ːpər
poper	pɔpɛr
poplava	pɔplava
poplava	pɔpla˥˩ːʋa
popoldan	pɔpo˥˩ːʋdan
popoldan	pɔpɔu̯dan
popravi	pɔprɑ˥˩ːʋi
popraviti	pɔpra˥˩ːʋite
por	po˥˩r
por	po˥˩ːr
porabiti	po˥˩ːra˥˩ːbiti
porcelan	pɔrtsɛla˥˩ːn
porcija	pɔrtsia
poreden	po˥˩ːre˥˩ːdon
porednež	po˥˩ːrɛdnɛʃ
porekla	porekla
pornograf	pɔrnɔgra˥˩ːf
pornografija	pɔrnɔgrafi˥˩ːja
pornografski	pɔrnɔgra˥˩ːfski
porod	po˩˥ːrɔt
porod	pɔro˥˩t
poroka	pɔrɔka
porota	pɔrɔta
porotnik	pɔrutnik
poročan	pɔrɔtʃan
poročena	pɔrɔtʃɛna
poročilo	pɔrɔtʃi˩˥ːlɔ
poročiti	pɔrɔtʃiti
poročnica	pɔro˥˩ːtʃnitsa
poročnik	pɔro˥˩ːtʃnik
portfelj	pɔrtfe˥˩ːl
portoriko	pɔrtɔri˥˩ːkɔ
portret	pɔrtre˥˩ːt
portugalec	pɔrtuga˥˩ːləts
portugalec	pʊrtugalɛts
portugalka	pɔrtuga˥˩ːlka
portugalska	pɔrtuga˥˩ːlska
portugalski	pɔrtuga˥˩ːlski
portugalsko	pɔrtuga˥˩ːlskɔ
portugalščina	pɔrtugalʃtʃinɛ
portugalščina	pɔrtuga˥˩ːlʃtʃina
posameznik	pɔsa˥˩ːmɛznik
posamičen	pɔsamitʃɛn
posebej	pɔse˥˩ːbɛj
posebne	pɔsɪbnɛ
posebni	pɔsɛbni
posebno	pɔsɛbno
posel	po˩˥ːsəʋ
poskakovati	pɔskakɔvati
poskus	puzkuz
poskusite	pɔskuːsita
poskusiti	pɔsku˩˥ːsiti
poskušaj	pɔskuʃaj
poskušali	poskuʃali
poskušati	pɔsku˩˥ːʃati
posla	posla
poslabšanje	po˥˩ːslap˩˥ːʃanɛ
poslanci	pɔzlaŋtsi
poslanec	pɔslaːnɛts
poslati	po˥˩ːsɫati
posle	pɔslɛ
poslušati	pɔslusati
poslušati	pɔsluʃa˩˥ːti
poslušati	pɔslu˩˥ːʃati
posnetek	posnɛtɛk
posoda	pɔsɔdɑ
posoditi	pɔso˩˥ːditi
posoditi	pɔsɔdi˥˩ːti
posoditi	pɔsɔdi˩˥ːti
posodobiti	pɔsɔdo˥˩ːbiti
pospešek	pɔspe˥˩ːʃək
post	po˥˩st
postaja	pustaja
postaja	pɔsta˥˩ːja
postanem	pɔstanɛm
postaneš	postanɛʃ
postati	posta˥˩ːti
postati	pɔsta˩˥ːti
postavite	pɔstɑʋitɛ
postelja	po˩˥ːstɛlja
posteljica	po˩˥ːstɛljitsa
postopek	pɔstupɛk
postrv	pɔstə˥˩rʋ
posvojenec	pɔswɔjɛnɛts
pot	po˥˩ːt
pot	po˩˥ːt
potegni	pute˥˩ːgni˥˩ː
potegovati	pɔtɛgɔʋa˩˥ːti
poteka	pɔtɛkɑ
potem	potɛm
potem	pɔte˥˩ːm
potem	pɔtɛ́m
poten	pɔtɨn
potenca	potentsa
potica	pɔtitsa
potisniti	pɔtisneːti
potnik	pɔtnik
potok	po˩˥ːtɔk
potok	pɔtɔk
potoki	pɔtɔlki
potoček	pɔtɔtʃak
potreben	pɔtrɛban
potrebna	potrɛbna
potrebnejši	pɔtre˩˥ːbnɛjʃi
potrebovati	pɔtrɛbɔʋa˩˥ːti
potres	pɔtrɛ́s
potrpežljiv	pɔtərpɛʒlji˩˥ːʋ
potrpežljivejši	pɔtərpɛʒlji˩˥ːʋɛjʃi
potrtih	pɔtɔrtix
potíhce	pɔtɪxtsɛ
potíhniti	pɔtiːxniti
povedat	po˥˩ːʋʲæjdat
povednik	pɔʋe˥˩ːdnik
povest	pɔʋɛ̀ːst
povir	po˥˩ːʋiɾ
povratnik	pɔʋra˥˩ːtnik
površina	pɔʋərʃi˩˥ːna
pozaba	pɔzaba
pozabiti	pɔzabi˥˩ːti
pozabiti	pɔza˩˥ːbiti
pozabiti	pɔzɔbiti
pozabljen	pɔzabljɛn
pozavna	pɔza˥˩ːʋna
pozdrav	pɔzdra˥˩ʋ
pozdravi	puzdraʋi
pozen	po˩˥ːzən
pozimi	pɔzimi
pozitivizem	po˥˩ːziti˩˥ːʋism
pozitron	pɔzitro˥˩ːn
poznajo	pɔzɲajɔ
poznala	pɔzna˥˩ːlɑ
poznali	pɔznalɛ
poznamo	pɔznɑmɔ
poznati	pɔznaːti
poznati	pɔzna˩˥ːti
pozneje	pɔzɲɛjɛ
pozno	po˩˥ːznɔ
pozor	pozɔr
pozorno	pɔzɔrno
pozornost	pɔzo˩˥ːrnɔst
pozornosti	pɔzɔrnɔsti
počakal	pɔtʃaˈkɔl
počakala	pɔtʃaːkala
počasi	pɔtʃa˥˩ːsi
počasneje	pɔtʃasnɛ́ːjɛ
počeli	pɔtʃɛli
početi	pɔtʃɛti
počitek	pɔtʃitɛk
počitek	pɔtʃi˥˩ːtək
počiti	po˩˥ːtʃiti
počiti	pɔtʃite
počiti	pɔtʃi˩˥ːti
počitnicah	pɔtʃitɲitsax
počnemo	pɔtʃnɛ˥˩mɔ
počneta	pɔtʃnɛta
pošasti	pɔʃaːsti
pošilja	poʃilja
poškodba	puʃkɔdba
poškodoval	pɔʃkɔdɔʋɑu̯
poškodovan	pɔʃkɔdɔvan
pošlje	pɔʃlʲe
pošlješ	pɔɬʃlɛʃ
pošten	pɔʃtɛn
poštena	pɔʃtɛːna
pošto	pɔʃto
požar	pɔʒa˥˩ːr
požar	pʊˈʒar
požig	pɔʒi˥˩ːk
požiralec	pɔʒiraːlɛts
požiralnikom	pɔʒiɾau̯nikɔm
prababica	pra˥˩ːba˩˥ːbitsa
praded	pra˥˩ːde˥˩ːt
praded	pra˥˩ːdɛ́t
prag	prak
praga	pra˩˥ːga
pragermanščina	pra˥˩ːgɛrma˥˩ːnʃtʃina
prah	pra˥˩ːx
prakrt	pra˥˩ːkərt
praktično	praktitʃno
praporščak	prapɔrʃtʃa˩˥ːk
praporščakinja	prapɔrʃtʃa˩˥ːkinja
prase	prasɛ́
prase	pra˥˩ːsɛ
prase	pra˩˥ːsɛ
praskati	prasˈkati
praslovanski	pra˥˩ːslɔʋa˥˩ːnski
praslovanščina	pra˥˩ːslɔʋa˥˩ːnʃtʃina
prati	pra˩˥ːti
prav	prau̯
prava	prava
pravem	pravɛm
pravica	pravitsa
pravica	praʋi˩˥ːtsa
pravici	pravitsi
pravila	pravila
pravilen	praʋi˥˩ːlən
pravilneje	praʋi˥˩ːlnɛjɛ
pravilnejše	praʋi˥˩ːlnɛjʃɛ
pravilno	praʋi˥˩ːlnɔ
pravimo	pravimɔ
praviti	praviti
pravičen	praʋi˥˩ːtʃən
pravičen	praʋi˩˥ːtʃən
pravičnost	praʋi˥˩ːtʃnɔst
pravkar	pra˥˩ʋkar
pravljica	pra˥˩ːʋljitsa
pravo	pra˥˩ːʋɔ
pravopis	praʋɔpi˥˩ːs
prazen	pra˩˥ːzən
prazeodim	prazɛuɔdim
prazeodim	prazɛɔdi˥˩ːm
praznik	pɾaznik
praznina	prasnina
prazniti	prazni˥˩ːti
prazniti	prazni˩˥ːti
prazniti	pra˩˥ːzniti
praznično	pra˥˩ːznjtʃnɔ
praznovati	prasˈnɔvati
prašati	praʃa˩˥ːti
prašati	pra˩˥ːʃati
prašek	praˈʃɯk
prašič	pra˩˥ːʃitʃ
prašnik	pra˥˩ːʃnik
pražiti	pra˩˥ːʒiti
prebava	prɛba˥˩ːʋa
preberite	preberite
prebirati	prɪbʲiratʲi
prebiti	prɛbi˩˥ːti
prebivalec	prɛbiʋa˥˩ːləts
prebivališče	prebivaliʃtʃe
prebrati	prebrati
prebudila	prebudila
precej	pritsˈej
pred	prɛt
pred	rˈɛd
predal	prɛda˥˩ːl
predaleč	prɛda˩˥ːlɛtʃ
predhodnik	prɛdxo˥˩ːdnik
predjama	predeama
predlaga	prɛdlaːga
predlagati	prɛdla˥˩ːgati
predlog	prɛdlɔk
predlog	prɛ̀ːdlɔk
predloga	prɛdluˈga
predmet	prɛdmɛ
predmet	prɛ̀ːdmɛt
prednik	pre˥˩ːdnik
predno	prɛˈdnɔ
prednost	prednost
predolgo	prɛdɔu̯gɔ
predor	pɾɛdɔr
predpis	predpiz
predpogodba	prɛtpogo˥˩ːdba
predpona	prɛtpo˥˩ːna
predpreteklik	prɛ́tprɛtɛ̀ːklik
predrla	predərla
predsednik	prɛtse˥˩ːdnik
predsednika	pratsʲɛdnʲika
predsodek	prɛtsɔdak
predstave	prɛdstavɛ
predstavljaš	predstau̯ljaʃ
predvideti	prɛdʋi˩˥ːdɛti
predvidljiv	prɛdʋidlji˥˩ːʋ
predvidljiv	prɛdʋidlji˩˥ːʋ
predvidljivost	prɛdʋidlji˩˥ːʋɔst
pregled	prˈɛglˌɛt
prehlad	prɛxla˥˩t
preiskavo	prɛjskaʋɔ
preizkusiti	preizkusiti
preizkušati	prejskuʃati
preja	preja
preja	prɛ̀ːja
preja	prɛ́ːja
prejeti	prijˈeti
prek	prik
preklet	prɛkle˥˩ːt
prekleto	prɛkɛlɛtɔ
prekletstvo	prɛkle˥˩ːtstʋɔ
prekmurje	prekmurie
prekop	pɾɛkɔp
prelepe	pɾɛlepɛ
prelepo	prelepo
preložiti	preloʒiti
prem	frɛm
premagati	prɛmaːgati
premakniti	prɛmaːkniti
premalo	premalo
premena	prɛme˥˩ːna
premeniti	prɛmɛni˥˩ːti
premeniti	prɛmɛni˩˥ːti
premica	pɾemitsa
premikati	pɾɛmikati
premirje	prɛmi˥˩ːrjɛ
preobrat	prɛɔbra˩˥t
prepelica	prɛpɛli˩˥ːtsa
prepogniti	prɛpɔɫgniti
prepoznam	prɛpɔznɔm
preproga	preproga
preproga	prɛpro˥˩ːga
preproga	prɛpro˩˥ːga
preprosto	preprɔstɔ
prepucij	prɛpu˩˥ːtsij
prepustnica	prɛpu˥˩ːstnitsa
presenetiti	prɛsɛne˥˩ːtiti
presenetiti	prɛsɛne˩˥ːtiti
presenečen	prɛsɛnɛtʃan
presenečenje	prɛsɛneˈtʃɛnˈɛ
presenečenje	prɛsɛne˥˩ːtʃɛnjɛ
presnet	prɛsɲɛt
presredek	prɛsre˥˩ːdək
prestajati	prɛstajɛti
prestar	prɛsta˥˩r
presti	pre˩˥ːsti
prestol	prɛ̀ːstɔl
prestolnica	prɛsto˥˩ːlnitsa
prestop	prɛstɔp
prestopati	rɛstɔpati
prestrašen	prɛstra˩˥ːʃɛm
pretekli	prtɛklʲi
preteklik	pretɛklik
preteklik	prɛtɛ̀ːklik
preteklost	prɛtɛklost
pretep	pɾɛtɛp
prevajalec	prevajalets
prevajalec	prɛʋaja˥˩ːləts
prevažanje	prɛva˩˥ːʒanjɛ
preverite	prevjɛritˈɛ
prevesti	prɛʋe˩˥ːsti
prevesti	prɛʋɛ̀ːsti
previhráti	previxraːti
prevod	prɛʋo˥˩t
prevod	prɛ̀ːʋɔt
prevodnik	prɛʋo˥˩ːdnik
prevrniti	prevorniti
prezaposlena	prezaposlɛna
preč	pɾɛtʃ
prešuštvo	prɛʃuʃtʋɔ
preživeti	prɛʒiʋe˩˥ːti
prga	pə˩˥rga
prha	prɨxa
prha	pə˩˥rxa
pri	pri
približno	pribliʒno
priden	pri˩˥ːdən
pridevnik	pride˥˩ːʋnik
pridevniški	pride˥˩ːʋniʃki
pridiga	pˈridika
pridigar	pridɪgar
pridigati	prɪdigati
pridna	pɾidna
pridnejši	pri˩˥ːdnɛjʃi
pridruževati	pridruʒɛvati
pridruži	prɛdruʒi
prihajati	prixa˥˩ːjati
prihajaš	prixajaz
prihodnji	prixo˥˩ːdnji
prihodnjik	prixo˥˩ːdnjik
prihodnost	prixo˥˩ːdnɔst
prihodnost	prixɔdnɔst
priimek	prii˥˩ːmək
prijatelj	prija˥˩ːtɛl
prijateljica	prija˥˩ːtɛljitsa
prijateljstvo	prija˥˩ːtɛlstʋɔ
prijava	prijava
prijaviti	prija˩˥ːʋiti
prijazen	prija˩˥ːzən
prijaznejši	prija˩˥ːznɛjʃi
prijaznost	prijaːznɔst
prijeli	prɪjɛli
prijeten	prije˩˥ːtən
prijeten	prijɛtan
prijeti	prijetli
priključeno	prikljutʃɛno
prikupen	prikuˈpon
priletela	priletela
priležnica	prijlɛʒnitsa
priložnost	prilo˥˩ːʒnost
priložnost	prilo˩˥ːʒnɔst
primer	prime˥˩ːr
primera	primera
primerno	primˈɛrno
primorska	primorska
primož	trimɔʃ
princ	pri˥˩ːnts
princesa	printse˥˩ːsa
prinesti	prinestɪ
pripadati	priˈpatati
pripeti	pripete
pripeti	pripe˩˥ːti
pripona	pripo˥˩ːna
priponski	pripo˥˩ːnski
pripravila	pripravila
pripraviti	pripraviti
pripre	pripri
prisega	prise˥˩ːga
prisegam	prisɛgɐm
priseči	priseˈtʃi
prislov	prislo˥˩ʋ
prisotnost	priso˩˥ːtnɔst
prispel	prispɛu̯
prispeli	prispezi
prispevek	prispe˥˩ːʋək
prispodoba	prispodɔba
pristal	pristau
pristanišče	pristani˩˥ːʃtʃɛ
pristati	prista˩˥ːti
pristop	pristop
priti	pri˩˥ːti
pritisk	priti˥˩ːsk
pritok	prito˥˩k
pritok	prito˩˥ːk
priznam	prizna˥˩m
priznanje	priznanˈja
priznati	prizna˩˥ːti
priznavati	prizna˥˩ːʋati
priča	pri˩˥ːtʃa
pričakovati	pritʃakɔʋa˩˥ːti
prišel	priʃˈɛɭ
prišteti	priʃtiti
prižnica	pri˥˩ːʒnitsa
prižnica	pri˩˥ːʒnitsa
problem	pɾɔblɛm
prodajalec	prodajalɛts
prodajalka	prɔdajalka
prodajati	prɔdajati
prodali	pro˥˩ːda˥˩li
prodati	prodati
produkt	prɔdukt
profesor	prɔfe˥˩ːsɔr
profesor	pɾɔfɛsɔr
proga	pro˩˥ːga
programje	prɔgra˥˩ːmjɛ
programski	prɔgra˥˩ːmski
projektiranje	projɛktiranjɛ
promocija	prɔmɔtsia
prosi	prosi
prosim	prosim
prosim	pro˩˥ːsim
prosimo	prɔsimo
prositi	prositi
prositi	prɔsi˥˩ːti
prositi	prɔsi˩˥ːti
prost	pro˥˩st
prostata	pro˥˩ːstata
prostaški	prɔstɐʃkʲi
prostitucija	prɔstitu˩˥ːtsija
prostor	pro˩˥ːstɔr
prostornina	prɔstɔrni˩˥ːna
prostorski	prɔsto˥˩ːrski
prostorski	prɔsto˩˥ːrski
protaktinij	prɔtakti˩˥ːnij
protipomenka	pro˥˩ːtipɔme˥˩ːnka
proton	prɔtɔn
prsi	pɛrsi
prsih	pˌɐrˌisˈix
prst	arst
prst	pə˥˩rst
prstan	pə˩˥rstan
prstanec	pə˩˥rstanəts
prstanec	pɛrstanɛts
prste	perste
prtiček	pɐrtiˈtʃɛk
prtljaga	pərtlja˥˩ːga
pruh	pruːx
prva	pɯ̞rva
prvak	pərʋa˩˥ːk
prvi	pɐrvi
prvoten	pərʋo˩˥ːtən
pršut	perʃut
psalmi	psa˥˩ːlmi
psica	psi˩˥ːtsa
psihiatrija	psixiatria
psiček	psitʃɐk
psička	fsitʃka
ptica	pti˩˥ːtsa
ptič	pti˥˩tʃ
ptuj	ptuʲ
ptujska	ptuʲska
publika	publʲika
publikacija	publika˥˩ːtsia
puconci	putsontsi
puhati	pu˥˩ːxati
puhati	pu˩˥ːxati
pulzar	pu˥˩ːlzar
puma	pu˩˥ːma
punci	puntse
punt	pu˥˩nt
puran	pura˥˩ːn
puran	puɾan
pust	pu˥˩ːst
pustejši	pustɛ́ːjʃi
pustejši	pu˩˥ːstɛjʃi
pustimo	puːstimoː
pustinja	pusti˩˥ːnja
pustiti	pusti˥˩ːti
pustiti	pusti˩˥ːti
puška	pu˥˩ːʃka
puške	pˈuʃkɛ
puščati	pu˩˥ːʃtʃati
puščava	puʃtʃa˥˩ːʋa
puščavnik	puʃtʃaɫnik
pšenica	pʃɛni˩˥ːtsa
raba	ra˩˥ːba
rabarbara	raba˩˥ːrbara
rabelj	rabɛl
rabite	rabite
rabiti	rabi˥˩ːti
rabiti	rabi˩˥ːti
rabiti	ra˩˥ːbiti
raca	ra˩˥ːtsa
rad	ra˥˩t
radar	ra˥˩ːdar
radar	ra˩˥ːdar
radenci	raːdɛntsʲi
radij	radi
radij	ra˥˩ːdij
radij	ra˩˥ːdij
radio	radio
radirka	radi˥˩ːrka
radon	radon
radon	rado˥˩ːn
radon	ra˥˩ːdɔn
radost	rado˥˩ːst
radoveden	radɔvɛdɛn
radoveden	radɔʋe˩˥ːdən
radovednost	radɔʋɛdnɔst
radovljica	rado˥˩ːʋlitsa
raje	raje
rakek	raːkɛk
rakete	raːkɛtɛ
rakun	raku˥˩ːn
ralo	ra˩˥ːlɔ
rama	ra˩˥ːma
rame	ramɨ
ramovš	ramo˥˩ːʋʃ
ran	ra˥˩ːn
rana	ra˩˥ːna
rane	ranɨ
ranejši	ra˩˥ːnɛjʃi
rasa	ra˩˥ːsa
rast	ra˥˩ːst
rasti	ra˩˥ːsti
rastlina	rastli˩˥ːna
rastline	rastlʲinʲa
rastlinojedec	rastlinɔje˥˩ːdəts
raven	raven
ravnejši	ra˩˥ːʋnɛjʃi
ravnik	ra˥˩ːʋnik
ravnjak	rau̯njak
ravno	rau̯nɔ
ravnotežje	raʋnɔte˥˩ːʒjɛ
razbil	razbiu
razcepiti	rastsipiti
razglednica	razgle˥˩ːdnitsa
razglednica	razglʲednʲitsa
razgovor	razgo˥˩ːʋɔr
razgrajati	razgrajatɨ
razlika	razli˥˩ːka
razlike	razlʲikɛ
razliko	razlʲiko
različen	razli˩˥ːtʃən
različne	razlʲitʂne
različnejši	razli˩˥ːtʃnɛjʃi
različnih	razlʲitʂnʲix
razlogov	razlogɔʋ
razločiti	razlɔtʃite
razločnost	razlɔtʃnɔst
razmehčati	razmɛxtʃa˥˩tɛ
razmere	razmɛra
razmeroma	razmejɾɔma
razmik	razmˈik
razmišljala	razmiʃljɛla
razmnožiti	razmnoʒiti
razmršiti	razmərʃiti
raznesti	raznɛstɪ
raznežiti	razneʒite
razočarati	razo˥˩ːtʃara˥˩ːtɛ
razpad	raspaːt
razpelo	raspe˩˥ːlɔ
razpelo	raspɛ̀ːlɔ
razpeti	raspeˈte
razplesti	rasplɛstɛ
razplet	rasplˈət
razpoka	raspoka
razprodan	rasprodan
razpíhniti	rastpiːxniti
razred	raːzrɛt
razred	ra˩˥ːzrɛt
razreda	razrʲida
raztresenost	rastre˥˩ːsɛnɔst
raztresti	rastriːsti
razumem	razoˈmɛm
razumeti	razume˩˥ːti
razumeti	raːzumˈɛti
razvita	rɛsʋita
razvitimi	razviˈtimi
razvoj	razʋo˥˩j
razvoja	razvɔja
računalnik	ratʃonalnʲik
računalnik	ratʃuna˥˩ːlnik
račune	ratʃune
rdeč	ərdɛ́tʃ
rdeče	ərde˥˩tʃɛ
rdečeličen	rdɛtʃeˈlʲitʃɐn
rebro	rɛ̀ːbrɔ
receptor	rɛtsʲeptor
recikliranje	rɛtsikli˥˩ːranjɛ
red	re˥˩ːt
red	rˈeːt
redar	rɛda˩˥ːr
redek	re˩˥ːdək
redkejši	re˩˥ːtkɛjʃi
redkejši	rɛtkɛ́ːjʃi
redko	re˩˥ːtkɔ
redovnica	rɛdɔu̯nitsa
regina	reginɐ
registracija	rekistratsia
regrat	re˩˥ːgrat
reja	rɛ̀ːja
rejec	rɛ́ːjəts
rejnik	rɛjnʲik
rek	re˥˩ːk
rek	rɛ́k
rek	rɪk
reka	reka
reka	re˩˥ːka
reke	rˈɛkːə
reki	ɾɛkːi
reklamacija	rɛklamatsia
rekord	rɛkɔrt
rekreira	rɛkrɛi̯rɑ
rektalen	rɛkta˥˩ːlən
relativnost	re˥˩ːlatiʋnɔst
religija	rɛligja
religija	rɛli˩˥ːgija
relikvija	rɛli˩˥ːkʋija
renesansa	rɛnɛsa˥˩ːnsa
renij	renif
renij	re˩˥ːnij
renče	rentʃe
rep	re˥˩ːp
rep	rɛ́p
repatica	prɛpatitsa
repatica	rɛpati˩˥ːtsa
republika	rɛpu˩˥ːblika
republike	rɛpubˈlika
resast	rɛsɑst
resen	reson
resnica	pr̝ɛsnʲitsa
resnica	rɛsni˩˥ːtsa
resnice	rɛsnʲitsɛ
resnici	rɛsɲitsi
resnik	re˥˩ːsnik
resničen	rɛsnitʃɐn
resničen	rɛsni˥˩ːtʃən
resničen	rɛsni˩˥ːtʃən
resničnejši	rɛsni˥˩ːtʃnɛjʃi
resničnejši	rɛsni˩˥ːtʃnɛjʃi
resnoben	rɛsnɔban
resnost	resnost
restavracija	rɛstaʋra˩˥ːtsija
reven	re˩˥ːʋən
revija	rɛʋi˥˩ːja
revnejši	re˩˥ːʋnɛjʃi
revolucija	rɛʋɔlu˩˥ːtsija
rezati	re˩˥ːzati
rezilo	rɛzi˩˥ːlɔ
rezultat	rɛzulta˥˩ːt
reč	re˥˩ːtʃ
rečejo	rɛtʃa˥˩ːjo˥˩ː
rečeno	retʃeno
rečete	rɛtʃːɛtɛ
rečeš	rɛtʃɨʃ
reči	rɛ̀ːtʃi
rešeto	rɛʃɛ̀ːtɔ
reši	re˩˥ːʃi
rešitev	rɛʃi˥˩ːtəʋ
rešiti	re˩˥ːʃiti
rešiti	rɛʃi˥˩ːti
rešiti	rɛʃi˩˥ːti
riba	ri˩˥ːba
ribariti	riba˩˥ːriti
ribe	ribe
ribez	ribɛs
ribi	ri˩˥ːbi
ribo	ribo
rigler	ri˩˥ːglɛr
rijavec	ri˩˥ːjaʋəts
rilec	ri˥˩ːləts
rim	ri˩˥ːm
rima	ri˥˩ːma
rima	ri˩˥ːma
ris	ri˥˩ːs
risati	ri˥˩ːsati
risba	rizda
risba	ri˥˩ːzba
risbe	rizbe
rit	ri˥˩t
riti	ri˩˥ːti
riž	ri˥˩ːʃ
rjav	ərja˥˩ʋ
rjuha	riuxa
rjuha	ərju˩˥ːxa
rjuti	ərju˩˥ːti
rob	ro˥˩ːp
roba	roba
robca	rɔptsa
robidnica	rɔbitnitsa
robidnica	rɔbi˥˩ːdnitsa
robin	robin
robot	rɔbo˥˩ːt
robu	robu
rodij	ro˩˥ːdij
rodik	rudik
rodilnik	rɔdilɲik
rodilnik	rɔdi˥˩ːlnik
roditi	rɔdi˥˩ːti
roditi	rɔdi˩˥ːti
rog	ro˥˩ːk
rogelj	rɔgɛl
rogla	rɔgla
rojak	rojak
rojen	ro˩˥ːjɛn
rojstvo	ro˩˥ːjstʋɔ
rok	rɔk
roka	ro˩˥ːka
roka	rɔka
roke	roke
rokomet	rɔkɔmɛ́t
rokovnik	rɔkɔu̯nik
roman	roman
roman	rɔma˥˩ːn
romantika	romantika
romb	ro˥˩ːmp
romun	rɔmu˥˩ːn
romunija	rɔmunja
romunija	rɔmu˩˥ːnija
romunka	rɔmu˥˩ːnka
romunski	rɔmu˥˩ːnski
romunsko	rɔmu˥˩ːnskɔ
romunščina	rɔmu˥˩ːnʃtʃina
ropar	ro˥˩ːpar
rosa	ro˩˥ːsa
rosomah	rɔsɔma˥˩ːx
rotovž	ro˥˩ːtɔʋʃ
rovka	ro˥˩ːʋka
rovte	rɔute
roza	rɔːzɑ
rozman	ro˥˩ːzman
roža	ro˥˩ːʒa
roža	rˈuʒa
rožmarin	roʒmarin
rožmarin	ro˥˩ːʒmarin
rožmarin	rɔʒmari˥˩ːn
rožnata	rɔʒnata
rožnik	ruːʒnik
rtič	aɾt̪itʃ
rubidij	rubi˩˥ːdij
rubin	rˈubˈin
ruda	ru˩˥ːda
rudar	ruda˩˥ːr
rudnik	ru˥˩ːdnik
rumen	rumɛ́n
rumena	rʊmɛna
rumenjak	rumɛnja˩˥ːk
rumeno	rumeno
runo	ru˥˩ːnɔ
runo	ru˩˥ːnɔ
rus	ru˥˩ːs
rusija	rusja
rusija	ru˥˩ːsija
rusinja	ru˥˩ːsinja
rusič	ɾusitʃ
ruski	ruskʲi
ruski	ru˥˩ːski
rusko	ru˥˩ːskɔ
rutenij	rute˩˥ːnij
ruti	ru˩˥ːti
ruvati	ruʋa˩˥ːti
ruvati	ru˥˩ːʋati
ruvati	ru˩˥ːʋati
ruše	ruʂɛ
ruše	ruːʃe
rušilec	ruʂilɛts
ruščina	ru˥˩ːʃtʃina
rób	rɔb
rž	arɨʃ
s	s
s	əs
s.	sə
sablja	sa˥˩ːblja
sablja	sɑblja
sabo	sabɔ
sabotaža	sabɔta˥˩ːʒa
sad	sa˥˩ːt
saden	saːd̪ən
sadež	sadɛʃ
sadež	sa˥˩ːdɛʃ
sadje	saˈdijɛ
sadje	sa˩˥ːdjɛ
sadovnjak	sadɔʋnja˩˥ːk
safir	sˈafiːr
sajevic	sajɛvits
saksofon	saksɔfo˥˩ːn
salama	salaːma
salon	saluˈn
salutirati	salutirate
sam	sa˥˩ːm
samarij	sama˩˥ːrij
samec	sa˩˥ːməts
samoglasnik	samɔgla˥˩ːsnik
samoglasnik	ˈsamɔglasnjk
samokolnica	samɔkɔlnitsa
samomnožinski	samo˥˩ːmnɔʒi˥˩ːnski
samomor	samɔmo˥˩r
samorog	samɔro˥˩ːk
samostalnik	samɔsta˥˩ːlnik
samostalniški	samɔsta˥˩ːlniʃki
samostan	samɔsta˥˩ːn
samota	samo˩˥ːta
samozadovoljevanje	sa˥˩ːmɔzadɔʋɔljɛʋa˩˥ːnjɛ
samozadovoljevati	sa˥˩ːmɔzadɔʋɔljɛʋa˩˥ːti
samum	samu˥˩ːm
sani	saˈni
sanj	san
sanjati	sa˩˥ːnjati
sanje	saːnjɛ
sanje	sa˩˥ːnjɛ
sanke	sanka
sanskrt	sanskə˥˩rt
sapica	sapjitsa
sapnik	sa˥˩ːpnik
sardinija	sardi˩˥ːnija
satelit	satɛli˥˩ːt
satrap	sɐtrap
saturn	satu˩˥ːrn
sava	sava
savi	savji
scenarij	stsɛna˩˥ːrij
se	sɛ
sedaj	sadaj
sedanjik	səda˥˩ːnjik
sedanjik	səda˩˥ːnjik
sedanjik	sɛda˥˩ːnjik
sedanjik	sɛda˩˥ːnjik
sedanjik	sɛtanʲːik
sedem	se˩˥ːdəm
sedem	sɛdam
sedemdeset	se˩˥ːdəmdɛsɛt
sedemnajst	se˥˩ːdəmnajst
sedemnajst	se˩˥ːdəmnajst
sedemnajst	sɛdəmna˩˥ːjst
sedeti	sɛde˩˥ːti
sedeti	sɛdɪti
sedež	seːdəʃ
sedežnica	sɛdæʒnitsa
sedežnico	sɛdɛʒnitsɔ
sediš	sɛɟiʃ
sedlo	sɛ̀ːdlɔ
sedmero	sedmjɛrɔ
sedmih	sɛdmʲix
sef	se˥˩ːf
sejalec	sejalets
sejati	sejati
sejati	sɛja˩˥ːti
sejšeli	sɛjʃe˥˩ːli
sekalec	sɛka˥˩ːləts
sekati	sɛkatɛ
sekira	sekira
sekira	sɛki˩˥ːra
seks	se˥˩ːks
seksa	sˈɛksə
seksati	se˥˩ːksati
seksologija	sɛksɔlɔgi˩˥ːja
sekstant	sˈɛkstˌant
seksualen	sɛksua˥˩ːlən
seksualnost	sɛksua˥˩ːlnɔst
sekunda	sɛku˥˩ːnda
sel	sə˥˩l
sel	sə˥˩ʋ
selen	selen
selen	sɛle˥˩ːn
selo	sɛlɔ
sem	sum
sem	sə˥˩m
seme	se˩˥ːmɛ
seme	sɛme
semenovod	sɛmɛnɔʋo˥˩t
semenski	se˩˥ːmɛnski
semenski	sɛme˥˩ːnski
semester	sɛmɪ̞stɛr
sena	se˥˩ːna
senator	senator
senca	se˥˩ːntsa
sendvič	se˥˩ːndʋitʃ
seno	sɛno˥˩ː
senožet	sɛno˩˥ːʒɛt
senožet	sɛnɔʒe˥˩ːt
september	sɛptɛ̀ːmbər
septolete	sɛptulɛtɛ
sesalec	səsa˥˩ːləts
sesalec	sɛsa˥˩ːləts
sesati	sesa˥˩ːte
sesati	səsa˩˥ːti
sesati	sɛsa˩˥ːti
sesti	se˩˥ːsti
sestra	sɛ̀ːstra
sestri	sˈɛstri
sestrica	sˈɛstritsa
sestrična	sɛstri˥˩ːtʃna
sestrična	sɛstrɪtʃna
set	sˈɪt
seveda	sɛvjɛda
seveda	sɛʋe˥˩ːda
sever	se˩˥ːʋɛr
severen	se˩˥ːʋɛrən
severnejši	se˩˥ːʋɛrnɛjʃi
sevnica	seunitsa
seznam	səzna˥˩m
seznam	səzna˥˩ːm
seznam	sɛzna˥˩m
seznam	sɛzna˥˩ːm
sezuti	səzu˩˥ːti
sezuti	sɛzu˩˥ːti
seč	se˥˩ːtʃ
seči	se˩˥ːtʃi
sečnica	se˥˩ːtʃnitsa
sečničen	se˥˩ːtʃnitʃən
shizofrenija	sxizɔfrɛni˥˩ːja
shod	sxod
shujšati	sxojʃatʲi
si	si
si	si˥˩
si	sˈi
sibirija	sibi˩˥ːrija
sicilija	sitsi˩˥ːlija
sidro	si˥˩ːdrɔ
sijaj	siaj
sila	si˩˥ːla
silen	silan
silicij	silitsi
silicij	sili˩˥ːtsij
silo	silo
silos	silos
simbol	simbo˥˩ːl
simbol	sˌimbˈol
simboličen	simbo˩˥ːlitʃən
simetrija	simɛtri˥˩ːja
simon	simon
simptom	sɪmptɔm
sin	si˥˩ːn
sinagoga	sinago˩˥ːga
sine	sine
sinhron	sinxro˥˩ːn
sinhrono	sinxro˥˩ːnɔ
sinica	sini˩˥ːtsa
sinji	sʲinʲi
sinonim	sinɔni˥˩ːm
sinoči	sino˥˩ːtʃi
sir	si˥˩r
sirija	si˩˥ːrija
sirilo	siri˩˥ːlɔ
siriti	si˩˥ːriti
siriščnik	siri˥˩ːʃtʃnik
sirota	siro˥˩ːta
sirotka	si˩˥ːrɔtka
sistem	siste˥˩ːm
sistema	sistema
sistematiziranje	sistɛmatiziranje
sisteme	sjstɛmɛ
sistemi	sistemi
sistemov	sistemɔ
sit	si˥˩t
sit	sɪt
siv	si˥˩ːʋ
siva	siva
skakač	skaka˩˥ːtʃ
skala	ska˩˥ːla
skalar	skalaːr
skandij	skandj
skandij	ska˩˥ːndij
skepticizem	skɛptitsi˥˩ːzɛm
skepticizem	skɛptitsi˩˥ːzɛm
skiro	skerɔ
skladateljica	skladatelitsa
skladnja	skla˩˥ːdnja
sklanjatev	sklanja˥˩ːtəʋ
skleda	skle˩˥ːda
sklon	sklo˥˩n
sklon	sklˈˈɑn
skodelica	skɔde˥˩ːlitsa
skok	skɔk
skoraj	sko˥˩ːraj
skoraj	sko˩˥ːraj
skorbut	skorbut
skorja	sko˥˩ːrja
skorja	sko˩˥ːrja
skorja	skurja
skoz	skuɫz
skočiti	skotʃiti
skočiti	skɔtʃi˥˩ːti
skočiti	skɔtʃi˩˥ːti
skrajnež	skrajnɛʃ
skrb	skɔrp
skrbel	skrbʲeu̯
skrbi	skrəbi
skriti	skri˩˥ːti
skriti	skrˈiti
skriva	skriva
skrivati	skri˩˥ːʋati
skrivaš	skrivaʃ
skriven	skri˥˩ːʋən
skrivnejši	skri˥˩ːʋnɛjʃi
skrivnost	skriʋno˥˩ːst
skrivnosten	skriʋno˥˩ːstən
skrivnostnejši	skriʋno˥˩ːstnɛjʃi
skrivoma	skrivɔma
skromen	skro˩˥ːmən
skromnejši	skro˩˥ːmnɛjʃi
skrotum	skro˥˩ːtum
skruniti	skruːniti
skuhati	skuxatɨ
skupaj	sku˥˩ːpaj
skupina	skupi˩˥ːna
skupine	skupiːnɛ
skupnega	skupnɛgɐ
skupnost	sku˥˩ːpnɔst
skupnost	sku˩˥ːpnɔst
skusiti	sku˩˥ːsiti
skuša	sku˩˥ːʃa
skušam	skuʂam
skušati	skuʃate
slab	sla˥˩p
slabo	slabo˥˩ː
slaboviden	slabɔʋidɔn
slabši	sla˥˩ːpʃi
sladejši	sladɛ́ːjʃi
sladek	sla˩˥ːdək
sladek	sɫadɛk
sladica	saditsa
sladka	sˈlatka
sladkarija	slatkari˩˥ːja
sladkor	sla˩˥ːtkɔr
sladkó	sladko
sladoled	sladalət
sladoled	sladɔle˥˩ːt
slajši	sla˥˩ːjʃi
slamica	sla˩˥ːmitsa
slan	sla˥˩ːn
slane	zˈlˈɑne
slanik	sla˥˩ːnjk
slanina	slani˩˥ːna
slanina	slanˈɪna
slap	sla˥˩ːp
slava	slava
slava	sla˩˥ːʋa
slavec	sla˩˥ːʋəts
slaven	slavɛn
slaven	sla˩˥ːʋən
slavnik	slaʋnɪk
slaščica	slaʃtʃi˩˥ːtsa
slaščičarna	slaʃtʃitʃa˥˩ːrna
sled	slˈɛt
sledite	sledite
slediti	slɛdi˥˩ːti
slep	sle˥˩ːp
slep	slˈɪp
slezenovec	slɛze˥˩ːnɔʋəts
sleči	sle˩˥ːtʃi
slik	slʲik
slika	sli˥˩ːka
slika	sljka
slikar	slika˩˥ːr
slikati	sli˥˩ːkati
slina	sli˩˥ːna
slinast	sl̥˩i˥˩nast
sliva	sli˩˥ːʋa
slivovka	sli˩˥ːʋɔʋka
slišati	sli˥˩ʃate
slišati	sli˩˥ːʃati
slišim	sɫiʃim
slišimo	sliʃimo
slišiva	sli˩˥ːʃiva
sljuda	slju˩˥ːda
sloka	slo˥˩ːka
sloka	slo˩˥ːka
slon	slo˥˩n
slonica	slo˩˥ːnitsa
slonica	slɔni˩˥ːtsa
slonovina	slɔnɔʋi˩˥ːna
slop	slo˥˩p
slovak	slɔʋa˩˥ːk
slovakinja	slɔʋa˩˥ːkinja
slovan	slɔʋa˥˩ːn
slovanka	slɔʋa˥˩ːnka
slovanski	slɔʋa˥˩ːnski
slovar	slɔvar
slovar	slɔʋa˩˥ːr
slovaška	slo˩˥ːʋa˥˩ːʃka
slovaška	slɔʋa˥˩ːʃka
slovaški	slɔʋa˥˩ːʃki
slovaško	slɔʋa˥˩ːʃkɔ
slovaščina	slɔʋa˥˩ːʃtʃina
slovencem	slo˥˩ːʋɛntsam
slovenec	slɔʋe˩˥ːnəts
slovenija	slo˥˩ːʋɛnja˥˩
slovenija	slɔʋe˩˥ːnija
slovenka	slɔʋe˩˥ːnka
slovenski	slɔʋe˩˥ːnski
slovensko	slɔʋe˩˥ːnskɔ
slovi	slo˩˥ːʋi
slovi	slɔʋi˩˥ː
slovnica	slo˥˩ːʋnitsa
slovničen	slo˥˩ːʋnitʃən
slovnični	slo˥˩ːlni˥˩ːtʃni˥˩ː
slovo	slɔʋo˥˩ː
sluh	slʊx
sluten	slutɛm
sluti	slu˩˥ːti
slušati	slu˩˥ːʃati
slušni	sluːʃnɛ
služba	sluʐba
služba	slu˥˩ːʒba
smaragd	snˈaˈraˈkd
smeh	sme˥˩ːx
smeh	sˈmˌɛx
smejati	smɛja˩˥ːti
smel	sme˥˩ːʋ
smelejši	sme˩˥ːlɛjʃi
smelo	smɛlo
smer	sme˥˩ːr
smer	smʲɛr
smerokaz	smerukˈas
smet	sme˥˩ːt
smetana	sme˩˥ːtana
smetana	smɛta˥˩na
smeti	sme˩˥ːti
smisel	smisɛ
smisel	smi˥˩ːsəʋ
smodnik	smɔdni˩˥ːk
smola	smo˩˥ːla
smrdeti	smrdɛtɪ
smreka	smre˩˥ːka
smreka	smriːka
smrekar	smriːkar
smrje	smurje
smrt	smɔrt
smrt	smə˥˩rt
smrtjo	smrtjo
smrtnik	smrtnɛk
smrtnost	smɛrtnɔst
smrtonosen	smərtɔno˩˥ːsən
smrčati	smrtʃa˥˩tɛ
smučati	smu˥˩ːtʃati
smuči	smutʃe
smučke	smutʃka
snaha	sna˩˥ːxa
sneg	sne˥˩ːk
sneg	snɛk
sneguljčica	snɛgultʃitsa
sneguljčica	snɛgu˥˩ːltʃitsa
sneti	sne˩˥ːti
snežak	snɛʒa˩˥ːk
snežinka	snɛʒi˥˩ːnka
snežiti	snɛʒitɛ
snežiti	snɛʒi˥˩ːti
snežiti	snɛʒi˩˥ːti
snežnik	snɛʒnɨk
snop	snɔp
snov	snɔːk
snuti	snu˩˥ːti
so	so˥˩
so	sˈoː
soavtor	so˥˩a˥˩ːʋtɔr
soba	so˩˥ːba
socerb	sɔtsɛrp
socializem	sɔtsijali˩˥ːzəm
socvetje	sɔtsʋe˥˩ːtjɛ
sod	so˥˩ːt
sodelovati	sɔdˈɛlɔvati
sodišče	sɔdiːʃtʃɛ
sodišču	tsɔdiʃtʃu
sodnica	sɔdnitsa
sodnik	sɔdni˩˥ːk
sodnik	zˈɔ̃dnik
sodoben	sɔdo˩˥ːbən
sodobnejši	sɔdo˩˥ːbnɛjʃi
soglasnik	sɔgla˥˩ːsnik
soj	so˩˥j
sok	so˥˩ːk
sok	suk
sokol	so˩˥ːkɔl
sokrat	so˥˩ːkrat
sol	so˥˩ːʋ
sol	sɔu̯
solaren	sɔla˥˩ːrən
solata	solata
solo	sɔle
solza	so˩˥ːʋza
solza	sɔu̯za
sonatina	sɔnati˥˩ːna
sonca	sˈontsa
sonce	so˥˩ːntsɛ
sonet	sɔne˥˩ːt
sončen	so˥˩ːntʃən
sončnejši	so˥˩ːntʃnɛjʃi
sončnica	so˥˩ːntʃnitsa
sončnik	so˥˩ːntʃnik
sopomenka	so˥˩pɔme˥˩ːnka
sopotnica	sɔpo˥˩ːtnitsa
sopotnik	sɔpo˥˩ːtnik
sopotništvo	sɔpo˥˩ːtniʃtʋɔ
soprog	sɔpro˥˩ːk
soprog	sɔpɾɔg
sorojenec	so˥˩rɔjɛ̀ːnəts
sosed	so˩˥ːsɛt
sova	so˩˥ːʋa
sova	sɔva
sovica	sɔvitsa
sovraštvo	sɔʋra˥˩ːʃtʋɔ
sovražiti	sɔvraʒiti
sovražiti	sɔʋraʒi˥˩ːti
sovražiti	sɔʋraʒi˩˥ːti
sovražiti	sɔʋra˥˩ːʒiti
sovražiti	sɔʋra˩˥ːʒiti
sovražnica	so˥˩ːvra˥˩ʒnitsa
sovražnik	sɔʋra˥˩ːʒnik
soznáčen	sɔznaːtʃɔn
soča	so˩˥ːtʃa
soča	sutʃa
soči	sɔtʃim
sočutje	sɔtʃutjɛ
sočutnost	so˥˩ːtʃutnost
spalnica	spa˥˩ːlnitsa
spam	spɛ́ːm
spanec	zpɑːnɛts
spati	spate
spati	spa˩˥ːti
spelji	spɛli
spem	spɛ́ːm
sperma	spɛ́ːrma
spet	spet
spet	spe˥˩ːt
speti	spe˩˥ːti
speti	spiti
spij	spi
spil	spiu
spis	spˈis
spisek	spisak
spiš	spʲiʃ
splav	splau
splaviti	splaviti
splesneti	splɛsnɛtɛ
splesti	plɛsˈti
spletni	splitni
sploh	splo˥˩x
sploh	splˈoːx
splošen	splo˩˥ːʃən
splošen	splˈoʃən
splošnejši	splo˩˥ːʃnɛjʃi
spodaj	spo˩˥ːdaj
spodaj	spɔ˥˩daj
spodbuda	spodbuda
spodoben	spɔdo˩˥ːbən
spodobnejši	spɔdo˩˥ːbnɛjʃi
spogledovati	spɔglɛdɔʋa˩˥ːti
spojina	spɔji˩˥ːna
spol	spo˥˩l
spolen	spɔlem
spomenik	spɔmɛnik
spomin	spɔmin
spomin	spɔmi˥˩ːn
spominjati	spɔmi˩˥ːnjati
spominčica	spɔmi˥˩ːntʃitsa
spomnila	spɔmmila
spomniti	spomniti
spomniti	spo˥˩ːmniti
spone	spɔnɛ
spontan	spontan
spopad	spɔpat
spor	spɔr
sporazum	spɔrazum
spored	spɔrɛt
sporočilo	spɔrɔtʃi˩˥ːlɔ
sposobna	sposɔbna
spoznajte	spɔzɲajtɛ
spoznati	spɔzna˩˥ːti
spoznaš	spɔznaʃ
spočit	spɔtʃit
spoštujem	spɔʃtujɛn
sprava	sprava
spravila	spraviˈla
spravimo	spravimɔ
sprašuje	sprɛʃujɛ
spredaj	spɾɛdaj
spregatev	sprɛga˥˩ːtəʋ
sprehod	zprɨxɔd
sprejem	sprijɛm
sprejeto	spɾɛjɛtɔ
sprememba	sprememba
sprememba	sprɛme˥˩ːmba
spremembe	spremembe
spremeni	spɾɛmɛni
spremenili	spre˥˩mjɛnili
spremenilo	spremenilo
spremeniti	sprɛmɛni˥˩ːti
spremeniti	sprɛmɛni˩˥ːti
spremljati	sprɛmljɛti
spretnost	spre˩˥ːtnɔst
sprevodnik	sprɛvɔdnʲik
sprevodnik	sprɛʋo˥˩ːdnik
sproščati	spro˥˩ːʃtʃatɪ
spuhlja	spuxlʲa
spustiti	spusti˥˩ːti
spustiti	spusti˩˥ːti
srajco	srajtsɔ
sraka	sra˩˥ːka
sramota	sramɔta
sranje	sra˥˩ːnjɛ
sranje	sra˩˥ːnjɛ
srati	sra˩˥ːti
srbeti	srbɛjtʲi
srbija	sə˥˩rbija
srbkinja	sə˥˩rpkinja
srbohrvaški	sərbɔxərʋa˥˩ːʃki
srbohrvaščina	sərbɔxərʋa˥˩ːʃtʃina
srbski	sə˥˩rpski
srce	sərtse˥˩ː
srcem	sɯ̞rtsɛn
srebrn	srɛbə˥˩rn
srebrnina	srɛbərni˩˥ːna
srebro	srɛbro˥˩ː
srebro	srɛbrɔ
sreda	sre˥˩ːda
sredi	srdi
sredinec	srɛdi˥˩ːnəts
sredinec	srɛdɪnʲɛts
sredinski	srɛdinskɪ
središča	srɛtiːʃtʃa
središče	srɛdi˩˥ːʃtʃɛ
srednjevaloven	srɛdnjɛʋalo˥˩ːʋən
srednjeveški	srɛdnjɛʋe˥˩ːʃki
srednji	sre˥˩ːdnji
sredo	srɛdo
srepo	srɛpɔ
sreča	sre˩˥ːtʃa
srečali	srɛtʃalɛ
srečanje	sre˥˩ːtʃanjɛ
srečati	sre˥˩ːtʃati
srečen	sre˩˥ːtʃən
srečen	srɛtʃɔn
srečneje	sre˩˥ːtʃnɛjɛ
srečneje	srɛtʃnɛ́ːjɛ
srečnejše	sre˩˥ːtʃnɛjʃɛ
srečnejše	srɛtʃnɛ́ːjʃɛ
srečnejši	sre˩˥ːtʃnɛjʃi
srečnejši	srɛtʃnɛ́ːjʃi
srečno	sre˩˥ːtʃnɔ
srečno	srɛtʃnɔ
srečo	srɛtʃo
srna	sə˩˥rna
srnjad	sɛrˈnjat
srp	sə˥˩rp
srčkan	sɯrtʃkan
srčni	srtʃnɛ
srčno	srˈtʃnˈo
sršen	srʃɛm
sršen	sərʃe˥˩ːn
sršen	sərʃɛ́n
sršen	sə˩˥rʃɛn
sta	sta˥˩
stalno	stalnɔ
stanje	sta˩˥ːnjɛ
stanovati	stanɔʋa˩˥ːti
star	sta˥˩r
starec	sta˥˩ːrəts
starejši	starɛ́ːjʃi
starka	sta˥˩ːrka
staro	stara
starodaven	starɔda˩˥ːʋən
starokopitnost	starɔkɔpitnɔst
starost	staro˥˩ːst
starost	sta˩˥ːrɔst
starosten	starɔstɛn
starostno	starɔstno
starš	starʂ
starš	sta˩˥ːrʃ
stati	sta˩˥ːti
stavba	sta˥˩ːʋba
stavek	starɛk
stavek	sta˥˩ːʋək
staviti	sta˩˥ːʋiti
ste	stɛ́
steblo	stɛblɔ
stegno	stɛgnɔ
stegno	stɛ̀ːgnɔ
steklenica	stɛklɛni˩˥ːtsa
steklenica	stɛklʲɛnitsa
steklo	stɛklɔ
steklo	stɛ̀ːklɔ
stena	ste˩˥ːna
stepati	stepate
stetoskop	stɛtɔsko˥˩p
stetoskop	stɛtɔsko˥˩ːp
steza	stɔza
steza	stəza˥˩
steza	stə˩˥za
stečaj	stɛtʃa˥˩ːj
stik	st̪ik
stikalo	stika˩˥ːlɔ
stil	stˈɪl
sto	sto˥˩ː
sto	stˈo
stoj	stˈoj
stol	stɔu
stoletje	stɔle˥˩ːtjɛ
stolp	sto˥˩lp
stolp	stɔlp
stop	stˈɑp
stopala	stɔpala
stopalo	stɔpaɫɔ
stopinja	stɔpɪnja
stopite	stɔpiːtɛ
stopiti	sto˩˥ːpiti
stopiti	stɔpi˥˩ːti
stopiti	stɔpi˩˥ːti
stopnicah	stupnitsax
storila	stoˈrila
stotnica	sto˥˩ːtnitsa
stotnik	sto˥˩ːtnik
stožec	sto˩˥ːʒəts
strah	stra˥˩ːx
strah	strˈax
stran	stra˥˩ːn
stran	strˈan
stranišče	stranistʃe
stranišče	strani˩˥ːʃtʃɛ
stranka	stra˥˩ːnka
stranka	strˈanka
strast	stra˥˩ːst
strasten	stra˩˥ːstən
strastnejši	stra˩˥ːstnɛjʃi
strategija	stratɛgi˥˩ːja
strašen	straʂɛn
strašiti	straʃitʲi
streha	stre˩˥ːxa
strehi	strɛxɨ
streho	strɛjxɔ
strel	strɛn
strela	stre˩˥ːla
stremuški	sdrɛmʊʃkʲi
streči	stre˩˥ːtʃi
strešica	stre˩˥ːʃitsa
strešica	strɛʃɪtsa
strgati	stə˩˥rgati
stric	stri˩˥ːts
stric	stɹits
stripe	stri˩˥ːpɛ
striči	stri˩˥ːtʃi
strmela	stermɛla
strmenje	ztɛrmɛnjɛ
strog	stro˥˩ːk
strogo	strɔgo
stroj	stro˥˩j
strojen	stro˥˩ːjən
strojiti	stro˥˩ːjiti
strojiti	stro˩˥ːjiti
strojiti	strɔji˥˩ːti
strokovne	ztrɔkɔu̯nɛ
stroncij	stro˩˥ːntsij
strop	stro˥˩p
strt	stɑːrt
struktura	struktu˥˩ːra
strukturalen	struktura˥˩ːlən
strup	stru˥˩ːp
strup	strʊp
strupen	strupe˥˩ːn
strupen	stru˥˩ːpən
studio	stˈudio
stvar	stʋa˥˩ːr
suh	su˥˩ːx
suholežnik	suxɔliːʒnik
sukanec	sukranɛts
sum	su˥˩ːm
sunek	suːnek
sunkovit	sunˈkɔvit
superjunak	suːpɛɾjunak
suspenzorij	suspɛnzo˩˥ːrij
suti	su˩˥ːti
suša	su˩˥ːʃa
sušnik	sʊʃnˈikː
suženj	su˩˥ːʒən
suženjstvo	su˩˥ːʒənstʋɔ
sužnja	suʒnʲa
sužnja	su˩˥ːʒnja
sva	sva
sva	sʋa˥˩
svak	sak
svak	sʋa˩˥ːk
svakinja	sʋa˥˩ːkinja
svakinja	sʋa˩˥ːkinja
svet	sʋe˥˩ːt
svet	sʋɛ́t
svet	sʲvʲet
svetega	svʲɛɛtɛga
svetel	sʋɛ̀ːtəʋ
svetilka	sʲʋʲɛtɪlka
svetilnik	sʋɛti˥˩ːlnik
svetleče	sʋɛtɫɛtʃɛ
svetloba	sʋɛtlo˩˥ːba
svetloba	sʲvʲɛtlɔba
svetnik	sʋe˥˩ːtnik
svetnik	sʋɛtni˩˥ːk
svetovni	sʋʲɛtɔʋni
sveča	sʋe˩˥ːtʃa
svečka	sʋʲæ̀i̯tʃka
svežina	savɛʒina
svila	sʋi˥˩ːla
sviloprejka	sʋilɔprɛ́ːjka
svinec	sʋi˥˩nets
svinec	sʋi˩˥ːnəts
svinčnik	sʋi˩˥ːntʃnik
svizec	sʋi˥˩ːzəts
svoboda	swɔbɔda
svoboda	sʋɔbo˩˥ːda
svoboden	sʋɔbo˩˥ːdən
svobodna	swɔbɔdna
svobodnejši	sʋɔbo˩˥ːdnɛjʃi
svoj	sʋo˩˥ːj
svojina	sʋɔji˩˥ːna
sydney	si˥˩ːdni
sčasoma	stʃasɔma
ta	ta˥˩ː
ta	tɑː
tabela	tabela
tablete	tablete
tadej	tadɛ́ːj
tadžikistan	tadʒi˥˩ːkistan
tajnica	tajnitʃa
tajništvo	tajniʃtɔ
tajska	ta˥˩ːjska
tajvan	ta˥˩ːjʋan
take	takkə
takem	takɯm
tako	tako˥˩ː
takoj	takoj
takoj	tako˥˩j
takoj	tako˥˩ːj
takole	takɔlɛ
takrat	takraːt
takrat	takra˥˩t
taksi	taksi
taksi	taksj
takten	taktɛ
taktirati	taktiratix
taktirka	taktɨrka
talec	ta˥˩ːlɛts
talentiran	talentiran
talij	tali
talij	ta˩˥ːlij
talilnica	dalʲilnitsa
talisman	talismon
taliti	t̪aljti
tališče	taliːʃtʃɛ
tam	ta˥˩m
tam	tɑm
tampon	tampon
tanek	ta˩˥ːnək
tanek	t̪anɪk
tanjšati	tanʃati
tanker	tankr
tantal	ta˥˩ːntal
tantal	t̪ant̪aɾ
tanzanija	tanza˩˥ːnija
tarča	ta˥˩ːrtʃa
tarčo	tartʃɔ
tast	ta˥˩ːst
tat	ta˥˩t
tat	tɒt
tavati	taɾvati
tavžent	ta˥˩ːʋʒɛnt
tašča	ta˩˥ːʃtʃa
taščica	ta˩˥ːʃtʃitsa
teden	te˥˩ːdən
teden	tɛdaːn
tednih	tɛdnɪx
tega	tegɑ
tehnecij	tɛxne˩˥ːtsij
tehnična	tɛxnjitʃna
tehtati	te˥˩ːʃtati˥˩ː
tek	te˥˩ːk
tekač	tɛka˩˥ːtʃ
tekel	tɪkˌɛl
tekme	tɪkmɛ
tekoč	tɛko˥˩ːtʃ
tekoč	tɛko˩˥ːtʃ
tekoč	tɛkɔu̯tʃ
tekočina	tɛkɔtʃi˩˥ːna
tele	tɛ̀lɛ
tele	tɛ̀ːlɛ
telefona	telefona
telesen	tɛle˥˩ːsən
telesu	teleso
teletina	teletina
telo	telo
telo	tɛlo˥˩ː
telovaditi	tɛlɔʋa˩˥ːditi
telovnik	təlˈɔvnik
telur	tɛluɾ
telur	tɛlu˥˩ːr
telur	tɛlu˩˥ːr
tema	te˥˩ːma
tema	təma˥˩
tema	tə˥˩ma
temen	təmə˥˩n
temen	tə˩˥mən
temen	tɛmmon
temniti	təmni˥˩ːti
temniti	təmni˩˥ːti
temnomoder	tʲɛmnumɔdɛr
tempelj	tɛmpɛl
tempelj	tɛ̀ːmpəl
temperament	tˌɛmpɛrˈamɛnt
temperatura	temperatura
temperatura	tɛmpɛratu˥˩ːra
templjar	tɛmpljɐr
temza	te˥˩ːmza
tenis	tenis
tenis	te˥˩ːnis
teokracija	tɛɔkratsi˥˩ːja
teologija	tɛɔlɔgia
teoretik	tɛɔre˩˥ːtik
teoretičen	tɛɔre˩˥ːtitʃən
teorija	tɛɔri˥˩ːja
tepež	tɛpɛʃ
tepih	tɛpɪx
tepsti	tɛ̀ːpsti
terarij	tɛra˩˥ːrij
terasa	terasa
terbij	tɛrbi
terbij	tɛ̀ːrbij
terme	tɛrmæ
termit	tɛrmi˥˩ːt
termodinamika	tɛrmɔdinaːmika
terorist	tɛrɔri˥˩ːst
tesen	tɛ̀ːsən
test	tˈɛst
teta	pɛta
teta	tɛ̀ːta
teti	te˩˥ːti
tetoviranje	tɛtɔʋi˥˩ːranjɛ
tetovirati	tɛtɔʋi˥˩ːrati
tetraeder	tɛtrajdɛr
tečaj	te˨˩tʃaj˨˩
tečaj	tɛtʃa˥˩ːj
teči	tɛ̀ːtʃi
teža	tɛʒɐ
težek	tɛʒak
težek	tɛ̀ːʒək
težji	te˥˩ːʒji
težka	tɛʃkɐ
ti	ti˥˩
ti	ti˥˩ː
tiger	ti˩˥ːgər
tiger	tʲigɛr
tih	ti˥˩ːx
tihcen	tixtsɛŋ
tik	tikː
tikati	ti˥˩ːkati
tikati	ti˩˥ːkati
tile	tila
tilen	ti˩˥ːlɛn
timijan	ti˥˩ːmijan
tine	tina
tip	ti˥˩ːp
tipalke	tipalke
tipka	ti˥˩ːpka
tipka	tɪpka
tipkati	tipkatɨ
tipkovnica	tipko˥˩ːʋnitsa
tiran	tʲiran
tiranija	tiranja
tisa	kisa
tisa	ti˥˩ːsa
tiskalnik	tʲiskalnik
tisoče	tisɔtʃɛ
tisočletje	tisotʃlɛtjɛ
tisočletje	tisɔtʃle˥˩ːtjɛ
tiste	tiste
tistemu	tistiˈmuː
tisti	tiste
tisti	ti˥˩ːsti
titan	tita˥˩ːn
tišina	tiʃi˩˥ːna
tjaša	tjˈaʃa
tjulenj	tju˥˩ːlən
tjulenj	tju˩˥ːlən
tkati	tka˩˥ːti
tkivo	tki˩˥ːʋɔ
tla	plˈa
tla	tla˥˩
tlak	tla˥˩ːk
to	to˥˩ː
to	tɔ
tod	to˥˩ːt
tod	to˩˥ːt
toda	to˥˩ːda
toda	tɔda
tog	to˥˩ːk
tok	to˥˩k
tok	to˥˩ːk
tokata	tɔka˥˩ːta
toksin	toksin
tolkalo	tɔʋka˩˥ːlɔ
tolmač	tolmatʃ
tolmač	tɔlma˩˥ːtʃ
tolmin	twlmino
tolpa	to˩˥ːlpa
tolči	to˩˥ːʋtʃi
tom	to˥˩ːm
tomahavk	tɔmaxa˥˩ːʋk
tomaj	tomaj
tomaž	dɔmaːʃ
tomaž	tɔma˥˩ːʃ
tomšič	tɔmʃitʃ
ton	tɔn
tončka	tuntʃka
top	to˥˩p
topel	to˩˥ːpəʋ
topiti	tɔpi˥˩ːti
toplice	tuplʲitsɛ
toplo	tɔplˈɔ
toplota	tɔplo˩˥ːta
topol	to˩˥ːpɔl
topologija	tɔpɔlɔgja
torba	to˥˩ːrba
torba	tɔrba
torbica	tɔrpitsa
torek	to˩˥ːrək
torij	to˩˥ːrij
torpor	turpɔr
torta	tɔrta
tovariš	tɔʋa˥˩ːriʃ
tovarna	tɔʋa˥˩ːrna
toča	tɔtʃa
točiti	tɔtʃite
točk	tutʃk
točka	totʃka
točke	tɔtʂkɛ
točki	tutʃki
točko	tɔtʃkɔ
tožilnik	tuʒilnik
tožilnik	tɔʒi˥˩ːlnik
tradicija	tradi˩˥ːtsija
tradicionalen	traditsiɔna˥˩ːlən
tragedija	trage˩˥ːdja
trajekt	traje˥˩ːkt
trak	traːk
trakulja	traku˩˥ːlja
trakulja	trəkuljˈa
tramvaj	tramzaj
tramvaj	tramʋa˥˩ːj
tramvaj	tra˥˩ːmʋaj
transilvanija	transilʋa˩˥ːnija
transpiracija	transpiratsja
traparija	traparia
trapasto	trapasto
trasa	traːsa
tratnjek	tratnʲiɛk
trava	trava
trava	tra˩˥ːʋa
trave	trawɛ
travnat	traunat
travnik	trau̯nik
travnik	tra˥˩ːʋnik
travnik	tra˩˥ːʋnik
travo	travɔ
travojedec	traʋɔje˥˩ːdəts
trd	tard
trd	tə˥˩rt
trdnjava	tərdnja˥˩ːʋa
trdno	tɨrdnɔ
trdo	tɤrdɔ
trebuh	tre˩˥ːbux
trener	trɛnɛ́ːr
trenirka	trɛɲirka
trenutek	trɛnu˥˩ːtək
trepalnica	trɛpaɫnitsa
trepalnica	trɛpa˥˩ːlnitsa
trepalnice	trɛpalɲitsɛ
trepet	trˈɛpˈɛt
trepetlika	trɛpɛtli˩˥ːka
tresti	trestɛ
tresti	tre˩˥ːsti
treti	tre˩˥ːti
treti	trɛtɛ
tretja	tˈrɛtjɔ
tretjak	trɛtja˩˥ːk
treši	trˈeʃˈi
trg	t̪urk
trgati	tə˩˥rgati
trhel	tə˩˥rxɛl
tri	tri˥˩ː
tri	trˈi
triangel	trija˩˥ːngəl
trias	trijas
trideset	tridɛsɛ
trideset	tri˥˩ːdɛsɛt
trije	trije˥˩ː
trije	tri˥˩ːjɛ
trikotnik	triko˥˩ːtnik
trikrat	trikraʲt
trinajst	trina˩˥ːjst
trinajst	tri˥˩ːnajst
trinajst	trˈinˈaɪst
trinko	tri˥˩ːnkɔ
tris	tri˥˩ːs
tristo	tristo
trizob	trizo˥˩ːp
trmast	tørmast
trobenta	trɔbe˥˩ːnta
troblja	troˈblja
trod	tro˥˩ːt
trot	trot
trot	tro˥˩ːt
trošt	tro˥˩ːʃt
trpeti	tərpe˩˥ːti
trsa	tɛrsa
trst	tɔrst
trta	tə˩˥rta
trte	tɔrtɛ
trtica	tə˩˥rtitsa
trudi	trudɨ
truhel	tru˩˥ːxəʋ
truplo	tru˩˥ːplɔ
trši	tə˥˩rʃi
tržnica	kʌrʃnitsa
tu	tuː
tu	tu˥˩
tuberkuloza	tubɛrkulo˥˩ːza
tudi	tudi
tudi	tu˥˩ːdi
tuhtati	tuxtatɨ
tujka	tˈuɪkˌa
tukaj	tu˥˩ːkaj
tulij	tuli
tulij	tu˩˥ːlij
tuljava	tulja˥˩ːʋa
tunizija	tuni˩˥ːzija
turek	tu˩˥ːrək
turist	turi˥˩ːst
turist	tʊrˈist
turizem	turi˩˥ːzəm
turizem	tuˈrism
turjak	tʊrjak
turkinja	tu˩˥ːrkinja
turoben	turo˩˥ːbən
turčija	tu˥˩ːrtʃija
turški	tu˩˥ːrʃki
turško	tu˩˥ːrʃkɔ
tuđman	tudʒman
tveganje	tʋe˥˩ːganjɛ
tveganje	tʋe˩˥ːganjɛ
tvegati	tʋe˥˩ːgati
tvegati	tʋe˩˥ːgati
tvoj	tʋo˩˥ːj
tvoja	tˈvɔja
tvorba	tʋo˥˩ːrba
tvoriti	tʋo˥˩ːriti
tvoriti	tʋo˩˥ːriti
tvrdka	tvɛrdka
tyler	tjˈlɛr
türk	tʏrk
ubija	ubia
ubilo	ubilo
ubiti	ubi˩˥ːti
ubogati	ubogati
uboj	ubɔj
ud	u˥˩ːt
udariti	uda˥˩rite
udariti	uda˩˥ːriti
uganka	uga˥˩ːnka
ugasniti	ugasnʲitɨ
ugotovili	ugɔtɔʋili
ugrabitev	ugrabi˥˩ːtəʋ
ugriz	ugri˥˩ːs
ugrizniti	ugri˩˥ːzniti
uho	uxo˥˩ː
uho	ʊ̞xɔ
ujec	u˥˩ːjəts
ujec	u˩˥ːjəts
ujeda	uje˥˩ːda
ujeda	uje˩˥ːda
ujemi	uˈjæmi
ujeti	uje˩˥ːti
ukaz	uka˥˩s
ukazal	ukˈazau
ukaze	ukˈazɯ
ukor	uko˥˩r
ukor	uːkæˈrɑːr
ukradli	ukradlʲi
ukrajina	ukraji˩˥ːna
ukrajinski	ukraji˥˩ːnski
ukrasti	ukra˩˥ːsti
ukreniti	ukrɛni˥˩ːti
ukreniti	ukrɛni˩˥ːti
ukvarjati	ukʋa˩˥ːrjati
uleči	ulˈetʃɪ
ulic	ulits
ulica	u˩˥ːlitsa
ulice	ulitsɛ
ulici	ulitsi
ulico	ulitsa
ulico	ulitsɔ
ulomek	ulomɛk
ulomek	ulo˥˩ːmək
ultrakratkovaloven	u˥˩ːltrakratkɔʋalo˥˩ːʋən
umazan	uma˥˩ːzan
umazano	umazanɔ
umeti	ume˩˥ːti
umetnica	umʲitnʲitsa
umetnik	ume˥˩ːtnik
umetniška	umɛtnɪʃka
umetniški	umɛtniʃke
umetno	umetno
umetnost	umʲìɛ̯tsnɔst
umirajoč	umi˩˥ːrajo˥˩ːtʃ
umiti	umi˩˥ːti
umivalnik	umivalnik
umivati	umi˩˥ːʋati
umor	umowɔɾ
umor	umo˥˩r
umoriti	umɔri˥˩ːti
umoriti	umɔri˩˥ːti
umreti	umre˩˥ːti
umrlo	umrlʊ
uniforma	unifo˥˩ːrma
univerza	uniʋɛ́ːrza
univerzalna	uniʋɛrɨsalnɔ
uniči	unitʃe
upajmo	upajmo
upanje	u˥˩ːpanjɛ
upati	upatˈe
upati	u˥˩ːpati
upaš	upas
uplinjač	uplinja˩˥ːtʃ
upogniti	upo˥˩ːgnjti
upokojenec	upoko˥˩ːjɛnɛts
upor	upo˥˩r
uporaba	upɔra˥˩ːba
uporabili	uporabili
uporabiti	upɔrabi˥˩ːti
uporabiti	upɔrabi˩˥ːti
uporabiti	upɔra˩˥ːbiti
uporabljati	upɔra˩˥ːbljati
uporabnik	upɔraːbnik
uporabnik	upɔra˥˩ːbnik
uporabo	upoˈrabɔ
ura	u˥˩ːra
ura	u˩˥ːra
uraden	ura˥˩ːdən
uraden	urradɛn
uran	ura˥˩ːn
urban	urba˥˩n
urban	urba˥˩ːn
urediti	urɛˈditi
uren	uran
urh	urɨx
urnik	u˥˩ːrnik
urno	urno
urok	uro˥˩k
uršič	u˥˩ːrʃitʃ
urška	urɨʂka
urška	u˥˩ːrʃka
usluga	uslu˥˩ːga
usmrtitev	usmərti˥˩ːtəʋ
usnje	u˩˥ːsnjɛ
usoda	uso˥˩ːda
usoden	uso˥˩ːdən
usoden	uso˩˥ːdən
usodnejši	uso˩˥ːdnɛjʃi
usodo	usɔdɔ
uspavanka	uspavanˈka
uspeh	uspɛ́x
uspela	uspila
uspeli	uspili
uspeti	uspe˩˥ːti
usta	u˩˥ːsta
ustava	ustava
ustava	usta˥˩ːʋa
ustavila	ustavila
ustavili	ustavjilʲi
ustje	u˥˩ːstjɛ
ustje	u˩˥ːstjɛ
ustnice	ustnitsæ
ustrelili	ustrɛliɫi
ustreliti	ustrɛlʲitʲi
ustreza	ustrɛzaː
ustrezen	ustre˩˥ːzən
ustreznejši	ustre˩˥ːznɛjʃi
ustreznik	ustre˩˥ːznik
ustvarite	ustvarite
utež	utɛʃ
utor	uto˥˩r
utrinek	utrɪnɛk
utrujati	utru˩˥ːjati
utrujen	utruːjɐn
utrujen	utru˩˥ːjɛn
uvel	uʋe˩˥ːʋ
uvel	uʋɛ́ʋ
uveneti	uɣenɛti
učbenik	tʃbɛnʲik
učenec	utʃɛ̀ːnəts
učenjak	utʃɛnˈjak
učenost	utʃɛnost
učil	utʃiu
učilnica	utʃɪlnitsa
učinek	otʃinɛk
učinek	utʃi˥˩ːnək
učinki	utʃɪnkʲi
učitelj	utʃitːɛl
učitelj	utʃi˥˩ːtɛl
učiteljica	utʃitelitsa
učiteljica	utʃi˥˩ːtɛljitsa
učiteljišče	utʃitɛliʃtʃɛ
učiti	utʃite
učiti	utʃi˥˩ːti
učiti	utʃi˩˥ːti
uš	u˥˩ːʃ
ušesni	uʃɛsɲi
užival	uʒival
uživati	uʒi˩˥ːʋati
v	ʋ
vabiti	ʋabi˥˩ːti
vabiti	ʋabi˩˥ːti
vabiti	ʋa˩˥ːbiti
vadba	vadba
vaditi	vaditi
vaditi	ʋa˩˥ːditi
vaga	ʋa˥˩ːga
vagina	ʋagi˥˩ːna
vajin	ʋa˥˩ːjin
val	vˈal
val	ʋa˥˩ːl
valentin	ʋalɛnti˥˩ːn
valj	ʋa˩˥ːl
vam	vam
vampir	ʋampi˩˥ːr
vanadij	ʋana˩˥ːdij
varen	ʋa˩˥ːrən
varna	ʋa˩˥ːrna
varne	ʋa˩˥ːrnɛ
varnega	ʋa˩˥ːrnɛga
varnejši	ʋa˩˥ːrnɛjʃi
varni	varni
varno	ʋa˩˥ːrnɔ
varuh	ʋa˥˩ːrux
varšava	ʋarʃa˥˩ːʋa
vas	vas
vas	ʋa˥˩ːs
vasica	vasitsa
vasja	vasja
vaterpolist	ʋatɛrpɔli˥˩ːst
vaterpolo	ʋa˩˥ːtɛrpo˥˩ːlɔ
vaza	ʋa˩˥ːza
vaš	ʋa˥˩ʃ
vaša	vˈaʃa
vdihniti	ʋdi˩˥ːxniti
vdova	ʋdo˥˩ːʋa
ve	ʋe˥˩ː
veber	ʋe˩˥ːbər
vedeti	ʋe˩˥ːdɛti
vediti	vediti
vedno	ʋe˩˥ːdnɔ
vedro	ʋɛ̀ːdrɔ
vegetarijanec	ʋɛgɛtarija˥˩ːnəts
veja	ʋɛ́ːja
vejati	ʋɛ́ːjati
vejica	ʋɛ́ːjitsa
vektor	ʋe˩˥ːktɔr
velblod	ʋɛlblo˥˩ːt
velelnik	ʋɛle˥˩ːlnik
velelnik	ʋɛle˥˩ːʋnik
velemesto	ʋɛ́lɛme˩˥ːstɔ
veleposlanik	ʋɛ́lɛpɔsla˩˥ːnik
velik	vɛˈlʲik
velik	ʋɛ̀ːlik
velikan	ʋɛlika˥˩ːn
veliko	ʋɛli˩˥ːkɔ
velikost	vɛlikɔːst
veličasten	velitʃastɛn
veličina	ʋɛlitʃi˩˥ːna
veljati	veljati
vem	vˈɛm
vendar	ʋə˥˩ndar
vendar	ʋə˩˥ndar
venec	vɛnɛts
venera	ʋe˥˩ːnɛra
veniti	ʋe˩˥ːniti
veper	ʋe˩˥ːpɛr
vera	ʋe˩˥ːra
veriga	ʋɛri˩˥ːga
verižica	veˈriʒitsa
verjeti	ʋɛrje˩˥ːti
ves	ʋə˥˩s
vesela	vɛsɛla
veselje	vˈɛsɛljɛ
veselje	ʋɛsɛ̀ːljɛ
veselo	vesɛlɔ
vesim	ʋe˥˩ːsim
vesiti	ʋe˩˥ːsiti
vesna	vɛsna
vest	ʋe˥˩ːst
vesti	ʋe˩˥ːsti
vesti	ʋɛ̀ːsti
veter	ʋe˥˩ːtər
veti	ʋe˩˥ːti
veverica	ʋe˩˥ːʋɛritsa
vez	ʋe˥˩ːs
vezati	ʋe˩˥ːzati
vezati	ʋɛza˩˥ːti
veznik	ʋe˥˩ːznik
več	ʋɛ́tʃ
večen	ve˥˩ːtʃɛn
večen	ʋe˩˥ːtʃən
večer	ʋɛtʃe˥˩ːr
večera	vɛtʃɛra
večerja	ʋɛtʃe˥˩ːrja
večinoma	vɛtʃˈinˈɔmˈa
večji	ʋe˥˩ːtʃji
večkrat	vɛtʃkrat
večnost	ve˩˥ːtʃnɔst
vešča	vɛʃtʃa
vhod	ʋxo˥˩t
vi	ʋi˥˩ː
vice	ʋi˥˩ːtsɛ
vice	ʋi˩˥ːtsɛ
vid	ʋi˥˩ːt
videti	vidɛti
videti	ʋi˩˥ːdɛti
vidni	vidni
vidra	vitra
vidra	ʋi˥˩ːdra
vidra	ʋi˩˥ːdra
vihar	ʋixa˥˩ːr
vijak	ʋija˩˥ːk
vijolični	ʋijo˥˩ːljtʃni
vikati	ʋi˥˩ːkati
vikati	ʋi˩˥ːkati
vila	vila
vila	ʋi˥˩ːla
vile	ʋi˩˥ːlɛ
vilica	vilitsa
vilice	vilitsɛ
vilice	ʋi˩˥ːlitsɛ
viličar	vilitʃar
vina	vina
vina	vˈina
vince	vintsɛ
vino	ʋi˩˥ːnɔ
vinograd	ʋino˩˥ːgrat
violina	ʋijɔli˥˩ːna
violončelo	ʋijɔlɔntʃe˥˩ːlɔ
vir	ʋi˥˩ːr
virtualen	virtualen
viski	viski
visok	ʋiso˥˩k
vitek	vʲitɛk
vitez	ʋi˥˩ːtɛs
viti	ʋi˥˩ːti
viti	ʋi˩˥ːti
viza	ʋi˥˩ːza
viza	ʋi˩˥ːza
vizitka	vizitka
vič	vitʃ
višji	ʋi˥˩ːʃji
višnu	ʋi˥˩ːʃnu
vključiti	ʋklju˩˥ːtʃiti
vklopiti	ʋklo˩˥ːpiti
vklopiti	ʋklɔpi˥˩ːti
vklopiti	ʋklɔpi˩˥ːti
vlada	vlada
vlada	ʋla˥˩ːda
vladar	vladar
vladati	ʋla˥˩ːdati
vladati	ʋla˩˥ːdati
vladavina	ʋladaʋi˩˥ːna
vlak	vlak
vlak	ʋla˥˩ːk
vleči	ʋle˩˥ːtʃi
vljudnost	ʋlju˩˥ːdnɔst
vmes	omɛs
vnuk	ʋnu˥˩ːk
vnuk	ʋnu˩˥ːk
vnukinja	ʋnu˥˩ːkinja
vnukinja	ʋnu˩˥ːkinja
vnučka	unutʃka
voda	ʋo˩˥ːda
vodik	ʋɔdi˥˩ːk
vodila	vo˥˩ːdila˥˩ː
voditi	ʋɔdi˥˩ːti
voditi	ʋɔdi˩˥ːti
vodič	ʋɔdi˥˩tʃ
vodja	ʋo˥˩ːdja
vodnar	ʋɔdna˩˥ːr
vodni	vɔdni
vodnica	ʋo˥˩ːdnitsa
vodnik	vɔdnʲik
vodnjak	ʋɔdnja˩˥ːk
vodomec	ʋɔdo˥˩ːməts
vodomec	ʋɔdo˩˥ːməts
vogal	ʋɔga˥˩ːʋ
vogel	ʋo˥˩ːgəʋ
voh	ʋo˥˩ːx
vohati	ʋo˥˩ːxati
vohun	ʋɔxu˥˩ːn
vohunski	ʋɔxu˥˩ːnski
vojakinja	ʋɔja˩˥ːkinja
vojna	ʋo˩˥ːjna
vojska	vɔjska
vojska	ʋo˩˥ːjska
vojske	wɔjskɛ
vojvoda	ʋo˥˩ːjʋɔda
vojvodina	ʋo˥˩ːjʋɔdina
vojščak	ʋɔjʃtʃa˩˥ːk
vol	ʋo˥˩ʋ
volan	ʋɔla˥˩ːn
volfram	ʋo˥˩ːlfram
volga	ʋo˩˥ːʋga
volja	ʋo˩˥ːlja
volkodlak	ʋɔʋkɔdla˥˩ːk
volna	ʋo˩˥ːʋna
voluhar	ʋɔlu˥˩ːxar
vos	ʋo˥˩ːs
vosek	ʋo˥˩ːsək
votor	ʋɔto˥˩r
vovk	ʋo˥˩ːʋk
voz	bɔs
vozel	ʋo˩˥ːzəʋ
vozim	vo˩˥ːzim
voziti	ʋɔzi˥˩ːti
voziti	ʋɔzi˩˥ːti
voznik	vo˥˩ːznik
voščilo	ʋɔʃtʃi˩˥ːlɔ
voščiti	ʋo˩˥ːʃtʃiti
voščiti	ʋɔʃtʃi˥˩ːti
vožnja	ʋo˩˥ːʒnja
vpiti	opiti
vpiti	ʋpi˩˥ːti
vpitje	upitjɛ
vpliv	ʋpli˥˩ːʋ
vprašaj	ʋpraʃa˥˩ːj
vprašajte	upraʃajte
vprašanje	ʋpraʃa˥˩ːnjɛ
vprašati	ʋpraʃa˩˥ːti
vprašati	ʋpra˩˥ːʃati
vrabec	ʋra˩˥ːbəts
vraga	fraga
vran	ʋra˥˩ːn
vrana	ʋra˩˥ːna
vranica	ʋra˩˥ːnitsa
vrat	vrat
vrat	ʋra˥˩ːt
vrat	ʋra˩˥ːt
vrata	ʋra˩˥ːta
vratar	ratar
vrati	vrˈati
vratič	ʋrati˥˩tʃ
vraža	ʋra˩˥ːʒa
vrba	vɤrba
vrba	ʋə˩˥rba
vrednost	ʋre˩˥ːdnɔst
vreme	ʋrɛ̀ːmɛ
vretence	ʋrɛtɛ̀ːntsɛ
vreti	ʋre˩˥ːti
vreči	ʋre˩˥ːtʃi
vrh	ʋɛrx
vrha	ʋərxa
vrhovi	wrxɔʋʲi
vrniti	vɛrniti
vroč	ʋro˥˩tʃ
vroč	ʋro˥˩ːtʃ
vrst	ʋə˥˩rst
vrsta	ʋə˩˥rsta
vrsten	ʋə˥˩rstən
vrstilen	ʋərsti˥˩ːlən
vrstnost	ʋə˥˩rstnɔst
vrt	vort
vrt	ʋə˥˩rt
vrti	vˈɛrti
vrtnica	ʋə˥˩rtnitsa
vrtovin	ʋɛrtɔʋin
vrtu	fʊrtu
vrzeli	varze˥˩ːli
vrč	ʋə˥˩rtʃ
vrček	vrtʃɛk
vršilec	ʋərʃi˥˩ːləts
vsaj	ʋsa˥˩ːj
vsak	usak
vsake	usakɛ
vsakič	sakitʃ
vsakič	ʋsa˥˩ːkitʃ
vsebina	ʋsɛbi˩˥ːna
vsebuje	usɛbujɛ
vsejedec	ʋsɛje˥˩ːdəts
vstaja	ustaja
vstanite	ustanidɛ
vstaviti	ʋsta˩˥ːʋiti
vstopati	ʋsto˥˩ːpati
vstopati	ʋsto˩˥ːpati
vstopiti	ʋsto˩˥ːpiti
vstopiti	ʋstɔpi˥˩ːti
vstopiti	ʋstɔpi˩˥ːti
vstran	ustran
vtis	ʋti˥˩ːs
vulkan	vulkan
vulkan	ʋulka˥˩ːn
vurnik	ʋu˥˩ːrnik
vuzenica	vuzɛnitsa
vzbrst	uzbrst
vzdevek	ʋzde˥˩ːʋɛk
vzeti	ʋze˩˥ːti
vzgojiti	uzgɔjiti
vzhod	ʋzxo˥˩t
vzhoden	ʋzxo˥˩ːdən
vzhodnejši	ʋzxo˥˩ːdnɛjʃi
vzorec	uzo˩˥ːrɛts
vzpon	ʋspo˥˩n
včasih	ʋtʃa˥˩ːsix
včeraj	utʃeraj
včeraj	ʋtʃe˩˥ːraj
včlaniti	ʋtʃla˥˩ːniti
včlaniti	ʋtʃla˩˥ːniti
všečen	ʋʃe˩˥ːtʃən
všečnost	ʋʃe˩˥ːtʃnɔst
vžigalica	ʋʒiga˥˩ːlitsa
wikipedija	ʋikipɛdi˥˩ːja
z	z
za	za
zabava	zabava
zabava	zaba˥˩ːʋa
zabavala	zabavala
zabaven	zabavɛn
zabavljač	zabawljatʃ
zabavna	zabau̯na
zabavnik	zaba˥˩ːʋnik
zaboga	zaboga
zaceliti	zatsɛlʲite
zadet	zadet
zadnjem	zadnʲem
zadnji	za˥˩ːdnji
zadnjica	zadnʲitsa
zadnjica	za˥˩ːdnjitsa
zadnjik	za˥˩ːdnjik
zadnjič	zadnitʃ
zadnjičen	za˥˩ːdnjitʃən
zadovoljevati	zadɔʋɔljɛʋa˩˥ːti
zadovoljiti	zadɔʋɔlji˥˩ːti
zadovoljiti	zadɔʋɔlji˩˥ːti
zadržati	zadrˈʒate
zadušiti	zaduʃitɪ
zagledal	zaglʲɛdau̯
zagnati	zagna˩˥ːti
zagrenjen	sakrɛnjɛn
zahod	zaxo˥˩t
zahod	zaxɔt
zahoden	zaxo˥˩ːdən
zahodnejši	zaxo˥˩ːdnɛjʃi
zahteva	zaxte˥˩ːʋa
zaigrati	zaigraˈti
zaimek	zai˥˩ːmək
zaiti	zai˩˥ːti
zajebal	zajɛˈbal
zajec	za˥˩ːjəts
zajtrk	za˥˩ːjtərk
zajtrkovati	zajtərkɔʋa˩˥ːti
zajček	za˥˩ːjtʃək
zakaj	zaka˥˩ːj
zakaj	zaka˩˥ːj
zaklad	zakla˥˩t
zakleniti	zaklɛni˥˩ːti
zakleniti	zaklɛni˩˥ːti
zaključim	zakljuˈtʃim
zaključiti	zakljuˈtʃiti
zakon	zakon
zakon	za˩˥ːkɔn
zakona	zakona
zakrajšek	zakrajʃak
zakristija	zakristi˥˩ːja
zakričati	zakritʃate
zalar	za˥˩ːlar
zaliv	zali˥˩ːʋ
zaljubiti	zaljubi˥˩ːti
zaljubiti	zaljubi˩˥ːti
zaljubiti	zalju˥˩ːbiti
zaljubiti	zalju˩˥ːbiti
zaljubljena	zaljubljena
zamahnem	zamaːxnɛm
zaman	zama˥˩n
zambija	za˩˥ːmbija
zamena	zamena
zamenjal	zamenʲːau̯
zamenjati	zamɛnjatɛ
zameno	zamɛno
zamera	zamiːra
zameriti	zamɛːriti
zamisel	zamisau̯
zamuda	zamutɨ
zamudila	zamɔdila
zamuditi	samɔditi
zamuditi	zamudi˥˩ːti
zamuditi	zamudi˩˥ːti
zanimajo	zanimajo
zanimalo	zanimalo
zanimiv	zanimi˥˩ːʋ
zanimiv	zanimi˩˥ːʋ
zanimivejši	zanimi˩˥ːʋɛjʃi
zanka	za˥˩ːnka
zanos	sˈanˈɔss
zaobljuba	zau̯pljuba
zapakiran	zapakʲiran
zapakirati	zapagirate
zapestje	zape˥˩ːstjɛ
zapišite	zapjiʃite
zaplankan	saplaːnka˥˩n
zapleteno	zapletɛnɔ
zapomniti	zapomniti
zapor	zapor
zapor	zapo˥˩r
zapornica	zapo˥˩ːrnitsa
zapornik	zapo˥˩ːrnik
zaposlen	zaposlɛn
zaposlena	zapɔslɛna
zaposliti	zapɔsliti
zapraviti	zapraviti
zapreti	zapre˩˥ːti
zaprl	zapro
zaprt	zapɤrt
zaprta	zapərta
zaprto	zapɛrtɔ
zapustili	sapostili
zapustiti	zapusti˥˩ːti
zapustiti	zapusti˩˥ːti
zapét'	zapɛt
zarja	dzarja
zarnik	za˥˩ːrnik
zarod	zaːrɔt
zase	zˈasə
zaseben	zase˥˩ːbən
zaskrbljen	zaskrblʲen
zaslišati	zasliʃatɛ
zaspal	zaspau̯
zaspan	zaspa˩˥ːn
zaspati	zaspa˩˥ːti
zastarel	zastarʲeu̯
zastava	zastava
zastava	zasta˥˩ːʋa
zastaviti	zastaviti
zastavnica	zasta˥˩ːʋnitsa
zastonjsko	zastɔnskɔ
zato	zato
zatočišče	zatotʃiʃtʃɛ
zaupanje	zau̯panje
zaupnost	zau̯pnɔst
zavedaš	zavɛdaʃ
zavesa	zaʋe˥˩ːsa
zaviti	zaviti
zavpile	zau̯pile
zavreti	zaʋre˩˥ːti
zavrč	zavrtʃ
zavzela	zau̯zɛla
zaznamujejo	zaznaɦmujɛjɛ
začasno	zatʃasno
začela	zatʃeːla
začenja	zatʃɛɲja
začetek	zatʃe˥˩ːtək
začeten	zatʃe˥˩ːtən
začeti	zatʃe˩˥ːti
začetku	zatʃɛtkɔ
začimbe	zatʃimbe
začnejo	zatʃnɛjɔ
začnemo	zatʃnɛmoː
začneš	zatʃnɛːʃ
začnite	zatʃnite
zaščita	zaʃtʃi˥˩ːta
zažgati	zaʒgatɪ
zažgati	zaʒga˩˥ːti
zbeganost	zbɛgɐnɔst
zberi	zbari
zbežal	zbɛʐau̯
zbežati	zbɛʒa˩˥ːti
zbiralec	zpʲirɐlʲɛts
zbiratelj	zpʲiratɛl
zbirati	zbi˥˩ːrati
zbirati	zbi˩˥ːrati
zbirka	zbi˥˩ːrka
zbirčica	zbirtʃɪtsa
zbledeti	zblɛtɛtɪ
zbosti	zbɔstɪ
zbrali	zbra˥˩ːli
zbrati	zbratɪ
zbrati	zbra˩˥ːti
zbudila	zputiʎa
zdaj	zda˥˩j
zdavnaj	zdaʋnɛj
zdolgočasen	zdɔʋgɔtʃa˥˩ːsɛn
zdrav	zdra˥˩ʋ
zdrav	zdrˈaɫ
zdravica	zdraʋi˩˥ːtsa
zdravilo	zdraʋi˩˥ːlɔ
zdravje	zdrau̯ɪjɛ
zdravljica	zdraʋlji˩˥ːtsa
zdravnik	zdraʋni˩˥ːk
zdravo	zdravɔ
zdravo	zdra˥˩ːʋɔ
zdravstvo	zdra˥˩ːʋstʋɔ
združenih	sdruʒɛnjix
zeba	ze˩˥ːba
zebe	zˈɛb
zebra	ze˥˩ːbra
zebra	ze˩˥ːbra
zebsti	ze˩˥ːpsti
zehati	ze˩˥ːxati
zel	ze˥˩ːʋ
zel	zə˥˩ʋ
zelen	ze˥˩ːlən
zelen	zɛlɛ́n
zelena	ze˥˩ːlɛna
zelena	zɛlɛ̀ːna
zelena	zɛ́ːlɛna
zelenjava	zɛlɛnjava
zelje	ze˩˥ːljɛ
zelo	zɛlo˥˩ː
zelo	zˈɛlˈɔ
zemeljski	zɛmɛlski
zemlja	zɛ̀ːmlja
zemlje	zemlʲe
zemljepis	zɛmljɛpi˥˩ːs
zemljevid	zɛmljɛʋi˥˩ːt
zenica	zɛni˩˥ːtsa
zet	zɛ́t
zgledaš	zglʲedaʃ
zgodaj	zgo˥˩ːdaj
zgodba	zgo˥˩ːdba
zgodba	zgɔdba
zgodbi	zgɔdbi
zgodbo	zgɔdbo
zgodila	zgɔdila
zgodovina	zgɔdɔvina
zgodovina	zgɔdɔʋi˩˥ːna
zgodovinar	zgɔdɔʋi˥˩ːnar
zgodovinski	zgɔdɔʋi˥˩ːnski
zgolj	zgɔlʲ
zgoraj	zgo˩˥ːraj
zgoraj	zgɔˈrai
zgradba	zgra˥˩ːdba
zgradbo	zgradbo
zgrešiti	zgrɛʃti
zgrešiti	zgrɛ̀ːʃiti
zibati	ziba˩˥ːti
zibati	zi˩˥ːbati
zid	zi˥˩ːt
zid	zjt
zidati	zida˩˥ːti
zidati	zi˩˥ːdati
zima	zi˩˥ːma
zizek	zizak
zjutraj	zjuːtraj
zjutraj	zju˩˥ːtraj
zlagati	zlagate
zlahka	zlˈaxka
zlat	zla˥˩ːt
zlaten	zlate˥˩ːn
zlaten	zlate˩˥ːn
zlaten	zla˥˩ːtən
zlaten	zla˩˥ːtən
zlati	zlatɛ
zlato	zlato˥˩ː
zlato	zlatɔ
zlatorog	zlaturɔk
zlemu	zlɛmu˥˩
zlitina	zli˥˩ːtina
zlitina	zli˩˥ːtina
zlo	zlo˥˩
zlo	zlˈo
zloben	zlɔbɛn
zlog	zlo˥˩k
zlomiti	zlɔmi˥˩ːti
zlomljen	zlo˩˥ːmljɛn
zlonameren	zlɔname˩˥ːrən
zločin	zlɔtʃi˥˩ːn
zločinec	zlɔtʃi˥˩ːnəts
zmaga	zma˥˩ːga
zmago	zmagɔ
zmagovalec	zmagɔʋa˥˩ːləts
zmaj	zmaːj
zmaj	zma˥˩j
zmaj	zma˥˩ːj
zmaj	zma˩˥ːj
zmeden	zmɛːdɛn
zmene	zmenˈe
zmeraj	zme˥˩ːraj
zmeraj	zmɛːraj
zmiriti	zmjriti
zmorem	zmɔrɛm
zmoreš	zmorɛʃ
zmrcvariti	zmrtsva˥˩riti
zmrzal	zmrzɑu̯
zmrzniti	zmɯrˈznite
zmršiti	zmɤrʃiti
znajo	zna˥˩ːjo˥˩ː
znamenje	znamenje
znana	snana
znanega	zna˥˩ːnɛga
znanje	zna˥˩ːnjɛ
znanost	zna˩˥ːnɔst
znanstven	zna˥˩ːnstʋɛn
znanstvenik	znanstɫɛnʲik
znati	snate
znati	zna˩˥ːti
značilen	znatʃi˥˩ːlən
značilnejši	znatʃi˥˩ːlnɛjʃi
znebiti	znɛbʲitɪ
znenaditi	znɛnaːditi
znesek	znisɛk
znoj	znoj
znoj	zno˥˩j
znoj	zno˥˩ːj
znotraj	zno˩˥ːtraj
zob	zˈɔp
zober	zo˩˥ːbər
zobje	sobje
zobovje	zɔbɔwjɛ
zobozdravnik	zɔbɔzdraʋni˩˥ːk
zobozdravstvo	zɔbɔzdra˥˩ːʋstʋɔ
zobru	zo˩˥ːbru
zofa	zˈɔːfˈa
zona	zo˥˩ːna
zoologija	zɔɔlɔgia
zora	zo˥˩ːra
zora	zo˩˥ːra
zrak	zra˥˩k
zraka	zraːka
zrasti	zrastɪ
zraven	zravən
zračni	zratʃnɛ
zrel	zre˥˩ːʋ
zrel	zrɛ́ʋ
zrel	zrˈeɭ
zrelejši	zre˩˥ːlɛjʃi
zrelejši	zrɛlɛ́ːjʃi
zulic	zulitʃ
zunaj	zu˩˥ːnaj
zupan	zupa˥˩n
zupan	zu˥˩ːpan
zupanc	zu˥˩ːpants
zupančič	zupa˥˩ːntʃitʃ
zvati	zʋa˩˥ːti
zven	zɛn
zveneti	svene˩˥ːti
zver	zvjɛr
zver	zʋe˥˩ːr
zverina	zʋɛri˩˥ːna
zveza	zve˥˩ːza
zvezda	zvˈezda
zvezda	zʋe˩˥ːzda
zvezek	zʋe˥˩ːzək
zvezek	zˈvɛzɛk
zvezki	zvjeskʲi
zvečer	zʋɛtʃe˥˩ːr
zvitek	zʋi˥˩ːtək
zvok	zʋo˥˩ːk
zvon	zʋo˥˩ːn
zvonar	zʋɔna˩˥ːr
zvone	zʋo˥˩ːnɛ
zvonec	zʋo˩˥ːnəts
zvonec	zʋɔnɛts
zvonček	zvɔntʃɛk
zvočniki	zvɔtʃniki
à	a
à	a˥˩
à	a˥˩ː
à	a˩˥ː
á	a
á	aː
á	a˥˩ː
ä	e˥˩ː
ä	ɛ̀ː
è	ɛ
é	e˥˩ː
ê	ɛ̀ː
ê	ɛ́ː
ë	joː
ë	jɔ
ë	ə
ì	i
ì	i˥˩
í	iː
í	i˥˩ː
í	i˩˥ː
ā	a˥˩ː
ā	a˩˥ː
ă	a
ă	ɤ
ć	tɕ
ć	tɕe˥˩ː
ć	tɕe˩˥ː
ć	tɕə˥˩
ć	tʃ
č	tɕ
č	tʃ
č	tʃa
č	tʃe˥˩ː
č	tʃe˩˥ː
č	tʃə
č	tʃə˥˩
čad	tʃa˥˩ːt
čaj	tʃa˥˩ːj
čajnica	tʃa˥˩ːjnitsa
čakalnica	tʃaka˥˩ːlnitsa
čakamo	tʃakamu
čakati	tʃa˩˥ːkati
čakaš	tʃakas
čao	tʃa˥˩ːɔ
čaplja	tʃa˥˩ːplja
čarovnica	tʃaro˥˩ːʋnitsa
čarovnik	tʃaro˥˩ːʋnik
čas	tʃa˥˩s
časnik	tʃa˥˩ːsnik
časom	tʃasam
časopis	tʃasɔpi˥˩ːs
časopis	tʃa˥˩ːsɔ˥ːpi˥˩ːs
časopisu	tʃasɔpiso
čast	tʃa˥˩ːst
častnik	tʃa˥˩ːstnik
čatež	tʃaːtəʃ
čaša	tʃa˩˥ːʃa
če	tʃɛ
čebela	tʃəbe˥˩ːla
čebela	tʃɛbe˥˩ːla
čebula	tʃəbu˩˥ːla
čebula	tʃɛbu˩˥ːla
čefur	tʃɛfu˩˥ːr
čeh	tʂɛx
čeh	tʃe˥˩ːx
čehinja	tʃe˥˩ːxinja
ček	tʃak
ček	tʃe˥˩ːk
čelo	tʃe˥˩ːlɔ
čelo	tʃɛ̀ːlɔ
čelo	tʃˈɛlo
čemaž	tʃe˩˥ːmaʃ
čemaž	tʃɛma˥˩ːʃ
čembalo	tʃe˥˩ːmbalɔ
čemeren	tʃɛmʲeran
čenčič	tʃeŋtʃitʃ
čeprav	tʃɛpra˥˩ʋ
čer	tʃe˥˩ːr
česen	tʃɛ̀ːsən
česmina	tʃɛsmi˩˥ːna
čestitati	tʃɛsʲtʲitɐti
četrta	tʃɛtɛrta
četrtek	tʃɛtə˩˥rtək
četrti	tʃɛtɑrtʰi
četrtinka	tʃɛtərti˥˩ːnka
četudi	tʃetudi
čevelj	tʃe˥˩ːʋəl
čevljekljun	tʃe˥˩ːʋljɛklju˥˩ːn
čez	ʃɛs
čezsoča	tʃassɔtʃˈa
češka	tʃe˥˩ːʃka
češki	tʃe˥˩ːʃki
češko	tʃe˥˩ːʃkɔ
češkoslovaška	tʃe˥˩ːʃkɔslɔʋa˥˩ːʃka
češnja	tʃe˥˩ːʃnja
češplja	tʃe˥˩ːʃplja
češčina	tʃe˥˩ːʃtʃina
čiabata	tʃabata
čifut	tʃi˩˥ːfut
čigar	tʃi˥˩ːgar
čigav	tʃiga˩˥ːʋ
čile	tʃi˥˩ːlɛ
čips	tʃɪps
čiraj	tʃira˥˩ːj
čist	tʃi˥˩ːst
čistiti	tʃi˩˥ːstiti
čistota	tʃisto˩˥ːta
čitati	tʃi˥˩ːtati
čitati	tʃi˩˥ːtati
čivava	tʃiʋa˥˩ːʋa
čižek	tʃi˥˩ːʒɛk
član	tʃla˥˩ːn
članek	tʃlaːnɛk
članek	tʃla˥˩ːnək
členek	tʃlʲɛnʲæk
človek	tʃlo˩˥ːʋɛk
človekov	tʃlo˥˩ːʋɛko˥˩ː
človeški	tʃlɔʋe˩˥ːʃki
človeško	tʃlo˥˩ːʋɛːʃko˥˩ː
človeštvo	tʃlɔʋe˥˩ːʃtʋɔ
čober	tʃo˩˥ːbər
čokat	tʃokat
čokolada	tʃɔkɔla˥˩ːda
čokolada	tʃɔkɔlɑda
čoln	tʃo˥˩ːʋn
čop	tʃop
čopič	tʃo˥˩ːpitʃ
čopič	tʃɔpɪtʃ
črevce	tʃre˩˥ːʋtsɛ
črevo	tʃrɛʋo˥˩ː
čriček	tʃri˥˩ːtʃək
čriček	ʃritʃɛk
črka	tʃə˩˥rka
črka	tʃɛrka
črkovati	tʃərkɔʋa˩˥ːti
črn	tʃə˩˥rn
črne	tʃorne
črnilo	tʃərni˩˥ːlɔ
črnogledost	tʃrno˥˩ːglɛdɔst
črnogorski	tʃərnɔgo˥˩ːrski
črnuh	tʃɛrnux
črnuče	tʃɛrnutʃe
črpalka	tʃurpalka
črta	tʃɛrta
črv	tʃə˥˩rʋ
čudne	tʃubnɛ
čuk	tʂuk
čustven	tʃu˥˩ːstʋən
čustvo	tʃu˥˩ːstʋɔ
čut	tʃuːt
čut	tʃu˥˩ːt
čuten	tʃuːtən
čuti	tʃuːte
čuti	tʃu˩˥ːti
čutiti	tʃutitɨ
čutiti	tʃuti˥˩ːti
čutiti	tʃuti˩˥ːti
čutiti	tʃu˩˥ːtiti
čutiš	tʃuːtɪʃ
čutni	tʃutmi
čuvaj	tʃubaj
čveka	tʃvɛka
đ	dʑ
đ	dʑe˥˩ː
đ	dʑə
ē	eː
ē	ɛː
ē	ɛ̀ː
ē	ɛ́ː
ė	ĕ
ī	iː
ī	i˥˩ː
ī	i˩˥ː
š	ʂɨ
šah	ʃa˥˩ːx
šahovnica	ʃaxo˥˩ːʋnitsa
šakal	ʃaka˥˩ːl
šal	ʃa˥˩ːl
šala	ʂa˥˥la˥˥
šale	ʃɑlɛ
šalim	ʃalʲem
šampanjca	ʃampˈantsˈa
šank	ʃa˥˩ːnk
šantati	ʃanta˩˥ːti
šarenica	ʃarɛni˩˥ːtsa
šarenica	ʃa˥˩ːrɛnitsa
še	ʃɛ
še	ʃɛ́
šefa	ʃˈifa
šentjernej	ʃent̪jɛrnej
šepati	ʃˈɛpəti
šest	ʃe˥˩ːst
šesta	ʂɛsta
šestdeset	ʃe˥˩ːzddɛsɛt
šestdeset	ʃɛsdˈəsˈɛt
šesti	ʃɛ̀ːsti
šestnajst	ʃe˥˩ːstnajst
šestnajst	ʃɛstna˩˥ːjst
šibek	ʃibˈe
šiliti	ʃi˩˥ːliti
šilček	ʃi˥˩ːltʃək
šimpanz	ʃimpa˥˩ːns
širok	ʃiro˥˩k
širok	ʃɪrɔk
šiti	ʃi˩˥ːti
škaf	ʃkˈaf
škarje	ʃka˥˩ːrjɛ
škatla	ʃka˥˩ːtla
škatli	ʃkatlʲi
škatlo	ʃkatlɔ
škocjan	ʃkɔtsian
škof	ʃko˥˩f
škof	ʃkɔf
škofija	ʃkɔfi˥˩ːja
škofja	ʃkɔfja
škorec	ʃko˩˥ːrəts
škorenj	ʃko˥˩ːrən
škorjanec	ʃkɔrja˩˥ːnəts
škorpijon	ʃkɔrpijo˥˩ːn
škotska	ʃko˥˩ːtska
škripec	ʃkri˥˩ːpəts
škripec	ʃkri˩˥ːpəts
škrjanec	tʃkɐrjanɛts
škrjanec	ʃkərja˩˥ːnəts
škrjanka	ʃkərja˩˥ːnka
škrjanček	ʃkərja˩˥ːntʃɛk
škrob	skrɔp
škržat	ʃkərʒa˥˩ːt
škvorjanec	ʃkʋɔrja˩˥ːnəts
šmarje	ʃmarja
šmartno	ʃmˈartnˈo
šmihel	ʃmiχɛl
šminka	ʃmˈɪnka
šoferka	ʃɔfɛrka
šoja	ʃo˩˥ːja
šok	ʃok
šokiran	ʃokiran
šola	ʃo˥˩ːla
šole	ʃɔle
šolniki	ʃoːlnʲiki
šotor	ʃɔtɔr
špageti	ʃpagɛtɨ
španec	ʃpa˥˩ːnəts
španec	ʃpɑːnɛts
španija	ʃpa˩˥ːnija
španka	ʃpa˥˩ːnka
španski	ʃpa˥˩ːnski
špansko	ʃpanskɔ
špansko	ʃpa˥˩ːnskɔ
španščina	ʃpa˥˩ːnʃtʃina
špela	spɛla
špela	ʃpe˩˥ːla
špinača	ʃpina˩˥ːtʃa
špirit	ʃpi˥˩ːrit
štacun	ʃtatsu˩˥ːn
štala	ʃtaːla
štala	ʃta˩˥ːla
šteti	ʃte˩˥ːti
število	ʃtɛvilɔ
število	ʃtɛʋi˩˥ːlɔ
števnik	ʃte˥˩ːʋnik
štirideset	ʃti˥˩ːridɛsɛt
štiriindvajset	ʃtiriindvajsɛt
štirinajst	ʃtirina˩˥ːjst
štirinajst	ʃti˥˩ːrinajst
štirje	ʃti˩˥ːrjɛ
štor	ʃto˥˩r
štor	ʃto˥˩ːr
štorklja	ʃto˥˩ːrklja
štrucel	ʃtrʊtsɛl
študent	ʃtudɛ́nt
študentka	ʂtudɛntka
študirati	ʃtudi˥˩ːrati
šturje	turje
šum	ʃu˥˩ːm
šunka	ʃu˥˩ːnka
šved	ʃɛt
šved	ʃʋe˥˩ːt
švedinja	ʃʋe˥˩ːdinja
švedska	ʃʋe˥˩ːtska
švedski	ʃʋe˥˩ːtski
švedsko	ʃʋe˥˩ːtskɔ
švedščina	ʃʋe˥˩ːtʃtʃina
švica	ʃʋi˥˩ːtsa
švicarski	ʃʋi˥˩ːtsarski
šírok	ʃɛrɔk
ščavje	ʃtʃa˥˩ːʋjɛ
ščavje	ʃtʃa˩˥ːʋjɛ
ščegetavček	ʃtʃɛgɛta˥˩ːʋtʃək
ščet	ʃtʃe˥˩ːt
ščinkavec	ʃtʃi˩˥ːnkaʋəts
ščir	ʃtʃi˥˩ːr
ščirec	ʃtʃi˥˩ːrəts
ščit	ʃtʃi˥˩ːt
ščuka	ʃtʃu˩˥ːka
ščurek	ʃtʃu˩˥ːrək
ščurek	ʃtʃœrɛk
ž	ʒ
žaba	ʒa˩˥ːba
žabec	ʐabɛts
žafran	ʒafra˥˩ːn
žaga	ʒa˥˩ːga
žagati	ʒa˥˩ːgati
žal	ʒa˩˥ːl
žale	ʒale
žalost	ʒa˩˥ːlɔst
žalosten	ʒaːlɔstɛn
žalostna	ʒalɔstna
žamet	ʒa˩˥ːmɛt
žara	ʒa˩˥ːra
žarek	ʒarɨk
žarek	ʒa˥˩ːrək
žarek	ʒa˩˥ːrək
žarke	ʒaːrkɛ
žaromet	ʒaromet
žarčiti	ʒartʃitɪ
ždeti	ʒde˩˥ːti
že	ʒe˥˩ː
že	ʒɛ
že	ʒɛ́
že	ʒˈe
žebelj	ʒɛbə˥˩l
žebelj	ʒɛ̀ːbəl
žeja	ʒɛja
žeja	ʒˈɛja
žejen	ʐɛjɛn
žejna	ʒˈɛjna
žele	ʒɛlˈɛ
želeti	ʒɛle˩˥ːti
železo	ʒɛle˩˥ːzɔ
železo	ʒɛlɛzɔ
želim	ʒølʲim
želite	ʒelitˈɛn
želja	ʒɛ̀ːlja
željo	ʒˈɛljɔ
želod	ʒɛɛlɔt
želod	ʒɛ̀ːlɔt
želodec	ʒɛlo˥˩ːdəts
želva	ʒe˩˥ːlʋa
žemlja	ʒɛmlʲa
žena	ʒɛ̀ːna
ženin	ʒˈɛnin
ženska	ʐɛnska
ženska	ʒe˩˥ːnska
ženski	ʒe˩˥ːnski
ženski	ʒinski
žensko	ʐɛnskɔ
žep	ʒɛ́p
žep	ʒˈɛm
žepar	ʒɛ́ːpar
žepnina	ʐɛpnina
žepu	ʒɛpɔ
žerjav	ʒɛrja˥˩ʋ
žetev	ʒe˥˩ːtəʋ
žetev	ʒɛtɛu̯
žeti	ʒe˩˥ːti
žeti	ʒɛtɛ
žgati	ʒga˩˥ːti
žgati	ʒɛgati
žica	ʒi˩˥ːtsa
žiga	gika
žila	ʒi˩˥ːla
žila	ʒˈɛlˈa
žimnica	ʒi˥˩ːmnitsa
žirafa	ʒira˥˩ːfa
žitarica	ʒitɛritsa
žitarice	ʒitæritsɛ
žiti	ʒi˩˥ːti
žito	ʒitˈo
živ	ʒiu
živ	ʒi˥˩ːʋ
živahen	ʒiʋa˩˥ːxən
živahnejši	ʒiʋa˩˥ːxnɛjʃi
žival	ʒival
žival	ʒiʋa˥˩ːʋ
živeti	ʒiʋe˩˥ːti
živeti	ʒʋɛti
živinorejec	ʒiʋinɔrɛ́ːjəts
živiš	ʒivˈiʃ
življenje	ʒiʋljɛ̀ːnjɛ
živo	ʒˈivˈɔ̃
žičnico	ʒitʃnitsɔ
žižek	ʒiʒɒk
žleza	ʒle˩˥ːza
žlica	ʒɫitsa
žlico	ʒlitsɔ
žmavc	ʒmau̯ts
žoga	ʒo˥˩ːga
žoga	ʒo˩˥ːga
žolna	ʒo˩˥ːʋna
žolt	ʒolt
žolt	ʒo˥˩ːʋt
žolčevod	ʒo˥˩ltʃɛʋo˩˥ːt
žolčnik	ʒo˥˩ːʋtʃnik
žrebe	ʒrɛbɛ́
žrebec	ʒre˩˥ːbəts
žrebica	ʒrɛbi˩˥ːtsa
žrelo	ʒrɛlɔ
žreti	ʒre˩˥ːti
žrtve	ʒrtrɛ
žrtvovati	ʒərtʋɔʋa˩˥ːti
župan	ʒupa˥˩n
župan	ʒupa˩˥ːn
župan	ʒupˈan
župnija	ʒupniːa
žuželka	ʒuʒe˥˩ːlka
žveplo	ʒʋɛ̀ːplɔ
žvečiti	ʒʋe˩˥ːtʃiti
ȁ	a˥˩
ȃ	a˥˩ː
ȅ	ɛ́
ȇ	ɛ́ː
ȉ	i
ȋ	iː
ȋ	i˥˩
ȧ	ə
ȩ	ɛ
ə	ə˥˩
ɛ	ɛ
ḍ	dˤ
ẹ	e˥˩ː
