a	ɑ
a4-hoofweg	ɑːˈfuːvʋɛχ
aag	ɑːχ
aag	ˈɑː
aai	ɑːi̯
aaklig	ɑːkliχ
aaklige	ɑːkˈlɪχə
aakligste	ɑːkˈlɪə̯xstə
aal	ˈoɫ
aalbessiesap	ɔːlbˈɪsˈɪzsˈʌt
aalmoes	ɑːlmʊəs
aalmoese	ɑːlmʊːsə
aambeeld	aːmbˈilt
aamborstig	aːmboːrstə
aan	aɪn
aan	ɑːn
aan't	ˈɔnt
aanbeveel	ɑːnbəˈvil
aanbeveling	ɑːnbeːvəlɪŋ
aanbeweeg	ɑːnbəˈʋiχ
aanbid	ɑnˈbæt
aanbid	ɑːnˈbɪt
aanbied	ɑːnbiːt
aanbied	ɔːnbˈeɪt
aanbieding	aːnbid̪iːn
aanblaas	ɑːnˈblɑːs
aanbod	ɑnbot
aanbod	ɑːnbɔt
aanbreek	ɑːmˈbreːk
aanbring	ɑːnˈbrɪŋ
aand	ɑːnt
aandadig	ɑːnˈdɑːdɪχ
aandag	ɑːndɑχ
aandagtig	ɑːnˈdɑχtəx
aande	ɑːnde
aandeel	aːndˈil
aandeel	ɑːnˈdiːl
aandele	ˈɑːndələ
aandelemark	ˈɑːndəlɛˌmɑrk
aandete	ɑntjetɪ̞
aandete	ɑːnˈdɛtə
aandjie	ɑːndʒi
aandlug	ɑːntˈlʏχ
aandoen	ɑːnˈduːə̯n
aandoenlik	ɑːˈduːə̯nlik
aandparty	ɑːntpɑːrti
aandpartytjies	ɑːntpɑːrtiːtsi
aandra	anˈd̪ɾɒ
aandrang	ɑːndrɑŋ
aandring	ɑːntrɪŋ
aandrok	ɑːnˈdrɔk
aanduiding	ˈɑːntœy̯ɟɪŋ
aanduidings	ɑːnˈdœi̯dəns
aangaan	ɑŋˈgɑːn
aangaande	ɑŋˈgɑːndə
aange	ɑŋə
aangebied	ˈɑŋgəˌbiːt
aangebreek	ˈɑŋgəˌbreːk
aangedaan	əŋˈdɑːn
aangedoen	ˈɑŋəˌdun
aangedring	ˈɑŋəŋdrɪŋ
aangedryf	ˈɑŋəˌdrɪf
aangedui	ˈɑŋəˌdœy
aangee	ɑŋgi
aangegryp	ɑŋəɣrɪp
aangehaal	ɑŋˈɦɑːl
aangehad	ɑŋˈɦɑt
aangehelp	ˈɑŋəχɛlp
aangehou	ɑŋˈχu
aangekla	ɑŋkɫɑ
aangekom	ɑŋkəˈkɔm
aangekondig	ɑŋkəˈkɔnəχ
aangekondigde	ɑŋkəˈkʊi̯ŋdʒə
aangekoop	ɑŋkəˈkɔp
aangekyk	ɑŋkəˈkəi̯k
aangeland	ɑːŋgəlɑːnt
aangeleer	ɑŋgəlɪə̯r
aangeloop	ɑŋgəlʊp
aangelos	ɑŋgəlɔs
aangemoedig	ɑːŋəˈmøːdɪχ
aangenaam	aːnɣənˈɑm
aangenaam	ɑːŋəˈɲɑːm
aangename	ɑːŋəˈnɛmə
aangeneem	ɑːŋχənim
aangenome	əŋənɔmə
aangepak	ɑŋgəˈpɑk
aangepas	ɑŋəˈpɑs
aangeplak	ˈɑŋəˌplɑk
aangepor	ɑŋəˈpɔr
aangeraai	ɑŋəˈrɑi̯
aangeraak	ɑːŋəˈrɑːk
aangerand	ˈɑːŋərɑnt
aangesien	ɑnxəstˈiːn
aangesien	ˈɑŋsɪə̯n
aangesig	ɑŋˈsɪχ
aangeskakel	ɑŋəˈskɑkəl
aangeskryf	ɑŋəskrəf
aangesluit	ˈɑŋsɫœi̯t
aangespoor	ɑŋsˈpur
aangesteek	ɑŋəsteːk
aangestel	ɑŋəˈstɛl
aangestelde	ɑŋəstɛlə
aangesê	ˈɑŋsə
aangetas	ɑːŋgəˈtɑs
aangeteken	ˈɑŋətəˌkɛn
aangetree	ɑŋgəˈtrɪə
aangetrek	ɑŋəˈtrɛk
aangetrokke	ɑŋətroʊkə
aangeval	ˈɑŋgɛfəl
aangevang	ˈɑŋəˌfɑŋ
aangevoer	ɑŋˈfœr
aangevra	ɑŋgfɹaː
aangevuur	ˈɑŋəfuːr
aangewend	ɑŋəˈvɛnt
aangewese	ɑŋəˈβɪsə
aangewys	ɑːŋəˈwɪs
aangrypende	ɑːŋˈχrʏpəndə
aanhaal	ɑːnˈɦɑːl
aanhangers	ɑːnˈɦɑŋərs
aanhangsels	ɑːnˈɦɑŋsəls
aanhelp	ɑːnˈhɛlp
aanhet	ɑːnˈɦɛt
aanhoor	ɑːnˈɦʊə̯r
aanhou	ɑːnˈɦuː
aanhoudend	ɑːnˈɦʌu̯ənt
aanhoudende	ɑːnˈɦʌu̯dənə
aanhouding	ɑːnˈɦʌui̯ŋ
aanhê	ɑːnˈɦɛː
aankla	ɑŋkɫɑ
aanklaer	ɑŋˈkɫɑːr
aanklag	ɑŋklɑχ
aankom	ɑŋkɔm
aankoms	ɑŋkɔms
aankondig	ˈɑŋkɔndəχ
aankondiging	ɑŋkɔnˈdiχɪŋ
aankoop	ɑŋˈkʰoːp
aankope	ɑŋˈkɔpə
aankruip	ɑŋˈkrœi̯p
aankyk	ɑŋkəχ
aanleiding	ɑːnˈlɛi̯əŋ
aanlok	ɑːnˈlɔk
aanloklik	ɑːnˈlɔklək
aanloklikhede	ɑːnˈlɔkəlɪkəde
aanlyn	ɑːnˈlən
aanlê	ɑːnˈlɛː
aanmaan	ɑːnˈmɑːn
aanmatiging	ɑːnˌmɑːtəˈχiŋ
aanmekaar	ɑːnmɛkɑːr
aanmeld	ɑːnˈmɛɫt
aanmeldbare	ɑːnˈmɛldbəʁə
aanmerking	ɑːnˈmɛrɪŋ
aanmerklik	ənmˈɛrklək
aanmoedig	ɑːnmʊi̯diχ
aanmoediging	ɑːnmudəˈχiŋ
aannames	ɑːˈnɑməʃ
aanneem	ɑːnəˈmɛm
aanneming	ɑːˈnɛːmɪŋ
aannemingsdokument	ɑːnəˈmɪŋsdɔkʏˌmɛnt
aanpak	ɑːnˈpɑk
aanpas	ɑːnˈpɑs
aanpassing	ɑːnˈpəsɪŋ
aanpassings	ɑːnˈpəsɪŋs
aanraak	ɑːnˈrɑːk
aanraking	ɑːnˈrɑːkɪŋ
aanrandings	ɑːnrɑːndɪŋs
aanrollende	ɑːnˈrɔləi̯ndə
aansien	ɑːnsiən
aansit	ɑːnˈsɪt
aansit	ɔːnsˈeːt
aanskakel	ɑːnˈskɑkəl
aanskou	ɑːnˈskuː
aanskryf	ɑːnˈskrəf
aanslaan	ɑːnslɑːn
aanslag	ɑːnˈslɑχ
aanslag	ɔːnslˌɑh
aansluit	ɑːnslœi̯t
aansluiting	ɑːnslœi̯tɪŋ
aansmeer	ɑːnˈsmiːr
aansoek	ɑːnˈsuk
aanspoor	hanspuːər
aansporing	ɑːnsˈpɔːrɪŋ
aanspraak	ɑːnspraːk
aanspreek	ɑːnspɹɛk
aansteek	ansˈtˈiɹ
aansteek	ɑːnˈstɪk
aansteeklik	ɑːnstiːəklik
aansteeklik	ɑːnˈsteːkələk
aanstel	ɑːnˈstɛl
aanstellerig	ɑːnˌstɛləˈrɪχ
aanstellerige	ɑːnˈstɛləɾiχə
aanstelling	ɑːnˈstɛlɪŋ
aanstuur	ɑːnˈstyːr
aantal	antau
aantal	ɑˈtɑːl
aantas	ɑːˈtɑːns
aanteken	ˈɑːntəˌkɛn
aantekeninge	ˈɑːntəˌkɪŋə
aantog	entˈɔɹ
aantree	ɑːntrɪ
aantrek	ɑːntrɛk
aantrekking	ˈɑːntrɛkɪŋ
aantrekkingskrag	əntrɛkɪŋskrɑχ
aantreklik	antrˈɛklˈa
aantreklik	ˈɑːntrɛklək
aanvaar	ɑːnˈfɑːr
aanvaarbaar	ɑːnˈfɑːrˌbɑːr
aanvaardingseksamen	ɑːnˈfɑːi̯ŋsɛkˌsɑːmən
aanval	ɑːnˈfɑl
aanvalle	ɑːnˈfɑlə
aanvaller	ɑːnˈfɑːlə
aanvalsposisie	ɑːnvɑlsˈpɔsi
aanvalsvliegtuig	ɑːnˈfɑlsfiːχtœyχ
aanvang	ɑːnˈfɑŋ
aanvanklik	ɑːnˈfɑŋklək
aanvoerder	ɑːnfuːɾdər
aanvoerders	ɑːnˈfœrdərs
aanvra	ɑːnˈfrɑː
aanwakker	ɑːnʋɑkər
aanwas	onvˈɔs
aanwesiges	ɑːnˈʋɛsiχəs
aanwys	ɑŋveis
aanwysing	anvəisˌeɪŋ
aanwysings	ɑːnˈʋiisɪŋs
aanzoek	ɑːnˈsuk
aap	ɑːp
aapgesig	ɑːpχəˈsɪχ
aapstreke	ɑːpstrɛkə
aar	ɔɾ
aarbei	ɑrbɑj
aarbei-soda	ɑːrˈbɛisɔda
aarbeie	ɑːrˈbiːə
aarbeistroop	ɑːrˈbɛɪ̯strʊp
aard	ɑːrət
aard	ɑːst
aardbewing	aːrtbeːrˈɛŋ
aarde	ɑːrdə
aardige	ɑːrdiχə
aardmassa	ɑːrdˈmɑsə
aards	arts
aardse	ɑːrtsə
aardwolf	artvolf
aardwolf	ɑːrtvoɫf
aarsel	ɑːrsəl
aartappelgesiggie	ɑːrtɑpəlxəsiχi
aartappels	ɑːrtɑpəls
aartappelskille	ɑːrˌtɑpəlskɪlə
aartappeltjies	ɑːrtɑpəlcəj
aartsengel	ɑːrtsəŋəl
aartshertogin	ɑːrtsɦɛrtɔχɪn
aartsvyand	ɑːrtsfjɑːnt
aas	as
aas	ɑːs
aasvoël	aːsfəl
aasvoëls	ɑːsˈfœəls
abakus	abakas
abbado	ˈɑβo
abbe	ˈæbə
abbs	æp
abby	əˈβi
abeele	ɑˈβilə
aborteer	əˈbɔrteːr
about	əˈbʌt
abraham	əˈbɹaːm
abschied	ˈɑpʃɪt
absolusie	əpsəˈlusiə
absolute	ɑbsɔluːt
absoluut	abˈsɪlɪt
absoluut	əpsəˈlœy̯t
absolvo	əpˈsɔlvo
absorbeer	əpsɔrˈbɪr
absorbeerden	əpsɔrˈbɪə̯ɾən
abstrak	ɔpstrɔk
abstrakte	əpˈstrɑktə
absurd	əpˈsɜːrt
absurde	əpˈsœːrdə
absurdste	əpˈsɜːrtstə
abuis	əˈbœy̯s
abyaneh	əˈβɑːnəx
accompli	əˈkɔmplɪ
according	əˈkɔːrdʒɪŋ
acipenser	əˈsipənsər
acrylaathars	əˈkrɪləɑtsɑrs
adam	ˈɑːdəm
adamek	əˈdamək
adamowski	ˈɑdamɔski
adder	ˈɑːdər
addres	əˈdrɛs
adel	aːdaːl
adel	ˈɑːdəl
adel-status	ˈɑːdəlˌstatəs
adele	ɑˈdɛlə
adelheid	ˈɑːdəlɦɛit
adelik	ˈɑːdəlɪk
adelike	əˈdeːlikə
adelikes	əˈdeːlɪkəs
adelikheid	əˈdɛlikɦɛit
adeline	əˈdeːlɪnə
adellike	əˈdɛlikə
adellikes	əˈdɛlikəs
adelstand	ˈɑːdəlstand
adem	ˈɑːdəm
adenauer	ˈɑdənɑʊ̯r
adi	ɑːdi
adieu	ɑˈdiːu
adina	əˈdiːna
adine	əˈdiːnə
adjectieven	əˈdʃɛkʃivə
adjektiewe	ˈɑgɟɛktive
adjudant	ˈɑːdʒudɑːnt
adjudant-generaal	əˌdjudaŋgəˈreːl
administrasie	atministruɔsi
administratief	əˌdɪnminəˈstriːətəf
administratiewe	əˌdminɪˈstriːtɪfɛ
admiraal	ɑːdmɪrɑːl
admiral	əˈdmirəl
admiraliteit	əˌdmiraləˈtɛɪ̯t
admireer	əˈmiːrɪə
admit	əˈmɪt
adolf	ˈɑːdɔlf
adopsie	əˈdɔpsi
adres	əˈdrɛs
adresse	əˈdrɛsə
adriaenszoon	əˈdiːrɪənsʊn
adrian	əˈdriən
adverteerders	ˈɑɾfərteːrdərs
advertensie	atfɛrtɛntsɪ
advertensie	əˈdɛrtənsi
advies	atvis
advies	əpˈfɪs
adviseer	əpˈfɪsəɾ
adviseur	əpˈsɪə̯r
adviseurs	əpˈsɪə̯rs
advokaat	atˈvɔkɑt
advokaat	ɑɸvɔˈkɑːt
advokate	əˈfɔkətə
af	ɑːf
af	ˈɔf
af-forseer	əfɔrˈsɪr
afbeeldings	əfˈbɛə̯lɪŋs
afbeweeg	ˈɑfbəʋeːχ
afbreek	afbr̝eːk
afbreek	ɑfˈbreːk
afbreuk	afbrjɛk
afbring	əfˈrɪŋ
afdeling	əfˈdɛlɪŋ
afdeling	ˈɑfdeːlɪŋ
afdelings	ˈɑfdələŋs
afdraai	əfdrɑːi
afdruk	əfdrʏk
afdrukke	əfdrʏkə
afdwingbaar	ˈɑfdʋəŋχɑːr
affair	əˈfɛr
affairs	əˈfɛə̯rs
affekteer	əˈfɪktəːr
affere	əˈfɛrə
affêre	əˈfɪr
afgaan	əɸkɑːn
afgaande	ɑfˈχɑːndə
afgebrand	ɑfχˈbrɑnt
afgebreek	ˈɑfχəˌbrek
afgebyt	əɸχəɪ̯pt
afgedank	ˈɑfχəˌdɑŋk
afgedraai	ˈɑfχəˌdraːi̯
afgee	əɸkə
afgegaan	əɸχəɣɑːn
afgegooi	əɸkəˈgœi
afgehaal	əfxɑːl
afgehad	afɣaɾat
afgehandel	əɸχɛndəl
afgekap	əfˈkɑp
afgekapte	ɑfˈkɑptə
afgekeur	əɸkɪə̯r
afgeklim	əfχəklɪm
afgeknou	əpχnəu
afgekom	əpχɔm
afgekondig	əɸkəˈkʌi̯əx
afgelas	əɸχəlɑs
afgeleef	əgəlif
afgelei	ɑfχəˈlɪ
afgelewer	əɸχələˈʋɛr
afgeleë	afɣəleːeː
afgeloop	əɸχəˈloʊp
afgelope	əgəlʊpə
afgelê	ɑfχəˈle
afgemaak	əɸχəˈmɑːk
afgemat	ɑfχəˈmɑt
afgemerk	əɸχəˈmɛrk
afgeneem	əgəˈnim
afgepers	ɑfˈpɛrs
afgeraai	əɸχəˈɹɑi̯
afgesaagde	əfsɑχdɛ
afgesit	ɑfsɪt
afgeskaf	ˈɑfksɑf
afgeskakel	ɑfsəˈkɑlə
afgeskei	ɑfˈkəsɪ
afgeskeidenes	ˈɑfʃəˌkɛɪ̯dənəs
afgeskiet	əfsʰiːt
afgeskryf	əfsχrəf
afgeslaan	ˈɑfkslaːn
afgesloof	ˈɑfsəloːf
afgesluit	ˈɑfsɛlœi̯t
afgesny	ɑfsəˈsnɪ
afgesonder	ɑfˈkəsɔndər
afgesonderd	ˈɑfχəsɔndərt
afgesper	ˈɑfspər
afgespreek	əfsprɛk
afgespring	ˈɑfsrɪŋ
afgesproke	ɑfsprɔkə
afgestaan	ɑfˈkistɑːn
afgestel	ˈɑfgəˌstɛl
afgestoot	əfsɛtʃʊt
afgestry	əfsˈtrəi̯
afgestudeerde	əfˈɦɪstudyːɾə
afgetree	əχˈfɪtri
afgetrek	əgfəˈtrɛk
afgetrokke	əgfəˈtrɔkə
afgevaardigde	əɸkəˈfɑːrdiχə
afgevaardigdes	əɸkəˈfɑːrɪəɣə
afgeval	əɸkəˈfɑl
afgevee	əɸkəˈfi
afgevra	əɸkəfrɑ
afgeweer	əɸkəˈʋiːr
afgewerk	ɑfˈχɛrg
afgewyk	ɑfˈkɔi̯k
afgewys	əɸkəβɪs
afghaanse	ɑfˈχɑjsə
afghanistan	ɑfˈχɑnɪˌstɑn
afgod	afɣoːt
afgod	ɑːfχɔt
afgooi	ɑːfˈkɔi̯
afgradeer	əˈfɹaχdeːr
afgrond	afɣrɔnt
afgrond	əɸχrʊnt
afgryslik	ɑːfχrəslik
afgryslike	əɸrɪə̯sləkə
afguns	ɑfˈkuns
afguns	ˈɔfrˈɵns
afhaal	əˈfɑːl
afhalen	əˈfɑləŋ
afhandel	afandɑl
afhandel	əfˈhɑndəl
afhandeling	əfˈɦɑndəlɪŋ
afhang	əˈfɑŋ
afhanklik	afandklɯk
afhanklik	əˈfɔŋkələk
afhanklikheid	əˈfɔŋkələkɦɪə̯t
afhelp	əfˈhɛlp
afkap	əfˈkɑp
afkeer	əfˈkɪə̯r
afklim	ɑfˈklɪm
afknou	afknˈoː
afkom	əfˈkɔm
afkoms	afkˈɔms
afkomstig	əfˈkɔmstɪχ
afkondig	əfˈkɔndəx
afkondiginge	əfˈkɔndiχiŋə
afkry	əfkrʏ
aflaai	aflɑːj
aflaai	əˈflɑːi
aflandige	əˈflaɲɪχə
afleer	afleːɾ
afleer	əˈflɪə̯r
aflei	əˈflɛi̯
afleidende	əˈfliːdənə
afleiding	əˈflɛi̯əŋ
aflek	əˈfɫɛk
aflewer	ɑfˈlɪrɯ
aflewer	əfləʋər
aflewering	əfləˈrəiŋ
afloop	əˈfloːt
aflos	əˈflɔs
aflosonderwyser	əflɔsɔndərʋɪsər
afloswerk	əˈflɔsvərk
afluister	əˈflœi̯stər
afluisterapperaat	əˈflœstəraːpəˌrɑːt
afmaai	ɑfˈmɑi̯
afmeet	əfˈmit
afmeting	əfˈmɛtəŋ
afmetings	əfməˈtəŋs
afname	əfnɑːmə
afneem	əfnɪm
afpersing	afpɛrseŋ
afpersing	əf̥pəɹsɪŋ
afrekening	əˈfrɛkəŋ
afrekeninge	əˈfrɪkənɪŋə
afrig	əˈfrɪχ
afrigter	əˈfrɪχtər
afrika-avonture	əˈfriːkəˌɑːvɔnˈtʊrə
afrikaans	afɾɪkˈɑns
afrikaans	afɾˈɛkˈɑls
afrikaans	əˈfriːkɑːns
afrokkel	əˈfrɔkəl
afrond	afruːnt
afrondingsaal	əfrɔndiŋsɑːl
afronteer	əˈfɹɔntiːr
afsien	əfsɪən
afsit	əfsɪt
afskakel	afskakɑl
afskakel	ˈɑfskɑkəl
afskei	ˈɑfsʰkɛi
afskeid	əfsˈkɛit
afskeidsbrief	ˈɑfskei̯tsˌbrif
afskeidsete	ˈɑfskɛi̯tsətə
afskeidskus	əfsˈkɛitskœs
afskrif	əfsχrɪf
afskrik	əfsχrɪk
afskrikmiddel	afskrɛkmɛdˈal
afsku	əfsɟy
afskuwelik	ɑːfskiːvənək
afskuwelik	əfsɟuəˈlək
afskuwelike	əfsɪuəˈlɪkə
afslaan	əfslaːn
afslaandak	ɑfslɑːndɑk
afslaandakke	ɑfslɑːndɑkə
afslag	ɑfslɑh
afsluit	əfsɫœi̯t
afsny	ɑfsni
afsnyding	ˈɑfsnʏə̯ŋ
afsonder	əfsɔndər
afsondering	afsʊndərˈam
afsonderlik	əfsɔndərlək
afspoel	əfsˈpul
afspraak	ɑːfˈsprɑːk
afsprak	əfsprɑk
afspreek	afspɾie
afstaan	ˈɑfstaːn
afstam	ˈɑfstɑm
afstammeling	ˈɑfstatməlɪŋ
afstammelinge	əfsˈtɑməˌlɪŋə
afstamming	ˈɑfstatmɪŋ
afstand	afstˈɑnt
afstand	əˈfstɑnt
afstandbeheerde	əfsˈtɑntbɛˌɦeːrdə
afstande	əˈfstɑːndə
afstandsbediening	ˈɔfstˌɑnzbədˈinən
afsterwe	ˈɑfstərʋə
afstoot	əfsˈtʊə̯t
afstootlik	ˈɑfstoːtlik
afstootlikheid	ˈɑfstoːtləkəit
afstort	ˈɑfstɔrt
afstroom	əfstrʊm
after	ˈɑːftər
aftrede	aːftrɛdˌeː
aftrede	ˈɑftrəde
aftree	astrɪa
aftree	əftriː
aftrek	ˈɑftrɛk
afvaardiging	əfˈfɑːrdiχɪŋ
afval	ɑfˈfɑl
afvat	əˈfɐt
afvee	əˈfɪə
afvra	əfˈfɹa
afwaardeer	əfˈvɑːrdeːr
afwaarts	afvɑːrts
afwaarts	əfˈfɑːrts
afwag	əfˈvɑχ
afwas	əfˈvas
afweer	əfˈvɪr
afweergeskut	əfˈfɪə̯rɣəˌskʏt
afweersystemen	əfˈfɪə̯sɪstəˌmɛn
afwerkers	əˈfɜrkərs
afwerking	əˈfœrɪŋ
afwesig	əˈfəsəx
afwesige	əˈfəsɪχə
afwesigheid	əfˈvɛsiɦəi̯t
afwyk	əfʏk
afwykende	əfˈfɪkənde
afwyking	əfˈfɪkɪŋ
afwykings	əfˈfɪkɪŋs
ag	ɑx
ag	ˈaːx
again	əˈgeɪ̯n
agatha	əˈgatə
agda	ɑɣda
agenda	əˈχɛndə
agent	əˈχɛnt
agente	əˈχɛntə
agentskap	əˈgɛnʃkɑp
agentskappe	əˈgɛntskəpə
aggresief	əgrəsiːf
aggressief	əgrɪˈsiːf
agi	əgi
agie	əgi
agitasie	əχitɑsiə
agitators	əχiˈtɑːtɔːrs
agneem	ɑːnɪəm
agnemend	əŋəˈmɛnt
agnes	ˈɑgənəs
agnieszka	əgnɪʃkə
agnès	əgnɛs
ago	əˈgoʊ
agoult	əˈgʊlt
agressief	əˈgrɛsiːf
agste	axte
agt	ɑχt
agter	ɑχtər
agter-ent	ɑχtərˈɛnt
agterbly	ɑχtərˈbləi̯
agterblywendes	ˈɑχtərˌbləʊvəndəs
agterbuurt	ɑχtərbyːrt
agterdeur	ɑχtərdɪʏ̯r
agterent	ɑχtərɛnt
agtergekom	ˈɑχtərɣʊkʏm
agtergelaat	ɑχtərχəˈlɑːt
agtergrond	ɑxtərxrɔm
agtergrond	ɑχtərχrɔnt
agterhoede	ˈɑχtərˌɦuːdə
agterkamerpolitiek	ɑχtərkɑməɾpoliːtik
agterkant	ˈɑχtərˌkɑnt
agterkleinkind	ˈɑχtərkɫəiŋkɪnt
agterkleinkinders	ˈɑxtərˌkleɪ̯nˌkɪntərs
agterkom	ˈɑχtərˌkɔm
agterlaat	ɑχtərˈlɑːt
agterlik	ɑχtərlik
agterlosig	ɑχtərˈlʊsiχ
agtermekaarsit	əχtərˈmɛkɑːrsɪt
agterna	əχtəɾnə
agterom	ɑχtərɔm
agterplaas	ɑχtərˈplɑːs
agtersitplek	ˈɑχtərsɪtˌplɛk
agterstallige	ɑχtərˈstɑːɪχə
agterste	ɑχtərstə
agterstevoor	ɑxtɛrstəfˈoːɾ
agterstevoor	ɑχtərstɛfʊr
agterstewe	axtɛrʃteˈve
agterstewe	ˈɑχtərstɛu̯ə
agteruit	ˈɑχtərœɪt
agtervolg	ɑxtɪrfˈɔlx
agtervolg	ˈɑχtərˌfɔɫχ
agtien	ˈɑxtiːm
agtiende	axteːnde
agting	ɑχtɪŋ
agtste	ɑxtstɑ
ah	ɑː
aha	ɑˈɦa
ahead	ɑˈhɛt
ahrendt	ɑːrɛnt
ai	ɑɪ
aikona	ajɛkɔnɑ
aircom	ɛːrˈkɔm
akademici	əˌkɑːdəˈmiːtʃi
akademie	ɑkəˈdemi
akademies	əkədeːmiə
akademiese	əkədeːmisə
akademikus	əkədeːmikʏs
akihiro	əˈkɪɦɪro
akkedisse	ɑkəˈdisə
akker	ɑkər
akkoord	əˈkʊərt
akkuraat	əˈkɪrɑːt
akkuraatheid	əˈkɪrɑːtɦɛit
akkurater	əˈkʊrətər
akommodeer	əˌkɔməˈdeːr
akrobate	əˈkrɔbətə
aksent	ˈɑksənt
aksente	ˈɑksəntə
aksie	ɑkˈsi
aksie	ɑːksi
aksie-reaksie	ˈɑksiəˌɾɛɑksi
aksies	ˈɑksiəs
akte	aktɛ
aktetas	aktɪtˈas
aktetas	ˈɑktətɑs
akteur	ˈɑktɪr
akteurs	ˈɑktəʊ̯s
aktiewe	ˈɑktifə
aktiveer	ˈɑktivəɾ
aktivis	ɑktiβis
aktiviste	ˈɑktivɪstə
aktiwiteit	əˈkətiβɪtə
aktiwiteite	əˈktifɪtɛtə
aktriese	ˈɑktriəsə
aktrise	ˈɑktrisə
akupunktuur	ɒkipəŋktiːr
akuraat	əˈkɪrɑːt
akurate	əˈkʊrətə
akute	əˈkʊtə
al	au
al	ɑːl
al-ewig	ɑləˈʋɪχ
alarm	ɑlɑrm
alarm	əlɑrɯ̞m
alarmeer	ɑlɑrˈmɪr
alarmkode	ɑlɑrmkʊdə
alba	ɑlˈβa
albatrosse	ˈɑlbətrosə
albei	alˈbai̯
albei	ɑlˈbɛɪ̯
albert	ɑlˈbɛrt
albertine	ɑlˈbɛrtiːnə
albin	ɑlˈbɪn
albinism	ɔɫbiːnɪzm
alceste	ɑlˈsɛstə
alchemie	ɑlχəˈmi
aldag	ɑldɑχ
aldo	ɑldoʊ
aleen	ɑˈliːn
alerter	ɑləˈrɛtər
alex	əˈlɛkʃ
alexander	alɛksˈɑndɛr
alexandra	əˈlɛksəɾə
alexandre	əˈlɛkˌsɑːndrə
alexandrines	əleksənˈdrɪnəs
alfabet	ɑlfəˈβɛt
alfred	ælfɹɛt
algebra	aːlχɯbrɑ
algebraboek	ˈɑldʒəbrəbʊk
algemeen	æɫχɑmjæn
algemeen	ɑlχəˈmɪn
algemene	ɑlχəˈmenə
algerië	ɑlχəˈriə
alhoewel	ɑlɦuˈɪə̯l
alias	ɑːˈlɪə̯s
alibi	ɑːliˈbi
alitalia	ɑːlɪtɑːliə
alitalia-kaart	ɑːliˈtɑːliəˌkɑːrt
alive	ɑːˈliːf
aliwal	alival
alkohol	ɑlkoˈɦɔl
alkohol-vrye	ɑlkoˈɦɔlfrə
alkoholiese	ɑlkoˈɦɔi̯si
alkoholis	ɑlkoʊˈɦɔlɪs
alkoholisme	ɑlkoɦoːlɪsmə
alkom	ɑlˈkɔm
all	ɑl
alle	ɑlə
alle	ˈalə
alledaags	alədˈaːʁs
alleen	ɑləˈin
alleen-agent	ɑləˈjɛnt
alleengelaat	ɑləŋgəlɑːt
alleenlik	ɑləˈlɪk
alleenloper	ɑləːnˈlopər
alleenstaande	əˈlɪənˌstɑːndə
alleenstryd	əˈlɪənstrʏt
allende	ɑlənde
allenig	ɑlənɪχ
aller-verkwikkende	ɑləfərfərˈkœkəndə
allerheuglikste	ɑləˈrɦøɪ̯kəɫstə
allerhoogste	ɑləˈrɦoχstə
allerliefste	ɑləˈrɛɪ̯fstə
allermooiste	ɑlɛrmoʊ̯stə
allerskoonste	ɑlɐsˈkʊə̯nstə
alles	pɑlɯs
alles	ɑləs
allewereld	ɑləˈʋɪrɛlt
alm	ɑlm
almagtig	ɑlmɑxtəχ
almagtige	ɑlmɑxtiχə
almal	əlˈmɑl
alpe	ɑlpə
alpha	ɑlˈfə
alpöhi	ɑlˈpœi
alreeds	alrɪts
alreeds	ɑlriːts
als	ɑls
alsbrandewyn	ɑlsbrɑndəˈʋəi̯n
also	ɑˈloː
alstars	ɑlsˈtrɑs
altaar	ɑlˈtɑːr
altaargewaad	ˈɑltaːrχəˌɣʋaːt
altar	ɑlˈtɑr
alternatief	ɑltəʁənaːˈtif
alternatiewe	ɑltərnaːtiˈuiə
alterneer	ˈɑltərneːr
altesame	altɨsɑˈmɯ
alteseker	ˈɑltəsɛkər
alto	ˈɑltuː
altoos	ɑlˈtus
altstar	ɑltˈstɑr
altwee	aʎtwˈiːɾ
altwee	ɑltfɛː
altyd	ˈɑltid
aluminium	aluminiam
alweer	ɑlˈvɪr
alweert	ɑlʋɪrt
alwetende	ɑlʋɛtɛnde
am	ɑːm
amalia	əˈmɑːliə
amandel	ɑmandəl
amateur	əˈmɑːtʏr
amateurbeelde	əˈmɑːtʏrbeːlə
amateurspeletjies	əˌmɑːtəˌrɪsˌpɛləˌtʃis
amateurtoernooi	əˌmɑːtʏrtoːˈrɔin
amazon	əˈmɑzən
amazone	əmaˈzɔnə
amazone-indiane	əmaˈzɔnəˌindiənə
amazone-woude	əmaˈzɔnəˌʋuːdə
ambagte	æmbɑχtə
ambassade	ambesadə
ambassade	æmbɑsɑdə
ambassadeurs	ɑmbɑsɑdœr
ambisie	æmbiˈsi
ambisies	æmbisiə
ambisieus	æmbiˈsiəs
ambulans	əmbʊˈlɑns
amen	ɑːˈmɛn
america	əˈmɪərɪkə
amerika	əˈmɛːrɪkə
amerikaans	əˈmɪkɹəˌhɑːns
amerikaanse	əˈmɪkəˌrɑːnˌsə
amerikaner	ameɾikane
amerikaners	əˌmɛːrəˈkɑːnərs
amikaal	əˈmɪkɑːl
amira	əˈmira
amman	ɑmə
ammunisie	əˈmʊnisi
amnesia	əˈmniːsiə
amnestie	ɑmˈnɛsti
among	əˈmɔŋ
amoreel	amorjɛu
amoureux	əˈmœrɪks
amp	ɑːmp
ampe	ampɛ
amper	æmˈpɛr
amper	ɑmpɯ̞r
amperbroekie	pampɔrbukˈej
ampte	aːmte
amptelik	æmptəlɪk
amptelike	əmpˈtɛlikə
amptenaar	əmpˈtɪə̯nɑːr
amptenare	əmpˈtɛnəɾə
amsterdam	æmˈstɑrmə
amusant	əmuˈsɑnt
amuseer	əmuˈsiːr
amy	əmi
amédée	əmeːdeː
an	ən
an4	ɑn
anabaptiste	əˌnɑβɑpɪˈstɪ
anacostia	əˌnɑkəˈstiə
analise	analɪse
analise	ənaˈlɪsə
analiseer	əˈnɑːlɪsiːr
ananas	ɑnɑnɑs
anargie	ɑnɑrχi
anastasia	ənɑˈstɑsiə
anatomie	anatəmi
anatomie-boek	əˈnatoːmibuk
anatomieles	əˌnɑːtomiˈlɛs
anchovies	ˈæŋkɪvɪz
ancker	ˈaŋkər
and	ɑːnd
ander	ɑːndər
ander	ɢɑndɑr
anderberg	ˈɑːndərbɛrx
anderdag	ˈɑːndərˌdɑχ
andere	ˈɑndərə
anderkant	ˈɑːndərkɑnt
anders	andɛrʃ
anders	ˈɑndərs
anders-om	ˈɑːndərsɔm
andersinds	ˈɑndərsɪnts
andersins	ænðəsɪns
andersins	ˈɑndərsɪns
andersom	ˈɑndərsɔm
andersyds	ˈɑːndərsʏts
andrassy	ˈɑːndrɑsi
andre	ˈɑːndrə
andrea	ˈɑːndrɪə
andries	anð̞ɾjs
andromache	ˈɑːndrɔməχə
aneksasie	əˈnɛksəsi
anete	ɑnɪtə
ange	æŋgə
angel	aŋɔw˨
angelier	aːŋɛlɪr
angeliere	ˈaŋgəlɪə̯r
angelika	ˈaŋgəlɪkə
angelo	ˈaŋgəlʊ
angers	ˈæŋərs
angie	ˈæŋi
anglaise	æŋglɑɪ̯s
angowska	ˈɑŋɔska
angs	ɑŋs
angsvalligheid	ˈɑŋsfaləxəi̯t
ania	əˈniə
anita	əˈniːtə
anja	ˈaɲa
anker	ɑŋkɯ̞r
anker	ˈaŋkər
anmen-plein	ˈɑnmənplɛin
anna	ɑnə
annatjie	ˈɑnətʃi
anne	ɑnə
anne-hospitaal	ˈɑnəˌɦɔspiˌtɑːl
annette	əˈnɛtə
annia	ˈɑnɪə
anniversaire	əˈnɪfɛsɛːr
annuïteit	əˈnœi̯təit
anomalie	ɑnɔˈmɑli
anoniem	ˈɑnunim
anonymous	əˈnɔnɪməs
another	ənˈθɜːr
anschig	ˈɑnsxəχ
anslo	ˈɑnsloː
antan	əˈtɑn
antennasok	əntəˈnɑsɔk
anthony	ˈæntəni
anti	ˈanti
anti-fascisme	ˈɑntifaːˌsɪsmə
anti-oostenryk	ˈantiˌʊstənrɛik
anti-revolusionêre	ˌantiɾɛvɫusiˈoːnəɾeː
anti-semiet	ˈɑntisəˌmiət
anti-terreur	ˈantitəˌrœr
antidepressante	əntiːdɛprɛˈsɑːntə
antieke	ˈæntɪkə
antisemities	əntiˌsemiˈtɪts
antisemitiese	əntiˌsemiˈtɪəse
antoine	ɑnˈtuɪ̯nə
antoinette	ˈɑntuɪnˌtɛt
anton	ˈɑntɔn
antonissen	ˈɑntoːnɪsə
antropologie	antrɛkoluxi
antroposentris	ˈɑntrɔpsɛntrɪs
antwoord	antvɔːrt
antwoord	ˈɑntvɔːrt
antwoorde	ˈɑntvʊə̯rde
antwoordmasjien	ˈantvɔrdməʃˈin
anufriyev	əˈnɪfriːə
apart	əˈpɑːrt
aparte	ɑˈpɑrtə
apartheid	apartajt
apartheid	apɑrtajt
apartheid	ɐpartɦɛit
ape	ɑːpə
apelleer	əpəlɪə̯r
api	əˈpi
apie	ɑːpi
aplous	əˈplɔə̯s
apostoliese	əpɔstɔliˈsɪə
appassionata	əpəsiˈoːnəta
appel	ˈɑpəl
appelflappen	ˈɑpəlflɑpən
appelleer	əpəlɪə̯r
appels	əˈpəls
appelstrodel	ˈɑpəlstrɔdəl
appelstrudel	ˈɑpəlstruːdəl
appetit	əpəˈtɪt
applous	əˈplʊə̯s
appétit	əˈpɛtɪt
april	aprɔl
april	əˈpɪl
apteek	aptsie̞k
apteek	ɑpˈtɪk
aptyt	əpˈtʏt
arabier	əraˈbiər
arabies	araːbiz
arash	ɑˈrɑʃ
arbeid	ɑrˈbeːt
arbeid	ɑrˈbɛit
arbeider	ˈɑrbəi̯dər
arbeiders	ˈɑrbɛɪ̯dəʃ
arbitreer	ˈɑrbiːtrɪə̯r
archlord	ɑrχlɔːrt
arciszewski	ɑrtʃiʃɛfski
arco	ɑrkoː
arctic	ˈɑrktɪk
are	ora
are	ɑːrɛ
area	ɑːˈrɪə
areas	ɑːˈrɪə̯s
aren	ɑːrən
arend	ɑˈrɛnt
argaïs	ɑrɣɑɪ̯s
argief	ɑrχiːf
argiewe	ɑrχiːvə
argitekte	arxit̪ekt̪ə
argitekte	ɑrχiˈtɛktə
argitektoniese	ɑrχiˈtɛktoniə
argitektuur	ärxitektiu
argitektuur	ɑrχiˈtɛkʰœr
argument	ɑːrguˈment
argumente	ɑrɣuˈmentə
argumenteer	arxemintiɣɾ
argumenteer	ɑrɣʏmɛntiːr
argumentief	ɑrgʏmɛntiːf
ari	ɑːri
ariese	əˈrɪsə
aris	ɑːrɪs
arise	əˈraɪs
aristokrasie	əˈrɪstoˌkrɑːsi
aristokrate	əˈrɪstɔkɹɛtə
aristokratiese	əˌrɪstəˈkrɑːtisə
ariveer	əˈriːfər
arizona	əˈriːzəʊnə
ark	ɑr̥k
arles	ɑːrəls
arm	ɑrm
arm	ɑrɯm
armand	ɑːrmɑːnt
armbuurt	ɑrmˈbœʁt
arme	ɑrmə
armes	ɑːrməs
armholtes	ɑrmˈɦɔltəs
armlastige	ɑːrmlɑːstɪχə
armlengtes	ɑːrmlɛŋtəs
armoede	ɑrmuːdə
armoedig	ɑrmmuːdˈɑq
armoedige	ɑrmuədiχə
armor	ɑːrmɔːr
arms	ɑːms
armsalige	ɑːrmˈsɑːləχi
armslot	ɑːrmˈslɔt
armsorg	ɑːrmˈsɔrχ
arnaud	ɑːrˈnɑːt
arres	ɑˈrəs
arrestasiekamer	ˈɑrəsəsiˌkɑməɾ
arresteer	əˈrɛstɪə
arriveer	əˈriːfə
arrogansie	əˈroːɣəˌnsi
arrogant	ɑroˈχɑnt
arrogante	ɑroˈkɑntə
arseen	arseen
art	ɑːrt
arthur	ɑːrtrʊə
artikel	aɾtjsɔ
artikel	ˈɑːrɪkəl
artikels	ɑrˈtɪkəls
artilarieafdeling	ˌɑːrtɪlɑːrɪəˈfɛltɪŋ
artileriestellings	ˌɑːrtɪlɪəˈrɪəstɛlɪŋs
artillariste	ˈɑːrtɪlɑːrɪstə
artillerie	ɑːrtiˈliriə
artillerie-offisier	ˌɑːrtiˌliriəˈfɪsiər
artilleriestellings	ˌɑːrtɪləˌrɪstəˈstɛlɪŋs
artois	ɑːrˈtɔɪ̯s
artritis	ˈɑːrtrɪtɪs
arts	arts
artémise	ɑrˈtɪməʃə
as	as
as	ɑs
asano	ɑsɑnoː
asb	ɑsβ
asbak	asma
asbes	aspeθ
asblik	ɑsblɪk
asblikke	ɑsˈblɪkə
asem	ɑˈsɛm
asemhaal	ɑsəˈmaːl
asemhaal	ɔːsəmhˈɔl
asemhaling	əˈsɛmɦɑːlɪŋ
asemhalings-organe	ˈɑsəɦɑlɪŋsorgaːnə
asempie	ɑsɛmˈpi
asemrowend	ɑsəmˈrʊə̯n
asemskep	ɑsəmskɛp
asemtog	ɑsəmtɔχ
ashanti	aʃanti
ashitaka	əˈʃɪtəkə
ashoop	əˈsɔp
asiel	asiu
asiel	ɑːsiəl
asked	ɑskət
asking	ˈɑskɪŋ
asma	ɑsmə
asof	ɑˈsɔf
asook	æzwɔːk
asook	əˈsʊk
aspek	ɑsˈpɛk
asperger	ɑspəˈrɑχər
aspersies	aspɛrsis
aspersies	ɑspəˈrisi
aspirine	asperɾiŋa
aspris	ɑsˈprɪs
assebief	ˈɑsəˌbif
asseblief	ˈasəblˈɪf
asseblief	ˈɑsəblif
asseblif	ˈɑsəˌblif
assistent	əˈsɪsənt
assistentdirekteur	əˌsɪsəntəˌdiːrəˈkyːr
asteroïde	əstəˈrɔi̯də
astrandheid	əˈstrɑːntɦɛit
astrante	əˈstrɑːnte
astrantheid	əˈstrɑːntɦɛit
astrofisika	ˈɑstrɔfiʃɑ
astrolabium	astrʊlɔbiʊm
astronomies	əˈstrɔnəmiəs
astronomiese	əˈstrɔnəmiːsə
at	ɑt
atc	ɑtʃ
ateljee	ətɛljiː
ateljeedeur	ətɛljedœr
ateïs	ˈɑtəɪ̯s
ateïste	ɑtəɪ̯stə
atf	ɑt̪f
athene	əˈtinə
atlantiese	ˈatlantiːsə
atlas	atlas
atleet	atlˈeːt
atlete	ətˈlɛtə
atmosfeer	atmosfɛj
atmosfeer	ˈatmosfɪr
atmosferiese	ˈatmosfəriːsə
attache	əˈtɑːχə
attersee	ˈɑtərsi
au	ɑʊ̯
audio	ɔːdiʊ̯
auersperg	ɔːrsˈpɛrx
augusta	ɑʊ̯ˈχʊstə
auguste	ɑʊ̯ˈχʊstə
augustine	ɑːχˈsʏtin
augustus	ɑʊ̯ˈχʊstəs
aunt	ɑːnt
aura	ɑːʁɑː
aurier	ɔːɪ̯ə
aurora	ɔːˈrɔːrə
aurore	ɔːˈruːrə
auschwitz	ɔːsˈχɪts
austerlitz	ˈɑʊ̯stətrɪts
australië	ɔːˈstrɑːliə
auvers	ɑːfərs
auvers-sur-oise	'ɑːfɹɑːvɹzœːrɔɪz
aux	ɑʊks
avanti	əˈvɑːnti
avatar	əˈvɑːtər
ave	ɑːvə
aveyron	ɑːˈvɛjrɔn
avignon	əˈvɪŋɒn
aviv	əˈβiːf
avokado	avukadu
avontuur	avõŋtiːr
avontuur	əˈfɔntyr
away	ɑːˈweɪ̯
awe	ˈaʊɚ
axel	ˈɑːksəl
ayubowan	ɑjʊˈbɔːwɑn
aśka	ɑʃkə
b	β
b-misdaad	ˈbəmɪsdaːt
b2	βa
baadjie	baːdʒi
baadjies	baːɟiəs
baai	baːi
baai	bˈaɪ
baaitjie	bɑːiːki
baan	βɑːn
baanbreker	baːnbɹɛkər
baar	baːr
baar	bɑːɾ
baard	baːr
baard	baːrt
baardman	baːrtman
baas	bɑːs
baasspeel	baːspil
baat	βɑːt
baba	baba
baba	ˈbɑːbɑ
baba-dogtertjie	ˈbɑbɑˌdɔχtərˌtʃiə
baba-oppasser	ˈbɑβɑˈɔpɑsər
baba-oppassers	ˈbɑβɑˈɔpɑsərs
baba-slaapkussing	ˈbɑbəslaːpkʏsɪŋ
babalaas	bˈɑbəlˌas
babalu	ˈbɑbɑlu
babameisie	bɔbɔmɛisɪ
babas	ˈbɑbəs
babatjie	ˈbɑbətʃi
babatjies	ˈbɑbətʃis
babbel	tˈʌbəl
babbel	ˈbɑβəl
babe	ˈbɑːbə
babelas	tɑːbəlas
babelonië	ˈbɑβəloːniə
baber	ˈbɑβər
babers	ˈbɑβərs
baby	ˈbɑːβi
bach	βax
bachelor	ˈbɑtʃələ
back	ˈbɑk
backgammon	ˈbɑkχɑmən
backing	ˈbɑkɪŋ
bad	bɑt
bad	bˈʌt
bad	βæt
baden	ˈbɑːdən
badge	ˈbɑɣdə
badger	ˈbægə
badgeriewe	ˈbɑːdʒəˌrɪə̯
badkamer	ˈbɑtkɑmər
badkamers	ˈbɑtkəmərs
badkraan	ˈbɑtkrɑːn
bads-huis	ˈbɑtsɦœy̯s
badshuis	ˈbɑtsɦœy̯s
bagasie	bəˈgɑːsiə
bagasie	vəxˈasi
baggasie	ˈbɑχəsi
baie	baɪə
baie	pajɑ
baie	β̞ajɑ
bailor	baɪ̯lɔːr
bajes	baɪ̯s
bajonet	baɪʒonɛt
bajonette	baɪ̯u̯nɛtə
bak	bak
bak	ɓɑk
bakboord	ˈbɑkbʊə̯rt
bakboord-kanonne	ˈbɑkbʊə̯rtkɑˌnɔnə
bakboordbattery	ˈbɑkbʊrtəti
baken	ˈbɑkən
baker	ˈbɑkər
bakery	ˈbɑkəri
bakgat	pɑkχɑːt
bakkebaard	ˈbɑkəˌbɑːrt
bakker	ˈbɑkər
bakkery	bakarai
bakkery	ˈbɑkəɾi
bakkie	ˈbɑkɪ
baklei	bəkləi
baklei	ˈbɑkləi̯
bakleiery	ˈbɑkliəi̯r
bal	tɔ
bal	ɓɑl
balans	ˈbɑlɑns
balanseer	bəˈlɑːnsəɾ
balhorige	ˈbɑːlɦoːrɪχə
baljaar	ˈbɑljɑːr
balk	bɔlk
balk	ɓɑk
balkon	ˈbɑlkɔn
balkonkamer	ˈbɑlkɔŋkamər
ballas	ˈbɑləs
balle	ˈbɑlə
ballerina	ˌbɑləˈriːnə
ballerinas	ˈbɑləɾinas
ballet	ˈbɑlət
ballet-gedoente	ˈbɑlɛtχəˌdɪə̃ːntə
ballet-rotte	ˈbɑlətˌrɔtə
balletgroep	ˈbɑlətˌχrup
balletjie	ˈbɑləˌtʃi
ballistiek-deskundige	ˈbɑlɪstikˈdɛskœnəχi
ballistiese	bəˈlɪstiə
balou	ˈbɑːlou
balsem	ˈbɑlsəm
baltiese	ˈbɑltisə
baltimore	ˈbɑːltɪbɜːr
bamberg	ˈbɑmbɛrx
bambina	ˈbɑmbinə
bambini	ˈbɑmbəni
bambo	ˈbamboʊ
ban	βɑn
banaal	ˈbɑnɑːl
banale	βaˈnɑlə
banaliteite	ˈbɑːnəlitəitə
band	bant
band	βɐnt
bande	βande
bandiet	βɑndiət
bandini	βɑnˈdiːni
bands	βɛnts
bane	banə
bang	ˈbɑŋ
bange	ˈbɑŋə
banger	ˈbɑŋər
banggat	ˈbɑŋχat
bangmaak	ˈbɑŋmaːk
bangmaakstories	ˈbɑŋmɑːkˌstɔːris
banier	ˈbɑːniə̯r
bank	ˈbɑŋk
banket	ˈbɑŋkət
bankiers	ˈbɑŋkiərs
bankies	ˈbɑŋkəs
bankkaart	ˈbɑŋkɑːrt
bankrekening	ˈbɑŋkɹeːkəŋ
bankrot	ˈbɑŋkrɔt
bankrotskappe	ˈbɑŋkɾɔtskɑpə
banneling	ˈbɑnəlɪŋ
banningh	ˈbɑnɪŋ
baptiste	ˈbɑːptɪst
bar	bor
bar	bɑɾ
bar	βɑr
barakke	ˈbɑːrakə
barbaar	ˈbɑrbar
barbaars	ˈbɑrbaːrs
barbaarse	ˈbɑrβaːrsə
barbara	ˈbɑrbarə
barbare	ˈbɑrbɑrə
barbarisme	ˈbɑrbəˌrismə
barbie	ˈbɑrbi
barbiere	ˈbɑrbiːrə
barbiturate	ˌbɑːrbiˈtʊrɪt
barcelona	ˈbɑrsəlona
bardot	ˈbɑːrdɔt
bariton	ˈbɑːritɔn
barman	ˈbɑːrmɑːn
barmhartig	ˈbɑrmɦɑrtiχ
barmhartighede	ˈbɑrmɦɑrtiɣəde
baron	ˈbɑːrɔn
barones	ˈbɑːrənəs
baronnes	ˈbɑːrənəs
barre	ˈbɑːrə
barri	ˈbɑːri
bars	bars
bars	bɑrs
barth	βɑrθ
bartlomiej	ˈbɑːrtləʊmiːəx
bas	bɑs
bas	bˈas
bas	ˈbɑs
base	ˈbɑːsə
baseer	ˈbɑːsiːr
bashan	ˈbɑsχən
basies	ˈbɑːsiəs
basiese	ˈbɑːsisə
basilie	pɑsili
basis	ˈbɑsəs
basis-stad	ˈbɑsɪsstɑt
basket	β̞azket
basketbal	ˈbɑskətbɑl
basotho	basuto
basotho	basutˈy
basse	ˈbɑsə
basters	ˈbɑstərs
bastiel	ˈbastɪəl
bastille	ˈbɑstələ
bataljonne	ˈbɑtɑlʝɔnə
batawiese	ˈbɑːtɑːˌʋiːsə
batawiese-erflating	ˈbɑtɑu̯i̯səɾflɑːtɪŋ
batawië	ˈbɑtɑʋiə
bates	ˈbɑtəs
battaljonne	ˈbɑtəljonə
batterie	ˈbɑtəˌri
battery	ˈbætəri
battery-aanvoerder	ˈbɑtəɾiˈɑːnfuːɾdər
batterybevel	ˈbɑːtərɪbɛfəl
batterystelling	ˈbɑtəˌrɪstɛlɪŋ
batthyani	ˈbɑtəɪni
batuschka	ˈbɑːtʊskə
bavaria	ˈbɑːvəriə
bavariese	bəvəriˈsɛ
be	βeː
be-eindig	ˈbɛːˌʔɪndəx
beach	beːtʃ
beademer	bəˈdeːməʁ
beampte	ˈbɛmptə
beantwoord	ˈbɑːntʋɔːrt
bearbei	ˈbɛrbɛi
bearskins	béːrskɪns
beatrice	biːˈtrɪsə
beaulieu	ˈbɑːliː
beaumarchais	ˈbɑwmɑrʃɑɪ̯s
beautiful	ˈbɑːtɪfʊl
beautifully	ˈbɑːtɪfəlɪ
beauty	ˈbɑːtɪ
bebert	ˈbɛbɛrt
bebloede	bəˈbludʒə
beboet	ˈbɛβut
because	bəˈsɪə
becker	ˈbɛkər
bed	beɪt
bed	βɛt
bedaar	bəˈdɑːr
bedaard	ˈbɛɾɑːrt
bedag	ˈbɛdɑχ
bedags	ˈbɛtɑχs
bedagsaam	ˈbɛdɑɣsɑːm
bedagsaamheid	ˈbɛtɑɣsɑːmɦɪət
bedagsame	ˈbɛdɑɣsɑmə
bedank	bədˈɑŋ
bedank	ˈbɛtɑŋk
bedanking	ˈbɛdənkɪŋ
bedankings	ˈbɛdənˌkɪŋs
bedaring	ˈbɛːdaːrɪŋ
bedde	beɾe
beddegoed	ˈbɛtəˌχʊə̯t
beddeken	ˈbɛtəken
beddekens	ˈbɛtəˌkɛns
beddens	ˈbɛdəns
bede	ˈbɛdə
bedeesd	ˈbɛːdəsə
bedek	bɛdɛk
bedek	ˈbɛdək
bedel	ˈbɛdəl
bedelaar	ˈbɛːdəlɑːr
bedelaars	ˈbɛːdəlɑːrs
bedeling	ˈbɛːdəlɪŋ
bedenkinge	ˈbɛdənkɪŋə
bederf	ˈbɛdərf
bedien	ˈbɛdiən
bediende	bedeːnde
bediende	ˈbɛdiːndə
bediende-vlak	ˈbɛdiːndəflɑk
bediendes	ˈbɛdiə̯nsə
beding	ˈbɛŋəx
bedink	ˈbɛə̯tɪŋk
bedjie	ˈbɛə̯diə̯
bedjies	ˈbɛə̯ɟiəs
bedmatjie	ˈbɛtmaʈi
bedoef	ˈbɛːduə̯f
bedoel	bˈeɾˈu
bedoel	ˈbɛːduːl
bedoelende	bəˈduːləntə
bedoeling	ˈbɛːduːləŋ
bedoelinge	ˈbɛːduːləŋə
bedoelings	bəˈduːləŋs
bedompig	ˈbɛdɔmˌpəχ
bedonder	ˈbɛːdɔndər
bedorwe	tɛstɔrva
bedorwe	ˈbɛɾvə
bedoïne-rowers	ˈbɛdoʊ̯nəˈrʊərs
bedraad	ˈbɛə̯drɑːt
bedrae	ˈbɛə̯drɑː
bedrag	bədrˈɑx
bedrag	ˈbɛdrɑχ
bedreig	bədrəɪx
bedreig	ˈbɛə̯trɛɪχ
bedreiging	ˈbɛə̯trɛiχŋ
bedrewe	ˈbɛə̯drɛu̯ə
bedrieg	ˈbɛə̯trɪə̯x
bedrieglik	ˈbɛə̯trɪə̯χlək
bedrieglike	ˈbɛə̯trɪə̯χləkə
bedrieër	ˈbɛə̯diːr
bedrieërs	ˈbɛə̯trieːrs
bedriër	ˈbɛə̯trir
bedroef	ˈbɛdrœf
bedrog	bədrˈɔx
bedrog	ˈbɛdrɔχ
bedrogspul	ˈbɛdrɔχspul
bedroë	ˈbɛdrœ
bedruk	ˈbɛdrʏk
bedryf	tətrˈə
bedryf	ˈbɛdrɪə̯f
bedryfstelsel	ˈbɛdrɪfsəlsəl
bedrywe	ˈbɛdrʏə
bedrywighede	ˈbɛdrəvɪχəde
bedrywigheid	bədrəiləxəaj
bedtoe	ˈbɛtəʊ
bedtyd	ˈbɛtəi̯t
beduie	bataja
beduie	ˈbɛɟɥi
beef	biːf
beeindig	biːˈɪndəx
beek	βeːk
beeke	biːkə
beeld	bˈɪlt
beeld	βɛːɫ
beelde	ˈbɛːlədə
beeldjies	beːɫəi̯s
beeldskone	βɛldskʊnə
beeldskoon	beːldskoon
beeldskoonl	βɛldskuːn
been	beːn
been	bjenn
beenbreek	beːnbɹɛk
beendere	ˈbɛːndərə
beentjies	ˈbɛəntjis
beep	biːp
beer	biːr
beer	vjɛr
beer-god	beːɾχɔt
beerstank	ˈbɪə̯rstɑŋk
bees	pies
bees	βeːs
bees-bestuurder	beːsbəˈstyːrdər
beeshart	βiʃɑːrt
beeskuddes	ˈbɛskʏdə
beeste	ˈbɛːstə
beestong	βeːstɔŋ
beet	biət
beet	βit
beet-pers	βit̪ˈpɛrs
beetgehad	βitχɑt
beethoven	ˈbɛːtəvən
beetkry	βitkrɪ
befoeterd	ˈbɛfuːtərt
befondsing	bəˈfɔnsɪŋ
before	bəˈruː
begaaf	ˈbɛɣaːf
begaafd	ˈbɛχɑːft
begaafde	ˈbɛχaftə
begaan	beχɑn
begaan	bəˈɣɑːn
begeef	bəˈɣiːf
begeer	bəˈɣiːr
begeerlik	bəˈɣiːrlək
begeerte	ˈbɛχeːrtə
begeester	bəˈχɛstə
begeesterd	ˈbɛχəstɛrt
begelei	bəˈɣɛlai̯
begeleiding	bəɣəˈlɑi̯əŋ
begeleidster	bəɣəˈlɛistsər
begeleier	ˈbɛχəˌlɪə̯r
begerig	ˈbɛχəɾəχ
begin	bɯ̞xən
begin	ˈbɛχən
beginners	ˈbɛχɪnərs
beginning	ˈbɛə̯χɪŋ
beginsel	ˈbɛχənsəl
beginsels	ˈbɛχɪnsəls
begisels	ˈbɛχɪsəls
begraafplaas	ˈbɛχrɑːfplɑːs
begraafplase	ˈbɛχrɑːfplɑːsə
begrafnis	beχrɑfnes
begrafnis	ˈbɛχrɑfnis
begrafnis-ete	ˈbɛχɣrafnɪsətə
begrafnis-gesigte	ˈbɛχraːfnɪsχəˌsɪktə
begrafnisondernemer	ˌbɛχˌraːfnisˌɔndərˌnɛmər
begrafnisondernemers	ˈbɛχrɑfnisɔndəˌrɛmərs
begrawe	baχraːba
begrawe	ˈbɛχrɑːvə
begrepen	ˈbɛχrɛpən
begrip	ˈbɛχrɪp
begroet	ˈbɛχrʊət
begrond	bəˈχɔnt
begroting	pəxrøtøŋ
begroting	ˈbɛχrʊtʃəŋ
begryp	bəˈχrɪp
behaal	bəˈɦɑːl
behae	bəˈɦɑː
behalf	bəˈhɑːf
behalwe	baxɑlvɛ
behalwe	bəˈɦɑlfə
behandel	bəˈhɑndəl
behandeling	bəˈhɑːndəlɪŋ
behartig	bəˈɦɑːrtəx
beheer	bəˈɦiːr
beheerde	bəˈhɪːrə
beheers	beˈrjɜz
beheers	bəˈhɪrs
beheertoring	bəˈhɪə̯r̥tɔrɪŋ
behels	bəˈɦɛls
behendig	bəˈhɛndəx
behep	bəˈhɛp
beheptheid	beˈɣətˈaʏd
behoed	bəˈɦøːt
behoef	beˈʁuf
behoefte	bəˈhœftə
behoeftes	bəˈhœftəs
behoorlik	bəˈɦʊə̯rək
behoort	bəhʊrt
behoort	bəˈɦuːrt
behou	bəˈɦuː
behoudend	bəˈɦudənt
behuising	bəˈɦœi̯sɪŋ
behuisingoutoriteite	bəˌɦœi̯sɪŋɔu̯təˈɹitɛitə
behuisingsprogram	bəˈɦœi̯sɪŋsprəˌgrɑm
behuisingsprojek	bəˈɦœi̯sɪŋsprəˌkɛχ
behulp	beːɦøːlˈp
behulp	bəˈɦœɫp
behulpsaam	beˈɦɔrsˈɔŋ
beide	bejɯd
beide	biːdə
beijing	beɪˈçɪŋ
beimlerstraat	beɪ̯mlərˈstraːt
beindruk	ˈbɛintrʏk
being	ˈbɛɪŋ
beinvloed	ˈbɛinflʊət
bejammer	bəˈjæmə
bejammerenswaardig	bəˈjɑməɾənˌsʋɑːɾəx
bejammering	bəˈjæməˌrɪŋ
bek	βɛk
bekaf	bɐkɐs
bekeer	bəˈkɪr
bekend	ˈbɛkənt
bekende	ˈbɛkəndə
bekendgemaak	ˈbɛkəntxəˌmɑːk
bekendmaak	ˈbɛkəntmɑːk
bekendstel	ˈbɛkəntəstəl
bekentenis	ˈbɛkəntənɪs
bekentenisse	ˈbɛkətn̩sə
beker	peːkər
beker	ˈbɛkər
bekering	ˈbɛkəɾəŋ
bekers	ˈbɛkərs
bekka	ˈbɛkə
bekkie	bɛ̞ki
beklee	ˈbɛkleː
beklemmende	ˈbɛkləmənde
beklemtoon	ˈbɛkləmuːn
beklink	ˈbɛklɪŋk
bekom	ˈbɛkʊm
bekommer	ˈbɛkʊməʁ
bekommerd	ˈbɛkʊməɾt
bekommerde	ˈbɛkʊməɾdə
bekommernis	ˈbɛkʊməˌrɪs
bekook	ˈbɛkʊk
bekoor	ˈbɛkʊə̯r
bekoorlik	ˈbɛkʊə̯rɪk
bekostig	ˈbɛkɔstɪχ
bekostigbaar	ˈbɛkɔstɪχbɑːr
bekrompte	ˈbɛkrɔmptə
bekroon	ˈbɛkrʊə̯n
bekruip	bɛkrɛj
bekruip	ˈbɛkɾœi̯p
bekwaam	ˈbɛkfɑːm
bekwame	ˈbɛkfɑmə
bekyk	ˈbɛkək
bel	bˈɛl
bel	βɛl
belaglik	ˈbɛləχlɪk
belaglike	ˈbɛləχlikə
beland	βəˈlɑnt
belang	bəˈlɒŋ
belang	ˈbɛləŋ
belange	ˈbɛlɑŋə
belangrik	bəlˈɑŋrak
belangrik	ˈbɛləŋrik
belangrike	bəˈlɑŋrikə
belangriker	ˈbɛləŋrikər
belangriks	bəˈlɑŋrɪks
belangrikste	bəlˈaŋrɛkstə
belangrikste	ˈbɛləŋrikstə
belangstel	bʊˈlɑŋstʌl
belangstel	ˈbɛlɑŋstəl
belangstelling	ˈbɛlɑŋstəlɪŋ
belankrik	ˈbɛlɑŋkrɪk
belas	ˈbɛlɑs
belaster	ˈbɛlɑstər
belasting	bəˈlɑstɪŋ
belastingbedrog	ˈbɛlɑstɪŋbədrɔχ
belastings	ˈbɛlɑstɪŋs
belcore	ˈbɛlkoɾə
beledig	bəˈlɛɪ̯χ
beledig	bˌliːrˌɑx
beledigend	bəˈlɛɪ̯diχənt
beledigend	bɪlɪrəxen
belediging	bəˈlɛdiχɪŋ
beledigings	bəˈlɛə̯ɣəŋs
beleef	ˈbəlif
beleefd	bˈɛlˈɛft
beleefdheid	bɛlˈiːftˌaɪt
belegging	bəˈlɛχɪŋ
beleggingskonsultant	bəˈlɛə̯kəŋskɔnsʏlˈtɑnt
beleid	bəˈlɛit
belemmer	bəˈlɛməʁ
belemmeringe	bəˈlɛməˌrɪŋə
belese	bəˈlɛsə
belet	bəˈlɛt
beletsel	bəˈlɛtsəl
belge	ˈbɛlχə
belgiese	ˈbɛlχiːsə
belgië	ˈbɛlχiə
belhar	bɛlhaɾ
belieg	ˈbɛliχ
believe	bəˈliːv
believer	ˈbɛliːvər
believers	ˈbɛliːvərs
believes	ˈbɛlɪvz
belig	ˈbɛlɪχ
beligting	ˈbɛliχtɪŋ
bella	ˈbɛla
bellegard	ˈbɛləgɑːrt
bellegarde	ˈbɛləgaːrdə
beloer	ˈbɛloːr
belofte	ˈbɛlɔftə
beloftes	ˈbɛlʊftəs
beloning	bəˈlʊəŋ
beloof	bəˈluːf
beloofde	ˈbɛloːftə
beloon	ˈbɛluːn
beloved	bəˈlɛvət
belowe	ˈbɛloʊə
belowend	bəˈluə̯n
bely	ˈbɛli
belydenis	bˈɛlˈɑkəns
belydenisse	ˈbɛliðənɪsə
belyn	ˈbɛlən
belê	ˈbɛlə
bemaak	ˈbɛmaːk
beman	ˈbɛmɑn
bemande	ˈbɛmɑnde
bemanning	ˈbɛmanɪŋ
bemanningslid	ˈbɛməŋsɪŋsˌlɪt
bemarking	bəˈmarkəŋ
bemeester	ˈbəmɛstə
bemerk	bəˈmɛrk
bemin	ðəmɪn
bemin	ˈbɛmɪn
bemind	ˈbɛmɪnt
beminde	bamɛn̪d̪e
beminde	ˈbəmiːnde
bemindes	ˈbɛmɪndəs
bemoedig	bəˈmuːdəχ
bemoedigend	ˈbɛːmuəˌdiχənt
bemoediging	ˈbɛmədiχiŋ
bemoei	ˈbɛmuəi
ben	βən
benadeel	ˈbɛnədɛl
benader	ˈbɛnədəɾ
benadering	ˈbɛnədəˌrɪŋ
benaming	ˈbɛnəɪ̯mɪŋ
benat	ˈbɛnɑt
bende	bˈɛndɚ
bende	ˈbɛndə
bendes	ˈbɛndəs
bene	benə
benede	ˈbɛnədə
benedenmaatse	ˈbɛnədəˌmɑːtsə
benelux-lande	ˈbɛnəlʏksˌlɑndə
benewens	ˈβəˌnɛə̯ns
benham	βənˈɦɑm
benin-opleiding	ˈbɛninɔpˈlɛidɪŋ
benjamin	ˈbɛnəˌmɪn
bennie	ˈbɛni
bennie-boy	ˈbɛniˌbɔi
benodig	ˈbɛnədəx
benodigde	ˈbɛnədɪχə
benoem	benum
benoem	ˈbenum
benoeming	ˈbɛnuːməɪŋ
benoud	bɛnauːt
benoude	ˈbɛnuːdə
benouing	ˈbɛnuɪŋ
benton	ˈbɛntɔn
benut	ˈbɛnʏt
beny	βənʏ
beoefen	buʔufən
beoogde	ˈbɪʊχdə
beoordeel	bəʊrˈdiːlə
beoordelaar	pəʊɛrdɛɫaːr
beoordelaar	ˈbɪu̯rɐdlɑːr
beoordelaars	ˈbɪu̯rɔːɾdəlɑːrs
bepaal	bəˈpɑːl
bepaalde	bəˈpɑːldə
beperk	bəˈpɛrɪk
beperk	əpˈɑɹk
beperkte	bəˈpɛrktə
beplan	bəˈplɑn
beplande	bəˈplɑːnde
beplanning	bəˈplɑŋɪŋ
beproef	bəˈprœf
beproewing	bəˈprɔi̯əŋ
beproewinge	bəˈprɔi̯ŋə
beraam	ˈbɛrɑːm
berader	beˈrɑːdər
berading	beˈrˈɑdəŋ
beradingskantoor	bəraːdəŋskɑntʊr
berde	βɛrde
bere	bəˈrɛ
berei	berai
berei	bəˈrai̯
bereid	bəˈrai̯t
bereik	bəˈrɛɪk
bereikbaar	bəˈrɛɪ̯kɑːr
bereken	bəˈrɛkən
bereken	bɛrjɛkɛn
berekeninge	bəˈreːkənɪŋə
berekenings	bəˈreːkəŋs
berg	bæɾx
berg	βɛrχ
berg-es	βɛrχəs
berg-gids	βɛrxɪts
bergaf	bərxɔf
bergdorpies	ˈbɛrxdɔrpiəs
bergdwergies	ˈbɛχdvrəxəs
berge	bˈɛrgɐ
berge	ˈbɛrχə
bergen	ˈbɛrχən
bergfiets	βɛrxifits
berggidse	ˈbɛrxɪtsə
bergklimskoene	ˈbɛrxklɪmskunə
bergpieke	βɛrxpiːkə
bergtrolle	ˈbɛrχtrɔlə
berig	bəˈrɪχ
berig	parah
berigte	ˈbɛə̯rɪktə
berispe	bəˈrispə
berk	βɛrχ
berke	ˈbɛrkə
berke-bas	ˈbɛrkəbɑs
berke-teer	ˈbɛrkeːtɪr
berlin	ˈbɛrlɪn
berlyn	ˈbɛə̯rələn
berlyner	ˈbɛrlənər
berlyners	ˈbɛrlənərs
berlynse	ˈbɛə̯rələnsə
bernbach	ˈbɛrnˌbɑχ
bernd	βɛrn
bernstein	ˈbɛrnʃtəɪ̯n
beroemd	bəˈrœmt
beroemde	ˈbɛrʊmədə
beroemdes	bəˈrœmdəs
beroep	ˈbɛrʊəp
beroeps	ˈbɛrʊəps
beroeps-redes	bəˈrʊə̯psˌrɛːds
beroerd	ˈbɛrʊərt
beroering	bəˈrœi̯rɪŋ
beroerte	beruɾta
beroerte	bəˈrœrtə
beroerte-aanval	bəˈrœːrtəˌɑːnvɑl
beroof	bəlˈoːf
beroof	ˈbɛrʊf
berou	bəˈɾuː
berou	d̪eɾau̯
berouvolle	bəˈɹɔu̯fələ
berry	ˈbɛri
berthe	βɛrtə
bertier	ˈbɛrtiər
berugte	ˈbɛrɪçtə
berus	ˈbɛɾəs
bes	βɛs
besaanseil	ˈbɛsɑːsɛɪ̯l
besadigdste	ˈbɛsəɟtə
beseer	be̞s̻iːr
beseer	ˈbɛsɪr
beseerde	ˈbəsɪːrdə
besef	ˈbɛsəf
besems	ˈbɛsəms
besering	ðəsˈerəŋ
besering	ˈbɛsəɾəŋ
beset	ˈbɛsɛt
besete	ˈbɛsətə
besetene	bəˈsɛtə
besetters	ˈbɛsɛtərs
besetting	bəˈsɛtɪŋ
besig	vjsax
besig	ˈbɛsɪχ
besige	ˈbɛsiχə
besigheid	ˈbɛsɪχtəx
besigheidskonsultant	ˈbɛsiχˌʃɛŋksɔnsʊlˌtɑnt
besigheidsman	ˈbɛsiχɛitsmɑn
besigheidsreise	ˈbɛsiχɛɪ̯tsrɛɪ̯sə
besigtig	bəsɑxtɑx
besin	bɪ̞sːən
besin	ˈbɛsin
besit	bəˈsɪt
besit	pɐsˈt
besitting	be̞stæmtæn
besittings	bəˈsɪŋs
beskaafd	bəsˈkɑːft
beskaafd	ˈbɛsˌkɑːft
beskaafdheid	ˈbɛskaːftəi̯t
beskadig	ˈbɛskədəχ
beskadigde	ˈbɛskəɟiɣə
beskawing	ˈbɛskaɪəŋ
beskeie	ˈbɛsʃiə
beskerm	bɛskɛrɛm
beskerm	ˈbɛskɛrm
beskerm-engel	ˈbɛskɛrmˌɛŋəl
beskerm-heilige	ˈbɛskɛrməˌɦɪlɪəɣə
beskermde	ˈbɛskɛrmdə
beskermende	ˈbɛskɛrməntə
beskermengel	ˈbɛskərməŋəl
beskermer	ˈbɛskɛrmər
beskermheer	ˈbɛskɛrmɦɪə̯r
beskerming	bəskərməŋ
beskerming	ˈbɛskɛrməŋ
beskermling	ˈbɛskɛrmlɪŋ
beskik	ˈbɛskɪk
beskikbaar	beskɛkvaːr
beskikbaar	ˈbɛskiˌkɑːr
beskikking	ˈbɛsikəˌkəŋ
beskou	ˈbɛsˌkœu
beskryf	bəˈskrɪf
beskrywing	bəskrəibən
beskrywing	bəˈskrɪŋ
beskuit	bəskɔjdt
beskuit	bɪ̞sgəi̯
beskuitjies	ˈbɛskœɪ̯tʃis
beskuldig	ˈbɛskʏldx
beskuldigde	ˈbɛskɪldɪəxə
beskuldigdes	ˈbɛskʏldʒəɪ̯ds
beskuldiging	ˈbɛskʏlɪχɪŋ
beskyt	ˈbɛskʏt
beslaan	ˈbɛslɑːn
beslag	ˈbɛslɑχ
beslis	bəslˈɛz
beslis	ˈbɛslɪs
beslissend	bəslˈɪsənt
beslissend	ˈbɛslɪsənt
beslissing	ˈbɛslɪsɪŋ
besliste	ˈbɛsləstə
besluit	ˈbɛslœi̯t
besluite	ˈbɛslœi̯tə
besmeer	ˈbəsmiːr
besmeerd	ˈbɛsmiːrt
besmet	ˈbɛsmət
besnuffel	ˈbɛsnɪfəl
besoedel	ˈbɛsʊdəl
besoedelaars	ˈbɛsʊdəlɑːrs
besoedeling	ˈbɛsʊə̯dəɫiŋ
besoek	tˈəsˈu
besoek	ˈbɛsʊk
besoeke	ˈbɛsukə
besoeker	ˈbɛsœʏkər
besoekers	bəˈsœʏ̯kərs
besoekersdag	ˈbɛsʊkərsˌdɑχ
besoekertjies	bəˈsukərtjəs
besoekure	bəˈsʊkʏrə
besonder	bəsˈɔndər
besonder	ˈbɛsɔndər
besondere	ˈbɛsɪŋkə
besonderhede	ˈbɛsɔndərɦɛdə
besonders	ˈbɛsɑndəʃ
besope	ˈbɛsɔpə
besorg	ˈbɛsɔχ
besorgd	bəˈsɔrχt
besorgdheid	bəˈsɔrχdɦɪət
bespaar	ˈbɛspaːr
besparing	ˈbɛsɑːrɪŋ
bespeel	ˈbɛspil
bespeur	ˈbɛspøːr
bespiegeling	ˈbɛspiɣələŋ
bespoedig	ˈbɛspuːəɣ
bespot	ˈbɛspɔt
bespotting	ˈbɛspɔtɪŋ
bespreek	bɛsprɛjɛk
bespreek	ˈbɛsprɛk
bespreking	ˈbɛsprəkəŋ
besprekings	ˈbɛsprɛχəŋs
bespring	ˈbɛsrinχ
bessies	bˈeɪsiz
bessies	ˈbɛsiəs
best	βɛst
besta	ˈbɛsta
bestaan	beˈstɒn
bestaan	bəˈstɑːn
bestaande	ˈbɛstaːndə
bestanddeel	bˈɛstˈɑndˈeːl
bestanddeel	ˈbɛstɑntdiːl
beste	ɛsta
beste	βɪstə
besteding	təstɪpdæm
bestee	bɪ̞stɪ̞ɾ
bestee	ˈbɛstə
besteel	ˈbɛstəːl
bestel	ˈbɛstəl
bestelling	bˈɛstælˈɛŋ
bestelling	ˈbɛsəlɪŋ
bestellings	ˈbɛsəlɪŋs
bestem	ˈbɛstəm
bestemd	ˈbɛstənt
bestemming	tˈɪstɪmən
bestemming	ˈbɛstəməŋ
bestendig	ˈbɛstəŋdəx
bestendige	ˈbɛstəniχə
bestes	ˈbɛstə
bestevaer	ˈbɛstəˌvɑːr
bestorm	ˈbɛstɔrm
bestudeer	bˈɪstədiːɹ
bestudeer	ˈbɛstʏdɪr
bestuur	bəˌstœir
bestuur	ˈbɛstyr
bestuurder	bɛʃtiːrdɛr
bestuurder	ˈbɛstʊrdər
bestuurderes	ˈbɛstʉːrdərəs
bestuurderessie	ˈbɛstʏrdərɛsi
bestuurderslisensie	ˈbɛstʉːrdərslisənsi
bestuursfunksies	ˈbɛstʃʏrsfʏŋˌsiəs
bestuurslesse	ˈbɛstʃyrsˌlɛsə
bestyg	ˈbɛstəχ
beswaar	ˈbɛsʋɑːr
beswadder	ˈbɛsʋɑtər
beswaddering	ˈbɛsʋɑdərɪŋ
besware	ˈbɛswaːrə
beswil	ˈbɛsʋɪl
beswyk	ˈbɛsʋɪk
bet	βɛt
betaal	ləˈgɑl
betaal	βəˈtɑːl
betaalde	βəˈtɑːlə
betalend	ˈbɛtələnt
betalendste	ˈbɛtələntsə
betaling	ˈbɛtɑlɪŋ
betalings	ˈbɛtəlɪŋs
betas	ˈbɛtəs
beteken	ˈbɛtəˌkɛn
betekenis	bət̪jɛ̀kɛn˧ɛz
betekenis	ˈbɛtəˌkənɪs
betekenisloos	ˈbɛtəkəˌnisloːs
betekenislose	ˈbɛtəˌkɛnɪslɔsə
betekent	pət̪eːxən
beter	ˈbɛtər
beters	ˈbɛtərs
betig	ˈbɛtəχ
betje	ˈbɛtjə
betogers	ˈbɛtɔχərs
betoging	ˈbɛtoχəŋ
beton	beton
betoon	bətuən
betoon	ˈbɛtun
betower	ˈbɛtʊə
betowerend	ˈbɛtʊərənt
betowerende	ˈbɛtʊəˌrɛndə
betowering	ˈbɛtʊə̯rɪŋ
betrap	ˈbɛtrɑp
betree	ˈbɛtrɛ
betref	ˈbɛtrɛf
betreffende	ˈbɛtrafəŋdə
betrek	ˈbɛtrɛk
betrekking	ˈbɛtrɛkɪŋ
betrekkinge	bəˈtɾəkɪŋə
betreur	ˈbɛtrœːr
betrokke	ˈbɛtrɔkə
betrokkenheid	ˈbɛtrʊŋˌɦɛit
betroubaar	ˈbɛtrɔɪ̯bɑːr
betroubare	ˈbɛtrɔːbəɾə
better	ˈbɛtə
bettje	ˈbɛtʃə
betuig	ˈbɛtœiχ
betuwe	ˈbɛtʊə
betwis	ˈbɛtʃəs
betwyfel	ˈbɛtʃfəl
betyds	ˈbɛtəts
betys	ˈbɛts
beul	bju
beul	βœl
beuls	βœls
beulwitz	βɛulvɪtʃ
beulwitz-huis	βœlʋɪtʃʰœys
beur	βœr
beurs	βœrs
beurse	bəˈrɪsə
beursie	βœrsɪ
beurt	piːɾˈt
beurt	βœɹt
beurte	ˈbœːrtə
beval	bəˈvɑl
bevarkers	ˈbɛvɑkərs
bevat	bəˈfɑt
beveel	bəˈvil
beveg	bəˈvɛχ
beveilig	bəˈvɛiləx
beveiliging	bəˈvɛi̯ləi̯χɪŋ
beveiligingsteam	bəˈvɛilɪŋstəːm
bevel	bəˈvɛl
bevele	bəˈvɛlə
bevelvoerder	bəˈfɛlˌfuːrdə
bevelvoerders	ˈbɛfəlˌfʉːləɾs
bevestig	bəˈfɛstɪχ
bevind	bəˈvint
bevindings	bəˈvɪŋəʃ
bevlek	bəˈflɛk
bevoegde	bəˈvɔi̯əde
bevoegdheid	ˈbɛːvɔstxəɪt
bevolking	bəˈvɔlχɪŋ
bevolkingsgroei	bəˈvɔkəŋsχruəi
bevoordeel	bəˈvurdɪəl
bevoorreg	bəˈvɔːrɪχ
bevorder	bafurðer
bevorder	bəˈvɔːrdər
bevorderaars	bəˈvɔrdəɹəʃ
bevordering	bəfˈɔrdərˌɛŋ
bevordering	bəˈvɔːdəɹɪŋ
bevraag	bəˈvrax
bevraagteken	bəˈfrɑːχtəken
bevredig	bəˈvɹɛɪtʃ
bevrees	bəˈfris
bevrug	bəˈfrʏχ
bevry	bəˈfriː
bevryding	bəˈfrəi̯ŋ
bewaak	ˈbɛvɑːk
bewaar	bavar
bewaar	ˈbɛʋɑːr
bewaar-engel	ˈbɛʋɑːrɛŋəl
bewaarheid	bəˈvɑːrɦɪət
bewapen	ˈbɛvɑpən
bewaring	bəˈʋɑːrɪŋ
bewe	ˈbɛvə
beweeg	bəˈʋiχ
beweeg	bɪ̞vjɐ̯
beween	ˈbɪə̯n
beweer	bavjar
beweer	ˈbɛvɪr
bewegende	bəˈvɛːɣəntə
beweging	bəˈvɛə̯χɪŋ
beweging	bɪvɪːxən
bewegings	bəˈvɛəχɪŋs
bewering	ˈbɛʊ̯əɹɪŋ
beweringe	ˈbɛːvəˌrɪŋə
bewerings	ˈbɛʊ̯əɾɪŋs
bewerk	bəˈʋɛrk
bewind	bafɛnd
bewind	βəˈvint
bewing	ˈbɛʊ̯əŋ
bewolk	bavˈok
bewonder	bəˈwɔndər
bewonderaar	bəʊ̯ʊn̪dɛraːr
bewonderaars	bəˈvɔndəˌrɑːrs
bewondering	bəˈvʊndəˌrɪŋ
bewonderingswaardig	ˌbəʊvɔnəˈrɪŋsʋɑːrdiχ
bewoner	βəˈʊnər
bewoners	ˈbɛʊ̯nərs
bewoon	ˈbɛu̯ʊn
bewoonbare	ˈbɛʋoːnbɑːrə
bewoord	bɛvɔrt
bewoë	βʊə
bewus	bəˈʋʏs
bewussyn	ˈbɛʋɪsəɪ̯n
bewustelik	ˈbɛʊ̯stələk
bewusteloos	ˈbɛʊ̯stəloːs
bewys	ˈbɛʊ̯s
bewyse	ˈbɛu̯sə
bewyskrag	ˈbɛʊ̯skrɑχ
beywer	beɪvər
beëdigde	beːdɪçdə
beëdiging	beːdiχiŋ
beëindig	biːˈəi̯ntəx
beëindiging	beːˈiːndəɪχɪŋ
beïndruk	bəˈiːndrʏk
beïnvloed	ˈbɛinˌflut
beïnvloedbaar	ˈbɛinvløːdbɑːr
biblioteek	biblioˈtɛːk
biblioteek	ˈbɪlɪɔtɪk
bichet	βɪˈxɛt
bid	bət
bid	bˈɛt
bid	βɪt
bie	biː
bied	bit
bied	biːt
bied	pˈit
biefstuk	biːfʃʏk
bieg	biːχ
biegvader	biχfɑdəɾ
bier	biːr
bierbrou	biːɹbɹɔu̯
biere	biːrə
biertje	biːɹtʃə
biertjie	biə́rʈi
biertjies	biːɾtʃis
bierut	biɛrʏt
bietje	biːtʃə
bietjie	βiəˈtʃiə
bietjies	βiəˈtʃis
big	βɪχ
biljarttafel	ˈbɪlɕɑːrtɑːfəl
biljoen	ˈbɪljuən
biljoene	ˈbɪljuːnə
billik	βɪlɪk
bin	βɪn
bind	ɪŋ
binet-simon	ˈbɪnɛtˌsimɔn
bink	ɪŋk
binne	kˈɵnə
binne	βinə
binneaarse	ˈbɪnɛə̯rsə
binnegebring	ˈbənəχəˌbrəŋ
binnegoed	ˈbɪnəˌɣœt
binnehof	ˈbɪnəˌɦɔf
binnehowe	ˈbɪnəˌhuə
binnekant	benakkaːnt
binnekant	ˈbɪnəkɑnt
binnekom	ˈbɪnəˌkɔm
binnekort	benakˈɔɾd
binnekort	ˈbɪnəkɔrt
binnekortgaan	ˈbɪnəkɔrtχɑːn
binneland	ˈbɪnəˌlɛnt
binnelands	benalˈants
binnelandse	ˈbɪnəlɛntsə
binnelandsesake-kafeteria	ˈbɪnəlɑːnsəˌsɑːkəˌkɑːfɪˌtɛriə
binnenkort	ˈbɪnənkɔrt
binneplein	ˈbɪnəˌplɛin
binnestebuite	benestəbai̯tə
binnetoe	ˈbɪnətəʊ
biofisika	liufizika
biografie	biəgɹaːfi
biomassa	piomassa
biotech	biːˈtɛk
bird	βɪr
birkut	ˈbɪrkʊt
birkuts	ˈbɪrkʏts
biskop	ˈbɪskɔp
biskoppe	ˈbɪskɔpə
bitter	ˈbɪtər
bittere	ˈbɪtəɾə
bitterheid	ˈbɪtərɦɪət
bittersoet	ˈbɪtərsuət
bizarre	βiˈzɑːr
bl	bl
blaai	blɑːi
blaaie	blaːjˈe
blaaie	blɑːi̯ə
blaar	blɑːr
blaar	plˈaɾ
blaarpens	blɑːrˈpɛns
blaarslaai	blɑːrsɫɑːi
blaarslaai	blˈɑɹzlaɪ
blaartjie	blɑːrtʃi
blaas	blɑːs
blaasbalk	blɑːsˈbɑlk
blad	blad
blad	blɐt
blad	blɑt
bladhouer	blɑːtˈɦœʏ̯r
bladmusiek	blɑtmuˈsiːk
bladsy	blɑtsi
bladsy	platsaj
bladsy-uitleg	blɑtsiːuɪ̯tˈlɛχ
bladsye	blɑtsi
blaf	blɑf
blaf	plˈɔf
blaker	blɑkər
blaker	plau̯kə
blameer	blɑːməʁ
blanc	blɑŋ
blancs	blɑ̃ːks
blandijns	blɑnˈdɪns
blandine	blɑnˈdiːnə
blank	blank
blanke	bl̥ɑŋkə
blare	blɑːrə
blare	plara
blarematras	blɑːrəmatrɑːs
blase	blɑːsə
blazen	blɑzən
bleddie	bledi
bleef	blif
bleek	blɪk
bleek	blˈɛk
bleekheid	bleːkɦəi̯t
bleik	blaik
bleikmiddel	blɛɪkˈmɪdəl
bles	blɛs
blessed	blɛsət
blest	blɛst
blik	blɪk
blikke	blɪkə
bliksem	blɪksəm
bliksem	plikˈsɯn
bliksempolka	blɪksɛmpulkə
bliksoldate	blɪkˈsɔldətə
blind	bləɪnt
blind	plˈɪnt
blinde	blɪndə
blindederm	blɪnˈdɛrm
blinders	blɪndərs
blindes	blɪndəs
blindheid	bləɪntɦɛit
blink	blɪŋk
blink	plɯ̞ŋk
blits	blɪts
blits	blˈɪts
blitse	blɪtsə
blitz	blɪts
blitzkrieg	blɪtskɹiːə
block	blɔk
bloed	blut
bloed	blɯt
bloed	blʊət
bloed	plˈt
bloedarmoede	blʊə̯rɑrmuːdə
bloedbad	blʊə̯tˈbɑt
bloeddorstigheid	blʊə̯dɪrstɪçənt
bloeddruk	blʊədrʏk
bloeding	blʊə̯diŋ
bloedlating	blʊətˈlɑːtɪŋ
bloedlyne	blʊə̯dɪlnə
bloedsirkulasie	blʊətsɪrkʊlɑːsi
bloedsomloop	blʊə̯dsɔmloʊp
bloedsuier	blʊə̯tsœi̯r
bloedsuiers	blʊətsui̯ərs
bloedtoets	blʊətuts
bloedverwantskap	blʊətfərˈvantskɑp
bloedwors	blʊə̯tʋɔrs
bloei	blœi
bloeiende	blœi̯əntə
bloeisel	blœi̯səl
bloemstein	blˈʏmstaɪn
blok	blɔk
blokeer	blɔkɪə
blokkeer	blɔkʰiːr
blokkies	blɔkɪə
blokraaisels	blɔkraɪ̯səls
blom	blɔm
blom	plˈɔn
blomkool	plumkul
blomme	blɔmə
blommegeur	blɔməɣœr
blommeskou	blɔməskou
blommetjie	blɔməˈtʃiə
blommeweiding	blɔməˈʋɛi̯əŋ
blomnaam	blɔmˈnɑːm
blompot	plompot̪
blomtapyt	blɔmtaˈpɪt
blomwinkel	blʊmˈvɪŋkəl
blond	blˈɔnt
blonde	blʊndə
blondeau	blɔndeʊ
blondie	blɔndi
bloos	blʊə̯s
bloos	blˈuːəz
bloot	blʊt
blootgestel	blʊtχəstəl
bloots	pluːəts
blootstel	blʊtˈstɛl
blootstelling	blʊtˈstɛlɪŋ
blote	blɔtə
blou	blʊ
blou-maan	blʊmɑːn
bloubaard	blʊːbaːrt
bloubessies	blubəsiː
bloudruk	blʊədrʏk
bloute	blʊtə
blue	bluː
bluf	blʊf
blufspel	blʊfsɛl
blus	blʊs
bly	bləi
bly	plaj
blydskap	bləi̯tʃkɑp
blye	blɪə
blyk	blɪk
blykbaar	blɪkˈbɑːr
blyplek	bləpɛk
blêr	blɛːr
bo	boː
bo-oor	boːr
bo-op	boʊ̯p
bob	boʊp
bobbejaan	ˈbɔbəˌjɑːn
bobby	ˈbɔbi
bobotie	pabɔtɛ
bobrova-film	ˈbɔbərvafilm
bod	boːt
bode	boːdə
bodem	ˈbɔdəm
body	ˈbɔədi
boeckl	buːkəl
boederskap	buːdəʃkɑp
boegkanonne	buχkɑnɔnə
boei	buj
boei	buɪ̯
boeie	bujə
boeiend	buɪənt
boeing	buəʊŋ
boek	buk
boek	buːk
boek	bʊk
boek	tok
boeke	buːkə
boeken	buːkən
boekenhout	buːkənhɔʊt
boekery	bukərəj
boekhouer	buːkɦuːə
boekie	buːki
boekrak	buːkrak
boekt	buːkət
boekverbranding	buːkfərˈbɑːntiŋ
boel	buəl
boela	bola
boelie	βʊəli
boelies	buːliəs
boem	bum
boemannen	ˈbuːəmanən
boemelaar	ˈbʊməˌlɑːr
boemelaars	buməlaːrs
boemsie	bumsi
boep	buəp
boer	buːr
boer	bɯɾ
boere	buːrə
boere	tˈuɾe
boerehut	buːrəˈɦœt
boeremeisies	buːrəˈmɛisiəs
boerestand	buːrɛstɑnt
boeretransaksie	ˈbuːrətrɑnˌsɑksiə
boerewors	ɔravˈɔrs
boerin	buəˈrɪn
boerinne	burinə
boerkool	burkʰuːl
boertjie	buːrtʃi
boesem	buːsəm
boet	buət
boete	buːtə
boetedoening	ˈbuːtəˌdɔəŋ
boeteling	ˈbœtəlɪŋ
boetes	buːtəs
boffen	ˈbɔfən
boft	boft
bog	boχ
bogaert	ˈbɔχɑːrt
bogaerts	ˈbʊχɑːrts
boggel	ˈbɔχəl
boggelrue	ˈbɔχəlˌryː
boggelrug	ˈbɔχəlˌrœχ
boggels	ˈbɔχəls
bohaai	boɦaɪ̯
bohaai	buːhəˈɪ
bohdan	boχdɑn
boheems	boːɦeːms
boheemse	ˈbʊə̯ɦəmsə
boissement	ˈbuɪ̯səˌmɑ̃ːnt
bok	pok
bok	ɓɔk
bokant	ˈbɔkənt
bokke	ˈbɔkə
bokkie	ˈbɔki
bokooi	ˈbɔkʊi
boks	bɔks
boks	pʊk
bokse	ˈbɔksə
bokvleis	ˈbɔkflɛɪ̯s
bokwagter	ˈbɔkfɑχtər
bokwiet	ˈbɔkfət
boleslaw	ˈbɔləslɑːf
boletus	boːˈlɛtəs
bolla	bolə
bolle	ˈbɔlə
bolsheviks	ˈbɔlsxəvɪks
bolsjewiek	ˈbɔlsjəʋək
bolyf	ˈbolif
bom	ˈbɔm
bomaanvalle	ˈbomaːnvɑlə
bomauto	ˈbɔmɑʊ̯toː
bombadeer	ˈbɔmbədeːr
bombardeer	ˈbɔmbɑrdeːr
bombardement	ˌbɔmbɑːrdəˈment
bomdreigement	ˈbɔmdrɛiχəment
bome	boːmə
bomenselike	ˈbʊməˌsɛlikə
bomlegger	ˈbɔmlɛχər
bomme	ˈbɔmə
bomscherf	ˈbɔmsxərf
bomscherven	ˈbɔmsxɛrvən
bomskuiling	ˈbɔmskœylɪŋ
bon	bon
bonaparte	bonɑˈpɑːrtə
bonatuurlik	ˈbɔnɑtʉə̯rək
bonatuurlike	ˈbɔnɑtʊə̯rɪkə
bondel	pondu
bondel	ˈbɔndəl
bondels	ˈbɔntəls
bondgenoot	puntɣənəmɪ
bondgenoot	ˈbɔntχəˌnoːt
bone	boːnə
bone	buena
bongartz	ˈbɔŋɐrts
boniface	ˈbɔːnifɑːs
bonjour	ˈbɔnʒʊr
bonkig	bunkax
bonkige	ˈbɔŋkɪχə
bons	bons
bonsende	ˈbɔnsəndə
bonte	ˈbɔntə
bonus	ˈbɔnʊs
bonuskilometers	ˈbɔnʊskɪləˌmɛtərs
boo-ya	buja
boodskap	buːtkʰɑp
boodskappe	buːtskəpə
boodskapper	buːtskɑpər
boog	buʁˈ
boog	buχ
boogskutter	buχskʊtər
boogskutters	buχskʊtərs
boom	bum
boom	buəm
boomstomp	bumstɔmp
boomstompe	bumˈstɔmpə
boonop	buːnɔp
boonste	buːnstə
boontjies	buːntʃiəs
boontoe	boːntʊ
boor	buːr
boor	tug̞eɾ
boord	buːrt
boord	tʊɾt
boordjie	pʊɦɪ̞rkiː
boorgat	boːarxa
boors	plˈaɾz
boos	buas
boos	buːs
boosaardige	buːsɑːrdiχ
boosheid	buːshɛt
booswig	buːsʋɪç
booswig	plˈʃvˈɛx
boot	buə̯t
boot	buːt
bootjie	buːtʃi
bootlading	buːtlədiŋ
bootmeisie	buːtmeɪsiə
boots	buːts
bootsjongens	buːtʃʃɔŋəns
booysens	vˈɔɪsənz
bord	kɔrt
bord	βɔrd
borde	ˈbɔːrdə
bordeau	ˈbɔːrdeʊ̯
bordeaux	ˈbɔːrdeʊ
bordeaux-hospitaal	ˈbɔːrdeʊ̯χɑːspiˌtɑːl
bordeel	pɔɾdjɐl
bordeel	ˈbɔːrdeːl
bordele	ˈbɔrdələ
bordjie	ˈbɔrdi
borduur	ˈbɔrdyr
borduurdery	ˈbɔrɟʏrɘː
borduurmandjie	ˈbɔrɟʏrmɑɲi
borduurwerk	ˈbɔrdyrʋɛrək
borg	bʊrg
borg	ɓɔχ
borgen	ˈbɔrχən
borgengaard	ˈbɔrχəŋɑːrt
borgensgaard	ˈbɔrχənˌsɑːr
borgtog	β̞ʊ̞rçtʊ̞x
borin	ˈbɔːrən
borne	ˈbɔːrnə
borrel	ˈbɔrəl
bors	poɾs
bors	ˈbɔrs
borsel	poɾsɛl
borsel	ˈbɔrsəl
bos	bos
bosbou	ˈbɔsˌbuː
bosbouer	ˈbɔsˌbuə̯r
bosbrande	ˈbɔsbrande
bose	ˈbɔsə
boser	ˈbɔsər
bosluise	ˈbɔslœi̯sə
bosluisgebied	ˈbɔslœi̯sχɪə̯t
bosse	ˈbɔsə
bosserat	ˈbɔsəˌrɑt
bossies	ˈbɔsɪə
boston	ˈbɒstən
bostukloos	ˈbɔstʃlʊə̯s
bostuklose	ˈbɔstʃɔlə
boswerker	ˈbɔsvɛrkər
bot	bot
bot	βɔt
bote	boːtə
bothasig	buitasœɾ
bots	pɔts
bots	βɔts
bottel	pɔtɔm
bottel	ˈbɔtəl
bottels	ˈbɔtəls
botter	pɔtɛr
botter	ˈbɔtər
botterkoeke	ˈbɔtərkukə
bottermes	ˈbɔtərməs
botvier	ˈbɔtfiə̯r
bou	buː
bou	lau
bou-wonder	buːˈwɔndər
boucard	buːˈkɑːrt
boud	bˈɛkt
boude	buːde
boudjie	buːdʒi
bouer	buːə
bouer	pau̯eɾ
bouers	buːə̯rs
bouerskonvensie	buːəskɔnvɛsi
bouery	buːəˈri
boufonds	buːfɔns
bouillabaisse	buːɪlɑːbɛs
boukontrakte	buːkɔntrakte
boukultuur	buːkʊlˈtyːr
boukuns	buːkʰœns
boumeesters	buːməstərs
bouperseel	buːpərsɛːl
bouplanne	buːplɑːnə
bourbons	burˈbɒns
bourgeois	burgəʃ
boutin	buːtɪn
boutjie	buːtʃi
bouwerk	buːˈvɛrk
bovermelde	ˈbɔvərˌmɛldə
bowe	boʊə
bowenal	buːvənɔːl
boy	boɪ̯
boysen	buɪ̯sən
boë	buə
boë	buβe
bp	βp
bra-vo	brɑːvoː
braaf	brɑːf
braai	brɑːi
braai	bɾˈɔj
braambos	brɑːmbɔs
brabant	ˈbɹɑːbɑːnt
brady	ˈbrɑːdi
brahms	brɑːms
brakke	ˈbrakə
brakkie	ˈbrakəki
bram	brɑːm
brand	brɑːnt
brand	prant
brandarm	brɑːndɑːrm
brandbomme	brɑːndbɔmə
brande	brande
brandenberg-poort	ˈbrɑːndənbɛrχpoːrt
brandenburg	ˈbrɑndənbʏrx
brandenburg-poort	ˈbrɑːntənbʏrxˌpʊːrt
brandende	ˈbrɑːndəntə
brander	ˈbɹɑːndər
branderig	ˈbɹɑːndəɾəχ
branderplank	ˈbɹɑːndərplɑːŋk
branderplank-instrukteur	ˈbɹɑːndərplɑːŋkɪnstrukˈtøːr
branders	pɾandɛʃ
brandewyn	ˈbrɑːndəʋəɪn
brandglas	brɑːndχlɑs
brandglas-maker	brɑːndχlɑːsˈmɑːkər
brandhout	brɑːnˈdɦʊə̯t
brandhout	kranthˈoːt
brandmeier	brɑːntmɛi̯ər
brandnetel	ˈbrɑntnɛl
brandsels	brɑːnsəls
brandsiek	brɑːndsik
brandspiritus	ˈbrɑːntspiːrətəs
brandstapel	brɑːntsˈtɑpəl
brandstigter	ˈbrɑːntstɪχtər
brandstigters	ˈbrɑntstiχtərs
brandstof	brɑːntsɔf
brandweer	brɑːntfɪr
brandweer-hoofman	ˈbrɑːntfɪrˈhʊə̯fˌmɑn
brandweer-oefening	ˈbrɑntfɪrˌœfɛŋɪŋ
brandweerfees	ˈbrɑntfɪə̯s
brandweerhoof	ˈbrɑntfɪə̯rɦoːf
brandweermanne	ˈbrɑːntfɛrməne
brandwonde	ˈbrɑːntfʊndə
bratek	ˈbɹatɛk
bratek-egskeiding	ˈbɹatəkəˌgeɪ̯əˌdiŋ
brava	brɑːfɑː
bravissimo	ˈbɹɑːvɪsɪmoː
bravo	brɑːvoː
brawe	brɑːfə
braziliaanse	ˈbɹaːsiəlɪə̯sə
brd	brəː
breaking	brɛkɪŋ
brecht	brɛχt
brecht-boek	brɛχt̪bʊk
breda	ˈbreːda
bredasdorp	tɾɛdɑstɔrt
bredie	ˈbreːdi
breede	priːjɛdɛ
breedevallei	brie̞dəfalˈaɪ
breedtegraad	pɾijɛtəŋχˈrɑ
breek	brɛk
breek	prijas
breekbaar	briːjɛkpaːr
breekbaar	brɛkˈbɑːr
breekgoed	brɛkχuːt
breekyster	ˈbreːkistər
breena	brɪə̯nə
brei	brɛi̯
brei	brɛj
brein	brajn
brein	brɛɪ̯n
brein-chirurg	brɛinχiˈrœrχ
breinchirurg	brɛɪ̯nχɪˈrœɪ̯rχ
breine	brɛi̯nə
breinloos	brɛɪnloːs
brekfis	brikfəs
bretons	ˈbreːtɒns
brett	brɛt
breuk	brɔyk
breuk	brɛk
brevet	ˈbrevət
breydel	brɛi̯dəl
breë	brɛː
brie	brɪ
brief	brif
brief	pɾif
briefie	brifɪ
briefies	ˈbriːfəs
briek	brɪk
brieke	brɪkə
briewe	brɪfə
briewebus	ˈbrɪəʋəs
brigade	ˈbrigaːdə
brigades	ˈbrigədeːs
brigadier	prexodiːr
brigadier	ˈbrɪχəɾiɛːr
bright	brɪχt
brigitte	ˈbrigətə
bril	brɪl
briljant	ˈbrɪljənt
briljante	ˈbrɪljantə
brilletjie	ˈbrɪləˌtʃiə
bring	brɪŋ
bring	pɾaŋ
britanje	ˈbritəɲʃə
britanny	ˈbritəni
britse	brɪtsə
brittagné	ˈbritəɲe
broad	brɔːt
broe	brʊə
broeder	brʊə̯ɾə
broeder	bɾʏdɛr
broeders	brʊə̯dərs
broederskap	ˈbrudərskɑp
broei	brœi
broei	pɾuj
broeikas	brœi̯kɑs
broek	brʊək
broek-naat	brʊə̯kˈnɑːt
broeke	brʊkə
broekies	brʊəkiəs
broer	bryːr
broer	brʊə̯r
broer	brˈuv
broers	brʊə̯rs
broertjie	brʊə̯rʈi
broertjies	brʊə̯rʈiəs
brokkie	brɔki
brokstokken	ˈbrɔkstɔkə
brom	brɔm
brom	bɾum
brommer	brɔmə
bromponie	bromponi
bron	brɔn
bron	rˈɔn
brongitus	ˈbrɔŋɪtəs
brons	brɔns
brons	pruns
brood	brʊə̯t
brood	brʏɛt
broodjie	brʊədi
broodjies	brʊədi
broodnodige	ˈbrʊə̯dnɔɪχə
broodrolletjie	brʊdrɔlɪtʃi
broodrolletjies	ˈbrʊə̯rɔlɪə̯ʃi
broodroof	brʊdrʌf
broom	ruːən
broos	brˈuːs
bros	brɔs
brose	brɔsə
brosgebakte	ˈbrɔsχəˌbɑktə
brosjure	brɔʃyːrə
brotherhood	brʊtərʊd
brou	brau̯
brou	brʌu̯
brouery	ˈbruːəɾi
brouerye	proeraja
brought	brɔtʃ
brue	brɥə
brug	brax
brug	brʏχ
brugge	brʏχə
bruggelinge	ˈbrɪχəlɪŋə
brugprojek	ˈbrʏχprəˌkɛχ
bruid	brœy̯t
bruidegom	ˈbrœy̯dəχɔm
bruidskat	ˈbrœy̯tskɑt
bruidspaar	ˈbrœistpɑːr
bruikbaar	ˈrœy̯kˌbɑːr
bruilof	ˈbrœylɔf
bruin	brœin
bruin	roi̯n
bruingebrande	ˈbrœyŋəbɹande
bruinman	braɪnman
bruintjies	bɾuˈeɪŋkjʃ
bruis	brʏɪs
bruis	projs
brul	brʊl
brunet	brʏnɛt
bruni	bruni
bruno	bruno
brussels	ˈbrœsəls
brutaal	ˈbrʊtɑːl
brutale	ˈbrʊtələ
brutaliteit	ˈbrʊtəlɪtə
brëe	brɪə
brûe	tr̝ɛ
bsg-vlugbalspan	βskflʏgbɑlspɑn
buat	buət
bucharest	ˈbʌxəˌrɛst
buchenwald	ˈbʊχənvɑːlt
budjie	bɐdʒiː
budrewicz	ˈbʏdrɛts
buds	ˈbʏts
buer	buːər
buffer	ˈbʏfər
buggy	ˈbʏxi
bui	buːi
buie	buɪə
buig	bˈaɪx
buig	βœɪχ
buigbaar	ˈbœyχbɑːr
buik	bɔjk
buik	βœɪk
buis	βœɪ̯s
buisie	ˈbɥisiə
buisies	βœi̯siəs
buiskruit	buːi̯skrʉit
buit	bɔjt
buit	βœɪt
buite	buɪ̯tə
buite-egtelik	bujtəgəˈlik
buitegeboutjies	buɪ̯təχəbuɪ̯tʃis
buitekant	ˈbœy̯təkɑnt
buitelaag	ˈbœy̯təˌlɑːχ
buiteland	ˈbœy̯təlɑnt
buitelandse	ˈbœy̯təlɑntsə
buiten	buɪtən
buitendien	ˈbœy̯tiənə
buitengewone	buɪtənχʋoːnə
buitengewoon	buɪtənχəˈʋoːn
buitensporig	ˈbœy̯tənˌspoːrɪχ
buiteposte	buɪ̯təpɔstə
buiteskil	buɪ̯təskɪl
buitestaander	ˈbœy̯təˌsɑːndər
buitestaanders	ˈbœy̯təˌstɑːndərs
buitewêreld	buɪ̯təˈvœrɫt
buk	bak
buk	ɑʊk
bulkalf	ˈbʊlkɑlf
bullebak	ˈbʏləbɑk
bulletin	bulet̪in
buloz	ˈbʊlɔs
bult	tɔlt
bult	βʊlt
bundeltjie	ˈbʊndəlˌtʃi
bungert	ˈbʊŋərt
bunker	ˈbʌŋkər
bure	ˈbʊrə
bureau	ˈbʏrʊə
burg	pɯ̞rx
burg	ɓʏχ
burgemeester	ˈbʏrχəˌmɪstər
burger	bərgər
burger	ˈbʏrχər
burger-stappie	ˈbʏrχərˌstɑpi
burgerdoel	ˈbʏrχərdœl
burgerlike	ˈbʏrgələkə
burgermag-kursus	ˈbʏrxərmaχkʏrsʏs
burgeroorlog	ˈbʏrgərˌʊrɽɔːχ
burgerpiloot	ˈbʏrgərpɪˌlʊt
burgerregister	ˈbʏrχərrɛgɪstrɛ
burgers	ˈbʏrgərs
burgerstand-vroue	ˈbʏrgərˌstɑntˌfrœʏ̯
burgervliegtuig	ˈbʏrχərflɪçtœiχ
burgery	ˈbʏrχəri
burggraaf	ˈbʏrχraːf
burgondiërs	ˈbʏrxɔnˌdiə̯rs
burgundiërs	ˈbʏrxəntiə̯rs
buro	ˈbʊro
burokrate	ˈburykratə
burski	ˈbʊrski
burst	buːrst
bus	bæs
bus	βʏs
bus-tydtafel	ˈbʌstitɑfəl
bush	buʃ
buskruit	ˈbʏskrœit
bussie	ˈbʏsi
but	ˈbʏt
buurlande	buːrlande
buurman	buːrmən
buurman	piːrman
buurt	bist
buurt	βʏːrt
buurvrou	buːrvruː
buustelyfie	buːstəlɪfi
bv	βʊ
by	biː
by	bə̟i̯
bybel	biˈbɛl
bybel-man	biˈbɛlˌmɑn
bybly	biˈblə
bybring	biːbrɪŋ
byderhand	biːdərˈhɑːnt
bydrae	ˈbədraː
bye	biː
byeen	biːən
byeenkoms	biːəŋkɔms
byeenkomste	biːənˈkɔmstə
bygebring	biχˈbriŋ
bygedra	biχdra
bygee	biˈχi
bygeloof	ˈbəɪχəlʊf
bygesit	biχəsiʈ
bygesleep	ˈbəi̯χsɛlɪp
bygevoeg	biχfɔəχ
bygewoon	biˈχʊə̯n
bygooi	biˈɣui
byhou	biːu
bykans	biˈkɑns
bykom	biˈkɔm
bykry	biːkrʏ
byl	βɪl
bylae	ˈbɪlɑː
byloop	biːlʊp
bymekaar	biːməˈkɑːr
bymekaargekom	ˈbəmɪkɑrɣəˌkɔm
bymekaarmaak	ˈbəmɪkɑːrmɑːk
byna	ˈbʏnə
byna	β̞eina
bynaam	ˈbʏnɑːm
byregstand	biˈrɛχstɑnt
bysiende	ˈbəsʏndə
bysin	βisɪn
bysit	ˈbəsɪt
byskrif	ˈbɪskrɪf
bystaan	ˈbistɑːn
bystand	ajstɑnt
byt	bə̟i̯t
byt	ɑɪ̯t
bytende	ˈbɪtəndə
bytjie	bə̟i̯ki
byvoeg	bəʊχ
byvoeglike	ˈbəi̯fʊχəɣlɪkə
byvoorbeeld	biːˈfɛɪ̯ɫt
bywoon	biˈʋʊn
bywoord	bəɪ̯vuə̯rt
bywoorde	bəɪ̯vuə̯rdə
bywoorde	bəɪ̯vuə̯rə
bywoordelik	baɪvuerdlɛk
béarn	βɛrn
béatrice	ˈbɛətrɪs
béthune	βəˈtunə
béziers-afrit	ˈbɛsi̯ərsˈɑfrɪt
bêre	bɛr
bêre	ˈbɛrə
böckl	βœkəl
börtz	βœɹts
böse	ˈbœsə
c	ts
c-17	kəˈsevən
c-2	tsɛ
c-4	tsɛˈfɛr
c-o-h-z-v	χɔtsf
c130	kɪˈsɛn
c3	tsɛ
c4	tsɑ
c5	tsɛ
c6	tsɛ
c8	tʃe
cadiz	ˈkɑːdɪs
cafe	ˈkɑfə
café	ˈkɑfə
caged	ˈkɑːχəd
caledon	kaleð̞õ̞n
calkoen	ˈkɑlkuə̯n
call	kɑːl
callier	ˈkɑːliːr
calvinisiese	ˈkɑlvinisɪə
calviniste	ˈkɑlvinɪstə
cambiére	ˈkɑmbiə̯r
cambodia	ˈkæmbədiə
cambridge	ˈkæmbɪdʒ
campola	ˈkɑːmpələ
camus	ˈkɑːməs
can	kɑn
cannot	ˈkɑːnɒt
cape	kʰɑːp
capet	ˈkɑpət
capone	ˈkɑːpʊnə
car	kɑːr
caramelo	kɑːrɑːˈmɛlo
carcassonne	ˈkɑrkasɔn
cargo	ˈkɑːrɣoʊ
caribdeis	ˈkɑːrɪbdiəs
carl	χɑːɫ
carl-ludwig	ˈkɑːrlʏdɦʏk
carl-theodor	kɑːɾl̩tʰeʊ̯dɔɾ
carla	ˈkɑːrlə
carlin	ˈkɑːrlɪn
carlo	kɑːrloʊ
carlos	kɑrˈlɔs
carmelites	ˈkɑːrməlɪts
carmen	ˈkɑːrmən
carnegie	ˈkɑːrniːɦeɪ
carola	ˈkɑːrʊlə
carolina	ˈkɑːrəlɪnə
caroline	ˈkɑːrəlɪn
cartridges	kɑːrtɪʃi
castillo	ˈkɑstiʎoʊ
castle	ˈkæsəl
castrop-rauxel	ˈkɑstrɔpˌrɑʊksəl
catherine	ˈkætəriːn
cathy	ˈkæti
cecile	ˈsɛsɪlə
celine	sɛliːnə
celsius	ˈsɛlsɪə
certificate	sɛrtsɪfɪkət
cesca	ˈsɛska
cezanne	ˈsɛzɑnə
chabert	ʃɑˈbɛrt
chabert-boedel	ʃabɛrtˈbuːdəl
chablov	χɑblɔf
chabrier	ʃɑβriːr
chacun	ʃɑˈkœn
chad	ʃat
chagrin	ʃəˈgrɪn
chaillot	ʃɑˈlɪt
chalosse	χaˈlɔsə
chamberlain	ʃæmbɛːrliːn
chamblin	ʃæmbəln
chamomile	ʃɑːmɔːmiːl
chan	ʃɑn
chaos	χɑɔs
chaoties	χɑɔtiəs
chapeau	ʃɑˈpɑʊ̯
chaperone	ʃɑpəˈroʊn
chaponval	ʃɑpɔnˈfɑl
chapotel	χɑpʊtɛl
chardas	ʃɑːrˈdɑs
chardas-dans	ʃɑːrˈdɑːsdɑːns
charentes	ʃaːˈrɛntəs
charenton	ʃaːrɛnˈtɔŋ
charger	ʃɑrˈχɛr
charite	ʃɑːˈritə
charite-hospitaal	χaritəɪtəɦɔspital
charitehospitaal	χaːriˌtɪə̯sɔspiˈtɑːl
charkow	ʃɑrˈkɔf
charles	ʃɑːrls
charlie	ʃɑːrli
charlize	ʃarliz
charlotte	ʃɑrˈlɔtə
charter	ʃɑːtər
chat	ʃat
chateau	ʃɑːˈtɑʊ̯
chatham	ʃɑːtɑːm
chauveur	ʃɑu̯vœr
chavanne	ʃɑvɑnə
chazes	ʃɑs
chazes-probleem	ʃɑzəsˈpɹuːləm
chechens	ʃəˈχɛns
chechnia	ʃɛχniə
chechnya	ʃɛχnʲa
cheek	tʃiːk
cheers	ʃɪə̯rs
chef	ʃɛf
chemie	ɣˈiːmˌi
chemie	χəˈmiːə
chemiese	χəˈmiːsə
chemikalië	χəmiˈkɑliə
chemise	ʃəˈmɪsə
cheng	tʃɛŋ
cheops	ʃɛɔps
cheops-piramide	ʃɛɔpsiˈpɑːrɪdə
cherkozianova	ʃɛrkoʊsiɑnova
chernobil	ʃɛrnoˈbɪl
chess	ʃɛs
chevalier	ʃəvəliɛr
chevallier	ʃəˈvɑːlɪə
chicago	ʃɪˈgɑːwə
child	χɪɫ
children	χɪldrən
chileaanse	ʃiləˈɪsə
chileense	ʃiləˈnɛsə
chili	ʃɪli
chiliboy	tʃɪliːbɔːə
chin	tʃɪn
china	ʃina
china	ʃɪˈnɑː
chinees	ʃiˈnes
chinese	ʃɪˈniːzə
chinon	ʃiˈnɔn
chip	ʃɪp
chips	ʃɪps
chirurg	ʃɪˈrɪrχ
chirurgie	ʃɪˈryːʒi
chirurgies	ʃiːˈrygis
chloor	klʊə̯r
cholera	χoʊləɾə
cholera-uitbrake	χoʊləʊtɪɦraːkə
chopin	ʃɔpɪn
chopinsky	ʃɔpiŋski
chou	ʃuː
choward	ʃʊɐ̯ɐrt
chris	krɪs
chrissy	krɪsi
christ	χrɪst
christa	χrɪsta
christa-maria	χrɪstaːmariə
christaan	krɪsˈtɑːn
christelike	χrɪstəlɪkə
christelikheid	χrɪstəˈlɪkɦɪət
christen	χrɪstə
christendom	χrɪstɪˈdɔm
christene	χrɪsˈtɪnə
christi	χrɪsti
christiaan	krɪsˈtiɑn
christian	χrɪstiən
christiane	χrɪsˈtiːənə
christina	krɪsˈtinə
christine	krɪstinə
christmas	krɪstmɑs
christof	χrɪsˈtɔf
christoph	krɪstɔf
christophe	krɪstɔfə
christus	χrɪstʏs
christusnag	χrɪstʏsnɑχ
chromatise	χɹoʊmətiːz
chroomsulfaat	χrumsʊlfaːt
chung	ʃʊŋ
church	χʊrʃ
churchill	ʃʏrʃɪl
châtillon	ʃɑːtɪlɔːn
chère	ʃɛːr
ché	ʃeː
chéri	ʃəriː
cia	ʃiə
ciao	tsjɑːo
ciecierka	tsiːtsɛrka
cieślik	ʃiə́lik
cijfertjes	sɪɪfərˈtʃəs
cindy	ˈsɪndi
cis	ʃɪs
ciske	ˈsɪskə
citadel	sɪtɑːdəl
cityline	ˈsɪtilin
claire	klɛːr
clancy	klænsi
claque	klɑːkə
clark	klɑːrʃ
classic	klɑsɪk
claudette	klɑʊ̯ˈdɛtə
claudio	klɑːdiʊ̯
clauzel	klɑu̯səl
clayton	klɑi̯tɔn
clement	kləˈment
clermont-sneltrein	klɛɹmontsneːltrɛɪ̯n
clicker	klɪkər
clipman	klɪpˈmɑːn
clocher	klɔχər
cloclo	klʊklʊ
close	kləʊs
closher	klɔʃər
clouds	klɑʊ̯ts
clouseau	klʊsɑu
clown	kləʊn
clélie	klɛli
cm	ʃɛm
cms	ksm
co	kɔː
cocktail-uur	ˈkɔktɛɪ̯lœr
coco	kʊkʊ
cocq	kɔk
codex	ˈkɔːdɛks
coffee	koːfi
coffin	kofiŋ
cognac	kɔɣnɑk
cognito	kɔɣniːto
cold	kɔːlt
coldwell	kɔldvɛl
cole	kɔlə
colijn	kɔliːn
collection	ˈkɑlɛkʃən
cologne	kɔlɔi̯n
colombo	ˈkoloːmbə
colona	kɔˈlɔnə
colonna	kɔˈlɔnə
come	kʌmə
coming	ˈkʌmɪŋ
comman	ˈkɔmən
commandosleutel	ˈkʌməntɔsˌlœy̯təl
compiégne	kɔmpiɛːŋ
comprends	kɔmˈprɛnts
computernerds	ˈkɔmpʊtərˌnɛrts
computertechie	ˈkɔmpʏtɛrtəχi
comrak	ˈkɔmrak
comté	kɔmˈteː
comédie	kɔmɔdi
concert	ˈkɔnsəɹt
concerto	kɔnˈsɛrto
conga	ˈkɔŋgə
congratulations	kɔŋgratɪlɛsɪo̯
coninck	ˈkɔnɪk
consommé	kɔnˈsɔmə
contact	ˈkɔntɑkt
contessa	ˈkɔntɛsə
contrary	ˈkɔntrəri
cook	kuːk
copilot	kɔpiˈlɔt
cor	kɔːr
corambe	kɔrɑmbe
corbin	kɔrˈbɪn
cord	kɔːrt
cordier	kɔrdiːr
corfu	kɔrfʏ
corinne	kɔriːn
cornelia	kɔrnɛliə
cornelis	ˈkɔrnəlɪs
cornelius	kɔrnɛliʏs
coronavirus	ˌkɔːɾoːnaˌviːɾʊs
corpus	kɔrˈpʏs
corry	kɔːri
corso	kɔrso
cortazar	kɔrtaˈzɑr
costa	ˈkɔstə
cote	kʊtə
cotillion	kɔtiˈlɛ̃
cotillion-ruiker	kɔtiˈlɪŋruɪkər
cotta	ˈkɔtə
cottbus	χɔtəβʏs
countdown	kaʊntdaʊn
coup	kʰʊp
courcelle	kurˈsɛlə
courcelle-dogter	kursɛldədɔχtər
course	koːrs
courtney	kɔːrtni
cowboy	koubɔɪ
cowboys	ˈkɔi̯βɔis
crank	krɑŋk
crarck	krɑχ
creepy	krɪəpi
creevy	kɹiːf
crevel	krɛvəl
crimson	krɪmsən
croesus	kɹʉs
cronje	kronje
crook	krʊk
crottat	krɔtɑt
cruise	kɹɪs
crypto	krɪptoʊ
cryptoloog	krɪptoʊlɔː
créme	krɛːmə
crépin	kɹeːpɪn
cuba	ˈkʰuβa
cum	ˈkʏm
curia	ˈkʊriə
curriculum	ˈkʏrɪkələm
cut	χʊt
czaky	tsɑki
czechoslovakye	tʃɛkɔslɔvɑkɪ
czechoslowakye	tʃɛkɔslɔvɑki
czesław	ʃɛsɫɑf
célimene	sɛliˈmiːnə
d	ð
d2	daː
d4	daː
d5	ɖɪ
da	daː
daaardie	daːɹdi
daad	daːt
daadie	daːdi
daag	daːx
daagliks	daːɣlɪks
daagliks	dɑːχləks
daaglikse	daːχlɪkʃə
daai	daːi
daai	dˈaɪ
daal	daːl
daar	daːr
daar	dɔːr
daar	dˈɔɹ
daaraan	daːˈrɑːn
daaragter	daːrɑχtər
daarbenewens	daːr̥bənəʋəns
daarbinne	daːrˈbɪnə
daarbo	daːrboː
daarby	daːrbi
daardeur	daːrdəʊ̯r
daardie	daːɾdi
daarheen	daːr̥in
daarin	daːˈrɪn
daarin	dˈɔrən
daarlangs	daːɹlɑŋs
daarmee	daːrmə
daarmee	tɔɔrmja
daarna	ˈdɑːrnaː
daarnatoe	daːrnətoː
daarnatoe	dorˈnɑtˈu
daarom	daːrɔm
daaromtrent	daːrɔmtrənt
daaronder	daːˈlɔnɹənt
daaroor	daːruːr
daarop	daːrɔp
daars	daːrs
daarso	daːrsə
daarsonder	daːrsɔndər
daarteen	daːr̥tʰeːn
daartoe	daːrtuː
daaruit	daːrœyt
daarvan	daːrvɑn
daarvandaan	daːrvɑndɑːn
daarvoor	daːɾfɔːr
daarvoor	tɔrfluɛr
dachau	ˈdɑχɑʊ̯
dachstein	ˈdɑχʃtɛin
dade	ˈdɑːdə
dadel	tɔdu
dadelik	ˈdɑːdəlɪk
dadeloos	ˈdɑːdəlus
dader	ˈdɑːdər
dae	daː
dae	dɑː
dag	dˈa
dag	ɖɑχ
dagboek	ˈdɑχbʊək
dagbreek	ˈdɑχbrɛk
dagens	ˈdaxəns
dagga	daxa
dagga	ˈdɑχə
daggie	ˈdɑɣi
daglig	daχliχ
daglig	dɑχləχ
dagreis	ˈdɑːχrɛɪ̯s
dagskottel	ˈdɑχsˌkɔtəl
dagsorg	tɑqsɔraχ
dagvaar	ˈdɑχfɑːr
daily	daɪli
dak	tok
dak	ˈdɑk
dakke	ˈdɑkə
dakloos	ˈdɑkɫʊs
dakteëls	ˈdɑktəəls
dal	dɑl
dal	ɖɑl
daladier	ˈdɑːlɑːdiːr
dalberg	ðɑlˈbɛrx
dalk	tɔk
dalk	ɖɑk
dam	tɔm
dam	ðæm
dambodem	ˈdɑmbɔdəm
dame	daːmə
dame	dˈɑːm
dames	daːməs
dames-horlosietjie	ˈdaməsˌɦɔrɫuɪ̯sɪə̯
dames-horlosietjie-makertjie	ˈdaməsˌɦɔrɫʊi̯siəˌmɑkəɾtʃi
dametjie	ˈdamətʃi
damme	ðæm
damn	ðæm
damp	tɔm
damp	ðæmp
dampe	ˈdɑmpə
dampierre	ðɑmpiˈeːr
damón	ˈdamɔn
dan	daːn
dan	tan
dana	daːnə
dance	ˈdæːns
dandridge	ˈdɑːndrɪtʃ
danger	ˈdeɪndʒər
danielle	daniɛl
dank	dˈɔ̃k
dank	ðæŋk
dankbaar	daŋkbar
dankbaarheid	ˈdɑŋkbarɦɛit
danke	daŋkə
dankgevoel	daŋkχəˈvul
dankie	dankj
dankie	daŋkɪ
dankie	tɑmki
danksy	tæŋksæj
danksy	ˈdɑŋksə
dann	ðɑn
dans	dɑns
dans	dˈɑns
dans	ðɑns
dans-lys	ˈdɑnsləs
danse	ˈdɑːnsə
dansend	ˈdɑnsənt
danseres	ˈdɑnsəˌrɛs
dansers	ˈdɑnsərs
dansmusiek	ðænsmuˈsik
danspouse	ˈdɑːnspuə̯sə
dansvloer-slet	ˈdɑnsfloːrˌslɛt
dapper	dapɛr
dapper	ˈdɑpər
dapperheid	ˈdɑpərɦɪət
darem	taɾɯm
darem	ˈdɑːrəm
darling	ˈdɑːrlɪŋ
darpa	ˈdɑːrpa
das	dæst
das	ðɑs
dasse	ˈdɑsə
dat	kat
dat	ɖɑt
data	gaːta
data	ˈdɑːtə
databasis	ˈdɑtəbɑsɪs
dateer	ˈdɑːtəɾ
datrem	ˈdɑːtrɛm
datum	taːtˈm
datum	ˈdɑːtʏm
datums	ˈdɑːtʏms
daughter-in-law	daʊ̯tərɪnˈlɑː
daumier	daʊ̯miːr
david	ˈdɑːvɪt
davids	daɪ̯βɪts
davidse	ˈdɑːvidsə
davidson	ˈdɑːvɪtsən
dawid	daʊ̯ɪt
day	daː
dc	ðə
ddr	ɑːˈdr̥
ddr-burger	ðəˈbʏrχər
de	ðə
dead	ˈdɛt
deal	daːl
dealer	ˈdɪːlɐr
dean	daːn
dear	daːr
death	ˈdɛt
debat	ˈdɛbɑt
debateer	ˈdɛβatəːr
debatte	ˈdɛbɑtə
debuut	dˈəpiːt
debuut	ˈdɛβut
decaluwé	ˈsɪkəl
decoltedi	ˈkɔɫtɛdi
decorum	ˈdɛkʊrʏm
dede	ˈdɛdə
deed	diː
deeg	tʲeɣ̞
deeglik	ˈdiːχlək
deeglike	ˈdiːχləkə
deel	fiel
deel	ɟɛːl
deelgeneem	ɟɛːlχəˈnɪm
deelname	ɟɛlˈnamə
deelneem	ɟɛːln̪eːm
deels	tjˈilz
deeltjie	ɛːltʃi
deeltjies	ɛːltjis
deeltyds	tiːltai̯ts
deeltyds	ɟɛːlˈtəts
deena	dena
deense	ˈdiːnsə
deeply	diːpəliː
deer	ɪr
deesdae	ˈdiəsdaː
defaitisme	ˈdɛfəʊ̯tɪsmə
defek	tifik
defek	ˈdɛfək
defensie	ˈdɛfənsi
definieer	ˈdɛfiːniːr
defnetief	ˈdɛfnətiːf
defnitief	ˈdɛfnɪtiːf
degenerasie	ˌdeɪnʒeːnəˈsi
dei	daɪ̯
dein	daɪ̯n
deine	daɪ̯nə
dek	dak
dek	dek
dekade	ðekɔːd
dekades	ˈdɛkədəs
dekbrief	dekˈbriːf
dekking	ˈdɛkəŋ
dekmantel	ˈdɛkˌmɑntəl
dekor	ˈdɛkɔr
dekoreer	ˈdɛkʊrɪr
dekreet	ˈdɛkrɪt
deksellose	ˈdɛksəlɔsə
deksels	ˈdɛksəls
del	ɖɛl
delacroix	ðəˈlɑːkrwa
delahaye	ðəˈlɑjə
delaire	ˈdɛlɑːrɛ
delbecq	ðɛlbɛk
dele	ðɛlə
delf	ɖɛlf
delicti	ˈdɛlɪksti
delikaat	ðəliˈkɑːt
delikate	ˈdɛlɪkətə
delikatessen	ðɛliˈkɑtsən
delilah	ðəˈlɪlə
della	ˈdɛla
delmas	ˈdɛlmɑs
dem	ðɛm
demagogie	ˌdeːməgoːxi
demokratiese	ˈdemokraːtisə
demone	ˈdemoːnə
demonies	ˈdemoːnɪə̯s
demonstrasie	d̪emunst̪rasi
demonstrasie	ˈdemɔnstraːsi
demonstrasies	ˈdɛməntrɑsiəs
demonstratie	ˈdɛmənstraːti
demonstratiewe	ˈdɛmənstraːtɪfɛ
demonstreer	ˈdɛmɔnstrɪə̯r
demoon	ˈdɛmuːn
den	den
den	teŋ
denemarke	denəˈmɑːrkə
denied	ˈdɪə̯nɪt
denim-rokkie	ˈdɛnimˌrɔkɪ
denis	ˈdenɪs
denise	ˈdenisə
denkbaar	ˈdɛŋkbar
denkbeeldig	dˈɪŋkbˈildəx
denke	ˈdɛŋkə
denkende	ˈdɛŋkəntə
denkers	ˈdɛŋkərs
denkgeek	ˈdɛŋχgiːk
denn	dən
dennebome	ˈdenəbʊmə
denneboom	denəˈbʊə̯m
dennenaald	ˈdɛnəˌnɑːlt
dentsu	ˈdɛntʃuː
denys	dˈɛnəs
departed	ˈdɛːpɑːrtɛt
departement	ˈdɛːpɐ̯mənt
departemente	ˈdɛːpɑːrtəmentə
department	ˈdɛpɐ̯tmənt
deponeer	ˈdɛːpʊnə
deporteer	ˈdɛːpɔrtəːr
deposito	ˈdɛːpəsitoː
depot	ˈdɛpɔt
depresief	ˈdeːprəsiːf
depressie	ˈdɛrprəsi
depressief	ˈdɛːprəˌsiːf
der	ɖɛr
derby	ˈdɛrbi
derde	tɛrdɛ
derde	ˈdɛrdə
derdeklas	ˈdɛrdəˌklɑs
derdens	ˈdɛrdəns
derevyanko	ˈdɛɾəvjɑŋkoʊ
derm	ðɑɾəm
dermatoloog	ˈdɛrmɑtoːloːχ
derms	ɖɛrm
dertig	ðɛrˈtχi
dervaux	ˈdɛrvɑːχs
derville	ˈdɛrvəli
des	des
desember	dɛsˈɛmbɚ
desember	ˈdɛsəmbər
deskundige	ˈdɛskʏnˌdiχə
desmet	ˈdɛsmət
desondanks	ˈdɛsɔntɑŋks
desperaat	ˈdɛspəˌrɑːt
desperate	ˈdɛspəˌrɑːtə
despuis	ˈdɛspɥi
desroches	ˈdɛsroχəs
destyds	ˈdɛstəts
detail	ˈdɛtiəl
dete	ˈdɛtə
determinee	ˌdɛtəˈmiːnə
detour	ˈdɛtuːr
deug	ðœχ
deugde	ɯɪχdɛ
deugsame	ðœɣˈsɑmə
deuntjie	ɖœyntʃi
deur	dˈiɹ
deur	ɖœr
deurbraak	ɖœrˈbrak
deurbreek	ˈdœrbrɛk
deurbring	ðɪərbɾˈum
deurbring	ɖœrˈpɹəχ
deurdrempel	ðœrˈdrɛmpəl
deurdrenk	ðœrˈdrɛŋk
deurdring	ðœrˈdrɪŋ
deurdringbaar	tiːrð̞əɾungbaːr
deure	ɛːɾə
deurgaan	ɖœːrˈχɑːn
deurgaans	ɖœrˈχɑːns
deurgang	ɖœrχɑŋ
deurgebreek	ɖœrχəˈbɹɛk
deurgebring	ɖœrχəɹɪŋ
deurgedring	ɖœrχəˈdrɪŋ
deurgekom	ɖœrχʊkʏm
deurgetrek	ɖœrχətrɛk
deurgewerk	ɖœrχɛrˈkɛχ
deurklief	ɖœɹkliːf
deurknop	diərknuɣ
deurknop	ɖœɹknɔp
deurkom	ɖœɹkɔm
deurkruis	ðœrˈkɾœs
deurkry	ɖœɾkrai̯
deurloop	ɖœʏ̯ˈlʊp
deurmaak	ɖœɹˈmɑːk
deurmekaar	dˈɚmˈˈɛkˈoɾ
deurmekaar	ɖœrmɛkɑːr
deurmekaarspul	ðœːrmɛkɑːrsɪpul
deurskemer	ˈdœrskəmə
deurslaggewend	diːrˈslɑxjeːwɛnt
deursnee	dˈɛstnˈeː
deursny	ɖœrsni
deursoek	ˈdɛːrsʊk
deursoeking	ˈdɪrsʊə̯kəŋ
deursoekingslasbrief	ˈdɛːrsʊə̯kɪŋslɑːsbrɪf
deurstraal	ɖœrˈstrɑːl
deurtrek	ɖœrˈtrɛk
deurvaar	ɖœrˈfɑːr
deurwag	ɖœrˈvɑχ
di	ɟiː
diabetes	ˈdiːbɪətɛs
diagnose	ˈdignoːsə
diagonaal	diəgoˈnal
diagonale	ˈdiɑgonələ
dialoog	djalˈuːɾ
dialoog	ˈdiəloːχ
diamant	daɪəˈmɑːnt
diamant	tijamɑn
dichtschroei	ɟɪxtʃrœi̯
dick	ɖɪk
dicolte	ˈdikɔltə
dicoltilo	ˈdikɔltilu
dicoti	ˈdiːkəti
did	ɪ
didier	ˈdiːdər
didn	ɪt
didot	ˈdiːdɔt
didot-letters	ˈdiːdɔtˌlɛtərs
die	diː
die	ti
died	diː
diederek	diːdeɹək
diederik	ˈdiːdərɪk
dief	diːf
dief	lˈif
diefstal	ɟiːfˈstɑl
diegene	diːxiːna
diegene	ɟiəˈɣəne
diego	ˈdiːɣoʊ
diekant	ɟiə̯ˈkɑnt
dien	diən
dienaar	ˈdiə̯nɑːr
diens	diəns
diensjare	diənsjɑːrə
dienskneg	ɟienskneχ
diensmeisie	diːn˧zmɛssi
diensmeisie	ɟiə̃ːnsˈmɪsə
dienspleging	diənsplɛəŋ
diensplig	diənsplɪχ
diensplig-ontduikers	ˈdiə̯nsplɪə̯kʏntˌdœy̯kərs
dienspligtige	diə̃ːnsplɪχtiɣə
dienste	ɪnˈsɛstə
diep	ɟip
dieper	ɟiːpər
diepgang	ɟipχɑŋ
diepkloof	tˈipklˈœf
diepsinnig	ɟipˈsɪnɪχ
diepste	ɟipstə
diepte	diːptə
diepte	dɪ̞ptɛ
dieptes	diəpəts
dier	diːr
dier	d̪iɾ
dierbaar	ɟiːrˈbɑːr
dierbaarder	ɟiːrˈbɑːrdər
dierbaarste	diːrˈbɑːrstə
dierbare	diːrˈbɑːrə
diere	diːrə
diere	djˈɾe
dieretuin	ˈdiərəˌtœyn
dieretuin	ˈdiːrəˌtœyn
diertjie	ɟiərtʃi
diertjies	ɟiərtjəs
dies	diəs
diesel	ˈdiːsəl
dieselde	diˈsɛldə
dieselfde	diˈsɛmdəl
dieslefde	dˈiːslˈɛftɜ
dieter	ˈdiːtər
diewe	diːvə
dig	tˈɛx
dig	ɪχ
digte	ɪkə
digter	tɛxtɛr
digter	ɪɣtər
digter-vriend	ɖɪχtərˈfriənt
digters	ˈdiχtərs
digterslewe	ˈdiχtərsleːvə
digtersvereniging	ˈdiχtərsfərəˌnɪŋ
digtertjie	ɪgtɛrtʃi
dik	tɛk
dik	ɪk
dikkes	ɪkəs
diktatuur	ˈdɪktɑːɾʏr
dikte	ɪktə
dikteer	ˈdɪktəːr
dikwels	tɛkβals
dikwels	ˈdɪkfəls
dimensies	ˈdimənsiəs
dimitri	ˈdimətrɪ
dinand	ˈdinɑnt
dinastie	ˈdinəˌsti
dinee	ˈdiːnə
dinee-dans	ˈdiːnəˌdɑns
dinees	ˈdiːnəs
ding	tɯ̞ŋ
ding	ɪŋ
dinge	ðɪŋə
dingen	ðɪŋə
dingetjie	ˈdiŋətʃiə
dinitrobutane	ˌdiniˌtrɔpʏˈtɑːnə
dink	dɛnt
dink	ɖɪŋk
dinkskrum	tɛnksram
dinkwerk	ðɪŋkʋɛrk
dino	ˈdiːnoʊ
dinozzo	ˈdinɔsə
dinsdag	ðinsdɑχ
dionisio	ˈdiʊnisiʊ
diot	ɟiɔt
diplomasie	ˈdɪploːmɑsi
diplomatieke	ˈdɪploːmiətiːkə
dir	ɖɪr
dircx	ɖɪrʃ
direk	tirek
direk	ˈdiːrɛk
direkte	ˈdiːrɛktə
direkteur	tərɛktieɾ
direkteur	ˈdiːrɛktoːr
direkteure	ˈdiːrɛktʏrɛ
dirigeer	ɖiriˈχiːr
dirigent	ˈdiːrɪχənt
dirty	ˈdɪrti
dis	ðɪs
disco	ˈdiskəʊ
diseksies	ˈdisɛksiəs
disfunksioneel	ɪsfʏŋksioˈnɪəl
disipliene	ˈdisɪplinə
disipline	ˈdisɪplɪn
diskoers	ˈdiskʊə̯rs
diskresie	ˈdiskrisi
dislojaal	ɪsloːχɑːl
dissels	ˈdɪsəls
dissipels	ˈdisipəls
dissipline	ˈdɪsɪplɪn
dissiplinêre	ˈdisipəˌlinə
distansie	ˈdɪstɑnsiə
distansieer	ˈdɪstɑnsiə̯r
distilleer	ðɪˈstɪləʁ
distilleerder	ɪˈstɪləɾər
distorsie	ˈdistɔrsi
distrik	tɛstrɛk
distrik	ˈdistrik
distriksdokter	ˈdistrɪksdɔktər
distriksleier	ˈdistrɪkslɪə̯r
distrikte	dɛstrɛktɛ
dit	dˈɛt
dit	ɪt
dividende	ˈdiviðəndə
divine	ˈdiːvinə
divisie	ˈdɪsiə
divisie-bevelspos	ɪˈdiːsiəbəˈfɛlsˌpɔs
divisie-pos	ˈdiːvizipɔs
divisie-vergadering	ˈdiviziəvərˌgaːdərɪŋ
divisies	ɖiβiˈsiəs
dié	diə
dié	dˈi
diëet	ˈdiəɛt
dna	daː
do	doː
dobbel	ˈdɔbəɫ
dobosz	ˈdɔbɔs
doboszowa	dobɔsʃɔva
doc	ɔk
doctor	ˈdɔktər
dode	doːdə
dode-tempels	ˈdɔdətempəls
dodefees	ˈdɔːdəfiːs
dodelik	ˈdɔːdəlɪk
dodemis	ˈdɔːdɛmis
doder	ˈdɔːdər
doders	ˈdɔːdərs
dodesel	ˈdɔdəsəl
doe	duː
doeane	duəne
doed	duːt
doei	ɖœi̯
doek	duk
doek	dˈɛk
doeke	duːkə
doel	doʊ̯l
doel	dˈu
doelbewus	duːəlbəˈʋʏs
doelbewuste	tˈuːbəvˈʌstə
doelgerig	ɖʊəlχəˈrɪχ
doelloos	ˈdœʊ̯əloːs
doelskop	duːəlskɔp
doelwit	ɹɔɪ̯lʋɪt
doelwitte	ɖʊəlˈvɪtə
doen	doʊ̯n
doen	dˈøn
doene	duːnə
does	doʊs
doesn	doːs
dof	doːf
dog	doχ
dogter	ˈdɔχtər
dogterjie	ˈdɔχtərχi
dogters	doχtərs
dogtertjie	ˈdɔχtərtʃiə
doken	ˈdɔkən
dokke	ɔkə
dokter	tʊ̞ktʊ̞r
dokter	ˈdɔktər
dokters	ˈdɔkəts
doktor	ˈdɔktər
doktorsgraad	ˈdɔktərsχraːt
dokument	dokimɛnt
dokument	ˈdɔkʏmɛnt
dokumente	ˈdɔkʏmɛntə
dokumentêr	ˌdɔkʏmɛnˈtɛːr
dokumentêre	ˌdɔkʏmɛnˈtɛːrə
dokwerker	ˈdɔkfɛrɪkər
dol	ɖɔl
dolk	ɖɔlk
dollar	ˈdɔləʁ
dollars	ˈdɔləʃ
dolverlief	ˈdɔlvərˌlif
dom	tum
dom	ðɔm
domein	ˈdoməɪn
domheid	ðɔmˈɦɛit
dominante	ˈdɔːminəntə
dominee	tuːemənə
dominee	ˈdomiːnə
domineer	ˈdominəɾ
dominerend	ˈdɔːminəˌrɛnt
dominick	ˈdɔːminɪk
dominie	ˈdominiə
dominique	ðoʊmiˈnikə
dominisse	ˈdɔːminɪsə
domino-tafel	ˈdominoˌtɑfəɫ
domkop	ðɔmˈkɔp
domme	ðɔmə
dommer	ðɔməʁ
dommerd	ðɔməɹə
dommerig	ðɔməˈrɪχ
domste	ðɔmste
domweg	ðɔmˈvɛχ
don	ðɔn
don-boog	ðɔnbuχ
donasie	ˈdɔnəsi
donateur	ðɔnəˈtœːr
donder	tˈɔndɜ
donder	ˈdɔndər
donderdae	ˈdɔndərdaː
donderdag	tuːnəɾdaːx
donderdag	ˈdɔndərdɑχ
donderdagvergadering	ˈdɔndərˌdɑχfərˌɦaːrɪŋ
donders	ˈdɔndərs
done	doʊnə
donga	tʊŋgə
donker	tˈunkɚ
donker	ˈdɔŋkər
donkerblou	ðunkeɾβ̞l̟au̯
donkerblou	ˈdɔŋkərˌbluː
donkerbruin	ˈdonkərˌbrœyn
donkerder	ˈdɔŋkərdər
donkeroog-kind	ˈdɔŋkəruχkɪnt
donkerte	tʊ̞ŋkʊ̞rtʊ̞
donkie	ˈdɔŋkə
donkies	tɔ̃nkˌis
donna	ðɔna
donner	ˈdonər
donnerwetter	ˈdonəˌvɛtər
donou	doʊˈnuː
donserig	dontsarax
donsig	tʊ̞nsæx
dood	doːt
doodbang	doːdbɑŋ
doodbloei	doːdbloi̯
doodernstig	doːdəɹnstɪχ
doodgaan	doːg̊ɑːn
doodgemaak	doːdχəmaːk
doodgery	duːgəɾi
doodgeskiet	doːɣəskit
doodgeskop	doːgəskɔp
doodgeskrik	doːdɣəskrɪk
doodgeslaan	doːdɣəˈslɑːn
doodgesteek	doːtxəsteːk
doodgeval	doːɣəˈfɑl
doodhonger	doːhoŋgər
doodhuil	doːduːɪ̯l
doodlag	doːdlɑχ
doodle	doʊ̯lə
doodloopstraat	doːdlʊpstrɑːt
doodmaak	doːdmaːk
doodmoeg	doːdmøːχ
doodsangs	doːtsɑŋs
doodsberig	doːtsbəˈrɪχ
doodsberigte	doːtsbærɪktə
doodsbleek	doːtsblɪk
doodsdrank	doːtsdrɑŋk
doodse	doːtsə
doodsertifikaat	doːtsɛrt̪fɪkɑːt
doodskaam	doːtskaːm
doodskis	tʊɛtskɑs
doodskrik	doːtskrik
doodskruis	doːtskrœi̯s
doodslaan	doːtsɫɑːn
doodsteek	doːtʃtɪk
doodstil	doːdstil
doodstoneel	doːtstonəl
doodstraf	doːtstraːf
doodstraf	doːtstrˈɑf
doodstrawwe	doːdstɹɑːvə
doodsvonnisse	doːtsfɔnɪsə
doodsvyand	doːtsfjɑnt
doodvonnis	doːdvɔnɪs
doodvries	doːdvris
doodwens	doːdwɛns
doof	doːf
doof	tuf
doofheid	doːfɦeɪt
doofstomme	doːfstomə
dooi	tˈoɪ
dooie	duːi
dooie	dˈoːjˈɑ
dooies	duːjəs
doolhof	duːlɦɔf
doom	doːm
doop	dup
doop	dˈuɪp
doopnaam	dupˈnam
doopsertifikaat	dupsərt̪ifiˈkʰɑːt
door	doːr
doos	duːs
doos	tˈuɾz
dop	ðɔp
dopgehou	ˈdɔpχəʊ
dophou	topau
dophou	ɖɔfʰu
dor	dˈoɾ
dordrecht	ˈdɔːrdrɛχt
doring	tuaɾem
doringbome	ˈdɔːrɪŋbʊmə
doringdraad	ˈdɔːrɪŋdraːt
dorings	ˈdɔːrɪŋs
dorneget	ˈdɔrnəχɛt
dorothy	doːroti
dorp	ɖɔrp
dorpe	ɖɔrpə
dorpenaar	tɔrpɛnɔɾ
dorpenaars	ɖɔrpəˈnɑːrs
dorpie	tɔrpi
dorpie	ɖɔrpi
dorpies	ɖɔrpiəs
dorps-idioot	ˈdɔrpsidiʊt
dorpshuis	ɖɔrpsɦœi̯s
dorpsingang	ˈdɔrpsɪŋɑŋ
dorpsonderwyser	ˈdɔrpsɔndərˌvɪsər
dorpsplein	ɖɔrpsplɛin
dorptoe	ˈdɔrptuə
dorre	ɔrɛ
dors	dals
dors	ɔrs
dorstige	ˈdɔrstɪfə
dort	ɖɔrt
dorus	ˈdɔːrs
doseer	doʃɛːr
dosent	dɨsˈentʊ
dosent	ˈdosənt
dosente	dʊsˈɛntɚ
dosis	ˈdɔsəs
dossier	ˈdɔsjər
dosyn	ˈdosən
dou	da
dou	duː
doubt	daʊ̯t
dover	ˈdɔːvər
dowes	daʊ̯s
dowwe	daʊə
doëe	duə
dr	dr
dr	dr̥
dra	drɑː
dra	dɾɔ
draad	draː
draadtrek	tro˥˩ːtra˥˩ːk
draagbaar	draːɣbɑːr
draaglik	draːɣlək
draai	draɪ
draai-ding	drɑːi̯diŋ
draaiboek	draɪ̯bʊk
draaiboekskrywer	draːi̯boːkskrəi̯vər
draaie	draːi
draaijakkals	draɪχakəls
draailoop	draːɪloʊp
draak	draːk
draak	traːk
draer	draːr
draf	tɾaf
drag	drɑχ
dragon	ˈdrɑgən
dragonder	ˈdraːɣɔndər
drama	drɑːmə
drama	tɾɔma
dramas	drɑːməʃ
dramatiese	ˈdrɑːmətiːsə
dramaturg	drɑməˈtʏχ
dramaturge	drɑːməˈtʏrʃə
drank	drank
drank	drɑŋk
drankie	trankiː
drankie	ˈdrɑŋki
drankies	drɑŋkiəs
drasties	ˈdrɑːstiəs
drawwers	drɑːvərs
dreig	drɛɪχ
dreigend	ˈdrɛi̯əχənt
dreigende	ˈdrɛiχəndə
dreineer	drɛi̯ˈnɪə̯r
dreinering	drɛi̯ˈnɛrɪŋ
drek	drɛk
drenkeling	drɛŋkəlɪŋ
dresden	drɛsdən
dreyman	drɛɪ̯man
drie	tr̝e
drie	θriː
drie-eenheid	driːəi̯nheit
drie-kwartier	ˈdrɪəˌkʋɑrtiər
drieband	driːbɑːnt
driehoek	driːɦuk
driehoeke	driːˈɦukə
driehoekig	drˈiˈukˈax
driekwartuur	ˈdrɪkfɑrtʏr
driepoot	driːpuːt
driepuntseil	ˈdrɪə̯pʊntsɛɪ̯l
drietand	ˈdrɪə̯tɑnt
drievoudige	ˈdrɪəvuɪdiχə
drif	t̪rɛf
driftig	drɪftəx
dring	drɪŋ
dringend	ˈdrɪŋənt
dringende	drɪŋəntə
drink	drank
drink	drɪŋk
drinke	drɪŋkə
drinkebroers	drɪŋkəbrœrs
drinker	ˈdrɪŋkər
drinkgoed	drɪŋχuːt
drive	draɪ̯f
drives	ˈdraɪ̯vəs
droefheid	ˈdrœfɦit
droeë	droːe
drome	drʊmə
dromend	ˈdrʊmənt
dromerig	ˈdrʊməˌrɪχ
dromers	ˈdrʊməʃ
drones	drɔːns
dronk	drɔŋk
dronk	drˈʌŋk
dronkenskap	drɔŋkəskɑs
dronkheid	drɔŋxɪə̯t
dronkie	tronkj
dronklap	drɔŋklɑp
dronklappe	drɔŋkˈlɑpə
droog	drʊχ
droog	trʊa
droogmaak	drʊəχmɑːk
droogte	drʊχtə
droom	drʊm
droom	trɔbɛ
dros	drɔs
drosters	ˈdrɔstrəʃ
drostery	ˈdrɔstrɛri
droë	droː
druif	drœyf
druif	tɾrɑjf
druip	trojp
druiwe	drʉiβe
druiwe	trajvɛ
druiwesmaak	drœyʋəsmaːk
druk	drʏk
druk	dˈrɯk
druk-tegnieke	ðrɪktəgəˈniːkə
drukker	drʏkər
drukkers	drʏkərs
drukkery	drʏkəˈri
drukkie	drʏkʰi
drukkies	drʏkə
drukkuns	drʏkˈkʰœns
drukmakery	drʏməˈkɛəri
drukstuk	drʏkˈstʏk
drukwerk	ðʀʏkʋɛrk
drummer	drʏmə
drumpel	drʏmˈpəl
drup	drʏp
druppel	drʏpəl
druppels	drʏpəl̥s
druppend	drʏpənt
dryf	drɪf
dryfkrag	drɪfkrɑχ
du	duː
du	dˈø
dubbel	ðʏbəl
dubbel-penetrasie	ˈdʏbəlpənəˌtrɑːsiə
dubbele	ˈdʏbələ
dubbelkamer	ðʏbəlˈkɑːməʁ
dubbelpilare	ðœbəlpiləɹə
dubel	ˈdʏbəl
dublow	ðʏˈblɔː
duck	ðʏk
ducky	dukɪ
dude	duːdɛ
dudevant	duːdɑːfɑːnt
duet	dyːt
duhgeier	ðʏχiːr
dui	ɯi
duidelik	duɪ̯ˈdɛlik
duidelike	duɪ̯dəlɪkə
duideliker	duɪ̯ˈdiːləχər
duidelikheid	dui̯dəlɪkɦɪət
duif	ɟœf
duifie	duːfjə
duifies	duːfiəs
duikboot	ɟœykˈbʊət
duiker	dɛkjɛr
duikers	ɯi̯kərs
duim	duːm
duim	dˈɛm
duimafdruk	duːmɑfdrʏk
duimbreedte	duːmbretə
duime	duːmə
duimskroewe	duːmskruːə
duine	ðœɪ̯nə
duiselig	duɪ̯səlɪχ
duisend	duɪsənt
duisend	dˈɔɪsən
duisende	duɪsəntə
duisendjarige	ˈdœy̯səntχraːɣə
duister	duːstə
duister	noiʃt̪eɾ
duisternis	ˈdœy̯stərnis
duit	ðœɪt
duite	duitə
duits	ðœits
duits-hongaars	duitʃˈɦɔŋɑːrs
duits-hongaarse	duitʃˈɦɔŋɑːrsə
duits-portuguese	duitspɔrtɪˈgɛːz
duits-russiese	ɟœitsˈrʏsiə
duitse	ðœɪ̯tsə
duitser	ɟœitsər
duitsers	duit̪sərs
duitsland	duit̪slɑnt
duiwe	ɯiʋə
duiwel	duiʍəl
duiwel	dˈaɪvəl
duiwels	duɪ̯əls
duiwelse	ɟœi̯ˈvɛlsə
duiwepaar	dui̯əpɑːr
duiwer	duɪ̯fər
dulcamara	ˈdʏlkəmɑra
duld	ðʏld
duma	ðʊmə
dump	ðʌmp
dun	tøn
dun	ðœn
dunner	dˈønər
dupliseer	dupəliˈseː
durand-ruel	ˈdʏrɑːndrɪəl
durf	dʊɾf
durf	ðœrf
dus	ðʏs
dusk	ðʏsk
dust	ðʏst
dusty	ˈdʏstɪ
duty	duːti
duur	diːɾ
duur	dyr
duur	dyːr
duurste	dyːrstə
duval	duˈvɑl
duvel	duːvəl
dwaal	daːl
dwaas	daːs
dwaas	d̪uɔs
dwalende	ˈdwaːləndə
dwaling	ˈdwaːlɪŋ
dwars	ˈdʋɑrs
dwarsboom	ˈdʋɑrsbʊə̯m
dwarsdeur	ˈdʋɑrsdœr
dwase	ˈdwasə
dweil	dwˈaɪl
dwelmhandelaar	ˈdʋɛlmˌɦɑndəlɑːr
dwelmiddels	ɖʊə̯lˈmɪɾəɫs
dwelmmisbruik	ðʋɛlmisbrœyk
dwelms	ðʋɛlms
dwelmverslaafde	ˈdʋɛlmfərˌslɑːftə
dwelmvry	ðʋɛlmfrɪ
dweper	dʒuɛpɾ
dwerg	tʊβɑr
dwergie	ˈdʋɛrχi
dwing	tues
dwing	ɖʋəŋ
dy	də̟i̯
dy	ɪ
dye	ɟə
dyke	ɪkə
détaché	ˈdɛtɑʃe
dít	ɪt
e	ə
e-mail	əˈmeɪl
e-pos	əˈpɔs
e2	ə
e4	ɛ
e5	ə
e7	ə
each	ɛtʃ
earth	ɑːrθ
eb	ebi
eberswalde-hospitaal	əβərsʋɑldəɦɔspiˈtɑːl
eboshi	əˈbɔʃi
ede	əˈde
edel	lidau
edel	əˈdɛl
edelagbare	əˈdɛlaχbərə
edele	əˈdɛlə
edeles	əˈdɛlə
edelman	əˈdəlˌmɑn
edelmoedig	əˈdɛlmuəɪtʃ
edelste	əˈdɛlstə
edelstes	əˈdɛlstəs
edelweiss	əˈdɛlʋɛs
eden	əˈdɛn
edikte	əˈdɪktə
eed	bjɾt
eed	ɪt
eekhoring	əi̯kɔrɪŋ
eelt	ɛːlt
eelte	ɛːltə
een	iːn
een	əːn
een-vir-een	jˈɛnfˈrɪˈɛn
een-woord	əːnˈvœrət
eend	jˈɪnt
eend	əi̯nt
eendag	iːndax
eendag	əi̯nˈdɑχ
eender	ɪndər
eendeweer	əi̯ndəʋɪr
eendjie	əi̯ndʒi
eendragtig	əi̯ntrɑχtəx
eenhede	əi̯nˈɦɛdə
eenheid	əi̯nˈɦit
eenheid-bevelvoerder	əi̯nˈɦɪtbəβəlˌfɪːɾdər
eenheidslied	əi̯nˈhɪtsliət
eenheidsmaat	əˈnəitsmɑːt
eenheidsparty	əi̯nˈɦɪtspɑrti
eenkant	əŋkɑːnt
eenkeer	jɛnkɪ̞ɾ
eenkeer	əˈnχɪr
eenmaal	əˈnmaːl
eenmalige	əˈnmaːlɪχə
eenman-koets	əːnmanˈkœts
eens	ɛns
eensaam	jɛ̀nsɔm
eensaam	əi̯nˈsɑːm
eensaamheid	əi̯nˈsɑːmɦeɪ̯t
eensame	ɛnˈsɑmə
eensamer	əi̯nsəˈməɾ
eentje	əntjə
eentonig	əˈtɔːnəx
eentonige	əˈtɔŋə
eenuur	əˈnyːr
eenvoud	əi̯nˈfʌut
eenvoudig	jɪnfoːdəx
eenvoudig	əi̯nˈvʌui̯tχ
eenvoudige	əi̯nˈfœʏ̯diχə
eenvoudiger	əi̯nˈvudɪχər
eenwoord-plan	əˈnʊə̯rɪtplan
eenwording	əˈnvəɹtɪŋ
eer	iɾ
eer	ɪə̯r
eerbaar	ɪrˈbɑːr
eerbare	ɪə̯rˈbɑːrə
eerbetoon	ɛrˈbətʊə̯n
eerbied	ɛrbiːt
eerbiedig	ɛrbiːdiχ
eerder	jørdeɾ
eerder	ɛːrɘː
eergevoel	ɛːrgəfuːl
eergister	je̞rχɪ̞stær
eergister	ɪə̯rχɪstə
eerlik	ɪə̯rˈlik
eerlike	ɪə̯rˈlikə
eerliker	ɪə̯rˈlikər
eerlikheid	ɪə̯rˈlikɦɪət
eerlikwaar	ɪə̯rˈlikfɑːr
eers	iə̯ɹ̠̊˔
eers	jɪ̞rs
eers	ɪə̯rs
eersdaags	ɪrsˈdɑːχs
eerskomende	ɪə̯rsˈkʊməde
eerste	əˈrɪstə
eerstehulp	ɪə̯rstəˈɦʏlp
eersteklas	ɪrstɛkɫɑs
eersteminister	əˈrstəmiˌnɪstə
eerstens	ɪrstəns
eertyds	iɾtaits
eervol	ɛːrfoːl
eet	iət
eet	ɪt
eetbaar	jetˈdɔr
eetgerei	ɪtχəˈrɛi̯
eetgoed	ɪtχuːt
eetkamer	jɛtkɔmɛr
eetkamer	ɪtˈkɑːməɾ
eetkamertafel	ɪtˈkɑːməˌtɑːfəl
eetlus	iːtlɛs
eetlus	ɪtlys
eetluswekker	ɪtˈlʏsʋɛkər
eetmaal	ɪtˈmɑːl
eetsaal	əɪtsɑːl
eetstaking	ɪtˈstɑːkɪŋ
eetstakings	ɪtˈstɑːkɪŋs
eetstelle	ɪtˈstɛlə
eeu	iu˨
eeu	əʊ
eeue	əʊə
eeue-oue	əʊəʊ
eeuelang	əʊʃəlɑŋ
eeuelank	əʊʋəlɑŋk
eeuse	əːsə
effek	esfek
effek	ɛfək
effekte	əˈfɪktə
effektief	əˈfɪktifə
effektiewe	əˈfɪktifə
effens	əˈfɛns
eg	ax
eg	əg
egbrekers	əχˈbreɪkərs
eggenoot	əˈχənʊt
eggenootontrou	əˈχənutˌontɹœu
eggenote	əˈχnʊtə
eggo	əgoː
egipte	əgɪptə
egipteland	əgɪptaːlɑnt
egiptenaar	əɣipˈtɪə̯nɑːr
egiptenare	əɣiˈptəˌnɑːr
egiptiese	əgiˈpɪtsə
egiptoloë	əɣɪptoʊˈlœ
ego	ɛχo
egoïs	əˈgœɪ̯s
egpaar	ɑxˈpɑr
egskeiding	afsgajdˈe
egskeiding	əgskɛi̯ŋ
egskeidings	əχˈskɛi̯dəns
egte	əχtə
egter	æxtɪ̞r
egter	ɛχtər
egypte	əˈχiptə
ei	ai̯
eie	aija
eie	əi
eiehandig	əiəˈhɑːntəx
eiemagtige	əi̯əmaχtəiχə
eienaar	əi̯əˈnɑːr
eienaardig	əi̯əˈnɑːrdiχ
eienaardige	əi̯nɑːrdiχə
eienaardighede	əi̯nɑːrdiχəde
eienaares	əi̯ˈnɑːrəs
eienaarskap	əi̯nɑːrsχɑp
eienares	əi̯əˈnɑːrəs
eiendom	ai̯əˈnɔm
eiendomme	ɛi̯nˈdɔmə
eienskappe	ɛi̯nˈskɑpə
eier	ai̯ər
eier	ajjeɾ
eier	əɪ̯jər
eierkop	ɛɪ̯ərkɔp
eiers	əjˈɾs
eiers	ɛjəɹ̠̊˔
eiers	ɛɪ̯ərs
eiervrug	ɛi̯ərˈfrʏχ
eiesinnigheid	əi̯sɪnəχɪçt
eiesoortige	əi̯sɔːrtʃə
eiffel	ɛfəl
eiffeltoring	ɛi̯fəlˈtɔrɪŋ
eigenste	ɛi̯ɣənsteː
eigenwijs	ɛi̯ɣəʊnʍɪs
eik	əjk
eik	ɛɪk
eikebome	ɛi̯kəˈbʊmə
eikedeur	ɛɪkəˈdœr
eiland	ajlɔnt
eiland	ɛi̯lɑnt
eilande	ajlɑndɑ
eilande	ɛi̯ˈlɑːndə
eilandjie	ɛilɑndʒi
ein	ɛin
eina	ajnɛ
eina	əi̯nə
eind	ajnd
einde	ajndɑ
einde	ɪndə
einde-van	ɛindəˈfɑn
eindelik	ɛinˈdɛlik
eindeloos	ɪnˈdiːlʊs
eindelose	əi̯nˈdəlʊsə
eindes	ɪndəs
eindig	əi̯nˈdiχ
eindpunt	ɛin̪tˈpʰynt
eindresultaat	ɛindəˌrɛsʏˈlɑːt
eindwerk	ɛi̯ndʋɛrk
eine	əi̯nə
einlik	əi̯nˈlik
einmal	əɪnˈmɑːl
eintlik	əi̯ntlɪk
eintlike	əi̯ntlikə
eis	ais
eis	ɛɪ̯s
eisbein	ɛisbəi̯n
eise	ɛjsə
eisenhower	ˈaɪzənˌhaʊər
eisenstein	ˈaɪsənʃtaɪ̯n
either	ɪəˈtɛr
ek	nur
ek	əʊk
ek	ɛt
ekeng	ikːẽŋ
eklektisisme	ɛkˈlɛktɪsɪsmə
ekologie	əˈkɔlɔgi
ekologiese	əˈkɔlɔgiəˌsi
ekonomie	ekonomˈi
ekonomie	ɛkɔnɔmiə
ekonomies	əkʊnəˈmiə
ekonomiese	əkʊnuːmisə
ekosisteem	əˈkɔsistim
eks	ɛks
eks-man	ɛksˈmɑːn
eks-vrou	ɛksˈfruː
eksakte	ɛkˈsɑktə
eksamen	əksˈɔmen
eksamen	ɛkˈsɑmən
ekseem	əˈkʰsɪəm
eksekusie	əˈkʰsɛkusi
ekselensie	əˈkʃələnsi
ekselensies	əˈkʃələnsiəs
ekself	əksfəlf
eksellensie	ɛksəˈlɛnsiə
eksemplaar	ɛksɛmplɑːr
eksemplare	ɛkˈsɛmplɑːrɛ
eksentriek	ɛksɛntrəi̯k
eksilensie	ɛksilənsiə
eksklusief	əksklʏsifə
ekskommunikasie	əkskommuniˈkɑːsi
ekskusies	əksˈkɪsi
ekskuus	əksˈkʰœs
eksperiment	ɛksipeːrmənt
ekspert	ɛkspɛrt
ekspressionisme	ɛkspɾɛssɪõŋɪsmɛ
ekstase	əkˈstɑːsə
ekstatiese	əkstəˈtɪə̯sə
ekstensiewe	əkˈstɛnsiə
eksterogeen	ɛkstəˈɣiːn
eksters	ɛkˈstərs
ekstirminasiekamp	əkstɪrmɪnɑsɪə̯kɑmp
ekstra	ekstro
ekstra	əˈkrɑ
ekstreme	əˈkstrɛmə
ekstremistiese	əkˈstrɛmɪsɪə
ekstrovert	əkstrɔvərt
el	ɛl
eland	ɛˈlant
elbe	ɛlbə
elbie	ˈɛlbi
elders	ɛldərs
elders	ˈɛldˈɛs
electra	ɛˈlɛktra
elegante	ɛləˈgɑːntə
elektries	elektris
elektriese	elɛktrisæ
elektriese	ɛˈlɛktriəsə
elektrisiteit	ɛˌlɛktriˈsɪtɛt
elektrisiteitsverskaffer	əˌlɛktriˌsɪtɛitsfərˈkɑfər
elektrisiëns	əˈlɛktriːsɪə̯ns
elektron	elektron
elektronies	əˈlɛktroːnɪəs
elektroniese	əˈlɛktrʊnɪsə
elektroniese	ˌelektroniˈse
elektronika	ɛlɛktrɔˈnikə
element	elemˈent
element	ɛləˈmɛnt
elemente	ɛləˈmɛntə
elementêr	ɛlɛmɛntaa
elena	əˈlɛna
elende	əˈlɛndə
elf	ɛlf
elf	ˈɛlf
eli	ɛli
elias	əˈliəʃ
elijah	əliχə
elikser	əˈlɪkʃər
elina	əˈlina
eline	əˈlinə
elisabeth	əlizibəɾt
elite	əˈlɪtə
elite-soldaat	əˈlɪtəˌsɔlˈdɑːt
elitisme	əliˈtɪsmə
elizabeth	əliːˈβɪətə
elizabeth	ɛlisabɛθ
elk	ɛlk
elke	ɛlçə
elkeen	aʊkən
elkeen	əˈliːkə
elkgeval	ɛlkχəˈfɑl
elkridge	ɛlkˈrɪtʃ
ellende	əˈlɛndə
ellende	ˈæləndə
ellendig	əˈlɛndəx
ellendige	əˈlɛndiχə
ellesmere	ɛləˈsɪməɾə
ellispark	allespɔr
elmboog	ɛlmˈbʊəχ
elmire	ɛlmɪrə
elsie	ɛlsi
em	ə
embrio	əmˈbriːo
embroglio	əmbɹuˈiːloʊ
embroguglio	əmbruˈχuʃlo
emigrasie	əmiɣrɑsi
emil	əˈməl
emile	əˈmɪlə
emilie	əˈmɪliə
eminensie	əminənsi
emishi	əˈmɪʃi
emma	əˈma
emmanuelle	əˈmɑnɛl
emmausgangers	əˈmaʊ̯sχaŋərs
emmer	əˈmər
emmers	əˈmərs
emosie	əˈmuːsiə
emosies	əˈmʊəsi
emosioneel	əmoʃuːnɛːl
emosionele	jamiʃiɲeːlaːd
emosionele	əmoʃuːnələ
empty	əˈməti
en	en
en	ən
end	ind
end	ɛnd
endgame	ɛndχæːm
enduit	əndœɪt
ene	əne
energie	əˈnɛrʒi
energiebronne	əˈnɛrʒiəbrɔnə
energiek	əˈnɛrχiːk
energiek	ɪnɪrxʲiːk
energieloos	əˈnɛrɣiəˌlʊə̯s
energiestrome	əˈnerχiəˌstrumə
enerse	əˈnɛrsə
enetjie	əˈnɛtʃiə
eng	en
eng	əŋ
enge	əŋə
engel	eŋɔ
engel	əŋəl
engeland	əŋˈgɛlant
engele	əŋgələ
engelgesig	əŋəlxəsiχ
engels	əŋəls
engels	ˈɪŋəlz
engelse	əŋəlsə
engelsman	əŋəlsman
engelvingers	əŋəlˈfɪŋərs
engerd	əŋχɛrt
engerling	əŋgəlɪŋ
engineering	ɪndʒɪˈnɪəŋ
enginieur	əŋʃiniːr
enginieurs	əŋʃiniˈrɪə̯s
english	ɪŋglɪʃ
english	ˈæŋglˌɪʃ
enguerrand	əŋgɥɛrɑːnt
enig	iːnə
enige	əˈniχə
enigeen	əˈniχən
eniggebore	əˈnɪχbɔːrə
enigiemand	əˈnɪəmɑnt
enigiets	əˈnɪχəts
enigsens	əˈnɪχsəns
enigsins	əˈnɪχsɪns
enigste	iːnˈaxtl
enigste	əˈnɪkstə
enigstes	əˈnɪkstə
enjin	əŋʝɪn
enkel	imkoʊ
enkel	əŋkəl
enkele	ənˈkɛlə
enkeles	əŋkələs
enkelfraktuur	ˈɛŋkəlfrɑktyr
enkellopende	əŋkəlˈlɔːpəntə
enkellopers	əŋkəlˈlopərs
enkelma	əŋkəlma
enkripsie	əŋˈkrɪpsiə
enorme	əˈnɔrmə
enough	əˈnʌχ
ens	eɪns
ens	əns
enso	ənˈsoː
ensovoorts	ənsɔfʊrts
ent	ənt
ente	əntə
enterprise	əntəˈraɪ̯ns
entjie	əntjɪ
entoesiasme	əntuəsiɑsmə
entoesiaste	əntuəsiˈɑːstə
entoesiasties	əntuəsiəstəs
entoesiasties	ɛnθusˈiastis
entstof	əntˈstɔf
epidemie	əpɪdiːmi
epidemies	əpɪdiːmiəs
epidermiese	əpiˈdɛrmiːsə
epiese	əˈpiːsə
epileptiese	əpiləptiːsə
episode	əˈpiːsəp
episodes	əˈpɪsiːds
epistemologie	epistemologi
er	ə
era	əˈraː
eras	əˈrɑs
erasmus	iɛrasmis
erbarm	ərˈbɑrm
erdeware	ərdeʋɑːr
erdvark	ɛrtfarːk
erdwolf	ɛrtvoɫf
erdwurms	əɹdʋʏɹms
ere	əˈre
ere-brandweer-span	əˈreˌbrɑːnvɪrˌspɑːn
eredoktorsgraad	əˌrɛdɔkˈtrɔsχraːt
eregaste	əˈrɛχastə
ereksie	əˈrɛksiə
eremoord	əˈrɪmʊːrt
eremoorde	əˈrɪmʊə̯rde
erens	ərəns
eresaluut	əˈreːsalut
erewoord	əˈreʊ̯vəɾt
erf	arf
erf	ɛrf
erf-gesondheidsdepartement	ərfχɛsɔntχɛltsdɛpɑrmɑŋ
erfenis	ærfɛnɪ̞s
erfenisjagter	ərˈfɛnisjɑxtər
erfgeld	ɛrfgɛlt
erfgenaam	ərfχəˈnɑːm
erfgename	ərfgəˈnɑːmə
erflating	ərˈflɑːtɪŋ
erfopvolgertjie	ərfɔpˈfɛltʃi
erfporsie	ɛrfɔrsi
erfstuk	ərfstyːk
erfurt	ɛrfʀt
erg	æχ
erg	ɛrx
erge	ɛrχe
erger	aɾgə
erger	ərˈχɛr
ergerlik	ɛrχəlɪk
ergste	ɛrxstə
eric	əˈrɪk
erich	əˈrɪəx
erick	əˈrik
erken	ɛrˈkɛn
erkende	ɛrˈkɛnde
erkenning	əɹkəŋɪŋ
erkentenis	əɹkəntəˈnis
ernestine	əˈrɛstinə
ernst	ɛrnst
ernstig	ɛrnstχ
ernstige	ɛrnˈstɪə
ernstiger	ɛrnstɪχər
erotika	əɾoʈigə
error	əˈrɔr
ertjie	əɹtʃi
ertjies	əɹtʃiəs
erts	aɾks
ervaar	ərˈvɑːr
ervan	ərˈfɑn
ervare	arfɔre
ervare	ərˈvɑːrə
ervaring	əˈrɑi̯ŋ
ervaringe	ərʋɑi̯ŋə
erwe	əˈrɸə
es	ə
esel	piesɨw
esel	ɛsəl
esels	ɛsəls
eshout	əˈʃʊt
eskader	əˈskɑːdər
eskaders	əˈskɑːdərs
eskapade	əˈskɑpɑːdə
eskimo	əˈskɪməʊ
espinosa	əˈspiːnəsa
espresso	əˈsreso
essehout	əsəʊt
essensieel	əˈsɛnsiəl
est-ce	ɛstə
estate	əˈstɛt
esterhazy	ˈɛstəˌraːzi
estetika	əˈstɛtɪkə
esther	ˈɛstə
esthers	əˈstɛrs
estland	əˈstlant
estrid	əˈstrɪt
et	ɛt
ete	əˈtɛ
ete-afspraak	əˈtəɑfˌsprɑːk
etenstyd	əˈtɛnstəɪ̯t
eterestourant	ɛtəɾəstoːɾɑ̃ː
etermasker	əˈtɛrmaʃkər
eternal	ɛtɛrnal
eternity	ɛtəˈrɪnəti
etery	əˈtɛə̯ri
etes	əˈtəs
etiek	tɛtik
etiket	əˈtɪkət
etna	əˈtna
etswerk	əˈtsɛrvəχ
etter	ɛtər
eu	əʊ
eubanks	əʊbɑŋks
eufemismes	ɪfəmiˈsɪms
eugen	ɥiˈgən
eugene	ɥʏˈʒɛn
euh	əʊ
eurasië	irosia
euro	ɜːroʊ
europa	əˈuːrpa
europese	ɪu̯rɔpəse
euros	ɥɯroːs
eurosong	ɥɹoʊsɔŋ
euwel	əʊfəl
euwels	lɛvɛls
euwels	ɦœy̯əls
eva	ɛfɑ
evaluasie	əβəluˈɑːsi
eve	ɛvə
eveline	əˈvɛliːnə
even	əˈvɛn
everything	əˈgɛŋə
everywhere	əˈvɛrɪ
evil	əˈvəl
evolusie	əβuˈlusi
evolusionêre	əβulɪʃəˈnɛːrə
evêque	əˈvɪkʃə
ewe	əʊ
ewebeeld	əʊβɛlt
ewegoed	əˈβʊəχ
eweknie	ɛˈvɛkni
ewenaar	əʊˈvɑːnər
eweredig	əʊəˈrɛɪtʃ
ewig	əˈvɪχ
ewige	əˈviχə
ewigheid	əʊfɪçtʰəɪt
ex	ɛks
ex-baas	ɛkˈsβɑːs
ex-solidatiteit	ɛgsɔlɪdiːtɛit
excellence	ɛkˈsɛləns
exit	ˈɛksɪt
exotischer	ɛkˈsɔtɪʃər
expansiedrift	ɛkspɑnsieˈdrɪft
expected	əksəˈpɛkt
explosie	ɛksploˈsi
expo	ɛkspoː
expo-aand	ˈɛkspoːɑːnt
expo-braai	ˈɛkspoːbraːi
exterminators	ɛkstɪmineɪtɔːrs
extras	ˈɛkstrɑs
extremist	ɛkˈstrɛmɪst
eyck	ɛɪk
eyes	ɑɪs
eylau	ɛɪ̯ˈlɑʊ̯
eén	iːn
f-18	ɸəˈɦaːtən
f-35	fəˈθɪnti
f3	fə
f4	fə
f6	fə
faa	faː
faal	faːl
fabelagtig	ˈfɑːbəlɑxtəχ
fabricius	fəˈbɹɪsʔəs
fabriek	fabˈrikˈ
fabriek	fəˈbrik
fabrieke	fəˈbriːkə
fabriekswerkers	fəˈbriːkʃvɛrkərs
fabrikant	fəˈbrɪkənt
fabritius	fəˈbrɪtsʊs
facade	fəˈkɑːde
fagnola	fagnɔlə
fahrenheit	fəˈrɛnhaɪt
fait	faɪt
faith	faɪθ
faithful	fəˈθuːl
fakkel	ˈfɑkəl
fakkeloptog	ˈfɑkəlɔptɔχ
fakkels	ˈfɑkəls
faktor	ˈfɑktər
faktotum	ˈfɑktətʏm
faktotumposisie	ˈfɑktoːtʏmpoːˌsiː
faktotums	ˈfɑktoːtʏms
falk	faɬk
falke	ˈfɑlkə
falkenau	ˈfɑlkənɑu
falkland-eiland	ˈfɑlklɑntəi̯lant
famielietradisie	fəmiəliətrədiːsi
famile	fəˈmiːlə
familie	famili
familie	fəˈmiːliə
familie-gebeurtenis	fəˈmiːliəɣəˌbœrtn̩ɪs
familie-geheim	fəˈmiːliəɣəˌʔɑim
familie-sake	fəˈmiːliəˌsɑːkə
familie-stamboom	fəˈmiːliəstɑmˈbuːm
familiegeheim	fəˈmiːliəχəˌɦɛim
familiehof	fəˈmiːliəˌɦɔf
familiekleure	fəˈmiːləˌklyːrə
familielede	fəˈmiːliəˌleːdə
familielid	fəˈmiːliəˌlɪt
familienaam	fəˈmiːliəˌnɑːm
familieprobleem	fəˈmɪliəprʊblɪəm
families	fəˈmiːlies
familiesaak	fəˈmiːliəˌsɑːk
familiesake	fəˈmiːliesəkə
familietjie	fəˈmɪliəˌtʃi
familietwis	fəˈmiːliə̯tvis
familievergadering	fəˈmiːliəʃfərˌχɑːdəˈrɪŋ
fan	fæ̃
fans	fæns
fanta	ˈfɑntə
fantasie	ˈfɑntəsi
fantasieë	ˈfɑntəsiə
fantasië	ˈfɑntəsi
fantasties	ˈfɑntəstiə
fantastiese	fantastise
fantastiese	ˈfɑntəˌstɪsə
faora	fɑˈoːrə
faora-ui	foːɾaʊi
farao	fəˈrɑːoʊ
farao-ryk	fəˈrɑːo̯rɪk
faraos	fəˈrɑːs
farewell	fəˈrɛl
farisiërs	fəˈrɪsiərs
farmaseutiese	ˈfɑːrməsɪətsi
farshad	ˈfɑrsxɑt
fase	fɔrse
fase	fəˈsə
fasiliteer	fəˈsilətir
fasiliteit	fəsiliˈtɪt
fasiliteite	fəˈsɪlɪtɪtə
fasinerend	fəˈsɪnəˌrɛnt
fasinerende	fəˈsinəˌrɛndə
fasisme	ˈfɑːsɪmə
fasten	ˈfɑstən
fataal	satʰaːw
fatale	fəˈtɑːlə
fatsoenlike	ˈfɑtsunləkə
faust	faʊ̯st
fbi	ɸiːβiː
feb	fəp
februarie	febriari
februarie	fəˈbruːəri
federale	fəˈdeːrələ
feeks	feːkʃ
fees	fiːs
fees	fˈiːɹs
feesmaal	feːsmaːl
feesrokke	feːsˈrɔkə
feeste	feːstə
feestelik	feːstəlik
feestelik-versierde	feːstəlikfərsiːrdə
feestelikhede	feːstəlikəhədeː
feestelikheid	feːstəlikɦɪt
feesvier	fiːsfɪə̯r
feit	fɛit
feit	fˈaɪt
feite	feɪ̯tə
feitlik	feːtlik
fel	fəɫ
feller	ˈfɛlə
femmes	fəˈmɪs
fending	ˈfɛə̯ŋə
fenomenaal	fɘnʊmɛɑːl
fenominaal	fəʊnəmiɑːl
ferdinand	fəˈrɪntɑːn
fereol	fəˈrɪɔl
ferm	færm
ferm	ɸɛrm
ferrari	fəˈrɑːri
ferraud	fəˈrɑːt
ferrauds	fəˈrɑːts
fersof	ˈfɛrsɔf
ferweel	fəˈrɛl
feudale	feʊ̯dɑːlə
few	feʊ
feëtjie	feːtʃi
feëtjies	feːtʃis
fi	fiː
fichte	fəʃtə
field	feːld
fiemies	fiːməi̯s
fier	fiːr
fiets	fits
fiets	fˈɪts
fiets-broekknippe	fiətsˈbrœkˌknɪpə
fietsgogga	fiːtsxɔχa
fietsry	fitsrɪ
figuur	fɪˈɣʏr
figuurtjie	ɸɪˈkœrtrəi̯
fiks	ɟɪks
fiksheid	fuktsai̯d
fiksie	ˈfɪksə
filantroop	filɑntrʊp
filet	filət
filharmoniese	fəlɑrmoːnisə
filip	fˈɑləp
filips	filɪps
fillette	filətə
film	fɛlim
film	ɸɪlm
film-dae	filmdae
filmmakers	filməˈkɛə̯rs
filmmateriaal	filməˈtɪəɾiɑl
filmopname	filmɔmˈpamə
filmpie	filmpi
films	filmz
filmspan	filmspan
filmsterre	filmˈstɛrə
filosofie	filoːsofi
filosofie	filʊsɔfɪə
filosoof	filʊˈsuf
finaal	ˈfɪnɑːl
finale	ˈfɪnəlɛ
finaliseer	ˈfɪnəlɪˌseːs
finansieel	ˈfɪnɑnsiəl
finansiele	fɪnɑnsiɛlə
finansier	ˈfɪnɑnsɪr
finansies	ˈfɪnɑnsis
finansiëel	fɪnɑnsiɛːl
finansiële	fiˈnɑnsiɛlə
finansiële	fɪnɑnsiɛlə
find	fɪnt
finish	fəˈniʃ
finland	ˈfɪnlɑnt
finlay	fˈɪnnli
finse	ˈfɪnsə
firewall	faɪɹwɔːl
firma	fɛrma
firma	ˈfɪrma
firmament	ˈfɪrmamənt
first	frɪəst
fisant	fiˈsɑnt
fisante	ˈfisəntə
fisiese	ˈfɪsiə
fisika	ˈfɪsɪkə
fisio	fiːsiə
fiskus	fɪskʏs
fissie	fessi
flamenko-danseres	flɑmɛŋkodɑnsəres
flanders	flæntərs
flank	flɑŋk
flankeer	flɑŋkəːr
flarde	flɑːrde
flat	flɑt
flater	fl̥ɑtər
flentertjie	flɛn̥tərtʃi
flerrie	flɛrijə
fles	fles
fles	fləs
flessie	flɛsi
fliek	flɪk
fliek	flˈɪk
fliekhuis	flˈɪkˈaɪz
flieks	flɪəks
flik	flɪk
flikken	flɪkən
flikkering	flɪkəˈrɪŋ
flikkerligte	flɪkərlɪχtə
flinck	flɪŋk
flink	flɪŋk
flinke	flɪŋkə
flinker	flɪŋkər
flint	flɪnt
flip	flɪp
flits	flɪts
flore	flɔːrə
floreer	fluːrəʁ
florence	flɔrəns
florida	flɔriˈda
floryne	flɔi̯rɪnə
flou	flou
flous	flʊə̯s
flowers	flʊə̯rs
fluister	flɥistər
fluit	flœɪt
fluite	flɥiːtə
fluitjie	flœɪtʃi
fluoorsuur	flɥoːrsœr
fluweel	flʊˈʋɛl
fluweel	lˈɪvjˈo
fluweel-sagte	fluˈʋɛlˌsɑχtə
fnuik	fnœɪk
foelie	foːli
foelie	fˈʊli
fok	fok
fokof	fokʌff
fokus	ˈfɔkʏs
fokuspunt	ˈfɔkʏspʏnt
folder	ˈfɔːldər
fomitopsis	fomitɔpɪs
fondament	funt̪ament̪
fondasie	fɔnˈdiːsi
fondse	ɸɔnsə
fone	fʊnə
fontein	font̪ejn
fontein	fʊntɛɪ̯n
fonteine	ˈfɔntəi̯nə
fonteinwater	fonteinwɑtər
fontel	ˈfɔntəl
fooi	foːi
fooitjie	fuːtʃi
fooitjies	fuːtʃis
fool	fʊəl
foon	fʊn
for	fɔː
forced	fɔːrs
fordham	fɔːrdɑːm
forefather	foːrˈfɑːtər
forel	fɔːɾɑːl
forelle	foːˈrɛlə
forest	foːˈrɛst
forgive	foːrˈfɪi̯
forgiveness	foːrxəˈfɛns
forgot	fɔrχɔt
form	fɔːrm
formaat	fɔrmat
formaldehied	ˈfɔrmɑldəˌɦiət
formalisme	fɔrmaːlɪsmə
formaliteite	fɔrməliːtiːtə
formasie	fɔːrmasi
formeel	fɔrmjɛl
formeel	fɔːrmiːl
formele	fɔːrmələ
formidabele	fɔːrmɪdɑːbələ
formule	fɔːˈmylə
fornell	foːrɛnɛl
forre	foːrə
fors	foːrs
forseer	foːrˈsɪr
forssman	ˈfɔrsman
fort	foːrt
fortuin	fɔrˈtœi̯n
fortuna	fɔrˈtunə
forum	fɔːrʌm
foto	foto
fotorolletjies	foːtoˈrɔləjis
fotos	fəˈtoːs
fotostaat	foto'staːt
fotuin	foːˈtœɪn
found	fʌund
fours	foːrs
fout	falt̪
fout	fuːt
foute	ˈfuːtə
fouteer	ˈfuːtəə
foutiewe	ˈfœʊ̯tiwə
foutjie	foutʃi
foxtrot	ˈfɔkstrɔt
fraai	frɑːi
fraai	frˈoj
fraaie	frɑːi̯ə
fragment	frəˈment
fragmente	frɑɣməntə
fraksie	frɑksi
framboos	fɾɑmbɫuz
francesca	frəˈnɛtsə
francia	frɑnˈsiə
francine	frɑːnsin
francisca	frɑːntrɪska
franciscus	frɑːnsiˈkʏs
franco	frɑŋkoː
francois	frɑŋˈwɑs
francos	frɑŋkɔs
francs	frɑːns
frank	fræŋk
frank-note	fræŋkˈnʊtə
franke	frɑŋkə
frankenstein	frɑŋkənʃtain
frankfurt	fræŋkfʀʊkt
franklin	frɑŋklɪn
frankryk	fræŋkrʏk
franks	frɑŋks
frans	fraʊns
frans	frɑns
franse	frɑːnsə
fransl	frɑːnsəl
fransman	frɑːnsman
franz	frɑːns
franz-josef	frɑːnʃʏsəf
franz-joseph	frɑːnʃʏˈsɔf
franz-karl	frɑːnθkɑːɹl
franzie	frɑːnsi
franzl	frɑnsl
française	frɑnˈsɛː
françon	frɑnˈsɔŋ
frase	frɑːsə
frasering	ˈfɹɑːsəɹɪŋ
frases	frɑːsəs
frasyniuk	frɑːsəniʊk
fratse	frɑtsə
frau	frɑːu̯
frauenplan	fɹɑʊənplɑn
frazier	frɑːsiːr
freak	frɪk
freddy	frɛdi
frederik	frɛːˈdeːrik
frederike	fɹeːdəˈrikə
freese	fɹiːsə
freimuth	fɹeɪmʊt
freimuth-tjie	frɛimʊtxi
frekwensie	frɛkˈwɛnsi
fret	frɛt
fret-hok	frɛtˈhɔk
freud	fɹøːt
fricassee	frɪkəˈsiː
friday	frɪədi
friedenthal	fɹˈidənθˈɛl
friederike	frɪəɾiːkə
friedl	frɪə̯təl
friedrich	frɪə̯ˈdrɪk
friedrichstraat	frɪə̯ˈdrɪkstraːt
frikadelle	frɪkədɛlə
frikkadel	frikɔdɛl
fris	frɪs
fritz	frɪts
fritzi	frɪtsi
from	frʌm
frons	frɔns
frons	fɾɔns
front	frʌnt
frontondervinding	frɔntɔndɛrvɪŋ
frontverlof	fɹɔntfɛɹlɔf
frontvoorsprong	frɔntfɔrtsprɔŋ
frosch	frɔsχ
frosh	frɔʃ
frost	frɔst
fructidor	frʏkˈtɪɾɔr
frustrasie	frustrˈaːsi
frustrasies	frʏstrɑsiəs
frutti	frʏti
fräulein	frɑʊ̯lɛɪ̯n
fs	fs
fuhrer	ˈfɪrə
fuhrer-hoofkwartier	ˈfɪrəɾˌɦʊə̯fˈkʋɑːrtiər
fuhrmann	ˈfœrman
fukushima	ˈfʏkʏʃɪmə
fundamentele	ˈfʊndəmɛntələ
funeral	fʊnɪəl
funksie	fɔ̃ksjˈ
funksie	ˈfʊŋksiə
funksies	ˈfʊŋkəsi
funksioneer	ˈfʌŋkʃʊnɪə̯r
funksionele	ˈfʌŋkʃʊnələ
furtwangler	fʏrtˈʋɑŋlə
fusie	fisi
fut	føt˦
future	ˈfʏtʃər
fyn	ɟəɪn
fynkam	ɸəŋkɑm
fynknip	ɸəɪ̯nˈkəɪ̯p
fynste	ɦɪnstə
fytotherapie	ˈfʏtəˌtɹɑːpi
félicien	feːliˈsɪən
führer	ˈfʏrər
g	χ
g'n	χɛŋ
g-e-r	χɛr
ga	χa
gaaf	xɑːf
gaaf	χɑːf
gaafste	χɑːfste
gaan	gɑːn
gaan	xan
gaande	χɑːndə
gaandeweg	χɑːndəʋɛχ
gaanl	gɑːnəl
gaap	xɔ̀p
gaap	χɑːp
gaar	χɑːr
gaarmaak	χɑːrmɑːk
gaas	χɑs
gaatjie	χɑːtʃi
gaatjies	χɑːtʃis
gabled	χɑbələt
gabriël	χaβriəl
gabs	χaps
gachet	χɑˈχət
gackl	χɑkəl
gade	ħadə
gade	χaːde
gag	χɑɣ
gajos	χaˈɦoːs
gal	xɑl
gal	χɑːl
galant	χaˈlɑːnt
galante	χaˈlɑːntə
galdruppels	χɑldrʏpəls
galileërs	ɣ̞olellioz
galleie	χaˈliə
gallery	gæləri
gallicus	χaˈlɪkʊs
galop	χaˈlɔp
gamov	χaˈmoʊf
gang	χɑŋ
gange	χaŋgə
gangerinne	χaŋəˈrɪnə
gangetjie	χaŋgətʃi
gangster	χɑŋstər
gans	χans
ganse	χɑnsə
ganser	χansər
gansvleis	χɑnsflɛis
gaps	χaps
garage	χaɾaʒ
garde	χɑːrdə
gardini	χaɾˈdiːni
garlitz	χɑːlɪts
garnisoen	kʰaːrnisun
garnisoen	χɑrnisʊə̯n
garonne	χaˈrɔnə
gars	χɑrs
gary	χaɾi
gas	χas
gas-professor	χɑsprofeˈsɔr
gascogne	χaskɔi̯nʝə
gasheer	χäːshˈɪr
gasheer	χɑˈsiːr
gashere	χaʃəɾə
gaskamers	χɑskɑməʃ
gaste	χasta
gaste	χɑstə
gastehuis	χɑstəˈɦœi̯s
gastekamer	χɑstəˈkɑməɾ
gasvrou	χɑsfrœu̯
gasvry	χɑsfrɑj
gasvryheid	χɑsfriːəi̯t
gat	χat
gate	χaːtə
gateway	χɑːtˈwɛɪ̯
gathering	ˈgæθərɪŋ
gatkant	χatkɑːnt
gatte	χatə
gatwick	χɑtʋɪk
gaudinier	χɑʊdɪnɪə
gauguin	χɑːχin
gaulle	χɑu̯lə
gauteng	sau̯tsæn
gauthier	χɔɪ̯tiːr
gave	χɑːvə
gavin	gəˈvɪn
gawe	χaʊ̯ə
gawe	χaːve
gawes	χaʊ̯s
gazette	gazetˈ
gdansk	χɑːnsg
gdańsk	χɑːnsk
ge	χe
ge-arriveerdes	χəɹɪˈfɪə̯ɾə
ge-eerd	χeːə̯rt
ge-eerde	χeːə̯rde
ge-eet	χeːt
ge-eindig	χəˈiːntəx
ge-eis	χeɪ̯s
ge-erf	χəɹf
ge-ewenaar	χəʊəˈnɑːr
ge-inspireer	χəinspiˈrɪə̯r
ge-intereseerd	χəɪntəɾəˈsɪəɹt
ge-isoleer	χəi̯sɔleːr
ge-isoleerde	χəi̯sɔləːrə
ge-oefen	χeʊ̯ˈfɛn
ge-oordeel	χəʊrdiːl
ge-oormerk	χoːrmɛrk
ge-opereer	χəʊpəˈreːr
ge-orden	χəˈɔːrdən
geaard	χaːrt
geaardheid	χaːrtχɪt
geaarsel	χaːrsəl
geadresseer	χəɑdrəˈsɪə̯r
geadviseer	χaːdviːˈsɪə̯r
geaffekteer	χafɪktəʁiːr
geag	χɤːa
geagte	χɑːktə
geaktiveer	χɑktiviːr
geantwoord	χɑːntˈvʊə̯r
geargumenteer	χɑːrgʏmentiːr
gearresteer	χəˌrɛstəɾ
gearriveer	χəˈrɪvɪr
geassosieerdes	χaˌsosi̯əɾdəs
gebaar	xɑbɑr
gebaar	χəˈβɑːr
gebabbel	χəˈbɑbəl
gebad	χəˈbɑt
gebak	χəˈbɑk
gebars	χəˈbɑrs
gebaseer	χəˈbɑsiːr
gebed	ɣˈəbət
gebed	χəˈbɛt
gebede	χəˈβɛdə
gebedeboekies	χəβɛdɔbukis
gebel	χəˈbɛl
gebelgd	χəˈbɛɫχt
gebeur	xadˈir
gebeur	χəˈbœːr
gebeure	χəˈβœːrə
gebeurtenis	χəˈbœːrətnɪs
gebewe	χəˈβɛu̯ə
gebid	χəβit
gebied	χiˈβɛɪ̯t
gebiedskode	χiˈβɛltˌsɔdə
gebind	χəˈbint
geblaas	χəˈblɑːs
geblink	χəˈblɪŋk
gebloei	χəˈblœi
geblokkeer	χəˈblɔkə
geblus	χəˈblʏs
gebly	ɣəblɛ
gebly	χəˈbləi̯
gebod	χəβɔt
geboei	χəˈbuɪ̯
geboelie	χəˈbœli
gebombardeer	χəβɔmbardeːr
gebomberdeer	χəˌbɔmbərˈdeːr
gebonde	χəˈbɔntə
geboorde	χəˈbʊə̯rə
geboorte	χəˈbʊə̯rtə
geboortedag	χəˈbʊə̯ɾtəˌdɑχ
geboortedatum	χəˈbʊəɾtəˌdatʏm
geboortemerke	χəˌbʊə̯ɹtəˈmɛrkə
geboorteplek	χəˈbʊə̯rtəˌplɛk
geboortepyn	χəˈbʊə̯rtəˌpɪn
geboortesertifikaat	χəˌbʊə̯rtsəˌsɛrtiˈfʰiˌkʰɑːt
geborduur	χəˈbɔːɾdyːr
gebore	χəˈbɔːrə
gebou	gəˈbʌu̯
gebou	χəˈβuː
geboue	χəˈbœʏə
geboë	xabua
geboë	χəˈbœ
gebraaide	χəˈβrɑːi̯də
gebrand	χəˈrɑːnt
gebrande	χəˈbrande
gebreek	kabrɛja
gebreek	χəˈbreːk
gebreekte	χəˈbɹɛktə
gebrek	χəˈbɹɛk
gebreke	χəˈbɹɛkə
gebrekkig	χəˈrɛkəχ
gebring	χəˈrɪŋ
gebroesels	χəˈbɹusəls
gebroke	χəˈbrukə
gebrou	χəˈbɹœu̯
gebruik	χabrɑjk
gebruik	χəˈβɔɪ̯k
gebruike	xbˈrɑjkə
gebruiker	χəˈβɔɪ̯kər
gebruikmaak	χəˈβrœjkˌmɑːk
gebruikshandboek	χəˈβɔɪ̯kshɑːndbuk
gebruikt	χəˈbɾœixt
gebruikte	χəˈβrœi̯ktə
gebuig	χəβɪχ
gebundelde	χəˈbʌndəl̥də
gebyt	χəɪ̯pt
gebêre	χəˈβɪrə
gedaan	χəˈdɑːn
gedag	χəˈdɑχ
gedagte	χəˈdɑχtə
gedagtes	χəˈdɑχtəs
gedagvaar	χəˈdɑχfɑːr
gedank	χəˈdɑŋk
gedans	χəˈdɑns
gedeel	χəˈdiːl
gedeelde	χəˈdiːlə
gedeelte	χəˈdiːltə
gedeeltelik	χəˈdɛːltəlɪk
gedeeltelike	χəˈdɛːltələkə
gedek	χəˈdɛk
gedenk	χəˈdɛŋk
gedenkwaardige	χəˈdɛŋkwaːrdiχə
gedeporteer	χədepɔrteːr
gedetailleerde	χədeʈɑi̯ˈjɛːrə
gedetermineerd	χədeːtəɾmiˈneːrt
gediagnoseer	χədiɑŋnɔsɪə̯r
gedien	ɣ̞adiːm
gedien	χəˈdiən
gediend	χədiə̯nt
gedierte	χəˈdiːrtə
gediertes	χəˈdiːə̯ts
gedig	χəˈdiχ
gediggie	χədiɣi
gedigte	χəˈdiːtʃə
geding	χəˈdiŋ
gedink	χədiŋk
gedisekteer	χədiˈsɪktəə̯r
gedistansieer	χədiˌstansie̯ə
gedoem	χəˈdum
gedoen	χəˈduːn
gedoente	χəˈduntə
gedoentes	χəˈdunəts
gedokter	χəˈdɔktər
gedood	χəˈdoːt
gedoop	χəˈdɔːp
gedra	χədrɑ
gedraag	χəˈdraːχ
gedraai	χəˈdraːi̯
gedrag	ɣədra
gedrag	χəˈdraχ
gedrang	χəˈdrɑŋ
gedrapeer	χəˈdraːpər
gedreig	χəˈdrɛiχ
gedrenk	χədrɛŋk
gedreun	χəˈdrœn
gedring	χəˈdrɪŋ
gedrink	χədrɪŋk
gedroom	χəˈdrum
gedruk	χəˈdrʏk
gedrum	χədrʏm
gedryf	χəˈdrɪf
geduld	ɣədˈɛlt
geduld	χəˈdʏlt
geduldig	χəˈdʏləx
geduldige	χəˈdœɫdiχə
gedurende	χəˈdiːrənə
gedwing	χɛtʃʋɪŋ
gedy	χədi
gee	fˈeːɾ
gee	xeə
gee	χiː
geefje	χiːfjə
geeis	χɪs
geek	χiːk
geel	xˈeːl
geel	χeə̯l
geel	χɪəl
geel	χɪə̯l
geelbooi	xˈiɫbɔːə
geelwortelkop	χɪəlʋɔrˈtɛlˌkɔp
geen	xian˨˩
geen	χiːn
geensins	χiːnsˈɛns
geert	χɪːrt
geertje	χɪrʈjə
gees	χɪs
geesdrif	χɪsdɹɪf
geese	χiːs
geeslose	χɪsloːsə
geeste	χɪˈstɛ
geestelike	χɪˈstələkə
geesteshospitaal	χɪˌstəsˈɦɔspiˌtɑːl
gefaal	χəˈfɑːl
gefantaseer	χəfan̥t̪ɑːsiːr
gefasiliteer	χəfɑsiɮiˈteːr
gefasineerd	χəfəsineːrt
gefelde	χəˈfɛldə
gefinansier	χəfiˈnɑːsiər
gefluister	χəˈflœi̯stər
gefolterde	χəˈfɔltərde
geformuleerde	χəˌfɔːmyləɾə
geforseer	χəˈfɔrsiːr
geforseerd	χəfuɹˈsɪə̯rt
geforseerde	χəˈfɔrsiːrə
gefrustreerd	ɣ̞əfrˈɪstriːr
gefrustreerdheid	χəˈfrystrəːrtəi̯t
gegaan	χəˈgɑːn
gegaps	χəˈgaps
gegee	χəˈɣi
gegeurd	χəˈgœːrt
gegeurde	χəˈgœːrdə
gegewe	χəˈχɛfə
gegewens	χəˈgwɛns
gegiet	χəˈʁit
gegil	χəˈχɪl
gegiste	χəˈgistə
geglimlag	χəglimlɑχ
geglip	χəˈglɪp
geglo	χɛgloː
gegly	χɪˈɫi
gegoede	χəˈgoːdə
gegooi	χəˈgɔʏ
gegradueer	χəˌrɑːduˈiːr
gegraveer	χəˈrɑːvər
gegrawe	χəˈrɑːfə
gegrief	χəˈriːf
gegroei	χəˈruɪ
gegroet	χəˈruːt
gegrou	χəˈgruː
gegryp	χəˈrɪp
geguillotien	χəgʏlɪtɪən
gegun	χəˈgœn
gehaal	χɐɦɑl
gehaal	χɑːl
gehaas	χaːs
gehaat	χaːt
gehad	χɑːt
gehad	χəɦät
gehad	χəɦɑt
gehammer	χəˈmɛr
gehandhaaf	χəˈnɑːf
gehang	χɑŋ
gehangde	χəŋkə
gehardloop	χəɾˈdruːp
geheel	χiːl
geheg	χəˈɣə
geheilig	χəˈhiləχ
geheim	qɑhɑjɯm
geheim	χəɪm
geheimdoenerij	χəɪmˈduːnərɪχ
geheime	χəi̯mə
geheimgehouden	χəɪmχəu̯dən
geheimlik	χəɪmˈlik
geheimsinnig	χəi̯msɪnɪχ
geheimsinnige	χəi̯msɪŋə
gehelp	χɛlˈp
geheue	xahˈia
geheue	χəˈɥɪə
geheueverlies	χəˈɥɪə̯fərlis
gehinder	χiˈnɪdə
gehoes	χəʊs
geholz	χɛɦɔlts
gehoolz	χoːlts
gehoon	χoːn
gehoop	χoʊp
gehoor	χuːr
gehoorsaam	χəu̯ˈsɑːm
gehoorsaamheid	χəu̯ɔːrsɑːmɦɛit
gehoorsame	χoːrsəˈmɛ
gehore	χoːrə
gehou	χəʊ
geht	χɛt
gehuggie	χʏɣi
gehuil	χɪʏl
gehuldig	χəˈɦœyɫəx
gehuur	χəˈʔʏr
gehuurde	χəˈɦʏːrdə
gehölz	χɛɔlts
geignoreer	χəignɔrɪr
geinteresseerd	χəi̯n̪təɾəˈsɪəɾt
geirriteer	χəɪrɪteːr
geisoleer	χɪsɔlɪr
geitjie	χɪtʃi
gejaag	χaːχ
gejammer	χəˈmɛr
gejuig	χəʊ̯iχ
gek	ʃɛ
gek	χɛk
gekaap	χəˈkɑːp
gekalmeer	χəˈkɑːləʁ
gekamp	χəˈkɑmp
gekanseleer	χəˌkansəlɪr
gekanselleer	χəˌkansəlɪr
gekant	χəˈkɑːnt
gekap	χɑp
gekapte	χɑptə
gekarring	χəˈkɑrɪŋ
gekeer	χeːkər
gekekkel	χəkəkəl
geken	χəˈkɛn
gekende	χekəndə
geketting	χəˈkɛtɪŋ
gekeur	χəˈkœr
gekhede	χəˈde
gekheid	χɛkɦɛit
gekies	χiˈkəs
gekke	χɛkə
gekke-glimlag	χɛkəɣlimlɑχ
gekko	χɛkʊ
gekla	χɛkɫa
geklaarde	χklɑːrdə
geklap	gəklˈap
geklap	χɛklɑp
geklassifiseerd	χəˌklɑsiˈfiseːt
geklee	χɛkleː
gekleed	χəˈkliːt
gekleur	χəˈkløːr
geklim	χɪˈklɪm
geklink	χɛklɪŋk
geklopte	χəklɔptə
gekniel	χəˈniəl
gekoester	χəˈkʊstəɾ
gekom	χɔm
gekombineer	χəˌkɔmbiˈniːr
gekommunikeer	χɔkʊmʊniˈkɪːr
gekomplimenteer	χɔmplɪmɛnˈtɪːr
gekompliseerd	χəˌkɔmplɪˈseːts
gekonfigureer	χəˌkɔnfigʊˈrɪːr
gekonfiskeer	χənfiˈskɪə̯r
gekonfronteer	χənfɹɔntiːə̯r
gekonkel	χənˈkɛl
gekonsentreerd	χɔnsɑnˈtrɪːrt
gekonsulteer	χɔnsʊlteːr
gekontak	χəˈkɔntɑk
gekontroleer	χɔŋtrulɪə̯r
gekook	χuːk
gekookte	χʊktə
gekoop	χəˈkɔp
gekopieer	χoʊpiːr
gekoppel	χəˈkœpəl
gekorrigeer	χəˌkɔrɪˈχiːr
gekort	χəˈkɔrt
gekos	χəˈkɔs
gekraak	χəˈrak
gekrabbel	χəˈkrɑbəl
gekritiseer	χkɾiːtiˈiːə̯r
gekroon	χəˈruːn
gekroonde	χkrʊə̯ndə
gekruip	χəˈkɾœi̯p
gekruis	χəˈkɾœi̯s
gekruisig	χəˈkɾœi̯səχ
gekry	χəˈkrɪ
gekuier	χəˈkui̯ər
gekuisigde	χəˈkœi̯sɪχə
gekwes	χəˈkʰɛs
gekyk	χɪk
gelaai	χəˈlɑːi
gelaaide	χəˈlɑi̯də
gelaat	χəˈlɑːt
gelaatskleur	ɣəlˈətʃtlˈɪr
gelag	χəˈlɑχ
geland	χəˈlɑnt
geld	χɛld
geld-wisselaar	χɛld̥ʋɪsəlaːr
geldelike	χɛlˈdiːkələkə
geldig	ɣˈɛldəx
geldig	χɛlˈdiχ
geldmaak	χɛld̥mɑːk
geldnood	χɛldnoːt
geldskieters	χɛldskiːtərs
gelede	χəˈlɛdə
geleden	χəˈlɛdən
geledere	xˈlidˈra
geledere	χəˈlɛːdərə
geleef	χɛˈlif
geleen	χɪˈlɪən
geleenthede	χəˈlɛntəde
geleentheid	χəˈlɪə̯ntɦəit
geleer	χəˈlɪr
geleerd	χəˈlɪːrt
geleerde	χəˈlɪːrə
gelees	χəˈlɪə̯s
gelei	χɛli
geleidelik	χəɪˈdiːlək
gelek	χɛlɛk
gelem	χəˈlɛm
geler	χɛləɾ
gelesery	χəˈlɛsəɾi
gelewe	χəˈlɛu̯ə
gelewer	χəˈlɛu̯ər
gelid	χɑlˈt
gelid	χəˈlɪt
geliefd	χəˈlifət
geliefde	rˈɛiztˈɛ
geliefde	χəˈliːfdə
geliefdes	χəˈliəfsə
gelieg	χəˈliχ
gelikwideer	χəliˈkʰiːdeːr
geloer	χəˈlør
gelok	χəˈlɔk
geloof	χəˈluːf
geloofsbriewe	χəˈluːfsbriːfə
geloop	χəˈluːp
gelos	χəˈlɔs
gelowe	χəˈlʊə
gelowig	χəˈlʊəχ
gelowige	χəˈlʊiχə
gelowiges	χəˈlʊiχəs
gelui	χəˈlœi̯
geluid	χəˈlœy̯t
geluide	χəˈlœi̯də
geluister	χəˈlœi̯stə
geluk	χəˈluk
gelukbringer	χəˈlukbriŋər
gelukgewens	χəˈlukχəˌβɛns
gelukkie	χəˈlukə
gelukkig	χəˈlukəχ
gelukkige	χəˈlukəχiχə
gelukkiger	χəˈlʏkəχər
gelukkigheid	χəˈlukəχəɣə
gelukkigste	χəˈlʏkəxstə
geluksteentjies	χəˈlʏkstəntjɪəs
gelukwens	χəˈlʊkfəns
gelukwensing	χəˈluχfəsɪŋ
gely	xʼjlɑj
gely	χɛli
gelyk	χɛi̯k
gelykbenige	χɛligbənɪχ
gelyke	χɛi̯kə
gelykheid	χɛliˈkɦit
gelykluidende	χɛliˈklyi̯dənə
gelykmaak	χɛliˈkmaːk
gelykop	χɛliˈkɔp
gelyktydig	χɛliˈktɪdiχ
gelym	χɛi̯m
gelys	χəˈlɪs
gelê	χəˈlɪə
gemaak	χəˈmɑːk
gemaak-nederigheid	χəˌmɑːknəˈdɛəχəɪt
gemaakte	χəˈmɑːktə
gemagtig	χəˈmɑxtəχ
gemak	χəˈmɑk
gemaklik	χəˈmɑkək
gemakliker	χəˌmɑkliˈkər
gemanipuleer	χəmanipulɪrə
gemartel	χəˈmɑːrtəl
gemaskerd	χəˈmɑskərt
gematig	χəˈmɑːtəχ
gemeen	χimˈjæm
gemeen	χəˈmiːn
gemeenskap	χəˈmɪəŋskəp
gemeenskaplike	χəˈmiənskɑːlɪkə
gemeenskapsdiens	χəˈmiənskəpsdiəns
gemeenskapsfees	χəˈmɪnskɑfsfis
gemeente	χamienta
gemeente	χəˈmuntə
gemeet	χəˈmɪət
gemeld	χəˈmɛlt
gememoriseer	χəˌmɛːmoːriˈzeːr
gemene	χəˈmɛːnə
gemeng	χəˈmɛŋ
gemerk	χəˈmɛrk
gemiddeld	χəˈmɪdəl
gemiddelde	χəˈmɪdələ
gemik	χəmig
gemis	χəˈməs
gemobiliseer	χəmoβiːliseːr
gemoedelik	χəˈmudələk
gemoeid	χəˈmœi̯t
gemompel	χəˈmɔmpəl
gemors	kəmˈaʊr
gemors	χəˈmɔrs
gemorsland	χəˈmɔrsˌlant
gemsbok	χɛmˈsɔk
gemummiefiseer	χəˌmʏmfiˈsiːr
genaamd	χəˈnɑːmt
genade	χəˈnɑːdə
genadeloos	χəˈnɑːdəlus
genader	χəˈnɑːdər
genadetyd	χəˈnɑːdətɪt
genadig	χəˈnɑːtχ
genadige	χəˈnɑːdiχə
genealiteit	χəneːɑlɪtɛit
geneem	χəˈnim
geneentheid	χəˈnɪə̯ntɦeɪ̯t
genees	ɣ̞ɯ̞njɛs
genees	χəˈnɛs
geneesheer	χəˈniːsɛr
geneeshere	χəˈniːsəɾə
geneeskragtige	χəˈnɪskrɑχtɪχə
geneesmiddel	χəˈnɪsmɪdəl
geneig	χəˈnɛχ
generaal	χəˈɾɑːl
generaal-majoor	χəˌnɪrɑːlˈmɑːjɔːr
generaal-veldmaarskalk	χəˌnəˌrɑːlfɛltˌmɑːrʃɑk
generaals	χəˈnɛrɑːls
generale	χənəˈrɑːlə
generasie	χəˈnɛːrɑːsi
generasies	χənəˈɹɑːsiəs
genesende	χəˈnɛsəntə
geneser	χəˈnɛsər
genesing	χəˈnɛsɪŋ
genesingskrag	χəˈnɛsɪŋskrɑχ
genesis-kamer	χəˈnisəˌkɑːməʁ
geneties	χəˈnɛtsiəs
genetiese	χeniˈtɪə̯sə
geneutraliseer	χəˌnɪtrɑːlɪˈsiːr
geneve	χəˈnɛvə
geniaal	χeniˈɑːl
geniale	χəˈniːlə
genialiteit	χeniɑlɪtɛɪ̯t
genie	χəˈni
geniebataljon	χeniəβaˈtɑɫjɔn
geniet	kˈɛnˈt
geniet	χeniːt
genieë	χəˈniː
genius	χəˈniːs
genié	χəˈniːə
genië	χəˈniə
genl	χɛnɫ
genl-majoor	χənɫmaˈʒuːr
genl-veldmaarskalk	χənlˈfɛltmɑːrʃɑkʰ
genoa	χəˈnwa
genoeg	χəˈnøχ
genoegdoening	χenoːɣˈduəŋ
genoem	χəˈnʊə̯m
genoemd	χenoːmə
genoemde	χəˈnʊməde
genome	χəˈnɔmə
genooi	χəˈnœi̯
genot	ɣ̞anɔt
genot	χəˈnɔt
genotvolle	xanotfoɫe
genoë	χəˈnøː
genscher	χənʃər
gent	χɛnt
gentle	χɛntəl
geoefen	χɔːfən
geopen	χoˈpən
geopende	χoˈpɛndə
geopereer	χoʊpəˈrɪə̯r
geord	χɔːrt
georg	χɔrχ
georganiseer	χɔrgəniˈzɪə̯
georganiseerd	χɔrganiˈziːts
georganiseerde	χɔrgaːnɪˈsɪəɾdə
george	χɔːrʃ
george-kêrel	χɔːrʃəˈkɪə̯ɾəl
georges	χɔːrɪʃ
georgia-wyn	χɔrˈʃawɪn
georgie	χɔrˈʃi
gepak	χəˈpɑk
gepand	χəˈpant
geparfumeerde	χəpɑrfyˈmɪːrə
geparkeerde	χəˈpɑrkiːrə
gepas	χəˈpɑs
gepaste	χəˈpɑstə
gepeupel	ɣəpjəpəl
gepeupel	χəˈpɪəpəl
gepeuter	χəˈpɥtər
gepla	χəplɑ
geplaas	ɣəplˈos
geplaas	χəˈplɑːs
geplak	χəˈplɑk
geplant	χplɑnt
geplaveide	χəplɑːˈviːdə
gepleeg	χəˈplɪəχ
gepleek	χəˈplɪk
gepoets	χəˈpœts
gepoetste	χəˈpœtsə
gepoleerde	χəpʊlɪəɾə
gepoog	χəˈpʊχ
gepraat	χəˈprɑːt
gepreserveerde	χəprəˈsɛrvɛːrə
geproduseer	χəˌprɔːtsɪə̯r
gepropageer	χəprɔpɑˈʃɛːr
geprys	χəˈprəɪs
gepubliseer	χəpublieːsər
gepunte	gəpˈɛnt
gera	χəˈraː
geraadpleeg	χəˈraːtplɪəx
geraak	χəˈrɑːk
geraakte	χəˈrɑːktə
geraakten	χəˈrɑktən
geraam	χəˈrɑːm
geraas	χəˈrɑːs
gerald	χɛrˈgɑːl
gerantsoeneer	χəˈrɑːntsʊə̯nɪə̯r
gerapporteer	χəˌrapɔrˈteːr
gerard	χəˈrɑːrt
gerd	χɛɾt
gereageer	χəˈrɑːχɪr
gered	χəˈrɛt
geredeneer	χəˌrɛːdənəːr
geredigeer	χəˈɹɛdiχər
gereed	χəˈriːt
gereedmaak	χəˈrɪə̯məχ
gereedskap	ɣəriətzgɔp
gereedskap	χəˈrɛːskɑp
gereel	χəˈɾil
gereeld	aɾˈelt
gereeld	χəˈrɪə̯lt
gereelde	χəˈriːləde
gereg	χəˈrɛχ
geregistreer	χəˌreɪχəˌstriːr
geregistreerde	χəˈrɛχəstrɪəɾə
geregtig	χəˈrɛxtəχ
geregtigheid	χəˈrɛχtɪəxˌfɪəx
gereguleer	χəˌreːguləˈiːr
geregverdig	χəˈrɛχfərdɪχ
gerehabiliteer	χəˌrɛəβiˌliˈtiːr
gereik	χəˈrɛik
gereinigde	χəˈrɛinɪxtə
gereis	χəˈrɛis
gerek	χəˈrɛk
gereken	χəˈrɛkən
gereserveer	χəˌrɛsərˈviːr
gerespekteer	χəˈrɛspɪktəːr
gerespekteerd	χəˈrɛspɪkɪə̯rt
gereël	ɦarjɛʊ
gereël	χəˈrɪːl
gereën	χəˈrɪn
gerf	χæɾf
gerhard	χɛrˈhart
gerief	χəˈriːf
gerieflik	χəˈriːflək
gerig	χəˈrɪχ
gerimpel	χəɹimˈpəl
gering	χəræŋ
gering	χəˈrɪŋ
geringste	χəˈrɪŋstə
germaanse	χɛrmɑːnsə
germain	χəˈrɛimə
germane	χɛrmɑːnə
germanistiek	χəɾmiˈnɪstik
gern	χɛrn
geroep	χəˈrœp
geroer	χəˈruːr
gerook	χəˈrʊk
gerookte	χəˈrʊktə
gerooster	χəˈrustər
geroosterde	χəˈrustə
gerrit	χɛrɪt
gert	χɛr
gerug	χəˈrœχ
gerug	χɪ̞rʊ̞x
gerugte	χəˈrɯktə
geruik	χəˈrœi̯k
geruil	χəˈrœi̯l
geruime	χəˈrimə
gerus	χəˈrʌs
gerusstel	χəˈrʌstəl
geruïneer	χəˈrɪnɪə̯r
gervais	χɛrˈvɑɪ̯s
gery	χəˈri
geryloop	χəˈrʏlʊp
gerëel	χəˈrɪəl
gesag	χəˈsɑχ
gesak	χəˈsɑk
gesalfde	χəˈsɑlfdə
gesamentlik	χəˈsɑːmənˌtɛlik
gesamentlik	χʏ̞sɑmɯ̞ntlʏ̞k
gesamentlike	χəˈsɑmənˌtəlikə
gesang	χəˈsɑŋ
gesant	χəˈsɑːnt
gesante	χəˈsɑːntə
gescand	χəˈsant
gese	χəˈsɛ
gesegde	χəˈsɛχdə
gesegdes	χəˈsɛχdəs
gesellig	ɣəsɛləx
gesellig	χəˈsɛlχ
gesellig	χɪ̞sɑlɑx
gesellige	χəˈsɪləɣə
gesellin	χəˈsɛlən
gesels	χəˈsɛls
geselsend	χəsəlsənt
geselskap	χəˈsɛlskɑp
geselskappe	χəˈsɛlskəpə
gesensor	χəˈsɛnsɔr
gesertifiseerd	χəˈsɛrtiːfɪəˌsiːts
geseënd	χəˈsɛnt
geseënde	χəˈsɛːndə
gesien	χəˈsiən
gesig	χəˈsɪχ
gesig	χɪ̞sə
gesiggie	χəˈsɪxi
gesigte	χəˈsɪktə
gesin	χəˈsɪn
gesin	χɛsɛn
gesind	χəˈsənt
gesing	χəˈsɪŋ
gesink	χəˈsɪŋk
gesinne	χəˈsɪnə
gesinsvakansie	χəˈsɛnsfɑˌkɑnsiə
gesit	χəˈsɪt
geskaafde	χəˈskɑːfə
geskaam	χəˈsɑːm
geskape	χəˈkɑːpə
geskeer	xeskia
geskeer	χəˈsɪr
geskei	χəˈsɛi
geskend	χəˈsɛnt
geskenk	χəˈsɛŋk
geskenke	χəˈsɛŋkə
geskenke-aand	χəskəŋkɑːnt
geskenkie	χəskəŋki
geskenkies	χəˈsɛŋkəs
geskenkwinkel	χəskəŋkʋɪŋəl
geskep	χəˈsɪp
geskeur	χsɪˈkœr
geski	χɪ
geskied	χəsiːk
geskiedenis	ɾˈskiˈɾˈnes
geskiedenis	χəˈsiːdiə̯s
geskiedenisonderwyser	χəˌsiːəˌdiːə̯nɪˌsɒ̃ːnˈdɛrˌvɪsər
geskiet	χəsiːt
geskik	χəˈsik
geskik	χɯ̞skʊ̞k
geskikste	χəˈsɪkstə
geskikte	χəˈsɪktə
geskil	xəskəl
geskilder	χəsˈkɪldər
geskok	χeskɔk
geskop	χeskɔp
geskors	χɛskɔrs
geskrap	χəˈskrɑp
geskree	χəˈskriː
geskreeu	χəˈsɹɪːu
geskrewe	χəˈskrɪə̯
geskrifte	χəˈskrɪftə
geskrik	χəˈskrɪk
geskrop	χəˈskrɔp
geskryf	ɣəskrəz
geskryf	χəˈsriːf
geskud	χəskʏt
geskuif	χsɟʰœyf
geskuil	χsɟʉɪ̯l
geskuld	χəˈskʊlt
geskuur	χəˈskʰyːr
geslaag	χəˈslaːχ
geslaagde	χəˈslɑːχdə
geslaan	χəˈslɑːn
geslaap	ɣ̞əslɑːp
geslaap	χəˈslɑːp
geslag	təslˌɑh
geslag	χəˈslɑχ
geslagdele	χəˈslɑχdələ
geslagte	χəˈslɑχtə
gesleep	χəˈsliːp
geslepe	χsɫɛpə
geslote	χəˈslotə
gesluierde	χəˈslœi̯ərdə
gesluit	χəˈslœi̯t
gesmag	χsmaχ
gesmeed	χsmiːt
gesmeek	χsmiːk
gesmeer	χəˈsmiːr
gesmelt	χsˈmɛlt
gesmelte	χsˈmɛltə
gesmokkel	χɪsmɔkəl
gesmoor	χəˈsmʊə̯r
gesneeu	χəˈsniːu̯
gesneuwel	χsnøʊ̯əl
gesnoer	χəˈsnøːr
gesny	χəsniː
gesnyde	χəˈsnide
gesoek	χəˈsœk
gesoen	χəˈsœn
gesofistikeerde	χəˌsɔfɪˈstɪkɪːrə
gesog	χəˈsɔχ
gesogde	χəˈsɔχdə
gesogte	χəˈsɔχtə
gesond	kasont
gesond	χəˈsɔnt
gesonde	χəˈsɔntə
gesonder	χəˈsɔndər
gesondheid	χəˈsɔntɦɛit
gesondheid	χɛzɫɯ̞ntɑjt
gesondheidsorg	χəˈsɔntɦɛitˌsɔrx
gesondheidsprobleme	χəˈsɔntɦɛɪ̯tspruˌβɛlə
gesondheidsredes	χəˈzɔntɦeɪ̯tsˌreːdəs
gesondheidstoestand	χəˈsɔntɦɛitstoːənt
gesondheidswerkers	χəˈsɔntɦɛitsˌvɛrkərs
gesorg	χəˈsɔrχ
gespaar	χəˈspɑːr
gespan	χəˈspɑːn
gespandeer	χəˈspandeːr
gespanne	føzpˈɑn
gespanne	χəˈspaːnə
gespeel	χsˈpɪə̯l
gespel	χəˈspɛl
gespes	χəˈspɛs
gespierd	χəspiːɹt
gespierde	xaspiːrda
gespitste	χəspɪtstə
gespoeg	χəspuχ
gespoel	χəˈspuːəl
gespog	χəspɔχ
gespot	χəˈspɔt
gespreek	χəˈspɹɛk
gesprek	χəˈsprɛk
gesprekke	χəˈsprɛkə
gesprekkie	χəˈsprɛki
gespreksvaardigheid	χəˈsprɛkfsɑːrɪəɣ̊ʰt
gespring	χəˈsprɪŋ
gespuit	χəspɥit
gespyker	χəspɪkər
gesta	χɛsta
gestaak	χɛˈstɑːk
gestaan	χəˈstɑːn
gestamp	χɛˈstɑmp
gestap	χɛsˈtɑp
gestapel	χɛsˈtɑpəl
gestapo	χɛsˈtɑːpoː
gesteek	χəˈstɪk
gesteel	χəˈstɛːl
gesteelde	χəˈstɛːlə
gestel	xəstˈɑl
gestel	χəˈstɛl
gesteld	χəˈstɛlt
gestem	χɛsˈtɛm
gesterf	χɛsˈtɛrf
gesteriliseer	χɛstəɾiːliseːr
gesteun	χəˈstœn
gesteur	χəˈstœr
gesteurd	χəˈstʏːrt
gestig	χəˈstiχ
gestoor	χɛˈstʊə̯r
gestop	χɛsˈtɔp
gestopte	χɛsˈtɔptə
gestorm	χɛsˈtɔrm
gestort	χɛsˈtɔrt
gestorwe	χɛsˈtɔːfə
gestorwene	χɛsˈtɔːrəne
gestowe	χɛsˈtoʊə
gestraf	χɛsˈtrɑːf
gestrafde	χɛsˈtrɑːftə
gestrafdes	χɛstrɑfdəs
gestrand	χəˈstrɑːnt
gestrande	χɛsˈtrɑːnde
gestreef	χəˈstɹeːf
gestreel	χəˈstrɪːl
gestremd	χɛstrɛmd
gestremde	χɛstrɛmdə
gestremdheid	ɣəstrɛmdtəijt
gestrooi	χɛsˈtrɔʏ̯
gestroop	χəˈstruːp
gestudeer	χəˈstʏdeːr
gestuit	χəˈstœy̯t
gestuur	xɛstir
gestuur	χəˈstyːr
gestyg	χəˈstɪχ
gesuip	χəˈsœi̯p
gesuip	χɪ̞sɑjp
gesuis	χəˈsœi̯s
geswaai	χəˈswaːi
geswartlys	χəˈswaɾtəɪ̯s
gesweef	χsʋiːf
gesweer	χsʋeːr
geswelde	χəˈsʋɛldə
geswem	χəˈsʋɛm
geswiep	χsiːp
geswig	χəˈsɪχ
gesé	χəˈsɛ
gesê	χəˈsi
gesëen	χəˈsɪən
gesëend	χəˈsɛnt
gesȇ	χəˈsi
get	χɛt
getal	χəˈtɑl
getalle	χəˈtɑlə
getalle-orakel	χəˈtɑləˌɔrɑkəl
getalsmatig	χəˈtɑlsˌmɑtiχ
getatoeer	χəˈtɑːtʊər
geteel	χəˈtiːl
geteem	xtiːm
geteer	χəˈtiːr
geteiken	χəˈtiːkə
geteken	χəˈtɛkən
getel	χəˈtɛl
getelegrafeer	χəteːləgrəˈfeːr
getemper	χəˈtɛmpər
geterg	χəˈtɛχ
getik	χəˈtɪk
getjank	χɛtʃɑŋk
getoer	χəˈtœr
getoets	χəˈtøts
getooi	χəˈtœi̯
getoon	χəˈtʊə̯n
getou	χəˈtuː
getrap	χəˈtrɑp
getraumatiseer	χətrɑːmətiːˈsɪə̯r
getree	χəˈtrɛː
getref	χɛtˈrɛf
getrek	χɛtrɛk
getreur	χəˈtrœːr
getriomfeer	χəˈtrumfəːr
getroos	χəˈtrʊə̯s
getrou	ɦɛtrɛl
getrou	χəˈtrœu̯
getroud	χəˈtrœu̯t
getroude	χəˈtrœu̯də
getroue	χəˈtrœʏə
getrouheid	χəˈtrœi̯əɪ̯t
getrouste	χəˈtrøːstə
getug	χəˈtʌχ
getuie	χəˈtui̯ə
getuienis	χatajgnis
getuienis	χəˈtui̯ənɪs
getuies	χəˈtuis
getuig	χəˈtœiχ
getuigskrif	χəˈtœi̯skrɪf
getwyfel	χɛtˈfəl
gety	χəti
getye	χəˈti
geur	kjeːɾ
geur	χʊr
geure	χuːrə
geurig	χuːrɪχ
geurige	χʊə̯riχə
geut	fˈɛst
gevaar	χəˈvɑːr
gevaarlik	χəˈvɑːrək
gevaarlike	χəˈvɑːrliχə
gevaarlikste	χəˈvɑːrɪkstə
gevaartoelaag	χəˈvɑːrtʊəˌlɑːχ
geval	ɣɾfɑɫ
geval	χəˈfɑl
gevalle	ɣəfɑlɛ
gevalle	χəˈfɑlə
gevang	χəˈfɑŋ
gevange	χəˈβɑŋə
gevangene	χəˈvɑŋəne
gevangene	χɯ̞fɑŋʏ̞nʏ̞
gevangeneming	χəˈvɑŋənəˌmɪəŋ
gevangenes	χəˈvɑŋənəs
gevangenis	ɣəvˈɑŋənɛs
gevangenis	χəˈvɑŋənəs
gevangenis-arbeiders	χəˈvɑŋənɪsˌɑrbeɪ̯dərs
gevangenisdirekteur	χəˌvɑŋəˌsɛnɪsdiˈrəktʏr
gevangenishoof	χəˈvɑŋənɪsˌɦoːf
gevangenisopstand	χəˈvɑŋənɪsˌɔpˈstɑnt
gevangenisstraf	χəˈvɑŋənɪsˌtrɑːf
gevangenistoestande	χəˈvɑŋənɪstoːˌstɑndə
gevanges	χəˈvɑŋəs
gevare	χəˈvɑːrə
gevat	χəˈβat
gevechtsskepe	χəˈfɛçsˌkɛpə
gevee	χəˈβiː
geveerdes	χiˈvɪə̯rdes
geveg	χɛβɛχ
geveg-swem	χɛβɛχsɛm
gevegsalarm	χəˈβɛksɑlɑrm
gevegsgroepe	χəβɛχsxruːpə
gevegswem	χɛfɛksʋɛm
gevegte	χəˈvɛxtə
geveins	χəˈvɛins
geveinsde	χəˈfɛinsdə
gevel	χəβɛl
geverf	χəˈvɛrf
geverg	χəˈvɛχ
geverifieer	χəβəɾiˈfiːə
gevestig	χəˈvɛstɪχ
gevier	χiˈfɪr
gevind	χəβint
gevisualiseer	χəβiːsɪuəlaɪ̯sər
gevlei	χəβɛɪ̯
gevlieg	χəβliχ
gevloei	χəˈflœi̯
gevloek	χəˈflɪk
gevlug	ɣəflˈɯx
gevlug	χəˈβlɯχ
gevoed	χəˈvuːt
gevoeg	χəˈvɔχ
gevoel	χəˈvul
gevoelens	ˈeːfəlˌɛns
gevoelens	χəˈvuləns
gevoelig	χəˈvuiəɫ
gevoelloos	χəˈvɛloːs
gevoelvolle	χəˈfuːlfələ
gevoer	χuˈvør
gevolg	χəˈvəlχ
gevolge	χəˈvɔlχə
gevolgtrekking	χəˈvəlχtrɛkɪŋ
gevonnis	χəβɔnis
gevorder	χəˈvɔrdə
gevorderd	χəˈvɔrtərt
gevorderde	ɣəfrˈdɑdə
gevorderde	χəˈvɔrde
gevorm	χəˈfɔrm
gevou	χəβou
gevra	χəfrɑ
gevrees	χəˈβrɪə̯s
gevreet	χəˈβriːt
gevrek	χəˈfrɛk
gevries	χəˈβrɪə̯s
gevriesde	χəˈfrisə
gevry	χəβri
gevul	χəβʊl
gevulde	χəˈβʊlə
gevuur	χəβʊːr
gevuurd	χəˈβyrd
gewaad	χəˈʋaːt
gewaag	χəʊɑːχ
gewaagd	χəʊ̯ɑːχd
gewaai	χəʊəɪ
gewaarborg	χəˈβɑːrχə
gewaardeer	χəˈvɑːrdeːr
gewaarsku	χəˈu̯ɑːrskʰu
gewag	χəβɑχ
gewantrou	χəˈwɑːntɹœu
gewapen	χʋaːpə
gewapende	ɣɛvɑpəndɛ
gewapende	χʋaˈpɛndə
gewas	χəβɑs
gewed	χəβɛt
geweek	χəˈvɪk
geweekte	χəˈvɪktə
geween	χiˈʋiːn
geweer	ɣ̞əvjær
geweer	χəˈβiːr
gewees	χəˈβɪs
geweest	χɪˈvəst
geweet	χiˈvɛt
geweier	χəˈvɪər
gewek	χɛvək
geweld	ɣəʋˈɛlt
geweld	χʋɛlt
geweldadig	χʋɛlˈdɑːχ
geweldadige	χʊə̯ˈvɛltədiχə
gewelddadig	χʋɛldəˈdiχ
geweldig	χʋɛlˈdiχ
geweldige	χʊəˈvɛltiχə
gewelf	χɛu̯ɛlf
gewen	χəˈβɛn
gewens	χəβəns
gewere	χʋəˈrɛ
gewerf	χəˈvɛrf
gewerk	χəˈrɛk
gewers	χəβərs
gewese	χəβiːsə
geweste	χəˈβɛstə
gewete	χəβɛtə
gewetes	χʋəˈtɛs
gewetter	χəˈvɛtər
gewig	χəβɪχ
gewigte	χʊi̯tə
gewigtig	χəβɪçtiχ
gewigtige	χəβɪxtiɣə
gewigtigheid	χəʊ̯ixtˈfɪŋt
gewil	χəβɪl
gewild	xvˈɛl
gewild	χəβɪlt
gewilde	ɣəvˈɛldə
gewilde	χəˈvɪlə
gewildste	χəˈvɪltstə
gewillig	χəˈvɪlɪχ
gewillige	χəˈvɪlɪχə
gewin	χəˈwɪn
gewoel	χʊəl
gewond	χʋɔnt
gewonde	χʋɔːndə
gewonder	χʋʊnˈdɛr
gewondes	χʋɔndəs
gewone	xavuɛnə
gewone	χʊəˈnə
gewoon	χʊən
gewoond	χəʊ̯n̥t
gewoonlik	abwˈinlək
gewoonlik	χʊˈɔːnlik
gewoonte	χɛvɫɛntæ
gewoonte	χʋoːntə
gewoontes	χʋuːntəs
geword	χəˈvɔrt
geworstel	χʊrˈstɛl
gewreek	χʁɪk
gewrig	ɣɛvrˈɛx
gewy	χuɪ
gewys	χəβəɪs
gewysig	χəβɪsɪχ
gezien	χiˈiən
geëer	ɣˈeɪr
geëerde	χeːə̯rde
geëet	χeːt
geëindig	χəi̯nˈdiχ
geëis	χeɪs
geëmigreer	χəʔemigriːr
geërf	χəɪ̯rf
geëvalueer	χeːvalɥeːr
geïdentifiseer	χəi̯di̯tɪfiseːr
geïgnoreer	χəignoreːr
geïmproviseerde	χəɪ̯mpɹəviˈzɪə̯ɾə
geïnduseerde	χəi̯nɟuˈsɪəɹdə
geïnstalleer	χəi̯nstɑːləːr
geïntereseerd	χəi̯n̪təɾəsiːəɾt
geïnterneer	χəi̯ntɛrnɛːr
geïsoleerde	χəi̯sʊləːrdə
ghibli	χɪˈβɪli
ghitaar	ɣitːɔɾ
gholf	kɔlf
gianetta	χɪa̯nɛtə
gibbs	χɪps
gibbsy	χɪpsi
gibert	χɪˈbɛrt
gids	ɣˈas
gids	χɪts
gidsboek	χɪtsbuk
gier	xeːr
gier	χiːr
giere	χɪə̯rɛ
gierige	χiːɾiɣə
gierigheid	χiːɾəɪ̯çtʰəɪ̯t
giesecke	χiˈsɛkə
gieseckes	χiˈsɛkəs
giet	ɣ̞it
gif	xas
gif	χɪf
gif	χɪ̞θ
gift	χɪft
giftig	χɛftɛr
giggel	xˈaχˈaɫ
giggelend	χɪχələnt
gijs	χɪs
gil	χɪl
gilbert	χɪlbɛrt
gilde	χɪldə
gillardeaus	χɪlɑːrdeʊ̯s
gille	χɪlə
gilles	χɪlə
gim	χɪm
gimnasium	χɪmˈnɑːsɪəm
gimnastiek	xɛmnˈosˈik
ginnegaap	χɪnəˈɣɑːp
ginneken	χɪnəkən
gips	χɪps
gipsvorms	χɪpsfɔrms
girgl	χɪrχl
girodet-skildery	χɪɾoˈdɛtˌskɪləi̯
girolamo	χiɾoˈlɑmo
gis	χɪs
gister	kastar
gister	χɪstə
gisteraand	ɣəstˈɾˈaːnt
gisteraand	χɪstə́ːnt
gisterenavond	χistəˈrɛnɑˌfɔnt
gistermiddag	χɪstəˈmɪɾɑːχ
gisteroggend	χɪstəɹɔχən
giuffrè	χɪˈfʁɛ
giulia	χɪu̯liɑ
give	giːf
giza	χiza
glad	χlæ
glad	χɫat
gladde	χɑɾde
gladden	χɑldən
gladnie	χɑlˈɟni
gladweg	χɫatˈvɛχ
glaeske	χlɛskə
glans	χlɑns
glansende	χlɑnsɛndə
glas	xlas
glas	χɑs
glasbakke	χɑsˈbɑkə
glase	xlasɯ
glase	χlɑːsə
glasie	χɑsi
glasies	χlɑsiəs
glatzen-freund	χlatsənfrʌɪnt
glatzen-trost	χlatsəntroːst
glatzenfreund	χlatsəɳfrœynt
glatzentrost	χlatsəntroːst
glatzheimer	χlatsəmaɪ̯ər
glaze	χlɑːs
gletser	xlitsər
gleuf	xlˈɪf
glibberig	χlabˈaɾa
glide	χliːd̪ə
glimlag	χɪmlɑχ
glimlag	χɫəmɫɐχ
glimlaggies	χɪmlɑχi
glimlagte	χɪmlɑχtə
glimmer	χlɪməʁ
glinster	χlɪnstər
glip	χlɪp
glips	χlɪps
glipsie	χlɪpsi
glo	χloː
gloed	χlʊə̯t
gloei	χlœi
gloeiende	ɣluiəntə
gloria	χloːriə
glorie	ɣloɾi
glorie	χloːri
glorieryke	χloːriəɾiːkə
glory	gloːri
gly	χliː
glyskaal	χlʏskaːl
glück	χlʏk
gmunden	χmʊndə
go	χoː
god	xot
god	χɔt
goddank	χɔdaŋk
goddelike	χɔɸəˈlɪkə
goddeloos	χɔdəˈlus
goddelose	χɔtəˈlʊsə
gode	xʊɪ̞dɛ
gode	χoːdə
godeschal	χodəʃɑl
godin	χɔdiːn
godinne	χɔdiːnə
gods	χɔts
godsdiens	χoːtstins
godsdiens	χɔtsdi̯ens
godsdiensoorlog	χɔtsdiɛnˈsɔːχ
godsdienstige	χɔtsdiənsɪχə
godslaster	χɔtslɑstər
godswil	χɔtsfɪl
goebbels	χɔːbəls
goed	tʁˈʏ
goed	χuːt
goed	χʊə̯t
goedbeheersde	χuɛdbəɦiːrsdə
goedbeheerste	χutbɛɦiːrstə
goeddink	χøːdɪŋk
goeddoen	χuːdun
goeddunke	χudʊŋkə
goede	χuːdə
goedere	χudəra
goedgaan	χʊdχɑːn
goedgekeur	χugəˈkøːr
goedgemanierd	χutʃəmaɪnəɾt
goedgemanierde	χudχəmaɪˈniːrə
goedgunstig	χʊd̥xʊnstɪχ
goedgunstiglik	χutʃʃʊŋstɪχlɪk
goedhartig	χutˈhartəx
goedhartigheid	χutˈhartɪxəi̯t
goedheid	χut
goedjies	χʊəɪʃ
goedkeur	χuːɾ
goedkeuring	χuɪ̯kœrɪŋ
goedkoop	χuːtkʰup
goedkoopste	χuːtkʰoːpstə
goedkoper	χʊɾkɔpər
goedmaak	χʊd̪mɑːk
goeds	χʊə̯ts
goeie	xuja
goeie	χuiə
goeiedag	xˈujədˈɑx
goeiedag	χui̯ədaχ
goeiemiddag	χoiəˈmɪtɑχ
goeiemore	ɣuiəˈmɔːrə
goeiemôre	χoi̯əˈmœːrə
goeienaand	χuiəˈnɑːnt
goeienag	χuiəˈnɑχ
goeies	χui̯s
goeinag	χɔɪnɑχ
goeiste	χustə
goering	χuːəɹɪŋ
goes	χɔs
goethe	χɔːtə
goewernante	χʊəɾnəntə
goewerneur	χʊə̯ˈrɪø̯r
goewerneur-generaal	χʊəvərˈnʏrxəˈnɪəl
goey	χɔi̯
goggas	χɔχəs
gogh	χoχ
gogh-naam	χoːn̥
goghs	χɔχs
goh	χo
going	goʊɪŋ
golf	xof
golf	χɔlf
golfies	χɔlfɪə
golflengte	χɔlfˈlɛŋtə
golgota	χɔlχota
golwe	χɔlβe
golwende	χɔlˈvɛndə
gom	hom
gomlastiek	omˈlastˈik
gomułka	χoˈmulkə
gondellied	χɔndɛliːə
gondola-meisie	χɔnˈdoːləˌmɛi̯siə
gondolameisie	χɔndɔlɑmeɪsi
gone	χɔːnə
gong	χɔŋ
gonpalet	χɔmpəˈlɛt
gons	xanz
gonza	χɔnsa
gonzague	χɔnˈsɑːχə
gonzague-huis	χɔnzaɣəuis
good	χuː
goodbye	χuːdbaɪ
google	gooːgoʊ
google	χuːgəl
gooi	χɔi
goor	xʊˈbɪ
goor	χʊə̯r
gorbachev	χɔrbaˈxɛf
gorbatsjof	χɔrbətʃɔf
gorbatsjov	χɔrbətʃɔf
gordel	xordɫ
gordel	χɔrˈdəl
gordelroos	χɔrˈdəlrus
gordon	goːrdən
gordyn	χɔɾdin
gordyne	χɔːrˈdiːnə
gorilla	gʏɾɛlɑ
gorman	χɔrmɑːn
gote	χɔtə
gothenburg	χɔtəˈbʏŋ
gou	xˈɔː
gou	χuː
goud	xˈʌʊt
goud	χuːt
goud	χœut
gouda	χʊda
goudgeel	xˈɔʊdɣəl
goue	χuə
gouer	χuːə̯r
gouerisl	χʊəɹɪsl̩
govaert	χɔˈvɑːrt
goy	χɔɪ̯
goël	xuːl
goût	χuːt
graad	χrɑːt
graaf	xrɑf
graaf	χrɑːf
graafskap	χrɑːfskɑp
graag	χrɑːχ
graan	χrɑːn
grabber	χrɑβər
grabouw	xrabau̯
grade	χrɑːdə
graf	χräf
graf	χrɑf
graffiti	χrɑfiːti
grafgelders	χrɑfχɛldərs
grafin	χrafɪn
grafkamer	χrafkɑməʁ
grafsteen	χrɑfsʈeːn
grafte	χrɑftə
grag	χrɑχ
gram	xrɑm
gram	χrɑːm
gramatika	χrɑːmətiˈkɑː
grammatika	xrɛmmatjka
grammen	χrɑmən
gran	χrɑːn
granaat	χrɑnɑːt
granate	χrɑnɑtə
grand	χrɑːnt
grandieuse	χrɑːndiˈsøː
grant	χrɑːnt
granted	χrɑːntɛt
grap	xrap
grap	χrɑp
grapjas	xrapias
grapjas	χrɑpχɑs
grappe	χrɑpə
grappie	χrɑpɪ
grappies	χrɑpɪə
grappig	χrɑpɪχ
gras	xɾɑst
gras	χrɑs
grasie	χɹaːsi
grasieus	χraːsiøs
grasperk	xraspɛrk
grasveld	χɑsfɛlt
gratien	χraːtiən
gratis	xrɑtɛs
gratis	χrɑːtɪs
graveer	χrɑːˈvɪr
gravering	χrɑːvəˈrɪŋ
gravin	χrɑβin
grawe	χrɑːvə
grawers	χrɑːvərs
great	grɛt
greater	χrɛtər
greatest	grɛːtəst
green	χriːn
greep	xriːb
greep	χrɪp
gregor	χrɛɣoːr
gregoriaanse	xrexorejɔnse
greintjie	χrɛintʃi
gremlin	χrɛmliŋ
grens	xɾiːns
grens	χrɛns
grens-deurgange	χrɛnsdœrχaŋə
grensdiens	χrɛnsdiə̃s
grensdorp	χrɛnsdɔrp
grense	χrɛnsə
grensgeval	χrɛnsχfɛɫ
grensgeval-sone	χrɛnsχfɛɫsɔnə
grenskommando	χrɛnsˈkʰɔmando
grensoorgang	χrɛnsʊrgɑŋ
grenspos	χrɛnsˈpɔs
grenswag	χrɛnsvaχ
grenswagte	χrɛnsˈvɑχtə
greska	χrɛska
gretchen	χrɛtʃən
gretel	χrɛtəl
greteltjie	χrɛtəlcəi
gretig	xrɪtˈɑx
gretig	χrətiχ
gretige	χrətiɣə
grief	χriːf
grieg	χriːəx
griek	friːk
grieke	χriːkə
griekeland	xriːkəlˈɑnd
griekeland	χriːkəlɛnt
grieks	xrɛks
grieks	χrɪəks
griekse	χrɪksə
griekwa	xrikkwa
griep	χrɪk
grieve	χriːvə
griewe	χriːfə
grillerig	χrɪləɾəχ
grimeer	χriˈmɪr
grimeer-meisie	χriːməɪ̯si
grimering	χrɛmjæræn
grinnik	χrɪnɪk
grishka	χrɪʃka
groef	χrœf
groei	xrʊ̞j
groei	χrɔi̯
groeiende	χrɔi̯əntə
groen	χrʊən
groenheid	χrʊə̯nɦɪə̯t
groeninge	χruəiŋə
groente	xrʏlta
groente	χrʊəntə
groentetuin	χruəntətyɪn
groep	χrʊəp
groepe	χruːpə
groepering	χruːpəˈrɪŋ
groepie	χrʊəpi
groepkontrole	χrʊə̯pˈkɔntrə̯lə
groepleier	χruːpˈliːr
groet	χrʊət
groet	χrʏt
groete	χruːtə
groewe	χruːə
grof	xrɔf
grofgebreek	xroːfɣəbrˈeːk
grom	xrˈum
grom	χrɔm
groma	χrɔma
grond	xrʊ̞nð
grond	χrɔnt
gronde	χrɔndə
grondeienaar-gemors	χrɔndəi̯nɑːrχəˈmɔrs
grondeienaars	χrɔndəi̯əˈnɑːrs
grondgebied	χrɔntχiˈbɛɪ̯t
grondig	χrɔnˈdiχ
grondige	χrɔndiχə
grondlaag-klippe	χrɔntlɑːχklɪpə
grondslag	χrɔntsˈlɑχ
grondsteun	χrɔntʃtœn
grondstowwe	χrɔntˈstʊə
grondwal	χrɔntfɑl
grondwet	χrɔntˈvɛt
groo	χruː
groot	xrʊət
groot	χruːt
grootbek	χruːt̪bɛk
grootgemaak	χruːtχəmaːk
grootgeword	χruːtχvɔːrt
grootheid	χruːtˈɦiːt
grootkoppe	χruːtkɔpə
grootmaak	χruːtmaːk
grootmens	χrʊə̯tmɛ̃ːs
grootmense	χruːtmənsə
grootouers	χruːtəus
grootpens	χruːtpɛns
grootse	χruːtsə
grootseil	χruːtsɛɪ̯l
grootseun	χruːtsɛn
grootste	χruːtstə
grootte	xrʊtˈa
grootte	χruːtə
groottes	χruːtəs
groottoon	χruːtʊə̯n
grootvader	χruːtfaːdər
grootword	χruːtˈvɔrt
grosalie	χrɔsɑli
groslay	χrɔslai̯
grossarlie	χrɔsɑːrli
grot	ɣɾɔt
grot	χrɔt
grote	χrɔtə
groter	χrɔtər
groter	χrɵɛtær
grotes	χruˈtɛs
groteske	χrɔtɛskə
grothe	χrɔtə
grou	χruː
growwe	χruə
growwe	χʊ̞rʊ̞vɑ
grozny	χrɔsni
gru-beeld	χruːˈbɛlt
grubitz	χruˈbɪts
gruenne	χrʏnə
gruis	xrɑjs
grusaam	χrusɑːm
grusame	χruˈsɑmə
grusamer	χrusəmər
gruwel	χruwəl
gryp	χrɪp
grys	χrɪs
gryser	χrəsər
grzegorz	χrʒɛˈgɔrʃ
gu	χʊ
guadeloupe	gʋɑːdəlʊp
guardian	χɑːɾdi̥ɑːn
guarneri	χʊəˈnɛːri
guderian	χʊdəriɑn
guerre	χuːr
guesthouse	χɛstɦɑːs
guh	χʊ
guillaume	gɥiːlɛm
guillaumin	gɪˈlɑːmɪn
guillotien	χɪlɔtiːn
guillotine	χɪlˈtinə
gullik	χʊlɪk
gulliver	χʊlɪvər
gulp	xuːp
gun	χʊn
gundi	χʊndi
gunny	χʊni
guns	xˈəns
guns	χuns
gunsie	χɛnsiː
gunsie	χʊnsi
gunsies	χunsis
gunste	χunstə
gunsteling	χunsˈtɛlɪŋ
gunsteling	χʏ̞nʂtjɪlɪ̞ŋ
gunsteling-akteur	χunsˈtɛlɪŋˈɑktœr
gunsteling-boeke	χunsˈtɛlɪŋˌbuːkə
gunsteling-klante	χunsˈtɛlɪŋˌklɑːntə
gunsteling-regiseur	χunsˈtɛlɪŋʁəˌsiːr
gunstelingboom	χunstələŋboːm
gunstelingbroer	χunstələŋbruːr
gunstelinge	χunsˈtɛlɪŋə
gunstelingslaai	χunsˈtɛlɪŋsɫaɪ̯
gunstelng	χunsˈtɛlŋ
gunstig	χunˈstɪχ
gunstige	χunsɪstə
gunter	χʊntər
gunther	χʊntər
gustav	χʊˈstɑf
guten	χʊtən
guts	χʊts
guy	χɪ
gwijde	χʍiːde
gym	χɪm
gypsies	χɪpsi
gyselaar	ɣisəˈlɑːr
gyselaars	gəsəˈlɑːrs
gô	xo
gödöllö	ɣœˈdœloː
göring	χɔːrɪŋ
günther	χʏntər
h	a
h	χ
h4	ɦaː
ha	ɦaː
haag	ɦɑːχ
haai	hˈaɪ
haai	ɦaːi
haak	hɔːk
haak	ɦɑːk
haakon	ɦaːkɔn
haal	ɦɑːl
haal	ˈɔl
haan	ɦɑːn
haar	ɦɑːr
haar	ˈɔɾ
haardroeër	ɦɑːrˈdrœːr
haardroër	ɦɑːrdrœːr
haarfyn	ɦɑːrˈfən
haargroei-tandepasta	ɦaːrχrɔi̯tɑndəpɑstə
haargroeimiddel	ɦaːrɣruimɪdəɫ
haargroeimiddel-besigheid	ɦaːrɣruimɪdəɫbɛsiçtʰ
haarkapper	ɦɑːrˈkɑpər
haarkapster	ɦɑːrˈkɑpstər
haarlem	ɦɑːrˈlɛm
haarself	ɦɑːrsɛlf
haarstuk	ɦɑːrˈstʏk
haarstyl	ɦɑːrˈstʏl
haas	ɦɑːs
haasdonck	ɦɑːsdɔŋk
haastig	hɑːstəx
haastig	ɦɑːˈstiχ
haat	ɦɑːt
haatdraend	ɦɑːtˈdrɑːə̯nt
habicht	χɑˈpɪχt
habitat	χaβiˈtɑt
habsburgers	ɦɑbsˈbɜrɣərs
hacker	ˈhɑkər
hackers	χɑkərs
had	ɦɑt
hadeda	ˈɑːdidaː
hadn	ˈhɑtən
hael	ɦɑːl
haha	χaχa
hahn	ɦɑːn
haifa	ɦaɪ̯fə
haifa-woonstel	ɦaɪ̯fɑwoːnstɛl
hailstorm	ɦɛilstoːrm
hak	ak
hakies	ˈɦɑkiəs
hakkel	ˈɦɑkəl
hakkelaar	ˈɦɑkələɑr
hakkies	χakəi
halen	ɦɑlə
half	ɦɑf
half-elf	ɦɑfɛlf
half-heartedness	ˈɦɑfɦɑːrtətnəs
half-uur	ɦɑfʏːr
halfbreine	ˈɦɑfbrɛi̯nə
halfdosyn	ˈɦɑlfdosən
halfeld	ɔːlfˈɔlt
halfklaar	ˈɦɑfklɑːr
halfmiljoen	ɦɑfˈmɪljuə̯n
halfpad	ɦɑfˈpɑt
halfprys	ɦɑfˈprəɪ̯s
halfsuster	ɦɑlfsystər
halfuur	ɦɑfˈʏːr
halfuurtjie	ˈɦɑlfʏrtjɪ
halinka	ˈɦaːlɪŋkə
halleluja	χaləˈluja
hallo	ɦaːloː
halloween	ˈhɑlɔʊ̯n
hallucineerde	ɦɑlʏsiniːɾə
hallusinasies	χalʊsinaːsi
hallyday	ɦaɬiˈdɑi̯
halpad	ɦɑlˈpɑt
hals	hɔls
hals	ɦɑls
halsband	ɦalsbɑnt
halsketting	ɦalskəˈtɪŋ
halsnoer	ɦalsnœr
halssnoer	ɦalsnœːr
halt	χɑlt
halte	χɑltə
halwe	ɦɑlfə
ham	χam
ham-frikadelle	ˈɦɑmfrikəˌdɛlə
hamburg	ˈhæmbɜrχ
hamburg-kursus	ˈhɑmbʏrçkʏrsəs
hamer	ɑːmɛr
hamer	ˈɦaːməʁ
hamilton	ˈhæməˌtɔn
hammer	ˈhɑmə
hampton	ˈhæmptən
hand	χɑːnt
hand-soen	χɑːntsœn
handbriek	ˈhɑːntbrɪk
handdoek	χɑntʊək
handdoeke	ˈhɑːntuːkə
handdruk	χɑntrʏk
hande	χande
handel	hando
handel	ˈhɑndəl
handelaar	antːalaːr
handelaar	ˈɦɑndəlɑːr
handelaars	χɑndəˈlɑːrs
handelskepe	ˈhɑndəlskɪpə
handelsroetes	ˈhɑːntəlsˌrœtsə
handelsskepe	ˈhɑndəlsˌskeːpə
handelstidningen	ˈhɑndəlstɪdənəŋən
handewerk	ˈhɑːnəˌvɛrk
handgee	χɑntχi
handgemeen	ˈɦɑntxəˌmɪn
handgeskrewe	ˈɦɑntχəskrəʋə
handgranaat	χɑːntxrɑːnɑːt
handhaaf	χɑːntˈɦɑːf
handig	ˈɦɑːndəx
handjie	χɑːndʒi
handjies	χɑːndʒis
handlanger	ˈhɑntlɑŋər
handlangers	ˈhɑːntlɑŋərs
handoeke	ˈɦɑːnˌduːkə
handpalm	χɑːntpɑlm
handsak	hændzɑp
handskoen	χɑːntsʰuən
handskoene	ˈɦɑntəskuə
handskrif	χɑːntsχrɪf
handskrifte	χɑːntsxrɪftə
handskud	ˈhɑːntskœt
handtekening	ˈhɑːntəˌkɪəŋ
handtekeninge	ˈhɑntəˌkɪəŋə
handvatsel	ˈhɑntfɑtsəl
handvol	ɦɑntfɔl
hang	ɔ̃ŋ
hang	ɦɑŋ
hang-sweeftuig	ɦɑŋsʋeftœyχ
hangend	ˈɦaŋənt
hangende	ˈɦaŋənde
hangertjie	χɑŋərtʃi
hangslot	ɦɑŋslɔt
hank	ɦɑŋk
hanka	ɦaŋkə
hanna	ˈɦana
hannelore	ˈɦɑnəlɔːrə
hanoi	ˈhɑːnɔɪ
hans	ɦɑns
hansi	ˈɦɑːnsi
hansie	ˈɦɑnsi
hanteer	ˈhɑntiːr
hanteerbaar	ˈɦɑntəɾəbar
hanteerde	ˈhɑːntəːrdə
hantekening	ˈhɑntəˌkɛəŋ
hap	χɑp
happened	ˈhæpənə
happens	χɑpəns
happiness	χapənɪs
hard	χɑːrt
harde	χɑːrde
hardekop	χɑɾdɛkɔp
hardekwas	χɑɾdɛkʋɑs
harder	χɑːɾdɛr
hardeskyf	χaɾˈdɛskif
hardkoppig	χɑːrtˈkɔpəχ
hardkoppigheid	χɑːrtkɔpɪχtʰəi̯t
hardloop	ˈɦɑɾtluəp
hardloop	χɑːɾdlup
hardloper	hɑrtløpø
hardnekkig	hɑɾtnəkˌɪχ
hardnekkig	χɑːrdnɛkɪχ
hardop	χɑːrˈdɔp
hardste	χɑrtəste
hardvogtige	χɑːrtfɔɪtʃə
hardy	χɑɾdi
hare	hora
hare	ɦɑːrə
hari	ɦaːri
haring	ɦɑːrɪŋ
hark	ark
hark	ɦɑrk
harley	ˈxɑːrli
harloop	χɑːrˈluːp
harmen	χɑrmə
harmonie	χɑːrmoʊni
harmonika	χɑrmɪˈnɪkə
harnashemp	ˈɦɑrnəsəmp
harpe	χɑːrpə
harpspeler	χɑrpspɛlər
harry	χari
hart	hɑrt
hart	χɑrt
hart-massering	χɑrtmɑsəˈrɪŋ
hartaanval	χɑːrtɑːnfɑl
hartbeespoort	artpɪəspɔɛrd
harte	χɑːrtə
harteloos	χɑrtəˈlʊə̯s
hartelose	χɑrtəlɔsə
hartewens	χɑrtəβens
hartjie	χɑːrtʃi
hartklop	hərtklop
hartklop	χɑːrtklɔp
hartland	χɑːrtlɑːnt
hartlik	χɑrtˈlik
hartlike	χɑːrtliːkə
hartlikste	χɑːrtlɪkstə
hartlyn	χɑːrtlən
hartman	χɑrtman
hartmansz	χɑrtmans
hartsake	χɑːrtsɑːkə
hartsbegeerte	χɑrtsbɛχeːrtə
hartseer	χɑːrtsiːr
hartstilstand	χɑːrtstɪlstand
hartstogtelik	χɑːrtˈstɔχtəlɪk
hartsversterker	χɑrtsfɛrˈstɛrʃər
harvard	χɑːrvɑːrt
has	ɦɑs
hase	ɦɑsə
hase	ˈɔlsə
hashtag	ˈhæʃtæg
hasie	ˈɦɑsi
hast	ɦast
hath	χat
haudry	ɦɑu̯drʏ
hauser	ɦɑʊ̯sər
havanna	ɦaβaˈna
have	ɦɑːβ̞
hawe	ɦɑːvə
hawens	ɔlvɛnz
hawens	ɦɑːvəns
hawer	ɑɫvɛr
hawer	ɦɑːvər
hawestad	aːvɛstat
hawuzapa	ɦɑu̯zɑpɑ
hayao	ɦaɪ̯aʊ̯
he	ɦə
headlights	χɛːdlɪçts
hear	ɦɪə̯r
heard	ɦɪə̯rt
heart	χɑːrt
heartfelt	hɑːrtfɛlt
heartiest	χɑːrˈtiːəst
hearts	ɦɪə̯rts
heaven	ɦɛə̯vən
hebbes	ɦəˈbəs
hebner	ɦɛbˈnɛr
hebsug	ɦɛpˈsœχ
hechtte	ɦɛχtə
heel	ɦiːl
heelal	ɦiːlɑl
heeldag	ɦeːlˈdɑχ
heelhartigste	ɦɪlˈɦɑrtsəxə
heelnag	ɦɪɛlnɑχ
heeltemaal	ɦeːlˈtəmaːl
heeltemal	ɦeːltəˈmɑl
heeltyd	ɦiːlˈtɪt
heelwaarskynlik	ɦiːlʋaːrsχɪnlik
heelwat	ɦiːlʋat
heen	ɦeːn
heengaan	ɦeːŋgaːn
heer	ɦɪr
heerlik	ɦɪə̯rˈlik
heerlike	ɦɪə̯rˈlikə
heerliker	ɦɪə̯ˈrɪkər
heerlikheid	ɦɪə̯rˈlikɦəit
heerras	ɦɪrɑs
heers	ɦiːrs
heersers	ɦiːrsərs
heerskappy	jɪ̞rskɑpˈɑj
heet	jˈɛt
heet	ɦɪt
heetemal	iːtəˈmɑːl
heethoof	ɦeːˈtʰoːf
hef	hɪ̞f
hef	ɦɛf
heftig	heftɪg
heftig	ɦɛftəχ
heftige	ɦɛftiχə
heftiger	ɦɛftɪχər
heg	ax
heg	χɛɣ
hegte	ɦɛχtə
hegtenis	ɦɛχtəˈnis
heibel	ɦɛi̯bəl
heide	ɦɛi̯də
heiden	ɦɛi̯dən
heidene	ɦiːdənə
heidense	ɦiəˈdənsə
heidi	ɦɛi̯di
heijde	ɦɛi̯də
heil	ɦɪəl
heildronk	ɦɛilˈdrɔŋk
heilig	ɦɛɪ̯lɪç
heiligdom	hɛjlæχdɔm
heiligdom	ɦɛɪ̯lɪçdom
heilige	ɦɛi̯ˈlɪχə
heiliges	ɦɛɪ̯liɣəs
heilsberg	ɦɛɪ̯lsbɛrx
heimat	ɦɛɪ̯ˈmɑt
heimwee	hɛimʋeː
heine	ɦinə
heinrich	haɪnˈrɪəx
heinrich-heine-straat	ɦəi̯nˈrɪə̯xˈɦɪnəˈstʀɑːt
heise	ɦɛɪ̯sə
hek	hæk
hek	ɦɛk
hekke	ɦɛkə
hekkie	ˈɦɛkiə
hekkies	χəˈkis
heks	ɦɛks
hekse	ɦɛksə
heksejag	ɦɛksəjɑχ
hektaar	ɦɛkˈtɑːr
hel	hˈɛl
hel	ɦɛl
helaas	ɦəˈlɑːs
held	held
held	ɦɛlt
held	χɛld
helde	ɦɛldə
heldedaad	ɦɛldəˈdɑːt
heldedade	ɦɛlədəˈdɑː
heldedood	ɦɛldəduː
heldelewe	ɦɛləˈdɛvə
heldemoed	χɛldəmuːt
helder	ɦɛldər
helderkleurige	χɛldɛɹklœi̯ɹiχ
heldersiende	ɦɛldəɾˈsiənde
heldin	ɦɛlˈdin
heldinne	χɛlˈdiːnə
hele	jɛlɛ
hele	ɦɛlə
helena	ɦəˈlɪna
helene	ɦəˈlɪnə
helfte	ɦɛlftə
heli-platform	ɦɛliplatform
helikopter	χəliˈkɔptər
helipad	χəliˈpɑt
helleveeg	ɦəˈlɛfɪəx
helling	χɛlɪŋ
hello	ɦɛloː
helm	ælˈm
helm	ɦɛlm
helms	ɦɛlms
helmut	ɦɛlmʏt
help	help
help	ɦɛlp
helpers	ˈɦɛlpərs
helse	ɦɛlsə
helsinki	ɦəlˈsɪŋki
hemde	ɦɛmdə
hemel	ɦəˈmɛl
hemel-toe	ɦəˈmɛl̪tʊə
hemelboog	ɦəˈmɛlboːχ
hemelburgers	ɦəˈmɛlbʏrχərs
hemele	ɦəˈmɛlə
hemelruim	ɦəˈmɛlɾœim
hemels	ɦəˈməls
hemelse	ɦəˈmɛlsə
hemelsnaam	ɦəˈməlsnam
hemogram	ɦəmoˈgrɑm
hemp	himp
hemp	ɦɛmp
hempf	ɦɛmpf
hempsak	ɦɛmpsɑk
hen	ɦɛn
hendrickje	ɦɛntrɪkə
hendrik	ɦəˈntrɪk
hengel	χəŋəl
henne	χənə
henri	ɦɛnriː
henriette	ɦəˈniːrɛtə
henrik	ɦɛnrɪk
henry	ɦɛnri
hensop	ɦənˈsɔp
her	ɦɛr
her-geboorte	ɦɛrɣəˈbʊə̯rtə
herbereken	ɦɛrbəˈrɛkən
herberg	ɦɛrˈbɛrχ
herberge	ɦɛrˈbɛrχə
herbergier	ɦɛrˈbɛrχiːr
herbergiers	ɦɛrˈbɛrχi̯ərs
herbert	ɦɛrˈbɛrt
herbore	ɦɛrˈbɔːrə
herbou	ɦɛrˈbuː
herc	χəɹk
hercules	ɦɛrˈkyls
herd	ɦɛrt
herdenking	ɦɛrˈdɛŋkɪŋ
herdenkings-toneelstuk	ɦɛrˈdənkɪŋsˌtunəlˌstʏk
herdenkingsfasiliteit	ɦɛrˌdɛŋkɪŋsfɑsɪlɪˈtɛit
herder	hærdɑr
herder	ɦɛrdər
herders	ɦɛrˈdɛrs
here	χəɹ
hereniging	ɦəˈrɪə̯nɪχəŋ
herformuleer	ɦɛrfoːmʏˈlɪə̯r
herfs	ɦɛrfs
herfs-dagewening	ɦɛrfsdɑɣəˈʋeːŋ
herfs-melk	ɦɛrfsmɛlg
herfs-melksop	ɦɛrfsmɛlksɔp
herfsdag	ɦɛrfsdɑχ
hergeboorte	ɦɛrɣəˈbʊə̯rtə
hergebore	ɦɛrχəˈbɔːrə
herhaal	ɦɛrˈɦɑːl
herhaaldelik	ɦɛrˈɦɑːlədəlɪk
herhaling	ɦɛrɦaːlɪŋ
herinner	ɦəˈrɪnər
herinnering	ˈχɛrinəˌrɪŋ
herinneringe	ɦəˈrɪnəˌrɪŋə
herken	arkin
herken	ɦɛrˈkɛn
herkenbaar	ɦɛrˈkɛmˌbɑːr
herkoms	ɦɛrˈkɔms
herlaai	ɦɛrˈlɑi̯
herleef	ɦɛrˈlif
hermann	ɦɛrˈman
hernu	ɦɛrnʊ
hernuwing	ɦɛrnʊəŋ
heroin	ɦəˈroɪn
heroine	χəˈrʊi̯nə
heron	ɦɛˈrɔn
herontplooi	ɦɛrɔntˈplɔi̯
herontwerp	ɦɛrɔntʃrɛp
heropbou	ɦəˈrɔpˌbuː
herorganiseer	ɦɛrɔgənaɪˈzɪə
herower	ɦɛroʊ̯ər
heroïse	χəˈrɔɪ̯sə
herpas	ɦɛrˈpɑs
herr	χɛr
herrangskik	χəˈrɑŋskɪk
herroep	ɦɛˈrœp
hersien	ɦɛrsiən
herskep	ɦɛrˈʃɛp
herskepping	ɦɛrskəpɪŋ
hersosialisasie	χəɹsosialɪˈsɑːsiə
herstel	harstɛl
herstel	ɦɛrˈstɛl
herstelde	ɦɛrˈstɛldə
hert	ɦɛrt
hertog	ɦɛrˈtɔχ
hertogdom	ɦɛrtɔχdɔm
hertogin	ɦɛrˈtəχɪn
hertrou	ɦɛrtrʌu̯
heruitsendings	ɦəˈrœi̯tsɛndɪŋs
hervat	ɦɛrˈfɑt
hervormer	ɦɛrˈfɔrmər
hervorming	ɦɛɾˈfɔrmɪŋ
hervormings-bakterië	ɦɛɹfɔɾmɪŋsbɑktəˈriə
hervul	ɦɛrˈfʊl
herwin	ɦɛrˈvɪn
herz	ɦɛrts
hessenstein	ˈɦɛsənʃtɛin
hester	ɦɛstə
het	ɦɛt
hetsy	ɦətsi
hettant	χəˈtɑːnt
heuglike	ɦœyχlɪkə
heuglikste	ɦœyglɪkstə
heuningbos	hiːrnɪŋbɔːz
heup	jˈɛp
heup	ɦœp
heupbeen	ɦœy̯pˈbin
heupgewrigte	ɦœy̯pχwəɹɪktə
heupseer	ɦøpˈsɪə̯r
heupzakje	ɦœy̯pˈsɑkjə
heuwel	ɦœyʋəl
heuwels	ɦœʊ̯ɪ̯əls
hevra	ɦɛvrɑ
hey	ɦɛɪ̯
hgw	χəʊ
hi	ɦiː
hiberneer	ɦiβɛrnɪə̯r
hidrosfeer	hidɾusfʲir
hiedie	ɦiəˈdiə
hiep	ɦiəp
hier	iːɾ
hier	ɦiːr
hieraan	ɦiə̯ˈɹɑːn
hierargie	ɦiəˈrɑrχi
hierbinne	ɦiːrˈbənə
hierby	ɦiːɾbʏ
hierdeur	ɦiːɹdœr
hierdie	ɦiəɾdi
hierheen	ɦiə̯rˈɦiən
hierin	ɦiəɾɪn
hierlangs	ɦiːɾˈlɑŋs
hiermee	ɦiːrmə
hierna	ɦiə̯ˈrɑ
hiernaast	ɦiəˈrɑːst
hiernamaals	ɦiɐ̯nəˈmɑːls
hiernatoe	ɦiə̯ˈrɑːtoː
hieromtrent	ɦiə̯rɔmˈtrɛnt
hieronder	heˈɾˈɔndɚ
hieroor	ɦiɐrɔːr
hiers	ɦiə̯rs
hiertoe	ɦiərtʊ
hieruit	ɦiə̯ˈrœy̯t
hiervan	ɦiə̯rˈfɑn
hiervandaan	ɦiərvɑnˈdɑːn
hiervolgens	ɦiərfoːlɣəns
hiervoor	ɦiːɾˈfoːr
hijs	ɦis
hilda	ɦɪlta
hilde	ɦɪldə
him	ɦɪm
hime	ɦiːmə
hin	χɪn
hindemith	χindəˈmɪθ
hinder	ɦɪndər
hindernis	χinˈdɛrnɪs
hings	həŋs
hipersensitief	ɦipərsəˈsɪntifə
hipnotiseer	ɦɪpˌnɔtsiːr
his	ɦɪs
hisaishi	ɦiˈsɑiʃi
hisaya	ɦiˈsɑjə
histeria	ɪstəˈriə
histerie	ɦɪstəri
histeries	ɪstəriə
histeriese	ɦɪstəˈriːsə
historici	ɪstəˈriːsi
histories	ɪsˈtɪə̯rɪə̯s
historiese	ɪsˈtɪəɹiəse
hither	ɦitər
hitler	χɪtləɾ
hitler-jeug	ɦɪtəlɪəʃuːχ
hitler-portrette	χɪtəlɐpɔrtɛtə
hitler-saluut	χɪtləɹsɑluːt
hitmen	χɪtˈmen
hitte	ˈɛta
hitte	χitə
hiëna	isjenã
hiërogliewe	ɦiəroχlifə
hm	çm
hmm	ɦəˈmə
ho	ɦoː
hochbaum	ɦɔχbɑʊ̯m
hoe	ɦuː
hoed	ɦʊət
hoed	ʁˈut
hoedanig	ɦʊəˈdənəx
hoedat	ɦʊə̯ˈdɑt
hoede	ɦudə
hoedemaat	ɦudəˈmɑːt
hoedgrootte	ɦudˈχrʊə̯tə
hoef	ɦuf
hoefsmid	ɦufsmɪt
hoefystervorm	ɦufɪstərfɔrm
hoefystervormige	ɦufistərvɔrmiχə
hoek	hˈʊk
hoek	ɦuk
hoeke	ɦukə
hoekie	ɦukə
hoekom	ɦoːkˌoːnˈ
hoekom	ɦʊəkɔm
hoektafel	ɦʊkˈtɑfəl
hoellen	ɦœlən
hoender	ɦuənˈdɛr
hoenderboere	ˈɦuːndərbuːrə
hoenderplaas	ˈhʊənəɾˌplɑːs
hoenders	ˈhʊə̯dəns
hoendervel	ɦunˈdɛrfəl
hoepels	ɦupəls
hoer	ɦʊə̯r
hoera	ɦʊə̯ra
hoeras	ɦʊə̯ˈras
hoes	ɦʊə̯s
hoesare	ɦʊə̯ˈsɑːrə
hoeso	ɦʊə̯sɔ
hoeve	ɦuːvə
hoeveel	hufjˈoʊ
hoeveel	ˈɦuvəl
hoeveelhede	ˈɦuvəlɦədə
hoeveelheid	ˈɦuvəlɦɪt
hoewel	ɦʊəˈɦɛl
hoezo	ɦʊə̯ˈzʊ
hof	ɦɔf
hofarts	ɦɔfˈɑrts
hofburg	ɦɔfˈbʏrx
hofdame	ɦɔfdɑmə
hofdames	ɦɔfdɑmə
hofhouding	ɦɔfˈɦui̯əŋ
hoflewe	ɦɔfˈlɪə̯
hoflik	ɦɔfˈlək
hoflike	ɦɔfliːkə
hoflikheid	ɦɔflɪkɦit
hoforde	ɦɔfɔːrtə
hofsaak	ɦɔfsɑːk
hofsaal	ɦɔfsɑːl
hofsluipers	ɦɔfslyːpərs
hohe	ɦoːə
hohenschoenhausen	ˈhoːənʃunˌɦɑusn̩
hok	oːk
hok	ɦɔk
hokkie	ɔːkɛj
hokkie	ɦɔkə
hol	ɦɔl
holdrio	ɦɔldriʊ̯
holla	ɦɔlə
holland	ɦɔlɑnt
hollanders	ˈɦɔːlənˌdɛrs
hollands	ɦɔlɑnts
hollandse	ɦɔlɑntsə
holle	ɦɔlə
hollebeke	ɦɔləˈbɛkə
hollister	ɦɔlɪstər
holmaat	ɦɔlmɑːt
holte	ɦɔltə
hom	ɦɔm
home	hʊmə
homeopatie	hʊmɪɔpɑːti
homeopatiese	ˌɦʊməʊpəˈtɪsi
homo	ɦoʊmoʊ
homo-paartjie	ˈɦoːmo̯pɑːrʈi
homo-seksueel	ˈɦoːmo̯sɛkˌsɯːəl
homself	ɦɔmsɛlf
hond	ont
hond	ɦɔnt
honde	ɦɔndə
hondehok	ˈhɔndəˌhɔk
hondekos	ˈhɔndəˌkɔs
hondekos-maatskappye	ˈɦɔndəˌkɔsˌmɑːtskɑpə
honderd	ɦɔndərt
honderd	ˈhɔndərt
honderdduisend	ˈɦɔntərtœyˌsɛnt
honderdduisende	hɔndərtɔɪsəndə
honderde	ˈhɔndəɾdə
honderdmaal	hɔndərtmaːl
honderdste	ˈhɔndərtstə
honderduisend	ˈɦɔndərdœysənt
hondje	ˈɔnde
hondjie	ɦɔntʃi
hondjies	ɦɔndʲiəs
hondjies	ˈɦɔntjis
honecker	ˈɦunɛkər
hongaar	ˈɦɔŋaːr
hongaarhart	ɦɔŋɑːrˈɦɑːrt
hongaars	ˈɦɔŋgaːrs
hongaarse	ˈɦɔŋaːrsə
hongare	ɦɔŋˈɦaːrə
hongarye	ˈɦɔŋəˌrai̯ə
honger	ɦɔŋər
hongeres	ɦɔŋgəˈrɛs
hongerly	ɦɔŋərli
hongerpyn	ɦɔŋərpɪə̯n
hongersnood	ˈɦɔŋərsnoːt
hongerstaking	ɦɔŋərˈstɑkɪŋ
honne	ɦɔnə
honorine-kruising	ˈχoːnəɾinˌkɾœi̯sɪŋ
hoodie	ɦʊədi
hooeveel	ɦuːəˈfɛl
hoof	wˈɛf
hoof	ɦʊf
hoof-afvoer	ɦʊə̯fɑfˈfɹɛːr
hoofafdeling	ɦʊə̯fɑfˈdɛlɪŋ
hoofde	wafˈda
hoofde	ɦʊfdə
hoofdoel	ɦʊfˈduːl
hoofkantoor	ɦʊfˈkɑntʊr
hoofkelner	ɦʊəfˈkɛlnər
hoofkelners	ɦʊfˈkɛlnərs
hoofklerk	ɦʊfklɛrk
hoofkonstabel	ɦʊfˈkɔnstɑbəl
hoofkwartier	ɦʊfˈkʋɑrtiər
hoofletter	ɦʊəflətər
hoofman	ɦʊfˈmɑn
hoofplein	ɦʊfplɛɪ̯n
hoofpunte	ɦʊfˈpʰœntə
hoofpyn	hʊf̥pɪn
hoofredakteur	ɦʊfˈrɛktɜːr
hoofrol	ɦʊfˈrɔl
hoofsaaklik	ɦʊfˈsɑːkəlɪk
hoofsaal	ɦʊfˈsɑːl
hoofseil	ɦʊə̯fˈsɛi̯l
hoofslaapkamer	ɦʊfslaːpkɑːmə
hoofstad	ɦʊfˈstɑt
hoofstuk	ɦʊə̯fˈstʏk
hoofstukke	ɦʊfˈstʏkə
hoofvak	ɦʊfˈfɑk
hoofverpleegster	ɦʊffərˈplɪə̯χstər
hoog	ɦʊəχ
hoogagtend	ɦʊəχˈɑxtənt
hooggeplaasdes	ɦʊəχplɑːsdes
hooghartig	ɦʊəχɑrtiχ
hoogheid	ɦʊəχɪt
hoogmoedig	ɦʊə̯ˈmœə̯təx
hoogs	ɦʊəx
hoogsgekwalifiseerde	ɦuksgəˌkɑlɪˌfiˈsiːrə
hoogste	ɦʊə̯xstə
hoogstens	ɦʊə̯xstəns
hoogte	ɦʊəχtə
hoogtemeters	ɦʊəχtəˈmɛtərs
hoogtepunt	ɦʊə̯təˈpʰœnt
hoogtes	ɦʊə̯χtəs
hoogteseil	ɦʊəχtəsɛil
hoogverraad	ɦʊəχfərɑːt
hooi	ɦʊəi
hooikar	ɦœy̯kɑr
hooimied	ɦʊi̯miət
hooimijt	ɦœy̯mɪt
hooo	ɦʊə̯
hoop	kluːt
hoop	ɦup
hooploos	ɦʊə̯pˈlʊə̯s
hoor	ɣɛta
hoor	ɦʊə̯r
hoort	ɦʊə̯rt
hooth	ɦut
hop	ɦɔp
hope	ɦɔpə
hopelik	ɦoʊpəlɪk
hopeloos	ɦoʊpəlʊə̯s
hopelose	ɦoʊpəlɔsə
hopende	ɦoːpəntə
hopewell	ɦʊpɛl
horen	ɦoːrən
horings	ɦoːrɪŋs
horison	orɛsˈon
horison	ɦoʊriˈsɒn
horisontale	ɦɔːrisɔnˈtɑlə
horlosie	ɦɔrˈlosi
horlosies	ɦɔrˈlʊsiəs
horlosietjie	ɦɔrˈlʊsiəˌtʃiə
hornet	χɔːrnɛt
hornets	χɔːnˈtɛts
horrelpoot	ɦɔrəlpʊət
horse	ɔːrs
hosanna	ɦo̯sɑnə
hospiatal	ɦɔspiɑtɑl
hospitaal	ɦɔspiˈtɑːl
hospitaalafspraak	ɦɔspiˈtɑːlɑfˌsprak
hospitaalbesoek	ɦɔspiˈtɑːlbəˌsuk
hospital	ˈɦɔspɪtɛl
hospitale	ɦɔspiˈtɑlə
hostie	ɦɔstijə
hotel	ɦoʊˈtɛl
hotelbedryf	χotəlbəˈdrɪf
hotelbestuurder	ɦotəlbəˈstyːrdər
hotelgas	ɦotəlˈɦɑs
hotelkamer	ˈɦɔtəlˌkɑːməɾ
hotelle	χotɛlə
hottentot	otʝˈntˈot
hou	hɔː
hou	ɦuː
houding	hau̯d̪em
houding	ɦuːdinʃ
houding-probleem	ɦuːdinˈproblɛːm
houe	ɦuə
houers	ɦœʏ̯ərs
hour	ɔːr
hourglass	ɦaʊ̯rglɑs
house	ɦɔʊs
houssy	ɦʊəsi
houston	ɦuːstəʊn
hout	həʊt
hout	ɦʊə̯t
houtdele	ɦʊə̯tˈdɛlə
houtgravure	ɦʊutxrɑβyːr
houthutte	ɦʊtˈɦʏtə
houtkrat	ɦʊutkrɑt
houtkruis	ɦʊutkrœi̯s
houtprys	ɦʊutprəɪ̯s
houvrou	ɦɔu̯frʌu̯
how	ɦuː
howard	ˈhoʊvɑːrd
howe	ɦuə
hoë	ɦuə
hoë-frekwensie	ɦʊəfrɛkʋəsi
hoëklas	ɦʊə̯ˈklɑs
hoër	ɦœr
hoërskool	ɦʊə̯rskʊə̯l
hr	χr
hu	ɦʏ
hub	ɦœp
hubaar	ɦuˈβɑːr
hubare	χʊˈβaːrə
hubbert	χʊˈbɛrt
hubner	χʊnbər
hufeland-straat	ɦufəˈlɑntstrɑːt
hughues	ɦœyɦœs
hugues	ɦœyɣəs
huh	ɦœy
huid	hla
huidig	ɦœyˈdiχ
huidige	ɦœyˈdiχə
huigel	ɦœyɣəl
huil	ɦœɪ̯l
huilend	ɦœylənt
huis	həˈls
huis	ɦœys
huis	ɦœy̯s
huis	ɦʊ̟i̯s
huisbaas	ɦœy̯s̪bɑːs̪
huisbediende	ɦœysbɛi̯ˈdiŋə
huisboot	ɦœys̪bʊt
huisdame	ɦœy̯sdaːmə
huisdeursoeking	ɦœysdɛrsœŋk
huise	ɦœi̯sə
huishouding	ɦœy̯sɦʌʊ̯diŋ
huishoudster	ɦœy̯sɦʊtstər
huisie	ɦœy̯si
huisies	ɦœy̯si̯s
huislike	ɦœy̯slikə
huisloos	ɦœy̯sloːs
huisloses	ɦœy̯sˈlɔsə
huisskoonmaak	ɦœysˈkʰʊːnˌmɑːk
huiste	ɦœi̯stə
huistoe	ɦœi̯stoː
huisves	ɦœy̯sˈfɛs
huisvriend	ɦœy̯sfrəi̯nt
huisvrou	ɦœy̯sfrœu̯
huisvroutjie	ɦœy̯sfrœytʃi
huiswerk	hʊ̞jsvɛrk
huiswerk	ɦœy̯sʋɛrk
huiwer	ɦœiʋər
huiwerig	ajvɪrˈax
huiwerig	ɦœiʋəˈrɪχ
huiwering	ɦœi̯ˈvɛrɪŋ
hul	hɯ̞
hul	ɦʏl
hulde	ɦʊlə
huldeblyk	ɦʏldəˈblɪk
huldig	ɦʏlɪtʃ
hule	ɦulə
hulle	hælˈe
hulle	ɦʏlə
hulleself	ɦʊləˈsɛlf
hulp	ɦʊlp
hulp	ˈoʊp
hulpbronne	ɦʊlpbrɔnə
hulpeloos	ɦʊlpəˈlʊs
hulpeloosheid	ɦʏlˈpɛloːshəɪt
hulpmiddel	oʊltmˈɚtəl
hulpmiddel	ɦʊlpmɪdəɫ
hulpvaardige	ɦʏlpˈfɑːrdiχə
hulself	ɦulˈsɛlf
human	imaj
human	ɦʏˈɦɑːn
humboldt	ɦʏmˈbʊlt
humeur	ɦœy̯ˈmœr
humeurig	ɦœy̯ˈmœrɪχ
hummus	χʊmʊs
humor	ɦʏˈmɔːr
humoristies	ˈɦʏmʊrɪsətsi
humorsin	ɦʏˈmɔːrsɪn
humvee	ɦʏmˈfiː
hun	ɦœn
hunker	ˈɦʏŋkər
hunne	χʊnə
hup	ɦœp
huppel	χʊpəl
hure	ɦʊrə
hurk	hœɾk
hurry	ˈhʏri
hut	χʊt
huta	ɦʊtə
hutte	χʊtə
huule	ɦʏːlə
huur	ɦiːr
huur	ɦyr
huur	ɦyːr
huurder	ɦyrder
huurgeld	ɦyrχɛld
huurhuis	ɦœrˈɦœi̯s
huurleërs	ɦyrˈlœrs
huurlingen	ɦyr̥liŋə
huurmoordenaars	ɦyr̥mɔːrdəˈnɑːrs
huwelik	hyvalak
huwelik	ˈɦuʋəlɪk
huwelike	ɦuʋəˈlikə
huweliks-onaanpasbaarheid	ˈɦuʋəlɪkˌsɔnɑːnˌpɑːsˌbɑːrˌɦɛit
huweliksburo	ˈɦuʋəlɪkzbʏro
huwelikskamer	ˈɦuʋəlɪkskɑːmə
huwelikskontrak	ɦuʋəlɪkskɔntrak
huwelikslening	ˈɦuβələksləˌnəiŋ
huweliksnag	ɦuʋəlɪksnɑχ
huwelikstatus	ɦuʋəlɪkstətʃəs
huygens	ɦœi̯ˈχɛns
hv1	χf
hy	ɦiː
hy	ɦə̟i̯
hyacinthe	ɦiəˈsɪntə
hyg	ɦɪç
hymen	iːmən
hyperdrive	ˈxʏpərdrɪv
hys	ɦəɪ̯s
hyself	ɦisɛlf
hyser	hˈaɪsɚ
hyser	ɦisər
hávamál	ˈɦɑːvɑˌmɑːl
hè	ɦɛ
hé	ɦeː
hélène	ɦeːˈlɛːnə
hê	ɦeː
hê	ˈeɪ
höe	ɦœʏ
hȇ	ɦiː
i	iː
i	ɪ
i-r-i	iɾi
ibsen	ɪpsən
id	iː
ida	iːda
ideaal	iːˈɾɑːl
ideale	iːˈdeːlə
idealis	iːdeɪlɪs
idee	idjɐ
idee	iːˈdiː
idee-wêreld	iːˈdiːəˈvɛːlˌdɛə̯
idees	iːˈdiːs
ideetjie	iːˈdeːtʃi
ideetjies	iːˈdɛtʃəs
identies	ɪˈdiːntiəs
identifikasie	ɪdentiɟiˈkɑːsi
identifiseer	ɪdentiˈfisɪr
identifisering	ɪdentiˈfɪsɪŋ
identiteit	ɪdentiːt
identiteite	ɪdiˈtɪtɪtə
ideologiese	iːdiːo̯loːgi̯sə
idioot	iːdiːuːt
idiote	ɪdíoːtə
idioties	ˈiːdiətis
idiotiese	ɪdiːoʊtɪəse
idun	iːdʌn
ie	ie
ieder	ɪə̯dər
iedereen	ɪə̯ˈdeːrən
iemand	imont
iemand	imɑnt
iena	ɪə̯ˈnaː
ier	ˈiɾ
ierland	iɾlˈɑnt
iets	itsˈ
iets	ɪə̯ts
ietsie	ɪə̯tʃi
ietwat	ɪətʋat
iewers	ɪə̯vərs
if	iːf
ig	iːɣ
ignoreer	iːgnɔːr
ihop	əˈɦɔp
ii	ɪ
ijlhoofdig	ɪlˈɦoːfdiχ
ijsplateau	ɪʃplɑteʊ
ijsselstede	ɪsəlˈstɛdə
ik	ɪk
ik-toets	ɪkˈtœts
ikon-4	iːkɔn
il	ɪl
ile	ɪlə
illunka	ɪlʊŋkə
illusie	ɪluˈsi
ilouse	ɪluːsə
im	ɪm
imbesiel	ɪmbəˈsiəl
imbesiele	ɪmˈbɛsiə̯lə
immigrant-werkers	ɪməˈgrɑːntˌʋɛrˌkɛrs
immigrasie	ɪməɣraːsi
immoraliteit	ɪmoːraːlɪˈtɛit
immoreel	ɪmˈmʊrəl
immuun	imˌin
immuun	ɪˈmʏn
impak	ɪmˈpɑk
impliseer	ɪmplɪˈsɪr
implosieproces	ɪmplɔsiəprɔsə
imponeer	ɪmpuniːr
important	ɪmˈpɔːrtənt
impotent	ɪmˈpɔtənt
impressionis	ɪmprɛsi̯o̯nɪs
impressioniste	əmpriˈsɪə̯nɪstə
impromptu	ɪmpɹɔmptuː
improvisasie	ɪmprəviˈsɑːsi
improviseer	ɪmprəvuˈiːrə
improvisering	ɪmprəˈfɪsiŋ
impuls	ɪmˈpʊls
impulsiewe	ɪmˈpʊlsɪəʋə
in	n
in	ɪn
in-marsjeer	əˈmɑrʃɪr
ina	ɪnə
inbars	ɪmˈbɑrs
inbeller	əmbɛlə
inbetaal	əmbəˈtɑːl
inblaas	ɪmˈblɑːs
inbly	əmbliː
inboedel	anbud̪ɾɔ
inbraak	ənbrˈɑk
inbreker	nbriakeɾ
inbreuk	əɪnˈbrœk
inbring	əiŋbrɪŋ
incognito	ɪŋkɔɣˈniːtoː
indaba	ĩːnˈdɔbo
indeed	iːnˈdiː
inderdaad	ɪndərdɑːt
indiana	ɪndɪˈɑːnə
indiane	ɪndiˈɑːnə
indien	enðeːn
indien	iːnˈdiən
indiese	iːnˈdiːsə
indikatore	ɪndɪkɑtɔrɛ
indink	əi̯ndɪŋk
indirek	ɪndɪˈrɛk
indirekte	ɪndɪˈrɛktə
indiskresie	ɪndɪskrəˈsiə
individu	ɪndɪvˈidu
individu	ɪndɪˈvɪu̯ə
individualiteit	iˈdivɪduɑlɪˌtɛːt
indië	ɪnˈdiə
indiër	ɪnðiːɾ
indonesië	indɔnˈiziə
indonesië	ɪndoʊnəˈsiə
indra	ɪndrə
indringende	əi̯ndrɪŋəŋdə
indringer	ˈəntrɪŋər
indruk	iːnˈdrʏk
indruk	ɯ̞ndrʊ̞k
indrukwekkend	əi̯n̪d̪rʏkʋɛkənt
industrie	ɪnˈdʌstri
ineengestort	iːnɛŋgəˈstɔrt
ineenstorting	iːˈneːnstɔrtɪŋ
inent	ænɪnt
infanterie	ɪnfɑnˈtriː
infanterie-oorlog	ɪnfɑnˈtrieəˌʊrɦɔːrɫ
infanteriekorpse	ɪfn̪fɑntəˈrikɔrpsə
infantiel	ɪnfɑntiəl
infantrie	ɪnˈfɑntrɪə
infeksie	ɪnˈfɛksiə
infiltreer	ɪnfiˈltrɪə̯r
informaliteit	ɪnfɔrˈmɑːlɪtɛit
informaliteite	ɪnfɔrməliˈtɛi̯tə
informant	ɪnfɔrˈmɑːnt
informante	ɪnfɔrˈmɑːntə
informeel	ɪnˈfɔrmiːl
inforseer	ɪnfoːrˈsɪə̯r
infrarooi	ɪnfraːruːi
infrastruktuur	ˌɪnfrɑˈstrʏktʏːr
ingaan	əŋaːn
ingang	əŋχ
ingangsportaal	ɪŋχɑŋsˈpɔrtaːl
inge	əŋgə
ingebed	əŋgəˈbɛt
ingeblaas	əŋgəˈblɑːs
ingeboek	əŋgəˈbuk
ingebou	əŋgəˈbuː
ingebring	əŋəˈbrəŋ
ingedring	əŋd̪rɪŋ
ingedryf	əŋdɹəf
ingee	əŋi
ingegaan	anɣrˈɑn
ingegaan	əŋəˈgɑːn
ingegee	ɪŋgəɣə
ingegerd	əŋəˈχɛrt
ingegryp	əŋgəχrɪp
ingehandig	əŋgəˈhɑːntəx
ingehoue	əŋəˈɦuə
ingekerker	əŋkəˈkɛr
ingekom	əŋkʊm
ingekry	əŋkərʏ
ingekwartier	əŋkʋɑrˈtiːr
ingelaat	əŋgəˈlɑːt
ingelegde	əŋgəlɪə
ingelig	əŋgəˈlɪχ
ingeloer	əŋgəlʊə̯r
ingeloop	əŋgəlʊp
ingeneem	iŋgəˈneːm
ingenieurs	ɪŋəˈʃœrs
ingenieursdiploma	ɪŋəˈʃœrsdiˈplʊmə
ingenome	iŋgənɔmə
ingepak	əŋgəˈpɑk
ingepas	əŋgəˈpɑs
ingeperk	əŋgəˈpɛrk
ingeplant	əŋgəplɑːnt
ingeploeg	əŋgəplœχ
inger	ɪŋgɛr
ingerig	ˈiŋəˌrɪχ
ingeroep	əŋəˈrɵp
ingeruim	əŋgəˈrœy̯m
ingesit	əŋsɪt
ingeskiet	əŋgəˈsʰiːt
ingeskryf	əŋəskrəf
ingeslote	əŋsɫotə
ingesluit	əŋəˈslœi̯t
ingesluk	əŋgəˈslʏk
ingesmokkelde	əŋsəˈmɔkəldə
ingesny	əŋsəi̯
ingespring	əŋsəprɪŋ
ingestap	əŋgəˈstɑp
ingesteek	əŋgəˈstɪk
ingestel	əŋˈʃɛl
ingestem	ɪŋgəˈstɛm
ingesweer	əŋsəˈʋiːr
ingeteelde	əŋtəɪ̯ɾəldə
ingetrek	əŋɪˈtrɛk
ingevaar	ɪŋfeːr
ingeval	əŋgəˈfɑːl
ingevleg	əŋgəˈvlɛχ
ingevoer	əŋfʊə̯r
ingevolge	ənɣəvˈɔlɣə
ingevul	əŋgəˈfəl
ingewag	əŋgəvɑχ
ingewande	əŋəˈvɑːndə
ingewikkeld	əŋəˈvɪkəɫd
ingewikkelder	əŋəˈvɪkəlˌdɛr
ingewikkeldhede	əŋəˈvɪkəldə
ingewillig	əŋəˈvɪlɪχ
ingrid	ɪŋˈgrid
ingroei	əŋˈrɔi̯
ingryp	əŋgrɪp
ingrype	əŋˈrɪpə
inheems	anhˈiənz
inheemse	iːnˈhɛmsə
inhibisies	əˈnɪbɪsiəs
inhou	ənhou̯
inhoud	enalt
inhoud	iːnˈɦəʊt
inhuurde	iːnˈɦyːrdə
inisiatief	ɪniʃiɑtif
ink	ɛŋk
ink	ɪŋk
inkeer	iːnˈkɪr
inklim	ɪŋkɫɪm
inkom	ɪŋˈkɔm
inkomende	ˈəŋkʊmɛndə
inkopielys	əŋkʊpiəɫəɪs
inkopies	ɪŋˈkʊpiəs
inkopiesakke	əŋkʊpiˈsɑkə
inkpot	ˈəŋkpɔt
inkriminering	ˌəŋkrɪməˈrɪŋ
inkruip	əŋkɾœi̯p
inkruipers	ˈəŋkɾœi̯pərs
inkry	əŋkrɪ
inktrane	kɛŋkraːnɛ
inkwisisie	ˈiŋkwisiː
inkwisisie-uitsprake	ˈəŋkəsɪsiˌuɪ̯tˌspraːkə
inlaai	ɪnˈlɑːi
inlaat	ɪnˈlɑːt
inleiding	ənlajdəŋ
inlig	əi̯nˈlɪχ
inligting	əi̯nˈlɪə̯ktʰɪŋ
inligtingsdiens	ɪnlɪŋtsdiə̃s
inloer	ɪnˈlʊə̯r
inloggen	ɪnˈlɔχχən
inluister	əˈnɯi̯stəɾ
inlyf	ɪnˈlif
inmekaar	ɪmˈkɑːr
inmeng	əˈməŋ
inmenging	əˈmɛŋəŋ
inname	ɪnəˈmɑ
inneem	iːˈnɛm
innerlike	ˈinəɾlikə
innig	iːnɪχ
innig-gekleefde	iːnɪkχəklifdə
innig-geliefde	ɪnɪχχəlifdə
innige	ɪˈniχə
innsbruck	ɪnˈsbɹʏk
inpak	ɪmˈpɑk
inpas	əpɑs
inpraat	əmpraːt
inrig	əˈrɪχ
inrigting	ɪnrɪŋkə
inrigting	ɪ̞nrʊ̞xtɪ̞ŋ
inroep	ɪnˈruːp
inryg	əndrəx
insae	ə̃nˈsɑː
insamel	ə̃n̪səˈmɛl
insane	iːnˈsɑːnə
inseil	ensajl
insek	aːnsiːk
insekte	ɪnˈsɛktə
insette	əndkɛtɑ
insiatief	ɪnsi̯aˈtif
insident	ɪnsɪˈdɛnt
insien	ɪnˈsiən
insig	ənsə
insig	ɪnˈsɪχ
insigte	əi̯nsɪχtə
insinuasie	ɪnsɪnuˈɑːsi
insinueer	əˈsɪnɥiːr
insit	nsət
insit	əˈnsiːt
insittendes	ənsɪˈdɛntəs
inskep	insˈkep
inskink	əŋˈskəŋk
inskryf	ɪnˈskrəf
inskrywing	ẽnskɾaɪvɑŋ
inslaan	ɪnsˈlɑːn
inslag	ˈinslɑχ
insleep	ɪnsleːp
insluip	ənslojp
insluit	ɪnsˈlœi̯t
insluitend	ənzlɪtˈɛnd
insluitend	ɪnsˈlœi̯tənt
insluitende	ənsˈlœi̯tənde
insnyding	ɪnsneɪ̯dən
inspan	ə̃sˈpɑːn
inspanning	ɪnsˈpɑːnɪŋ
inspeksie	ɪnsˈpɛksiə
inspekteer	ɪnsˈpɪkəˌtɪr
inspekteur	inspektiɾ
inspekteur	ɪnsˈpɪktœr
inspektoraat	ɪnsˈpɛktoɹat
inspirasie	ɪnspiraːsi
inspireer	ənspiɾiɾ
inspireer	ɪnspiɾeːr
inspirerend	ɪnspiɾəˈrɛnt
inspirerende	ɪnspiɾəˈrɛndə
inspring	ə̃sˈrɪŋ
inspuit	ɪnsˈpœy̯t
instaan	ɪnˈstɑːn
installasies	ɪnstɑˈlɑsiəs
installering	ɪnstɑlɛˈrɪŋ
instansie	enstˈansi
instansie	iːnˈstɑnsiə
insteek	ˈɪnsteːk
instel	enstˈɛl
instel	əˈstɛl
instem	ɪnˈstɛm
instemming	iːnˈstɛməŋ
instink	ɪnˈstɪŋk
instoot	əˈnstoːt
instroom	ɪnˈstruːm
instruksies	ɪnstrukˈsis
instrukteur	iːnstruːktør
instrukteurs	ɪnstrukˈtøːrs
instrument	iːnstrʊˈment
instrumente	ˈɪnstrʏˌmentə
instrusies	ɪnˈstrʊsiəs
inteendeel	ˈəntiːdənɛl
integrasie	antəɣrɑsi
integreer	ˈəntχrɪr
integriteit	ˈɪntχrɪtɛit
intelek	ˈintəlɛk
intellektueel	əntɪkəlɛˈkøːl
intellektuele	əntɪˈlɛktɯəɫ
intelligensie	əntəˈlɪgənsi
intelligensie-agentskappe	əntɪlɪˈgɛnsiəˈɑːgəntɛskəpə
intelligensie-skakel-personeel	əntəˈlɪgənsiˈskɑkəlpərsəˌuːəl
intelligensiediens	əntəˌlɪŋgənsiˈdiəns
intelligensiedienste	əntɪlɪˈʒɛnsiəˌdiːvəs
intelligensies	əntɪlɪˈʃɛnsis
intelligent	əntɪlɪˈʒənt
intelligente	əntəˈlɪʒəntə
intelligentiebron	əntɪlɪˈʒɛntsəbrɔn
intens	ˈəntɛns
intens	ẽn̪t̪ens
intense	ˈɪntɛs
intensie	əntɪnˈsi
intensiewe	əntɛsifuː
inter-party	ˈɪntərˌpɑːrti
intercontinentaal	ˌəntərkʊntiˈnɛntɑːl
interesant	ɪntəˈrɛsənt
interesante	iːntərɛˈsɑːntə
intereseer	ˌintəˌrɛsəɾ
interessant	interesant
interessant	ˌintəˈrɛsənt
interessante	ɪntəˈrɛsəntə
interesseer	iːntərɛsə
intern	ɪntɛrn
internasionaal	ˌintərnasioˈnaːl
internasionale	ɪntərnɑsi̯ɔnɑlə
internasionale	ˌintərnɑˈsioːnalə
internationale	ɪntərnɑsɪɔnəl
interne	ˈintəɾnə
interneringskamp	ˌintərˌnɛrɪŋskɑmp
internet	ɑntɛrnɛjt
internet	ˈintərˌnɛt
interns	ɪntɛrnz
interpretasie	ɪntərprəˈtɑːsi
interpreteer	ˌintərprɪˈteːr
interpreteerders	ˌintərprɛtəˈrɪə̯rs
intiem	əntiəm
intieme	əntiːmə
intimidasie	əntimiˈdɑsiə
intimiderend	ˈəntiːmiderənt
intimiteit	ˈɪntimiˌtɛt
intoneer	əntuːneːr
intree	antɾiɐ
intree-lesing	əntriːlɛsɪŋ
intreetoets	ˈəntriːtuts
intrek	int̪ɾak
intrek	əntrɛk
intriges	ˈɪntriɣəs
introvert	entrɛfˈɑːɾt
introvert	əntroβərt
intruding	ˈtrʌɪ̯ŋdɪŋ
intussen	əntʊsən
intussen	ɛntɪsɛn
intuïsie	əntuɪsi
inval	ɪnˈfɑl
inventaris	əi̯nvɛnˈtɑːris
invloed	ɪnˈvluːə̯t
invloedryk	ɪnˈfloːɪ̯trik
invoer	ɛnfʏr
invoer	ɪnˈfʊə̯r
invordering	ɪnˈfɔːrdeɪŋ
invul	ɪnˈfəl
inwag	əi̯nʋɑχ
inwendig	ənvˈɪndəx
inwendige	ɪnˈvɛndɪχə
inwin	ənvən
inwoner	anbɔnɛr
inwoner	əi̯nˈvɔːnər
inwoners	əi̯ˈnwɔnərs
inwoon	əi̯ˈnoːn
inzoomen	ɪnˈzuːmən
ioon	i˥˧uən˧˧
iowa	ɪu̯ɑː
ip	ɪp
iphigenie	ɪfiɣəni
ipikonders	əpɪkɔnˈdɛrs
ipv	ɪp̚f
iraanse	ɪˈrɑːnsə
irak	ɪˈrɑk
iran	ɪˈrɑːn
iraniërs	ɪˈrɑːnjərs
ironie	iːrɔnie
ironies	ɪˈruːnɪəs
irrasionele	ɪrɑsi̯o̯nɛlə
irrelevant	ɪreːˈlɛvənt
irritation	əˈrɪʃəʃn̩
irriteer	əˈrɪteːr
irriteer-tron	ɪˈrɪtətrɔn
irriterend	iːrɛtɪrɛnt
irriterend	əˈrɪtəˌrɛnt
is	ɪs
is	ˈɛs
isabella	ɪsəˈbɛla
isabelle	ɪsəˈbɛlə
ischl	ɪskəl
ischl-bad	ɪskəlˈbɑt
ishida	ɪsɪdaː
island	ɪsˈlant
isn	ɪsn̩
isnt	iːsənt
isolasie	ɪsɔˈlɑsiə
isoleer	isəlɪr
israel	iːsreːəl
ist	əst
it	ɪt
it-afdeling	ɪt̪ɑfˈdɛlɪŋ
italiaans	ɪtəˈlɑ̃ːs
italiaanse	ɪtəˈlɑ̃ːsə
italianer	ɪtəˈlɪə̯nər
italianers	ɪtəli̯ɑnɛrs
italië	ɪtəˈliə
item	ɪˈtɛm
items	ˈɪtəmz
ivan	ɪˈvan
ivanov	ɪvəˈnɔf
ivans	ɪfɑns
ivm	ɪfʔm
ivoor	iːˈfoːr
ivoorraam	ɪˈfɔːrɑːm
izabella	ɪzɑβɛlə
j	ʃ
j4	χa
ja	ja
ja	jaː
ja-ja	jaja
ja-ja-ja	jɑjɑjɑ
ja-wel	jɑˈʋɛl
jaag	jaːx
jaag	jɑːg
jaar	jaːr
jaarlikse	jaːɾlɪkʃə
jaaroue	jaːruə
jaart	jˈɑːɾt
jaartjies	jaːrtʃis
jacek	jɑsɛk
jackie	ˈdʒækɪ
jackpot	ˈdʒækpɔt
jacky	ˈdʒækə
jacob	ˈjɑkɔp
jacqueline	ˈʃakəlɪn
jacques	χɑkəs
jacuzzi	jəˈkusi
jadźka	χaɟkə
jag	jaχ
jag-baadjie	jaχˈbɑːtʃi
jag-park	jaχpɑːrk
jagliedjies	χagliɛtʃis
jagluiperd	jaχlɛpərt
jags	jˈaxs
jagter	χɑxtər
jagters	χɑxtərs
jainsen	χaɪnˈsɛn
jake	jaːkə
jakkals	jˈʌkəlz
jakkals	χakɑls
jakkalse	χaˈkalsə
jakuzzi	ˈjɑkusi
jaloers	jˈɑlˈʉr
jaloers	χaˈlœrs
jaloerse	χaˈluːrsə
jaloesie	χɑluːsi
jaloesie-aanvalle	χaˈlœsɪə̯ˌɑːfəl̥
jaloesies	χaluəsi
james	χɑːməs
jammer	ˈjɑmər
jammerder	ˈjɑməɾdər
jammerkry	ˈjɑːməˌkrəi̯
jammerlik	ˈʃamərik
jammerte	ˈjɑmərtə
jan	jaːn
janek	ˈjɑnək
janeke	jaːnəkə
janion	ˈjɑːnɪɔn
jannemieke	jɑnəmiːkə
jans	ʃɑns
jantar	χɑnˈtɑr
januarie	geniarij
januarie	jaːnuəri
japan	χɑpɑn
japanese	χɑpɑˈnis
japon	χɑpɔn
jaqueline	jakəliːn
jarczak	χɑrtsɑk
jare	jaːrə
jare	jˈɑrə
jarek	χaɾɛk
jarelank	χaːrəlɑŋk
jarig	jˈɑrəx
jarvis	ʃɑːrvis
jas	jˈɔs
jas	χɑs
jasdief	χɑsdiːf
jasick	χɑsɪk
jassie	χasi
jawel	jaːwəl
jawoord	jɑˈvɔːrts
je	jeː
jean	jˈɑn
jean	ʒan
jean-michel	ʒɑːnˈmɪʃəl
jean-pierre	ʒɑːnpiːr
jean-plaas	ʃɛnˈplɑːs
jeannot	ʃəˈnɔt
jed	χɛt
jeens	jɛns
jeens	ʃɪəns
jeetje	χiːtʃi
jellie	χɛli
jemen	jəˈmen
jena	ʃɪˈna
jenever	χɪˈneːvər
jenevers	jəˈnɛːvərs
jennifer	ˈjɛnəfər
jenny	ʒəni
jenssigne	ʃənsiɲə
jeremy	ˈdʒɛɾəmi
jeroen	χɛˈrʊən
jerome	jəˈrɔmə
jerry	ʃɛri
jerska	χərska
jerusalem	χɛɾuˈsɛləm
jerzy	ʃɛrtsi
jessica	ˈjɛsɪkə
jesus	ʃʊs
jesus	ˈisɪs
jet	χɛt
jethro	χɛtrʊ
jetje	χɛtʃə
jeudigheid	jɔi̯diχt
jeug	iˈɛ
jeug	jɞːχ
jeug-unie	jɪʊχˈuniə
jeugbeelde	jʏχbɛːldə
jeugdige	jʉiχdiχ
jeugdigheid	jɞːχdɪχ
jeuggevangenis	jɞːχfɛfɑŋəˌnis
jeughof-regter	jɛʊχɔfˈrɛtər
jeugsportskool	jʉɪ̯χsɔɹtskʊə̯l
jeugtyd	jɔɣtɪt
jeuk	jˈɛk
jeukerig	jˈʊkɛrəx
jeziorański	jeziɔˈrɔ̃ski
jg	χ
jig	χɪk
jij	χɪ
jiko	χiko
jim	χɪm
jimmy	ʃɪmi
jislaaik	jˈɪslˈaɪk
jo	joː
job	ʒɔp
jode	joːdə
jode	jˈʊɾə
jode-lakei	joːdeˈlɑki
jode-liefhebber	joːdəˈlifəbər
jode-teef	jɔːdətɛf
jodevervolging	jɔːdəfərˈvɔlχɪŋ
jodin	joːdin
jodinne	jɔdiːnə
jodium	joʊdiʊm
jodla	jɔdlɑ
joe	ʃuː
joernaal	joːrnaːl
joernalis	jʊə̯rˈnɑːlɪs
joernalistieke	jʊə̯rnalistɪkə
johan	ivˈɑn
johan	ɦɔːɦɑːn
johann	johann
johann	joˈɦɑn
johanna	joːˈɦana
johannes	joːˈɦɑnəs
johannes-passie	joˈɦɑnəsˈpɑsiə
john	ʃɔːn
johnny	jɔːni
jojo	ʒoʒo
jonah	jɔnə
jonas	ˈjɔnəs
jonathan	ˈjʌnəθən
jong	iˈʌŋ
jong	ʝɔŋ
jongdae	ɦɔŋdɑː
jonge	ʒɔŋə
jongeling	jʊŋəlɪŋ
jonger	χɔŋər
jonges	ʒɔŋs
jongetjie	ɦɔŋˈkəχi
jongetjies	ˈjɔŋtəɪ̯s
jongman	jɔŋman
jongmanne	ʒɔŋˈmɑnə
jongmeisie	jɔŋməsiə
jongmeisies	ʒɔŋməi̯siəs
jongmens	ɦɔŋˈmɛns
jongmense	ʒɔŋˈmɛnsə
jongste	jˈuːnstə
jongste	ɦɔŋstə
jonk	ɟɔŋk
jonkheid	ʒɔŋˈçɛit
jonnie	dʒˈɔni
jood	jɔt
jood	jʊə̯t
joods	joːts
joodse	jʊə̯sə
joodse	jˈøtsə
joost	ʃust
joppa	χɔpə
jor	ʒɔːr
jor-el	ʒɔrˈɛl
jor-els	ʒɔrəls
jordan	ʃɔːrˈdɑːn
jorg	ʒɔrχ
joris	ʒuːrɪs
jos	ʃɔs
jose	ʒʊsə
josef	ʃɔsɛf
joseph	dʒəˈsɒf
josepha	ʃʊsəfə
josephine	ʒəʊˈpɪsɪnə
joszko	ʃɔskʊ
jou	ʝuː
joue	jʊə
joune	jʊə̯nə
joune	ʝau̯na
jouself	jousɛlf
jouvet	ʃuβət
jouw	jəʊ
joyful	jɔifəl
jozef	ʒʊsɛf
joël	ʃuəl
jsoc	χsɔk
jubelend	jʏˈbɛlən
juf	jʉf
juffer	jʊfər
juffie	ʃʊfi
juffou	jʊfʊ
juffrou	jʌfruː
juffroutjie	ˈjʊfroːtʃi
jufrou	ʃʊfɹɔu̯
juhu	jʏˈhu
juig	χɪəχ
juis	jˈɛ
juis	ʃuɪ̯s
juk	jˈɯ̞k
juk	χʊk
jukebox	jʊkəbɒks
jul	jˈoːl
jul	χul
jules	χuləs
juliana	χuliˈana
juliane	χuˈliːnə
julie	jˈuːliː
julie	ˈχuːli
julien	ˈjuliən
julius	ˈjuliəs
julle	igyla
julle	χʊlə
julleself	χʊləˈsɛlf
julself	jʏlsɛlf
june	ʝuːnə
junie	jʉˈni
junie	jˈunˈi
jupiter	jupita
jurgen	jʏrˈχɛn
jurisdiksie	jʊəɾɪsɪkˈsi
jurk	jʏrk
jurkie	χʊrki
just	χʊst
juweel	jʉˈʋɛːl
juwele	ˈjʊvələ
juwelekluis	jʊˈvɛləˌkloɪ̯s
jy	jæj
jy	jə̟i̯
jy	ʃi
jyself	ʃɪlʋ
k	χ
k-c-r-h-n	χɪrən
k-s-v-r-h	χɪvrɑː
kaai	kaj
kaai	kaːi
kaaie	ˈkɑːi̯ə
kaal	kaːl
kaaldans	kɑːldãːs
kaalgeskeerde	ˈkɑːlχəˌsɪɹdʔə
kaalkop	ˈkɑːlkɔp
kaalvoet	kaːlfoːt
kaalvuis	ˈkɑːlvœɪs
kaap	kɔp
kaap	kʰɑːp
kaapstad	kɑpˈstɑt
kaapweg	kɔpfɛç
kaart	kɑːrt
kaarte	ˈkɑːrtə
kaartjie	χɑːrtʃi
kaartjies	ˈkɑːrtjis
kaartlees	ˈkɑːrtlɪə̯s
kaas	kɑːs
kaas	kɔs
kabanovsky	ˈkɑbɑnɔfski
kabarets	ˈkɑbərɛts
kabarette	ˈkabəˌrɛtə
kabinet	ˈkɑβinɛt
kabinetsminister	ˈkɑβinɛtsmɪnəstər
kaboel	ˈkɑβʊəl
kabouter	kapaut̪eɾ
kabouters	ˈkɑːbuːtsər
kafee	ˈkɑfi
kafeïen	ˈkɑːfɪən
kaffeïne	ˈkɑfɪnə
kagen	ˈkɑːχən
kaggel-toneel	ˈkɑχəlˌtunɛl
kagiso	kaxˈiso
kahfre	χɑːfrə
kaia	kaja
kaiser	ˈkɑɪ̯sər
kajuit	kajajt
kak	kak
kak	kɑk
kake	ˈkɑkə
kakebeen	ˈkɑkəbɪn
kaki	koki
kaktusbome	ˈkɑktsʏsˌbʏmə
kal	kal
kal-el	ˈkɑlɛl
kalatsch	ˈkɑlɑtʃ
kalb	χɑləb
kalbas	kalbas
kalbasse	kɔɫbasɛ
kalender	ˈkɑːlɛndər
kalenders	ˈkɑːlənˌdɛrs
kalf-oë	ˈkɑlfœ
kalfbors	χɑɫfˈbɔrs
kalfvel	χɑlfˈfɛl
kalibers	ˈkɑːlibərs
kalif	ˈkɑːlɪf
kalifornië	ˈkɑːlɪfɔrniə
kalium	ˈkɑːliəm
kalkoen	kʰaːkʰun
kalkoen	ˈkɑlkuən
kalksteenblokke	ˈkɑlkstiːnˌblɔkə
kalm	kalm
kalm	qɑlim
kalmeer	ˈkɑlməːr
kalmerend	ˈkɑlmərənt
kalmte	kalmtə
kalmuks	ˈkɑlmʏks
kalorieë	ˈkɑːlɔriə
kalorië	ˈkɑːlɔriə
kals	χɑls
kalsium	kɔlɛsie
kalvalrie	ˈkɑːlfɑːlriː
kam	χam
kama	ˈkɑːmə
kamaste	kamˈaste
kameel	ˈkɑːməɪ̯l
kameelperde	kamilpɛrdɛ
kamer	kamer
kamer	ˈkɑːməɾ
kamer-soliste	ˈkɑməɾsolistə
kamera	kɔmerɾɔ
kamera	ˈkɑməɾə
kameraad	ˈkɑməˌraːt
kamerade	ˈkɑməˌrɑːdə
kameraman	ˈkɑməˌrɑmən
kameras	ˈkɑməˌrɑs
kamerbediende	ˈkɑməɾbɛi̯ˌdiŋdə
kamerheer	ˈkɑməˌrɪr
kamerjapon	ˈkɑməɾjɑpɔn
kamerkluis	ˈkɑməɾˌklyɪs
kamermeisies	ˈkɑːməˌmɛɪ̯siəs
kamers	ˈkɑːməʃ
kamertjies	ˈkɑːmərtjəs
kamiel	ˈkɑːmiəl
kamijo	ˈkɑːmiʝoʊ
kammakastig	kɔmakɑstɔx
kamofleer	kɑmoflɪr
kamofleeroefening	ˌkɑːmoːfliːrœfɛŋɪŋ
kamp	kɔmp
kamp	χɑmp
kamp-oorlewende	ˈkɑmpʊərˌlɪvəndə
kamp-volgers	ˈkɑmpfɔlχərs
kampe	ˈkɑmpə
kampioen	ˈkɑmpiən
kampioenskap	ˈkɑmpiə̯nˌʃɛŋk
kampus	ˈkɑmpʊs
kan	kan
kan	kãn
kan	kɑn
kanaal	kanal
kanaal	ˈkɑnɑːl
kanada	kəˈnɑːdə
kanadese	ˈkɑnɑˌdɛsə
kanale	kɑnɑlə
kandelaar	kandəlˈɑr
kandidaat	ˈkɑndidaːt
kandidat	ˈkɑnidɪt
kandidate	ˈkɑːnɪdɪtə
kandidatuur	ˈkɑnidɪˌtuːr
kang	χæŋ
kanker	tɑŋkɑr
kanker	ˈkɑŋkər
kanne	kanə
kannie	ˈkɑːnə
kanon	ˈkɑnɔn
kanongedonder	ˈkɑːnɔŋgəˌdɔndər
kanoniersdek	kɑnɔniə̯rsdɛk
kanonne	ˈkɑnɔnə
kanonvoer	ˈkɑnɔnfuːr
kanonvuur	ˈkɑnɔnfyːr
kans	kɑːns
kans	χɑns
kansas	ˈkɑnsɑs
kanse	ˈkɑːnsə
kanseleer	ˈkɑnsəlɪr
kanselier	ˈkɑnsəlɪə
kansellasie	ˈkɑnsəlsi
kanselleer	ˈkɑnsəlɪr
kant	kant
kant	χɑnt
kante	ˈkɑːntə
kantiene	ˈkantiːnə
kantlyn	ˈkɑːntəln
kantoor	kantur
kantoor	ˈkɑntuːr
kantoorruimte	ˈkɑntuːrɾœimtə
kantore	ˈkɑːntore
kanunnik	ˈkɑnʏnik
kaoru	ˈkɑːu̯ruː
kap	χɑp
kapasiteit	kɑpɑsiˈtɛit
kapel	ˈkɑpəl
kapelaan	ˈkɑpələːn
kapelane	ˈkɑpəlɑːnə
kapelregister	ˈkɑpəlrɪˌxɛstrɪ
kapitaal	kapit̪al
kapitaliste	ˈkɑpitəlɪstə
kapitalistiese	ˌkɑpitəˌlɪstiə
kapokaartappels	ˈkɑpɔkɑːrtɑpəls
kapot	ˈkɑpɔt
kappie	ˈkɑpɪ
kapstok	kapstɔk
kapsule	χɑpsʏlə
kaptein	ˈkɑːptəɪn
kapuściński	ˈkɑpʊstʃɪŋski
kar	kau̯r
kar	χɑr
karachi	ˈkɑːrɑːtʃi
karakter	karaktər
karakter	ˈkɑːrəktər
karakter-beoordeling	ˈkɑːrəktərˈbʏu̯rˌdɛlɪŋ
karakteriseer	ˌkɑrəkətəˈʃiːr
karakterprofiel	ˈkɑːrəktərpʀuːfəl
karakters	ˈkɑrəkəts
karavaan	kɑːrɑːˈvɑːn
karavaanstaanplek	ˌkɑːrɑːvɑːnˌstanˈplɛk
karbolsuur	kɑɾbɔlsœʏ̯r
kardinaal	ˈkɑːrdɪnaːl
kardinale	ˈkɑːrdinalə
kardiovaskulêre	ˌkɑːrdiɔvɑskʏˈlɛr
karel	kˈɔɹəl
karen	ˈkɑːrən
karibiese	ˈkɑːriˌbiːsə
karig	ˈkɑːrɪχ
karikatuur	kaːrikatːiːr
karin	ˈkɑːrɪn
karkas	ˈkɑrkəs
karkasse	ˈkɑrkɑsə
karl	χɑɾɫ
karma	ˈkɑːrma
karnten	ˈkɑːrntə
karol	ˈkɑːrɔl
karoo	kɐrˈuh
karos	kaʁˈos
karre	ˈkɑːrə
karretjie	ˈkɑːrətʃi
karsleutels	ˈkɑrsleutəls
kartografie	kartɔxrɔˈfˈi
karton	ˈkɑrtɔn
kartonne	χɑrtɔnə
karwei	ˈkɑːrʋɛɪ̯
kas	kas
kas	kɑs
kasankina	ˈkɑsɑŋkɪnɑ
kase	ˈkɑːsə
kashir	ˈkɑsər
kasia	ˈkɑsiə
kasino	ˈkɑsinoː
kaspar	ˈkɑspɑr
kasregister	ˈkɑsregɪstə
kasteel	kastˈil
kasteel	ˈkɑːstəl
kasteeldeur	ˈkɑstəldœr
kastig	ˈkɑstəx
kastige	ˈkɑstiχə
kastrasie	ˈkɑːstrɑːsi
kastrol	kastrou
kat	kat
kat	kät
kat	kɐt
kat	kɑːt
katalogus	ˈkɑtəloːs
katastrofe	ˈkɑtɑstrɔfə
katastrofes	ˈkɑtəstrɔfəs
kate	katə
katedraal	katɛdrɔːv
katedraal	ˈkɑtədaːr
katedrale	ˈkɑtədrəlɛ
kategorie	katəχurɪ
kategorië	ˈkɑtɛgoːriə
katelijne	ˈkɑtəlɪnə
katioon	patiuən
katja	katjɑ
katjie	ˈkɑtsi
katkisasie	ˈkɑtsɪsɑsi
katoen	ˈkɑtun
katoliek	ˈkɑtoːlik
katolieke	ˈkɑtəˌliːkə
katolieke-familie-ding	ˈkɑtoːlikəfɑmɪliˌdiŋ
katolisisme	ˈkɑtəlɪsɪsmə
katowice	ˈkɑtoʋisə
katrien	ˈkɑtrən
katrientje	ˈkɑːtrəntjə
kats	kats
katte	ˈkɑtə
kattekwaad	ˈkɑtəkfɑːt
kavalier	ˈkɑvəlɪr
kavallerie	ˈkɑvɑləri
kavalrie	ˈkɑvəlri
kaviaar	ˈkɑvɪɑr
kaya	ˈkɑja
kazia	ˈkɑziə
kazmi	ˈkɑzmi
kaïro	ˈkɑɪ̯roː
kee	kiː
keel	kiu
keel	χɪəl
keelaf	ˈkɪə̯ləf
keer	kiːr
keer	kjeːɾ
keerweder	kjeːrʋeːrdeʱ
kees	χeːs
keet	χit
keetmanshoop	kietmantʃuːe
keiser	kˈaɪzɚ
keiser	ˈkɑɪ̯sər
keiserin	ˈkɑɪ̯sərɪn
keiserkamer	ˈkɛisərˌkɑːmə
keiserlike	ˈkɛisərlikə
keiserontbyt	ˈkɛɪ̯sərɔntbɪt
keiserpaar	ˈkɛisərpaːr
keiserryk	ˈkɑɪ̯sərəɪ̯k
keisers	ˈkɑjsərs
keisersnee	ˈkɛɪ̯sərsneː
keisersuite	ˈkɛɪ̯sərsɪu̯tə
keith	keɪθ
kekkel	kakul
kekkel	ˈkɛkəl
kekkelbek	ˈkɛkəlbɛk
kelder	kaldɔr
kelder	χɛldər
kelders	χɛldərs
kelderskuiling	ˈkɛldərskuːə̯l
kele	χəˈlɛ
kelex	ˈkɛlɛχ
kelner	χɛlnər
kelnerin	χɛlnəɾin
kelor	χəˈlɔr
keltiese	ˈkɛltiəsə
ken	χɛn
kenisse	χəˈnɪsə
kenmerk	χənˈmɛrk
kenne	χɛnə
kenner	χəner
kenners	χənɛrs
kenneth	ˈkɛnət
kennis	kines
kennis	ˈkənɪs
kennisgewing	ˈkənɪsɣəʊŋ
kennisgewings	ˈkənɪsəˌχʋɪŋs
kennisleer	keneslˈieːr
kennisname	ˈχənɪsnɑːmə
kent	χənt
kere	χeːrə
kerel	ˈχɛrəl
kerk	tˈæɾk
kerk	χɛrk
kerk-saak	χɛrksɑːk
kerke	χɛrkə
kerker	ˈkɛrkər
kerkhof	χɛrgɦɔf
kerkklokke	χɛrgklɔkə
kerkraad	χɛrkrɑːt
kern	χɛrn
kernindustrie	χɛrnɪnˈdʌstri
kernkragsentrales	χɛrnkrɑːχsəntɹɑːlə
kernwapens	χɛrnʋɑpəns
kers	kaz
kerschner	χɛrʃnɛr
kerse	χɛrsə
kersfees	ˈkɛrsfɪs
kersgeskenk	ˈkɛrsχəŋk
kersie-bloeityd	ˈkɛrsɪˈblœi̯təi̯t
kersiebloeiseltyd	ˈkɛrsibloi̯sɛltid
kersielikeur	ˈkɛrsɪəˌlɪkɜːr
kersies	karsis
kersies	χərsiəs
kerskaartjie	ˈkɛrskaːrtjɪ
kessel	ˈkɛsəl
kesselbach	ˈkɛsəlbɑχ
ketel	kʲɪto
ketel	ˈkɛtəl
kettery	χɛtəɾi
ketting	ˈkɛtɪŋ
ketting-harnas	ˈkɛtəŋˈɦɑrnɑs
kettingkie	ˈkɛtiŋki
kettingreaksie	ˈkɛtɪŋˌreɪ̯ksiə
kettings	ˈkɛtəŋs
keulemans	ˈkœʏləmans
keulen	kjɛlɛn
keulen	ˈkœy̯lən
keur	χɪr
keurige	ˈkœːriχə
keuse	kjeːsɛ
keuse	ˈkøːsə
keuses	ˈkœysəs
kevin	ˈkɛvɪn
kewer	ˈkɛvər
kewers	ˈkɛʋərs
keyser	χɪsər
kg	χ
khartov	χɑrˈtoːf
khevenhueller	χəβənˈɦœləɾ
khoekhoe	kˈuːkˈuː
kibboets	χɪβuts
kickten	χɪktə
kie	kiː
kielie	kiə́li
kierie	kiəˈri
kierie	kɪɾˈi
kierkegaard	kiɛrkegɔːrt
kies	kis
kies	kiəs
kiesdistrik	kiəsdistrik
kieskommissie	kiəs̪kɔmɪˈsi
kieswet	kiəsʋɛt
kieu	kija
kievit	kiəβit
kijkduin	χɪkduɪn
kikker	kakˈa
kil	χɪl
kilheid	χɪlˈɦɛit
kilo	kiːloː
kilometer	kilɛmjɛtɛr
kilometer	ˈkɪləˌmeːtər
kilometers	ˈkɪləˌmeːtərs
kilos	ˈkɪlɔs
kimlyn	kɛmlɛn
kimono	ˈkɪmənoʊ
kina	ˈkina
kind	kint
kind	kənt
kind	χɪnt
kinder-geheimpies	ˈkɪndərɣəimpiəs
kinder-herinneringe	ˈçindəɾˌhɪəˌnɪŋə
kinder-regter	ˈkɪndəˌrɛχtər
kinderagtig	ˈkɪndəɾˌɑxtəχ
kinderagtige	ˈkɪndəɾaχˌtiχə
kinderarbeid	ˈkɪndərɑːrˌbɛit
kinderbriewe	ˈkɪndərbrɪfə
kinderdae	ˈkɪndərdaː
kinderdiewe	ˈkɪndərdiːvə
kinderhuis	ˈkɪndərɦœi̯s
kinderjare	ˈkɪndərjɑːrə
kinderkamer	ˈkɪndərˌkɑːmə
kinderkamers	ˈkɪndəkɑːmərs
kinderlik	ˈkɪndəɾlək
kindermoordenares	ˈkɪndəˌmɔːdənəˌrɛs
kinders	χindərs
kinderspel	χindərspɛl
kinderspeletjies	χindərspɛlətjɛ
kindertjies	χɪndəɾtʃiəs
kindertuin	χɪndəɾtœɪn
kindertyd	χɪndəɾtʏt
kinderviool	χɪndɛrˈfʊə̯l
kinderwelsyn	ˈkɪndərvəlsən
kindjie	χɪndʲi
kindskap	χəi̯nsˈkɑp
kindt	χənt
kingdom	ˈkɪŋkɔm
kirchner	χɪrknər
kirghiz	χɪrχɪs
kirk	χɪrʃ
kirsch	χɪrʃ
kirsten	ˈkɪrstən
kirstine	χɪrˈstinə
kis	kəs
kis	χɪs
kissie	χisi
kiste	ˈkistə
kiszczak	kiʃtʃɑk
kitaar	kitaɾ
kitare	χɪtɑːrə
kitskos	etsʃkos
kjs	χɪs
kk	χ
kla	fla
kla	klɑː
klaar	klɑːr
klaar	plˈɑːr
klaargemaak	klɑːrɣəˈmɑːk
klaarheid	klɑːrɦɛit
klaarkom	klɑːɹkʏm
klaarkry	klɑːrkrɪ
klaarmaak	klɑːrˈmɑːk
klaartje	klɑːrtʃə
klaarwakker	klɑːɹʋɑkər
klaas	klɑːs
klae	klɑː
klagte	klɑχtə
klagtes	klɑxtəs
klak	klɑk
klam	klom
klam	klɑm
klank	klank
klank	klɑŋk
klanke	klɑŋkə
klankstelsel	klɑŋkstəlsəl
klankstelsel	ˈklɑŋkstɛsl
klant	klant
klant	klɑːnt
klante	klɑːntə
klap	klop
klap	klɑp
klara	klɑːrə
klare-aanskouing	klɑːrəˈɑːnskuəŋ
klas	klɑs
klas	klˈæs
klas-toe	klɑstuː
klasieke	klɑsiˈkɛ
klaskamers	klɑskɑməʃ
klasmaat	klɑsmaːt
klasmaats	klɑsmaːts
klasprogram	klɑsproˈgrɑm
klasse	klɑsə
klassieke	klɑsɪkə
klassiekers	klɑˈsɪkərs
klaus	klɑus
klausch	klɑu̯ʃ
klausius	klɑu̯siʊ̯s
klautsch	klɑʊ̯tʃ
klauwaerts	klɑu̯ˈʔɑːrts
klavier	klɑːviːr
klavier-begeleier	klɑfiːrbɛɣəˈliːr
klavierkompetisie	klɑfiɛrkompətiˈsi
klavierstemmer	klɑfiɐ̯ˈstɛmə
klee	klɪə
kleed	klɪə̯t
kleed	klˈiːr
kleedsaal	klɪə̯sɑːl
kleefband	klˈeːfbˈɑːn
kleertjies	klɪə́rʈiəs
klei	klaj
klein	klɛin
kleinboer	klɛinˈbʊə̯r
kleinboertjie	klɛinˈbœrtʃi
kleinboet	klɛinboːt
kleinboetie	klɛinˈbœtsi
kleinbrein	klɛinbrɛin
kleinburgerlik	klɛinˈbʏrgəlɪk
kleindogter	klɛinˈdɔχtər
kleine	klɪnə
kleiner	klɪə̯nər
kleineres	kləi̯nəres
kleingeld	klɛiŋgɛlt
kleingelowige	klɛiŋəlɔiχi
kleingelowiges	klɛiŋəlɔiχis
kleingoed	klɪŋgøːt
kleinhandel	klɛinˈhɑːndəl
kleinkind	kləi̯nkənt
kleinkind	kləi̯ŋkənt
kleinkind	klɛɪ̯ŋkɪnt
kleinkind	klˈaŋkənt
kleinkinders	klɛɪ̯ŋkɪntərs
kleinlik	tɬˈɑjnlɑq
kleins	klɛins
kleinseun	klɛinˈsɔɪn
kleinste	klɛinstə
kleintjie	klɛin̥tʃi
kleintjies	klɛin̥tʃis
kleintyd	klɛinˈtɪt
klem	klɛm
klem-in-die-kaak	klɛmɪndikaːk
klep	klɛp
klerasie	kləˈrɑːsi
klere	klɛrə
klere-maat	klɛrəˈmɑːt
klere-smaak	kləˈreɪsmaːk
kleremaker	klɛːrəˈmɛkər
kleremakers	kləɾəˈmɑkərs
klerk	klɛrʃ
klets	klɛts
kletsprogram	klˈɪtspɹˈaɪˈɛ
kleur	klɪəɹ
kleur	klɯːr
kleure	klɥəʁə
kleurpotloodjes	kløːrpɔtɫœçə
kleuterrympie	kløːtərɪmpi
kleuterskool	kløːtərskoːl
klewerig	kliafɛraħ
klier	kliːr
klier	tlˈɪr
kliere	klɪə̯rɛ
klik	klɪk
klim	klɪm
klimaat	klimˈat
klimaat	klɪˈmɑːt
klimaatverandering	klɛi̯ˈmaːtfərˌɑndərɪŋ
klimaatverandering	klɪˌmɑːtfəˌrɑːndəŋ
klimlere	klɪməˈre
klimop	klɪmɔp
kliniek	klɪˈniːk
klink	klɪŋk
klinkende	klɪŋkəntə
klip	klɪp
klip-trog	klɪptrɔχ
klipbalke	klɪpˈbɑlkə
klipdeksel	klɪpˈdɛsəl
klipheining	klɪpˈɦɛi̯nɪŋ
klipkop	klɪpkɔp
klipmure	klɪpˈmœːrə
klippe	klɪpə
klippilare	klɪpɪlɑːrə
klipplaat	klɪpˈplɑːt
klipreus	klɪprɛʊ̯s
klipsirkel	klɪpˈsɪrɪkəl
klipstandbeeld	klɪpˈstɑntbɛə̯ld
klipsuile	klɪpsɥiːlə
kliënt	klients
kliënte	klientsə
klok	klɔk
klokke	klɔkə
klokkie	klɔki
kloktoring	klɔktoːrɪŋ
klomp	klɔmp
klompie	klɔmpi
klont	klɔnt
kloof	klʊf
kloon	klʊən
klooster	klʊəstər
klootzak	klutˈsɑk
klop	klɔp
klop	klˈɔp
klopjag	klɔpˈjɑχ
kloppende	klɔpəndə
klopten	klɔptən
klos	klɔs
klote	klʊtə
klou	flau
klou	klou
kloue	klʊə
kloven	klʊvən
klub	klœb
klub	klʏp
klubs	klʏps
klug	klʏχ
kluis	klʏis
kluisenaars	klʊi̯səˈnɑːrs
kluitjies	klʏi̯tʃis
klärchen	klɛrçən
km	χm
knaagdiere	knɑːχdiːrə
knak	knɑk
knap	knɑp
knars	knɑːrs
knebel	knɛbəl
kneg	knɛχ
kneukel	knøːkəl
kneusing	kniːˈɛsɪn
kneusing	knøi̯sɪŋ
knibbel	knɪbəl
knie	knɪ
kniekussing	knɪə̯ˈkʏsɪŋ
kniel	knɪəl
knielende	knɪə́ləndə
knieë	knɪə
knik	knɪk
knik	knʏk
knip	knɪp
knipper	knʊpːər
knippie	knɪpɪ
knoei	knœi
knoffelsous	knɔfəlsəʊs
knoop	knɔp
knope	knɔpə
knopf	knɔpχ
knoppe	knɔpə
knoppie	knopˈi
knopvelsiekte	knopfalsiktɛ
knor	knur
knorrig	knorak
knorrig	χnɔrɪχ
knorrige	knɔrɪχə
know	knəʊ
knows	knəʊs
knuppel	knʊpəl
knuppels	knʊpəls
knus	knʏs
knyp	knɪp
knypers	knɪpərs
knyptang-effek	knɪptɑŋˈɛfɛk
ko	koː
ko-opereer	ˈkʊəpəˌrɪə̯r
ko-ordinator	ˈkʊːɔrdiˌneɪtər
koalisie	kualisie
koalisie	ˈkʊɑːlɪsi
kobayashi	ˈkɔbɔjɑːbɪ
kochberg	kɔχbɛrx
kodaly-solo	kɔdɑːliˈsɔlo
kodama	kɔdama
koddig	ˈkɔtəx
koddige	ˈkɔdiχə
kode	ˈkɔːdə
kode-briewe	ˈkɔdəˌbriːfə
kodering	kɔːdəˈrɪŋ
kodes	ˈkɔːdəs
koeherders	kuəhɛrtərs
koei	kwˈi
koei	kɔi̯
koeie	kuiə
koek	kuk
koek	kuːk
koekie	kuːki
koekies	kuːkiəs
koekoe	kuːkuː
koekoek	kuːkuːk
koekoekhorlosie	kʰʊkʰʊkɔɹlʊsi
koeksister	kʏksʲistɛr
koel	kuː
koel	kœl
koelbloedig	kuəlbluːəx
koelbloedige	kʊəlˈblœːdiχə
koele	kœlə
koelende	kœlənde
koelte	kʊəl̥tə
koelteboom	ˈkʊəltəˌbʊə̯m
koepcke	ˈkœpkə
koepee	kupˈiɐ
koepons	kuːpɔns
koer	kur
koerant	kuəˈrɑːnt
koerant	kʏrɑnt
koerante	kuəˈrɑːntə
koerantjie	kurɑntʃi
koers	kurs
koers	kʊə̯rs
koerskry	kʊə̯rskrʏ
koersvas	ˈkʊə̯rsfɑs
koester	ˈkʊəstər
koets	kuːts
koetse	kuːtsə
koetsier	ˈkœtsiər
koetsstaanplek	ˈkœtsʃtanplɛk
koeël	kuːəl
koeël	kœːl
koeël	kˈuɔl
koeëlkop	kœɛlˈkɔp
koeëls	kuəls
koffer	ˈkɔfəʁ
koffers	ˈkɔfərs
koffie	kɔfˈi
koffie	ˈkɔfi
koffiebone	ˈkɔfiəβʊnə
koffiehuis	ˈkɔfiˌɦœi̯s
koffietjie	ˈkɔfiətʃi
kogeltrajecten	χoɣəltrɑˈrɛtsən
koggelmander	χɔχəlˈmɑːntər
kognitiewe	χɔgnitɪfɛːwə
kok	kuk
kok	kɔk
kokaïen	ˈkɔkɑi̯ən
koketterie	ˈkɔkətəˌri
kokke	kɔkə
kokkedoor	kɔkəˈdʊə̯
kokkedore	ˈkɔkədɔrə
kokskool	kɔkskʊəl
kol	kɔl
kol	kɔː
kole	ˈkɔlə
kolf	kʊɫ
kolfje	χɔlfjə
kolibri	kɔliˈbri
koljander	kɔljandər
kolle	kɔlə
kollega	kɔləɣa
kollegas	kɔləˈɣas
kollekte	kɔləktə
kollektiewe	kɔlɛktifɛ
kolletjie	kɔləˈtʃi
kolletjies	kɔləˈtʃis
kollig	kɔlɛx
kollig	kɔlɪχ
kolom	kʊlˈom
kolomme	kɔlɔmɛ
kolonel	kolonau
kolonel	ˈkɔlunɛl
kolonie	kulønɪ
koloniseerde	kɔlɔniˈzɪə̯rde
kolosaal	kɔlɔsaːl
kolossaal	kɔloˈsɑːl
kolowsky	ˈkoloʊskə
kom	kɔm
kom	um
koma	koʊmə
komaan	ˈkʊmaːn
kombers	kɔmbaʃ
kombers	ˈkʌmbərs
komberse	kɔmbɛrsə
kombinasie	kombenas̺i
kombinasie	ˈkombɪnɑsiə
kombuis	ˈkɔmbœs
kombuisbediende	ˈkɔmbœy̯sbəˌdiəˌndə
kombuismeisie	ˈkɔmbœy̯smɪsiə
kombuistafel	ˈkɔmbœstafəl
kombuisvlieë	ˈkɔmbœsfliə
komedie	kʊməˈdiə
komedie-film	kʊmədiəfilm
komeet	kʏmjɪːt
komeet	ˈkʊməɪ̯t
komende	ˈkʊmənde
komete	kʊmɛtə
komies	ˈkʊməɪ̯s
komiese	ˈkʊmiːsə
komissie	ˈkʰomisi
komitee	kʊmiˈtiː
komiteelid	kɔmiˈtiːləi̯t
komkommer	kʊ̞nkʊmər
komm	kɔm
komma	ˈkɔmə
kommandeer	ˈkɔmmandeːr
kommando	ˈkɔmdaː
kommandoleutel	ˈkɔmmandulətəl
kommentaar	kɔməˈtɑːr
kommer	komaɾ
kommer	ˈkʏməʁ
kommie-gemors	ˈkɔmijəˌɣəˌmɔrs
kommies	ˈkʰɔməɪ̯s
kommissie	ˈkɔmsiə
kommitee	ˈkɔmətiː
kommittee	ˈkɔmətə
kommunikasie	ˌkɔmʏnaːˈkɪsi
kommunikeer	kɔmʊniˈkɪːr
kommunis	ˈkɔməˌnis
kommunisme	ˈkɔməˌnɪsmə
kommuniste	ˈkɔmːinɪstə
kommunistiese	ˈkɔməˌnɪstiə
kompaniehoof	ˈkɔmpəniəˌɦuːf
kompartement	kɔmpartiment
kompas	ˈkɔmpəs
kompensasie	kɔmpənsisi
kompeteer	kɔmpɨʲtieɾ
kompetisie	ˈkɔmpətisi
kompleks	kɔmplɛks
komplekse	ˈkɔmplɛkʃə
komplikasies	kɔmplɪkɑsiəs
komplimente	ˈkɔmplimɛntə
komplimenteer	ˌkɔmplimɛnˈtɪə̯r
komplimentêre	ˌkɔmplimɛnˈtrɛːrə
komplot	komplˈɔt
komplot	ˈkɔmplɔt
komponeer	kɔmpʊneːr
komponis	ˈkɔmpəˌnis
komponiste	kɔmpɔnistə
kompos	ˈkɔmpɔs
komposhoop	ˈkɔmpɔsɦuːp
komposisiewerk	ˈkɔmpəsiəʋɛrχ
kompres	ˈkɔmprɛs
kompromie	ˈkɔmprəmi
kompromis	ˈkɔmprəˌmɪs
kompromiterend	ˈkɔmpɹomitəˌrɛnt
kompulsiewe	ˈkɔmpɪlsiəʋə
koms	ˈkɔms
kon	kɔn
kon	un
kondig	kondɑ
kondig	kɔnˈdiχ
kondisie	ˈkɔnsijə
kondonering	ˈkɔndɔnəɾəŋ
konferensie	konferensi
konfidensieel	kɔnfiˈdensɪəl
konflik	kɔ̃sˈlə
konflik	ˈkɔnflɪk
konfrontasie	kɔnfrʊntɑːsi
kongo	ˈkɔŋgo
kongres	ˈkɔŋrɛs
kongresbesluit	ˈkɔŋgrɛsbəˌslœi̯t
koning	ˈkʊəŋ
koningin	kɔˈnɪχə
koninging	ˈkʊə̯nɪŋ
koninginne	ˈkʊə̯nɪχə
koningkryke	kɔnɪŋkrʏkə
koninglike	kɔnɪŋləkə
konings	ˈkʊəŋs
koningshuis	ˈkʊəŋsɦœy̯s
koningshuise	ˈkʊəŋsɪu̯sə
koningskamer	ˈkʊəŋksˌkɑːməɾ
koningskap	ˈkʊəŋəskɑp
koninklike	ˈkʊnɪŋkəlɪkə
koninkryk	ˈkʊnɪŋkrəɪ̯k
koninkryke	ˈkʊnɪŋkrʏkə
konjak	konʝok
konjak	ˈkɔnjɑk
konjunktiva	kɔɲʝʊŋkˈtɪfɑ
konkel	ˈkɔŋkəl
konkreet	ˈkɔŋkrita
konkrete	ˈkɔŋkrətə
konkurent	kɔŋkʊrɛnt
konkurente	ˈkɔŋkʊrɛntə
konowsky	kɔnɔfski
konsekwensie	kɔnˈsɛksəni
konsekwensies	kɔ̃sɛkˈwɛnsiəs
konsekwent	kɔnsɛkwˈeŋt
konsentrasiekamp	kõsɛntrɑːsikämp
konsentrasiekamp	kɔnsɛntrɑːsikämp
konsentrasiekampe	ˈkɔnsəntraːsikɑmpə
konsentreer	ˈkɔnsɛntreːr
konsep	kɔnˈsɛp
konsepte	ˈkɔnsɛptə
konsert	ˈkɔnsɛrt
konserte	ˈkɔnsɛrtə
konservatorium	ˌkɔnsɛrʋaːtrʊm
konserwatorium	ˈkɔnsərvaːtrʏʊ̯m
konsidererend	kʊnsidɛrɛnt
konstabel	ˈkɔnstɑbəl
konstante	kɔnˈstɑnte
konstellasie	ˌkɔnəˈsɛlsiə
konstellasies	ˌkɔnstɛˈlɑsiəs
konstitusie	kɔnstisi
konstruksie	ˈkɔnstruksi
konstruksieprojek	ˈkɔnstruksiəˌprɛk
konsul	kɔnsʊl
kontak	kontak
kontak	ˈkɔntɑk
kontaklense	ˈkɔntɑkˌlɛnsə
kontakpersoon	ˈkɔntɑkpəˌsʊə̯n
kontakte	ˈkɔntɑkə
kontakverbod	ˈkɔntɑkfərˌbɔt
kontant	kont̪ant̪
kontant	ˈkɔntɑnt
kontinent	ˈkɔntinɛt
kontoer	kʊnˈtʊə̯r
kontra-revolusionêres	ˈkɔntraɾevolusioˌnɛːrəs
kontrak	kontraːk
kontrak	kɔnˈtrɑk
kontrakte	kɔn̪t̪rɐkt̪ɛ
kontrakte	ˈkɔntraktə
kontrakteur	ˈkɔntraktøːr
kontras	kɔntʀɑs
kontrole	kɔntroːlə
kontroleer	ˈkɔntroːləə̯r
kontroleurs	ˈkɔntroːleʊ̯rs
kontroversie	ˈkɔntroːvəɾsi
konvensie	kɔnvɛnsi
konyn	kɔnən
konyntjie	ˈkʊə̯njtʃiə
kooi	kui
kook	kuːk
kook	kɔɛk
kookboek	kuːk̟ʊɣ̟ʊk
kooknat	kuːkˈnɑt
kool	kʊəl
kool	uɔvˈ
koolraap	kulˈrɔb
koolsop	kulsɔp
kooltjie	kuːltʃi
koolvelt	kuːlvɛlt
koop	kop
koop	kup
koop	kuəp
koor	kueɾ
koor	kuːr
koor-seuntjie	kuːr̥səntʃi
koorlede	kurˈlɛdə
kooroefening	ˈkʊəruːfəŋ
koors	koːrs
koors	kʊ̞ʃ
koorsang	kʊə̯rˈsɑŋ
kop	χɔp
kopbesering	ˈkɔpbəˌsɛrəŋ
koper	kɔtə
koper	ˈkɔpər
kopers	ˈkɔpərs
kopie	kuːpiː
kopie	ˈkɔpiə
kopieer	ˈkɔpiːr
kopieë	ˈkɔpiə
kopié	kɔpiː
kopië	kɔpiə
kopkrap	kukrɔp
koplamp	koplam
koplose	χɔplɔsə
kopluise	ˈkɔplœi̯sə
koppe	χɔpə
koppel	ˈkɔpəl
koppelaar	ˈkɔpəlaːr
koppenjager	ˈkɔpənˌjɑχər
koppie	kopɪ
koppies	χɔpɪə̯s
koppig	ˈkɔpəχ
koppige	ˈkɔpɪχə
kopseer	ˈkɔpsɪə̯r
koptelling	χɔptɛlɪŋ
koptoe	χɔptuː
kopuleer	ˈkɔpəlɪə̯r
kopwond	ˈkɔpʋɔnt
kordaat	kʊrtɑt
korea	kʊəɾə
koreane	ˈkʊəɾɑːnə
korf	χɔrf
koring	ˈkɔːrɪŋ
koringsnyer	ˈkɔːrɪŋsnɪə̯r
koroku	ˈkɔːrɔkʊ
koronkiewicz	kɔrɔŋkəvitʃ
koronêre	kɔrɔnɛːr
korporaal	kɔrpoˈraːl
korporaaltjie	ˈkɔrpəraːltjɛ
korps	ˈkɔrps
korrek	kɔrək
korrels	kɔrəls
korrespondent	ˈkɔrsəˌrɛndənt
korrup	ˈkɔrʏp
korrupsie	ˈkɔrʏpsi
kort	kult
kort	χɔrt
kortaf	χɔrtaːf
korte	kɔrtə
korter	ˈkɔrtər
korterig	ˈkɔrtərɪχ
korting	ˈkɔrtəŋ
kortkom	kuɾtkum
kortkom	χɔrtkɔm
kortliks	χɔrtlɪks
kortlys	χɔrtləs
kortom	kortũ˥ːm
kortom	kɔrtɔm
kortpad	koɾpɑt
kortpad	χɔrtpɑt
kortsigtig	χɔrtsɪχtiχ
kortsigtigheid	χɔrtsɪçtəiχdʰ
kortste	kɔrtsə
kortverhale	χɔrtfərɦɑlə
kortweg	χɔrtʋɛχ
kos	kɔs
kos-karavaan	ˈkɔskɑɾɑvɑːn
kosakke	ˈkɔsəkə
kosbaar	kustav
kosbaars	ˈkɔsbaːrs
kosbare	ˈkɔsbɑːrə
koshuis	ˈkɔsɦœi̯s
kosie	ˈkɔsiə
koskaravaan	ˈkɔskəɾaːvɑːn
koskoepons	ˈkɔskʊə̯pəns
kosmaak	ˈkɔsmaːk
kosmos	ˈkɔsmɔs
kosskool	ˈkɔskʊə̯l
koste	ˈkɔstə
kostes	kɔstəs
kostuum	kɔstim
kostuums	ˈkɔstyːms
kosyn	kɔːsɛːn
kothuis	ˈkɔtsɪs
kots	χɔts
kotuwa	ˈkɔtʊə̯
kou	kuː
kou	kɔː
koud	kuːt
koud	kɔt
koud	kʰoːt
koudste	kuːtʃtə
koue	kauː
koue	kuə
kouetjie	kuətʃi
kougom	kuːgʊm
kous	kau̯s
kousband	χʊsˈbɑnt
kouse	kuːsə
kozłowski	ˈkɔzɫɔski
koëls	kœls
koördinaat	ˈkʊə̯rdiˌnɑːt
koördinate	ˈkʊə̯rdiːnətə
koördineer	ˈkʊə̯rdiːnɪə̯r
kraag	krɑːχ
kraag	kɾaɣ
kraai	krɑːi
kraak	krɑːk
kraal	krˈɔl
kraam	krɑːm
kraampie	krɑːmpi
kraampies	krɑːmpiəs
kraampieskompleks	krɑːmpəsˈkɔmplɛks
kraan	krɑːn
kraan	krˈɔn
kraemer	krɑːməɾ
kraffie	krɑfi
krag	krɑχ
krag	krˈax
kraglyne	krɑχlʏnə
kragte	krɑχtə
kragtens	krɑχtəns
kragtig	krɑχtəχ
kragtige	krɑxtɪ̞χɪ̞
kragtige	krɑχtiχə
krakow	krɑˈkɔː
kramdrukker	kramd̪ɾəkːər
krampagtig	krɑmpɑxtəχ
kranksinnig	krɑŋsɪŋ
krans	krɑːns
kranse	krɑːnsə
kransie	krɑːnsɪ
krap	krɑp
krappe	krɑpə
kras	krɑs
krasnojarsk	krɑsnoɪ̯ɑrʃ
krat	krɑt
krawczyk	krɑfʃɪk
kreamer	krɑːməɾ
kreatief	krɪəˈtiːf
kreatiewe	krɪə́ːtiːfə
kreatiwiteit	krɪətiwitɪt
kreatuur	krɪə̯ˈtʊːr
kreatuurtjies	krɪə́tuːrtʃis
krediet	krɛdiət
kredietkaart	krɛdiɛtˈkɑːrt
krediteure	ˈχrɛdiːtɪr
kreef	kɹiːf
kreef	kɾˈiːf
kreet	kriːɛt
krenz	krɛns
krepeer	krɪpər
kreun	kɾˈiːn
kreuzer	krøːtsər
kriek	krik
krieket	krikːət
krieseltjie	krɪə̯səlcə
krijgsraad	krɪχsˈraːt
krim	krɪm
krimineel	krɪməˈniːl
kriminele	krɪməˈniːlə
kriminologie-les	krɪminɔlɔˈʒi
krimp	krɛmp
kring	krɪŋ
kringe	krɪŋə
krip	krɪp
kripto	krɪptoː
kripton	kripton
kripton	krɪptɔn
krisis	krɪsi
krisiskommittee	krɪsɪskɔmɪteː
kristal	krɪsˈtɑl
kristal	kˈrɪstɔl
kristalfiguurtjie	krɪstɑlfiɣʏrtjɪ
kristen	krɪstən
kristine	krɪstinə
kritici	krɪtiːsɪ
kritiek	krɪtiːk
kritiek	kɾˈitˌyk
kritieke	krɪtiːkə
kritikus	krɪtiˈkʏs
kritiseer	krɪtiːrə
kroasies	krʊəsiəs
kroaties	krɔɑˈtəs
kroatiese	krʊəˈtɪsə
kroeg	krøːχ
kroeg	krˈux
kroegeienaar	krœuχəi̯ənaːr
kroegvrou	krœχfrœu
kroeë	kruɛ
kroger	χrɔχər
kroket	krɔkət
kroketjies	krɔkɛtʃis
krokodil	χɹoʊkɔdiːl
krokodille	χroʊkɔdilə
krom	gɹaɪŋ
krom	krɔm
kromdraai	kro˥˩ːmdra˥˩j
krone	krɔːnə
kroniese	krɔniːsə
kronings	krʊə̯nɪŋs
kronkelende	krɔŋkələntə
kronkels	krɔŋkəls
kronologies	krɔnɔlɔʒi
krood	krʊə̯t
kroon	krʊə̯n
kroon	kɾˈun
kru	krʏ
kruger	krʏgər
kruger	kɪɾɪeɾ
kruidenier	krœi̯dənier
kruie	kroje
kruie	krœi̯ə
kruier-diens	krʏi̯ərdi̯əns
kruik	krœyk
kruike	krœykə
kruin	krajn
kruip	krʏp
kruipende	krœy̯pəntə
kruipertjie	krɪəpɛrtʃi
kruis	krœi̯s
kruisbande	krœy̯sˈbande
kruisbos	krœy̯sˈbɔs
kruise	krʉi̯sə
kruisiging	krœi̯siχiŋ
kruising	krœi̯sɪŋ
kruispad	krœy̯sˈpɑt
kruisteken	krœystəken
kruit	krʉit
kruiwa	krajpɔ
kruiwa	krʉiwa
kruk	krk
krul	krʊl
krullerig	krʊləɪχ
krullerige	krʊləiʒə
krulstert	krʊlstɛrt
krulstertjie	krulstâːrkʲi
krummelkaas	krʏməlaːs
kruppel	krʏpəl
kruppel-lopery	krʏpəlɔpɛri
kry	kraj
kry	krɪ
kryger	krɪχər
krygers	krɪχərs
krygsgevangekamp	krɪχsɣəˌfɑŋəˈkɑmp
krygsraad	krɪχsˈraːt
krygswet	krɪχsʋɛt
krynica	krɪnɪtsə
krypton	krɪptɔn
kryptonianen	krɪptɔnɪən
kryptons	krʏptɔns
krystian	krʏstian
kryt	krɪt
kuba	ˈkʊβa
kubane	ˈkʊbɑːnə
kubiek	kəbik
kubus	kibəs
kudde	kədˈ
kudde	χʊdə
kudde-instink	ˈkʊdəˌɪnstɪŋk
kufstein	ˈkʊfʃtaɪ̯n
kuier	ˈkœi̯r
kuikens	ˈkœy̯kəns
kuile	ˈkœylə
kuiper	kɛjpɛr
kuit	kɔjd̪
kuitverwarmer	ˈkœɪ̯tfərˌʋɑrəmər
kujawiak	ˈkɔɦɑːi̯ɑk
kulakov	ˈkʊləkɔf
kullery	ˈkʊləɾi
kulturele	ˈkʊltəɾələ
kultus-area	ˈkʊltʊsəˌrɛə̯
kultuur	kultiːr
kultuur	ˈkʊltuːr
kultuurdepartment	ˈkʊltʏːrdepaːrmɛnt
kultuurgroep	ˈkʊltuːrχrup
kultuurryk	ˈkʊltʏrɪk
kultuurvereniging	ˈkʊltuːrvərəˌŋiŋ
kultuurvermenging	kultˈyʁfərmˈɛŋən
kundig	χʊnˈdiχ
kundige	ˈkʰœntiχə
kuns	kʌnˈs
kuns	χʊns
kuns-direkteur	χunsdiɾɛktœr
kunshandel	ˈkʰunsˌɦɑːndəl
kunshandelaars	ˈkunsɦandəlɑːrs
kunskenners	ˈkʰunsχənərs
kunsmark	χunsmark
kunsmatige	χunsˈmɑːtɪχə
kunsmis	ko̞nsmes
kunsmis	χunsmɪs
kunsstukke	χunsˈtʃʏkə
kunste	χʊnstə
kunstenaar	χʊnstəˈrɑːr
kunstenaars	χʊnstəˈnɑːrs
kunstenaarsfamilie	χʊnstəˈnɑːrsfamiˌli
kunstenaartjie	χʊnstəˈnɑːrtʃi
kunstenmaars	ˈkʰʊstəmnɑːrs
kunstig	kənʃtə
kunsuitstalling	χunsˈœistɑlɪŋ
kunswerk	ˈkunsfɛrk
kunswerke	ˈkunsfɛrke
kupido	ˈkʊpɪdoː
kupriano	ˈkʊpɾiɑnoː
kure	ˈkʊrə
kurk	kurk
kurk	kɛrk
kuroń	ˈkʊrɔŋ
kursus	kæɾʃɪz
kursus	ˈkʊrsəs
kurt	χʊrt
kurwes	kurvis
kus	kʏs
kuslyn	ˈkʏsɫəɪn
kusse	ˈkʏsə
kussing	kˈɪstim
kussing	ˈkʊsɪŋ
kussings	ˈkʊsɪŋs
kustvaart	ˈkʊstˌfaːrt
kustwacht	ˈkʏstʋɑχt
kuswag	ˈkʊsvaχ
kusza	ˈkʊsə
kutriano	ˈkʊtrɪɑnəʊ
kutte	χʊtə
kuur	kʲir
kuur	χʊə̯r
kułaj	ˈkʊlɑɪ̯
kwaad	kwɑːt
kwaadaardig	ˈkʰwaːɑːrdiχ
kwaaddoen	kwɑːdʊən
kwaadmaak	kwɑːdmɑːk
kwaai	kwɑːi
kwaai	kwˈaɪ
kwaaier	kwɑːi̯ər
kwaal	kwɑːl
kwade	ˈkwade
kwak	kwɑk
kwaksalwery	kwɑksɑlʋɛri
kwalifikasie	ˈkfaliˌfɪkəsi
kwalik	kwɑˈlɪk
kwaliteit	kualitˈaɪ
kwaliteit	kwɑˈlɪtɛt
kwaliteit-opleiding	kwɑˌlɪtɛtˌɔplɛi̯ˈdiŋ
kwaliteite	kualitaʝta
kwaliteitsbeheer	ˈkwalitəitsbəˌɦɪr
kwam	kwɑːm
kwansuis	kwɑnsʉi̯s
kwart	χɑːrt
kwartaal	χʊɐ̯ˈtɑːl
kwarte	χwaɾtə
kwartiere	χɑɾtiəɾə
kwartmiljoen	χɑrtmiljʊən
kwartuur	χɑɹtɯːr
kwas	kwas
kwas	kwɑs
kwasstrepe	kwɑːstrɛpə
kwaste	kwɑːstə
kwaswerk	kwɑsˈvɛrk
kwazulu-natal	kwazulˈenatˈaʊ
kweek	kwɛk
kweek	kʊjɛk
kweekhuis	kwɪkˈɦœi̯s
kwekery	kuiːkaɾaiː
kwel	kwɛl
kwesbaar	kwɛsbar
kwesbaarheid	kwɛsˈbɑːəɪt
kwessie	ˈkʋɛsiə
kwetste	kwɛtstə
kwijt	kwɪχt
kwijtraak	kwɪχraːk
kwota	kwɪta
kwoteer	kwʊtəɹ
kwynende	kwɪnənde
kwyt	kwɪt
kwytskeldings	kwɪtskəlˈdiŋs
ky	χi
kyk	kiːk
kyk	kɛik
kykers	χɪkərs
kêrel	ˈkɪə̯rəl
kêrels	ˈkɪə̯rəls
körner	kœrner
l	ɫ
l-a	ɫaː
l-a-b	ləb
l-a-b-r-e-d-e	ləˈbrɛdə
la	lɑː
la	lə
laag	lɔx
laag	ɫaːχ
laager	lɑːgɛr
laaggestel	ɫaχˈʃɛstəl
laaglê	ɫɑːχlɪ
laagvliegende	ɫaːχfliəŋdə
laai	lɔj
laai	ɫaːi
laaie	ɫaɪə
laaier	ɫaɪ̯ər
laaiers	ɫaɪ̯ərs
laaikas	lˈaʊɪkəs
laaitie	lajˈtɪ
laan	ɫɑːn
laas	lˈɔz
laas	ɫɑːs
laasnag	ɫɑːsnɑχ
laaste	lɔsta
laaste	ɫɑːstə
laastens	ɫɑːsənts
laat	lˈɑːt
laat	ɫɑːt
laat-somer	laːtsɔməʁ
laatnag	laːtnɑχ
laatsomer	ɫɑːtsɔməɾ
laatste	ɫɑːtstə
lab	ləp
labastide-beauvoir	ləbɑsˈtiːdəˌbɔːˈvwaːr
labirint	ləβiɾənt
labora	ləˈbɔːra
laboratorium	ləˌbɔːriəˈtɔːrəm
laboratoriums	ləˌbɔːriːəˈtɔːrɪəmz
labrede	ləˈβrɛdə
labréde	ləˈbreːdə
laden	ˈlɑːdən
laders	ˈlɑːdərs
lading	ˈlɑːdəŋ
lady	ladɪ
lae	lɔːɹ
lae	ɫɑe
lae-stand	laɪˈstɑnt
laer	lɔɾ
laer	ɫɑːr
laerskool	lˈɑɹskuːl
laerskool	ɫɑːrsˈkʊə̯l
laestande	lɑːsˈtɑːndə
laf	ɫɑf
lafaard	ˈlɑːfaːrt
lafaards	ˈlɑːfaːrts
lafayette	ˈlɑːfɛt
lafharte	ˈlɑfɦɑrtə
lafhartig	ˈlɑfɦaːrtəx
lafhartige	ˈlɑfχɑrtiχə
lafhartiges	ˈlɑfχɑrtiɣəs
lag	la
lag	ɫɑχ
lagardère	ləgɑrˈdeːrə
lagardére	ˈlɑχɑrdeːrə
laggend	ɫɑχənt
laggende	ɫaχəŋə
laggie	ɫaχi
laggies	ɫəχi
laginsky	ˈlɑːχɪnski
lagwekkend	ˈlɑχfɛkənt
lagwekkende	ˈlɑχfɛkəntə
laid	ɫaɪ̯t
lake	ɫɑkə
lakei	ˈlɑːkəi
lakeie	ˈlɑːkɪ
laken	lˈɔkɪŋ
lakens	ˈlɑkəns
lakme	ˈlɑkmə
laks	ɫaks
lam	lam
lam	ɫam
lam-choppies	ləmˈtʃɔpɪə
lamgat	ɫɑmˈχɑt
lammetjie	ɫɑməˈtʃiə
lamp	ɫɑmp
lampe	ləmpə
lams-kotelette	ɫɑmskʊtəˈlɛtə
lamsak	lamˈsɑk
lamsbredie	ɫɑmsˈbreːdi
lana	ɫaːna
land	lant
land	länt
land	lˈɑnt
land	ɫɑnt
landbou	lansboʋ
landbouer	ˈlɑːntˌbœʏ̯r
landbougebied	ˈlɑːntbœrˌɦɪə̯rt
landbouprodukte	ˈlɑːntbʌupɹəˌdykə
landbouskool	ˈlɑːntbuskʊə̯l
landbouskool-toe	ˈlɑːndbuskuːltʰuː
landdiere	ˈlɑːntiːrə
lande	landə
landelike	ˈlɑːnəˌdɪləkə
landgenoot	ˈlɑntxəˌnœt
landgenote	ˈlɑntχəˌnʊtə
landgoed	ˈlɑntxut
landing	ˈlɑːntɪŋ
landingstroke	ˈlɑːndɪŋstrɔk
landingstrook	ˈlɑːntɪŋstɹʊk
landjie	ˈlɑntʃi
landlyn	ɫɑnˈdɫəi̯n
landmag	ˈlɑntˌmɑχ
landmeters	ˈlɑntməˌtɛrs
landremont	ˈlɑːntrəˌmɔnt
landrevec	ˈlɑːndrɛvɛtʃ
lands-rok	lɑnsˈrɔk
landsburgers	ˈlantsˌbʏrχərs
landsgrense	lɑnsχrɪnsə
landskap	ˈlɑːntskɑp
landskapdeskundige	ˈlɑntskɑpskʏnˌdiχ
landskappe	ˈlɑːtskɑːpə
landstreek	lɑntsˈtrɛk
landsverraaier	ˈlantsfərɑɪ̯ər
landswyd	lɑnsfɪt
landvoog	ɫɑntˈfʊχ
landvoogd	ˈlɑntˌfʊχt
lane	lanə
lang	lɔŋ
lang	ɫæŋ
langasem	mɑŋaʃɑm
langbroek	ɫɑŋˈbrœk
langdurig	ɫɑŋdyriχ
langdurige	ˈlɑŋdʏriχə
lange	ɫaŋə
langer	ˈlɑŋər
langlois	ɫɑŋloɪ̯s
langnaweek	ɫɑŋnɑvɛk
langs	lˈɔŋz
langs	ɫɑŋs
langsaan	laŋsaˈn
langsaan	ɫɑŋsɑːn
langsamerhand	ˈlɑŋsəˌmɛrˌhɑnt
langsgaan	ɫaŋsxɑːn
langszij	ɫɑŋsɪ
langverwagte	ɫɑŋfərˈvɑxtə
lank	lɛ̃k
lank	ɫɑŋk
lankal	ɫaŋkəl
lanklaas	laŋklas
lanklaas	ɫɑŋkˈlɑːs
lans	ɫɑns
lanse	ɫɑːnsə
lanseer	ˈlɑːnseːr
lansering	ˈlɑːnsərɪŋ
lanterns	ˈlɑːntərn̩s
lap	lˈɛn
lap	ɫɑp
lapis	ˈlɑpəs
lapitut	ˈlɑːpɪtʊt
lapklere	ˈlɑpklərɛ
lappe	ɫɑpə
lappie	ɫɑpi
laptop	ˈlæptɔp
lara	ləˈraː
laramie	ləˈrɑːmi
larry	ɫɑːri
larsson	ˈlɑrsən
larzac	ˈlɑːtsaχ
las	ɫɑs
lasarus-siel	ləˈsɑːrəssiəl
lasbrief	lasprɪf
laspos	ɫɑsˈpɔs
lass	ɫas
last	ɫast
laste	ɫɑstə
laster	ˈlɑstər
lasterlike	ˈlɑstəɾlikə
lasterpraatjies	ˈlɑstəˌprɑːtʃis
lastig	ˈlɑːstəχ
lastige	ˈlɑːstɪχə
lastigheid	ˈlɑstixəɾ
lat	ɫat
later	lˈatɚ
later	ˈlɑːtər
latere	ˈlɑtərə
latrines	ˈlɑːtrɪnəs
latyns-amerika	ˈlɑtəinsəˌmɛrika
latynse	ləˈtinsə
laude	ɫɑʊ̯də
lautrec	ˈlɑʊtrɛk
laventelkers	ləˈvɛntəlkərs
lawaai	ɫɑˈvɑi̯
lawaaierig	ləˈvɑɪ̯əˌrɪχ
lawaaierige	ləˈvɑɪ̯ərɪχə
lawend	ləˈvənt
lawrence	ˈlɑːvərəns
lawwe	lˈʌvɚ
lawwe	ɫɑːfə
lay	laɪ̯
lays	ɫaɪ̯s
lazlo	ˈlɑsloʊ
lazuli	ˈlɑːzuli
le	lə
leander	ˈlɑːndər
leandie	liandˈi
leave	liːf
leclerc	ləˈklɛr
lede	ljɛda
lede	ləˈde
ledemate	ləˈdeːmate
ledig	lədiχ
leduc	ləˈdʏk
lee	liː
leed	liːt
leed	lˈiːt
leef	liːf
leef	lˈiɛf
leefstyl	liːfstɪl
leeftyd	liːftɪt
leefwêreld	liːfʋœrld
leeg	lix
leeg	liːχ
leeggemaak	leːχəˈmɑːk
leeggeroof	leːχəruːf
leegmaak	liːɣˈmɑːk
leek	leːk
leemte	ljɛm˨˩˦tʰɛː
leen	leːn
leen	lian˨˩
leenheer	leːnɦiːr
leenman	leːmˈmɑn
leer	leːr
leer	leːɾ
leergierig	leːrχiːrɪχ
leerling	leːrɫəŋ
leerlinge	leːrˈlɪŋə
leerlingkelner	leːrləŋkəlnər
leermeester	leːrmɛːstə
leermeester	lɪɛrmɛstɛr
leersaam	leːrsɑːm
lees	liːs
lees	lˈiːɚz
leesbaar	liːsˈbɑːr
leeu	ljuː
leeu	luː
leeukuil	ləʊkfʉɪ̯l
leeumannetjie	liːmanɛtʃi
leeutemmer	ɫøːtəmə
leeuwerik-koorfees	luəˈrikˌkʊəɹfɪs
left	ɫɛft
leg	ləg
legato	ləˈχato
legende	ləˈχɛndʒə
legende	lɛxɪndɛ
legendes	ˈlɛχənɪts
legering	ləˈχəɹəŋ
legioen	ləˈgiən
lego	ləˈgoʊ
lehmann	ləˈman
lei	lə̟i̯
lei	lɪ
lei	ɫiː
lei-dakke	ɫiˈdəkə
leiden	lˈaɪdən
leiding	ləi̯diŋ
leidraad	lajdraɟ
leier	liːɐr
leier	nʲii̯r
leier-werker	liːərˈʋɛrɪkər
leier-werkers	liːɐ̯ˈvɛrkərs
leiers	liə́rs
leierskap	liə́ɪ̯skɑp
leierskonvensie	ˈlɪə̯rsˌkɔnvɛnˌsi
leiptzig	ləipʈsɪç
leipzig	ləi̯pɪk
leipzig-deklarasie	ləi̯pɪksdɛkɫaːrɪsi
leisels	leɪsəls
leisels	lˈaɪsəlz
lek	lek
lek	lˈɑk
leke	ləke
lekker	lakkaɾ
lekker	ˈlɛkər
lekkerder	ˈlɛkərdər
lekkergoed	ˈlɛkərˌχʊə̯t
lekkernye	lakernaio
lekkers	ˈlɛkərs
lekkerste	ˈlɛkərstə
lekkerte	ˈlɛkərtə
lekte	lɛkʰtə
lektor	lɛktor
lelie	ləˈli
lelie	lˈɪli
lelieblare	ləˈliəˌblɑːr
lelies	ləˈliəs
lelik	ləˈlik
lelike	ləˈlikə
lelikheid	ləˈlikɦɛit
lemoen	lamˈun
lemoene	ləˈmunə
lemoensap	ləˈmunsɑp
lemonade	ləˈmʊnɑːdə
len	lɛn
lencz	lənts
lene	ləˈne
lengefeld	ˈlɛŋfɛlt
lengefeld-familie	ləŋfɛlɛtfəmɪliə
lengefeld-huis	ˈlɛŋfɛltˈœy̯s
lengte	ləŋtə
leni	ləˈni
lenin	ˈlɛnɪn
lening	ˈlɛnɪŋ
leningrad	ˈlɛnɪŋrɑt
lenny	ˈlɛnə
lensies	ˈlɛnsiəs
lente	lɛntə
lente	lɛntɜ
lentebeeld	ˈlɛntəˌbɛlt
lenz	lɛns
leo	liəʊ
leon	liːɔn
leonard	leʊ̯ˈnɑːrt
leonid	liəʊˈnɪt
leonidas	liəʊniˈdas
leopold	ləʊˈpɔld
lepel	ləpəl
lepel	ˈeɪpəl
leraar	lʲerɔr
lerlec	ləˈrɛk
leroux	ləˈɹʊks
leroy	ləˈroɪ
lerwensorgane	ləˈrɛnzɔrgəne
les	lə
lesego	lessɛɾɔ
leser	ləˈsɛr
lesers	ləˈsɛrs
lesgee	ləʃxeː
lesing	ləˈsɪŋ
lesings	ləˈsɪŋs
lesingsaal	ləˈsɪŋsɑːl
lesotho	le-sœtˈy
lesse	ləse
lessenaar	ˈlɛsəˌnɑːr
lessie	ləˈsiə
let	lət
letizia	ləˈtɪsiə
letland	lətlɑnt
letsels	ləˈtʃəls
letter	ləˈtɛr
lettergreep	ˈlɛtərχrɛp
lettergrepe	ˈlɛtərχrɛpə
letterlik	ləˈtɛrlək
letters	ləˈtɛrs
lettertipe	ˈlɛtəɾtiːpə
leuen	ləʊən
leuen	lɪən
leuenaar	ˈlœʏ̯ənaːr
leuens	luəns
leuenswelsel	luənsʋəlsəl
leuenverklikker	luənfərklɪkər
leun	løn
leunstoel	lœynstoːl
leuse	ləʊ̯sə
leviatan	ləvi̯aːtɑn
levine	ləˈvinə
lewe	ləʋə
lewe	ˈleːvə
lewe-suig	ləˈvəsœiχ
lewend	ləˈvənt
lewende	ləˈvɛndə
lewendes	ləˈvɛndəs
lewendig	ləˈvɛndəx
lewendige	ləˈvɪndɪχə
lewens	ləˈvəns
lewens-anuïteit	ləˈvɛnsɑnɥiˌtɛit
lewensbelangrik	ləˈvɛnsbəlɑŋrɪk
lewensbron	ləʊ̯ənsbrɔn
lewensbronne	ləʊ̯ənsbrɔnə
lewensdroom	ləʊ̯ənsdruːm
lewenskrag	ləˈvɛnskrɑχ
lewenslange	ləʊ̯ənsˈlɑŋə
lewenslank	ləʊ̯ənsˈlɑŋk
lewenslus	ləˈvɛnslys
lewenslustig	ləʊ̯ənsˈlʏstχ
lewensmaat	ləʊ̯ənsmaːt
lewensplan	ləʊ̯ənsplan
lewensstyl	ləˈvɛnsˌstɪl
lewenstaak	ləˈvɛnstaːk
lewensverhaal	ləʊ̯ənsfərɑ̯ɑl
lewensvraagstukke	ləʊ̯ənsfɹɑːχstʏkə
lewensvreugde	ləʊ̯ənsfɹœyχdə
lewer	ləˈvɛr
lewerik	ləˈvɛrək
lewerkluitjiesop	ləˈvɛrklœi̯tsɔp
lewersiekte	ləˈvɛrsiːkə
lewerwors	ləˈvɛrvɔrs
lewetjie	ləˈvɛtʃi
leyden	ləi̯dən
leye	ɫiə
leyla	leɪlə
leë	lə
leër	lɪər
leër	lˈiːr
leër	ɫiːr
li	liː
liam	liəm
liberaal	liːbəˈraːl
liberalisme	liːbəɾɑːlɪzmə
libiese	liˈβisə
lichtenberg	liχtənbɛrx
lid	lət
lid	lɛt
lid	ɫəɪ̯t
lidia	liːdiə
lidmaatskap	ɫɪdmɑːtskɑp
lied	liːt
lied	lˈit
liede	liːde
liedere	liːdeɾə
liederlik	liːdərlik
liedjie	liːdʒi
liedjies	liəˈdiəs
lief	liːf
lief	lˈif
liefdadigheid	liəfdɑːsɪkˈɦɛit
liefde	liːfdə
liefde	liːftɛ
liefderik	liəfd̪əɾək
liefderyk	liːfdɛrɪk
liefdes	liəfs
liefdes-apteek	liəfdɛsɑptiːk
liefdesbrief	liːfdəsbriːf
liefdesbriewe	liəfdɛsbrivə
liefdesdrank	liəfsdrɑŋk
liefdesdrankie	liəfdəsdrɑŋki
liefdesgedigte	liəfsəˈχɛɪ̯tʃə
liefdeslewe	liəfsleβe
liefdesprobleme	liəfsproblɛmə
liefdessorge	liːfdəsɔrχə
liefdesverhaal	liəfdəsfɛraːl
liefdesverhale	liəfsfɛrˈɦɑːlə
liefdesverklaring	liəfdəsfɛrkləˈrɪŋ
liefdeswil	liəfdɛsʋɪl
liefdevol	liəfdəfoːl
liefdevolle	liːfdəˈfɔlə
liefgehad	liə́fχə́ɦat
liefhebbende	liəfˈhɛbənə
liefhet	liə́fət
liefhê	liə́fɦeː
liefie	liːfiə
liefies	liːfəs
liefkry	liːfkrɪ
lieflik	liːflɪk
lieflike	liːfliːkə
lieflikheid	liːfəlɪkɦɪt
lieflikste	liːfɫɪkstə
liefling	liːflɪŋ
liefling	lˈɛflˈˈam
liefling-gas	liːflɪŋxɑs
lieflingsuitvinding	liːflɪŋsœytfɪndɪŋ
lieflingvinger	liːflɪŋˈfɪŋər
liefst	liə́fst
liefste	liːfstə
lieftallig	liːftɑlɪχ
lieg	liχ
liere	liːrə
lies	plˈis
lieschen	liːʃən
liesl	liːsl̥
lieutenant	liːtənt
liever	liːvər
lieverd	liə́vɛrt
liewe	libʲa
liewe	liːvə
liewenheersbesie	liəʊ̯ə̯nɦiːrsbəsi
liewer	liəʊər
life	liːfə
lig	liχ
lig	lˈɛx
liga	lixa
ligaamstemperatuur	liɣaːmstempəɾuːr
liggaam	nə˥˩xɔ̀ːm
liggaam	ɫəˈɣaːm
liggaamkussing	ɫəχɑːmsˈkʏsɪŋ
liggaamsbou	ɫəχɑːmsbœu
liggame	ɫɪχˈgæmə
ligheid	liχɦɪt
light	laɪt
lightning	laɪtɪŋ
lighuis	liχʊɪ̯s
liglekke	liχlɛkə
lignon-bos	ligɔnˈbɔs
ligpunt	liχpʰʊnt
ligroos	liχruːs
ligroos-broek	liχruːsbrœk
ligsein	liχsɛɪ̯n
ligsinnig	liχsɪŋ
ligsinnige	liχsɪnɪχə
ligsinniges	liχsɪnɪχəs
ligskakelaar	liχskɑkələɑr
ligskakelaars	liχskɑkələɐs
ligte	liχtə
ligtelik	liχtəlɪk
like	laɪk
likeur	liˈkœr
lili	liːliː
liliana	liːlíaːna
liliane	liːliːəne
lilien	liːliən
lille	lilə
lilleinger	ɫiəˈiŋər
limiete	limiːtə
limonades	liːmoːˈnɑːdə
linde	lində
lindeblomme	ˈlɪndəˌblɔmə
lindebome	linˈdɛmbʊmə
linden	ɫinˈdən
line	liːnə
linie	liːˈniə
linies	liˈnis
linker	ˈlɪŋkər
linkerhand	ˈlɪŋkərˌhɑnt
linkerkant	nərkərkant
linkerkant	ˈlɪŋkərˌkɑnt
linkervoet	ˈlɪŋkərfʊə̯t
linkman	lɪŋkmɑn
linkmann	ɫəŋkman
links	lɪŋks
linkses	ˈlɪŋksəs
linkshandig	ˈlɪŋksɦɑntəx
linne	linə
linnegoed	lanasˈχut
lint	ɫənt
linte	lin̥tə
liplees	ɫipˈlɛs
lipleser	ləˈplɛsər
lippe	ɫɪpə
lips	ɫɪps
lipski	ɫɪpʃi
lipskis	ɫɪpskɪs
lipstiffie	lˈɛpstˈapˈ
lipstiffie	ɫɪpˈstɪfjə
lire	liːrə
liries	liːriəs
lisa	lisə
lise	liːsə
lisensie	liˈsɛnsi
lisieja	liːsiəʒa
listen	lɪstən
listig	ɫistɪχ
liszt	lɪst
lit	ɫɪt
liter	ljˈtɚ
liter	lətɛr
liter	ˈlɪtər
literatuur	litəˈrɪʏr
literatuur	tətraːtiːr
literêr	litəˈrɪə̯r
literêre	litəˈrɪːrə
lithium	liːtiəm
litium	ˈlitiəm
litotes	ɫiˈtɔtəs
litoue	ɫiˈtuə
litteken	latʃakn
little	litə
live	ləi̯və
lives	ləi̯vəs
livres	ləˈβrəs
ll	ɬʊ
lnger	ɪŋər
lo	loː
lobacheva	ɫɔbɑˈxɛfɑ
lockerbie	ˈlɔkəɾbi
lodewijk	ˈlɔːəʊvɪks
lodewyk	ˈlʊədeʊk
loei	lui
loempia	ɫœmˈpiə
loer	luːr
loevenstein	ˈlœʊvənʃtɛin
lof	lof
lofgesang	ɫɔfχəˈsɑŋ
logan	loχan
loge	loχə
logekaartjes	ˈlɔχəkɑːrtsjəs
logge	ɫɔχə
loggen	ɫɔχə
logies	loːxiz
logies	ˈlɔχis
logiese	ˈlɔχiːsə
logout	loʊgaʊt
lois	ɫui̯s
lojaal	loχɑːl
lojaalste	loχɑːlstə
lojale	loʊχɑlə
lojaliteit	loχɑliˈtɛit
lojaliteits-kaart	loːχaliˈtɛitsˌkɑːrt
lok	lˈɔk
lok	ɫɔk
lokaas	ˈlʊkɑːs
lokale	ˈlɔkələ
lokkend	ˈlɔkənt
lokomotief	ˈlɔkəmoʊtif
lokval	ɫɔkfɑl
lola	lolə
lollo	ɫɔlo
lombard	ˈlɔmbɑrt
lombardië	ˈlɔmbɑrdiə
lombardiërs	ɫɔmbɑrdiə̯rs
lomerig	ˈlʊməˌrɪχ
lomp	ɫɔmp
london	ˈlɔdən
lone	loʊ̯nə
lonen	ɫuːnə
lonend	loːnənt
long	lɔn
longe	ɫɔŋə
longer	ɫɔŋər
longontsteking	ˈlɔŋkɔntʃəɪkɪŋ
longot	ɫɔŋɔt
longsiekte	ɫɔŋsikə
lonla	ɫɔnlə
loo	luː
lood	ɫʊə̯t
loodgieters	luːtχiːtərs
loodswaaiers	ɫʊə̯tsfɑɪ̯ərs
loof	ɫʊə̯f
loog	luχ
look	luːk
loon	lwan
loon	ɫʊə̯n
loop	dˈuʁ
loop	luəp
loop	luːp
loopbaan	luːp̚baːn
loopbaanadviseurs	luːp̚bɑːnədviːsɪrs
loopbaanvoorstel	luːp̚bɑːnfoːrstəl
loopbane	luːp̚bɑːnə
loopgraaf	luːpχrɑːf
loopgrawe	luːpχrɑːvə
looppas	luːpɑs
loos	luːs
lopende	ˈlɔpəntə
lopie	ɫoʊpiə
lord	ɫɔːrt
lords	ɫɔːts
los	loːs
los	lˈoːs
losbandigheid	ˈlɔsbəntəɪ̯ɦəɪ̯t
losbreek	ˈlɔsbɹɛk
loser	loʊsər
losgebreek	ɫɔsχəˈbreːk
losgekoop	loːskʊp
losgelaat	ɫɔsχəˈlɑːt
losgeld	ɫɔsχɛɫd
losies	ˈlʊəsi
losieshuis	lə-sˈisˈiz
losieshuis	ˈlʊə̯siəsɦœi̯s
loskruit	ɫɔskɾœi̯t
loslaat	ɫɔsɫɑːt
losmaak	ˈlɔsmaːk
loss	ɫɔs
losskeur	ˈlɔskøːr
lost	loːst
losveg	loːsfɛχ
losweken	ɫɔsʋɛkə
lot	ɫɔt
lotery	ˈlɔtəɾi
lotte	ɫɔtə
lottetjie	ɫɔtəˈtʃiə
lottie	ɫəʈi
lottjie	ɫɔtʃi
lou	luː
lou	lɔːw˧˥
louheid	ɫʊəˈɦɪə̯t
louis	ɫui̯s
louison	luɪ̯sɔn
lourierkranse	luːɾiɛrkrɑːns
louter	luːtər
loved	ləʊ̯vɛt
low	ɫuː
lowestoft	ˈlʊəstɔft
luba	ləʊβa
lublin	ˈlʏblɪn
lucas	ˈlʊkəs
lucienne	luːsiːnə
ludlow	ɫʏdɫoʊ
ludovico	ˈludoʊvikoʊ
ludovika	ˈludoʊvɪkə
ludwig	ˈludvɪç
ludwigsburg	ˈlʏdɪksbʏrs
lug	lɔh
lug	ɫʏχ
lug-ondersteuring	ɫʏχʊndəˈʃtʁiŋ
lugfotos	ɫʏχˈfɔts
luggie	ɫʏχi
lughawe	ɫuχɑvə
lughawens	ɫəχɑwəns
lughaweterminaal	ˈlœχɦɑwəˌtɛrminal
lugmag	ɫʏχmɑχ
lugmag-held	ɫʏχmaχχɛlt
lugmatras	ɫʏχmɑtrɑs
lugpyp	ɫʏχpɪp
lugvaart	ɫʏχfɑːrt
lugvaartgeskiedenis	ɫʏxˈfɑːrtsxəˌsiəˌdiəˌsi
lugverkeerbeheerders	ɫʏχfərkɪəɾˈβɛːrdərs
lui	ɫœi
luiaard	ɫɥiɑːrt
luiaards	ɫɥaːɹts
luid	lˈaɪt
luid	ɫœi̯t
luide	ɫɥiːdə
luidens	lˈaɪdəns
luidspreker	ɫœi̯tˈsprɛkər
luiheid	lɑːjhɛjt
luiheid	ɫœi̯ɦəit
luike	ɫœi̯kə
luil	ɫɥiːl
luiperd	ɫœi̯pɛrt
luis	ɫœi̯s
luise	ɫɥiːsə
luister	ləʊ̯sɪtər
luisteraar	ˈlœy̯stəraːr
luisteraars	ˈlœy̯stəɹɑːrs
luit	ɫœɪt
luit-kol	ɫœitˈkɔl
luit-kolonel	ɫœitkɔˈlɔnəl
luit-maj	ɫœitˈmɑːχ
luitenant	luɪtəˈnɑːnt
luitenant-kolonel	ɫɪu̯təntxɔˈlɔnəl
luitenant-majoor	luɪtəˈnɑːntmaˈʃuːr
lukraak	lakɾˈɔk
lumbalepunksie	ˈlʌmbəlɛpʊnʃi
lummel	ɫʏməɫ
lumpi	ɫʏmpi
lund	ɫʊnt
lus	bəs
lus	ɫʏs
luste	lystə
luther	ˈlʏtər
luuks	ɫʏks
luukse	luːkʃə
luukshede	ɫykʃəde
lux	ɫʏks
ly	lə̟i̯
ly	lɛi˨˩˦
ly	ɫiː
lydende	ləi̯dənə
lyding	ləi̯ŋ
lyf	ləf
lyfbediende	ɫifbɛi̯ˈdiə̯ntə
lyfrente	ɫifrɛntə
lyfwag	ɫifʍɑχ
lyfwagte	ɫifˈvɑχtə
lying	ɫiəŋ
lyk	lʏk
lyke	ləi̯kə
lykskending	ɫəksəŋdɪŋ
lykskouing	ləkskou̯ŋ
lyksrede	ɫəksˈrɛːdə
lym	lɛm
lyn	ln
lyn	ɫin
lynch	ɫəɲtʃ
lyne	ɫinə
lyon	liɔn
lyons	liʊ̯ns
lyrics	ɫiːɹəks
lys	ɫəɪs
lysie	ɫiːsi
lyste	ləste
lyubasha	liʊ̯ˈbɑʃə
lê	leː
lê	lɛ̞ː
lêer	leːr
lêers	leːrs
lëe	ləi
lëer	ləːr
lëerskare	ləɪ̯skɑːrə
lösch-meier	loʃmiːə
löschmeier	ɫœʃmɪə̯r
lüneburger	lyneˈbʏχər
m	mə
m	ə
ma	maː
ma-tesis	maːtɛsɪs
maag	maːχ
maagd	maːxt
maagpomp	maːxpɔmp
maagzuurremmer	maːɣˈsyːrˌrɛmə
maai	mˈɔj
maak	maːk
maak	mˈɑːk
maal	maːl
maal	mɔːl
maaltyd	maːltɪə̯
maaltye	maːltə
maan	maːn
maand	maːnt
maand	mult
maandag	maːntaχ
maandblad	maːntblɑt
maande	ˈmɑːnde
maandelank	ˈmɑːndəlɑŋk
maanhare	ˈmɑːnɦɑːrə
maanlig	manliχ
maansverduisterings	maːnsfərdyːstərɪŋs
maar	maːr
maar	mˈɑːr
maarskalk	maːrsˈkɑɫk
maart	maːrt
maart	mɒːɾt
maart-uitgawe	maːrtœytχaʊ̯ə
maastricht	maːˈʃtrɪtʃ
maat	mat
maat	maːt
maatjie	maːtʃi
maatreëls	ˈmɑːtrɪə̯ls
maatrëel	ˈmɑːtrɪəl
maats	maːts
maatskaplike	maːtsɑkəplɪkə
maatskappy	maːtskɑpɪ
maatskappye	maːtsəχəpi
maatskappytjie	maːtsχɑpɪtʃi
maatstawwe	maːtˈstɑːvə
maatsuyker	maːtsɯi̯kər
mach	maχ
machaca	məˈtʃɑkə
machteld	ˈmɑχtəɫt
maciek	ˈmɑsiək
maculêre	ˈmɑkyləɾə
madagaskar	ˌmɑdagɑˈskɑr
madam	ˈmɑːdɑm
madame	ˈmɑːdɑːmə
madamme	ˈmɑdəmə
maddy	ˈmædi
madeira	ˈmɑːdeɪrə
madeleine	maːdeˈlinə
mademoiselle	məˌdʒɛˈlɛs
madrid	ˈmɑːdrɪt
maer	maːr
maestro	ˈmɑːstrə
mafia	ˈmɑfiə
mafketel	mafˈkɛtəl
mag	maχ
mag	mˈɑ̃
magdalena	məgəˈdɑːləna
maghebbers	maχˈbɛr̥s
magie	maχi
magies	maχis
magiese	maχiːsə
magistrate	məˈχɪstrət
magna	ˈmɑŋgə
magnaat	ˈmɑŋaːt
magneet	magnet
magneetbande	ˈmɑχnɪtˌbande
magnesium	maːχniːsjɛm
magsoorname	maχsʊːrˈnamə
magstryd	maχstrɪt
magtag	maχtɑχ
magte	maχtə
magteloos	ˈmɑχtəlʊs
magtelose	ˈmɑχtəlɔsə
magtig	ˈmɑχtəχ
magtige	ˈmɑχtiχə
magtiger	ˈmɑχtɪχər
magtiging	ˈmɑχtəɪχəŋ
magtigste	ˈmɑxtəstə
maguelone	maχʊlɔnə
mahonie	maːˈuniə
maienfeld	maɪənfɛlt
maik	maɪk
mainframe	maɪnfrɛːm
maintenon	maɪ̯tɛnɔn
mainz	maɪ̯nts
maj	maːχ
maja	maːχa
majesteit	maɪˈʃɛit
majesteite	maχɪˈstɛitə
majesteitlik	maχɪˈstɛitlək
majoor	maˈʒuːr
majorca	maˈʃɔrka
mak	mək
make	məkə
make-up	ˈmɑkəp
makeer	ˈmɑkər
makelaar	ˈmɑkələɑr
makelaars	ˈmɑkələɑrs
makelij	ˈmɑkiɫəi
makiliker	məkiˈlikər
makkers	ˈməkərs
maklik	məkˈlik
maklik	mˈɑqlˈɯ̞k
maklike	ˈməklikə
makliker	ˈmɑkliˌkər
maklikste	məkˈlikstə
makro-ekonomie	ˈmɑkruʔɪkɔnɔmɪ
mal	maːl
mal	mˈɔl
malaria	məˈlɑːriə
maldives	ˈmɑːldɪvəs
male	maːlə
maleier	malajjə
maleisië	ˈmɑːlɛisiə
malhuis	ˈmɑːlɦœy̯s
mallard	ˈmɑlɑrt
malle	ˈmɑlə
mallefille	ˈmɑləfiʃə
maller	ˈmɑlər
malles	ˈmɑləs
malletjie	ˈmɑlətʃi
malletjies	ˈmɑlətʃis
malligheid	ˈmɑlɪχɪt
malman	ˈmɑlmɑn
malvapers	ˈmɑlvəpərs
malvapienk	ˈmɑlvəpiŋk
malware	ˈmælwɑːr
mam	ˈmɑm
mama	ˈmɑːmə
maman	ˈmɑːmɑn
mamie	ˈmɑːmiə
mamma	ˈmama
mammatjie	ˈmɑmətʃi
mammie	ˈmɑmi
mamon	ˈmɑmɔn
mampoer	mɑmpuɾ
mamung	ˈmɑːmɪŋ
man	man
man-alleen	manəleːn
man-eter	ˈmɑnətər
manager	ˈmænədʒə
mandaat	ˈmɑndaːt
mandaryns	ˈmɑndəˌrɪns
mandel	ˈmɑːndəl
mandjie	ˈmɑːndʒiə
mandjies	ˈmɑːndʒis
mangaan	mænhæɹn
manier	manˈiɹ
manier	ˈmɑːniːr
maniere	ˈmɑːniːrə
maniertjies	ˈmɑːniərtjis
manipuleer	ˌmɑːnɪpyˈlɪːr
manjefiek	manjəfiək
manjifiek	ˈmɑːnʒɪfɪk
mank	ˈmɑŋk
manlik	mɑnlæk
manlike	ˈmɑːnlikə
mann	man
manna	manə
manne	manə
manne-besigheid	ˈmɑnəˌbɛsɪçˌɦɛit
manneklere	ˈmɑnəklɛrə
mannekrag	ˈmɑnəkrɑχ
mannen	ˈmɑnə
mannerheim	ˈmɑnərˌhɛim
mannetjie	ˈmɑnətjə
mannheim	ˈmɑnəˌhɑim
mannheimer	ˈmɑnəˌhemə
mannsfeld	ˈmansfɛlt
manomaniak	ˈmɑːnɔmɑˌiːkɑ
mans	ˈmans
mansgeslag	ˈmansχɛsɽɑχ
manskap	mɑnskap
manskap	ˈmɑːnskɑp
manskappe	ˈmɑːnsˌkɑpə
mansklere	ˈmanskləre
mansvriend	ˈmansfrint
mantel	mãn˥˥tsɐu˧˧
mantel	ˈmɑntəl
manu	manu
manupilasie	ˈmɑːnʏpiləsi
manuskrip	ˈmɑːnʏskrɪp
manuskripte	ˈmɑːnʏskrɪptə
many	ˈmɑːni
mao	maʊ̯
marathon-sout	məˈrɑːtɔnˌsʊt
marco	ˈmɑrkoʊ
marcuskerk	ˈmɑrkʏskɛrʃ
mareike	maːrajke
maren	ˈmɑːrən
margaretha	ˈmɑrχəˌrɛtə
margarien	ˈmɑrχəriən
margit	ˈmɑrχɪt
margot	maɾˈχɔt
margot	mˈɑgə
marguerite	maɾɣəˈriːt
margueritte	maɾɣəˈritʃə
mari	mariː
maria	məˈriə
mariabeeldjie	məriəbɛːɫdʒi
marianne	məˈrɑnə
mariano	məˈriːauno
mariari	maˈriːaˌri
marie	maːri
marie-anne	maˈrijəne
marie-catherine	maˌrikətəˈriːn
marie-christine	maˈriːkrɪstiːnə
mariechen	maːriəxən
mariene	ˈmɑːriənə
marigny	məˈrɪnʃi
marine	məˈriːn
marinier	maːriniːə
mariniers	məˈriniɚs
mariniersgrap	ˈmɑːriniə̯rsχrɑp
marinierskorps	maɾiniəɾskɔrps
mario	maˈriːoʊ
marion	məˈrɪɔn
marionet	məɾioˈnɛt
mark	maɾk
mark	maːrk
markdag	maɹkdaχ
marker	ˈmɑːkər
markie	maɹˈkɪə
markies	maɹˈkis
markiesin	ˈmɑrkiəsə
markin	maɹkɪn
markkramers	ˈmɑrkrɑməʃ
markplein	maɹkplɪn
markprys	maɹkprəɪ̯s
marmande	ˈmɑrmandə
marmer	ˈmɑːməɾ
marmerbeeld	ˈmɑrmərbɛlt
marmerstandbeeld	ˈmɑrmərˌstanˌdəlˌbɛlt
marquart	ˈmɑrˌkʰʰɑːrt
marquesa	ˈmɑːrˌkɛsə
mars	maːrs
mars	maːʃ
marsbevele	maɹsbəβɛvələ
marseille	maɾsɛjə
marseilles	ˈmɑːrsɛləs
marserende	ˈmɑːrsərəndə
marshall	maːrʃɑl
marshalls	maːrʃɑlz
marsjeer	maɹʃɪə
marsman	ˈmɑrsman
marstallstraat	ˈmɑrstɑlstraːt
marta	ˈmɑːrta
martel	maɾˈtɛl
marteling	ˈmɑːrtəlɪŋ
martha	ˈmɑːrta
marthe	maːrtə
martin	maˈtɛrɪn
martina	maːrtina
martusciello	maːrtʃəˈsɪəloː
marv	maɾf
marx	ˈmɑrks
mary	məˈraɪ
maryland	ˈmɑːrəlɑːnt
marysia	ˈmɑːrsiə
mas	mʌs
mas	ˈmɑs
masahiko	ˈmɑsəˌɦiːkʊ
masels	mˈɔsəlz
masery	ˈmɑsərɪ
masha	maʃa
masjien	məˈʃiən
masjiene	maʃiːnə
masjienerie	ˈmɑsjɪəˌniːrɪ
masjiengeweer	maʃiənχiːr
masker	maskɛr
masker	ˈmɑskər
maskerbal	ˈmɑskərbɑl
maskers	ˈmɑskərs
massa	masa
massa	ˈmɑsa
massagraf	ˈmɑsəˌxrɑf
massas	ˈmɑsəs
massaspectrometer	ˈmɑsəspɛktroːmɛtər
masseer	ˈmɑseːr
master	ˈmɑːstə
masturbeer	ˈmastɜrbeːr
mat	mˈat
mata	ˈmɑtə
mate	mˈɔtˈ
mate	ˈmɑːtə
matematiese	ˈmətəmətiːsə
materiaal	ˈmətəɾiɑl
materialisme	məˌtɪəɾiˈɑːlɪsmə
materie	matiˈɛri
materieel	materioʁ
materiële	ˈmɑːtəɾiələ
maters	ˈmɑːtərs
mateusz	ˈmɑːtɪəʃ
mathias	maːˈtɪə̯s
mathieu	maːˈtju
mathilde	maˈtɪlə
matig	ˈmɑːtəx
matka	ˈmɑtka
matras	ˈmɑtrɑs
matriek	ˈmɑːtrɪk
matriks	ˈmɑtrɪks
matroos	ˈmɑːtrʊə̯s
matrose	ˈmɑtsruːsə
matsuda	ˈmatsʊda
matthijs	ˈmɑtsɪ
maupassant	ˈmɑʊ̯pəsɑ̃ː
maurice	ˈmɑːrɪs
mauritius	ˈmɑːriːtiəs
max	ˈmɑːks
maxence	ˈmɑːksəns
maxie	ˈmɑːksi
mayday	maɪdeɪ
maynard	maɪˈnɑːrt
mc	məʊk
mcbride	məˈbɹaɪ̯də
mcbull	məˈbʌl
mcdonald	məˈdɒnəld
mcgee	məˈgiː
mcgeek	məˈgiːk
mcguire	məˈgɪəɹ
mchouvanje	məˈχʌɪ̯vʒə
mcribbed	məˈrɪpəd
me	mə
mean	miːn
meaningless	ˈmɪŋgləs
medalje	ˈmɛdəljə
medaljes	məˈdɑɫjəs
mede	məˈde
mede-gevangenes	ˈmɛːdəχəˌvɑŋənəs
mede-gevangenis	ˈmɛːdɛɣəˌvɑŋənɪs
mede-mense	ˈmɛːdɛˌmɛsə
mede-ondertekenaar	ˈmɛːdeʊ̯ntərˌtɛə̯nɑːr
mede-werker	ˈmɛːdəˌʋɛrkər
medea	ˈmɛːdiə
medeburgers	məˈdɛbʏrχərs
mededinger	ˈmɛːdədɪŋər
mededingers	məˈdeːŋəŋərs
medemens	məˈdɛməns
medemense	məˈdɛmənsə
medeopstandelingen	ˈmɛːdʊɔpstandəlɪŋə
medepligtige	mereplɪgtige
medepligtiges	ˈmɛːdəˌplɪxtəs
medepligtigheid	ˈmɛːdəˌplɪχtəxˌɦɛit
medestryders	məˈdɛstrɪə̯s
medeverantwoordelik	ˈmɛːdɛfərɑnˌtʃʋɔːrˌdɛlik
medewerker	ˈmɛːdɛʋɛrˌkɛr
media	miːdiə
mediaan	ˈmiːdiɑn
medics	ˈmɛːtʃs
mediese	məˈdiːsə
mediese	ˈmeːdəsə
medikasie	mədiˈkɑːsiə
medikus	medikˈɵs
medisyne	məˈdiːsə
medium	ˈmiːdʒəm
mediumgrootte	ˈmɛːdiəmˌχrʊə̯tə
medway	məˈdeɪ̯ə
mee	miː
mee	mjˈe
meedeel	məi̯deːl
meedeel	mɨɐdˈɛʊ
meeding	ˈmɛi̯əŋ
meedoen	məˈduən
meegaan	miːgɑːn
meegedoen	miəgəˈduən
meegevoel	miːgəˈfuːl
meekomen	məkʊmə
meel	miːl
meel	nʲiːl
meen	lian˨˩
meen	miːn
meenthuis	mientais
meer	mjˈɛɾ
meer	məːr
meer-huis	miːr̥ɪs
meer-kastele	miːrˈkɑsələ
meerbodem	məˈrɔdəm
meerdere	məˈdiːrə
meerderes	miːrˈdɛrəs
meerderheid	miːrˈdɛrɦɪt
meermaal	miːrˈmaːl
mees	miːs
mees	mʲis
meesal	məˈsɑl
meestal	məˈʃtɑl
meeste	mjestsa
meeste	məˈistə
meester	mjˈɛstɛr
meester	məjstər
meester	məˈistər
meesteres	məɪ̯stəres
meesterlik	məɪ̯stərˈlik
meesterlike	ˈmistərlikə
meesterlikheid	ˈmistərlikɦəit
meesters	məjstərs
meestersgraad	məjstərsgraːt
meesterstuk	məɪ̯stərˈstyːk
meesterstukke	ˈmistəʃtʏkə
meet	miːt
meetkunde	mitkʌndə
meeue	miːuə
meewerk	miːˈvɛrk
meewerkt	miːˈvɛrkt
meganiese	məgəˈniːsə
meganika	maxɑnika
mei	aj
mei	maɪ̯
mei-piekniek	mai̯pɪkniːk
meid	maɪ̯t
meidag-vakansie	maɪ̯ˈdaχfɑkənsi
meiereder	miəɾəɾət
meiereder-troue	ˈmɛɪ̯ərɛrtˌruːə
meimaand	maɪˈmɑːnt
meindl	maɪndəl
meineke	maɪ̯nəkə
meintjes	maŋkˈis
meise	maɪ̯sə
meisie	maesi
meisie	məi̯siə
meisiekind	maɪ̯siˈkəɪ̯nt
meisiemoordenaar	maɪsiəˈmɔːrənɑːr
meisies	maɪ̯siəs
meisietjie	maɪ̯siətʃi
mej	məi̯
mejuffrou	məˈjufrɔː
mejufrou	məˈjufrəʊ
mekaar	məˈkɑːr
mekaar	mˈˈkɔːr
mekka	məkə
meksikaanse	ˈmɛksiˌkɑːnsə
meld	məld
melding	məˈlɪŋ
melk	məɫk
melk	mɛɫk
melk	mˈɛlk
melkbaai	mˈɛlkfˈə
melkbottel	məɫkˈbɔtəl
melkbottels	ˈmɛlgbɔtəls
melkery	ˈmɛlχəɾi
melkery-gemeenskap	ˈmɛlχəɾiɣəˈmɛːnsəp
melkerye	ˈmɛlçəɾi
melkman	məɫkman
melktrein	məʊ̯kˈtrɛɪ̯n
melkwa	məɫkfɑː
mellon	ˈmɛlən
melodie	məˈlɔdiə
melodieus	məˈlɔːdiəs
melodrama	məˈlɔdrɑːmə
memento	ˈmɛːmento
memoir	ˈmɛːmwaːr
memoirs	ˈmɛːmɪərs
memories	ˈmɛːməriə
memoriseer	ˌmɛːmoːriˈzɪə̯r
mendel	ˈmɛndəl
mendez	ˈmɛndəts
meneer	menniɾ
meneer	ˈmɪnɪr
menere	ˈmɛnərə
meng	məŋ
mengelmoes	ˈmɛŋəlmuəs
mengers	ˈmɛŋərs
mengsel	ˈmɛŋsəl
mengsels	məŋsəls
menige	ˈmɛnɪχə
menigte	ˈmɛnɪkə
mening	ˈmɛnɪŋ
meningitis	ˌmenɪŋɪˈtɪs
menings	ˈmɛnɪŋs
meningsopname	ˈmɛnɪŋsɔpˌnamə
menkaure	ˈmɛŋkɑːrə
mennoniete	ˈmɛnəˌniːtə
mens	mɛns
mens	mˈes
mens	ˈmɛns
mensdom	ˈmɛnsdom
mense	melsa
mense	ˈmɛnsə
mense-stroom	ˈmɛnsəˌstrʊm
mensekenner	ˈmɛnsəˌkɛnər
menseliggaam	ˈmɛnsəˌlɪχɑːm
menselike	ˈmɛnsələkə
menseregte	ˈmɛnsəˌrɛχtə
menseskuld	ˈmɛnsəskʊlt
mensheid	ˈmɛnsɦɪət
mensie	ˈmɛnsɪə
mensliewendheid	ˈmɛnsliə̯vəntɦɛit
menslik	ˈmɛnslik
menslike	mʲenlɛkɛ
menslike	ˈmɛnslikə
menslikheid	ˈmɛnslikɦɛit
mensmoordenaar	ˈmɛnsmuːrˌdɔːr
menstruasie	ˈmɛnstruəsi
mensvreter	ˈmɛnsfrɛtər
menswaardigheid	ˈmɛnsʋɑːrˌçɪə̯t
mentaliteit	mɛntɛlitajt
mentor	mentˈuɾ
mephisto	ˈmɛfɪstoː
mera	məˈraː
meran	məˈrɑːn
mercedes	məˈrɪsiːz
merchant	məˈrɛntʃ
merci	məˈrsi
mercy	ˈmɛrsə
merel	məˈrɛl
merendeel	nɛːrnɛdiːl
meridiaan	mæɾˈidiɑːn
merion	məˈrɪən
merk	mark
merk	mək
merk-klip	məkˈklɪp
merkbaar	mˈɛɹkbɔɹ
merke	məɹkə
merkies	məkɪə
merkklip	məkˈklɪp
merkwaardig	ˈmɛrkʋɑːrdəx
merkwaardige	ˈmɛrkɑːrdəgə
meron	məˈrɔn
merrie	ˈmɛri
meryon	məˈrɪɔn
mes	məʃ
messe	ˈmɛsə
messegoed	ˈmɛsəˌχʊə̯t
messel	ˈmɛsəl
messelaar	ˈmɛsəlɑːr
messelaar-helde	ˈmɛsəlɑːrˌhɛldə
messelaars	ˈmɛsəlɑːrs
messelaarspan-instrukteur	ˈmɛsəlɑːrspɑnˌʃtrʏktyːr
messias	ˈmɛsiɑs
messie	ˈmɛsiə
messieurs	ˈmɛsjœr
messtekers	ˈmɛstəkərs
met	mə
met	mˈɪt
metaal	metˈɔl
metaal	ˈmɛtɑːl
metaalkundige	ˈmɛtɑːlkʊnˌdiχə
metaalsoorte	ˈmɛtɑːlsɔːrtə
metafoor	metauˈfɔr
metafoor	ˈmɛtəfʊə̯r
metafories	ˈmɛtəfəˌriə
meter	ˈmɛtər
metgesel	ˈmɛtχəˌsɛl
metgeselle	ˈmɛtχəsɛlə
metode	məˈtoːdə
metodes	məˈtɔːsə
metronoom	ˈmɛtrəˌnʊm
metropol	ˈmɛtɾɔpəl
metropolis	ˈmɛtropəlɪs
metropool	ˈmɛtrəpuːl
mette	ˈmɛtə
mettertyd	ˈmɛtərti
meubeleerders	məʊβɛləːɾdɛrs
meubels	məˈβɛls
meubelstore	məʊbəlstoːr
meubelstuk	məʊbəlstyːk
meubelvervoerders	ˈmœy̯βəlvərˌfɪə̯rdərs
meubileer	məˈui̯bəlɪə̯r
meul	mjˈul
meul	məʊl
meule	məʊlə
meulenaar	məʊlənɑːr
mev	məv
mevrou	məˈfrœu̯
mexico	ˈmɛːksəʊ
meynard	maɪ̯ˈnɑːrt
meyvaert	maɪ̯ˈfɑːrt
mg	ŋ
mh	mə
miami	miːami
michael	maɪˈkɛl
michaelskoor	ˈmɪχɑːlskʊə̯r
michail	miˈxɑɪl
michalak	miχaˈlɑk
michel	miˈxəl
michelin	ˈmɪtʃəlɪn
michiel	miˈxɪəl
michigan	miʃiˈkɑːn
michl	miχl
michnik	miçnik
mickiewicz	mikəˈvʲɪtʃ
micky	ˈmɪkə
mid-somer	ˈmɪtsoːmər
midag	miˈdɑχ
midagete	miˈdaχəte
middae	ˈmɪtɑː
middag	mˈɛda
middag	ˈmɪdəχ
middag-boot	ˈmɪdəχˌbʊt
middagboot	ˈmɪdəχˌbʊt
middagete	ˈmɪdəˌχɛtə
middagmaal	ˈmɪdəχˌmɑːl
middagrus	ˈmɪdaχrœs
middaguur	ˈmɪdaɣʏr
midde	miɟə
midde-ooste	ˈmɪdəˌʊstə
middel	ˈmɪɾdəl
middelandse	ˈmɪdəˌlantsə
middeldeel	ˈmɪdəldɛːl
middele	ˈmɪɾəle
middeleeue	ˈmɪdəlɪəʊ
middeleskader	ˈmɪdəˌlɛskaːdər
middelklas	ˈmɪɾdəlklɑs
middelklas-simbole	ˈmɪɾdəlklɑsˌsɪmbələ
middelpunt	ˈmɪɾdəlpʰynt
middels	ˈmɪɾdəls
middelslag	mˈɛtəlslˌɑx
middelste	ˈmɪɾdəlstə
middeltjie	ˈmɪdəlcə
middelveld	ˈmɪɾdəlˌfɛlt
midden	ˈmɪdən
middernag	ˈmɪdənɑχ
middestad	ˈmɪtəˌstat
midrand	mɛtrɑnt
mieczysław	miːtʃɛwɑːsɫ
mielieland	miːəˈlɑːnt
mieliepap	bˈɛlipˈɔp
mier	mˈiːɾ
miere	miːrɛ
miere	mˈiɾɐ
miervreter	migfriːtar
migrasie	miɣrɑsiə
miguel	miˈxɛl
mijn	maɪn
mik	mək
mike	miːk
mikhail	miχɑɪl
mikkel	ˈmɪkəl
mikrofoon	ˈmɪkrɔfuːn
mikroklimaat	ˈmɪkrɔkliˌmɑːt
mikrokosmos	ˈmɪkrɔkɔsmos
mikroskoop	mikrʊskʰoːp
milaan	miˈlɑːn
milan	miˈlɑn
mild	miːlt
milerovo	ˈmɪləˌrɔːvoʊ
militaris	ˈmɪlɪtɑːris
militia	ˈmɪlɪtɪə
militêre	ˈmɪlɪtɪrɛ
miljard	miːljart
miljarde	miːljɑːrdə
miljardste	miˈlɪartstə
miljardêr	ˈmɪljɑrtər
miljoen	miːlˈjuən
miljoene	ˈmɪljuːnə
miljoenêr	miːljuəˈnɛːr
miljoenêrs	ˈmɪljuə̯nərs
millennium	mˌɛlˈɛnɪəm
millet	miˈlɛt
milo	miːloː
miloenêr	miːluəner
milt	miɫt
min	men
min	miːn
mina	miˈna
minaar	miˈnɑːr
minaars	miˈnɑːrs
minagting	ˈmɪnəχtɪŋ
minder	ˈmɪndər
minderheidsopinie	ˈmɪndərɦeitsoʊˌpiːniə
minderhoud	ˈmɪndərɦəʊt
minderjarig	ˈmɪndərjɑːrɪχ
minderwaardig	mˈɛndɜvˈɔrdəx
minderwaardig	ˈmɪndəˌvɑːrədəx
minderwaardige	ˈmɪndəˌvɑːrdiχə
mineraal	mjneɾal
mineraalwater	ˈminəraːlˌʋɑtər
minerale	ˈminəˌrɑːlə
ming	miŋ
minhl	miɲχl
minimaal	ˈmɪnəmaːl
minimum	miːnɪmʊm
minister	ˈmɪnəstər
ministerie	ˈmɪnəstəri
ministerium	məˈnɪstriːə
ministers	ˈmɪnəstərs
minnaar	ˈmɪnɑːr
minnaars	ˈmɪnɑːrs
minnares	ˈmɪnəres
minste	mənstə
minste	ˈmɪnstə
minstens	ˈmɪntəstəns
minus	mˈɪnəs
minus	ˈmɪnəs
minute	ˈmɪnʏtə
minutes	ˈminɪtəs
minuut	ˈmɪnɥt
miodowa	miːu̯dova
mira	miˈraː
miracles	miˈrɑːkləs
mis	məɪs
mis	mɛs
misanthrope	ˈmɪsəntroʊpə
misbruik	ˈmɪsbɹœi̯k
misdaad	nɪstˈoːt
misdaad	ˈmɪsdaːt
misdade	ˈmɪsdɑːdə
misdadig	ˈmɪsdədəx
misdadiger	nʲəstaːraħar
misdadiger	ˈmɪsdədɪχər
misdadigers	ˈmɪsdədɪχərs
misdryf	ˈmɪsdriːf
misgeloop	ˈmɪsχəloʊp
misgis	misχʊs
mishandel	mishandom
mishandel	miʃɑndəl
mishandeling	miʃɑndəɫiŋ
mishandelinge	miʃɑndəˈlɪŋə
mishka	miʃkə
mishope	miʃɔpə
miskien	mɛskɪn
miskien	ˈmɪskiən
mislei	ˈmɪslei
misleide	ˈmɪslɪəde
mislike	ˈmɪslikə
misloop	ˈmɪsloːp
misluk	nəsləq
misluk	ˈmɪslʏk
mislukking	ˈmɪslʏkəŋ
mislukkings	ˈmɪslʏkəŋs
mislukte	ˈmɪslʏkə
misogynists	ˌmɪsəˈginɪsts
misrabel	ˈmɪsrəˌbɛl
misrabele	ˈmɪsrabələ
misrebele	ˈmɪsrɛbələ
misreën	mɪsrɪn
miss	ɪs
missed	ˈmɪsə
missie	ˈmɪsi
missiele	ˈmɪsjələ
missies	ˈmɪsiəs
mississippi	ˈmɪsɪˌsɪpi
misterie	ˈmɪstəri
misterieus	ˈmɪstəriəs
mistiek	ˈmistik
misverstand	ˈmɪsfərˌstɑnt
misverstande	ˈmɪsfərˌstɑndə
miswolk	ˈmɪsʋɔlk
mit	mit
mite	miːtə
mits	əˈmits
mitsuko	mitˈsʊkoʊ
mittermeier	ˈmɪtərˌmɛi̯ər
miwa	miwa
miyazaki	miːjaˈsɪkə
miłosz	miːloʃ
mm	ɛm
mm-hm	əˈmːə
mmm	ɪm
mnr	ˈmnɐr
mnr	ˈmnəɾ
mobile	ˈmoʊbɪl
mobilisasie	ˌmoːβiɫisaːsi
mock	mək
modder	ˈmɔdər
moddergooier	ˈmɔdərˌɦœi̯ər
modderig	ˈmɔdərəx
mode	ˈmoːdə
model	ˈmɔːdəl
modelle	ˈmɔdələ
modellering	ˈmoːdəlɪŋ
moderator	ˈmoːdərɑtɔr
modern	ˈmoːdərn
moderne	ˈmɔːdərnə
moderniseer	ˌmoːdəˌrɪˌsɪəɾə
modeskrywer	ˈmoːdəskrəvər
moe	məʊ
moed	məʊt
moed	tut
moedeloos	ˈmudəlʊs
moedeloosheid	ˈmʊdəlʊshɛit
moeder	mudde
moeder	ˈmuːdər
moeder-instink	ˈmuːdərˌɪnstɪŋk
moeder-moordenaar	ˈmʊdərˌmʊrˌdɛnar
moederbord	ˈmuːdərˌbɔrt
moederborde	ˈmuːdərˌbɔrdə
moederland	ˈmuːdərlɑnt
moederliefde	ˈmʊdərˌlifdə
moederowerste	ˈmʊdərɔːfəste
moeders	ˈmœːdərs
moedersdag	ˈmudərsxɑχ
moedertaal	mˌudəɾtaːɫ
moedhou	ˈmʊə̯tɦu
moedig	muðˈɛx
moedig	ˈmœːdɪχ
moedige	ˈmœdiχə
moedswil	ˈmœtsfəl
moedswillig	ˈmœtsfəlɪəx
moeg	mɔx
moeg	məʊχ
moegheid	ˈmœχɦiət
moei	mui
moeilijk	ˈmœyləɪ̯k
moeilik	mujlik
moeilik	məʊiːlk
moeilike	ˈmœyliɪkə
moeiliker	ˈmœʏlɪkər
moeilikhed	məʊiːlikət
moeilikhede	ˈmœyɪlχədə
moeilikheid	ˈmœi̯likɦəit
moeilikste	ˈmœyɪlkstə
moeisame	məʊsɑːmə
moeite	buitˈe
moeite	məʊ̯i̯tə
moeiteloos	ˈmœi̯təloːs
moenie	ˈmœnə
moennie	ˈmœnə
moer	muːr
moer	məʊ̯r
moer	mˈuɾ
moeras	ˈmʊə̯rɑs
moerasse	ˈmœrɑsə
moerbei	muvɾbaj
moertjies	ˈmœrtjis
moes	məʊs
moes	ɛɒˈs
moesie	məʊsiə
moet	məʊt
moet	mʊt
moet	mˈut
moffie	ˈmɔfi
mog	məʊχ
mog	mˈo
mogila	ˈmoχilə
mohammedane	ˈmoːxəˌmæːnə
moines	mui̯nəs
molière	məʊliˈɛrə
moliére	ˈmɔliːr
mollig	mˈoljˈa
moloch-profyt-gier	ˈmɔlɔχprəˈfɪtˈχiːr
molotovcocktails	ˌmoʊlɒtɒfˈkɒktɛɫs
moltrein	bolˈtren
moment	ˈmʊmənt
momente	ˈmɔməntə
mompel	momtɔ
mompel	ˈmɔmpəl
mon	ˈmɔn
monaco	ˈmɔnəkoʊ
monarg	ˈmonɑrχ
monarge	ˈmɔnɑrʃə
mond	mont
mond	mɔnt
mond	ˈmɔnt
mondain	ˈmɔndɑɪn
monde	ˈmɔndə
mondel	ˈmɔndəl
mondelings	ˈmɔndəlɪŋs
mondfluit	ˈmɔntfluɪt
mondhygiënist	ˈmɔntiˌɦiəˌniːst
mondig	ˈmɔndəx
mondjie	ˈmɔndʒiə
mondkanker	ˈmɔntkɑŋər
monet	ˈmonət
mongole	ˈmɔŋgələ
monika	ˈmɔnɪkə
monikke	ˈmɔnɪkə
monitor	ˈmɔːnɪtɔːr
monnik	monək
monnik	ˈmɔnək
mononoke	ˈmoːnoʊkə
mononoke-hime	ˈmoːnoːkəˌɦiːmə
monseigneur	ˈmɔnsɛːɲœːr
monseur	ˈmɔ̃sɛr
monsieur	ˈmɔnsiːr
monster	monstˈɾ
monster	ˈmɔnstər
monster-lag	ˈmɔnstərˌlɑχ
monsteragtige	ˈmɔnstəraχtəɣə
monsters	ˈmɔnstərs
mont-de-marsan	ˈmɔntdəmɑrˈsɑːn
montagu	multaki
montana	ˈmɔntəna
monte	ˈmɔntə
monteerlyn	ˈmɔntəɪ̯ɾəɪ̯n
monter	ˈmɔntər
montmartre	ˈmɔntmartrɛ
montmorency	ˈmɔntmɔrɛnsi
montpellier	ˈmɔntəˌpɛl
monument	ˈmɔnʏˌment
monumente-boukuns	ˈmonʏmentəˌbukəns
mooi	mui
mooi	mɔi
mooie	muːiə
mooier	muːi̯ər
mooies	muːi̯s
moois	mui̯s
mooiste	muːi̯stə
mooiweer	mui̯ʋɪə̯r
moonthede	ˈmʊəntəde
moontheid	ˈmʊəntɦəit
moontlik	muntlək
moontlik	ˈmʊəntlik
moontlike	ˈmunəltəx
moontlikhede	ˈmʊə̯ntlɪkəde
moontlikheid	ˈmʊə̯ntlɪkɦɪət
moord	muːɹt
moord	mˈuɾt
moordadige	ˈmʊə̯rdaːxə
moorde	ˈmʊə̯rdə
moordenaar	ˈmʊə̯rdəˌnɑːr
moordenaars	ˈmʊə̯rdenaːrs
moordenares	ˈmʊə̯rənəres
moordend	ˈmʊə̯r̥dən
moordkomplot	ˈmʊə̯rtkɔmplɔt
mor	ˈmɔr
moraal	ˈmɔraːl
moraliteit	ˈmɔːrilɪtə
morange	ˈmɔrɑːŋə
morange-seun	ˈmɔrɑːnʃəˌsœn
more	ˈmɔːrə
more-aand	ˈmʊrɑːnt
moreel	ˈmʊrəl
morel	ˈmɔːrəl
morele	ˈmɔːrələ
morena	ˈmɔːrɛna
moreno	ˈmʊrənu
moreoggend	ˈmʊrɔχəŋən
morevroeg	ˈmɔːrəfrøːχ
morfien	ˈmɔrfɪən
morgen	ˈmɔrχən
mori	ˈmɔːri
morishige	ˈmɔːrɪʃiχə
mormone	ˈmɔrmɔnə
morning	ˈmɔːrɪŋ
moro	ˈmɔːroʊ
moron	ˈmɔːrɔn
morone	ˈmɔːrʊnə
moroon	ˈmɔrʊə̯n
morritz	ˈmɔrɪts
morrow	ˈmɔːrɔː
mors	mˈuʃ
mors	ˈmɔrs
morse	ˈmɔrsə
morsekode	ˈmɔrsəkʊdə
morsige	ˈmɔrsiχə
morten	ˈmɔrtn̩
mos	ˈmos
mosi	mozi
moskou	ˈmɔskəʊ
moskou-steuringsender	ˈmɔskəʊˌʃtœːrɪŋˌsɛndər
mosostal	ˈmosɔstəl
mossad	ˈmɔsɑt
mossel	ˈmɔsəl
mossels	ˈmɔsəls
mossie	ˈmɔsɪ
mossies	ˈmɔsi
motballe	ˈmɔtbɑlə
motel	ˈmoʊtəl
mother	ˈmoːtər
motief	ˈmʊtif
motiewe	ˈmotifɛ
motocross-resies	ˈmɔtɔkrɔsˈresiə
motor	ˈmɔːtər
motor-onderdele	ˈmɔːtərʊndərˌdɛlə
motorboot	ˈmʊtərbuːt
motorfietsryer	ˈmʊtɔrfiətsˌrai̯ər
motorkade	ˈmɔːtɔrkɑːdə
motorongeluk	mutɛrɔŋχurup
motorvoertuig	ˈmoːtɔrˌfuərtœyx
motorvoertuiglisensie	ˈmoːtɔrˌfuərtœyxliˌsɛnsiə
motschekiebchen	ˈmɔtsəˌkɪə̯pçən
mou	muː
mouche	ˈmuːtʃə
moudek	ˈmɔʏ̯k
moue	muə
moulinex	ˈmuːlɪŋks
mouton	ˈmutən
mozart	ˈmɔtsɑrt
mp	mp
mprg	mpərχ
mpumalanga	mpumalaŋga
mr	mə
mrs	məːrs
ms	ms
mtac	məˈtɑk
much	məʊ
muck	mək
mueller	ˈmœylər
mufferig	ˈmœfərəx
muggies	ˈmʏgiəs
mugu	məˈɣu
muiden	ˈmœy̯dən
muidenkasteel	ˈmœy̯dənˌkɑsəl
muider-kring	ˈmœi̯ðərˌkrɪŋ
muil	məɪ̯l
muile	miːlə
muilspore	məɪ̯lspoːrə
muis	məɪs
muis	mˈaɪs
muise	məʊsə
muisie	məˈusiə
muiter	məʊtər
mulatschak	ˈmulətʃɑk
multisubs	ˈmʏltisʏps
mummie	ˈmʊmə
mummies	ˈmʏmiə
mummy	ˈmʏmi
munchen	ˈmʊntʃən
munich	ˈmœnɪç
munisipale	ˈmʊnɪsipəlɛ
munt	mənt
munt	mɵnt
munte	ˈmʊntə
muntoutomaat	mˈɛntɔtːomaːt
muntstuk	ˈmʊntstʏk
muntversameling	ˈmʊntfərsəˌmɛlɪŋ
murat	ˈmʊrət
mure	ˈmʊrə
murgpampoentjies	ˈmʊrxpɑmpʊntʃis
murom	ˈmuːrɔm
murray	ˈmʌreɪ
mus	məʃ
muse	məˈsɛ
muses	ˈmʏsəs
museum	məˈsɪə̯m
musiek	məˈsiːk
musiekblaaie	ˈmʏsiəkblɑːi
musiekinstrument	ˈmʏsiəˌkɪnstrʏˌment
musiekklas	ˈmʏsiɛkˌklɑs
musiekkonservatorium	ˈmʏsɪkˌkɔnsɛrvoːˌtɔːrɪʏm
musieknote	ˈmʏsiəknotə
musiekskool	ˈmʏsiɛkskʊə̯l
musikaal	məˈsikɑːl
musikale	ˈmʏsɪkələ
musikant	ˈmʏsɪkənt
musikante	ˈmʏsɪkəntə
musikus	ˈmʏsɪkʏs
muskadelwyn	ˈmʊskədəlʋəɪn
musketiers	ˈmʏskətiə̯rs
muskiet	maskit̪
mussert	ˈmʏsərt
musset	ˈmʏsət
mussie	ˈmʏsi
musst	ˈmʊst
must	məʃt
mustn	ˈmʊstən
muthi	mˈuːti
muur	miːr
muur	myr
muur	məːr
muurkalk	ˈmʏrkɑɫk
muurpapier	ˈmœyrpəˌpiːr
muurprop	ˈmœːrpɔp
my	miː
myl	maɪ̯l
myle	maɪlə
mylpaal	maɪ̯l̪pɑːl
myn	maɪ̯n
myne	maɪ̯nə
myself	maɪzɛlf
myvriend	miˈfrənt
máribel	maːˈrɪbəl
mère	məˈrɛ
ménage	ˈmɛnɑːʒə
môre	ˈmœːrə
môreaand	ˈmørɑːnt
môredou	ˈmœrəˌduː
môregloed	ˈmœrɪɣlœt
môremiddag	ˈmœrəˌmɪtɑχ
môreoggend	ˈmœrɪəˌχɛnd
möller	ˈmœlə
münster	ˈmœnstər
n	n
na	naː
na-ywer	naɪ̯vər
naaier	ˈnɑːi̯ər
naaimasjiene	ˈnɑːi̯mɑʃiə̯nə
naaiwerk	naːi̯ʍɛrk
naak	naːk
naakskilderye	ˈnɑːkskɪldəˌrɛə
naakslak	nˈɑkslˈɑk
naakte	ˈnɑːktə
naaktheid	ˈnɑːktəi̯t
naald	naːɫ
naaldwerk	naːɫfɛrʃ
naam	naːm
naamlik	naːmˈlik
naamwoorde	naːmʋoːrde
naand	naːnt
naar	naːr
naarheid	nˈɔɹˈaɪt
naartoe	ˈnɑːrtuː
naas	naːs
naaste	naːstə
naasteliefde	nˈɑstəliːftə
naastenby	ˈnɑːstəmbɪ
naastjou	ˈnɑːstʃuː
nabaat	ˈnɑβat
nabucco	ˈnɑβʏkə
naby	ˈnɑːβi
nabye	ˈnɑβi
nabygeleë	ˈnɑɪbɪχəˌleːə
nabyheid	ˈnɑiβɦeɪt
nabyskoot	ˈnəβisˌkʊt
nachtelijk	ˈnɑxtələk
nadat	nɑˈdɑt
nadeel	naodio
nadeel	ˈnɑːdeːl
nadelige	ˈnɑːdəlɪχə
nadenke	ˈnɑdənkə
nader	ˈnɑːdər
naderende	ˈnɑːdərəntə
naderkom	ˈnɑːdɛrˌkɔm
naderstaan	ˈnɑːdəˌʃtɑːn
naderwink	ˈnɑːdərʋɪŋk
nadien	nɑˈdiən
nadink	ˈnɑːdɪŋk
nadira	ˈnɑːdiːrə
nadja	ˈnɑɟə
nadruklik	ˈnɑdrʏkəlɪk
nael	nɑːl
nael	nɔːɫ
naelborsel	naːɪ̯lˈbɔrsəl
naels	naːl̪s
naelstring	naːlstrɪŋ
naeltjie	naːl̥tʃi
nafhanklike	ˈnɑfɦaŋləklə
nag	ˈnɑχ
nag-bestuur	ˈnɑχbəsˌtʃyːr
nageboots	ˈnɑχəˌbʊts
nagedink	ˈnɑχəˌdɪŋk
nagegaan	ˈnɑχəgɑːn
nagekom	ˈnɑχʊm
nagelaat	ˈnɑχəˌlɑt
nagemaak	laːxamɑːrk
nagemaakte	ˈnɑχəˌmɑktə
nagereg	ˈnɑχəˌrɛχ
nageslag	ˈnəχsɛlχ
nagevors	ˈnɑχfɔrs
naggie	ˈnɑχi
naglessenaar	ˈnɑχləsənaːr
nagloper	ˈnɑːχlɔpər
nagmerrie	ˈnɑχməˌri
nago	ˈnɑːχoʊ
nagrus	ˈnɑːχrʏs
nagskof	ˈnɑχskɔf
nagskofte	ˈnɑχskoftə
nagskool	ˈnɑχskʊə̯l
nagsê	nɑxse
nagt	ˈnɑχt
nagte	ˈnɑχtə
nagtegale	ˈnɑχtəɣɑlə
nagtelike	ˈnɑχtələkə
nagtigaal	ˈnɑχtɪɣɑːl
nagwas	naxvas
nah	ˈnɑː
najaar	naːjɒːr
nakend	ˈnɑkənt
nakijken	ˈnɑkiχən
nakom	ˈnɑkɔm
nalaat	ˈnɑːlɑːt
nalatenskap	n̥ɑlɑtɛskəp
nalatig	ˈnɑːlɑtiχ
namaak	nɑmɑːk
namaak	ˈnɑːmɑːk
name	namə
namen	ˈnɑːmən
namens	ˈnaməns
namiddag	ˈnɑːmɪˌdɑːχ
nan	ˈnɑn
napalm	ˈnɑpɑlm
napels	ˈnɑpəls
napoleon	ˈnɑpəlɪɔn
nar	ˈnar
nare	ˈnɑːrə
narita	ˈnɑːrita
narkose	ˈnɑrkosə
narre	ˈnarə
narsisties	ˈnɑːrsiˌstiəs
nas	nas
nasa-satelliete	ˈnɑsəˌsɑtəlɪˌtɪə
nasaret	ˈnɑsəˌrɛt
nasie	ˈnɑsiə
nasien	nɑˈsiən
nasies	ˈnɑsiə
nasionale	ˈnɑsɪɔnələ
nasionalisme	ˌnɑsjoːnɑˈlɪzmə
nasionaliteit	ˌnɑsiɔnalitɛit
nasorg	nˈɔsʊr
naspers	maspɛr
nastreef	ˈnɑstrɛf
nat	nat
natalia	ˈnɑtəliə
natgemaak	ˈnɑtχəˌmɑːk
natgesweet	ˈnɑtχsɪˌfɪt
nationaal	ˈnɑːsi̯oːl
natrekken	ˈnɑːtrəˌkɛn
natrium	natrjɛm
natuur	ˈnɑu̯tʊr
natuurkind	ˈnɑu̯tʊrˌkəɪnt
natuurlik	ˈnɑtʊə̯rək
natuurlike	ˈnɑtʊə̯rliχə
natuurlikheid	ˈnɑtʊrˌlɪkˌɦeɪt
natuurwette	ˈnɑu̯tʏrˌvɛtə
nava	ˈnɑːvə
navarra	ˈnɑβəra
navo	ˈnɑβoː
navo-magte	ˈnɑβo̯ˌmɑχtə
navorser	ˈnɑːβ̞ɔrsər
navorsers	ˈnɑːβ̞ɔrsərs
navorsing	ˈnɑːβ̞ɔrsɪŋ
navorsings	ˈnɑːβ̞ɔrsɪŋs
navraag	ˈnɑːvraːχ
navy	ˈnɑːvi
navysecretaris	ˈnɑːviːsɪkrəˌris
naweek	ˈnɑːvək
nazi	ˈnɑːsi
nazi-duitsland	ˈnɑːsiˌdœitslɑn
nazi-jas	ˈnɑːsiˌjɑs
nazis	ˈnɑsis
naziïsme	ˈnɑsiˌiːm
naïef	naɪ̯f
naïf	nai̯f
naïwe	naɪf
ncis	ənˈsɪs
ne	neː
nederig	ˈnɛːdəχ
nederige	ˈnɛːdəɦiχə
nederigheid	ˈnɛːdərɪəχd
nederlaag	ˈnɛdərˌlɑːχ
nederland	nederlˈɑnt
nederland	ˈnɛdərlant
nederlande	ˈnɛdərləndə
nederlanders	ˈnɛdərˌlæntərs
nederlandse	ˈnɛːdərˌlɑntsə
nee	neː
nee-dankie	neːˈdɑŋki
nee-nee-nee	neːneːneː
neef	neːf
neefs	neːfs
neeltje	neːltjə
neem	nem
neem	neəm
neer	neːr
neerdrukkend	ˈnɪːrˌdrʏkənt
neergedaal	ˈnɪə̯rɣəˌdɑːl
neergesit	ˈnɪə̯rχəsɪt
neergeskiet	ˈnɪə̯rɣəˌskiːt
neergeskryf	ˈnɪə̯rɣəˌskrɪf
neergestort	ˈnɪə̯rɣəˌstɔrt
neerlaag	ˈnɪə̯ɾɫaːχ
neerlae	ˈnɪə̯lə
neerlê	ˈnɪə̯rˌleː
neerplant	ˈnɪːrˌplɑnt
neerschoot	ˈnɪə̯rʃut
neersit	ˈnɪə̯rsət
neerskiet	ˈnɛə̯rskiət
neerskryf	ˈnɪə̯rskrəf
neerslaan	ˈnɪə̯rslɑːn
neerstak	ˈnɪə̯rstɑk
neerval	ˈnɪə̯rfɑl
nefie	ˈnɛfiə
nefies	ˈnɛfiəs
negatief	ˈnɛχətiːf
negatiewe	ˈnɛχaːtiəʋə
nege	ˈnɛχə
negentien	ˈnɛχəˌtiən
neger-broers	ˈnɛχərˌbruːrs
neig	neɪχ
neiging	ˈnɛiχɪŋ
neigings	ˈnɛiχɪŋs
nek	nek
nekte	nekə
nelly	ˈnɛli
nemorino	ˈnɛːməˌriːnoʊ
nemorito	ˈnɛːməˌritoː
nene	ˈnɛnə
neon	neon
neptunus	neptˈines
nerd	ˈnɛːrt
nerves	ˈnɛrvəs
nes	neːs
nessie	ˈnɛsi
neste	ˈnɛstə
net	nɛt
netjies	ˈnɛtχiəs
netjiese	ˈnɛtʃəsə
netnou	ˈnɛtˌnəʊ
netso	ˈnɛtsuː
netsoos	ˈnɛtsus
netsowel	ˈnɛtsɔuəl
netwerk	nɛtvɛrk
netwerke	ˈnɛtʋɛrkə
neudorf	nuːˈdɔrf
neukapelle	ˈnœʏ̯kɑpələ
neurie	ˈnœʊ̯riə
neurochirurg	ˈnøːroχiryrχ
neurotransmitters	ˌnɪə̯roʊ̯tɹɑnzˌmɪtərs
neus	nuːs
neusbeen	nuːsbeːn
neuse	nuːsə
neusie	nuːsi
neusopening	niːɪzʋɪpɪnˈŋ
neute	nuːtə
neutraal	nøːtrɑːl
neutrale	nøːtrɑːlə
neutraliteit	ˈnøːtrɑɪ̯tɪt
neutron	nɛtron
never	ˈnɛvər
nevers	ˈnɛːvərs
nevers-fortuin	ˈnɛːvərsfɔrˌtœy̯n
nevers-slag	ˈnɛfərsˌslɑχ
new	nuː
newe-effekte	ˈnɛfɛktə
newfoundland	nuːflənd
newport	nøːpɔːrt
news	nuːs
ney	neɪ̯
ngo	ŋo
nhlanhla	mankˈra
ni	niː
nibin	ˈnipən
nicaragua	ˈnɪkəˌɹɑːgwə
niccol	nikɔl
niccolo	nikəloː
nicolaes	nikəˈlɑs
nicolas	nikɔlɑs
nicolau	nikɔˈlɑu
nie	ni
nie	niː
nie-bestaan	niːbɛˈstɑːn
nie-lede	niːˈlɛdə
nie-verslaafdes	niːfərˈslɑːfds
nieks	niːks
niemand	niəˈmɑnt
niemann	niəˈmɑːn
niemendal	nimɛndɑl
nier	niːr
niere	niːrə
niersiekte	niə́ːrsiːktə
nies	niːs
niet	niːt
nieteenstaande	niːtəːnˈstɑːndə
nietemin	niəˈtɛmɪn
nietig	niːtəx
nietighede	niːtəχədeː
niets	niːts
nietwaar	niːtʋɑːr
nieuwenhove	niuəˈɦuə
nieuwland	niːu̯ˈlɑnt
nig	niχ
niggie	niːxʲi
niggies	ˈnɪχi
niggietjie	ˈnɪχətʃi
night	naɪt
nihilis	ˈnɪɦɪlis
nihilistiese	ˈnɪɪlɪstiə
nikolai	nikɔlɑi
niks	niks
niksen	niksən
niksnut	niksnʏt
nikswerd	niksɛrgd
nilsson	niːlsɔn
nina	niːna
ninja	ˈnɪnʃə
nishimura	nisɪˈmʊrə
nitto	ˈnɪtə
nixon	ˈnɪkson
nl	ŋəl
no	nuː
noag	nuχ
nockerln	ˈnɔkərln
nodeloos	ˈnɔːdəlʊə̯s
nodig	ˈnɔːdiχ
nodige	ˈnɔːdiχə
nodiger	ˈnɔːdiχər
nodigheid	ˈnɔtχɪdəx
noe	nuː
noedels	nuːdəls
noem	nuːm
noem	nɔm
noette	nuːtə
nog	tˈi
nog	ˈnɔχ
nogal	ˈnɔχɑl
nogeens	ˈnɔχəns
nogmaals	ˈnɔχmɑːls
nogtans	ˈnɔχtɑns
nohant	ˈnɔːɦɑnt
nokia	ˈnɔkiə
nominasies	ˈnɔːmɪsɪs
nomineer	ˈnɔːmineːr
nommer	nomər
nommer	ˈnɔməʁ
nommers	ˈnɔməʃ
noms	ˈnɔms
non	nˈoːn
none	ˈnʊnə
nonne	ˈnɔnə
nonsens	ˈnɔnsɛns
nood	nuːt
nood	nˈut
nooddiens	nuːdiəns
noodgedwonge	nuːdχɛdwɔŋə
noodgeval	ˈnœtχfɑl
noodgevalle	ˈnʊtχfɑlə
noodhulp	nuːtɦœlp
noodhulpklas	nuːtɦœlpklɑs
noodkwartiere	nuːtkʰɑːrtiə̯r
noodlot	nuːɾlɔt
noodontruiming	ˈnʊə̯dəntrœɪ̯məŋ
noodoproep	nuːdɔpʀœp
noodsaak	nuːtsɑːk
noodsaaklik	nuːtsɑːkəlɪk
noodsein	nuːtsəɪ̯n
noodweer	nuitvier
noodwendigheid	nuːtˈfɛntsɪkʰəi̯t
nooi	nuːi
nooit	nuɪt
noor	nuːr
noord	nuaɾt
noord	nuːrt
noord	nʊərt
noord-atlantiese	nuːrt̪ɑlɛnˈtɪsə
noord-suid	nuːrtˈsœy̯t
noord-weswaarts	nuːrtˈvesʋaːrts
noorde	nuːrə
noordelik	numeɾtəlek
noorderligte	ˈnɔːdəɹlɪχtə
noordkaai	nuːɹtˈkɑːi
noordoos	nuːɾuts
noordwes	nøtvˈeːz
noorweegse	nuːrʋɪksə
noorweë	nuːrəʋeː
noorweër	nuːrˈvɪr
noot	nuːt
norad	ˈnɔːrɑt
norbertine	ˈnɔːrbətine
nordiese	ˈnɔːrdiːsə
nore	ˈnɔːrə
norfolk	ˈnɔːrfɔk
noriega	ˈnɔːrigə
norm	nʊɾɛm
norm	ˈnɔrm
normaal	nɔɾmal
normaal	ˈnɔrmaːl
normaalweg	ˈnɔrmaːlʋɛχ
normale	ˈnɔrmələ
norme	ˈnɔrmə
nors	ˈnɔrs
northcom	ˈnɔrtʃɔm
nortje	norkia
nostalgie	ˈnɔstɑlʃi
not	ˈnɔt
nota	ˈnɔtə
notaboek	ˈnɔtəˌbuk
notaboeke	ˈnɔtəbʊkə
notaris	ˈnɔtərɪs
notas	ˈnɔtəs
notatjies	ˈnɔtətʃis
note	ˈnʊtə
nothing	ˈnɔtɪŋ
notuleer	ˈnɔtuləə̯r
nou	nuː
nou	nˈoʊ
nou-ja	nuja
nou-net	nuːnɛt
nou-nou	nuːnuː
noual	nuɑl
noudat	ˈnɔʊ̯dət
noue	nuː
nouja	nuχa
noukeurig	ˈnɔʏkœrɪχ
noukeurige	ˈnɔːkœrɪχə
noukeuriger	ˈnʊə̯kœrɪχər
nouliks	nuːlɪks
nounet	nuːnɛt
nounog	nuːnɔχ
nouweer	nuːə̯r
nov	nuβ
novas	nuren
november	ˈnɔβəmər
now	nuː
nowa	nuə
nowack	nuɑk
nowak-jeziorański	ˈnɔvaχjɛzjɔˈranski
nr	ˈnɛr
ns	n̥s
nu	nuː
nugter	nʊ̞xtɪ̞r
nugter	ˈnɪχtər
nuit	nuɪt
nuk	ŋʊk
nul	ŋʊl
nut	nuːt
nut	nʊ̠t
nutteloos	ˈnʏtəloːs
nuttelose	ˈnʏtəlɔsə
nuttig	ˈnʏtəx
nuttigs	ˈnʏtsəx
nuus	nuːs
nuusberig	nuːsbəˈrɪχ
nuusblad	nuːsblɑt
nuusblad	nʲusplat
nuusdiens	nuːsdiəns
nuusfilm	nuːsfilm
nuusfilms	nuːsfilmz
nuusfotograwe	ˈnœysfɔtəˌχraːvə
nuuskamera	nuːskaˈməra
nuuskierig	ˈnœy̯sɪəˌrɪχ
nuuskierigheid	ˈnœy̯skiəˌrɪəχdʰ
nuusmense	nuːmsəntsə
nuusvrystelling	ˈnœy̯sfrəstəlɪŋ
nuut	nuːt
nuut	nˈit
nuuts	nuːts
nuutste	nuːtʃtə
nuwe	niva
nuwe	nuːə
nuwejaar	nuə́jaːr
nuwejaarsdans	ˈnœyəɦɑːrsdɑns
nuweling	nuəˈlɪŋ
nuwemaan	nuːəˈmɑːn
nuwes	nuəs
nydig	ˈnədiχ
nyheter	niχtər
nyl	ənɪl
nymphenburg-kasteel	ˈnʏmfərbʏŋˌkɑsəl
ná	naː
nè	neː
né	neː
née	neː
nê	neː
nêrens	ˈnɛrəns
nóg	ˈnɔχ
o	ɔ
obdam	ɔpˈdam
obikwa	abikwa
observasie	ɔbsərˈvɑsi
observatorium	ɔbsɛrvaːtɔriʏm
obsessies	ˈɔbsɛsiəs
obsessiewe	ˈɔbsɛsiːfɛ
obstruksie	ɔpsˈtrʏksiə
oceana	ʊsəˈnɑː
oder	ɔːdə
oefen	ʔufən
oefening	ʔufəŋɪŋ
oeps	œps
oer-nordiese	œːrnɔːrdiːsə
oeroue	œrœu̯ə
oertyd	ʊə̯rtɪtʃ
oesters	usters
oestyd	ustəi̯t
of	ɔf
off	ɔf
offence	ɔfˈsɛnts
offended	ɔfənd
offensief	ɔfənˈsiːf
offer	ˈɔfə
officieus	ɔfɪˈsiəs
offisieel	ɔfsiːəl
offisiele	ɔfɪsiːlə
offisier	ɔfɪsi̯ər
offisiere	ɔfɪsiːrə
offisiersarend	ˈɔfisɪəsɑrɛnt
offisiële	ɔfɪsiˈɛːlə
oggend	ɔχənt
oggendmens	ɔχəntmɛns
ogie	uaħi
ogie	ɔɣi
ogies	ʊχi
oh	ɔ
ohio	ʔoʔiʔoʔ
oil	ɔɪl
oje	ɔjə
ok	ɔk
okay	ɔkɛ
oke	ʊkə
okkerneuthout	ɔkəˈnɪut
okkoto	ɔkˈkʊto
oksel	ɔksəl
oktaan	ˈɔktaːn
oktober	ɔkˈtɑmbər
oktober-revolusie	ɔkˈtɑbərrɛvəˈluːsi
old	ɔːl
olenka	ɔlənka
olga	ɔlɣə
olie	ʊli
olie-tenkskip	ʊliˈtɛŋskɪp
oliebaron	ʊliːbɑːrɔn
oliebedrijf	ˈʊlibəˌdrɪf
oliebolle	ʊliˈbɔlə
olieplatformen	ʊliplɑtˈfɔmən
oliestorting	ˈuːliəstɔrŋ
olifant	ʊliˈfɑnt
olimpiese	ɔlimpiːsə
olivette	ɔlivɛtə
olivetti	ɔliˈvɛti
olivier	ɔlivjɛr
olya	ɔlʲa
olyfboord	ɔɪ̯lfɔːrt
om	ɔm
om	ˈɔm
omagi	ʊməˈχi
omarm	ʔomɑrm
ombouing	ɔmˈbœʊ̯əŋ
omda	ɔmda
omdat	ɔmˈdɑt
omdraai	ɔmˈdraɪ̯
omdruk	ɔmˈdrʏk
omgaan	ɔmˈχɑːn
omgang	omχaŋ
omgang	ɔmχɑŋ
omgedraai	ɔmχəˈdraɪ̯
omgee	omχjɑ
omgee	ɔmχi
omgegee	ɔmχeɣi
omgegooi	ɔmχəˈgɔɪ
omgekeerd	ɔmχeˈkɪə̯rt
omgekeerde	ɔmχeˈkɪəɾə
omgekom	ɔmχʊkʏm
omgekrap	ɔmχəˈkrɑp
omgekry	ɔmχəkrʏ
omgeruil	ɔmχəˈrœi̯l
omgeswaai	ɔmχəˈswaɪ
omgeval	ɔmχəˈfɑl
omgewing	ɔmχəʊəŋ
omhels	ɔmˈɦɛls
omhelsing	ɔmˈɦɛlsɪŋ
omhoog	ɔmˈɦuχ
omkantel	omkantɯl
omkeer	ɔmˈkɪə̯
omkom	ɔmˈkɔm
omkoop	ɔmˈkʰœp
omkoopgeld	omkoːpɣəlt
omkoopgeld	ɔmˈkʰʊpχɛɫd
omkring	ɔmkrɪŋ
ommekeer	omɛkijær
ommuurde	ɔmˈmœːrdə
ompad	ɔmˈpɑt
ompraat	ɔmpraːt
omring	omrɛm
omring	ɔmˈrɪŋ
omrol	ɔmrɔl
omruil	omraju
omruil	ɔmˈrœi̯l
omsien	ˈɔmsiən
omsingel	ɔmsɪŋəl
omslag	ɔmslɑχ
omstander	unstaŋdeɾ
omstandighede	ɔmsˈtandɪɦeːdə
omstrede	tɛnstɾɛda
omswaai	ɔmsfɑɪ
omtik	ɔmˈtɪk
omtower	ɔmˈtɔu̯ər
omtrek	ɔmˈtrɛk
omtrent	ɔmˈtrɛnt
omval	ɔmˈfɑl
omvang	omfaŋ
omvang	ɔmˈfɑŋ
omvat	unsat
omver	ɔmˈfɛr
omvergewerp	ɔmfərχɛrp
omverwerp	ɔmfərʋɛrp
omverwerping	ɔmfərˈvɛrpɪŋ
on	ɔn
on-kultuur	ɔŋkʊlˈtyːr
onaagenaam	ʊnɑːχəˈgeːnəʔm
onaangenaam	ʊnaːŋəˈnɑːm
onaangename	ʊnɑːŋəˈnɛmə
onaangeraak	ʊnaːŋχəˈrɑːk
onaantasbaar	ʊnɑtɑntɑsbɑr
onaardse	ʊnɑːrtsə
onafhanklik	ɔnˈfɔŋkəlɪk
onafhanklike	ɔnˈfɔŋkələkə
onafhanklikheid	ɔnˈfɔŋkəlɪkɦɛit
onafskeidbaar	ɔnɑfˈskei̯ɾɑːr
onafwendbare	ɔnɑfˈfɛntbərə
onaktiwiteit	ɔnɑkˈtifɪtɛt
onbalans	ɔnbaˈlɑns
onbeduidend	ɔnbəˈdiːənt
onbehoorlik	ɔnbəˈhʊə̯rək
onbekeerd	ˈɔnbəkəːrt
onbekend	onbekint̪
onbekend	ˈɔmbəˌkɛnt
onbekende	ˈɔmbɛˌkɛndə
onbekwaam	ˈɔmbəkʰʷaːm
onbekwame	ˈɔmbɛkʋɑmə
onbelangrik	ɔnbəlɑŋrisk
onbelangrike	ɔnbələŋˈrɪkə
onbelangrikhede	ɔnbələŋˈrikədə
onbelangrikste	ɔnbəlɑŋˈrɪkstə
onbepaalde	ˈɔnbɛpɑːldə
onbeperk	ˈɔnbəˌpɛrk
onbereikbaar	ɔnbəˈrɛɪ̯kɑːr
onberispelik	ɔnbəˈrispələk
onbeskaamd	ɔmbəˈskɑːmt
onbeskaamde	ɔnbəˈskɑːmə
onbeskaamdheid	ɔnbəskɑːmɦəi̯t
onbeskadig	ˈɔnbəskədəx
onbeskadigde	ˈɔnbəskɑi̯dəxə
onbeskermd	ɔnbəˈskɛrmt
onbeskof	ɔnbəˈskɔf
onbeskofte	ˈɔmbɛskɔftə
onbeskoftheid	ɔnbəskɔftɦəit
onbeskryflik	ˈɔnbəskrɪfəlɪk
onbeskryflike	ɔnbəskrɪfləɪkə
onbesny	unbɪsnaj
onbesoedelde	ɔnbəˈsœːɾdələ
onbesonne	ɔnbəˈsɔnə
onbetaalbaar	ɔnbətɑːlbɑːr
onbetaalde	ɔnbəˈtɑːlə
onbetroubaar	ˈɔnbətrʊbaːr
onbevoeg	ɔnbəˈbøχ
onbevoegde	ɔnbəˈbøi̯ə
onbevrees	ondefries
onbewaak	ɔnbəˈʋɑːk
onbewolkt	ɔnbəˈʋɔlkt
onbewoon	ɔnbəˈʋoːn
onbewoonbaar	ɔnbəˈʋoːnbɑːr
onbewus	ɔnbəˈkɪs
onbruikbaar	ɔnˈbrœykbɑːr
onbuigbaar	ɔnbœyχbɑːr
once	ɔnsə
ond	ɔnt
ondankbaar	ˈɔndɑŋkbrɑːr
ondankbare	ˈɔndɑŋkˌbɑːrə
ondanks	ɔnˈdɑks
ondekon	ˈɔːndəˌkɔn
ondenkbaar	unteŋgpaɾ
ondenkbaar	ˈɔndəŋkbar
onder	ˈɔndər
onder-gemiddelde	ˈɔndərχəˌmɪdələ
onderaardse	ˈɔndərɑːrtsə
onderbemand	ˈɔndərbəmɑnt
onderbewuste	ˈɔndərbœrˌkʰʏstə
onderbreek	ˈɔndərˌbreːk
onderbreking	ˈɔndərˌbreːkɪŋ
onderbroek	oːndɔrbɾuːk
onderbroek	ˈɔndərbrʊək
onderdaan	ˈɔndərdaːn
onderdane	ˈɔndərˌdɑːnə
onderdanig	ˈɔndərdaːnəx
onderdele	ˈɔndərˌdɛlə
onderdeur	ˈɔndərˌdœr
onderdruk	ɔndɛdrək
onderdruk	ˈɔndərdrʏk
onderdrukkers	ˈɔndərdrʏkərs
onderdrukking	ˈɔndərdrʏkɪŋ
onderduik	ˈɔndərdyːk
onderduikadres	ˈɔndərdyːkɑdrɛs
onderduikadresse	ˈɔndərdyːkəˌdrɛsə
onderduimsheid	ˈɔndərdœmshɪt
ondergang	ˈɔndərχɑŋ
ondergeskik	ˈɔndərxəˌsɪk
ondergeskikte	ˈɔndərɣəskɪktə
ondergronds	ˈɔndərχrɔnts
ondergrondse	ˈɔndərχrɔŋsə
onderhandel	istinorando
onderhandel	ˈɔndərˌhɑndəl
onderhou	ˈɔndərɦu
onderhoud	ˈɔndərɦʌu̯
onderhoude	ˈɔndərɦudə
onderhouer	ˈɔndərˌɦuə
onderklere	unð̞eɾkljeɾa
onderkommandant	ˈɔndərkʊmɑnt
onderkruip	ˈɔndərkrœi̯p
onderkry	ɔndərkrɪ
onderlaag	ˈɔndərˌlɑːχ
onderluitenant	ˈɔndərˌlœi̯tənt
ondermaatse	ˈɔndərˌmɑːtsə
ondermyn	ˈɔndərməɪn
ondermynende	ˈɔndərˌmʏi̯nəde
onderneem	ˈɔndərnɛm
onderofficier	ˈɔndərɔfɪˌtsiə
onderoffisier	ˈɔndərɔfisiər
onderoffisiere	ˈɔndərɔfisiə
onderrig	ˈɔndərɪχ
onderskat	ˈɔndərskɑt
onderskatting	ˈɔndərskɑtiŋ
onderskei	ondɛɾskaj
onderskei	ˈɔndərsʰɛi
onderskeid	ˈɔndərskɛi̯t
onderskep	ˈɔndərskɛp
onderskrifte	ˈɔndərˌskrɪftə
onderskryf	ˈɔndərskrəf
ondersoek	ˈɔndərsʊk
ondersoeke	ˈɔndərˌsukə
ondersoekende	ˈɔndəˌsukəntə
ondersoeking	ˈɔndərsukəŋ
onderstebo	ˈɔndərstɛboː
ondersteun	ˈɔndərˌʃtœn
ondersteuners	ˈɔndərstɪynərs
ondersteuning	ˈɔndərstɔi̯ŋ
onderteken	ˈɔndərtəken
ondertekenaar	ˈɔndərˌtɛkəˌrɑːn
ondertoe	ˈɔndərtuə
ondertussen	ˈɔntərˌtʏsən
ondervind	ˈɔndərfɪnt
ondervinding	ˈɔndərfɪŋd
ondervoed	ˈɔndərvuət
ondervoeding	ˈɔndərvuːəŋ
ondervra	ˈɔndərfrɑː
ondervraer	ˈɔndərˌfrɑːr
ondervraging	ˈɔndərˌfrɑχɪŋ
ondervragingskamer	ˈɔndərfrɑxɪŋskɑmər
onderweg	ˈɔndərʋɛχ
onderwep	ˈɔndərʋɛp
onderwerp	ˈɔndərvɛrʈ
onderwerpe	ˈɔndərˌʋɛrpə
onderworpe	ˈɔndərˌvɔrpə
onderwys	ˈɔndərʋəɪs
onderwyser	ˈɔndərˌfisər
onderwyseres	ˈɔndərʋɪsərəs
onderwyseres	ˌɔndərˈvɛisərɛs
onderwysers	ˈɔndərʋɪsərs
onderwysmetodes	ˈɔndərʋəɪsˌmɛtɔːs
onderwêreld	ˈɔndərˌvɛə̯ɫd
ondeund	ɔnˈdɪə̯nt
ondeundheid	ˈɔndəʊntɦɛit
ondeurdringbaar	ˈɔndœrdrɪŋgɑːr
ondeursigtig	ˈɔndəʊ̯rsixtəx
ondier	ˈɔndiə̯r
ondig	ˈɔndəχ
ondraaglik	ˈɔndrɑːχlək
ondraaglike	ˈɔndrɑːχlɪkə
onduidelik	ɔnˈdœi̯dəlɪk
onduideliker	ɔndœi̯ˈdiːləχər
one	ʊnə
oneer	ʊnəɾ
oneerlik	ʊnəɾɪk
oneerlikheid	ʊnəɾlikɦɪt
oneervol	ʔʊnəɾˈfɔl
oneffektief	ʔʊnɛfɛkˈtif
oneindig	ʊnəi̯ndəx
oneindige	ʊnɛinɟə
onervare	ɔnɛrˈvɑːrə
ones	ˈɔnəs
oneties	ˈɔnətis
onewe	ʊnəʋə
ongalant	ɔŋgəˈlɑːnt
onge-ewenaar	õŋgəˈʋaːnər
ongebore	ɔŋɦəˈbɔːrə
ongebruik	ɔŋgəˈβrœyk
ongedierte	ˈɔŋgədiːrə
ongediertes	ɔŋgəˈdiːrts
ongedisiplineerde	ˌɔŋgədiˌsɪplɪˌnɪrdə
ongeduld	ɔŋχəˈdʏlt
ongeduldig	ɔŋgəˈdʏɫɪk
ongegronde	ɔŋgəˈχrɔndə
ongehoord	ˈɔŋgəˌhʊːrt
ongehoorde	õŋgəˈhørde
ongehoorsaam	ˌʊŋgəˈɦuːrsaːm
ongehoorsaamheid	ˈɔŋgɦoːrsɑːmɦɛit
ongehoorsame	ˈɔŋgʰoːrsɑːmə
ongekende	ˈɔŋkəˌkɛndə
ongeldig	ɔŋχɛldiχ
ongeletterde	ˈɔŋgəlɛtəɾdə
ongeletterdes	ʊŋgələtəɾdəs
ongeloof	ɔŋgəˈluf
ongelooflik	ɔŋgəlʊflɪk
ongelooflike	ɔŋgəlʊflɪkə
ongelowig	ɔŋgəˈlʊəx
ongelowiges	ɔŋgəlʊiχəs
ongeluk	ˈɔŋgəlʏk
ongelukig	ˈɔŋgəlʏkəχ
ongelukkig	ˈɔŋgəlʏkəχɪχ
ongelukkige	ˈɔŋgəlʏkəχiχə
ongelukkiges	ˈɔŋgəlʏkəχəs
ongelukkigheid	ˈɔŋəlʏkəχɪə̯t
ongelyk	ˈɔŋɣələk
ongelykheid	ˈɔŋələkəit
ongemaklik	ˈɔŋgəˌmɑkəlɪk
ongeneeslik	ˌɔŋgəˈniːslək
ongeneeslike	ˌɔŋgəˈniːsləkə
ongeskiktheid	ˌɔŋəˈskɪktəi̯t
ongeskonde	ˈɔŋəskɔndə
ongesteldheid	ˈɔŋgəstɛldɦɪə̯t
ongesteurd	ɔŋgəˈstøːrt
ongestoord	ɔŋgəˈstʊːrt
ongestraf	ˈɔŋgəstrɑːf
ongeteldes	ˈɔŋχətɛldəs
ongetroud	ˈɔŋtχrɔːt
ongetwyfeld	ˈəŋkətfələt
ongeval	ˈɔŋgəˌfɑl
ongeveer	ɔŋˈgɪr
ongevoelig	ɔŋgəˈvuiəx
ongevraagd	ɔŋgəˈrɑːχt
ongewone	ɔŋɦəˈvunə
ongewoon	õŋgʊʊn
ongewoon	ˈɔŋəvˌɔːrn
ongewoons	ɔŋgʋoːns
ongezellig	əŋgəsɛlɪχ
ongunstig	ˈɔŋχʊnstɪχ
ongunstige	ˈɔŋχʊnstɪχə
onguur	ɔŋχʊr
onhandig	ɔnˈɦɑi̯nəx
onhebbelik	ɔnˈhɛbələk
onheil	ɔnˈɦɛil
onheilspellende	ɔnˈɦɛilspɛləndə
onherkenbaar	ɔnˈɦɛrˌkɛmˌbɑːr
onherstelbare	ɔnɦɛrˈstɛlbəɾə
onhoflik	ɔnˈɦɔflək
onhoudbaar	ɔnˈɦud̪bɑːr
onischenko	ˈɔnɪʃəŋko
onkeerbaar	ɔnˈkɪrbar
onkoste	ˈɔŋkɔstə
onkruid	õnkrai̯t
onkruid	ˈɔŋkrœi̯t
onkunde	ˈɔŋkʊdə
onkundig	ˈɔŋkʊndəx
onkundiges	ˈɔŋkʊndɪχəs
onlangs	ɔnˈlɑŋs
onlangse	ɔnˈlɑŋsə
online	ɔnˈliːn
only	ɔːnli
onmagtig	ˈɔnmɑxtəx
onmenslik	ɔnˈmɛnslɪk
onmenslikheid	ˈɔnmənslikɦəi̯t
onmiddelik	anmɛdɛlɛk
onmiddelik	ˈɔnmɪˌdɛlik
onmiddelike	ˈɔnmɪdiːkə
onmiddellik	ˈɔnmɪdələk
onmilitêre	ˌɔnmɪlɪˈtɪrɛ
onmisbaar	ɔnˈmɪsɑːr
onmoedigheid	ˈɔnmudɪχtəit
onmondige	ɔnˈmɔndiχə
onmoonlik	ˈɔmnʊə̯lik
onmoontlik	ˈɔmnʊəntlɪk
onmoontlike	ˈɔnmʊəntləkə
onnatuurlike	ɔnəˈtyːrəlɪkə
onnie	ɔni
onnie-pop	ɔnɪˈpɔp
onnodig	ɔnədiχ
onnodige	ɔnəˈdiχə
onnoembare	ɔnˈunəˌbɑːrə
onnosel	onnuesɔ
onnosel	ɔnˈnɔsəl
onnosele	ɔnəˈsɛlə
onnoselheid	ɔnˈnɔsəlɦɛit
onoffisieel	ɔnɔfsiˈɛːl
onontwikkeld	ɔnɔntfɪkələt
onoorbrugbaar	ˈɔnʊrbrʏχbɑːr
onoorbrugbare	ʔonʊrˈbryχbər
onopgevoede	ˈɔnɔpχəˌvudə
onopsigtelik	ɔnɔpsɪxtəˈlik
onopvallend	ɔnɔpˈfɑːlənt
onpartydig	ɔnˈpɑːrtiɟəx
onpartydigheid	ɔn̪pɑrtiˈdiχtʰəɪ̯t
onraad	ɔnˈrɑːt
onredelik	ɔnrəˈdɛlik
onredelike	ɔnˈrɛːdəlikə
onreg	ɔnˈrɛχ
onregverdig	ɔnˈrɛχfərdɪχ
onregverdige	ɔnˈrɛχfərdiχə
onrus	ɔnˈrœs
onrustig	ɔnˈrœstɪχ
ons	ɔns
ons	ɔ̃s
onse	ɔnsə
onseker	ˈɔnsəˌkɛr
onself	ɔnsɛlf
onsensitief	onsensat̪ɪf
onsensitief	ˈɔnsəˌsɪntif
onsigbaar	ɔnsɪχbɑːr
onsigbare	ˈɔnsɪχbɑːrə
onsimpatiek	uŋsɪmpatik
onsin	ɔnsɪn
onsinkbaar	ˈɔnsɪŋkɑːr
onsinnige	ˈɔnsɪnɪχə
onsinnigheid	ˈɔnsɪnɪχˌɦɛit
onskadelik	ˈɔnskɑdəlɪk
onskuld	ɔnsˈkʊlt
onskuldig	ˈɔnskʏχələ
onskuldige	ˈɔnskʏldiχə
onsmaaklik	ənsmaɾklək
onsself	ɔnsɛlf
onstabiel	ɔnˈstɑβiəl
onsterflik	ˈɔnstərflɪk
onsterflikheid	ˈɔnstərflɪkɦɛit
onsuksesvol	ˈɔnsʏksfɔl
onsuksesvolle	ˈɔnsʏksəflə
ontaarde	ˈɔntɑːrdə
ontasbare	ˈɔntɑsbarə
ontbeer	untpjˈɛɾ
ontbeten	ˈɔntbɛtən
ontbied	ˈɔntbiət
ontbind	ˈɔntbɪnt
ontbinding	ˈɔntbɪndɪŋ
ontbloot	ˈɔntblut
ontblote	ˈɔntblʊtə
ontbrand	ˈɔntbrɑnt
ontbreek	untbrieːk
ontbreek	ˈɔntbriːk
ontbrekende	ˈɔntbrekəndə
ontbyt	ˈɔntbʏt
ontbytgraan	ˈɔntbʏtχraːn
ontbytmasjien	ˈɔntbʏtˌmaʃiən
ontdek	ˈɔntdɛk
ontdekking	ˈɔntdɛkɪŋ
ontduik	ˈɔntdyːk
onteer	ˈɔntiːr
ontelbaar	ˈɔntəlˌbɑːr
ontelbare	ˈɔntəlbərə
onterf	ˈɔntɛrf
ontevrede	ˈɔntəˌfreːdə
ontevredenheid	ˈɔntəˌfrɛdənˌɦɛit
ontferm	ˈɔntfɛrm
ontgeld	ˈɔntχɛld
ontglip	ˈɔntχlɪp
onthaal	ˈɔntɦɑːl
onthale	ˈɔntˌɦɑːlə
onthef	ˈɔntəf
ontheilig	ˈɔntəˌɦɛiləx
onthoof	ˈɔntɦoːf
onthou	ˈɔntəʊ
ontken	ontkõm
ontken	ˈɔntkən
ontkenning	ˈɔntxəˌnɪŋ
ontkenningsfase	ˈɔntkəˌnɪŋsfɑːsə
ontketen	ˈɔntkɪtən
ontklee	ˈɔntkliː
ontkleedans	ˈɔntkliːdɑns
ontkom	ˈɔntkɔm
ontleders	ˈɔntləɾs
ontleding	ˈɔntləˌdiχ
ontleed	ˈɔntliːt
ontluikende	ˈɔntlœi̯kəntə
ontmagtig	ˈɔntmɑχtəχ
ontmasker	ˈɔntmaskər
ontmoedig	ˈɔntmuədiχ
ontmoedigend	ˌɔntmuəˈdiχənt
ontmoet	ˈɔntmuət
ontmoeting	ˈɔntmui̯ŋ
ontneem	ˈɔntiːm
ontoelaatbaar	ˈɔntʊə̯ˌlɑːtˌbɑːr
ontplof	ˈɔntplɔf
ontploffing	ˈɔntplɔfɪŋ
ontploffings	ˈɔntplɔfɪŋs
ontploffingsradius	ˈɔntplɔfɪŋsˌrɑːdiʏs
ontplooi	ˈɔntplɔi̯
ontplooiing	ˈɔntplœʏəŋ
ontrekkingsimptome	ˌɔntrɛkɪŋsɪmptoːmə
ontroosbaar	ˈɔntroːsbar
ontrou	ˈɔntɾœu
ontroue	ˈɔntruə
ontrouheid	ˈɔntɾœi̯t
ontruim	ɔntrœim
ontruiming	ˈɔntɾœymɪŋ
ontsettend	ˈɔntsɛtənt
ontskeep	ˈɔntskɪəp
ontslaan	ˈɔntsɫɑːn
ontslae	ˈɔntsɫɛ
ontslag	ˈɔntsɫaχ
ontsluit	ˈɔntsɫœi̯t
ontsmettingsmiddel	ˈɔntsmɛtɪŋsmɪˌdəl
ontsnap	ˈɔntsnap
ontsnapping	ˈɔntsnɑpɪŋ
ontsnapte	ˈɔntsnapte
ontspan	ˈɔntspɑn
ontspannend	ˈɔntspanənt
ontspanning	ˈɔntspɑŋɪŋ
ontspanningsmiddel	ˈɔntspaŋɪŋsˌmɪdəl
ontspoor	ˈɔntspʊə̯r
ontstaan	ˈɔntstɑːn
ontsteker	ˈɔntstɛkər
ontstekers	ˈɔntstɛkərs
ontstekertelefoon	ˈɔntstɛkərtəlufɔːn
ontsteking	ˈɔntstɛəχɪŋ
ontstel	ˈɔntstɛl
ontsteld	ɔnstˈɛlt
ontsteld	ˈɔntstɛlt
ontstellend	ʔanstʰaːlɛnt
ontstellende	ˈɔntstɛlənde
ontsteltenis	ˈɔntstɛltənɪs
ontsyfer	ˈɔntsifər
onttrek	ˈɔnttrɛk
onttrekking	ˈɔnttrɛkɪŋ
onttroon	ˈɔnttrʊə̯n
ontug	ˈɔntʏχ
ontval	ˈɔntfɑl
ontvang	ˈɔntfɑŋ
ontvangen	ˈɔntfɑχən
ontvanger	ˈɔntfɑŋər
ontvangs	ˈɔntfɑŋs
ontvangsbewys	ˈɔntfɑŋsbəʋəs
ontvlam	ˈɔntfɫɑm
ontvlug	ˈɔntfɫʏχ
ontvoer	ˈɔntfɪr
ontvoerde	ˈɔntfuːrə
ontvoering	ˈɔntfuəriŋ
ontvolking	ˈɔntfɔlχɪŋ
ontvou	ˈɔntfu
ontvries	ˈɔntfriə̯s
ontwapen	ˈɔntfɑːpən
ontwapening	ˈɔntvɑːpəŋ
ontwater	ˈɔntfɑːtər
ontwerp	ˈɔntʁəp
ontwerpe	ˈɔntvɛrpə
ontwikkel	ˈɔntfɪkəl
ontwikkeling	ɔntˈvɪkəlɪŋ
ontwikkeling	əntfɪkəlɪŋ
ontwikkelings	ˈɔntfɪkəlɪŋs
ontwikkelingskanse	ˌɔntfɪkəlɪŋskansə
ontwil	ˈɔntʋɪl
ontwrig	ˈɔntfrəx
ontwyk	ˈɔntfʏk
ontwykend	ˈɔntfɪkənt
ontwykende	ˈɔntfʏkənde
onuitdrukbare	ˈɔnœytɹykbərə
onuitspreeklik	ɔnʊitspɹɛːklək
onuitspreeklike	ɔnʏtspɹɛːkəlɪkə
onvanpas	onfanpas
onvanpas	ɔnfanˈpɑs
onveran	ɔnvəˈrɑːn
onveranderd	ɔnvəˈrɑːndərt
onveranderlik	ˈɔnvəɾɑndəɾəɭk
onveranderlike	ɔnfəˈrɑːndərləkə
onverantwoordelik	ɔnvəɾɑntʋɔːɾəɫək
onverantwoordelikheid	ˌɔnvɛrɑntʃʋɛɾˈɛlikɦɛit
onverdedigbaar	ɔnvərdɪχˈbɑːr
onverdiend	ɔnvərdiə̃ːnt
onverdiende	ˈɔnvərdiə̯ndə
onverfynd	ɔnˈfɛrxənt
onverfynde	ˈɔnfərˌfɪnde
onvergeeflik	ˈɔnvərɣɛːflək
onvergeetlik	ˈɔnvərɣətlək
onvergelykbaar	ɔnvərχɪlˈkɑːr
onvergenoegd	ˈɔnvərɣəˌnœχt
onverhoeds	ɔnvərˈhuts
onverklaarbare	ɔnˈfərklɑːrbəɾə
onverkrygbaar	ɔnˈfərkrəi̯χbɑːr
onverligte	ɔnvɛrˈlɪχtə
onvermoeid	ˈɔnfərmœi̯t
onvermydelik	ɔnvərˈmɪɪ̯dələk
onvermydelike	ˈɔnfərmideləkə
onverskillig	ɔnvərˈskɪlɪəx
onverskilligheid	ɔnfərskələɪɣəɪ̯t
onverskoonbaar	ˌɔnfərskuːnˈbɑːr
onverstaanbaar	ɔnvərˈstɑːnbar
onvervalste	ɔnvərˈfɑlstə
onvervreembaar	ɔnˈfɛrβrɪə̯maːr
onvervreembare	ɔnˈfɛrβrɛɪ̯mbəɾə
onverwags	ɔnvərˈvɑχs
onverwagse	ɔnvərˈvɑχsə
onverwagte	ɔnvərˈχɑktə
onverwyld	ɔnfəˈrɪəlt
onvindbaar	ɔnˈfintbɑːr
onvoldoende	ˈɔnfoːlˌduɪ̯ndə
onvolledig	ɔnfoˈlədiχ
onvolmaak	ɔnfoɫˈmɑːk
onvolwasse	ɔnfoˈlɑsə
onvoorsiene	ɔnfoːrsinə
onvoorspelbaar	ɔnˈfʊə̯rspɛlbar
onvoorstelbaar	ɔnfoːrstəlˈbɑːr
onvriendelik	unfɾiːndiliːk
onwaardig	ɔnˈʋɑːrɪχ
onwaarskynlik	ɔnˈvɑːrskəɪ̯nlik
onwaarskynlike	ɔnʋɑːrskʏnlikə
onweer	ˈɔnʋɪr
onweerlegbare	ˈɔnvɪə̯rɛχbɑːrə
onweerstaanbaar	ˈɔnvˈeːrstˈɔnbɑːr
onweifelbaar	ˈɔnʋɛifəlbɑːr
onwelkom	ɔnˈʋɛlkom
onwerkbaar	ɔnvɛrˈkɑːr
onwerklike	ˈɔnvɛrklɪkə
onwetend	ɔnˈvɛtənt
onwetende	ɔnˈvɛtəndə
onwettig	ˈɔnvɛtəx
onwettige	ˈɔnvɛtəxə
oog	ʊχ
oog-grimering	ʊχˈχrimiŋ
oogbank	ʊ̞aχmɑnk
oogbroue	ʊχbrʌː
oogmerk	ʊə̯kəɹk
oogopslag	ʊə̯kɔpslɑχ
oogprobleem	ʊχprʊblɪəm
oogpunt	ʊχpʰynt
ooh	ʊ
ooievaar	poɪafɔr
ooievaar	ʊi̯fɑːr
ooit	bɔjt
ooit	ʊit
ooits	ʊts
ook	ʊk
ookal	ʊkɑl
oom	ʊm
oomblik	ʔʊmˈblɪk
oomblikke	ʔʊmˈblɪkə
oombliklik	ʊmblɪkəlɪk
oombliklike	ʔʊmbɫɪkˈlɪkə
ooms	ɔːms
oond	ʊnt
oop	ʊp
oopgaan	ʊpχɑːn
oopgebreek	ʊpχəˈbʀɛk
oopgegaan	ʊpχəgɑːn
oopgehou	ʊpχəu
oopgekap	ʊpχɑp
oopgekrap	ʊpχəˈkrɑp
oopgemaak	ʊpχəˈmɑːk
oopgesny	ʊpχsnɪ
oopkry	ʊpkəɾi
oopmaak	ʊpˈmɑːk
oopoog	ʔuːpuχ
oops	ʊps
oopskiet	ʊpskiət
oopsluit	ʔʊpslœɪt
oopstaan	ʊpˈstɑːn
oopsteek	ʔupˈstɪk
oopstel	ʊpˈstɛl
oor	ʊə̯r
oor-gelukkig	ʊəgəlʏkəx
oor-opgewondenheid	ʊəɹɔpχʋɔndənt
oorbel	kuɾβ̞al
oorbly	ʊrˈbləi
oorblyfsels	ʊəɹˈblifəls
oorblywende	ʊəɾblɪvəndə
oorbodig	ʊəɹˈbɔəɣ
oorboord	ʊə̯rˈbʊə̯rt
oorbring	ʊə̯rˈbɪŋ
oorbrug	ʊəɹˈbryχ
oord	ʊə̯rt
oordadige	ʊə̯rˈdɑiχə
oordeel	ʊəˈdiːl
oordeelsdag	ʊəɾˈdɛlsˌdɑχ
oordek	ʊəɹˈdɛk
oordink	ʊəɹdɪŋk
oordoen	ʊrˈduːn
oordosis	ʊrˈdɔsɪs
oordra	ʊrˈdraː
oordrag	uɾˈtˈraːx
oordrag	ʊrˈtrɑχ
oordragte	ʊrˈtrɑχtə
oordrewe	ˈʊə̯drəʋə
oordryf	ʊrtrɪf
ooreen	ʊəˈrin
ooreengekom	ʊəˈrɛŋkʊm
ooreenkom	ʊəˈrɪŋkʏm
ooreenkoms	guɾiɛnkons
ooreenkoms	ʊəˈrɛŋkʊms
ooreenstem	ʊəˈrɛnˌstɛm
ooreet	ʊəˈrɛt
oorerflik	ʊəɹflɪk
oorgaan	ʊə̯rɣɑːn
oorgang	ʊrχɑŋ
oorgawe	vɨrˈxɔvɪ
oorgawe	ʊrˈgɑːvə
oorgebly	ɔːrχəblɪ
oorgedoen	ʊərgəˈduːn
oorgedra	ʊərgədrɑ
oorgee	ɔːrɣeː
oorgegee	ɔːrχəɣi
oorgehaal	ɔːrɣəˈɦɑːl
oorgehou	ɔːrχəχuː
oorgekom	ʊə̯rɣəˈkʏm
oorgelaat	ʊərgəˈlɑːt
oorgelewer	ʊərgəlɪvər
oorgeloop	ʊrgəˈlup
oorgeneem	ʊrɣəˈnim
oorgeplaas	ɔːrɣəˈplɑːs
oorgesien	ɔːrɣəˈsiən
oorgeslaan	ɔːrɣəˈsɑːn
oorgesteek	ʊrgəˈstɪk
oorgetrek	ʊəgətrɛk
oorgewig	ɔːrgəviχ
oorgroei	ʊərɣrʊi
oorgroot	ʊə̯rɣroːt
oorhaal	ʊə̯rɦɑːl
oorhaastigheid	ʊə̯ˈhɑːstɪχəi̯t
oorhand	ʊə̯ˈhɑnt
oorhandig	ʊə̯ˈɦɑnətʃ
oorhet	ʊəχət
oorkant	ʊrˈkɑnt
oorkoepel	ʊrˈkʰupəl
oorkom	ʊrˈkɔm
oorlaai	ʊə̯rˈlɑːi̯
oorlaat	ʊə̯ˈlɑːt
oorlas	urlas
oorlede	ʊə̯ˈrɛdə
oorledene	ʊəɾˈlɛdənə
oorleef	ʊə̯rˈliːf
oorlegpleging	ʊə̯rˈlɛχˌplɪŋ
oorlewende	ʊə̯rˈlɪvəndə
oorlewendes	ʊə̯rˈlɛːvənəs
oorlewering	ʊə̯rˈlɪə̯rɪŋ
oorlewing	ʊə̯rˈlɪə̯ŋ
oorlewingswetenskap	ʊə̯ˌlɪə̯ŋsˌfɪə̯skəntʃ
oorlewingtegnieke	ʊə̯rˈlɪŋtəˌɣniːkə
oorlog	ʊə̯rɫɔχ
oorlogsbuit	ʊə̯rˈlɔχsˌbœy̯t
oorlogsgod	ʊəɹˈlɔχsχɔt
oorlogsperd	ʊərˈlɔχspɛrt
oorlogvoering	ʊəɹˈlɔχfœrɪŋ
oorloop	ʊə̯loːp
oorloper	ʊə̯rˈlɔpər
oorlopers	ʊəˈlopərs
oorloë	ʊə̯rˈlœː
oormore	ʊə̯ˈmɔːrə
oormôre	ʊə̯ˈmœːrə
oorname	ʊə̯rˈnɑːmə
oorneem	ʊə̯rˈnɪm
oorpak	ʊə̯rˈpɑk
oorplasing	ʊə̯rˈplɑi̯sɪŋ
oorpyn	ʊə̯r̥pən
oorreed	ʊəˈrɪə̯t
oorrompel	ʊəˈrɔmpəl
oorsaak	ʊə̯ˈsɑːk
oorsake	ʊə̯ˈsɑkə
oorsee	ʊə̯rsi
oorsien	ʊə̯rsiən
oorsig	ʊə̯rsiχ
oorskat	ʊə̯rskɑt
oorskot	ɔːrsχɔt
oorskrei	ɔːrskrɛɪ
oorskry	ɔːrskrɪ
oorskryf	ɔːrsχrɪf
oorslaan	ʊə̯sɫɑːn
oorspoel	ʊrspuːl
oorsprong	ʊrsprɔŋ
oorspronklik	ʊə̯sˈprɔŋkəlɪk
oorspronklike	ʊə̯spərŋkliːkə
oorspronklikheid	ʊə̯spərŋklɪkɦɪə̯t
oorstromings	ʊɪˈʃtɹɔmɪŋs
oorstroom	ʊə̯rˈstruːm
oorstroomde	ʊə̯rˈstruːmə
oortollige	ortolɑkkˈa
oortreder	ʊrtˈrɛːdər
oortreder-bloed	ʊrtrɛdərblʊət
oortreders	ʊrtrɛdərs
oortreding	ʊrtrədiŋ
oortredings	ʊrtrɛəŋs
oortree	uɾtria
oortree	ʊrˈtrɪə
oortref	ʊrtrɛf
oortrek	ʊrtrɛk
oortuig	ʊrˈtœiχ
oortuigend	ʊərtœiχənt
oortuiging	ʊə̯r̥tɪŋ
oortuigings	ʊrtœi̯χɪŋs
oortuigingskrag	ʊə̯rtɪŋskrɑχ
oortyd	ʊə̯rˈtɪə̯t
oorval	ʊə̯fɑl
oorvereenvoudig	ʊə̯rʋeːrɛnˈvœyɣ
oorvertel	ʊə̯rˈfɛrtəl
oorvloed	uɛrflʏp
oorvloed	ʊə̯rfluːt
oorvloedig	ʊə̯rfloːdɪχ
oorvloedige	ʊəflœiɣə
oorvol	ʊə̯fɔl
oorweeg	varvijax
oorweeg	ʊə̯rʋɪχ
oorwegings	ʊə̯rʋeɪχs
oorweldig	ʊə̯rʋɛldəx
oorweldigend	ʊə̯rʋɛlˈdiχənt
oorweldigende	ʊəɹˈvɛɾdiχə
oorwerk	ʊə̯rʋɛrʃ
oorwin	ʊə̯rʋɪn
oorwinnaar	ʊə̯rʋiˈnɑːr
oorwinning	ʊə̯rˈvɪŋ
oorwinnings	ʊə̯rʋɪŋs
oorwonne	ʊə̯rʋɔnə
oos	ʊs
oos-berlyn	usbɛrɫin
oos-berlynse	usbɛrˈlənsə
oos-duitse	usdœytsə
oos-front	usfrənt
oos-wes	uswɛs
oosfront	usfrənt
ooskus	ʊskʏs
oost-merker	ʊstˈmɛrkər
ooste	ʊstə
oostekant	ʊstəkɑnt
oostelike	ʊstələkə
oostenryk	ʊstənrɪk
oostenryker	ˈuːstəŋrɪkər
oostenrykers	ʊstənrɪkərs
oostenrykse	ˈuːstənrɪksə
oosterbaan	ʊstəˈbɑːn
oosthuizen	oːttəhˈɛsən
oosthuizen	vosˈtaɪzən
op	ɔp
op-en-af	ɔpənɑf
opbaggeren	ˈɔpbəɣərən
opbeur	ɔpˈbœr
opblaas	ɔpˈblɑːs
opblaasmatras	ɔpˈblɑːsəˌmɑːtrɑs
opbod	ɔpˈbət
opbou	pupau̯
opbou	ɔpˈbœu̯
opbreek	ɔpˈbreːk
opbrengs	ˈɔpbrɛŋs
opbring	ɔpˈbrəŋ
opdaag	ɔpˈdɑːχ
opdoen	ɔpˈduən
opdraaien	ɔpdrɑi̯ə
opdrag	ɔpˈdraχ
opdroeg	ɔpdrœχ
opdroog	ɔpdrʊχ
opdruk	ˈɔpdrʏk
ope	ʔupə
opeens	ʔuˈpɪə̯ns
opeet	ʔuˈpɛt
opeis	ʔəˈpɛis
opelugmis	ˈɔpəlʏχmɪs
open	ʊpən
openbaar	ˈɔpəˌbɑːr
openbaarmaking	ˈɔpənbaːrməkɪŋ
openbare	ˈɔpənbɑːrə
openbarend	ˈɔpənˌbɑːrənt
openbaring	ˈɔpənˌbɑːrɪŋ
openheid	ˈɔpənɦɪət
openlik	ˈʔupələk
openlike	ˈɔpənlikə
opera	ˈpɔːrɑ
operagebouw	ˈoːpəraχəˌbɔu̯
operageselskap	ˌɔpəɾaχsəlˈskɑp
operahuis	ˈoːpəˌraːɪs
operasanger	ɔpəˈreɪsɑŋər
operasie	ɔpəˈrɑːsi
operasies	ˈsɛsə
operateurs	ˌɔpəɾəˈtøːrs
opereer	ʔɔpəˈrɪə̯r
operette	ɔpəˈrɛtə
opfoeter	ɔpˈfœtər
opgaan	ɔpχɑːn
opge-eet	ɔpχiˈeːt
opge-offer	ɔpχəɔfər
opgebeur	ɔpχəβœr
opgebind	ɔpχəˈbint
opgeblaas	ɔpχəˈblɑːs
opgeblaas	ˈɔpɣəblˈaːs
opgebondel	ɔpχəˈβɔntəl
opgebou	ɔpəˈkɑu̯ə
opgebreek	ɔpχəˈbrek
opgebring	ɔpχəˈbrəŋ
opgedaag	ˈɔpχəˌdɑːχ
opgedoen	ˈɔpχəˌduə̯n
opgedra	ˈɔpχdrɑ
opgedroom	ˈɔpχdrʊə̯m
opgedruk	ˈɔpχəˌdrʏk
opgeduik	ˈɔpχəˌdyːk
opgee	ˈɔpχi
opgegaan	ˈɔpχəˌɣɑn
opgegee	ˈɔpχəɣə
opgehang	ɔpxˈɦɑŋ
opgehef	ˈɔpχəˌɦɛf
opgehoop	ɔpχəˈhup
opgehou	ɔpχəu
opgekam	ɔpχɑm
opgeklaar	ɔpχklɑːr
opgeklim	ˈɔpχəklɪm
opgelaai	ˈɔpχəˌlɑi̯
opgelei	ˈɔpχəlɛi
opgelet	ˈɔpχəlɛt
opgelewer	ɔpχəˈlɪə̯r
opgelig	ɔpχəˈlɪχ
opgelos	ˈɔpχəˌlɔs
opgemaak	ɔpχəˈmɑːk
opgemaakte	ˈɔpχəˌmɑːktə
opgemerk	ɔpχəˈmɛrk
opgemors	ɔpχəˈmɔrs
opgeneem	ɔpχəˈnɪm
opgeoffer	ˌɔpχeʊˈfɛr
opgepak	ɔpχəˈpɑk
opgepas	ˈɔpχəˌpas
opgepast	ɔpχəˈpɑst
opgepik	ɔpχəpɪk
opgepot	ɔpχəˈpɔt
opgeraak	ˈɔpχəˌrɑːk
opgerig	ˈɔpχəˌrɪχ
opgeroep	ɔpχəˈrøp
opgeruim	ˈɔpχəˌrœy̯m
opgesit	ɔpχəˈsɪt
opgeskryf	ɔpskrɪf
opgesluit	ˈɔpsklœi̯t
opgesmuk	ɔpsəsmʏk
opgesmukte	ɔpsəsmʏkə
opgesny	ɔpsənə
opgespoor	ˈɔpspʊə̯r
opgestaan	ɔpχəˈstɑːn
opgestane	ˈɔpsəˌstanə
opgestel	ɔpɣəˈstɛl
opgestook	ɔpəˈstyuk
opgestopte	ˌɔpəˈχɛtə
opgeswel	ɔpsəˈvəl
opgeteken	ɔpχəˈtɪkə
opgetel	ɔpχəˈtɛl
opgetower	ˈɔpχəˌtʊə̯r
opgetree	ɔpχəˈtrɛː
opgetrek	ɔpχəˈtrɛk
opgevaar	ɔpχəˈfɑːr
opgevat	ɔpχəˈfɑt
opgevoed	ɔpχəvuːt
opgevoede	ɔpχəˈvudə
opgevolg	ɔpχəˈfɔɫχ
opgevries	ɔpχəˈfris
opgewek	ˈɔpχɛk
opgewel	ɔpχəˈvɛl
opgewonde	opxɔvɔmde
opgewonde	ɔpχəˈvɔndə
opgewondenheid	ɔpχəˈvʊndəɦɛit
ophang	ˈɔphɑŋ
ophef	ˈɔpəf
opheffend	ˈɔpəˌfɛnt
ophou	ɔpˈɦuː
opinie	ɔpiˈniə
opinies	ˈʔɔpiˌniəs
opkap	ɔpkɑp
opklaar	ɔpkɫɑːr
opklim	ɔpkɫɪm
opknappingskursus	ɔpkəˈnɪfskʊrsʏs
opkom	ɔpkʰɔm
opkomend	ˈɔpkʊmənt
opkomendes	ˈɔpkʊməntəs
opkoms	ɔpkɔms
opkook	ɔpkʊk
opkrul	ɔpkryl
opkyk	ɔpkʏk
oplaai	ˈɔplɑi̯
oplei	ˈɔːlei
opleidigskompanie	ˌʊpləɪˈdiχskɔmˌpɑːnə
opleiding	oːplˈɛɪdən
opleiding	ˈʊpləɪdəŋ
opleidingsgroep	ˈʊplɛi̯diŋsxruːp
opleidingskamp	ˈʊplɛi̯diŋskɑmp
oplet	ɔplɛt
oplettend	ˈɔplətənt
oplettend	ˈɔplɛtənt
oplettendheid	ˈɔplɛtəntɦəɪt
oplewer	ˈɔplɛr
oplig	ɔplɪχ
oplos	ɔplɔs
oplossing	ɔplɔsɪŋ
oplossings	ˈɔplɔsɪŋs
opmaak	ˈɔpˌmɑːk
opmars	ɔpˈmɑrs
opmekaar	ɔpˈmɛkɑːr
opmerk	ɔpˈmɛrk
opmerking	opmɛrkɛng
opmerking	ˈɔpmərkɪŋ
opmerkings	ɔpˈmɛr̥kɪŋs
opmerklik	ɔpˈmɛrklək
opmerksaam	ˈɔpmərksɑːm
opmetings	ˈɔpmətɪŋs
opmors	ɔpmɔrs
opname	qʊ̞pnɔmɯ̞
opname	ˈɔpˌnɑmə
opname-sessie	ˈɔpˌnɑməˌsɛsi
opnames	ɔpˈnɑməʃ
opneem	ɔpnɛm
opneuk	ɔpnøk
opnoem	ɔpˈnum
opnuut	ɔpnʏt
opoffer	ʔɔpɔfər
opoffering	ʔɔpɔfərɪŋ
oponent	ˈɔpɔnənt
oponthoud	ˈɔpɔntˌhʌʊ̯t
oppak	ˈɔpək
oppas	ɔpˈsɑ
oppasser	ɔpˈsɑsər
opperbevel	ˈɔpərbəβɛl
opperbevelhebber	ˈɔpərbɛfəlˌɦɛbər
oppergesag	ˈɔpərɣəˌsɑχ
oppervlak	ˈɔpərflɑk
oppervlakkig	opərfˈlaːkɑx
oppervlakkig	ˈɔpərfləkəχ
oppervlakkige	ˈɔpərfləkəχə
oppervlakte	ˈɔpərflɑktə
oppik	ɔpɪk
opponeer	ˈɔpəˌnɪə̯r
opponent	ɔpˈpɔnt
opponerende	ˈɔpəpənənde
opportuniste	ˌɔpɔkʊrɪˈnɪstə
opposisie	ˈɔpsɔsi
opraak	ɔpˈrak
opreg	ɔpˈrɛχ
opregtheid	ɔpˈrɛχtəi̯t
oprigting	ˈɔprəxtɪŋ
oprit	opɾɛt
oproep	əˈprœp
oproepe	ɔpˈruːpə
oproept	ɔpˈrøpt
oproer	ˈɔːrur
opruim	ɔprœym
opry	ɔpɹi
oprys	ɔprəɪs
opsaal	ˈɔpsɑːl
opsetlik	ɔpsɛtˈlik
opsie	ɔpsɪ
opsienbarend	ˈɔpsənˌbɑːrənt
opsies	ˈɔpsɪə
opsig	ˈɔpsɪχ
opsigtelik	ˈɔpsɪktələk
opsigtelike	ˈɔpsɪktələkə
opsigter	ɒpsiqtɒˈɾ
opsigter	ˈɔpsɪχtər
opsit	ɔpsɪt
opskiet	ɔpskiət
opskrif	opskrəf
opskrif	ɔpskrɪf
opskud	ɔpskœt
opslaan	ɔpsɑːn
opsluit	ɔpslœjt
opsluiting	ˈɔpslœy̯tɪŋ
opsoek	ˈɔpsuk
opsomming	ˈɔpsɔmɪŋ
opspoor	ɔpspʊə̯r
opsporing	ɔpspɔrɪŋ
opstaan	ɔpˈstɑːn
opstand	ɔpˈstɑnt
opstandige	ˈɔpstandiχə
opstandigheid	ˌɔpstandəˈçɛɪ̯t
opstanding	ˈɔpstəŋdə
opstands-polisie	ˈɔpstantspolisə
opsteek	ɔpˈstɪk
opstel	ɔpsˈtɛl
opstoking	ˈɔpstɔkɪŋ
opstootjie	ˈɔpstoːtʃi
opstop	ɔpˈstɔp
opstyg	ɔpˈstʏχ
opsweep	ˈɔpsʋip
opsweping	ˈɔpsfɛəŋ
opsy	ɔpsi
opsê	ɔpsɛː
optel	ɔptəl
optima	ɔptima
optimis	ɔptimɪs
optimisme	ɔptimiːʃmɪ
optimisties	ɔptimiˈʃis
optof	ɔpˈtɔf
optog	ʊ̞ptʊ̞χ
optrede	obtrɪra
optrede	ˈɔptrəde
optredes	ˈɔptrɛdə
optree	ɔptrɛː
optree	ɔptɾia
optrek	ˈɔptrɛk
opus	ˈɔpʏs
opvaar	ɔpˈfɑːr
opvang	ɔpˈfɑŋ
opvatting	ˈɔpfatɪŋ
opverf	ɔpˈfɛrf
opvoed	ˈɔpfuːt
opvoeders	ˈɔpfudərs
opvoeding	ˈɔpfui̯əŋ
opvoeding	ˈɔpfˌudˌn
opvoedkundige	ˈɔpfʊə̯tˌkœŋdə
opvoedkundige	ˌɔpvoːtkʏnˈdɛχə
opvoer	ɔpfʊə̯r
opvoering	ˈɔpfrɔi̯ŋ
opvolging	ˈɔpfɔlχəŋ
opvreet	ɔpfrɪət
opwarm	ɔpˈvɑrm
opwas	ɔpˈvas
opwasbak	opfasta
opwek	ɔpˈʋɛk
opwelling	ˈɔpvəlɪŋ
opwen	ɔpˈʋɛn
opwindend	ɔpvɛndɛnt
opwindend	ɔpˈʋindənt
opwindende	ɔpˈʋəində
opwinding	ˈɔpʋəɪŋ
or	ɔː
ora	ʊra
oracle	ɔːˈrɑːkəl
oral	ɔːrəl
oraloor	ɔːɾəˈloːɾ
orals	orals
orals	ɔːrəls
oran	ɔːˈrɑːn
oranje	ɔrɑɲʒə
oranjegesindes	ɔːrɑnʒəˈɣɛsɪntəs
orde	ɔːrdə
ordening	ɔːrdəŋɪŋ
ordentlik	ˈɔrdəntlək
ordentlike	ɔrˈdɛntləkə
ordentlikheid	ˈɔrdenlɪkɦɛit
ordinêre	ɔrdiˈniːrə
ordonansie	ɔrɖɔnɑnsi
ore	uə̯ɾə
ore	ɔːrə
ore-berge	ɔːrəbɛrχə
orgaan	ɔrgaːn
organe	ɔrgɑːnə
organies	ɔrgəˈniəs
organisasie	ɔrgəniˈsasi
organiseer	ɔrgəˈnɪzə
organiseerder	ɔrgəˈniːzər
orgasme	ɔrxɔsmæn
orgasme	ɔrˈχasmə
orgidee	ɒrχˈdiˈɒ
orgie	ɔrχi
orgies	ɔrχiəs
orientasiespel	ɔːriˈɛntɑːsiəsɛl
oriente	ɔːriˈɛntə
origens	ɔrɪˈχɛns
original	ɔrɪˈʒɪəl
oriënterings	ɔːriəntəɾiŋs
orkes	ɔrˈkəs
orkes-musikante	ɔrˈkəsmʏˈsɪkəntə
orkeste	ɔrˈkɛstə
orlando	ɔrˈlɑːndə
orli	ɔɹli
orlofsky	ɔrˈlɔfski
orléans	ɔrˈlɑ̃s
ormig	ɔrmɪχ
ornamentasie	ɔrnəmentɑsi
ornamente	ɔrnəˈmentə
oronte	ɔːˈrɔntə
orrel	ɔrəl
orrel-diploma	ɔrəl-diplʊmə
orreliste	ɔrəlɪstə
orsa	ɔrsə
os	ɔs
osa	ʊsa
oseaan	ʃaʃaːn
oseaan	ˈɔsɪɑːn
oseane	ʊsəne
osha	ʊʃa
osoonlaag	pɔsuːnˈlɔx
osse	ɔsə
ossewa	aˈsɛbɑ
ost	ɔst
other	ɔːtər
otto	ɔtə
ou	ʊ
oubaas	ʊβɑːs
ouboet	ʊβʊə̯t
oud	ʊə̯t
oud-egiptiese	ʊut-ɛɪkɪtɪə
oud-nordiese	ʊətnɔrdiːsə
oudag	ʊdaχ
oudag	ʊdˈɔx
oude	ʊə̯də
ouderdom	au̯deɾðo
ouderdom	ʊdərˈdɔm
ouderdomsverskil	ˈuːdərdomsfərskɪl
ouderlingbessie	ʊdərlɪŋbɛsi
ouderlinge	ʊdərlɪŋə
oudheid	ʔudɦɪt
oudisie	ɛldisi
oudisie	ʊədiːsiə
ouditiewe	ʊdiˈtiːfɛ
oudiënsie	ʊədiənsi
oudminister	ʊdˈmɪnɪstə
ouds	ʊts
oudste	ʊə̯tʃtə
oudstryder	ʔʊə̯tˈstrɪə̯dər
oudword	ʊdˈvɛrt
oue	əʊ
ouemense	ʊəˈmɛnsə
ouens	ʔuəns
ouer	ʊə̯r
oueres	ʊə̯rɪs
ouerhuis	ʊə̯rɦœi̯s
ouerlike	ʊə̯rɪkə
ouers	ɔːrs
oues	us
ouetehuis	ʊə̯təˈɦœi̯s
ouidad	əʊiˈdɑːt
oujongkêrel	ʊɪ̯χŋkɛːrəl
oukêrel	ʊkəɾɛl
oulik	ɔʊ̯lɪk
oulike	ʊɪ̯ˈlikə
ouma	oːma
ouma	ʊma
oumagrootjie	ʊmɑχruːtʃiː
oumas	ʊə̯ˈmɑs
oumatjie	ʊmətʃi
ounooi	ʔuˈnʊi
oupa	ʊpɑ
our	ɔːr
ourselves	ɔːrsɛlvz
ousus	usʊs
out	ʊt
outentiekheid-sertifikaat	ˈuːtəntiːkɦɪətsɛrtiˈfikaːt
outeur	ʊtəʊr
outisme	ʔʊtɪsmə
outjie	ʊtʃi
outjies	ʊtʃis
outomaat	ˈuːtomaːt
outomaties	ˈuːtomatɪəs
outopsie	ʔutɔpsi
outoriteit	ˈʔʊtəɾiːt
outyds	ʔʊtʏts
outydse	ˈʔʊtʏtsə
ov	ɔf
ov-tango	ɔftɑŋgo
ovaal	afɔːl
ovari	ɔvɑri
over	ˈoːvər
overheidsagentschappen	ˈɔvərɦeɪtsəˌɣɛntʃəˌpɛn
overtroeven	ˈʔovətrœʋən
overture	ˈovərtʏr
overwinningstuin	ˈʔɔvərˌvɪŋstœɪn
ovsyanko	ˈɔfsjɑŋkoʊ
ovsyannikova	ɔfsɪɑnɪkɔfɑ
owerhede	ˈuə̯rəˌɦɛdə
owerheid	ˈuə̯rɦɛit
owerstes	ˈuə̯rstəs
oxyrinchus	ʊksəˈrɪŋkəs
ozanski	ʊzɑːnski
oë	œ
oënskynlike	ʔœnˈskəi̯nləkə
pa	fɔː
pa	pɑ
paadjie	pɑːdʒi
paai	bˈɔɪ
paaie	fˈaɪɚ
paaie	paːi
paal	paːl
paal	pɔːl
paar	paːr
paar	pɑːɾ
paarl	pˈædəl
paartjie	paːrʈi
paasfees	pɑːsˈfis
pachaca	ˈpɑχɑkə
pacino-dvd	pɑˈsinodvɛt
pad	pɑt
pad	tɑːt
pad	ˈpɑːt
padda	pada
padda	ˈpɑdə
paddastoele	ˈpɑdəstoːlə
paddatjies	ˈpɑtəʃi
padjies	pɑɟi
padua	ˈpɑːdʊə
page	paːχ
pah	paː
paige	paɪχ
pain	paɪ̯n
pak	pɑk
pakdiere	pɑkdiːrə
paket	pɑkɛt
pakhuis	pɑxˈɦœy̯s
pakistan	ˈpɑkɪˌstɑn
pakistani	ˌpɑkəˈstɑːnə
pakke	ˈpɑkə
pakket	ˈpɑkət
pakkie	ˈpɑkə
pakplek	ˈpɑkplɛk
palace	ˈpæləsi
paleis	ˈpɑːleɪ̯s
paleontologie	paːliːoːntiloxˈi
palestina	ˈpɑːləstɪnə
palet	ˈpɑːlət
paling	paːlɪŋ
palissade	ˈpɑːlɪsɑːdə
palistina	ˈpɑːlɪstɪnə
paljas	päljäs
paljas	pɐljɐs
pallallepipedum	ˈpɑləpɪpɪdʏm
palle	palə
palledans	ˈpɑləˌdɑns
palm	plam
palm	pɑlm
palmbome	ˈpɑlmbʊmə
palmer	pɑlˈmɛr
palms	pɑlms
pamela	ˈpɑːmələ
pamflet	ˈpɑmflɛt
pamflette	ˈpamflɛtə
pampoen	pampɔ̃nˈ
pampoen	ˈpɑmpun
pan	pan
pan-germanis	ˈpɑŋxərˌmɑːnis
panama	pɑnɑmɑ
panda	pɑŋdɑ
paneel	panɛːl
panga	ˈpɑŋkə
paniek	pɑˈnik
paniekbevange	pɑˈnikbɪˌfɑŋə
pankow	ˈpɑŋkɔu
pankow-monument	ˈpɑŋkɔu̯monuˈment
pankreas	ˈpɑŋkris
pannekoek	panəˈkuk
pannekoeke	ˈpɑnəˌkukə
pannekoekies	ˈpɑnəˌkœkiəs
pantheon	ˈpɑntiɔn
panther	ˈpɑntrə
pantoffels	ˈpɑntəfəls
pantser	ˈpantsər
pantserkorps	ˈpantsərˌkɔrps
pantserkrag	ˈpantsərkrɑχ
pap	pɑp
pap	tɒp
papa	pɑpɑ
papbroek	pɑːpbrʊək
papbroeke	ˈpɑːpbrʉəkə
papbroekig	pɑːpbrœkəx
papbroekigheid	pɑpˌbrœkɪkˈʰeɪt
papdruk	pɑpdrʏk
papegaai	paːpɛgaːi
papen	ˈpɑpən
papgedrink	ˈpɑpχəˌdrɪŋk
papie	pɑːpi
papier	papˈir
papier	ˈpɑːpiːr
papier-sonneblomme	pɑˈpiːr̥sɔnəˌblɔmə
papiere	ˈpɑːpiːrə
papierhoed	pɑpiːrˈɦuət
papierwerk	pɑˈpiːərʋɛrk
papili	ˈpɑːpɪli
papirusrolle	pɑpɪrʏsˈrɔlə
papnat	ˈpɑːpˌnɑːt
pappa	ˈpɑpə
pappatjie	ˈpɑpətʃi
pappegaai	ˈpɑpəɣəɦaɪ̯
pappegaaie	ˈpɑpəɣai̯ə
pappie	pɑpʰi
pappie	ˈpɑpɪ
pappili	ˈpɑpɪli
paprika	ˈpɑːprikə
paprikahoender	ˈpɑːprikɑːˌhœndər
par	paːr
paraatheid	paɾɑːthəjt
parade	ˈpɑːrɑːdə
paradeer	paraːdeːr
parades	ˈpɑːrədɪs
paradys	ˈpɑːrədɪs
paralfi	ˈpɑːrəlfi
parallelepipedum	ˌpɑrəlɛpɪˈpɛtʊm
paranoia	ˈpɑːɾənuiə
paranoïes	paɾanujs
parasiet	parasiːd
parasiete	ˈpɑːrəsiːtə
parasitisme	ˈpɑːrɑsiˌtɪsmə
pardon	pɑrˈdɔn
pare	paːrɛ
parfuum	pɔrfim
parfuum	ˈpɑːrfym
paria	ˈpɑːriə
paris	pɑˈriːs
park	paːrk
parkwachters	paɹkˈʋɑχtərs
parlement	paɹˈlɛmɛnt
parlement	pɑɾlɑmɛnt
parma	ˈpɑːrma
parmant	paːrmənt
parmantig	ˈpɑːrməntəx
parnassus	ˈpɑːrənəs
pars	pars
parsa	ˈpɑrsə
parsons	ˈpɑrsəns
part	paːrt
parted	pɑːrtət
partisane	ˈpɑːrtisɑːnə
partner	ˈpɑːtərnər
party	paːrti
party-ledekaart	paːrtilɛɪ̯kɑːrt
party-nadrawwers	paːrtiˌnɑːdrɑːvərs
party-organisasie	paːrtiɔrgənisaːsi
partye	ˈpɑːrtiə
partygroep	pɑːrtiːɣrup
partykeer	paːɾtiˈkɪə̯
partykommissie	paːɾtiˈkɔmsi
partykonferensie	ˈpɑːrtiːkʊnfərɛnsi
partykringe	ˈpɑːrtiˌkrɪŋə
partylid	ˈpɑːrtəlɪt
partymaal	paːrtimɑːl
partytjie	ˈpɑːrtiːtʃi
partytjies	ˈpɑːrtiːjəs
partyvoorsitter	paːrtiˈfœːrsɪtər
parys	paːrɪs
parys-revolusie	paːrɪsrɛvʊˈliːsi
parys-vriend	paːrɪsfrint
pas	pas
pas	pɑs
pasgebore	pɑsχbɔrə
pasient	ˈpɑsiənt
pasiënt	ˈpɑsiə̯nt
pasiënte	ˈpɑːsiə̯ntə
pasjtoe	pɑsjtoː
paslike	tɛstakɛ
paslike	ˈpɑslikə
pasop	pɑˈsɔp
paspoort	pɑspuɪrt
paspoort	ˈpɑspʊːrt
paspoorte	pɑspuːrtə
passasiers-aankondiging	ˈpɑsəsiərsˌʔɑŋkɔnˌdiχiŋ
passend	pɑsɛn
passepoil	ˈpɑseˌpɔɪ̯l
passepol	ˈpɑsəpɔl
passie	pɑsi
passievol	pˈasifˌɔl
passing	ˈpɑsɪŋ
past	ˈpɑst
pasta	ˈpɑstə
pastei	pastaj
pastei	ˈpɑːstei
pastoor	pastˈuɛr
pastoor	ˈpɑstʊə̯r
pastor	ˈpɑstər
patanegra	ˈpɑtəˌnɛχrɑ
patat	patat
pateties	pat̪jt̪is
pateties	ˈpɑːtətiəs
patience	paːˈsjəns
patient	ˈpɑːsiənt
patologiese	ˌpɑːtɔlɔˈʒiə
patos	pɑˈtɔs
patricia	ˈpɑːtrɪsiə
patrick	ˈpɑːtrɪk
patriotisme	ˈpætrɪo̯tiːsmə
patrisiërs	ˈpɑːtrisiə̯rs
patrollie	ˈpɑtrəˌli
patrollie-rapport	ˈpɑtrɔljeˌrɑpɔrt
patroon	patruan
patroon	pəˈtrʊn
patrys	ˈpɑːtrəs
paul	pɑʊ̯l
paula	paʊlə
paulo	paʊ̯loː
paulus	paʊ̯lʊs
pavel	ˈpɑːvəl
pawlusiak	ˈpɑːləsiək
pd	pɪˈdeː
pdr	pɐdr̥
pedaal	pɛˈdɑːl
pedagoog	ˈpɛdɑɣoːχ
pedrito	ˈpɛdrɪtoː
pedro	ˈpɛdrʊ
peeksma	peːksma
peer	pijɛr
peer	piːr
peer-tamaties	piːr̥təmaˈtɪəs
peet	peːt
peetdogter	peːtəˈdɔχtər
peetkind	peːtkəɪ̯nç
peetma	peːtma
peetpa	peːtpa
pegasus	ˈpɛxəs
pei	peɪ
peil	piːl
pelgrim	pɛlχrɪm
pelgrimstog	ˈpɛlχrɪmstɔχ
pelindaba	ælˈɛndɑːbɑː
pelletier	ˈpɛlətiːr
pels	pəls
pelse	ˈpəlsə
pen	penˈ
pen	pɛn
penglon	ˈpɛŋlɔn
penis	pəˈnɪs
penisillin	ˌpɛnɪsɪlɪn
penne	pɛnə
penne	pɛnˈo
pennies	ˈpɛnɪs
penning	ˈpɛnɪŋ
penningmeester	ˈpɛnɪŋˌmɪə̯stər
pens	pei̯s
pens	ˈpɛns
pensacola	pəˈnɑsəˌkɔlə
pensioen	pɛnˈsioːn
pensioen	ˈpɛnsiən
pensioene	ˈpɛnʃonə
penstreep	ˈpɛnstrɛp
pentagon	ˈpɛntəgɒn
pepe	peːpə
peper	pjɛper
peper	ˈpɛpər
peperment	ˈpɛpəment
pepermentblare	ˈpɛpərˌmentblɑːrə
pepinot	ˈpɛpɪnɔt
pepp	pep
pepperl	ˈpɛpəl
peppi	ˈpɛpɪ
per	pɛr
perd	pæɾt
perd	pɛɾt
perd	ˈpɛrt
perde	taːrda
perde	ˈpɛrdə
perdeblom	ˈpɛrdəblɔm
perdeblomme	ˈpɛrdəblɔmə
perdeby	ˈpɛrdəbi
perdekrag	pɛrðəkrox
perderegiment	pɛrdeɾegɪmənt
perdereuk	ˈpɛːrəˌrœk
perderuiters	ˈpɛrdəˌrœi̯tərs
perdevleis	ˈpɛrdəvlɪə̯s
perdry	ˈpɛrdrɪ
perestroika	ˈpɛrɛstrɔɪkə
perestrojka	ˈpɛrɛstrɔika
peretli	ˈpɛrətli
peretti	ˈpɛrɛti
perfek	pɛrfɛk
perfeksie	pɛrfɛkˈsi
perfeksionis	ˈpɛrfɛksiɔnis
perfeksionisme	pɛrfɛkˈsionɪsm
perfekte	ˈpɛrfkətə
pergasie	pɛrɣəsi
perhaps	əˈrɛps
periodieke	ˌpɛrioːˈdikə
perk	tɑrk
permanent	ˈpɛrmənənt
permanente	ˈpɛrmənɛntə
permissie	ˈpɛrmisi
permit	pəˈrɪmət
peron	ˈpɛrɒn
perron	peron
perry	ˈpɛri
pers	pɛr
pers	ˈpɛrs
perseel	ˈpɛrsəl
persent	peɾkɛnt
persentasies	ˈpɛrsəntəsi
persente	ˈpɛrsəntə
persentjie	ˈpɛrsəntjə
persiër	ˈpɛrsiər
perske	pˈaʃkˈa
persone	ˈpɛrsəne
personeel	ˈpɛrsunɛːl
personeelskwesties	ˈpɛrsunɛlskʋɛsti
persoon	peɾsuan
persoon	ˈpɛrsʊən
persoonlik	ˈpɛrsʊənlək
persoonlike	pəˈrsonləkə
persoonlikheid	ˈpɛrsʊə̯nlikɦəi̯t
perspektief	ˈpɛrspɛktif
persraad	ˈpɛrsraːt
persvryheid	ˈpɛrsfrəi̯əɪ̯t
persvryheid-ordinansie	ˈpɛrsfrɪəɪ̯dɔrdiˌnɑːnsi
persvryheids-kantoor	ˈpɛrsfriˌhedskɑnˈtʊə̯r
pervers	ˈpɛrvərs
perversie	pɛɾfɛrˈsi
pes	ˈpɛs
pessac	ˈpɛsɑk
pessimis	ˈpɛsɪmɪs
pessimisties	ˈpɛsimiˌstiəs
pet	ˈpɛt
pete	peːtə
petechiën	ˈpɛtəxɪə̯n
peter	ˈpɛtər
petersburg	ˈpɛtərzˌbʏrx
petersen	ˈpɛtərsən
peterstraat	ˈpɛtərˌstrɑːt
peterstreet	ˈpɛtərˌstrɪt
petisie	ˈpɛtsiə
petit	ˈpɛtɪt
petra	ˈpɛtrə
petri	ˈpɛtrɪ
petrol	petro
petrol	ˈpɛtrəl
petrus	ˈpɛtrʏs
pette	ˈpɛtə
petzi-deugniet	ˈpɛtsiˈdyːχnɪət
petzmacher	ˈpɛtsmɑχər
peupliers	pøɪ̯ˈliə̯rs
peuter	puːtər
pfarrkirchen	ˈfɑrçɪrən
phantom	fɑmˈtɔm
phantom-projektor	ˈfɑmtɔnpɹəˌkʃɛə̯tər
phd-kandidaat	ˈfɑkəntiˌdɑːt
philadelphia	kˌɑlədˈɛlfiə
philinte	filɪntə
philippe	filəpə
pianis	piəˈnis
pianissimo	piəˈnɪso
piazza	piɑˈsɑ
piazzetta	piɑˈsɛtə
picasso	piˈkɑso
piccoli	pɪtʃoːli
piccolo	piˈkɛloː
pick-up	pikəp
pie	piː
piek	piːk
piekniek	piːkniːk
piel	pɪl
pienk	fink
pienk	piŋk
piep	piːp
piepie	piːpiː
pierneef	pˈiɾnjɛs
pierre	piːr
pierrot	piəˈrɔt
pierway	piːɹˈvɑː
piesang	piəˈsɑŋ
piesangs	piəˈsɑŋs
piet	piːt
pieter	piːtər
pieternella	piːtərnɛla
pik	piːk
pikant	pɪkˈant
pikdonker	ˈpɪkdɔŋkər
pikketrekker	ˈpɪkətˌrɛkər
pikkewyne	pikəʋəi̯nə
pikswart	pɯ̞kswɑɾt
pil	fou˥
pil	piːl
pilare	ˈpɪləɾə
pilatus	ˈpɪlɑtəs
pille	ˈpɪlə
pilletjie	ˈpɪləˌtʃi
pineau	pɪˈnɑʊ
pinicola	ˈpɪnɪkʊlə
pink	ˈpɪŋk
pinkie	pɪŋki
pion	piːɔn
pionne	piə̯ˈnɛ
piperatus	piːpəˈratus
pippo	pipə
piramide	piɾiˈmɑːde
piramidebasis	piɾimiðəbɑsəs
piramides	piɾamidəs
piramidevorm	piɾimɑdəfɔɹm
pirjo	pirjo
pirmasens	ˈpɪrmaˌsɛns
pis	piːs
pisa	pisə
pissarro	pisɑroː
pisserig	ˈpɪsəˌrɪχ
pistole	ˈpɪstələ
pistool	piˈstʊə̯l
pistorius	ɾɛstʊɾiːəs
pit	pɪt
pitte	ˈɛɹiː
pittig	fətˈax
pizza	pitsə
pizzas	pisə
pla	plɑ
pla	plˈa
plaag	plɑːχ
plaag	plˈɑ̃x
plaas	plɑːs
plaas	plˈɑs
plaasgevind	plasɣəfˈɛnd
plaasgevind	ˈplɑːsχəˌfɪnt
plaashuis	plɑːsɪs
plaashuise	plɑːsɪs
plaaslik	plˈɑslək
plaaslike	ˈplɑːslikə
plaasmeisie	plɑːsməsiə
plaastoe	plɑːstoː
plaasvervanger	ˈplɑːsfərˌvɑnχər
plaasvind	plɑːsˈfint
plaasvind	plˈɑsfənt
place	plɑːsə
plae	plau̯
plae	plɑː
plafon	plafˈon
plak	plak
plak	plɑk
plakkate	ˈplɑkətə
plakker	ˈplɑkər
plakkerige	ˈplɑkəˌrɪχə
plan	plan
planeet	planet
planeet	planɪət
planet	planət
planete	planətə
plank	plɑŋk
planke	plankə
planne	planə
plant	plɑːnt
plant	plˈɑnt
plantasie	plantazi
plantasie	plɑːntəsi
plantasies	plɑntəsiəs
plante	plɑːntə
plantkundige	plɑntˈkœnədiχə
plas	plˈɔs
plase	plɑːsə
plase	plˈɑsə
plastiek	plˈæstɪk
plastiek	ˈplɑstikə
plasties	plastis
plastiese	ˈplɑstisə
plastiseerder	ˈplɑstiːrər
plat	blak
plat	plɑt
platanna	ˈplɑtəna
platespeler	ˈplɑːtəsplɛːr
platform	ˈplɑtfɔm
platforms	ˈplɑtfɔmz
platgeslaan	ˈplɑtsəˌlɑːn
platslaan	platslan
plattekloof	plˈatɛklˈˈuf
platteland	ˈplɑtəˌlɑnt
plattelander	ˈplɑtəlɑndər
plattelanders	ˈplɑtəˌlɑndərs
plattelandse	ˈplɑtəˌlɑntsə
platter	ˈplɑtər
playboy	plɛːboy
playing	plɛɪ̯ŋ
plaît	plɑɪ̯t
please	plɛs
pleeg	plɪχ
pleeg	plˈɪç
plegtig	ˈplɛχtəx
plegtige	ˈplɛχtiχə
pleidooi	plajt̚˨˩ow˧
pleidooie	ˈplɛi̯doːi̯
plein	plɛin
plein	plˈaɪm
pleister	plastɛr
pleisters	plɛɪ̯stərs
pleit	plɛit
pleitend	plɛi̯tənt
plek	plɛk
plek	plˈɛk
plekkaartjies	plɛkɑːrʧiːs
plekke	plɛkə
plekkies	plɛkəˈkəs
plesier	pləsiər
plesier	plˈeːsid
plesiere	ˈplɛsiəɾə
plesiertjie	ˈplɛsiə̯rʧi
plig	plɪχ
pligsgetroue	ˈplɪə̯χsχətrœʏ̯
pligte	ˈplɪχtə
ploeg	plœχ
ploeg	plˈɔx
ploeë	flˈoːə
plofbare	ˈplɔfbəɾə
plofstof	ploːfstɔf
plons	plɔns
plooie	fluːiːɐ
plooie	plʊi̯ə
plots	plɔts
plotseling	ˈplɔtsəlɪŋ
pluis	plœi̯s
pluk	plak
pluk	plʏk
plus	plʏs
plus	plˈɛz
pluto	ˈplʊtoː
plymouth	ˈplɪməθ
poche	poχə
poedel	puːdəl
poeding	pʊə̯diŋ
poeding	pˈudˈan
poeier	puəi̯ər
poeiermelk	puəi̯ɹmɛɫk
poeletjie	puːlətʃi
poep	puːp
poephol	puə̯fɔl
poepol	puːpɔl
poepolle	puːpɔlə
poets	puːts
poets	pʊts
poetse	pʊə̯tʃə
pof	pɔf
pofadder	pɒvˈɑdɑr
poging	poːχɪŋ
pogings	poːχɪŋs
point	pɔi̯nt
pointillisme	poɪ̯nˈtɪlɪsəm
pokerspeler	ˈpɔkərˌspɛlər
poland	ˈpɔlɑnt
pole	pɔlə
poleer	pʊˈlɪə̯
poligamie	ˈpɔliɣəmi
poligraaf	ˈpɔliɣraf
polisie	polisi
polisie	pɔliˈsi
polisie-storie	pəlʊsiəˈstɔːri
polisiebewaring	ˈpulisibɛˌvɑːrɪŋ
polisiekantoor	ˈpolisikɑntuːr
polisieman	ˈpɔlisiə̯ˌmɑn
polisiemanne	ˈpolisimɑnə
polisiestasie	ˈpɔlisiəstaɪ̯siə
polistes	ˈpɔːlɪstəs
politeïsme	ˈpɔliˌtɛɪ̯smə
politici	ˈpɔlɪtisi
politiek	politik
politiek	ˈpɔlitiːk
politieke	ˈpɔlitikə
polities	politis
polities	ˈpɔlitəs
politikus	ˈpɔlɪtɪkʊs
politoer	ˈpɔliˌtʊə̯r
polka	ˈpɔlka
polokwane	polokwane
polsmeter	ˈpɔlsmɪtər
polygraafkamer	ˈpɔligrafˌkɑːməɾ
polytegniek	ˈpɔlitəɣniːk
pomains	pʊˈmɑɪ̯ns
pomp	pɔmp
pomp	pˈɔ̃p
pond	poːnt
pond	punt
ponie-stertjie	ˈpʊnəˌstɛrtjə
pons	poːns
pons-bak	pɔns̪ˈbɑk
ponsbak	pɔnsbɑk
pont-l	pɔntl
pontius	ˈpɔntiʃ
ponzifraude	ˈpɔnsifraʊ̯də
poog	pʊə̯k
pooh	puː
pool	puːl
pools	puːls
poolse	puːlsə
poort	puːrt
poort	pɔɛrt
poorte	puːrtə
poot	pɔɛt
pop	pɔp
popel	ˈpɔpəl
popes	pʰɔpəs
poppie	ˈpɔpɪ
populasie	ˈpɔpʊlɑsi
populier	ˈpɔpəlɪə
por	pɔːr
porn-akteurs	ˈpɔrnɑktøːs
pornografie	ˌpɔːrnograˈfiː
pornografie-films	ˌpɔrnografiəˈfɪlms
pornografiese	ˌpɔːrnogrɑˈfisə
porsche	poːrʃə
porsches	ˈpɔrʃəs
porsies	ˈpɔrsiəs
port	pɔːrt
portaal	pɔrˈtɑːl
porter	pɔtɛr
portes	pɔrˈtɛs
portier	pɔrˈtiːr
portiere	pɔrtiːrə
porto	poːrtoː
portret	pɔrtrɛt
portret	pɔɾt̪ɾet̪
portrette	pɔrtɛtə
portugal	ˈpɔːrtəgəl
portugees	ˈpɔrtəɣəs
pos	poːs
pos	pɔs
posbus	pɔspɛs
posbus	pɔsˈbʏs
poseer	poːˈsɪr
posisie	pozisi
posisie	ˈpɔsiːsi
posisies	ˈpɔsisɪs
positief	pɔsɪtiːf
positiewe	ˈpɔsiːtiːfə
poskaart	ˈpɔskaːrt
poskantoor	polʃkantʊ̞ər
poskoets	ˈpɔskœts
posman	ˈpɔsmən
posmeester	pɔsˈmɪə̯stər
possenhofen	ˈpɔsəˌnɔfən
posseëls	ˈpɔsəls
possible	ˈpɔsɪbəl
post	poːst
poste	ˈpɔstə
posvat	poːsʋat
pot	pɔ
pot	pɔt
pote	poːtə
potensiaal	pətɛnsiˈɑːl
potjie	ˈpɔtçi
potlode	ˈpɔtləʊ̯də
potlood	pɔtˈlʊə̯t
potloodkissie	pɔtˈlʊə̯kɪsi
potomnik	pɔtɔmnik
potplant	pɔtplˈɑnt
potsdam	ˈpɔtsdɑm
potte	puta
poul	puːl
pous	pʰuə̯s
pous-foto	puːsˈfoto
pouse	puːsə
poussin	puːsɪn
poussin-meter	pʊsɪnˈmɛtər
poznańskastraat	pozɑnˈskaːnstraːt
poëties	poəˈtɪəs
praag	prɑːχ
praag-opstand	prɑːχɔːpstand
praat	prat
praat	prɑːt
praatjie	prɑːtʃi
praatjies	prɑːtʃi
prachtig	prɑχtiχ
prag	prɑχ
pragmaties	prɑχmaːtiəs
pragtig	praxta
pragtig	prɑχtiχ
pragtige	prɑχtiʒə
pragtiges	prɑχtɪχəs
pragtigste	prɑχtɪstə
prakties	praktis
prakties	prɑkˈtɪəs
praktiese	prɑkˈtɪsə
praktige	prɑktiχə
praktiseer	prɑktiˈsiːr
praktiserende	prɑktisəˈrɛndə
praktisyn	prɑktisən
praktyk	prɑkˈtʏk
prater	prɑːtər
praterig	prɑtəˈrɪχ
pray	prɛː
prayed	prɛːjət
prayer	prɑːr
prayers	prɛə̯r
pre	prə
predatore	prɛdɑtɔr
predikant	pririkant
predikatief	pɾɛjɾikatif
prediker	ˈprɛdiˌkɛr
preek	prɛk
preek	pɾijɛk
preekstoel	prɛkˈstul
preie	prɛi̯ə
prelude	prəˈlʏːdʊ
premarure	prəˈmɑːrə
prematuurtjies	prəmaˈtʊə̯rtsi
premenstruele	prəˈmɛnstrɯːlə
premier	prəˈmiːər
premiere	prəˈmiːrə
premieres	prəˈmiːrəs
premiére	prəˈmiːr
prent	prənt
prent	pɾˈɛnt
prente	prɛntə
prenteboek	prɛntəˈbuk
prentjie	prɛntʃi
prenzlauer	prɛntslɑʊ̯ər
prepare	prɛˈrɛ
pres	prɛs
present	prəˈsɛnt
presente	prɛˈsɛntə
presenteer	prəˈsɛntiːr
presentjie	prəˈsɛntʃi
presidensiële	ˌprɛsiˈdiːnsiələ
president	ˈprɛsɪˌdɛnt
presies	prəˈsiəs
presies	pɾɛsˈis
presiesheid	prəˈsiəsɦɛit
presisie	prɛsiːsi
prestasie	fɾˈɪstɑːsi
prestasie	prɛˈtɑːsiə
presteer	prɛˈstɪə̯r
pret	prɛt
pretbederwer	prɛtəbɛɾʋər
pretbederwers	prɛtbəˈdeːərvərs
pretoria	pɾiturɪa
pretorius	pɾetuɾiɛs
prettig	prɛtəx
prettiger	prəˈtɪχər
price	prɪs
priest	prist
priester	pristɛr
priester	prɪəˈstɛr
priester-astronoom	ˈpriːstəstrɔˌnʊm
priester-soldaat	prɪəˈstɛrˌsɔlˈdɑːt
priesters	prɪəˈstɛrs
prik	prɪk
prikkel	prɪkəl
prima	prɪmə
prime	prɪmə
primitiewe	ˈprimiːtɪəʋə
prince	prɪns
princess	prɪnˈsɛs
principe	prɪnˈsipə
principessa	prɪnˈtʃɛpəsa
prins	prɪns
prins	pɾɛns
prinse	prɪnsə
prinses	prənsɛs
prinses	prə̃sɛs
prinses	prɪnsəs
prinsesse	prɪnsəsə
prinsgesind	prɪnsχəsɪnt
prinsgesinde	prɪnsχəˈsɪndə
prinsgesindes	prɪnsχəsɪndəs
prinsie	prɪnsɪ
prioriteit	ˈpriːəɾiˌtɛt
prioriteite	ˈprioɾiteɪ̯tə
prioriteitsinstelling	piːriˈʊtɛitsɪnˌstɛlɪŋ
prisoner	prɪˈsɔːnər
prisonier	prɪsiˈnɪə
prisoniers	prɪsiˈnɪə̯rs
privaat	prɪˈfɑːt
privaatheid	prɪˈfɑːtɦɛit
privaatreise	prɪˈfɑːtrɛɪ̯sə
privaatsake	prɪˈfɑːtsɑːkə
privaatskool	prɪˈfɑːtskʊə̯l
private	prəˈvɑːtə
pro-demokratiese	prɔːdəmɔkʀəˈtiːsə
probeer	prɔbje
probeer	pɹuˈβɪə̯
probie	prɔbi
probleem	problem
probleem	prɔblɪəm
probleempie	pɹɔblɛmpi
problem	prɔblɛm
probleme	prɔblɛmə
producer	prəˈdʏsər
produk	pɹəˈdyk
produksie	prəˈdyksə
produkte	prəˈdʏktə
produseer	pɹoːdyˈsɪə
produsente	prɔdysəntə
proe	prʊə
proe	pɾu
proefkopie	prʊəfˈkɔpi
proeftyd	pɹʊəftɪt
proefvlucht	prʊfˈflʏxt
prof	prɔf
prof	pɹɔf
profeet	prostiːt
profeet	prɔfeːt
professie	prɔfɛˈsi
professioneel	prɔfɪsɪɔˈnɛːl
professionele	prɔfɛsi̯oˈnɛlə
professor	prɔfɛˈsɔr
professor	pɾɔfesɔr
professoraat	prɔfɛsɔːrɑːt
professore	prɔfɛsɔːr
professorskap	prɔfɛsɔrskɑp
profete	prɔfɛtə
proficiat	prɔfiˈsiat
profiel	prəʊfiəl
profyt	prɔfʏt
program	prəˈgrɑːm
programme	prəˈgrɑːmə
programmeerder	prəgrɑːməˈrɪə̯r
programmering	prɔgrameːrɪŋ
projek	prɔχɛk
projek	pɾojekt
projekte	prɔkˈʃɛktə
projekteerkamers	prɔɪ̯kˈtʃɪə̯kɑːməʃ
projektiel	prɔɪ̯ˈχɛtsəl
proklamasie	prɔkɫɑmaˈsi
prokofiev	prɔkofiɛf
prokureur	prɔkɪrœr
prokureurs	prɔkʏrœrs
proletariaat	prɔlɛtəˈrɑːt
proletariaat-saluut	prɔlɛtɑːriaːtsɑluːt
prominent	prəʊməˈrɛnt
prominente	prʊməˈnɛntə
promosie	prəˈmoʊsi
promoveer	prəʊmoːˈviːr
pronk	prɔŋk
pronkerig	trɔmkɛrˈax
pronkers	prɔŋkərs
prooi	prɔɪ̯
proost	prʊəst
propagandakampanje	ˌproːpɑɣəˈnɑkɑmˌpɑi̯nʒə
proper	prɔpər
proporsies	prɔpɔrsiəs
propvol	prɔpˈfɔl
prosa	prɔsə
prosedeer	prɔsədiːr
prosedure	prɔseɾyːr
prosedures	prɔseːˈdɜːrəs
proses	prɔsɪs
proses	pɾɔsˈɛs
prosessie	prɔsɛsi
prosit	prɔsɪt
prost	prɔst
prostitusie	prɔstitysi
prostituut	prɔstɛtid
protektoraat	prɔtɛktoɾaːt
protes	prɔtəs
protesteer	prɔtəstɪə̯r
proteïn	prəˈtɛin
protokol	prɔtoˈkɔl
proust	pɹuːst
provinsiale	prəʊvɪnsiɑːlə
provinsie	prefentsi
provinsie	prəʊvɪnsi
provinsies	prɔvɪnsis
provokasie	pɹɔvɔkɑsi
pruik	prœyk
pruikmakers	prœykˈmɑkərs
pruim	prœɪm
pruimboom	prœymˈboːm
pruimkoek	prœɪmˈkuk
pruimsop	prœymsɔp
pruis	prœi̯s
pruise	prœi̯sə
prut	prɯ̞t
prutst	prʊtst
pryk	prɪk
prys	prəɪs
pryse	prəi̯sə
prysgee	prəɪsχi
psalm	psɑlm
psalms	psɑlms
psigiater	psɪχiɑtər
psigiaters	psɪχiɑtərs
psigiatriese	psɪχiatriːsə
psigoligiese	psɪχoɫiʒiəs
psigopaat	psɪɣo̯paːt
psigopate	psɪɣo̯pate
psigose	psɪɣɔsə
pst	pʰəʃt
pu	pu
public	ˈpɪblɪk
publiek	pəblˈik
publiek	ˈpɪblɪk
publieke	ˈpɪblɪkə
publiseer	ˈpublisɪə
pueblo	ˈpɪβlo
puin	pɔjn
puin	pɪn
puisaye	pujɑjə
pulitzerprijs	ˈpʏlətsərˌprɛi̯s
puls	pʊls
pumpkin	ˈpʏmpkɪn
punt	puːnt
punt	pɛnt
punte	ˈpʊntə
puppets	ˈpɪpɪts
pur	puːr
purcell	pʏrˈsɛl
pure	puːrə
purpose	ˈpɜːrspə
pustë	pʏstə
put	puːt
putza	putsɑ
puur	puːr
puvis	puβɪs
puławy	puˈləvi
py	pə̟i̯
pyl	puːl
pyle	puːlə
pylon	piˈlɔn
pylpunte	ˈpəlpʊntə
pylreguit	puːlreɣɥit
pyn	ʃɪŋ
pynig	pɪnɪχ
pynlik	piːnlik
pynlike	pɪnləkə
pynlikhede	ʃɪnˈlikəde
pynloos	pɪnˈlus
pynstillers	ˈpəinstɪləʃ
pyp	ʃpr
pypbom	ʃpɪpˈbɔm
pype	ʃpɪpə
pyramus	ˈpəɪrəməs
pyreneë	pirəˈneː
pyrex	pɪˈrɛks
pyrotechnic	piːrotɛkniːk
pâté	pɑːˈteː
pélisson	pɛliˈsɒn
pére	peːrə
pérol	pɛˈrɔl
pêrel	farɔl
pêrel	peːrəl
pêrel	pæːrəl
pêrels	peːrəls
pölten	ˈpɔltən
quarter	kwɑːtər
quasi	ˈkwasi
quasimodo	ˈkʰwɑsiˌmoːdoː
quatuor	kwɑˈtœr
querrec	χɛrˈrɛk
quickie	χɪki
quixote	χɪˈxɔtə
qélus	χɛˈlʏs
r	χ
r-h-s-o-n	χɔsɔn
ra	χɑː
raad	ɹɑːt
raadgewer	ˈrɑːɣəˌɣɛr
raadgewers	ˈrɑːɣəˌɣɛrs
raadpleeg	ɾɑːtˈpliːχ
raadslid	raːtslɪt
raai	rai
raaisel	rˈaɪzəl
raaisel	ˈrɑɪ̯səl
raak	ɹɑːk
raakgeloop	ɹɑːkχəˈloʊp
raakgesien	ˈrɑːkχəsiən
raakgeskiet	ˈrɑːkəskit
raakgesny	ˈrɑːkəˌsnɪ
raaksien	ɹɑːkˈsiə̯n
raam	ɹɑːm
raamwerk	ɹɑːmʋɛrk
raap	ɹɑːp
raar	raːr
raarheid	ɹɑːɹɦɛit
raas	ɹɑːs
rabbedoe	ˈrɑbədʊ
rachel	ˈrɑχəl
rachin	χɪn
radar	ˈrɑːdɑr
radetzky	ˈrɑːdɛtʃki
radio	ˈraːdiʊ̯
radio-boodskap	ˈrɑːdiəˌbʊtskɑp
radio-kommunikasie	ˈraːdiʊkʏmʊnɪˌkɑːsiə
radio-luisteraars	ˈraːdiʊ̯lœysəˌrɑːrs
radio-operateur	ˈraːdiʊ̯ɔpəɾɛˌtœr
radio-patrolliemotor	ˈraːdiʊ̯pɑtɹuliemoˌtɔr
radioaktiewe	ˈrɑːdiʊ̯ɑkˌtiːfə
radioaktiwiteit	ˌraːdiʊ̯ɑktiˈwitɪt
radios	ˈrɑːdiɔs
radiostasies	ˈrɑːdiostasiəs
radium	faridʒa
radon	radu
rafinadery	ˈrɑfiːnɑːdərɪ
ragaz	ˈrɑɣɑs
rage	χaːɣə
raise	rai̯zə
raka	ˈrɑkə
raketsystemen	ˈrɑkətsɪstəˌmɪən
rakke	nɔkɛ
rakke	ˈrɑkə
rakker	ˈrɑkər
rakkers	ˈrɑkərs
rame	ˈrɑːmə
rameau	ˈrɑːmeɑʊ̯
ramirez	ˈrɑːmɪrɛs
ramirez-meisie	ˈrɑːmɪrɛsˌmɛɪ̯sə
rammel	ˈrɑməɫ
ramona	ˈrɑːməna
ramp	ɹɑmp
rampage	ˈrɑːmpɑːɣə
rampe	ˈrɑmpə
rampokker	ˈrɑmpɔkər
rampspoedig	rɑmpskʏdɑx
rampspoedig	ˈrɑmpspuːdəx
rand	ɾant̪
rand	χɑːnt
randjie	χɑːndʒi
randy	ˈrɑːndi
rang	χɑŋ
rangverlaging	ˈrɑŋfərˌlɑi̯χɪŋ
rankoff	ˈrɑŋɔf
rankplant	ɹɑːŋkplɑːnt
rantsoene	ˈrɑːntsuːnə
rantsoenkaart	ˈrɑntʃʊŋkaːrt
rantsoenkaartjies	ˈrɑntʃʊŋkɑːrtjɪs
rantsoenpak	ˈrɑːntsʊŋpɑk
raphael	ˈrɑfəɛl
raphaëlle	ˈrɑfəɪ̯ə
raport	ˈrɑːpɔrt
raporte	ˈrɑːpɔːtə
raporteer	ˈrɑːpɔːteːr
rapport	ˈrɑpɔrt
rapporteer	ˈrɑpɔrtir
rare	ɹɑːrə
ras	ˈrɑs
rasend	ɾˈɑsənt
rasend	ˈrɑsənt
rasende	ˈrɑsəntə
raserig	ˈrɑsiχrɪχ
raserny	ˈrɑsərnɪ
raster	ˈrɑstər
rat	χɑt
ratatouille	ˈrɑtɑtuj
ratse	χɑtsə
ravoux	ˈrɑːfɔɪχ
re	rə
read	ɹɛt
ready	riːdi
reageer	ˈrɑːχiːr
reaksie	ˈrɛɪ̯ksi
reaksies	ˈrɛɪ̯ksiəs
reaksionêre	ˈrɛɪkʃʊnɛːr
real	ɾeːl
realiteit	ˈrɛːlɪtɛt
reason	ˈreɪzən
rebel	ˈrɛbəl
rebelle	ˈrɛβɛlə
rebelleer	rəˈbɛləə̯r
rebellie	ˈrɛbəlɪ
rebelse	ˈrɛbəlsə
receiving	ˈrɪsɪfɪŋ
recent	ˈrɛsənt
reconciled	ˈrɛkəˌsɪəld
red	rəˈdeː
red	ɾeɪt
redaksie	ˈrɛdɑksiə
redakteur	ɪldagtiɪr
redakteur	ˈrɛdaktœr
redde	ˈrɛtə
reddende	ˈrɛdənə
redder	ˈrɛtər
redders	ˈrɛtərs
redding	rˈeɪdəŋ
redding	ˈrɛtɪŋ
reddingsaksie	ˈrɛə̯tsəŋəˌksɪə̯
reddingsbote	ˈrɛə̯tsɪŋbʊtə
reddingswerk	ˈrɛə̯tʃɪŋvɛrk
rede	rəˈdeː
redelik	ˈrɛːdələk
redelike	ˈrɛːdələkə
redenasie	ˈχɛdənəsi
redenasies	ˈχɛdənəsiəs
redeneer	ˈrɛdənəːr
redes	ˈrɛðəs
redigeer	ˈrɛdiχɛːr
redigeerkamer	ˈrɛdiχəɹkɑːməɹ
redigering	ˈrɛːdiχəŋ
reduksie	riðəksi
reeds	ɹeːts
reeks	ɹeːkʃ
reel	ɾiːl
reen	ɾeːn
refleks	ˈrɛflɛks
reflekse	ˈrɛflɛksə
refleksie	ˈrɛflɛksiə
refleksies	ˈrɛflɛksiəs
reg	ɹɛχ
regbank	ˈrɛgbɑŋk
regbanke	ɹɛχˈbɑŋkə
regdeur	ˈrɛχdœr
regeer	ˈrɛχər
regeerder	ˈrɛχərdər
regent	ˈrɛχənt
regentskap	ˈrɛχəntskɑp
regering	rɛxːiːrɛŋ
regering	ˈrɛχəˌrɪŋ
regerings	ˈχɛgərɪŋs
regeringsamptenaar	ˈrɛːχəŋsɑmptəˌnɑːr
regeringshoof	ˈrɛχəŋsɦoːf
regeringskantore	ˈrɛːχəŋskɑntɔːr
regeringswerk	ˈrɛχəŋsʋɛrk
reggekom	ˈrɛχkʏm
reggekry	ˈrɛχkəɾi
reggemaak	ˈrɛχəˌmɑːk
reggestel	ˈrɛχəstəl
regie	χeɪ
regime	ˈrɛχimə
regiment	ˈrɛχɪmənt
regimentsaanvoerder	ˈrɛχəmentsɑːnˌfuːrdər
regiseer	ˈrɛχiːr
regiseur	ˈχɪsɪr
regiseurs	ˈrɛɣisɪrs
regisseur	rəgɪsioɾ
regisseur	ˈreɪxəˌgɛs
register	ˈrɛstərɪk
registrasie	ˌrɛstʃəˈrɑːsiə
registrasiekantoor	ˌxɛstrəˈsɪəˌkɑnˌtʊr
registrateur	ˈχɛstrigʀɑːtʏr
regkom	ɹɛgkɔm
regkry	ˈrɛgkrʏ
reglemente	ˈrɛχələˌmentə
regmaak	ˈrɛχmɑːk
regmatige	χɪˈmaːtɪχə
regop	χɪp
regruk	χɪkɯk
regs	χɛs
regsaak	ˈrɛχsɑːk
regsafdeling	ˈrɛχsɑfdəlɪŋ
regsbystand	ˈrɛχsbəˌstɑnt
regses	χɪs
regsgeleerde	ˈrɛχsχəlɪːrə
regshandig	ˈrɛχsɦɑndəχ
regsien	ˈrɛχsiən
regskostes	ˈrɛgskɔstə
regspraktyk	ˈrɛχsprak̥tʏk
regsraadgewer	ˈrɛχsˌrɑːɣəˌɣɛu̯ər
regstel	ˈrɛχstəl
regte	raft̪a
regte	χɪtə
regter	χɛtər
regterarm	χɛtərɑːrm
regterhand	ˈrɛχtərˌɦɑnt
regterkant	ˈrɛχtərˌkɑnt
regters	χɪrtsərs
regtervoet	χɛtərˈfuːt
regtig	χɪtʃ
reguit	rˈaxət
reguit	ˈrɛɣœyt
regulasie	ɾiːxjlɑːsiː
reguleer	ˈχɪɾuləɾə
regverdig	ˈrɛχfərdɪχ
regverdige	ˈrɛχfərdiχə
regverdigheid	ˈrɛχfərdɪçɦɪət
reichstag	rai̯χˈtɑχ
reier	ˈrɛi̯ər
reik	ɹɛɪk
rein	ʁɛɪ̯n
reinders	ˈrɛindərs
reine	rai̯nə
reinig	ɾəi̯nɪχ
reis	rə̟i̯s
reis	ɹɛɪ̯s
reisagentskap	ˈrɛisəˌgɛntskɑp
reise	rai̯sə
reisen	ˈrɛɪ̯sən
reiser	rai̯sər
reisiger	ɾɛisɪχər
reispermit	ˈrəɪ̯spɛrmɪt
reisplan	ɹɛisplan
reisplanne	ɾeɪ̯splanə
reisrëelings	ˈrɛisrɛːlɪŋs
reisverbod	ɹɛisfəɾˈbɔt
reisverzoek	ˈrɛisvərʊk
rejoicing	rəˈhɔi̯sɪŋ
rek	ɹɛk
reken	ˈrɛkən
rekenaar	ˈrɛkənɑːr
rekenaarprogram	ˈrekənɑːrˌprɔxrɑm
rekenaarprogram	ˈrɛkənɑːrproˌgrɑːm
rekenaars	ˈrɛkənɑːrs
rekenaarspeletjie	ˈrekənɑːrˌspiəlɛkiə
rekening	ˈrɛkənɪŋ
rekeninge	ˈrɛkəŋə
rekom	ˈrɛkɔm
rekonstrueer	rəˌkɔnstruˈiːr
rekonstruksie	ˌrɛkɔnˈstrʏkˌsi
rekonstruksiewerk	ˌrɛkɔnˌstrukˈsiəʋɛrk
rekord	ˈrɛkɔrt
rekords	ˈrɛkɔrts
rekruteringsadviseur	ˌrəkrʏtəˌrɪŋsɑːfˈsɪəɹ
rektor	ˈrɛktɔr
rekursiewe	ˈrɛkʊrsiʋə
rekwisite	ˈrɛkʋiːsɪtə
relatief	rəlaːˈtifi
relatief	ɾelatif
relatiewe	ˈrɛlɑsiʋə
release	ɹiˈlɛs
relevante	relefantˈə
reliëf	ˈrɛliəf
reliëf-afdruk	ˈrɛliəfˌɑfdɹʏk
reliëfs	ˈrɛliəfs
reload	ɹiːˈloʊd
remain	rəˈmeɪ̯n
rembrandt	ˈrɛmbɹɑːnt
rembrandt-veiling	ˈrɛmbɹɑntfɛilɪŋ
remember	rɪˈmeːmbər
remy	ˈrɛmə
renaissance	ˈrɛnɑsɑ̃s
renard	ˈrɛnɑːrt
renata	ˈrɛnətə
renatka	ˈrɛnətkə
renaud	ˈrɛnɑːut
rendez-vous	ˈrɛnˌdeːvuː
rene	ˈrɛnə
renesse	ˈrɛnəsə
rengmann	ˈrɛŋman
renia	ˈrɛːniə
renoir	ˈrɛnwaɪr
renoster	rənˈɔstə
renoster	ˈrɛːnɔstə
rentia	benʃa
renwa	ɾɛnˈfɑː
renée	ˈrɪne
repay	rəˈpɑːi
repeteer	ˈrɛpətiːr
repetisie	ˈrɛpətiːsiə
repetisies	ˈrɛpətiːsiə
reporteer	rəˈpɔːrtɪə
republiek	repəblˈik
republiek	rəˈpɪblɪk
republiekeine	ˈrɛpublikəi̯nə
republiekeinse	ˌrɛpublikəi̯nˈsɛ
republiekie	ˈrɛpublikə
republikein	ˈrɛpublikəɪ̯n
republikeine	rəˈpublikəi̯nə
republikeinse	rəpublɪkɪnsə
reputasie	ˈrɛːpʊtɑːsi
res	ˈrɛs
resensie	resensi
resente	ˈrɛsəntə
resep	ɾɛsiːp
resep	ˈrɛsɛp
reserve	ˈrɛsərvə
reserves	ˈrɛsərvəs
reserwe-tenks	ˈrɛsərvəˌtɛŋks
resessie	ˈrɛsɪsi
resies	ˈrɛsiəs
resist	ˈrɛsɪst
resl	ˈrɛsl̩
respek	ˈrespɛk
respektabel	ˈrɛspɛktəbəl
respektabele	ˈrɛspɛktəbəl
respekteer	ˈresɪktɪə̯r
rest	ˈrɛst
restaurant	rɛsturant
restaurant	ˈrɛstəˌrɑːnt
restelli	ˈrɛstɛli
restock	ˈrɛstɔk
restored	ˈrɛstɔːrtə
resultaat	resultat
resultaat	ˈrəʊzələt
resultate	ˈrɛsələtɑːtə
retinas	ˈrɛtinas
retireer	ˈrɛtiːr
return	ˈrɪtɜːn
returned	ˈrɪtʃnɪt
reuk	ɹœyk
reukmonster	rəʊkˈmɔnstəɾ
reukwater	rəʊkˈʋɑːtər
reunie	ˈrœuni
reus	ries
reus	ɾøːs
reuse	ˈrɔi̯s
reuse-beer	ʁɥsˈbɪə̯r
reuse-groot	ˈrɪə̯sgɹʊət
reuse-sirkel	ˈrɛu̯sɪrkəl
reuse-wolf	ˈrɛu̯sɪfɔlf
reusepiramide	ˈrɜi̯səpirəˌmɪdə
reusepuisie	ˈrɛysəpɪsi
revolusie	rovulisʲi
revolusie	rəvəlusi
revolusiemeter	rəvəlusiəˈmɛtər
revolusionere	rəvuːliʃəneɾ
revolusionêr	rəvuːliʃuˈnɛːr
revolusionêre	rəvuːliʃuˈnɛːr
revolusionêres	rəvuːliʃuːˈnɛːrəs
revue	rəˈviː
rewolver	ˈrɛu̯vəlvər
rewolwer	rɛvɔlvɛr
reynard	ˈrɛinɑːrt
reël	rəːl
reële	ˈrɪə̯lə
reëlings	ˈrɛːlɪŋs
reëlingskomitee	ˈrɛːlɪŋskomiˌtiː
reëls	ˈrɪə̯ls
reën	ɾɛn
reënboog	rəːnˈbʊχ
reëndruppels	ˈrɪə̯ntrʏpəls
reëntjie	ˈrɛə̯ntʃi
rfk	χf
rhebok	riabok
rhine-valle	χɪnˈfɑlə
rhode	χoːdə
rhone	χoʊn
rhubarb	χuˈbɑːr
rib	ɹɪp
ribbes	ˈrɪbəs
ribbetjie	ˈrɪbətʃi
ribbetjies	ˈrɪbətʃis
ricardo	ˈrɪkɑrdoʊ
riccio	χɪo
richard	ɹɪˈxɑːrt
ricky	ˈrɪkə
ricoeur	ˈriːkœr
ridder	ˈrɪdər
ridderlike	ˈrɪdəlikə
ridders	ˈrɪdəʃ
ridderskap	ˈrɪdəskɑp
ridderwoord	ˈrɪdəvɔːrt
rie	riː
riem	rim
riesenhuber	riːsənhʊbər
riet	riːət
riet-snit	riːtsnɪt
riete	riːtə
riete-kap	riːtəˈkɑp
rieux	riːɯks
rif	ɹif
rifrughond	rəfɾəxhˈumd
rig	χɪ
right	raɪχt
rigting	ˈrɪŋkə
rigtings	χiˈtəŋs
rijdt	fajt
rijn	ɹəi̯n
riketsia	ˈrɪkətsiə
riller	χɪlə
rilling	ɾalˈem
rimpel	ɹɪmpəl
rimpels	ɹɪmˈpəls
ring	ɹɪŋ
ringe	ɹiŋə
rinieri	ˈriniəri
riole	riːɔlə
riool	riʊ̯ɔːl
rioolgate	riːugɑːtə
rioolslote	riːu̯lsɔtə
riooltonnels	riʊ̯l̪ton̪əls
rioolwatersuiweringsinstallasie	riʊ̯ɔːlʋɑːtsɪʊ̯əɾɪŋzɪnstɑːlɑːsi
rise	ɹiːs
risick	ˈrɪsɪk
risiko	risikɨ
risiko	ˈrisiko
risikos	ˈrisikɔs
riskant	rɛskant
riskant	ˈrɪskənt
rit	rt̪
rit	ɹɪt
ritme	rɛtmæ
ritme	ɹəitmə
ritmeesters	ˈrɪtməˌʃɪsts
rits	ɾɛts
ritsel	ɹɪtsəl
ritssluiter	ˈrɪtslœi̯tər
ritueel	ˈrituəl
rituele	ˈriːtʃulə
rivier	rafiːr
rivier	ˈriːfər
rivier-af	ˈriːfərˌɑːf
riviere	ˈriːfjəʁə
riviergodinne	ˈriːviərgoːdiːnə
riyad	rijat
ro	roː
roads	roːs
roanne	ruːəne
rob	rɔp
rob	ɹɔp
robbins	ˈrɔbəns
robert	rɔbɛɾt
robert	ˈrɔbɛrt
robrecht	ˈrɔːbəχtə
robynrooi	ˈrɔβənrɔi̯
rocca	χɔkə
rochelais	ˈrɔχlɛɪ̯s
rochelle	ruˈxɛlə
rockville	χɔkfɪlə
rocligon	ˈrɔsχɪɔn
roebel	ˈrœʊbəl
roei	ruːi
roeispaan	ruə̯i̯s̪pɑːn
roeispan	ruə̯i̯s̪pɑn
roekeloos	ˈrʊkəlʊs
roekeloosheid	ˈrʊkəlʊsχɛit
roekelose	ˈrœkəlusə
roem	rum
roep	ruːp
roepstem	rʏpstˈøːm
roer	ruːr
roer	ruːv
roerend	ruːrɛnt
roerende	ruːrɛndə
roerloos	ruːɹloːs
roes	ruːs
roes	ɾʊs
roeselare	ruːsəlɑːrə
roessing	ˈrøːsɪŋ
roesyn-woud	ruːsɪnˈʋʌu̯t
roete	ruːtə
roetes	ruːtəs
roetine	ruːtinə
roetine-prent	ruːtinəˈprɛnt
rof	χɔf
rogier	roːχiɛr
roguin	χuɪn
rok	roʊk
rokeer	ˈrʊkər
rokke	ɹɔkə
rokkie	ˈrɔkə
rokkies	ˈrɔkɪə
rol	ɹɔːl
rolf	ɹɔlf
roll	ɹɔl
rolle	rolə
rollend	ˈrɔlənt
rolletje	ɹɔləcə
rolletjie	χɔlɛtʃi
rolletjies	ˈrɔləcɪə
rollins	ɹɔlɪns
rolls	ɹɔlə
rolprent	proprɛnˈ
rolskaats	ɹɔlsχɑːts
rolskaatse	ɹɔlsˈkɑːtsə
rolstoel	ɹɔlˈstul
romain	roʊˈmɑɪn
roman	ˈrɔːmɑn
romans	ˈrɔːmans
romanse	ˈrɔːmansə
romanties	ˈrɔːməntiəs
rombertus	ˈrɔmbɛrtəs
rome	ruːmə
romeense	ˈrʊməɪ̯nsə
romeins	ˈrʊməɪns
romene	ˈrʊməne
romeo	ˈrʊməʊ
romerig	ˈrʊməˌrɪχ
rommel	ˈrɔməɫ
rommelgrawers	ˈrɔməgrɑːvərs
rommelhope	ˈrɔməloʊpə
rommelmandjies	ˈrɔməˌmɑndʒis
romp	ɹɔmp
rond	ɹɔnt
rondbeweeg	ɹɔntˈbɪʋɪχ
ronddra	ɾɔntdraː
ronddwaal	ɾɔntˈdʋaːl
ronde	ˈrɔndə
rondgedartel	ɹɔndχəˈdɑːrtəl
rondgeloop	ɹɔntχəloʊp
rondgesnuffel	ɹɔndxəˈsnʏfəl
rondgespeel	ɹɔntxəˈspɪəl
rondgestoot	ɹɔntxəˈstoːt
rondgestuur	ɹɔndχəˈstyːr
rondgevoeter	ˈrɔntχəˌfœtər
rondgooi	ˈrɔntxɔi̯
rondhang	ɾɔndˈɦɑŋ
ronding	ˈrɔndɪŋ
rondkyk	ɹɔntʃɪk
rondloop	ɾɔndloʊp
rondloper	ˈrɔndlɔpər
rondom	ɾɔnˈdɔm
rondreis	ɾɔntˈrɛis
rondreisende	ˈrɔntrɛizənde
rondsluip	ɾɔntsɫœp
rondsnuffel	ɹɔnsnʏfəl
rondsnuffelend	ɹɔnsnʏfələnt
rondstap	ɹɔntˈstɑp
rondstuur	ɹɔntˈstyːr
rondte	ɹɔntə
rondtes	ɹɔntəs
rondvladder	ɹɔntfɫɑtər
rondvlieg	ɹɔntfliχ
rondwys	ɹɔntfəs
roof	ruːf
roof	ʒˈɛf
rooftog	ruːftɔχ
rooftogte	ruːftɔχtə
rooi	ruːi
rooibos	roibos
rooibruin	ruːi̯bɾœi̯n
rooie	ruːi
rooies	ruːi̯s
rooiheuwel	ruːi̯ɦœu̯əl
rooikaart	ruːi̯kɑːχt
rooiwyn	ruːiʋəɪn
rook	ruːk
rookbreek	ruːkbrɛk
rookie	ruːki
room	ruːm
roomys	ruːməs
roos	ruːs
rooskettings	ruːskəˈtɪŋs
rooskleurig	ruːsklœi̯rɪχ
rooster	ruːstə
roosterbroodjies	ruːstərbrʊədiːs
rooswater	ɹoːsˈvɑːtər
rootkit	ɹʊtkit
rorchar	roːχɑr
rosa	roʃa
rosalinde	ˈrɔsəˌlində
rose	ruːsə
rose-wolke	ruːsəvolkə
rosekrans	ˈrʊsəˌkrɑns
rosekranse	ˈrɔsəˌkrɑːnsə
rosie	ruːsi
ross	ɹɔs
rossouw	prɨsau̯
rosyne	ˈrɔsənə
rosé	roʊˈsɛ
rot	χɔt
roterende	ˈrɔːtərɛndə
rotgesig	χɔtsɪχ
rotneste	χɔtˈnɛstə
rots	χɔts
rotsblokke	ɹɔtsˈblɔkə
rotse	χɔtsə
rotspilare	ˈrɔtspɪlərə
rotswand	ɹɔtsˈvɑnt
rotte	χɔtə
rottebloed	ˈrɔtəblʊə̯t
rottegif	χɔtəɣɪf
rotten	ˈrɔtən
rottenmeier	ˈrɔtəˌmiːr
rotterdam	ˈrɔttrɛtɑm
rotvanger	χɔtˈfɑŋər
rotzak	ɹɔtˈsɑk
rotzooit	ˈrɔtsɔit
rou	ruː
rouge	ruːχə
rougin	ruːχɪn
rouklere	ruːkləɾə
roulette	ruːlɛt
roussel	ruːsəl
roux	ruːχ
rower	ruːə
rowers	ruːəʃ
rowery	rugrai̯
rowwe	rovɛ
rowwe	ruːə
royal	ruːəl
royce	ruːi̯sə
rroof	χʊf
rss	ɹəʃ
rubber	ˈrʏbər
rubbertjies	ˈrʏpɛrtjis
rubens	ˈrɪbəns
rubinstein	ˈrʏbɪnʃtɛɪ̯n
rubriek	ˈrɪbriəx
rudolph	ˈrʌdɔlʍ
rudolstadt	ˈrudoːlstɑt
rudolstadt-toring	ˈrudoɫʃtɑːtˌtoːrɪŋ
ruft	ɹʏft
rug	χʊ
rugby	ɾakbi
rugdekking	χʊgdɛkɪŋ
rugkrapper	χrʌkˈrɑpər
rugpyn	χʁʏpən
rugsak	χʊsɑk
rugsakke	ˈrɜχsɑkə
rugsteker	χʊsˈtɛkər
ruik	ɹœi̯k
ruiker	ˈrœi̯kər
ruikertjie	ɹœy̯kəɹtʃi
ruil	ɾœy̯l
ruim	ɹœy̯m
ruimte	ɹœimtə
ruimtereis	ɾœymtəɾɛis
ruimtereise	ɾœymtəˈɾɛisə
ruimtes	ɹœimtəs
ruimtetuig	rəʊ̯mptəɪ̯tʏχ
ruines	ˈɾœi̯nəs
ruit	ruːɪt
ruiter	ˈrœy̯tər
ruiterlik	ˈrœi̯tərlik
ruiters	ɹœy̯ˈtɛrs
ruiz	ɾœi̯s
ruk	χʊk
rukie	ˈrɪkə
rukkie	χi
rum	rum
rumatiek	ˈrʌmətiək
rumoerig	ˈrʌməɾəx
run	χʊn
runt	χʊnt
rus	røs
rus	χʊs
rusbank	røʃpɑŋk
rusbank	ˈrʌsbɑŋk
rushing	χʊʃɪŋ
rusie	prɪsʲi
rusie	ˈrʊsiə
rusies	ˈrʏsi̯s
ruskansie	ˈrʊskɑnsi
rusland	ˈrɪslɑnt
ruspe	respɛ
ruspe-nes	ˈrʌspəˌnɛs
ruspes	ˈrʌspəs
rusplek	ˈrʌsplɛk
ruspouse	ˈrʌspʊs
russe	ˈrʌsə
russies	ˈrœsɪə
russiese	ˈrʏsiə
rusteloos	ˈrʌstəloːs
rustiek	ˈrʏstəʔ
rustieke	ˈrʏstəkə
rustig	prɛstɑ
rustig	ˈrʏstəx
rustige	ˈrʏstiχə
rustigheid	ˈrʏstɪχət
rustyd	ˈrʌstɪt
ruyter	ˈrœy̯tər
ruïne	ɹɥiːnə
ruïneer	ˈrœi̯inəːr
ruïnes	ˈrœi̯nəs
ry	rai
ry	rə
rybewys	rəˈβɛis
rye	rai̯
ryg	χɪ
ryk	ɹəʊk
rykdom	ɹəi̯kˈdɔm
ryke	ɹiːkə
rykeliker	ˈrəkələkər
ryker	rəˈkɛr
rykes	ɹəi̯kəs
rykskanselier	ɹəɪ̯kskɑnsɛliə
ryksmaarskalk	ɹəχsmaːɹskɑɫk
ryksminister	ɹəɪksmɪnɪstə
rykste	ɹəikstə
rykswag	ɹəik̟svaχ
rym	rəʊm
ryno	rjna
ryp	rəp
ryper	rəpər
rys	rə̟i̯s
rys	ɹəɪ̯s
rysiu	ɹəi̯siʊ̯
ryspoeding	ɹəspʊəiŋ
rystoel	ˈristeːl
ryszard	ˈrɪsjɑːrt
rytuig	rəˈtœiχ
ré	ʁeː
rëel	ɹɛːl
rëeling	ˈrɪə̯lɪŋ
rëels	ɹɪəls
rëen	rəɪ̯n
rëenpadda	ˈrɪə̯npada
rössl	roːsl̩
rössl-eienaar	ˈrœsəlˌʃɪnɑːr
rössl-gasvrou	ˈrœsəlˌxɑsfrœu
rössl-sop	ˈrœsəlˌsɔp
rûe	rɛ
s	s
s	ə
s-eye	əˈsi
s-z-n-d-c	sɛndə
sa	sɑ
saad	sɑːt
saadlobbe	sɑːdˈlɔbə
saag	sˈɔ
saai	sɑːi
saai	sɔːiː
saaie	saːi
saak	sɑːk
saakmaak	ˈsɑːkˌmɑːk
saal	sau
saal	sɑːl
saale	ˈsɑːlə
saale-rivier	ˈsɑːləˌriːfɪr
saam	saːm
saam	sɔm
saambly	sɑːmbli
saambring	sɑːmbɹəŋ
saameet	ˈsɑːməːt
saamgaan	ˈsɑːmχɑːn
saamgebring	ˈsɑːmχəˌbrəŋ
saamgee	ˈsɑːmχi
saamgekom	ˈsɑːmχʊkʏm
saamgeloop	ˈsɑːmχəˌlup
saamgeneem	ˈsɑːmχəˌniːm
saamgeroep	sɑːmχəˈrøːp
saamgeslaap	ˈsɑːmχəˌslɑːp
saamgesmelt	sɑːmχəsmɛlt
saamgespeel	sɑːmχəspɪə̯l
saamgestaan	ˈsɑːmχəˌstɑːn
saamgevat	ˈsɑːmχəvɑt
saamgevoeg	ˈsɑːmχəˌfuə
saamgewerk	sɑːmɣɛrg
saamgewoon	ˈsɑːmχəʊn
saamhou	ˈsɑːmɦuː
saamkoek	ˈsɑːmˌkuk
saamkom	ˈsɑːmkɔm
saamloop	ˈsɑːmloʊp
saamneem	sɑːmˈnim
saamroep	ˈsɑːməruːp
saamry	sɑːmri
saamsing	ˈsɑːmsɪŋ
saamspan	ˈsɑːmspɑn
saamspeel	sɑːmspeːl
saamstaan	ˈsɑːmstɑːn
saamstem	ˈsɑːmstɛm
saamvat	sɑːmˈfɑt
saamvlieg	ˈsɑːmvliχ
saamvoeg	ˈsɑːmvuχ
saamvoel	ˈsɑːmfuəl
saamvoer	ˈsɑːmfoːr
saamwees	ˈsɑːmʋeːs
saamwerk	ˈsɑːmʋɛrk
saans	sɑːns
saans	sɒnˈs
sabel	ˈsɑːbəl
sabelveg	ˈsɑːbəlvɛχ
sabine	ˈsɑβiːnə
sabotasie	ˌsɑβotɑˈsi
saboteer	sɑβotɪə
sabrina	ˈsɑːβriːnə
sacks	ˈsɑkə
sadis	ˈsɑːdis
sae	sɔː
sag	säχ
sag	sɐχ
sag	sɑχ
sag	sˈa
sag-ruisend	ˈsɑχˌrœy̯sənt
saga	ˈsɑχə
sage	ˈsɑχə
saggies	ˈsɑɣiəs
sagmoedig	ˈsɑxˌmuədiχ
sagte	ˈsɑχtə
sagtebal	ˈsɑχtəbɑl
sagter	ˈsɑχtər
sagteware	saxtevˈɑrə
sahara	ˈsɑːɦɑːɾə
said	sɛi̯
saint	θɛɪnt
saint-gilles	θeɪntχɪlə
saint-paul	sɛntˈpɑːl
sak	sɑk
sakdoek	saktɔk
sakdoek	ˈsɑkduːk
sake	ˈsɑkə
sakelui	ˈsɑkəlɪu̯i
sakeman	sɔkɛmon
sakemanne	ˈsɑkəˌmɑnə
sakewêreld	ˈsɑkəˌvɛːɾəlt
sakgeld	ˈsɑkχɛlt
sakia	ˈsɑːkiə
sakie	ˈsɑːkɪə
sakies	ˈsɑkəs
sakke	ˈsɑkə
sakkies	ˈsɑkɪə
sakse	ˈsɑksə
sakse-weimar	ˈsɑksəʋɪmɑr
saksers	ˈsɑksərs
sal	sau
sal	sɑl
salamie	ˈsɑləmi
salaris	seloras
salaris	ˈsɑləri
salato	ˈsɑːlɑːtoː
salerno	ˈsɑːləɾnoʊ
salf	sˈɑlf
salie	ˈsɑːliə
salig	ˈsɑːlək
saligheid	ˈsɑːlɪχtʰəɦt
salisbury	ˈsɑːlɪzbʁi
salomo	ˈsɑːlɔːmo
salomos	ˈsɑloːmos
salon	ˈsɑːlɔn
salueer	ˈsɑːlɥeːr
saluut	ˈsɑluːt
salvador	ˈsɑlvaðɔːr
salzburg-nockerl	ˈsɑlsbʏrtˌnɔkəl
salzburger	ˈsɑltsbʏrgər
salzkammergut	ˈsɑltskɑməχɯt
samara	ˈsamaɾə
samarium	sa˩˥maːrjɛm
sambreel	sɑmbɾiov
sambreel	ˈsɑmbrɪəl
sambrele	ˈsɑmbrəle
same	ˈsɑːmə
samekomste	ˈsɑːməkɔmstə
samelewing	ˈsɑːməˌleːəŋ
sameloop	ˈsɑːməˌlʊp
samesprekings	ˈsɑːməˌsprɛkɪŋs
samestelling	ˈsɑːməˌstɛlɪŋ
samesweerders	ˈsɑməˌsʋɪə̯rtsərs
sameswering	ˈsɑməˌsʋɛːrɪŋ
samesyn	ˈsɑːməˌsən
sametrekkings	ˈsɑːmətrɛkɪŋs
samewerking	ˈsɑːməˌvɛrˌkɪŋ
samhain	ˈsɑːmɦɑɪn
sampioene	ˈsɑmpjonə
samurai	ˈsɑːmərɑɪ
san	sɑn
sanatorium	ˌsɑnətəˈrɔːmʊr
sand	sɑːnt
sandale	ˈsɑndələ
sandbed	ˈsɑːntbɛt
sander	ˈsɑːndər
sandkorrels	ˈsɑntkɔrəls
sandra	ˈsɑːndrə
sandstorm	ˈsɑːntstɔrm
sang	sɑŋ
sanger	sʌŋɪɾ
sanger	ˈsɑŋər
sangeres	ˈsɑŋəˌrɛs
sangers	ˈsɑŋərs
sanggroep	ˈsɑŋχruːp
sanitasie	ˈsɑnɪtɑsiə
saoedi-arabië	ˈsɑu̯diɑrɑˌbiə
sap	sɑp
sapporo	ˈsɑpəroʊ
sara	ˈsɑːrə
sarabande	ˈsɑrəˌbɑndə
sarabandes	ˈsɑːrəˌbɑːntəs
sarabi	ˈsɑːrɑːbi
saracenen	ˈsɑːrəˌsenə
sarah	ˈsɑːrə
sardines	ˈsɑːrdiːnəs
sardyn	ˈsɑːrdən
sarkasties	ˈsɑrkəstiəs
sarkofaag	ˈsɑrkoˌfɑːχ
sarkofage	ˈsɑrkoˌfɑχə
sarrazin	ˈsɑrəsɪn
sas	sɑs
sasha	ˈsɑʃə
saskatchewan	ˌsæskəˈtʃwɑːn
saskatoon	ˈsɑskətʊn
saskia	ˈsɑskiə
satan	ˈsɑtan
satanies	ˈsɑtaniəs
sataniese	ˈsɑtaniɛsə
satelliet	ˈsɑtəlɪət
satellietbereik	ˈsɑtəlɪətbɪˌrai̯k
satellietskottel	sɑtəˈliːtsˌskɔtəl
saterdag	ˈsɑtərdɑχ
saterdagmôre	ˈsɑtərˌdɑχˌmœːrə
saterdagnag	ˈsɑtərdənɑχ
satisfaksie	ˈsɑtisfɑksi
saturnus	satɜnɪs
sauerkraut	ˈsɔːrkrɑʊ̯t
sauna	ˈsɑːʊnə
save	sɑːβe
saviour	ˈsɑːviːr
savoie	ˈsɑːvwa
saw	sɑː
saxers	ˈsɑkərs
say	sɛː
scaffone	skafɔnə
scala	skɑlə
scan	skæn
scania	ʃəˈniə
scarlite	skɑːrˈlɪtə
schaaz	ʃɑːs
schabowski	ʃɑβoʊski
schadetaxaties	ʃɑːdətɑːksiə
schafberg	ʃɑfˈbɛrx
schafberg-alm	ʃɑfˈbɛrχɑlm
schaffhausen	ʃɑfˈɦɑʊ̯sən
schaffhausen-register	ʃɑfˈɦɑusənˌrɛstə
schaffhausen-val	ʃɑfˈɦɑʊ̯sənfɑl
scheisze	ʃɛɪ̯sə
schepen	ʃəpən
scherer	ʃəˈrɛr
scherf	ʃɛrf
scherfvest	ʃɛrfˈfɛst
scherpschutter	ʃɛrpsʃʏtər
schietstoel	ʃitˈstul
schiller	ʃɪləɾ
schillers	ʃɪləʁs
schlegel	ʃlɛχəl
schlendrian	ʃlɛndriɑn
schliefer	ʃlɪfər
schlieter	ʃliːtər
schmidt	ʃmɪt
schmidt-ott	ʃmɪtˈɔt
schminger	ʃmɪŋər
schmund	ʃmʊnt
schnapps	ʃnaps
schnaps	ʃnɑps
schouw	ʃʊəʊ
schrott	ʃrɔt
schubert	ʃʏbɛrt
schuiladres	ʃœyləˈdrɛs
schultz	ʃʊlts
schulze	ʃultsə
schumann	ʃʏˈman
schuss	ʃʏs
schwalber	ʃvalbə
schwarz	ʃʊrts
schwarzburg	ʃʋaɹbʏrs
schwarzenstein	ʃʋɑrtsənʃtain
schwenke	ʃʋɛŋkə
schwerdtlein	ʃʋɛɾtləi̯n
schönbrunn	ʃœnˈbrœn
schönbrunn-maskerbal	ʃœnbrʏnˈmaskərbɑl
science	ʃiˈsɛns
scilt	skəlt
sciuto	ʃiˈuːtoː
scouts	skʊts
scrabble	skrɑbəl
scudéry	skʏˈdeːri
scythe	skɪəθ
se	sə
se	sˈa
seal	ʃɛːl
searched	ʃɪrˈkɛtʃ
seats	ʃits
sebastian	ˈsɛβɑsjɑn
sebra	sʲebra
secnav	ˈsɛknaf
sed	sɛt
sedert	sedərt
sedert	ˈsɛdɐrt
sedertdien	ˈsɛdɐrdiən
see	siː
see	sʲiːɛ
see-schlösschen	siːˈʃlœsəχən
see-terras	sɪtɛrɑs
see-uitsig	ʃiːˈœtsɪχ
seebodem	ˈsibɔdəm
seeburger	ˈsibʏrχər
seeheld	ʃiːˈɦɛlt
seehond	fiːrˈuːn
seek	sɪk
seekat	sɪˈkɑt
seekoei	sʲikvaj
seeliger	ˈsɛːliχər
seelui	ˈsɛːlœi
seemag	ˈsɪə̯mɑχ
seeman	sieman
seeman	ˈsɪːmɑːn
seemanne	ˈsɪmɑnə
seems	sɪm
seen	ʃiːn
seep	siːp
seep	tʃip
seepsteentjies	ʃiːpˈstɛntʃis
seer	sijɛr
seer	ʃɪr
seereis	ˈsɪːrəɪ̯s
seergekry	ʃɪrˈχrʏ
seergemaak	ˈsɪə̯rɣəˌmɑːk
seerkry	ʃɪrˈkrɪ
seermaak	ʃɪrˈmɑːk
seerowers	ʃiːˈrɔə̯sərs
seeslae	siːslɑː
seesoldate	ˈsisɔldətə
seesout	sɪsʊt
seestraat	ˈsɛə̯straːt
seewater	ˈsɪvɐtər
seewier	ˈsɛəʋiːr
sege	sˈiɾə
sege	ˈsɛχə
segerstedt	ˈsɛχərˌstɛt
segovia	ˈsɛɣoʊviə
seguin	ˈsɛɣʊə̯n
seidlitz	ˈsɛɪ̯dɪtʃ
seiichiro	sei̯χiɾo
seil	sajl
seil	ʃɛɪ̯l
seilboot	ʃɛlˈbʊt
seile	ˈsɛilə
seiljag	ˈsɛilχɑχ
seiltjie	ʃɛilˈtʃiə
sein	ʃɛɪ̯n
seine	ʃiːnə
seiners	ˈsɛinəɾs
seinvlae	ʃəɪ̯nˈflɑː
seinvlag	ʃeɪ̯nflɑχ
seisoen	ˈsɛi̯sʊən
seisoene	ˈsɛi̯sʊə̯nə
seisoenverandering	ˈsɛi̯sʊə̯nvəˌrɑːndɪŋ
seize-anes	ˈsɛi̯zəˌnɛs
seker	sʲekɛr
seker	ˈsɛkər
sekere	ˈsɛkəɾə
sekergemaak	ˈsɛkərgəˌmɑːk
sekerheid	ˈsɛkərˌɦɪə̯t
sekerlik	ˈsɛkəˌrək
sekermaak	ˈsɛkəˌmɑːk
sekondant	ˈsɛkɔntant
sekondante	sɛkɔnˈdɑːntə
sekonde	sekundə
sekonde	ˈsɛkʊndə
sekondes	ˈsɛkɔndəs
sekondêr	ˈsɛkɔndɛr
sekretaresse	sekrɛtɛrjsjɛ
sekretaresse	ˈsɛkrətərɛsə
sekretaris	sekɾetoras
sekretaris	ˈsɛkrətɑːris
sekretaris-generaal	ˌsɛkrəˈtɑːrisʃənˌɦeːnərɑːl
seks	sɛks
sekstant	siksˈtant
sekte	ˈsɛktə
sektor	ˈsɛktər
sekuriteit	ˈsɛkʊrɪtɛt
sekuriteitskameras	ˌsɛkʊriˌtɛitskɑˌmɛrɑs
sekuur	sɐkɪr
sekuur	ˈsɛkʰʊə̯r
sekwestreer	ˈsɛkʋɛstreːr
sel	sɛl
selde	ˈsɛldə
seldsame	ˈsɛldsɑmə
self	self
self	sˈɛlf
self-moorde	selfmʊɹdə
self-portret	selfpɔrˈtrɛt
selfbedrog	selfbɛdrɔχ
selfbeeld	self-buːlt
selfbeeld	selfbɛlt
selfbejammering	selfbɪˈχɑməˌrɪŋ
selfbewus	selfbɛu̯s
selfde	selfde
selfgekose	selfxəˈkɔsə
selfkastyding	selfkastɪə̯diŋ
selfmoord	selfmʊːrt
selfmoorde	selfmɔːrdə
selfmoordmissie	selfmuːrtmisə
selfmoordpoging	selfmʊːrtpɔəχ
selfmoordsenrum	selfmuːrtsənrʏm
selfmoordsentrum	selfmuːrtsəntʁ̥
selfone	selfɔnə
selfoon	ˈsɛlfʊn
selfoonlaaier	ˈsɛlfʊənˌlaːiər
selfopoffering	ˈsɛlfɔpɔfərɪŋ
selfrespekterende	selfrespɛktəˈrɛndə
selfs	sɛlfs
selfstandige	selfˈstɑndɪχə
selfstandigheid	selfˈstɑntəɪχtʰəɪ̯t
selfsug	selfsʏx
selfsugtig	ˈsɛlfsʏxtəχ
selfsugtigheid	ˈsɛlfsʏçtəχdɪəx
selftevrede	selftəˈvredə
selfverdediging	selfvərdiˈdiχiŋ
selfvertroue	selffɹətrʊə
selfvoldaan	selfˈfɔːlˌdɑːn
selfvoldane	selfˈfɔldənə
selim	ˈsɛlɪm
selle	ˈsɛlə
semenov	ˈsɛmənoʊf
sement	ˈsɛmənt
semester	ˈsɛməstər
semiete	ˈsɛːmiːtə
semionov	ˈsɛːmiə̯nɔf
semitiese	ˈsɛːmitiəs
semper	ˈsɛmpər
senator	senatʊɾ
senator	ˈsɛnəˌtɔr
send	sɛnt
sending	ˈsɛŋdɪŋ
senior	ˈsɛnɪər
senioriteit	ˌsɛnjəɾiˈɛi̯tə
sens	sɛns
sensasie	ˈsɛnsasi
sensational	ˌsɛnsəˈʃɔnəl
sensitief	sensɛtɪf
sensitief	ˈsɛnsiˌtiːf
sensitiewe	ˈsɛnsiətiʋə
sensitive	ˈsɛntəˌviːtɪ
sensualiteit	ˈsɛnsuɑlit
sensus	sɛnsˈus
sent	sɛnt
sent	sˈɛnt
sente	ˈsɛntə
senter	ˈsɛntər
sentiment	ˈsɛntəˌmɛnt
sentimeter	sɛntimetɛr
sentimeter	ˈsɛntimɛtər
sentrafuge	ˈsɛntrafɪkə
sentrale	ˈsɛntrəle
sentrum	ˈsɛntrym
senu	ˈsɛnu
senuagtig	ˈsɛnʊəχtəx
senulyer	ˈsɛnʏlɪə
senuwee-ineenstorting	ˈsɛnuəˌʔinˌstɔrtɪŋ
senuweeagtig	ˈsɛnuə̯χɑxtəx
senuwees	ˈsɛnuə̯s
sepies	ˈsɛpəs
seppie	ˈsɛpɪ
seppl	sepəl
september	sɛmpɛmbɛr
september	ˈsɛptɛmbər
septiese	ˈsɛptisə
sepulveda	ˈsɛpʊlvəda
serebrale	ˈsɛrəbɹələ
seremonie	ˈsɛːrəˌmui
seremoniemeester	ˈsɛːrəmoniːmɛːstə
seremonies	ˈsɛːrəˌmui̯s
seremoniële	ˈsɛːrəmoniːlə
serge	ˈsɛrχə
sergey	ˈsɛrχi
serie	ˈsɛriə
sering	ˈsɛrɪŋ
serp	sar
serp	sɛrp
sers	ʃɛrs
sersant	ˈsɛrsɐnt
sertifikaat	sɐɾtifikat
serum	ˈsɛːrəm
server	ˈsɛrvər
servetring	ˈsɛrβətrɪŋ
servette	ˈsɛrfɛtə
ses	sɛs
sesde	sɛsdə
sesemann	ˈsɛsəman
sesemann-huis	ˈsɛsəmanˌɦœy̯s
sesemanns	ˈsɛsəˌmans
seshoek	sˈesˈuk
sessie	ˈsɛsiə
sessies	ˈsɛsiəs
sestien	sɛstɪn
sestig	sɛstə
sestig	ˈsɛstəχ
seun	sœyn
seun	sɯn
seun	sˈiən
seuns	sjens
seuns	søns
seunsklere	sɪunsˈklɛrə
seuntjie	seøŋki
seuntjie	ˈsœntʃiə
seuntjies	ˈsœntjɪə
seurat	sɨəˈrɑt
sewe	ˈsɛvə
sewende	zˈivəndə
sewentien	ˈsɛvənˌtiən
seweuur	ˈsɛvəˌuːr
sexappeal	ˈsɛkəpɪl
sexy	ˈsɛksi
seël	sˈio
seëls	siːl̩s
seën	ˈsɛən
seëvier	ˈsɛi̯fɪr
señor	ˈsɛnjɔr
sfeer	sfɪːr
sfeer	sfˈeɪɚ
sg	əˈsɪ
sg	χ
shakarji	ʃɑkɑrʒi
shakespeare	ʃɛɪkspiːr
shall	ʃɑl
shamayim	ʃɑˈmajɪm
she	ʃeː
sherer	ʃəˈrɛr
sheva	ʃɛva
shh	ʃ
shhh	ʃ
shin	ʃɪn
shines	ʃiːnəs
shit	ʃɪt
shlomo	ʃlomo
shmeil	ʃmɛɪ̯l
shoe	ʃuː
shoguns	ʃoˈχuns
shop	ʃɔp
short	ʃɔːrt
should	ʃuːld
shouldn	ʃʊdən
shouldst	ʃuːlst
show	ʃuː
shubina	ʃʊβiˈna
sibelius	ˈsɪbəlɪʊs
siberië	ˈsipəˌriə
siciliane	ˈsɪsiliəne
sicilië	ˈsɪsəliə
sidder	sɪdər
siedler	siədlə
sieg	siχ
siegler	sigələr
siek	sik
siek	siːk
sieke	siːkə
siekeboeg	siːkəbuːχ
siekes	siːkəs
siekte	siktɛ
siekte	sikə
siektes	siːkəts
siel	siu˥˧
siel	siəl
sieland	siəlɑːnt
sieldodende	ʃiːlˈdɔdənə
siele	siə́lə
sielerus	ˈsiəlɛrys
sielkundige	siəlˈkœŋdiχə
siemens	siəˈməns
sien	siən
sien	sˈiŋ
siende	siːənde
siening	siəˈniŋ
siens	siəns
sierlik	siɛrˈlik
sierlik	siːrɫɯk
sierlike	siːɾˈlikə
sies	siəs
siestog	siəstoχ
sieter	siːtər
sif	sɪf
sif	sˈœf
sifilis	ˈsifɪlis
sig	sɪχ
sigaar	ˈsigɑːr
sigare	ˈsɪχəɾə
sigaret	sjxɑɾɾiːt
sigaret	ˈsɪχəˌrɛt
sigarette	ˈsɪχəˌrɛtə
sigbaar	ˈsɪɣbɑːr
sigeuner	ˈsiχəʊnər
sigeunerlewe	ˈsɪχʊnərləʋə
sigeuners	ˈsɪχʊnərs
sigge	sɪχə
sighoeke	siːˈɦukə
sigi	ˈsɪxi
sigismund	ˈsɪɣismʊnt
sign	sɪn
signaal	ˈsɪɲal
signeren	ˈsɪɣəˌrɛn
signore	sɪɲoːrə
sigrid	ˈsɪχrɪt
sigself	sɪχsɛlf
siklus	siːkləs
siklusse	sɪkˈlœsə
sikofant	sikufont
silancium	ˈsɪlənsiəm
silber	ˈsɪlbər
silber-vent	ˈsɪlbərˌfɛnt
silence	ˈsiləns
silikon	silikone
silinder	sɪˈlɪndəɹ
sillabusse	ˈsɪlɑβəsə
silwer	sɯlvɛr
silwer	ˈsɪlvər
silwer-medaljehouer	ˈsɪlvərˌmɛdɑlɪˌɦœʏ̯r
silwerbekers	ˈsɪlvərbɛkərs
silwerskoon	ˈsɪlvərskuːn
silwerware	ˈsɪlvərvɑːrə
simbaal	ˈsɪmbaːl
simbole	ˈsɪmbələ
simbolies	ˈsɪmbəlɪə
simbool	semˈbul
simbool	ˈsɪmbʊəɫ
simfonie	ˈsɪmfəni
simmetriese	ˈsɪmətrisə
simonnin	ˈsiməˌnɪn
simonsig	simonsˈɛv
simpatie	ˈsɪmpəti
simpatiek	sɛmpatːɪk
simpatiek	ˈsɪmpətiəx
simpatieke	ˈsɪmpətikə
simpel	ˈsɪmpəl
simposium	ˈsɪmpəsɪəʊ
simptoom	ˈsɪmptoːm
sin	sen
sin	sɪn
sindroom	ˈsɪndroːm
sing	sœ˥˩ŋ˨˩˦
sing	sɪŋ
singende	ˈsɪŋəntə
singer	ˈsɪŋər
sings	sɪŋs
singulariteit	ˈsɪŋgələritɛt
sinies	ˈsiniəs
sinister	ˈsɪnɪstər
sink	sɛnˈf
sink	ʃɪŋk
sinloos	ˈsɪnlus
sinne	sɪnə
sinneloos	ˈsɪnəˌlʊə̯s
sinnelose	ˈsɪnəlʊsə
sinnetjie	ˈsɪnətʃi
sinoniem	sɪˈnɔːm
sinspeel	sˌɛnspˈiɭ
sint-denys-westrem	ˈsəntdənəɪsˈwestrɛm
sintuie	ˈsɪntuɪə
sintuig	ˈsɪntœiχ
sinuskroeg	sɪnʊskrøːχ
sinvol	sɪnˈfɔl
sinvolle	sɪnˈfɔlə
sinvols	ˈsɪnfoːls
sip	sɪp
sipier	ˈsipɪr
sir	ʃɪr
sire	siːrə
sirene	ˈsɪriːnə
sirië	ˈsəɾiə
sirkel	sɪrˈkəl
sirkel	tsɤrˈkɑl
sirkels	sɪrˈkəls
sirkelsaag	ˈsɪrklsɑːχ
sirkelvormig	sɛrpəlvormax
sirkulasie	ˈsɪrkulazi
sirkuleer	ˈsɪrkulɪə̯r
sirkus	sɪrˈkʊs
sisi	sisi
sissi	ˈsɪsi
sissie	ˈsɪsi
sissitjie	ˈsɪsiˌtʃiə
sisteem	ˈsistim
sisteem-lamsak	ˈsistimˌlɑmsɑk
sistematiek	sˌɔstəmatˈik
sistematies	ˈsɪsəˌmɑːtsiə
sister-in-law	ˈsɪstəɪnˌlɑː
sit	sɛt
sit	sɪt
site	sɪtə
siter	ˈsɪtər
sitkamer	sɪtˈkɑːməɾ
sitplek	sɪtˈplɛk
sitpleklys	sɪtˈplɛklys
sitting	ˈsɪtɪŋ
situasie	sɪtuɑːsi
situasies	ˈsɪtuəsi
sitvlak	sɪtˈfɫɑk
siviele	ˈsɪfɪlə
siwczyk	ˈsiftʃək
siwwe	sɪvə
six	sɪks
sjampanje	ʃɑmˈpɑi̯ŋə
sjampanje-orlofsky	ʃɑmpɑɲʒɔrɫɔfski
sjampanjeglase	ʃɑmpɑɲiχɛglɑsə
sjampoo	ʃɑmˈpuː
sjappi	ʃɑpi
sjappie	ʃɑpi
sjarmant	ʃɑrmɑnt
sjarmante	ʃɑːrmɑːntə
sjarmantste	ʃɑrmɑntstə
sjarme	ʃɑrmə
sjef	ʃˈɛf
sjerrie	ʃɛri
sjieling	ʃiə́lɪŋ
sjielings	ʃiəˈlɪŋs
sjina	ʃtʃn
sjinees	ʃiːnɪs
sjinese	ʃiˈnisə
sjirurg	ʃɪˈrœrχ
sjjt	ʃɪt
sjoe	ʃuː
sjokolade	ʃɔkʊˈlɑːdə
sjokoladekoek	ʃɔkʊlɑːdekuək
skaak	skɑːk
skaak-geval	skɑːkχfɑːl
skaakklub	skɑːkklʏp
skaakmat	skɑːkˈmɑt
skaakstel	skɑːkˈstɛl
skaal	skɑːl
skaal	skˈɔl
skaam	skɑːm
skaamte	skɑːmte
skaamteloos	skɑːmˈtɛluːs
skaamtelose	skɑːmˈtɛloːsə
skaap	skaːp
skaap	skɑːp
skaapwagter	skɑːpˈvɑχtər
skaars	skɑʃ
skaars	skɑːrs
skaarser	skɑːrsər
skaatse	skɑːtsə
skade	skɑːdə
skadelik	skɑːdəlɪk
skadelike	skɑːdəlɪkə
skadeloos	skadəˈlus
skadu	skəˈdy
skadu	sˈɔdi
skadu-grys	skɑdyˈχrəs
skadus	skɑˈdyːs
skaduwee	skorilia
skaduwee	skəˈdyfɪ
skag	ska
skakel	skɑkəl
skakel	skˈɑkəl
skakelaar	skɑkəˈlɑːr
skakeloffisier	skɑkəlɔfɪsiːr
skakeloffisiere	skɑkəlɔfisiːrə
skakerings	skɑkəˈrɪŋs
skal	skɑl
skamele	skɑːməle
skandaal	skɑnˈdɑːl
skandale	skɑndɑlə
skandalig	skɑnˈdɑliχ
skandalige	skɑnˈdɑliχə
skande	skande
skande	zkandər
skandelik	skɑːndəlɪk
skandelike	skɑːndəlɪkə
skandpaal	skɑːntpɑːl
skape	skɑːpə
skare	skora
skare	skɑːrə
skare	skɑːɾə
skat	skat
skat	skɑt
skater	skɑtər
skatjie	skɑtʃi
skatkis	skɑtˈkɪs
skatryk	skɑtryk
skatte	skɑtə
skattie	skəˈtiː
skatting	skɑtɪŋ
skedel	skɛdəl
skedelafmetings	ˈskɛːdəlɑfməˌtɪŋs
skedelbeen	skɛdəlˈbin
skedels	skɛdəls
skedule	skɛdʏlə
skedules	skɛdʏlə
skeef	sgˈef
skeef	skɪə́f
skeefgeloop	skɪə́fχəˌluːp
skeefloop	skɪəflup
skeel	skil
skeel	skɪə̯l
skeel-oog	skɪəlʊχ
skeepskaptein	skjɛpskaptaɪm
skeepswerf	ʃikfərf
skeepswrakke	ʃikəfsrɑkə
skeer	sieːr
skeer	ʃɪə̯r
skeermes	skijermis
skeermesse	skɪərmɛsə
skei	skiː
skei	skˈaj
skeiding	skɛi̯diŋ
skeisaak	skɛi̯sɑːk
skel	skɛl
skellery	skɛləri
skelm	skalm
skelm	skɛlm
skelmpie	skɛlmpi
skelmpies	skɛlmpiəs
skelms	skɛlms
skelmvriendin	skɛlmfriəntin
skelwoorde	skɛlʋʊə̯rde
skemer	skimɛr
skemer	skəˈmɛr
skend	skɛnt
skenk	skɛŋk
skenk	skˈɪŋk
skep	skɛp
skep	skˈɪp
skepe	skɛpə
skepper	skɛpər
skepping	skɛpɪŋ
skepsel	skɛpsəl
skepsels	skɛpəls
skepties	skɛpˈtɪəs
skerf	skarf
skerf	skɛ̞ɾf
skerm	skɛrm
skerm-lesse	skɛrmˈlɛsə
skerms	skɛrmz
skerp	skar
skerp	ʃɛrʁ
skerpskieters	skɛrpskiːtərs
skerpskutters	skɛrpskʏtərs
skerptand-vrou	skɛrptɑːntfruː
skerts	skɛrts
skerts	skˈats
skerwe	skɛrʋə
skete	skɛtə
sketse	skɛtsə
skeur	skɪr
skeur	sqˈiɾ
skewe	skɪə̯
ski	skiː
ski-hyser	skiːˈɦisər
ski-plank	skiplɑŋk
ski-sprong	skiˈsprɔŋ
skielik	skɪə̯lik
skielik	zkʲiɫek
skielike	skɪəˈlɪkə
skiereiland	skiːrɑjˈlɑnt
skiet	skip
skiet	skiːt
skietbaan	skit̪bɑːn
skieter	skiːtər
skietery	skiːtərɪ
skietstilstand	skiːtstɪlstand
skietwond	skiːtwɔnt
skik	skɪk
skikking	skak̚ˈŋ
skikking	skɪkɪŋ
skil	skəl
skild	skɪlt
skild	skˈɑt
skilder	skɪldər
skilder-vriende	skɪldərfriːə̯nə
skilders	skɪldərs
skilderwerk	skɪldɛrvɛrʃ
skildery	skɪldəɾi
skildery-ontleding	skɪldəɾəʊntlədɪŋ
skilderye	skɪldərɪə
skildklier	skəɪldkliːr
skilpad	skɪlˈpɑt
skilpaddop	skɪlpɑˈdɔp
skimmel	skəmeːl
skimp	skəmp
skimp	skɪmp
skinder	skɪndɛr
skink	skɪŋk
skinkbord	skankpɔːt
skinkbord	skɪŋkˈbɔrt
skip	skɪp
skip	sˈɛp
skitterend	skɪtəˈrɛnt
skitterende	skɪtəˈrɛndə
skobbejak	skɔbɪɑk
skobbejakke	skɔbɪɑkə
skocznia	skɔtsiə
skoen	skʊən
skoenborsels	skʊə̯bɔrʃəls
skoene	skuːna
skoene	skʊəne
skoengrootte	skʊəŋroːtə
skoenlapper	skʊənˈlɑpər
skoenlappervlerke	skʊənˈlɑpərflɛrkə
skoenmaat	skʊə̯ˈmɑːt
skoenmaker	skʊə̃məˈkɑːr
skoenmakers	skʊə̃məˌkɛtsər
skoennemaat	skʊə̃nəˈmɑːt
skoentjies	skʊəntʃis
skoert	skɵrt
skof	skɔf
skof	skˈɔf
skok	skok
skok	skɔk
skokke	ʃɔkə
skokkend	skɔkənt
skole	skɔlə
skolier	skɔliə̯r
skoliere	skɔliːrə
skommel	skɔməɫ
skone	skʊə̯nə
skoner	skɔnər
skool	skuɫ
skool	skʊə̯l
skool-uitstappie	skɔːlˈœi̯tstɑpi
skoolbus	skʊːlbʏs
skoolgaan	skʊɐ̯lχɑːn
skoolhoof	skʊə̯lɦʊə̯f
skoolhoof	ˈskuəlɦʊəf
skoolkind	skʊə̯lçɪŋ
skoolmaat	skʊːlˈmɑːt
skoolopleiding	skʊɐ̯lɔpˈlɛi̯əŋ
skoolregulasies	skʊəɾɪɣʊˈlɑsiəs
skoolrëels	skʊəlrɪə̯ls
skooltas	skʊəltɑs
skooltoe	skʊə̯l̪tʊə̯
skoolvriend	skʊəlfrint
skoolwerk	skʊə̯ɫʋɛrk
skoon	skuən
skoon	skʊə̯n
skoondogter	skʊə̯ndɔχtər
skoongemaak	skʊŋχəˈmɑːk
skoonhede	skʊə̯nˈhɛdə
skoonheid	skuɔnhˈajt
skoonheid	skʊə̯nˈɦɪət
skoonma	skʊːnmaː
skoonma	sˈaˈ�lma
skoonmaak	skuːnmɔk
skoonmaak	skʊə̯nˈmɑːk
skoonmaak-behandeling	skʊnˈmɑːkbəˌhɑːndəlɪŋ
skoonmaakmaatskappy	skʊə̯n̪mɑːk̟mɑːtsχɑpə
skoonmaakster	skʊə̯nˈmɑːkstər
skoonmaakwerk	skʊə̯nˌmɑːkˈvɛrɪk
skoonmaker	skʊə̯ŋˈmɑːkər
skoonmakers	skʊnˈmɑkərs
skoonmamma	skʊə̃mama
skoonmoeder	skuːmʊːdər
skoonpa	skʊə̯npaː
skoonpappa	skʊə̃pɑpə
skoonseun	skoːnsɛn
skoonsuster	skʊnsʊstə
skoor	skuə̯ɾ
skoot	skʊt
skoot	zkuit
skoothondjie	skʊtˈhɔndʒi
skop	skop
skop	skɔp
skoppensheer	skɔpənˈʃiːr
skopskoen	skɔpˈskœn
skor	skoɾ
skorsing	skɔrsɪŋ
skort	skuɾt
skot	skɔt
skote	skɔtə
skotland	skɔlˈtənt
skotse	skɔtsə
skottel	skɔtəl
skottelgoed	skɔtəlˈχʊə̯t
skottels	skɔtəls
skotteltjie	skɔtəɫtʃi
skou	sgau
skouer	skabɯ̞r
skouer	ʃkur
skouers	ʃʊərs
skouspel	skəuspɛl
skowwe	skˈova
skraal	skrɔɫ
skraalgeklede	skɹɑːlχəklɛdə
skraap	skrɑːp
skrander	skrɑːndər
skrape	skɹɑːpə
skrapie	skɑpɪ
skree	skriː
skreeu	skriːu
skreeu	skrɛɛ
skreeuend	skriːənt
skrif	skrɪf
skrif	skrˈɛf
skrifontleder	skrɪfɔntˈlɛːdər
skrifte	skrɪftə
skrifte	skrˈefta
skriftelike	skrɪftəlikə
skrik	skrək
skrik	skrɪk
skrikgemaak	skrɪkχəˈmɑːk
skrikkeljare	skrɪkəljɑːrə
skrikwekkend	skrɪkˈvɛkənt
skrikwekkende	skrɪkˈvɛkəntə
skrille	skrɪlə
skripsie	skɹɪpsi
skritelik	skɹiːtələk
skrobbering	skrɔbəriŋ
skroef	skrœf
skroef	skrˈuf
skroei	skrɛvji
skroewedraaier	skrʊədraɪər
skroom	skrum
skrop	skɔp
skryf	skreɪf
skryf	skrəif
skryf	skrɪf
skryfbord	skrɪfˈbɔrt
skryfkuns	skrɪfˈkʰœns
skryfpapier	skrɪfˈpɑːpiər
skryfster	skrɪfsʈɛr
skryfstyl	skrɪfsˈtʏl
skryftafel	skrɪftɑfəl
skryfwerk	skrɪfvɛrk
skrynwerker	skrɪnˈvɛrkər
skrynwerkers	skrɪnʋɛrˈkɛrs
skrywe	skrəi̯və
skrywende	skrɪvəndə
skrywer	skrɪvər
skrywer-handskrif	skrəi̯fərˈhantskrɪf
skrywers	skrɪvərs
skrywery	skrɪvərɪ
skrywes	skrɪfəs
skubbe	skʊbə
skud	skʊt
skud	skʌt
skudo	skʊdoː
skudos	skʊˈdos
skugter	skʏçtər
skuif	skœi̯f
skuif	skɛjf
skuil	skuːl
skuiling	skuːləŋ
skuilings	skœilɪŋs
skuilname	skuːlnɑːmə
skuilplek	skœyl̪ˈplɛk
skuim	skœym
skuimende	skœymɛndə
skuimpies	skœimpiəs
skuins	skʰɪns
skuinsstrepe	skɥinsˈtrɛpə
skuinste	skɥiːnstə
skuit	skuʲt
skuiwe	skɥiːf
skuld	sku̞lt
skuld	skʊlt
skuldbelydenis	skʊldbɛi̯ˈdiːnəs
skuldbewys	skʊldbɛʊ̯s
skuldgevoel	skʊldχəˈvɪəl
skuldig	skʏχəlɪ
skuldig	skˈɔldɜ
skuldige	skʊlˈdiχə
skuldiges	skʊldɪχəs
skulp	skˈɔl
skulpvis	skʊlpfɪs
skure	skʊrə
skurf	skəɾf
skurf	skˈɾf
skurk	skɤrk
skurk	skʊrg
skurke	skʊrkə
skusos	skʊsɔs
skut	skʊt
skuur	skyr
skuur	skʊə̯r
skuwings	skuɪŋs
skyf	skif
skyfie	skiːfi
skyfies	skiːfəs
skyn	skəɪn
skynbaar	skəɪ̯nˈbɑːr
skyngevegte	skəiŋˈgɛftə
skynheiliges	skəi̯nˈɦɪləxəs
skynsel	skəɪ̯nsəl
skyt	skəjt
skêr	skar
skêr	skɛːr
skêr	skɛ̞ːɾ
slaaf	slɑːf
slaaf	slˈɑf
slaag	slɑːχ
slaag	slˈɑh
slaai	slaɪ
slaaivurk	slɑːi̯fʊrk
slaan	slɑːn
slaan	slˈɔn
slaap	slaːp
slaap	slɑːp
slaap	slˈɑp
slaapbank	slɑːpˈbɑŋk
slaapkamer	slɑːpˈkɑːməɾ
slaapkamer	slˈɑpkˈomər
slaapkamers	slɑːp̚kɑːməʃ
slaapklere	slɑːpklɛːrə
slaapkop	slɑːpkɔp
slaapkwartiere	slɑːpˈkʋɑːrtirə
slaapliedjies	slɑːpˈliːəʃ
slaaploosheid	slɑːploːshəi̯t
slaaploses	slɑːpˈlʊəs
slaappil	slɑːpɪl
slaappille	slɑːpɪlə
slaapterapie	ˈslɑːptəˌriːpi
slaaptyd	slɑːptɪt
slaapwandelaars	slɑːpvɑːndəlɑːrs
slabberaan	ˈslabəɾan
slae	slɑː
slag	slɑχ
slag	slˈax
slaggie	slɑχi
slaghuis	slɑχɦœy̯s
slagoffer	ˈslɑːχufər
slagoffer-geld	ˈslɑːχoːfərχɛlt
slagoffers	ˈslaχɔfərs
slagspreuk	slɑχsprœyk
slagter	slɑχtər
slagters	slɑχtərs
slagting	slɑχtɪŋ
slagveld	slɑχfɛlt
slagysters	ˈslaχiˌstɛrs
slak	slˈɑk
slanery	ˈslɑːnərɪ
slang	slɑŋ
slang	slˈɑn
slange	ʃlɑŋə
slank	slɑŋk
slap	slɑp
slapeloos	ˈslapəlʊə̯s
slapeloosheid	ˈslapəlʊshət
slapeloses	ˈslɑpələs
slapende	ˈslɑːpəntə
slapendes	ˈslapəntəs
slaperig	slɑpəˈrɪχ
slaperig	sɫɔpɛra
slapertjie	ˈslɑːpərtʃi
slapheid	slɑpˈɦɛit
slapie	slɑpiə
slapnekke	slɑpˈnɛkə
slave	slɑːβe
slavin	slɑβin
slawe	slɑːvə
slawedrywer	slɑːvɛdrɪvər
slawehandelaar	slɑːvəˈhɑːndəlɑːr
slawerny	slɑːvərni
slawiese	ˈslɑːvisə
slawiërs	slɑːviə̯rs
slee	sriː
sleep	slɛp
sleeping	slɛːpɪŋ
sleeps	slɪəps
sleeptong	slɪə́ptɔŋ
sleg	slɛχ
sleg	tsla
sleggerig	slɛχəˈrɪχ
sleggesind	ˈsɫɛχəsɪnt
slegs	sklɪχs
slegs	slˈɛxz
slegste	slɛχstə
slegte	slɛχtə
slegter	slɛχtər
slenter	slintɛr
slenter	slɛntər
slet	slɛt
slette	slɛtə
sleur	slˈɪr
sleutel	sløːtəl
sleutelb	sløːtəlp
sleutelgat	sløːtəlxat
sleutelposisie	sløjˈtɛlpɔˈsisi
sleutelrol	sløːtəlrɔl
sleutels	sløːtəls
sleuteltjie	slœy̯təlcə
sleë	sliːɐ
slibowitz	slɪβʊts
slim	slɪm
slim	sɫɛm
slimmer	slɪmə
slimste	slɪmstə
slinger	ˈslɪŋər
slivovitz	slɪvɔvɪts
sloep	slʊəp
sloepe	slʊəpə
slofjes	slɔfjəs
sloof	slʊf
slook	slʊk
sloop	slˈuːap
sloot	slûɔ̯t
sloot	slʊt
slopemmer	ˈsloːpəˌmər
sloping	ˈslɔpɪŋ
slordig	slurðɑx
slordig	ˈslɔːrdiχ
slordige	ˈslɔːrdiχə
slordigheid	ˈslɔrdiχt
slot	slot
slot	slɔt
slote	slʊtə
slotsom	slɔtsɔm
slotte	slɔtə
slottoneel	ˈsɫɔtəˌnɪl
slu	slˈi
sluier	slœi̯ər
sluip	slʏp
sluipmoord	slʏɪpˈmʊːrt
sluipmoordenaar	slʏɪpmuːrɔːnɑːr
sluipmoordpoging	slʏɪpˈmœːrtˌpʊəχɪŋ
sluit	slœi̯t
sluit	slˈʌt
sluitmeganisme	slœytməganiːsmə
sluk	slʏk
sluk	slˈɑk
slukkie	slʏkə
slukkies	slʏkɪə
slurp	slʏrp
slym	sləm
slymerige	slʏməˈrɪχə
slyp	slɪp
slypskool	sleɪpskuːl
smaak	smak
smaak	smaːk
smaaklik	smaːklɪk
smaaklike	zmɑːkˈlikə
smaaklose	zmɑːkˈlɔsə
smaakvol	smɑːkfˈʊl
smag	smaːχ
smal	smɔːl
smal	zmɑl
smaller	zmɑːlə
smarag	ˈsmɑːrɑχ
smart	zmɑːrt
smash	zmɑʃ
smede	smire
smeek	zmɛk
smeer	smiːr
smeer	zmɪə̯
smeer-alkohol	zmɪəɹɑlˈkɔɦɔl
smelt	smˈɛlf
smelt	zmɛlt
smerige	ˈsmɛriχə
smeul	smˈil
smid	smɛt
smiled	smɪlə
smiley	ˈsmɛli
smite	zmɪtə
smoel	zmul
smokkel	smokˈol
smokkel	zmɔkəl
smokkelbende	ˈsmɔkəlbɛndə
smoor	zmʊə̯r
smoorverliefde	zmʊrvəlɪfde
smothered	ˈsmoːtərəd
smous	zmou̯s
smouse	smuːs
sms	ɛms
sms-boodskappe	zm̩s̪buːtskəpə
smul	smɔ
smuts	smˈɪt
smyt	zmʏt
smôrens	smorənʃ
snaaks	snɑːkʃ
snaaks	snˈɑːks
snaakse	tsnoksa
snaakse	ˈsnɑːksə
snaakste	ˈsnɑːkstə
snack	snɑk
snags	snɑχs
snags	snˈɔs
snap	snɑp
snap	snɔp
snappen	ˈsnɑpən
snater	snɔtɛr
snawel	snɔvu
sneeu	sniu
sneeu	snɛːu
sneeu-uil	snɛu̯uɪ̯l
sneeubal	sneːˈbɑl
sneeugeveg	snɛːχˈfɛχ
sneeuskaatse	snɛːu̯skaːtsə
sneeuskoene	ˈsneːu̯skunə
sneeustortings	ˈsneːu̯stɔrtsɪŋs
snel	snɛl
snelle	ˈsnɛlə
snelpos	snaɫpuz
snert	snɑːrt
snert	snɛrt
sneuwel	snɛu̯əl
snik	snɪk
snip	snɪp
sniper	ˈsnɪpər
snitte	ˈsɪntə
snoei	snuəi
snoeimes	snuəɪ̯məs
snoeiskêre	ˈsnœi̯skiːrə
snoek	snœk
snoekie	ˈsnœkiə
snoete	snuːtə
snor	snɔːr
snork	snurˈk
snork	snɔr̥k
snotkop	ˈsnɔtkɔp
snotneus	ˈsnɔtnøs
snuffel	ˈsnʏfəl
snuif	snœf
snuifdosie	snœifdosə
snuisterye	ˈsnœistərə
snuisterywinkels	ˈsnyːstəɾəˌvɪŋkəls
snuit	snœɪ̯t
sny	snə
sny	snɛ
snytjie	snɪtʃi
so	sʊ
so-iets	sui̯ets
so-nie	sʊˈni
sober	sɔːβər
sobieski	ˈsɔbiɛski
soda	sɔdə
sodanig	ˈsɔːdaŋəx
sodat	sɔˈdat
sodat	sʏɾˈat
sodawater	ˈsɔːdaˌvɑːtər
soder	ˈsɔːdər
sodoende	sɔˈduːdənə
sodra	sɔdra
sodra	sɨwɨtrɔ
soe	sʊ
soebat	ˈsœbət
soek	suk
soek	sʊk
soekgeselskap	sʊkχəsəlskɑp
soekhulle	ˈsɔːkəɦulə
soektog	sʊkˈtɔχ
soen	sʊən
soene	sʊə̯nə
soentjie	sʊə̯ntjɪ
soentjies	sʊəntʃis
soepel	ˈsœpəl
soet	sʊət
soetbrood	sʊtˈbrʊət
soete	suːtə
soeter	sʊətər
soetheid	sʊətˈɦɪət
soetste	sʊə̯tstə
sofa	soːfˈa
sofia	sʊfiɑ
sofie	sɔfiə
sog	sɔ
sog	sɔχ
sogenaamd	ˈsɔχəˌnamt
sogenaamde	ˈsɔχəˌnɑːmə
soggens	sˌoːxənz
soggens	ˈsɔχəns
soiets	sɔits
sokker	sˈɔkə
sokker	ˈsɔkər
sokkie	sˈoʊkɪ
sokkies	ˈsɔkkiə
solanaceae	ˈsɔlənəˌsɛs
solank	ˈsɔlɑŋk
solanum	ˈsɔːlənəm
soldaat	salɫdɑːt
soldaat	sɔlˈdɑːt
soldat	ˈsɔldət
soldate	ˈsɔldətə
soldatelewe	ˈsɔldətəˌlɪə̯
soldeerbout	sɔlˈdeːɾbʌut
solder	sɔːldər
solderkamer	ˈsɔldərˌkɑːməɾ
solidatiteit	ˌsɔlɪdɑˈtɪtɛt
solied	sɔliɛt
soliede	ˈsuliəde
soliste	ˈsɔːlɪstə
solo	ˈsɔːloʊ
soloïs	sɔˈlɔɪ̯s
solveig	ˈsɔlvɛɪx
som	sɔm
som	sˈɔm
somatiese	ˈsɔmətiːsə
somber	sɔmbər
some	sʌmə
somer	ˈsɔməɾ
somerhuis	ˈsɔməˌɦœi̯s
somerkamp	ˈsɔməˌkɑmp
somerlug	ˈsɔməˌlɜχ
somerrok	ˈsɔməˌrɔk
somers	sɔmə
somersdag	ˈsɔməˌsɑχ
somershuis	ˈsɔməʃuis
somerstof	ˈsɔməˌstɔf
something	ˈsɒmθɪŋ
sommer	somɛr
sommer	ˈsɔməʁ
sommerschmidt	ˈsɔməʃmɪt
sommerso	ˈsɔməˌsɔ
sommige	sˈɵmˈɑxˈɑ
sommige	ˈsɔməɦiʏə
sommiges	ˈsɔməɦəs
soms	sɔms
somtyds	sɔmˈtits
son	sɔn
son-madeliefies	sɔnmɑdəlifiə
sonara	ˈsɔnəra
sonata	ˈsɔnətə
sonbaai	sɔmˈbɑi̯
sonbrand	sɔnbrant
sonbril	sɔnbrɪl
sondaar	ˈsɔndəɾ
sondaars	ˈsɔndɑːrs
sondae	sɔndɑː
sondag	sɔndah
sondag	ˈsɔndɑχ
sondagmiddag	sɔndɑχmɪdaːχ
sondags	sɔndɑχs
sonde	sɔndə
sonde	sˈɔndɜ
sonder	sɔndər
sonder	sˈɔndər
sondes	ˈsɔndəs
sondig	sɔndəx
sondige	ˈsɔndɪχə
sondvloed	ˈsɔntfloːt
sone	ˈsɔːnə
song	sɔŋ
songod	ˈsɔŋgɔt
sonja	ˈsɔnja
sonkoning	sɔŋˈkʊə̯ŋ
sonland	sɔnˈlant
sonlig	sɔnˈlɪχ
sonnet	ˈsɔnət
sononder	sonɔndøɾ
sononder	sɔnɔndɛr
sonop	soːnup
sonop	sɔˈnɔp
sonora	sɔˈnɔːrə
sonskyn	sɔnsχin
sonskynheerlikheid	ˈsɔnsəχnɪə̯rɪkˌɦeɪ̯t
sonsondergang	sɔnsɔnˈdɛrχ
sonsopkoms	ˈsɔnsɔpkɔms
sonsteek	sɔnˈstɪk
sonstrale	sɔnstrɑːlə
sooibrand	sˈɔɪbrˈant
soon	sʊn
soontoe	sʊntʊ
soor	sʊə̯
soort	sɔːrt
soorte	ˈsʊə̯rtə
soortgelyke	sʊrtχɛliːkə
soortgelyks	sʊrtχɛɪks
soos	sʊə̯s
soos	sˈuz
soosrt	sʊə̯r
sop	sɔp
sop	sˈɔ
sopas	ˈsɔpəs
sophie	ˈsɔfɪə
sopnat	supnat
sopnat	ˈsɔpnɑt
soppoeiers	ˈsɔpʊə̯i̯ərs
soprano	ˈsɔːprənoː
sorg	sɔχ
sorg	sˈoːr
sorge	ˈsɔrχə
sorgelose	ˈsɔrχəˌloːsə
sorgen	sɔrχən
sorgsaam	sɔrχsɑːm
sorgvuldig	sɔrχfʏldʏχ
sorrow	ˈsɔːroʊ
sorry	sɔːri
sort	sɔːrt
sosatie	susat˨˩i˨
soseer	ˈsosɛr
sosiaal	sˌuʃiˈɔl
sosiaal	ˈsɔsiɑl
sosiale	ˈsɔsiɑlə
sosialisme	ˈsɔsiɑlɪsmə
sosialisties	ˌsɔsiɑˈlistiəs
sosialistiese	ˈsɔsiɑlistiə
sosio	ˈsɔsio
sot	sɔt
sotlik	ˈsɔtlik
sotte	ˈsɔtə
sou	suː
sou	sˈoʊ
soul	sole
sous	suːs
sout	soʊt
souterig	saltɛrax
souwenier	ˈsuə̯nɪə̯r
soveel	ˈsɔvəl
sover	sɔvər
sowaar	sɔːɐr
sowat	sɔʊ̯ɑt
sowel	ˈsʊəɫ
sowjet	ˈsɔɪ̯χət
sowjet-masjienerie	sɔiχətmɑʃiənəˈri
sowjetunie	sɔiχtuni
spaanse	ˈspɑːsə
spaar	spr̥ɑːr
spaar	spɑr
spaarcenten	ˈspɑːrtsɛntən
spaarkamer	spɑːrˈkɑːmə
spaarrekening	ˈspɑːrɪˌrɪŋəŋ
spaghetti	ˈspaχɛti
spalk	spɑːlχ
spam	spɑm
span	span
span	spɑn
spandeer	ˈspandeːr
spangees	ˈspaŋgəs
spanjaard	zpanʝˈɑr
spanjaarde	ˈspɑnjaːrdə
spanje	ˈspɑːnjə
spanning	ˈspaŋɪŋ
spanningvolle	ˈspaŋɪŋfələ
spanspek	spənspəg
spanwerk	ˈspɑnvɛrɪk
sparchmann	ˈspɑrχman
sparta	ˈspɑːrtə
spartane	ˈspɑːrtɑːnə
spasie	ˈspɑːsiə
spat	spɑt
spatare	ˈspɑːtəɾə
speak	spɛk
speeksel	spiːkəl
speel	sfju
speel	spel
speel	spiəl
speel-held	spelɦɛlt
speel-plasie	spelpləsi
speelding	spelɪŋ
speelgewere	spelgəʋəʁə
speelgoed	spiːlχoːd
speelgrond	spelgrʊnt
speelkamer	spelkamer
speelplek	spelplɛk
speels	spɛːl̥s
speenvarke	ˈspɪnfɑrkə
speiche	spɛiçə
spek	spɛk
spek	spˈɛk
speke	spɛkə
spektakel	ˈspɛktəkəl
spektakulêr	ˈspɛktəkʊlə
spekulasie	spɛkʊlɑsi
spekulasies	spɛkʊləˈsɪəs
spekulators	ˈspɛkʊlɑtɔrs
spekuleer	ˈspɛkʏləɾ
spel	skau
spel	spel
spele	spjɛɾɛ
spele	ˈspɛlə
speler	spjɛdɛr
speler	ˈspɛlə
spelers	ˈspɛlərs
speletjie	ˈspɛləˌtʃi
speletjies	ˈspɛləˌtʃis
spelfoute	ˈspɛlfutə
spelhorlosie	spelɔɾˈlosi
spelletjie	spiɔlikˈɪ
spelling	ˈspɛlɪŋ
spelonk	spi˩˥ːlʊŋ
spens	spins
spermkanale	ˈsɛrmkənɑːlə
speserye	ˈspɛsəˌrai̯ə
spesiaal	spɛʃɪˈɑl
spesiaal	ˈspɛsiɑːl
spesiale	spiʃial
spesiale	ˈspɛsiɑlə
spesialis	ˈspɛsiəlɪs
spesialiseer	ˈspesiɑlɪˌʃeːr
spesialiteit	ˈspɛsiɑlɪtɛt
spesifiek	spɛsɪfɪk
spesifiek	ˈspesiˌfɪk
spesifieke	ˈspesiˌfɪkə
spesifikasies	ˈspɛsiˌfɪkəsi
spesifiseer	ˈspɛsiːfɪˌsɪə̯r
speur	spɪr
speurder	ʃpœːrdər
spiegel	ˈspiːɣəl
spiegel-artikel	ˈspiːɣəlˈɑːrɪkəl
spielberg	ʃpiːlˈbɛrx
spielmann	ʃpilˈman
spier-spierwit	ˈspiərˈspiərʋɪt
spiere	ˈspiːrə
spiertier	spiːɾˈtiɾˈ
spierwit	spiːrˈbet
spierwit	ˈspiərʋɪt
spies	ʃpiəs
spieël	ʃpiːəɫ
spieëls	ʃpiə̯ls
spieëltafel	spiːltˈɔfəl
spieëlversiering	ˈspiːəɫfərsiəɾɪŋ
spil	spəl
spinasie	asknuzɪ
spinet	ˈspɪnət
spioen	sˈɪːn
spioen	ˈspiən
spioenasie	ˈspiʊ̯nɑːsiə
spioene	ˈspiunə
spioeneer	ˈspiunəɾ
spioneer	ˈspɪunər
spioneerde	ˈspiʊnɛːrə
spiraal	spiɾɔɫ
spit	spɪt
spitsdak	spitsdɑk
spitsure	skatsiːrə
spiëel	ˈspiəɫ
splinternuwe	ˈsplɪntərnuə
splinters	ˈsplɪntərs
splintertjie	ˈsplɪntərcəi
splitsing	ˈsplɪtsɪŋ
spoed	spət
spoed	spʊə̯t
spoedig	spuːədi
spoeg	spuəχ
spoel	spuːəl
spoggerig	zpoxɛrax
spoggerige	ˈspɔχəʁiχə
spoke	spɔkə
spoken	ˈspoːkən
spokie	spˈukj
sponskoek	sponskoːˈˈɔ
spontaan	ˈspɔntɑːn
spook	spɫok
spook	spʊk
spooky	spʊki
spoor	spr̥ː
spoor	spuɛr
spoorlyn	sprɔːrɛin
spooroorgang	spuːroːgaŋ
spoorsnyers	spuːrsniːrs
spoorwa	skuːrvɔ
spoorweg	sprʊəvɛχ
spoorweg	spuːɾvɑːx
spoorwegorkes	spuːrʋɛgɔrˈkəs
spoorweë	sprəʊ̯ə
spore	sprə
sport	spr̥t
sportkamp	spɔrtkɑmp
sportspanleier	ˈspɔrtspɑnˌlɛi̯ər
sportsterre	spɔrtsəˈtrə
sportwêreld	ˈspɔrtˌvɛldə
spot	spɔt
spotprent	spuːtpɾɛnd
spraak	spraːk
spraak	sprɑːk
spraakkuns	sprɑkəns
spraaklesse	sprɑːkˈlɛsə
spraaktoets	sprɑːkˈtœts
sprachmann	sprɑχman
sprake	sprɑkə
sprakeloos	ˈsprakəloːs
sprankel	spræŋkəl
sprankelend	sprɑŋkələnt
sprankie	spræŋki
spreek	sprɛχ
spreek	sprˈek
spreekwoord	sprɛkˈvɔːrt
spreeu	spɹiu
sprei	sprɛi
spreuk	sprɔyk
spring	sprɪŋ
spring	srˈan
springery	sprɪŋgəri
springetjie	sprɪŋətʃi
springlewendig	ˈsprɪŋləvəndəx
springstof	sprɪŋˈstɔf
springtuig	sprɪŋtœiχ
sprites	sprɪts
sprokie	spɾuːki
sprokies	sprəʊkiəs
sprong	spruŋ
sprot	sprɔt
spruit	sprɪt
spruite	sprɪt
spuit	sprɪt
spuit	spˈaɪt
spul	spʊl
sputnik	ˈspʏtnɪk
spuug	spuːχ
spuug	spʲix
spykaart	ˈspɪkɑːrt
spyker	ʃpɪkər
spyse	sprəi̯sə
spyseniering	ˈspisəˌniə̯rɪŋ
spyskaart	ˈspɪskɑːrt
spyt	sprɪt
spyte	sprəʊtə
spyware	ʃpɪˈvɑːr
squadzaal	skwadˈsɑːl
ss	s
ss-er	əsər
ss-hoer	ʃuːr
ss-offisier	ˈsɔfisɪə
ss-offisiere	ˈsɔfisɪəɾə
ss20-vuurpyle	ˈsəβʊrˌpələ
ssst	sʃt
sst	sʃt
st	st
staaf	stɔf
staak	staːk
staakwag	stɔɫkwɑx
staal	staːl
staal	stɔːl
staaldraadjies	staːldrɑːjis
staalfabriek	staːlfabriːk
staalmeule	staːlmuːlə
staaltje	staːɫtʃə
staalwerke	staːɫʋɛrkə
staalwerkers	staːlʋɛrˈkɛrs
staan	stan
staan	staːn
staande	staːnde
staanhorlosie	staːnɔɹlɔsi
staanlamp	staːnˈlɑmp
staar	stɑːr
staar	stˈɔr
staat	staːt
staat-seuntjie	staːtˈsœə̯ntjɪ
staatmaak	staːtmaːk
staats-fabriek	staːtsfɑˈrik
staatsake	staːtsɑkə
staatsbegrafnis	statˈsβəɣrafnis
staatsekuriteit	staːtsekʏriˈtɛit
staatsgeheim	staːtsχəɪm
staatsgeheime	staːtsχəˈɦiːmə
staatsgeweld	staːtsgəʋɛlt
staatsgreep	statʃɹɪəp
staatsgrens	staːtsχrɛns
staatslenings	staːtslɛəŋs
staatsman	staːtsman
staatspolisie	staːtspolisɪ
staatsraad	staːtsraːt
staatsveiligheid	staːtsfɛɪχˈɦɛit
staatsveiligheid-swyn	staːtsfɛilχɛit̪sʋʏn
staatsvenster	statfəntr
staatveiligheid	staːtfiəɣəɪt
stabiel	ˈstɑːbiəl
stabiele	ˈstɑβiːlə
stabiliseer	ˈstɑβiɫiˌseːr
staccato	ˈstɑkətoː
staccatos	ˈstɑkətos
stad	stɑt
stadia	ˈstɑːdiə
stadig	stɔrˈa
stadig	ˈstɑːdiχ
stadigaan	ˈstɑːdiɣɑːn
stadige	ˈstɑːdiχə
stadiger	ztorəxər
stadiger	ˈstɑːdiχər
stadion	staːdi̯ɔn
stadium	ˈstɑːdiəm
stadsaal	stɑtsɑːl
stadsaal-vuur	ˈstatsɑːlfʏr
stadsbestuur	statsbəˌstyːr
stadsgenote	ˈstɑtsχəˌnʊtə
stadsmens	stɑtsməns
staf	stɑf
stafhoof	ˈstɑfɦoːf
stage	stɑɣə
staking	tˈɛstəm
staking	ˈstɑːkɪŋ
stakingskomitee	ˈstɑkɪŋskomiˌtiː
stakingskomitees	ˈstɑkɪŋskomiˌtiːs
stal	stɑl
stal	stɔl
stalin	staːlɪn
stalin-aanhaling	ˈstɑlɪnɑːnɦɑlɪŋ
stalinggrad	ˈstɑːlɪŋˌgrɑːt
stalingrad	ˈstɑːlɪŋrɑːt
stalingrad-oorwinning	ˈstɑlɪŋrɑtˌʔuːrvɪŋ
stalingradsky	ˈstɑlɪŋrɑtski
stalle	stalə
stalletjie	ˈstɑlətjə
stam	stɑm
stam	stˈɑm
stambome	ˈstɑmbʊmə
stamme	ˈstamə
stamp	stɑmp
stand	stant
stand	stɑnt
standaard	stanˈdɑːrt
standaard	stændɒːɾt
standaarde	ˈstɑntɑːrdə
standbeeld	stɑndˈbɛlt
standbeeld	stˈɑndpɪld
standbyreg	ˈstɑːndbɪrɛχ
stande	standə
standerd	stanˈdɛrt
standhou	stanˈɦuː
standpunt	stanˈd̥pʰœnt
stands	stɑnts
standvastig	ˈstɑndəˌvɪstəx
stanford	ˈstɑːnfɔrt
stanisław	stanɪsɑːf
stank	stɑŋk
stap	stap
stap	stɑp
stapel	skɑpɔɫ
stapel	ˈstɑpəl
stapelbed	ˈstɑpəlbɛt
stapelgek	ˈstɑpəlχɛk
stappe	ˈstɑpə
stappie	ˈstɑpɪ
star	stɑːr
starende	ˈstɑːrəndə
starnberg-meer	ˈstɑrnbɛrχmiːr
starnbergmeer	ˈstɑrnbɛrχmiːr
starr-gebied	staːrɪə̯bɪə̯l
stasi	staːsi
stasie	ˈstɑsi
stasiemeester	ˈstasiˌmɪstər
state	staːtə
staten	ˈstɑːtən
statig	ʃtotax
statistiek	ˈstɑtistiək
statistiekdepartement	ˈstɑtistiːkdəɾəˌpɛːmɛnt
statistiekdepertement	ˈstɑtistiːkdəpəɹtəˌment
statistieke	ˈstɑːtistɪkə
status	ˈstɑtʏs
steaks	steɪks
stede	ˈstɛdə
steeds	stets
steeds	ʃtɛːts
steek	stjɛk
steek	stɪk
steel	ʃtɛːl
steen	stjˈɛn
steen	ʃtin
steenberg	ztiːrnbˌaɾ
steenkool	ʃtɛŋkuːl
steenwerk	ʃtinʋɛrk
stefan	ˈstɛfɑn
steffi	ˈstɛfi
steht	ʃtɛt
steidlitz	ʃtɛɪ̯ɮɪts
steiermark	ʃtiərmɑrk
steiglitz	ʃtɛɪχlɪts
steil	ʃtɛɪ̯l
stein	ʃtɪn
steke	steːkə
stel	stau
stel	stɛl
stella	ˈstɛlə
stelle	ʃtɛlə
stelling	ˈstɛlɪŋ
stelsel	stelsɛl
stelsel	ˈstɛlsəl
stelsels	ˈstɛlsəls
stem	stɛm
stem	stˈɛm
stembrief	ˈstɛmbrɪf
stemlokaal	ˈstɛmlukɑːl
stemme	ˈstɛmə
stemmetjie	ˈstɛməcɪ
stemming	ˈstɛməŋ
stempel	ˈstɛmpəl
stempos	stempos
stemtelling	ˈstɛmtələŋ
stene	stenə
stenig	ˈstɛniχ
stephan	stˈɛvɑn
stephanie	ˈstɛfəni
stepniak	ˈstɛpniək
steppe	ʃɛpə
ster	star
ster	stɛr
ster-atleet	ˈstɛrətɪt
sterf	stɛrf
sterflik	ˈstɛrfələk
sterflike	ˈstɛrfləkə
sterfling	ˈstɛrfəlɪŋ
sterftesertifikaat	ˈstɛrftəsɛrtiˌfikaːt
steriel	ˈstɛriəl
sterile	ˈstɛriːlə
steriliseer	ˈstɛriˌliːr
sterk	stɑɾk
sterk	ʃtɛrk
sterk-sinnig	ˈstɛrʃɪnɪχ
sterke	ˈstɛrkə
sterker	ˈstɛrkər
sterkman	ʃtɛrkmɑn
sterkste	ʃtɛrˈkstə
sterkte	ʃtɛrktə
sterre	stara
sterre	ˈstɛrə
sterrestelsel	sˈtaɾəstˈɛlsəl
stert	ʃtɛrt
sterte	ʃɛrtə
stertjies	ʃtɛrtjis
sterwe	starba
sterwe	ʃtɛrvə
sterwend	ˈstɛrʋənt
sterwende	ˈstɛrʍəntə
sterwendes	ˈstɛrʋəntəs
steun	ʃtœn
steur	stˈiɹ
steur	ʃtœr
steurend	ʃtœːrənt
steurleder	ʃtœːrˈlɛdər
steve	steɪvə
stewart	ʃtɪu̯ɑːrt
stewels	ʃtøːəls
stewig	zˈtɪɛva
stewig	ʃtœyχ
stewige	ʃtœyχə
stewiger	ˈstœyɣər
stief	ʃtif
stiefbroer	stifbrʊər
stiefie	ˈstifjə
stiefma	ʃtifma
stiefpa	stifpaː
stier	sˈtiːr
stiff	stɪf
stig	stɔx
stig	stɪχ
stigler	ˈstɪχlə
stik	stɪk
stil	stɪl
stil-lewes	stɪlˈlɛə̯s
stilbly	stɪlˈbləi̯
stilgestaan	stɪlχəˈstɑːn
still	stɪl
stille	stɪlə
stiller	ˈstɪlə
stilletjies	ʃtɪlɛtʃi
stilmaak	stɪlˈmɑːk
stilsit	stəlsɪt
stilswye	ʃtilsfei̯
stilswyende	stəlsʋɪə̃ːndə
stilte	stɪltə
stilte	ztɛltɛ
stink	stɪŋk
stinkend	ʃtɪŋkənt
stinkende	ʃtɪŋˈkɛndə
stinkmuishond	stəntmˈaɪsɔnd
stip	stɪp
stiptelik	sttɛptɛlɛk
stiptelik	ˈstɪptələk
stockholm	ˈstɔkɦɔlm
stoeckl	ʃtœkəl
stoei	skuɪ
stoel	stoːl
stoele	stoːlə
stoep	slˈup
stoep	stoːp
stoere	ʃtuːrə
stof	stoːf
stof	stuf
stoffel	stoːfəl
stoffels	stoːfl̥s
stoflike	stoːflɪkə
stofsuier	stufsɑjɛr
stok	stoʊk
stokalleen	stokɑlən
stoker	ˈstɔkər
stokke	stoʊkə
stokkie	stoʊkə
stokkielekker	stokˈilˈakɛr
stokperdjie	ˈstɔkpəɾdiə
stokvel	stokfal
stol	stoːl
stom	stoːm
stom	tsto˧˧
stommelingen	stomələŋdə
stommerik	stoːməˈrik
stommiteite	ʃtɔmɪtɪtə
stomp	stomp
stomp	ʃtɔmp
stompie	stoʊ̯mpi
stompsinnig	stoːmpsɪŋ
stonehenge	stoːnˈhɛndʒ
stoof	stoːf
stook	stoːk
stoom	stoːm
stoom	stum
stoomboot	stoːmboːt
stoor	stoːr
stoor	stʊɾˈa
stoorkamer	stoːɹkɑməɹ
stoot	stoːt
stoot	stuet
stootjie	stoːtjə
stop	stop
stop	stoːp
stop-knoppie	stoːpˈknɔpɪ
stoplap	stoːplɑp
storie	stʊri
storie	ˈsɔːriə
storieboek	ˈsɔːriəˌbʏk
stories	ˈstɔːris
storieverteller	ˈstɔːriəfərˌtɛləɹ
storm	storam
storm	stoːrm
storm	stɔɾm
storm	stɔɾəm
stormloop	ʃtɔːrmloʊp
storms	stoːrmz
stormwolke	ʃtɔrmˈvɔlkə
stort	ʃɔrt
stortbad	sturtpat
stortbui	ʃɔrtˈbœy
storte	ʃɔrtə
stortvloed	stˈɔrtfʉlt
story	stoːri
stotter	ʃɔtər
stotterbok	ˈstɔtərbɔk
stout	stɑːt
stout	ʃʊt
stoute	stoʊ̯tə
stouter	ʃʊtər
stouterd	ʃtʊu̯təɹt
stouterds	ʃtʊu̯tərts
stouterig	ˈstou̯təˌrɪəχ
stoutste	ʃʊtʃtə
stowevleis	stoʊfɛls
stowwe	stovə
stowwerige	ˈstoʊəɹiχə
straal	strɑːl
straaljager	strɑːlˈjɑːχər
straat	strɑːt
straatgemors	strɑːtχəˈmɔrs
straatjie	strɑːtjə
straatkruising	strɑːtˈkɾœi̯sɪŋ
straatkruisings	strɑːtkrœi̯sɪŋs
straatlig	strɑːtliχ
straatmark	strɑːtmɑrk
straatnaamborde	strɑːtˈnɑːmbɔːrdə
straatname	strɑːtˈnamə
straatpaal	strɑːtpaːl
straatvrou	strɑːtfrœu̯
straatvroue	strɑːtfrʊə
straatwaarde	strɑːtˈvɑːrdə
straf	straf
straf	strɑːf
strafbaar	strɑfbrɑːr
strafbare	strɑfˈbɑːrə
strafboek	strɑfˈbuk
straks	strɑks
strale	strɑlə
stralekrans	strɑləkrɑns
stralend	strɑːlɛnt
stralend	trɔːlɛnd
stralende	strɑlənde
stralsund	strɑlsœnd
strand	strɑːnt
strand	strɔnt
strandbeddens	strɑːndbɛdəns
strande	strande
strandwolf	stˈɑndvʌlv
strasbourg	strɑːsbrʏk
strasse	strɑsə
strate	sbratɛ
strate	strɑːtə
strategie	strətəˈʃi
strategies	strətəˈgɪsi
strategiese	ˈstrɑːtʃiɛsə
strategieë	ˈstrɑtəgiə
stratosfeer	ztrɔtɔsfiːr
strauss	strɑːs
strawwe	fstrɔfɛ
strawwe	strɑːvə
streef	strɛːf
streek	strɛk
streeksleierskap	strɛksslɛi̯kskɑp
streel	strijɛl
streel	strɛːl
streep	strɛːp
street	strɪt
strek	strak
strek	strɛk
streke	strɛkə
strelende	strɛˈlɛndə
streng	strɛŋ
strenger	strɛŋər
strepe	strɛpə
stres	strɛs
strewe	strɛːwə
stribbel	strɪbəl
strickland	strɪklɑːnt
strignien	strɪɲiən
strik	strɪk
strikdas	strɪkˈdɑs
strikdas	tˈɾaktˈoːs
strike	strɪk
strikke	strɪkə
strikvraag	strɪkfrɑːχ
strindberg	strɪndbɛrχ
strippers	strɪpərs
stroef	strœf
stroewe	strʊə̯və
strohalmen	strɔɦɑlmən
stroke	strʊk
strome	strʊmə
strompel	strɔmpəl
strong	strɔŋ
stront	strɔnt
strontpraat	strɔntprɑːt
strooi	strɔi̯
strooi	strɔɪ
strooihalms	strɔi̯ɦɑlms
strooiman	strʊə̯i̯man
strooipop	strʊipɔp
strook	strɔk
stroom	strum
stroom	struːm
stroompie	strʊmpi
stroop	strʊp
stroopsoet	strʊpsœt
stroux	strʊks
struck	strʏk
struike	strɥikə
struikel	strɥiˈkəl
struikel	ztrajkau
struikelblokke	strɥiːkəlˈblɔkə
strukture	ˈstrʏktʏrə
struktuur	strɛkdiːr
struktuur	strʏktyːr
stry	straj
stry	strɪ
stryd	strɪt
stryders	strɪə̯dsərs
strydposte	strɪtˈpɔstə
stryery	strɪəɾi
stryk-hale	strɪkˈɦɑːlə
strykstok	strɪkˈstɔk
stu	stuː
stuart	ʃtʊɑːrt
studeer	ztudijer
studeer	ˈstydəːr
studeerkamer	ˈstʏdɪrˌkɑːməɾ
student	stipɛŋk
student	ˈstʏdənət
studente	ˈsɪdʏntə
studenterestaurant	ˈstʏdɛntəˌrɛsɔŋ
studentewoonstel	ˈstʏdənəˌʋoːnstəl
studie	ˈstʏdi
studiediens	ˈstʏdiəˌdiəns
studielening	ˈstʏdiəˌlɛəŋ
studiemateriaal	ˈstʏdiəmaːtəɾiɑl
studies	ˈstʏdiəs
studiesaal	ˈstʏdiəsɑːl
studio	ˈstɹiːdiʊ̯
stuit	ʃtœy̯t
stuitten	ʃtœɪ̯tən
stuiwers	ʃtœy̯vərs
stuk	stʏk
stuk	stˈɔk
stukke	ʃʏkə
stukkend	ʃʏkənt
stukkende	ʃʏkəntə
stukkie	ʃʏkə
stukkies	ʃʏkə
stupal	ˈstupəl
stuur	stˈɪd
stuur	ʃtʏr
stuurboord	ʃtʏrˈbɔːrt
stuurboord-kanonne	ʃtyːrˈbɔːrˌkɑnɔnə
stuurboordkant	ʃtyːrˈbɔːrtˌkɑnt
stuurhuis	ʃtʏːrɦœi̯s
stuurs	ʃʏrs
stuurwiel	s̺t̪iːrvjɾum
styf	stif
styg	stɪχ
stygende	stʏχəndə
stykplank	stʏkplɑŋk
styl	stʏl
stywe	staɪfə
stywe	stˈɛvɚ
stéphanie	steˈfɑːnjə
substandaard	ˈsʏpstandɑːrd
substansie	ˈsʏpstɑnsiə
substansiële	ˈsʏpstɑnsiələ
substituut	ˈsʏpstitʊt
subtiel	ˈsʏptiəl
subtitles	ˈsʏptɪtəlz
suddenly	ˈsʌdənli
sudetenland	sʏdətɛnlant
suez-krisis	sʏsˈkrɪsɪs
suezkanaal	syːskəˈnaːl
sug	syg
sug	sˈɔ̃
sugte	sʏçtə
suid	syːt
suid	sˈɛɪk
suid-afrika	sˈɛtˈɑfɾikˌɑ
suid-amerika	suːitəmerɪkə
suid-dakota	syːtdɑkɔtə
suid-engeland	syːt-əŋˈgɛlant
suid-indiese	sʉi̯di̯nˈdiːsə
suid-ooste	sʉitˈʊstə
suide	suːi̯də
suidelike	sɪi̯diˈlikə
suidwaarts	sʉitˈvɑːrts
suidwes	sʉitʋɛs
suidwes-frankryk	syːtʋɛsfræŋkrʏk
suidwestelike	sʉi̯tʋɪsˈtɛlikə
suig	sajf
suig	sɥiχ
suigplekke	sɥiχˈplɛkə
suiker	ˈsœy̯kər
suiker-rafinadery	ˈsœy̯kərrɑfiˌnaːdɛri
suikerbak	ˈsœy̯kərbɑk
suikerklont	sɪkərklɔnt
suikers	sajkeɾs
suikersoet	sɥiˈkɛrsœt
suikertjie	sœy̯kɛrtjɪ
suile	syːlə
suile-saal	ˈsœyləˌsɑːl
suinig	sɥiŋ
suinig	sˈaɪnə
suip	sɪp
suiper	sʏpər
suiplappe	sɪpˈlɑpə
suite	sɥiːt
suiwer	sajvɛr
suiwer	sɪfər
suiwere	sɥiβɛrə
suiwerheid	ˈsœy̯fərɦəi̯t
suiwering	sɥiːvəɾiŋ
suiwerste	sɪfərstə
sukkel	sʏkəl
sukkelaar	sʏkələɑːr
sukses	sʏkˈsɛs
suksesse	ˈsʏksəsə
suksesvol	səkˈsɪsfəl
suksesvol	sʏksɛfɔl
suksesvolle	sʏkˈsɛsfələ
sulke	sɯ̞wkə
sulke	sʏlkə
sulkes	ˈsɪɫkəs
sultan	ˈsʊltən
sumier	sʏmi̯ə
summier	ˈsʏməi̯
sun	sʏn
sunset	ˈsœnsɛt
super	ˈsʏpər
superior	ˈsʏpəˌriːɔr
superman	ˈsypərˌmɑn
supermark	ˈsʏpərmaːrk
supermooi	sʊpərˈmɔi̯
supervielle	ˈsypərfiə
suppose	ˈsʌpəʊz
sure	ʃʏr
surveillance	ˈsɜːrviːləns
sus	søz
sus	sʏs
susan	ˈsʊsɑn
susara	sɛsara
suspisie	ˈsʏspiːsi
suspisies	ˈsʏspiːsiəs
suspisieus	ˈsʏspɪsiəs
suspisieuse	ˈsʏspiːsiœs
sussie	ˈsʏsi
sussies	sʏsi̯s
suster	sɪstə
suster	ˈsʏstər
susterfabriek	ˈsʏstərfɑˌrik
susters	sˈɛstɛɹ
susters	ˈsʏstərs
susterstaat	ˈsʏstərˌʃtat
sustertjie	ˈsʏstɛrtʃi
suter	sʊtər
suur	syːr
suur	sʏːr
suur	sˈiɹ
suurkool	sʏrˈkʊə̯l
suurlemoen	siːrˈlɪmun
suurlemoen	sʉːrleːmʊən
suurlemoentert	sʏːrləˈmʊəntɛrt
suurstof	sʊːrˈstɔf
suzanne	suzɑːn
suzuki	ˈsʏzʏki
swaai	svˈaɪ
swaai	swaːi
swaaie	svɑːi̯
swaaiend	ˈswaːiənt
swaan	svɑːn
swaanprinses	sʋɑːnˈprɪnsəs
swaap	svɑːp
swaar	svɑːr
swaard	svˈɔɹ
swaard	swerɑːr
swaarde	ˈswaːrdə
swaarder	ˈsʋɑːrtər
swaarheid	svɑːrˈɦɛit
swaarkry	ˈswaːɾkɾi
swaarmoedig	ˈsʋaːrmudəx
swaarmoedigheid	ˈsʋaːrmœəχˌʃɪtʰ
swaarste	svɑːrstə
swaartekrag	ˈswaːrtəkrɑχ
swabe	θwaβe
swael	swau
swaeltjie	svɑɛltʃi
swaer	svar
swaer	svɑːr
swak	swak
swak	ˈswaːk
swakhede	ˈsʋɑkəde
swakheid	ˈsʋɑkɦəi̯t
swakker	ˈsʋɑkər
swakkes	ˈsʋɑkəs
swakop	swakup
swakopmund	suakobmunt
swakplek	ˈsʋɑkplɛk
swaksinnig	ˈsʋɑkˌsɪnəx
swaksinnige	ˈsʋɑkˌsɪnəɦi
swaksinnigheid	ˈsʋɑksəˌniχəɪ̯t
swakste	sʋɑkstə
swam	ʃvɑm
swamp	ʃwɑmp
swanger	ˈsvɑŋər
swangerskap	ˈsvanɹəskɑp
swanwick	ˈsvanviːk
sware	ˈswaːrə
swart	svæɾt
swart	swɑɾt
swart	θʊə̯rt
swart-wit	ˈsʋartˈvɪt
swartbord	ˈsʋɑrtbɔrt
swartetjie	ˈswaːrətʃi
swartgalligheid	ˈsʋɑrtχaɫəɪkʰəɪdʃ
swartlys	ˈsʋɑrtləs
swartlysting	ˈsʋɑrtlʏstɪŋ
swartpeper	ˈswaɾtpepər
swastika-vlae	ˈsʋastiɦaˈfɫɑːjə
swath	svɑt
swaziland	swazilant
swede	sʋɛdə
sweeds	sfits
sweedse	sʋiːtsə
sweeedse	ˈsʋiːtsə
sweef	sfɪf
sweem	swɪm
sweep	suiv
sweer	sviːr
sweer	sʋiːr
sweet	sweeːt
sweet	sʋiːt
sweetie	ʃwiːti
sweetpak	swjɛtpɑk
sweetvoete	sʋiːtˈfœtə
sweis	swˈis
sweiser	svˈaɪzɚ
swel	swel
swel	ɬfəl
swellengrebel	sʋɛlˈimxaɾɪbɯl
swelsel	sʋɛlsl
swem	swerm
swem	swɪm
swembad	ˈsʋɛmbat
swembroek	swimbrʊk
swembroek	sʋɛmbɹœk
swemklere	ˈsʋɛmkləɾə
swemkorps	ˈsʋɛmˌkɔrps
swemles	ˈsʋɛmləs
swemmeisies	ˈsʋɛməi̯si
swemvriende	sfɛmfrində
swendel	svɛndəl
swenk	svˈɪŋk
swere	sʋɛːrə
swerf	swerf
swerftog	swerftɔχ
swerm	svarɛm
swerm	sʋɛrm
swerms	swerms
swerwer	ʃfɛrʃɛr
swig	ʃfɪχ
switser	θʊi̯sər
switserland	ˈsʋitsərlant
switserse	ˈsʋitsərsə
switzerland	ˈsʋɪtsərlənt
swyg	sʋəχ
swygend	ˈsɥiχənt
swyn	sʋəɪ̯n
swyne	sʋiːnə
sy	si
sy-blommemakers	siblɔməˌmɑkərs
sy-ingang	ʃiˈjɪŋɑŋ
sy-tafel	sɪˈtɑːfəl
sydeur	siːdeʊ̯r
sye	siː
syfer	sifər
syfers	siːfərs
syhoed	ʃiˈɦøːt
sylvius	ˈsəlfiəs
sylyn	siːlən
symboliese	ˈsʏmbəliə
sympathique	ˈsɪmpətiːkə
sync	sɪŋk
synchroon	ˈsɪŋkrʊə̯n
synde	ʃində
syne	siːnə
sypel	ˈsipəl
sys	sɪs
szurkowski	ʃʏrˈkɔfski
sê	se
sê	siː
sëen	sɪən
sëeninge	ˈsɛəŋə
sôe	sɔː
söderbaum	sʊdəˈbɑːm
sören	ˈsœːrən
sülzheimer	sʏltsɪməɾ
sȇ	siː
t	t
t	tʃ
t-hemde	t̪ɛmdə
t-hemp	θɛmp
taai	tɑːi
taai	tɔj
taak	tɑːk
taak	tɔk
taal	tɑːl
taal	tɔːl
taalgebruik	ˈtɑːlχəˌbɹœy̯k
taalkundige	ˈtɑːlˌkʰʏnˌdiχə
taalonderwyser	ˈtɑːlɔndəˌrʌi̯sər
taamlik	ˈtɑːmlək
tabak	tabak
tabak	ˈtɑβɑk
tabel	t̪ebæl
tablette	ˈtɑːblətə
tadek	ˈtɑːdək
tafel	tɔː˥fʊ˨˩
tafel	ˈtaːfəl
tafel	ˈtɑːfəl
tafelberg	tɔfɑlbɛrx
tafeldek	ˈtɑːfəlˌdɛk
tafelmetgesel	ˈtɑːfəlmɛtxəsəl
tafels	ˈtɑfəls
tagtig	tɑxtɯ̞x
taia	taɪə
taika	taɪkə
tak	ˈtɑk
takai	ˈtɑkɑi
takbok	ˈtɑkbɔk
takbok-brug	ˈtɑkbɔkbryχ
takbokke	ˈtɑkbɔkə
takboklewer	tɑkˌbɔkləˈʋɛr
take	ˈtɑːkə
take-off	ˈtɑkɑf
taken	ˈtɑkən
takke	ˈtɑkə
takt	ˈtɑkt
taktiek	ˈtɑktiək
taktiese	ˈtɑkəsi
taktvol	ˈtɑktfɔl
tale	tɔle
tale	ˈtɑːlə
talent	ˈtɑːlɛnt
talente	ˈtɑːlɛntə
talentjie	ˈtɑːlɛntjɪə
talentvol	ˈtɑlɛntfɔl
tali	ˈtɑːli
talle	tamən
talle	ˈtɑlə
talleyrand	tɑlɪˈrɑːnt
talm	tɑl̥m
tamara	ˈtɑːməɾə
tamatie	tɛmɔtɛ
tamatie	ˈtɑːməti
tamatie-peer	ˈtɑːmətiəˌpɪr
tamatie-variteite	ˈtamatiəvəriˌtitə
tamaties	ˈtɑːmətiəs
tamatiesop	ˈtɑːmətsiəp
tamatiesous	ˈtɑmətiəsus
tanaka	ˈtɑnəkɑ
tand	ˈtɑnt
tandarts	ˈtɑntɑrts
tandarts-praktyk	ˈtɑntɑrtsˌpɹɑktiːk
tande	ˈtande
tandeborsel	ˈtɑndəˌbɔrsəl
tandepasta	fandɾpastɐ
tandpyn	tɛntpɛɲ
tandpyn	ˈtɑntpəɪn
tange	ˈtɑŋə
tango	ˈtɑŋgoʊ
tanguy	ˈtɑŋgœi
tank	ˈtɑŋk
tanneur	ˈtɑnʏr
tannie	ˈtɑːnɪ
tannies	ˈtɑːnɪs
tans	ˈtɑns
tant	ˈtɑnt
tante	antɛ
tante	ˈtɑːntə
tapeserieë	ˈtɑpəsəriə
tapestrieë	ˈtɑpəstriə
tappies	ˈtɑpɪə
tapyt	ˈtɑːpət
tartare	ˈtɑːrtəɾə
tartend	taːrtˈɛlt
tartuffe	ˈtɑːrtufə
tas	tas
tas	tɑs
tasse	ˈtɑsə
tassie	tɑˈsi
tata	ˈtɑtə
tatiana	ˈtɑːtiɑːnə
tatjana	ˈtɑtʃɑnə
tatta	ˈtɑtə
taufer-weeshuis	ˈtɑːu̯fərˈʋiːsxəs
taught	taʊt
taverne	ˈtɑːvərnə
tavier	ˈtɑːfɪər
taxi	ˈtɑːksi
taxi-drywer	ˈtɑːksiˈdrɪvər
taxis	ˈtɑːksəs
tdankie	ˈtɑŋkə
te	teː
tears	tiə̯rs
teater	teɪ̯tər
teater-direkteur	teɪ̯tərdiɾɛkˈtœr
teatermense	teɪtɛrmənsə
teaters	teːtərs
teaterskool	teːtərskoːl
teatertyd	teːɾtəɾtʏd
techie	ˈtɛxi
tee	tiː
teef	tiːf
teef	tʃiɛ
teel	tiə̯l
teel	tiːl
teemaak	ˈtimaːk
teen	tɕʰiː˨˩˦an˥˩
teen	tʰiːn
teen-mense	tiːnˈmɛsə
teenaan	ˈtɪə̯nɑːn
teenaanval	ˈtɪə̯nɑːnvɑl
teendeel	ˈtɛːnˌdɛːl
teengestaan	ˈtɪəŋgəˌstɑːn
teenkanting	tienkantəŋ
teenkom	tʰiŋˈkɔm
teenoor	tjenuɛr
teenoor	ˈtɪənʊr
teenoorgestelde	ˈtɪənʊrɣəˌstɛldə
teenparty	tʰiːn̪ˈpɑːrti
teenspoed	tiənspuːt
teenstaander	tiːnˈstɑːndər
teenstander	tiːnˈstɑndər
teenstelling	tiːnˈstɛlɪŋ
teenstrydig	tʰiːnstrɪdiχ
teenstrydighede	tiːnstrɪdiχəde
teenwoordig	tɛːnɔkˈrɛt
teenwoordigheid	tʰiːnʋɔːrˈhɛit
teer	tiːr
teerheid	tiːrˈɦit
teerpad	tiːɹpɑːt
teerpad	tʲirpat
tees	tsiː
tegaan	ˈtɛɣɑn
tegelikertyd	ˈtɛχəlɪkərtɪt
tegelyk	ˈtɛχələk
tegemoetkomend	ˈtɛχəˌmʊtkʏmənt
tegniek	tɛknik
tegniek	ˈtɛχnik
tegnieke	ˈtɛχniːkə
tegnies	tɑːxˈmis
tegnies	ˈtɛχnɪəs
tegniese	ˈtɛχnɪsə
tegnikon	ˈtɛɣinəkɔn
tegnologie	ˈtɛgnɔlɔgi
teheran	teːɦəˈɹɑːn
tehuis	teːˈɦœi̯s
teiken	tiːkəŋ
teiken	tˈeɪkən
teiken-operasies	tiːkənɔpəˈreɪsi̯s
teikens	tiːkəns
teister	tiːstər
teistering	tiːstəɹɪŋ
teken	ˈtɛkən
tekeninge	ˈtɛkəŋə
tekens	ˈtɛkəns
tekere	ˈtɛkəˌrɛ
tekort	təkɔːst
tekort	ˈtɛkɔrt
teks	lɛks
teks	tɛks
teksboodskap	tɛksˈbʊə̯skɑp
teksboodskappe	ˈtɛksbʊtskəpə
tekste	ˈtɛkstə
tel	tɛl
tel	tɛu̯
tel	tɛ̞ːl
tele	ˈtɛlə
telefonies	ˈtɛləfʊniəs
telefoon	ˈtɛləfuːn
telefoondata	ˈtɛləfuːnˌdɑtə
telefoonoproepe	ˈtɛləfuːnɔpɹuəpə
telegraafkantoor	teːləgrafkɑnˈtuːr
telegrafeer	ˈtɛləɣrɑfeːr
telegrafis	ˈtɛləɣrafɪs
telegram	tɑlˈħram
telegram	ˈtɛləgrɑm
telekommunikasie	ˈtɛləkʏmɪnɪˌkɑːsiə
teleskoop	ˈtɛləskoːp
teleur	ˈtɛlœr
teleurgestel	ˈtɛləʊ̯rgəˌstɛl
teleurgesteld	ˈtɛləʊ̯rgəˌstɛlt
teleurstel	ˈtɛlʏrstəl
teleurstelling	teːˈlœrstəlɪŋ
televisie	teːləviˈsi
televisie-dame	teːləviˈsiːdɑːmə
televisieprogram	ˌteləˈvisiəprɔxrɑm
televisiestel	tɾɛnɛvisistɛl
telkens	ˈtɛl̪kəns
tell	ˈtɛl
tellings	ˈtɛlɪŋs
tema	ˈtɛmə
tempel	ˈtɛmpəl
tempels	ˈtɛmpəls
tempo	ˈtɛmpo
ten	tɛn
teneergedruk	teniːrxˈɪdrɪk
tenk	ˈtɛŋk
tenk-korps	ˈtɛŋkɔrps
tenkaanval	ˈtɛŋkɑːnvɑl
tenkafweer	ˈtɛŋkɑfʋɪr
tenkkorps	ˈtɛŋkɔrps
tenks	ˈtɛŋks
tennisbane	ˈtɛnisbɑːnə
tenoor	ˈtɛnʊr
tensy	teŋsai
tensy	ˈtɛnsə
tent	tenʈ
teologie	teːoˈlɔχiə
teoloog	ˈtɪʊ̯ɔɣ
teoreties	teːɔrətiəs
teoretiese	teːɔrɪəˈtɪsə
teorie	ˈtɔːriə
teorië	ˈtɔːriə
tequila	ˈtɛkəla
ter	ˈtɛr
terapie	ˈtɛɾəpi
terasse	ˈtɛrɑsə
tere	ˈtɛrə
tereggestel	ˈtɛrɛɣəstəl
teregstel	ˈtɛrɛχstəl
teregstelling	ˈtɛrɛkstəlɪŋ
terence	ˈtɛrəns
teresa	ˈtɛrɛsə
tereurdade	ˈtɛrɪrdaːdə
tereurgroep	ˈtɛrɪrχrup
terg	tɛrχ
terg	tʃarx
tering	ˈtɛrɪŋ
terloops	tɛrluɔps
terloops	ˈtɛrɫʊəp
terme	ˈtɛrmə
termesson	tɛrməˈsɒn
termodinamika	tɛrmudɪnɔmɪka
terneergedruk	ˈtɛrnɛːrɣəˌdrʏk
terneuzen	ˈtɛrnøːsə
terpentyn	tɛrˈpɛntən
terras	ˈtɛrəs
terravorming	ˈtɛrɑːvɔrmɪŋ
terrein	ˈtɛrɪn
terreur	ˈtɛrœr
terreuraanval	ˈtɛrʊrɑːnvɑːl
terreuraanvallen	ˈtɛrʏrɑːnˌfɑlən
terreurbeweging	ˈtɛrœrβəˌβɛiəŋ
terreurdade	ˈtɛrœrdaːdə
terreurgroep	ˈtɛrəʀgrup
terroris	ˈtɛroːris
terrorisme	ˈtɛroːrismə
terrorisme-groep	ˈtɛroːrɪsəmegɹup
terrorist	ˈtɛroːrɪst
terroriste	ˈtɛroːrɪstə
terroriste-aanval	ˈtɛroːrɪstəˌɑːnvɑl
terry	tɛri
terselfdertyd	ˈtɛrsfəlˌdɛrtɪt
tert	tɑːɾt
tert	tɛrt
terug	trɔx
terug	təˈrɯχ
terugaan	təˈrʌχaːn
terugbesorg	ˈtɛrʏgbəsɔrχ
terugbetaal	ˈtɛrʏkβəˌtɑːl
terugbring	ˈtɛrʏkˌbrɪŋ
terugdink	tɛɾʏχdɪŋk
teruggaan	təˈrʌχgaːn
teruggebel	ˈtɛrʏχɣəbəl
teruggebring	ˈtɛrʏχəˌbrɪŋ
teruggee	ˈtɛrʏχɣeː
teruggegaan	tɛrʏkχəgɑːn
teruggegee	tɛrʏkχəɣe
teruggekeer	tɛrʏkəˈkɪə̯
teruggekom	tɛrʏkəˈkɔm
teruggekoop	ˈtɛrʏkəˌkʰup
teruggekry	təˈrʌχkərə
teruggeskryf	təˈrʌχskrəf
teruggestuur	ˈtɛrʏkstʏr
teruggetrek	ˈtɛrʏχˌtrɛk
teruggetrokke	təˈrʌχkətroʊkə
teruggeveg	tɛɾʏχɣəˈvɛχ
teruggevlieg	ˈtɛrʏxəˌfliχ
terughou	ˈtɛrəχou̯
terughoudend	ˈtɛːryˌɦɔʏ̯dən
terughê	təˈrɦɛ
terugkeer	təˈrʏkˌkɪə̯
terugkerende	ˈtɛrʏkχəˌrɛndə
terugkerendes	təˈrʌχkərəntəs
terugkom	təˈrʌkʰɔm
terugkoms	ˈtɛrʏkɔms
terugkoop	ˈtɛrʏkʰup
terugkry	təˈrʌkχrai̯
terugkyk	tɛruχkəɪk
terugneem	təˈrʌχnɛm
terugpak	ˈtɛrʏkpɑk
terugreik	təˈrʌχrɛik
terugroep	təˈrʌχrœp
terugry	ˈtɛrʏχrɪ
terugsit	təˈrɪχsɪt
terugskou	təˈrʌxsku
terugslag	ˈtɛrʏχsɫɑχ
terugstap	təˈrɜχˌstɑp
terugsturen	təˈrʌχstyːn
terugtog	ˈtɛrʏχtɔχ
terugtrek	ˈtɛrʏkˌtrɛk
terugtrekke	təˈrʌχtrɛkə
terugtrekking	ˈtɛrʏkˌtrɛkɪŋ
terugval	təˈrɜχfɑl
terugvat	təˈrʌχfɑt
terugveg	təˈrʌχfɛχ
terugvlieg	tɛɾʏkflɪəχ
terugvoer	tˈrɛxfˌur
terugwen	ˈtɛruχʍən
terugwerkt	ˈtɛrʏkʋɛrkt
terugzien	təˈrʏksin
terukeer	təˈrʏkɪə̯
teruste	tɛruˈstə
terwyl	ˈtɛrʍəl
tesame	ˈtɛsəme
tesis	ˈtɛsɪs
tesselschade	ˈtɛsəlˌʃɑːdə
testament	ˈtɛsəˌment
testamente	tɛsəˈmentə
teuels	ˈtœʏ̯əls
teug	tøːk
teug	tʲːɛ
teutone	ˈtøːtəne
teveel	ˈtɛvəl
tevergeefs	teːvərɣefs
tevore	ˈtɛvɔrɛ
tevrede	təfrədə
tevrede	ˈtɛːfrɛdə
tevredenheid	ˈtɛːvrəˌdɛnɦəɪ̯t
teë	teː
teël	teːl
teëls	teːls
teënkom	teːŋkɔm
teëparty	teːˈpɑːrti
teëstand	teːˈstɑnt
tf1	θɛf
thalers	θɑːləʃ
than	θæn
thank	θæŋk
thankful	θæŋkful
thanks	θæŋks
that	θæt
the	θeː
thebus	θəˈbʌs
thee	θiː
their	θɛː
them	ðəm
theme	θiːmə
then	θən
theo	θuː
there	θɛː
thermopilae	θɛrmɔpɪlɑː
they	θaɪ
thierry	θiːri
think	θɪŋk
thinking	θɪŋk
this	θɪs
thomas	tˈoməs
thomas	ˈtɔməʃ
those	θuː
thou	θu
thought	θoʊt
through	θruː
thunder	θʌndər
thurn	θurn
thy	θiː
thübingen	θyβənʃən
ti	ti
tien	tiən
tien-sent	tiənˈsɛnt
tiende	tiŋdɛ
tiende	tiːndə
tiendes	tiːˈdens
tienduisende	tiə̃dɪusə̃ndə
tiener	tiːə̯nər
tienerjare	tiːə̯rjɑːrə
tienermeisie	tiːə̯rmeɪ̯siə̯
tienmaal	tiə̃mɑːl
tiepolo	tiə́polo
tier	tiːr
tier	tˈiɾ
tiete	tiə́tə
tik	tiːk
tik	tɨk
tikkie	ˈtɪkə
tikmasjien	ˈtɪkməʃiən
tikster	tˈɛkstɛr
tim	tiːm
time	tiːmə
times	taɪmz
timesharing	ˈtiməˌʃɑːrɪŋ
timmerman	tɛmmɛrman
timmy	ˈtɪmi
timothy	tiˈmɔɪti
tinette	ˈtinəˌtɛ
tipe	tɪpə
tipes	tipə
tipies	tipis
tipies	tiˈpiəs
tipiese	tiˈpiːsə
tiran	tiˈrɑn
tiranniseer	tiranesiːr
tirol	tiˈrɔl
titanic	titəˈnik
titel	tiko
titel	ˈtɪləl
titels	ˈtɪtəls
titta	ˈtɪtə
titus	titʊs
tjalie	ʃaːli
tjank	tʃɑŋk
tjankend	ʈʃɑŋkənt
tjek	tʃek
tjeks	ʈʃɛks
tjello	ʃɛloː
tjello-eienaar	tʃɛlóʔɛnɑːr
tjello-sonata	tʃɛloˈsɔnə
tjello-suites	ʃɛloˈsœi̯ts
tjello-verkoper	tʃɛloʋɛrˈkɔpər
to	tʊ
tobias	təʊbiəs
tockay	ˈtɔkɑi̯
toe	tsˈoː
toe	tʊ
toe--geef--lik	tʊi̯ˈɣiːfˌlik
toe-geeeef-likheid	ˈtʊəχɪəfləkəit
toe-geef-lik	tʊi̯ɣəɪ̯fəlɪk
toebedeel	tʊə̯bɛˈdiːl
toebroodjie	ˈtuːbrudʒi
toebroodjies	ˈtʊəbrʊəɪ̯s
toedoen	ˈtœʊ̯dən
toedraai	tˈɪdrˈaɪn
toegang	ˈtʊə̯χɑŋ
toegangskodes	ˈtʊə̯ɣɑŋskɔdəs
toeganklik	ˈtœygɑŋklɪk
toegebind	tʊəɣəˈbint
toegedien	ˈtuχəˌdiən
toegee	tʊχi
toegeeflik	tʊəχɪfəlɪk
toegeeflikheid	ˈtuːχəflɪkɦɛit
toegegee	ˈtʊχəɣə
toegejuig	ˈtʊəχʏχ
toegeken	tʊəɣəken
toegekyk	ˈtʊəɣəkəx
toegelaat	ˈtʊəɣəˌlɑːt
toegemaak	ˈtʊəχəˌmɑːk
toegemessel	tʊəχəˈmɛsəl
toegeneendheid	ˈtuːχəˌnɛnthɪt
toegeprop	tʊχəprɔp
toegerus	ˈtuːgərʌs
toegesluit	tʊəɣəˈslœi̯t
toegesneeude	ˈtʊəɣəˌsneːu̯də
toegestaan	ˈtœygəˌstɑːn
toegevou	tʊəχəfu
toegewy	ˈtʊə̯ɣəi̯
toegewyd	tʊə̯ɣəˈvəi̯t
toegewyde	tʊə̯ˈɣʋiːdə
toegewydheid	ˈtʊə̯ɣəˌvəi̯təi̯t
toegooi	ˈtœygʊi
toehou	tʊəˈɦuː
toehy	ˈtʊəɪ
toeken	ˈtʊkən
toekenning	ˈtʊə̯kəˌnɪŋ
toekennings	ˈtœkəˌnɪŋs
toekom	ˈtʊə̯kʏm
toekoms	ˈtʊə̯kɔms
toekomsgebeure	ˈtʊə̯kɔmsχəˌbœːrə
toekomsplanne	ˈtʊə̯kɔmsplɑnə
toekomstige	ˈtʊə̯kʊŋstə
toekouers	ˈtʊkœrs
toekyk	ˈtœkəʏk
toelaat	ˈtuːləɦt
toelatingskommissie	ˈtʊələtɪŋskɔmɪsi
toemaak	ˈtʊə̯mək
toemaar	ˈtʊə̯mɑːr
toen	tʊən
toenadering	tʊnədəˈrɪŋ
toename	tʊnɔmɛ
toename	ˈtuːə̯mə
toenemende	tʊnəˈmɛndə
toer	tʏɾ
toer	ʈœr
toere	ˈtœrə
toergroep	ˈtœrχrup
toeris	tʊɾɪss
toeriste	tʊɾɛstɪ
toernooi	ˈtʊə̯rni
toernooijie	ˈtʊə̯rnuːi
toertjie	ˈtœrtjə
toertjie-kunstenaar	ˈtuːərtjəˌkʰʊnstəˌraː
toerusting	ˈtœːrʏstɪŋ
toesien	tsuɪ̯ə̯n
toesig	tsuɪχ
toesighoudende	tʊəsiχˈɦʊə̯dənə
toesighouer	tsuɪχuːr
toeskietlikheid	ˈtœskitələkɪə̯t
toeskouers	ˈtuːskœrs
toeslaan	tuslɑːn
toeslag	tʊə̯sˈlɑχ
toesluit	tsuɪ̯lœi̯t
toespraak	ˈtœʏspraːk
toespreek	ˈtœʏspɹɛk
toestaan	ˈtœʊ̯stɑːn
toestand	ˈtœʊ̯stɑnt
toestande	tʊəˈstɑːndə
toestel	tsistav
toestel	tʊəˈstɛl
toestelle	tʊəˈstɛlə
toestelle	ˈtuəstɛlə
toestellen	tʊəˈstɛlən
toestem	tʊəˈstɛm
toestemming	tʊə̯ˈstɛmɪŋ
toestop	tʊəˈstɔp
toets	tøts
toets	tˈɪts
toetse	tøtsə
toetsiens	tsuətsiəns
toeval	tˈɪfˈɔl
toeval	ˈtʊəvəl
toevallig	ˈtʊə̯fɑləx
toevertrou	tˈufɛrtrˈˈo
toevertrou	ˈtœʋərtɹɔː
toewens	ˈtœʊ̯əns
toewy	ˈtʊəəi
toewyding	ˈtœʊ̯əɪ̯əŋ
toewys	ˈtʊə̯ə̯s
tof	tʊf
tog	tɔx
tog	ˈtɔχ
toilet	ˈtœylət
toiletmure	ˈtui̯ləmuːrə
toiletpapier	ˈtɔilpɑpɪr
toilette	tœjˈlɛtə
tokay	ˈtɔkɑːi
toki	tokʰi
tokkel	ˈtɔkəl
toksikologiese	ˈtɔksikɔləgiəsi
tokuma	ˈtʊkʊmə
tol	tɔːl
tolbos	toɫbos
toledo	tʊˈlɛːdo
tolerant	ˈtuləˌrɑːnt
tolgeld	ˈtɔlχɛlt
tolik	ˈtɔlək
tolk	tɔk
tollenaar	tˈolɛnaːɾ
tom	ˈtɔm
toma	ˈtoma
tomas	ˈtɔməs
tomaszewski	tʊməʃɛfski
tomaties	ˈtʊməˌtɪəs
tomato	ˈtɔmətoː
tomczyk	ˈtɔmtʃək
ton	tɔn
tone	tonə
toneel	ˈtunəl
toneelseel	tʊnəlsɛl
toneelspeel	ˈtunəlˌspɪə̯l
toneelspel	ˈtʊnəlspɛl
toneelspelers	ˈtunəlˌspɛləʃ
toneelstuk	ˈtunəlˌstyːk
toneeltjie	ˈtunəltʃi
toneeltjies	ˈtunəltjis
tonele	tonələ
toner	tʊˈnɛr
tong	tum
tong	ʈɔŋ
tonge	ˈtɔŋə
tonight	tonɪtʃ
tonnels	tɔnəls
tony	toni
too	tuː
tooi	tuːi
toom	tuːm
toon	tʊn
toonbank	tʊnˈbɑŋk
toonleer	tʊnˈlɪr
toonnaels	tʊnɑːl̪s
toor	tuə̯ɾ
toordery	ˈtʊə̯rdəri
toorn	tʊrn
toorn	tˈuɾum
toornigheid	ˈtœrŋɦəɪ̯t
toorpotloodjies	ˈtʊə̯rpɔtˌlœdiəs
top	tɔp
topografie	ˌtopograˈfi
toppe	ˈtɔpə
toppunt	ˈtɔppʏnt
torgau	ˈtɔrχɑʊ̯
torgny	ˈtɔrgni
toring	ˈtɔːrɪŋ
torn	tɔːrn
torpedo	ˈtɔːrpədeə
torso	ˈtɔrsə
tos	puls
toshio	tsɔʃiʊ
tosia	tsʊiə
tosiens	ˈtʊsiəns
tossels	tsɔsəls
tot	tɔt
totaal	ˈtɔtɑːl
totale	ˈtɔtələ
totdat	tʊtɑt
totdat	ˈtɔtdət
totsien	ˈtɔtsiən
totsiens	tutsiŋs
totsiens	ˈtɔtsiəns
tou	tuː
touch	tʊx
touché	tʃuːtʃeː
toue	tuə
toulouse	ˈtuləʊs
toulouse-kantoor	tuluskɑntʊr
toulouse-lautrec	tuləʊsˈlɔːtrɛk
toutjies	ˈtʌə̯tsiəs
tov	ˈtɔf
towenaar	ˈtʌʋəˌnɑːr
towenaars	tuəˈnɑːrs
tower-oopmaker	ˈtʊəɹʊpˌmɑːkər
towerbeeld	ˈtʌu̯ərbɛlt
towerdrank	ˈtʊəvəɹŋk
towerkrag	ˈtɔə̯rkrɑχ
traag	trɑːχ
traag	trˈɔx
traak	trɑːk
traak-my-nie-agtigheid	ˈtrɑːkmiˌniəχˌtʃɪəθ
traantjie	trɑːntʃi
traceerde	trɑːˈsɪːɾdə
tracker	trɑkər
tradisie	tradisi
tradisie	ˈtrɑːdiːsi
tradisies	ˈtrɑːdiːsiəs
tradisioneel	tradiʃunioau
tradisionele	tɹɑːdiʃʊnɛlə
tragedie	tʁɑdʒiː
tragedies	ˈtrɑːdʒədiəs
tragies	ˈtrɑːχis
tragiese	ˈtrɑːɣiəsə
train	tɹɛɪ̯n
trainer	ˈtrɛːnər
trakteer	tɹɑkˈtiːr
tralies	trɑˈlies
trane	trɑːnə
transaksie	ˈtrɑnsɑksi
transaksies	ˈtrɑnsɑksiə
transkei	tronsgaj
transliterasie	translɛtɛɾɔsi
transponders	ˈtrɑnspondərs
transvaal	transfɔːɫ
trap	trɑp
trap	tʃat
trapesium	tropiːziɛm
trapgang	ˈtrɑpχɑŋ
trappe	trɑpə
trapsgewys	ˈtrɑːpsəˌɣʋəɪ̯s
trapvormige	ˈtrɑːpfɔɹmiχə
trattoria	ˈtrɑtəɾiə
trauma	trɑʊ̯mə
traunspurger	trɑunspurχər
treatment	ˈtrɛtmənt
tree	trɪ
tree	tɹˈe
tref	trɛf
tref	t̪ɾes
treffend	tʁɛfɛnt
treffer	ˈtrɛfər
treffers	ˈtrɛfərs
trefslag	ˈtrɛfslɑχ
tregter	ˈtrɛχtər
trein	trajm
trein	tɾɛin
treinbesigheid	ˈtrɛɪ̯nbəˌsɪχˌɦɛit
treine	ˈtrɛi̯nə
treinkaartjies	ˈtrɛi̯nkaːrtʃis
treinspoor	trajnʃpulɛr
treintjie	trɛɪ̯ntʃi
treiter	ˈtrɛɪ̯tər
trek	trɛk
trekje	tʁɛkʲə
trekke	ˈtrɛkə
trekker	tɹɛkər
trekkertjie	ˈtrɛkərtʃi
trekklavier	ˈtrɛkklɑi̯fər
trekpas	tʁɛkˈpɑs
trekvoël	ˈtrɛkfuə̯l
trem	trɛn
trending	ˈtrɛndɪŋ
treptowpark-monument	tʁɛptɔfparkmɔnʊˈmɛnt
treur	trɪr
treurig	trɛːriχ
treurige	tʁœːriχə
treurigheid	trɛʊ̯rɪəxəi̯dʒ
treurspel	triːˈɾspau̯
treë	tria
tribunaal	ˈtrɪβunɑːl
trieste	tɹiːə̯stə
trigonometrie	trəɣənɔmɛtrəɪ
trio	trɪu̯
triomf	trʏɔmf
triomfeer	tɹiʊ̯mfɪə̯
trippel	trɪpəl
tristram	ˈtrɪstræm
tritt	trɪt
trivia	triːviə
trixie	trɪkʃi
troebel	tɹʊə́bəl
troef	trʊə̯f
troefkaart	trøːfˈkɑːrt
troepe	trʊə́pə
troepemag	ˈtrʊpəˌmɑχ
troetelnaampie	trʊtəlˈnɑːmpi
trois	tɹoɪ̯s
trok	trɔk
trokke	trɔkə
trol	trɔl
trolle	trɔlə
tromboon	ˈtrɔmbun
tromgerommel	trɔmχəˈrɔməɫ
tromme	trɔmə
trommel	tromau
tromp	trɔmp
trompet	trɔmˈpɛt
trompetspeler	ˈtrɔmpətəsplɪə
tronk	tʀɔŋk
tronkbewaarder	trɔŋkəbʋɑːrder
tronkdirekteur	tɹɔŋkdiɾɛktœːr
tronke	trɔŋkə
tronkstraf	tɹɔŋkstrɑːf
tronktoe	tʀɔŋktoː
tronkvoël	trɔŋkfœl
troon	truːɛn
troon	trʊːn
troonopvolger	tɹʊə̯nɔpˈfɔɫχər
troos	trʊə̯s
troos	tɾuːəs
troot	trʊt
trop	trɔp
trop	trˈɔp
troposfeer	tɾɔpʊsfiɾ
troppe	trɔpə
troskie	tɾɔski
trots	kɾots
trots	trɔts
trotse	tɹɔtsə
trotseer	ˈtrɔtsiːr
trotserend	trotsiɛrɛnt
trou	trau̯
trou	trʌu
troudag	tɹʊə̯ˈdɑχ
troue	truːə
troueloos	truːəloːs
trouelose	truːəlɔːsə
trouens	trʌuns
trouens	tɾau̯enʃ
troues	trʉə́s
troufotos	tɹɔu̯fɔts
trougeskenk	tɹɔʊ̯χsəŋk
trouklere	trʊɔklɛːrə
troupresent	truːprəˈsɛnt
trourok	trʊˈrɔk
trousse	trʊs
true	trʉː
trui	fɾɔj
truman	tɹʊˈmɑːn
trumanillo	tɹumɑːnɪʎoʊ
truspieël	tɹˈispˈil
trust	trʏst
trustbeampte	ˈtrʌstbɛmpte
truuk	tr̝ik
truuks	trʏks
très	tʁeː
tsaar	tsɑːr
tshwane	tʃoˈne
tsjeggies	tʃɛχis
tskż	tsɪkə
tsotsi	tsotsi
tsumeb	tsʊmɛp
tsunehiko	tsunəˈhiːkoː
tsyganova	tsiɣanova
tu	tuː
tuberkulose	tʏbɛrkuˈloːsə
tugtiging	tʏkˈtɪəχ
tuig	tɔjˈv
tuileries	tyːlɪəɾiəs
tuimelaar	tɥiːməˈlɑːr
tuin	tyːn
tuin	ɛ̃im
tuinbank	tyːnˈbɑŋk
tuine	tɥiːnə
tuinhuisies	ˈtœynˌɦœi̯sə
tuinier	tyːˈniːr
tuinstoele	tyːnˈstulə
tuinvurk	tyːnˈfʏrk
tuis	kəs
tuis	tsɥɪs
tuisgaan	tsɥiʃˈɦɑːn
tuisgekom	tsɪsχʊkʏm
tuisgemaak	tɪɪ̯sχəˈmɑːk
tuisgemaakte	tɪɪsχəˈmɑːktə
tuishawe	ˈtœy̯sɑːvə
tuiskom	ˈtœy̯skɔm
tuisland	tɪisˈlant
tuiste	ˈtœy̯stə
tulbagh	tʊɫbɑx
tulp	tɔp
tulp	ˈtʏlp
tunner	tʊnər
turbo	ˈtʊrboː
turk	tʏrk
turke	ˈtɜːrkə
turkeie	ˈtɜːrkiə
turn	tʏrn
turned	tʏrn̥d
turner	tʏrnər
tuskaan	ˈtʊskɑːn
tussen	tsʏsən
tussenin	ˈtʏsənɪn
tussenposes	ˈtʏsənˌpɔsəs
tussentyd	ˈtusəntɪə
tut	ʈʊt
tutti	ˈtʊti
tuwim	ˈtʃuβəm
tv	tf
tv-kykers	tfɪkəxər
tv-program	ˈtfeɪ̯proˌgɹɑm
tv-programme	tfprəˈgrɑːmə
tv-reekse	ˈtfuːrɪksə
tv-styl	ˈtfstil
twaalf	twˈɑlf
twaalf	ˈtwaːləf
twaalfjarige	ˈtwaːlfrəgə
twaalfstappen	ˈtwaːlfstapən
twaalfuur	tʋaːlfr̩ː
twak	tˈvɑk
twak	ˈtwɑk
twakpraat	ˈtʋɑkprɑːt
tweak	tʃʰɪk
twee	tʋeː
twee-en-twintig	propiaintuantax
tweede	tʋiːə
tweedehands	ˈtʋɪə̯dəˌhɑns
tweedeklas	tʋiːdəˈklɑs
tweedens	ˈtʋiːdəns
tweederangse	ˈtʋɪə̯ɾɑŋsə
tweegesig	ˈtʋiəɣəsɪχ
tweegeveg	ˈtʋɛːχɛf
tweegevegte	tʋeːɣəˈvɛχtə
tweegveg	tʋiəɣfɛχ
tweeling	tɨwɨjɛlɛm
tweeling	tʋɪə́lɪŋ
tweeling-sus	ˈtʋɪə̯ləŋˌsʏs
tweelingsussie	tʋɪəˈlɪŋsʏsi
tweelingsuster	ˈtʋɪə̯lɪŋsʏstər
tweemaal	ˈtʋaːmaːl
tweemal	ˈtʋiːmɑl
tweerigting	tʋiəˈrɪəŋ
tweestryd	ˈtʋɪə̯strəi̯t
tweet	tʰʋiːt
tweeting	tʋeɪ̯tɪŋ
tweetjes	tʋɪtʃəs
tweetjies	tʃɪə́i̯s
tweets	tʃuːts
tweeuur	tʋɪu̯r
tweezitter	ˈtʋeːzɪtər
twintig	tɛntɛr
twintig	tʋintəx
twis	tsʊɪ̯s
twis	twˈɪs
twister	ˈtʋɪstə
twitter	ˈtwitər
two	tuː
twyfel	tʋifəl
twyfelagtige	ˈtʋifəlɑxtiɣə
ty	tə̟i̯
tyd	tɪi̯
tydbomme	tɪdbɔmə
tydelik	tɪɪ̯ˈdeːlək
tydelike	tɪɪ̯ˈdeːlikə
tydelike-aanhoudingssentrum	tiˈɾɛlikəˌɑ̃ːˌɦuːntəˌsɛntrʏm
tydens	tiːdəns
tydig	tiːɣ
tyding	tʏɪŋ
tydjie	tɪi̯di
tydmors	tʏdmɔrs
tydperk	tɪdpɛrk
tydrekening	tɪi̯drəˈkɛəŋ
tydsberekening	tɪtsbəˈreːkəŋ
tydskrif	tʏi̯skrɪf
tydskrifte	tʏi̯tskrɪftə
tydverdryf	tɪi̯tˈfɛrt
tye	tɪə
typography	tipoxafˈi
télé	teːlə
tête-a-tête	ˈtɛtəˌtɛtə
tëespraak	ˈtɛəsprak
tübingen	tyˈβiŋən
tür	tʏr
u	ə
u	ʏ
udo	ʊdoː
ufo	ʔufu
uh	ə
ui	ɥiː
ui	ʊ̟i̯
ui	ˈɔj
uie	ɥi
uier	ɥiːr
uiesop	ɥiəˈsɔp
uil	pau̯
uit	œɪt
uit	ʊ̟i̯t
uitbars	œyt̪ˈbɑrs
uitbarsting	ʊit̪ˈbɑrstɪŋ
uitbarstings	œyt̪ˈbɑrstɪŋs
uitbasuin	œytbɑˈsœin
uitbeelding	ʌi̯tˈbɛɫəŋ
uitbeweeg	œytbəˈʋiχ
uitblaas	œytˈblɑːs
uitblink	œytˈblɪŋk
uitbolt	œytbolt
uitbraai	ʔuitbraːi
uitbraak	ʌɪtˈbrak
uitbrand	ʉi̯tˈbrɑnt
uitbreek	œytˈbreːk
uitbreekpoging	œytˈbreːkˌpɔχɪŋ
uitbrei	œytˈbɪi̯
uitbring	œytˈbrɪŋ
uitbroei	œytˈbrœi̯
uitbuit	œytˈbœit
uitbuiting	ʉi̯tby̥ʉ̯tʃəŋ
uitbundig	œytˈbʌntəx
uitdaging	ʉi̯tˈdɑχɪŋ
uitdeel	ʌɪtdeɪ̯l
uitdeel	ˈeɪdˈoːl
uitdink	œytˈdɪŋk
uitdoof	œyt̪dʊf
uitdra	œytˈdraː
uitdruk	œytˈdrʏk
uitdrukking	œytˈdrʏkɪŋ
uitdruklike	œytˈdrʏkliχə
uitdryf	œytˈdrɪf
uiteen	ˈœytin
uiteindelik	ˈœytəi̯ndələk
uiteindelike	ˈœytəi̯ndələkə
uiteraard	əjtərɑːrt
uiteraard	ʔui̯təˈrɑːrt
uiterlike	ʉi̯tərlikə
uitermate	ʊi̯tɪrmɑtə
uiters	ʊi̯tərs
uiterste	ʉi̯tərstə
uiterstes	ʊi̯tərstəs
uitgaan	œytˈχɑːn
uitgaan	ˈeɪkən
uitgang	œytˈχɑŋ
uitgawe	œytχaʊ̯ə
uitgawes	ʌi̯tχɑʊ̯s
uitgeblaker	œytχblɑkər
uitgeblus	œytχblʏs
uitgebou	œytbəˈɣoʊ̯
uitgebrand	œytχəˈbrɑnt
uitgebreek	ʌɪtχəˈbrek
uitgebreid	ʌɪtχˈbɾɛit
uitgebreide	œytχbrei̯de
uitgebring	œytχəbrɪŋ
uitgebuit	œytχəβœit
uitgedeel	œytχdeːl
uitgedien	œytχdiən
uitgedink	œytχəˈdɪŋk
uitgedruk	œytχdɹʏk
uitgegaan	ʌɪtχəˈɣɑːn
uitgeglip	ʊi̯txəɣlɪp
uitgegooi	œytχgoʊi
uitgegrou	œʏtχəˈgruː
uitgehaak	œytχˈɦaːk
uitgehaal	ʌɪtχɑːl
uitgehangen	œytχˈɦɑŋə
uitgehou	œytχəu
uitgekies	œʏtχəˈkiəs
uitgeklim	œytχkɫɪm
uitgeknip	œytχknɪp
uitgekom	œytχkʊm
uitgekruip	œy̯tχkɾœy̯p
uitgekry	ʊi̯txəˈkrɪ
uitgelaat	œytχəˈlɑːt
uitgelag	œytχgəˈlɑχ
uitgeleef	œytχɛˈliːf
uitgeleen	œytχiˈleːn
uitgelek	œy̯tχɛlɛk
uitgeloop	œytχgəˈlup
uitgelos	œytχɛlos
uitgelê	œʏtχəˈle
uitgenooi	œyʈəˈnœi
uitgepak	œytχpɑk
uitgeplaas	œytχplɑːs
uitgeput	œytχsput
uitgereik	ʊi̯tχəˈrɛik
uitgeroei	œytχruˈi
uitgeroep	ʊi̯tχəˈrøːp
uitgerus	œytχəˈrʌs
uitgesaai	œytsəˈsɑi̯
uitgesien	œytxəsiən
uitgesit	œy̯tχsiθ
uitgeskop	œytxəskɔp
uitgeskree	ʉi̯tχskriː
uitgeskreeu	œytˈskriːu̯
uitgesluit	œytχslyt
uitgesmyt	ʉitχsˈmʏt
uitgesny	œytχsnɪ
uitgesoek	œytχsuk
uitgespel	œytxəspɛl
uitgespoeg	œytxəspuk
uitgespreek	œytχspɹɛk
uitgesprei	œytχsprɛi
uitgestal	œytˈxstɑl
uitgestap	œytxstɑp
uitgesteek	ʌɪtχəˈsteːk
uitgestel	œytxstɛl
uitgestem	œytˈxɪstɛm
uitgestoot	œytxstut
uitgestrekte	ʊi̯tχstrɛktə
uitgestuur	œytxstʰyːr
uitgesuig	œytχsœiχ
uitgesukkel	œytχsʏkəl
uitgeteld	œytχˈtɛlt
uitgetree	œytxəˈtrɛː
uitgetrek	œytχtrɛk
uitgevaar	œytχsɑːr
uitgevaardig	œytχvaːrdiχ
uitgevat	œytχəˈvɑt
uitgevind	œytχviːnt
uitgevoer	œytχfuːr
uitgevra	œytχfɹa
uitgevreet	œytχfɹeːt
uitgewer	œytχəˈvɛr
uitgewerk	œytχɛrˈk
uitgewers	ʌɪtχəβɛrs
uitgewyk	œytˈɣʏɪk
uitgooi	œytˈgɔi̯
uithaal	əʊtɦɑːl
uitheemse	ˈœy̯tɦeːmsə
uithelp	ʊitˈhɛlp
uithou	ʔui̯tɦou̯
uitjaag	œytˈʃaːχ
uitkeer	œytˈkɪr
uitkenbare	œyt̪kəˈnɑːrə
uitklaar	œytklɑːr
uitklaring	œytklɑːrɪŋ
uitklim	œytklɪm
uitkom	œytkɔm
uitkoms	œytˈkɔms
uitkruip	œytkrœy̆p
uitkry	œytkrʏ
uitkyk	œytˈkəχ
uitlaai	ʌɪtˈlɑːi
uitlaat	œytˈlɑːt
uitleen	əʊtəˈlɪən
uitlewer	ˈœy̯təlɛr
uitlewering	ˈœy̯təlɛə̯rɪŋ
uitlos	œytˈlɔs
uitlê	œytˈlɛː
uitmaak	ʉɪtˈmɑːk
uitmekaar	ʔʊitməˈkɑːr
uitmekaargeruk	œytmɛkɑːrχrʏk
uitmekaargeslaan	ʔuitmɛkɑrʃlɑːn
uitmis	œytmɪs
uitneem	œytˈnɛm
uitnemende	œʏtnəˈmɛndə
uitnodiging	œytnɔdiχɪŋ
uitnodigings	ˈœy̯tnodəχɪŋs
uitnooi	œytˈnɔi̯
uitoefen	ˈœy̯tʊfən
uitpak	œyt̪ˈpɑk
uitpak	ətpˈok
uitpraat	œytˈprɑːt
uitprobeer	œytprobeːr
uitputtend	œyt̪pʏt̪ənt
uitputtende	œyt̪pʏt̪əndə
uitroei	ˈaɪdɹˈi
uitroeier	œytˈrœi̯ər
uitroep	ʉi̯tˈruːp
uitroepteken	ʊi̯tˈrœptəken
uitrook	ʉi̯tˈrʊk
uitruik	œytˈrœyk
uitruil	œytˈrœy̯l
uitruiling	œytrœylɪŋ
uitruk	œɪ̯tˈrœk
uitrus	œytrʏs
uitrusting	ʌɪtrʏstɪŋ
uitsendings	œytsɛndɪŋs
uitsien	œytˈsiən
uitsig	œytsɪχ
uitsit	œytsɪt
uitskel	œytskəl
uitskiet	œytskiːt
uitskop	œytskɔp
uitskot	œytskɔt
uitskree	œytskreː
uitskryf	œytskrɪf
uitslae	œytslɑː
uitslag	œytslɑχ
uitsluip	œytslœp
uitsluitlik	œytslœitlik
uitsluitsel	œytslœytsəl
uitsmyter	œytsmʏtər
uitsoekerig	œytsœkəˈrɪχ
uitsoekerig	əjtsʏkɛrˈax
uitsondering	œytsɔndəˈrɪŋ
uitsonderings	œytˈsɔndəɾɪŋs
uitsonderlik	œytsɔndəˈrɪk
uitsonderlike	œytsɔndəˈrɪkə
uitspansel	œytˈspɑnsəl
uitspattig	ʉi̯tspɑtəχ
uitspattigheid	ʉi̯tspəˈtəχtəi̯t
uitspel	œytˈspɛl
uitspitten	œytˈspɪtə
uitspraak	œytˈsprɑːk
uitspreek	ʊitˈspɹɛk
uitstaan	œʏtˈstɑːn
uitstaande	ʌɪtʃtɑːndə
uitstallings	ʉi̯tʃtɑlɪŋs
uitstappie	œytˈstɑpə
uitstappies	œytˈstɑpəs
uitstek	œytˈstɛk
uitstekend	œytˈstɪkənt
uitstekende	œʏtˈstɛkəndə
uitstel	œʏtˈstɛl
uitsterf	əɾt̪st̪aɾf
uitstort	ʊitˈstɔrt
uitstyg	œʏtˈstɪχ
uitsuig	œtsœiχ
uitswel	œtsʋɛl
uittree	əˈtrɪə̯
uittrek	ʊi̯tˈrɛk
uitvaagsels	œytˈfɑːχsəls
uitvang	œytˈfɑŋ
uitvee	œytˈfeː
uitverkoop	œytfərˈkʰɔp
uitvind	œytfɪnt
uitvinder	œytfɪndər
uitvinding	œytfɪŋt
uitvindsel	œytfɪntsəl
uitvoer	œytˈfɪr
uitvoerende	œytˈfʊə̯rɛndə
uitvoerig	œytˈfʊəriχ
uitvoering	œytfuːəŋ
uitvoerings	œytfʊəˈrɪŋs
uitvra	œytˈfʀa
uitvryf	œytˈfrif
uitweg	œytˈʋɛχ
uitwei	œytˈʋaɪ
uitwerk	œytˈʋɛrk
uitwerking	œytˈʀɪŋkə
uitwerking	ˈɛɪtʋaːrkɛŋ
uitwerpsel	œytʋɛrpsəl
uitwerpsels	œytʋɛrpsəls
uitwis	œytvis
uitwissing	œytfɪsɪŋ
uitwys	œytʋɪs
ujiie	əˈçiː
ulbricht	ˈɜlbɹəχt
ulm	ʊləm
ulmhout	ˈulməʊt
ulrike	ˈɜːlrikə
ultimatum	ˈɪltɪmɑtʏm
um	ʏm
uncle	ʌŋkəl
und	ʌnt
under	ˈʌndər
undercoverzaak	ˈʊndərkʏfərˌzɑːk
understand	ˈʌndərstɑːnd
unicom	ˈjuːnɪkɔm
unie	ˈuniə
uniek	ˈuniːk
unieke	ˈuniːkə
uniform	ˈjunɪfɔrm
uniformpie	ˈɪnfɔɾmpi
uniforms	ˈjuːnɪfɔːms
united	ˈjʌnɪtɪd
univers	ˈɪnvɪrsi
universeel	ˈɪnɪvɛrsəl
universele	ˈɪnɪfɛrsələ
universiteit	ˈɪnvɪrsiˌtɛɪt
universiteit	ˌynivɛrsiˈtɛit
universiteit-studente	ˌynivəˈsɪtiːtˈstʏdənə
universiteite	ɪnɪvɛrsɪtɛɪt
universiteitsgeboue	ˌɪnvɪniˈsɪtɪtsχəˌbuə
unto	ʊntuː
up	əp
update	ˈʔaˌpdeɪt
updates	əpˈdʊts
upington	apɪŋtoːn
uppsala	ˈʔupsɑlə
ure	ʏrə
ursula	ˈʏrsələ
us	əs
uself	ʏsɛlf
ussr	ʏsər
uterus	ʏtəˈrʏs
uur	iːr
uur	yːr
uur	ʏr
uur-trein	ʏːrˈtrɛin
uurglas	ʏrɣlɑs
uurliks	ˈyrlˈɵks
uwe	əʊ
uylenburgh	ʏilənbʏrx
uzbekiese	ʏzˈbɪəsi
v	ʋ
v-k-c-n-r	ˈfɪkəŋ
v-o-r-k	foːrk
v-twin	ˈfɪtwaɪn
vaag	faːχ
vaak	faːk
vaar	faːr
vaar	fɑːr
vaardighede	faːrdiχeːde
vaardigheid	faːɾdiʃt
vaartuig	faːrtœyχ
vaarwel	faːrʋəl
vaas	faːs
vaatjie	faːtʃi
vab	faβ
vabond	faβɔnt
vader	ˈfɑːdər
vaderfiguur	ˈfɑːdəɾfiˌkœyɾ
vaderland	ˈfɑːdərˌlɑnt
vaderlandsliedere	ˈfɑːdərlantsliːdərə
vaderlandsliefde	ˈfɑːdərlantslifdə
vadoek	ˈfɑːduək
vae	fok
vak	fok
vak	ʋɑk
vakansie	fakuntsi
vakansie	ˈfɑkənsi
vakansie-oord	ˈfɑkənsiʊrʊə̯rt
vakansiedae	ˈfɑkənsiəˌdɑi̯
vakansiedag	ˈfɑkənsiəˌdɑχ
vakansieoord	ˈfɑkənsiʊərt
vakansiewerk	ˈfɑkənsiəˌvɛrk
vakbondkongres	ˈfɑkbəntsˌkɔŋgris
vakkennis	ˈfɑkənɪs
vakleerling	ˈfɑkləɾəɫəŋ
vakmanne	ˈfɑkmanə
vakmanskap	ˈfɑkˌmɑnˌskɑp
val	faːl
valdeur	ˈfɑldœr
valence	ˈfɛləns
valentin	ˈfɑləˌtɪn
valentina	ˈfɑləˌtinə
valentino	ˈfɑːləˌtɪnoʊ
vall	ˈfɑl
vallei	fɑlˈlɑj
vallei	ˈfɑləi̯
valletjies	ˈfɑləˌtʃis
valmondois	ˈfɑlmɔndɔɪ̯s
valois	ˈfɑːlɔɪs
vals	ɦɑls
valsbek	ˈfɑlsbɛk
valse	ˈfɑlsə
valshede	ˈfɑlsəde
valsheid	ˈfɑlsχɪt
valskermregiment	ˈfɑlskɛrmrɪˌɣɪmənt
valskermsoldate	ˈfɑlskɛrmˌsɔldətə
valstrikke	ˈfɑlstrɪkə
valuta	ˈfɑːlʏtɑ
valya	ˈfɑljə
vampier	ˈfɑmpiər
van	san
van	ʋɑn
vanaand	fɑŋˈɔnt
vanaand	ˈfɑnɑːnt
vanaf	ˈfanaχ
vance	ˈfɑːnsə
vandaan	ˈfɑndaːn
vandag	fantaz
vandag	ˈfɑndɑχ
vandale	ˈfɑndələ
vandat	ˈfɑndət
vandoor	ˈfɑːndoːr
vanf	ʋɑːnəf
vang	ʋɑŋ
vangplek	ˈfɑŋplɛk
vangwa	fˈaŋlˌɔ
vanielje	vanˈɛljə
vanilla	ˈfɑnɪlə
vanilla-roomys	ˈfɑnɪləˈruːmɪs
vanmiddag	ˈfɑnmɪˌdaχ
vanmore	ˈfɑːnmoːrə
vanmôre	fɔmˈoːrə
vanmôre	ˈfɑnˌmœrə
vannaand	ˈfɑnɑːnt
vannag	fˈɛnˌɑg
vannag	ʋaˈnɑχ
vanne	fˈanə
vanoggend	faːnoχɛnd
vanoggend	vˈanˈɔxənt
vanop	vanɔp
vanself	ˈfɑnsɛlf
vanselfsprekend	ˈfɑnsəlspɹɛkənt
vanuit	ʋaːnœyt
vanwaar	ʋɑnˈʋɑr
vanweë	ʋɑnˈʋiː
varander	ˈvɑːrɑːndər
variteit	ˈvɑːritəit
vark	farak
vark	ʋɑrk
varke	ˈfɑrkə
varke-gees	ˈfɑrkeːs
varkhok	ˈfɑrχɔk
varkhond	ˈfɑrχənt
varkies	ˈfɑrkiəs
varkpoot	ˈfɑrgput
varkvel	ˈfɑrgfəl
varkvet	ˈfɑrkvɛt
varkvleis	ˈfɑrgflɛɪ̯s
varkwors	ˈfɑrgʋɔrs
vars	faːrs
vars	fˈas
vars-groen	ˈfɑrsχrun
varser	ˈfɑrsər
varsheid	ˈfɑrʃɦɪt
vas	fas
vas	vas
vasal	ˈfɑsəl
vasalle	ˈfɑsələ
vasals	ˈfɑsəls
vasberade	ˈfɑsbəɾaːdə
vasberadenheid	ˈfɑsbəɾaːdəŋɦɪə̯t
vasbeslote	ˈfɑsbəˌslɔtə
vase	faːsə
vasektomie	ˈfɑsɛktoːmi
vasgebind	ˈfɑsχəˌbint
vasgebyt	ˈfɑsχəɪ̯pt
vasgegryp	ˈfɑsχəˌχrɪp
vasgehou	ˈfɑsχəʊ
vasgekeer	ˈfɑsχiˌkɪr
vasgekeerdes	ˈfɑsχiˌkɪəɾdəs
vasgeklem	ˈfɑsχəklɛm
vasgeloop	ˈfɑsχəˌlʊp
vasgelê	ˈfɑsχəˌleː
vasgemaak	ˈfɑsχəˌmɑːk
vasgepen	ˈfɑsχəpən
vasgeskop	ˈfɑsχɛskɔp
vasgesteek	ˈfɑsχəˌstɪk
vasgestel	ˈfɑsχəˌstɛl
vasgeval	ˈfɑsχəˌfɑl
vasgevang	ˈfɑsχəˌfɑŋ
vashou	faʃuː
vaskeer	ˈfɑskɪr
vasklem	ˈfɑsklɛm
vasklou	ˈfɑsklʊə
vasknoop	ˈfɑsknup
vasloop	ˈfɑsloːp
vaslê	ˈfɑsle
vassit	ˈfɑsət
vassteek	ˈfɑstiːk
vasstel	fastˈoɾ
vasstel	ˈfɑstəl
vaste	vaste
vastebates	ˈfɑstəbɑtəs
vasteland	fastɑlɑnt
vasteland	ˈfɑstəland
vaster	ˈfɑstər
vastrek	ˈfɑstʀɛk
vaststelling	ˈfɑstəlɪŋ
vasvra	ˈfɑsfrɑ
vat	ʋɑt
vate	ˈfɑːtə
vatikaan	ˈfɑːtɪkɑːn
vc	ʃ
ve	feː
veb	βɛp
vedra	ˈfɛə̯drɑ
vee	feː
vee	fiel
veel	feːl
veeld	feːlt
veeleisend	ˈfɛːləi̯sənt
veels	feːls
veelsydig	filsajdə
veer	feːr
veer	fiel
veerboot	feːɾˈbʊt
veerhoed	feːrɦut
veerpyltjies	feːrpɪltʃis
veertig	ˈfɪə̯rtəx
veertjie	feːrtʃi
veertjies	feːrtʃiə
veeveiling	ˈfɪə̯fəɪ̯ləŋ
veg	feχ
veg	fˈax
vegan	ˈfɛɣən
vegtend	ˈfɛχtənt
vegtende	ˈfɛxtəntə
vegter	feχtər
vegvliegtuie	ˈfɛχfliχtui̯ə
vegvliënier	ˈfɛχflɪəˌniə
veilig	sajlɑq
veilig	ˈfɛilɪχ
veilige	ˈfɛi̯ləxə
veiliger	ˈfɛilɪχər
veiligheid	ˈfɛiləχɪt
veiligheidsbeelden	ˈfɛiləχdɪsbɛːlən
veiligheidsdiens	ˈfɛilɪəxtsdiə̃s
veiligheidsdienste	ˈfɛilɪəxətsdiːnsə
veiligheidsfout	ˈfɛilɪçfʌut
veiligheidsheinings	ˈfɛilɪəxəins
veiligheidskoene	ˈfɛilɪçɦɛitskœnə
veiligheidsplan	ˈfɛilɪəxəplɑn
veiligheidsploeg	ˈfɛilɪəxdsplœχ
veiligheidspolisie	ˈfɛilɪçˌhɛitspolisɪ
veiligheidsredes	ˈfɛilɪəxəˌrɛːdə
veiling	ˈfɛilɪŋ
veins	fɛɪ̯ns
vektore	ˈfɛktərə
vel	fˈaʊ
vel	ʋɛl
veld	fˈɛlt
veld	ɸɛlt
velde	ˈfɛldə
veldmaarskalk	ˈfɛltmɑːrskɑk
veldslag	ˈfɛtslɑχ
veldtog	fˈɛltˈɔr
veldtog	ˈfɛltɔχ
vele	ˈfɛlə
velgenreiniger	ˈfɛlχnəɪ̯nɪχər
velle	ˈfɛlə
velletjie	ˈfɛlətʃi
veltogte	ˈfɛltɔχtə
venesiaans	penjˈsjˈanʃ
venesiese	ˈvɛnəsɪə
veni	ˈfeni
venisiese	ˈfɛnisɪə
venisië	ˈvɛnisiə
vennoot	ˈfənʊət
vennootskap	ˈfənʊtskɑp
venote	ˈfɛnətə
venster	fenktser
venster	ˈfɛnstər
vensterbank	tɛŋstɛrfɑŋk
vensterherstel	ˈfɛnstərˌhɛrstəl
vensters	pɛntstɔrs
vensters	ˈfɛnstəʁs
vensterseep	ˈfɛnstəˌsip
vent	fˈɪnt
vent	ʋɛnt
ventilasie	ˈfɛntɪlɑˌsi
venus	ˈfɛnʏs
venyn	feneɪn
ver	fr̥
ver-spot-tigheid	ˈfɛrspɔttəi̯χ
vera	fəˈraː
veraaier	fəˈrɑɪ̯ər
veraaiers	ˈfɛraɪ̯ərs
verafsku	fəˈrafskʰu
verag	fəˈrɑχ
veragtelik	fəˈrɑxtələk
veragtelike	fəˈrɑxtələkə
veragting	ˈfɛrɑxtɪŋ
veral	fesau
veral	fəˈrɑl
veranda	ˈfɛːrəndə
verander	fəˈrɑːndər
verander	sɛrˈandər
veranderd	fəˈrɑːndərt
verandering	fəˌrɑːnəˈdiŋ
veranderinge	fəˈrɑːndɪŋə
veranderlik	fɛrɑndɑrlɯ̞k
verant	fəˈrɑːnt
verantwoordelik	ˈfɛrɑntʋɔːrələk
verantwoordelikes	ˌfɛrɑntˈʋoːɾdəlɪkəs
verantwoordelikhede	fəˌrɑntʃʊɐ̯dəˈlɪkə
verantwoordelikheid	fəˌrɑntsʋəi̯ˌɾɛɪ̯ɫəkɦəi̯t
verantwoordelikheid	fəˌɾɑntˈvoːrdɛləkɦɛit
veranwoordelikheid	ˌfɛrɑnˌvɔːrˌdɛlɪkˈɦɛit
veras	ˈfɛrɑs
verassing	ˈfɛrɑsɪŋ
verbaas	fɛrbɔs
verbaas	ˈfɛrβaːs
verban	fɛrbɔn
verban	ˈfɛrban
verband	fɛrbanˈd
verband	ˈfɛnbant
verbande	ˈfɛrbɑːndə
verbanning	ˈfɛrbənɪŋ
verbasende	ˈfɛrβasəntə
verbasing	ˈfɛrbəsəŋ
verbeel	fɛrbio
verbeel	ˈfɛrβɛːl
verbeelding	ˈfɛrbɛldəŋ
verbeeldingloosheid	ˈfɛrbɛɪ̯ləŋloːsɦit
verbeeldingsvriend	ˈfɛrbɛɪ̯ləŋsfrɪə̯nt
verberg	ˈfɛrbəχ
verbete	ˈfɛrbətə
verbeter	ˈfɛrbətər
verbetering	ˈfɛrbətərəŋ
verbeteringskool	ˈfɛrbətərəŋskuːl
verbeurdverklaar	ˈfɛrβœːrtfərˌkɑːr
verbied	ˈfɛrbiət
verbind	fəˈbint
verbind	fɛrpənt
verbinding	ˈfɛrbəŋdəŋ
verbindingsofficier	ˈfɛrbɪŋdəŋsʔɔfiˌsɪər
verbintenis	fɛrbɛntɛmɛs
verbintenis	ˈfɛrβintnis
verbintenisse	ˈfɛrbɪntənəsə
verbleikte	ˈfɛrblɪktə
verblind	ˈfɛrblint
verbloem	ˈfɛrblum
verbly	ˈfɛrbləi̯
verblyf	ˈfɛrblif
verbod	fɾpɔt
verbod	ˈfɛrbɔt
verbode	ˈfɛrbʊdə
verbond	fərbond
verbond	ˈfɛrbɔnt
verbonde	ˈfɛrbɔndə
verborge	ˈfɛrbɔrχə
verbrand	frɛbrant
verbrand	ˈfɛrβrɑnt
verbreed	fɛrbriːt
verbreek	ˈfɛrbrɛk
verbreking	ˈfɛrbrəəŋ
verbrokkel	ˈfɛrbrɔkəl
verbrou	ˈfɛrbrœu̯
verby	ˈfɛrbi
verbyflits	ˈfɛrbəflɪts
verbygaan	ˈfɛrbiˌɣɑːn
verbygangers	ˈfɛrbəχɑŋərs
verbygeloop	ˈfɛrbəjəlʊp
verbykom	ˈfɛrbəˌkɔm
vercijferde	ˈfɛrsiˌfɛrdə
vercors	ˈfɛrkɔrs
verdaag	ˈfɛrdaːχ
verdag	fəˈrɑχ
verdag	vɛrdˈɑx
verdagte	ˈfɛrdaχtə
verdagtes	ˈfɛrdaχtəs
verdamp	ˈfɛrdaːmp
verdedig	fərdˈɪrəx
verdedig	ˈfɛrðəɦiχ
verdediging	ˈfɛrðəɦɪŋ
verdedigingsraad	ˈfɛrðəɦiŋsraːt
verdeel	fəˈdiːl
verdeel	fɛrdiːl
verdekselse	ˈfɛrðɛksəlsə
verdeler	ˈfɛrdələr
verdelg	ˈfɛrdəlχ
verdeling	ˈfɛːɾdəlɪŋ
verdenking	ˈfɛrdenkɪŋ
verder	ˈfɛrdər
verdere	ˈfɛrdeɾə
verdi	ˈfɛrdi
verdien	fɛrdim
verdien	ˈfɛrdiən
verdienste	ˈfɛrdiːstə
verdiep	ˈfɛrdiːp
verdink	ˈfɛrtɪŋk
verdoem	ˈfɛrduːə̯m
verdoemenis	ˈfɛːrduːəˌminəs
verdoeming	ˈfɛrduːəŋ
verdoesel	fəˈduːsəl
verdof	ˈfɛrdoːf
verdom	ˈfɛɾdɔm
verdomde	ˈfɛɾdɔmdə
verdomme	ˈfɛɾdɔmə
verdomp	ˈfɛɾdɔmp
verdonker	ˈfɑrɾɔŋkər
verdonkering	ˈfɐrɾɔŋərχɪŋ
verdor	ˈfɛrdoːr
verdorie	ˈfɛrdoːriə
verdowing	səɾduːəbˈɛn
verdowing	ˈfɛrdoɪ̯ŋ
verdowings-verslaafde	ˈfɛrduəŋsfərˌslɑːftə
verdra	ˈfɛrdaː
verdraai	fɛrdraj
verdriet	ˈfɛrtrɪət
verdrietig	ˈfɛrtritəx
verdrink	ˈfɛrtrɪŋk
verdryf	ˈfɛrtrəi̯f
verdubbel	ˈfɛrɟʏbəl
verduidelik	ˈfɛrɟʏi̯ɛlik
verduideliking	ˈfɛrdiːdəlɪŋ
verduidelikings	ˈfɛrdiːdəlɪŋs
verduister	ˈfɛrɟʊi̯stər
verduistering	fɛrˈdɑistɯrɛn
verduistering	ˈfɛrdiːstəˌrɪŋ
verdun	ˈfɛrdʏn
verduur	ˈfɛrtyːr
verdwaal	ˈfɛrdaːl
verdwijn	ˈfɛrɟʊɪn
verdwyn	ˈfɛrtwaɪ̯n
verdwyning	ˈfɛrtʃinɪŋ
vere	ˈfɛrə
vere-glans	ˈfɛrɪglɑns
veredel	ˈvɛrɛdəl
vereer	ˈfɛrɪr
vereffen	fɛrɛfːɛn
vereffen	ˈfɛrɛfən
verehoed	ˈfɛrɦud
vereis	ˈfɛːrɛis
vereiste	frəjstɛ
vereistes	ˈfɛəɪ̯stəs
verena-susters	ˈfɛːrənaˌsœstsər
verenig	fəˈrɛnɪχ
verenigde	ˈfɛːrəˌnɪχdə
vereniging	ˈfɛːrəˌniŋɪŋ
verenigings	fəˈɾeɪnχɪŋs
vererg	ˈfɛrɛχ
vererger	ˈfɛrɛrχər
verering	ˈvɛːrəŋ
verf	fr̥f
verf	fˈaɾs
verfilm	fəˈrɪlm
verfilming	ˈfɪlməŋ
verflenter	ˈfɛrfləntər
verflenterde	ˈfɛrfləntəɾdə
verfraai	ˈfɛrfrɑːi
verfris	ˈfɹɪs
verfrissend	fɛrfrɛsɛnt
verfwinkel	ˈfɛrfɪŋkəl
verfyn	ˈfɪə̯n
verfynde	ˈfɛɹfʏndə
verg	farʁ
verg	frχ
vergaan	fəˈgɑːn
vergader	ˈfɛrχaːdər
vergadering	ˈfɛrχaːdərɪŋ
vergaderings	ˈfɛrχɑːdərɪŋs
vergadersale	ˈfɛrχədɐˌsɑːlə
verganklikheid	ˈfɛrχɑŋkəlɪkɦɛit
vergas	ˈfɛrχas
vergassing	ˈfɛrχasɪŋ
vergeef	ˈfɛrχiːf
vergeeflik	ˈfɛrχɛːflək
vergeefs	ˈfɛrχɛfs
vergeer	ˈfɛrχɪr
vergeet	ˈfɛrχit
vergelyk	ˈfɛrχələk
vergelykbaar	ˈfɛrχəlɪkˌbɑːr
vergelyking	ˈfɛrχəlɪŋ
vergelykings	ˈfɛrχəlɪŋs
vergemaklik	fərɣəmˈɑklɪk
vergesel	ˈfɛrχəsəl
vergestalt	ˈfɛrχəstɑlt
vergete	ˈfɛrχətə
vergetelheid	ˈfɛrχətəlɦɪət
vergewe	ˈfɛrχə
vergewing	ˈfɛrχəʊŋ
vergifnis	ˈfɛrχɪfnɪs
vergiftig	ˈfɛrχɪftəx
vergis	ˈfɛrχɪs
vergiss	ˈfɛrχɪs
vergoed	ˈfɛrχut
vergoeding	frˈxudˈan
vergoeding	ˈfɛrχʊəiŋ
vergroot	ˈfɛrχruːt
vergrootglas	ˈfɛrχruːtχlɑs
vergroting	ˈfɛrχrʊəŋ
vergulde	ˈfɛrxəldə
vergunnings	ˈfɛrχʏŋɪŋs
verhaal	ˈfɛrɑːl
verhale	fəˈrɑːlə
verhandel	ˈfɛrɦɛndəl
verhard	ˈfɛrɑrt
verheerlik	fəˈɦɪə̯lək
verhef	ˈfɛrɦɛf
verhelder	ˈfɛrɦɛldər
verheug	ˈfɛrɦøːχ
verheugd	ˈfɛrɦœχt
verhewe	ˈfɛrɦɛʋə
verhinder	ˈfɛrɦɪndər
verhit	ˈfɛrɪt
verhitting	ˈfɛrχətɪŋ
verhoed	ˈfɛrɦut
verhoging	fəˈrɦoχəŋ
verhonger	foːŋər
verhoog	ˈfɛrɦuχ
verhoogd	ˈfɛrɦuχt
verhoogde	ˈfɛrɦʊəχdɛ
verhoognaam	ˈfɛrɦʊə̯nɑːm
verhoogverskynings	ˈfɛrɦʊə̯fərˌskəi̯ŋs
verhoor	ˈfɛrɦʊə̯r
verhouding	farahwdng
verhouding	ˈfɛrɔu̯ˌdiŋ
verhoudinge	ˈfɛrɦœy̯ˌdiŋə
verhuis	ˈfɛrɦœi̯s
verhuur	ˈfɛrɦyːr
verifieer	vˈɛrəfiɾˈ
verjaag	ˈfɛrjɑːχ
verjaar	ˈfɛrjɑːr
verjaardag	ˈfɛrjɑːrdɑχ
verjaardagparty	ˈfɛrjɑːrdɑxpɑːrti
verjaardagviering	ˈfɛrjɑːrdɑχfɪəˌrɪŋ
verjaardagwense	ˈfɛrjɑːrdɑχˌvɛnsə
verjaarsdag	farjɑwɑʃtɑh
verjaarsdag	ˈfɛrjɑːrsdɑχ
verjaarsdagpersente	ˈfɛrjɑːrsdɑxpəˌrɛntsə
verkeer	fɛrkijɛr
verkeerd	fɛrkiːrt
verkeerd	ˈfɛrkiːrt
verkeerde	ˈfɛrkiːrə
verkeerdelik	ˈfɛrkiːɾdələk
verkeerdloop	ˈfɛrkiːrtloːp
verkeerslig	fəɾˈkiəɾsˌlɪχ
verken	fɛrpim
verken	ˈfɛrkən
verkenner	ˈfɛr̥kənər
verkenners	ˈfɛr̥kənərs
verkerk	ˈfɛrkəɹk
verkies	fˈakˈis
verkies	ˈfɛrkiəs
verkiesing	ˈfɛrkiə̯sɪŋ
verkiesings	ˈfɛrkiəˌsɪŋs
verkiesingsamptenare	ˈfɛrkiəsɪŋsɑmptəˌnɑːr
verkiesingskommissie	ˈfɛrkiəsɪŋskɔmˌsi
verkla	ˈfɛɾkɫa
verklaar	fˈɛrklaɾ
verklaar	ˈfɛrklɑːr
verklae	ˈfɛɾkɫɑːi̯
verklank	ˈfɛɾklɑŋk
verklap	ˈfɛɾklɑp
verklaring	ˈfɛɾkɫaːrɪŋ
verklarings	ˈfɛrkləˌraɪ̯ŋs
verkleineer	ˈfɛrklinəɪ̯r
verklikker	ˈfɛɹklɪkər
verknies	ˈfɛrknis
verkondig	vɛrkˈɔndəx
verkondig	ˈfɛrkʊndəx
verkool	fərkvʊl
verkoop	fɛrˈkʊɐp
verkoop	ˈfɛrkuːp
verkoopstories	ˈfɛrkuːpstɔːris
verkope	ˈfɛrkuːpə
verkoper	ˈfɛrkuˌpɛr
verkoping	ˈfɛrkuːpɪŋ
verkort	ˈfɛrkɔrt
verkoue	ˈfɛrkuə
verkrag	ˈfɛrkrɑχ
verkragting	vɛrkrˈɑxtən
verkramp	fəˈkrɑmp
verkreukelde	ˈfɛrkrœykəldə
verkry	ˈfɛrkrə
verkwalik	ˈfɛrkwəˌlɪk
verkwikkend	ˈfɛrkikənt
verkwisting	ˈfɛrkuəstiŋ
verkyker	ˈfɛrkiχər
verkyn	ˈfɛrɪŋ
verlaagde	ˈfɛrɫaːχdə
verlaat	fəˈrɑːt
verlaat	fɛrˈlɑt
verlam	fəˈlɑm
verlamdes	ˈfɛrɫamdəs
verlamming	ˈfɛrlamɪŋ
verlang	farlaŋ
verlang	ˈfɛrlɑŋ
verlange	frɛlaŋe
verlange	ˈfɛrɫaŋə
verlangend	ˈfɛrlɑŋənt
verlate	fəˈɾɑːtə
verlate	fɛɾˈnɔtɛ
verlede	farˈliɾe
verlede	ˈfɛrləde
verleen	ˈfɛrleːn
verleentheid	ˈfɛrleːntɦɪə̯t
verleer	ˈfɛrliːr
verlei	ˈfɛrleɪ
verleidelik	ˈfɛrɫɪə̯dələk
verleidelike	ˈfɛrleidəlɪkə
verleiding	ˈfɛrleːədiŋ
verleier	ˈfɛːrliːər
verleiers	ˈfɛːrliə̯rs
verleng	fɛrleŋ
verleng	ˈfɛrləŋ
verlep	fɛrlɛp
verlepte	ˈfɛrlɛptə
verleë	fərliːə
verleë	ˈfɛrleː
verlief	ˈfɛrliːf
verliefd	ˈfɛrliəft
verliefde	ˈfɛrliːfdə
verliefdes	ˈfɛrliːfs
verlies	fəˈlɪə̯s
verliesrekening	ˈfɛrliəsˌrɪkəŋ
verlig	fəˈrɪχ
verligte	frɪlɪxta
verligte	ˈfɛrləχtə
verligting	ˈfɛrliχtəŋ
verligtingsmiddels	ˈfɛrləχtiŋsmidəls
verlof	senoːv
verlof	ˈfɛrlɔf
verloof	fəˈruːf
verloofde	fɛrˈluːftə
verloofde	ˈfɛrloːftə
verloofring	ˈfɛrloːfrɪŋ
verloop	ˈfɛrloʊp
verloor	fəˈruːr
verloor	fɛrˈlur
verloorders	ˈfɛrloːrdərs
verlore	ˈfɛrloːrə
verloren	ˈfɛrloːrən
verlos	ˈfɛrɫos
verlossingspad	ˈfɛrɫɔsɪŋspɑːt
verlowing	ˈfɛrloːəŋ
verloën	ˈfɛrloə̯n
verlustig	ˈfɛrɫystəx
vermaak	fəˈrɑk
vermaaklik	ˈfɛrmɑːkələk
vermaaklike	fərmˈaːklɪkə
vermaaklikheidsgroep	ˌfɛrmɑːkˌlɪkˌɦɛitsˌχruːp
vermag	fərmɑx
vermag	ˈfɛrmɑχ
vermeerder	fəˈmɪrɐr
vermeng	ˈfɛrmɛŋ
vermenigvuldig	ˈfɛrminχfʏlɪə
verminder	ˈfɛrmindər
vermink	ˈfɛrmɪŋk
vermis	ˈfɛrmɪs
vermisde	ˈfɛrmɪsdə
vermiste	ˈfɛrmistə
vermoed	ˈfɛrmut
vermoede	ˈfɛrmudə
vermoedelik	ˈfɛrmudələk
vermoedens	ˈfɛrmudəns
vermoei	ˈfɛrmuəi
vermoeid	ˈfɛrmʊi̯t
vermoeiend	ˈfɛrmuɪənt
vermom	ˈfɛrmɔm
vermomming	ˈfɛrmɔməŋ
vermoor	fɛrmuɾ
vermoor	ˈfɛrmʊə̯r
vermoorde	ˈfɛrmʊə̯rde
vermors	fɛrmɔɾs
vermors	ˈfɛrmɔrs
vermorsel	ˈfɛrmɔrsəl
vermorsing	ˈfɛrmɔrsɪŋ
vermoë	ˈfɛrmuə
vermoëns	ˈfɛrmuəns
vermy	fɛrmaj
vermy	ˈfɛrmi
vernaam	fəˈrɑːm
vernaamste	fəˈrɑːmstə
vername	ˈfɛrˌmaːnə
vernames	ˈfɛrnaməs
verneder	farnieðeɾ
verneder	ˈfɛrnədər
vernederd	ˈfɛrnədɛrt
vernederend	ˈfɛrnədəˌrɛnt
vernederende	ˈfɛrnədəˌrɛndə
vernedering	ˌfɛrnəˈdeːrɪŋ
verneem	fɛrnɪjɛm
verneem	ˈfɛrneːm
verneuk	ˈfɛrnøk
verniel	ˈfɛrniəl
verniet	fɛrˈnit
verniet	ˈfɛrniət
vernietig	vɛrmitˈɛ
vernietig	ˈfɛrniəˌtɪχ
vernietiging	ˈfɛrniəˌtiχiŋ
vernis	ˈfɛrnis
vernoem	ˈfɛrnuːm
vernuwe	ˈfɛrnuə
vernuwer	ˈfɛrnʊvər
vernuwing	ˈfɛrnʊəŋ
veronderstel	foːnɔnˈdɛrstəl
veronderstellings	fəˌnɔndərˈstɛlɪŋs
verongeluk	foːrɔŋgəlʏk
verontagsaam	fəˈrɔntɑχsɑːm
verontreinig	fəˌrɔntrɛɪ̯nɪχ
verontrustend	frɔntrʏstənt
verontrustende	foːˈrɔntrʏstənde
veroordeel	foːɾʊɾˈdiːɫ
veroordeel	fɛrˈuaɾtiel
veroordeelde	foːɹˈɔːɹdiːlə
veroordeling	ˈfɛrʊrˌdɛlɪŋ
veroorloof	foːroːˈluːf
veroorsaak	ˈfɛrʊrˌsɑːk
verouderde	fəˈrɔɪ̯dərdɛ
verower	ˈfɛrɔːr
verowering	foːˈrɔə̯rɪŋ
verpak	ˈfɛrpak
verpand	ˈfɛrpant
verpas	ˈfɛrpas
verpersoonlik	ˈfɛrpərsuːnlək
verpersoonliking	ˌfɛrpərsuːnlikəŋ
verpes	ˈfɛrpəs
verpeste	ˈfɛrpɛstə
verpestelike	ˈfɛrpɛstələkə
verpesting	ˈfɛrpəstəŋ
verpestte	ˈfɛrpəstə
verplaas	ˈfɛrplɑːs
verpleeg	farplʲeːx
verpleeg	ˈfɛrplɪχ
verpleegster	ˈfɛrplɪə̯χstər
verpleegsters	ˈfɛrplɪəxstərs
verpleegstertjie	ˈfɛrplɪə̯χstɛrkiə̯
verpletter	søɾplˈɛtˈɛɾ
verpletter	ˈfərplɛtər
verpletterd	ˈfərplɛtərtt
verpletterende	ˈfərplɛtərənde
verplig	ˈfɛrplɪχ
verpligte	fəɾˈplɪχtə
verpligte	ˈfɛrplɪkə
verpligting	ˈfɛrplɪχtɪŋ
verpligtinge	ˈfɛrplɪxtʃə
verraad	ˈfɛrɑːt
verraai	fəˈrɑːi̯
verraaier	ˈfɛrɑɪ̯ər
verraaiers	ˈfɛrɑɪ̯ərs
verraderlike	fəˈrɑːdəɾlikə
verras	ˈfɛrɑs
verrassend	fəˈrɑsənt
verrassende	fəˈrɑsəi̯ŋə
verrassing	fəˈrɑsɪŋ
verrassings	fəˈrɑsɪŋs
verrassinkie	frɑsɪŋki
verre	ˈfɛrə
verreis	ˈfɛrɛis
verrig	feɾax
verrig	ˈfɛrɪχ
verroes	ˈfɛrʊə̯s
verrot	fɛrˈot
verrot	ˈfɛrɔt
verrotte	ˈfɛrɔtə
verruil	ˈfɛrɪl
verrys	ˈfɛrəs
vers	fˈɛrs
versaak	ˈfɛrsaːk
versadig	ˈfərsədɪχ
versadiging	ˈfərsədiχɪŋ
versailles	ˈfɛrsəl
versamel	ˈfərsəməl
versamelaars	ˈfɛrsəməlɑːrs
versameling	ˈfɛrsəˌmɛə̯ŋ
versamelpunt	ˈfərsɑməlpʰʊnt
versamelstukke	ˈfərsəˌmɛlstʊkə
verse	ˈfɛrsə
verseker	ˈfɛrsəkər
versekering	fəˌɾsɛrkərɪŋ
versekering	ˈfɛrsəˌkɪŋə
verset	ˈfɛrsɛt
verseël	ˈfɛrsəl
versie	farˈsi
versie	ˈfɛrsiə
versier	frsi̯r
versier	ˈfɛrsiər
versierd	ˈfɛrsiːrt
versierde	ðərsˈiːrðə
versies	ˈfɛrsiəs
versigtig	ˈfɛrsɪxtəx
versigtiger	ˈfɛrsixtiχər
versigtigheid	ˈfɛrsɪçtəχdʰəi̯
versin	ˈfɛrsɪn
versitig	ˈfɛrsətəx
verskaf	ˈfɛrskɑf
verskaffer	ˈfərskɑfər
verskaffers	ˈfərskafərs
verskeep	ˈfərskip
verskeie	ˈfərʃiə
verskeur	ˈfərskœːr
verskeurde	ˈfərskœːrdə
verskietende	ˈfərskiːtənde
verskil	ˈfərskəl
verskille	ˈfərʃɪlə
verskillend	ˈfərskələnt
verskillende	ˈfərʃɪləŋdə
verskoning	ˈfərskʊəŋ
verskonings	ˈfərskʊəŋs
verskoon	ˈessˈuːn
verskoon	ˈfərskuːn
verskrik	ˈfərskrɪk
verskrikking	ˈfərskrɪkɪŋ
verskriklik	ˈfərskrɪkliχ
verskriklike	ˈfərskrɪkliχə
verskuif	ˈfərskœi̯f
verskuiwing	ˈfərskuɪŋ
verskuldig	ˈfərskəgəl
verskyn	ˈfərsχən
verskyning	ˈfərʃʏŋ
verslaaf	fɛrˈslɑːf
verslaaf	ˈfərslɑːf
verslaafde	ˈfərslafdə
verslaafdes	ˈfərsɫɑːfdəs
verslaan	ˈfərslaːn
verslae	ˈfərslɑːj
verslag	fɛrslaħ
verslag	ˈfɛrslɑχ
verslaggewer	ˈfərslɑχχeːvər
verslane	ˈfərslɑːnə
verslap	ˈfərslɑp
versleg	ˈfərsɫɛχ
verslete	ˈfɛrsliːtə
verslind	ˈfərslənt
verslyt	ˈfərsɫit
versmag	ˈfərsmɑχ
versmelt	ˈfərsmɛlt
versmoor	ferssmwe
versmoor	ˈfərmuːr
versnaperinge	vɛrˈsnɑpərɛŋɛ
versnappering	ˈfərsnəpəˌrɪŋ
versnel	ˈfərsnɛl
versnelde	ˈfərsnɛldə
versoek	fɛrsuk
versoek	ˈfɛrsuːk
versoeke	ˈfərsukə
versoeking	ˈfɛrsuəˌkəŋ
versoen	ˈfɛrsun
versoening	ˈfɛrsʊəŋ
versorg	ˈfɛrsɔχ
versorgde	ˈfɛrsɔrχdə
versorging	ˈfɛrsɔrχɪŋ
versot	ˈfɛrsɔt
verspeel	ˈfərspiːl
verspieders	ˈfɛrspiːdərs
verspil	ˈfərspəl
verspot	tsɛstsot
verspot	ˈfərspot
verspotte	ˈfərspɔtə
versprei	ˈfərsprɛi
verspreidingsgebied	vərsprɛɪdɪŋsɣəbət
verstaan	fəˈrstɑːn
verstaanbaar	fəˈrstɑːnˌbɑːr
verstand	ˈfɛrstɑnt
verstandelike	ˈfɛrstɑndələkə
verstandig	ˈfɛrstɑndəχ
verstands-diarree	ˈfɛrstantdiəˌreː
verstane	fəˈstɑːnə
verstar	ˈfɛrstaːr
verstard	ˈfɛrstɑːrt
verste	ˈfɛrstə
versteek	ˈfɛrstəɪk
versteekte	ˈfɛrʃtɛktə
versteen	ˈfɛrʃtəːn
versteend	ˈfɛrsteːnt
verstellings	ˈfɛrstəlɪŋs
versterk	ˈfɛrstɛrk
versterking	ˈfɛrstərŋəŋ
versterkings	ˈfɛrstərəŋs
versterkte	ˈfɛrstəɹktə
versteur	ˈfɛrstəːr
versteurd	ˈfɛrstəːrt
verstik	frstək
verstik	ˈfɛrstɪk
verstom	ˈfɛrstɔm
verstommend	ˈfɛrstomənt
verstommende	fəˈrstɔmənde
verstoot	ˈfɛrstoːt
verstop	ˈfɛrstɔp
verstrik	ˈfɛrstrɪk
verstrooi	fəˈstrui̯
verstryk	fɛstrɛk
verstuiting	ˈfɛrstyːtəŋ
versuim	fɛrˈsaɪm
versuim	ˈfɛrsɪm
versvorm	ˈfərsfʁɔm
verswak	ˈfərsʋɑk
verswakte	ˈfərsʋɑktə
versweer	ˈfərsʋiːr
vertaal	ˈfɛrtɑːl
vertaan	fəˈrtaːn
vertaler	ˈfɛrtələr
vertaling	ˈfɛrtələŋ
verteenwoordig	ˈfɛːtəŋˌprɛstɪəx
verteenwoordiger	ˈfɛːtənəˌʋoːi̯dəχər
verteenwoordigers	ˈfɛrteːnˌʋoːrdiχərs
verteer	ˈfɛrtiːr
vertel	fɛrtˈaɫ
vertel	ˈfɛrtəl
verterende	ˈfɛtərəndə
vertikaal	ˈfɛrtikɑːl
vertolk	frəˈtɔk
vertonig	ˈfɛrtonəx
vertoning	fəˈtʊəŋ
vertoon	fəˈtruːn
vertoon-kabinet	ˈfɛrtuːnkəbiˌnɛt
vertoonkabinet	ˈfɛrtonkəˌbɪnɪt
vertoonstuk	fəɾˈtuːnˌstʏk
vertraag	sɛrˈtrax
vertraag	ˈfɛrtrɑːχ
vertraagde	ˈfɛrtraːχdə
vertraging	ˈfʀɑtχəŋ
vertrap	frəˈtrɑp
vertrek	fɛrtʃɛk
vertrek	ˈfretək
vertrekke	ˈftrɪkə
vertriest	ˈfɛrtrist
vertroebel	frəˈtrœu̯bəl
vertroos	ˈfɛrtroːs
vertroosting	ˈfɛrtroːstɪŋ
vertrou	frtrou
vertrou	frəˈtʌu̯
vertroud	fɛrtrou̯t
vertroud	ˈfɛrtroːt
vertroue	fɛrtˈrœʏ̯
vertrouelik	frəˈtʌi̯əɪk
vertroueling	frəˈtɔi̯əŋ
vertroueling	fɛrʃtɾauɛlɛn
vertroulikhede	ˈfɛrtroːlɪkəde
vertroulikheid	ˈfɛrtroːɫɪkɦɛit
vertwyfeling	fr̥tfiɪ̯ləŋ
vervaag	ˈfɛrvaχ
vervaardig	ˈfɛrvaːrdiχ
vervaardiger	ˈfɛrvaːrdiχər
verval	ˈfɛrfɑl
vervalle	ˈfɛrfɑlə
vervals	ˈfɛrvals
vervalsing	ˈfɛrvalʃəŋ
vervang	ˈfɛrvɑŋ
vervanging	ˈfɛrvɑχɪŋ
verveel	ˈfɛrfəl
verveeld	ˈfɛrfeːlt
verveeldheid	ˈfɛrvɛltɦəi̯t
vervelend	ˈfɛrfeːlənt
vervelens	ˈfɛrvələns
vervelig	ˈfɛrvələx
vervelige	ˈfɛrβəliχə
verveliger	ˈfɛrβəliχər
verveliges	ˈfɛrβɛliχəs
vervleg	ˈfɛrflɛχ
vervloek	frəˈblɪk
vervloekte	ˈfɛrflœktə
vervoer	fˈafˈfˈɛ
vervoer	ˈfɛrfør
vervolg	ˈfɛrvɔɫ
vervolging	ˈfɛɾβʊlχɪŋ
vervolmaking	ˈfɛɾfɔlməkɪŋ
vervreem	ˈfɛrfrɪə̯m
vervroeg	ˈfɛrfrœχ
vervul	ˈfɛrɦul
verwaand	ˈfɛrʋɑːnt
verwaarloos	ˈfɛrvaːrɫus
verwaarloosde	ˈfɛrvaːɾlʊsdə
verwag	ˈvɛrɑχ
verwagte	ˈfɛrɦaχtə
verwagtend	ˈvɛrɑχtənt
verwagtende	ˈfɛrɑχtəndə
verwagting	ˈfɛrɑχtɪŋ
verwagtinge	ˈvɛrɑχtɪŋə
verwant	ʋɛrˈʔɑnt
verwantskap	ˈfɛrʋɑntsxap
verwar	fəˈvaːr
verward	fəˈrɑːrd
verward	fɛrˈvart
verwarm	fɛrvarm
verwarm	ˈvɛrɑrm
verwarmers	ˈfɛrvɑrmərs
verwarrend	ʋɛrɑˈrɛnt
verwarring	ʋɛɾˈʔɑ̃iŋ
verwater	ˈfɛrvɑtər
verwed	ˈfɛrɛt
verweer	ˈfɛrvɪr
verweerder	fɛrviːrdər
verwek	ˈfɛrvək
verwelkom	ˈfɛrvəlkɔm
verwelkoming	ˈfɛrʋɛlkoməŋ
verwerdig	ˈfɛrvərdəx
verwerf	ˈfɛrvərf
verwerk	ˈfɛrvəɹk
verwerp	ˈfɛrvəɾp
verwerping	ˈfɛrʋɛrpəŋ
verwerplik	ˈfɛrvərplək
verwerpte	ˈfɛrvɛrptə
verwilder	ˈfɛrʌi̯ləɾ
verwilderd	ˈvɛrʌi̯lərt
verwissel	ˈfɛrəsəl
verwisselbaar	ˈfɛrəsəlbɑːr
verwittig	ˈfɛrɪtəx
verwoes	fɛrbəus
verwoes	ˈfɛrʋus
verwoeste	ˈfɛrʋuːstə
verwoestende	ˈfɛrʊə̯stɛndə
verwoesting	ˈfɛrʋuəstɪŋ
verwond	ʋɛrˈʔɔnt
verwondering	ˈvɛrʋɔndəˌrɪŋ
verwondes	ˈfɛrʊndəs
verwringings	ˈfɛrʌŋɪŋs
verwurg	fɛrvɛrˈx
verwurg	ʋɛrˈʁʏχ
verwyder	ˈfɛɾfɪə̯dər
verwyderde	ˈfɛrvəi̯ɾədə
verwyl	ʋɛrʏɪl
verwys	ˈfɛrʌis
verwysing	ˈfɛrʌi̯sɪŋ
verwyt	ˈfɛɻt
verwyte	ˈfɛrətə
very	frə
verydel	frɪˈdɛl
verys	ˈfɛə̯rəs
verysde	ˈfɛə̯rəsdi
verzwaarde	ˈfɛrtswaːrdə
veselperske	kisoɫpaˈʃka
vessenots	ˈfɛsənɔts
vestig	ˈfɛstəx
vesting	festam
vesting	ˈfɛstɪŋ
vet	βɛt
vetter	βɛtər
veurne	fʏrənə
vevak	fəˈvɑk
vi	viː
via	viə
viaduct	fɪəˈdʌkt
viborg	ˈfɪbɔχ
vibrasies	ˈfɪbrasiə
vibreer	vibrˈiɛr
vici	viːsi
vickertjie	ˈfɪkərtʃi
vicki	ˈfɪki
vicky	ˈfɪkə
victor	ˈfɪktər
victoria	fɪkˈtɔːria
video	viːˈdioː
video-speletjies	ˈfioːdeʃpələˌtʃis
videoboodskap	viːdeʊ̯ˈbʊtskɑp
vidi	viði
viendin	viə̃dən
vier	fˈiːr
vier	viːr
vierde	fiɾtə
vierde	viːɹdə
vierhoek	fˈiɾˌug
viering	fˈiːrəm
viering	ˈfiə̯rɪŋ
vierkant	viːɹˈkɑːnt
vierkante	fiɾˈkantɑ
vierkante	fiːɹˈkɑːnte
vierslag	ˈfɪərsɫɑχ
vieruur	viːrʊr
viervoud	ˈfiːərfuːt
vies	viəs
vieslik	viəslik
vietnam	viəˈtʃæm
vietnamoorlog	viətəˌmoːrlɔχ
vigan	vigɑn
viktor	ˈfɪktər
villa	ˈfɪə̯lə
villon	ˈfɪlɔn
vincent	ˈfɪntʃənt
vincents	ˈfɪntsəts
vind	ʋəɪnt
vindditvliegtuig	ˈfɪntiˌfliχtœiχ
vindingryk	ˈfɪntɪŋrək
vinger	ˈfɪŋər
vingerafdrukke	ˈfɪŋəɾafɹʏkə
vingerkom	ˈfɪŋərkɔm
vingernael	ˈfɪŋərnɑːl
vingernaels	ˈfɪŋəˌnɛls
vingers	ˈfɪŋərs
vingertjies	ˈfɪŋərtʃis
vinkel	ˈfɪŋkəl
vinkie	ʋɪŋkɪ
vinnig	ˈfɪnəx
vinnig-saamgestelde	ˈfɪnəxˈsɑːmgəˌstɛldə
vinnige	ˈfɪnɪχə
vinniger	ˈfɪnɪχər
viole	viɔlə
violet	fiólɛt
violette	viɔlɛtə
violis	viːɔlis
viool	fjoːoː
viool	viʊ̯ɔːl
vioolbou	viɔlbuː
vir	fəɾ
vir	fɨr
viraal	ˈfɪrɑːl
virginia	ˈfɪrʒiniə
virginie	ˈfɪrʒəni
virtuele	ˈfɪrʃuːlə
virtuoso	ˈfɪrtuəsə
virus	bresˈ
vis	vis
vis-gewemel	ˈfɪsχəˌβɛməl
vis-gewoel	visgʋɛl
visas	ˈfɪsəs
visgeur	ˈfɪsχɪr
visie-admiraal	ˈfɪsiəˌdmirɑːl
visioen	ˈfɪsiən
visioene	ˈfɪsioːnə
vision	ˈfɪʃən
visleder	ˈfɪslɛdər
vislyn	vislyn
visolie-bedryf	ˈfɪsiəˌbɛəfrif
visse	ˈfɪsə
visser	ˈfɪsər
visserige	ˈfɪsəraχ
visserman	ˈfɪsərˌman
vissie	ˈfɪsiə
visstok	ˈfɪsstɔk
visualiseer	vizialiːz
visualisering	ˌfɪsɪəlɪsɪŋ
visuele	ˈfɪsələ
visum	ˈfɪsʏm
visum-uitreikings	ˈfisʏmˌœytˌraɪ̯kɪŋs
visums	ˈfisʏms
visvang	ˈfɪsˌvɑŋ
vitae	ˈfɪtaɪ̯
vite	ʋitə
vitterige	ˈfɪtəɾɪχə
vla	flˈɑː
vlaams	flˈɑːns
vlaamse	flɛːmsə
vlaandere	flaːndɾɑ
vlaandere	flɑːndəʁə
vladder	flɑdər
vladimir	ˈfəltrɪtʃər
vlae	flaː
vlae	flɑː
vlag	flɑq
vlag	flɑχ
vlaggies	flɑχi
vlagsisteem	ˈfɫaχsistɪəm
vlak	flak
vlak	flɑk
vlakte	flɑktə
vlam	flam
vlam	flɑm
vlambare	flɑmˈbɑːrə
vlaming	fl̥ɑːmɪŋ
vlaminge	fləmiŋə
vlamme	flɑmə
vlammesee	flɑməsi
vlees	fliːɛs
vlees	flɪə̯s
vlei	fˈaɪv
vleie	flɪə
vleiend	flɛiənt
vleier	flɪəɾ
vleiery	flɪəɹi
vleierye	flɪəɹiə
vleis	flajs
vleis	flɛɪ̯s
vlek	ʃlɑk
vlekke	flɛkə
vleksiekte	flɛksikə
vlerk	flaɾ
vlerk	flɛrḱ
vlerke	flɛrkə
vlerkveer	flɛrkvɪr
vlermuis	flɛrmœʏs
vleuel	flˈio
vleuels	flɥɛls
vlieg	flɪχ
vlieg	flˈɪç
vliegbrevet	flɪχbrɛfət
vliegdekskip	flikɪkʃɪp
vlieglesse	flɪχlɛsə
vliegramp	flɪχrɑmp
vliegtuie	flɛçtɪə
vliegtuig	flɛχtœiχ
vliegtuig	flˈɪxtɛˈɵ
vliegtuig	ˈflɛi̯χtœyx
vliegtuigloods	flɛχtuɪχlʊts
vliegure	flɪχʊrə
vliegveld	flɪχfɛlt
vlieë	flieː
vlieë	fliːr
vlieënier	flieːəniə
vlieëniers	flieːəniə̯s
vlieër	flieːə
vlinder	flɪndər
vlinder	flˈɛndɚ
vlissingen	flɪsɪŋən
vlië	flie
vliëe	flieː
vliëende	flie̯əntə
vliëeplaag	flieːplaːχ
vloed	flˈʏt
vloede	fludə
vloei	flœi
vloei	flɔˈi
vloeibaar	flœi̯baːr
vloeibaarheid	flœi̯βaːrɦɛit
vloeiend	flœiənt
vloeiende	flœiənde
vloeistof	flœi̯stɔf
vloeistof	fɹˈeɪstɔf
vloek	flʊək
vloek	flˈɛk
vloer	flør
vloer	flʊə̯r
vloere	flɔːrə
vloermoer	flʊə̯mʊə̯r
vloeroppervlak	flʊərɔpərflɑk
vloerpanele	flœːrpɑːnələ
vloerplanke	flʊərplɑŋkə
vlokkige	flɔkiχə
vloot	flʊət
vloot	flˈuːɛt
vlot	flɔt
vlot	flˈɔk
vlug	fləx
vlug	flʏχ
vlug-vloedgolf	flʏχˈflœtχɔɫf
vlugplek	flʏχplɛk
vlugte	flʏχtə
vlugteling	flʏχtəling
vlugtelinge	flʏχtəˈlɪŋə
vlugtelingstatus	flʏχtəɪŋstɑtʏs
vlugtig	flʏχtɪχ
vluit	flaɪt
vly	fle
vly	flɪ
vlyery	flɪəɾi
vn	ʋə
vn-toesig	ˈfʌntʊəsɪχ
voc	voʊk
vodde	foːdə
vodka	ˈfɔtka
voed	foːt
voedsaam	foːtsɑːm
voedsel	foːtsəl
voedselpiramide	ˈfuətsəlpiɾəˌmaɪdə
voeer	foːr
voeg	fʊχ
voeg	fˈaɪx
voegloos	fʊə̯ɣloːs
voel	fou˥
voel	foːl
voelbaar	foːlˈbɑːr
voelers	foːlərs
voer	fʊə̯
voering	foːrɪŋ
voertsek	foːɹtsɛk
voertsek	futsˈak
voertuie	frɔɪ̯tɪ
voet	foːt
voet	fˈut
voetbadjie	foːt̪bɑɪ̯di
voetbal	fʏt̚bɔːl
voete	foːtə
voeter	foːtər
voetjie	foːtʃi
voetkwale	foːtkwaːlə
voetpaaie	foːtpaːi
voetsek	foːtsɛk
voetsoldate	foːtsɔlˈdɑtə
voetspore	foːtspʊə̯r
voetstappe	foːtˈstɑpə
voetval	foːtˈfɑl
voeë	foːə
voeër	foːi̯r
vog	voχ
vogelhuber	foχəlˈɦœβər
vogelspotten	ˈfɔχəlˌspɔtən
voicemail	ʋoɪsmiːl
voices	fɔɪ̯s
voilà	foʊˈlɑː
vokaal	fʊəkɑːl
vol	fou˥
vol	foːl
vol--maakt--heid	foːlˈmɑːkthɛit
voldoen	foːˈduən
voldoende	foːˈduːə̯ndə
voldonge	foːldɔŋə
volg	foɫχ
volga	foɫχa
volga-front	foɫgəfrənt
volgehoue	foɫχuə
volgelinge	ˈfɔəχəˌlɪŋə
volgende	fˈɔxəndə
volgende	ˈfɔlχəndə
volgendes	foɫˈχɛndəs
volgens	foːɣəns
volgeprop	foɫχəprɔp
volgetankte	ˈfɔlχəˌtɑŋkə
volgorde	foɫˈχɔːrde
volgroeid	foɫχrɔi̯t
volhard	foːɫˈɦɑrt
volhou	foːˈɦuː
volk	foːɫk
volke	foɫkə
volkere	foɫkɑɾɑ
volkome	foːɫkʊmə
volksgenote	foːɫksχəˈnɔtə
volkslied	foːɫsliːə̯t
volkslëer	foːɫsklɪə̯r
volksmoord	foːɫksmʊːrt
volkspolisie	foɫkspoʊliːsi
volkstedt	foɫkˈstɛt
volkswagen	fˈɔlksvɑːxən
vollard	foːˈlɑːrt
volle	foːlə
volledig	ˈfɔləɪəx
volledige	ˈfɔlədiχə
volmaak	ˈfɔlmək
volmaakte	ˈfɔlmɑːktə
volmaaktheid	foʊlˈmɑːkəθɛit
volmaan	foːlˈman
volmag	foːlmɑχ
volop	foːlop
volskaalse	ˈfɔlskɑːlsə
volskryf	foːlskrəf
volstop	foːlˈstɔp
voltaire	foʊlˈtɑɪ̯r
voltooi	ˈfɔltɔi̯
voltooiïng	ˈfɔltɔi̯əŋ
voltrek	foːlˈtrɛk
voltydse	ˈfɔltəsə
voluit	foːˈlœy̯t
volume	ˈfʊləmi
volwasse	foːˈlɑsə
volwassenes	foːˈlvasəs
volwassenheid	ˈfɔlvasəˌnɦɛit
von	ʋɔn
vond	ʋɔnt
vondel	ˈfɔndəl
vonk	foŋk
vonk	funk
vonkelwyn	ˈfɔŋkəlʋən
vonnet	ˈfɔnət
vonnis	ˈfɔnɪs
voog	fʊəχ
voogd	foχt
voogde	foːχdə
voogdyskap	foːχdɪskɑp
voogskap	foːxskɑp
voor	foːr
voor-berei-ding	foːrbəˈrai̯ɾəŋ
vooraanstaande	foːraːnˈstɑːndə
vooraf	foːˈrɑːf
vooraf-inligting	foːraːfɪnˈlɪə̯ŋt
voorafgaande	foːrafxɑːndə
voorafgegaan	foːraχfɛχɑːn
voorarm	fɔːrɑːrm
voorbarig	foːrˈbɑːrəx
voorbarige	foːrˈbɑːrɪχə
voorbeeld	vˈɔːrʋˈɪlt
voorbeeld	ˈfɔrˌʃeːl
voorbeelde	foːrˈbɛɪ̯lə
voorberei	foːrˈbɛi̯
voorbereid	foːrˈbɛːrəi̯t
voorbereiding	foːrˌbɛəˈrɛi̯ŋ
voorbereidingskamp	foːrˌbɛrɛɪ̯ŋskɑmp
voorbestemd	foːɾbəˈstɛmt
voorblad	foːrblɑt
voorblad-storie	foːrblɑtˈstɔːri
voordat	foːˈɾat
voordat	fɔɾˈtˈat
voordeel	foːrˈdiːl
voordele	foːɾˈdɛlə
voordelig	voːrdˈɪədəx
voordeur	foːrˈdyːr
voordoen	foːɾˈduːn
voordra	foːɾˈdra
voorgaan	foːrɣaːn
voorganger	foːrχɑŋər
voorgee	foːrɣeː
voorgegee	foːrɣəɣe
voorgehou	foːrχəu
voorgekom	foːrχʊŋ
voorgelees	foːrɣəˈlis
voorgeneem	foːrχəˈnim
voorgereg	foːrɣəˈrɛχ
voorgesit	foːrɣəˈsɪt
voorgeskryf	foːrɣəˈskrəf
voorgestel	foːrɣəˈstɛl
voorgesê	foːrɣəˈsɛː
voorgevoel	foːrɣəfuːl
voorgevoelens	foːrɣəfuːləns
voorheen	fuːɾhɪn
voorheen	fɔːrˈɦeːn
voorhiede	fɔːrˈɦiːdə
voorhoede	foːrɦudə
voorhoof	foːrɦuf
voorhou	fɔːrˈɦuː
voorjaar	fʊə̯rjɑːr
voorkeur	foːɹˈkøːr
voorkeure	foːɹˈkøːrə
voorkom	foːɹkʰɔm
voorkoming	foːɹˈkʊməŋ
voorkoms	foːɹkʏms
voorkop	foːɹkɔp
voorkop	fwɛrkɔp
voorlees	fɔːrleːs
voorletter	fʊərˈlɛtər
voorlopig	foːɹloːpəx
voorlopige	foːrˈlʊəχə
voorlê	foːrleː
voormalige	foːɔrməˈlɪχə
voorneme	foːrnəme
voornemens	foːrnəˈmɛns
vooroor	foːroːr
voorop	fɔːˈrɔp
voorouers	foːˈɔːrs
voorpos	fɔːrˈpɔs
voorposte	fʊːɹˈpɔstə
voorraad	foːˈraːt
voorraadstoor	fʊrɑːˈraːtsuːr
voorrade	foːˈrɑːdə
voorrang	foːˈrɑŋ
voorreg	fɔːrɛχ
voorregte	foːrɪχtə
voorsien	foːrsin
voorsienigheid	foːrsiəˈniχʰəɪ̯t
voorsit	foːrsɪt
voorsitter	foːrsɪtər
voorskiet	foːrʃit
voorskootband	foːrsˈkʊə̯t̪bɑnt
voorskot	foːrˈskɔt
voorskrif	foːrʃrɪf
voorskrifte	foːrskrɪftə
voorskryf	foːrskrɪf
voorskyn	foːrʃən
voorsmaakje	foːrsmakjə
voorsorge	foːrsɔrʒə
voorsorgmaatreël	foːrsɔrχmaːtrɛːl
voorsorgmaatreëls	foːrsɔrχˈmɑːtrɪə̯ls
voorspel	foːrspl̩
voorspelling	foːrsˈpɛlɪŋ
voorspellings	ˈfɔrsəˌlɪŋs
voorspoed	foːrspuːt
voorspoedig	foːrspuːdiχ
voorspoedig	voːrspɔədˈaːx
voorspoedige	foːrspuːdiχə
voorspraak	foːrsprɑːk
voorsprong	foːrsprɔŋ
voorstad	foːrˈstɑt
voorste	foːrstə
voorstel	foːrˈstɛl
voorstelle	foːrˈstɛlə
voorstelling	foːrstɛlɪŋ
voorstellings	foːrstəlɪŋs
voorstellingsbrief	foːrstɛlɪŋsbriːf
voort	foːrt
voort	fɔɾt
voortaan	foːrtɑːn
voortande	foːrtande
voortbring	foːrtˈrɪŋ
voortdreun	foːrtˈdrœn
voortdurend	foːrtˈdyːrənt
voortdurende	foːrtˈdyːrənə
voortgaan	foːrtχɑːn
voortgebring	foːrtχrɪŋ
voortgegaan	foːrtχəgɑːn
voortgesit	foːrtχəsiːt
voortleef	foːrtliːf
voortreflik	foːrtˈrɛflɪk
voortreflike	foːrtreːfləkə
voortsetting	foːrtˈsɛtɪŋ
voortsit	foːrtsɪt
voortuitgaan	foːrtœy̯tχaːn
voortwoed	foːrtʰuə̯t
voortydig	foːrtʏdiχ
vooruit	foːˈrœy̯t
vooruitbeplan	foːɹuitbəˈplan
vooruitgaan	foːˈrœy̯tχɑːn
vooruitgang	fɔːɹʉi̯tχɑŋ
vooruitgestuur	foːˈrœy̯təxˌstyːr
vooruitsien	fʊə̯ˈrœy̯tsiən
vooruitsigte	foːəˈrœy̯tʃɪktə
voorvader	foːrvɑːdər
voorvaders	foːrvɑːdərs
voorval	foːrˈfɑl
voorval	fueɾfal
voorwaar	foːˈʀɑːr
voorwaarde	fʊə̯ˈʀɑːrdə
voorwaardes	foːɐ̯ˈʔɑːrɛts
voorwaarts	fʊə̯ˈrɑːrts
voorwerp	foːrˈβɛrp
voorwerpe	foːrˈʋɛrpə
vor	foːr
vorder	fɔrdɛr
vorder	ˈfɔrdər
vordering	foɾðəɾen
vordering	ˈfɔːrdəŋə
vore	foːrɛ
vorentoe	foːrɛnˈtuː
vorige	ˈvɔːrɪχə
vorm	foram
vorm	foːrm
vorme	poɾla
vorming	forman
vorming	foːrmɪŋ
vorms	ʋɔrms
vors	fs
vorste	foːrstə
vos	fos
vou	foʊ
vous	vuːs
voël	foːl
voël	fœːl
voël-skare	foːlskɑːrə
voëlhandelaar	foːlˈhɑːndəˌlɑːr
voëlhok	foːlɔk
voëls	foːəls
voëls	fˈʊlz
voëlsaad	foːlˈsɑːt
voëltjie	foːɫtʃi
voëltjies	foːltʃis
voëlverklikker	foːəlfərklɪkər
voëlvry	foːlfrɪ
vr	fr
vra	fraː
vra	frɑ
vraag	frɑːx
vraag	frɑːχ
vrachtvliegtuig	frɑχftflɛi̯tœi̯x
vrae	frɑː
vrag	frɑχ
vragmotor	frɑːχmʊtɔr
vragmotorbestuurder	frɑχmoːtɔrβəstʏːrder
vragmotorlading	frɑχmʊtəɹlədɪŋ
vragmotorroof	frɑːχmʊtəruːf
vragskip	frɑɣskɪp
vrede	frɛdə
vrederyk	frəˈdeɪk
vredes-fietsresies	frɛdəsfiətsˈrɛsis
vredesoffer	frədɛsˈɔfər
vredestyd	frɛdəsɪt
vreedsaam	fɹeːtsɑːm
vreedsame	frɛːdsɑmə
vreemd	frimt
vreemd	frɛːm
vreemde	frɛːmə
vreemdeling	frɪmˈdɛlɪŋ
vreemdeling-werker	frɪmˌdɛlɪŋˈvɛrkər
vreemdelinge	frɛmdəlɪŋə
vreemdelingehaat	ˈfriəmdɛliŋəˌɦɑt
vreemdelingwerker	frɪmˈdəlɪŋwɛrkər
vreemdes	frɪmdəs
vreemdste	frɛmstə
vrees	frijes
vrees	frɪə̯s
vreesaanjaend	frɛsaːɲənt
vreesaanjaende	frɛsaːnʲɑːntə
vreesagtige	frɛsɑɣtɪχə
vreeslik	friːeːslɛk
vreeslik	frɛːslik
vreeslike	frɛːslikə
vreeslikste	frɛːslɪkstə
vreesloos	frɛːslus
vreet	frɪjɛt
vreet	frɪət
vrek	frɛk
vrese	frɛsə
vreugd	frœyχ
vreugde	frɥɛχdə
vreugde	frˈɪxtɛn
vreugdekrete	frɔɪχdɛkʀɛtə
vreugdes	frɔɣdəs
vreugdevure	fɹøːχdɪˈfʏːrə
vreugdevuur	frɔɪ̯ɣdɛˈvuːr
vriend	frɪənt
vriende	frɪə̃də
vriendekring	frɪŋdəkrɪŋ
vriendelik	frɪə̃nəˈlik
vriendelike	friːnˈdlɛkːe
vriendelike	frɪə̃nəˈlikə
vriendelikheid	fˈrɛndəlˌɛkˌɛɪt
vriendin	frɪəŋdɪn
vriendjie	frɪəntʃə
vriendjies	frɪə̃ɲə
vriendlik	frɪəŋlək
vriendskap	frɪə̃ŋskɑp
vriendskappe	frɪə̃ːŋskəpə
vrient	frint
vries	frɪs
vries	frˈiːs
vriesende	frɪsəntə
vrieskas	frɪə̯sˈkɑs
vroedvrou	frudfrʊ
vroeg	frøːχ
vroeg	frˈɵx
vroegste	frʊχstə
vroetel	fruːtˈoːl
vroetel	frʊtəl
vroeë	frɨla
vroeë	frʊə
vroeër	fruːe
vroeër	frœːr
vrolik	fruliχ
vrolike	frɨlɛkːa
vrolike	frʊliːkə
vroliker	frʊliˈkɛr
vrolikheid	fruliχəi̯t
vromes	frʌmə
vroomheid	frʌmɦɛit
vrot	frɔt
vroterds	frɔtərts
vrotkolle	frɔtkɔlə
vrotsig	frɔtsɪχ
vrotsige	frɔtsɪχə
vrou	frau
vrou	frou̯
vrou	frœu
vrou	frʌu̯
vrou-baas	frɔːβ̥ɑːs
vroue	frʊə
vroue-kring	frʊə̯kɹəŋ
vroue-stemreg-proteste	frʊə̯stɛmɾɛχprətɛs
vrouebestuurders	frɔːβ̥əβ̥ɪstʏrɐs
vrouehandjies	frʊə̯ˈhɑɲiəs
vrouehart	frʊə̯χɑːrt
vroueharte	frʊəɦɑːrtə
vroueliteratuur	frɔɪlɪtəˈrœr
vrouens	frʌuns
vrouepes	frʊəpəs
vroueregte	frʌʊ̯rɛχtʃə
vrouetydskrif	frɔɪtɪtskrɪf
vroulik	frɔɪ̯lək
vroulike	frɔɪ̯likə
vroutjie	frɔɪtʃi
vroutjies	frɔtʃis
vrouwenopvang	frɔɪ̯ənɔfˈfɑŋ
vroëer	frɔːi̯ər
vroër	frœːr
vrug	frʏχ
vrug	frˈɛx
vrugbaar	frʏχˈbɑːr
vrugbare	frʏχˈbɑːrə
vrugesap	frʏχəˈsɑp
vrugte	frʏχtə
vrugte	frˈuxta
vrugte-las	frʏχtəˈlɑs
vrugtebome	frʏχtəbomə
vrugtekonfyt	frʏχtəˈkɔnfit
vrugteloos	frʏχtəlʊs
vry	fraj
vry	frɪ
vrydag	frɪˈdɑχ
vrydenker	frɪdənkər
vrye	friː
vrye	frɪe
vryer	friːər
vryers	frɪərs
vryetyd	frɪəˈtɪt
vryf	frɪf
vryf	fɾf
vrygelaat	frɪχəˈlɑːt
vrygeleide	frɪχəˈlai̯də
vrygespring	frɪχsəprɪŋ
vrygestel	frɪχˈʃɛtəl
vrygewig	frɪχəβɪχ
vrygewig	fˈraːɪkˈɛ
vrygewigheid	frɪχəˈβɪəxt
vryheid	frɪˈçɪət
vrylaat	frɪˈlɑːt
vrylating	frɪlɑsiŋ
vrylatingsdatum	frɪlɑtɪŋsdʊtʊm
vrymaak	frəmaːk
vrymoedig	frɪˈmui̯təx
vrypostig	frɪˈpɔstχ
vrypostige	frɪpɔstɪχə
vrypostigheid	frɪpɔstɪχəi̯t
vryskeld	frɪskəɫ
vryskop	frɪskɔp
vryspring	frɪsʀɪŋ
vrystel	frɪˈstɛl
vrytjie	fɹiːtʃi
vrywillig	frɪˈvɪlɪəx
vrywillige	frɪˈvɪliχə
vrywilliger	frɪvilɪχər
vrywilligers	frɪˈvɪligərs
vsa	fsɑ
vuil	foɪl
vuile	viːlə
vuilgoed	foɪlχʊə̯t
vuis	fsʏ
vuis	fɔjs
vul	fou˥
vul	ɸul
vulgariteit	ˈfʊlgəriːtɛit
vulgêr	ˈfʊlχər
vulgêre	ˈfʊɫχərə
vulkaan	ˈfʊlˌkɑːn
vulkane	ˈfʊlkəne
vulling	ˈfʏləŋ
vullis	ˈfʏləʃ
vullisdromme	fœləsdromə
vulsel	fulsʊ
vure	ˈfʊrə
vurig	ˈfʊəχ
vurig-geliefde	ˈfʊriχχəlifdə
vurige	ˈfʊəχiɣə
vurk	fœrk
vuur	fyːr
vuur	fˈiɹ
vuur	ʋʏːr
vuurherd	foːrɪrt
vuurhoudjies	ʋuːrɦʊi̯diəs
vuurmaakhout	fʊːrmɑːχɔʊ̯t
vuurpyl	fr̥ɪpəl
vuurstroom	fʀʊəstrʌːm
vuurwapen	ʋuːrwɑpə
vuurwarm	fr̥ɔːrm
vuurwerk	fiːrvaːrk
vuurwerkvertoning	foːrˌʋɛrˌkfɛrˌtʊəŋ
vy	fə̟i̯
vyand	faɪənt
vyand	fɛant
vyande	faɪ̯ɛndə
vyandelike	ˈfjandələkə
vyandig	faɪ̯ɑːndəx
vyandige	faɪ̯ˈɑːndɪχə
vyandigheid	ˈfjandɪkʰəɪ̯t
vyandskap	faɪəntskɑp
vyf	ʃif
vyfde	ɸifdɛ
vyftien	fəftiən
vyftienhonderd	ˈfɪftiənˌhɔndəɾ
vyftigerjare	ˈfɪftəχrɛχə
vyl	fl̥
vyse	faɪ̯sə
vêrkyker	ˈfɛrkiχər
w	ʋ
w-e-e-k	ʋiːk
w-e-k	ʋɛk
wa	vaː
wa	vˈɑ
waaarom	ʋaːrɔm
waag	vaːχ
waag	vˈɔx
waaghalsig	vɑːrˈhɔːtsɑh
waagsaam	ʋɑːχˈsɑːm
waai	ʋaːi
waaier	ʋaːi̯ər
waak	ʋɑːk
waakeenheid	spɔːkjˈunitɛ
waaksaam	vˈɑːksɔːn
waaksaam	ʋɑːkˈsɑːm
waan	ʋɑːn
waansin	ʋɑːnsɪn
waansinnig	wˈɑnsˈɪnər
waansinnig	ʋɑːnsɪŋ
waar	ʋɑːr
waaraan	ʋaːˈrɑːn
waaragter	ʋaːrɑχtər
waarborg	ʋɑːrˈbɔrχ
waarby	ʋɑːrbi
waarde	ʋɑːrdə
waardeer	ʋɑːrdeːr
waardeloos	ʋɑːrdəˈloːs
waardelose	ʋɑːrdeˈlɔsə
waardes	ʋɑːrədə
waardeur	ʋɑːrdeʊ̯r
waardevol	bˈɔɾdfˈaʊ
waardevol	ʋɑːrdəfoːl
waardevolste	ʋɑːɾdəˈfɔlstə
waardig	ʋɑːrdiχ
waardige	ʋɑːrdiχə
waardiger	ʋɑːrdiχər
waardigheid	ʋɑːrˈdiɣənt
waargeneem	ʋɑːrχəˈnim
waarhede	ʋɑːrˈɦɛdə
waarheen	ʋaːˈrɪə̯n
waarheid	ʋɑːrˈɦit
waarin	ʋaːrɪn
waarkynlik	ʋɑːrˈkəɪ̯nlək
waarlik	ʋɑːrˈlɪk
waarmee	ʋaːrˈmeː
waarna	ʋaːɐ̯nə
waarnatoe	ʋɑːrˈnɑːtu
waarneem	ʋɑːrˈnɪm
waarnemer	ʋɑːrˈnɛmər
waarneming	ʋɑːrˈnɛːmɪŋ
waarnemings	ʋɑːrˈnɛmɪŋs
waarom	varoːm
waarom	ʋaːrɔm
waaronder	voːrʊˈʊndə
waaronder	ʋaːrɔnˈdɛr
waarookal	ʋaːroːkɑl
waaroor	ʋaːˈrʊə̯r
waarop	ʋaːrɔp
waarsku	ʋɑːrskʏ
waarskuwing	ʋɑːrsˈkœŋə
waarskuwingsbriefies	ʋɑːrsˈkœy̯ŋsˌbriə̯s
waarskuwingstekens	ʋɑːrskʏŋstəˈkɛns
waarskynlik	ʋɑːrsχʏnˈlik
waarskynlikste	ʋɑːrsχənˈlikstə
waarteen	ʋɑːrˈtʰin
waartoe	ʋaːɾtʊ
waaruit	ʋaːˈrœy̯t
waarvaan	ʋaːrˈfaːn
waarvan	ʋaːrˈfɑn
waarvandaan	ʋɑːrˈfɑnˌdɑːn
waarvolgens	ʋaːɾfoːlɪŋs
waarvoor	ʋɑːrfoːr
waatlemoen	ʋɑːtləˈmʊə̯n
waatlemoene	ʋɑːtləˈmʊə̯nə
waens	voɛns
waens	ʋɑːns
waerd	ʋɑːrt
wafel	vˈɔfəl
wafels	vaːfəls
wag	vˈax
wag	ʋɑχ
waggel	ʋɑχəl
waghou	vaχuː
waglys	ʋɑχləs
wagmeester	vaχmiːstə
wagte	ʋɑχtə
wagtend	ʋɑχtənt
wagwoord	vaχvɔːrt
wagwoord	ʋˈɑçvʊɾt
wait	vaɪ̯t
wake	ʋɑkə
wakker	ʋɑkər
wakkermaak	ʋɑkəˈmɑːk
wal	vˈaʊ
wal	ʋɑːl
walende	voːlɛndɛ
walg	ʋɑlχ
walging	ˈvɑlχɪŋ
walglik	ʋɑlχlɪk
walglike	ʋɑlχlɪkə
walgooi	ʋɑlˈxɔi̯
walkman	ʋɑɫkman
wall	ʋɑl
wallenberg	ʋɑlənbɛrg
waller	ʋɑlə
wallers	ʋɑlɐs
wallersee	ʋɑlɛsi
wallner	ʋɑlənər
walpurga	ˈvɑːlpɐrɣə
wals	ʋɑls
walter	ʋɑltər
walters	ˈvɑːltərs
walther	ʋɑltər
walvis	ʋɑlfəs
walvisse	ˈvɑlfəsə
wande	ʋande
wandel	ʋɑndəl
wandelende	ʋɑndɛləŋdə
wandelgang	pɑndɯ̞ɫχɑŋ
wandeling	ʋɑːnˈdeːlɪŋ
wandelstok	vˌɑndɛlstɔk
wanderer	ˈvɑːndəˌrɛːr
waneer	vonˈiɐr
wang	vˈɛ̃
wang	ʋɑŋ
wangbeen	ʋɑŋˈbɪən
wange	fɔŋɛ
wange	ʋɑŋə
wanhoop	ʋaːnˈɦuəp
wanhopig	ʋɑnˈɦoːpəx
wanneer	vanæɛr
wanneer	ʋaˈniːr
wanner	ʋɑnər
wanorde	ʋaːˈnɔːrtə
want	vˈant
want	ʋɐnt
wantroue	ʋɑntˈrœʏ̯
wantrouig	ʋɑntɾœiχ
wapen	wapən
wapen	ʋapə
wapenbezit	ʋapəbəˈzɪt
wapenmakker	ʋapenˈməkər
wapenrusting	ʋapəˈrœstɪŋ
wapens	ʋaˈpəns
wapenstelsel	ʋɑpənstəlsəl
wapenstilstand	ʋapəntstɪlstand
wapentuig	ʋɑˈpɛntœɪχ
wapper	ʋɑpər
war	ʋɑːr
warboel	ʋɑrˈbœl
ware	ʋɑːrə
warlenberg	ʋɑːrˈlɛnbɛrx
warm	varɛm
warm	ʋɑrm
warme	ʋɑrmə
warmer	ʋɑrmər
warmfles	varmflɛjs
warmlugballon	ʋɑrmˈlʏχbɑˌlɔn
warmlugballon-loods	ʋɑrmˈlœχbɑlɔnˌlœts
warmste	ʋɑrmste
warmte	ʋɑrmtə
warmwater	ʋɑrmˈvɑtər
warmwater-probleme	ʋɑrmˈʋɑtərˌprobləme
warom	ʋaˈrɔm
warrelende	ʋɑrələnə
warsaw	ʋɑrsɑː
warskou	ʋɑrsˈkɔu
wartenburg	ʋɑːrtəˈnʏrx
was	vˈas
was	ʋɑs
wasbak	vasmak
wasbeer	vasbjɛr
wasem	ʋasəm
wasgoed	vˈasɣət
wasgoed	ʋɑsχʊə̯t
washington	ˈvɑːʃɪŋtən
wasilewski	ʋɑsiˈlɛfski
waskamer	vaskomer
waslap	ʋɑslɑp
wasmasjien	vˈasmˈɪtʃi
wasmasjien	ʋɑsməˈʃiən
wassery	ʋaˈsɛri
wassery-vrou	ʋaˈsɛriˌfɹɔu̯
wat	ɾat
wat	ʋɑt
water	vɔtɛr
water	ʋatər
water	ˈʋɑːtər
water-alleenheid	ʋatərɑləɪnɦɪt
water-mars	ʋɑtərˈmɑrs
waterbewoners	ˈvɑtərbəˌvunərs
waterdig	ʋɑtərdiχ
waterglase	ʋɑtərχlɑsə
waterjongen	ʋɑtərˈjɔχəŋə
waterkewer	ʋɑtərˈkɪə̯r
waterlinie	ˈvɑtərlɪŋə
waters	ʋɑtərs
waterskoene	ʋɑtərskunə
waterstofperoksied	ˈvɑtərstɔfsperɔksiə
waterval	wˈɔtɚfˌɔl
waterval	ʋaːtərfɑl
waterversagter	ʋatərfərˈsɑχtər
waterversagter-mense	ʋatəɾəˌsɑχtərˈmɛnsə
waterversagters	ʋaːtəɾfərˈsɑχtərs
watookal	patʊkɑl
watookal	ʋɑtoʊkɑl
watse	ʋatsə
watte	ʋɑtə
watter	ʋatər
watwou	ʋɑtvuː
wauw	ʋaʊ̯
way	vaɪ̯
wayne	ʋɑɪ̯n
wałęsa	vaːləsa
we	ʋə
webwerf	vetˈtev
webwerf	ʋɛpˈfɛrʃ
wed	ʋɛt
weddenskap	ˈvɛdəskɑp
wedergeboorte	ˈvɛdərχəˌbʊə̯rtə
wedersyds	ˈvɛːdərsits
wedersydse	ˈvɛːdərsɪtʃə
wedloop	ʋɛtɫup
wedstryd	ʋɛtstrəi̯
weduwee	ˈvɛɟuə
weduwees	ˈvɛɟfəs
wee	ʋiː
weefsel	ʋifˈsɛl
weeg	ljˈɑk
weeg	ʋɪχ
week	ʋɪk
week-oue	ʋɪkɔː
weekliks	ʋɪkˈlɪkʃ
weeksdag	ʋeːkˈsɑχ
weelde	ʋɪːɫdə
weelderige	ʋɪə̯ˈlɛːrɪχə
ween	ʋin
weens	ʋins
weense	ʋɪnsə
weer	ʋɪr
weerbare	ʋɪrˈbɑːrə
weereens	ʋeːˈrɪə̯ns
weerhaan	ʋɪə̯ˈɦɑːn
weerhou	ʋɪrˈɦuː
weerklink	ʋɪrˈklɪŋk
weerlig	fɪrˈlɑq
weerlig	ʋɪə̯rɪχ
weerlê	ʋɪə̯rˈlɛː
weermag	vˈiːɾmˈax
weermag	ʋɪrˈmɑχ
weermag-burokrate	ʋɪrˈmɑχbʏroˈkrɑtə
weermagtrok	ʋɪərmɑxtrok
weersien	ʋiːrsiən
weersiens	ʋiə̯rsiəns
weersin	ʋiə̯rˈsɪn
weerskante	ʋiːrsˈkɑːntə
weerspreek	ʋiːrsprɛk
weerstaan	ʋeːrˈstɑːn
weerstand	ʋɪə̯ˈstɑnt
weerstandsgroep	ʋɪə̯rˈstɑntsχruːp
weerveranderinge	ˈvɛːvərvɑːnˌdɪŋə
weervoorspelling	ˈvɪə̯rʊrspɛlɪŋ
wees	ʋɪs
weesheer	ʋiːsɪə̯r
weeshuiis	ʋɪəˈsɪə̯s
weeshuis	ʋeɪ̯sɪʃ
weeshuis-toe	ʋeɪ̯sɪçtsˈtœʏ
weeshuise	ʋeɪ̯sɪ́ːsɪ
weeskind	ʋeːsχɪnt
weeskinders	ʋeːskɪndɚs
weet	vjɛt
weet	ʋɪt
weg	ʋɛχ
wegbeweeg	ʋɛχbɛʋeːχ
wegbly	ʋɛχˈbləi̯
wegbreek	ʋɛχbrɛk
wegbring	ʋɛχbrɪŋ
wegdra	ʋɛχdrɑː
wegdraai	ʋɛχdrɑːi̯
weggaan	ʋəˈχɑːn
weggee	ʋɛχi
weggegaan	ʋɛχˈχɑːn
weggegee	ʋɛχəɣə
weggegooi	ʋɛχəˈɣʊi
weggehardloop	ʋɛχɦɑːrdlʊp
weggejaag	ʋɛχjɑːχ
weggekom	ʋɛxkʊm
weggekruip	ʋɛχkəˈkɾœi̯p
weggekyk	ʋɛχkəˈkəi̯k
weggeloop	ʋɛχəˈluːp
weggeneem	ˈvɛχənɪm
weggeraak	ʋəχəˈrɑːk
weggery	ʋɛχərɪ
weggesteek	ˈvɛχəˌsteːk
weggestopt	ˈvɛχəˌstɔpt
weggestuur	ˈvɛχəˌstyːr
weggetrek	ʋɛχtrɛk
weggevat	ʋɛχfət
weggevlieg	ʋɛχfliχ
weggevoer	ʋɛχfʏr
weggewys	ʋɛχgəˈʋɛɪ̯s
weggooi	ʋɛχɔi̯
weggooibare	ʋɛxuɪ̯ˈbɑːrə
weghardloop	ʋəχɑːrdlʊp
weghol	ʋəχɔl
wegholsukses	ʋɛχɔlsʏksəs
weghou	ʋəχou
wegjaag	ʋɛχjɑːχ
wegkom	ʋɛxkʏm
wegkruip	ʋɛχkɹœi̯p
wegkruipertjie	ʋɛxkɾui̯pɛɾtʃi
wegkruipplek	ʋɛxkɹœy̯pɫɛk
wegkry	ʋɛxkrai̯
wegkwyn	ʋɛxkʰʉɪ̯n
wegloop	ʋɛχloʊp
weglê	ˈvɛɣlə
wegneem	ʋɛχnim
wegraak	ʋəˈχrɑːk
wegry	ʋɛχrɪ
wegsit	ʋəχsɪt
wegskop	ʋɛxkɔp
wegsluip	ʋəχsɫœi̯p
wegsmyt	ʋəχsmʏt
wegsteek	ʋɛχˈstɪk
wegsteekplek	ʋɛχˈstɪkˌplɛk
wegstreel	ʋɛχˈstɹɪə̯l
wegstuur	ʋɛχstyːr
wegtoor	væxtuːr
wegtrek	ʋɛχtrɛk
wegvaar	ʋɛχfɑːr
wegval	ʋɛχfɑl
wegvat	ʋɛχfɑt
wegvee	ʋɛχfiː
wegvlieg	ʋɛχfliχ
wegvloei	ʋɛχfloɪ̯
wegvoer	ʋɛχfuːr
wegwys	ʋɛxəi̯s
weh	ʋə
wei	vˈaɪ
wei	ʋai̯
weier	ʋiːɛr
weifel	dai̯fɔl
weil	ʋɪəl
weimar	vaɪ̯ˈmɑːr
weimar-hof	ʋaɪ̯ˈmɑːrˈɦɔf
weimar-reus	ʋəi̯ˈmɑːrˈrøːs
weimarhof	ʋɛɪ̯ˈmɑːrɦɔf
weinig	ʋəiŋ
weiniger	ʋaɪˈniχər
weiss	ʋɪs
weisse	ʋɪsə
weissen	ʋɛisən
weiveld	ʋɛi̯fɛlt
weiße	vaɪ̯sə
wek	ʋɛk
weke	ʋɪkə
wekker	β̞akkeɾ
wel	ʋɛl
welaf	ʋəˈlɑf
weldoener	ˈvɛldunər
weldra	ʋɛlˈdra
weledele	ʋələˈdɛlə
welke	ʋɛlkə
welkom	ʋɛlˈkɔm
well	ʋɛl
wells	ʋɛls
wellustige	ˈvɛləstɪχə
welsyn	pelsen
welsyn	ʋəlsən
welsynskommitee	ʋəlsəɲskɔmiː
welsynswerk	ˈvɛlsənvɛrg
welvaart	ˈvɛlfɑːrt
welvarend	ˈvɛlvaːrənt
welverdiende	ˈvɛlfəˌrdiəntə
wemel	ʋəˈmɛl
wen	ʋən
wend	ʋənt
wendela	ˈvɛndəla
wending	ˈvɛndɪŋ
wene	ʋəne
wenen	ʋəˈnɛn
wenend	ʋəˈnɛnt
wenk	vˈɪŋk
wenk	ʋɛŋk
wenkbrou	vɛŋkbraːl
wenner	ʋɛnər
wenpaal	ʋɛmˈpɑːl
wens	ʋɛns
wense	ʋənsə
wenslik	ʋənslik
went	ʋɛnt
werd	vˈɛrt
werd	ʋɛrt
werden	ʋɛrˈdən
wereld	ʋəˈrɛlt
wereldmotor	ʋɛrɛltˈmɔtər
wereldoorlog	ʋɛɾəlˈɦoːntsɛrt
werf	varf
werf	ʋɛrf
werk	vɛɾk
werk	ʋɛrk
werk-huis	ʋɛrkhœi̯s
werk-kompetisie	ʋɛrˌkʏmpəˈsiːə
werke	ʋɛrkə
werkende	ʋɛrˈkəntə
werker	ʋɛrˈkɛr
werker-hotelle	ʋɛrˈkɛrˌɦɔtələ
werker-leiers	ʋɛrˈkɛːrˌliə̯rs
werkerleier	ʋɛrˈkɛrˌlɪə̯r
werkerleiers	ʋɛrˈkɛə̯ləi̯rs
werkers	ʋɛrˈkərs
werkersbeskermerskomitee	ʋɛrˌkərsbəˌskɛrmərskəˌmiˈti
werkersklas	ʋɛrˈkərsklɑs
werkersklas-digter	ʋɛrˈkərsklɑsˌdɪχtər
werkerskomitee	ʋɛrˌkərskomiˈiː
werkersparty	ʋɛrˈkərspɑːrti
werkersrepubliek	ʋɛrˌkərsˌrɛpublik
werkgewer	ʋɛrgəβɛr
werkgewers	ʋɛrkχeɪ̯fərs
werkie	ʋɛrkiə
werkies	ʋɛrˈkəs
werking	ʋɛrˈkɪŋ
werkjasse	ʋɛrkjɑsə
werkje	ʋɛrçə
werkkamer	ʋɛrˈkɑːmə
werkkamp	ʋɛrˈkɑmp
werklik	ʋɛrklək
werklike	ʋɛrklɪkə
werklikheid	ʋɛrkləkəi̯t
werkloos	ʋɛrklʊə̯s
werkloosheid	ʋɛrklʊshɛit
werklose	ʋɛrklʊsə
werknemer	ʋɛrknəˈmɛr
werknemers	ʋɛrknəˈmɛrs
werkopdragte	ʋɛrˈkɔpdrɑχtə
werkplaas	ʋɛrˈkloːs
werkplek	ʋɛrˈkpɛk
werks-ure	ʋɛrksˈyːrə
werkschoen	ʋɛrksʰuə̯n
werksdae	ʋɛrksdɑːi
werksgeleenthede	ʋɛrksχəˈlɛntə
werksgeskiedenis	ʋɛrksəskəˈdiːə̯s
werksklimaat	ʋɛrksˈkliːmɑːt
werksku	ʋɛrksɪu̯
werkster	ʋɛrktər
werkswinkel	ʋɛrksfɪŋəl
werktafel	ʋɛrktɑfəl
werkwoorde	ʋɛrˈkʊə̯rde
werner	ʋɛrner
werp	ʋɛrp
werpsel	ʋɛrpsəl
werskaf	ʋɛrskɑf
werthausen	ʋɛrˈtɑusə
werwer	ʋɛrʋɛr
werwing	ʋɛrʋəŋ
werwingsoffisier	ˈvɛrvəŋsœfisiːr
wes	ʋəs
wes-berlyn	ʋɛsˈbɛrələn
wes-duitse	ʋəsˈdœi̯tsə
wes-duitsland	ʋəsˈdœitslɑnt
wes-europa	ʋɛsɛu̯roːpa
wes-friesland	ʋɛsfrɪə̯slɑnt
wes-pruise	ʋɛsˈprœi̯sə
wese	vjɛsɛ
wese	ʋɛsə
wesenlike	ʋəˈsɛnlikə
wesens	ˈvɛsəns
weskus	ʋɛsˈkœs
weste	ʋɛstə
weste-toe	ʋɛstəˈtuː
westerkerk	ʋɛstəɹkɛrk
westerlinge	ˈvɛstəɾlɪŋə
westerse	ˈvɛstəsə
weswaarts	beʃvˈɔɾts
wet	vˈeːt
wet	ʋɛt
wet-en-orde-gebou	ʋɛtənɔːrdəgəʊ̯
wete	ʋɛtə
wetend	ʋəˈtɛnt
wetende	ʋəˈtɛndə
wetenskap	ʋəˈtɪskɑs
wetenskapfiksie	ˈvɛtənsχɑpˌfɪksiə
wetenskaplik	ˈvɛtisɑːpsələk
wetenskaplike	ʋəˈtʃɑːskəlɪkə
wetgewers	ʋɛtχɛfs
wetsgehoorsame	ʋɛtsχəu̯sɑːmə
wetstoepassers	ʋɛtsˈtœpɑsərs
wette	ʋɛtə
wetten	ʋɛtə
wetter	ʋɛtər
wetters	ʋɛtərs
wettige	ˈvɛtəxə
wewers	ʋɛrs
wgo	ʋɑɣoʊ
what	χɑt
when	ʋən
where	ʍɛːr
which	χɪ
whiskey	ʍɪski
whisky	ʍɪski
white	waɪt
whither	ʍɪtər
whiting	χɑɪtɪŋ
whitney	ʍɪtni
who	χuː
whoa	ʍuə
whomsoever	ʍɔmˈsɛfər
why	waɪ
wiaderna	viɑːˈdɛrnə
wie	ʋi
wiedemann	ʋiə̯deˈman
wieg	vˈɪx
wieg	ʋiχ
wiegend	ˈvɪə̯ndə
wiegie	ʋiχi
wieke	ʋiːkə
wiel	vˈɪl
wiel	ʋiəl
wiele	ʋiːlə
wielvellings	ʋiəlˈfɛlɪŋs
wierook	vˈirˌuːk
wies	ʋiə̯s
wiesbach	ʋisˈbɑχ
wiesler	ʋiə̯sɛlɐ
wiessee	ʋiə̯sə
wife	vaɪfə
wifi	ʋiːfi
wigand-skilderytjie	ʋiχantˈskɪləɾəˌtʃiː
wijf	ʋɪə̯f
wijnendaele	ʋinəˈdɛːlə
wikkel	ʋɪkəl
wiks	ʋɪks
wiktorio	ˈvɪktəɾio
wikus	vikas
wil	vˈoː
wil	ʋəl
wil	ʋɪl
wild	ʋɪlt
wilde	ʋɪlə
wildehond	ʋˌɵldəhˈɔnt
wildekalkoen	ʋɪldəkɑlkʊə̯n
wilden	ʋɪldən
wildsbok	ʋɪltsbɔk
wildvreemdes	ʋɪltfrɛmdəs
wilhelm	ʋɪlˈhɛlm
will	ʋɪl
wille	ʋilə
willekeur	ʋɪləˈkœr
willekeurig	ʋɪləˈkœrɪχ
willem	vɛlɛm
willem	ʋɪləm
willingly	ʋɪlɪŋli
wilskrag	ʋɪlskrɑχ
wimschneider	ʋɪmsxnɛɪ̯dər
wincenty	ʋintʃənti
winchesters	ʋɪntʃɛstərs
wind	vˈɛnt
wind	ʋəɪnt
winderig	vɛndɛrˈɑx
winderig	ʋinˈdeɪχ
windhoek	vˈɛ̃tˈɔk
windlose	ʋəntləsə
windmakerig	ʋəntmɑkəˈrɪχ
windrigting	ʋəntˈrɪə̯ktɪŋ
windrill	ʋəntrɪl
winfried	ʋɪnfrɪət
wingerd	ʋɪŋərt
wingman	ʋɪŋman
winkel	ʋɪŋkəl
winkeltjie	ʋɪŋkəlˈtʃiə
winkeltjies	ʋɪŋkəlˈtʃis
winkelvenster-mannekyn	ʋɪŋkəlfɛnstərˈmɑnəkən
wins	ʋins
winsie	ʋinsɪ
winskopies	ʋinskəpɪə̯s
winsmarge	ʋinsˈmɑrχə
winste	ʋəɪ̯nstə
winston	ʋɪnˈstɒn
winter	tɛntɪ̞r
winter	ʋɪntər
winter-sonstilstand	ʋinˈtɛrsɔnˌstɪlˌstɑnt
winterklere	ʋin̥tərˈklɛːr
winternagte	ʋinˈtɛrnɑχtə
winteroggend	ˈvɪntərɔχəŋə
winterseisoen	ˈvɪntərsɛɪ̯sʊə̯n
wip	ʋɪp
wipplank	ʋɪpˈplɑŋk
wirt	ʋəɹt
wirtin	ʋəɹtɪn
wis	ʋɪs
wiskey	ʋɪˈskei̯
wiskies	ʋɪskiəs
wiskunde	ʋɪsˈkʰœndə
wiskunde	β̞ɛskʊ̞ndɛ
wiskunde-klasse	ʋɪskʏndəklɑsə
wiskundeboek	ʋɪskʏnɖəbuːk
wispelturig	ʋɛsbəɫtirɑx
wispelturig	ʋɪspəlˈtʊəχ
wispelturige	ʋɪspəlˈtʊrɪχə
wispelturigheid	ʋɪspəltʊɾəɪ̯χəɪ̯t
wisse	ʋɪsə
wissel	fesˈtˈ
wissel	ʋɪsəl
wisselvallig	ʋɪsəlˈfɑlɪχ
wisselvlug	ʋɪsəlflʏχ
wisselwagter	ˈvɪsəlˌvɑχtər
wit	vˈɛt
wit	ʋɪt
witek	ʋitək
witgoed	ʋɪtχut
witgoud	ʋɪtχɔu̯t
with	ʋɪt
withond	ʋɪθɔnt
witmaakformule	ʋɪtmaːkfɔrmuːlə
witmens	vˈɛtməns
witsous	ʋitsuːs
witt	ʋɪt
witt-broers	ʋɪtbrʊə̯rs
wittebrood	ʋɪtəbrʊət
witter	ʋɪtər
witveer	ʋɪtˈfɪə̯r
witvoetjie-soekertjie	ʋɪtˈfœtsiːˌsœkərˌtʃiː
witvoetjiesoekers	ʋɪtˈfuːtʃəsœkərs
witwatersrand	ʋɛtwɔtɛrrˈant
witwyn	ʋɪtʋəɪn
woed	ʋut
woede	fudˈɛ
woede	ʋuːə
woede-uitbarstings	ʋudəʊtɪɪ̯sˈtʃʊŋs
woedend	vˈʏdən
woedend	ʋʊə̯dən
woedende	ʋʊəˈdɛndə
woedevlaag	ʋudəflɑːχ
woekerend	ʋʊəkəˈrɛnt
woel	vˈu
woensdag	ʋunsdɑχ
woensdagoggend	ʋunsdaχoχəŋ
woep	ʋup
woestaard	ʋustɑːrt
woeste	ʋuːstə
woestijnval	ʋœstɪnˈfɑl
woestyn	ʋœstən
woestynstorm	ʋuəstənstɔrm
wojtek	ʋɔɪtʃk
wojtyła	voɪtʃɪla
wol	voŋ
wol	ʋɔl
wolf	ʋɔlf
wolff	ʋɔl̪f
wolfgang	ʋɔlfχɑŋ
wolfgangers	ˈvɔlfχɑŋərs
wolfgangmeer	ʋɔlfɑŋˈmɪːr
wolfgangsee	ʋɔlfˈχɑŋsɛ
wolga	voɫha
wolhaarstorie	voːlhˈarʃtˈʉri
wolk	bolk
wolk	ʋɔlk
wolke	ʋɔlkə
wolkie	ʋɔlkiə
wollerige	ʋɔləˈrɪχə
wolodkiewicz	voːlodkiəʃ
woltmann	ʋɔltman
wolwe	ʋɔlfe
wolzogen	ʋɔlˈsɔχən
woman	ʋoːm
won	ʋɔn
wond	vunt
wond	vɔnt
wond	ʋɔnt
wonde	ʋɔndə
wonder	vondɛr
wonder	ʋɔndər
wonderbaar	ˈvɔndərbɑːr
wonderbaarlik	ˈvɔndərbɑːrliχ
wonderbaarlike	ˈvɔndərbɑːrliːkə
wonderbare	ˈvɔndərbɑːrə
wondere	ʋɔnˈdɛr
wonderful	ˈvʌndərfəl
wonderkind	ˈvɔndərkɪnt
wonderlik	wˈɔndərlʏk
wonderlik	ˈvɔndərlək
wonderlike	ˈvɔndərləkə
wonderlikste	ˈvɔndərlɪkstə
wondermiddel	ˈvɔndərˌmɪɾɘl
wondermiddels	ˈvɔndərˌmɪɾdəls
wonders	ˈvʌndərs
wondersalf	ˈvʊndərsɑlf
wondervloeistof	ʋɔndərflœi̯stɔf
wonderwerk	ˈvɔndərvɛrɪk
wonderwerke	ˈvɔndərˌvɛrkə
wonderwerker	ʋɔndərˈʋɛrkər
wondjies	ʋɔndʒis
wondkoors	ʋɔntkʊə̯rs
wonend	ʋoːnənt
woning	ʋoʊŋə
woodburn	ʋʊdbɜːrn
woodburns	ʋʊdəns
woodeboek	ʋʊdɛbʊk
woon	fuːn
woon	ʋʊn
woonbuurt	ʋuːnˈbyːrt
woonplek	pˈɔ̃plˈɛk
woonplek	ʋʊənˈplɛk
woonplekke	ʋʊnˈplɛkə
woonstel	ʋuːnstɛl
woonstelblokke	ʋoːnstəlˈblɔkə
woonstelgebou	ˈvʊənstɛlχəˌbɔu
woonstelle	ʋʊnˈstɛlə
woord	fɔɾt
woord	ʋʊə̯r
woordbreuk	ʋʊːɾˈbrœk
woorde	ʋʊə̯rdə
woordeboek	voə̯rdəbuk
woordeboek	ʋoːrdeˈbuk
woordeboeke	voə̯rdəbukə
woordeboeke	ʋʊə̯rdeˈbʏkə
woordelik	ʋoːɹdəlɪk
woordjie	ʋʊəɹdi
woordkeuse	ʋʊə̯rˈkøːsə
woordorde	ʋoːɹdɔːrde
word	ʋɔːr
words	ʋɔːrs
work	ʋɔrk
world	ʋɔːɹɫ
worms	ʋɔrms
wors	ʋɔrs
worse	ʋɔrs
worshipped	ʋɔrʃɪp
worsie	ʋɔrsiə
worst	ʋɔrst
worstel	ʋɔrʃtəl
worsteling	ʋɔrstəˈlɪŋ
wortel	pɔrto
wortel	ʋɔrˈtɛl
wortels	ʋɔrˈtəls
wou	vˈɔl
wou	ʋuː
woud	ʋuːt
woude	ʋudə
would	vuː
wouldn	ʍuːt
wouldst	vuːtʃt
wow	ʋɔu
wraak	vrɔk
wraak	ʋrak
wragtig	ʋrɑχtəχ
wrak	frak
wrak	ʀɑk
wrede	vrɛdə
wreed	vriːɛt
wreed	vrɪət
wreedaard	ˈvrɪə̯tɑːrt
wreedheid	vrɪə̯tˈɦɪə̯t
wreek	ʁɪk
wreker	ʁɪkər
wrewel	ʋrɛu̯əl
wringt	ʁəŋt
wrok	zrok
wrong	ɹɔŋ
wt	ʋə
wuiwende	ʋɪːˈwɛndə
wunderkind	ˈvʌndərkɪnt
wurger	ʋʊrχər
wurms	vərəms
wurms	ʋɜrmz
ww	ʋə
wy	ʋiː
wyd	ʋɪt
wydte	ʋɪtə
wydverspreide	ʋɪtfərˈspiːə
wye	ʋiː
wyehoek	ʋiːˈɦuk
wyf	ʋif
wyfie	ʋifə
wyk	ʋɪk
wyn	ʋəɪn
wyne	ʋinə
wynglase	ʋəŋˈlɑːsə
wys	ʋəɪs
wyse	ʋɪsə
wyser	vˈaɪsɚ
wyser	ʋisər
wysgemaak	ʋəiʃxəˈmɑːk
wysheid	ʋəi̯sˈɦeɪt
wysheidsteen	ʋəiʃˈhɪtʃtɪn
wysie	ʋiʃi
wysig	ʋiˈsɪχ
wysiging	ʋiˈsiχɪŋ
wysvinger	vaɪsfanɛr
wysvinger	ʋəi̯sˈfɪŋər
wyte	ʋiːtə
wéét	ʋɛt
wêreld	ðɛtɔlt
wêreld	ʋɛrˈlɛnt
wêreld-ding	ʋɛrˈlɛntiŋ
wêrelde	ʋɛrəldə
wêreldkampioenskap	ˈvɪə̯lɪə̯ŋkɑmpjuə̯səŋ
wêreldoorlog	ˈvɛːldəɔːrlɔχ
wêreldorde	ʋɛrˈlɛŋɔːrtə
wêreldrekord	ˈvɛːləŋˌrɛkɔrt
wêreldseë	ʋɛrˈlɛtsiː
wêreldwyd	ˈvɪə̯ɫdɪə̯t
württemberg	ˈvʏrtsl̩təm
władysław	ʋɑɬɑɬɑʃ
x	χ
x-strale	χstrɑlə
xavertjie	χɑβɛrtʃi
xavier	ksɪəviːr
xhosa	koːsa
xiang	ʃaŋ
xiv	χɪf
xv	χf
xvi	χfi
xviii	χfɪn
xx	χɔː
yakul	jɑˈkœl
yank	jæŋk
yankee	jæŋki
yasuyoshi	jɑsujɔʃi
yavne	jɑvnə
ydelheid	əi̯dəlˈɦɛit
ye	jə
yemen	jɪˈmen
yes	jə
yet	jɛt
yk	ə̟i̯k
ylend	iːˈlɛnt
yoji	jɔi
york	jɔːk
yoshikazu	jɔʃiˈkɑzu
you	jəʊ
young	jʊəŋ
your	jʊə
yours	jʊə̯rs
yourself	jʊəɹself
yourselves	jʊə̯rsɛlvz
ys	əs
ys	ə̟i̯s
ysberg	əsbɛχ
ysblokke	əɪsblɔkə
yseult	iːsɛlt
ysige	əi̯sɪχə
yskas	əi̯skəs
yskoud	əi̯sˈkɔʊ̯t
ysland	əɪslant
yster	əˈstɛr
ystergordel	ʏstərgɔrdəl
ysterhakke	ˈi̯stərˌɦɑkə
ysterhand	ˈi̯stərˌɦɑnt
yuan	ɥɑːn
yuko	ʏkʊ
yuma	ʏuma
yuriko	ʏurikoː
yury	jʏi̯
yus	jʏs
yusef	jʉˈsɛf
yutaka	jʊˈtɑkə
ywer	ɪfər
ywerig	ʏwəˈrɪχ
z	z
zacheta	ˈsɑxəta
zaire	zaɪ̯r
zakopane	ˈzɑkɔpɑnə
zambia	zambe
zanetto	ˈsɑnɛtoː
zarah	ˈsɑːrə
zazula	ˈsɑzʊlə
ze	zə
zealand	ziːˈlɑnt
zecchino	ˈsɛtʃiːnoː
zecouk	ˈsɛkɔk
zecuk	tsɛʏk
zeeland	ˈsɛːlɑnt
zeelander	ˈsɪlɑːndər
zeelanders	ˈsɛːlɑndərs
zef	zˈɛ
zeisler	ziːslər
zenuwpraat	ˈsɛnʊfpɹɑːt
zerdin	ˈsɛrdən
zettor	ˈsɛtɔr
zgółka	χɔːlka
zhaleika-fluite	ʃɑləi̯kəfluɪ̯tə
zigzag	zigˈzɑχ
zimbabwe	zɛmbɑbɔe
zimmerman	ˈsɪməˌrɑːn
ziva	ziβa
ziver	ziβər
zod	zoːt
zods	tsɔts
zoe	tsuː
zoem	zˈum
zoltan	ˈsɔltɑn
zone	zoːnə
zowat	ʃɔvɑt
zoé	tsuə
zoë	tsuə
zu	tsuː
zuuraanvalle	ˈsʏrɑːnˌfɑlə
zwaartekrachtsveld	zvɑːrteˌkrɑχtsfɛlt
zwaartekrachtwapen	zvɑːrteˌkrɑχtˈʃɑpə
zwartwerk	zvɑːrtʋɛrk
zwijger	ʃʋiχər
zündapp	ˈsʏndɑp
złotowska	ʃlɔtɔfska
é	ɛ
études	əˈtœts
één	əˈiːn
êrens	ɛrəns
êéëïôóöüä	ɛː
óf	ɔf
łucznik	ɫʊtʃnɪk
żupa	ʃupə
