5	t
cамо	samo
jе	je
jутро	jutro
ko	a
o	o
okućnica	a
pokisla-покисла	pokislo
tup	o
tи	ti
vrh[slash]врх	wrx
z	zə
đак	dʒak
а	a
абажур	abǎʒuːr
абажур	aːbaʒuːr
абаити	abaiti
абак	ǎbak
абакус	abakuz
абакус	ǎbakus
абаја	abǎja
абаја	abǎːja
абаџија	âbadʒija
абдес	ǎbdes
абдест	ǎbdest
абдикант	abdǐkant
абдикациони	abˈdɪkatsiˈoˈni
абдикација	abdikǎːtsija
абдикација	abdɪkˈaːtsiːjˈa
абдицирати	abditsǐːrati
абдомен	abdǒːmen
абдоменски	abdǒːmenskiː
абдоминалан	âbdominaːlan
абел	ǎːbel
абер	abɪr
абер	ǎber
абесинац	abesǐːnats
абесинија	abesǐːnija
абесински	aběsinskiː
абецеда	abetsěːda
абецедар	abetsědaːr
абецедариј	abetsědaːrij
абецедни	âbetseːdniː
абидјан	ǎbidʒan
абидјански	abǐdʒanskiː
абиџан	ǎbidʒan
аблатив	âblatiʋ
аблаут	ǎblaut
аблација	ablǎːtsija
абнормалан	abnormalɛn
абнормалан	âbnormaːlan
абнормално	âbnormaːlno
абнормалност	abnormǎːlnoːst
аболиција	abolǐːtsija
аболицијски	abolǐːtsiːjskiː
абонент	abǒnent
абонирати	abonǐːrati
абонирац	abonǐːrats
абонман	abǒnmaːn
абориџиница	aborǐdʒinitsa
абортирати	abortǐːrati
абразиван	âbraziːʋan
абразија	abrǎːzija
абревијација	abreʋijǎːtsija
абхажанка	abxǎʒaːnka
абхаз	ǎbxaːz
абхазија	ǎbxaːzija
абхаски	ǎbxaːskiː
аваз	ǎʋaːz
авангарда	ǎʋangaːrda
авангардни	ǎʋangaːrdniː
аванзирати	aʋanzǐːrati
аванс	ǎʋans
авантура	avontura
авантура	aʋantǔːra
авантурист	aʋantǔrist
авантуристички	aʋanturǐstitʃki
авантуристички	aʋanturǐstitʃkiː
аварски	ǎʋaːrskiː
аватар	aʋǎtaːr
авај	ǎʋaːj
авганистан	aʋganǐstaːn
авганистански	avganǐstaːnskiː
август	ǎʋgust
авдест	ǎʋdest
авенија	avěːnija
аверзија	aʋěrzija
авестички	aʋěstitʃkiː
авет	abet
авиокомпанија	aʋiokompǎnija
авион	aʋǐoːn
авионе	avion
авионски	aʋǐonski
авионски	aʋǐonskiː
авиопревозник	aʋioprěːʋozniːk
авиопријевозник	aʋioprijěːʋozniːk
авитаминоза	aʋitaminǒːza
авијатичар	abijatitʃaːr
авијатичар	aʋijǎtitʃaːr
авијатичарски	abijatitʃaːrskiː
авијација	aʋijǎːtsija
авлија	ǎʋlija
авокадо	avokado
авокадо	aʋokǎːdo
ага	ǎga
агами	agǎːmi
агент	ǎgent
агенција	agěntsija
агилан	agiʲæ̀ːan
агилан	âgiːlan
агилно	agɛlno
агилно	âgiːlno
агилност	agijɛlnost
агилност	agǐːlnoːst
агитатор	agǐtaːtor
агитација	agitaːtsiːa
агитација	agitǎːtsija
агитирати	agitǐːrati
агломерат	agloměraːt
агломерација	aglomerǎːtsija
аглутинативан	âglutinatiːʋan
аглутинација	aglutinǎːtsija
агностик	agnǒstik
агностичар	agnǒstitʃaːr
агностичарка	agnǒstitʃaːrka
агностички	agnǒstitʃkiː
агогичан	agǒgitʃan
агонија	agǒnija
аграрни	ǎgraːrniː
агрегатни	agrěgaːtniː
агресиван	âgresiːʋan
агресивно	âgresiːʋno
агресија	agrěsija
агресор	agrɛsor
агресор	ǎgresor
агресорски	ǎgresorskiː
агробиологија	agrobiolǒgija
агрологија	agrolǒgija
агроном	agrǒnom
агрономија	agronǒmija
агрономски	agrǒnomski
агрономски	agrǒnomskiː
агростологија	agrostolǒgija
агротехнички	agrotěxnitʃki
агротехнички	agrotěxnitʃkiː
агротуризам	agroturǐzam
ада	ǎda
ада	ǎːda
адам	ǎdam
адаптација	adaptǎːtsija
адаптирати	adaptǐːrati
адвент	ǎdʋent
адвентист	adʋěntist
адвентистички	adʋentǐstitʃki
адвентистички	adʋentǐstitʃkiː
адвентисткиња	adʋěntistkiɲa
адверб	ǎdʋerb
адвербан	ǎdʋerban
адвербијалан	âdʋerbijaːlan
адвокат	adʋǒkaːt
адвокатисати	advokaːtisɛti
адвокатски	adʋǒkaːtski
адекватан	âdekʋaːtan
адекватно	âdekʋaːtno
адекватност	adekʋǎːtnoːst
аден	âːden
аденски	ǎːdenskiː
адет	ǎːdet
адио	adîo
адио	ǎdio
адисабебски	adisǎbebskiː
адиција	adǐːtsija
адијабатски	adijǎbatskiː
административан	âdministratiːʋan
административка	administrǎtiːʋka
администратор	adminǐstraːtor
администрација	administrǎːtsija
адмирал	admǐraːl
адмиралитет	admiralǐteːt
адмитанција	admitǎntsija
аднекс	ǎdneks
адолесцентица	adolěstsentitsa
адолесценција	adolestsěntsija
адонис	âdonis
адоптација	adoptǎːtsija
адоптирати	adoptǐːrati
адопција	adǒptsija
адорати	adǒrati
адоратор	adǒraːtor
адораторица	adǒraːtoritsa
адорација	adorǎːtsija
адорирати	adorǐːrati
адреналин	adrenǎliːn
адреналински	adrenǎliːnskiː
адреса	adrěsa
адресант	adrěsant
адресар	adrěsaːr
адресат	adrěsaːt
адресирати	adresǐːrati
адријана	adriˈana
адсорпција	adsǒrptsija
адсорпцијски	adsǒrptsiːjskiː
адут	ǎduːt
адхерент	adxěrent
адјектив	âdjektiːʋ
адјункт	ǎdjunkt
адјустажа	adjustǎːʒa
адјустирати	adjustǐːrati
аеробан	âeroːban
аеробик	aerǒbik
аеробика	aerǒbika
аеробиологија	aerobiolǒgija
аеробички	aerǒbitʃkiː
аерографија	aerogrǎfija
аеродинамика	aerodinǎmika
аеродинамичан	aerodinǎmitʃan
аеродинамички	aerodinǎmitʃkiː
аеродром	aerǒdrom
аеродромски	aerǒdromskiː
аеролит	aerǒliːt
аерологија	aerolǒgija
аеромеханика	aeromexǎnika
аеромеханичар	aeromexǎnitʃar
аероплански	âeroplaːnski
аероплански	âeroplaːnskiː
аеросол	âerosoːl
аждаха	aʒdǎxa
аждаја	aʒdǎja
ажур	ǎʒuːr
ажуран	âʒuːran
ажурирати	aʒurǐːrati
азана	azanɑ
азбест	ǎzbest
азбука	ǎzbuka
азбучни	ǎzbutʃniː
азербајџан	azerbǎjdʒaːn
азербајџанац	azerbajdʒǎːnats
азерски	ǎzerskiː
азил	ǎziːl
азилант	azǐlant
азилантски	azǐlantski
азилантски	azǐlantskiː
азимут	ǎzimut
азија	âːzija
азијатски	azǐjatski
азијатски	azǐjatskiː
азијац	azǐːjats
азијски	âːziːjskiː
азорски	ǎzorskiː
азот	asˈot
азот	ǎzot
азтек	ǎzteːk
азтечки	ǎztetʃkiː
академик	akaděmik
академичарски	akaděmitʃaːrski
академичарски	akaděmitʃaːrskiː
академија	akaděmija
академијски	akaděmiːjskiː
академски	akǎdemski
академски	akǎdemskiː
акадски	ǎkaːdskiː
акамоли	akâmoli
акварел	akʋǎrel
акварелистички	akʋarelǐstitʃki
акварелистички	akʋarelǐstitʃkiː
аквизиција	akʋizǐːtsija
аквила	âːkʋila
акламација	aklamǎːtsija
аклиматизациони	âklimatizatsioːniː
аклиматизација	aklimatizǎːtsija
аклиматизацијски	aklimatizǎːtsiːjskiː
аклиматизирати	aklimatizǐːrati
ако	âko
аков	ǎkoʋ
акомодација	akomodǎːtsija
акомодирати	akomodǐːrati
аконтација	akontǎːtsija
аконтирати	akontǐːrati
аконто	akǒnto
акопрем	âkoprem
акорд	ǎkord
акредитив	akredǐtiːʋ
акреп	akrip
акробат	akrǒbat
акробатика	akrobǎtika
акробатски	akrǒbatski
акробатски	akrǒbatskiː
акроним	akrǒnim
акропола	akrǒpola
акростих	âkrostix
аксиологија	aksiolǒgija
аксиом	aksǐoːm
акт	pakt
акт	âkt
актер	ǎkteːr
активан	âktiːʋan
активација	aktiʋǎːtsija
активизам	aktiʋǐzam
активизирати	aktiʋizǐːrati
активирати	aktiʋǐːrati
активист	aktǐʋist
активисткиња	aktǐʋistkiɲa
активно	âktiːʋno
активност	aktiːvnɔst
активност	aktǐːʋnoːst
актинологија	aktinolǒgija
актовка	âktoːʋka
актуалан	âktuaːlan
актуализам	aktualǐzam
актуализирати	aktualizǐːrati
актуелан	âktueːlan
акузатив	âkuzatiːʋ
акултурација	akulturǎːtsija
акумен	akːumˌin
акумулатор	akumǔlaːtor
акумулаторски	akumulâtorskiː
акумулаторски	akumǔlaːtorskiː
акумулација	akumulǎːtsija
акумулирати	akumulǐːrati
акупунктура	akupunktǔːra
акустика	akǔstika
акустичан	akǔstitʃan
акустички	akǔstitʃkiː
акутан	âkuːtan
акцелератор	aktselěraːtor
акцелерација	aktselerǎːtsija
акценат	ǎktsenat
акцент	ǎktsent
акцентирати	aktsentǐːrati
акцептор	ǎktseptor
акција	aktsia
акција	ǎktsija
акцијски	ǎktsiːjskiː
акшам	ǎkʃam
ала	ǎla
ала	ǎːla
алабама	alabǎma
алалити	alaaliti
аларм	ǎlarm
алармантан	alarmǎntan
алармантно	alarmǎntno
алармирати	alaːrmiːrati
алармни	ǎlarmniː
алат	ǎlaːt
алатни	ǎlaːtniː
албанац	albǎːnats
албанизација	albanizǎːtsija
албанизирати	albanizǐːrati
албанија	ǎlbaːnija
албанка	ǎlbaːnka
албанолог	albanǒlog
албанологија	albanolǒgija
албанологијски	albanolǒgiːjskiː
албанолошки	albanǒloʃki
албанолошки	albanǒloʃkiː
албанолошкиња	albanǒloʃkiɲa
албански	ǎlbaːnski
албански	ǎlbaːnskiː
албатрос	ǎlbatros
албин	ǎlbiːn
албинизам	albinǐzam
албум	ǎlbuːm
алвеола	alʋeǒːla
алвеолар	alʋeǒlaːr
алвеоларан	âlʋeolaːran
алгебарски	ǎlgeːbarski
алгебарски	ǎlgeːbarskiː
алгебра	ǎlgeːbra
алгологија	algolǒgija
алгонкијски	algǒnkiːjskiː
алгоритам	algorǐtam
алегоричан	alegǒritʃan
алегорија	alegǒrija
александар	alěksaːndar
александрија	aleksǎndrija
алексинац	aleːksinats
алем	ǎlem
алем	ǎːlem
алергичан	alěrgitʃan
алергичар	alěrgitʃar
алергично	alěrgitʃno
алергичност	alěrgitʃnoːst
алерголог	alergǒlog
алергологија	alergolǒgija
алерголошки	alergǒloʃki
алерголошки	alergǒloʃkiː
алеутски	alěutskiː
алжир	ǎlʒiːr
алжирац	alʒǐːrats
алжирка	ǎlʒiːrka
алжирски	ǎlʒiːrskiː
алзашки	ǎlzaʃki
алзашки	ǎlzaʃkiː
али	âli
алигатор	alǐgaːtor
алитерација	aliterǎːtsija
алијанса	alǐjansa
алијенација	alijenǎːtsija
алка	âːlka
алкалоид	alkalǒiːd
алконост	alkoˈnɪst
алкохол	ǎlkoxol
алкохолизам	alkoxolǐzam
алкохолизиран	alkoxolǐziːran
алкохолизирати	alkoxolizǐːrati
алкохоличар	alkoxǒlitʃaːr
алкохолни	ǎlkoxolniː
алкохолно	ǎlkoxolnoː
алмаатски	almaâtskiː
алманах	almǎnax
аломорф	âlomorf
алотроп	alǒtrop
алофон	âlofoːn
алпинист	alpǐnist
алпински	ǎlpiːnskiː
алпски	âːlpskiː
алтерација	alterǎːtsija
алтернатива	alternativa
алтернативан	âlternatiːʋan
алтернативац	alternatǐːʋats
алтернација	alternǎːtsija
алтиметар	ǎltimetar
алтруизам	altruǐzam
алтруистички	altruǐstitʃki
алтруистички	altruǐstitʃkiː
алувијалан	âluʋijaːlan
алудирати	aludǐːrati
алузија	ǎluːzija
алфа	âlfa
алфабет	alfǎbeːt
алфабетизам	alfabetǐzam
алфабетски	alfǎbeːtskiː
алхамиадо	alxamiǎːdo
ама	âma
амазонски	amǎzoːnski
амазонски	amǎzoːnskiː
амалгам	amǎlgaːm
аман	ǎmaːn
амандман	amǎndmaːn
аматер	amǎteːr
аматеризам	amaterǐzam
аматерски	amǎteːrski
аматерски	amǎteːrskiː
аматерство	amatěːrstʋo
амајлија	amǎjlija
амбалажа	ambalǎːʒa
амбасада	ambasǎːda
амбасадор	ambǎsaːdor
амбасадорски	ambǎsaːdorski
амбасадорски	ambǎsaːdorskiː
амбивалентан	ambiʋǎlentan
амбивалентност	ambiʋǎlentnoːst
амбиваленција	ambiʋalěntsija
амбигвитет	ambigʋǐteːt
амбигвитетан	âmbigʋiteːtan
амбис	ǎmbis
амбициозан	âmbitsioːzan
амбициозно	âmbitsioːzno
амбијент	ambǐjent
амбијенталан	âmbijentaːlan
амброзија	ǎmbroːzija
амбулантни	ambǔlantniː
амбулантски	ambǔlantskiː
амеба	aměːba
амеба	amɛba
амебни	ǎmeːbniː
амелиорација	ameliorǎːtsija
амер	âmer
америка	aměrika
американац	amerikǎːnats
американизам	amerikanǐzam
американизирати	amerikanizǐːrati
американка	amerǐkaːnka
американци	ameɾikantsi
амерички	aměritʃki
амерички	aměritʃkiː
аметист	ametis
аметист	amětist
аметице	ǎmetitse
амин	ɑːmiːn
аминадаву	aminadavo
аминокиселина	aminokiselǐna
амиџа	ǎmidʒa
амнезија	ǎmneːzija
амнестирати	amnestǐːrati
амо	âːmo
амодер	âːmoder
амонијак	aːmonijak
аморалан	âmoraːlan
аморалност	amorǎːlnoːst
амортизација	amortizǎːtsija
амортизацијски	amortizǎːtsiːjskiː
аморфан	ǎmorfan
аморфно	ǎmorfno
амплитуда	amplitǔːda
амплификација	amplifikǎːtsija
ампутација	amputǎːtsija
ампутирати	amputǐːrati
ампутирати	anputirati
амстердам	ǎmsterdam
амстердамски	ǎmsterdamskiː
амулет	amǔlet
амфибија	ǎmfiːbija
амфитеатар	amfitěaːtar
амфитеатралан	amfitěatraːlan
амфора	ǎmfora
амхарски	ǎmxarskiː
ана	âna
ана	ǎːna
анабаза	anabǎːza
анаболизам	anabolǐzam
анаболик	anabǒlik
анаграм	anǎgram
анадиплоза	anadiplǒːza
анадолија	anadǒːlija
анаеробан	ǎnaeroban
анакронизам	anakronǐzam
анакронистичан	anakronǐstitʃan
анакроничан	anakrǒnitʃan
аналгезија	anǎlgeːzija
аналгетички	analgětitʃki
аналгетички	analgětitʃkiː
аналептик	analěptik
анали	anǎːli
анализа	analǐːza
анализатор	analǐzaːtor
анализирати	analizǐːrati
аналитичан	analǐtitʃan
аналитичар	analǐtitʃaːr
анални	ǎnaːlniː
аналоган	ânalogan
аналогија	analǒgija
аналогијски	analǒgiːjskiː
аналогно	ânalogno
аналошки	anǎloʃki
аналошки	anǎloʃkiː
аналфабет	analfǎbeːt
аналфабетизам	analfabetǐzam
аналфабетски	analfǎbetski
аналфабетски	analfǎbetskiː
анамнеза	anamněːza
ананас	aːnaˈnas
ананас	ânanas
анархизам	anarxǐzam
анархист	anǎrxist
анархистички	anarxǐstitʃki
анархистички	anarxǐstitʃkiː
анархичан	anǎrxitʃan
анархичност	anǎrxitʃnoːst
анархија	anǎrxija
анасон	anǎsoːn
анастрофа	anastrǒːfa
анатемизирати	anatemizǐːrati
анатолија	anatǒːlija
анатом	anǎtoːm
анатомија	anatǒmija
анахронизам	anaxronǐzam
ангажиран	angǎʒiːran
ангажирати	angaʒǐːrati
ангелологија	angelolǒgija
ангиологија	angiolǒgija
англизам	anglǐzam
англикан	anglǐkaːn
англиканац	anglikǎːnats
англикански	anglǐkaːnskiː
англист	ǎnglist
англистика	anglǐstika
англистички	anglǐstitʃki
англистички	anglǐstitʃkiː
англицизам	anglitsǐzam
англоамерика	angloaměrika
англоамерички	angloaměritʃkiː
англосаксонац	anglosaksǒːnats
англосаксонски	anglosǎksoːnskiː
англосаски	anglǒsaskiː
англофил	anglǒfiːl
англофоб	anglǒfoːb
ангола	angôːla
анголац	angǒːlats
анголка	ǎngoːlka
анголски	ǎngolskiː
андалузија	andǎluːzija
андалузијски	andǎluzijskiː
андалуски	andǎluskiː
анде	âːnde
андора	andôːra
андорац	andǒːrats
андорски	ǎndorskiː
андрија	ǎndrija
андрокло	andrǒklo
андрологија	androlǒgija
андромаха	andrǒmaxa
андромеда	andrǒmeda
анегдота	anegdǒta
анегдоталан	anegdǒtaːlan
анегдоталност	anegdotǎːlnoːst
анегдотичан	anegdǒtitʃan
анегдотичност	anegdǒtitʃnoːst
анегдотски	aněgdotski
анегдотски	aněgdotskiː
анексиони	âneksioːniː
анексионист	aneksiǒnist
анексионистички	aneksionǐstitʃki
анексионистички	aneksionǐstitʃkiː
анексија	aněksija
анексијски	aněksiːjski
анексијски	aněksiːjskiː
анектирати	anektǐːrati
анемичан	aněmitʃan
анероид	anerǒiːd
анестезија	anestězija
анестетик	anestětik
анилин	anǐliːn
анилински	anǐliːnskiː
анималан	ânimaːlan
аниматор	anǐmaːtor
анимација	animǎːtsija
анимизам	animǐzam
анимирати	animǐːrati
анимозитет	animozǐteːt
анис	ǎnis
аниса	ǎnisa
анихилација	anixilǎːtsija
аница	antsa
анка	âːnka
анкара	ǎnkara
анкета	ankěta
анкетар	ankětaːr
анкетирати	anketǐːrati
анкетни	ǎnketniː
анода	anǒːda
анодни	ǎnoːdniː
аномалија	anomǎlija
анониман	ânoniːman
анонимно	ânoniːmno
анонимност	anonǐːmnoːst
аноргански	ânorgaːnskiː
анотирати	anotǐːrati
антагонизам	antagonǐzam
антарктик	antǎrktik
анте	ǎːnte
антена	ant̪ẽna
антиалкохолизам	antialkoxolǐzam
антибиотик	antibiǒtik
антидржавни	antidřʒaːʋniː
антиимперијализам	antiimperijalǐzam
антик	ǎntik
антика	ǎntika
антиквар	antǐkʋaːr
антикваран	ântikʋaːran
антиклинала	antiklinǎːla
антикни	ǎntikniː
антикомунизам	antikomunǐzam
антикомунист	antikomǔnist
антикомунистички	antikomunǐstitʃki
антикомунистички	antikomunǐstitʃkiː
антилогаритам	antilogarǐtam
антиматерија	antimǎteːrija
антиметабола	antimetǎbola
антимон	ǎntimon
антипатичан	antipǎtitʃan
антипатично	antipǎtitʃno
антипод	antǐpoːd
антирелигиозан	antirěligioːzan
антисемитизам	antisemitǐzam
антисемитски	antisěmiːtski
антисемитски	antisěmiːtskiː
антисептички	antisěptitʃki
антисептички	antisěptitʃkiː
антисоцијалан	antisǒtsijaːlan
антисоцијализам	antisotsijalǐzam
антисоцијалистички	antisotsijalǐstitʃki
антисоцијалистички	antisotsijalǐstitʃkiː
антитеза	antǐteza
антитело	ǎntiteːlo
антитијело	ǎntitjeːlo
антифашизам	antifaʃǐzam
антифашист	antifǎʃist
антифашистички	antifaʃǐstitʃki
антифашистички	antifaʃǐstitʃkiː
антифашисткиња	antifǎʃistkiɲa
антифеминизам	antifeminǐzam
антихерој	antixěroːj
антициклона	antitsiklǒːna
антиципација	antitsipǎːtsija
антиципирати	antitsipǐːrati
антички	ǎntitʃkiː
антологија	antolǒgija
антоним	antǒniːm
антонимија	antonǐmija
антономазија	antonomǎːzija
антракс	ǎntraks
антропоидан	ântropoiːdan
антрополог	antropǒlog
антропологија	antropolǒgija
антрополошки	antropǒloʃki
антрополошки	antropǒloʃkiː
антропоморфан	antropomǒrfan
антропоморфизам	antropomorfǐzam
антун	ǎntuːn
анулирати	anulǐːrati
анђелак	andʑěːlak
анђелић	âːndʑelitɕ
анђелски	âːndʑelskiː
анђелчић	andʑěltʃitɕ
анђео	âːndʑeo
анђеоски	andʑeǒski
анђеоски	andʑeǒskiː
анџар	ǎndʒaːr
аорист	âorist
аористни	âoristniː
аорта	ǎoːrta
апанажа	apanǎːʒa
апаратчик	aparǎttʃik
апартан	ǎpartan
апартхејд	âpartxejd
апатин	apat̪in
апатичан	apǎtitʃan
апатично	apǎtitʃno
апатија	apǎtija
апатрид	apǎtriːd
апел	ǎpel
апелирати	apelǐːrati
аперитив	aperǐtiːʋ
апетит	apětiːt
апити	aːpiti
аплаудирати	aplaudǐːrati
аплауз	ǎplauz
апликација	aplikǎːtsija
аплицирати	aplitsǐːrati
аподиктички	apodǐktitʃki
апозиција	apozitsia
апозиција	apozǐːtsija
апокалипса	apokalǐpsa
апокалиптичан	apokalǐptitʃan
апокрифан	apǒkrifan
аполитичан	apolǐtitʃan
аполитички	apolǐtitʃki
аполитички	apolǐtitʃkiː
апологет	apolǒgeːt
апологетика	apologětika
апологија	apolǒgija
аполон	apǒloːn
апостол	ǎpostol
апостроф	ǎpostrof
апострофа	apǒstrofa
апострофирати	apostrofǐːrati
апотеоза	apoteǒːza
апрецијација	apretsijǎːtsija
април	ǎpriːl
априлски	ǎpriːlskiː
априоран	âprioːran
апроксимативан	âproksimatiːʋan
апроксимативно	âproksimatiːʋno
апроксимирати	aproksimǐːrati
апсида	ǎpsida
апсолвирати	apsolʋǐːrati
апсолут	âpsoluːt
апсолутан	âpsoluːtan
апсолутизам	apsolutǐzam
апсолутизирати	apsolutizǐːrati
апсолутно	âpsoluːtno
апсолуција	apsolǔːtsija
апсорбирати	apsorbǐːrati
апсорпција	apsǒrptsija
апстиненција	apstiněntsija
апстинирати	apstinǐːrati
апстракт	ǎpstrakt
апстрактан	ǎpstraktan
апстрактно	ǎpstraktno
апстракција	apstrǎktsija
апстрахирати	apstraxǐːrati
апсурдан	ǎpsurdan
апсурдно	ǎpsurdno
апсурдност	ǎpsurdnoːst
апсциса	apstsǐsa
арабеска	arǎbeska
арабица	arǎbitsa
арабија	ǎraːbija
арабијски	arǎːbiːjskiː
арабљанин	arǎːbʎaniːn
арамејски	aramějskiː
аранжирати	aranʒǐːrati
аранжирати	aːranʒiːrati
аранжман	arǎnʒmaːn
арапин	ǎrapin
арапски	ǎrapskiː
арбитар	ǎrbitar
арбитража	arbitrǎːʒa
арбитражни	ârbitraːʒniː
арбитраран	ârbitraːran
арбун	ǎrbuːn
аргат	ǎrgat
аргентина	argentǐːna
аргентинац	argentǐːnats
аргентински	argěntiːnskiː
аргон	ǎrgoːn
аргумент	argǔment
аргументација	argumentǎːtsija
аргументирано	arguměntiːrano
аребица	arěbitsa
арена	areena
арена	arěːna
арес	âːres
арзухал	arzǔxaːl
аристократ	aristǒkrat
аристократија	aristokrǎtija
аристократкиња	aristǒkratkiɲa
аристократски	aristǒkratski
аристократски	aristǒkratskiː
аристокрација	aristokrǎtsija
аритметика	aritmětika
аритметички	aritmětitʃki
аритметички	aritmětitʃkiː
аритмија	arǐtmija
арија	âːrija
аријски	âːriːjskiː
арматура	armatǔːra
арменац	arměːnats
арменија	ǎrmeːnija
арменски	ǎrmeːnskiː
армија	ǎrmija
армија	ˈaɾmija
арогантан	arogǎntan
арогантно	arogǎntno
ароганција	arogǎntsija
арома	arǒːma
ароматичан	aromǎtitʃan
арсен	ǎrseːn
арсенал	arsěnaːl
артерија	ǎrteːrija
артеријски	ǎrteːriːjskiː
артефакт	artɛfakt
артефакт	ârtefakt
артикулација	artikulǎːtsija
артикулацијски	artikulǎːtsiːjskiː
артист	ǎrtist
артистички	artǐstitʃki
артистички	artǐstitʃkiː
артичока	artitʃǒːka
артиљерац	artiʎěːrats
артиљерија	artiʎěrija
артиљеријски	artiʎěriːjskiː
артиљерски	artǐʎeːrski
артиљерски	artǐʎeːrskiː
артритис	artrǐtis
архаизам	arxaǐzam
архаизирати	arxaizǐːrati
архаик	arxǎik
архаичан	arxǎitʃan
архаично	arxǎitʃno
археолог	arxeǒlog
археологија	arxeolǒgija
археолошки	arxeǒloʃkiː
архив	ǎrxiːʋ
архивар	arxǐʋaːr
архивист	arxǐʋist
архиепископ	arxiaepiskop
архиепископ	arxiěpiskop
архипелаг	arxipělaːg
архитект	arxǐtekt
архитектица	arxǐtektitsa
архитектонски	arxitěktoːnskiː
архитектура	arxitektǔːra
архитектура	arxʲitɛktura
архитектурни	arxitěktuːrniː
архиђакон	ǎrxidʑakon
аршин	ǎrʃiːn
ас	âs
асамски	ǎsamskiː
асептичан	asěptitʃan
асептички	asěptitʃkiː
асиметричан	asimětritʃan
асиметрија	asimětrija
асимилација	asimilǎːtsija
асирац	asǐːrats
асирија	asǐːrija
асирологија	asirolǒgija
асирски	ǎsiːrskiː
асистент	asǐstent
асистенција	asistěntsija
асистирати	asistǐːrati
аскетизам	asketǐzam
асонанца	asǒnaːntsa
асортиман	asortǐmaːn
асоцирати	asotsǐːrati
асоцијалан	âsotsijaːlan
асоцијацизам	asotsijatsǐzam
асоцијационизам	asotsijatsionǐzam
аспартам	aspardam
аспект	ǎspekt
аспирин	aspǐriːn
аспра	âspra
астек	astɛk
астероид	asterǒiːd
астма	ǎstma
астматичан	astmǎtitʃan
астматичар	astmǎtitʃaːr
астралан	ǎstraːlan
астробиологија	astrobiolǒgija
астрогеологија	astrogeolǒgija
астролог	astrǒlog
астрологија	astrolǒgija
астролошки	astrǒloʃki
астролошки	astrǒloʃkiː
астронаут	astronǎut
астронаутика	astronaǔtika
астроном	astrono
астрономија	astronomia
астрономија	astronǒmija
астрономијски	astronǒmiːjskiː
астрономски	astrǒnomskiː
астрофизика	astrofǐzika
астрофизичар	astrofǐzitʃaːr
астурија	ǎstuːrija
астуријац	astǔriːjats
астуријски	ǎstuːriːjskiː
асуан	ǎsuan
асфалт	ǎsfalt
асфалтирати	asfaltǐːrati
атаман	atǎmaːn
атар	âtaːr
атеизам	ateǐzam
атеист	atěist
атена	atěːna
атентат	atěntaːt
атентатор	atěntaːtor
атерирати	aterǐːrati
атина	atǐːna
атички	ǎtitʃkiː
атланта	atlǎnta
атлантида	atlantǐːda
атлантик	atlǎntik
атлантски	ǎtlantskiː
атлетика	atlětika
атлетичар	atlětitʃaːr
атлетичарка	atlětitʃaːrka
атлетски	ǎtleːtskiː
атмосфера	atmosfěːra
атмосфера	atmosfɛːra
атом	ǎtoːm
атомизација	atomizǎːtsija
атомизирати	atomizǐːrati
атомски	ǎtoːmskiː
атоналан	âtonaːlan
атрактиван	âtraktiːʋan
атракција	atrǎktsija
атрибут	atributs
атрибут	atrǐbuːt
атрофија	atrǒfija
аугментатив	ǎugmentatiːʋ
аудиолог	audiǒlog
аудиологија	audiolǒgija
аудиција	audǐːtsija
аукција	aǔktsija
ауреола	aurěola
аустралац	austrǎːlats
аустралија	aǔstraːlija
аустралијанац	australijǎːnats
аустралијански	australǐjaːnskiː
аустралијски	aǔstraːliːjskiː
аустралски	aǔstraːlski
аустралски	aǔstraːlskiː
аустрија	ǎustrija
аустријанац	austrijǎːnats
аустријански	austrǐjaːnskiː
аустријски	ǎustriːjski
аустријски	ǎustriːjskiː
аустроугарски	austroǔgarski
аустроугарски	austroǔgarskiː
аутаркија	autǎrkija
аутархија	autǎrxija
аутентичан	autěntitʃan
аутентичност	autěntitʃnoːst
аутизам	autǐzam
ауто	autˈo
ауто	ǎuto
аутобиографски	autobiǒgrafski
аутобиографски	autobiǒgrafskiː
аутобус	autǒːbus
аутобус	au̯tobus
аутодидакт	autodǐdakt
аутокефалан	autokěfaːlan
аутократ	autǒkraːt
аутокрација	autokrǎtsija
аутомат	autǒmaːt
аутоматски	autǒmatski
аутоматски	autǒmatskiː
аутомеханичар	automexǎnitʃaːr
аутомеханичар	au̯tomexanitʃar
аутомобилист	automobǐlist
аутомобилистички	automobilǐstitʃki
аутомобилистички	automobilǐstitʃkiː
аутомобилски	automǒbilskiː
аутономан	ǎutonoːman
аутономашки	autonǒmaːʃki
аутономашки	autonǒmaːʃkiː
аутономаштво	autonomǎːʃtʋo
аутономист	autonǒmist
аутономистички	autonomǐstitʃki
аутономистички	autonomǐstitʃkiː
аутономија	autonǒmija
аутопортрет	autopǒrtreːt
аутопраоница	autopraǒːnitsa
аутопсија	autǒpsija
аутопут	au̯t̪opuːt
аутопут	ǎutopuːt
аутор	ǎutor
ауторизација	autorizǎːtsija
ауторитаран	âutoritaːran
ауторитарност	autoritǎːrnoːst
ауторитативан	âutoritatiːʋan
ауторитативно	âutoritatiːʋno
ауторитативност	autoritatǐːʋnoːst
ауторитет	autorǐteːt
ауторски	ǎutorski
ауторски	ǎutorskiː
ауторство	autǒːrstʋo
аутостоп	ǎutostop
аутострада	ǎutostraːda
аутосугестија	autosugěstija
аутохтон	autǒxton
аутсајдер	autsǎjder
аутсајдерски	autsǎjderski
аутсајдерски	autsǎjderskiː
афганистан	afganǐstaːn
афганистански	afganǐstaːnskiː
афект	ǎfekt
афектација	afektǎːtsija
афектација	afɛktˈatsijˈa
афектирати	afektǐːrati
афел	ǎfel
афера	afěːra
аферим	afěrim
афикс	ǎfiks
афинитет	afinǐteːt
афирмативан	âfirmatiːʋan
афирмативно	âfirmatiːʋno
афирмација	afirmǎːtsija
афирмиран	afǐrmiːraːn
афирмирати	afirmǐːrati
афоризам	aforǐzam
афорист	afǒrist
афористички	aforǐstitʃkiː
африка	ǎfrika
африка	ˈafrika
африканац	afrikǎːnats
африканизам	afrikanǐzam
африканизација	afrikanizǎːtsija
африканка	afrǐkaːnka
африкански	afrǐkaːnskiː
африката	afrikǎːta
африке	afriːkːi
афрички	ǎfritʃkiː
афродизијак	afrodǐzijak
афродита	afrǒdita
ахат	âxaːt
ахбаб	ǎxbaːb
ахил	ǎxil
ахиму	ahimˈu
ахирет	ǎːxiret
ацетат	atsětaːt
ацетилен	atsetǐleːn
ацетон	atsětoːn
ашенбехер	ǎʃenbexer
ашигџија	aʃǐgdʒija
ашик	ǎʃik
ашиклија	aʃǐklija
ашиклук	aʃǐkluk
ашиковати	ǎʃikoʋati
ађутант	adʑǔtant
ајам	ǎːjam
ајатолах	ajatǒlax
ајвар	ǎjʋaːr
ајде	ǎjde
ајкула	âjkula
ајме	ǎjme
ајмех	ǎjmex
ајмо	ǎjmo
аљамиадо	aʎamiado
аљаска	ǎʎaska
аљаски	ǎʎaskiː
аљкав	âʎkaʋ
аљкаво	âʎkaʋo
аџуван	adʒǔʋaːn
б	b
баба	bâba
бабарога	babarǒːga
бабилонски	bâbiloːnskiː
бабица	bâbitsa
бабице	babitsɛ
бабичити	babitʃɪti
бабо	bǎːbo
бабовина	baːboːxina
бабовић	baboviʃ
бабун	bǎbuːn
бабуна	bǎbuna
бабурак	baːbuːrak
бабурача	bapuraˈtʃa
бабурда	babuurda
баварска	bǎʋaːrska
баварски	bǎʋarski
баварски	bǎʋarskiː
бавити	bâʋiti
багдад	bǎgdaːd
багдадски	bǎgdadskiː
багер	bǎːger
багрем	bǎgrem
бадава	badǎʋa
бадањ	bǎdaɲ
бадем	bǎːdem
бадњак	bâdɲaːk
баждар	bǎʒdaːr
баждарити	baʒdǎːriti
база	bǎːza
базалт	bazlt
базар	bazɑːr
базати	bǎːzati
базга	bǎzga
базга	vazga
баздети	bǎzdeti
баздјети	bǎzdjeti
базен	bǎzeːn
базилика	bɑzilika
базирати	bazǐːrati
бакa	baka
бака	bǎːka
бакалар	bakǎlaːr
бакалница	bakaɫnitsa
бакар	bǎkar
баклава	aklaːva
баклава	baklǎʋa
баковић	bakovitʃ
бакрен	bǎkren
бакрорез	bâkroreːz
бактати	bǎktati
бактериолог	bakteriǒlog
бактериологија	bakteriolǒgija
бактериолошки	bakteriǒloʃkiː
бактерија	bǎkteːrija
баку	bǎku
бакшиш	bǎkʃiʃ
бакља	bâkʎa
бакљада	bakʎǎːda
бакљоноша	bâkʎonoʃa
бала	bâla
балав	bâlaʋ
балавац	bâlaʋats
балавити	bâlaʋiti
балавица	bâlaʋitsa
балада	balǎːda
балалајка	balaɫajka
баланс	bǎlans
балансирати	balansǐːrati
баласт	bǎlast
балван	bǎlʋan
балега	balěːga
балега	bâlega
балегати	balěgati
балегати	balɛgati
балерина	balerǐːna
балет	bǎleːt
балетан	balət̪an
балетеза	balet̪esa
балзам	bǎlzam
балзамирати	balzamǐːrati
балистика	balǐstika
балистички	balǐstitʃki
балистички	balǐstitʃkiː
балити	bâliti
балија	balia
балија	bǎlija
балкан	bǎlkaːn
балканац	balkǎːnats
балканизирати	balkanizǐːrati
балканка	balkˈanˈkˈa
балкански	bǎlkaːnski
балкански	bǎlkaːnskiː
балкон	balkoːn
балкон	bǎlkoːn
балконски	bˈɑlkˈonskˈi
балон	baloɔn
балон	bǎloːn
балонар	balonaɾ
балота	balɔta
балотирати	bavotiːratiː
балсам	β̞alsam
балта	balt̪ɾ
балтик	bǎltik
балтички	bǎltitʃkiː
балчак	bǎltʃak
бамбус	bambuz
бамбус	bǎmbus
бамбусов	bǎmbusoʋ
бамија	bǎmija
бамња	bamʎˈa
бан	bâːn
бан	bɑːn
банак	baːnək
баналан	bonaɑlan
баналан	bǎnaːlan
банализирати	banalizǐːrati
банално	bǎnaːlno
баналност	banalmost
баналност	banǎːlnoːst
банана	banǎːna
банана	banˈana
банање	baːnaːnjɛ
бангавост	bangabˈost
бангати	balˈgˈati
бангкок	bǎngkok
бангладеш	bǎngladeʃ
банда	baːnda
банда	bâːnda
бандера	banděːra
бандистка	banbist̪ka
бандит	bǎndiːt
бандитски	bǎndiːtski
бандитски	bǎndiːtskiː
бандица	banʲvitsa
бандоглав	bandǒglaʋ
бандоглавост	bandǒglaʋoːst
баница	baniˈtsɑ
банија	banjja
банка	bˈanka
банкама	baːnkaːmaː
банкар	bǎnkaːr
банкарски	bǎnkaːrskiː
банкарском	bankarˈskɔm
банкарство	bankaːrstvo
банкет	bǎnkeːt
банкиза	bankiːzɑ
банкина	bankiːnˈa
банкина	bankǐːna
банкнота	banknǒːta
банкократ	bankokɾat
банкрот	bǎnkroːt
банкротер	bankrǒteːr
банкротирати	bankrotǐːrati
банкротирати	bankrtiːraːti
банкротски	bankrutski
бановати	banovati
банути	bǎnuti
банци	banˈtʃi
банчити	bâːntʃiti
бап	ba
бар	bâr
бар	bâːr
бара	bâra
бараба	barǎba
бараба	bˈaɾaba
барабити	berabiti
баражирати	ˈbaraʒiːrati
баражни	baraːʒnɨ
барака	barǎka
баракуда	barakǔːda
баран	bǎran
баратати	barǎtati
барачина	baratʃɛna
барбадос	barbǎːdos
барбадоски	barbǎːdoskiː
барбар	bǎrbar
барбаризам	barbarǐzam
барбаризовати	barbariːzoˈvɑːtiː
барбарски	bǎrbarski
барбарски	bǎrbarskiː
барбарство	bǎrbaːrstʋo
барбика	bǎrbika
барбун	barbuˈn
барбут	barbuːt
барел	bǎrel
барем	bǎrem
барикада	barikǎːda
барити	bʲaːrjti
баритон	baliton
баритон	bǎritoːn
баритона	barǐtona
баритона	beritona
барица	baritʃa
баријера	barijěːra
барка	bâːrka
барок	bǎrok
барокни	bǎrokniː
барометар	bârometar
барон	bǎroːn
барселона	barselǒːna
барут	bǎːrut
барчица	bâːrtʃitsa
баршун	bǎrʃuːn
баршунаст	bǎrʃunast
барјак	bǎrjaːk
барјактар	bariaktaːr
барјактар	barjǎktaːr
барјактарити	barjaktǎːriti
бас	bâs
баск	bâsk
баскијски	bâskiːjski
баскијски	bâskiːjskiː
басна	bâsna
баснослован	basnˈosloˈvɛn
баснослован	bâsnosloːʋan
бастра	bˈɑstra
бат	bât
бат	bâːt
батак	bâtaːk
батаљун	batǎʎuːn
батерија	bǎteːrija
батина	batɪna
батина	bǎtina
батинати	batǐnati
батли	bˈatəlˌi
батлија	bǎtlija
батргати	batrˈgati
батуленка	batulɛnka
бауљати	baǔʎati
бахат	bâxat
бахатити	baxǎtiti
бахато	baxatʊ
бахато	bǎxato
бахатост	bǎxatoːst
бахорити	bâxoriti
бахреин	bǎxrein
бахреински	baxreǐnskiː
бахт	bâxt
бацакати	batsǎkati
бацати	batʃati
бацати	bǎtsati
бацач	bǎtsaːtʃ
бацачица	batsǎtʃitsa
бацањ	baːtsan
бацање	bǎtsaːɲe
бацање	vatsaɲe
бацаћу	batsatʃu
бацил	bǎtsiːl
бацити	baːtsiti
бацити	bǎːtsiti
бачва	bâtʃʋa
бачва	bˈatʃva
бачванин	batʃˈvˈaːnˌn
бачванче	baːtʃvˈaːntʃ
бачвар	bâtʃʋaːr
бачвара	batʃbara
бачка	bâːtʃkaː
бачкавич	batʃkavitʃ
бачки	bâːtʃkiː
баш	bâʃ
баш	bˈas
башица	bwaʃɪtstsa
башкалук	bˈaʃkʌlˈuk
башкарити	bɒʃkariːti
башлика	baʃlɨka
башта	baːʃt
башта	bǎːʃta
баштина	bast̪ina
баштина	bâʃtina
баштиник	bâʃtiniːk
баштинити	bâʃtiniti
баштиница	bâʃtinitsa
баштованка	paʃtovaæmka
баштовански	baʃtovaːnski
баштон	bǎʃtoːn
баштун	bǎʃtuːn
башуна	bˌɑʃˈuna
башут	bˈaʃut
башча	bǎːʃtʃa
башчаршија	bâʃtʃarʃija
башче	bǎːʃtʃe
башчован	baʃtʃǒʋaːn
бајаги	bajǎgi
бајам	bǎjam
бајан	bâːjan
бајат	bǎjat
бајати	bâjati
бајка	bâːjka
бајонет	bajǒneːt
бајонета	bajoněːta
бајослован	bâjosloːʋan
бајрам	bǎjram
бајрамовати	bǎjramoʋati
бајт	bâjt
бајта	bâːjta
бајунет	bajǔneːt
бајунета	bajuněːta
баљезгати	baʎězgati
бањ	bâɲ
бања	bâɲa
бања	bˈaɲˈa
бањак	baːnjak
бањати	bâɲati
бањица	bâɲitsa
баћа	bǎːtɕa
баћушка	bˈatʃuʃka
баџа	baʒa
баџа	bǎːdʒa
бденије	bɪdˈeːniːjɛ
бдети	bdêti
бдјети	bdjêti
беатификација	beatifikǎːtsija
беба	be˩˥ːba˥˩
беба	běːba
бебан	bɛban
бебаст	bɛbast
бебица	bɛbitsa
беванда	běʋaːnda
бег	bˈeɪk
бегати	bêgati
беглајтер	beglǎjter
бегунац	begǔːnats
бегуница	begˈulˈitsˈa
беда	beːda
бедак	bědaːk
бедан	beːɾˈdan
бедан	bêːdan
бедаст	beˈd̪ɐst
бедаст	bêdast
бедастоћа	bedastǒtɕa
бедем	bědem
бединерица	bedǐːneritsa
бедити	beˈɛditʃi
бедник	bêːdniːk
бедно	bêːdno
бедро	bědro
бедуин	bedǔiːn
бежанија	beʒaːne̞ja
бежати	běʒati
беженство	běʒeːnstʋo
беживотан	bêʒiʋotan
без	bêz
без	bɛz
безазлен	bezǎzlen
безазлено	bezǎzleno
безазленост	bezǎzlenoːst
безакон	bezaɾkɔn
безаконик	bezɑːrkoːniːk
безаконит	bezǎːkonit
безаконито	bezǎːkonito
безакоњак	bɛzaːkoɲak
безакоње	bezǎːkoɲe
безалкохолан	bězalkoxoːlan
безбедност	bězbednôːst
безбожан	bězboʒan
безбожац	bězboʒats
безбожник	bězboʒniːk
безбожница	bězboʒnitsa
безбожнички	bězboʒnitʃki
безбожнички	bězboʒnitʃkiː
безбожништво	bězboʒniːʃtʋo
безбожно	bezboʐno
безбожно	bězboʒno
безбожност	bězboʒnoːst
безбожје	bězboːʒje
безболан	bězboːlan
безболно	bězboːlno
безболност	bězboːlnoːst
безбоштво	bězboʃtʋo
безбојан	bêzboːjan
безбојно	bêzboːjno
безбојност	bêzboːjnoːst
безбрижан	bězbriʒan
безбрижно	bězbriʒno
безбрижност	bězbriʒnoːst
безбрк	bɛzbrk
безбрође	bezbrodʒe
безброј	bězbroːj
безбројан	bezbrojɒn
безбројан	bězbroːjan
безвезан	bězʋezan
безвезно	bězʋezno
безверан	be̞zbe̞raːn
безверан	bězʋeːran
безверац	bězʋerats
безверница	bězʋeːrnitsa
безвлашће	bězʋlaːʃtɕe
безвлађе	bězʋlaːdʑe
безводан	bězʋodan
безвоља	bězʋoʎa
безвољан	bêzʋoːʎan
безвољно	bězʋoːʎno
безвредан	bêzʋredan
безвредно	bêzʋredno
безвремен	bězʋremen
безвременост	bězʋremenoːst
безвременски	bězʋremenskiː
безвриједан	bêzʋrijedan
безвриједно	bêzʋrjedno
безвјеран	bězʋjeːran
безвјерац	bězʋjerats
безвјерница	bězʋjeːrnitsa
безглав	bězglaʋ
безглаво	bězglaʋo
безглавост	bězglaʋoːst
безгласан	bězglasan
безгласно	bězglasno
безготовински	bezgotǒʋiːnskiː
безграничан	bêzgranitʃan
безгранично	bêzgranitʃno
безграничност	bêzgranitʃnoːst
безгрешан	bězgreʃan
безгрешно	bězgreʃno
бездан	bězdan
бездимни	bězdimniː
бездушан	bězduʃan
бездушно	bězduʃno
бездушност	bězduʃnoːst
беземљаш	bezěmʎaːʃ
безидејан	bêzideːjan
безидејно	bêzideːjno
безидејност	beziděːjnoːst
безизгледан	bêzizgleːdan
безизгледно	bêzizgleːdno
безизгледност	bezizglěːdnoːst
безизлазан	bêzizlazan
безизлазно	bêzizlazno
безизлазност	bêzizlaznoːst
безизниман	bêzizniːman
безизнимно	bêzizniːmno
безизражајан	bêzizraʒaːjan
безизражајно	bêzizraʒaːjno
безизразно	bêzizraːzno
безимен	bězimen
безимено	bězimeno
безименост	bězimenoːst
безличан	bězlitʃan
безлично	bězlitʃno
безличност	bězlitʃnoːst
безмало	bězmalo
безнадан	běznadan
безнадно	běznadno
безнадност	běznadnoːst
безначајан	bêznatʃaːjan
безначајно	bêznatʃaːjno
безначајност	beznatʃǎːjnoːst
безнађе	běznaːdʑe
безобзиран	bêzobziːran
безобзирно	bêzobziːrno
безобзирност	bezobzǐːrnoːst
безобразан	bezǒbrazan
безобразлук	bezobrǎzluk
безобразник	bezǒbrazniːk
безобразница	bezǒbraznitsa
безобразност	bezǒbraznoːst
безобраштина	bezobrǎʃtina
безопасан	bêzopaːsan
безопасност	bêzopaːsnoːst
безосећајан	bêzosetɕaːjan
безосећајно	bêzosetɕaːjno
безосећајност	bezosetɕǎːjnoːst
безосјећајан	bêzosjetɕaːjan
безосјећајно	bêzosjetɕaːjno
безосјећајност	bezosjetɕǎːjnoːst
безочан	bězotʃan
безразложан	bezrǎːzloʒan
безразложно	bezrǎːzloʒno
безразложност	bezrǎːzloʒnoːst
безрезерван	bezrězeːrʋan
безуб	bězub
безуман	bězuːman
безумни	beːzˈzumni
безумник	bězuːmniːk
безумно	bězuːmno
безумност	bězuːmnoːst
безумље	bězuːmʎe
безуспех	bêzuspex
безуспешан	bezǔspeʃan
безуспешно	bezǔspeʃno
безуспешност	bezǔspeʃnoːst
безуспјех	bêzuspjex
безуспјешан	bezǔspjeʃan
безуспјешно	bezǔspjeʃno
безуспјешност	bezǔspjeʃnoːst
безјак	bêzjaːk
бекати	běːkati
бекетати	bekětati
бекнути	běːknuti
бекство	běkstʋo
бекхенд	bêkxend
бел	bêːl
бела	bêla
беланце	belǎːntse
беланчевина	belǎːntʃeʋina
беласати	belǎsati
беласнути	belǎsnuti
белац	běːlats
белај	bělaːj
белањак	belǎːɲak
белгија	běːlgija
белгијанац	belgijǎːnats
белгијски	bělgiːjski
белгијски	bělgiːjskiː
белег	běleg
бележити	běleʒiti
бележница	běleʒnitsa
белети	běːleti
белетристика	beletrǐstika
белешка	běleʃka
белило	bělilo
белина	belǐna
белити	běːliti
белихтати	belǐxtati
белица	belǐtsa
белкиња	bêlkiɲa
бело	bɛlo
белорусија	belorǔsija
белоруски	bêloruskiː
бенгалски	běngaːlski
бенгалски	běngaːlskiː
бенд	beːnt
бенд	bênd
беневолентан	beneʋolěntan
бенедиктински	benedǐktiːnskiː
бенефиција	benefǐːtsija
бензен	běnzeːn
бензин	běnziːn
бениган	běniːgan
бенигно	běniːgno
бенин	bênin
бенџо	benzo
бео	beːo
бео	bêo
београд	bêograd
београдски	beǒgradskiː
београђанин	bêogradʑanin
београђанка	bêogradʑaːnka
београђански	bêogradʑanskiː
беоција	beǒtsija
берач	běraːtʃ
берачица	berǎtʃitsa
берба	běrba
бербер	běrber
берберски	běrberskiː
берза	bêrza
берил	běriːl
берилиј	běriːlij
берилијум	běriːlijum
берковићи	berkovˈitːi
берлин	běrliːn
берлинац	berlǐːnats
берлински	běrliːnskiː
берн	bêːrn
бес	bêːs
бесавесно	besǎːʋesno
бесавестан	besǎːʋestan
бесавјесно	besǎːʋjesno
бесавјестан	besǎːʋjestan
бесадржајан	bêsadrʒaːjan
бесадржајно	bêsadrʒaːjno
бесан	běsan
бесан	běːsan
бесвесно	bêsʋesno
бесвесност	běsʋesnoːst
бесвест	bêsʋeːst
бесвестан	bêsʋestan
бесвијест	bêsʋijeːst
бесвјесно	bêsʋjesno
бесвјесност	běsʋjesnoːst
бесвјестан	bêsʋjestan
беседа	běseda
беседити	běsediti
бескаматни	běskamatniː
бескарактеран	beskarǎkteːran
бескарактерно	beskarǎkteːrno
бескичмен	běskitʃmen
бескласан	běsklasan
бескомпромисан	bêskompromisan
бескомпромисно	bêskompromisno
бесконачан	bêskonatʃan
бесконачно	bêskonatʃno
бесконачност	bêskonatʃnoːst
бескорисно	bêskorisno
бескорисност	bêskoriːsnoːst
бескористан	bêskoriːstan
бескрај	bêskraːj
бескрајан	bêskraːjan
бескрајно	bêskraːjno
бескрајност	bêskrajnoːst
бескрупулозан	bêskrupuloːzan
бескрупулозно	bêskrupuloːzno
бескућник	běskutɕniːk
бескућница	běskutɕnitsa
бескућнички	běskutɕnitʃkiː
бесмисао	bêsmiːsao
бесмислен	běsmislen
бесмислено	běsmisleno
бесмисленост	běsmislenoːst
бесмислица	běsmislitsa
бесмртан	běsmrtan
бесмртник	běsmrtniːk
бесмртница	běsmr̩tnitsa
бесмртнички	běsmrtnitʃki
бесмртнички	běsmrtnitʃkiː
бесмртност	běsmrtnoːst
беснети	běsneti
беснило	běsnilo
бесно	bêːsno
бесолица	běsolitsa
беспарица	běsparitsa
бесперспективан	bêsperspektiːʋan
бесперспективно	bêsperspektiːʋno
бесплатан	běsplatan
бесплатно	běsplatno
бесплодан	běsplodan
бесплодно	běsplodno
бесповратан	bêspoʋratan
бесповратно	bêspoʋratno
беспоговоран	bêspogoʋoːran
беспоговорно	bêspogoʋoːrno
бесполан	bêspoːlan
бесполно	bêspoːlno
беспомоћан	bêspomotɕan
беспомоћно	bêspomotɕno
беспомоћност	bêspomotɕnoːst
беспослен	běsposlen
беспослено	běsposleno
беспосленост	běsposlenoːst
беспослица	běsposlitsa
беспосличар	běsposlitʃaːr
беспосличарити	besposlitʃǎːriti
беспосличарка	běsposlitʃaːrka
беспосличарски	běsposlitʃarski
беспосличарски	běsposlitʃarskiː
беспосличити	běsposlitʃiti
беспоштедан	bêspoʃteːdan
беспоштедно	bêspoʃteːdno
беспоштедност	bêspoʃteːdnoːst
бесправан	bêspraːʋan
бесправно	bêspraːʋno
беспредметан	besprěːdmetan
беспредметно	besprěːdmetno
беспрекоран	besprěːkoːran
беспрекорно	besprěːkoːrno
беспризоран	bêsprizoːran
беспримеран	besprǐːmeːran
беспримерно	besprǐːmeːrno
беспримјеран	besprǐːmjeːran
беспримјерно	besprǐːmjeːrno
беспринципијелан	bêsprintsipijeːlan
беспринципијелно	bêsprintsipijeːlno
беспријекоран	besprjěːkoːran
беспријекорно	besprijěːkoːrno
беспутан	běsputan
беспуће	běspuːtɕe
бесраман	bêsraːman
бесрамник	běsraːmniːk
бесрамнички	běsraːmnitʃki
бесрамнички	běsraːmnitʃkiː
бесрамно	bêsraːmno
бесрамност	bêsraːmnoːst
бестелесан	bêstelesan
бестидан	bêstiːdan
бестиднички	běstidnitʃki
бестиднички	běstidnitʃkiː
бестидно	bêstiːdno
бестидност	běstiːdnoːst
бестија	bêstija
бестијалан	bêstijaːlan
бестијално	bêstijaːlno
бестијалност	bestijǎːlnoːst
бестселер	bestsěler
бестјелесан	bêstjelesan
бесциљан	bêstsiːʎan
бесциљно	bêstsiːʎno
бесједа	běsjeda
бесједити	běsjediti
бета	bêta
бетон	bětoːn
бетонирати	betonǐːrati
бетонски	bětoːnskiː
бетула	bêtula
бефел	běfel
бехандлати	bexǎndlati
бехар	běxaːr
беч	beːtʃ
беч	bêːtʃ
бечанин	běːtʃanin
бечеј	betʃaj
бечити	běːtʃiti
бечки	bêːtʃkiː
бешаван	bêʃaːʋan
бешавно	bêʃaːʋno
бешика	běʃika
бештија	běʃtija
бешуман	bêʃuːman
бешумно	bêʃuːmno
бешчасно	běʃtʃasno
бешчастан	běʃtʃastan
бешчашће	běʃtʃaːʃtɕe
бејзбол	bějzboːl
бељи	beˈʎe
бећар	bětɕaːr
бећаруша	betɕǎruʃa
би	b
бибер	bǐber
библиобус	bibliǒːbus
библиотека	bibliotěːka
библиотека	bibliotˈeːka
библиотека	biblioːtɛka
библиотекар	bibliotěkaːr
библиотекарски	bibliotěkaːrski
библиотекарски	bibliotěkaːrskiː
библиотекарство	bibliotekǎːrstʋo
библиотечни	bibliǒtetʃniː
библиофил	bibliǒfiːl
библија	bǐblija
бивати	bǐːʋati
биваћу	biːvatʃu
биво	bivo
бивовати	biʋǒʋati
бивствовати	bîʋstʋoʋati
бивши	bîːʋʃiː
бигамист	bigǎmist
бигамија	bigǎmija
биглисати	bǐglisati
бигот	bǐgot
биготан	bǐgotan
биде	bǐdeː
бизантинац	bizantǐːnats
бизантински	bizǎntiːnskiː
бизантијски	bizǎntiːjskiː
бизантски	bǐzantskiː
бизаран	bîzaːran
бизмут	bizmumt
бизмут	bǐzmut
бизнисмен	bǐznismen
бизон	bǐzoːn
бикини	bǐkiːni
биковски	bǐkoʋski
биковски	bǐkoʋskiː
билабијалан	bîlabijaːlan
биланца	bilǎntsa
билатералан	bîlateraːlan
билатерални	bilaterɾalni
билдати	bîldati
билдер	bîlder
билдерски	bîlderski
билдерски	bîlderskiː
биле	bǐle
билеси	bilěsi
билингвалан	bîlingʋaːlan
билингвизам	bilingʋǐzam
билијун	bilǐjuːn
било	bîlo
билокакав	bilokǎkaʋ
билтен	bǐlteːn
билур	bǐluːr
бимбаша	bîmbaʃa
бинарни	bǐnaːrniː
био	bîo
биограф	biǒgraf
биографски	biǒgrafskiː
биолог	biǒlog
биологија	biolǒgija
биолошки	biǒloʃki
биолошки	biǒloʃkiː
биралиште	bǐraliːʃte
бирати	bireti
бирати	bǐːrati
бирач	bǐraːtʃ
бирачица	birǎtʃitsa
бирачки	bǐraːtʃkiː
бирократски	birǒkratski
бирократски	birǒkratskiː
биртија	bǐrtija
бирцуз	bîrtsuz
бисексуалност	biseksuǎːlnoːst
бисер	bizer
бисер	bǐser
бисеран	bǐseːran
бисквит	bǐskʋiːt
бискуп	bîskup
бискупија	biskǔpija
биста	bîsta
бистар	bîstar
бистрина	bistrǐna
бистрина	bistrʲina
бистрити	bǐstriti
бистрост	bɪstrost
бистроуман	bîstrouːman
бистроумље	bîstrouːmʎe
бит	bît
бит	bîːt
битан	bîtan
битанга	bǐtaːnga
битва	bîtʋa
битер	bǐter
бити	bîti
битка	bîtka
битно	bîtno
битност	bîtnoːst
битољ	bitɔʎ
бифе	bǐfeː
бифора	bǐfora
бифтек	bǐftek
бифуркација	bifurkǎːtsija
бих	bi
бих	bix
бихевиоризам	bixeʋiorǐzam
бихевиористички	bixeʋiorǐstitʃki
бихевиористички	bixeʋiorǐstitʃkiː
бицепс	bǐtseps
бициклизам	bitsiklǐzam
бициклист	bitsǐklist
бициклистика	bitsiklǐstika
бициклистички	bitsiklǐstitʃki
бициклистички	bitsiklǐstitʃkiː
бич	bîtʃ
бич	bˈitʃ
бичак	bîtʃaːk
бичевалац	bitʃěʋalats
бичевати	bîtʃeʋati
бичји	bîtʃjiː
бијег	bjêːg
биједан	bijêːdan
биједник	bijêːdniːk
биједно	bjêːdno
бијекција	bijěktsija
бијел	bjêːl
бијелац	bijěːlats
бијелити	bijěːliti
бијен	bǐjeːn
бијес	bijêːs
бијесан	bjěːsan
бијесно	bjêːsno
бијељети	bijěːʎeti
биљана	biʎjana
биљар	bǐʎaːr
биље	bile
биље	bîːʎe
биљег	bǐʎeg
биљежити	bǐʎeʒiti
биљежник	bǐʎeʒniːk
биљежница	bǐʎeʒnitsa
биљежнички	bǐʎeʒnitʃki
биљежнички	bǐʎeʒnitʃkiː
биљешка	bǐʎeʃka
биљка	bîːʎka
биљни	bîːʎniː
биљождер	bîʎoʒder
биљождерски	bîʎoʒderski
биљождерски	bîʎoʒderskiː
биљојед	bîʎojeːd
биљоједски	bîʎojedski
биљоједски	bîʎojedskiː
биљур	bǐʎuːr
биће	bǐːtɕe
благ	blâːg
благајна	blǎgaːjna
благдан	blâgdaːn
благо	blâgo
благо	blâːgo
благовати	blagǒʋati
благонаклон	blagonǎːklon
благонаклоност	blagonǎːklonoːst
благосивати	blagosǐːʋati
благосивљати	blagosǐːʋʎati
благосиљати	blagosǐːʎati
благосливљати	blagoslǐːʋʎati
благослов	blâgosloːʋ
благословити	blagoslǒʋiti
благословљен	blagǒsloʋʎen
благостање	blagostǎːɲe
блажити	blǎːʒiti
блазан	blâːzan
блазина	blǎzina
блазиња	blǎziɲa
бламажа	blamǎːʒa
бламирати	blamǐːrati
бланак	blânak
бласфемија	blasfěmija
блатан	blǎtan
блатити	blâtiti
блато	blâto
блато	bɫatːo
блатњав	blâtɲaʋ
блебетати	blebětati
блебетуша	blebětuʃa
блебнути	blêbnuti
блед	blêːd
бледети	blěːdeti
бледило	blědilo
бледоћа	bledǒtɕa
бленути	blênuti
блесак	blêːsak
блесирати	blesǐːrati
блескати	blêskati
блеснути	blêsnuti
блести	blesti
блесура	blesǔːra
блеф	blêf
блефер	blêfer
блефирати	blefǐːrati
блештав	blêʃtaʋ
блештати	blěːʃtati
блештити	blěːʃtiti
блејати	blěːjati
ближити	blǐːʒiti
близак	blîzak
близанац	blizǎːnats
близина	blizǐna
близу	blǐːzu
блискати	blîskati
блиско	blîsko
блискост	blîskoːst
блистав	blîstaʋ
блистати	blǐstati
блиц	blîts
блицкриг	blîtskriːg
блијед	bljêːd
блиједјети	blijěːdjeti
блијесак	bljêːsak
блијештати	bljěːʃtati
блијештити	blijěːʃtiti
блокада	blokǎːda
блокирати	blokǐːrati
блуд	blûːd
блудан	blûːdan
блудник	blûːdniːk
блудница	blǔːdnitsa
блудничење	blûːdnitʃeːɲe
блудничити	blûːdnitʃiti
блуз	blûːz
блутдрук	blûːtdruk
боб	bôb
бова	bôːʋa
бог	bôːg
богаз	bôgaz
богат	bǒgat
богаташев	bogatǎːʃeʋ
богатити	bǒgatiti
богато	bǒgato
богатство	bogǎtstʋo
богаљ	bôgaːʎ
богдан	bǒgdaːn
богиња	bǒgiɲa
богиње	bǒgiɲe
богом	bogum
богомољка	bogǒmoːʎka
богорадити	bogorǎːditi
богослов	bôgosloʋ
богословац	bogoslǒːʋats
богослужје	bôgosluːʒje
богота	bogǒta
богохулан	bôgoxuːlan
богохулити	bogoxǔːliti
богохулник	bôgoxuːlniːk
богумил	bôgumil
бод	bôːd
бодар	bôdar
бодеж	bǒːdeʒ
бодовати	bôdoʋati
бодрити	bǒdriti
бодро	bôdro
бодрост	bôdroːst
бодул	bôːdul
бодља	bôdʎa
бодљика	bǒdʎika
бодљикав	bǒdʎikaʋ
боем	bǒeːm
боемка	bǒeːmka
боемски	bǒeːmski
боемски	bǒeːmskiː
божански	boʒǎnskiː
божанствен	boʒǎnstʋen
божанство	boʒǎnstʋo
боже	boʒe
боже	bɔʒe
божи	bôʒiː
божиковина	boʒǐːkoʋina
божиј	bôʒiːj
божији	bôʒijiː
божић	boʒik
божић	bǒʒitɕ
божићни	bǒʒitɕniː
божур	bǒʒuːr
божји	bôʒjiː
боза	bǒːza
бозон	bǒzoːn
бокал	bǒkaːl
бокат	boka
боквица	bukvitsːa
боквица	bôkʋitsa
бокнути	boknuˈti
боксерице	bôkseritse
бол	bôːl
болан	bôːlan
болесник	bolěsniːk
болесница	bolěsnitsa
болеснички	bolěsniːtʃki
болеснички	bolěsniːtʃkiː
болест	bolɛst
болест	bôleːst
болестан	bôlestan
болети	bǒleti
болешљив	bolěʃʎiʋ
болешљивост	bolěʃʎiʋoːst
боливија	bolǐːʋija
боливијац	boliʋǐːjats
боливијски	bǒliːʋiːjskiː
болница	bǒːlnitsa
болничар	bǒːlnitʃaːr
болничарка	bǒːlnitʃaːrka
болнички	bǒːlnitʃki
болнички	bǒːlnitʃkiː
болно	bôːlno
боловати	bolǒʋati
боловање	bolǒʋaːɲe
боловање	bôloʋaːɲe
бомба	bumba
бомба	bôːmba
бомбардер	bombǎrdeːr
бомбардирати	bombardǐːrati
бомбастичан	bombǎstitʃan
бомбастично	bombǎstitʃno
бонсаи	bonusai
бор	boɾ
бор	bôːr
боравак	bǒraʋak
боравити	bǒraʋiti
боравишни	bǒraʋiːʃniː
боравиште	bǒraʋiːʃte
боранија	borǎnija
борац	bǒːrats
борба	bǒrba
борбен	bôrben
борбено	bôrbeno
борбеност	bôrbenoːst
бордура	bɔrduˈra
борер	bǒːrer
борис	bôːris
борити	bǒriti
боровина	bǒroʋina
боровница	borǒːʋnitsa
бос	bôːs
босанац	bosǎːnats
босанска	bosɛnska
босански	bǒsanski
босански	bǒsanskiː
босиљак	bǒsiʎak
босна	bôsna
босоног	bosǒnog
бости	bôsti
бостон	bôston
босут	bɒːsˈut
ботаника	botǎnika
ботаничар	botǎnitʃaːr
ботанички	botǎnitʃkiː
бофл	bǒfl
боца	bôtsa
боцвана	botsʋǎna
боцкати	bôtskati
боцнути	bôtsnuti
бочица	bôtʃitsa
бочни	bôtʃniː
бошча	bôʃtʃa
бошче	bôʃtʃe
бошњак	bǒʃɲaːk
бошњачки	bǒʃɲaːtʃki
бошњачки	bǒʃɲaːtʃkiː
бој	bôːj
боја	boːja
боја	bǒja
бојадисати	bojǎdisati
бојадишем	bojadiʃe
бојажљив	bojǎʒʎiʋ
бојажљивац	bojaʒlʲivats
бојажљиво	bojǎʒʎiʋo
бојазан	bôjaːzan
бојан	bǒjan
бојати	bǒjati
бојевати	bojěʋati
бојевит	boːjˈeːvikt
бојити	bǒjiti
бојица	bolitsa
бојиште	boiʃte
бојкот	bǒjkot
бојна	bôːjna
бојни	bojnei
бојник	bôːjniːk
бојовати	bojǒʋati
бојовник	bǒjoːʋniːk
боља	bˈoʎa
бољар	bˈoʎɛr
боље	bôʎeː
бољети	bǒʎeti
бољи	bˈoʎi
бољитак	boʎǐːtak
брабоњак	brâboɲak
брав	brâːʋ
бравар	brâʋaːr
браварски	brâʋarskiː
брада	brǎːda
брадавица	brǎdaʋitsa
брадат	brǎdat
брадетина	bradětina
бразда	brǎːzda
бразилски	brǎziːlskiː
брак	brâːk
брака	vraːka
браколомство	brakolǒːmstʋo
брана	branɛ
брана	brǎːna
бранилац	braːnilɛts
бранилац	brǎnilats
бранислав	brǎnislaʋ
бранислава	bɾaːnislava
бранитељ	brǎniteʎ
бранитељица	branitěʎitsa
бранити	braːniti
бранити	brǎːniti
бранич	brǎniːtʃ
бранка	braːnk
бранка	brâːnka
бранка	brǎːnka
бранко	brâːnko
браон	brown
брат	brât
братац	brâtats
брате	brâte
брати	brâti
братислава	brǎtislaʋa
братић	brâtitɕ
братоубилачки	bratoǔbilatʃki
братоубилачки	bratoǔbilatʃkiː
братски	brǎtskiː
братство	brǎtstʋo
браузер	brâuzer
брач	brâːtʃ
брачни	brâːtʃniː
брачном	bratʃnɔm
брашно	brâʃno
брајда	brâːjda
браћа	bratʃa
браћа	brâtɕa
брбљав	br̂bʎaʋ
брбљавост	br̂bʎaʋoːst
брбљати	břbʎati
брбљивост	břbʎiʋoːst
брдо	brɯto
брдовит	brdǒʋit
брдски	br̂dskiː
бревијар	breʋǐjaːr
брег	brˈeɪk
бреговић	brěgoʋitɕ
брежуљак	breʒǔːʎak
брежје	brêːʒje
бреза	brɛːza
брезница	brěːznitsa
брезничанин	brěːznitʃanin
брезов	brězoʋ
брезовац	brêzoʋats
брезовица	brêzoʋitsa
бреме	brême
бресква	brêskʋa
бресква	brɛskva
бретонски	brětoːnskiː
брже	brɛʒæ
брз	br̂ːz
брзава	brɛzava
брзати	brzatsi
брзати	břzati
брзи	brazi
брзина	brzǐna
брзо	brɛso
брзо	brɨzɔ
брзо	br̂ːzo
брзопис	br̂zopiːs
брзоплет	brzǒplet
брига	brîga
бригадирка	brigǎdiːrka
брижан	brîʒan
брижни	brɛʒni
брижно	brîʒno
брижност	brîʒnoːst
брижљив	brǐʒʎiʋ
брижљивост	brǐʒʎiʋoːst
бринем	brinɛm
бринета	briněta
бринути	brînuti
брис	brîːs
брисати	brîsati
брисач	brǐsaːtʃ
брисел	brǐsel
бриселски	brǐselskiː
британац	britǎːnats
британија	brǐtaːnija
британски	brǐtaːnskiː
бритвица	brîtʋitsa
брити	brîti
бријати	brîjati
бријеме	brijěme
бриџ	brîdʒ
брк	br̂ːk
бркат	břkat
бркати	brɛkaˈte
бркајлија	brkǎjlija
брко	břːko
бркоња	břːkoɲa
брод	brôːd
бродица	brǒditsa
бродић	brǒdiːtɕ
бродоградилиште	brodogrǎdiliːʃte
бродоградитељ	brodogrǎditeʎ
бродоградња	brodogrǎːdɲa
бродолом	brôdolom
бродоломац	brodolǒːmats
бродски	brǒdskiː
брокат	brǒkaːt
брокула	brôkula
бром	brôm
бром	brɔm
брош	brôʃ
број	bro˥˩j
број	brôːj
бројан	brôːjan
бројан	brˈoːjˈan
бројати	brǒjati
бројило	brǒjilo
бројити	brǒjiti
бројка	brôːjka
бројнији	brojneji
бројно	brôːjno
броју	brojɔ
бројчани	brǒjtʃaniː
бројчаник	brojtʃǎniːk
бројчано	brǒjtʃano
броћ	brôtɕ
брука	brûka
брукати	brûkati
брус	brûːs
брусити	brǔːsiti
брусница	brǔsnitsa
бруталан	brûtaːlan
бруталност	brutǎːlnoːst
брујати	brǔːjati
брчкати	br̂tʃkati
брљати	břːʎati
буба	bûba
бубати	bǔːbati
бубашваба	bubaʃʋǎːba
бубањ	bûːbaɲ
бубнути	bûbnuti
бубрег	bǔbreg
бубрежаст	bǔbreʒast
бубрежни	bǔbreʒniː
бубрежњак	bǔbreʒɲaːk
бубрити	bǔbriti
бубуљица	bubǔʎitsa
бубуљице	bubujitsˈe
бубуљичав	bubǔʎitʃaʋ
бубуљичавост	bubǔʎitʃaʋoːst
бубуљичаст	bubǔʎitʃast
бубњава	bǔbɲaʋa
бубњар	bǔbɲaːr
бубњарски	bǔbɲarskiː
бубњаст	bǔbɲaːst
бубњати	bǔbɲati
бубњиште	bûbɲiːʃte
бубњић	bǔbɲitɕ
бува	bǔʋa
бувљак	bǔʋʎaːk
бугарин	bûgarin
бугарити	bugǎːriti
бугарка	bûgaːrka
бугарска	bûgarska
бугарски	buˈgɤrski
бугарски	bûgarski
бугарски	bûgarskiː
бугарче	bugartʃe
бугарштица	bugǎrʃtitsa
буда	bǔːda
будак	bûdaːk
будала	budǎla
будаласт	budǎlast
будалаштина	budalǎːʃtina
будалетина	budalětina
будалина	budǎlina
будалити	budǎliti
будалица	budǎlitsa
будалчина	budǎltʃina
будан	bǔːdan
будва	bûdʋa
буде	budɛ
будеш	budɛʃ
будзашто	bǔdzaʃto
будизам	budǐzam
будилац	bǔdilats
будилица	bǔdilitsa
будилник	bǔdiːlniːk
будимпешта	bǔdimpeʃta
будимпештански	bǔdimpeʃtaːnskiː
будист	bǔdist
будистички	budǐstitʃki
будистички	budǐstitʃkiː
будисткиња	bǔdistkiɲa
будитељ	bǔditeʎ
будити	bǔːditi
будница	bǔːdnitsa
будно	bûːdno
будност	bǔːdnoːst
будоар	budǒaːr
буду	bûdu
будући	budutʃi
будући	bûduːtɕi
будући	bǔduːtɕiː
будућност	budǔːtɕnoːst
будшто	bǔdʃto
буздован	buzdǒʋaːn
бук	bûːk
бука	bûka
букавац	bǔːkaʋats
букагије	bukǎgije
букара	bǔkara
букач	bǔkaːtʃ
букачки	bǔkatʃkiː
буква	bûkʋa
буквалан	bûkʋaːlan
буквално	bûkʋaːlno
букван	bǔkʋan
буквар	bǔkʋaːr
буквик	bǔkʋiːk
буквица	bukvitʃa
буквица	bûkʋitsa
букет	bǔkeːt
буки	bǔki
букинг	bǔking
букнути	bǔːknuti
буков	bǔkoʋ
буковача	bûkoʋatʃa
буковина	bǔkoʋina
буктати	bǔktati
буктети	bǔkteti
буктиња	bǔktiɲa
буктјети	bǔktjeti
букурешт	bûkureʃt
букурештански	bukurěʃtaːnskiː
була	bûla
була	bǔla
була	bǔːla
булазнити	bulǎːzniti
булевар	bulěvaːr
бумбар	bûmbaːr
буна	bǔːna
бунар	bǔnaːr
бунда	bûːnda
бундева	bǔndeʋa
бунило	bǔnilo
бунити	bǔːniti
бункер	bǔnker
бункерирати	bunkerǐːrati
бунт	bûnt
бунт	bǔnt
бунтован	bûntoːʋan
бунтовник	bǔntoːʋniːk
бунтовница	bǔntoːʋnitsa
бунцати	bǔntsati
бура	bûra
бураг	bǔraːg
буран	bûːran
буранија	burǎnija
бургија	bǔrgija
буре	bûre
бурегџија	burěgdʒija
бурка	bûːrka
бурлеска	burlěska
бурма	bûːrma
бурманац	burmǎːnats
бурманка	bǔrmaːnka
бурмански	bǔrmanskiː
бурунди	burûndi
бусола	bǔsola
бут	bût
бутан	bǔtaːn
бутига	bǔtiːga
бутик	bǔtik
буфало	bûfalo
буфер	bǔfer
бухара	buxǎːra
буцањ	bûːtsaɲ
буце	bǔːtse
буцмаст	bûtsmast
буцо	bǔːtso
буча	bûtʃa
бучан	bûtʃan
бучати	bǔːtʃati
бучити	bǔːtʃiti
бучица	bûtʃitsa
бучно	bûtʃno
бучност	bûtʃnoːst
бушач	bǔʃaːtʃ
бушилица	bǔʃilitsa
бушити	bǔːʃiti
бушотина	bǔʃotina
буђ	bûdʑ
буђавити	budʑǎːʋiti
буђелар	budʑělaːr
буђење	bǔːdʑeɲe
бујати	bǔjati
бујица	bǔjitsa
бујични	bǔjitʃniː
бујно	bûːjno
бујност	bǔːjnoːst
бујон	bǔjoːn
буљина	bǔʎina
буљити	bǔːʎiti
бућ	bûtɕ
бућа	bûtɕa
бућкати	bûtɕkati
бућнути	bûtɕnuti
буџа	bǔːdʒa
буџак	bǔdʒaːk
буџет	bǔdʒet
буџетирати	budʒetǐːrati
буџетски	bǔdʒetski
буџован	budʒǒʋaːn
бјегати	bjêgati
бјегунац	bjegǔːnats
бјежати	bjěʒati
бјекство	bjěkstʋo
бјеланце	bjelǎːntse
бјеланчевина	bjelǎːntʃeʋina
бјеласати	bjelǎsati
бјеласнути	bjelǎsnuti
бјелањак	bjelǎːɲak
бјелег	bjěleg
бјелило	bjělilo
бјелина	bjelǐna
бјелкиња	bjêlkiɲa
бјелорусија	bjelorǔsija
бјелоруски	bjêloruski
бјелоруски	bjêloruskiː
бјеснило	bjěsnilo
бјесњети	bjěsɲeti
бјечва	bjêtʃʋa
бјељег	bjěʎeg
бљак	bʎâk
бљедило	bʎědilo
бљедоћа	bʎedǒtɕa
бљескати	bʎêskati
бљеснути	bʎêsnuti
бљештав	bʎêʃtaʋ
бљувати	bʎǔʋati
бљузгавица	bʎûzgaʋitsa
бљузгати	bʎûzgati
бљутав	bʎûtaʋ
в	ʋ
вабити	vaːbiti
вабити	ʋǎːbiti
вавек	ʋâʋeːk
вавијек	ʋâʋijek
вага	ʋǎːga
вагабунд	vagabum
вагати	vagati
вагати	ʋǎːgati
вагина	ʋagǐːna
вагнути	ʋǎːgnuti
вагон	ʋǎgoːn
вагу	vagu
вадити	ʋâditi
вадичеп	ʋǎditʃep
важан	ʋǎːʒan
важити	ʋǎːʒiti
важно	vaːʒno
важно	ʋâːʒno
важност	ʋǎːʒnoːst
ваза	ʋǎːza
вазал	vazæl
вазал	ʋǎzaːl
вазалство	ʋazǎːlstʋo
вазда	vˈasda
ваздан	ʋâzdaːn
ваздух	vˈasdux
ваздух	ʋǎzduːx
вакуф	ʋâkuf
вакцина	ʋaktsǐːna
вакцинисати	vaktsiːnisati
вал	ʋâːl
вала	ʋǎlaː
валовит	ʋalǒʋit
валута	valˈuta
валута	ʋalǔːta
вам	vˈan
вама	ʋâma
вампир	ʋǎmpiːr
вампирка	ʋampirka
вампирски	ʋǎmpiːrskiː
ван	van
ван	ʋân
ван	ʋâːn
вандализам	ʋandalǐzam
вани	ʋǎni
ванка	ʋâːnka
вапно	ʋǎːpno
вар	ʋâːr
варав	ʋâraʋ
варалица	ʋâralitsa
варати	varati
варати	ʋârati
варварски	ʋǎrʋarski
варварски	ʋǎrʋarskiː
варга	ʋâːrga
варирати	varirati
варити	ʋǎːriti
варка	varka
варка	ʋâːrka
варош	varɔʃ
варшава	vˈarʃɐvˈa
варшава	ʋǎrʃaʋa
варљив	ʋǎrʎiʋ
вас	vˈas
вас	ʋâːs
васељенски	ʋasěʎeːnskiː
вата	ʋâta
ватикан	ʋâtikaːn
ватра	vatra
ватра	ʋâtra
ватрен	ʋâtren
ватрогасац	ʋatrogǎːsats
ватромет	ʋâtromeːt
ваш	vˈaʃ
вашар	vaːʃar
вашар	ʋǎːʃar
ваших	vaʃix
вашка	vaːʃka
вашмашина	ʋâʃmaʃiːna
вајарство	vajaːrstvɔ
вајда	ʋǎjda
вајдити	vajditi
ваљак	vaʲak
ваљак	ʋǎːʎak
ваљати	ʋǎʎati
ваљати	ʋǎːʎati
ваљда	vaɫʲda
ваљда	ʋǎʎda
вањски	ʋǎɲskiː
веверица	ʋêʋeritsa
вегетаријанац	ʋegetarijǎːnats
вегетаријански	ʋegetarǐjaːnski
вегетаријански	ʋegetarǐjaːnskiː
вегетација	ʋegetǎːtsija
вегетацијски	ʋegetǎːtsiːjskiː
ведар	ʋêdar
ведрана	vedrana
ведрина	ʋedrǐna
ведски	ʋêːdskiː
вежба	vɛʒba
вежба	ʋêʒba
вежбати	ʋêʒbati
вез	ʋêːz
веза	vɛza
веза	ʋêza
везати	ʋěːzati
вези	vˈɛzˈi
везивати	ʋezǐːʋati
везир	ʋěziːr
век	vˈek
векер	ʋêker
векерица	ʋêkeritsa
векна	ɾekna
векова	vɛːkoːva
веларан	ʋělaːran
велепосланик	ʋeleposlǎniːk
велепосланица	ʋelepǒslanitsa
велепосланство	ʋeleposlǎːnstʋo
велик	ʋělik
велика	vɛlika
великан	ʋelǐkaːn
великаш	ʋelǐkaːʃ
великашки	ʋelǐkaːʃki
великашки	ʋelǐkaːʃkiː
велико	veliko
великодушан	ʋelikǒduʃan
великодушно	ʋelikǒduʃno
великодушност	ʋelikǒduʃnoːst
велим	ʋěliːm
величина	ʋelitʃǐna
велможа	ʋělmoʒa
велшки	ʋêlʃkiː
вена	ʋěːna
венац	ʋěːnats
венера	ʋěnera
венерични	ʋeněritʃniː
венеролог	ʋenerǒlog
венерологија	ʋenerolǒgija
венеција	ʋěneːtsija
венозан	ʋěnoːzan
венски	ʋěːnskiː
вентил	ʋěntiːl
вентилатор	ʋentǐlaːtor
вентилација	ʋentilǎːtsija
вентилирати	ʋentilǐːrati
вентрилоквист	ʋentrilǒkʋist
венути	ʋěnuti
венчавати	ʋentʃǎːʋati
венчаница	ʋentʃǎnitsa
венчати	ʋěntʃati
венчање	ʋentʃǎːɲe
венчић	ʋěntʃitɕ
вео	ʋêo
веома	ʋěoma
вепар	ʋêpar
веприна	ʋêprina
веприна	ʋěprina
вепровац	ʋěproʋats
вепровина	ʋěproʋina
вера	ʋêra
вера	ʋêːra
веран	ʋěːran
веранда	ʋěraːnda
верати	ʋěrati
верач	ʋěraːtʃ
вербалан	ʋěrbaːlan
вербализам	ʋerbalǐzam
вербалистички	ʋerbalǐstitʃki
вербалистички	ʋerbalǐstitʃkiː
вергл	ʋěrgl
верглати	ʋěrglati
верглаш	ʋěrglaːʃ
вереник	ʋêreniːk
веренички	ʋêrenitʃkiː
вересија	ʋerěsija
верз	ʋêrz
верзал	ʋěrzaːl
верзални	ʋěrzaːlniː
верзиран	ʋěrziːran
верзирано	ʋěrziːrano
верзираност	ʋěrziːranoːst
верзија	ʋěrzija
верига	ʋěriga
веридба	ʋěridba
верижан	ʋěriːʒan
верижаст	ʋěriʒast
верижица	ʋěriʒitsa
веризам	ʋerǐzam
верист	ʋěrist
веристички	ʋerǐstitʃki
веристички	ʋerǐstitʃkiː
верити	ʋêriti
верификатор	ʋerifǐkaːtor
верификација	ʋerifikǎːtsija
верификацијски	ʋerifikǎːtsiːjskiː
верифицирати	ʋerifitsǐːrati
вермут	ʋěrmut
верник	ʋêːrniːk
верница	ʋêːrnitsa
верно	ʋêːrno
верност	ʋěːrnoːst
веровати	ʋêroʋati
вероватно	ʋêroʋaːtno
веровник	ʋerǒʋniːk
веродостојан	ʋerodǒːstoːjan
веродостојност	ʋerodostǒːjnoːst
вероисповед	ʋeroǐspoʋeːd
вероисповест	ʋeroǐspoʋeːst
вероучитељ	ʋeroǔtʃiteʎ
веројатан	ʋêrojaːtan
веројатно	ʋêrojaːtno
веројатност	ʋerojǎːtnoːst
верс	ʋêrs
версајски	ʋěrsajskiː
версификатор	ʋersifǐkaːtor
версификација	ʋersifikǎːtsija
версифицирати	ʋersifitsǐːrati
верски	vɛːrskiː
верски	ʋěrskiː
вертикала	ʋertikǎːla
вертикалан	ʋêrtikaːlan
вертикалност	ʋertikǎːlnoːst
весалце	ʋesǎːltse
веселити	ʋesěliti
веселица	ʋesělitsa
веселник	ʋěseːlniːk
весело	ʋêselo
веселост	ʋêseloːst
весео	ʋêseo
весељак	ʋesěʎaːk
весељаковић	ʋeseʎǎːkoʋitɕ
весеље	ʋesěːʎe
веслар	ʋěslaːr
весларица	ʋeslǎritsa
веслати	ʋěslati
веслач	ʋěslaːtʃ
веслачица	ʋeslǎtʃitsa
веслачки	ʋěslaːtʃki
веслачки	ʋěslaːtʃkiː
веслање	ʋěslaːɲe
весло	ʋěslo
весна	ʋêsna
весник	ʋêːsniːk
веспа	ʋêspa
вест	ʋêːst
веста	ʋêsta
вестерн	ʋěstern
вести	ʋêːsti
ветар	ʋêtar
ветеран	ʋetěraːn
ветерина	ʋeterǐːna
ветеринар	ʋeterǐnaːr
ветеринарка	ʋeterǐnaːrka
ветеринарски	ʋeterǐnaːrskiː
ветеринарство	ʋeterinǎːrstʋo
вето	ʋêːto
ветреушка	ʋetrěuʃka
ветрењак	ʋetrěɲaːk
ветрењаст	ʋêtreɲast
ветрењача	ʋetrěɲatʃa
ветрина	ʋětrina
ветрић	ʋêtritɕ
ветробран	ʋêtrobraːn
ветровит	ʋetrǒʋit
вечан	ʋêtʃan
вече	ʋêtʃeː
вечер	ʋêtʃeːr
вечера	vetʃera
вечера	ʋětʃera
вечерас	ʋetʃěras
вечерати	ʋětʃerati
вечерашњи	ʋetʃěraʃɲiː
вечерњи	ʋětʃeːrɲiː
вечит	ʋětʃit
вечно	ʋêtʃno
веш	ʋêʃ
вешала	ʋêʃala
вешалица	ʋêʃalitsa
вешати	ʋêʃati
вешач	ʋěʃaːtʃ
вешерица	ʋêʃeritsa
вешерка	ʋêʃeːrka
вешерница	ʋěʃeːrnitsa
вешмашина	ʋêʃmaʃiːna
вешплав	ʋêʃplaːʋ
вешт	vˈɛʃt
вешт	ʋêʃt
вештак	ʋěʃtaːk
вештац	ʋěːʃtats
вештачење	ʋeʃtǎːtʃeːɲe
вештачити	ʋeʃtǎːtʃiti
вештачки	ʋěʃtaːtʃki
вештачки	ʋěʃtaːtʃkiː
вештачки	ʋěːʃtatʃkiː
вештина	ʋeʃtǐna
вештица	ʋěʃtitsa
вешто	ʋêʃto
веђа	ʋêdʑa
вејати	ʋêjati
већ	ʋêtɕ
већати	ʋěːtɕati
веће	vetʃe
веће	ʋêtɕe
веће	ʋěːtɕe
већи	vetʃi
већина	ʋetɕǐna
већином	ʋetɕǐnoːm
већински	ʋětɕiːnski
већински	ʋětɕiːnskiː
ви	vˈi
ви	ʋîː
вибрафон	viːbrafon
вигањ	ʋîgaɲ
вид	ʋîːd
видели	vidɛli
видело	vidɛlo
видеокасета	ʋideokasěta
видети	vidɛti
видети	ʋîdeti
видик	ʋǐdiːk
видите	vidite
видра	vidra
видјела	ʋidjela
видјети	ʋîdjeti
видљив	ʋǐdʎiʋ
видљиво	ʋǐdʎiʋo
виза	ʋǐːza
визија	ʋîːzija
вика	ʋîka
викати	ʋǐːkati
викач	ʋǐkaːtʃ
викачица	ʋikǎtʃitsa
викенд	ʋǐkend
викнути	ʋǐːknuti
викторија	ʋǐktoːrija
вила	viva
вила	ʋîla
вила	ʋǐːla
виле	ʋîle
вилим	vˈiːlɪm
вилица	ʋîlitsa
виме	ʋîme
винар	ʋǐnaːr
вино	vino
виноград	ʋǐnograːd
виолина	viˈolina
виолина	ʋiolǐːna
виолончело	ʋiolǒntʃelo
вирити	viːrɪti
виролог	ʋirǒlog
вирологија	ʋirolǒgija
виршла	ʋǐrʃla
вис	ʋîːs
висак	ʋǐːsak
висибаба	ʋǐsibaba
висина	ʋisǐna
висиномер	ʋîsinomeːr
висиномјер	ʋîsinomjeːr
висински	ʋǐsiːnskiː
висити	ʋîsiti
виски	ʋîski
висок	visok
висок	ʋǐsok
висока	visoka
високо	ʋisǒko
високопарност	visokopaːrnast
висораван	ʋîsoraːʋan
виспрен	visprɛn
виспрен	ʋîspren
висјети	ʋîsjeti
виталан	ʋîtaːlan
витално	ʋîtaːlno
виталност	ʋitǎːlnoːst
вити	ʋîti
витраж	ʋǐtraːʒ
витрај	ʋǐtraj
витрина	ʋitrǐːna
вичан	ʋîtʃan
вишак	ʋǐːʃak
више	vˈiʃɛ
више	ʋîʃe
више	ʋîʃeː
вишезначан	ʋiʃěznatʃan
вишезначност	ʋiʃěznatʃnoːst
вишестран	ʋiʃěstran
вишња	ʋîʃɲa
виђати	ʋǐːdʑati
вијадукт	ʋijǎdukt
вијак	ʋǐːjak
вијенац	ʋijěːnats
вијест	ʋijêːst
вијетнам	ʋîjetnam
вијетнамски	ʋîjetnamskiː
вијећати	ʋijěːtɕati
вијеће	ʋijěːtɕe
вијуга	ʋǐjuga
виљушка	ʋǐʎuʃka
влага	ʋlâga
влада	lada
владавина	ʋlǎdaʋina
владар	ʋlǎdaːr
владарев	ʋladǎːreʋ
владарски	ʋlǎdaːrski
владарски	ʋlǎdaːrskiː
владати	gladati
владати	ʋlǎːdati
владајући	ʋlǎːdajuːtɕiː
владање	ʋlǎːdaːɲe
владин	ʋlǎːdin
влажан	ʋlâʒan
влажити	ʋlâʒiti
влажност	ʋlâʒnoːst
влак	ʋlâːk
влаканце	ʋlakǎːntse
влакно	vlaːknɔ
влакно	ʋlǎːkno
влас	plˈas
влас	ʋlâːs
власац	ʋlǎːsats
власник	ʋlâːsniːk
власника	vlˈastnika
власница	ʋlâːsnitsa
власништво	ʋlâːsniːʃtʋo
власт	ʋlâːst
властела	ʋlastěla
властелин	ʋlastěliːn
властелински	ʋlastěliːnskiː
власти	vlasti
властит	ʋlǎstit
влат	ʋlâːt
влах	ʋlâx
влашки	ɦlaʃki
во	ʋôː
вод	ʋôːd
вода	voda
вода	ʋǒda
воден	ʋǒden
воденица	ʋoděnitsa
водећи	ʋǒdeːtɕiː
водитељ	ʋǒditeʎ
водитељица	ʋoditěʎitsa
водити	ʋǒditi
водич	ʋǒdiːtʃ
водовод	ʋôdoʋoːd
водоинсталатер	ʋodoinstalǎteːr
водомар	ʋôdomaːr
водомер	ʋôdomeːr
водомјер	ʋôdomjeːr
водоник	voːdɑːnik
водоноша	ʋodǒnoʃa
водопад	ʋôdopaːd
водопија	ʋodǒpija
водораван	ʋôdoraːʋan
водоравно	ʋôdoraːʋno
водоторањ	ʋodotǒːraɲ
вожња	ʋǒʒɲa
воз	ʋôːz
возар	ʋǒzaːr
возарина	ʋozǎrina
возати	ʋǒːzati
возач	vozatʃ
возач	ʋǒzaːtʃ
возачица	ʋozǎtʃitsa
возачки	ʋǒzaːtʃki
возачки	ʋǒzaːtʃkiː
возило	ʋǒzilo
возити	ʋǒziti
вок	vˈak
вокација	ʋokǎːtsija
вол	ʋôːl
волга	ʋôːlga
волети	ʋǒleti
воловски	ʋǒloʋski
воловски	ʋǒloʋskiː
восак	ʋôsak
воска	vˈɔska
воскар	ʋôskaːr
вотка	vˈotka
вошплав	ʋôʃplaːʋ
воштан	ʋǒʃtan
воштаница	ʋoʃtǎnitsa
воштар	ʋǒʃtaːr
воштити	ʋǒʃtiti
вођа	vodʒa
вође	vodʒe
војак	ʋǒjaːk
војачки	ʋǒjaːtʃkiː
војвода	ʋǒjʋoda
војводина	vojvɔdiˈna
војводина	ʋǒjʋodina
војводство	ʋǒjʋodstʋo
војвоткиња	ʋǒjʋotkiɲa
војевати	ʋojěʋati
војислав	ʋǒjislaʋ
војна	ʋôːjna
војни	ʋôːjniː
војник	ʋǒjniːk
војников	vojnikov
војничина	ʋojnǐtʃina
војнички	ʋǒjniːtʃki
војнички	ʋǒjniːtʃkiː
војништво	ʋojnǐːʃtʋo
војска	ʋǒːjska
војсковођа	ʋôjskoʋodʑa
воља	vˈɔʎa
воља	ʋôʎa
вољан	ʋǒːʎan
вољети	ʋǒʎeti
вољно	ʋôːʎno
воњ	ʋôːɲ
воњати	ʋǒɲati
воће	ʋǒtɕe
воћни	ʋôtɕniː
воћњак	ʋôtɕɲaːk
врабац	ʋrǎːbats
враг	ʋrâːg
враголан	ʋragǒlaːn
враголаст	ʋragǒlast
враголија	ʋragǒlija
вражић	ʋrǎʒitɕ
вражји	ʋrǎʒjiː
вран	ʋrâːn
врана	vrana
врана	ʋrâna
вранац	ʋrǎːnats
врапчић	ʋrǎptʃitɕ
врат	bˈraːt
врат	ʋrâːt
врата	ʋrǎːta
вратар	ʋrǎtaːr
вратарица	ʋratǎritsa
вратарка	ʋrǎtaːrka
вратити	bratiti
вратити	ʋrǎːtiti
вратич	ʋrǎtitʃ
вратни	ʋrâːtniː
вратница	ʋrâtnitsa
вратоломан	ʋrâtoloːman
вратоломија	ʋratolǒmija
врач	ʋrâːtʃ
врачара	ʋrǎtʃara
врачати	ʋrǎːtʃati
врањ	ʋrâːɲ
враћао	vratɕaw
враћати	ʋrâtɕati
враџбина	ʋrâdʒbina
врба	vrɛba
врбас	vrbas
врбовина	ʋřboʋina
врг	ʋr̂g
вргањ	ʋřgaːɲ
вргнути	ʋr̂gnuti
вребати	ʋrěːbati
вребач	ʋrěbaːtʃ
врева	ʋrêʋa
вредан	ʋrěːdan
вредети	ʋrěːdeti
вредновати	ʋrêdnoʋati
вредност	ʋrěːdnoːst
вредноћа	ʋrednǒtɕa
врежа	ʋrêːʒa
врело	ʋrêlo
време	ʋrěːme
временит	ʋreměnit
временски	ʋrêmenski
временски	ʋrêmenskiː
времешан	ʋrêmeːʃan
врео	ʋrêo
врес	ʋrêːs
вретенар	ʋretěnaːr
вретено	ʋretěno
врети	ʋrêti
вретна	ʋrêtna
вређати	ʋrěːdʑati
врење	ʋrěːɲe
врећа	ʋrêtɕa
врећаст	ʋrêtɕast
врзмати	ʋr̂zmati
врисак	ʋrîːsak
вриска	ʋrîska
врискати	ʋrîskati
вриснути	ʋrǐːsnuti
вриштав	ʋrǐʃtaʋ
вриштати	ʋrǐːʃtati
вриједан	ʋrjěːdan
вриједити	ʋrijěːditi
вриједност	ʋrjěːdnoːst
вријежа	ʋrijêːʒa
вријеме	ʋrijěːme
вријес	ʋrijêːs
вријеђати	ʋrijěːdʑati
врлет	ʋr̂leːt
врлетан	ʋr̂leːtan
врли	ʋr̂liː
врлина	ʋrlǐna
врло	ʋr̂lo
врлудав	ʋrlǔdaʋ
врлудати	ʋrlǔdati
врпољити	ʋrpǒʎiti
врпчаст	ʋr̂ptʃast
врста	ʋřːsta
врстан	ʋr̂stan
врсту	vrɔstu
вртети	ʋřteti
вртлар	ʋr̂tlaːr
вртларев	ʋr̂tlaːreʋ
вртларство	ʋrtlǎːrstʋo
вртлог	ʋřtlog
вртложан	ʋřtloʒan
вртни	ʋr̂tniː
вртоглав	ʋrtǒglaʋ
вртоглавица	ʋr̩tǒglaʋitsa
вртоглаво	ʋrtǒglaʋo
вртјети	ʋřtjeti
врућ	vruːts
врховни	ʋřxoːʋniː
врхунац	ʋr̩xǔːnats
врхунски	ʋřxuːnski
врхунски	ʋřxuːnskiː
врхње	ʋr̂xɲe
врчина	ʋřtʃina
врша	ʋr̂ʃa
врши	vərəsi
вршити	ʋřːʃiti
врћи	ʋr̂tɕi
вувузела	ʋuʋuzêla
вук	vûːk
вук	vˈuk
вуковица	vukovitsa
вукодлак	ʋukǒdlak
вукојебина	ʋukojěbina
вулкан	ʋǔlkaːn
вулканизација	ʋulkanizǎːtsija
вулкански	ʋǔlkaːnski
вулкански	ʋǔlkaːnskiː
вуна	vuna
вуна	ʋûna
вунаст	ʋûnast
вунен	ʋǔnen
вутра	vˈutra
вучица	ʋǔtʃitsa
вучић	ʋǔtʃitɕ
вучји	ʋûtʃjiː
вујичић	ʋujitʃitɕ
вући	ʋûːtɕi
вјеверица	ʋjêʋeritsa
вјежба	ʋjêʒba
вјежбати	ʋjêʒbati
вјенчавати	ʋjentʃǎːʋati
вјенчаница	ʋjentʃǎnitsa
вјенчати	ʋjěntʃati
вјенчање	ʋjentʃǎːɲe
вјенчић	ʋjěntʃitɕ
вјера	ʋjêra
вјеран	ʋjěːran
вјереник	ʋjêreniːk
вјеренички	ʋjêrenitʃkiː
вјеридба	ʋjěridba
вјерити	ʋjêriti
вјерник	ʋjêːrniːk
вјерница	ʋjêːrnitsa
вјерно	ʋjêːrno
вјерност	ʋjěːrnoːst
вјеровати	ʋjêroʋati
вјероватно	ʋjêroʋaːtno
вјеровник	ʋjerǒʋniːk
вјеродостојан	ʋjerodǒːstoːjan
вјеродостојност	ʋjerodostǒːjnoːst
вјероисповијед	ʋjeroǐspoʋijeːd
вјероисповијест	ʋjeroǐspoʋjeːst
вјероучитељ	ʋjeroǔtʃiteʎ
вјеројатан	ʋjêrojaːtan
вјеројатно	ʋjêrojaːtno
вјеројатност	ʋjerojǎːtnoːst
вјерски	ʋjěrskiː
вјесник	ʋjêːsniːk
вјетар	ʋjêtar
вјетреушка	ʋjetrěuʃka
вјетрењак	ʋjetrěɲaːk
вјетрењаст	ʋjêtreɲast
вјетрењача	ʋjetrěɲatʃa
вјетрина	ʋjětrina
вјетрић	ʋjêtritɕ
вјетробран	ʋjêtrobraːn
вјетровит	ʋjetrǒʋit
вјечан	ʋjêtʃan
вјечит	ʋjětʃit
вјечно	ʋjêtʃno
вјешала	ʋjêʃala
вјешалица	ʋjêʃalitsa
вјешати	ʋjêʃati
вјешач	ʋjěʃaːtʃ
вјешт	ʋjêʃt
вјештак	ʋjěʃtaːk
вјештац	ʋjěːʃtats
вјештачење	ʋjeʃtǎːtʃeːɲe
вјештачити	ʋjeʃtǎːtʃiti
вјештачки	ʋjěʃtaːtʃki
вјештачки	ʋjěʃtaːtʃkiː
вјештачки	ʋjěːʃtatʃkiː
вјештина	ʋjeʃtǐna
вјештица	ʋjěʃtitsa
вјешто	ʋjêʃto
вјеђа	ʋjêdʑa
г	g
га	ga
га	gˈa
габон	gǎboːn
габула	gâbula
гавез	gâʋeːz
гавран	gâʋraːn
гад	dˈad
гадан	gǎdan
гадити	gâditi
гадолинијум	gadolinium
газ	gâːz
газа	gǎːza
газиместан	ɣazimestan
газити	gâziti
гакати	gǎːkati
гакнути	gǎːknuti
гактати	gâktati
гал	gâːl
галактика	galǎktika
галама	galaːma
галама	galǎːma
галамити	galǎːmiti
галантан	galǎntan
галантно	galǎntno
галантност	galǎntnoːst
галеб	gâleːb
галебица	gâlebitsa
галебљи	gâlebʎiː
галица	gâlitsa
галиција	gǎliːtsija
галицијски	gǎliːtsiːjskiː
галија	gǎlija
галоп	gǎlop
галски	gâːlskiː
гама	gâma
гамад	gâmaːd
гамбија	gǎmbija
гана	gâna
ганац	gǎːnats
гангстер	gǎngster
гангстерски	gǎngsterski
гангстерски	gǎngsterskiː
ганеш	ganêʃ
гански	gâːnskiː
ганути	gǎnuti
ганутљив	ganǔtʎiʋ
ганутљиво	ganǔtʎiʋo
ганџа	gândʒa
ганџа	gâːndʒa
гао	gâːo
гаража	garǎːʒa
гарант	gǎrant
гарантирати	garantǐːrati
гарантовати	gǎrantoʋati
гаранција	garǎntsija
гарбагологија	garbagolǒgija
гарда	gâːrda
гардероба	garderǒːba
гарнитура	garnitǔːra
гас	gâːs
гасити	gǎːsiti
гаснути	gâsnuti
гат	gât
гађати	gǎːdʑati
гађење	gâdʑeːɲe
гај	gâːj
гајба	gâːjba
гајдаш	gajðaʃ
гајде	gâːjde
гајица	gǎjitsa
гаљан	gǎʎan
гањати	gǎːɲati
гаће	gatʃe
гаће	gâtɕe
гаћице	gâtɕitse
гаћник	gâtɕniːk
гаџет	gadʒɛt
гватемала	gʋatemǎːla
гватемалски	gʋatěmaːlskiː
гвожђе	gʋôːʒdʑe
гвозден	gʋôzden
где	gdɛ
гдегде	gděgde
гдекад	gděkad
гдјегдје	gdjěgdje
гдјекад	gdjěkad
гегати	gěːgati
гемишт	gěmiʃt
ген	geːn
генеалогија	genealǒgija
генерал	geněraːl
генералан	gêneraːlan
генералица	generǎlitsa
генерација	generatsia
генерација	generǎːtsija
генетика	genětika
генетичар	genětitʃaːr
генетички	genětitʃkiː
генитивни	gênitiːʋniː
гениј	gêːniːj
генијалан	gênijaːlan
генијално	gênijaːlno
генијалност	genijǎːlnoːst
геном	gěnoːm
геномика	ɣenomika
географија	geogrǎfija
географски	geǒgrafski
географски	geǒgrafskiː
геометријски	geomětriːjskiː
геоморфологија	geomorfolǒgija
геополитика	geopolǐtika
герилац	gerǐːlats
геријатрија	gerijǎtrija
геријатријски	gerijǎtriːjskiː
герман	gěrmaːn
германизирати	germanizǐːrati
германски	gěrmaːnskiː
геронтологија	gerontolǒgija
геронтофобија	gerontofǒbija
гето	gêto
гетриба	getrǐːba
геј	gaj
геј	gêːj
гејша	gêːjʃa
гиб	gîːb
гибак	gîbak
гибаница	gǐbanitsa
гибати	gǐːbati
гибралтар	gǐbraltaːr
гибралтарски	gǐbraltarskiː
гигабајт	gîgabaːjt
гигаметар	gîgametar
гигант	gǐgant
гигантски	gǐgantskiː
гилгамеш	gǐlgameʃ
гимназија	gǐmnaːzija
гимнастика	gimnǎstika
гингивитис	gingiʋǐtis
гинеколог	ginekǒlog
гинекологија	ginekolǒgija
гинеколошки	ginekǒloʃki
гинеколошки	ginekǒloʃkiː
гинко	gǐːnko
гинути	gînuti
гипс	gîps
гитарски	gǐtaːrskiː
гиц	gîts
гица	gǐːtsa
гиљотина	gǐʎotina
гиљотинирати	giʎotinǐːrati
глава	glǎːʋa
глава	gɫava
главар	glǎʋaːr
глават	glǎʋat
главетина	glaʋětina
главешина	glaʋěʃina
главица	glǎʋitsa
главић	glǎʋiːtɕ
главни	glǎʋniː
главнина	glaʋnǐna
главница	glǎʋnitsa
главобоља	glaʋǒboʎa
главоломка	glaʋǒlomka
главоња	glǎːʋoɲa
главу	glavʊ
главурда	glǎʋuːrda
глагол	glâgol
глаголски	glâgolskiː
глагољ	glǎːgoʎ
глагољати	glagǒʎati
глагољашки	glagǒʎaːʃki
глагољашки	glagǒʎaːʃkiː
глагољица	glagǒʎitsa
глагољички	glagǒʎitʃkiː
глагољски	glâgoʎskiː
глад	glâːd
глад	glˈad
гладак	glâdak
гладан	glǎːdan
гладити	glâditi
гладијатор	gladǐjaːtor
гладијаторски	gladǐjaːtorski
гладијаторски	gladǐjaːtorskiː
глазба	glǎzba
глазбен	glǎzben
гламур	glǎmuːr
гланц	glânts
гланцати	glâːntsati
глас	glâːs
гласан	glâsan
гласати	glǎsati
гласач	glǎsaːtʃ
гласачица	glasǎtʃitsa
гласина	glǎsina
гласити	glǎːsiti
гласник	glâːsniːk
гласно	glâsno
гласноговорник	glasnogoʋǒrniːk
гласност	glâsnoːst
гласноћа	glasnǒtɕa
гласовати	glâsoʋati
гласовит	glasǒʋit
гласоноша	glasǒnoʃa
глацијалан	glâtsijaːlan
глацијација	glatsijǎːtsija
гледалац	glědalats
гледатељ	glědateʎ
гледати	glêdati
гледе	glêde
гледиште	glêdiːʃte
глежањ	glêʒaɲ
глечер	glêtʃer
глиб	glîːb
глибав	glîbaʋ
глибовит	glibǒʋit
глина	glǐːna
глина	glˈina
глинаст	glînast
глине	glene
глинен	glǐnen
глиновит	glinǒʋit
глиста	gljsta
глиста	glǐːsta
глицерин	glitsěriːn
глоба	glǒba
глобалан	glǒbaːlan
глобализација	globalizǎːtsija
глобално	glǒbaːlno
глобалност	globǎːlnoːst
глобити	glǒbiti
глобус	glǒːbus
глог	glôg
глогов	glǒgoʋ
глоговик	glogǒʋiːk
глоговина	glǒgoʋina
глодати	glǒdati
глодач	glǒdaːtʃ
гломазан	glômaːzan
гломазно	glômaːzno
гломазност	glômaːznoːst
глорификација	glorifikǎːtsija
глосар	glǒsaːr
глоталан	glôtaːlan
глув	glûːʋ
глувоћа	gluʋǒtɕa
глумац	gˈlˈomats
глумити	glǔːmiti
глуп	glûːp
глуп	glˈoːp
глупав	glûpaʋ
глупан	glǔpan
глупача	glǔpatʃa
глупост	glǔːpoːst
глупости	glupɔsti
глух	glûːx
глух	glˈuːx
глуха	glˈuxɐ
глухоћа	gluxǒtɕa
гмаз	gmâːz
гмизавац	gmîzaʋats
гмизати	gmîzati
гнајс	gnâjs
гневан	gněːʋan
гневно	gnêːʋno
гнездо	gněːzdo
гнијездо	gnjěːzdo
гносеологија	gnˈosˈeologia
гностицизам	gnostitsǐzam
гној	gnôːj
гнојиво	gnôjiːʋo
гнојити	gnǒjiti
гнусан	gnûsan
гнусно	gnûsno
го	gôːl
го	gˈo
говедина	gǒʋedina
говедо	gǒʋedo
говеђи	gǒʋedʑiː
говно	gǒːʋno
говор	gôvoːr
говорити	govoriˈti
говорити	goʋǒriti
говорник	gǒʋoːrniːk
говорљив	goʋǒrʎiʋ
говорљивост	goʋǒrʎiʋoːst
год	gôːd
година	gôdina
годинама	gôdinama
годину	godinu
годити	gǒditi
годишње	gǒdiʃɲeː
годишњи	gǒdiʃɲiː
годишњица	gǒdiʃɲitsa
гозба	gǒzba
гол	gôːl
гола	gɔla
голгота	gǒlgota
голем	gǒlem
голењача	golěɲatʃa
голицати	golǐtsati
голицати	gɔlitsati
голишав	golǐʃaʋ
голишавац	golǐʃaʋats
голишаво	golǐʃaʋo
голишавост	golǐʃaʋoːst
голман	gôlman
голман	ɣ̞oɾlman
голобрад	golǒbrad
гологуз	golǒguz
голотиња	golǒtiɲa
голубарник	golǔbaːrniːk
голубињак	golubǐɲaːk
голубић	golǔbitɕ
голуждравац	golǔʒdraʋats
голф	gɔlf
голфер	gôlfer
голферица	gǒlferitsa
гомила	gǒmila
гомила	ˈgɔmila
гомилати	gomǐlati
гондолијер	gondolǐjeːr
гонетати	goněːtati
гонити	gǒniti
гонич	gǒniːtʃ
гонореја	gonorěːja
гора	gǒra
горак	gǒːrak
горанин	gǒranin
горд	gôːrd
гордијски	gǒrdiːjskiː
гордо	gôːrdo
гордост	gǒːrdoːst
горе	gôre
горе	gôreː
горе	gɔre
горети	gǒreti
гори	gôriː
горив	gǒriʋ
гориво	gôriːʋo
горостас	gôrostaːs
горостасан	gôrostaːsan
горски	gǒrskiː
горужда	gǒruʒda
горушица	gorǔʃitsa
горчати	gǒrtʃati
горчина	gortʃǐna
горштак	gǒrʃtaːk
горштакиња	gorʃtǎkiɲa
горјети	gǒrjeti
горљив	gǒrʎiʋ
горљиво	gǒrʎiʋo
горњи	gornʲi
горњи	gôːrɲiː
госпа	gǒːspa
госпар	gǒspaːr
господ	gôspod
господа	gospǒda
господа	guspoda
господар	gospǒdaːr
господарити	gospodǎːriti
господарица	gospodǎritsa
господарски	gospǒdaːrskiː
господарственик	gospodǎrstʋeniːk
господарство	gospodǎːrstʋo
господин	gospǒdin
господична	gospodǐtʃna
господство	gospǒdstʋo
господњи	gǒspodɲiː
госпоштина	gospǒʃtina
госпођа	gospodʒa
госпођа	gôspodʑa
госпођица	gôspodʑitsa
гост	gôst
гост	gôːst
гостионичар	gostiǒnitʃaːr
гостити	gǒstiti
гостољубив	gostoʎǔbiʋ
гостољубиво	gostoʎǔbiʋo
гостољубивост	gostoʎǔbiʋoːst
гот	gôt
готиван	gôtiʋan
готица	gǒtitsa
готички	gǒtitʃkiː
готов	gǒtoʋ
готовина	gotoʋǐna
готово	gǒtoʋo
готски	gôtskiː
гошћа	gǒʃtɕa
гошће	gǒʃtɕe
гојазан	gôjaːzan
гојазност	gôjaːznoːst
гојан	gôːjan
гојенац	gôjenats
гојити	gǒjiti
гољењача	goʎěɲatʃa
грабити	grâbiti
грабуље	grâbuʎe
грабље	grâbʎe
грабљив	grǎbʎiʋ
гравитација	gravitaːtsia
гравитација	graʋitǎːtsija
гравитацијски	graʋitǎːtsiːjski
гравитацијски	graʋitǎːtsiːjskiː
гравитирати	graʋitǐːrati
град	grat
град	grâd
град	grâːd
градиво	grâdiːʋo
градили	graˈdili
градитељ	grǎditeʎ
градитељски	grǎditeʎskiː
градити	graːditi
градити	grǎːditi
градове	gradovɛ
градови	gradovɪ
градови	gradɔvi
градоначелница	gradonǎːtʃelnitsa
градски	gratski
градски	grǎdskiː
грам	grâm
граматика	gramǎtika
граматичар	gramǎtitʃaːr
граматички	gramǎtitʃki
граматички	gramǎtitʃkiː
грамзив	grǎmziʋ
грамзивац	grǎmziʋats
грамзиво	grǎmziʋo
грамзивост	grǎmziʋoːst
грамофон	gramǒfoːn
грамофонски	gramǒfoːnskiː
грана	grǎːna
граната	granǎːta
грандиозан	grândioːzan
грандиозно	grândioːzno
грандиозност	grandiǒːznoːst
гранит	grǎniːt
граница	grǎnitsa
граничан	grǎnitʃan
граничар	grǎnitʃaːr
граничити	grǎnitʃiti
гранути	grǎnuti
гранчица	grǎntʃitsa
графем	grǎfeːm
графит	grǎfiːt
грах	grâx
грациозан	grâtsioːzan
грациозно	grâtsioːzno
грашак	graːʃək
грашак	grǎːʃak
грађа	grâːdʑa
грађанин	grâdʑanin
грађанка	grâdʑaːnka
грађански	grâdʑanskiː
грађанство	grâdʑaːnstʋo
грађевина	grǎdʑeʋina
грађевинар	gradʑeʋǐnaːr
грађевинарство	gradʑeʋinǎːrstʋo
грађевинац	gradʑeʋǐːnats
грађевински	grǎdʑeʋiːnskiː
граја	grǎːja
грањавати	graɲǎːʋati
грање	graɲɛ
грање	grâːɲe
грба	gr̂ba
грбав	gr̂baʋ
грд	gr̂ːd
грдан	gr̂ːdan
грдити	gřːditi
грдно	gr̂ːdno
грдосија	grdǒsija
гребати	grěbati
гребен	grêbeːn
гренланд	grěnland
гренландски	grěnlandskiː
грепсти	grêpsti
грех	grêːx
грехован	grěxoːʋan
грецизам	gretsǐzam
грешака	grɛʃaka
грешан	grêʃan
грешити	grěːʃiti
грешка	grɛʃka
грешком	grêʃkoːm
грешник	grêʃniːk
грејати	grejati
гриб	grîːb
грива	grîʋa
грижа	grîʒa
гриз	grîːz
гризнути	grîznuti
гримаса	grimǎsa
гристи	grîsti
грицнути	grîtsnuti
гријати	grîjati
гријешан	grijêʃan
гријешити	grjěːʃiti
гриња	grîɲa
грк	gr̂k
гркиња	gr̂kiɲa
грлити	gr̂liti
грло	gr̂lo
грм	gr̂m
грмети	gřmeti
грмјети	gřmjeti
грмљавина	gřmʎaʋina
грнчарство	gruntʃarstvo
гроб	grôb
гробар	grǒbaːr
гробница	grôbnitsa
гробље	grôːbʎe
грожђе	grôːʒdʑe
гроза	grǒːza
грозан	grozam
грозан	grôːzan
грозд	grôzd
грозити	grǒziti
грозница	grǒznitsa
грозно	grôːzno
грозовит	grozǒʋit
гром	grôːm
громобран	grômobraːn
громови	gromovi
гротескан	grotěskan
гротескно	grotěskno
груб	gruːb
груб	grûːb
грубијан	grubǐjaːn
грубо	grûːbo
груда	grûda
груди	groːˈdi
груди	grûːdi
грудњак	grudnʲak
грудњак	grûːdɲaːk
грузија	grûːzija
грузијски	grûːziːjski
грузијски	grûːziːjskiː
грумен	grûmeːn
грунт	grûnt
група	grûpa
групација	grupaatsija
групом	grupːom
групњак	grǔpɲaːk
грушати	grǔʃati
грци	grɛtsi
грчки	gr̂tʃki
грчки	gr̂tʃkiː
грјешник	grjêʃniːk
губав	gûbaʋ
губитак	gubǐːtak
губити	gupitˈi
губити	gǔbiti
губитник	gǔbitniːk
губитница	gǔbitnitsa
гувернер	guʋěrneːr
гугут	gûguːt
гудало	gǔdalo
гудура	gǔdura
гуж	gûːʒ
гужва	gûːʒʋa
гужвати	gûʒʋati
гузица	gǔzitsa
гукнути	gǔːknuti
гулаш	gûlaːʃ
гуликожа	gǔlikoʒa
гулити	gǔːliti
гума	gûma
гумб	gûmb
гумен	gǔmen
гумица	gûmitsa
гунгула	gungǔːla
гундељ	gǔndeʎ
гунђало	gǔndʑalo
гунђати	gǔndʑati
гурав	gûraʋ
гурати	gǔːrati
гурити	gûriti
гурнути	gûrnuti
гусар	gûsaːr
гусарити	gusǎːriti
гусеница	gûsenitsa
гусле	guˈsle
гусле	gûsle
гуснути	gûsnuti
густ	gûːst
густо	gûːsto
гусјеница	gûsjenitsa
гутати	gǔtati
гутач	gǔtaːtʃ
гутање	gǔtaːɲe
гуцнути	gûtsnuti
гуча	guta
гуша	gûʃa
гушење	gǔːʃeːɲe
гушити	gǔːʃiti
гушт	gûʃt
гуштати	gǔʃtati
гуштер	gûʃter
гуштерача	guʃtěratʃa
гушчад	gûʃtʃaːd
гушче	gûʃtʃe
гуја	gǔːja
гљивар	gʎǐʋaːr
гњаватор	gɲǎʋaːtor
гњат	gɲâːt
гњеван	gɲěːʋan
гњевно	gɲêːʋno
гњечити	gɲěːtʃiti
гњида	gɲîda
гњилеж	gɲǐːleʒ
гњилети	gɲǐːleti
гњио	gɲîo
гњити	gɲîːti
гњиљети	gɲǐːʎeti
гњурац	gɲǔːrats
гњусан	gɲûsan
гњусно	gɲûsno
д	d
да	da
да	dˈa
дабар	dâbar
дабогда	dǎboːgda
дабогме	dabǒgme
дабоме	dabǒme
дабров	dǎbroʋ
дабровина	dǎbroʋina
давалац	dǎːʋalats
давати	davati
давати	dǎːʋati
давиду	avidˈu
давити	dǎːʋiti
давне	daːvne
давни	dâːʋniː
давнина	daʋnǐna
давно	dǎːʋno
дагестан	dâgestaːn
дагња	dâgɲa
дадаизам	dadaǐzam
дадаист	dadǎist
дадиља	dǎdiʎa
дажбина	dâʒbina
дажд	dâʒd
даждевњак	daʒděʋɲaːk
даире	daǐːre
даире	dǎire
даиџа	dǎidʒa
дакако	dakǎko
дакле	dâkleː
дактил	dǎktiːl
дактилограф	daktilǒgraf
дактилографија	daktilogrǎfija
дактилографкиња	daktilǒgrafkiɲa
дактилографски	daktilǒgrafski
дактилографски	daktilǒgrafskiː
далек	dǎlek
далеко	dalěko
далековидан	dalekǒʋidan
далековидно	dalekǒʋidno
далековидност	dalekǒʋidnoːst
далековод	dalekǒʋod
далекоисточни	dalekoǐstotʃniː
далекометни	dalekǒmetniː
далекосежан	dalekǒseʒan
далекосежност	dalekǒseʒnoːst
далибор	dǎlibor
далматинац	dalmatǐːnats
далматинка	dalmǎtiːnka
далматински	dalmǎtiːnski
далматински	dalmǎtiːnskiː
далматски	dǎlmatskiː
далмација	dalmatsija
далмација	dǎlmaːtsija
далмош	dâːlmoʃ
далтонизам	daltonǐzam
далтонист	daltǒnist
дама	dǎːma
дамар	dâmar
дамаск	dǎmask
дан	dâːn
дан	dˈɑn
данак	dânak
данак	dǎːnak
данас	daːnas
данас	dǎnas
данац	dǎːnats
данашњи	dǎnaʃɲiː
данашњица	dǎnaʃɲitsa
дангубити	dǎngubiti
дане	danɛ
данима	daːlˈima
данима	dǎːnima
даница	danitsˈa
даница	dǎnitsa
даномице	dânomitseː
даноноћни	dânonotɕniː
данска	dâːnskaː
дански	daːnski
дански	dâːnskiː
дантеовски	dǎnteoʋski
дантеовски	dǎnteoʋskiː
дапаче	dapǎtʃe
дар	dâːr
дарвинизам	darʋinǐzam
дарвинист	darʋǐnist
дарежљив	darěʒʎiʋ
дарежљиво	darěʒʎiʋo
дарежљивост	darěʒʎiʋoːst
даривалац	darǐːʋalats
даривати	darǐːʋati
даровати	darǒʋati
даровит	darǒʋit
даровитији	darovitiji
даровитост	darǒʋitoːst
дародавац	darodǎːʋats
даска	dǎska
дати	dâti
датив	dǎːtiːʋ
датотека	datotěːka
датум	dǎːtum
датуља	dǎtuʎa
дах	dâx
дахнути	dǎxnuti
дахтати	dǎxtati
дахтај	dâxtaj
дацит	dǎtsiːt
дација	dǎtsija
дача	dâtʃa
дашчица	dǎʃtʃitsa
дашчурина	daʃtʃǔrina
дашће	dâʃtɕeː
дајемо	dajemu
дајете	daːjete
дајре	dǎjre
даљем	daʎe
даљина	daʎǐna
даљински	dǎʎiːnskiː
даљњи	dâːʎɲiː
дању	dǎːɲu
дању	dˈɐnju
даћа	dâːtɕa
даћа	dǎːtɕa
два	dvˈa
два	dʋâː
двадесет	dʋǎːdeset
двадесетак	dvˈadɛsˈeːtˈak
двадесетак	dʋadesěːtak
дванаестеро	dʋǎːnaestero
дванаесторица	dʋanaestǒritsa
дванаесторо	dʋǎːnaestoro
двапут	dʋǎːput
две	dvˈeː
две	dʋêː
двери	dʋêːri
двица	dʋîtsa
двије	dʋîje
двобој	dʋǒboj
двовидан	dʋǒʋiːdan
двоглед	dʋôgleːd
двоженство	dʋǒʒeːnstʋo
дволичан	dʋǒlitʃan
дволичник	dʋǒlitʃniːk
дволичница	dʋǒlitʃnitsa
дволичност	dʋǒlitʃnoːst
дволичњак	dʋǒlitʃɲaːk
дволичњачки	dʋǒlitʃɲatʃki
дволичњачки	dʋǒlitʃɲatʃkiː
двор	dʋôːr
дворана	dʋorǎna
дворанин	dʋǒranin
дворац	dʋǒːrats
двориште	dʋǒriːʃte
дворска	dvɔrska
дворски	dʋǒrskiː
двосложан	dʋǒsloʒan
двосмислен	dʋǒsmislen
двосмисленост	dʋǒsmislenoːst
двострук	dʋǒstruk
двоумица	dʋǒumitsa
двоуснени	dʋǒusneniː
двојбен	dʋǒjben
двоје	dʋôje
двојина	dʋojǐna
двојити	dʋǒjiti
двојица	dʋǒjitsa
двојка	dʋǒːjka
двојник	dʋôːjniːk
дебата	debǎta
дебеo	deˈbel
дебело	debela
дебело	debělo
дебелокожац	debelokǒːʒats
дебео	děbeo
дебељко	deběːʎko
дебељушкаст	debeʎǔʃkast
деби	děbiː
дебилан	dêbiːlan
дебљати	děbʎati
дебљина	debʎǐna
дева	děːʋa
девалвација	deʋalʋǎːtsija
девастација	deʋastǎːtsija
девац	děːʋats
деведесети	deʋeděsetiː
девер	dêver
девет	dêʋet
деветеро	dêʋetero
девети	beveti
деветина	deʋětina
деветица	deʋětitsa
деветка	děʋeːtka
деветнаест	deʋětnaeːst
деветнаести	deʋětnaestiː
деветорица	deʋetǒritsa
деветоро	dêʋetoro
деветсто	dêʋetsto
девин	děːʋin
девица	děʋitsa
девијација	deʋijǎːtsija
девијацијски	deʋijǎːtsiːjskiː
девојче	děʋoːjtʃe
девојчица	deʋǒjtʃitsa
дегенек	degěnek
дегенерик	degeněrik
дегенечити	degěnetʃiti
деградирати	degradǐːrati
дед	dead
дед	dêd
деда	dêda
дедуктиван	dêduktiːʋan
дедукција	dedǔktsija
дежуран	děʒuːran
дезертер	dezěrteːr
дезертирати	dezertǐːrati
дезинсекција	dezinsěktsija
дезинтеграција	dezintegrǎːtsija
дезинфекција	dezinfěktsija
дезинфицирати	dezinfitsǐːrati
дезинформација	dezinformǎːtsija
дезоксирибонуклеински	dezoksiribonǔkleiːnskiː
дезорганизација	dezorganizǎːtsija
дезоријентација	dezorijentǎːtsija
деизам	deǐzam
дека	dêka
дека	děːka
декаграм	dêkagram
декада	dekǎːda
декадентан	dekaděntan
декан	děkaːn
деклинација	deklinǎːtsija
деконтаминација	dekontaminǎːtsija
декоративан	dêkoratiːʋan
декоративно	dêkoratiːʋno
декрет	děkreːt
делати	dêlati
делатник	dělaːtniːk
делатница	dêlaːtnitsa
делатност	delǎːtnoːst
делегација	delegǎːtsija
деликатан	dêlikaːtan
деликатеса	delikatěsa
деликатно	dêlikaːtno
деликатност	dêlikaːtnoːst
деликт	dělikt
делимично	dêlimitʃno
делинквент	delǐnkʋent
делити	de̞jliti
делити	děːliti
делић	dělitɕ
дело	dêlo
деловати	dêloʋati
делокруг	dêlokruːg
делом	děːlom
деломице	dêlomitseː
деломичан	dêlomitʃan
деломично	dêlomitʃno
делотворан	dêlotʋoːran
делотворно	dêlotʋoːrno
делта	dêlta
делфин	d̪elfin
делхи	dêlxi
демагог	demǎgog
демагогија	demagǒgija
демагошки	demǎgoʃki
демагошки	demǎgoʃkiː
деманти	děmanti
демилитаризација	demilitarizǎːtsija
демографија	demogrǎfija
демоде	demodêː
демократ	demǒkrat
демократија	demokrǎːtija
демократски	demǒkratski
демократски	demǒkratskiː
демокрација	demokrǎːtsija
демон	děmoːn
демонизација	demonizǎːtsija
демонологија	demonolǒgija
демонски	děmoːnski
демонски	děmoːnskiː
демонстрант	demǒnstrant
денди	dêndi
дендрокронологија	dendrokronolǒgija
дендрологија	dendrolǒgija
денотација	denotǎːtsija
денталан	děntaːlan
денунцијант	denuntsǐjant
денунцијантски	denuntsǐjantski
денунцијантски	denuntsǐjantskiː
денунцијација	denuntsijǎːtsija
део	dêo
деоба	deǒba
деоница	deːɔnitsa
депо	děpoː
депозите	dɛpozite
депониј	děpoːnij
деран	děran
дерати	děrati
дерби	dêrbi
дервиш	děrʋiːʃ
дервишки	děrʋiːʃki
дервишки	děrʋiːʃkiː
дериште	dêriːʃte
дерматологија	dermatolǒgija
дернек	děrnek
дерс	dêrs
десерт	děsert
десет	dêset
десетак	desěːtak
десетар	desětaːr
десетеро	dêsetero
десетина	desětina
десетка	děseːtka
десетлеће	dêsetletɕe
десетник	děsetniːk
десетогодишњак	desetogǒdiʃɲaːk
десетогодишњи	desetogǒdiʃɲiː
десетогодишњица	desetogǒdiʃɲitsa
десеторица	desetǒritsa
десеторо	dêsetoro
десетљеће	dêsetʎetɕe
десити	dêsiti
дескриптиван	dêskriptiːʋan
десни	dêːsni
десни	děsniː
десница	děsnitsa
десничар	děsnitʃaːr
десно	dêsno
деспот	děspot
деспотизам	despotǐzam
деспотски	děspotski
деспотски	děspotskiː
деспотство	děspotstʋo
дестинација	destinǎːtsija
деструктиван	dêstruktiːʋan
деструктивно	dêstruktiːʋno
деструкција	destrǔktsija
детаљан	dêtaːʎan
детектирати	detektǐːrati
детектор	dětektor
детелина	dêtelina
детенце	detěːntse
детерминација	determinǎːtsija
детешце	děteʃtse
детињаст	dětiɲast
детињасто	dětiɲasto
детињи	dětiɲiː
детињство	dɛtiɲstvo
детонација	detonǎːtsija
деутерагонист	deuteragǒnist
деф	dêf
дефект	děfekt
дефектан	děfektan
дефетист	defětist
дефетистички	defetǐstitʃki
дефетистички	defetǐstitʃkiː
дефетисткиња	defětistkiɲa
дефиле	defǐleː
дефинитиван	dêfinitiːʋan
дефинитивно	dêfinitiːʋno
дефиниција	definǐːtsija
дефинишу	definiʃo
дефлација	deflǎːtsija
децембарски	dětseːmbarskiː
децембра	detsɛmbra
деценија	dětseːnija
дециграм	dětsigram
дециметар	dětsimetar
дечак	dětʃaːk
дечаштво	detʃǎːʃtʋo
дечко	dêtʃko
дечји	dětʃjiː
дешавати	deʃǎːʋati
дешавање	deʃaʋaɲe
дешњак	děʃɲaːk
дешњакиња	deʃɲǎkiɲa
дејствовати	dějstʋoʋati
дељив	děʎiʋ
див	dîʋ
диван	dîːʋan
диван	dǐʋaːn
диванити	diʋǎːniti
диваљ	divˈaʎ
диверзитет	diʋerzǐteːt
дивизма	diʋǐzma
дивити	dǐːʋiti
дивовски	dǐʋoʋski
дивовски	dǐʋoʋskiː
дивокоза	divokɔza
дивљак	dǐʋʎaːk
дивљакиња	diʋʎǎkiɲa
дивљакуша	diʋʎǎkuʃa
дивљалук	diʋʎǎluk
дивљати	dǐʋʎati
дивљач	dîʋʎaːtʃ
дивљачки	dǐʋʎaːtʃki
дивљачки	dǐʋʎaːtʃkiː
дивљаштво	diʋʎǎːʃtʋo
дивље	dǐʋʎeː
дивљи	dǐʋʎiː
дивљина	diʋʎǐna
дигитални	dîgitaːlniː
дигнути	dîgnuti
дигресија	digrěsija
дидактика	didǎktika
дидактички	didǎktitʃkiː
дизало	dîzalo
дизати	dîzati
дизајн	dǐzajn
дизајнер	dizǎjner
дика	dîka
дика	dǐka
дика	dǐːka
дикка	dǐkka
дикобраз	dîkobraːz
диктатор	dǐktaːtor
диктаторка	dǐktaːtoːrka
диктаторски	dǐktaːtorskiː
диктатура	diktatǔːra
диктирати	diktǐːrati
дикција	dǐktsija
дилема	dilěːma
дилетант	dilětant
дилкуша	dǐlkuʃa
дилкушица	dǐlkuʃitsa
дилум	dîlum
дим	diːm
дим	dîm
димити	dîmiti
димничар	dîmnitʃaːr
димњачар	dîmɲatʃaːr
дина	dǐːna
динамит	dinǎmiːt
династија	dinǎstija
диносаурус	dinosǎurus
динстати	dîːnstati
дио	dîo
диоба	diǒba
дионица	diǒnitsa
диплоидан	dîploiːdan
дипломат	diplǒmat
дипломатски	diplǒmatski
дипломатски	diplǒmatskiː
дипломација	diplomǎtsija
дирати	dǐːrati
директан	dǐrektan
директно	dǐrektno
директор	dǐrektor
директоријум	dirěktoːrijum
диригент	dirǐgent
диригент	diɾˈigent
дирижабл	diriʒabl
дирнути	dǐːrnuti
дирхем	dǐrxem
дисати	disɛti
дисекција	disěktsija
дисидент	disǐdent
дисидентски	disǐdentski
дисидентски	disǐdentskiː
дисимилација	disimilǎːtsija
дисипација	disipǎːtsija
дисквалификација	diskʋalifikǎːtsija
дискредитирати	diskreditǐːrati
дискретан	dǐskretan
дискретно	dǐskretno
дискриминација	diskriminǎːtsija
дискриминирати	diskriminǐːrati
дискусија	dǐskuːsija
дискутирати	diskutǐːrati
дислокација	dislokǎːtsija
дистинктивно	dîstinktiːʋno
дистрибуција	distribǔːtsija
дисфорија	disfǒrija
дисциплина	distsiplǐːna
дисјункција	disjǔnktsija
дифтонгизација	diftongizǎːtsija
дифтоншки	dǐftonʃkiː
дифузан	dîfuːzan
дифузивност	difuzǐːʋnoːst
дичити	dǐːtʃiti
дијабетичар	dijabětitʃaːr
дијабетичарка	dijabětitʃaːrka
дијаболичан	dijabǒlitʃan
дијагноза	dijagnǒːza
дијагностика	dijagnǒstika
дијагностичар	dijagnǒstitʃaːr
дијагностичарка	dijagnǒstitʃaːrka
дијагностички	dijagnǒstitʃkiː
дијагонала	dijagonǎːla
дијагоналан	dîjagonaːlan
дијакритички	dijakrǐtitʃkiː
дијалектологија	dijalektolǒgija
дијалог	dijǎlog
дијамант	dijǎmant
дијамант	djamant
дијаметралан	dîjametraːlan
дијаметрално	dîjametraːlno
дијана	diana
дијафан	dǐjafan
дијафрагма	dijafrǎgma
дијелити	djěːliti
дијелом	djěːlom
дијете	diˈete
диљем	dîːʎem
диња	dinʲa
диња	dîɲa
дићи	dîtɕi
длака	dlâka
длакав	dlâkaʋ
длакавост	dlâkaʋoːst
длачица	dlâtʃitsa
дневни	dnêːʋniː
дневно	dnêːʋno
дно	dnô
дно	dˈənˈɔx
до	dô
до	dôː
до	dˈo
доба	dôːba
добављач	dobǎʋʎaːtʃ
добављив	dobǎʋʎiʋ
добар	dôbar
добацивати	dobatsǐːʋati
добацити	dobǎːtsiti
добивати	dobǐːʋati
добили	dɔbili
добитак	dobǐːtak
добити	dǒbiti
добити	dɔbiti
добрим	dɔbrim
добро	dǒbro
добробит	dôbrobiːt
добровољац	dobroʋǒːʎats
добродошао	dobrodǒʃao
добродошли	dobrodǒʃli
добродошлица	dobrodǒʃlitsa
добронамеран	dobronǎːmeran
добронамјеран	dobronǎːmjeran
добротворан	dôbrotʋoːran
добротворка	dôbrotʋoːrka
доброхотан	dôbroxotan
доброчинац	dobrotʃǐːnats
доброчинитељ	dobrotʃǐniteʎ
доброчинство	dobrotʃǐːnstʋo
добру	dɔbru
довде	dǒːʋdeː
довек	dôʋeːk
довека	dôʋeːka
довести	dǒʋesti
довикивати	doʋikǐːʋati
довикнути	doʋǐːknuti
довитљив	doʋǐtʎiʋ
довиђења	doʋidʑěːɲa
довијек	dôʋijeːk
довијека	dôʋijeːka
доводити	doʋǒditi
довозити	doʋǒziti
довољан	dôʋoːʎan
довољно	dôʋoːʎno
доврх	doˈbrɪx
довршетак	doʋrʃěːtak
догађати	dogǎːdʑati
догађај	dôgadʑaːj
догма	dôgma
догматски	dǒgmatski
догматски	dǒgmatskiː
договарати	dogoʋǎːrati
договор	dôgoʋoːr
договорити	dogoʋǒriti
догодила	dogo˥˩ːdila
догодити	dogǒditi
додавати	dodǎːʋati
додавање	dodǎːʋaːɲe
додатак	dodǎːtak
додатан	dôdaːtan
додати	dǒdati
додатно	dôdaːtno
доделити	doděːliti
додељивати	dodeʎǐːʋati
додиривати	dodirǐːʋati
додирнути	dodǐːrnuti
додијелити	dodjěːliti
додуше	dodǔːʃeː
додјељивати	dodjeʎǐːʋati
доживе	doʒivɛ
доживети	doʒǐːʋeti
доживотан	dôʒiʋotan
доживотно	dôʒiʋotno
доживјети	doʒǐːʋjeti
доживљавати	doʒiʋʎǎːʋati
доживљај	dôʒiʋʎaːj
доза	dǒːza
дозвати	dǒzʋati
дозвола	dôzʋola
дозволити	dozʋǒliti
дозвољавати	dozʋoʎǎːʋati
дозивати	dozǐːʋati
дознавати	doznǎːʋati
дознати	dǒznati
доиста	dôista
док	dôk
док	dɔk
доказао	dokazo
доказати	dokǎːzati
доказив	dokǎziʋ
доказивати	dokazǐːʋati
докапитализација	dokapitalizǎːtsija
докле	doklɛ
докле	dǒːkleː
доколица	dɔkoˈlitsa
докон	dǒkon
доконица	dǒkonitsa
доксологија	doksolǒgija
доктор	dôktor
докторанд	doktǒrand
докторат	doktǒraːt
докторирати	doktorǐːrati
докторица	dôktoritsa
докторски	dôktorskiː
доктрина	doktrǐːna
документ	dokǔment
документ	dˌokumˈɛnt
документаран	dôkumentaːran
документација	dokumentǎːtsija
докучивати	dokutʃǐːʋati
докучити	dokǔːtʃiti
дол	dôːl
долазак	dǒlazak
долазити	dǒlaziti
долама	dǒlama
доле	dôle
доли	dǒli
доликовати	dǒlikoʋati
долина	dolǐna
доличити	dǒlitʃiti
дом	dôm
дома	dôma
домар	dǒmaːr
домаћи	domatʃi
домаћи	dǒmaːtɕiː
домаћин	domǎtɕin
домаћински	domǎtɕiːnskiː
домаћинство	domatɕǐːnstʋo
домаћица	domǎtɕitsa
домет	dǒːmet
доминантан	dominǎntan
доминација	dominǎːtsija
доминирати	dominǐːrati
домислити	dǒmisliti
домишљат	dǒmiʃʎat
домишљати	domǐːʃʎati
домишљатост	dǒmiʃʎatoːst
домовина	dǒmoʋina
домовински	dǒmoʋinskiː
домовница	domǒːʋnitsa
домородац	domorǒːdats
донатор	dǒnaːtor
донација	donǎːtsija
донекле	dǒnekle
донести	dǒnesti
донети	dǒneːti
донијети	dǒnjeːti
донос	dǒnos
доносити	donǒsiti
допадати	dǒpadati
допасти	dǒpasti
допирати	dǒpirati
дописати	dopǐːsati
дописивати	dopisǐːʋati
дописник	dǒpisniːk
дописница	dǒpisnitsa
допливати	dǒpliʋati
допловити	doplǒʋiti
доподне	dopǒːdne
допремати	doprěːmati
допремити	doprěːmiti
допрети	dǒpreːti
допринети	doprǐneːti
допринијети	doprǐnjeːti
доприносити	doprinǒsiti
допријети	dǒprjeːti
допуна	dôpuna
допунити	dǒpuniti
допунски	dǒpunskiː
допустив	dopǔstiʋ
допустиво	dopǔstiʋo
допустити	dopostiti
допустити	dopǔstiti
допуштати	dopǔːʃtati
допуштење	dopuʃtěːɲe
допуњавати	dopuɲǎːʋati
дорадити	dorǎːditi
дорађивати	doradʑǐːʋati
дорски	dôːrski
дорски	dôːrskiː
доручак	dǒrutʃak
доручковати	dǒrutʃkoʋati
досад	dǒsad
досадан	dôsaːdan
досадашњи	dosǎdaʃɲiː
досадањи	dosǎdaɲiː
досадити	dosǎːditi
досађивати	dosadʑǐːʋati
досег	dôseːg
досегнути	dosěːgnuti
досезати	dosěːzati
доселити	dosěliti
досетљив	dosětʎiʋ
досетљиво	dosětʎiʋo
досетљивост	dosětʎiʋoːst
досељавати	doseʎǎːʋati
досељеница	doseʎěnitsa
досећи	dǒseːtɕi
доследан	dǒsledan
доследно	dǒsledno
доследност	dǒslednoːst
дослован	dǒːsloːʋan
дословно	dǒːsloːʋno
доспевати	dospěːʋati
доспети	dǒspeti
доспијевати	dospjěːʋati
доспјети	dǒspjeti
доста	dôsta
доста	dɔsta
достава	dôstaʋa
доставити	dǒstaʋiti
доставни	dôstaːʋniː
достављати	dǒstaʋʎati
достигнути	dǒstignuti
достижан	dôstiʒan
достизати	dǒstizati
достићи	dǒstitɕi
достојан	dǒːstoːjan
достојно	dǒːstoːjno
доступан	dǒstupan
доступна	do˩˥ːstupno˥˩ː
доступност	dǒstupnoːst
досјетљив	dosjětʎiʋ
досјетљиво	dosjětʎiʋo
досјетљивост	dosjětʎiʋoːst
досљедан	dǒsʎedan
досљедно	dǒsʎedno
досљедност	dǒsʎednoːst
дотискати	dǒtiskati
дотискивати	dotiskǐːʋati
дотични	dǒtitʃniː
дотрчавати	dotr̩tʃǎːʋati
доушник	dǒuʃniːk
дохват	dôxʋaːt
дохватан	dôxʋaːtan
дохватити	dǒxʋatiti
дохваћати	dǒxʋatɕati
доходак	doːxɔdak
дочаравати	dotʃarǎːʋati
дочарати	dotʃǎːrati
дочарив	dotʃǎriʋ
дочарљив	dotʃǎrʎiʋ
дочасник	dǒtʃaːsniːk
дочек	dǒtʃek
дочекати	dǒtʃekati
дочекивати	dotʃekǐːʋati
дошла	doʃɫa
доштампавати	doʃtampǎːʋati
доштампати	dǒʃtaːmpati
дошљак	dǒʃʎaːk
дошљакиња	doʃʎǎkiɲa
дође	dˈoˈdˈe
дојава	dôjaʋa
дојавити	dojǎːʋiti
дојављивати	dojaʋʎǐːʋati
дојахати	dǒjaxati
дојити	dǒjiti
дојиља	dǒjiːʎa
дојка	dôːjka
доље	dôʎe
доњи	donʲi
доњи	dôːɲiː
доћи	doːtʃi
доћи	dôːtɕi
драва	drǎːʋa
дравидски	drǎʋiːdskiː
дравски	drâːʋskiː
драг	drâːg
драга	drâga
драга	drâːgaː
драган	draga
драган	drǎgan
драгати	drǎːgati
драго	drâːgo
драго	dˈrago
драгослав	dragoˈsɫav
драгоцен	dragǒtsen
драгоценост	dragǒtsenoːst
драгоцјен	dragǒtsjen
драгоцјеност	dragǒtsjenoːst
драж	drâːʒ
дражба	drǎʒba
дражестан	drâʒestan
дражити	drǎːʒiti
драма	drâma
драма	grama
драматичан	dramǎtitʃan
драматично	dramǎtitʃno
драматургија	dramatǔrgija
драмски	drâːmskiː
драстичан	drǎstitʃan
драстично	drǎstitʃno
драти	drâti
драхма	drǎxma
драч	drâtʃ
драча	drâtʃa
дрвар	dřʋaːr
дрвен	dr̂ʋen
дрвенаст	dr̂ʋenast
дрвено	dr̂ʋeno
дрвни	dr̂ːʋniː
дрво	dr̂ʋo
дрводеља	drʋǒdeʎa
дрводјеља	drʋǒdjeʎa
дрворед	dr̂ʋoreːd
дрворез	dr̂ʋoreːz
дрворезац	dr̩ʋorěːzats
дрвосеча	dr̩ʋǒsetʃa
дрвосјеча	dr̩ʋǒsjetʃa
дрвље	dr̂ːʋʎe
дребанг	drěːbang
дребанк	drěːbank
древан	drêːʋan
древност	drěːʋnoːst
дрек	drêk
дрека	drêka
дрем	drêːm
дремати	drěːmati
дремашина	drêːmaʃiːna
дремнути	drêmnuti
дремљив	drěmʎiʋ
дремљиво	drěmʎiʋo
дремљивост	drěmʎiʋoːst
дрен	drên
дрес	drês
дресирати	dresǐːrati
дретва	drêtʋa
држава	drʒɛva
држава	dřʒaʋa
држави	darʒavʲi
државни	dřʒaːʋniː
државнички	dřʒaːʋnitʃki
државнички	dřʒaːʋnitʃkiː
држављанин	dřʒaʋʎanin
држављанка	dřʒaʋʎaːnka
држављанство	drʒaʋʎǎːnstʋo
држак	dr̂ʒak
држати	dřʒati
дрзак	dr̂zak
дрзник	dr̂zniːk
дрзнути	dr̂znuti
дриблати	drîblati
дрикер	drˈiːkər
дрим	dˈɾiːm
дрито	drîto
дријем	drijêːm
дријемати	drjěːmati
дријен	drijêːn
дркати	drkate
дркати	dr̂kati
дркаџија	dr̂kadʒija
дрмати	dr̂mati
дробити	drǒbiti
дробњак	drǒbɲaːk
дрога	drǒːga
дрогирати	drogǐːrati
дрогу	drɔgu
дрозд	drôzd
дромедар	dromədar
дроља	drôʎa
дрско	dr̂sko
дрскост	dr̂skoːst
друг	drûːg
другар	drǔgaːr
другачије	drugǎtʃijeː
другачији	drugǎtʃijiː
другде	drûgde
другдје	drûgdje
други	drûgiː
други	drɔgi
друговати	drugovatĩ
другу	drugo
дружељубив	druʒeʎǔbiʋ
дружељубиво	druʒeʎǔbiʋo
дружељубивост	druʒeʎǔbiʋoːst
дружина	drǔʒina
дружити	drǔːʒiti
друкчије	drǔktʃijeː
друкчији	drǔktʃijiː
друм	drˈun
друштвен	drûʃtʋen
дрхтав	dr̂xtaʋ
дрхтати	dřxtati
дрхтај	dr̂xtaːj
дрхтјети	dřxtjeti
дршка	dr̂ʃka
дршка	dr̥ʂka
дрљача	drjatʃa
дуализам	dualǐzam
дубина	dubǐna
дубити	dǔːbiti
дубок	duːbˈok
дубок	dǔbok
дубоко	dubǒko
дубокоуман	dûbokouːman
дубровачки	dǔbroʋatʃkiː
дубровник	dǔbroːʋniːk
дубљи	dubli
дуван	duːvan
дуван	dǔʋaːn
дувар	dûʋaːr
дувати	duvati
дувати	dǔːʋati
дувнути	dǔːʋnuti
дуг	duɫg
дуг	dûg
дуг	dûːg
дуга	dǔːga
дугачак	dugǎtʃak
дугачак	dugɑtʃˈak
дугајлија	dugǎjlija
дугмад	dûgmaːd
дуго	dûgo
дуговати	dugǒʋati
дуговечан	dûgoʋetʃan
дуговјечан	dûgoʋjetʃan
дугокос	dûgokos
дугоног	dugǒnog
дугорочан	dûgorotʃan
дуготрајан	dûgotraːjan
дуготрајна	dugotrɛjna
дуготрајно	dûgotraːjno
дуд	dûd
дуж	dûʒ
дуж	dûːʒ
дужан	dǔːʒan
дужник	dǔʒniːk
дужносник	dǔːʒnosniːk
дужносница	dǔːʒnosnitsa
дужност	duːʒnɔst
дужност	dǔːʒnoːst
дукат	dǔkaːt
дунав	dunev
дунав	dǔnaʋ
дунавски	dûnaʋskiː
дунст	dûnst
дунстати	dûnstati
дунути	dǔːnuti
дупе	dûpe
дупенце	dupěːntse
дупли	dûpliː
дупликат	duplǐkaːt
дупсти	dûːpsti
дурати	dǔrati
дурашан	dûraːʃan
дух	dûx
дух	dˈux
духан	dǔxaːn
духати	dǔːxati
духнути	dǔːxnuti
духовит	duxǒʋit
духовни	dǔxoːʋniː
духовник	duxǒʋniːk
духовно	dǔxoːʋno
душа	dǔːʃa
душан	duːʃan
душман	dûʃman
душман	dǔʃmaːn
душманин	dûʃmanin
дуња	duɲˈa
дуњалук	duɲǎːluk
дућан	dutʃan
дућан	dǔtɕaːn
дјева	djěːʋa
дјевац	djěːʋats
дјевер	djêver
дјевојка	djěʋoːjka
дјевојче	djěʋoːjtʃe
дјевојчица	djeʋǒjtʃitsa
дјевојчурак	djeʋojtʃǔːrak
дјевојчуљак	djeʋojtʃǔːʎak
дјед	djêd
дјелати	djêlati
дјелатник	djělaːtniːk
дјелатница	djêlaːtnitsa
дјелатност	djelǎːtnoːst
дјелић	djělitɕ
дјело	djêlo
дјеловати	djêloʋati
дјелокруг	djêlokruːg
дјеломице	djêlomitseː
дјеломичан	djêlomitʃan
дјеломично	djêlomitʃno
дјелотворан	djêlotʋoːran
дјелотворно	djêlotʋoːrno
дјетелина	djêtelina
дјетенце	djetěːntse
дјетешце	djěteʃtse
дјетињаст	djětiɲast
дјетињасто	djětiɲasto
дјетињи	djětiɲiː
дјечак	djětʃaːk
дјечаштво	djetʃǎːʃtʋo
дјечји	djětʃjiː
дјељив	djěʎiʋ
е	e
евакуација	eʋakuǎːtsija
еванђеоски	eʋandʑeǒski
еванђеоски	eʋandʑeǒskiː
еванђеље	eʋǎndʑeːʎe
евентуалан	êʋentuaːlan
евентуално	êʋentuaːlno
евидентан	eʋiděntan
евидентно	eʋiděntno
еволуционизам	eʋolutsionǐzam
еволуционист	eʋolutsiǒnist
еволуција	eʋolǔːtsija
еволуцијом	evolutsijam
еволуцијски	eʋolǔːtsiːjskiː
европа	eʋrǒːpa
европски	ěʋropski
европски	ěʋropskiː
егзактан	ěgzaktan
егзактно	ěgzaktno
егзалтација	egzaltǎːtsija
егзекутор	egzěkuːtor
егзекуција	egzekǔːtsija
егземпларан	êgzemplaːran
егзил	ěgziːl
егзистенција	egzistěntsija
егзистенцијалан	êgzistentsijaːlan
егзистенцијализам	egzistentsijalǐzam
егзистенцијалист	egzistentsijǎlist
егзистенцијалистички	egzistentsijalǐstitʃkiː
егзистирати	egzistǐːrati
егзогамија	egzogǎmija
егзодус	egzǒːdus
егзорцизам	egzortsǐzam
егзорцист	egzǒrtsist
егзосфера	egzosfěːra
егзотеричан	egzotěritʃan
егзотика	egzǒtika
егзотичан	egzǒtitʃan
египат	ěgipat
египатски	eɣipatski
египатски	ěgipatskiː
египтолог	egiptǒlog
египћанин	ěgiptɕanin
его	êːgo
егоизам	egoǐzam
егоистичан	egoǐstitʃan
егоистички	egoǐstitʃki
егоистички	egoǐstitʃkiː
егоцентричан	egotsěntritʃan
езотеричан	ezotěritʃan
езотерично	ezotěritʃno
екавица	ěːkaʋitsa
екавски	ěːkaʋski
екавски	ěːkaʋskiː
еквадор	ěkʋaːdor
еквадорац	ekʋadǒːrats
еквадорка	ekʋǎdoːrka
еквадорски	ěkʋaːdorskiː
екватор	ěkʋaːtor
еквивалентан	ekʋiʋǎlentan
еквивалентно	ekʋiʋǎlentno
еквиноциј	ekʋǐnoːtsij
екипа	ekǐːpa
еклезиологија	ekleziolǒgija
еклипса	eklǐpsa
еклисиологија	eklisiolǒgija
еколошки	ekǒloʃki
еколошки	ekǒloʃkiː
економичан	ekonǒmitʃan
економично	ekonǒmitʃno
економски	ekǒnomski
економски	ekǒnomskiː
екосистем	ekosǐsteːm
екосустав	ekosǔːstaʋ
екс	êks
ексер	ěkser
ексклузиван	êkskluziːʋan
ексклузивно	êkskluziːʋno
екскомуникација	ekskomunikǎːtsija
екскремент	ekskrěment
експанзија	ekspǎnzija
експедиција	ekspedǐːtsija
експеримент	eksperǐment
експерт	ěkspert
експлодирати	eksplodǐːrati
експлозиван	êksploziːʋan
експлозивно	êksploziːʋno
експорт	ěksport
експресиван	êkspresiːʋan
експресивно	êkspresiːʋno
експресионизам	ekspresionǐzam
експропријација	eksproprijǎːtsija
екстаза	ekstǎːza
екстатичан	ekstǎtitʃan
екстатично	ekstǎtitʃno
екстензиван	êkstenziːʋan
екстензивно	êkstenziːʋno
екстерни	ěksteːrniː
екстравагантан	ekstraʋagǎntan
екстравагантно	ekstraʋagǎntno
екстракт	ěkstrakt
екстреман	ěkstreːman
екстремизам	ekstremǐzam
екстремно	ěkstreːmno
ексцентрик	ekstsěntrik
ексцентричан	ekstsěntritʃan
ексцентрично	ekstsěntritʃno
ексцентричност	ekstsěntritʃnoːst
ексцерпт	ěkstserpt
ексцес	ěkstses
екуменизам	ekumenǐzam
елаборат	elabǒraːt
еластичан	elǎstitʃan
елегантан	elegǎntan
елегантно	elegǎntno
електрана	elektrǎna
електрификација	elektrifikǎːtsija
електрицитет	elektritsǐteːt
електричар	elěktritʃaːr
електрични	elěktritʃniː
електрода	elektrǒːda
електролиза	elektrolǐːza
електролит	elektrǒliːt
електромагнет	elektromǎgneːt
електромагнетизам	elektromagnetǐzam
електромагнетни	elektromǎgneːtniː
електромагнетски	elektromǎgneːtskiː
електрон	elěktroːn
електроника	elektrǒnika
електронски	elěktroːnskiː
електротехника	elektrotěxnika
елеменат	elěmenat
елемент	elěment
елементаран	êlementaːran
елидирати	elidǐːrati
елизија	elǐːzija
еликсир	elǐksiːr
елиминација	eliminǎːtsija
елипса	elǐpsa
елиптичан	elǐptitʃan
елитни	ěliːtniː
елоквентан	elokʋěntan
елоквенција	elokʋěntsija
еманципација	emantsipǎːtsija
ембрио	êmbrio
ембрион	êmbrioːn
емигрант	emǐgrant
емиграција	emigrǎːtsija
еминентан	eminěntan
емотиван	êmotiːʋan
емоционалан	êmotsionaːlan
емоционално	êmotsionaːlno
емоција	emotsia
емоција	emǒːtsija
емоције	emotsie
емпиријски	empǐriːjskiː
енглез	ěngleːz
енглеска	ěngleːskaː
енглески	ěngleːski
енглески	ěngleːskiː
енглескиња	ěngleskiɲa
ендогамија	endogǎmija
енергетика	energětika
енергичан	eněrgitʃan
енергично	eněrgitʃno
енергија	eněrgija
енигматичан	enigmǎtitʃan
енклава	enklǎːʋa
енклитика	enklǐtika
ентитет	entitˈeɾts
ентомологија	entomolǒgija
ентузијазам	entuzijǎzam
ентузијаст	entuzǐjast
ентузијастичан	entuzijǎstitʃan
ентузијасткиња	entuzǐjastkiɲa
енциклопедист	entsiklopědist
енциклопедијски	entsiklopěːdiːjski
енциклопедијски	entsiklopěːdiːjskiː
еон	ěoːn
епарх	ěparx
епархија	epǎrxija
епархијски	epǎrxiːjskiː
епентеза	epentěːza
епиграм	epǐgram
епиграф	epǐgraf
епидемија	epiděmija
епидемијски	epiděmiːjskiː
епизода	epizǒːda
епикурејац	epikurěːjats
епикурејски	epikǔreːjski
епикурејски	epikǔreːjskiː
епилепсија	epilěpsija
епилептичан	epilěptitʃan
епилептичар	epilěptitʃaːr
епилептичарка	epilěptitʃaːrka
епилептички	epilěptitʃkiː
епилог	epǐlog
епир	ěpiːr
епископ	ěpiskop
епистемолог	epistemǒlog
епистемологија	epistemologia
епистемологија	epistemolǒgija
епистола	epǐstola
епитаф	epǐtaf
епитет	epǐteːt
епифанија	epifǎnija
епоха	epǒːxa
епохалан	êpoxaːlan
епрувета	epruʋěta
епсилон	ěpsiloːn
ера	eːra
ера	ěːra
ереван	ěreʋaːn
ерекција	erěktsija
еритреја	eritrěːja
ерменија	ěrmeːnija
еротичан	erǒtitʃan
еротски	ěrotski
еротски	ěrotskiː
ерудит	erǔdiːt
ерудиција	erudǐːtsija
еруптиван	êruptiːʋan
ерупција	erǔptsija
есенција	esěntsija
есенцијалан	êsentsijaːlan
есенцијално	êsentsijaːlno
есеј	ěseːj
ескалатор	eskǎlaːtor
ескапизам	eskapǐzam
ескимски	ěskiːmskiː
есперанто	esperǎnto
естетизам	estetǐzam
естетика	estetːika
естетика	estětika
естетицизам	estetitsǐzam
естетски	ěsteːtski
естетски	ěsteːtskiː
естонац	estǒːnats
естонија	ěstoːnija
естонски	ěstoːnskiː
естуариј	estǔaːrij
есхатолог	esxatǒlog
есхатологија	esxatolǒgija
есхатолошки	esxatǒloʃkiː
есцајг	êstsajg
етажа	etǎːʒa
етанол	etǎnoːl
етапа	etǎpa
етика	ětika
етимолог	etimǒlog
етимологија	etimolǒgija
етимолошки	etimǒloʃkiː
етиологија	etiolǒgija
етиопија	etiǒpija
етиопски	etǐopskiː
етиопљанин	etiǒːpʎanin
етички	ětitʃkiː
етнологија	etnolǒgija
етномузикологија	etnomuzikolǒgija
етологија	etolǒgija
етрушчански	etrǔːʃtʃanskiː
еулогија	eulǒgija
еуропа	eurǒːpa
еуропски	ěuropski
еуропски	ěuropskiː
еутаназија	eutanǎːzija
еуфемизам	eufemǐzam
еуфоричан	eufǒritʃan
еуфорично	eufǒritʃno
еуфорија	eufǒrija
ефекат	ěfekt
ефект	ěfekt
ефектан	ěfektan
ефективан	êfektiːʋan
ефектно	ěfektno
ефектност	ěfektnoːst
ефемеран	êfemeːran
ефемерно	êfemeːrno
ефемерност	efeměːrnoːst
ефендија	efěndija
ефикасан	êfikasan
ефикасно	êfikasno
ехо	ˈɛxo
ехолалија	exolǎlija
ешарпа	ěʃaːrpa
ејакулат	ejakǔlaːt
ејакулација	ejakulǎːtsija
жаба	ʒâba
жабар	ʒâbaːr
жабац	ʒǎːbats
жабетина	ʒabětina
жабин	ʒâbin
жабица	ʒâbitsa
жабљи	ʒâbʎiː
жага	ʒǎːga
жагор	ʒâːgor
жал	ʒâːl
жалац	ʒǎːlats
жалба	ʒǎlba
жалилац	ʒǎlilats
жалити	ʒâliti
жало	ʒǎːlo
жаловати	ʒâloʋati
жалосно	ʒâlosno
жалост	ʒâloːst
жалостан	ʒâlostan
жалостити	ʒalǒstiti
жалфија	ʒǎlfija
жамор	ʒâːmor
жандар	ʒândar
жандар	ʒândaːr
жандар	ʒǎndaːr
жандармерија	ʒandarměrija
жао	ʒâo
жаока	ʒâoka
жар	ʒâːr
жаргон	ʒǎrgoːn
жардинијера	ʒardinijěːra
жариште	ʒâriːʃte
жарки	ʒâːrkiː
жаљење	ʒâʎeːɲe
жбир	ʒbîːr
жбица	ʒbîtsa
жбука	ʒbûka
жбукати	ʒbûkati
жбун	bʒbun
жбун	ʒbûːn
жбуње	ʒbûːɲe
жвака	ʒʋǎːka
жвакати	ʒʋǎːkati
жвакач	ʒʋǎkaːtʃ
жгољав	ʒgôʎaʋ
ждерати	ʒděrati
ждерач	ʒděraːtʃ
ждероња	ʒděːroɲa
ждрал	ʒdrâːl
ждреб	ʒdrêːb
ждребад	ʒdrêbaːd
ждребати	ʒdrěːbati
ждребац	ʒdrěːbats
ждребе	ʒdrêːbe
ждребетина	ʒdrěbetina
ждребица	ʒdrěbitsa
ждребна	ʒdrêbna
ждрело	ʒdrěːlo
ждријеб	ʒdrijêːb
ждријебати	ʒdrijěːbati
ждријебац	ʒdrijěːbats
ждријебе	ʒdrjêːbe
ждријело	ʒdrjěːlo
жега	ʒêga
жедан	ʒěːdan
жеднети	ʒědneti
жедно	ʒêːdno
жедњети	ʒědɲeti
жезло	ʒězlo
желатинаст	ʒelatǐnast
желва	ʒêːlʋaː
желе	ʒěleː
железан	ʒělezan
железница	ʒěleznitsa
железнички	ʒěleznitʃkiː
железо	ʒělezo
желети	ʒěleti
желим	ʒalim
желудац	ʒěludats
желучани	ʒělutʃaniː
жемља	ʒêmʎa
жена	ʒěna
жена	ʒˈɛna
женева	ʒeněːʋa
женевски	ʒěneʋskiː
женидба	ʒěnidba
женик	ʒěniːk
женин	ʒěnin
женити	ʒěniti
женка	ʒêːnka
женскар	ʒěnskaːr
женски	ʒěnski
женски	ʒěnskiː
женскост	ʒênskoːst
женствен	ʒěnstʋen
женственост	ʒěnstʋenoːst
жерав	ʒěraːʋ
жестина	ʒestǐna
жестити	ʒěːstiti
жесток	ʒěstok
жестоко	ʒestǒko
жетва	ʒêtʋa
жетвени	ʒêtʋeniː
жети	ʒêti
жеђ	ʒêːdʑ
жеђа	ʒêːdʑa
жеђати	ʒěːdʑati
жеља	ʒêʎa
жељан	ʒêʎan
жељезан	ʒěʎezan
жељезница	ʒěʎeznitsa
жељезнички	ʒěʎeznitʃkiː
жељезо	ʒěʎezo
жељети	ʒěʎeti
жељно	ʒěːʎno
жећи	ʒêtɕi
жив	ʒîːʋ
жив	ʒˈiv
жива	ʒîʋa
жива	ˈaʒiva
живахан	ʒîʋaːxan
живахно	ʒîʋaːxno
живахност	ʒîʋaːxnoːst
живац	ʒǐʋats
живели	ʒiveli
живети	ʒiveti
живети	ʒǐːʋeti
живица	ʒǐʋitsa
живо	ʒîːʋo
живописан	ʒîʋopiːsan
живописно	ʒîʋopiːsno
живописност	ʒîʋopisnoːst
живост	ʒîʋoːst
живот	ʒǐʋot
животан	ʒǐʋotan
животарити	ʒivɔta˥˩riti
животиња	ʒiʋǒtiɲa
животињски	ʒiʋǒtiːɲski
животињски	ʒiʋǒtiːɲskiː
живцирати	ʒiʋtsǐːrati
живчан	ʒǐʋtʃan
живјети	ʒivjati
живјети	ʒǐːʋjeti
жиг	ʒîːg
жиголо	ʒîgolo
жидов	ʒîdoʋ
жидов	ʒǐdoʋ
жижа	ʒǐːʒa
жижић	ʒiʒitʃ
жила	ʒîla
жилав	ʒîlaʋ
жилет	ʒilět
жилет	ʒǐlet
жир	ʒîːr
жири	ʒʲirɨ
житарица	ʒitǎritsa
житељ	ʒǐːteʎ
житница	ʒîtnitsa
жица	ʒîtsa
жиће	ʒǐːtɕe
жлеб	ʒlêːb
жлезда	ʒlěːzda
жлезда	ʒʎɛzda
жлица	ʒlîtsa
жлијеб	ʒljêːb
жлијезда	ʒljěːzda
жонглер	ʒǒngleːr
жонглирати	ʒonglǐːrati
жрец	ʒrêːts
жртва	ʒr̂tʋa
жудети	ʒǔːdeti
жудјети	ʒǔːdjeti
жудња	ʒǔːdɲa
жуманце	ʒumǎːntse
жумањак	ʒumǎːɲak
жупа	ʒǔːpa
жупанија	ʒupǎnija
жупанијски	ʒupǎniːjskiː
жупник	ʒûːpniːk
журити	ʒurjti
журнал	ʒuɾənɾal
журналист	ʒurnǎlist
журналист	ʒurnɑlist
журналистика	ʒurnalǐstika
жут	ʃut
жут	ʒûːt
жута	ʒuta
жута	ʒˈut
жутица	ʒǔtitsa
жутокљунац	ʒutokʎǔːnats
жуч	ʒûːtʃ
жучљив	ʒǔtʃʎiʋ
жуљ	ʒûːʎ
жући	ʒutsʲi
з	z
з́	ʑ
за	za
забавити	zǎbaʋiti
забаву	zapavu
забављати	zǎbaʋʎati
забављач	zabǎʋʎaːtʃ
забадати	zabǎːdati
забалити	zǎbaliti
забележити	zabeleʒiti
забелешка	zâbeleʃka
забетонирати	zabetonǐːrati
забити	zǎbiti
забијати	zabǐːjati
забиљежити	zabǐʎeʒiti
забиљешка	zâbiʎeʃka
заблештити	zablěːʃtiti
заблешћивати	zableʃtɕǐːʋati
заблејати	zablěːjati
заблистати	zablǐstati
заблијештити	zablijěːʃtiti
заблокирати	zablokǐːrati
заблуда	zâːbluda
забога	zâboga
заболети	zabǒleti
заборав	zâboraːʋ
забораван	zâboraːʋan
заборавити	zabǒraʋiti
заборавно	zâboraːʋno
заборавност	zaborǎːʋnoːst
заборављати	zabǒraʋʎati
забости	zǎbosti
забољети	zabǒʎeti
забрана	zâːbrana
забранити	zabra˥˩niti
забранити	zabrǎːniti
забрањивати	zabraɲivati
забрањивати	zabraɲǐːʋati
забрзавати	zabrzǎːʋati
забрзати	zabřzati
забринут	zǎbrinuːt
забринути	zǎbrinuti
забринуто	zǎbrinuːto
забринутост	zǎbrinuːtoːst
забројити	zabrǒjiti
забртвити	zǎbrtʋiti
забртвљеност	zǎbrtʋʎenoːst
забртвљивати	zabrtʋʎǐːʋati
забрујати	zabrǔːjati
забрљавити	zabrʎǎːʋiti
забрљати	zabřːʎati
забубавати	zabubǎːʋati
забубати	zabǔːbati
забубњати	zabǔbɲati
забугаривати	zabugarǐːʋati
забугарити	zabugǎːriti
забуна	zâːbuna
забундати	zǎbuːndati
забунити	zabǔːniti
забункерираност	zabunkěriːranoːst
забункерирати	zabunkerǐːrati
забушавати	zabuʃǎːʋati
забушант	zabǔʃant
забушантски	zabǔʃantski
забушантски	zabǔʃantskiː
забушивати	zabuʃǐːʋati
забушивач	zabuʃǐʋaːtʃ
забушити	zabǔːʃiti
забуљити	zabǔːʎiti
забуњивати	zabuɲǐːʋati
забљешћивати	zabʎeʃtɕǐːʋati
завада	zâːʋada
завазда	zǎʋazda
заваравати	zaʋarǎːʋati
заварати	zǎʋarati
завезати	zaʋěːzati
завезивати	zaʋezǐːʋati
завера	zâːʋera
завеса	zâːʋesa
завести	zǎʋesti
завет	zǎːʋet
заветрина	zǎːʋetrina
завидан	zǎːʋidan
завидети	zǎːʋideti
завидник	zǎːʋidniːk
завидно	zǎːʋidno
завидјети	zǎːʋidjeti
завидљив	zaʋǐdʎiʋ
завидљивац	zaʋǐdʎiʋats
завиривати	zaʋirǐːʋati
завирити	zaʋǐːriti
зависан	zǎːʋisan
зависити	zǎːʋisiti
зависник	zãːvisnik
зависно	zaːvisnɔ
зависно	zǎːʋisno
зависност	zǎːʋisnoːst
зависности	zaːvisnɔsti
завист	zǎːʋist
завичај	zâʋitʃaːj
завичај	zɑvitʃaj
завиђати	zaʋǐːdʑati
завладавати	zaʋladǎːʋati
завладати	zaʋlǎːdati
завлачити	zaʋlǎːtʃiti
завод	zǎːʋod
заводити	zaʋǒditi
заводник	zǎːʋodniːk
заводница	zǎːʋodnitsa
заводнички	zǎːʋodnitʃkiː
заводљив	zaʋǒdʎiʋ
заводљиво	zaʋǒdʎiʋo
заводљивост	zaʋǒdʎiʋoːst
заволети	zaʋǒleti
завор	zabor
завој	zǎːʋoj
завојит	zǎːʋojit
завојница	zǎːʋoːjnitsa
завољети	zaʋǒʎeti
завредети	zaʋrěːdeti
завређивати	zaʋredʑǐːʋati
завриједити	zaʋrjěːditi
завриједјети	zaʋrjěːdjeti
завршавати	zaʋrʃǎːʋati
завршетак	zaʋrʃěːtak
завршити	zavrʃiti
завршити	zaʋřːʃiti
завршни	zǎːʋrʃniː
завући	zǎʋuːtɕi
завјера	zâːʋjera
завјеса	zâːʋjesa
завјет	zǎːʋjet
завјетрина	zǎːʋjetrina
загадити	zǎgaditi
загар	zǎgaːr
загасити	zagǎːsiti
загађивати	zagadʑǐːʋati
заглавити	zaglǎːʋiti
заглављивати	zaglaʋʎǐːʋati
заглибити	zaglǐːbiti
заглибљивати	zaglibʎǐːʋati
заговорник	zagovornik
загонетати	zagoněːtati
загонетка	zâgoneːtka
загорчавати	zagortʃǎːʋati
загорчати	zagǒrtʃati
загосподарити	zagospodǎːriti
заграда	zâːgrada
заградити	zagrǎːditi
заграђивати	zagradʑǐːʋati
загреб	zagrɛb
загреб	zǎːgreb
загребачки	zǎːgrebatʃkiː
загрепсти	zǎgrepsti
загрепчанин	zǎːgreptʃanin
загрепчанка	zǎːgreptʃaːnka
загрејавати	zagrejǎːʋati
загрејати	zǎgrejati
загризати	zagrǐːzati
загристи	zǎgristi
загријавати	zagrijǎːʋati
загријати	zǎgrijati
загрлити	zǎgrliti
загрљај	zâgrʎaːj
задавати	zadǎːʋati
задавити	zadǎːʋiti
задављивати	zadaʋʎǐːʋati
задак	zâdak
задарски	zâdarskiː
задатак	zadaːtak
задатак	zadǎːtak
задати	zǎdati
задах	zâdaːx
задаћа	zǎdatɕa
задесити	zǎdesiti
задешавати	zadeʃǎːʋati
задивити	zadǐːʋiti
задивљавати	zadiʋʎǎːʋati
задиркивати	zadirkǐːʋati
задовољавати	zadoʋoʎǎːʋati
задовољавају	zado˩˥ːʋo˩˥ːlʲavaju
задовољавајући	zadoʋoʎǎːʋajuːtɕiː
задовољан	zado˥˩ːʋoɫʲan
задовољан	zâdoʋoːʎan
задовољити	zadoʋǒʎiti
задовољно	zâdoʋoːʎno
задовољство	zadoʋǒʎstʋo
задремати	zadrěːmati
задржавати	zadrʒǎːʋati
задржати	zadřʒati
задријемати	zadrijěːmati
задртост	zâdrːtoːst
задруга	zâːdruga
задругар	zâːdrugaːr
задругарка	zâːdrugaːrka
задругарски	zâːdrugaːrski
задругарски	zâːdrugaːrskiː
задругарство	zadrugǎːrstʋo
задубити	zadǔːbiti
задубљеност	zǎduːbʎenoːst
задубљивати	zadubʎǐːʋati
задуго	zǎdugo
задужбина	zǎːduʒbina
задуживати	zaduʒǐːʋati
задужити	zadǔːʒiti
задњи	zâdɲiː
задњица	zâdɲitsa
зажелети	zaʒěleti
зажељети	zaʒěʎeti
заиста	zajsta
заказати	zakǎːzati
заказивати	zakazǐːʋati
закаснити	zakǎsniti
закачка	sakatʃka
закидати	zakǐːdati
закинути	zǎkinuti
заклањати	zǎklaɲati
заклетва	zǎːkletʋa
заклети	zǎkleːti
заклињати	zǎkliɲati
заклонити	zaklǒniti
закон	zǎːkon
закони	zaːkuni
законик	zǎːkoniːk
законит	zǎːkonit
законито	zǎːkonito
законодавац	zakonodǎːʋats
законодавни	zâkonodaːʋniː
законодавство	zakonodǎːʋstʋo
законски	zǎːkonskiː
закопавати	zakopǎːʋati
закопати	zakǒpati
закочити	zakǒːtʃiti
закрварити	zakrʋǎːriti
закључак	zǎːkʎutʃak
закључивати	zakʎutʃǐːʋati
закључити	zakʎǔːtʃiti
закључка	zaːkjuːtʃka
закључни	zǎːkʎutʃniː
залагаоница	zalagaǒːnitsa
залагати	zalǎːgati
залаз	zǎːlaz
залазак	zǎlazak
залазити	zǎlaziti
залазница	zǎːlaznitsa
заламати	zalǎːmati
залевати	zalěːʋati
заледити	zalěditi
залеђивати	zaledʑǐːʋati
заливати	zalǐːʋati
зализати	zalǐːzati
залити	zǎliti
залиха	zalɛxa
залиха	zâːlixa
залијевати	zalijěːʋati
залог	zǎːlog
залогај	zâlogaːj
залогајница	zalogǎːjnitsa
заложити	zalǒʒiti
заломити	zalǒmiti
залуд	zâluːd
залуд	zǎːlud
залуду	zalǔːdu
залутати	zalǔːtati
замак	zǎːmak
замакнути	zamǎknuti
замаман	zâmaːman
замамити	zamǎːmiti
заман	zâmaːn
заман	zǎmaːn
замаћи	zǎmatɕi
замбија	zǎmbija
замена	zâːmena
заменик	zâːmeniːk
заменити	zaměːniti
заменица	zâːmenitsa
замера	zaːmɛra
замерам	zamɛram
замерати	zaměːrati
замерити	zǎːmeriti
замерка	zǎːmeːrka
замерљив	zaměrʎiʋ
замести	samesti
замењив	zaměɲiʋ
замењивати	zameɲǐːʋati
замисао	zâmiːsao
замислив	zamǐsliʋ
замислити	zǎmisliti
замицати	zǎmitsati
замишљати	zamǐːʃʎati
замијенити	zamjěːniti
замка	zâːmka
замолница	zamulnitsa
замотуљак	zamotǔːʎak
замрзавати	zamrzǎːʋati
замрзнути	zǎmrznuti
замјена	zâːmjena
замјеник	zâːmjeniːk
замјеница	zâːmjenitsa
замјерати	zamjěːrati
замјерити	zǎːmjeriti
замјерка	zǎːmjeːrka
замјерљив	zamjěrʎiʋ
замјењив	zamjěɲiʋ
замјењивати	zamjeɲǐːʋati
занемаре	zanɛːmare
занемарив	zanemǎriʋ
занемаривати	zanemarǐːʋati
занемарити	zanemǎːriti
занесен	zaněsen
занесено	zaněseno
занимати	zanǐːmati
занимање	zanǐːmaːɲe
занимљив	zanǐmʎiʋ
занимљиво	zanǐmʎiʋo
занимљивост	zanǐmʎiʋoːst
зановет	zânoʋeːt
занос	zǎːnos
заноћати	zanǒtɕati
зао	zâo
заокруживати	zaokruʒǐːʋati
заокружити	zaokrǔːʒiti
заоравати	zaorǎːʋati
заорати	zaǒrati
заостати	zaǒstati
заостајати	zaǒstajati
заошијати	zaoʃǐjati
запад	zâːpad
западати	zǎpadati
западни	zâːpadniː
западно	zâːpadno
западњак	zâːpadɲaːk
западњачки	zâːpadɲatʃkiː
запажати	zapǎːʒati
запазио	sapazio
запазити	zǎpaziti
запалити	zapǎːliti
запамтити	zǎpaːmtiti
запасти	zǎpasti
запета	zapɛta
запећи	zǎpetɕi
записати	zapǐːsati
записивати	zapisǐːʋati
запитати	zapǐːtati
запишите	zapjiʃite
заплавити	zaplǎːʋiti
заплашити	zǎplaʃiti
запливати	zǎpliʋati
запловити	zaplǒʋiti
заповедати	zapoʋěːdati
заповедити	zapǒʋediti
заповедник	zapoʋědniːk
заповиједати	zapoʋjěːdati
заповједити	zapǒʋjediti
заповједник	zapoʋjědniːk
запослен	zǎposlen
запосленик	zaposlěniːk
запослити	zapǒsliti
запоставити	zapǒstaʋiti
запошљавати	zapoʃʎǎːʋati
заправо	zâpraʋo
запрега	zâːprega
запрегнути	zaprěːgnuti
запрезати	zaprěːzati
запрека	zaprɛka
запрека	zâːpreka
запрети	zǎpreːti
запријети	zǎprjeːti
запросити	zaprǒsiti
запрти	zǎprːti
запрљати	zapřːʎati
запт	zâpt
запустити	zapǔstiti
запушити	zǎpuʃiti
запуштати	zapǔːʃtati
зар	zâr
зар	zâːr
зарад	zârad
зарада	zâːrada
заради	zâradi
зарадити	zarǎːditi
зараза	zâːraza
зарана	zârana
заратити	zǎratiti
зарачунавати	zaratʃunǎːʋati
зарачунати	zaratʃǔnati
зарађивати	zaradʑǐːʋati
заредавати	zaredǎːʋati
заредати	zarěːdati
заредити	zarěːditi
заређивати	zaredʑǐːʋati
зарећи	zǎretɕi
зарзават	zarzǎʋaːt
заробљеник	zarobʎěniːk
зарожје	zaroʒie
зароктати	zǎroktati
зарудети	zarǔːdeti
зарудјети	zarǔːdjeti
заручник	zǎːrutʃniːk
заручница	zǎːrutʃnitsa
зарф	zârf
засавица	zasavitsa
засад	zǎsad
засадити	zasǎːditi
засађивати	zasadʑǐːʋati
засебан	zǎːseban
засебно	zǎːsebno
заседа	zâːseda
заседање	zasěːdaːɲe
заселак	zǎːselak
засенити	zǎseniti
засењивати	zaseɲǐːʋati
засигурно	zâsiguːrno
заслон	zǎːslon
заслонити	zaslǒniti
заслуга	zâːsluga
заслужан	zǎːsluʒan
заслужено	zǎsluːʒeno
заслуживати	zasluʒǐːʋati
заслужити	zaslǔːʒiti
засметати	zasměːtati
заспати	zaspɾti
застати	zǎstati
застајати	zǎstajati
застор	zǎːstor
застој	zǎːstoj
застрашивати	zastraʃǐːʋati
застрашити	zǎstraʃiti
застрети	zǎstreːti
застријети	zǎstrjeːti
заступати	zastǔːpati
заступити	zastǔːpiti
заступник	zǎːstupniːk
заступница	zǎːstupnitsa
засунак	zaːsʊnak
засунка	zˈaːsˈunka
засједа	zâːsjeda
засједање	zasjěːdaːɲe
засјенити	zǎsjeniti
засјењивати	zasjeɲǐːʋati
заталасавати	zatalasǎːʋati
заталасати	zatalǎsati
заташкавати	zataʃkǎːʋati
заташкати	zǎtaʃkati
затајивати	zatajǐːʋati
затајити	zatǎːjiti
затварати	zatʋǎːrati
затвор	zaːtvr
затвор	zǎːtʋor
затворен	zǎtʋoren
затвореник	zatvorenɪk
затвореник	zatʋorěniːk
затвореница	zatʋorěnitsa
затворено	zatvoreno
затворити	zatʋǒriti
затећи	zǎtetɕi
затим	zatɪm
затим	zǎtiːm
затишје	zǎːtiːʃje
затиљак	zǎːtiʎak
затиљни	zǎːtiːʎniː
зато	zǎtoː
затомити	zatǒmiti
затомљивати	zatomʎǐːʋati
затон	zǎːton
заточеник	zatotʃěniːk
заточеница	zatotʃěnitsa
заточеништво	zatotʃenǐːʃtʋo
заточити	zatǒtʃiti
затражити	zatrǎːʒiti
затровати	zatrǒʋati
затруднети	zatrudnɛti
заувек	zau̯vɛk
заувек	zǎuʋeːk
заувијек	zǎuʋjeːk
заударати	zaǔdarati
заузврат	zâuzʋraːt
зауздавати	zauzdǎːʋati
зауздати	zaǔzdati
заузети	zaǔzeːti
заузимати	zaǔzimati
зауставити	zaǔstaʋiti
заустављати	zaǔstaʋʎati
зафрканција	zafrkǎntsija
захвала	zâxʋala
захвалан	zǎːxʋaːlan
захвалити	zaxʋǎːliti
захвалност	zaxʋǎːlnoːst
захватати	zǎxʋatati
захватити	zǎxʋatiti
захваљивати	zaxʋaɫʲivati
захваљивати	zaxʋaʎǐːʋati
захваљујући	zaxʋǎʎujuːtɕi
захваћати	zǎxʋatɕati
заход	zǎxod
заход	zǎːxod
заходити	zaxǒditi
захтев	zǎːxteʋ
захтевати	zaxtěːʋati
захтијевати	zaxtjěːʋati
захтјев	zǎːxtjeʋ
зацаклити	zatsǎkliti
зацакљивати	zatsakʎǐːʋati
зацаривати	zatsarǐːʋati
зацарити	zǎtsariti
зацајхнати	zatsǎjxnati
зацеле	zatsɛ˥˩le
зацелити	zatsěːliti
зацело	zâtseːlo
зацементирати	zatsementǐːrati
заценути	zatsěːnuti
заценутост	zǎtseːnutoːst
зацерекати	zatserěkati
зацељивати	zatseʎǐːʋati
зацењивати	zatseɲǐːʋati
зациктати	zatsǐktati
зацичати	zatsǐtʃati
зацијелити	zatsijěːliti
зацијело	zâtsijeːlo
зацјељивати	zatsjeʎǐːʋati
зачаравати	zatʃarǎːʋati
зачаран	zǎtʃaːraːn
зачарано	zǎtʃaːraːno
зачараност	zǎtʃaːraːnoːst
зачарати	zatʃǎːrati
зачаривати	zatʃarǐːʋati
зачас	zǎtʃas
зачахуреност	zatʃǎxurenoːst
зачахуривати	zatʃaxurǐːʋati
зачахурити	zatʃǎxuriti
зачетак	zatʃěːtak
зачети	zǎtʃeːti
зачетник	zǎːtʃetniːk
зачин	zǎːtʃin
зачинити	zatʃǐniti
зачињати	zǎtʃiɲati
зачудити	zǎtʃuditi
зачудо	zǎtʃudo
зачуо	zatʃua
зачуђивати	zatʃudʑǐːʋati
зашиљивати	zaʃiʎǐːʋati
зашиљити	zaʃǐːʎiti
заштита	zâːʃtita
заштитити	zaʃtǐːtiti
заштитни	zǎːʃtitniː
заштитник	zǎːʃtitniːk
заштитница	zǎːʃtitnitsa
заштитнички	zǎːʃtitnitʃki
заштитнички	zǎːʃtitnitʃkiː
заштитништво	zǎːʃtitniːʃtʋo
заштићивати	zaʃtitɕǐːʋati
зашто	zâʃto
зајахати	zǎjaxati
зајашити	zǎjaʃiti
зајебавати	zajebǎːʋati
зајебати	zajěbati
заједница	zâjednitsa
заједнички	zajɛdnʲitʃkʲi
заједнички	zâjednitʃki
заједнички	zâjednitʃkiː
заједништво	zâjedniːʃtʋo
заједно	zâjedno
зајечар	zajeˈtʃar
зајечати	zajɛːtʃati
заљубити	zaʎǔːbiti
заљубљивати	zaʎubʎǐːʋati
заљутити	zaʎǔːtiti
заћи	zâːtɕi
збивати	zbǐːʋati
збир	zbîːr
збирка	zbîːrka
збити	zbîti
збијати	zbǐːjati
збиља	zbîʎa
збиља	zbǐːʎa
збиљски	zbîːʎskiː
зближавати	zbliʒǎːʋati
зближити	zblǐːʒiti
због	zbok
због	zbôg
због	zbɔg
збогом	zbôgom
збор	zbôr
зборити	zbǒriti
зборник	zbôːrniːk
збрајати	zbraːjat
збринути	zbrînuti
збрисати	zbrîsati
збрињавати	zbriɲǎːʋati
збрка	zbr̂ka
збунити	zbǔːniti
збуњен	zbûːɲen
збуњено	zbûːɲeno
збуњивати	zbuɲǐːʋati
звала	zvaːla
званичан	zʋǎnitʃan
званично	zʋǎnitʃno
звано	zwanˈo
звати	zʋatɪ
звати	zʋâti
звање	zʋǎːɲe
звезда	zʋěːzda
звезда	zʋɛzda
звездан	zʋězdan
звездица	zʋězditsa
звек	zʋêːk
звиждати	zʋǐʒdati
звиждач	zʋǐʒdaːtʃ
звиждачица	zʋiʒdǎtʃitsa
звијезда	zʋijěːzda
звон	zʋôn
звоник	zʋǒniːk
звонити	zʋǒniti
звоно	zvon
звоно	zʋôno
звоцати	zʋôtsati
зврк	zʋr̂ːk
звук	zvˈuk
звук	zʋûːk
звучан	zʋûːtʃan
звучно	zʋûːtʃno
звјездан	zʋjězdan
звјездица	zʋjězditsa
звјездознанство	zʋjezdoznǎːnstʋo
згадити	zgâditi
згађеност	zgâdʑenoːst
зглоб	zglôb
зглобни	zglôbniː
згода	zgôda
згодан	zgôdan
зграбити	zgrâbiti
зграда	zgrâda
згражавати	zgraʒǎːʋati
згражати	zgrǎːʒati
згрејавати	zgrejǎːʋati
згрејати	zgrejati
згристи	zgrîsti
згријавати	zgrijǎːʋati
згријати	zgrîjati
згрнути	zgřːnuti
згрозити	zgrǒziti
згртати	zgr̂tati
згрушавати	zgruʃǎːʋati
згрушати	zgrǔʃati
згужвати	zgǔʒʋati
згурити	zgûriti
згуснути	zgûsnuti
згушњавати	zguʃɲǎːʋati
здела	zdêla
зденац	zděːnats
здепаст	zdêpast
здрав	zdra
здрав	zdrâʋ
здраво	zdravɔ
здраво	zdrâʋo
здравствени	zdrǎʋstʋeniː
здравствено	zdrǎʋstʋeno
здравство	zdrǎʋstʋo
здравље	zdrâːʋʎe
здруживати	zdruʒǐːʋati
здружити	zdrǔːʒiti
здјела	zdjêla
зеба	zěːba
зебра	zɛbra
зевати	zěːʋati
зевнути	zěːʋnuti
зеко	zěːko
зелен	zêleːn
зелен	zělen
зеленаш	zelěnaːʃ
зеленашки	zelěnaːʃki
зеленашки	zelěnaːʃkiː
зеленило	zelěnilo
зеленкаст	zelěnkast
зелот	zěloːt
земаљски	zemǎʎskiː
земичка	zɛmʲitʃka
земуница	zemǔnitsa
земља	zěmʎa
земљин	zěmʎin
земљиште	zêmʎiːʃte
земљопис	zêmʎopiːs
земљопоседник	zemʎopǒːsedniːk
земљопосједник	zemʎopǒːsjedniːk
земљорадник	zemʎǒraːdniːk
земљорадња	zemʎorǎːdɲa
земљотрес	zêmʎotreːs
зена	zêna
зенит	zěniːt
зенит	zɛnit
зеница	zěnitsa
зенични	zěnitʃniː
зепсти	zêːpsti
зерделица	zerdělitsa
зерзеват	zerzěʋaːt
зета	zˈɛta
зеугма	zeǔgma
зехерли	zexěrli
зец	zêːts
зец	zɛts
зечић	zětʃitɕ
зечји	zětʃjiː
зејтин	zějtiːn
зеље	zêːʎe
зибати	zǐːbati
зид	zîːd
зид	zˈiŋ
зидар	zǐdaːr
зидарство	zidǎːrstʋo
зидати	ziːdati
зидати	zǐːdati
зидина	zǐdina
зидни	zîːdniː
зидови	zidoˈvi
зима	zǐːma
зима	zˈimˈa
зимзелен	zîmzeleːn
зими	zîːmi
зимница	zimnitsɛ
зимница	zǐmnitsa
зимовати	zimǒʋati
зимовање	zimǒʋaːɲe
зимовиште	zǐmoʋiːʃte
зимски	zîːmskiː
зимус	zǐmuːs
зинути	zînuti
зипка	zîpka
зијати	zǐːjati
зијевати	zjěːʋati
зијевнути	zjěːʋnuti
злата	zɫata
златан	zlǎːtan
златар	zlǎtaːr
златарница	zlǎtaːrnitsa
златибор	zɫatibor
златити	zlǎːtiti
златник	zlâːtniːk
златнина	zlatnǐna
злато	zlâːto
златом	zlâːtom
златоуст	zlatǒust
зликовац	zlîkoʋats
злица	zlîtsa
зло	zlô
зло	zɫo
злоба	zlǒba
злобан	zlôban
злобник	zlôbniːk
зловоља	zlǒʋoʎa
зловољан	zlǒʋoːʎan
зловољно	zlǒʋoːʎno
злогласан	zlǒglasan
злогласник	zlǒglaːsniːk
злогласно	zlǒglasno
злодело	zlǒdelo
злодух	zlǒdux
злодјело	zlǒdjelo
злокоб	zlôkoːb
злокобан	zlǒkoban
злокобно	zlǒkobno
злонамеран	zlonǎːmeːran
злонамерник	zlonǎːmeːrniːk
злонамерно	zlonǎːmeːrno
злонамерност	zlonǎːmeːrnoːst
злонамјеран	zlonǎːmjeːran
злонамјерник	zlonǎːmjeːrniːk
злонамјерно	zlonǎːmjeːrno
злонамјерност	zlonǎːmjeːrnoːst
злопатити	zlǒpatiti
злорадост	zlǒradoːst
злослутан	zlǒslutan
злослутно	zlǒslutno
злостављати	zlǒstaʋʎati
злотвор	zlôtʋor
злотворан	zlôtʋoːran
злоупотреба	zlôupotreba
злоупотребити	zloupotrěːbiti
злоупотребљавати	zloupotrebʎǎːʋati
злоупотријебити	zloupotrjěːbiti
злочест	zlǒtʃest
злочесто	zlǒtʃesto
злочин	zlǒtʃin
злочинац	zlǒtʃinats
злочински	zlǒtʃiːnskiː
злочинство	zlǒtʃiːnstʋo
злоћа	zlǒtɕa
злоћудан	zlǒtɕudan
злоћудност	zlǒtɕudnoːst
злурад	zlǔrad
злурадо	zlǔrado
злурадост	zlǔradoːst
змај	maj
змај	zmâj
змајев	zmâjeʋ
змија	zmja
змија	zmǐja
змијаст	zmîjast
змијин	zmǐjin
змијица	zmǐjitsa
змијолик	zmijǒlik
змијоловац	zmijolǒːʋats
змијски	zmîːjski
змијски	zmîːjskiː
змијурина	zmijǔrina
знак	znâːk
знак	znˈak
знаковит	znakǒʋit
зналац	znǎːlats
знамен	znamɛn
знамен	znâmeːn
знаменит	znaměnit
знаменитост	znaměnitoːst
знаменка	znǎmeːnka
знамење	znǎmeːɲe
знан	znâːn
знанац	znǎːnats
знаница	znǎnitsa
знаност	znânoːst
знанственик	znǎnstʋeniːk
знанственица	znǎnstʋenitsa
знао	znˈaʊ
знатан	znatal
знатан	znâtan
знати	znat
знати	znâti
знатижеља	znâtiʒeʎa
знатижељан	znâtiʒeːʎan
знатижељно	znâtiʒeːʎno
знатно	znâtno
значај	znâtʃaːj
значајан	znâtʃaːjan
значајно	znâtʃaːjno
значајност	znatʃǎːjnoːst
значе	znatʃɛ
значење	znǎːtʃeːɲe
значити	znaːtʃiti
значити	znǎːtʃiti
значка	znâtʃka
знање	znaːɲɛ
знање	znǎːɲe
зној	znôːj
зној	znˈoj
знојав	znôjaʋ
знојан	znǒːjan
знојити	znǒjiti
знојница	znǒːjnitsa
зоб	zôːb
зобати	zǒbati
зобен	zǒben
зов	zôːʋ
зова	zǒːʋa
зове	zǒʋe
зове	zǒːʋe
зовем	zǒʋem
зовемо	zǒʋemo
зовете	zǒʋete
зовеш	zǒʋeʃ
зову	zǒʋu
зову	zǒːʋu
зодијак	zǒdijaːk
зомби	zɔmbi
зоолог	zoǒlog
зоологија	zoolǒgija
зоолошки	zoǒloʃkiː
зор	zôːr
зора	zǒra
зоран	zǒran
зоран	zǒːran
зоровавељ	zˈoˈrɔvavˈeʎ
зором	zǒroːm
зрак	zrâːk
зрака	zrâka
зракаст	zrâkast
зракасто	zrâkasto
зрачан	zrǎːtʃan
зрачење	zrǎːtʃeːɲe
зрачити	zrǎːtʃiti
зрелина	zrelǐna
зрелост	zrêloːst
зрео	zrêo
зрети	zrêti
зрети	zrěːti
зрикавац	zrǐːkaʋats
зријети	zrijěːti
зрнаст	zřnast
зрнат	zřnat
зрнатост	zřnatoːst
зрно	zrnˈo
зрно	zr̂no
зрње	zr̂ːɲe
зуб	zûːb
зуб	zˈuːb
зуба	zǔːbaː
зубало	zǔbalo
зубар	zǔbaːr
зубарски	zǔbaːrski
зубарски	zǔbaːrskiː
зубац	zǔːbats
зубина	zǔbina
зубић	zǔbitɕ
зубни	zûːbniː
зубноуснени	zubnoǔsneniː
зубобоља	zubǒboʎa
зубља	zǔːbʎa
зулум	zǔlum
зумбул	zǔmbul
зупчаник	zubtʃaːnik
зупчаник	zuptʃǎniːk
зурити	zǔːriti
зујара	zǔjara
зјапити	zjǎːpiti
зјапнути	zjâpnuti
зјена	zjêna
зјеница	zjěnitsa
зјенични	zjěnitʃniː
и	dˈiː
и	i
иако	jˈako
иако	îako
ибар	ilbar
ибрик	ǐbriːk
ибришим	ibrǐʃim
ива	ǐːʋa
иван	ǐʋan
ивана	iːvona
ивана	ǐʋana
ивањица	ivaɲitsa
ивица	ivitsa
ивица	îʋitsa
игда	îgda
игде	îgde
игдје	îgdje
игла	ǐgla
игнимбрит	igninbrit
игнорант	ignǒrant
иго	ǐːgo
игра	ǐgra
игра	ˈigɾa
игралишни	ǐgraliːʃniː
игралиште	ǐgraliːʃte
игранка	ǐgranka
играти	îgrati
играч	ǐgraːtʃ
играчица	igrǎtʃitsa
играчка	iːgraːtʃk
играчка	ǐgratʃka
игрив	ǐgriʋ
игривост	ǐgriʋoːst
игроказ	îgrokaːz
игуман	îgumaːn
игуманија	igumǎnija
идеал	iděaːl
идеалан	îdeaːlan
идеализам	idealǐzam
идеализација	idealizǎːtsija
идеалист	ideǎlist
идеалистички	idealǐstitʃki
идеалистички	idealǐstitʃkiː
идеалисткиња	ideǎlistkiɲa
идеално	îdeaːlno
идентитет	identǐteːt
идентификатор	identifǐkaːtor
идентификација	identifikǎːtsija
идентичан	iděntitʃan
идентично	iděntitʃno
идеограм	ideǒgram
идеолог	ideǒlog
идеологија	ideolǒgija
идеолошки	ideǒloʃkiː
идеја	ideia
идеја	iděːja
идејни	ǐdeːjniː
идила	idǐla
идиличан	idǐlitʃan
идилично	idǐlitʃno
идиом	idǐoːm
идиоматски	idiǒmatskiː
идиот	idijot
идиот	idǐot
идиотизам	idiotǐzam
идиотски	idǐotski
идиотски	idǐotskiː
идиотство	idiǒtstʋo
идол	ǐdoːl
идолатрија	idolǎtrija
идолатријски	idolǎtriːjski
идолатријски	idolǎtriːjskiː
идолопоклоник	idolopǒkloniːk
идолопоклонички	idolopǒklonitʃki
идолопоклонички	idolopǒklonitʃkiː
идолопоклонство	idolopoklǒːnstʋo
идући	ǐduːtɕiː
иживцирати	iʒiʋtsǐːrati
из	iz
иза	iza
изаберите	izaberiˈt
изабирати	izabirat
изабирати	izǎbirati
изабран	îzabraːn
изабрати	izǎbrati
изагнати	izǎgnati
изазвати	izǎzʋati
изазвати	izˈazbatˈi
изазива	izaziva
изазивати	izazǐːʋati
изазивач	izazǐʋaːtʃ
изазован	îzazoːʋan
изазовно	îzazoːʋno
изасланик	izaslǎniːk
изасланство	izaslǎnstʋo
изаћи	ǐzaːtɕi
изба	ǐzba
избавити	ǐzbaʋiti
избављати	ǐzbaʋʎati
избадати	izbǎːdati
избалансирати	izbalansǐːrati
избатинати	izbatǐnati
избацивати	izbatsǐːʋati
избацити	izbǎːtsiti
избегавати	izbegǎːʋati
избежив	izběʒiʋ
избежљив	izběʒʎiʋ
избезумљен	izbězuːmʎen
избезумљено	izbězuːmʎeno
избечити	izběːtʃiti
избећи	ǐzbetɕi
избирљив	izbǐrʎiʋ
избирљиво	izbǐrʎiʋo
избити	ǐzbiti
избијати	izbǐːjati
изближе	îzbliʒeː
изблиза	îzbliːza
избор	ǐzbor
изборе	izborɛ
изборити	izbǒriti
изборни	ǐzboːrniː
изборник	ǐzboːrniːk
избости	ǐzbosti
избочина	ǐzbotʃina
избрбљати	izbřbʎati
избрисати	ǐzbrisati
избрисив	izbrǐsiʋ
избушити	izbǔːʃiti
избјегавати	izbjegǎːʋati
избјежив	izbjěʒiʋ
избјежљив	izbjěʒʎiʋ
избјећи	ǐzbjetɕi
избљувати	izbʎǔʋati
извадио	izvadijo
извадити	ǐzʋaditi
изван	ǐzʋan
извана	izʋǎna
изведба	ǐzʋedba
изведеница	izʋeděnitsa
изведив	izʋědiʋ
извесно	îzʋesno
известан	îzʋestan
извести	ǐzʋesti
извести	ǐzʋeːsti
известити	izʋěːstiti
извештавати	izʋeʃtǎːʋati
извештај	îzʋeʃtaːj
извешће	ǐzʋeːʃtɕe
извешћивати	izʋeʃtɕǐːʋati
извид	îzʋiːd
извидети	ǐzʋideti
извидник	ǐzʋidniːk
извидјети	ǐzʋidjeti
извини	izʋini
извинити	izʋǐːniti
извиђати	izʋǐːdʑati
извијестити	izʋijěːstiti
извињење	izʋiɲěːɲe
извлачити	izʋlǎːtʃiti
извод	iːtsvod
изводив	izʋǒdiʋ
изводити	izʋǒditi
изводљив	izʋǒdʎiʋ
извоз	ǐzʋoz
извозити	izʋǒziti
извор	ǐzʋor
извориште	ǐzʋoriːʃte
изврстан	îzʋrstan
извршавати	izvɛrʃaːvati
извршавати	izʋrʃǎːʋati
извршити	izʋřːʃiti
извршни	ǐzʋrʃniː
извући	ǐzʋuːtɕi
извјесно	îzʋjesno
извјестан	îzʋjestan
извјештавати	izʋjeʃtǎːʋati
извјештај	îzʋjeʃtaːj
извјешће	ǐzʋjeːʃtɕe
извјешћивати	izʋjeʃtɕǐːʋati
изгарати	izgǎːrati
изгањати	izgǎːɲati
изглед	îzgleːd
изгледати	izglěːdati
изгледаш	izgladaʃ
изгнаник	ǐzgnaniːk
изгнаница	ǐzgnanitsa
изгнанство	izgnǎnstʋo
изгнати	ǐzgnati
изговарати	izgoʋǎːrati
изговор	îzgoʋoːr
изговорити	izgoʋǒriti
изгон	ǐzgon
изгонити	izgǒniti
изгорети	izgǒreti
изгорјети	izgǒrjeti
изградити	izgrǎːditi
изградња	izgrǎːdɲa
изграђивати	izgradʑǐːʋati
изгрдити	izkɐrditi
изгред	îzgreːd
изгрепсти	ǐzgrepsti
изгристи	ǐzgristi
изгубити	izgǔbiti
изгубљен	ǐzgubʎen
издавати	izdǎːʋati
издавач	izdǎʋaːtʃ
издалека	izdalěka
издатак	izdǎːtak
издати	ǐzdati
издах	îzdaːx
издахнути	izdǎxnuti
издашан	îzdaːʃan
издашно	îzdaːʃno
издаја	îzdaja
издајица	ǐzdajitsa
издајник	ǐzdaːjniːk
издајство	ǐzdaːjstʋo
издање	izdǎːɲe
издвајати	izdʋǎːjati
издвојити	izdʋǒjiti
издисати	ǐzdisati
издржавати	izdrʒǎːʋati
издржати	izdřʒati
издржљив	izdřʒʎiʋ
издржљиво	izdřʒʎiʋo
издржљивост	izdřʒʎiʋoːst
изискивати	iziskǐːʋati
изићи	ǐziːtɕi
излагати	izlǎgati
излаз	îzlaːz
излазак	ǐzlazak
излазити	ǐzlaziti
излазни	îzlaːzniː
излет	ǐzlet
излечив	izlětʃiʋ
излечивост	izlětʃiʋoːst
излечити	izlěːtʃiti
излизати	izlǐːzati
излизивати	izlizǐːʋati
излио	izˈlioː
излишан	îzliʃan
излишно	îzliʃno
излијечити	izlijěːtʃiti
излог	ǐzlog
изложити	izlǒʒiti
изломити	izlǒmiti
излучивати	izlutʃǐːʋati
излучити	izlǔːtʃiti
измак	ǐzmak
измакнути	izmǎknuti
измамити	izmǎːmiti
измамљивати	izmamʎǐːʋati
измаћи	ǐzmatɕi
измена	îzmena
изменичан	îzmenitʃan
изменично	îzmenitʃno
измерив	izměriʋ
измерити	ǐzmeriti
измерљив	izměrʎiʋ
измет	ǐzmet
између	îzmedʑu
измигољити	izmigǒʎiti
измислити	ǐzmisliti
измицати	ǐzmitsati
измишљати	izmǐːʃʎati
измишљен	ǐzmiʃʎen
измишљотина	izmiʃʎǒtina
измусти	ǐzmuːsti
измјена	îzmjena
измјеничан	îzmjenitʃan
измјенично	îzmjenitʃno
измјерив	izmjěriʋ
измјерити	ǐzmjeriti
измјерљив	izmjěrʎiʋ
изнад	iznˈat
изнад	îznad
изнајмити	iznǎjmiti
изнајмљивати	iznajmʎǐːʋati
изнебуха	îznebuːxa
изненада	îznenaːda
изненадан	îznenaːdan
изненадити	iznenǎːditi
изненађен	izněnaːdʑen
изненађење	iznenadʑěːɲe
изненађивати	iznenadʑǐːʋati
изненађујући	iznenǎdʑujuːtɕi
изнео	ˈiznˌoʊ
изнервирати	iznerʋǐːrati
изнети	ǐzneːti
изниман	ǐzniːman
изнимка	ǐzniːmka
изнимно	ǐzniːmno
изнијети	ǐznjeːti
изнова	îznoʋa
износ	ǐznos
износити	iznǒsiti
изнуда	îznuda
изнудити	ǐznuditi
изнутра	ǐznuːtra
изнуђивати	iznudʑǐːʋati
изобара	izobǎːra
изобилан	îzobilan
изобиље	îzobiːʎe
изобличавати	izoblitʃǎːʋati
изобличити	izoblǐːtʃiti
изоглоса	izoglǒsa
изолатор	izǒlaːtor
изолација	izolǎːtsija
изолиран	izǒliːran
изолирано	izǒliːrano
изоморфан	izomǒrfaːn
изопачен	izǒpaːtʃen
изопачена	izɛːopatʃɛna
изопачено	izǒpaːtʃeno
изопачивати	izopatʃǐːʋati
изопачити	izopǎːtʃiti
изоравати	izorǎːʋati
изорати	izǒrati
изоставити	izǒstaʋiti
изостављати	izǒstaʋʎati
изостати	izǒstati
изостајати	izǒstajati
изоштравати	izoʃtrǎːʋati
изоштрити	izǒʃtriti
израван	îzraːʋan
изравнавати	izraʋnǎːʋati
изравнати	izrǎʋnati
изравно	îzraːʋno
израдити	izrǎːditi
израел	ǐzrael
израелац	izraěːlats
израелски	îzraelskiː
изражавати	izraʒǎːʋati
изражајан	îzraʒaːjan
изразе	izrazɛ
изрази	izraziv
изразит	ǐzrazit
изразити	izrǎːziti
изразито	ǐzrazito
изранити	ǐzraniti
израслина	ǐzraslina
израстати	izrǎːstati
израсти	ǐzraːsti
израчити	izrǎːtʃiti
израчунавати	izratʃunǎːʋati
израчунати	izratʃǔnati
израђати	izrǎːdʑati
израђивати	izradʑǐːʋati
изрезати	ǐzrezati
изрезбарити	izrezbǎːriti
изрезивати	izrezǐːʋati
изрека	îzreka
изрећи	ǐzretɕi
изрицати	izrǐːtsati
изродити	izrǒditi
изручивати	izrutʃǐːʋati
изручити	izrǔːtʃiti
изувати	izǔːʋati
изузев	izǔzeːʋ
изузевши	izǔzeːʋʃi
изузетак	izuzěːtak
изузетан	îzuzeːtan
изузети	izǔzeːti
изузетно	îzuzeːtno
изузимати	izǔzimati
изум	ǐzum
изумети	izǔmeti
изумирати	izǔmirati
изумитељ	izǔmiteʎ
изумити	izǔmiti
изумрети	izǔmreːti
изумријети	izǔmrjeːti
изумјети	izǔmjeti
изути	ǐzuti
изјава	izjeava
изјава	îzjaʋa
изјавити	izjaviti
изјавити	izjǎːʋiti
изјављивати	izjaʋʎǐːʋati
изјадати	ǐzjadati
изјаснити	izjǎsniti
изјашњавати	izjaʃɲǎːʋati
изједначивати	izjednatʃǐːʋati
изједначити	izjednǎːtʃiti
изјелица	ǐzjelitsa
изјуривати	izjurǐːʋati
изјурити	izjǔːriti
изјутра	îzjutra
изљев	ǐzʎeʋ
изљечив	izʎětʃiʋ
изљечивост	izʎětʃiʋoːst
изљубити	izʎǔːbiti
изљубљивати	izʎubʎǐːʋati
изљутити	izʎǔːtiti
изњедрити	izɲěːdriti
изњедрити	ǐzɲedriti
икавац	ǐːkaʋats
икавизам	ikaʋǐzam
икавица	ǐːkaʋitsa
икавски	ǐːkaʋski
икавски	ǐːkaʋskiː
икавштина	ikǎːʋʃtina
икад	îkad
икада	îkada
икакав	îkakaʋ
икако	îkaːko
икамо	îkamo
ико	îko
иколико	îkoliko
икона	ǐkona
иконостас	ikonǒstas
икоји	îkojiː
икра	îkra
икуа	îkud
икуда	îkuda
илегалан	îlegaːlan
илегалац	ilegǎːlats
илегално	îlegaːlno
илегалност	ilegǎːlnoːst
илегитиман	îlegitiːman
илегитимно	îlegitiːmno
или	îli
илик	ǐlik
илика	ǐlika
илир	ǐliːr
илирац	ilǐːrats
илирик	ilǐrik
илирија	ǐliːrija
илирски	ǐliːrskiː
иловаст	ǐloʋast
иловача	ǐloʋatʃa
илузионизам	iluzionǐzam
илузионист	iluziǒnist
илузионистички	iluzionǐstitʃki
илузионистички	iluzionǐstitʃkiː
илузија	ǐluːzija
илузоран	îluzoːran
илузорно	îluzoːrno
илуминација	iluminǎːtsija
илустративан	îlustratiːʋan
илустративно	îlustratiːʋno
илустратор	ilǔstraːtor
илустрација	ilustrǎːtsija
им	im
има	ima
има	imɛ
имагинаран	îmaginaːran
имагинарно	îmaginaːrno
имагинативан	îmaginatiːʋan
имагинација	imaginǎːtsija
ималац	ǐmalats
иманентан	imaněntan
иманентност	imaněntnoːst
имати	imˈati
имати	ǐmati
имаш	imŋaʃ
имање	imǎːɲe
имбецил	imbětsiːl
имбецилан	îmbetsiːlan
имбецилитет	imbetsilǐteːt
имбецилно	îmbetsiːlno
имбецилност	imbetsǐːlnoːst
име	îme
имела	iměla
имендан	îmendaːn
именик	îmeniːk
именитељ	iměniteʎ
именица	îmenitsa
именовати	îmenoʋati
именски	îmenskiː
иметак	iměːtak
имењак	îmeɲaːk
имигрант	imǐgrant
имиграција	imigrǎːtsija
имигрирати	imigrǐːrati
имитатор	imǐtaːtor
имитација	imitǎːtsija
имитирати	imitǐːrati
имобилан	îmobiːlan
имобилизација	imobilizǎːtsija
имовина	imovina
имовински	ǐmoʋinski
имовински	ǐmoʋinskiː
имовину	imɔvinu
импеданција	impedǎntsija
императив	împeratiːʋ
императивни	împeratiːʋniː
императивно	împeratiːʋno
император	impěraːtor
империј	ǐmpeːriːj
империја	ǐmpeːrija
империјализам	imperijalǐzam
империјалист	imperijǎlist
империјалистички	imperijalǐstitʃki
империјалистички	imperijalǐstitʃkiː
империјални	împerijalniː
имперсоналан	împersonaːlan
имперсонално	împersonaːlno
имперсоналност	impersonǎːlnoːst
импертинентан	impertiněntan
импертинентно	impertiněntno
имперфект	împerfekt
имперфективан	împerfektiːʋan
имперфективизација	imperfektiʋizǎːtsija
импликација	implikǎːtsija
имплицирати	implitsǐːrati
имплицитан	implǐtsitan
имплозија	ǐmploːzija
импозантан	impozǎntan
импозантно	impozǎntno
импозантност	impozǎntnoːst
импорт	ǐmport
импортирати	importǐːrati
импотентан	impotěntan
импотентно	impotěntno
импотентност	impotěntnoːst
импотенција	impotěntsija
импрегнација	impregnǎːtsija
импрегнирати	impregnǐːrati
импресиван	împresiːʋan
импресивно	împresiːʋno
импресиониран	impresiǒniran
импресионирати	impresionǐːrati
импресија	imprěsija
импровизатор	improʋǐzaːtor
импровизација	improʋizǎːtsija
импровизовати	improvizovati
импулзиван	împulziːʋan
импулзивац	impulzǐːʋats
импулзивно	împulziːʋno
импулзивност	impulzǐːʋnoːst
импулс	ǐmpuls
импулсан	ǐmpulsan
импутација	imputǎːtsija
импутирати	imputǐːrati
имун	îmuːn
имунизација	imunizǎːtsija
имунизирати	imunizǐːrati
имунитет	imunǐteːt
имунологија	imunolǒgija
имунолошки	imunǒloʃki
имунолошки	imunǒloʃkiː
имуност	ǐmuːnoːst
имућан	îmuːtɕan
имућност	îmuːtɕnoːst
инадекватан	înadekʋatan
инат	ǐnaːt
инатити	inǎːtiti
инатљив	inǎtʎiʋ
инатљиво	inǎtʎiʋo
инаугуралан	înauguraːlan
инаугуратор	inaugǔraːtor
инаугурација	inaugurǎːtsija
инаугурирати	inaugurǐːrati
иначе	înaːtʃe
инвазија	ǐnʋaːzija
инвазијски	ǐnʋaːziːjskiː
инвалид	inʋǎliːd
инвалидитет	inʋalidǐteːt
инвалидски	inʋǎliːdskiː
инвектива	inʋektǐːʋa
инвентиван	înʋentiːʋan
инвентивно	înʋentiːʋno
инвентивност	inʋentǐːʋnoːst
инвенција	inʋěntsija
инверзан	inʋěrzan
инвестирати	inʋestǐːrati
инвеститор	inʋěstiːtor
инвестиција	inʋestǐːtsija
инвестицијски	inʋestǐːtsiːjskiː
ингениозан	îngenioːzan
индивидуа	indiʋǐːdua
индивидуалан	îndiʋiduaːlan
индивидуализам	indiʋidualǐzam
индивидуалистички	indiʋidualǐstitʃki
индивидуалистички	indiʋidualǐstitʃkiː
индивидуално	îndiʋiduaːlno
индивидуалност	indiʋiduǎːlnoːst
индивидуум	indiʋǐːduum
индикатив	îndikatiːʋ
индикација	indikǎːtsija
индиректан	îndirektan
индиректно	îndirektno
индискретан	îndiskretan
индискретно	îndiskretno
индискреција	indiskrěːtsija
индиспониран	indispǒniːran
индиспонирано	indispǒniːrano
индиција	ǐndiːtsija
индија	ǐndija
индијанац	indijǎːnats
индијанка	indǐjaːnka
индијански	indǐjaːnski
индијански	indǐjaːnskiː
индијац	indǐːjats
индијски	ǐndiːjski
индијски	ǐndiːjskiː
индоевропски	indoěʋroːpskiː
индоктринација	indoktrinǎːtsija
индолентан	indolěntan
индолентно	indolěntno
индолентност	indolěntnoːst
индоленција	indolěntsija
индолог	indǒlog
индолошки	indǒloʃki
индолошки	indǒloʃkiː
индонежанин	indoněːʒanin
индонезија	indǒneːzija
индонезијски	indǒneːziːjskiː
индуктиван	înduktiːʋan
индуктивно	înduktiːʋno
индукција	indǔktsija
индустрија	indǔstrija
индустријски	indǔstriːjski
индустријски	indǔstriːjskiː
инертан	iněrtan
инертно	iněrtno
инерција	iněrtsija
инжењер	inʒěɲeːr
инжењерски	inʒěɲeːrski
инжењерски	inʒěɲeːrskiː
иницијал	initsǐjaːl
иницијалан	înitsijaːlan
иницијално	înitsijaːlno
иницијатива	initsijatǐːʋa
иницијатор	initsǐjaːtor
инкарнација	inkarnǎːtsija
инквизитор	inkʋǐziːtor
инквизиторски	inkʋǐziːtorskiː
инквизиција	inkʋizǐːtsija
инклинација	inklinǎːtsija
инкомпатибилан	înkompatibiːlan
инкомпатибилно	înkompatibiːlno
инкорпорација	inkorporǎːtsija
инкриминација	inkriminǎːtsija
инкубатор	inkǔbaːtor
инкубација	inkubǎːtsija
инкунабула	inkunǎbula
иновативан	înoʋatiːʋan
иновација	inoʋǎːtsija
иновирати	inoʋǐːrati
иноземни	înozeːmniː
инокулација	inokulǎːtsija
иностранство	inostrǎːnstʋo
инсекат	ǐnsekat
инсект	ǐnsekt
инсектицид	insektǐtsiːd
инсолвентан	insolʋěntan
инспектор	ǐnspektor
инспекција	inspěktsija
инспекцијски	inspěktsiːjskiː
инспирација	inspirǎːtsija
инспирирати	inspirǐːrati
инсталација	instalǎːtsija
инстинкт	ǐnstinkt
инстинктиван	înstinktiːʋan
инстинктивно	înstinktiːʋno
институт	instǐtuːt
институтски	instǐtuːtskiː
институција	institutsja
институција	institǔːtsija
инструктиван	înstruktiːʋan
инструктор	ǐnstruktor
инструкција	instrǔktsija
инструкције	instruktsijɛ
инструмент	instrumˈɛnt
интегралан	întegraːlan
интегрално	întegraːlno
интеграција	integrǎːtsija
интелект	intělekt
интелектуалан	întelektuaːlan
интелектуалац	intelektuǎːlats
интелектуализам	intelektualǐzam
интелектуалка	intelektǔaːlka
интелектуално	întelektuaːlno
интелигентан	inteligěntan
интелигентно	inteligěntno
интелигенција	inteligěntsija
интензиван	întenziːʋan
интензивно	întenziːʋno
интензитет	intenzǐteːt
интеракција	interǎktsija
интервал	intěrʋaːl
интервенција	interʋěntsija
интервју	intěrʋjuː
интерес	întereːs
интересантан	interessantaˈn
интересантан	interesǎntan
интересантно	interesǎntno
интересантност	interesantnɔst
интеријер	interǐjeːr
интернационалан	înternatsionaːlan
интернационализам	internatsionalǐzam
интернационалист	internatsionǎlist
интернет	înternet
интерни	înteːrniː
интернист	intěrnist
интерпретаторка	interprětaːtorka
интерпретер	intěrpreter
интиман	întiːman
интимне	intiˈmni
интимно	întiːmno
интимност	intǐːmnoːst
интонација	intonǎːtsija
интравенозан	intraʋěnoːzan
интравенозно	intraʋěnoːzno
интрига	ǐntriːga
интригантан	intrigǎntan
интригантно	intrigǎntno
интроспективан	introspěktiːʋan
интроспекција	introspěktsija
интуитиван	întuitiːʋan
интуитивно	întuitiːʋno
интуиција	intuǐːtsija
инфаман	ǐnfaːman
инфантилан	înfantiːlan
инфантилизам	infantilǐzam
инфантилно	înfantiːlno
инфаркт	ǐnfarkt
инфекција	infěktsija
инфериоран	înferioːran
инфериорно	înferioːrno
инфинитив	înfinitiːʋ
инфлација	inflǎːtsija
инфлацијски	inflǎːtsiːjski
инфлацијски	inflǎːtsiːjskiː
инфлексија	inflěksija
инфлоресценција	inflorestsěːntsija
информативан	înformatiːʋan
информативно	înformatiːʋno
информатика	informǎtika
информатичар	informǎtitʃaːr
информација	informǎːtsija
информирати	informǐːrati
информисан	imformissan
информисања	imformizsaɲa
инфраструктура	infrastruktǔːra
инфраструктурни	infrastrǔktuːrniː
инфрацрвен	ǐnfratsr̩ʋen
инфузија	ǐnfuːzija
инхалатор	inxǎlaːtor
инхалација	inxalǎːtsija
инхерентан	inxerěntan
инхибиција	inxibǐːtsija
инцест	ǐntsest
инцестуозан	întsestuoːzan
инцидент	intsǐdent
инч	întʃ
иншалах	ǐnʃalaːx
инјекција	injěktsija
инћун	ǐntɕuːn
иоле	îole
ионако	ionǎkoː
ипак	îpaːk
ирак	ǐraːk
иран	ǐraːn
иранац	irǎːnats
ирански	ǐraːnskiː
ирац	ǐːrats
ирационалан	îratsionaːlan
ирационализам	iratsionalǐzam
ирационално	îratsionaːlno
ирачанин	irǎːtʃanin
ирачанка	irǎːtʃaːnka
ирачки	ǐraːtʃki
ирачки	ǐraːtʃkiː
иреалан	îreaːlan
иреално	îreaːlno
иреалност	ireǎːlnoːst
иреверзибилан	îreʋerzibiːlan
иреверзибилност	ireʋerzibǐːlnoːst
ирегуларан	îregulaːran
иредентизам	iredentǐzam
ирелевантан	ireleʋǎntan
ирелевантно	ireleʋǎntno
иригација	irigǎːtsija
иритација	iritǎːtsija
иритирати	iritǐːrati
ироничан	irǒnitʃan
иронично	irǒnitʃno
иронија	iɾˈoːnija
ирска	îːrskaː
ирски	jrski
ирски	îːrskiː
ирха	ǐrxa
иселити	isěliti
исецати	isěːtsati
исељавати	iseʎǎːʋati
исећи	ǐsetɕi
исијецати	isijěːtsati
исказати	iskǎːzati
исказивати	iskazǐːʋati
исказница	ǐskaznitsa
искакати	iskǎːkati
искалити	iskǎːliti
искати	ǐskati
искашљавати	iskaʃʎǎːʋati
искашљати	iskǎʃʎati
искаљивати	iskaʎǐːʋati
искварити	iskʋǎːriti
искидати	iskǐːdati
искидати	ǐskidati
искитити	ǐskititi
искон	ǐskon
исконски	ǐskonskiː
ископавати	iskopǎːʋati
ископати	iskǒpati
искорак	îskoraːk
искоренити	iskorěːniti
искорењивати	iskoreɲǐːʋati
искористив	iskorǐstiʋ
искористивост	iskorǐstiʋoːst
искористити	iskorǐstiti
искориштавати	iskoriʃtǎːʋati
искоријенити	iskorjěːniti
искорјењивати	iskorjeɲǐːʋati
искочити	iskǒtʃiti
искра	îskra
искрадати	iskrǎːdati
искрасти	ǐskrasti
искрвавити	iskrʋǎːʋiti
искрварити	iskrʋǎːriti
искрен	îskren
искрено	îskreno
искреност	îskrenoːst
искрити	îskriti
искрица	îskritsa
искричав	îskritʃaʋ
искричаво	îskritʃaʋo
искрцавати	iskr̩tsǎːʋati
искрчивати	iskr̩tʃǐːʋati
искусан	îskuːsan
искусити	iskǔːsiti
искуствен	iskǔstʋen
искуство	iskǔːstʋo
искушавати	iskuʃǎːʋati
искушати	ǐskuʃati
искључив	iskʎǔtʃiʋ
искључивати	iskʎutʃǐːʋati
искључиво	iskiutʃivo
искључиво	iskʎǔtʃiʋo
искључивост	iskʎǔtʃiʋoːst
искључити	iskʎǔːtʃiti
ислам	ǐslaːm
исламизација	islamizǎːtsija
исламизирати	islamizǐːrati
исламски	ǐslaːmski
исламски	ǐslaːmskiː
исланд	ǐsland
исландски	ǐslandskiː
исланђанин	islǎːndʑanin
исмејавати	ismejǎːʋati
исмејати	ismějati
исмијавати	ismijǎːʋati
исмијати	ismǐjati
испадати	ǐspadati
испасти	ǐspasti
испатити	ǐspatiti
испећи	ǐspetɕi
испилити	ispǐːliti
испирати	ǐspirati
исписати	ispǐːsati
исписивати	ispisǐːʋati
испит	ispet
испит	ǐspit
испитати	ispǐːtati
испити	ǐspiti
испитивалац	ispitǐʋalats
испитивати	ispitǐːʋati
испитивач	ispitǐʋaːtʃ
испитивачки	ispitǐʋaːtʃkiː
испитивање	ispitǐːʋaːɲe
испитни	ǐspitniː
испијати	ispǐːjati
исплата	îsplata
исплатив	isplǎtiʋ
исплативост	isplǎtiʋoːst
исплатити	isplǎːtiti
исплаћивати	isplatɕǐːʋati
исплести	ǐsplesti
исплетати	ǐspletati
испливати	ǐspliʋati
испловити	isplǒʋiti
исповед	îspoʋeːd
исповест	ǐspoʋeːst
исповијед	îspoʋjeːd
исповијест	ǐspoʋjeːst
испод	îspod
испомоћ	îspomoːtɕ
испорука	îsporuka
испоручивати	isporutʃǐːʋati
испоручити	isporǔːtʃiti
испоставити	ispǒstaʋiti
испостављати	ispǒstaʋʎati
исправа	îspraʋa
исправак	ǐspraʋak
исправан	îspraːʋan
исправити	ǐspraʋiti
исправљати	ǐspraʋʎati
испражњавати	ispraʒɲǎːʋati
испразан	îspraːzan
испразнити	isprǎːzniti
испрати	ǐsprati
испред	îspred
испрести	ǐspresti
испричавати	ispritʃǎːʋati
испричате	ispriŋtʃate
испричати	isprǐːtʃati
испробати	isprǒːbati
испрљати	ispřːʎati
испунило	isˈpˈunilo
испунити	ǐspuniti
испустити	ispǔstiti
испухати	ispǔːxati
испушити	ǐspuʃiti
испуштати	ispǔːʃtati
испуњавати	ispuɲaˈvati
испуњавати	ispuɲǎːʋati
испуњив	ispǔɲiʋ
истакнут	ǐstaknuːt
истакнути	istǎknuti
истакнутост	ǐstaknuːtoːst
истанбул	ǐstanbul
истапати	istǎːpati
истарски	îstarski
истарски	îstarskiː
истаћи	ǐstatɕi
истека	istɛka
истеку	istɛku
истеравати	isterǎːʋati
истерати	ǐsterati
истеривати	isterǐːʋati
исти	istɪ
исти	îstiː
истина	îstina
истинит	îstinit
истинољубив	istinoʎǔbiʋ
истинољубивост	istinoʎǔbiʋoːst
истинољубље	îstinoʎuːbʎe
истински	îstiːnski
истински	îstiːnskiː
истицати	ǐstitsati
исто	istɔ
истобојан	îstoboːjan
истовар	îstoʋaːr
истоваривати	istoʋarǐːʋati
истоваривач	istoʋarǐʋaːtʃ
истоварити	istǒʋariti
истоверац	istǒʋerats
истоветан	istǒʋetan
истоветност	istǒʋetnoːst
истовремено	istǒʋremeno
истоврстан	istǒʋrstan
истовјерац	istǒʋjerats
истовјетан	istǒʋjetan
истовјетност	istǒʋjetnoːst
истодобан	istǒdoban
истодобно	istǒdobno
истодобност	istǒdobnoːst
истозначан	istǒznatʃan
истоимен	istǒimen
исток	istɔk
исток	ǐstok
истокрван	îstokrːʋan
истомишљеник	istǒmiʃʎeniːk
истомишљеништво	istǒmiʃʎeniːʃtʋo
истопити	istǒpiti
историја	ǐstoːrija
истородан	îstorodan
истородност	îstorodnoːst
истосмеран	îstosmeːran
истосмерно	îstosmeːrno
истосмјеран	îstosmjeːran
истосмјерно	îstosmjeːrno
источни	ǐstotʃniː
источно	ǐstotʃno
источњак	ǐstotʃɲaːk
истра	îstra
истрага	îstraga
истраживати	istraʒǐːʋati
истраживач	istraʒǐʋaːtʃ
истраживачки	istraʒǐʋaːtʃkiː
истраживање	istraʒivaɲiɛ
истраживање	istraʒǐːʋaːɲe
истражитељ	istrǎʒiteʎ
истражити	istrǎːʒiti
истранин	îstranin
истребити	istrěːbiti
истребљење	istrebʎěːɲe
истребљивати	istrebʎǐːʋati
истребљивач	istrebʎǐʋaːtʃ
истренирати	istrenǐːrati
истријебити	istrjěːbiti
истрошен	ǐstroʃen
истрошити	istrǒʃiti
иступати	istǔːpati
иступити	istǔːpiti
истући	ǐstuːtɕi
истјеравати	istjerǎːʋati
истјерати	ǐstjerati
истјеривати	istjerǐːʋati
исус	ǐsus
исуса	iːsusa
исусове	isusovɛ
исушивати	isuʃǐːʋati
исушити	isǔːʃiti
исхабати	ǐsxabati
исход	ǐsxod
исходиште	ǐsxodiːʃte
исхрана	îsxrana
исцедак	ǐstsedak
исцедити	istsěːditi
исцелитељ	istsěliteʎ
исцелити	istsěːliti
исцеђивати	istsedʑǐːʋati
исцељивати	istseʎǐːʋati
исциједити	istsijěːditi
исцијелити	istsijěːliti
исцрпан	îstsr̩pan
исцрпно	ǐstsr̩pno
исцрпљивати	istsr̩pʎǐːʋati
исцуривати	istsurǐːʋati
исцурити	istsǔːriti
исцједак	ǐstsjedak
исцјелитељ	istsjěliteʎ
исцјеђивати	istsjedʑǐːʋati
исцјељивати	istsjeʎǐːʋati
исјећи	ǐsjetɕi
италија	ǐtaːlija
италијан	italǐjaːn
италијан	italˈian
италијанка	italǐjaːnka
италијански	italǐjaːnski
италијански	italǐjaːnskiː
италски	ǐtalskiː
итеративан	îteratiːʋan
итко	îtko
их	ix
ихтиолог	ixtiǒlog
ихтиологија	ixtiolǒgija
ихтиолошки	ixtiǒloʃkiː
ич	itʃ
ичији	îtʃijiː
ишао	iʃau̯
ишао	iːʃa
ишарати	iʃǎːrati
ишарет	iʃǎːret
ишибати	îʃibati
ишта	îʃta
иштван	îʃtʋaːn
ишчупати	iʃtʃǔpati
иједанпут	ijedǎnput
иједном	ijědnoːm
ијекавац	ijěːkaʋats
ијекавица	ijěːkaʋitsa
ијекавка	ijěːkaːʋka
ијекавски	ijěːkaʋski
ијекавски	ijěːkaʋskiː
ијекавчев	ijěːkaʋtʃeʋ
ијекавштина	ijekǎːʋʃtina
иње	îːɲe
ићи	ǐtɕi
к	k
ка	kaːm
каба	kǎːba
кабао	kǎbao
кабаре	kabarêː
кабарет	kabǎret
кабел	kǎːbel
кабила	kabǐla
кабул	kǎːbul
кава	kâːʋa
кавана	kaʋǎna
кавга	kauˈga
кавга	kâːʋga
кавез	kǎʋez
кавказ	kǎʋkaz
кавкаски	kǎʋkaskiː
кад	kâd
кад	kâːd
када	kǎda
када	kǎːda
када	kˈadɐ
каденца	kaděntsa
кадет	kǎdeːt
кадеш	kǎdeʃ
кадило	kǎdilo
кадионица	kǎdionitsa
каже	kaʒe
кажете	kaʒate
кажипрст	kaʒɨprst
кажипрст	kaːʒiːprst
кажипрст	kǎʒiprst
кажњавати	kaʒɲǎːʋati
кажњеник	kâʒɲeniːk
кажњив	kǎʒɲiʋ
казалишни	kǎzaliːʃniː
казалиште	kǎzaliːʃte
казало	kǎzalo
казан	kǎzan
казати	kǎːzati
казахстан	kâzaxstaːn
казаљка	kǎzaːʎka
казивати	kazǐːʋati
казна	kâzna
казнени	kǎzneniː
казнено	kǎzneno
казнити	kâzniti
каин	kǎin
каиро	kǎiro
каиш	kaʲiʂ
каиш	kǎiʃ
какав	kǎkaːʋ
какаовац	kǎkaoʋats
какви	kakvi
каквоћа	kakʋǒtɕa
како	kâko
како	kǎko
какофоничан	kakofǒnitʃan
какофонично	kakofǒnitʃno
какофонија	kakofǒnija
кал	kâːl
калај	kalˈaj
калај	kǎlaj
калварија	kǎlʋaːrija
калвинизам	kalʋinǐzam
калем	kǎlem
калемити	kǎlemiti
калиграфија	kaligrǎfija
калити	kǎːliti
калиф	kǎliːf
калифорнија	kalifǒrnija
калифорнијски	kalifǒrniːjskiː
калк	kâlk
калкирати	kalkǐːrati
калкулатор	kalkǔlaːtor
калкулација	kalkulǎːtsija
калокагатија	kalokagǎtija
калуп	kǎlup
калуђер	kǎludʑer
калцијум	kaltsium
кам	kâːm
кама	kâma
кама	kâːma
камата	kâmata
каматни	kâmatniː
камбоџа	kambǒdʒa
камбоџански	kambǒdʒaːnskiː
камелеон	kameleõn
камелеон	kamelěoːn
камен	kâmeːn
каменац	kaměːnats
камени	kâmeniː
каменит	kaměnit
каменовати	kâmenoʋati
каменолом	kamenǒlom
камерун	kâmeruːn
камерунац	kamerǔːnats
камерунски	kâmeruːnskiː
камење	kǎmeːɲe
камила	kaːmiːwa
камила	kǎmila
камин	kǎmiːn
камион	kamǐoːn
камионски	kamǐoːnskiː
камионџија	kamiǒndʒija
камичак	kamǐːtʃak
камо	kâmo
камоли	kamɔli
камоли	kâmoli
кампанологија	kampanolǒgija
кампања	kampǎɲa
кампидољ	kampǐdoʎ
кампидољски	kampǐdoʎskiː
кампирати	kampǐːrati
кампућија	kampǔtɕija
камрикуша	kamrikuʃa
камуфлажа	kamuflǎːʒa
кан	kâːn
кана	kâna
кана	kǎna
канабис	kǎnabis
канада	kǎnada
канадски	kǎnadskiː
канал	kǎnaːl
канализација	kanalizǎːtsija
канализирати	kanalizǐːrati
каналски	kǎnaːlskiː
канап	kǎnaːp
канаринац	kanarǐːnats
канађанин	kanǎːdʑanin
канађанка	kanǎːdʑaːnka
кандела	kandɛla
кандидат	kandǐdaːt
кандидатура	kandidatǔːra
кандидирати	kandidǐːrati
кандило	kǎndilo
канибал	kǎnibal
канибализам	kanibalǐzam
канити	kǎːniti
канта	kǎːnta
кантата	kantat
кантонски	kantunski
кантонски	kǎntonskiː
кану	kǎnuː
канцелар	kantsělaːr
канцеларија	kantselǎrija
канцероген	kântserogeːn
канцерозан	kântseroːzan
канџа	kâːndʒa
канџија	kǎndʒija
као	kâo
каолин	kaǒliːn
каолинит	kaolǐniːt
каос	kâos
каотичан	kaǒtitʃan
каотично	kaǒtitʃno
капа	kâpa
капати	kâpati
капацитет	kapatsǐteːt
капела	kapěːla
капелан	kapělaːn
капелица	kapěːlitsa
капетан	kapětaːn
капилара	kapilǎːra
капирати	kapǐːrati
капиталан	kâpitaːlan
капиталистички	kapitalǐstitʃki
капиталистички	kapitalǐstitʃkiː
капитално	kâpitaːlno
капитулација	kapitulǎːtsija
капитулирати	kapitulǐːrati
капица	kâpitsa
капија	kǎpija
каплар	kâplaːr
капнути	kâpnuti
каприц	kǎprits
каприциозан	kâpritsioːzan
каприциозно	kâpritsioːzno
каприциозност	kapritsiǒːznoːst
капура	kǎpura
капут	kǎpuːt
капуљача	kapǔʎatʃa
капљица	kâpʎitsa
караван	karǎʋaːn
каравана	karaʋǎna
каравански	karǎʋaːnskiː
карактеран	karǎkteːran
карактеристика	karakterǐstika
карактеристика	karaktɛristika
карактеристичан	karakterǐstitʃan
карантена	karantěːna
каранфил	karaːnfil
каранфил	karǎnfil
каранфилић	karanfǐlitɕ
карати	kaːraːti
карати	kǎːrati
карбоксилан	kârboksiːlan
карбонат	karbǒnaːt
кардинал	kardǐnaːl
кардиналски	kardǐnaːlski
кардиналски	kardǐnaːlskiː
кардиолог	kardiǒlog
кардиологија	kardiolǒgija
кардиолошки	kardiǒloʃki
кардиолошки	kardiǒloʃkiː
каризма	karǐzma
каризматичан	karizmǎtitʃan
каризматично	karizmǎtitʃno
каризматичност	karizmǎtitʃnoːst
карика	kǎrika
карикатура	karikatǔːra
карикатурист	karikatǔrist
карикатуристички	karikaturǐstitʃkiː
карипски	kǎripskiː
кариран	kǎriːran
каријера	karijěːra
каријес	kâːrijes
карлица	kǎrlitsa
карловац	kâːrloʋats
карловци	karlo˩˥ːtsi
карловци	kɑrlovtsi
карма	kârma
кармелићанин	karmelǐːtɕanin
кармелићанка	karmelǐːtɕaːnka
карневал	karněʋaːl
карневалски	karněʋaːlski
карневалски	karněʋaːlskiː
каросерија	karosěrija
карпати	karpǎːti
карпатски	kǎrpaːtskiː
карпуза	kǎrpuza
карта	kart̪a
карта	kâːrta
картати	kâːrtati
карташ	kǎrtaːʃ
картел	kǎrtel
картица	kǎrtitsa
картограф	kartǒgraf
картографија	kartogrǎfija
картографски	kartǒgrafski
картографски	kartǒgrafskiː
картон	kǎrtoːn
картонски	kǎrtoːnskiː
карфиол	kaɾfiol
карцином	kartsǐnoːm
кас	kâːs
касаба	kasǎba
касан	kâsan
касапин	kǎsapin
касарна	kǎsaːrna
касати	kâsati
касијан	kǎsijan
каскада	kaskǎːda
каскати	kâskati
каснити	kǎsniti
касније	kǎsnijeː
касно	kastno
касно	kâsno
каспијски	kǎspiːjskiː
кат	kât
катаболизам	katabolǐzam
катакана	katakǎna
каталог	katǎlog
каталонац	katalǒːnats
каталонија	katǎloːnija
каталонски	katǎloːnskiː
катанац	kǎtanats
катапулт	katǎpult
катапултирати	katapultǐːrati
катар	kâtar
катарза	katǎrza
катастрофалан	katastrofalɛn
катастрофалан	kâtastrofaːlan
катастрофално	kâtastrofaːlno
категоричан	kategǒritʃan
категорички	kategǒritʃki
категорички	kategǒritʃkiː
категорија	kategǒrija
катедра	kǎteːdra
катедрала	katedrǎːla
катекизам	katekǐzam
катета	katěːta
катехета	katexěːta
катић	katitʃ
каткад	kǎtkad
каткада	kǎtkada
катода	katǒːda
катодни	kǎtoːdniː
католик	kâtoliːk
католицизам	katolitsǐzam
католичанство	katolitʃǎːnstʋo
католички	kâtolitʃkiː
катран	kǎtran
катрански	kǎtranskiː
каубој	kǎuboj
каубојски	kǎubojski
каубојски	kǎubojskiː
каузалан	kâuzaːlan
каузативан	kâuzatiːʋan
каук	kǎuk
кауч	kau̯tʃ
кафа	kǎfa
кафа	kˈafɐ
кафана	kafǎna
кафтан	kǎftan
кахла	kâxla
кахлица	kâxlitsa
кацига	kǎtsiga
качкет	kartʃket
качкет	kǎtʃkeːt
каша	kâʃa
кашика	kǎʃika
кашупски	kǎʃupskiː
кашљати	kǎʃʎati
кајак	kâjaːk
кајати	kâjati
кајгана	kâjgana
кајиш	kǎjiʃ
кајкавац	kǎjkaʋats
кајкавски	kǎjkaʋski
кајкавски	kǎjkaʋskiː
кајкавштина	kajkǎːʋʃtina
кајмак	kaːjmak
кајмак	kǎjmak
кајсија	kǎjsija
каљуга	kǎʎuga
каљужа	kǎʎuʒa
кањон	kǎɲoːn
квадрант	kʋǎdrant
квадрат	kvaːdrat
квадрат	kʋǎdraːt
квадрате	kvadraːtɛ
квадратни	kʋǎdraːtniː
квака	kʋâka
квалитативан	kʋâlitatiːʋan
квалитет	kvalitˈɛt
квалитетан	kʋâliteːtan
квалитету	kvalitɛːtu
квалификација	kʋalifikǎːtsija
квалификован	kvalifikovan
квант	kʋânt
квантитативан	kʋântitatiːʋan
квантитативно	kʋântitatiːʋno
квантитет	kʋantǐteːt
квантитета	kʋantitěːta
квантни	kʋântniː
квар	kʋâːr
кваран	kʋǎːran
кварити	kʋǎːriti
кварк	kʋârk
кварт	kvɑrt
кварт	kʋârt
квартал	kʋǎrtaːl
квартални	kʋǎrtaːlniː
квартално	kʋǎrtaːlno
квартет	kʋǎrteːt
кварц	kvart
кварц	kʋârts
квас	kʋâːs
квасац	kʋǎːsats
квасити	kʋâsiti
квачило	kʋâtʃilo
квачица	kʋâtʃitsa
квебек	kʋebêk
квекер	kʋêker
квибек	kʋibêk
квинтет	kʋǐnteːt
квислинг	kʋǐsling
квислиншки	kʋǐslinʃki
квислиншки	kʋǐslinʃkiː
кворум	kʋǒːrum
квота	kʋǒːta
кврагу	kʋrâːgu
кврга	kʋr̂ga
кекс	kêks
келвин	kělʋiːn
келнер	kêlner
келт	kêlt
келткиња	kêltkiɲa
келтски	kěltskiː
кемичар	kěmitʃaːr
кемичарка	kěmitʃaːrka
кемија	kěːmija
кемијски	kěːmiːjskiː
кенгур	kênguːr
кенија	kêːnija
кенијац	kenǐːjats
кенијски	kêːniːjskiː
кентаур	kentǎur
кепец	kěpets
кер	kêːr
керамика	kerǎmika
керамичар	kerǎmitʃaːr
керамичарка	kerǎmitʃaːrka
керамички	kerǎmitʃkiː
кербер	kêrber
керозин	kerǒziːn
кеса	kêsa
кесити	kěːsiti
кестен	kêsteːn
кестенов	kêsteːnoʋ
кестењаст	kêsteɲast
кец	kêːts
кецеља	kětseʎa
кечап	kětʃap
кечеви	kěːtʃeʋi
кечига	kětʃiga
кеш	kæˈʃ
кеш	kêʃ
кељ	kêʎ
кењати	kěːɲati
кењац	kěːɲats
кибернетика	kibernětika
кибла	kǐːbla
киван	kǐːʋan
кивно	kîːʋno
кивност	kǐːʋnoːst
кивња	kǐːʋɲa
кидати	kîdati
киднапер	kidnǎpeːr
киднапирати	kidnapǐːrati
киклоп	kǐklop
киклопски	kǐklopski
киклопски	kǐklopskiː
кикотати	kikǒtati
килобајт	kîlobajt
килограм	kîlogram
ким	kîm
ким	kîːm
киме	kǐːme
кина	kǐːna
кинез	kǐneːz
кинески	kǐneːski
кинески	kǐneːskiː
кинин	kǐniːn
кинологија	kinolǒgija
кинта	kîːnta
кинути	kǐːnuti
кип	kîːp
кипар	kîpar
кипер	kîper
кипети	kǐːpeti
киптети	kǐpteti
киптјети	kǐptjeti
кипјети	kǐːpjeti
киргистан	kîrgistaːn
кирија	kǐrija
кисао	kîsao
киселина	kiselǐna
киселина	kisilina
кисеоник	kiseǒniːk
кисик	kǐsiːk
кисмет	kǐsmet
киснути	kîsnuti
кист	kîst
кит	dˌitˈ
кита	kîta
китити	kijtˈiti
китити	kîtiti
китов	kǐtoʋ
китолов	kîtoloʋ
китоловац	kitolǒːʋats
кифла	kǐːfla
кихати	kǐːxati
кихнути	kǐːxnuti
кич	kîtʃ
кичма	kîːtʃma
кичмени	kǐtʃmeniː
киша	kîʃa
кишан	kǐʃan
кишити	kǐːʃiti
кишница	kîʃnitsa
кишобран	kîʃobraːn
кишобранар	kiʃobrǎnaːr
кишовит	kiʃǒʋit
киштра	kîʃtra
кијамет	kijǎːmet
кијев	kîjeʋ
кићен	kîtɕen
клавир	klǎʋiːr
клавирист	klaʋǐrist
клавиристица	klaʋǐristitsa
клавиристкиња	klaʋǐristkiɲa
клавијатура	klaʋijatǔːra
клада	klâda
кладиво	klâdiːʋo
кладити	klâditi
кланац	klǎːnats
клаоница	klaǒːnitsa
кларинет	klariːnɛt
кларинет	klarǐneːt
клас	klâːs
класа	klassa
класа	klǎsa
класик	klǎsik
класификација	klasifikǎːtsija
класичан	klǎsitʃan
класни	klâsniː
клати	klâti
клатно	klǎːtno
клаун	klâun
клањати	klâɲati
клаћу	klatʃu
клевета	klěʋeta
клеветати	klevet̪ati
клемпав	klêmpaʋ
клен	klên
клептоман	kleptǒmaːn
клептоманија	kleptomǎnija
клептоманка	kleptǒmaːnka
клептомански	kleptǒmaːnski
клептомански	kleptǒmaːnskiː
клетва	klêːtʋa
клети	klêːti
клети	klêːtiː
клешта	klěːʃta
клизав	klîzaʋ
клизавост	klîzaʋoːst
клизак	klîzak
клизалиште	klǐzaliːʃte
клизати	klǐːzati
клизач	klǐzaːtʃ
клизаљка	klǐːzaːʎka
клизити	klǐːziti
клизиште	klîziːʃte
клизнути	klǐːznuti
клик	klîk
кликер	klǐker
кликнути	klîknuti
кликтати	klǐktati
клима	klǐːma
климав	klîmaʋ
климакс	klǐmaks
климактеријски	klimǎkteːriːjski
климактеријски	klimǎkteːriːjskiː
климатологија	klimatolǒgija
клин	klîn
клинац	klînats
клинка	klîːnka
клинч	klimʃ
клинч	klîntʃ
клип	klîːp
клипа	klîpa
клипан	klǐpan
клипњача	klǐpɲatʃa
клисура	klǐsura
клиторис	klǐtoːris
клицати	klîtsati
клише	klǐʃeː
клијент	klient
клијента	klienta
клијешта	kljěːʃta
клињо	klǐːɲo
клобук	klǒbuːk
клобучар	klǒbutʃaːr
клокан	klǒkan
клонити	klǒniti
клонулост	klǒnuloːst
клопа	klǒːpa
клопати	klǒːpati
клопка	klôpka
клорофил	klorǒfiːl
клороформ	klôroform
клошар	klǒʃaːr
клуб	klûːb
клупа	klǔːpa
клупко	klûpko
клупски	klûːpskiː
кмет	kmêt
кметица	kmětitsa
кметство	kmětstʋo
кнегиња	kněgiɲa
кнежев	knêːʒeʋ
кнежевина	kněːʒeʋina
кнез	knêːz
кнут	knût
ко	ho
ко	kô
коjа	koja
коагулација	koagulǎːtsija
коаксијалан	kôaksijaːlan
коалирати	koalǐːrati
коалиција	koalǐːtsija
коаутор	koǎutor
коауторски	koǎutorski
коауторски	koǎutorskiː
коауторство	koautǒːrstʋo
коб	kôːb
кобалт	kɔbalt
кобан	kôːban
кобасица	kobǎsitsa
кобац	kǒːbats
кобајаги	kobajǎgi
кобилица	kǒbilitsa
кобиљи	kǒbiʎiː
кобно	kôːbno
кобра	kôbra
ковак	kôʋak
кованица	koʋǎnitsa
ковара	kǒʋara
коварнути	koʋǎːrnuti
ковати	kǒʋati
ковач	kɔvatʃ
ковачевац	koʋǎːtʃeʋats
ковачевачки	koʋǎːtʃeʋatʃkiː
ковачица	koʋǎtʃitsa
ковачићевац	kôʋatʃitɕeʋats
ковачићи	kôʋatʃitɕi
ковачићки	kôʋatʃitɕkiː
ковачница	kǒʋaːtʃnitsa
коверта	kǒʋeːrta
ковертирати	koʋertǐːrati
ковин	kovin
ковинотокар	kôʋinotokaːr
ковитлати	koʋǐtlati
ковитлац	koʋǐtlats
ковиље	kôʋiːʎe
ковница	kǒːʋnitsa
ковртач	koʋřtaːtʃ
коврча	kǒʋr̩tʃa
коврчав	kǒʋr̩tʃaʋ
коврчавост	koʋřtʃaʋoːst
коврчаст	kǒʋr̩tʃast
коврчица	kǒʋrtʃitsa
коврџа	kǒʋr̩dʒa
коврџав	kǒʋr̩dʒaʋ
коврџаст	kǒʋr̩dʒast
ковчег	kǒʋtʃeg
ковчежина	kǒʋtʃeʒina
ковчежић	kǒʋtʃeʒitɕ
ког	kôg
кога	kǒga
кога	kɔga
когнитиван	kôgnitiːʋan
когод	kǒgod
код	kôd
код	kôːd
кодекс	kǒdeks
кодификација	kodifikǎːtsija
коду	kɔdu
коегзистенција	koegzistěntsija
коефицијенат	koefitsǐjenat
коефицијент	koefitsǐjent
кожа	kôʒa
кожар	kôʒaːr
кожара	kǒʒara
кожарница	kǒʒaːrnitsa
кожарски	kôʒarski
кожарски	kôʒarskiː
кожарство	koʒǎːrstʋo
кожица	kôʒitsa
кожнат	kǒʒnat
кожни	kôʒniː
кожун	kǒʒuːn
кожурица	kǒʒuritsa
кожух	kǒʒux
коза	kosa
коза	kǒza
козак	kǒzaːk
козар	kǒzaːr
козарац	kozǎːrats
козарац	kǒzarats
козарачки	kǒzaratʃkiː
козаревац	kozǎːreʋats
козаревачки	kozǎːreʋatʃkiː
козаревчанин	kozǎːreʋtʃanin
козарење	kozǎːreːɲe
козарити	kozǎːriti
козарски	kǒzaːrski
козарски	kǒzaːrskiː
козарство	kozǎːrstʋo
козарчанин	kozǎːrtʃanin
козачки	kǒzaːtʃki
козачки	kǒzaːtʃkiː
козер	kǒzeːr
козерија	kozěːrija
козерство	kozěːrstʋo
козетина	kozětina
козетина	kǒzetina
козина	kôzina
козиншчак	kozǐnʃtʃaːk
козити	kǒziti
козица	kǒzitsa
козице	kǒzitse
козичав	kǒzitʃaʋ
козичавост	kǒzitʃaʋoːst
козлац	kǒzlats
козлачица	kozlǎtʃitsa
козлетина	kǒzletina
козлинац	kǒzlinats
козличина	kǒzlitʃina
козлић	kôzlitɕ
козметика	kozmětika
козметичар	kozmětitʃaːr
козметичарски	kozmětitʃarski
козметичарски	kozmětitʃarskiː
козметички	kozmětitʃki
козметички	kozmětitʃkiː
козметологија	kozmetolǒgija
козмички	kǒzmitʃkiː
козмогонија	kozmogǒnija
козмографија	kozmogrǎfija
козмодром	kôzmodrom
козмологија	kozmolǒgija
козмополит	kozmopǒliːt
козмополитизам	kozmopolitǐzam
козмополитски	kozmopǒliːtski
козмополитски	kozmopǒliːtskiː
козмос	kôzmos
козоношка	kozǒnoʃka
козорепац	kozorěːpats
козорог	kôzoroːg
козјак	kôzjaːk
козјетина	kǒzjetina
козји	kôzjiː
коинцидентан	kointsiděntan
коинциденција	kointsiděntsija
кокаин	kokǎiːn
кокета	kokěta
кокетан	kǒketan
кокодакати	kokodǎːkati
кокошка	kǒkoːʃka
кокпит	kokbit
кола	kôla
кола	kôːla
кола	kɔla
колаборација	kolaborǎːtsija
колаж	kǒlaːʒ
колач	kǒlaːtʃ
колајна	kǒlaːjna
колебати	kolěbati
колебљив	kolěbʎiʋ
колебљиво	kolěbʎiʋo
колевка	kǒleːʋka
колега	kolěːga
колегијалан	kôlegijaːlan
колектив	kôlektiːʋ
колективан	kôlektiːʋan
колективизам	kolektiʋǐzam
колективизација	kolektiʋizǎːtsija
колективно	kôlektiːʋno
колектор	kǒlektor
колекција	kolěktsija
колекција	kɔlektsija
колено	kǒleno
колера	kǒlera
колеџ	kǒledʒ
колиба	kǒliba
колибри	kolǐbri
колибрић	kǒlibritɕ
колико	kolǐko
колико	kˈoliːko
колица	kolǐːtsa
количина	kolitʃǐna
количник	kǒlitʃniːk
колијевка	kǒljeːʋka
коло	kôlo
колодвор	kôlodʋoːr
колоквијални	kôlokʋijaːlniː
колоквијално	kôlokʋijaːlno
колона	kolǒːna
колонизатор	kolonǐzaːtor
колонизација	kolonizǎːtsija
колонист	kolǒnist
колонија	kǒloːnija
колонијалан	kôlonijaːlan
колонијализам	kolonijalǐzam
колосалан	kôlosaːlan
колосално	kôlosaːlno
колосек	kôloseːk
колосијек	kôlosijeːk
колотур	kôlotuːr
колумбија	kolǔmbija
колумбијац	kolumbǐːjats
колумбијски	kolǔmbiːjskiː
колут	kôluːt
колхоз	kǒlxoz
ком	kôm
ком	kǒm
кома	kôma
комад	kǒmaːd
комадати	komǎdati
комадић	komǎditɕ
команда	komandɑ
команда	kǒmaːnda
командант	komǎndant
комарац	kɔmaːrats
комасација	komasǎːtsija
комбајн	kǒmbajn
комбинатор	kombǐnaːtor
комбинација	kombinǎːtsija
коме	kǒme
комедија	kǒmeːdija
комеморација	komemorǎːtsija
коментатор	koměntaːtor
коментирати	komentǐːrati
комерцијалан	kômertsijaːlan
комерцијално	kômertsijaːlno
комесар	koměsaːr
комета	koměːta
комешати	koměʃati
коминтерна	komintěrna
комирати	komǐːrati
комисија	komǐsija
комитет	komiteːt
комитет	komǐteːt
комичан	kǒmitʃan
комичар	kǒmitʃaːr
комичарка	kǒmitʃaːrka
комичност	kǒmitʃnoːst
комода	komǒːda
комодитет	komodǐteːt
комора	koˈmɔra
комора	kǒmora
коморач	komǒraːtʃ
комотан	kômoːtan
компактан	kǒmpaktan
компанија	kompania
компаратив	kômparatiːʋ
компарација	komparǎːtsija
компартија	kompǎrtija
компас	kǒmpas
компатибилност	kompatibǐːlnoːst
компањон	kompǎɲoːn
компензација	kompenzǎːtsija
компетентан	kompetěntan
компетентно	kompetěntno
компетенција	kompetěntsija
компилација	kompilǎːtsija
комплекс	kǒmpleks
комплексан	kǒmpleksan
комплексност	kǒmpleksnoːst
комплементаран	kômplementaːran
комплет	kǒmplet
комплетан	kǒmpletan
комплетно	kǒmpletno
компликација	komplikǎːtsija
композитор	kompositor
композитор	kompǒziːtor
композиторица	kompǒziːtoritsa
композиција	kompozǐːtsija
компонента	komponento
компонента	kompǒnenta
компресија	komprěsija
компресор	kǒmpresor
компромис	komprǒmis
компромисан	komprǒmisan
компромисно	komprǒmisno
компулзија	kompǔːlzija
компјутер	kompjǔter
компјутер	kompjˈuter
компјутор	kompjǔtor
кому	kǒmu
комуникативан	kômunikatiːʋan
комуникативно	kômunikatiːʋno
комуникација	komunikatsia
комуникација	komunikǎːtsija
комуницирати	komunitsǐːrati
комфор	kǒmfoːr
комфоран	kômfoːran
комфорно	kômfoːrno
комшилук	komʃǐluk
комшија	kǒmʃija
конак	kǒnak
конац	koˈnats
конац	kǒnats
коначан	kǒnatʃan
коначно	kǒnatʃno
конвексан	konʋěksan
конвент	kǒnʋent
конвенционалан	kônʋentsionaːlan
конвенционално	kônʋentsionaːlno
конвенција	konʋěntsija
конверзација	konʋerzǎːtsija
конверзацијски	konʋerzǎːtsiːjski
конверзацијски	konʋerzǎːtsiːjskiː
конвертибилан	kônʋertibiːlan
конвој	kǒnʋoj
конгенијалан	kôngenijaːlan
конгенијално	kôngenijaːlno
конго	kôngo
конгрегационализам	kongregatsionalǐzam
конгрегација	kongregǎːtsija
конгрес	kǒngres
конгресмен	kǒngresmen
конгресни	kǒngresniː
конгруентан	kongruěntan
кондензатор	konděnzaːtor
кондензација	kondenzǎːtsija
кондиционал	konditsiǒnaːl
кондиција	konditsia
кондиција	kǒndiːtsija
кондом	kǒndoːm
кондуктер	kondǔkteːr
кондукција	kondǔktsija
кондура	kǒndura
конзервативан	kônzerʋatiːʋan
конзервативно	kônzerʋatiːʋno
конзул	kôːnzul
конзумација	konzumǎːtsija
коничан	kǒnitʃan
конкаван	kônkaːʋan
конкавно	kônkaːʋno
конкордат	konkǒrdaːt
конкретан	kǒnkretan
конкретно	kǒnkretno
конкубина	konkubǐːna
конкурент	konkǔrent
коноба	kǒnoba
конобарица	konobǎritsa
коноп	kǒnop
конопац	kǒnopats
конопља	kǒnopʎa
конопљарка	kǒnopʎaːrka
конотација	konotǎːtsija
консекутиван	kônsekutiːʋan
консекутивно	kônsekutiːʋno
консензус	konsěnzus
консонант	konsǒnant
конспиративан	kônspiratiːʋan
конспирација	konspirǎːtsija
константа	konstǎnta
константан	konstǎntan
константно	konstǎntno
констелација	konstelǎːtsija
конститутиван	kônstitutiːʋan
конституција	konstitǔːtsija
конструирати	konstruǐːrati
конструисали	konstruːsisˈali
конструктиван	kônstruktiːʋan
конструктивизам	konstruktiʋǐzam
конструктивно	kônstruktiːʋno
конструктивност	konstruktǐːʋnoːst
конструкција	konstrǔktsija
контакт	kǒntakt
контактирати	kontaktǐːrati
контаминација	kontaminǎːtsija
контати	kǒntati
контекст	kǒntekst
контемплативан	kôntemplatiːʋan
контемплација	kontemplǎːtsija
контејнер	kontějner
континент	kontǐnent
континенталан	kôntinentaːlan
континуиран	kontinǔiːran
континуирано	kontinǔiːrano
континуитет	kontinuǐteːt
конто	kônto
контра	kôntra
контрадикција	kontradǐktsija
контракција	kontrǎktsija
контрареволуција	kontrareʋolǔːtsija
контраст	kǒntrast
контрастиван	kôntrastiːʋan
контрацепција	kontratsěptsija
контроверзан	kontroʋěrzan
контроверзија	kontroʋěrzija
контроверзно	kontroʋěrzno
контрола	kontrǒːla
контролу	kontroːlˈu
контузија	kǒntuːzija
контура	kontuːra
контура	kontǔːra
конфедерација	konfederǎːtsija
конференција	konferěntsija
конфесија	konfěsija
конфигурација	konfigurǎːtsija
конфирмација	konfirmǎːtsija
конфискација	konfiskǎːtsija
конформизам	konformǐzam
конфузија	kǒnfuːzija
конфуцијанизам	konfutsijanǐzam
концентрат	kontsěntraːt
концентрација	kontsentrǎːtsija
концентричан	kontsěntritʃan
концептуалан	kôntseptuaːlan
концепција	kontsěptsija
концерн	kǒntsern
концерт	kǒntsert
концесија	kontsěsija
концизан	kôntsiːzan
концизност	kontsǐːznoːst
коншпирација	konʃpirǎːtsija
конјугација	konjugǎːtsija
кооперативан	kôoperatiːʋan
кооперација	kooperǎːtsija
координација	koordinǎːtsija
копар	kôpar
копати	kǒpati
копати	kɔpati
копач	kǒpaːtʃ
копачица	kopǎtʃitsa
копенхаген	kopenxǎːgen
копиле	kôpile
копито	kǒpito
копија	kôːpija
копнени	kôpneniː
копно	kôpno
копрена	kǒprena
коприва	kǒpriʋa
копт	kôpt
коптски	kôptskiː
копулација	kopulǎːtsija
копча	kôptʃa
копча	kɔptʃa
копљаник	kǒpʎaniːk
копље	kôpʎe
кора	kôra
корак	kôraːk
корак	kɔrak
корацати	korǎtsati
корачати	korǎtʃati
кораљ	kǒraːʎ
кораљни	kǒraːʎniː
корбач	kǒrbaːtʃ
коректан	kǒrektan
коректно	kǒrektno
корелативан	kôrelatiːʋan
корелација	korelǎːtsija
корен	kôreːn
корен	kɔren
коренит	korěnit
коренито	korěnito
кореограф	koreǒgraf
кореја	korěːja
корејац	korěːjats
корејски	kǒreːjskiː
корзика	kǒrzika
корисника	kɔrisnika
корисно	kôrisno
корисност	kôriːsnoːst
корист	kôriːst
корист	kǒrist
корист	kɔrist
користан	kôriːstan
користити	koˈriːstiti
користити	kǒristiti
користица	kǒristitsa
корити	kǒriti
корице	kôritse
кориштење	kǒriʃteːɲe
коријен	kôrjeːn
кормило	kǒrmilo
корнер	kôrner
корнфлекс	kôːrnfleks
коров	kǒːroʋ
корозија	kǒroːzija
коромач	korǒmaːtʃ
корота	kǒrota
корпоративан	kôrporatiːʋan
корпорација	korporǎːtsija
корпу	kɔrpu
корпулентан	korpulěntan
корпус	kǒrpus
корумпирани	korompirani
корупција	korǔptsija
корјенит	korjěnit
корјенито	korjěnito
корњача	kǒrɲatʃa
кос	koz
кос	kôːs
коса	kǒsa
коса	kˈosˈsˈɐ
косидба	kǒsidba
косина	kosǐna
косинус	kǒsinus
косити	kǒːsiti
коска	kôska
космонаут	kosmonǎut
коснути	kôsnuti
косово	ko˥˩ːstɔvo˥˩ː
косово	kôsoʋo
косовски	kôsoʋskiː
косовски	kôːsoʋski
косовски	kôːsoʋskiː
кост	kɔst
костарика	kostǎrika
костим	kǒstiːm
костимографски	kostimǒgrafski
костимографски	kostimǒgrafskiː
костобоља	kostǒboʎa
косторог	kôstorog
кострва	kǒstrʋa
кострена	kostrěna
кострет	kôstreːt
кострешити	kostrěːʃiti
кострењанин	kostrěːɲanin
кострика	kǒstrika
костриш	kǒstriːʃ
костријет	kôstrijeːt
костријешити	kostrijěːʃiti
кострница	kǒstrnitsa
кострушити	kostrǔːʃiti
костурница	kǒstuːrnitsa
котао	koto
котар	kôtaːr
котарац	kotǎːrats
котарски	kǒtarski
котарски	kǒtarskiː
котац	kǒtats
котач	kǒtaːtʃ
котачић	kotǎtʃitɕ
котва	kôtʋa
котерија	kotěrija
котизација	kotizǎːtsija
котирати	kotǐːrati
котити	kǒtiti
котлар	kǒtlaːr
котларница	kǒtlaːrnitsa
котленица	kotlěnitsa
котлет	kǒtleːt
котлина	kǒtlina
котловина	kotloʋǐna
котловница	kǒtloːʋnitsa
котлокрпа	kotlǒkrpa
котор	kôtor
которанин	kôtoranin
коториба	kotǒriba
которипски	kotǒriːpskiː
которски	kôtorskiː
котрљан	kotřʎan
котрљати	kotřʎati
котул	kôtul
котун	kǒtuːn
котур	kôtuːr
котурати	kotǔrati
котураш	kotǔraːʃ
котурашки	kotǔraːʃkiː
котурина	kotǔrina
котурнути	kotǔːrnuti
кофа	kwafa
кофа	kôfa
кофеин	kofěiːn
кофер	kǒfer
кохерентан	koxerěntan
кохерентно	koxerěntno
кохорта	kǒxoːrta
коцкар	kôtskaːr
коцкарница	kǒtskaːrnitsa
коцкаст	kôtskast
коцкати	kôtskati
кочити	kǒːtʃiti
кочија	kǒtʃija
кочијаш	kotʃǐjaːʃ
кочница	kôtʃnitsa
кошава	kǒʃaʋa
кошара	kǒʃara
кошарач	koʃǎraːtʃ
кошараштво	koʃarǎːʃtʋo
кошарица	kǒʃaritsa
кошарка	kǒʃaːrka
кошаркаш	koʃǎrkaːʃ
кошаркашица	koʃarkǎʃitsa
кошаркашки	koʃǎrkaːʃkiː
кошевина	kǒʃeʋina
кошенил	koʃěnil
кошкати	kôʃkati
кошмаран	kôʃmaːran
кошница	kôʃnitsa
коштан	kǒʃtan
коштати	kôʃtati
коштац	kǒʃtats
коштица	kǒʃtitsa
коштуница	koʃtunits̺a
коштуница	koʃtǔnitsa
коштуничаст	koʃtǔnitʃast
коштуњавац	koʃtǔɲaʋats
коштуњача	koʃtǔɲatʃa
кошута	kǒʃuta
кошуте	kǒʃute
кошутовина	kǒʃutoʋina
кошутски	kǒʃutskiː
кошуља	kǒʃuʎa
кошуљар	koʃǔʎaːr
кошуљица	kǒʃuʎitsa
кошчанин	kǒʃtʃanin
кошчат	kǒʃtʃat
кошчатост	kǒʃtʃatoːst
кошчица	kǒʃtʃitsa
кошчурина	koʃtʃǔrina
кошња	kǒʃɲa
кошћан	kǒʃtɕan
кошћела	kǒʃtɕela
која	koja
којешта	kojěʃta
који	koˈi
који	kǒjiː
којом	kojum
коју	oju
кољач	kǒʎaːtʃ
кољено	kǒʎeno
коњ	kôɲ
коњак	kôɲaːk
коњаник	kôɲaniːk
коњица	kôɲiːtsa
коњић	kǒɲiːtɕ
коњушар	koɲǔʃaːr
краба	krɐbˈa
крабуља	krǎbuʎa
крабуљача	krabǔʎatʃa
крабуљни	krǎbuːʎniː
крабљица	krâbʎitsa
крава	krava
крава	krâʋa
кравал	krǎʋaːl
краварица	krâʋaritsa
кравата	kɾavata
кравачац	kraʋǎːtʃats
кравити	krǎːʋiti
кравосас	krâʋosas
кравујац	kraʋǔːjats
крављак	krâʋʎaːk
крављача	krǎʋʎatʃa
крављи	krâʋʎiː
крагна	krǎːgna
крагуј	krǎguːj
крадено	krǎdeno
крадимице	krâdimitseː
крадиша	krǎdiʃa
крадом	krâːdom
крадомице	krâdomitseː
краду	krado
крадљив	krǎdʎiʋ
крадљивац	krǎdʎiʋats
крак	krâːk
кракат	krǎkat
кракатост	krǎkatoːst
кракелура	krakelǔːra
краков	krâkoʋ
краковски	krâkoʋski
краковски	krâkoʋskiː
краковљанин	krâkoʋʎanin
крама	krǎːma
крамар	krâmaːr
крамп	krâmp
крампати	krǎmpati
крампаш	krǎmpaːʃ
крампашки	krǎmpaːʃki
крампашки	krǎmpaːʃkiː
крампус	krǎmpus
кран	krâːn
краниолог	kraniǒlog
краниологија	kraniolǒgija
краниологијски	kraniolǒgiːjskiː
краниолошки	kraniǒloʃki
краниолошки	kraniǒloʃkiː
краниометрија	kraniomětrija
краниометријски	kraniomětriːjski
краниометријски	kraniomětriːjskiː
крап	krâp
крапањ	krâpaɲ
крапањски	krâpaɲskiː
крапина	krâpina
крапинац	krapǐːnats
крапински	krâpiːnskiː
красена	krǎsena
красити	krǎːsiti
красица	krâsitsa
красичанин	krâsitʃanin
красички	krâsitʃkiː
красна	krâsna
красник	krâːsniːk
красно	krâːsno
краснопис	krâsnopis
краснопољац	krasnopǒːʎats
краснопољски	krâsnopoːʎskiː
красноречив	krasnorětʃiʋ
красноречивост	krasnorětʃiʋoːst
красноречје	krasnǒreːtʃje
краснорјечив	krasnorjětʃiʋ
краснорјечивост	krasnorjětʃiʋoːst
краснорјечје	krasnǒrjeːtʃje
краснословити	krasnoslǒʋiti
красолика	krasǒlika
красопис	krâsopiːs
красописни	krâsopiːsniː
красописно	krâsopiːsno
красота	krasǒta
краставац	krastavats
краставац	krâstaʋats
краставица	krâstaʋitsa
красти	krâsti
красуљак	krasǔːʎak
красуљица	krasǔʎitsa
кратак	krǎtak
кратеж	krǎːteʒ
кратер	krǎːter
кратерски	krǎːterskiː
кратити	krǎːtiti
кратко	krâtko
кратковални	krâtkoʋaːlniː
кратковид	kratkǒʋid
кратковидан	kratkǒʋidan
кратковидно	kratkǒʋidno
кратковидност	kratkoʋǐːdnoːst
кратковидо	kratkǒʋido
кратковидост	kratkǒʋidoːst
кратковрат	kratkǒʋrat
кратковрат	krâtkoʋraːt
краткодневица	kratkǒdneʋitsa
краткодневички	kratkǒdneʋitʃkiː
краткодометни	kratkodǒːmetniː
краткометни	krâtkometniː
краткометражни	kratkomětraːʒniː
кратконог	kratkǒnog
краткопругаш	kratkoprǔgaːʃ
краткорочан	krâtkorotʃan
краткорочност	krâtkorotʃnoːst
краткотрајан	krâtkotraːjan
краткотрајност	kratkotrǎːjnoːst
краткоћа	kratkǒtɕa
краул	krǎul
крафен	krǎːfen
крафн	krâfn
крафна	krǎfna
крах	krâx
крацати	krâtsati
крачун	kratʃon
крачун	krǎtʃuːn
крачунати	kratʃǔnati
крашић	krâʃitɕ
крашићанац	kraʃitɕǎːnats
крашићки	krâʃitɕkiː
крашки	krâʃkiː
крашће	krâʃtɕe
крађа	kradʒa
крађа	krâdʑa
крај	krâj
крај	krâːj
крај	kɾaj
крајанка	krǎjaːnka
крајем	krajɛm
крајем	krâjem
крајина	krâjina
крајичак	krajǐːtʃak
крајишки	krâjiʃki
крајишки	krâjiʃkiː
крајишник	krǎjiʃniːk
крајник	krâːjniːk
крајност	krǎːjnoːst
крајобраз	krâjobraz
крајолик	krâjolik
крајпуташица	krajputǎʃitsa
крајцар	krǎjtsar
крајцарашки	krajtsǎraːʃkiː
крајцарблат	krǎjtsarblat
крајцарица	krǎjtsaritsa
крајње	krajɛnjɛ
крајње	krâːjɲeː
крајњи	krâːjɲiː
краљ	kraj
краљ	krâːʎ
краља	kraaʎa
краљев	krǎːʎeʋ
краљевати	kraʎěʋati
краљевина	krǎːʎeʋina
краљевица	krǎʎeʋitsa
краљевичанин	krǎːʎeʋitʃanin
краљевички	krǎːʎeʋitʃkiː
краљевић	krǎːʎeʋitɕ
краљевна	krǎːʎeːʋna
краљевски	krǎːʎeʋskiː
краљевство	krǎːʎeʋstʋo
краљевству	kraːlʲevstvu
краљежак	krǎːʎeʒak
краљешак	krǎːʎeʃak
краљешнични	krǎːʎeʃnitʃniː
краљица	kralʲitsa
краљица	krǎʎitsa
крањ	krâːɲ
крањац	krǎːɲats
крањски	krâːɲskiː
краћати	krǎtɕati
краћење	krǎːtɕeːɲe
крвав	kr̂ʋaʋ
крвавити	krʋǎːʋiti
крвавица	krʋǎʋitsa
крваво	kr̂ʋaʋo
крварити	krʋǎːriti
крвити	křʋiti
крвни	kr̂ːʋniː
крвник	kr̂ːʋniːk
крвница	kr̂ːʋnitsa
крвнички	kr̂ːʋnitʃki
крвнички	kr̂ːʋnitʃkiː
крвожедан	kr̂ʋoʒeːdan
крволиптање	krʋolǐptaːɲe
крволок	krʋǒlok
крвопија	krʋǒpija
крвопролиће	kr̩ʋoprolǐːtɕe
крдо	kr̂do
креативан	krêatiːʋan
креатор	krěaːtor
креаторица	krěaːtoritsa
креатура	kreatǔːra
креационизам	kreatsionǐzam
креација	kreǎːtsija
кревет	krěʋet
креветац	kreʋěːtats
креветина	krěʋetina
креветић	krěʋetitɕ
креветни	krěʋetniː
креветнина	kreʋetnǐna
кревељити	kreʋěːʎiti
креденц	krědents
кредит	krědiːt
кредитни	krědiːtniː
кредитор	krědiːtor
кредо	krêːdo
крезле	krěːzle
крезуб	krězub
крезубина	krezǔbina
крезубост	krězuboːst
креирати	kreǐːrati
крекер	krêker
крекет	krêkeːt
крекетав	krekětaʋ
крекетаво	krekětaʋo
крекетати	krekětati
крекетнути	krekětnuti
крекетуша	krekětuʃa
крелац	krěːlats
креле	krêːle
крематоријски	kremǎtoːriːjskiː
кремација	kremǎːtsija
кремач	krěmaːtʃ
кремаљски	krêmaʎski
кремаљски	krêmaʎskiː
крембљав	krêmbʎaʋ
крембљати	krěmbʎati
кремен	krêmeːn
кремењак	kreměɲaːk
кремењача	kreměɲatʃa
кремирати	kremǐːrati
кремшнита	krěmʃnita
кремљ	krêmʎ
кремљолог	kremʎǒlog
кренули	kriɛnuli
кренути	krěːnuti
креолац	kreǒːlats
креолски	krěoːlskiː
крепавати	krepǎːʋati
крепак	krêpak
крепалина	krěpalina
крепан	krêpaːn
крепао	krêpao
крепати	krěpati
крепити	krěːpiti
крепко	krêpko
крепкост	krêpkoːst
крепосно	krêposno
крепост	krɛpost
крепостан	krêpostan
кресати	krěsati
кресиво	krêsiːʋo
кресница	krěːsnitsa
креснути	krêsnuti
креспин	krěspiːn
креста	krěːsta
крестац	krěstats
крестушац	krestǔːʃats
крета	krěːta
кретати	krěːtati
кретен	krěteːn
кретенаст	krětenast
кретенизам	kretenǐzam
кретенизација	kretenizǎːtsija
кретенизирати	kretenizǐːrati
кретенски	krěteːnski
кретенски	krěteːnskiː
кретенство	kretěːnstʋo
кретенчина	kretěntʃina
кретски	krêːtskiː
кретња	krěːtɲa
креч	krêtʃ
креч	kɾetʃ
кречана	kretʃǎna
кречити	krêtʃiti
кречити	krěːtʃiti
крешево	krêʃeʋo
крешевски	krêʃeʋskiː
крешевљанин	krêʃeʋʎaːnin
крешендо	kreʃěndo
крештати	krěːʃtati
крештелица	krêʃtelitsa
крејон	krějoːn
крећанин	krěːtɕanin
крзнар	křznaːr
крзно	křːzno
крив	krîːʋ
крива	kriːva
кривда	krîːʋda
кривина	kriʋǐna
кривити	krǐːʋiti
кривица	krivɪtsa
кривица	kriʋǐtsa
кривичар	krǐʋitʃaːr
кривичица	krǐʋitʃitsa
кривични	krǐʋitʃniː
кривично	krǐʋitʃno
криво	krîːʋo
кривоверство	kriʋǒʋeːrstʋo
кривоверје	kriʋǒʋeːrje
кривовјерство	kriʋǒʋjeːrstʋo
кривовјерје	kriʋǒʋjeːrje
криводол	kriʋǒdol
криводолски	kriʋǒdolskiː
криводочанин	kriʋodǒːtʃanin
кривоклетник	kriʋǒkletniːk
кривоклетнички	kriʋǒkletnitʃki
кривоклетнички	kriʋǒkletnitʃkiː
криволов	krîʋoloːʋ
кривоног	kriʋǒnog
кривотворина	kriʋotʋǒrina
кривотворитељ	kriʋotʋǒriteʎ
кривотворитељски	kriʋotʋǒriteʎski
кривотворитељски	kriʋotʋǒriteʎskiː
кривотворити	kriʋotʋǒriti
кривоучитељ	kriʋoǔtʃiteʎ
кривудав	kriʋǔdaʋ
кривудаво	kriʋǔdaʋo
кривудати	kriʋǔdati
кривуља	kɾivuʎa
кривуљати	kriʋǔʎati
кривња	krǐːʋɲa
кригла	krǐːgla
криж	krîːʒ
крижалина	krǐʒalina
крижанац	kriʒǎːnats
крижати	krǐːʒati
крижаљка	krǐːʒaːʎka
крижаљчица	krǐːʒaːʎtʃitsa
крижање	krǐːʒaːɲe
крижевачки	krǐːʒeʋatʃkiː
крижевци	krǐːʒeːʋtsi
крижевчанин	krǐːʒeʋtʃanin
крижобоља	kriʒǒboʎa
крижовац	krǐːʒoʋats
крижовец	krǐːʒoʋets
крижовечки	krǐːʒoʋetʃkiː
крижопољац	kriʒopǒːʎats
крижопоље	kriʒǒpoʎe
крижопољски	kriʒǒpoʎskiː
крижопуће	kriʒǒpuːtɕe
криза	krǐːza
кризантема	krizantěːma
кризма	krîzma
кризманик	krîzmaniːk
кризни	krîːzniː
кризолог	krizǒlog
крик	krîk
крика	krîka
крикет	krǐket
крикнути	krǐːknuti
крила	kriːɫa
крилатица	krilǎtitsa
крилни	krîːlniː
крилник	krîːlniːk
крило	krǐːlo
крилце	krǐːltse
крим	krîːm
кримен	krîːmen
криминал	krimǐnaːl
криминалан	krîminaːlan
криминалац	kriminǎːlats
криминализација	kriminalizǎːtsija
криминализираност	kriminalǐziːranoːst
криминализирати	kriminalizǐːrati
криминалист	kriminǎlist
криминалистика	kriminalǐstika
криминалистички	kriminalǐstitʃki
криминалистички	kriminalǐstitʃkiː
криминалитет	kriminalǐteːt
криминолог	kriminǒlog
криминологија	kriminolǒgija
криминологијски	kriminolǒgiːjskiː
криминолошки	kriminǒloʃkiː
кримић	krîmitɕ
кримски	krîːmskiː
кримљанин	krǐːmʎanin
крин	krîːn
кринка	krîːnka
кринолина	krinolǐːna
криомице	krîomitseː
крипта	krîpta
криптичан	krǐptitʃan
криптички	krǐptitʃkiː
криптичност	krǐptitʃnoːst
криптозоологија	kriptozoolǒgija
криптологија	kriptolǒgija
криптомерија	kriptoměrija
криптополитички	kriptopolǐtitʃki
криптополитички	kriptopolǐtitʃkiː
криптотехнофобија	kriptotexnofǒbija
крис	krîːs
крист	krîst
кристал	krǐstaːl
кристалан	krǐstaːlan
кристаласт	krǐstalast
кристализирати	kristalizǐːrati
кристаличан	kristǎlitʃan
кристалка	krǐstalka
кристални	krǐstalniː
кристално	krǐstaːlno
кристалографија	kristalogrǎfija
кристалотерапија	kristaloterǎpija
критеријум	kriterium
крити	krîti
критизер	kritǐzeːr
критизерство	kritizěːrstʋo
критизирати	kritizǐːrati
критика	krǐtika
критикант	kritǐkant
критицизам	krititsǐzam
критичан	krǐtitʃan
критичар	krǐtitʃaːr
критичарка	krǐtitʃaːrka
критички	krǐtitʃkiː
критично	krǐtitʃno
критичност	krǐtitʃnoːst
кричав	krîtʃaʋ
кричавост	krîtʃaʋoːst
кричати	krǐtʃati
кричке	krîtʃke
крички	krîtʃkiː
кришка	krîʃka
кришом	krîːʃom
криштановец	kriʃtǎːnoʋets
криштановечки	kriʃtǎːnoʋetʃkiː
кријепити	krijěːpiti
кријесница	krijěːsnitsa
кријештати	krijěːʃtati
кријумчар	krǐjumtʃaːr
кријумчарити	krijumtʃǎːriti
кријумчарство	krijumtʃǎːrstʋo
крк	kr̂k
кркавина	křkaʋina
кркалина	křkalina
кркало	křkalo
кркан	křkan
крканлук	kr̩kǎːnluk
кркаче	křkatʃeː
кркнути	kr̂knuti
кркљанац	krkʎǎːnats
кркљати	křkʎati
крлежијанац	krleʒijǎːnats
крлежијански	krleʒǐjaːnskiː
крлежијанство	krleʒijǎːnstʋo
крма	kr̂ma
крма	křːma
крмак	křːmak
крмар	kr̂maːr
крмача	křmatʃa
крме	křme
крмени	křmeniː
крметина	křmetina
крмељ	křmeʎ
крмећи	křmetɕiː
крмиво	kr̂miːʋo
крмни	kr̂mniː
крмчина	křmtʃina
крмчић	křmtʃitɕ
крница	křnitsa
крнтија	křntija
крнтијетина	krntijětina
кроасан	kroǎsaːn
кроатизам	kroatǐzam
кроатизација	kroatizǎːtsija
кроатизирати	kroatizǐːrati
кроатист	kroǎtist
кроатистика	kroatǐstika
кроатоцентричан	kroatotsěntritʃan
кроатоцентричност	kroatotsěntritʃnoːst
кроација	krǒaːtsija
кров	krôʋ
кровар	krǒʋaːr
кровина	krǒʋina
кровић	krǒʋitɕ
кровић	krǒʋiːtɕ
кровни	krôːʋniː
кровопокривач	kroʋopokrǐːʋaːtʃ
кроз	krôz
крокант	krǒkant
кроки	krǒkiː
крокодилски	krokǒdilskiː
крокодилчић	krokodǐltʃitɕ
кролавати	krolǎːʋati
кролати	krǒlati
кромањонац	kromaɲǒːnats
кромпир	krompi̯ɾ
кромпир	krǒmpiːr
кроничар	krǒnitʃaːr
кронолошки	kronǒloʃki
кронолошки	kronǒloʃkiː
кропило	krǒpilo
кротак	krǒtak
кротитељ	krǒtiteʎ
кротити	krǒtiti
кротки	kɾˈotki
кротко	krǒtko
крофна	krǒːfna
крофна	kɾˈofnˈa
кроцањ	krôtsaɲ
крочити	krǒtʃiti
крошто	krôʃto
кроштуле	krôʃtule
крошња	krǒʃɲa
крошњаст	krǒʃɲast
кројач	krǒjaːtʃ
кројачица	krojǎtʃitsa
кројилац	krǒjilats
кројитељ	krǒjiteʎ
кројити	krǒjiti
крпа	kr̂pa
крпар	kr̂paːr
крпара	křpara
крпарити	krpǎːriti
крпарија	krpǎrija
крпарски	kr̂parski
крпарски	kr̂parskiː
крпати	kr̂pati
крпатити	křpatiti
крпеж	křːpeʒ
крпељ	křpeʎ
крпењача	krpěɲatʃa
крпити	kr̂piti
крпиторта	kr̂pitoːrta
крпица	kr̂pitsa
крпо	křːpo
крпља	kr̂pʎa
крсни	křsniː
крсница	křsnitsa
крст	kr̂st
крст	kʊrstʃ
крстарити	krstǎːriti
крстарица	kr̩stǎritsa
крсташ	křstaːʃ
крстина	křstina
крстионица	krstiǒːnitsa
крстити	křstiti
крститке	křstiːtke
крстовка	kr̂stoːʋka
крстовник	kr̂stoʋnik
крстокљун	kr̂stokʎuːn
крстоплет	kr̂stoplet
крстопуће	krstǒpuːtɕe
крстјанин	křstjanin
крстјански	křstjaːnski
крстјански	křstjaːnskiː
кртина	křtina
кртичњак	křtitʃɲaːk
кртовина	křtoʋina
кртожити	křtoʒiti
кртола	křtola
крув	krûʋ
круговал	krûgoʋaːl
круговални	krûgoʋaːlniː
круговалник	krûgoʋaːlniːk
кругозор	krûgozor
кружити	krǔːʒiti
кружић	krǔːʒitɕ
кружни	krûːʒniː
кружница	kruːʒnitsa
кружница	krǔːʒnitsa
кружок	krǔʒok
крулити	krǔːliti
крумпирача	krumpǐratʃa
крумпириште	krumpǐriːʃte
крумпиров	krumpǐːroʋ
круна	krûna
крунидба	krǔnidba
крунисати	krǔnisati
круница	krûnitsa
крупа	krǔːpa
крупан	krǔːpan
крут	krûːt
крутити	krǔːtiti
круто	krûːto
крух	krûx
круцијалан	krûtsijaːlan
крушка	kɾuʃka
крушни	krûʃniː
крф	kr̂f
крфски	kr̂fskiː
крхак	kr̂xak
крхати	kr̂xati
крхко	kr̂xko
крхкост	kr̂xkoːst
крхотина	křxotina
крцатост	křtsatoːst
крцаљка	křtsaːʎka
крцкати	kr̂tskati
крцко	kr̂tsko
крцнути	kr̂tsnuti
крчаговина	křtʃagoʋina
крчажић	krtʃǎʒitɕ
крчанин	kr̂tʃanin
крчати	křːtʃati
крчевина	křtʃeʋina
крчкати	kr̂tʃkati
крчки	kr̂tʃkiː
крчмарити	krtʃmǎːriti
крчмарски	kr̂tʃmarski
крчмарски	kr̂tʃmarskiː
крчметина	krtʃmětina
крчмити	kr̂tʃmiti
крчмица	kr̂tʃmitsa
крш	kr̂ʃ
кршан	kr̂ʃan
кршевит	krʃěʋit
кршика	křʃika
кршин	křʃiːn
кршити	křʃiti
крштеник	kr̂ʃteniːk
крштеница	krʃtěnitsa
крштеница	kr̂ʃtenitsa
крштење	krʃtěːɲe
кршћански	křʃtɕaːnski
кршћански	křʃtɕaːnskiː
крљушт	kr̂ʎuːʃt
крња	kr̂ɲa
крњав	kr̂ɲaʋ
крњадак	krɲǎːdak
крњак	kr̂ɲaːk
крње	kr̂ɲeː
крње	křːɲe
крњетак	krɲěːtak
крњити	křːɲiti
крџа	křːdʒa
крџалија	kr̂dʒalija
ксенон	kseˈnɔn
ксенофобија	ksenofǒbija
куба	kǔːba
кубанац	kubǎːnats
кубански	kǔbaːnskiː
кубизам	kubǐzam
кубура	kǔbura
кувар	kûʋaːr
куварице	kufaritse
кувати	kûʋati
кувајт	kûʋaːjt
кугла	kǔːgla
кудити	kǔːditi
кук	kûk
кука	kukːa
кука	kûka
кукаван	kûkaːʋan
кукавица	kûkaʋitsa
кукавички	kûkaʋitʃki
кукати	kûkati
кукови	kukːovi
кукољ	kǔːkoʎ
куку	kûkuː
кукумар	kukǔmar
кукумар	kûkumaːr
кукумар	kǔkumaːr
кукуруз	kukǔruz
кукуруза	kukurǔːza
кукњава	kǔkɲaʋa
кул	kûːl
кула	kǔːla
кули	kuːli
кулминација	kulminǎːtsija
кулоар	kulǒaːr
култ	kûlt
култни	kûltniː
култура	kultǔːra
културан	kǔltuːran
културно	kǔltuːrno
кум	kûm
кум	kûːm
кумбара	kumbǎra
кумче	kǔːmtʃe
куна	kǔːna
кундура	kǔndura
кунић	kunitsʲ
кунић	kǔniːtɕ
купа	kûpa
купа	kɔpa
купаоница	kupaǒːnitsa
купати	kǔːpati
купатило	kupaːtila
купатило	kupâtilo
купатило	kǔpatilo
купач	kǔpaːtʃ
купаћи	kǔpaːtɕiː
купина	kǔpina
купина	qupina
купити	kûpiti
купити	kǔːpiti
куплерај	kuplěraːj
куплунг	kǔplung
куповати	kupǒʋati
куповина	kupǒʋina
купола	kǔpola
купон	kǔpoːn
купус	kǔpus
купња	kǔːpɲa
курански	kǔraːnskiː
курат	kǔrat
курац	kuɾˈats
курац	kûrats
курац	kʏrˈats
курбан	kǔrbaːn
курва	kûːrʋa
курва	kˈurva
курвар	kǔrʋaːr
курварлук	kurʋǎrluk
курвати	kûːrʋati
курвање	kûːrʋaːɲe
курветина	kurʋětina
курвински	kǔrʋiːnski
курвински	kǔrʋiːnskiː
курвица	kûːrʋitsa
курдистан	kûrdistan
курдски	kûrdski
курдски	kûrdskiː
курзив	kǔrziːʋ
курзивни	kǔrziːʋniː
куриозитет	kuriozǐteːt
курир	kǔriːr
курс	kûrs
куртизана	kurtizǎna
куртоазан	kûrtoaːzan
куртоазија	kurtoǎːzija
куртоазно	kûrtoaːzno
курцшлус	kûrtsʃlus
курчити	kûːrtʃiti
курјак	kûrjaːk
кус	kûːs
кустос	kûstos
кут	kûːt
кутак	kǔːtak
кутер	kûter
кутија	kǔtija
кутијица	kǔtijitsa
кутију	kutiu
кутлача	kǔtlatʃa
куфер	kǔfer
кухиња	kûxiɲa
куца	kǔːtsa
куцати	ku˩˥ːtsɑti˥˩
куцати	kûtsati
куцнути	kûtsnuti
куче	kûtʃe
кученце	kutʃěːntse
кученце	kûtʃeːntse
кучка	kûtʃka
кучка	kˈutʃka
кушати	kûʃati
кушач	kǔʃaːtʃ
кушачица	kuʃǎtʃitsa
куја	kûja
кућа	kûtɕa
кућа	kˈutʃa
кућаница	kûtɕanitsa
куће	kutʃe
кућевласник	kutɕěʋlaːsniːk
кући	kutsˈi
кући	kûtɕi
кућица	kûtɕitsa
кућни	kutʃni
кућни	kûtɕniː
кшатрија	kʃǎtrija
кљенут	kʎênuːt
кљова	kʎôːʋa
кљун	kʎûːn
кљусе	kʎûːse
кључ	kʎûːtʃ
кључан	kʎûːtʃan
кључати	kʎǔtʃati
књига	kɲîga
књиговежа	kɲigǒʋeʒa
књиговодство	kɲigoʋǒdstʋo
књижара	kɲǐʒara
књижевни	kɲîʒeːʋniː
књижевник	kɲǐʒeːʋniːk
књижевница	kɲǐʒeːʋnitsa
књижевнички	kɲǐʒeːʋnitʃki
књижевнички	kɲǐʒeːʋnitʃkiː
књижевно	kɲîʒeːʋno
књижевност	kɲîʒeːʋnoːst
књижити	kɲîʒiti
књижица	kɲîʒitsa
књижни	kɲîʒniː
књижница	kɲǐːʒnitsa
књижничар	kɲǐːʒnitʃaːr
књижничарство	kɲiʒnitʃǎːrstʋo
књижнични	kɲîʒnitʃniː
књижурина	kɲiʒǔrina
књижуљак	kɲiʒǔːʎak
књишки	kɲîʃki
књишки	kɲîʃkiː
кћер	ktɕêːr
кћерка	ktɕěːrka
кћи	ktɕîː
л	l
лабав	lâbaʋ
лабавити	lâbaʋiti
лабаво	lâbaʋo
лабилан	lâbiːlan
лабиоденталан	labioděntaːlan
лабиринт	labǐrint
лабијал	labǐjaːl
лабијалан	lâbijaːlan
лаборант	labǒrant
лабораторијски	laborǎtoːriːjski
лабораторијски	laborǎtoːriːjskiː
лабрња	lâbrɲa
лабуд	lâbuːd
лабудица	lâbuditsa
лабудови	labuˈdɔvi
лабурист	labǔrist
лабуђи	lâbudʑiː
лав	lâʋ
лав	lˈæv
лавабо	lababoː
лавабо	laʋǎboː
лавеж	lǎːʋeʒ
лавица	lǎʋitsa
лаган	lâgan
лагано	lâgano
лагати	lǎgati
лагодан	lâgodan
лагодно	lâgodno
лагодност	lâgodnoːst
лагумџија	lagǔmdʒija
лагуна	lagǔːna
ладан	lǎːdan
ладица	lǎditsa
лаж	laʃ
лаж	lâːʒ
лажа	laxa
лажан	lâʒan
лажац	lǎʒats
лажирати	laʒǐːrati
лажно	lâʒno
лажност	lâʒnoːst
лажов	lǎʒoʋ
лажу	laʒu
лажљив	lǎʒʎiʋ
лажљивац	lǎʒʎiʋats
лазар	lâzaːr
лазити	lâziti
лаик	lǎik
лаик	lˈaɪk
лаички	lǎitʃki
лаички	lǎitʃkiː
лак	lâk
лакат	laːkat
лако	lâko
лаковеран	lâkoʋeːran
лаковеран	ˈlakovˈera
лаковерно	lâkoʋeːrno
лаковерност	lakoʋěːrnoːst
лаковјеран	lâkoʋjeːran
лаковјерно	lâkoʋjeːrno
лаковјерност	lakoʋjěːrnoːst
лаком	lâkom
лакомислен	lakǒmislen
лакомислено	lakǒmisleno
лакомисленост	lakǒmislenoːst
лакомо	lâkomo
лаконија	lǎkoːnija
лаконски	lǎkoːnski
лаконски	lǎkoːnskiː
лакоуман	lâkouːman
лакоумно	lâkouːmno
лакоћа	lakǒtɕa
лакрос	akrˈos
лан	lam
ланац	lǎːnats
лане	lâne
лане	lǎːne
лане	plane
лансирати	lansǐːrati
ланчани	lǎntʃaniː
лаос	lâos
лапидаран	lâpidaːran
лапидарно	lâpidaːrno
ларма	lâːrma
ларпурлартизам	larpurlartǐzam
ласер	lâser
ласица	lǎsitsa
ласкати	lâskati
ластавица	lâstaʋitsa
ласциван	lǎstsiːʋan
ласцивно	lǎstsiːʋno
латвијски	lǎtʋiːjskiː
латекс	lǎteks
латентан	latěntan
латентно	latěntno
латералан	lâteraːlan
латерално	lâteraːlno
латин	lǎtiːn
латинизација	latinizǎːtsija
латиница	latǐnitsa
латинички	latǐnitʃkiː
латинични	latǐnitʃniː
латинка	lǎtiːnka
латински	latiŋski
латински	lǎtiːnskiː
латинштина	latǐːnʃtina
латити	lâtiti
латица	lâtitsa
лаута	lǎuta
лауфер	lǎufer
лахор	lâxor
лаштити	lǎʃtiti
лађа	lâːdʑa
лајав	lâjaʋ
лајавац	lâjaʋats
лајаво	lâjaʋo
лајавост	lâjaʋoːst
лајати	lâjati
лајпцишки	lǎjptsiʃkiː
лајтмотив	lajtmǒtiːʋ
лањски	lǎɲskiː
лаћати	lâtɕati
лебдети	lěbdeti
лебдјети	lěbdjeti
левак	lěʋaːk
левак	lěːʋak
левакиња	leʋǎkiɲa
левант	lěʋant
левати	lěːʋati
леви	lêːʋiː
левица	lěʋitsa
левичар	lěʋitʃaːr
леворук	leʋǒruk
легалан	lěgaːlan
легализација	legalizǎːtsija
легализирати	legalizǐːrati
легално	lěgaːlno
легенда	lěgeːnda
легендаран	lêgendaːran
легендарно	lêgendaːrno
легионар	legiǒnaːr
легислативан	lêgislatiːʋan
легитиман	lêgitiːman
легитимација	legitimǎːtsija
легитимно	lêgitiːmno
лед	lêːd
лед	plˈeɪd
ледак	lěːdak
ледан	lêdan
ледац	lêdats
леден	lêden
леденица	leděnitsa
ледењак	leděɲaːk
ледина	lědina
ледити	lěditi
ледоломац	ledolǒːmats
лежати	lěʒati
лежаљка	lěʒaːʎka
лежеран	lêʒeːran
лежећке	lěʒetɕkeː
лезбијски	lězbiːjski
лезбијски	lězbiːjskiː
лекар	leka
лековит	lekǒʋit
лексикограф	leksikǒgraf
лексикографија	leksikogrǎfija
лексикографски	leksikǒgrafski
лексикографски	leksikǒgrafskiː
лексиколог	leksikǒlog
лексикологија	leksikolǒgija
лексиколошки	leksikǒloʃki
лексиколошки	leksikǒloʃkiː
лексикон	lěksikoːn
лексикон	lɛkˈsikon
лексички	lěksitʃkiː
лекција	lektsijɛ
лекција	lěktsija
леле	lêle
лелек	lêleːk
лелекати	lelěːkati
лелекнути	lelěːknuti
лема	lěːma
лемати	lěːmati
лемеш	lěmeʃ
лемниската	lemniskǎːta
лемур	lěmuːr
лен	lêːn
ленити	lěːniti
лено	lêːno
леност	lěːnoːst
леопард	lêopaːrd
леопардов	lêopaːrdoʋ
леп	lêːp
лепак	lěːpak
лепеза	lepěːza
лепезаст	lěpezast
лепило	lěpilo
лепити	lěːpiti
лепо	lêːpo
лепотан	lepǒtaːn
лепотица	lepǒtitsa
лепојка	lěpoːjka
лепршати	lepřʃati
лептир	lêptiːr
лептирић	leptǐritɕ
лепши	lɛpʃi
лепљив	lěpʎiʋ
лес	lêːs
леска	lěːska
лесото	lesôto
лестве	lêstʋe
лествица	lêstʋitsa
лет	lêːt
летак	lêtak
летаргичан	letǎrgitʃan
летач	lětaːtʃ
летва	lêtʋa
летелица	lětelitsa
летети	lěteti
летећи	lěteːtɕiː
лети	lêti
летина	lêtina
лето	lêto
лето	lɛtːo
летонац	letǒːnats
летонија	lětoːnija
летонски	lětoːnskiː
летос	lêtoːs
летјелица	lětjelitsa
летјети	letieti
летјети	lětjeti
леут	lěut
леха	lěːxa
лечити	lěːtʃiti
лечник	lêːtʃniːk
лечница	lêːtʃnitsa
леш	lɛʃ
лешина	lěʃina
лешинар	lěʃinaːr
лешњак	lêʃɲaːk
леђа	lěːdʑa
леђни	lêːdʑniː
леја	lěːja
лењ	lêːɲ
лењинград	lěɲingraːd
лењинизам	leɲinǐzam
лењинистички	leɲinǐstitʃki
лењинистички	leɲinǐstitʃkiː
лењир	lěɲiːr
лењирати	leɲǐrati
ли	li
ли	ɔli
либела	libɛla
либерал	liběraːl
либералан	lîberaːlan
либерализам	liberalǐzam
либерално	lîberaːlno
либерија	lǐbeːrija
либеријски	lǐbeːriːjskiː
либидинозан	lîbidinoːzan
либидо	lǐbido
либија	lîːbija
либијац	libǐːjats
либијски	lîːbiːjskiː
ливада	ljvada
ливада	lǐʋada
ливадни	lǐʋadniː
ливадски	lǐʋadskiː
лига	lǐːga
лигња	lîgɲa
лидер	lǐːder
лидија	lidia
лизалица	lǐːzalitsa
лизати	lǐːzati
лизнути	lǐznuti
лик	lîːk
лик	lˈik
ликвида	lǐkʋida
ликвидан	lîkʋiːdan
ликвидација	likʋidǎːtsija
ликвидирати	likʋidǐːrati
ликер	lǐkeːr
лилипутанац	liliputǎːnats
лилипутански	lilipǔtaːnskiː
лим	lˈim
лима	lîma
лимар	lîmaːr
лимарски	lîmarskiː
лимен	lǐmen
лименка	limɛnka
лименка	lǐmeːnka
лимета	limet̪a
лимузина	limuzǐːna
лимун	limon
лимун	lîmuːn
лимунада	limunǎːda
лимунов	lîmuːnoʋ
лимфа	lîːmfa
лимфни	lîːmfniː
лингвист	lǐngʋist
лингвиста	lǐngʋista
лингвистика	lingʋǐstika
лингвистички	lingʋǐstitʃki
лингвистички	lingʋǐstitʃkiː
линеаран	lîneaːran
линеарно	lîneaːrno
линеарност	lineǎːrnoːst
линир	lǐniːr
линија	lǐːnija
линолеум	linolěum
линч	lîntʃ
линчовати	lîntʃoʋati
липа	lîpa
липе	liːp
липов	lîpoʋ
липовина	lǐpoʋina
липсавати	lipsǎːʋati
липсати	lîpsati
липтати	lǐptati
липтети	lǐpteti
липтјети	lǐptjeti
лира	lîːra
лиризам	lirǐzam
лирика	lǐrika
лиричар	lǐritʃaːr
лирски	lîːrski
лирски	lîːrskiː
лиса	lîsa
лисац	lǐːsats
лисица	lǐsitsa
лисице	lǐsitse
лисичине	lîsitʃine
лисичји	lǐsitʃjiː
лиснат	lǐsnat
лист	lizt
лист	lîːst
листа	lîsta
листа	lʏstˈa
листавац	lîstaʋats
листак	lǐːstak
листати	lǐstati
листић	lǐstitɕ
листом	lîːstom
листоноша	listǒnoʃa
листопадни	lîstopaːdniː
литавски	lǐtaʋskiː
литанија	litǎnija
литар	lîtar
литар	lǐtaːr
литва	lîtʋa
литвански	lǐtʋaːnskiː
литвански	ɫiːtvanski
литераран	lîteraːran
лити	lîti
литица	lǐtitsa
литоралан	lîtoraːlan
литра	lîtra
литургија	litǔrgija
литургијски	litǔrgiːjski
литургијски	litǔrgiːjskiː
лифт	lîft
лифт	lˈɪft
лихва	lîxʋa
лихвар	lîxʋaːr
лихварити	lixʋǎːriti
лихварски	lîxʋarski
лихварски	lîxʋarskiː
лихтенштајн	lîxtenʃtajn
лице	liːtsɛ
лице	lǐːtse
лицемер	lîtsemer
лицемеран	lîtsemeːran
лицемерка	lîtsemeːrka
лицемерно	lîtsemeːrno
лицемерје	lîtsemeːrje
лицемјер	lîtsemjer
лицемјеран	lîtsemjeːran
лицемјерка	lîtsemjeːrka
лицемјерно	lîtsemjeːrno
лицемјерје	lîtsemjeːrje
лиценца	lǐtseːntsa
лиценција	litsěntsija
лицитација	litsitǎːtsija
лицитирати	litsitǐːrati
личан	lîtʃan
личити	lǐtʃiti
личити	lǐːtʃiti
личне	litʃnɛ
лично	lîtʃno
личност	litʃnɔst
личност	liːtʃnˈust
личност	lîtʃnoːst
лишавати	liʃǎːʋati
лишај	liʃai
лишај	lîʃaːj
лишити	lǐːʃiti
лишће	lîːʃtɕe
лија	lǐːja
лијевак	lijěːʋak
лијевати	lijěːʋati
лијеви	ljêːʋiː
лијен	lijêːn
лијенити	lijěːniti
лијено	ljêːno
лијеност	lijěːnoːst
лијеп	ljêːp
лијепити	ljěːpiti
лијепо	lijêːpo
лијес	lijêːs
лијеска	lijěːska
лијеха	lijěxa
лијечити	lijěːtʃiti
лијечник	lijêːtʃniːk
лијечница	lijêːtʃnitsa
лињати	lǐɲati
лобања	lǒbaɲa
лоби	lôbi
лоботомија	lobotǒmija
лов	lôːʋ
лова	lǒːʋa
ловац	lǒʋats
ловачки	lǒʋatʃkiː
ловаш	lǒʋaːʃ
ловина	lôʋina
ловити	loviti
ловити	lǒʋiti
ловиште	lôʋiːʃte
ловокрадица	loʋokrǎditsa
ловопазитељ	loʋopǎziteʎ
ловор	lôʋoːr
ловоров	lôʋoroʋ
ловостај	lôʋostaːj
ловочувар	loʋotʃǔʋaːr
ловочуварски	loʋotʃǔʋaːrskiː
ловџија	lǒʋdʒija
лог	lôːg
логаритам	logarǐtam
логаритамски	logarǐtamski
логаритамски	logarǐtamskiː
логика	lɔgika
логичан	lǒgitʃan
логичар	lǒgitʃaːr
логички	lǒgitʃkiː
логично	lǒgitʃno
логор	lôːgor
логораш	logǒraːʃ
логоровати	lôːgoroʋati
логос	lôːgos
ложач	lǒʒaːtʃ
ложачки	lǒʒaːtʃki
ложачки	lǒʒaːtʃkiː
ложити	lǒʒiti
ложиште	lôʒiːʃte
ложница	lǒːʒnitsa
лозница	loɣnitsa
локал	lǒkaːl
локалан	lǒkaːlan
локати	lǒkati
локатив	lôkatiːʋ
локаут	lǒkaːut
локација	lokǎːtsija
локва	lôkʋa
локвањ	lǒkʋaːɲ
локна	lǒkna
локомотива	lokomotǐːʋa
локомоција	lokomǒːtsija
локум	lǒkum
лола	lǒːla
лом	lôːm
ломан	lôːman
ломача	lǒmatʃa
ломбард	lǒmbaːrd
ломбардирати	lombardǐːrati
ломбардија	lombǎrdija
ломити	lǒmiti
ломљава	lǒmʎaʋa
ломљив	lǒmʎiʋ
ломљивост	lǒmʎiʋoːst
лонац	lǒnats
лонгитуда	longitǔːda
лонгитудиналан	lôngitudinaːlan
лондон	lǒndoːn
лондонац	londǒːnats
лондонка	lǒndoːnka
лондонски	lǒndoːnskiː
лончар	lǒntʃaːr
лончарија	lontʃǎrija
лончарница	lǒntʃaːrnitsa
лончарски	lǒntʃaːrski
лончарски	lǒntʃaːrskiː
лончарство	lontʃǎːrstʋo
лонче	lǒntʃe
лончина	lǒntʃina
лончић	lǒntʃitɕ
лопар	lǒpaːr
лопата	lǒpata
лопатар	lǒpataːr
лопатаст	lǒpatast
лопатица	lǒpatitsa
лопатични	lǒpatitʃniː
лопов	lǒːpoʋ
лоповина	lopǒʋina
лоповлук	lopǒʋluk
лоповски	lǒpoʋskiː
лоповчина	lopǒʋtʃina
лоповштина	lopǒːʋʃtina
лопоч	lôpoːtʃ
лопочика	lopǒtʃika
лопта	lôpta
лоптаст	lôptast
лоптати	lôptati
лоптица	lôptitsa
лопужа	lǒpuʒa
лорд	lôrd
лордовски	lǒrdoʋski
лордовски	lǒrdoʋskiː
лорњет	lǒrɲet
лорњон	lǒrɲoːn
лос	lôs
лосион	losǐoːn
лосос	lôsos
лотос	lôtos
лоцирати	lotsǐːrati
лош	los
лош	lôʃ
лођа	lôdʑa
лој	lôːj
лојалан	lǒjaːlan
лојално	lǒjaːlno
лојалност	lojǎːlnoːst
лојница	lǒːjnitsa
лубеница	luběnitsa
луд	lûːd
луда	lûda
лудак	ɫudak
лудача	lǔdatʃa
лудети	lǔːdeti
лудило	lǔdilo
лудирати	ludǐːrati
лудити	lǔːditi
лудница	lǔːdnitsa
луднички	lǔːdnitʃkiː
лудо	lûːdo
лудовати	ludǒʋati
лудорија	ludǒrija
лудост	lûdoːst
луду	mudu
лудјети	lǔːdjeti
луес	lǔes
луетичан	luětitʃan
луетичар	luětitʃaːr
лужички	lûʒitʃkiː
лук	lûk
лук	lûːk
лук	ɫuk
лука	lǔːka
лукав	lûkaʋ
лукавац	lûkaʋats
лукавство	lûkaːʋstʋo
лукавштина	lukaːoʋɛʃtina
лукобран	lûkobraːn
лукративан	lûkratiːʋan
лукративно	lûkratiːʋno
луксембург	lûksemburg
луксембуржанин	luksembǔːrʒanin
луксембуршки	lǔksemburʃkiː
луксузан	lǔksuzan
луксузно	lǔksuzno
лула	lǔla
лунаран	lǔnaːran
лупати	lǔːpati
лупање	lǔːpaːɲe
лупешки	lǔːpeʃki
лупешки	lǔːpeʃkiː
лупештво	lǔːpeʃtʋo
лутак	lǔːtak
луталац	lǔːtalats
луталица	lǔːtalitsa
лутати	lǔːtati
лутеран	lutěraːn
лутерански	lutěraːnskiː
лутка	ɫutka
лутрија	lǔtrija
лутња	lǔːtɲa
луфт	lûft
луфтирати	luftǐːrati
луцидан	lûtsiːdan
луцидно	lûtsiːdno
луцифер	lutsifeɾ
луцифер	lǔtsifer
луцкаст	lûtskast
луцкасто	lûtskasto
луцкастост	lûtskastoːst
луч	lûːtʃ
лучевина	lǔtʃeʋina
лучи	lutsi
лучити	lǔːtʃiti
лучни	lûːtʃniː
лучоноша	lutʃǒnoʃa
луђак	lǔdʑaːk
луђачки	lǔdʑaːtʃki
луђачки	lǔdʑaːtʃkiː
луња	luːɲˈa
м	m
маjка	majka
магарац	mǎgarats
магаре	mǎgare
магарица	mǎgaritsa
магарице	magaritsɛ
магацин	magatsʲin
магистар	magǐstar
магичан	mǎgitʃan
магичар	mǎgitʃaːr
магично	mǎgitʃno
магичност	mǎgitʃnoːst
магија	mǎgija
магијски	mǎgiːjski
магијски	mǎgiːjskiː
магла	mǎgla
маглина	mǎglina
маглица	mǎglitsa
магличаст	mǎglitʃast
магловит	maglǒʋit
магловито	maglǒʋito
магма	mǎgma
магнат	mǎgnaːt
магнет	mǎgneːt
магнетизам	magnetǐzam
магнетит	magnětiːt
магнетичан	magnětitʃan
магнетни	mǎgnetniː
магнетски	mǎgneːtski
мадагаскар	madagǎskaːr
мадеж	mâdeʒ
мадеира	maděira
мадрас	mǎdras
мадрац	mǎdrats
мадригал	madrǐgaːl
мадригалист	madrigǎlist
мадрид	mǎdriːd
маестро	maěstro
мазати	mâzati
мазити	mǎːziti
мазохизам	mazoxǐzam
мак	mâk
макадам	mǎkadam
макадамски	mǎkadamskiː
маказе	makaˈze
маказе	mǎkaze
макар	mǎkar
македонац	makedǒːnats
македонија	makědoːnija
македонка	makědoːnka
македонски	makědoːnskiː
македонче	makedǒːntʃe
макета	makěta
макетар	makětaːr
маклен	mâklen
макнути	mǎknuti
маковњача	makǒʋɲatʃa
макро	mâkro
макроклима	mâkrokliːma
макси	mâksi
максималан	mâksimaːlan
максималне	maːksimaːlne
максимално	mâksimaːlno
максимум	mǎksimum
макљен	mâkʎen
мал	mâːl
малa	maːla
малави	malâːʋi
малавијски	malâːʋiːjskiː
малаксавати	malaksǎːʋati
малаксати	malǎksati
маларичан	malǎritʃan
маларија	mǎlaːrija
малашан	mâlaːʃan
малашност	mâlaːʃnoːst
малајски	mǎlajskiː
малезија	mǎleːzija
мален	malɛn
мален	mǎlen
малешан	mâleːʃan
мали	malj
мали	mâːli
малик	mǎlik
малициозан	mâlitsioːzan
малициозно	mâlitsioːzno
малијац	malǐːjats
малијски	mâːliːjskiː
мало	maːlo
мало	mâlo
малоазијски	maloâːziːjskiː
малобројан	mâlobroːjan
малограђанин	malǒgradʑanin
малограђанка	malǒgradʑaːnka
малограђански	malǒgradʑanskiː
малодушан	malǒduʃan
малодушно	malǒduʃno
малодушје	malǒduːʃje
малокрван	ma˩˥ːlɔkrvan
малолетан	malolětan
малолетан	mâloletan
малолетник	mâloletniːk
малолетница	mâloletnitsa
малолетнички	mâloletnitʃkiː
малопре	mâlopre
малоприје	mâloprije
малопродаја	maloprǒdaja
малопродајни	maloprǒdaːjniː
малоуман	mâlouːman
малоумник	mâlouːmniːk
малоумност	mâlouːmnoːst
малочас	mâlotʃas
малољетан	maloʎětan
малољетан	mâloʎetan
малољетник	mâloʎetniːk
малољетница	mâloʎetnitsa
малољетнички	mâloʎetnitʃkiː
малта	mâːlta
малтежанин	maltěːʒanin
малтер	mǎlter
малтера	malt̪eɾa
малтешки	mǎlteːʃkiː
мама	mâma
мамити	mǎːmiti
мамица	mâmitsa
мамлаз	mǎmlaz
мамуран	mâmuːran
мамурлук	mamǔrluk
мамурност	mâmuːrnoːst
мамут	mǎmut
мана	mâna
мана	mǎːna
манасија	manasja
манастир	mânastiːr
манастирски	mânastiːrskiː
манган	mǎngaːn
манго	mˈaŋgo
мангуп	mǎngup
мандарин	mandǎriːn
мандарина	mandarǐːna
мандарински	mandǎriːnski
мандарински	mandǎriːnskiː
мандат	mǎndaːt
мандић	mˈanˈdˈits
мандолина	mandolǐːna
мандрагора	mandrǎgora
мандула	mândula
манекенка	maněkeːnka
манжета	manʒɛta
манила	mânila
манипулација	manipulǎːtsija
манир	mǎniːr
манира	manǐːra
манијак	mǎnijaːk
мантра	mântra
манускрипт	mǎnuskript
маоизам	maoǐzam
маорски	mâorskiː
мапа	mâpa
мар	mâːr
марама	mǎrama
марамица	mǎramitsa
маран	mâːran
маратон	mâratoːn
марва	mâːrʋa
маргарета	margarɛta
маргиналан	mârginaːlan
марелица	marělitsa
маримба	marǐmba
марионета	marioněta
марити	mǎːriti
марихуана	marixuǎna
марија	mǎrija
маркетинг	mǎrketing
маркиз	mǎrkiːz
маркиза	markǐːza
марксизам	marksǐzam
мароканац	marokǎːnats
марокански	marǒkanskiː
мароко	marǒko
марс	mârs
марсовски	mârsoʋski
марсовски	mârsoʋskiː
март	mârt
март	mˈaɾt
мартовски	mârtoʋskiː
марципан	martsǐpaːn
марш	mârʃ
маршал	mǎrʃaːl
марљив	mǎrʎiʋ
марљиво	mǎrʎiʋo
марљивост	mǎrʎiʋoːst
масажа	masǎːʒa
масакр	masǎkr
масер	mǎseːr
масив	mǎsiːʋ
масиван	mâsiːʋan
масивно	mâsiːʋno
маскота	maskǒta
маскулизам	maskulǐzam
маскулинизам	maskulinǐzam
маслац	mâslats
маслачак	maslǎːtʃak
маслина	maslna
маслина	mǎslina
маслиновина	mǎslinoʋina
масло	mâslo
масница	mǎsnitsa
масноћа	masnǒtɕa
масован	mâsoːʋan
масовно	mâsoːʋno
маст	mâːst
маст	mɑːst
мастан	mǎːstan
мастодонт	mastǒdont
мастурбирати	masturbǐːrati
матану	matano
матасовић	matǎːsoʋitɕ
матасовић	mǎtasoʋitɕ
математички	matɛmatitʃki
материн	mâterin
матерински	mâteriːnski
матерински	mâteriːnskiː
материја	mǎteːrija
материјал	materǐjaːl
материјала	materiala
материјалан	mâterijaːlan
материјализам	materijalǐzam
материјалистички	materijalǐstitʃki
материјалистички	materijalǐstitʃkiː
материјално	mâterijaːlno
материњи	mâteriɲiː
матерњи	mǎteːrɲiː
мати	matˈe
мати	mâti
матица	mâtitsa
матрапаз	matrǎpaz
матрица	matrǐtsa
матријарх	matrǐjarx
матријархални	mâtrijarxaːlniː
матријархат	matrijǎrxaːt
маузолеј	mauzǒlej
маурицијус	maurîːtsijus
мафиокрација	mafiokrǎtsija
мафија	mǎfija
мафијаш	mafǐjaːʃ
махала	mǎxala
махараџа	mâxaradʒa
махати	maːˈxati
махати	mǎːxati
махнути	mǎːxnuti
маховина	mǎxoʋina
махом	mâːxom
маца	mǎːtsa
мацан	mǎtsan
мач	mâtʃ
мачва	matʃva
мачевалац	matʃěʋalats
мачевати	mâtʃeʋati
мачевање	mâtʃeʋaːɲe
мачка	mâtʃka
мачкица	mâtʃkitsa
мачор	mâtʃor
мачји	mâtʃjiː
машина	maʃǐːna
машинерија	maʃiněrija
машити	mâʃiti
машта	masta
машта	maːʃta
машта	mǎʃta
маштати	mǎʃtati
маштовит	maʃtǒʋit
маштовито	maʃtǒʋito
мађар	mǎdʑaːr
мађарска	mâdʑarskaː
мађарски	mâdʑarski
мађарски	mâdʑarskiː
мађионичар	madʑiǒnitʃaːr
мај	mâj
мајестетичан	majestětitʃan
мајка	mâːjka
мајкин	mâːjkiːn
мајкрософт	mǎjkrosoft
мајмун	mǎjmun
мајмун	mˈaɪmun
мајмунски	mǎjmunskiː
мајмунче	mǎjmuntʃe
мајонеза	majoněːza
мајор	mǎjoːr
мајски	mǎjskiː
мајстор	mâːjstor
мајушан	mâjuːʃan
мајчин	mâːjtʃiːn
мајчински	mâːjtʃiːnski
мајчински	mâːjtʃiːnskiː
маљ	mâːʎ
мањак	mǎːɲak
мање	maːnjɛ
мањи	maːnjɛ
мањина	maɲǐna
мањински	mǎɲiːnskiː
мањкавости	manjkavostsi
мањкати	mǎɲkati
маћеха	mâtɕexa
маћи	mâtɕi
маџар	mǎdʒaːr
маџарска	mâdʒarskaː
мегабајт	mêgabajt
мегалосаур	megalosǎur
мегдан	měgdaːn
мед	mêːd
медаља	mědaʎa
медвед	mědʋed
медведица	mědʋeditsa
медведић	mědʋeditɕ
медвеђа	medʋeðja
медвеђи	mědʋedʑiː
медвјед	mědʋjed
медвједица	mědʋjeditsa
медвједић	mědʋjeditɕ
медвјеђи	mědʋjedʑiː
меден	mêden
медитеран	meditěraːn
медитерански	meditěraːnski
медитерански	meditěraːnskiː
медицина	meditsǐːna
медицински	mêditsiːnskiː
медиј	mêːdiːj
медијан	medǐjaːn
медијатор	medǐjatoːr
медијски	mêːdiːjski
медијски	mêːdiːjskiː
медуза	medǔːza
меза	měza
мезанин	mezǎniːn
мезе	měze
мезон	mězoːn
мезопауза	mêzopauza
мезопотамија	mezopotâːmija
мезопотамски	mezopǒtaːmskiː
мезосфера	mezosfěːra
мек	mêk
мека	mêka
мекан	mêkan
мекано	mêkano
меканост	mêkanoːst
мекика	mʲekʲika
мекоћа	mekǒtɕa
мексиканац	meksikǎːnats
мексикански	meksǐkaːnski
мексикански	meksǐkaːnskiː
мексико	měksiko
мексички	měksitʃkiː
мектеб	měkteb
мекушан	mêkuʃan
мекушац	mekǔːʃats
мекшати	měkʃati
меланом	melǎnoːm
меланцана	melǎntsaːna
меласа	melǎsa
мелек	mělek
мелем	mělem
мелећ	měletɕ
мелиорација	meliorǎːtsija
мелодиозан	mêlodioːzan
мелодичан	melǒditʃan
мелодично	melǒditʃno
мелодија	měloːdija
мелодрама	mêlodraːma
мелодраматичан	melodramǎtitʃan
мембрана	membrǎːna
мементо	memento
мемоар	memǒaːr
меморандум	memorǎndum
меморија	měmoːrija
мена	měːna
менаџер	měnadʒer
мене	men
мене	mêne
меневиш	meneʋiʃ
менеџер	měnedʒer
мени	mêni
мени	měniː
мени	mˈɛni
меница	mênitsa
менопауза	menopǎuza
менталитет	mentalǐteːt
ментални	měntaːlniː
мера	mêra
мера	mˈɛra
мерак	měraːk
мерач	měraːtʃ
меридијан	meridǐjaːn
мерилац	mêrilats
мерило	mêrilo
мерити	mêriti
меркур	měrkuːr
мермер	mêrmer
мерхаба	mêrxaːba
мерљив	měrʎiʋ
месар	mêsaːr
месец	mêseːts
месецима	mesěːtsima
месецима	mɛseˈtsima
месечар	mêsetʃaːr
месечарка	mêsetʃaːrka
месечина	mêsetʃina
месечни	mêsetʃniː
месечно	mêsetʃno
месити	mesiti
месија	měːsija
меснат	měsnat
месни	mêsniː
месни	měːsniː
месно	mêsno
месо	mêːso
местанце	mestǎːntse
местарина	mestǎrina
месташце	mestǎːʃtse
мести	mêsti
местимице	městimitseː
местимичан	městimitʃan
местимично	městimitʃno
место	mêsto
местовина	mestǒʋina
местопис	mêstopiːs
мета	měːta
метаболизам	metabolǐzam
метак	mêtak
метал	mětaːl
металан	mětaːlan
металургија	metalǔrgija
метаморфоза	metamorfǒːza
метан	mětaːn
метанол	metǎnoːl
метатеза	metǎteza
метати	mětati
метафора	metafˈorˈa
метафора	metǎfora
метафоричан	metafǒritʃan
метафорички	metafǒritʃki
метафорички	metafǒritʃkiː
метафорично	metafǒritʃno
метвица	mětʋitsa
метеж	měːteʒ
метеор	metěoːr
метеорологија	meteorolǒgija
метеоролошки	meteorǒloʃki
метеоролошки	meteorǒloʃkiː
метил	mětiːl
метионин	metiǒniːn
метла	metæla
метла	mětla
метнути	mětnuti
методологија	metodolǒgija
методолошки	metodǒloʃki
методолошки	metodǒloʃkiː
метрички	mětritʃki
метрички	mětritʃkiː
метрологија	metrolǒgija
метропола	metrǒpola
мех	mêːx
механа	mexǎna
механизам	mexanǐzam
механика	mexǎnika
механички	mexǎnitʃki
механички	mexǎnitʃkiː
мехур	mêxuːr
мехураст	mexǔrast
мехурић	mexǔritɕ
мечка	mêtʃka
мешавина	měʃaʋina
мешалица	měːʃalitsa
мешанац	meʃǎːnats
мешати	měːʃati
мешина	měʃina
мешкољити	meʃkǒʎiti
мешовит	meʃǒʋit
мештанин	měʃtanin
мештанка	měʃtaːnka
мешће	mêʃtɕe
међа	mědʑa
међица	mědʑitsa
међу	mêdʑu
међувреме	medʑuʋrěːme
међувријеме	medʑuʋrijěːme
међународни	medʑunǎːrodniː
међусобан	mêdʑusoban
међусобно	mêdʑusobno
међутим	medʑǔtiːm
међутим	medʒutiːm
мејдан	mějdaːn
мејит	mějit
мењати	měːɲati
мењач	měɲaːtʃ
мењачница	měɲaːtʃnitsa
мећава	mětɕaʋa
ми	mîː
ми	mˈi
мигољити	migǒʎiti
мизантропија	mizantrǒpija
микоза	mˈikˈosa
микроб	mǐkroːb
микробиологија	mikrobiolǒgija
микроорганизам	mikroorganǐzam
микроскопски	mîkroskopski
микроскопски	mîkroskopskiː
микрофон	mîkrofoːn
милано	milâːno
милиметар	mǐlimetar
милина	miljna
милион	milǐoːn
милионима	miljoːnima
милитантан	militǎntan
милитаран	mîlitaːran
милитаризам	militarǐzam
милитаризација	militarizǎːtsija
милица	mʲilʲitsam
милиција	mǐliːtsija
милија	miliːa
милијарда	milǐjaːrda
милијун	milǐjuːn
мило	mîlo
миловати	mîloʋati
милосрдан	mîlosrːdan
милосрдност	mîlosrːdnoːst
милостив	mǐlostiːʋ
милостиво	milǒstiʋo
милош	mîloʃ
милош	mǐloʃ
милошевић	milǒːʃeʋitɕ
мимар	mǐmaːr
мимо	mîmo
минарет	minǎːret
минерал	miněraːl
минерални	mîneraːlniː
минералог	minerǎlog
минералогија	mineralǒgija
минималан	mînimaːlan
минимализам	minimalǐzam
минималистички	minimalǐstitʃki
минималистички	minimalǐstitʃkiː
минимално	mînimaːlno
минимум	mǐnimum
минирати	minǐːrati
минијатура	minijatǔːra
минијатурни	mînijatuːrniː
минск	mjˈnsk
минут	mǐnuːt
минута	minuto
минута	minǔːta
минути	mǐːnuti
минхен	mǐnxen
минђуха	mǐndʑuxa
минђуша	mǐndʑuʃa
мио	mîo
миомир	miomiɾ
мир	mîːr
мир	mˈiɾ
мираз	mîraːz
миран	mǐːran
мирис	mîriːs
мирисан	mîriːsan
мирисати	mirǐsati
мирити	mǐːriti
мирко	mǐːrko
мирно	mîːrno
мирноћа	mirnǒtɕa
мировати	mirǒʋati
мировина	mirǒʋina
мировински	mîroʋiːnskiː
мировни	mîroːʋniː
мирослав	mîroslaʋ
мирољубив	miroʎǔbiʋ
мирољубивост	miroʎǔbiʋoːst
мирта	mîːrta
мисал	mǐsaːl
мисао	mîːsao
мисионар	misiǒnaːr
мисир	mǐsiːr
мисирски	mǐsiːrskiː
мисија	mǐsija
мислилац	mǐslilats
мислим	miːslim
мислити	mîsliti
мистериозан	mîsterioːzan
мистериозно	mîsterioːzno
мистериј	mǐsteːriːj
мистицизам	mistitsǐzam
мистичан	mǐstitʃan
мистично	mǐstitʃno
мити	mîti
митолог	mitǒlog
митологија	mitolǒgija
митолошки	mitǒloʃki
митолошки	mitǒloʃkiː
митраљез	mitrǎʎeːz
митски	mîːtskiː
мицати	mîtsati
мицић	mitsitʃ
мицрософт	mǎjkrosoft
миш	mîʃ
миш	mʃ
мишар	mîʃaːr
мишар	mʲiʂar
мишица	mîʃitsa
мишић	mǐʃiːtɕ
мишићав	mǐʃitɕaʋ
мишићни	mǐʃiːtɕniː
мишоловка	mǐʃoloːʋka
мишји	mîʃjiː
мишљење	mîʃʎeːɲe
мијат	mjat
мијена	mijěːna
мијех	mijêːx
мијешалица	mijěʃalitsa
мијешати	mjěːʃati
мијењати	mjěːɲati
миља	mîːʎa
миљеник	mîʎeniːk
миљеница	mîʎenitsa
млад	mlâːd
млада	mlâːda
младеж	mlâdeʒ
младенац	mlǎdenats
младић	mlǎdiːtɕ
младожења	mladǒʒeɲa
младост	mlâdoːst
младунче	mladǔːntʃe
млажњак	mlâːʒɲaːk
млак	mlâːk
млако	mlâːko
млат	mlâːt
млатилица	mlǎtilitsa
млатило	mlǎtilo
млатити	mlǎːtiti
млезиво	mlêziːʋo
млекар	mlěkaːr
млекара	mlěkara
млекарски	mlěkaːrskiː
млеко	mlěːko
млетачки	mlêtatʃkiː
млети	mlêti
млеч	mlêːtʃ
млечика	mlětʃika
млечни	mlêːtʃniː
млечњак	mlêːtʃɲaːk
млин	mlîn
млин	moin
млинар	mlînaːr
млитав	mlîtaʋ
млитавац	mlîtaʋats
млитавост	mlîtaʋoːst
млијеко	mlijěːko
млијеч	mlijêːtʃ
млијечни	mlijêːtʃniː
млијечњак	mlijêːtʃɲaːk
млохав	mlôxaʋ
мнење	mněːɲe
мнити	mnîti
мнијење	mnijěːɲe
многи	mnôgiː
многих	mnoɣix
много	mnôgo
много	mnɔgo
многобројан	mnôgobroːjan
многоврстан	mnogǒʋrstan
многоженство	mnogoʒěːnstʋo
многостран	mnogǒstran
многострук	mnogǒstruk
многострукост	mnogǒstrukoːst
многољудан	mnogǒʎudan
множив	mnǒʒiʋ
множина	mnoʒǐna
множити	mnǒʒiti
мном	mnôːm
мноме	mnǒːme
мноштво	mnǒʃtʋo
мобилан	môbiːlan
мобилизација	mobilizǎːtsija
мобилност	mobǐːlnoːst
мог	mˈok
могао	mogaː
могла	mɔgla
могле	mo˥˩ːgle
могу	mogu
могућ	môguːtɕ
могуће	môguːtɕe
могућност	mogǔːtɕnoːst
мода	mǒːda
модалитет	modalǐteːt
модар	môdar
модел	mǒdel
моделирати	modelǐːrati
модем	mǒdeːm
модеран	môdeːran
модернизам	modernǐzam
модернизација	modernizǎːtsija
модификација	modifikǎːtsija
модни	môːdniː
модрина	modrǐna
можда	mǒʒda
може	duxu
мозак	moːzək
мозамбик	mozǎmbik
мозга	mˈɔzga
мокар	môkar
мол	môːl
молдавија	mǒldaːʋija
молебан	molɛban
молекула	molěkula
молибден	mˌoːliːbɪdˌɛn
молитва	moritva
молитва	mǒlitʋa
молити	mǒliti
момак	mǒmak
момак	mˈɔmak
моменат	moment̪
момчад	mômtʃaːd
момче	mǒmtʃe
монако	mǒnako
монарх	mǒnarx
монархија	monǎrxija
монах	mǒnax
монгол	mǒngoːl
монголија	mǒngoːlija
монголка	mǒngoːlka
монголски	mǒngoːlski
монголски	mǒngoːlskiː
монетаризам	monetarǐzam
монетарни	mônetaːrniː
монизам	monǐzam
монитор	mǒnitor
моногамија	monogǎmija
монографија	monogrǎfija
монолит	monǒliːt
монолитан	monǒlitan
монолог	monǒlog
моном	mǒnoːm
монопол	mônopol
монотеизам	monoteǐzam
монотон	mônoton
монотонија	monotǒnija
монотоно	mônotoːno
монструм	monstru
монструм	mǒnstrum
монструозан	mônstruoːzan
монсун	mǒnsuːn
монтанизам	montanǐzam
монтенегро	montenego
мора	môra
мора	môːra
мора	mǒːra
морава	moːɾava
морал	mǒraːl
моралан	mǒraːlan
морализам	moralǐzam
морално	mǒraːlno
морам	mɔram
морати	moːrati
морати	mǒːrati
морач	mǒraːtʃ
море	môːre
море	mˈore
морена	morěːna
морепловац	moreplǒːʋats
морж	môrʒ
мормон	mǒrmoːn
мормонизам	mormonǐzam
морнар	mǒrnaːr
морнарица	mornǎritsa
морски	mǒrskiː
морталитет	mortalǐteːt
морфем	mǒrfeːm
морфема	morfěːma
морфеј	mǒrfej
морфизам	morfǐzam
морфологија	morfolǒgija
москва	môskʋa
московски	mǒskoʋskiː
мост	môːst
мост	mɔːst
мостра	mǒstra
мотати	mǒtati
мотел	mǒteːl
мотив	mǒtiːʋ
мотивација	motiʋǎːtsija
мотивирати	motiʋǐːrati
мотика	mǒtika
мотка	môtka
мотовило	motǒʋilo
мотоцикл	motoˈtsiːko
мотрити	mǒtriti
мотриште	môtriːʃte
мохиканац	moxikǎːnats
мочвара	mǒtʃʋara
мочваран	môtʃʋaːran
мочити	mǒtʃiti
мошеја	moʃěːja
мошнице	môʃnitse
мошт	môʃt
мошња	mǒʃɲa
мој	môːj
мојсије	mǒːjsije
мољац	mǒːʎats
моћ	môːtɕ
моћан	môtɕan
моћи	môtɕi
моћник	môtɕniːk
моћно	môtɕno
мрав	mrav
мрав	mrâːʋ
мраз	mras
мраз	mrâz
мрак	mraːk
мрак	mrâːk
мрамор	mrâmor
мрачан	mrǎːtʃan
мрачити	mrǎːtʃiti
мрачно	mrâːtʃno
мрва	mr̂ʋa
мрвити	mr̂ʋiti
мрети	mrêːti
мрзети	mřːzeti
мрзовољан	mr̂zoʋoːʎan
мријети	mrjêːti
мрк	mr̂k
мрков	mřkoʋ
мрмљати	mřmʎati
мрс	mr̂ːs
мртав	mřtaʋ
мртворођенче	mr̩tʋorǒdʑeːntʃe
мршав	mr̂ʃaʋ
мршавити	mˌarʃaˈviti
мрља	mr̂ʎa
му	mˈu
мува	mǔʋa
муда	muːda
мудар	mǔːdar
мудар	mˈuːdɛr
мудо	mǔːdo
мудоња	mǔːdoɲa
мудрац	mǔdrats
мудри	sudri
мудро	mˈudrɔ
мудрост	mǔːdroːst
муж	mûːʒ
муж	mˈuʒ
мужар	mǔʒaːr
мужача	mǔʒatʃa
мужеван	mûʒeːʋan
мужевно	mûʒeːʋno
мужевност	muʒěːʋnoːst
мужјак	mûʒjaːk
муза	mǔːza
музеј	mǔzej
музејски	mǔzeːjski
музејски	mǔzeːjskiː
музика	mǔzika
музикалан	mûzikaːlan
музикологија	muzikolǒgija
музичар	muːzitʃar
музлица	mûzlitsa
мук	mûːk
мука	mûka
мука	mǔːka
мукао	mǔːkao
мукати	mǔːkati
мукло	mûːklo
муклост	mǔːkloːst
мукнути	mǔːknuti
муком	mûːkom
мукотрпан	mûkotrːpan
мукотрпно	mûkotrːpno
мукотрпност	mûkotrːpnoːst
мукташ	mǔktaːʃ
мукте	mûkteː
мула	mûla
мулац	mǔːlats
муло	mûːlo
мултилатералан	mǔltilateraːlan
мултилатерализам	multilateralǐzam
мултипликатор	multiplǐkaːtor
мумија	mûːmija
мумљати	mǔmʎati
мунара	munǎːra
мурва	mûːrʋa
мускулозан	mûskuloːzan
муслиман	muslǐmaːn
муслимански	muslǐmaːnskiː
мусти	mûsti
мустра	mûstra
мутав	mûtaʋ
мутавац	mûtaʋats
мутан	mǔːtan
мутан	mˈutan
мутант	mutan
мутација	mutǎːtsija
мутити	mǔːtiti
муфлон	muflɔn
муфтија	mǔftija
муха	mǔxa
мухар	mûxaːr
мухар	mǔxaːr
мухарем	muxǎrem
мухендис	muxěndis
мухоловка	mˈuːxolofka
муцати	mûtsati
муцање	mûtsaːɲe
муци	mɔtsi
мучан	mûtʃan
мучати	mǔːtʃati
мучен	mûtʃen
мученик	mûtʃeniːk
мученица	mûtʃenitsa
мученички	mûtʃenitʃkiː
мучеништво	mûtʃeniːʃtʋo
мучитељ	mǔtʃiteʎ
мучитељица	mutʃitěʎitsa
мучити	mûtʃiti
мучно	mûtʃno
мушема	muʃěma
мушица	mǔʃitsa
мушичав	mǔʃitʃaʋ
мушичавост	mǔʃitʃaʋoːst
мушкарац	muʃkaːrats
мушкарац	muʃkǎːrats
мушкарца	muʃkaːrtsɨ
мушкатл	muʃkǎtl
мушки	mûʃki
мушки	mûʃkiː
мушко	mˈuʃka
мушкост	mûʃkoːst
мушку	mˈusku
мушмула	mǔʃmula
муштерија	muʃtěrija
муштра	mûʃtra
муштрати	mûʃtrati
мујезин	mujěziːn
муљ	mûːʎ
муљав	mûʎaʋ
муљевит	muʎěʋit
муња	mǔːɲa
муње	munʲe
муњевит	muɲěʋit
муњина	mǔɲina
муњовод	mûɲoʋoːd
мућкати	mûtɕkati
муџахедин	mudʒaxědiːn
мјеница	mjênitsa
мјера	mjêra
мјерач	mjěraːtʃ
мјерилац	mjêrilats
мјерило	mjêrilo
мјерити	mjêriti
мјерљив	mjěrʎiʋ
мјесец	mjêseːts
мјесецима	mjesěːtsima
мјесечар	mjêsetʃaːr
мјесечарка	mjêsetʃaːrka
мјесечина	mjêsetʃina
мјесечни	mjêsetʃniː
мјесечно	mjêsetʃno
мјесни	mjêsniː
мјесно	mjêsno
мјестанце	mjestǎːntse
мјестарина	mjestǎrina
мјесташце	mjestǎːʃtse
мјестимице	mjěstimitseː
мјестимичан	mjěstimitʃan
мјестимично	mjěstimitʃno
мјесто	mjêsto
мјестовина	mjestǒʋina
мјестопис	mjêstopiːs
мјехур	mjêxuːr
мјехураст	mjexǔrast
мјехурић	mjexǔritɕ
мјешавина	mjěʃaʋina
мјешанац	mjeʃǎːnats
мјешина	mjěʃina
мјешовит	mjeʃǒʋit
мјештанин	mjěʃtanin
мјештанка	mjěʃtaːnka
мјењач	mjěɲaːtʃ
мјењачница	mjěɲaːtʃnitsa
мљезиво	mʎêziːʋo
мљекар	mʎěkaːr
мљекара	mʎěkara
мљекарски	mʎěkaːrskiː
мљети	mʎêti
мљечика	mʎětʃika
н	n
н	χə
на	na
набавити	nǎbaʋiti
набављати	nǎbaʋʎati
набављач	nabǎʋʎaːtʃ
набављачица	nabaʋʎǎtʃitsa
набадати	nabǎːdati
набасавати	nabasǎːʋati
набасати	nabǎsati
набацивати	nabatsǐːʋati
набацити	nabǎːtsiti
набилдати	nǎbildati
набирати	nǎbirati
набити	nǎbiti
набијати	nabǐːjati
набијач	nabǐjaːtʃ
набијачица	nabijǎtʃitsa
набожан	nǎːboʒan
набожно	nǎːboʒno
набожност	nǎːboʒnoːst
набор	nǎːbor
набости	nǎbosti
набој	nǎːboj
набоље	nâboʎeː
набрати	nǎbrati
набрајати	nabrǎːjati
набрбљати	nǎbrbʎati
набрекнути	nabrěːknuti
набрзо	nâbrːzo
набројати	nabrǒjati
набројити	nabrǒjiti
набрусивати	nabrusǐːʋati
набрусити	nabrǔːsiti
набубати	nabǔːbati
набубрити	nǎbubriti
набусит	nǎbusit
набухнути	nǎbuxnuti
набујати	nabǔjati
навада	nâːʋada
навалити	naʋǎːliti
наваљивати	naʋaʎǐːʋati
навезати	naʋěːzati
навести	nǎʋesti
навести	nǎʋeːsti
навече	nâʋetʃeː
навечер	nâʋetʃeːr
навика	nâːʋika
навикавати	naʋikǎːʋati
навике	naavike
навикнути	nǎʋiknuti
навиком	naːvikɔm
навијач	naʋǐjaːtʃ
навићи	nǎʋitɕi
навлажити	nǎʋlaʒiti
навластито	nǎʋlastito
навод	nǎːʋod
наводити	naʋǒditi
наводни	nǎːʋodniː
наводник	nǎːʋodniːk
наводно	nǎːʋodno
навозити	naʋǒziti
наврат	nǎːʋrat
навратити	naʋrǎːtiti
навраћати	nǎʋratɕati
навреме	nâʋreːme
навријеме	nâʋrijeːme
наврх	naːvrx
наврх	nǎʋrx
наг	nâːg
нагао	nǎːgao
нагађати	nagǎːdʑati
нагиб	nǎːgib
нагињати	nǎgiɲati
наглавак	nǎːglaʋak
наглавачке	naglaʋǎtʃkeː
наглавце	naglǎʋtseː
наглас	nâglaːs
нагласак	nǎːglasak
нагласити	naglǎːsiti
наглашавати	naglaʃǎːʋati
нагло	nâːglo
нагнути	nǎgnuti
наговарати	nagoʋǎːrati
наговест	nâgoʋeːst
наговестити	nagoʋěːstiti
наговештавати	nagoʋeʃtǎːʋati
наговешћивати	nagoʋeʃtɕǐːʋati
наговијест	nâgoʋijeːst
наговијестити	nagoʋijěːstiti
наговор	nâgoʋoːr
наговорити	nagoʋǒriti
наговјештавати	nagoʋjeʃtǎːʋati
наговјешћивати	nagoʋjeʃtɕǐːʋati
нагодба	nǎːgodba
нагодити	nagǒditi
нагон	nǎːgon
нагоне	naːgɔne
нагоре	nâgoreː
нагоре	nǎgore
награда	nâːgrada
наградити	nagrǎːditi
наградни	nâːgradniː
награђивати	nagradʑǐːʋati
нагрдити	nagřːditi
нагризати	nagrǐːzati
нагристи	nǎgristi
нагрнути	nagřːnuti
нагртати	nǎgrtati
нагрђивати	nagrdʑǐːʋati
нагуравати	nagurǎːʋati
нагурати	nagǔːrati
над	nâd
нада	nǎːda
надарен	nǎdaːren
надати	nǎːdati
надахнути	nadǎxnuti
надахњивати	nadaxɲǐːʋati
надајући	nadajutsi
надаље	nâdaʎeː
надбискуп	nǎdbiskup
надвисивати	nadʋisǐːʋati
надвисити	nadʋǐːsiti
надвити	nǎdʋiti
надвијати	nadʋǐːjati
надвладавати	nadʋladǎːʋati
надвладати	nadʋlǎːdati
надводни	nǎdʋodniː
надвожњак	nǎːdʋoʒɲaːk
надвор	nǎdʋoːr
надвође	nǎdʋoːdʑe
надвојвода	nâdʋojʋoda
надгледати	nadglěːdati
надгледник	nǎːdgledniːk
надев	nǎːdeʋ
надевати	naděːʋati
наденути	nǎdenuti
надесно	nâdesno
надеђа	nǎdedʑa
надживети	nadʒǐːʋeti
надживјети	nadʒǐːʋjeti
надживљавати	nadʒiʋʎǎːʋati
надзвучни	nǎdzʋutʃniː
надземаљски	nadzemǎʎskiː
надзирати	nǎdzirati
надзор	nǎːdzor
надзорник	nǎːdzoːrniːk
надимак	nǎːdimak
надимати	nǎdimati
надијевати	nadjěːʋati
надлактица	nǎdlaktitsa
надлежан	nǎːdleʒan
надлежност	nǎːdleʒnoːst
надлетати	nadlěːtati
надлетети	nadlěteti
надлетјети	nadlětjeti
надлијетати	nadlijěːtati
надмашивати	nadmaʃǐːʋati
надмашити	nǎdmaʃiti
надмоћ	nâdmoːtɕ
надмоћан	nâdmotɕan
надмоћно	nâdmotɕno
надница	nâdnitsa
надничар	nâdnitʃaːr
надничарка	nâdnitʃaːrka
надно	nˈagno
надобудан	nâdobuːdan
надовезати	nadoʋěːzati
надовезивати	nadoʋezǐːʋati
надоградити	nadogrǎːditi
надограђивати	nadogradʑǐːʋati
надокнада	nâdoknada
надокнадити	nadǒknaditi
надокнађивати	nadoknadʑǐːʋati
надоле	nǎdole
надомак	nadoˈmak
надоместак	nadǒmestak
надомјестак	nadǒmjestak
надописати	nadopǐːsati
надопуна	nâdopuna
надопунити	nadǒpuniti
надопуњавати	nadopuɲǎːʋati
надохват	nadɔxʋat
надоље	nǎdoʎe
надреализам	nadrealǐzam
надркан	nǎdr̩kaːn
надувеност	nadǔʋenoːst
надути	nǎduti
надјачавати	nadjatʃǎːʋati
надјачати	nadjǎtʃati
надјев	nǎːdjeʋ
надјенути	nǎdjenuti
надљудски	nâdʎudski
надљудски	nâdʎudskiː
нажалост	nâʒaloːst
назад	naːzad
назад	nâzaːd
назадан	nǎzadan
назадовати	nǎzadoʋati
назал	nǎzaːl
назални	nǎzaːlniː
назалност	nazǎːlnoːst
назвати	naˈzvati
назвати	nǎzʋati
наздравити	nǎzdraʋiti
наздрављати	nǎzdraʋʎati
назив	naziːv
назив	nǎːziʋ
називати	nazǐːʋati
називати	naˈzivati
назор	nǎːzor
назочан	nazoːtʃɑːn
наиван	nâiːʋan
наивац	naǐːʋats
наивно	naʲivna
наивност	naǐːʋnoːst
наивчина	naǐːʋtʃina
наизглед	nâizgleːd
наизменичан	naizměnitʃan
наизмјеничан	naizmjěnitʃan
наилазити	naǐlaziti
наиме	nǎime
наићи	nǎiːtɕi
наказа	nǎːkaza
наказан	nǎːkazan
наказити	nakǎːziti
накалемити	nakǎlemiti
накана	nâːkana
наканити	nakǎːniti
накањивати	nakaɲǐːʋati
накит	nakis
накит	nǎːkit
наклада	nâːklada
наклањати	nǎklaɲati
наклон	nǎːklon
наклонити	naklǒniti
наклоњен	nǎkloɲen
накнада	nâːknada
накнадити	nǎknaditi
накнађивати	naknadʑǐːʋati
наковањ	nâkoʋaɲ
након	nǎkon
накосивати	nakosǐːʋati
накосити	nakǒsiti
накосити	nakǒːsiti
накосутра	naːkɔsutra
накот	nǎkot
накратко	nâkratko
накриво	nâkriːʋo
накупити	nǎkupiti
накупљати	nakǔːpʎati
налаз	nǎːlaz
налазе	nalaseɾ
налази	naːɫazi
налазити	nǎlaziti
налазник	nǎlazniːk
налево	nâleːʋo
налик	nǎːlik
наликовати	nǎːlikoʋati
налич	nǎːlitʃ
налијево	nâljeːʋo
налог	nǎːlog
наломити	nalǒmiti
нам	nam
нам	nɛm
нама	nâma
намаз	nǎmaːz
намаз	nǎːmaz
намакати	namǎːkati
намакнути	namǎknuti
намамити	namǎːmiti
намамљивати	namamʎǐːʋati
намаћи	nǎmatɕi
наменити	naměːniti
намера	naːmɛra
намера	nâːmera
намеравати	namerǎːʋati
намеран	nǎːmeran
намерно	nǎːmerno
наместо	namɛsto
намет	nǎːmet
наметати	namětati
наметнути	nǎmetnuti
наметљив	namětʎiʋ
намештај	nâmeʃtaːj
намењивати	nameɲǐːʋati
намирница	naːmɪrnitsa
намицати	nǎmitsati
намијенити	namjěːniti
намлети	nǎmleti
намнажати	namnǎːʒati
намножавати	namnoʒǎːʋati
намножити	namnǒʒiti
намочити	namǒtʃiti
намјера	nâːmjera
намјеравати	namjerǎːʋati
намјеран	nǎːmjeran
намјерно	nǎːmjerno
намјештај	nâmjeʃtaːj
намјењивати	namjeɲǐːʋati
намљети	nǎmʎeti
нана	nǎːna
нанервирати	nanerʋǐːrati
нанишанити	naniʃǎːniti
наново	nânoʋo
наоблачивати	naoblatʃǐːʋati
наоблачити	naoblǎːtʃiti
наоколо	nâokolo
наопако	nâopaːko
наопачке	nâopatʃkeː
наоружавати	naoruʒǎːʋati
наоружати	naorǔʒati
наоружање	naoruʒǎːɲe
наочаре	nâotʃaːre
наочит	nǎotʃit
наоштрити	naǒʃtriti
напад	naːpad
нападан	nǎːpadan
нападати	nǎpadati
нападај	nâpadaːj
нападно	nǎːpadno
нападност	nǎːpadnoːst
напалм	nǎpalm
напамет	nâpameːt
напаст	nǎːpast
напасти	nǎpasti
напатити	nǎpatiti
напет	nâpeːt
напети	nǎpeːti
напето	nâpeːto
напећи	nǎpetɕi
написао	napisau
написати	napǐːsati
напитак	nǎːpitak
напити	nǎpiti
напијати	napǐːjati
напињати	nǎpiɲati
наплата	nâːplata
напокон	nâpokon
напола	nâpola
напомена	nâpomena
напоменути	napoměːnuti
напоменути	napo˥˩ːme˥˩ːnu˩˥ːti˥˩
напомињати	napǒmiɲati
напон	nǎːpon
напор	nǎːpor
напоран	nǎːpoːran
напорно	nǎːpoːrno
напослетку	naposlěːtku
напосљетку	naposʎěːtku
напојница	nǎːpoːjnitsa
напоље	nâpoʎe
напољу	nâpoʎu
направа	naprava
направа	nâːpraʋa
направе	napravɨ
направили	napravili
направити	nǎpraʋiti
напред	nâpreːd
напредак	nǎpredak
напредан	nǎpredan
напредовати	nǎpredoʋati
напредовање	nǎpredoʋaːɲe
напрем	nâprem
напрема	nǎprema
напричати	naprǐːtʃati
напријед	nâprjeːd
напросто	nâprosto
напротив	nâprotiːʋ
напртњача	nǎpr̩tɲatʃa
напунили	naːpuniːliː
напунити	nǎpuniti
напустити	napǔstiti
напушити	nǎpuʃiti
напуштати	napǔːʃtati
напуљ	nǎːpuʎ
нар	nâr
нар	nɑːr
наравно	nǎːraʋno
наранча	nǎraːntʃa
наранчаст	nǎraːntʃast
наранџа	nǎraːndʒa
наранџаст	nǎraːndʒast
наративан	nâratiːʋan
нарација	narǎːtsija
нарађати	narǎːdʑati
нард	nârd
наредба	nǎːredba
наредни	nǎːredniː
наредник	nǎːredniːk
наредница	nǎːrednitsa
наречје	nǎːretʃje
нарисати	nǎrisati
нарицати	narǐːtsati
наркоза	narkǒːza
нарколепсија	narkolěpsija
наркоман	narkǒmaːn
наркоманка	narkǒmaːnka
наркотик	narkǒtik
народ	nǎːrod
народити	narǒditi
народни	nǎːrodniː
народноослободилачки	narodnooslobǒdilatʃkiː
народност	nǎːrodnoːst
нарочит	nǎːrotʃit
нарочито	nǎːrotʃito
наруквица	nǎrukʋitsa
наручивати	narutʃǐːʋati
наручити	narǔːtʃiti
наручје	nǎːruːtʃje
наруџба	nǎːrudʒba
нарцизам	nartsǐzam
нарцис	nǎrtsis
нарцисизам	nartsisǐzam
нарјечје	nǎːrjeːtʃje
нас	nâːs
насамаривати	nasamarǐːʋati
насамарити	nasamǎːriti
насамо	nâsaːmo
населити	nasěliti
насеобина	nǎːseobina
насељавати	naseʎǎːʋati
насеље	nǎːseːʎe
насељен	nǎseʎen
насељеник	naseʎěniːk
насељеница	naseʎěnitsa
насељенички	naseʎěniːtʃkiː
насилан	nǎːsilan
насилни	nasioˈni
насилник	nǎːsiːlniːk
насилно	nǎːsilno
насип	nǎːsip
наситити	nǎsititi
насиље	nǎːsiːʎe
наслага	nâːslaga
наслањати	nǎslaɲati
наследан	nǎːsʎedan
наследити	naslěːditi
наследити	naslɛditi
наследник	nǎːsledniːk
наследница	nǎːslednitsa
наслепо	nâsleːpo
наслеђе	nǎːsleːdʑe
наслеђивати	nasledʑǐːʋati
наслеђивање	nasledʑǐːʋaːɲe
насликати	nǎslikati
наслиједити	naslijěːditi
наслијепо	nâslijeːpo
наслов	nǎːsloʋ
насловник	nǎːsloːʋniːk
наслон	nǎːslon
наслонити	naslǒniti
наслоњач	naslǒɲaːtʃ
наслутити	nasluˈtsiti
наслутити	naslǔːtiti
наслућивати	naslutɕǐːʋati
насмешити	nasměːʃiti
насмејавати	nasmejǎːʋati
насмејати	nasmějati
насмијавати	nasmijǎːʋati
насмијати	nasmǐjati
насмијешити	nasmjěːʃiti
насон	naso
наспавати	naspǎːʋati
наспати	nǎspati
насред	nâsred
насрнути	nasřːnuti
насртати	nǎsrtati
насртљив	nasřtʎiʋ
наставак	nǎːstaʋak
наставите	nastavite
наставити	nastavitim
наставити	nǎstaʋiti
настављати	nǎstaʋʎati
настављач	nastǎʋʎaːtʃ
настанак	nǎstanak
настанити	nastǎːniti
настао	nastau
настати	nǎstati
настајати	nǎstajati
настањивати	nastaɲǐːʋati
настојати	nǎːstojati
настрадати	nastrǎːdati
настран	nǎstran
настрано	nǎstrano
настраност	nǎstranoːst
наступ	nǎːstup
наступати	nastǔːpati
наступити	nastǔːpiti
насукати	nasǔːkati
насумице	nǎsumitseː
насумце	nǎsumtseː
насупрот	nâsuprot
насљедан	nǎːsʎedan
насљедник	nǎːsʎedniːk
насљедница	nǎːsʎednitsa
насљеђе	nǎːsʎeːdʑe
насљеђивати	nasʎedʑǐːʋati
насљеђивање	nasʎedʑǐːʋaːɲe
ната́ша	natoʃa
натални	nǎtaːlniː
натапати	natǎːpati
натенане	natenǎːne
натеравати	naterǎːʋati
натерати	nǎterati
натеривати	naterǐːʋati
натечај	nâtetʃaːj
наткрилити	natkrǐːliti
наткриљивати	natkriʎǐːʋati
натмурен	nǎtmuːren
натопити	natǒpiti
натраг	nâtraːg
натрашке	nâtraʃkeː
натукница	nǎtuknitsa
натуралан	nâturaːlan
натурализам	naturalǐzam
натјеравати	natjerǎːʋati
натјерати	nǎtjerati
натјеривати	natjerǐːʋati
натјечај	nâtjetʃaːj
наудити	nǎuditi
наука	nau̯ka
наука	nǎuka
науком	naukɔm
наум	nǎum
наумити	naǔmiti
наутички	naǔtitʃkiː
научан	nǎːutʃan
научити	naǔtʃiti
научник	nǎutʃniːk
наушница	nǎuʃnitsa
нафта	nâfta
нафта	nˈafˈtˈa
нафтовод	nâftoʋoːd
нахвалити	naxʋǎːliti
наход	nǎxod
нахоче	nǎxotʃe
нахранити	naxrǎːniti
нахрупити	naxrǔːpiti
нахрупљивати	naxrupʎǐːʋati
нахушкати	nǎxuʃkati
нацизам	natsǐzam
национализам	natsionalǐzam
националист	natsionǎlist
националистички	natsionalǐstitʃki
националистички	natsionalǐstitʃkiː
национални	nâtsionaːlniː
националност	natsionǎːlnoːst
нацист	nǎtsist
нација	nâːtsija
нацрт	natsɛrt
нацрт	nǎːtsr̩t
нацртати	nǎtsr̩tati
начела	natʃɛla
начелник	nǎːtʃelniːk
начело	natʃěːlo
начело	natʃɛˈlo
начин	naːtʃɪn
начин	nǎːtʃin
начинити	natʃǐniti
начитан	nâtʃitaːn
начути	nǎtʃuti
нашки	nâʃki
нашки	nâʃkiː
нађ	naːdʒʊ
најава	nâːjaʋa
најави	nˈajjɑʋi
најавио	najaviːɔ
најавити	najaviti
најавити	najǎːʋiti
најављивати	najaʋʎǐːʋati
најављивач	najaʋʎǐʋaːtʃ
најам	nǎːjam
најамни	nǎːjamniː
најамник	nǎːjamniːk
најамнина	najamnǐna
најахати	nǎjaxati
најбоље	najbolʲe
најбољу	najboɫju
најбуднији	najbudnɨji
највиши	naˈjviʃi
најгвирц	nǎjgʋirts
најдражи	najdɾaʒi
наједном	najědnoːm
најежити	najěːʒiti
најезда	nâjezda
најести	nǎjesti
најзад	nâjzad
најквирц	nǎjkʋirts
најлон	nǎjloːn
најприје	nâːjprije
најпростије	najprostie
најсировији	najsirɔʋiji
најслаткастији	najslatka˩˥ːstɪji
најстарији	najstarij
најужи	najuʐi
најуривати	najurǐːʋati
најурити	najǔːriti
наљутити	naʎǔːtiti
наћве	nâtɕʋe
наћи	naːtɕi
наћи	nǎːtɕi
не	ne
не	nɛ
неадекватан	nêadekʋaːtan
неактиван	nêaktiːʋan
небески	neběskiː
небитан	nêbiːtan
небитност	nêbiːtnoːst
небо	nɛbo
небог	něbog
небодер	nebodeɾ
небодер	nêbodeːr
небројен	něbrojen
небројено	něbrojeno
небулозан	nêbuloːzan
неважан	nêʋaːʒan
невелик	něʋelik
невера	něʋera
неверан	nêʋeran
неверица	něʋeritsa
неверник	něʋeːrniːk
неверница	něʋeːrnitsa
невернички	něʋeːrnitʃkiː
неверно	něʋerno
невеста	něʋesta
невешт	něʋeʃt
невидљив	neʋǐdʎiʋ
невидљиво	neʋǐdʎiʋo
невидљивост	neʋǐdʎiʋoːst
невин	nêʋiːn
невино	nêʋiːno
невиност	nêʋiːnoːst
невоља	něʋoʎa
невреме	nêʋreːme
невријеме	nêʋrjeːme
невјера	něʋjera
невјеран	nêʋjeran
невјерица	něʋjeritsa
невјерник	něʋjeːrniːk
невјерница	něʋjeːrnitsa
невјернички	něʋjeːrnitʃkiː
невјерно	něʋjerno
невјеста	něʋjesta
невјешт	něʋjeʃt
нега	nêga
нега	nɛga
негативан	nêgatiːʋan
негативац	negatǐːʋats
негативност	negatǐːʋnoːst
негатор	něgaːtor
негација	negǎːtsija
негве	nêgʋe
негда	nêgda
негде	nêgde
негдје	nêgdje
негирати	negǐːrati
него	nêgo
него	nɛgo
неговатељ	negǒʋateʎ
неговатељица	negoʋatěʎitsa
неговатељичин	negoʋatěʎitʃin
неговати	nêgoʋati
негодовати	něgodoʋati
негостољубив	negostoʎǔbiʋ
негостољубивост	negostoʎǔbiʋoːst
недаван	nêdaːʋan
недавно	nêdaːʋno
недалеко	nêdaleko
недвојбено	nedʋǒjbeno
недельа	nedɛla
недеља	nědeʎa
недељив	neděʎiʋ
недељни	nědeːʎniː
недовољан	nêdoʋoːʎan
недодирљив	nedodǐrʎiʋ
недоказив	nedokǎziʋ
недопустив	nedopǔstiʋ
недопустиво	nedopǔstiʋo
недоследан	nedǒsledan
недостатак	nedostǎːtak
недостајати	nedǒstajati
недостајући	nedǒstajuːtɕiː
недостижан	nêdostiʒan
недосљедан	nedǒsʎedan
недоумица	nedǒumitsa
недохватљив	nedoxʋǎtʎiʋ
недохватљивост	nedoxʋǎtʎiʋoːst
недра	nêdra
недруштвен	nědruʃtʋen
недужан	nêduːʒan
недужно	nêduːʒno
недјеља	nědjeʎa
недјељив	nedjěʎiʋ
недјељни	nědjeːʎniː
неефикасан	nêefikasan
нежан	nêʒan
нежељен	něʒeʎen
нежно	nêʒno
нежност	nêʒnoːst
незабораван	nêzaboraːʋan
незаборављив	nezaborǎʋʎiʋ
незавидан	nezǎːʋidan
независан	nezǎːʋisan
независно	nezǎːʋisno
независност	nezǎːʋisnoːst
незадовољан	nêzadoʋoːʎan
незадовољно	nêzadoʋoːʎno
незадовољство	nezadoʋǒːʎstʋo
незаконит	nezǎːkonit
незаконито	nezǎːkonito
незаконски	nezǎːkonskiː
незамењив	nezaměɲiʋ
незамећен	nezǎmeːtɕen
незамислив	nezamǐsliʋ
незамисливо	nezamǐsliʋo
незамијећен	nezǎmijeːtɕen
незамјењив	nezamjěɲiʋ
незанимљив	nezanǐmʎiʋ
незанимљиво	nezanǐmʎiʋo
незапажен	nezǎpaʒen
незапослен	nezǎposlen
незапосленост	nezǎposlenoːst
незаситан	nêzasitan
незаситно	nêzasitno
незаситљив	nezasǐtʎiʋ
незасићен	nezǎsitɕen
незахвалан	nêzaxʋaːlan
незахвалник	nêzaxʋaːlniːk
незахвалница	nêzaxʋaːlnitsa
незахвално	nêzaxʋaːlno
незахвалност	nezaxʋǎːlnoːst
незаштићен	nezǎʃtiːtɕen
незван	nêzʋaːn
незгода	nězgoda
незгодан	nězgodan
незгодно	nězgodno
незграпан	nêzgraːpan
незграпно	nêzgraːpno
незграпност	nêzgraːpnoːst
нездрав	nězdraʋ
нездраво	nězdraʋo
незнабожац	neznabǒːʒats
незнабоштво	neznǎboʃtʋo
незналица	něznalitsa
незнан	nêznaːn
незнанац	neznǎːnats
незнатан	nêznaːtan
незнатно	nêznaːtno
незнање	neznǎːɲe
незрелост	nězreloːst
незрео	nězreo
неизбежан	nêizbeːʒan
неизбежно	nêizbeːʒno
неизбрисив	neizbrǐsiʋ
неизбјежан	nêizbjeːʒan
неизбјежно	nêizbjeːʒno
неизведив	neizʋědiʋ
неизвесно	nêizʋesno
неизвесност	nêizʋesnoːst
неизвестан	nêizʋestan
неизвјесно	nêizʋjesno
неизвјесност	nêizʋjesnoːst
неизвјестан	nêizʋjestan
неизлечив	neizlětʃiʋ
неизлечивост	neizlětʃiʋoːst
неизречен	neizrětʃen
неизљечив	neizʎětʃiʋ
неизљечивост	neizʎětʃiʋoːst
неимар	něimaːr
неимаштина	neimǎːʃtina
неискрен	něiskren
неискрено	něiskreno
неискреност	něiskrenoːst
неискусан	nêiskusan
неистина	neiːstinɛ
неистина	něistina
неистинит	něistinit
некад	nêkad
некадашњи	nêkadaʃɲiː
некажњен	někaʒɲen
некажњив	nekǎʒɲiʋ
некажњивост	nɛkaːʒɲiːvost
некакав	nêkakaːʋ
некако	nêkaːko
некамо	nêkamo
неквалитетан	někʋalitetan
неки	nêkiː
неки	nˈeki
некидан	nêkidaːn
неким	nêkiːm
неким	nɛkim
неко	nêko
неко	nêkoː
неког	nêkog
некога	nêkoga
неколико	nêkoliko
неколицина	nekolitsǐna
неком	nêkom
некоме	nekɔme
некоме	nêkome
некомерцијалан	nêkomertsijaːlan
некомпетентан	nekompetěntan
некомпетентно	nekompetěntno
некомпетентност	nekompetěntnoːst
некому	nêkomu
некомуникативан	nêkomunikatiːʋan
некомуникативност	nekomunikatǐːʋnoːst
неконвенционалан	nêkonʋentsionaːlan
некорисност	nêkorisnoːst
некористан	nêkoristan
некоји	nêkojiː
некоћ	nêkoːtɕ
некретнина	nekretnǐna
некритичан	nekrǐtitʃan
некритично	nekrǐtitʃno
некроза	nekrǒːza
некролог	nekrǒlog
некропола	nekrǒpola
некрофил	nekrǒfiːl
некрофилија	nekrofǐlija
некрст	někrst
нектар	nêktar
некуд	nêkud
некуда	nêkuda
некултуран	nêkultuːran
нелагода	nêlagoda
нелагодан	nêlagodan
нелагодно	nêlagodno
нелегалан	nêlegaːlan
неломљив	nelǒmʎiʋ
нелош	nêloʃ
нелојалан	nêlojaːlan
нелојално	nêlojaːlno
нем	nêːm
нема	nema
нема	nɛma
немало	němalo
неман	nêmaːn
немар	nêmaːr
немаран	nêmaːran
немарно	nêmaːrno
немарност	nemǎːrnoːst
немати	něːmati
немати	nɛmati
немац	neːmatsɯ
немац	něːmats
немачка	němatʃkaː
немачка	nɛmaˈtʃka
немачки	němatʃki
немачки	němatʃkiː
немачки	nɛmatʃki
немаштина	nemaːʃtinɔ
немаштовит	nemaʃtǒʋit
немаштовитост	nemaʃtǒʋitoːst
немерљив	neměrʎiʋ
немилице	němilitseː
немилосрдан	nêmilosrdan
немилосрдно	nêmilosrdno
неминован	nêminoːʋan
неминовно	nêminoːʋno
немио	němio
немир	nêmiːr
немиран	nêmiːran
немирно	nêmiːrno
немица	němitsa
немо	nêːmo
немогућ	nêmoguːtɕ
немогуће	nêmoguːtɕe
немогућност	nemogǔːtɕnoːst
немодеран	nêmodeːran
неморал	nêmoraːl
неморалан	nêmoraːlan
неморално	nêmoraːlno
немоћ	nêmoːtɕ
немоћан	nêmotɕan
немоћно	nêmotɕno
немјерљив	nemjěrʎiʋ
ненавидети	nenǎːʋideti
ненавидјети	nenǎːʋidjeti
ненадан	nênaːdan
ненадано	něnaːdano
ненадмашан	nênadmaːʃan
ненадмашив	nenadmǎʃiʋ
ненадјебив	nenadjěbiʋ
неназочан	nenǎːzotʃan
ненамеран	nenǎːmeran
ненамерно	nenǎːmerno
ненаметљив	nenamětʎiʋ
ненамјеран	nenǎːmjeran
ненамјерно	nenǎːmjerno
ненападан	nɛ˥˩ːna˥˩ːpa˥˥ːdan
ненасељен	nenǎseʎen
ненормалан	nênormaːlan
необавезан	nêobaʋezan
необичан	nêobitʃan
необично	nêobitʃno
необорив	neobǒriʋ
необориво	neobǒriʋo
необразован	neǒbrazoʋaːn
необрађен	neǒbraːdʑeːn
необрањив	neobrǎɲiʋ
необрањиво	neobrǎɲiʋo
необријан	neǒbrijan
необуздан	nêobuzdaːn
необјашњив	neobjǎʃɲiʋ
необјашњиво	neobjǎʃɲiʋo
необјективан	nêobjektiʋan
необјективно	nêobjektiʋno
необјективност	neobjektǐːʋnoːst
неовисан	nêoʋisan
неовисно	nêoʋisno
неовисност	nêoʋisnoːst
неограничен	neogrǎnitʃen
неодговоран	nêodgoʋoːran
неодговорно	nêodgoʋoːrno
неодговорност	neodgoʋǒːrnoːst
неодлучан	nêodluːtʃan
неодлучен	neǒdluːtʃen
неодлучено	neǒdluːtʃeno
неодлучно	nêodluːtʃno
неодољив	neodǒʎiʋ
неодољиво	neodǒʎiʋo
неодређен	neǒdreːdʑen
неодређено	neǒdreːdʑeno
неожењен	neǒʒeɲen
неолитик	neolǐtik
неолитички	neolǐtitʃkiː
неолитски	neǒliːtski
неолитски	neǒliːtskiː
неологизам	neologǐzam
неон	něoːn
неопазице	neǒpazitseː
неопипљив	neopǐpʎiʋ
неопипљивост	neopǐpʎiʋoːst
неописив	neopǐsiʋ
неописиво	neopǐsiʋo
неопозив	neopǒziʋ
неопозиво	neopǒziʋo
неопорезив	neoporěziʋ
неопорезован	neopǒrezoʋaːn
неоправдан	neǒpraːʋdan
неоправдано	neǒpraːʋdano
неопрезан	nêopreːzan
неопрезно	nêopreːzno
неопростив	neoprǒstiʋ
неопходан	nêopxodan
неоргански	nêorgaːnskiː
неосвојив	neosʋǒjiʋ
неосетљив	neosětʎiʋ
неосетљиво	neosětʎiʋo
неосетљивост	neosětʎiʋoːst
неосигуран	nêosiguraːn
неоснован	nêosnoʋaːn
неособан	nêosoban
неоспоран	nêospoːran
неоспорив	neospǒriʋ
неоспоривост	neospǒriʋoːst
неоспорно	nêospoːrno
неостварен	neǒstʋaːren
неостварив	neostʋǎriʋ
неостваривост	nɛostvaːrivoːst
неосјетљив	neosjětʎiʋ
неосјетљиво	neosjětʎiʋo
неосјетљивост	neosjětʎiʋoːst
неотесан	nêotesaːn
неотесанац	neotesǎːnats
неотесанка	neotesǎːnka
неотуђив	neotǔdʑiʋ
неочекиван	neotʃěkiːʋaːn
неочекивано	neotʃěkiːʋaːno
неоштећен	neǒʃtetɕen
непажљив	nepǎʒʎiʋ
непажљиво	nepǎʒʎiʋo
непажња	nepǎʒɲa
непал	něpaːl
непалац	nepǎːlats
непалски	něpaːlskiː
непаран	nêpaːran
неписан	něpiːsaːn
неписмен	něpismen
неписмено	něpismeno
неписменост	něpismenoːst
непливач	neplǐʋaːtʃ
неплодан	něplodan
неплодно	něplodno
неплодност	něplodnoːst
непобедив	nepobědiʋ
непобедивост	nepobědiʋoːst
непобитан	nêpobiːtan
непобитно	nêpobiːtno
непобједив	nepobjědiʋ
непобједивост	nepobjědiʋoːst
неповезан	nepǒʋeːzaːn
неповерење	nepoʋerěːɲe
неповерљив	nepoʋěrʎiʋ
неповерљиво	nepoʋěrʎiʋo
неповољан	nêpoʋoːʎan
неповратан	nêpoʋraːtan
неповратно	nêpoʋraːtno
неповредив	nepoʋrědiʋ
неповјерење	nepoʋjerěːɲe
неповјерљив	nepoʋjěrʎiʋ
неповјерљиво	nepoʋjěrʎiʋo
непогода	nêpogoda
непогодан	nêpogodan
непогрешив	nepogrěʃiʋ
неподерив	nepoděriʋ
неподмитљив	nepodmǐtʎiʋ
неподобан	nêpodoban
непожељан	nêpoʒeːʎan
непожељно	nêpoʒeːʎno
непозван	nêpozʋaːn
непознаница	nêpoznanitsa
непознат	nêpoznat
непознатима	nɛpoznatima
непоколебљив	nepokolěbʎiʋ
непокретан	nêpokreːtan
непокретљив	nepokrětʎiʋ
непомирљив	nepomǐrʎiʋ
непомирљиво	nepomǐrʎiʋo
непомичан	nêpomitʃan
непомично	nêpomitʃno
непопустљив	nepopǔstʎiʋ
непопустљиво	nepopǔstʎiʋo
непорецив	neporětsiʋ
непослушан	nêposluːʃan
непослушно	nêposluːʃno
непосредан	nêposredan
непосредно	nêposredno
непостојан	nepǒːstojaːn
непостојано	nêpostojano
непостојање	nepǒːstojaːɲe
непостојећи	nepǒːstojeːtɕiː
непотпун	nêpotpun
непотпуне	nˈɛtpˈotpˈune
непотпуно	nêpotpuno
непотребан	nêpotreban
непотребно	nêpotrebno
непоуздан	nêpouzdaːn
непоуздано	nêpouzdaːno
непоузданост	nêpouzdaːnoːst
непоштен	nêpoʃten
непоштено	nêpoʃteno
непоштење	nepoʃtěːɲe
непојмљив	nepǒjmʎiʋ
неправедан	nêpraʋedan
неправедно	nêpraʋedno
неправилан	nêpraʋiːlan
неправилно	nêpraʋiːlno
неправилност	nepraʋǐːlnoːst
непрактичан	nêpraktitʃan
непрактично	nêpraktitʃno
непрактичност	neprǎktitʃnoːst
непреводив	nepreʋǒdiʋ
непреводивост	nepreʋǒdiʋoːst
непредвидљив	nepredʋǐdʎiʋ
непредвидљиво	nepredʋǐdʎiʋo
непредвидљивост	nepredʋǐdʎiʋoːst
непредвиђен	neprědʋidʑen
непредвиђено	neprědʋidʑeno
непрекидан	nêprekiːdan
непрекидно	nêprekiːdno
непрекидност	neprekǐːdnoːst
непрекинут	neprěkinuːt
непрекинутост	neprěkinutoːst
непрелазан	nêprelaːzan
непремостив	nepremǒstiʋ
непреносив	neprenǒsiʋ
непреносивост	neprenǒsiʋoːst
непрепознатљив	neprepoznǎtʎiʋ
непрепознатљивост	neprepoznǎtʎiʋoːst
непрепоран	neprěːpoːran
непрепорно	neprěːpoːrno
непрестан	nêprestaːn
непрестано	neprěstano
непрестанце	nêprestantseː
непресушан	nêpresuːʃan
непресушност	nêpresuːʃnoːst
непретенциозан	nêpretentsioːzan
непрецизан	nêpretsiːzan
непрецизно	nêpretsiːzno
непризнат	nêpriznaːt
неприкладан	neprǐkladan
неприлика	neprǐːlika
неприличан	neprǐːlitʃan
неприличност	neprǐːlitʃnoːst
непримерен	neprǐmeren
непримерено	neprǐmereno
неприметан	nêprimetan
неприметно	nêprimetno
неприметљив	neprimětʎiʋ
непримјерен	neprǐmjeren
непримјерено	neprǐmjereno
непримјетан	nêprimjetan
непримјетно	nêprimjetno
непримјетљив	neprimjětʎiʋ
непринципијелан	nêprintsipijeːlan
неприпремљен	neprǐpreːmʎen
неприпремљеност	neprǐpreːmʎenoːst
неприродан	neprǐːrodan
неприродно	neprǐːrodno
неприродност	neprǐːrodnoːst
непристојан	nêpristoːjan
непристојно	neprǐːstoːjno
непристојност	nepristǒːjnoːst
непристран	neprǐstran
непристрано	neprǐstrano
непристраност	neprǐstranoːst
неприступачан	nêpristupaːtʃan
неприступачно	nêpristupaːtʃno
неприступачност	nêpristupaːtʃnoːst
неприсутан	něprisutan
неприсутност	něprisutnoːst
неприхватљив	neprixʋǎtʎiʋ
непријазан	něprijaːzan
непријатан	nêprijaːtan
непријатељ	něprijateʎ
непријатељица	neprijatěʎitsa
непријатељски	nepriateʎski
непријатељски	neprijatěʎskiː
непријатељство	neprijatěʎstʋo
непријатно	nêprijaːtno
непријелазан	nêprijelaːzan
непријепоран	neprijěːpoːran
непријепорно	neprijěːpoːrno
непробављен	neprǒbaʋʎen
непробављив	neprobǎʋʎiʋ
непробојан	nêproboːjan
непроверен	neprǒʋeren
непровидан	nêproʋiːdan
непровјерен	neprǒʋjeren
непродан	nêprodaːn
непродуктиван	nêproduktiːʋan
непродуктивност	neproduktǐːʋnoːst
непрозиран	nêproziːran
непрозирно	nêproziːrno
непрозирност	neprozǐːrnoːst
непрокушан	neprǒkuʃaːn
непромењен	neprǒmeːɲen
непромишљен	neprǒmiʃʎen
непромишљено	neprǒmiʃʎeno
непромишљеност	neprǒmiʃʎenoːst
непромијењен	neprǒmijeːɲen
непромочив	nepromǒtʃiʋ
непропустан	nêpropuːstan
непрофесионалан	nêprofesionaːlan
непрофесионално	nêprofesionaːlno
непрофитан	nêprofiːtan
непроцењив	neprotsěɲiʋ
непроцјењив	neprotsjěɲiʋ
нептун	něptuːn
непун	něpun
непушач	nepǔʃaːtʃ
непушачица	nepuʃǎtʃitsa
нерабљен	něraːbʎen
нерадник	něraːdniːk
нерадо	nêrado
неразборит	nerǎːzborit
неразборито	nerǎːzborito
неразборитост	nerǎːzboritoːst
неразвијен	nerazʋǐjen
неразводњен	nerǎzʋodɲen
неразговетан	nêrazgoʋeːtan
неразговетно	nêrazgoʋeːtno
неразговијетан	nêrazgoʋijeːtan
неразговијетно	nêrazgoʋijeːtno
нераздвојан	nêrazdʋoːjan
нераздвојив	nerazdʋǒjiʋ
нераздружив	nerazdrǔʒiʋ
нераздруживост	nerazdrǔʒiʋoːst
неразуман	nerazumam
неразуман	nêrazuːman
неразумљив	nerazǔmʎiʋ
нераст	nêraːst
нерафиниран	nerafǐniːraːn
нерационалан	nêratsionaːlan
нерационално	nêratsionaːlno
нервирати	nerʋǐːrati
нервозан	nêrʋoːzan
нереалан	nêreaːlan
нереализиран	nerealǐziːran
нереално	nêreaːlno
нереалност	nereǎːlnoːst
нерегуларан	nêregulaːran
неред	nêreːd
нередовит	neredǒʋit
нередовито	neredǒʋito
нерекурзиван	nêrekurziːʋan
неретва	něreːtʋa
неретко	nêreːtko
нерешен	něreːʃen
нерешени	neˈrɛʃeni
нерешив	nerěʃiʋ
нерешивост	nerěʃiʋoːst
неријетко	nêrijeːtko
неријешен	něrjeːʃen
неродан	něrodan
нероткиња	něrotkiɲa
нерођен	něrodʑen
нерјешив	nerjěʃiʋ
нерјешивост	nerjěʃiʋoːst
несавесно	nesǎːʋesno
несавестан	nesǎːʋestan
несавитљив	nesaʋǐtʎiʋ
несавладив	nesaʋlǎdiʋ
несавршен	nesǎʋrʃen
несавршено	nesǎʋrʃeno
несавјесно	nesǎːʋjesno
несавјестан	nesǎːʋjestan
несагорив	nesagǒriʋ
несаломљив	nesalǒmʎiʋ
несамосталан	nêsamostaːlan
несамостално	nêsamostaːlno
несаница	něsanitsa
несвакидашњи	nesʋakǐdaʃɲiː
несвакидањи	nesʋakǐdaɲiː
несвесно	něsʋesno
несвест	nêsʋeːst
несвестан	něsʋestan
несвестица	něsʋestitsa
несвијест	nêsʋjeːst
несвршени	něsʋrːʃeniː
несвјесно	něsʋjesno
несвјестан	něsʋjestan
несвјестица	něsʋjestitsa
несебичан	nêsebitʃan
несебичност	nêsebitʃnoːst
несигуран	nêsiguːran
несигурно	nêsiguːrno
несиметричан	nesimětritʃan
несиметрично	nesimětritʃno
несиметричност	nesimětritʃnoːst
несит	nêsit
несит	něsit
несклад	nêsklad
нескладан	nêskladan
нескроман	něskroman
нескромно	něskromno
нескромност	něskromnoːst
неславан	nêslaːʋan
неслагање	nɛslaːgaɲe
неслан	nêslaːn
неслободан	nêslobodan
неслога	něsloga
несложан	něsloʒan
неслужбен	něsluʒben
неслужбено	něsluʒbeno
несмо	něːsmo
несносан	něsnosan
несносно	něsnosno
неспоразум	nêsporazum
неспособан	nêsposoban
неспособно	nêsposobno
неспреман	něspreman
неспремно	něspremno
неспутан	něsputaːn
несретан	něsretan
несрећа	něsretɕa
нестабилан	nêstabiːlan
нестабилност	nestabǐːlnoːst
несталан	nêstaːlan
нестално	nêstaːlno
нестанак	něstanak
нестати	něstati
нестати	nɛstati
несташица	něstaʃitsa
нестајати	něstajati
нестваран	nêstʋaːran
несте	něːste
нести	nêsti
нестрпљење	nestrpʎěːɲe
нестрпљив	nestřpʎiʋ
нестрпљиво	nestřpʎiʋo
нестрпљивост	nestřpʎiʋoːst
нестручњак	něstrutʃɲaːk
несу	něːsu
несувисао	nêsuʋiːsao
несувисло	nêsuʋislo
несувислост	nêsuʋiːsloːst
несугласица	nesuɣlasitsʲa
несугласица	nesǔglasitsa
несумњив	nesǔmɲiʋ
несумњиво	nesǔmɲiʋo
несуђен	něsuːdʑen
несхватљив	nesxʋǎtʎiʋ
несхваћен	něsxʋatɕen
нетактичан	netǎktitʃan
нетактично	netǎktitʃno
нетачан	nêtatʃan
нетко	nêtko
нетопир	nêtopiːr
нетремице	nětremitseː
неуверљив	neuʋěrʎiʋ
неуверљиво	neuʋěrʎiʋo
неувјерљив	neuʋjěrʎiʋ
неувјерљиво	neuʋjěrʎiʋo
неугледан	nêugleːdan
неугодан	nêugodan
неугодно	nêugodno
неудат	nêudaːt
неудобан	nêudoban
неудобно	nêudobno
неук	něuk
неукост	něukoːst
неукротив	neukrǒtiʋ
неукусан	nêukusan
неукусно	nêukusno
неумерен	neǔmeren
неумерено	neǔmereno
неумереност	neǔmerenoːst
неуместан	nêumestan
неумитан	nêumiːtan
неуморан	nêumoːran
неуморно	nêumoːrno
неумјерен	neǔmjeren
неумјерено	neǔmjereno
неумјереност	neǔmjerenoːst
неумјестан	nêumjestan
неуништив	neunǐʃtiʋ
неуништивост	neunǐʃtiʋoːst
неуобичајен	neuobǐtʃaːjen
неуобичајено	neuobǐtʃaːjeno
неупадљив	neupǎdʎiʋ
неупадљиво	neupǎdʎiʋo
неуравнотежен	neuraʋnǒteːʒen
неуралгичан	neurǎlgitʃan
неуралгија	neurǎlgija
неурастеник	neurastěniːk
неурастеничан	neurastěnitʃan
неурастенија	neurastěnija
неуредан	nêuredan
неуредно	nêuredno
неуредност	nêurednoːst
неуроза	neurǒːza
неуролептик	neurolěptik
неуролог	neurǒlog
неурологија	neurolǒgija
неуролошки	neurǒloʃki
неуролошки	neurǒloʃkiː
неурон	neǔroːn
неуропсихофармакологија	neuropsixofarmakolǒgija
неуротик	neurǒtiːk
неуротичан	neurǒtitʃan
неусиљен	neǔsiʎen
неусиљено	neǔsiʎeno
неусиљеност	neǔsiʎenoːst
неуспело	nêuspelo
неуспелост	nêuspeloːst
неуспео	nêuspeo
неуспех	nêuspex
неуспешан	nêuspeʃan
неуспешно	nêuspeʃno
неуспешност	nêuspeʃnoːst
неуспио	nêuspio
неуспјело	nêuspjelo
неуспјелост	nêuspjeloːst
неуспјех	nêuspjex
неуспјешан	nêuspjeʃan
неуспјешно	nêuspjeʃno
неуспјешност	nêuspjeʃnoːst
неуставан	nêustaːʋan
неуставно	nêustaːʋno
неустрашив	neustrǎʃiʋ
неустрашиво	neustrǎʃiʋo
неустрашивост	neustrǎʃiʋoːst
неутажив	neutǎʒiʋ
неутешан	nêuteʃan
неутешив	neutěʃiʋ
неутралан	nêutraːlan
неутрализирати	neutralizǐːrati
неутралност	neutrǎːlnoːst
неутрино	neutrǐːno
неутјешан	nêutjeʃan
неутјешив	neutjěʃiʋ
неухватљив	neuxʋǎtʎiʋ
неухватљиво	neuxʋǎtʎiʋo
неуљудан	nêuʎudan
неуљудно	nêuʎudno
нехотице	neɦoˈtitse
нехотице	něxotitseː
нехотичан	něxotitʃan
нехуман	nêxumaːn
нехуманост	nêxumaːnoːst
нечасно	nêtʃasno
нечастан	nêtʃastan
нечег	nêtʃeg
нечега	nêtʃega
нечем	nêtʃem
нечему	nêtʃemu
нечим	nêtʃim
нечист	nětʃist
нечиста	nɛtʃista
нечистоћа	netʃistǒtɕa
нечитак	nêtʃitak
нечитљив	netʃǐtʎiʋ
нечији	nêtʃijiː
нечовечан	nêtʃoʋetʃan
нечовечност	nêtʃoʋetʃnoːst
нечовјечан	nêtʃoʋjetʃan
нечовјечност	nêtʃoʋjetʃnoːst
нечујан	nêtʃuːjan
нешкодљив	něʃkǒdʎiʋ
нешто	nêʃto
нејак	nêjaːk
нејасан	nějasan
нејасно	nějasno
нејасност	nějasnoːst
нејасноћа	nejasnǒtɕa
нејач	nêjaːtʃ
нејаче	nêjaːtʃe
нејединство	nejedǐːnstʋo
неједнак	nêjednaːk
неједнако	nêjednaːko
неједнакост	nejednǎːkoːst
неједнолик	nejednǒlik
нејестив	nejěstiʋ
нељубазан	nêʎubaːzan
нељубазно	nêʎubaːzno
нељудски	nêʎudskiː
нећак	nêtɕaːk
нећака	nêtɕaka
нећакиња	netɕǎkiɲa
нећачки	nêtɕaːtʃki
нећачки	nêtɕaːtʃkiː
неће	netʃe
неће	nêːtɕeː
неће	něːtɕeː
нећемо	nêːtɕeːmo
нећете	nêːtɕeːte
нећеш	nêːtɕeːʃ
нећу	něːtɕu
ни	nˈe
ниво	nivo
ниво	nǐʋoː
нивоима	mevˈoˈima
нигда	nîgda
нигде	nîgde
нигдје	nîgdje
нигер	nîger
нигерија	nǐgeːrija
нигеријац	nigerǐːjats
нигеријски	nǐgeːrijskiː
низ	nîz
низ	nîːz
низак	nîzak
низанка	nîzaːnka
низати	nǐːzati
низбрдо	nîzbrdo
низводице	nǐzʋoditseː
низводно	nǐzʋodno
низина	nizǐna
низински	nǐziːnskiː
ника	nǐːka
никад	nîkad
никада	nîkada
никакав	nîkakaːʋ
никакво	nikakv
никако	nîkaːko
никал	nǐkal
никамо	nîkamo
никарагва	nikarǎgʋa
никарагванац	nikaragʋǎːnats
никарагвански	nikarǎgʋaːnskiː
никнути	nîknuti
нико	nîko
никола	niːkɔla
никола	nǐkola
никотин	nikǒtiːn
никотински	nikǒtiːnskiː
никоји	nîkojiː
никта	nîkta
никуд	nîkud
никуда	nîkuda
никшић	nîkʃitɕ
нил	nîl
нил	nˈɪl
нимало	nǐmalo
нимфа	nîːmfa
нимфа	nˈeɪmfˈa
нимфоманка	nimfǒmaːnka
нимфомански	nimfǒmaːnski
нимфомански	nimfǒmaːnskiː
нирвана	nirʋǎna
ниско	nîsko
нискост	nîskoːst
нисмо	nǐːsmo
нисте	nǐːste
нису	nǐːsu
нит	nîːt
нити	nîti
нитко	nîtko
нитков	nǐtkoːʋ
нихилизам	nixilǐzam
нихилист	nixǐlist
нихилистички	nixilǐstitʃki
нихилистички	nixilǐstitʃkiː
ницати	nîtsati
ничега	nitʃɛga
ничији	nîtʃijiː
ниш	nîʃ
ниш	nˈeʃ
нишава	nisava
нишан	nǐʃan
нишанити	nǐʃaniti
нишанџија	niʃǎndʒija
ништа	nîʃta
ништа	nʲiʂta
ништаван	nîʃtaːʋan
ништавило	niʃtǎʋilo
ништарија	niʃtǎrija
нијанса	nijǎnsa
ниједан	nijědan
ниједанпут	nijedǎnpuːt
нијем	nijêːm
нијемац	nijěːmats
нијемо	nijêːmo
нијесмо	nijěsmo
нијесмо	nijěːsmo
нијесте	nijěste
нијесте	nijěːste
нијесу	nijěsu
нијесу	nijěːsu
но	no
но	nôː
нобелијум	nobeljum
нобеловац	nǒbeloʋats
нобеловка	nǒbeloːʋka
нов	nôʋ
нова	nôːʋa
новак	nǒʋaːk
новац	nǒʋats
новац	nˈoːvəts
новачити	noʋǎːtʃiti
новајлија	noʋǎjlija
новембар	novˈembar
новембар	nǒʋeːmbar
новембарски	nǒʋeːmbaːrskiː
новина	noʋǐna
новинар	nôʋinaːr
новинар	nɔvinar
новинарство	noʋinǎːrstʋo
новине	nǒʋine
новине	nɔvine
нових	nˈoːvix
новогрчки	nôʋogrtʃkiː
новозеландски	noʋozělandskiː
новозеланђанин	noʋozelǎːndʑanin
новонастали	noʋonǎstaliː
новорођен	noʋorǒdʑen
новорођенче	noʋorǒdʑeːntʃe
новосадски	nôʋosadskiː
новосађанин	noʋosǎːdʑanin
новосађанин	noʋǒsadʑanin
новосађанка	noʋosǎːdʑanka
новосађанка	noʋǒsadʑanka
новосибирск	noʋosǐbirsk
новчани	nǒʋtʃaniː
новчаник	noʋtʃǎniːk
новчаница	noʋtʃǎnitsa
новчано	nǒʋtʃano
новчић	nǒʋtʃitɕ
нога	nǒga
нога	nˈogʌ
ногавица	nǒgaʋitsa
ногат	nǒgat
ногица	nǒgitsa
ногомет	nôgomeːt
ногометаш	nogomětaːʃ
ногометашки	nogomětaːʃki
ногометашки	nogomětaːʃkiː
ногоступ	nôgostuːp
нож	nʊʒ
ножица	nǒʒitsa
ножице	nôʒitse
ножић	nǒʒitɕ
ноздрва	nôzdrʋa
нокат	nˈokˈat
нокаут	nokǎut
ноктић	nôktitɕ
нокшир	nǒkʃiːr
номад	nǒmaːd
номадски	nǒmadski
номадски	nǒmadskiː
номенклатура	nomenklatǔːra
номиналан	nôminaːlan
номинативни	nôminatiːʋniː
номинативски	nôminatiːʋskiː
номинирати	nominǐːrati
нонконформизам	nonkonformǐzam
нонконформист	nonkonfǒrmist
ноншалантан	nonʃalǎntan
ноншалантно	nonʃalǎntno
норвежанин	norʋěːʒanin
норвежанка	norʋěːʒaːnka
норвешка	nǒrʋeʃkaː
норвешки	nǒrʋeʃki
норвешки	nǒrʋeʃkiː
нордијски	nǒrdiːjskiː
норма	nôːrma
нормалан	nôrmaːlan
нормализирати	normalizǐːrati
нормално	nôrmaːlno
нормалност	normaɫnost
нормалност	normǎːlnoːst
норман	nǒrmaːn
нормандија	normǎndija
нормирати	normǐːrati
нос	nôːs
носати	nǒːsati
носач	nǒsaːtʃ
носач	nˈosˈatʃ
носачица	nosǎtʃitsa
носила	nǒsila
носилац	nǒsilats
носити	nǒsiti
носић	nǒsitɕ
носни	nǒsniː
носорог	nôsorog
носталгичан	nostǎlgitʃan
носталгичар	nostǎlgitʃaːr
носталгично	nostǎlgitʃno
носталгија	nostǎlgija
ноторан	nǒtoːran
ноторно	nǒtoːrno
ној	nˈoj
нојев	nôjeʋ
нојевски	nôjeʋski
нојевски	nôjeʋskiː
ноћ	nˈoʊts
ноћас	nǒtɕas
ноћашњи	nǒtɕaʃɲiː
ноћење	nǒtɕeːɲe
ноћити	nǒtɕiti
ноћни	nǒtɕniː
ноћобдија	notɕǒbdija
ноћу	nôtɕu
нудизам	nudǐzam
нудист	nǔdist
нудити	nûditi
нужан	nûʒan
нужда	nûʒda
нуждан	nûʒdan
нужник	nûʒniːk
нужно	nûʒno
нужност	nûʒnoːst
нузгред	nûzgreːd
нуклеарка	nuklěaːrka
нуклеарни	nûkleaːrniː
нуклеус	nûkleus
нула	nûla
нула	nˈula
нумерички	numěritʃkiː
о	a
о	o
оаза	oǎːza
оба	ôba
обавезан	ôbaʋezan
обавезати	obaʋěːzati
обавезујете	obavɛzujete
обавест	ôbaʋeːst
обавестити	obaʋěːstiti
обавештавати	obaʋeʃtǎːʋati
обавештајац	obaʋeʃtǎːjats
обавештајни	ôbaʋeʃtaːjniː
обавештеност	obǎʋeːʃtenoːst
обавити	obǎʋiti
обавити	ǒbaʋiti
обавијати	obaʋǐːjati
обавијест	ôbaʋjeːst
обавијестити	obaʋijěːstiti
обавијештеност	obǎʋijeːʃtenoːst
обавјештавати	obaʋjeʃtǎːʋati
обавјештајац	obaʋjeʃtǎːjats
обавјештајни	ôbaʋjeʃtaːjniː
обављати	ǒbaʋʎati
обад	ôbaːd
обадати	obǎdati
обадати	obǎːdati
обадвојица	obadʋǒjitsa
обала	ôbala
обали	ɔbali
обални	ôbaːlniː
обамрлост	ôbamrːloːst
обао	ôbao
обарати	obǎːrati
обасипати	obǎsipati
обасути	obǎsuːti
обвезати	obʋěːzati
обвезивати	obʋezǐːʋati
обвезник	ǒbʋezniːk
обгрлити	ǒbgrliti
обдан	ôbdaːn
обдаривати	obdarǐːʋati
обдарити	obdǎːriti
обдукција	obdǔktsija
обе	ôbe
обедовати	ǒbedoʋati
обезбедити	obezbeˈditi
обезглавити	obezglǎːʋiti
обезглављивати	obezglaʋʎǐːʋati
обележје	ôbeleːʒje
обелиск	obělisk
обелоданити	obelodǎːniti
обелодањивати	obelodaɲǐːʋati
оберучке	oběrutʃkeː
обесити	ǒbesiti
обесправити	obesprǎːʋiti
обесправљивати	obespraʋʎǐːʋati
обест	ôbeːst
обестан	ôbeːstan
обесхрабривати	obesxrabrǐːʋati
обесхрабрити	obesxrǎːbriti
обешеник	obeʃěniːk
обешеница	obeʃěnitsa
обештетити	oběʃtetiti
обештећивати	obeʃtetɕǐːʋati
обешчастити	obeʃtʃǎstiti
обешчашћивати	obeʃtʃaʃtɕǐːʋati
обећавати	obetɕǎːʋati
обећати	obětɕati
обећање	obetɕǎːɲe
обзиран	ôbziːran
обзор	ǒbzor
обзорје	ǒbzoːrje
обилазити	obǐlaziti
обилан	ôbiːlan
обилат	obǐlat
обиловати	ǒbiloʋati
обиман	ôbiːman
обистинити	ǒbistiniti
обитавати	obitǎːʋati
обитељ	obǐːteʎ
обитељски	obǐːteʎski
обитељски	obǐːteʎskiː
обити	ǒbiti
обичавати	obitʃǎːʋati
обичан	ǒbitʃan
обичај	ôbitʃaːj
обично	ǒbitʃno
обијати	obǐːjati
обијач	obǐjaːtʃ
обијест	ôbijeːst
обијестан	ôbijeːstan
обиље	ǒbiːʎe
обиљежавати	obiʎeʒǎːʋati
обиљеживач	obiʎeʒǐʋaːtʃ
обиљежити	obǐʎeʒiti
обиљежје	ôbiʎeːʒje
обићи	ǒbiːtɕi
облак	ôblaːk
облак	ɔblak
област	ôblaːst
облачан	ôblaːtʃan
облачина	oblǎtʃina
облачити	oblǎːtʃiti
облигација	obligǎːtsija
облизати	oblǐːzati
облизивати	oblizǐːʋati
облик	ôbliːk
обликовати	ǒblikoʋati
облина	oblǐna
обличје	ǒbliːtʃje
обмана	ôbmana
обманути	obmǎnuti
обмањивати	obmaɲǐːʋati
обнављати	obnǎːʋʎati
обнављају	obnaːvlaju
обнова	ôbnoʋa
обновити	obnǒʋiti
обноћ	ôbnoːtɕ
обоа	aboa
обоа	obǒa
обогатити	obǒgatiti
обогаћивати	obogatɕǐːʋati
обожавалац	oboʒǎʋalats
обожаватељ	oboʒǎʋateʎ
обожавати	oboʒǎːʋati
обома	oːboːma
оборив	obǒriʋ
оборине	ǒborine
оборити	obǒriti
обости	ǒbosti
обостран	obǒstran
обострано	obǒstrano
обојен	ǒbojen
обојити	obǒjiti
обојица	obǒjitsa
обрада	ôbrada
обрадив	obrǎdiʋ
обрадити	obrǎːditi
обрадовати	ǒbradoʋati
образ	ǒbraz
образ	ɔbraz
образац	ǒbrazats
образлагати	obrazlǎːgati
образложити	obrazlǒʒiti
образован	ǒbrazoʋaːn
образовати	ǒbrazoʋati
образовање	obrazoʋǎːɲe
образовни	ǒbrazoːʋniː
обрамбени	ǒbrambeniː
обрана	ôbrana
обранити	obrǎːniti
обрат	ôbraːt
обратан	ôbraːtan
обратити	obrǎːtiti
обратно	ôbraːtno
обрачун	ôbratʃuːn
обрачунавати	obratʃunǎːʋati
обрачунати	obratʃǔnati
обрађивати	obradʑǐːʋati
обраћати	ǒbratɕati
обрва	ôbrʋa
обрве	obrɪme
обред	ǒbred
обредни	ôbreːdniː
обрезати	ǒbrezati
обрезивати	obrezǐːʋati
обрис	ôbriːs
обрисати	ǒbrisati
обријати	ǒbrijati
обрнут	ǒbrːnuːt
обрнути	obřːnuti
обрнуто	ǒbrːnuːto
оброк	pɔbrok
оброк	ǒbrok
обронак	ǒbronak
обртати	ǒbrtati
обртај	ôbrtaːj
обруб	ǒbrub
обрубити	obrǔːbiti
обрубљивати	obrubʎǐːʋati
обрукати	ǒbrukati
обувати	obǔːʋati
обуздавати	obuzdǎːʋati
обуздати	obǔzdati
обузети	obǔzeːti
обузетост	ôbuzeːtoːst
обузимати	obǔzimati
обука	ôbuka
обустава	ôbustaʋa
обуставити	obǔstaʋiti
обустављати	obǔstaʋʎati
обути	ǒbuti
обухвата	ɔbuxvata
обухватити	obǔxʋatiti
обухваћати	obǔxʋatɕati
обучавати	obutʃǎːʋati
обучити	obǔtʃiti
обујам	obǔːjam
обујмити	obǔːjmiti
обујмљивати	obujmʎǐːʋati
обућа	ǒbutɕa
обућар	ǒbutɕaːr
обући	ǒbuːtɕi
објава	objala
објава	ôbjaʋa
објавити	objǎːʋiti
објављивати	objaʋʎǐːʋati
објаснити	objǎsniti
објахати	ǒbjaxati
објашњавати	objaʃɲǎːʋati
објашњење	objaʃɲěːɲe
објашњив	objǎʃɲiʋ
обје	ôbje
објединити	objedǐːniti
обједињавати	objediɲǎːʋati
обједовати	ǒbjedoʋati
објект	ǒbjekt
објективан	ôbjektiːʋan
објективно	ôbjektiːʋno
објективност	objektǐːʋnoːst
објелоданити	objelodǎːniti
објелодањивати	objelodaɲǐːʋati
објеручке	objěrutʃkeː
објесити	ǒbjesiti
објешеник	objeʃěniːk
објешеница	objeʃěnitsa
овa	oɫva
овакав	oʋǎkaːʋ
овако	oʋǎkoː
овалан	ǒʋaːlan
овамо	ǒʋaːmo
ован	ǒːʋan
овас	ǒʋas
овај	ǒʋaːj
овдашњи	ǒʋdaʃɲiː
овде	oːvide
овде	ǒːʋde
овдје	ǒːʋdje
овенчавати	oʋentʃǎːʋati
овенчати	oʋěntʃati
овера	ôʋera
оверавати	oʋerǎːʋati
оверити	ǒʋeriti
овида	avida
овисан	ǒʋisan
овисити	ǒʋisiti
овисно	ǒʋisno
овисност	ǒʋisnoːst
овладавати	oʋladǎːʋati
овладати	oʋlǎːdati
овласт	ôʋlaːst
овластити	oʋlǎːstiti
овлашћивати	oʋlaʃtɕǐːʋati
ово	ovo
оволик	oʋǒlik
оволики	ovoljki
оволико	oʋolǐkoː
овој	ǒʋoj
овратник	ǒʋratniːk
овсен	ôʋsen
овуд	ǒʋud
овуда	ǒʋuda
овца	otsa
овца	ǒːʋtsa
овчар	ǒʋtʃaːr
овчарски	ǒʋtʃaːrskiː
овчарство	oʋtʃǎːrstʋo
овјенчавати	oʋjentʃǎːʋati
овјенчати	oʋjěntʃati
овјера	ôʋjera
овјеравати	oʋjerǎːʋati
овјерити	ǒʋjeriti
огаван	ôgaːʋan
огар	ôgar
огањ	ǒgaɲ
огледавати	ogledǎːʋati
огледало	oglědalo
огледати	oglěːdati
оглобити	oglǒbiti
оглодавати	oglodǎːʋati
оглодати	oglǒdati
оговарати	ogoʋǎːrati
оговарање	agovaːraɲe
огорчен	ǒgoːrtʃen
огорчено	ǒgoːrtʃeno
огорченост	ǒgoːrtʃenoːst
ограда	ôgrada
оградити	ogrǎːditi
огранак	ǒgranak
ограничавати	ogranitʃǎːʋati
ограничен	ogrǎnitʃen
ограничење	ogranitʃěːɲe
ограничити	ogrǎnitʃiti
ограничити	ɔgraːnitʃiti
ограђивати	ogradʑǐːʋati
огреботина	ogrebǒtina
огрејавати	ogrejǎːʋati
огрејати	ǒgrejati
огријавати	ogrijǎːʋati
огријати	ǒgrijati
огрлица	ǒgrlitsa
огроман	ôgroːman
огњило	ǒgɲilo
од	ot
од	ôd
ода	ǒːda
одабир	ôdabiːr
одабирати	odǎbirati
одабирати	oːdabirati
одабрати	odǎbrati
одабрати	o˩˥ːdabra˥˩ːti
одавати	odǎːʋati
одавде	ôdaːʋde
одавно	ôdaːʋno
одазвати	odǎzʋati
одазив	ôdaziːʋ
одазивати	odazǐːʋati
одакле	adakle
одакле	ôdaːkle
одан	ôdaːn
оданде	ôdaːnde
оданост	ôdaːnoːst
одар	ǒdar
одати	ǒdati
одбацивати	odbatsǐːʋati
одбацити	odbǎːtsiti
одбитак	odbǐːtak
одбити	ǒdbiti
одбијати	odbǐːjati
одбијање	odbǐːjaːɲe
одбор	ǒdbor
одбојан	ôdboːjan
одбојка	ǒdboːjka
одбојкаш	odbǒjkaːʃ
одбојкашица	odbojkǎʃitsa
одбојкашки	odbǒjkaːʃki
одбојкашки	odbǒjkaːʃkiː
одбојник	ǒdboːjniːk
одбојно	ôdboːjno
одбојност	odbǒːjnoːst
одбрамбени	ǒdbrambeniː
одбрана	otbrana
одбрана	ôdbrana
одбранити	odbrǎːniti
одважан	ôdʋaːʒan
одважити	odʋǎːʒiti
одважно	ôdʋaːʒno
одважност	ôdʋaːʒnoːst
одвајати	odʋǎːjati
одвајкада	odʋǎjkada
одвезати	odʋěːzati
одвести	ǒdʋesti
одвећ	ôdʋetɕ
одвити	ǒdʋiti
одвише	ôdʋiʃeː
одвијати	odʋǐːjati
одвијач	odʋǐjaːtʃ
одвијач	udvijatʃ
одвлачити	odʋlǎːtʃiti
одводити	odʋǒditi
одвојен	ǒdʋojen
одвојено	ǒdʋojeno
одвојеност	ǒdʋojenoːst
одвојив	odʋǒjiʋ
одвојивост	odʋǒjiʋoːst
одвојити	odʋǒjiti
одвратан	ôdʋraːtan
одвратно	ôdʋraːtno
одврнути	odʋřːnuti
одвртати	ǒdʋrtati
одвртети	odʋřteti
одвртјети	odʋřtjeti
одврћивати	odʋrtɕǐːʋati
одвући	ǒdʋuːtɕi
одвјетник	ǒdʋjetniːk
одгађати	odgǎːdʑati
одговарати	odgoʋǎːrati
одговарајући	odgoʋǎːrajuːtɕiː
одговор	ôdgoʋoːr
одговоран	ôdgoʋoːran
одговорити	odgoʋǒːriti
одговорно	ôdgoʋoːrno
одговорност	odgoʋǒːrnoːst
одгода	ôdgoda
одгодити	odgǒditi
одгој	ǒdgoj
одгризати	odgrǐːzati
одгристи	ǒdgristi
одевати	oděːʋati
одел	ǒdel
оделити	oděːliti
одело	oděːlo
оденути	ǒdenuti
одељење	odeʎěːɲe
одељивати	odeʎǐːʋati
одећа	odetʃa
одећа	ôdetɕa
одзад	ǒdzaːd
одзвањати	odzʋǎːɲati
одзвонити	odzʋǒniti
одзвук	ôdzʋuːk
одздрав	ôdzdraːʋ
одздравити	ǒdzdraʋiti
одздрављати	ǒdzdraʋʎati
одзив	ôdziːʋ
одзивати	odzǐːʋati
одисеја	odisěːja
одиста	ôdista
одијевати	odjěːʋati
одијелити	odjěːliti
одијело	odjěːlo
одлагалиште	o˥˩ːdla˥˩ːgaliʃte
одлазак	ǒdlazak
одлазити	ǒdlaziti
одламати	odlǎːmati
одледити	odlěditi
одлетати	odlěːtati
одлетети	odlěteti
одлетјети	odlětjeti
одлеђивати	odledʑǐːʋati
одлика	ôdlika
одликовати	ǒdlikoʋati
одликовање	odlikoʋǎːɲe
одличан	ôdlitʃan
одлично	ôdlitʃno
одличје	ǒdliːtʃje
одлијетати	odlijěːtati
одломак	ǒdlomak
одломити	odlǒmiti
одлука	ôdluka
одлутати	odlǔːtati
одлучан	ôdluːtʃan
одлучивати	odlutʃǐːʋati
одлучити	odlǔːtʃiti
одлучно	ôdluːtʃno
одлучност	odlǔːtʃnoːst
одлучујући	odlǔtʃujuːtɕiː
одмагати	odmǎːgati
одмазда	ǒdmazda
одмак	ôdmaːk
одмакнути	odmǎknuti
одмалена	odmalěna
одмамити	odmǎːmiti
одмамљивати	odmamʎǐːʋati
одмаралиште	odmǎraliːʃte
одмарати	odmǎːrati
одмах	ôdmaːx
одмаћи	ǒdmatɕi
одмеравати	odmerǎːʋati
одмерен	ǒdmeren
одмереност	ǒdmerenoːst
одмерити	ǒdmeriti
одметник	ǒdmetniːk
одмицати	ǒdmitsati
одмор	ǒdmor
одморан	ôdmoːran
одморити	odmǒriti
одмотавати	odmotǎːʋati
одмотати	odmǒtati
одмоћи	ǒdmotɕi
одмјеравати	odmjerǎːʋati
одмјерен	ǒdmjeren
одмјереност	ǒdmjerenoːst
одмјерити	ǒdmjeriti
однародити	odnǎːroditi
однарођивати	odnarodʑǐːʋati
однедавна	ǒdnedaːʋna
однедавно	ǒdnedaːʋno
однекле	ǒdnekle
однекуд	ǒdnekud
однекуда	ǒdnekuda
однети	ǒdneːti
однијети	ǒdnjeːti
однос	ǒdnos
односити	odnǒsiti
односно	ǒdnosno
одобравати	odobrǎːʋati
одобрење	odobrěːɲe
одобрити	odǒbriti
одобровољивати	odobroʋoʎǐːʋati
одобровољити	odobroʋǒʎiti
одозго	odǒzgoː
одоздо	odǒzdoː
одоземак	odozemak
одока	ôdoka
одолевати	odolěːʋati
одолети	odǒleti
одолијевати	odoljěːʋati
одонда	ǒdoːnda
одора	ǒdora
одољен	odǒʎen
одољети	odǒʎeti
одрадити	odrǎːditi
одраз	ôdraːz
одрастати	odrǎːstati
одрасти	ǒdraːsti
одрађивати	odradʑǐːʋati
одред	ôdreːd
одредба	ǒdredba
одредити	odrěːditi
одредиште	ǒdrediːʃte
одредница	ǒdrednitsa
одрезак	ǒdrezak
одрезати	ǒdrezati
одређен	ǒdreːdʑen
одређено	ǒdreːdʑeno
одређивати	odredʑǐːʋati
одређивање	odredʑǐːʋaːɲe
одрећи	ǒdretɕi
одржавати	odrʒǎːʋati
одржати	odřʒati
одржив	odřʒiʋ
одрицати	odrǐːtsati
одродити	odrǒditi
одрон	ǒdron
одсад	ǒdsad
одсада	ǒdsada
одсецати	odsěːtsati
одсећи	ǒdsetɕi
одсијецати	odsijěːtsati
одскок	ǒdskok
одстранити	odstrǎːniti
одстрањивати	odstraɲǐːʋati
одстрел	ǒdstrel
одстрелити	odstrěːliti
одстрељивати	odstreʎǐːʋati
одстријелити	odstrijěːliti
одступати	odstǔːpati
одступити	odstǔːpiti
одсуство	ǒdsustʋo
одсутан	ôdsuːtan
одсјећи	ǒdsjetɕi
одувек	ǒduʋeːk
одувијек	ǒduʋjeːk
одуговлачити	odugoʋlǎːtʃiti
одударати	odǔdarati
одузети	odǔzeːti
одузимати	aduzimati
одузимати	odǔzimati
одупрети	odǔpreːti
одупријети	odǔprjeːti
одуран	ôduːran
одурно	ôduːrno
одустати	oduːstati
одустати	odǔstati
одустајати	odǔstajati
одушевљење	oduʃeʋʎěːɲe
одшколовати	ǒdʃkoloʋati
одшкринути	odʃkrǐːnuti
одштета	ôdʃteta
одјава	ôdjaʋa
одјавити	odjǎːʋiti
одјављивати	odjaʋʎǐːʋati
одјахати	ǒdjaxati
одјахивати	odjaxǐːʋati
одјебати	odjěbati
одјевни	ǒdjeːʋniː
одједанпут	odjedǎnpuːt
одједном	odjědnoːm
одјек	ôdjeːk
одјекивати	odjekǐːʋati
одјекнути	odjěːknuti
одјел	ǒdjel
одјенути	ǒdjenuti
одјељење	odjeʎěːɲe
одјељивати	odjeʎǐːʋati
одјећа	ôdjetɕa
одјурити	odjǔːriti
одљутити	odʎǔːtiti
оженити	oʒěniti
оживети	oʒǐːʋeti
оживити	oʒǐːʋiti
оживотворавати	oʒiʋotʋorǎːʋati
оживотворити	oʒiʋotʋǒriti
оживјети	oʒǐːʋjeti
оживљавати	oʒiʋʎǎːʋati
ожиљак	oʒiʝak
ожиљак	ǒʒiʎak
ожиљни	ǒʒiːʎniː
озбиљан	ôzbiːʎan
озбиљно	ôzbiːʎno
озбиљност	ozbǐːʎnoːst
оздо	ǒzdoː
озледа	ôzleda
озледити	ozlěːditi
озлеђен	ǒzleːdʑen
озлеђивати	ozledʑǐːʋati
озлиједити	ozljěːditi
озлијеђен	ǒzlijeːdʑen
ознака	oznakam
ознака	ôznaka
означавати	oznatʃǎːʋati
означивач	oznatʃǐʋaːtʃ
означити	oznǎːtʃiti
озон	ǒzoːn
озонски	ǒzoːnskiː
озљеда	ôzʎeda
озљеђивати	ozʎedʑǐːʋati
оивичивати	oiʋitʃǐːʋati
оивичити	ǒiʋitʃiti
ока	ǒka
оканити	okǎːniti
окарина	okarǐːna
оквир	ǒkʋiːr
оквиран	ôkʋiːran
оквирима	okvirima
оквиру	ɔkviru
океан	okěaːn
окивати	okǐːʋati
окитити	ǒkititi
оклагија	oklǎgija
оклевати	oklěːʋati
оклијевати	okljěːʋati
оклузив	oklǔziːʋ
окно	ǒkno
око	ôko
оков	ǒkoʋ
оковати	okǒʋati
околина	ǒkolina
околишати	okolǐʃati
околни	ǒkoːlniː
околност	okǒːlnoːst
около	ôkolo
окомит	ǒkomit
окончавати	okontʃǎːʋati
окончати	okǒntʃati
окот	ǒkot
окрадати	okrǎːdati
окрасти	ǒkrasti
окрвавити	okrʋǎːʋiti
окренути	okrěːnuti
окрет	ôkreːt
окретан	ôkreːtan
окретати	okrěːtati
окривити	okrǐːʋiti
окривљавати	okriʋʎǎːʋati
окривљивати	okriʋʎǐːʋati
округ	ôkruːg
округао	okrǔːgao
окружење	okruʒěːɲe
окруживати	okruʒǐːʋati
окружити	okrǔːʒiti
окрутан	ôkruːtan
окрутно	ôkruːtno
окрутност	okrǔːtnoːst
окршај	ôkrʃaːj
оксид	ǒksiːd
оксидација	oksidǎːtsija
октава	oktǎːʋa
октан	ǒktaːn
октет	ǒkteːt
октобар	ǒktoːbar
октобарски	ǒktoːbarskiː
октопод	oktǒpoːd
окука	ôkuka
окултан	ǒkultan
окултизам	okultǐzam
окуп	ǒkup
окупатор	okǔpaːtor
окупација	okupǎːtsija
окупити	ǒkupiti
окупљати	okǔːpʎati
окусити	ǒkusiti
окусни	ǒkusniː
олабавити	ǒlabaʋiti
олак	ôlak
олако	ôlako
олакотан	ôlakotan
олакотност	ôlakotnoːst
олакшавати	olakʃǎːʋati
олакшати	olǎkʃati
олакшање	olakʃǎːɲe
олакшица	ǒlakʃitsa
олеандар	olěaːndar
олеандров	olěaːndroʋ
олеат	olěaːt
олиб	ǒlib
олибљанин	ǒlibʎanin
олигарх	olǐgarx
олигархија	oligǎrxija
олигархијски	oligǎrxiːjski
олигархијски	oligǎrxiːjskiː
олимпизам	olimpǐzam
олимпија	olǐmpija
олимпијски	olǐmpiːjski
олимпијски	olǐmpiːjskiː
оличавати	olitʃǎːʋati
оличење	olitʃěːɲe
оличити	olǐːtʃiti
олован	ôloːʋan
олово	ôloʋo
олош	ôloʃ
олтар	ǒltaːr
олтарни	ǒltaːrniː
олук	ǒluk
олупина	ǒlupina
олуја	oluuja
олуја	olǔːja
олујни	ǒluːjniː
омален	ômalen
омаловажавати	omaloʋaʒǎːʋati
омаловажити	omaloʋǎːʒiti
омамити	omǎːmiti
омамљив	omǎmʎiʋ
омамљивати	omamʎǐːʋati
оман	ǒman
оманула	oˈmaːnula
омашка	ǒmaʃka
омањи	ômaɲiː
омбудсман	ombǔdzman
омекшавати	omekʃǎːʋati
омекшати	oměkʃati
омекшивач	omekʃǐʋaːtʃ
омести	ǒmeːsti
ометати	oměːtati
оминозан	ôminoːzan
омиш	ǒmiːʃ
омишанин	omǐːʃanin
омишки	ǒmiːʃkiː
омиљен	ǒmiʎen
омиљена	omilena
омладина	ǒmladina
омладинац	omladǐːnats
омогућавати	omogutɕǎːʋati
омогућивати	omogutɕǐːʋati
омогућити	omogǔːtɕiti
омот	ǒmot
омотати	omǒtati
омотач	omǒtaːtʃ
омофор	omǒfoːr
омражен	ǒmraʒen
омск	ômsk
он	ôːn
она	ǒna
онакав	onǎkaːʋ
онако	onǎkoː
онамо	ǒnaːmo
онанирати	onanǐːrati
онанија	onǎnija
онај	onajð̞
онда	ond̪e
онда	ôndaː
ондашњи	ǒndaʃɲiː
онде	ǒːnde
ондје	ǒːndje
оне	pone
оне	ǒne
онемогућавати	onemogutɕǎːʋati
онемогућивати	onemogutɕǐːʋati
онемогућити	onemogǔːtɕiti
онеспособити	onesposǒbiti
онеспособљавати	onesposobʎǎːʋati
онеспособљивати	onesposobʎǐːʋati
онечистити	onětʃistiti
онечишћеност	onětʃiʃtɕenoːst
онечишћење	onetʃiʃtɕěːɲe
онечишћивати	onetʃiʃtɕǐːʋati
онечишћивач	onetʃiʃtɕǐʋaːtʃ
они	ǒni
оникс	oːnik
оних	oːniːx
онкологија	onkolǒgija
оно	ǒno
оно	ˈono
онолик	onǒlik
онолико	onolǐkoː
ономастика	onomǎstika
ономатопеја	onomatopěːja
онтарио	ontâːrio
онтогенеза	ontogěneza
онтогенија	ontogěnija
онтологија	ontolǒgija
онтолошки	ontǒloʃkiː
онуд	ǒnud
онуда	ǒnuda
опадати	opǎːdati
опажати	opǎːʒati
опазити	ǒpaziti
опак	ôpaːk
опако	ôpaːko
опакост	ôpaːkoːst
опанак	ǒpanak
опасан	ôpaːsan
опасати	opǎsati
опасач	opǎsaːtʃ
опасивати	opasǐːʋati
опаска	ǒpaska
опасно	o˩˥ːpasno˥˩ː
опасно	ôpaːsno
опасност	opǎːsnoːst
опасти	ǒpasti
опат	ǒpat
опатица	opǎtitsa
опатија	opǎːtija
опачина	opǎtʃina
опека	ôpeka
опекотина	opekǒtina
опера	ôpera
оперативан	ôperatiːʋan
оператор	opěraːtor
операција	opɛraːtsija
оперета	operěta
опет	ôpeːt
опећи	ǒpetɕi
опип	ǒpip
опипавати	opipǎːʋati
опипати	ǒpipati
опипљив	opǐpʎiʋ
опис	hoʊpiz
опис	ǒpis
описати	opǐːsati
описивати	opisǐːʋati
опити	ǒpiti
опијат	opǐjaːt
опијати	opǐːjati
опијум	ǒpijuːm
опклада	ôpklada
опкоп	ǒpkop
оплата	ôplata
оплеменити	opleměniti
оплемењивати	oplemeɲǐːʋati
оплећак	ǒpletɕak
оплећје	ǒpleːtɕje
опловити	oplǒʋiti
оплодан	ǒplodan
оплодити	oplǒditi
оплодња	oplǒdɲa
оплођивати	oplodʑǐːʋati
опна	ǒpna
оповргавати	opoʋrgǎːʋati
оповргнути	opǒʋrgnuti
оповрћи	opǒʋr̩tɕi
опозвати	opǒzʋati
опозивати	opozǐːʋati
опозиција	opozǐːtsija
опомена	ôpomena
опоменути	opoměːnuti
опомињати	opǒmiɲati
опонашати	oponǎːʃati
опонент	opǒnent
опонирати	oponǐːrati
опор	opar
опор	ôpor
опоравак	opǒraʋak
опоравити	opǒraʋiti
опорављати	opǒraʋʎati
опорезив	oporěziʋ
опорезивати	oporezǐːʋati
опорезовати	opǒrezoʋati
опорећи	opǒretɕi
опорицати	opǒritsati
опортун	ôportuːn
опортунизам	oportunǐzam
опосум	ôposum
опојан	ǒpoːjan
оправдан	ǒpraːʋdaːn
оправдано	ǒpraːʋdano
оправдати	ǒpraːʋdati
оправдање	opraʋdǎːɲe
опрати	ǒprati
опраштати	oprǎːʃtati
определити	opreděːliti
опредељивати	opredeʎǐːʋati
опредијелити	opredjěːliti
опредјељивати	opredjeʎǐːʋati
опрез	ôpreːz
опрезан	ôpreːzan
опрезно	ôpreːzno
опрека	ôpreka
опрема	ôprema
опремати	oprěːmati
опремити	oprěːmiti
опресија	oprěsija
опречан	ôpretʃan
опричати	oprǐːtʃati
опрост	ǒprost
опростити	oprǒstiti
опруга	ôpruga
опсада	ôpsada
опсег	ôpseːg
опседати	opsěːdati
опсежан	ôpseːʒan
опсежно	ôpseːʒno
опсена	ôpsena
опсерваториј	opserʋǎtoːriːj
опсесиван	ôpsesiːʋan
опсесивно	ôpsesiːʋno
опсесија	opsěsija
опсести	ǒpsesti
опсидијан	opsidǐjaːn
опскуран	ôpskuːran
опсовати	opsǒʋati
опстанак	ǒpstanak
опстати	ǒpstati
опструкција	opstrǔktsija
опсцен	ôpstsen
опсједати	opsjěːdati
опсјена	ôpsjena
опсјести	ǒpsjesti
оптеретити	optěretiti
оптерећивати	opteretɕǐːʋati
оптика	ǒptika
оптималан	ôptimaːlan
оптимално	ôptimaːlno
оптимизам	optimǐzam
оптужба	ǒptuʒba
оптуженик	optuʒěniːk
оптуживати	optuʒǐːʋati
оптужити	optǔːʒiti
оптужница	ǒptuʒnitsa
опулентан	opulěntan
опустити	opǔstiti
опустити	opǔːstiti
опуштати	opǔːʃtati
опходити	opxǒditi
опходни	ǒpxodniː
опчинити	optʃǐniti
опчињавати	optʃiɲǎːʋati
опширан	ôpʃiːran
опширно	ôpʃiːrno
општи	ôpʃtiː
општина	ôpʃtina
опљачкати	ǒpʎatʃkati
опћи	ôptɕiː
опћина	ôptɕina
орангутан	orangǔtaːn
орангутански	orangǔtaːnski
орангутански	orangǔtaːnskiː
ораница	orǎnitsa
орао	ǒrao
орати	ǒrati
оратор	ǒraːtor
орах	ǒrax
орахов	ǒraxoʋ
орач	ǒraːtʃ
орачки	ǒraːtʃkiː
оргазам	orgǎzam
оргазмички	orgǎzmitʃkiː
орган	ǒrgaːn
организам	organǐzam
организатор	organǐzaːtor
организација	organizǎːtsija
организирати	organizǐːrati
органски	ǒrgaːnskiː
оргија	ǒrgija
оргуље	ǒrguʎe
оригинал	origǐnaːl
оригиналан	ôriginaːlan
оригинално	ôriginaːlno
ориз	ǒriz
оријаш	orǐjaːʃ
оријенталан	ôrijentaːlan
оркан	ǒrkaːn
оркански	ǒrkaːnskiː
оркестар	ǒrkestar
оркестрација	orkestratsia
оркестрација	orkestrǎːtsija
орлов	ǒrloʋ
орловски	ǒrloʋskiː
орман	ǒrmaːn
ормар	ǒrmaːr
орнитолог	ornitǒloːg
орнитологија	ornitolǒgija
орнитолошки	ornitǒloʃki
орнитолошки	ornitǒloʃkiː
оро	ǒːro
оронуо	orǒnuo
ортак	ǒrtaːk
ортодоксан	ortǒdoksan
ортодоксија	ortodǒksija
ортодоксно	ortǒdoksno
ортопедија	ortopědija
оружан	ǒruʒaːn
оружати	orǔʒati
оружје	ǒruːʒje
оруђе	ǒruːdʑe
орјашица	orjǎʃitsa
ос	ôːs
осакатити	osǎkatiti
осакаћивати	osakatɕǐːʋati
осам	ôsam
осама	ôsama
осамнаест	osamnaæst
осамсто	ôsamsto
осамљен	ǒsaːmʎen
осамљеност	ǒsaːmʎenoːst
осао	ôsao
осванути	osʋǎnuti
освајати	osʋǎːjati
освајач	osʋǎjaːtʃ
освајачки	osʋǎjaːtʃkiː
освајање	osʋǎːjaːɲe
освањивати	osʋaɲǐːʋati
освежавати	osʋeʒǎːʋati
освежити	ǒsʋeʒiti
освета	ôsʋeta
осветити	osʋěːtiti
осветник	ǒsʋetniːk
осветољубив	osʋetoʎǔbiʋ
осветљив	osʋětʎiʋ
освећивати	osʋetɕǐːʋati
освит	ǒsʋit
освојив	osʋǒjiʋ
освојити	osʋǒjiti
осврт	ǒsʋrt
освјежавати	osʋjeʒǎːʋati
освјежити	ǒsʋjeʒiti
оседлавати	osedlǎːʋati
оседлати	ǒsedlati
осека	ôseka
осетан	ǒsetan
осетити	ǒsetiti
осетно	ǒsetno
осетљив	osětʎiʋ
осетљиво	osětʎiʋo
осењ	oseɲ
осећати	ǒsetɕati
осећајан	ôsetɕaːjan
осећајно	ôsetɕaːjno
осећајност	osetɕǎːjnoːst
осећају	osetʃaju
осигуравати	osigurǎːʋati
осигурати	osigǔrati
осигурање	osigurǎːɲe
осим	ôsiːm
осим	ɔsʲim
осип	ǒsip
осиромашивати	osiromaʃǐːʋati
осиромашити	osirǒmaʃiti
осификација	osifikǎːtsija
осица	ǒsitsa
осијек	ôsijeːk
оскудан	ǒskudan
оскудица	ǒskuditsa
оскудно	ǒskudno
ослабети	ǒslabeti
ослабити	ǒslabiti
ослабјети	ǒslabjeti
ослањати	ǒslaɲati
ослобађати	oslobǎːdʑati
ослободилац	oslobǒdilats
ослободилачки	oslobǒdilatʃki
ослободилачки	oslobǒdilatʃkiː
ослободим	aslobodim
ослободитељ	oslobǒditeʎ
ослободити	oslobǒditi
ослобођење	oslobodʑěːɲe
ослонац	ǒslonats
ослонити	oslǒniti
османлијски	osmǎnliːjski
османлијски	osmǎnliːjskiː
османски	ǒsmanski
османски	ǒsmanskiː
осматрати	osmǎːtrati
осми	ɔːsmi
осмина	osmǐna
осмица	ǒsmitsa
осморица	osmǒritsa
осмотрити	osmǒtriti
оснивати	osnǐːʋati
оснивач	osnǐʋaːtʃ
оснивачица	osniʋǎtʃitsa
оснивачки	osnǐʋaːtʃkiː
основан	ôsnoʋaːn
основати	osnǒʋati
основни	ǒsnoːʋniː
особа	ôsoba
особа	ɔsoba
особан	ǒsoban
особит	ǒsobit
особито	ǒsobito
особно	ǒsobno
особу	oːsoːbu
особље	ǒsoːbʎe
осовина	osǒʋina
осоколити	osokǒliti
осоран	ôsoːran
осорно	ôsoːrno
оспоравати	osporǎːʋati
оспорити	ospǒriti
осрамотити	osramǒtiti
осрамоћивати	osramotɕǐːʋati
осредњи	ôsredɲiː
остава	ôstaʋa
оставити	ǒstaʋiti
оставка	ǒstaːʋka
остављати	ǒstaʋʎati
остали	ǒstaːliː
останак	ǒstanak
остатак	ostǎːtak
остати	o˩˥ːstatɪm
остати	ǒstati
остајати	ǒstajati
остаје	ostajɛ
остваривати	ostʋarǐːʋati
остварити	ostʋǎːriti
остеопатија	osteopǎtija
острво	ôstrʋo
осуда	ôsuda
осудити	osǔːditi
осуду	osud̪u
осумњичити	osǔmɲitʃiti
осунчати	osǔntʃati
осушити	osǔːʃiti
осуђеник	osudʑěniːk
осуђенички	osudʑěniːtʃki
осуђенички	osudʑěniːtʃkiː
осуђивати	osudʑǐːʋati
осјетан	ǒsjetan
осјетити	ǒsjetiti
осјетно	ǒsjetno
осјетљив	osjětʎiʋ
осјетљиво	osjětʎiʋo
осјечки	ôsjetʃkiː
осјећати	ǒsjetɕati
осјећајан	ôsjetɕaːjan
осјећајно	ôsjetɕaːjno
осјећајност	osjetɕǎːjnoːst
отапати	otǎːpati
отарасити	otarǎːsiti
отац	otatsʲ
отац	ǒtats
отаџбина	ǒtadʒbina
отварати	otʋǎːrati
отварач	otʋǎraːtʃ
отвор	ǒtʋor
отворен	ǒtʋoren
отворено	otvorano
отворено	ǒtʋoreno
отвори	otvɔri
отворити	otʋǒriti
отекнути	otɛknuti
отекнути	ǒteknuti
отерати	ǒterati
отети	ǒteːti
отећи	ǒtetɕi
отимати	ǒtimati
отирач	otǐraːtʃ
отисак	ǒtisak
отицати	ǒtitsati
отишле	otisle
отићи	ǒtiːtɕi
отказ	ôtkaːz
отказати	otkǎːzati
отказивати	otkazǐːʋati
откако	ǒtkako
откидати	otkǐːdati
откинути	ǒtkinuti
отклањати	ǒtklaɲati
отклонити	otklǒniti
отклонити	otklɔnˈiti
откопавати	otkopǎːʋati
откопати	otkǒpati
откривати	otkrǐːʋati
открити	ǒtkriti
откриће	otkrǐːtɕe
откуд	ǒtkud
откуда	ǒtkuda
откуп	ǒtkup
откупити	otkupɛti
отмен	ôtmen
отмичар	ǒtmitʃaːr
отмјен	ôtmjen
оток	ôtoːk
оток	ǒtok
отомански	ôtomaːnskiː
отопити	otǒpiti
оториноларинголог	otorinolaringǒlog
оториноларингологија	otorinolaringolǒgija
оточје	ǒtoːtʃje
отпад	ôtpaːd
отпадати	ǒtpadati
отпадник	ǒtpadniːk
отпадница	ǒtpadnitsa
отпасти	ǒtpasti
отпевати	atpevati
отпилити	otpǐːliti
отписати	otpǐːsati
отписивати	otpisǐːʋati
отпити	ǒtpiti
отпливати	ǒtpliʋati
отпловити	otplǒʋiti
отпор	ǒtpor
отпоран	ǒtpoːran
отпочивати	otpotʃǐːʋati
отпочинути	otpǒtʃinuti
отправити	ǒtpraʋiti
отправник	ǒtpraːʋniːk
отправљати	ǒtpraʋʎati
отпре	ǒtpre
отприлике	otprǐːlikeː
отприје	ǒtprije
отпустио	otpuʃtio
отпустити	otpǔstiti
отпутовати	otputǒʋati
отпуштати	otpuʃtɛti
отпуштати	otpǔːʃtati
отров	otrof
отров	ǒtroʋ
отрован	ǒtroːʋan
отровати	otrǒʋati
отуђеност	ǒtuːdʑenoːst
отуђивати	otudʑǐːʋati
отуђити	otǔːdʑiti
отјерати	ǒtjerati
отјецати	ǒtjetsati
офензива	ofenzǐːʋa
офензиван	ôfenziːʋan
офензивност	ofenzǐːʋnoːst
официр	ofǐtsiːr
официјелан	ôfitsijeːlan
офсајд	ôfsaːjd
офталмолог	oftalmǒlog
офталмологија	oftalmolǒgija
офталмолошки	oftalmǒloʃki
офталмолошки	oftalmǒloʃkiː
ох	ox
охладити	oxlǎːditi
охлађивати	oxladʑǐːʋati
охол	ôxol
охолити	oxǒliti
охоло	ôxolo
охолост	ôxoloːst
охрабривати	oxrabrǐːʋati
охрабрити	oxrǎːbriti
оцат	ǒtsat
оцеан	otsěaːn
оцена	ôtsena
оценити	otsěːniti
оцењивати	otseɲǐːʋati
оцијенити	otsijěːniti
оцјена	ôtsjena
оцјењивати	otsjeɲǐːʋati
очаравати	otʃarǎːʋati
очарати	otʃǎːrati
очај	ôtʃaːj
очајан	ôtʃaːjan
очев	ǒtʃeʋ
очевидан	ôtʃeʋiːdan
очевидац	otʃeʋǐːdats
очекивано	otʃěkiːʋaːno
очекивати	otʃekǐːʋati
очекивати	oːtʃɛkivati
очекивање	otʃekǐːʋaːɲe
очеличити	otʃělitʃiti
оченаш	otʃěnaːʃ
очи	otʃɨ
очигледан	ôtʃigleːdan
очигледно	ôtʃigleːdno
очински	ôtʃiːnski
очински	ôtʃiːnskiː
очинство	ôtʃiːnstʋo
очистимо	oˈtʃɪstimoˈ
очистити	ǒtʃistiti
очито	ǒtʃito
очувати	otʃǔːʋati
ошамарити	oʃǎmariti
ошишати	oʃǐːʃati
оштар	ôʃtar
оштарија	oʃtǎrija
оштетити	ǒʃtetiti
оштећивати	oʃtetɕǐːʋati
оштрило	ǒʃtrilo
оштрина	oʃtrǐna
оштрити	ǒʃtriti
оштрица	aʃtritsa
оштрица	ǒʃtritsa
оштро	ôʃtro
оштроуман	ôʃtrouːman
оштроумно	ôʃtrouːmno
ојачавати	ojatʃǎːʋati
ојачати	ojǎtʃati
ољуштити	oʎǔːʃtiti
оџак	ǒdʒak
оџачанин	ǒdʒatʃanin
оџачар	odʒǎtʃaːr
оџачки	ǒdʒatʃkiː
п	p
па	faː
па	pa
павијан	pâʋijaːn
павиљон	paʋǐʎoːn
павле	paːble
паганизам	paganǐzam
пагинирати	paginǐːrati
пагода	pǎgoda
пад	pav
пад	pâːd
падавица	pâdaʋitsa
падалине	pâdaline
падати	pâdati
падеж	pǎːdeʒ
падне	padnɛ
падобран	pâdobraːn
падобранац	padobrǎːnats
пажљив	pǎʒʎiʋ
пажљиво	pǎʒʎiʋo
пажљивост	pǎʒʎiʋoːst
пажња	aʒɲa
пажња	pǎʒɲa
пажњом	pˈaʒnjɛm
пазар	pǎzaːr
пазарити	pazǎːriti
пазариште	paːzariʃtɛ
пазариште	pǎzariːʃte
пазарни	pǎzaːrniː
пазити	aziti
пазити	pâziti
пазух	pâzuːx
пазухо	pâzuxo
пак	pâk
пак	pˈak
пакао	pǎkao
пакет	pǎkeːt
пакетић	pakětitɕ
пакирати	pakǐːrati
пакистан	pâkistaːn
пакистанац	pakistǎːnats
пакистански	pâkistaːnskiː
паклен	pǎklen
паковати	pâkoʋati
пакосник	pâkosniːk
пакосно	pâkosno
пакост	pâkoːst
пакостан	pâkostan
паланка	pǎlaːnka
палатал	palǎtaːl
палатални	pâlataːlniː
палац	pâlats
палац	pɒlats
палачинка	palatʃǐːnka
палеж	pǎːleʒ
палента	pǎleːnta
палеографија	paleogrǎfija
палеозоик	paleozǒik
палеолог	paleǒlog
палеонтолог	paleontǒlog
палеонтологија	paleontologia
палеонтологија	paleontolǒgija
палеонтолошки	paleontǒloʃki
палеонтолошки	paleontǒloʃkiː
палестина	palestǐːna
палестинац	palestǐːnats
палестински	palěstiːnski
палестински	palěstiːnskiː
пали	pâːli
палимпсест	palǐmpsest
палити	pǎːliti
палица	pâlitsa
палма	alma
палма	pâːlma
палмин	pâːlmin
палуба	pâluba
памет	pâmeːt
паметан	pâmetan
паметно	pâmetno
паметњаковић	pametɲǎːkoʋitɕ
памтивек	pǎmtiʋeːk
памтивијек	pǎmtiʋijeːk
памтити	pâːmtiti
памук	pǎmuk
памук	pɑmuk
памучан	pǎmutʃan
памфлет	pǎmfleːt
памфлетист	pamflětist
панама	pǎnama
панамац	panǎːmats
панамски	pǎnamskiː
панацеја	panatsěːja
панда	pǎːnda
пандора	pandǒːra
пандур	pǎnduːr
панегирик	panegǐrik
панелирати	panelǐːrati
панентеизам	panenteǐzam
паника	pǎnika
паничан	pǎnitʃan
паничарка	pǎnitʃaːrka
панично	pǎnitʃno
панонија	pǎnoːnija
панорама	panorǎːma
панпсихизам	panpsixǐzam
пансион	pansǐoːn
панславизам	panslaʋǐzam
панславист	panslǎʋist
панславистички	panslaʋǐstitʃki
панславистички	panslaʋǐstitʃkiː
панталоне	pantalǒːne
пантеизам	panteǐzam
пантеист	pantěist
пантеистички	panteǐstitʃki
пантеистички	panteǐstitʃkiː
пантеон	pǎnteoːn
пантљика	pǎntʎika
панцир	pǎntsiːr
панцирка	pǎntsiːrka
панџа	pâːndʒa
панџабљанин	pandʒǎːbʎaniːn
паор	pâor
папа	pâːpa
папагај	apagaj
папагај	papǎgaj
папак	pǎːpak
папар	pâpar
паперје	pǎpeːrje
папига	pǎpiga
папила	papǐla
папир	apir
папир	pǎpiːr
папирнат	papǐrnat
папирни	pǎpiːrniː
папирница	pǎpiːrnitsa
папирничар	papǐːrnitʃaːr
папирничарка	papǐːrnitʃaːrka
папирус	pâpirus
папрат	pâpraːt
папрен	pâpren
паприка	pǎprika
паприкаш	pâprikaːʃ
папуче	paputʃa
пар	pâːr
пара	pâra
пара	pǎra
парабола	paraːbola
парабола	parǎbola
параболичан	parabǒlitʃan
парагвај	pâragʋaːj
парагвајац	paragʋǎːjats
парагвајски	pâragʋaːjskiː
параграф	parǎgraf
парада	parǎːda
парадајз	parǎdajz
парадигма	paradǐgma
парадирати	paradǐːrati
парадоксалан	pâradoksaːlaːn
паразит	parǎziːt
паразитологија	parazitolǒgija
паразитолошки	parazitǒloʃkiː
паразитски	parǎziːtski
паразитски	parǎziːtskiː
паралакса	paralǎksa
паралелан	paralělan
паралелно	paralělno
паран	pâːran
параноик	paranǒik
параноичан	paranǒitʃan
параноја	paranǒːja
паратакса	parǎtaksa
парафраза	parǎfraza
парижанин	parǐːʒanin
париз	pǎriːz
паритет	parǐteːt
паришки	pǎriːʃkiː
парк	ark
парк	pârk
паркиралиште	parkǐraliːʃte
парламент	parlǎment
парламент	paɾlament
парламентаран	pârlamentaːran
парнас	pǎrnas
пароброд	pârobroːd
парови	parɔvi
пародија	pǎroːdija
парола	parǒːla
пароним	parǒnim
парошки	pǎroʃkiː
партизан	partǐzaːn
партизанка	partǐzaːnka
партикула	partǐkula
партитура	partitǔːra
партицип	partǐtsiːp
партиципација	partitsipǎːtsija
партиципирати	partitsipǐːrati
партија	pǎrtija
партијски	pǎrtiːjski
партијски	pǎrtiːjskiː
партнер	pârtner
партнерство	pârtnerstʋo
парфем	pǎrfeːm
парче	pǎːrtʃe
пас	past
пас	pâs
пас	pâːs
пасажир	pasǎʒiːr
пасив	pǎsiːʋ
пасиван	pâsiːʋan
пасивно	pâsiːʋno
пасија	pasja
пасмина	pâsmina
пасош	pâːsoʃ
паспул	pazpul
паста	pâsta
пасти	paste
пасти	pâsti
пасти	pâːsti
пастир	pǎstiːr
пасторак	pâstorak
пасторала	pastorǎːla
пасторалан	pâstoraːlan
пасторка	pâstoːrka
пасторчад	pâstortʃaːd
пасторче	pâstortʃe
пастрмка	pastrɨmka
пастрмка	pâstrːmka
пастув	pâstuːʋ
пастух	pâstuːx
пасус	pâsus
пасуљ	pǎsuːʎ
пасхални	pǎsxaːlniː
пасјалук	pasjǎluk
пасји	pasjˈe
пасји	pâsji
пасји	pâsjiː
патагонија	patǎgoːnija
патак	pǎːtak
патетика	patětika
патетичан	patětitʃan
патетично	patětitʃno
патика	pǎtika
патина	pâtina
патити	pâtiti
патка	pâtka
паткица	pâtkitsa
патлиџан	patlǐdʒaːn
патник	pâtniːk
патница	pâtnitsa
патоген	pâtogeːn
патолог	patǒlog
патологија	patolǒgija
патолошки	patǒloʃki
патолошки	patǒloʃkiː
патос	pâːtos
патос	pǎtos
патриот	patrǐot
патриотизам	patriotǐzam
патриотски	patrǐotski
патриотски	patrǐotskiː
патрициј	pǎtriːtsiːj
патрицијка	pǎtriːtsiːjka
патрицијски	patrǐtsiːjski
патрицијски	patrǐtsiːjskiː
патријарх	patrǐjarx
патријархалан	pâtrijarxaːlan
патријархално	pâtrijarxaːlno
патријархат	patrijǎrxaːt
патријаршија	patrijǎrʃija
патријаршијски	patrijǎrʃiːjskiː
патрола	patrǒːla
патрон	pǎtroːn
патуљак	patulʲak
патуљак	patǔːʎak
патња	pǎtɲa
пауза	pǎuza
паук	pau̯k
паук	pâuːk
пауков	pâuːkoʋ
паун	pau˥˥
паун	pâuːn
пауница	paǔnitsa
паунов	pâuːnoʋ
паучина	pâutʃina
паучић	pâutʃitɕ
паучји	pâutʃjiː
пахуља	pǎxuʎa
пахуљица	paxǔʎitsa
пацифизам	patsifǐzam
пацифик	patsǐfik
пацифички	patsǐfitʃkiː
пацијент	patsijěnt
пацијент	patsǐjent
пачавра	pǎtʃaːʋra
пачад	pâtʃaːd
пачић	pâtʃitɕ
пачји	pâtʃjiː
паша	pâʃa
пашанац	paʃǎːnats
пашеног	paʃěnog
пашканат	pˈaʃkˈanˈat
паштета	paʃtěːta
пашче	pǎʃtʃe
пашће	pâʃtɕe
пајзл	pǎjzl
паљба	pǎʎba
пањ	pâːɲ
паћеник	pâtɕeniːk
пев	pêːʋ
певати	pêʋati
певати	pɛ˥˩vati
певац	pěːʋats
певач	pěʋaːtʃ
пегаз	pêgaːz
пегла	pɛːgla
педагог	pedǎgog
педагогија	pedagǒgija
педагошки	pedǎgoʃki
педагошки	pedǎgoʃkiː
педагошкиња	pedǎgoʃkiɲa
педант	pědant
педантан	pědantan
педантно	pědantno
педаљ	pêːdaʎ
педер	pěːder
педераст	peděrast
педерастија	pederǎstija
педерски	pěːderskiː
педерство	pěːderstʋo
педесет	peděseːt
педесетак	pedesěːtak
педесетгодишњак	pedesetgǒdiʃɲaːk
педесетеро	peděseːtero
педесетогодишњак	pedesetogǒdiʃɲaːk
педесеторо	peděseːtoro
педијатар	pedǐjaːtar
педофил	pedǒfiːl
педофилија	pedofǐlija
пек	pˈik
пека	pêka
пекар	pêkaːr
пеква	pêkʋa
пекинг	pěking
пекиншки	pěkinʃkiː
пелена	pêlena
пеливан	pelǐʋaːn
пеликан	pelǐkaːn
пелин	pělin
пелуд	pělud
пендрек	pěndrek
пенетрација	penetrǎːtsija
пенетрирати	penetrǐːrati
пензионер	penziǒneːr
пензионерка	penziǒneːrka
пензиони	pênzioːniː
пензија	pěːnzija
пензијски	pěːnziːjskiː
пенис	pěːnis
пенити	pêniti
пеницилин	penitsilɛn
пенушав	penǔʃaʋ
пепео	pêpeo
пепељав	pêpeʎaʋ
пепељара	pepěʎara
пепељаст	pêpeʎast
пепељати	pepěʎati
пепсин	pěpsiːn
пераст	pěrast
перашкиња	pěraʃkiɲa
пераштанин	pěraʃtanin
пераћи	pěraːtɕiː
перверзан	pěrʋerzan
перверзија	perʋěrzija
перверзно	pěrʋerzno
перзија	pěrzija
перзијски	pěrziːjskiː
перика	pěrika
перилица	pěrilitsa
период	perǐod
период	pɛrˈioːd
периодички	periǒditʃki
перископ	pěriskop
перихел	perǐxel
перла	pêːrla
перманентан	permaněntan
перманентност	permaněntnoːst
пермутација	permutǎːtsija
пернат	pěrnat
перо	per
перо	pěro
персефона	persefona
персирати	persǐːrati
персијски	persiːski
персоналан	pêrsonaːlan
персонификација	personifikǎːtsija
перспектива	perspektǐːʋa
перспективан	pêrspektiːʋan
перу	peru
перуанац	peruǎːnats
перуански	perǔaːnskiː
перун	pêrun
перут	pêruːt
перфект	pěrfekt
перфективан	pêrfektiːʋan
перфекционизам	perfektsionǐzam
перцепција	pertsěptsija
першин	pêːrʃin
першун	perʃu
перјаник	pěrjaniːk
перјаница	pěrjanitsa
перје	pêːrje
песак	pěːsak
пескарија	peskǎrija
песма	pêsma
песник	pêsniːk
песница	pěsnitsa
пест	pêːst
пет	bˈeɪt
пет	pêːt
пета	pěːta
петак	peːtæk
петак	pěːtak
петао	pe˥˩ːt˥˩au˩˧˧
петао	pěːtao
петар	pětar
петарда	pětaːrda
петерокут	pêterokuːt
пети	pˈeːti
петина	pětina
петица	pětitsa
петица	pěːtitsa
петнаестак	petnaěːstak
петорица	petǒritsa
петроград	pětrograːd
петсто	beˈtsto
петсто	petsto
петља	pêtʎa
пехливан	pexlǐʋaːn
пецати	pêtsati
печалба	pětʃaːlba
печалбар	pětʃalbaːr
печат	pětʃat
печен	pětʃen
печурка	pětʃuːrka
пешадија	peʃǎdija
пешак	pěʃaːk
пешачити	peʃǎːtʃiti
пешаштво	peʃǎːʃtʋo
пешице	pêʃitseː
пешкарија	peʃkǎrija
пешкати	pěʃkati
пешке	pêʃkeː
пешкир	pěʃkiːr
пешчаник	peʃtʃǎniːk
пешчењак	peʃtʃěɲaːk
пејзаж	pějzaːʒ
пејзажист	pejzǎʒist
пејоратив	pêjoratiːʋ
пејоративан	pêjoratiːʋan
пејорација	pejorǎːtsija
пењати	pěɲati
пењач	pěɲaːtʃ
пењачица	peɲǎtʃitsa
пећи	pêtɕi
пећина	pětɕina
пи	pîː
пивар	pǐʋaːr
пиварски	pǐʋaːrski
пиварски	pǐʋaːrskiː
пиварство	piʋǎːrstʋo
пивница	pǐːʋnitsa
пивничар	pǐːʋnitʃaːr
пивничарка	pǐːʋnitʃaːrka
пиво	pivo
пиво	pîːʋo
пивски	pîːʋskiː
пигмент	pǐgment
пигментација	pigmentǎːtsija
пигмејски	pǐgmejskiː
пизда	pǐːzda
пиздети	pǐːzdeti
пиздити	pǐːzditi
пизма	pîzma
пик	pîk
пикадо	pikâːdo
пиксел	pǐksel
пила	pǐːla
пилав	pǐlaːʋ
пиле	pîle
пиленце	pilěːntse
пилетина	pǐletina
пилећи	pǐletɕiː
пилити	pǐːliti
пирамидалан	pîramidaːlan
пират	pǐraːt
пирија	pîːrija
пирога	pǐroga
пироксен	pirǒkseːn
пироксилин	piroksǐliːn
писак	pîːsak
писати	piˈsati
писати	pǐːsati
писац	pǐːsats
пискавац	pîskaʋats
пискати	pîskati
писме	pîːsme
писмен	pîsmen
писмено	pîsmeno
писменост	pîsmenoːst
писмо	pismu
писмо	pǐːsmo
писта	pîsta
питак	pîtak
питати	pîtati
питати	pǐːtati
питања	pitanʲa
питање	pǐːtaːɲe
питању	pitanju
пити	pîti
пити	titi
питом	pitɔm
питом	pǐtom
питомац	pitǒːmats
питомица	pitǒmitsa
питомост	pǐtomoːst
питон	pǐtoːn
питорескан	pitorěskan
пица	pîtsa
пица	pǐːtsa
пицајзла	pitsǎjzla
пичка	pîtʃka
пичка	pˈitʃka
пичка	pˈɪtʃka
пишати	pǐʃati
пишчев	pǐːʃtʃeʋ
пишљив	pǐʃʎiʋ
пијан	pǐjan
пијанац	pijǎːnats
пијандура	pijǎndura
пијанино	pijǎniːno
пијанист	pijǎnist
пијанистица	pijǎnistitsa
пијаница	pǐjanitsa
пијанка	pǐjaːnka
пијано	pǐjaːno
пијанство	pijǎːnstʋo
пијаца	piˈjatsɑ
пијаца	pǐjatsa
пијевац	pijěːʋats
пијесак	pjěːsak
пијетао	pjěːtao
пиљити	piliti
пиће	pǐːtɕe
пиџама	pidʒǎːma
плаветан	plâʋetan
плаветнило	plaʋětnilo
плавичаст	plǎʋitʃast
плавка	plâːʋka
плавокос	plaʋǒkos
плавокрван	plâʋokrːʋan
плавоок	plaʋǒok
плавојка	plǎʋoːjka
плавуша	plǎʋuʃa
пладањ	plǎdanj
плазити	plâziti
плазма	plazjma
плазовић	plazovitʃ
плакати	plakat
плакати	plâkati
плакање	plâkaːɲe
плам	plâːm
пламен	plâmeːn
пламен	plǎmen
пламенац	plaměːnats
пламичак	plamǐːtʃak
план	flaːn
план	plâːn
планер	plǎneːr
планет	plǎneːt
планета	planěːta
планете	planet̪e
планети	planetɪ
планина	planina
планина	planǐna
планина	plânina
планинар	planǐnaːr
планински	plǎniːnskiː
планирано	plǎniːraːno
планирати	planǐːrati
планктон	plǎnktoːn
планктонски	plǎnktoːnskiː
плански	plâːnski
плански	plâːnskiː
плантажа	plantǎːʒa
планути	plǎnuti
пласирати	plasǐːrati
пласман	plǎsmaːn
пласт	plâːst
пластелин	plastěliːn
пластеник	plastěniːk
пластика	plǎstika
пластичан	plǎstitʃan
пластично	plǎstitʃno
пластичност	plǎstitʃnoːst
плата	plǎːta
платац	plǎːtats
платив	plǎtiʋ
платина	plǎtina
платински	plâtinskiː
платити	plǎːtiti
платиша	plǎtiʃa
платнен	plǎtnen
платни	plâːtniː
платно	plǎːtno
плато	plǎtoː
платон	plǎtoːn
платонски	plǎtoːnski
платонски	plǎtoːnskiː
платформа	plǎtfoːrma
плаузибилан	plâuzibiːlan
плаузибилност	plauzibǐːlnoːst
плах	plâːx
плац	plˈats
плацента	plǎtseːnta
плач	plâtʃ
плачан	plâtʃan
плачљив	plǎtʃʎiʋ
плашило	plâʃilo
плашити	plasiti
плашити	plâʃiti
плашт	plâːʃt
плашљив	plǎʃʎiʋ
плашљиво	plǎʃʎiʋo
плашљивост	plǎʃʎiʋoːst
плаћа	plǎːtɕa
плаћати	platʃaˈti
плаћати	plǎːtɕati
плебејац	pleběːjats
плебејка	plěbeːjka
плебејски	plěbeːjski
плебејски	plěbeːjskiː
племенит	pleměnit
племенит	plêmenit
племениташ	plemenǐtaːʃ
племениташица	plemenitǎʃitsa
племенитост	pleměnitoːst
племенитост	plêmenitoːst
племенски	plêmenski
племенски	plêmenskiː
племић	plêmitɕ
племкиња	plêmkiɲa
племство	plěmstʋo
плен	plêːn
плеоназам	pleonǎzam
плеонастичан	pleonǎstitʃan
плерома	plerǒːma
плес	plêːs
плес	plˈeɪs
плесан	plêːsan
плесати	plěːsati
плесач	plěsaːtʃ
плесачица	plesǎtʃitsa
плеснив	plěsniʋ
плеснивити	plěsniʋiti
плеснивост	plěsniʋoːst
плести	plêsti
плетеница	pletěnitsa
плеша	plêʃa
плешив	plěʃiʋ
плећа	plětɕa
плећат	plětɕat
плеће	plětɕe
плећка	plêtɕka
пливалиште	plǐʋaliːʃte
пливати	plivati
пливати	plîʋati
пливач	plǐʋaːtʃ
пливачица	pliʋǎtʃitsa
пливачки	plǐʋaːtʃki
пливачки	plǐʋaːtʃkiː
пливање	plîʋaːɲe
пливаћи	plǐʋaːtɕiː
плима	plǐːma
плимни	plîːmniː
плин	plîːn
плиновит	plinǒʋit
плиновод	plînoʋoːd
плитак	plǐːtak
плитва	plîtʋa
плитко	plîːtko
плиткост	plǐːtkoːst
плиш	plîʃ
плишани	plǐʃaniː
плијен	plijêːn
плијесан	plijêːsan
плован	plôːʋan
пловидба	plǒʋidba
пловити	plǒʋiti
пловност	plǒːʋnoːst
пловучац	ploʋǔːtʃats
пловућац	ploʋǔːtɕats
плод	plôːd
плодан	plôdan
плодина	plôdina
плодити	plǒditi
плодница	plôdnitsa
плодно	plôdno
плодност	plôdnoːst
плодоносан	plodǒnosan
плодоред	plôdoreːd
пломба	plôːmba
плот	plʊ̞t
плотун	plǒtuːn
плоха	plǒxa
плоча	plôtʃa
плочица	plôtʃitsa
плочник	plôtʃniːk
плуг	plûg
плужни	plûʒniː
плурал	plǔraːl
плурализам	pluralǐzam
плурализација	pluralizǎːtsija
плуралистички	pluralǐstitʃki
плуралистички	pluralǐstitʃkiː
плурални	plûraːlniː
плуралност	plurǎːlnoːst
плус	plˈʌs
плусквамперфект	pluskʋampěrfekt
плута	plûta
плутати	plǔtati
плутача	plǔtatʃa
плути	plûti
плуто	plûto
плутократски	plutǒkratski
плутократски	plutǒkratskiː
плутокрација	plutokrǎtsija
плутон	plǔtoːn
плутонијум	plutonium
плућа	plǔːtɕa
плућни	plûːtɕniː
пнеуматологија	pneumatolǒgija
пнеуматски	pneǔmatskiː
по	pô
по	pôː
по	pɔ
побадати	pobǎːdati
побацати	pobǎtsati
побацити	pobǎːtsiti
побачај	pôbatʃaːj
победа	pôbeda
победив	pobědiʋ
победити	poběːditi
победник	pǒbedniːk
побелити	poběːliti
побеснити	poběsniti
побеђивати	pobedʑǐːʋati
побељивати	pobeʎǐːʋati
побећи	pǒbetɕi
побити	pǒbiti
побијати	pobǐːjati
побиједити	pobjěːditi
побијелити	pobijěːliti
побледети	poblěːdeti
побледити	pǒblediti
поближе	pôbliʒeː
поблиједити	pǒblijediti
поблиједјети	poblijěːdjeti
побожан	pôboʒan
поборник	pǒboːrniːk
поборница	pǒboːrnitsa
побости	pǒbosti
побољшавати	poboʎʃǎːʋati
побољшати	pobǒʎʃati
побољшање	poboʎʃǎːɲe
побратим	pǒbratim
побркати	pobrɪkati
побуда	pôbuda
побудити	pobǔːditi
побуна	pôbuna
побунити	pobǔːniti
побуђивати	pobudʑǐːʋati
побуњеник	pobuɲěniːk
побуњеница	pobuɲěnitsa
побуњивати	pobuɲǐːʋati
побједа	pôbjeda
побједив	pobjědiʋ
побједник	pǒbjedniːk
побјеснити	pobjěsniti
побјеђивати	pobjedʑǐːʋati
побјељивати	pobjeʎǐːʋati
побјећи	pǒbjetɕi
повезане	po˥˩ːʋʲezane
повезати	poʋěːzati
повезивати	poʋezǐːʋati
повезница	pǒʋeznitsa
поверавати	poʋerǎːʋati
повереник	poʋerěniːk
поверенство	poʋerěnstʋo
поверење	poʋerěːɲe
поверити	pǒʋeriti
поверовати	pǒʋeroʋati
поверљив	poʋěrʎiʋ
повест	pôʋeːst
повести	pǒʋesti
поветарац	poʋetǎːrats
повеља	pǒʋeʎa
повећавати	poʋetɕǎːʋati
повећало	poʋětɕalo
повећати	poʋětɕati
повисок	pôʋisok
повити	pǒʋiti
повијати	poʋǐːjati
повијест	pôʋijeːst
повластица	pǒʋlastitsa
повлачити	poʋlǎːtʃiti
повод	pǒʋod
поводити	poʋǒditi
поводом	pǒʋodom
поворка	pǒʋoːrka
повољан	pôʋoːʎan
повољно	pôʋoːʎno
повратак	pǒʋratak
повратити	povrǎːtiti
повратник	pǒʋratniːk
повратница	pǒʋratnitsa
повраћати	pǒʋratɕati
повреда	pôʋreda
повредив	poʋrědiʋ
повредити	poʋrěːditi
повремен	pǒʋremen
повремено	pǒʋremeno
повређивати	poʋredʑǐːʋati
повриједити	poʋrjěːditi
повртни	pǒʋrtniː
површан	pǒʋrʃan
површина	pôʋrʃina
поврће	pǒʋr̩tɕe
повучен	poʋǔtʃen
повући	pǒʋuːtɕi
повјеравати	poʋjerǎːʋati
повјереник	poʋjerěniːk
повјеренство	poʋjerěnstʋo
повјерење	poʋjerěːɲe
повјерити	pǒʋjeriti
повјеровати	pǒʋjeroʋati
повјерљив	poʋjěrʎiʋ
повјетарац	poʋjetǎːrats
погасити	pogǎːsiti
погача	pǒgatʃa
погађати	pogǎːdʑati
погађач	pogǎdʑaːtʃ
погибати	pogǐːbati
погинути	pǒginuti
поглавар	poglǎʋaːr
поглавара	poːglavaːra
поглавито	pǒglaʋito
поглавље	pǒglaːʋʎe
поглед	pôgleːd
погледавати	pogledǎːʋati
погледати	pǒgledati
погледај	pogladaj
поговор	pôgoʋoːr
погодак	pǒgodak
погодан	pôgodan
погодити	pogǒditi
погодност	pogǒːdnoːst
поготово	pogǒtoʋo
погрбити	pǒgrbiti
погрбљивати	pogrbʎǐːʋati
погреб	pǒgreb
погрешан	pǒgreʃan
погрешити	pogrěːʃiti
погрешка	pǒgreʃka
погрешно	pǒgreʃno
погријешити	pogrjěːʃiti
погубан	pôguːban
под	pôd
поданик	pǒdaniːk
поданица	pǒdanitsa
подао	pôdao
податак	odatak
податак	podǎːtak
подбадати	podbǎːdati
подбел	pǒdbel
подбости	pǒdbosti
подвала	pôdʋala
подвалити	podʋǎːliti
подваљивати	podʋaʎǐːʋati
подвести	pǒdʋesti
подвиг	pôdʋiːg
подводити	podʋǒditi
подвостручити	podʋǒstrutʃiti
подгорица	pǒdgoritsa
подградити	podgrǎːditi
подграђивати	podgradʑǐːʋati
подгрејавати	podgrejǎːʋati
подгрејати	pǒdgrejati
подгризати	podgrǐːzati
подгристи	pǒdgristi
подгријавати	podgrijǎːʋati
подгријати	pǒdgrijati
подела	pôdela
поделити	poděːliti
подесан	pôdesan
подесити	pǒdesiti
подест	pǒdest
подешавати	podeʃǎːʋati
подигнути	pǒdignuti
подизати	pǒdizati
подилазити	podǐlaziti
подичити	pǒditʃiti
подијелити	podjěːliti
подићи	pǒditɕi
подићи	pǒdiːtɕi
подлац	pǒdlats
подмазати	pǒdmazati
подмазивати	podmazǐːʋati
подмитити	podmǐːtiti
подмитљив	podmǐtʎiʋ
подмитљивост	podmǐtʎiʋoːst
подмићивати	podmitɕǐːʋati
подморница	pǒdmoːrnitsa
подморничар	pǒːdmornitʃaːr
подморнички	pǒdmoːrnitʃkiː
подморски	pǒdmorskiː
подморје	pǒdmoːrje
подмукао	pǒdmuːkao
подмукло	pǒdmuːklo
подмуклост	pǒdmuːkloːst
поднаслов	podnǎːsloʋ
подне	pǒːdne
подне	pɔˈdne
поднебље	pǒːdneːbʎe
подневни	pǒːdneːʋniː
подневник	pǒːdneːʋniːk
поднети	pǒdneːti
поднијети	pǒdnjeːti
подножје	pǒdnoːʒje
подносилац	podnǒsilats
подноситељ	podnǒsiteʎ
подносити	podnǒsiti
подобан	pôdoban
подокница	pǒdoknitsa
подофицир	pôdofitsiːr
подразумева	pˈodrazˈumɛva
подразумевати	podrazuměːʋati
подразумијевати	podrazumjěːʋati
подрезати	pǒdrezati
подрезивати	podrezǐːʋati
подржавати	podrʒǎːʋati
подржати	podřʒati
подригивати	podrigǐːʋati
подригнути	pǒdrignuti
подријетло	podrijěːtlo
подробан	pôdroban
подробно	pôdrobno
подругивати	podrugǐːʋati
подругнути	pǒdrugnuti
подрум	pǒdrum
подручје	pǒdruːtʃje
подручју	po˥˩ːdrutʃɨu˩˥ː
подршка	pǒdrʃka
подсвест	pôdsʋeːst
подсвестан	pôdsʋestan
подсвијест	pôdsʋijeːst
подсвјестан	pôdsʋjestan
подсетити	pǒdsetiti
подсетник	pǒdsetniːk
подсећати	pǒdsetɕati
подсмех	pôdsmeːx
подсмијех	pôdsmijeːx
подстава	pôdstaʋa
подставити	pǒdstaʋiti
подстакнути	podstǎknuti
подстанар	pôdstanaːr
подстанарка	pôdstanaːrka
подстанарски	pôdstanaːrski
подстанарски	pôdstanaːrskiː
подстаћи	pǒdstatɕi
подстицати	pǒdstitsati
подстрек	pôdstreːk
подстрекач	podstrěkaːtʃ
подстризати	podstrǐːzati
подстрићи	pǒdstritɕi
подсукња	pǒdsukɲa
подсјетити	pǒdsjetiti
подсјетник	pǒdsjetniːk
подсјећати	pǒdsjetɕati
поду	pɔdu
подугачак	pôdugatʃak
подударан	pôdudaːran
подударати	podǔdarati
подударити	podǔdariti
подударност	podudǎːrnoːst
подузети	podǔzeːti
подузетник	pôduzeːtniːk
подузеће	poduzěːtɕe
подузимати	podǔzimati
подука	pôduka
подухват	pôduxʋat
подучавати	podutʃǎːʋati
подучити	podǔtʃiti
подцртавати	podtsr̩tǎːʋati
подцртати	pǒdtsr̩tati
подчинити	podtʃǐniti
подчињавати	podtʃiɲǎːʋati
подшпрајцати	pǒdʃprajtsati
подјармити	podjǎːrmiti
подјармљивати	podjarmʎǐːʋati
подјела	pôdjela
поезија	pǒeːzija
поетика	poětika
пожар	po˥˩ːʒar
пожар	pôʒaːr
пожелети	poʒěleti
пожељан	pôʒeːʎan
пожељети	poʒěʎeti
пожуда	pôʒuda
пожудан	pôʒuːdan
позадина	pǒzadina
позан	pôːzan
позвати	pǒzʋati
поздрав	pôzdraːʋ
поздравити	pǒzdraʋiti
поздравни	pôzdraːʋniː
поздрављати	pǒzdraʋʎati
позер	pǒzeːr
позив	pǒːziʋ
позивати	pozǐːʋati
позирати	pozǐːrati
позитиван	pôzitiːʋan
позитивно	pôzitiːʋno
позиција	po˥˩ːzitsia˥˩ː
позиција	pǒziːtsija
познавати	poznǎːʋati
познаник	pǒznaniːk
познат	pôznaːt
познат	pɔznat
позната	pɔznata
познати	pǒznati
познатост	pôznaːtoːst
позоран	pǒːzoːran
позорник	pǒːzoːrniːk
позорница	pozǒːrnitsa
позорно	pǒːzoːrno
позорност	pozǒːrnoːst
поимати	pǒimati
покажите	pɔkaːʒite
показатељ	pokǎzateʎ
показати	pokǎːzati
показивати	pokazǐːʋati
покал	pǒkaːl
покајник	pǒkaːjniːk
покварен	pǒkʋaːren
поквареност	pǒkʋaːrenoːst
покварењак	pokʋarěɲaːk
покварењачки	pokʋarěɲaːtʃki
покварењачки	pokʋarěɲaːtʃkiː
покварити	pokʋǎːriti
покварљив	pokʋǎrʎiʋ
поквасити	pǒkʋasiti
покер	pǒker
покидати	pǒkidati
покиснути	pǒkisnuti
покладница	pǒkladnitsa
поклањати	pǒklaɲati
поклон	pǒklon
поклонити	poklǒniti
поклонство	pǒkloːnstʋo
покопати	pokǒpati
покоравати	pokorǎːʋati
покоран	pôkoːran
покорити	pokǒriti
покорно	pôkoːrno
покорност	pokǒːrnoːst
покоји	pǒkojiː
покрасти	pǒkrasti
покрај	pôkraj
покрајина	pǒkrajina
покрајински	pǒkrajiːnskiː
покренути	pokrěːnuti
покрет	pôkreːt
покретан	pôkreːtan
покретати	pǒkretati
покретач	pokrětatʃ
покривати	pokrǐːʋati
покрити	pǒkriti
покрстити	pokřstiti
покрштавати	pokrʃtǎːʋati
покус	pǒkus
покушавамо	pokuʃaˈvamɔ
покушавати	pokuʃaˈvati
покушавати	pokuʃǎːʋati
покушати	pǒkuʃati
покушај	pôkuʃaːj
покуњити	pokǔːɲiti
покућство	pǒkutɕstʋo
пол	pôːl
пол	pɔːl
пола	pôla
пола	pǒːla
пола	pɔla
полаган	polǎgaːn
полагано	polǎgaːno
полагати	polǎːgati
полазак	pǒlazak
полазити	pǒlaziti
полако	polǎːko
поласкати	pǒlaskati
полен	pǒlen
полет	pǒlet
полетати	polěːtati
полетео	pˌolətˈeo
полетети	polěteti
полетјети	polětjeti
полиандрија	poliǎndrija
полизати	polǐːzati
поликлиника	poliklǐnika
поликлинички	poliklǐnitʃki
поликлинички	poliklǐnitʃkiː
полинезијски	polǐneːziːjskiː
полисемија	polisěmija
политеизам	politeǐzam
политика	poliːtika
политика	polǐtika
политике	pɔlitike
политичар	polǐtitʃaːr
политички	polǐtitʃkiː
политички	pɔlititʃki
политичким	poɫititʃkim
политологија	politolǒgija
полицајац	politsǎːjats
полиција	polǐtsija
полицијски	polǐtsiːjski
полицијски	polǐtsiːjskiː
полијетати	polijěːtati
половина	polǒʋina
половица	polǒʋitsa
положити	polǒʒiti
поломити	polǒmiti
полубрат	polǔbrat
полуга	pǒluga
полугодиште	polugǒdiːʃte
полугодишњи	polugǒdiʃɲiː
полудети	polǔːdeti
полудјети	polǔːdjeti
полукруг	pôlukruːg
полумесец	pôlumeseːts
полумесечни	pôlumesetʃniː
полумесечно	pôlumesetʃno
полумрак	pôlumraːk
полумјесец	pôlumjeseːts
полумјесечни	pôlumjesetʃniː
полумјесечно	pôlumjesetʃno
полутама	pôlutaːma
полутка	pǒlutka
помагати	pomǎːgati
помагач	pomǎgaːtʃ
помада	pomǎːda
помаже	pomaʒɛ
помазати	pǒmazati
помакнути	pomǎknuti
помало	pǒmalo
помаст	pômaːst
помаћи	pǒmatɕi
помести	pǒmesti
помешати	poměːʃati
помиловати	pǒmiloʋati
помирити	pomǐːriti
помислити	pǒmisliti
помицати	pǒmitsati
помишљати	pomǐːʃʎati
помијешати	pomiěːʃati
помладак	pǒmladak
помножити	pomnǒʒiti
помодан	pômoːdan
поморанџа	pomǒraːndʒa
поморац	pǒmorats
помоћ	pômoːtɕ
помоћи	pǒmotɕi
помоћни	pǒmotɕniː
помоћник	pomǒtɕniːk
помоћница	pomǒtɕnitsa
помоћу	pômotɕu
помусти	pǒmusti
помфрит	pǒmfrit
помњив	pǒmɲiʋ
понављати	ponǎːʋʎati
понадвор	ponadvor
понаособ	ponaǒsob
понашати	ponǎːʃati
понашање	ponǎːʃaːɲe
понаѕрнѕити	ponadzrndziti
понајвише	pǒnaːjʋiʃe
понајпре	pǒnaːjpre
понајприје	pǒnaːjprije
понедељак	ponědeʎak
понедјељак	ponědjeʎak
понекад	pǒnekad
понестати	poněstati
понестајати	poněstajati
понижавати	poniʒǎːʋati
понижење	poniʒěːɲe
понизити	ponǐːziti
поништавати	poniʃtǎːʋati
поништити	pǒniʃtiti
понован	pônoːʋan
поновити	ponǒʋiti
поновно	pônoːʋno
поново	pônoʋo
понор	pǒnor
понос	pǒnos
поносан	pǒnosan
поносит	pǒnosit
поносити	ponǒsiti
поносито	pǒnosito
поносно	pǒnosno
понуда	pônuda
понудити	pǒnuditi
поорати	poǒrati
поп	pôp
попис	pupis
попис	pǒpis
пописати	popǐːsati
пописати	pɔpisati
пописивати	popisǐːʋati
пописивати	pɔpiˈsivati
попити	pǒpiti
поплава	pôplaʋa
поплавити	poplǎːʋiti
поплашити	pǒplaʃiti
поплочати	poplotʃatɨ
поподне	popǒːdne
поправак	pǒpraʋak
поправилиште	poprǎʋiliːʃte
поправити	pǒpraʋiti
поправни	pǒpraːʋniː
поправљати	pǒpraʋʎati
поправљач	poprǎʋʎaːtʃ
поправљачица	popraʋʎǎtʃitsa
поправљив	poprǎʋʎiʋ
попрати	pǒprati
попратити	pǒpratiti
попратни	pǒpratniː
попраћивати	popratɕǐːʋati
попреко	pôpreːko
попречан	pôpretʃan
попречница	pôpretʃnitsa
попречно	pôpretʃno
попржити	pǒprʒiti
поприличан	poprǐːlitʃan
поприлично	poprǐːlitʃno
попримати	poprǐːmati
попримити	poprǐːmiti
попричати	poprǐːtʃati
поприште	pôpriːʃte
попријеко	pôprijeːko
попрскавати	poprskǎːʋati
попрскати	popřːskati
попрсје	pǒprːsje
популаран	pôpulaːran
популаризатор	popularǐzaːtor
популаризаторски	popularǐzaːtoːrskiː
популаризација	popularizǎːtsija
популаризирати	popularizǐːrati
популарно	pôpulaːrno
популарност	populǎːrnoːst
популација	populǎːtsija
популацијски	populǎːtsiːjskiː
популизам	populǐzam
популистички	populǐstitʃki
популистички	populǐstitʃkiː
попуна	pôpuna
попунити	pǒpuniti
попуст	pǒpust
попустити	popǔstiti
попустљив	popǔstʎiʋ
попустљиво	popǔstʎiʋo
попустљивост	popǔstʎiʋoːst
попут	pôpuːt
попутнина	pǒputnina
попуцати	pǒputsati
попушити	pǒpuʃiti
попуштати	popǔːʃtati
попуњавати	popuɲǎːʋati
пора	pǒːra
поравнавати	poraʋnǎːʋati
поравнати	porǎʋnati
поради	pôradi
порадити	porǎːditi
пораз	pôraːz
поразите	po˥˩ːra˥˩ːzite
поранити	pǒraniti
пораст	pôraːst
порасти	pǒraːsti
порађати	porǎːdʑati
пораће	pǒraːtɕe
поред	pôred
поредак	pǒredak
поредба	pǒredba
порезати	pǒrezati
порекло	porěːklo
пореметити	porěmetiti
поремећај	pôremetɕaːj
поремећивати	poremetɕǐːʋati
порећи	pǒretɕi
порицати	porǐːtsati
поријекло	porijěːklo
порнограф	pornǒgraf
порнографија	pornogrǎfija
порнографски	pornǒgrafskiː
поробити	porǒbiti
поробљавати	porobʎǎːʋati
поробљивати	porobʎǐːʋati
породити	porǒditi
породица	pǒroditsa
породични	pǒroditʃniː
породичним	po˥˩ːraditʃnim
порозан	pôroːzan
порок	pǒrok
порота	pôrota
поротни	pôrotniː
поротник	pǒrotniːk
поротница	pǒrotnitsa
портал	pǒrtaːl
португал	pôrtugal
португалац	portugǎːlats
португалски	pôrtugaːlskiː
португалски	pˈortuːgalskɪ
поруга	pôruga
порука	pôruka
поруменети	poruměneti
поруменити	poruměniti
порумењети	poruměɲeti
поручивати	porutʃǐːʋati
поручити	porǔːtʃiti
поручник	pǒrutʃniːk
поручница	pǒrutʃnitsa
порушити	pǒruʃiti
поруџбина	pǒrudʒbina
посада	pôsada
посадити	posǎːditi
посао	poso
посао	pǒsao
посађивати	posadʑǐːʋati
посве	pǒsʋe
посвема	posʋěma
посвемашњи	pǒsʋemaʃɲiː
посвета	pôsʋeta
посветити	posʋěːtiti
посвећивати	posʋetɕǐːʋati
посебан	pǒːseban
посебице	pǒːsebitseː
посебно	pǒːsebno
посебност	pǒːsebnoːst
посед	pǒːsed
поседети	posěːdeti
поседити	posěːditi
поседовати	pǒːsedoʋati
посекотина	posekǒtina
посет	pôset
посета	pôseta
посети	poːsɪti
посетилац	posětilats
посетитељ	posětiteʎ
посетити	postetiti
посетити	pǒsetiti
посетница	pǒsetnitsa
посећи	pǒsetɕi
посећивати	posetɕǐːʋati
посиједити	posijěːditi
посиједјети	posijěːdjeti
посла	pɔsla
посланик	pǒslaniːk
посланство	poslǎːnstʋo
посластица	pǒslastitsa
послати	pǒslati
после	po˥˩ːsle
последица	pǒsleditsa
последњи	pǒsledɲiː
послован	pôsloːʋan
пословати	poslǒʋati
пословање	posloʋǎːɲe
пословна	po˥˩ːslo˥˩ːvna
пословним	po˥˩ːslo˥˩ːvnim
пословоткиња	poslǒʋotkiɲa
пословођа	pôsloʋodʑa
послодавац	poslodǎːʋats
послуга	pôsluga
послуживати	posluʒǐːʋati
послужитељ	poslǔʒiteʎ
послужити	poslǔːʒiti
послух	pôsluːx
послушан	pôsluːʃan
послушати	pǒsluʃati
послушник	pǒsluːʃniːk
послушно	pôsluːʃno
послушност	poslǔːʃnoːst
посмрче	pǒsmr̩tʃe
посолити	posǒliti
поспан	pôspaːn
поспано	pôspaːno
посрамити	posrǎːmiti
посрамљивати	posramʎǐːʋati
посредан	pǒsredan
посредник	pǒsredniːk
посредно	pǒsredno
посредовати	pǒsredoʋati
посредство	pǒsredstʋo
посркати	posřːkati
посрнути	posřːnuti
посртати	pǒsrtati
пост	pôːst
поставити	pǒstaʋiti
поставка	pǒstaːʋka
постављати	pǒstaʋʎati
постављење	postaʋʎěːɲe
посталвеоларан	pôstalʋeolaːran
постали	pˈotˈalˈiŋ
постанак	pǒstanak
постарији	pôstarijiː
постати	pastati
постати	pǒstati
постаја	pôstaja
постајати	pǒstajati
постеља	pôsteʎa
постеља	pɔsteʎa
постељина	posteʎǐna
постељица	pôsteʎitsa
постигнути	pǒstignuti
постидети	postǐːdeti
постидјети	postǐːdjeti
постизати	pǒstizati
постити	pǒstiti
постићи	pǒstitɕi
постола	postǒla
постотак	pǒstotak
постојан	pǒːstojaːn
постојаност	pǒːstojaːnoːst
постојати	postǒjati
постојати	pǒːstojati
постојање	pǒːstojaːɲe
постојећи	pǒːstojeːtɕiː
постоље	pǒːstoːʎe
постулат	postǔlaːt
поступа	postupo
поступак	pǒstupak
поступан	pǒstupan
поступати	postǔːpati
поступити	postǔːpiti
поступно	pǒstupno
постфеминизам	postfeminǐzam
посуда	pôsuda
посудити	posǔːditi
посустати	posǔstati
посустајати	posǔstajati
посуђивати	posudʑǐːʋati
посјед	pǒːsjed
посједовати	pǒːsjedoʋati
посјекотина	posjekǒtina
посјет	pôsjet
посјета	pôsjeta
посјетилац	posjětilats
посјетитељ	posjětiteʎ
посјетити	pǒsjetiti
посјетница	pǒsjetnitsa
посјећи	pǒsjetɕi
посјећивати	posjetɕǐːʋati
посљедица	pǒsʎeditsa
посљедњи	pǒsʎedɲiː
потакнути	potǎknuti
потанко	pôtanko
потапати	potǎːpati
потајан	pôtaːjan
потаћи	pǒtatɕi
потврда	pôtʋrda
потврдити	potʋřːditi
потврђивати	potʋr̩dʑǐːʋati
потегнути	potěːgnuti
потезати	potěːzati
потенцијал	potentsǐjaːl
потенцијалан	pôtentsijaːlan
потенцијално	pôtentsijaːlno
потера	pôtera
потерница	pǒteːrnitsa
потешкоћа	poteʃkǒtɕa
потихо	pôtixo
потицати	pǒtitsati
потиштен	pǒtiːʃten
потиштеност	pǒtiːʃtenoːst
потиљак	pǒtiʎak
поткивати	potkǐːʋati
поткова	pǒtkoʋa
потковати	potkǒʋati
потковица	pǒtkoʋitsa
поткопавати	potkopǎːʋati
поткопати	potkǒpati
поткошуља	pôtkoʃuʎa
поткрај	otkraj
поткрај	pǒtkraːj
поткрепити	potkrěːpiti
поткрепљивати	potkrepʎǐːʋati
поткријепити	potkrjěːpiti
поткупити	potkǔːpiti
поткупљивати	potkupʎǐːʋati
потмуо	pǒtmuo
поток	pǒtok
потом	pǒtoːm
потом	pˈotʊm
потомак	pǒtomak
потомство	pǒtoːmstʋo
потоп	pǒtop
потопити	potǒpiti
поточић	pǒtotʃitɕ
поточни	pǒtotʃniː
потпетица	pǒtpetitsa
потпис	pǒtpis
потписати	potpǐːsati
потписати	pɔtpiːsatiː
потписивати	potpisǐːʋati
потписник	pǒtpisniːk
потписница	pǒtpisnitsa
потплатити	potplǎːtiti
потплаћивати	potplatɕǐːʋati
потпора	pôtpora
потпредседник	potprěːdsedniːk
потпредсједник	potprěːdsjedniːk
потпун	pǒtpun
потпун	pɔtpun
потпуно	pǒtpuno
потрага	pôtraga
потражити	potrǎːʒiti
потрајати	pǒtrajati
потреба	pôtreba
потребан	pôtreban
потребе	otrebe
потребно	potrɛbno
потребовати	pǒtreboʋati
потрес	pǒtres
потрошач	potrǒʃaːtʃ
потрошити	potrǒʃiti
потрошња	potrǒʃɲa
потрудити	potrǔːditi
потјера	pôtjera
потјерница	pǒtjeːrnitsa
поуздан	pǒuzdaːn
поуздано	pǒuzdaːno
поузданост	pǒuzdaːnoːst
поуздање	pouzdǎːɲe
похабати	pǒxabati
похати	pôxati
похвала	pôxʋala
похвалити	poxʋǎːliti
похваљивати	poxʋaʎǐːʋati
похлепа	pôxlepa
похлепан	pôxleːpan
похлепно	pôxleːpno
похлепност	pôxleːpnoːst
поход	pǒxod
похота	pôxota
похотан	pôxotan
похотник	pôxotniːk
похотно	pôxotno
похотљивац	poxǒtʎiʋats
почаст	pôtʃaːst
почетак	potʃěːtak
почети	pǒtʃeːti
почетком	potʃěːtkom
почетни	pǒtʃetniː
почетник	pǒtʃetniːk
почетница	pǒtʃetnitsa
починити	potʃǐniti
почињати	pǒtʃiɲati
почиње	pɔtʃiɲe
пошаст	pôʃaːst
пошта	pôʃta
поштански	pôʃtanskiː
поштеда	pôʃteda
поштедети	poʃtěːdeti
поштедећете	poʃtɛjdetɕete
поштедјети	poʃtěːdjeti
поштен	pǒʃten
поштеђивати	poʃtedʑǐːʋati
пошто	pôʃto
поштовалац	poʃtǒʋalats
поштован	pôʃtoʋaːn
поштоватељ	poʃtǒʋateʎ
поштовати	poʃtǒʋati
поштовање	poʃtoʋǎːɲe
поштују	oʃtuju
пошумити	pǒʃumiti
пошумљавати	poʃumʎǎːʋati
пошумљивати	poʃumʎǐːʋati
појава	pôjaʋa
појавити	pojǎːʋiti
појављивати	pojaʋʎǐːʋati
појам	pǒːjam
појас	pôjaːs
појахати	pǒjaxati
појачавати	pojatʃǎːʋati
појачавач	pɔjatʃaˈvatʃ
појачати	pojǎtʃati
појединац	pojedǐːnats
појединачан	pojedǐnatʃan
појединачно	pojedǐnatʃno
поједини	pojědiːniː
поједноставити	pojednostǎːʋiti
поједноставнити	pojednostǎːʋniti
поједноставњивати	pojednostaʋɲǐːʋati
појести	pǒjesti
појмити	pǒːjmiti
појмљив	pǒjmʎiʋ
појурити	pojǔːriti
пољак	pǒʎaːk
пољакиња	poʎǎkiɲa
поље	pôʎe
поље	pɔʎe
пољоделство	poʎoděːlstʋo
пољодјелство	poʎodjěːlstʋo
пољска	pôʎskaː
пољски	pôʎski
пољски	pôʎskiː
пољски	pǒʎskiː
пољубити	poʎǔːbiti
поћи	pôːtɕi
прабака	prabǎːka
прав	pra
прав	prâʋ
права	pra˥˩ːva
правац	pravats
правац	prǎːʋats
праваш	prǎʋaːʃ
правда	prɐvda
правдати	prâːʋdati
праведници	pravɛdnitsi
прави	prâːʋiː
правилан	prâʋiːlan
правилник	prǎʋiːlniːk
правило	prâʋilo
правим	prɛaːvim
правио	pravjo
правити	prâʋiti
правни	prâːʋniː
правник	prâːʋniːk
правница	prâːʋnitsa
правно	prâːʋno
право	bravo
право	prâʋo
право	prǎːʋo
правоваљан	praʋoʋǎʎaːn
правоваљано	praʋoʋǎʎaːno
правоваљаност	praʋoʋǎʎanoːst
правоверан	prâʋoʋeːran
правоверац	praʋoʋěːrats
правоверно	prâʋoʋeːrno
правоверност	praʋoʋěːrnoːst
правоверје	prâʋoʋeːrje
правовремен	prâʋoʋremen
правовремено	prâʋoʋremeno
правовременост	prâʋoʋremenoːst
правовјеран	prâʋoʋjeːran
правовјерац	praʋoʋjěːrats
правовјерно	prâʋoʋjeːrno
правовјерност	praʋoʋjěːrnoːst
правовјерје	prâʋoʋjeːrje
праводобан	prâʋodoban
праводобно	prâʋodobno
праводобност	prâʋodobnoːst
правопис	prâʋopiːs
правописни	prâʋopiːsniː
праворек	prâʋoreːk
праворијек	prâʋorijeːk
православан	prâʋoslaːʋan
православац	praʋoslǎːʋats
православље	prâʋoslaːʋʎe
правосудни	prâʋosuːdniː
правосуђе	prâʋosuːdʑe
праг	prâg
прагматизам	pragmatǐzam
прадедовина	pradɛdoˈvina
пражанин	prâʒanin
праживотиња	prâʒiʋotiɲa
празан	prǎːzan
празан	raːzan
празна	pra˥˩ːzna
празник	prâːzniːk
празнина	praznǐna
празнити	prǎːzniti
празници	praːznitsi
празнични	prâːznitʃniː
празно	prâːzno
празновати	prâznoʋati
празноверан	prâznoʋeːran
празноверност	prâznoʋeːrnoːst
празноверје	prâznoʋeːrje
празновјеран	prâznoʋjeːran
празновјерност	prâznoʋjeːrnoːst
празновјерје	prâznoʋjeːrje
празноглавац	praznǒglaʋats
пракрт	prǎkrt
пракса	prâksa
пракса	rakˈsa
пракси	rakːsi
практичан	prǎktitʃan
практички	prǎktitʃki
практично	prǎktitʃno
практичност	prǎktitʃnoːst
прам	prâm
прам	prâːm
прамац	prǎːmats
прамајка	prǎmaːjka
прамен	prâmeːn
праоница	praǒːnitsa
праотац	praǒtats
прародитељ	prarǒditeʎ
прасе	prɐse
праскати	prâskati
праскозорје	prâskozoːrje
праславенски	prâslaʋeːnskiː
прасловенски	prâsloʋeːnskiː
праснути	prâsnuti
прастар	prastor
прастар	prâstar
прати	prâti
пратилац	prǎtilats
пратити	bratiti
пратити	prâtiti
пратња	prǎtɲa
прах	prâːx
прашак	prǎːʃak
прашан	prǎːʃan
прашина	prǎʃina
прашки	prâʃkiː
прашница	prâːʃnitsa
прашњав	prâʃɲaʋ
праља	prâːʎa
прање	prǎːɲe
праћка	pratʃka
првак	přʋaːk
првенствен	prʋěnstʋen
првенствено	prʋěnstʋeno
први	pravˈi
први	pr̂ːviː
први	přviː
првокласан	prʋǒklasan
прворазредан	prʋorǎːzredan
пргав	pr̂gaʋ
прдеж	pr̂deʒ
прдети	přdeti
прдити	přditi
прднути	pr̂dnuti
прдјети	přdjeti
пре	prê
пре	re
преамбула	prěambula
пребацивати	prebatsǐːʋati
пребацити	prebǎːtsiti
пребити	prěbiti
пребијати	prebǐːjati
пребродити	prebrǒditi
преброђивати	prebrodʑǐːʋati
превага	prêʋaga
превагнути	preʋǎːgnuti
превалити	preʋǎːliti
превара	prêʋara
превара	prɛ˥˩ːvara
преварити	prěʋariti
превасходан	prevǎsxodan
превасходно	prevǎsxodno
преваљивати	preʋaʎǐːʋati
превелик	prěʋelik
превентиван	prêʋentiːʋan
превентивно	prêʋentiːʋno
превести	prěʋesti
превише	prêʋiʃeː
превладавати	preʋladǎːʋati
превладати	preʋlǎːdati
превласт	prɛvlast
превлађивати	preʋladʑǐːʋati
превод	prěːʋod
преводив	preʋǒdiʋ
преводивост	preʋǒdiʋoːst
преводилац	preʋǒdilats
преводитељ	preʋǒditeʎ
преводити	preʋǒditi
превоз	prěːʋoz
превозити	preʋǒziti
преворница	preɛːvɔrnitsa
превој	prěːʋoj
преврат	prêʋraːt
превремен	preʋremen
преврнути	preʋřːnuti
превртати	prěʋrtati
прегалац	prěgalats
прегалаштво	prěgalaːʃtʋo
прегача	prěgatʃa
прегиб	prěːgib
прегибати	pregǐːbati
преглас	prěːglas
преглед	prěːgled
прегледан	prěːgledan
прегледно	prěːgledno
прегледност	prěːglednoːst
прегнантан	pregnǎntan
прегнути	prěːgnuti
преговарати	pregoʋǎːrati
преговарач	pregoʋǎraːtʃ
преговарачки	pregoʋǎraːtʃki
преговарачки	pregoʋǎraːtʃkiː
преговор	prêgoʋoːr
преграда	prêgrada
преградити	pregrǎːditi
преграђивати	pregradʑǐːʋati
прегрејавати	pregrejǎːʋati
прегрејати	prěgrejati
прегристи	prěgristi
прегријавати	pregrijǎːʋati
прегријати	prěgrijati
прегршт	prêgrːʃt
пред	prêd
преда	prêda
предавати	predǎːʋati
предавати	preːdavaːti
предавач	predǎʋaːtʃ
предавање	predǎːʋaːɲe
предавање	preɣaːʋaɲe
предак	prêdak
предати	prědati
предатор	prědaːtor
предахнути	predǎxnuti
предаја	prêdaja
предбацивати	predbatsǐːʋati
предбацити	predbǎːtsiti
предвидети	prědʋideti
предвидјети	prědʋidjeti
предвидљив	predʋǐdʎiʋ
предвидљивост	predʋǐdʎiʋoːst
предвиђати	predʋǐːdʑati
предводити	predʋǒditi
предводник	prědʋodniːk
предводница	prědʋodnitsa
предводнички	prědʋodnitʃki
предводнички	prědʋodnitʃkiː
предворје	prěːdʋoːrje
предговор	prêdgoʋoːr
предграђе	prědgraːdʑe
предео	prěːdeo
предзадњи	prědzadɲiː
предзиђе	prědziːdʑe
предзнак	prêdznaːk
предзнање	predznǎːɲe
предиво	prêdiːʋo
предигра	prêdigra
предизборни	prêdizboːrniː
предио	prěːdio
предлагати	predlǎːgati
предлог	preɛdlog
предлог	prěːdlog
предложити	predlǒʒiti
предложити	predɫoʒiti
предложни	prěːdloʒniː
предмет	prěːdmet
предметак	prěːdmetak
предност	prêdnoːst
предодредити	predodrěːditi
предодређивати	predodredʑǐːʋati
предомислити	predǒmisliti
предомишљати	predomǐːʃʎati
предочавати	predotʃǎːʋati
предочивати	predotʃǐːʋati
предочити	predǒtʃiti
предоџба	prědodʒba
предрасуда	prědraːsuda
председник	prěːdsedniːk
предсобље	prěːdsoːbʎe
представа	prědstaʋa
представити	prědstaʋiti
представник	prěːdstaːʋniːk
представница	prěːdstaːʋnitsa
представнички	prěːdstaːʋnitʃkiː
представља	predstavlʲa
представљати	prědstaʋʎati
предсједник	prěːdsjedniːk
предувјет	predǔːʋjet
предузеће	preduzěːtɕe
предујам	predǔːjam
преживети	preʒǐːʋeti
преживјети	preʒǐːʋjeti
преживљавати	preʒiʋʎǎːʋati
презалогајивати	prezalogajǐːʋati
презалогајити	prezalogǎːjiti
презати	prêzati
презати	prěːzati
презбитер	prězbiter
презент	prězent
презент	prěːzent
презерватив	prezerʋǎtiːʋ
презир	prêziːr
презирати	prězirati
презирно	prêziːrno
презрети	prězreti
прекалити	prekǎːliti
прекасно	prêkasno
прекид	prěːkid
прекидати	prekǐːdati
прекидач	prekǐdaːtʃ
прекинути	prěkinuti
прекинућу	prekimutʃu
прекипети	prekǐːpeti
прекипјети	prekǐːpjeti
преклане	preklâːne
преклане	prêklaːne
преклани	prêklaːni
преко	prêko
прекопавати	prekopǎːʋati
прекопати	prekǒpati
прекор	prekol
прекор	prěːkor
прекосутра	prekǒsutra
прекретати	prěkretati
прекретница	prěkretnitsa
прекривати	prekrǐːʋati
прекрити	prěkriti
прекршити	prekřːʃiti
прексутра	prěksutra
прекјуче	prêkjutʃeː
прекјучер	prêkjutʃeːr
прелаз	prěːlaz
прелазак	prělazak
прелазан	prěːlazan
прелазити	prělaziti
преламати	prelǎːmati
прелетати	prelěːtati
прелетети	prelěteti
прелетјети	prelětjeti
прелиминаран	prêliminaːran
прелиставати	prelistǎːʋati
прелистати	prelǐstati
прелијетати	prelijěːtati
прелом	prěːlom
преломити	prelǒmiti
према	prêma
премален	prêmalen
премало	prêmalo
премашити	prěmaʃiti
премда	prêmda
премда	prɛmda
преминули	premiːnuli
преминути	premǐːnuti
премијер	premǐjeːr
премијера	premijěːra
премлатити	premlǎːtiti
премлаћивати	premlatɕǐːʋati
премотати	premǒtati
пренети	prěneːti
пренијети	prěnjeːti
пренос	prěːnos
преносе	prenɔsˈe
преносити	prenǒsiti
преносник	prěːnosniːk
преноћивати	prenotɕǐːʋati
преноћити	prenǒtɕiti
пренути	prênuti
преокренути	preokrěːnuti
преокрет	prêokreːt
преоравати	preorǎːʋati
преорати	preǒrati
преостати	preǒstati
преостајати	preǒstajati
преотети	preǒteːti
преотимати	preǒtimati
препад	prěːpad
препадати	prěpadati
препасти	prěpasti
препелица	prêpelitsa
препеличар	prêpelitʃaːr
препећи	prěpetɕi
препилити	prepǐːliti
препирати	prěpirati
препирка	prěpiːrka
препис	prěːpis
преписати	prepǐːsati
преписивати	prepisǐːʋati
преплатити	preplǎːtiti
преплашити	prěplaʃiti
преплаћивати	preplatɕǐːʋati
препливавати	prepliʋǎːʋati
препливати	prěpliʋati
препловити	preplǒʋiti
преподне	prepǒːdne
препознавати	prepoznǎːʋati
препознати	prepǒznati
препознатљив	prepoznǎtʎiʋ
препознатљивост	prepoznǎtʎiʋoːst
преполављати	prepolǎːʋʎati
преполовити	prepolǒʋiti
преполовљивати	prepoloʋʎǐːʋati
препона	prêpona
препород	prêporod
препорука	prêporuka
препоручивати	preporutʃǐːʋati
препоручити	preporǔːtʃiti
препрати	prěprati
препреден	preprěden
препрека	prêpreka
препричавати	prepritʃǎːʋati
препричати	preprǐːtʃati
препун	prěpun
препустити	prepǔstiti
препуштати	prepǔːʃtati
прерадити	prerǎːditi
прерасподела	prerǎspodela
прерасподелити	preraspoděːliti
прерасподијелити	preraspodijěːliti
прерасподјела	prerǎspodjela
прерасти	prěraːsti
прерачунавати	preratʃunǎːʋati
прерачунати	preratʃǔnati
прерађивати	preradʑǐːʋati
пререзати	prěrezati
пререзивати	prerezǐːʋati
прерија	prêːrija
преријски	prêːriːjskiː
прерушивати	preruʃǐːʋati
прерушити	prěruʃiti
прес	prês
пресадити	presǎːditi
пресан	prěːsan
пресахнути	presǎxnuti
пресахњивати	presaxɲǐːʋati
пресађивати	presadʑǐːʋati
пресвлачити	presʋlǎːtʃiti
пресвући	prěsʋuːtɕi
пресек	prěːsek
преселити	presěliti
пресенетити	preseněːtiti
пресенећивати	presenetɕǐːʋati
пресецати	presěːtsati
пресељавати	preseʎǎːʋati
пресећи	prěsetɕi
пресијецати	presijěːtsati
прескакати	preskǎːkati
прескочити	preskǒtʃiti
пресликавати	preslikǎːʋati
пресликати	prěslikati
преслица	prêslitsa
пресолити	presǒliti
пресољавати	presoʎǎːʋati
пресољивати	presoʎǐːʋati
преспавати	prespǎːʋati
пресрести	prěsresti
пресретати	prěsretati
престанак	prěstanak
престану	prɛstanu
престати	prěstati
престајати	prěstajati
прести	prêsti
престигнути	prěstignuti
престиж	prêstiːʒ
престижни	prêstiʒniː
престизати	prěstizati
престићи	prěstitɕi
престолонаследник	prestolonǎːsledniːk
престолонаследница	prestolonǎːslednitsa
престоница	prěːstoːnitsa
престоље	prěːstoːʎe
престравити	prestrǎːʋiti
престрављивати	prestraʋʎǐːʋati
престрашити	prěstraʃiti
преступ	prěːstup
преступити	prestǔːpiti
преступник	prěːstupniːk
пресуда	prêsuda
пресудан	prêsudan
пресудити	presǔːditi
пресуђивати	presudʑǐːʋati
пресјек	prěːsjek
пресјећи	prěsjetɕi
претапати	pretǎːpati
претварати	pretʋǎːrati
претварач	pretʋǎraːtʃ
претворба	prětʋorba
претворив	pretʋǒriʋ
претворивост	pretʋǒriʋoːst
претворио	prɛtvorio
претворити	pretʋǒriti
претворљив	pretʋǒrʎiʋ
претежно	prěːteʒno
претензија	pretěnzija
претеран	prěteraːn
претерано	prěteraːno
претерати	prěterati
претеривати	preterǐːʋati
претеча	prêtetʃa
претинац	prětinats
претисак	prětisaːk
претити	prěːtiti
претопити	pretǒpiti
преторијанац	pretorijǎːnats
претплата	prêtplata
претплатити	pretplǎːtiti
претплатник	prětplatniːk
претплатница	prětplatnitsa
претплаћивати	pretplatɕǐːʋati
претпоставити	pretpǒstaʋiti
претпоставка	prêtpostaːʋka
претпостављати	pretpǒstaʋʎati
претрага	prêtraga
претраживати	pretraʒǐːʋati
претражити	pretrǎːʒiti
претрпети	pretřːpeti
претрпјети	pretřːpjeti
претући	prětuːtɕi
претходан	prěːtxodan
претходити	pretxǒditi
претходник	prěːtxodniːk
претходница	prěːtxodnitsa
претходно	prěːtxodno
претјеран	prětjeraːn
претјерано	prětjeraːno
претјерати	prětjerati
претјеривати	pretjerǐːʋati
преузети	preǔzeːti
преузимати	preǔzimati
префект	prěfekt
префектура	prefektǔːra
преферанс	prěferans
преференцијалан	prêferentsijaːlan
преферирати	preferǐːrati
префикс	prěfiks
преформулирати	preformulǐːrati
префриган	prěfrigaːn
префриганац	prefrigǎːnats
прецизан	prêtsiːzan
прецизно	prêtsiːzno
прешево	preʃevo
прештампавати	preʃtampǎːʋati
прештампати	prěʃtaːmpati
пређа	prêdʑa
прељуб	prěːʎub
прећи	prêːtɕi
прећутати	preːtʃɛutati
преџивот	prědʒiʋot
пржити	pr̂ʒiti
при	pliː
при	prî
прибавити	prǐbaʋiti
прибављати	prǐbaʋʎati
прибадати	pribǎːdati
прибадача	pribǎdatʃa
прибити	prǐbiti
прибијати	pribǐːjati
приближавати	pribliʒǎːʋati
приближан	prǐːbliʒan
приближити	priblǐːʒiti
приближно	prǐːbliʒno
прибор	prǐːbor
прибости	prǐbosti
прибран	prîbraːn
прибројати	pribrǒjati
прибројити	pribrǒjiti
приватизација	priʋatizǎːtsija
приватни	prîʋaːtniː
приватно	prîʋaːtno
привезати	priʋěːzati
привезивати	priʋezǐːʋati
привесак	prǐːʋesak
привести	prǐʋesti
привид	prǐːʋid
привикавати	priʋikǎːʋati
привикнути	prǐʋiknuti
привиђење	priʋidʑěːɲe
привићи	prǐʋitɕi
привлачити	priʋlǎːtʃiti
приводити	priʋǒditi
приволети	priʋǒleti
привољети	priʋǒʎeti
привреда	prîʋreda
привредни	prîʋredniː
привредник	prîʋredniːk
привремен	prǐʋremen
привремено	prǐʋremeno
привржен	prǐʋrʒen
привржено	prǐʋrʒeno
приврженост	prǐʋrʒenoːst
привукла	privukla
привукли	pribukli
привуку	privukɔ
привући	prǐʋuːtɕi
привјесак	prǐːʋjesak
приговарало	prigoʋǎːralo
приговарати	prigoʋǎːrati
приговарач	prigoʋǎraːtʃ
приговор	prîgoʋoːr
приговорити	prigoʋǒriti
пригода	prîgoda
пригодан	prîgodan
пригодом	prîgodom
пригризати	prigrǐːzati
пригристи	prǐgristi
пригушивати	priguʃǐːʋati
пригушивач	priguʃǐʋaːtʃ
пригушити	prigǔːʃiti
придев	prǐːdeʋ
придевни	prǐːdeːʋniː
придевски	prǐːdeʋskiː
придобивати	pridobǐːʋati
придобити	pridǒbiti
придобијати	pridobǐːjati
придодавати	pridodǎːʋati
придодати	pridǒdati
придонети	pridǒneːti
придонијети	pridǒnijeːti
придоносити	pridonǒsiti
придошлица	prǐdoʃlitsa
придремати	pridrěːmati
придржавати	pridrʒǎːʋati
придржати	pridřʒati
придријемати	pridrijěːmati
придруживати	pridruʒǐːʋati
придружити	pridrǔːʒiti
придружити	prijruʒiti
придјев	prǐːdjeʋ
придјевни	prǐːdjeːʋniː
придјевски	prǐːdjeʋskiː
призвати	prǐzʋati
призвук	prîzʋuːk
приземље	prǐːzeːmʎe
призивати	prizǐːʋati
призма	prîzma
призматичан	prizmǎtitʃan
признавати	priznǎːʋati
признати	prǐznati
признање	priznǎːɲe
призор	prǐːzor
призрен	prîzren
приказ	prǐːkaz
приказа	prijkaza
приказа	prîkaza
приказати	prikǎːzati
приказивати	prikazǐːʋati
прикладан	prǐkladan
прикладно	prǐkladno
прикладност	prǐkladnoːst
приклањати	prǐklaɲati
приклонити	priklǒniti
прикрадати	prikrǎːdati
прикрасти	prǐkrasti
прикривати	prikrǐːʋati
прикрити	prǐkriti
прикупити	prǐkupiti
прикупљати	prikǔːpʎati
прилагодба	prîlagodba
прилагодити	prilagǒditi
прилагодљив	prilagǒdʎiʋ
прилагодљиво	prilagǒdʎiʋo
прилагодљивост	prilagǒdʎiʋoːst
прилагођавати	prilagodʑǎːʋati
прилагођивати	prilagodʑǐːʋati
прилаз	prǐːlaz
прилазак	prǐlazak
прилазити	prǐlaziti
прилика	priːlika
прилика	prǐːlika
приликама	prijikama
приликом	prǐːlikoːm
приличан	prǐːlitʃan
приличити	prǐːlitʃiti
прилично	priːlɪtʃno
прилично	prǐːlitʃno
прилог	prijɫog
прилог	prǐːlog
приложни	prǐːloʒniː
примакнути	primǎknuti
примамити	primǎːmiti
примамљивати	primamʎǐːʋati
примаран	prîmaːran
примати	prǐːmati
примаћи	prǐmatɕi
примедба	prǐːmedba
примена	prîmena
примените	primeŋite
применити	priměːniti
пример	prǐːmer
примерак	prǐːmerak
примеран	prǐːmeran
примерен	prǐmeren
примерено	prǐmereno
примерима	primarima
примерице	prǐːmeritseː
примерно	prǐːmerno
примеса	prîːmesa
приметан	prîmetan
приметити	priměːtiti
приметно	prîmetno
приметљив	primětʎiʋ
приметљиво	primětʎiʋo
примењивати	primeɲǐːʋati
примећивати	primetɕǐːʋati
примирје	prǐːmiːrje
примити	prǐːmiti
примитиван	prîmitiːʋan
примитивно	prîmitiːʋno
примитивност	primitǐːʋnoːst
примицати	prǐmitsati
примијенити	primjěːniti
примијетити	primjěːtiti
приморавати	primorǎːʋati
приморати	primǒːrati
примједба	prǐːmjedba
примјена	prîmjena
примјер	prǐːmjer
примјерак	prǐːmjerak
примјеран	prǐːmjeran
примјерен	prǐmjeren
примјерено	prǐmjereno
примјерице	prǐːmjeritseː
примјерно	prǐːmjerno
примјеса	prîːmjesa
примјетан	prîmjetan
примјетно	prîmjetno
примјетљив	primjětʎiʋ
примјетљиво	primjětʎiʋo
примјењивати	primjeɲǐːʋati
примјећивати	primjetɕǐːʋati
принуда	prǐnuda
принц	prînts
принцеза	printsěːza
принцип	prǐntsiːp
принципијелан	prîntsipijeːlan
приопћење	prioptɕěːɲe
припадати	prǐpadati
припадник	pripɛdnik
припадник	prǐpadniːk
припадница	prǐpadnitsa
припадност	prǐpadnoːst
припазити	prǐpaziti
припасти	prǐpasti
припајати	pripǎːjati
припев	prǐːpeʋ
припећи	prǐpetɕi
припиздина	prǐpizdina
приписати	pripǐːsati
приписивати	pripisǐːʋati
припитомити	pripitǒmiti
припитомљивати	pripitomʎǐːʋati
приповедати	pripoʋěːdati
приповедач	pripoʋědaːtʃ
приповедити	pripǒʋediti
приповест	prîpoʋeːst
приповетка	prîpoʋeːtka
приповиједати	pripoʋjěːdati
приповијест	prîpoʋjeːst
приповијетка	prîpoʋjeːtka
приповједач	pripoʋjědaːtʃ
приповједити	pripǒʋjediti
припоменути	pripoměːnuti
припојити	pripǒjiti
приправа	prîpraʋa
приправан	prîpraːʋan
приправити	prǐpraʋiti
приправник	prǐpraːʋniːk
приправно	prîpraːʋno
приправљати	prǐpraʋʎati
припрема	prîprema
припреман	prîpreːman
припремати	priprěːmati
припремити	priprěːmiti
припрост	prîprost
припросто	prîprosto
припјев	prǐːpjeʋ
прирачунавати	priratʃunǎːʋati
прирачунати	priratʃǔnati
приредба	prǐːredba
природа	prǐːroda
природан	prǐːrodan
природне	prirɔdne
природно	prǐːrodno
природност	prǐːrodnoːst
приручник	prǐːrutʃniːk
присан	prîsan
присвајају	prisva˩˥ːjaju
присебан	prǐːseban
присебно	prǐːsebno
присегнути	prisěːgnuti
присезати	prisěːzati
присетити	prǐsetiti
присећати	prǐsetɕati
присећи	prǐseːtɕi
присилан	prǐːsiːlan
присилити	prǐsiliti
присилно	prǐːsiːlno
присиљавати	prisiʎǎːʋati
прислањати	prǐslaɲati
прислонити	prislǒniti
прислушкивати	prisluʃkǐːʋati
прислушкивач	prisluʃkǐʋaːtʃ
присмотра	prǐsmotra
присно	prîsno
присност	prîsnoːst
приставити	prǐstaʋiti
пристављати	prǐstaʋʎati
присталица	prǐstalitsa
пристанак	prǐstanak
пристати	prǐstati
присташа	prîstaʃa
пристајати	prǐstajati
пристег	prǐsteg
пристешки	prǐsteʃkiː
пристојан	prǐːstoːjan
пристојба	prǐːstojba
пристојбени	prǐːstojbeniː
пристојно	prǐːstoːjno
пристојност	pristǒːjnoːst
пристран	prǐstran
пристрано	prǐstrano
пристраност	prǐstranoːst
приступ	prijstup
приступ	prǐːstup
приступати	pristǔːpati
приступачан	prîstupaːtʃan
приступачно	prîstupaːtʃno
приступачност	prîstupaːtʃnoːst
приступити	pristǔːpiti
присуствовати	prǐsustʋoʋati
присуствују	prisustvuju
присутан	prîsutan
присутан	pɾisutan
присутност	prisǔːtnoːst
присјетити	prǐsjetiti
присјећати	prǐsjetɕati
притварати	pridvaːrati
притварати	pritʋǎːrati
притворити	pritʋǒriti
притисак	prijtisak
притисак	prǐtisak
притисака	prijtisaka
притискати	pritǐːskati
притискивати	pritiskǐːʋati
притиснути	prǐtisnuti
притужба	prǐːtuʒba
приуштити	priǔʃtiti
приушћивати	priuʃtɕǐːʋati
прихват	prǐxʋat
прихватилиште	prixʋǎtiliːʃte
прихватити	prǐxʋatiti
прихватљив	prixʋǎtʎiʋ
прихватљиво	prixʋǎtʎiʋo
прихватљивост	prixʋǎtʎiʋoːst
прихваћати	prǐxʋatɕati
приход	prǐːxod
прича	priːtʃa
прича	prîːtʃa
причате	prijtʃate
причати	prǐːtʃati
причвршћивати	pritʃʋr̩ʃtɕǐːʋati
причекати	prǐtʃekati
причекивати	pritʃekǐːʋati
причест	prǐːtʃest
причинити	pritʃǐniti
причица	prîːtʃitsa
причињавати	pritʃiɲǎːʋati
причувати	pritʃǔːʋati
причљив	prǐtʃʎiʋ
причљивост	prǐtʃʎiʋoːst
приштина	prǐʃtina
приштина	pɾiʃtina
приштински	prǐʃtiːnskiː
прија	prǐja
пријава	prîjaʋa
пријавити	prijǎːʋiti
пријављивати	prijaʋʎǐːʋati
пријазан	prîjaːzan
пријазно	prîjaːzno
пријам	prǐjam
пријамник	prǐjaːmniːk
пријан	prǐjaːn
пријатан	prijetan
пријатан	prîjaːtan
пријатељ	prîjateʎ
пријатеља	prijatʲeʲa
пријатељевати	prijateʎěʋati
пријатељи	prijatedi
пријатељица	prijatěʎitsa
пријатељски	prijatěʎskiː
пријатељство	prijatěʎstʋo
пријати	prǐjati
пријатно	prijetno
пријатно	prîjaːtno
пријањати	prijaːnjat
прије	prîje
пријевод	prjěːʋod
пријевоз	prjěːʋoz
пријевој	prijěːʋoj
пријевремен	prîjeʋremen
пријеглас	prijěːglas
пријеглед	prěːgled
приједлог	prjěːdlog
приједложни	prijěːdloʒniː
приједор	prijedo
пријезир	prjěːzir
пријекор	prjěːkor
пријелаз	prjěːlaz
пријелазан	prijěːlazan
пријелом	prjěːlom
пријем	prǐjem
пријемник	prǐjeːmniːk
пријемчив	prijěmtʃiʋ
пријенос	prjěːnos
пријеносник	prijěːnosniːk
пријепис	prjěːpis
пријеподне	prijepǒːdne
пријесан	prijěːsan
пријестолница	prijěːstoːlnitsa
пријестолонасљедник	prjestolonǎːsʎedniːk
пријестолонасљедница	prijestolonǎːsʎednitsa
пријестоље	prjěːstoːʎe
пријеступ	prjěːstup
пријетити	prjěːtiti
пријећи	prijêːtɕi
приљубити	priʎǔːbiti
приљубљивати	priʎubʎǐːʋati
прићи	prîːtɕi
пркос	přkos
пркосан	přkosan
пркосити	přkositi
пркосно	přkosno
проба	prǒːba
пробављив	probǎʋʎiʋ
пробадати	probǎːdati
пробати	prǒːbati
пробдети	prǒbdeti
пробдјети	prǒbdjeti
пробирати	probǐːrati
пробирљив	probǐrʎiʋ
пробитачан	prôbitaːtʃan
пробитачно	prôbitaːtʃno
пробити	prǒbiti
пробијати	probǐːjati
проблем	prǒbleːm
проблематичан	problemǎtitʃan
проблематично	problemǎtitʃno
пробости	prǒbosti
пробојан	prǒːboːjan
пробрати	prǒbrati
пробудити	probǔːditi
пробушити	probǔːʃiti
пробуђивати	probudʑǐːʋati
провала	provala
провала	prôʋala
провалити	proʋǎːliti
провалија	proʋǎlija
провалник	prǒʋaːlniːk
провалница	prǒʋaːlnitsa
провансалски	proʋǎnsaːlskiː
проваљивати	proʋaʎǐːʋati
проведба	prǒʋedba
проверавати	proʋerǎːʋati
проверити	prǒʋeriti
провести	prǒʋesti
провидан	prôʋiːdan
провијант	provjant
проводила	proʋodǐːla
проводити	proʋǒditi
проводити	proˈvɔditi
провозити	proʋǒziti
провокативан	prôʋokatiːʋan
провокација	proʋokǎːtsija
провјеравати	proʋjerǎːʋati
провјерити	prǒʋjeriti
проги	prôgi
проглас	proˈglas
прогласити	proglǎːsiti
проглашавати	proglaʃǎːʋati
прогнаник	prǒgnaniːk
прогнаница	prǒgnanitsa
прогнати	prǒgnati
прогнозирати	prognozǐːrati
проговарати	progoʋǎːrati
проговорити	progoʋǒriti
прогон	prǒgon
прогонити	progǒniti
прогонство	prǒgoːnstʋo
прогрес	prǒgres
прогресиван	prôgresiːʋan
прогресивно	prôgresiːʋno
прогризати	progrǐːzati
прогристи	prǒgristi
прогутати	progǔtati
продавалац	prodǎʋalats
продаваоница	prodaʋaǒːnitsa
продаватељ	prodǎʋateʎ
продавати	prodǎːʋati
продавац	prɔdaːvats
продавач	prodǎʋaːtʃ
продавачица	prodaʋǎtʃitsa
продан	prôdan
продати	prǒdati
продатих	proˈdatɪx
продаја	prôdaja
продајни	prôdaːjniː
продекан	prǒdekaːn
продирати	prǒdirati
продор	prǒːdor
продоран	prǒːdoːran
продорно	prǒːdoːrno
продрети	prǒdreːti
продријети	prǒdrjeːti
продукт	prɔdukt
продуктиван	prôduktiːʋan
продукција	prodǔktsija
прождерати	proʒděrati
прождрети	prǒʒdreːti
прождријети	prǒʒdrijeːti
прождрљивац	proʒdřʎiʋats
прожети	prǒʒeːti
прожимати	prǒʒimati
проза	prǒːza
прозвати	prǒzʋati
прозивати	prozǐːʋati
прозиран	prôziːran
прозни	prôːzniː
прозодија	prozǒdija
прозодијски	prozǒdiːjskiː
прозор	proːzɛr
прозор	prǒːzor
произвести	proǐzʋesti
производ	proǐzʋod
производити	proizʋǒditi
производни	prôizʋodniː
производно	prôizʋodno
производња	proizʋǒdɲa
произвођач	proizʋǒdʑaːtʃ
произвођачица	proizʋodʑǎtʃitsa
произвољан	prôizʋoːʎan
произвољно	prôizʋoːʎno
проклети	prǒkleːti
проклињати	prǒkliɲati
прокопавати	prokopǎːʋati
прокопати	prokǒpati
прокрварити	prokrʋǎːriti
прокријумчарити	prokrijumtʃǎːriti
прокрстарити	prokrstǎːriti
прокушавати	prokuʃǎːʋati
прокушати	prǒkuʃati
пролаз	prǒːlaz
пролазак	prǒlazak
пролазан	prǒːlazan
пролазити	prǒlaziti
пролазник	prǒːlazniːk
пролазница	prǒːlaznitsa
проламати	prolǎːmati
пролетаријат	proletarǐjaːt
пролетер	prolěteːr
пролетерски	prolěteːrski
пролетерски	prolěteːrskiː
пролетни	prǒletniː
пролетос	prǒletoːs
пролеће	prǒletɕe
пролиставати	prolistǎːʋati
пролистати	prolǐstati
пролог	prǒlog
пролом	prǒlom
проломити	prolǒmiti
промакнути	promǎknuti
проматрати	promǎːtrati
промашај	prômaʃaːj
промашивати	promaʃǐːʋati
промашити	prǒmaʃiti
промаја	prômaja
промаћи	prǒmatɕi
промена	prômena
променити	proměːniti
промет	proːmɛt
промет	prǒːmet
прометеј	promětej
прометејски	promětejskiː
промешкољити	promeʃkǒʎiti
промењивати	promeɲǐːʋati
промигољити	promigǒʎiti
проминентан	prominěntan
проминентно	prominěntno
промислити	prǒmisliti
промицати	prǒmitsati
промишљати	promǐːʃʎati
промишљен	prǒmiʃʎen
промишљено	prǒmiʃʎeno
промишљеност	prǒmiʃʎenoːst
промијенити	promjěːniti
промотрити	promǒtriti
промоција	prǒmoːtsija
промрсивати	promrsǐːʋati
промрсити	promřːsiti
промјена	prômjena
промјер	prǒːmjer
промјењивати	promjeɲǐːʋati
проналазак	pronǎlazak
проналазач	pronalǎzaːtʃ
проналазити	pronǎlaziti
пронаћи	prǒnaːtɕi
проникнути	prǒniknuti
проницати	prǒnitsati
пронићи	prǒnitɕi
пропаганда	propǎgaːnda
пропагандни	propǎgaːndniː
пропадати	prǒpadati
пропалица	prapalitsa
пропан	prǒpaːn
пропасти	prǒpasti
пропатити	prǒpatiti
пропис	prǒpis
прописати	propǐːsati
прописивати	propisǐːʋati
пропити	prǒpiti
пропијати	propǐːjati
проплакати	prǒplakati
проплакивати	proplakǐːʋati
пропланак	prǒplanak
пропливавати	propliʋǎːʋati
пропливати	prǒpliʋati
проповед	prôpoʋeːd
проповедаоница	propoʋedaǒːnitsa
проповедати	propoʋěːdati
проповедник	propoʋědniːk
проповијед	prôpoʋjeːd
проповиједати	propoʋjěːdati
проповједаоница	propoʋjedaǒːnitsa
проповједник	propoʋjědniːk
пропорционалан	prôportsionaːlan
пропорционално	prôportsionaːlno
пропорција	propǒrtsija
пропрати	prǒprati
пропустити	propǔstiti
пропушити	prǒpuʃiti
пропуштати	propǔːʃtati
прорадити	prorǎːditi
прорачун	prôratʃuːn
прорачунати	proratʃǔnati
прорађивати	proradʑǐːʋati
прорећи	prǒretɕi
прорицати	prorǐːtsati
пророчиште	prǒrotʃiːʃte
просац	prǒsats
просведник	prǒsʋedniːk
просвјед	prǒsʋjed
просвједник	prǒsʋjedniːk
просечно	prôsetʃno
просити	prǒsiti
прослава	prɔslava
прославити	prǒslaʋiti
прослов	prǒsloʋ
просо	prôso
проспавати	prospǎːʋati
проспект	prǒspekt
проспективан	prôspektiːʋan
просперирати	prosperǐːrati
просперитет	prosperǐteːt
прост	prôst
простирати	prǒstirati
простирач	ro˥˩ːsti˩˥ːratʃ
проститутка	prǒstituːtka
проституција	prostitǔːtsija
просто	prôsto
простор	prǒːstor
просторија	prostǒrija
просторни	prǒːstoːrniː
просторно	prǒːstorno
простран	roːstran
прострети	prǒstreːti
простријети	prǒstrijeːti
прострти	prǒstrːti
просјак	prôsjaːk
просјакиња	prosjǎkiɲa
просјачина	prosjǎtʃina
просјачити	prosjǎːtʃiti
просјачић	prosjǎtʃitɕ
просјачки	prôsjaːtʃki
просјачки	prôsjaːtʃkiː
просјечно	prôsjetʃno
протекторат	protektǒraːt
протеравати	proterǎːʋati
протерати	prǒterati
протеривати	proterǐːʋati
протест	prǒtest
протестант	protěstant
против	prôtiʋ
противан	prôtiːʋan
противити	protǐːʋiti
противник	prǒtiːʋniːk
противница	prǒtiːʋnitsa
противно	prôtiːʋno
протуотров	prôtuotroʋ
протјеравати	protjerǎːʋati
протјерати	prǒtjerati
протјеривати	protjerǐːʋati
проузроковати	proǔːzrokoʋati
проузрокује	prouzrɔkuje
проучавати	proutʃǎːʋati
проучавање	proutʃǎːʋaːɲe
проучити	proǔtʃiti
професионалан	prôfesionaːlan
професионалац	profesionǎːlats
професионализам	profesionalǐzam
професионално	prôfesionaːlno
професија	profěsija
професори	propheˈsori
профил	profil
профинити	profǐːniti
профит	prǒfiːt
профитабилан	prôfitabiːlan
профитабилно	prôfitabiːlno
профитер	profǐteːr
профитерски	profǐteːrski
профитирати	profitǐːrati
профињен	prǒfiːɲen
прохибиција	proxibǐːtsija
процедура	protsedǔːra
процена	prôtsena
проценити	protsěːniti
процент	prǒtsent
процеп	prǒːtsep
процес	prǒtses
процесија	protsěsija
процењивати	protseɲǐːʋati
процијенити	protsijěːniti
процуривати	protsurǐːʋati
процурити	protsǔːriti
процјена	prôtsjena
процјеп	prǒːtsjep
процјењивати	protsjeɲǐːʋati
прочитавати	protʃitǎːʋati
прочитати	propʃitati
прочитати	protʃǐtati
прочитајте	propʃitajte
прошетати	proʃěːtati
проширивати	proʃirǐːʋati
проширити	proʃǐːriti
прошли	prôʃliː
прошлогодишњи	proʃlogǒdiʃɲiː
прођа	prôdʑa
прођа	prôːdʑa
пројахати	prǒjaxati
пројект	prǒjekt
пројектил	projěktiːl
пројектор	prǒjektor
пројекција	projěktsija
пројицирати	projitsǐːrati
пројуривати	projurǐːʋati
пројурити	projǔːriti
прољетни	prǒʎetniː
прољетос	prǒʎetoːs
прољеће	prǒʎetɕe
проћаскати	prǒtɕaskati
проћелав	prôtɕelaʋ
проћелавост	prôtɕelaʋoːst
проћердавати	protɕerdǎːʋati
проћердати	prǒtɕeːrdati
проћеретати	protɕerětati
проћи	prôːtɕi
проћутети	protɕǔːteti
проћутјети	protɕǔːtjeti
проћућивати	protɕutɕǐːʋati
прса	pr̂sa
прсат	přsat
прси	pr̂si
прсити	pr̂siti
прскати	přːskati
прсни	přsniː
прснути	pr̂snuti
прст	pr̂st
прстен	pr̂steːn
пртљага	pr̩tʎǎːga
пруга	prǔːga
пружати	prǔːʒati
пружати	ruːʒati
пружају	pruʒaj
пружити	prûʒiti
пружити	ruˈʒiti
прус	prûs
пруски	prûskiː
прускиња	prûskiɲa
прут	prûːt
прхут	pr̂xuːt
пршут	přʃut
прљав	pr̂ʎaʋ
прљаво	pr̂ʎaʋo
прљавштина	prʎǎːʋʃtina
прљати	přːʎati
псалам	psǎlam
псалтир	psǎltiːr
псето	psêto
псеудоним	pseudǒnim
псећи	psêtɕi
псећи	psêtɕiː
псина	psîna
психа	psîxa
психа	sʲixa
психички	psǐxitʃki
психички	psǐxitʃkiː
психијатар	psixǐjaːtar
психијатрија	psixijǎtrija
психијатријски	psixijǎtriːjskiː
психоанализа	psixoanalǐːza
психоаналитичар	psixoanalǐtitʃaːr
психоза	psixǒːza
психолог	psixǒlog
психологија	psixolǒgija
психолошки	psixǒloʃki
психолошки	psixǒloʃkiː
психопат	psixǒpat
психопатија	psixopǎtija
психопатологија	psixopatolǒgija
психопатски	psixǒpatski
психопатски	psixǒpatskiː
психотерапија	psixoterǎpija
псић	psîtɕ
псовати	psǒʋati
псовач	psǒʋaːtʃ
псовачки	psǒʋaːtʃki
псовачки	psǒʋaːtʃkiː
псовка	psôːʋka
псоријаза	psorijǎːza
птица	ptîtsa
птичар	ptîtʃaːr
птиче	ptîtʃe
птичица	ptîtʃitsa
птичурина	ptitʃǔrina
птичји	ptîtʃjiː
птић	ptîtɕ
пуб	pûb
пуб	pûːb
пубертет	puběrteːt
пубертетлија	pubertětlija
пубертетски	puběrteːtski
пубертетски	puběrteːtskiː
публика	pǔblika
публикација	publikǎːtsija
публицирати	publitsǐːrati
публицитет	publitsǐteːt
пувати	pǔːʋati
пудер	pǔːder
пудл	pǔːdl
пудла	pûdla
пудлица	pǔdlitsa
пужев	pǔːʒeʋ
пужић	pǔʒitɕ
пузати	pûzati
пузити	pǔːziti
пук	pûːk
пук	pˈˈuk
пукнути	pûknuti
пуковник	pǔkoːʋniːk
пукотина	pǔkotina
пула	pǔːla
пулсар	pǔlsaːr
пулсирати	pulsǐːrati
пума	pûma
пун	pûn
пунашан	pûnaːʃan
пунити	pûniti
пунктуалан	pûnktuaːlan
пунктуација	punktuǎːtsija
пуно	pûno
пуноглавац	punǒglaʋats
пуногласје	punǒglaːsje
пунокрван	pûnokrːʋan
пунокрвност	punokřːʋnoːst
пунолетан	pûnoletan
пунолетник	pûnoletniːk
пуномоћ	pûnomoːtɕ
пуномоћник	pûnomotɕniːk
пуномоћје	pûnomoːtɕje
пунољетан	pûnoʎetan
пунољетник	pûnoʎetniːk
пунољетница	pûnoʎetnitsa
пунољетничин	punôʎetnitʃin
пунољетство	pûnoʎetstʋo
пунски	pûːnskiː
пунч	pûntʃ
пунђа	pǔːndʑa
пуп	pûp
пупак	pûpak
пупак	upak
пупати	pǔpati
пуризам	purǐzam
пурист	pǔrist
пуританизам	puritanǐzam
пуса	pûsa
пуст	pûːst
пуста	pustak
пусти	pusti
пустити	pǔstiti
пустиња	pǔːstiɲa
пустињак	pǔːstiɲaːk
пустињачки	pǔːstiɲaːtʃki
пустињачки	pǔːstiɲaːtʃkiː
пустињаштво	pustiɲǎːʃtʋo
пустињски	pǔːstiːɲskiː
пустолов	pûstoloːʋ
пустолован	pûstoloːʋan
пустоловина	pustolǒʋina
пустоловка	pûstoloːʋka
пустоловно	pûstoloːʋno
пут	pût
пут	pûːt
пута	pûta
пута	pǔːtaː
путарина	putarina
путања	pǔtaɲa
путем	pǔːtem
путељак	putěːʎak
путило	pǔtilo
путник	pûːtniːk
путница	pûːtnitsa
путнички	pûːtnitʃki
путнички	pûːtnitʃkiː
путо	pûto
путовати	putǒʋati
путовати	pˈutovati
путопис	pûtopiːs
путописац	putopǐːsats
пух	pûx
пухати	pǔːxati
пухнути	pǔːxnuti
пуцати	pûtsati
пуцач	pǔtsaːtʃ
пуцањ	pûːtsaɲ
пуце	pûtse
пуцњава	pǔtsɲaʋa
пуч	pûtʃ
пучанин	pǔːtʃanin
пучанка	pǔːtʃaːnka
пучанство	putʃǎːnstʋo
пучина	pǔtʃina
пучист	pǔtʃist
пучки	pûːtʃki
пучки	pûːtʃkiː
пушач	puʃɑtʃ
пушач	pǔʃaːtʃ
пушачица	puʃǎtʃitsa
пуши	puzi
пушионица	puʃiǒːnitsa
пушионичар	puʃiǒnitʃar
пушити	pûʃiti
пушка	pûʃka
пушка	pˈuʃka
пуштати	pǔːʃtati
пушчани	pǔʃtʃaniː
пући	pûtɕi
пчела	ptʃala
пчела	ptʃěla
пчелар	ptʃělaːr
пчеларица	ptʃelǎritsa
пчелица	ptʃělitsa
пчелињак	ptʃěliɲaːk
пчелињи	ptʃěliɲiː
пчиња	ptʃiɲːa
пшеница	pʃěnitsa
пшеница	pʃɛnitsa
пшенични	pʃěnitʃniː
пјев	pjêːʋ
пјевати	pjêʋati
пјевач	pjěʋaːtʃ
пјенез	pjêneːz
пјенез	pjěnez
пјенити	pjêniti
пјенушав	pjenǔʃaʋ
пјесма	pjêsma
пјесна	pjêsna
пјесник	pjêsniːk
пјешадија	pjeʃǎdija
пјешак	pjěʃaːk
пјешачити	pjeʃǎːtʃiti
пјешаштво	pjeʃǎːʃtʋo
пјешице	pjêʃitseː
пјешке	pjêʃkeː
пјешчаник	pjeʃtʃǎniːk
пјешчењак	pjeʃtʃěɲaːk
пљачка	pʎâtʃka
пљачкати	pʎâtʃkati
пљачкашки	pʎǎtʃkaːʃkiː
пљевља	pʎêːʋʎa
пљесак	pʎêːsak
пљескати	pʎêskati
пљеснив	pʎěsniʋ
пљеснивити	pʎěsniʋiti
пљеснивост	pʎěsniʋoːst
пљеша	pʎêʃa
пљешив	pʎěʃiʋ
пљувати	plʲuvati
пљувати	pʎûʋati
пљувач	pʎǔʋaːtʃ
пљувачица	pʎuʋǎtʃitsa
пљувачка	pʎǔʋatʃka
пљунути	pʎûnuti
пљуска	pʎûska
пљуштати	pʎǔːʃtati
р	r
рабин	rǎbiːn
рабити	rǎːbiti
работа	rǎbota
работати	rabotati
работник	rǎbotniːk
раван	raːvɐn
раван	râːʋan
раван	rǎːʋan
равнало	rǎʋnalo
равнатељ	rǎʋnateʎ
равнатељица	raʋnatěʎitsa
равнати	rǎʋnati
равнина	raʋnǐna
равница	raʋnǐtsa
равно	râːʋno
равнодушан	raʋnǒduʃan
равнодушно	raʋnǒduʃno
равнодушност	raʋnǒduʃnoːst
равномеран	râʋnomeːran
равномерно	râʋnomeːrno
равномјеран	râʋnomjeːran
равномјерно	râʋnomjeːrno
равноправан	râʋnopraːʋan
равноправност	raʋnoprǎːʋnoːst
равнотежа	raʋnotěːʒa
рага	râga
рагби	râgbi
рагби	rˈagbi
рад	râd
рад	râːd
рада	rˈada
радар	râdaːr
раде	rɑːde
ради	râdi
радикал	radǐkaːl
радикалан	râdikaːlan
радикалац	radikǎːlats
радикализам	radikalǐzam
радикално	râdikaːlno
радилица	rǎːdilitsa
радио	râːdio
радиоактиван	radioǎktiːʋan
радиоактивно	radioǎktiːʋno
радиоактивност	radioaktǐːʋnoːst
радиоактивност	raːdioːaktiːvnost
радиологија	radiolǒgija
радиолошки	radiǒloʃkiː
радионица	radiǒːnitsa
радиопријемник	radioprǐːjeːmniːk
радиостаница	radiostǎnitsa
радити	rǎːditi
радити	rˈaːdit
радич	rǎdiːtʃ
радиша	rǎdiʃa
радијалан	râdijaːlan
радијатор	radǐjaːtor
радијус	râːdijus
радни	râːdniː
радник	râːdniːk
радница	râːdnitsa
радничин	râːdnitʃin
раднички	râːdnitʃki
раднички	râːdnitʃkiː
радо	râdo
радовати	râdoʋati
радозналост	radǒznaloːst
радознао	radǒznao
радон	raːdun
радосно	râdosno
радост	râdoːst
радостан	râdostan
радојка	raːdoika
радња	rǎːdɲa
раж	râːʒ
ражалостити	raʒalǒstiti
ражањ	rǎːʒaɲ
ражестити	raʒěːstiti
разабирати	razǎbirati
разабрати	razǎbrati
разагнати	razǎgnati
разазнавати	razaznǎːʋati
разазнати	razǎznati
разан	raːzan
разапети	razǎpeːti
разапињати	razǎpiɲati
разарати	razǎːrati
разарач	razǎraːtʃ
разасипати	razǎsipati
разаслати	razǎslati
разастирати	razǎstirati
разастрети	razǎstreːti
разастријети	razǎstrijeːti
разасути	razǎsuːti
разбацати	razbǎtsati
разбацивати	razbatsǐːʋati
разбаштинити	razbǎːʃtiniti
разбећи	rǎzbetɕi
разбибрига	rǎzbibriga
разбистривати	razbistrǐːʋati
разбистрити	razbǐstriti
разбити	rǎzbiti
разбијати	razbǐːjati
разбијач	razbǐjaːtʃ
разблаживати	razblaʒǐːʋati
разблажити	razblǎːʒiti
разблудан	rǎːzbludan
разблудник	rǎːzbludniːk
разблудница	rǎːzbludnitsa
разболевати	razbolěːʋati
разболети	razbǒleti
разболијевати	razbolijěːʋati
разбор	rǎːzbor
разборит	rǎːzborit
разборито	rǎːzborito
разборитост	razboritɔst
разборитост	rǎːzboritoːst
разбој	rǎːzboːj
разбојник	rǎːzboːjniːk
разбојница	rǎːzbojnitsa
разбојнички	rǎːzboːjnitʃki
разбојнички	rǎːzboːjnitʃkiː
разбојништво	rǎːzboːjniːʃtʋo
разбољети	razbǒʎeti
разбудити	razbǔːditi
разбуђивати	razbudʑǐːʋati
разбјећи	rǎzbjetɕi
развалина	rǎzʋalina
развалити	razʋǎːliti
разваљивати	razʋaʎǐːʋati
разведен	razʋěden
разведеност	razʋědenoːst
развезати	razʋěːzati
развезивати	razʋezǐːʋati
развеселити	razʋesěliti
развести	rǎzʋesti
развитак	razʋǐːtak
развити	rǎzʋiti
развијати	razʋǐːjati
разводити	razʋǒditi
разводник	rǎːzʋodniːk
разводнити	razʋǒdniti
разводњавати	razʋodɲǎːʋati
развозити	razʋǒziti
развој	rǎːzʋoj
развојни	rǎːzʋoːjniː
разврат	rǎːzʋraːt
развратан	rǎːzʋratan
развратник	rǎːzʋratniːk
развратница	rǎːzʋratnitsa
развратно	rǎzʋratno
развратност	rǎːzʋratnoːst
разврставати	razʋrstǎːʋati
разврстати	razʋřstati
разгазити	rǎzgaziti
разгалити	razgǎːliti
разгаљивати	razgaʎǐːʋati
разглабати	razglǎːbati
разгласити	razglǎːsiti
разглашавати	razglaʃǎːʋati
разглашивати	razglaʃǐːʋati
разгледница	rǎːzglednitsa
разглобити	razglǒbiti
разглобљивати	razglobʎǐːʋati
разгнати	rǎzgnati
разговарати	razgoʋǎːrati
разговетан	râzgoʋeːtan
разговетно	râzgoʋeːtno
разговијетан	râzgoʋijeːtan
разговијетно	râzgoʋijeːtno
разговор	raːzgovor
разговор	râzgoʋoːr
разговора	rasgovora
разговорити	razgoʋǒriti
разговорни	râzgoʋoːrniː
разговорљив	razgoʋǒrʎiʋ
разговорљивост	razgoʋǒrʎiʋoːst
разголитити	razgolǐːtiti
разголићивати	razgolitɕǐːʋati
разгонити	razgǒniti
разграбити	rǎzgrabiti
разгризати	razgrǐːzati
разгристи	rǎzgristi
раздавати	razdǎːʋati
раздати	rǎzdati
раздаљина	rǎːzdaʎina
раздвајати	razdʋǎːjati
раздвојено	rǎzdʋojeno
раздвојеност	rǎzdʋoːjenoːst
раздвојив	razdʋǒjiʋ
раздвојивост	razdʋǒjiʋoːst
раздвојити	razdʋǒjiti
разделити	razděːliti
раздео	rǎːzdeo
раздеоба	rǎzdeoba
раздерати	razděrati
раздељив	razděʎiʋ
раздељивати	razdeʎǐːʋati
раздио	rǎːzdio
раздиоба	rǎzdioba
раздирати	rǎzdirati
раздијелити	razdjěːliti
раздобље	rǎːzdoːbʎe
раздор	rǎːzdor
раздоље	rǎːzdoːʎe
раздрагати	razdrǎːgati
раздраженост	rǎzdraːʒenoːst
раздраживати	razdraʒǐːʋati
раздражити	razdrǎːʒiti
раздражљив	razdrǎʒʎiʋ
раздражљиво	razdrǎʒʎiʋo
раздрети	rǎzdreːti
раздријети	rǎzdrijeːti
раздробити	razdrǒbiti
раздруживати	razdruʒǐːʋati
раздружити	razdrǔːʒiti
раздјељив	razdjěʎiʋ
раздјељивати	razdjeʎǐːʋati
разилазак	razǐlazak
разилазити	razǐlaziti
разина	rǎzina
разићи	rǎziːtɕi
разлабавити	rǎzlabaʋiti
разлагати	razlǎːgati
разлаз	rǎːzlaz
разламати	razlǎːmati
разлика	rǎːzlika
разликовати	rǎːzlikoʋati
различит	rǎːzlitʃit
различите	razli˩˥ːtʃite
различитих	razlɛtʃitix
различито	rǎːzlitʃito
различитост	rǎːzlitʃitoːst
разлог	rǎːzlog
разлога	raːzloka
разложан	rǎːzloʒan
разложити	razlǒʒiti
разложно	rǎːzloʒno
разложност	raːzloʒnɔst
разложност	rǎːzloʒnoːst
разломак	rǎːzlomak
разломити	razlǒmiti
разлучивати	razlutʃǐːʋati
разлучити	razlǔːtʃiti
размазивати	razmazǐːʋati
размазити	razmǎːziti
размак	rǎːzmak
размакнути	razmǎknuti
разматрати	razmǎːtrati
размаћи	rǎzmatɕi
разменити	razměːniti
размер	rǎːzmer
размеран	rǎːzmeːran
размерно	rǎːzmeːrno
разметати	rǎzmetati
размењивати	razmeɲǐːʋati
размирица	raazmʲiritsa
размирица	rǎːzmiritsa
размислити	rǎzmisliti
размицати	rǎzmitsati
размишљати	razmǐːʃʎati
размијенити	razmjěːniti
размнажати	razmnǎːʒati
размножавати	razmnoʒǎːʋati
размножити	razmnǒʒiti
размотавати	razmotǎːʋati
размотати	razmǒtati
размотрити	razmǒtriti
размјер	rǎːzmjer
размјеран	rǎːzmjeːran
размјерно	rǎːzmjeːrno
размјењивати	razmjeɲǐːʋati
разнеживати	razneʒǐːʋati
разнежити	razněːʒiti
разнети	rǎzneːti
разни	râːzniː
разнијети	rǎznijeːti
разнобојан	râznoboːjan
разноврсност	raznǒʋrsnoːst
разноврстан	raznǒʋrstan
разнолик	raznǒlik
разноликост	raznǒlikoːst
разноличан	raznǒlitʃan
разносач	raznǒsaːtʃ
разносачки	raznǒsaːtʃki
разносачки	raznǒsaːtʃkiː
разносилац	raznǒsilats
разносилачки	raznǒsilatʃki
разносилачки	raznǒsilatʃkiː
разноситељ	raznǒsiteʎ
разноситељски	raznǒsiteʎski
разноситељски	raznǒsiteʎskiː
разносити	raznǒsiti
разностран	raznǒstran
разностраничан	raznostrǎnitʃan
разодевати	razoděːʋati
разоденути	razǒdenuti
разодијевати	razodjěːʋati
разодјенути	razǒdjenuti
разонода	razonuda
разонода	râzonoda
разоран	rǎːzoːran
разорати	razǒrati
разорити	razǒriti
разорно	rǎːzoːrno
разоружавати	razoruʒǎːʋati
разоружати	razorǔʒati
разоткривати	razotkrǐːʋati
разоткрити	razǒtkriti
разочаравати	razotʃarǎːʋati
разочарати	razotʃǎːrati
разочарење	razotʃarěːɲe
разрада	râːzrada
разрадба	rǎːzradba
разрадити	razraːditi
разрадити	razrǎːditi
разрађивати	razradʑǐːʋati
разред	rǎːzred
разрез	rǎːzrez
разрешив	razrěʃiʋ
разрешивост	razrěʃiʋoːst
разређивач	razredʑǐʋaːtʃ
разрок	rǎzrok
разроко	rǎzroko
разрокост	rǎzrokoːst
разрушити	rǎzruʃiti
разрјешив	razrjěʃiʋ
разрјешивост	razrjěʃiʋoːst
разрјеђивач	razrjedʑǐʋaːtʃ
разуверавати	razuʋerǎːʋati
разуверити	razǔʋeriti
разувјеравати	razuʋjerǎːʋati
разувјерити	razǔʋjeriti
разуздан	râzuzdaːn
разуздано	râzuzdaːno
разузданост	râzuzdaːnoːst
разуларен	razǔlaːren
разуларено	razǔlaːreno
разулареност	razǔlaːrenoːst
разум	râzuːm
разуман	râzuːman
разуме	raˈzumɛ
разумевати	razuměːʋati
разумели	razumili
разумети	razumiti
разумети	razǔmeti
разумијевати	razumjěːʋati
разумно	râzuːmno
разумност	râzuːmnoːst
разумјети	razǔmjeti
разумљив	razǔmʎiʋ
разумљиво	razǔmʎiʋo
разумљивост	razǔmʎiʋoːst
разјаривати	razjarǐːʋati
разјарити	razjǎːriti
разјединити	razjedǐːniti
разједињавати	razjediɲǎːʋati
разјуривати	razjurǐːʋati
разјурити	razjǔːriti
разљутити	razʎǔːtiti
разњеживати	razɲeʒǐːʋati
разњежити	razɲěːʒiti
ракета	rakěta
ракија	rǎkija
ракун	rǎkuːn
рало	râlo
рамазан	ramǎzaːn
ран	râːn
рана	raːna
рана	râna
ранац	rǎːnats
рангирати	rangǐːrati
ране	ranɛ
рани	râni
ранилац	rǎnilats
ранити	râniti
рано	râno
раноранилац	ranorǎnilats
раноранилачки	ranorǎnilatʃki
раноранилачки	ranorǎnilatʃkiː
ранфла	raːnpla
ранч	rˈantʃ
ранчиће	rantʃitʃe
раоник	raǒniːk
рапидан	râpiːdan
рапидно	râpiːdno
рапсодија	rǎpsoːdija
раритет	rarǐteːt
раса	râsa
расед	rǎːsed
раселити	rasěliti
расецати	rasěːtsati
расељавати	raseʎǎːʋati
расећи	rǎsetɕi
расизам	rasǐzam
расипавати	rasipǎːʋati
расипан	rǎːsipan
расипати	rǎsipati
расипно	rǎːsipno
расист	rǎsist
расистички	rasǐstitʃki
расистички	rasǐstitʃkiː
расисткиња	rǎsistkiɲa
расијавати	rasijǎːʋati
расијати	rǎsijati
расијецати	rasijěːtsati
раскалашан	râskalaːʃan
раскалашен	raskǎlaːʃen
раскалашност	râskalaːʃnoːst
раскидати	raskǐːdati
раскинути	rǎskinuti
расклапати	rasklǎːpati
расклопити	rasklǒpiti
раскол	rǎːskol
раскош	rǎːskoʃ
раскошан	rǎːskoʃan
раскошно	rǎːskoʃno
раскрсница	rǎːskr̩snitsa
раскрстити	raskřstiti
раскрштавати	raskrʃtǎːʋati
раскрштати	raskřːʃtati
раскућити	rǎskutɕiti
раслиње	rǎːsliːɲe
распа	râspa
распад	rǎːspad
распадати	rǎspadati
распасти	rǎspasti
распетљавати	raspetʎǎːʋati
расписати	raspǐːsati
расписивати	raspisǐːʋati
расплакати	rǎsplakati
расплакивати	rasplakǐːʋati
распламсавати	rasplamsǎːʋati
распламсати	rasplǎmsati
расплести	rǎsplesti
расплетати	rǎspletati
расподела	râspodela
расподелити	raspoděːliti
расподељивати	raspodeʎǐːʋati
расподијелити	raspodjěːliti
расподјела	râspodjela
расподјељивати	raspodjeʎǐːʋati
распознавати	raspoznǎːʋati
распознати	raspǒznati
распознатљив	raspoznǎtʎiʋ
распознатљивост	raspoznǎtʎiʋoːst
располагати	raspolǎːgati
располовити	raspolǒʋiti
расположење	raspoloʒěːɲe
расположив	raspolǒʒiʋ
расположити	raspolǒʒiti
распон	rǎːspon
распоред	râsporeːd
распоредити	rasporěːditi
распоређивати	rasporedʑǐːʋati
распра	râspra
расправа	raːsprava
расправа	râːspraʋa
расправе	arasprave
расправити	rǎspraʋiti
расправљати	rǎspraʋʎati
распродати	rasprǒdati
распродаја	râsprodaja
распршивати	rasprʃǐːʋati
распршити	raspřʃiti
распуст	rǎːspust
распустити	raspǔstiti
распуштати	raspǔːʃtati
расрдити	rasřːditi
расрђивати	rasr̩dʑǐːʋati
раст	râːst
раставити	rǎstaʋiti
растављати	rǎstaʋʎati
растапати	rastǎːpati
растати	rǎstati
растајати	rǎstajati
растварати	rastʋǎːrati
растворити	rastʋǒriti
расте	rast
растерати	rǎsterati
растеретити	rastěretiti
растерећивати	rasteretɕǐːʋati
растеривати	rasterǐːʋati
расти	râːsti
растопити	rastǒpiti
расту	arastu
растуживати	rastuʒǐːʋati
растужити	rastǔːʒiti
растурити	rasturɛti
растјерати	rǎstjerati
растјеривати	rastjerǐːʋati
расути	rǎsuːti
расформирати	rasformǐːrati
расхладити	rasxlǎːditi
расхлађивати	rasxladʑǐːʋati
расход	rǎːsxod
расходовати	rǎːsxodoʋati
расцеп	rǎːstsep
расцепати	rastsěːpati
расцепити	rastsěːpiti
расцепканост	rǎstsepkaːnoːst
расцепљивати	rastsepʎǐːʋati
расцијепати	rastsijěːpati
расцијепити	rastsijěːpiti
расцјеп	rǎːstsjep
расцјепканост	rǎstsjepkaːnoːst
расцјепљивати	rastsjepʎǐːʋati
расјед	rǎːsjed
расјећи	rǎsjetɕi
рат	rât
рат	ɾat
рата	rǎːta
ратар	râtaːr
ратарски	râtarskiː
ратарство	ratǎːrstʋo
ратерфоријум	raterforium
ратификација	ratifikǎːtsija
ратлук	rǎːtluk
ратни	râtniː
ратник	râtniːk
ратница	râtnitsa
ратнички	râtnitʃki
ратнички	râtnitʃkiː
ратну	raːtnˈu
ратоборан	râtoboːran
ратоборно	râtoboːrno
ратоборност	ratobǒːrnoːst
ратовати	râtoʋati
рафинерија	rafiněrija
рафинирати	rafinǐːrati
рационалан	râtsionaːlan
рационализам	ratsionalǐzam
рационалист	ratsionǎlist
рационалистички	ratsionalǐstitʃki
рационалистички	ratsionalǐstitʃkiː
рационалисткиња	ratsionǎlistkiɲa
рација	râːtsija
рачић	rǎtʃitɕ
рачун	ratʃon
рачунало	ratʃǔnalo
рачунар	ratʃǔnaːr
рачунати	radʒunati
рачунати	ratʃǔnati
рачунаљка	ratʃǔnaːʎka
рачуноводство	ratʃunoʋǒdstʋo
рачуновођа	ratʃunǒʋodʑa
раширивати	raʃirǐːʋati
раширити	raʃǐːriti
рашпа	râʃpa
рашпати	râʃpati
рашчланити	rǎʃtʃlaniti
рашчлањивати	raʃtʃlaɲǐːʋati
рађали	raːdʒaˈli
рађати	rǎːdʑati
рај	rai
рај	râːj
раја	rǎːja
рајбер	rajbʲɪr
рајевац	raʲjavatsʲ
рајна	râːjna
рајски	râːjskiː
рајсфершлус	rǎjsferʃlus
рајц	râjts
рајцати	râjtsati
рањавати	raɲǎːʋati
рањеник	râɲeniːk
рањеница	râɲenitsa
рањив	rǎɲiʋ
рањивост	rǎɲiʋoːst
рвати	řʋati
рвачки	řʋaːtʃki
рвачки	řʋaːtʃkiː
реагирати	reagǐːrati
реакционар	reaktsiǒnaːr
реакционаран	rêaktsionaːran
реакција	reǎktsija
реалан	rêaːlan
реализација	realizǎːtsija
реализирати	realizǐːrati
реалистички	realǐstitʃki
реалистички	realǐstitʃkiː
реално	rêaːlno
ребаланс	rêbalans
ребро	robro
ребро	rěbro
ребус	rěːbus
реван	rěːʋan
ревизија	rěʋiːzija
ревно	rêːʋno
ревносно	rěːʋnosno
ревност	rěːʋnoːst
ревностан	rěːʋnostan
револвер	reʋǒlʋer
револуционар	reʋolutsiǒnaːr
револуционаран	rêʋolutsionaːran
револуција	reʋolǔːtsija
регионалан	rêgionaːlan
регионализам	regionalǐzam
регицид	regǐtsiːd
регресиван	rêgresiːʋan
регресивно	rêgresiːʋno
регресија	regrěsija
регрут	rěgruːt
регрутација	regrutǎːtsija
регрутирати	regrutǐːrati
регула	rêgula
регуларно	rêgulaːrno
регуларност	regulǎːrnoːst
регулатив	regulǎtiːʋ
регулатива	regulatǐːʋa
регулативан	rêgulatiːʋan
регулација	regulǎːtsija
регулирати	regulǐːrati
ред	rêːd
редак	rěːdak
редакција	redǎktsija
редатељ	rědateʎ
редистрибуција	redistribǔːtsija
редован	rêdoːʋan
редовит	redǒʋit
редовито	redǒʋito
редовник	redǒʋniːk
редовно	rêdoːʋno
редом	rêːdom
редослед	rêdosleːd
редослијед	rêdosljeːd
реду	rɛdu
редукција	redǔktsija
режати	rěːʒati
режим	rěʒiːm
режисер	reʒǐseːr
рез	rêːz
реза	rɛza
резати	rêzati
резати	rɛzati
резач	rězaːtʃ
резбар	rězbaːr
резбарити	rezbǎːriti
резбарија	rezbǎrija
резбарски	rězbaːrski
резбарски	rězbaːrskiː
резбарство	rezbǎːrstʋo
резерва	rezɛrva
резерва	rězeːrʋa
резервоар	rezerʋǒaːr
резидент	rezǐdent
резиденција	reziděntsija
резиденцијалан	rêzidentsijaːlan
резиме	rezǐmeː
резистентан	rezistěntan
резистенција	rezistěntsija
резолутан	rêzoluːtan
резолуција	rezolǔːtsija
резонантан	rezonǎntan
резонантност	rezonǎntnoːst
резонанција	rezonǎntsija
резултанта	rezǔltanta
резултат	rezǔltaːt
резултат	rɛzultat
резултата	rɛzulˈtata
резултатски	rezǔltaːtski
резултатски	rezǔltaːtskiː
резултирати	rezultǐːrati
реинкарнација	reinkarnǎːtsija
реинкарнирати	reinkarnǐːrati
реинтродукција	reintrodǔktsija
река	rěːka
река	rˈeɪka
реквијем	rěkʋijem
реклама	rɛklaːma
реконструирати	rekonstruǐːrati
реконструкција	rekonstrǔktsija
рекреација	rekreǎːtsija
рекурзиван	rêkurziːʋan
рекурзија	rekǔrzija
релативан	rêlatiːʋan
релативно	rêlatiːʋno
релативност	relatǐːʋnoːst
релевантан	releʋǎntan
релевантно	releʋǎntno
релевантност	releʋǎntnoːst
религиозан	rêligioːzan
религиозно	rêligioːzno
реметити	rěmetiti
реминисцирати	reministsǐːrati
рен	rên
ренде	rěnde
ренесанса	renesǎnsa
ренесансни	renesǎnsniː
реновирати	renoʋǐːrati
реноме	renǒmeː
реорганизација	reorganizǎːtsija
реп	rêːp
реп	rɛp
репарација	reparǎːtsija
реперкусија	reperkǔsija
репертоар	repertǒaːr
реплика	rěplika
репортажа	reportǎːʒa
репортер	repǒrteːr
репортерка	repǒrteːrka
репрезентативан	rêprezentatiːʋan
репрезентативац	reprezentatǐːʋats
репрезентативка	reprezentǎtiːʋka
репрезентација	reprezentǎːtsija
репресиван	rêpresiːʋan
репресија	reprěsija
репродуктиван	rêproduktiːʋan
репродукција	reprodǔktsija
рептил	rěptiːl
република	repǔblika
републиканац	republikǎːnats
републиканка	republǐkaːnka
републикански	republǐkaːnski
републикански	republǐkaːnskiː
републички	repǔblitʃkiː
репутација	reputǎːtsija
рерна	rɛrna
реса	reːsa
ресантиман	resantǐmaːn
ресити	rěːsiti
респиратор	respǐraːtor
рестауратор	restaǔraːtor
рестаурација	restaurǎːtsija
ресторан	restǒraːn
рестриктиван	rêstriktiːʋan
рестриктивно	rêstriktiːʋno
рестрикција	restrǐktsija
ресурс	rěsurs
ретардиран	retǎrdiːran
ретко	rêːtko
реткост	rěːtkoːst
ретор	rêːtor
реторика	retǒrika
реторички	retǒritʃki
реторички	retǒritʃkiː
реторично	retǒritʃno
ретро	rɛtro
ретроактивно	retroǎktiːʋno
ретрофлексан	rêtrofleksan
реуматичан	reumǎtitʃan
референдум	referěndum
рефлексиван	rêfleksiːʋan
рефлексивно	rêfleksiːʋno
рефлексивност	refleksǐːʋnoːst
рефлектор	rěflektor
реформатор	refǒrmaːtor
реформација	reformǎːtsija
реформизам	reformǐzam
рефрактор	rěfraktor
рефракција	refrǎktsija
рефрен	rěfreːn
рехабилитација	rexabilitǎːtsija
рехабилитирати	rexabilitǐːrati
рецензент	retsěnzent
рецепт	rětsept
рецептиван	rêtseptiːʋan
рецесија	retsěsija
рециклирати	retsiklǐːrati
рециклирање	retsiklǐːraːɲe
реч	rêːtʃ
реч	rɛtʃ
реченични	retʃěnitʃniː
речит	rětʃit
речито	rětʃito
речитост	rětʃitoːst
речица	rětʃitsa
речни	rêːtʃniː
речник	rêːtʃniːk
речник	rɛtʃnik
речнику	retʃnjku
речнички	rêːtʃniːtʃkiː
решавати	reʃǎːʋati
решеност	rêːʃenoːst
решетати	reʃětati
решетка	rěʃetka
решеткаст	rěʃetkast
решето	reʃěto
решење	reʃěːɲe
реши	rɛʃi
решив	rěʃiʋ
решити	riʃiti
решити	rěːʃiti
решиш	rɛjʃiʃ
решо	rěʃoː
рељеф	rěʎef
рећи	rêtɕi
реџеб	rědʒeb
реџеп	rědʒep
риба	rîba
рибарити	ribǎːriti
рибарски	rîbaːrski
рибарски	rîbaːrskiː
рибарство	ribǎːrstʋo
рибиз	rîbiːz
рибизла	rîbiːzla
рибица	rîbitsa
рибич	rǐbiːtʃ
риболовац	ribolǒːʋats
рибофлавин	riboflǎʋiːn
рибљи	rîbʎiː
ривал	rǐʋaːl
ригати	rîgati
ригидан	rîgidaːn
ригидитет	rigidǐteːt
ригидност	rigǐːdnoːst
ригор	rîgor
ригорозан	rîgoroːzan
ридати	rîdati
риза	rǐːza
ризик	rǐzik
ризичан	rîzitʃan
ризично	rîzitʃno
ризница	rǐznitsa
ризнице	riːznitsɛ
рило	rîlo
рим	rîːm
рима	rǐːma
римокатолик	rimokǎtolik
римокатолицизам	rimokatolitsǐzam
римокатолички	rimokǎtolitʃkiː
римљанин	rǐːmʎanin
ринути	rǐnuti
рис	rîs
рисати	rîsati
рискантан	riskǎntan
рискантност	riskǎntnoːst
ритам	rǐtam
ритмичан	rǐtmitʃan
ритмички	rǐtmitʃki
ритмички	rǐtmitʃkiː
ритуал	ritǔaːl
ритуалан	rîtuaːlan
ритуално	rîtuaːlno
риђ	rîːdʑ
риђобрад	ridʑǒbrad
риђокос	ridʑǒkos
риједак	rjěːdak
ријека	rijěːka
ријека	riˈjka
ријека	rjěːka
ријетко	rjêːtko
ријеткост	rijěːtkoːst
ријеч	rijêːtʃ
ријечни	rijêːtʃniː
ријечца	rijětʃtsa
ријешеност	rijêːʃenoːst
ријешити	rijěːʃiti
рмпалија	r̂mpalija
роб	rôb
роба	rôba
робиња	rǒbiɲa
робовати	robǒʋati
робове	probo˥˩ːve˥˩ː
робови	robovi
робовласник	robǒʋlaːsniːk
робот	rôbot
роботика	robǒtika
роботички	robǒtitʃkiː
робусност	rǒbusnoːst
робустан	rǒbustan
роварити	roʋǎːriti
ровати	rǒʋati
ровоаму	rovoamu
рововима	rovovʲima
рог	rôːg
рогач	rǒgaːtʃ
рогоз	rôgoːz
рогоња	rǒːgoɲa
род	rôd
род	rôːd
рода	roːda
рода	rǒːda
родбина	rôdbina
родбински	rôdbiːnskiː
родезија	rǒdeːzija
родио	radio
родитељ	rǒditeʎ
родитеља	roditɛʎa
родитељски	rǒditeʎskiː
родити	rǒditi
родни	rôdniː
родница	rôdnitsa
родом	rôdom
родословље	rôdosloːʋʎe
родољуб	rôdoʎuːb
родољубан	rôdoʎuːban
родољубив	rodoʎǔbiʋ
родољубиво	rodoʎǔbiʋo
родољубље	rôdoʎuːbʎe
родски	rôdski
рожнат	rǒʒnat
рожнатост	rǒʒnatoːst
рожник	rôʒniːk
рожница	rǒːʒnitsa
рожњак	rôʒɲaːk
рок	rɔk
рока	rɔkːa
роктати	rôktati
ром	rôːm
роман	rǒmaːn
романизација	romanizǎːtsija
романизирати	romanizǐːrati
романописац	romanopǐːsats
романски	rǒmaːnski
романски	rǒmaːnskiː
романтизам	romantǐzam
романтичан	romǎntitʃan
романтичар	romǎntitʃaːr
романтичарка	romǎntitʃaːrka
романтично	romǎntitʃno
ромкиња	rômkiɲa
ромски	rôːmski
ромски	rôːmskiː
ронилац	rǒnilats
ронити	rǒniti
ропкиња	rôpkiɲa
ропски	rôpski
ропски	rôpskiː
ропство	rǒpstʋo
роса	rǒsa
ростфрај	rǒstfraj
ротација	rotǎːtsija
ротацијски	rotǎːtsiːjskiː
ротквица	rɔtkvitsa
ротор	rôːtor
роштиљ	rǒʃtiːʎ
рођак	rôdʑaːk
рођен	rôdʑen
рођендан	rôdʑendaːn
рођење	rodʑěːɲe
ројалист	rojǎlist
ројалистички	rojalǐstitʃkiː
рт	rˈɛt
ртањ	r̂taɲ
руанда	rǔaːnda
руанђанин	ruǎːndʑanin
руб	rûːb
рубац	rǔːbats
рубен	rǔben
рубеола	ruběoːla
рубеши	rǔbeʃi
рубешки	rǔbeʃkiː
рубикон	rǔbikon
рубин	rǔbiːn
рубинет	rubǐnet
рубни	rûːbniː
рубник	rûːbniːk
рубрика	rǔbrika
рубрицирати	rubritsǐːrati
рубрички	rǔbritʃkiː
рубље	rûːbʎe
рубњак	rûːbɲaːk
рувим	ruːvim
ругалац	rǔːgalats
ругалачки	rǔːgalatʃki
ругалачки	rǔːgalatʃkiː
ругалаштво	rǔːgalaːʃtʋo
ругалица	rǔːgalitsa
ругати	rǔːgati
ругло	rǔːglo
ругоба	rugǒba
руд	rûːd
руда	rǔːda
рудар	rudɑr
рудар	rǔdaːr
рударити	rudǎːriti
рударски	rǔdaːrskiː
рударство	rudǎːrstʋo
рудача	rǔdatʃa
руде	rǔːde
рудеж	rǔːdeʒ
рудети	rǔːdeti
рудимент	rudǐment
рудиментаран	rûdimentaːran
рудина	rǔdina
рудиште	rûdiːʃte
рудлав	rûdlaʋ
рудлавост	rûdlaʋoːst
рудник	rûːdniːk
руднички	rûːdnitʃkiː
рудјети	rǔːdjeti
ружа	ruʐa
ружан	rǔːʒan
ружица	rûʒitsa
ружичаст	rûʒitʃast
ружичњак	rûʒitʃɲaːk
ружмарин	rûʒmariːn
ружно	rûːʒno
ружноћа	ruʒnǒtɕa
рузмарин	rûzmariːn
руинирати	ruinǐːrati
рука	rǔːka
рукав	rǔkaːʋ
рукавац	rukǎːʋats
рукавица	rukavitsa
рукавице	rukavitsːe
рукавичар	rukǎʋitʃaːr
рукавичарски	rukǎʋitʃaːrski
рукавичарски	rukǎʋitʃaːrskiː
рукавни	rǔkaːʋniː
рукавчић	rukǎʋtʃitɕ
рукица	rǔkitsa
руковати	rûkoʋati
руководећи	rukoʋǒdeːtɕiː
руководилац	rukoʋǒdilats
руководилачки	rukoʋǒdilatʃki
руководилачки	rukoʋǒdilatʃkiː
руководитељ	rukoʋǒditeʎ
руководитељски	rukoʋǒditeʎski
руководитељски	rukoʋǒditeʎskiː
руководити	rukoʋǒditi
руководство	rukoʋǒdstʋo
рукомет	rûkomeːt
рукометаш	rukomětaːʃ
рукометашица	rukometǎʃitsa
рукометашки	rukomětaːʃki
рукометашки	rukomětaːʃkiː
рукометни	rûkomeːtniː
рукописни	rûkopiːsniː
рукотворина	rukotʋǒrina
руксак	rûksaːk
румелија	rǔmeːlija
румелијски	rǔmeːliːjskiː
румен	rûmeːn
румен	rǔmen
руменети	ruměneti
руменило	ruměnilo
руменити	ruměniti
руменкаст	ruměnkaːst
румењети	ruměɲeti
румунија	rǔmuːnija
румунски	ro˥˩munski
румуњска	rǔmuːɲskaː
румуњски	rǔmuːɲski
румуњски	rǔmuːɲskiː
руна	rûːna
рунда	rûnda
рупа	rûpa
рупетина	rupětina
рупица	rûpitsa
рупичав	rûpitʃaʋ
рупичавост	rûpitʃaʋoːst
рупичаст	rûpitʃast
рупија	rǔpija
руптура	ruptǔːra
рупчага	rǔptʃaga
рупчић	rǔptʃitɕ
руралан	rǔraːlan
руралност	rurǎːlnoːst
рус	rûs
русизам	rusǐzam
русин	rǔsiːn
русински	rǔsiːnskiː
русија	rǔsija
руски	rûskiː
рускиња	rûskiɲa
русофил	rusǒfiːl
рустикалан	rûstikaːlan
рустикалност	rustikǎːlnoːst
рустичан	rǔstitʃan
рутен	rǔteːn
рутенија	rǔteːnija
рутенски	rǔteːnskiː
рутер	rǔter
рутина	rutǐna
рутински	rǔtiːnskiː
рухо	rûxo
руцељ	rǔtseʎ
ручак	ruːtʃak
ручак	rǔːtʃak
ручати	rǔːtʃati
ручка	rûtʃka
ручни	rûtʃniː
ручник	rǔtʃniːk
ручно	rûtʃno
ручурда	rǔtʃuːrda
рушеван	rûʃeːʋan
рушевина	ruːʃɛvˈina
рушевина	rǔʃeʋina
рушевност	rûʃeːʋnoːst
рушилац	rǔʃilats
рушилачки	rǔʃilatʃki
рушилачки	rǔʃilatʃkiː
рушитељ	rǔʃiteʎ
рушити	rûʃiti
руј	rûːj
руља	rûʎa
ршум	r̂ʃum
рђав	řdʑaʋ
рјечит	rjětʃit
рјечито	rjětʃito
рјечитост	rjětʃitoːst
рјечица	rjětʃitsa
рјечник	rjêːtʃniːk
рјечнички	rjêːtʃniːtʃkiː
рјешавати	rjeʃǎːʋati
рјешење	rjeʃěːɲe
рјешив	rjěʃiʋ
с	s
с	sə
с́	ɕ
с́евер	ɕêʋer
с́утра	ɕûtra
сабах	sabax
сабах	sǎbaːx
саберив	saběriʋ
сабирати	sabjrati
сабирати	sǎbirati
сабирач	sabǐraːtʃ
сабирачки	sabǐraːtʃki
сабирачки	sabǐraːtʃkiː
сабирни	sǎːbiːrniː
сабирница	sǎːbiːrnitsa
сабити	sǎbiti
сабијати	sabǐːjati
сабијач	sabǐjaːtʃ
саблажњив	sablǎʒɲiʋ
саблажњивати	sablaʒɲǐːʋati
саблажњиво	sablǎʒɲiʋo
саблажњивост	sablǎʒɲiʋoːst
саблазан	sâblaːzan
саблазнити	sablǎːzniti
сабласно	sâblaːsno
сабласност	sâblaːsnoːst
сабласт	sâblaːst
сабластан	sâblaːstan
сабор	sǎːbor
сабориште	sǎboriːʃte
саборни	sǎːborniː
саборник	sǎːborniːk
саборница	sǎːbornitsa
саборнички	sǎːbornitʃki
саборнички	sǎːbornitʃkiː
саборовати	sǎːboroʋati
саборски	sǎːborskiː
саботажа	sabotǎːʒa
саботер	sabǒteːr
саботерски	sabǒteːrski
саботерски	sabǒteːrskiː
саботирати	sabotǐːrati
сабран	sâbraːn
сабраност	sâbraːnoːst
сабрати	sǎbrati
сабља	sabia
сабљарка	sâbʎaːrka
сабљаст	sâbʎast
сабљетина	sabʎětina
сабљица	sâbʎitsa
сабљичица	sâbʎitʃitsa
сав	sâʋ
сава	sava
сава	sâːʋa
сава	sǎːʋa
савана	saʋǎna
савез	sǎːʋez
савезни	sǎːʋezniː
савезник	sǎːʋezniːk
савезница	sǎːʋeznitsa
савезнички	sǎːʋeznitʃkiː
савезништво	sǎːʋezniːʃtʋo
савесно	sǎːʋesno
савест	sǎːʋest
савестан	sǎːʋestan
савет	sǎːʋet
савета	saɐˈvɛta
саветник	sǎːʋetniːk
саветовати	sǎːʋetoʋati
саветодаван	sâʋetodaːʋan
саветодавац	saʋetodǎːʋats
савинути	saʋǐːnuti
савити	sǎʋiti
савитљив	saʋǐtʎiʋ
савитљивост	saʋǐtʎiʋoːst
савијати	saʋǐːjati
савијача	saʋǐjatʃa
савладавати	saʋladǎːʋati
савладати	saʋlǎːdati
савладив	saʋlǎdiʋ
савлађивати	saʋladʑǐːʋati
савремен	sǎʋremen
савршен	sǎʋrːʃen
савршено	sǎʋrːʃeno
савршеност	sǎʋrːʃenoːst
савршенство	saʋrʃěːnstʋo
савски	sâːʋskiː
савјесно	sǎːʋjesno
савјест	sǎːʋjest
савјестан	sǎːʋjestan
савјет	sǎːʋjet
савјетник	sǎːʋjetniːk
савјетовати	sǎːʋjetoʋati
савјетодаван	sâʋjetodaːʋan
савјетодавац	saʋjetodǎːʋats
саг	sâːg
сага	sâːga
сагибати	sagǐːbati
сагибљив	sagǐbʎiʋ
сагибљивост	sagǐbʎiʋoːst
сагињати	sǎgiɲati
сагледавати	sagledǎːʋati
сагледати	saglěːdati
сагледати	sǎgledati
сагледив	saglědiʋ
сагнути	sǎgnuti
сагоревати	sagorěːʋati
сагорети	sagǒreti
сагорив	sagǒriʋ
сагоријевати	sagorijěːʋati
сагорјети	sagǒrjeti
саградити	sagrǎːditi
саграђивати	sagradʑǐːʋati
сагрешење	sagreʃěːɲe
сагрешити	sagrěːʃiti
сагријешити	sagrijěːʃiti
сагњити	sǎgɲiti
сад	sâd
сад	sâːd
сада	sâda
садашњи	sǎdaʃɲiː
садашњица	sǎdaʃɲitsa
садизам	sadǐzam
садилац	sǎdilats
садилица	sǎdilitsa
садист	sǎdist
садистички	sadǐstitʃki
садистички	sadǐstitʃkiː
садитељ	sǎditeʎ
садити	sǎːditi
садница	sǎːdnitsa
садоку	sadɔku
садра	sâdra
садрен	sâdren
садржавати	sadrʒǎːʋati
садржан	sâdrʒaːn
садржати	sadřʒati
садржај	sâdrʒaːj
садржајан	sâdrʒaːjan
садржајно	sâdrʒaːjno
садржајност	sadrʒǎːjnoːst
садржи	sadrɨʒi
садржина	saːdrɛʒiːna
садржина	sǎdrʒina
садња	sǎːdɲa
сажалити	sǎʒaliti
сажалијевати	saʒalijěːʋati
сажаљевати	saʒaʎěːʋati
сажетак	saʒěːtak
сажети	sǎʒeːti
сажето	sâʒeːto
сажетост	sâʒeːtoːst
сажимати	sǎʒimati
сазвати	sǎzʋati
сазивати	sazǐːʋati
сазнати	sǎznati
сазревати	sazrěːʋati
сазрети	sǎzreti
сазријевати	sazrjěːʋati
саигон	saigon
сакагија	sakǎgija
сакат	sǎkat
сакатост	sǎkatoːst
саклонити	saklǒniti
сако	sǎkoː
сакралан	sǎkraːlan
сакрализација	sakralizǎːtsija
сакрализирати	sakralizǐːrati
сакрамент	sakrǎment
сакраментални	sâkramentaːlniː
сакраментан	sakrǎmentan
сакраментати	sakraměntati
сакривати	sakrǐːʋati
сакристија	sakrǐstija
сакристијски	sakrǐstiːjskiː
сакрити	sǎkriti
сакросанктан	sakrosǎnktan
сакросанктност	sakrosǎnktnoːst
саксија	sǎksija
саксонац	saksǒːnats
саксонија	sǎksoːnija
саксонски	sǎksoːnskiː
саксофон	saksafon
саксофон	sâksofoːn
саксофонист	saksofǒnist
саксофонски	sâksofoːnskiː
сакупити	sǎkupiti
сакупљати	sakǔːpʎati
сакупљач	sakǔpʎaːtʃ
сакупљачки	sakǔpʎaːtʃki
сакупљачки	sakǔpʎaːtʃkiː
сала	sâla
сала	sǎla
сала	sǎːla
салама	salǎːma
саламандар	salamǎndar
салата	salǎːta
салатни	sǎlaːtniː
салаш	sǎlaːʃ
салвадор	sǎlʋaːdor
салвадорски	sǎlʋaːdorskiː
салвета	salʋěta
салдо	sâːldo
салезијанац	salezijǎːnats
салезијански	salezǐjaːnski
салезијански	salezǐjaːnskiː
салинизација	salinizǎːtsija
салинитет	salinǐteːt
салитра	sǎlitra
салитрени	sǎlitreniː
салицил	salǐtsiːl
салицилни	sâlitsiːlniː
сало	sâlo
саломити	salǒmiti
салон	sǎloːn
салона	salôːna
салонитанац	salonitǎːnats
салонитански	salonǐtaːnskiː
салонски	sǎloːnski
салонски	sǎloːnskiː
салутирати	salutǐːrati
сама	sam
самаританац	samaritǎːnats
самаритански	samarǐtaːnski
самарија	sǎmaːrija
самац	sǎːmats
самачки	sǎmatʃki
самачки	sǎmatʃkiː
самаштво	sǎmaːʃtʋo
сами	saːmi
самит	sǎmit
самица	sǎmitsa
самлети	sǎmleti
само	sâmo
самоански	samǒaːnskiː
самобитан	sâmobiːtan
самовар	sâmoʋaːr
самовати	samǒʋati
самовоља	samǒʋoʎa
самовољан	sâmoʋoːʎan
самовољно	sâmoʋoːʎno
самовољност	samoʋǒːʎnoːst
самогласник	sâmoglasniːk
самогласнички	sâmoglasnitʃkiː
самодисциплина	samo˥˩ːdistiplˈina
самозадовољавати	samozadoʋoʎǎːʋati
самозадовољан	samozǎdoʋoːʎan
самозадовољно	samozǎdoʋoːʎno
самозадовољство	samozadoʋǒʎstʋo
самозаштита	samozǎʃtita
самозван	sâmozʋaːn
самокрес	sâmokreːs
самокритика	samokrǐtika
самокритичан	samokrǐtitʃan
самокритички	samokrǐtitʃki
самообрамбени	samoǒbrambeniː
самообрана	samoǒbrana
самооплодња	samooplǒdɲa
самооплођивање	samooplodʑǐːʋaːɲe
самопослуга	samopǒsluga
самопоуздан	samopǒuzdaːn
самопоузданост	samopǒuzdaːnoːst
самопоуздање	samopouzdǎːɲe
самопоштовање	samopoʃtoʋǎːɲe
самопрезир	samoprěziːr
самопроглашен	samoprǒglaːʃen
самосталан	sâmostaːlan
самостално	sâmostaːlno
самостан	sâmostaːn
самотан	sâmotan
самотник	sâmotniːk
самотно	sâmotno
самотност	sâmotnoːst
самоуверен	samoǔʋeren
самоуверено	samoǔʋereno
самоувереност	samoǔʋerenoːst
самоувјерен	samoǔʋjeren
самоувјерено	samoǔʋjereno
самоувјереност	samoǔʋjerenoːst
самоуништење	samouniʃtěːɲe
самоуправа	samoǔpraʋa
самоуправљати	samoǔpraʋʎati
самоуче	samǒutʃe
самоћа	samǒtɕa
самрт	sǎmrt
самсара	samsǎra
самун	sǎmuːn
самур	sǎmuːr
самурај	samǔraːj
самуровина	samǔroʋina
самљети	sǎmʎeti
сан	sân
сангвиник	sangʋǐnik
сангрија	sangrǐja
сандаловина	sǎndaloʋina
санкција	sǎnktsija
санскртски	sǎnskr̩tskiː
санџак	saŋˈdʒak
саобраћај	sâobratɕaːj
саоне	sâone
саонице	saǒnitse
саопћење	saoptɕěːɲe
саопћивати	saoptɕǐːʋati
саопћити	saǒptɕiti
сапети	sǎpeːti
сапирати	sǎpirati
сапињати	sǎpiɲati
саплести	sǎplesti
саплетати	sǎpletati
саплитати	sǎplitati
сапрати	sǎprati
сапун	sapɔn
сапун	sǎpuːn
сапунар	sapǔnaːr
сапунарски	sapǔnaːrskiː
сапунарство	sapunǎːrstʋo
сапунаст	sapǔnast
сарадња	sarǎdɲa
сарађивати	saradʑǐːʋati
сарајево	saraːje˩˥ːgoː
сарајево	sǎrajeʋo
сарајевски	sǎrajeʋskiː
сарајка	sǎraːjka
сарајлија	sarǎjlija
сарајлијски	sarǎjliːjski
сарајлијски	sarǎjliːjskiː
саргашки	sǎrgaʃkiː
сардела	sǎrdela
сардина	sardǐːna
сардинац	sardǐːnats
сардинија	sǎrdiːnija
саркастичан	sarkǎstitʃan
саркастично	sarkǎstitʃno
саркастичност	sarkǎstitʃnoːst
саркофаг	sarkǒfaːg
сарма	sǎrma
сасвим	sǎsʋiːm
сасецати	sasěːtsati
сасећи	sǎsetɕi
сасијецати	sasijěːtsati
сасма	sǎsma
састав	sǎːstaʋ
саставак	sǎːstaʋak
саставити	sastaviti
саставити	sǎstaʋiti
саставни	sǎːstaʋniː
саставница	sǎːstaʋnitsa
саставчић	sǎːstaːʋtʃitɕ
састављати	sǎstaʋʎati
састављач	sastǎʋʎaːtʃ
састанак	sǎstanak
састати	sǎstati
састајалиште	sǎstajaliːʃte
састајати	sǎstajati
састојак	sǎːstojak
састојати	sǎːstojati
сасјећи	sǎsjetɕi
сат	sâːt
сатана	satǎna
сатанизам	satanǐzam
сателит	satěliːt
сатен	sǎteːn
сатима	sǎːtima
сатирати	sǎtirati
сатиричан	satǐritʃan
сатиричар	satǐritʃaːr
сатирички	satǐritʃki
сатирички	satǐritʃkiː
сатирично	satǐritʃno
сатница	sâtnitsa
сатрап	sǎtrap
сатрапија	satrǎpija
сатрапијски	satrǎpiːjskiː
сатрапски	sǎtrapski
сатрапски	sǎtrapskiː
сатрти	sǎtrti
сатурн	satʊrn
сатурн	sǎturn
саугати	sǎugati
саудијац	saudǐːjats
саудијски	saǔdiːjskiː
саулов	sawlov
сауна	sâuna
сауна	tsau̯na
саучешће	sǎutʃeʃtɕe
сафер	sǎfer
сафир	sǎfiːr
сафирни	sǎfiːrniː
сафт	sâft
сафтан	sâftan
сахара	sǎxara
сахарид	saxǎriːd
сахарин	saxǎriːn
сахарински	saxǎriːnski
сахарински	saxǎriːnskiː
сахароза	saxarǒːza
сахарски	sǎxarskiː
сахат	sâxat
сахат	sǎxat
сахнути	sǎxnuti
сахрана	sǎxrana
сахранити	saxrǎːniti
сахрањивати	saxraɲǐːʋati
сач	sâtʃ
сачекамо	satʃekamu
сачекати	sǎtʃekati
сачекивати	satʃekǐːʋati
сачинити	satʃǐniti
сачињавати	satʃiɲǎːʋati
сачма	sǎtʃma
сачмара	sâtʃmara
сачмарица	sâtʃmaritsa
сачувати	satʃuvat
сачувати	satʃǔːʋati
саша	zaːʃa
сашити	sǎʃiti
сајам	sǎːjam
сајамски	sǎːjamski
сајамски	sǎːjamskiː
сајгонски	sǎjgoːnskiː
сајла	sâːjla
сајмени	sǎjmeniː
сајмишни	sâjmiːʃniː
сајмиште	sajmiʃtɛ
сајмиште	sâjmiːʃte
сања	sâɲa
сањалац	sǎːɲalats
сањар	sǎɲaːr
сањарити	saɲǎːriti
сањати	saɲat
сањати	sǎːɲati
сањив	sǎɲiʋ
сањиво	sǎɲiʋo
сањкати	sâːɲkati
сањкање	sâːɲkaːɲe
сањке	sâːɲke
саће	sǎtɕe
саћи	sâːtɕi
саџак	sâdʒaːk
сва	sva
свагда	sʋâgda
свагдашњи	sʋǎgdaʃɲiː
свагдашњица	sʋǎgdaʃɲitsa
свагдањи	sʋǎgdaɲiː
свагде	sʋâgde
свагдје	sʋâgdje
свадба	sʋǎdba
свадбени	sʋǎdbeniː
свадљив	sʋǎdʎiʋ
свадљивац	sʋǎdʎiʋats
свадљиво	sʋǎdʎiʋo
свадљивост	sʋǎdʎiʋoːst
свак	sʋâk
свак	sʋâːk
свакакав	sʋâkakaʋ
свакако	sʋâkaːko
сваки	sʋâkiː
свакидашњи	sʋâkidaʃɲiː
свакидашњица	sʋâkidaʃɲitsa
свако	sʋâko
свакодневан	sʋâkodneːʋan
свакодневица	sʋâkodneːʋitsa
сваком	sfˈakˌoːm
свакојак	sʋâkojaːk
свакоји	sʋâkojiː
сваку	svˈakˌu
сванути	sʋǎnuti
сванућа	svˈanutʃa
свануће	sʋanǔːtɕe
сваривати	sʋarǐːʋati
сварити	sʋǎːriti
сватко	sʋâtko
свачији	sʋâtʃijiː
свашта	svaʃta
свашта	sʋâʃta
свађа	sʋâdʑa
свађати	sʋâdʑati
свађу	svaɟu
све	sʋê
сведочанство	sʋedotʃǎːnstʋo
сведочити	sʋedǒtʃiti
сведоџба	sʋedǒdʒba
свеж	sʋêʒ
свеже	sʋêʒe
свежина	sʋeʒǐna
свеза	sʋêza
свезати	sʋěːzati
свезивати	sʋezǐːʋati
свезнајућ	sʋěznajuːtɕ
свекар	sʋěkar
свекрва	sʋêkrʋa
свемир	sʋêmiːr
свемирски	sʋêmiːrskiː
свемогућ	sʋêmoguːtɕ
свемоћ	sʋêmoːtɕ
свемоћан	sʋêmotɕan
свемоћно	sʋêmotɕno
свемоћност	sʋêmotɕnoːst
свеобухватан	sʋeobǔxʋatan
свесно	sʋêsno
свесрдан	sʋěsrdan
свесрдно	sʋěsrdno
свест	sʋêːst
свестан	sʋêstan
свести	sʋêsti
свестран	sʋěstran
свет	sʋêːt
света	sʲvʲata
светао	sʋěːtao
светац	sʋěːtats
светина	sʋětina
светионик	sʋetiǒniːk
светионичар	sʋetiǒnitʃaːr
светитељ	sʋětiteʎ
светица	sʋětitsa
светиште	sʋêtiːʃte
светиња	sʋěːtiɲa
светковати	sʋetkǒʋati
светковина	sʋětkoʋina
светло	sʋêtlo
светломер	sʋêtlomeːr
светлост	svetlos
светлуцав	sʋetlǔtsaʋ
светлуцати	sʋetlǔtsati
светог	sʋeːtːok
светогрдан	sʋêtogrːdan
светогрдно	sʋêtogrːdno
светски	sʋětski
светски	sʋětskiː
свеукупан	sʋeǔkupan
свечан	sʋětʃan
свечано	sʋětʃano
свечаност	sʋětʃanoːst
свеједно	sʋejědno
свећа	sʋěːtɕa
свећар	sʋětɕaːr
свећица	sʋětɕitsa
сви	svi
свиб	sʋîːb
свидети	sʋîdeti
свидјети	sʋîdjeti
свизац	sʋǐːzats
свила	sviːɫa
свиласт	sʋîlast
свилен	sʋǐlen
свирала	sʋǐrala
свирати	sʋǐːrati
свирач	sʋǐraːtʃ
свирачки	sʋǐraːtʃki
свирачки	sʋǐraːtʃkiː
свиреп	sʋǐrep
свирепо	sʋǐrepo
свирепост	sʋǐrepoːst
свирка	sʋîːrka
свитак	sʋǐːtak
свитати	sʋîtati
свитање	sʋîtaːɲe
свих	svix
свиђати	sʋǐːdʑati
свијају	sʲvʲiaju
свијест	sʋijêːst
свијет	sʋjêːt
свијетао	sʋjěːtao
свијећа	sʋijěːtɕa
свиња	sʋǐːɲa
свињар	sʋǐɲaːr
свињарија	sʋiɲǎrija
свињац	sʋǐːɲats
свињетина	sʋǐɲetina
свињски	sʋǐɲskiː
свладавати	sʋladǎːʋati
свладати	sʋlǎːdati
свлачионица	sʋlatʃiǒːnitsa
свлачити	sʋlǎːtʃiti
свод	svot
свод	sʋôd
сводити	sʋǒditi
сводник	sʋôdniːk
сводљив	sʋǒdʎiʋ
свота	sʋôta
свој	svɔj
своја	svoja
својевољан	sʋôjeʋoːʎan
својевољно	svojevoɫʲno
својевољно	sʋôjeʋoːʎno
својевремено	sʋôjeʋremeno
својеглав	sʋojěglaʋ
својеглаво	sʋojěglaʋo
својеглавост	sʋojěglaʋoːst
своједобно	sʋôjedobno
својина	sʋojǐna
својој	svɔjoj
својствен	sʋǒjstʋen
својство	sʋǒːjstʋo
својта	sʋôːjta
своју	svɔju
свраб	sʋrâːb
сврака	sʋrâka
свратити	sʋrǎːtiti
свратиште	sʋrâtiːʃte
сврачји	sʋrâtʃjiː
свраћати	sʋrâtɕati
сврбеж	sʋřːbeʒ
сврбети	sʋřbeti
сврбјети	sʋřbjeti
свргнути	sʋr̂gnuti
сврсисходан	sʋr̂sisxodan
сврсисходно	sʋr̂sisxodno
сврсисходност	sʋr̂sisxodnoːst
сврставати	sʋrstǎːʋati
сврстати	sʋřstati
сврха	sʋřxa
сврховит	sʋrxǒʋit
сврховито	sʋrxǒʋito
сврховитост	sʋrxǒʋitoːst
сврху	srxu
свршавати	sʋrʃǎːʋati
свршени	sʋr̂ːʃeniː
свршетак	sʋrʃěːtak
свршити	sʋřːʃiti
свугде	sʋûgde
свугдје	sʋûgdje
свуд	sʋûd
свуда	sʋǔda
свукуд	sʋûkud
свукуда	sʋûkuda
свући	sʋûːtɕi
свједочанство	sʋjedotʃǎːnstʋo
свједочити	sʋjedǒtʃiti
свједоџба	sʋjedǒdʒba
свјеж	sʋjêʒ
свјеже	sʋjêʒe
свјежина	sʋjeʒǐna
свјесно	sʋjêsno
свјестан	sʋjêstan
свјетина	sʋjětina
свјетионик	sʋjetiǒniːk
свјетионичар	sʋjetiǒnitʃaːr
свјетло	sʋjêtlo
свјетломјер	sʋjêtlomjeːr
свјетлуцав	sʋjetlǔtsaʋ
свјетлуцати	sʋjetlǔtsati
свјетски	sʋjětski
свјетски	sʋjětskiː
свјећар	sʋjětɕaːr
свјећица	sʋjětɕitsa
се	se
сеанса	seǎnsa
себе	sêbe
себи	sêbi
себичан	sěbitʃan
себично	sěbitʃno
себичност	sěbitʃnoːst
себичњак	sěbitʃɲaːk
сев	sêːʋ
севак	sěːʋak
севастопољ	seʋastǒpoʎ
севати	sěːʋati
севдалинка	seʋdǎliːnka
севдалија	seʋdǎlija
севдах	sěʋdaːx
севди	sěʋdi
севдисати	sěʋdisati
север	sêʋer
северац	seʋěːrats
северни	sêʋeːrniː
северно	sêʋeːrno
северноамерички	seʋernoaměritʃkiː
северноафрички	seʋernoǎfritʃkiː
севернокорејски	seʋernokǒreːjskiː
северозапад	seʋerozǎːpad
северозападни	seʋerozǎːpadniː
северозападно	seʋerozǎːpadno
североисток	seʋeroǐstok
североисточни	seʋeroǐstotʃniː
североисточно	seʋeroǐstotʃno
северњак	seʋěrɲaːk
северњача	seʋěːrɲatʃa
севлија	sěʋlija
сегмент	sěgment
сегнути	sěːgnuti
сегрегација	segregǎːtsija
сед	sêːd
седало	sêdalo
седам	sêdam
седамдесети	sedamděseːtiː
седамсто	sɛˈdamsto
седати	sêdati
седатив	sedǎtiːʋ
седети	sědeti
седети	sěːdeti
седефни	sědefniː
седимент	sedǐment
седиште	sêdiːʃte
седлар	sědlaːr
седласт	sêdlast
седло	sědlo
седмерац	sedměːrats
седми	sevmi
седмина	sedmǐna
седмица	sědmitsa
седмица	sɛdmitsa
седмодневни	sêdmodneːʋniː
седморица	sedmǒritsa
седница	sêdnitsa
седост	sěːdoːst
седоћа	sedǒtɕa
сежањ	sêʒaɲ
сезати	sěːzati
сезона	sezǒːna
сезонски	sězoːnskiː
сеизмички	seǐzmitʃkiː
сеизмограф	seizmǒgraf
сеизмолошки	seizmǒloʃki
сеизмолошки	seizmǒloʃkiː
сека	sěːka
секаперса	ekapˈersa
секира	sěkira
секирати	sekǐrati
секирација	seˈkiraːtsia
секлузија	seklǔːzija
секрет	sěkreːt
секретарица	sekretǎritsa
секретаријат	sekretarǐjaːt
секретарски	sekrětaːrski
секретарски	sekrětaːrskiː
секреција	sekrěːtsija
секрецијски	sekrěːtsiːjskiː
секс	sêks
секс	sɒks
секси	sêksiː
сексизам	seksǐzam
секстант	sěkstant
сексу	sɛksu
сексуалан	sêksuaːlan
сексуалност	seksuǎːlnoːst
секта	sêkta
секташ	sěktaːʃ
секташки	sěktaːʃki
секташки	sěktaːʃkiː
сектор	sêktor
секуларан	sêkulaːran
секунд	sekundɔ
секунда	sekǔnda
секундаран	sêkundaːran
селвија	sělʋija
селективан	sêlektiːʋan
селективно	sêlektiːʋno
селектор	sělektor
селекција	selěktsija
селекцијски	selěktsiːjskiː
селена	sěleːna
селендра	sěleːndra
селидба	sělidba
селити	sěliti
селица	sělitsa
село	sělo
село	sěːlo
селотејп	sêlotejp
селфи	sělfiː
сем	se
семантика	semǎntika
семантички	semǎntitʃki
семантички	semǎntitʃkiː
семе	sême
семеник	sêmeniːk
семенка	sěmeːnka
семестар	sěmestar
семинар	semǐnaːr
семиотика	semiǒtika
семит	sěmiːt
семитски	sěmiːtskiː
сена	sêna
сенат	sěnaːt
сенатор	sěnaːtor
сендвич	sêndʋitʃ
сенегал	sênegaːl
сензационалан	sênzatsionaːlan
сензационално	sênzatsionaːlno
сензација	senzǎːtsija
сензуалан	sênzuːalan
сенилан	sêniːlan
сенилност	senǐːlnoːst
сеница	saːnitsˈa
сенка	sêːnka
сено	sêːno
сеновит	senǒʋit
сента	sentˈa
сентименталан	sêntimentaːlan
сентиментално	sêntimentaːlno
сентименталност	sentimentǎːlnoːst
сенф	sênf
сеоба	seǒba
сеоски	sěoskiː
сеоце	seǒtse
сепаратан	sêparaːtan
сепаратизам	separatǐzam
сепарација	separǎːtsija
сепарирати	separǐːrati
сепса	sêpsa
септембар	sěpteːmbar
септембарски	sěpteːmbarskiː
септичан	sěptitʃan
септички	sěptitʃkiː
сервилан	sêrʋiːlan
сервилно	sêrʋiːlno
сервис	sěrʋiːs
сервисирати	serʋisǐːrati
сериозан	sêrioːzan
сериозно	sêrioːzno
серија	sêːrija
серијски	sêːriːjski
серијски	sêːriːjskiː
серотонин	serotǒniːn
серум	sěːrum
сесија	sěsija
сести	sêsti
сестра	sěstra
сестра	sˈɛstra
сестрин	sěstriːn
сестрински	sěstriːnski
сестрински	sěstriːnskiː
сестринство	sěstriːnstʋo
сестрица	sěstritsa
сестрична	sêstritʃna
сестрић	sêstritɕ
сета	sêta
сетва	sêtʋa
сетити	sêtiti
сеф	sêf
сецесија	setsěsija
сецирати	setsǐːrati
сечиво	sêtʃiːʋo
сеја	sěːja
сејати	sêjati
сејач	sějaːtʃ
сељак	sěʎaːk
сељакиња	seʎǎkiɲa
сељанин	sěʎanin
сељанка	sěʎaːnka
сељачина	seʎǎtʃina
сељачки	sěʎaːtʃki
сељачки	sěʎaːtʃkiː
сељаштво	seʎǎːʃtʋo
сећати	sêtɕati
сећи	sêtɕi
си	si
сибилант	sibǐlant
сибир	sǐbiːr
сибирски	sǐbiːrskiː
сив	sˈi
сивa	siva
сивац	sǐːʋats
сивило	sǐʋilo
сивкаст	sîʋkast
сивоња	sǐːʋoɲa
сивљи	sˈivlʲi
сигмунд	sǐgmund
сигнал	sǐgnaːl
сигнета	signěta
сигуран	sîguːran
сигурно	sîguːrno
сигурност	sigǔːrnoːst
сидвестер	sǐdʋester
сидрити	sîdriːti
сидриште	sîdriːʃte
сидро	sîdro
сиже	sǐʒeː
сила	sîla
силабичан	silǎbitʃan
силазак	sǐlazak
силазити	sǐlaziti
силан	sîːlan
силванац	silʋǎːnats
силеџија	silědʒija
силити	sîliti
силник	sîːlniːk
силно	sîːlno
силовати	sîloʋati
силовање	sîloʋaːɲe
силовит	silǒʋit
силовитост	silǒʋitoːst
силогизам	silogǐzam
силом	filoːm
силом	sîloːm
симбол	sʲimbo
симболизирати	simbolizǐːrati
симболичан	simbǒlitʃan
симболички	simbǒlitʃki
симболично	simbǒlitʃno
сименталски	siměntaːlskiː
симеринг	sîmering
симетричан	simětritʃan
симетрично	simětritʃno
симетрија	simětrija
симо	sîmo
симпатизер	simpatǐzeːr
симпатизерка	simpatǐzerka
симпатичан	simpǎtitʃan
симпатично	simpǎtitʃno
симпатичност	simpǎtitʃnoːst
симпатија	simpǎtija
симплификација	simplifikǎːtsija
симптом	sǐmptoːm
симптоматичан	simptomǎtitʃan
симптоматично	simptomǎtitʃno
симулакрум	simulǎkrum
симулатор	simǔlaːtor
симулација	simulǎːtsija
симулирати	simulǐːrati
симултан	sîmultaːn
симултано	sîmultaːno
симултаност	sîmultaːnoːst
симфонија	sǐmfoːnija
син	sîn
син	sîːn
син	sˈim
синагога	sinagǒːga
синагога	sˌinagˈog
синак	sînak
сингапур	sǐngapuːr
сингл	sǐngl
синглица	sînglitsa
синдикализам	sindikalǐzam
синдикат	sindǐkaːt
синдром	sǐndroːm
синекура	sinekǔːra
синергија	siněrgija
синжир	sǐnʒiːr
синицеза	sinǐtseza
синкопа	sinkǒpa
синкретизам	sinkretǐzam
синов	sîːnoʋ
синовац	sinǒːʋats
синове	sinobe
синови	finovi
синод	sǐnoːd
синологија	sinolǒgija
синоним	sinǒniːm
синониман	sinǒniman
синонимија	sinonǐmija
синоћ	sînoːtɕ
синоћњи	sînotɕɲiː
синтагма	sǐntagma
синтакса	sǐntaksa
синтактички	sintǎktitʃki
синтактички	sintǎktitʃkiː
синтеза	sintěːza
синтерирање	sinterǐːraːɲe
синтетизирати	sintetizǐːrati
синтетичан	sintětitʃan
синтетички	sintětitʃki
синтетички	sintětitʃkiː
синтетски	sǐntetski
синтетски	sǐntetskiː
синути	sǐːnuti
синхронија	sinxrǒnija
синчић	sǐntʃitɕ
синџир	sǐndʒiːr
сипа	sîpa
сипати	sîpati
сипах	sǐpaːx
сипити	sǐːpiti
сипња	sǐːpɲa
сир	siv
сир	sîr
сирена	sirěːna
сирило	sîrilo
сирити	sîriti
сириште	sîriːʃte
сирија	sîːrija
сиријац	sirǐːjats
сиријски	sîːriːjskiː
сирни	sîːrniː
сирница	sǐːrnitsa
сиров	sǐroʋ
сирово	sǐroʋo
сиромах	sirǒmaːx
сиромашан	sirǒmaʃan
сиромаштво	siromǎːʃtʋo
сирот	sǐrot
сирота	sirǒta
сиротка	sîrotka
сирочад	sîrotʃaːd
сироче	sirǒtʃe
сироче	sǐrotʃe
сируп	sǐrup
сирутка	sîrutka
сирће	sǐrtɕe
сисавац	sîsaʋats
сисати	sisɛti
сисати	sîsati
систем	sǐsteːm
систематичан	sistemǎtitʃan
систематично	sistemǎtitʃno
систематски	sistěmatski
систематски	sistěmatskiː
системом	sistemɔm
ситан	sǐtan
ситнити	sǐtniti
ситница	sitnǐtsa
ситничав	sǐtnitʃaʋ
ситничаво	sǐtnitʃaʋo
ситничар	sǐtnitʃaːr
ситно	sîtno
сито	sîto
ситуација	situǎːtsija
ситуације	situˈatsijɛ
сифилис	sǐfilis
сиц	sîts
сицвана	sîtsʋana
сицилија	sǐtsiːlija
сицилијански	sitsilǐjaːnskiː
сицфлајш	sǐtsflajʃ
сичан	sǐtʃaːn
сија	sǐja
сијалица	sîjalitsa
сијам	sǐjaːm
сијамац	sijǎːmats
сијамски	sǐjaːmskiː
сијасет	sijǎːset
сијати	sîjati
сијати	sǐjati
сијач	sǐjaːtʃ
сијев	sijêːʋ
сијевак	sijěːʋak
сијевати	sijěːʋati
сијед	sjêːd
сиједост	sijěːdoːst
сиједјети	sijěːdjeti
сијело	sijěːlo
сијено	sijêːno
сињи	sîːɲiː
сић	sîtɕ
сићи	sîːtɕi
сићушан	sîtɕuːʃan
скакавац	skakavats
скакати	skǎːkati
скакач	skǎkaːtʃ
скакачки	skǎkaːtʃki
скакачки	skǎkaːtʃkiː
скалп	skâlp
скалп	skɑːlp
скалпел	skǎlpel
скалпирати	skalpǐːrati
скаменити	skâmeniti
скамењивати	skameɲǐːʋati
скандал	skǎndaːl
скандализирати	skandalizǐːrati
скандалозан	skândaloːzan
скандалозно	skândaloːzno
скандинавац	skandinǎːʋats
скандинавија	skandǐnaːʋija
скандинавски	skandǐnaːʋskiː
скандирати	skandǐːrati
скарабеј	skarǎbej
скаредан	skâredan
скаредно	skâredno
скат	skât
скаут	skǎut
скањивати	skaɲǐːʋati
скврнити	skʋřːniti
скврчити	skʋr̂tʃiti
скела	skêla
скенер	skêner
скептицизам	skeptitsǐzam
скептичан	skěptitʃan
скептички	skěptitʃki
скептички	skěptitʃkiː
скептично	skěptitʃno
скидати	skǐːdati
скинути	skînuti
скитати	skǐːtati
скитница	skǐːtnitsa
скица	skîtsa
скицирати	skitsǐːrati
скицнбух	skǐtsnbuːx
скијати	skîjati
скијашки	skǐjaːʃkiː
склад	sklâd
складан	sklâdan
складатељ	sklǎdateʎ
складати	sklâdati
складба	sklǎdba
складиште	sklâdiːʃte
складно	sklâdno
склапати	sklǎːpati
склањамо	sklaɲamu
склањати	sklâɲati
склероза	sklerǒːza
склеротичан	sklerǒtitʃan
склон	sklôn
склонидба	sklǒnidba
склонити	sklǒniti
склониште	sklôniːʃte
склоност	sklônoːst
склоп	sklôp
склопив	sklǒpiʋ
склопити	sklǒpiti
склопка	sklôpka
скок	skôk
сколастика	skolǎstika
сколастичар	skolǎstitʃaːr
сколастички	skolǎstitʃki
сколастички	skolǎstitʃkiː
скопље	skôpʎe
скорбут	skǒrbut
скоро	skǒro
скоруп	skôruːp
скот	skôt
скоч	skôtʃ
скочимиш	skǒtʃimiʃ
скочио	sko˥˩ːtʃi˥˩ː
скочити	skǒtʃiti
скрасити	skrǎːsiti
скратити	skrǎːtiti
скраћеница	skrâːtɕenitsa
скраћивати	skratɕǐːʋati
скрб	skr̂ːb
скренути	skrěːnuti
скренути	skrɛːnuti
скресати	skrěsati
скретати	skrěːtati
скрибент	skrǐbent
скривати	skrǐːʋati
скривен	skrǐʋen
скрипта	skrîpta
скрнавити	skrnǎːʋiti
скровит	skrǒʋit
скровито	skrǒʋito
скровиште	skrôʋiːʃte
скроз	skrôːz
скроман	skrôman
скромно	skrômno
скромност	skrômnoːst
скрпавати	skrpǎːʋati
скрпати	skr̂pati
скрпити	skr̂piti
скрстити	skřstiti
скрупула	skrûpula
скрупулозан	skrûpuloːzan
скрупулозно	skrûpuloːzno
скрушен	skrûːʃen
скрушено	skrûːʃeno
скрушеност	skrûːʃenoːst
скршити	skřʃiti
скрштавати	skrʃtǎːʋati
скувати	skûxati
скулптура	skulptǔːra
скуп	skûp
скуп	skûːp
скупа	skûpa
скупина	skûpina
скупити	skûpiti
скупни	skûpniː
скупно	skûpno
скупоцен	skupǒtsen
скупоцјен	skupǒtsjen
скупоћа	skupǒtɕa
скупштина	skûpʃtina
скупштинар	skûpʃtinaːr
скупштинарка	skûpʃtinaːrka
скупљати	skupjati
скупљати	skǔːpʎati
скупљач	skǔpʎaːtʃ
скупљачица	skupʎǎtʃitsa
скут	skûːt
скутер	skûter
скутривати	skutrǐːʋati
скутрити	skûtriti
скуцавати	skutsǎːʋati
скуцати	skûtsati
скучити	skǔːtʃiti
скуњити	skǔːɲiti
слаб	slâb
слабашан	slâbaːʃan
слабети	slâbeti
слаби	slaːbi
слабине	slâbine
слабити	slâbiti
слабити	svaːbiti
слабић	slǎbiːtɕ
слабо	slâbo
слабокрван	slâbokrːʋan
слабокрвност	slabokřːʋnoːst
слабост	slâboːst
слабоуман	slâbouːman
слабоумност	slaboǔːmnoːst
слабоћа	slabǒtɕa
слабјети	slâbjeti
слава	slâʋa
славан	slâːʋan
славен	slǎʋeːn
славенка	slǎʋeːnka
славенски	slǎʋeːnski
славенски	slǎʋeːnskiː
славина	slavina
славина	slǎʋina
славист	slǎʋist
славити	slâʋiti
славић	slǎʋiːtɕ
славко	slavkɔ
славно	slâːʋno
славонац	slaʋǒːnats
славонија	slǎʋoːnija
славонски	slǎʋoːnskiː
славохлепан	slâʋoxleːpan
славохлепно	slâʋoxleːpno
славуј	slǎʋuːj
слагар	slǎgaːr
слагати	slǎgati
слагати	slǎːgati
слагање	slǎːgaːɲe
слад	slâːd
сладак	slâdak
сладити	slǎːditi
сладић	slǎditɕ
сладокусац	sladokǔːsats
сладолед	slâdoleːd
сладор	slâːdor
сладорача	sladǒratʃa
слажу	slaːʒu
слак	slâːk
слалом	slǎlom
слама	slâma
сламарица	slâmaritsa
сламати	slǎːmati
сламка	slâːmka
сламнат	slǎmnat
сламчица	slǎmtʃitsa
сламњача	slǎmɲatʃa
слан	flan
слан	slâːn
слана	slǎːna
сланац	slǎːnats
сланик	slǎniːk
сланина	slǎnina
сланост	slǎːnoːst
сланоћа	slanǒtɕa
слап	slâːp
сласно	slâsno
сласт	slâːst
сласт	slˈɑst
сластан	slâstan
сластичар	slǎstitʃaːr
сластичарна	slǎstitʃaːrna
сластичарница	slǎstitʃaːrnitsa
слати	slâti
слатка	sɫatka
слаткиш	slǎtkiːʃ
слатко	slǎtkoː
слатководни	slâtkoʋodniː
слаткоречив	slatkorětʃiʋ
слаткоречиво	slatkorětʃiʋo
слаткорјечив	slatkorjětʃiʋ
слаткорјечиво	slatkorjětʃiʋo
слаткоћа	slatkǒtɕa
слачица	slâtʃitsa
следбеник	slêdbeniːk
следећи	slědeːtɕiː
следити	slěditi
следити	slěːditi
слеме	slême
сленг	slêng
слеп	slêːp
слепоочни	slepǒotʃniː
слепоочница	slepoǒtʃnitsa
слеђ	slêdʑ
слеђивати	sledʑǐːʋati
слив	slîːʋ
слизати	slǐːzati
сликар	slîkaːr
сликати	slîkati
слина	sljina
слинав	slînaʋ
сличан	slîtʃan
слично	slǐtʃno
слишати	slîʃati
слиједити	sljěːditi
слијеп	sljêːp
слобода	slobǒda
слободан	slobǒdan
слободан	slôbodan
слободно	slôbodno
слободоуман	slôbodouːman
словак	slǒʋaːk
словакиња	sloʋǎkiɲa
словачка	slǒʋaːtʃkaː
словачки	slǒʋaːtʃkiː
словен	slǒʋeːn
словенац	sloʋěːnats
словеначки	slǒʋenatʃkiː
словенија	slǒʋeːnija
словенка	slǒʋeːnka
словенски	slǒʋeːnski
словенски	slǒʋeːnskiː
словински	slǒviːnskiː
словница	slǒːʋnitsa
слово	slôʋo
словјенски	slǒʋjeːnski
словјенски	slǒʋjeːnskiː
слога	slôga
слоган	slǒgaːn
сложан	slôʒan
сложен	slôʒen
сложеница	sloʒěnitsa
сложити	slǒʒiti
слом	slôm
сломити	slǒmiti
слон	slôn
слоница	slǒnitsa
слонов	slǒnoʋ
слоновача	slǒnoʋatʃa
слоновски	slǒnoʋski
слоновски	slǒnoʋskiː
слој	slôːj
слојевит	slojěʋit
слуга	slǔːga
слуган	slǔgaːn
служба	slǔʒba
службен	slûʒben
службеник	slûʒbeniːk
службеница	slûʒbenitsa
службено	slûʒbeno
служинчад	slǔʒiːntʃaːd
служинче	sluʒǐːntʃe
служите	sɫuʒite
служити	slǔːʒiti
слузав	slûzaʋ
слупати	slǔːpati
слути	slûti
слутити	slǔːtiti
слух	slûːx
случај	slûtʃaːj
случајан	slûtʃaːjan
случајно	slûtʃaːjno
слушалац	slǔʃalats
слушалица	slûʃalitsa
слушате	sɫuʃate
слушатељство	sluʃatěːʎstʋo
слушати	slûʃati
слушач	slǔʃaːtʃ
слушачица	sluʃǎtʃitsa
слушајте	slusajte
слушкиња	slûʃkiɲa
смагати	smǎːgati
смазати	smâzati
смакнути	smǎknuti
смакнуће	smaknǔːtɕe
смалаксати	smalǎksati
смарагд	smǎragd
сматра	smatrˈa
сматрати	smaːtratɪ
сматрати	smǎːtrati
смањивати	smaɲǐːʋati
смањити	smǎːɲiti
смаћи	smâtɕi
смежурати	smeʒǔrati
смена	smêna
сменити	směːniti
смео	směo
смеон	směon
смеоно	směono
смерати	směːrati
смерница	směːrnitsa
смеса	smêsa
сместа	smêsta
сместити	smêstiti
сметати	smetat
сметати	směːtati
сметењак	smetěɲaːk
смети	smêti
сметња	směːtɲa
смешак	směːʃak
смешан	směːʃan
смешити	směːʃiti
смешно	směːʃno
смештати	směːʃtati
смештај	smêʃtaːj
смештај	smɛʃtaj
смештајни	smêʃtaːjniː
смеђ	smêdʑ
смеђаст	smêdʑast
смејати	smějati
смењивати	smeɲǐːʋati
смеће	smětɕe
смиловати	smîloʋati
смио	smǐo
смион	smǐon
смионо	smǐono
смирак	smǐːrak
смирен	smîːren
смирено	smîːreno
смиривати	smirǐːʋati
смирити	smǐːriti
смисао	smîːsao
смислен	smîslen
смислено	smîsleno
смислити	smîsliti
смицалица	smîtsalitsa
смицати	smîtsati
смишљати	smǐːʃʎati
смијати	smǐjati
смијенити	smjěːniti
смијешак	smjěːʃak
смијешан	smjěːʃan
смијешити	smjěːʃiti
смијешно	smijěːʃno
смог	smôg
смогнути	smôgnuti
смоква	smôkʋa
смоквик	smǒkʋiːk
смоквин	smôkʋin
смокинг	smǒking
смоков	smǒkoʋ
смор	smɔr
смотак	smôtak
смотати	smǒtati
смотрити	smǒtriti
смотуљак	smotǔːʎak
смочити	smǒtʃiti
смочница	smǒtʃnitsa
смоћи	smôtɕi
смрад	smrâːd
смрдети	smřdeti
смрдити	smřditi
смрдјети	smřdjeti
смрдљив	smřdʎiʋ
смрека	smrêka
смрзавати	smrzǎːʋati
смрзнути	smr̂znuti
смрзотина	smřzotina
смрскавати	smrskǎːʋati
смрскати	smřːskati
смрт	smr̩t
смрт	smˈɾˈt
смртан	smr̂tan
смртни	smrtɲiː
смртник	smrtnɪk
смртнички	smr̂tnitʃki
смртнички	smr̂tnitʃkiː
смртност	smr̂tnoːst
смртоносан	smrtǒnosan
смртоносно	smrtǒnosno
смуђ	smuːt
смјена	smjêna
смјерати	smjěːrati
смјерница	smjěːrnitsa
смјеса	smjêsa
смјеста	smjêsta
смјестити	smjêstiti
смјети	smjêti
смјештати	smjěːʃtati
смјештај	smjêʃtaːj
смјештајни	smjêʃtaːjniː
смјењивати	smjeɲǐːʋati
снабдевати	snabděːʋati
снабдети	snǎbdeti
снабдијевати	snabdjěːʋati
снабдјети	snǎbdjeti
снага	snǎːga
снагатор	snǎgaːtor
снажан	snǎːʒan
снажне	snaːʒnɛ
снажно	snâːʒno
снажну	znaːʒnu
сналажљив	snalǎʒʎiʋ
сналажљиво	snalǎʒʎiʋo
сналажљивост	snalǎʒʎiʋoːst
сналазити	snǎlaziti
снаха	snǎxa
снаша	snǎːʃa
снајперист	snajpěrist
снаћи	snâːtɕi
снебивати	snebǐːʋati
снебити	sněbiti
снег	snêːg
снег	snˈeɪk
снега	snæga
снеговит	snegǒʋit
снежан	snêʒan
снежана	sneʒan
снежити	sněːʒiti
снен	snên
снено	snêno
снивати	snǐːʋati
снижавати	sniʒǎːʋati
снижење	sniʒěːɲe
снизивати	snizǐːʋati
снизити	snǐːziti
снимак	snîmak
снимати	snǐːmati
снимити	snǐːmiti
снимка	snîːmka
снисходљив	snisxǒdʎiʋ
снисходљиво	snisxǒdʎiʋo
снифати	snîfati
снијежити	snjěːʒiti
сноб	snôb
сноп	snôp
снопље	snôpʎe
сношај	snôʃaːj
сношљив	snǒʃʎiʋ
сношљиво	snǒʃʎiʋo
снужден	snûʒden
снуждено	snûʒdeno
со	sôː
со	sɔ
собица	sôbitsa
собом	sôboːm
сова	sova
совјетски	sǒʋjetskiː
содомизирати	sodomizǐːrati
содомија	sodǒmija
сокак	sǒkaːk
сокл	sǒkl
сокна	sǒkna
соко	sôko
сокол	sôkol
соколити	sokǒliti
сол	sôːl
солватација	solʋatǎːtsija
солидан	sôliːdan
солидаран	sôlidaːran
солидарно	sôlidaːrno
солидарност	solidǎːrnoːst
солити	sǒliti
солун	sǒluːn
сом	sôm
сом	sɒm
сомалија	sǒmaːlija
соман	sǒman
сомерица	sômeritsa
сомнамбул	somnǎmbul
сомун	sǒmuːn
сонар	sǒnaːr
сонатина	sonatǐːna
сонет	sǒneːt
соноризација	sonorizǎːtsija
сопран	sǒpraːn
сопранистица	sopranǐstitsa
сос	sôːs
сос	sɔːs
сотона	sotǒna
сотонизам	sotonǐzam
сотонизирати	sotonizǐːrati
софа	sofo
софизам	sofǐzam
софија	sofia
софија	sǒfija
софтвер	sôftʋeːr
соха	sǒxa
социолог	sotsiǒlog
социологија	sotsiolǒgija
социолошки	sotsiǒloʃki
социолошки	sotsiǒloʃkiː
социјалан	sôtsijaːlan
социјалдемокрација	sotsijaldemokrǎtsija
социјализам	sotsijalǐzam
социјалистички	sotsijalǐstitʃki
социјалистички	sotsijalǐstitʃkiː
социјално	sôtsijaːlno
сочан	sôtʃan
сочно	sôtʃno
сој	sôj
соја	sǒːja
спавалица	spǎːʋalitsa
спавало	spǎːʋalo
спаваоница	spaʋaǒːnitsa
спавати	spavati
спавати	spǎːʋati
спавач	spǎʋaːtʃ
спавачица	spaʋǎtʃitsa
спаваћи	spǎʋaːtɕiː
спаваћица	spaʋǎtɕitsa
спада	spâːda
спадати	spâdati
спазити	spâziti
спазматичан	spazmǎtitʃan
спалити	spǎːliti
спарта	spâːrta
спартанац	spartǎːnats
спартански	spǎrtaːnski
спартански	spǎrtaːnskiː
спас	spâːs
спасавати	spasǎːʋati
спасилац	spǎsilats
спасилачки	spǎsilatʃkiː
спасити	spǎːsiti
спасти	spâsti
спасти	spâːsti
спати	spâti
спахија	spǎxija
спацкати	spâtskati
спачка	spâtʃka
спашавати	spaʃǎːʋati
спајати	spǎːjati
спаљивати	spaʎǐːʋati
спев	spêːʋ
спевати	spêʋati
спектакл	spektǎkl
спектакуларан	spêktakulaːran
спектакуларно	spêktakulaːrno
спектралан	spêktraːlan
спекулативан	spêkulatiːʋan
спекулација	spekulǎːtsija
спекулирати	spekulǐːrati
спелеолог	speleǒlog
спелеологија	speleolǒgija
спелеолошки	speleǒloʃki
спелеолошки	speleǒloʃkiː
спеловати	spêloʋati
сперма	spěrma
спецификација	spetsifikǎːtsija
специфицирати	spetsifitsǐːrati
специфичан	spetsǐfitʃan
специфично	spetsǐfitʃno
специјалан	spêtsijaːlan
специјализација	spetsijalizǎːtsija
специјализирати	spetsijalizǐːrati
специјалитет	spetsijalǐteːt
специјално	spêtsijaːlno
специјалност	spetsijǎːlnoːst
спећи	spêtɕi
спиналан	spǐnaːlan
спирала	spirǎːla
спиралан	spǐraːlan
спирално	spǐraːlno
спирати	spǐːrati
спиритизам	spiritǐzam
спиритуалан	spîrituaːlan
спиритуализам	spiritualǐzam
спиритуално	spîrituaːlno
спиритуалност	spirituǎːlnoːst
спис	spîs
списак	spîsak
списатељ	spǐsateʎ
списатељица	spisatěʎitsa
спискавати	spiskǎːʋati
спискати	spîskati
спиља	spîʎa
сплав	splâːʋ
сплавар	splǎʋaːr
сплетка	splêtka
сплеткарити	spletkǎːriti
сплит	splît
сплитски	splîtskiː
сплићанин	splîtɕanin
спознавати	spoznǎːʋati
спознати	spǒznati
спознаја	spôznaja
спокој	spǒkoj
спокојан	spôkoːjaːn
спокојно	spôkoːjno
спокојство	spokǒːjstʋo
спол	spôːl
споменар	spoměnaːr
споменуо	spomenu
споменути	spoměːnuti
спомињати	spǒmiɲati
спона	spôna
спонзор	spônzor
спонтан	spôntaːn
спонтано	spontana
спонтано	spôntaːno
спонтаност	spôntaːnoːst
спопадати	spǒpadati
спопасти	spǒpasti
спор	spôr
спор	spɔr
спорадичан	sporǎditʃan
спорадично	sporǎditʃno
споразум	spôrazuːm
споразумевати	sporazuměːʋati
споразумети	sporazǔmeti
споразумијевати	sporazumjěːʋati
споразумјети	sporazǔmjeti
споран	spôːran
споредан	spôredan
спорно	spôːrno
спорт	spôrt
спортски	spôrtski
спортски	spôrtskiː
способан	sposabam
способан	spôsoban
способност	sposǒːbnoːst
спој	spôːj
спојен	spôjen
спојив	spǒjiʋ
спојити	spǒjiti
спојница	spǒːjnitsa
спојница	spɔjnitsa
споља	spôʎa
спољашњи	spǒʎaʃɲiː
справа	sprava
справа	sprâʋa
справица	spra˥˩ːrits˩˥ːa
спрам	spraːm
спрат	spra˥c
спрат	sprât
спрати	sprâti
спрдати	spřːdati
спрдачина	spr̩dǎtʃina
спрдња	spřːdɲa
спреда	sprěːda
спреман	sprêman
спремати	premati
спремати	sprěːmati
спремити	sprěːmiti
спремно	sprêmno
спремност	sprêmnoːst
спретан	sprêtan
спретно	sprêtno
спретност	sprêtnoːst
спречавати	spretʃǎːʋati
спречити	sprěːtʃiti
спреј	sprêj
спријатељивати	sprijateʎǐːʋati
спријатељити	sprijatěʎiti
сприједа	sprjěːda
спријечити	sprijěːtʃiti
спровести	sprǒʋesti
спроводити	sproʋǒditi
спруд	sprûːd
спустити	spǔstiti
спутавати	sputǎːʋati
спутан	spûtaːn
спутати	spǔtati
спуштати	spǔːʃtati
спјев	spjêːʋ
спјевати	spjêʋati
спљоштен	spʎôʃten
спљоштити	spʎôʃtiti
срам	srâːm
сраман	srâːman
срамежљивац	sraměʒʎiʋats
срамежљивица	sraměʒʎiʋitsa
срамити	srǎːmiti
срамно	srâːmno
срамота	sramǒta
срамота	tramˈotːa
срамотан	srâmotan
срамотити	sramǒtiti
срамотно	srâmotno
срати	srâti
срачунавати	sratʃunǎːʋati
срачунати	sratʃǔnati
срање	srǎːɲe
србин	sr̂bin
србијанац	sr̩bijǎːnats
србијанка	srbǐjaːnka
србијански	srbǐjaːnskiː
србофобија	sɛrbofobia
срдити	sřːditi
срдобоља	srdǒboʎa
сребрен	srêbren
сребреница	srêbrenitsa
сребрн	srêbrn
сребрна	srɛbrna
сребро	srěbro
сред	srêd
сред	srɛd
среда	srěːda
среда	srɛda
средина	sredǐna
средином	sredǐnoːm
средити	srěːditi
средишни	srědiːʃniː
средиште	srêdiːʃte
средишњи	srědiʃɲiː
средоземни	srêdozeːmniː
средоземље	srêdozeːmʎe
средство	srědstʋo
средњи	srêdɲiː
средњоамерички	sredɲoaměritʃkiː
средњоафрички	sredɲoǎfritʃkiː
средњовековни	sredɲoʋěkoːʋniː
средњовјековни	sredɲoʋjěkoːʋniː
средњошколац	sredɲoʃkǒːlats
срем	srɛm
срести	fresti
срести	srêsti
сретан	srêtan
сретати	srêtati
сређивати	sredʑǐːʋati
срећа	srêtɕa
срећан	srêtɕan
срећом	srêtɕoːm
срж	sr̂ːʒ
сриједа	srjěːda
сркати	sřːkati
сркнути	sřːknuti
срна	sɯ̞rɯ̞nɯ̞
срнути	sřːnuti
сродан	srôdan
сродница	srɔdnitsa
сродност	srôdnoːst
сродство	srǒdstʋo
српањ	sr̂ːpaɲ
српкиња	sr̂pkiɲa
српски	sr̂pskiː
српскохрватски	srɛbskˈoxrvatskˈiː
српство	sřpstʋo
сртати	sr̂tati
срушити	srûʃiti
срца	sɛrtsa
срце	sɛrtsɛ
срцолик	sr̩tsǒlik
срђан	sr̩dʑan
срљати	sřʎati
ста	sta
стабилан	stâbiːlan
стабилизација	stabilizǎːtsija
стабилно	stâbiːlno
стабилност	stabǐːlnoːst
стабло	stǎːblo
стабљика	stǎbʎika
став	stâʋ
ставак	stâʋak
стави	stavji
ставила	stavjila
ставио	stavjo
ставити	stâʋiti
ставка	stâːʋka
стављати	stǎːʋʎati
стагнантан	stagnǎntan
стагнација	stagnǎːtsija
стагнирати	stagnǐːrati
стаж	stâːʒ
стаклар	stǎklaːr
стакласт	stâklast
стаклен	stǎklen
стакленик	staklěniːk
стакленка	stǎkleːnka
стакло	stǎklo
стаклопухач	staklopǔxaːtʃ
сталан	stǎːlan
сталеж	staːljʒ
сталеж	stǎːleʒ
сталешки	stǎːleʃkiː
стално	stâːlno
стамбени	stǎmbeniː
стампедо	stampêːdo
стан	stâːn
станар	stǎnaːr
станарка	stǎnaːrka
станарски	stǎnaːrski
станарски	stǎnaːrskiː
стандард	stǎndard
стандардизација	standardizǎːtsija
станите	stˈanitˈɛ
станица	stǎnitsa
станични	stǎnitʃniː
станиште	stâniːʃte
станковић	stankovitsʲ
становати	stanǒʋati
становништво	stanoʋnǐːʃtʋo
стану	stanu
стапати	stǎːpati
стар	stâr
стар	stɑːr
старалац	stǎralats
старати	stârati
старац	stârats
старачки	stâratʃkiː
старети	stâreti
старење	stâreːɲe
старина	starǐna
старински	starǐnskiː
старити	stâriti
старомодан	stâromoːdan
старомодно	stâromoːdno
старославенски	staroslǎʋeːnskiː
старословенски	staroslǒʋeːnskiː
старост	stâroːst
старчев	stâːrtʃeʋ
старчић	stǎrtʃitɕ
старјети	stârjeti
стати	stâti
стати	stâːti
статика	stǎtika
статистика	statǐstika
статистичар	statǐstitʃaːr
статистичарка	statǐstitʃaːrka
статистички	statǐstitʃki
статистички	statǐstitʃkiː
статичан	stǎtitʃan
статички	stǎtitʃki
статички	stǎtitʃkiː
статус	stǎːtus
статус	stˈatus
статусни	stǎːtusniː
статут	stǎtuːt
стаја	stâja
стајалиште	stâjaliːʃte
стајати	stâjati
стајати	stǎjati
стаљинизам	staʎinǐzam
стање	staːnjɛ
стање	stǎːɲe
ствара	stvaːra
стваран	stʋâːran
стварати	stʋǎːrati
ствари	stfaːri
стварно	stvarno
стварно	stʋâːrno
створ	stʋôr
створење	stʋorěːɲe
створио	stvorjo
створити	stʋǒriti
сте	stɛ
стеарин	steǎriːn
стеван	stêʋaːn
стегно	stêːgno
стегнути	stěːgnuti
стекнути	stêknuti
стена	stěːna
стена	stˈɛna
стеон	stêon
степа	stêpa
степен	stêpeːn
степски	stêpskiː
стестра	stɛstra
стетоскоп	stêtoskop
стечај	stêtʃaːj
стечајни	stêtʃaːjniː
стечевина	stětʃeʋina
стећи	stêːtɕi
стигао	stigo
стигнути	stîgnuti
стид	stîːd
стидан	stǐːdan
стидети	stǐːdeti
стидјети	stǐːdjeti
стидљив	stǐdʎiʋ
стидљиво	stǐdʎiʋo
стизати	stîzati
стил	stîl
стил	stˈɪl
стилистика	stilǐstika
стилски	stîlskiː
стимулисати	iːtimuliːsati
стипендија	stipěndija
стиска	stîska
стискати	stǐːskati
стиснути	stîsnuti
стих	stîx
стицати	stitsati
стишавати	stiʃǎːʋati
стишати	stǐʃati
стијена	stijěːna
стијена	stjena
стићи	stîtɕi
сто	stôː
стог	stôːg
стога	stôgaː
стогодишњица	stogǒdiʃɲitsa
столац	stǒlats
столећима	stǒletɕima
столица	stǒlitsa
столици	stɔlitsi
столчић	stǒːltʃitɕ
столњак	stôːlɲaːk
стомак	stômaːk
стомак	stɔmak
стомаку	stomauːku
стопа	stǒpa
стопа	stɔpa
стопало	stǒpalo
стопити	stǒpiti
стопу	stopu
стотина	stotǐna
стотина	stôtina
стотинка	stǒtiːnka
стотињак	stotǐːɲaːk
сточарски	stôtʃarskiː
сточић	stǒːtʃitɕ
стојећке	stǒjeːtɕke
стољећима	stǒʎetɕima
страва	strǎːʋa
страдавати	stradǎːʋati
страдалац	strǎːdalats
страдати	strǎːdati
стража	strâːʒa
стражар	strǎʒaːr
стражар	stɾaʒar
стражњица	strâʒɲitsa
стран	strâːn
стран	traːn
страна	strǎːna
странац	strǎːnats
стране	strɑːne
страница	strǎnitsa
странка	strânka
странка	strɑnka
страст	strâːst
страст	strˈas
страствен	strâstʋen
стратегија	strǎteːgija
стратегијски	strǎtegiːjskiː
стратешки	strǎteːʃkiː
стратиграфија	stratigrǎfija
стратопауза	stratopâuza
стратосфера	stratosfěːra
страх	strâːx
страховати	straxǒʋati
страховати	straːxovati
страховит	straxǒʋit
страхопоштовање	straxopoʃtoʋǎːɲe
страхота	straxǒta
страхотан	strâxotan
страшан	strǎːʃan
страшило	strâʃilo
страшити	strâʃiti
страшно	strǎːʃno
стрвина	střʋina
стрвинар	střʋinaːr
стрелица	strělitsa
стрепити	strěːpiti
стрепња	strěːpɲa
стреха	strěxa
стризати	strǐːzati
стрип	strîp
стрипер	strîper
стриптиз	strǐptiːz
стриптизер	striptǐzeːr
стриптизета	striptizěta
стричев	strǐːtʃeʋ
стрићи	strîtɕi
стрм	str̂m
стрмо	str̂mo
стрмоглаво	strmǒglaʋo
стрмоглавце	str̩mǒglaʋtseː
строг	strôg
строг	strɔg
строго	strôgo
строј	strôːj
стрпети	střːpeti
стрпјети	střːpjeti
стрпљење	strpʎěːɲe
стрпљив	střpʎiʋ
стрпљиво	střpʎiʋo
стрпљивост	střpʎiʋoːst
стругати	strǔːgati
стругнути	strûgnuti
струк	strûːk
струка	strûka
структура	struktǔːra
стручан	strûtʃan
стручно	strûtʃno
стручњак	strûtʃɲaːk
стуб	stûːb
студенац	studěːnats
студеница	studɛnitsa
студент	stǔdent
студент	stˈudənt
студирати	studǐːrati
студиј	stûːdiːj
студија	stûːdija
ступ	stûːp
ступа	stûpa
ступати	stǔːpati
ступац	stǔːpats
ступити	stǔːpiti
ступић	stǔpitɕ
стјецати	stjêtsati
су	sˈo
сублиман	sûbliːman
субота	subata
субота	sǔbota
суботица	subo˥˩ːtitsa
суботњи	sǔbotɲiː
сув	sûːʋ
сув	sʊv
сувенир	suʋěniːr
суверен	suʋěreːn
суверен	sǔʋeren
суверенитет	suʋerenǐteːt
суверено	sǔʋereno
сувереност	sǔʋerenoːst
сувисао	sǔʋisao
сувисло	sǔʋislo
сувислост	sǔʋisloːst
сувишан	sûʋiːʃan
сувише	sûʋiʃeː
сувишно	sûʋiːʃno
сувласник	sǔʋlaːsniːk
сувласница	sǔʋlaːsnitsa
сувозач	sûʋozaːtʃ
сугестиван	sûgestiːʋan
сугестивно	sûgestiːʋno
сугестивност	sugestǐːʋnoːst
сугестија	sugěstija
сугласник	sǔglasniːk
сугласнички	sǔglasnitʃki
сугласнички	sǔglasnitʃkiː
суграђанин	sǔgradʑanin
суграђанка	sǔgradʑaːnka
суд	sûːd
судан	sǔdaːn
суданац	sudǎːnats
судански	sǔdanskiː
судар	sûdaːr
судац	sǔːdats
судба	sǔdba
судбина	sutbina
судбина	sûdbina
судбоносан	sudbǒnosan
судбоносно	sudbǒnosno
судбоносност	sudbǒnosnoːst
суделовати	sǔdeloʋati
судеоник	sudeǒniːk
судеоница	sudeǒnitsa
судионик	sudiǒniːk
судионица	sudiǒnitsa
судити	sǔːditi
судопера	sǔdopera
судски	sǔdskiː
судство	sǔdstʋo
судјеловати	sǔdjeloʋati
суез	sǔez
сужавати	suʒǎːʋati
сужањски	sûːʒaɲski
сужањски	sûːʒaɲskiː
сужањство	sûːʒaɲstʋo
сужен	sûːʒen
суживот	sûʒiʋot
суза	sûza
сузавац	sûzaʋats
сузан	sûzan
сузбити	sǔzbiti
сузбијати	suzbǐːjati
суздржавати	suzdrʒǎːʋati
суздржавање	suzdrʒavaɲːe
суздржати	suzdřʒati
сузивати	suzǐːʋati
сузити	sûziti
сузити	sǔːziti
сузица	sûzitsa
суицид	suǐtsiːd
суицидалан	sûitsidaːlan
суицидално	sûitsidaːlno
суицидалност	suitsidǎːlnoːst
сукладан	sǔkladan
сукладно	sǔkladno
сукно	sǔːkno
сукоб	sǔːkob
сукоб	sˈukəb
сукоба	sukɔba
сукобити	sukǒbiti
сукобљавати	sukobʎǎːʋati
сукња	sûkɲa
султан	sǔltaːn
султанат	sultǎnaːt
султанство	sultǎːnstʋo
сулуд	sûluːd
сулундар	sulǔndaːr
сума	sumˈa
сума	sûma
сумаглица	sǔmaglitsa
суманут	sǔmaːnuːt
суматра	sǔmatra
суме	summe
сумер	sǔmeːr
сумеранин	suměːranin
сумерски	sǔmeːrskiː
суморан	sûmoːran
суморно	sûmoːrno
сумпор	sumpɔr
сумпор	sûːmpor
сумрак	sumrˈɛk
сумрак	sûmraːk
сумња	sǔːmɲa
сумњати	sǔːmɲati
сумњив	sǔmɲiʋ
сумњивац	sǔmɲiʋats
сумњичав	sǔmɲitʃaʋ
сумњичаво	sǔmɲitʃaʋo
сумњичавост	sǔmɲitʃaʋoːst
сумњичити	sǔmɲitʃiti
суноврат	sûnoʋraːt
сунути	sǔːnuti
сунце	sûːntse
сунцобран	sûntsobraːn
сунчаник	suntʃǎniːk
сунчати	sǔntʃati
сунђер	sǔndʑer
суочавати	suotʃǎːʋati
суочити	suǒtʃiti
суп	sûp
супа	supˈa
супа	sûpa
супарник	sǔpaːrniːk
супервизија	superʋǐːzija
супервизор	sûperʋiːzor
супериоран	sûperioːran
супериорно	sûperioːrno
супериорност	superiǒːrnoːst
суперлатив	sûperlatiːʋ
суперлативан	sûperlatiːʋan
супернова	supernôːʋa
суперсоничан	supersǒnitʃan
супротан	sǔprotan
супротна	suprɛtna
супротставити	suprǒtstaʋiti
супротстављати	suprǒtstaʋʎati
супруг	supruk
супруг	sûprug
супруга	suprɔga
супстанца	supstǎntsa
супстанција	supstǎntsija
супституција	supstitǔːtsija
супстрат	sǔpstraːt
суптилан	sûptiːlan
суптилно	sûptiːlno
сур	sûːr
сурађивати	suradʑǐːʋati
сурвавати	surʋǎːʋati
сурвати	sǔrʋati
сурла	sûːrla
суров	sǔroʋ
сурово	sǔroʋo
суровост	sǔroʋoːst
сурогат	sûrogaːt
сурутка	sûrutka
сурјекција	surjěktsija
сусед	sǔːsed
суседни	sǔːsedniː
суспензија	suspěnzija
сусрести	sǔsresti
сусрет	sǔsret
сусретати	sǔsretati
сусретљив	susrětʎiʋ
сусретљиво	susrětʎiʋo
сусретљивост	susrětʎiʋoːst
сустав	sǔːstaʋ
сустанар	sûstanaːr
сустанарка	sûstanaːrka
сустати	sǔstati
сустајати	sǔstajati
сустигнути	sǔstignuti
сустизати	sǔstizati
сустићи	sǔstitɕi
сусјед	sǔːsjed
сусједни	sǔːsjedniː
суткиња	sûtkiɲa
сутон	sǔːton
сутра	sûtra
сутрадан	sutrǎdaːn
сутрашњи	sǔtraʃɲiː
сутрашњица	sǔtraʃɲitsa
суфизам	sufǐzam
сучељавају	sutʃeʎaɐvaju
суша	sûːʃa
суши	sûʃi
суши	sˈuʃi
сушити	sǔːʃiti
сушица	sǔʃitsa
сушти	sûːʃtiː
суштина	suʃtǐna
суђе	sǔdʑe
суђење	sǔːdʑeːɲe
сујеверан	sûjeʋeːran
сујеверност	sujeʋěːrnoːst
сујеверје	sûjeʋeːrje
сујевјеран	sûjeʋjeːran
сујевјерност	sujeʋjěːrnoːst
сујевјерје	sûjeʋjeːrje
сујетан	sǔjetan
суџук	sǔdʒuk
сфера	sfˈɛra
сферичан	sfěritʃan
сфрагистика	sfragǐstika
схвата	skwata
схватати	sxʋâtati
схватити	sxʋâtiti
схватљив	sxʋǎtʎiʋ
схватљиво	sxʋǎtʎiʋo
схваћати	sxʋâtɕati
схема	sxěːma
схематизам	sxematǐzam
схематски	sxěmatski
схематски	sxěmatskiː
схизофренија	sxizofrěnija
сходан	sxôdan
сходно	sxôdno
сходност	sxôdnoːst
схрвати	sxřʋati
сцена	stsɛna
сценариј	stsěnaːriːj
сценограф	stsenǒgraf
сјати	sjâti
сјахати	sjâxati
сјахивати	sjaxǐːʋati
сјашити	sjâʃiti
сјај	sjâːj
сјајан	sjǎːjan
сјајно	sjâːjno
сјебати	sjěbati
сјевер	sjêʋer
сјеверац	sjeʋěːrats
сјеверни	sjêʋeːrniː
сјеверно	sjêʋeːrno
сјеверноамерички	sjeʋernoaměritʃkiː
сјеверноафрички	sjeʋernoǎfritʃkiː
сјевернокорејски	sjeʋernokǒreːjskiː
сјеверозапад	sjeʋerozǎːpad
сјеверозападни	sjeʋerozǎːpadniː
сјеверозападно	sjeʋerozǎːpadno
сјевероисток	sjeʋeroǐstok
сјевероисточни	sjeʋeroǐstotʃniː
сјевероисточно	sjeʋeroǐstotʃno
сјеверњак	sjeʋěrɲaːk
сјеверњача	sjeʋěːrɲatʃa
сједало	sjêdalo
сједати	sjêdati
сјединити	sjedǐːniti
сједити	sjěditi
сједиште	sjêdiːʃte
сједињавати	sjediɲǎːʋati
сједница	sjêdnitsa
сједоћа	sjedǒtɕa
сједјети	sjědjeti
сјекира	sjěkira
сјеме	sjême
сјеменик	sjêmeniːk
сјеменка	sjěmeːnka
сјена	sjêna
сјенка	sjêːnka
сјеновит	sjenǒʋit
сјести	sjêsti
сјета	sjêta
сјетва	sjêtʋa
сјетити	sjêtiti
сјечиво	sjêtʃiːʋo
сјећати	sjêtɕati
сјећи	sjêtɕi
сјутра	sjûtra
сљедбеник	sʎêdbeniːk
сљедећи	sʎědeːtɕiː
сљеме	sʎême
сљепоочни	sʎepǒotʃniː
сљепоочница	sʎepoǒtʃnitsa
сљубити	sʎǔːbiti
сљубљивати	sʎubʎǐːʋati
сњеговит	sɲegǒʋit
сњежан	sɲêʒan
т	t
табакера	tabakěːra
табела	taběla
табла	tǎːbla
таблета	tablěta
таблица	tǎblitsa
табља	tâbʎa
тава	tǎːʋa
таваф	tǎʋaːf
тад	tâd
тада	tǎdaː
тадашњи	tǎdaʃɲiː
тадањи	tǎdaɲiː
тазе	tǎːze
так	tâk
так	tâːk
такав	takav
такав	tǎkaːʋ
такве	takvɛ
такво	tako
такмити	tâkmiti
такмичар	tǎkmitʃaːr
такмичарка	tǎkmitʃaːrka
такмичарски	tǎkmitʃarski
такмичарски	tǎkmitʃarskiː
такмичити	tǎkmitʃiti
такнути	tǎknuti
тако	tǎkoː
такозвани	takǒzʋaːniː
такорећи	takorětɕi
такође	takǒːdʑe
такођер	takǒːdʑer
такси	taksj
такси	tǎksi
таксиметар	tǎksimetar
таксист	tǎksist
такт	tâkt
тактика	tǎktika
тактилан	tǎktiːlan
тактичан	tǎktitʃan
тактичар	tǎktitʃaːr
тактички	tǎktitʃki
тактички	tǎktitʃkiː
тактни	tâktniː
талас	tâlaːs
таласав	talǎsaʋ
таласаст	talǎsast
таласати	talǎsati
таласни	tâlaːsniː
таласом	talasɔm
таласје	tâlaːsje
талац	tǎːlats
талачки	tâlatʃkiː
таленат	tǎlenat
талент	tǎlent
талентиран	talěntiːran
талентирано	talěntiːrano
талентираност	talěntiːranoːst
талибан	talǐbaːn
талисман	talǐsmaːn
талити	tǎːliti
талијан	talǐjaːn
талијански	talǐjaːnski
талијански	talǐjaːnskiː
талијум	t̪aːljum
талмуд	tǎlmud
талмудски	tǎlmudskiː
талог	tǎːlog
тама	tǎːma
таман	tǎmaːn
таман	tǎːman
тамара	tamaɾa
тамбур	tǎmbuːr
тамбура	tǎmbura
тамилски	tǎmiːlskiː
тамнети	tǎːmneti
тамно	tâːmno
тамнопут	tamnǒput
тамо	tama
тамо	tâmo
тамошњи	tâmoʃɲiː
тампон	tǎmpoːn
тамјан	tǎmjan
тамњети	tǎːmɲeti
танак	taːnˈak
танак	tânak
танан	tǎnan
танац	tânats
танбур	tǎnbuːr
танго	tângo
тане	tâne
танзанија	tǎnzaːnija
танкер	tǎnker
тантијема	tantijěːma
тапет	tapɪt
тапета	tapěːta
таписерија	tapisěrija
тапија	tǎːpija
тараба	tǎraba
таргетирани	targetiiɾaniː
тарифа	tarǐːfa
тарифни	tǎriːfniː
тасманија	tǎsmaːnija
тастатура	tastatǔːra
тат	tât
тата	tâta
татарин	tâtarin
татарски	tâtarskiː
таутологија	tautolǒgija
таутолошки	tautǒloʃkiː
таутосилабички	tautosilǎbitʃkiː
тачан	tâtʃan
тачка	tâtʃka
тачка	tɑːtʃka
тачкица	tâtʃkitsa
тачно	tatʃna
тачно	tâtʃno
ташна	t̪aːʃna
ташт	tâʃt
таштина	taʃtǐna
ташто	tâʃto
тај	tâːj
тајанствен	tajǎnstʋen
тајанствено	tajǎnstʋeno
тајанственост	tajǎnstʋenoːst
тајац	tǎːjats
тајван	tâjʋaːn
тајвански	tâjʋaːnskiː
тајга	tâːjga
тајити	tǎːjiti
тајкун	tǎjkuːn
тајланд	tâjland
тајландски	tâjlandskiː
тајмер	tǎjmer
тајна	tâːjna
тајни	tâːjniː
тајник	tâːjniːk
тајница	tâːjnitsa
тајно	tâːjno
тајновит	tajnǒʋit
тајновито	tajnǒʋito
тајновитост	tajnǒʋitoːst
тајност	tǎːjnoːst
тајом	tâːjom
тајски	tâːjskiː
тајфун	tǎjfuːn
тајфунски	tǎjfuːnski
тајфунски	tǎjfuːnskiː
таљив	tǎʎiʋ
таљиге	tǎʎige
тања	taːɲːa
тањи	taːnjiː
таћи	tâtɕi
таџ	tâdʒ
таџикистан	tadʒikǐstaːn
таџикистански	tadʒikǐstaːnskiː
таџички	tǎdʒitʃkiː
твар	tʋâːr
твист	tʋîst
твор	tvɔr
твор	tʋôːr
творац	tʋǒːrats
творевина	tʋǒreʋina
творити	tʋǒriti
творница	tʋǒːrnitsa
твој	tʋôːj
твој	tˈfˈoj
твоја	tˈvɔja
твоје	tˈvɔje
тврд	tʋr̂ːd
тврдити	tʋřːditi
тврдокоран	tʋr̂dokoːran
тврдокорност	tʋrdokǒːrnoːst
тврдокрилци	tvrdokrɪltsi
тврдолинијаш	tʋrdolinǐjaːʃ
тврдолинијашки	tʋrdolinǐjaːʃkiː
тврдоћа	tʋr̩dǒtɕa
тврдња	tavrɛdɲa
тврдња	tʋřːdɲa
те	tˈe
театар	teǎːtar
театралан	têatraːlan
театрално	têatraːlno
театралност	teatrǎːlnoːst
тебе	têbe
теби	têbi
тег	têːg
теглити	têgliti
тегоба	tegǒba
тегобан	têgoːban
тегобно	têgoːbno
тегобност	têgoːbnoːst
теготан	têgotan
тегљач	těgʎaːtʃ
тежак	těʒaːk
тежак	těːʒak
тежити	těːʒiti
тежиште	têʒiːʃte
теза	těːza
тезга	tězga
теист	těist
тек	têk
тек	têːk
тек	tɛk
тека	těːka
текбир	těkbiːr
тековина	těkoʋina
тексас	têksas
тексашанин	teksǎːʃanin
тексашанка	teksǎːʃaːnka
текст	tˈɛkst
текстил	těkstiːl
текстописац	tekstopǐːsats
текстуалан	têkstuaːlaːn
текстуално	têkstuaːlno
текстура	tekstǔːra
тектоника	tektǒnika
текући	těkuːtɕiː
тел	têl
телад	têlaːd
телац	těːlats
теле	těle
телевизија	teleʋǐːzija
телевизор	telěʋiːzor
телеграм	têlegram
телеграф	telěgraf
телеграфирати	telegrafǐːrati
телеграфист	telegrǎfist
телеграфија	telegrǎfija
телеграфски	telěgrafski
телеграфски	telěgrafskiː
телекомуникација	telekomunikǎːtsija
теленце	telěːntse
телеологија	teleolǒgija
телеолошки	teleǒloʃkiː
телепатија	telepǎtija
телепатски	telěpatski
телепатски	telěpatskiː
телескоп	têleskop
телескопски	têleskopski
телескопски	têleskopskiː
телесни	têlesniː
телетекст	têletekst
телетина	těletina
телефон	telěfoːn
телефонирати	telefonǐːrati
телефонист	telefǒnist
телефонисткиња	telefǒnistkiɲa
телефонија	telefǒnija
телефонски	telěfoːnski
телефонски	telěfoːnskiː
телешце	telěʃtse
телећи	těletɕiː
тели	těli
телић	tělitɕ
тело	têːlo
теловежба	těloʋeʒba
телохранитељ	teloxrǎniteʎ
телчић	těltʃitɕ
тема	těːma
тематски	těmatski
тематски	těmatskiː
теме	tême
темељ	těmeʎ
темељац	teměːʎats
темељит	teměʎit
темељити	teměʎiti
темељито	teměʎito
темељитост	teměʎitoːst
темељни	têmeːʎniː
темпао	tempao
темперамент	temperǎment
темпераментан	temperǎmentan
темпераментно	temperǎmentno
темпераментност	temperǎmentnoːst
температура	temperatǔːra
темплар	těmplaːr
темпларски	těmplaːrskiː
темпо	těmpo
темпоралан	têmporaːlan
тен	tên
тенденциозан	têndentsioːzan
тенденциозно	têndentsioːzno
тенденциозност	tendentsiǒːznoːst
тенденција	tenděntsija
тенед	těned
тенедски	těnedskiː
тенеф	těnef
тензија	těnzija
тенис	teenis
тенис	těːnis
тенисач	tenǐsaːtʃ
тенисачки	tenǐsaːtʃki
тенисачки	tenǐsaːtʃkiː
тениски	těːniskiː
тенк	tênk
тенкист	těnkist
тенковски	těnkoʋskiː
теозоф	teǒzof
теозофија	teozǒfija
теозофски	teǒzofski
теозофски	teǒzofskiː
теократија	teokrǎːtija
теократски	teǒkratski
теократски	teǒkratskiː
теокрација	teokrǎtsija
теолог	teǒlog
теологија	teolǒgija
теолошки	teǒloʃkiː
теорем	teǒreːm
теоретизирати	teoretizǐːrati
теоретик	teorětik
теоретичар	teorětitʃaːr
теоретски	teǒretski
теоретски	teǒretskiː
теорија	těoːrija
теоцентричан	teotsěntritʃan
тепати	têpati
тепих	těpix
тепсија	těpsija
тепсти	têpsti
теракота	terakǒta
терапеут	terapěut
терапеутски	terapěutskiː
терапија	terǎpija
тераса	terǎsa
терати	têrati
терен	těreːn
терет	těret
терета	teɾeta
теретана	teretǎna
терзија	těrzija
терзијан	terzǐjaːn
територијални	têritorijaːlniː
терли	těrli
термин	těrmiːn
терминологија	terminolǒgija
терминолошки	terminǒloʃkiː
термодинамика	termodinǎmika
термопауза	termopâuza
термопиле	termǒpile
термопилски	termǒpilskiː
термосфера	termosfěːra
терор	těroːr
тероризам	terorǐzam
терористички	terorǐstitʃki
терористички	terorǐstitʃkiː
терцијар	têrtsijaːr
терцијаран	têrtsijaːran
тесан	te˨˩san˩˦
тесан	těːsan
тесати	těsati
тескера	têskera
тесно	têːsno
тест	têst
тесте	těste
тестенина	testenǐna
тестирати	testǐːrati
тестис	têstis
тестостерон	testostěroːn
тетива	tětiʋa
тетица	têtitsa
тетка	têtka
тетка	tɛtka
тетоважа	tetoʋǎːʒa
тетовирати	tetoʋǐːrati
тетрарх	tětrarx
теутонски	těutoːnskiː
техеран	têxeraːn
техника	těxnika
техничар	těxnitʃaːr
техничарка	těxnitʃaːrka
технички	těxnitʃki
технички	těxnitʃkiː
технолог	texnǒlog
технологија	texnolǒgija
технолошки	texnǒloʃki
технолошки	texnǒloʃkiː
течан	têtʃan
тешити	têʃiti
тешко	têːʃko
тешњи	tɛʃɲi
тећи	têtɕi
ти	tîː
тибет	tǐbet
тибетанац	tibetǎːnats
тибетански	tibětaːnskiː
тибетски	tǐbetskiː
тиват	tîʋat
тигрица	tǐgritsa
тикати	tǐːkati
тиква	tîkʋa
тикван	tǐkʋan
тимар	tǐmaːr
тиме	time
тимок	tˈimˈok
тимотеј	timotˈe
тинејџер	tǐnejdʒer
тип	tîːp
типичан	tǐpitʃan
типично	tǐpitʃno
типичност	tǐpitʃnoːst
типка	tîpka
типкати	tîpkati
типкач	tǐpkaːtʃ
типковница	tipkǒːʋnitsa
типограф	tipǒgraf
типографија	tipogrǎfija
типографски	tipǒgrafski
типографски	tipǒgrafskiː
типологија	tipolǒgija
типолошки	tipǒloʃki
типолошки	tipǒloʃkiː
тирана	tirǎna
тиранац	tirǎːnats
тираносаур	tiranosǎur
тирански	tǐranski
тирански	tǐranskiː
тиркиз	tǐrkiːz
тискара	tǐskara
тискарство	tiskǎːrstʋo
тискати	tîskati
тисковина	tǐskoʋina
тисутњик	tîsutɲiːk
тисућник	tǐsutɕniːk
тисућу	tǐsutɕu
тисућљеће	tǐsutɕʎetɕe
титан	tiːtən
титл	tǐtl
титоград	tîtograːd
титоизам	titoǐzam
титоист	titǒist
титоистички	titoǐstitʃkiː
титрати	tîtrati
титрај	tîtraːj
титула	tîtula
тих	ix
тих	tîx
тихо	tîxo
тихомир	tîxomiːr
тицати	tǐːtsati
тиши	ti˥˩si˥˧
тишина	tiʃˈina
тијана	dijana
тијеком	tijekom
тијесан	tjěːsan
тијесно	tjêːsno
тињати	tǐɲati
тканина	tkǎnina
ткати	tkatj
ткати	tkâti
ткање	tkǎːɲe
тко	tkô
ткогод	tkǒgod
тло	tlô
тмаст	tmâst
тмина	tmîna
тмуран	tmǔːran
то	to
тоалет	toǎlet
тобоже	tǒboʒe
тобожњи	tǒboʒɲiː
тоболац	tǒbolats
тобом	tôboːm
тобџија	tǒbdʒija
товариш	toʋâːriʃ
товити	tǒʋiti
тог	tok
тога	tǒːga
тога	tɔga
ток	tôːk
токата	tokǎta
токио	tôkio
токијски	tǒkiːjskiː
током	tokum
током	tôːkom
токсикологија	toksikolǒgija
токсин	tǒksiːn
токсички	tǒksitʃki
токсично	tǒksitʃno
толерантан	tolerǎntan
толерантно	tolerǎntno
толерантност	tolerǎntnoːst
толеранција	tolerǎntsija
толик	tǒlik
толики	tɔliki
толико	tolǐkoː
том	tɔm
томахавк	tǒmaxaʋk
томислав	tǒmislaʋ
тон	tôːn
тона	tôna
тонажа	tonǎːʒa
тоналан	tǒnaːlan
тонзилектомија	tonzilektǒmija
тонзура	tonzǔːra
тонски	tôːnskiː
тонути	tǒnuti
топ	tôp
топао	tôpao
топив	tǒpiʋ
топити	tǒpiti
топић	tǒpitɕ
топлана	toplǎna
топлина	toplǐna
топлица	topljtsa
топло	tôplo
топлокрван	tôplokrːʋan
топломер	tôplomeːr
топломјер	tôplomjeːr
топлота	toplǒta
топола	topǒla
топола	tɔpo˥˩ːla
топологија	topolǒgija
тополошки	topǒloʃkiː
топоним	topǒniːm
топонимија	toponǐmija
топонимски	topǒnimskiː
топтати	tôptati
топуз	tǒpuz
топчић	tǒptʃitɕ
топљив	tǒpʎiʋ
тор	tôːr
торањ	tǒːraɲ
торба	tǒːrba
торбар	tǒrbaːr
тореадор	torěaːdoːr
тореадорски	torěaːdorskiː
торзија	tǒrzija
торзијски	tǒrziːjskiː
торијум	torium
торлачки	tǒrlatʃkiː
торнадо	tǒrnaːdo
торнати	tǒrnati
торокати	torǒkati
торпедирати	torpedǐːrati
торпедни	tǒrpeːdniː
торпедо	tolpedo
торпедо	torpěːdo
торта	tôːrta
торта	tˈɔrta
тортура	tortǔːra
торус	porus
торњати	tǒrɲati
торњић	tǒrɲitɕ
тоскана	toskǎna
тоскански	tǒskaːnskiː
тоскијски	tǒskiːjski
тоскијски	tǒskiːjskiː
тостиран	tostijan
тоталан	tôtaːlan
тоталитаран	tôtalitaːran
тоталитаризам	totalitarǐzam
тоталитарист	totalitǎrist
тоталитаристички	totalitarǐstitʃki
тоталитаристички	totalitarǐstitʃkiː
тоталитарно	tôtalitaːrno
тоталитет	totalǐteːt
тотално	tôtaːlno
тотем	tǒteːm
тотемизам	totemǐzam
тотемист	totěmist
тотемистички	totemǐstitʃki
тотемистички	totemǐstitʃkiː
тотемски	tǒteːmskiː
тохарски	tôxarskiː
точак	tǒtʃak
точан	tôtʃan
точити	tǒtʃiti
точно	tôtʃno
тољага	tǒʎaga
трабант	trǎbant
трабуњати	trabǔɲati
трава	trǎːʋa
травар	trǎʋaːr
травестија	traʋěstija
травка	trâːʋka
травнат	trǎʋnat
травурина	traʋǔrina
травњак	trâːʋɲaːk
траг	traːg
траг	trâːg
трагалац	trǎgalats
трагати	trǎgati
трагач	trǎgaːtʃ
трагедија	trǎgeːdija
трагикомедија	tragikǒmeːdija
трагикомичан	tragikǒmitʃan
трагичан	trǎgitʃan
трагичар	trǎgitʃaːr
трагично	trǎgitʃno
трагичност	trǎgitʃnoːst
традиционалан	trâditsionaːlan
традиционализам	traditsionalǐzam
традиционалист	traditsionǎlist
традиционалистички	traditsionalǐstitʃki
традиционалистички	traditsionalǐstitʃkiː
традиционално	trâditsionaːlno
традиционалност	traditsionǎːlnoːst
традиција	trǎdiːtsija
традицијски	trǎdiːtsijski
тражилац	trǎʒilats
тражило	trǎʒilo
тражио	traʃio
тражити	traːʒiti
тражити	trǎːʒiti
трака	trâka
тракија	trâːkija
трактат	trǎktaːt
трамонтана	tramǒntaːna
трампа	trâːmpa
трампити	trâmpiti
транзистор	trǎnzistor
транзистор	tɾanzistor
транзисторски	trǎnzistorskiː
транзит	trǎnziːt
транзитиван	trânzitiːʋan
транзитивност	tranzitǐːʋnoːst
транзитни	trǎnziːtniː
транзиторан	trânzitoːran
транзиција	trǎnziːtsija
транзицијски	trǎnziːtsiːjskiː
трансакција	transǎktsija
трансакцијски	transǎktsiːjskiː
трансатлантски	transǎtlantskiː
трансверзала	transʋerzǎːla
трансверзалан	trânsʋerzaːlan
трансвеститски	transʋěstiːtskiː
трансгресиван	trânsgresiːʋan
трансгресија	transgrěsija
транскрипција	transkrǐptsija
транслација	translǎːtsija
транслитерација	transliterǎːtsija
транслитерирати	transliterǐːrati
трансмисиони	trânsmisioːniː
трансмисија	transmǐsija
трансмисијски	transmǐsiːjskiː
транспарентан	transpǎrentan
транспарентно	transpǎrentno
транспарентност	transpǎrentnoːst
трансплантација	transplantǎːtsija
транспонирати	transponǐːrati
транспортер	transpǒrteːr
транспортирати	transportǐːrati
транспортни	trǎnsportniː
трансфер	trǎnsfeːr
трансферирати	transferǐːrati
трансферни	trǎnsfeːrniː
трансформатор	transfǒrmaːtor
трансформација	transformǎːtsija
трансформирати	transformǐːrati
трансфузија	trǎnsfuːzija
трансценденталан	trânstsendentaːlan
трансцендентализам	transtsendentalǐzam
трансценденталност	transtsendentǎːlnoːst
трансцендентан	transtsenděntaːn
трансценденција	transtsenděntsija
трансцендирати	transtsendǐːrati
транша	trâːnʃa
трапав	trâpaʋ
трапавац	trâpaʋats
трапаво	trâpaʋo
трапавост	trâpaʋoːst
трапез	trǎpeːz
трапезист	trapězist
трапезоид	trapezǒiːd
трапезоидан	trâpezoiːdan
трапер	trâper
траса	trâsa
тратинчица	trǎtiːntʃitsa
тратити	trâtiti
траума	trǎuma
трауматизирати	traumatizǐːrati
трауматичан	traumǎtitʃan
трауматолог	traumatǒlog
трауматологија	traumatolǒgija
трауматолошки	traumatǒloʃkiː
трафика	trǎfika
трахеја	traxěːja
трач	trâtʃ
трачанин	trǎːtʃanin
трачара	trǎtʃara
трачати	trâtʃati
трачер	trâtʃer
трачерски	trâtʃerski
трачерски	trâtʃerskiː
трачки	trâːtʃkiː
трачница	trâtʃnitsa
трајан	trâːjan
трајати	trâjati
трајект	trǎjekt
трајектни	trǎjektniː
трајно	trâːjno
трајност	trǎːjnoːst
траљав	trâʎaʋ
траљаво	trâʎaʋo
траљавост	trâʎaʋoːst
траћити	trâtɕiti
трбух	tɛrbux
трбухозборац	tr̩buxozbǒːrats
трбушни	třbuʃniː
трг	tr̂g
тргати	tr̂gati
тргнути	tr̂gnuti
трговати	trgǒʋati
трговачки	třgoʋatʃki
трговачки	třgoʋatʃkiː
трговина	trgoʋiːna
трговина	trgǒʋina
трговински	třgoʋiːnskiː
трговиште	třgoʋiːʃte
трговкиња	třgoːʋkiɲa
треба	trěːba
треба	trɛba
требати	trêbati
требити	trěːbiti
трезан	trěːzan
трезвен	trêzʋen
трезвено	trêzʋeno
трезвеност	trêzʋenoːst
трезвењак	trezʋěɲaːk
трезвењакиња	trezʋeɲǎkiɲa
трезвењачки	trezʋěɲaːtʃki
трезвењачки	trezʋěɲaːtʃkiː
трезвењаштво	trezʋeɲǎːʃtʋo
трезнити	trěːzniti
трезно	trêːzno
трезор	trězoːr
трем	trêːm
трен	trɛn
тренд	trênd
тренер	trěːner
тренерски	trěːnerskiː
тренинг	trěːning
тренирати	trenǐːrati
тренирка	trěniːrka
тренутак	trenuˈtɑk
тренутак	trenǔːtak
тренутан	trênuːtan
тренутачан	trênutaːtʃan
тренутачно	trênutaːtʃno
тренути	trênuti
тренутку	trenuːtku
тренутно	trênuːtno
трепавица	trêpaʋitsa
треперав	trepěraʋ
трепераво	trepěraʋo
треперити	trepěriti
трепет	trêpeːt
трепнути	trêpnuti
трептав	trêptaʋ
трептаво	trêptaʋo
трептати	trěptati
трептај	trêptaːj
тресач	trěsaːtʃ
трести	trêːsti
третирати	tretǐːrati
третман	trětmaːn
треф	trêf
треш	trêʃ
трење	trěːɲe
трећи	trêtɕiː
трећина	tretɕǐna
тржишни	tr̂ʒiːʃniː
тржиште	tr̂ʒiːʃte
трзати	tr̂zati
трзај	tr̂zaːj
трзнути	tr̂znuti
три	trîː
три	trˈi
триангл	triǎːngl
триангуларан	trîangulaːran
триангулација	triangulǎːtsija
триангулирати	triangulǐːrati
трибализам	tribalǐzam
трибалистички	tribalǐstitʃki
трибалистички	tribalǐstitʃkiː
трибун	trǐbuːn
трибунал	tribǔnaːl
тривијалан	trîʋijaːlan
тривијално	trîʋijaːlno
тригонометрија	trigonomětrija
тригонометријски	trigonomětriːjskiː
трик	trîk
трик	tr̝iːk
трикова	trikova
трилер	trîler
трилогија	trilǒgija
трипартитан	trîpartiːtaːn
триптих	trǐptix
трипут	trǐːput
триста	tɾista
тритагонист	tritagǒnist
трифтонг	trǐftong
трифтоншки	trǐftonʃkiː
трица	trîtsa
трицикл	tritsǐkl
тричав	trîtʃaʋ
тричаво	trîtʃaʋo
тријас	trîjaːs
тријасни	trîjaːsniː
тријеба	trijěba
тријебити	trijěːbiti
тријезан	trjěːzan
тријезнити	trijěːzniti
тријезно	trjêːzno
тријем	trijêːm
тријумвир	trijǔmʋiːr
тријумвират	trijumʋǐraːt
тријумфалан	trîjumfaːlan
тријумфално	trîjumfaːlno
тријумфирати	trijumfǐːrati
трк	tr̂ːk
тркачица	tr̩kǎtʃitsa
трн	tr̂ːn
трновит	trnǒʋit
тробојка	trǒboːjka
тровати	trǒʋati
тровач	trǒʋaːtʃ
троглав	trǒglaʋ
трогласник	trǒglasniːk
троглодит	troglǒdiːt
трогодишњак	trogǒdiʃɲaːk
троделан	trôdeːlan
тродимензионалан	trôdimenzionaːlan
тродијелан	trôdjeːlan
тродневни	trǒdneːʋniː
троколица	trǒkolitsa
трол	trôːl
тролеjбус	troleibus
тролејбус	trolěːjbus
тролејбусни	trolěːjbusniː
тролист	trǒliːst
тром	trôm
тромбон	trompon
тромесечје	trǒmeseːtʃje
тромеђа	trǒmedʑa
тромо	trômo
тромост	trômoːst
тромјесечје	trǒmjeseːtʃje
троножан	trǒnoʒan
троножац	trǒnoʒats
троношке	trǒnoʃkeː
тропопауза	tropopǎuza
тропосфера	troposfěːra
тророг	trǒrog
тростран	trǒstran
трострук	trǒstruk
тротл	trǒtl
тротоар	trotǒaːr
трофеј	trǒfeːj
трофејни	trǒfeːjniː
трохеј	trǒxeːj
трохејски	trǒxeːjskiː
троцкизам	trotskǐzam
трошак	trôʃak
трошан	trôʃan
трошити	trǒʃiti
троја	trǒːja
тројак	trôjaːk
тројанац	trojǎːnats
тројански	trǒjaːnskiː
тројица	trǒjitsa
тројка	trǒːjka
тројство	trǒːjstʋo
трп	tr̂p
трпак	tr̂pak
трпеза	třpeza
трпезарија	trpezǎrija
трпети	třːpeti
трпељив	trpěʎiʋ
трпељиво	trpěʎiʋo
трпељивост	trpěʎiʋoːst
трпутац	tr̩pǔːtats
трпјети	třːpjeti
трсити	tr̂siti
трска	tr̂ska
трске	trskɛ
трсје	tr̂ːsje
трти	tr̂ti
тртица	třtitsa
тртица	tɛrɛtitsa
трубадур	trubǎduːr
трубадурски	trubǎduːrski
трубадурски	trubǎduːrskiː
трубач	trǔbaːtʃ
трубити	trǔːbiti
трудан	trǔːdan
труде	trˈudə
трудимо	trudim
трудити	trǔːditi
трудница	trûːdnitsa
трудно	trûːdno
трудноћа	trudnǒtɕa
труизам	truǐzam
трулеж	trǔːleʒ
трулина	trulǐna
трулити	trûliti
трулост	trûloːst
трун	trûːn
трунак	trǔːnak
трунка	trûːnka
трунути	trûnuti
труо	trûo
трупа	trûpa
трупац	trǔːpats
трупло	trǔːplo
трут	trûːt
трчати	tertʃati
трчкарати	tr̩tʃkǎrati
трљати	třːʎati
трње	tr̂ːɲe
туберкулоза	tuberkulǒːza
туберкулозан	tûberkuloːzan
туга	tǔːga
тугаљив	tugǎʎiʋ
тугаљиво	tugǎʎiʋo
тугаљивост	tugǎʎiʋoːst
туговати	tugǒʋati
туда	tǔdaː
тужан	tǔːʒan
тужаљка	tǔːʒaːʎka
тужба	tǔʒba
тужилац	tǔʒilats
тужилаштво	tǔʒilaːʃtʋo
тужитељ	tǔʒiteʎ
тужитељство	tǔʒiteʎstʋo
тужити	tǔːʒiti
тужно	tûːʒno
тузла	tûzla
тузлук	tǔzluk
тука	tûka
тукац	tǔːkats
тулијум	tˌuˈɛljum
тулум	tǔlum
тулумарити	tulumǎːriti
тумарати	tumǎrati
тумач	tǔmaːtʃ
тумачити	tumǎːtʃiti
тумор	tûːmor
тундра	tûːndra
тунел	tǔneːl
тунелски	tǔneːlskiː
тунижанин	tunǐːʒanin
туника	tǔnika
тунис	tǔnis
туниса	tunisˈsˈa
туниски	tǔniskiː
туп	tûːp
тупан	tǔpan
тупан	tǔpaːn
тупити	tǔːpiti
тупо	tûːpo
тупоглав	tupǒglaʋ
тупоглавац	tupǒglaʋats
тупоглаво	tupǒglaʋo
тупоглавост	tupǒglaʋoːst
тупост	tǔːpoːst
тур	tûːr
турбан	tǔrbaːn
турбина	turbǐːna
турбински	tǔrbiːnskiː
турбопауза	turbopâuza
турбулентан	turbǔlentan
турбулентност	turbǔlentnoːst
турбуленција	turbulěntsija
туризам	turǐzam
туристи	tuɾisti
туристички	turǐstitʃki
туристички	turǐstitʃkiː
туркијски	tǔrkiːjskiː
туркиња	tûrkiɲa
туркменски	tǔrkmeːnskiː
турнеја	turněːja
турнир	tǔrniːr
туробан	tûroːban
туробно	tûroːbno
туробност	tûroːbnoːst
турпија	tǔrpija
турпијати	turpǐjati
турска	tǔrskaː
турски	tǔrskiː
турски	tʊrski
турцизам	turtsǐzam
турчин	turtsin
турчин	tǔrtʃiːn
туст	tûːst
тутањ	tûːtaɲ
тутор	tûːtor
туторство	tûːtoːrstʋo
тутњити	tǔtɲiti
туф	tûf
туцати	tûtsati
туце	tǔtse
туцет	tǔtset
туча	tûtʃa
тучак	tǔːtʃak
тучњава	tǔtʃɲaʋa
туширати	tuʃǐːrati
туђ	tûdʑ
туђина	tudʑǐna
туђинац	tudʑǐːnats
туђинка	tǔdʑiːnka
туђица	tǔdʑitsa
туђман	tûdʑman
туљан	tǔʎan
туњевина	tǔɲeʋina
тући	tutsi
тући	tûːtɕi
тједни	tjêdniː
тјелесни	tjêlesniː
тјелешце	tjelěʃtse
тјеловјежба	tjěloʋjeʒba
тјелохранитељ	tjeloxrǎniteʎ
тјеме	tjême
тјерати	tjêrati
тјестенина	tjestenǐna
тјешити	tjêʃiti
у	u
убадати	ubǎːdati
убадача	ubǎdatʃa
убацивати	ubatsǐːʋati
убацити	ubǎːtsiti
убилац	ǔbilats
убирати	ǔbirati
убитачан	ûbitatʃan
убитачно	ûbitatʃno
убити	ǔbiti
убица	ǔbitsa
убија	ubǐːja
убијати	ubǐːjati
убијач	ubǐjaːtʃ
ублажавати	ublaʒǎːʋati
ублаживати	ublaʒǐːʋati
ублажити	ublǎːʒiti
убог	ûbog
убого	ûbogo
убод	ǔːbod
убожница	ûboʒnitsa
убости	uboste
убости	ǔbosti
убојит	ǔbojit
убојито	ǔbojito
убојица	ǔbojitsa
убојство	ǔboːjstʋo
убрати	ǔbrati
убрзавати	ubrzǎːʋati
убрзати	ubřzati
убрзање	ubrzǎːɲe
убрзо	ubrso
убрзо	ûbrːzo
убризгавати	ubrizgǎːʋati
убризгати	ǔbrizgati
убрус	ǔbrus
убудуће	ubǔduːtɕe
уважавати	uʋaʒǎːʋati
уважен	ǔʋaːʒen
уважите	uvaʒitɛ
уважити	uʋǎːʒiti
увала	ûʋala
увалити	uʋǎːliti
уваљивати	uʋaʎǐːʋati
увежбавати	uʋeʒbǎːʋati
увежбати	ǔʋeʒbati
увезати	uʋěːzati
увезивати	uʋezǐːʋati
увеличавати	uʋelitʃǎːʋati
увеличати	uʋelǐtʃati
увенуо	uʋěnuo
увенути	uʋěnuti
увео	ǔʋeo
уверавати	uʋerǎːʋati
уверен	ǔʋeren
уверење	uʋerěːɲe
уверити	ǔʋeriti
увертира	uʋertǐːra
уверљив	uʋěrʎiʋ
уверљиво	uʋěrʎiʋo
уверљивост	uʋěrʎiʋoːst
увести	ǔʋesti
увет	ǔːʋet
уветан	ǔːʋetan
увече	ûʋetʃeː
увешће	ǔʋeʃtɕe
увећавати	uʋetɕǎːʋati
увећати	uʋětɕati
увид	ǔʋid
увидети	ǔʋideti
увидјети	ǔʋidjeti
увити	ǔʋiti
увиђа	uvidʒa
увиђаван	ûʋidʑaːʋan
увиђавно	ûʋidʑaːʋno
увиђавност	uʋidʑǎːʋnoːst
увиђати	uʋǐːdʑati
увијати	uʋǐːjati
увлачити	uʋlǎːtʃiti
уво	ûʋo
увод	ǔːʋod
уводити	uʋǒditi
уводни	ǔːʋodniː
уводу	uvɔdu
увоз	ǔːʋoz
увозан	ǔːʋozan
увозити	uʋǒziti
увозник	ǔːʋozniːk
увојак	ǔːʋojak
увребати	uʋrěːbati
увреда	ûʋreda
увредити	uvrɛditi
увредити	uʋrěːditi
увредљив	uʋrědʎiʋ
увредљиво	uʋrědʎiʋo
уврежити	uʋrěːʒiti
увређен	ǔʋreːdʑen
увриједити	uʋrjěːditi
увријежити	uʋrijěːʒiti
увријеђен	ǔʋrijeːdʑen
уврстити	uʋřːstiti
уврштавати	uʋrʃtǎːʋati
увући	ǔʋuːtɕi
увјежбавати	uʋjeʒbǎːʋati
увјежбати	ǔʋjeʒbati
увјеравати	uʋjerǎːʋati
увјерен	ǔʋjeren
увјерење	uʋjerěːɲe
увјерити	ǔʋjeriti
увјерљив	uʋjěrʎiʋ
увјерљиво	uʋjěrʎiʋo
увјерљивост	uʋjěrʎiʋoːst
увјет	ǔːʋjet
увјетан	ǔːʋjetan
уганда	ǔgaːnda
угао	ûgao
угасити	ugǎːsiti
угађати	ugǎːdʑati
угаљ	ugɐʎ
угаљ	ûgaʎ
угибати	ugǐːbati
угинути	ǔginuti
углавном	uglǎʋnoːm
углавном	ɫugɫavnom
углед	ûgleːd
угледан	ûgleːdan
угледати	ǔgledati
уговарати	ugoʋǎːrati
уговор	ûgoʋoːr
уговорити	ugoʋǒriti
угода	ûgoda
угодан	ûgodan
угодим	ugɔdim
угодити	ugǒditi
угодно	ûgodno
угодност	ûgodnoːst
угор	ǔgor
угођај	ûgodʑaːj
уграбити	ǔgrabiti
уградити	ugrǎːditi
уграђивати	ugradʑǐːʋati
угрејавати	ugrejǎːʋati
угрејати	ǔgrejati
угризати	ugrǐːzati
угристи	ugrɛsˈti
угристи	ǔgristi
угријавати	ugrijǎːʋati
угријати	ǔgrijati
угрожавати	ugroʒǎːʋati
угроженост	ǔgroʒenoːst
угрозити	ugrǒziti
угрушати	ugrǔʃati
угушивати	uguʃǐːʋati
угушити	ugǔːʃiti
угљен	ûgʎeːn
удавати	udǎːʋati
удавача	udǎʋatʃa
удар	ûdaːr
ударати	ǔdarati
ударац	ǔdarats
ударити	ǔdariti
ударник	ǔdaːrniːk
ударница	ǔdaːrnitsa
ударнички	ǔdaːrnitʃki
ударнички	ǔdaːrnitʃkiː
ударништво	ǔdaːrniːʃtʋo
удат	ûdaːt
удати	ǔdati
удахнути	udǎxnuti
удаја	ûdaja
удаљавати	udajaːvati
удаљавати	udaʎǎːʋati
удаљен	ǔdaːʎen
удаљеност	ǔdaːʎenoːst
удаљити	udǎːʎiti
удвостручити	udʋǒstrutʃiti
удео	ǔːdeo
удио	ǔːdio
удисати	ǔdisati
удова	ǔdoʋa
удовац	udǒːʋats
удовица	udǒʋitsa
удовичин	udǒʋitʃin
удовчев	udǒːʋtʃeʋ
удолина	ǔdolina
удомитељ	udǒmiteʎ
удомитељица	udomitěʎitsa
удомити	udǒmiti
удомљивати	udomʎǐːʋati
удруга	ûdruga
удружење	udruʒěːɲe
удруживати	udruʒǐːʋati
удружити	udrǔːʒiti
ужас	ûʒaːs
ужасан	uzasam
ужасан	ûʒaːsan
ужасно	ûʒaːsno
ужи	uzi
уживалац	uʒǐʋalats
уживатељ	uʒǐʋateʎ
уживати	uʒǐːʋati
уживо	ûʒiːʋo
ужитак	uʒǐːtak
ужити	ǔʒiti
ужурбавати	uʒurbǎːʋati
ужурбаност	ǔʒurbaːnoːst
ужурбати	ǔʒurbati
уз	uz
узак	ûzak
узалуд	ûzaluːd
узалудан	ûzaluːdan
узалудно	ûzaluːdno
узаман	ûzamaːn
узастопан	ûzastopan
узастопно	ûzastopno
узајаман	ûzajaːman
узајамно	ûzajaːmno
узајамност	uzajǎːmnoːst
узбекистан	uzbekǐstaːn
узбрдо	ûzbrdo
узбудити	uzbǔːditi
узбудљив	uzbǔdʎiʋ
узбуна	ûzbuna
узбунити	uzbǔːniti
узбуркавати	uzburkǎːʋati
узбуркати	ǔzburkati
узбуђен	ǔzbuːdʑeːn
узбуђено	ǔzbuːdʑeno
узбуђеност	ǔzbuːdʑenoːst
узбуђење	uzbudʑěːɲe
узбуђивати	uzbudʑǐːʋati
узбуњивати	uzbuɲǐːʋati
узверати	uzʋěrati
узвик	ûzʋiːk
узвикивати	uzʋikǐːʋati
узвикнути	uzʋǐːknuti
узвисити	uzʋǐːsiti
узвишен	ǔzʋiːʃen
узвишено	ǔzʋiːʃeno
узводно	ǔzʋodno
узврат	ûzʋraːt
узвратити	uzuraːtiti
узгајати	uzgǎːjati
узгојити	uzgǒjiti
узгред	ûzgreːd
узгредан	ûzgreːdan
узгредице	ǔzgreditseː
узгредно	ûzgreːdno
узда	ǔːzda
уздах	usdax
уздах	ûzdaːx
уздахнути	uzdǎxnuti
уздисати	ǔzdisati
уздржавати	uzdrʒǎːʋati
уздржавање	uzdrʒaːvanje
уздржавање	uzdrʒǎːʋaːɲe
уздржати	uzdřʒati
уздржљив	uzdřʒʎiʋ
уздржљивост	uzdřʒʎiʋoːst
уздуж	ûzduːʒ
узели	uzɛli
узет	ûzeːt
узети	ǔzeːti
узетост	ûzeːtoːst
узимати	ǔzimati
узица	ûzitsa
узлетати	uzlěːtati
узлетети	uzlěteti
узлетјети	uzlětjeti
узлијетати	uzlijěːtati
узмакнути	uzmǎknuti
узмаћи	ǔzmatɕi
узмицати	ǔzmitsati
узнемиравати	uznemirǎːʋati
узнемирити	uznemǐːriti
узник	ûzniːk
узор	ǔːzor
узоравати	uzorǎːʋati
узорак	ǔːzorak
узоран	ǔːzoːran
узорати	uzoɾati
узорати	uzǒrati
узорно	ǔːzoːrno
узору	uzaru
узрок	uːzrɔk
узрок	ǔzrok
узроковати	ǔːzrokoʋati
узроци	uzrɔtsi
узрујавати	uzrujǎːʋati
узрујати	uzrǔjati
узурпатор	uzǔrpaːtor
узјахати	ǔzjaxati
узјахивати	uzjaxǐːʋati
узјашити	ǔzjaʃiti
уистину	ǔistinu
указ	ǔːkaːz
указати	ukǎːzati
указивати	ukazibat̪i
указивати	ukazǐːʋati
указују	ukazuju
укидати	ukǐːdati
укинути	ǔkinuti
уклањати	ǔklaɲati
уклети	ǔkleːti
уклонити	uklǒniti
уколико	ukolǐkoː
укопавати	ukopǎːʋati
укопати	ukǒpati
укор	ǔːkor
укоравати	ukorǎːʋati
укоренити	ukorěːniti
укорењивати	ukoreɲǐːʋati
укорити	ukǒriti
укоријенити	ukorjěːniti
укорјењивати	ukorjeɲǐːʋati
укотвити	ǔkotʋiti
укотвљивати	ukotʋʎǐːʋati
укочен	ǔkoːtʃen
укочено	ǔkoːtʃeno
укоченост	ǔkoːtʃenoːst
укочити	ukǒːtʃiti
украс	ûkraːs
украсити	ukrǎːsiti
украсни	ûkraːsniː
украсти	ǔkrasti
укратко	ûkratko
украшавати	ukraʃǎːʋati
украј	ǔkraːj
украјина	ǔkrajina
украјински	ukrɛdʲinski
украјински	ǔkrajiːnskiː
укротив	ukrǒtiʋ
укрстити	ukřstiti
укрутити	ukrǔːtiti
укрцавати	ukr̩tsǎːʋati
укрцај	ûkr̩tsaːj
укрштавати	ukrʃtǎːʋati
укрштати	ukřːʃtati
укупан	ǔkupan
укупно	ǔkupno
укус	ǔkus
укусан	ǔkusan
укусно	ǔkusno
укљученост	ǔkʎuːtʃenoːst
укључив	ukʎǔtʃiʋ
укључивати	ukʎutʃǐːʋati
укључиво	ukʎǔtʃiʋo
укључити	ukʎǔːtʃiti
улагати	ulǎːgati
улагивати	ulagǐːʋati
улаз	ǔlaz
улазак	ǔlazak
улазе	ulazɯ
улазити	ǔlaziti
улазни	ǔlazniː
улазница	ulɛznitsa
улазница	ǔlaznitsa
улепшавати	ulepʃǎːʋati
улепшати	ulěpʃati
улизати	ulǐːzati
улизивати	ulizǐːʋati
улица	ûlitsa
уличица	ûlitʃitsa
улични	uɫitʃni
улов	ǔːloʋ
уловити	ulǒʋiti
улог	ǔːlog
улога	uɫoˈga
уложити	ulǒʒiti
ултимативно	ûltimatiːʋno
ултиматум	ultimǎːtum
ултразвук	ûltrazʋuːk
ултразвучан	ûltrazʋuːtʃan
улудо	ûluːdo
улцињ	ǔltsiɲ
ум	u
ум	ûːm
умак	ûmaːk
умакнути	umǎknuti
уман	ûːman
умарати	umǎːrati
умањеница	umaɲěnitsa
умаћи	ǔmatɕi
умерен	ǔmeren
умерено	ǔmereno
умереност	ǔmerenoːst
уместо	ǔmesto
уметати	ǔmetati
умети	ǔmeti
уметник	ǔmetniːk
уметница	ǔmetnitsa
уметнички	ǔmetnitʃkiː
уметнути	ǔmetnuti
умиваоник	umiʋaǒniːk
умиваоница	umiʋaǒːnitsa
умивати	umǐːʋati
умирати	ǔmirati
умировљеник	umiroʋʎěniːk
умировљеница	umiroʋʎěnitsa
умислити	ǔmisliti
умити	ǔmiti
умицати	ǔmitsati
умишљати	umǐːʃʎati
умишљен	ǔmiʃʎen
умник	ûːmniːk
умно	ûːmno
умножавају	umnaʒavaju
умовати	umǒʋati
умор	ǔːmor
уморан	ûmoːran
уморити	umǒriti
уморно	ûmoːrno
умрети	umretti
умрети	ǔmreːti
умријети	ǔmrjeːti
умјерен	ǔmjeren
умјерено	ǔmjereno
умјереност	ǔmjerenoːst
умјесто	ǔmjesto
умјети	ǔmjeti
умјетник	ǔmjetniːk
умјетница	ǔmjetnitsa
умјетнички	ǔmjetnitʃkiː
уназад	ǔnazaːd
унаказивати	unakazǐːʋati
унаказити	unakǎːziti
унапред	ǔnapreːd
унапријед	ǔnaprjeːd
унаточ	unǎːtotʃ
унатраг	ǔnatraːg
унети	ǔneːti
универзалан	ûniʋerzaːlan
универзално	ûniʋerzaːlno
универзитетски	uniʋerzǐteːtski
универзитетски	uniʋerzǐteːtskiː
унижавати	uniʒǎːʋati
унизити	unǐːziti
унитаристички	unitarǐstitʃki
унитаристички	unitarǐstitʃkiː
уништавати	uniʃtǎːʋati
уништавач	uniʃtǎʋaːtʃ
уништив	unǐʃtiʋ
уништивост	unǐʃtiʋoːst
уништити	ǔniʃtiti
унија	ûːnija
унијети	ǔnjeːti
уносити	unǒsiti
унук	ǔnuk
унутар	ǔnutar
унутарњи	ǔnutaːrɲiː
унутра	ǔnuːtra
унутрашњи	ǔnutraʃɲiː
унутрашњост	ǔnutraʃɲoːst
унучад	ǔnutʃaːd
уобичајен	uobǐtʃaːjen
уобичајено	uobǐtʃaːjeno
уображавати	uobraʒǎːʋati
уображен	uǒbraːʒen
уобразити	uobrǎːziti
уозбиљити	uozbǐːʎiti
уопште	ǔopʃte
уопће	ǔoptɕe
уосталом	uǒstaːlom
уочавати	uotʃǎːʋati
уочи	ǔotʃi
уочити	uǒtʃiti
уочљив	uǒtʃʎiʋ
уочљиво	uǒtʃʎiʋo
уочљивост	uǒtʃʎiʋoːst
упад	ǔpad
упадати	ǔpadati
упадљив	upǎdʎiʋ
упадљиво	upǎdʎiʋo
упала	ûpala
упалити	upǎːliti
упасти	ǔpasti
упаљивати	upaʎǐːʋati
упецати	ǔpetsati
уписати	upǐːsati
уписивати	upisǐːʋati
упит	ǔpit
упитати	upǐːtati
упити	ǔpiti
упитник	ǔpitniːk
упијати	upǐːjati
уплашити	ǔplaʃiti
упливати	ǔpliʋati
упловити	uplǒʋiti
упловљавати	uploʋʎǎːʋati
упозна	upɔzna
упознавати	upoznǎːʋati
упознати	upǒznati
упозоравати	upozorǎːʋati
упозорити	upozǒriti
упомоћ	ûpomoːtɕ
упораба	ûporaba
упоран	ûpoːran
упориште	ǔporiːʃte
упорно	ûpoːrno
упорност	upǒːrnoːst
упосленик	uposlěniːk
упослити	upǒsliti
употреба	ûpotreba
употребити	upotrěːbiti
употребљавати	upotrebʎǎːʋati
употријебити	upotrjěːbiti
упошљавати	upoʃʎǎːʋati
управа	ûpraʋa
управни	ûpraːʋniː
управо	upravɔ
управо	upraʋo
управља	upravja
управљати	ǔpraʋʎati
управљање	ǔpraʋʎaːɲe
упразно	ûpraːzno
уприличивати	uprilitʃǐːʋati
уприличити	uprǐːlitʃiti
упркос	ûsprkos
упропастити	upropǎːstiti
упропаштавати	upropaʃtǎːʋati
упропашћивати	upropaʃtɕǐːʋati
упрљати	upřːʎati
упута	ûputa
упутити	upǔːtiti
упутство	upǔtstʋo
упућивати	uputɕǐːʋati
уравнотежен	uraʋnǒteːʒen
ураган	ûragaːn
урагански	ûragaːnskiː
урадио	uɾaadio
урадити	urǎːditi
уран	uɾan
уран	ǔraːn
уранити	ǔraniti
урачунавати	uratʃunǎːʋati
урачунати	uratʃǔnati
урбан	ûrbaːn
ургентан	urgěntan
ургентно	urgěntno
ургентност	urgěntnoːst
уредан	ûredan
уреднички	ǔrednitʃkiː
уредно	ûredno
урез	ǔːrez
урезати	ǔrezati
урезивати	urezǐːʋati
урес	ǔːres
уресити	urěːsiti
урешавати	ureʃǎːʋati
уређај	ûredʑaːj
урећи	ǔretɕi
урин	ǔriːn
урицати	urǐːtsati
урма	ǔrma
урнебес	ûrnebeːs
уроборос	urǒboros
урок	ǔːrok
урота	ǔrota
уротити	urǒtiti
уротник	ǔrotniːk
уротнички	ǔrotnitʃki
уротнички	ǔrotnitʃkiː
урођен	ǔrodʑen
урођеник	urodʑěniːk
урођеница	urodʑěnitsa
урођенички	urodʑěniːtʃkiː
уругвај	ûrugʋaj
уругвајац	urugʋǎːjats
уругвајски	ûrugʋaːjskiː
уручивати	urutʃǐːʋati
уручити	urǔːtʃiti
усавршавати	usaʋrʃǎːʋati
усавршавајмо	usaˈvɛrʃavaˈjmu
усавршивати	usaʋrʃǐːʋati
усавршити	usaʋřːʃiti
усадити	usǎːditi
усамљен	ǔsaːmʎen
усађивати	usadʑǐːʋati
усвајати	usʋǎːjati
усвојити	usʋǒjiti
уселити	usěliti
усељавати	useʎǎːʋati
усиделица	usǐdelitsa
усидрити	ǔsidriti
усидјелица	usǐdjelitsa
усисавати	usisǎːʋati
усисати	ǔsisati
усисач	usǐsaːtʃ
усисивач	usisiˈʋˈatʃ
усисивач	usisǐʋaːtʃ
усклик	ûskliːk
ускоро	ûskoro
ускратити	uskrǎːtiti
услед	ûsled
услијед	ûslijed
услов	ǔːsloʋ
услован	ǔːsloːʋan
усложнити	uslǒʒniti
усложњавати	usloʒɲǎːʋati
услуга	usvuga
услуга	ûsluga
услужан	ǔsluʒan
услужно	ǔsluʒno
усмен	ûsmen
усмено	ûsmeno
усмеравати	usmerǎːʋati
усмерити	ǔsmeriti
усмјеравати	usmjerǎːʋati
усмјерити	ǔsmjeriti
успаванка	uspǎʋaːnka
успавати	uspǎːʋati
успављивати	uspaʋʎǐːʋati
успевати	uspěːʋati
успети	ǔspeti
успети	ǔspeːti
успех	ǔspex
успешан	ǔspeʃan
успешно	ǔspeʃno
успијевати	uspjěːʋati
успињати	ǔspiɲati
успињача	uspǐɲatʃa
успомена	ûspomena
успон	ǔːspon
успоравати	usporǎːʋati
успоредба	ûsporedba
успорити	uspǒriti
успоставити	uspǒstaʋiti
успостављати	uspǒstaʋʎati
усправан	ûspraːʋan
успркос	ûsprkos
успут	ǔspuːt
успјети	ǔspjeti
успјех	ǔspjex
успјешан	ǔspjeʃan
успјешно	ǔspjeʃno
усред	usrɛd
усред	ǔsred
уста	uʃta
уста	uːsta
уста	ǔːsta
устав	uːstɑv
устав	ûstaːʋ
уставан	ûstaːʋan
уставно	ǔstaːʋno
устанак	ǔstanak
установа	ûstanoʋa
установити	ustanǒʋiti
установљивати	ustanoʋʎǐːʋati
устати	ǔstati
усташа	ûstaʃa
устајати	ǔstajati
устврдити	ustʋřːditi
устврђивати	ustʋr̩dʑǐːʋati
усто	ǔstoː
устрајан	ûstraːjan
устрајати	ustrǎːjati
устрајати	ǔstrajati
устрој	ǔːstroj
устројавати	ustrojǎːʋati
устројити	ustrǒjiti
уступак	ǔstupak
уступати	ustǔːpati
уступити	ustǔːpiti
усуд	ǔsud
усудити	usǔːditi
усути	ǔsuːti
усуђивати	usudʑǐːʋati
усхит	ǔsxit
усхићен	ǔsxiːtɕen
усхићено	ǔsxiːtɕeno
утакмица	ǔtakmitsa
утаначивати	utanatʃǐːʋati
утаначити	utanǎːtʃiti
утапати	utǎːpati
утајивати	utajǐːʋati
утајити	utǎːjiti
утвара	ûtʋara
утврда	ûtʋrda
утврдила	utvrdila
утврдити	utʋřːditi
утврђивати	utʋrdʑǐːʋati
утемељивати	utemeʎǐːʋati
утемељити	uteměʎiti
утешан	ǔteʃan
утешитељ	utěʃiteʎ
утешити	ǔteʃiti
утешљив	utěʃʎiʋ
утећи	ǔtetɕi
утикач	utǐkaːtʃ
утисак	atisak
утисак	ǔtisak
утицати	ǔtitsati
утицајне	utitsajnɛ
утичница	ǔtitʃnitsa
утовар	ûtoʋaːr
утоваривати	utoʋarǐːʋati
утоварити	utǒʋariti
утовити	utǒʋiti
уток	ǔːtok
утолити	utǒliti
утонути	utǒnuti
утопистички	utopǐstitʃki
утопистички	utopǐstitʃkiː
утопити	utǒpiti
утопија	utǒpija
утопљеник	utopʎěniːk
утопљеница	utopʎěnitsa
уторак	ǔːtorak
уторак	ɛutorak
уточиште	ǔtotʃiːʃte
утољивати	utoʎǐːʋati
утржак	ǔtrʒak
утрка	ûtrka
утркивати	utrkǐːʋati
утрнуо	utřːnuo
утрнути	utřːnuti
утрнуће	utrnǔːtɕe
утроба	ûtroba
утрошити	utrǒʃiti
утрошком	utroʂkom
утрудити	utrǔːditi
утурати	utǔːrati
утурити	ǔturiti
утући	ǔtuːtɕi
утјеха	ûtjexa
утјецати	ǔtjetsati
утјешан	ǔtjeʃan
утјешитељ	utjěʃiteʎ
утјешити	ǔtjeʃiti
утјешно	ǔtjeʃno
утјешљив	utjěʃʎiʋ
уфати	ǔfati
ухапсити	ǔxapsiti
ухватити	ǔxʋatiti
ухо	axo
ухо	ûxo
ухода	ǔxoda
уцена	ûtsena
уценити	utsěːniti
уцењивати	utseɲivati
уцењивати	utseɲǐːʋati
уцијенити	utsijěːniti
уцјена	ûtsjena
уцјењивати	utsjeɲǐːʋati
учвршћивати	utʃʋr̩ʃtɕǐːʋati
учен	ûtʃen
ученик	ûtʃeniːk
ученица	ûtʃenitsa
ученицима	utʃa˥˩nitsima
ученички	ûtʃenitʃki
ученички	ûtʃenitʃkiː
ученост	ûtʃenoːst
учесник	ǔtʃesniːk
учесница	ǔtʃesnitsa
учешће	ǔtʃeːʃtɕe
учењак	utʃěɲaːk
учење	ǔtʃeːɲe
училиште	ǔtʃiliːʃte
учинак	ǔtʃinak
учинили	utʃinjili
учините	utʃɪnite
учинити	utʃǐniti
учинковит	utʃinkǒʋit
учинковито	utʃinkǒʋito
учионица	utʃiǒːnitsa
учитељ	utʃitˈeɟ
учитељ	ǔtʃiteʎ
учитељски	ǔtʃiteʎski
учитељски	ǔtʃiteʎskiː
учити	ǔtʃiti
учланити	utʃlǎːniti
учлањивати	utʃlaɲǐːʋati
учтив	ǔtʃtiʋ
уш	ûːʃ
ушетати	uʃěːtati
уши	uʃ
ушица	ǔʃitsa
ушиљити	uʃǐːʎiti
уштеда	ûʃteda
уштедети	uʃtěːdeti
уштедјети	uʃtěːdjeti
уштеђевина	uʃtedʑěʋina
уштеђивати	uʃtedʑǐːʋati
уштинути	uʃtǐːnuti
уштипак	ǔʃtipak
ушушкавати	uʃuʃkǎːʋati
ушушкати	ǔʃuʃkati
ушће	ûːʃtɕe
ујак	ûjaːk
ујахати	ǔjaxati
ујачки	ûjaːtʃki
ујачки	ûjaːtʃkiː
ујдурма	ujdǔrma
уједати	ujěːdati
ујединити	ujedǐːniti
уједињавати	ujediɲǎːʋati
уједно	ûjedno
ујести	ǔjesti
ујутро	ûjutro
уља	ˈuʎa
уљепшавати	uʎepʃǎːʋati
уљепшати	uʎěpʃati
ући	oːtɕi
ући	ûːtɕi
уџбеник	ûdʒbeniːk
ф	f
фабрика	fǎbrika
фабрикант	fabrǐkant
фабрички	fǎbritʃkiː
фаворит	faʋǒriːt
фаза	fˈazɐ
факат	fâkat
факин	fǎkiːn
факинажа	fakinǎːʒa
факинарити	fakinǎːriti
факинарија	fakinǎrija
факинка	fakǐːnka
факински	fǎkiːnski
факински	fǎkiːnskiː
факинчина	fakǐntʃina
факинчић	fakǐntʃitɕ
факир	fǎkiːr
факирски	fǎkiːrski
факирски	fǎkiːrskiː
факс	fâks
факсирати	faksǐːrati
факт	fâkt
фактичан	fǎktitʃan
фактички	fǎktitʃki
фактично	fǎktitʃno
фактор	faktur
факултет	fakult̪et̪
факултет	fakǔlteːt
фалити	fâliti
фаличан	fǎlitʃan
фалос	fâlos
фалсет	fǎlset
фалсификат	falsifǐkaːt
фалсификатор	falsifǐkaːtor
фалсификација	falsifikǎːtsija
фалус	fâlus
фамилија	fǎmiːlija
фамилијаран	fâmilijaːran
фамозан	fâmoːzan
фамозно	fâmoːzno
фанатизам	fanatǐzam
фанатик	fanǎtik
фанатичан	fanǎtitʃan
фанатичност	fanǎtitʃnoːst
фанта	fâːnta
фантазам	fantaza
фантазија	fǎntaːzija
фантазма	fantǎzma
фантазмагорија	fantazmagǒrija
фантастичан	fantǎstitʃan
фантастично	fantǎstitʃno
фантитељ	fǎntiteʎ
фантом	fantum
фантом	fǎntoːm
фараон	farǎoːn
фарба	fâːrba
фарбати	fâːrbati
фарма	fâːrma
фармаколог	farmakǒlog
фармакологија	farmakolǒgija
фармер	fârmer
фасада	fasǎːda
фасцикл	fastsǐkl
фасцинантан	fastsinǎntan
фасцинација	fastsinǎːtsija
фасцинирати	fastsinǐːrati
фаталан	fâtaːlan
фатализам	fatalǐzam
фаталист	fatǎlist
фаталистички	fatalǐstitʃki
фаталистички	fatalǐstitʃkiː
фаталисткиња	fatǎlistkiɲa
фатално	fǎtaːlno
фатум	fǎːtum
фаустовски	fǎustoʋski
фаустовски	fǎustoʋskiː
фашизам	faʃǐzam
фашист	fǎʃist
фашистички	faʃǐstitʃki
фашистички	faʃǐstitʃkiː
фашисткиња	fǎʃistkiɲa
фајда	fǎjda
фајерунт	fǎjerunt
фајл	fâːjl
фајронт	fǎjront
фајрунт	fǎjrunt
фебруар	fêbruaːr
фебруарски	fêbruarskiː
федералан	fêderaːlan
федерализам	federalǐzam
федералист	federǎlist
федералистички	federalǐstitʃki
федералистички	federalǐstitʃkiː
федералисткиња	federǎlistkiɲa
федеративан	fêderatiːʋan
федерација	federǎːtsija
фекалије	fěkaːlije
фелација	felǎːtsija
феминизам	feminǐzam
феминистички	feminǐstitʃki
феминистички	feminǐstitʃkiː
фен	fɛn
феникс	fěːniks
фениција	fenǐːtsija
феничанин	fenǐːtʃanin
фенички	fěniːtʃkiː
фенологија	fenolǒgija
феноменалан	fênomenaːlan
ферије	fêːrije
ферплеј	fêːrplej
ферцихтати	fertsǐxtati
фес	fês
фетиш	fětiʃ
фетишизам	fetiʃǐzam
фетус	fěːtus
феудалан	fêudaːlan
феудалац	feudǎːlats
феудализам	feudalǐzam
фељтон	fěʎtoːn
фењер	fěɲer
фибула	fîbula
фигура	figǔːra
фигуративан	fîguratiːʋan
фигуративно	fîguratiːʋno
фигурица	figǔːritsa
физика	fisika
физика	fǐzika
физиолог	fizijolog
физиолог	fiziǒlog
физиологија	fiziolǒgija
физиолошки	fiziǒloʃki
физиолошки	fiziǒloʃkiː
физиотерапеут	fizioterapěut
физиотерапеуткиња	fizioterapěutkiɲa
физиотерапеутски	fizioterapěutski
физиотерапеутски	fizioterapěutskiː
физиотерапија	fizioterǎpija
физиотерапијски	fizioterǎpiːjskiː
физичке	fizitʃkʲem
физички	fǐzitʃkiː
фиксан	fîksan
фикција	fǐktsija
фил	fîl
фил	fîːl
филантроп	filǎntrop
филантропија	filantrǒpija
филантропкиња	filǎntropkiɲa
филантропски	filǎntropski
филантропски	filǎntropskiː
филдиш	fǐldiʃ
филипа	silipa
филипини	filipǐːni
филистеја	fiʎistẽe̞i̯a
филмски	fîlmski
филмски	fîlmskiː
филогенеза	filogěneza
филогенија	filogěːnija
филозоф	filǒzof
филолог	filǒlog
филологија	filolǒgija
филолошки	filǒloʃki
филолошки	filǒloʃkiː
филтар	fǐltar
филтер	fǐlter
филтрирати	filtrǐːrati
филџан	fǐldʒaːn
фин	fîːn
финале	finǎːle
финалист	finǎlist
финалисткиња	finǎlistkiɲa
финални	fǐnaːlniː
финансије	finǎnsije
финансијски	finǎnsiːjski
финансијски	finǎnsiːjskiː
финанције	finǎntsije
финац	fǐːnats
финик	fǐnik
финоћа	finǒtɕa
финска	fîːnskaː
фински	fîːnskiː
финџан	fǐndʒaːn
фирма	firmɑ
фирма	fîːrma
фисија	fǐːsija
фискални	fǐskaːlniː
фитиљ	fǐtiːʎ
фитопатолог	fjtopatolog
фишек	fǐʃek
фишеклија	fiʃěklija
фишеклук	fiʃěkluk
фиштар	fîʃtar
фијаско	fijǎsko
фијола	fîjola
фламански	flǎmaːnski
фламански	flǎmaːnskiː
флатуленција	flatulěntsija
флаута	flǎuta
флаутист	flaǔtist
флаша	flâʃa
флаширати	flaʃǐːrati
флајш	flâjʃ
флебитис	flebǐtis
флегма	flěgma
флегматичан	flegmǎtitʃan
флегматично	flegmǎtitʃno
флек	flêk
флека	flêka
флексибилан	flêksibiːlan
флексибилно	flêksibiːlno
флексија	flěksija
флерт	flêrt
флертовати	flêrtoʋati
флора	flôːra
флорида	flǒrida
флоскула	flôskula
флота	flôta
флувијалан	flûʋijaːlan
флуид	flûiːd
флуидан	flûiːdan
флукс	flûks
флуктуација	fluktuǎːtsija
флуктуирати	fluktuǐːrati
флуор	flǔoːr
флуоресцентан	fluorestsěntan
флуоресценција	fluorestsěntsija
флуорид	fluǒriːd
фоаје	foǎjeː
фобија	fǒbija
фока	fôka
фокус	fǒːkus
фокусирати	fokusǐːrati
фолклор	fǒlkloːr
фолклорист	folklǒrist
фолклористика	folklorǐstika
фондација	fondǎːtsija
фонем	fǒneːm
фонемски	fǒneːmskiː
фонетички	fonětitʃkiː
фонетски	fǒnetskiː
фонограф	fonǒgraf
фонолог	fonǒlog
фонологија	fonolǒgija
фонолошки	fonǒloʃkiː
фонтана	fǒntaːna
форинт	fǒriːnt
форинта	forǐːnta
форма	fôːrma
формалан	fǒrmaːlan
формализам	formalǐzam
формалист	formǎlist
формалистички	formalǐstitʃki
формално	fǒrmaːlno
формалност	formǎːlnoːst
формант	fǒrmant
формација	formǎːtsija
формирали	formiːrali
формирати	formǐːrati
формулација	formulǎːtsija
формулирати	formulǐːrati
фортификација	fortifikǎːtsija
форум	fǒːrum
фосил	fǒsiːl
фосилни	fǒsiːlniː
фосфор	fôsfor
фосфорни	fôsfoːrniː
фотка	fôtka
фотоапарат	fotoapǎraːt
фотогеничан	fotogěnitʃan
фотограф	fotǒgraf
фотографија	fotogrǎfija
фотомонтажа	fotomontǎːʒa
фоторепортажа	fotoreportǎːʒa
фоторепортер	fotorepǒrteːr
фоторобот	fotorǒbot
фотосинтеза	fotosintěːza
фотоћелија	fototɕělija
фрагилан	frâgiːlan
фрагмент	frǎgment
фрагментаран	frâgmentaːran
фразеологија	frazeolǒgija
фрамасон	framǎsoːn
франачки	frânatʃkiː
француз	frǎntsuːz
французи	frˈantsuzi
француска	frǎntsuːskaː
француски	fraːntsuski
француски	frǎntsuːski
француски	frǎntsuːskiː
францускиња	frǎntsuskiɲa
фратар	fraħtär
фратар	frâːtar
фратрицид	fratrǐtsiːd
фрегата	fregǎta
фреквентан	frekʋěntan
френд	frênd
френдица	frênditsa
френетичан	frenětitʃan
фреска	frêska
фриволан	frîʋoːlan
фриволно	frîʋoːlno
фригати	frîgati
фригидан	frǐgiːdan
фрижидер	friʒǐdeːr
фриз	frîːz
фрикатив	frîkatiːʋ
фрикција	frǐktsija
фркати	fřːkati
фронт	frônt
фронталан	frǒntaːlan
фронтално	frǒntaːlno
фруктоза	fruktǒːza
фрустрација	frustrǎːtsija
фрустриран	frǔstriːran
фудбал	fûdbaːl
фудбалер	fudbǎleːr
фукара	fukǎra
фукара	fûkara
фумар	fǔmaːr
фумати	fǔmati
фундаменталан	fûndamentaːlan
фундаментализам	fundamentalǐzam
фундаменталистички	fundamentalǐstitʃkiː
функционалан	fûnktsionaːlan
функционализам	funktsionalǐzam
функционално	fǔnktsionaːlno
функционирати	funktsionǐːrati
функција	fǔnktsija
фунта	fûːnta
фуриозан	fûrioːzan
фуриозно	fûrioːzno
фурнир	fǔrniːr
фурунџија	furǔndʒija
фуснота	fûsnoːta
футур	fǔtuːr
футуризам	futurǐzam
футурист	futǔrist
футуристички	futurǐstitʃki
футуристички	futurǐstitʃkiː
футуристкиња	futǔristkiɲa
фуј	fuj
фјорд	fjôrd
х	x
ха	xâ
хабати	xâbati
хабер	xǎber
хабитат	xabǐtaːt
хаварија	xǎʋaːrija
хавајски	xǎʋaːjskiː
хаг	xâːg
хагиографски	xagiǒgrafski
хагиографски	xagiǒgrafskiː
хадрон	xǎdroːn
хазард	xǎzard
хазардер	xazǎrdeːr
хазардерка	xazǎrdeːrka
хазардни	xǎzardniː
хазена	xazěːna
хазна	xâzna
хазнадар	xaznǎdaːr
хаићански	xaǐːtɕanskiː
хакер	xâker
хаким	xǎkim
халабука	xalǎbuka
халиф	xǎliːf
халка	xâːlka
халуцинантан	xalutsinǎntan
халуцинација	xalutsinǎːtsija
халуцинирати	xalutsinǐːrati
халуциноген	xâlutsinogeːn
хамајлија	xamǎjlija
хамер	xâmer
хаметице	xǎmetitseː
хан	xâːn
ханумица	kanomitsa
ханџар	xǎndʒaːr
хаос	xâos
хаплоидан	xâploiːdan
хапсити	xâpsiti
харамија	xarǎmija
харанга	xǎraːnga
харати	xǎːrati
харач	xǎraːtʃ
хардвер	xârdʋeːr
харинга	xǎriːnga
харлекин	xarlěkiːn
хармоника	xarmǒnika
хармоникаш	xarmonǐkaːʃ
хармоничан	xarmǒnitʃan
хармонија	xǎrmoːnija
хармонијски	xǎrmoːniːjskiː
харпија	xǎrpija
харпун	xǎrpuːn
харпунар	xarpǔnaːr
хартија	xǎrtija
хауба	xǎuba
хаубица	xǎubitsa
хаубички	xǎubitʃkiː
хаустор	xǎustor
хахар	xâxaːr
хашиш	xǎʃiʃ
хашки	xâːʃkiː
хајати	xâjati
хајде	xǎjde
хајдемо	xǎjdemo
хајдмо	xǎjdmo
хајдук	xǎjduːk
хајка	xâːjka
хајмо	xǎjmo
хаљина	xǎʎina
хаџија	xǎdʒija
хвала	xlaːla
хвала	xʋǎːla
хвалисав	xʋalǐsaʋ
хвалисаво	xʋalǐsaʋo
хвалисати	xʋǎlisati
хвалити	xʋǎːliti
хвалиша	xʋǎliʃa
хвалоспев	xʋâlospeːʋ
хвалоспјев	xʋâlospjeːʋ
хвар	xʋâːr
хваранин	xʋǎːranin
хвастав	xʋâstaʋ
хватати	xʋâtati
хватач	xʋǎtaːtʃ
хебрејски	xěbreːjskiː
хегемонија	xegemǒnija
хедонизам	xedonǐzam
хедонист	xedǒnist
хедонистички	xedonǐstitʃki
хедонистички	xedonǐstitʃkiː
хедонисткиња	xedǒnistkiɲa
хексадецималан	xeksadětsimaːlan
хексаметар	xêksametar
хектар	xêktaːr
хектограм	xěktogram
хеликоптер	xelikǒpter
хелиоцентризам	xeliotsentrǐzam
хелијум	kelium
хематологија	xematolǒgija
хемикалија	xemikǎlija
хемичар	xěmitʃaːr
хемичарка	xěmitʃaːrka
хемија	xěːmija
хемијски	xěːmiːjskiː
хемофилија	xemofǐlija
хенотеизам	xenoteǐzam
хералдика	xerǎldika
херетик	xerětik
херметичан	xermětitʃan
херметички	xermětitʃki
херметички	xermětitʃkiː
херметично	xermětitʃno
хероизам	xeroǐzam
хероин	xerǒiːn
хероина	xeroǐːna
херој	xěroːj
херојски	xěroːjski
херојски	xěroːjskiː
херојство	xerǒːjstʋo
херц	xêrts
херцеговац	xěrtsegoʋats
херцеговачки	xěrtsegoʋatʃki
херцеговачки	xěrtsegoʋatʃkiː
херцеговина	xěrtsegoʋina
хетероген	xêterogeːn
хетерогеност	xeterogěːnoːst
хетерозигот	xeterozǐgoːt
хетеросексуалност	xeteroseksuǎːlnoːst
хетеросилабички	xeterosilǎbitʃkiː
хетитски	xětiːtskiː
хефта	xěfta
хећим	xětɕim
хибернација	xibernǎːtsija
хибрид	xǐbriːd
хибридан	xǐbriːdan
хигијена	xigijěːna
хигијеничар	xigijěnitʃaːr
хигијеничарка	xigijěnitʃaːrka
хигијенски	xîgijeːnskiː
хигрометар	xîgrometar
хигроскоп	xîgroskop
хигроскопан	xîgroskopan
хидрат	xǐdraːt
хидрауличан	xidraǔlitʃan
хидраулички	xidraǔlitʃki
хидраулички	xidraǔlitʃkiː
хималаја	ximalǎːja
хималајски	ximǎlaːjskiː
химен	xîːmen
химера	xǐmera
хинди	hindi
хиндуизам	xinduǐzam
хиндуистички	xinduǐstitʃki
хиндуистички	xinduǐstitʃkiː
хипербола	xipěrbola
хиперболичан	xiperbǒlitʃan
хипи	xîpi
хипик	xǐpik
хипноза	xipnǒːza
хипнотизер	xipnotǐzeːr
хиподром	xîpodrom
хипокризија	xipokrǐːzija
хипокрит	xipǒkrit
хипокритски	xipǒkritski
хипокритски	xipǒkritskiː
хипонимија	xiponǐmija
хипотеза	xipotěːza
хипотенуза	xipotenǔːza
хипотетичан	xipotětitʃan
хипотетично	xipotětitʃno
хипотетичност	xipotětitʃnoːst
хипофиза	xipofǐːza
хипохондар	xipoxǒndar
хипохондричан	xipoxǒndritʃan
хир	xîːr
хирагана	xiragǎna
хировит	xirǒʋit
хировито	xirǒʋito
хировитост	xirǒʋitoːst
хирошима	xiroʃǐːma
хиспанистика	xispanǐstika
хистерик	xistěrik
хистеричан	xistěritʃan
хистеричност	xistěritʃnoːst
хистерија	xistěrija
хисторија	xǐstoːrija
хитан	xîtan
хитар	xîtar
хитац	xîtats
хитлеризам	xitlerǐzam
хитлеровски	xǐtleroʋskiː
хитрост	xîtroːst
хихотати	xixǒtati
хијат	xîjaːt
хијацинт	xijǎtsint
хијена	xijěːna
хијерархија	xijerǎrxija
хијерархијски	xijerǎrxiːjski
хијерархијски	xijerǎrxiːjskiː
хијероглиф	xijerǒgliːf
хијероглифски	xijerǒgliːfskiː
хиљадарка	xiʎadǎːrka
хиљаду	xîʎadu
хиџра	xîdʒra
хиџрет	xǐdʒret
хлад	xlâːd
хладан	kladam
хладан	xlǎːdan
хладити	xlǎːditi
хладно	xlǎːdno
хладнокрван	xlâdnokrːʋan
хладнокрвно	xlâdnokrːʋno
хладнокрвност	xladnokřːʋnoːst
хладноратовски	xladnorǎtoʋski
хладноратовски	xladnorǎtoʋskiː
хладноћа	xladnǒtɕa
хладовина	xladǒʋina
хладњак	xlâːdɲaːk
хладњача	xlǎːdɲatʃa
хлапити	xlǎːpiti
хлаче	xlâtʃe
хлеб	xlêb
хлепчић	xlěptʃitɕ
хлорофил	xlorǒfiːl
хмељ	xmêʎ
хоби	xôbi
хобист	xǒbist
хоботница	xǒbotnitsa
ход	xôːd
ходати	xǒːdati
ходач	xǒdaːtʃ
ходајући	xǒːdajuːtɕiː
ходити	xǒditi
ходник	xôdniːk
ходом	xôːdom
ходочасник	xôdotʃasniːk
ходочашће	xôdotʃaʃtɕe
хокеј	xǒkeːj
хокејаш	xokějaːʃ
холандија	xolǎndija
холандски	xǒlandskiː
холанђанин	xolǎːndʑanin
холанђанка	xolǎːndʑaːnka
холистички	xolǐstitʃki
холистички	xolǐstitʃkiː
холограф	xolǒgraf
холокауст	xolokǎust
хомеоморфизам	xomeomorfǐzam
хомеопатија	xomeopǎtija
хомилија	xǒmiːlija
хомоген	xômogeːn
хомогено	xômogeːno
хомогеност	xômogeːnoːst
хомограм	xomǒgram
хомограф	xomǒgraf
хомозигот	xomozǐgoːt
хомозиготан	xomozǐgotan
хомологан	xômologan
хомоним	xomǒniːm
хомониман	xomǒniːman
хомонимија	xomonǐmija
хомосексуалан	xômoseksuaːlan
хомосексуалност	xomoseksuǎːlnoːst
хомофон	xômofoːn
хомофонија	xomofǒnija
хондурас	xônduraːs
хоризонталан	xôrizontaːlan
хоризонтално	xôrizontaːlno
хоризонталност	xorizontǎːlnoːst
хормон	xǒrmoːn
хормона	xormoːna
хормоналан	xôrmonalan
хорна	xôːr̩na
хороз	xôroːz
хороскоп	xôroskop
хороскопски	xôroskopskiː
хортикултура	xortikultǔːra
хостеса	xostěsa
хотел	xǒtel
хотелијер	xotelǐjeːr
хотелски	xǒtelskiː
хотентотски	xotěntoːtskiː
хотимице	xôtimitseː
хотимичан	xôtimitʃan
хотимично	xôtimitʃno
хохштаплер	xǒxʃtapler
хоџа	xôdʒa
храбар	xrǎːbar
храбрити	xrǎːbriti
храбро	xrâːbro
храброст	xrabros
храброст	xrǎːbroːst
храм	xrâːm
храна	xrǎːna
хранидба	xrǎnidba
хранилац	xrǎnilats
хранитељ	xrǎniteʎ
хранитељица	xranitěʎitsa
хранитељка	xrǎniteːʎka
хранити	xrǎːniti
храпав	xrâpaʋ
храпаво	xrâpaʋo
храпавост	xrâpaʋoːst
храст	xrâːst
храстик	xrǎstiːk
храстов	xrǎstoʋ
храстовина	xrǎstoʋina
храњив	xrǎɲiʋ
храњивост	xrǎɲiʋoːst
хрбат	xr̂bat
хрвати	xr̂ʋati
хрватица	xr̩ʋǎtitsa
хрватски	xrvatski
хрватски	xřʋaːtski
хрватски	xřʋaːtskiː
хрвачки	xřʋaːtʃki
хрвачки	xřʋaːtʃkiː
хрен	xrên
хреновка	xrěnoːʋka
хрестоматија	xrestomǎtija
хрид	xrîːd
христа	xrˈista
христаделфијан	kristadělfijaːn
христаделфијански	kristadelfǐjaːnski
христаделфијански	kristadelfǐjaːnskiː
хришћански	xrǐʃtɕaːnski
хришћански	xrǐʃtɕaːnskiː
хришћанство	xrǐʃtɕaːnstʋo
хркати	xřːkati
хркнути	xřːknuti
хром	xrôm
хром	xrɔm
хромо	xrômo
хромост	xrômoːst
хроника	xrǒnika
хроничан	xrǒnitʃan
хроничар	xrǒnitʃaːr
хронолошки	xronǒloʃki
хронолошки	xronǒloʃkiː
хрпа	xřpa
хрс	xr̂ːs
хрскав	xr̂skaʋ
хрт	xr̂t
хрушт	xrûːʃt
хршум	xr̂ʃum
хтели	xtɛli
хтети	xtêti
хтење	xteːɲe
хтијење	xtîjeːɲe
хтјети	xtjêti
худ	xûːd
хук	xûːk
хулиган	xûligaːn
хулигански	xûligaːnskiː
хулитељ	xǔliteʎ
хулити	xǔːliti
хулник	xûːlniːk
хум	xûːm
хумак	xûmak
хуман	xûmaːn
хуманизам	xumanǐzam
хуманистички	xumanǐstitʃki
хуманистички	xumanǐstitʃkiː
хуманитаран	xûmanitaːran
хумано	xûmaːno
хуманост	xûmaːnoːst
хумор	xumɔ̞r
хумор	xǔmor
хуморан	xǔmoːran
хумореска	xumorěska
хумористичан	xumorǐstitʃan
хумористички	xumorǐstitʃki
хумористички	xumorǐstitʃkiː
хумористичност	xumorǐstitʃnoːst
хумус	xǔːmus
хунта	xûːnta
хурикан	xûrikan
хурија	xûːrija
хусар	xûsaːr
хусит	xǔsiːt
хуситски	xǔsiːtskiː
хучан	xǔːtʃan
хушкати	xûʃkati
хушкач	xǔʃkaːtʃ
хуља	xûʎa
хљеб	xʎêb
хљепчић	xʎěptʃitɕ
ц	ts
цака	tsǎːka
цаклити	tsǎkliti
цакло	tsǎklo
цапин	tsǎpiːn
цар	tsâr
царев	tsâreʋ
царевић	tsâreʋitɕ
царевна	tsâreːʋna
цариград	tsǎrigraːd
цариградски	tsǎrigradskiː
царина	tsârina
царинарница	tsarinǎːrnitsa
цариник	tsâriniːk
царинички	tsârinitʃkiː
царински	tsârinskiː
царица	tsâritsa
царичин	tsâritʃiːn
царски	tsâːrski
царски	tsâːrskiː
царство	tsâːrstʋo
цајтнот	tsâjtnot
цајхнати	tsǎjxnati
цвасти	tsʋâsti
цват	tsʋâːt
цвет	tsvˈe
цветак	tsʋěːtak
цветати	tsʋětati
цветни	tsʋětniː
цвећар	tsʋětɕaːr
цвећарство	tsʋetɕǎːrstʋo
цвеће	tsʋêːtɕe
цвилеж	tsʋǐːleʒ
цвилити	tsʋǐːliti
цвијетак	tsʋijěːtak
цвијеће	tsʋijêːtɕe
цвиљети	tsʋǐːʎeti
цвокотати	tsʋokǒtati
цвркутати	tsʋrkǔtati
цврчак	tsʋřːtʃak
цвјетати	tsʋjětati
цвјетни	tsʋjětniː
цвјећар	tsʋjětɕaːr
цвјећарство	tsʋjetɕǎːrstʋo
цев	tsêːʋ
цевка	tsêːʋka
цевни	tsêːʋniː
цевовод	tsêʋoʋoːd
цевчица	tsěʋtʃitsa
цедуља	tsêduʎa
целебритет	tselebrǐteːt
целер	tsêler
целибат	tselǐbaːt
целивати	tselǐːʋati
целина	tselǐna
целити	tsěːliti
целов	tsěloʋ
целовит	tselǒʋit
целокупан	tselǒkupan
целокупно	tselǒkupno
целост	tsěːloːst
целофан	tselǒfaːn
целулоза	tselulǒːza
целулоид	tselulǒiːd
цемент	tsěment
цементирати	tsementǐːrati
цена	tsěːna
цензор	tsênzor
цензура	tsenzǔːra
ценити	tsěːniti
ценкати	tsenkati
цент	tsênt
центар	tsêntar
центарфор	tsêntarfoːr
центилитар	tsěntilitar
центиметар	tsěntimetar
централизам	tsentralǐzam
централизација	tsentralizǎːtsija
централни	tsěntraːlniː
центрифуга	tsentrifǔːga
центрифугалан	tsentrifǔgaːlan
центурион	tsenturǐoːn
центурија	tsěntuːrija
цео	tsêo
цеп	tsêːp
цепати	tsěːpati
цепелин	tsepěliːn
цепидлака	tsepǐdlaka
цепидлачити	tsepǐdlatʃiti
цепити	tsěːpiti
цепкати	tsêpkati
цепнути	tsêpnuti
цепљен	tsêːpʎen
цер	tsêr
цербер	tsêrber
церекати	tserěkati
церемонија	tseremǒnija
церемонијал	tseremonǐjaːl
церемонијалан	tsêremonijaːlan
церемонијално	tsêremonijaːlno
церити	tsêriti
церовина	tsěroʋina
цертификат	tsertifǐkaːt
цертифициран	tsertifǐtsiːran
цесар	tsêsaːr
цестарина	tsestǎrina
цестовни	tsěstoːʋniː
цетињанин	tsetǐːɲanin
цетиње	tsětiɲe
цех	tsêx
цејлон	tsějloːn
цењен	tsêːɲen
цењкати	tseɲkati
цивилизација	tsiʋilizǎːtsija
цивилизацијски	tsiʋilizǎːtsiːjskiː
цивилизиран	tsiʋilǐziːran
цивилизираност	tsiʋilǐziːranoːst
цивилизован	tsiʋilǐzoʋaːn
цивилни	tsǐʋiːlniː
циганин	tsîganin
циганити	tsigǎːniti
циганка	tsîgaːnka
цигански	tsîganski
цигански	tsîganskiː
цигара	tsigǎːra
цигарета	tsigarěta
цигарета	zˈigaretˈa
цигла	tsǐːgla
циглар	tsǐglaːr
циклама	tsiklǎːma
цикличан	tsǐklitʃan
циклички	tsǐklitʃki
циклички	tsǐklitʃkiː
циклон	tsǐkloːn
циклона	tsiklǒːna
циклус	tsǐklus
цилиндар	tsilǐndar
цилиндричан	tsilǐndritʃan
цимати	tsîmati
цимер	tsîmer
цимерица	tsîmeritsa
цимет	tsǐmet
цимнути	tsîmnuti
цинабарит	tsiːnabaːɾit
цинизам	tsinǐzam
циник	tsǐnik
циничан	tsǐnitʃan
цинички	tsǐnitʃki
цинички	tsǐnitʃkiː
цинк	tsînk
цинк	θink
цио	tsîo
ционизам	tsionǐzam
ципела	tsipɛla
ципела	tsǐpela
циркон	tsǐrkoːn
циркулација	tsirkulǎːtsija
циркус	tsǐrkus
циркусант	tsirkǔsant
циркусантица	tsirkǔsantitsa
циркусантски	tsirkǔsantski
циркусантски	tsirkǔsantskiː
циркуски	tsǐrkuskiː
циста	tsîsta
цистерна	tsǐsteːrna
цитологија	tsitolǒgija
цитоплазма	tsitoplǎzma
цитра	tsîtra
циферблат	tsǐferblat
цифра	tsîfra
циција	tsǐtsija
цича	tsîtʃa
цијев	tsijêːʋ
цијевка	tsijêːʋka
цијевни	tsijêːʋniː
цијел	tsijêːl
цијелити	tsijěːliti
цијелост	tsijěːloːst
цијена	tsijěːna
цијенити	tsijěːniti
цијеп	tsijêːp
цијеп	tsîːjep
цијепати	tsijěːpati
цијепити	tsijěːpiti
цијепљен	tsijêːpʎen
цијеђ	tsijêːdʑ
цијењен	tsijêːɲen
цијећ	tsijêtɕ
циљ	tsiːl
циљ	tsîːʎ
циљан	tsîːʎan
циљати	tsǐːʎati
цокл	tsǒkl
цол	tsôːl
црвен	tsr̂ʋeːn
црвен	tsřʋen
црвена	tsɛrvɛna
црвендаћ	tsrʋěndaːtɕ
црвенити	tsrʋěniti
црвенкаст	tsr̩ʋěnkast
црвенокос	tsrʋenǒkos
црвенперка	tsrʋěnpeːrka
црвењети	tsrʋěɲeti
црвоточина	tsr̩ʋotǒtʃina
црвоједина	tsrʋǒjedina
цревни	tsrêːʋniː
црево	tserevo
цревља	tsrêʋʎa
цријевни	tsrijêːʋniː
цријево	tsrijěːʋo
цркавати	tsrkǎːʋati
црквен	tsřkʋen
црквенословенски	tsr̩kʋenoslǒʋenskiː
црквењак	tsrkʋěɲaːk
цркнути	tsr̂knuti
црнa	tsrnɨ
црнo	tsɯrɯnɯ
црначки	tsřnatʃki
црначки	tsřnatʃkiː
црнети	tsřːneti
црногорац	tsr̩nǒgorats
црногорица	tsrnogǒritsa
црногорични	tsrnogǒritʃniː
црногорски	tsr̩nǒgorskiː
црнокос	tsr̩nǒkos
црнокошуљаш	tsrnokoʃǔʎaːʃ
црноморски	tsr̂nomorskiː
црноок	tsrnǒok
црноризац	tsrnorǐːzats
црнчити	tsr̂ːntʃiti
црњети	tsřːɲeti
црћи	tsr̂tɕi
цунами	tsunǎːmi
цура	tsûra
цурити	tsǔːriti
цјевовод	tsjêʋoʋoːd
цјевчица	tsjěʋtʃitsa
цјеливати	tsjelǐːʋati
цјелина	tsjelǐna
цјелов	tsjěloʋ
цјеловит	tsjelǒʋit
цјелокупан	tsjelǒkupan
цјелокупно	tsjelǒkupno
цјеник	tsjěniːk
цјенкати	tsjenkati
цјепидлака	tsjepǐdlaka
цјепидлачити	tsjepǐdlatʃiti
цјепкати	tsjêpkati
цјепнути	tsjêpnuti
ч	tʃ
чавка	tʃâːʋka
чавчји	tʃâʋtʃjiː
чагаљ	tʃǎgaʎ
чад	tʃâːd
чадор	tʃâdor
чак	tʃâk
чакавац	tʃǎːkaʋats
чакавизам	tʃakaʋǐzam
чакавка	tʃǎːkaːʋka
чакавски	tʃǎːkaʋski
чакавски	tʃǎːkaʋskiː
чакавштина	tʃakǎːʋʃtina
чакшире	tʃǎkʃire
чакља	tʃâkʎa
чалабрцнути	tʃalabřːtsnuti
чам	tʃâm
чама	tʃǎːma
чамац	tʃǎːmats
чамити	tʃǎːmiti
чамотиња	tʃamǒtiɲa
чамџија	tʃǎmdʒija
чап	tʃap
чап	tʃâp
чар	tʃâːr
чарапа	tʃǎrapa
чарапе	tʃaːrɑpe
чарати	tʃǎːrati
чардаш	tʃârdaːʃ
чарн	tʃarn
чаробан	tʃâroban
чаробно	tʃârobno
чаробњак	tʃarǒbɲaːk
чаролија	tʃarǒlija
чаршав	tʃǎrʃaʋ
чаршаф	tʃǎrʃaf
чаршија	tʃǎrʃija
час	ʃas
часком	tʃâskom
часник	tʃâːsniːk
часно	tʃâsno
часовит	tʃasǒʋit
часовник	tʃǎsoːʋniːk
часом	tʃâsom
часопис	tʃâsopiːs
часописа	tʃasapisa
часослов	tʃâsosloʋ
част	tʃâːst
частан	tʃâstan
части	tʃastɪ
частохлепан	tʃâstoxlepan
частољубив	tʃastoʎǔbiʋ
частољубље	tʃâstoʎuːbʎe
чауш	tʃâuːʃ
чахура	tʃǎxura
чахурити	tʃǎxuriti
чаша	tʃâʃa
чађ	tʃâːdʑ
чађа	tʃâdʑa
чађав	tʃâdʑaʋ
чађавити	tʃâdʑaʋiti
чађавост	tʃâdʑaʋoːst
чађити	tʃâdʑiti
чајник	tʃâːjniːk
чварак	tʃʋǎːrak
чвор	tʃʋôːr
чворак	tʃʋǒːrak
чворнат	tʃʋôrnat
чворуга	tʃʋǒruga
чврстина	tʃʋr̩stǐna
чврстих	tʃurɛstix
чврсторукаш	tʃʋr̩storǔkaːʃ
чврстоћа	tʃʋr̩stǒtɕa
чег	tʃêg
чега	tʃěga
чедан	tʃêdan
чедност	tʃêdnoːst
чедоморка	tʃedǒmoːrka
чедоморство	tʃedomǒːrstʋo
чезнути	tʃêznuti
чек	tʃêk
чекалац	tʃêkalats
чекаоница	tʃekaǒːnitsa
чекати	tʃakati
чекати	tʃêkati
чекирати	tʃekirati
чекић	tʃěkitɕ
чекмеџе	tʃekmědʒe
чекрк	tʃěkrk
чекрк	tʃɛkrk
челик	tʃělik
челичити	tʃělitʃiti
челични	tʃělitʃniː
челник	tʃêːlniːk
чело	tʃělo
чем	tʃêm
чемерика	tʃeměrika
чемпрес	tʃěmpres
чему	tʃěmu
чено	tʃěno
чеони	tʃêoniː
чеп	tʃêp
чепркати	tʃepřkati
черга	tʃêːrga
черпић	tʃɛrpitɕ
чесан	tʃěsan
чесмина	tʃěsmina
чесно	tʃěsno
чест	tʃêːst
честар	tʃěstaːr
честит	tʃěstit
честитати	tʃestǐːtati
честито	tʃěstito
честица	tʃěstitsa
често	tʃêːsto
чета	tʃêta
четверокут	tʃêtʋerokuːt
четвероношке	tʃetʋerǒnoʃkeː
четворица	tʃetʋǒritsa
четворка	tʃětʋoːrka
четврти	tʃɛtˈvɛrti
четвртфинале	tʃetʋrtfinǎːle
четници	tʃɛtnitsi
чех	tʃêx
чехати	tʃěxati
чехно	tʃêxno
чехословачка	tʃexoslǒʋaːtʃkaː
чехословачки	tʃexoslǒʋaːtʃkiː
чехуља	tʃěxuʎa
чешати	tʃěʃati
чешаљ	tʃêʃaʎ
чешањ	tʃêʃaɲ
чешка	tʃêʃkaː
чешки	tʃêʃkiː
чешљугар	tʃěʃʎugaːr
чешњак	tʃěʃɲaːk
чешће	tʃêʃtɕe
чељад	tʃêʎaːd
чељаде	tʃeʎǎːde
чиjе	tʃiɛ
чивит	tʃǐʋit
чивија	tʃǐʋija
чизма	tʃîzma
чилаш	tʃǐlaːʃ
чиле	tʃîle
чилеанац	tʃileǎːnats
чилеански	tʃilěaːnskiː
чим	tʃîːm
чиме	tʃǐːme
чин	tʃîːn
чинилац	tʃǐnilats
чиниле	tɕinile
чинити	tʃǐniti
чинија	tʃeˈnija
чиновник	tʃinǒʋniːk
чиновница	tʃinǒʋnitsa
чиновничин	tʃinǒʋnitʃin
чиновништво	tʃinoʋnǐːʃtʋo
чип	tʃîp
чипка	tʃîpka
чир	tʃîr
чирак	tʃǐraːk
число	tʃǐːslo
чист	tʃîst
чистач	tʃiːitatʃ
чистач	tʃǐstaːtʃ
чистилац	tʃǐstilats
чистити	tʃîstiti
чистка	tʃîstka
чисто	tʃîsto
чистост	tʃîstoːst
чистота	tʃistǒta
чистоћа	tʃistǒtɕa
читав	tʃîtaʋ
читавој	tʃitavoj
читак	tʃîtak
читанка	tʃǐtaːnka
читаоница	tʃitaǒːnitsa
читати	tʃǐtati
читање	tʃǐtaːɲe
читко	tʃîtko
читљив	tʃǐtʎiʋ
чифут	tʃǐfut
чифутин	tʃǐfutin
чихати	tʃǐxati
чичак	tʃǐːtʃak
чија	tʃǐja
чијати	tʃǐjati
чији	tʃǐjiː
чињеница	tʃîɲenitsa
чињеничан	tʃîɲenitʃan
члан	tʃlâːn
чланак	tʃlǎːnak
чланица	tʃlǎnitsa
чланство	tʃlǎnstʋo
чмар	tʃmâːr
чмарни	tʃmâːrniː
чобан	tʃǒban
човек	tʃoˈvɛk
човек	tʃôʋek
човекољубац	tʃoʋekoʎǔːbats
човекољубив	tʃoʋekoʎǔbiʋ
човечан	tʃôʋetʃan
човечанство	tʃoʋetʃǎnstʋo
човечност	tʃôʋetʃnoːst
човечуљак	tʃoʋetʃǔːʎak
човечји	tʃôʋetʃjiː
човјек	tʃôʋjek
човјекољубац	tʃoʋjekoʎǔːbats
човјекољубив	tʃoʋjekoʎǔbiʋ
човјечан	tʃôʋjetʃan
човјечанство	tʃoʋjetʃǎnstʋo
човјечност	tʃôʋjetʃnoːst
човјечуљак	tʃoʋjetʃǔːʎak
човјечји	tʃôʋjetʃjiː
чоколада	tʃokolǎːda
чоколадни	tʃôkolaːdniː
чокот	tʃôkot
чонград	tʃɔngrad
чопор	tʃôpor
чорба	tʃǒːrba
чоха	tʃǒxa
чојство	tʃǒːjstʋo
чреда	tʃrěːda
чредо	tʃrěːdo
чрез	tʃrêz
чувар	tʃǔʋaːr
чуваркућа	tʃuʋǎrkutɕa
чувати	tʃuɫvatɛ
чувати	tʃǔːʋati
чувен	tʃǔʋen
чувство	tʃǔːʋstʋo
чудак	tʃǔdaːk
чудан	tʃudɛn
чудан	tʃûdan
чудесан	tʃûdesan
чудесно	tʃûdesno
чудесност	tʃûdesnoːst
чудити	tʃûditi
чуднo	tʃudnˈo
чудно	tʃûdno
чудноват	tʃûdnoʋaːt
чудновато	tʃûdnoʋaːto
чудо	tʃuto
чудо	tʃûdo
чудовишан	tʃûdoʋiːʃan
чудовишно	tʃûdoʋiːʃno
чудовиште	tʃûdoʋiːʃte
чудотворан	tʃûdotʋoːran
чудотворац	tʃudotʋǒːrats
чудотворка	tʃûdotʋoːrka
чудотворно	tʃûdotʋoːrno
чука	tʃûka
чула	tʃula
чуло	tʃǔːlo
чунак	tʃûnak
чунак	tʃǔːnak
чуо	tʃu˥˩
чупав	tʃûpaʋ
чупавост	tʃûpaʋoːst
чупати	tʃǔpati
чуперак	tʃupěːrak
чути	tʃûti
чутура	tʃǔtura
чучавац	tʃǔːtʃaʋats
чучати	tʃǔːtʃati
чучањ	tʃûːtʃaɲ
чучнути	tʃûtʃnuti
чуђење	tʃûdʑeːɲe
чујан	tʃûːjan
чујно	tʃûːjno
чују	tʂuju
ша	ʃâ
ша̀ма̄н	ʃamɑn
шабан	ʃǎbaːn
шабац	ʃabˈat
шаблон	ʃablon
шаблона	ʃablǒːna
шаблонски	ʃǎbloːnski
шав	ʃâʋ
шака	ʃak
шака	ʃâka
шакал	ʃâkal
шал	ʃaɾ
шал	ʃâl
шала	ʃǎːla
шалабахтер	ʃalabǎxter
шалваре	ʃǎlʋare
шалити	ʃâliti
шалица	ʃâlitsa
шалмај	ʃǎlmaːj
шалсфинга	ʃǎlsfinga
шалтер	ʃǎlter
шалтунг	ʃǎltung
шалунг	ʃǎlung
шаман	ʃǎmaːn
шаманизам	ʃamanǐzam
шамар	ʃǎmar
шамарати	ʃamǎrati
шамарчина	ʃamǎrtʃina
шамија	ʃǎːmija
шампањац	ʃampǎːɲats
шампањски	ʃǎmpaɲskiː
шампион	tʃampion
шампион	ʃampǐoːn
шампионски	ʃampǐoːnski
шампионски	ʃampǐoːnskiː
шампон	ʃǎmpoːn
шанац	ʃânats
шанк	ʃânk
шапа	ʃǎːpa
шапат	ʃâpaːt
шапка	ʃâpka
шапнути	ʃǎpnuti
шаптати	ʃaptat̪e
шаптати	ʃǎptati
шаптач	ʃǎptaːtʃ
шапутати	saputati
шапутати	ʃapǔtati
шар	ʃâːr
шара	ʃaɾa
шара	ʃǎːra
шарати	ʃǎːrati
шараф	ʃǎraːf
шаргарепа	ʃargarěːpa
шарен	ʃǎren
шареница	ʃarěnitsa
шарка	ʃaːrka
шарлатан	ʃarlǎtaːn
шарлатанство	ʃarlatǎːnstʋo
шарлах	ʃǎrlax
шарм	ʃârm
шармантан	ʃarmǎntan
шармер	ʃǎrmeːr
шармирати	ʃarmǐːrati
шарнир	ʃǎrniːr
шаролик	ʃarǒlik
шатирати	ʃatǐːrati
шатор	ʃâtor
шатровачки	ʃâtroʋatʃkiː
шаум	ʃǎum
шаумгума	ʃǎumguma
шаумрола	ʃǎumrola
шаумшнита	ʃǎumʃnita
шаф	ʃâf
шафран	ʃǎfran
шах	ʃâx
шахин	ʃǎːxin
шахист	ʃǎxist
шаховски	ʃǎxoʋskiː
шачица	ʃâtʃitsa
шаш	ʃâːʃ
шашав	ʃâʃaʋ
шашаво	ʃâʃaʋo
шајба	ʃâːjba
шаљив	ʃǎʎiʋ
шаљивац	ʃǎʎiʋats
шаљивица	ʃǎʎiʋitsa
шаљиво	ʃǎʎiʋo
шаљивост	ʃǎʎiʋoːst
шаљивчина	ʃaʎǐʋtʃina
шаљивџија	ʃaʎǐʋdʒija
швапски	ʃʋâpski
швапски	ʃʋâpskiː
шваља	ʃʋâʎa
швед	ʃʋêd
шведска	ʃʋêdskaː
шведски	ʃʋêdskiː
шверц	ʃʋêrts
швеђанин	ʃʋěːdʑanin
швеља	ʃʋêʎa
швицарски	ʃʋîtsarskiː
шврака	ʃʋrâka
швракопис	ʃʋrâkopiːs
шева	ʃěːʋa
шевал	ʃěʋaːl
шегрт	ʃěgrt
шездесет	ʃezděseːt
шекспиријански	ʃekspirǐjaːnskiː
шекспиролог	ʃekspirǒlog
шекспирски	ʃěkspiːrskiː
шел	ʃêl
шелак	ʃêlak
шелесхамер	ʃělesxamer
шелит	ʃěliːt
шелман	ʃêlman
шелф	ʃêlf
шема	ʃěːma
шематизам	ʃematǐzam
шематски	ʃěmatski
шематски	ʃěmatskiː
шенгајст	ʃêːngajst
шенити	ʃěːniti
шенкати	ʃênkati
шепав	ʃêpaʋ
шепавац	ʃêpaʋats
шепати	ʃêpati
шербе	ʃěrbe
шербет	ʃěrbet
шерпа	ʃěːrpa
шестар	ʃěstaːr
шестерац	ʃestěːrats
шести	ʃɛsti
шестина	ʃěstina
шестица	ʃěstitsa
шестињанин	ʃestǐɲanin
шесто	ʃɛsto
шестопер	ʃestǒper
шесторица	ʃestǒritsa
шесторо	ʃêstoro
шестосједалница	ʃestosjědaːlnitsa
шестојануарски	ʃestojǎnuaːrskiː
шетати	ʃěːtati
шетач	ʃětaːtʃ
шетачки	ʃětaːtʃki
шетачки	ʃětaːtʃkiː
шетња	ʃěːtɲa
шеф	ʃêf
шефља	ʃêfʎa
шехер	ʃêxer
шехерезада	ʃexerezǎːda
шешир	ʃěʃiːr
шеширина	ʃeʃǐrina
шеширић	ʃeʃǐritɕ
шеширчина	ʃeʃǐrtʃina
шеширџија	ʃeʃǐrdʒija
шешула	ʃêʃula
шејтан	ʃe̞jtæn
шејтан	ʃěːjtaːn
шећер	ʃětɕer
шећерана	ʃetɕerǎna
шећерни	ʃětɕeːrniː
шиб	ʃîːb
шиба	ʃîba
шибати	ʃǐːbati
шибедах	ʃǐːbedax
шибер	ʃǐːber
шибица	ʃîbitsa
шивати	ʃǐːʋati
шизма	ʃîzma
шизофренија	ʃizofrěnija
шикана	ʃikǎna
шикати	ʃîkati
шикати	ʃǐːkati
шилер	ʃǐler
шилт	ʃîlt
шилтерица	ʃîlteritsa
шилткапа	ʃîltkapa
шимпанза	ʃimpǎnza
шимшир	ʃǐmʃir
шина	ʃîna
шинделбратен	ʃǐndelbraːten
шиндра	ʃîːndra
шинкенвуршт	ʃǐnkenʋurʃt
шинобус	ʃînobus
шинтер	ʃîːnter
шипан	ʃǐpan
шипанац	ʃipǎːnats
шипански	ʃǐpanskiː
шипарац	ʃipǎːrats
шипарица	ʃipǎritsa
шипка	ʃîpka
шипков	ʃǐːpkoʋ
шипражје	ʃǐpraːʒje
шиптар	ʃîptar
шиптар	ʃîptaːr
шиптарски	ʃîptarskiː
шира	ʃǐra
ширајзл	ʃirǎjzl
ширење	ʃǐːreːɲe
ширилац	ʃǐrilats
ширина	ʃirǐna
ширити	ʃǐːriti
ширм	ʃîrm
широк	ʃiɾok
широк	ʃǐrok
широко	ʃirǒko
широкогрудан	ʃirokǒgrudan
широкогрудно	ʃirokǒgrudno
широкогрудност	ʃirokǒgrudnoːst
широм	ʃǐːrom
ширцењегер	ʃǐrtseɲeːger
ширцл	ʃǐrtsl
шити	ʃîti
шиф	ʃîf
шифкарта	ʃîfkaːrta
шифра	ʃîfra
шихта	ʃîxta
шихтеншрајбер	ʃǐxtenʃraːjber
шица	ʃîtsa
шица	ʃǐtsa
шишати	ʃǐːʃati
шиштав	ʃîʃtaʋ
шиштати	ʃǐːʃtati
шија	ʃîja
шиљ	ʃîːʎ
шиљак	ʃǐːʎak
шиљаст	ʃîʎast
шиљат	ʃîʎat
шиљбок	ʃǐʎbok
шиљег	ʃǐʎeg
шиљило	ʃǐʎilo
шиљити	ʃǐːʎiti
шиљка	ʃîːʎka
шиљчић	ʃǐʎtʃitɕ
шињорина	ʃiɲǒriːna
шићија	ʃǐtɕija
шкамп	ʃkâːmp
шкаре	ʃkâre
шкатула	ʃkǎtula
шкатуља	ʃkǎtuʎa
шкаф	ʃkâf
шкафетин	ʃkafětiːn
шквадра	ʃkʋâdra
шкембе	ʃkěmbe
шкиц	ʃkîts
шкиљити	ʃkǐːʎiti
шкода	ʃkôda
шкодан	ʃkôdan
шкодити	ʃkôditi
шкодљив	ʃkǒdʎiʋ
шкодљиво	ʃkǒdʎiʋo
школа	ʃkôːla
школа	ʃkɔla
школарина	ʃkolǎrina
школовати	ʃkôloʋati
школовање	ʃkôloʋaːɲe
школски	ʃkǒlski
школски	ʃkǒlskiː
школство	ʃkǒlstʋo
шкопити	ʃkǒpiti
шкорпион	ʃkorpǐoːn
шкот	ʃkôt
шкоткиња	ʃkôtkiɲa
шкотска	ʃkôtskaː
шкотски	ʃkôtskiː
шкољка	ʃkôːʎka
шкољкаст	ʃkôʎkast
шкољкаш	ʃkǒʎkaːʃ
шкрга	ʃkr̂ga
шкргут	ʃkr̂guːt
шкргутати	ʃkrgǔtati
шкрипа	ʃkrîpa
шкрипац	ʃkrǐpats
шкрипити	ʃkrǐpiti
шкрипнути	ʃkrǐːpnuti
шкриљац	ʃkrǐːʎats
шкриња	ʃkrîɲa
шкробило	ʃkrǒbilo
шкробити	ʃkrǒbiti
шкрт	ʃkr̂t
шкртарити	ʃkrtǎːriti
шкрто	ʃkr̂to
шкртост	ʃkr̂toːst
шкуна	ʃkûna
шкурија	ʃkǔrija
шлабекати	ʃlaběːkati
шлаг	ʃlâːg
шлагворт	ʃlǎgʋort
шлагер	ʃlǎːger
шлагфертиг	ʃlâːgfertig
шлампав	ʃlâmpaʋ
шлапа	ʃlâpa
шлаух	ʃlâux
шлафхемд	ʃlâːfxemd
шлафцимер	ʃlâːftsimer
шлајдрати	ʃlâːjdrati
шлајер	ʃlâjer
шлајм	ʃlâjm
шлајпек	ʃlǎjpek
шлајфа	ʃlâːjfa
шлајфати	ʃlâjfati
шлезија	ʃlêːzija
шлем	ʃlêm
шлеп	ʃlêp
шлепати	ʃlêpati
шлепер	ʃlêper
шлептрегерица	ʃleptrěːgeritsa
шлеска	ʃlêskaː
шлески	ʃlêskiː
шлинга	ʃlîːnga
шлиф	ʃlîf
шлифер	ʃlǐfer
шлиц	ʃlîts
шличуха	ʃlǐtʃuxa
шлогати	ʃlǒːgati
шлосер	ʃlôser
шлук	ʃlûk
шлус	ʃlûs
шмарн	ʃmârn
шмајсер	ʃmǎjser
шмајхлати	ʃmâjxlati
шмекер	ʃmêker
шмеркифел	ʃmêːrkifel
шминка	ʃmîːnka
шмир	ʃmîːr
шмирвуршт	ʃmîːrʋurʃt
шмиргл	ʃmǐrgl
шмокљан	ʃmǒkʎan
шмрк	ʃmr̂ːk
шмркати	ʃmřːkati
шмркаљ	ʃmr̂kaʎ
шмркнути	ʃmřːknuti
шмрктати	ʃmřktati
шмуглер	ʃmûgler
шмук	ʃmûk
шмуц	ʃmûts
шнала	ʃnaːla
шнала	ʃnǎːla
шнапс	ʃnâps
шнауцер	ʃnǎutser
шнајдер	ʃnâjder
шнајцер	ʃnǎjtser
шнелфотограф	ʃnelfotogrâf
шнелцуг	ʃnêltsuːg
шнешлагер	ʃnêːʃlaːger
шнешуе	ʃnêːʃue
шнирати	ʃnǐːrati
шнит	ʃnît
шнита	ʃnîta
шнитлах	ʃnîtlax
шнитлинг	ʃnîtling
шнитхолц	ʃnîtxolts
шницл	ʃnǐtsl
шнорер	ʃnǒːrer
шноркл	ʃnǒrkl
шну	ʃnûː
шнур	ʃnûːr
шнурбарт	ʃnûːrbaːrt
шнурбартхелтер	ʃnûːrbaːrtxelter
шовинизам	ʃoʋinǐzam
шовинистички	ʃoʋinǐstitʃki
шовинистички	ʃoʋinǐstitʃkiː
шогор	ʃôːgor
шогорица	ʃogǒritsa
шогун	ʃoguŋ
шодер	ʃǒːder
шок	ʃôk
шокантан	ʃokǎntan
шокантно	ʃokǎntno
шокац	ʃǒkats
шокирати	ʃokǐːrati
шол	ʃôːl
шопати	ʃôpati
шопинг	ʃǒping
шос	ʃôs
шоу	ʃôu
шофер	ʃǒfeːr
шоц	ʃôts
шоштар	ʃôʃtaːr
шојка	ʃôːjka
шоља	ʃolʲa
шоља	ʃǒːʎa
шпага	ʃpǎːga
шпада	ʃpâːda
шпалир	ʃpǎliːr
шпанати	ʃpânati
шпанац	ʃpǎːnats
шпанга	ʃpâːnga
шпандле	ʃpǎndle
шпанија	ʃpâːnija
шпанијел	ʃpǎnijel
шпановић	ʃpanɔvitɕ
шпански	ʃpâːnskiː
шпанунг	ʃpǎnung
шпанци	ʃtantsi
шпанцирати	ʃpantsǐːrati
шпарати	ʃpǎːrati
шпаркаса	ʃpâːrkasa
шпармајстор	ʃpǎːrmaːjstor
шпарога	ʃpǎroga
шпарта	ʃpâːrta
шпархет	ʃpǎrxet
шпахтл	ʃpǎxtl
шпахтла	ʃpǎxtla
шпациршток	ʃpatsîːrʃtok
шпајз	ʃpâjz
шпајза	ʃpâjza
шпајзеваген	ʃpǎjzeʋaːgen
шпајскарта	ʃpâjskarta
шпајсцимер	ʃpâjstsimer
шпајхл	ʃpǎjxl
шпајхла	ʃpǎjxla
шпањолац	ʃpaɲǒːlats
шпањолска	ʃpǎɲoːlskaː
шпањолски	ʃpǎɲoːlskiː
шпањур	ʃpǎɲuːr
шпедиција	ʃpedǐːtsija
шпек	ʃpêk
шпеквуршт	ʃpêkʋurʃt
шпекулант	ʃpekǔlant
шпекулација	ʃpekulǎːtsija
шпелунка	ʃpěluːnka
шпенадл	ʃpênaːdl
шпера	ʃpěːra
шперплоча	ʃpěrplotʃa
шперхакл	ʃpêrxakl
шперхолц	ʃpěrxolts
шперштунде	ʃpêːrʃtunde
шпецерај	ʃpetsěraj
шпигелхолц	ʃpǐːgelxolts
шпигл	ʃpǐːgl
шпикати	ʃpîkati
шпил	ʃpîl
шпилкарта	ʃpîːlkaːrta
шпилцимер	ʃpîːltsimer
шпилшул	ʃpîːlʃuːl
шпинат	ʃpǐnaːt
шпинати	ʃpînati
шпирит	ʃpǐrit
шписбиргер	ʃpîːsbirger
шписер	ʃpǐːser
шпиц	ʃpîts
шпицанге	ʃpîtsaːnge
шпицбарт	ʃpîtsbaːrt
шпицл	ʃpǐtsl
шпицнаме	ʃpîtsnaːme
шпиццанге	ʃpîtstsaːnge
шпијати	ʃpǐjati
шпијун	ʃpǐjuːn
шпијунирати	ʃpijunǐːrati
шпијунка	ʃpǐjuːnka
шпиља	ʃpîʎa
шплитер	ʃplǐter
шпорна	ʃpǒːrna
шпољар	ʃpôʎaːr
шпрахрор	ʃprâːxroːr
шпрахфелер	ʃprâːxfeler
шпрајц	ʃprâjts
шпренгати	ʃprêngati
шпринт	ʃprînt
шприх	ʃprîx
шприц	ʃprîts
шприца	ʃprîtsa
шпрунг	ʃprûng
шпула	ʃpûla
шпур	ʃpûːr
шпуријус	ʃpûːrijus
шрамл	ʃrǎml
шрапнел	ʃrǎpnel
шрауба	ʃrǎuba
шраубнцијер	ʃrǎubntsijer
шраф	ʃrâf
шрафа	ʃrâfa
шрафцигер	ʃrǎftsiːger
шрафшток	ʃrǎfʃtok
шрајбер	ʃrǎjber
шрајбмашина	ʃrajbmaʃǐːna
шрајбтиш	ʃrǎjbtiʃ
шрек	ʃrêk
шрекшус	ʃrêkʃus
шрот	ʃrôt
шта	ʃtâ
штаб	ʃtâːb
штавити	ʃtâʋiti
штавише	ʃtǎʋiʃe
штагаљ	ʃtǎːgaʎ
штака	ʃtâka
штакор	ʃtâkor
штала	ʃtâla
штамбук	ʃtâmbuk
штамбух	ʃtâmbux
штамгаст	ʃtâmgast
штамлокал	ʃtâmlokaːl
штампарија	ʃtampǎrija
штампати	ʃtâːmpati
штанга	ʃtǎːnga
штанд	ʃtând
штандарац	ʃtǎndarats
штанца	ʃtâːntsa
штап	ʃtâːp
штап	ʃtˈat
штапић	ʃtǎpitɕ
штатут	ʃtǎtuːt
штатхалтерија	ʃtatxaltěrija
штауб	ʃtǎub
штаубзаугер	ʃtǎubzauger
штафажа	ʃtafǎːʒa
штафелај	ʃtafělaj
штафета	ʃtafěːta
штафир	ʃtǎfiːr
штација	ʃtǎːtsija
штајга	ʃtâːjga
штајге	ʃtâːjge
штајф	ʃtâjf
штег	ʃtêg
штедети	ʃtěːdeti
штедионица	ʃtediǒːnitsa
штедјети	ʃtěːdjeti
штедљив	ʃtědʎiʋ
штедљиво	ʃtědʎiʋo
штедња	ʃtěːdɲa
штедњак	ʃtêːdɲaːk
штека	ʃtêka
штекдоза	ʃtêkdoːza
штекер	ʃtêker
штекнадл	ʃtêknaːdl
штекнферд	ʃtěknferd
штекрагн	ʃtêːkraːgn
штела	ʃtěːla
штелампа	ʃtêːlaːmpa
штемати	ʃtêmati
штемајзл	ʃtêmajzl
штемовати	ʃtêmoʋati
штемпл	ʃtěmpl
штендер	ʃtěnder
штене	ʃtěne
штенкати	ʃtênkati
штеп	ʃtêp
штерунг	ʃtěːrung
штета	ʃtêta
штета	ʃtɛta
штетан	ʃtêtan
штетити	ʃtêtiti
штетл	ʃtêtl
штетно	ʃtêtno
штетност	ʃtêtnoːst
штеточина	ʃtetǒtʃina
штехер	ʃtêxer
штибра	ʃtîbra
штига	ʃtǐːga
штиглић	ʃtǐglitɕ
штикати	ʃtîkati
штикла	ʃtǐkla
штил	ʃtîːl
штимати	ʃtîmati
штимунг	ʃtǐmung
штинкбомба	ʃtînkboːmba
штипавац	ʃtǐːpaʋats
штипати	ʃtǐːpati
штипнути	ʃtǐːpnuti
штирак	ʃtǐːrak
штит	ʃtîːt
штитаст	ʃtîtast
штитити	ʃtîtiti
штитолик	ʃtitǒlik
штитоноша	ʃtitǒnoʃa
штитњача	ʃtǐːtɲatʃa
штифле	ʃtǐfle
штифлхозе	ʃtǐflxoːze
штифт	ʃtîft
штих	ʃtîx
штихворт	ʃtǐxʋort
штихпроба	ʃtîxproːba
штицпункт	ʃtîtspunkt
штицунг	ʃtǐtsung
штићеник	ʃtîtɕeniːk
штићеница	ʃtîtɕenitsa
што	ʃtô
штовалац	ʃtǒʋalats
штовати	ʃtǒʋati
штовише	ʃtǒʋiʃe
шток	ʃtôk
штокавац	ʃtǒːkaʋats
штокавица	ʃtǒːkaʋitsa
штокавски	ʃtokavski
штокавски	ʃtǒːkaʋskiː
штокавштина	ʃtǒːkaʋʃtina
штокфиш	ʃtǒkfiʃ
штокхауз	ʃtǒkxauz
штопати	ʃtôpati
штопати	ʃtǒːpati
штопволе	ʃtôpʋole
штопгарн	ʃtǒpgarn
штоперица	ʃtôperitsa
штопл	ʃtǒpl
штоплцигер	ʃtǒpltsiːger
штопнадл	ʃtôpnaːdl
штопфул	ʃtǒpful
штос	ʃtôːs
штосдемфер	ʃtôːsdemfer
штоф	ʃtôf
штрам	ʃtrâm
штрампле	ʃtrǎmple
штранга	ʃtrâːnga
штранд	ʃtrând
штрапац	ʃtrǎpats
штрас	ʃtrâs
штрафта	ʃtrǎfta
штрај	ʃtrâj
штрајк	ʃtrâjk
штрајкач	ʃtrǎjkaːtʃ
штрајкаш	ʃtrǎjkaːʃ
штрајкбрехер	ʃtrâjkbrexer
штрајковати	ʃtrajkɔvati
штрајфати	ʃtrâjfati
штрајх	ʃtrâjx
штрајхати	ʃtrǎjxati
штрајхер	ʃtrǎjxer
штребер	ʃtrěːber
штрек	ʃtrêk
штрека	ʃtrěka
штрена	ʃtrêna
штрик	ʃtrîk
штрих	ʃtrîx
штрихерица	ʃtrîxeritsa
штркаљ	ʃtřkaːʎ
штрчати	ʃtrtʃatˈi
штула	ʃtûla
штуцати	ʃtûtsati
штуцнути	ʃtûtsnuti
шубара	ʃǔbara
шугав	ʃûgaʋ
шугаман	ʃugǎmaːn
шукати	ʃûkati
шум	ʃûːm
шума	ʃuɫmɑn
шума	ʃûma
шуман	ʃûːman
шумарак	ʃumǎːrak
шумити	ʃǔːmiti
шумица	ʃûmitsa
шумно	ʃûːmno
шумовит	ʃumǒʋit
шупа	ʃûpa
шупак	ʃǔːpak
шупаљ	ʃǔːpaʎ
шупчина	ʃǔptʃina
шупчић	ʃǔptʃitɕ
шупљикав	ʃupʎǐkaʋ
шупљина	ʃupʎǐna
шупљоглавац	ʃupʎǒglaʋats
шура	ʃûːra
шурак	ʃurak
шурјак	ʃûrjaːk
шурјак	ʃǔrjaːk
шустер	ʃûster
шушкати	ʃoʃkˈatːi
шушкати	ʃûʃkati
шуштар	ʃûʃtaːr
шуштати	ʃoʃtati
шуштати	ʃǔʃtati
шуљати	ʃǔːʎati
шуњати	ʃǔːɲati
шчепавати	ʃtʃepǎːʋati
шчепати	ʃtʃěpati
шљака	ʃʎâka
шљакати	ʃʎâkati
шљакер	ʃʎâker
шљам	ʃʎâm
шљапати	ʃʎâpati
шљапнути	ʃʎâpnuti
шљахта	ʃʎâxta
шљем	ʃʎêm
шљемати	ʃʎêːmati
шљива	ʃʎîʋa
шљивик	ʃʎǐʋiːk
шљивовица	ʃʎîʋoʋitsa
шљунак	ʃʎǔːnak
шљунчан	ʃʎǔntʃan
шњофати	ʃɲôfati
ђ	dʑ
ђавао	dʑâʋao
ђаво	dʑâʋoː
ђаво	dʒavo
ђавољи	dʑâʋoʎiː
ђављи	dʑâʋʎiː
ђак	dʑâːk
ђак	dʒak
ђакон	dʑâkon
ђаконат	dʑakǒnaːt
ђевер	dʑêʋer
ђеврек	dʑěʋrek
ђердан	dʑěrdaːn
ђердек	dʑěrdek
ђерђеф	dʑěrdʑef
ђечерма	dʑětʃeːrma
ђилкош	dʑîːlkoʃ
ђихад	dʑǐxaːd
ђогат	dʑôgat
ђон	xˌon
ђубре	dʑûbre
ђул	dʑûːl
ђуле	dʑûle
ђунах	dʑǔnaːx
ј	j
ја	jâ
ја	jâː
ја	ˈja
јаблан	jâblaːn
јабука	jâbuka
јабука	ʝˈabˈuka
јабуковача	jâbukoʋatʃa
јабуковина	jâbukoʋina
јабучаст	jâbutʃast
јабучица	jâbutʃitsa
јабучни	jâbutʃniː
јав	jâːʋ
јава	jǎːʋa
јавански	jǎʋaːnskiː
јавити	jǎːʋiti
јавни	jâːʋniː
јавних	javnʲix
јавно	jâːʋno
јавност	jǎːʋnoːst
јавор	jâʋor
јавља	javʲlʲa
јављати	jǎːʋʎati
јагањац	jâgaɲats
јагма	jǎgma
јагмити	jǎgmiti
јагодина	ˈjagˈodina
јагодични	jâgoditʃniː
јагуар	jâguaːr
јагњад	jâgɲaːd
јагње	jakɲe
јагње	jâgɲe
јагњетина	jǎgɲetina
јад	jâd
јадан	jâdan
јадати	jâdati
јадиковати	jǎdikoʋati
јадити	jǎːditi
јадник	jâdniːk
јадница	jâdnitsa
јадно	jâdno
јадран	jâdraːn
јадрански	jâdraːnskiː
јазавац	jâzaʋats
јазбина	jâzbina
јак	jâk
јак	jâːk
јакета	jǎketa
јакна	jakne
јакна	jǎkna
јако	jak
јако	jâːko
јакост	jǎːkoːst
јакут	jǎkut
јал	jâːl
јалан	jǎlaːn
јалан	jǎːlan
јалов	jâloʋ
јаловица	jâloʋitsa
јалово	jâloʋo
јаловост	jâloʋoːst
јалтски	jâːltskiː
јама	jâma
јамац	jǎːmats
јамачан	jǎmatʃan
јамачно	jǎmatʃno
јамајка	jamǎjka
јамб	jâmb
јаметина	jamětina
јамица	jâmitsa
јампски	jâmpskiː
јамство	jǎmstʋo
јамчити	jâmtʃiti
јантарни	jântaːrniː
јануар	jânuaːr
јануарски	jânuaːrskiː
јапан	jǎpaːn
јапанац	japǎːnats
јапанка	jǎpaːnka
јапански	jǎpaːnskiː
јар	jâːr
јара	jâra
јарак	jǎrak
јарак	jǎːrak
јарам	jǎːram
јарац	jârats
јарбол	jâːrbol
јаргован	jargǒʋaːn
јарговани	jargoʋǎːniː
јаре	jâre
јаребица	jarěbitsa
јарећи	jǎretɕiː
јарки	jâːrkiː
јарчев	jâːrtʃeʋ
јарџеван	jardʒěʋaːn
јасан	jǎsan
јасен	jasɛn
јасен	jâseːn
јасле	jâsle
јасно	jâsno
јасност	jâsnoːst
јаспра	jâspra
јастог	jâstog
јастучни	jǎstutʃniː
јатак	jâtak
јато	jâto
јатомице	jâtomitseː
јаук	jâuːk
јахати	jâxati
јахачица	jaxǎtʃitsa
јахачки	jǎxaːtʃki
јахачки	jǎxaːtʃkiː
јахање	jâxaːɲe
јахве	jâxʋe
јахта	jâxta
јачати	jǎtʃati
јачерма	jǎtʃeːrma
јачина	jatʃǐna
јашити	jâʃiti
јаштер	jâʃter
јајаст	jâjast
јајашце	jajǎʃtse
јаје	jǎːje
јајни	jâːjniː
јајник	jâːjniːk
јајници	jajnɨtsːi
јајовод	jâjoʋoːd
јајолик	jajǒlik
јајце	jǎːjtse
јањад	jâɲaːd
јањац	jǎːɲats
јањетина	jǎɲetina
јањешце	jâɲeːʃtse
јањећи	jǎɲetɕiː
јањити	jâɲiti
јањичар	jǎɲitʃaːr
је	je
је	jˈɛ
јебати	jěbati
јебач	jěbaːtʃ
јебачица	jebǎtʃitsa
јеванђеље	jeʋǎndʑeːʎe
јеврејин	jěʋrejin
јегуља	jěguʎa
јед	jêːd
једак	jêdak
један	jědan
једанаесторица	jedanaestǒritsa
једанпут	jedǎmpuːt
једаћи	jědaːtɕiː
једва	jêdʋa
јединац	jedǐːnats
једини	jědiːniː
јединити	jedǐːniti
јединица	jedǐnitsa
јединка	jědiːnka
једино	jědiːno
јединствен	jedǐnstʋen
јединствено	jedǐnstʋeno
јединство	jedǐːnstʋo
јединцат	jedǐntsat
једна	jɛdna
једнак	jêdnaːk
једнако	jêdnaːko
једнакост	jednǎːkoːst
једначити	jednǎːtʃiti
једнина	jednǐna
једнобоштво	jednǒboʃtʋo
једнобојан	jêdnoboːjan
једногласан	jednǒglasan
једногласно	jednǒglasno
једногласност	jednǒglasnoːst
једногласје	jednǒglaːsje
једноделни	jêdnodeːlniː
једнодијелни	jêdnodjeːlniː
једнодушан	jednǒduʃan
једнодушно	jednǒduʃno
једнодушност	jêdnoduʃnoːst
једноженство	jednoʒěːnstʋo
једноимен	jednǒimen
једнолик	jednǒlik
једноличан	jednǒlitʃan
једноличност	jednǒlitʃnoːst
једном	jědnoːm
једномишљеник	jednǒmiʃʎeniːk
једномишљеница	jednǒmiʃʎenitsa
једноок	jednǒok
једнорог	jêdnorog
једнорук	jêdnoruk
једносмеран	jêdnosmeːran
једносмјеран	jêdnosmjeːran
једнособан	jednǒsoban
једноставан	jêdnostaːʋan
једноставно	jêdnostaːʋno
једноставност	jednostǎːʋnoːst
једностран	jednǒstran
једнострано	jednǒstrano
једностраност	jednǒstranoːst
једноћ	jědnoːtɕ
једрењак	jedrěɲaːk
једрењача	jedrěɲatʃa
једрење	jědreːɲe
једрило	jědrilo
једрити	jědriti
једро	jêdro
једњак	jêːdɲaːk
јеж	jêːʒ
јежев	jêːʒeʋ
јежити	jěːʒiti
јежић	jěʒitɕ
језа	jěːza
језан	jêːzan
језгра	jěːzgra
језгрица	jězgritsa
језгро	jěːzgro
језгровит	jezgrǒʋit
језгровито	jezgrǒʋito
језгровитост	jezgrǒʋitoːst
језеро	jêzero
језерски	jêzerskiː
језерце	jezěːrtse
језив	jěziʋ
језиво	jěziʋo
језик	jězik
језикозналац	jezikoznǎːlats
језикословац	jezikoslǒːʋats
језикословље	jězikosloːʋʎe
језични	jězitʃniː
језовит	jezǒʋit
језовито	jezǒʋito
језуит	jezǔiːt
јек	jêːk
јека	jêka
јекавица	jěːkaʋitsa
јекавски	jěːkaʋski
јекавски	jěːkaʋskiː
јекнути	jěːknuti
јектика	jěktika
јела	jěːla
јелен	jělen
јело	jêlo
јеловина	jěloʋina
јелша	jêlʃa
јемен	jêmen
јеменац	jeměːnats
јеменски	jêmenskiː
јемство	jěmstʋo
јендек	jěndek
јер	jêr
јербо	jêrbo
јергован	jergǒʋaːn
јерменија	jěrmeːnija
јесен	jêseːn
јесенас	jesěnas
јесенски	jěseːnskiː
јесетра	jěsetra
јесењи	jěseːɲiː
јестан	jêstan
јественик	jestʋěniːk
јествина	jêstʋina
јести	jeste
јести	jêsti
јестив	jěstiʋ
јестиво	jêstiːʋo
јетра	jêtra
јетра	jˈetra
јетрва	jětrʋa
јетрица	jêtritsa
јефтин	jêftin
јефтино	jêftino
јефтиноћа	jeftinǒtɕa
јехова	jɛxova
јехову	jɛxovu
јецај	jêtsaːj
јечам	jětʃam
јечати	jěːtʃati
јечерма	jětʃeːrma
јешће	jêʃtɕe
јењавати	jeɲǎːʋati
јењати	jěɲati
јидиш	jîdiʃ
јован	jǒʋan
јован	ljoːvan
јовану	ljovanu
јога	jǒːga
јогунаст	jǒgunast
јогунасто	jǒgunasto
јок	jôk
јок	jˈɔk
јораму	joramo
јорган	jǒrgan
јоргован	jorgǒʋaːn
јоргован	jôrgoʋaːn
јорговани	jorgoʋǎːniː
јордан	jǒrdan
јорданац	jordǎːnats
јордански	jǒrdanskiː
јосип	jǒsip
јотам	jotˈam
јотаму	jɔtamu
јоха	jǒːxa
јошић	jǒʃitɕ
јошт	jôʃt
јоште	jôʃte
јој	joj
јој	jôːj
ју	ju
јубилеј	jubǐlej
југ	jûg
југ	ˈug
југозапад	jugozǎːpad
југозападни	jugozǎːpadniː
југозападно	jugozǎːpadno
југоисток	jugoǐstok
југоисточни	jugoǐstotʃniː
југоисточно	jugoǐstotʃno
југославен	jugoslǎʋeːn
југославенски	jugoslǎʋeːnskiː
југославија	jugoslâʋija
југославија	jugǒslaːʋija
јуда	juːda
јудаизам	judaǐzam
јудеја	juděja
јудејски	jǔdeːjskiː
јужина	jûʒina
јужно	jûʒno
јужњак	jûʒɲaːk
јули	jûːli
јулски	jûːlskiː
јун	jˈun
јунак	jǔnaːk
јунакиња	junǎkiɲa
јунац	jǔːnats
јуначан	jûnaːtʃan
јуначити	junǎːtʃiti
јуначки	jǔnaːtʃki
јуначки	jǔnaːtʃkiː
јунаштво	junǎːʃtʋo
јуни	jûːni
јуница	jǔnitsa
јунски	jûːnskiː
јупитер	jupitɛr
јупитер	jǔpiter
јур	jûːr
јурве	jûːrʋe
јуре	jûre
јурисдикција	jurisdǐktsija
јурити	jǔːriti
јуриш	jûriːʃ
јуришати	jurǐʃati
јурнути	jǔːrnuti
јурта	jûːrta
јурцати	jǔrtsati
јустин	jûstin
јутарњи	jûtaːrɲiː
јутра	jotra
јутрити	jûtriti
јутро	jûtro
јутро	ljutro
јутром	jûtrom
јутрос	jûtroːs
јутрошњи	jûtroʃɲiː
јуха	jǔːxa
јучашњи	jǔtʃaʃɲi
јуче	jutʃɛ
јуче	jǔtʃeː
јучер	jǔtʃeːr
јучерашњи	jutʃěraʃɲiː
јучерањи	jutʃěraɲiː
љ	ʎ
љага	ʎâga
љевак	ʎěʋaːk
љевакиња	ʎeʋǎkiɲa
љевица	ʎěʋitsa
љевичар	ʎěʋitʃaːr
љеворук	ʎeʋǒruk
љековит	ʎekǒʋit
љепило	ʎěpilo
љепотан	ʎepǒtaːn
љепотица	ʎepǒtitsa
љепојка	ʎěpoːjka
љепљив	ʎěpʎiʋ
љестве	ʎêstʋe
љествица	ʎêstʋitsa
љети	ʎêti
љетина	ʎêtina
љето	ʎêto
љетос	ʎêtoːs
љешњак	ʎêʃɲaːk
љигав	ʎîgaʋ
љигаво	ʎîgaʋo
љиљан	ʎǐʎan
љубав	ʎǔːbaʋ
љубавни	ʎǔːbaːʋniː
љубавник	ʎǔːbaːʋniːk
љубавница	ʎǔːbaːʋnitsa
љубавнички	ʎǔːbaːʋnitʃki
љубавнички	ʎǔːbaːʋnitʃkiː
љубазан	ʎûbazan
љубазник	ʎûbazniːk
љубазница	ʎǔbaznitsa
љубазно	ʎûbazno
љубазност	ʎûbaznoːst
љубак	ʎûbak
љубакати	ʎubǎkati
љубимац	ʎubǐːmats
љубитељ	ʎǔbiteʎ
љубитељица	ʎubitěʎitsa
љубитељски	ʎǔbiteʎski
љубитељски	ʎǔbiteʎskiː
љубити	ʎǔːbiti
љубица	ʎûbitsa
љубичаст	ju˩˥ːbitʃast
љубичаст	ʎûbitʃast
љубичица	ʎubitʃǐːtsa
љубнути	ʎûbnuti
љубомора	ʎubǒmora
љубоморан	ʎûbomoːran
љубоморно	ʎûbomoːrno
љубопитљив	ʎubopǐtʎiʋ
љубљана	ʎubʎǎna
љубљени	ʎûːbʎeniː
људескара	ʎuděskara
људина	ʎǔdina
људождер	ʎudǒʒder
људождерски	ʎudǒʒderskiː
људождерство	ʎudǒʒdeːrstʋo
људски	ʎǔdskiː
људскост	ʎûdskoːst
људство	lʲudstvo
људство	ʎǔdstʋo
љупко	ʎûpko
љупкост	ʎûpkoːst
љут	ʎûːt
љутити	ʎǔːtiti
љуто	ʎûːto
љутња	ʎǔːtɲa
љуштити	ʎǔːʃtiti
љуштура	ʎǔʃtura
љуљати	ʎǔːʎati
љуљачка	ʎǔʎaːtʃka
љуљашка	ʎǔʎaːʃka
љуљкати	ʎûʎkati
љуљнути	ʎûʎnuti
љуљушкати	ʎuʎǔʃkati
њ	ɲ
њакати	ɲǎːkati
ње	ɲêː
њега	ɲêga
његов	ɲěgoʋ
његоватељ	ɲegǒʋateʎ
његоватељица	ɲegoʋatěʎitsa
његоватељичин	ɲegoʋatěʎitʃin
његовати	ɲêgoʋati
њедра	ɲêdra
њежан	ɲêʒan
њежно	ɲêʒno
њежност	ɲêʒnoːst
њезин	ɲěːzin
њем	ɲêm
њемачка	ɲěmatʃkaː
њемачки	ɲěmatʃki
њемачки	ɲěmatʃkiː
њемица	ɲěmitsa
њему	ɲêmu
њен	ɲêːn
њива	ɲîʋa
њиву	nʲivu
њим	ɲîːm
њима	nima
њима	ɲîma
њиме	ɲǐːme
њих	nix
њих	ɲîːx
њихало	ɲǐːxalo
њихати	ɲǐːxati
њихов	ɲîxoʋ
њихова	nˈixˈova
њиховим	nʲixovʲim
њок	ɲôk
њом	ɲôːm
њоме	ɲǒːme
њој	nʲoj
њој	ɲôːj
њу	ɲûː
њургавац	ɲûrgaʋats
њургало	ɲûrgalo
њургати	ɲûrgati
њутн	ɲûtn
њух	ɲûːx
њушити	ɲûʃiti
њушка	ɲûʃka
њушкало	ɲûʃkalo
њушкање	ɲuʂkaɲe
њујорчанин	ɲǔjortʃanin
њујоршки	ɲûjorʃkiː
ћ	tɕ
ћаба	tɕǎːba
ћакнут	tɕâknuːt
ћакнуто	tɕâknuːto
ћакнутост	tɕâknuːtoːst
ћале	tɕǎːle
ћао	tɕâːo
ћар	tɕâːr
ћаскати	tɕâskati
ћаћа	tɕâtɕa
ћебе	tɕêbe
ћевап	tɕěʋaːp
ћеиф	tɕěif
ћела	tɕêla
ћелав	tɕêlaʋ
ћелавац	tɕêlaʋats
ћелавост	tɕêlaʋoːst
ћелија	tɕělija
ћелијски	tɕěliːjskiː
ћепенак	tɕěpenak
ћепица	tɕěpitsa
ћепчија	tɕeptʃija
ћер	tɕêːr
ћердати	tɕêːrdati
ћеретав	tɕerětaʋ
ћеретаво	tɕerětaʋo
ћеретати	tɕerětati
ћерка	tɕěːrka
ћеф	tɕêf
ћилибар	tɕilǐbaːr
ћилим	tɕǐlim
ћилимар	tɕilǐmaːr
ћилимара	tɕilǐmara
ћилимарство	tɕilimǎːrstʋo
ћирилица	tɕirǐlitsa
ћирилица	tʃiriːlitsa
ћирилички	tɕirǐlitʃkiː
ћирилични	tɕirǐlitʃniː
ћирилски	tɕǐrilskiː
ћоза	tɕôza
ћор	tɕôr
ћорав	tɕôraʋ
ћоравац	tɕôraʋats
ћоравити	tɕôraʋiti
ћоравица	tɕôraʋitsa
ћоравост	tɕôraʋoːst
ћорсокак	tɕorsǒkaːk
ћосав	tɕôsaʋ
ћосавац	tɕôsaʋats
ћосавост	tɕôsaʋoːst
ћуд	tɕud
ћудљив	tɕǔdʎiʋ
ћудљивац	tɕǔdʎiʋats
ћудљиво	tɕǔdʎiʋo
ћудљивост	tɕǔdʎiʋoːst
ћумез	tɕǔmez
ћумур	tɕǔmur
ћумурџија	tɕumǔrdʒija
ћунак	tɕûnak
ћуп	tɕûp
ћуприја	tɕǔprija
ћурак	tɕûrak
ћурак	tɕǔrak
ћурак	tɕǔːrak
ћуран	tɕǔraːn
ћуран	tʃuːran
ћурка	tɕǔːrka
ћутати	tɕǔːtati
ћутети	tɕǔːteti
ћутјети	tɕǔːtjeti
џаба	dʒâba
џабе	dʒabɛ
џабе	dʒâbeː
џак	dʒâːk
џак	dˈak
џамија	dʒamia
џамија	dʒǎːmija
џанарика	dʒânarika
џевахир	dʒeʋǎːxir
џевајир	dʒeʋǎːjir
џевер	dʒěʋeːr
џез	dʒêz
џелат	dʒělaːt
џем	dʒêm
џем	dʒɛm
џемат	dʒěmaːt
џемпер	dʒěmper
џеназа	dʒenǎːza
џентлмен	dʒentəlmen
џентлмен	dʒěntlmen
џеп	dʒêp
џепар	dʒêpaːr
џером	dʒerɔm
џибути	dʒibûti
џигерица	dʒigɛritsa
џигерица	dʒǐgeritsa
џин	dʒîn
џинс	dʒîːns
џихад	dʒǐxaːd
џиџа	dʒǐːdʒa
џогинг	dʒǒging
џоинт	dʒǒint
џокер	dʒǒker
џокеј	dʒǒkeːj
џорџ	dʒˈɔrdʒ
џудо	dʒûdo
џукела	dʒǔkela
