'di	diʔ
'di	dɛʔ
'ika	ʔɪxaʔ
'ng	ŋ
'no	no
't	t
'tsaka	tsɐxaʔ
'yan	jan
'yo	jo
a!	ˈa
aa	aa
aabisuhan	ʔɐʔɐbɪsuhɐn
aak	ʔɐʔak
aamyendahan	ʔɐʔɐmjɛndɐhan
aarawan	ʔɐʔɐɾawɐn
aawat	ʔɐʔawɐt
aba	ab
abad	ʔɐbad
abadesa	ʔɐbɐdɛsɐ
abadiano	ʔɐbɐdʒano
abadilla	ʔɐbɐdiljɐ
abadiya	ʔɐbɐdiɐ
abadya	ʔɐbɐdʒa
abadyato	ʔɐbɐdʒato
abahin	ʔɐbɐhin
abaka	abaka
abakada	ʔɐbɐxadɐ
abako	ambako
abala	ʔɐbalɐ
abala	ʔɐbɐla
abala	ˈabala
abalahin	ʔɐbɐlahɪn
abaloryo	abaloɾio
abaloryo	ʔɐbɐloɾjo
abalos	ʔabɐlos
abanderada	ʔɐbɐndɛɾadɐ
abanderado	abandirado
abanderado	ʔɐbɐndɛɾado
abandonada	ʔɐbɐndonadɐ
abandonado	ʔɐbɐndonado
abang	abãŋ
abang	ʔɐbaŋ
abangan	abəŋan
abangan	ʔabaŋɐn
abangan	ʔɐbɐŋan
abaniko	aba˥˩niko˥˩
abaniko	ʔɐbɐnixo
abanse	ʔɐbansɛ
abarka	ʔɐbɐɾka
abarkador	ʔɐbɐɾkɐdoɾ
abaseriya	ʔɐbɐsɛɾiɐ
abasero	ʔɐbɐsɛɾo
abastesedor	ʔɐbɐstɛsɛdoɾ
abasto	ʔɐbasto
abatan	ʔabatɐn
abatan	ʔɐbɐtan
abay	abaj
abayan	ʔɐbajɐn
abayan	ʔɐbɐjan
abdika	ʔɐbdɪxa
abdikasyon	ʔɐbdɪxɐʃon
abdurahman	ʔɐbdʊɾɐman
abe	ʔabɛ
abeha	ʔɐbɛhɐ
abehera	ʔɐbɛhɛɾɐ
abehero	ʔɐbɛhɛɾo
abejuela	ʔɐbɛhwɛlɐ
abelgas	ʔɐbɛlgas
abella	ʔɐbɛljɐ
abellano	ʔɐbɛljano
abelyana	ʔɐbɛljanɐ
abelyano	ʔɐbɛljano
abenida	ʔɐbɛnidɐ
abenojar	ʔɐbɛnohaɾ
abentura	ʔɐbɛntuɾɐ
abenturero	ʔɐbɛntʊɾɛɾo
aberya	ʔɐbɛɾja
abesamis	ʔɐbɛsamɪs
abese	ʔabɛsɛ
abese	ʔɐbɛsɛ
abesedaryo	ʔɐbɛsɛdaɾjo
abestrus	ʔɐbɛstɾus
abeto	ʔɐbɛto
abilaw	ʔɐbɪlaʊ̯
abilidad	ʔɐbɪlɪdad
abilidad	ˈabiliðˌad
abilo	ʔɐbilo
abing	ʔabɪŋ
abintestato	ʔɐbɪntɛstato
abisinya	ʔɐbɪsiɲɐ
abisinyo	ʔɐbɪsiɲo
abismal	ʔɐbɪsmal
abiso	abiso
abiso	ʔɐbiso
abisuhan	abisuhan
abisuhan	ʔɐbɪsuhɐn
abito	aβito
abitsuwela	ʔɐbɪtʃwɛlɐ
abitsuwelas	ʔɐbɪtʃwɛlɐs
abitswelas	abitswelas
abiyohenesis	ʔɐbjohɛnɛsɪs
abiyolohiya	ʔɐbjolohiɐ
abla	aˈbˈlˈaː
abla	ʔɐbla
ablatibo	ʔɐblɐtibo
ablepsiya	ʔɐblɛpʃɐ
ablepsya	ʔɐblɛpʃɐ
ablusyon	ʔɐblʊʃon
abnegada	ʔɐbnɛɣadɐ
abnegado	ʔɐbnɛɣado
abnegasyon	ʔɐbnɛɣɐʃon
abnormal	abnoɾmal
abnormalidad	ʔɐbnoɾmɐlɪdad
abnoy	ʔɐbnoɪ̯
abo	aˈbːo
abog	abˈog
abog	ʔɐbog
abogada	ʔɐboɣadɐ
abogadilyo	ʔɐboɣɐdiljo
abogado	abogado
abogado	ʔɐboɣado
abogasiya	ʔɐboɣɐsiɐ
abogasya	ʔɐboɣaʃɐ
abogasya	ʔɐboɣɐʃa
abok	ʔɐbok
abokado	ʔɐboxado
aboli	ʔɐboli
abolisyon	ʔɐbolɪʃon
abolisyonista	ʔɐbolɪʃonistɐ
abonada	ʔɐbonadɐ
abonado	ʔɐbonado
abono	abono
abonohan	abonoɣan
aborsiyon	aːboɾsiˈon
aborsiyon	ʔɐboɾʃon
aborsiyonista	ʔɐboɾʃonistɐ
aborsyonista	ʔɐboɾʃonistɐ
abot	abod
abot	ʔabot
abot	ʔɐbot
aboy	tɐbˈoɪ
aboy	ʔɐboɪ̯
abra	abra
abra	ʔabɾɐ
abrasyete	ʔɐbɾɐʃɛtɛ
abrazado	ʔɐbɾɐzado
abrelata	ʔɐbɾɛlatɐ
abrenica	ʔɐbɾɛnɪxɐ
abrigo	abrigo
abrigo	ʔɐbɾiɣo
abril	aːpɾˈil
abril	ʔɐbɾil
absent	æbsˈɛnt
abseso	abseso
absik	ʔɐbsik
absolusyon	ʔɐbsolʊʃon
absolutismo	ʔɐbsolʊtismo
absuluto	absoluto
absuwelto	ʔɐbswɛlto
abswelto	abswɛltɔ
abuab	ʔɐbʊʔab
abubot	aːbubˈo
abubot	ʔɐbubot
abucay	ʔɐbuxaɪ̯
abueg	ʔɐbwɛg
abuel	ʔɐbwɛl
abuhan	abuhaːn
abuhan	ʔabuhɐn
abuhan	ʔɐbʊhan
abuhin	abuhim
abuhin	ʔɐbʊhin
abukado	abˈaɢado
abukado	ʔɐbʊxado
abukay	abukaj
abukay	ʔɐbuxaɪ̯
abukay	ʔɐbʊxaɪ̯
abulencia	ʔɐbʊlɛnʃɐ
abuloy	apuloi
abuloy	ʔɐbuloɪ̯
abuluyan	abuluja
abuluyan	ʔabʊlʊjan
abuluyan	ʔɐbʊlujɐn
abunado	abonado
aburan	ʔɐbʊɾan
aburido	aburido
aburido	ʔɐbʊɾido
aburido	ʔɐbʊɾɪdo
aburiduhin	abʊɾiduːhɪn
abusado	abosaˈdo
abusado	ʔɐbʊsado
abusero	abost̪eɾo
abuso	abʊsʊ
abuso	ʔɐbuso
abusuhin	abusˈuhˈiŋ
abusuhin	ʔɐbʊsuhɪn
abutab	ʔɐbʊtab
abutan	abotan
abutan	ʔabutɐn
abutan	ʔɐbutɐn
abutan	ʔɐbʊtan
abutin	ʔɐbutɪn
abutin	ʔɐbʊtin
abutra	ʔɐbutɾɐ
abuwab	ʔɐbwab
abyad	ʔɐbjad
abyador	ʔɐbjɐdoɾ
abyarin	ʔɐbjɐɾin
abyasyon	ʔɐbjɐʃon
abyerta	ʔɐbjɛɾtɐ
abyog	ʔɐbjog
abyugin	ʔɐbjʊɣin
abá	ab
abó	abo
acierto	ʔɐʃɛɾto
ada	ʔadɐ
adajar	ʔɐdɐhaɾ
adan	ʔɐdan
adarna	adarna
adbentista	ʔɐdbɛntistɐ
adberbiyo	ʔɐdbɛɾbjo
adbiyento	ʔɐdbjɛnto
adbokasiya	ʔɐdboxɐsiɐ
adelantada	adilantaða
adelantado	adilantado
adelantado	ʔɐdɛlɐntado
adelanto	adelanto
adelanto	ʔɐdɛlanto
adelpa	ʔɐdɛlpɐ
aders	ʔadɛɹs
adhika	ʔɐdhɪxaʔ
adhikain	ʔɐdhɪxaʔɪn
adidas	ʔɐdidɐs
adik	ʔadɪk
adiksiyon	ʔɐdɪkʃon
adiksyon	ʔɐdɪkʃon
adikto	adikto
adikto	ʔɐdikto
adisyon	ʔɐdɪʃon
adisyonal	ʔɐdɪʃonal
adisyunal	ʔɐdɪʃʊnal
adiyaw	ʔɐdiaʊ̯
adiyos	adios
adiyos	ʔɐdʒos
adlaw	adlao
adlaw	ʔɐdlaʊ̯
adlawan	ʔɐdlawɐn
administradora	ʔɐdmɪnɪstɾɐdoɾɐ
administrasyon	administ̪ɾas̺ioŋ
administrasyon	ʔɐdmɪnɪstɾɐʃon
administratibo	ʔɐdmɪnɪstɾɐtibo
admirasyon	ʔɐdmɪɾɐʃon
admisyon	ʔɐdmɪʃon
adobe	adobɛ
adobe	ʔɐdobɛ
adobo	adobo
adobo	ʔɐdobo
adopsiyon	ʔɐdopʃon
adopsyon	ʔɐdopʃon
adorador	adɔɾadoɾ
adorador	ʔɐdoɾɐdoɾ
adornado	ʔɐdoɾnado
adorno	ʔɐdoɾno
adres	ʔadɾɛs
adres	ʔɐdɾɛs
adulto	adulto
adulto	ʔɐdulto
aduwa	ʔɐduɐʔ
aduwana	ʔɐdwanɐ
adwa	ʔɐdwaʔ
adwana	ʔɐdwanɐ
adya	adja
adyaw	ʔɐdʒaʊ̯
adyenda	ʔɐdʒɛndɐ
adyo	adio
adyo	ʔɐdʒo
adyo	ʔɐdʒoʔ
adyos	adʒos
aga	aga
agad	agad
agad	ʔɐɣad
agahan	ʔɐɣahɐn
agahas	agahas
agahas	ʔɐɣahɐs
agahas	ʔɐɣɐhas
agalya	ʔɐɣaljɐ
agam	ʔaɣɐm
agam-agam	agamagam
agamagam	aɣamaɣam
agamahan	ʔɐɣɐmahɐn
agap	aga
agap	ʔaɣɐp
agapan	agapan
agapay	ʔɐɣapaɪ̯
agapayanan	agapajanãn
agaran	agaraːn
agaran	ʔaɣaɾɐn
agas	ʔaɣɐs
agas	ʔɐɣas
agas	ˈagˈæs
agas-as	agasas
agata	ʔaɣɐtɐ
agatat	aːgatat
agatat	ʔɐɣɐtat
agatsona	ʔɐɣɐtʃonɐ
agawin	agaujn
agay-ay	aɣajaj
agbarog	ʔɐgbaɾog
agbarugan	ʔɐgbɐɾuɣɐn
agbayani	ʔɐgbɐjanɪ
agbon	ʔɐgbon
agbuya	ʔɐgbujɐ
agdangan	ʔɐgdaŋɐn
agham	ʔɐgham
aghambuhay	ʔɐghɐmbuhaɪ̯
aghamwika	ʔɐghɐmwixɐʔ
aghimo	ʔɐghimoʔ
aghimuan	ʔɐghɪmuʔɐn
aghimuin	ʔɐghɪmuʔɪn
agihap	ʔɐɣihɐp
agila	agila
agila	ʔaɣɪlɐ
agimat	agima
agimat	ʔɐɣimɐt
agimatan	aagimatan
agimatan	ʔɐɣɪmatɐn
aginaldo	ʔɐɣɪnaldo
agingay	ʔɐɣiŋaɪ̯
agipo	ʔɐɣɪpo
agit-it	aːgitit
agiw	agio
agiw	ʔaɣiʊ̯
agkap	ʔagkɐp
agkap	ʔɐgkap
aglahi	ʔɐglahɪʔ
aglipay	ʔɐglipaɪ̯
agnas	ʔɐgnas
agnasin	agnasio
agnes	ʔagnɛs
agnos	agnɔs
agnos	ʔɐgnos
agnostika	aɣnɔstɪkˈa
agnostiko	ʔɐgnostɪxo
agojo	ʔɐɣohoʔ
agong	aːgõŋ
agong	ʔaɣoŋ
agos	agos
agos	ʔaɣos
agosto	ʔɐɣosto
agoy	aɣˈoɪ
agoy	ʔaɣoɪ̯
agpang	ʔɐgpaŋ
agpangan	ʔɐgpaŋɐn
agrabyado	ʔɐgɾɐbjado
agraryo	agrˈaɾjo
agregado	ʔɐgɾɛɣado
agrikultor	agɾigul̪t̪oɾ
agrimensor	ʔɐgɾɪmɛnsoɾ
agsikap	ʔɐgsixɐp
agsikapan	ʔɐgsɪxapɐn
aguado	ʔɐgwado
aguas	ʔagwɐs
aguda	ʔɐɣudɐ
aguha	saguha
aguha	ʔɐɣuhɐ
aguhilya	ʔɐɣʊhiljɐ
aguho	aɣoho
aguho	ʔɐɣuhoʔ
aguho	ʔɐɣʊhoʔ
aguhon	ʔɐɣʊhon
aguila	ʔaɣɪlɐ
aguilar	ʔɐɣɪlaɾ
aguinaldo	ʔɐɣɪnaldo
agujo	ʔɐɣuhoʔ
agulo	ʔɐɣulo
agunyas	aguɲas
agusan	aɣuzan
agusan	ʔɐɣusɐn
agusil	ʔɐɣʊsil
agustin	ʔɐɣʊstin
agustino	ʔɐɣʊstino
agwa	ʔagwɐ
agwa	ʔɐgwa
agwa	ˈagwa
agwa-bendita	agwabɛnˈdita
agwador	agwadɔɾ
agwahas	ʔɐgwahɐs
agwahe	ʔɐgwahɛ
agwamarina	ʔɐgwɐmɐɾinɐ
agwanta	aguanta
agwanta	ʔɐgwɐnta
agwaras	ʔɐgwɐɾas
agwardiyente	ʔɐgwɐɾdʒɛntɛ
agwardyente	ʔɐgwɐɾdʒɛntɛ
agwas	aglas
agwas	ʔagwɐs
agwas	ʔɐgwas
agwasero	ʔɐgwɐsɛɾo
agwat	aˈgwˈa
agwela	ʔɐgwɛlɐ
agwelo	ʔɐgwɛlo
ahang	ʔahɐŋ
ahang	ʔɐhaŋ
ahas	ʔahɐs
ahensiya	ʔɐhɛnʃɐ
ahensya	ʔɐhɛnʃɐ
ahente	ʔɐhɛntɛ
ahit	ʔahɪt
ahit	ʔɐhit
ahit	ʔˈahɪt
ahitin	tähiːt˦i˧m
ahitin	ʔɐhitɪn
ahiya	ʔahɪɐ
aho	ʔaho
ahon	ʔahon
ahunin	ʔɐhunɪn
aikido	ʔaɪ̯xido
akademika	akadˈmikˈa
akademya	ʔɐxɐdɛmjɐ
akawntant	ʔɐxaʊ̯ntɐnt
akba	ʔakbɐ
akbay	ʔɐkbaɪ̯
akda	aqdaʔ
akda	ʔɐkdaʔ
akibat	əkibat
akin	akim
akinin	laːˈkɪnin
akit	ʔaxɪt
akit	ʔɐxit
aklamasyon	aklamaːsʃon
aklan	ʔɐklan
aklas	ʔɐklas
aklat	ʔɐklat
aklatan	aklat̪an
aklatan	ʔɐklatɐn
akma	ʔɐkma
akma	ʔɐkmaʔ
ako	ako
akompanya	kompanʝja
akompanyahan	koːmpanjˈahaːn
akompanyamiento	akompaɲamɛnto
akordeon	ʔɐxoɾdɛon
akordeon	ʔɐxoɾdʒon
akreditasyon	ʔɐkɾɛdɪtɐʃon
akronim	ʔakɾonɪm
akrostik	ʔɐkɾostɪk
aksaya	ʔɐksɐja
aksayado	ʔɐksɐjado
akses	ʔaksɛs
aksesoryo	aktsisoɾjo
aksibal	ʔɐksibɐl
aksidente	ʔɐksɪdɛntɛ
aksis	ʔaksɪs
aksiyon	ʔɐkʃon
aksyon	ʔɐkʃon
aksyonista	aktsɪoniːstˈaː
aktibidad	ʔɐktɪbɪdad
aktibidades	ʔɐktɪbɪdadɛs
aktibismo	ʔɐktɪbismo
aktibista	apːtːɪbˈisˈtˈa
aktibista	ʔɐktɪbistɐ
aktibo	aktibo
aktibo	ʔɐktibo
akting	takt̪ɪŋ
akto	akto
akto	ʔakto
aktor	aktor
aktor	ʔɐktoɾ
aktres	aktɾˈɛs
aktres	ʔaktɾɛs
aktuwal	ʔɐktwal
aktwal	ʔɐktwɐl
akumulasyon	ʔɐxʊmʊlɐʃon
akusa	ʔɐxʊsa
akusado	ʔɐxʊsado
akustiks	akˈustiks
akwarela	ʔɐkwɐɾɛlɐ
akwaryo	ʔɐkwaɾjo
akwaryum	ʔɐkwaɾjʊm
akwatika	akwaːt̪ika
akwatiko	ʔɐkwatɪxo
akyat	ʔɐkjat
akyatan	ʔɐkjatɐn
akyatan	ʔɐkjɐtan
akyatin	akjɑtɪn
akyatin	ʔɐkjɐtin
ala	alaː
ala	ʔalɐ
ala!	ala
alab	ʔalɐb
alabama	ʔɐlɐbamɐ
alabang	ʔɐlɐbaŋ
alabastro	ʔɐlɐbastɾo
alabat	ʔɐlɐbat
alabok	ʔɐlɐbok
alabwab	ʔɐlɐbwab
alaga	alaːga
alaga	ʔɐlaɣɐʔ
alagaan	aːlaːgaʔan
alagain	alagain
alagata	alagata
alagatain	alagataʔn
alagaw	alˈɐgɐl
alagaw	ʔɐlɐɣaʊ̯
alahado	ʔɐlɐhado
alahas	alaːhasa
alahas	ʔɐlahɐs
alahero	ʔɐlɐhɛɾo
alahibi	ʔɐlɐhibɪ
alak	ala
alak	ʔalɐk
alakbat	alakbt
alakbayan	alaqbaːjaːn
alakdan	ʔɐlɐkdan
alakibot	ʔɐlaxɪbot
alakos	ʔɐlɐxos
alala	ʔɐlɐla
alalahanin	ʔɐlɐlɐhanɪn
alalahanin	ʔɐlɐlɐhɐnin
alalaon	alalaon
alalawa	ʔalɐlawɐʔ
alalay	ʔɐlalaɪ̯
alalay	ʔɐlɐlaɪ̯
alalayan	alaːlajan
alalayan	ʔɐlɐlajɐn
alam	alaːm
alam	ʔalɐm
alam	ʔɐlam
alaman	ʔɐlamɐn
alamang	alamˈan
alamang	ʔɐlɐmaŋ
alamat	ʔɐlɐmat
alambre	alambɾe
alambre	ʔɐlambɾɛ
alambrera	ʔɐlɐmbɾɛɾɐ
alamid	ʔɐlɐmid
alamin	ʔɐlɐmin
alaminos	alaːminʊs
alaminos	ʔɐlɐminos
alampay	alˈampaj
alampay	ʔɐlɐmpaɪ̯
alampayan	aləmpajan
alan	alaːm
alandahaw	ʔɐlɐndahaʊ̯
alangaang	ʔɐlɐŋaʔɐŋ
alangan	alɛŋan
alangan	ʔɐlɐŋan
alanganin	ʔɐlɐŋanɪn
alangilan	alangilan
alangilan	ʔɐlɐŋilɐn
alap	ʔalɐp
alapaap	ʔɐlɐpaʔɐp
alapaap	ʔɐlɐpɐʔap
alapap	ʔɐlapɐp
alapap	ʔɐlɐpap
alapaw	ʔɐlapaʊ̯
alapot	alapʰɔt
alarma	alaɾma
alarma	ʔɐlaɾmɐ
alaska	ʔɐlaskɐ
alasuas	alasuas
alat	ʔalɐt
alatan	alatan
alatiit	ʔɐlɐtiʔɪt
alatiit	ʔɐlɐtɪʔit
alayan	alaːjæn
alba	alba
alba	ʔalbɐ
albahaka	ʔɐlbɐhaxɐ
albakora	ʔɐlbɐxoɾɐ
albano	ʔɐlbano
albanya	albaːnʝa
albanya	ʔɐlbaɲɐ
albarikoke	ʔɐlbɐɾɪxoxɛ
albay	albaːi
albay	ʔɐlbaɪ̯
alberto	ʔɐlbɛɾto
alboroto	alboroto
alboroto	ʔɐlboɾoto
albularyo	ʔɐlbʊlaɾjo
album	ˈalbʊm
alburnos	ʔɐlbʊɾnos
alcantara	ʔɐlkantɐɾɐ
aldaba	ald̪aβ̞a
aldaba	ʔɐldabɐ
aldabahan	aːldabhan
aldabis	aldavis
aldabis	ʔɐldɐbis
aldana	ʔɐldanɐ
aldover	ʔɐldobɛɾ
aldover	ʔɐldovɛɾ
aldovino	ʔɐldobino
aldovino	ʔɐldovino
ale	ale
ale	ʔalɛ
alegasyon	alˌeɣasjˈon
alegasyon	ʔɐlɛɣɐʃon
alegato	alegato
alegoria	alˈleɣoɾia
alegoriya	ʔɐlɛɣoɾiɐ
alegorya	ʔɐlɛɣoɾjɐ
alegre	ʔɐlɛgɾɛ
alegro	alˈɛgɾo
alejandrino	ʔɐlɛhɐndɾino
alejandro	ʔɐlɛhandɾo
aleluya	ʔɐlɛlujɐ
aleman	al˦˥l˥man˧
aleman	ʔɐlɛman
alemanya	ʔɐlɛmaɲɐ
alembong	ʔɐlɛmboŋ
alfaro	ʔɐlfaɾo
alfeche	ʔɐlfɛtʃɛ
algodon	ʔɐlgodon
alguwasil	ʔɐlgwɐsil
alhibe	ʔɐlhibɛ
ali	əˈliː
ali	ʔalɪ
aliaga	ʔɐljaɣɐ
alibambang	ɦalibambang
alibangbang	ʔɐlɪbɐmbaŋ
alibarbar	ʔɐlɪbɐɾbaɾ
alibata	ʔɐlɪbatɐ
alibay	alibaj
alibugha	ʔɐlɪbʊghaʔ
alibukay	ʔɐlɪbʊxaɪ̯
alibutdan	ʔɐlɪbʊtdan
alibutran	ʔɐlɪbʊtɾan
alicante	ʔɐlɪxantɛ
alice	ʔalɪs
aliga	ʔɐliɣɐ
aligaga	ʔɐlɪɣɐɣaʔ
aligamgam	ʔɐlɪɣɐmgam
aligando	aliɣando
aligasin	ʔɐlɪɣɐsin
aligi	ʔɐlɪɣi
aligid	aliːgid
aligid	ʔɐliɣɪd
aligid	ʔɐlɪɣid
aligin	aligjn
alikabok	ʔɐlɪxɐbok
alikabukin	alikabokin
alikmata	ʔɐlɪkmatɐʔ
alikmata	ʔɐlɪkmɐta
alila	anila
alila	ʔɐlilɐʔ
alilain	aliːlaːjn
alilis	ʔɐlilɪs
alilis	ʔɐlɪlis
alilisan	ʔalɪlisɐn
alilisan	ʔalɪlɪsan
alilisan	ʔɐlɪlisɐn
alilisin	alili˥˧sin˨˩
alimango	alimamo
alimango	ʔɐlɪmaŋo
alimasag	ʔɐlɪmasɐg
alimbukay	alimbukaj
alimbuyugin	alimboiugin
alimis	alimˈisˈ
alimis	ʔɐlɪmis
alimpayawan	ʔɐlɪmpɐjawɐn
alimpungat	alimpoŋat
alimpungat	ʔɐlɪmpʊŋat
alimpungatan	alimpʊŋa˥tan
alimpuso	alimpuso
alimpuyo	alimpujo
alimpuyo	ʔɐlɪmpʊjo
alimulon	alimolon
alimura	alimora
alimurahin	ɑlɪmˈuɾahɪn
alimuran	ʔɐlɪmʊɾan
alimuwang	alimwaŋ
alimwang	alimwan
alin	ælʲin
alindog	alimdoug
alindog	ʔɐlɪndog
aling	ʔalɪŋ
aling	ʔɐliŋ
alingaro	ʔɐlɪŋaɾo
alingasaw	ʔɐlɪŋasaʊ̯
alingasngas	ʔɐlɪŋɐsŋas
alingawngaw	ʔɐlɪŋaʊ̯ŋaʊ̯
alinlangan	aːlinnaːŋan
alinlangan	ʔɐlɪnlaŋɐn
alinman	ʔɐlɪnman
alinsangan	ælinsaŋan
alinsunod	ʔɐlɪnsunod
alinsunod	ʔɐlɪnsʊnod
alintana	ʔɐlɪntanɐ
alintataw	ʔɐlɪntataʊ̯
alintataw	ʔɐlɪntɐtaʊ̯
alipala	ʔɐlɪpalɐ
alipala	ʔɐlɪpalɐʔ
alipin	alipin
alipin	ʔɐlipɪn
alipores	ʔɐlɪpoɾɛs
alipunga	ʔɐlɪpʊŋa
alipusta	alipusta
alipusta	ʔɐlɪpʊstaʔ
alis	ʔɐlis
alisaga	ʔɐlɪsɐɣaʔ
alisagsag	ʔɐlɪsɐgsag
alisan	ʔalisɐn
alisan	ʔɐlɪsan
alisangsang	ʔɐlɪsɐnsaŋ
alisin	ʔɐlɪsin
alisto	alisto
alisto	ʔɐlisto
alisuas	ʔɐlɪsuʔɐs
alit	ʔalɪt
alitan	alitan
alitangya	ʔɐlɪtɐŋja
alitaptap	ʔɐlɪtɐptap
aliterasyon	ʔɐlɪtɛɾɐʃon
alitiit	ʔɐlɪtiʔɪt
alituntunin	ʔɐlɪtʊntunɪn
alituntunin	ʔɐlɪtʊntʊnin
aliw	ɛlju
aliw	ʔaliʊ̯
aliw	ʔɐliʊ̯
aliwalas	ʔɐlɪwalɐs
alkabus	ʔɐlkɐbus
alkabusero	ʔɐlkɐbʊsɛɾo
alkagwete	ʔɐlkɐgwɛtɛ
alkahuwete	ʔɐlkɐhwɛtɛ
alkalde	aːlkaːldi
alkalde	ʔɐlkaldɛ
alkaldesa	ʔɐlkɐldɛsɐ
alkampor	ʔɐlkɐmpoɾ
alkansiya	ʔɐlkɐnsiɐ
alkansiya	ʔɐlkɐnʃa
alkansya	ʔɐlkanʃɐ
alkansya	ʔɐlkɐnʃa
alkantarilya	ʔɐlkɐntɐɾiljɐ
alkatsopas	ʔɐlkɐtʃopɐs
alkayseriya	ʔɐlkaɪ̯sɛɾiɐ
alkimiya	ʔɐlkɪmiɐ
alkimya	ʔɐlkimjɐ
alkitran	ʔɐlkɪtɾan
alkohol	ʔɐlkohol
allan	ʔalɐn
allison	ʔalɪson
almaden	ʔɐlmɐdɛn
almanake	ʔɐlmɐnaxɛ
almarez	ʔɐlmɐɾɛs
almario	ʔɐlmaɾjo
almasen	ʔɐlmɐsɛn
almasiga	ʔɐlmasɪɣɐ
almasiga	ʔɐlmɐsiɣɐ
almazan	ʔɐlmɐsan
almazan	ʔɐlmɐzan
almeda	ʔɐlmɛdɐ
almeha	ʔɐlmɛhɐ
almendrala	ʔɐlmɛndɾalɐ
almendras	ʔɐlmɛndɾɐs
almete	ʔɐlmɛtɛ
almirante	ʔɐlmɪɾantɛ
almirol	ʔɐlmɪɾol
almohada	ʔɐlmohadɐ
almohadilya	ʔɐlmohɐdiljɐ
almon	ʔɐlmon
almondigas	ʔɐlmondɪɣas
almoranas	ʔɐlmoɾanɐs
almowada	ʔɐlmoadɐ
almusal	almusˈʔal
almusal	ʔɐlmʊsal
almuwada	ʔɐlmwadɐ
almuwerso	ʔɐlmwɛɾso
alod	ʔalod
alog	ʔalog
alog	ʔɐlog
alok	alˈo
alok	ʔɐlok
alolod	ʔɐlolod
alon	alon
alonte	ʔɐlontɛ
alonto	ʔɐlonto
aloy	ʔaloɪ̯
alpa	ʔalpɐ
alpa	ʔɐlpa
alpabeto	ʔɐlpɐbɛto
alpahol	ʔɐlpɐhol
alpaka	ʔɐlpaxɐ
alpas	alpas
alpas	ʔɐlpas
alperes	ʔɐlpɛɾɛs
alpil	ʔɐlpil
alpiler	ʔɐlpɪlɛɾ
alpombra	ʔɐlpombɾɐ
alsan	ʔɐlsan
alsin	ʔɐlsin
also	ʔalso
alta	ʔɐlta
altanghap	aːlt̚aŋ˧haːb
altanghap	ʔaltɐŋhap
altapresyon	ʔaltɐpɾɛʃon
altar	ʔɐltaɾ
alugin	ʔɐlʊɣin
aluhipan	ʔɐlʊhipɐn
alulod	ʔɐlʊlod
alulong	ʔɐlʊloŋ
alumahan	ʔɐlʊmahɐn
aluminyo	ʔɐlʊmiɲo
alupihan	alupihan
alupihan	ʔɐlʊpihɐn
alusema	ʔɐlʊsɛmɐ
alusitha	ʔɐlʊsɪthaʔ
alusyon	ʔɐlʊʃon
alvarado	ʔɐlvɐɾado
alvarez	ʔalvɐɾɛs
alwagi	ʔɐlwaɣɪ
alyado	ʔɐljado
alyansa	ʔɐljansɐ
alyas	ʔaljɐs
alyas	ʔɐljas
am	ʔam
ama	ʔamɐ
ama	ʔɐma
ama't	amat
amag	amag
amag	ʔamɐg
amagin	amagin
amak	ʔamɐk
amak	ʔɐmak
amam	ʔamɐm
amama	ʔɐmamɐ
amanda	ʔɐmandɐ
amanisaya	ʔɐmɐnɪsajɐʔ
amansinaya	ʔɐmansɪnajɐ
amansinaya	ʔɐmansɪnajɐʔ
amante	ʔɐmantɛ
amapola	ʔɐmɐpolɐ
amaranto	ʔɐmɐɾanto
amarilyo	ʔɐmɐɾiljo
amas	ʔɐmas
amatista	ʔɐmɐtistɐ
amats	amat̪s
amba	ʔɐmbaʔ
ambag	ambag
amber	ʔambɛɾ
ambigwidad	ʔɐmbɪgwɪdad
ambisyon	ʔɐmbɪʃon
ambisyosa	ʔɐmbɪʃosɐ
ambisyoso	ʔɐmbɪʃoso
ambon	ʔɐmbon
ambubuyog	ʔɐmbʊbujog
ambulansiya	ʔɐmbʊlanʃɐ
ambuwang	ʔɐmbwaŋ
amen	ʔamɛn
amen	ʔɐmɛn
amerikana	ʔɐmɛɾɪxanɐ
amerikano	ameɾikano
amerikano	ʔɐmɛɾɪxano
amerikána	amiɾikana
amigable	ʔɐmɪɣablɛ
amihan	ʔɐmihɐn
amil	ʔamɪl
amil	ʔɐmil
amilyar	ʔɐmɪljaɾ
amilyaramyento	ʔɐmɪljɐɾɐmjɛnto
amin	amim
amin	ʔamɛn
amin	ʔamɪn
aminado	ʔɐmɪnado
aminin	ʔɐminɪn
amis	ʔɐmis
amisola	ʔɐmɪsolɐ
amistad	ʔɐmɪstad
amnestiya	ʔɐmnɛstiɐ
amnesya	ʔɐmnɛʃɐ
amo	amo
amo	ʔamoʔ
amo	ʔɐmoʔ
amogis	ʔɐmoɣɪs
amol	ʔamol
amonya	ʔɐmoɲɐ
amoranto	ʔɐmoɾanto
amores	ʔɐmoɾɛs
amoritis	ʔɐmoɾitɪs
amorseko	ʔɐmoɾsɛxo
amos	ʔɐmos
amoy	ʔɐmoɪ̯
ampalaya	ʔɐmpɐlɐja
ampang	ʔɐmpaŋ
ampatuan	ʔɐmpɐtuʔɐn
ampaw	ʔɐmpaʊ̯
amperyo	ʔɐmpɛɾjo
ampibyan	ʔɐmpibjɐn
ampiteatro	ʔɐmpɪtɛatɾo
ampiyon	ʔɐmpjon
ampon	ʔɐmpon
ampunan	ʔɐmpunɐn
ampunan	ʔɐmpʊnan
amugis	ʔɐmuɣɪs
amurao	ʔɐmʊɾaʊ̯
amuyong	ʔɐmujoŋ
amuyong	ʔɐmʊjoŋ
amyenda	ʔɐmjɛndɐ
amyendahan	ʔɐmjɛndɐhan
anahaw	anaːhɐu
anahaw	ʔɐnahaʊ̯
anak	anˈa
anak	ʔanɐk
anak	ʔɐnak
anak-dalita	anakdaːlita
anaki	ʔɐnaxɪ
anaki	ʔɐnaxɪʔ
anaklang	ʔɐnɐklaŋ
anakpawis	ʔɐnɐkpawɪs
anakroniko	ʔɐnɐkɾonɪxo
anakronismo	ʔɐnɐkɾonismo
analisador	ʔɐnɐlɪsɐdoɾ
analisis	analysis
analisis	ʔɐnalɪsɪs
analitika	ʔɐnɐlitɪxɐ
analitiko	ʔɐnɐlitɪxo
analohiya	ʔɐnɐlohiɐ
anaman	ʔɐnɐman
ananapla	ʔɐnɐnaplɐ
ananapla	ʔɐnɐnɐpla
anang	ʔɐnaŋ
anarkiya	ʔɐnɐɾkiɐ
anarkya	anaɾkeja
anas	ʔɐnas
anasan	ʔanasɐn
anastasia	ʔɐnɐstaʃɐ
anatomista	ʔɐnɐtomistɐ
anatomiya	ʔɐnɐtomiɐ
anatomiya	ʔɐnɐtomja
anawnser	ʔɐnaʊ̯nsɛɾ
anayad	ʔɐnajɐd
anayin	ʔɐnajɪn
anayo	ʔɐnajo
ancha	ʔɐntʃa
ancheta	ʔɐntʃɛtɐ
andaderas	ʔɐndɐdɛɾɐs
andal	ʔɐndal
andam	ʔɐndam
andap	ʔɐndap
andar	ʔɐndaɾ
andas	ʔɐndas
andaya	ʔɐndajɐ
andeng	ʔɐndɛŋ
andora	ʔɐndoɾɐ
andres	ʔɐndɾɛs
anek	ʔɐnɛk
anemometro	ʔɐnɛmomɛtɾo
anemya	ʔɐnɛmjɐ
ang	ʔɐŋ
anga	ʔɐŋa
anga	ʔɐŋaʔ
angal	ʔaŋɐl
angal	ʔɐŋal
angas	ʔaŋɐs
angas	ʔɐŋas
angat	ʔɐŋgat
angaw	ʔaŋaʊ̯
angaw	ʔɐŋaʊ̯
angeles	ʔaŋhɛlɛs
anggo	ʔɐŋgo
anggulo	ʔaŋgʊlo
anghang	aŋhaŋ
anghang	ʔɐŋhaŋ
anghel	ʔɐŋhɛl
anghit	ʔɐŋhit
angi	ʔɐŋi
angil	ʔaŋɪl
angis	ʔɐŋis
angkak	ʔɐŋkak
angkan	ʔɐŋkan
angkas	ʔɐŋkas
angkat	ʔɐŋkat
angkatin	aːnkatin
angkin	ɑŋkɪn
angkin	ʔɐŋkin
angkla	ʔaŋklɐ
angkong	ʔaŋkoŋ
angkop	aŋ˧kʰʊb˨˩
angkop	ʔɐŋkop
ango	ʔɐŋo
angono	ʔɐŋgono
angono	ʔɐŋono
angot	ʔɐŋot
angpao	ʔampaʊ̯
anhin	ʔɐnhin
ani	ani
ani	ʔanɪ
ani	ʔɐni
anib	ʔanɪb
anibersaryo	ʔɐnɪbɛɾsaɾjo
anihan	a˦˥nihãn˥˩
anila	ʔanɪlɐ
anila	ʔɐnilɐ
anilao	ʔɐnɪlaʊ̯
anilaw	ʔɐnilaʊ̯
anilyo	ʔɐniljo
anim	anem
animal	ʔɐnɪmal
animismo	ʔɐnɪmismo
animnapu	animnapɔ
animnapu	ʔanɪmnɐpuʔ
animnaraan	ʔanɪmnɐɾɐʔan
aninag	ʔɐninɐg
aninaw	ʔɐninaʊ̯
aninaw	ʔɐnɪnaʊ̯
anino	anino
anino	ʔɐnino
anis	ʔɐnis
anislag	ʔɐnislɐg
anit	anet
anit	ʔanɪt
anit	ʔɐnit
anito	ʔanɪto
anito	ʔɐnito
aniya	ʔaɲɐ
anlaw	ʔɐnlaʊ̯
anlowage	ʔɐnloaɣɛ
ann	ʔan
ano	alo
anod	ʔanod
anomalya	ʔɐnomɐlja
anonang	ʔɐnonɐŋ
anonas	anonas
anonas	ʔɐnonɐs
anor	ʔɐnoɾ
anos	ʔanos
anos	ʔɐnos
anot	ʔɐnot
ansiles	ʔɐnsɪlɛs
ansilis	ʔɐnsɪlis
ansiyano	ʔɐnʃano
anson	ʔanson
anta	ʔantɐ
anta	ʔɐnta
antabay	ʔɐntabaɪ̯
antak	ʔɐntak
antala	antala
antala	ʔɐntalɐ
antala	ʔɐntalɐʔ
antanda	ʔɐntɐndaʔ
antas	ʔɐntas
antay	ʔɐntaɪ̯
antayín	antajan
antemano	ʔɐntɛmano
antena	ʔɐntɛnɐ
antibiyotiko	ʔɐntɪbjotɪxo
antig	ʔɐntig
antik	ʔɐntik
antilano	ʔɐntɪlano
antilope	ʔɐntilopɛ
antilope	ʔɐntɪlopɛ
antipalo	ʔɐntɪpalo
antipara	ʔɐntɪpaɾɐ
antipatika	ʔɐntɪpatɪxɐ
antipatiko	ʔɐntɪpatɪxo
antipolo	ʔɐntɪpolo
antipona	ʔɐntiponɐ
antiporda	ʔɐntɪpoɾdɐ
antisipasyon	ʔɐntɪsɪpɐʃon
antisipo	ʔɐntɪsipo
antok	ʔɐntok
antok	ẽnt̪ok
antraks	ʔantɾɐks
antropolohiya	ʔɐntɾopolohiɐ
antsa	ʔɐntʃa
antukin	antukin
antukin	ʔɐntuxɪn
antukin	ʔɐntʊxin
antáy	antˈaj
anu-ano	anˈoanˈo
anubing	ʔɐnubɪŋ
anubing	ʔɐnʊbiŋ
anuhin	ʔɐnʊhin
anuman	ʔɐnʊman
anunsiyasyon	ʔɐnʊnʃɐʃon
anunsiyo	ʔɐnunʃo
anunsyo	ʔɐnunʃo
anupa't	anupˈat
anuwang	ʔɐnwaŋ
anwang	ʔɐnwaŋ
anyare	ʔɐɲaɾɛ
anyaya	ʔɐɲajɐ
anyaya	ʔɐɲajɐʔ
anyayahan	ʔɐɲɐjahɐn
anyo	anˈiwˌ
anyo	ʔaɲo
anyos	ʔaɲos
aníno	anino
apa	ʔapɐ
apahap	ʔɐpahɐp
apak	ʔɐpak
apalit	ʔɐpalɪt
apalya	ʔɐpɐlja
aparato	ʔɐpɐɾato
apartamento	apaɾt̪amẽn̪t̪o
apat	apat
apat	ʔapɐt
apatita	ʔɐpɐtitɐ
apatnapu	ʔapɐtnɐpuʔ
apatnapung	apatnapoŋ
apatnaraan	ʔapɐtnɐɾɐʔan
apaw	ʔapaʊ̯
apaw	ʔɐpaʊ̯
apaya	ʔɐpajɐ
apayao	ʔɐpɐjaʊ̯
apdo	ʔɐpdo
apektado	ʔɐpɛktado
apekto	ʔɐpɛkto
apelasyon	ʔɐpɛlɐʃon
apelyido	ʔɐpɛljido
apendisitis	ʔɐpɛndɪsitɪs
apganistan	apgaˈnɪstˈan
apganistan	ʔɐpgɐnɪstan
api	ʔɐpi
apid	ʔɐpid
apidabit	ʔɐpɪdabɪt
apihin	ʔɐpɪhin
apila	ʔɐpɪla
apilado	ʔɐpɪlado
apir	apir
apir	ʔɐpiɾ
apisiyonado	apisionado
apitong	ʔɐpitoŋ
aplasca	ʔɐplaskɐ
aplaya	ʔɐplajɐ
aplikant	ʔaplɪxɐnt
aplikante	ʔɐplɪxantɛ
aplikasyon	ʔɐplɪxɐʃon
apog	apom
apog	ʔapog
apoheo	ʔɐpohɛo
apokripos	ʔɐpokɾɪpos
apolinar	ʔɐpolɪnaɾ
apolinario	ʔɐpolɪnaɾjo
apolo	ʔɐpolo
apolonio	ʔɐpoloɲo
apostasiya	ʔɐpostɐsiɐ
apostata	ʔɐpostɐta
apostol	ʔɐpostol
apostolado	ʔɐpostolado
apostoles	ʔɐpostolɛs
apostoliko	ʔɐpostolɪxo
apostrope	ʔɐpostɾopɛ
apoy	aːpoj
apoy	ʔɐpoɪ̯
apresasyon	ʔɐpɾɛsɐʃon
apresyasyon	ʔɐpɾɛʃɐʃon
aprika	ʔapɾɪxɐ
aprikano	ʔɐpɾɪxano
apritada	ʔɐpɾɪtadɐ
aproba	ʔɐpɾoba
aprobado	ʔɐpɾobado
aproksimasyon	ʔɐpɾoksɪmɐʃon
apuhap	ʔɐpuhɐp
apuhap	ʔɐpʊhap
apula	apula
apula	ʔɐpulɐʔ
apula	ʔɐpʊlaʔ
apulon	ʔɐpulon
apunta	ʔɐpʊnta
apuntador	ʔɐpʊntɐdoɾ
apura	ʔɐpʊɾa
apurado	ʔɐpʊɾado
apuybilos	ʔɐpʊɪ̯bilos
apyan	ʔɐpjan
apyo	ʔapjo
aquiles	ʔɐxilɛs
arabe	ʔɐɾabɛ
arabia	ʔɐɾabjɐ
arabo	ʔɐɾabo
aragon	ʔɐɾɐɣon
aragones	ʔɐɾɐɣonɛs
arakibot	ʔɐɾaxɪbot
aral	aral
aral	ʔaɾɐl
aral	ʔɐɾal
aralan	ʔaɾalɐn
aralan	ʔɐɾalɐn
aralan	ʔɐɾɐlan
aralin	ʔɐɾalɪn
aralin	ʔɐɾɐlin
arambulo	ʔɐɾambʊlo
aranda	ʔɐɾandɐ
araneta	aɾanet̪a
araneta	ʔɐɾɐnɛtɐ
arangkada	ʔɐɾɐŋkadɐ
aranya	ʔɐɾaɲɐ
aranya	ʔɐɾɐɲa
arao	ʔaɾaʊ̯
arap	ʔaɾɐp
araro	ʔɐɾaɾo
araro	ʔɐɾɐɾo
araru	ʔɐɾɐɾu
aras	ʔaɾɐs
aratiles	ʔɐɾatɪlɛs
aratilis	ʔɐɾatɪlɪs
arawan	ʔɐɾawɐn
arawan	ʔɐɾɐwan
arañas	ʔɐɾaɲɐs
arcalas	ʔaɾkɐlɐs
arcilla	ʔɐɾsiljɐ
ardilya	ʔɐɾdiljɐ
are	ʔɐɾɛ
areglado	ʔɐɾɛglado
areglo	ʔɐɾɛglo
arellano	ʔɐɾɛljano
arenas	ʔɐɾɛnɐs
aresto	ʔɐɾɛsto
arevalo	ʔɐɾɛvɐlo
argolya	ʔɐɾgoljɐ
arguelles	ʔɐɾgwɛljɛs
arguelles	ʔɐɾgɛljɛs
argumento	ʔɐɾgʊmɛnto
ari	ari
ari	ʔaɾɪʔ
ari	ʔɐɾi
ari	ʔɐɾɛ
ariangaw	ʔɐɾɪʔaŋaʊ̯
arias	ʔaɾjɐs
ariba	ʔɐɾibɐ
ariin	ʔɐɾiʔɪn
arilyos	ʔɐɾiljos
arimuhan	ʔaɾɪmʊhan
arimuhan	ʔɐɾɪmuhɐn
arimuhanan	ʔaɾɪmʊhɐnan
arimuhunan	ʔaɾɪmʊhʊnan
arina	ʔɐɾinɐ
arinda	ʔɐɾɪnda
aringkin	ʔɐɾɪŋkin
ariola	ʔɐɾjolɐ
aristokrasya	ʔɐɾɪstokɾaʃɐ
aristoteles	ʔɐɾɪstotɛlɛs
arkanghel	ʔɐɾkaŋhɛl
arkanghel	ʔɐɾkɐŋhɛl
arkansiya	ʔɐɾkɐnsiɐ
arkeologo	ʔɐɾkɛoloɣo
arkeolohiya	ʔɐɾkɛolohiɐ
arkila	ʔɐɾkɪla
arkipelago	ʔɐɾkɪpɛlɐɣo
arkitekto	ʔɐɾkɪtɛkto
arkitektura	ʔɐɾkɪtɛktuɾɐ
arko	ʔaɾko
arko	ʔɐɾko
arlekin	ʔɐɾlɛxin
arlene	ʔɐɾlin
armadilyo	armadiljo
armadilyo	ʔɐɾmɐdiljo
armado	ʔɐɾmado
armalayt	ʔaɾmɐlaɪ̯t
armenya	aɾmɛn̪ʝa
armenya	ʔɐɾmɛɲɐ
arminyo	ʔɐɾmiɲo
armonya	aɾmonʲa
armori	ʔaɾmoɾɪ
arnaiz	ʔɐɾnaʔɪs
arnibal	ʔɐɾnibɐl
arobo	ʔɐɾobo
arok	ʔɐɾok
arosero	ʔɐɾosɛɾo
aroskaldo	ʔɐɾoskaldo
arpa	ʔɐɾpa
arpiya	ʔɐɾpiɐ
arquiza	ʔɐɾkizɐ
arriola	ʔɐɾjolɐ
arrogante	ʔɐɾoɣantɛ
arroyo	ʔɐɾojo
arsenia	ʔɐɾsɛɲɐ
arseniko	ʔɐɾsɛnɪxo
arsenio	ʔɐɾsɛɲo
arsilya	ʔɐɾsiljɐ
arsobispado	ʔɐɾsobɪspado
arte	ʔaɾtɛ
artiaga	ʔɐɾtʃaɣɐ
artipisyal	ʔɐɾtɪpɪʃal
artista	aɾð̞ist̪a
artropodo	ʔɐɾtɾopodo
artseriya	ʔɐɾtʃɛɾiɐ
artsipiyelago	ʔɐɾtʃɪpjɛlɐɣo
arugain	ʔɐɾʊɣɐʔin
aruro	ʔɐɾʊɾo
aruskaldo	ʔɐɾʊskaldo
aruy	ʔɐɾuɪ̯
arzadon	ʔɐɾsɐdon
arzadon	ʔɐɾzɐdon
asa	ʔasɐ
asada	ʔɐsadɐ
asado	ʔɐsado
asador	ʔɐsɐdoɾ
asahan	ʔɐsahɐn
asal	ʔasɐl
asal	ʔɐsal
asalan	ʔɐsalɐn
asalin	ʔɐsalɪn
asalin	ʔɐsɐlin
asam	ʔɐsam
asamblea	ʔɐsɐmblɛɐ
asambleista	ʔɐsɐmblɛistɐ
asambleya	ʔɐsɐmblɛɐ
asanorya	ʔɐsɐnoɾjɐ
asap	ʔɐsap
asapran	ʔɐsɐpɾan
asarin	aːs̺aɾiːn
asarol	ʔɐsɐɾol
asawa	ʔɐsawɐ
asaynment	ʔɐsaɪ̯nmɛnt
asbesto	ʔɐsbɛsto
asbok	ʔɐsbok
aselga	asˈɛlga
asemblea	ʔɐsɛmblɛɐ
asendero	ʔɐsɛndɛɾo
aserbayan	ʔɐsɛɾbɐjan
asete	ʔɐsɛtɛ
aseyte	ʔɐsɛɪ̯tɛ
aseytera	ʔɐsɛɪ̯tɛɾɐ
aseytuna	ʔɐsɛɪ̯tunɐ
aseytuno	ʔɐsɛɪ̯tuno
ashley	ʔaʃlɪ
asibar	ʔɐsibɐɾ
asido	aːsidˈo
asido	ʔasɪdo
asignatura	ʔɐsɪgnɐtuɾɐ
asikaso	ʔɐsɪxaso
asilo	ʔasɪlo
asim	ʔasɪm
asimilasyon	ʔɐsɪmɪlɐʃon
asin	ʔɐsin
asinan	ʔɐsinɐn
asinan	ʔɐsɪnan
asindero	ʔɐsɪndɛɾo
asinta	ʔɐsɪnta
asintada	ʔɐsɪntadɐ
asintado	ʔɐsɪntado
asiong	ʔaʃoŋ
asistio	ʔɐsistʃo
asiwa	asˌiwa
asiwa	ʔɐsiwɐʔ
asiwa	ʔɐsɪwaʔ
asnan	ʔɐsnan
asngal	ʔɐsŋal
asno	asno
aso	pɑ˥swe
aso	ʔaso
asod	ʔɐsod
asog	ʔasog
asog	ʔɐsog
asoge	ʔɐsoɣɛ
asotea	ʔɐsotɛɐ
aspalto	ʔɐspalto
aspeto	ʔɐspɛto
aspile	ʔɐspɪlɛ
aspin	ʔaspɪn
aspirina	ʔɐspɪɾinɐ
aspital	ʔɐspɪtal
asta	ʔastɐ
asta	ʔɐstaʔ
astaka	ʔɐstaxɐʔ
astakona	ʔɐstɐxonɐ
astig	astˈi
astig	ʔɐstig
astigmatismo	ʔɐstɪgmɐtismo
astilyehos	ʔɐstɪljɛhos
astinggal	ʔɐstɪŋgal
astro	ʔastɾo
astrolohiya	ʔɐstɾolohiɐ
astronomiya	ʔɐstɾonomiɐ
astropisika	ʔɐstɾopisɪxɐ
asukal	asukal
asukal	ʔɐsuxɐl
asul	ʔɐsul
asuncion	ʔɐsʊnʃon
asungot	ʔɐsuŋot
asunsiyon	ʔɐsʊnʃon
asunto	ʔɐsunto
asupre	ʔɐsupɾɛ
asusena	ʔɐsʊsɛnɐ
aswang	ʔɐswaŋ
asya	aʃa
asya	aʃia
asya	ʔaʃɐ
asyano	ʔɐʃano
asyenda	ʔɐʃɛndɐ
at	ʔɐt
ata	ʔatɐʔ
atag	ʔatɐg
atake	ʔɐtaxɛ
atakehin	atakɛɦɛn
atakihin	ʔɐtɐxihɪn
atang	ʔatɐŋ
atang	ʔɐtaŋ
atangya	ʔɐtɐŋja
ataro	ʔɐtɐɾo
atas	ʔatɐs
atasan	ʔɐtasɐn
atat	atat
atat	ʔɐtat
ataud	ʔɐtɐʔud
atay	aːtˈai
atay	ʔɐtaɪ̯
atayin	ʔɐtɐjin
ate	ate
ate	ʔɐtɛ
ateismo	ʔɐtɛismo
atenas	ʔɐtɛnɐs
atendido	ʔɐtɛndido
ateneo	ʔɐtɛnɛo
atensiyon	ʔɐtɛnʃon
atig	ʔɐtig
atigin	ʔɐtɪɣin
atik	ʔɐtik
atikha	ʔɐtɪkhaʔ
atim	ʔɐtim
atin	ʔatɛn
atin	ʔatɪn
ating	ating
atip	ʔɐtip
atis	atis
atis	ʔatɪs
atlantiko	ʔɐtlantɪxo
atlas	atlas
atleta	ʔɐtlɛtɐ
atlo	ʔɐtlo
atomismo	ʔɐtomismo
atomo	atomo
atomo	ʔatomo
atorni	ʔɐtoɾnɪ
atrebida	ʔɐtɾɛbidɐ
atrebido	ʔɐtɾɛbido
atribida	ʔɐtɾɪbidɐ
atribido	ʔɐtɾɪbido
atribusyon	ʔɐtɾɪbʊʃon
atsara	ʔɐtʃaɾɐ
atse	ʔatʃɛ
atsi	ʔatʃɪ
atsoy	ʔɐtʃoɪ̯
atsuwete	ʔɐtʃwɛtɛ
atubili	ʔɐtʊbɪliʔ
atungal	ʔɐtuŋɐl
atupag	ʔɐtupɐg
aurora	ʔaʊ̯ɾoɾɐ
aurorahin	ʔaʊ̯ɾoɾahɪn
australya	aʊʃtɹˈaljɐ
austrya	ˈaʊstɹɪa
auyong	ʔaʊ̯joŋ
avanceña	ʔɐvɐnsɛɲɐ
avendaño	ʔɐvɛndaɲo
avenida	abenida
awa	awwa
awak	ʔawɐk
awak	ʔɐwak
awanggan	ʔɐwɐŋgan
awas	ʔɐwas
awat	ʔawɐt
awayan	ʔɐwɐjan
awayin	auaɪˈɛn
awayin	ʔɐwajɪn
awditor	ʔaʊ̯dɪtoɾ
awditoryo	ʔaʊ̯dɪtoɾjo
awstralya	ʔaʊ̯stɾaljɐ
awstralya	ˌaʊʃtɹˈaljɐ
awstriya	ʔaʊ̯stɾjɐ
awtismo	ʔaʊ̯tismo
awto	ʔaʊ̯to
awtobus	ʔaʊ̯tobus
awtograpo	ʔaʊ̯togɾɐpo
awtokuwarentena	ʔaʊ̯tokwɐɾɛntɛnɐ
awtomatiko	ʔaʊ̯tomatɪxo
awtomobil	ʔaʊ̯tomobɪl
awtomobil	ʔotomobɪl
awtonomiya	ʔaʊ̯tonomiɐ
awtopsiya	ʔaʊ̯topsiɐ
awtopsiya	ʔaʊ̯topʃɐ
awtopsiya	ʔotopsiɐ
awtopsiya	ʔotopʃɐ
awtor	ʔaʊ̯toɾ
awtoridad	ʔaʊ̯toɾɪdad
awtorisado	ʔaʊ̯toɾɪsado
awtorisado	ʔotoɾɪsado
awtorisasyon	ʔaʊ̯toɾɪsɐʃon
awtorisasyon	ʔotoɾɪsɐʃon
awyoung	ʔaʊ̯jɐŋ
aya	ʔajɐ
ayako	ʔajɐxo
ayala	ajjala
ayam	ʔajɐm
ayan	ʔɐjan
ayangaw	ʔɐjɐŋaʊ̯
ayaw	aɪˈaɪ
ayaw	ʔɐjaʊ̯
ayayay	ʔɐjɐjaɪ̯
ayo	ʔajo
ayo	ʔɐjo
ayo	ʔɐjoʔ
ayok	ʔajok
ayon	ion
ayon	ʔɐjon
ayos	aios
ayos	ʔɐjos
aysing	ʔaɪ̯sɪŋ
ayskrim	ʔaɪ̯skɾɪm
ayta	ʔaɪ̯ta
ayumi	ʔɐjumɪ
ayungin	ʔɐjuŋɪn
ayusin	ajusˈin
ayusin	ʔɐjusɪn
ayusin	ʔɐjʊsin
ayuyang	ʔɐjʊjaŋ
aywan	ʔaɪ̯wan
azkal	asˈkal
añonuevo	ʔaɲonwɛvo
b	b
b	bɐ
b	bɛ
b	bɪ
ba	bɐ
ba	vˈa
ba't	bat
baat	bɐʔat
baba	babɐ
baba	babɐʔ
baba	bɐba
baba	bɐbaʔ
babaan	babaʔɐn
babaan	bɐbɐʔan
bababaihin	bɐbɐbɐʔihɪn
babad	babɐd
babad	bɐbad
babae	babaːɛ
babae	bɐbaʔɛ
babaero	bɐbɐʔɛɾo
babag	babɐg
babag	bɐbag
babahin	bɐbɐhin
babahing	bɐbɐhiŋ
babaihin	bɐbɐʔihɪn
babakunahan	bɐbɐxʊnahɐn
babala	baːbala
babala	bɐbɐlaʔ
babao	babaʊ̯
babasa	bɐbasɐ
babasagin	babɐsaɣɪn
babasagin	babɐsɐɣin
babasagin	bɐbɐsaɣɪn
babasagin	bɐbɐsɐɣin
babasagin	bəbasaːgin
babasahin	babɐsahɪn
babasahin	bɐbɐsahɪn
babasahin	bɐbɐsɐhin
babat	babɐt
babat	bɐbat
babatiin	bˈabatiːn
babatukan	bɐbɐtuxɐn
babaw	babau
babaw	babaʊ̯
babayaran	bɐbɐjaɾɐn
babayaran	bɐbɐjɐɾan
babaye	bɐbajɛ
babayi	bɐbajɪ
babaylan	bɐbaɪ̯lan
babero	bɐbɛɾo
baboy	baboɪ̯
babuyan	babujan
babuyan	bɐbujɐn
babuyan	bɐbʊjan
babuyin	bɐbujɪn
babá	babə
bacarra	bɐxaɾɐ
bacas	bɐxas
baclad	bɐklad
baclaran	bɐklaɾɐn
bacolod	bɐxolod
bacsa	baksɐ
bactol	baktol
badaho	bɐdaho
badap	bɐdap
badayos	bɐdajos
bading	bɐdiŋ
badminton	badmɪnton
badminton	bɐdmɪnton
badtrip	badtɾɪp
baduy	baduːj
baduy	bɐduɪ̯
badya	bɐdʒa
badyet	badʒɛt
bae	bɐʔɛ
bag	bag
baga	baɣɐ
baga	baɣɐʔ
baga	bɐɣa
baga	bɐɣaʔ
baga	vˈagɐ
bagabag	bɐɣabɐg
bagabag	bɐɣɐbag
bagabag	bˌaɣabˈaŋ
bagahe	bɐɣahɛ
bagal	baɣɐl
bagal	bˈagal
bagalan	bɐɣalɐn
bagama't	bɐɣɐmat
bagaman	bɐɣɐman
bagaman	β̞aɣ̞aman
bagamat	bˈagamat
bagamundo	bɐɣɐmundo
bagang	bagaŋ
bagang	bɐɣaŋ
bagansiya	bɐɣanʃɐ
bagaoisan	bɐɣɐwisɐn
bagaso	bɐɣaso
bagat	baɣɐt
bagat	bɐɣat
bagay	baɣaɪ̯
bagbag	bɐgbag
bagets	bɐɣɛts
bagets	mˌaˈgəts
baging	baɣɪŋ
bagisbis	bagisbis
bagito	bɐɣito
bagito	bˌeɣito
bagko	bɐgkoʔ
bagkos	bɐgkos
bagkus	bɐgkus
bagnet	bɐgnɛt
bago	bago
bago	bagu
bago	baɣo
bagok	bago
bagok	bɐɣok
bagol	bɐɣol
bagon	bɐɣon
bagoong	bɐɣoʔoŋ
bagot	bɐɣot
bagsak	bagˈsak
bagsak	bɐgsak
bagsakan	bɐgsaxɐn
bagsik	bagˈsik
bagsik	bɐgsik
bagsit	bɐgsit
bagtas	baktˈas
bagtas	bɐgtas
bagtasin	baktasˈin
bagting	bɐgtiŋ
baguhan	baːgəhan
baguhan	bɐɣuhɐn
baguio	bagjo
bagumbayan	bɐɣʊmbajɐn
bagumbayan	bˌɐgˌumˈbˌaɪˌˈa
bagumbong	bɐɣʊmboŋ
bagunsakupin	bɐɣʊnsɐxupɪn
baguntao	bɐɣʊntaʔo
bagwis	bɐgwis
bagyo	bɐgjo
bagyuhin	bagjoː˧˥hĩːn˨˩
bagyuhin	bɐgjʊhin
bagà	baga
baha	bahɐ
baha	bɐhaʔ
bahada	bɐhadɐ
bahag	bɐhag
bahagan	bɐhɐɣan
bahagdan	bɐhɐgdan
bahaghari	bɐhɐghaɾɪʔ
bahagi	bɐhaɣɪʔ
bahagsubay	bɐhɐgsubaɪ̯
bahagya	bɐhɐgjaʔ
bahain	bɐhaʔɪn
bahain	bɐhɐʔin
bahala	bɐhalɐʔ
bahasa	bɐhasɐ
bahaw	bahaʊ̯
bahaw	bɐhaʊ̯
bahay	bahaɪ̯
bahay	bɐhaɪ̯
bahete	bɐhɛtɛ
bahi	bahɪʔ
bahid	bahɪd
bahin	bahɪn
bahin	bɐhin
bahin	bɐhiŋ
bahing	bɐhiŋ
bahista	bɐhistɐ
bahiya	bɐhiɐ
baho	baho
baho	bahoʔ
baho	baxo
bahon	bɐhon
bahugan	bˌɐhˈoʊgɐn
bahura	bɐhuɾɐ
bai	bɐʔi
baiki	bɐʔixɪʔ
bailen	baɪ̯lɛn
bainat	bajnɛt
bainatin	bai̯natʲim
baino	bɐʔino
bais	baʔiz
baisa	baɪ˧˥saː˩˩˦
baisan	bɐʔɪsan
baisi	bɐʔisɪʔ
bait	baʔit
bait	bɐʔit
baitang	baɪ̯taŋ
baitang	bɐʔitɐŋ
baitang	bɐʔɪtaŋ
baiya	bɐʔiɐ
bajado	bɐhado
baka	baka
baka	baxɐ
baka	bɐxa
baka	bɐxaʔ
baka	bˈaɾˈa
bakahan	bɐxɐhan
bakal	baxɐl
bakal	bɐxal
bakalaw	bɐxɐlaʊ̯
bakam	baxɐm
bakam	bɐxam
bakaman	baqaman
bakante	bɐxantɛ
bakantihin	makaːntɪhɪn
bakas	baxɐs
bakas	bɐxas
bakasyon	bɐxɐʃon
bakasyonista	bɐxɐʃonistɐ
bakasyunista	bɐxɐʃʊnistɐ
bakat	baxɐt
bakat	bɐxat
bakaw	baxaʊ̯
bakaw	bɐxaʊ̯
bakawan	bɐxawɐn
bakawan	makaːwan
bakay	baxaɪ̯
bakbak	bak˨˩bak˨˩
bakbak	bɐkbak
bakero	bɐxɛɾo
baket	baxɛt
bakin	baxɪn
bakit	baxɪt
bakla	bɐkla
bakla	bɐklaʔ
baklad	bɐklad
baklain	bɐklaʔɪn
baklain	bɐklɐʔin
baklas	bɐklas
baklas	bˈaklas
baklasin	aklasˌin
bakli	bɐkəlɪ
baklita	bɐklitɐ
bako	bako
bako	bɐxoʔ
bakod	baxod
bakod	baːkon
bakod	bɐxod
bakokang	bɐxoxɐŋ
bakol	baxol
bakong	baxoŋ
bakood	bɐxoʔod
baksa	bɐksa
baksa	bɐksaʔ
baktaw	bɐktaʊ̯
bakterya	bɐktɛɾjɐ
bakulaw	baqʊlaw
bakulo	baxʊlo
bakulod	bɐxulod
bakuna	bɐxunɐ
bakunado	bɐxʊnado
bakunahan	bɐxʊnahɐn
bakuran	bɐxuɾɐn
bakuwod	bɐxuod
bakwet	bɐkwɛt
bakwit	bɐkwit
bakya	bɐkjaʔ
bala	balɐ
bala	balɐʔ
balaan	bɐlaʔɐn
balabag	balaːbaɣ
balabag	bɐlɐbag
balabal	bɐlabɐl
balabiga	bɐlɐbiɣɐʔ
balada	bɐladɐ
balae	balaˈj
balae	bɐlaʔɛ
balag	balɐg
balag	bɐlag
balaga	bɐlɐɣa
balaga	bɐlɐɣaʔ
balagat	balaˈgət
balagat	bɐlaɣɐt
balagbag	bɐlɐgbag
balaghan	bɐlɐghan
balaglawas	bɐlɐglawɐs
balagtas	balaːgtaːs
balagtas	bɐlɐgtas
balagtasan	balɐgtasɐn
balaguer	bɐlɐɣɛɾ
balahadia	bɐlɐhadʒɐ
balahak	bɐlahɐk
balahakan	balɐhɐxan
balahaw	bɐlahaʊ̯
balahibo	bɐlɐhibo
balaho	bɐlɐhoʔ
balahura	bɐlɐhuɾɐ
balai	bɐlaʔɪ
balaid	bɐlɐʔid
balais	bɐlaʔɪs
balajadia	bɐlɐhadʒɐ
balak	bala
balak	balɐk
balakang	bɐlɐxaŋ
balakat	bɐlaxɐt
balakbak	bɐlɐkbak
balakid	bɐlaxɪd
balakid	bɐlɐxid
balakil	bɐlaxɪl
balakilan	bɐlɐxilɐn
balaklaot	balɐklaʔot
balaksila	bɐlɐksilɐʔ
balakubak	bɐlɐxubɐk
balakubakin	bɐlɐxʊbaxɪn
balakyot	bɐlɐkjot
balam	balɐm
balam	bɐlam
balana	balɐnɐ
balana	bɐlanɐʔ
balanan	bɐlanɐn
balandra	bɐlandɾɐ
balang	balaŋ
balang	balɐŋ
balanga	bɐlɐŋaʔ
balangaw	bɐlɐŋaʊ̯
balangay	balaŋaj
balangay	bɐlaŋaɪ̯
balangay	bɐlɐŋaɪ̯
balanggot	bɐlɐŋgot
balangkas	balaŋkas
balangkas	bɐlɐŋkas
balangkat	balaŋkat
balangkatan	balaŋkaːtaŋ
balangkatin	balaŋˈkɑtiːn˧
balangkinitan	balaŋkiˈnit̪an
balani	balani
balanoy	bɐlanoɪ̯
balansa	balanˈsa
balansang	bɐlɐnsaŋ
balanse	bɐlansɛ
balanya	balaɲːa
balanyain	balaːnjaɪn
balaraw	bɐlɐɾaʊ̯
balarila	balarila
balarila	balaɾila
balarila	bɐlɐɾilɐʔ
balas	balɐs
balas	bɐlas
balasa	balaːsɑ
balasa	bɐlasɐ
balasabas	bɐlɐsabɐs
balasador	bɐlɐsɐdoɾ
balasahin	balasahɪm
balasahin	bɐlɐsahɪn
balasto	bɐlasto
balasubas	bɐlɐsubɐs
balat	balat
balat	balɐt
balat	bɐlat
balatbat	bɐlɐtbat
balatik	bɐlatɪk
balatik	bɐlɐtik
balatkayo	bɐlɐtkɐjoʔ
balato	bɐlato
balatok	bɐlatok
balatok	bɐlɐtok
balatong	bɐlatoŋ
balatuhan	balatuhan
balaw	balaʊ̯
balaw	bɐlaʊ̯
balaye	bɐlajɛ
balayi	bɐlajɪ
balbakwa	bɐlbɐkwa
balbal	balbal
balbal	bɐlbal
balbas	balbas
balbas	bɐlbas
balbon	bɐlbon
balbula	balbʊlɐ
balda	baldɐ
balda	bɐlda
baldado	bɐldado
baldahin	bɐldɐhin
balde	balde
balde	baldɛ
balde	bɐldɛ
baldonado	bɐldonado
baldosa	bɐldosɐ
bale	balɛ
baler	bɐlɛɾ
balesin	bɐlɛsin
balete	bɐlɛtɛ
balewala	balɛwɐlaʔ
balewalain	balɛwɐlɐʔin
baley	bɐlɛɪ̯
bali	balɪ
bali	balɪʔ
bali	bɑːliː
balibag	bɐlibɐg
balibag	bɐlɪbag
balibago	bɐlɪbaɣo
balibat	bɐlibɐt
balibat	bɐlɪbat
balibol	balɪbol
balibol	bɐlibol
balibulan	balɪbulɐn
balidasyon	bɐlɪdɐʃon
balido	balɪdo
baligho	bɐlɪghoʔ
baligtad	baliɣtad
baligtad	bɐlɪgtad
baligtarin	bɐlɪgtaɾɪn
baligtarin	bɐlɪgtɐɾin
baliin	baːliːən
baliin	bɐliʔɪn
balik	balək
balik	bɐlik
balikan	balixɐn
balikan	balɛk̚˨˩an˧
balikan	bɐlɪxan
balikat	bɐlixɐt
balikatin	bɐlɪxatɪn
balikbayan	balikbajjãːn
balikbayan	bɐlɪkbajɐn
baliko	bɐlɪxoʔ
baliktad	bɐlɪktad
balikutsa	bɐlɪxʊtʃa
balikwas	balˈekwasˈ
balikwas	bɐlɪkwas
baliling	bɐlilɪŋ
baliling	bɐlɪliŋ
balilo	bɐlilo
balimbing	bɐlɪmbiŋ
balindang	bɐlɪndaŋ
balindas	bɐlɪndas
baling	balɪŋ
baling	bɐliŋ
balinghat	bɐlɪŋhat
balinghoy	bɐlɪŋhoɪ̯
balingit	bɐliŋɪt
balingkinitan	bɐlɪŋkɪnitɐn
balingot	bɐliŋot
balingot	bɐlɪŋot
balinguyngoy	bɐlɪŋʊɪ̯ŋoɪ̯
balino	bɐlino
balino	bɐlɪno
balino	bɐlɪnoʔ
balinsasayaw	bɐlinsɐsɐjaʊ̯
balintataw	bɐlɪntɐtaʊ̯
balintataw	bɐlɪntɐtɐʔo
balintawak	bɐlɪntɐwak
balintong	bɐlɪntoŋ
balintuna	bɐlɪntunɐʔ
balintunay	bɐlɪntunaɪ̯
balipik	bɐlipɪk
balisa	bales̪a
balisa	bɐlisɐ
balisa	bɐlɪsa
balisacan	bɐlɪsaxɐn
balisakang	bɐlɪsɐxaŋ
balisawsaw	bɐlɪsaʊ̯saʊ̯
baliskad	bɐlɪskad
balisong	balisɔŋ
balisong	bɐlisoŋ
balisong	bɐlɪsoŋ
balisungsong	bɐlɪsʊnsoŋ
balisuplingan	bɐlɪsʊpliŋɐn
balisuso	bɐlɪsʊsoʔ
balita	balita
balita	bɐlitɐʔ
balitado	bɐlɪtado
balite	bɐlitɛ
balitok	bɐlitok
balitok	bɐlɪtok
balità	balita
baliw	baliʊ̯
baliw	bɐliʊ̯
baliwag	bɐliwɐg
baliwala	baləwaˈla
baliwala	balɪwɐlaʔ
baliwas	bɐlɪwas
balkon	bɐlkon
balkonahe	bɐlkonahɛ
ballesteros	bɐljɛstɛɾos
ballesteros	bɐlɛstɛɾos
balmes	balmɛs
balngawsipat	bɐlŋaʊ̯sipɐt
balngawsukat	bɐlŋaʊ̯suxɐt
balnian	balniʔäːn
balnian	bɐlniʔɐn
balnibalngawsipatan	bɐlnɪbɐlŋaʊ̯sɪpatɐn
balnibulog	bɐlnɪbʊlog
balnidagitab	bɐlnɪdɐɣitɐb
balnikapnayan	bɐlnɪxɐpnajɐn
balnisukat	bɐlnɪsuxɐt
balo	balo
balo	baloʔ
balo	bɐlo
balon	bɐlon
balor	bɐloɾ
balot	balo
balot	balot
balot	bɐlot
balota	balota
balota	bɐlotɐ
balsa	bɐlsa
balsahan	bɐlsɐhan
balse	balsɛ
baltazar	bɐltɐsaɾ
baltazar	bɐltɐzaɾ
balubad	balubat
balubad	bɐlubɐd
baluga	bɐluɣɐ
baluga	bɐluɣɐʔ
balukanag	bɐlʊxɐnag
balukay	balʊxaɪ̯
baluktot	baloːktət̪
baluktot	bɐlʊktot
balumbalunan	bɐlʊmbɐlunɐn
balungos	bɐluŋos
balut	bɐlut
balut	bəlˈʊt
balutan	balutɐn
balutan	bɐlutɐn
balutan	bɐlʊtan
baluti	bɐlutɪʔ
balutin	bɐlutɪn
baluyot	bɐlujot
balwarte	bɐlwaɾtɛ
balyan	bɐljan
balyena	baljena
balyena	bɐljɛnɐ
balútan	balutan
bamban	bɐmban
bambang	bɐmbaŋ
bambo	bɐmbo
bami	bamɪ
bami	bamɪʔ
bamos	bɐmos
bampira	ampiɾa
bampira	bɐmpiɾɐ
bamus	bɐmus
ban	bãn
bana	banɐ
bana	banɐʔ
bana	bɐnaʔ
banaag	bɐnaʔɐg
banaba	banabah
banaba	bɐnɐba
banagan	bɐnɐɣan
banal	banɐl
banal	bɐnal
banalo	bɐnalo
banas	bɐnas
banat	banɐt
banat	bɐnat
banaue	bɐnawɛ
banawa	bɐnawɐ
banawe	bɐnawɛ
banawon	bɐnawon
banayad	bnaːjad
banayad	bɐnajɐd
banaybanay	bɐnaɪ̯banaɪ̯
banban	bɐmban
banda	bandɐ
banda	bɐnda
bandahali	bɐndɐhalɪ
bandahali	bɐndɐhalɪʔ
bandalismo	bɐndɐlismo
banday	bandaɪ̯
bandeha	bɐndɛhɐ
bandehado	bɐndɛhado
bandera	bɐndɛɾɐ
bandereta	bɐndɛɾɛtɐ
banderita	bɐndɛɾitɐ
banderitas	bɐndɛɾitɐs
bandido	bɐndido
bandila	bɐndilɐʔ
bandurya	bɐnduɾjɐ
bandyo	bandʒo
bang	baŋ
banga	baŋɐʔ
banga	bŋaː
banga	bɐŋaʔ
bangag	bɐŋag
bangan	baŋɐn
bangan	bɐŋan
bangas	baŋɐs
bangas	bɐŋas
bangaw	baŋaʊ̯
bangaw	bɐŋaʊ̯
bangaw	bˈaŋɐ
bangayan	bɐŋɐjan
bangcay	bɐŋkaɪ̯
bange	baŋi
bangga	bɐŋgaʔ
banggerahan	bɐŋgɛɾɐhan
banggirahan	bɐŋgɪɾɐhan
banggit	bɐŋgit
banggitin	bɐŋgɪtin
banggâ	bɐŋga
banghay	bɐŋhaɪ̯
bangin	boŋine
bangin	bɐŋin
bangis	bɐŋis
bangkal	bɐŋkal
bangkarota	bɐŋkɐɾotɐ
bangkarote	bɐŋkɐɾotɛ
bangkas	bɐŋkas
bangkay	boŋ˧˧kai˥˩
bangkay	bɐŋkaɪ̯
bangkero	bɐŋkɛɾo
bangketa	baŋkɛta
bangketa	bɐŋkɛtɐ
bangkete	bɐŋkɛtɛ
bangkilas	bɐŋkilɐs
bangkiling	bɐŋkɪliŋ
bangkito	bɐŋkitoʔ
bangkiwi	bɐŋkɪwiʔ
bangkiyaw	bɐŋkjaʊ̯
bangko	baŋko
bangko	bɐŋkoʔ
bangkok	bɐŋkok
bangkoro	bɐŋkoɾo
bangkukang	bɐŋkuxɐŋ
bangkuro	bɐŋkuɾo
bangkuta	bɐŋkutɐʔ
bango	bɐŋo
bangon	banɣon
bangon	baŋon
bangon	bɐŋon
bangsamoro	banɣsamoro
bangsi	bɐnsiʔ
bangued	balgˈgid
bangungot	baŋuŋot
bangungot	bɐŋuŋot
bangus	baŋuz
bangus	bɐŋus
banhaon	bɐnhɐʔon
baniaga	bɐɲaɣɐ
baniaga	bɐɲaɣɐʔ
banidosa	bɐnɪdosɐ
banidoso	bɐnɪdoso
banig	bɐnig
banilad	bɐnilɐd
banlat	bɐnlat
banlaw	bɐnlaʊ̯
banli	bɐnliʔ
banlian	bɐnlɪʔan
bano	bano
bano	bɐnoʔ
banoglawin	bɐnoglawɪn
banos	banos
banos	bɐnos
banoy	banoɪ̯
bansa	bɐnsa
bansa	bɐnsaʔ
bansag	bɐnsag
bansalagin	bɐnsɐlɐɣin
bansi	bɐnsiʔ
bansiw	bɐnsiʊ̯
bansot	bɐnsot
banta	bantɐʔ
banta	bɐntaʔ
bantas	bɐntas
bantay	bɐntaiː
bantay	bɐntaɪ̯
bantayan	bɐntajɐn
bantayan	bɐntɐjan
bantayog	bantaio
bantayog	bɐntajog
bantil	bɐntil
banting	bɐntiŋ
bantiti	bɐntitɪʔ
bantiti	bɐntɪtiʔ
banto	bɐntoʔ
bantod	bɐntod
bantog	bɐntog
bantog	β̞ant̪oɣ̞
bantok	bɐntok
bantot	bɐntot
bantuan	bɐntʊʔan
bantugan	bɐntuɣɐn
bantulot	bɐntulot
bantulot	bɐntʊlot
banwa	banwɐ
banyaga	β̞anjagɐ
banyas	bɐɲas
banyera	bɐɲɛɾɐ
banyo	baɲo
banyo	panjo
banyos	bɐɲos
banyuhay	bɐɲuhaɪ̯
banzon	banson
banzon	banzon
banzuela	bɐnswɛlɐ
bao	baʔo
bao	baˈo
baog	bɐʔog
baon	bɐʔon
bapor	apoɾ
bapor	bɐpoɾ
bar	baɾ
barado	bɐɾado
baraha	bɐɾahɐ
baraka	bɐɾaxɐ
barakilan	bɐɾɐxilɐn
barako	bɐɾaxo
barako	bˌɐɾˈakʊ
baranggay	bɐɾɐŋgaɪ̯
barangka	bɐɾɐŋkaʔ
baraquiel	bɐɾɐkjɛl
barat	bɐɾat
barat	bɾat
baratilyo	balatilio
barayuga	bɐɾɐjuɣɐ
barbel	baɾbɛl
barbero	bɐɾbɛɾo
barberya	bɐɾbɛɾja
barbikyu	baɾbɪkjʊ
barbikyu	bɐɾbɪkju
barbosa	bɐɾbosɐ
barcelona	bɐɾsɛlonɐ
barcenas	baɾsɛnɐs
bardagol	bɐɾdɐɣol
barena	bɐɾɛnɐ
barera	bɐɾɛɾɐ
bareta	bɐɾɛtɐ
barha	baɾhɐ
barik	baɾɪk
barik	bɐɾik
barikada	bɐɾɪxadɐ
barikod	bɐɾixod
barikod	bɐɾɪxod
baril	bɐɾil
barilan	bɐɾilɐn
bariles	bɐɾilɛs
barilin	bɐɾɪlin
baritono	bɐɾitono
baritono	bɐɾɪtono
bariya	bɐɾja
barkada	bɐɾkadɐ
barker	baɾkɛɾ
barkilyos	bɐɾkiljos
barko	bɐɾko
barko	bˈˌaɾˈɣˈo
barnis	bɐɾnis
baro	baɾoʔ
barok	baɾok
barok	bɐɾok
barong	baɾoŋ
barong	bɐɾoŋ
barquilla	bɐɾkiljɐ
barradas	bɐɾadɐs
barrameda	bɐɾɐmɛdɐ
barrera	bɐɾɛɾɐ
barrientos	bɐɾjɛntos
barrios	baɾjos
bartender	baɾtɛndɛɾ
bartolina	bɐɾtolinɐ
bartolome	bɐɾtolomɛ
barumbada	bɐɾʊmbadɐ
barumbado	bɐɾʊmbado
barumbarong	baɾʊmbaɾoŋ
barya	bɐɾja
baryante	bɐɾjantɛ
baryedad	bɐɾjɛdad
baryo	baɾjo
basa	basa
basa	basɐ
basa	bɐsa
basa	bɐsaʔ
basaan	basaʔɐn
basag	basɐg
basag	bɐsag
basagin	basa˥˩gin
basagin	bɐsaɣɪn
basagin	bɐsɐɣin
basagulero	bɐsɐɣʊlɛɾo
basahan	bɐsahɐn
basahin	bsahɪn
basahin	bɐsahɪn
basain	bɐsɐʔin
basakay	bɐsaxaɪ̯
basallote	bɐsɐljotɛ
basalto	bɐsalto
basangal	bɐsaŋɐl
basanlot	bɐsɐnlot
basar	bɐsaɾ
basbas	bɐsbas
basbasan	bɐsbɐsan
basco	basko
base	basɛ
basehan	bɐsɛhan
basi	basɪʔ
basig	basɪg
basilan	bɐsilɐn
basilan	vasiːlˈɛn
basilika	bɐsilɪxa
basilio	bɐsiljo
basisig	bɐsisɪg
basista	bɐsistɐ
basiyad	bɐsiɐd
baskag	bɐskag
baskagan	bɐskaɣɐn
basket	baskɛt
basketbol	baskɛtbol
basketbolista	baskɛt̪bɔlista
basketbolista	bɐskɛtbolistɐ
basketbulan	baskɛtbulɐn
baskil	bɐskil
baso	baso
baso	basoʔ
baso	bɐso
bassig	basɪg
basta	bastɐ
basta	bastˈa
basta	bɐsta
basta	bɐstaʔ
bastardo	bɐstaɾdo
basted	bastɛd
baston	bɐston
bastos	bɐstos
bastos	mɛstos
bastusin	bɐstʊsin
basuka	bɐsuxɐ
basurahan	bɐsʊɾahɐn
basurahan	bɐsʊɾɐhan
basurera	bɐsʊɾɛɾɐ
basurero	bɐsʊɾɛɾo
basyad	bɐsjad
basyo	bɐʃo
basyuhin	bɐʃʊhin
basà	basa
basâ	basa
bata	bata
bata	batɐ
bata	batɐʔ
bata	bɐta
bataan	bɐtaʔɐn
bataan	bɐtɐʔan
batad	bɐtad
batag	batɐg
batag	bɐtag
batak	batɐk
batak	bɐtak
batallones	bɐtɐljonɛs
batalyon	bɐtɐljon
batanes	bɐtanɛs
batang	batɐŋ
batang	mat̪aŋ
batangas	bɐtaŋgɐs
batangueña	bɐtɐŋgɛɲɐ
batangueño	bɐtɐŋgɛɲo
batar	bɐtaɾ
bataraza	bɐtɐɾazɐ
batas	batɐs
batas	bɐtas
batasan	batasan
batasan	batasɐn
bataw	bataʊ̯
bataw	bɐtaʊ̯
batay	bataɪ̯
batayan	bɐtɐjan
batchoy	batʃoɪ̯
bateriya	bɐtɛɾiɐ
baterya	bɐtɛɾja
bathala	bɐthalɐʔ
bathalaan	bɐthɐlaʔɐn
bathan	bɐthan
bati	bɐti
bati	bɐtiʔ
bati	pati
batid	bɐtid
batid	bˈatˈinˈɑ
batidor	bɐtɪdoɾ
batik	bɐtik
batikan	bɐtixɐn
batikan	bɐtɪxan
batikan	bɑtikan
batikano	bɐtɪxano
batikos	bɐtixos
batikos	β̞at̪ikos
batikusin	batikusin
batikusin	bɐtɪxusɪn
batingaw	bɐtɪŋaʊ̯
batingawan	bɐtɪŋawɐn
batino	bɐtino
batir	bɐtiɾ
batis	batis
batis	batɪs
batiti	bɐtitɪʔ
batnayan	bɐtnajɐn
bato	batoʔ
bato	bɐto
batok	batok
batok	bɐtok
baton	bɐton
batsilyer	bɐtʃɪljɛɾ
batsoy	batʃoɪ̯
batubalani	bɐtʊbɐlanɪʔ
batugan	bɐtuɣɐn
batukan	bɐtuxɐn
batuktok	batʊktok
batulang	bɐtʊlaŋ
batumbakal	bɐtʊmbaxɐl
batuta	bɐtutɐʔ
batutay	batutaɪ̯
batya	bɐtʃaʔ
batyaw	bɐtʃaʊ̯
batíin	bat̪jˈin
baul	bɐul
baul	bɐʔul
baunan	baoːnɔnn
baunan	baʔunɐn
baunan	bɐʔʊnan
bautista	baʊ̯tistɐ
bauzon	baʊ̯son
bawa	bawɐ
bawal	bawɐl
bawal	baːwaː
bawang	bawɐŋ
bawang	bɐwaŋ
bawas	bawɐs
bawas	bɐwas
bawat	bawaːt
bawat	bawɐt
baway	bawaɪ̯
bawi	bawɪʔ
bawi	bɐwiʔ
bawian	bɐwiʔɐn
bawon	bawon
bawtismo	baʊ̯tismo
bawtisteryo	baʊ̯tɪstɛɾjo
bay	bɐʔi
bay	bɛɪ̯
baya	bajɐ
baya	bajɐʔ
bayaan	bɐjaʔɐn
bayabas	bɐjabɐs
bayabasan	bajɐbɐsan
bayabasan	bɐjɐbasɐn
bayad	bajɐd
bayad	bɐjad
bayag	baːjag
bayag	bɐjag
bayagra	bɐjagɾɐ
bayan	bajɐn
bayan	bɐjan
bayanan	bɐjanɐn
bayani	bajani
bayani	bɐjanɪ
bayanihan	bɐjɐnihɐn
bayanin	bɐjanɪn
bayar	bajɐɾ
bayar	bɐjaɾ
bayaran	bɐjaɾɐn
bayaran	bɐjɐɾan
bayarin	bajaɾɪn
bayarin	bɐjɐɾin
bayaw	bajaw
bayaw	bajaʊ̯
bayaw	bɐjaʊ̯
bayawak	bɐjawɐk
bayawan	baːjaːuːan
baybay	baɪ̯baɪ̯
baybayin	baɪ̯bajɪn
baybayin	baɪ̯bɐjin
baybayin	bˈaɪbˈaɪˈɛn
baylarin	baɪ̯lɐɾin
baylarina	baɪ̯lɐɾinɐ
bayle	baɪ̯lɛ
baylosis	baɪ̯losɪs
bayna	baɪ̯na
bayna	baɪ̯nɐ
baynilya	baɪ̯niljɐ
bayno	baɪ̯no
bayo	bɐjo
bayolente	bɐjolɛntɛ
bayombong	bɐjomboŋ
bayoneta	bɐjonɛtɐ
bayong	baɪ̯ʔoŋ
bayong	bɐjoŋ
bayot	bajot
bayot	bɐjot
baytang	baɪ̯taŋ
bayubay	bɐjubaɪ̯
bayudan	bɐjudɐn
bayugo	bɐjuɣo
baywang	baɪ̯waŋ
baywang	bɛwɐŋ
bañaga	bɐɲaɣɐ
bbm	bibɪʔɛm
be	bɛ
beateryo	bɛɐtɛɾjo
bebot	bɛbot
behikulo	bɛhixʊlo
beho	bɛho
beke	bɛxɛʔ
beki	bɛxɪ
beki	bʲekːʲiː
beklog	bɛklog
belandres	bɛlandɾɛs
belarmino	bɛlɐɾmino
belarus	bɛlɐɾus
belat	bɛlɐt
belen	bɛlɛn
beles	bɛlɛs
belhika	bɛlhɪxɐ
belhiko	bɛlhɪxo
belmonte	bɛlmontɛ
belosidad	bɛlosɪdad
beltran	bɛltɾan
bembe	bɛmbɪʔ
bembi	bɛmbɪʔ
bendahe	bɛndahɛ
bendisyon	bɛndɪʃon
benediksiyon	bɛnɛdɪkʃon
benepisyaryo	bɛnɛpɪʃaɾjo
benepisyo	bɛnɛpiʃo
beneswela	bɛnɛswɛlɐ
benesyana	bɛnɛʃanɐ
benggala	bɛŋgalɐ
benguet	bɛŋgɛt
bengzon	bɛnson
bengzon	bɛnzon
benigno	bɛnigno
benin	bɛnin
benipayo	bɛnɪpajo
benta	beˈnta
benta	bɛntɐ
bentaha	bɛntahɐ
bente	bɛntɛ
bentilador	bɛntɪlɐdoɾ
bentilasyon	bɛntɪlɐʃon
bentinganan	bɛntɪŋanɐn
bentosa	bɛntosɐ
bentsingko	bɛntʃiŋko
benus	bɛnʊs
beranda	bɛɾandɐ
berde	bɛɾdɛ
berdugo	bɛɾduɣo
bergonia	bɛɾgoɲɐ
berilyo	bɛɾiljo
berinayan	bɛɾɪnajɐn
beripika	bɛɾɪpɪxa
beripikahin	bɛɾɪpɪxɐhin
beripikasyon	bɛɾɪpɪxɐʃon
bermudez	bɛɾmudɛs
bernabe	bɛɾnɐbɛ
bernakulo	bɛɾnaxʊlo
bernal	bɛɾnal
bernardez	bɛɾnaɾdɛs
bernardo	bɛɾnaɾdo
berroya	bɛɾojɐ
berry	bɛɾɪ
bersamina	bɛɾsɐminɐ
bersikulo	bɛɾsixʊlo
bersiyon	bɛɾʃon
bersyon	bɛɾʃon
bertdey	bɛɹtdɛɪ̯
bertebrado	bɛɾtɛbɾado
berting	bɛɾtiŋ
beryl	bɛɾɪl
beses	bɛsɛs
beshie	bɛʃɪ
beso	bɛso
bessie	bɛsɪ
bestida	bɛstidɐ
bestido	bɛstido
betamax	bɛtɐmɐks
beterano	bɛtɛɾano
beterinaryo	bɛtɛɾɪnaɾjo
betis	bɛtɪs
betlog	bɛtlog
betong	bɛtoŋ
betsy	bɛtsɪ
betty	bɛtɪ
betun	bɛtun
bewang	bɛwɐŋ
bewang	bɛː˥˧wɑŋ˧˥
beybi	bɛɪ̯bɪ
beynte	bɛntɛ
beynte	bɛɪ̯ntɛ
beysbol	bɛɪ̯sbol
bi	bɪ
biak	bɪʔak
bibe	bibɛ
bibe	bibˌe
bibig	bibˈig
bibig	bɪbig
bibili	bɪbɪli
bibilis	bɪbɪlis
bibimbap	bibɪmbɐp
bibingka	bɪbiŋkɐ
bibingka	bɪbɪŋka
bibliya	bibljɐ
bibliyograpiya	bɪbljogɾɐpiɐ
bibliyoteka	bɪbljotɛxɐ
bibo	bibo
bicol	biːɖol
bicol	tiːkoːl
bida	bidɐ
bidbid	bɪdbid
bidbiran	bɪdbiɾɐn
bidbiran	bɪdbɪɾan
bidhani	bɪdhanɪʔ
bidsin	bɪdsin
bidyo	bidʒo
bienvenido	bjɛmbɛnido
bienvenido	bjɛmvɛnido
biga	biɣɐʔ
bigamya	bɪɣamjɐ
bigamya	bɪɣɐmja
bigas	bɪɣas
bigasan	biɣasɐn
bigat	bɪgˈat
bigatin	bɪɣatɪn
bigaw	bɪɣaʊ̯
bigay	bigaj
bigay-kaya	bjgajkaja
bigha	bɪghaʔ
bighani	bɪghanɪʔ
bigkas	bɪgkas
bigkas	bˌigˈas
bigkis	bɪgkis
biglaan	biglaːn
biglaan	bɪglaʔɐn
bignay	bɪgnaɪ̯
bigo	bɪɣoʔ
bigonya	bɪɣoɲɐ
bigote	bigote
bigote	bɪɣotɛ
bigotilyo	bɪɣotiljo
bigti	bɪgti
bigti	bɪgtiʔ
bigtihin	bɪgtɪhin
bigtiin	bɪgtɪʔin
bigting	bɪgtiŋ
biguin	bɪɣʊʔin
bigwas	bɪgwas
bigyan	bɪgjan
biha	bihɐ
bihag	bihɐg
bihag	bɪhag
bihasa	behasa
bihasa	bɪhasɐ
bihasa	bɪhasɐʔ
bihasa	bɪhɐsa
bihasa	bɪhɐsaʔ
bihilante	bɪhɪlantɛ
bihilya	bɪhiljɐ
bihira	bɪhiɾɐʔ
bihis	bihɪs
bihis	bɪhis
bihod	bihod
bihon	bihon
biik	bien
bika	bɪxaʔ
bikariya	bɪxɐɾiɐ
bikariya	bɪxɐɾja
bikarya	bɪxaɾjɐ
bikaryo	bɪxaɾjo
bikas	bixɐs
bikas	bɪxas
bikat	bixɐt
biki	bixɪʔ
bikig	bɪxig
biko	bixo
bikol	bixol
bikolana	bɪxolanɐ
bikolano	bɪxolano
biktima	biktɪmɐ
biktima	bʲiktʲimɛ
bila	bilɐ
bilabila	bɪlɐbɪla
bilad	bɪlad
bilang	bilɐŋ
bilang	bɪlaŋ
bilangan	bilaŋan
bilangan	bɪlaŋɐn
bilangan	bɪlɐŋan
bilanggo	bilɑŋgo
bilanggo	bɪlɐŋgoʔ
bilangguan	bɪlɐŋguʔɐn
bilanggúan	biˈlaŋguan
bilangin	bilɐŋin
bilangin	bɪlaŋɪn
bilao	bɪlaʊ̯
bilao	bɪlaʔo
bilao	dilao
bilaok	bɪlaʔok
bilas	bɪlas
bilauo	bɪlawo
bilaw	bɪlaʊ̯
bilbil	bɪlbil
bilbil	bˈɪlbˌil
bilbord	bilboɹd
bilding	bildɪŋ
bilhan	bɪlhan
bilhin	bɪlhin
bili	bɪli
bili	bɪlɛ
bilib	biliːb
bilib	bɪlib
bilibid	biliːbig
bilibid	bɪlibɪd
bilig	bɪlig
bilin	bilɪn
bilin	bɪlin
bilingguwal	bɪlɪŋgwal
biliran	bɪliɾɐn
bilis	bɪlis
bilisan	biliˈsˈan
bilisan	bɪlɪsan
bilnuran	bɪlnuɾɐn
bilo	bilo
bilo	bɪlo
bilog	bilog
bilog	bɪlog
bilot	bilot
bilot	bɪlot
biloy	biloɪ̯
bilubilo	bɪlubɪlo
bilugan	bɪluɣɐn
bilugan	bɪlʊɣan
bilugin	bɪluɣɪn
bilukaw	bɪluxaʊ̯
bilulo	bɪlulo
biluslawas	bɪlʊslawɐs
bilyar	biːljaːr
bilyar	bɪljaɾ
bilyaran	bɪljaɾɐn
bilyon	bɪljon
bilyonarya	bɪljonaɾjɐ
bilyonaryo	bɪljonaɾjo
bimbin	bɪmbin
bimol	bɪmol
bimpo	bimpo
binababae	bɪnɐbɐbaʔɛ
binabae	bɪnɐbaʔɛ
binabae	bɪnɐbɐʔɛ
binabakunahan	bɪnɐbɐxʊnahɐn
binabasa	bɪnɐbasɐ
binabasa	bɪnɐbɐsaʔ
binabatukan	bɪnɐbɐtuxɐn
binabayi	bɪnɐbajɪ
binagre	bɪnagɾɛ
binakunahan	bɪnɐxʊnahɐn
binalalak	bɪnɐlalɐk
binaliw	bɪnaːlɪu
binangonan	bɪnɐŋonɐn
binasa	bɪnasɐ
binasa	bɪnɐsaʔ
binat	binɐt
binata	bɪnatɐʔ
binatilyo	bɪnɐtiljo
binatog	bɪnɐtog
binatukan	bɪnɐtuxɐn
binawian	bɪnɐwiʔɐn
binaysok	bɪnaɪ̯sok
binggo	biŋgo
bingguhan	bɪŋguhɐn
bingi	bɪŋi
bingit	biŋɪt
bingot	biŋot
bingot	bɪŋot
bingwit	bɪŋwit
binhay	bɪnhaɪ̯
binhi	bɪnhiʔ
bini	binɪʔ
binibini	bɪnɪbinɪ
binibining	binibiniːn
biniboy	bɪniboɪ̯
binigay	bɪnɪɣaɪ̯
binili	bɪnɪli
bino	bino
binokulo	bɪnoxʊlo
binondo	bɪnondo
binsa	bɪnsaʔ
binta	bintɐ
bintag	bɪntag
bintana	bɪntanɐʔ
bintana	pintana
bintang	bintŋ
bintang	bint̪ŋ
bintang	bɪntaŋ
binting	bɪntiŋ
bintog	bɪntog
bintukuhol	bɪntʊxʊhol
binubuo	bˌinˈubˌuˈo
binubusan	bɪnʊbusɐn
binubuweltahan	bɪnʊbwɛltɐhan
binundok	bɪnʊndok
binutil	bɪnutɪl
binuweltahan	bɪnwɛltɐhan
binuya	bɪnujɐ
bir	biɾ
bira	bira
bira	biɾɐ
bira	biɾɐʔ
bira	bɪɾa
birada	bɪɾadɐ
birang	biɾɐŋ
biray	biɾaɪ̯
biray	bɪɾaɪ̯
bireta	bɪɾɛtɐ
birete	bɪɾɛtɛ
birey	biɾɛɪ̯
birgo	biɾgo
birhani	bɪɾhanɪʔ
birhen	biɾhɛn
biri	bɪɾi
birilidad	bɪɾɪlɪdad
birimbaw	bɪɾɪmbaʊ̯
biring	bɪɾiŋ
birit	biɾɪt
birmanya	bɪɾmaɲɐ
biro	biro
birsin	bɪɾsin
birtud	bɪɾtud
birtuwal	bɪɾtwal
biruin	bɪɾuʔɪn
birus	biɾʊs
bisa	bisɐ
bisa	bisɐʔ
bisagra	bɪsagɾɐ
bisaklat	bɪsɐklat
bisaya	bɪsajɐʔ
biscocho	bɪskotʃo
bise	bisɛ
bisebersa	bɪsɛbɛɾsɐ
bisi	bisɪ
bisi	bisɪʔ
bisibilidad	bɪsɪbɪlɪdad
bisig	bisɪg
bisig	bˈisɪŋ
bisikleta	bisikleta
bisikleta	bɪsɪklɛtɐ
bisiro	bɪsiɾo
bisisto	bɪsɪsto
bisita	bisita
bisita	bɪsitɐ
bisitahin	bɪsɪtahɪn
bisiyesto	bɪʃɛsto
biskonde	bɪskondɛ
biskondesa	bɪskondɛsɐ
biskuwit	bɪskwit
biskwit	bɪskwɪt
bisnar	bɪsnaɾ
biso	bɪsoʔ
bisor	bɪsoɾ
bisperas	bispɛɾɐs
bista	bistɐ
bistado	bɪstado
bistek	bɪstɛk
bisti	bɪsti
bisto	bisto
bisyesto	bɪʃɛsto
bisyo	biʃo
bisyon	bɪʃon
bitad	bɪtad
bitag	bitɐg
bitak	bɪtak
bitak	bˈitˈak
bitamina	bɪtɐminɐ
bitaog	bɪtaʔog
bitas	bitɐs
bitaw	bɪtaʊ̯
bitay	bitaɪ̯
bitayan	bɪtɐjan
bitayin	bitaːjin
bitbit	bit̪bit̪
bitbit	bɪtbit
bitbitin	bit̪bitiːn
bithay	bɪthaɪ̯
bitig	bitɪg
bitig	bɪtig
bitin	bitɪn
bitin	bɪtin
bitiw	bitiu
bitiw	bɪtiʊ̯
bitiwan	bitiwan
bito	bitoʔ
bito	bɪtoʔ
bitso	bitʃo
bitso	bɪtʃo
bitsuwelas	bɪtʃwɛlɐs
bituin	bɪtuʔɪn
bituin	bɪtwin
bituin	bɪtʊʔin
bituka	bituka
bituka	bɪtuxɐ
bituwin	bɪtuɪn
bituwin	bɪtwin
biya	biɐ
biyahe	bjahɛ
biyahero	bjɐhɛɾo
biyak	bjak
biyanan	bjɐnan
biyatiko	bjatɪxo
biyaya	bjajɐʔ
biyenan	bjɛnan
biyernes	bjɛɾnɛs
biyetnam	bjɛtnam
biyograpiya	bjogɾɐpiɐ
biyola	bjolɐ
biyolento	bjolɛnto
biyoleta	biːjoːˌleta
biyoleta	bjolɛtɐ
biyolin	bjolin
biyolohiya	bjolohiɐ
biyolon	bjolon
biyopisika	bjopisɪxɐ
biyuda	bjuda
biyuda	bjudɐ
biyudo	bjudo
biñan	bɪɲan
blanco	blaŋko
blanco	planko
blangkete	blɐŋkɛtɛ
blangko	blaŋko
blater	blatɛɾ
bloke	bloxɛ
blusa	blusɐ
blusa	pluːsa
blusil	blusɪl
boac	boak
boba	bobɐ
bobadilla	bobɐdiljɐ
bobo	bobo
bobog	bobog
bobotante	bobotantɛ
bocaue	boxawɛ
boda	bodɐ
bodabil	bodɐbil
bodega	bodɛɣɐ
bodka	bodkɐ
bogambilya	boɣɐmbiljɐ
bogota	boɣota
bohaghag	bohɐghag
bohol	bohol
bokabularyo	boxɐbʊlaɾjo
bokal	boxal
bokal	boɣ̞al
bokasyon	boxɐʃon
bokasyon	bukasion
bokaysendiyo	boxaɪ̯sɛndʒo
bokaysendyo	boxaɪ̯sɛndʒo
boksing	boksɪŋ
boksingero	boksɪŋɛɾo
bokya	bokjɐʔ
bokya	bo˥˩ːkja˥˩
bola	bala
bola	bolɐ
bola-bola	bolabola
bolante	bolantɛ
bolaños	bolaɲos
bolbok	bolbok
bold	bold
bolera	bolɛɾɐ
bolero	bolɛɾo
boletin	bolɛtin
bolibya	bolibjɐ
bolilyo	boliljo
boliney	bolˈinei
boling	bolɪŋ
bolivar	bolibɐɾ
bolivar	bolivɐɾ
boljak	boldʒak
bolo	bolo
bolpen	bolpɛn
bolta	boltɐ
boltahe	boltahɛ
boltiyo	boltʃo
boluntaryo	bolʊntaɾjo
bomba	bombɐ
bombay	bombaɪ̯
bombero	bombɛɾo
bombilya	bombiljɐ
bonak	bonɐk
bondoc	bondok
bondying	bondʒiŋ
bongabong	boŋaboŋ
bongga	boŋgɐ
bonifacio	bonɪpaʃo
bonilla	boniljɐ
bonito	bonito
bonjing	boːndʒɪŋ
bonsay	bõn˧sɐj˧
bool	boʔol
bopol	boːkol
boratsera	boɾɐtʃɛɾɐ
boratsero	boɾɐtʃɛɾo
borbeg	boɾbɛg
borbon	boɾbon
borda	boɾda
bordado	boɾdado
boriko	boɾixo
boriko	boɾɪxo
borillo	boɾiljo
borja	boɾhɐ
borlas	boɾlɐs
borlaza	boɾlasɐ
borlaza	boɾlazɐ
borlog	boɾlog
boro	boɾo
borongan	boɾoŋgɐn
bos	bos
boses	bosɛs
bosing	bosɪŋ
bosniya	bosɲɐ
bosnya	bosɲɐ
boso	boso
boss	bos
boston	poston
bosyo	boʃoʔ
bota	botɐ
botanika	botanɪxa
botante	botantɛ
botas	botɐs
bote	bote
bote	botɛ
botelya	botɛljɐ
botika	botixɐ
boto	boto
botogs	botogs
botohan	botohan
botohan	botohɐn
boton	boton
botones	botonɛs
botong	botoŋ
botsa	botʃɐʔ
botswana	botswanɐ
bottomesa	botomɛsɐ
botyog	botʃog
boya	bojɐ
boykot	boɪ̯xot
brad	bɾad
brandi	bɾandɪ
brasil	bɾɐsil
brasil	bˌɾasˈil
braso	bɾaso
bravo	bɾavo
breslavia	bɾɛslavjɐ
bretanya	bɾɛtaɲɐ
brigela	bɾɪɣɛlɐ
briguela	bɾɪgwɛlɐ
brillantes	bɾɪljantɛs
brilyante	bɾiljˈante
brilyante	bɾɪljantɛ
briones	bɾjonɛs
brip	brip
brip	bɾip
britanya	bɾɪtaɲɐ
brodkast	bɾodkɐst
brodkaster	bɾodkastɛɾ
brokoli	bɾoxolɪ
brokuli	bɾoxʊli
bronse	bɾonsɛ
broqueza	bɾoxɛsɐ
brosas	bɾosɐs
brotsa	bɾotʃɐ
bruha	bɾuhɐ
bruhula	bɾʊhulɐ
brunayuki	brunajuki
bruselas	bɾʊsɛlɐs
brutal	bɾʊtal
buan	buɐn
buang	bu˨˩aŋ˥˩
buang	bʊʔaŋ
buaya	bʊʔajɐ
bubelya	bubɛlia
bubo	bubo
bubo	buboʔ
bubo	bʊbo
bubo	bʊboʔ
bubog	bubog
bubog	bubuɣ
bubong	bubõŋ
bubong	bʊboŋ
buboy	buboɪ̯
bubuli	bʊbʊli
bubungan	bʊbʊŋan
bubuweltahan	bʊbwɛltɐhan
bubuwit	bʊbwit
bubuyog	bubuioog
bubuyog	bʊbujog
bucad	buxɐd
bucay	bukaj
bucloc	bˌuklˈuk
buda	budɐ
budang	bʊdaŋ
budbod	bʊdbod
budin	bʊdin
buding	bʊdiŋ
budismo	bʊdismo
budista	bʊdistɐ
budol	budol
budol	buːdl
budots	bʊdots
buenafe	bwɛnɐfɛ
buenaflor	bwɛnɐfloɾ
buenaventura	bwɛnɐbɛntuɾɐ
buenaventura	bwɛnɐvɛntuɾɐ
buendia	bwɛndiɐ
bueno	bwɛno
buga	buɣɐʔ
buga	bʊɣa
bugallon	bʊɣɐljon
bugat	bʊɣat
bugaw	buɣaʊ̯
bugbog	bʊgbog
bugbugin	bʊgbʊɣin
bughaw	bʊghaʊ̯
bugnit	bʊgnit
bugnitbugnit	bʊgnɪtbʊgnit
bugnot	bʊgnot
bugnutin	bʊgnutɪn
bugok	bʊɣok
bugong	bʊɣoŋ
bugtong	bʊgtoŋ
buhag	buhɐg
buhag	bʊhag
buhaghag	bʊhɐghag
buhagsigan	bʊhɐgsiɣɐn
buhagsigwasan	bʊhɐgsɪgwasɐn
buhagtigilan	bʊhɐgtɪɣilɐn
buhain	bʊhaʔɪn
buhangin	bo˥˩ha˥˥nɣ̞in˨˩˦
buhangin	bʊhaŋɪn
buhat	buhɐt
buhat	buːat˦
buhat	bʊhat
buhawi	bʊhawɪʔ
buhay	buhaɪ̯
buhay	bʊhaɪ̯
buhok	bʊhok
buhol	bʊhol
buhos	buhos
buhusan	bʊhusɐn
buhusan	bʊhʊsan
buhól	buhul
buka	bʊxa
bukad	bʊxad
bukadkad	bʊxɐdkad
bukaka	bʊxaxɐʔ
bukaka	bʊxɐxaʔ
bukal	boqaːl
bukal	bʊxal
bukalkal	bʊxɐlkal
bukambibig	bʊxɐmbɪbig
bukana	bʊxanɐ
bukas	buxɐs
bukas	bʊxas
bukayo	bʊxajoʔ
bukbok	bʊkbok
bukid	buxɪd
bukidnon	bʊxɪdnon
buking	bʊxiŋ
buking	bˈʊkɪŋ
bukirin	bʊxɪɾin
buklat	bʊklat
buklaw	bʊklaʊ̯
buklod	bˈuqloːd
buko	buko
buko	buxo
buko	bʊxo
bukod	bʊxod
bukol	buxol
bukong	buxoŋ
bukong	bʊxoŋ
buksan	bukˈsani
buksan	bʊksan
bula	bulɐ
bula	bulɐʔ
bula	bʊla
bula	bʊlaʔ
bulaan	bolˈʔan
bulaan	bʊlaʔɐn
bulabog	bulabog
bulabog	bʊlabog
bulabugin	bʊlɐbuɣɪn
bulag	bulɐg
bulag	bʊlag
bulaga	bʊlɐɣaʔ
bulagsak	bʊlɐgsak
bulagta	bʊlɐgtaʔ
bulahaw	bʊlahaʊ̯
bulahaw	bʊlɐhaʊ̯
bulak	bulɐk
bulak	bʊlak
bulakan	bʊlaxɐn
bulakan	bʊlɐxan
bulakbol	bʊlɐkbol
bulakenyo	bʊlɐxɛɲo
bulaklak	bʊlɐklak
bulalacao	bʊlɐlaxaʊ̯
bulalakaw	boːlalaːqaw
bulalakaw	bʊlɐlaxaʊ̯
bulalas	bʊlalɐs
bulalas	bʊlɐlas
bulalato	bʊlɐlato
bulalay	bʊlalaɪ̯
bulalayak	bulɐlɐjak
bulalayao	bʊlɐlajaʊ̯
bulalo	bulalo
bulalo	bʊlɐloʔ
bulan	bulɐn
bulandal	bʊlɐndal
bulanglang	bʊlɐnlaŋ
bulanhagui	bʊlɐnhaɣɪ
bulantubig	bʊlɐntubɪg
bulaos	bʊlaʔos
bulas	bulɐs
bulastog	bʊlɐstog
bulate	bulate
bulate	bʊlatɛ
bulati	bʊlatɛ
bulati	bʊlatɪ
bulatlat	bʊlɐtlat
bulaw	bʊlaʊ̯
bulawan	bʊlawɐn
bulay	bulaɪ̯
bulbol	bʊlbol
buldog	buldog
buldoser	bʊldosɛɾ
bulgar	bʊlgaɾ
bulgaro	bʊlgɐɾo
bulgarya	bulɣarja
bulgarya	bʊlgaɾjɐ
buli	bulɪ
buli	bʊli
bulid	bʊlid
bulig	bolig
bulig	bʊlig
buliga	bʊliɣɐʔ
bulihala	bʊlɪhalɐʔ
bulihan	bʊlɪhan
bulilit	bʊlilɪt
bulilit	bʊlɪlit
bulilyaso	bʊlɪljaso
buling	bulɪŋ
buling	bʊliŋ
buliyos	bʊlios
bulkan	bulkan
bulkan	bʊlkan
bulo	bulo
bulo	bʊloʔ
bulog	bulog
bulok	bʊlok
bulol	bʊlol
bulon	bʊlon
bulong	bolon
bulong	bʊloŋ
bulsa	balsa
bulsa	bʊlsa
bulsiko	bʊlsixo
bulsikot	bʊlsixot
bulsilyo	bʊlsiljo
bulta	bʊlta
bulto	bulto
bulubundukin	bʊlʊbʊnduxɪn
bulugan	bʊluɣɐn
bululos	bʊlʊlos
bulung-bulungan	buluŋbuluŋan
bulutong	bʊlutoŋ
bulutunggo	bʊlʊtʊŋgo
bulwag	bʊlwag
bulwagan	bʊlwaɣɐn
bulwagan	bʊlwɐɣan
bulwak	bʊlwak
bulwang	bʊlwaŋ
bulyaw	bʊljaʊ̯
bulyos	bʊljos
bumabagsak	bʊmɐbagsɐk
bumabagyo	bomabaɣio
bumabahin	bʊmɐbɐhin
bumabahing	bʊmɐbɐhiŋ
bumagal	bʊmaɣɐl
bumagsak	bʊmɐgsak
bumagyo	bʊmɐgjo
bumaha	bʊmɐhaʔ
bumahagi	bumˈhagi
bumahin	bʊmɐhin
bumahing	bʊmɐhiŋ
bumali	bʊmalɪʔ
bumalik	bʊmɐlik
bumalikwas	bumɑlikwas
bumalikwas	bʊmɐlɪkwas
bumalintong	bʊmɐlɪntoŋ
bumanlag	bʊmɐnlag
bumaril	bumareɾiɾ
bumasa	bʊmasɐ
bumasa	bʊmɐsaʔ
bumasag	bʊmasɐg
bumata	bʊmatɐʔ
bumatak	bʊmatɐk
bumati	bomati
bumatik	bʊmɐtik
bumawi	bumaːli
bumbay	bʊmbaɪ̯
bumbero	bʊmbɛɾo
bumbilya	bʊmbiljɐ
bumbon	bʊmbon
bumbong	bʊmboŋ
bumbunan	bʊmbunɐn
bumbunan	bʊmbʊnan
bumerang	bumɛɾɐŋ
bumibili	bumibilej
bumibili	bʊmibɪlɪ
bumibisita	gumibisita
bumigay	bʊmɪɣaɪ̯
bumilang	bumilan
bumili	bumilˈi
bumili	bʊmɪli
bumilis	bʊmɪlis
bumisita	bʊmɪsitɐ
bumisita	bˌumisˈita
bumitaw	bumitao
bumitiw	bʊmɪtiʊ̯
bumiyahe	bʊmjahɛ
bumoto	bʊmoto
bumubuka	bumubuka
bumulong	bʊmʊloŋ
bumuo	bumuɔ
bumuwelta	bʊmwɛltɐ
bumása	bomaːsa
bunag	bunɐg
bundat	bunð̞at̪
bundok	bʊndok
bundol	bʊndol
bundulin	bundɔlˈiːn
bundók	bundɔk
bunga	buŋɐ
bunga	bˈuna
bunganga	bʊŋaŋɐʔ
bungangera	bʊŋɐŋɛɾɐ
bungangero	bʊŋɐŋɛɾo
bungangkahoy	bʊŋɐŋkahoɪ̯
bungantulog	buŋɐntulog
bungaw	bʊŋaʊ̯
bunggabilya	bʊŋgɐbiljɐ
bunggalo	bʊŋgɐlo
bunggo	bʊŋgoʔ
bungi	buŋɪʔ
bungi	bʊŋiʔ
bungisngis	bʊŋɪsŋis
bungkos	bʊŋkos
bungkugan	bʊŋkuɣɐn
bungo	bʊŋoʔ
bungot	bʊŋot
bungoy	bʊŋoɪ̯
bungso	bʊnsoʔ
buni	buni
buni	bunɪ
bunito	bʊnito
bunlay	bʊnlaɪ̯
buno	bʊnoʔ
bunot	bunot
bunot	bʊnot
bunrok	bʊnɾok
bunso	bʊnso
bunso	bʊnsoʔ
bunsod	bʊnsod
buntala	bʊntalɐʔ
buntis	bʊntis
buntis	puntis
bunto	bʊnto
bunton	bʊnton
buntong-hininga	buntʊŋhinɪŋa
buntonghininga	bʊntoŋhɪnɪŋa
buntot	bʊntot
buntutan	bʊntʊtan
bunyag	bʊɲag
bunye	buɲɛ
bunyi	buɲɪ
buod	bʊʔod
buoin	bʊʔoʔin
buol	buʔol
buol	bʊʔol
buorin	bʊʔoɾin
buot	bʊʔot
bura	buɾɐ
bura	bʊɾa
burado	bʊɾado
burahin	bʊɾɐhin
burak	buɾɐk
buraot	bʊɾaʔot
burara	bʊɾaɾɐʔ
burara	bʊɾɐɾaʔ
burat	buɾat
burat	bʊɾat
burda	bʊɾda
burges	bʊɾgis
burges	bʊɾgɛs
burgis	bʊɾgis
burgos	buɾgos
buriko	bʊɾixo
burloloy	bʊɾloloɪ̯
burma	buɾmɐ
burnik	bʊɾnik
buro	buɾo
buro	buɾoʔ
buro	bʊɾo
burog	buɾog
burok	buɾok
burol	buɾol
burol	bʊɾol
burot	buɾot
burukinto	bʊɾʊxɪnto
burundi	bʊɾundɪ
buryong	bʊɾjoŋ
bus	bas
bus	bus
busa	busɐʔ
busa	bʊsa
busabos	bʊsabos
busal	busɐl
busal	bʊsal
busangot	bʊsaŋot
busangot	bʊsɐŋot
busbos	bʊsbos
busilak	bʊsilɐk
busilig	bʊsilɪg
busina	bosiˈna
busina	bʊsinɐ
busisi	bʊsisɪʔ
busisi	bʊsɪsiʔ
buskapiye	bʊskɐpjɛ
buskarido	bʊskɐɾido
buslo	buslɔ
buslo	bʊsloʔ
buslot	bʊslot
busog	busog
busog	bʊsog
busol	bʊsol
buson	bʊson
busong	busoŋ
bustamante	bʊstɐmantɛ
buswang	bʊswaŋ
busyador	bʊʃadoɾ
butac	butɐk
butaka	bʊtaxɐ
butaka	bʊtaxɐʔ
butal	bʊtal
butanding	bʊtɐndiŋ
butang	bʊtaŋ
butangero	bʊtɐŋɛɾo
butas	butɐs
butas	bʊtas
butas	ɣutas
butaw	boˈtɐl
butaw	butaʊ̯
butaw	bʊtaʊ̯
butchoy	bʊtʃoɪ̯
butete	bʊtɛtɛ
butete	bʊtɛtɛʔ
buti	butɪ
butig	bʊtig
butigan	bʊtɪɣan
butiin	bʊtiʔɪn
butiki	bʊtɪxiʔ
butil	butɪl
butil	buːtiʔ
butil	pot̪il
buting	butɪŋ
butlig	bʊtlig
buto	butoʔ
buto	bʊto
butod	bʊtod
butones	bʊtonɛs
butot	bʊtot
butsi	bʊtʃi
butuan	butwˈan
butudkilos	bʊtudkilos
buturan	butʊɾan
buuin	buːujn
buuin	bʊʔʊʔin
buumbilang	bʊʔʊmbilɐŋ
buurin	bʊʔʊɾin
buwa	buɐʔ
buwag	bwag
buwagin	bwɐɣin
buwakaw	bwaxaʊ̯
buwal	boaːl
buwal	bwal
buwan	buɐn
buwan	bwan
buwanan	bwanɐn
buwang	bwaŋ
buway	bwaɪ̯
buwelo	bwɛlo
buwelta	bwɛltɐ
buweltahan	bwɛltɐhan
buwenamano	bwɛnɐmano
buweno	bwɛno
buwik	bwik
buwisan	buisɐn
buwisan	bwɪsan
buwisit	bwisɪt
buwisit	bwɪsit
buwitre	bwitɾɛ
buya	bujɐʔ
buyaya	bʊjajɐʔ
buyaya	bʊjɐjaʔ
buyo	bujo
buyo	bʊjo
buyon	bʊjon
buyoy	bujojɯn
buyuhin	bʊjʊhin
buyunin	bujunɪn
buyunin	bʊjʊnin
bwaya	bwˈaɪa
bwiset	byisˈɛt
bwisit	bwɪsɪt
byetnam	bjɛtnam
byolon	bjolon
bága	baga
bálot	balot
c	k
c	sɛ
cabahug	kɐbahʊg
caballero	kɐbɐljɛɾo
caballeros	kɐbɐljɛɾos
cabanatuan	kɐbɐnɐtuʔɐn
cabangon	kɐbaŋon
cabiling	kɐbilɪŋ
cabral	kɐbɾal
cabrera	kɐbɾɛɾɐ
cabrillos	kɐbɾiljos
cabuhat	kɐbuhɐt
cabungcal	kɐbʊŋkal
cabuyao	kɐbujaʊ̯
cadano	kɐdano
cadapan	kɐdapɐn
caday	kadaɪ̯
cadayona	kɐdɐjonɐ
cadiz	kadɪs
cagalingan	kɐɣɐliŋɐn
caguiat	kɐgjat
caguioa	kɐɣiwɐ
cainta	kɐʔɪntaʔ
cajucom	kɐhuxom
calalang	kɐlalɐŋ
calalo	kɐlalo
calamba	kɐlɐmba
calapan	kalapaj
calapan	kɐlɐpan
calasiao	kɐlɐʃaʊ̯
calauag	kɐlawɐg
calauan	kɐlawɐn
calaunan	kɐlɐʔunɐn
calayan	kɐlajɐn
calaycay	kɐlaɪ̯xaɪ̯
calbayog	kalbajʊg
calderon	kɐldɛɾon
calimlim	kɐlɪmlim
calinawan	kɐlɪnawɐn
calingasan	kɐlɪŋasɐn
calinisan	kɐlɪnisɐn
calintaan	kɐlɪntɐʔan
callao	kalaʊ̯
calma	kalmɐ
caloocan	kɐloʔoxɐn
caluag	kɐluɐg
caluag	kɐluʔɐg
calumpang	kɐlʊmpaŋ
calumpit	kɐlʊmpit
caluya	kɐlujɐ
camantigue	kɐmɐntɪɣɛ
camarines	kɐmɐɾinɛs
camiguin	kɐmɪɣin
campo	kampo
canales	kɐnalɛs
candelaria	kɐndɛlaɾjɐ
canicosa	kɐnɪxosɐ
caniedo	kɐɲɛdo
canilao	kɐnilaʊ̯
canlapan	kɐnlapɐn
canlas	kɐnlas
canlubang	kɐnlubɐŋ
canoy	kanoɪ̯
cantiveros	kɐntɪvɛɾos
cantos	kantos
capangyarihan	kɐpɐŋjɐɾihɐn
caparas	kɐpɐɾas
capihan	kɐpihɐn
capili	kɐpilɪ
capinpin	kɐpɪmpin
capistrano	kɐpɪstɾano
capiz	kapis
capiz	kapɪs
capucao	kɐpuxaʊ̯
capulong	kɐpuloŋ
caraan	kɐɾaʔɐn
caraig	kɐɾaʔɪg
carandang	kɐɾɐndaŋ
cardenas	kaɾdɛnɐs
cardenas	kɐɾdɛnɐs
cardiño	kɐɾdiɲo
cardona	kɐɾdonɐ
caringal	kɐɾiŋɐl
caringal	kɐɾɪŋal
cariño	kɐɾiɲo
cariñosa	kɐɾɪɲosɐ
carlos	kaɾlos
carmona	kɐɾmonɐ
carpio	kaɾpjo
carreon	kɐɾɛon
carriaga	kɐɾjaɣɐ
carrillo	kɐɾiljo
carunungan	kɐɾʊnuŋɐn
carvajal	kɐɾbɐhal
casal	kɐsal
casanova	kɐsɐnobɐ
casanova	kɐsɐnovɐ
casao	kasaʊ̯
casas	kasɐs
caseda	kɐsɛdɐ
cases	kasɛs
casiguran	kasiguɾan
casiguran	kɐsɪɣuɾɐn
castañeda	kɐstɐɲɛdɐ
castillo	kɐstiljo
casupang	kɐsupɐŋ
catacutan	kɐtɐxutɐn
catalasan	kɐtɐlasɐn
catanauan	kɐtɐnawɐn
catapang	kɐtapɐŋ
catibog	kɐtibog
catindig	kɐtɪndig
catipon	kɐtipon
catmon	kɐtmon
catral	kɐtɾal
cauayan	kawˈaɪən
causon	kaʊ̯son
cavite	kɐvitɛ
cayabyab	kɐjɐbjab
cayetano	kɐjɛtano
cañedo	kɐɲɛdo
cañeso	kɐɲɛso
cañete	kɐɲɛtɛ
ce	sɛ
cebu	sˈebˈu
cedeño	sɛdɛɲo
cembo	sɛmbo
cenizal	sɛnɪsal
cenizal	sɛnɪzal
centeno	sɛntɛno
cepillo	sɛpiljo
cereno	sɛɾɛno
cesneros	sɛsnɛɾos
ch	sɛ
ch	tʃɛ
chaka	tʃaxɐ
chaka	tʃɐxaʔ
chamba	tʃãmba
champaca	tʃɐmpaxɐ
champorado	tʃamporado
chan	tʃan
chang	tʃaŋ
charing	tʃɐɾiŋ
charot	tʃɐɾot
charotera	tʃɐɾotɛɾɐ
chavez	tʃavɛs
chedeng	tʃɛdɛŋ
chen	tʃɛn
cheng	tʃɛŋ
cherry	tʃɛɾɪ
chi	tʃi
chichay	tʃitʃaɪ̯
chiching	tʃitʃim
ching	tʃiŋ
chiong	tʃjoŋ
chiong	tʃoŋ
chiyoko	tʃjoxo
chola	tʃolɐ
chong	tʃoŋ
chow	tʃaʊ̯
chu	tʃu
chua	tʃuɐ
chua	tʃwɐ
chuchay	tʃutʃaɪ̯
chugi	tʃoki
chumaka	tʃʊmaxɐ
chung	tʃuŋ
cielito	tʃilito
cinco	siŋko
clarence	klaɾɛns
claro	klaɾo
claveria	klɐvɛɾiɐ
clemente	klɛmɛntɛ
clinton	klinton
co	ko
cobarrubias	kobɐɾubjɐs
cogeo	kogjo
cojuangco	kohwaŋko
collado	koljado
collantes	koljantɛs
coloso	koloso
comelec	komɛlɛk
comembo	komɛmbo
cometa	komɛtɐ
comia	komjɐ
conde	kondɛ
condez	kondɛs
consolacion	konsolɐʃon
contreras	kontɾɛɾɐs
corazon	koɾɐson
corazon	koɾɐzon
corazon	koɾɛzɔn
cordero	koɾdɛɾo
cornejo	koɾnɛho
coron	koɾon
corona	koɾonɐ
coronel	koɾonɛl
corpus	koɾpʊs
corrales	koɾalɛs
correa	koɾɛɐ
corro	koɾo
cortez	koɾtɛs
cosico	kosixo
costales	kostalɛs
cotabato	kotɐbato
crising	kɾɪsiŋ
crisostomo	kɾɪsostomo
crispin	kɾɪspin
cruzat	kɾʊsat
cruzat	kɾʊzat
cu	ku
cua	kuɐ
cua	kwɐ
cuartero	kwɐɾtɛɾo
cubacub	kʊbaxʊb
cubao	kʊbaʊ̯
cudiamat	kʊdʒamɐt
cudiamat	kʊdʒɐmat
cueto	kwɛto
cuevas	kwɛvɐs
cunanan	kʊnanɐn
cupang	kupɐŋ
custodio	kʊstodʒo
cuyapo	kʊjɐpoʔ
cynthia	sintʃɐ
d	d
d	dɐ
d	dɪ
daan	daʔɐn
daan	daːn
daan	dɐʔan
daantaon	dɐʔɐntɐʔon
dabarkads	dabɐɾkads
dabaw	dabaʊ̯
dabdab	dɐbdab
dabog	dabog
dadaanin	dɐdɐʔanɪn
dadaanin	dɐdɐʔɐnin
dadala	dadla
dado	dado
daeng	daʔɛŋ
daet	daːɛd
daga	daga
daga	daɣɐ
daga	dɐɣaʔ
dagabdab	dɐɣɐbdab
dagalwak	dɐɣɐlwak
dagan	dɐɣan
dagas	dɐɣas
dagat	dagat
dagat	daɣɐt
dagatan	dɐɣatɐn
dagdag	dɐgdag
dagibulog	dɐɣɪbulog
dagihaynayan	dɐɣɪhaɪ̯najɐn
dagikapnayan	dagikapnajaːn
dagikapnayan	dɐɣɪxɐpnajɐn
dagil	daɣɪl
dagilusaw	dɐɣɪlʊsaʊ̯
dagim	dɐɣim
dagindas	dɐɣɪndas
daginding	dɐɣɪndiŋ
dagipik	dɐɣipɪk
dagis	dɐɣis
dagisdis	dɐɣɪsdis
dagisik	dɐɣisɪk
dagisik	dɐɣɪsik
dagisikan	dɐɣɪsɪxan
dagison	dɐɣison
dagit	daɣɪt
dagitab	dagitɑb
dagitab	dɐɣitɐb
dagitban	dɐɣɪtban
dagitigilan	dɐɣɪtɪɣilɐn
dagitsigan	dɐɣɪtsiɣɐn
dagitsipat	dɐɣɪtsipɐt
daglat	dɐglat
dagohoy	dɐɣohoɪ̯
dagok	daɣok
dagos	daɣos
dagsa	dɐgsaʔ
dagsin	dɐgsin
dagta	dɐgtaʔ
dagubang	dɐɣʊbaŋ
dagubdob	dɐɣʊbdob
daguldol	dɐɣʊldol
dagundong	dɐɣʊndoŋ
dagupan	dɐɣupɐn
dagusdos	dɐɣʊsdos
dahak	dɐhak
dahan	dahɐn
dahas	dɐhas
dahil	dahɪl
dahilan	dɐhɪlan
dahilig	dɐhilɪg
dahilig	dɐlɪhig
dahon	dahon
dahop	dahop
dahop	dɐhop
daig	daʔɪg
daig	dɐʔig
daigdig	dɐʔɪgdig
daing	daʔɪŋ
dais	dɐʔis
daisy	dɛɪ̯sɪ
daka	daxɐ
dakdak	dɐkdak
dakila	dɐxilɐʔ
dakip	dɐxip
dakma	dɐkmaʔ
dako	daxo
dakol	dɐxol
dakot	daqot
dakot	dɐxot
dakota	dɐxotɐ
daks	daks
daktao	dɐktaʔo
daktinig	dɐktinɪg
dakutin	dɐxʊtin
dala	dalɐ
dala	dɐla
dala	dɐlaʔ
dalag	delag
dalag	dɐlag
dalaga	dɐlaɣɐ
dalaginday	dɐlɐɣɪndaɪ̯
dalaginding	dɐlɐɣɪndiŋ
dalagita	dɐlɐɣitɐ
dalahican	dɐlɐhixɐn
dalahik	dɐlahɪk
dalahikan	dɐlɐhixɐn
dalahira	dɐlɐhiɾɐʔ
dalamhati	dɐlɐmhatɪʔ
dalampasig	dɐlɐmpasɪg
dalampasigan	dɐlɐmpɐsiɣɐn
dalandan	dɐlɐndan
dalandanan	dɐlɐndanɐn
dalang	dalɐŋ
dalangat	dɐlaŋɐt
dalangat	dɐlɐŋat
dalanghita	dɐlɐŋhitɐ
dalangin	dalaŋɣ̞in
dalangin	dɐlaŋɪn
dalas	dɐlas
dalasan	dalasɐn
dalasan	dɐlɐsan
dalatan	dɐlatɐn
dalaw	dalaʊ̯
dalawa	dɐlɐwa
dalawahan	dalawɑhan
dalawampu	dɐlɐwɐmpuʔ
dalawandaan	dɐlɐwɐndɐʔan
dalawin	dɐlawɪn
dalawit	dɐlawɪt
daldal	dɐldal
daldalera	dɐldɐlɛɾɐ
daldalero	dɐldɐlɛɾo
dale	dalɛ
dale	dɛɪ̯l
dalhin	dɐlhin
dali	dalɪ
dali	dalɪʔ
dali	dɐliʔ
dalian	daliən
dalikdik	dɐlɪkdik
daliri	dɐliɾɪʔ
dalisay	dɐlisaɪ̯
dalisay	d̪ɐˈliːsaj
dalit	dalɪt
dalit	dɐlit
dalita	dalɪtɐʔ
dalmasya	dɐlmaʃɐ
dalmatika	dɐlmatɪxɐ
dalo	dɐlo
dalohaka	dɐlohaxɐʔ
dalok	dɐlok
dalos	dalos
daloy	daloɪ̯
dalubbanwa	dɐlʊbbɐnwa
dalubbanwahan	dɐlʊbbɐnwahɐn
dalubguro	dɐlʊbguɾoʔ
dalubhalman	dɐlʊbhɐlman
dalubhalmanan	dɐlʊbhɐlmanɐn
dalubhasa	dɐlʊbhasɐʔ
dalubhasaan	dɐlʊbhɐsɐʔan
dalubhayop	dɐlʊbhajop
dalubhayupan	dɐlʊbhɐjupɐn
dalubkabibihan	dɐlʊbkɐbɪbɪhan
dalubkatawan	dɐlʊbkɐtɐwan
dalubkulisap	dɐlʊbkʊlisɐp
dalubkulisapan	dɐlʊbkʊlɪsɐpan
dalublahi	dɐlʊblahɪʔ
dalublahian	dɐlʊblɐhiʔɐn
dalublasunan	dɐlʊblɐsunɐn
dalublumutan	dɐlʊblʊmutɐn
dalubmagingan	dɐlʊbmɐɣiŋɐn
dalubmayawan	dɐlʊbmɐjawɐn
dalubsining	dɐlʊbsinɪŋ
dalubsugaan	dɐlʊbsʊɣaʔɐn
dalubtala	dɐlʊbtalɐʔ
dalubtalaan	dɐlʊbtɐlaʔɐn
dalubtalain	dɐlʊbtɐlaʔɪn
dalubtao	dɐlʊbtaʔo
dalubtauhan	dɐlʊbtɐʔuhɐn
dalubwika	dɐlʊbwixɐʔ
dalubwikaan	dɐlʊbwɪxaʔɐn
daluhaka	dɐlʊhaxɐʔ
daluhong	dɐluhoŋ
dalumat	dɐlumɐt
daluro	dɐluɾoʔ
daluro	dɐlʊɾoʔ
dalurok	dɐluɾok
dalusong	dɐlusoŋ
daluyan	dalujˈan
daluyong	dɐlujoŋ
dalwa	dɐlwa
dalya	daljɐ
dama	damɐ
dama	dɐma
damag	damɐg
damag	dɐmag
damahan	dɐmahɐn
damahan	dɐmɐhan
damahuwana	damahwana
damak	dɐmak
damay	damaɪ̯
dambana	dɐmbanɐʔ
dambana	dɐmbɐnaʔ
dambong	dɐmboŋ
dambuhala	dɐmbʊhalɐʔ
damdam	dɐmdam
damdamin	dɐmdamɪn
damdamin	dɐmdɐmin
dami	dami
dami	damɛ
dami	damɪ
damikay	dɐmixaɪ̯
damit	dɐmit
damit	dɐmɛt
damo	dɐmo
damot	damot
dampa	dɐmpaʔ
dampalit	dɐmpɐlit
dampi	dɐmpiʔ
dampot	dɐmpot
damsiha	dɐmsihɐʔ
damuhan	dɐmʊhan
damuho	dɐmuhoʔ
damukol	dɐmuxol
damulag	dɐmulɐg
danak	danɐk
danas	danɐs
danaw	danaʊ̯
danay	danaɪ̯
dancel	dɐnsɛl
dandang	dɐndaŋ
danes	dɐnɛs
danesa	dɐnɛsɐ
dangal	dɐŋal
dangan	daŋɐn
dangdang	dɐndaŋ
danggit	dɐŋgit
dangkal	dɐŋkal
danglas	daŋlas
dani	dɐniʔ
daniw	daniʊ̯
daniw	dɐniʊ̯
dantaon	dɐntɐʔon
dantay	dɐntaɪ̯
dantayan	dɐntajɐn
dantayan	dɐntɐjan
danum	dɐnum
danumbiling	danʊmbɪliŋ
danumbulog	danʊmbʊlog
danumhaynayan	dɐnʊmhaɪ̯najɐn
danumkapnayan	dɐnʊmkɐpnajɐn
danumnayan	dɐnʊmnajɐn
danumsigwasan	dɐnʊmsɪgwasɐn
danumtigilan	dɐnʊmtiɣɪlan
danyo	daɲo
danyos	daɲos
dao	dɐʔo
daong	dɐʔoŋ
daos	daʔos
dapa	dapak
dapa	dɐpaʔ
dapal	dapɐl
dapat	dapɐt
dapaw	dapaʊ̯
dapdap	dɐpdap
dapidran	dapʲið̞ɾan
dapit	dapɪt
dapit-hapon	dapithapon
dapitan	dɐpitɐn
dapithapon	dapitʰapon
dapithapon	dapɪthapon
daplis	dɐplis
dapo	dapoʔ
dapog	dapog
dapog	dɐpog
daproza	dɐpɾosɐ
dapulak	dɐpulɐk
dapwa	dapwɐʔ
dara	daɾɐ
dara	daɾɐʔ
dara	dɐɾa
dara	dɐɾaʔ
daraga	d̪aɾaɣ̞
darak	dɐɾak
darang	dɐɾaŋ
daranghita	dɐɾɐŋhitɐ
daras	dɐɾas
darasigsukat	dɐɾɐsɪgsuxɐt
darating	dɐɾɐtiŋ
darwin	daɾwɪn
dasal	dɐsal
dasik	dɐsik
dasma	dasmɐ
dasmariñas	dɐsmɐɾiɲɐs
daspan	daspɐn
daspanin	daspɐnin
daster	dastɛɾ
datal	dɐtal
datapuwa	datɐpwɐʔ
datapwa	datɐpwɐʔ
datapwat	datɐpwɐt
dati	dati
dati	datɛ
dati	datɪ
datihan	dɐtihɐn
datiles	datɪlɛs
dating	batiŋ
dating	dɐtiŋ
datingan	datiŋɐn
datingan	dɐtɪŋan
datinguinoo	datɪŋgɪnoʔo
datnan	dɐtnan
dato	datoʔ
dato	dɐto
datong	dɐtoŋ
datos	datos
datu	datʊ
datu	datʊʔ
datu	d̪at̪o
datung	dat̪um
datung	dɐtuŋ
daulat	dɐʔulɐt
daungan	daʔuŋɐn
davao	dabaʊ̯
davao	davaʊ̯
david	dɐvid
david	dɛɪ̯vɪd
daw	dau
dawa	dawɐ
dawa	dawɐʔ
dawa	dɐwaʔ
dawag	dawɐg
dawdaw	daʊ̯daʊ̯
dawi	dawɪ
dawis	dawɪs
dawit	dawɪt
daya	daja
daya	dajɐʔ
dayagram	dajɐgɾɐm
dayain	dajˈaːn
dayalekto	dɐjɐlɛkto
dayalogo	dɐjaloɣo
dayami	dɐjamɪ
dayan	dɐjan
dayandante	dɐjɐndantɛ
dayang	dajɐŋ
dayang	dɐjaŋ
dayanghirang	dɐjɐŋhiɾɐŋ
dayao	dajaʊ̯
dayap	dajɐp
dayaper	dajɐpɛɾ
dayo	dajo
dayrit	daɪ̯ɾit
dayuhan	dɐjuhɐn
dayuhan	dɐjʊhan
dayungon	dɐjuŋon
dayurayo	dɐjʊɾajo
dazo	daso
dazo	dazo
deang	dɪaŋ
debate	dɛbatɛ
debatista	dɛbɐtistɐ
debosyon	dɛboʃon
deboto	dboto
deboto	dɛboto
dedbol	dɛdbol
dedikado	dɛdɪxado
dedikasyon	dɛdɪxɐʃon
dedma	dɛdmɐ
deds	dɛds
dee	dɪ
defensor	dɛfɛnsoɾ
degamo	dɛɣamo
dehado	dɛhado
dehins	dɛhɪns
deismo	dɛismo
deista	dɛistɐ
dekada	dɛxadɐ
dekalogo	dɛxaloɣo
dekametro	dɛxɐmɛtɾo
dekana	dɛxanɐ
dekano	dɛxano
deklara	dɛklɐɾa
deklarasyon	dɛklɐɾɐʃon
dekorasyon	dɛxoɾɐʃon
dekorasyunan	dɛxoɾɐʃʊnan
dekreto	dɛkɾɛto
dekwat	dɛkwɐt
dekwatin	dɛkwɐtɪn
dela	dɛla
delantar	dilantˈaɾ
delas	dɛlas
delata	dɛlatɐ
delegado	dɛlɛɣado
delegasyon	dɛlɛɣɐʃon
delfin	dɛlfin
delfin	dɛlpin
delgado	dɛlgado
deliberasyon	dɛlɪbɛɾɐʃon
delikadesa	dɛlɪxɐdɛsɐ
delikado	dɛlɪxado
deliryo	dɛliɾjo
delizo	dɛliso
delizo	dɛlizo
delos	dɛlos
delubyo	dɛlubjo
demanda	dɛmandɐ
demandado	dɛmɐndado
demano	dɛmano
demokrasya	dɛmokɾaʃɐ
demolisyon	dɛmolɪʃon
demonstrasyon	dɛmonstɾɐʃon
demonyo	dɛmoɲo
demostrasyon	dɛmostɾɐʃon
dengge	dɛŋgɛ
denggoy	dɛŋgoɪ̯
denggoyin	dɛŋgojin
denotasyon	dɛnotɐʃon
dentista	dɛntistɐ
dentisteriya	dɛntɪstɛɾiɐ
deograsyas	dɛogɾaʃɐs
deontolohiya	dɛontolohiɐ
deparo	dɛpaɾo
departamento	dɛpɐɾtɐmɛnto
depektibo	dɛpɛktibo
depende	dɛpɛndɛ
depensa	dɛpɛnsɐ
depensahan	dɛpɛnsɐhan
depensibo	dɛpɛnsibo
depinisyon	dɛpɪnɪʃon
depinisyon	dɪpɪnɪsˈiɔn
deporestasyon	dɛpoɾɛstɐʃon
deportasyon	dɛpoɾtɐʃon
deposito	dɛposɪto
depresasyon	dɛpɾɛsɐʃon
depresyon	dɛpɾɛʃon
deregulasyon	dɛɾɛɣʊlɐʃon
deretsa	dɛɾɛtʃɐ
deretso	dɛɾɛtʃo
deris	dɛɾɪs
desbentaha	dɛsbɛntahɐ
desena	dɛsɛnɐ
desente	dɛsɛntɛ
desesperada	dɛsɛspɛɾadɐ
desesperado	dɛsɛspɛɾado
desesperasyon	dɛsɛspɛɾɐʃon
desgrasya	dɛsgɾaʃɐ
desgrasyada	dɛsgɾɐʃadɐ
desgrasyado	dɛsgɾɐʃado
desidido	dɛsɪdido
desilitro	dɛsɪlitɾo
desimetro	dɛsimɛtɾo
desimetro	dɛsɪmɛtɾo
desimpeksiyon	dɛsɪmpɛkʃon
desisyon	dɛsɪʃon
deskaril	dɛskɐɾil
deskarte	dɛskaɾtɛ
deskripsiyon	dɛskɾɪpʃon
deskubri	dɛskʊbɾi
deskumpiyado	dɛskʊmpjado
deskuwento	dɛskwɛnto
desmaya	dɛsmɐja
desmayado	dɛsmɐjado
despaborisido	dɛspɐboɾɪsido
despalinghado	dɛspɐlɪŋhado
despedida	dɛspɛdidɐ
desperada	dɛspɛɾadɐ
desperado	dɛspɛɾado
desperasyon	dɛspɛɾɐʃon
despertador	dɛspɛɾtɐdoɾ
despuig	dɛspwig
destabilisasyon	dɛstɐbɪlɪsɐʃon
destinasyon	dɛstɪnɐʃon
destino	dɛstino
destornilyador	dɛstoɾnɪljɐdoɾ
destruksiyon	dɛstɾʊkʃon
desyerto	dɛʃɛɾto
detalyado	dɛtɐljado
detalye	dɛtaljɛ
detektib	dɛtɛktɪb
detene	dɛtɛnɛ
deteni	dɛtɛni
detenido	dɛtɛnido
determinasyon	dɛtɛɾmɪnɐʃon
determinismo	dɛtɛɾmɪnismo
detini	dɛtɪni
detonasyon	dɛtonɐʃon
di	dɛʔ
di	dɪ
diamante	dʒɐmantɛ
dian	dɪʔan
diaz	diɐs
diba	dɪba
dibdib	dɪbdib
dibdibin	dɪbdɪbin
dibidendaso	dɪbɪdɛndaso
dibisyon	dɪbɪʃon
diblinig	dɪblɪnig
diborsiyo	dɪboɾʃo
dibuho	dibuho
didilawan	dɪdɪlɐwan
diga	diɣɐ
digas	dɪɣas
dighal	dɪghal
dighay	dɪghaɪ̯
diglap	dɪglap
digma	dɪgmaʔ
dignayan	dɪgnajɐn
dignidad	dɪgnɪdad
digos	diɣos
digtalain	dɪgtɐlaʔɪn
dihito	dihɪto
diigkasin	dɪʔɪgkasɪn
diin	dɪʔin
diinan	dɪʔɪnan
diitan	diʔitɐn
diitan	dɪʔɪtan
dijamco	dɪdʒamko
dijamco	dɪhamko
dikdik	dɪkdik
dike	dixɛ
dikiam	dɪkjam
dikin	dɪxin
dikit	dɪxit
diklap	dɪklap
diko	dixo
diko	dˈiko
diksiyonaryo	dɪkʃonaɾjo
diksiyunaryo	dɪkʃʊnaɾjo
diksyonaryo	dɪkʃonaɾjo
diksyunaryo	dɪkʃʊnaɾjo
dikta	dɪkta
diktador	dɪktɐdoɾ
diktadora	dɪktɐdoɾɐ
diktadura	dɪktɐduɾɐ
diktadurya	dɪktɐduɾjɐ
dikya	dikjɐʔ
dikya	dɪkjaʔ
dikyam	dɪkjam
dila	dilɐʔ
dila	dɪlaʔ
dilaan	dɪlɐʔan
dilag	dɪlag
dilambuwaya	dilɐmbwajɐ
dilambuwaya	dɪlambwajɐ
dilan	dɪlan
dilang	dɪlaŋ
dilat	dilɐt
dilat	dilˈt
dilat	dɪlat
dilaw	dɪlaʊ̯
dilawan	dɪlawɐn
dilawan	dɪlɐwan
dilawdinsol	dɪlaʊ̯dɪnsol
dili	dile
dili	dilɪ
dili	dilɪʔ
dilig	dɪlig
diligan	dɛlɪgɑn
diligan	dɪlɪɣan
dilihensiya	dɪlɪhɛnʃɐ
dilikas	dɪlɪxas
dilikas	ɗiːlikas
dilim	dɪlim
diliman	dɪlɪman
dilis	dilɪs
dilis	dɪlis
dilubyo	dɪlubjo
dimaala	dɪmɐʔalɐ
dimaandal	dɪmɐʔɐndal
dimaano	dɪmɐʔano
dimaapi	dɪmaʔɐpi
dimacuja	dɪmɐxuhɐ
dimagiba	dɪmɐɣɪbaʔ
dimailig	dɪmɐʔilɪg
dimalaluan	dɪmɐlɐluʔɐn
dimalanta	dɪmɐlantɐ
dimapilis	dɪmɐpilɪs
dimaranan	dɪmɐɾanɐn
dimarim	dɪmaɾɪm
dimatatac	dɪmɐtɐtak
dimatulac	dɪmɐtulɐk
dimaunahan	dɪmɐʔʊnahɐn
dimayuga	dɪmɐjuɣɐ
dimig	dimɪg
dimig	dɪmig
dimsum	dimsʊm
din	bˈɪn
din	din
din	dɛn
dinadala	dɪnɐdalɐ
dinadala	dɪnɐdɐla
dinagat	dɪnaɣɐt
dinagipik	dɪnɐɣipɪk
dinala	dɪnɐla
dinamarka	dɪnɐmaɾkɐ
dinamarka	d̪inamaɾka
dinamita	dɪnɐmitɐ
dinastiya	dɪnɐstiɐ
dinding	dɪndiŋ
dine	dinɛ
dinengdeng	dɪnɛndɛŋ
dingal	diŋɐl
dingding	dɪndiŋ
dingdíng	dˈɪŋdˈiŋ
dinggin	diŋgim
dinggin	dɪŋgin
dingig	dɪŋig
dingsulan	dɪnsʊlan
dini	dinɛ
dini	dinɪ
dinidilawan	dɪnɪdɪlɐwan
dinig	dini
dinig	dɪnig
dinilawan	dɪnɪlɐwan
dinorado	dɪnoɾado
dinosawro	dɪnosaʊ̯ɾo
dinsol	dɪnsol
dinsulan	dɪnsulɐn
dinuduguan	dɪnʊdʊɣʊʔan
dinuduluhan	dɪnʊdʊluhɐn
dinudusta	dinodosta
dinuluhan	dɪnʊluhɐn
dinumero	dɪnʊmɛɾo
dionisio	dʒoniʃo
dipa	dɪpa
dipasupil	dɪpɐsupɪl
dipende	dɪpɛndɛ
diplomasya	dɪplomaʃɐ
diplomata	dɪplomɐtɐ
diplomatiko	dɪplomatɪxo
dipolog	dɪpolog
dipterya	dɪptɛɾjɐ
direk	dɪɾɛk
direksiyon	dɪɾɛkʃon
direksyon	dɪɾɛkʃon
direkta	dɪɾɛktɐ
direktiba	dɪɾɛktibɐ
direktor	dɪɾɛktoɾ
direktora	dɪɾɛktoɾɐ
direktoryo	dɪɾɛktoɾjo
diretso	dɪɾɛtʃo
diri	diɾɪ
diri	dɪɾi
dirihi	dɪɾɪhi
dirihible	dɪɾɪhiblɛ
diris	diɾɪs
disabilidad	dɪsɐbɪlɪdad
disabilidad	dɪsʔɐbɪlɪdad
disaluyan	dɪsɐlujɐn
disente	dɪsɛntɛ
disenteriya	dɪsɛntɛɾiɐ
disenyo	dɪsɛɲo
disgrasiya	dɪsgɾaʃɐ
disgrasya	dɪsgɾaʃɐ
disin	disɪn
disinuwebe	dɪsɪnwɛbɛ
disiotso	dɪsɪʔotʃo
disiplina	disiplˈina
disiplina	dɪsɪplinɐ
disiplinado	dɪsɪplɪnado
disiplinahin	dɪsɪplɪnahɪn
disipulo	dɪsipʊlo
disisais	dɪsɪsɐʔis
disiseis	dɪsɪsɐʔis
disiseis	dɪsɪsɛʔis
diskaril	dɪskɐɾil
diskarte	dɪskaɾtɛ
diskita	dɪskɪta
disko	disko
diskompiyado	dɪskompjado
diskriminasyon	dɪskɾɪmɪnɐʃon
diskumpiyado	dɪskʊmpjado
diskurso	dɪskuɾso
diskusyon	dɪskʊʃon
diskuwalipika	dɪskwɐlɪpɪxa
diskuwalipikado	dɪskwɐlɪpɪxado
diskuwalipikasyon	dɪskwɐlɪpɪxɐʃon
diskuwento	dɪskwɛnto
diskwalipikasyon	dɪskwɐlɪpɪxɐʃon
diskwento	dɪskwɛnto
dismayado	dɪsmɐjado
diso	dɪso
dispatser	dɪspatʃɛɾ
dispensa	dɪspɛnsɐ
disperas	dispɛɾɐs
disposisyon	dɪsposɪʃon
distansiya	dɪstanʃɐ
distinggido	dɪstɪŋgido
distribusyon	dɪstɾɪbʊʃon
distrito	dɪstɾito
dita	ditɐʔ
dita	dɪtaʔ
ditablo	dɪtɐblo
ditdit	dɪtdit
ditini	dɪtɪni
dito	dito
dito	ɾito
divinagracia	dɪvinɐgɾaʃɐ
diwa	diwɐʔ
diwang	diwɐŋ
diwata	dɪwatɐ
diwata	dɪwatɐʔ
diwata	d̪iwað̞a
diyabetes	dɐjɐbitɪs
diyabetes	dʒɐbɛtɛs
diyabetiko	dʒɐbɛtɪxo
diyablo	dʒablo
diyalekto	dɪɐlɛkto
diyalogo	dɪaloɣo
diyametro	dʒɐmɛtɾo
diyan	diɐn
diyan	dɪʔan
diyaryo	dʒaɾjo
diyawa	dʒawɐ
diyenereytor	dʒɛnɛɾɛɪ̯toɾ
diyes	dʒis
diyesmo	dʒɛsmo
diyoker	dʒoxɛɾ
diyos	dʒos
diyosa	dʒosɐ
dizon	dison
dizon	dizon
diño	diɲo
doble	doblɛ
dobolyu	doboljʊ
dodo	dodoʔ
doksolohiya	doksolohiɐ
doktor	doktoɾ
doktora	doktoɾɐ
doktorado	doktoɾado
doktrina	doktɾinɐ
dokumentado	doxʊmɛntado
dokumentaryo	doxʊmɛntaɾjo
dokumentasyon	doxʊmɛntɐʃon
dokumento	doxʊmɛnto
dolar	dolɐɾ
dole	dolɛ
dolores	doloɾɛs
dolyar	doljaɾ
dolyar	dˈoːˈliːɐr
domantay	domɐntaɪ̯
domeng	domɛŋ
dominado	domɪnado
dominador	domɪnɐdoɾ
dominante	domɪnantɛ
dominggo	domiŋgo
domingo	domiŋgo
dominguez	domiŋgɛs
dominikano	domɪnɪxano
domino	domɪno
don	don
donasyon	donɐʃon
donat	donɐt
doon	don
doon	doʔon
doon	dun
dorado	doɾado
dormitoryo	doɾmɪtoɾjo
dorobo	doɾobo
dorothy	doɾotɪ
dos	dos
dos	d̪os
dose	dosɛ
dosena	dosɛnɐ
dosis	dosɪs
dosyentos	doʃɛntos
dote	dotɛ
dragon	dɾɐɣon
drakula	dɾaxʊlɐ
dram	dɾam
drama	dɾamɐ
dramatiko	dɾɐmatɪxo
dribol	dɾibol
droga	dɾoɣɐ
du	du
duag	dwag
dubdob	dʊbdob
dublin	dablɪn
dublin	dublɪn
ducut	duxʊt
duda	duda
duda	dudɐ
dudukot	dʊduxot
duduluhan	dʊdʊluhɐn
dudungaw	dʊduŋaʊ̯
dueñas	dwɛɲɐs
dugas	duɣɐs
dugo	dugo
dugo	dʊɣoʔ
dugong	duɣoŋ
dugong	duːgoːn
dugso	dʊgsoʔ
dugtong	dʊgtoŋ
duguan	duːgoan
duguan	dʊɣʊʔan
dugyot	dʊgjot
duhagi	dʊhaɣɪ
duhagi	dʊhɐɣi
duhakay	dʊhaxaɪ̯
duhambindahon	dʊhɐmbɪndahon
duhandas	dʊhɐndas
duhansipat	dʊhɐnsipɐt
duhasik	dʊhasɪk
duhat	do˧˧at
duhat	duhɐt
duhol	dʊhol
dukado	dʊxado
dukal	dʊxal
duke	duxɛ
dukesa	dʊxɛsɐ
dukha	dʊkhaʔ
dukhang	nukhaŋ
dukit	dkiːt
dukot	duxot
dukutan	dukˈoltan
dukwang	dʊkwaŋ
dukwangin	dʊkwɐŋin
dula	dulɐʔ
dula	dʊlaʔ
dulaan	dʊlaʔɐn
dulang	dulɐŋ
dulang	dʊlaŋ
dulas	dʊlas
dulas	dˈə-lˈas
dulay	dulaɪ̯
duldol	dʊldol
duling	dulɪŋ
duling	dʊliŋ
dulis	dulɪs
dulit	dulɪt
dulo	dulo
dulo	tulo
dulog	dʊlog
dulog	dˈə-lˈog
dulohaka	dʊlohaxɐʔ
dulos	dʊlos
dulot	dulot
dulot	duːlot̪
dulugan	dʊluɣɐn
dulugan	dʊlʊɣan
duluhan	dʊluhɐn
dumaan	dmaʔan
dumaan	dʊmɐʔan
dumagdag	dʊmɐgdag
dumagit	dʊmaɣɪt
dumagsin	dʊmɐgsin
dumaguete	dʊmɐɣɛtɛ
dumaguing	dʊmaɣɪŋ
dumaigdig	dʊmɐʔɪgdig
dumal	dumɐl
dumalaw	dʊmalaʊ̯
dumali	dʊmɐliʔ
dumapa	dʊmɐpaʔ
dumating	dʊmɐtiŋ
dumausdos	dʊmɐʔʊsdos
dumero	dʊmɛɾo
dumi	dʊmi
dumi	dˈʊmɪ
dumighay	dʊmɪghaɪ̯
dumihan	dumihɐn
dumihan	dʊmɪhan
dumilat	domilat
dumilim	dʊmɪlim
dumlao	dʊmlaʊ̯
dumog	dumog
dumog	dʊmog
dumpit	dʊmpit
dumudukot	dʊmʊduxot
dumudungaw	dʊmʊduŋaʊ̯
dumukot	dʊmuxot
dumulas	dʊmʊlas
dumumi	dʊmʊmi
dumungaw	dʊmuŋaʊ̯
dumupok	dʊmʊpok
dumura	dʊmʊɾaʔ
dumurukot	dʊmʊɾuxot
dumurungaw	dʊmʊɾuŋaʊ̯
dungaw	duŋaʊ̯
dunggol	dʊŋgol
dunggot	dʊŋgot
dunggulin	dʊŋgʊlin
dungis	duŋɪs
dungon	duŋon
dungon	dʊŋon
dunong	dunoŋ
duongan	dʊʔoŋɐn
dupa	dʊpaʔ
dupikal	dʊpɪxal
dupil	dupɪl
dupok	dʊpok
dupong	dupoŋ
durante	dʊɾantɛ
durian	doriˈan
durian	dʊɾjan
duro	duɾoʔ
durog	duɾog
durog	dʊɾog
durugista	dʊɾʊɣistɐ
durukot	dʊɾuxot
durungaw	dʊɾuŋaʊ̯
durungawan	duɾʊŋɐwan
durungawan	dʊɾʊŋawɐn
duryan	dʊɾjan
dusa	dusɐ
dusdos	dʊsdos
dusing	dusɪŋ
dusta	dʊstaʔ
dutaan	dʊtaʔɐn
dutaliknayan	dʊtɐlɪknajɐn
dutdot	dʊtdot
dutdutin	dʊtdʊtin
duungan	dʊʔuŋɐn
duwag	duag
duwag	duɐg
duwag	dwag
duwal	dwal
duwalismo	dwɐlismo
duwende	dwɛndɛ
duweto	dwɛto
duyan	dujɐn
duyog	dujo
duyong	dujoŋ
dwight	dwaɪ̯t
dy	di
dyahe	dʒahɛ
dyaket	dʒaket
dyamante	dʒɐmantɛ
dyambol	dʒambol
dyaryo	dʒaɾjo
dyey	dʒɛɪ̯
dyi	dʒɪ
dyinggel	dʒiŋgɛl
dyinodyolog	dʒɪnodʒolog
dyinolog	dʒɪnolog
dyip	dʒip
dyodyologin	dʒodʒoloɣɪn
dyologin	dʒoloɣɪn
dyologs	dʒologs
dyudo	dʒudo
dyukaka	dʒoˈkaka
e	ɛ
eba	ʔɛbɐ
ebak	ʔɛbɐk
ebakwasyon	ʔɛbɐkwɐʃon
ebanghelista	ʔɛbɐŋhɛlistɐ
ebanghelyo	ʔɛbɐŋhɛljo
ebangsilyo	ʔɛbɐnsiljo
ebaporada	ʔɛbɐpoɾadɐ
ebidensiya	ʔɛbɪdɛnʃɐ
ebidensya	ʔɛbɪdɛnʃɐ
ebolusyon	ʔɛbolʊʃon
ebreo	ʔɛbɾɛo
echague	ʔɛtʃaɣɛ
echano	ʔɛtʃano
echegaray	ʔɛtʃɛɣɐɾaɪ̯
echevarria	ʔɛtʃɛbaɾjɐ
echevarria	ʔɛtʃɛvaɾjɐ
echiverri	ʔɛtʃɪvɛɾɪ
echos	ʔɛtʃos
echosera	ʔɛtʃosɛɾɐ
eden	ʔɛdɛn
edipisyo	ʔɛdɪpiʃo
edison	ʔɛdɪson
edisyon	ʔɛdɪʃon
editoryal	ʔɛdɪtoɾjal
edrada	ʔɛdɾadɐ
edukada	ʔɛdʊxadɐ
edukado	ʔɛdʊxado
edukasyon	ʔɛdʊxɐʃon
eemyendahan	ʔɛʔɛmjɛndɐhan
efe	ʔɛfɛ
efren	ʔɛfɾɛn
eguia	ʔɛɣiɐ
ehe	ʔɛhɛ
ehekutibo	ʔɛhɛxʊtibo
ehemplo	ʔɛhɛmplo
ehersisyo	ʔɛhɛɾsiʃo
ehersito	ʔɛhɛɾsɪto
ehipto	ɛgipto
ehipto	ʔɛhipto
ekiboko	ʔɛxiboxo
ekipahe	ʔɛxɪpahɛ
ekisan	ʔɛxisɐn
eklipse	ʔɛklipsɛ
ekonomika	ikonˈomika
ekonomista	ʔɛxonomistɐ
ekonomiya	ʔɛxonomiɐ
eks	ʔɛks
eksaherado	ʔɛksɐhɛɾado
eksaherasyon	ʔɛksɐhɛɾɐʃon
eksakto	ʔɛksakto
eksaminador	ʔɛksɐmɪnɐdoɾ
ekselensiya	ʔɛksɛlɛnʃɐ
eksena	ʔɛksɛnɐ
eksepsiyon	ʔɛksɛpʃon
eksibisyon	ʔɛksɪbɪʃon
eksihensiya	ʔɛksɪhɛnʃɐ
eksistensiyalismo	ʔɛksɪstɛnʃɐlismo
eksklusibo	ʔɛksklʊsibo
eksklusyon	ʔɛksklʊʃon
ekskomunikado	ʔɛkskomʊnɪxado
ekskomunikasyon	ʔɛkskomʊnɪxɐʃon
eksorsismo	ʔɛksoɾsismo
ekspedisyon	ʔɛkspɛdɪʃon
eksperimento	ʔɛkspɛɾɪmɛnto
eksperto	ʔɛkspɛɾto
eksperyensiya	ʔɛkspɛɾjɛnʃɐ
ekspirasyon	ʔɛkspɪɾɐʃon
eksplanasyon	ʔɛksplɐnɐʃon
eksplikasyon	ʔɛksplɪxɐʃon
eksplorador	ʔɛksploɾɐdoɾ
eksplorasyon	ʔɛksploɾɐʃon
eksplosibo	ʔɛksplosibo
eksplosyon	ʔɛksploʃon
eksportasyon	ʔɛkspoɾtɐʃon
ekspresyon	ʔɛkspɾɛʃon
ekspulsiyon	ʔɛkspʊlʃon
ektarea	ʔɛktaɾɛɐ
ektarya	ʔɛktaɾjɐ
ekups	ekups
ekwador	ɛkwador
ekwador	ʔɛkwɐdoɾ
ekwalidad	ʔɛkwɐlɪdad
elaborasyon	ʔɛlɐboɾɐʃon
elamparo	ʔɛlampɐɾo
elastiko	ʔɛlastɪxo
ele	ʔɛlɛ
elebador	ʔɛlɛbɐdoɾ
elefante	ʔɛlɛfantɛ
elefante	ʔɛlɛpantɛ
elegansiya	ʔɛlɛɣanʃɐ
elegansya	ʔɛlɛɣanʃɐ
elehiya	ʔɛlɛhiɐ
eleksiyon	ʔɛlɛkʃon
elektrisidad	ʔɛlɛktɾɪsɪdad
elektrisista	ʔɛlɛktɾɪsistɐ
elektronika	elɛktɾonika
elemento	ʔɛlɛmɛnto
elena	ʔɛlɛnɐ
elenita	ʔɛlɛnitɐ
elepante	ʔɛlɛpantɛ
elesi	ʔɛlɛsɪ
elib	ʔɛlɪb
elibs	ʔɛlɪbs
elise	ʔɛlɪsɛ
elise	ʔɛlɪsɪ
eliseo	ʔɛlɪsɛo
elisi	ʔɛlɪsɪ
elizaga	ʔɛlɪsaɣɐ
elizaga	ʔɛlɪzaɣɐ
elizalde	ʔɛlɪzaldɛ
elle	ʔɛljɛ
elohiyo	ʔɛlohɪo
elorde	ʔɛloɾdɛ
eloriaga	ʔɛloɾjaɣɐ
elye	ʔɛljɛ
elyo	ʔɛljo
em	ʔɛm
ema	ma
embahada	ʔɛmbɐhadɐ
embahador	ʔɛmbɐhɐdoɾ
embalsama	ʔɛmbɐlsɐma
embalsamador	ʔɛmbɐlsɐmɐdoɾ
embalsamo	ʔɛmbalsɐmo
embudo	ʔɛmbudo
embutido	ʔɛmbʊtido
eme	ʔɛmɛ
emeterio	ʔɛmɛtɛɾjo
emiko	ʔɛmixo
emily	ʔɛmɪlɪ
emir	ʔɛmiɾ
emma	ʔɛmɐ
emong	ʔɛmoŋ
emorahiya	ʔɛmoɾahɪɐ
emosyon	ʔɛmoʃon
emosyonal	ʔɛmoʃonal
empake	ʔɛmpaxɛ
empanada	ʔɛmpɐnadɐ
empatso	ʔɛmpatʃo
emperadora	ʔɛmpɛɾɐdoɾɐ
emperatris	ʔɛmpɛɾɐtɾis
emperdible	ʔɛmpɛɾdiblɛ
empirisismo	ʔɛmpɪɾɪsismo
empleada	ʔɛmplɛadɐ
empleado	ʔɛmplɛado
empleo	ʔɛmplɛo
empleyada	ʔɛmplɛadɐ
empleyado	ʔɛmplɛado
empleyo	ʔɛmplɛo
emyenda	ʔɛmjɛndɐ
emyendahan	ʔɛmjɛndɐhan
enagwas	ʔɛnagwɐs
encarnacion	ʔɛŋkɐɾnɐʃon
endaya	ʔɛndajɐ
endorso	ʔɛndoɾso
endoso	ʔɛndoso
endozo	ʔɛndozo
endrinal	ʔɛndɾɪnal
endyi	ʔɛndʒɪ
ene	ʔɛnɛ
enerhiya	ʔɛnɛɾhiɐ
enero	ʔɛnɛɾo
engganyo	ʔɛŋgaɲo
engkabesamyento	ʔɛŋkɐbɛsɐmjɛnto
engkanto	ʔɛŋkanto
engkarnadina	ʔɛŋkɐɾnɐdinɐ
engkuwentro	ʔɛŋkwɛntɾo
engot	ʔɛŋot
enmiyenda	ʔɛnmjɛndɐ
enriquez	ʔɛnɾixɛs
ensalada	ʔɛnsɐladɐ
ensano	ʔɛnsano
ensayklopidya	ʔɛnsaɪ̯klopidʒɐ
ensaymada	ʔɛnsaɪ̯madɐ
ensayo	ʔɛnsajo
ensemada	ʔɛnsɛmadɐ
ensiklopedya	ʔɛnsɪklopɛdʒɐ
entablado	ʔɛntɐblado
entendido	ʔɛntɛndido
enteng	ʔɛntɛŋ
entrada	ʔɛntɾadɐ
entrega	ʔɛntɾɛɣɐ
entremetida	ʔɛntɾɛmɛtidɐ
entri	ʔɛntɾɪ
entusyasmo	ʔɛntʊʃasmo
enye	ʔɛɲɛ
epal	ʔɛpɐl
epek	ʔɛpɛk
epektibo	ʔɛpɛktibo
epekto	ʔɛpɛkto
epidemya	ʔɛpɪdɛmjɐ
epiko	ʔɛpɪxo
epilepsiya	ʔɛpɪlɛpʃɐ
epilogo	ʔɛpiloɣo
epipanya	ʔɛpɪpaɲɐ
epistemolohiya	ʔɛpɪstɛmolohiɐ
epistola	ʔɛpistolɐ
episyente	ʔɛpɪʃɛntɛ
equis	ʔɛxɪs
ere	ʔɛɾɛ
eredero	ʔɛɾɛdɛɾo
erehe	ʔɛɾɛhɛ
erehiya	ʔɛɾɛhiɐ
ergo	ʔɛɾgo
ermats	ʔɛɾmɐts
ermita	ɛɾmita
ermitanyo	ʔɛɾmɪtaɲo
eroplano	ʔɛɾoplano
erpat	ʔɛɾpɐt
erpats	ʔɛɾpɐts
es	ʔɛs
escalante	ʔɛskɐlantɛ
escalona	ʔɛskɐlonɐ
escamillas	ʔɛskɐmiljɐs
escaño	ʔɛskaɲo
escuadro	ʔɛskwadɾo
ese	ʔɛsɛ
esena	ʔɛsɛnɐ
esenaryo	ʔɛsɛnaɾjo
esensiya	ʔɛsɛnʃɐ
esensiyal	ʔɛsɛnʃal
eseptiko	ʔɛsɛptɪxo
eseptisismo	ʔɛsɛptɪsismo
eskabetse	ʔɛskɐbɛtʃɛ
eskala	ʔɛskalɐ
eskalador	ʔɛskɐlɐdoɾ
eskalera	ʔɛskɐlɛɾɐ
eskaleytor	ʔɛskɐlɛɪ̯toɾ
eskandalo	ʔɛskandɐlo
eskandalosa	ʔɛskɐndɐlosɐ
eskandaloso	ʔɛskɐndɐloso
eskaparate	ʔɛskɐpɐɾatɛ
eskapularyo	ʔɛskɐpʊlaɾjo
eskarlata	ʔɛskɐɾlatɐ
eskina	ʔɛskinɐ
eskinita	ʔɛskɪnitɐ
eskoba	ʔɛskobɐ
eskolar	ʔɛskolaɾ
eskolta	ʔɛskoltɐ
eskorpiyo	ʔɛskoɾpjo
eskosya	ʔɛskoʃɐ
eskriba	ʔɛskɾibɐ
eskrima	eskɾima
eskrima	ʔɛskɾimɐ
eskultor	ʔɛskʊltoɾ
eskultura	ʔɛskʊltuɾɐ
eskuwala	ʔɛskwalɐ
eskuwela	ʔɛskwɛlɐ
eskuwelahan	ʔɛskwɛlɐhɐn
eskwela	ʔɛskwɛlɐ
eslobakya	ʔɛslobakjɐ
eslobenya	ʔɛslobɛɲɐ
esmalte	ʔɛsmaltɛ
esmeralda	ʔɛsmɛɾaldɐ
esmeril	ʔɛsmɛɾɪl
esopago	ʔɛsopɐɣo
espada	ʔɛspadɐ
espadahan	ʔɛspɐdɐhan
espantaho	ʔɛspɐntaho
espanya	ʔɛspaɲɐ
espanyol	ɛʃpanʝol
espanyol	ʔɛspɐɲol
espanyola	ʔɛspɐɲolɐ
esparago	ʔɛspaɾɐɣo
espasol	ʔɛspɐsol
espasyo	ʔɛspaʃo
espeleta	ʔɛspɛlɛtɐ
esperanto	ʔɛspɛɾanto
esperma	ʔɛspɛɾmɐ
espesipiko	ʔɛspɛsipɪxo
espesyal	ʔɛspɛʃal
espesyalista	ʔɛspɛʃɐlistɐ
espinaka	ʔɛspɪnaxɐ
espinghe	ʔɛspiŋhɛ
espino	ʔɛspino
espinoza	ʔɛspɪnosɐ
espinoza	ʔɛspɪnozɐ
espiritu	ʔɛspiɾɪtʊ
espiritwalidad	ʔɛspɪɾɪtwɐlɪdad
espiya	ʔɛspja
espongha	ʔɛspoŋhɐ
esposa	ʔɛsposɐ
esposo	ʔɛsposo
esquivel	ʔɛskɪvɛl
estabillo	ʔɛstɐbiljo
establisimiyento	ʔɛstɐblɪsɪmjɛnto
establisimyento	ʔɛstɐblɪsɪmjɛnto
estadistika	ʔɛstɐdistɪxɐ
estadistiko	ʔɛstɐdistɪxo
estado	ʔɛstado
estadyo	ʔɛstadʒo
estampa	ʔɛstampɐ
estampita	ʔɛstɐmpitɐ
estandarte	ʔɛstɐndaɾtɛ
estante	ʔɛstantɛ
estapa	ʔɛstapɐ
estapador	ʔɛstɐpɐdoɾ
estasyon	ʔɛstɐʃon
estatwa	ʔɛstatwɐ
este	ʔɛstɛ
estereo	ʔɛstɛɾɛo
estereotipo	ʔɛstɛɾɛotipo
estero	ʔɛstɛɾo
estetoskopyo	ʔɛstɛtoskopjo
estigoy	ʔɛstɪɣoɪ̯
estilo	ʔɛstilo
estima	ʔɛstɪma
estoisismo	ʔɛstoɪsismo
estoisismo	ʔɛstoɪ̯sismo
estola	ʔɛstolɐ
estonya	estonja
estonya	ʔɛstoɲɐ
estorbo	ʔɛstoɾbo
estrada	ʔɛstɾadɐ
estranghero	ʔɛstɾɐŋhɛɾo
estratehiko	ʔɛstɾɐtɛhɪxo
estratehiya	ʔɛstɾɐtɛhiɐ
estratehiya	ʔɛstɾɐtɛhɪa
estrella	ʔɛstɾɛljɐ
estrelya	ʔɛstɾɛljɐ
estrelyado	ʔɛstɾɛljado
estrikto	ʔɛstɾikto
estronsiyo	ʔɛstɾonʃo
estruktura	ʔɛstɾʊktuɾɐ
estudyante	ʔɛstʊdʒantɛ
estutse	ʔɛstutʃɛ
etika	ʔɛtɪxɐ
etiketa	ʔɛtɪxɛtɐ
etimologo	ʔɛtɪmoloɣo
etimolohiya	ʔɛtɪmolohiɐ
etiyopiya	ʔɛtʃopiɐ
etneb	ʔɛtnɛb
eto	ʔɛto
etsapuwera	ʔɛtʃapwɛɾɐ
etsetera	ʔɛtʃɛtɛɾɐ
eugenio	ʔɛʊ̯hɛɲo
eukaristiya	jʊxɐɾistʃɐ
eukaristiya	jʊxɐɾɪstiɐ
euklides	jʊklidɛs
euklides	ʔɛʊ̯klidɛs
eulohiya	jʊlohiɐ
eulohiya	ʔɛʊ̯lohiɐ
eunuko	ʔɛʊ̯nuxo
eva	ʔɛbɐ
eva	ʔɛvɐ
ewan	ʔɛwɐn
exconde	ʔɛkskondɛ
ey	ʔɛɪ̯
eyre	ʔɛɪ̯ɾɛ
eyts	ʔɛɪ̯ts
eyts	ʔɛɪ̯tʃ
ezra	ʔɛsɾɐ
eñe	ʔɛɲɛ
f	f
f	ʔɛf
f	ʔɛfɛ
f	ʔɛpɛ
fabregas	fabɾɛɣɐs
fabros	fabɾos
fajardo	fɐhaɾdo
fajardo	pɐhaɾdo
falcon	fɐlkon
faltado	fɐltado
faltado	pɐltado
fandiño	fɐndiɲo
fariñas	fɐɾiɲɐs
fariñas	pɐɾiɲɐs
farrales	fɐɾalɛs
feliciano	fɛlɪʃano
feliciano	pɛlɪʃano
felicidad	fɛlɪsɪdad
feling	fɛliŋ
fely	fɛlɪ
fely	pɛlɪ
ferdie	fɛɾdɪ
ferido	fɛɾido
fernandez	fɛɾnandɛs
fernandez	pɛɾnandɛs
fernando	fɛɾnando
ferrer	fɛɾɛɾ
ferriols	fɛɾjols
ferrol	fɛɾol
feslak	fɛslɐk
festejo	pɛstɛho
fidbak	fidbɐk
fidbak	pidbɐk
fidel	fɪdɛl
fidel	pɪdɛl
figueras	fɪɣɛɾɐs
figueras	pɪɣɛɾɐs
figueroa	fɪɣɛɾoɐ
filipina	fɪlɪpinɐ
filipina	pɪlɪpinɐ
filipinas	fɪlɪpinɐs
filipinas	pɪlɪpinɐs
filipino	fɪlɪpino
filipino	pɪlɪpino
fiscal	fɪskal
fish	fɪʃ
flojo	floho
flora	floɾɐ
flora	ploɾɐ
florence	floɾɛns
florence	ploɾɛns
florendo	floɾɛndo
flores	floɾɛs
fojas	fohɐs
fontanilla	fontɐniljɐ
fontelera	fontɛlɛɾɐ
fontelera	pontɛlɛɾɐ
fontillas	fontiljɐs
forteza	foɾtɛzɐ
fortich	foɾtɪtʃ
fotobam	fotobɐm
francisca	fɾɐnsiskɐ
francisco	fɾɐnsisko
francisco	pɾɐnsisko
frias	fɾiɐs
froilan	fɾoɪ̯lɐn
fronda	fɾondɐ
fuentes	fwɛntɛs
fujihara	fʊdʒɪhaɾɐ
fujimori	fʊdʒɪmoɾɪ
fujimoto	fʊdʒɪmoto
fujinami	fʊdʒɪnamɪ
fujinami	pʊdʒɪnamɪ
fukien	fukjɛn
fukushima	fʊxʊʃɪmɐ
fulgencio	fʊlhɛnʃo
fung	fuŋ
furagganan	fʊɾɐgganɐn
furuichi	fʊɾwitʃɪ
futbol	futbol
futbol	putbol
g	g
g	gɐ
ga	gɐ
gaano	gɐʔano
gaano	gɐʔɐno
gabaldon	gɐbɐldon
gaban	gaban
gaban	gɐban
gabay	gɐbaɪ̯
gabe	gabɛ
gabe	gabɪ
gabi	gabɪ
gabi	gɐbi
gabi	gɐbɛ
gabi	gɐnˈeɪ
gabihin	gɐbɪhin
gabinete	gɐbɪnɛtɛ
gabo	gabˈo
gabok	gɐbok
gabon	gɐbon
gabriel	gɐbɾjɛl
gabrielle	gɐbɾjɛl
gabya	gabjɐ
gabón	ɣ̞abõn̪
gacula	gaxʊlɐ
gacusan	gɐxusɐn
gacutan	gɐxutɐn
gadgad	gɐdgad
gadgaran	gɐdgaɾɐn
gadya	gɐdʒaʔ
gadyet	gadʒɛt
gaffud	gafʊd
gaga	gaɣɐʔ
gaga	gɐɣa
gagad	gɐɣad
gagamba	gɐɣɐmba
gagamit	gɐɣamɪt
gagapang	gɐɣapɐŋ
gagapang	gɐɣɐpaŋ
gagi	gaɣɪ
gagi	gaɣɪʔ
gago	agˈo
gago	gago
gago	gaɣo
gago	jˈagʊ
gaguhin	gɐɣuhɪn
gahak	gahɐk
gahak	gɐhak
gahaman	gɐhamɐn
gahaman	gɐhɐman
gahasa	gɐhasɐʔ
gahasa	gɐhɐsaʔ
gahi	gahɪʔ
gahi	gɐhiʔ
gahol	gahol
gahol	gɐhol
gahum	gɐhum
gahumay	gɐhumaɪ̯
gail	gɛɪ̯l
gakgak	gɐkgak
galabok	gɐlɐbok
galagala	gɐlɐɣɐla
galaiti	gɐlɐʔitɪ
galak	galˈak
galak	gɐlak
galakgak	gɐlɐkgak
galalan	gɐlalɐn
galalan	gɐlɐlan
galamay	gɐlɐmaɪ̯
galang	galaŋ
galang	galɐŋ
galang	gɐlaŋ
galanggalangan	gɐlaŋgɐlɐŋan
galante	gɐlantɛ
galapago	ɣalapago
galapong	gɐlɐpoŋ
galauran	gɐlɐʔuɾɐn
galaw	galaʊ̯
galaw	gɐlaʊ̯
galawan	gɐlawɐn
galawgaw	gɐlaʊ̯ɣaʊ̯
galawin	gɐlɐwin
galeon	gɐlɛon
gales	galɛs
gales	gɐlɛs
galgal	gɐlgal
galing	galɪŋ
galing	gɐliŋ
galing	kaliŋ
galis	gɐlis
galit	galɛt
galit	galɪt
galit	gɐlit
galit	gɐlɛt
galit	ɣ̞alip
galitgit	gɐlɪtgit
galitin	gɐlitɪn
gallardo	gɐljaɾdo
gallo	galjo
galon	gɐlon
galong	galoŋ
galos	galos
galugad	gɐluɣɐd
galugad	gɐlʊɣad
galugarin	gɐlʊɣaɾɪn
galunggong	gɐlʊŋgoŋ
galura	gɐluɾɐ
galusgos	gɐlʊsgos
gamay	gamai
gamay	gamaɪ̯
gamay	gɐmaɪ̯
gambala	gãmbala
gambala	gɐmbalɐʔ
gambala	gɐmbɐlaʔ
gambang	gɐmbaŋ
gambi	gɐmbiʔ
gamboa	gɐmboɐ
gambol	gɐmbol
gambya	gambja
gamiao	gamjaʊ̯
gamit	dʒamit
gamit	gamɪt
gamit	gɐmit
gamit	gɐmɛt
gamol	gɐmol
gamos	gamos
gamot	gɐmot
gamugamo	gɐmuɣɐmo
gamusa	gɐmusɐ
gamutin	gɐmʊtin
gan	gan
ganansiya	gɐnanʃɐ
ganap	gɐnap
ganap	ɣ̞ɑnap
ganapin	ganapine
ganda	gandɐ
ganda	gɐnda
gandawari	gɐndɐwɐɾi
ganern	gɐnɛɹn
gang	gaŋ
gango	gɐŋo
gangsa	gɐnsaʔ
gangsal	gɐnsal
gangsterismo	gɐnstɛɾismo
ganid	ganɪd
ganid	gɛnˈid
ganire	gɐnɪɾɛ
ganiri	gɐnɪɾi
ganito	gɐnɪto
ganiyan	ganˈjˈan
ganiyan	gɐɲan
ganoon	gɐnon
ganoon	gɐnoʔon
gansa	gansɐ
gansa	gɐnsaʔ
gansal	gɐnsal
ganta	gantɐ
ganta	gɐnta
ganti	gɐnti
gantihan	gantihɐn
gantihan	gɐntɪhan
gantimpala	gantimpala
gantimpala	gɐntɪmpalɐʔ
ganto	gɐnto
gantso	gantʃo
ganyak	gɐɲak
ganyan	gɐɲan
ganzon	gɐnson
ganzon	gɐnzon
gao	gaʊ̯
gaoiran	gɐwiɾɐn
gaong	gaʔoŋ
gaong	gɐʔoŋ
gapan	gɐpan
gapang	gapɐŋ
gapang	gɐpaŋ
gapi	gapɪʔ
gapo	gɐpo
gapo	gɐpoʔ
gapok	gapok
gapok	gɐpok
gapong	gapoŋ
gapong	gɐpoŋ
gapos	gapos
gapos	gɐpos
gara	gaɾɐʔ
garahe	gɐɾahɛ
garapal	gɐɾɐpal
garapata	gɐɾɐpatɐ
garapon	gɐɾɐpon
garasiya	gɐɾaʃɐ
garay	gaɾaɪ̯
garay	gɐɾaɪ̯
garbansos	gɐɾbansos
garbo	gaɾbo
garces	gaɾsɛs
garchitorena	gɐɾtʃɪtoɾɛnɐ
garcia	gɐɾsiɐ
garciano	gɐɾʃano
gargaran	gɐɾgaɾɐn
garil	gaɾɪl
garil	gɐɾil
garing	gaɾɪŋ
gariya	gɐɾiɐʔ
garod	gɐɾod
garote	gɐɾotɛ
garupa	gɐɾupɐ
garya	gaɾjɐʔ
gas	gas
gasela	gɐsɛlɐ
gasera	gɐsɛɾɐ
gaseta	gɐsɛtɐ
gasgas	gɐsgas
gasingsing	gɐsɪnsiŋ
gasino	gɐsino
gaslaw	gɐslaʊ̯
gaso	gɐso
gasolina	gɐsolinɐ
gasolinahan	gɐsolɪnɐhan
gaspang	gɐspaŋ
gasta	gɐsta
gastador	gɐstɐdoɾ
gastadora	gɐstɐdoɾɐ
gaston	gɐston
gastos	gastos
gastusin	gastʊsin
gastusin	gɐstusɪn
gasuklay	gɐsʊklaɪ̯
gat	gat
gata	gɐtaʔ
gatan	gatɐn
gatang	gatɐŋ
gatas	gatɐs
gatbonton	gɐtbonton
gatchalian	gɐtʃɐljan
gatdula	gɐtdulɐʔ
gatid	gatɪd
gatilyo	gɐtiljo
gatlang	gɐtlaŋ
gatmaitan	gɐtmaɪ̯tan
gatong	gatoŋ
gatos	gɐtos
gavilan	gɐvɪlan
gaviola	gɐbjolɐ
gaviola	gɐvjolɐ
gawa	gɐwaʔ
gawad	gawɐd
gawain	gawaʔɪn
gawak	gawɐk
gawak	gɐwak
gawalagad	gɐwɐlɐɣad
gawan	gɐwan
gawangan	gɐwaŋɐn
gaway	gawaɪ̯
gawi	gawɪʔ
gawi	gɐwi
gawi	gɐwiʔ
gawin	gɐwin
gawis	gawɪs
gay	gɛɪ̯
gaya	gaja
gaya	gajɐ
gaya	gaːja
gaya-gaya	gɐjɐgɐjɐ
gayahin	gɐjahɪn
gayak	gɐjak
gayang	gajɐŋ
gayari	gɐjɐɾi
gayas	gajɐs
gayas	gɐjas
gayat	gajɐt
gayon	gɐjon
gayot	gɐjot
gayuma	gajuma
gayuma	gɐjumɐ
gayumahin	gɐjʊmahɪn
gayumpaman	gɐjumpɐman
gayundin	gɐjʊndin
gayundin	gɛjʊ̞nbiːn
gayunman	gɐjʊnman
ge	gɛ
gege	gɛɣɛ
geim	gɛɪ̯m
geim	gɛʔɪm
gemma	dʒɛmɐ
gera	gɛɾɐ
geraldine	dʒɛɾɐldin
gerda	gɛɾdɐ
gerilya	gɛɾiljɐ
gerlalu	gɛɾlɐlʊ
gerodias	hɛɾodiɐs
geronimo	hɛɾonɪmo
gets	gɛts
gewang	gɛwɐŋ
geym	gɛɪ̯m
giba	gɪbaʔ
gibain	gɪbɐʔin
gibang	gibɐŋ
gibay	gibaɪ̯
gibik	gɪbik
gigil	giɣɪl
gigil	gˈigɪl
giginto	gɪɣɪntoʔ
giho	gihoʔ
giit	giʔɪt
giit	gɪʔit
giit	ɟʰiʔit
gikin	gɪxin
gikla	gɪklaʔ
gilagid	gɪlaɣɪd
gilagiran	gɪlɐɣiɾɐn
gilas	gilɐs
gilawgaw	gɪlaʊ̯ɣaʊ̯
gilberto	gɪlbɛɾto
gilgil	gɪlgil
gili	gɪli
gilib	gɪlib
giligoryo	gɪlɪɣoɾjo
gilik	gilɪk
giling	gilɪŋ
giling	gɪliŋ
gilit	gilɪt
gilit	gɪlit
giliw	giliʊ̯
gilong	giloŋ
gilong	gɪloŋ
gilyotina	gɪljotinɐ
gimbal	gɪmbal
gimik	gimɪk
gimikan	gimikan
gina	dʒinɐ
ginagamit	ginagamit
ginambala	kinambala
ginamót	ginamut
ginanap	diːnaːnɔ̀ap
ginang	ginɐŋ
ginataan	gɪnɐtɐʔan
ginatan	gɪnɐtan
ginaw	gɪnaʊ̯
ginawin	gɪnɐwin
ginggon	gɪŋgon
ginhawa	gɪnhawɐ
ginhawa	gɪnhawɐʔ
giniling	ginilin
giniling	gɪnilɪŋ
ginilo	gɪniloʔ
gining	ginɪŋ
ginintuan	gɪnɪntʊʔan
ginip	ginɪp
ginisa	gɪnɪsa
ginisa	gˈˈnisˈa
ginoo	gɪnoʔo
ginto	gɪntoʔ
ginulay	gɪnulaɪ̯
ginulo	ˈgnulˈo
gipalpal	gɪpɐlpal
gipit	gɪpit
gipo	gipoʔ
gipo	gɪpoʔ
gipos	gipos
gipos	gɪpos
girimpula	gɪɾɪmpʊla
gisa	gɪsa
gisado	gisado
gisado	gɪsado
gisahin	gɪsɐhin
gisantes	gɪsantɛs
gisi	gisɪʔ
gisi	gɪsiʔ
gising	gisɪŋ
gising	gɪsiŋ
gisok	gisok
gitang	gɪtaŋ
gitara	gitara
gitara	gɪtaɾɐ
gitarista	gɪtɐɾistɐ
gitata	gɪtatɐʔ
gitata	gɪtɐtaʔ
gitgit	gɪtgit
giting	gitɪŋ
gitisig	gitiʃi
gitisig	gɪtisɪg
gitla	gɪtla
gitlapi	gɪtlapɪʔ
gitlapi	gˈɪtlˈæpi
gitlawas	gɪtlawɐs
gitling	gɪtliŋ
gitling	gʲɪtlʲɪŋ
gitna	gɪtnaʔ
gituldok	gɪtʊldok
giwa	giwɐʔ
giwang	giwɐŋ
giya	giɐ
giyang	gjaŋ
giyera	gjɛɾɐ
giyerahin	gjɛɾahɪn
gladyador	glɐdʒɐdoɾ
glandula	glandʊlɐ
gliserina	glɪsɛɾinɐ
globo	globo
gloria	gloɾjɐ
glorya	gloɾjɐ
glosaryo	glosaɾjo
go	go
gobernador	gobɛɾnɐdoɾ
gobernadora	gobɛɾnɐdoɾɐ
gobyerno	gobjɛɾno
godiñez	godiɲɛs
godoy	godoɪ̯
goh	go
golay	gɔlaj
golondrina	golondɾinɐ
golp	golp
golpo	golpo
goma	goma
goma	gomɐ
gomburza	gombuɾsɐ
gomburza	gombuɾzɐ
gomez	gomɛs
gonda	gondɐ
gonorea	gonoɾɛɐ
gonzaga	gonzaɣɐ
gonzales	gonsalɛs
gonzales	gonzalɛs
gora	goɾɐ
gorilya	goɾiljɐ
gorospe	goɾospɛ
gorriceta	goɾɪsɛtɐ
goryo	goɾjo
gota	gotɐ
gotamco	gotamko
gotiko	gotɪxo
goto	goto
goyo	gojoʔ
goyong	gojoŋ
gozon	goson
gozon	gozon
graba	gɾabɐ
grabe	gɾabɛ
grabe!	gɾabɛ
grace	gɾɛɪ̯s
grado	grado
grado	gɾado
gradweyt	gɾadwɛɪ̯t
gramatika	gɾamɛtika
gramatika	gɾɐmatɪxɐ
gramo	gɾamo
granada	gɾɐnadɐ
granate	gɾɐnatɛ
grapito	gɾɐpito
grasa	gɾasɐ
grasya	gɾaʃɐ
grawnded	gɾaʊ̯ndɛd
gregorio	gɾɛɣoɾjo
gregoryano	gɾɛɣoɾjano
gremyo	gɾɛmjo
gresya	gɾɛʃɐ
gripo	gripo
gripo	gɾipo
griyega	gɾjɛɣɐ
groser	gɾosɛɾ
groseri	gɾosɛɾɪ
groseriya	gɾosɛɾiɐ
groserya	gɾosɛɾjɐ
grumadweyt	gɾʊmadwɛɪ̯t
grupo	grupo
grupo	gɾupo
guagua	gwagwɐ
guanzon	gwɐnson
guanzon	gwɐnzon
gubat	gubɐt
gubat	gʊbat
guerrero	gɛɾɛɾo
guevara	gɛbaɾɐ
guevara	gɛvaɾɐ
guevarra	gɛvaɾɐ
gugol	guɣol
guham	gʊham
guhit	guhɪt
guhit	gˈoʊhˈɪt
guho	gʊhoʔ
guico	gixo
guimaras	gɪmɐɾas
guimba	gimbɐ
guingona	gɪŋgonɐ
guinhawa	gɪnhawɐ
guinhawa	gɪnhawɐʔ
guisado	gisado
guisado	gɪsado
guiuan	giwɐn
gukgok	gʊkgok
gulaman	gʊlamɐn
gulang	gulɐŋ
gulangan	gʊlaŋɐn
gulangan	gʊlɐŋan
gulanit	gʊlɐnit
gulanta	gʊlɐntaʔ
gulantang	gʊlɐntaŋ
gulat	gulɐt
gulat	gʊlat
gulatin	gʊlatɪn
gulay	gulaɪ̯
gulay	gʊlaː
gulayin	gʊlajɪn
gulayin	gʊlɐjin
gulo	gulo
gulo	gʊlo
gulo	gʊloʔ
gulod	gulod
gulod	gʊlod
gulok	gulok
gulong	guloŋ
gulong	gʊloŋ
gulot	gʊlot
gulpi	gʊlpi
gulugod	gʊlʊɣod
guluhin	gʊlʊhin
gulumihan	gʊlʊmihɐn
gulunggulungan	gʊlʊŋgʊluŋɐn
gulyabaw	gʊljabaʊ̯
gulyasan	gʊljasɐn
gumaca	gʊmaxɐ
gumagad	gʊmɐɣad
gumagamit	gʊmɐɣamɪt
gumagana	gumagana
gumagapang	gʊmɐɣapɐŋ
gumagaralgal	gomaːgaɾaːliːgaːj
gumala	gʊmalɐʔ
gumalaw	gumalao
gumalaw	gʊmɐlaʊ̯
gumaling	guːmˌælˌiŋ
gumaling	gʊmɐliŋ
gumamela	gʊmɐmɛlɐ
gumamit	gʊmamɪt
gumana	gumana
gumanap	gʊmɐnap
gumanda	gʊmɐnda
gumapac	gʊmapɐk
gumapang	gumapag
gumapang	gʊmapɐŋ
gumastos	gʊmɐstos
gumawa	gʊmɐwaʔ
gumawâ	gumawa
gumayak	gʊmɐjak
gumban	gʊmban
gumi	gumɪ
gumi	gʊmi
gumilid	gʊmilɪd
gumimik	gʊmimɪk
gumiran	gʊmiɾɐn
gumising	gʊmisɪŋ
gumuhit	gˈumˈuhˈit
gumuho	gʊmuhoʔ
gumulang	gʊmulɐŋ
gumulo	gʊmʊlo
gumulong	gʊmuloŋ
gumuwapo	gʊmwapo
gunaw	gunaʊ̯
gunaw	gʊnaʊ̯
gunggong	gʊŋgoŋ
guni	gʊni
guniguni	gʊniɣʊni
gunimbilang	gʊnɪmbilɐŋ
gunita	gʊnɪtaʔ
guno	gʊno
gunot	gunot
gunot	gʊnot
gunting	guːn˧tiŋ
gunting	gʊntiŋ
guntingin	guːntingin
gupiling	gʊpilɪŋ
gupit	gupiːt
gupit	gʊpit
gupitan	gupit̪an
gupo	gupoʔ
gupo	gʊpoʔ
gurami	gʊɾamɪ
gurlis	gʊɾlis
guro	guɾoʔ
guro	gʊɾoʔ
gusali	guzali
gusali	gʊsalɪʔ
gusgos	gʊsgos
gusgusin	gʊsgusɪn
gusi	gusɪʔ
gusilaw	gʊsilaʊ̯
gusot	gʊsot
gusto	gusto
gusto	gʊsto
gutay	gʊtaɪ̯
gutom	gutom
gutom	gʊtom
gutoy	gʊtoɪ̯
gutumin	gʊtumɪn
guwam	gwam
guwang	gwaŋ
guwano	gwano
guwantes	gwantɛs
guwapa	gwapɐ
guwaping	gwɐpiŋ
guwapo	gwapo
guwardakosta	gwaɾdɐxostɐ
guwatemala	gwɐtɛmalɐ
guwatsinanggo	gwɐtʃɪnaŋgo
guya	gujɐʔ
guyabano	gʊjɐbano
guyam	gujɐm
guzman	gʊsman
h	h
ha	hɐ
haba	habɐ
haba	habɐʔ
haba	hɐbaʔ
habag	hɐbag
habagat	hɐbaɣɐt
habambuhay	habɐmbuhaɪ̯
haban	hɐban
habanes	hɐbɐnɛs
habanesa	hɐbɐnɛsɐ
habang	habɐŋ
habang	hɐbaŋ
habas	habɐs
habhab	hɐbhab
habi	habɪ
habi	hɐbi
habid	hɐbid
habilin	hɐbilɪn
habilog	hɐbɪlog
habitsuwelas	hɐbɪtʃwɛlɐs
habla	hɐbla
hablot	hɐblot
habol	habol
habol	hɐbol
habonera	hɐbonɛɾɐ
habonero	hɐbonɛɾo
habonete	hɐbonɛtɛ
habubos	hɐbubos
habulan	hɐbulɐn
habulan	hɐbʊlan
habulin	hɐbulɪn
habà	haba
habâ	habə
hadlang	hɐdlaŋ
hadlika	hɐdlɪxaʔ
hagad	haɣɐd
hagak	haɣɐk
hagak	hɐɣak
hagakhak	hɐɣɐkhak
hagap	haɣɐp
hagdan	hɐgdan
hagdanan	hɐgdanɐn
hagdanan	hɐgdɐnan
hagibis	hɐɣibɪs
hagibis	hɐɣɪbis
hagilap	hɐɣilɐp
hagis	hagis
hagis	haɣɪs
hagkan	hɐgkan
hagod	haɣod
hagod	hɐɣod
hagok	haɣok
hagonoy	hɐɣonoɪ̯
hagukgok	hɐɣʊkgok
hagulgol	hɐɣʊlgol
hagulhol	hɐɣʊlhol
hagunot	hɐɣʊnot
hagunoy	hɐɣunoɪ̯
hagupit	hɐɣʊpit
hagway	hɐgwaɪ̯
haha	hahɐ
haha	hahɐʔ
haha	hɐhaʔ
hahagkan	hɐhɐgkan
hain	hain
hain	haʔɪn
haj	hadʒ
haka	haxɐʔ
hakaw	haxaʊ̯
hakay	hɐxaɪ̯
hakbang	hækbaŋ
hakbang	hɐkbaŋ
hakhak	hɐkhak
haklit	hɐklit
hakot	haxot
hakot	hɐxot
hala	halɐʔ
hala	hɐla
halaan	alaːan
halaan	hɐlaʔɐn
halaan	hɐlɐʔan
halabos	alaboːs
halabos	hɐlɐbos
halaga	hɐlɐɣa
halak	hɐlak
halakhak	hɐlɐkhak
halal	alal
halal	hɐlal
halalan	hɐlalɐn
halaman	hɐlamɐn
halamanan	halɐmɐnan
halamanan	hɐlɐmanɐn
halang	halɐŋ
halang	hɐlaŋ
halangan	hɐlaŋɐn
halari	hɐlaɾɪʔ
halas	halɐs
halasan	hɐlasɐn
halata	hɐlɐtaʔ
halay	halaɪ̯
halaya	hɐlɐja
halayhay	hɐlaɪ̯haɪ̯
halayin	hɐlajɪn
halea	hɐlɛa
halhal	hɐlhal
halibhib	hɐlɪbhib
halige	hɐliɣɛ
haligi	hɐliɣɛ
haligi	hɐliɣɪ
haligutgot	hɐlɪɣʊtgot
halihaw	hɐlihaʊ̯
halik	hɐlik
halika	hɐlixɐ
halika	hɐlɪxa
halika	ɦalɪkːa
halikan	halikan
halikan	halixɐn
halikan	hɐlɪxan
halilaya	hɐlɪlajɐ
halili	hɐlilɪ
halili	hɐlɪli
halimaw	hɐlimaʊ̯
halimunmon	hɐlɪmʊnmon
halimuyak	hɐlɪmujɐk
halina	hɐlinɐ
haling	halɪŋ
haling	hɐliŋ
halinghing	hɐlɪŋhiŋ
halintulad	halintulad
halintulad	hɐlɪntulɐd
halip	hɐlip
haliparot	hɐlɪpaɾot
haliparot	hɐlɪpɐɾot
haliryo	hɐlɪɾjo
halo	halo
halo	haloʔ
halo	hɐlo
halom	halom
halos	alos
halos	halos
haltak	hɐltak
halubid	hɐlʊbid
halubilo	hɐlʊbilo
halughog	hɐlʊghog
halughugin	hɐlʊghʊɣin
haluhalo	halʊhaloʔ
haluhalo	hɐlʊhaloʔ
haluin	haluiːm
halukipkip	hɐlʊxɪpkip
halumbaba	hɐlʊmbabɐʔ
halumbaba	hɐlʊmbɐbaʔ
halumigmig	hɐlʊmɪgmig
halungkat	hɐlʊŋkat
haluyhoy	hɐlʊɪ̯hoɪ̯
halò	halo
hamak	hamɐk
hamakin	hamakim
hamakin	hɐmaxɪn
hamayka	amajka
hamba	hambɐ
hambalang	hɐmbalɐŋ
hambalos	hɐmbalos
hambaw	hɐmbaʊ̯
hambing	hɐmbiŋ
hambo	hɐmbo
hambog	hɐmbog
hamil	hamɪl
hamil	hɐmil
hamo	hamo
hamog	hɐmog
hamok	hamok
hamon	amon
hamon	hamon
hamon	hɐmon
hamos	hɐmos
hampas	ampas
hampas	hɐmpas
hampaslupa	hɐmpaslupɐʔ
hampol	hɐmpol
hamster	hamstɛɾ
hamtic	hɐmtik
hamunin	hɐmunɪn
hanako	hɐnaxo
hanap	hanɐp
hanapbuhay	hanɐpbuhaɪ̯
hanapin	hɐnapɪn
hanash	hɐnaʃ
hanay	hanaɪ̯
hanayan	hɐnajɐn
handa	hɐndaʔ
handak	hɐndak
handalapak	hɐndɐlɐpak
handog	hɐndog
handusay	hɐndʊsaɪ̯
hane	hɐnɛ
hanep	hanɛp
hanga	haŋa
hanga	haŋɐ
hanga	haŋɐʔ
hangad	hŋad
hangad	hɐŋad
hangarin	hɐŋaɾɪn
hangarin	hɐŋɐɾin
hanger	haŋɛɾ
hanggan	hɐŋgan
hangganan	hɐŋganɐn
hangganan	hɐŋgɐnan
hanggang	hɐŋgaŋ
hanghang	hɐŋhaŋ
hangin	haŋɪn
hanginsigan	hɐŋɪnsiɣɐn
hangintigilan	hɐŋɪntiɣilɐn
hango	haŋoʔ
hango	hɐŋoʔ
hangos	haŋos
hangos	hɐŋos
hangò	haŋɔ
hanip	hanɪp
hantik	hɐntik
hantikan	hɐntixɐn
hantong	hɐntoŋ
hantungan	antuːŋan
hantungan	hɐntuŋɐn
hantungan	hɐntʊŋan
hanunuo	hanʊnuʔo
hapag	hɐpag
hapak	hɐpak
hapay	hapaɪ̯
hapay	hɐpaɪ̯
hapdi	hɐpdiʔ
hapin	hɐpin
hapis	hapɪs
hapis	hɐpis
hapit	hapɪt
hapit	hɐpit
haplos	aplˈos
haplos	hɐplos
haplusin	hˈəplˈusiːn
hapo	apo
hapo	hapoʔ
hapo	hɐpoʔ
hapon	apon
hapon	hapon
hapon	hɐpon
hapones	hɐponɛs
haponesa	hɐponɛsɐ
hapuin	apuin
hapunan	hɐpunɐn
hapunan	hɐpʊnan
harakiri	haɾɐxiɾɪ
harana	hɐɾanɐ
harang	haraŋ
harang	haɾɐŋ
harang	hɐɾaŋ
harap	hɐɾap
harapan	haɾapɐn
harapan	hɐɾɐpan
harapin	hɐɾɐpin
haraya	hɐɾajɐʔ
hardel	haɾdɛl
hardin	hɐɾdin
hardinera	hɐɾdɪnɛɾɐ
hardinero	hɐɾdɪnɛɾo
hari	haɾɪʔ
haribon	haribon
haribon	haɾɪbon
harimanawari	haɾɪmɐnɐwaɾɪʔ
harina	hɐɾinɐ
haro	haɾo
haro	hɐɾo
harok	haɾok
harot	hɐɾot
haruko	haɾʊxo
harurot	hɐɾuɾot
hasa	hasɐʔ
hasa	hɐsaʔ
hasain	hɐsaʔɪn
hasang	hasɐŋ
hasegawa	hɐsɛɣawɐ
hasel	hasɛl
hasik	hɐsik
hasinto	hɐsinto
hasmin	hɐsmin
haso	hɐsoʔ
haspe	hɐspɛ
hasyenda	hɐʃɛndɐ
hatague	hɐtaɣɛ
hatak	hatɐk
hatak	hɐtak
hatakin	hɐtaxɪn
hataw	hataʊ̯
hatdog	hatdog
hati	hati
hati	hatɪʔ
hatid	hɐtid
hatiin	hɐtɪʔin
hatimbilang	hɐtɪmbilɐŋ
hatimbutod	hatɪmbʊtod
hatinig	hɐtinɪg
hatol	hatol
hatsing	hɐtʃiŋ
hatsuko	hɐtsuxo
hau	haʊ̯
havey	hɐbɛɪ̯
havey	hɐvɛɪ̯
haw	haʊ̯
hawa	hava
hawa	hawɐ
hawa	hawɐʔ
hawak	hawɐk
hawakan	hɐwaxɐn
hawakan	tawaːkaːn
haway	hɐwaɪ̯
hawayana	hɐwɐjanɐ
hawayano	hɐwɐjano
hawi	hawɪʔ
hawi	hɐwiʔ
hawig	hawɪg
hawig	hɐwig
hawig	hɔig
hawla	haʊ̯lɐ
hawong	hɐwoŋ
hawsyaw	haʊ̯ʃaʊ̯
haya	hajɐʔ
hayaan	hɐjaʔɐn
hayag	hajɐg
hayag	hɐjag
hayan	hɐjan
hayashi	hɐjaʃɪ
hayblad	haɪ̯blɐd
haykap	haɪ̯xap
hayku	haɪ̯xʊ
haynayan	haɪ̯najɐn
hayok	hajok
hayok	hɐjok
hayon	hɐjon
hayop	hajop
hayto	haɪ̯to
he	hɛ
heather	hɛdɛɾ
hebor	hɛboɾ
hedonismo	hɛdonismo
hehoba	hɛhobɐ
hekasi	hɛxɐsɪ
heke	hɛxɛ
heklat	hɛklɐt
heko	hɛxo
hektarea	hɛktaɾɛɐ
hektarya	hɛktaɾjɐ
hektometro	hɛktomɛtɾo
hele	hɛlɛ
helen	hɛlɛn
helikopter	hɛlɪxoptɛɾ
helikoptero	hɛlɪxoptɛɾo
hello	hˈɛloʊ
helmet	hɛlmɛt
heminis	hɛmɪnɪs
hene	hɛnɛ
henealohiya	hɛnɛɐlohiɐ
henerador	hɛnɛɾɐdoɾ
heneral	hɛnɛɾal
henerala	hɛnɛɾalɐ
henerasyon	hɛnɛɾɐʃon
henesis	hɛnɛsɪs
henetika	hɛnɛtɪxa
heng	hɛŋ
henry	hɛnɾɪ
henson	hɛnson
henyo	hɛɲo
heoba	hɛoba
heograpiko	hɛogɾapɪxo
heograpiya	hɛogɾɐpiɐ
heograpo	hɛogɾɐpo
heologo	hɛoloɣo
heolohiya	hɛolohiɐ
heometriya	hɛomɛtɾiɐ
heorhiya	hɛoɾhɪɐ
hepa	hɛpɐ
hepe	hˈɛpə
heranyo	hɛɾaɲo
herarkiya	hɛɾɐɾkiɐ
heringgilya	hɛɾɪŋgiljɐ
herminio	hɛɾmiɲo
hermogenes	hɛɾmohɛnɛs
hermosa	hɛɾmosɐ
hernandez	hɛɾnandɛs
hernandez	ʔɛɾnandɛs
heroglipiko	hɛɾoglipɪxo
herradura	ʔɛɾɐduɾɐ
herusalem	hɛɾusɐlɛm
herusalem	hɛɾʊsɐlɛm
herusalen	hɛɾʊsɐlɛn
hesukristo	hɛsʊkɾisto
hesusmaryosep	hɛsusmɐɾjosɛp
heswita	hɛswitɐ
heto	hɛto
hibang	hibŋ
hibang	hibɐŋ
hibang	hɪbaŋ
hibat	hibɐt
hibaybay	hɪbaɪ̯baɪ̯
hibi	hibɪ
hibi	hɪbiʔ
hibla	hɪbla
hideo	hɪdɛo
hidwa	hɪdwaʔ
hidwaan	hɪdwaʔɐn
higa	hɪɣaʔ
higa	hˈigˈɑt
higaan	higʔ˨a˥˧n
higad	hiɣɐd
higanti	hɪɣɐnti
higit	higːˌit
higit	hɪɣit
higlikas	hɪglɪxas
higliknayan	hɪglɪknajɐn
higop	hiɣop
higop	hˈigˈoːp
higpit	hɪgpit
higsipnayan	hɪgsɪpnajɐn
higtao	hɪgtaʔo
higupin	higupiŋ
hihip	hihɪp
hihip	hɪhip
hihipan	hɪhipɐn
hihipan	hɪhɪpan
hihirit	hˈihˈɪɹˈɪt
hika	hixɐ
hika	hixɐʔ
hikab	hɪxab
hikahos	hɪxahos
hikahos	hɪxɐhos
hikaw	hixaʊ̯
hikayat	hikaːjɑt
hikayat	hɪxajɐt
hikayatin	hikajaːtin
hikbi	hɪkbi
hikbi	hɪkbiʔ
hiklas	hɪklas
hiklat	hɛklɐt
hiklat	hɪklat
hikmat	hɪkmat
hila	hilɐ
hilab	hilɐb
hilabigat	hilɐbɪɣat
hilaga	hɪlaɣɐʔ
hilaga	kʰilˈagɐ
hilahid	hɪlahɪd
hilahil	hɪlahɪl
hilahil	hɪlɐhil
hilako	hɪlɐxoʔ
hilam	hilɐm
hilam	hɪlam
hilamos	hɪlamos
hilario	hɪlaɾjo
hilata	hɪlatɐʔ
hilata	hɪlɐtaʔ
hilatsa	hɪlatʃɐ
hilatsa	hɪlɐtʃa
hilaw	hilaʊ
hilaw	hɪlaʊ̯
hilda	hildɐ
hilera	hɛlɛɾɐ
hilera	hɪlɛɾɐ
hilig	hiliːd
hilig	hilɪg
hilig	hɪlig
hilik	hɪlik
hiling	hiliːm
hiling	hɪliŋ
hilis	hilɪs
hilis	hɪlis
hilo	hilo
hilo	hɪlo
hilod	hilod
hilom	hilom
hilom	hɪlom
hilot	hilot
himagas	hɪmaɣɐs
himagsik	hɪmɐgsik
himagsik	imagsɪk
himagsikan	hɪmɐgsixɐn
himagsikan	tiːmagsiːkan
himakas	hɪmɐxas
himala	himaːlaː
himala	hɪmɐlaʔ
himalad	hɪmalɐd
himanting	hɪmɐntiŋ
himas	himɐs
himas	hɪmas
himasmas	hɪmɐsmas
himasok	hɪmasok
himatay	hɪmɐtaɪ̯
himatayin	hɪmɐtɐjin
himawis	hɪmawɪs
himay	himaɪ̯
himay	hɪmaɪ̯
himbabahay	hɪmbɐbahaɪ̯
himbak	hɪmbak
himbing	hɪmbiŋ
himig	himɪg
himlay	hɪmlaɪ̯
himnasta	hɪmnastɐ
himnasyo	hɪmnaʃo
himnasyo	imnaʃo
himno	himno
himo	himoʔ
himod	himod
himod	hɪmod
himok	himok
himok	hɪmok
himpak	hɪmpak
himpapawid	hɪmpɐpɐwid
himpapayid	hɪmpɐpɐjid
himpil	hɪmpil
himpilan	himpilan
himpilan	hɪmpilɐn
himpilan	hɪmpɪlan
himuti	hɪmutɪ
himuti	hɪmʊtiʔ
himutok	hɪmʊtok
hinagkan	hɪnɐgkan
hinagpis	hɪnɐgpis
hinahabol	hɪnɐhabol
hinahagkan	hɪnɐhɐgkan
hinaharap	hɪnɐhɐɾap
hinahon	hɪnahon
hinakdal	hɪnɐkdal
hinala	hɪnalɐʔ
hinanakit	hɪnɐnɐxit
hinas	hinɐs
hinaw	hinaʊ̯
hinaw	hɪnaʊ̯
hinay	hinaɪ̯
hinayang	hɪnajɐŋ
hinayupak	hɪnɐjupɐk
hindi	hɪndiʔ
hindi	hɪndɛʔ
hindi	kindi
hindiriki	hɪndɪɾɪxiʔ
hindot	hɪndot
hinduismo	hɪndwismo
hindurugo	hɪndʊɾuɣoʔ
hindurugo	hɪndʊɾʊɣoʔ
hinebra	hɪnɛbɾɐ
hinga	hɪŋa
hingal	hiŋɐl
hingal	hɪŋal
hingalin	hɪŋalɪn
hingalo	hɪŋɐloʔ
hingan	hɪŋan
hinggigitna	hɪŋgɪɣɪtnaʔ
hinggil	hɪŋgil
hingi	hɪŋiʔ
hingin	hɪŋin
hinguha	hɪŋuhɐ
hinguto	hɪŋuto
hinhin	hɪnhin
hinihila	hiːnhila
hinihipan	hɪnɪhipɐn
hinihipan	hɪnɪhɪpan
hininga	hiːnɪ̞ŋa
hininga	hɪnɪŋa
hinlalaki	hɪnlɐlɐxi
hinlalato	hɪnlɐlatoʔ
hinlalato	hɪnlɐlɐtoʔ
hinliliit	hɪ̞nliʎiʲɪt
hinlog	hɪnlog
hinog	hɪnog
hinto	hɪntoʔ
hintutubi	hɪntʊtʊbi
hintuturo	hɪntʊtuɾoʔ
hinudas	hɪnudɐs
hinuha	hɪnuhɐʔ
hipag	hipɐg
hipan	hipɐn
hipan	hjˈpən
hipig	hɪpig
hipik	hɪpik
hipno	hɪpno
hipno	hɪpnoʔ
hipnosis	hɪpnosɪs
hipo	hipoʔ
hipokrito	hɪpokɾɪto
hipolito	hɪpolɪto
hipolito	ʔɪpolɪto
hipon	hibon
hipon	hipon
hipuin	hipːlin
hira	hiɾɐ
hira	hɪɾa
hira	hɪɾaʔ
hiram	hɪɾam
hiram	hʲiram
hirang	hiɾɐŋ
hirang	hɪɾaŋ
hirap	hiɾɐp
hirap	hɪɾap
hirasol	hɪɾɐsol
hiraya	hivaja
hiraya	hɪɾajɐʔ
hirin	hiɾɪn
hiringgilya	hɪɾɪŋgiljɐ
hirit	hiɾɪt
hiroko	hɪɾoxo
hirol	hiɾol
hiso	hisoʔ
hispanismo	hɪspɐnismo
historikal	hɪstoɾɪxal
historya	hɪstoɾjɐ
historyador	hɪstoɾjɐdoɾ
historyograpiya	hɪstoɾjogɾɐpiɐ
hita	hitɐʔ
hita	hɪtaʔ
hitad	hitɐd
hitad	hɪtad
hithit	hɪthit
hithitin	hɪthɪtin
hitik	hitɪk
hitik	hɪtik
hitso	hɪtʃo
hitsura	hɪtʃuɾɐ
hiwa	hiwɐʔ
hiwa	hɪwaʔ
hiwa	hˈiwˈɑz
hiwaga	hɪwaɣɐʔ
hiwalay	hɪwalaɪ̯
hiwalay	hɪwɐlaɪ̯
hiwas	hɪwas
hiwatig	hɪwatɪg
hiwis	hɪwis
hiya	hija
hiya	hɪa
hiya	hɪaʔ
hiyain	hˈiˈjaˈɪn
hiyas	hɪas
hiyaw	hɪaʊ̯
hiyip	hɪip
hiyo	hɪo
hiyo	hɪoʔ
hiyâ	hija
hizon	hison
hizon	hizon
ho	ho
ho	hoʔ
hokage	hoxaɣɛ
hokage	hoxɐɣɛ
holandes	holɐndɛs
holdap	holdɐp
holdaper	holdapɛɾ
homiliya	homɪliɐ
hong	hoŋ
hongkong	hoŋkoŋ
hope	hoʊ̯p
hopia	hopja
hopia	hopjɐʔ
hopya	hopjɐʔ
horoskop	hoɾoskop
hortaleza	hoɾtɐlɛsɐ
hortaleza	hoɾtɐlɛzɐ
hostes	hostɛs
hota	hotɐ
hototay	hototaɪ̯
howe	hoɛ
hoy	hoɪ̯
huang	hwaŋ
hubad	hʊbad
hubadera	hʊbɐdɛɾɐ
hubo	bwbwɑ
hubo	huboʔ
hubo	hʊboʔ
hubog	hubog
hubog	hʊbog
hubugin	hubugim
hudas	hudɐs
hudasin	hʊdasɪn
hudikatura	hʊdɪxɐtuɾɐ
hudiyo	hʊdio
hudo	hudo
hudyat	hʊdʒat
hudyo	hudio
hugas	huɣɐs
hugasan	hʊɣasɐn
hugasan	hʊɣɐsan
hugis	hugis
hugis	huɣɪs
hugos	huɣos
hugot	hugod
hugot	huɣot
hugot	hʊɣot
hugpong	hʊgpoŋ
hugutin	fugutin
huhu	huhʊ
huk	huk
hukay	huxaɪ̯
hukayin	hʊxajɪn
hukbalahap	hʊkbɐlɐhap
hukbo	hʊkbo
hukbo	hʊkboʔ
hukbo	hʊ̞kbɔːk
hukom	hʊxom
hukot	huxot
hukot	hʊxot
hukuman	hʊxumɐn
hukuman	hʊxʊman
hula	hulɐʔ
hula	huːla
hulaan	hulɑʔan
hulagpos	hʊlɐgpos
hulapi	hʊlapɪʔ
huli	hulɪ
huli	hʊli
huli	hʊliʔ
huli	xulj
hulma	hʊlma
hulmahin	hʊlmɐhin
hulo	huloʔ
hulo	hʊlo
hulog	hulog
hulog	hʊlog
hulyo	huljo
huma	hʊma
humadlang	hʊmɐdlaŋ
humagulgol	hʊmɐɣʊlgol
humagulhol	hʊmɐɣʊlhol
humalakhak	hʊmɐlɐkhak
humalik	hʊmɐlik
humalili	hʊmɐlilɪ
humaling	hʊmalɪŋ
humaling	hʊmɐliŋ
humanda	hʊmɐndaʔ
humandusay	hʊmɐndusaɪ̯
humano	hʊmano
humatsing	hʊmɐtʃiŋ
humawak	hʊmawɐk
humayao	hʊmajaʊ̯
humba	hʊmbaʔ
humiga	homiːgə
humiga	hʊmɪɣaʔ
humigit	hʊmɪɣit
humilab	hʊmilɐb
humimas	hʊmimɐs
humina	hʊminɐʔ
huminga	homiŋˌaː
humingi	hʊmɪŋiʔ
huminto	hʊmɪntoʔ
huminto	xoˈmɛntoː
humiram	hʊmɪɾam
humirap	hʊmiɾɐp
humpak	hʊmpak
humpay	hʊmpaɪ̯
humuli	kumulj
humuthot	hʊmʊthot
hundi	hɯ̞ndɪ
hung	huŋ
hunghang	hʊŋhaŋ
hungkag	hʊŋkag
huni	hunɪ
hunos	hunos
hunos	hʊnos
hunta	huntɐ
hunyango	hʊɲaŋoʔ
hunyo	hunjo
hunyo	huɲo
hupa	hupɐʔ
hupa	hupˈa
hupa	hʊpaʔ
hupaw	hupaʊ̯
hupaw	hʊpaʊ̯
hupiter	hupɪtɛɾ
hupot	hʊpot
hurado	hʊɾado
huramentado	hʊɾɐmɛntado
hurisdiksiyon	hʊɾisdɪkʃon
hurisdiksyon	hʊɾɪsdɪkʃon
hurno	hʊɾno
husay	husaɪ̯
husay	hʊsaɪ̯
husga	hʊsga
husgado	hʊsgado
husgahan	hʊsgɐhan
husgahan	hʊ̞sgˈɑhˈan
husi	husɪ
hustisya	hʊstiʃɐ
husto	husto
husto	hʊsto
huthot	hʊthot
huwad	hwad
huwad	hˈuwˈʊd
huwag	hwag
huwag	wag
huwana	hwanɐ
huwana	hwɐna
huwataw	hwataʊ̯
huwebes	hwɛbɛs
huwebes	wɛbɛs
huwego	hwɛɣo
huwepe	hwɛpɛ
huwes	hwɛs
huweteng	hwɛtɛŋ
huweteng	wɛtɛŋ
huy	huɪ̯
huyad	hujɐd
huyong	hujoŋ
huyong	hʊjoŋ
hwan	hwɐn
hwang	hwɐŋ
i	ɪ
iasa	iasa
iba	ibã̝
iba	ʔibɐʔ
ibaba	ʔɪbabɐʔ
ibaba	ʔɪbɐbaʔ
ibabaan	ʔɪbɐbaʔɐn
ibabaan	ʔɪbɐbɐʔan
ibabad	ibabad
ibag	ʔibɐg
ibagsak	ibˌakˈsak
ibagsak	ʔɪbɐgsak
ibahaw	ʔɪbahaʊ̯
ibahin	ʔɪbɐhin
ibalik	ʔɪbɐlik
ibaloy	ʔɪbɐloɪ̯
ibangsilyo	ʔɪbɐnsiljo
ibaon	ibaon
ibaon	ibaɔn
ibasa	ibasa
ibay	ʔibaɪ̯
ibayo	ʔɪbɐjo
ibañez	ʔɪbaɲɛs
ibenta	ʔɪbɛntɐ
ibig	ʔibɪg
ibigay	ibigaj
ibigay	ʔɪbɪɣaɪ̯
ibili	ʔɪbɪli
ibinigay	ʔɪbɪnɪɣaɪ̯
ibintang	ibintam
ibis	ʔibɪs
ibis	ʔɪbis
ibon	ʔibon
ibos	ʔibos
iboto	ʔɪboto
iboykot	ʔɪboɪ̯xot
icasiano	ʔɪxɐʃano
idalum	ʔɪdalʊm
idaw	ʔidaʊ̯
idea	ʔɪdɛa
idealista	ʔɪdɛɐlistɐ
identidad	ʔɪdɛntɪdad
identipika	ʔɪdɛntɪpɪxa
identipikasyon	ʔɪdɛntɪpɪxɐʃon
ideolohiya	ʔɪdɛolohiɐ
ideya	ˌidˈeɪɐ
idlip	adlip
idolatriya	ʔɪdolɐtɾiɐ
idolo	ʔidolo
idroheno	ʔɪdɾohɛno
idulog	idɔlˈog
idyota	ʔɪdʒotɐ
ifugao	ifuˈgoː
ifugao	ʔɪpʊɣaʊ̯
igado	ʔɪɣɐdo
igat	ʔiɣɐt
igaya	ʔɪɣajɐ
igba	ʔɪgba
igera	ʔɪɣɛɾɐ
igib	igˈeb
igib	ʔɪɣib
igiban	igban
igik	ʔɪɣik
igkasin	ʔɪgkasɪn
iglesya	ʔɪglɛʃɐ
igme	igme
ignoransiya	ʔɪgnoɾanʃɐ
igo	ʔiɣoʔ
igop	ʔiɣop
igorot	iːgoɾɒːt
igsi	ʔɪgsiʔ
igting	ʔɪgtiŋ
igwaldad	ʔɪgwɐldad
iha	ʔihɐ
ihagis	iragis
ihagis	ʔɪhaɣɪs
ihalintulad	ʔɪhɐlɪntulɐd
ihambing	ʔɪhɐmbiŋ
ihap	ʔihɐp
ihaw	ʔihaʊ̯
ihi	ʔihɪʔ
ihi	ʔɪhiʔ
ihian	ʔɪhiʔɐn
ihian	ʔɪhɪʔan
ihip	iːhep
ihiyene	ʔɪhɪɛnɛ
iho	ʔiho
iilan	ʔiʔɪlɐn
ikaapat	ikˈaːpat
ikabilanggo	ʔɪxɐbɪlɐŋgoʔ
ikadalawampu	ʔɪxɐdɐlɐwɐmpuʔ
ikagalak	ikːa˥˥gala˥˩
ikagalit	ʔɪxɐɣalɛt
ikagalit	ʔɪxɐɣalɪt
ikakasal	ʔɪxaxɐsal
ikalabinsiyam	ʔɪxɐlɐbɪnʃam
ikalabintatlo	ʔɪxɐlɐbintɐtlo
ikalat	ʔɪxalɐt
ikanga	ʔixɐŋɐʔ
ikanga	ʔɪxaŋɐʔ
ikasampu	ikəsampu
ikasingko	ʔɪxɐsiŋko
ikatatlumpu	ʔɪxɐtɐtlʊmpuʔ
ikatlo	ʔɪxɐtlo
ikaw	ikau
ikawalo	ʔɪxɐwɐlo
ikay	ʔixaɪ̯
ikay	ʔɪxaɪ̯
iki	ʔixɪʔ
ikid	ʔixɪd
ikinasal	ikinasalu
ikintal	ikintal
ikit	ʔixɪt
ikli	ʔɪkliʔ
ikmo	ʔɪkmo
iknat	ʔɪknat
ikog	ʔixog
ikot	ʔixot
iksi	ʔɪksiʔ
ikuha	ʔɪxuhɐ
ikumpara	ikompara
ilag	ʔilɐg
ilag	ʔɪlag
ilagan	ʔɪlaɣɐn
ilagay	ʔɪlɐɣaɪ̯
ilaglag	ibaglag
ilalim	ilalɪm
ilalim	ʔɪlalɪm
ilam	ʔɪlam
ilan	gilan
ilan	ʔɪlan
ilang	ilan
ilang	ʔɪlaŋ
ilao	ʔilaʊ̯
ilap	ʔɪlap
ilapag	ilapaga
ilat	ʔilɐt
ilaw	ilau
ilaw	ʔilaʊ̯
ilawan	ilauan
ilaya	ʔɪlajɐ
ilaya	ʔɪlajɐʔ
ilayahin	ʔɪlɐjahɪn
ilayahin	ʔɪlɐjɐhin
ilehitimo	ʔɪlɛhitɪmo
iligan	ʔɪliɣɐn
ilijan	ʔɪlihɐn
iliko	ʔɪlɪxoʔ
iling	ʔɪliŋ
ilipat	ilifat
iliw	ʔiliʊ̯
ilog	ilˈog
ilog	ʔilog
ilohikal	ʔɪlohɪxal
ilohiko	ʔɪlohɪxo
iloilo	ʔɪloʔilo
ilokano	ʔɪloxano
iloko	ʔɪloxo
ilong	ʔɪloŋ
ilot	ʔɪlot
iluminasyon	ʔɪlʊmɪnɐʃon
ilustrasyon	ʔɪlʊstɾɐʃon
ilustre	ʔɪlustɾɛ
ilusyon	ʔɪlʊʃon
imahe	ʔɪmahɛ
imahen	imˈahil
imahinasyon	ʔɪmɐhɪnɐʃon
imam	ʔimɐm
imbalido	ʔɪmbalɪdo
imbalsamo	ʔɪmbalsɐmo
imbentaryo	ʔɪmbɛntaɾjo
imbento	ʔɪmbɛnto
imbes	ʔɪmbɛs
imbestigador	ʔɪmbɛstɪɣɐdoɾ
imbestigasyon	ʔɪmbɛstɪɣɐʃon
imbis	ɛmbiz
imbita	ʔɪmbɪta
imbiyerna	ʔɪmbjɛɾnɐ
imbudo	ʔɪmbudo
imburnal	ʔɪmbʊɾnal
imi	ʔɪmiʔ
imid	ʔɪmid
imigrante	ʔɪmɪgɾantɛ
imigrasyon	ʔɪmɪgɾɐʃon
imik	ʔɪmik
imis	ʔimɪs
imis	ʔɪmis
imno	ʔimno
imoralidad	ʔɪmoɾɐlɪdad
imoy	ʔɪmoɪ̯
impakto	ʔɪmpakto
impapawid	ʔɪmpɐpɐwid
impatso	ʔɪmpatʃo
impeksiyon	ʔɪmpɛkʃon
impeksyon	jmpəktion
imperatibo	ʔɪmpɛɾɐtibo
imperensiya	ʔɪmpɛɾɛnʃɐ
imperial	ʔɪmpɛɾjal
imperyalismo	ʔɪmpɛɾjɐlismo
imperyalista	ʔɪmpɛɾjɐlistɐ
imperyo	ʔɪmpɛɾjo
impilya	ʔɪmpiljɐ
impinitibo	ʔɪmpɪnɪtibo
impis	ʔɪmpis
impiyerno	ʔɪmpjɛɾno
implamasyon	ʔɪmplɐmɐʃon
implasyon	ʔɪmplɐʃon
implikasyon	ʔɪmplɪxɐʃon
impluwensiya	ʔɪmplwɛnsiɐ
impluwensiya	ʔɪmplwɛnʃɐ
impo	ʔɪmpo
impok	ʔɪmpok
impong	impon
impormante	ʔɪmpoɾmantɛ
impormasyon	ʔɪmpoɾmɐʃon
importansiya	ʔɪmpoɾtanʃɐ
importansya	ʔɪmpoɾtanʃɐ
importante	ʔɪmpoɾtantɛ
importasyon	ʔɪmpoɾtɐʃon
imposibilidad	ʔɪmposɪbɪlɪdad
imposible	ʔɪmposiblɛ
impostor	impostor
impraestruktura	ʔɪmpɾɐʔɛstɾʊktuɾɐ
imprastraktura	ʔɪmpɾɐstɾɐktuɾɐ
imprastruktura	ʔɪmpɾɐstɾʊktuɾɐ
impunto	ʔɪmpunto
imus	ʔimʊs
ina	ilˈnˈa
ina	ʔɪna
ina	ʔɪnaʔ
inaaban	ʔɪnɐʔɐban
inaabisuhan	ʔɪnɐʔɐbɪsuhɐn
inaama	ʔɪnaʔɐma
inaamyendahan	ʔɪnɐʔɐmjɛndɐhan
inaanak	ʔɪnaʔɐnak
inaantok	ʔɪnɐʔɐntok
inabala	inabala
inabisuhan	ʔɪnɐbɪsuhɐn
inagurasyon	ʔɪnɐɣʊɾɐʃon
inahin	ʔɪnɐhin
inain	ʔɪnɐʔin
inam	ʔinɐm
inampalan	ʔɪnampɐlan
inampalan	ʔɪnɐmpalɐn
inamyendahan	ʔɪnɐmjɛndɐhan
inana	ʔɪnanɐ
inanak	ʔɪnɐnak
inang	ʔɪnaŋ
inangit	ʔɪnɐŋit
inano	ʔɪnano
inano	ʔɪnanoʔ
inano	ʔɪnɐno
inapi	inapj
inapo	ʔɪnɐpo
inaral	jnaɾan
inarawan	ʔɪnɐɾawɐn
inari	ʔɪnaɾɪʔ
inasal	ʔɪnasɐl
inasal	ʔɪnɐsal
inat	ʔinɐt
inat	ʔɪnat
inay	ʔɪnaɪ̯
inda	ʔɪnda
inda	ʔɪndaʔ
indahin	ʔɪndɐhin
indak	ʔɪndak
indarapatra	ʔɪndɐɾɐpatɾɐ
inday	ʔɪndaɪ̯
indayog	ʔɪndajog
indemnisasyon	ʔɪndɛmnɪsɐʃon
independensiya	ʔɪndɛpɛndɛnʃɐ
independiyente	ʔɪndɛpɛndʒɛntɛ
indesente	ʔɪndɛsɛntɛ
india	ˈɪndiə
indibidwal	ʔɪndɪbɪdwal
indibidwalidad	ʔɪndɪbɪdwɐlɪdad
indignasyon	ʔɪndɪgnɐʃon
indikasyon	ʔɪndɪxɐʃon
indio	ʔindʒo
indio	ʔɪndʒo
indiya	ʔindʒɐ
indiyana	ʔɪndʒanɐ
indiyano	ʔɪndʒano
indiyo	ʔɪndʒo
indoismo	ʔɪndoismo
indones	ʔɪndonɛs
indonesa	ʔɪndonɛsɐ
indonesya	ɪndɔnɛʃa
indonesya	ʔɪndonɛʃɐ
indotsina	ʔɪndotʃinɐ
indoy	ʔɪndoɪ̯
indulhensiya	ʔɪndʊlhɛnʃɐ
industriya	ʔɪndustɾjɐ
industriyal	ʔɪndʊstɾjal
industriyalisasyon	ʔɪndʊstɾjɐlɪsɐʃon
industriyalista	ʔɪndʊstɾjɐlistɐ
ine	ʔɪnɛʔ
ineemyendahan	ʔɪnɛʔɛmjɛndɐhan
inekwalidad	ʔɪnɛkwɐlɪdad
inemyendahan	ʔɪnɛmjɛndɐhan
ineng	ʔɪnɛŋ
infanta	ɛnfrnta
infantahin	ʔɪmfɐntahɪn
ingat	ʔiŋɐt
ingaw	ʔɪŋaʊ̯
ingay	iŋaj
ingay	ʔiŋaɪ̯
inggit	ʔɪŋgit
inggitera	ʔɪŋgɪtɛɾɐ
inggitero	ʔɪŋgɪtɛɾo
inggo	ʔɪŋgo
inggo	ʔɪŋgoʔ
ingil	ʔiŋɪl
ingit	ʔɪŋit
ingkilino	ʔɪŋkɪlino
ingklinasyon	ʔɪŋklɪnɐʃon
ingklitik	ʔɪŋklitɪk
ingklusibo	ʔɪŋklʊsibo
ingklusyon	ʔɪŋklʊʃon
ingkong	ʔɪŋkoŋ
ingkorporasyon	ʔɪŋkoɾpoɾɐʃon
ingkubador	ʔɪŋkʊbɐdoɾ
ingles	inˈglˈes
ingles	ʔɪŋglɛs
ingrata	ʔɪŋgɾatɐ
ingrato	ʔɪŋgɾato
inhalador	ʔɪnhɐlɐdoɾ
inhenyeriya	ʔɪnhɛɲɛɾiɐ
inhenyero	ʔɪnhɛɲɛɾo
inhinyeriya	ʔɪnhɪɲɛɾiɐ
inhinyero	ʔɪnhɪɲɛɾo
iniba	ʔɪnibɐʔ
iniba	ʔɪnɪba
inidoro	ʔɪnɪdoɾo
inihahalal	inihaːhalɑl
inihiga	inihigɑ
iniibig	iniːbig
iniina	ʔɪniʔɪna
iniinda	iniʔinda
inilalagay	ʔeːn�iːlalagˈai
inilunsad	jnilonsad
inin	ʔɪnin
ining	ʔɪniŋ
inip	enip
inip	ʔɪnip
inis	ʔɪnis
inisin	ʔɪnɪsin
inisyatiba	ʔɪnɪʃɐtibɐ
inisyatibo	ʔɪnɪʃɐtibo
init	ʔinɪt
initan	ʔinitɐn
initan	ʔɪnitɐn
initbutod	ʔinɪtbʊtod
initdagitban	ʔinɪtdɐɣɪtban
initkapnayan	ʔinɪtkɐpnajɐn
initsigan	jˈnɪtʃgˈan
initsigan	ʔinɪtsiɣɐn
initsupil	ʔinɪtsupɪl
iniupo	iniːupo
iniwan	iniwan
inla	ʔɪnla
inmakulada	ʔɪnmɐxʊladɐ
inmigrante	ʔɪmɪgɾantɛ
inmigrasyon	ʔɪmɪgɾɐʃon
inmigrasyon	ʔɪnmɪgɾɐʃon
inmoral	ʔɪmoɾal
ino	ʔɪno
inobasyon	ʔɪnobɐʃon
inocencio	ʔɪnosɛnʃo
inodoro	ʔɪnodoɾo
inog	innog
inog	ʔinog
inom	ʔɪnom
inosensiya	ʔɪnosɛnʃɐ
inosente	ʔɪnosɛntɛ
insekto	insekto
insekto	ʔɪnsɛkto
insensaryo	ʔɪnsɛnsaɾjo
insensitibo	ʔɪnsɛnsɪtibo
insenso	ʔɪnsɛnso
insentibo	ʔɪnsɛntibo
insesto	ʔɪnsɛsto
insidente	ʔɪnsɪdɛntɛ
inskripsiyon	ʔɪnskɾɪpʃon
inso	ʔɪnso
inspeksiyon	ʔɪnspɛkʃon
inspeksiyunin	ʔɪnspɛkʃʊnin
inspirado	ʔɪnspɪɾado
inspirasyon	ʔɪnspɪɾɐʃon
instalasyon	ʔɪnstɐlɐʃon
institusyon	instituˈsion
institusyon	ʔɪnstɪtʊʃon
instruksiyon	ʔɪnstɾʊkʃon
instruktor	ʔɪnstɾʊktoɾ
instrumento	ʔɪnstɾʊmɛnto
insubordinasyon	ʔɪnsʊboɾdɪnɐʃon
insulares	ʔɪnsʊlaɾɛs
insulto	ʔɪnsulto
insupisyente	ʔɪnsʊpɪʃɛntɛ
insureksiyon	ʔɪnsʊɾɛkʃon
insurekto	ʔɪnsʊɾɛkto
insurhensiya	ʔɪnsʊɾhɛnʃɐ
intablado	ʔɪntɐblado
integral	ʔɪntɛgɾal
integrasyon	ʔɪntɛgɾɐʃon
integridad	ʔɪntɛgɾɪdad
intelektuwal	ʔɪntɛlɛktwal
intelihensiya	ʔɪntɛlɪhɛnʃɐ
intelihente	ʔɪntɛlɪhɛntɛ
intensibo	ʔɪntɛnsibo
intensiyon	ʔɪntɛnʃon
intensiyonal	ʔɪntɛnʃonal
interbensiyon	ʔɪntɛɾbɛnʃon
interbiyu	ʔintɛɾbjʊ
interbyu	ʔintɛɾbjʊ
interes	ʔɪntɛɾɛs
intermedya	ʔɪntɛɾmɛdʒɐ
intermisyon	ʔɪntɛɾmɪʃon
interogasyon	ʔɪntɛɾoɣɐʃon
interpretasyon	ʔɪntɛɾpɾɛtɐʃon
interseksiyon	ʔɪntɛɾsɛkʃon
intimidasyon	ʔɪntɪmɪdɐʃon
intindi	ʔɪntɪndi
intindihin	ʔɪntɪndɪhin
intoksikasyon	ʔɪntoksɪxɐʃon
intrigera	ʔɪntɾɪɣɛɾɐ
introduksiyon	ʔɪntɾodʊkʃon
intrusyon	ʔɪntɾʊʃon
intsik	ʔɪntʃik
intuwisyon	ʔɪntwɪʃon
inugsukat	ʔɪnʊgsuxɐt
inuman	ʔɪnumɐn
inuman	ʔɪnʊman
inumin	jˈnɔmɪn
inumin	ʔɪnʊmin
inunan	ʔɪnunɐn
inundasyon	ʔɪnʊndɐʃon
inupas	ʔɪnupɐs
inusisa	ʔɪnʊsisɐʔ
inutil	inutil
inutil	ʔɪnutɪl
inuusisa	ʔɪnʊʔʊsisɐʔ
inyo	imno
inyo	ʔɪɲo
inyog	ʔɪɲog
ip	ʔip
ipaalam	ʔɪpɐʔalɐm
ipaalam	ʔɪpɐʔɐlam
ipaayos	ʔɪpɐʔajos
ipabasa	ʔɪpɐbasɐ
ipabasa	ʔɪpɐbɐsaʔ
ipadala	ʔɪpɐdɐla
ipagawa	ʔɪpɐɣɐwaʔ
ipagbilin	ʔɪpɐgbilɪn
ipaghanda	ˈepaghɐnda
ipagkait	ʔɪpɐgkɐʔit
ipagmalaki	ʔɪpɐgmɐlɐxi
ipagmalaki	ʔɪpɐgmɐlɐxɛ
ipagmayabang	ʔɪpɐgmɐjɐbaŋ
ipagsanggalang	ʔɪpɐgsɐŋgɐlaŋ
ipagtapat	ʔɪpɐgtɐpat
ipahid	ˌipɐʁˈid
ipaintindi	ʔɪpɐʔɪntɪndi
ipakita	ipakita
ipakita	ʔɪpɐxitɐ
ipakuha	ʔɪpɐxuhɐ
ipakuha	ʔɪpɐxuhɐʔ
ipaliban	ʔɪpɐlibɐn
ipalinis	ʔɪpɐlinɪs
ipamigay	ʔɪpɐmɪɣaɪ̯
ipangako	ʔɪpɐŋaxoʔ
ipanotaryo	ʔɪpɐnotaɾjo
ipantakip	ʔɪpɐntɐxip
iparada	iparadɐ
iparusa	ʔɪpɐɾusɐ
ipasagot	ʔɪpɐsɐɣot
ipasok	ʔɪpasok
ipatanggal	ʔɪpɐtɐŋgal
ipatapon	ʔɪpɐtapon
ipatong	ʔɪpatoŋ
ipil	ʔipɪl
ipilit	ipiːli
ipinagduyan	ipinakdujan
ipinanganak	ipiˈnʲaŋanak
ipinost	ʔɪpɪnoʊ̯st
ipis	ʔipɪs
ipit	ʔipɪt
ipo	ʔipo
ipo-ipo	ipoipo
ipod	ʔipod
ipodermiko	ʔɪpodɛɾmɪxo
ipodromo	ʔɪpodɾomo
ipokrisiya	ʔɪpokɾɪsiɐ
ipokrita	ʔɪpokɾɪtɐ
ipon	ʔipon
ipon	ʔɪpon
ipopotamo	ʔɪpopotɐmo
ipot	ʔipot
iprint	ʔɪpɾint
ipuipo	ʔipʊʔipo
ipunin	ʔɪpunɪn
irak	ʔɪɾak
iran	ʔɪɾan
irap	ʔiɾɐp
iras	ʔiɾɐs
irasyonal	ʔɪɾɐʃonal
ire	ʔɪɾɛ
irebisa	ʔɪɾɛbɪsa
irekomenda	ʔɪɾɛxomɛnda
iresponsabilidad	ʔɪɾɛsponsɐbɪlɪdad
iresponsable	ʔɪɾɛsponsablɛ
iresponsibilidad	ʔɪɾɛsponsɪbɪlɪdad
iri	ʔiɾɪ
iri	ʔiɾɪʔ
iri	ʔɪɾi
iring	ʔiɾɪŋ
iringan	ʔɪɾiŋɐn
iritable	ʔɪɾɪtablɛ
iritasyon	ʔɪɾɪtɐʃon
irlanda	irlanda
irlanda	ʔɪɾlandɐ
irlandesa	ʔɪɾlɐndɛsɐ
isa	isai
isa	ʔisɐ
isa	ʔɪsa
isabang	ʔɪsabɐŋ
isabel	ʔɪsɐbɛl
isabela	ɪsˈɐbɪlˈa
isabela	ʔɪsɐbɛlɐ
isabit	ɪsɑːbɪt
isadiwa	ʔɪsɐdiwɐʔ
isagawa	ʔɪsɐɣɐwaʔ
isain	ʔɪsaʔɪn
isaisip	ʔɪsɐʔisɪp
isakay	ʔɪsɐxaɪ̯
isalarawan	ʔɪsɐlɐɾawɐn
isalba	ʔɪsɐlba
isali	isalii
isalin	isaːlɛm
isama	ʔɪsamɐ
isama	ʔɪsɐma
isama	ʔɪsɐmaʔ
isang	is̺aŋ
isanggalang	ʔɪsɐŋgɐlaŋ
isangguni	isaiŋguni
isangkot	ʔɪsɐŋkot
isangla	ʔɪsɐnlaʔ
isanla	ɪsˈænlˌaː
isantabi	ʔɪsɐntɐbi
isapanahon	ʔɪsɐpɐnɐhon
isapribado	ʔɪsɐpɾɪbado
isapubliko	ʔɪsɐpublɪxo
isapuso	ʔɪsɐpusoʔ
isasantabi	ʔɪsɐsɐntɐbi
isauli	isauli
isaulo	ʔɪsɐʔulo
isaw	ʔisaʊ̯
isay	ʔisaɪ̯
isda	ˈisda
isdaan	isðaan
isdangtuko	ʔɪsdantʊxoʔ
isdantuko	ʔɪsdantʊxoʔ
iset	ʔɪsɛt
ishay	ʔɪshaɪ̯
ishii	ʔiʃɪ
ishinare	ʔɪʃɪnɛɪ̯ɾ
isig	ʔisɪg
isigan	ʔisiɣɐn
isigan	ʔɪsiɣɐn
isil	ʔisɪl
isinama	ʔɪsɪnamɐ
isinama	ʔɪsɪnɐmaʔ
isinantabi	ʔɪsɪnɐntɐbi
isinasantabi	ʔɪsɪnɐsɐntɐbi
ising	ʔisɪŋ
isip	iːsiːp
isip	ʔisɪp
isipan	jsipan
isipin	ʔɪsipɪn
isipin	ʔɪsɪpin
isisi	ʔɪsisɪ
iskandalo	ʔɪskandɐlo
iskaparate	ʔɪskɐpɐɾatɛ
iskedyul	ʔɪskɛdʒʊl
isko	ʔɪskoʔ
iskoba	biskoba
iskolar	ʔɪskolɐɾ
iskolarsyip	ʔɪskolɐɾʃɪp
iskor	ʔɪskoɾ
iskrambol	ʔɪskɾambol
iskrip	ʔɪskɾip
iskul	ʔɪskul
iskultor	ʔɪskʊltoɾ
iskultura	ʔɪskʊltuɾɐ
iskuwater	ʔɪskwatɛɾ
iskwala	ʔɪskwɐlɐ
iskwater	ʔɪskwɐtɛɾ
isla	isˈla
isla	ʔislɐ
islam	ʔɪslam
islang	ʔɪslaŋ
islang	ʔɪslɛŋ
islaw	ʔɪslaʊ̯
islobakya	ɛslobaːkɪˈa
islobenya	ʔɪslobɛɲɐ
islogan	ʔɪsloɣɐn
ismael	ʔɪsmɐʔɛl
ismagler	ʔɪsmaglɛɾ
ismid	ʔɪsmid
isnabera	ʔɪsnɐbɛɾɐ
isnabero	ʔɪsnɐbɛɾo
isnabin	ʔɪsnɐbin
iso	ʔɪsoʔ
isod	ʔisod
isoli	ʔɪsolɪʔ
ison	ʔison
ispageti	ʔɪspɐɣɛtɪ
ispanismo	ʔɪspɐnismo
ispeling	ʔɪspɛlɪŋ
ispital	ʔɪspɪtal
isra	ʔɪsɾaʔ
istalapata	ʔɪstɐlɐpatɐ
istambay	ʔɪstambaɪ̯
istante	ʔɪstantɛ
istapador	ʔɪstɐpɐdoɾ
istasyon	ʔɪstɐʃon
istatuwa	ʔɪstatwɐ
istatwa	ʔɪstatwɐ
istorbo	istorbo
istorbo	ʔɪstoɾbo
istorya	ʔɪstoɾjɐ
istraktura	ʔɪstɾɐktuɾɐ
istratehiya	ʔɪstɾɐtɛhiɐ
istres	ʔɪstɾɛs
istretser	ʔɪstɾɛtʃɛɾ
isubo	isubo
isuksok	ʔɪsʊksok
isulat	ʔɪsulɐt
isumbong	ʔɪsʊmboŋ
iswad	ʔɪswad
isyu	ʔiʃʊ
isá	ɪsˈa
itaas	ʔɪtaʔɐs
itaas	ʔɪtɐʔas
itaboy	ʔɪtɐboɪ̯
itago	ʔɪtaɣoʔ
itagò	itago
itak	ʔɪtak
itakwil	it˦a˥˧kwl˥˩
itala	ʔɪtɐlaʔ
italiko	ʔɪtalɪxo
italya	itˈalɪa
italya	ʔɪtaljɐ
italyana	ʔɪtɐljanɐ
italyano	italiano
italyano	ʔɪtɐljano
itanim	ʔɪtɐnim
itapat	ʔɪtɐpat
itapon	it˦˥a˥˧pon˩˩˦
itapon	ʔɪtapon
itawit	ʔɪtawɪt
itay	ʔɪtaɪ̯
itayo	itojo
itchon	ʔɪtʃon
iti	ʔitɪ
itigil	ɪtiːgˈl
itik	iːtɪk
itik	ʔitɪk
itim	ʔɪtim
itinabi	itinabi
itinakwil	itinakbil
itinatag	itinataɠɑ
itindig	itinvig
iting	ʔitɪŋ
itinuturing	itinotoɾin
itlo	ʔɪtlo
itlog	ʔɪtlog
itmo	ʔɪtmo
itneg	ʔitnɛg
ito	ʔɪto
itong	itoˈmˌ
itsura	itʃura
itulog	ʔɪtulog
ituralde	ʔɪtʊɾaldɛ
iturralde	ʔɪtʊɾaldɛ
ivy	ʔaɪ̯vɪ
iwaglit	juː˧aːgliːtˤ
iwal	ʔiwɐl
iwan	iwan
iwan	ʔiwɐn
iwanan	iwanan
iwanan	ʔɪwanɐn
iwang	ʔiwɐŋ
iwas	iwas
iwas	ʔiwɐs
iwi	ʔiwɪ
iyag	ʔɪag
iyak	ɪˈak
iyak	ʔɪak
iyan	ʔɪan
iyang	jˈaŋ
iyelo	ʔɪɛlo
iyo	io
iyo	ʔio
iyo	ʔɪo
iyon	ion
iyon	ʔɪon
iyong	ljoŋ
iñigo	ʔiɲɪɣo
j	dʒ
j	dʒɛɪ̯
jabol	dʒɐbol
jagan	dʒagɔn
jalajala	hɐlɐhalɐ
jalandoni	hɐlɐndonɪ
jamisola	hɐmɪsolɐ
jara	haɾɐ
jaramillo	hɐɾɐmiljo
jaranilla	hɐɾɐniljɐ
jaruda	hɐɾudɐ
jasmine	dʒasmɪn
javier	hɐbjɛɾ
jaya-jaya	dʒajadʒaja
jebs	dʒɛbs
jefferson	dʒɛfɛɾson
jefferson	dʒɛpɛɾson
jepoy	dʒɛpoɪ̯
jeproks	dʒɛpɾoks
jerjer	dʒɛɾdʒɛɾ
jiro	dʒiɾo
joaquin	hoɐxin
jocson	hokson
joemar	dʒomɐɾ
joga	dʒoɣɐʔ
jolo	holo
jologs	dʒologs
joma	dʒomɐ
jomar	dʒomɐɾ
jomari	dʒomaɾɪ
jonald	dʒonɐld
jonas	honas
jontis	dʒontɪs
jose	hosɛ
josef	dʒosɛf
josef	hosɛp
josefa	xosejfa
josemari	hosɛmɐɾi
josie	dʒoʊ̯sɪ
josko	dʒosko
joson	hoson
jota	hotɐ
jovellanos	hobɛljanos
jovellanos	hovɛljanos
jovencio	hobɛnʃo
jovencio	hovɛnʃo
jovito	hovito
jowa	dʒola
jowa	dʒoɐ
jowa	dʒoɐʔ
jowa	dʒoːva
joy	dʒoɪ̯
juana	wanɐ
julalay	dʒʊlalaɪ̯
jumarang	hʊmaɾɐŋ
jumbag	dʒumbɐg
junakis	dʒʊnaxɪs
june	dʒun
junichi	dʒʊnitʃɪ
junsay	hʊnsaɪ̯
juntilla	hʊntiljɐ
juntis	dʒontis
jurado	hʊɾado
jusay	husaɪ̯
jusi	husɪ
jutay	dʒʊtaɪ̯
juts	dʒuts
k	k
k	kɐ
k	kɛɪ̯
k	x
ka	ka
ka	kaʔ
ka	kɐ
kaagad	kɐʔɐɣad
kaakuhan	kɐʔɐxuhɐn
kaalaman	kaalamano
kaalaman	kɐʔɐlamɐn
kaalaman	kɐʔɐlɐman
kaalit	kɐʔalɪt
kaalyado	kɐʔɐljado
kaanak	kɐʔanɐk
kaanib	kaʔanib
kaanib	kɐʔanɪb
kaarawan	kɐʔɐɾɐwan
kaawaan	kaɛwɑan
kaaway	kaʔawaj
kaaway	kɐʔawaɪ̯
kaayaaya	kaajaaja
kaayo	kɐʔajoʔ
kaba	kɐba
kababaan	kɐbɐbaʔɐn
kababaihan	kɐbɐbɐʔihɐn
kababata	kababata
kababata	kɐbɐbatɐʔ
kababayan	kɐbɐbajɐn
kabado	kɐbado
kabag	kabɐg
kabag	kɐbag
kabagabagan	kɐbɐɣɐbaɣɐn
kabagang	kɐbɐɣaŋ
kabaiyuan	kɐbɐʔɪʊʔan
kabaka	kɐbaxɐ
kabaktan	kɐbɐktan
kabaligtaran	kɐbɐlɪgtɐɾan
kabalintunaan	kɐbɐlɪntʊnaʔɐn
kabaliwan	kɐbɐlɪwan
kabalyero	kɐbɐljɛɾo
kabalyete	kabaliɛte
kabalyo	kɐbaljo
kaban	kɐban
kabanata	kaːbənata
kabanata	kɐbɐnatɐ
kabanata	kɐbɐnatɐʔ
kabankalan	kɐbɐŋkɐlan
kabaong	kɐbaʔoŋ
kabaret	kabɐɾɛt
kabaretista	kɐbɐɾɛtistɐ
kabarkada	kɐbɐɾkadɐ
kabaro	kɐbaɾoʔ
kabasalan	kabasalan
kabasangal	kɐbɐsaŋɐl
kabastusan	kɐbɐstʊsan
kabata	kɐbatɐʔ
kabataan	kabataaʔan
kabataan	kɐbɐtaʔɐn
kabatiran	kɐbɐtiɾɐn
kabay	kabaɪ̯
kabayanihan	kɐbɐjɐnihɐn
kabayo	kɐbajo
kabayo	kɐɓaːjo
kaberdehan	kɐbɛɾdɛhɐn
kabesa	kɐbɛsɐ
kabesado	kɐbɛsado
kabesera	kɐbɛsɛɾɐ
kabibe	kɐbibɛ
kabibili	kɐbɪbɪli
kabig	kabig
kabig	kabɪg
kabigayan	kɐbigˈɐɪ̯eːn
kabiglaan	kɐbɪglɐʔan
kabigting	kɐbɪgtiŋ
kabiguan	kɐbiɣuʔɐn
kabiguan	kɐbɪɣʊʔan
kabiguan	kˈaːbɪgʊan
kabihasnan	kɐbjɐsnan
kabihasnan	kɐbɪhɐsnan
kabikulan	kɐbixʊlɐn
kabikulan	kɐbɪxulɐn
kabila	kabɪla
kabila	kɐbɪlaʔ
kabiling	kɐbilɪŋ
kabinet	kabɪnɛt
kabinian	kɐbɪniʔɐn
kabisa	kɐbisɐ
kabisado	kabisado
kabisayaan	kabisajaːn
kabisayaan	kɐbɪsɐjaʔɐn
kabisera	kabɪsɛɾa
kabisera	kɐbɪsɛɾɐ
kabisote	kɐbɪsotɛ
kabit	kɐbit
kabituinan	kɐbɪtwɪnan
kabituinan	kɐbɪtʊʔɪnan
kable	kablɛ
kabo	kabo
kabog	kɐbog
kabriya	kɐbɾiɐ
kabuhayan	kɐbʊhajɐn
kabukiran	kabokiran
kabukiran	kɐbʊxiɾɐn
kabulagsakan	kɐbʊlɐgsɐxan
kabulastugan	kɐbʊlɐstʊɣan
kabuluhan	kɐbʊlʊhan
kabunegro	kabʊnɛgɾo
kabuoan	kɐbʊʔoʔan
kabute	kɐbʊtɛ
kabutihan	kabutiːhan
kabutihan	kɐbʊtihɐn
kabuuan	kɐbʊʔʊʔan
kabuwanan	kɐbwanɐn
kabuyaw	kɐbujaʊ̯
kachakahan	kɐtʃɐxahɐn
kada	kadɐ
kadalahiraan	kɐdɐlɐhɪɾaʔɐn
kadayaan	kɐdɐjaʔɐn
kadena	kɐdɛnɐ
kadete	kɐdɛtɛ
kadiliman	kadiːliːman
kadiliman	kɐdɪlimɐn
kadiri	kadɪri
kadiri	kɐdiɾɪ
kadmiyo	kadmjo
kadre	kadɾɛ
kadugo	kɐdʊɣoʔ
kaduseo	kɐdʊsɛo
kadyot	kadʒot
kadyot	kat̪jot̪
kaedad	kɐʔɛdad
kaeskuwela	kɐʔɛskwɛlɐ
kagabi	aːgabːi
kagabi	kɐɣɐbi
kagabi	kɐɣɐbɛ
kagagawan	kɐɣɐɣɐwan
kagalingan	kɐɣɐliŋɐn
kagalingan	kɐɣɐlɪŋan
kagalit	kɐɣɐlit
kagamitan	kaɣ̞amit̪an
kagamulan	kɐɣɐmʊlan
kagandahan	kɐɣɐndahɐn
kagat	kaˈgat
kagat	kɐɣat
kagatin	kaɣ̞at̪ĩn
kagawaran	kaɣɐwɐɾɐn
kagaya	kɐɣajɐ
kagayutan	kɐɣɐjʊtan
kaginoohan	kɐɣɪnoʔohan
kaginuhan	kɐɣɪnuhɐn
kagitingan	kɐɣɪtiŋɐn
kagubatan	kagobat̪ẽn
kagubatan	kɐɣʊbatɐn
kagustuhan	kagustuan
kagustuhan	kɐɣʊstuhɐn
kagutuman	kaːgutuman
kaha	kahɐ
kahabaan	kɐhɐbaʔɐn
kahabaan	kɐhɐbɐʔan
kahabagan	kɐhɐbɐɣan
kahalagahan	kɐhɐlɐɣɐhan
kahalayan	kɐhɐlajɐn
kahalili	kɐhɐlilɪ
kahandaan	kɐhɐndɐʔan
kahapon	kɐhapon
kaharian	kɐhɐɾɪʔan
kahawig	kɐhɐwig
kahel	kɐhɛl
kahelada	kɐhɛladɐ
kahera	kɐhɛɾɐ
kahero	kɐhɛɾo
kahetilya	kɐhɛtiljɐ
kahig	kahɪg
kahigin	kɐhiɣɪn
kahihinatnan	kɐhɪhɪnɐtnan
kahihiyan	kɐhɪhɪan
kahinaan	kɐhɪnaʔɐn
kahirapan	kɐhɪɾapɐn
kahit	kahɪt
kahit	kaːhet
kahita	kɐhitɐ
kahog	kahog
kahog	kɐhog
kahon	kɐhon
kahoy	kahoɪ̯
kahulugan	kɐhʊlʊɣan
kaibahan	kaːiːbaːhaːn
kaibig-ibig	kaːjbigiːbig
kaibigan	kaɪ̯biɣɐn
kaibigan	kaʔɪbiɣɐn
kaibigan	kaʔɪbɪɣɐn
kaibigan	kɐʔibɪɣɐn
kaibigan	kɐʔɪbiɣɐn
kaibigan	kɐʔɪbɪɣan
kaibiganin	kaɪ̯bɪɣanɪn
kaibiganin	kɐʔɪbɪɣanɪn
kaibuturan	kaʔɪbʊtuɾɐn
kaibuturan	kɐʔɪbʊtuɾɐn
kaida	kɐʔidɐ
kaila	kɐʔɪlaʔ
kailan	kaɪ̯lan
kailan	kɐʔɪlan
kailan	kɛɪ̯lan
kailangan	kajlaŋan
kailangan	kaɪ̯laŋɐn
kailangan	kɐʔɪlaŋɐn
kailanganin	kajlãŋaːnɦin
kailanganin	kaɪ̯lɐŋanɪn
kailanganin	kɐʔɪlɐŋanɪn
kailanman	kaɪ̯lɐnman
kailanman	kɐʔɪlɐnman
kaiman	kɐʔɪman
kaimbutan	kaimbutana
kaimito	kaɪ̯mito
kain	kaʔɪn
kainan	kaːjnan
kainan	kɐʔɪnan
kainin	kɐʔinɪn
kainis	kɐʔɪnis
kaipala	kɐʔɪpalɐʔ
kaisipan	kaisipan
kaka	kaxɐ
kaka	kɐxaʔ
kakabig	kɐxabɪg
kakahuyan	kɐxɐhʊjan
kakaibang	kakaiːbaːm
kakain	kakaːjn
kakain	kɐxaʔɪn
kakainin	kɐxɐʔinɪn
kakak	kaxɐk
kakakain	kɐxɐxaʔɪn
kakalot	kɐxɐlot
kakambal	kɐxɐmbal
kakampi	kɐxɐmpi
kakampink	kɐxɐmpiŋk
kakanin	kɐxanɪn
kakanin	kɐxɐnin
kakanina	kaxɐninɐ
kakaphay	kɐxɐphaɪ̯
kakapitan	kɐxɐpitɐn
kakarampot	kaxɐɾɐmpot
kakastiguhin	kɐxɐstɪɣuhɪn
kakaunti	kakaʔanti
kakaw	kɐxaʊ̯
kakawasaan	kɐxɐwɐsɐʔan
kakawate	kɐxɐwatɛ
kakawati	kɐxɐwatɪ
kakayahan	kɐxɐjɐhan
kaki	kaxɪ
kaki	kɐxi
kakilala	kaqilala
kakilala	kɐxɪlalɐ
kaklase	kak˦˥laː˧sɛ
kaklase	kɐklasɛ
kakompetensiya	kɐxompɛtɛnʃɐ
kakosa	kɐxosɐ
kaktus	kaktʊs
kakulangan	kɐxʊlɐŋan
kakulawas	kɐxʊlawɐs
kakulitan	kakulitan
kala	kala
kalaban	kalaβ̞an
kalaban	kɐlabɐn
kalabasa	kɐlɐbasɐ
kalabaw	kɐlɐbaʊ̯
kalabitin	kalˈæbːitiːn
kalabog	kɐlɐbog
kalabos	kɐlɐbos
kalaboso	kɐlɐboso
kaladkad	kaːladkaːd
kaladkad	kɐlɐdkad
kaladkarin	kɐlɐdkaɾɪn
kaladkarin	kɐlɐdkɐɾin
kalag	kɐlag
kalagayan	kalagajan
kalagayan	kɐlɐɣajɐn
kalagitnaan	kɐlɐɣɪtnaʔɐn
kalaguyo	kalaguo
kalaguyo	kɐlɐɣujoʔ
kalahatan	kaːlaħataːn
kalahati	kɐlɐhatɪʔ
kalahatian	kɐlɐhɐtiʔɐn
kalahok	kɐlɐhok
kalakal	kɐlaxɐl
kalakaran	kalɐxɐɾan
kalakaran	kaːlakaˈran
kalakaran	kɐlɐxɐɾan
kalakhan	kɐlɐkhan
kalaki	kalake
kalakihan	kɐlɐxɪhan
kalakpan	kɐlɐkpan
kalakuwerda	kɐlɐkwɛɾdɐ
kalalakad	kaːlaːlaːkaːd
kalaliman	kɐlɐlimɐn
kalamansanay	kɐlɐmɐnsanaɪ̯
kalamansi	kɐlɐmɐnsiʔ
kalamares	kɐlɐmaɾɛs
kalamba	kɐlɐmbaʔ
kalambatan	kɐlɐmbɐtan
kalambre	kɐlambɾɛ
kalamidad	kalimidad
kalamidad	kɐlɐmɪdad
kalamismis	kɐlɐmɪsmis
kalamunding	kɐlɐmʊndiŋ
kalamyas	kɐlɐmjas
kalanda	kɐlɐnda
kalandak	kɐlɐndak
kalandra	kɐlandɾɐ
kalangay	kɐlaŋaɪ̯
kalangitan	kalˈa�ŋgitˌan
kalangitan	kɐlɐŋitɐn
kalangitan	kɐlɐŋɪtan
kalansay	k̚˥˩la˦˥n˩˩˦saj˧
kalantas	kɐlɐntas
kalap	kalɐp
kalap	kɐlap
kalapastangan	kɐlɐpɐstaŋɐn
kalapastanganan	kɐlɐpɐstɐŋanɐn
kalapati	kɐlɐpatɪ
kalapatihan	kalɐpɐtihɐn
kalasag	kɐlasɐg
kalasag	kɐlɐsag
kalasing	kɐlɐsiŋ
kalasingan	kɐlɐsɪŋan
kalaswaan	kɐlɐswɐʔan
kalat	kalɐt
kalat	kɐlat
kalatas	kɐlɐtas
kalatsutsi	kɐlɐtʃutʃɪʔ
kalaunan	kɐlɐʔunɐn
kalaw	kalaʊ̯
kalawakan	kɐlɐwaxɐn
kalawang	klawaŋ
kalawang	kɐlawɐŋ
kalawangin	kɐlɐwaŋɪn
kalawangin	kɐlɐwɐŋin
kalayaan	kɐlɐjaʔɐn
kalayaan	kɐlɐjɐʔan
kalayahan	kɐlɐjahɐn
kalaykay	kɐlaɪ̯xaɪ̯
kalba	kɐlba
kalbaryo	kɐlbaɾjo
kalbo	kalbo
kalbo	kalboʔ
kalbo	kɐlbo
kalburo	kɐlbuɾo
kaldereta	kɐldɛɾɛtɐ
kaldero	kɐldɛɾo
kalembang	kalembaŋ
kalembang	kɐlɛmbɐŋ
kalendaryo	kɐlɛndaɾjo
kalendaryo	kɐlɪmdaːɾjɔ
kalesa	kɐlɛsɐ
kali	kalɪ
kali	kɐli
kali	kɐliʔ
kali	kɐlɛʔ
kalibo	kɐlibo
kalibo	kˌɐlˈibˌo
kalibre	kɐlibɾɛ
kalibugan	kɐlɪbuɣɐn
kalidad	kalibad
kalidad	kɐlɪdad
kalidoskopyo	kɐlɪdoskopjo
kaligayahan	kɐlɪɣɐjahɐn
kaligkig	kɐlɪgkig
kalihim	kalˈiːxiːm
kalihim	kɐlihɪm
kaliitan	kɐlɪʔɪtan
kalikam	kɐlixɐm
kalikasan	klikːasaːn
kalikasan	kɐlɪxasɐn
kaliko	kɐlixo
kalikot	kɐlixot
kalilayan	kɐlɪlajɐn
kalima	kɐlɪma
kalimbahin	kɐlɪmbɐhin
kalimitan	kalimitan
kalimot	kalimon
kalimutan	kʰaːliːmɤtan˧
kalinangan	k̚˥˩alĩ˥˩naːŋan˧
kalinggalan	kɐlɪŋgɐlan
kalingkingan	kalɪŋkiŋɐn
kalinisan	kɐlɪnisɐn
kalis	kalɪs
kaliskis	kɐlɪskis
kalituhan	kalituhan
kaliwa	kɐlɪwaʔ
kaliwanagan	kɐlɪwɐnaɣɐn
kaliwete	kɐlɪwɛtɛ
kalkal	kɐlkal
kalma	kalmɐ
kalma	kɐlma
kalma	kɐlmaʔ
kalmado	kɐlmado
kalmot	kɐlmot
kalmot	kʰælmoːt
kalo	kaloʔ
kalo	kɐloʔ
kalog	kalog
kalokohan	kɐloxohɐn
kaloob	kɐloʔob
kalooban	kaloʔoban
kalooban	kɐloʔoban
kalookan	kaloʔoxan
kalookan	kɐloʔoxɐn
kalos	kalos
kalos	kɐlos
kalot	kalot
kalot	kɐlot
kalsada	kɐlsadɐ
kalsetin	kɐlsɛtin
kalsiyo	kalʃo
kalso	kɐlso
kalsonsilyo	kɐlsonsiljo
kaluban	kɐlubɐn
kalubasa	kɐlʊbasɐ
kalugin	kalugin
kaluluwa	kalʊlwa
kaluluwa	kɐlʊlwa
kalumbaba	kɐlʊmbabɐʔ
kalumbaba	kɐlʊmbɐbaʔ
kalumbahin	kɐlʊmbɐhin
kalumbibit	kɐlʊmbɪbit
kalumpang	kɐlʊmpaŋ
kalumpit	kɐlʊmpit
kalungkutan	kalungkutan
kalungsuran	kɐlʊnsʊɾan
kalungtian	kɐlʊntɪʔan
kaluntian	kɐlʊntɪʔan
kalunuran	kɐlʊnuɾɐn
kaluskos	kalʲɨskos
kaluskos	kɐlʊskos
kalusugan	kalʊsuɣɐn
kalusugan	kɐlʊsuɣɐn
kalusugan	kɐlʊsʊɣan
kaluwalhatian	kɐlwɐlhɐtiʔɐn
kalye	kaljɛ
kalyehon	kɐljɛhon
kalyo	kaljo
kalyos	kɐljos
kama	kama
kamagong	kɐmɐɣoŋ
kamakailan	kɐmɐxaɪ̯lan
kamakailan	kɐmɐxɐʔɪlan
kamakalawa	kɐmɐxɐlɐwa
kamakalima	kɐmɐxɐlɪma
kamakapat	kɐmɐxapɐt
kamakapuwo	kɐmɐxɐpuoʔ
kamakatlo	kɐmɐxɐtlo
kamalala	kɐmɐlalɐ
kamalasan	kamalaːsan
kamalayan	kamalaiːn
kamalayan	kɐmɐlɐjan
kamalian	kamaːliːan
kamalian	kɐmɐliʔɐn
kamalig	kɐmalɪg
kamaliing	kɐmɐlɪʔiŋ
kamanahan	kɐmɐnahɐn
kamandag	kɐmɐndag
kamangmangan	kɐmɐŋmɐŋan
kamantigi	kɐmɐntɪɣi
kamao	kɐmɐʔo
kamao	pamaʔo
kamara	kamɐɾɐ
kamatayan	kamatajan
kamatayan	kɐmɐtajɐn
kamatis	kɐmatɪs
kamatis	tamatis
kamatsile	kɐmatʃɪlɛ
kamay	kɐmaɪ̯
kamay	saˈmai
kamayan	kamajan
kamayan	kɐmajɐn
kamayan	kɐmɐjan
kamaynilaan	kɐmaɪ̯nɪlaʔɐn
kambal	kɐmbal
kambas	kambɐs
kambing	kambeŋ
kambing	kɐmbiŋ
kambiyo	kambjo
kambodya	kɐmbodʒɐ
kambyo	kambjo
kamelyo	kɐmɛljo
kamera	kamɛɾɐ
kami	kɐmi
kamihasnan	kamɪhɐsnan
kamikam	kɐmixɐm
kamisa	amisa
kamisa	kɐmisɐ
kamiseta	kamisˈeta
kamiseta	kɐmɪsɛtɐ
kamit	kɐmit
kamkam	kɐmkam
kamo	kamo
kamo	kɐmo
kamot	kamot
kamote	kamote
kamote	kɐmotɛ
kamotpusa	kamotpusɐʔ
kampana	kɐmpanɐʔ
kampana	kɑmpana
kampanaryo	kɐmpɐnaɾjo
kampanilya	kɐmpɐniljɐ
kampante	kɐmpantɛ
kampanya	kɐmpaɲɐ
kampanya	kɐmpɐɲa
kampay	kɐmpaɪ̯
kampeon	kɐmpɛon
kampeonato	kɐmpɛonato
kampilan	ampilan
kampilan	kɐmpilɐn
kampon	kampon
kampon	kɐmpon
kamposanto	kɐmposanto
kampupot	kɐmpupot
kampyon	kɐmpjon
kamukha	kɐmʊkhaʔ
kamunduhan	kɐmʊndʊhan
kamuning	kɐmʊniŋ
kamusta	kɐmʊsta
kamusta	kɐmˌoestˈa
kamya	kamjɐ
kamyas	kamiːjasɯ
kamyas	kɐmjas
kamyon	kɐmjon
kana	kanɐʔ
kana	kɐna
kana	kɐnaʔ
kanada	kɐnɐda
kanal	kɐnal
kanan	kanɐn
kanan	kaːnən
kanape	kɐnɐpɛ
kanaryo	kɐnaɾjo
kanaw	kɐnaʊ̯
kanayunan	kɐnɐjunɐn
kandado	kɐndado
kandarapa	kɐndɐɾapɐʔ
kandaro	kɐndaɾo
kandelero	kɐndɛlɛɾo
kandidato	kãndidato
kandidato	kɐndɪdato
kandidatura	kɐndɪdɐtuɾɐ
kandila	kɐndilɐʔ
kandilero	kɐndɪlɛɾo
kandilà	kandila
kandong	kɐndoŋ
kanduli	kɐndulɪʔ
kandungan	kɐnduŋɐn
kandungin	kand̪oŋim
kang	kaŋ
kanggaro	kaŋgɛro
kangina	kɐŋinɐ
kangkong	kɐŋkoŋ
kangkungan	kɐŋkuŋɐn
kanibal	kanɪbɐl
kanibal	kɐnɪbal
kanibalismo	kɐnɪbɐlismo
kaniguan	kɐnɪɣuʔɐn
kanila	kanila
kanila	kɐnɪla
kanin	kanin
kanin	kanɪn
kanina	kanina
kanina	kɐninɐ
kanino	kanino
kanino	kɐnino
kanisid	kɐnisɪd
kaniya	kaɲa
kaniya	kaɲɐ
kaniya	kɐɲa
kankanaey	kɐŋkɐnaʔəɪ̯
kankanaey	kɐŋkɐnaʔɛɪ̯
kankanay	kɐŋkɐnaɪ̯
kankanaëy	kɐŋkɐnaʔəɪ̯
kanlong	kɐnloŋ
kanlungan	kɐnluŋɐn
kanluran	kanloran
kanluran	kɐnluɾɐn
kanlurang	kanloːra˥ŋ
kanonisasyon	kɐnonɪsɐʃon
kanor	kɐnoɾ
kanoy	kɐnoɪ̯
kansas	kansɐs
kanselasyon	kɐnsɛlɐʃon
kanser	kansɛɾ
kansilyer	kɐnsɪljɛɾ
kansing	kɐnsiŋ
kanta	kɐnta
kantahan	kɐntɐhan
kantahin	kɐntɐhin
kantarilya	kɐntɐɾiljɐ
kantin	kɐntin
kanto	kanto
kanton	kɐnton
kantot	kɐntot
kantunan	kɐntunɐn
kantutay	kɐntutaɪ̯
kantutin	kɐntʊtin
kanula	kanʊlɐ
kanumay	kɐnumaɪ̯
kanunuan	kɐnʊnuʔɐn
kanya	kɐɲa
kanyang	tanːjɐŋ
kanyon	kɐɲon
kaoba	kɐʔobɐ
kaopisina	kɐʔopɪsinɐ
kapag	kɐpag
kapag	kˈapːɐʒ
kapagdaka	kɐpɐgdaxɐ
kapagka	kɐpɐgkaʔ
kapahamakan	kaːpahaːmaːkaːn
kapahamakan	kɐpɐhɐmɐxan
kapak	kapɐk
kapakanan	kɐpɐxɐnan
kapalaluan	kɐpɐlɐluʔɐn
kapalaran	kɐpɐlaɾɐn
kapaligiran	kapəliˈgɪɾan
kapalit	kɐpɐlit
kapalutan	kɐpɐlutɐn
kapampangan	ka˥˥pəm˥˩paːŋan˥˩
kapampangan	kɐpɐmpaŋɐn
kapanahunan	kɐpɐnɐhunɐn
kapangahasan	kɐpɐŋɐhɐsan
kapanganakan	kɐpɐŋɐnaxɐn
kapangitan	kɐpɐŋitɐn
kapangyarihan	kɐpɐŋjɐɾihɐn
kapansanan	kɐpɐnsanɐn
kapantay	k̚˥˩apntʰaj˧
kaparangan	kɐpɐɾaŋɐn
kapas	kapɐs
kapaskuhan	kɐpɐskʊhan
kapat	kapɐt
kapat	kʰap˥at˦˥
kapatagan	kɐpɐtaɣɐn
kapatas	kapatas
kapatas	kɐpɐtas
kapatawaran	kɐpɐtɐwɐɾan
kapatid	kɐpɐtid
kapatiran	kapɐtiɾɐn
kapayatan	kɐpɐjɐtan
kape	kɐpɛ
kapehan	kɐpɛhɐn
kapetera	kɐpɛtɛɾɐ
kaphay	kɐphaɪ̯
kapid	kapɪd
kapihan	kɐpihɐn
kapilya	kapilja
kapilya	kɐpiljɐ
kapingahan	kɐpɪŋɐhan
kapiraso	kɐpɪɾaso
kapisanan	kɐpɪsanɐn
kapit	kapip
kapit	kapɪt
kapitalismo	kɐpɪtɐlismo
kapitalista	kɐpɪtɐlistɐ
kapitan	kapit̪an
kapitan	kɐpitɐn
kapitan	kɐpɪtan
kapitbahay	kapɪtbahaɪ̯
kapitbahayan	kapɪtbɐhajɐn
kapitbansa	kapɪtbɐnsaʔ
kapitolyo	kɐpɪtoljo
kapkapan	kɐpkɐpan
kaplastikan	kɐplastɪxɐn
kaplastikan	kɐplɐstixɐn
kapnayan	kɛpnaja
kapok	kapok
kapol	kapol
kapol	kɐpol
kapon	kɐpon
kapre	kaprɛj
kapre	kapɾɛ
kaprikorniyo	kɐpɾɪxoɾɲo
kapsula	kapsʊlɐ
kapulisan	kɐpʊlɪsan
kapuluan	kɐpʊlʊʔan
kapulungan	kapoɾoŋan
kapulungan	kɐpʊlʊŋan
kapusukan	kapusokan
kaputol	kɐputol
kaputsino	kapotsino
kaputsino	kɐpʊtʃino
kapuwa	kapwɐʔ
kapuwang	kɐpwaŋ
kapwa	kapwɐʔ
karabaw	kɐɾɐbaʊ̯
karagatan	kɐɾɐɣɐtan
karagdagan	kɐɾɐgdaɣɐn
karahasan	kaɾahasaːm
karahasan	kɐɾɐhɐsan
karahay	kɐɾɐhaɪ̯
karakoa	kɐɾɐxoɐ
karakter	kaɾɐktɛɾ
karakter	kɐɾaktɛɾ
karakter	kɐɾɐktɛɾ
karamay	karaːmaj
karamba	kɐɾambɐ
karambola	kaɾambola
karambola	kɐɾɐmbolɐ
karamdaman	kaɾamdaːmən
karamelo	kɐɾɐmɛlo
karamihan	kɐɾɐmihɐn
karampatan	kɐɾɐmpatɐn
karampot	kɐɾɐmpot
karanasan	kɐɾɐnɐsan
karangalan	kɐɾɐŋalɐn
karaniwan	kɐɾɐniwɐn
karantso	kɐɾantʃo
karapatan	kaɾapətan
karapatan	kɐɾɐpɐtan
karapatang-ari	kaɾapaˈtaŋaɾi
kararampot	kɐɾɐɾɐmpot
karate	kɐɾatɛ
karatig	kɐɾatɪg
karatula	kaɾatola
karatula	kɐɾatʊlɐ
karayom	kɐɾajom
karbon	kɐɾbon
karbono	kɐɾbono
karbungko	kɐɾbuŋko
karbungkulo	kɐɾbuŋkʊlo
karburador	kɐɾbʊɾɐdoɾ
kard	kaɹd
kardbord	kaɹdboɹd
kardenal	kɐɾdɛnal
kardenalato	kɐɾdɛnɐlato
karding	kɐɾdiŋ
kardo	kaɾdo
karelyebo	kɐɾɛljɛbo
karera	kɐɾɪɾɐ
karerahan	kɐɾɛɾahɐn
karetela	kɐɾɛtɛlɐ
kargamento	kɐɾgɐmɛnto
kari	kaɾɪ
kari	kɐɾi
karibal	kɐɾɪbal
karihan	kɐɾihɐn
karilyo	kɐɾiljo
karilyon	kɐɾiljon
karilyon	kɐɾɪljon
karimlán	kaɾimlan
karinderya	kɐɾɪndɛɾja
karinderya	kɐɾɪndɛɾjɐ
karingal	kɐɾiŋɐl
karingal	kɐɾɪŋal
karinyosa	kɐɾɪɲosɐ
karipas	kɐɾipɐs
karisma	kɐɾismɐ
karitela	kɐɾɪtɛlɐ
kariton	kɐɾɪton
karlubang	kɐɾlubɐŋ
karmelita	kaɾmɛlitɐ
karnabal	kɐɾnɐbal
karnaper	kɐɾnapɛɾ
karne	kɐɾnɛ
karo	kaɾo
karoling	kaɾolɪŋ
karosa	kɐɾosɐ
karot	kaɾot
karpet	kaɾpɛt
karpintero	kɐɾpɪntɛɾo
karsada	kɐɾsadɐ
karsel	kaɾsɛl
karsel	kɐɾsɛl
karsonsilyo	kɐɾsonsiljo
kartabon	kɐɾtɐbon
kartamoneda	kɐɾtɐmonɛdɐ
kartero	kɐɾtɛɾo
kartesyanismo	kɐɾtɛʃɐnismo
kartesyano	kaɾtɛʃano
karton	kɐɾton
karuhatan	kɐɾʊhatɐn
karunungan	kɐɾʊnuŋɐn
karupukan	kɐɾʊpʊxan
karwahe	kɐɾwahɛ
karángalan	kaɾaŋaːlan
kasa	kasɐ
kasa	kasɐʔ
kasa	kɐsa
kasabay	ka˥˩sabaj˥˩
kasabihan	kɐsɐbɪhan
kasabwat	kɐsɐbwat
kasag	kɐsag
kasaganaan	kɐsɐɣɐnaʔɐn
kasakiman	kasakimaːn
kasaksi	kɐsɐksi
kasakstan	kasaqstaːn
kasal	kasal
kasal	kɐsal
kasalan	kasalan
kasalanan	kɐsɐlanɐn
kasalaulaan	kɐsɐlɐʔʊlaʔɐn
kasali	kɐsalɛ
kasali	kɐsalɪ
kasalimuotan	kɐsɐlɪmʊʔotan
kasalimuutan	kɐsɐlɪmʊʔʊtan
kasalukuyan	kɐsɐlʊxujɐn
kasalungat	kasalunʁat
kasalungat	kɐsɐlʊŋat
kasama	kɐsamɐ
kasamaan	kasamaːn
kasamaan	kɐsɐmɐʔan
kasamahan	kaːsamahaːn
kasambahay	kɐsɐmbahaɪ̯
kasambahay	kɐsɐmbɐhaɪ̯
kasangbahay	kɐsɐmbahaɪ̯
kasangbahay	kɐsɐmbɐhaɪ̯
kasanhian	kas̺aːnʲiːʝaːn
kasapuwego	kɐsɐpwɛɣo
kasarinlan	kɐsɐɾɪnlan
kasat	kɐsat
kasayapan	kɐsɐjɐpan
kasaykasay	kasaɪ̯xasaɪ̯
kasaysayan	kɐsaɪ̯sajɐn
kasekway	kɐsɛkwaɪ̯
kasera	kɐsɛɾɐ
kasero	kasˈeɾo
kasero	kɐsɛɾo
kaserola	kɐsɛɾolɐ
kasi	kasɪ
kasi	kɐsi
kasilag	kɐsilɐg
kasili	kɐsilɪ
kasilonawan	kɐsɪlonɐwan
kasilyas	kɐsiljɐs
kasim	kasɪm
kasim	kɐsim
kasingkahulugan	kɐsɪŋkɐhʊlʊɣan
kasiningan	kɐsɪniŋɐn
kasino	kɐsino
kasintahan	kasintavan
kasintahan	kɐsɪntahɐn
kasinungalingan	kɐsɪnʊŋɐliŋɐn
kasinway	kɐsɪnwaɪ̯
kasiya	kaʃɐ
kaskaron	kɐskɐɾon
kaskasero	kɐskɐsɛɾo
kasko	kɐsko
kaso	kaso
kason	kɐson
kasosyo	kasoʃo
kasosyo	kɐsoʃo
kasoy	kasoi
kasoy	kɐsoɪ̯
kastanyo	kɐstaɲo
kastigo	kɐstiɣo
kastiguhin	kɐstɪɣuhɪn
kastila	fˈastˈiːlˈa
kastila	kɐstilɐʔ
kastor	kɐstoɾ
kastuli	kɐstulɪʔ
kasubha	kɐsʊbhaʔ
kasukasuan	kɐsʊxɐsuʔɐn
kasula	kɐsulɐ
kasulatan	kas̺ulat̪an
kasulatan	kɐsʊlɐtan
kasulya	kɐsuljɐ
kasundaluhan	kɐsʊndɐluhɐn
kasundo	kasundo
kasunduan	kasunduan
kasunduan	kɐsʊnduʔɐn
kasunuran	kɐsʊnuɾɐn
kasunuran	kɐsʊnʊɾan
kasuy	kɐsuɪ̯
kaswalti	kaswɐltɪ
kaswaryo	kɐswaɾjo
kaswela	kɐswɛlɐ
kasya	kaʃɐ
kasya	kˈaʃa
kasí	kɐsˈi
kasúy	kasoi
kata	katɐʔ
kata	kɐta
kata	kɐtaʔ
katabi	katɑbiː
katabi	kɐtɐbi
katabi	kɐtɐbɛ
kataga	kɐtɐɣaʔ
katagalugan	katagalugan
katagalugan	kɐtɐɣɐluɣɐn
katahimikan	kɐtɐhɪmixɐn
katakata	kɐtɐxɐtaʔ
katakawan	kɐtɐxawɐn
kataksilan	kɐtɐksɪlan
katal	kɐtal
katalaghayan	kɐtɐlɐghɐjan
katalepsiya	kɐtɐlɛpʃɐ
katalog	katɐlog
katalogo	kɐtaloɣo
katalona	kɐtɐlonɐ
katalonan	kɐtɐlonɐn
katalunan	kɐtɐlunɐn
katam	katam
katam	kɐtam
katamaran	katamaran
katamaran	kɐtɐmɐɾan
katan	katɐn
katana	kɐtanɐʔ
katang	katɐŋ
katang	kɐtaŋ
katangahan	kɐtɐŋɐhan
katangi-tangi	kataŋitaŋi
katangian	katngian
katanungan	katanoŋan
katanungan	kɐtɐnuŋɐn
katanway	kɐtɐnwaɪ̯
katao	katau
katapat	kɐtɐpat
katapatan	katapat̪an
katapatan	kɐtɐpatɐn
katapusan	katapossan
katapusan	kɐtɐpʊsan
katar	kat̪aɾ
katarata	kat̪arata
katarata	kɐtɐɾatɐ
katarungan	kɐtɐɾuŋɐn
katas	kɐtas
katastrope	kɐtastɾopɛ
katatakutang	katatɑkutang
katatluhan	kɐtɐtlʊhan
katauhan	kɐtɐʔuhɐn
katawan	kɐtɐwan
katay	kataɪ̯
katay	kaːt̪ai̯
katay	kɐtaɪ̯
katayan	katajɐn
katayin	kɐtajɪn
katayin	kɐtɐjin
katedral	kɐtɛdɾɐl
kategorikal	kɐtɛɣoɾɪxal
kategorya	kɐtɛɣoɾjɐ
katekismo	kɐtɛxismo
katekista	kɐtɛxistɐ
katerba	kɐtɛɾbɐ
katerpilar	katɛɾpilɐɾ
katesismo	kɐtɛsismo
katha	kɐthaʔ
kathambuhay	kɐthambuhaɪ̯
kati	katɪ
kati	kɐti
katibayan	kɐtɪbajɐn
katig	katɪg
katigalan	kɐtɪɣɐlan
katigan	kɐtiɣɐn
katigbak	kɐtɪgbak
katiglan	kɐtɪglan
katimawaan	kɐtɪmɐwaʔɐn
katimugan	katimugan
katinig	katini
katinig	kɐtinɪg
katipunan	kɐtɪpunɐn
katipunan	kɑtipˈunan
katipunero	kɐtɪpʊnɛɾo
katiwala	kɐtɪwalɐʔ
katiwalian	kɐtɪwɐlɪʔan
katiyaw	katʃaʊ̯
katleya	kɐtlɛɐ
katlo	kɐtlo
katmon	kɐtmon
kato	kɐtoʔ
katok	kɐtok
katokayo	kɐtoxajo
katol	katol
katol	kɐtol
katolika	kɐtolɪxɐ
katoliko	kɐtolɪxo
katolisismo	kɐtolɪsismo
katolonan	kɐtolonɐn
katorse	kɐtoɾsɛ
katoto	kɐtoto
katotohanan	kɐtotohanɐn
katrabaho	kɐtɾɐbaho
katre	katɾɛ
katropa	kɐtɾopɐ
katsa	kɐtʃa
katsakahan	kɐtʃɐxahɐn
katsarita	kɐtʃɐɾitɐ
katser	katʃɛɾ
katsot	kɐtʃot
katsurita	kɐtʃʊɾitɐ
katukayo	kɐtʊxajo
katulad	katulad
katulad	kɐtulɐd
katulalaan	kɐtʊlɐlɐʔan
katulong	katulɔng
katulong	kɐtuloŋ
katulunan	kɐtʊlunɐn
katunayan	ka˥˩tʰwnaːja˥˩n˧
katunayan	kɐtʊnajɐn
katunggakan	kɐtʊŋgɐxan
katunggali	kɐtʊŋgɐliʔ
katungkulan	kɐtʊŋkulɐn
katungkulan	kɐtʊŋkʊlan
katuparan	kɐtʊpaɾɐn
katuray	kɐtuɾaɪ̯
katuruan	kɐtʊɾuʔɐn
katuruan	kɐtʊɾʊʔan
katutak	kɐtutɐk
katutubo	kɐtʊtuboʔ
katuwaan	katuaː˧an
katuwaan	kɐtwaʔɐn
katuwang	kɐtwaŋ
katyaw	katʃaʊ̯
kaugalian	naʔugalian
kaugnayan	kɐʔʊgnajɐn
kaulapan	kaːʔulapan
kaungasan	kɐʔʊŋɐsan
kaunlaran	kɐʔʊnlɐɾan
kaunti	kauti
kaunti	kɐʔʊntiʔ
kauntian	kɐʔʊntɪʔan
kausap	kaʔuːsa˥˩b
kausap	kɐʔusɐp
kausap	kɐʔʊsap
kausapin	kɐʔʊsapɪn
kausta	kamˈustˈa
kautalan	kɐʔʊtɐlan
kautusan	kɐʔʊtʊsan
kawa	kawɐ
kawad	kawɐd
kawal	kawɐl
kawal	ka˥˥wɐn˨˩˦
kawalan	kɐwɐlan
kawali	awaːli
kawan	kawɐn
kawanggawa	kawɐŋgɐwɐʔ
kawani	kɐwanɪ
kawani	kɐwɐni
kawanihan	kawɐnɪhan
kawasa	kɐwasɐ
kawasa	kɐwasɐʔ
kawatan	kɐwatɐn
kawatan	kɐwɐtan
kawawa	kɐwawɐʔ
kawawaan	kɐwɐwaʔɐn
kaway	kawaɪ̯
kaway	kɐwaɪ̯
kawayan	kawajɐn
kawayan	kɐwajɐn
kawayan	kɐwɐjan
kawayanan	kɐwɐjɐnan
kawboy	kaʊ̯boɪ̯
kawi	kawɪ
kawi	kawɪʔ
kawi	kɐwiʔ
kawil	kawɪl
kawil	kɐwil
kawing	kɐwiŋ
kawingan	kɐwiŋɐn
kawit	kawɪt
kawit	k̚˥˩aː˥˩wit̚˥˩
kawsa	kaʊ̯sɐ
kaya	kajɐ
kaya	kajɐʔ
kaya	kɐjaʔ
kayabangan	kaje˩˥baŋan
kayabangan	kɐjɐbaŋɐn
kayag	kajɐg
kayagangan	kɐjɐɣaŋɐn
kayagungan	kɐjɐɣuŋɐn
kayamanan	kɐjɐmanɐn
kayamuan	kɐjɐmuʔɐn
kayan	kɐjan
kayat	kajɐt
kayawa	kɐjawɐʔ
kaye	kɛɪ̯
kayeluhan	kɐjɛluhɐn
kaymito	kaɪ̯mito
kayo	kajo
kayo	kajov
kayo	kɐjo
kayod	kajod
kayog	kɐjog
kaypala	kaɪ̯palɐʔ
kaysa	kaɪ̯sa
kaysa	kɛsɐ
kayser	kaɪ̯sɛɾ
kayumanggi	kɐjʊmɐŋgi
kayumanis	kɐjʊmanɪs
kayumkom	kɐjʊmkom
kayuyuan	kɐjʊjuʔɐn
kbp	kɛɪ̯bɪʔpi
ke	kɛ
ke	kɛʔ
keber	kɛbɛɾ
kebs	kɛbs
keiko	kɛɪ̯xo
kekok	kɛxok
kekyam	kɛkjɐm
kelan	klan
kelan	kɛlɐn
kelan	kɛɪ̯lan
kelot	kɛlot
keluwa	kɛlwaʔ
kembot	kɛmbot
kemikal	kɛmɪxal
kemikal	kɛmɪxɐl
kemistri	kɛmɪstɾɪ
kendeng	kɛndɛŋ
kendi	kɛndɪ
kendo	kɛndo
kengkoy	kɛŋkoɪ̯
kenji	kɛndʒɪ
kenji	kɛndʒɪʔ
kenya	kɛɲɐ
kenzo	kɛnzo
kepo	kipo
kepo	kɛpo
kepyas	kpjas
keri	kɛɾɪ
kerida	kɛɾidɐ
kerido	kɛɾido
kerosin	kɛɾosɪn
kerry	kɛɾɪ
kerubin	kɛɾʊbin
kerwe	kɛɾwɛ
kesa	kɛsɐ
keso	keso
keso	kɛso
kesyo	kɛʃo
ketong	kɛtoŋ
ketongan	kɛtoŋɐn
ketongin	kɛtoŋɪn
ketsap	kɛtʃɐp
ketungan	kɛtuŋɐn
ketungin	kɛtuŋɪn
keyk	kɛɪ̯k
kiamzon	kjamson
kiay	kɪʔaɪ̯
kibal	kibɐl
kibit	kɪbit
kibits	kibɪts
kibitser	kibɪtsɛɾ
kibo	kɪboʔ
kidkid	kɪdkid
kidlat	kɪdlat
kidnap	kidnɐp
kidnaper	kɪdnapɛɾ
kidsulid	kɪdsulɪd
kidya	kɪdʒa
kiit	kɪʔit
kikay	kixaɪ̯
kiki	kixɪʔ
kiki	kɪxi
kikig	kixɪg
kikik	kixɪk
kikil	kixɪl
kikilan	kɪxilɐn
kikinsot	kɪxɪnsot
kikiyam	kikjɐm
kikiyam	kɪkjam
kiko	kixo
kiko	kixoʔ
kikoy	kixoɪ̯
kikuko	kɪxuxo
kikyam	kikjɐm
kikyam	kɪkjam
kilabot	kilabot
kilabot	kɪlabot
kilabutan	kilabotaːn
kilabutan	kɪlɐbutɐn
kilala	kɪlalɐ
kilala	kɪlɐla
kilala	kʰiːtlalaː
kilates	kɪlatɛs
kilatis	kiltis
kilatis	kɪlatɪs
kilaw	kɪlaʊ̯
kilawin	kɪlɐwin
kilay	kilaɪ̯
kilay	kile
kili-kili	kili-kili
kilig	kɪlig
kilig	kɪˈlɪk
kilik	kilɪk
kilikili	kili-kili
kilikili	kɪlɪxilɪ
kilikiti	kɪlɪxɪtiʔ
kiling	kilɪŋ
kiling	kɪliŋ
kiliti	kɪlɪtiʔ
kilitiin	kɪlɪtɪʔin
kilitis	kɪlɪtis
kilo	kilo
kilo	kɪloʔ
kilogramo	kɪlogɾamo
kilogramo	kɪlogɾɐmo
kilometrahe	kɪlomɛtɾahɛ
kilometro	kɪlomɛtɾo
kilos	kilos
kilusan	kilsan
kilusan	kilʊsan
kilusan	kɪlusɐn
kilusan	kɪlʊsan
kilyawan	kɪljawɐn
kima	kimɐʔ
kima	kɪma
kima	kɪmaʔ
kimaw	kɪmaʊ̯
kimi	kimei
kimika	kimɪxɐ
kimiko	kimɪxo
kimkim	kɪmkim
kimona	kɪmonɐ
kimono	kɪmono
kimpal	kɪmpal
kina	kinɐ
kina	kɪna
kinabukasan	kɪnabʊxasɐn
kinagigiliwan	kinagigiliwan
kinahapunan	kɪnahɐpunɐn
kinahig	kɪnahɪg
kinahinatnan	kɪnahɪnɐtnan
kinain	kɪnaʔɪn
kinakapatid	kɪnaxɐpɐtid
kinakastigo	kɪnɐxɐstiɣo
kinalabasan	kɪnalɐbɐsan
kinalabit	kinalabit
kinalaman	kɪnɐlamɐn
kinamiyerkolesan	kɪnɐmjɛɾkolɛsɐn
kinanan	kʲiːnaːnɛn
kinang	kinaŋ
kinang	kɪnaŋ
kinastigo	kɪnɐstiɣo
kinatawan	kiːnˈatawaːn
kinatawan	kɪnɐtɐwan
kinatay	kinataj
kinauukulan	kɪnaʔʊʔʊxulɐn
kindat	kɪndat
kindat	kɪ̞nd̪at
king	kiŋ
kingke	kɪŋkɛ
kingpin	kimpɪn
kinig	kɪnig
kinigsipat	kɪnɪgsipɐt
kinigsulat	kɪnɪgsulɐt
kinina	kɪninɐ
kinokonsenti	kɪnoxonsɛnti
kinokontak	kɪnoxontɐk
kinonsenti	kɪnonsɛnti
kinontak	kɪnontɐk
kinse	kinsɛ
kintsay	kintʃaj
kintsay	kɪntʃaɪ̯
kinudkod	kɪnʊdkod
kinukudkod	kɪnʊxʊdkod
kinyang	kɪɲaŋ
kinyentos	kɪɲɛntos
kiníg	kinig
kipangkipang	kɪpɐŋkipɐŋ
kipot	kipot
kipot	kɪpot
kirey	kɪɾɛɪ̯
kiri	kiri̯
kirimpot	kɪɾɪmpot
kirot	kɪɾot
kisame	kisɐmɛ
kisame	kisəmɛ
kisap	kɪsap
kisapmata	kɪsapmɐta
kisay	kɪsaɪ̯
kisig	kisɪg
kisig	kɪsig
kiskis	kɪskis
kislap	kɪslap
kislot	kɪslot
kiso	kiso
kita	kitɐ
kita	kitɐʔ
kita	kɪta
kitaipon	kitɐʔɪpon
kitakits	kɪtɐxits
kitid	kitɪd
kitikiti	kɪtɪxɪti
kitil	kɪtil
kitir	kitɪɾ
kitse	kɪtʃɛ
kiyamoy	kjamoɪ̯
kiyampong	kjampoŋ
kiyaw	kiaʊ̯
kiyaw	kjaʊ̯
kiyeme	kjɛmɛ
kiyo	kjoʔ
kiyosko	kjosko
klabos	klabos
klarin	klɐɾin
klarinete	klɐɾɪnɛtɛ
klaripikasyon	klɐɾɪpɪxɐʃon
klaro	klaɾo
klaroskuro	klɐɾoskuɾo
klase	klasɛ
klasipikasyon	klɐsɪpɪxɐʃon
klerigo	klɛɾɪɣo
klima	klimɐ
klinik	klinɪk
klinika	klinɪxɐ
kliyente	kljɛntɛ
kliyentela	kljɛntɛlɐ
klorin	kloɾin
kloropila	kloɾopilɐ
kloropormo	kloɾopoɾmo
ko	ko
ko	koɑ̞
koa	koɐ
koa	kwɐ
koalisyon	koɐlɪʃon
koboy	koboɪ̯
kobra	kobɾɐ
kobrador	kobɾɐdoɾ
kodak	kodɐk
kodeina	kodɛɪ̯nɐ
kodeina	kodɛʔinɐ
kodeyna	kodɛɪ̯nɐ
kodigo	kodɪɣo
kodipikasyon	kodɪpɪxɐʃon
kognado	kognado
koji	kodʒɪ
kokaina	koxaɪ̯nɐ
kokaina	koxɐʔinɐ
kokak	koxɐk
kokang	koxɐŋ
kokontakin	koxontɐxin
kokote	koxotɛ
kokoy	koxoɪ̯
kokwa	kokwɐ
kolado	kolado
kolateral	kolɐtɛɾal
kolehiyal	kolɛhɪal
kolehiyala	kolɛhɪalɐ
kolehiyo	kolɛhɪo
kolektibo	kolɛktibo
kolera	kolɛɾɐ
koliplor	koljplor
koliplor	kolɪploɾ
kolitis	kolitɪs
kolmilyo	kolmiljo
kolombiya	kolombjɐ
kolonisasyon	kolonɪsɐʃon
kolonya	koloɲɐ
kolumnista	kolʊmnistɐ
komadre	komadɾɛ
komadrona	komɐdɾonɐ
komander	komandɛɾ
kombinasyon	kombɪnɐʃon
komedya	komɛdʒɐ
komedyante	komɛdʒantɛ
komemorasyon	komɛmoɾɐʃon
komentarista	komɛntɐɾistɐ
komentaryo	komɛntaɾjo
komento	komɛnto
komersiyo	komɛɾʃo
komersyo	komɛɾʃo
kometa	komɛtɐ
komiks	koniks
komisyon	komɪʃon
komisyon	kʊmɪʃon
komite	komɪtɛ
komonwelt	komonwɛlt
kompadre	kompadɾɛ
kompanya	kompɐɲa
kompartment	kompaɹtmɛnt
kompas	kompas
kompas	kompɐs
kompensasyon	kompɛnsɐʃon
kompetisyon	kompɛtɪʃon
kompiyuter	kompjutɛɾ
kompiyuteran	kompjutɛɾɐn
kompleto	komplɛto
komplikado	komplɪxado
komplikasyon	komplɪxɐʃon
kompone	komponɛ
kompone	kʊmpʊni
komposisyon	komposɪʃon
kompositor	komposɪtoɾ
kompresor	kompɾɛsoɾ
kompromiso	kompɾomiso
komprontasyon	kompɾontɐʃon
kompuwesto	kompwɛsto
kompyuter	kompjutɛɾ
kompyuteran	kompjutɛɾɐn
komunales	komʊnalɛs
komunidad	komʊnɪdad
komunikasyon	komʊnɪxɐʃon
komunismo	komʊnismo
komunista	komʊnistɐ
komunyon	komʊɲon
konde	kondɛ
kondena	kondɛna
kondenahin	kondɛnɐhin
kondensada	kondɛnsadɐ
kondesa	kondɛsa
kondesa	kondɛsɐ
kondimento	kondɪmɛnto
kondisyon	kondɪʃon
kondisyoner	kondiʃonɛɾ
kondo	kondo
kondolensiya	kondolɛnʃɐ
kondom	kondom
kondominyum	kondomiɲʊm
konduktor	kondʊktoɾ
konek	konɛk
koneksiyon	konɛkʃon
konekta	konɛkta
konektado	konɛktado
kong	koŋ
konggo	koŋgo
kongkreto	koŋkɾɛto
kongratulasyon	koŋgɾɐtʊlɐʃon
kongregasyon	koŋgɾɛɣɐʃon
kongresista	koŋgɾɛsistɐ
kongreso	kongɾɛsso
kongreso	koŋgɾɛso
konhuntibitis	konhʊntɪbitɪs
konotasyon	konotɐʃon
konsehal	konsɛhal
konsehala	konsɛhalɐ
konseho	konsɛho
konsensiya	konsɛnɪʃɐ
konsenti	konsɛnti
konsenti	kʊnsɪnti
konsentidor	konsɛntɪdoɾ
konsentidor	kʊnsɪntɪdoɾ
konsentidora	konsɛntɪdoɾɐ
konsentidora	kʊnsɪntɪdoɾɐ
konsentihin	konsɛntɪhin
konsentrasyon	konsɛntɾɐʃon
konserbatibo	konsɛɾbɐtibo
konserbatismo	konsɛɾbɐtismo
konserbatoryo	konsɛɾbɐtoɾjo
konsiderasyon	konsɪdɛɾɐʃon
konsiyensiya	konʃɛnʃɐ
konsiyumer	konʃumɛɾ
konsorte	konsoɾtɛ
konstable	konstablɛ
konstabularyo	konstɐbʊlaɾjo
konstelasyon	konstɛlɐʃon
konstitusyon	konstɪtʊʃon
konstruktibismo	konstɾʊktɪbismo
konsul	konsul
konsul	konsʊl
konsulado	konsʊlado
konsultant	konsultɐnt
konsumer	konsumɛɾ
konsumido	konsʊmido
konsumisyon	konsʊmɪʃon
konsumo	konsumo
konsuwelo	konswɛlo
konsyumer	konʃumɛɾ
kontador	kontɐdoɾ
kontak	kontɐk
kontakin	kontɐxin
kontento	kontɛnto
kontestant	kontɛstɐnt
konti	kontɪʔ
konti	kontˈiː
kontinente	kontɪnɛntɛ
kontorsiyonista	kontoɾʃonistɐ
kontra	kontɾɐ
kontrabando	kontɾɐbando
kontrabida	kontɾɐbidɐ
kontralason	kontɾɐlason
kontrasenyas	kontɾɐsɛɲɐs
kontrata	kontraˈta
kontrata	kontɾatɐ
kontratista	kontɾɐtistɐ
kontribusyon	kontɾɪbʊʃon
kontrobersiya	kontɾobɛɾsiɐ
kontrobersiya	kontɾobɛɾʃɐ
kontsaba	kontʃabɐ
kontsabahan	kontʃɐbɐhan
konyak	koɲak
konyo	koɲo
kooperasyon	koʔopɛɾɐʃon
kooperatiba	koʔopɛɾɐtibɐ
koordinasyon	koʔoɾdɪnɐʃon
kopas	kopɐs
kopina	kopinɐ
kopino	kopino
kopo	kopo
kopon	kopon
koponan	koponan
koponan	koːpoːnan
kopong	kopoŋ
kopra	kopɾɐ
kopya	kopjɐ
kopyahin	kopjɐhin
kopyur	kopjʊɾ
koral	koɾal
korap	koɾap
korapsiyon	koɾɐpʃon
kordero	koɾdɛɾo
korea	koɾiɐ
korea	koɾɛɐ
koreana	koɾjanɐ
koreana	koɾɛanɐ
koreano	koɾjano
koreano	koɾɛano
koredor	koɾɛdoɾ
koreksiyonal	koɾɛkʃonal
koreksiyonal	koɾɛkʃonɐl
koreksyonal	koɾɛkʃonɐl
koreo	koɾɛo
koreograpiya	koɾɛogɾɐpiɐ
korido	koɾido
korinto	koɾinto
korista	ko˥˩ːrista˥˩
korni	koɾnɪ
kornik	koɾnɪk
koro	koro
korola	koɾolɐ
korona	koɾonɐ
koronadal	koɾonɐdal
koronahan	koɾonahɐn
koronel	koɾonɛl
korporal	koɾpoɾal
korporasyon	koɾpoɾɐʃon
korse	koɾsɛ
korte	koɾtɛ
kortesiya	koɾtɛsiɐ
kortina	koɾtinɐ
kortosirkuwito	koɾtosɪɾkwito
korupsiyon	koɾʊpʃon
koryente	koɾjɛntɛ
kosta	kostɐ
kostado	kostado
kostal	kostal
kostumer	kostʊmɛɾ
kota	kotɐ
kotamaya	kotɐmajɐ
koteho	kotɛho
kotilyon	kotɪljon
kotong	koton
kotong	kotoŋ
kotse	kotsɛ
kotse	kotʃɛ
koyo	kojo
koyote	kojotɛ
krayola	kɾɐjolɐ
kredensiyal	kɾɛdɛnʃal
kredibilidad	kɾɛdɪbɪlɪdad
krema	kɾɛmɐ
kremasyon	kɾɛmɐʃon
krematoryo	kɾɛmɐtoɾjo
kriket	kɾixɛt
krimen	kɾimɛn
krimen	kɾɪmɛn
kriminal	kɾɪmɪnal
kriminalidad	kɾɪmɪnɐlɪdad
kriminolohiya	kɾɪmɪnolohiɐ
kriminolohiya	kɾɪmɪnolohɪɐ
kring	kɾiŋ
krisantemo	kɾɪsɐntɛmo
krisis	kɹˈisɪs
krisma	kɾismɐ
kristal	kɾestal
kristal	kɾɪstal
kristiyanismo	kɾɪstʃɐnismo
kristiyano	kɾɪstʃano
kristo	kɾisto
kritikal	kɾɪtɪxal
kritiko	kɾitɪxo
kritisismo	kɾɪtɪsismo
kroasya	kɾoaʃɐ
kromatina	kɾomɐtinɐ
kromosoma	kɾomosomɐ
kroni	kɾonɪ
kroniismo	kɾonɪismo
kroniyismo	kɾonɪismo
kronolohiya	kɾonolohiɐ
kropek	kropɛk
kropek	kɾopɛk
krus	kɾus
krusipiho	kɾʊsɪpiho
kua	kuɐ
kua	kwɐ
kuba	kubɐ
kuba	kubɐʔ
kubakob	kʊbɐxob
kubeta	kʊbɛtɐ
kubil	kʊbil
kubkob	kʊbkob
kubli	kɔˈbli
kubli	kʊbli
kubnugin	kʊbnuɣɪn
kubo	kubo
kubra	kʊbɾa
kubrador	kʊbɾɐdoɾ
kubrekama	kʊbɾɛxamɐ
kubtangkas	kʊbtɐŋkas
kubyertos	kʊbjɛɾtos
kuda	kʊdaʔ
kudeta	kudɛtɐ
kudkod	kʊdkod
kudkurin	kudkuɾɪn
kudkurin	kʊdkʊɾin
kudlit	kʊdlit
kudlong	kʊdloŋ
kugita	kʊɣitɐʔ
kugon	kuɣon
kugon	kʊɣon
kuha	kuhɐ
kuha	kuhɐʔ
kuha	kʊha
kuhanan	kʊhanɐn
kuhila	kʊhilɐʔ
kuhila	kʊhɪlaʔ
kuhol	kʊhol
kukis	kuxɪs
kuko	kuxoʔ
kuko	kʊxo
kukote	kʊxotɛ
kukudkurin	kʊxʊdkʊɾin
kukuha	kʊxuhɐ
kukuha	kʊxuhɐʔ
kukunan	kʊxunɐn
kukunan	kʊxʊnan
kukunin	ko˩˥ːku˥˩ːnim˨˩
kukupas	kʊxupɐs
kula	kulɐ
kula	kʊla
kulabo	kʊlaboʔ
kulabo	kʊlɐboʔ
kulago	kʊlɐɣo
kulakling	kʊlɐkliŋ
kulaknit	kʊlɐknit
kulalaying	kʊlɐlɐjiŋ
kulam	kalam
kulam	kulɐm
kulambo	kʊlɐmboʔ
kulang	kulɐŋ
kulang	kulˈaŋ
kulangin	kulaŋiŋ
kulangot	kʊlaŋot
kulani	kʊlanɪʔ
kulantro	kʊlantɾo
kulantro	kʊlɐntɾo
kulap	kulɐp
kulapnit	kʊlɐpnit
kulas	kulɐs
kulas	kʊlas
kulasi	kʊlasɛ
kulasi	kʊlasɪ
kulasim	kʊlɐsim
kulasisi	kʊlɐsisɪ
kulasisi	kʊlɐsisɪʔ
kulat	kulɐt
kulata	kʊlatɐ
kulata	kʊlatɐʔ
kulatahin	kʊlɐtahɪn
kulatain	kʊlɐtaʔɪn
kulaw	kʊlaʊ̯
kulawin	kʊlɐwin
kulawo	kʊlawoʔ
kulay	kuːlajˈ
kulayin	kulajɪn
kulayin	kʊlɐjin
kulaylawas	kʊlaɪ̯lawɐs
kulayo	kʊlajo
kulayputol	kʊlaɪ̯putol
kulaysukat	kʊlaɪ̯suxɐt
kulelat	kʊlɛlɐt
kulig	kʊlig
kuliglig	kuliglig
kuliglig	kʊlɪglig
kulilipaw	kʊlɪlipaʊ̯
kulilis	kʊlilɪs
kulimba	kʊlɪmbaʔ
kulimbat	kʊlɪmbat
kulimlim	kʊlɪmlim
kulinarya	kʊlɪnaɾjɐ
kulintang	kʊlɪntaŋ
kulisap	kuːliːsap
kulisap	kʊlisɐp
kulisaw	kʊlisaʊ̯
kulit	kuliːb
kulit	kulɪt
kulit	kʊlit
kulitis	kʊlitɪs
kulo	kulo
kulo	kʊlo
kulo	kʊloʔ
kulob	kulob
kulob	kʊlob
kulog	kʊlog
kulong	kuliŋ
kulong	kʊloŋ
kulos	kʊlos
kulot	kulot
kulot	kʰʊˈlɔːt
kulpuralis	kʊlpʊɾalɪs
kulto	kulto
kulto	kʊlto
kultura	kultˈuɾa
kultura	kʊltuɾɐ
kulubong	kʊlʊboŋ
kulubot	kʊlʊbot
kulugo	kʊlʊɣo
kulungan	koːloːngan
kulungan	kuluŋɐn
kulunoy	kʊlʊnoɪ̯
kuluntoy	kʊlʊntoɪ̯
kulyawan	kʊljawɐn
kulóg	kulˈog
kumabig	kʊmabɪg
kumagat	komagot
kumagat	kʊmɐɣat
kumahog	kʊmɐhog
kumain	kɔmaːin
kumain	kʊmaʔɪn
kumakabig	kʊmɐxabɪg
kumakain	kʊmɐxaʔɪn
kumakatok	kʰʊmaː˧kra˨˩tok˦˥
kumalas	kumˈlas
kumalat	kʊmalɐt
kumaliwa	kumaliwaa
kumampi	kʊmɐmpi
kumanan	kumaːnɔ̀n
kumanan	kʊmanɐn
kumander	kʊmandɛɾ
kumanta	kʊmɐnta
kumapal	kʊmɐpal
kumapit	kʊmapɪt
kumare	kʊmaɾɛ
kumaripas	kʊmɐɾipɐs
kumati	kumati
kumayod	kʊmajod
kumbaba	kumbaba
kumbaga	kʊmbɐɣa
kumbensiyon	kʊmbɛnʃon
kumbensiyonal	kʊmbɛnʃonal
kumbento	kʊmbɛnto
kumbida	kʊmbɪda
kumbinsi	kʊmbɪnsi
kumbinsido	kʊmbɪnsido
kumbinsihin	kʊmbɪnsɪhin
kumbulsiyon	kʊmbʊlʃon
kumidlat	kʊmɪdlat
kumikita	kumikita
kumiko	kʊmixo
kumilos	umilos
kuminoy	kʊmɪnoɪ̯
kumintab	kʊmɪntab
kumintang	kʊmɪntaŋ
kumislap	komislaβ̞
kumislot	kʊmɪslot
kumita	kumita
kumitil	kʊmɪtil
kumot	kumot
kumpare	kʊmpaɾɛ
kumpas	kompas
kumpas	kʊmpas
kumpensasyon	kʊmpɛnsɐʃon
kumpidensiyal	kʊmpɪdɛnʃal
kumpidensyal	kʊmpɪdɛnʃal
kumpil	kʊmpil
kumpilma	kʊmpɪlma
kumpirma	kʊmpɪɾma
kumpirmado	kʊmpɪɾmado
kumpirmasyon	kʊmpɪɾmɐʃon
kumpisal	kʊmpɪsal
kumpiska	kʊmpɪska
kumpiyansa	kʊmpjansɐ
kumporme	kʊmpoɾmɛ
kumprontasyon	kʊmpɾontɐʃon
kumpulan	kʊmpulɐn
kumpuni	kʊmpʊni
kumpurmi	kʊmpuɾmɪ
kumpyansa	kʊmpjansɐ
kumuha	kʊmuhɐ
kumuha	kʊmuhɐʔ
kumukuha	kʊmʊxuhɐ
kumukuha	kʊmʊxuhɐʔ
kumukupas	kʊmʊxupɐs
kumukutikutitap	ko˥˩moko˥˩tiːko˥˩tiːtab
kumulang	kʊmulɐŋ
kumulimlim	kʊmʊlɪmlim
kumulo	kʊmʊloʔ
kumulog	kʊmʊlog
kumunoy	kʊmʊnoɪ̯
kumupas	kʊmupɐs
kumurason	kʊmʊɾɐson
kumusta	komusda
kumusta	kʊmʊsta
kumutan	kʊmutɐn
kumuyakoy	kʊmʊjaxoɪ̯
kun	kun
kunan	kunɐn
kunat	kunɐt
kundangan	kʊndaŋɐn
kundena	kʊndɛna
kundi	kundi
kundi	kundɪʔ
kundi	kʊndiʔ
kundiman	kʊndimɐn
kundiman	kʰun˧˥tiː˥˩man˥˩
kundol	kʊndol
kuneho	kʊnɛho
kuneksyon	kʊnɛkʃon
kung	kũŋ
kung	kʊŋ
kungyari	kʊŋjaɾɛʔ
kungyari	kʊŋjaɾɪʔ
kuniko	kʊnixo
kunin	kunɪn
kuno	kʊno
kunsi	kʊnsiʔ
kunsiderasyon	kʊnsɪdɛɾɐʃon
kunsinti	kʊnsɪnti
kunsintidor	kʊnsɪntɪdoɾ
kunsintidora	kʊnsɪntɪdoɾɐ
kunsintihin	kʊnsɪntɪhin
kunsumido	kʊnsʊmido
kunsumisyon	kʊnsʊmɪʃon
kunsumo	kʊnsumo
kuntador	kʊntɐdoɾ
kuntsaba	kʊntʃabɐ
kuntsabahan	kʊntʃɐbɐhan
kunwa	kʊnwaʔ
kunwari	kwnwari
kunwari	kʊnwaɾɛʔ
kunwari	kʊnwaɾɪʔ
kunyari	kʊɲaɾɛʔ
kunyari	kʊɲaɾɪʔ
kupad	kupɐd
kupal	kupal
kupal	kupɐl
kupang	kupɐŋ
kupas	kupɐs
kupas	kʊpas
kupete	kʊpɛtɛ
kupi	kupɪʔ
kupi	kʊpi
kupido	kupɪdo
kuping	kupɪŋ
kuping	kʊpiŋ
kupit	kupɪt
kupkop	kʊp˨˩kɔp˥
kupkupin	kupkupin
kupo	kupo
kupo	kupoʔ
kupon	kʊpon
kupong	kupoŋ
kupya	kupjɐ
kupya	kʊpjaʔ
kura	kuɾɐ
kura	kuɾɐʔ
kurag	kuɾɐg
kurakot	kʊɾaxot
kural	kʊɾal
kuramos	kʊɾamos
kurap	kʊɾap
kurarap	kʊɾaɾɐp
kurason	kʊɾɐson
kurasunin	kʊɾɐsʊnin
kurba	kʊɾba
kurba	kˌuɾβa
kurbada	kʊɾbadɐ
kurbata	kʊɾbatɐ
kurikan	kʊɾɪxan
kurikong	kʊɾɪxoŋ
kurikulum	kʊɾixʊlʊm
kuripot	kʊɾipot
kurisma	kʊɾismɐ
kurisma	kʊɾɪsma
kurita	kʊɾitɐ
kuro	kuɾoʔ
kuros	kʊɾos
kurot	kʊrot
kurot	kʊɾot
kurse	kʊɾsɛ
kursilista	kʊɾsɪlistɐ
kursilyista	kʊɾsɪljistɐ
kursilyo	kʊɾsiljo
kurso	kuɾso
kurso	kʊɾso
kursonada	kʊɾsonadɐ
kursunada	kʊɾsʊnadɐ
kurtina	koɾtina
kurtina	kʊɾtinɐ
kurukya	kʊɾʊkjaʔ
kurus	kʊɾus
kuryente	kʊɾjɛntɛ
kuryosidad	kʊɾjosɪdad
kuryusidad	kʊɾjʊsɪdad
kusa	kusɐʔ
kusi	kʊsi
kusilba	kʊsɪlba
kusim	kʊsim
kusin	kʊsin
kusina	kʊsinɐ
kusina	kʊsinɐʔ
kusinera	kʊsɪnɛɾɐ
kusinero	kʊsɪnɛɾo
kusing	kʊsiŋ
kusinilya	kʊsɪniljɐ
kuskos	kʊskos
kuskusin	kʊskʊsin
kusot	kusot
kusot	kʊsot
kustable	kʊstablɛ
kustabularyo	kʊstɐbʊlaɾjo
kustal	kʊstal
kustodiya	kʊstodiɐ
kustodiya	kʊstodʒɐ
kustodya	kʊstodʒɐ
kustomer	kustomɛɾ
kuta	kuta
kuta	kutɐ
kuta	kutɐʔ
kutab	kutɐb
kutab	kʊtab
kutad	kutɐd
kutad	kʊtad
kutamaya	kʊtɐmajɐ
kuteho	kʊtɛho
kutiltil	kʊtɪltil
kuting	kuːtiːŋ
kuting	kʊtiŋ
kutingting	kʊtɪntiŋ
kutingtingin	kʊtɪntɪŋin
kutipaw	kʊtɪpaʊ̯
kutipyo	kʊtɪpjo
kutis	kutis
kutis	kutɪs
kutitap	kʊtitɐp
kutkot	kʊtkot
kuto	kuto
kuto	kʊtoʔ
kutob	kʊtob
kutog	kʊtog
kuton	kʊton
kutong	kotoŋ
kutong	kutoŋ
kutos	kʊtos
kutsabahan	kʊtʃɐbɐhan
kutsada	kʊtʃadɐ
kutsara	kʊtsaɾɐ
kutsara	kʊtʃaɾɐ
kutsara	kʊtʃaɾɐʔ
kutsarahin	kʊtʃɐɾahɪn
kutsarita	kʊtʃɐɾitɐ
kutsaritahin	kʊtʃɐɾɪtahɪn
kutsero	kʊtʃɛɾo
kutsilyo	kʊtʃiljo
kutsinta	kʊtʃɪntaʔ
kutson	kutʃɔn
kutson	kʊtʃon
kutsukutso	kʊtʃuxʊtʃo
kutya	kʊtʃaʔ
kutyain	kut̪jɑʔiːn
kutyog	kutʃog
kuwaderno	kwɐdɛɾno
kuwadra	kwadɾɐ
kuwadra	kwɐdɾa
kuwadrado	kwɐdɾado
kuwadrilatero	kwɐdɾɪlatɛɾo
kuwadrilya	kwɐdɾiljɐ
kuwadrilyon	kwɐdɾɪljon
kuwadro	kwadɾo
kuwadrupedo	kwɐdɾupɛdo
kuwago	kwaɣo
kuwaho	kwaho
kuwak	kwak
kuwako	kwaxo
kuwalipikasyon	kwɐlɪpɪxɐʃon
kuwalta	kwɐlta
kuwan	kwan
kuwapaw	kwapaʊ̯
kuwarenta	kwɐɾɛntɐ
kuwarentena	kwɐɾɛntɛnɐ
kuwarentenas	kwɐɾɛntɛnɐs
kuwaresma	kwɐɾɛsmɐ
kuwarso	kwaɾso
kuwarta	kwaɾtɐ
kuwartel	kwɐɾtɛl
kuwarteto	kwɐɾtɛto
kuwarto	kwaɾto
kuwatro	kwatɾo
kuweba	kwɛbɐ
kuwekong	kwɛxoŋ
kuwela	kwɛlɐ
kuwelyo	kwɛljo
kuwenta	kwɛnta
kuwenta	kwɛntɐ
kuwento	kwˈɛnto
kuwerbo	kwɛɾbo
kuwerdas	kwɛɾdɐs
kuwestiyon	kwɛstʃon
kuwestiyonable	kwɛstʃonablɛ
kuwidaw	kwɪdaʊ̯
kuwintas	kwintas
kuwit	kwit
kuwitib	kwitɪb
kuwitis	kwitɪs
kuya	kujɐ
kuya	kujˈa
kuyakoy	kʊjaxoɪ̯
kuyaw	kujaʊ̯
kuyog	kujog
kuyom	kujom
kuyom	kʊjom
kuys	kuɪ̯s
kuyugin	kʊjuɣɪn
kuyukot	kʊjʊxot
kuyumad	kʊjʊmad
kuyumpit	kʊjʊmpit
kwenta	kwɛntɐ
kwok	kwok
kyoko	kjoxo
kyusi	kjusɪ
kyut	kjut
kyutikel	kjutɪxɛl
kyutiks	kjutɪks
l	l
l	lɐ
l	ʔɛl
la	lɐ
laab	lɐba
laan	lɐʔan
laas	lɐʔas
laba	labɐ
laba	labɐʔ
laba	lɐba
laba	lɐbaʔ
lababo	lɐbabo
labada	lɐbadɐ
labadora	lɐbɐdoɾɐ
labag	lɐbag
labaha	lɐbahɐ
labahan	labahɐn
labahan	laːbaːhɐn
labahan	lɐbɐhan
labahin	labahɪn
labahita	labaħiːta
labak	lɐbak
labakara	lɐbɐxaɾɐ
laban	labɐn
laban	laːbal
labanan	labanan
labandera	lɐbɐndɛɾɐ
labanderiya	lɐbandɛɾiɐ
labandero	lɐbɐndɛɾo
labanos	labˈanˈosˈ
labanos	lɐbɐnos
labas	labas
labas	labɐs
labas	lɐbas
labasan	labasɐn
labasan	lɐbɐsan
labaskaphay	lɐbɐskɐphaɪ̯
labastida	lɐbɐstidɐ
labatiba	lɐbɐtibɐ
labaw	labaʊ̯
labawliknayan	lɐbaʊ̯lɪknajɐn
labawsugnayan	lɐbaʊ̯sʊgnajɐn
laberinto	lɐbɛɾinto
labhan	lɐbhan
labi	labi
labi	labɪʔ
labi	lɐbi
labimpito	lɐbɪmpɪto
labindalawa	lɐbindɐlɐwa
labindalawa	lɐbɪndɐlɐwa
labing	labɪŋ
labing	lɐbiŋ
labingwalo	lɐbɪŋwɐlo
labinlima	labiːnlimaː
labinlima	lɐbinlɪma
labinlima	lɐbɪnlɪma
labintador	lɐbɪntɐdoɾ
labintatlo	lɐbintɐtlo
labintatlo	lɐbɪntɐtlo
labintatló	labintat̪lo
labis	labis
labis	labɪs
lablab	lɐblab
labnaw	lɐbnaʊ̯
labnot	lɐbnot
labo	labo
labo	laboʔ
labo	lɐbo
labo	lɐboʔ
labon	labon
labon	lɐbon
labong	lɐboŋ
laboratoryo	lɐboɾɐtoɾjo
laboy	laboɪ̯
labso	lɐbsoʔ
labtik	lɐbtik
labuyo	labwio
labuyo	lɐbujoʔ
lacandola	lɐxɐndolɐ
lacap	lɐxap
lacerna	lɐsɛɾnɐ
lacsamana	lɐksɐmanɐ
lacson	lakson
lacub	lakub
ladlad	lɐdlad
ladrilyo	lɐdɾiljo
ladya	ladʒɐ
ladya	lɐdʒaʔ
laga	laɣɐʔ
laga	lˈagɑ
lagablab	lɐɣɐblab
lagabog	lɐɣɐbog
lagak	lɐɣak
lagaklak	lɐɣɐklak
lagalag	lɐɣalɐg
laganap	lagaːnap
laganap	lɐɣanɐp
laganas	lɐɣɐnas
lagap	lɐɣap
lagapak	lɐɣɐpak
lagari	lɐɣaɾɛʔ
lagari	lɐɣaɾɪʔ
lagari	lɐɣɐɾiʔ
lagari	lɐɣɐɾɛʔ
lagas	laɣɐs
lagas	lɐɣas
lagaslas	lagaslas
lagaslas	lɐɣɐslas
lagay	lɐɣaɪ̯
lagayan	laɣajɐn
lagayan	laːgaːjˈæn
lagayan	lɐɣɐjan
lagaylay	lɐɣaɪ̯laɪ̯
lagda	lɐgdaʔ
lagdaan	lɐgdɐʔan
lagdameo	lɐgdɐmɛo
lagi	lagge
lagi	laɣɛ
lagi	laɣɪ
lagi	laɣ̞ue
lagibas	lɐɣɪbas
lagikway	lɐɣɪkwaɪ̯
lagim	lɐɣim
laginit	lɐɣɪnit
lagis	lɐɣis
lagitik	lɐɣɪtik
lagitlit	lɐɣɪtlit
lagkit	lɐgkit
laglag	laglag
laglag	lɐglag
lagmak	lɐgmak
lagman	lɐgman
lagmay	lɐgmaɪ̯
lagnat	lɐgnat
lagnatin	lagnatɪn
lagnatin	laɣnatiːn
lagnatin	lɐgnɐtin
lago	laɣo
lago	lɐɣoʔ
lagod	laɣod
lagod	lɐɣod
lagok	lagˈo
lagok	lɐɣok
lagom	laɣom
lagong	laɣoŋ
lagos	lɐɣos
lagot	lɐɣot
lagot	lˈagːos
lagpak	lɐgpak
lagpak	lɑgpˈak
lagpas	lɐgpas
lagsang	lɐgsaŋ
lagumba	lɐɣʊmba
lagumlalangin	lɐɣʊmlɐlaŋɪn
lagumlalangin	lɐɣʊmlɐlɐŋin
laguna	lɐɣunɐ
lagunda	lɐɣundɐ
lagunday	lɐɣʊndaɪ̯
lagundi	lɐɣʊndiʔ
lagusan	laglʊsane
lagusan	lagosan
lagusan	laɣusɐn
lagusan	lɐɣʊsan
lagutok	lɐɣʊtok
laguyo	lɐɣujoʔ
lagwat	lɐgwat
lagwerta	lɐgwɛɾtɐ
lagyan	lɐgjan
lahad	lahɐd
lahad	lɐhad
lahar	lahɐɾ
lahar	lɐhaɾ
lahat	lɐhat
lahatan	la˦˥ha˥˥tan˧˧
lahi	lahɪʔ
lahi	laːħiː
lahid	lahɪd
lahok	lɐhok
lahoy	lahoɪ̯
lain	laʔɪn
lait	laʔɪt
laitin	lɐʔitɪn
lakad	laqad
lakad	laxɐd
lakad	lɐxad
lakambini	lɐxɐmbinɪ
lakan	lɐxan
lakandiwa	lɐxɐndiwɐʔ
lakansugo	lɐxɐnsuɣoʔ
lakas	laqas
lakas	lɐxas
lakatan	lakat̪ant̪
lakatan	lɐxɐtan
lakaya	lɐxajɐ
lakbay	laqibaj
lakbay	lɐkbaɪ̯
lakdang	lɐkdaŋ
lakdaw	lɐkdaʊ̯
lakdawkaphay	lɐkdaʊ̯xɐphaɪ̯
lakdawyugto	lɐkdaʊ̯jʊgtoʔ
lakhan	lɐkhan
laki	lɐxi
laki	lɐxɛ
lakihan	lɐxɪhan
lakip	laxɪp
lakip	lɐxip
lakit	laxɪt
laklak	lɐklak
lako	laxoʔ
lako	lɐxo
lakre	lakɾɛ
laksa	laksɐ
laksa	lɐksa
laksamana	lɐksɐmanɐ
laksante	lɐksantɛ
laksatiba	lɐksɐtibɐ
laksâ	laːk˧saː
laktaw	lɐktaʊ̯
laktosa	lɐktosɐ
lakwatsa	lɐkwatʃɐ
lakwatsera	lɐkwɐtʃɛɾɐ
lakwatsero	lɐkwɐtʃɛɾo
lala	lalɐ
lala	lalɐʔ
lala	lɐla
lala	lɐlaʔ
lalab	lalɐb
lalaban	lɐlabɐn
lalabas	lɐlɐbas
lalad	lɐlad
lalagukan	lɐlɐɣuxɐn
lalagukan	lɐlɐɣʊxan
lalagyan	lalaɣ̞jæn
lalagyan	lalɐgjan
lalagyan	lɐlɐgjan
lalaki	lɐlaxɛ
lalaki	lɐlaxɪ
lalaki	lɐlɐxi
lalaki	lɐlɐxɛ
lalamunan	lalamonaːn
lalamunan	lɐlɐmunɐn
lalan	lɐlan
lalang	lɐlaŋ
lalanghutan	lɐlɐŋhutɐn
lalanghutan	lɐlɐŋhʊtan
lalawigan	lɐlɐwiɣɐn
lalay	lɐlaɪ̯
lali	lalɪ
lalik	lalɪk
lalim	lalim
lalim	lalɪm
lalin	lalɪn
lalo	laloʔ
lam	lam
lamad	lamɐd
laman	laman
laman	lɐman
lamang	laman
lamang	lamɐŋ
lamang	lɐmaŋ
lamas	lamɐs
lamas	lɐmas
lamasin	lɐmasɪn
lamat	lamɐt
lamay	lamaɪ̯
lamba	lɐmba
lamba	lɐmbaʔ
lambak	lamˈbaː
lambak	lɐmbak
lambal	lɐmbal
lambana	lɐmbɐnaʔ
lambang	lɐmbaŋ
lambanog	lmbanog
lambanog	lɐmbanog
lambanog	lɐmbɐnog
lambat	lamˈbat
lambat	lãmbat
lambat	lɐmbat
lambayog	lɐmbajog
lambing	lɐmbiŋ
lambing	lɑmbiŋ
lambitin	lambitin
lambitin	lɐmbitɪn
lambot	lɐmbot
lambutsi	lɐmbutʃɪ
lambutsingan	lambʊtʃiŋɐn
lamesa	lɐmɛsɐ
lamesita	lɐmɛsitɐ
lamig	lamɛʒ
lamig	lɐmig
lamig	lɐmɛg
lamira	lɐmiɾɐʔ
lamira	lɐmɪɾaʔ
lamlam	lamlam
lamo	lamoʔ
lamod	lamod
lamog	lɐmog
lamok	lɐmok
lamon	lamon
lamos	lamos
lampa	lɐmpa
lampara	lampara
lampara	lampɐɾɐ
lampas	lɐmpas
lampaso	lɐmpaso
lampik	lɐmpik
lampin	lɐmpin
lampong	lɐmpoŋ
lamuga	lɐmuɣɐʔ
lamukos	lɐmuxos
lamukos	lɐmʊxos
lamuymoy	lɐmʊɪ̯moɪ̯
lamyerda	lɐmjɛɾdɐ
lana	lanɐ
lanab	lanɐb
lanao	lanaʊ̯
lanao	lɐnaʊ̯
lanap	lanɐp
lanap	lɐnap
lanaw	lanaʊ̯
lanay	lanaɪ̯
landa	lɐnda
landang	lɐndaŋ
landas	landɐs
landas	lndas
landas	lɐndas
landit	lɐndit
landrito	lɐndɾito
lang	laŋ
langal	lɐŋal
langaray	lɐŋaɾaɪ̯
langasngas	lɐŋɐsŋas
langaw	laŋaʊ̯
langawin	lɐŋawɪn
langayak	lɐŋɐjak
langgam	laŋgɐm
langgam	lɐŋgam
langgas	lɐŋgas
langgonisa	lɐŋgonisɐ
langgotse	lɐŋgotʃɛ
langhap	lɐŋhap
langhapan	lɐŋhapɐn
langib	lɐŋib
langiden	laŋ˨˩i˥˩den˨˩
langil	laŋɪl
langis	lɐŋis
langit	laŋit
langit	laŋɪt
langitngit	lɐŋɪtŋit
langka	lŋka
langka	lɐŋkaʔ
langkaan	lɐŋkaʔɐn
langkal	lɐŋkal
langkap	lɐŋkap
langkas	lɐŋkas
langkaw	lɐŋkaʊ̯
langkay	lɐŋkaɪ̯
langkayan	lɐŋkajɐn
langkiwa	lɐŋkiwɐʔ
lango	lɐŋo
langyot	lɐŋjot
lanip	lanɪp
lanip	lɐnip
lanlan	lɐnlan
lansa	lansɐ
lansa	lɐnsa
lansang	lɐnsaŋ
lansangan	lɐnsaŋɐn
lansina	lɐnsinɐʔ
lansones	lɐnsonɛs
lansong	lɐnsoŋ
lansungan	lɐnsuŋɐn
lanta	lanta˧
lanta	lɐnta
lantad	lɐntad
lantaga	lantaga
lantak	lɐntak
lantaka	lɐntaxɐʔ
lantana	lɐntanɐʔ
lantay	lɐntaɪ̯
lantican	lɐntixɐn
lanting	lɐntiŋ
lantod	lɐntod
lantong	lɐntoŋ
lantot	lɐntot
lantsa	lantʃɐ
lantsa	nantʃa
lantutay	lɐntutaɪ̯
lanubo	lɐnuboʔ
lanunab	lɐnunɐb
lanuza	lɐnusɐ
lanuza	lɐnuzɐ
lanzones	landzonis
lao	laʊ̯
laoag	lɐwag
laon	laʔon
laon	lɐʔon
laos	laʔos
laot	laʔot
lapa	lapɐʔ
lapa	lɐpaʔ
lapaan	lapaʔɐn
lapaan	lɐpɐʔan
lapad	lapa˥n˥
lapad	lapɐd
lapad	lɐpad
lapag	lapag
lapag	lɐpag
lapain	lɐpaʔɪn
lapas	lɐpas
lapastangan	lɐpɐstaŋɐn
lapastanganin	lɐpɐstɐŋanɪn
lapat	lapɐt
lapat	lɐpat
lapeña	lɐpɛɲɐ
lapi	dʒapj
lapi	lapɪʔ
lapida	lapɪdɐ
lapig	lapɪg
laping	lɐpiŋ
lapirot	lɐpiɾot
lapirot	lɐpɪɾot
lapis	prapis
lapisa	lɐpɪsaʔ
lapit	lapɪt
lapit	lɐpit
lapit	lɐpɛt
lapitan	lɐpitɐn
laplap	lɐplap
lapnis	lɐpnis
lapnit	lɐpnit
lapnos	lɐpnos
lapok	lapok
lapok	lɐpok
lapot	lapot
laptrip	laptɾɪp
lapulapu	lapʊlapʊ
lapurit	lɐpuɾɪt
lapurit	lɐpʊɾit
lapuz	lapʊs
lapya	lɐpjaʔ
lapyad	lɐpjad
lara	laɾɐʔ
larang	laɾɐŋ
larangan	laraːŋan
larangan	lɐɾaŋɐn
larawan	lɐɾawɐn
laray	laɾaɪ̯
lardizabal	lɐɾdɪzɐbal
larga	laɾgɐ
larga	lɐɾga
laris	lɐɾis
laro	lɐɾo
laro	lɐɾoʔ
larot	lɐɾot
laroy	laɾoɪ̯
laroy	lɐɾoɪ̯
larrazabal	lɐɾɐsɐbal
larrazabal	lɐɾɐzɐbal
laruan	laɾʊʔan
lasa	lasa
lasa	lasɐ
lasa	lasɐʔ
lasa	lɐsaʔ
lasak	lasɐk
lasak	lɐsak
lasam	lɐsam
lasap	lɐsap
lasaw	lasaʊ̯
lasaw	lɐsaʊ̯
lascano	lɐskano
lasenggera	lɐsɛŋgɛɾɐ
lasenggero	lɐsɛŋgɛɾo
lasenggo	lɐsɛŋgo
lasgas	lɐsgas
lasing	lɐsiŋ
lasinggera	lɐsɪŋgɛɾɐ
lasinggero	lɐsɪŋgɛɾo
lasingin	lɐsɪŋin
laskuta	lɐskutɐʔ
laslas	lɐslas
laso	laso
laso	lasoʔ
laso	lɐsoʔ
lasog	lɐsog
lason	lason
laspag	lɐspag
lastag	lɐstag
lastay	lɐstaɪ̯
lastiko	lastɪxo
lastimosa	lɐstɪmosɐ
lasuna	lɐsʊna
lasuna	lɐsʊnaʔ
lasunin	lɐsunɪn
laswa	lɐswaʔ
lata	latɐ
lata	lɐtaʔ
lata	zata
latag	latɐg
latag	lɐtag
latak	latɐk
latak	latˈaːk
latak	lɐtak
latay	lataɪ̯
latay	laːt̪ai̯
lataya	lɐtajɐ
latayan	lɐtajɐn
lathala	lɐthalɐʔ
lathala	lɐthɐlaʔ
lathalain	lɐthɐlɐʔin
lati	latɪʔ
latigo	latɪɣo
latik	lɐtik
latin	lɐtin
latitud	lɐtɪtud
lato	atˈo
lato	lɐto
lato	lɐtoʔ
latok	latok
latok	lɐtok
latoy	lɐtoɪ̯
latundan	lɐtʊndan
laude	laʊ̯dɛ
laurel	laʊ̯ɾɛl
lauriat	loɾjɐt
lautinco	laʊ̯tiŋko
lauya	lɐʔujɐ
laviña	lɐviɲɐ
lawa	lawɐʔ
lawaan	lɐwɐʔan
lawag	lɐwag
lawak	lawɐk
lawas	lawɐs
laway	lawaɪ̯
lawi	lɐwi
lawig	lawɪg
lawig	lɐwig
lawin	lawɪn
lawing	lɐwiŋ
lawit	lawɪt
lawit	lɐwit
lawlaw	laʊ̯laʊ̯
lawrel	laʊ̯ɾɛl
lawulta	lɐwʊlta
laxamana	lɐksɐmanɐ
laya	laja
laya	lajɐ
laya	lajɐʔ
laya	lɐjaʔ
layag	lajɐg
layag	lajˈag
layag	lɐjag
layagan	laiagon
layak	lɐjak
layas	lajɐs
layas	lɐjas
layaw	lajaʊ̯
layaw	lɐjaʊ̯
laygo	laɪ̯ɣo
laylagnat	laɪ̯lɐgnat
laylayan	laɪ̯lajɐn
laylo	laɪ̯lo
layno	laɪ̯no
layo	lajo
layo	lajoʔ
layo	lɐjoʔ
layog	lajog
layon	lajon
layon	lion
layon	lɐjon
layson	laɪ̯son
layunin	lɐjunɪn
laywan	laɪ̯wan
lazaro	lasɐɾo
lazaro	lazɐɾo
lazarte	lɐzaɾtɛ
lazatin	lɐsɐtin
lazatin	lɐzɐtin
lealista	lɛɐlistɐ
lebadura	lɛbɐduɾɐ
lebel	lɛbɛl
leche	lɛtʃɛ
lechias	lɛtʃiɐs
ledesma	lɛdɛsmɐ
lee	li
leeg	lɛʔɛg
legarda	lɛɣaɾdɐ
legaspi	lɛɣaspɪ
legazpi	lɛɣaspɪ
legwas	lɛgwɐs
lehislasyon	lɛhɪslɐʃon
lehislatura	lɛhɪslɐtuɾɐ
lehitimo	lɛhitɪmo
lehiya	lɛhiɐ
lehiya	lɛhɪa
lekat	lɛxɐt
leksikograpiko	lɛksɪxogɾapɪxo
leksikograpiya	lɛksɪxogɾɐpiɐ
leksikograpo	lɛksɪxogɾɐpo
leksiyon	lɛkʃon
leksiyon	lɪkʃon
lelang	lɛlɐŋ
lelong	lɛloŋ
lemery	lɛmɛɾɪ
lemur	lɛmʊɾ
lengguwa	lɛŋgwɐ
lengguwahe	lɛŋgwahɛ
lente	lɛntɛ
lentehas	lɛntɛhɐs
leo	lɛo
leodigario	lɛodɪɣaɾjo
leody	lɛodɪ
leong	lɛoŋ
leonor	lɛonoɾ
leopardo	lɛopaɾdo
lerma	lɛɾmɐ
lesbiyana	lɛsbjanɐ
lesbyana	lɛsbjanɐ
leslie	lɛslɪ
lespu	lɛspʊ
letaniya	lɛtɐniɐ
lete	lɛtɛ
leteng	lɛtɛŋ
letlet	lɛtlɛt
letmaku	lɛtmɐxʊ
letra	lɛtɾɐ
letrina	lɛtɾinɐ
letse	lɛtʃɛ
letson	lɛtʃon
leviste	lɛvistɛ
leynes	lɛɪ̯nɛs
leyte	lɛɪ̯tɛ
li	li
libacao	libakau
libag	lɪbag
libak	lɪbak
liban	libɐn
liban	lɪban
libang	lɪbaŋ
libano	libɐno
libay	lɪbaɪ̯
liberalisasyon	lɪbɛɾɐlɪsɐʃon
libertaryanismo	lɪbɛɾtɐɾjɐnismo
libid	libɪd
libid	lɪbid
libing	libim
libing	lɪbiŋ
libingan	libingan
libingan	lɪbiŋɐn
libingan	lɪbɪŋan
libis	lɪbis
libjo	lɪbhoʔ
liblib	lɪblib
libo	libo
libo	lɪbo
libog	libog
libog	liːbog
libot	libot
libot	lɪbot
libot	lˈibotˈ
libra	libɾɐ
librada	lɪbɾadɐ
libre	libɾɛ
libre	lɪbɾɛ
libreriya	lɪbɾɛɾiɐ
librito	lɪbɾito
libro	lɪbɾo
libtong	lɪbtoŋ
libtos	lɪbtos
libumbon	lɪbʊmbon
libunao	lɪbunaʊ̯
libuntaon	libʊntɐʔon
libutan	libutan
licup	lixʊp
lider	lidɛɾ
liderato	lɪdɛɾato
liempo	ljɛmpo
liga	liɣɐ
ligalig	lɪɣalɪg
ligamento	lɪɣɐmɛnto
ligamgam	lɪɣɐmgam
ligao	ligau
ligao	lɪɣaʊ̯
ligat	liɣɐt
ligata	lɪɣatɐʔ
ligaw	ligo
ligaw	liɣaʊ̯
ligaw	lɪɣaʊ̯
ligawgaw	lɪɣaʊ̯ɣaʊ̯
ligaya	lɪɣajɐ
ligid	liɣɪd
ligid	lɪɣid
ligis	lɪɣis
ligo	liɣoʔ
ligo	ljnˈgo
ligo	lɪɣo
ligo	lɪɣoʔ
ligoy	liɣoɪ̯
ligpit	lɪgpit
ligpit	lɪgpiʈ
ligpitin	lɪgpɪtin
ligsa	lɪgsa
ligta	lɪgtaʔ
ligtas	lɪgtas
ligwak	lɪgwak
ligwan	lɪgwan
liha	lihɐ
liha	lihɐʔ
liha	lɪha
liham	lihɐm
liham	liːe̞hem
lihi	lɪhi
lihim	lihɪm
lihim	liːhɪn
lihim	lɪhim
lihis	lihˈis
lihis	lɪhis
lihisan	lɪhɪsan
lihiya	lɪhiɐ
lihiya	lɪhɪa
liho	lihoʔ
lihukan	lihuxɐn
liig	lɪʔig
likas	likas
likas	lixɐs
likas	lɪxas
likat	lɪxat
likaw	lixaʊ̯
likaw	lɪxaʊ̯
likha	lɪkhaʔ
likha	lɪk˥a˥˧
likido	lixɪdo
liknayan	lɪknajɐn
liko	lɪxoʔ
liko	lˈeko
likod	lɪxod
likom	lixom
likom	lɪxom
likop	lixop
likop	lɪxop
likot	lɪxot
liksi	lɪksiʔ
likuran	lɪxʊɾan
lila	lilɐ
lila	lilɐʔ
lilagnat	lɪlɐgnat
lilia	liljɐ
lilibutin	lilibutin
lilik	lilɪk
lilim	lilɪm
lilim	liːlɪm
liling	lilɪŋ
lilip	lilɪp
lilip	lɪlip
lilipad	lɪlɪpad
liliw	liliʊ̯
lilo	lilo
lilok	lilok
lilok	lɪlok
lilom	lilom
lilong	lilon
lily	lilɪ
lim	lim
lima	limɐ
lima	limˈɑ
lima	lɪma
limahi	lɪmahɪʔ
limahi	lɪmɐhiʔ
limahid	lɪmahɪd
limahid	lɪmɐhid
limampu	lɪmɐmpuʔ
limandaan	lɪmɐndɐʔan
limang	ləmɛŋ
limanlaksa	lɪmɐnlɐksaʔ
limas	lɪmas
limatik	lɪmatɪk
limatik	lɪmɐtik
limay	limaɪ̯
limbag	lɪmbag
limeta	lɪmɛtɐ
limi	limɪ
limi	limɪʔ
limi	lɪmiʔ
limit	limɪt
limita	lɪmɪta
limitado	lɪmɪtado
limitasyon	lɪmɪtɐʃon
limlim	lɪmlim
limon	limmon
limon	lɪmon
limonada	lɪmonadɐ
limonsito	lɪmonsito
limos	lɪmos
limot	limot
limot	lɪmot
limpa	limpɐ
limpa	lɪmpaʔ
limpak	lɪmpak
limpal	lɪmpal
limpik	lɪmpik
limpiyo	limpjo
limsiha	lɪmsihɐʔ
limusina	lɪmʊsinɐ
limutin	limutin
lina	linɐ
linab	lɪnab
linamnam	lɪnɐmnam
linang	lɪnaŋ
linangin	lɪnaŋɪn
linangin	lɪnɐŋin
linao	linaʊ̯
linatoc	lɪnatok
linatsay	lɪnɐtʃaɪ̯
linay	linaɪ̯
linay	lɪnaɪ̯
lindayag	lɪndajɐg
lindol	lindɔ̃l
lindol	lɪndol
lindsay	lindsɛɪ̯
lindulin	lɪndʊlin
linea	linɛɐ
linga	liŋɐ
linga	liŋɐʔ
linga	lɪŋa
linga	lɪŋaʔ
linga	lɪŋ˥˧aː˥˧
lingad	liŋɐd
lingap	lɪŋap
lingaw	lɪŋaʊ̯
lingawngaw	lɪŋaʊ̯ŋaʊ̯
linggal	lɪŋgal
linggam	liŋgɐm
linggatong	lɪŋgatoŋ
linggaw	lɪŋgaʊ̯
linggi	lɪŋgiʔ
linggit	lɪŋgit
linggo	lɪŋgo
lingguhan	lɪŋguhɐn
lingguwista	lɪŋgwistɐ
lingguwistika	lɪŋgwistɪxɐ
lingguwistiko	lɛŋguistɪko
lingid	lɪŋid
lingid	lˈɪnəid
lingil	liŋɪl
lingil	lɪŋil
lingindayat	lɪŋindɐjat
lingindayat	lɪŋɪndajɐt
lingkaw	lɪŋkaʊ̯
lingkod	lɪŋkod
lingming	lɪŋmiŋ
lingo	lɪŋo
lingon	lingˈon
lingon	lɪŋon
lingunan	lɪŋunɐn
linib	lɪnib
linis	linɛs
linis	linɪs
linis	lɪnis
linis	lɪnɛs
linisan	lɪnisɐn
linisan	lɪnɪsan
linisin	lini˥˧sin˨˩
linisin	lɪnisɪn
linisin	lɪnɪsin
linlang	lɪnlaŋ
linsad	lɪnsad
linse	linsɛ
linsil	lɪnsil
linta	lɪntaʔ
lintik	lantik
lintik	lɪntik
lintos	lɪntos
linuknok	lɪnʊknok
linya	plˈinja
linyada	lɪɲadɐ
liong	ljoŋ
lipa	lipa
lipa	lipɐʔ
lipa	lɪpa
lipad	lipaʄ
lipad	lɪpad
lipak	lɪpak
lipana	lɪpanɐʔ
lipas	lipɐs
lipas	lɪpas
lipat	lipat
lipat	lipɐt
lipi	lipɪʔ
lipit	lipɪt
lipol	lipol
lipol	lɪpol
lipon	lipon
lipot	lipot
lipot	lɪpot
lipstik	lipstɪk
lipumpon	lɪpʊmpon
lipunan	lipːˈonan
lipunan	lɪpunɐn
lipunan	lɪpʊnan
lipya	lipjɐʔ
lipya	lɪpjaʔ
lira	liɾɐ
lirika	liɾɪxɐ
liriks	liɾɪks
lirot	lɪɾot
liryo	liɾjo
lisa	lɪsaʔ
lisan	lisɐn
lisensiya	lɪsɛnʃɐ
lisensiyado	lɪsɛnʃado
lisensya	lisˈɛntʃa
lising	lɪsiŋ
lislis	lɪslis
liso	liso
liso	lɪso
liso	lɪsoʔ
lisok	lɪsok
lispu	lispʊ
lista	listɐ
lista	lɪsta
listahan	lɪstahɐn
listahan	lɪstɐhan
listo	listo
listo	lɪsto
litak	lɪtak
litang	lɪtaŋ
litaniya	lɪtɐniɐ
litanya	lit̪aɲa
litanya	lɪtaɲɐ
litas	litɐs
litaw	lɪtaʊ̯
literal	lɪtɛɾal
literasiya	lɪtɛɾɐsiɐ
literasya	lɪtɛɾaʃɐ
literatura	lɪtɛɾɐtuɾɐ
lithaw	lɪthaʊ̯
litid	litɪd
litigante	lɪtɪɣantɛ
litigasyon	lɪtɪɣɐʃon
litik	litɪk
litir	litɪɾ
litis	litɪs
lito	lɪto
litograpiya	lɪtogɾɐpiɐ
litratista	lɪtɾɐtistɐ
litrato	lɪtɾato
litro	litɾo
litson	lɪtʃon
litsugas	litʃugas
liturhiya	lɪtuɾhɪɐ
litwanya	lɪtwaɲɐ
litwanya	lɪtʊ̯aɲ
lityo	litʃo
liu	lju
liwag	liwɐg
liwaliw	lɪwɐliʊ̯
liwanag	lwanag
liwanag	lɪwanɐg
liwas	liwɐs
liwas	lɪwas
liwasan	lɪwasɐn
liwasan	lɪwɐsan
liwat	liwɐt
liya	liɐʔ
liya	ljaʔ
liyab	ljab
liyabe	ljabɛ
liyad	ljad
liyag	liɐg
liyag	ljag
liyama	ljamɐ
liyamado	ljɐmado
liyampo	ljampo
liyampo	ljɐmpo
liyebre	ljɛbɾɛ
liyempo	ljɛmpo
liyit	liɪt
lizada	lɪzadɐ
ll	j
ll	lj
llamas	ljamɐs
llanera	ljɐnɛɾɐ
llanes	ljanɛs
llanto	ljanto
lloilo	iloilo
llorente	ljoɾɛntɛ
lo	lo
loa	loɐ
lobat	lobɐt
lobat	loʊ̯bɐt
lobo	lobo
locsin	loksin
lodi	lodɪ
lodi	loːdi
lodi	lɑdi
logarta	loɣaɾtɐ
logo	loɣo
logro	logɾo
lohika	lohɪxɐ
lohikal	lohɪxal
lohiko	lohɪxo
lohuwa	lohwɐ
loka	loxɐ
lokal	loxal
lokalidad	loxɐlɪdad
lokasyon	loxɐʃon
loko	loxo
lola	lola
lola	lolɐ
loleng	lolɛŋ
lolipap	lolɪpɐp
lolo	lolo
lolo	nolo
lomi	lomɪ
lomo	lomo
lomocso	lomokso
lona	lonɐ
londres	londɾɛs
longganisa	loŋgɐnisɐ
longhitud	loŋhɪtud
lonta	lontɐ
lontoc	lontok
loo	lu
loob	laob
loob	loʔob
loobkaphay	loʔobkɐphaɪ̯
look	laˈɔk
look	loʔok
lopez	lopɛs
lorenzana	loɾɛnzanɐ
loro	loɾo
loryat	loɾjɐt
losyang	loʃɐŋ
losyon	loʃon
lote	lotɛ
loteng	lotɛŋ
loteriya	lotɛɾiɐ
loterya	lotɛɾjɐ
lotlot	lotlot
lourdes	luɾdɛs
love	lav
lowa	loɐ
lowat	loat
lozada	losadɐ
lozada	lozadɐ
lu	lu
lua	luɐ
luad	lʊʔad
luag	luʔɐg
luansing	lwɐnsiŋ
luba	lˈubˌa
lubak	lubɐk
lubak	lʊbak
lubang	lubɐŋ
lubao	lʊbaʊ̯
lubaw	lubaʊ̯
lubay	lʊbaɪ̯
lubayan	lʊbɐjan
lubha	lubʰaː
lubha	lʊbhaʔ
lubhang	lɔːbhaŋ˧˧
lubiano	lʊbjano
lubid	lubɪd
lubid	lʊbid
lubig	lʊbig
lubigan	lʊbiɣɐn
lubigan	lʊbɪɣan
lublob	lʊblob
lubo	luboʔ
lubo	lʊbo
lubo	lʊboʔ
lubog	luboɣo
lubog	lʊbog
lubos	lʊbos
lubot	lʊbot
lubusan	lobusan
lubusin	lubusine
lubyak	lʊbjak
lucenahin	lʊsɛnahɪn
lucy	lusɪ
luga	luɣɐʔ
lugal	lʊɣal
lugami	lʊɣamɪʔ
lugami	lʊɣɐmiʔ
lugar	lugˈaɾ
lugaw	lugau
lugaw	luɣaʊ̯
lugaw	lʊɣaʊ̯
lugay	luɣaɪ̯
lugay	lʊɣaɪ̯
lugi	luɣɪ
lugi	luɣɪʔ
lugit	luɣɪt
luglog	lʊglog
lugmok	lʊgmok
lugnas	lʊgnas
lugo	lʊɣo
lugod	lagʁˈoːn
lugod	lʊɣod
lugot	luɣot
lugot	lʊɣot
lugpo	lʊgpoʔ
luha	luhɐʔ
luho	luho
luhod	luxˈod
luhod	lʊhod
luhuran	luhuɾɐn
luhuran	lʊhʊɾan
luis	lwis
lukban	luqban
lukban	lʊkban
lukbot	lʊkbot
lukemya	lʊxɛmjɐ
luklok	lʊklok
luklukan	lʊkluxɐn
luklukan	lʊklʊxan
luko	luxo
luko	lʊxoʔ
lukob	luxob
lukob	lʊxob
lukong	lʊxoŋ
lukot	luxot
lukot	lʊxot
luksemburgo	lʊksɛmbuɾgo
lukso	lʊkso
lukto	lʊktoʔ
lukton	lʊkton
lukulok	lʊxʊlok
lukutan	lʊxutɐn
lula	lulɐʔ
lula	lʊlaʔ
lulam	lulɐm
lulan	lulɐn
lulan	lwlˈan
lulay	lulaɪ̯
lulod	lʊlod
lulog	lulog
lulon	lʊlon
lulong	lʊloŋ
lulos	lulos
lulot	lulot
lulot	lʊlot
luma	lumɐʔ
luma	lumˈa
luma	lʊma
lumabag	lʊmɐbag
lumaban	lʊmabɐn
lumabas	lumabas
lumabas	lʊmɐbas
lumabo	lumavo
lumabo	lʊmaboʔ
lumabo	lʊmɐbo
lumacad	lʊmaxɐd
lumad	lumɐd
lumago	lumˌaˈgˈoʁˈ
lumagui	lʊmaɣɪ
lumakad	lʊmaxɐd
lumakas	lʊmɐxas
lumakdang	lʊmɐkdaŋ
lumaki	lumat̪i
lumaki	lʊmɐxi
lumaki	lʊmɐxɛ
lumalaban	lʊmɐlabɐn
lumalabas	lʊmɐlɐbas
lumambing	lumambiŋ
lumambitin	lʊmɐmbitɪn
lumamig	lʊmɐmig
lumanay	lʊmanaɪ̯
lumangbayan	lʊmɐmbajɐn
lumanglas	lʊmɐnlas
lumangoy	lʊmɐŋoɪ̯
lumanlan	lʊmɐnlan
lumanog	lʊmanog
lumantad	lumantad̪e
lumapag	lumapag
lumapastangan	lʊmɐpɐstaŋɐn
lumapirot	lʊmɐpɪɾot
lumapit	lʊmapɛt
lumapit	lʊmapɪt
lumasa	lumasˌa
lumay	lumaɪ̯
lumay	lʊmaɪ̯
lumaya	lʊmajɐʔ
lumayas	lʊmajɐs
lumayo	lumajˈo
lumayo	lʊmɐjoʔ
lumba	lʊmba
lumbak	lʊmbak
lumbang	lʊmbaŋ
lumbao	lumbaʊ̯
lumbay	lʊmbaɪ̯
lumbay	nˈombaj
lumbera	lʊmbɛɾɐ
lumbo	lʊmbo
lumbo	lʊmboʔ
lumboy	lʊmboɪ̯
lumi	lumɪʔ
lumi	lʊmiʔ
lumibao	lʊmibaʊ̯
lumibot	lumibot
lumigwak	lʊmɪgwak
lumihis	lʊmɪhis
lumiit	lʊmɪʔit
lumikas	lumikas
lumikha	lʊmɪkhaʔ
lumiko	lˈɔmikˈo
lumilipad	lʊmɪlɪpad
lumimot	lw˧mi˥˩m˧t˥
luminaw	lʊminaʊ̯
lumindol	lʊmɪndol
lumingon	lumiŋɔn
luminis	lʊminɪs
lumipad	lumipad
lumipad	lʊmɪpad
lumipas	lumipas
lumipat	lumipat
lumipol	lʊmipol
lumisan	lumisin
lumiwanag	lʊmɪwanɐg
lumo	lumo
lumo	lumoʔ
lumo	lʊmo
lumon	lʊmon
lumot	lumot
lumot	lumut
lumpiya	lʊmpjaʔ
lumpo	lʊmpo
lumpok	lʊmpok
lumpon	lʊmpon
lumuha	lʊmuhɐʔ
lumuklok	lʊmʊklok
lumundag	lʊmʊndag
lumutang	lʊmutɐŋ
lunak	lʊnak
lunan	lʊnan
lunas	lunɐs
lunas	lʊnas
lunatiko	lʊnatɪxo
lunaw	lunaʊ̯
lunaw	lʊnaʊ̯
lundag	lundag
lundag	lʊndag
lunday	lʊndaɪ̯
lundo	lʊndoʔ
lunes	lunɛs
lungad	luŋɐd
lungad	lʊŋad
lungas	lʊŋas
lungaw	lʊŋaʊ̯
lungayngay	lʊŋaɪ̯ŋaɪ̯
lungga	lũŋga
lungga	lʊŋgaʔ
lunggati	lʊŋgɐtiʔ
lungib	lʊŋib
lungkag	lʊŋkag
lungkot	lunˈkot
lungkot	lʊŋkot
lungos	luŋos
lungti	lʊntiʔ
lungtian	lʊntɪʔan
luningning	lʊnɪŋniŋ
luno	lʊno
lunod	lunod
lunod	lʊnod
lunok	lʊnok
lunos	lunos
lunot	lunot
lunot	lʊnot
lunsad	lʊnsad
lunsod	lʊnsod
lunti	lʊntiʔ
luntian	luntian
luntian	lʊntiʔɐn
luntian	lʊntɪʔan
luntidinsol	lʊntɪdɪnsol
lunukin	lʊnʊxin
lunurin	lʊnuɾɪn
lupa	lupa
lupagi	lʊpaɣɪʔ
lupagi	lʊpɐɣiʔ
lupain	lupain
lupain	lʊpɐʔin
lupak	lʊpak
lupalop	lopalo
lupalop	lʊpalop
lupanlunti	lupandlunt̪i
lupao	lʊpaʊ̯
lupasay	lʊpasaɪ̯
lupasay	lʊpɐsaɪ̯
lupaypay	lʊpaɪ̯paɪ̯
lupig	lupɪg
lupig	lʊpig
luping	lupɪŋ
luping	lʊpiŋ
lupit	lʊpit
lupog	lupog
lupog	lʊpog
lupon	lupon
lura	lʊɾaʔ
lusak	lusɐk
lusak	lʊsak
lusaw	lusaʊ̯
lusaw	lʊsaʊ̯
lusay	lusaɪ̯
lusay	lʊsaɪ̯
lusero	lʊsɛɾo
luses	lusɛs
lusiper	lʊsɪpɛɾ
lusis	lusɪs
luslos	lʊslos
luslos	nuslos
lusob	losˈub
lusob	lusob
lusog	lʊsog
lusok	lusok
lusok	lʊsok
lusong	lusoŋ
lusong	lʊsoŋ
lusot	ləsot
lusot	lʊsot
lustay	lʊstaɪ̯
lusubin	lʊsubɪn
lutad	lʊtad
lutang	lutɐŋ
lutang	lut̪aŋ
lutang	lʊtaŋ
lutas	lutɐs
lutas	lʊtas
lutay	lutaɪ̯
lutay	lʊtaɪ̯
luto	luto
luto	lutoʔ
luto	lʊtoʔ
lutong	lʊtoŋ
luwa	luɐ
luwa	lwaʔ
luwad	lwad
luwag	luag
luwag	lwag
luwal	lwal
luwalhati	lwɐlhatɪʔ
luwan	lwan
luwang	lwaŋ
luwas	lwas
luwat	lwat
luway	lwaɪ̯
luy	luɪ̯
luya	lujɐ
luya	lˈoːjˈa
luyok	lujok
luyok	lʊjok
luyos	lujos
luzano	lʊsano
luzano	lʊzano
luzon	lizaːn
luzon	lʊson
luzon	lʊzon
luzuriaga	lʊsʊɾjaɣɐ
luzuriaga	lʊzʊɾjaɣɐ
luzviminda	lʊzvɪmindɐ
lyndon	lindon
m	m
m	mɐ
m	ʔɛm
maabilidad	mɐʔɐbɪlɪdad
maabo	mɐʔɐbo
maadik	mɐʔadɪk
maaga	maːɣa
maagos	mɐʔaɣos
maako	mɐʔɐxo
maaksaya	maaqsaja
maaktuhan	mɐʔɐktʊhan
maala	mɐʔalɐ
maalalahanin	mɐʔɐlɐlɐhɐnin
maalam	mɐʔalɐm
maalam	mɐʔɐlam
maalamat	mɐʔɐlɐmat
maalat	mɐʔalɐt
maalintana	mɐʔɐlɪntanɐ
maaliwalas	mɐʔɐlɪwalɐs
maalon	mɐʔalon
maalon	mˈaˈlˈon
maambunan	mɐʔɐmbʊnan
maamoy	maːʔamoi
maan	maʔɐn
maanak	mɐʔanɐk
maanak	mɐʔɐnak
maangal	mɐʔaŋɐl
maangal	mɐʔɐŋal
maangas	mɐʔaŋɐs
maangas	mɐʔɐŋas
maanggo	mɐʔɐŋgo
maanghang	mɐʔɐŋhaŋ
maanta	mɐʔɐnta
maantala	maaːntaaːlaː
maantot	mɐʔɐntot
maaraw	mɐʔaɾaʊ̯
maari	mɐʔaɾɪʔ
maarte	mɐʔaɾtɛ
maasim	mɐʔasɪm
maasin	maːsˤiːn
maasin	mɐʔɐsin
maatim	mãːat̪im
maawain	mɐʔɐwɐʔin
mababa	ababa
mababa	mɐbabɐʔ
mababa	mɐbɐba
mababangis	mɐbɐbɐŋis
mababaw	mɐbabaʊ̯
mabagal	abagal
mabagal	mɐbaɣɐl
mabagsakan	mabɐgsɐxan
mabagsik	mɐbɐgsik
mabagyo	mɐbɐgjo
mabaho	mabaho
mabaho	mɐbahoʔ
mabait	maːbˈaɪ
mabait	mɐbɐʔit
mabakas	mabɐxas
mabakas	mɐbɐxas
mabalacat	maːbalaqat
mabalacat	mɐbɐlaxɐt
mabalahibo	mɐbɐlɐhibo
mabalakid	mabɐlaxɪd
mabalakid	mɐbɐlaxɪd
mabalakubak	mɐbɐlɐxubɐk
mabalang	mɐbalɐŋ
mabalasik	mɐbɐlasɪk
mabali	mɐbalɪʔ
mabalian	maːbaliːan
mabalis	mabɪlˈis
mabalisa	maːbanisaː
mabalot	mɐbalot
mabanas	mabɐnas
mabanas	mɐbɐnas
mabangis	maːbaŋiʃ
mabangis	mɐbɐŋis
mabango	mɐbɐŋo
mabantot	mɐbɐntot
mabasa	mabasɐ
mabasa	mabɐsaʔ
mabasa	mɐbasɐ
mabasa	mɐbɐsa
mabasa	mɐbɐsaʔ
mabasag	mɐbasaɣ
mabasag	mɐbasɐg
mabatid	mabatːiːd
mabato	mabɐto
mabato	mɐbɐto
mabayaran	mɐbɐjaɾɐn
mabenta	mabenta
mabibig	mɐbɪbig
mabibigat	mabiːbigˈat
mabibigat	mɐbɪbɪɣat
mabibigyan	mabˌibidˈian
mabigat	mabiβ̞eɣ̞at̪
mabigat	mɐbɪɣat
mabigatan	mɐbɪɣɐtan
mabigo	mabigo
mabigo	mɐbɪɣoʔ
mabikas	mɐbixɐs
mabilad	mabilaːn
mabilangan	mɐbɪlaŋɐn
mabilis	mɐbɪlis
mabilis	ˈmavˈɛlis
mabilisan	mabɪlisɐn
mabilog	mɐbilog
mabini	mɐbinɪ
mabini	mɐbinɪʔ
mabintog	mɐbɪntog
mabisa	mabisˈa
mabisa	mɐbisɐʔ
mabisto	mabisto
mabitamina	mɐbɪtɐminɐ
mabolo	mɐbolo
mabosesan	mɐbosɛsɐn
mabubulaklak	mɐbʊbʊlɐklak
mabubuwisit	mɐbʊbwisɪt
mabudol	mɐbudol
mabuhangin	mɐbʊhaŋɪn
mabuhay	mɐbuhaɪ̯
mabuhay!	maːbuhaj
mabuhok	mɐbʊhok
mabuhol	mabʊhol
mabuhol	mɐbʊhol
mabula	mɐbʊlaʔ
mabulaklak	mɐbʊlɐklak
mabulas	mɐbulɐs
mabulbol	mɐbʊlbol
mabulo	mɐbulo
mabulok	mabulo
mabundol	mabwndoʎ
mabunga	mɐbuŋɐ
mabunganga	mɐbʊŋaŋɐʔ
mabunutan	mɐbʊnutɐn
mabunyi	mɐbʊɲiʔ
maburok	mɐbuɾok
maburol	mabuɾol
maburol	mɐbʊɾol
maburyong	mɐbʊɾjoŋ
mabusisi	mɐbʊsisɪʔ
mabuti	mɐbutɛ
mabuti	mɐbutɪ
mabutig	mɐbʊtig
mabuto	mɐbʊto
mabuway	mɐbwaɪ̯
mabuwaya	mɐbwajɐ
mabuwisit	mɐbwisɪt
macabebe	mɐxɐbɛbɛ
macalalad	mɐxɐlalɐd
macalindong	mɐxɐlɪndoŋ
macalintal	mɐxɐlɪntal
macapagal	mɐxɐpɐɣal
macapinlac	mɐxɐpɪnlak
macapugay	mɐxɐpuɣaɪ̯
macapuno	makapono
macasaet	mɐxɐsaʔɛt
macasieb	mɐxɐʃɛb
macatangay	mɐxɐtɐŋaɪ̯
macau	mɐxaʊ̯
macuha	mɐxuhɐ
madadaldal	mɐdadɐldal
madaga	mɐdɐɣaʔ
madagaskar	mɐdɐɣɐskaɾ
madagim	mɐdɐɣim
madagta	mɐdɐgtaʔ
madahon	mɐdahon
madalag	madaːlaːd
madalang	madaːlaŋ
madalang	mɐdalɐŋ
madalas	mɐdɐlas
madaldal	mað̞al̪d̪al
madaldal	mɐdɐldal
madali	madaliː
madalian	madɐliʔɐn
madaliin	madaːliːjne
madamay	mɐdamaɪ̯
madamo	mɐdɐmo
madamot	mɐdamot
madapa	mˌaðˈapˈa
madaya	madajɐʔ
madaya	madaːja
madaya	mɐdajɐʔ
maderazo	mɐdɛɾazo
madeskaril	mɐdɛskɐɾil
madiin	mɐdɪʔin
madila	mɐdilɐʔ
madilaw	mɐdɪlaʊ̯
madilim	mɐdɪlim
madiskaril	mɐdɪskɐɾil
madiwa	mɐdiwɐʔ
madla	madla
madla	mɐdlaʔ
madlakasan	mɐdlɐxasɐn
madlangbayan	mɐdlɐmbajɐn
madrama	mɐdɾamɐ
madrasa	mɐdɾasɐ
madrasta	mɐdɾastɐ
madrastra	mɐdɾastɾɐ
madre	madɾɛ
madugo	mɐdʊɣoʔ
madula	mɐdulɐʔ
madula	mɐdʊlaʔ
madulas	madʊlɐs
madulas	mɐdʊlas
madulas	mˈˈadˈˈlasˈ
madumi	madmi
madumi	madʊmi
madumi	mɐdʊmi
madurog	madurog
madyong	mɐdʒoŋ
mae	mɛɪ̯
maestra	mɐɛstɾɐ
maestra	mɐʔɛstɾɐ
maestro	mɐɛstɾo
magaan	magaːn
magaan	mɐɣaʔɐn
magaan	mɐɣɐʔan
magaanan	mɐɣɐʔɐnan
magadia	mɐɣadʒɐ
magaganap	mɐɣɐɣɐnap
magaganda	mɐɣɐɣɐnda
magagandahan	mɐɣɐɣɐndɐhan
magahol	magahɔl
magalang	mɐɣalɐŋ
magaling	mɐɣalɪŋ
magalit	mɐɣalɪt
magallanes	mɐɣɐljanɛs
magalona	mɐɣɐlonɐ
magalong	mɐɣaloŋ
maganap	mɐɣɐnap
maganap	mˈaːgˈanˈaːk
maganda	maganda
maganda	mɐɣɐnda
magandahan	mɐɣɐndɐhan
magaralgal	magaraelgal
magarbo	mɐɣaɾbo
magasin	naɣasˈin
magaslaw	magɐslɐʊ
magaslaw	mɐɣɐslaʊ̯
magaso	mɐɣɐso
magaspang	magaspãŋ
magaspang	mɐɣɐspaŋ
magastos	mɐɣastos
magatas	mɐɣatɐs
magawa	mɐɣɐwaʔ
magayot	mɐɣɐjot
magbababoy	mɐgbɐbɐboɪ̯
magbabakal	mɐgbɐbaxɐl
magbabakal	mɐgbɐbɐxal
magbabalot	magbabalo
magbabalot	mɐgbɐbɐlot
magbabaon	mɐgbɐbaʔon
magbabaon	mɐgbɐbɐʔon
magbabasa	mɐgbɐbɐsa
magbabasa	mɐgbɐbɐsaʔ
magbahagi	magbahaːgiː
magbakal	mɐgbaxɐl
magbakal	mɐgbɐxal
magbakasakali	mɐgbɐxasɐxalɛʔ
magbakasakali	mɐgbɐxasɐxalɪʔ
magbalatkayo	mɐgbɐlɐtkɐjoʔ
magbalik	magbɐlik
magbanda	mɐgbandɐ
magbansag	mɐgbɐnsag
magbanta	mɐgbɐntaʔ
magbanua	mɐgbanwɐ
magbaon	mɐgbaʔon
magbaon	mɐgbɐʔon
magbarena	mɐgbɐɾɛnɐ
magbasa	mɐgbɐsa
magbasa	mɐgbɐsaʔ
magbasanlot	mɐgbɐsɐnlot
magbati	mɐgbɐti
magbawas	mɐgbɐwas
magbayad	mɐgbajɐd
magbenta	makbˈɛnˈtˈa
magbenta	mɐgbɛntɐ
magbentilador	mɐgbɛntɪlɐdoɾ
magbibigas	mɐgbɪbiɣɐs
magbibigas	mɐgbɪbɪɣas
magbigay	mɐgbɪɣaɪ̯
magbigti	mɐgbɪgti
magbigti	mɐgbɪgtiʔ
magbihis	makbiːhis
magbihis	mɐgbihɪs
magbilad	mɐgbɪlad
magbili	mɐgbɪli
magbinata	mɐgbɪnɐtaʔ
magbiro	mɐgbɪɾoʔ
magbisikleta	mɐgbɪsɪklɛtɐ
magbitang	mɐgbitɐŋ
magbiyahe	mɐgbjahɛ
magbobote	mɐgbobotɛ
magbojos	mɐgbohos
magboo	mɐgboʔo
magbrotsa	mɐgbɾotʃɐ
magbubukid	mɐgbʊbuxɪd
magbubukid	mɐgbʊbʊxid
magbuhat	mɐgbuhɐt
magbuhos	mɐgbuhos
magbukid	mɐgbuxɪd
magbulakbol	mɐgbʊlɐkbol
magbutas	mɐgbʊtas
magdaan	madaʔan
magdagdag	mɐgdɐgdag
magdala	mɐgdɐla
magdalaga	mɐgdɐlɐɣa
magdalawan	magdalaːwən
magdamag	mɐgdɐmag
magdamag	mˈˈagˈtamˈagˈ
magdangal	mɐgdɐŋal
magdasal	mɐgdɐsal
magdaspan	mɐgdaspɐn
magdayao	mɐgdajaʊ̯
magdede	mɐgdɛdɛ
magdede	mɐgdɛdɛʔ
magdedeliryo	mɐgdɛdɛliɾjo
magdeliryo	mɐgdɛliɾjo
magdemanda	mɐgdɛmandɐ
magdilig	mɐgdɪlig
magdroga	mɐgdɾoɣɐ
magdyip	mɐgdʒip
maggantsilyo	mɐggɐntʃiljo
maggapas	mɐggapɐs
maggatong	mɐggatoŋ
maggayat	mɐggɐjat
maggiba	mɐggɪbaʔ
magha	mɐghaʔ
maghabilin	mɐghɐbilɪn
maghabla	mɐghɐbla
maghagilap	mɐghɐɣɪlap
maghahasik	mɐghɐhasɪk
maghahasik	mɐghɐhɐsik
maghalabos	mɐghɐlɐbos
maghalal	maghalaːl
maghalal	mɐghɐlal
maghalili	mɐghɐlilɪ
maghalili	mɐghɐlɪli
maghalo	magːaːlo
maghanap	mɐghɐnap
maghanapbuhay	mɐghanɐpbuhaɪ̯
maghanda	mɐghɐndaʔ
maghangad	mɐghɐŋad
maghangad	mˌɐgˈhɐ̃ŋˈað
maghapon	mɐghapon
maghari	mɐghaɾɪʔ
maghasik	mɐghɐsik
maghati	mɐghatɪʔ
maghatid	mɐghɐtid
maghawak	mɐghawɐk
maghiganti	mɐghɪɣɐnti
maghikab	mɐghɪxab
maghikahos	mɐghɪxɐhos
maghikaw	mɐghixaʊ̯
maghilamos	magkilamos
maghilamos	mɐghɪlamos
maghilik	mɐghɪlik
maghimagsik	mɐghɪmɐgsik
maghimutok	mɐghɪmʊtok
maghinala	mɐghɪnalɐʔ
maghingalo	mɐghɪŋɐlo
maghintay	mɐghɪntaɪ̯
maghinto	mɐghɪntoʔ
maghinuha	mɐghɪnuhɐʔ
maghirang	mɐghiɾɐŋ
maghirap	mɐghiɾɐp
maghitso	mɐghɪtʃo
maghiwalay	mɐghɪwɐlaɪ̯
maghiyas	mɐghɪas
maghubad	mɐghʊbad
maghugas	maghoˈgas
maghugas	mɐghuɣɐs
maghuhuwego	mɐghʊhwɛɣo
maghulog	mɐghulog
maghumpay	mɐghʊmpaɪ̯
maghuramentado	mɐghʊɾɐmɛntado
magigi	mɐɣiɣɪʔ
magiging	mɐɣiɣɪŋ
maginaw	maginao
maginaw	mɐɣɪnaʊ̯
maging	maɣɪŋ
maging	mɐɣiŋ
maginoo	maɣɪnoʔo
maginoo	mɐɣɪnoʔo
magisnan	mɐɣɪsnan
magiting	mɐɣitɪŋ
magjakol	mɐgdʒɐxol
magkaaway	mɐgkɐʔawaɪ̯
magkabagang	mɐgkɐbɐɣaŋ
magkabalikan	makaːbalikan
magkabit	mɐgkɐbit
magkaibigan	mɐgkɐʔɪbiɣɐn
magkakahoy	mɐgkɐxɐhoɪ̯
magkakaibigan	mɐgkɐxɐʔɪbiɣɐn
magkakalapati	mɐgkɐxɐlɐpatɪ
magkakarayom	mɐgkɐxɐɾajom
magkakarayom	mɐgkɐxɐɾɐjom
magkakari	magkɐxɐɾɪ
magkakari	mɐgkɐxaɾɪ
magkakari	mɐgkɐxɐɾi
magkakarne	mɐgkɐxɐɾnɛ
magkakaroon	mɐgkɐxɐɾon
magkakaroon	mɐgkɐxɐɾoʔon
magkakasamahan	magkakaʃamahang
magkakatay	mɐgkɐxataɪ̯
magkakatay	mɐgkɐxɐtaɪ̯
magkalat	mɐgkalɐt
magkalat	mɐgkɐlat
magkali	mɐgkalɪ
magkamali	mɐgkamɐliʔ
magkanlong	mɐgkɐnloŋ
magkano	magaˈno
magkano	mɐgkano
magkaroon	magkaɾon
magkaroon	mɐgkɐɾon
magkaroon	mɐgkɐɾoʔon
magkasakit	mɐgkɐsɐxit
magkasala	magasaˈla
magkasiya	mɐgkaʃɐ
magkatakob	mɐgkɐtaxob
magkataon	mɐgkatɐʔon
magkatapat	mɐgkatɐpat
magkatapat	mɐgkɐtɐpat
magkatay	mɐgkataɪ̯
magkautang	mɐgkɐʔutɐŋ
magkekeso	mɐgkɛxɛso
magkeso	mɐgkɛso
magkeyk	mɐgkɛɪ̯k
magkita	makita
magkudeta	mɐgkudɛtɐ
magkumahog	mɐgkʊmɐhog
magkumot	mɐgkumot
magkunwari	mɐgkʊnwɐɾiʔ
magkusa	magusa
magkuwenta	mɐgkwɛntɐ
magkuwento	mɐgkwɛnto
magkwento	mɐgkwɛnto
maglaan	mˈaglaːn
maglaba	maglabat
maglaba	mɐglɐba
maglabas	mɐglɐbas
maglagay	mɐglɐɣaɪ̯
maglaho	maglaxo
maglaho	mɐglahoʔ
maglakad	mɐglɐxad
maglakbay	mɐglɐkbaɪ̯
maglalabas	maglalabas
maglalako	mɐglɐlaxoʔ
maglalako	mɐglɐlɐxoʔ
maglalatik	maglalakik
maglalaway	mɐglɐlɐwaɪ̯
maglamay	mˈʒaglˈamaj
maglambing	maglamʋiŋ
maglampungan	mɐglɐmpuŋɐn
maglamyerda	mɐglɐmjɛɾdɐ
maglandi	mɐglɐndiʔ
maglanggas	mɐglɐŋgas
maglangib	mɐglɐŋib
maglango	mɐglɐŋo
maglantod	mɐglɐntod
maglapa	mɐglapɐʔ
maglapastangan	mɐglɐpɐstaŋɐn
maglarawan	mɐglɐɾawɐn
maglaro	mɐglɐɾoʔ
maglasing	mɐglɐsiŋ
maglasingan	maglasiŋan
maglaslas	mɐglɐslas
maglaso	mɐglaso
maglatag	maglatˈag
maglaway	mɐglɐwaɪ̯
maglaya	mɐglajɐʔ
maglayag	magljag
maglibing	mɐglɪbiŋ
maglibot	maglibot
maglihi	mɐglɪhiʔ
maglinao	mɐglinaʊ̯
maglingid	mɐglɪŋid
maglingkod	maglingkod
maglingkod	mɐglɪŋkod
maglinis	maglinis
maglinis	mɐglinɪs
maglista	mɐglɪsta
magliwaliw	mɐglɪwɐliʊ̯
magliyab	mˌagliʒˈab
magloko	mɐgloxo
maglola	mɐglolɐ
maglolo	mɐglolo
maglustay	mɐglʊstaɪ̯
magluto	mɐgluto
magluto	mɐglutoʔ
magluwat	mɐglwat
magma	magmɐ
magmadali	magmadɑːliː
magmadali	mɐgmɐdɐliʔ
magmahal	maːzˈmahal
magmahal	mɐgmɐhal
magmakaawa	mɐgmɐxɐʔawɐʔ
magmalinis	mɐgmɐlɪnis
magmaliw	mɐgmaliʊ̯
magmana	mɐgmanɐ
magmaneho	mɐgmɐnɛho
magmartsa	mɐgmaɾtʃɐ
magmasahe	mɐgmɐsahɛ
magmatigas	mɐgmɐtɪɣas
magmayabang	mɐgmɐjɐbaŋ
magmeryenda	mɐgmɛɾjɛndɐ
magmukmok	mɐgmʊkmok
magmundo	mɐgmʊndo
magmura	mɐgmuɾɐ
magmura	mɐgmʊɾa
magnakaw	mɐgnaxaʊ̯
magnanakaw	magnanaːkʰaː
magnanakaw	magnɐnaxaʊ̯
magnanakaw	mɐgnɐnaxaʊ̯
magnanay	mɐgnanaɪ̯
magnate	mɐgnatɛ
magnaye	mɐgnajɛ
magnesyo	mɐgnɛʃo
magnet	magnɛt
magnetiko	mɐgnɛtɪxo
magnilay	magilaj
magnilay	mugniːlaɪẽ
magningas	magnˈiŋɛs
magningas	mɐgniŋɐs
magningning	mɐgnɪŋniŋ
magniningning	mɐgnɪnɪŋniŋ
magnipayer	mɐgnɪpajɛɾ
magnipikador	mɐgnɪpɪxɐdoɾ
magnipikat	mɐgnipɪxɐt
magno	magno
magpaalam	mɐgpɐʔalɐm
magpagawa	mɐgpɐɣɐwaʔ
magpagupit	mɐgpɐɣʊpit
magpaguwapo	mɐgpɐgwapo
magpahid	magpahid
magpahid	mɐgpahɪd
magpakailanman	mɐgpɐxaɪ̯lɐnman
magpakailanman	mɐgpɐxɐʔɪlɐnman
magpakamatay	mɐgpɐxɐmɐtaɪ̯
magpakasasa	mɐgpɐxɐsasɐʔ
magpakumbaba	mɐgpɐxʊmbɐbaʔ
magpalaganap	mɐgpɐlɐɣanɐp
magpalaglag	mɐgpɐlɐglag
magpaliban	magpaliːban
magpaliwanag	mɐgpɐlɪwanɐg
magpamanhid	maːgpamaːnhiːd
magpanatili	mɐgpɐnɐtilɪ
magpanggap	mɐgpɐŋgap
magpansinan	mɐgpɐnsinɐn
magpantay	mɐgpɐntaɪ̯
magpaopera	mɐgpɐʔopɛɾa
magpapansin	mɐgpɐpansɪn
magpapansin	mɐgpɐpɐnsin
magpapaubaya	mɐgpɐpɐʔʊbajɐʔ
magparami	mɐgpɐɾamɪ
magparaya	mɐgpɐɾajɐʔ
magpaskil	mɐgpɐskil
magpaspas	mɣ̞paspas
magpasubasta	mɐgpɐsʊbastɐ
magpasyal	makpaʃal
magpatalsik	mɐgpɐtɐlsik
magpatiwakal	mɐgpɐtɪwɐxal
magpatuloy	mɐgpɐtuloɪ̯
magpatuloy	mɐgpɐtʊloɪ̯
magpatumba	makpatomba
magpatunay	mɐgpɐtunaɪ̯
magpatupad	mɐgpɐtʊpad
magpaubaya	mɐgpɐʔʊbajɐʔ
magpautang	mɐgpɐʔutɐŋ
magpawis	mɐgpɐwis
magpayo	mɐgpajo
magpraktis	mɐgpɾaktɪs
magpunas	mapunas
magpunas	mɐgpunɐs
magpunta	mɐgpʊnta
magpuyat	mɐgpʊjat
magrasa	mɐgɾasɐ
magrekomenda	mɐgɾɛxomɛnda
magrenta	mɐgɾɛntɐ
magsabi	mɐgsabɛ
magsabi	mɐgsabɪ
magsagawa	mɐgsɐɣɐwaʔ
magsahig	mɐgsɐhig
magsalang	mɐgsalɐŋ
magsaliksik	mɐgsɐlɪksik
magsalita	mɐgsɐlɪtaʔ
magsanay	maksaːnajɑ
magsandok	mɐgsɐndok
magsanoc	mɐgsanok
magsapatos	mɐgsɐpatos
magsarili	mɐgsɐɾɪli
magsasaka	mɐgsɐsaxɐ
magsasaka	mɐgsɐsɐxa
magsasapin	mɐgsɐsɐpin
magsawa	magsaua
magsayo	mɐgsajo
magseks	mɐgsɛks
magsigarilyo	mɐgsɪɣɐɾiljo
magsilab	mɐgsɪlab
magsilbi	mɐgsɪlbi
magsimba	mɐgsɪmba
magsino	mɐgsino
magsinungaling	mɐgsɪnʊŋɐliŋ
magsisi	mugsisi
magsisi	mɐgsisɪ
magsisibuyas	mɐgsɪsɪbujɐs
magsiwalat	mɐgsɪwalɐt
magsiyasat	mɐgsɪasɐt
magsombol	mɐgsombol
magsugal	mɐgsʊɣal
magsugal	mˈagsuˈgˈal
magsumbol	mɐgsʊmbol
magsuntukan	mɐgsʊntuxɐn
magsuot	mɐgsʊʔot
magtaas	mɐgtaʔɐs
magtaas	mɐgtɐʔas
magtaban	mɐgtabɐn
magtago	magta˧˧go
magtago	mɐgtaɣoʔ
magtago	mɐgtɐɣoʔ
magtagpo	mɐgtɐgpoʔ
magtagumpay	mɐgtɐɣʊmpaɪ̯
magtalas	mɐgtalɐs
magtalik	mɐgtalɪk
magtalo	mɐgtalo
magtamasa	magtamaːsa
magtanan	mɐgtanɐn
magtanda	mɐgtɐndaʔ
magtanggol	mɐgtɐŋgol
magtanim	mɐgtɐnim
magtaning	mɐgtanɪŋ
magtapak	mɐgˈtapˈak
magtapat	mɐgtɐpat
magtapon	mɐgtapon
magtapos	mɐgtɐpos
magtatabako	mɐgtɐtɐbaxo
magtatag	mɐgtɐtag
magtataho	mɐgtɐtɐhoʔ
magtataning	mɐgtɐtanɪŋ
magtibay	mɐgtibaɪ̯
magtimpla	mɐgtɪmpla
magtinda	mɐgtɪnda
magtipid	mɐgtɪpid
magtrabaho	mɐgtɾɐbaho
magtraysikel	mɐgtɾaɪ̯sɪxɛl
magtuon	magtuˈon
magturo	mɐgtuɾoʔ
magturok	mɐgtuɾok
magugol	mɐɣuɣol
magugulatin	mɐɣʊɣʊlɐtin
magugulo	mɐɣuɣʊlo
magugulo	mɐɣʊɣʊlo
magugustuhan	mɐɣʊɣʊstʊhan
maguindanao	mɐɣindɐnaʊ̯
magulang	mɐɣulɐŋ
magulat	mɐɣulɐt
magulo	magulo
magulo	mɐɣʊlo
magusot	mɐɣʊsot
magustuhan	mɐɣʊstʊhan
magutom	magutum
maguyam	mɐɣujɐm
magwagi	mɐgwɐɣiʔ
magwahil	mɐgwɐhil
magwala	mɐgwɐlaʔ
magwelga	mɐgwɛlgɐ
magwewelga	mɐgwɛwɛlgɐ
magwisik	magwɪsik
magyabang	mɐgjɐbaŋ
magyangyang	mɐgjɐŋjaŋ
magyasyas	mɐgjɐsjas
magyaya	mɐgjajɐ
magyaya	mɐgjajɐʔ
magyelo	mɐgjɛlo
magyibok	mɐgjɪbok
magyo	mɐgjo
magyosi	mɐgjosɪ
mahaba	mɐhabɐʔ
mahabaan	mɐhɐbaʔɐn
mahadera	mɐhɐdɛɾɐ
mahadero	mɐhɐdɛɾo
mahadlika	mɐhɐdlɪxa
mahadlika	mɐhɐdlɪxaʔ
mahaglika	mɐhɐglɪxaʔ
mahahaba	mɐhɐhabɐʔ
mahahalang	mɐhɐhalɐŋ
mahahalay	mɐhɐhalaɪ̯
mahahalimuyak	mɐhɐhɐlɪmujɐk
mahahapdi	mɐhɐhɐpdiʔ
mahal	mɐhal
mahalaga	mɐhɐlɐɣa
mahalang	mɐhalɐŋ
mahalay	mɐhalaɪ̯
mahalimuyak	mɐhɐlɪmujɐk
mahalin	mɐhɐlin
mahamog	mɐhɐmog
mahangin	mahangin
mahangin	mɐhaŋɪn
mahapdi	mɐhɐpdiʔ
maharlika	mɐhaɾlɪxɐ
maharlika	mɐhɐɾlɪxa
maharlika	mɐhɐɾlɪxaʔ
maharot	maːhaɾot
maharot	mɐhɐɾot
mahigit	mɑhigɪt
mahihirapan	mahiːhiraːpan
mahihiya	mahˈiheja
mahikaw	mɐhixaʊ̯
mahilig	mɐhilɪg
mahilo	mɐhilo
mahiman	mɐhimɐn
mahina	mɐhinɐʔ
mahinahon	mɐhɪnahon
mahinay	mɐhinaɪ̯
mahinhin	mɐhɪnhin
mahirap	mɐhiɾɐp
mahirapan	mɐhɪɾapɐn
mahistrado	mɐhɪstɾado
mahitik	mɐhitɪk
mahiwaga	mɐhɪwaɣɐʔ
mahiyain	mɐhɪaʔɪn
mahoma	mɐhomɐ
mahuli	mahulɪ
mahuli	mahʊlɪ
mahuli	mɐhulɪ
mahuli	mɐhulɪʔ
mahulog	mɐhulog
mahumaling	mɐhʊmɐliŋ
mahusay	mɐhusaɪ̯
mai	mɐʔi
maibigin	mɐʔɪbɪɣin
maigi	maigɛ
maihahambing	maʔihaːhæmbiːŋ
maiitim	mɐʔɪʔɪtim
maiksian	mɐʔɪksiʔɐn
maimbot	mɐʔɪmbot
maingat	maiːnat
maingay	mɐʔiŋaɪ̯
mainggitin	mɐʔɪŋgitɪn
mainip	maːn˩˩˦ip˦˥
mainipin	mɐʔɪnipɪn
mainis	mɐʔɪnis
mainis	mˌaɪnˈis
mainit	maːiːnɪd
mainit	mɐʔinɪt
mainsekto	mɐʔɪnsɛkto
maintindihan	mɐʔɪntɪndɪhan
maipon	maipun
mais	maːˈeːs
mais	mɐʔis
maisahan	mɐʔɪsɐhan
maisauli	maʔisaulɪ
maisto	mɐʔisto
makabago	mɐxɐbaɣo
makabago	mˌakaβˈaɣo
makabansa	maqabansa
makabayan	mɐxɐbajɐn
makabuhay	mɐxɐbuhaɪ̯
makabuluhan	mɐxɐbʊlʊhan
makain	mɐxaʔɪn
makaitlo	mɐxaʔɪtlo
makakain	mɐxɐxaʔɪn
makakalimutin	mɐxɐxɐlɪmʊtin
makakaliwa	mɐxɐxɐlɪwaʔ
makakanan	mɐxɐxanɐn
makakapunta	makakapunta
makakawatas	makaːkawaˈtaːs
makakita	mɐxɐxitɐ
makakuha	mɐxɐxuhɐ
makalat	mɐxalɐt
makalawa	mɐxalɐwɐ
makalawa	mɐxɐlɐwa
makalaya	maqalaːja
makalima	mɐxalɪmɐ
makalima	mɐxɐlɪma
makalimot	mɐxɐlimot
makalimutan	makalimutan
makalimutan	mɐxɐlɪmutɐn
makalintal	mɐxɐlɪntal
makaluma	mɐxɐlumɐʔ
makamundo	mɐxɐmʊndo
makamundo	mˈaqamundoʁ
makan	mɐxan
makapal	makapal
makapal	mɐxɐpal
makapangyarihan	mɐxɐpɐŋjɐɾihɐn
makapanis	mɐxɐpanɪs
makapuno	mɐxɐpʊnoʔ
makaramdam	mɐxɐɾɐmdam
makaroni	mɐxɐɾonɪ
makasagap	mɐxɐsaɣɐp
makasalanan	maqasalaːnaːn
makasalanan	mɐxɐsɐlanɐn
makasaysayan	mɐxɐsaɪ̯sajɐn
makata	mɐxatɐʔ
makatarungan	makatajaŋan
makatarungan	mɐxɐtɐɾuŋɐn
makatatlo	mɐxatɐtlo
makatatlo	mɐxɐtɐtlo
makatha	mɐxɐthaʔ
makati	maqaaːti
makati	mɐxatɪ
makati	mɐxɐti
makatotohanan	mɐxɐtotohanɐn
makatulog	mɐxɐtulog
makatulog	mɐxɐtʊlog
makatuwid	mɐxɐtwid
makausap	mɐxɐʔusɐp
makaw	mɐxaʊ̯
makdo	mɐkdo
makdo	mɐkdoʔ
makialam	mɐxɪʔɐlam
makiapid	mɐxɪʔɐpid
makibahagi	mɐxɪbɐhaɣɪʔ
makikitid	mɐxɪxitɪd
makiko	mɐxixo
makilala	makilala
makilala	mɐxɪlalɐ
makiling	mɐxilɪŋ
makina	maxɪnɐ
makinarya	mɐxɪnaɾjɐ
makinig	mɐxɪnig
makinilya	maːkɪːniliːa
makinilya	mɐxɪniljɐ
makinis	mɐxinɪs
makinis	mˈakˈiniʃ
makinista	mɐxɪnistɐ
makintab	makintav
makintab	mɐxɪntab
makipagkaibigan	mɐxɪpɐgkaɪ̯biɣɐn
makipagkaibigan	mɐxɪpɐgkɐʔɪbiɣɐn
makipagsapalaran	mɐxɪpɐgsapɐlɐɾan
makipagsuntukan	mɐxɪpɐgsʊntuxɐn
makipagtalik	mɐxɪpɐgtalɪk
makipot	makipo̞t
makipot	mɐxipot
makisama	mˈakːisama
makisawsaw	mɐxɪsaʊ̯saʊ̯
makisig	mɐxisɪg
makita	makita
makita	mɐxitɐʔ
makitawag	mɐxɪtawɐg
makitid	mɐxitɪd
makitir	mɐxitɪɾ
makiusap	mɐxɪʔusɐp
makiuso	mɐxɪʔuso
makontento	mɐxontɛnto
makopa	mɐxopɐ
makopa	mˈaːqopˈa
makuha	mɐxuhɐ
makukuha	makokuha
makukulay	mɐxʊxulaɪ̯
makukulit	mɐxʊxʊlit
makulay	mɐxulaɪ̯
makulimlim	mɐxʊlɪmlim
makulit	mɐxʊlit
makulog	mɐxʊlog
makunan	mɐxunɐn
makunat	mɐxunɐt
makuto	mɐxuto
makuyad	mɐxujɐd
makyabeliko	mɐkjɐbɛlɪxo
malaanonang	mɐlɐʔɐnonɐŋ
malabanan	mɐlɐbanɐn
malabnaw	mɐlɐbnaʊ̯
malabo	malabo
malabo	mɐlaboʔ
malabon	mɐlɐbon
malabuntala	mɐlɐbʊntalɐʔ
malabuyoc	mɐlɐbujok
malabuyoc	mɐlɐbʊjok
malacañang	mɐlɐxɐɲaŋ
malagas	malagas
malagata	mɐlɐɣɐtaʔ
malagatas	mɐlɐɣatɐs
malagim	mɐlɐɣim
malagkit	mɐlɐgkit
malaglag	malaglag
malaglag	mɐlɐglag
malakanyang	mɐlɐxɐɲaŋ
malakarit	mɐlɐxaɾɪt
malakas	malakas
malakas	mɐlɐxas
malakeso	mɐlɐxɛso
malaki	malakˈi
malaki	mɐlɐxi
malaki	mɐlɐxɛ
malakihan	malɐxihɐn
malakihan	mɐlɐxɪhan
malaking	malakˈin
malakristal	mɐlɐkɾɪstal
malalakas	mɐlɐlɐxas
malalaki	mɐlɐlɐxi
malalaman	maːlalaːmaːn
malalapad	mɐlɐlapɐd
malalim	malaliːm
malalim	mɐlalɪm
malaluan	mɐlɐluʔɐn
malaman	malaman
malaman	mɐlamɐn
malaman	mɐlɐman
malamang	mɐlɐmaŋ
malambing	mɐlɐmbiŋ
malambot	malamβ̞ot̪
malambot	mɐlɐmbot
malamig	malamik
malamig	mɐlɐmig
malamok	mɐlɐmok
malamya	malamjaː
malamya	mɐlɐmjaʔ
malana	mɐlanɐ
malanasi	mɐlɐnasɪʔ
malanday	mɐlɐndaɪ̯
malandi	mɐlɐndiʔ
malangas	malangas
malanggam	mɐlɐŋgam
malangis	mɐlɐŋis
malansa	malansa
malansa	mɐlɐnsa
malanta	mɐlɐnta
malanya	mɐlɐɲaʔ
malaon	mɐlaʔon
malaon	mɐlɐʔon
malapad	mɐlapɐd
malapascua	malapaska
malapit	mɐlapɪt
malapit	mɐlɐpit
malapitan	mɐlɐpitɐn
malapot	malapot
malapot	mɐlapot
malaruhat	mɐlɐɾuhɐt
malaruhatan	mɐlɐɾʊhɐtan
malas	balas
malas	malɐs
malasado	malasado
malasado	mɐlɐsado
malasakit	mɐlɐsaxɪt
malason	malason
malaswa	mɐlɐswaʔ
malatala	mɐlɐtalɐʔ
malawak	mɐlawɐk
malawakan	mɐlɐwaxɐn
malawi	mɐlawɪ
malay	malai
malay	malaɪ̯
malaya	malaja
malaya	malaj˧a˥˧
malaya	mɐlajɐ
malaya	mɐlajɐʔ
malayo	malajo
malayo	mɐlajo
malayo	mɐlajoʔ
malbarosa	mɐlbɐɾosɐ
maldita	mɐlditɐ
maldito	mɐldito
maleta	mɐlɛtɐ
mali	malɪ
mali	mɐlɛʔ
malibag	mɐlɪbag
maliban	malibɐn
maliban	malibən
maliban	mɐlibɐn
malibiran	mɐlɪbiɾɐn
malibog	mɐlibog
maligalig	maligalig
maligaw	malɪɣaʊ̯
maligaw	mɐlɪɣaʊ̯
maligaya	mɐlɪɣajɐ
maligo	maligo
maligo	mɐliɣoʔ
malihan	mɐlihɐn
maliit	mɐliʔɪt
maliit	mɐlɪʔit
maliitan	mɐlɪʔɪtan
maliitin	mɐlɪʔɪtin
malijan	mɐlihɐn
malik	mɐlik
malikdim	mɐlɪkdim
malikhain	mɐlɪkhaʔɪn
malikmata	mɐlikmɐta
malikmata	mɐlɪkmatɐʔ
malikot	mɐlɪxot
maliksi	malikse
maliksi	mɐlɪksi
malilay	mɐlilaɪ̯
maliligo	maliligo
malilimutin	mɐlɪlɪmʊtin
malilinis	malilinis
malilom	mɐlilom
malimban	mɐlɪmban
malimit	malimit̪
malimit	mɐlimɪt
malimutan	malimwt̪an
malinab	mɐlɪnab
malinao	malj˩˩˦inao˥˩˦
malinao	mɐlinaʊ̯
malinaw	maljnau
malinaw	mɐlinaʊ̯
malindol	mɐlɪndol
malinis	mɐlinɪs
malinta	mɐlɪntaʔ
malintikan	mɐlɪntɪxan
maliputo	mɐlɪpʊtoʔ
malisa	mɐlisɐ
malisa	mɐlɪsaʔ
malisya	mɐliʃɐ
malitlit	mɐlɪtlit
maliw	maliʊ̯
maliwanag	maliwanag
maliwanag	mɐlɪwanɐg
malixi	mɐliksɪ
mall	mol
mallare	mɐljaɾɛ
mallari	mɐljaɾɪ
mallig	mɐlig
mallig	mɐllig
mallorca	mɐljoɾkɐ
maloles	mɐlolɛs
malolos	malolos
malolos	mɐlolos
maltratuhin	mɐltɾɐtuhɪn
malubak	mɐlʊbak
malubha	maluɓha
malubha	mɐlʊbhaʔ
maluho	mɐluho
maluho	mɐluhoʔ
malukong	mɐlʊxoŋ
malulong	mɐlʊloŋ
malumay	maluːmaj
malumbay	mɐlʊmbaɪ̯
malumot	mɐlumot
malunggay	malʊ̃ːngɐjˈ
malunggay	mɐlʊŋgaɪ̯
malungkot	mɐlʊŋkot
malunod	malunon
malunod	mɐlunod
malupit	malupˈit
malupit	mɐlʊpit
malusaw	malusao
malusog	malusˈogɐ
malusog	mɐlʊsog
maluto	mɐlutoʔ
maluto	mɐlʊtoʔ
malutong	malut̪ɔ̂ŋ
malutong	mɐlʊtoŋ
maluwat	mɐlwat
malware	malwɛɪ̯ɾ
malápit	malaːpiːt
malî	malˈe
mama	mama
mama	mɐma
mama	mɐmaʔ
mama	mɐmɐ
mama	mɐmɐʔ
mamad	mɐmad
mamaga	mamaga
mamagitan	mamagitan
mamagitan	mɐmɐɣitɐn
mamahagi	mɐmɐhaɣɪʔ
mamahalin	mamɐhalɪn
mamahalin	mɐmɐhɐlin
mamahayag	mamɐhɐjɐg
mamahayag	mɐmɐhɐjag
mamakaitlo	mamɐxɐʔɪtlo
mamakyaw	mɐmɐkjaʊ̯
mamalagi	mamalaɠi
mamam	mamem
mamamahayag	mamɐmɐhɐjag
mamamahayag	mɐmɐmɐhɐjag
mamamakyaw	mamɐmɐkjaʊ̯
mamamakyaw	mɐmamɐkjaʊ̯
mamamakyaw	mɐmɐmɐkjaʊ̯
mamamana	mamɐmanɐʔ
mamamangka	mamɐmɐŋkaʔ
mamamangka	mɐmɐmɐŋkaʔ
mamamayan	mamamajaf
mamamayan	mamɐmɐjan
mamanata	mɐmɐnatɐʔ
mamangha	mamɑŋhaː
mamangka	mɐmɐŋkaʔ
mamanhid	mamanhid
mamanhikan	ma˥manhiːan˧
mamanhikan	mɐmɐnhixɐn
mamantal	mamɛntɑl
mamaril	mɐmaɾɪl
mamaril	mɐmɐɾil
mamasa	mɐmɐsaʔ
mamasada	mɐmɐsadɐ
mamasan	mamɐsɐn
mamasko	mɐmɐsko
mamasura	mɐmɐsuɾɐ
mamasyal	mamatʃal
mamataan	mɐmɐtɐʔan
mamatay	mɐmɐtaɪ̯
mamatayan	mɐmɐtɐjan
mamaw	mamaʊ̯
mamay	mamaɪ̯
mamay	mɐmaɪ̯
mamaya	mamɐjɐʔ
mamaya	mɐmɐjaʔ
mambabae	mɐmbɐbaʔɛ
mambabarang	mambɐbaɾɐŋ
mambabatas	mɐmbɐbatɐs
mambiktima	mɐmbiktɪmɐ
mambobola	mambobola
mambobola	mɐmbobolɐ
mamboboso	mɐmboboso
mambola	mɐmbolɐ
mamboso	mɐmboso
mambugaw	mɐmbuɣaʊ̯
mamburao	mɐmbʊɾaʊ̯
mambuwisit	mɐmbwisɪt
mami	mamɪ
mamigay	mɐmɪɣaɪ̯
mamihasa	mamɛːˈhasa
mamihasa	mɐmɪhasɐ
mamihasa	mɐmɪhasɐʔ
mamili	mamili
mamili	mɐmɪli
mamilis	mɐmɪlis
mamimili	mamimili
mamimili	mɐmɪmilɪ
mamimili	mɐmɪmɪli
mamingwit	mɐmɪŋwit
mamintog	mɐmɪntog
mamirata	mɐmɪɾatɐ
mamolitika	mɐmolitɪxɐ
mamon	mɐmon
mamplasan	mɐmplasɐn
mamsir	mamsɛɾ
mamugad	mɐmuɣɐd
mamuhay	mɐmuhaɪ̯
mamuhunan	mɐmʊhunɐn
mamula	mˈaːmolaː
mamulaklak	mɐmʊlɐklak
mamulat	mamulat
mamulitika	mɐmʊlitɪxɐ
mamulot	maːmulˈt
mamumuhunan	mɐmʊmʊhunɐn
mamumukyot	mamʊmʊkjot
mamumukyot	mɐmʊmʊkjot
mamumundok	mamʊmʊndok
mamumundok	mɐmʊmʊndok
mamumuslit	mamʊmʊslit
mamundok	mɐmʊndok
mamunò	mamuno
mamura	mɐmuɾɐ
mamuti	mɐmʊtiʔ
mamutla	mɐmʊtlaʔ
man	man
mana	manɐ
manabat	mɐnabɐt
manabik	manabig
manabo	manabo
manabunot	mɐnɐbunot
manahan	mɐnahɐn
manahimik	mɐnɐhimɪk
manaig	mɐnɐʔig
manainga	mɐnaɪ̯ŋɐ
manainga	mɐnɐʔiŋɐ
manainga	mɐnɛŋɐ
manakawan	mɐnɐxawɐn
manakit	mɐnɐxit
manalad	mɐnalɐd
manalamin	mɐnɐlɐmin
manalang	mɐnalɐŋ
manalangin	mɐnɐlaŋɪn
manalastas	mɐnɐlɐstas
manalaysay	mɐnɐlaɪ̯saɪ̯
manalikod	mɐnɐlixod
manalo	manalo
manalo	mɐnalo
manaloto	mɐnɐloto
manamantala	mɐnɐmɐntɐla
manamit	mɐnɐmit
mananagalog	mɐnɐnɐɣalog
mananahi	mɐnɐnahɪʔ
mananahi	mɐnɐnɐhiʔ
mananakay	mananaqaj
mananakay	mɐnɐnaxaɪ̯
mananakop	mɐnɐnaxop
mananaliksik	mɐnɐnɐlɪksik
mananalita	mɐnɐnɐlɪtaʔ
mananamantala	mɐnɐnɐmɐntɐla
mananambal	maːnˈanamˈbal
manananggal	maːnanæŋgˈal
manananggal	mɐnɐnɐŋgal
manananim	manɐnɐnim
mananayaw	mananajau
mananayaw	mɐnɐnajaʊ̯
manang	manam
manang	manɐŋ
manansala	mɐnɐnsalɐ
manaoag	mɐnawɐg
manaog	mɐnaʔog
manapak	mɐnɐpak
manapla	mɐnaplɐ
manarang	mɐnaɾɐŋ
manariwa	mɐnɐɾiwɐʔ
manas	manas
manatad	mɐnatɐd
manatili	maːnatili
manatili	mɐnɐtilɪ
manatili	mɐnɐtilɪʔ
manawagan	mɐnɐwaɣɐn
manay	mˌɐnˈɐj
mancao	mɐŋkaʊ̯
mandadangkal	mɐndɐdɐŋkal
mandaluyong	mɐndɐlujoŋ
mandanas	mɐndanɐs
mandapat	mɐndapɐt
mandaragat	mɐndɐɾɐɣat
mandaragit	mandɐɾɐɣit
mandarambong	mɐndɐɾɐmboŋ
mandaraya	manda˥˩raːj˧a
mandaraya	mandɐɾajɐʔ
mandaraya	mɐndɐɾajɐʔ
mandarin	mɐndɐɾin
mandato	mɐndato
mandaue	mandaːwe
mandigma	mɐndɪgmaʔ
mandila	mɐndilɐʔ
mandin	mɐndin
mandirigma	mand̪irɪgma
mandirigma	mɐndɪɾɪgmaʔ
mando	mando
mandocdoc	mɐndokdok
mandukot	mɐnduxot
mandurukot	mɐndʊɾuxot
manedyer	manɛdʒɛɾ
maneho	manˈɛho
maneho	mɐnɛho
manehuin	manʲikːuːjn
manga	mɐŋa
manga	mɐŋˈgɐ
mangagaso	maŋaŋaso
mangagat	mɐŋɐɣat
mangahas	mɐŋɐhas
mangailangan	mɐŋaɪ̯laŋɐn
mangailangan	mɐŋɐʔɪlaŋɐn
mangako	mɐŋaxoʔ
mangako	məŋakʊ
mangalakal	mɐŋɐlaxɐl
mangalandakan	mɐŋɐlɐndaxɐn
mangalay	maŋaːlaje
mangalay	mɐŋalaɪ̯
mangaldan	mɐŋɐldan
mangaliman	mɐŋɐlimɐn
mangalindan	mɐŋɐlɪndan
mangaliwa	mɐŋɐlɪwaʔ
mangalunya	mɐŋalʊɲɐʔ
mangalunya	mɐŋɐlʊɲaʔ
mangamba	mɐŋɐmba
mangamkam	mɐŋɐmkam
mangamote	mɐŋɐmotɛ
manganak	mɐŋɐnak
mangangailangan	mɐŋɐŋaɪ̯laŋɐn
mangangailangan	mɐŋɐŋɐʔɪlaŋɐn
manganganta	maŋaŋanˈtɑ
mangangaso	mɐŋɐŋaso
mangaoang	mɐŋawɐŋ
mangaral	mɐŋaɾɐl
mangaroling	mɐŋaɾolɪŋ
mangaso	mɐŋaso
mangayaw	mɐŋɐjaʊ̯
mangga	maŋˈʒaː
mangga	mɐŋga
manggadya	mɐŋgɐdʒaʔ
manggagamot	mangagamot
manggagantso	mɐŋgɐɣantʃo
manggagapas	mɐŋgɐɣapɐs
manggahan	mɐŋgahɐn
manggaling	mangaliŋ
manggantso	mɐŋgantʃo
manggas	mɐŋgas
manggugubat	manggugubak
manggugupit	mɐŋgʊɣupɪt
manggulo	mɐŋgʊlo
mangha	mǎŋ˨˩haː˧
manghahabi	mɐŋhɐhabɪ
manghahasa	mɐŋhɐhasɐʔ
manghahawa	mɐŋhɐhawɐ
manghahawa	mɐŋhɐhawɐʔ
manghal	mɐŋhal
manghalik	mɐŋhɐlik
manghaw	mɐŋhaʊ̯
manghawa	mɐŋhawɐ
manghawa	mɐŋhawɐʔ
manghihilot	mɐŋhɪhilot
manghihipo	mɐŋhɪhipoʔ
manghimasok	mɐŋhɪmasok
manghingi	mɐŋhɪŋiʔ
mangholdap	mɐŋholdɐp
manghuhula	mɐŋhʊhulɐʔ
manghula	mɐŋhulɐʔ
manghusga	mɐŋhʊsga
manghuthot	mɐŋhʊthot
mangibabaw	mɐŋɪbabaʊ̯
mangikil	mɐŋixɪl
mangilit	mɐŋilɪt
mangiliti	mɐŋɪlɪtiʔ
mangimi	mɐŋɪmi
manginginom	maŋɪŋinom
mangingisda	maŋɪŋɪsdɐʔ
mangingisda	mɐŋɪŋɪsdaʔ
manginsulto	mɐŋɪnsulto
mangisay	mɐŋɪsaɪ̯
mangisda	mɐŋɪsdaʔ
mangitim	mɐŋɪtim
mangitlog	mɐŋɪtlog
mangjombags	mɐŋdʒombɐgs
mangjumbag	mɐŋdʒumbɐg
mangkakalot	mɐŋkɐxɐlot
mangkok	mɐŋkok
mangkok	naŋkʊk˥
mangkukulam	mɐŋkʊxulɐm
mangmang	mɐŋmaŋ
mangmolestiya	mɐŋmolɛstʃɐ
mangoba	mɐŋobɐ
mangobra	mɐŋobɾɐ
mangomisyon	mɐŋomɪʃon
mangopya	mɐŋopjɐ
mangubra	mɐŋʊbɾa
mangudadatu	mɐŋʊdɐdatʊ
mangudyok	mɐŋʊdʒok
manguerra	mɐŋgɛɾɐ
manguha	mɐŋuhɐ
manguiat	mɐŋjat
mangulabnan	mɐŋʊlɐbnan
mangulangot	mɐŋʊlaŋot
manguna	mɐŋunɐ
mangupit	mɐŋupɪt
mangutang	mɐŋutɐŋ
mangyari	maŋjaːri
mangyari	mɐŋjaɾɪ
mangyayari	maŋjaˈjari
manhid	manhʲid
manhid	mɐnhid
mani	mɐni
mani	mɐniʔ
manibago	manibago
manibela	mɐnɪbɛlɐ
manigarilyo	mɐnɪɣɐɾiljo
manigaw	mɐnɪɣaʊ̯
manigo	mɐniɣoʔ
manika	mɐnixɐʔ
manikin	mɐnɪxin
manila	manila
manilaw	mɐnɪlaʊ̯
manilenya	mɐnɪlɛɲɐ
manilenyo	mɐnɪlɛɲo
manilip	mɐnilɪp
manimdim	manimɗimː
manimot	mɐnɪmot
manindigan	mɐnɪndiɣɐn
maning	mɐniŋ
maningas	mɐniŋɐs
maningil	mɐnɪŋil
maniniyot	mɐnɪɲot
maniobra	manjobra
maniobra	mɐnɪʔobɾɐ
maniobra	mɐɲobɾɐ
manipis	mɐnɪpis
manipula	mɐnɪpʊla
manipulahin	mɐnɪpʊlɐhin
maniquiz	mɐnɪxis
manirahan	mɐnɪɾahɐn
manisi	mɐnisɪ
maniwala	mɐnɪwalɐʔ
manlaban	mɐnlɐban
manlait	mɐnlaʔɪt
manlalakbay	mɐnlɐlɐkbaɪ̯
manlalaro	mɐnlɐlaɾoʔ
manlangit	mɐnlaŋɪt
manlapaz	mɐnlapɐs
manlapig	mɐnlapɪg
manlason	manlaːsɔn
manlibak	mɐnlɪbak
manligaw	manliːgau
manligaw	mɐnliɣaʊ̯
manliligaw	mɐnlɪliɣaʊ̯
manlililok	mɐnlɪlilok
manlimos	mɐnlɪmos
manlisik	mɐnlisɪk
manloko	mɐnloxo
manloloko	mɐnloloxo
manloob	mɐnloʔob
manlutac	mɐnlutɐk
manman	mɐnman
mano	mano
manok	mɐnok
manong	manoŋ
manonood	manonoʔod
manonood	mɐnonoʔod
manood	mɐnoʔod
manoy	manoj
manoy	mɐnoɪ̯
manrique	mɐnɾixɛ
mansa	mantʃa
mansa	mɐnsa
mansalay	mɐnsalaɪ̯
mansanas	mansana
mansanas	mɐnsanɐs
mansanitas	mɐnsɐnitɐs
mansigit	mɐnsiɣɪt
mansiyon	mɐnʃon
mansusugnay	mɐnsʊsugnaɪ̯
mantala	mɐntalɐ
mantala	mɐntalɐʔ
mantala	mɐntɐla
mantekado	mɐntɛxado
mantekilya	mɐntɛxiljɐ
mantel	mant̪el
mantene	mɐntɛnɛ
mantenedor	mɐntɛnɛdoɾ
mantika	mantika
mantika	mɐntixɐʔ
mantikilya	mɐntɪxiljɐ
mantilya	mɐntiljɐ
mantini	mɐntɪni
mantinimyento	mɐntɪnɪmjɛnto
manton	mɐnton
mantsa	mantʃa
mantsa	mɐntʃa
manubok	manubok
manugang	mɐnuɣɐŋ
manuhol	mɐnuhol
manukan	mɐnuxɐn
manuklaw	mɐnʊklaʊ̯
manulat	mɐnulɐt
manungkulan	mɐnʊŋkulɐn
manuntok	mɐnʊntok
manunubig	manʊnubɪg
manunubok	manunubok
manunubos	manonubos
manunubos	manʊnubos
manunugal	mɐnʊnʊɣal
manunula	mɐnʊnʊlaʔ
manunulat	mɐnʊnʊlat
manusya	mɐnʊʃaʔ
manyika	mɐɲixɐʔ
manzanero	mɐnsɐnɛɾo
manzanero	mɐnzɐnɛɾo
manzanilla	mɐnsɐniljɐ
manzanilla	mɐnzɐniljɐ
manzano	mɐnsano
manzano	mɐnzano
maong	ma˨˩ʔom˧
maong	mɐʔoŋ
maoy	maʔoɪ̯
mapa	mapa
mapa	mapɐ
mapagbigay	mapatbigaj
mapagbigay	mɐpɐgbɪɣaɪ̯
mapaghiganti	mɐpɐghɪɣɐnti
mapagkatiwalaan	mapagkatiwãlaan
mapagkawanggawa	mɐpɐgkawɐŋgɐwɐʔ
mapagkumbaba	maːpagːumbabaː
mapaglaro	mapaglˈarˈo
mapagmahal	mɐpɐgmɐhal
mapagmalaki	mɐpɐgmɐlɐxi
mapagmataas	maːpagmataːs
mapagmataas	mɐpɐgmɐtɐʔas
mapagmatiyag	mapagmatjag
mapagmatyag	mɐpɐgmɐtʃag
mapagmayabang	mɐpɐgmɐjɐbaŋ
mapagpilit	mapagpilit
mapagsamantala	mɐpɐgsɐmɐntɐla
mapagsinungaling	mapaːgsɪnʊŋalɪŋ
mapagtripan	mɐpɐgtɾɪpan
mapahamak	mɐpɐhamɐk
mapahiya	mɐpɐhɪaʔ
mapait	mapaiːt
mapait	mɐpɐʔit
mapalad	mapalaɗ
mapalad	mɐpalɐd
mapaminsala	mɐpɐmɪnsalɐʔ
mapangahas	mɐpɐŋɐhas
mapanganib	mapanganiʋ
mapanganib	mapɐŋanɪb
mapanganib	mɐpɐŋanɪb
mapanghamon	mapaŋhaˈmon
mapanghusga	mapaŋhusga
mapanghusga	mɐpaŋhʊsga
mapangutya	mɐpɐŋʊtʃaʔ
mapaniil	mɐpɐnɪʔil
mapanira	mapaˈniːra
mapanira	mɐpɐniɾɐʔ
mapaniwalain	mɐpɐnɪwɐlɐʔin
mapansin	mɐpɐnsin
mapanuri	mapanuːri
mapapel	mɐpɐpɛl
maparaan	mɐpɐɾɐʔan
maparas	mɐpɐɾas
mapatay	mɐpɐtaɪ̯
mapauwi	mapaʔuʁi
mapera	mɐpɛɾɐ
mapigil	mapːiːgil
mapilak	mapila
mapilay	mapjlai
mapili	mapili
mapilit	mapilid
mapilitan	mapilitan
mapisa	napisˈa
mapua	mɐpuɐ
mapuknat	mɐpʊknat
mapula	mapʊlla
mapulon	mɐpulon
mapulong	mɐpuloŋ
mapurol	maporol
mapurol	mɐpʊɾol
mapusyaw	maposiau
mapusyaw	mɐpʊʃaʊ̯
maputi	maːpʊt̪e
maputik	mɐputɪk
maputla	maːpʰutɛʔlaː
maputla	mɐpʊtlaʔ
maquiling	mɐxilɪŋ
maragondon	mɐɾɐɣondon
maragsa	mɐɾɐgsaʔ
marahas	mɐɾɐhas
marahil	mɐɾahɪl
marakulyo	mɐɾɐxʊljo
maralit	mɐɾalɪt
maralita	mɐɾalɪtɐʔ
maramdaman	mɐɾɐmdɐman
maramdamin	mɐɾɐmdamɪn
marami	mɐɾamɪ
maramot	maramot
maramot	mɐɾamot
maranan	mɐɾanɐn
maranao	mˌaɾanˈaʊ
maranaw	mɐɾɐnaʊ̯
marang	maɾɐŋ
marangal	mˌaɾˈaŋˌaɾl
marapao	mɐɾapaʊ̯
marasigan	mɐɾɐsiɣɐn
maravilla	mɐɾɐbiljɐ
maravilla	mɐɾɐviljɐ
marawi	mɐɾawɪ
marawoy	mɐɾawoɪ̯
marbella	mɐɾbɛljɐ
marcaida	mɐɾkaɪ̯dɐ
marcial	mɐɾʃal
marcos	maɾkos
marcosin	maɾkosin
marfil	mɐɾfil
margarita	mɐɾgɐɾitɐ
maria	mɐɾiɐ
mariano	mɐɾjano
maribel	mɐɾɪbɛl
maricar	mɐɾɪxaɾ
marichu	maɾɪtʃu
marife	mɐɾɪfɛ
marihuwana	mɐɾɪhwanɐ
marikina	mɐɾɪxinɐ
marikit	mɐɾɪxit
marikit	məɾikit
mariko	maɾɪxo
marilao	mɐɾɪlaʊ̯
marilou	maɾɪlu
marilyn	maɾɪlɪn
marinduque	mɐɾɪnduxɛ
marinig	maɾɪnɪg
marinig	mɐɾɪnig
mariquit	mɐɾɪxit
mariseko	mɐɾɪsɛxo
marisol	mɐɾɪsol
maristela	mɐɾɪstɛlɐ
marites	maɾɪtɛs
marites	mɐɾɪtɛs
mariwana	mɐɾɪwanɐ
mariwasa	mɐɾɪwɐsaʔ
mariñas	mɐɾiɲɐs
marka	mɛrka
marmol	mɐɾmol
marquinez	mɐɾkinɛs
mars	maɹs
marso	marso
marso	maɾso
marte	maɾtɛ
martes	mɐɾtɛs
martilyo	mɐɾtiljo
martinez	mɐɾtinɛs
martir	mɐɾtiɾ
martsa	maɾtʃɐ
marulas	mɐɾʊlas
marumi	marumi
marumi	mɐɾʊmi
marungis	mɐɾuŋɪs
marunong	mɐɾunoŋ
marupok	maɾupo
marupok	mɐɾʊpok
mary	mɛɾɪ
mas	mas
masa	masa
masa	masɐ
masa	mɐsaʔ
masabaw	mɐsɐbaʊ̯
masabon	masɐbon
masabon	mɐsɐbon
masagana	masagana
masagana	mɐsɐɣanɐʔ
masagap	mɐsaɣɐp
masagwa	mɐsɐgwaʔ
masahe	mɐsahɛ
masahihan	mɐsɐhihɐn
masahiro	mɐsɐhiɾo
masahista	mɐsɐhistɐ
masahol	masahɔl
masahol	mɐsahol
masaker	masɐxɛɾ
masakim	mɐsɐxim
masakit	mɐsɐxit
masakit	mɐsɐxɛt
masaktan	mɐsɐktan
masakyan	mɐsɐkjan
masalimuot	masalimuːʔot
masalimuot	mɐsɐlɪmuʔot
masama	masam
masamain	mɐsɐmɐʔin
masamid	mɐsɐmid
masamok	mɐsamok
masangcay	mɐsɐŋkaɪ̯
masangkay	mɐsɐŋkaɪ̯
masarap	mɐsɐɾap
masarapan	masaˈɾapˈan
masasakyan	mɐsɐsɐkjan
masaya	mɐsɐja
masayahin	mɐsɐjahɪn
masayap	mɐsɐjap
masbate	mɐsbatɛ
masebo	masebo
masedonya	mɐsɛdoɲɐ
masel	masell
masel	masɛl
maselan	mɐsɛlɐn
masereno	mɐsɛɾɛno
masiba	mɐsibɐʔ
masid	mɐsid
masikhay	mɐsɪkhaɪ̯
masikip	maːsʃiːkip
masikip	mɐsɪxip
masilaw	masilau
masilaw	mɐsilaʊ̯
masilungan	mɐsɪluŋɐn
masilya	mɐsiljɐ
masinag	mɐsinɐg
masinloc	maːsˈiːnlˈoːk
masinop	masino
masipag	mɐsipɐg
masiraan	mɐsɪɾaʔɐn
masirin	mɐsiɾɪn
masirino	mɐsɪɾino
masisira	masisiːra
masiyasip	mɐsɪasɪp
masjid	mɐsdʒid
maskara	maskɐɾɐ
maski	maski
maski	mɐski
maskulado	mɐskʊlado
maso	maso
masok	masok
masokista	mɐsoxistɐ
masugapa	mɐsʊɣapɐʔ
masugapa	mɐsʊɣɐpaʔ
masugid	mɐsuɣɪd
masukal	mɐsuxɐl
masumpungan	masʊmpʊŋan
masungit	mɐsuŋɛt
masungit	mɐsuŋɪt
masunog	masunog
masunugan	mɐsʊnuɣɐn
masunurin	mɐsʊnuɾɪn
masurot	mɐsuɾot
masustansiya	mɐsʊstanʃɐ
masustansya	mɐsʊstanʃɐ
masusukal	mɐsʊsuxɐl
masuwag	mɐswag
masuwerte	mɐswɛɾtɛ
masyado	maʃadu
masyado	mɐʃado
mata	mɐta
mataas	mataʔas
mataas	mɐtɐʔas
mataasnakahoy	mɐtɐʔasnɐxahoɪ̯
mataba	matabaː
mataba	mɐtɐbaʔ
matabang	matabang
matabang	mɐtɐbaŋ
matabil	mɐtɐbil
matabungkay	mɐtɐbʊŋkaɪ̯
matadero	mɐtɐdɛɾo
matae	mɐtɐʔɛ
matagalan	matagalan
matagpuan	matagpoan
matagway	mɐtɐgwaɪ̯
matakam	mɐtɐxam
matakaw	maːtaːkʰaː
matalas	matlas
matalik	mɐtalɪk
matalim	mɐtɐlim
matalino	mɐtɐlino
matalo	matalo
matalo	mɐtalo
matamis	matamis
matamis	mɐtɐmis
matamlay	mɐtɐmlaɪ̯
matanaw	mat̪anao
matanda	mat̪ãn̪d̪a
matanda	mɐtɐndaʔ
matangkad	mɐtɐŋkad
matangos	matˈaŋos
matanto	mat̪ant̪o
matapang	matapam
matapang	mɐtapɐŋ
matapilok	matapɪloːq
matapilok	mɐtɐpɪlok
matapobre	mɐtɐpobɾɛ
matapon	mɐtapon
matapos	matapos
matapos	mɐtapos
matapunan	mɐtɐpunɐn
mataray	maːtaːraj
matarik	matəɾik
matarik	mɐtɐɾik
matarok	matarok
matatakot	matatakot
matatakutin	mɐtɐtɐxʊtin
matatalino	mɐtɐtɐlino
matatamis	matat̪amiɾ
matatamis	mɐtɐtɐmis
matataray	mɐtɐtaɾaɪ̯
matatarik	mɐtɐtɐɾik
matatas	mɐtɐtas
matatatas	mɐtɐtɐtas
matatauhan	mɐtɐtɐʔuhɐn
matatrapik	mɐtɐtɾapɪk
matayog	mɐtajog
mate	matɛ
matematika	mɐtɛmatɪxɐ
mateo	mɐtɛo
materyalismo	mɐtɛɾjɐlismo
matibag	mɐtibɐg
matigas	mɐtɪɣas
matigtig	mɐtɪgtig
matik	matɪk
matikas	matikas
matikitan	mɐtɪxitɐn
matilos	mɐtilos
matimbang	mɐtɪmbaŋ
matindi	matindi
matindi	mɐtɪndi
matingkad	matɪŋkat
matingkad	mɐtɪŋkad
matinik	mɐtɪnik
matinis	mɐtinɪs
matipuno	mɐtɪpunoʔ
matipuno	mɐtɪpʊnoʔ
matira	maːtira
matira	mɐtiɾɐ
matira	mɐtɪɾa
matisod	matisoɾ
matisod	mɐtisod
matitibay	mɐtɪtibaɪ̯
matitigas	mɐtɪtɪɣas
matitingkad	mɐtɪtɪŋkad
matitinik	mɐtɪtɪnik
matitisod	mɐtɪtisod
matiwasay	matiwasai
matiwasay	mɐtɪwɐsaɪ̯
matrabaho	mɐtɾɐbaho
matraka	mɐtɾaxɐ
matrapik	mɐtɾapɪk
matres	matɾɛs
matres	mɐtɾɛs
matrikula	mɐtɾixʊlɐ
matris	mɐtɾis
matsete	mɐtʃɛtɛ
matsing	matsiŋ
matsing	mɐtʃiŋ
matso	matʃo
matsui	mɐtʃuɪ
matubig	mɐtubɪg
matuklasan	matuqlasaːn
matulin	mɐtulɪn
matulis	mɐtulɪs
matulog	matulo
matulog	matulon
matulog	mɐtulog
matulungin	matulŋin
matumba	matomba
matunaw	matunau
matunog	mɐtʊnog
matutong	matutoŋ
matutulin	mɐtʊtulɪn
matuwíd	matoʁid
matwiran	mɐtwiɾɐn
matwiranin	mɐtwɪɾanɪn
matyag	mɐtʃag
mauban	mɐʔubɐn
maubos	maubos
mauhay	mɐʔuhaɪ̯
maukilkil	mɐʔʊxɪlkil
maulanan	mɐʔʊlɐnan
mauleon	maʊ̯lɛon
mauleon	mɐʔʊlɛon
mauna	mˌaʊnˈa
maunahan	mɐʔʊnahɐn
maunlad	mɐʔʊnlad
mausog	mɐʔʊsog
mausok	mɐʔusok
mausoleo	maʊ̯solɛo
mautak	mauta
mautakan	mɐʔʊtaxɐn
mawala	mawalaʔ
mawala	mɐwɐlaʔ
mawasak	mɐwasɐk
mawsoleo	maʊ̯solɛo
maximo	maksɪmo
may	maj
maya	majɐ
maya	mɐjaʔ
mayabang	mɐjabɐŋ
mayabong	mɐjaboŋ
mayaman	majamen
mayaman	mɐjamɐn
mayamo	mɐjamoʔ
mayamot	majamot̪
mayapa	mɐjɐpa
mayapis	mɐjapɪs
mayaw	majaʊ̯
mayaw	mɐjaʊ̯
mayayabang	mɐjɐjabɐŋ
maybahay	maɪ̯bahaɪ̯
maybunga	maɪ̯buŋɐ
maygulang	maɪ̯ɣulɐŋ
mayk	maɪ̯k
maykapal	maɪ̯xɐpal
maynila	majnela
maynila	majˈnila
maynila	maɪ̯nilɐʔ
maynilà	manil
mayo	majo
mayoldomo	mɐjoldomo
mayon	mɐjon
mayonesa	mɐjonɛsɐ
mayor	mɐjoɾ
mayordomo	mɐjoɾdomo
mayorya	mɐjoɾja
mayorya	mɐjoɾjɐ
mayroon	maɪ̯ɾon
mayroon	maɪ̯ɾoʔon
mayroong	maj˩˩˦roː˧oːŋ˧˧
mayuga	mɐjuɣɐ
mayuldumo	mɐjʊldumo
mayumi	mɐjumɪ
mayumi	mɐjumɪʔ
mañalac	mɐɲalɐk
maño	maɲo
me	mɛ
medalya	mɛdaljɐ
medenilla	mɛdɛniljɐ
medik	mɛdɪk
medina	mɛdinɐ
medisina	mɛdɪsinɐ
mediteraneo	mɛdɪtɛɾanɛo
medrano	mɛdɾano
medyaagwa	mɛdʒɐʔagwɐ
medyas	mɛdʒɐs
medyebal	mɛdʒɛbal
medyibal	mɛdʒɪbal
medyo	mɛdʒo
megalomanya	mɛɣɐlomaɲɐ
megan	mɛɣɐn
meganon	mɛɣɐnon
megumi	mɛɣumɪ
mehiko	mɛhɪxo
mejia	mɛhiɐ
mekaniko	mɛxanɪxo
mekanismo	mɛxɐnismo
melchor	mɛltʃoɾ
melgar	mɛlgaɾ
melodiya	mɛlodiɐ
melokoton	mɛloxoton
mema	mɛmɐ
menchavez	mɛntʃavɛs
menchie	mɛntʃɪ
mendaros	mɛndaɾos
mendez	mɛndɛs
mendiola	mɛndʒolɐ
mendoza	mɛndosɐ
mendoza	mɛndozɐ
meneses	mɛnɛsɛs
menora	mɛnoɾɐ
menorca	mɛnoɾkɐ
menos	mɛnos
mensahe	mɛnsahɛ
mensahero	mɛnsɐhɛɾo
mental	mɛntɐl
menudo	mɛnudo
meranaw	məɾɐnaʊ̯
meranaw	mɛɾɐnaʊ̯
merengge	mɛɾɛŋgɛ
meritokrasya	mɛɾɪtokɾaʃɐ
merkado	mɛɾkado
merkuryo	mɛɾkuɾjo
meron	mɛɾon
merry	mɛɾɪ
mersenaryo	mɛɾsɛnaɾjo
meryenda	mɛɾjɛndɐ
mesa	mesa
mesa	mɛsɐ
mesiyas	mɛsiɐs
mesiyas	mɛʃɐs
mestisa	mɛstisɐ
mestiso	mɛstiso
mestíza	mɪstiza
metal	mʰt̚˦˥al
metapisika	mɛtɐpisɪxɐ
meteoro	mɛtɛoɾo
meteorolohiya	mɛtɛoɾolohiɐ
metikuloso	mɛtɪxʊloso
metodo	mɛtodo
metodolohiya	mɛtodolohiɐ
metro	mɛtɾo
metsado	mɛtʃado
mga	mɐŋa
michelena	mɪtʃɛlɛnɐ
michiko	mɪtʃixo
midori	mɪdoɾɪ
midsayap	mɪdsajɐp
midsayap	mɪdsɐjap
mijares	mɪhaɾɛs
miki	mixɪ
mikiko	mɪxixo
miklawas	mɪklawɐs
mikrobyo	mɪkɾobjo
mikroorganismo	mɪkɾoʔoɾgɐnismo
mikropono	mɪkɾopono
mikroskopyo	mɪkɾoskopjo
miksipat	mɪksɪpat
mil	mil
milagro	mɪlagɾo
milar	mɪlaɾ
milenyal	mɪlɛɲɐl
milenyo	mɪlɛɲo
milenyum	mɪlɛɲʊm
militante	mɪlɪtantɛ
militar	mɪlɪtaɾ
millares	mɪljaɾɛs
milon	mɛlˌoːn
milon	mɪlon
milya	miljɐ
milyahe	mɪljahɛ
milyon	miliˈjon
milyon	mɪljon
milyonaryo	mɪljonaɾjo
minako	minɐxo
minalin	mɪnɐlin
minami	mɪnamɪ
minarete	mɪnɐɾɛtɛ
minatamis	mʲinatamist
minatay	mɪnɐtaɪ̯
minatayin	mɪnɐtɐjin
mindanao	mɪndɐnaʊ̯
mindanaw	mɪndɐnaʊ̯
mindoro	mindoro
mindoro	mɪndoɾo
minero	mɪnɛɾo
mingming	mɪŋmiŋ
ministeryo	mɪnɪstɛɾjo
ministro	mɪnistɾo
minola	mɪnolɐ
minorya	mɪnoɾja
minorya	mɪnoɾjɐ
minsan	minsɐn
minsan	mɪnsan
minsan	mɪn˧˥sən˧
minsanan	mɪnsanɐn
mintis	mɪntis
minuto	minuto
minuto	mɪnuto
miraflores	mɪɾɐfloɾɛs
mirasol	mɪɾɐsol
mirindal	mɪɾɪndal
miron	mɪɾon
misa	misa
misa	misɐ
misako	mɪsaxo
misalucha	mɪsɐlutʃɐ
misamis	mɪsamɪs
misay	mɪsaɪ̯
misayl	misaɪ̯l
misis	misɪs
miskol	mɪskol
mismo	mismo
miso	mɪso
misteryo	mɪstɛɾjo
misteryoso	mɪstɛɾjoso
mistula	mɪstulɐʔ
miswa	miswɐ
misyon	mɪʃon
misyonaryo	mɪʃonaɾjo
misyonero	mɪʃonɛɾo
miting	mitɪŋ
miting	mjˈtɪŋ
mitsa	mɪtʃa
mitsui	mɪtʃuɪ
miyel	mjɛl
miyembro	mjɛmbɾo
miyentras	mjɛntɾɐs
miyerkoles	mjɛɾkolɛs
miyerkules	mjɛɾkʊlɛs
miyuki	mjuxɪ
mo	mo
mo	mˈɔ̃
modelo	modɛlo
modernisasyon	modɛɾnɪsɐʃon
modus	modʊs
mohon	mohon
moises	moɪ̯sɛs
mokong	moxoŋ
molave	molabɛ
molave	molavɛ
molekula	molɛxʊlɐ
molesta	molɛstɐ
molestahin	molɛstɐhin
molestiya	molɛstʃɐ
molestiyahin	molɛstʃɐhin
molina	molinɐ
molinilyo	molɪniljo
momiya	momiɐ
momol	momol
momya	momjɐ
monako	monɐxo
monarka	monaɾkɐ
monarkiya	monɐɾkiɐ
monasilyo	monɐsiljo
mondragon	mondɾɐɣon
monghe	moŋhɛ
mongol	moŋgol
monica	monɪxɐ
monigote	monɪɣotɛ
monismo	monismo
monje	moŋhɛ
monopolisasyon	monopolɪsɐʃon
monopolyo	monopoljo
monoptonggo	monoptoŋgo
monoteismo	monotɛismo
monreal	monɾɛal
monsalud	monsɐlud
montalban	montɐlban
montalbo	montalbo
montana	montanɐ
montañez	montaɲɛs
montaño	montaɲo
monte	montɛ
montealegre	montɛʔɐlɛgɾɛ
montealto	montɛʔalto
montecalvo	montɛxalbo
montecalvo	montɛxalvo
montecillo	montɛsiljo
monteclaro	montɛklaɾo
montemayor	montɛmɐjoɾ
montenegro	montɛnɛgɾo
monterola	montɛɾolɐ
montes	montɛs
montillano	montɪljano
montinola	montɪnolɐ
montojo	montoho
montoya	montojɐ
moog	moʔog
morada	moɾadɐ
morado	moɾado
moral	moɾal
moralde	moɾaldɛ
morales	moɾalɛs
morando	moɾando
morato	moɾɐto
moreno	moɾɛno
morge	moɾgɛ
moriones	moɾjonɛs
morisketa	moɾɪskɛtɐ
moro	moɾo
morong	moɾoŋ
moryon	moɾjon
moske	moskɛ
moskete	moskɛtɛ
mosketero	moskɛtɛɾo
moskitero	moskɪtɛɾo
mosku	mosku
moslem	moslɛm
motel	motɛl
motibo	motibo
motin	motin
motmot	motmot
motoko	motoxo
motor	mator
motor	motoɾ
motorsiklo	matoɾsiklo
motorsiklo	motoɾsiklo
motosikleta	motosɪklɛtɐ
moymoy	moɪ̯moɪ̯
muang	mwaŋ
muhala	mʊhalɐʔ
muhi	muhɪʔ
mukha	mʊkhaʔ
mukha	mʊxaʔ
mukhasim	mʊkhasɪm
mukmok	mʊkmok
mula	mulɐ
mula	mulɐʔ
mula	mʊla
mula	mʊlaʔ
mulabe	mʊlabɛ
mulala	mʊlalɐʔ
mulala	mʊlɐlaʔ
mulan	mʊlan
mulanay	mʊlɐnaɪ̯
mulapik	mʊlapɪk
mulasik	mʊlasɪk
mulat	mulɐt
mulat	mʊlat
mulatil	mʊlatɪl
mulawin	mʊlawɪn
muli	mʊliʔ
mulinilyo	mʊlɪniljo
mulinsigla	mʊlɪnsɪgla
mulinyari	mʊlɪɲaɾɪʔ
mulkaphay	mʊlkɐphaɪ̯
mulmayawan	mʊlmɐjawɐn
mulpikan	mʊlpixɐn
multa	mʊlta
multilingguwal	mʊltɪlɪŋgwal
multo	multo
multo	mʊlto
mumo	mumo
mumo	mumoʔ
mumog	mumog
mumshie	mamʃɪ
mumu	mumʊʔ
mumunting	momunti˧ŋ˧
muna	munɐ
mundo	munðo
mundo	munˈdo
mungcal	mʊŋkal
munggo	muŋgo
munggo	mʊŋgo
mungkahi	munkaːhi
mungkahi	mʊŋkahɪʔ
muni	munɪʔ
muni-muni	muniːˈmuniːˈ
muning	mʊniŋ
munisipyo	mʊnɪsipjo
munsayac	mʊnsɐjak
munti	multi
munti	mʊntiʔ
muntik	mult̪ik
muntik	mʊntik
muntinlupa	mʊntɪnlupɐʔ
munyagit	mʊɲaɣɪt
munyika	mʊɲixɐʔ
mura	muɾɐ
mura	muɾɐʔ
mura	mʊɾa
murahin	mʊɾahɪn
murang	mʊɾˈɑŋ
mursiko	mʊɾsixo
museo	mʊsɛo
musika	musika
musika	musɪxɐ
musikero	mʊsɪxɛɾo
musiko	musɪxo
musim	musɪm
muskulado	mʊskʊlado
muskulo	muskʊlo
muskulo	mʊskʊlo
muslim	mʊslim
musmos	mʊsmos
musmos	mʊ̃ʃmʊ̃ʃ
musoleyo	mʊsolɛo
muson	mʊson
musta	mʊsta
musta	mʊstɑː
mustasa	mʊstasɐ
muta	mutɐʔ
muta	mʊta
mutawi	mʊtawɪ
mutawi	mʊtawɪʔ
mutha	mʊthaʔ
muthi	mʊt̪hʰiːt̪
mutsatsa	mʊtʃatʃɐ
mutuc	mutʊk
mutwal	mʊtwal
mutya	mʊtʃa
mutya	mʊtʃaʔ
muwang	mwaŋ
muwerto	mwɛɾto
muwi	muɪʔ
muwi	mwiʔ
muyangit	mʊjaŋɪt
muzon	mʊson
muzon	mʊzon
muñoz	mʊɲos
mëranaw	mɐɾɐnaʊ̯
mëranaw	məɾɐnaʊ̯
mëranaw	mɛɾɐnaʊ̯
n	n
n	nɐ
na'ng	naŋ
na'y	naj
naaalala	naaːlaːla
naalala	naʔalaːla
nababanaagan	nababanaagaːn
nabalatan	nabalatano
nabas	nabas
nabasa	nabasɐ
nabasa	nabɐsaʔ
nabasa	nɐbasɐ
nabasa	nɐbɐsaʔ
nabubulok	nɐbʊbʊlok
nabubuwisit	nɐbʊbwisɪt
nabudol	nɐbudol
nabuwisit	nɐbwisɪt
nacpil	nɐkpil
nadine	nɐdin
naga	naɣɐ
naga	naɣɐʔ
naga	nˈagˈa
nagagalit	nɛgɑgaːliːtˤ
nagakuwento	nɐɣɐkwɛnto
naganap	naɣɐnɐp
naganap	nɐɣɐnap
nagandahan	nɐɣɐndɐhan
nagbabaon	nɐgbɐbaʔon
nagbabaon	nɐgbɐbɐʔon
nagbaon	nɐgbaʔon
nagbaon	nɐgbɐʔon
nagbigay	nakbigaj
nagcarlan	nɐgkɐɾlan
nagdaán	nˈagdaˈan
nagdedeliryo	nɐgdɛdɛliɾjo
nagdeliryo	nɐgdɛliɾjo
naghahasik	nɐghɐhɐsik
naghasik	nɐghɐsik
naghihikahos	nɐghiːhikaɦoːs
naghihingalo	nɐghɪhɪŋɐlo
nagiging	nɐɣiɣɪŋ
naging	nɐɣiŋ
nagkakaroon	nɐgkɐxɐɾon
nagkakaroon	nɐgkɐxɐɾoʔon
nagkaroon	nɐgkɐɾon
nagkaroon	nɐgkɐɾoʔon
nagkudeta	nɐgkudɛtɐ
nagkukwento	nɐgkʊkwɛnto
nagkuwento	nɐgkwɛnto
nagkwento	nɐgkwɛnto
naglalakad	nɐglalɐxɐd
naglalakbay	naglalakbaj
naglalaway	nɐglɐlɐwaɪ̯
naglalayong	naglalajon
naglaway	nɐglɐwaɪ̯
nagliwanag	nagliwanag
nagluluto	nagluluto
nagmimiron	nˈɛɣmimˈiron
nagmiryenda	nakmiɾjɛnda
nagmula	nazmula
nagnakaw	nɐgnaxaʊ̯
nagnanakaw	nɐgnɐnaxaʊ̯
nagningning	nɐgnɪŋniŋ
nagniningning	nɐgnɪnɪŋniŋ
nagpapalagablab	nɐgpapalɐgɐblɐb
nagpapanggap	nˈagpapaŋgˈap
nagpapaubaya	nɐgpɐpɐʔʊbajɐʔ
nagpaubaya	nɐgpɐʔʊbajɐʔ
nagsasawa	naksasa˥˩wa˥˩
nagsisisi	nagsisisi
nagtalon	nɐgtalon
nagtaning	nɐgtanɪŋ
nagtataning	nɐgtɐtanɪŋ
nagugustuhan	nɐɣʊɣʊstʊhan
nagunita	nˈaɣonitˈa
nagustuhan	nɐɣʊstʊhan
nagwala	nˈagˈuˈalˈa
nagwas	nagwɐs
nagwelga	nɐgwɛlgɐ
nagwewelga	nɐgwɛwɛlgɐ
nagúgutom	nagogutom
naibubulalas	naibubolalas
naik	naʔɪk
nais	maːn
nais	naʔɪs
nais	naːs
naisumpa	naisompa
nakaaadik	nɐxɐʔɐʔadɪk
nakaaalarma	nɐxɐʔɐʔɐlaɾmɐ
nakabibingi	nɐxɐbɪbɪŋi
nakabobobo	nɐxɐbobobo
nakabubuwisit	nɐxɐbʊbwisɪt
nakagugulat	naqaɣugulat
nakahahawa	nɐxɐhɐhawɐ
nakahahawa	nɐxɐhɐhawɐʔ
nakahubad	naqahubad
nakaiilang	nɐxɐʔɪʔɪlaŋ
nakaiinis	nɐxɐʔɪʔɪnis
nakainom	nɐxɐʔɪnom
nakakaadik	nɐxɐxɐʔadɪk
nakakaalarma	nɐxɐxɐʔɐlaɾmɐ
nakakabigo	nˈakˈakaɓigo
nakakabingi	nɐxɐxɐbɪŋi
nakakabobo	nɐxɐxɐbobo
nakakabuwisit	nɐxɐxɐbwisɪt
nakakabwisit	nɐxɐxɐbwɪsɪt
nakakagulat	naːkakaːguːlat
nakakahawa	nɐxɐxɐhawɐ
nakakahawa	nɐxɐxɐhawɐʔ
nakakailang	nɐxɐxɐʔɪlaŋ
nakakainis	nɐxɐxɐʔɪnis
nakakaintriga	nɐxɐxɐʔɪntɾiɣɐ
nakakalason	nakakalaason
nakakalito	nakakalito
nakakaloka	nɐxɐxɐloxɐ
nakakaloko	nɐxɐxɐloxo
nakakalula	nɐxɐxɐlulɐʔ
nakakamatay	nakakamataj
nakakapagod	naˈkakapagod
nakakapagod	nɐxɐxɐpaɣod
nakakapagpabagabag	nakakapagpabagabag
nakakapanlumo	nˈaːkakˈapanlˈumˈo
nakakasilaw	nakakaasilaw
nakakasira	nɐxɐxɐsiɾɐʔ
nakakatakot	nɐxɐxɐtaxot
nakakatanda	nakakat̪ãn̪d̪a
nakakatapak	nˈaːkakataˈpaka
nakakatuwa	naˈkakatuwa
nakalalasing	nɐxɐlɐlɐsiŋ
nakaligo	naːkaliːgo
nakalilipas	nakalilipas
nakaloloka	nɐxɐloloxɐ
nakaloloko	nɐxɐloloxo
nakalulula	nɐxɐlʊlulɐʔ
nakamamatay	nakamaːmatag
nakamulaga	nɐxɐmʊlɐɣaʔ
nakanino	naaːɢaːnino
nakapaa	nɐxɐpaʔɐ
nakapaa	nɐxɐpɐʔa
nakapagtataka	nakapagtataka
nakapapagod	nɐxɐpɐpaɣod
nakararaan	nakaɾaːɾaɑːn
nakasisira	nɐxɐsɪsiɾɐʔ
nakasusuklam	nakasusuklam
nakatatakot	nɐxɐtɐtaxot
nakatindig	nakatɪndig
nakatungo	nakatʊŋu
nakatutol	nakatutol
nakaumbok	nɐxɐʔʊmbok
nakaupo	nakaupɔ
nakaw	naxaʊ̯
nakawawatas	nakawawatas
nakawin	nɐxawɪn
nakayapak	nakaːjapaː
nakayayamot	nakajajamon
nakayukyok	nɐxɐjʊkjok
nakibahagi	nɐxɪbɐhaɣɪʔ
nakikibahagi	nɐxɪxɪbɐhaɣɪʔ
nakilala	naxjlala
nakipag	nɐxipɐg
nakipagtalo	nakipagtaˈlo
nakita	nakjeta
nako	nɐxo
nakpil	nɐkpil
naks	naks
naku	nɐxu
nalagak	nˈlaːgak
nalalagas	nalelagas
nalaman	nalaːman
nalilibog	nɐlɪlibog
nalulong	nalulɔ̃ŋ
nalusaw	nalusau
namamatáy	namaːmaˈtai
naman	namɛn
naman	nɐman
namatay	naˈmataɪ
namatay	nɐmɐtaɪ̯
namayan	nɐmajɐn
nambababae	nambababai
namin	namin
namin	namɛn
namin	namɪn
namnam	nɐmnam
namok	nɐmok
namputsa	nɐmputʃɐ
namumuhi	namumuhi
nana	nanɐ
nana	nanɐʔ
nana	nɐnaʔ
nanaginip	nɐnɐɣinɪp
nanakawin	nɐnɐxawɪn
nanamantala	nɐnɐmɐntɐla
nananamantala	nɐnɐnɐmɐntɐla
nanananghalian	nɐnɐnɐŋhɐliʔɐn
nananghalian	nɐnɐŋhɐliʔɐn
nanay	nanajɑ
nanay	nanaɪ̯
nancy	nansɪ
nando	nando
nandoon	nandoːɔn
nang	nɐŋ
nangailangan	nɐŋaɪ̯laŋɐn
nangangailangan	naŋaŋajɫaŋan
nangangailangan	nɐŋɐŋaɪ̯laŋɐn
nangangailangan	nɐŋɐŋɐʔɪlaŋɐn
nanghahawa	nɐŋhɐhawɐ
nanghahawa	nɐŋhɐhawɐʔ
nanghaw	nɐŋhaʊ̯
nanghawa	nɐŋhawɐ
nanghawa	nɐŋhawɐʔ
nanginginig	naŋiŋɪnˈig
nangka	nɐŋkaʔ
nangyari	nɐŋjaɾɪ
nanhaw	nɐnhaʊ̯
naninigarilyo	nɐnɪnɪɣɐɾiljo
naninigas	naninigas
naniniwala	naniniwaˈla
nanlaban	nanlavan
nanlilimahid	nɐnlɪlɪmahɪd
nanometro	nɐnomɛtɾo
naoko	naʊ̯xo
naomi	naʊ̯mɪ
naomi	nɐjoʊ̯mɪ
naospital	naospital
napagtanto	napaktɛnto
napaka	napaka
napakaliit	napakaliːˈeːt
napakanta	napakanta
napakintal	napahintal
napatigalgal	nˈapatigˈalˈgˈal
napindan	nɐpɪndan
napkin	napkɪn
napnap	nɐpnap
napocor	napoxoɾ
napolcom	napolkom
naptalina	nɐptɐlinɐ
napurnada	napurnada
napusuan	napʊsʊan
narag	naɾɐg
naranasan	naɾɛnaːsan
narangha	nɐɾaŋhɐ
naratay	narataj
narding	nɐɾdiŋ
narito	naɾjto
narkotiko	nɐɾkotɪxo
nars	naɹs
narvaez	nɐɾvaʔɛs
nasa	nasɐ
nasa	nasɐʔ
nasa	nɐsaʔ
nasaan	nasɐn
nasaan	nasɐʔɐn
nasareno	nɐsɐɾɛno
nasaret	nɐsɐɾɛt
nasasabik	nasasabik
nasinag	nasˈinˈaːk
nasusuka	nɐsusʊxa
nasyon	nɐʃon
natabunan	natabonaːn
natae	nataɛ
natae	nɐtɐʔɛ
natanauan	nɐtɐnawɐn
natanggap	nat̪aŋgap
natapilok	natapjlok
natapos	motapos
natatakot	natat̚˨˩aːk˥t̚˨˩
natatauhan	nɐtɐtɐʔuhɐn
natauhan	natauħan
natauhan	nɐtɐʔuhɐn
natin	natɛn
natin	natɪn
natisod	nɐtisod
natitisod	nɐtɪtisod
natividad	nɐtɪvɪdad
natoy	natoɪ̯
natsuko	nɐtsuxo
natural	nɐtʊɾal
natuto	natuto
natututo	natututo
natutuyot	natɔˈtujot
naty	natɪ
natákot	natakot
naujan	nɐʔuhɐn
naupo	naːopo
nauuhaw	naʔuhaw
nauukol	nauːuːkoːl
nauunawaan	naʔuːnawˈaːˈan
navarro	nɐvaɾo
navoa	nɐvoɐ
nawa	nɐwa
nawa	nɐwaʔ
nawasa	nɐwasɐ
nayon	najon
nayon	najoːn
nazareno	nɐsɐɾɛno
nazareno	nɐzɐɾɛno
nazaret	nɐsɐɾɛt
nazaret	nɐzɐɾɛt
ne	nɛ
nebraska	nɛbɾaskɐ
nega	nɛɣɐ
negatibo	nɛɣɐtibo
negosasyon	nɛɣosɐʃon
negosyador	nɛɣoʃɐdoɾ
negosyante	nɛɣoʃantɛ
negosyo	nɛɣoʃo
negra	nɛgɾɐ
negrito	nɛgɾito
negro	nɛgɾo
negros	nɛgɾos
nelson	nɛlson
nene	nɛnɛʔ
neneng	nˈɛnæŋ
nenok	nɛnok
nepal	nɛpal
nepotismo	nɛpotismo
neptuno	nɛptuno
nerbiyos	nɛɾbios
nerbiyos	nɛɾbjos
nerbiyoso	nɛɾbjoso
netoy	nɛtoɪ̯
ng	nɐŋ
ng	ŋ
ng	ŋa
nga	ŋa
nga	ŋaʔ
ngakngak	ŋɐkŋak
ngalan	ŋalɐn
ngalangala	naˈlaːŋˈala
ngalangala	ŋɐlaŋɐla
ngalay	ŋalaɪ̯
ngalay	ŋa˥˥lɐi˨˩
ngalngal	ŋɐlŋal
ngalos	nalos
nganga	ŋaŋɐʔ
nganga	ŋɐŋa
nganga	ŋɐŋaʔ
ngangayon	ŋaŋɐjon
ngani	ŋanɪʔ
ngatal	ŋɐtal
ngatngat	ŋɐtŋat
ngaun	ŋɐjun
ngawa	ŋɐwaʔ
ngawit	ŋawɪt
ngawit	ŋɐwit
ngayon	najon
ngayon	ŋɐjon
ngek	ŋɛk
ngetpa	ŋɛtpɐ
ngibugho	ŋɪbʊghoʔ
ngidngid	ŋɪdŋid
ngilo	ŋɪlo
ngimay	ŋimaɪ̯
ngimi	nˈimi
nginig	ŋɪnig
nginig	ŋɪnɛg
ngino	ŋino
ngipin	ŋipɪn
ngisi	ŋisɪ
ngiti	ŋɪtiʔ
ngiyaw	ŋjaʊ̯
ngo	ŋo
ngumisi	ŋʊmisɪ
ngumiti	ŋʊmɪtiʔ
ngumuya	ŋʊmʊjaʔ
ngunit	ŋunɪt
nguso	ŋusoʔ
nguya	ŋʊjaʔ
nguyngoy	ŋʊɪ̯ŋoɪ̯
nibel	nɪbɛl
nicolas	nɪxolas
nido	nido
nietes	ɲɛtɛs
nigo	niɣoʔ
nihilismo	nɪhɪlismo
nihongo	nɪhoŋgo
niknik	nɪknik
nikotina	nɪxotinɐ
nila	nilaː
nila	nilɐʔ
nila	nɪla
nilabasan	nɪlɐbɐsan
nilabhan	nɪlɐbhan
nilaga	nilagɑ
nilalang	nɪlɐlaŋ
nilalayon	nilalaion
nilay	nilaɪ̯
nilay-nilay	niːlajniːlaj
nilinaw	nilinau
niloloko	milaloko
nilupak	nɪlʊpak
nina	nɪna
ninakaw	nɪnaxaʊ̯
ninanais	nˈinˈə-nˈaˈis
ninanakaw	nɪnɐnaxaʊ̯
ninang	ninɐŋ
ningas	mʲiŋɑs
ningas	niŋɐs
nino	nino
ninong	ninoŋ
ninuman	nˈɪnˈɔman
ninuno	ninˈoɴdˈoɴ
ninuno	nɪnunoʔ
ninyo	nɪɲo
niog	ɲog
nipis	nɪpis
nisnis	nɪsnis
nito	nɪto
nito	nˈitˈot
nitong	nit̚˨˩ŋ˧
nitrogliserina	nɪtɾoglɪsɛɾinɐ
nitroheno	nɪtɾohɛno
nitso	nitʃo
niugan	ɲuɣɐn
niya	niɐ
niyan	ɲan
niyang	niaŋ
niyari	niaɾɪ
niyayakap	niajaːkap
niyebe	ɲɛbɛ
niyo	nio
niyo	ɲo
niyog	njog
niyog	ɲog
niyon	ɲon
niyor	ɲoɾ
niyugan	ɲuɣɐn
nobela	nobela
nobela	nobɛlɐ
nobelista	nobɛlistɐ
nobena	nobɛnɐ
nobenta	nobɛntɐ
nobleza	noblɛsɐ
nobuhisa	nobʊhisɐ
nobya	nobja
nobya	nobjɐ
nobyembre	nobjɛmbɾɛ
nobyo	nobio
nobyo	nobjo
noe	noɛ
nognog	nognog
nolasco	nolasko
nones	nonɛs
nonong	nonoŋ
noo	noʔo
nood	noʔod
nood	nˈoˈoð
nordeste	noɾdɛstɛ
noriega	noɾjɛɣɐ
noriko	noɾixo
norma	noɾmɐ
normal	noɾmal
normal	noɾmɐl
normalin	noɾmɐlɪn
norte	noɾtɛ
norwega	noɾwɛɣɐ
norweste	noɾwɛstɛ
nosi	nosɪ
nota	nota
notarte	notaɾtɛ
notaryo	notaɾjo
notipikasyon	notɪpɪxɐʃon
notsebuwena	notʃɛbwɛnɐ
novaliches	nobɐlitʃɛs
novaliches	novɐlitʃɛs
novero	novɛɾo
noypi	noɪ̯pɪ
nuevo	nwɛvo
nugo	nuɣo
numero	numɛɾo
numipis	nʊmɪpis
nunal	nʊnal
nungka	nuŋkɐ
nuno	nunoʔ
nunsiyo	nunʃo
nuod	nuʔod
nuod	nʊʔod
nuwebe	nwɛbɛ
nuñez	nuɲɛs
nyo	njuː
nyor	ɲoɾ
nápakaganda	napakaganda
o	o
oasis	ʔoasɪs
obeha	ʔobɛhɐ
obelisko	ʔobɛlisko
obhetibismo	ʔobhɛtɪbismo
obhetibo	ʔobhɛtibo
obheto	ʔobhɛto
obispado	ʔobɪspado
obispo	o˩˥ːbispɔ˥˩
obispo	ʔobispo
obitwaryo	ʔobɪtwaɾjo
oblasyon	ʔoblɐʃon
obliga	ʔoblɪɣa
obligacion	ʔoblɪɣɐʃon
obligado	ʔoblɪɣado
obligasyon	obligasjon
obligasyon	ʔoblɪɣɐʃon
obligatoryo	ʔoblɪɣɐtoɾjo
obliterasyon	ʔoblɪtɛɾɐʃon
obo	ʔobo
obra	ʔobɾa
obrero	ʔobɾɛɾo
obserba	ʔobsɛɾba
obserbasyon	ʔobsɛɾbɐʃon
obserbatoryo	ʔobsɛɾbɐtoɾjo
obsesyon	ʔobsɛʃon
obstakulo	ʔobstaxʊlo
ocampo	ʔoxampo
ochoa	ʔotʃoɐ
oconer	ʔoxonɛɾ
oda	ʔodɐ
odeste	ʔodɛstɛ
odiongan	ʔodʒoŋɐn
oeste	ʔoɛstɛ
ogag	ʔoɣɐg
ogags	ʔoɣɐgs
ohales	ʔohalɛs
ohetes	ʔohɛtɛs
ohiya	ʔohiɐ
oho	ʔohoʔ
ohta	ʔotɐ
ohtani	ʔotanɪ
oido	ʔoido
okey	ʔoxɛɪ̯
oklahoma	ʔoklɐhomɐ
okoy	ʔoxoɪ̯
okra	ʔokɾɐ
okray	okraj
okray	ʔokɾaɪ̯
okre	ʔokɾɛ
oks	ʔoks
oksidasyon	ʔoksɪdɐʃon
oksidental	ʔoksɪdɛntal
oksidente	ʔoksɪdɛntɛ
oksiheno	ʔoksihɛno
oktaba	ʔoktabɐ
oktobre	ʔoktobɾɛ
oktopus	ʔoktopʊs
oktubre	ʔoktubɾɛ
okultismo	ʔoxʊltismo
okupa	ʔoxʊpa
okupante	ʔoxʊpantɛ
olaguer	ʔolɐɣɛɾ
olalia	ʔolaljɐ
olanda	ʔolandɐ
olandes	ʔolɐndɛs
olandesa	ʔolɐndɛsɐ
olano	ʔolano
olarte	ʔolaɾtɛ
olats	ʔolɐts
olayvar	ʔolaɪ̯bɐɾ
olea	ʔolɛɐ
oleo	ʔolɛo
oliba	ʔolibɐ
olibo	ʔolibo
oligarka	ʔolɪɣaɾkɐ
oligarkiya	ʔolɪɣɐɾkiɐ
oligopolyo	ʔolɪɣopoljo
oliva	ʔolivɐ
olivares	ʔolɪvaɾɛs
olivera	ʔolɪbɛɾɐ
olivera	ʔolɪvɛɾɐ
oliverio	ʔolɪvɛɾjo
olmedo	ʔolmɛdo
olongapo	ʔoloŋgɐpo
omad	ʔomɐd
oman	ʔoman
omelet	ʔomɛlɛt
omisyon	ʔomɪʃon
omnisyensiya	ʔomnɪʃɛnʃɐ
omnisyente	ʔomnɪʃɛntɛ
omoyon	ʔomojon
omsim	ʔomsɪm
omyo	ʔomjo
ona	ʔonɐ
onesto	ʔonɛsto
ong	ʔoŋ
ongkiko	ʔoŋkixo
oniks	ʔonɪks
onlayn	ʔonlaɪ̯n
onomastika	ʔonomastɪxa
onomatopeiko	ʔonomɐtopɛɪxo
onomatopeya	ʔonomɐtopɛɐ
onomatopeyiko	ʔonomɐtopɛjɪxo
onor	ʔonoɾ
onorable	ʔonoɾablɛ
onse	ʔonsɛ
onsehan	ʔonsɛhan
onsehan	ʔonsɛhɐn
oo	ˈoʊ
opalo	ʔopɐlo
opasidad	ʔopɐsɪdad
opensiba	ʔopɛnsibɐ
opensibo	ʔopɛnsibo
opera	ʔopɛɾa
opera	ʔopɛɾɐ
operado	ʔopɛɾado
operasyon	ʔopɛɾɐʃon
operatiba	ʔopɛɾɐtibɐ
opertoryo	ʔopɛɾtoɾjo
opeña	ʔopɛɲɐ
opinyon	ʔopɪɲon
opiser	ʔopɪsɛɾ
opisina	opɛsjna
opisina	ʔopɪsinɐ
opisyal	ʔopɪʃal
opisyo	ʔopiʃo
oplan	ʔoplɐn
opo	ʔopoʔ
oportunidad	ʔopoɾtʊnɪdad
oportunismo	ʔopoɾtʊnismo
oportunista	ʔopoɾtʊnistɐ
oposisyon	ʔoposɪʃon
opresyon	ʔopɾɛʃon
ops	ʔops
opsiyon	ʔopʃon
opsiyonal	ʔopʃonal
optalmologo	ʔoptɐlmoloɣo
optalmolohiya	ʔoptɐlmolohiɐ
optimismo	ʔoptɪmismo
optimista	ʔoptɪmistɐ
optometra	ʔoptomɛtɾɐ
optometrista	ʔoptomɛtɾistɐ
opyo	ʔopjo
opyum	ʔopjʊm
opò	opo
ora	ʔoɾɐ
orakulo	ʔoɾaxʊlo
oranbo	ʔoɾɐmboʔ
oranggutan	ʔoɾaŋgʊtɐn
orani	ʔoɾanɪ
oraryo	ʔoɾaɾjo
oras	ʔoɾɐs
orasan	ʔoɾasɐn
orasan	ʔoɾɐsan
orasyon	ʔoɾɐʃon
oratoryo	ʔoɾɐtoɾjo
ordenador	ʔoɾdɛnɐdoɾ
ordenansa	ʔoɾdɛnansɐ
ordenasyon	ʔoɾdɛnɐʃon
ordinansa	ʔoɾdɪnansɐ
ordinaryo	ʔoɾdɪnaɾjo
ordoñez	ʔoɾdoɲɛs
oregano	ʔoɾɛɣɐno
orejudos	ʔoɾɛhudos
orendain	ʔoɾɛndɐʔin
orense	ʔoɾɛnsɛ
organdi	ʔoɾgɐndi
organiko	ʔoɾganɪxo
organisado	organisado
organisado	ʔoɾgɐnɪsado
organisasyon	ʔoɾgɐnɪsɐʃon
organismo	ʔoɾgɐnismo
organista	ʔoɾgɐnistɐ
organo	ʔoɾgɐno
orgulyo	ʔoɾguljo
oribello	ʔoɾɪbɛljo
orig	ʔoɾig
orihen	ʔoɾihɛn
orihinal	ʔoɾɪhɪnal
orihinalidad	ʔoɾɪhɪnɐlɪdad
orinola	ʔoɾɪnolɐ
orkesta	ʔoɾkɛstɐ
orkestra	ʔoɾkɛstɾɐ
orkid	ʔoɾkɪd
ormoc	ʔoɾmok
ornitologo	ʔoɾnɪtoloɣo
ornitolohiya	ʔoɾnɪtolohiɐ
oro	ʔoɾo
oropel	ʔoɾopɛl
oroquieta	ʔoɾokjɛtɐ
oros	ʔoɾos
ortea	ʔoɾtɛɐ
ortograpiya	ʔoɾtogɾɐpiɐ
oryental	ʔoɾjɛntal
oryentasyon	ʔoɾjɛntɐʃon
oryente	ʔoɾjɛntɛ
osamu	ʔosamʊ
osias	ʔosiɐs
oslo	ʔoslo
oso	ʔoso
osorio	ʔosoɾjo
ospital	ʔospɪtal
ospitalidad	ʔospɪtɐlɪdad
ostiya	ʔostʃɐ
ostrasismo	ʔostɾɐsismo
ostrits	ʔostɾɪtʃ
osyosera	ʔoʃosɛɾɐ
osyosero	ʔoʃosɛɾo
osyoso	ʔoʃoso
otel	otel
otel	ʔotɛl
otmil	ʔotmɪl
otsenta	ʔotʃɛntɐ
otso	ʔotʃo
otsosiyentos	ʔotʃoʃɛntos
otsosyentos	ʔotʃoʃɛntos
ow	ʔoʊ̯
owido	ʔowido
oy	ʔoɪ̯
oyayi	oi̯aːʲi
oyayi	ʔojajɪ
oyayi	ʔojajɪʔ
ozamiz	ʔosamɪs
ozamiz	ʔozamɪs
ozawa	ʔozawɐ
oñate	ʔoɲatɛ
p	p
p	pɐ
p	pɛ
p	pɪ
pa	pɐ
paa	paʔɐ
paa	pɐʔa
paalala	faalaːla
paalam	pɐʔalɐm
paalam	pɐʔɐlam
paanakan	paʔɐnaxɐn
paandar	pɐʔɐndaɾ
paandarin	pɐʔɐndɐɾin
paano	pano
paano	pɐʔano
paanyaya	paːrˈnɪjaja
paaralan	paʔɐɾɐlan
paasa	pɐʔasɐ
pababa	bababa
pababa	pɐbɐbaʔ
pabagalin	pabagaliŋ
pabagalin	pabagalʲɪn
pabagalin	pɐbɐɣalɪn
pabalang	pɐbɐlaŋ
pabalikin	pɐbɐlɪxin
pabaya	pabaja
pabaya	pɐbɐjaʔ
pabayaan	pɐbɐjaʔɐn
pabebe	pɐbɛbɛ
pabelyon	pɐbɛljon
pabigat	pɐbɪɣat
pabigla-bigla	paːbiglaːbigla
pabilisin	pɐbɪlɪsin
pabillo	pɐbiljo
pabitak	pɐbɪtak
pabiyay	pɐbjaɪ̯
pabling	pɐbliŋ
pablo	pablo
pabo	papo
pabor	pɐboɾ
paboritismo	pɐboɾɪtismo
paborito	pɐboɾito
pabrika	pabɾɪxɐ
pabrika	pambɾika
pabubulaanan	pɐbʊbʊlɐʔanɐn
pabuksan	pɐbʊksan
pabula	pabʊlɐ
pabuya	paabuja
pabuya	pɐbujɐʔ
pacheco	pɐtʃɛxo
padaanin	pɐdɐʔanɪn
padaliin	pɐdɐlɪʔin
padamdam	adamdam
padamdam	pɐdɐmdam
pader	pɐdɛɾ
padilla	pɐdiljɐ
padrastro	pɐdɾastɾo
padre	padɾɛ
padrino	pɐdɾino
padua	padwɐ
padugo	pɐdʊɣoʔ
padulas	pɐdʊlas
padyak	pɐdʒak
padyama	pɐdʒamɐ
paelya	pɐʔɛljɐ
paeng	pɐʔɛŋ
paepek	pɐʔɛpɛk
paet	pɐʔɛt
paete	paɪ̯tɛʔ
pag	pɐg
pag-aasawa	pagaasawa
pag-asa	pagʔasa
pag-isipan	pagɪsˈipan
pagadian	pɐɣɐdiʔɐn
pagaduan	pɐɣɐduʔɐn
pagakpak	pɐɣɐkpak
pagal	pɐɣal
pagala	pɐɣalɐʔ
pagalingin	pɐɣɐlɪŋin
pagamutan	paɣɐmutɐn
pagandahin	pɐɣɐndɐhin
pagaspas	pɐɣɐspas
pagatasan	pɐɣɐtasɐn
pagatpatan	pɐɣɐtpatɐn
pagawaan	paɣɐwaʔɐn
pagbabago	bagbabago
pagbabalik	pɐgbɐbɐlik
pagbabasa	pɐgbɐbɐsa
pagbabasa	pɐgbɐbɐsaʔ
pagbabasehan	pɐgbɐbɐsɛhɐn
pagbasehan	pɐgbɐsɛhɐn
pagbati	pɐgbatɪʔ
pagbati	pɐgbɐti
pagbawalan	paːgbwaːlan
pagbawalan	pɐgbɐwalɐn
pagbigkas	pɐgbɪgkas
pagbilao	pɐgbɪlaʊ̯
pagbisita	pagbisita
pagbubukid	pɐgbʊbʊxid
pagbubuntis	pɐgbʊbʊntis
pagdaan	pɐgdɐʔan
pagdahak	pɐgdɐhak
pagdanganan	pɐgdɐŋanɐn
pagdaung	pagdaʔom
pagdila	pɐgdilɐʔ
pagdilao	pɐgdɪlaʊ̯
pagdinig	pɐgdɪnig
pagdiriwang	pɐgdɪɾiwɐŋ
pagdudahan	pɐgdʊdahɐn
pagdudugo	pɐgdʊdʊɣoʔ
pagdurugo	pɐgdʊɾʊɣoʔ
page	paɣɛ
paggatas	pɐggatɐs
paggiba	pɐggɪbaʔ
paggising	paːgiːsiŋ
paghahabol	pɐghɐhabol
paghahambing	pɐghɐhɐmbiŋ
paghahanda	pɐghɐhɐndaʔ
paghahayupan	pɐghɐhɐjupɐn
paghanga	pɐghaŋɐʔ
paghigantihan	pɐghɪɣɐntɪhan
paghihiganti	pɐghɪhɪɣɐnti
paghihingalo	pɐghɪhɪŋɐloʔ
paghinalaan	pɐghɪnɐlaʔɐn
paghuhukom	pɐghʊhʊxom
paghuyad	pɐghujɐd
pagi	pagi
pagi	paɣɪ
pagiging	pagigin
pagitan	pagitan
pagitan	pɐɣitɐn
pagka	pɐgka
pagkabalisa	pɐgkɐbɐlɪsa
pagkabata	pɐgkɐbatɐʔ
pagkabigo	pɐgkɐbɪɣoʔ
pagkabilanggo	pɐgkɐbɪlɐŋgoʔ
pagkabuhay	pɐgkabuhaɪ̯
pagkabuhay	pɐgkɐbuhaɪ̯
pagkabuhay	pɐgkɐbʊhaɪ̯
pagkagitla	pagagitla
pagkagitla	pagkaˈgit̪la
pagkaigkasin	pɐgkɐʔɪgkasɪn
pagkain	pɐgkaʔɪn
pagkaitan	paɣ̞kaʝit̪an
pagkaitan	pɐgkaɪ̯tan
pagkaitan	pɐgkɐʔɪtan
pagkakaibigan	pɐgkɐxaɪ̯biɣɐn
pagkakaibigan	pɐgkɐxɐʔɪbiɣɐn
pagkakaisa	pɐgkɐxaʔɪsɐ
pagkakaisa	pɐgkɐxɐʔɪsa
pagkakakilanlan	pɐgkɐxaxɪlɐnlan
pagkakasakit	pɐgkɐxɐsɐxit
pagkakasal	patkakasal
pagkakasiraan	pɐgkɐxɐsɪɾɐʔan
pagkakasundo	pɐgkɐxasʊndoʔ
pagkakataon	pagkakaːt̪aon
pagkakataon	pɐgkɐxatɐʔon
pagkakaunawa	pɐgkɐxaʔʊnawɐʔ
pagkakaunawaan	pɐgkɐxaʔʊnɐwɐʔan
pagkalalaki	pɐgkɐlɐlaxɪ
pagkalinawan	pɐgkɐlɪnawɐn
pagkalito	pɐgkɐlɪto
pagkamakabagunsakupin	pɐgkɐmɐxɐbɐɣʊnsɐxupɪn
pagkamakagahum	pɐgkɐmɐxɐɣahʊm
pagkanonisa	pɐgkɐnonɪsa
pagkapangulo	pɐgkapɐŋulo
pagkaraan	pɐgkɐɾaʔɐn
pagkaraan	pɐgkɐɾɐʔan
pagkasuplada	pɐgkɐsʊpladɐ
pagkasuplado	pɐgkɐsʊplado
pagkatapos	pɐgkɐtapos
pagkaulila	pɐgkɐʔʊlilɐ
pagkilala	pɐgkɪlalɐ
pagkindat	pɐgkɪndat
paglabag	pɐglɐbag
paglalasing	pɐglɐlɐsiŋ
paglapag	paglapag
paglathala	pɐglɐthalɐʔ
pagliko	paglikoː
paglilinaw	pɐglɪlinaʊ̯
paglilipat	paglilipat
paglilitis	pɐglɪlitɪs
paglinawan	pɐglɪnawɐn
paglipas	padlipas
paglipat	paglipat
pagliyab	pagˈljˈab˥
pagluluksa	pɐglʊlʊksaʔ
pagmalupitan	pɐgmɐlʊpɪtan
pagmamahal	pɐgmɐmɐhal
pagmimina	pɐgmɪminɐ
pagnanakaw	pɐgnɐnaxaʊ̯
pagnanasa	pɐgnɐnasɐʔ
pagod	paɣod
pagod	pɐɣod
pagong	pɐɣoŋ
pagpag	pɐgpag
pagpapanatili	pagpapanatili
pagpapanggap	pagpapangap
pagpapatiwakal	pɐgpɐpɐtɪwɐxal
pagpapatupad	pɐgpɐpɐtʊpad
pagpilian	agpilian
pagpilit	pagpjlit
pagpilitan	pagpiliːtan
pagpipilit	pagpipilit
pagpipinta	pɐgpɪpɪnta
pagpipintura	pɐgpɪpɪntuɾɐ
pagpuga	pɐgpuɣɐ
pagpunta	pagpũnˈta
pagpupumiglas	pagpopomiɣlas
pagsabihan	pɐgsɐbihɐn
pagsagot	pagsegot̪
pagsakop	pagsakok
pagsalangsang	pag̊sa˨˩laŋsa˥ŋ˩˩˦
pagsalansang	pagsaˈlantsaŋ
pagsama	pagsama
pagsamantalahan	pɐgsɐmɐntɐlɐhan
pagsamba	pagsəmbaː
pagsanjan	pɐgsɐnhan
pagsanjan	pɛ̀gːsa˨˩nhan˧
pagsasabansa	pɐgsɐsɐbɐnsaʔ
pagsasabi	pɐgsɐsabɪ
pagsasadula	pɐgsɐsɐdʊlaʔ
pagsasaka	pɐgsɐsaxɐ
pagsasama	pagsesama
pagsasama	pɐgsɐsamɐ
pagsasama	pɐgsɐsɐma
pagsasamantalahan	pɐgsɐsɐmɐntɐlɐhan
pagsasanay	pɐgsɐsanaɪ̯
pagsikat	pagsiːkat
pagsilang	pagsiːlam
pagsisihan	pɐgsɪsihɐn
pagsisimula	pagsisimula
pagsisinungaling	pagsisjnʊŋgaliŋ
pagsisisi	pɐgsɪsisɪ
pagsisiyam	pɐgsɪʃam
pagsulong	pagsuloŋ
pagsusulit	pɐgsʊsulɪt
pagsusumikap	pagsusʊmjkap
pagsusunog	pɐgsʊsʊnog
pagsuway	pɐgswaɪ̯
pagtaban	pɐgtabɐn
pagtae	pɐgtaʔɛ
pagtakhan	pɐgtɐkhan
pagtakpan	pɐgtɐkpan
pagtalikod	pɐgtɐlixod
pagtaluhan	pɐgtɐluhɐn
pagtalunan	pɐgtɐlunɐn
pagtalunan	pɐgtɐlʊnan
pagtangis	pagtaŋis
pagtataksil	pɐgtɐtɐksil
pagtatalik	pɐgtɐtalɪk
pagtataluhan	pɐgtɐtɐluhɐn
pagtatalunan	pɐgtɐtɐlunɐn
pagtatalunan	pɐgtɐtɐlʊnan
pagtatampo	pɐgtɐtɐmpo
pagtatangis	pagtatangis
pagtatapos	pɐgtɐtɐpos
pagtatawanan	pɐgtɐtɐwɐnan
pagtawanan	pɐgtɐwɐnan
pagtilaok	paktɛlaok
pagtingin	pakt̪iŋˈin
pagtitiwala	pagtitiwalə
pagtripan	pɐgtɾɪpan
pagtutugis	paktotogis
pagtutulungan	pɐgtʊtʊlʊŋan
pagtuya	pant̪oja
paguia	pagjɐ
paguio	pagjo
pagulayan	pɐɣʊlajɐn
pagupitan	paɣʊpitɐn
pagupitan	pɐɣʊpɪtan
pagurin	pɐɣuɾɪn
pagwawaliwali	pɐgwɐwalɪwalɪ
pagwawasak	pɐgwɐwasɐk
pagwitwit	pɐgwɪtwit
pagwiwisik	pɐgwɪwɪsik
pagyagban	pɐgjɐgban
pagyagyag	pɐgjɐgjag
pagyukyok	pɐgjʊkjok
pahabain	pɐhɐbaʔɪn
pahalang	pɐhɐlaŋ
pahamak	pɐhamɐk
pahambing	pɐhɐmbiŋ
pahati	pɐhatɪ
pahayag	pɐhɐjag
pahayagan	pahɐjɐɣɐn
pahid	pahɪd
pahid	pˌɐɾˈid
pahilaga	pɐhɪlaɣɐʔ
pahilis	pɐhɪlis
pahina	pahɪnɐ
pahinante	pɐhɪnantɛ
pahinarya	pɐhɪnaɾjɐ
pahinga	pɐhɪŋa
pahingi	paɪ̯ŋɛʔ
pahingi	pɐhɪŋiʔ
pahingi	pɐhɪŋɛʔ
pahinto	pahintu
pahintulot	pãhʲintuːlot̪
pahintulot	pɐhɪntulot
pahinuhod	pɐhɪnuhod
pahiram	pɐhɪɾam
pahiram	pɛɾɐm
pahiyain	pɐhɪɐʔin
pahutan	pɐhutɐn
paiksiin	pɐʔɪksɪʔin
pailalim	pɐʔɪlalɪm
pailalim	pɐʔɪlɐlim
pailaw	pɐʔilaʊ̯
pailawin	pʰʔilaːwɪn
pain	paʔɪn
painitin	pɐʔɪnitɪn
paitaas	paeˈtaas
paiwa	pɐʔɪwaʔ
pajarillo	pɐhɐɾiljo
pajarito	pɐhɐɾito
pak	pak
pakain	paqaɪn
pakainin	paxɐʔɪnin
pakainin	pɐxɐʔinɪn
pakalog	pɐxɐlog
pakana	pɐxɐnaʔ
pakanlog	pɐxɐnlog
pakasalan	pakasalan
paki	pɐxi
paki	pɐxɛ
pakialam	pɐxɪʔɐlam
pakialamera	pɐxɪʔɐlɐmɛɾɐ
pakialamero	pɐxɪʔɐlɐmɛɾo
pakid	pɐxid
pakielam	pɐxɪʔɛlɐm
pakikiapid	pɐxɪxɪʔɐpid
pakikipagsapalaran	paˈkikipagsapalaɾan
pakikipagsapalaran	pɐxɪxɪpɐgsapɐlɐɾɐn
pakikipagtalik	pɐxɪxɪpɐgtalɪk
pakikiramay	pɐxɪxɪɾamaɪ̯
pakikisama	pɐxɪxɪsamɐ
pakinabang	pɐxɪnabɐŋ
pakinggan	pɐxɪŋgan
pakinig	pɐxɪnig
pakipot	pɐxipot
pakiramdam	pɐxɪɾɐmdam
pakistan	paxɪstɐn
pakisulat	pakisʊlat
pakita	pɐxitɐ
pakiusap	pɐxɪʔusɐp
pakiwani	pɐxɪwɐni
pakla	pɐkla
pako	paxoʔ
pako	pɐxoʔ
pakpak	pɐkpak
paksa	pɐksaʔ
pakshet	pakʃɛt
paksimile	pɐksimɪlɛ
paksiw	pɐksiʊ̯
paksiyon	pɐkʃon
paksyon	pɐkʃon
paktor	paktoɾ
paktor	pɐktoɾ
pakulo	pɐxʊloʔ
pakundangan	pɐxʊndaŋɐn
pakupya	pɐxʊpjaʔ
pakwan	paqwan
pakwan	pɐkwan
pakyaw	pɐkjaʊ̯
pala	palɐ
pala	palɐʔ
pala	pɐla
pala	pɐlaʔ
palaba	pɐlabɐʔ
palaba	pɐlɐba
palaba	pɐlɐbaʔ
palabas	pɐlɐbas
palabasa	alaːbasaː
palabasa	pɐlɐbɐsa
palabasan	palɐbasɐn
palabathalaan	pɐlɐbɐthɐlaʔɐn
palabiro	pɐlɐbɪɾoʔ
palaboy	pɐlaboɪ̯
palabra	pɐlabɾɐ
palacol	pɐlɐxol
palacpac	pɐlɐkpak
palad	palan
palad	palɐd
paladutaan	pɐlɐdʊtaʔɐn
palafox	pɐlɐfoks
palafox	pɐlɐpoks
palag	pɐlag
palagi	pɐlaɣɪʔ
palagyan	pɐlɐgjan
palagyo	falˈaɣjˈo
palahaw	pɐlahaʊ̯
palainom	pɐlɐʔɪnom
palaisipan	pɐlaʔɪsɪpan
palaka	balaːkaː
palaka	pɐlɐxaʔ
palakaibigan	pɐlɐxaɪ̯biɣɐn
palakaibigan	pɐlɐxɐʔɪbiɣɐn
palakasan	palɐxasɐn
palakaya	pɐlɐxajɐ
palakihin	pɐlɐxɪhin
palakol	pɐlɐxol
palakpak	balaːk̚˨˩paːk̚˨˩
palakpak	pɐlɐkpak
palakpakan	pɐlɐkpaxɐn
palakpakan	pɐlɐkpɐxan
palaluan	pa˨˩laːlɔ˥an
palamakatauhan	pɐlɐmɐxɐtɐʔuhɐn
palaman	pɐlɐman
palamara	pɐlɐmaɾɐ
palamigin	pɐlɐmɪɣin
palamuhayan	pɐlɐmʊhajɐn
palamunin	palɐmʊnin
palamura	pɐlɐmʊɾa
palamuti	pɐlɐmʊtiʔ
palamutian	pɐlɐmʊtɪʔan
palang	pɐlaŋ
palangiti	pɐlɐŋɪtiʔ
palanguyan	palagŋujan
palansak	pɐlɐnsak
palaot	pɐlaʔot
palapa	pɐlapɐʔ
palapag	pɐlɐpag
palapantigan	palaːpant̪iːgan
palapati	pɐlɐpatɪ
palapatik	pɐlɐpatɪk
palara	pɐlɐɾaʔ
palarca	pɐlaɾkɐ
palarindingan	pɐlɐɾɪndiŋɐn
palaruan	palɐɾuʔɐn
palasak	pɐlasɐk
palasak	pɐlɐsak
palasihayan	pɐlɐsɪhajɐn
palasihayanan	pɐlasihɐjɐnan
palasimba	pɐlɐsɪmba
palasingsingan	pɐlasɪnsiŋɐn
palaso	pɐlɐsoʔ
palaspas	pɐlɐspas
palasurian	pɐlasʊɾɪʔan
palasyo	pɐlaʃo
palasyo	valasjo
palatangkasan	palatɑŋkasan
palatatagnan	pɐlatɐtɐgnan
palatumbasan	pɐlɐtʊmbasɐn
palaulatan	pɐlaʔʊlatɐn
palawan	palawa
palay	palaj
palay	palaɪ̯
palayan	pɐlajɐn
palayan	pɐlɐjan
palayasin	pɐlɐjasɪn
palayok	palaːjok
palayok	pɐlɐjok
palda	bal̪d̪a
palda	paldɐ
paldo	pɐldo
palengke	pɐlɛŋkɛ
palestina	pɐlɛstinɐ
palestino	pɐlɛstino
paletada	pɐlɛtadɐ
paletadahan	pɐlɛtɐdahɐn
paliban	pɐlibɐn
palibhasa	pɐlɪbhasɐʔ
paligo	pɔligo
paligsa	pɐlɪgsa
paligsahan	pɐlɪgsahɐn
paliguan	palguan
paliguan	palɪɣʊʔɐn
paliguan	pɐlɪɣuʔɐn
palihim	pɐlɪhim
paliitin	pɐlɪʔɪtin
palikero	pɐlɪxɛɾo
paliki	pɐlixɪʔ
palikuran	palɪxuɾɐn
palima	pɐlimɐ
paling	palɪŋ
paling	pɐliŋ
palintong	pɐlɪntoŋ
paliparan	pɐlɪpaɾɐn
paliparan	pɐlɪpɐɾan
paliparin	paːlɪpɑːˈɾin
palisoc	pɐlisok
palit	pɐlit
palit	pɐlɛt
palit	pəlˈit
palitada	pɐlɪtadɐ
palitadahan	pɐlɪtɐdahɐn
palitan	a˦˥litan˥˩
palitan	pɐlitɐn
palitan	pɐlɪtan
palitaw	pɐlɪtaʊ̯
palito	pɐlito
paliwanag	pɐlɪwanɐg
palo	palo
palo	paloʔ
palomares	pɐlomaɾɛs
palong	paloŋ
palopalo	pɐlopaloʔ
palos	pɐlos
palpak	pɐlpak
palpak	pˈalpa
palpal	pɐlpal
palso	pɐlso
paltan	pɐltan
paltik	pɐltik
paltok	pɐltok
paltos	palt̪os
paltos	pɐltos
palugit	pɐluɣɪt
paluin	baloːɛm
palusot	pɐlʊsot
palutang	pɐlutɐŋ
palya	pɐlja
palò	palo
pamabat	pɐmabɐt
pamagat	pɐmɐɣat
pamahalaan	pamɐhɐlɐʔan
pamahalaan	pɐmɐhɐlaʔɐn
pamahaw	pɐmahaʊ̯
pamahiin	pɐmɐhiʔɪn
pamahiran	pɐmɐhiɾɐn
pamalo	pamaːlʊ
pamalo	pɐmaloʔ
pamaltik	pɐmɐltik
pamamagitan	pəˈmamagit̪aːn
pamamahagi	pamamahaji
pamamahagi	pɐmɐmɐhaɣɪʔ
pamamahayag	pɐmɐmɐhɐjag
pamamanas	pɐmɐmɐnas
pamamanhikan	pɐmɐmɐnhixɐn
pamamaril	pɐmɐmɐɾil
pamana	pɐmanɐ
pamantasan	pamaːntaˈsˈaːn
pamantasan	pa˥mant̪a˥san
pamantasan	pɐmɐntasɐn
pamantayan	pa˥˩manta˥˩jɛn
pamaran	pɐmɐɾan
pamasahe	pɐmɐsahɛ
pamasko	pamasˈkɔ
pamasok	pɐmasok
pamayanan	amajanan
pamayanan	pamɐjɐnan
pamaypay	pamai̯paj
pamaypay	pɐmaɪ̯paɪ̯
pambahay	pɐmbahaɪ̯
pambansa	pɐmbɐnsaʔ
pambata	pɐmbatɐ
pambati	pɐmbɐti
pambihira	pɐmbɪhiɾɐʔ
pambilo	pɐmbɪlo
pambura	pɐmbʊɾa
pamilihan	pamɪlihɐn
pamiliin	familiˈin
pamilya	pɐmiljɐ
pamilyado	pɐmɪljado
pamilyar	amiljˈaɾ
pamilyar	pɐmɪljaɾ
pamilyaridad	pɐmɪljɐɾɪdad
pamimilosopo	pɐmɪmɪlosopo
pamimirata	pɐmɪmɪɾatɐ
paminggalan	pamɪŋgalɐn
paminta	pɐmɪnta
pamintuan	pɐmɪntuʔɐn
pamitak	pɐmɪtak
pamomolitika	pɐmomolitɪxɐ
pamook	pɐmoʔok
pampagana	pɐmpɐɣanɐ
pampam	pampam
pampam	pɐmpam
pampang	pampan
pampang	pɐmpaŋ
pampanga	pɐmpaŋgɐ
pampango	pɐmpaŋgo
pampanitikan	pɐmpanɪtɪxan
pampasabog	pɐmpɐsabog
pampasigla	pampɐsigla
pampers	pampɛɹs
pamplona	pɐmplonɐ
pampolitika	pampolitɪxɐ
pampribado	pɐmpɾɪbado
pampubliko	pɐmpublɪxo
pamudpod	pɐmʊdpod
pamumuhay	pɐmʊmuhaɪ̯
pamumuhunan	pamumuhʊːnæn
pamunuan	pɐmʊnuʔɐn
pamunuan	pɐmʊnʊʔan
pamuok	pɐmʊʔok
pamutat	pɐmutɐt
pan	pan
pana	panɐʔ
panadero	pɐnɐdɛɾo
panaderya	pɐnɐdɛɾja
panagaraw	pɐnɐɣɐɾaʊ̯
panaginip	panagini
panaginip	pɐnɐɣinɪp
panagko	pɐnɐgkoʔ
panaguri	pɐnɐɣʊɾiʔ
panahinga	pɐnɐhiŋɐ
panahon	pɐnahon
panahon	pɐnɐhon
panain	pɐnaʔɪn
panaklong	pɐnɐkloŋ
panaksak	pɐnɐksak
panalangin	panalaːŋɛn
panalangin	pɐnɐlaŋɪn
panaligan	pɐnɐliɣɐn
panalo	pɐnalo
panalo	pɐnɐlo
panama	panɐmɐ
panama	pɐnɐma
panambak	pɐnɐmbak
pananabotahe	pɐnɐnɐbotahɛ
pananagutan	panaˈnaˈgitan
pananagutan	pɐnɐnɐɣutɐn
pananalapi	pɐnɐnɐlɐpiʔ
pananamantala	pɐnɐnɐmɐntɐla
pananambang	pɐnɐnɐmbaŋ
pananamit	pɐnɐnɐmit
pananampalataya	pɐnɐnɐmpɐlɐtajɐ
panananim	pɐnɐnɐnim
pananaog	pɐnɐnaʔog
pananawagan	pɐnɐnɐwaɣɐn
panandalian	pɐnɐndɐliʔɐn
pananghalian	pɐnɐŋhɐliʔɐn
pananim	pɐnɐnim
pananong	pɐnɐnoŋ
panaog	pɐnaʔog
panata	panata
panata	pɐnatɐ
panata	pɐnatɐʔ
panatag	panatag
panatiko	pɐnatɪxo
panatili	pɐnɐtilɪ
panatilihin	paˈnɑtɪlihɪn
panauhin	pɐnɐʔuhɪn
panayam	pɐnɐjam
pandacan	pɐndaxɐn
pandaigdig	pɐndaɪ̯gdig
pandaigdig	pɐndɐʔɪgdig
pandaigdigan	pandaːiːt̪diːgan
pandak	pɐndak
pandakaki	pɐndɐxaxɪ
pandan	pɐndan
pandangal	pɐndaŋɐl
pandanggo	pɐndaŋgo
pandarambong	pandoɾambonɣ
panday	pɐndaɪ̯
pandemya	pɐndɛmjɐ
panderetas	pɐndɛɾɛtɐs
pandesal	pandɛsal
pandi	pɐndiʔ
pandidiri	pɐndɪdiɾɪ
pandikit	panˈdikiat
pandikit	pɐndɪxit
pandinig	pɐndɪnig
pandinig	pˌanˈdiˈig
pandipandi	pɐndɪpɐndi
pandiwa	panˈdjwa
pandiwa	pɐndiwɐʔ
pandong	pɐndoŋ
panega	pɐnɛɣɐ
panelo	pɐnɛlo
panenteismo	pɐnɛntɛismo
paner	pɐnɛɾ
pang	paŋ
pang-abay	pangʔabaj
pang-unawa	paŋʊnawa
panga	faŋ˨˩aː˧
panga	pɐŋa
pangadyi	pɐŋɐdʒiʔ
pangahas	pɐŋɐhas
pangako	panʔako
pangako	pɐŋaxoʔ
pangalan	pɐŋalɐn
pangalawa	faŋ˥˥a˥˥lawa˥˩
pangamba	pɐŋɐmba
pangan	paŋɐn
panganan	pɐŋanɐn
panganay	pɐŋanaɪ̯
pangangailangan	paŋaŋajraːŋan
pangangailangan	pɐŋɐŋaɪ̯laŋɐn
pangangailangan	pɐŋɐŋɐʔɪlaŋɐn
pangangalaga	pɐŋɐŋɐlaɣɐʔ
pangangamkam	paŋaŋamkam
panganganino	pɐŋɐŋɐnino
pangangasiwa	pɐŋɐŋɐsiwɐʔ
panganib	pa˥ŋamen
panganib	pɐŋanɪb
panganiban	panganiβ̞an
panganiban	pɐŋɐnibɐn
panganinuhan	pɐŋɐnɪnuhɐn
panganurin	pɐŋɐnuɾɪn
pangarap	paŋaɾɐ
pangarap	pɐŋaɾɐp
pangasinan	pɐŋgɐsɪnan
pangat	pɐŋat
pangatnig	pɐŋɐtnig
panget	paŋɛt
panggagahasa	pɐŋgɐɣɐhasɐʔ
panggagamot	pɐŋgɐɣɐmot
panggagantso	pɐŋgɐɣantʃo
panggang	pɐŋgaŋ
panggap	pangap
panggasinense	pɐŋgɐsɪnɛnsɛ
panggatong	pɐŋgatoŋ
panggupit	pɐŋgʊpit
panghahalay	pɐŋhɐhalaɪ̯
panghalalan	pa˥ŋ˥˩haːlaːlɐn˥
panghalip	pɐŋhɐlip
panghaw	pɐŋhaʊ̯
panghi	pɐŋhi
panghibayo	panghibajo
panghihinawan	pɐŋhɪhɪnawɐn
panghihinayang	pɐŋhɪhɪnajɐŋ
panghimagas	pɐŋhɪmaɣɐs
panghimasukan	pɐŋhɪmɐsuxɐn
panghimawis	pɐŋhɪmawɪs
panghimpapawid	pɐŋhɪmpɐpɐwid
panghininga	pɐŋhɪnɪŋa
pangilinan	pɐŋɪlinɐn
pangimbulo	pɐŋɪmbulo
panginain	pɐŋɪnaʔɪn
pangingikil	pɐŋɪŋixɪl
pangingisda	paŋiŋisda
panginoon	pɐŋɪnoʔon
pangit	paŋɛt
pangit	paŋɪt
pangitain	pɐŋɪtaʔɪn
pangkagawaran	pɐŋkɐɣɐwɐɾan
pangkalahatan	pɐŋkɐlɐhɐtan
pangkaraniwan	pɐŋkɐɾɐniwɐn
pangkasaysayan	pɐŋkɐsaɪ̯sajɐn
pangkat	pɐŋkat
pangko	pɐŋko
pangkultura	pɐŋkʊltuɾɐ
panglima	paŋlima
panglinis	pɐnlinɪs
pangmatagalan	pɐŋmɐtɐɣalɐn
pangmatanda	pɐŋmɐtɐndaʔ
pangngalan	pɐŋŋalɐn
pango	pɐŋoʔ
pangulo	paŋolɔ
pangulo	pɐŋulo
panguman	pɐŋʊman
pangunahan	pɐŋʊnahɐn
pangunahin	pɐŋʊnahɪn
pangungulit	pəŋuŋulɪt
pangungusap	pɐŋʊŋusɐp
pangwilig	pɐŋwɪlig
pangyari	pɐŋjaɾɪ
pangyayari	pɐŋjɐjaɾɪ
panhik	pɐnhik
panibago	panibago
panibago	pɐnɪbaɣo
panibugho	pɐnɪbʊghoʔ
panibughuin	pɐnɪbʊghuʔɪn
panig	panig
panig	panɪg
paniki	pɐnixɛʔ
paniki	pɐnixɪ
paniki	pɐnixɪʔ
panikì	paniki
panilan	pɐnilɐn
panimbang	pɐnɪmbaŋ
panimbangan	panɪmbaŋɐn
panimbangan	pɐnɪmbɐŋan
paninda	pɐnɪnda
panindigan	panɪndɪgɑn
panindigan	pɐnɪndɪɣan
paninigarilyo	pɐnɪnɪɣɐɾiljo
paninindigan	pɐnɪnɪndiɣɐn
paninindigan	pɐnɪnɪndɪɣan
paninindigan	pˈanɪnɪnˌbigˈan
paniniwala	pɐnɪnɪwalɐʔ
panirahan	panɪɾahɐn
panirahanan	pɐnɪɾɐhanɐn
panis	panɪs
panis	pɐnis
panitikan	panɛtɪkɑn
panitikan	panɪtɪxɐn
panlaba	pɐnlɐba
panlabas	pɐnlɐbas
panlakad	pɐnlaxɐd
panlampaso	pɐnlɐmpaso
panlapi	pɐnlapɪʔ
panlasa	pɐnlasɐ
panlasa	pɔnlasa
panlikod	pɐnlɪxod
panlikuran	panlɪxʊɾan
panliligaw	pɐnlɪliɣaʊ̯
panlilimos	pɐnlɪlɪmos
panlilinlang	anlilɪn˧laŋ˧
panlilio	pɐnliljo
panlinis	pɐnlinɪs
panlipunan	pɐnlɪpunɐn
panloloob	pɐnloloʔob
panloob	pɐnloʔob
panluto	panluto
pano	pano
panopio	pɐnopjo
panotsa	pɐnotʃa
panrehiyon	pɐnɾɛhɪon
panrelihiyon	pɐnɾɛlɪhɪon
pansamantala	pɐnsɐmɐntɐla
pansin	pɐnsin
pansinin	pɐnsɪnin
pansit	panˈsɛ
pansit	pɐnsit
pansol	pɐnsol
pantablay	pɐntɐblaɪ̯
pantal	pant̪al
pantalon	pɐntɐlon
pantas	pɐntas
pantasa	antasaː
pantasa	pɐntɐsa
pantawid	pantawed
pantay	pɐntaɪ̯
pantay	p˨˩an˩˩˦daj˥
pante	pantɛ
pante	pɐntɛ
panteismo	pɐntɛismo
panteon	pɐntɛon
panti	pantɪ
panti	pɐnti
pantig	pɐntig
pantog	pɐntog
pantoja	pɐntohɐ
pantomina	pantominɐ
pantukoy	pɐntuxoɪ̯
pantuos	pɐntʊʔos
panukala	paːnoːkala
panukala	pɐnʊxalɐʔ
panukat	pɐnuxɐt
panukulan	pɐnʊxulɐn
panulaan	pɐnʊlaʔɐn
panulat	pɐnulɐt
panulukan	panʊluxɐn
panundong	pɐnʊndoŋ
panuntunan	pɐnʊntunɐn
panunuhol	pɐnʊnuhol
panunuya	pɐnʊnʊjaʔ
panuos	pɐnʊʔos
panuruan	panʊɾʊʔan
panuto	panuto
panuto	pɐnuto
panutsa	pɐnʊtʃa
panuwelo	pɐnwɛlo
panwelo	pɐnwɛlo
panyo	pɐɲoʔ
panyuwelo	pɐɲwɛlo
paoay	pɐwaɪ̯
paombong	pomboŋ
paombong	pɐʔomboŋ
paos	paos
paos	paʔos
paos	pɐʔos
papaano	papaano
papag	papak
papag	papɐg
papagayo	pɐpɐɣajo
papagtaluhan	papɐgtɐluhɐn
papagtalunan	papɐgtɐlunɐn
papagtalunan	papɐgtɐlʊnan
papagtawanan	papɐgtɐwɐnan
papak	pɐpak
papak	pˈapˈak
papaletadahan	pɐpɐlɛtɐdahɐn
papalitadahan	pɐpɐlɪtɐdahɐn
papalitan	paːpaːljˈtan
papan	papɐn
papanaog	papanao
papangitin	pɐpɐŋitɪn
papansin	pɐpansɪn
papansin	pɐpɐnsin
papasyalan	pɐpɐʃɐlan
papaya	pɐpajɐ
papayag	fapajag
papel	papɛl
papel	pɐpɛl
papeles	pɐpɛlɛs
papet	papɛt
papunta	pɐpʊnta
papuntahin	pɐpʊntɐhin
papuri	pɐpːaːɾi
paputok	pɐpʊtok
par	paɾ
para	paɾɐ
paraan	pɐɾɐʔan
paraanin	pɐɾɐʔanɪn
parabula	pɐɾabʊlɐ
parada	pɐɾadɐ
paradahan	paɾɐdɐhan
paradero	pɐɾɐdɛɾo
paragas	pɐɾaɣɐs
paragos	pɐɾaɣos
parahin	pɐɾahɪn
paraiso	pɐɾɐʔiso
parak	pɐɾak
parakaida	pɐɾɐxɐʔidɐ
parakayda	pɐɾɐxaɪ̯dɐ
paralis	pɐɾalɪs
paraluman	pɐɾɐlumɐn
paraluman	pˌɐɾɐlˈumɐ
parang	paɾɐŋ
paransisko	pɐɾɐnsisko
parapernalya	pɐɾɐpɛɾnaljɐ
parapo	paɾɐpo
pararayos	paɾɐɾajos
paras	pɐɾas
paratang	pɐɾatɐŋ
parati	parati
parati	pɐɾatɪ
parayno	pɐɾaɪ̯no
parañaque	pɐɾɐɲaxɛ
pardilya	pɐɾdiljɐ
pardiyas	pɐɾdʒas
pare	paɾɛ
pare	paɾɛʔ
pareha	pɐɾɛhɐ
parehas	pɐɾɛhɐs
pareho	pɐɾɛho
parentesis	pɐɾɛntɛsɪs
pares	paɾɛs
pari	pari
pari	paɾɪʔ
parian	pɐɾiʔɐn
parianyo	pɐɾɪʔɐɲoʔ
parihaba	pɐɾɪhɐbaʔ
parika	pɐɾixɐ
parikala	pɐɾɪxalɐ
parikala	pɐɾɪxalɐʔ
paril	pɐɾil
parilla	pɐɾiljɐ
parilya	pɐɾiljɐ
parinig	pɐɾɪnig
parinlas	pɐɾinlɐs
parirala	pɐɾɪɾalɐ
paris	paɾɪs
pariseo	pɐɾɪsɛo
parisukat	pɐɾɪsʊxat
paritaan	pɐɾɪtɐʔan
pariugat	pɐɾɪʔʊɣat
park	paɹk
parke	paɾkɛ
parke	pɐɾkɛ
parlamentaryo	pɐɾlɐmɛntaɾjo
parlamento	pɐɾlɐmɛnto
parlorista	pɐɾloɾistɐ
parmasiya	pɐɾmaʃɐ
parmasya	pɐɾmaʃɐ
paroko	paɾoxo
paroko	pɐɾoxo
parokya	pɐɾokjɐ
parokyal	pɐɾokjal
parokyano	pɐɾokjano
parol	paɾol
parol	pɐɾol
parola	paɾola
parola	pɐɾolɐ
parreño	pɐɾɛɲo
partida	pɐɾtidɐ
partido	paɾtido
partido	pɐɾtido
partisipasyon	pɐɾtɪsɪpɐʃon
parugo	pɐɾʊɣoʔ
paruka	pɐɾʊxaʔ
parungao	pɐɾuŋaʊ̯
paruparo	pɐɾupɐɾo
paruparo	pɐɾʊpɐɾo
parusa	pɐɾusɐ
pasa	pasɐ
pasa	pɐsa
pasa	pɐsaʔ
pasabugin	pɐsɐbuɣɪn
pasada	pɐsadɐ
pasado	pɐsado
pasahe	pɐsahɛ
pasahero	pɐsɐhɛɾo
pasahol	pɐsahol
pasakalye	pɐsɐxaljɛ
pasalaysay	asalajsaj
pasalubong	pɐsɐluboŋ
pasamba	pɐsambɐ
pasan	pɐsan
pasanin	pɐsanɪn
pasanin	pɐsɐnin
pasaporte	paˈsˈɐpˈɔɾtˈɛ
pasaporte	pɐsɐpoɾtɛ
pasas	pasas
pasas	pasɐs
pasasalamat	pɐsɐsɐlamɐt
pasaway	pɐsɐwaɪ̯
pasay	pasaɪ̯
pasayahin	pɐsɐjɐhin
pascua	paskwɐ
pascual	pɐskwal
pasensiyosa	pɐsɛnʃosɐ
pasensiyoso	pɐsɛnʃoso
pasensya	pɐsɛnʃɐ
pasensyosa	pɐsɛnʃosɐ
pasensyoso	pɐsɛnʃoso
pashnea	pɐʃnɛɐ
pasig	pasɪg
pasigan	pɐsiɣɐn
pasigan	pɐsɪɣan
pasigayon	pɐsɪɣɐjon
pasiglahin	pɐsɪglɐhin
pasikat	pɐsixɐt
pasil	pasɪl
pasilidad	pɐsɪlɪdad
pasilyo	pɐsiljo
pasimuno	pɐsɪmunoʔ
pasintabi	pɐsɪntabɪʔ
pasipalin	pɐsɪpalɪn
pasipiko	pɐsipɪxo
pasipismo	pɐsɪpismo
pasismo	pɐsismo
pasista	pɐsistɐ
pasiya	pɐʃa
paskil	pɐskil
pasko	basko
pasko	pɐsko
paskuwa	paskwɐ
paskwa	paskwɐ
paslang	pɐslaŋ
pasma	pɐsma
pasmado	pɐsmado
paso	paso
paso	pasoʔ
paso	pɐso
paso	pɐsoʔ
pasok	pasok
pasok	pɐsok
pasonanca	pɐsonaŋkɐ
passi	passɪ
password	paswoɹd
pasterisasyon	pastɛɾɪsɐʃon
pastilyas	pɐstiljɐs
pastol	pɐstol
pastor	pɐstoɾ
pastora	pɐstoɾɐ
pastrana	pɐstɾanɐ
pastulan	pɐstulɐn
pasugalan	pasʊɣalɐn
pasuguan	pɐsʊɣuʔɐn
pasukan	pazokan
pasukan	pɐsuxɐn
pasukan	pɐsʊxan
pasukdol	pɐsʊkdol
pasukin	pɐsuxɪn
pasulo	pɐsulo
pasword	paswoɹd
pasya	pɐʃa
pasyal	pɐʃal
pasyalan	pɐʃalɐn
pasyalan	pɐʃɐlan
pasyente	pɐʃɛntɛ
pasyon	pɐʃon
pataas	pataˈs
pataasan	patɐʔasɐn
pataba	pɐtɐbaʔ
patadyong	pɐtɐdʒoŋ
patag	patag
patag	patɐg
patagin	pɐtaɣɪn
patahas	vˈatˈaˈhˈas
patahian	pɐtɐhiʔɐn
patak	pɐtak
patakaran	patɐxɐɾɐn
patakaran	pɐtɐxaɾɐn
patakbuhin	pɐtɐkbʊhin
pataksil	pɐtɐksil
patalastas	pɐtɐlɐstas
patalastas	tatalastas
patalbugan	patalmugan
patalim	pɐtɐlim
patalsik	pɐtɐlsik
patani	pɐtanɪʔ
patapos	pɐtɐpos
patas	patas
patas	patɐs
patatas	pɐtatɐs
pataw	pataʊ̯
patawanin	pɐtɐwanɪn
patay	pataj
patay	pɐtaɪ̯
patayan	pataˈjɛn
patayin	pataʝjn
patayin	pɐtɐjin
patda	pɐtda
pati	pɐti
pati	pɐtˈi
patiag	pɐtʃag
patibong	pɐtɪboŋ
patid	patɪd
patid	pɐtid
patidyugto	pɐtɪdʒʊgtoʔ
patigilin	patɣilin
patilya	pɐtiljɐ
patimog	pɐtimog
pating	pɐtiŋ
patinig	patinin
patintero	patɪntɛɾo
patipati	pɐtɪpatɪ
patis	patˈis
patis	pɐtis
patiño	pɐtiɲo
patnanungan	pɐtnɐnuŋɐn
patnubay	pɐtnubaɪ̯
patnugot	pɐtnuɣot
pato	pato
patok	patok
patol	patol
patola	pɐtolɐ
patolohiya	pɐtolohiɐ
patong	patoŋ
patotot	pɐtotot
patriya	patɾjɐ
patron	pɐtɾon
patsy	patsɪ
patty	patɪ
patubig	pɐtubɪg
patubigan	pɐtʊbiɣɐn
patuloy	batuloi
patuloy	patuloi
patulugin	pɐtʊluɣɪn
patunayan	patunajan
patungo	pɐtuŋo
patungo	pɐtuŋoʔ
patupat	pɐtupɐt
patutot	patoːtʊ
patutsada	natutsada
patutsada	pɐtʊtʃadɐ
patuusan	patʊʔʊsɐn
paulino	paʊ̯lino
paumanhin	pɐʔʊmɐnhin
paunlagui	pɐʔʊnlɐɣi
paupahan	pɐʔʊpahɐn
paupahan	pɐʔʊpɐhan
pausukan	paʔʊsʊxɐn
pausukan	pɐʔʊsuxɐn
pautangin	paʊtɑŋɪn
pautos	autos
pautot	fau̯tot
pauwe	pɐʔʊɛʔ
pauwi	pɐʔʊɛʔ
pauwiin	pɐʔʊɪʔin
pawa	pawɐʔ
pawatas	pɐwɐtas
pawiin	pawiɛm
pawikan	pɐwixɐn
pawis	pawis
pawis	pawɪs
pawis	pɐwis
pawisan	pɐwisɐn
pawisan	pɐwɪsan
pawpaw	paʊ̯paʊ̯
payag	pajak
payag	pajɐg
payak	pɐjak
payamanin	pɐjɐmanɪn
payaso	pɐjaso
payat	pɐjat
payatas	pɐjatɐs
payatot	pɐjatot
payid	pajɪd
paykot	paɪ̯xot
payo	paio
payo	pajo
payola	pɐjolɐ
payong	pajoŋ
paypay	paɪ̯paɪ̯
payuhan	pɐjuhɐn
pe	pɛ
pearl	pɛɹl
pebrero	pɛbɾɛɾo
pebripugo	pɛbɾɪpuɣo
pedal	pɛdal
pederalismo	pɛdɛɾɐlismo
pederio	pɛdɛɾjo
pedregal	pɛdɾɛɣal
pedring	pɛdɾiŋ
pedro	pɛdɾo
peg	pɛg
pekas	pɛxɐs
peke	pɛxɛʔ
peking	pɛxɪŋ
peklat	pɛklɐt
pekpek	pɛkpɛk
peksman	pɛksmɐn
pekto	pɛkto
pektus	pɛktʊs
pekulyar	pɛxʊljaɾ
pekulyaridad	pɛxʊljɐɾɪdad
peldespato	pɛldɛspato
pelikmata	plikˈmata
pelikula	pɛlixʊlɐ
pelikula	tˈɛlˈikːulˈa
peluka	pɛluxɐ
pelus	pɛlus
pembo	pɛmbo
peminismo	pɛmɪnismo
pempal	pɛmpɐl
pena	pɛnɐ
penge	pɛŋɛʔ
penikula	pɛnixʊlɐ
peninsula	pɛninsʊlɐ
peninsulares	pɛninsʊlaɾɛs
penitensiya	pɛnɪtɛnʃɐ
penomeno	pɛnomɛno
penoy	pɛnoɪ̯
penpal	pɛmpɐl
pensiyon	pɛnʃon
pensiyonado	pɛnʃonado
pentada	pɛntadɐ
pentekostes	pɛntɛxostɛs
peon	pɛon
pepay	pɛpaɪ̯
pepe	pɛpɛʔ
pera	piɾɐ
pera	pɛɾɐ
pera	pˈeɾa
peralta	pɛɾaltɐ
peram	pɛɾɐm
peras	pɛɾɐs
perdegana	pɛɾdɛɣanɐ
perdible	pɛɾdiblɛ
perdigana	pɛɾdɪɣanɐ
perera	pɛɾɛɾɐ
perez	pɛɾɛs
perfecto	pɛɾfɛkto
perhuwisyo	pɛɾhwiʃo
perhuwisyo	pɛɾwiʃo
perimetro	pɛɾimɛtɾo
perimetro	pɛɾɪmɛtɾo
perito	pɛɾito
perlas	pɛɾlɐs
permiso	pɛɾmiso
pero	pɛɾo
perokaril	pɛɾoxɐɾil
persentahe	pɛɾsɛntahɛ
persigi	pɛɾsɪɣi
persigido	pɛɾsɪɣido
perspektiba	pɛɹspɛktibɐ
perspektibo	pɛɹspɛktibo
peru	pɛɾu
perwisyo	pɛɾwiʃo
perya	pɛɾjɐ
peryodiko	pɛɾjodɪxo
peryodista	pɛɾjodistɐ
pesa	pɛsɐ
pesa	pɛsɐʔ
pesante	pɛsantɛ
peseta	pɛsɛtɐ
pesigan	pɛsiɣɐn
peste	pɛstɛ
pestisidyo	pɛstɪsidʒo
petiks	pɛtɪks
petisyon	pɛtɪʃon
petmalu	pɛtmɐlʊ
petrolyo	pɛtɾoljo
petsa	pɛtʃɐ
petsay	petʃaj
peymuth	pɛɪ̯mʊs
peymuth	pɛɪ̯mʊθ
peyneta	pɛɪ̯nɛtɐ
peyups	pɛjups
peñaflor	pɛɲɐfloɾ
peñaflor	pɛɲɐploɾ
peñaflorida	pɛɲɐfloɾidɐ
peñalosa	pɛɲɐlosɐ
peñaranda	pɛɲɐɾandɐ
pg	pidʒɪ
pi	piʔaɪ̯
pi	pɪ
picardal	pɪxɐɾdal
pidbak	pidbɐk
pidigan	vidigaːn
piesa	piesa
piga	pɪɣaʔ
pigain	pɪɣɐʔin
pigain	tɛgɛiːn
pighati	pɪghɐtiʔ
pigi	pɪɣiʔ
pigil	piɣɪl
pigil	pɪɣil
piging	pɪɣiŋ
piglas	pɪglas
pigsa	pɪgsa
pigsa	pɪgsaʔ
pigurin	pɪɣʊɾin
pihikan	pɪhixɐn
piho	piho
piing	piɪŋ
pikaporte	pɪxɐpoɾtɛ
pikit	pɪxit
pikolo	pixolo
pikon	pikːon
pikon	pixon
pikon	pɪxon
pila	pilɐ
pila	pɪla
pilak	pila
pilak	pilɐk
pilamento	pɪlɐmɛnto
pilantik	pɪlɐntik
pilantropo	pɪlantɾopo
pilapil	pɪlapɪl
pilar	pilar
pilat	pilɐt
pilat	pilˈot
pilay	pilaj
pilay	pɪlaɪ̯
pilayan	pilajen
pili	pilɪ
pili	pilɪʔ
pilibusterismo	pɪlɪbʊstɛɾismo
pilibustero	pɪlɪbʊstɛɾo
piliin	piliːin
pilik	pɪlik
pilikmata	pelikmat̪a
pilikmata	pɪlɪkmɐta
piling	pilɪŋ
piling	pɪliŋ
pilipina	pɪlɪpinɐ
pilipinas	pilibinas
pilipinas	pɪlɪpinɐs
pilipinismo	pɪlɪpɪnismo
pilipino	filipino
pilipino	pɪlɪpino
pilipit	pɪlipɪt
pilipit	pɪlɪpit
pilipot	pɪlipot
pilit	pili̯
pilit	pɪlit
pilitin	pilitim
pilok	pɪlok
pilosopiya	pɪlosopiɐ
pilosopo	pɪlosopo
piloto	pɪloto
pilyo	pilio
pilyo	piljo
pimentel	pɪmɛntɛl
pinabalik	piːnæbɐlɪk
pinabubulaanan	pɪnɐbʊbʊlɐʔanɐn
pinabulaanan	pɪnɐbʊlɐʔanɐn
pinagbabasehan	pɪnɐgbɐbɐsɛhɐn
pinagbasehan	pɪnɐgbɐsɛhɐn
pinagbuhatan	pɪnɐgbʊhatɐn
pinaghihinalaan	pɪnɐghɪhɪnɐlaʔɐn
pinagkaisahan	pɪnɐgkɐʔɪsɐhan
pinagong	pɪnɐɣoŋ
pinagsama	pɪnagsamɐ
pinagsamantalahan	pɪnɐgsɐmɐntɐlɐhan
pinagsasamantalahan	pɪnɐgsɐsɐmɐntɐlɐhan
pinagtaluhan	pɪnagtɐluhɐn
pinagtalunan	pɪnagtɐlunɐn
pinagtalunan	pɪnagtɐlʊnan
pinagtataluhan	pɪnɐgtɐtɐluhɐn
pinagtatalunan	pɪnɐgtɐtɐlunɐn
pinagtatalunan	pɪnɐgtɐtɐlʊnan
pinagtatawanan	pɪnɐgtɐtɐwɐnan
pinagtawanan	pɪnɐgtɐwɐnan
pinagtipunan	pɪnɐgtɪpunɐn
pinahirapan	pinɑhiɾapan
pinaka	pinaqa
pinakamagulo	pɪnɐxɐmɐɣʊlo
pinakamalaki	pɪnɐxɐmɐlɐxi
pinal	penal
pinalalayas	pɪnɐlɐlajɐs
pinalayas	pɪnɐlajɐs
pinaletadahan	pɪnɐlɛtɐdahɐn
pinalitadahan	pɪnɐlɪtɐdahɐn
pinamalayan	pɪnɐmɐlɐjan
pinamamagaspasan	pinamamagaspasan
pinanggalingan	pinanggaliŋan
pinansiyal	pɪnanʃal
pinapagtaluhan	pɪnapɐgtɐluhɐn
pinapagtalunan	pɪnapɐgtɐlunɐn
pinapagtalunan	pɪnapɐgtɐlʊnan
pinapagtawanan	pɪnapɐgtɐwɐnan
pinapalayas	pɪnɐpɐlajɐs
pinapaletadahan	pɪnɐpɐlɛtɐdahɐn
pinapalitadahan	pɪnɐpɐlɪtɐdahɐn
pinapasyalan	pɪnapɐʃɐlan
pinas	pinas
pinas	pɪnas
pinaslang	pinaslam
pinasyalan	pɪnɐʃɐlan
pinay	pɪnaɪ̯
pindot	pɪndot
pindutan	pɪndutɐn
pineda	pɪnɛdɐ
pinggan	pɪŋgan
pingod	pɪŋod
pingol	piŋol
pingol	pɪŋol
pinid	pinɪd
pinid	pɪnid
piniga	pɪnɪɣaʔ
pinilas	penilas
pinilas	pinilas
pinipig	pɪnipɪg
pinipiga	pɪnɪpɪɣaʔ
pinipirmahan	pɪnɪpɪɾmɐhan
pinirmahan	pɪnɪɾmɐhan
pinky	piŋkɪ
pinlac	pinlɐk
pinlandiya	pɪnlandʒɐ
pino	ino
pino	pino
pinoy	pinoj
pinoy	pɪnoɪ̯
pinsala	pɪnsala
pinsala	pɪnsalɐʔ
pinsala	pɪnsɐlaʔ
pinsan	pinsɐn
pinse	pɪnsɛ
pinta	pintɐ
pinta	pɪmta˥˩
pinta	pɪnta
pintakasi	pɪntɐxasɪ
pintas	pintas
pintig	pɪntig
pinto	pɪntoʔ
pinto	pɪ˥˩n˩˩˦tɔː˥˩
pintor	pintor
pintor	pɪntoɾ
pintuan	bintuan
pintuan	pɪntuʔɐn
pintura	pintuɾa
pintô	pintˈo
pinuno	pɪnunoʔ
pinuno	pˈinˈʌnˈo
pinuntahan	pɪnʊntɐhan
pinupog	pʲinupoɣ
pinupuntahan	pɪnʊpʊntɐhan
pinupupog	pinuppʊpog
pinya	piɲɐ
pinya	pɪɲa
pipi	pipɪ
pipi	pipɪʔ
pipi	pɪpi
pipigain	pɪpɪɣɐʔin
pipiliin	fipɪliːˈin
pipino	pɪpino
pipino	tipino
pipirmahan	pɪpɪɾmɐhan
piranggot	pɪɾɐŋgot
piraso	pɪɾaso
pirata	pɪɾatɐ
pirikpirik	pɪɾikpɪɾik
piring	pɪɾiŋ
pirit	piɾɪt
pirma	pɪɾma
pirmahan	pirmahaːn
pirmahan	pɪɾmɐhan
pirme	pɪɾmɛ
pirot	piɾot
pirurutong	pɪɾʊɾutoŋ
pisa	bisˈa
pisan	pisɐn
pisan	pɪsan
pisang	pisɐŋ
pisara	pizsaɾa
pisara	pɪsaɾɐ
pisaw	pɪsaʊ̯
pisbol	pisbol
piseta	pɪsɛtɐ
pisi	pisɪʔ
pisika	pisɪxɐ
pisika	pˈisika
pisikal	pisɪxɐl
pisikalan	pisɪxalɐn
pisil	pɪsil
pisis	pisɪs
piskal	pɪskal
piskalya	pɪskaljɐ
piskalya	pɪskɐlja
pisngi	pɪsŋi
piso	piso
pison	pɪson
pisot	pɪsot
pispis	pɪspis
pissis	pissɪs
pista	pɪsta
pistola	pɪstolɐ
pita	pitɐ
pitaka	pɪtaxɐʔ
pitik	pitɪk
pitik	pɪtik
pitis	pitɪs
pitis	pɪtis
pito	pito
pito	pɪto
pitogo	pɪtoɣo
pitoy	pɪtoɪ̯
pitpit	pɪtpit
pitsipitsi	pitʃɪpitʃɪ
pitso	pɪtʃo
pitugo	pɪtuɣo
pitulon	pɪtʊlon
pitumbuko	pɪtʊmbʊxo
pitumpu	pɪtʊmpuʔ
pitundaan	pɪtʊndɐʔan
pitò	pito
pitó	pʲitɕo
piyano	pjano
piyansa	pjansɐ
piyaya	pjajɐ
piye	pie
piyesa	pjɛsɐ
piyesta	pjɛstɐ
piyon	pjon
piyot	pjot
piyudalismo	pjʊdɐlismo
pizarro	pɪzaɾo
piítan	piiˈtan
piñol	pɪɲol
piñon	pɪɲon
plais	plaɪ̯s
plais	plaʔɪs
plaka	plaxɐ
plakard	plaxɐɹd
planas	planɐs
planeta	plɐnɛtɐ
planetaryum	plɐnɛtaɾjʊm
plano	plano
planta	planta
planta	plantɐ
plantita	plɐntitɐ
plantito	plɐntito
plantsado	plɐntʃado
planuhin	laːnˈuhin
plapla	plaplɐ
plaridel	plaɾɪdɛl
plasa	plasɐ
plaslayt	plaslaɪ̯t
plastik	plastɪk
plastik	plastˈik
plat	plat
plata	platɐ
plataporma	plataporma
platito	platito
platito	plɐtito
platon	plɐton
playwud	plaɪ̯wʊd
plebisito	plɛbɪsito
plektro	plɛktɾo
plete	plɛtɛ
pliyeges	pljɛɣɛs
plorera	ploɾɛɾɐ
plukurarol	plʊxʊɾaɾol
pluma	pluma
pluma	plumɐ
plumahe	plʊmahɛ
pluralismo	plʊɾɐlismo
plutokrasya	plʊtokɾaʃɐ
po	po
po	poʔ
poblete	poblɛtɛ
pobre	pobɾɛ
poder	podɛɾ
pogi	ogi
pogi	poɣɪʔ
pogi	pɔːgɪ
poka	poxɐ
poknat	poknɐt
pokpok	pokpok
polako	polaxo
polanco	polaŋko
polaynas	polaɪ̯nɐs
polbo	polbo
polboron	polboɾon
poleng	polɛŋ
policarpio	polɪxaɾpjo
polintan	polɪntan
polisiya	polɪsiɐ
polisya	pɔːlˈiːʃa
politeismo	polɪtɛismo
politika	politika
politika	politɪxɐ
politikal	politɪxɐl
politikal	polɪtɪxal
politiko	politɪxo
polo	polo
polo	poloʔ
polonchay	polontʃaɪ̯
polonya	poloɲɐ
polusyon	polʊʃon
polyeto	poljɛto
pomelo	pomɛlo
ponching	pontʃɪŋ
ponda	pondɐ
pondo	pondo
pondohan	pondohan
ponema	ponɛmɐ
pong	poŋ
pongkan	poŋkɐn
ponkan	poŋkɐn
pontempen	pontɛmpɛn
pook	poʔok
poon	poʔon
poon	pun
popular	popʊlaɾ
populasyon	popʊlɐʃon
por	poɾ
porac	poɾɐk
porendyer	poɾɛndʒɛɾ
porke	poɾkɛ
porket	poɾkɛt
porma	poɾmɐ
pornada	poɾnadɐ
pornograpiya	poɾnogɾɐpiɐ
porsiyento	poɾʃɛnto
porsyento	poɾʃɛnto
portabol	poɾtɐbol
portamoneda	poɾtɐmonɛdɐ
portpolyo	poɾtpoljo
portugal	poɾtʊɣal
portuges	poɾtʊɣɛs
portugesa	poɾtʊɣɛsɐ
posadas	posadɐs
posas	posɐs
posisyon	posɪʃon
positibismo	posɪtɪbismo
positibo	posɪtibo
poso	poso
posporo	pospoɾo
poste	postɛ
poster	postɛɾ
postura	postuɾɐ
potahe	potahɛ
potensiyal	potɛnʃal
potostat	potostat
prado	pɾado
prak	pɾak
praksis	pɾaksɪs
praktika	pɾaktɪxɐ
praktikal	pɾaktikal
praktikal	pɾɐktɪxal
praktikalidad	pɾɐktɪxɐlɪdad
praktiko	pɾaktɪxo
praktis	pɾaktɪs
praktisado	pɾɐktɪsado
prangka	pɾaŋkɐ
prangkisa	pɾɐŋkisɐ
prangko	pɾaŋko
praning	pɾɐniŋ
pranses	pɾɐnsɛs
pransesa	pɾɐnsɛsɐ
pransiya	pɾanʃɐ
pransya	pranʃa
pransya	pɾanʃɐ
prayoridad	pɾɐjoɾɪdad
prebensiyon	pɾɛbɛnʃon
prediksiyon	pɾɛdɪkʃon
premyo	pɾɛmjo
preno	prɛno
preno	pɾɛno
preparasyon	pɾɛpɐɾɐʃon
presa	pɾesa
presensiya	pɾɛsɛnʃɐ
presidente	pɾɛsɪdɛntɛ
presinto	pɾɛsinto
presko	pɾɛsko
preso	pɾɛso
prestihiyoso	pɾɛstɪhɪoso
presupuwesto	pɾɛsʊpwɛsto
presyo	pɾɛʃo
presyon	pɾɛʃon
presyur	pɾɛʃʊɾ
pribado	pɾɪbado
pribilehiyo	pɾɪbɪlɛhɪo
prieto	pɾjɛto
primarya	pɾɪmaɾjɐ
primera	pɾɪmɛɾɐ
primero	pɾɪmɛɾo
primitivo	pɾɪmɪtibo
primitivo	pɾɪmɪtivo
primo	pɾimo
prince	pɾins
princess	pɾinsɛs
prinsa	pɾinsɐ
prinsesa	pɾɪnsɛsɐ
prinsipe	pɾinsɪpɛ
prinsipyo	pɾɪnsipjo
prito	pɾjˈto
priyoridad	pɾjoɾɪdad
probetso	pɾobɛtʃo
probinsiya	pɾobinʃɐ
probinsiyana	pɾobɪnʃanɐ
probinsiyano	pɾobɪnʃano
problemado	pɾoblɛmado
problemahin	pɾoblɛmahɪn
produkto	pɾodukto
prodyuser	pɾodʒusɛɾ
proklamasyon	pɾoklɐmɐʃon
promdi	pɾomdɪ
propagandista	pɾopɐɣɐndistɐ
propesiya	pɾopɛsiɐ
propesor	pɾopɛsoɾ
propesora	pɾopɛsoɾɐ
propesyon	pɾopɛʃon
propesyonal	pɾopɛʃonal
propesyonalismo	pɾopɛʃonɐlismo
propeta	pɾopɛtɐ
prostitusyon	pɾostɪtʊʃon
prostituta	pɾostɪtutɐ
proteksiyonismo	pɾotɛkʃonismo
protekta	pɾotɛktɐ
protina	pɾotinɐ
proyekto	pɾojɛkto
prudente	pɾʊdɛntɛ
prusisyon	pɾʊsɪʃon
prutas	prutas
prutas	pɾutɐs
pruweba	pɾwɛbɐ
pu	puʔ
pua	puɐ
pua	pwɐ
publikasyon	pʊblɪxɐʃon
publiko	publɪxo
puday	pʊdaɪ̯
puding	pudɪŋ
pudpod	pʊdpod
pueson	pwɛson
puga	puɣɐ
puga	pʊɣa
pugad	pugan
pugad	puɣɐd
pugante	pʊɣantɛ
pugita	pugita
pugita	pʊɣitɐ
pugo	puɣoʔ
pugok	pʊɣok
pugon	pʊɣon
pugot	pʊɣot
pugutan	pʊɣutɐn
puhag	puhɐg
puhag	pʊhag
puhunan	poɦunan
puhunan	pʊhunɐn
puig	pwig
puka	pʊxaʔ
puke	puxɛ
puke	puxɛʔ
puki	puxɪ
puki	puxɪʔ
puklo	pʊkloʔ
pukot	puxot
pukpok	pʊkpok
puksa	pʊksaʔ
pukyutan	pʊkjutɐn
pula	pulɐʔ
pula	pʊla
pulahan	pʊlɐhan
pulamulderiyos	pʊlɐmuldɛɾjos
pulbos	pʊlbos
pulbura	pʊlbʊɾa
pulburon	pʊlbʊɾon
pulgada	pulgadda
pulgada	pʊlgadɐ
pulgas	pʊlgas
pulgas	ulgas
pulido	pʊlido
pulikat	pʊlixɐt
pulis	pʊlis
pulisya	pʊliʃɐ
pulitiko	politiko
pulmon	pʊlmon
pulmonya	pʊlmoɲa
pulo	puloʔ
pulo	pʊloʔ
pulo	ulˈo
pulong	puloŋ
pulos	pulos
pulos	pʊlos
pulot	plot̪
pulot	pulot
pulot	pʊlot
pulpito	pulpɪto
pulpol	pʊlpol
pulseras	pulseɾas
pulseras	pʊlsɛɾɐs
pulso	pulso
pultaon	pʊltɐʔon
pulubi	pʊlubɪ
pulumasi	pʊlʊmasɪ
puluntal	pʊlʊntal
pulupeta	pʊlʊpɛta
pulupito	pʊlupɪto
pulupot	pʊlupot
pulut	pʊlut
pulutan	polutan
pulutan	pʊlutɐn
pulutong	pʊlʊtoŋ
pumalakpak	pʊmɐlɐkpak
pumalaot	pʊmɐlaʔot
pumanaw	pumanau
pumanaw	pʊmanaʊ̯
pumanghaw	pʊmɐŋhaʊ̯
pumanig	pʊmanɪg
pumapanaw	puːmaːpaːnau
pumarada	pumaraːda
pumarada	pʊmɐɾadɐ
pumaroon	pʊmɐɾon
pumaroon	pʊmɐɾoʔon
pumasa	puːmaːsaː
pumatay	pumatai
pumatay	pʊmɐtaɪ̯
pumayag	pumaːjag
pumayag	pʊmajɐg
pumila	pʊmilɐ
pumili	pˌumˈilɪ
pumilit	tɑgmiːlɪt
pumisik	pʊmɪsik
pumula	pʊmʊla
pumulupot	pʊmʊlupot
pumunta	pʊmʊnta
pumunta	t̪o̞munt̪a
pumuti	pʊmutɪ
pumuti	pʊmʊtiʔ
pumutok	pʊmʊtok
puna	pʊna
punasan	pʊŋaːsan
pundasyon	pʊndɐʃon
pundi	pʊndi
pundido	pʊndido
pundo	pʊndo
punebre	pʊnɛbɾɛ
punerarya	pʊnɛɾaɾjɐ
pungol	pʊŋol
punit	punɪt
punit	pʊnit
punitin	unitin
punla	pʊnlaʔ
puno	punoʔ
puno	pʊnoʔ
puno	uno
punongbayan	punombajɐn
punongkahoy	punoŋkahoɪ̯
punso	pʊnso
punso	pʊnsoʔ
punsoy	pʊnsoɪ̯
punta	puntɐ
punta	punt̪a
punta	pʊnta
punta	pʊntaʔ
puntahan	pʊntɐhan
punterya	pʊntɛɾja
puntirya	pʊntɪɾja
punto	punto
punto	pʊnto
puntod	pʊntod
punyal	pʊɲal
punyeta	pʊɲɛtɐ
punzalan	pʊnsɐlan
punzalan	pʊnzɐlan
puo	pʊʔoʔ
pupo	pupoʔ
pupo	pʊpoʔ
pupu	pupʊʔ
pupuntahan	pʊpʊntɐhan
purga	pʊɾga
purgatoryo	pʊɾgɐtoɾjo
puri	puɾɪ
purihin	pʊɾihɪn
puring	pʊɾiŋ
puro	puɾo
purok	pʊɾok
purol	pʊɾol
pursigi	pʊɾsɪɣi
pursigido	pʊɾsɪɣido
purunggo	pʊɾʊŋgoʔ
pusa	pusɐʔ
pusa	puːsˈa
pusa	pʊsaʔ
pusakal	pʊsɐxal
pusaw	pʊsaʊ̯
pusit	poˈsˈið
pusit	pʊsit
puslit	pʊslit
puso	puso
puso	pusoʔ
pusod	pusod
puson	kʰʊ˨˩sʊn˥˩
puson	pʊson
pusong	pusoŋ
pusong	pʊsoŋ
pusoy	pʊsoɪ̯
pusta	pʊsta
pusta	ustˈa
pustahan	pʊstahɐn
pustiso	pʊstiso
pustura	pʊstuɾɐ
pusyaw	pʊʃaʊ̯
puta	putɐ
putak	pʊtak
putakti	pʊtɐkti
putangina	putaŋɪnˈɑ
putbol	putbol
putek	pʊ˥˩tik˥
puthaw	pʊthaʊ̯
puti	pot̪it̪
puti	putɪ
putik	putɪk
putla	pʊtlaʔ
puto	puto
putok	pʊtok
putol	potolʲm
putol	putol
putol	pʊtol
putong	putoŋ
putot	putot
putot	pʊtot
putragis	putɾɐɣis
putsa	putʃɐʔ
putspa	putspɐ
putukan	pʊtuxɐn
putukan	pʊtʊxan
putulan	pʊtulɐn
putulin	pʊtulɪn
putulin	pʊtʊlin
pututan	pʊtutɐn
putók	pˈutok
puwa	puɐ
puwang	pu˥˧waŋ˨˩˦
puwas	pwas
puwede	pwɛdɛ
puwente	pwɛntɛ
puwerkospin	pwɛɾkospin
puwersa	pwɛɾsɐ
puwerta	pwɛɾtɐ
puwo	puoʔ
puyat	pujɐt
puyat	pʊjat
puyod	pʊjod
pwente	pwɛntɛ
pwera	pwɛɾɐ
pūlis	polˈis
quatro	kwˈatɾo
queenie	kwinɪ
quiambao	kjɐmbaʊ̯
quimpo	kimpo
quimson	kimson
quintos	kintos
quirante	kɪɾantɛ
r	ɾ
r	ɾɐ
ra	ɾɐ
raan	ɾaʔɐn
rabi	ɾɐbi
rabis	ɾabɪs
rabya	ɾabjɐ
racelis	ɾɐsɛlɪs
radar	ɾɐdaɾ
radikal	ɾɐdɪxal
radikalismo	ɾɐdɪxɐlismo
radoc	ɾadok
radyador	ɾɐdʒɐdoɾ
radyo	ɾadʒo
radyo	ɾaːd̪io
radyolohiya	ɾɐdʒolohiɐ
ragas	ɾaɣɐs
ragasa	ɾɐɣasɐ
ragasa	ɾɐɣɐsaʔ
ragat	ɾaɣɐt
ragsak	ɾɐgsak
ragudo	ɾɐɣudo
raha	ɾahɐ
raha	ɾɐha
rahuyo	ɾɐhujoʔ
rajah	ɾahɐ
raket	ɾaxɛt
raketa	ɾɐxɛtɐ
raketera	ɾɐxɛtɛɾɐ
raketero	ɾɐxɛtɛɾo
raketir	ɾaxɛtiɾ
rakista	ɾɐxistɐ
rakitis	ɾɐxitɪs
rali	ɾalɪ
raliyista	ɾɐlɪistɐ
ramadan	ɾɐmɐdan
rambol	ɾambol
rambulan	ɾɐmbulɐn
rambutan	ɾɐmbʊtan
ramdam	ɾɐmdam
ramen	ɾamɛn
ramon	ɾɐmon
ramos	ɾamos
rampa	ɾampɐ
ranada	ɾɐnadɐ
ranggo	raŋgo
ranggo	ɾaŋgo
rangya	ɾɐŋjaʔ
rantso	antʃo
rantso	ɾantʃo
rapsodya	ɾɐpsodʒɐ
rasa	ɾasɐ
rasal	ɾɐsal
rason	ɾɐson
rasonable	ɾɐsonablɛ
raspa	ɾaspɐ
raspa	ɾɐspa
rasyon	ɾɐʃon
rasyonal	ɾɐʃonal
rasyonalidad	ɾɐʃonɐlɪdad
rasyonalismo	ɾɐʃonɐlismo
rasyonalista	ɾɐʃonɐlistɐ
ratiles	ɾatɪlɛs
ratipika	ɾɐtɪpɪxa
ratipikado	ɾɐtɪpɪxado
ratipikasyon	ɾɐtɪpɪxɐʃon
ratrat	ɾɐtɾat
ratratin	ɾɐtɾɐtin
rayadilyo	ɾɐjɐdiljo
rayama	ɾɐjamɐ
rayos	ɾajos
rayuma	ɾɐjumɐ
razon	ɾɐzon
reaksiyon	ɾɛʔɐkʃon
reaksiyonaryo	ɾɛʔɐkʃonaɾjo
reaksyon	ɾɛʔɐkʃon
real	ɾɛal
realidad	ɾɛɐlɪdad
realingo	ɾɛɐliŋgo
realismo	ɾɛɐlismo
realista	ɾɛɐlistɐ
realistiko	ɾɛɐlistɪxo
reanzares	ɾɛɐnzaɾɛs
rebanal	ɾɛbɐnal
rebelasyon	ɾɛbɛlɐʃon
rebelde	ɾɛbɛldɛ
rebelyon	ɾɛbɛljon
rebentador	ɾɛbɛntɐdoɾ
reberendo	ɾɛbɛɾɛndo
reberensiya	ɾɛbɛɾɛnʃɐ
rebisa	ɾɛbɪsa
rebisado	ɾɛbɪsado
rebisyon	ɾɛbɪʃon
rebokada	ɾɛboxadɐ
rebokasyon	ɾɛboxɐʃon
rebolber	ɾɛbolbɛɾ
rebolusyon	ɾɛbolʊʃon
rebolusyonaryo	ɾɛbolʊʃonaɾjo
rebolusyonista	ɾɛbolʊʃonistɐ
rebosado	ɾɛbosado
rebulto	ɾɛbulto
rebyu	ɾɛbju
rebyuhin	ɾɛbjʊhin
recalde	ɾɛxaldɛ
recto	ɾɛkto
reculado	ɾɛxʊlado
redaksiyon	ɾɛdɐkʃon
redondo	ɾɛdondo
reduksiyon	ɾɛdʊkʃon
reduplikasyon	ɾɛdʊplɪxɐʃon
reeleksiyon	ɾɛʔɛlɛkʃon
reengkarnasyon	ɾɛʔɛŋkɐɾnɐʃon
regala	ɾɛɣalɐ
regalo	ɾɛɣalo
regla	ɾɛglɐ
reglamento	ɾɛglɐmɛnto
regular	ɾɛɣʊlaɾ
regularidad	ɾɛɣʊlɐɾɪdad
regulasyon	ɾɛɣʊlɐʃon
rehabilitasyon	ɾɛhɐbɪlɪtɐʃon
rehas	ɾɛhɐs
rehente	ɾɛhɛntɛ
rehimen	ɾɛhɪmɛn
rehimyento	ɾɛhɪmjɛnto
rehistrado	ɾɛhɪstɾado
rehistrador	ɾɛhɪstɾɐdoɾ
rehistrasyon	ɾɛhɪstɾɐʃon
rehistro	ɾɛhistɾo
rehiyon	ɾɛhɪon
rehiyonal	ɾɛhɪonal
rehiyonalismo	ɾɛhɪonɐlismo
rehiyonalista	ɾɛhɪonɐlistɐ
rekado	ɾɛxado
rekargo	ɾɛxaɾgo
rekisa	ɾɛxisɐ
rekisisyon	ɾɛxɪsɪʃon
rekisito	ɾɛxɪsito
rekisitos	ɾɛxɪsitos
reklamador	ɾɛklɐmɐdoɾ
reklamadora	ɾɛklɐmɐdoɾɐ
reklamasyon	ɾɛklɐmɐʃon
reklamo	ɾɛklamo
reklasipikasyon	ɾɛklɐsɪpɪxɐʃon
rekluta	ɾɛklutɐ
rekoleksiyon	ɾɛxolɛkʃon
rekoleto	ɾɛxolɛto
rekomenda	ɾɛxomɛnda
rekomendasyon	ɾɛxomɛndɐʃon
rekonsiderasyon	ɾɛxonsɪdɛɾɐʃon
rekonsilyasyon	ɾɛxonsɪljɐʃon
rekonstruksiyon	ɾɛxonstɾʊkʃon
rekording	ɾɛxoɾdɪŋ
rektanggulo	ɾɛktaŋgʊlo
rektipikasyon	ɾɛktɪpɪxɐʃon
rektor	ɾɛktoɾ
relampagos	ɾɛlampɐɣos
relampagos	ɾɛlɐmpaɣos
relasyon	ɾɛlɐʃon
relatibismo	ɾɛlɐtɪbismo
relebo	ɾɛlɛbo
relihiyon	ɾɛlɪhɪon
relihiyosa	ɾɛlɪhɪosɐ
relihiyoso	ɾɛlɪhɪoso
relikaryo	ɾɛlɪxaɾjo
relikya	ɾɛlikjɐ
relo	ɾɛlo
relohero	ɾɛlohɛɾo
relokasyon	ɾɛloxɐʃon
relos	ɾɛlos
relyebo	ɾɛljɛbo
relós	ɾəlaːs
remata	ɾɛmɐta
rematado	ɾɛmɐtado
remedyo	ɾɛmɛdʒo
remigio	ɾɛmihɪo
remolatsa	ɾɛmolatʃɐ
remulla	ɾɛmuljɐ
remunerasyon	ɾɛmʊnɛɾɐʃon
renasimyento	ɾɛnɐsɪmjɛnto
renda	ɾɛndɐ
reno	ɾɛno
renta	ɾɛntɐ
rentas	ɾɛntɐs
renunsiya	ɾɛnʊnʃa
reodica	ɾɛodixɐ
reorganisa	ɾɛʔoɾgɐnɪsa
repake	ɾɛpaxɛ
reparasyon	ɾɛpɐɾɐʃon
repaso	ɾɛpaso
reperendum	ɾɛpɛɾɛndʊm
repertoryo	ɾɛpɛɾtoɾjo
repetisyon	ɾɛpɛtɪʃon
repike	ɾɛpixɛ
repinado	ɾɛpɪnado
repinador	ɾɛpɪnɐdoɾ
repineriya	ɾɛpɪnɛɾiɐ
repleksiyon	ɾɛplɛkʃon
replektor	ɾɛplɛktoɾ
repolyo	ɾɛpoljo
reporma	ɾɛpoɾmɐ
repormado	ɾɛpoɾmado
repormasyon	ɾɛpoɾmɐʃon
repormista	ɾɛpoɾmistɐ
reportahe	ɾɛpoɾtahɛ
repositoryo	ɾɛposɪtoɾjo
representante	ɾɛpɾɛsɛntantɛ
representasyon	ɾɛpɾɛsɛntɐʃon
represko	ɾɛpɾɛsko
represyon	ɾɛpɾɛʃon
repridyeretor	ɾɛpɾɪdʒɛɾɛtoɾ
repriherador	ɾɛpɾɪhɛɾɐdoɾ
repriherasyon	ɾɛpɾɪhɛɾɐʃon
reproduksiyon	ɾɛpɾodʊkʃon
reptil	ɾɛptil
reptilya	ɾɛptiljɐ
republika	ɾɛpublɪxɐ
republikanismo	ɾɛpʊblɪxɐnismo
republikano	ɾɛpʊblɪxano
reputasyon	ɾɛpʊtɐʃon
resbak	ɾɛsbɐk
resbakan	ɾɛsbɐxɐn
resepsiyon	ɾɛsɛpʃon
reserba	ɾɛsɛɾbɐ
reserbado	ɾɛsɛɾbado
reserbasyon	ɾɛsɛɾbɐʃon
reseta	ɾɛsɛtɐ
resetaryo	ɾɛsɛtaɾjo
resibaryo	ɾɛsɪbaɾjo
resibo	ɾɛsibo
residensiya	ɾɛsɪdɛnʃɐ
residensiyal	ɾɛsɪdɛnʃal
residente	ɾɛsɪdɛntɛ
resignasyon	ɾɛsɪgnɐʃon
resina	ɾɛsinɐ
resistensiya	ɾɛsɪstɛnʃɐ
resistensya	ɾɛsɪstɛnʃɐ
resitasyon	ɾɛsɪtɐʃon
resma	ɾɛsmɐ
resonable	ɾɛsonablɛ
respetable	ɾɛspɛtablɛ
respeto	ɾɛspɛto
respirasyon	ɾɛspɪɾɐʃon
respiratoryo	ɾɛspɪɾɐtoɾjo
responsabilidad	ɾɛsponsɐbɪlɪdad
responsable	ɾɛsponsablɛ
responsibilidad	ɾɛsponsɪbɪlɪdad
restawran	ɾɛstaʊ̯ɾan
restawran	ɾɛstaʊ̯ɾɐn
restitusyon	ɾɛstɪtʊʃon
restoran	ɾɛstoɾan
restoran	ɾɛstoɾɐn
restriksiyon	ɾɛstɾɪkʃon
resuello	ɾɛswɛljo
resulta	ɾɛsultɐ
resureksiyon	ɾɛsʊɾɛkʃon
retaso	ɾɛtaso
retensiyon	ɾɛtɛnʃon
retirada	ɾɛtɪɾadɐ
retirado	ɾɛtɪɾado
retiro	ɾɛtiɾo
reto	ɾɛto
retoke	ɾɛtoxɛ
retorika	ɾɛtoɾɪxa
retraksiyon	ɾɛtɾɐkʃon
retratista	ɾɛtɾɐtistɐ
retrato	ɾɛtɾato
retribusyon	ɾɛtɾɪbʊʃon
retroaktibo	ɾɛtɾoʔɐktibo
reyal	ɾɛal
reyalidad	ɾɛɐlɪdad
reyalismo	ɾɛɐlismo
reyalista	ɾɛɐlistɐ
reyes	ɾɛjɛs
reyna	ɾɛɪ̯nɐ
reynato	ɾɛɪ̯nato
reyno	ɾɛɪ̯no
reynoso	ɾɛɪ̯noso
ribal	ɾɪbal
ribyu	ɾɪbju
ribyuhin	ɾɪbjʊhin
ricafort	ɾɪxɐfoɹt
rigalo	ɾɪɣalo
rigodon	ɾɪɣodon
rikado	rikado
riles	ɾilɛs
rimando	ɾɪmando
rimarim	ɾɪmaɾɪm
rimas	ɾimɐs
rin	ɾin
rine	ɾinɛ
ringgit	ɾiŋgɪt
ringring	ɾɪŋɾiŋ
rini	ɾinɪ
rinoseronte	ɾɪnosɛɾontɛ
riple	ɾiplɛ
risonable	ɾɪsonablɛ
ritmiko	ɾitmɪxo
ritmo	ɾitmo
rito	ɾito
ritrato	ɾɪtɾato
ritwal	ɾɪtwal
rivero	ɾɪvɛɾo
riyan	ɾjan
riyesgo	ɾjɛsgo
rizal	ɾɪsal
rizal	ɾɪzal
rizaldy	ɾizal̪t̪i
rizalino	ɾɪsɐlino
rizalino	ɾɪzɐlino
roa	ɾoɐ
roberto	ɾobɛɾto
robles	ɾoblɛs
robot	ɾobot
rodrigo	ɾodɾiɣo
rodriguez	ɾodɾiɣɛs
rolando	ɾolando
rolly	ɾolɪ
rolyo	ɾoljo
romana	ɾomanɐ
romano	ɾomano
romantiko	ɾomantɪxo
romasanta	ɾomɐsantɐ
romblon	ɾomblon
romero	ɾomɛɾo
rompida	ɾompidɐ
romualdez	ɾomwaldɛs
romualdo	ɾomwaldo
romulo	ɾomʊlo
ronda	ɾondɐ
rondalya	ɾondaljɐ
rondilla	ɾondiljɐ
rongavilla	ɾoŋgɐbiljɐ
rongavilla	ɾoŋgɐviljɐ
roro	ɾoɾo
rosa	ɾosɐ
rosales	ɾosalɛs
rosario	losaɾio
rosario	ɾosaɾjo
rosaryo	ɾosaɾjo
rosas	ɾosɐs
rosauro	ɾosaʊ̯ɾo
rosendo	ɾosɛndo
rosete	ɾosɛtɛ
rosie	ɾoʊ̯sɪ
rosing	ɾosiŋ
roskas	ɾoskɐs
rotasyon	ɾotɐʃon
rotonda	ɾotondɐ
rotunda	ɾotundɐ
roxas	ɾohɐs
roño	ɾoɲo
rubi	ɾʊbi
rubya	ɾubjɐ
rubyo	ɾubjo
ruedas	ɾwɛdɐs
ruleta	ɾʊlɛtɐ
rumana	ɾʊmanɐ
rumano	ɾʊmano
rumanya	ɾʊmaɲɐ
rumatsada	ɾɔmatsaːda
rumba	ɾumbɐ
rumesbak	ɾʊmɛsbɐk
rumi	ɾʊmi
rumor	ɾʊmoɾ
rumupok	ɾʊmʊpok
rumurupok	ɾʊmʊɾʊpok
rupok	ɾʊpok
rupya	ɾupjɐ
rurok	ɾuɾok
rurupok	ɾʊɾʊpok
rusa	ɾusɐ
ruso	ɾuso
rusya	ɾuʃɐ
ruta	ɾutɐ
ruweda	ɾwɛdɐ
ruwina	ɾwinɐ
rósas	ɾɔsˈaːs
s	s
sa	sa
sa	sɐ
sa	sˈa
saab	saʔɐb
saab	sɐʔab
saad	sɐʔad
saak	sɐʔak
saan	san
saan	sɐʔan
saan-saang	saˈansaˈaŋ
saanman	sɐʔɐnman
saavedra	sɐʔɐvɛdɾɐ
saba	sabah
saba	sɐba
sabad	sɐbad
sabadista	sɐbɐdistɐ
sabado	sabado
sabado	sabɐdo
sabagay	sabagaj
sabak	sabɐk
sabal	sabɐl
sabana	sɐbanɐ
sabang	sˈɑbˌaŋ
sabangan	sɐbaŋɐn
sabangan	sɐbɐŋan
sabanyon	sɐbɐɲon
sabat	sabɐt
sabat	sɐbat
sabater	sɐbɐtɛɾ
sabatin	sˈabtiˈn
sabaw	sɐbaʊ̯
sabay	sɐbaɪ̯
sabayan	sˌɐbˌæjˈan
sabeniano	sɐbɛɲano
sabi	sabɛ
sabi	sabɪ
sabihan	sabihɐn
sabihan	sɐbihɐn
sabihin	sɐbihɪn
sabihin	sɐbiːhiːn
sabik	sabik
sabik	sɐbik
sabila	sabɪlɐ
sabilaw	sɐbilaʊ̯
sabillo	sɐbiljo
sabit	sabɪt
sablay	sɐblaɪ̯
sable	sablɛ
sabo	sabo
sabon	sɐbon
sabong	saboŋ
sabong	sabõŋ
sabongera	sɐboŋɛɾɐ
sabongero	sɐboŋɛɾo
sabotahe	sɐbotahɛ
saboy	saboɪ̯
sabsab	sɐbsab
sabsaban	sɐbsabɐn
sabunan	sabunɐn
sabunan	sɐbʊnan
sabungero	sɐbʊŋɛɾo
sabunin	sabunɪn
sabunin	sɐbʊnin
sabunot	sɐbunot
sabunutan	sabʊnʊtan
sabunutan	sɐbʊnutɐn
saburo	sɐbuɾo
sabutan	sɐbʊtan
sabwat	sɐbwat
sabwatan	sɐbwatɐn
sacdalan	sɐkdalɐn
saclolo	sɐklolo
sadie	sɛɪ̯dɪ
sadismo	sɐdismo
sadista	sɐdistɐ
sadiwa	sɐdiwɐ
sadiwa	sɐdiwɐʔ
sadiya	sɐdʒaʔ
sadlak	sadlaq
sadlak	sɐdlak
sadlok	sɐdlok
sadsad	sɐdsad
sadya	sadʒɐʔ
sadya	send̪ia
sadya	sɐdʒaʔ
sadyain	sɐdʒɐʔin
sagaak	sɐɣɐʔak
sagabal	sagˈabˈal
sagabal	sɐɣabɐl
sagad	saɣɐd
sagad	sɐɣad
sagad	sˈagˈad
sagadsad	sɐɣɐdsad
sagal	saɣɐl
sagam	saɣɐm
sagana	sagana
sagana	sɐɣanɐʔ
sagansan	sɐɣɐnsan
sagap	saɣɐp
sagasa	sagasa
sagasa	sɐɣasɐʔ
sagasa	sɐɣɐsaʔ
sagasain	sɐɣɐsaʔɪn
sagat	saɣɐt
sagay	saɣaɪ̯
sagayad	sɐɣajɐd
sagayad	sɐɣɐjad
sagaysay	sɐɣaɪ̯saɪ̯
sagi	saɣɛʔ
sagi	saɣɪʔ
sagilap	sɐɣilɐp
sagimsim	sɐɣɪmsim
sagimuymoy	sɐɣɪmʊɪ̯moɪ̯
saging	saɣɪŋ
sagingan	sɐɣiŋɐn
sagingan	sɐɣɪŋan
saginsin	sɐɣɪnsin
sagip	sɐɣip
sagisag	sagisag
sagisag	sɐɣisɐg
sagitaryo	sɐɣɪtaɾjo
sagitsit	sɐɣɪtsit
sagka	sɐgkaʔ
sagkaan	sɐgkɐʔan
saglit	sɐglit
saglit	sɐglɛt
sago	saɣo
sago	sɐɣo
sagot	sɐɣot
sagot	səgˈot
sagoy	sɐɣoɪ̯
sagpak	sɐgpak
sagrado	sɐgɾado
sagsag	sɐgsag
sagubang	sɐɣʊbaŋ
saguinsin	sɐɣɪnsin
sagun	saɣʊn
sagupa	sɐɣupɐʔ
sagutan	saɣutɐn
sagutan	sɐɣʊtan
sagutin	saɣutɪn
sagutin	sɐɣʊtin
sagwa	sɐgwaʔ
sagwan	sagwãn
sagwan	sakwan
sagwan	sɐgwan
sagwil	sɐgwil
saha	sahɐʔ
sahagun	sɐhaɣʊn
sahang	sahɐŋ
sahat	sahɐt
sahig	sɐhig
sahig	sˌɐhˈɪg
sahitaryo	sɐhɪtaɾjo
saho	sɐhoʔ
sahod	sahod
sahod	sahud
sahog	sɐhog
sahol	sahol
sahol	sɐhol
said	sɐʔid
saidlain	saɪ̯dlaɪ̯n
sailalim	sɐʔɪlalɪm
saimsim	sɐʔɪmsim
saing	saʔɪŋ
sais	sɐʔis
saito	saɪ̯to
saka	saxɐ
saka	sɐxa
saka	sɐxaʔ
sakag	sɐxag
sakahan	saxahɐn
sakahan	sɐxɐhan
sakal	sɐxal
sakali	saqaaːli
sakali	sɐxalɛʔ
sakali	sɐxalɪʔ
sakalin	sɐxɐlin
sakam	sɐxam
sakang	sɐxaŋ
sakapuwego	sɐxɐpwɛɣo
sakate	sɐxatɛ
sakay	sɐxaɪ̯
sakayan	saxajɐn
sakayan	sɐxɐjan
sakdal	sɐkdal
sakidlat	sɐxɪdlat
sakil	saxɪl
sakim	saqim
sakim	sɐxim
sakit	sakɪ̞ð
sakitin	sakitin
sakitin	saxitɪn
sakitin	sɐxitɪn
sakla	sɐklaʔ
saklang	sɐklaŋ
saklap	sɐklap
saklaw	sɐklaʊ̯
saklay	sɐklaɪ̯
saklit	sɐklit
saklob	sɐklob
saklolo	sɐklolo
sakmata	sɐkmɐta
saknong	sɐknoŋ
sako	saxo
sakob	saxob
sakol	saxol
sakol	sɐxol
sakong	saxoŋ
sakong	saˈkɔŋ
sakop	saxop
sakop	sɐxop
sakote	sɐxotɛ
sakramento	sɐkɾɐmɛnto
sakrilehiyo	sɐkɾɪlɛhɪo
sakripisyo	sɐkɾɪpiʃo
sakristan	sɐkɾɪstan
sakristiya	sɐkɾɪstiɐ
saks	saks
saksa	sɐksaʔ
saksak	saksɐk
saksak	sɐksak
saksakan	sɐksaxɐn
saksakan	sɐksɐxan
saksakin	sɐksɐxin
saksi	sɐksi
saksihan	sɐksɪhan
saktan	sɐktan
sakto	sakto
sakuna	sɐxʊna
sakuna	sɐxʊnaʔ
sakupbayan	sɐxʊpbajɐn
sakwa	sɐkwa
sakyan	sɐkjan
sala	salɐ
sala	salɐʔ
sala	sɐla
sala	sɐlaʔ
salaan	sɐlaʔɐn
salaan	sɐlɐʔan
salab	salɐb
salab	sɐlab
salabat	sɐlabɐt
salabat	sɐlɐbat
salabay	sɐlabaɪ̯
salabid	sɐlɐbid
salag	salɐg
salag	sɐlag
salaghati	sɐlɐghatɪʔ
salagimsim	sɐlɐɣɪmsim
salaginto	sɐlɐɣɪntoʔ
salagoy	sɐlɐɣoɪ̯
salagubang	sɐlɐɣubɐŋ
salahilo	sɐlɐhilo
salain	sɐlaʔɪn
salakab	sɐlɐxab
salakat	sɐlɐxat
salakata	sɐlɐxɐtaʔ
salakay	sɐlaxaɪ̯
salakayin	sɐlɐxajɪn
salakot	sɐlɐxot
salalak	sɐlalɐk
salalay	sɐlalaɪ̯
salamangka	sɐlɐmaŋkɐ
salamangkero	sɐlɐmɐŋkɛɾo
salamat	sɐlamɐt
salami	sɐlamɪ
salamin	sɐlɐmin
salamisim	sɐlɐmisɪm
salampak	sɐlɐmpak
salampay	sɐlɐmpaɪ̯
salamuha	sɐlɐmuhɐʔ
salandanan	sɐlɐndanɐn
salang	salɐŋ
salang	sɐlaŋ
salanggapang	sɐlɐŋgɐpaŋ
salangit	sɐlaŋɪt
salangkipot	salɐŋkɪpot
salansan	sɐlɐnsan
salanta	sɐlɐntaʔ
salap	salɐp
salap	sɐlap
salapang	sɐlɐpaŋ
salapaw	sɐlapaʊ̯
salapaw	sɐlɐpaʊ̯
salapid	sɐlapɪd
salapid	sɐlɐpid
salapot	sɐlapot
salapsap	sɐlɐpsap
salara	sɐlaɾɐ
salarin	sɐlɐɾin
salas	salɐs
salasa	sɐlasɐʔ
salasala	sɐlasɐla
salat	sɐlat
salatan	sɐlatɐn
salaula	salaːwlaː
salaula	sɐlɐʔulɐʔ
salaveria	sɐlɐvɛɾjɐ
salawa	sɐlɐwa
salawag	sɐlawɐg
salawahan	salɐwɐhan
salawahan	sɐlɐwahɐn
salawak	sɐlɐwak
salawal	sɐlɐwal
salawsaw	sɐlaʊ̯saʊ̯
salay	salaɪ̯
salay	sɐlaɪ̯
salazar	sɐlɐsaɾ
salazar	sɐlɐzaɾ
salba	sɐlba
salbabida	sɐlbɐbidɐ
salbahe	sɐlbahɛ
salceda	sɐlsɛdɐ
salcedo	sɐlsɛdo
saldaña	sɐldaɲɐ
saleko	sɐlɛxo
sales	salɛs
salgado	sɐlgado
sali	salɛ
sali	salɪ
sali	salɪʔ
sali	sˈæli
sali-saliwa	saliːsaliwaː
salida	sɐlidɐ
salig	salɪg
saligan	saliɣɐn
saligan	sɐliɣɐn
saligan	sɐlɪɣan
salik	salɪk
salikop	saliko
salikop	sɐlixop
salikop	sɐlɪxop
saliksik	sɐlɪksik
salimao	sɐlɪmɐʔo
salimpusa	salɪmpusɐʔ
salimuot	sɐlɪmuʔot
salimuot	sɐlɪmʊʔot
salin	saljˈˈa
salin	salɪn
salinas	sɐlinɐs
salinlahi	sɐlɪnlahɪʔ
salipadpad	sɐlɪpɐdpad
salipawpaw	saliːpaːwˈpɑːw
salipawpaw	sɐlɪpaʊ̯paʊ̯
salisi	salisi
salisi	sɐlɪsi
salit	sɐlit
salita	sɐlɪtaʔ
salitain	sɐlɪtaʔɪn
salitain	sɐlɪtɐʔin
salitang	salitaŋ
salitre	sɐlitɾɛ
saliw	saliʊ̯
saliw	sɐliʊ̯
saliwa	saliwaaː
sally	salɪ
salmo	salmo
salo	salo
salo	saloʔ
salo	sɐlo
salog	salog
salok	salok
salonga	sɐloŋgɐ
saloobin	salobin
salop	sɐlop
salop	sɐlou
salot	salot
salot	salut
saloy	saloi
saloy	saloɪ̯
salsa	salsɐ
salsal	sɐlsal
salsitsas	sɐlsitʃɐs
salsitson	sɐlsɪtʃon
salta	sɐlta
saltik	sɐltik
salubayo	sɐlʊbɐjo
salubong	sɐluboŋ
salubsob	salubsob
salubsob	sɐlʊbsob
salud	sɐlud
saludo	sɐludo
saluhin	saluhim
salukoy	sɐluxoɪ̯
salulo	sɐluloʔ
salumbides	sɐlʊmbidɛs
salumpong	sɐlʊmpoŋ
salungguhit	sɐlʊŋguhɪt
salungki	sɐlʊŋkiʔ
salungso	sɐlʊnsoʔ
saluno	sɐlunoʔ
saluyan	sɐlujɐn
saluyot	sɐlujot
saluysoy	sɐlʊɪ̯soɪ̯
salva	salbɐ
salva	salvɐ
salvador	sɐlbɐdoɾ
salvador	sɐlvɐdoɾ
salvanera	sɐlbɐnɛɾɐ
salvanera	sɐlvɐnɛɾɐ
salwa	sɐlwa
sama	sama
sama	samɐ
sama	sɐma
sama	sɐmaʔ
samahan	samahɐn
samahan	saːmaːʔhan
samahan	sɐmahɐn
samahan	sɐmɐhan
samain	samaʔɪn
samain	sɐmɐʔin
samakalawa	sɐmɐxɐlɐwa
samakatlo	sɐmɐxɐtlo
samakatwid	sɐmɐxɐtwid
samalamig	sɐmalɐmig
samalamig	sɐmɐlɐmig
samaniego	sɐmɐɲɛɣo
samantala	sɐmɐntalɐ
samantala	sɐmɐntalɐʔ
samantala	sɐmɐntɐla
samantha	sɐmantɐ
samar	samɐɾ
samaral	sɐmaɾɐl
samasam	sɐmasɐm
samat	samɐt
samat	sɐmat
samay	samaɪ̯
samaya	sɐmɐjaʔ
samba	sambta
samba	sambɐ
samba	sɐmba
sambal	sɐmbal
sambalilo	sɐmbɐlilo
sambasamba	sɐmbasɐmba
sambat	sæmbˈat
sambat	sɐmbat
sambit	sɐmbit
sambit	səmbɪt
sambitin	samɓitˈin
sambog	sɐmbog
sambong	sɐmboŋ
sambot	sɐmbot
sambulat	sɐmbulɐt
samgyup	samgjʊp
samgyupsal	samgjʊpsɐl
samid	sɐmid
samil	samɪl
samo	samoʔ
samok	samok
samonte	sɐmontɛ
samot	samot
sampa	sampɑ
sampa	sɐmpa
sampaga	sɐmpaɣɐ
sampagita	sɐmpɐɣitɐ
sampaguita	sampagita
sampaguita	sɐmpɐɣitɐ
sampal	sɐmpal
sampalataya	sɐmpɐlɐtajɐ
sampalin	sɐmpɐlin
sampaloc	sɐmpalok
sampalok	sɐmpalok
sampalukin	sɐmpɐluxɪn
sampan	sɐmpan
sampay	sɐmpaɪ̯
sampay	sɐmpəj
sampayan	sɐmpajɐn
sampayan	sɐmpɐjan
sampayan	sɛmpajen
sampid	sɐmpid
sampo	sɐmpoʔ
sampol	sampol
sampu	sampɔ
sampu	sɐmpuʔ
samsam	sɐmsam
samsamin	sɐmsɐmin
samson	samson
samuel	sɐmwɛl
samuol	sɐmuʔol
samuray	sɐmʊɾaɪ̯
samyo	sɐmjo
samyo	sɐmjoʔ
san	san
sana	sanɐ
sana	sanɐʔ
sana	sona
sana	sɐnaʔ
sanap	sanɐp
sanap	sɐnap
sanay	sanaɪ̯
sanay	saˈnaj
sanay	sɐnaɪ̯
sanaysay	sɐnaɪ̯saɪ̯
sanchez	santʃɛs
sandaan	sɐndɐʔan
sandaigdigan	sɐndɐʔɪgdiɣɐn
sandakati	sɐndɐxatɪʔ
sandal	sandaːl
sandal	sɐndal
sandali	sɐndalɪʔ
sandali	sɐndɐlɛʔ
sandalo	sandɐlo
sandalyas	sɐndaljɐs
sandalyas	sɐndɐljas
sandamukal	sɐndɐmuxɐl
sandana	sɐndɐnaʔ
sandata	santa˩˥ːta
sandata	sɐndatɐ
sandatahan	sandɐtɐhan
sandatahan	sand̪ataɦan
sandatahan	sɐndatahɐn
sandatahan	sɐndɐtahɐn
sando	sando
sandok	sɐndok
sandoval	sɐndobal
sandoval	sɐndoval
sandugo	sɐndʊɣoʔ
sanduguan	sɐndʊɣʊʔan
sanga	sæŋˈʁaː
sanga	sɐŋa
sangab	saŋɐb
sangag	sɐŋag
sangagin	sɐŋɐɣin
sangal	sɐŋal
sangalang	sɐŋgalɐŋ
sangandaan	sɐŋandɐʔan
sangandaan	sɐŋɐndɐʔan
sangat	saŋɐt
sangay	saŋˈaj
sangay	sɐŋaɪ̯
sangco	saŋko
sanggalang	sɐŋgɐlaŋ
sanggano	saŋgɐno
sanggawali	sɐŋgɐwɐliʔ
sanggol	sɐŋgol
sanggumay	sɐŋgumaɪ̯
sangguni	sɐŋgunɪʔ
sanggunian	saŋguːnjɛn
sanggunian	sɐŋgunɪʔan
sanghaya	sɐŋhajɐʔ
sanghaya	sɐŋhɐjaʔ
sanghid	sɐŋhid
sanghod	sɐŋhod
sangi	saŋɪʔ
sangig	sɐŋig
sangkaka	sɐŋkaxɐ
sangkal	sɐŋkal
sangkalan	sɐŋkalɐn
sangkalan	sɐŋkɐlan
sangkap	saŋ˥˥kʰa˥˥b
sangkap	sɐŋkap
sangkapat	sɐŋkapɐt
sangkatauhan	sɐŋkɐtɐʔuhɐn
sangkaterba	sɐŋkɐtɛɾbɐ
sangkatlo	sɐŋkɐtlo
sangkatutak	sɐŋkɐtutɐk
sangke	sɐŋkɛʔ
sangko	saŋko
sangko	sɐŋko
sangkot	saŋkot
sangkot	sɐŋkot
sangkutsa	sɐŋkʊtʃa
sangla	sɐnlaʔ
sanglaan	sɐnlaʔɐn
sanglaan	sɐnlɐʔan
sanglay	sɐnlaɪ̯
sangley	sɐnlɛɪ̯
sangmukti	sɐŋmʊktiʔ
sangod	sɐŋod
sangyawa	sɐŋjawɐʔ
sangyod	sɐŋjod
sangyuta	sɐŋjutɐʔ
sanhi	sɐnhiʔ
sanib	sanɪb
saniban	sɐnibɐn
sanidad	sɐnɪdad
sanitaryo	sɐnɪtaɾjo
sanktuwaryo	sɐŋktwaɾjo
sanlaksa	sɐnlɐksaʔ
sanlibo	sɐnlibo
sanlibutan	sanˈliːbatan
sanlibutan	sɐnlɪbʊtan
sanling	sɐnliŋ
sano	sɐnoʔ
sanog	sanog
sanrok	sɐnɾok
sansala	sɐnsalɐʔ
sansan	sɐnsan
sanse	sɐnsɛ
sanskrito	sanskɾɪto
sanskrito	sɐnskɾito
sanson	sanson
santa	santɐ
santabi	sɐntabɪʔ
santabi	sɐntɐbi
santakrusan	sɐntɐkɾusɐn
santambak	saˈntambak
santan	sɐntan
santatlo	sɐntɐtlo
santelmo	sɐntɛlmo
santiago	santiago
santillan	sɐntɪljan
santo	santo
santo	sɐnto
santol	snt̪oːl
santol	sɐntol
santos	santos
santuhin	sɐntʊhin
santuwaryo	sɐntwaɾjo
sanyo	sanjo
sao	sɐʔo
saog	saʔog
saog	sɐʔog
saoy	sɐʔoɪ̯
sapa	sapɐʔ
sapa	sɐpa
sapagka	sɐpɐgkaʔ
sapagkat	sɐpɐgkat
sapait	sɐpaʔɪt
sapak	sapɐk
sapak	sɐpak
sapalaran	sapɐlɐɾɐn
sapanahon	sɐpɐnɐhon
sapantaha	sɐpɐntahɐʔ
sapat	sapˈaːt
sapat	sɐpat
sapatero	sɐpɐtɛɾo
sapatos	sɐpatos
sapaw	sapaʊ̯
sapi	sapɪʔ
sapid	sapɪd
sapilitan	sapɪlɪtan
sapilitan	saˈpilitan
sapin	sapin
sapin	sɐpin
sapiro	sapɪɾo
sapit	sapɪt
sapitin	sapitin
saplot	saploːt
saplot	sɐplot
sapnit	sɐpnit
sapo	sapo
sapo	sɐpo
sapo	sɐpoʔ
sapodilya	sɐpodiljɐ
sapok	sɐpok
sapol	sɐpol
sapon	sɐpon
sapot	sapot
sapot	sɐpot
sapsap	sɐpsap
sapsoy	sɐpsoɪ̯
sapsuy	sɐpsuɪ̯
sapul	sɐpul
sapupo	sɐpupo
sapupuhin	sɐpʊpuhɪn
saquing	saxɪŋ
sara	sɐɾa
sarabia	sɐɾabjɐ
sarado	sɐɾado
saragate	sɐɾɐɣatɛ
sarahan	saɾahɐn
sarahan	sɐɾɐhan
sarang	sɐɾaŋ
saranggola	sɐɾɐŋgolɐ
sarap	sɐɾap
sarat	sɐɾat
saray	saɾaɪ̯
sardinas	sɐɾdinɐs
sarenas	sɐɾɛnɐs
sarhan	sɐɾhan
sarhento	sɐɾhɛnto
sari	saɾɪ
sari	saɾɪʔ
sariaya	sɐɾjajɐ
saribuhay	sɐɾɪbuhaɪ̯
sarili	sɐɾilɪ
sarilinin	sɐɾɪlinɪn
sarimanok	sɐɾɪmɐnok
sariwa	sɐɾiwɐʔ
sariwain	saɾnwaːʔɛn
sariwain	sɐɾɪwaʔɪn
sarmiento	sɐɾmjɛnto
saro	saɾo
sarraga	sɐɾaɣɐ
sarsa	saɾsɐ
sarsaparilya	sɐɾsɐpɐɾiljɐ
sarsuwela	sɐɾswɛlɐ
sarswela	sɐɾswɛlɐ
sasa	sasɐ
sasa	sasɐʔ
sasa	sɐsaʔ
sasabungin	sɐsɐbuŋɪn
sasabunutan	sɐsɐbʊnutɐn
sasag	sasɐg
sasag	sɐsag
sasak	sasɐk
sasakyan	sɐsɐkjan
sasama	sɐsamɐ
sasama	sɐsɐmaʔ
sasang	sɐsaŋ
sasangan	sasaŋɐn
sasangan	sɐsɐŋan
sasapnan	sɐsɐpnan
sashimi	saʃɪmɪ
sashimi	sɐʃimɪ
sastre	sastɾɛ
sastre	sɐstɾɛ
satanas	sɐtɐnas
satay	sataɪ̯
sate	satɛ
sate	satɛʔ
satelayt	satɛlaɪ̯t
satin	sɐtin
satiyan	sɐtʃan
satol	satol
satol	sɐtol
satomi	sɐtomɪ
satsat	sɐtsat
saturno	sɐtuɾno
saudi	saʊ̯dɪ
sauli	solɪʔ
saulo	sɐʔulo
saulog	saʊ̯log
sauluhin	sɐʔʊluhɪn
sauna	sɐʔunɐ
sawa	sawɐʔ
sawa	sɐwa
sawali	sauaːli˨
sawali	sɐwalɪʔ
sawata	sɐwɐtaʔ
sawatain	sɐwɐtɐʔin
sawayin	sɐwɐjin
sawi	sɐwiʔ
sawikain	saˈwikaːˈim
sawil	sɐwil
sawing	sɐwiŋ
sawo	sawo
sawo	sawoʔ
sawong	sawoŋ
sawsawan	saʊ̯sawɐn
sawsawan	saʊ̯sɐwan
sawsawan	sɐu̯˧˥saː˥wan˨
saya	sajɐ
saya	sɐja
sayad	sajɐd
sayad	sɐjad
sayang	sajɐŋ
sayang	sɐjaŋ
sayap	sɐjap
sayari	sɐjaɾɪʔ
sayaw	sejaw
sayaw	sɐjaʊ̯
sayawan	sajawɐn
sayawan	sɐjawɐn
sayawan	sɐjɐwan
sayawin	sɐjɐwin
saydlayn	saɪ̯dlaɪ̯n
sayimsim	sɐjɪmsim
saynat	saɪ̯nat
saynete	saɪ̯nɛtɛ
sayod	sɐjod
sayote	sɐjotɛ
saysay	sai̯sai̯
sayt	sˈaɪv
sayusay	sɐjusaɪ̯
se	sɛ
sebada	sɛbadɐ
sebekoy	sɛbɛxoɪ̯
sebo	sɛbo
sebra	sɛbɾɐ
sebwana	sɛbwanɐ
sebwano	sɛbwano
sebyong	sɛbjoŋ
seda	sɛda
sedula	sɛdʊlɐ
segismundo	sɛhɪsmundo
segismundo	sɛɣɪsmundo
segovia	sɛɣovjɐ
segui	sɛɣɪ
segunda	sɛɣundɐ
segundahan	sɛɣundɐhan
segundahan	sɛɣʊndahɐn
segundahan	sɛɣʊndɐhan
segundaryo	sɛɣʊndaɾjo
segundo	sɛɣundo
segurado	sɛɣʊɾado
seguridad	sɛɣʊɾɪdad
seis	sɐʔis
seissiyentos	sɛʔɪsʃɛntos
seko	sɛxo
sekreta	sɛkɾɛtɐ
sekreto	sɛkɾɛto
sekreto	sɪkɾɛto
seks	sɛks
seks	sˈɛks
seksi	sɛksɪ
seksi	sˈɛksi
seksuwal	sɛkswal
seksuwalidad	sɛkswɐlɪdad
sekular	sɛxʊlaɾ
sekularismo	sɛxʊlɐɾismo
sekundarya	sɛxʊndaɾjɐ
selan	sɛlɐn
selang	sɛlɐŋ
selda	sɛldɐ
selebrasyon	sɛlɛbɾɐʃon
seleksiyon	sɛlɛkʃon
seleksyon	sɛlɛkʃon
selena	sɛlinɐ
selepono	sɛlɛpono
selestiyal	sɛlɛstʃal
selestiyal	sɛlɛstʃɐl
selma	sɛlmɐ
selopin	sɛlopin
selos	selos
selos	sɛlos
selosa	selosa
selpon	sɛlpon
selula	sɛlʊlɐ
selyo	sɛljo
semana	sɛmanɐ
semantika	sɛmantɪxɐ
semaña	sɛmaɲɐ
sementado	sɛmɛntado
sementeryo	sɛmɛntɛɾjo
semento	sɛmɛnto
semestre	sɛmɛstɾɛ
semilla	sɛmiljɐ
semilya	sɛmiljɐ
seminar	sɛmɪnaɾ
seminarista	sɛmɪnɐɾistɐ
seminaryo	sɛmɪnaɾjo
semplang	sɛmplɐŋ
senado	sɛnado
senador	sɛnɐdoɾ
senadora	sɛnɐdoɾɐ
senakulo	sɛnaxʊlo
senegal	sɛnɛɣal
senglot	sɛnlot
seniang	sɛɲɐŋ
senisa	sɛnisɐ
sensasyon	sɛnsɐʃon
sensasyonal	sɛnsɐʃonal
sensibilidad	sɛnsɪbɪlɪdad
sensitibo	sɛnsɪtibo
sensura	sɛnsuɾɐ
sentenaryo	sɛntɛnaɾjo
sentensiya	sɛntɛnʃɐ
sentensiyahan	sɛntɛnʃɐhan
sentido	sɛntido
sentigrado	sɛntɪgɾado
sentigramo	sɛntigɾɐmo
sentigramo	sɛntɪgɾamo
sentilitro	sɛntɪlitɾo
sentimetro	sɛntɪmɛtɾo
sentimo	sɛntɪmo
sentimos	sɛntɪmos
sentimyento	sɛntɪmjɛnto
sentinela	sɛntɪnɛlɐ
sentral	sɛntɾal
sentro	sɛntɾo
senyal	sɛɲal
senyales	sɛɲalɛs
senyora	sɛɲoɾɐ
senyorita	sɛɲoɾitɐ
separatismo	sɛpɐɾɐtismo
separatista	sɛpɐɾɐtistɐ
sepelin	sɛpɛlɪn
sepilyo	sɛpiljo
septiyembre	sɛptʃɛmbɾɛ
sepulturero	sɛpʊltʊɾɛɾo
sepya	sɛpjɐ
ser	sɛɾ
seradura	sɛɾɐduɾɐ
serapin	sɛɾɐpin
serbesa	sɛɾbɛsɐ
serbidor	sɛɾbɪdoɾ
serbidora	sɛɾbɪdoɾɐ
serbisyo	sɛɾbiʃo
serbiya	sɛɾbjɐ
seremonya	sɛɾɛmoɲɐ
serena	sɛɾinɐ
serenata	sɛɾɛnatɐ
sereno	sɛɾɛno
seresa	sɛɾɛsɐ
sereso	sɛɾɛso
sergio	sɛɾhɪo
serip	sɛɾɪp
sermon	sɛɾmon
serna	sɛɾnɐ
sero	sɛɾo
serpentina	sɛɾpɛntinɐ
serrano	sɛɾano
sertamen	sɛɾtamɛn
sertipikado	sɛɾtɪpɪxado
sertipikasyon	sɛɾtɪpɪxɐʃon
serye	sɛɾjɛ
seryo	sɛɾjo
seryoso	sɛɾjoso
sesante	sɛsantɛ
sesantehin	sɛsantɛhin
sesaryan	sɛsaɾjɐn
sesenta	sɛsɛntɐ
sesus	sɛsus
sesyon	sɛʃon
setenta	sɛtɛntɐ
setro	sɛtɾo
setsuko	sɛtsuxo
setyembre	sɛtʃɛmbɾɛ
sevilla	sɛbiljɐ
sevilla	sɛviljɐ
señeres	sɛɲɛɾɛs
shabu	ʃɐbu
shakoy	ʃɐxoɪ̯
shau	ʃaʊ̯
shi	ʃɪ
shiboli	ʃɪbolɪ
shibuli	ʃɪbʊlɪ
shirley	ʃɛɾlɪ
shohei	ʃohɛɪ̯
shorpet	ʃoɾpɛt
shupatid	ʃʊpɐtid
si	se
si	sɪ
siao	ʃaʊ̯
siay	si˨˩aɪ˥˧
siba	sibɐʔ
sibak	sɪbak
siban	sibɐn
sibasib	sɪbasɪb
sibat	sɪbat
sibayan	sɪbajɐn
sibi	sibɪ
sibi	sibɪʔ
sibig	sibɪg
sibika	sibɪxɐ
sibil	sɪbil
sibilisado	sɪbɪlɪsado
sibilisasyon	sɪbɪlɪsɐʃon
sibo	sibo
sibo	siboʔ
sibog	sɪbog
sibol	sibol
sibol	sjboj
sibol	sɪbol
sibsib	sɪbsib
sibug	sibʊg
sibugay	sibuigaj
sibuyas	sɪbujɐs
sicat	sixɐt
sidlan	sɪdlan
sidra	sidɾɐ
sidras	sidɾɐs
siga	siɣɐ
siga	siɣɐʔ
sigalot	sɪɣɐlot
sigalot	sʲigalot
sigam	sɪɣam
sigang	sɪɣaŋ
sigarilyas	sɪɣɐɾiljɐs
sigarilyo	sɪɣɐɾiljo
sigaro	sɪɣaɾo
sigaw	sɪɣaʊ̯
sigawan	siːgaːw˧ən
sigay	siɣaɪ̯
sige	sige
sige	siɣɛ
sige	sɪɣɛ
sigi	sɪɣi
sigi	sɪɣiʔ
sigid	sɪɣid
sigik	sɪɣik
siging	sɪɣiŋ
sigit	sɪɣit
sigla	sɪgla
sigla	sˈeglˈa
siglap	sɪglap
siglaw	sɪglaʊ̯
siglo	siglo
sigmuan	sɪgmuʔɐn
signo	signo
signos	signos
signos	sɪgnos
sigok	sɪɣok
sigsa	sɪgsa
sigsig	sɪgsig
sigundo	segundo
sigurado	sɪɣʊɾado
siguraduhin	sɪɣʊɾɐduhɪn
sigurista	sɪɣʊɾistɐ
siguro	segˈuɾo
siguro	sɪɣuɾo
sigwa	sɪgwa
sigwada	sɪgwadɐ
sigwasan	sigwasa
sigwasan	sɪgwasɐn
sigya	sɪgja
siha	sihɐʔ
siha	sɪhaʔ
sihang	sihɐŋ
sihay	sihaɪ̯
sihayan	sɪhajɐn
siid	sɪʔid
siil	sɪʔil
sikad	sixɐd
sikal	sixɐl
sikal	sɪxal
sikang	sixɐŋ
sikap	sixɐp
sikat	sixɐt
sikat	sɪxat
sikatsikat	sixɐtsixɐt
sikhay	sɪkhaɪ̯
siki	sɪxiʔ
sikil	sixɪl
sikil	sɪxil
sikip	seˈkiːp
sikip	sɪxip
siklab	sikˈlˈˈab
siklab	sɪklab
siklista	sɪklistɐ
siklo	siklo
sikmat	sɪkmat
sikmura	sikmura
sikmura	sɪkmuɾɐ
sikmura	sɪkmuɾɐʔ
siko	sixo
siko	sɪxo
siko	sˈiko
sikologo	sɪxoloɣo
sikolohiya	sɪxolohiɐ
sikot	sixot
sikote	sɪxotɛ
sikreto	sɪkɾɛto
siksik	sɪksik
siksik	sˈiksˈik
siksikan	sɪksixɐn
siksikan	sɪksɪxan
siksin	sɪksin
sikulate	sɪxʊlatɛ
sikwan	sɪkwan
sikwat	sɪkwat
sila	silaː
sila	silɐʔ
sila	sɪla
silab	sɪlab
silaba	silɐbɐ
silag	silɐg
silahis	silahis
silahis	sɪlahɪs
silam	silɐm
silam	sɪlam
silambang	sɪlɐmbaŋ
silang	silɐŋ
silang	siːlaŋ
silang	sɪlaŋ
silangan	silaaŋan
silangan	sɪlaŋɐn
silanganan	sɪlɐŋanɐn
silangang	si˥˩laŋaŋ
silat	sɪlat
silaw	silau
silaw	silaʊ̯
silaw	sɪlaʊ̯
silay	silˈlˈɑj
silayan	sɪlajɐn
silbato	sɪlbato
silbi	silbɪ
silbi	sɪlbi
silbi	sɪlbɛ
silbiro	sɪlbiɾo
sile	silɛ
sili	silɛ
sili	silɪ
sili	sɪli
silid	sɪlid
silidkaphay	sɪlɪdkɐphaɪ̯
silidkapnayan	sɪlɪdkɐpnajɐn
silidkatwan	sɪlidkɐtwan
silidkilos	sɪlidkilos
silidkulay	sɪlidkʊlaɪ̯
silidlawas	sɪlidlawɐs
silidmanahan	sɪlɪdmɐnahɐn
silim	silɪm
silindro	sɪlindɾo
silip	silɪp
silipan	silipan
siliw	sɪliʊ̯
silo	siloʔ
silog	sɪlog
silopono	sɪlopono
silsil	sɪlsil
silverio	sɪlvɛɾjo
silweta	sɪlwɛtɐ
silya	biliːɐ
silya	siljɐ
silya	sɪlja
silya	sˈiljˈa
sima	sɪmaʔ
simana	sɪmanɐ
simangot	sɪmaŋot
simba	simbɐ
simba	sɪmba
simbahan	sɪmbahɐn
simbahan	sɪmbɐhan
simbanali	sɪmbɐnalɪ
simberguwensa	sɪmbɛɾgwɛnsɐ
simbolismo	sɪmbolismo
simbolo	simbolo
simbulan	sɪmbulɐn
simenteryo	sɪmɛntɛɾjo
simento	sɪmɛnto
simeona	sɪmɛonɐ
simetriya	sɪmɛtɾiɐ
simetriya	sɪmɛtɾjɐ
simi	simɪʔ
simot	sɪmot
simoy	simoɪ̯
simpan	sɪmpan
simpangol	sɪmpaŋol
simpatiko	sɪmpatɪxo
simpatiya	simpɐtiɐ
simpatiya	sɪmpɐtʃa
simpatya	sɪmpɐtʃa
simpit	sɪmpit
simple	simplɛ
simplehan	simplɛhɐn
simpok	sɪmpok
simula	simulaɾ
simula	sɪmʊlaʔ
simulain	simulain
simulain	sɪmʊlaʔɪn
simulasyon	sɪmʊlɐʃon
simuno	sɪmunoʔ
simutsang	simʊtʃaŋ
sin	sin
sina	sina
sina	sinɐ
sina	sɪna
sinabi	sinabe
sinabunutan	sɪnɐbʊnutɐn
sinag	sinɐg
sinag	sɪnag
sinagoga	sɪnɐɣoɣɐ
sinaing	sjˈnˈaːjˈm
sinalo	sˈinˈəlˈo
sinama	sɪnamɐ
sinama	sɪnɐmaʔ
sinamay	sɪnɐmaɪ̯
sinamomo	sɪnɐmomo
sinamong	sɪnɐmoŋ
sinandomeng	sɪnɐndomɛŋ
sinangag	sɪnɐŋag
sinaniban	sɪnɐnibɐn
sinap	sinɐp
sinapak	sinəpaːk
sinapismo	sɪnɐpismo
sinapupo	sɪnɐpupo
sinapupunan	sinapoponan
sinapupunan	sɪnapʊpʊnan
sinapupunan	sɪnɐpʊpunɐn
sinasabunutan	sɪnɐsɐbʊnutɐn
sinat	sinɐt
sinauna	sinauna
sinauna	sɪnɐʔunɐ
sinaya	sɪnajɐ
sinaya	sɪnajɐʔ
sinco	siŋko
sindak	sɪndak
sindakin	sɪndɐxin
sindal	sɪndal
sindi	sɪndi
sindikato	sɪndɪxato
sine	fini
sine	sinɛ
sinehan	sinehan
sinehan	sjˈnˈɛ̀ɦaːn
sinehan	sɪnɛhan
sinelas	sɪnɛlɐs
singa	sɪŋa
singap	sɪŋap
singapura	sɪŋɐpuɾɐ
singaw	sɪŋaʊ̯
singga	sɪŋga
singgalong	sɪŋgaloŋ
singgapur	sɪŋgɐpuɾ
singgi	sɪŋgiʔ
singguwatse	sɪŋgwɐtʃɛ
singh	siŋ
singhal	sɪŋhal
singhap	sɪŋhap
singhot	sɪŋhot
singhutin	sɪŋhʊtin
singil	sɪŋil
singit	siŋɪt
singkad	sɪŋkad
singkahulugan	siŋkɐhʊlʊɣan
singkak	sɪŋkak
singkal	sɪŋkal
singkamas	sɪŋkɐmas
singkamasan	sɪŋkɐmasɐn
singki	sɪŋkiʔ
singkit	sɪŋkit
singko	siŋko
singko	sɪŋkoʔ
singkol	sɪŋkol
singkona	sɪŋkonɐ
singkopa	siŋkopɐ
singkuhin	sɪŋkʊhin
singkuwenta	sɪŋkwɛntɐ
singsing	sɪŋ˥˥sɪŋ˥˥
singson	sinson
sinigang	sɪnɪɣaŋ
sinigurado	sɪnɪɣʊɾado
sinigwelas	sɪnɪgwɛlɐs
sinikap	siniːkap
sinili	sɪnɪli
siniloan	sɪnɪloʔɐn
sining	sinɪŋ
sinirâ	siniɾa
sinisigurado	sɪnɪsɪɣʊɾado
sinkuwenta	sɪŋkwɛntɐ
sino	fino
sino	sino
sinok	sinnok
sinok	sɪnok
sinop	sinop
sinsay	sɪnsaɪ̯
sinsin	sɪnsin
sinsoro	sɪnsoɾo
sinta	sɪnta
sinta	sɪntaʔ
sintang	sɪntaŋ
sintas	sɪntas
sintog	sɪntog
sintomas	sintomɐs
sintomas	sɪntomɐs
sintones	sɪntonɛs
sintonis	sɪntonɪs
sintores	sɪntoɾɛs
sintunado	sintunado
sintunado	sɪntʊnado
sintunis	sɪntunɪs
sinturon	sɪntʊɾon
sinukmani	sɪnʊkmanɪʔ
sinulaman	sɪnʊlamɐn
sinulat	ʃinuːlˈa
sinulid	sɪnulɪd
sinuliran	sinʊlɪɾan
sinuliran	sɪnʊliɾɐn
sinuman	sinʊman
sinungaling	sɪnʊŋalɪŋ
sinupin	sɪnupɪn
sinusubukan	sinusubuhan
sinuutan	sino˧˧tan
sinyuldiya	sɪɲuldɪa
sinélas	sinlas
siocson	ʃokson
siomai	ʃomaɪ̯
siongco	ʃoŋko
siopao	ʃopaʊ̯
sioson	ʃoson
sipa	sipɐʔ
sipa	sɪpaʔ
sipag	sipɐg
sipag	sipəg
sipagin	sɪpaɣɪn
sipain	sipain
sipak	sɪpak
sipalay	sipalai
sipat	sipɐt
sipatin	sɪpatɪn
sipay	sɪpaɪ̯
siphaw	sɪphaʊ̯
siphayo	sɪphajoʔ
siphayo	sɪphɐjoʔ
sipi	sɪpiʔ
sipilis	sipɪlɪs
sipilyo	sɪpiljo
siping	sipɪŋ
sipit	sipid
sipit	sipɪt
sipnayan	sip˦naːjɛn˧
sipnayan	sɪpnajɐn
sipol	sipol
sipon	sɪpon
sipot	sɪpot
sipra	sipɾɐ
sipres	sɪpɾɛs
sipsip	sipˈsip
sipsip	sɪpsip
sipunin	siponin
sipunin	sipunɪn
sipunin	sɪpʊnin
sipáin	sipain
sira	siɾɐʔ
sira	sɪɾaʔ
siraan	sɪɾaʔɐn
siraan	sɪɾɐʔan
sirain	sɪɾaʔɪn
sirain	sɪɾɐʔin
siraulo	siraulo
sirena	sɪɾɛnɐ
sirit	siɾɪt
sirit	siːrɪt
sirkito	siɾkɪto
sirkulasyon	sɪɾkʊlɐʃon
sirkumperensiya	sɪɾkʊmpɛɾɛnʃɐ
sirkunstansiya	sɪɾkʊnstanʃɐ
sirkuwito	sɪɾkwito
sirwelas	sɪɾwɛlɐs
sirya	siɾjɐ
sisante	sɪsantɛ
sisantehin	sɪsantɛhin
sisenta	sɪsɛntɐ
sisi	sisɛ
sisi	sisɪ
sisid	sisɪd
sisid	sˌisˈid
sisidlan	sɪsɪdlan
sisig	sisɪg
sisig	sɪsig
sisiguraduhin	sɪsɪɣʊɾɐduhɪn
sisihan	sɪsɪhan
sisihin	sɪsihɪn
sisil	sɪsil
sisip	sɪsip
sisiw	sisiu
sisiw	sisiʊ̯
sisiwa	sɪsiwɐ
sisiyo	sɪsio
sismolohiya	sɪsmolohiɐ
sismometro	sɪsmomɛtɾo
sisne	sisnɛ
sisne	sisˈne
siso	siso
sison	sison
sistema	sɪstɛmɐ
sistematiko	sɪstɛmatɪxo
sistemiko	sɪstɛmɪxo
sisukiristo	sɪsʊxɪɾisto
sisus	sɪsus
sita	sitɐ
sita	sɪta
sitaw	sitaʊ̯
sitchon	sɪtʃon
sitenta	sɪtɛntɐ
sitolohiya	sɪtolohiɐ
sitsaron	sɪtʃɐɾon
sitse	sɪtʃɛ
sitsirya	sɪtʃiɾjɐ
sitwasyon	sɪtwɐʃon
sityo	sitʃo
siwalat	sɪwalɐt
siwalat	sɪwɐlat
siy	sɪ
siya	ʃa
siya.	ʃaː
siyak	sɪak
siyam	ʃam
siyamnapu	ʃamnapɔ
siyamnaraan	ʃamnɐɾɐʔan
siyampu	ʃampʊ
siyanga	ʃɐŋaʔ
siyansi	ʃɐnsi
siyap	ʃap
siyasat	siasat
siyasat	sɪasɐt
siyasatan	siɐsɐtan
siyasig	sɪasɪg
siyasik	sɪasɪk
siyasip	sɪasɪp
siyemay	ʃɛmaɪ̯
siyempre	ʃɛmpɾɛ
siyena	ʃɛnɐ
siyentista	ʃɛntistɐ
siyento	ʃɛnto
siyobe	ʃobɛ
siyok	sɪok
siyoki	ʃoxɪʔ
siyokla	ʃoklaʔ
siyokot	ʃoxot
siyokoy	ʃoxoɪ̯
siyoktong	ʃoktoŋ
siyomay	ʃomaɪ̯
siyopaw	ʃopaʊ̯
siyudad	ʃudan
siyudad	ʃʊdad
siyurbol	ʃuɾbol
so	so
soberaniya	sobɛɾɐniɐ
soberano	sobɛɾano
soberanya	sobɛɾaɲɐ
sobla	sobla
sobra	sobra
sobra	sobɾɐ
sobre	sobɾɛ
sobrekarga	sobɾɛxaɾgɐ
sobrepeña	sobɾɛpɛɲɐ
sodiyako	sodiɐxo
sodyako	sodʒaxo
solano	solano
solapa	solapɐ
solb	solb
soledad	solɛdad
soli	solɛʔ
soli	solɪʔ
solidum	solɪdum
soliman	solɪman
solipsismo	solɪpsismo
solis	solis
solis	solɪs
soliven	solɪvɛn
solstisyo	solstiʃo
soltada	soltadɐ
soltador	soltɐdoɾ
solusyon	solʊʃon
sombrero	sombɾɛɾo
son	son
songco	soŋko
soologo	soʔoloɣo
soolohiko	soʔolohɪxo
sopa	sopa
sopas	sopas
sopas	sopɐs
sopbol	sopbol
sophia	sofiɐ
sophia	sopiɐ
sophie	soʊ̯fɪ
sophie	soʊ̯pɪ
sopistikado	sopɪstɪxado
sorbetes	soɾbɛtɛs
soro	soɾo
sorpresa	soɾpɾesa
sorpresa	soɾpɾɛsɐ
sorsogon	soɾsoɣon
sosa	sosɐ
sosi	sosɪ
sospetsa	sospɛtʃɐ
sosyal	soʃal
sosyalismo	soʃɐlismo
sosyalista	soʃɐlistɐ
sosyo	soʃo
sosyologo	soʃoloɣo
sosyolohiya	soʃolohiɐ
sosyolohiya	soʃolohɪɐ
sota	sotɐ
sotana	sotanɐ
sotanghon	sotɐŋhon
sotto	soto
spakol	ʔɪspɐxol
suam	suʔɐm
suam	swam
suan	swan
suang	suʔɐŋ
suansing	swɐnsiŋ
suazo	swaso
suazo	swazo
subali	sʊbalɪʔ
subalit	sʊbalɪt
subasta	sʊbastɐ
subaybay	sʊbaɪ̯baɪ̯
subersibo	sʊbɛɾsibo
subhetibismo	sʊbhɛtɪbismo
subida	sʊbidɐ
subla	sʊbla
submarino	sʊbmɐɾino
subo	sobo
subo	suboʔ
subo	sʊbo
subo	sʊboʔ
subok	subok
subok	sʊbok
subsidiya	sʊbsɪdiɐ
subsidyo	sʊbsidʒo
subtitulo	sʊbtitʊlo
subuan	sʊbʊ̃ɑn
subukan	sʊbuxɐn
subukan	sʊbʊxan
subukin	subokin
subyang	sʊbjaŋ
sucat	suxɐt
sucgang	sʊkgaŋ
sudan	sʊdan
sudlan	sʊdlan
sudsod	sʊdsod
sudsuran	sʊdsuɾɐn
sudsuran	sʊdsʊɾan
suga	suɣɐ
suga	sʊɣaʔ
sugaan	sʊɣaʔɐn
sugadagitban	sʊɣɐdɐɣɪtban
sugal	sʊɣal
sugalan	suɣalɐn
sugalan	sʊɣɐlan
suganda	sʊɣɐnda
suganob	sʊɣanob
sugapa	sʊɣapɐʔ
sugapa	sʊɣɐpaʔ
sugarol	sʊɣɐɾol
sugat	sugat
sugat	suɣɐt
sugat	sʊɣat
suglaguman	sʊglaɣumɐn
sugnay	sugˈnˈaj
sugnay	sʊgnaɪ̯
sugnayan	sʊgnajɐn
sugnayanin	sʊgnɐjanɪn
sugnayanon	sʊgnɐjanon
sugnayin	sʊgnajɪn
sugo	suɣoʔ
sugod	suɣod
sugod	sʊɣod
sugok	sʊɣok
sugpo	sampo
sugpo	sʊgpoʔ
suguitan	sʊɣitɐn
suha	suh
suha	suhɐʔ
suhay	suhaɪ̯
suhestiyon	sʊhɛstʃon
suhol	suhol
suhulan	sʊhulɐn
suhulan	sʊhʊlan
sukal	suxɐl
sukat	suxɐt
sukat	sʊxat
sukatan	sukatan
sukbit	sʊkbit
sukdan	sʊkdan
sukdol	sʊkdol
sukdulan	sʊkdulɐn
sukdulan	sʊkdʊlan
sukgisan	sʊkgisɐn
suki	suke
suki	suxɪʔ
sukiyaki	sʊkjaxɪ
suklam	sʊklam
suklay	soklaj˧
suklay	sʊklaɪ̯
suklob	sʊklob
sukmani	sʊkmanɪʔ
sukol	suxol
sukol	sʊxol
sukong	suxoŋ
sukot	suxot
suksok	sʊksok
sulak	sʊlak
sulake	sʊlaxɛ
sulam	sulɐm
sulapid	sʊlapɪd
sulasi	sʊlasɪ
sulat	sulɐt
sulat	sˈulˈa
sulatan	sulatɐn
sulatan	sʊlatɐn
sulatan	sʊlɐtan
sulatin	sʊlatɪn
sulatin	sʊlɐtin
sulib	sʊlib
sulid	sulɪd
sulidlawas	sʊlidlawɐs
suligi	sʊliɣɪʔ
suligi	sˌulˌigˌi
sulikap	sʊlixɐp
suliran	sʊlɪɾan
suliranin	sulɪɾɐnin
suliranin	sʊlɪɾanɪn
sulit	sulɪt
sulit	sʊlit
sulitin	sʊlitɪn
sulo	sɔlˈo
sulo	sʊlo
sulo	sʊloʔ
sulok	sulk
sulok	sulok
sulong	so˥˧long
sulong	suloŋ
suloy	suloɪ̯
sulsol	sʊlsol
sultan	sʊltan
sultana	sʊltanɐ
sultanato	sʊltɐnato
sulu	sʊlu
sulukasok	sʊlʊxasok
sulyak	sʊljak
sulyang	sʊljaŋ
sulyap	sʊljap
sulyasid	sʊljasɪd
sulyaw	sʊljaʊ̯
sumabat	sʊmɐbat
sumabit	sumabit
sumabog	sʊmabog
sumadsad	sʊmadsɐd
sumadsad	sʊmɐdsad
sumagadsad	sʊmɐɣɐdsad
sumagitsit	sʊmɐɣɪtsit
sumagot	sʊmɐɣot
sumailalim	sʊmɐʔɪlalɪm
sumakay	sʊmɐxaɪ̯
sumakit	sʊmɐxit
sumalamin	sʊmɐlɐmin
sumalangit	sʊmɐlaŋɪt
sumalapang	sʊmɐlɐpaŋ
sumalapaw	sʊmɐlapaʊ̯
sumalisi	sʊmɐlɪsi
sumaliw	sumalɪo
sumama	sumˈamə
sumama	sʊmamɐ
sumama	sʊmɐmaʔ
sumampalataya	sʊmɐmpɐlɐtajɐ
suman	sumɐn
sumandal	sumandal
sumangayon	sʊmɐŋʔajon
sumasali	sumˈasali
sumasampalataya	sʊmɐsɐmpɐlɐtajɐ
sumaya	sʊmajɐ
sumaya	sʊmɐja
sumayaw	sumˈajaˈu
sumayaw	sʊmɐjaʊ̯
sumbali	sʊmbalɪ
sumbalilo	sʊmbɐlilo
sumbat	sʊmbˈat
sumbo	sʊmbo
sumbong	sʊmboŋ
sumbrero	sʊmbɾɛɾo
sumeksi	sʊmɛksɪ
sumemplang	sʊmɛmplɐŋ
sumigla	suˈmˈɛgˈlˈat
sumigwa	sʊmɪgwa
sumikat	sumikat̪
sumikat	sʊmixɐt
sumikip	sʊmɪxip
sumiko	sʊmixo
sumilang	sʊmilɐŋ
sumilip	sʊmilɪp
sumimangot	sumimaŋut
sumimangot	sʊmɪmaŋot
suminga	sʊmɪŋa
sumingaw	sʊmɪŋaʊ̯
suminta	sʊmɪnta
sumipot	suːmiː˧prtʰ
sumisid	sʊmisɪd
sumite	sʊmɪtɛ
summer	samɛɾ
sumpa	sou̯pa˥
sumpa	sumpɐ
sumpak	sʊmpak
sumpit	sʊmpit
sumpong	sʊmpoŋ
sumueldo	sumweldˈo
sumuka	sʊmuxɐ
sumukat	sɔmʊkɐt
sumulat	sʊmulɐt
sumulong	sʊmuloŋ
sumulsol	sʊmʊlsol
sumunod	sʊmʊnod
sumunog	sʲɛ̀ːmʊnʊ̃g
sumuong	sʊmʊʔoŋ
sumusulat	sʊmʊsulɐt
sumuway	sʊmwaɪ̯
sun	sun
sundalo	sindalo
sundalo	sʊndalo
sundan	sʊndan
sundang	sʊndaŋ
sunday	sʊndaɪ̯
sundin	sʊndin
sundo	sʊndoʔ
sundong	sʊndoŋ
sundot	sndot̚
sundot	sʊndot
sungal	sʊŋal
sungalngal	sʊŋɐlŋal
sungalngalin	sʊŋɐlŋɐlin
sungaw	suŋaʊ̯
sungaw	sʊŋaʊ̯
sungay	suŋaɪ̯
sunggab	sʊŋgab
sunggaban	sŋ˨˩ga˥ban˥˩
sunggo	sʊŋgo
sunggo	sʊŋgoʔ
sungi	suŋɪʔ
sungi	sʊŋiʔ
sungit	suŋɪt
sungka	suŋkɐ
sungka	sʊŋkaʔ
sungki	sʊŋkiʔ
sungkit	sʊŋkit
sungko	sʊŋkoʔ
sungkol	sʊŋkol
sungo	sʊŋo
sungsong	sʊnsoŋ
sunlad	sʊnlad
sunod	souˈnˈod
sunod	sʊnod
sunog	sunog
sunog	sʊnog
sunok	sʊnok
suntok	suntɔk
suntok	sʊntok
suntukan	sʊntuxɐn
suntukin	sʊntʊxin
sunugin	sʊnuɣɪn
sunungaling	sʊnʊŋalɪŋ
sunuran	sunuɾɐn
sunuran	sʊnʊɾan
sunurin	sʊnʊɾin
suong	sʊʔoŋ
suongin	sʊʔoŋin
supil	supɪl
supil	sʊpil
supla	sʊpla
suplada	sʊpladɐ
suplado	sʊplado
suplay	sʊplaɪ̯
suplayer	sʊplajɛɾ
suplete	sʊplɛtɛ
supling	sʊpliŋ
supok	supok
supok	sʊpok
suporta	sʊpoɾtɐ
suportado	sʊpoɾtado
supot	supot
supot	sʊpot
suprema	sʊpɾɛmɐ
supremo	sʊpɾɛmo
supsop	sʊpsop
sur	suɾ
suri	suɾɪʔ
surian	sʊɾiʔɐn
surian	sʊɾɪʔan
surigao	sʊɾɪɣaʊ̯
surimbangkay	suɾɪmbɐŋkaɪ̯
suriso	sʊɾiso
suro	suɾoʔ
surot	surot
surot	suɾot
sushi	suʃɪ
susi	susɪʔ
susian	sʊsɪʔan
suskripsiyon	sʊskɾɪpʃon
suskrisyon	sʊskɾɪʃon
suskritor	sʊskɾɪtoɾ
susmaryosep	susmɐɾjosɛp
susmaryosep	sʊsmɐɾjosɛp
suso	suso
suso	sus˨ᵝɾ
suso	sʊsoʔ
susog	susog
suson	sʊson
susop	sʊsop
susot	sʊsot
suspek	suspɛk
suspendido	sʊspɛndido
suspensiyon	sʊspɛnʃon
suspensyon	sʊspɛnʃon
suspetsa	sʊspɛtʃɐ
sustansiya	sʊstanʃɐ
sustansya	sʊstanʃɐ
sustento	sʊstɛnto
susubukan	susʊbʊkɑn
susugan	sʊsuɣɐn
susulat	sʊsulɐt
susulbot	sʊsʊlbot
susunod	susʊnod
susunod	susˈunˈað
susunod	sʊsʊnod
susuwi	sʊswiʔ
susì	susˈe
sutana	sʊtanɐ
sutil	sutɪl
sutil	sut̪il
sutil	sʊtil
sutla	sutla
sutla	sʊtlaʔ
sutmondilaw	sʊtmondɪlaʊ̯
sutsot	sut̪sot̪
suuban	sʊʔʊban
suungin	sʊʔʊŋin
suwabe	swabɛ
suwag	swag
suwahe	swahɛ
suwail	swɐʔil
suwak	suɐk
suwapang	swapɐŋ
suway	swaɪ̯
suwelas	swɛlɐs
suweldo	swɛldo
suwero	swɛɾo
suwerte	swɛɾtɛ
suwesya	swɛʃɐ
suweter	swɛtɛɾ
suwisa	suisa
suwisa	swisɐ
suwisidyo	swɪsidʒo
suwiso	swiso
suwitik	switɪk
suya	sujɐʔ
suya	sʊjaʔ
suyod	sujod
suyod	sʊjod
suyurin	sʊjuɾɪn
swabe	swɐbɛ
swak	swɐk
swastika	swɐstɪxɐ
swerte	swɛɾtɛ
sy	si
sya	ʃa
syansi	ʃɛn˥˩sʰiː˥˩
syentipiko	ʃɛntipɪxo
syson	sison
sze	sɛ
sze	tʃɛ
sze	ʃɛ
sáma	sama
síkat	sʲiːkat
t	t
ta	tɐ
taad	taʔɐd
taad	tɐʔad
taal	taʔɐl
taal	tɐʔal
taan	taʔɐn
taan	tɐʔan
taas	taʔɐs
taas	tɐʔas
taasan	tɐʔasɐn
taasan	tɐʔɐsan
taba	tɐbaʔ
tabad	tabɐd
tabad	tɐbad
tabag	tabɐg
tabak	tɐbak
tabako	tɐbaxo
tabakuhan	tɐbɐxuhɐn
tabal	tabɐl
taban	tabɐn
tabang	tɐbaŋ
tabas	tabɐs
tabas	tɐbas
tabasko	tɐbasko
tabatsing	tɐbatʃɪŋ
tabatsing	tɐbɐtʃiŋ
tabatsoy	tɐbatʃoɪ̯
tabatsoy	tɐbɐtʃoɪ̯
tabaw	tabaʊ̯
tabayag	tɐbajɐg
tabayag	tɐbɐjag
taberna	tɐbɛɾnɐ
tabernakulo	tɐbɛɾnaxʊlo
tabi	tɐbi
tabi	tɐbɛ
tabig	tabɪg
tabigi	tɐbiɣɪʔ
tabike	tɐbixɛ
tabike	tɐbixɛʔ
tabil	tabɪl
tabil	tɐbil
tabing	tabim
tabing	tabɪŋ
tabing-dagat	tɐbiŋdɐgət
tabingi	tɐbɪŋiʔ
tabla	tabla
tabla	tablɐ
tabla	tɐbla
tablante	tɐblantɛ
tablaw	tɐblaʊ̯
tablero	tɐblɛɾo
tabletas	tɐblɛtɐs
tabliya	tɐbliɐ
tabliya	tɐblɛɐ
tabloyd	tabloɪ̯d
tabo	tabo
tabo	taboʔ
tabog	tabog
tabol	tabol
tabon	tabon
tabon	tɐbon
tabora	tɐboɾɐ
taboy	tɐboɪ̯
tabsik	tɐbsik
tabsing	tamʃiŋ
tabtab	tɐbtab
tabtabin	tɐbtɐbin
taburete	tɐbʊɾɛtɛ
tacloban	tɐklobɐn
tadhana	tadɦana
tadhana	tɐdhanɐʔ
tadhana	tɐdhɐnaʔ
tadtad	tɐdtad
tadyak	tɐdʒak
tadyang	tɐdʒaŋ
tae	taʔɛ
taeb	taʔɛb
taga	tɐɣaʔ
taga-	tɐgˈa
tagaangkat	tɐɣɐʔɐŋkat
tagabantay	tɐɣɐbɐntaɪ̯
tagabas	tɐɣabɐs
tagabasa	tɐɣɐbasɐ
tagabukid	tɐɣɐbuxɪd
tagagamit	tɐɣɐɣamɪt
tagahanga	tɐɣɐhaŋɐʔ
tagahugas	tɐɣɐhuɣɐs
tagain	tɐɣɐʔin
tagak	taːga
tagak	tɐɣak
tagaktak	tɐɣɐktak
tagal	tɐɣal
tagala	tɐɣalɐ
tagalinang	tɐɣɐlɪnaŋ
tagalinis	tɐɣɐlinɪs
tagalog	tagalow
tagalog	tɐɣalog
tagalog	tɛgaːloːg
tagaluto	tɐɣɐlutoʔ
tagaluto	tʃagaluto
tagamasid	tɐɣɐmɐsid
tagan	tɐɣan
tagapaglathala	tɐɣɐpaglɐthalɐʔ
tagapagligtas	tɐɣɐpɐglɪgtas
tagapagluto	tɐɣɐpaglutoʔ
tagapaglúto	tagapagluto
tagapagmana	tɐɣɐpagmanɐ
tagapagsagawa	tɐɣɐpagsɐɣɐwaʔ
tagapagsaliksik	tɐɣɐpagsɐlɪksik
tagapagsalin	tɐɣɐpagsalɪn
tagapagsalita	tɐɣɐpagsɐlɪtaʔ
tagapagtanggol	t̪agapakt̪aŋgol
tagapakinig	tɐɣɐpɐxɪnig
tagapamagitan	tɐɣɐpɐmɐɣitɐn
tagapamahala	tɐɣɐpɐmɐhalɐʔ
tagapangasiwa	tɐɣɐpɐŋɐsiwɐʔ
tagapayo	tɐɣɐpajo
tagapo	tɐɣapoʔ
tagarito	tɐɣɐɾito
tagariyan	tɐɣɐɾjan
tagaroon	tɐɣɐɾoʔon
tagas	taɣɐs
tagasubaybay	t̪ɐg̞as̺obaɪaj
tagasuporta	tɐɣɐsʊpoɾtɐ
tagatuos	tɐɣɐtʊʔos
tagay	taɣaɪ̯
tagaytay	tɐgˈaitˈaɪ
tagbagyo	tɐgbɐgjo
tagbanwa	tɐgbanwɐ
tagbik	tɐgbik
tagenggong	tɐɣɛŋgoŋ
tagginaw	tɐggɪnaʊ̯
taggutom	tɐggutom
taghap	tɐghap
taghikaw	tɐghɪxaʊ̯
taghirap	tɐghɪɾap
taghiyawat	tɐghɪawɐt
taghiyawat	tɐgjawɐt
taghok	tɐghok
taghoy	tɐghoɪ̯
tagiamo	tɐɣɪʔamoʔ
tagibang	tɐɣɪbaŋ
tagigapay	tɐɣɪɣɐpaɪ̯
tagihaba	tɐɣɪhɐbaʔ
tagihawat	tɐɣɪhawɐt
tagihilis	tɐɣɪhɪlis
tagikaw	tɐɣɪxaʊ̯
tagiktik	tɐɣɪktik
tagilid	tagɛlidɛ
tagilid	tɐɣilɪd
tagilid	tɐɣɪlid
tagilo	tɐɣɪlo
tagilog	tɐɣɪlog
tagis	tɐɣis
tagisuyo	tɐɣɪsujoʔ
taglagas	tɐglɐɣas
taglamig	tɐglɐmig
taglay	tɐglaɪ̯
tagle	taglɛ
tagmangga	tɐgmɐŋga
tagniyebe	tɐgɲɛbɛ
tago	taɣoʔ
tago	tɐɣoʔ
tagok	tɐɣok
tagos	tɐɣos
tagpi	tɐgpiʔ
tagpo	tɐgpoʔ
tagpuan	tɐgpuʔɐn
tagpuin	tɐgpʊʔin
tagsibol	tɐgsibol
tagsibol	tɐgsɪbol
tagtag	tɐgtag
tagtanim	tɐgtɐnim
tagtrangkaso	tɐgtɾɐŋkaso
tagtuyot	tɐgtʊjot
tagu-taguan	tagutaguan
taguan	tɐɣuʔɐn
taguan	tɐɣʊʔan
taguba	tɐɣubɐ
tagubilin	tɐɣʊbilɪn
taguig	tagˈig
taguig	tɐɣig
tagulabay	tɐɣʊlɐbaɪ̯
tagulamin	tɐɣʊlɐmin
taguling	tɐɣulɪŋ
taguling	tɐɣʊliŋ
tagumanak	tɐɣʊmɐnak
tagumpay	tɐɣʊmpaɪ̯
tagunya	tɐɣʊɲaʔ
tagupa	tɐɣupɐ
tagupak	tɐɣʊpak
taguri	tɐɣʊɾiʔ
taguyod	tɐɣujod
tagway	tɐgwaɪ̯
tagyawat	tɐgjawɐt
tagyelo	tɐgjɛlo
tahak	tahɐk
tahak	tɐhak
tahan	tahɐn
tahan	tɐhan
tahanan	tɐhanɐn
tahanan	tɐhɐnan
tahandas	tɐhɐndas
tahapik	tɐhapɪk
tahas	tajas
tahas	tɐhas
tahasik	tɐhasɪk
tahaw	tahaʊ̯
tahaw	tɐhaʊ̯
tahid	tɐhid
tahik	tahɪk
tahilan	tɐhilɐn
tahimik	tɐhimɪk
tahinga	tɐhiŋɐ
taho	tɐho
taho	tɐhoʔ
tahol	tɐhol
tahong	tɐhoŋ
tahure	tahʊɾɛ
tahure	taʊ̯ɾɛ
taib	taʔɪb
taihan	tɐʔihɐn
taimtim	tɐʔɪmtim
tainga	taɪ̯ŋa
tainga	tɐʔiŋɐ
tainga	tɛŋɐ
taingambaboy	taɪ̯ŋɐmbaboɪ̯
taingambaboy	tɐʔiŋɐmbaboɪ̯
taingambabuy	taɪ̯ŋɐmbabʊɪ̯
taingambabuy	tɐʔiŋɐmbabʊɪ̯
taka	taxɐ
taka	taxɐʔ
taka	tɐxa
takahashi	tɐxɐhaʃɪ
takako	tɐxaxo
takal	taxɐl
takal	tɐxal
takam	tɐxam
takap	tɐxap
takas	taxɐs
takatak	tɐxatɐk
takatak	tɐxɐtak
takaw	tɐxaʊ̯
takaw-mata	taːkawmaˈtaː
takba	tɐkba
takbo	tɐkbo
takbuhin	tɐkbuhɪn
takbuhin	tɐkbʊhin
takda	tɐkdaʔ
takdang	tɐkdaŋ
takeko	tɐxɛxo
takilya	tɐxiljɐ
takin	tɐxin
taking	taxɪŋ
takip	tɐxip
takipsilim	tɐxɪpsilɪm
takitaki	tɐxɪtaxɪ
taklab	tɐklab
taklip	tɐklip
taklob	tɐklob
taklobo	tɐklobo
tako	taxo
tako	tɐxoʔ
takob	taxob
takong	tɐxoŋ
takot	taxot
takot	tɐxot
takoyaki	tɐxojaxɪ
takpan	tɐkpan
taksan	tɐksan
taksi	taksɪ
taksil	tɐksil
taksil	t̪ak̞sil
taktak	tɐktak
taktika	taktɪxɐ
takuko	tɐxuxo
takupis	tɐxupɪs
takuri	tɐxʊɾiʔ
takuri	tɐxʊɾɛʔ
takutin	tɐxutɪn
takutin	tɐxʊtin
takwil	tɐkwil
tala	bala
tala	talɐ
tala	talɐʔ
tala	tɐlaʔ
talaan	talaʔɐn
talaan	tɐlɐʔan
talaarawan	tɐlaʔɐɾɐwan
talaarawan	tɐlɐʔɐɾawɐn
talaawitan	tɐlaʔɐwitɐn
talab	tɐlab
talaba	tɐlɐba
talaba	t̪alabau
talababa	tɐlɐbɐbaʔ
talabing	tɐlabɪŋ
talabis	tɐlɐbis
talabunyian	tɐlɐbʊɲiʔɐn
taladalasan	tɐladɐlasɐn
talag	talɐg
talaga	tɐlaɣɐʔ
talaga	tɐlɐɣa
talaghay	tɐlɐghaɪ̯
talahanayan	tɐlahɐnajɐn
talahanayan	tɐlahɐnɐjan
talahib	tɐlahɪb
talahib	təlaːhiːb
talak	tɐlak
talakayan	talɐxɐjan
talakayan	taːlaːqajan
talakitok	tɐlɐxitok
talalahian	tɐlalɐhiʔɐn
talalan	tɐlɐlan
talamak	tɐlɐmak
talamayawan	tɐlɐmajawɐn
talambuhay	talambuhai
talambuhay	tɐlɐmbuhaɪ̯
talamitam	tɐlɐmitɐm
talampak	tɐlɐmpak
talampakan	talɐmpaxɐn
talampakan	tɐlɐmpaxɐn
talampas	tɐlɐmpas
talandi	tɐlɐndiʔ
talang	talɐŋ
talanga	tɐlaŋɐʔ
talangas	tɐlɐŋas
talangka	taˈlaŋka
talangka	tɐlɐŋkaʔ
talaorasan	tɐlaʔoɾɐsan
talapihitan	tɐlapɪhɪtan
talaro	tɐlaɾoʔ
talaro	tɐlɐɾoʔ
talarok	tɐlaɾok
talas	talɐs
talas	tɐlas
talas	θlas
talasalitaan	tɐlasɐlɪtaʔɐn
talasalitaan	tɑlaːsalitaaˈn
talasantauhan	tɐlasɐntɐʔuhɐn
talasimpanan	tɐlasɪmpanɐn
talasok	tɐlasok
talasok	tɐlɐsok
talastas	tɐlɐstas
talata	tɐlatɐʔ
talata	θalata
talataan	talɐtɐʔan
talataan	tɐlɐtaʔɐn
talatanungan	tɐlatɐnuŋɐn
talatinigan	talaːtiːnːiːgan
talatugtugan	tɐlatʊgtuɣɐn
talavera	tɐlɐbɛɾɐ
talavera	tɐlɐvɛɾɐ
talaw	talaʊ̯
talbog	tɐlbog
talbos	tɐlbos
talentado	tɐlɛntado
talento	tɐlɛnto
talhak	tɐlhak
tali	ali
tali	talɛʔ
tali	talɪʔ
tali	tɐli
tali	tɐliʔ
tali	tɐlɛʔ
taliba	tɐlibɐʔ
talibad	tɐlɪbad
talibadbad	tɐlɪbɐdbad
talibas	tɐlɪbas
talibatab	tɐlɪbatɐb
talibong	tɐliboŋ
talibong	tɐlɪboŋ
talibugso	tɐlɪbʊgsoʔ
talihabso	tɐlɪhɐbsoʔ
talihalat	tɐlɪhalɐt
talihilig	tɐlɪhilɪg
talik	talɪk
talik	tɐlik
talikakas	tɐlɪxɐxas
talikala	tɐlɪxɐlaʔ
talikba	tɐlɪkba
talikba	tɐlɪkbaʔ
talikod	tɐlixod
talikod	tɐlɪxod
talikodgenic	tɐlixodʒɛnɪk
taliktik	tɐlɪktik
talilis	tɐlilɪs
talilis	tɐlɪlis
talilong	tɐliloŋ
talim	tælˈim
talim	tɐlim
talima	tɐlimɐ
talimang	tɐlɪmaŋ
talimangmang	tɐlɪmɐŋmaŋ
talimusak	tɐlɪmʊsak
talindaw	tɐlɪndaʊ̯
taling	talɪŋ
talingdaw	tɐlɪndaʊ̯
talinghaga	tɐlɪŋhaɣɐʔ
talino	tɐlino
talinong	tɐlinoŋ
talipa	tɐlɪpa
talipandas	tɐlɪpɐndas
talipapa	tɐlɪpɐpaʔ
talipya	tɐlɪpjaʔ
taliris	tɐliɾɪs
talisay	tɐlisaɪ̯
talisay	təlisaj
talisod	tɐlisod
talisuyo	tɐlɪsujoʔ
talitis	tɐlitɪs
taliwakas	tɐlɪwɐxas
taliwas	taːliwaːs
taliwas	tɐlɪwas
talo	palo
talo	talo
talo	tɐlo
talo	tɐloʔ
talob	talob
talohimig	tɐlohimɪg
talon	talon
talon	tɐlon
talong	taloŋ
talong	tɐloŋ
talop	talop
talop	tɐlop
talos	tɐlos
talpog	tɐlpog
talsik	tɐlsik
taltak	tɐltak
taltal	tɐltal
talubanat	tɐlʊbɐnat
talubata	tɐlʊbɐtaʔ
taludtod	tɐlʊdtod
taludturan	talʊdtuɾɐn
taluiryap	tɐlʊʔɪɾjap
talukab	tɐluxɐb
talukap	tɐluxɐp
talukbong	tɐlʊkboŋ
talulot	tɐlulot
talumpati	tɐlʊmpatɪʔ
talunan	talunɐn
talunan	ta˦˥lunaːn
talunan	tɐlʊnan
talundas	tɐlʊndas
talungtong	tɐlʊntoŋ
talunin	tɐlunɪn
talunin	tɐlʊnin
talunton	tɐlʊnton
talupak	tɐlupɐk
talurami	tɐlʊɾamɪ
talurang	tɐluɾɐŋ
talusan	alusan
taluyo	tɐlujo
talya	taljɐ
talyasi	tɐljasɪʔ
talyer	tɐljɛɾ
tam	tam
tama	ama
tama	tamɐʔ
tamaan	ta˥˩maːn˩˩˦
tamaan	tɐmaʔɐn
tamad	tamad
tamad	tɐmad
tamak	tɐmak
tamales	tɐmalɛs
tamaraw	tamɐɾaʊ̯
tamasa	tɐmasɐ
tamayo	tɐmajo
tambaas	tɐmbɐʔas
tambad	tɐmbad
tambag	tɐmbag
tambak	tɐmbak
tambakan	tɐmbaxɐn
tambakan	tɐmbɐxan
tambakol	tɐmbaxol
tambalan	tɐmbalɐn
tamban	tɐmban
tambang	tɐmbaŋ
tambangan	tɐmbaŋɐn
tambangan	tɐmbɐŋan
tambanggalan	tɐmbɐŋgalɐn
tambanggalan	tɐmbɐŋgɐlan
tambaw	tɐmbaʊ̯
tambay	tambaɪ̯
tambay	tɐmbaɪ̯
tambayan	tɐmbajɐn
tambayan	tɐmbɐjan
tambiki	tɐmbixɪʔ
tambilang	tɐmbilɐŋ
tambisi	tɐmbɪsiʔ
tambiyolo	tɐmbjolo
tambling	tamblɪŋ
tambo	tɐmboʔ
tambog	tɐmbog
tambok	tɐmbok
tambol	tɐmbol
tambolero	tɐmbolɛɾo
tambugak	tɐmbʊɣak
tambukulan	tɐmbʊxulɐn
tambulan	tɐmbulɐn
tambuli	tɐmbulɪʔ
tamburin	tɐmbʊɾin
tambutso	tɐmbutʃo
tameme	tɐmɛmɛʔ
tamiko	tɐmixo
tamis	tɐmis
tamis	t̪emis
tamlay	tɐmlaɪ̯
tamnan	tɐmnan
tamo	tɐmo
tamod	tɐmod
tamondong	tɐmondoŋ
tampa	tɐmpa
tampak	tɐmpak
tampal	tɐmpal
tampalasan	tɐmpɐlasɐn
tampalpuke	tɐmpɐlpuxɛ
tampalpuki	tɐmpɐlpuxɪ
tampat	tɐmpat
tampay	tɐmpaɪ̯
tampi	tɐmpiʔ
tampipi	tɐmpipɪʔ
tampisaw	tɐmpɪsaʊ̯
tampo	tampo
tampo	tɐmpo
tan	tan
tanan	tanɐn
tanan	tɐnan
tanauan	tɐnawɐn
tanauan	tɐnʔawɐn
tanaw	tɐnaʊ̯
tanawan	tanawɐn
tanawan	tɐnawɐn
tanawan	tɐnɐwan
tanay	tɐnaɪ̯
tanchoco	tɐntʃoxo
tancinco	tɐnsiŋko
tanda	anda
tanda	tandɐ
tanda	tɐndaʔ
tandang	tɐndaŋ
tandayag	tɐndajɐg
tandayag	tɐndɐjag
tanders	tandɛɹs
tandos	tɐndos
tang	taŋ
tanga	taŋɐ
tanga	taŋɐʔ
tanga	tɐŋa
tangan	taŋɐn
tangay	tɐŋaɪ̯
tangco	taŋko
tangengot	tɐŋɛŋot
tangga	taŋgɐ
tanggal	tɐŋgal
tanggalin	taŋgalɪn
tanggalin	tɐŋgɐlin
tanggap	daŋˈgap
tanggap	tɐŋgap
tanggapan	tŋgapan
tanggapan	tɐŋgapɐn
tanggapan	tɐŋgɐpan
tanggi	tŋgri
tanggi	tɐŋgi
tangginggi	tɐŋgiŋgɪʔ
tanggo	taŋgo
tanggol	tɐŋgol
tanggol	t̪o̞ŋgol
tanghal	tɐŋhal
tanghali	taŋ˨˩haːlɪ˥˩
tanghali	tɐŋhalɪʔ
tanghalian	tɐŋhɐliʔɐn
tanghaliin	tɐŋhɐliʔɪn
tanghas	tɐŋhas
tangherina	tɐŋhɛɾinɐ
tangi	taŋɪʔ
tangile	tɐŋilɛ
tangile	tɐŋilɛʔ
tangina	taŋi˥˧nɤ
tangina	tɐŋɪna
tangina	tɐŋʔɪna
tangis	taŋɪs
tangka	tɐŋkaʔ
tangkad	tɐŋkad
tangkal	tɐŋkal
tangkalag	tɐŋkɐlag
tangkas	tɐŋkas
tangkay	tɐŋkaɪ̯
tangke	taŋkɛ
tangke	tɐŋkɛ
tangke	tɐ̃ŋkɛ
tangkilik	tɐŋkilɪk
tangkulok	tɐŋkulok
tanglad	taŋlad
tanglao	tɐnlaʊ̯
tanglaw	tɐnlaʊ̯
tango	tɐŋoʔ
tangob	taŋob
tangos	taŋos
tangwa	tɐŋwa
tangway	tɐŋwaɪ̯
tanigi	tɐniɣɪʔ
tanikala	tɐnɪxɐlaʔ
tanim	tɐnim
tanim	t̪enim
taniman	tanimɐn
taniman	tɐnɪman
taning	tanɪŋ
tanlap	tɐnlap
tanod	tanod
tanong	tɐnoŋ
tansan	tansɐn
tansan	tɐnsan
tansiya	tɐnʃa
tanso	tɐnsoʔ
tanso	tɐn˨˩sʊ˥˩
tansya	tɐnʃa
tantan	tɐntan
tantiyahin	tɐntʃɐhin
tanto	tanto
tantsing	tɐntʃiŋ
tantya	tɐntʃa
tanungin	tɐnʊŋin
tanyag	tanjak
tao	taʔo
taob	tɐʔob
taog	taʔog
taol	tɐʔol
taon	tɐʔon
taong	taʔoŋ
taong	tɐʔoŋ
tapa	tapɐ
tapa	tɐpa
tapaboka	tapɐboxɐ
tapak	tapɐk
tapak	tɐpak
tapal	tapɐl
tapales	tɐpalɛs
tapang	sapang
tapang	tapɐŋ
tapangko	tɐpaŋko
tapapetso	tɐpɐpɛtʃo
tapas	tapɐs
tapas	tɐpas
tapat	tɐpat
tapatin	tɐpɐtin
tapayan	tɐpajɐn
tapayan	tɐpɐjan
tapik	tɐpik
tapil	tapɪl
tapil	tɐpil
tapilok	tɐpɪlok
taping	tapɪŋ
taping	tɐpiŋ
tapir	tɐpiɾ
tapis	tapɪs
tapon	tapon
tapon	tɐpon
tapos	tapos
tapos	tɐpos
tapsilog	tapsɪlog
tapulaw	tɐpulaʊ̯
tapunan	tɐpunɐn
tapunan	tɐpʊnan
tapusin	tɐpusɪn
tapusin	tɐpʊsin
tapyas	tɐpjas
tapyoka	tɐpjoxɐ
tara	taɾɐ
tara	tɐra
tara	tɐɾa
tarak	taɾɐk
tarak	tɐɾak
tarakan	tɐɾaxɐn
tarakan	tɐɾɐxan
tarang	tɐɾaŋ
tarangka	tɐɾɐŋka
tarangkahan	tɐɾɐŋkahɐn
tarangkahan	tɐɾɐŋkɐhan
taranta	tɐɾɐnta
tarantado	tarantado
tarantado	tɐɾɐntado
taras	taɾɐs
taras	tɐɾas
tarat	tɐɾat
tarheta	tɐɾhɛtɐ
tarik	tɐɾik
tariktik	tɐɾɪktik
taring	tɐɾiŋ
tarlac	tɐɾlak
tarnate	tɐɾnatɛ
taruc	tɐɾuk
tarugo	tɐɾuɣo
tas	tas
tasa	tasa
tasa	tasɐ
tasa	tɐsa
tasahan	tasahɐn
tasahan	tɐsahɐn
tasahan	tɐsɐhan
tasik	tasɪk
tastas	tɐstas
tata	tatɐ
tata	tatɐʔ
tata	tɐta
tata	tɐtaʔ
tatad	tatɐd
tatag	tatɐg
tatag	tɐtag
tataghay	tatɐghaɪ̯
tatagukan	tɐtaɣuxɐn
tatagukan	tɐtɐɣʊxan
tatahanan	tɐtɐhɐnan
tatak	tɐtak
tatal	tatɐl
tatalon	tatɐlon
tatalunan	tɐtɐlʊnan
tatang	tatɐŋ
tatangnan	tɐtɐŋnan
tatap	tatɐp
tatap	tɐtap
tataw	tataʊ̯
tataw	tɐtaʊ̯
tatawagan	tɐtɐwaɣɐn
tatay	tataɪ̯
tatay	tataʝs
tate	tɐtɛʔ
tatiyaw	tatʃaʊ̯
tatlo	tatloʁ
tatlo	tɐtlo
tatlonghari	tɐtloŋhaɾɪʔ
tatlumpu	tɐtlʊmpuʔ
tatlundaan	tɐtlʊndɐʔan
tatló	tˈatlˈo
tato	tɐtoʔ
tatsiha	tɐtsihɐʔ
tatsihaan	tɐtsɪhaʔɐn
tatsuko	tɐtsuxo
tatsulok	tɐtsulok
tatsulok	tɐtsʊlok
tatu	tɐtu
tatu	tɐtuʔ
tauhan	taoˈhan
tauhan	tɐʔuhɐn
taumbayan	taʔʊmbajɐn
taunan	taʔʊnan
tauro	taʊ̯ɾo
tawa	taua
tawa	tawɐ
tawa	tɐwa
tawad	tawɐd
tawag	tawɐg
tawagan	tawagɑn
tawagan	tawaɣɐn
tawagan	tɐwaɣɐn
tawagan	tɐwɐɣan
tawagin	tauagim
tawak	tɐwak
tawanan	tawanɐn
tawanan	tɐwanɐn
tawanan	tɐwɐnan
tawaran	tawaɾɐn
tawaran	tɐwaɾɐn
tawaran	tɐwɐɾan
tawas	tawɐs
tawas	tɐwas
taway	tɐwaɪ̯
tawge	taʊ̯ɣɛ
tawid	tɐwid
tawilis	tɐwilɪs
tawilis	tɐwɪlis
tawing	tɐwiŋ
tawiran	tawiɾɐn
tawo	tawo
tawsi	taʊ̯siʔ
tawtaw	taʊ̯taʊ̯
taya	tajɐ
taya	tɐja
tayaba	tɐjabɐ
tayabas	tɐjabɐs
tayabasin	tɐjɐbasɪn
tayabense	tɐjɐbɛnsɛ
tayabeña	tɐjɐbɛɲɐ
tayabeño	tɐjɐbɛɲo
tayabutab	tɐjɐbutɐb
tayag	tajɐg
tayahan	tajahɐn
tayahan	ta˦˥ja˥˧han˥˥
tayahan	tɐjahɐn
tayahan	tɐjɐhan
tayakad	tɐjɐxad
tayamutam	tɐjɐmutɐm
tayangtang	tɐjɐntaŋ
tayao	tajaʊ̯
tayikistan	tai̯e̞ʲikʲistæn
tayinga	tɐjiŋɐ
taylandes	taɪ̯lɐndɛs
taylandiya	taɪ̯landʒɐ
taympers	taɪ̯mpɛɹs
tayo	tajo
tayog	tajog
tayom	tajom
tayong	tajoŋ
taysan	taɪ̯san
tayson	taɪ̯son
taytay	tajtaji
taytay	taɪ̯taɪ̯
tayubasi	tɐjʊbasɪ
tayudtod	tɐjʊdtod
tayudturan	tɐjudtʊɾan
tayukod	tɐjʊxod
tayuman	tajumɐn
tayuman	tɐjʊman
tayutay	tɐjutaɪ̯
tayutay	tɐjʊtaɪ̯
tayuto	tɐjutoʔ
tayuto	tɐjʊtoʔ
taywan	taɪ̯wan
tayô	tˈajˈo
taás	taːs
tañada	tɐɲadɐ
tañong	tɐɲoŋ
te	tɛ
teatro	tɛatɾo
tecson	tɛkson
tegi	tɛɣɪ
teismo	tɛismo
teista	tɛistɐ
tejada	tɛhadɐ
teka	tɛxɐ
tekas	tɛxɐs
teklado	tɛklado
teknik	tɛknik
teknika	tɛknɪxɐ
teknolohiya	tɛknolohiɐ
teknolohiya	tɛknolohɪɐ
teksbuk	tɛksbʊk
teksto	tɛksto
tekwan	tɛkwɐn
tela	teˈla
tela	tɛlɐ
telebabad	tɛlɛbabɐd
telebasura	tɛlɛbɐsuɾɐ
telebisyon	tɛlɛbɪʃon
telebisyon	tˌɛləvisjˈon
telegrama	tɛlɛgɾamɐ
telegrapo	tɛlɛgɾɐpo
telekomunikasyon	tɛlɛxomʊnɪxɐʃon
telenobela	tɛlɛnobɛlɐ
teleolohiya	tɛlɛolohiɐ
telepatiya	tɛlɛpɐtiɐ
telepono	tɛlɛpono
teleserye	tɛlɛsɛɾjɛ
teleskopyo	tɛlɛskopjo
tema	tɛmɐ
temperatura	tɛmpɛɾɐtuɾɐ
templo	tɛmplo
tempura	tɛmpuɾɐ
temyong	tɛmjoŋ
tenedor	tɛnɛdoɾ
teneduriya	tɛnɛdʊɾiɐ
teng	tɛŋ
tenga	tɛŋɐ
tengco	tɛŋko
tenis	tɛnɪs
tenor	tɛnoɾ
tenorio	tɛnoɾjo
tensiyon	tɛnʃon
tensiyonado	tɛnʃonado
tensyon	tɛnʃon
tensyonado	tɛnʃonado
tenyente	tɛɲɛntɛ
teodisea	tɛodɪsɛɐ
teodisiya	tɛodɪsiɐ
teodoro	tɛodoɾo
teokrasya	tɛokɾaʃɐ
teologo	tɛoloɣo
teolohia	tɛolohiɐ
teolohiya	tɛolohiɐ
teoriya	tɛoɾiɐ
teorya	tɛoɾjɐ
tepok	tɛpok
terakota	tɛɾɐxotɐ
terasa	tɛɾasɐ
teresa	tɛɾɛsɐ
terible	tɛɾiblɛ
teritoryo	tɛɾɪtoɾjo
terminal	tɛɾmɪnal
termino	tɛɾmɪno
termometro	tɛɾmomɛtɾo
termos	tɛɾmos
ternate	tɛɾnatɛ
terno	tɛɾno
terorismo	tɛɾoɾismo
terorista	tɛɾoɾistɐ
terrado	tɛɾado
tersera	tɛɾsɛɾɐ
tersiyaryo	tɛɾʃaɾjo
tersiyopelo	tɛɾʃopɛlo
teruko	tɛɾuxo
tesawro	tɛsaʊ̯ɾo
tesis	tɛsɪs
tesoreriya	tɛsoɾɛɾiɐ
tesorero	tɛsoɾɛɾo
testamento	tɛstɐmɛnto
testigo	tɛstiɣo
testimonya	tɛstɪmoɲɐ
testimonyo	tɛstɪmoɲo
tetano	tɛtɐno
thailand	taɪ̯lɐnd
ti	tɪ
tiad	tɪʔad
tiamson	tʃamson
tian	tjan
tiangge	tjɐŋgɛʔ
tiangge	tɕjaŋ˨˩ɦjɛ˥˩
tibadbad	tɪbɐdbad
tibag	tɪbag
tibagan	tibaɣɐn
tibagan	tɪbɐɣan
tibak	tibɐk
tibak	tɪbak
tibalbal	tɪbɐlbal
tibalsik	tɪbɐlsik
tibalyaw	tɪbɐljaʊ̯
tibatib	tɪbatɪb
tibatib	tɪbɐtib
tibaw	tibaʊ̯
tibay	tibaɪ̯
tibay	tivaj
tibayan	tɪbajɐn
tibi	tɪbi
tibig	tɪbig
tibo	ibˌo
tibo	tiboʔ
tibo	tɪboʔ
tibok	tɪbok
tibtib	tɪbtib
tibubos	tɪbubos
tiburcio	tɪbuɾʃo
ticzon	tikson
tien	tjɛn
tigal	tɪɣal
tigam	tɪɣam
tigang	tiɣɐŋ
tigang	tɪɣaŋ
tigang	tˈɛgˈan
tigas	tɪɣas
tigasin	tiɣasɪn
tigbi	tɪgbi
tigbuhol	tɪgbʊhol
tigdas	tigas
tigdas	tɪgdas
tighaba	tɪghɐbaʔ
tighabol	tɪghɐbol
tighoy	tɪghoɪ̯
tigil	tiɣɪl
tigil	tɪɣil
tigilan	tɪɣilɐn
tigilan	tɪɣɪlan
tigis	tiɣɪs
tigis	tɪɣis
tigiti	tɪɣitɪ
tigkal	tɪgkal
tigmak	tɪgmak
tigmamanok	tɪgmɐmɐnok
tigmata	tɪgmɐta
tignan	tɪgnan
tignas	tɪgnas
tigok	tɪɣok
tigpas	tɪgpas
tigpo	tɪgpoʔ
tigre	tigɾɛ
tigyawat	tɪgjawɐt
tihaya	tɪhajɐʔ
tihaya	tɪhɐjaʔ
tiheras	tɪhɛɾɐs
tihil	tihɪl
tihiras	tɪhiɾɐs
tihiras	tɪhɪɾas
tiho	tihoʔ
tiis	tɪʔis
tiis	tˈiˈis
tiisin	tiːsˈiːn
tiisin	tɪʔisɪn
tiisin	tɪʔɪsin
tiisín	tiʔɪˈn
tika	tixɐ
tika	tixɐʔ
tika	tɪxaʔ
tikab	tɪxab
tikal	tixɐl
tikal	tɪxal
tikang	tɪxaŋ
tikas	tixɐs
tikbalang	tikbalaŋ
tikbalang	tɪkbalɐŋ
tikdas	tɪkdas
tiket	tixɛt
tikho	tɪkhoʔ
tikim	tɪxim
tikin	tɪxin
tikitan	tɪxitɐn
tikitan	tɪxɪtan
tikitiki	tɪxɪtixɪ
tikling	tɪkliŋ
tiklo	tik˦lo˧˧
tiklo	tɪkloʔ
tiklop	tɪklop
tikman	tɪkman
tikman	t̪ikːman
tikod	tɪxod
tikom	tixom
tikom	tɪxom
tikoy	tikoj
tikoy	tixoɪ̯
tiktik	tɪktik
tiktiko	tɪktixoʔ
tiktilaok	tɪktɪlaʔok
tikwas	tɪkwas
tikwi	tɪkwi
tila	tila
tila	tilɐ
tila	tilɐʔ
tilad	tɪlad
tilagpak	tɪlɐgpak
tilalay	tɪlalaɪ̯
tilamsik	tɪlɐmsik
tilandog	tɪlɐndog
tilandoy	tɪlɐndoɪ̯
tilao	tɪlɐʔo
tilaok	tɪlaʔok
tilapon	tɪlapon
tilapya	tɪlapjɐʔ
tilapya	tɪlɐpjaʔ
tilarok	tɪlaɾok
tilas	tilɐs
tilasitha	tɪlɐsɪthaʔ
tilay	tilaɪ̯
tilde	tildɛ
tili	tilɪ
tili	tɪli
tili	tɪliʔ
tililing	tɪlɪliŋ
tilin	tilɪn
tilis	tilɪs
tilis	tɪlis
tilos	tilos
tilos	tɪlos
tim	tim
timak	tɪmak
timang	tɪmaŋ
timawa	tɪmawɐʔ
timayok	tɪmajok
timba	tɪmbaʔ
timbang	tɪmbaŋ
timbangan	tɪmbaŋɐn
timbangan	tɪmbɐŋan
timbanin	tɪmbanɪn
timbao	tɪmbaʊ̯
timbaw	tɪmbaʊ̯
timbog	tɪmbog
timbol	tɪmbol
timbon	tɪmbon
timbre	timbɾɛ
timbulan	tɪmbulɐn
timbulog	tɪmbulog
timbulog	tɪmbʊlog
timig	timɪg
timog	timog
timong	tɪmoŋ
timor	timoɾ
timos	timos
timoteo	tɪmotɛo
timpalak	tɪmpɐlak
timpi	tempi
timpi	tɪmpiʔ
timpla	tɪmpla
timsim	tɪmsim
timuro	tɪmuɾoʔ
tin	tin
tinag	tinɐg
tinag	tɪnag
tinalaban	tɪnɐlɐban
tinalunan	tɪnɐlʊnan
tinamaan	tɪnɐmaʔɐn
tinapa	kinapa
tinapa	ti˥˩napa
tinapa	tɪnapɐ
tinapa	tɪnɐpa
tinapay	ti˥˩na˥˩paj
tinapay	tɪnapaɪ̯
tinapon	ti˦˥naː˧pɔn˧
tinatalunan	tɪnɐtɐlʊnan
tinatangi	ti˥˩natani˥˩
tinaw	tinaʊ̯
tinaw	tɪnaʊ̯
tinda	tindɐ
tinda	tɪnda
tindahan	tɪndahɐn
tindak	tɪndak
tindalo	tɪndaloʔ
tindalo	tɪndɐlo
tindera	tɪndɛɾɐ
tindero	tɪndɛɾo
tindi	tɪndi
tindig	tiːmd̪iːk
tindig	tɪndig
tindoc	tɪndok
tinedyer	tɪnɛdʒɛɾ
tineg	tineg
ting	tiŋ
tinga	tɪŋa
tingala	tɪŋɐlaʔ
tingalaan	tiŋɐlaʔɐn
tingalaan	tɪŋɐlɐʔan
tingga	tɪŋgaʔ
tinggil	tɪŋgil
tinghoy	tɪŋhoɪ̯
tingi	tɪŋi
tingi	tɪŋiʔ
tingid	tɪŋid
tingin	tɪŋin
tingirin	tiŋiɾɪn
tingirin	tɪŋɪɾin
tingka	tɪŋkaʔ
tingkad	teŋkadɨ
tingkad	tɪŋkad
tingkayad	tɪŋkɐjad
tingnan	tiŋ˨˦nán˧
tingnan	tiŋ˨˩nnan˥˩
tingnan	tɪŋnan
tingni	tɪŋni
tingting	tĩŋ˨˩tiŋ˨˩
tingting	tɪntiŋ
tinidor	tɪnɪdoɾ
tinig	tinɪg
tinik	ti˥˩n˧kʰ
tinik	tɪnik
tinikling	tiniklin
tinikling	tɪnɪkliŋ
tiningalaan	tɪnɪŋɐlɐʔan
tinio	tiɲo
tinip	tɪnip
tinis	tɪnis
tinitingalaan	tɪnɪtɪŋɐlɐʔan
tinloy	tɪnloɪ̯
tinola	tɪnolɐ
tinola	tʃinola
tinta	tintɐ
tinta	tɪnta
tintero	tɪntɛɾo
tinuklas	tɛnuklas
tinungo	tinunko
tiongco	tʃoŋko
tiongson	tʃonson
tiozon	tʃoson
tip	tip
tipak	tipˈak
tipak	tɪpak
tipaklong	tɪpɐkloŋ
tipan	tɪpan
tipano	tipɐno
tipid	tipˈin
tipid	tɪpid
tipik	tɪpik
tiplag	tɪplag
tiplas	tɪplas
tiple	tiplɛ
tipo	tipo
tipo	tipoʔ
tipo	tɪpoʔ
tipon	tipon
tipon	tɪpon
tipunin	tipːoːnˈin
tipuno	tɪpunoʔ
tira	tiɾɐ
tira	tɪɾa
tirabuson	tɪɾɐbʊson
tirada	tɪɾadɐ
tirador	tɪɾɐdoɾ
tirahan	tiɾahɐn
tirahan	tɪɾahɐn
tirahan	tɪɾɐhan
tirak	tɪɾak
tiramisu	tɪɾɐmɪsu
tiraniya	tɪɾaɲɐ
tiraniya	tɪɾɐniɐ
tirik	tiɾɪk
tirik	tɪɾik
tirintas	tɪɾɪntas
tiririt	tɪɾɪɾit
tiris	tɪɾis
tirisin	tirisˈin
tirona	tɪɾonɐ
tirong	tɪɾoŋ
tirya	tiɾjɐ
tisa	tisɐ
tisa	tisɐʔ
tisay	tɪsaɪ̯
tisod	tisod
tisod	tɪsod
tisoy	tɪsoɪ̯
tistis	tɪstis
tisyu	tiʃʊ
tita	pita
tita	titɐ
titay	ti˥˩tai˥˩
tite	titɛʔ
titi	titɪ
titi	ti˥˩ti˥˩
titig	titɪg
titig	tiːtɪŋ
titik	litik
titik	titɪk
titil	titɪl
titingala	tɪtɪŋɐlaʔ
titingalaan	tɪtɪŋɐlɐʔan
titingnan	ti˥˩tɪŋ˨˩˦nan˥˩
titis	titɪs
titis	tɪtis
titisan	tɪtisɐn
titisan	tɪtɪsan
tito	tito
tito	titoʔ
titser	titsɛr
titser	titʃɛɾ
titulo	titolo
titulo	titʊlo
tiwa	tiwɐ
tiwa	tiwɐʔ
tiwakal	tɪwɐxal
tiwal	tiwɐl
tiwala	tɪwalɐʔ
tiwalag	tɪwɐlag
tiwali	tiwalji
tiwali	tɪwɐliʔ
tiwangwang	tɪwɐŋwaŋ
tiwas	tɪwas
tiwasan	tiwasɐn
tiwasay	tɪwasaɪ̯
tiwasay	tɪwɐsaɪ̯
tiya	tiɐ
tiyaga	tjaga
tiyak	tijˈak
tiyan	tʃan
tiyanak	tʃanɐk
tiyang	tʃaŋ
tiyempuhan	tʃɛmpuhɐn
tiyempuhan	tʃɛmpʊhɐn
tiyo	tio
tiyo	tʃo
tiyobibo	tʃobibo
tiyope	tʃopɛʔ
to	to
tobalats	tobɐlats
tocino	tɛsino
todas	todɐs
todo	todo
toge	toge
toge	toɣɛ
togo	toɣo
togonon	toɣonon
toka	toxɐ
tokador	toxɐdoɾ
tokaya	toxajɐ
tokayo	toxajo
tokneneng	toknɛnɛŋ
tokwa	tokwɐ
tol	tol
tol	t̪oːl
tolda	toldɐ
tolda	tɔlda
tolentino	tolɛntino
tolerable	tolɛɾablɛ
tolerante	tolɛɾantɛ
tolome	tolomɛ
toma	tomɐ
toma	tomɐʔ
tomador	tomɐdoɾ
tomas	tomas
tomasino	tomasino
tomboy	tomboɪ̯
tomguts	tomgʊts
tomiko	tomixo
tomo	tomo
tomoko	tomoxo
tondo	dˌondˌo
tondo	tondo
tonelada	tonɛladɐ
tonelada	tɔnɛlada
tong	toŋ
tongpats	tompɐts
toniko	tonɪxo
tono	tono
tonsura	tonsuɾɐ
tonta	tontɐ
tonto	tonto
tonying	toɲiŋ
tonyo	toɲo
topacio	topaʃo
topak	topa
topak	topɐk
topasyo	topaʃo
topograpiya	topogɾɐpiɐ
tordo	toɾdo
tore	toɾɛ
torete	toɾɛtɛ
tornabiyahe	toɾnɐbjahɛ
torneo	toɾnɛo
tornilyo	toɾniljo
torotot	toɾotot
torpe	toɾpɛ
torrecampo	toɾɛxampo
torres	toɾɛs
torta	toɾtɐ
tosino	tosino
tosta	tosta
tostado	tostado
total	total
total	tʊtal
totanes	totanɛs
toto	toto
totoo	tatao
totoo	tataɔ
totoo	totoʔo
totoong	totoŋ
totoy	totoj
totoy	totoɪ̯
toyo	tojo
toyo	tojoʔ
toyomansi	tojomɐnsiʔ
trabahador	tɾɐbɐhɐdoɾ
trabahadora	tɾɐbɐhɐdoɾɐ
trabaho	tɾɐbaho
trabyesa	tɾɐbjɛsɐ
tradisyon	tɾɐdɪʃon
tradisyonal	tɾɐdɪʃonal
trahe	tɾahɛ
trahedya	tɾɐhɛdʒɐ
traidor	tɾaɪ̯doɾ
trak	tɾak
trambiya	tɾɐmbiɐ
trambiya	tɾɐmbja
trangia	tɾandʒɐ
trangia	tɾɐŋgiɐ
trangkaso	tɾɐŋkaso
transaksiyon	tɾɐnsɐkʃon
translacion	tɾɐnslɐʃon
translasyon	tɾɐnslɐʃon
transmisyon	tɾɐnsmɪʃon
transpormasyon	tɾɐnspoɾmɐʃon
transportasyon	tɾanspoɾtaasjon
transportasyon	tɾɐnspoɾtɐʃon
transporte	tɾɐnspoɾtɛ
trapik	tɾapɪk
trapikante	tɾɐpɪxantɛ
trapiko	tɾapɪxo
trapiko	tˈrapiko
trapo	tɾapo
traqueña	tɾɐxɛɲɐ
traslasyon	tɾɐslɐʃon
tratado	tɾɐtado
trato	tɾato
trawma	tɾaʊ̯mɐ
trawma	tɾomɐ
traydor	tɾaɪ̯doɾ
traysikel	tɾaɪ̯sɪxɛl
trece	tɾɛsɛ
tren	tɾɛn
trenta	tɾɛntɐ
tres	tɾes
tres	tɾɛs
trese	tɾɛsɛ
tresyentos	tɾɛʃɛntos
treynta	tɾɛntɐ
treynta	tɾɛɪ̯ntɐ
tria	tɾiɐ
tribo	tɾibo
tribu	tɾibʊ
tribunal	tɾɪbʊnal
tributaryo	tɾɪbʊtaɾjo
tributo	tɾɪbuto
triduo	tɾidʊʔo
tridwo	tɾidwo
trigo	tɾiɣo
trigonometriya	tɾɪɣonomɛtɾiɐ
triguhan	tɾɪɣuhɐn
trillanes	tɾɪljanɛs
trilohiya	tɾɪlohiɐ
trilyon	tɾiljon
trilyon	tɾɪljon
trinidad	tɾɪnɪdad
trining	tɾinɪŋ
trintas	tɾɪntas
trip	tɾip
trisiklo	tɾɪsiklo
triviño	tɾɪviɲo
triyanggulo	tɾjaŋgʊlo
trombon	tɾombon
trompeta	tɾompɛtɐ
trono	tɾono
tropa	tɾopɐ
tropatuts	tɾopɐtuts
tropiko	tropiko
troso	tɾoso
trosohan	tɾosohan
trumpo	tɾʊmpo
trumpo	tʊɾʊmpo
tsaa	tʃaːm
tsaa	tʃɐʔa
tsabita	tʃɐbitɐ
tsaka	tsɐxaʔ
tsaketa	tʃɐxɛtɐ
tsamba	tʃambɐ
tsami	tʃamɪ
tsampoy	tʃɐmpoɪ̯
tsampurado	tʃɐmpʊɾado
tsang	tʃaŋ
tsansa	tʃansɐ
tsapa	tʃapɐ
tsapsuy	tʃɐpsuɪ̯
tsasis	tʃasɪs
tsatsa	tʃatʃɐ
tsawmin	tʃaʊ̯min
tse	tsɛ
tseke	tʃɛxɛ
tseko	tʃɛxo
tsekoslobakya	tʃɛxoslobakjɐ
tsekot	tʃik˦ut˦
tsekwa	tʃɛkwɐ
tsempedak	tʃɛmpɛdɐk
tsetseburetse	tʃɛtʃɛbʊɾɛtʃɛ
tsibog	tʃɪbog
tsika	tʃixɐ
tsikinini	tʃɪxɪninɪʔ
tsikiting	tʃɪxɪtiŋ
tsiklet	tʃiklɛt
tsiko	tʃixo
tsikot	tʃɪxot
tsiminea	tʃɪmɪnɛɐ
tsina	tʃina
tsinelas	tʃɪnɛlɐs
tsinito	tʃɪnito
tsino	tʃino
tsinoy	tʃɪnoɪ̯
tsinugi	tʃinugˈi
tsipre	tʃipɾɛ
tsireta	tʃɪɾɛtɐ
tsismis	tʃismɪs
tsismis	tʃɪsmis
tsismosa	tʃɪsmosɐ
tsismoso	tʃɪsmoso
tsitsaron	tʃɪtʃɐɾon
tsitsirya	tʃɪtʃiɾjɐ
tso	tʃo
tsok	tʃok
tsokaran	tʃoxaɾɐn
tsokolate	tʃoxolatɛ
tsong	tʃoŋ
tsonggo	tʃoŋgo
tsongki	tʃoŋkɪʔ
tsotso	tʃotʃoʔ
tsubibo	tʃʊbibo
tsuleta	tʃʊlɛtɐ
tsumaka	tʃʊmaxɐ
tsumibog	tʃʊmɪbog
tsunami	tsʊnamɪ
tsunami	tʃʊnamɪ
tsupa	tʃʊpaʔ
tuason	twason
tuazon	twason
tuba	tubɐ
tuba	tʊbaʔ
tubal	tubɐl
tubay	tubaj
tuberkulosis	tʊbɛɾkʊlosɪs
tubero	tʊbɛɾo
tubig	tubɛg
tubig	tubɪg
tubig	tʊbig
tubig	tʊbɛg
tubigan	tʊbiɣɐn
tubigan	tʊbɪɣan
tubigbilos	tʊbɪgbilos
tubo	tubo
tubo	tʊbo
tubo	tʊboʔ
tubog	tʊbog
tubos	tʊbos
tubuhan	tʊbʊhan
tubusin	tʊbʊsin
tudla	tʊdlaʔ
tudlang	tʊdlaŋ
tudlik	tʊdlik
tudyo	tʊdʒo
tuga	tʊɣa
tuga	tʊɣaʔ
tugade	tʊɣadɛ
tugak	tʊɣak
tugatog	tʊɣatog
tugaygayan	to̞gajgajãːn
tugda	tʊgdaʔ
tugday	tʊgdaɪ̯
tugis	tuɣɪs
tugno	tʊgnoʔ
tugon	tʊɣon
tugoy	tuɣoɪ̯
tugtog	tʊgtog
tugtugin	tʊgtuɣɪn
tugtugin	tʊgtʊɣin
tuguegarao	tʊɣɛɣɐɾaʊ̯
tuguysipat	tʊɣʊɪ̯sipɐt
tugya	tʊgjaʔ
tuhak	tʊhak
tuhod	tuhod
tuhog	tuhog
tuhog	tʊhog
tuka	tuxɐ
tuka	tʊxaʔ
tukador	tʊxɐdoɾ
tukaki	tʊxaxɪʔ
tukaki	tʊxɐxiʔ
tukang	tʊxaŋ
tukarol	tʊxɐɾol
tukayo	tʊxajo
tukil	tuxɪl
tuklap	tʊklap
tuklas	tʊklas
tuklaw	tʊklaʊ̯
tuklawin	tʊklɐwin
tuklong	tʊkloŋ
tukmol	tʊkmol
tuko	tʊ̞kɔ
tukod	tuxod
tukong	tuxoŋ
tukong	tʊxoŋ
tukoy	tukoi
tukoy	tuxoɪ̯
tukoy	tʊxoɪ̯
tukso	tʊkso
tuktok	toktok
tuktok	tʊktok
tukuyin	tuqujɪ̞n
tula	tulɐ
tula	tʊla
tula	tʊlaʔ
tulad	tulɐd
tulad	tuːlad
tulag	tʊlag
tulaga	tʊlɐɣaʔ
tulak	tulɐk
tulakbahala	tulɐkbɐhalɐʔ
tulakin	tʰo̞laːkjn
tulakis	tʊlaxɪs
tulakis	tʊlɐxis
tulala	tʊlalɐʔ
tulala	tʊlɐlaʔ
tulali	tʊlalɪ
tulali	tʊlɐli
tulanasan	tʊlɐnasɐn
tulas	tulɐs
tulasok	tʊlɐsok
tulatod	tʊlatod
tulatod	tʊlɐtod
tulay	tʊlaɪ̯
tulay	t̪o̞lai̯
tuldik	tʊldik
tuldok	tʊldok
tuli	tulɪʔ
tulig	tʊlig
tuligsa	tʊlɪgsaʔ
tulik	tʊlik
tulikan	tʊlɪxan
tulin	tulɪn
tulingag	tʊlɪŋag
tulingan	tʊliŋɐn
tuliro	tʊlɪɾo
tulis	tulɪs
tulis	tʊlis
tulisan	tʊlisɐn
tulisan	tʊlɪsan
tulisanes	tʊlɪsanɛs
tullao	tʊljaʊ̯
tulo	tuloʔ
tulod	tulod
tulog	tulog
tulog	tʊlog
tulog	tʊluːg
tulok	tʊlok
tulong	tuloŋ
tulong	tulõŋ
tulos	tulos
tulot	tulot
tuloy	tuloɪ̯
tuloy	tʊloɪ̯
tulungan	tuluŋan
tulungan	tʊluŋɐn
tulungan	tʊlʊŋan
tuluyan	tuluːjɔn
tuma	tumɐ
tumaba	tʊmɐbaʔ
tumabi	tʊmɛbi
tumacder	tʊmakdɛɾ
tumae	tʊmaʔɛ
tumahimik	tʊmɐhimɪk
tumakbo	tʊmɐkbo
tumal	tumɐl
tumalab	tʊmɐlab
tumalima	tʊmɐlimɐ
tumalo	tumalo
tumalon	tomlon
tumalon	tʊmɐlon
tumambling	tʊmamblɪŋ
tumanda	tʊmɐndaʔ
tumanggap	tʊmɐŋgap
tumanggi	tʊmɐŋgi
tumanggong	tʊmaŋgoŋ
tumangis	tʊmaŋɪs
tumangkad	tʊmɐŋkad
tumanog	tʊmanog
tumapat	tʊmɐpat
tumataas	tumatas
tumawa	tʊmawɐ
tumawad	tʊmawɐd
tumawag	tuːmaːvag
tumawag	tʊmawɐg
tumayo	tʊmɐjoʔ
tumbado	tʊmbado
tumbaga	tʊmbaɣɐ
tumbalik	tʊmbɐlik
tumbas	tʊmbas
tumbasan	tʊmbasɐn
tumbasan	tʊmbɐsan
tumbok	tʊmbok
tumbong	tʊmboŋ
tumila	tʊmila
tumilaok	tʊmilaːaːk
tumili	tʊmɪliʔ
tumimos	tʊmimos
tumingala	tʊmɪŋɐlaʔ
tumingin	tʊmɪŋin
tumira	tʊmiɾɐ
tumira	tʊmɪɾa
tumirik	tʊmiɾɪk
tumitingala	tʊmɪtɪŋɐlaʔ
tumiwalag	tʊmɪwɐlag
tumoma	tʊmomɐ
tumoma	tʊmomɐʔ
tumor	tʊmoɾ
tumpa	tʊmpa
tumpak	tʊmpak
tumpang	tʊmpaŋ
tumpok	tumpɔk
tumpok	tʊmpok
tumugis	tʊmuɣɪs
tumugtog	tʊmʊgtog
tumukso	tʊmʊkso
tumula	tʊmʊlaʔ
tumulac	tʊmulɐk
tumulong	tʊmuloŋ
tuna	tunɐ
tuna	tʊnaʔ
tunaisa	tʊnɐʔɪsa
tunasan	tʊnɐsan
tunaw	tunaʊ̯
tunaw	tuːnˈauː
tunaw	tʊnaʊ̯
tunawin	tʊnawɪn
tunay	tunaj
tunay	tunaɪ̯
tundok	tʊndok
tunes	tunɛs
tung	tuŋ
tungag	tʊŋag
tungapik	tʊŋapɪk
tungaw	tʊŋaʊ̯
tungayaw	tʊŋajaʊ̯
tungga	tʊŋgaʔ
tunggak	tʊŋgak
tunggali	tʊŋgalɪʔ
tunggali	tʊŋgɐliʔ
tunggo	tʊŋgo
tunghay	tʊŋhaɪ̯
tungkab	tʊŋkab
tungki	tʊŋkiʔ
tungko	tʊŋkoʔ
tungkod	tomkod
tungkod	tʊŋkod
tungkol	tʊŋkol
tungkos	tʊŋkos
tungkulin	tʊŋkulɪn
tungkulin	tʊŋkʊlin
tungo	tuŋo
tungo	tuŋoʔ
tungo	tʊŋo
tungod	tuŋod
tungod	tʊŋod
tunog	tʊnog
tunton	tuntun
tunton	tʊnton
tuntong	tʊntoŋ
tuntunin	tuntunim
tuntunin	tuntunin
tunugan	tunuɣɐn
tunugan	tʊnʊɣan
tuon	tʊʔon
tuos	tuʔos
tuos	tʊʔos
tupa	tupɐ
tupad	tʊpad
tupada	tʊpadɐ
tupak	tupɐk
tupak	tʊpak
tupas	tupɐs
tupe	tʊpɛ
tupi	tʊpi
tupi	tʊpiʔ
tupok	tupo
tupok	tupok
tupok	tʊpok
turalba	tʊɾalbɐ
turan	tuɾɐn
turing	tuɾɪŋ
turismo	tʊɾismo
turista	tʊɾistɐ
turkesa	tʊɾkɛsɐ
turkiya	tʊɾkiɐ
turkmenistan	tʊɹkmɛnɪstan
turkmenistan	tʊɹkmɛnɪstɐn
turko	tuɾko
turnilyo	tʊɾniljo
turo	tuɾoʔ
turo	tʊɾo
turok	tuɾok
turok	tˈuːɾo
turon	tuɾuːn
turon	tʊɾon
turong	tuɾoŋ
turoso	tʊɾoso
turukin	tuɾokini
turumpo	tʊɾʊmpo
tusak	tusɐk
tuso	tuso
tusok	tusok
tustos	tʊstos
tusukan	tʊsʊqan
tuta	tuta
tuta	tutɐʔ
tuto	tuto
tutok	tutok
tutol	tutol
tutol	tʊtol
tutong	tʊtoŋ
tutos	tutos
tutsang	tutʃɐŋ
tutubi	toːtoːbi
tutubi	tʊtʊbi
tutuldok	tʊtʊldok
tutuli	tʊtʊli
tuwa	tuɐʔ
tuwa	twaʔ
tuwabak	twabɐk
tuwad	tuɐd
tuwad	twad
tuwalya	twaljɐ
tuwang	twaŋ
tuway	twaɪ̯
tuwerka	twɛɾkɐ
tuwi	twiʔ
tuwid	twid
tuwina	twinɐ
tuwing	twiŋ
tuy	tuɪ̯
tuya	tujɐʔ
tuya	tuːjaː
tuya	tʊja
tuyain	tʊjɐʔin
tuyo	tojo
tuyo	tujo
tuyong	tujoŋ
tuyot	tuiod
tuyot	tʊjot
tuyuin	tʊjʊʔin
ty	tɪ
tyan	tʃaːm
tyane	tjanɛ
tyane	tʃanɛ
táo	tao
tíisin	ti˩˥ːsi˥˩n
u	ʊ
uad	ʔʊʔad
ubalde	ʔʊbaldɛ
uban	ˈuban
ubas	ʔubɐs
ubas	ʔʊbas
ubasan	ʔʊbɐsan
ubaya	ʔʊbajɐ
ubaya	ʔʊbajɐʔ
ube	ʔubɛ
ubo	ubo
ubo	ʔʊbo
ubos	oβos
ubos	ʔʊbos
ubra	ʔubɾɐ
ubra	ʔʊbɾa
udlot	udlot
udong	ʔudoŋ
udoy	ʔʊdoɪ̯
udyok	ʔʊdʒok
udyong	ʔʊdʒoŋ
udyukan	ʔʊdʒʊxan
uga	ʔʊɣaʔ
ugak	ʔʊɣak
ugali	ʔʊɣalɪʔ
uganda	ʔʊɣandɐ
ugat	ugatʃ
ugat	ʔʊɣat
ugaw	ʔʊɣaʊ̯
ugma	ʔʊgmaʔ
ugnay	ʔʊgnaɪ̯
ugnayan	ʔʊgnajɐn
ugnayan	ʔʊgnɐjan
ugnaypaa	ʔʊgnaɪ̯pɐʔa
ugod	ʔʊɣod
ugoy	ʔuɣoɪ̯
ugoy	ʔʊɣoɪ̯
uha	ʔʊhaʔ
uhaw	ʔʊhaʊ̯
uhay	ʔuhaɪ̯
uhog	ʔʊhog
uka	ʔʊxaʔ
ukab	ʔʊxab
ukay	ʔuxaɪ̯
ukit	ʔuxɪt
ukranya	ʔʊkɾaɲɐ
ulag	ʔulɐg
ulahipan	ʔʊlɐhipɐn
ulak	ʔʊlak
ulakan	ʔʊlaxɐn
ulakan	ʔʊlɐxan
ulalo	ʔʊlalo
ulalo	ʔʊlaloʔ
ulam	ulam
ulam	ʔulɐm
ulan	ulan
ulan	ʔʊlan
ulang	ʔʊlaŋ
ulap	kulap
ulapot	ʔʊlapot
ulat	ulat
ulat	ʔulɐt
ulay	ʔulaɪ̯
ulay	ʔʊlaɪ̯
ulayaw	ʔʊlajaʊ̯
ulbo	ʔʊlboʔ
ulep	ʔuləp
uli	ʔulɪ
ulianin	ʔʊljanɪn
ulianin	ʔʊlɪʔanɪn
ulikba	ʔʊlɪkbaʔ
ulila	ulila
ulila	ʔʊlilɐ
ulila	ʔʊlilɐʔ
uliran	uliran
ulit	ulɛt
ulit	ʔʊlit
ulit	ʔʊlɛt
ulitin	kuliːtin
uliuli	ʔʊlɪʔulɪ
uliyanin	ʔʊljanɪn
ulnong	ʔʊlnoŋ
ulnuagamahin	ʔʊlnʊʔɐɣɐmahɪn
ulnuagimatin	ʔʊlnʊʔɐɣɪmatɪn
ulnubanwahin	ʔʊlnʊbɐnwahɪn
ulnukalnangin	ʔʊlnʊxɐlnɐŋin
ulnungkuro	ʔʊlnʊŋkuɾoʔ
ulo	ʔulo
ulohati	ʔʊlohatɪʔ
ulok	ʔulok
ulok	ʔʊlok
ulol	ulɔl
ulol	ʔulol
ulol	ʔʊlol
ulon	ʔʊlon
ulop	ʔulop
ulul	ɔlʊl
ulunan	ʔʊlʊnan
ulupong	ʔʊlupoŋ
ulupong	ʔʊlʊpoŋ
ulyabid	ʔʊljabɪd
ulyanin	ʔʊljanɪn
ulyaw	ʔʊljaʊ̯
uma	ʔʊma
umaa	ʔʊmaʔɐʔ
umaa	ʔʊmɐʔaʔ
umaaa	ʔʊmɐʔɐʔaʔ
umaaga	umaaga
umaagos	umagos
umaakyat	ʔʊmɐʔɐkjat
umaapaw	ʔʊmɐʔapaʊ̯
umabante	umabante
umabay	ʔʊmabaɪ̯
umabay	ʔʊmɐbaɪ̯
umabyad	ʔʊmɐbjad
umaga	ʔʊmaɣɐ
umagahas	ʔʊmɐɣahɐs
umagahas	ʔʊmɐɣɐhas
umagnas	ʔʊmɐgnas
umagos	umagos
umakyat	ʔʊmɐkjat
umali	ʔʊmalɪ
umalimbukay	ɔmalimˈbʊxaj
umalingawngaw	ʔʊmɐlɪŋaʊ̯ŋaʊ̯
umalis	ʔʊmɐlis
umalog	ʔʊmɐlog
umambag	umamβ̞ag
umambon	ʔʊmɐmbon
umamin	umamin
umandar	ʔʊmɐndaɾ
umang	ʔumɐŋ
umano	ʔʊmɐno
umanta	ʔʊmɐnta
umantabay	ʔʊmɐntabaɪ̯
umapaw	umapau
umapaw	ʔʊmapaʊ̯
umaraw	ʔʊmaɾaʊ̯
umasa	ʔʊmasɐ
umasim	ʔʊmasɪm
umasinta	ʔʊmɐsɪnta
umat	ʔumɐt
umatsoy	ʔʊmɐtʃoɪ̯
umaum	ʔʊmaʔʊm
umawat	ʔʊmawɐt
umawit	umai̯t
umawit	ʔʊmawɪt
umay	ʔʊmaɪ̯
umayos	ʔʊmajos
umbok	ʔʊmbok
umboy	unboj
umebak	ʔʊmɛbɐk
umento	ʔʊmɛnto
umepal	ʔʊmɛpɐl
umibig	ʔʊmibɪg
umid	ʔʊmid
umihi	uːmiːh
umihi	ʔʊmihɪʔ
umiibig	ʔʊmɪʔibɪg
umiidlip	umii̯ɪ̞dˈlɪp
umiinom	ʔʊmɪʔɪnom
umiintindi	ʔʊmɪʔɪntɪndi
umikot	umiko̞t
umikot	ʔʊmixot
umiling	ʔʊmɪliŋ
umimik	ʔʊmɪmik
umingay	ʔʊmiŋaɪ̯
umintindi	ʔʊmɪntɪndi
umis	ʔumɪs
umiskor	ʔʊmɪskoɾ
umisod	ʔʊmisod
umiwas	umiwas
umiwas	ʔʊmiwɐs
umiyak	ʔʊmjak
umobliga	umobliga
umog	ʔumog
umopo	ʔʊmopoʔ
umpisa	umpisad
umpisa	ʔʊmpɪsa
umpisahan	ʔʊmpɪsɐhan
umpok	ʔʊmpok
umubo	ʔʊmʊbo
umubos	umubos
umuha	ʔʊmʊhaʔ
umulan	omolan
umulan	ʔʊmʊlan
umulit	omulɪ
umulit	ʔʊmulɪt
umunlad	ʔʊmʊnlad
umupo	ʔʊmupoʔ
umupo	ʔʊmʊpoʔ
umupô	umupo
umurong	ʔʊmuɾoŋ
umusbong	ʔʊmʊsboŋ
umutot	ʔʊmʊtot
umuwi	umuːjiː
umuwi	ʔʊmuɪʔ
umuwi	ʔʊmwiʔ
una	ʔunɐ
una	ˈuna
unaba	ʔʊnabɐ
unan	unan
unan	ʔunɐn
unano	ʔʊnano
unano	ʔʊnanoʔ
unat	ʔunɐt
unat	ʔʊnat
unawa	ʔʊnawɐʔ
unawa	ʔʊnɐwaʔ
unda	ʔʊndaʔ
undas	ʔʊndas
ungag	ʔʊŋag
ungal	ʔuŋɐl
ungas	ʔʊŋas
unggarya	unɣ̞aɾja
unggarya	ʔʊŋgaɾjɐ
unggi	ʔʊŋgiʔ
unggo	ʔʊŋgoʔ
unggoy	ʔʊŋgoɪ̯
ungi	ʔuŋɪʔ
ungi	ʔʊŋiʔ
ungkat	ʔʊŋkat
ungkatin	ʔʊŋkɐtin
ungol	ʔuŋol
ungos	ʔʊŋos
ungot	ʔʊŋot
ungriya	ʔʊŋgɾiɐ
unibersidad	ʔʊnɪbɛɾsɪdad
uniberso	ʔʊnɪbɛɾso
unipormado	ʔʊnɪpoɾmado
uniporme	ʔʊnɪpoɾmɛ
unlad	ʔʊnlad
unlak	ʔʊnlak
unlapi	unlapi
unlapi	ʔʊnlapɪʔ
unlar	ʔʊnlaɾ
uno	ʔʊno
uno	ˈuno
unos	ʔʊnos
unras	ʔʊnɾas
unsik	ʔʊnsik
unson	ʔunson
untalan	ʔʊntɐlan
unti	ʔʊntiʔ
unti	ʔʊntɛʔ
untipuno	ʔʊntɪpunoʔ
untipunuan	ʔʊntɪpʊnuʔɐn
untog	ʔʊntog
untos	ʔʊntos
unyonista	ʔʊɲonistɐ
uom	ʔʊʔom
upa	ʔupɐ
upahan	ʔʊpahɐn
upahan	ʔʊpɐhan
upak	opaq
upak	ʔupɐk
upakan	ʔʊpaxɐn
upan	ʔupɐn
upan	ʔʊpan
upang	u˥˩pɑŋ˥˥
upas	ʔupɐs
upas	ʔʊpas
upasala	ʔʊpɐsalɐʔ
upat	ʔʊpat
upaw	ʔʊpaʊ̯
upo	ʔupo
upo	ʔupoʔ
upo	ʔʊpoʔ
upod	ʔʊpod
upong	ʔupoŋ
upong	ʔʊpoŋ
upos	ʔʊpos
upuan	ʔʊpuʔɐn
urali	ʔʊɾalɪʔ
urang	ʔuɾɐŋ
urano	ʔʊɾano
uranyo	ʔʊɾaɲo
urat	ʔʊɾat
uri	ori
uri	ʔuɾɪʔ
uriarte	ʔʊɾjaɾtɛ
urira	ʔʊɾiɾɐʔ
urong	ʔuɾoŋ
urong	ʔʊɾoŋ
uroy	ʔʊɾoɪ̯
ursua	ʔʊɾsuɐ
ursula	ʔuɾsʊlɐ
urugway	ʔʊɾʊgwaɪ̯
usad	ʔʊsad
usal	ʔʊsal
usang	ʔusɐŋ
usap	usap
usap	ʔusɐp
usapan	ʔusapɐn
usapin	wsɛpjn
usapin	ʔʊsapɪn
usapin	ʔʊsɐpin
usbing	ʔʊsbiŋ
usbong	ʔʊsboŋ
usig	ʔusɪg
usigin	ʔʊsiɣɪn
usisa	ʔʊsisɐʔ
usisain	ʔʊsɪsaʔɪn
usisera	ʔʊsɪsɛɾɐ
usisero	ʔʊsɪsɛɾo
uslak	ʔʊslak
usman	ʔʊsman
usngal	ʔʊsŋal
uso	ʔuso
uso	ʔʊsoʔ
usod	ʔusod
usog	usʊ̞g
usog	ʔusog
usog	ʔʊsog
usok	usof
usok	usok
usong	ʔusoŋ
ususan	ʔʊsusɐn
usyoso	ʔʊʃoso
utak	ʔutɐk
utak-biya	ut̪akbiˈja
utal	ʔutɐl
utal	ʔʊtal
utas	ɔtas
utas	ʔʊtas
utaw	ʔʊtaʊ̯
utdo	ʔʊtdo
utilitarismo	ʔʊtɪlɪtɐɾismo
utilitaryanismo	ʔʊtɪlɪtɐɾjɐnismo
utilitaryo	ʔʊtɪlɪtaɾjo
utin	ʔutɪn
utitab	ʔʊtitɐb
uto	utˈɔ̃
uto	ʔʊtoʔ
utog	ʔutog
utol	ʔutol
utong	ʔʊtoŋ
utos	utos
utos	ʔʊtos
utot	ʔʊtot
utoy	ʔutoɪ̯
utusan	ʔʊtusɐn
utusan	ʔʊtʊsan
ututin	ʔututɪn
ututin	ʔʊtʊtin
uulan	ʔʊʔʊlan
uulitin	uulitin
uwak	uvak
uwak	ʔʊak
uwang	ʔʊaŋ
uwas	ʔuɐs
uwi	ʔuɪʔ
uwi	ʔʊiʔ
uwi	ʔʊɛʔ
uwian	ʔuiʔɐn
uwian	ʔʊɪʔan
uwido	ʔʊido
uy	ˈuɪ
uyad	ʔujɐd
uyam	ʔʊjam
uyaw	ʔujaʊ̯
uyog	ʔʊjog
uyom	ʔʊjom
uyot	ʔʊjot
v	v
v	vɛ
valderrama	bɐldɛɾamɐ
valderrama	vɐldɛɾamɐ
valdez	bɐldɛs
valdez	vɐldɛs
valencia	vɐlɛnʃɐ
valenzuela	vɐlɛnzwɛlɐ
valera	vɐlɛɾɐ
valle	valjɛ
vallesteros	bɐljɛstɛɾos
vallesteros	bɐlɛstɛɾos
vallesteros	vɐljɛstɛɾos
vallesteros	vɐlɛstɛɾos
valmores	bɐlmoɾɛs
valmores	vɐlmoɾɛs
van	van
vangie	bandʒɪ
vangie	vandʒɪ
varayti	vɐɾaɪ̯tɪ
vargas	baɾgɐs
vargas	vaɾgɐs
varias	vaɾjɐs
varona	bɐɾonɐ
varona	vɐɾonɐ
varyant	vaɾjɐnt
vasquez	vaskɛs
vaticano	vɐtɪxano
ve	bɛ
vecino	vɛsino
velante	vɛlantɛ
velarde	bɛlaɾdɛ
velarde	vɛlaɾdɛ
velasquez	bɛlaskɛs
velasquez	vɛlaskɛs
velayo	bɛlajo
velayo	vɛlajo
velez	vɛlɛs
veloria	bɛloɾjɐ
veloria	vɛloɾjɐ
veloso	vɛloso
veluz	vɛlʊs
venancio	vɛnanʃo
vendo	bɛndo
vendo	vɛndo
venturaza	bɛntʊɾasɐ
venturaza	vɛntʊɾazɐ
venturina	bɛntʊɾinɐ
venus	vinʊs
vera	bɛɾɐ
vera	vɛɾɐ
verano	vɛɾano
verceles	bɛɾsɛlɛs
verceles	vɛɾsɛlɛs
vergara	bɛɾgaɾɐ
vergara	vɛɾgaɾɐ
veronica	vɛɾonɪxɐ
versoza	vɛɾsozɐ
vi	bɪ
vi	vɪ
viceral	bɪsɛɾal
victorias	biktorias
vidanes	bɪdanɛs
vidanes	vɪdanɛs
viernes	bjɛɾnɛs
viernes	vjɛɾnɛs
vigan	viɣɐn
villablanca	vɪljɐblaŋkɐ
villacarlos	vɪljɐxaɾlos
villacorta	vɪljɐxoɾtɐ
villaester	vɪljɐʔɛstɛɾ
villafranca	bɪljɐpɾaŋkɐ
villafranca	vɪljɐfɾaŋkɐ
villafuerte	bɪljɐpwɛɾtɛ
villafuerte	vɪljɐfwɛɾtɛ
villagracia	vɪljɐgɾaʃɐ
villalobos	vɪljɐlobos
villamater	vɪljɐmɐtɛɾ
villamayor	bɪljɐmɐjoɾ
villamayor	vɪljɐmɐjoɾ
villamil	bɪljɐmil
villamil	vɪljɐmil
villamin	biljɐmin
villamin	viljɐmin
villamor	viljɐmoɾ
villamor	vɪljɐmoɾ
villanueva	vɪljɐnwɛvɐ
villapando	vɪljɐpando
villar	bɪljaɾ
villar	vɪljaɾ
villarama	bɪljɐɾamɐ
villarama	vɪljɐɾamɐ
villareal	bɪljɐɾɛal
villareal	vɪljɐɾɛal
villarino	bɪljɐɾino
villarino	vɪljɐɾino
villarosa	vɪljɐɾosɐ
villaruz	vɪljɐɾus
villaseñor	bɪljɐsɛɲoɾ
villaseñor	vɪljɐsɛɲoɾ
villasin	bɪljɐsin
villasin	vɪljɐsin
villasis	bɪljasɪs
villasis	vɪljasɪs
villaverde	vɪljɐvɛɾdɛ
villavicencio	bɪljɐbɪsɛnʃo
villavicencio	vɪljɐvɪsɛnʃo
villegas	vɪljɛɣɐs
villena	bɪljɛnɐ
villena	vɪljɛnɐ
villones	bɪljonɛs
villones	vɪljonɛs
vinoya	vɪnojɐ
violago	bjolaɣo
violago	vjolaɣo
virata	bɪɾatɐ
virata	vɪɾatɐ
viray	bɪɾaɪ̯
viray	vɪɾaɪ̯
virgilio	vɪɾhiljo
virrey	bɪɾɛɪ̯
virrey	vɪɾɛɪ̯
virtucio	vɪɾtuʃo
virus	biɾʊs
virus	viɾʊs
visaya	vɪsajɐʔ
vitales	vɪtalɛs
vitalez	vɪtalɛs
vizcarra	bɪskaɾɐ
vizcarra	vɪskaɾɐ
vizconde	vɪskondɛ
viñas	viɲɐs
volante	bolantɛ
volante	volantɛ
w	doboljʊ
w	w
w	wɐ
wa	wɐ
waag	waʔɐg
waag	wɐʔag
waagan	wɐʔaɣɐn
waak	waʔɐk
waak	wɐʔak
waang	waʔɐŋ
wadwad	wɐdwad
wag	wag
wagas	wagas
wagayway	wɐɣaɪ̯waɪ̯
wagaywayan	wɐɣaɪ̯wajɐn
wagaywayan	wɐɣaɪ̯wɐjan
wagi	wɐɣi
wagi	wɐɣiʔ
wagiswis	wɐɣɪswis
waglit	wɐglit
wahoy	wahoɪ̯
wais	waɪ̯s
wais	waʔɪs
wais	waːs
wakas	wɐxas
wakasan	waqasaːn
waklas	wɐklas
wakwak	wakwɐk
wakwak	wɐkwak
wakya	wɐkjaʔ
wala	wala
wala	walɐʔ
wala	wɐlaʔ
walandyo	wɐlɐndʒo
walastik	walɐstɪk
walawad	wɐlawɐd
walawala	wɐlɐwalɐ
walawala	wɐlɐwalɐʔ
walay	walaɪ̯
waldas	wɐldas
walet	walɛt
waley	wɐlɛɪ̯
walidwid	wɐlɪdwid
waling	walɪŋ
walingwaling	walɪŋwalɪŋ
walis	walɪs
walis	wɐlis
walis	ɑlɪs
waliswis	wɐlɪswis
waliwali	walɪwalɪ
walna	wɐlnaʔ
walo	wɐlo
walongdaan	wɐlondɐʔan
waluhin	wɐlʊhin
walumpu	wɐlʊmpuʔ
walundaan	wɐlʊndɐʔan
walunlibo	wɐlʊnlibo
walwal	wɐlwal
walâ	walaː
wang	waŋ
wangis	waŋɪs
wangki	wɐŋkiʔ
wangwang	waŋwɐŋ
wangwang	wɐŋwaŋ
wani	wanɪ
wani	wɐni
wansoy	wɐnsoɪ̯
waray	waɾaɪ̯
wardi	waɾdɪ
wari	waɾɪ
wari	waɾɪʔ
warla	waɾlɐ
warlahin	waɾlɐhɪn
warren	waɾɛn
was	was
wasak	wasaːq
wasak	wasɐk
wasak	wɐsak
wasakin	wasakˈin
wasakin	wɐsaxɪn
wasakin	wɐsɐxin
wasiwas	wɐsiwɐs
wasto	wɐstoʔ
wastuin	wastuːin
watak	wɐtak
watashi	watɐʃɪ
wataw	wataʊ̯
watawat	wɐtawɐt
wating	wɐtiŋ
watusi	watusi
watusi	watusɪ
wawa	wɐwaʔ
webera	wɛbɛɾɐ
weder	wɛdɛɾ
welga	wɛlgɐ
welgista	wɛlgistɐ
wenggol	wɛŋgol
wenna	wɛnɐ
werpa	wɛɾpɐ
weste	wɛstɛ
wew	wɛʊ̯
wido	wido
wigwig	wɪgwig
wikain	wɪxɐʔin
wiklas	wɪklas
wiksiyonaryo	wɪkʃonaɾjo
wilig	wɪlig
wilik	wilɪk
wiliwid	wɪliwɪd
wiliwid	wɪlɪwid
william	wiljɐm
willie	wilɪ
wilson	wilson
windang	wɪndaŋ
wingkag	wɪŋkag
winnie	winɪ
winter	wintɛɾ
wis	wis
wisik	wɪsik
wisit	wisɪt
wisit	wɪsit
wiski	wiskɪ
wiswis	wɪswis
wisyo	wiʃo
witwit	wɪtwit
wiwi	wiwɪʔ
wu	wu
wuhan	wuhɐn
x	ks
x	ʔɛks
y	j
y	jɐ
ya	jɐ
yaang	jaʔɐŋ
yaang	jɐʔaŋ
yabag	jɐbag
yabag	jˈabag
yabang	jabang
yabang	jabɐŋ
yabangan	jɐbaŋɐn
yabangan	jɐbɐŋan
yabat	jabɐt
yabat	jɐbat
yabatan	jɐbatɐn
yabes	jabɛs
yabo	jɐbo
yabong	jaboŋ
yabut	jabʊt
yabyab	jɐbjab
yaeko	jɐɛxo
yaga	jaɣɐʔ
yagang	jaɣɐŋ
yagang	jɐɣaŋ
yagasyas	jɐɣɐsjas
yagban	jɐgban
yagit	jɐɣit
yago	jaɣo
yagong	jaɣoŋ
yagpag	jɐgpag
yagyag	jɐgjag
yahod	jahod
yak	jak
yakagan	jɐxɐɣan
yakal	jɐxal
yakapin	jakaːpim
yakyak	jɐkjak
yakyakan	jɐkjaxɐn
yakyakan	jɐkjɐxan
yakyakin	jɐkjɐxin
yalung	jalʊŋ
yama	jamɐʔ
yama	jɐma
yaman	jamɐn
yamang	jamɐŋ
yamas	jɐmas
yamba	jɐmbaʔ
yamo	jamo
yamo	jamoʔ
yamot	jamot
yamot	jɐmot
yamuam	jɐmuʔɐm
yamukmok	jɐmʊkmok
yamungmong	jɐmʊŋmoŋ
yamutmot	jɐmʊtmot
yang	jaŋ
yanga	jɐŋa
yangasngas	jɐŋɐsŋas
yangga	jɐŋgaʔ
yanggi	jaŋgɪ
yangit	jɐŋit
yangkaw	jɐŋkaʊ̯
yangot	jaŋot
yangot	jɐŋot
yangyang	jɐŋjaŋ
yanig	janig
yanig	jɐnig
yano	jano
yanot	janot
yanot	jɐnot
yansumi	jɐnsʊmi
yantadig	jɐntɐdig
yantas	jɐntas
yantaw	jɐntaʊ̯
yantok	jɐntok
yao	jaʊ̯
yaon	jaʔon
yaon	jɐʔon
yaon	jˈaˈɔn
yapa	jɐpa
yapak	japɐk
yapak	japːa
yapak	jɐpak
yapang	jɐpaŋ
yapo	japo
yapos	jɐpos
yapsaw	jɐpsaʊ̯
yapyap	jɐpjap
yarda	jaɾdɐ
yare	jɐɾɛ
yari	jaɾɪ
yari	jaɾɪʔ
yari	jɐɾi
yari	jɐɾiʔ
yari	ˈjaːri
yaros	jaɾos
yasak	jasɐk
yasak	jɐsak
yasang	jasɐŋ
yasang	jɐsaŋ
yasmin	jasmɪn
yasuwi	jɐsuɪ
yasyas	jɐsjas
yata	jatɐʔ
yata	ʝˈatˈa
yatab	jatɐb
yatco	jatko
yate	jatɛ
yatihan	jɐtihɐn
yatihan	jɐtɪhan
yawi	jawɪ
yawts	jaʊ̯ts
yaya	jaja
yaya	jajɐʔ
yaya	jɐja
yayaman	jɐjamɐn
yayamang	jɐjamɐŋ
yayat	jɐjat
ye	jɛ
yeba	jɛbɐ
yee	ji
yehey	jɛhɛɪ̯
yelo	jɛlo
yema	jema
yemen	jɛmɛn
yena	jɛnɐ
yepes	jɛpɛs
yero	jɛɾo
yeso	jɛso
yibok	jibok
yibok	jɪbok
yiri	jɪɾi
ylagan	ʔɪlaɣɐn
yolanda	jolandɐ
yoling	joliŋ
yongco	joŋko
yoni	jonɪ
yorme	joɾmɛ
yoshida	joʃɪdɐ
yoshiko	joʃɪxo
yosi	josɪ
yoyoy	jojoɪ̯
yugal	jʊɣal
yugayog	jʊɣajog
yugto	jʊgtoʔ
yugto	jʊ̞k̚toɯ̞
yugyog	jʊgjog
yuichiro	jʊitʃɪɾo
yukayok	jʊxɐjok
yukdo	jʊkdo
yuko	lokʊ
yukos	juxos
yukos	jʊxos
yukyok	jʊkjok
yumabang	jʊmabɐŋ
yumabong	jʊmaboŋ
yumahod	jʊmahod
yumaman	jʊmamɐn
yumamot	jʊmɐmot
yumao	jʊ˨˩maː˧ʔɔː
yumari	jʊmaɾɪʔ
yumasak	jʊmasɐk
yumukdo	jʊmʊkdo
yumuko	jʊmʊxoʔ
yumul	umul
yumupyop	jʊmʊpjop
yumurak	jʊmuɾɐk
yun	jun
yung	jaŋ
yung	juŋ
yungib	ioŋim
yungib	juŋɪb
yungib	jʊŋib
yungyong	jʊŋjoŋ
yunot	junot
yupapa	jʊpapɐʔ
yupi	jupɪʔ
yupyop	jʊpjop
yurak	juɾɐk
yurakan	jʊɾaːkɑn
yuropa	jʊɾopɐ
yuson	juson
yuta	jutɐʔ
yutyot	jʊtjot
yuvienco	jʊvjɛŋko
yuzon	juson
yuzon	juzon
yñiguez	ʔɪɲiɣɛs
z	sɛtɐ
z	sɪ
z	z
z	zɛtɐ
z	zɪ
zabala	sɐbalɐ
zabala	zɐbalɐ
zafra	sapɾɐ
zafra	zafɾɐ
zaide	zaɪ̯dɛ
zamboanga	zɐmboaŋgɐ
zamboangueña	sɐmboɐŋgɛɲɐ
zamboangueña	zɐmboɐŋgɛɲɐ
zamboangueño	sɐmboɐŋgɛɲo
zamboangueño	zɐmboɐŋgɛɲo
zamora	sɐmoɾɐ
zamora	zɐmoɾɐ
zapanta	zɐpantɐ
zapatero	sɐpɐtɛɾo
zapatero	zɐpɐtɛɾo
zaragoza	sɐɾɐɣosɐ
zaragoza	zɐɾɐɣosɐ
zavalla	zɐvaljɐ
zenaida	sɛnaɪ̯dɐ
zenaida	zɛnaɪ̯dɐ
zeny	zɛnɪ
zhang	tʃaŋ
zhang	zaŋ
zi	sɪ
zi	zɪ
zodyak	zodʒɐk
zoleta	zolɛtɐ
zoolohiya	zoolohiɐ
zoraida	soɾaɪ̯dɐ
zoraida	zoɾaɪ̯dɐ
zosimo	sosɪmo
zosimo	zosɪmo
zosing	zosɪŋ
zubiri	zʊbiɾɪ
zulueta	zʊlwɛtɐ
zuñiga	suɲɪɣɐ
zuñiga	sʊɲiɣɐ
zuñiga	zuɲɪɣɐ
zuñiga	zʊɲiɣɐ
áni	ani
ë	ə
índigo	ɪndɪgo
ñ	ɲ
úpa	upˈa
