অ	a
অঁকোল	ɔkol
অঁকোল	ɔ̃kol
অংশ	ɔŋʃoˑ
অংশক	ɔŋʃɔk
অংশগ্রহণ	oŋsgɾɦon
অংশমান	ɔŋʃɔman
অংশল	ɔŋʃɔl
অংশাঙ্কিত	oŋʃaŋkito
অংশাবতার	ɔŋʃabot̪aɹ
অংশাবতার	ɔŋʃabot̪aɾ
অংশীদার	onʃidar
অংশীদারি	omʃidari
অংশু	oŋʃu
অংশু	ɔŋʃuˑ
অংশুক	oŋʃuk
অংশুল	ɔŋʃul
অংশুশিরা	ɔŋʃuʃiɹaˑ
অংশুশিরা	ɔŋʃuʃiɾaˑ
অংহ	ɔŋɦoˑ
অই	oi̯
অইলদা	ɔild̪a
অইলদা	ɔild̪æ
অওসৎ	ɔo̯sɔt̪
অওসৎ	ɔo̯ʃɔt̪
অক	ak
অকথা	ɔkɔt̪ʰaˑ
অকনিষ্ঠ	okoniʃtʰo
অকপটচিত্তে	ɔkɔpɔtːɕit̪ːeˑ
অকপটচিত্তে	ɔkɔpɔʈtʃit̪ːeˑ
অকমনীয়	ɔkɔmoni̯oˑ
অকম্পিত	ɔkɔmpit̪oˑ
অকরণ	ɔkɹon
অকরণ	ɔkɾon
অকর্তা	ɔkɔɹt̪aˑ
অকর্তা	ɔkɔɾt̪aˑ
অকর্মা	ɔkɔɹmaˑ
অকর্মা	ɔkɔɾmaˑ
অকর্ষিত	ɔkɔɹʃit̪oˑ
অকর্ষিত	ɔkɔɾʃit̪oˑ
অকল	ɔkɔl
অকলঙ্ক	ɔkɔloŋkoˑ
অকলঙ্কিত	ɔkɔloŋkit̪oˑ
অকলঙ্কী	ɔkɔloŋkiˑ
অকলমন্দ	ɔkolmɔnd̪
অকলমন্দ	ɔkolmɔnd̪oˑ
অকল্ক	ɔkɔlkɔˑ
অকল্কা	ɔkɔlkaˑ
অকল্পনা	ɔkɔlpɔnaˑ
অকল্যাণ	ɔkɔllan
অকল্যাণকারিণী	ɔkɔlːankaɹiniˑ
অকল্যাণকারিণী	ɔkɔlːankaɾiniˑ
অকস্মাৎ	ɔkɔʃːat̪
অকস্মাৎ	ɔkɔʃːãt̪
অকাজ	ɔkadʑ
অকাজ	ɔkadʒ
অকাট	ɔkat
অকাট	ɔkaʈ
অকাট্য	ɔkatːoˑ
অকাট্য	ɔkaʈːoˑ
অকাঠা	ɔkatʰaˑ
অকাঠা	ɔkaʈʰaˑ
অকাণ্ড	ɔkandɔˑ
অকাণ্ড	ɔkanɖɔˑ
অকাণ্ডে	ɔkandeˑ
অকাণ্ডে	ɔkaɳɖeˑ
অকাতর	ɔkat̪ɔɹ
অকাতর	ɔkat̪ɔɾ
অকাতরে	ɔkat̪ɔɹeˑ
অকাতরে	ɔkat̪ɔɾeˑ
অকাম	ɔkam
অকাম্য	ɔkamːoˑ
অকারণ	ɔkaɹon
অকারণ	ɔkaɾon
অকারণে	ɔkaɹɔneˑ
অকারণে	ɔkaɾɔneˑ
অকারত	ɔkaɹɔt̪
অকারত	ɔkaɾɔt̪
অকারাদি	ɔkaɹad̪iˑ
অকারাদি	ɔkaɾad̪iˑ
অকারান্ত	ɔkaɹant̪oˑ
অকারান্ত	ɔkaɾant̪oˑ
অকার্য	ɔkaɹdʑoˑ
অকার্য	ɔkaɾdʒoˑ
অকাল	ɔkal
অকালপক্বতা	ɔkalpɔkːɔt̪aˑ
অকালবৃদ্ধ	ɔkalbɹid̪d̪ʱɔˑ
অকালবৃদ্ধ	ɔkalbɾid̪d̪ʱɔˑ
অকালবোধন	ɔkalbod̪ʱɔn
অকালমৃত্যু	ɔkalmɹit̪ːuˑ
অকালমৃত্যু	ɔkalmɾit̪ːuˑ
অকালসন্ধ্যা	ɔkalɔʃɔnd̪ʱaˑ
অকালে	ɔkaleˑ
অকিঞ্চনতা	ɔkintɕɔnot̪aˑ
অকিঞ্চনতা	ɔkintʃɔnot̪aˑ
অকিঞ্চনত্ব	ɔkintɕɔnot̪ːoˑ
অকিঞ্চনত্ব	ɔkintʃɔnot̪ːoˑ
অকিঞ্চিৎ	ɔkintɕit̪
অকিঞ্চিৎ	ɔkintʃit̪
অকিঞ্চিৎকরতা	ɔkintɕit̪kɔɹot̪aˑ
অকিঞ্চিৎকরতা	ɔkintʃit̪kɔɾot̪aˑ
অকীর্তিকর	ɔkiɹt̪ikɔɹ
অকীর্তিকর	ɔkiɾt̪ikɔɾ
অকুটিলতা	ɔkutilɔt̪aˑ
অকুটিলতা	ɔkuʈilɔt̪aˑ
অকুণ্ঠিতচিত্ত	ɔkuntʰit̪ɔtɕit̪ːoˑ
অকুণ্ঠিতচিত্ত	ɔkuɳʈʰit̪ɔtʃit̪ːoˑ
অকুণ্ঠিতচিত্তে	ɔkuntʰit̪ɔtɕit̪ːeˑ
অকুণ্ঠিতচিত্তে	ɔkuɳʈʰit̪ɔtʃit̪ːeˑ
অকৃতকার্যতা	ɔkŕt̪ɔkaɹdʑɔt̪aˑ
অকৃতকার্যতা	ɔkŕt̪ɔkaɾdʒɔt̪aˑ
অকেশ	ɔkeʃ
অকোবিদ	ɔkobid̪
অকৌশল	ɔkou̯ʃɔl
অক্কা	ɔkːaˑ
অক্টোপাস	ɔktopaʃ
অক্টোপাস	ɔkʈopaʃ
অক্টোবর	ɔktobɔɹ
অক্টোবর	ɔkʈobɔɾ
অক্ত	ɔkt̪oˑ
অক্রিয়কর্মা	ɔkɹi̯ɔkɔɹmaˑ
অক্রিয়কর্মা	ɔkɾi̯ɔkɔɾmaˑ
অক্লান্ত	oklanto
অক্ষ	okkʰo
অক্ষবৃত্ত	ɔkʰːɔbɹit̪ːoˑ
অক্ষবৃত্ত	ɔkʰːɔbɾit̪ːoˑ
অক্ষয়	ɔkʰːɔe̯
অক্ষয়কীর্তি	ɔkʰːɔe̯kiɹt̪iˑ
অক্ষয়কীর্তি	ɔkʰːɔe̯kiɾt̪iˑ
অক্ষরডম্বর	ɔkʰːɔɹodɔmbɔɹ
অক্ষরডম্বর	ɔkʰːɔɾoɖɔmbɔɾ
অক্ষরবৃত্ত	ɔkkʰɔɹbɹit̪t̪oˑ
অক্ষরবৃত্ত	ɔkkʰɔɾbɾit̪t̪oˑ
অক্ষরমালা	ɔkʰːɔɹmalaˑ
অক্ষরমালা	ɔkʰːɔɾmalaˑ
অক্ষরেখা	ɔkʰːɔɹekʰaˑ
অক্ষরেখা	ɔkʰːɔɾekʰaˑ
অক্ষশক্তি	ɔkʰːɔʃɔkt̪iˑ
অক্ষি	okʰːiˑ
অক্ষি	ɔkʰːiˑ
অক্ষিলোম	ɔkʰːilom
অক্ষিশালাক্য	ɔkʰːiʃalakːoˑ
অক্ষীয়	ɔkʰːi̯oˑ
অখিলেশ	ɔkʰileʃ
অগস্ট	ɔgɔst
অগস্ট	ɔgɔstoˑ
অগস্ট	ɔgɔsʈ
অগস্ট	ɔgɔsʈoˑ
অগস্ট	ɔgɔʂʈ
অগস্ট	ɔgɔʂʈoˑ
অগাষ্ট	ɔgast
অগাষ্ট	ɔgasʈ
অগাষ্ট	ɔgaʂʈ
অগ্নি	ogni
অগ্নি	ogniˑ
অগ্নিকুণ্ড	ɔgnikundoˑ
অগ্নিকুণ্ড	ɔgnikuɳɖoˑ
অগ্নিকোণ	ognikon
অগ্নিক্রিয়া	ognɛkɾia
অগ্নিগিরি	ognegiri
অগ্নিজিহ্ব	ognidʒivo
অগ্নিতেজা	ognitedʒa
অগ্নিদাতা	ognidata
অগ্নিদাহ্য	ɔgnid̪adʑʱːoˑ
অগ্নিদাহ্য	ɔgnid̪adʒʱːoˑ
অগ্নিপুরুষ	ognipurʃ
অগ্নিবাণ	ognjban
অগ্নিমূল্য	ɔgnimullɔˑ
অগ্নিশর্মা	ogniʃɾmaː
অগ্নিসংস্কার	obniʃɔŋskar
অগ্নিসৎকার	ogniʃt̪kaɾ
অগ্রজিহ্বা	ɔgɹɔdʑiu̯bʱaˑ
অগ্রজিহ্বা	ɔgɹɔdʑiu̯vaˑ
অগ্রজিহ্বা	ɔgɾɔdʒiu̯bʱaˑ
অগ্রজিহ্বা	ɔgɾɔdʒiu̯vaˑ
অগ্রসূচনা	ɔggɹɔʃutɕɔnaˑ
অগ্রসূচনা	ɔggɾɔʃutʃɔnaˑ
অগ্রহায়ণ	ɔɹgoɦae̯ɔn
অগ্রহায়ণ	ɔɾgoɦae̯ɔn
অগ্রিম	okrim
অঘ	ɔg
অঘ্রাণ	ogɾajon
অঙ্কুর	onkuɾ
অঙ্গন	ɔŋgon
অঙ্গাঙ্গি	aŋgaŋɲi
অঙ্গার	ɔŋgaɹ
অঙ্গার	ɔŋgaɾ
অঙ্গুষ্ঠ	ɔŋgustʰoˑ
অঙ্গুষ্ঠ	ɔŋguʂʈʰoˑ
অঙ্গুষ্ঠ	ɔŋguʃtʰoˑ
অচিরে	otʃide
অচেনা	ɔtɕenaˑ
অচেনা	ɔtʃenaˑ
অজগর	ɔdʑogɔɹ
অজগর	ɔdʒogɔɾ
অঞ্চল	ɔntɕɔl
অঞ্চল	ɔntʃɔl
অঞ্জলি	ɔndʑoliˑ
অঞ্জলি	ɔndʒoliˑ
অড়হর	ɔɹɔɦoɹ
অড়হর	ɔɹɔɦɔɹ
অড়হর	ɔɽoɾ
অড়হর	ɔɽɔɾ
অড়হর	ɔɽʱoɾ
অড়হর	ɔɽʱɔɾ
অড়হর	ɔɾɦoɾ
অড়হর	ɔɾɦɔɾ
অণ্ড	ɔndoˑ
অণ্ড	ɔɳɖoˑ
অণ্ডজ	ɔndɔdʑ
অণ্ডজ	ɔɳɖɔdʒ
অতিথি	ot̪it̪ʰiˑ
অতিথি	ot̪i˧˥tʰi˧
অতিমারি	otimari
অত্যাচার	ot̪ːatɕaɹ
অত্যাচার	ot̪ːatʃaɾ
অথবা	ɔt̪ʰobaˑ
অদৃশ্য	ɔd̪ːɹiʃːoˑ
অদৃশ্য	ɔd̪ːɾiʃːoˑ
অধর্ম	ɔd̪ʱɔɹmɔˑ
অধর্ম	ɔd̪ʱɔɾmɔˑ
অধৈর্য	ɔdʱoi̯dʒːo
অধৈর্য	ɔdʱoi̯rdʒːo
অনন্যা	ɔnonːaˑ
অনার্য	ɔnaɹdʑoˑ
অনার্য	ɔnaɾdʒoˑ
অনুগামী	onogami
অনুধাবন	onud̪ʱaˑbɔn
অনুনাসিক	onunaʃik
অনুপাত	onupat
অনুবাদ	onubad̪
অনুবাদক	onubad̪ɔk
অনুমতি	onumot̪iˑ
অনুমান	onuman
অনুরাগ	onuɹag
অনুরাগ	onuɾag
অনুরোধে	onuɹod̪ʱeˑ
অনুরোধে	onuɾod̪ʱeˑ
অনুষ্ঠান	onustʰan
অনুষ্ঠান	onuʂʈʰan
অনুষ্ঠান	onuʃtʰan
অনুস্বর	onuʃːɔɹ
অনুস্বর	onuʃːɔɾ
অনুস্বার	onuʃaɾ
অনুস্বার	onuʃːaɹ
অনুস্বার	onuʃːaɾ
অনেক	ɔnek
অন্টারিও	ɔntaɹi̯oˑ
অন্টারিও	ɔɳʈaɾi̯oˑ
অন্তর	ɔnt̪ɔɹ
অন্তর	ɔnt̪ɔɾ
অন্ধ	ɔndɔ
অন্ধকার	ɔnd̪ʱokaɹ
অন্ধকার	ɔnd̪ʱokaɾ
অন্ধপ্রায়	ɔnd̪ʱɔpɹae̯
অন্ধপ্রায়	ɔnd̪ʱɔpɾae̯
অন্ধ্র	ɔnd̪ʱɹɔˑ
অন্ধ্র	ɔnd̪ʱɾɔˑ
অন্ধ্রপ্রদেশ	ɔnd̪ʱɹɔpɹod̪eʃ
অন্ধ্রপ্রদেশ	ɔnd̪ʱɾɔpɾod̪eʃ
অন্ন	ɔnːoˑ
অন্বেষণ	ɔnːeʃɔn
অন্য	onːoˑ
অন্যজন	onnodʑɔn
অন্যতম	onːot̪ɔmoˑ
অপপ্রচার	ɔppɾotɕaɾ
অপরাধ	ɔpoɹad̪
অপরাধ	ɔpoɾad̪
অপহরণ	apɔɦɔɾon
অপারেশন	ɔpaɹeʃon
অপারেশন	ɔpaɾeʃon
অপিনিহিতি	ɔpiniɦit̪iˑ
অপু	opu
অপেক্ষা	ɔpekːʰaˑ
অপেক্ষাকৃত	ɔpekːʰakɾit̪ɔ̝ˑ
অপ্সরা	ɔpʃɔɹaˑ
অপ্সরা	ɔpʃɔɾaˑ
অফ	ɔf
অফিস	ɔfis
অফিস	ɔfiʃ
অবগুন্ঠন	ɔboguntʰon
অবগুন্ঠন	ɔboguɳʈʰon
অবতার	ɔbot̪aɹ
অবতার	ɔbot̪aɾ
অবধি	ʔobod̪ʱiˑ
অবশ্য	aboʃːo
অবশ্য	ɔboʃːoˑ
অবাক	ɔbäk
অবাক	ɔbäːk
অভিধান	obid̪ʱan
অভিধান	obʱid̪ʱan
অভিধান	ovid̪ʱan
অভিনেতা	ɔbʱinet̪aˑ
অভিনেতা	ɔvinet̪aˑ
অভিনেত্রী	ɔbʱinet̪ːɹiˑ
অভিনেত্রী	ɔbʱinet̪ːɾiˑ
অভিনেত্রী	ɔvinet̪ːɹiˑ
অভিনেত্রী	ɔvinet̪ːɾiˑ
অভিমন্যু	ɔbʱimɔnːuˑ
অভিমন্যু	ɔvimɔnːuˑ
অভিযোগ	obʱidʑog
অভিযোগ	obʱidʒog
অভিযোগ	ovidʑog
অভিযোগ	ovidʒog
অভিযোগ	ovidʒoq
অভিশ্রুতি	ɔbʱisɹut̪iˑ
অভিশ্রুতি	ɔbʱisɾut̪iˑ
অভিশ্রুতি	ɔvisɹut̪iˑ
অভিশ্রুতি	ɔvisɾut̪iˑ
অভিস্রবণ	ɔbʱisɹɔbon
অভিস্রবণ	ɔbʱisɾɔbon
অভিস্রবণ	ɔvisɹɔbon
অভিস্রবণ	ɔvisɾɔbon
অভীষ্ট	ɔbʱiʂʈoˑ
অভীষ্ট	ɔbʱiʃtoˑ
অভীষ্ট	ɔvistoˑ
অভীষ্ট	ɔviʂʈoˑ
অভ্যর্থনা	obʱɔɾt̪ʰna
অভ্যস্ত	ɔbʱɔstɔ
অভ্র	ɔbʱɹoˑ
অভ্র	ɔbʱɾoˑ
অভ্র	ɔvɹoˑ
অভ্র	ɔvɾoˑ
অমন	ɔmon
অমনি	omni
অমল	ɑmɑl
অমিত	omit
অমিতাভ	ɔmit̪ab
অমিতাভ	ɔmit̪av
অয়স্কান্ত	ɔe̯oskant̪oˑ
অরণ্য	ɔɹonːoˑ
অরণ্য	ɔɾonːoˑ
অরিজিনাল	ɔɹidʑinal
অরিজিনাল	ɔɾidʒinal
অরিত্র	oɹit̪ːɹoˑ
অরিত্র	oɾit̪ːɾoˑ
অরুণ	oɾun
অর্ণব	ɔɹnob
অর্ণব	ɔɾnob
অর্থ	ɔɹt̪ʰoˑ
অর্থ	ɔɾt̪ʰoˑ
অর্থাৎ	ɔɹt̪ʰat̪
অর্থাৎ	ɔɾt̪ʰat̪
অর্ধমৃত	ɔɹd̪ʱomɹit̪oˑ
অর্ধমৃত	ɔɾd̪ʱomɾit̪oˑ
অর্পিতা	ɔɹpit̪aˑ
অর্পিতা	ɔɾpit̪aˑ
অল	ɔl
অলস	ɔloʃ
অলাত	ɔlat̪
অলিম্পিক	olʝmpik
অলৌকিক	ɔlou̯kik
অশান্ত	ɔʃantɔ
অশিক্ষিত	ɔʃikʰːit̪oˑ
অশ্বগন্ধা	ɔʃːɔgɔnd̪ʱaˑ
অশ্বেত	ɔʃːet̪
অষ্টাশি	ɔstaʃiˑ
অষ্টাশি	ɔʂʈaʃiˑ
অষ্টাশি	ɔʃtaʃiˑ
অসভ্য	ɔʃobʱːoˑ
অসভ্য	ɔʃovːoˑ
অসমীয়া	ɔʃomi̯aˑ
অসি	ɔʃiˑ
অসীমা	ɔʃimaˑ
অসুখ	ɔʃuːk
অসুখ	ɔʃuːkʰ
অসুস্থ	ɔʃust̪ʰoˑ
অস্ট্রিয়া	ɔstːɹi̯aˑ
অস্ট্রিয়া	ɔsʈːɾi̯aˑ
অস্ট্রিয়া	ɔʂʈːɾi̯aˑ
অস্ট্রেলিয়া	ɔstːɹeli̯aˑ
অস্ট্রেলিয়া	ɔsʈːɾeli̯aˑ
অস্ট্রেলিয়া	ɔʂʈːɾeli̯aˑ
অস্ত্র	ɔst̪ːɹoˑ
অস্ত্র	ɔst̪ːɾoˑ
অস্ত্রচিকিৎসা	ɔst̪ːɹotɕikit̪ʃaˑ
অস্ত্রচিকিৎসা	ɔst̪ːɾotʃikit̪ʃaˑ
অস্ত্রোপচার	ɔst̪ːɹopotɕaɹ
অস্ত্রোপচার	ɔst̪ːɾopotʃaɾ
অস্থি	ost̪ʰi
অস্থির	ɔst̪ʰiɹ
অস্থির	ɔst̪ʰiɾ
অস্পৃশ্যতা	ɔʃpɹiʃːɔt̪aˑ
অস্পৃশ্যতা	ɔʃpɾiʃːɔt̪aˑ
অহংকার	ɔɦoŋkaɹ
অহংকার	ɔɦoŋkaɾ
অহরহ	ɔɦoɹɔɦoˑ
অহরহ	ɔɦoɾɔɦoˑ
অহর্নিশি	ɔɦoɹniʃiˑ
অহর্নিশি	ɔɦoɾniʃiˑ
অ্যাক্ট	ˈɛkt
অ্যাদ্দিন	æd̪ːin
অ্যাদ্দিন	ɛd̪ːin
অ্যানথ্রাক্স	ænt̪ʰɹaks
অ্যানথ্রাক্স	ænt̪ʰɾaks
অ্যানিমে	ænimeˑ
অ্যানিমে	ɛnimeˑ
অ্যানিমেশন	ænimeʃɔn
অ্যানিমেশন	ɛnimeʃɔn
অ্যান্টার্কটিকা	æɳʈaɾkʈikaˑ
অ্যান্টার্কটিকা	ɛntaɹktikaˑ
অ্যাপল	ˈæpəl
অ্যাপোলো	æpoloˑ
অ্যাপোলো	ɛpoloˑ
অ্যালগরিদম	ælgoɾid̪m
অ্যালগরিদম	ælgoɾid̪om
অ্যালগরিদম	ɛlgoɹid̪m
অ্যালগরিদম	ɛlgoɹid̪om
অ্যালবার্টা	ælbaɹtaˑ
অ্যালবার্টা	ælbaɾʈaˑ
আঁকড়া	akɹaˑ
আঁকড়া	ãkɽaˑ
আঁকড়া	ãkɾaˑ
আঁকা	aka
আঁকা	akaˑ
আঁকা	ãkaˑ
আঁকাবাঁকা	akabaka
আঁকাবাঁকা	akabakaˑ
আঁকাবাঁকা	ãkabãkaˑ
আঁখ	ɑk
আঁখি	akʰiˑ
আঁখি	ãkʰiˑ
আঁচল	atɕol
আঁচল	atʃol
আঁচল	ãtʃol
আঁটা	ãʈ̟a
আঁতাত	at̪at̪
আঁতাত	ãt̪at̪
আঁতেল	at̪el
আঁতেল	ãt̪el
আঁধার	ad̪ʱaɹ
আঁধার	ãd̪ʱaɾ
আংটি	aŋʈi
আংশিক	aŋʃik
আঃ	a
আইচ	ai̯tɕ
আইচ	ai̯tʃ
আইচ্ছা	aitɕtɕá
আইজ্ঞা	ai̯gːaˑ
আইজ্যা	aidʒdʒa
আইজ্যা	aidʒdʒæ
আইন	ai̯n
আইন	ajn
আইয়ুব	ai̯u̯b
আইসক্রিম	ai̯skɹim
আইসক্রিম	ai̯skɾim
আইসল্যান্ড	ai̯slænd
আইসল্যান্ড	ai̯slæɳɖ
আউলিয়া	au̯li̯aˑ
আওতা	ao̯t̪aˑ
আওয়াজ	aʊ̯adʒ
আওরঙ্গজেব	ao̯ɹɔŋgdʑeb
আওরঙ্গজেব	ao̯ɹɔŋgzeb
আওরঙ্গজেব	ao̯ɾɔŋgdʒeb
আওরঙ্গজেব	ao̯ɾɔŋgzeb
আকবর	akbɔɹ
আকবর	akbɔɾ
আকসার	aksaɹ
আকসার	aksaɾ
আকাদেমি	akad̪emiˑ
আকাশ	ˈakas
আকাশসীমা	akasʃima
আকুল	akul
আক্রমণ	akɾˈomˈon
আক্রান্ত	akɹant̪oˑ
আক্রান্ত	akɾant̪oˑ
আখ	ax
আখ	aːk
আখতার	akt̪aɹ
আখতার	akt̪aɾ
আখতার	axt̪aɹ
আখতার	axt̪aɾ
আখবার	akʰbaɹ
আখবার	akʰbaɾ
আখের	akʰeɹ
আখের	akʰeɾ
আখেরাত	akʰeɹat̪
আখেরাত	akʰeɾat̪
আগন	agon
আগস্ট	agost
আগস্ট	agosʈ
আগস্ট	agoʂʈ
আগা	agaˑ
আগাজ	agadʑ
আগাজ	agadʒ
আগাজ	agaz
আগানো	aganoˑ
আগুন	agun
আগে	agɛ
আগ্নেয়গিরি	agnee̯giɹiˑ
আগ্নেয়গিরি	agnee̯giɾiˑ
আঘণ	agʱon
আঙিনা	aŋinaˑ
আঙুর	aŋuɹ
আঙুর	aŋuɾ
আঙুল	aŋul
আঙ্গুর	ɑŋguɾ
আঙ্গুল	aŋgul
আচরণ	atʃəɾn
আচার	atɕaɹ
আচার	atʃaɾ
আছে	aseˑ
আছে	asɛˑ
আছে	atɕʰeˑ
আছে	atʃʰeˑ
আছে	aːtʃʰe
আজ	aʒ
আজকে	aske
আজব	adʑob
আজব	adʒob
আজম	adʑom
আজম	adʒom
আজম	azom
আজমায়েশ	adʑmae̯ʃ
আজমায়েশ	adʒmae̯ʃ
আজমায়েশ	azmae̯ʃ
আজাইড়া	adʑae̯ɾaˑ
আজাইড়া	adʑai̯ɾaˑ
আজাইড়া	ad̪zai̯ɾaˑ
আজাইড়া	ad̪zaɛɾaˑ
আজাইড়া	azai̯ɾaˑ
আজাইড়া	azaɛɾaˑ
আজাড়ে	adʒaɽeˑ
আজাড়ে	adʒaɾeˑ
আজাদ	adʑad̪
আজাদ	adʒad̪
আজাব	adʑab
আজাব	adʒab
আজার	adʑaɾ
আজার	adʒaɾ
আজার	ad̪zaɾ
আজার	azaɾ
আজি	adʑiˑ
আজি	adʒiˑ
আজিজ	aziz
আজিজা	azizaˑ
আজুড়ে	adʒuɽeˑ
আজুড়ে	adʒuɾeˑ
আজ্ঞা	agːaˑ
আজ্ঞে	agːeˑ
আঞ্জুমান	andʑuman
আঞ্জুমান	andʒuman
আট	at
আট	aʈ
আট	aːt
আট	aːʈ
আটচল্লিশ	atɔtɕɔlːiʃ
আটচল্লিশ	aʈɔtʃɔlːiʃ
আটা	ataˑ
আটা	aʈaˑ
আটা	aʈːa
আঠা	aʈ̟ʰa
আড়াই	aɹai̯
আড়াই	aɽai̯
আড়াই	aɾai̯
আড়াল	aɹal
আড়াল	aɽal
আড়াল	aɾal
আণ	änoˑ
আণ্ডা	andaˑ
আণ্ডা	aɳɖaˑ
আতর	at̪oɹ
আতর	at̪oɾ
আতশ	at̪oʃ
আতশকাচ	at̪ɔʃkatɕ
আতশকাচ	at̪ɔʃkatʃ
আতশবাজি	at̪ɔʃbaziˑ
আতা	ata
আতা	at̪aˑ
আত্মা	at̪ːaˑ
আদম	ad̪om
আদমশুমার	äd̪ɔ̝ms̠umäˑɾ
আদমশুমারি	adomʃumari
আদমী	ad̪omiˑ
আদর	ad̪oɹ
আদর	ad̪oɾ
আদর্শ	ad̪oɹʃoˑ
আদর্শ	ad̪oɾʃoˑ
আদা	ad̪aˑ
আদালত	ad̪alɔt̪
আদিবাসী	ad̪ibaʃiˑ
আদিবাসী	aðiʝaʃi
আদেশ	ad̪eʃ
আধুনিক	ad̪ʱunik
আধুনিকীকরণ	ad̪uniˑkiˑkɾon
আনন্দ	anond̪oˑ
আনন্দবাজার	anɔnd̪bdʒaɾ
আনা	anaˑ
আনা	ˈana
আনাড়ি	anaɹiˑ
আনাড়ি	anaɽiˑ
আনাড়ি	anaɾiˑ
আনারস	anaɹɔʃ
আনারস	anaɾɔʃ
আনিমে	ɑnime
আনোয়ার	ano̯aɹ
আনোয়ার	ano̯aɾ
আন্টার্কটিকা	antaɹktikaˑ
আন্টার্কটিকা	aɳʈaɾkʈikaˑ
আন্তঃনগর	ant̪ɔnogɔɹ
আন্তঃনগর	ant̪ɔnogɔɾ
আন্তর্জাতিক	ant̪ɔɹdʑat̪ik
আন্তর্জাতিক	ant̪ɔɾdʒat̪ik
আন্তর্জাল	ant̪ɔɹdʑal
আন্তর্জাল	ant̪ɔɾdʒal
আন্দাজ	and̪adʑ
আন্দাজ	and̪adʒ
আপকাওয়াস্তে	apɔkao̯ast̪eˑ
আপন	apon
আপন	aˈpɔl
আপনাকে	apnakeˑ
আপনাদের	apnad̪eɹ
আপনাদের	apnad̪eɾ
আপনার	apnaɹ
আপনার	apnaɾ
আপনারা	apnaɹaˑ
আপনারা	apnaɾaˑ
আপনারে	apwnare
আপনি	apniˑ
আপনি	əpni
আপা	apaˑ
আপেল	apel
আপেল	apɛl
আপোসকামী	aposkami
আফজল	afdʑɔl
আফজল	afdʒɔl
আফতাব	aft̪ab
আফসোস	afsos
আফিম	afim
আফ্রিকা	afɹikaˑ
আফ্রিকা	afɾikaˑ
আফ্রোদিতি	afɹod̪it̪iˑ
আফ্রোদিতি	afɾod̪it̪iˑ
আব	ab
আব	aːb
আবরণ	aboron
আবহাওয়া	aboɦao̯aˑ
আবার	abaɹ
আবার	abaɾ
আবির	äbiˑɾ
আবিষ্কর্তা	abiʃkoɾt̪a
আবিষ্কার	abiʃkaɹ
আবিষ্কার	abiʃkaɾ
আবু	abu
আবুধ	abud̪
আবেগ	abeg
আবেগ	aˈbɛg
আবেদ	abed̪
আবেদন	abeð̞ɔn
আব্দুল	abd̪ul
আব্দুল্লাহ	abd̪ulːaˑ
আব্বা	abːaˑ
আব্বু	abːuˑ
আভা	abʱaː
আম	am
আম	aːm
আমরা	amɹaˑ
আমরা	amɾaˑ
আমল	amol
আমলে	amole
আমাকে	amakɛ
আমাগর	amagɔ
আমাগর	aŋgɔ
আমাগর	aŋgɔɾ
আমাদের	amad̪eɹ
আমাদের	amad̪eɾ
আমানত	amanɔt̪
আমার	amaɹ
আমার	amaɾ
আমার	ɑmɑɾ
আমারে	amaɹeˑ
আমারে	amaɾeˑ
আমাশয়	amaʃɔe̯
আমি	amiˑ
আমি	ˈami
আমীর	amiɹ
আমীর	amiɾ
আমেজ	amedʑ
আমেজ	amedʒ
আমেজ	amez
আমেরিকা	ameɹikaˑ
আমেরিকা	ameɾikaˑ
আমেরিকা	amɛɾika
আয়না	ae̯naˑ
আয়াতুল্লাহ	ae̯at̪olːaɦ
আয়াতুল্লাহ	ae̯at̪ulːaɦ
আয়ুর্বেদ	ae̯uɹbed̪
আয়ুর্বেদ	ae̯uɾbed̪
আয়েশা	ae̯ʃaˑ
আযান	adʑan
আযান	adʒan
আযাব	adʑab
আযাব	adʒab
আর	aɹ
আর	aɾ
আর	aːɾ
আর	ɑɾ
আরও	aro
আরজ	aɹodʑ
আরজ	aɾodʒ
আরজুমান্দ	aɹdʑuman
আরজুমান্দ	aɹdʑumand̪
আরজুমান্দ	aɾdʒuman
আরজুমান্দ	aɾdʒumand̪
আরতি	aɹot̪iˑ
আরতি	aɾot̪iˑ
আরব	aɹɔb
আরব	aɾɔb
আরা	aɾa
আরা	aɾap
আরাফাত	aɾafat̪
আরাম	aɹam
আরাম	aɾam
আরাম	ɐˈɾɑːm
আরিফ	aɾif
আরে	aɹeˑ
আরে	aɾeˑ
আরেক	aɹɛk
আরেক	aɾæk
আরো	aɾˈo
আর্জি	aɹdʑiˑ
আর্জি	aɾdʒiˑ
আর্তব	äɾt̪oˑb̥᪽
আর্দ্র	aɹd̪ːɹoˑ
আর্দ্র	aɾd̪ːɾoˑ
আর্মেনিয়া	aɹmeni̯aˑ
আর্মেনিয়া	aɾmeni̯aˑ
আর্য	aɹdʑoˑ
আর্য	aɾdʒoˑ
আলকাতরা	alkat̪ːɹaˑ
আলকাতরা	alkat̪ːɾaˑ
আলগা	algaˑ
আলপনা	alponaˑ
আলপাকা	alpak
আলবেনিয়া	albeni̯aˑ
আলভী	ɐlbʱiˑ
আলভী	ɐlviˑ
আলভী	ɐlβiˑ
আলভী	ɐlᵊbʱiˑ
আলভী	ɐlᵊviˑ
আলভী	ɐlᵊβiˑ
আলম	alom
আলমারি	almaɹiˑ
আলমারি	almaɾiˑ
আলাদা	alad̪aˑ
আলামত	alamot̪
আলামত	alamɔt̪
আলী	aliˑ
আলু	aluˑ
আলেকজান্ডার	alegdʑandaɹ
আলেকজান্ডার	alegdʒaɳɖaɾ
আলেম	alem
আলো	alo
আলো	aloˑ
আলো	aːloˑ
আলোক	alɔk
আলোকন	alokon
আলোকপাত	alokpat
আলোকলতা	aloklota
আলোকিত	alokito
আলোচনা	alotɕɔnaˑ
আলোচনা	alotʃɔnaˑ
আল্লাহ	ɐlːäː
আল্লাহ	ɐlːäːʰ
আল্লাহ	ɐlːäːʱ
আল্লাহ	ɐlːɐ
আল্লাহ্	alːaˑ
আশমান	aʃman
আশা	aʃaˑ
আশি	ˈaʃi
আশিন	aʃin
আশীর্বাদ	aʃiɹbad̪
আশীর্বাদ	aʃiɾbad̪
আশুরা	aʃuɹaˑ
আশুরা	aʃuɾaˑ
আশেক	aʃek
আশ্চর্য	astɕɔɹdʑoˑ
আশ্চর্য	astʃɔɾdʒoˑ
আশ্চর্য	aʃtɕɔɹdʑoˑ
আশ্চর্য	aʃtʃɔɾdʒoˑ
আশ্চর্যজনকভাবে	astɕoɹdʑodʑɔnokvabeˑ
আশ্চর্যজনকভাবে	astʃoɾdʒodʒɔnokvabeˑ
আশ্চর্যজনকভাবে	aʃtɕoɹdʑodʑɔnokbʱabeˑ
আশ্চর্যজনকভাবে	aʃtʃoɾdʒodʒɔnokbʱabeˑ
আশ্বিন	aʃːin
আশ্রম	asɹɔm
আশ্রম	asɾɔm
আসগর	asgɔɹ
আসগর	asgɔɾ
আসন	aʃon
আসবাব	aʃbab
আসবাব	aʒbab
আসমা	asmaˑ
আসমান	asman
আসর	asoɹ
আসর	asoɾ
আসর	aʃoɹ
আসর	aʃoɾ
আসল	aʃol
আসলে	aʃole
আসা	aʃaˑ
আসান	aʃan
আসানসোল	aʃaˑnʃʰl
আসানী	aʃaniˑ
আসাম	asam
আসিয়া	asi̯aˑ
আসিয়া	aʃi̯aˑ
আস্তাবল	ast̪abol
আস্তে	ast̪eˑ
আস্পদ্দা	aʃpɔd̪ːaˑ
আহনাফ	aɦnaf
আহমদ	amɦod̪
আহমদ	amːod̪
আহসান	aɦsan
আহ্বান	au̯bʱan
আহ্বান	au̯van
আয়া	aja
ইঁদুর	ĩdur
ইংরেজ	iŋɾedʑ
ইংরেজ	iŋɾedʒ
ইংরেজ	iŋɾɛd̪z
ইংরেজ	iŋɾɛz
ইংরেজি	iŋɹedʑiˑ
ইংরেজি	iŋɹɛziˑ
ইংরেজি	iŋɾedʒiˑ
ইংরেজি	iŋɾɛd̪ziˑ
ইংল্যান্ড	iŋlæɳɖ
ইংল্যান্ড	iŋlɛnd
ইউক্রেন	iu̯kɾeˑn
ইউনান	iu̯nan
ইউনানি	iu̯naniˑ
ইউনিয়ন	iu̯ni̯on
ইউনিয়ন	iwniɔn
ইউরেনাস	iu̯ɹenaʃ
ইউরেনাস	iu̯ɾenaʃ
ইউরেশিয়া	iu̯ɹeʃi̯aˑ
ইউরেশিয়া	iu̯ɾeʃi̯aˑ
ইউরোপ	iu̯ɹop
ইউরোপ	iu̯ɾop
ইকুয়েডর	iku̯edɔɹ
ইকুয়েডর	iku̯eɖɔɾ
ইচলা	itɕɔlaˑ
ইচলা	itʃɔlaˑ
ইচ্ছা	itɕʰːaˑ
ইচ্ছা	itʃʰːaˑ
ইজতেমা	idzt̪emaˑ
ইজতেমা	idʒt̪emaˑ
ইজতেমা	ist̪emaˑ
ইজতেমা	itst̪emaˑ
ইজতেমা	itʃt̪emaˑ
ইজতেমা	izt̪emaˑ
ইজরায়েল	idʑɹae̯l
ইজরায়েল	idʒɾae̯l
ইজরায়েল	izɹae̯l
ইজরায়েল	izɾae̯l
ইজাজত	idʑadʑot̪
ইজাজত	idʒadʒot̪
ইজাফা	izafaˑ
ইজ্জত	idʑːot̪
ইজ্জত	idʑːɔt̪
ইজ্জত	idʒːot̪
ইজ্জত	idʒːɔt̪
ইজ্জত	izzot̪
ইজ্জত	izzɔt̪
ইঞ্জিনিয়ারিং	inˈdʒini̯ariŋ
ইঞ্জিল	indʑil
ইঞ্জিল	indʒil
ইট	ĩʈ
ইতিমধ্যে	it̪imɔd̪d̪ʱeˑ
ইতিহাস	it̪iɦaʃ
ইতোমধ্যে	it̪ɔmɔd̪d̪ʱeˑ
ইত্তেফাক	it̪ːefak
ইত্যাদি	it̪ːad̪iˑ
ইদানীং	id̪aniŋ
ইন	ɪn
ইনকিলাব	inkilab
ইনকিলাবি	inkilabiˑ
ইনফ্লুয়েঞ্জা	influ̯enzaˑ
ইনসান	insan
ইনসাফ	insaf
ইনাম	inam
ইনি	iniˑ
ইনিংসের	iniŋseɾ
ইন্তেকাল	int̪ekal
ইন্দু	ind̪uˑ
ইন্দ্র	ind̪ːɾoˑ
ইফতেখার	ift̪ekʰaɹ
ইফতেখার	ift̪ekʰaɾ
ইব্রাহীম	ibɹaɦim
ইব্রাহীম	ibɾaɦim
ইমতেহান	imt̪eɦan
ইমরান	imɹan
ইমরান	imɾan
ইমাম	imam
ইয়াদ	i̯ad̪
ইয়াসমিন	i̯asmin
ইয়াসিন	i̯asin
ইয়োরোপ	i̯oɹop
ইয়োরোপ	i̯oɾop
ইরফান	iɾfan
ইরাক	iɹak
ইরাক	iɾak
ইরাকি	iɾaki
ইরান	iɹan
ইরান	iɾan
ইরিত্রিয়া	iɹit̪ːɹi̯aˑ
ইরিত্রিয়া	iɾit̪ːɾi̯aˑ
ইলিয়াস	ili̯as
ইলিশ	iliʃ
ইস	iʃ
ইস	iːʃ
ইসরায়েল	izɹae̯l
ইসরায়েল	izɾae̯l
ইসলাম	islam
ইস্কুল	iskul
ইস্কুল	iʃkul
ইস্তাম্বুল	ist̪ambul
ইস্তোনিয়া	ist̪oni̯aˑ
ইস্পাত	iʃpat̪
ঈগল	igɔl
ঈদ	id̪
ঈশানী	iʃaniˑ
ঈশ্বর	iʃːɔɹ
ঈশ্বর	iʃːɔɾ
ঈসা	isaˑ
ঈস্ট	ist
ঈস্ট	isʈ
ঈস্ট	iʂʈ
উইকিপিডিয়া	u̯ikipidi̯aˑ
উইকিপিডিয়া	u̯ikipiɖi̯aˑ
উইকেটে	uikete
উইল	u̯il
উইলিয়াম	u̯ili̯am
উকিল	ukil
উখড়ানো	ukʰɹanoˑ
উখড়ানো	ukʰɽanoˑ
উখড়ানো	ukʰɾanoˑ
উচিত	utɕit̪
উচিত	utʃit̪
উচ্চ	utʃo
উচ্চাকাঙ্ক্ষী	utɕːakaŋkʰiˑ
উচ্চাকাঙ্ক্ষী	utʃːakaŋkʰiˑ
উচ্চারণ	utɕʰːaɹon
উচ্চারণ	utʃʰːaɾon
উজির	udʑiɹ
উজির	udʒiɾ
উজির	uziɹ
উজির	uziɾ
উট	ut
উট	uʈ
উট	uːt
উট	uːʈ
উঠবেন	utːbɛn
উঠলাম	utlamo
উঠলেন	utlɛn
উঠান	utʰan
উঠান	uʈʰan
উঠি	uti
উঠে	ˈut̪ʰe
উঠো	utːo
উড়া	uɹaˑ
উড়া	uɽaˑ
উড়া	uɾaˑ
উড়িষ্যা	uɹiʃːaˑ
উড়িষ্যা	uɽiʃːaˑ
উড়িষ্যা	uɾiʃːaˑ
উতল	utol
উত্তরাখণ্ড	ut̪ːɔɹakʰɔndoˑ
উত্তরাখণ্ড	ut̪ːɔɾakʰɔɳɖoˑ
উদয়	ud̪ɔe̯
উদাসিনতা	udaʃinɔta
উদাহরণ	ud̪aɦɔɹon
উদাহরণ	ud̪aɦɔɾon
উদ্বোধন	ud̪bod̪ʱɔn
উদ্ভিদ	ud̪bʱid̪
উদ্ভিদ	ud̪vid̪
উধাও	ud̪ʱao̯
উনআশি	unaʃiˑ
উনি	ani
উনি	uniˑ
উন্মত্ততা	unmɔt̪ːɔt̪aˑ
উন্মোচন	unmotɕon
উপকূল	upukul
উপচানো	uptɕanoˑ
উপচানো	uptʃanoˑ
উপজেলা	upɔzelaˑ
উপদ্বীপ	upɔd̪ːip
উপনয়ন	upɔnoe̯ɔn
উপনিষদ	uponiʃɔd̪
উপনীত	uponitʊ
উপন্যাস	uponːaʃ
উপমহাদেশ	upɔmɔɦad̪eʃ
উপমা	upoma
উপর	upoɾ
উপসাগর	upʊʃaguɾ
উপায়	upae̯
উপাসনা	upaʃɔnaˑ
উফ	uf
উফ	uːf
উভ	ubʱoˑ
উভ	uvoˑ
উভকামী	ubʱɔkamiˑ
উভকামী	uvɔkamiˑ
উম্মত	umːɔt̪
উরি	uɾi
উর্মি	urmi
উলঙ্গ	ulɔ̜ŋgɔ̝̜ˑ
উলু	uluˑ
উলুখাগড়া	ulukʰagɹaˑ
উলুখাগড়া	ulukʰagɽaˑ
উলুখাগড়া	ulukʰagɾaˑ
উষা	uʃa
উষ্ঞ্	uʃnɔ
উষ্ণ	uʃnoˑ
উৎপল	ut̪pɔˑl
উৎপাদনকারী	ut̪pad̪onkaɾi
উৎস	ut̪ʃoˑ
উৎসাহ	ut̪ʃaɦo
উঢ়	uɾo
উঢ়ি	uɾi
ঊ	uˑ
ঊণ	uːn˩˦
ঊত	uto
ঊনিশ	ũniʃ
ঊরু	uɾuː
ঊর্ধ্ব	uɾd̪ʱoˑ
ঊর্ধ্বতন	uɹd̪ʱːɔt̪on
ঊর্ধ্বতন	uɾd̪ʱːɔt̪on
ঊষা	ˈuʃa
ঋক্ষ	riko
ঋণ	rin
ঋণ	riːn
ঋণ	ɹin
ঋণিক	rinik
ঋণী	ɾini
ঋতু	rit̪uˑ
ঋতু	ɹit̪uˑ
ঋষি	riʃiˑ
ঋষি	ɹiʃiˑ
এঁকে	eke
এঁকে	ekeˑ
এঁকে	ẽkeˑ
এঁদের	ed̪eɹ
এঁদের	ẽd̪eɾ
এঁরা	eɾa
এই	ei
এইখানে	ei̯kʰane
এক	eːk
এক	æk
এক	æːk
এক	ɛk
এক	ɛːk
একই	eko˨˩i˨
একচল্লিশ	ektɕɔlːiʃ
একচল্লিশ	ektʃɔlːiʃ
একজিবিশন	egzibiʃɔn
একজিবিশন	ekzibiʃɔn
একটি	ekʈi
একটিও	eztio
একতরফা	ekt̪orfa
একতা	ækot̪aˑ
একত্রিশ	ekɔt̪ːɹiʃ
একত্রিশ	ekɔt̪ːɾiʃ
একবার	ekbaɹ
একবার	ekbaɾ
একলব্য	æklobːoˑ
একলা	æklaˑ
একলা	ɛklaˑ
একশত	ækʃɔtɔ
একসাথে	ekʃat̪ʰe
একাকী	ekakiˑ
একাডেমি	ækaɖemiˑ
একাডেমি	ɛkademiˑ
একাত্তর	ekat̪ːɔɹ
একাত্তর	ekat̪ːɔɾ
একামত	ekamɔt̪
একামত	ikamɔt̪
একুশে	ekuʃeˑ
একে	eke
একে	ɛk
একেবারে	ekeˑbaɾe
এখতিয়ার	ekt̪i̯aɹ
এখতিয়ার	ekt̪i̯aɾ
এখতিয়ার	ext̪i̯aɹ
এখতিয়ার	ext̪i̯aɾ
এখন	ɛkɔ
এখান	ekʰan
এখানে	ekʰane
এখানে	ekʰne
এগারো	egaɹoˑ
এগারো	egaɾoˑ
এগুলা	egulaˑ
এজাজতনামা	edʑazɔt̪namaˑ
এজাজতনামা	edʒazɔt̪namaˑ
এটা	etaˑ
এটা	eʈaˑ
এটি	etiˑ
এটি	eʈiˑ
এডমন্টন	edɔmɔntɔn
এডমন্টন	eɖɔmɔɳʈɔn
এদিকে	edike
এদের	ed̪eɹ
এদের	ed̪eɾ
এন্ড্রু	æɳɖːɾuˑ
এন্ড্রু	ɛndːɹuˑ
এন্থনি	ænt̪ʰoniˑ
এন্থনি	ɛnt̪ʰoniˑ
এপ্রিল	epɹil
এপ্রিল	epɾil
এবং	ebon
এবং	eboŋ
এবং	ebɔŋ
এবার	ebar
এমনটা	amonta
এমনি	ɛmnɪ
এর	eɹ
এর	eɾ
এর	eːɾ
এরশাদ	eɹʃad̪
এরশাদ	eɾʃad̪
এরা	eɹaˑ
এরা	eɾaˑ
এলজাম	elzam
এলজাম	el̪dʑam
এলজাম	el̪dʒam
এলজিবিটি	el̪dʑibitiˑ
এলজিবিটি	el̪dʒibiʈiˑ
এলাকা	elakaˑ
এলাহাবাদ	elaɦabad̪
এলাহী	elahːim
এলিস	elˈis
এলেম	elem
এলোহিম	eloɦim
এস্তেমাল	est̪emal
এস্রাজ	esɹadʑ
এস্রাজ	esɾadʒ
ঐ	oi
ঐকিক	ojkik
ঐতিহাসিক	oi̯t̪iɦaʃik
ও	o
ওঁর	oɹ
ওঁর	õɹ
ওঁর	õɾ
ওঁরা	oɹaˑ
ওঁরা	õɹaˑ
ওঁরা	õɾaˑ
ওঃ	o
ওকে	ok
ওক্ত	okt̪
ওক্ত	okt̪oˑ
ওক্‌ত	okt̪
ওখান	okʰan
ওখানে	okʰaneˑ
ওগো	ogoˑ
ওজন	odʑon
ওজন	odʒon
ওজর	odʑɔɹ
ওজর	odʒɔɾ
ওজু	odʑuˑ
ওজু	odʒuˑ
ওজু	od̪zuˑ
ওজু	ozuˑ
ওঝা	odʑʱaˑ
ওঝা	odʒʱaˑ
ওঠাতে	otʰaʈe
ওঠালে	ʔotʰale
ওড়না	oɽnaˑ
ওড়া	oɹaˑ
ওড়া	oɽaˑ
ওড়া	oɾaˑ
ওড়িশা	oɹiʃaˑ
ওড়িশা	oɽiʃaˑ
ওড়িশা	oɾiʃaˑ
ওতফ	ot̪ɔfɔˑ
ওদিকে	odike
ওদের	od̪eɹ
ওদের	od̪eɾ
ওনাকে	unake
ওনারা	onara
ওফাত	ofat̪
ওমর	omoɹ
ওমর	omoɾ
ওয়াইন	o̯ai̯n
ওয়াইন	wˈaɪn
ওয়াকফ	o̯akf
ওয়াকফ	o̯akɔf
ওয়াকেফ	o̯akef
ওয়াক্ত	o̯akt̪
ওয়াক্‌ফ	o̯akf
ওয়াজ	o̯adʑ
ওয়াজ	o̯adʒ
ওয়াজ	o̯az
ওয়াজিব	o̯adʑib
ওয়াজিব	o̯adʒib
ওয়াতন	o̯at̪ɔn
ওয়াদা	o̯ad̪aˑ
ওয়ারিস	o̯aɹiʃ
ওয়ারিস	o̯aɾiʃ
ওয়ালেদ	o̯aled̪
ওয়ালেদা	o̯aled̪aˑ
ওয়াশিংটন	o̯aʃiŋtɔn
ওয়াশিংটন	o̯aʃiŋʈɔn
ওয়াস্তা	o̯ast̪aˑ
ওয়াহেগুরু	o̯aɦeguɹuˑ
ওয়াহেগুরু	o̯aɦeguɾuˑ
ওরফে	oɾofeˑ
ওরফে	oɾopʰeˑ
ওল	ol
ওল	oːl
ওলদ	olɔd̪
ওলন্দাজ	olond̪adʑ
ওলন্দাজ	olond̪adʒ
ওলি	oliˑ
ওশেনিয়া	oʃeni̯aˑ
ওষুধ	oʃud̪
ওষ্ঠ্য	ostʰːoˑ
ওষ্ঠ্য	oʂʈʰːoˑ
ওষ্ঠ্য	oʃtʰːoˑ
ওসমান	osman
ওস্তাদ	ost̪ad̪
ওহাইও	oɦai̯oˑ
ওয়ারিয়া	waɾia
ঔষধ	ou̯ʃɔd̪
ক	kɔː
ক	kɔˑ
কই	koi̯
কই	koj
কওমি	kolmi
কওয়া	kɔo̯aˑ
কক্সবাজার	kɔkʃɔbadʑaɹ
কক্সবাজার	kɔkʃɔbadʒaɾ
কখন	kɔkʰɔn
কঙ্গো	koŋgo
কটা	kɔʈa
কটা	kˈɔta
কঠিন	kɔtʰin
কঠিন	kɔʈʰin
কড়াই	kɔɽ̟ai̯
কণা	kɔnaˑ
কণ্ঠ্য	kɔntʰːoˑ
কণ্ঠ্য	kɔɳʈʰːoˑ
কথা	kɔt̪ʰaˑ
কথাবার্তা	kɔt̪ʰabaɹt̪aˑ
কথাবার্তা	kɔt̪ʰabaɾt̪aˑ
কদবেল	kɔd̪bel
কদর	kɔd̪oɹ
কদর	kɔd̪oɾ
কদাচিৎ	kɔd̪atɕit̪
কদাচিৎ	kɔd̪atʃit̪
কনুই	konu̯iˑ
কন্যা	oɳna
কপাল	kɔpal
কপি	kopiˑ
কপিত্থ	kopit̪ʰːoˑ
কফ	kɔ̜ːf
কফ	kɔ̜ːpʰ
কফ	kɔ̜ːɸ
কফি	kɔfiˑ
কবর	kɔboɹ
কবর	kɔboɾ
কবি	kobiˑ
কবিতা	kobit̪aˑ
কবুল	kobul
কবে	kɔbeˑ
কম	kɔm
কম	kɔːm
কমলা	komala
কমলা	kɔmlaˑ
কমলা	kɔmolaˑ
কমা	koma
কমা	kɔma
কমানো	komano
কমানো	kɔmano
কমান্ডার	kɔmaːndaɾ
কম্পন	kmpon
কম্পিউটার	kɔmpiu̯taɹ
কম্পিউটার	kɔmpiu̯ʈaɾ
কম্পিউটিং	kɔmpiu̯tiŋ
কম্পিউটিং	kɔmpiu̯ʈiŋ
কম্বল	kɔmbol
কয়থ	kɔe̯ot̪
কয়লা	kɔe̯laˑ
কয়লাখনি	kɔe̯lakʰoniˑ
কয়েক	kɔek
কয়েতবেল	kɔe̯et̪bel
কয়েথ	kɔet̪
কয়েদ	kɔed̪
করছিল	koɹtʃʰil
করতালি	kɹt̪aˑli
করব	kɔɾbʊ
করবি	ɔɾbi
করবেন	kuɾben
করলেন	kɾˈlin
করা	kora
করাই	olai
করাও	orau
করাচ্ছেন	kɾatʃʰeɔn
করাতে	koɾate
করান	ɔɾɔn
করানো	kɔrano
করালাম	kɾalaˑm
করি	kɔɾiː
করিম	koɹim
করিম	koɾim
করিস	kuɾiʃ
করিয়েছিলেন	ɔɾiɛtʃʰileʱɔn̪
করিয়ো	oɾioʊ
করুণ	koɾuːn
করুণাময়ী	orunamoi
করে	koɹeˑ
করে	koɾeˑ
করে	kʊɾˈɛ
করেছিল	koɾeˑtʃʰil
করেছিলাম	uɹetʃʰiˑlaˑm
করেন	koɾen
করোনা	kɔɹonaˑ
করোনা	kɔɾonaˑ
করোনাভাইরাস	kɔɹonabʱai̯ɹas
করোনাভাইরাস	kɔɹonavai̯ɹas
করোনাভাইরাস	kɔɾonabʱai̯ɾas
করোনাভাইরাস	kɔɾonavai̯ɾas
কর্ণ	kɔɹnoˑ
কর্ণ	kɔɾnoˑ
কর্ণাটক	kɔɹnatɔk
কর্ণাটক	kɔɾnaʈɔk
কর্তা	kɔɾta
কর্ম	kɔɹmoˑ
কর্ম	kɔɾmoˑ
কর্মকর্তা	kɔɹmɔkɔɹt̪aˑ
কর্মকর্তা	kɔɾmɔkɔɾt̪aˑ
কর্মবিরতি	kɾmɔbiˑɾt̪iˑ
কলকাতা	kolkat̪a
কলকাতা	kolkat̪aˑ
কলম	kɔlom
কলা	kɔläˑ
কলা	ˈola
কলাভবন	klaˑbʱabɔn
কলিকাতা	kolikat̪aˑ
কলিকাতা	ulikat̪a
কলিজা	kolidʑaˑ
কলিজা	kolidʒaˑ
কলেজ	kɔledʑ
কলেজ	kɔledʒ
কষ্ট	kɔstoˑ
কষ্ট	kɔʂʈoˑ
কষ্ট	kɔʃtoˑ
কসম	qɔsom
কস্তুর	kost̪uɹ
কস্তুর	kost̪uɾ
কস্তুরী	kost̪uɹiˑ
কস্তুরী	kost̪uɾiˑ
কাঁকই	kãkoi
কাঁকড়া	kakɹaˑ
কাঁকড়া	kãkɽaˑ
কাঁকড়া	kãkɾaˑ
কাঁচা	katɕaˑ
কাঁচা	kãtʃaˑ
কাঁচি	katɕiˑ
কাঁচি	kãtʃiˑ
কাঁঠাল	katʰal
কাঁঠাল	kãʈʰal
কাঁদা	kad̪aˑ
কাঁদা	kãd̪aˑ
কাঁধ	kãd̪ʱ
কাঁপা	kãpaˑ
কাউন	kau̯n
কাউয়া	kau̯aˑ
কাউর	kau̯ɹ
কাউর	kau̯ɾ
কাকলি	kakoliː
কাকাতুয়া	kakat̪u̯aˑ
কাগজ	kagodʑ
কাগজ	kagodʒ
কাগজ	kagoz
কাচ	katɕ
কাচ	katʃ
কাচ	kãtʃ
কাচা	katɕaˑ
কাচা	katʃaˑ
কাছ	katɕ
কাছ	katʃ
কাছা	katɕʰaˑ
কাছা	katʃʰaˑ
কাছে	katɕʰeˑ
কাছে	katʃʰe
কাছে	katʃʰeˑ
কাজ	kadʑ
কাজ	kadʒ
কাজাখস্তান	kazakʰst̪an
কাজী	kadʑiˑ
কাজী	kadʒiˑ
কাঞ্চন	kan˨˩tɕʰon˨˩˦
কাট	kɑːt
কাটছিল	ka˥˩tɕʰil˧˧
কাটছিলাম	kaɹtʃʰilam
কাটবি	kˈɑtbi
কাটল	atlo
কাটলাম	aplam
কাটা	kɑʈɑ
কাটাব	katabu
কাটিস	kapiʃ
কাটিয়েছিস	katiesis
কাটিয়ো	kaːʈio
কাটুন	katun
কাটে	katˈe
কাটেন	karen
কাঠ	kaʈ̟ʰ
কাঠি	kaʈ̟ʰi
কাঠিপোকা	käʈ̟ʰipokäˑ
কাড়া	kaɹaˑ
কাড়া	kaɽaˑ
কাড়া	kaɾaˑ
কাতার	kat̪aɹ
কাতার	kat̪aɾ
কাথিয়াবাড়	kat̪ʰiabaɹ
কাথিয়াবাড়	kat̪ʰiabaɽ
কাথিয়াবাড়	kat̪ʰiabaɾ
কাদা	kad̪aˑ
কান	kan
কান	kaːn
কানন	kanon
কানাডা	kãnaɾa
কানুন	kanun
কানুনগো	kanungoˑ
কান্না	kanːaˑ
কাপড়	kapoɹ
কাপড়	kapoɽ
কাপড়	kapoɾ
কাপাস	kapaʃ
কাপুচিনো	kaputʃuno
কাফেলা	kafelaˑ
কাবাব	kabab
কাবুল	kabul
কাম	kam
কাম	kaːm
কামড়	kamoɽ̟
কামড়ানো	kamɽ̟ano
কামরা	kamɹaˑ
কামরা	kamɾaˑ
কামস্থান	kämɔs̠t̪ʰäˑn
কামানো	kamanoˑ
কামার	kamak
কামিজ	kamiz
কায়েনাত	kae̯nat̪
কায়েম	kae̯m
কার	kaɹ
কার	kaɾ
কার	kaːɾ
কারওয়ান	kaɹo̯an
কারওয়ান	kaɾo̯an
কারণ	karon
কারাইল	kaɾajl
কার্ডিয়াক	kaɹdi̯ak
কার্ডিয়াক	kaɾɖi̯ak
কার্তিক	kaɹt̪ik
কার্তিক	kaɾt̪ik
কার্তুজ	kaɹt̪udʑ
কার্তুজ	kaɾt̪udʒ
কার্য	kaɹdʑoˑ
কার্য	kaɾdʒoˑ
কাল	kal
কাল	kɑːl
কালশিটে	kalʃitɛ
কালাবগী	kala˥ˀbogi
কালি	kaliˑ
কালীপ্রসন্ন	kalipɹoʃɔnːoˑ
কালীপ্রসন্ন	kalipɾoʃɔnːoˑ
কালেভদ্রে	kaˑlebʱɔd̪ɖɾe
কালো	kalo
কালো	kaloˑ
কাশা	kaʃa
কাশি	kaʃi
কাস্তে	kastɛ
কাহিনি	kaɦiniˑ
কাহিনী	kazini
কাহিনী	kaɦiniˑ
কাহিল	kaɦl
কি	kiː
কি	kiˑ
কি	tɕi
কিংকর্তব্যবিমূঢ়	kiŋkɔɹt̪ɔbːobimuɹoˑ
কিংকর্তব্যবিমূঢ়	kiŋkɔɾt̪ɔbːobimuɽoˑ
কিংকর্তব্যবিমূঢ়	kiŋkɔɾt̪ɔbːobimuɽʱoˑ
কিংকর্তব্যবিমূঢ়	kiŋkɔɾt̪ɔbːobimuɾɦoˑ
কিংখাব	kiŋkʰab
কিংবা	kiŋbaˑ
কিছু	kitɕʰuˑ
কিছু	kitʃu
কিছু	kitʃʰuˑ
কিছুক্ষণ	kitɕʰukʰːɔn
কিছুক্ষণ	kitʃʰukʰːɔn
কিঞ্চিৎ	kintʃik
কিতাব	kit̪ab
কিপটা	kiptaˑ
কিপটা	kipʈaˑ
কিভাবে	kiːbʱaˑbe
কিরগিজস্তান	kiɹgizst̪an
কিরগিজস্তান	kiɾgizst̪an
কিরণ	kiɹon
কিরণ	kiɾon
কিল	kɪl
কিশমিশ	kismis
কিশমিশ	kiʃmiʃ
কিশোর	kiʃoɹ
কিশোর	kiʃoɾ
কিসমত	kismot̪
কিসিম	kisim
কিসিম	kiʃim
কিস্তিমাত	kist̪imat̪
কী	ki
কুঁকড়া	kukɹaˑ
কুঁকড়া	kũkɽaˑ
কুঁকড়া	kũkɾaˑ
কুইবেক	ku̯ibek
কুউ	ku̯uˑ
কুড়ি	kuɹiˑ
কুড়ি	kuɽiˑ
কুড়ি	kuɾiˑ
কুড়িগ্রাম	kuɹigɹam
কুড়িগ্রাম	kuɽigɾam
কুড়িগ্রাম	kuɾigɾam
কুত্তা	kut̪ːaˑ
কুদেতা	kud̪et̪aˑ
কুবের	kubeɹ
কুবের	kubeɾ
কুমড়া	kumɹaˑ
কুমড়া	kumɽaˑ
কুমড়া	kumɾaˑ
কুমড়ো	kumɹoˑ
কুমড়ো	kumɽoˑ
কুমড়ো	kumɾoˑ
কুমার	kumaɹ
কুমার	kumaɾ
কুমারীত্ব	kumaɹit̪ːoˑ
কুমারীত্ব	kumaɾit̪ːoˑ
কুমির	kumiɹ
কুমির	kumiɾ
কুমীর	kumiɹ
কুমীর	kumiɾ
কুম্ভ	kumbʱoˑ
কুম্ভ	kumvoˑ
কুয়াশা	kuaʃa
কুয়াশা	ku̯aʃaˑ
কুরআন	kuɹan
কুরআন	kuɾan
কুরসি	kuɾsi
কুল	kul
কুলখানি	kulkʰaniˑ
কুশিয়ার	kuʃijaɾ
কুষ্টিয়া	kuʂʈi̯aˑ
কুষ্ঠ	kustʰoˑ
কুষ্ঠ	kuʂʈʰoˑ
কুষ্ঠ	kuʃtʰoˑ
কুসুম	kuʃum
কুস্তি	kust̪iˑ
কুস্তুন্তুনিয়া	kust̪unt̪uni̯aˑ
কুয়েত	kuet̪
কূর্ম	kuɾmɔ
কৃতকার্য	pɾit̪ɔkaɾdʒoˑ
কৃত্রিম	kɹit̪ːɹim
কৃত্রিম	kɾit̪ːɾim
কৃষি	kɹiʃiˑ
কৃষি	kɾiʃiˑ
কৃষিকার্য	kɹiʃikaɹdʑoˑ
কৃষিকার্য	kɾiʃikaɾdʒoˑ
কৃষ্ণ	kɾiʃno
কৃষ্ণ	kɾiʃnoˑ
কে	keː
কে	keˑ
কে	sɛ
কেউ	keuˑ
কেক	kek
কেক	keːk
কেটে	kete
কেটেছিলাম	ketetʃilam
কেতা	ket̪aˑ
কেদারা	ked̪aɾaˑ
কেন	kæn
কেন	kænoˑ
কেন	kæːn
কেনা	kena
কেনানো	kenano
কেনে	kene
কেন্দ্র	kend̪ːɹoˑ
কেন্দ্র	kend̪ːɾoˑ
কেবল	kbɔl
কেমন	kemon
কেমন?	kmon
কেয়ামত	keamɔt̪
কেরল	keɹɔl
কেরল	keɾɔl
কেরামত	keɹamɔt̪
কেরামত	keɾamɔt̪
কেরামতি	keɹamot̪iˑ
কেরামতি	keɾamot̪iˑ
কেরালা	keɹalaˑ
কেরালা	keɾalaˑ
কেরোসিন	keɹoʃin
কেরোসিন	keɾoʃin
কেল্লা	kelːaˑ
কেল্লাফতে	kelːafot̪eˑ
কেষ্ট	keʂʈo
কেষ্টবিষ্টু	keʂʈobiʂʈuˑ
কৈ	koi̯
কোকিল	kokil
কোটি	koʈ̟iˑ
কোঠা	kotʰaˑ
কোঠা	koʈʰaˑ
কোতোয়াল	ot̪oal
কোথায়	kot̪ʰae̯
কোথায়	ˈkot̪ʰɑj
কোদাল	kod̪äˑl
কোদালি	kod̪aliˑ
কোন	kon
কোন	koːn
কোন	kɔn
কোনও	kono
কোনখানে	konkʰaneˑ
কোনটা	kɔndaˑ
কোনা	kona
কোনো	konoˑ
কোন্দল	kondɔl
কোমর	komoɹ
কোমর	komoɾ
কোয়ালা	ɢoala
কোলবালিশ	kolbaliʃ
কোলা	kola
কোলাহল	ˈkolɑɦɔl
কোশ	koːs̠
কোষ	kʊʃ
কোষ্টা	koʂʈaˑ
কোহিনূর	koɦinuɹ
কোহিনূর	koɦinuɾ
কৌঁসুলি	kou̯ʃuliˑ
কৌঁসুলি	koũʃuliˑ
কৌমুদী	kou̯mud̪iˑ
কৌলিক	kou̯liˑk
ক্যা	kæː
ক্যা	kæˑ
ক্যা	kɛː
ক্যা	kɛˑ
ক্যানোপাস	kænopaʃ
ক্যানোপাস	kɛnopaʃ
ক্যান্ডি	kæɳɖiˑ
ক্যান্ডি	kɛndiˑ
ক্যামেরা	kameɾa
ক্যালগারি	kælgaɾiˑ
ক্যালগারি	kɛlgaɹiˑ
ক্যালসিয়াম	kalʃiam
ক্যালিফর্নিয়া	kælifɔɾni̯aˑ
ক্যালিফর্নিয়া	kɛlifɔɹni̯aˑ
ক্যাসিনো	kasio
ক্রিয়া	kɹi̯aˑ
ক্রিয়া	kɾi̯aˑ
ক্রিয়াপদ	kɹi̯apɔd̪
ক্রিয়াপদ	kɾi̯apɔd̪
ক্রুশ	kɹuʃ
ক্রুশ	kɾuʃ
ক্রুশ	kɾuːʃ
ক্রোমিয়াম	kromiam
ক্রোশ	kɾoːs̠
ক্লান্ত	klanto
ক্লাস	kläːs̠
ক্লিক	klikː
ক্লিন্ন	klinno
ক্লিশিত	kliʃito
ক্লিষ্টতা	kliʃtota
ক্লেশ	fles
ক্লেশপ্রাপ্ত	kleʃprapto
ক্লেশিত	kleʃito
ক্ষণে	kone
ক্ষতিকর	kʰot̪ikɔɹ
ক্ষতিকর	kʰot̪ikɔɾ
ক্ষতিপূরণ	kʰt̪iˑpʊɹon
ক্ষত্রিয়	kʰot̪ːɹi̯oˑ
ক্ষত্রিয়	kʰot̪ːɾi̯oˑ
ক্ষমতা	kʰɔmot̪aˑ
ক্ষমতাশালী	kʰɔmot̪aʃaliˑ
ক্ষমা	kʰɔmaˑ
ক্ষরণ	kɾɔn
ক্ষীর	kʰiːɾ
ক্ষুদ্র	kʰud̪ːɹoˑ
ক্ষুদ্র	kʰud̪ːɾoˑ
ক্ষুধা	kʰud̪ʱaˑ
ক্ষুধার্ত	kʰud̪ʱaɹt̪oˑ
ক্ষুধার্ত	kʰud̪ʱaɾt̪oˑ
ক্ষেত্র	kʰet̪ːɹoˑ
ক্ষেত্র	kʰet̪ːɾoˑ
কৎবেল	kɔt̪bel
খড়	kʰɔɽ
খণ্ড	kʰɔndoˑ
খণ্ড	kʰɔɳɖoˑ
খন	on
খন্দকার	kʰɔnd̪okaɹ
খন্দকার	kʰɔnd̪okaɾ
খবর	kʰɔboɹ
খবর	kʰɔboɾ
খবরদার	kʰɔboɹd̪aɹ
খবরদার	kʰɔboɾd̪aɾ
খবিশ	kʰobiʃ
খবীস	kʰɔ̝biˑs
খয়রাত	kʰɔe̯ɹat̪
খয়রাত	kʰɔe̯ɾat̪
খয়ের	kʰɔeɹ
খয়ের	kʰɔeɾ
খরগোশ	kʰɔrgoʃ
খরচ	kʰɔɹotɕ
খরচ	kʰɔɾotʃ
খরা	kɔra
খসরু	kʰosɹuˑ
খসরু	kʰosɾuˑ
খা	kʰaː
খাঁচা	kʰatɕaˑ
খাঁচা	kʰãtʃaˑ
খাঁটি	kʰatiˑ
খাঁটি	kʰãʈiˑ
খাই	kʰai̯
খাই	kʰʰai˨˩
খাওয়া	kʰao̯aˑ
খাওয়ানো	kʰawano
খাওয়া	kʰaua
খাক	kak
খাগড়া	kʰagɹaˑ
খাগড়া	kʰagɽaˑ
খাগড়া	kʰagɾaˑ
খাজনা	kʰadʑnaˑ
খাজনা	kʰadʒnaˑ
খাজনা	kʰaznaˑ
খাট	kʰäːʈ̟
খাড়া	kʰaɹaˑ
খাড়া	kʰaɽaˑ
খাড়া	kʰaɾaˑ
খাতা	kʰat̪aˑ
খাতির	kʰat̪iɹ
খাতির	kʰat̪iɾ
খাদেম	kʰad̪em
খান	klan
খান	kʰan
খান	kʰaːn
খানকি	kʰankiˑ
খানকি	kˈʌnki
খানদান	kʰand̪an
খানা	kʰanaˑ
খাব	kabo
খাবার	kʰabaɹ
খাবার	kʰabaɾ
খাবি	kabiː
খাবে	kabe
খাবেন	kʰabɛn
খাম	tam
খামাখা	kʰamakʰaˑ
খায়েশ	kʰae̯ʃ
খারাপ	kʰaɹap
খারাপ	kʰaɾap
খারাব	kʰaɹab
খারাব	kʰaɾab
খাল	kʰal
খালি	kʰaliˑ
খালেদ	kʰaled̪
খাসী	kʰaʃiˑ
খাহেশ	kʰaɦeʃ
খায়	kʰaː˥˩
খিদা	kʰid̪aˑ
খিলান	kilan
খুজুটিপাড়া	kʰudʑutipaɹaˑ
খুজুটিপাড়া	kʰudʒuʈipaɽaˑ
খুজুটিপাড়া	kʰudʒuʈipaɾaˑ
খুব	kʰub
খুব	kʰuːb
খুবসুরত	kʰubsuɹɔt̪
খুবসুরত	kʰubsuɾɔt̪
খুবসুরতি	kʰubʃuɹot̪iˑ
খুবসুরতি	kʰubʃuɾot̪iˑ
খুলনা	xʊlna
খুশকি	kʰuʃkiˑ
খুশবু	kʰuʃbuˑ
খুশি	kʰuʃiˑ
খুষি	kʰuʃi
খেও	kio
খেজুর	kidʒuɾ
খেত	kʰet̪
খেতে	kete
খেদমত	kʰed̪mɔt̪
খেয়ানত	kʰeanɔt̪
খেয়াল	kʰeal
খেলনা	kʰælnaˑ
খেলা	kælɑ
খেয়ে	kʰeː
খৈ	kɔʎ
খোঁজা	koʒa
খোঁজা	kʰodʑaˑ
খোঁজা	kʰõdʑaˑ
খোঁজা	kʰõdʒaˑ
খোঁড়া	kʰoɽ̟a
খোঁড়ানো	kʰoɽ̟ano
খোঁপা	kʰõpa
খোকা	kˈuka
খোদ	kʰod̪
খোদ	xod̪
খোয়াব	kʰo̯ab
খোলা	kʰola
খোশ	kʰoʃ
খোশ	kʰoːʃ
খ্রিস্ট	kʰɹistoˑ
খ্রিস্ট	kʰɹiʃtoˑ
খ্রিস্ট	kʰɾiʂʈoˑ
খ্রিস্টধর্ম	kʰɹistɔd̪ʱɔɹmoˑ
খ্রিস্টধর্ম	kʰɾisʈɔd̪ʱɔɾmoˑ
খ্রিস্টধর্ম	kʰɾiʂʈɔd̪ʱɔɾmoˑ
খ্রিস্টান	kʰɹistan
খ্রিস্টান	kʰɹiʃtan
খ্রিস্টান	kʰɾiʂʈan
গ	gɔ
গগন	gɔgon
গঙ্গা	gõŋga
গঙ্গা	gɔŋgaˑ
গঙ্গোপাধ্যায়	gɔŋgopad̪ʱːae̯
গজল	gɔdʑol
গজল	gɔdʒol
গজল	gɔzol
গঞ্জ	gɔndʑ
গঞ্জ	gɔndʒ
গঠন	gɔtʰɔn
গঠন	gɔʈʰɔn
গড়	gɔɹ
গড়	gɔɽ
গড়াই	ɣoɾai
গণ	gɔn
গণতন্ত্র	gɔnot̪ɔnt̪ːɹoˑ
গণতন্ত্র	gɔnot̪ɔnt̪ːɾoˑ
গণতান্ত্রিক	gɔnot̪ant̪ːɹik
গণতান্ত্রিক	gɔnot̪ant̪ːɾik
গণনা	gɔnonaˑ
গণপ্রজাতন্ত্রী	gɔnopɹodʑat̪ɔnt̪ːɹiˑ
গণপ্রজাতন্ত্রী	gɔnopɾodʒat̪ɔnt̪ːɾiˑ
গণহত্যা	gɔnoɦot̪ːaˑ
গণেশ	gɔneʃ
গণ্ডার	gɔndaɹ
গণ্ডার	gɔɳɖaɾ
গতি	gɔt̪iˑ
গতিধারা	gt̪iːd̪ʱaɾa
গতিবেগ	gɔt̪ibeg
গদ্দার	gɔd̪ːaɹ
গদ্দার	gɔd̪ːaɾ
গন্ডার	gɔndaɹ
গন্ডার	gɔndaɾ
গন্ডার	gɔɳɖaɾ
গন্ধ	gɔnd̪ʱoˑ
গপ	gɔp
গভীর	gobʱiɹ
গভীর	gobʱiɾ
গভীর	goviɹ
গভীর	goviɾ
গম	gɔm
গয়না	gɔe̯naˑ
গয়না	gɔjna
গরম	gɔɹom
গরম	gɔɾom
গরমকাল	gɔɹomkal
গরমকাল	gɔɾomkal
গরিলা	goɹilaˑ
গরিলা	goɾilaˑ
গরীব	goɹib
গরীব	goɾib
গরু	goɹuˑ
গরু	goɾuˑ
গরুড়	goɾuɹ
গরুড়	goɾuɽ
গর্ত	gɔɾt̪oˑ
গর্দান	gɔɹd̪an
গর্দান	gɔɾd̪an
গর্ব	gɔrbo
গল	gɔl
গলা	gɔlaˑ
গলি	goliˑ
গল্প	gɔlpo
গল্প	gɔlpoˑ
গহনা	gɔɦonaˑ
গহির	goɦiˑɾ
গহির	gɔ̝̜ɦiˑɾ
গা	da
গা	gaˑ
গাঁ	gaˑ
গাঁ	gãˑ
গাঁইয়া	gai̯aˑ
গাঁইয়া	gãi̯aˑ
গাঁও	gao̯
গাঁও	gãoˑ
গাঁওয়ালী	gao̯aliˑ
গাঁওয়ালী	gão̯aliˑ
গাঁজা	gadʑaˑ
গাঁজা	gãdʒaˑ
গাঁট	gat
গাঁট	gãʈ
গাই	gai̯
গাওয়া	gao̯aˑ
গাওয়া	gau̯a
গাঙ্গেয়	gaŋgeoˑ
গাছ	gas
গাছ	gatɕ
গাছ	gatʃ
গাছপালা	katʃpala
গাজর	gadʑoɹ
গাজর	gadʒoɾ
গাজী	gadʑiˑ
গাজী	gadʒiˑ
গাড়া	gaɹaˑ
গাড়া	gaɽaˑ
গাড়া	gaɾaˑ
গাড়ি	gaɹiˑ
গাড়ি	gaɽiˑ
গাড়ি	gaɾiˑ
গাড়ি	gˈaɾi
গাড়ী	gaɽ̟i
গাঢ়	gaɹoˑ
গাঢ়	gaɽoˑ
গাঢ়	gaɽʱoˑ
গাঢ়	gaɾɦoˑ
গান	gan
গান্ধী	gand̪ʱiˑ
গাভিন	gabʱin
গামছা	gamtɕʰaˑ
গামছা	gamtʃʰaˑ
গামছা	gmtʃʰa
গামলা	amla
গামলা	gamlaˑ
গারবা	gaɹbaˑ
গারবা	gaɾbaˑ
গাল	gal
গালি	galiˑ
গালিচা	galitɕaˑ
গালিচা	galitʃaˑ
গাড়ি	gaɾi
গিজার	gid̪ʒaɾ
গিজার	gizaɾ
গিটার	gitaɹ
গিটার	giʈaɾ
গিনি	vini
গিফট	gˈɪft
গির্জা	giɹdʑaˑ
গির্জা	giɾdʒaˑ
গু	guˑ
গু	gˈu
গুঁড়া	gũɽa
গুঁড়ি	guɾi
গুইমারা	gujmaɾa
গুগল	gugloˑ
গুগল	gugɔl
গুজরাত	gudʑɹat̪
গুজরাত	gudʒɾat̪
গুণা	gunaˑ
গুদাম	gud̪am
গুন	ˈun
গুনাগার	gunagaɹ
গুনাগার	gunagaɾ
গুনাহ	gunaˑ
গুপ্ত	gupt̪oˑ
গুফা	gufaˑ
গুম	gum
গুমোট	gumot
গুমোট	gumoʈ
গুম্ফা	gumfaˑ
গুরু	guɹuˑ
গুরু	guɾuˑ
গুরুত্ব	guɹut̪ːoˑ
গুরুত্ব	guɾut̪ːoˑ
গুরুত্বপূর্ণ	guɹut̪ːɔpuɹnoˑ
গুরুত্বপূর্ণ	guɾut̪ːɔpuɾnoˑ
গুল	gul
গুলজার	gulzaɹ
গুলজার	gulzaɾ
গুলদাস্তা	gul̪d̪ast̪aˑ
গুলবনফ্‌শা	gulbɔnofʃaˑ
গুলশান	gulʃan
গুলি	guliˑ
গুলিবিদ্ধ	gulibidˈo
গুলিস্তান	gulist̪an
গুহা	guɦaˑ
গৃহ	gɹiɦoˑ
গৃহ	gɾiɦoˑ
গৃহিণী	gɾixini
গেঁয়ো	geoˑ
গেঁয়ো	gẽe̯oˑ
গেছে	getʃe
গেঞ্জি	gendʑiˑ
গেঞ্জি	gendʒiˑ
গেঞ্জি	genziˑ
গেরাম	geɹam
গেরাম	geɾam
গেলা	gela
গেলাম	gɛlam
গেলি	gæli
গৈরিক	goi̯ɹik
গৈরিক	goi̯ɾik
গোখরা	gukra
গোনা	gona
গোনা	guna
গোপাল	gopal
গোফা	gofäˑ
গোফা	gopʰäˑ
গোফা	goɸäˑ
গোবর	gɔboɹ
গোবর	gɔboɾ
গোমূত্র	gomut̪ːɹoˑ
গোমূত্র	gomut̪ːɾoˑ
গোয়া	go̯aˑ
গোয়েন্দা	goend̪aˑ
গোরু	goɹuˑ
গোরু	goɾuˑ
গোলক	gɔlɔk
গোলন্দাজ	golɔnd̪adʑ
গোলন্দাজ	golɔnd̪adʒ
গোলপাতা	golpatːa
গোলাপ	golap
গোলাপজল	golapdʑɔl
গোলাপজল	golapdʒɔl
গোলাম	golam
গোশত	gɔst̪oˑ
গোশত	gɔʃt̪
গোশত	gɔʃt̪oˑ
গোষ্ঠী	gostʰiˑ
গোষ্ঠী	goʂʈʰiˑ
গোষ্ঠী	goʃtʰiˑ
গোসল	gosol
গোসাঁই	goʃai̯
গোসাঁই	goʃãiˑ
গোস্বামী	goʃːamiˑ
গৌড়	gou̯ɹ
গৌড়	gou̯ɽ
গৌতম	gou̯t̪om
গৌরব	gˈoʊɹˈɑb
গ্যাস	gæʃ
গ্যাস	gɛʃ
গ্রন্থাগার	gɹont̪ʰagaɹ
গ্রন্থাগার	gɾont̪ʰagaɾ
গ্রন্থি	gɹɔnt̪ʰiˑ
গ্রন্থি	gɾɔnt̪ʰiˑ
গ্রহ	gɹoɦoˑ
গ্রহ	gɾoɦoˑ
গ্রাম	gɹam
গ্রাম	gɾam
গ্রাহিকা	gɾahika
গ্রিসের	gɾiseɾ
গ্রীবা	griba
গ্রীষ্ম	gɹiʃːoˑ
গ্রীষ্ম	gɾiʃːoˑ
গ্রীষ্মকাল	gɾiʃmokalː
গ্রীসের	gɾisˈeɾ
গ্রেপ্তার	gɹept̪aɹ
গ্রেপ্তার	gɾept̪aɾ
গ্রেফতার	gɹeft̪aɹ
গ্রেফতার	gɾeft̪aɾ
গ্লাস	glaʃ
গ্লোব	glob
ঘ	gɔ
ঘটা	gʱɔʈa
ঘটানো	gʱɔʈano
ঘড়ি	gʱoɹiˑ
ঘড়ি	gʱoɽiˑ
ঘড়ি	gʱoɾiˑ
ঘণ্টা	gʱɔntaˑ
ঘণ্টা	gʱɔɳʈaˑ
ঘর	gʱɔɹ
ঘর	gʱɔɾ
ঘষা	gʱɔʃaˑ
ঘাঁটা	gʱãʈ̟ɑˑ
ঘাড়	gʱaɹ
ঘাড়	gʱaɽ
ঘাম	gʱam
ঘামা	gʱama
ঘামানো	gʱamano
ঘি	gʱiˑ
ঘুড়ি	gʱuɹiˑ
ঘুড়ি	gʱuɽiˑ
ঘুড়ি	gʱuɾiˑ
ঘুমা	guma
ঘুমাই	gumai
ঘুমাও	gʱumaw
ঘুমাক	gumak
ঘুমান	gʱumɑːn
ঘুমানো	gʱumano
ঘুমালে	gʱuməle
ঘুমিয়ে	bʱumie
ঘৃণা	gʱɹinaˑ
ঘৃণা	gʱɾinaˑ
ঘেঁষা	gʱæ̃ʃaˑ
ঘেঁষা	gʱɛʃaˑ
ঘেয়ো	gɛɔ
ঘেরা	gʱeraˑ
ঘোঙ্গা	gʱoŋgäˑ
ঘোমটা	gʱomtaˑ
ঘোমটা	gʱomtɕa
ঘোমটা	gʱomʈaˑ
ঘোরা	gʱora
ঘোষ	gʱoʃ
ঘোষ	gʱoːs̠
ঘোষাল	gʱos̠äˑl
ঘোষাল	gʱoʃal
ঘৌ	gˈoʊ
চ	tɕɔː
চ	tɕɔˑ
চ	tʃa
চ	tʃɔː
চ	tʃɔˑ
চউখ	sɔux
চউখ	t̪sɔuk
চওড়া	tɕɔo̯ɹaˑ
চওড়া	tʃɔo̯ɽaˑ
চওড়া	tʃɔo̯ɾaˑ
চওড়া	tʃoɾa
চকলেট	tɕɔklet
চকলেট	tɕɔkolet
চকলেট	tʃɔkleʈ
চকলেট	tʃɔkoleʈ
চক্র	tɕɔkɹoˑ
চক্র	tʃɔkɾoˑ
চক্রবর্তী	tɕɔkɹɔboɹt̪iˑ
চক্রবর্তী	tʃɔkɾɔboɾt̪iˑ
চচ্চড়ি	tɕɔtɕːoɹiˑ
চচ্চড়ি	tʃɔtʃːoɽiˑ
চচ্চড়ি	tʃɔtʃːoɾiˑ
চট্টগ্রাম	tɕɔtːogɹam
চট্টগ্রাম	tʃɔʈːogɾam
চট্টোপাধ্যায়	tɕɔtːopad̪ʱːae̯
চট্টোপাধ্যায়	tʃɔʈːopad̪ʱːae̯
চড়	tʃɔɽ̟
চড়া	tɕɔɹaˑ
চড়া	tʃoɾa
চড়া	tʃɔɽaˑ
চড়া	tʃɔɾaˑ
চড়াই	tʃɔɽai̯
চন্দন	tɕɔnd̪ɔn
চন্দন	tʃɔnd̪ɔn
চন্দ্র	tɕɔnd̪ːɹoˑ
চন্দ্র	tʃɔnd̪ːɾoˑ
চন্দ্রগ্রহণ	tɕɔnd̪ːɹɔgɹɔɦon
চন্দ্রগ্রহণ	tʃɔnd̪ːɾɔgɾɔɦon
চন্দ্রবিন্দু	tɕɔnd̪ːɹobind̪uˑ
চন্দ্রবিন্দু	tʃɔnd̪ːɾobind̪uˑ
চন্দ্রমুখী	t̪sɔ̃n̪d̪ɾɔmukʰi
চব্বিশ	tɕobːiʃ
চব্বিশ	tʃobːiʃ
চমক	tʃoˈmok
চম্পা	tɕɔmpaˑ
চম্পা	tʃɔmpaˑ
চমৎকার	tɕɔmɔt̪kaɹ
চমৎকার	tʃɔmɔt̪kaɾ
চরম	tɕɔɹom
চরম	tʃaɾom
চরম	tʃɔɾom
চরাচর	tʃoɾatʃoɾ
চর্বি	tɕoɹbiˑ
চর্বি	tʃoɾbiˑ
চর্যাপদ	tɕɔɹdʑapɔd̪
চর্যাপদ	tʃɔɾdʒapɔd̪
চলচ্চিত্র	tɕɔlotɕːit̪ːɹoˑ
চলচ্চিত্র	tʃɔlotʃːit̪ːɾoˑ
চলা	tʃɔlaˑ
চলে	tʃole
চশম	tɕɔʃom
চশম	tʃɔʃom
চশমা	tɕɔʃmaˑ
চশমা	tʃɔʃmaˑ
চা	tɕaː
চা	tɕaˑ
চা	tʃaː
চা	tʃaˑ
চাঁছা	tɕatɕʰaˑ
চাঁছা	tʃãtʃʰaˑ
চাঁটগাঁ	satgaˑ
চাঁটগাঁ	tɕatgaˑ
চাঁটগাঁ	tʃãʈgãˑ
চাঁটগাঁ	t̪satgaˑ
চাঁদ	tɕad̪
চাঁদ	tʃãd̪
চাঁপা	tɕapaˑ
চাঁপা	tʃãpaˑ
চাউর	tɕau̯ɹ
চাউর	tʃau̯ɾ
চাউল	sau̯l
চাউল	tɕau̯l
চাউল	tʃau̯l
চাউল	t̪sau̯l
চাওয়া	tʃawaˑ
চাওয়া	tʃaˈa
চাকমা	tɕakmaˑ
চাকমা	tʃakmaˑ
চাকরানী	tɕakɹaniˑ
চাকরানী	tʃakɾaniˑ
চাকরী	tɕakɹiˑ
চাকরী	tʃakɾiˑ
চাকা	tɕakaˑ
চাকা	tʃakaˑ
চাকু	tɕakuˑ
চাকু	tʃakuˑ
চাটগাঁ	satgaˑ
চাটগাঁ	tɕatgaˑ
চাটগাঁ	tʃaʈgãˑ
চাটগাঁ	t̪satgaˑ
চাটনি	tɕatniˑ
চাটনি	tʃaʈniˑ
চাটা	tɕataˑ
চাটা	tʃaʈaˑ
চাটুজ্জে	tɕatudʑːeˑ
চাটুজ্জে	tʃaʈudʒːeˑ
চাতক	tɕat̪ok
চাতক	tʃat̪ok
চাদর	tɕad̪oɹ
চাদর	tʃaduɾ
চাদর	tʃad̪oɾ
চান্দ্র	tɕand̪ːɹoˑ
চান্দ্র	tʃand̪ːɾoˑ
চাপ	tɕap
চাপ	tɕaːp
চাপ	tʃap
চাপ	tʃaːp
চাপা।	tʃapa
চাপাতি	tɕapat̪iˑ
চাপাতি	tʃapat̪iˑ
চাবি	tsiabi
চাবি	tɕabiˑ
চাবি	tʃabiˑ
চাবুক	tɕabuk
চাবুক	tʃabuk
চামচ	tɕamotɕ
চামচ	tɕamutɕ
চামচ	tʃamotʃ
চামচ	tʃamutʃ
চামচড়া	santɕɔɾa
চামচড়া	tsantɕɔɾa
চামড়া	tɕamɹaˑ
চামড়া	tʃamɽaˑ
চামড়া	tʃamɾaˑ
চামেলি	tɕameliˑ
চামেলি	tʃameliˑ
চার	tɕaɹ
চার	tʃaɾ
চার	tʃaːr
চার	tʃaːɾ
চারপাশ	tʃarpaːs
চারু	tʃaɾuz
চার্চ	tɕaɹtɕ
চার্চ	tʃaɾtʃ
চার্লস	tɕaɹls
চার্লস	tʃaɾls
চাল	sal
চাল	tɕal
চাল	tɕaːl
চাল	tʃal
চাল	tʃaˈlu
চাল	tʃaːl
চাল	t̪sal
চালানো	tʃalano
চালু	tɕaluˑ
চালু	tʃaluˑ
চাষ	tɕaʃ
চাষ	tɕaːʃ
চাষ	tʃaʃ
চাষ	tʃaːʃ
চাষি	tʃaʃi
চি	tɕi˥˩
চিংড়ি	tɕiŋɹiˑ
চিংড়ি	tʃiŋɽiˑ
চিংড়ি	tʃiŋɾiˑ
চিকন	tɕikon
চিকন	tʃikon
চিটাগুড়	tɕitaguɹ
চিটাগুড়	tʃiʈaguɽ
চিটাগুড়	tʃiʈaguɾ
চিঠা	tʃiʈʰa
চিঠি	tɕitʰiˑ
চিঠি	tʃiʈʰiˑ
চিড়িয়াখানা	tɕiɹi̯akʰanaˑ
চিড়িয়াখানা	tʃiɽi̯akʰanaˑ
চিড়িয়াখানা	tʃiɾi̯akʰanaˑ
চিতা	tɕit̪aˑ
চিতা	tʃita
চিতা	tʃit̪aˑ
চিত্র	tɕit̪ːɹoˑ
চিত্র	tʃit̪ːɾoˑ
চিনি	tɕiniˑ
চিনি	tʃiniˑ
চিন্তা	tʃin̪t̪aˑ
চিবানো	tɕibanoˑ
চিবানো	tʃibanoˑ
চিমটি	tsinti
চিমনি	tɕimniˑ
চিমনি	tʃimniˑ
চিলি	tɕiliˑ
চিলি	tʃiliˑ
চিহ্ন	tɕinɦoˑ
চিহ্ন	tɕinːoˑ
চিহ্ন	tʃinɦoˑ
চিহ্ন	tʃinːoˑ
চিৎ	tɕit̪
চিৎ	tʃit̪
চীন	tʃin
চীনামাটি	tɕinamatiˑ
চীনামাটি	tʃinamaʈiˑ
চীনের	tʃineɾ
চুঁচি	tsũtsiˑ
চুঁচি	tʃũtʃiˑ
চুদা	tɕud̪aˑ
চুদা	tʃud̪aˑ
চুন	tɕun
চুন	tɕuːn
চুন	tʃun
চুন	tʃuːn
চুপ	tʃup
চুম্বন	tɕumbon
চুরি	tɕuɹiˑ
চুরি	tʃuɾiˑ
চুরুট	tɕuɹut
চুরুট	tʃuɾuʈ
চুরুলিয়া	tɕuɹuli̯aˑ
চুরুলিয়া	tʃuɾuli̯aˑ
চুল	sul
চুল	tɕul
চুল	tɕuːl
চুল	tʃul
চুল	tʃuːl
চুল	t̪sul
চুলা	tsula
চুলা	tɕulaˑ
চুলা	tʃulaˑ
চেনা	tʃena
চেনা	tʃɛna
চেপটা	tɕeptaˑ
চেপটা	tʃepʈaˑ
চেপে	tʃepe
চেয়ার	tɕeaɹ
চেয়ার	tʃeaɾ
চেয়ে	tɕeeˑ
চেয়ে	tɕeː
চেয়ে	tɕeˑ
চেয়ে	tʃeeˑ
চেয়ে	tʃeː
চেয়ে	tʃeˑ
চেষ্টা	tɕˈæʃta
চেহারা	tɕeɦaɹaˑ
চেহারা	tɕæɦaɹaˑ
চেহারা	tʃeɦaɾaˑ
চেহারা	tʃæɦaɾaˑ
চৈত্র	tɕoi̯t̪ːɹoˑ
চৈত্র	tʃoi̯t̪ːɾoˑ
চোখ	tɕox
চোখ	tɕoːk
চোখ	tʃox
চোখ	tʃoːk
চোদা	tɕod̪aˑ
চোদা	tʃod̪aˑ
চোর	tɕoɹ
চোর	tʃoɾ
চোর	tʃoːɾ
চোর	ʃuɾ
চোষা	tɕoʃaˑ
চোষা	tʃoʃaˑ
চোয়াল	tʃual
চৌধুরি	tsou̯d̪ʱuɾiˑ
চৌধুরি	tʃou̯d̪ʱuɾiˑ
চ্যাটার্জী	tɕɛtaɹdʑiˑ
চ্যাটার্জী	tʃæʈaɾdʒiˑ
চ্যাপটা	tɕɛptaˑ
চ্যাপটা	tʃæpʈaˑ
চড়ুই	tʃue
ছ	tɕja˥˥
ছক	tɕʰok
ছড়া	tʃoɾa
ছত্তিশগড়	tɕʰɔt̪ːisgɔɹ
ছত্তিশগড়	tʃʰɔt̪ːisgɔɽ
ছত্তিশগড়	tʃʰɔt̪ːisgɔɾ
ছত্তীসগঢ়	tʃɔt̪̚tisgɔɽ
ছত্রাক	tʃotˈrak
ছদ্মনাম	tɕʰɔd̪ːonam
ছদ্মনাম	tʃʰɔd̪ːonam
ছবি	tɕʰo˥˩bi˧˧
ছবি	tʃʰobi
ছয়	tɕʰɔe̯
ছয়	tʃʰɔe̯
ছা	tɕʰaː
ছা	tɕʰaˑ
ছা	tʃʰaː
ছা	tʃʰaˑ
ছাই	tɕʰai̯
ছাই	tʃʰai̯
ছাড়া	tʃʰaɽ̟a
ছাতা	tʃʰat̪a
ছাদ	tɕʰad̪
ছাদ	tʃʰad̪
ছানা	tɕʰanaˑ
ছানা	tʃʰanaˑ
ছাপা	tɕʰapaˑ
ছাপা	tʃʰapaˑ
ছাপান্ন	tɕʰapanːoˑ
ছাপান্ন	tʃʰapanːoˑ
ছায়াছবি	tɕʰae̯atɕʰbiˑ
ছায়াছবি	tʃʰae̯atʃʰbiˑ
ছাড়	tɕʰaɾ
ছি	siˑ
ছি	tɕʰiː
ছি	tɕʰiˑ
ছি	tɕʰi˥˥
ছি	tʃʰiː
ছি	tʃʰiˑ
ছিঃ	tɕʰi˥˩
ছিটকানো	tɕʰitkanoˑ
ছিটকানো	tʃʰiʈkanoˑ
ছিটমহল	tɕʰitmɔɦol
ছিটমহল	tʃʰiʈmɔɦol
ছিলাম	tʃʰlam
ছিলি	tɕʰi˥˥li˨˩˦
ছিলে	tʃile
ছুঁচ	tɕʰutɕ
ছুঁচ	tʃʰũtʃ
ছুটি	tɕʰutiˑ
ছুটি	tʃʰuʈiˑ
ছুড়ান	t̪ʃʰuɾä̃n̪
ছুরি	tɕʰuɹiˑ
ছুরি	tʃʰuɾiˑ
ছেঁচকি	tɕʰetɕkiˑ
ছেঁচকি	tʃʰẽtʃkiˑ
ছেঁড়া	tʃʰẽɽ̟aˑ
ছেচল্লিশ	tɕʰetɕɔlːiʃ
ছেচল্লিশ	tʃʰetʃɔlːiʃ
ছেলে	tɕʰeleˑ
ছেলে	tʃʰeleˑ
ছেলেধরা	tɕʰeled̪ʱɔɹaˑ
ছেলেধরা	tʃʰeled̪ʱɔɾaˑ
ছোঁয়া	tɕʰo̯aˑ
ছোঁয়া	tɕʰõaˑ
ছোঁয়া	tʃʰõaˑ
ছোঁয়া	tɕʰoŋa
ছোকরা	tɕʰokɹaˑ
ছোকরা	tʃʰokɾaˑ
ছোট	tɕʰotoˑ
ছোট	tʃʰoʈoˑ
ছোড়া	tʃʰoɽ̟aˑ
ছোলা	tɕʰolaˑ
ছোলা	tʃʰolaˑ
ছৌ	tɕʰou˥
জ	dʑɔː
জ	dʑɔˑ
জ	dʒa
জ	dʒɔˑ
জ	zɔˑ
জংলি	dʑoŋliˑ
জংলি	dʒoŋliˑ
জংশন	dzɔŋʃɔˑn
জংশন	dʒɔŋʃɔˑn
জওজ	dʑɔo̯dʑ
জওজ	dʒɔo̯dʒ
জওহর	dʑɔo̯ɦoɹ
জওহর	dʒɔo̯ɦoɾ
জখম	dʑɔkʰom
জখম	dʒɔkʰom
জগ	dʑɔg
জগ	dʒɔg
জঘন্য	dʑɔgʱonːoˑ
জঘন্য	dʒɔgʱonːoˑ
জঙ্গল	dʑɔngol
জঙ্গল	dʒɔngol
জজ	dʑɔdʑ
জজ	dʒɔdʒ
জটামাংসী	dʑɔtamaŋʃiˑ
জটামাংসী	dʒɔʈamaŋʃiˑ
জটিল	dʑotil
জটিল	dʒoʈil
জনসংখ্যা	dʑɔnoʃɔŋkʰaˑ
জনসংখ্যা	dʒɔnoʃɔŋkʰaˑ
জন্তু	dʑɔnt̪uˑ
জন্তু	dʒɔnt̪uˑ
জন্ম	dʑɔnmoˑ
জন্ম	dʒɔnmoˑ
জন্মদিন	dʑɔnmod̪in
জন্মদিন	dʒɔnmod̪in
জন্মভূমি	dʒɔnːmobʱmi
জন্মস্থান	dʑɔnmɔst̪ʰan
জন্মস্থান	dʒɔnmɔst̪ʰan
জন্য	dʑɔnːoˑ
জন্য	dʒɔnːoˑ
জন্যে	dʑɔnːeˑ
জন্যে	dʒɔnːeˑ
জপ	dʑɔp
জপ	dʑɔːp
জপ	dʒɔp
জপা	dʑɔpaˑ
জপা	dʒɔpaˑ
জফর	dʑɔfoɹ
জফর	dʒɔfoɾ
জফর	zɔfoɹ
জফর	zɔfoɾ
জবা	dʒɔbaˑ
জবাই	dʑɔbai̯
জবাই	dʒɔbai̯
জবাই	d̪zɔbai̯
জবাই	zɔbai̯
জবান	dʑɔban
জবান	dʒɔban
জবান	zɔban
জবাব	dʑɔbab
জবাব	dʒɔbab
জব্দ	dʑɔbd̪oˑ
জব্দ	dʒɔbd̪oˑ
জমাট	dʒɔmatʰ
জমানা	dʑɔmanaˑ
জমানা	dʒɔmanaˑ
জমানা	zɔmanaˑ
জমি	dʑomiˑ
জমি	dʒomiˑ
জমিদার	dʑomid̪aɹ
জমিদার	dʒomid̪aɾ
জয়ন্ত	dʑɔe̯ont̪oˑ
জয়ন্ত	dʒɔe̯ont̪oˑ
জয়পুরহাট	dʑɔɪ̯pʊɹɦaʈ
জরুরি	dʑoɹuɹiˑ
জরুরি	dʒoɾuɾiˑ
জরুরী	dʑoɹuɹiˑ
জরুরী	dʒoɾuɾiˑ
জল	dʑɔl
জল	dʑɔːl
জল	dʒɔl
জলকাক	dʒolka
জলদ	dʑɔlod̪
জলদ	dʒɔlod̪
জলদি	dʑol̪d̪iˑ
জলদি	dʒol̪d̪iˑ
জলপথে	dʑloˑpɔt̪ʰeˑ
জলবায়ু	dʑɔlobau̯
জলবায়ু	dʒɔlobau̯
জলসা	dʑɔlʃaˑ
জলসা	dʒɔlʃaˑ
জলহস্তী	dʑɔloɦɔst̪iˑ
জলহস্তী	dʒɔloɦɔst̪iˑ
জল্লাদ	dʑɔlːad̪
জল্লাদ	dʒɔlːad̪
জা	dʑaː
জা	dʑaˑ
জা	dʒaˑ
জাকারিয়া	dʑakaɹi̯aˑ
জাকারিয়া	dʒakaɾi̯aˑ
জাকারিয়া	zakaɹi̯aˑ
জাকারিয়া	zakaɾi̯aˑ
জাগরেব	dʒagrebe
জাগা	dʒaga
জাগানো	dʒagano
জাঙ্গিয়া	dʑaŋi̯aˑ
জাঙ্গিয়া	dʒaŋi̯aˑ
জাত	dʑat̪
জাত	dʒat̪
জাতি	dʑat̪iˑ
জাতি	dʒat̪iˑ
জাতিভ্রংশ	dʑat̪ibʱɹɔŋʃoˑ
জাতিভ্রংশ	dʑat̪ivɹɔŋʃoˑ
জাতিভ্রংশ	dʒat̪ibʱɾɔŋʃoˑ
জাতিভ্রংশ	dʒat̪ivɾɔŋʃoˑ
জাতিসংঘ	dʑat̪iʃɔngʱoˑ
জাতিসংঘ	dʒat̪iʃɔngʱoˑ
জাতীয়	dʑat̪i̯oˑ
জাতীয়	dʒat̪i̯oˑ
জাতীয়তা	dʑat̪i̯ot̪aˑ
জাতীয়তা	dʒat̪i̯ot̪aˑ
জাদু	dʑad̪uˑ
জাদু	dʒad̪uˑ
জাদুকর	dʑad̪ugɔɹ
জাদুকর	dʑad̪ukɔɹ
জাদুকর	dʒad̪ugɔɾ
জাদুকর	dʒad̪ukɔɾ
জানলা	dʑanlaˑ
জানলা	dʒanlaˑ
জানা	dʑanaˑ
জানা	dʒanaˑ
জানানো	dʑananoˑ
জানানো	dʒananoˑ
জানালা	dʑanalaˑ
জানালা	dʒanalaˑ
জানুয়ারি	dʑanu̯aɹiˑ
জানুয়ারি	dʒanu̯aɾiˑ
জানুয়ারী	januaɾi
জানোয়ার	dʑano̯aɹ
জানোয়ার	dʒano̯aɾ
জানোয়ার	dʒanuaɾ
জান্তা	dʒanta
জান্তাপ্রধান	dʑant̪aˑpɾod̪ʱan
জান্নাত	dʑanːat̪
জান্নাত	dʒanːat̪
জাফর	dʑafoɹ
জাফর	dʒafoɾ
জাফর	zaɸoɹ
জাফর	zaɸoɾ
জাফরান	zafɹan
জাফরান	zafɾan
জাভেদ	dʑabʱed̪
জাভেদ	dʑaved̪
জাভেদ	dʒabʱed̪
জাভেদ	dʒaved̪
জাভেদ	dʒaˈved
জাম	dʒɑːm
জামা	dʒama
জামাই	dʑamai̯
জামাই	dʒamai̯
জামাইকা	dʑamai̯kaˑ
জামাইকা	dʒamai̯kaˑ
জামাতা	dʑamat̪aˑ
জামাতা	dʒamat̪aˑ
জামিন	zamin
জামেয়া	dʑameaˑ
জামেয়া	dʒameaˑ
জায়গা	dʑae̯gaˑ
জায়গা	dʒae̯gaˑ
জায়নামাজ	dʑae̯namadʑ
জায়নামাজ	dʒae̯namadʒ
জাল	dʒɑl
জালাল	dʑalal
জালাল	dʒalal
জালেম	dʑalem
জালেম	dʒalem
জালেম	zalem
জাহাঁপনা	dʑaɦapɔnaˑ
জাহাঁপনা	dʒaɦãpɔnaˑ
জাহাজ	dʑaɦadʑ
জাহাজ	dʒaɦadʒ
জাহাজ	d̪zaɦaz
জাহাজ	zaɦaz
জাহান	dʑaɦan
জাহান	dʒaɦan
জাহান্নাম	dʑaɦanːam
জাহান্নাম	dʒaɦanːam
জি	dʒiː˨
জিঙ্ক	dʒink
জিজ্ঞাসা	dʑigːaʃaˑ
জিজ্ঞাসা	dʒigːaʃaˑ
জিত	dʒit̪
জিন	dʑin
জিন	dʑiːn
জিন	dʒin
জিনিস	dʑiniʃ
জিনিস	dʒiniʃ
জিন্দা	zind̪aˑ
জিব	dʑiboˑ
জিব	dʒiboˑ
জিভ	dʑiv
জিভ	dʑiːb
জিভ	dʒib
জিভ	dʒiv
জিভ	dʒivɛ
জিয়া	dʑi̯aˑ
জিয়া	dʒi̯aˑ
জিয়ারত	dʑi̯aɹɔt̪
জিয়ারত	dʒi̯aɾɔt̪
জিরা	dʑiɹaˑ
জিরা	dʒiɾaˑ
জিরাফ	ʒiɾaf
জিরে	dʒireˑ
জির্ভা	zibɾa
জিহ্বা	dʑiu̯bʱaˑ
জিহ্বা	dʑiu̯vaˑ
জিহ্বা	dʒiu̯bʱaˑ
জিহ্বা	dʒiu̯vaˑ
জীবন	dʑibon
জীবন	dʒibon
জীবনসঙ্গী	dʑibnɔʃɔŋgiˑ
জীবনসঙ্গী	dʒibnɔʃɔŋgiˑ
জীবন্ত	dʑibɔnt̪oˑ
জীবন্ত	dʒibɔnt̪oˑ
জীবিত	dʑibit̪oˑ
জীবিত	dʒibitɔ
জীবিত	dʒibit̪oˑ
জুঝা	dʑudʑʱaˑ
জুঝা	dʒudʒʱaˑ
জুঝানো	dʑudʑʱanoˑ
জুঝানো	dʒudʒʱanoˑ
জুটা	dʒuta
জুতা	dʒutˈa
জুন	dʑun
জুন	dʑuːn
জুন	dʒun
জুন	dʒuːn
জুনায়েদ	dʑunae̯d̪
জুনায়েদ	dʒunae̯d̪
জুম্মা	dʑumːaˑ
জুম্মা	dʒumːaˑ
জুম্মাবার	dʑumːabaɹ
জুম্মাবার	dʒumːabaɾ
জুয়া	dʑu̯aˑ
জুয়া	dʒu̯aˑ
জুলপি	dʒulpi
জুলাই	dʑulai̯
জুলাই	dʒulai̯
জুলুম	dʑulum
জুলুম	dʒulum
জুলুম	zulum
জেতা	dʒet̪a
জেবরা	dʑɛbla
জেয়াদা	dʑead̪aˑ
জেয়াদা	dʒead̪aˑ
জেরা	dʒeraˑ
জেরাত	zeɹat̪
জেরাত	zeɾat̪
জেলা	dʑelaˑ
জেলা	dʒelaˑ
জেসমিন	dʑesmin
জেসমিন	dʑɛsmin
জেসমিন	dʒesmin
জেসমিন	dʒæsmin
জৈন	dʑoi̯n
জৈন	dʒoi̯n
জো	dʒo
জোঁক	dʑok
জোঁক	dʑõk
জোঁক	dʒõk
জোচ্চর	dʑotɕːoɹ
জোচ্চর	dʒotʃːoɾ
জোছনা	dʑotɕʰnaˑ
জোছনা	dʒotʃʰnaˑ
জোড়	dʒoɾ
জোনাকি	dʑonakiˑ
জোনাকি	dʒonakiˑ
জোয়ার	dʑo̯aɹ
জোয়ার	dʒo̯aɾ
জোর	dʑoɹ
জোর	dʒoɾ
জোর	d̪zoɾ
জোর	zoɹ
জোরপূর্বক	dʒoɾpuɾbok
জোরে	dʑoɹeˑ
জোরে	dʒoɾeˑ
জোরে	d̪zoɾɛˑ
জোরে	zoɹɛˑ
জোস	dʒos
জোস	dʒoʃ
জোস	dʒoːs
জোস	dʒoːʃ
জোয়ারে	dʒoare
জোয়ারের	dʒoareɾ
জৌলুশ	dʒoloʃ
জৌলুস	dʒoluz
জ্ঞান	gæn
জ্ঞান	gɛn
জ্ঞানতত্ত্ব	gænɔt̪ot̪ːoˑ
জ্ঞানতত্ত্ব	gɛnɔt̪ot̪ːoˑ
জ্বর	dʑɔɹ
জ্বর	dʒɔɾ
জ্বালাতন	dʑalat̪on
জ্বালাতন	dʒalat̪on
জ্বালানো	dʑalanoˑ
জ্বালানো	dʒalanoˑ
জ্যাম	dʑam
জ্যাম	dʑaːm
জ্যাম	dʑæm
জ্যাম	dʑæːm
জ্যাম	dʒam
জ্যাম	dʒæm
জ্যাম	dʒɛm
জ্যৈষ্ঠ	dʑoi̯stʰoˑ
জ্যৈষ্ঠ	dʑoi̯ʃtʰoˑ
জ্যৈষ্ঠ	dʒoi̯ʂʈʰoˑ
জ্যোতি	dʑot̪iˑ
জ্যোতি	dʒot̪iˑ
জ্যোতিষী	dʑot̪iʃiˑ
জ্যোতিষী	dʒot̪iʃiˑ
জ্যোৎস্না	dʑot̪s̪naˑ
জ্যোৎস্না	dʒot̪s̪naˑ
জয়	dʒoɪ
ঝগড়া	dʑʱɔgɹaˑ
ঝগড়া	dʒʱɔgɽaˑ
ঝগড়া	dʒʱɔgɾaˑ
ঝড়	dʑʱɔɹ
ঝড়	dʒʱɔɽ
ঝড়	dʒʱɔɾ
ঝড়ি	d̪z̪ɔɾiˑ
ঝড়ি	zɔɹiˑ
ঝড়ি	zɔɾiˑ
ঝনঝন	dʑʱɔndʑʱɔn
ঝনঝন	dʒʱɔndʒʱɔn
ঝরনা	dʑʱɔɹnaˑ
ঝরনা	dʒʱɔɾnaˑ
ঝরা	dʑʱɔɹaˑ
ঝরা	dʒʱɔɾaˑ
ঝাঁকানো	dʑʱakanoˑ
ঝাঁকানো	dʒʱãkanoˑ
ঝাঁটা	dʑʱataˑ
ঝাঁটা	dʒʱãʈaˑ
ঝাড়খণ্ড	dʑʱaɹɔkʰɔndoˑ
ঝাড়খণ্ড	dʒʱaɽɔkʰɔɳɖoˑ
ঝাড়খণ্ড	dʒʱaɾɔkʰɔɳɖoˑ
ঝান্ডা	dʑʱandaˑ
ঝান্ডা	dʒʱaɳɖaˑ
ঝাল	dʒʱal
ঝিঙ্গা	dʒiŋa
ঝিনাইদহ	dʑʱinai̯d̪ɔɦoˑ
ঝিনাইদহ	dʒʱinai̯d̪ɔɦoˑ
ঝিনুক	dʑʱinuk
ঝিনুক	dʒinuk
ঝিনুক	dʒʱinuk
ঝুট	dʑʱut
ঝুট	dʒʱuʈ
ঝুলা	dʑʱulaˑ
ঝুলা	dʒʱulaˑ
ঝোঁকা	dʒʱoka
ঝোল	dʒoɫ
ঝোলানো	dʒʱolano
টমটম	tɔmtɔm
টমটম	ʈɔmʈɔm
টরন্টো	tɔɹontoˑ
টরন্টো	ʈɔɾoɳʈoˑ
টাং	ʈ̟äːŋ
টাংকি	taŋkiˑ
টাংকি	ʈaŋkiˑ
টাউট	tau̯t
টাউট	ʈau̯ʈ
টাক	ʈ̟aːk
টাকা	ʈ̟äkäˑ
টাঙ্গাইল	tangɑil
টানা	ʈ̟ana
টালি	ʈ̟äliˑ
টিকট	ʈ̟ikɔˑʈ̟
টিকটিকি	tiktikiˑ
টিকটিকি	ʈikʈikiˑ
টিকা	tikaˑ
টিকা	ʈikaˑ
টিকাকরণ	tikakoron
টিকিট	tikit
টিকিট	ʈikiʈ
টিন্	t̪in
টিপাই	ʈ̟ipai̯ˑ
টিয়া	ti̯aˑ
টিয়া	ʈi̯aˑ
টীকা	tikaˑ
টীকা	ʈikaˑ
টীকাভাষ্য	tikaˑbʱaʃːoˑ
টুনটুনি	tunt̪uni
টুপি	tupiˑ
টুপি	ʈupiˑ
টেংরা	tɛŋɹaˑ
টেংরা	ʈæŋɾaˑ
টেপা	lepa
টের	teɹ
টের	ʈeɾ
টের	ʈeːɾ
টেলিভিশন	telibʱiʃɔn
টেলিভিশন	teliviʃɔn
টেলিভিশন	ʈelibʱiʃɔn
টেলিভিশন	ʈeliviʃɔn
টোনি	toniˑ
টোনি	ʈoniˑ
টোপর	topɔɹ
টোপর	ʈopɔɾ
ট্রানজিস্টার	tːɹandʑistaɹ
ট্রানজিস্টার	ʈːɾandʒisʈaɾ
ট্রানজিস্টার	ʈːɾandʒiʂʈaɾ
ট্রেন	tːɹen
ট্রেন	ʈːɾen
ঠাকুর	ʈ̟ʰäkuˑɾ
ঠাকুরগাঁও	ʈʰakuɾgãoˑ
ঠাকুরঘর	tʰakuɹgʱɔɹ
ঠাকুরঘর	ʈʰakuɾgʱɔɾ
ঠান্ডা	tʰandaˑ
ঠান্ডা	ʈʰaɳɖaˑ
ঠিক	tʰik
ঠিক	tʰiːk
ঠিক	ʈʰik
ঠিক	ʈʰiːk
ঠিকানা	tʰikanaˑ
ঠিকানা	ʈʰikanaˑ
ঠেং	ʈ̟ʰæːŋ
ঠেং	ʈ̟ʰɛːŋ
ঠেকা	peka
ঠেলা	ʈ̟ʰæla
ঠোঁট	ʈʰoʈ
ঠোঁট	ʈʰõʈ
ঠ্যাং	tʰɛŋ
ঠ্যাং	ʈʰæŋ
ডঙ্কা	dɔŋkaˑ
ডঙ্কা	ɖɔŋkaˑ
ডজন	dɔdʑon
ডজন	ɖɔdʒon
ডবল	dɔbol
ডবল	ɖɔbol
ডলফিন	dɔlfin
ডলফিন	ɖɔlfin
ডাঁট	ɖãːʈ
ডাঁশ	ɖ̟ãːʃ
ডাকনাম	daknam
ডাকনাম	ɖaknam
ডাকা	dˈaka
ডাকা	ɖ̟aka
ডাকাতি	dakati
ডাক্তার	dakt̪aɹ
ডাক্তার	ɖakt̪aɾ
ডাঙর	daŋoɹ
ডাঙর	daŋoɾ
ডাঙর	ɖaŋoɾ
ডান	dan
ডান	daːn
ডান	dˈʌn
ডান	ɖan
ডান	ɖaːn
ডানদিক	dandik
ডানা	ɖ̟ana
ডান্ডা	dandaˑ
ডান্ডা	ɖaɳɖaˑ
ডাব	dab
ডাব	daːb
ডাব	ɖab
ডাব	ɖaːb
ডাল	ɖ̟al
ডাহুক	dauk
ডিভিডি	dibʱidiˑ
ডিভিডি	dividiˑ
ডিভিডি	ɖibʱiɖiˑ
ডিভিডি	ɖiviɖiˑ
ডিম	dim
ডিম	diːm
ডিম	ɖim
ডিম	ɖiːm
ডিম্ব	dimbo
ডিসেম্বর	disembɔɹ
ডিসেম্বর	ɖisembɔɾ
ডুব	dˈub
ডুবা	dubaˑ
ডুবা	ɖubaˑ
ডুমুর	dumuɾ
ডুমুর	ɖumuɾ
ডুরিয়ান	ɖ̟uɾiäˑn
ডেক	ɖ̟eːk
ডেকচি	dektɕiˑ
ডেকচি	ɖektʃiˑ
ডেবরা	debɹaˑ
ডেবরা	dɛbɹaˑ
ডেবরা	ɖebɾaˑ
ডেবরা	ɖæbɾaˑ
ডেস্ক	desk
ডেস্ক	ɖesk
ডেস্কটপ	deskɔtɔp
ডেস্কটপ	ɖeskɔʈɔp
ডোবা	doba
ডোবা	dobaˑ
ডোবা	ɖobaˑ
ডোবানো	ɖ̟obano
ড্রাগন	dɾagɔn
ডয়	doj
ঢাকনা	dʱaknaˑ
ঢাকনা	ɖʱaknaˑ
ঢাকনি	tʰakni
ঢাকা	dáxaˑ
ঢাকা	dʱakaˑ
ঢাকা	ɖʱakaˑ
ঢাকা	ɗakaˑ
ঢালা	ɖ̟ʱala
ঢি	li˥˩
ঢেঁকি	toki
ঢেঁড়স	ɖʱæ̃ɽoʃ
ঢেঁড়স	ɖʱæ̃ɾoʃ
ঢেউ	ɖʱeuˑ
ঢোকা	ɖ̟ʱokaˑ
ঢোকানো	ɖ̟ʱokano
ঢোল	dʱol
ঢোল	dʱoːl
ঢোল	ɖʱol
ঢোল	ɖʱoːl
ণই	noi̯
ত	a
তখন	t̪ɔkʰon
তছু	t̪ɔtɕʰuˑ
তছু	t̪ɔtʃʰuˑ
তড়িঘড়ি	t̪o̞ɹiˑgʱoˑɾiˑ
তড়িৎ	t̪oɹit̪
তড়িৎ	t̪oɽit̪
তড়িৎ	t̪oɾit̪
তত্ত্ব	t̪ɔt̪ːoˑ
তথাগত	t̪ɔt̪ʰagɔt̪oˑ
তদানীং	t̪ɔd̪aniŋ
তদ্ভব	t̪ɔd̪bʱɔboˑ
তদ্ভব	t̪ɔd̪vɔboˑ
তনিমা	t̪onimaˑ
তনুকা	t̪onukaˑ
তন্ত্র	t̪ɔnt̪ːɹoˑ
তন্ত্র	t̪ɔnt̪ːɾoˑ
তপের	topeɾ
তফাত	t̪ɔfat̪
তবু	tobu
তবু	t̪obuˑ
তবুও	t̪obu̯oˑ
তবে	tobe
তবে	t̪ɔbeˑ
তরঙ্গ	t̪ɔɹoŋgoˑ
তরঙ্গ	t̪ɔɾoŋgoˑ
তরফ	t̪ɔɹof
তরফ	t̪ɔɾof
তরফদার	t̪ɔɹofd̪aɹ
তরফদার	t̪ɔɾofd̪aɾ
তরবারি	t̪ɔɹbaɹiˑ
তরবারি	t̪ɔɾbaɾiˑ
তরমুজ	t̪oɹmudʑ
তরমুজ	t̪oɹmuz
তরমুজ	t̪oɾmudʒ
তরমুজ	t̪oɾmuz
তরী	t̪oɹiˑ
তরী	t̪oɾiˑ
তরুণ	t̪oɹun
তরুণ	t̪oɾun
তরোয়াল	t̪ɔɹo̯al
তরোয়াল	t̪ɔɾo̯al
তর্জমা	t̪ɔɹdʑɔmaˑ
তর্জমা	t̪ɔɾdʒɔmaˑ
তলপেট	t̪o̞lpe̞ʈ
তলব	t̪ɔlob
তলা	dɔla
তলা	t̪ɔlaˑ
তলোয়ার	t̪ɔlo̯aɹ
তলোয়ার	t̪ɔlo̯aɾ
তশতরী	t̪ɔst̪oɹiˑ
তশতরী	t̪ɔst̪oɾiˑ
তশতরী	t̪ɔʃt̪oɹiˑ
তশতরী	t̪ɔʃt̪oɾiˑ
তসবির	t̪osbiɹ
তসবির	t̪osbiɾ
তসবীহ	t̪osbiˑ
তসলিম	t̪oslim
তা	t̪aː
তা	t̪aˑ
তাঁত	t̪at̪
তাঁত	t̪ãt̪
তাই	t̪ai̯
তাইওয়ান	t̪ai̯o̯an
তাওয়া	t̪ao̯aˑ
তাকানো	t̪akano
তাকে	take
তাজ	t̪adʑ
তাজ	t̪adʒ
তাজদার	t̪az̪̪d̪aɹ
তাজদার	t̪az̪̪d̪aɾ
তাজা	t̪adʑaˑ
তাজা	t̪adʒaˑ
তাড়ানো	t̪aɹanoˑ
তাড়ানো	t̪aɽanoˑ
তাড়ানো	t̪aɾanoˑ
তাণ্ডব	t̪andɔb
তাণ্ডব	t̪aɳɖɔb
তাপ	tɐp
তাপ	t̪ap
তাপ	t̪aːp
তাবাসসুম	t̪abasːum
তাবিজ	t̪abidʑ
তাবিজ	t̪abidʒ
তাবিজ	t̪abiz
তামা	tama
তামা	t̪amaˑ
তামাক	t̪amak
তামাশা	t̪amaʃaˑ
তামিলনাড়ু	t̪amilnaɹuˑ
তামিলনাড়ু	t̪amilnaɽuˑ
তামিলনাড়ু	t̪amilnaɾuˑ
তারা	t̪aɹaˑ
তারা	t̪aɾaˑ
তারিখ	t̪aːɾik
তারিপ	t̪äɾiˑp
তারিফ	t̪aɾif
তালব্য	t̪alɔbːoˑ
তালা	dala
তালা	t̪ala
তালিকা	t̪alikaˑ
তালুকদার	t̪alukd̪aɹ
তালুকদার	t̪alukd̪aɾ
তিন	t̪in
তিন	t̪iːn
তিনটি	t̪int̪i
তিনি	tini
তিনি	t̪iniˑ
তিমি	t̪imiˑ
তিরুবনন্তপুরম	t̪iɹubɔnont̪ɔpuɹom
তিরুবনন্তপুরম	t̪iɾubɔnont̪ɔpuɾom
তিল	tˈil
তিল	t̪il
তিল	t̪iːl
তিলক	t̪ilɔk
তিষ্টা	t̪iʂʈaˑ
তিষ্ণা	t̪iʃnaˑ
তীব্র	t̪ibɹoˑ
তীব্র	t̪ibɾoˑ
তীর	t̪iɹ
তীর	t̪iɾ
তীর	t̪iːɾ
তুফান	t̪ufan
তুমি	t̪umiˑ
তুরস্ক	t̪uɹoʃkoˑ
তুরস্ক	t̪uɾoʃkoˑ
তুরিত	t̪uɾiˑt̪
তুরুপ	t̪uɹup
তুরুপ	t̪uɾup
তুর্কি	t̪uɹkiˑ
তুর্কি	t̪uɾkiˑ
তুলনা	t̪ulonaˑ
তুলনামূলক	t̪ulnamulɔk
তুলসী	t̪ulʃiˑ
তুলি	t̪uli
তুলো	t̪uloˑ
তুষার	t̪uʃaɹ
তুষার	t̪uʃaɾ
তৃণ	t̪ːɹinoˑ
তৃণ	t̪ːɾinoˑ
তৃতীয়	t̪rit̪io
তে	t̪eː
তে	t̪eˑ
তেওড়া	t̪eoɹaˑ
তেওড়া	t̪eoɽaˑ
তেওড়া	t̪eoɾaˑ
তেওড়া	t̪æoɽaˑ
তেওড়া	t̪æoɾaˑ
তেওড়া	t̪ɛoɹaˑ
তেড়া	t̪æɽaˑ
তেড়া	t̪æɾaˑ
তেড়া	t̪ɛɹaˑ
তেপায়া	t̪epajaˑ
তেরো	t̪eɹoˑ
তেরো	t̪eɾoˑ
তেলেঙ্গানা	t̪eleŋganaˑ
তৈরি	t̪oi̯ɹiˑ
তৈরি	t̪oi̯ɾiˑ
তো	t̪o
তোকমা	t̪okmaˑ
তোমাদের	t̪omad̪eɹ
তোমাদের	t̪omad̪eɾ
তোমার	t̪omaɹ
তোমার	t̪omaɾ
তোয়াক্কা	t̪o̯akːaˑ
তোয়ালে	t̪o̯aleˑ
তোলপাড়	t̪olpaɹ
তোলপাড়	t̪olpaɽ
তোলপাড়	t̪olpaɾ
তোলা	t̪olaˑ
তোশক	t̪oʃok
তৌরাত	t̪ou̯ɹat̪
তৌরাত	t̪ou̯ɾat̪
ত্বক	ok
ত্বক	t̪ɔk
ত্বক	t̪ɔːk
ত্যাগ	tɛg
ত্যাগ	t̪æg
ত্যাগ	t̪ɛg
ত্রিচক্রযান	t̪ːɹitɕɔkɹɔdʑan
ত্রিচক্রযান	t̪ːɾitʃɔkɾɔdʒan
ত্রিপদ	t̪ːɹipɔd̪
ত্রিপদ	t̪ːɾipɔd̪
ত্রিপুরা	t̪ːɹipuɹaˑ
ত্রিপুরা	t̪ːɾipuɾaˑ
ত্রিশ	t̪ːɹiʃ
ত্রিশ	t̪ːɾiʃ
তৎসম	t̪ɔt̪ʃɔmoˑ
থ	t̪ʰɔː
থ	t̪ʰɔˑ
থাকলে	takle
থাকা	taka
থাকানো	t̪ʰakano
থানা	t̪ʰana
থামা	tama
থামা	t̪ʰama
থার্মোমিটার	t̪ʰaɹmomitaɹ
থার্মোমিটার	t̪ʰaɾmomiʈaɾ
থালা	t̪ʰala
থু	tuː
থুতু	t̪ʰut̪uˑ
থেকে	t̪ʰekeˑ
থোক	t̪ʰok
থোক	t̪ʰoːk
দই	d̪oi̯
দইর্যা	d̪ɔidʑdʑa
দক্ষিণ	d̪ɔkʰːin
দখল	d̪ɔkʰol
দড়ি	d̪oɽ̟i
দণ্ড	d̪ɔndoˑ
দণ্ড	d̪ɔɳɖoˑ
দত্ত	d̪ɔt̪ːoˑ
দন্ত	d̪ɔnt̪oˑ
দন্ত্য	d̪ɔnt̪ːoˑ
দপ্তর	d̪ɔpt̪ɔɹ
দপ্তর	d̪ɔpt̪ɔɾ
দফতর	d̪ɔft̪ɔɹ
দফতর	d̪ɔft̪ɔɾ
দফা	dofa
দম	dˈɔm
দমা	d̪ɔmaˑ
দয়াল	d̪ɔe̯al
দয়ালু	d̪ɔe̯aluˑ
দরকার	d̪ɔɹkaɹ
দরকার	d̪ɔɾkaɾ
দরকারি	dorkaɾi
দরখাস্ত	d̪ɔɹkʰast̪oˑ
দরখাস্ত	d̪ɔɾkʰast̪oˑ
দরজা	d̪ɔɹdʑaˑ
দরজা	d̪ɔɹzaˑ
দরজা	d̪ɔɾdʒaˑ
দরজা	d̪ɔɾd̪zaˑ
দরবেশ	d̪ɔɹbeʃ
দরবেশ	d̪ɔɾbeʃ
দরাজ	d̪ɔɹadʑ
দরাজ	d̪ɔɾadʒ
দরিয়া	d̪oɹi̯aˑ
দরিয়া	d̪oɾi̯aˑ
দরুন	doɾun
দল	d̪ɔl
দল	d̪ɔːl
দলিত	d̪oliˑt̪
দশ	dɔʃ
দশ	d̪ɔʃ
দশ	d̪ɔːʃ
দহ	d̪ɔɦoˑ
দা	dˈa
দা	d̪aː
দা	d̪aˑ
দাঁড়	d̪aɹ
দাঁড়	d̪ãɽ
দাঁড়	d̪ãɾ
দাঁড়ানো	d̪aɹanoˑ
দাঁড়ানো	d̪ãɽanoˑ
দাঁড়ানো	d̪ãɾanoˑ
দাঁড়ি	d̪aɹiˑ
দাঁড়ি	d̪ãɽiˑ
দাঁড়ি	d̪ãɾiˑ
দাঁত	d̪at̪
দাঁত	d̪ãt̪
দাঁড়াই	ˈd̪ãɽai
দাই	d̪ai̯
দাউদাউ	d̪au̯d̪au̯
দাও	dau̯
দাওয়াই	d̪ao̯ai̯
দাওয়াত	d̪ao̯at̪
দাগ	d̪ag
দাড়ি	d̪aɹiˑ
দাড়ি	d̪aɽiˑ
দাড়ি	d̪aɾiˑ
দাতা	d̪at̪aˑ
দাদা	d̪ad̪aˑ
দাদী	d̪ad̪iˑ
দানব	danob
দানা	d̪ana
দান্দান	d̪and̪an
দাব	d̪ab
দাব	d̪aːb
দাবদাহ	d̪abod̪aɦoˑ
দাবা	d̪aba
দাবানল	d̪abanɔl
দাম	d̪am
দাম	d̪aːm
দামড়া	d̪amɹaˑ
দামড়া	d̪amɽaˑ
দামড়া	d̪amɾaˑ
দামি	dami
দারচিনি	d̪aɾtɕiniˑ
দারচিনি	d̪aɾtʃiniˑ
দারু	d̪aɾuˑ
দারুণ	d̪aɹun
দারুণ	d̪aɾun
দারোয়ান	d̪aɹo̯an
দারোয়ান	d̪aɾo̯an
দার্জিলিং	d̪aɹdʑiliŋ
দার্জিলিং	d̪aɾdʒiliŋ
দাশগুপ্ত	d̪aʃgupt̪oˑ
দাস	d̪aʃ
দাস	d̪aːʃ
দাসী	d̪aʃiˑ
দাহন	d̪aːn
দাড়ি	dari
দায়	daj
দি	di
দিওয়ালি	d̪i̯o̯aliˑ
দিকে	d̪ikeˑ
দিঘি	d̪igʱiˑ
দিদিভাই	d̪id̪ibʱai̯
দিদিভাই	d̪id̪ivai̯
দিন	d̪in
দিন	d̪iːn
দিনরাত	d̪inɹat̪
দিনরাত	d̪inɾat̪
দিনসমূহের	d̪iˑnʃamuɦeɾ
দিনাজপুর	ð̞inat̪spuɾ
দিবস	d̪ibɔʃ
দিবা	d̪ibaˑ
দিবানিদ্রা	d̪ibanid̪ːɹaˑ
দিবানিদ্রা	d̪ibanid̪ːɾaˑ
দিবারাত্রি	d̪ibaɹat̪ːɹiˑ
দিবারাত্রি	d̪ibaɾat̪ːɾiˑ
দিল	d̪il
দিল	d̪iːl
দিলি	dili
দিলীপ	d̪ilip
দিলে	dile
দিলো	dilo
দিল্লি	dilli
দিস	dˈiʃ
দিয়ো	dio
দীপান্বিতা	d̪ipanːit̪aˑ
দীয়া	d̪i̯aˑ
দীর্ঘ	d̪iɹgʱoˑ
দীর্ঘ	d̪iɾgʱoˑ
দু	dˈu
দু	d̪uː
দু	d̪uˑ
দুঃখ	d̪ukʰːoˑ
দুঃস্বপ্ন	d̪uhʃːɔpnoˑ
দুই	d̪u̯iˑ
দুগি	d̪ugiˑ
দুগ্ধ	d̪ugd̪ʱoˑ
দুধ	d̪ud̪
দুনিয়া	d̪uni̯aˑ
দুপুর	d̪upuɹ
দুপুর	d̪upuɾ
দুয়ার	d̪u̯aɹ
দুয়ার	d̪u̯aɾ
দুরিয়ান	d̪uɹi̯an
দুরিয়ান	d̪uɾi̯an
দুর্গজয়	d̪uɹgɔdʑɔe̯
দুর্গজয়	d̪uɾgɔdʒɔe̯
দুর্গন্ধ	d̪urgɔn̪ːd̪ʰo
দুর্দান্ত	d̪uɹd̪ant̪oˑ
দুর্দান্ত	d̪uɾd̪ant̪oˑ
দুর্বার	d̪uɾbaːɾ
দুশমন	d̪uʃmon
দুশমন	d̪uʃmɔn
দুস্থ	d̪ust̪ʰoˑ
দূরত্ববিধি	d̪ʊɾt̪ːbid̪ʱiˑ
দূরদর্শন	d̪uɹd̪ɔɹʃɔn
দূরদর্শন	d̪uɹɔd̪oɹʃɔn
দূরদর্শন	d̪uɾd̪ɔɾʃɔn
দূরদর্শন	d̪uɾɔd̪oɾʃɔn
দূরবিন	d̪uɹbin
দূরবিন	d̪uɾbin
দূষণ	duʃɔn
দৃশ্য	d̪riʃːoˑ
দে	dɛ
দে	d̪eː
দে	d̪eˑ
দেওয়া	d̪ao̯aˑ
দেওয়া	d̪eo̯aˑ
দেওয়া	d̪æo̯aˑ
দেওয়া	d̪ɛo̯aˑ
দেওয়ানা	d̪eo̯anaˑ
দেওয়াল	d̪eal
দেওয়াল	d̪eo̯al
দেওয়ালি	d̪eo̯aliˑ
দেওয়া	dewa
দেখানো	d̪ækʰano
দেড়	d̪eɹ
দেড়	d̪eɽ
দেড়	d̪eɾ
দেব	d̪eb
দেব	d̪eboˑ
দেব	d̪eːb
দেবতা	d̪ebot̪aˑ
দেবদাস	d̪ebd̪aʃ
দেবদাসী	d̪ebd̪aʃiˑ
দেবী	d̪ebiˑ
দেরি	d̪eɹiˑ
দেরি	d̪eɾiˑ
দেশ	dˈeʃ
দেশপ্রেমিক	d̪eʃɔpɹemik
দেশপ্রেমিক	d̪eʃɔpɾemik
দেশলাই	d̪eʃlai̯
দেহ	deɣo
দেহ	d̪eɦoˑ
দৈব	d̪oi̯bɔˑ
দৈর্ঘ্য	d̪oi̯ɹgʱːoˑ
দৈর্ঘ্য	d̪oi̯ɾgʱːoˑ
দো	dˈo
দো	d̪oː
দো	d̪oˑ
দোকান	d̪okan
দোকানদার	d̪okand̪aɹ
দোকানদার	d̪okand̪aɾ
দোজখ	d̪odʑok
দোজখ	d̪odʑox
দোজখ	d̪odʒok
দোজখ	d̪odʒox
দোভাষী	d̪obʱaʃiˑ
দোভাষী	d̪ovaʃiˑ
দোয়া	d̪o̯aˑ
দোয়েল	d̪oel
দোলনা	d̪olnaˑ
দোলা	d̪olaˑ
দোষ	dˈoʃ
দোষ	d̪oʃ
দোষ	d̪oːʃ
দোস্ত	d̪ost̪
দোস্ত	d̪ost̪oˑ
দৌড়ানো	d̪ou̯ɹanoˑ
দৌড়ানো	d̪ou̯ɽanoˑ
দৌড়ানো	d̪ou̯ɾanoˑ
দৌলত	d̪ou̯lɔt̪
দ্বাদশ	d̪ad̪ɔʃ
দ্বার	d̪aɹ
দ্বার	d̪aɾ
দ্বার	d̪aːɾ
দ্বারা	d̪aɹaˑ
দ্বারা	d̪aɾaˑ
দ্বিতীয়	d̪it̪io
দ্বীপ	d̪ip
দ্বীপ	d̪iːp
দ্বৈত	d̪oi̯t̪
দ্রব্য	d̪ɾɔbːɔ̝ˑ
দ্রাক্ষাকুঞ্জ	d̪ːɹakʰːakundʑoˑ
দ্রাক্ষাকুঞ্জ	d̪ːɾakʰːakundʒoˑ
দ্রুত	d̪ːɹut̪oˑ
দ্রুত	d̪ːɾut̪oˑ
ধন	d̪ʱɔn
ধনবাদ	d̪ʱɔnbad̪
ধনিয়া	d̪ʱoni̯aˑ
ধনে	d̪ʱoneˑ
ধন্যবাদ	d̪ʱonːobad̪
ধরণী	d̪ʱɔɹoniˑ
ধরণী	d̪ʱɔɾoniˑ
ধরা	d̪ʱɔra
ধরে	dʱɾe
ধর্ম	d̪ʱɔɹmoˑ
ধর্ম	d̪ʱɔɾmoˑ
ধা	d̪a
ধাওয়া	d̪ʱao̯aˑ
ধাক্কা	dakːa
ধাক্কা	d̪ʱakːa
ধাতু	d̪ʱat̪u
ধান	d̪ʱan
ধামরাই	d̪ʱamɹai̯
ধামরাই	d̪ʱamɾai̯
ধারণা	d̪ʱaɹonaˑ
ধারণা	d̪ʱaɾonaˑ
ধারা	d̪ʱaɹaˑ
ধারা	d̪ʱaɾaˑ
ধারে	d̪ʱaːɾe
ধার্মিক	d̪ʱaɹmik
ধার্মিক	d̪ʱaɾmik
ধীবর	d̪ʱiboɹ
ধীবর	d̪ʱiboɾ
ধীর	d̪ʱir
ধুতি	d̪ʱut̪iˑ
ধুতুরা	d̪ʱut̪uɹaˑ
ধুতুরা	d̪ʱut̪uɾaˑ
ধূমকেতু	d̪ʱumket̪uˑ
ধৈর্য	dʱoi̯dʒːo
ধৈর্য	dʱoi̯rdʒːo
ধোঁকা	d̪ʱoka
ধোঁয়া	d̪ʱo̯aˑ
ধোঁয়া	d̪ʱõaˑ
ধোঁয়াশা	d̪ʱo̯aʃaˑ
ধোঁয়াশা	d̪ʱõaʃaˑ
ধোয়া	d̪ʱo̯aˑ
ধ্বনিবে	d̪ʱonibe
নওকর	nɔo̯koɹ
নওকর	nɔo̯koɾ
নওকরি	nɔo̯kɹiˑ
নওকরি	nɔo̯kɾiˑ
নওবাহার	nɔo̯baɦaɹ
নওবাহার	nɔo̯baɦaɾ
নকল	nɔkol
নকশা	nɔkʃaˑ
নকশাল	nokʃal
নকশাল	nɔkʃal
নখ	nɔx
নখ	nɔːk
নখ	nˈok
নগর	nɔgoɹ
নগর	nɔgoɾ
নগরপ্রধান	nɔgoɾpɹod̪ʱan
নগরী	nɔgɹiˑ
নগরী	nɔgɾiˑ
নগিচ	nogitɕ
নগিচ	nogitʃ
নগুরে	noguɾe
নজর	nɔdʑoɹ
নজর	nɔdʒoɾ
নজর	nʊzʊɾ
নজরুল	nodʑɹul
নজরুল	nodʒɾul
নজরুল	nozɹul
নজরুল	nozɾul
নট	nˈɑt
নড়া	nɔɹaˑ
নড়া	nɔɽaˑ
নড়া	nɔɾaˑ
নড়া	nˈoɾa
নতীজা	not̪idʑaˑ
নতীজা	not̪idʒaˑ
নতুন	not̪un
নদিয়া	nod̪i̯aˑ
নদী	nod̪iˑ
নফসানিয়াত	nɔfsani̯at̪
নব	nɔb
নব	nɔboˑ
নব	nɔbʊ
নব	nɔːb
নবডঙ্কা	nɔbodɔŋkaˑ
নবডঙ্কা	nɔboɖɔŋkaˑ
নববর্ষ	nɔbobɔɹʃoˑ
নববর্ষ	nɔbobɔɾʃoˑ
নবাব	nɔbab
নবিস	nobiʃ
নবী	nobiˑ
নবীজী	nobidʑiˑ
নবীজী	nobidʒiˑ
নবীন	nobin
নভেম্বর	nɔbʱembɔɹ
নভেম্বর	nɔbʱembɔɾ
নভেম্বর	nɔvembɔɹ
নভেম্বর	nɔvembɔɾ
নভেল	nɔbʱel
নভেল	nɔvel
নমস্কার	nɔmoʃkaɹ
নমস্কার	nɔmoʃkaɾ
নমাজ	nɔmadʑ
নমাজ	nɔmadʒ
নমায	nɔmadʑ
নমায	nɔmadʒ
নম্বর	nɔmboɹ
নম্বর	nɔmboɾ
নয়	nɔe̯
নয়	nˈoi
নয়ন	nɔe̯on
নয়া	nɔe̯aˑ
নর	nɔɹ
নর	nɔɾ
নর	nɔːɾ
নরক	nɔɹok
নরক	nɔɾok
নরম	nɔɹom
নরম	nɔɾom
নরম	nˈoɾum
নষ্ট	nɔstoˑ
নষ্ট	nɔʂʈoˑ
নষ্ট	nɔʃtoˑ
না	naː
না	naˑ
না	nˈa
নাক	nak
নাক	naːk
নাগাল্যান্ড	nagalæɳɖ
নাগাল্যান্ড	nagalɛnd
নাঙ্গল	naŋgɔl
নাচা	natɕaˑ
নাচা	natʃaˑ
নাজাত	nadʑat̪
নাজাত	nadʒat̪
নাজিয়া	naziːa
নাটক	natok
নাটক	naʈ̟ok
নাটোর	natʊɾ
নাতনী	nat̪niˑ
নাতি	nat̪iˑ
নাতিশীতোষ্ণ	nat̪iʃit̪oʃnoˑ
নাথ	nat̪
নানা	nanaˑ
নানারূপ	nanarup
নানী	anˈi
নানী	naniˑ
নাপিত	napit
নাপিত	napit̪
নাপ্পি	napːiˑ
নাবালক	nabalɔk
নাম	nam
নামক	namɔk
নামজাদা	namdʑad̪aˑ
নামজাদা	namdʒad̪aˑ
নামহীন	namɦin
নামহীন	namːin
নামা	nama
নামাজ	namadʑ
নামাজ	namadʒ
নামাজ	namad̪z
নামাজ	namaz
নামানো	namano
নারকেল	naɹkel
নারকেল	naɾkel
নারাজ	naɹadʑ
নারাজ	naɹaz
নারাজ	naɾadʒ
নারাজ	naɾaz
নারায়ণ	naɹae̯n
নারায়ণ	naɹae̯on
নারায়ণ	naɾae̯n
নারায়ণ	naɾae̯on
নারিকেল	naɹikel
নারিকেল	naɾikel
নারিন্দা	naɹind̪aˑ
নারিন্দা	naɾind̪aˑ
নারী	naɹiˑ
নারী	naɾiˑ
নারীবাদ	naɹibad̪
নারীবাদ	naɾibad̪
নার্গিস	naɹgis
নার্গিস	naɾgis
নালিশ	naliʃ
নাশকতা	naʃɔkot̪aˑ
নাশকতা	naʃɔkɔt̪aˑ
নাসরিন	nasɹin
নাসরিন	nasɾin
নাস্তানাবুদ	nast̪anabud̪
নাস্তিক	nastˈik
নি	mi
নিঃশ্বসন	nihʃːɔʃɔn
নিকড়িয়া	nikoɹi̯aˑ
নিকড়িয়া	nikoɽi̯aˑ
নিকড়িয়া	nikoɾi̯aˑ
নিক্তি	nikti
নিচতলা	nistola
নিতে	ne
নিধি	nid̪ʱiˑ
নিন্দা	nindˈa
নিবন্ধন	nibɔndʱɔn
নিম	nim
নিমন্ত্রণ	nimont̪ːɹon
নিমন্ত্রণ	nimont̪ːɾon
নিম্ন	nimnoˑ
নিম্নে	nimne
নিম্নে	nimneˑ
নিয়ম	ni̯om
নিয়ে	ni̯eˑ
নিরাপত্তা	niɾapɔt̪t̪a
নিরামিষাশী	niɾamiʃaʃi
নিরাশ	nirasʃ
নির্দেশ	niɹd̪eʃ
নির্দেশ	niɾd̪eʃ
নির্ধারণ	niːd̪ʱaɾn
নির্বাচন	niɹbatɕɔn
নির্বাচন	niɾbatʃɔn
নিলাম	nilam
নিশান	niʃan
নিশানা	nʃana
নিশ্চেতন	nistʃetan
নিশ্বসন	niʃːɔʃɔn
নিশ্বাস	niʃːaʃ
নিষিদ্ধ	niʃid̪ʱːoˑ
নিস্তব্ধ	nist̪ɔbd̪ʱo
নিয়ম	nio̞m
নীচে	nitʃe
নীল	nˈiːl
নীলুফার	nilufaɹ
নীলুফার	nilufaɾ
নুনি	nuniˑ
নুনু	nunuˑ
নুসরাত	nusɹat̪
নুসরাত	nusɾat̪
নূতন	nut̪ɔn
নূরানী	nuɹaniˑ
নূরানী	nuɾaniˑ
নে	ne
নেই	nei
নেই	nej
নেই।	nei
নেউল	neul
নেওয়া	nao̯aˑ
নেওয়া	neo̯aˑ
নেওয়া	næo̯aˑ
নেওয়া	nɛo̯aˑ
নেওয়া	neua
নেকড়ে	nekɹeˑ
নেকড়ে	nekɽeˑ
নেকড়ে	nekɾeˑ
নেকড়ে	nekre
নেটওয়ার্ক	neto̯aɹk
নেটওয়ার্ক	neʈo̯aɾk
নেতাজি	net̪adʑiˑ
নেতাজি	net̪adʒiˑ
নেপচুন	neptɕun
নেপচুন	neptʃun
নেপাল	nepal
নেপিদ	nepid̪ɔ̜ˑ
নেবা	nebaˑ
নেবানো	nebanoˑ
নেভানো	nebʱanoˑ
নেভানো	nevanoˑ
নেয়	ne
নেয়ামৎ	neamɔt̪
নেশা	neʃa
নেহেরু	neɦeɹuˑ
নেহেরু	neɦeɾuˑ
নৈকট্য	noikotːo
নৈরাজ্যবাদ	noi̯ɹadʑːɔbad̪
নৈরাজ্যবাদ	noi̯ɾadʒːɔbad̪
নৈশভোজ	noi̯ʃɔbʱodʑ
নৈশভোজ	noi̯ʃɔbʱodʒ
নৈশভোজ	noi̯ʃɔvodʑ
নৈশভোজ	noi̯ʃɔvodʒ
নোয়াখাইল্লা	no̯akʰai̯lːaˑ
নোয়াখালী	no̯akʰaliˑ
নৌ	nˈoʊ
নৌকা	nou̯ka
নৌকা	nou̯kaˑ
নৌকো	nˈuko
ন্যূনতম	nunot̪ɔmoˑ
পকেট	pɔket
পকেট	pɔkeʈ
পকেট	pɔkɛt
পকেট	ɸɔxɛt
পক্ষে	pɔkʰːeˑ
পচা	otʃa
পচা	pɔtɕaˑ
পচা	pɔtʃaˑ
পছন্দ	pɔsond̪oˑ
পছন্দ	pɔtɕʰond̪oˑ
পছন্দ	pɔtʃʰond̪oˑ
পছন্দ	ɸɔsond̪oˑ
পঞ্চান্ন	pɔntɕanːoˑ
পঞ্চান্ন	pɔntʃanːoˑ
পঞ্চায়েত	pɔntɕae̯t̪
পঞ্চায়েত	pɔntʃae̯t̪
পঞ্চায়েতি	pɔntʃäet̪iˑ
পঞ্চাশ	pɔntɕaʃ
পঞ্চাশ	pɔntʃaʃ
পটভূমি	pʊtʊbʱumiː
পটেল	pɔtel
পটেল	pɔʈel
পটোল	pɔtol
পটোল	pɔʈol
পড়শী	poɹʃiˑ
পড়শী	poɽʃiˑ
পড়শী	poɾʃiˑ
পড়া	pɔɹaˑ
পড়া	pɔɽaˑ
পড়া	pɔɾaˑ
পণ্ডিত	pondit̪
পণ্ডিত	poɳɖit̪
পতাকা	pɔt̪akaˑ
পত্রিকা	pɔt̪ːɹikaˑ
পত্রিকা	pɔt̪ːɾikaˑ
পথ	pɔt̪
পদ্ম	pɔd̪ːoˑ
পদ্মা	pɔd̪ːaˑ
পনীর	poniɹ
পনীর	poniɾ
পবিত্র	pobit̪ːɹoˑ
পবিত্র	pobit̪ːɾoˑ
পয়গম্বর	pɔe̯gɔmbɔɹ
পয়গম্বর	pɔe̯gɔmbɔɾ
পয়লা	pɔe̯laˑ
পরমাণু	pɔɹomanuˑ
পরমাণু	pɔɾomanuˑ
পরশু	poɾʃuˑ
পরশ্রীকাতরতা	pɔɹosɹikat̪ːɹɔt̪aˑ
পরশ্রীকাতরতা	pɔɾosɾikat̪ːɾɔt̪aˑ
পরা	pɔɹaˑ
পরা	pɔɾaˑ
পরাগ	pɔɹag
পরাগ	pɔɾag
পরাত	pɔɹat̪
পরাত	pɔɾat̪
পরামর্শ	pɔramɔrʃo
পরামর্শদাতা	pɔɹamɔɹʃɔd̪at̪aˑ
পরামর্শদাতা	pɔɾamɔɾʃɔd̪at̪aˑ
পরিকল্পনা	poɹikɔlponaˑ
পরিকল্পনা	poɾikɔlponaˑ
পরিকল্পনা	pʊɾiˑklpʊnaˑ
পরিচয়	poɹitɕɔe̯
পরিচয়	poɾitʃɔe̯
পরিচারক	pʊɾitʃarʊk
পরিচয়	pʊɾitʃɔe̞
পরিণতি	poɹinot̪iˑ
পরিণতি	poɾinot̪iˑ
পরিবর্তে	poɹibɔɹt̪eˑ
পরিবর্তে	poɾibɔɾt̪eˑ
পরিবার	poɹibaɹ
পরিবার	poɾibaɾ
পরিবেশিকা	pʊɾibeʃika
পরিমাণে	porimane
পরিশ্রম	poɹisɹɔm
পরিশ্রম	poɾisɾɔm
পরিস্থিতি	poɹist̪ʰit̪iˑ
পরিস্থিতি	poɾist̪ʰit̪iˑ
পরী	poɹiˑ
পরী	poɾiˑ
পরোয়া	pɔɹo̯aˑ
পরোয়া	pɔɾo̯aˑ
পর্তুগাল	pɔɹt̪ugal
পর্তুগাল	pɔɾt̪ugal
পর্দা	pɔɹd̪aˑ
পর্দা	pɔɾd̪aˑ
পর্দানশীন	pɔɹd̪anɔʃin
পর্দানশীন	pɔɾd̪anɔʃin
পর্যটন	pɔɹdʑɔtɔn
পর্যটন	pɔɾdʒɔʈɔn
পর্যন্ত	poɹdʑont̪oˑ
পর্যন্ত	poɾdʒont̪oˑ
পলাশী	pɔlaʃi
পলিনেশিয়া	pɔlineʃŷaˑ
পল্টন	pɔl̪tɔn
পল্টন	pɔɭʈɔn
পল্লি	pɔlːiˑ
পল্লী	pɔli
পশু	pɔʃu
পশ্চিমবঙ্গ	pɔstɕimbɔŋgoˑ
পশ্চিমবঙ্গ	pɔstʃimbɔŋgoˑ
পশ্চিমবঙ্গ	pɔʃtɕimbɔŋgoˑ
পশ্চিমবঙ্গ	pɔʃtʃimbɔŋgoˑ
পশ্চিমবঙ্গে	pɔstɕimbɔŋgeˑ
পশ্চিমবঙ্গে	pɔstʃimbɔŋgeˑ
পশ্চিমবঙ্গে	pɔʃtɕimbɔŋgeˑ
পশ্চিমবঙ্গে	pɔʃtʃimbɔŋgeˑ
পশ্চিমবাংলা	pɔstɕimbaŋlaˑ
পশ্চিমবাংলা	pɔstʃimbaŋlaˑ
পশ্চিমবাংলা	pɔʃtɕimbaŋlaˑ
পশ্চিমবাংলা	pɔʃtʃimbaŋlaˑ
পশ্চিমে	pɔʃtɕimɛ
পহেলা	pɔɦelaˑ
পা	paː
পা	paˑ
পাঁউরুটি	pau̯ɹutiˑ
পাঁউরুটি	pãuɾuʈiˑ
পাঁক	pak
পাঁক	paːk
পাঁক	pãk
পাঁক	pãːk
পাঁচ	patɕ
পাঁচ	pãtʃ
পাঁচিল	patɕil
পাঁচিল	pãtʃil
পাঁঠা	patʰaˑ
পাঁঠা	pãʈʰaˑ
পাঁঠি	pãʈ̟ʰi
পাঁড়ে	paɹeˑ
পাঁড়ে	pãɽeˑ
পাঁড়ে	pãɾeˑ
পাঁতি	pat̪iˑ
পাঁতি	pãt̪iˑ
পাইখানা	pai̯kʰanaˑ
পাইথন	päi̯t̪ʰɔ̜ˑn
পাওয়া	pao̯aˑ
পাওয়া	pau̯a
পাকশালা	akʃala
পাকস্থলী	pakɔst̪ʰoliˑ
পাকা	paka
পাকিস্তান	pakist̪an
পাকিস্তানি	pakistani
পাখা	paka
পাখা	pakʰaˑ
পাখি	paki
পাখি	pakʰiˑ
পাখী	pakʰiˑ
পাঙ্গাশ	paŋaʃ
পাঙ্গাশ	paŋgaʃ
পাছা	pasaˑ
পাছা	patɕʰaˑ
পাছা	patʃʰaˑ
পাছা	ɸasaˑ
পাঞ্জাব	pandʑab
পাঞ্জাব	pandʒab
পাট	pˈɑɹt
পাঠা	patʰaˑ
পাঠা	paʈʰaˑ
পাঠান	patʰan
পাঠান	paʈʰan
পাঠানো	patʰanoˑ
পাঠানো	paʈʰanoˑ
পাড়া	paɹaˑ
পাড়া	paɽaˑ
পাড়া	paɾaˑ
পাণ	pɐn
পাতক	pat̪ɔk
পাতলা	pat̪ːlaˑ
পাতা	pat̪a
পাতাল	patˈal
পাত্তা	pat̪ːaˑ
পাত্র	pat̪ːɹoˑ
পাত্র	pat̪ːɾoˑ
পাদ	päːd̪
পাদা	päd̪äˑ
পাদ্রি	pad̪ːɹiˑ
পাদ্রি	pad̪ːɾiˑ
পান	pan
পান	paːn
পানঘর	paɳgʱɔɹ
পানি	paniˑ
পানু	pänuˑ
পান্ডা	pandaˑ
পান্ডা	paɳɖaˑ
পাপ	pap
পাপ	paːp
পাপ	pˈap
পাপকর্ম	papokɔɹmoˑ
পাপকর্ম	papokɔɾmoˑ
পাপড়ি	papɹiˑ
পাপড়ি	papɽiˑ
পাপড়ি	papɾiˑ
পাপী	papiˑ
পাবনা	pabnaˑ
পাবনা	pˈɑbna
পাবনাইয়া	pabnai̯aˑ
পায়খানা	pae̯kʰanaˑ
পায়স	paeˑs̠
পায়ু	päe̯uˑ
পারদ	päɾoˑd̪
পারভেজ	paɹbʱez
পারভেজ	paɹvez
পারভেজ	paɾbʱez
পারভেজ	paɾvez
পারমাণবিক	paɹomanobik
পারমাণবিক	paɾomanobik
পারা	paɹaˑ
পারা	paɾaˑ
পারিবারিক	paɹibaɹik
পারিবারিক	paɾibaɾik
পারে	pare
পার্কিং	paɹkiŋ
পার্কিং	paɾkiŋ
পার্থ	paɹt̪ʰoˑ
পার্থ	paɾt̪ʰoˑ
পার্থক্য	paɹt̪ʰokːoˑ
পার্থক্য	paɾt̪ʰokːoˑ
পার্শ্ব	paɾʃo
পাল	pɑl
পালক	palok
পালানো	palanoˑ
পাষাণ	paʃan
পাস্তা	pasta
পাহাড়	paɦaɽ
পায়রা	pajɾa
পিঁপড়া	pipɾa
পিছনে	pitɕʰoneˑ
পিছনে	pitʃʰoneˑ
পিঠ	pitʰ
পিঠ	piʈ
পিঠ	piːʈ
পিতা	pit̪aˑ
পিনাকী	pinakiˑ
পিপুল	pipuˑl
পিপ্পল	pipːɔl
পিয়ন	pi̯on
পিয়া	pi̯aˑ
পিয়াস	pi̯aʃ
পিরিচ	piɹitɕ
পিরিচ	piɾitʃ
পিরিচ	piɾit̪s
পিরিচ	ɸiɹis
পিসি	piʃiˑ
পিস্তল	pist̪ɔl
পীরিতি	piɾit̪iˑ
পীরিতি	ɸiɹit̪iˑ
পুঁজিবাদ	pudʑibad̪
পুঁজিবাদ	pũdʒibad̪
পুঁটি	putiˑ
পুঁটি	pũʈiˑ
পুঁথি	put̪ʰiˑ
পুঁথি	pũt̪ʰiˑ
পুকুর	pukuɹ
পুকুর	pukuɾ
পুঙ্খানুপুঙ্খ	puŋkʰanupuŋkʰoˑ
পুছা	putɕʰaˑ
পুছা	putʃʰaˑ
পুজো	pudʒoˑ
পুতুল	put̪ul
পুত্র	put̪ːɹoˑ
পুত্র	put̪ːɾoˑ
পুদিনা	pud̪inaˑ
পুনরুত্থান	punoɹut̪ʰːan
পুনরুত্থান	punoɾut̪ʰːan
পুব	pub
পুব	puːb
পুমা	uma
পুরনো	puɹɔnoˑ
পুরনো	puɾɔnoˑ
পুরস্কার	puɹoʃkaɹ
পুরস্কার	puɾoʃkaɾ
পুরাণ	puɹan
পুরাণ	puɾan
পুরানো	puɹanoˑ
পুরানো	puɾanoˑ
পুরুষ	puɾuʃ
পুরুষ	pʊɾuʃ
পুরুষাঙ্গ	puɹuʃaŋgoˑ
পুরুষাঙ্গ	puɾuʃaŋgoˑ
পুরো	pɔɾo
পুরোগামী	purokami
পুরোটাই	puɾɔtai
পুরোনো	puɹonoˑ
পুরোনো	puɾonoˑ
পুল	pul
পুল	puːl
পুলক	pulok
পুলিশ	puliʃ
পুস্তক	pust̪ɔk
পূজা	pudʒäˑ
পূজারী	pudʑaɹiˑ
পূজারী	pudʒaɾiˑ
পূর্ণ	puɹnoˑ
পূর্ণ	puɾnoˑ
পূর্ব	puɹboˑ
পূর্ব	puɾboˑ
পূর্বপুরুষ	puɾbɔpuɾuʃ
পূর্ববাংলা	puɹbɔbaŋlaˑ
পূর্ববাংলা	puɾbɔbaŋlaˑ
পৃথকীকরণ	pɹit̪ʰkikɹon
পৃথকীকরণ	pɾit̪ʰkikɾon
পৃথিবী	pɹit̪ʰibiˑ
পৃথিবী	pɾit̪ʰibiˑ
পেঁচ	pæ̃tʃ
পেঁচ	pɛtɕ
পেঁড়া	pæ̃ɽaˑ
পেঁড়া	pæ̃ɾaˑ
পেঁড়া	pɛɹaˑ
পেঁপে	pepeˑ
পেঁপে	pẽpeˑ
পেঁয়াজ	peadʑ
পেঁয়াজ	peaz
পেঁয়াজ	peãdʒ
পেঁয়াজ	peãz
পেচ্ছাপ	petʃːʰäˑp
পেটা	peʈ̟a
পেনিস	peniʃ
পেয়ারা	peaɹaˑ
পেয়ারা	peaɾaˑ
পেয়ালা	pala
পেয়ালা	pealaˑ
পেরিয়ে	peɾie
পেরু	peɹuˑ
পেরু	peɾuˑ
পেরে	peɾe
পেরেক	peɹek
পেরেক	peɾek
পেরেক	piˈɾek
পেরেশান	peɹeʃan
পেরেশান	peɾeʃan
পেস	pes
পেস্তা	pest̪aˑ
পো	pˈo
পোকা	poka
পোড়া	poɽ̟aˑ
পোড়ানো	poɽ̟ano
পোশাক	poʃak
পৌঁছনো	poũtʃʰɔnoˑ
পৌঁছা	pou̯tɕʰaˑ
পৌঁছা	poũtʃʰaˑ
পৌনে	poneˑ
পৌনে	ponɛˑ
পৌনে	pou̯neˑ
পৌনে	pou̯nɛˑ
পৌনে	ɸonɛˑ
পৌনে	ɸou̯nɛˑ
পৌর	pou̯ro
পৌষ	oʃ
পৌষ	pou̯ʃ
প্যাঁচা	pæ̃tʃaˑ
প্যাঁচা	pɛtɕaˑ
প্যান্ডেল	pæɳɖel
প্যান্ডেল	pɛndel
প্যালেস্টাইন	pælesʈai̯n
প্যালেস্টাইন	pæleʂʈai̯n
প্যালেস্টাইন	pɛlestai̯n
প্রকারণ	prokarun
প্রকৃত	pɹokɹit̪oˑ
প্রকৃত	pɾokɾit̪oˑ
প্রকৃত	pɾokːit̪oˑ
প্রকৃতি	pɹokɹit̪iˑ
প্রকৃতি	pɾokɾit̪iˑ
প্রকৃতি	pɾokːit̪iˑ
প্রচণ্ড	pɹotɕondoˑ
প্রচণ্ড	pɾotʃoɳɖoˑ
প্রচার	pɹotɕaɹ
প্রচার	pɾotʃaɾ
প্রচুর	ɾɔtʃuɾ
প্রজাপতি	pɹodʑapot̪iˑ
প্রজাপতি	pɾodʒapot̪iˑ
প্রজেক্ট	pɹɔdʑekt
প্রজেক্ট	pɾɔdʒekʈ
প্রতি	pɹot̪iˑ
প্রতি	pɾoti
প্রতি	pɾot̪iˑ
প্রতিধ্বনি	pɹot̪id̪ʱːoniˑ
প্রতিধ্বনি	pɾot̪id̪ʱːoniˑ
প্রতিবন্ধি	pɾt̪iˑbɔnd̪ʱiˑ
প্রতিশোধ	prot̪iʃod̪ʱ
প্রতিশ্রুতি	pɹot̪isɹut̪iˑ
প্রতিশ্রুতি	pɾot̪isɾut̪iˑ
প্রতিষ্ঠিত	pɹot̪istʰit̪oˑ
প্রতিষ্ঠিত	pɹot̪iʃtʰit̪oˑ
প্রতিষ্ঠিত	pɾot̪iʂʈʰit̪oˑ
প্রত্যেক	pɹot̪ːek
প্রত্যেক	pɾot̪ːek
প্রথম	pɹot̪ʰɔm
প্রথম	pɾot̪ʰɔm
প্রধান	pɹod̪ʱan
প্রধান	pɾod̪ʱan
প্রবীণ	pɾobin
প্রয়োজন	pɹoe̯odʑɔn
প্রয়োজন	pɾoe̯odʒɔn
প্রশাসক	pɾoʃaʃɑk
প্রশ্ন	pɹosnoˑ
প্রশ্ন	pɹoʃnoˑ
প্রশ্ন	pɾosnoˑ
প্রশ্ন	pɾoʃnoˑ
প্রশ্নমালা	prosnomala
প্রস্তুত	pɹost̪ut̪
প্রস্তুত	pɾost̪ut̪
প্রস্তুতি	prostut̪i
প্রস্রাব	pˌɾˈɔsˈɹab
প্রহরী	pɹoɦoɹiˑ
প্রহরী	pɾoɦoɾiˑ
প্রাকৃতিক	pɹakɹit̪ik
প্রাকৃতিক	pɾakɾit̪ik
প্রাকৃতিক	pɾakːit̪ik
প্রাকৃতিকভাবে	pɹakɛt̪ikbʱaˑbe
প্রাচীন	pɹatɕin
প্রাচীন	pɾatʃin
প্রাচীর	pɹatɕiɹ
প্রাচীর	pɾatʃiɾ
প্রাচীর	ɾatʃiɾ
প্রাণ	pɹan
প্রাণ	pɾan
প্রাণ	pɾaːn
প্রাণভয়ে	pɾanbʱɔeˑ
প্রাণী	pɹaniˑ
প্রাণী	pɾaniˑ
প্রাণীতে	pɾanitɛ
প্রাত	pɹat̪
প্রাত	pɾat̪
প্রাতরাশ	pɹat̪ɔɹaʃ
প্রাতরাশ	pɾat̪ɔɾaʃ
প্রান্ত	pranto
প্রায়	pɹae̯
প্রায়	pɾae̯
প্রায়	praj
প্রায়ই	rai
প্রিয়	prio
প্রিয়	pɹi̯oˑ
প্রিয়	pɾi̯oˑ
প্রীতম	pɹit̪om
প্রীতম	pɾit̪om
প্রীতি	pɹit̪iˑ
প্রীতি	pɾiti
প্রীতি	pɾit̪iˑ
প্রেম	pɹem
প্রেম	pɾem
প্রেম	pɾeːm
প্রেমপীড়িত	pɹempiɹit̪oˑ
প্রেমপীড়িত	pɾempiɽit̪oˑ
প্রেমপীড়িত	pɾempiɾit̪oˑ
প্রেমিক	pɾemix
প্রেমিকা	pɹemikaˑ
প্রেমিকা	pɾemikaˑ
প্রেমে	preme
প্রেরিত	pɹeɹit̪oˑ
প্রেরিত	pɾeɾit̪oˑ
প্লাস্টিক	plastik
প্লাস্টিক	plasʈik
প্লাস্টিক	plaʂʈik
প্লিজ	pliz
প্লিজ	pliːz
প্লুটো	plutoˑ
প্লুটো	pluʈoˑ
ফকিন্নি	fɔkinːiˑ
ফকির	fokiɹ
ফকির	fokiɾ
ফখরুদ্দিন	fɔkɾud̪ːin
ফখরুদ্দিন	fɔkʰɾud̪ːin
ফখরুদ্দিন	fɔxɾud̪ːin
ফখরুদ্দিন	pʰɔkɾud̪ːin
ফখরুদ্দিন	pʰɔkʰɾud̪ːin
ফখরুদ্দিন	ɸɔkɾud̪ːin
ফখরুদ্দিন	ɸɔkʰɾud̪ːin
ফজর	fɔdʑoɹ
ফজর	fɔdʒoɾ
ফজল	fɔdʑol
ফজল	fɔdʒol
ফজল	fɔzol
ফটো	fɔʈ̟o
ফটোগ্রাফ	fɔtogɹaf
ফটোগ্রাফ	fɔʈogɾaf
ফড়িং	foɹiŋ
ফড়িং	foɽiŋ
ফড়িং	foɾiŋ
ফতে	fot̪eˑ
ফতোয়া	fɔt̪o̯aˑ
ফয়সালা	fɔe̯salaˑ
ফয়েজ	fɔez
ফরজ	fɔɹodʑ
ফরজ	fɔɹoz
ফরজ	fɔɾodʒ
ফরজ	fɔɾoz
ফরভো	foɾvo
ফরমান	fɔɹoman
ফরমান	fɔɾoman
ফরাসি	fɔɹaʃiˑ
ফরাসি	fɔɾaʃiˑ
ফরাসি	poɾasi
ফরিয়াদ	foɹi̯ad̪
ফরিয়াদ	foɾi̯ad̪
ফল	fˈɔl
ফলাফল	fɔlafɔl
ফাঁকা	pʰãka
ফাঁকা	ɸãka
ফাঁসি	pʰãʃi
ফাইরুজ	fai̯ɹuz
ফাইরুজ	fai̯ɾuz
ফাজিল	fadʑil
ফাজিল	fadʒil
ফাজিল	fazil
ফাজিল	ɸad̪zil
ফাজিল	ɸazil
ফাটা	fatːa
ফাটা	pʰɑʈɑ
ফাটা	ɸɑʈɑ
ফাটাফাটি	fatafatiˑ
ফাটাফাটি	faʈafaʈiˑ
ফাতেমা	fat̪emaˑ
ফানুস	fanuʃ
ফায়দা	fae̯d̪aˑ
ফারজানা	faɹdʑanaˑ
ফারজানা	faɹzanaˑ
ফারজানা	faɾdʒanaˑ
ফারজানা	faɾzanaˑ
ফারহান	faɾɦan
ফারহানা	faɾɦanaˑ
ফারাক	faɹak
ফারাক	faɾak
ফারাহ	faɹaˑ
ফারাহ	faɾaˑ
ফালতু	fal̪t̪uˑ
ফালতু	pʰal̪t̪uˑ
ফালতু	ɸalt̪uˑ
ফালুদা	falud̪aˑ
ফাল্গুন	falgun
ফাল্গুন	pʰalgun
ফাস	fas
ফাস	faːs
ফাহাদ	faɦad̪
ফাহ্মী	faɦmiˑ
ফিজি	fidʑiˑ
ফিজি	fidʒiˑ
ফিতা	fit̪aˑ
ফিনল্যান্ড	finlænd
ফিনল্যান্ড	finlæɳɖ
ফিরিঙ্গি	fiɹiŋgiˑ
ফিরিঙ্গি	fiɾiŋgiˑ
ফিরেবার	fiɹebaɹ
ফিরেবার	fiɾebaɾ
ফিরেবার	ɸiɹɛbaɹ
ফিরেবার	ɸiɾɛbaɾ
ফিরোজ	fiɹoz
ফিরোজ	fiɾoz
ফিরোজা	fiɹozaˑ
ফিরোজা	fiɾozaˑ
ফিলিপাইন	filipai̯n
ফিলিস্তিন	filist̪in
ফুটপাত	futpat̪
ফুটপাত	fuʈpat̪
ফুটপাথ	futpat̪
ফুটপাথ	fuʈpat̪
ফুটানো	futane
ফুটো	pʰuʈ̟o
ফুয়েল	fu̯el
ফুরসত	fuɹʃɔt̪
ফুরসত	fuɾʃɔt̪
ফুর্তি	fuɹt̪iˑ
ফুর্তি	pʰuɾt̪iˑ
ফুর্তি	ɸuɹt̪iˑ
ফুর্তি	ɸuɾt̪iˑ
ফুলের	fuleɾ
ফেনা	fænaˑ
ফেনা	fɛnaˑ
ফেনী	feni
ফেব্রুয়ারি	febɹu̯aɹiˑ
ফেব্রুয়ারি	febɾu̯aɾiˑ
ফেব্রুয়ারি	pebɾuaɾi
ফের	peɾ
ফেরদৌস	feɹd̪os
ফেরদৌস	feɹd̪ou̯s
ফেরদৌস	feɾd̪ou̯s
ফেরা	feɹaˑ
ফেরা	fɛɾɑ
ফেরা	pʰeɾaˑ
ফেরেশতা	feɹest̪aˑ
ফেরেশতা	feɾest̪aˑ
ফেলা	fela
ফেলা	fælaˑ
ফেলা	fɛlaˑ
ফোঁটা	fotaˑ
ফোঁটা	fõtaˑ
ফোঁটা	fõʈaˑ
ফোঁটা	pʰõʈaˑ
ফোঁটা	ɸõtaˑ
ফোটা	fotaˑ
ফোটা	foʈaˑ
ফোটা	pʰoʈaˑ
ফোটা	ɸotaˑ
ফোটানো	fotanoˑ
ফোটানো	foʈanoˑ
ফোটানো	pʰoʈanoˑ
ফোটানো	ɸotanoˑ
ফোন	fon
ফোন	foːn
ফোরাত	foɹat̪
ফোরাত	foɾat̪
ফোলা	pʰola
ফোলানো	pʰolano
ফৌজ	fou̯dʑ
ফৌজ	fou̯dʒ
ফৌজ	fou̯z
ফৌজি	fou̯dʑiˑ
ফৌজি	fou̯dʒiˑ
ফৌজি	fou̯ziˑ
ফ্যান	fæn
ফ্যান	fæːn
ফ্যান	fɛn
ফ্যান	fɛːn
ফ্যাসিবাদ	fæsibad̪
ফ্রিজ	fɹidʑ
ফ্রিজ	fɾidʒ
ফ্রেশ	fɹeʃ
ফ্রেশ	fɾeʃ
ফ্রেশ	fɾeːʃ
ফ্লপি	flɔpiˑ
ফ্ল্যাগ	flæg
ফ্ল্যাগ	flɛg
বঁটি	boti
বউ	bou̯
বওয়া	boa
বক	bok
বক	bɔk
বক	bɔːk
বকশিশ	bokʃiʃ
বক্ষবন্ধনী	bkʰbnd̪ʱniˑ
বগ	bɔg
বগদাদ	bɔgd̪ad̪
বগল	boˌgol
বগল	bɔgol
বগা	bɔgaˑ
বগি	bogʝ
বগী	bogiˑ
বগুড়া	boguɾaˑ
বগুড়া	boguɾa
বঙ্গ	bɔŋgoˑ
বঙ্গবিদ্যা	bɔngobid̪ːaˑ
বঙ্গালী	bɔŋgaliˑ
বছর	bɔtɕʰoɹ
বছর	bɔtʃoɾ
বছর	bɔtʃʰoɾ
বজ্র	bɔdʑɹoˑ
বজ্র	bɔdʒɾoˑ
বজ্রাসন	bd̪ɾaʃɔn
বট	bɔt
বট	bɔʈ
বট	bɔːt
বট	bɔːʈ
বটে	bɔte
বড়	bɔɹ
বড়	bɔɹoˑ
বড়	bɔɽ
বড়	bɔɽoˑ
বড়	bɔɾ
বড়	bɔɾoˑ
বড়দিন	bɔ̜ɽ̟odiˑn
বড়দিন	bɔ̜ɽ̟ɔ̝̜diˑn
বড়ি	boɹiˑ
বড়ি	boɽiˑ
বড়ি	boɾiˑ
বত্ব	bɔt̪ːoˑ
বদমাইশ	bɔd̪mai̯ʃ
বন	bon
বন	boːn
বন	bɔn
বন	bɔːn
বনবিড়াল	bonbiɾal
বনশ্রী	bonosɹiˑ
বনশ্রী	bonosɾiˑ
বনানী	bɔnaniˑ
বন্দর	bɔnd̪ɔɹ
বন্দর	bɔnd̪ɔɾ
বন্দুক	bɔnduk
বন্দ্যোপাধ্যায়	bɔnd̪opad̪ʱːae̯
বন্ধ	bɔnd̪ʱoˑ
বন্ধু	bond̪ʱuˑ
বন্ধুত্ব	bond̪ʱut̪ːoˑ
বন্‌ধ	bɔnd̪
বম্বে	bɔmbeˑ
বয়স	boʃ
বয়স	bɔe̯oʃ
বয়স	bɔe̯ʃ
বয়স্ক	bɔe̯oskoˑ
বয়ান	bɔe̯an
বর	bɔɹ
বর	bɔɾ
বর	bɔːɾ
বরকত	bɔɹkot̪
বরকত	bɔɾkot̪
বরকন্দাজ	bɔɹkɔnd̪adʑ
বরকন্দাজ	bɔɾkɔnd̪adʒ
বরফ	bɔɹof
বরফ	bɔɹoɸ
বরফ	bɔɾop
বরফ	bɔɾopʰ
বরফ	bɔɾoɸ
বরবাদ	bɔɹbad̪
বরবাদ	bɔɾbad̪
বরাবর	boɾɑboɾ
বর্গি	boɹgiˑ
বর্গি	boɾgiˑ
বর্ণ	bɔɹnoˑ
বর্ণ	bɔɾnoˑ
বর্ণনা	bɔɹnonaˑ
বর্ণনা	bɔɾnonaˑ
বর্ণমালা	bɔɹnomalaˑ
বর্ণমালা	bɔɾnomalaˑ
বর্তমান	bɔɹt̪oman
বর্তমান	bɔɾt̪oman
বর্ধমান	bɔɹd̪ʱoman
বর্ধমান	bɔɾd̪ʱoman
বর্বর	bɔɾbɔɾ
বর্শা	bɔrʃa
বর্ষণ	bɔɾʃɔn
বর্ষণবিধৌত	bɔɹʃɔnbid̪ʱou̯t̪
বর্ষণবিধৌত	bɔɾʃɔnbid̪ʱou̯t̪
বর্ষা	bɔɹʃaˑ
বর্ষা	bɔɾʃaˑ
বল	bolˈʃˈ
বলকান	bɔlokan
বলদ	bɔlod̪
বলবৎ	bolɣot
বলয়	boloi
বলা	bɔlaˑ
বলি	bolˈi
বলিউড	boliu̯d
বলিউড	boliu̯ɖ
বলে	bole
বল্টু	bɔl̪tuˑ
বল্টু	bɔɭʈuˑ
বশির	boʃiɹ
বশির	boʃiɾ
বস	bɔs
বস	bɔːs
বসতি	bosɔt̪i
বসন্ত	bosnto
বসন্ত	bɔʃont̪oˑ
বসা	bosa
বসু	bos̠uˑ
বসুন্ধরা	boʃund̪ʱɔɹaˑ
বসুন্ধরা	boʃund̪ʱɔɾaˑ
বসে	boʃe
বসে	ˈbɔʃe
বস্তা	bɔst̪aˑ
বহুব্রীহি	boɦubɹiɦiˑ
বহুব্রীহি	boɦubɾiɦiˑ
বহেড়া	bɔɦeɹaˑ
বহেড়া	bɔɦeɽaˑ
বহেড়া	bɔɦeɾaˑ
বা	baː
বা	baˑ
বাঁ	baː
বাঁ	baˑ
বাঁ	bãː
বাঁ	bãˑ
বাঁকা	baka
বাঁকা	bakaˑ
বাঁকা	bãkaˑ
বাঁকানো	vakano
বাঁচা	batɕaˑ
বাঁচা	batʃa
বাঁচা	bãtʃaˑ
বাঁচানো	bãtʃano
বাঁড়া	baɹaˑ
বাঁড়া	bãɽaˑ
বাঁড়া	bãɾaˑ
বাঁদর	bad̪oɹ
বাঁদর	bãd̪oɾ
বাঁধ	bad̪
বাঁধ	bãd̪
বাঁধা	bãd̪ʱa
বাঁধানো	bãd̪ʱano
বাঁশ	bãʃ
বাঁশি	bãʃi
বাঁশি	bʃʃi
বাংলা	baŋlaˑ
বাংলাদেশ	baŋlad̪eʃ
বাংলাদেশী	baŋlad̪eʃiˑ
বাংলাদেশে	baŋlad̪eʃeˑ
বাংলায়	baŋlae̯
বাইচ	bai̯s
বাইচ	bai̯tɕ
বাইচ	bai̯tʃ
বাইচ	bai̯t̪s
বাইট	bai̯t
বাইট	bai̯ʈ
বাইরে	baɪɾe
বাইসন	aʃn
বাউন্ডারি	bondaɾi
বাউল	bäu̯l
বাকি	bakiˑ
বাক্য	bakoɾ
বাক্য	bakːoˑ
বাক্স	bakʃoˑ
বাগ	bag
বাগধারা	bagd̪ʱaɹaˑ
বাগধারা	bagd̪ʱaɾaˑ
বাগান	bagan
বাগার	bagaɹ
বাগার	bagaɾ
বাগিচা	bagitɕaˑ
বাগিচা	bagitʃaˑ
বাগেরহাট	bageɾɦat
বাগেরহাট	bageɾɦaʈ
বাঘ	bag
বাঘ	baga
বাঘিনি	bagʱiniˑ
বাঙলা	baŋla
বাঙালি	baŋaliˑ
বাঙ্গলা	mangla
বাঙ্গালী	baŋgaliˑ
বাচাল	batɕal
বাচাল	batʃal
বাচ্চা	batɕːaˑ
বাচ্চা	batʃːaˑ
বাছা	batʃʰaˑ
বাছুর	batɕʰuɹ
বাছুর	batʃʰuɾ
বাজ	vatʃ
বাজা	badʑaˑ
বাজা	badʒaˑ
বাজানো	badʑanoˑ
বাজানো	badʒanoˑ
বাজার	badʑaɹ
বাজার	badʒaɾ
বাজার	bazaɹ
বাজার	bazaɾ
বাজি	vadʒi
বাজে	badʑeˑ
বাজে	badʒeˑ
বাজেভাবে	badʑeːbʱaːbe
বাট	baːʈ̟
বাটপাড়	batpaɹ
বাটপাড়	baʈpaɽ
বাটপাড়	baʈpaɾ
বাটি	batiˑ
বাটি	baʈiˑ
বাড়া	baɹaˑ
বাড়া	baɽaˑ
বাড়া	baɾaˑ
বাড়ি	baɹiˑ
বাড়ি	baɽiˑ
বাড়ি	baɾiˑ
বাড্ডা	badːaˑ
বাড্ডা	baɖːaˑ
বাণ	bal
বাতাস	batas
বাতাস	bat̪aʃ
বাতাসে	ˈbat̪aʃe
বাতি	bati
বাথরুম	batˈɾum
বাদক	bad̪ɔk
বাদশাজাদা	bad̪ʃadʑad̪aˑ
বাদশাজাদা	bad̪ʃadʒad̪aˑ
বাদশাহ	bad̪ʃaˑ
বাদাম	bad̪am
বাদামী	badami
বাদুড়	bad̪uɹ
বাদুড়	bad̪uɽ
বাদুড়	bad̪uɾ
বাদে	badɛ
বানচাল	bntʃan
বানর	banoɾ
বানর	banuʒ
বানান	banan
বানানো	banano
বানিয়ে	ɓanie
বান্দর	band̪oɹ
বান্দর	band̪oɾ
বান্দরবান	band̪oɹban
বান্দরবান	band̪oɹbɔn
বান্দরবান	band̪oɾban
বান্ধবী	band̪ʱobiˑ
বাবলা	bablaˑ
বাবা	babaˑ
বাবু	babuˑ
বাবুই	babu̯iˑ
বাবুর্চি	babuɹtɕiˑ
বাবুর্চি	babuɾtʃiˑ
বাম	bam
বাম	bamp
বাম	baːm
বার	baɹ
বার	baɾ
বার	baːɾ
বারণ	baron
বারাণসী	baɹanoʃiˑ
বারাণসী	baɾanoʃiˑ
বারান্দা	baɹand̪aˑ
বারান্দা	baɾand̪aˑ
বারি	baɹiˑ
বারি	baɾiˑ
বারিধারা	baɹid̪ʱaɹaˑ
বারিধারা	baɾid̪ʱaɾaˑ
বারুশ	baɹuʃ
বারুশ	baɾuʃ
বারো	baɹoˑ
বারো	baɾoˑ
বার্তাকু	baɹt̪akuˑ
বার্তাকু	baɾt̪akuˑ
বার্ষিকী	barʃiki
বাল	bal
বালতি	bal̪t̪iˑ
বালি	bali
বালিশ	baliʃ
বালিশ	balˈiʃ
বালু	balˈu
বাল্যবিবাহ	balːobibaɦoˑ
বাষ্প	baʃpoˑ
বাস	bas
বাস	baʃ
বাস	baːs
বাস	baːʃ
বাসনা	baʃnaˑ
বাসনা	baʃonaˑ
বাসনা	bʃɔnaˑ
বাসন্তী	baʃont̪iˑ
বাসমতী	baʃmɔt̪iˑ
বাসা	baʃaˑ
বাসা	bˈaʃa
বাসিন্দা	baʃind̪a
বাহাউদ্দিন	baɦau̯d̪ːin
বাহানা	baɦanaˑ
বাহার	baɦaɹ
বাহার	baɦaɾ
বি	bi
বিকাল	bikal
বিচ্ছিরি	bitɕʰːiɹiˑ
বিচ্ছিরি	bitʃʰːiɾiˑ
বিছনা	bisnaˑ
বিছানা	bitɕʰanaˑ
বিছানা	bitʃʰanaˑ
বিছানো	bitɕʰanoˑ
বিছানো	bitʃʰanoˑ
বিজন	idʒoan
বিজয়	bidʑɔe̯
বিজয়	bidʒɔe̯
বিজলী	bidʑliˑ
বিজলী	bidʒliˑ
বিজেতা	bidʒeta
বিজেপি	bidʒepiˑ
বিজোড়	bizjoɾ
বিজ্ঞান	bigːan
বিজ্ঞান	bigːæn
বিজ্ঞানী	bigːæniˑ
বিজ্ঞানী	bigːɛniˑ
বিজ্ঞাপন	bigːapon
বিড়াল	β̞iɾal
বিড়ি	biɹiˑ
বিড়ি	biɽiˑ
বিড়ি	biɾiˑ
বিদায়	bid̪ae̯
বিদেশ	bid̪eʃ
বিদেশি	bid̪eʃiˑ
বিদেশিনী	bid̪eʃiniˑ
বিদেশে	bideʃe
বিদ্যা	bid̪ːaˑ
বিদ্যালয়	bid̪ːalɔe̯
বিধবা	bid̪ʱobaˑ
বিন্দু	bind̪uˑ
বিপরীতকামী	bipoɹit̪kamiˑ
বিপরীতকামী	bipoɾit̪kamiˑ
বিপাশা	bipaʃaˑ
বিফল	bifon
বিবর্তন	ɣ̞iβ̞oɾt̪on
বিবাহ	bibaɦoˑ
বিবেক	bibˈek
বিভক্ত	bibokt̪o
বিভাগ	bibʱag
বিভাগ	bivag
বিভাজন	bibʱadʑɔn
বিভাজন	bibʱadʒɔn
বিভাজন	bivadʑɔn
বিভাজন	bivadʒɔn
বিভিন্ন	bibʱinːoˑ
বিভিন্ন	bivinːoˑ
বিভিন্নতা	bibʱinːot̪aˑ
বিভিন্নতা	bibʱinːɔt̪aˑ
বিভিন্নতা	bivinːot̪aˑ
বিভিন্নতা	bivinːɔt̪aˑ
বিভিন্নতা	bjbʱiɳnʊt̪a
বিমল	bimɔl
বিমানপোত	β̞imanpot̪
বিমানবন্দর	bimänbɔ̜nd̪oˑɾ
বিমানবল	biːmanˈbɔl
বিমানবালা	bimanːbala
বিয়াই	bi̯ai̯
বিয়ান	bi̯an
বিয়ে	bi̯eˑ
বিরল	biɹɔl
বিরল	biɾɔl
বিরান	biɹan
বিরান	biɾan
বিরিয়ানি	biɹi̯aniˑ
বিরিয়ানি	biɾi̯aniˑ
বিরুদ্ধে	biɹud̪ʱːeˑ
বিরুদ্ধে	biɾud̪ʱːeˑ
বিরূপ	bjɾup
বিলাই	bilai̯
বিলাতি	bilat̪iˑ
বিলি	bili
বিলিতি	bilit̪iˑ
বিলিয়ন	bili̯jon
বিলেতি	bilet̪iˑ
বিশ	biz
বিশ	biʃ
বিশ	biːʃ
বিশাল	biʃal
বিশাল	biʃˈal
বিশেষণ	biʃeʃɔn
বিশেষণ	biʃɛʃɔn
বিশেষ্য	biʃeʃːoˑ
বিশ্ব	biʃːoˑ
বিশ্বকর্মা	biʃɔkɾmaˑ
বিশ্ববিদ্যালয়	biʃːobid̪ːalɔe̯
বিশ্বস্ত	biʃːɔst̪oˑ
বিশ্বাস	biʃːaʃ
বিশ্রী	bisɹiˑ
বিশ্রী	bisɾiˑ
বিষ	biʃ
বিষ	biːʃ
বিষক্রিয়া	biʃokria
বিষয়	biʃɔe̯
বিষয়ে	biʃɔeˑ
বিষ্টু	biʂʈuˑ
বিষ্যুদবার	biʃːud̪baɹ
বিষ্যুদবার	biʃːud̪baɾ
বিসমিল্লাহ	bismilːaˑ
বিস্কুট	biskut
বিস্কুট	biskuʈ
বিস্তার	bistaɾ
বিস্তারিত	bist̪aɹit̪oˑ
বিস্তারিত	bist̪aɾit̪oˑ
বিস্ফোরণ	bispoɾon
বিহনে	biɦɔneˑ
বিহান	nihan
বিহার	biɦaɹ
বিহার	biɦaɾ
বিহ্বল	biu̯bʱɔl
বিহ্বল	biu̯vɔl
বীজ	bidʑ
বীজ	bidʒ
বীজঘ্ন	bidʑɔgʱnoˑ
বীজঘ্ন	bidʒɔgʱnoˑ
বীজাণু	bidʑanuˑ
বীজাণু	bidʒanuˑ
বীণা	binaˑ
বীণা	ina
বীর	biɹ
বীর	biɾ
বীর	biːɾ
বীর	bˈiɹ
বীরত্ব	ʋiɾɔtːoˑ
বীরাঙ্গনা	biraŋgona
বীরোচিত	birotʃito
বুঝতে	buz̪̪t̪eˑ
বুত	but̪
বুদাপেস্ট	bud̪apest
বুদাপেস্ট	bud̪apesʈ
বুদাপেস্ট	bud̪apeʂʈ
বুদ্ধি	bud̪ʱːiˑ
বুধবার	bud̪ʱbaɹ
বুধবার	bud̪ʱbaɾ
বুভুক্ষা	bubʱukːʰäˑ
বুমেরাং	bumeɾa
বুর্সা	buɹsaˑ
বুর্সা	buɾsaˑ
বুলবুল	bulbul
বুশরা	buʃɹaˑ
বুশরা	buʃɾaˑ
বুড়ো	buɾo
বুয়া	bua
বৃক্ক	bɹikːoˑ
বৃক্ক	bɾikːoˑ
বৃশ্চিকদংশন	bɹistɕikɔd̪oŋʃɔn
বৃশ্চিকদংশন	bɹiʃtɕikɔd̪oŋʃɔn
বৃশ্চিকদংশন	bɾistʃikɔd̪oŋʃɔn
বৃশ্চিকদংশন	bɾiʃtʃikɔd̪oŋʃɔn
বৃষ্টি	bɹistiˑ
বৃষ্টি	bɹiʃtiˑ
বৃষ্টি	bɾiʂʈiˑ
বৃহস্পতি	bɹiɦɔʃpot̪iˑ
বৃহস্পতি	bɾiɦɔʃpot̪iˑ
বৃহস্পতিবার	bɹiɦospɔt̪iˑbaɾ
বৃহস্পতিবার	bɹiɦɔʃpot̪ibaɹ
বৃহস্পতিবার	bɾiɦɔʃpot̪ibaɾ
বে	beː
বে	beˑ
বেঁকা	beka
বেওয়াকেফ	beo̯akef
বেকার	bekaːɾ
বেকুব	bekub
বেগ	beg
বেগম	begom
বেচা	bɛtʃa
বেচারা	betɕaɹaˑ
বেচারা	betʃaɾaˑ
বেজি	beʒi
বেটা	bætaˑ
বেটা	bæʈaˑ
বেঠিক	betik
বেড়াল	beɽ̟al
বেণী	beni
বেতন	beton
বেতার	bet̪ɾ
বেদনা	bed̪onaˑ
বেদানা	bed̪ana
বেদে	bed̪eˑ
বেপরোয়া	bepɔɹo̯aˑ
বেপরোয়া	bepɔɾo̯aˑ
বেরোনো	berono
বেলফাস্ট	belfast
বেলফাস্ট	belfasʈ
বেলফাস্ট	belfaʂʈ
বেলা	bila
বেলা	bælaˑ
বেলা	bɛlaˑ
বেলারুশ	belaɹuʃ
বেলারুশ	belaɾuʃ
বেলি	beliˑ
বেলুন	belun
বেশ	beʃ
বেশি	beʃi
বেশী	beʃiˑ
বেশুমার	beʃumaɹ
বেশুমার	beʃumaɾ
বেশ্যা	beʃa
বেশ্যা	beʃːaˑ
বেশ্যা	bæʃa
বেষ্টনী	bɛstɔni
বেসরকারি	besoɾkaɾiˑ
বেহেশ্ত	beɦest̪
বেড়া	beˈra
বেয়াড়া	beara
বৈকালিক	bojkalik
বৈঠা	boi̯tʰaˑ
বৈঠা	boi̯ʈʰaˑ
বৈশাখ	boi̯ʃak
বৈশাখ	boi̯ʃax
বৈশিষ্ট্য	boi̯ʃistːoˑ
বৈশিষ্ট্য	boi̯ʃiʂʈːoˑ
বৈশিষ্ট্য	boi̯ʃiʃtːoˑ
বৈষ্ণব	boi̯ʃnɔb
বোকা	boka
বোকা	bokaˑ
বোকাচোদা	bokätʃod̪äˑ
বোচকা	botska
বোজা	bodʑaˑ
বোজা	bodʒaˑ
বোঝা	bodʑʱaˑ
বোঝা	bodʒʱaˑ
বোঝা	bozaˑ
বোঝানো	bodʒʱano
বোতল	bot̪ol
বোতাম	botam
বোতাম	bot̪am
বোন	bon
বোন	boːn
বোনা	bona
বোবা	boba
বোবা	bobaˑ
বোমা	boma
বোমা	bomaˑ
বোম্বাই	bombai̯
বোরকা	boɹkaˑ
বোরকা	boɹkʰaˑ
বোরকা	boɾkaˑ
বোরকা	boɾkʰaˑ
বোষ্টম	bostɔm
বোষ্টম	boʂʈɔm
বোষ্টম	boʃtɔm
বোস	boːs̠
বৌ	buu
বৌদ্ধ	boto
বৌদ্ধ	bou̯d̪ʱːoˑ
ব্যক্তি	bekt̪iˑ
ব্যঞ্জন	bændʒɔn
ব্যঞ্জন	bɛndʑɔn
ব্যঞ্জনধ্বনি	bændʒɔnd̪ʱoniˑ
ব্যঞ্জনধ্বনি	bɛndʑɔnd̪ʱoniˑ
ব্যঞ্জনা	bensona
ব্যথা	bæt̪ʰaˑ
ব্যথা	bɛt̪ʰaˑ
ব্যবসা	bæbʃaˑ
ব্যবসা	bɛbʃaˑ
ব্যবস্থা	bæbost̪ʰaˑ
ব্যবস্থা	bɛbost̪ʰaˑ
ব্যবহার	bæboɦaɾ
ব্যবহার	bæbᵊɦaɾ
ব্যবহার	bæbᵒɦaɾ
ব্যস	bæs
ব্যস	bæːs
ব্যস	bɛs
ব্যস	bɛːs
ব্যস্ত	besto
ব্যস্ত	bæst̪oˑ
ব্যস্ত	bɛst̪oˑ
ব্যাকরণ	bækɾon
ব্যাকরণ	bɛkɹon
ব্যাগ	bæg
ব্যাঙ্ক	bæŋkoˑ
ব্যাঙ্ক	bɛŋkoˑ
ব্যাটারি	bæʈ̟äɾiˑ
ব্যাদ	bæd̪
ব্যাদ	bɛd̪
ব্যাপক	bæpɔk
ব্যাপক	bɛpɔk
ব্যায়াম	beam
ব্যায়াম	bæam
ব্যায়াম	bɛam
ব্যাস	bæs
ব্যাস	bæːs
ব্যাস	bɛs
ব্যাস	bɛːs
ব্রণ	bɹɔn
ব্রণ	bɾɔn
ব্রণ	bɾɔːn
ব্রত	bɹot̪oˑ
ব্রত	bɾot̪oˑ
ব্রাজিল	bɹazil
ব্রাজিল	bɾazil
ব্রাহ্ম	bɹai̯mːɔˑ
ব্রাহ্ম	bɹamɦoˑ
ব্রাহ্ম	bɹamːoˑ
ব্রাহ্ম	bɾai̯mːɔˑ
ব্রাহ্ম	bɾamɦoˑ
ব্রাহ্ম	bɾamːoˑ
ব্রাহ্মণ	bramːon
ব্রাহ্মণ	bɹamɦon
ব্রাহ্মণ	bɹamːon
ব্রাহ্মণ	bɾamɦon
ব্রাহ্মণ	bɾamːon
ব্রাহ্মণবাড়িয়া	bɹamɦonbaɹi̯aˑ
ব্রাহ্মণবাড়িয়া	bɹamːonbaɹi̯aˑ
ব্রাহ্মণবাড়িয়া	bɾamɦonbaɽi̯aˑ
ব্রাহ্মণবাড়িয়া	bɾamːonbaɾi̯aˑ
ব্রিটেন	bɹiten
ব্রিটেন	bɾiʈen
ব্লগ	blɔg
ব্ল্যাকহোল	blækhoˑl
ব্ল্যাকহোল	blɛkhoˑl
বৎসর	bɔt̪ʃɔɹ
বৎসর	bɔt̪ʃɔɾ
ভইড়	bói̯ɹ
ভইড়	bʱoi̯ɾ
ভইড়	ɓoi̯ɾ
ভগবান	bʱɔgoban
ভগবান	vɔgoban
ভগিনী	bʱɔginiˑ
ভগিনী	vɔginiˑ
ভট্টাচার্য	bʱɔtːatɕaɹdʑoˑ
ভট্টাচার্য	bʱɔʈːatʃaɾdʒoˑ
ভট্টাচার্য	vɔtːatɕaɹdʑoˑ
ভট্টাচার্য	vɔʈːatʃaɾdʒoˑ
ভড়	bʱɔːɾ
ভণ্ড	bʱɔndoˑ
ভণ্ড	bʱɔɳɖoˑ
ভণ্ড	vɔndoˑ
ভণ্ড	vɔɳɖoˑ
ভদকা	bʱɔd̪okaˑ
ভদকা	vɔd̪okaˑ
ভদ্রলোক	bʱɔd̪ːɹolok
ভদ্রলোক	bʱɔd̪ːɾolok
ভদ্রলোক	vɔd̪ːɹolok
ভদ্রলোক	vɔd̪ːɾolok
ভনভন	bʱɔnbʱɔn
ভনভন	vɔnvɔn
ভবিষ্যদ্বাণী	bʱobiʃːɔd̪baniˑ
ভবিষ্যৎ	bʱobiʃːɔt̪
ভয়	bʱɔe̯
ভয়	vɔe̯
ভরতনাট্যম	bʱɔɹt̪natːom
ভরতনাট্যম	bʱɔɾt̪naʈːom
ভরতনাট্যম	vɔɹt̪natːom
ভরতনাট্যম	vɔɾt̪naʈːom
ভরসা	bʱɔɹoʃaˑ
ভরসা	bʱɔɾoʃaˑ
ভরসা	vɔɹoʃaˑ
ভরসা	vɔɾoʃaˑ
ভরা	bʱɔra
ভর্তা	bʱɔɹt̪aˑ
ভর্তা	bʱɔɾt̪aˑ
ভর্তা	vɔɹt̪aˑ
ভর্তা	vɔɾt̪aˑ
ভাং	bʱaŋ
ভাং	vaŋ
ভাই	bʱai̯
ভাই	vai̯
ভাইরাস	bʱai̯ɹas
ভাইরাস	bʱai̯ɾas
ভাইরাস	vai̯ɹas
ভাইরাস	vai̯ɾas
ভাগ	bʱag
ভাগ	vag
ভাগা	bʱaga
ভাগানো	bʱagano
ভাগ্য	bʱagːoˑ
ভাগ্য	vagːoˑ
ভাজা	bʱadʑaˑ
ভাজা	bʱadʒaˑ
ভাজা	bʱaːdʒa
ভাজা	vadʑaˑ
ভাজা	vadʒaˑ
ভাটা	bʱataˑ
ভাটা	bʱaʈaˑ
ভাটা	vataˑ
ভাটা	vaʈaˑ
ভাটি	bʱatiˑ
ভাটি	bʱaʈiˑ
ভাটি	vatiˑ
ভাটি	vaʈiˑ
ভাড়া	bʱaɹaˑ
ভাড়া	bʱaɽaˑ
ভাড়া	vaɹaˑ
ভাড়া	vaɾaˑ
ভাড়াইট্যা	báɹai̯tːaˑ
ভাড়াইট্যা	ɓaɾai̯tːaˑ
ভাড়াটে	bʱaɹateˑ
ভাড়াটে	bʱaɽaʈeˑ
ভাড়াটে	vaɹateˑ
ভাড়াটে	vaɾaʈeˑ
ভাণ্ডার	bʱandaɹ
ভাণ্ডার	bʱaɳɖaɾ
ভাণ্ডার	vandaɹ
ভাণ্ডার	vaɳɖaɾ
ভাত	bʱat̪
ভাত	vat̪
ভাদ্র	bʱad̪ːɹoˑ
ভাদ্র	bʱad̪ːɾoˑ
ভাদ্র	vad̪ːɹoˑ
ভাদ্র	vad̪ːɾoˑ
ভাবনা	bʱabnaˑ
ভাবনা	bʱabɔnaˑ
ভাবনা	vabnaˑ
ভাবনা	vabɔnaˑ
ভাবা	bʱabaˑ
ভাবী	bʱɑbi
ভাম	bʱaːm
ভারত	bʱaɹot̪
ভারত	bʱaɾot̪
ভারত	vaɹot̪
ভারত	vaɾot̪
ভারতে	bʱaɹɔt̪eˑ
ভারতে	bʱaɾɔt̪eˑ
ভারতে	vaɹɔt̪eˑ
ভারতে	vaɾɔt̪eˑ
ভার্চুয়াল	bʱaɹtɕu̯al
ভার্চুয়াল	bʱaɾtʃu̯al
ভার্চুয়াল	vaɹtɕu̯al
ভার্চুয়াল	vaɾtʃu̯al
ভাল	bʱal
ভাল	bʱaloˑ
ভাল	bʱaːloˑ
ভালবাসা	bʱalɔbaʃaˑ
ভালবাসা	bʱaˑloˑbaˑʃaˑ
ভালবাসা	valɔbaʃaˑ
ভালভা	bʱalbʱaˑ
ভালভা	valvaˑ
ভালোনাম	bʱalonam
ভালোনাম	valonam
ভালোবাসা	bʱalobaʃaˑ
ভালোবাসা	valobaʃaˑ
ভাশুর	bʱaʃuɹ
ভাশুর	bʱaʃuɾ
ভাশুর	vaʃuɹ
ভাশুর	vaʃuɾ
ভাষণ	bʱaʃɔn
ভাষা	bʱaʃaˑ
ভাষা	bˈaʃa
ভাষা	vaʃaˑ
ভাষ্যমতে	bʱaʃːoˑmɔt̪t̪e
ভাসমান	bʃɔman
ভাসা	bʱaʃaˑ
ভাসা	vaʃaˑ
ভাসুর	bʱaʃuɹ
ভাসুর	bʱaʃuɾ
ভাসুর	vaʃuɹ
ভাসুর	vaʃuɾ
ভাস্বর	bʱaʃːɔɹ
ভাস্বর	bʱaʃːɔɾ
ভাস্বর	vaʃːɔɹ
ভাস্বর	vaʃːɔɾ
ভিজা	bidʒa
ভিডিও	bʱidi̯oˑ
ভিডিও	bʱiɖi̯oˑ
ভিডিও	vidiˈo
ভিডিও	vidi̯oˑ
ভিডিও	viɖi̯oˑ
ভিডিয়ো	vidiˈo
ভিত	bʱit̪oˑ
ভিত	vit̪oˑ
ভিতরে	bʱit̪ɔɹeˑ
ভিতরে	bʱit̪ɔɾeˑ
ভিতরে	vit̪ɔɹeˑ
ভিতরে	vit̪ɔɾeˑ
ভিত্তি	bʱit̪ːiˑ
ভিত্তি	vit̪ːiˑ
ভিত্তিপ্রস্তর	bʱit̪ːipɹost̪ɔɹ
ভিত্তিপ্রস্তর	bʱit̪ːipɾost̪ɔɾ
ভিত্তিপ্রস্তর	vit̪ːipɹost̪ɔɹ
ভিত্তিপ্রস্তর	vit̪ːipɾost̪ɔɾ
ভিন্নতা	bʱɪnːot̪a
ভিসা	bʱiʃaˑ
ভিসা	viʃaˑ
ভিসি	bʱis̠iˑ
ভিসি	vis̠iˑ
ভিসি	βis̠iˑ
ভুঁই	bʱu̯iˑ
ভুঁই	bʱũiˑ
ভুঁই	vu̯iˑ
ভুঁই	vũiˑ
ভুঁড়ি	búɹiˑ
ভুঁড়ি	bʱuɹiˑ
ভুঁড়ি	bʱũɽiˑ
ভুঁড়ি	vuɹiˑ
ভুঁড়ি	vũɾiˑ
ভুঁড়ি	ɓuɾiˑ
ভুখ	bʱuːk
ভুখ	vux
ভুট্টা	bʱutːaˑ
ভুট্টা	bʱuʈːaˑ
ভুট্টা	vutːaˑ
ভুট্টা	vuʈːaˑ
ভুবন	bʱubon
ভুবন	vubon
ভুয়া	bʱu̯aˑ
ভুয়া	vu̯aˑ
ভুল	bʱuːl
ভুল	vul
ভুলা	bʊla
ভূটান	but̪an
ভূত	bʱut̪
ভূত	vut̪
ভূমি	bʱumiˑ
ভূমি	vumiˑ
ভূমিপুত্র	bʱumiput̪ːɹoˑ
ভূমিপুত্র	bʱumiput̪ːɾoˑ
ভূমিপুত্র	vumiput̪ːɹoˑ
ভূমিপুত্র	vumiput̪ːɾoˑ
ভূলোক	vulok
ভূষণ	bʱuʃɔn
ভেজানো	bʱedʒano
ভেজানো	bʱɛdʒano
ভেটা	bʱetaˑ
ভেটা	bʱeʈaˑ
ভেটা	vetaˑ
ভেটা	veʈaˑ
ভেড়া	bʱæɽaˑ
ভেড়া	bʱæɾaˑ
ভেড়া	bʱæ̃ɽaˑ
ভেড়া	bʱæ̃ɾaˑ
ভেতরে	bʱet̪ɔɹeˑ
ভেতরে	bʱet̪ɔɾeˑ
ভেতরে	vet̪ɔɹeˑ
ভেতরে	vet̪ɔɾeˑ
ভেস্তা	bʱes̠t̪äˑ
ভেস্তা	ves̠t̪äˑ
ভেস্তা	βes̠t̪äˑ
ভোগা	bʱogaˑ
ভোগা	vogaˑ
ভোজপুর	bʱodʑpuɹ
ভোজপুর	bʱodʒpuɾ
ভোজপুর	vodʑpuɹ
ভোজপুর	vodʒpuɾ
ভোর	bʱoɹ
ভোর	bʱoːɾ
ভোর	voɹ
ভোর	voɾ
ভোলা	bʁola
ভোলা	bʱola
ভৌগলিক	bʱoːgəlik
ভৌম	bʱou̯moˑ
ভৌম	vou̯moˑ
ভ্যাঙানো	bʱæŋano
ভ্রমন	bʱɔmɔn
ভ্রাতা	bʱɹat̪aˑ
ভ্রাতা	bʱɾat̪aˑ
ভ্রাতা	vɹat̪aˑ
ভ্রাতা	vɾat̪aˑ
ভ্লাদিমির	bʱlad̪imiɹ
ভ্লাদিমির	bʱlad̪imiɾ
ভ্লাদিমির	vlad̪imiɹ
ভ্লাদিমির	vlad̪imiɾ
মওলা	mɔo̯laˑ
মওলানা	mɔo̯lanaˑ
মকতব	mɔkt̪ob
মকতব	mɔkt̪ɔb
মক্কা	mˈokːa
মগজ	mɔgodʑ
মগজ	mɔgodʒ
মগজ	mˌɑgʊdʒ
মঙ্গল	mɔŋgɔl
মঙ্গল	mɔ̃ŋgol
মঙ্গলবার	moŋgolbaɹ
মঙ্গলবার	moŋgolbaɾ
মঙ্গল্য	mongolːɔˑ
মচমচে	mɔtɕmɔtɕeˑ
মচমচে	mɔtʃmɔtʃeˑ
মজদুর	mozd̪uɹ
মজদুর	mozd̪uɾ
মজদুর	moz̪̪d̪uɹ
মজদুর	moz̪̪d̪uɾ
মজলিস	modʑliʃ
মজলিস	modʒliʃ
মজলুম	modʑlum
মজলুম	modʒlum
মজলুম	mozlum
মজা	moːdʒa
মজা	mɔdʑaˑ
মজা	mɔdʒaˑ
মজা	mɔd̪zaˑ
মজা	mɔzaˑ
মজুর	mɔdʑuɹ
মজুর	mɔdʒuɾ
মঞ্চ	montʃo
মঞ্জুঘোষ	mɔndʑugʱoʃ
মঞ্জুঘোষ	mɔndʒugʱoʃ
মড়া	mɔɹaˑ
মড়া	mɔɽaˑ
মড়া	mɔɾaˑ
মডেল	mˈɑdəl
মণি	moniˑ
মণিপুর	monipuɹ
মণিপুর	monipuɾ
মণীশ	moniʃ
মত	mot̪oˑ
মত	mɔt̪
মত	mɔt̪oˑ
মতি	mot̪iˑ
মতো	mɔt̪oˑ
মদ	mɔd̪
মধু	mod̪ʱuˑ
মধুর	mod̪ʱuɾ
মধ্য	mod̪ʱːoˑ
মধ্য	mud̪ʱo
মধ্যে	mɔd̪ʱːeˑ
মন	mon
মন	moːn
মনমোহন	mɔnmɔɦɔn
মনসা	mɔnoʃaˑ
মনিব	monib
মনির	moniɹ
মনির	moniɾ
মনে	mone
মনোনিবেশ	mononibes
মনোয়ার	mono̯aɹ
মনোয়ার	mono̯aɾ
মনোয়ারা	mono̯aɹaˑ
মনোয়ারা	mono̯aɾaˑ
মনোরমা	monoɹɔmaˑ
মনোরমা	monoɾɔmaˑ
মনোহর	mnːʊˈɦɑɾ
মন্ত্রী	mont̪ːɹiˑ
মন্ত্রী	mont̪ːɾiˑ
মফস্বল	mɔfoʃːɔl
মম	mɔmoˑ
মমতাজ	mɔmot̪adʑ
মমতাজ	mɔmot̪adʒ
মমতাজ	mɔmt̪adʑ
মমতাজ	mɔmt̪adʒ
ময়দা	mɔe̯d̪aˑ
ময়দান	mɔe̯d̪an
ময়না	mɔe̯naˑ
ময়মনসিংহ	mɔe̯monʃiŋɦo
মরজি	moɹdʑiˑ
মরজি	moɾdʒiˑ
মরদ	mɔɹɔd̪
মরদ	mɔɾɔd̪
মরহুম	moɾɦum
মরহুমা	moɾɦumaˑ
মরা	mɔɹaˑ
মরা	mɔɾaˑ
মরামাস	mɔɹamaʃ
মরামাস	mɔɾamaʃ
মরিয়ম	moɹi̯om
মরিয়ম	moɾi̯om
মরিশাস	mɔɹiʃas
মরিশাস	mɔɾiʃas
মরীচিকা	morjtʃika
মর্দ	mɔɾd̪ɔ
মর্দনী	mɔɾd̪ɔni
মর্মর	mˈɔɹmˈɔɹ
মলম	mɔlom
মলাট	mɔlat
মলাট	mɔlaʈ
মলিন	mˌɔlɪn
মল্লিকা	molːikaˑ
মশলা	maʃla
মশলা	mɔʃlaˑ
মশাই	mɔʃai̯
মশারি	mɔʃaɹiˑ
মশারি	mɔʃaɾiˑ
মশাল	mɔʃal
মসজিদ	mosdʑid̪
মসজিদ	mosdʒid̪
মসজিদ	moʃdʑid̪
মসজিদ	moʃdʒid̪
মস্করা	mɔʃkɔɹaˑ
মস্করা	mɔʃkɔɾaˑ
মস্তিষ্ক	most̪iʃkoˑ
মহকুমা	mɔɦɔ̝kumäˑ
মহব্বত	mɔɦobːɔt̪
মহরম	mɑɦrɔŋ
মহা	mɔɦaˑ
মহাদেশ	mɔɦad̪eʃ
মহারাষ্ট্র	mɔɦaɹastːɹoˑ
মহারাষ্ট্র	mɔɦaɹaʃtːɹoˑ
মহারাষ্ট্র	mɔɦaɾaʂʈːɾoˑ
মহাসচিব	mˈɦaʃɔdʑiˑb
মহাসাগর	moːʒaːʃagɾ
মহাসাগর	mɔɦaʃagɔɹ
মহাসাগর	mɔɦaʃagɔɾ
মহাসিন্ধু	mɔɦaʃind̪ʱuˑ
মহিলা	moɦilaˑ
মহিষ	moɦiʃ
মহীশূর	moɦiʃuɹ
মহীশূর	moɦiʃuɾ
মহেন্দ্র	mɔɦend̪ːɹoˑ
মহেন্দ্র	mɔɦend̪ːɾoˑ
মা	ma
মা	mˈa
মাং	maŋ
মাংসিক	maŋʃiːk
মাইক	mai̯k
মাইক্রোনেশিয়া	mai̯kɹoneʃi̯aˑ
মাইক্রোনেশিয়া	mai̯kɾoneʃi̯aˑ
মাখন	makʰon
মাখা	makʰaˑ
মাগ	mag
মাগফিরাত	magfiɹat̪
মাগফিরাত	magfiɾat̪
মাগরিব	magɹib
মাগরিব	magɾib
মাগরেবী	magɹebiˑ
মাগরেবী	magɾebiˑ
মাগী	magiˑ
মাগুর	maguɹ
মাগুর	maguɾ
মাঘ	mag
মাঘ	mˈag
মাঙ্গা	maŋgaˑ
মাছ	mɑtʃʰ
মাছি	masiˑ
মাছি	matʃʰiˑ
মাজা	madʑaˑ
মাজা	madʒaˑ
মাজার	madʑaɹ
মাজার	madʒaɾ
মাঝ	madʑ
মাঝ	madʒ
মাঝে	madʑʱeˑ
মাঝে	madʒʱeˑ
মাটি	maʈ̟i
মাঠ	maʈ̟ʰ
মাড়	maɽ
মাড়ি	maɽi
মাত	mat̪
মাতা	mata
মাতা	mat̪aˑ
মাতাল	matal
মাতুল	matul
মাতৃ	mät̪ːɾiˑ
মাতৃভাষা	mät̪ːɾibʱäs̠äˑ
মাত্র	mat̪ːɹoˑ
মাত্র	mat̪ːɾoˑ
মাদল	mad̪ɔl
মাধ্যম	mɑd̪ʱoːm
মাধ্যমে	mad̪ʱːɔmeˑ
মানবজাতি	manobdʑat̪iˑ
মানবজাতি	manobdʒat̪iˑ
মানবিক	manobik
মানা	manaˑ
মানানসই	mananʃoi
মানানো	mananˈo
মানুষ	manuʃ
মানুষ।	manuʃ
মানে	maneˑ
মাপা	mapa
মাফ	maf
মাফ	maːf
মামড়ি	mamɹiˑ
মামড়ি	mamɽiˑ
মামড়ি	mamɾiˑ
মামলা	mamlaˑ
মামলাবাজ	mamlaβ̞ajɣ̞
মামলাবাজি	mamlabazi
মামা	mama
মামীমা	mɑmɪmɑ
মামুলী	mamuliˑ
মায়া	mae̯aˑ
মারুফ	maɾuf
মার্কসবাদ	maɹksbad̪
মার্কসবাদ	maɹkʃbad̪
মার্কসবাদ	maɾksbad̪
মার্কসবাদ	maɾkʃbad̪
মার্কা	marka
মার্কা	maɹkaˑ
মার্কা	maɾkaˑ
মার্কিন	maɹkin
মার্কিন	maɾkin
মার্চ	maɹtɕ
মার্চ	maɾtʃ
মাল	mal
মাল	maːl
মালদহ	malˈdɔ
মালদা	mal̪d̪a
মালদা	mal̪d̪aˑ
মালদ্বীপ	mal̪d̪ip
মালা	mala
মালাউন	malau̯n
মালিক	malik
মালিকানা	malikanaˑ
মাশাআল্লাহ	maʃalːaˑ
মাস	maʃ
মাস	maːʃ
মাস	mˈaʃ
মাসকালাই	maskalai̯
মাসি	maʃiˑ
মাসুদ	masud̪
মাস্টার	mastaɹ
মাস্টার	masʈaɾ
মাস্টার	maʂʈaɾ
মাস্টারমশাই	mastaɹɔmʃai̯
মাস্টারমশাই	masʈaɾɔmʃai̯
মাস্টারমশাই	maʂʈaɾɔmʃai̯
মাহতাব	maɦt̪ab
মাহদি	maɦad̪iˑ
মাহদি	maɦd̪iˑ
মাহদি	meɦd̪iˑ
মাহদি	meɦed̪iˑ
মাহফিল	maɦfil
মাহফুজ	maɦfuz
মাহমূদ	maɦmud̪
মাহির	maɦiɹ
মাহির	maɦiɾ
মাহীন	maɦin
মাহুত	maɦut̪
মিউনিখ	miun̪ikʰ
মিছিল	mitɕʰil
মিছিল	mitʃʰil
মিজান	midʑan
মিজান	midʒan
মিঞা	mi̯aˑ
মিঞা	mi̯ãˑ
মিটা	mitaˑ
মিটা	miʈaˑ
মিঠা	mitʰaˑ
মিঠা	miʈʰaˑ
মিতা	mit̪äˑ
মিত্র	mit̪ːɹoˑ
মিত্র	mit̪ːɾoˑ
মিথেন	mit̪ʰen
মিথ্যুক	mit̪ʰːuk
মিনার	minaɹ
মিনার	minaɾ
মিনিট	minit
মিনিট	miniʈ
মিয়ানমার	mijanmal
মিল	mˈil
মিলিয়ন	milˈion
মিশর	miʃoɹ
মিশর	miʃɔɹ
মিশর	miʃɔɾ
মিশরীয়	miʃɔɾioˑ
মিষ্টি	mistiˑ
মিষ্টি	miʂʈiˑ
মিষ্টি	miʃtiˑ
মিসকিন	miskin
মিস্ত্রী	mist̪ːɹiˑ
মিস্ত্রী	mist̪ːɾiˑ
মিয়ানমারের	mianmaɾen
মীর	miɹ
মীর	miɾ
মীর	miːɾ
মীরা	miɹaˑ
মীরা	miɾaˑ
মুকেরি	mukeɾiˑ
মুকেরি	mukɛɾiˑ
মুক্ত	mukt̪oˑ
মুক্তা	mukt̪aˑ
মুক্তি	mukt̪iˑ
মুক্তিযুদ্ধ	mukt̪idʑud̪ʱːoˑ
মুক্তিযুদ্ধ	mukt̪idʒud̪ʱːoˑ
মুক্তো	mukt̪oˑ
মুখপাত্র	mukʰopat̪ːɹoˑ
মুখপাত্র	mukʰopat̪ːɾoˑ
মুখপাত্র	mukʰopät̪ːɾo
মুখর	mukʰɔɹ
মুখর	mukʰɔɾ
মুখস্থ	mukost̪ʰoˑ
মুখস্থ	mukʰost̪oˑ
মুখস্থ	mukʰost̪ʰoˑ
মুখার্জি	mukʰaɹdʑiˑ
মুখার্জি	mukʰaɾdʒiˑ
মুখুজ্জে	mukʰudʑːeˑ
মুখুজ্জে	mukʰudʒːeˑ
মুখোপাধ্যায়	mukʰopad̪ʱːae̯
মুখোশ	mukʰoʃ
মুঘল	mugʱol
মুচি	mukʃi
মুচি	mutɕiˑ
মুচি	mutʃiˑ
মুজিব	mudʑib
মুজিব	mudʒib
মুড়ি	muɹiˑ
মুড়ি	muɽiˑ
মুড়ি	muɾiˑ
মুত	muːt̪
মুতা	mut̪äˑ
মুতাজ	mut̪adʑ
মুতাজ	mut̪adʒ
মুদি	mud̪iˑ
মুন্ডা	mundaˑ
মুন্ডা	muɳɖaˑ
মুন্সীগঞ্জ	munʃigɔndʒ
মুবাশশির	mubaʃːiɹ
মুবাশশির	mubaʃːiɾ
মুভি	mubʱiˑ
মুভি	muviˑ
মুম্বই	mumboi̯
মুরগি	muɹgiˑ
মুরগি	muɾgiˑ
মুরগী	muɹgiˑ
মুরগী	muɾgiˑ
মুরুব্বি	muɹubːiˑ
মুরুব্বি	muɾubːiˑ
মুর্শিদ	muɹʃid̪
মুর্শিদ	muɾʃid̪
মুর্শিদাবাদ	muɹʃid̪abad̪
মুর্শিদাবাদ	muɾʃid̪abad̪
মুশকিল	muʃkil
মুষল	muʃol
মুষলধার	muʃol̪d̪ʱaɹ
মুষলধার	muʃol̪d̪ʱaɾ
মুসলমান	musolman
মুসলিম	muslim
মুসল্লি	musolːiˑ
মুসা	musa
মুসাফির	musafiɹ
মুসাফির	musafiɾ
মুসিবত	musibɔt̪
মুহাম্মদ	muɦamːɔd̪
মুহূর্তগুলো	muˈɦurt̪oˈgulo
মূঢ়	muɹoˑ
মূঢ়	muɽoˑ
মূঢ়	muɽʱoˑ
মূঢ়	muɾɦoˑ
মূত্র	mut̪ːɾɔ̝ˑ
মূত্রনালি	mut̪ːɾɔ̝näliˑ
মূর্খ	murkʰo
মূর্ধন্য	muɹd̪ʱɔnːoˑ
মূর্ধন্য	muɾd̪ʱɔnːoˑ
মূল	mul
মূল	muːl
মূল	mˈʊl
মূল্য	mulːɔ̝
মৃত	mɹit̪oˑ
মৃত	mɾit̪oˑ
মৃত্যু	mɹit̪ːuˑ
মৃত্যু	mɾit̪ːuˑ
মৃত্যুঞ্জয়	mɹit̪ːundʑɔe̯
মৃত্যুঞ্জয়	mɾit̪ːundʒɔe̯
মৃদু	mɹid̪uˑ
মৃদু	mɾid̪uˑ
মে	meː
মে	meˑ
মেকুর	mɛkuˑɾ
মেঘ	meg
মেঘ	mɛg
মেঘনা	megʱɔn̪a
মেঘনা	mjɛgna
মেঘালয়	megʱalɔe̯
মেচ	metɕ
মেচ	metʃ
মেজ	medʑoˑ
মেজ	medʒoˑ
মেজ	mez
মেজ	meːz
মেজদা	mez̪̪d̪aˑ
মেজবান	medʑban
মেজবান	medʒban
মেজবান	mezban
মেজাজ	medʑadʑ
মেজাজ	medʒadʒ
মেঝে	medʒʱe
মেনে	ene
মেম	mem
মেম	meːm
মেম	mæm
মেম	mæːm
মেম	mɛm
মেম	mɛːm
মেয়াদ	mead̪
মেয়ে	meː
মেয়ে	meˑ
মেয়েমানুষ	mee̯emanuʃ
মেরা	meɹaˑ
মেরা	meɾaˑ
মেরামত	meɹamɔt̪
মেরামত	meɾamɔt̪
মেরু	meɹuˑ
মেরু	meɾuˑ
মেলানেশিয়া	melaneʃi̯aˑ
মেলামেশা	mælameʃaˑ
মেলামেশা	mɛlameʃaˑ
মেশা	mesa
মেষ	meʃ
মেষ	meːʃ
মেষশাবক	meʃːabɔk
মেস	meːs̠
মেহজাবিন	maɦdʑabin
মেহজাবিন	maɦdʒabin
মেহজাবিন	maɦzabin
মেহজাবিন	meɦdʑabin
মেহজাবিন	meɦdʒabin
মেহজাবিন	meɦzabin
মেহমান	mæɦman
মেহমান	mɛɦman
মেহমানী	mæɦmaniˑ
মেহমানী	mɛɦmaniˑ
মেহেরবানি	meɦeɹbaniˑ
মেহেরবানি	meɦeɾbaniˑ
মেহেরুন্নেসা	meɦeɹunːesaˑ
মেহেরুন্নেসা	meɦeɾunːesaˑ
মেহেরুন্নেসা	meɦɹunːesaˑ
মেহেরুন্নেসা	meɦɾunːesaˑ
মোংলা	monla
মোগল	mogol
মোজা	modʑaˑ
মোজা	modʒa
মোজা	modʒaˑ
মোজা	mod̪zaˑ
মোজা	mozaˑ
মোজেজা	modʑezaˑ
মোজেজা	modʒezaˑ
মোড়	moɹ
মোড়	moɽ
মোড়	moɾ
মোড়ল	moɹol
মোড়ল	moɽol
মোড়ল	moɾol
মোতা	mot̪äˑ
মোতি	mot̪iˑ
মোনাজাত	monadʑat̪
মোনাজাত	monadʒat̪
মোবাইল	mobai̯l
মোম	mom
মোর	mˈɔɹ
মোরগ	moɹog
মোরগ	moɾog
মোরব্বা	moɹɔbːaˑ
মোরব্বা	moɾɔbːaˑ
মোরা	mula
মোলাকাত	molakat̪
মোলায়েম	moläeˑm
মোল্লা	molːaˑ
মোল্লা	mulːaˑ
মোহর	moɦɔɹ
মোহর	moɦɔɾ
মৌ	mou̯
মৌঁসুমী	mou̯ʃumˈi
মৌত	mou̯t̪
মৌন	mono
মৌলবী	mou̯lobiˑ
মৌসুম	mou̯ʃum
মৌসুমি	mou̯ʃumiˑ
ম্যাকিন্টোশ	mkintos
ম্যাডাম	mæɖam
ম্যাডাম	mɛdam
ম্যানিলা	manila
ম্লেচ্ছ	mletɕʰːoˑ
ম্লেচ্ছ	mletʃʰːoˑ
ময়না	mojna
য	dʑɔː
য	dʑɔˑ
য	dʒɔˑ
য	zɔˑ
যক্ষ্মা	dʑɔkʰːaˑ
যক্ষ্মা	dʒɔkʰːaˑ
যখন	dʑɔkʰɔn
যখন	dʒɔkʰɔn
যথেষ্ট	dʑɔt̪ʰestoˑ
যথেষ্ট	dʑɔt̪ʰeʃtoˑ
যথেষ্ট	dʒɔt̪ʰeʂʈoˑ
যদি	dʑod̪iˑ
যদি	dʒod̪iˑ
যদিও	dʑod̪i̯oˑ
যদিও	dʒod̪i̯oˑ
যদ্দিন	dʑɔd̪ːin
যদ্দিন	dʒɔd̪ːin
যবন	dʑɔbon
যবন	dʒɔbon
যম	dʑɔm
যম	dʑɔːm
যম	dʒɔm
যমজ	dʑɔmodʑ
যমজ	dʒɔmodʒ
যমজ	dʒɔmɔdʒi
যমুনা	dʒomuna
যশোর	dʑɔʃoɹ
যশোর	dʒoʃoɾ
যশোর	dʒɔʃoɾ
যশোর	d̪zɔʃoɾ
যশোর	zɔʃoɹ
যা	dʑaː
যা	dʑaˑ
যা	dʒa
যা	dʒaˑ
যাওয়া	dʑao̯aˑ
যাওয়া	dʒao̯aˑ
যাওয়া	dʒawa
যাচ্ছেতাই	dʑatɕʰːet̪ai̯
যাচ্ছেতাই	dʒatʃʰːet̪ai̯
যাত্রা	dʑat̪ːɹaˑ
যাত্রা	dʒat̪ːɾaˑ
যানবাহন	anbaˈhʊn
যাবি	dʒɑbi
যাবে	dʒabe
যাবো	dʒabo
যিনা	dʑinaˑ
যিনা	dʒinaˑ
যিশু	dʑiʃuˑ
যিশু	dʒiʃuˑ
যুক্তরাজ্য	dʑukt̪ɔɹadʑːoˑ
যুক্তরাজ্য	dʒukt̪ɔɾadʒːoˑ
যুক্তরাষ্ট্র	dʑukt̪ɔɹastːɹoˑ
যুক্তরাষ্ট্র	dʑukt̪ɔɹaʃtːɹoˑ
যুক্তরাষ্ট্র	dʒukt̪ɔɾaʂʈːɾoˑ
যুগল	dʑugɔl
যুগল	dʒugɔl
যুদ্ধ	dʑud̪ʱːoˑ
যুদ্ধ	dʒud̪ʱːoˑ
যুবতী	dʒubo̞t̪i
যুযু	dʑudʑuˑ
যুযু	dʒudʒuˑ
যুলফিকার	dʑulfikaɾ
যুলফিকার	dʒulfikaɾ
যুলফিকার	zulfikaɾ
যে	dʒe
যেই	dʒeɪ
যেকোনও	dʒekono
যেখান	dʑekʰan
যেখান	dʒekʰan
যেগুলো	dʒegulo
যেন	dʑɛnoˑ
যেন	dʒænoˑ
যেমন	dʑemɔn
যেমন	dʒemɔn
যোগ	dʑog
যোগ	dʒog
যোগ	dʒoːk
যোগানো	dʒoɣano
যোগিনী	dʑoginiˑ
যোগিনী	dʒoginiˑ
যোগী	dʑogiˑ
যোগী	dʒogiˑ
যোনি	dʑoniˑ
যোনি	dʒoniˑ
যৌক্তিক	dʒukt̪ik
র	rɔ
রং	rɔŋ
রংধনু	rɔŋd̪ʱonuˑ
রংধনু	ɹɔŋd̪ʱonuˑ
রংপুর	rɔŋpuɾ
রংপুর	ɹɔŋpuɹ
রংপুরী	rɔŋpuɾiˑ
রংপুরী	ɹɔŋpuɹiˑ
রইদ	rɔid̪
রইদ	ɹɔid̪
রওনা	rɔo̯naˑ
রওনা	ɹɔo̯naˑ
রওয়া	rɔo̯aˑ
রওয়া	ɹɔo̯aˑ
রওয়ানা	rɔo̯anaˑ
রওয়ানা	ɹɔo̯anaˑ
রওশন	rɔo̯ʃɔn
রওশন	ɹɔo̯ʃɔn
রকম	rɔkom
রকম	ɹɔkom
রক্ষা	rokʰːaˑ
রক্ষা	ɹokʰːaˑ
রচনা	rɔtʃonaˑ
রচনা	rɔtʃɔnaː
রচনা	ɹɔtɕonaˑ
রজত	rɔdʒot̪
রজত	ɹɔdʑot̪
রজনীগন্ধা	rɔdʒonigɔnd̪ʱaˑ
রজনীগন্ধা	ɹɔdʑonigɔnd̪ʱaˑ
রতন	rɔt̪on
রতন	ɹɔt̪on
রত্ন	rɔt̪noˑ
রত্ন	ɹɔt̪noˑ
রপ্তানি	ɾɔt̪ani
রফা	rɔfa
রব	rɔb
রব	rɔːb
রব	ɹɔb
রবি	robiˑ
রবি	ɹobiˑ
রবিবার	robibaɾ
রবিবার	ɹobibaɹ
রবীন্দ্র	robind̪ːɾoˑ
রবীন্দ্র	ɹobind̪ːɹoˑ
রবীন্দ্রনাথ	ɾobind̪ɾonäːt̪ʰ
রবীন্দ্রনাথ	ɾobind̪ːɾonät̪
রম	rɔm
রম	rɔːm
রম	ɹɔm
রমজান	rɔmdʒan
রমজান	rɔmzan
রমজান	ɹɔmdʑan
রমজান	ɹɔmzan
রশিদ	roʃid̪
রশিদ	ɹoʃid̪
রস	rɔs
রস	rɔːs
রস	ɹɔs
রসগোল্লা	rɔʃogolːaˑ
রসগোল্লা	ɹɔʃogolːaˑ
রসম	rɔʃom
রসম	ɹɔʃom
রসায়ন	rɔʃae̯ɔn
রসায়ন	ɹɔʃae̯ɔn
রসুন	ɾʃuŋ
রসুল	rosul
রসুল	ɹosul
রহমত	rɔɦmot̪
রহমত	ɹɔɦmot̪
রহমান	rɔɦman
রহমান	ɹɔɦman
রহস্য	rɔɦoʃːoˑ
রহস্য	ɹɔɦoʃːoˑ
রহস্যজনকভাবে	rɦoʂoˑdʑnɔkbʱaˑbe
রহিম	rohem
রহিম	roɦim
রহিম	ɹoɦim
রহিমা	roɦimaˑ
রহিমা	ɹoɦimaˑ
রা	la˥˥
রাঁধা	rãd̪ʱaˑ
রাঁধা	ɹad̪ʱaˑ
রাঁধুনি	rãd̪ʱuniˑ
রাঁধুনি	ɹad̪ʱuniˑ
রাও	rao̯
রাও	ɹao̯
রাক্ষস	rakʰːɔʃ
রাক্ষস	ɹakʰːɔʃ
রাক্ষস	ɾakːɑʃ
রাখা	rakʰaˑ
রাখা	ɹakʰaˑ
রাখাল	rakʰal
রাখাল	ɹakʰal
রাগানো	raganu
রাগি	ɾəgi
রাগিণী	raːgini
রাগী	ragiˑ
রাগী	ɹagiˑ
রাঙা	raŋaˑ
রাঙা	ɹaŋaˑ
রাঙ্গামাটি	ɾaŋgamaʈːi
রাজকীয়	radʒɔki̯oˑ
রাজকীয়	ɹadʑɔki̯oˑ
রাজকীয়	radʒoˑkiˑoˑ
রাজকুমার	radʒkumaɾ
রাজকুমার	ɹadʑkumaɹ
রাজপুত	radʒput̪
রাজপুত	ɹadʑput̪
রাজস্থান	radʒɔst̪ʰan
রাজস্থান	ɹadʑɔst̪ʰan
রাজা	radʒaˑ
রাজা	ɹadʑaˑ
রাজি	radʒiˑ
রাজি	ɹadʑiˑ
রাজিয়া	radʒi̯aˑ
রাজিয়া	ɹadʑi̯aˑ
রাজ্য	radʒːoˑ
রাজ্য	ɹadʑːoˑ
রাঢ়	rad
রাঢ়	raɽ
রাঢ়	raɽʱ
রাঢ়	raɾɦ
রাঢ়	ɹaɹ
রাণা	ranaˑ
রাণা	ɹanaˑ
রাণী	raniˑ
রাণী	ɹaniˑ
রাত	rat̪
রাত	ɹat̪
রাত	ɾat
রাধা	rad̪ʱaˑ
রাধা	ɹad̪ʱaˑ
রান্না	ranːaˑ
রান্না	ɹanːaˑ
রান্নাঘর	ranːagʱɔɾ
রান্নাঘর	ɹanːagʱɔɹ
রান্নাপাক	rnnːapak
রাবণ	rabon
রাবণ	ɹabon
রামচন্দ্র	ramtʃɔnd̪ːɾoˑ
রামচন্দ্র	ɹamtɕɔnd̪ːɹoˑ
রামধনু	ramd̪ʱonuˑ
রামধনু	ɹamd̪ʱonuˑ
রায়	rae̯
রায়	ɹae̯
রাশি	ɾasi
রাশিয়া	raʃi̯aˑ
রাশিয়া	ɹaʃi̯aˑ
রাশেদ	raʃed̪
রাশেদ	ɹaʃed̪
রাষ্ট্র	raʂʈːɾoˑ
রাষ্ট্র	ɹastːɹoˑ
রাষ্ট্র	ɹaʃtːɹoˑ
রাসায়নিক	ɾaʃaˑjonik
রাস্তা	ɾɐst̪ɑ
রাস্তা	ɾɐs̪t̪ɑː
রাহুল	raɦul
রাহুল	ɹaɦul
রিকশা	rikʃaˑ
রিকশা	ɹikʃaˑ
রিজিক	ridʒik
রিজিক	rizik
রিজিক	ɹidʑik
রিজিক	ɹizik
রিমঝিম	rimdʒʱim
রিমঝিম	ɹimdʑʱim
রিশকা	riʃkaˑ
রিশকা	ɹiʃkaˑ
রীতি	riti
রীতি	rit̪iˑ
রীতি	ɹit̪iˑ
রুজি	rudʒiˑ
রুজি	ɹudʑiˑ
রুট	ruʈ
রুট	ruːʈ
রুট	ɹut
রুটি	ruʈiˑ
রুটি	ɹutiˑ
রুদ্র	rud̪ːɾoˑ
রুদ্র	ɹud̪ːɹoˑ
রুদ্রাক্ষ	rud̪ːɾakʰːoˑ
রুদ্রাক্ষ	ɹud̪ːɹakʰːoˑ
রুপা	rupaˑ
রুপা	ɹupaˑ
রুমাল	rumal
রুমাল	ɹumal
রুশ	ruʃ
রুশ	ruːʃ
রুশ	ɹuʃ
রূপ	rup
রূপ	ruːp
রূপ	ɹup
রূপকথা	rupkɔt̪ʰaˑ
রূপকথা	ɹupkɔt̪ʰaˑ
রূমী	rumiˑ
রূমী	ɹumiˑ
রে	ɾɪ
রেওয়াজ	reo̯adʒ
রেওয়াজ	ɹeo̯adʑ
রেজোয়ান	ɾedʒoo̯an
রেজোয়ান	ɾezoo̯an
রেটিনা	reʈinaˑ
রেটিনা	ɹetinaˑ
রেদোয়ান	red̪o̯an
রেদোয়ান	ɹed̪o̯an
রেনেসাঁ	reneʃãˑ
রেনেসাঁ	ɹeneʃaˑ
রেবেকা	rebekaˑ
রেবেকা	ɹebekaˑ
রেল	ɾɛl
রেশম	reʃom
রেশম	ɹeʃom
রেস্টুরেন্ট	resʈuɾeɳʈ
রেস্টুরেন্ট	reʂʈuɾeɳʈ
রেস্টুরেন্ট	ɹestuɹent
রেস্তোরাঁ	rest̪oɾãˑ
রেস্তোরাঁ	ɹest̪oɹaˑ
রেহাই	rejai
রেহাই	reɦai̯
রেহাই	ɹeɦai̯
রোকসানা	roksanaˑ
রোকসানা	ɹoksanaˑ
রোগা	ɾɔga
রোজ	rodʒ
রোজ	ɹodʑ
রোজগার	rodʒgaɾ
রোজগার	rod̪zgaɾ
রোজগার	ɹodʑgaɹ
রোজগার	ɹozgaɹ
রোজনামা	rodʒnamaˑ
রোজনামা	ɹodʑnamaˑ
রোজা	rodʒaˑ
রোজা	ɹodʑaˑ
রোদ	rod̪
রোদ	ɹod̪
রোববার	ɾubbaɾ
রোম	rom
রোম	roːm
রোম	ɹom
রোমান	roman
রোমান	ɹoman
রোয়াইঙ্গা	ro̯ai̯ŋgaˑ
রোয়াইঙ্গা	ɹo̯ai̯ŋgaˑ
রোষ	roʃ
রৌশনী	rou̯ʃɔniˑ
রৌশনী	roːʃɔniˑ
রৌশনী	rɔuʃɔniˑ
রৌশনী	ɹou̯ʃɔniˑ
রৌশনী	ɹoːʃɔniˑ
রৌশনী	ɹɔuʃɔniˑ
লওয়া	lɔo̯aˑ
লক্ষ্মণ	lɔkʰːɔn
লক্ষ্মী	lɔkʰːiˑ
লক্ষ্মীপেঁচা	lɔkʰːipetɕaˑ
লক্ষ্মীপেঁচা	lɔkʰːipẽtʃaˑ
লগ্ন	lˈɔgnʊ
লড়া	lɔɹaˑ
লড়া	lɔɽaˑ
লড়া	lɔɾaˑ
লতা	lɔt̪aˑ
লতিফ	lot̪if
লন্ঠন	lɔntʰɔn
লন্ঠন	lɔɳʈʰɔn
লন্ডন	lɔndɔn
লন্ডন	lɔɳɖɔn
লফজ	lɔfzoˑ
লবডঙ্কা	lɔbodɔŋkaˑ
লবডঙ্কা	lɔboɖɔŋkaˑ
লবণ	lobon
লম্ব	lombo
ললাট	lɒlɒt
ললিতা	lolit̪aˑ
লস্যি	lɔsːiˑ
লহর	lɔɦoɹ
লহর	lɔɦoɾ
লাউ	lau̯
লাখান	läkä́n
লাখান	läɦä́n
লাগা	lɑgɑ
লাগানো	laganˈo
লাগাম	lagam
লাগিয়া	lagi̯aˑ
লাঙল	laŋol
লাঞ্চ	lantɕ
লাঞ্চ	lantʃ
লাট	laːʈ
লাঠি	laʈʰiˑ
লাথি	lati
লাথি	lat̪ʰi
লাফ	laf
লাফ	laːf
লাফানো	lafanˈɔ
লাফানো	lapʰano
লাফানো	laɸano
লাভ	lav
লাভ	laːb
লাভ	ˈlav
লাভজনক	labdʒonuk
লাভা	labʱaˑ
লাভা	lavaˑ
লাল	lal
লাল	laːl
লাল	lˈɑl
লালন	lalon
লালা	lalaˑ
লাশ	laʃ
লাশ	laːʃ
লায়লা	lajla
লি	li
লিখন	likˈɔn
লিখনকর্ম	likʰɔnkɔɾmɔ
লিঙ্গ	liŋgoˑ
লিচু	litɕuˑ
লিচু	litʃuˑ
লিপস্টিক	lipstik
লিপস্টিক	lipsʈik
লিপস্টিক	lipʂʈik
লিফট	lift
লিফট	lifʈ
লিসবন	lisbon
লীলা	lila
লুকোচুরি	lukotɕuɹiˑ
লুকোচুরি	lukotʃuɾiˑ
লুঙ্গি	luŋgiˑ
লুৎফুর	lut̪fuɹ
লুৎফুর	lut̪fuɾ
লেখা	lekʰaˑ
লেখা	lækʰaˑ
লেখা	lɛkʰaˑ
লেগ	leg
লেবু	lebu
লেমনেড	lemɔned
লেমনেড	lemɔneɖ
লোক	lok
লোকসান	lokʃan
লোচন	lotɕɔn
লোচন	lotʃɔn
লোপ	lop
লোপ	loːp
লোম	lom
লোমরাজি	lomoradʒi
লোমাবলি	lomaboni
লোহা	loɦaˑ
লোহার	loar
ল্যাজ	lædʒ
ল্যাজ	lɛdʑ
লয়	lˈɔj
লয়ে	loe
শ	ʃɔː
শ	ʃɔˑ
শওহর	ʃɔo̯ɦɔɹ
শওহর	ʃɔo̯ɦɔɾ
শক্ত	ʃɔkto
শক্ত	ʃɔkt̪oˑ
শক্তি	sokt̪i
শক্তি	ʃokt̪i
শখ	ʃɑk
শখ	ʃɔx
শখ	ʃɔːk
শঙ্খচূড়	ʃɔŋkʰɔtɕuɹ
শঙ্খচূড়	ʃɔŋkʰɔtʃuɽ
শঙ্খচূড়	ʃɔŋkʰɔtʃuɾ
শত	s̠ɔ̜t̪oˑ
শত	s̠ɔ̜t̪ɔ̝̜ˑ
শতরকম	s̠ɔ̜t̪oɾɔ̜koˑm
শত্রু	ʃot̪ːɹuˑ
শত্রু	ʃot̪ːɾuˑ
শত্রুতা	ʃɔt̪t̪ɾut̪ɐ
শনাক্ত	ʃɔnakt̪oˑ
শনি	ʃoniˑ
শনিবার	ʃonibaɹ
শনিবার	ʃonibaɾ
শব	ʃɒb
শবনম	ʃɔbnɔm
শব্দ	ʃɔbd̪oˑ
শয়তান	ʃɔet̪an
শরবত	ʃɔɹbot̪
শরবত	ʃɔɾbot̪
শরম	ʃɔɹom
শরম	ʃɔɾom
শরমানো	ʃɔɹmanoˑ
শরমানো	ʃɔɾmanoˑ
শরীফ	ʃoɾif
শরীর	ʃoɹil
শরীর	ʃoɹiɹ
শরীর	ʃoɾil
শরীর	ʃoɾiɾ
শর্করা	ʃɔɹkɔɹaˑ
শর্করা	ʃɔɾkɔɾaˑ
শর্করা	ʃɾkɹa
শর্তের	ʃɾteɾ
শর্মিষ্ঠা	ʃoɹmistʰaˑ
শর্মিষ্ঠা	ʃoɹmiʃtʰaˑ
শর্মিষ্ঠা	ʃoɾmiʂʈʰaˑ
শরৎ	ʃɔɹot̪
শরৎ	ʃɔɾot̪
শল্যচিকিৎসা	ʃɔlːotɕikit̪s̪aˑ
শল্যচিকিৎসা	ʃɔlːotʃikit̪s̪aˑ
শসা	ʃɔʃaˑ
শহর	ʃuɦoɾ
শহর	ʃɔɦoɹ
শহর	ʃɔɦoɾ
শহর	ʃɔɦɔɾ
শহীদ	ʃoɦid̪
শাঁস	ʃaʃ
শাক	ʃak
শাক	ʃaːk
শাগ	ʃag
শাড়ি	ʃaɹiˑ
শাড়ি	ʃaɽiˑ
শাড়ি	ʃaɾiˑ
শান্ত	ʃant̪oˑ
শান্তি	ʃant̪iˑ
শাফা	ʃafaˑ
শাবক	ʃabok
শাবাশ	ʃabaʃ
শাবাশ	ʃabːaʃ
শামা	ʃamaˑ
শামিয়ানা	ʃami̯anaˑ
শামুক	ʃamuk
শায়া	ʃae̯aˑ
শাল	ʃal
শাল	ʃaːl
শালা	ʃalaˑ
শালি	ʃaliˑ
শালিক	ʃalik
শালিক	ʃɑlik
শালী	ʃaliˑ
শাস্ত্র	ʃast̪ːɹoˑ
শাস্ত্র	ʃast̪ːɾoˑ
শাস্ত্রী	ʃast̪ːɹiˑ
শাস্ত্রী	ʃast̪ːɾiˑ
শাহ	ʃaː
শাহ	ʃaˑ
শাহজাহান	ʃaːdʒaːɦan
শাহতাজ	ʃaɦt̪adʑ
শাহতাজ	ʃaɦt̪adʒ
শাহতাজ	ʃeɦt̪adʑ
শাহতাজ	ʃeɦt̪adʒ
শাহরুখ	ʃaɦoɹuk
শাহরুখ	ʃaɦoɹux
শাহরুখ	ʃaɦoɾuk
শাহরুখ	ʃaɦoɾux
শাহাদাত	ʃaɦad̪at̪
শাহানা	ʃaɦanaˑ
শাহীন	ʃaɦin
শিং	ʃiŋ
শিউলি	ʃiu̯liˑ
শিকার	ʃikaɹ
শিকার	ʃikaɾ
শিক্ষক	s̠ikːʰɔ̜ˑk
শিক্ষিত	ʃikʰːit̪oˑ
শিখ	s̠iːkʰ
শিখর	ʃikɑr
শিগ্গির	ʃigːiɹ
শিগ্গির	ʃigːiɾ
শিফট	ʃɪft
শিম	ʃim˨˩
শিয়াল	ʃial
শিরিন	ʃiɾin
শিরোনাম	ʃiɹonam
শিরোনাম	ʃiɾonam
শিরোমনি	ʃiɾomoni
শিল	ʃil
শিল	ʃiːl
শিলনোড়া	ʃilnoɹaˑ
শিলনোড়া	ʃilnoɽaˑ
শিলনোড়া	ʃilnoɾaˑ
শিশু	ʃiʃuˑ
শিশ্ন	ʃiʃno
শিশ্ন	ʃiʃnoˑ
শিষ্য	ʃiʃˌoː
শিয়রে	siɔɾe
শীঘ্র	ʃigʱɹoˑ
শীঘ্র	ʃigʱɾoˑ
শীত	ʃit̪
শীতকাল	ʃitkal
শীততাপ	ʃit̪ɔt̪ap
শীতাতপ	ʃit̪at̪ɔp
শীর্ণ	ʃiɾn
শুঁটকি	ʃutkiˑ
শুঁটকি	ʃũʈkiˑ
শুক	ʃuk
শুক্র	ʃukɹoˑ
শুক্র	ʃukɾoˑ
শুক্রবার	ʃukɹɔbaɹ
শুক্রবার	ʃukɾɔbaɾ
শুতেন	ʃuten
শুধু	ʃud̪ʱuˑ
শুভ	ʃubʱoˑ
শুভ	ʃuvoˑ
শুমার	s̠umäˑɾ
শুয়োর	ʃu̯oɹ
শুয়োর	ʃu̯oɾ
শুরু	ʃuɹuˑ
শুরু	ʃuɾu
শুরু	ʃuɾuˑ
শুশুক	ʃuʃuɟ
শুয়োর	ʃuɔɹ
শূন্য	ʃunːoˑ
শেখ	ʃex
শেখ	ʃeːk
শেখানো	ʃekʰano
শেয়াল	ʃeal
শের-এ-বাংলা	ʃeɾebɑŋla
শেরপুর	ʃeɾbuɾ
শেষ	ʃeʃ
শৈবাল	ʃojˈbal
শৈলী	ʃojli
শৈশব	ʃoi̯ʃɔb
শোনা	ʃonaˑ
শোভন	ʃɔbʱɔn
শোয়া	ʃo̯aˑ
শোলা	ʃu˨˩˦la˥˩
শোষণ	ʃɔʃɔn
শোয়	ʃou˥˩
শোয়া	ʃoa
শ্বসন	ʃɑʃɔn
শ্বসিত	ʃoʃito
শ্বাস	s̠äːs̠
শ্বেত	ʃːet̪
শ্বেতকণিকা	ʃet̪konika
শ্বেতদ্বীপ	ʃetod̪ip
শ্বেতি	ʃit̪i
শ্যাম	ʃæm
শ্যাম	ʃæːm
শ্যাম	ʃɛm
শ্যাম	ʃɛːm
শ্যামদেশ	ʃæmd̪eʃ
শ্যাম্পু	ʃæmpuˑ
শ্যাম্পু	ʃɛmpuˑ
শ্রবণ	srobon
শ্রবণ	sɹɔbon
শ্রবণ	sɾɔbon
শ্রম	sɹɔm
শ্রম	sɾɔm
শ্রম	sɾɔːm
শ্রমিক	ˈsɹɒmɪk
শ্রমিকের	sɔmɪkeɾ
শ্রাবণ	sɹabon
শ্রাবণ	sɾabon
শ্রী	sɹiˑ
শ্রী	sɾiː
শ্রী	sɾiˑ
শ্রুতি	sɹut̪iˑ
শ্রুতি	sɾut̪iˑ
শ্রেণী	sɹeniˑ
শ্রেণী	sɾeniˑ
শ্লেষ্মা	sleʃːaˑ
শ্লেষ্মা	sleʃːãˑ
ষড়যন্ত্র	ʃɔɽodʑɔnt̪ːɾoˑ
ষড়যন্ত্র	ʃɔɽodʒɔnt̪ːɾoˑ
ষড়যন্ত্র	ʃɔɾodʑɔnt̪ːɾoˑ
ষড়যন্ত্র	ʃɔɾodʒɔnt̪ːɾoˑ
ষাঁড়	ʃaɹ
ষাঁড়	ʃãɽ
ষাঁড়	ʃãɾ
ষাট	ʃɒːktˈ
ষোড়শ	ʃoɾoʃ
ষোলো	ʃuɫo
সংক্ষেপ	ʃɔŋkʰep
সংক্ষেপে	ʃɔŋkʰeˈpe
সংগঠনের	ʃɔŋgɔtʰneɹ
সংগ্রাম	ʃɔŋgɹam
সংগ্রাম	ʃɔŋgɾam
সংঘর্ষ	ʃɔŋgʱɔɹʃoˑ
সংঘর্ষ	ʃɔŋgʱɔɾʃoˑ
সংবাদ	ʃɔŋbad̪
সংসদ	ʃɔ̃ʃɔd̪
সংসার	ʃɔŋʃaɹ
সংসার	ʃɔŋʃaɾ
সংস্কৃত	ʃɔŋskɹit̪oˑ
সংস্কৃত	ʃɔŋskɾit̪oˑ
সংস্কৃতি	ʃɔŋskɹit̪i
সংস্কৃতি	ʃɔŋskɹit̪iˑ
সংস্কৃতি	ʃɔŋskɾit̪iˑ
সই	ʃoi̯
সওদা	ʃɔo̯d̪aˑ
সওয়া	ʃo̯aˑ
সওয়া	ʃɔo̯aˑ
সওয়ার	ʃɔo̯aɹ
সওয়ার	ʃɔo̯aɾ
সকল	ʃɔkol
সকল	ʃɔkɔl
সকলকে	ʃɔkolke
সকাল	ʃɔkal
সকাল	ʃɔkɑl
সকাল-সন্ধ্যা	ʃɔkaˑlʃnd̪ʱaˑ
সখা	ʃɔkʰaˑ
সখা	ʃɔkˈa
সখী	ʃokʰiˑ
সঙ্গম	ʃɔŋgɔm
সঙ্গীত	ʃoŋgit
সঙ্গে	ʃɔŋgeˑ
সচরাচর	ʃɑtʃɑɾtʃɑɾ
সচেতনভাবে	ʃɔtɕeˑt̪ɔnbʱaˑbe
সজারু	ʃɔdʑaɹuˑ
সজারু	ʃɔdʒaɾuˑ
সড়ক	ʃɔɹok
সড়ক	ʃɔɽok
সড়ক	ʃɔɾok
সতর্ক	sɔt̪ɔɾk
সত্ত্ব	ʃɔt̪ːoˑ
সত্ত্বেও	ʃɔt̪ːeo̯
সত্য	ʃɔt̪ːoˑ
সত্যেন্দ্রনাথ	ʃɔt̪ːend̪ːɹɔnat̪
সত্যেন্দ্রনাথ	ʃɔt̪ːend̪ːɾɔnat̪
সদকা	sɔd̪kaˑ
সদর	ʃɔd̪oɹ
সদর	ʃɔd̪oɾ
সদৃশ	ʃɔd̪ːɹiʃ
সদৃশ	ʃɔd̪ːɾiʃ
সন	ʃɔn
সন	ʃɔːn
সনদ	ʃɔnod̪
সনে	ʃɔneˑ
সনেট	zˈɔnɪt
সন্ত	ʃɔnt̪oˑ
সন্ধ্যা	ʃɔnd̪ʱaˑ
সপরিবার	ʃɔpoɾiˑbaɾ
সপ্তাহ	ʃɔpt̪aɦoˑ
সপ্তাহ	ʃɔpt̪aˑ
সফর	sɔfoɹ
সফর	sɔfoɾ
সফল	ʃɔfɔl
সব	ʃɒb
সব	ʃɔb
সব	ʃɔːb
সবকিছু	ʃɔbkitɕʰuˑ
সবকিছু	ʃɔbkitʃʰuˑ
সবচেয়ে	ʃɔbtɕeˑ
সবচেয়ে	ʃɔbtʃeˑ
সবজজ	sɔbdʑɔdʑ
সবজজ	sɔbdʒɔdʒ
সবজা	ʃɔbdʑaˑ
সবজা	ʃɔbdʒaˑ
সবজি	ʃobdʑiˑ
সবজি	ʃobdʒiˑ
সবজি	ʃobziˑ
সবজি	ʃɔbdʑiˑ
সবজি	ʃɔbdʒiˑ
সবজি	ʃɔbziˑ
সবটা	ʃabta
সবর	sɔboɹ
সবর	sɔboɾ
সবাই	ʃɔbai̯
সবুজ	ʃobudʑ
সবুজ	ʃobudʒ
সবুজ	ʃobuz
সব্যসাচী	ʃobːoʃatɕiˑ
সব্যসাচী	ʃobːoʃatʃiˑ
সভা	ʃɔbʱaˑ
সভা	ʃɔvaˑ
সভাপতি	ʃbʱaˑpɔt̪iˑ
সভায়	ʃbʱai̯
সমকামী	ʃɔmɔkamiˑ
সমকে	ʃɔmkɛˑ
সমকে	ʃɔmxɛˑ
সমকে	ʃɔŋkɛˑ
সমকে	ʃɔŋxɛˑ
সমন	ʃɔmon
সময়	ʃɔmɔe̯
সময়কাল	ʃɔmɔe̯kal
সমস্যা	ʃɔmoʃːaˑ
সমাজ	ʃɔmadʑ
সমাজ	ʃɔmadʒ
সমাজতন্ত্র	ʃɔmaz̪̪t̪ɔnt̪ːɹoˑ
সমাজতন্ত্র	ʃɔmaz̪̪t̪ɔnt̪ːɾoˑ
সমাজতান্ত্রিক	ʃɔmaz̪̪t̪ant̪ːɹik
সমাজতান্ত্রিক	ʃɔmaz̪̪t̪ant̪ːɾik
সমাধান	ʃɔmad̪ʱan
সমাধি	ʃɔmad̪ʱiˑ
সমান	ʃɔmaːn
সমাবেশ	ʃɔmabɛʃ
সমীকরণ	ʃmiˑkɾɔn
সম্পত্তি	ʃɔmpot̪ːiˑ
সম্পর্কে	ʃɔmpɔɹkeˑ
সম্পর্কে	ʃɔmpɔɾkeˑ
সম্পাদিকা	ʃɔmpad̪ikaˑ
সম্প্রসারণ	ʃmpɾoʃaɾon
সম্বন্ধে	ʃɔmbɔnd̪ʱeˑ
সম্ভব	ʃɔmbʱɔb
সম্ভব	ʃɔmvɔb
সম্ভবত	ʃɔmbʱɔbɔt̪
সম্ভাবিত	smbʱabid̪
সম্মুখসংগ্রাম	smmukʃɑŋgɾam
সম্মেলন	ʃɔmːelɔn
সম্মোহন	ʃmmoɦn
সর	ʃɑːr
সরকারি	ʃɹkaɾiˑ
সরঞ্জাম	saˈɾɯnˈdʒam
সরবরাহ	ɾbɔɾaˑɦ
সরবরাহ	ʃɔɹboɹaɦoˑ
সরবরাহ	ʃɔɾboɾaɦoˑ
সরল	ʃɔɾol
সরলীকরণ	ʃɹd̪iˑkɾon
সরষে	ʃoɹʃeˑ
সরষে	ʃoɾʃeˑ
সরস্বতী	ʃɔɹoʃːot̪iˑ
সরস্বতী	ʃɔɾoʃːot̪iˑ
সরা	ʃɔra
সরানো	ʃɔrano
সরীসৃপ	s̠ɔ̝ɾis̠ːɾiˑp
সরোজ	ʃɔɹodʑ
সরোজ	ʃɔɾodʒ
সর্বকামী	ʃɔɹbɔkamiˑ
সর্বকামী	ʃɔɾbɔkamiˑ
সর্বগ্রাসী	ʃɔɹbgɹaˑʃiˑ
সর্বদা	ʃɔɹbod̪aˑ
সর্বদা	ʃɔɾbod̪aˑ
সলতনত	sɔl̪t̪ɔnɔt̪
সলতনৎ	sɔl̪t̪ɔnɔt̪
সস্তা	ʃɔsta
সস্তা	ʃɔst̪aˑ
সহ	ʃɔ
সহকার	ʃɔɦokaɹ
সহকার	ʃɔɦokaɾ
সহজ	ʃɔɦodʑ
সহজ	ʃɔɦodʒ
সহজ	ʃɔɦɔdʒ
সহযোগিতা	ʃɦdʑogit̪aˑ
সহস্র	ʃɔɦosɹoˑ
সহস্র	ʃɔɦosɾoˑ
সহস্রাব্দ	ʃɔɦosɹabd̪oˑ
সহস্রাব্দ	ʃɔɦosɾabd̪oˑ
সা	ʂa
সা	ʃa
সাঁই	ʃai̯
সাঁই	ʃãiˑ
সাঁওতাল	ʃao̯t̪al
সাঁওতাল	ʃãot̪al
সাঁওতালি	ʃao̯t̪aliˑ
সাঁওতালি	ʃãot̪aliˑ
সাঁকো	ʃanko
সাঁতরানো	ʃãt̪rano
সাঁতার	ʃat̪aɹ
সাঁতার	ʃãt̪aɾ
সাংস্কৃতিক	ʃaŋskɹit̪ik
সাংস্কৃতিক	ʃaŋskɾit̪ik
সাইফ	sai̯f
সাঈদ	sai̯d̪
সাকিব	sakib
সাকিব	sakˈb
সাকিব	ʃakib
সাক্ষী	ʃakːʃi
সাক্ষ্য	sakʰːoˑ
সাগু	ʃaguˑ
সাজা	ʃadʑaˑ
সাজা	ʃadʒaˑ
সাজানো	ʃadʒano
সাড়ে	ʃaɹeˑ
সাড়ে	ʃaɽeˑ
সাড়ে	ʃaɾeˑ
সাত	ʃat̪
সাতক্ষীরা	ʃat̪kʰiɹaˑ
সাতক্ষীরা	ʃat̪kʰiɾaˑ
সাথে	ʃat̪ʰeˑ
সাথে	ʃaːt̪ʰe
সাদমান	sad̪man
সাদা	tʃada
সাদা	ʃad̪aˑ
সাদামাঠা	ʃadamatʰa
সাদিয়া	sad̪i̯aˑ
সাধ	ʃad̪
সাধা	ʃad̪ʱaˑ
সাধারণ	ʃad̪ʱaron
সাধারণভাবে	ʃaˑd̪ʱaɾonbʱaˑbe
সাধুভাষা	ʃad̪ʱubʱaʃaˑ
সাধুভাষা	ʃad̪ʱuvaʃaˑ
সানাই	ʃanai̯
সান্যাল	ʃanɛl
সাফ	saf
সাফ	saːf
সাফারি	sau̯faɾi
সাবজজ	s̠äbdzɔˑdz
সাবজজ	s̠äbdʒɔˑdʒ
সাবধান	ʃabd̪ʱan
সাবরিনা	sabɹinaˑ
সাবরিনা	sabɾinaˑ
সাবান	ʃaban
সাবালক	ʃabalok
সাবাস	ʃabɑʃ
সাবিত	sabit̪
সাব্যস্ত	ʃabːost̪oˑ
সাভার	sabʱaɾ
সাভার	ʃabʱaɾ
সামনে	ʃamneˑ
সামিয়া	sami̯aˑ
সামী	samiˑ
সাম্যবাদ	ʃamːɔbad̪
সাম্রাজ্য	ʃamɹadʑːoˑ
সাম্রাজ্য	ʃamɾadʒːoˑ
সায়া	ʃae̯aˑ
সার	saɹ
সার	saɾ
সার	saːɾ
সার	ʃaɹ
সার	ʃaɾ
সার	ʃaːɾ
সারা	ʃaɹaˑ
সারা	ʃaɾaˑ
সারি	ʃaɹiˑ
সারি	ʃaɾiˑ
সার্জারি	ʃaɹdʑaɹiˑ
সার্জারি	ʃaɾdʒaɾiˑ
সাল	ʃal
সাল	ʃaːl
সালতানাত	sal̪t̪anat̪
সালমান	salman
সালাত	salat̪
সালাদ	salad̪
সালাম	salam
সালোকসংশ্লেষ	ʃalokʃɔŋsleʃ
সালোকসংশ্লেষণ	ʃalokʃɔŋsleʃon
সাহচর্য	ʃaɦtɕʰɔɹdʑoˑ
সাহা	ʃaɦaˑ
সাহায্য	ʃaɦadʑːoˑ
সাহায্য	ʃaɦadʒːoˑ
সাহায্যের	ʃaɦadʒer
সাহিত্য	ʃaɦit̪ː
সাহিত্য	ʃaɦit̪ːoˑ
সাহেব	ʃaɦeb
সিঁথি	ʃit̪ʰiˑ
সিঁথি	ʃĩt̪ʰiˑ
সিংহ	ʃiŋɦoˑ
সিংহাসন	ʃiŋɦaʃon
সিএনজি	si̯endʑiˑ
সিএনজি	si̯endʒiˑ
সিকদার	ʃigdaɾ
সিকান্দর	ʃikand̪ɔɹ
সিকান্দর	ʃikand̪ɔɾ
সিক্ত	ʃikto
সিগারেট	ʃigaɹet
সিগারেট	ʃigaɾeʈ
সিঙ্গাপুর	ʃiŋgapuɹ
সিঙ্গাপুর	ʃiŋgapuɾ
সিডি	ʃidiˑ
সিডি	ʃiɖiˑ
সিধা	ʃid̪ʱaˑ
সিন্দুক	ʃind̪uk
সিন্ধু	ʃind̪ʱuˑ
সিন্ধুঘোটক	ʃind̪ʱugʱotɔk
সিন্ধুঘোটক	ʃind̪ʱugʱoʈɔk
সিয়াম	si̯am
সিরাজগঞ্জ	ʃiɾadʒgɔndʒ
সিরিজ	sˈiɹiz
সিলেট	silet
সিলেট	sileʈ
সিলেট	siʎet
সিলেট	ʃilet
সিলেট	ʃileʈ
সীতা	ʃit̪aˑ
সীমা	ʃima
সীমানা	ʃimana
সীল	ʃiːl
সুইজারল্যান্ড	su̯izaɹlɛnd
সুইজারল্যান্ড	su̯izaɾlæɳɖ
সুখ	ʃuːk
সুখ	ʃuːkʰ
সুগম	ʃugom
সুগার	ʃugaɹ
সুগার	ʃugaɾ
সুজি	ʃudʑiˑ
সুজি	ʃudʒiˑ
সুড়ঙ্গ	ʃuɹɔŋgoˑ
সুড়ঙ্গ	ʃuɽɔŋgoˑ
সুড়ঙ্গ	ʃuɾɔŋgoˑ
সুদ	ʃud̪
সুনামি	ʃunamiˑ
সুনিধি	ʃunid̪ʱiˑ
সুন্দর	ʃund̪ɔɹ
সুন্দর	ʃund̪ɔɾ
সুন্দরবন	ʃund̪oɹbon
সুন্দরবন	ʃund̪oɾbon
সুপ	sˈup
সুপারিশ	ʃupaɹiʃ
সুপারিশ	ʃupaɾes
সুপারিশ	ʃupaɾiʃ
সুপ্রভাত	ʃupɹobʱat̪
সুপ্রভাত	ʃupɹovat̪
সুপ্রভাত	ʃupɾobʱat̪
সুপ্রভাত	ʃupɾovat̪
সুবর্ণ	ʃubɔɹnoˑ
সুবর্ণ	ʃubɔɾnoˑ
সুবর্ণা	ʃubɔɹnaˑ
সুবর্ণা	ʃubɔɾnaˑ
সুবহানাল্লাহ	ʃubɦanalːaˑ
সুবহানাল্লাহ	ʃuvanalːaˑ
সুমন	ʃumon
সুমন	ʃumɔn
সুরত	suɹɔt̪
সুরত	suɾɔt̪
সুরা	s̠uɾaˑ
সুরা	ʃura
সুরিনাম	ʃuɹinam
সুরিনাম	ʃuɾinam
সুরে	ˈʃure
সুলতান	sul̪t̪an
সুলতানা	sul̪t̪anaˑ
সুলুপ	s̠uluˑp
সুস্থ	ʃust̪ʰoˑ
সূচনা	ʃutʃona
সূচী	ʃutɕiˑ
সূচী	ʃutʃiˑ
সূরা	suɹaˑ
সূরা	suɾaˑ
সূরা	ʃuɹaˑ
সূরা	ʃuɾaˑ
সূর্য	ʃuɹdʑoˑ
সূর্য	ʃuɾdʒoˑ
সূর্যের	ˈʃurjer
সৃষ্টি	sɹistiˑ
সৃষ্টি	sɹiʃtiˑ
সৃষ্টি	sɾiʂʈiˑ
সে	ʃe
সে	ʃeː
সে	ʃeˑ
সেকেন্ড	sekend
সেকেন্ড	sekeɳɖ
সেখান	ʃekʰan
সেখানে	ʃekʰane
সেচ	ʃɛt
সেতু	ʃɛtˈu
সেন	sen
সেন	seːn
সেনগুপ্ত	ʃengupt̪oˑ
সেন্সস	s̠ens̠ɔˑs̠
সেন্সস	s̠ɛns̠ɔˑs̠
সেপ্টেম্বর	septembɔɹ
সেপ্টেম্বর	septɛmbɑ
সেপ্টেম্বর	sepʈembɔɾ
সেরূপ	ʃɛrup
সেলাম	selam
সেলুন	selun
সেহেতু	seɦet̪uˑ
সৈয়দ	soeod̪
সোজা	ʃodʑaˑ
সোজা	ʃodʒaˑ
সোনা	ʃona
সোনা	ʃonaˑ
সোনারগাঁও	ʃɔnaɹgao̯
সোনারগাঁও	ʃɔnaɾgãoˑ
সোভিয়েত	ʃobʱi̯et̪
সোভিয়েত	ʃovi̯et̪
সোমবার	ʃombaɹ
সোমবার	ʃombaɾ
সোয়াদ	so̯ad̪
সোয়াদ	ʃo̯ad̪
সোয়ামি	ʃo̯amiˑ
সোহরাওয়ার্দী	soɦɾəo̯ɑɾd̪iˑ
সোহরাওয়ার্দী	soɾɒo̯ɑɾd̪iˑ
সোহরাওয়ার্দী	sɔɾoo̯aɾd̪iˑ
সোহাগ	ʃoɦag
সৌন্দর্য	ʃou̯nd̪ɔɹdʑoˑ
সৌন্দর্য	ʃou̯nd̪ɔɾdʒoˑ
সৌভাগ্য	ʃou̯bʱagːoˑ
সৌভাগ্য	ʃou̯vagːoˑ
সৌরজগৎ	ʃou̯ɹodʑɔgot̪
সৌরজগৎ	ʃou̯ɾodʒɔgot̪
সৌরাষ্ট্র	ʃou̯ɹastːɹoˑ
সৌরাষ্ট্র	ʃou̯ɹaʃtːɹoˑ
সৌরাষ্ট্র	ʃou̯ɾaʂʈːɾoˑ
স্কুটার	skutaɹ
স্কুটার	skuʈaɾ
স্কুল	skul
স্কুল	skuːl
স্কোরবোর্ড	skɔrbɔd
স্ট্রিট	stːɹit
স্ট্রিট	sʈːɾiʈ
স্ট্রিট	ʂʈːɾiʈ
স্তন	stˈɔn
স্তালিন	s̠t̪äliˑn
স্তূপ	st̪up
স্থল	st̪ʰɔl
স্থান	st̪ʰan
স্থাপত্য	st̪ʰapot̪ːoˑ
স্থাপন	st̪ʰapɔn
স্থিত	st̪ʰit̪oˑ
স্নানাগার	snaˈnaˈgˈar
স্নিগ্ধা	snigd̪ʱaˑ
স্নেহ	sneɦoˑ
স্নেহবঞ্চিত	sneɦɔbɔntʃidɔ
স্পর্শ	spɔɹʃoˑ
স্পর্শ	spɔɾʃoˑ
স্পেনীয়	spenio
স্প্যানিশ	spanɪʃ
স্ফটিক	spʰoʈik
স্বদেশ	ʃɔd̪eʃ
স্বপ্নবিলাস	ʃɔpnobilas
স্বর	ʃɔɹ
স্বর	ʃɔɾ
স্বর	ʃɔːɾ
স্বর	ʃˈɔɹ
স্বর্গ	ʃɔɹgoˑ
স্বর্গ	ʃɔɾgoˑ
স্বর্ণ	ʃɔɹnoˑ
স্বর্ণ	ʃɔɾnoˑ
স্বস্তি	ʃɔsti
স্বস্তিকা	ʃɔst̪ikaˑ
স্বাগতম	ʃagɔt̪om
স্বাধীনতা	ʃad̪ʱinɔt̪aˑ
স্বামিনী	ʃaminiˑ
স্বামী	ʃamiˑ
স্বামীস্ত্রী	ʃamist̪ːɹiˑ
স্বামীস্ত্রী	ʃamist̪ːɾiˑ
স্বার্থের	ʃaɾt̪ʰeɹ
স্বীকার	ʃikar
স্মরণ	ʃɔɹon
স্মরণ	ʃɔ̃ɾon
স্মরণযোগ্য	ʃɔ̃ɾondʑɔgːoˑ
স্মরণিকা	ʃɔ̃ɾonika
স্মরা	ʃɔra
স্মর্তব্য	ʃɔɾtɔbː
স্মিত	smito
স্মৃতি	sɹiti
স্মৃতি	sɹit̪iˑ
স্মৃতি	sɾit̪iˑ
স্মৃতিচারণ	smɹit̪itɕaɹon
স্মৃতিচারণ	smɾit̪itʃaɾon
স্যর	sæɾ
স্যর	sæːɾ
স্যর	sɛɹ
স্যার	sæɾ
স্যার	sæːɾ
স্যার	sɛɹ
স্রষ্টা	sroʃta
স্রেফ	sɹef
স্রেফ	sɾef
স্রেফ	sɾeːf
স্রোত	sɹot̪
স্রোত	sɾot̪
সৎ	ʃɔt̪
সড়ক	ʃɾok
হ	a
হংকং	ɦɔŋkɔŋ
হইতে	ɦoi̯t̪eˑ
হও	ˈoʊ
হওয়া	ɦɔo̯aˑ
হক	hok
হক	ɦɔk
হক	ɦɔːk
হকি	hoˈki
হকি	ɦɔkiˑ
হজরত	ɦɔdʑɹot̪
হজরত	ɦɔdʒɾot̪
হজরত	ɦɔzɹot̪
হজরত	ɦɔzɾot̪
হঠাৎ	ɦɔtat̪
হঠাৎ	ɦɔtʰat̪
হঠাৎ	ɦɔʈat̪
হঠাৎ	ɦɔʈʰat̪
হতাশা	ɦɔt̪aʃaˑ
হতে	ɦoˈte
হতেন	ho̞t̪e̞n
হত্যা	otːa
হত্যা	ɦottɑ
হদিস	ɦod̪is
হদিস	ɦod̪iʃ
হন	hæn
হনুমান	ɦonuman
হন্দর	ɦɔnd̪oɹ
হন্দর	ɦɔnd̪oɾ
হপ্তা	ɦɔpt̪aˑ
হবি	hobi
হমকে	ɦɔmkɛˑ
হমকে	ɦɔmxɛˑ
হমকে	ɦɔŋkɛˑ
হমকে	ɦɔŋxɛˑ
হয়	ɦɔe̯
হয়রান	ɦɔeɹan
হয়রান	ɦɔeɾan
হয়ে	ɦɔeˑ
হরণ	ɦaɾon
হরতাল	ɦɔɹt̪al
হরতাল	ɦɔɾtal
হরতাল	ɦɔɾt̪al
হরফ	ɦɔɹof
হরফ	ɦɔɾop
হরফ	ɦɔɾopʰ
হরি	ɑri
হরি	ɦoɹiˑ
হরি	ɦoɾiˑ
হরিকেল	ɦoɾkel
হরিজন	ɦoɾidʒoˑn
হরিজন	ɦɔɹidʑɔn
হরিজন	ɦɔɾidʒɔn
হরিণ	ɦoɹin
হরিণ	ɦoɾin
হরিয়ানা	hɔɾijana
হরিহর	oˑɹiˑɦoɹ
হরীতকী	ɦoɹit̪okiˑ
হরীতকী	ɦoɾit̪okiˑ
হলাম	ɦolam
হলে	ˈole
হস	aʃ
হসপিটাল	ɦɔspital
হসপিটাল	ɦɔspiʈal
হস্তমৈথুন	ɦɔst̪omoi̯t̪ʰun
হা	hˈæ
হাঁচা	ɦãtʃa
হাঁচি	ɦatɕiˑ
হাঁচি	ɦãtʃiˑ
হাঁটা	ɦãʈ̟a
হাঁটু	ɦatuˑ
হাঁটু	ɦãʈuˑ
হাঁস	ɦaʃ
হাঁস	ɦaːʃ
হাঁস	ɦãʃ
হাঁস	ɦãːʃ
হাইপোথ্যালামাস	ɦai̯pot̪ʰælamas
হাইপোথ্যালামাস	ɦai̯pot̪ʰɛlamas
হাওড়	häo̯ɽ̟
হাওড়াবাসী	ɦao̯ɹabaʃiˑ
হাওড়াবাসী	ɦao̯ɽabaʃiˑ
হাওড়াবাসী	ɦao̯ɾabaʃiˑ
হাওর	häo̯ɾ
হাগা	ɦagaˑ
হাঙর	ɦanɔɾ
হাঙ্গামা	ɦaŋgamaˑ
হাজং	ɦadʑɔŋ
হাজং	ɦadʒɔŋ
হাজার	adʒaɾ
হাজার	ɦadʑaɹ
হাজার	ɦadʒaɾ
হাজারী	ɦazaɹiˑ
হাজারী	ɦazaɾiˑ
হাজারো	adʒaro
হাট	ɦat
হাট	ɦaʈ
হাট	ɦaːt
হাট	ɦaːʈ
হাড়	ɦaɹ
হাড়	ɦaɽ
হাড়	ɦaɾ
হাত	ɦat̪
হাতি	ɦat̪iˑ
হাদিয়া	ɦad̪i̯aˑ
হাদিস	ɦad̪is
হানা	ɦanaˑ
হানাফী	ɦanafiˑ
হানিফ	ɦanif
হানুক্কা	ɦanukːaˑ
হাফসা	ɦafsaˑ
হাফেজ	ɦafez
হাবশি	ɦäbs̠iˑ
হাবীব	ɦabib
হাভেলি	ɦabʱeliˑ
হাভেলি	ɦaveliˑ
হামলা	ɦamlaˑ
হামলাবাজ	amlabadʒ
হামানদিস্তা	ɦamand̪ist̪aˑ
হামেশা	ɦameʃaˑ
হায়	ɦae̯
হায়দরাবাদ	ɦae̯d̪ɔɹabad̪
হায়দরাবাদ	ɦae̯d̪ɔɾabad̪
হায়দ্রাবাদ	ɦae̯d̪ːɹabad̪
হায়দ্রাবাদ	ɦae̯d̪ːɾabad̪
হায়েনা	ɦae̯naˑ
হার	har
হারা	hara
হারানো	harano
হারাম	ɦaɹam
হারাম	ɦaɾam
হারামজাদা	ɦaɹamdʑad̪aˑ
হারামজাদা	ɦaɾamdʒad̪aˑ
হার্মাদ	ɦaɹmad̪
হার্মাদ	ɦaɾmad̪
হাল	ɦal
হাল	ɦaːl
হালকা	ɦalkaˑ
হালাক	ɦalak
হালাল	ɦalal
হালুয়া	ɦalu̯aˑ
হাশি	ɦas˥
হাশি	ɦaʃiˑ
হাসপাতাল	ɦaʃpat̪al
হাসা	hasaː
হাসা	ɦaʃaˑ
হাসান	ɦasan
হাসান	ɦaʃan
হাসি	ɦaʃiˑ
হাসিন	ɦasin
হাস্য	aʃo
হাড়ি	hari
হিজড়া	ɦidʑɹaˑ
হিজড়া	ɦidʒɽaˑ
হিজড়া	ɦidʒɾaˑ
হিটলার	ɦitːlaɹ
হিটলার	ɦiʈːlaɾ
হিন্দকী	ɦind̪kiˑ
হিন্দি	ɦind̪iˑ
হিন্দী	ɦind̪iˑ
হিন্দু	ɦind̪uˑ
হিন্দুত্ব	ɦind̪ut̪ːoˑ
হিন্দুস্তান	ɦind̪ust̪an
হিম	ɦim
হিম	ɦiːm
হিম	ɦˈɪm
হিমপাত	ɦimɔpat
হিমানী	himani
হিমালয়	ɦimälɔ̜e̯
হিয়া	ɦi̯aˑ
হিরন	ɦion
হিসাব	ɦiʃab
হিসেবে	siʃebe
হিস্সা	ɦisʃaˑ
হীরা	ɦiɹaˑ
হীরা	ɦiɾaˑ
হুক	ɦuk
হুঙ্কার	uŋkaɾ
হুজুর	ɦudʑuɹ
হুজুর	ɦudʒuɾ
হুজুর	ɦud̪zuɾ
হুজুর	ɦuzuɹ
হুটকি	ɦutkiˑ
হুটকি	ɦutxiˑ
হুদা	ɦud̪aˑ
হুমায়রা	ɦumae̯ɹaˑ
হুমায়রা	ɦumae̯ɾaˑ
হৃদয়	ɦɹid̪ɔe̯
হৃদয়	ɦɾid̪ɔe̯
হৃৎপিণ্ড	ɦɹit̪pindoˑ
হৃৎপিণ্ড	ɦɾit̪piɳɖoˑ
হেঁতাল	ɦet̪al
হেঁতাল	ɦẽt̪al
হেঁয়ালি	ɦee̯aliˑ
হেঁয়ালি	ɦẽe̯aliˑ
হেজাজ	ɦedʑaz
হেজাজ	ɦedʒaz
হেদায়েত	ɦed̪ae̯t̪
হেফাজত	ɦefazot̪
হেবা	ɦebaˑ
হেমন্ত	ɦemont̪oˑ
হৈ	oi
হৈম	hojmo
হো	ˈɔ
হোটেল	ɦotel
হোটেল	ɦoʈel
হোম	ɦom
হোম	ɦoːm
হোয়াটসঅ্যাপ	ɦo̯atse̯ap
হোয়াটসঅ্যাপ	ɦo̯aʈse̯ap
হোরা	ɦoɾäˑ
হোল	ɦoːl
হোসেন	ɦosen
হোসেন	ɦoʃen
হ্যাঁ	ɦæ̃ˑ
হ্যাঁ	ɦɛː
হ্যাঁ	ɦɛˑ
হ্যারিকেন	ɦæɾiken
হ্যারিকেন	ɦɛɹiken
হ্যালো	ɦæloˑ
হ্যালো	ɦælɔˑ
হ্যালো	ɦɛloˑ
হ্যালো	ɦɛlɔˑ
হ্রদ	ɦɹɔd̪
হ্রদ	ɦɾɔd̪
হ্রস্ব	ɦɹɔʃːoˑ
হ্রস্ব	ɦɾɔʃːoˑ
হয়	hɔ̀j
০	o
৫টি	ˈpãtʃt̪i
