a	a
a	ɑ
a	ˈa
aaaaaaa	aaaaaaa
aaaaaaaa	aaaaaaaa
aaaaaaaaaa	aaaaaaaaaa
aaaaaaaaaaa	aaaaaaaaaaa
aaaaaaaaaaaaaaaaaaaaa	aaaaaaaaaaaaaaaaaaaaa
aaf	aːf
aah	ɑːɦ
aahhhh	aaxɦɦɦ
aan	aːn
aareju	aːrɛju
ab	ab
aba	aba
abakteriálny	abæktɛljaːlni
abarom	abarɔm
abaru	abaru
abba	aba
abbe	abɛ
abbot	abɔt
abbota	abɔta
abbote	abɔcɛ
abbotom	abɔtɔm
abbotove	abɔtɔvɛ
abbott	abbɔtt
abbotta	abbɔtta
abbottom	abbɔttɔm
abbottu	abbɔttu
abbs	abs
abby	abi
abbyin	abbiin
abbyn	abin
abbyno	abinɔ
abbyt	abit
abbyta	abita
abbytom	abitɔm
abc	abts
abdi	abɟi
abeceda	abatida
abeceda	abɛtsɛda
abecedný	abɛtsɛdni
abed	abɛd
abedom	abɛdɔm
abeho	abɛɦɔ
abend	abɛnd
aberta	abɛrta
abide	abidɛ
abigor	abigɔr
abiju	abiju
abnormalita	abanoɾmalita
aboli	abɔli
abonentský	abonɛntskɛ
aborigéni	abarigeni
abovský	abovski
abram	abram
abre	abrɛ
abreviatúra	abreviatura
abro	abrɔ
abrovec	abrɔvɛts
abs	abs
absencia	absɛntsia
absencia	absɛnɕia
absenciu	absɛntsiu
absent	absɛnt
absentovať	absɛntɔvac
abso	absɔ
absolem	absɔlɛm
absolut	absɔlut
absolutistický	abzolutistitskiː
absolutny	absɔlutni
absolutná	absɔlutnaː
absolutné	absɔlutnɛː
absolvent	absɔlvɛnt
absolvent	apzɔlvɛnt
absolventi	absɔlvɛnci
absolventka	absɔlvɛntka
absolventka	apsɔvɛntka
absolventky	absɔlvɛntki
absolventom	absɔlvɛntɔm
absolventov	absɔlvɛntɔv
absolvoval	absɔlvɔval
absolvovanie	absɔlɔvaɲiɛ
absolvovaniu	absɔlvɔvaɲiu
absolvovať	absɔlvɔvac
absolútna	absɔluːtna
absolútne	absɔluːtɲɛ
absolútne	abzɔlutɲɛ
absolútno	absɔluːtnɔ
absolútnom	absɔluːtnɔm
absolútnu	absɔluːtnu
absolútny	absɔluːtni
absolútny	apzuɫuːtnɨ
absolútnych	absɔluːtnix
absolútnym	absɔluːtnim
absolútom	absɔluːtɔm
absorbovať	absɔrbɔvac
absorbovať	apzorpovac
abstinent	abstinent
abstrakt	abstrakt
abstraktnosť	apstrɑktnɔst
abstraktný	abstraktniː
abstraktí	abstrakciː
abstrakčný	apstraktʂɲi
absurd	absurd
absurdne	absurdɲɛ
absurdnom	absurdnɔm
absurdnosti	absurdnɔsci
absurdnou	absurdnɔu
absurdné	absurdnɛː
absurdný	absurdniː
absurdný	abzurdni
absurdných	absurdniːx
absurdným	absurdniːm
absurtné	absurtnɛː
abt	abt
abuho	abuɦɔ
abuji	abuji
abulom	abulɔm
aby	abi
abych	abix
abychom	abixɔm
abys	abis
abysi	abisi
abú	abuː
ac	ats
acar	atsar
accent	atsɛnt
accento	atsɛntɔ
accomando	atsɔmandɔ
acerta	atsɛrta
ach	axh
acheron	axɛrɔn
achh	axh
achhh	axːh
achilov	axilɔv
achtung	axtung
acid	atsid
acidom	atsidɔm
acidovej	atsidɔvɛj
ackles	atsklɛs
ackou	atskɔu
acm	atsm
acorda	atsɔrda
acorn	atsɔrn
acornu	atsɔrnu
acov	atsɔv
acres	atsrɛs
acrov	atsrɔv
act	atst
acta	atsta
actor	atstɔr
acts	atst
adajte	adajcɛ
adam	adam
adamcuľa	adamtsulia
adamom	adamɔm
adap	adap
adaptovať	adaptovak
adaptácia	adaptaːtsia
adar	adar
adarom	adarɔm
adat	adat
addendum	adɛndum
adder	adɛr
addera	adɛra
addis	adis
addison	adisɔn
addisonom	adisɔnɔm
addresa	adrɛsa
adds	ads
adekvátne	adɛkvaːtnɛ
adekvátne	adɛkvaːtɲɛ
adekvátnosť	adɛkvaːtnost
adekvátny	adɛkvaːtni
adekvátny	ʔadɛkvaːtni
adena	adɛna
adenozín	adɛnɔziːn
adenský	adɛnskiː
adept	adɛpt
adept	adːɛpt
adeptka	adəptka
adeptku	adɛptku
adeptom	adɛptɔm
adeptov	adɛptɔv
adg	adg
adiós	adiɔːs
adjunkt	adjumpt
adlerovej	adlɛrɔvɛj
admer	admɛr
administratíva	administratiːva
administratívny	administratiːvni
administrácia	admɪnistraːtsia
administrátor	administratɔr
admir	admir
admiralita	admiɾaɫita
admirál	admiraːɫ
ado	ɑdɔ
adolescencia	adɔlɛstɛntsja
adopcia	adɔptsia
adopcie	adɔptsiɛ
adopciu	adɔptsiu
adopciám	adɔptsiaːm
adoptoval	adɔptɔval
adoptovať	adɔptɔvac
adopčnom	adɔptʃnɔm
adore	adɔrɛ
adorn	adɔrn
adoro	adɔrɔ
adpotívni	adpɔtiːvni
adresa	adrɛsa
adresa	adrɨsa
adresi	adrɛsi
adresnejšie	adrɛsɲɛjʃiɛ
adresnosť	adrɛsnɔsc
adresou	adrɛsɔu
adresoval	adrɛsɔval
adresovanom	adrɛsɔvanɔm
adresovaná	adrɛsɔvanaː
adresovaného	adrɛsɔvanɛːhɔ
adresovanú	adrɛsɔvanuː
adresovaný	adrɛsɔvaniː
adresovať	adrɛsɔvac
adresu	adrɛsu
adresy	adrɛsi
adresách	adrɛsɑːx
adresár	adrɛsɑːr
adresára	adrɛsɑːra
adresát	adrɛsat
adresát	adrɛsɑːt
adria	adria
adrian	adrian
adrianom	adrianɔm
adrianou	adrianɔu
adrien	adriɛn
adrienou	adriɛnɔu
adries	adriɛs
adult	adult
adut	adot
adut	adut
advent	advɛnt
adventista	adventista
adventný	advæntsniː
adverbium	atvɛrbivɔm
advokácia	adɔkɑːtsia
advokát	advɔkɑːt
advokát	aːdvokaːt
advokátovi	advɔkɑːtɔvi
ae	ɑɛ
aero	aɛrɔ
aerobic	aɛrɔbits
aerobik	aɛroˈbɪk
aerobik	aɛrɔbik
aerobikom	aɛrɔbikɔm
aerobiku	aɛrɔbiku
aerodoprava	ajrɔdɔprava
aerolinku	aɛrɔlinku
aerolinky	aɛrɔlinki
aerolínia	aɛrɔliːnia
aeryn	aɛrin
afekt	fˈɛkˈtˈ
afektovaný	afɛktovanɪiː
afektu	afɛktu
aferu	afɛru
afford	afɔrd
afganec	afganits
afganistan	afganistan
afganka	afˈgankə
afganský	afgaɲski
afis	afis
afom	afɔm
afredo	afrɛdɔ
african	afritsan
africkej	afritskɛj
africkom	afritskɔm
africkou	afritskɔu
africky	afritski
africkému	afritskɛːmu
africkí	afritskiː
africký	afritskiː
africký	afrɛtskiː
africou	afritsɔu
africu	afritsu
afrika	afrika
afrika	afɾika
afrike	afrikɛ
afrikou	afrikɔu
afričan	afritʃan
afro	afrɔ
afrodite	afrɔdicɛ
afrík	afriːk
aftab	aftab
after	aftɛr
afér	afɛːr
aféra	afɛːra
aféra	afˈɛra
aférach	afɛːrax
aférkou	afɛːrkɔu
aga	aga
agam	agam
agen	agɛn
agency	agɛntsi
agenda	agɛnda
agendou	agɛndɔu
agendy	agɛndi
agent	agɛnt
agenta	agɛnta
agenti	agɛnci
agentka	agɛntka
agentka	agɛntska
agentkou	agɛntkɔu
agentoch	agɛntɔx
agentom	agɛntɔm
agentou	agɛntɔu
agentov	agɛntɔv
agents	agɛnts
agentským	agɛntskiːm
agentura	agɛntura
agenty	agɛnti
agentúr	agɛntuːr
agentúra	agɛntuːra
agentúro	agɛntuːrɔ
agentúrou	agɛntuːrɔu
agentúry	agɛntuːri
ages	agɛs
agi	agi
agitovať	agitɔvac
agitujem	agitujɛm
agitujú	agitujuː
agitátor	adjtaːtor
agitátorka	agitaːatɔrka
aglicka	aglitska
aglická	aglitskaː
aglického	aglitskɛːhɔ
aglickú	aglitskuː
aglomerácia	aglomɛraːtsia
agnos	agnɔs
agnostik	ˈagnɔstɪk
ago	agɔ
agon	agɔn
agonicky	agɔnitski
agonovi	agɔnɔvi
agora	agɔra
agra	agra
agregácia	agrigatsia
agresia	agrɛsia
agresiou	agrɛsiɔu
agresivita	agrɛsivita
agresivny	agrɛsivni
agresivní	agrɛsivniː
agresor	agrɛsɔr
agresor	agɾesoro
agressívny	agrɛsiːvni
agresívnu	agrɛsiːvnu
agresívny	agrɛsiːvni
agresívnych	agrɛsiːvnix
agresívnym	agrɛsiːvnim
agri	agri
agrin	agrin
agron	agrɔn
agrárny	agraːrni
agrárny	ogɾaːrni
ags	ags
agát	agat
ah	ɑɦ
aha	ɑɦa
ahab	aɦab
aham	aɦam
ahačkou	aɦatʃkɔu
ahem	aɦɛm
ahh	aɦ
ahhs	aɦs
ahl	aɦɫ
ahm	aɦm
ahmedom	aɦmɛdɔm
ahmedov	aɦmɛdɔv
ahmet	aɦmɛt
ahn	aɦn
ahna	aɦna
ahnem	aɦɲɛm
ahnú	aɦnuː
ahnút	aɦnuːt
aho	aɦɔ
ahoj	aɣoɛ
ahoj	aɦɔj
ahojj	aɦɔj
ahojky	aɦɔjki
ahojte	aɦɔjcɛ
ahol	aɦɔɫ
ahom	aɦɔm
ahooj	aɦɔj
ahora	aɦɔra
ahova	aɦɔva
ahoval	aɦɔval
ahrof	aɦrɔf
ahuj	aɦuj
ahá	aɦaː
aháš	aɦaːʃ
ahój	aɦɔːj
ahšie	aɦʃiɛ
ahší	aɦʃiː
aic	ait
aidan	aidan
aidlinom	aidlinɔm
aiex	aiɛk
ailes	ailɛs
ain	ain
ainu	ainu
airy	airi
aitor	aitɔr
aj	aj
aj	aɪ
ajira	ajira
ajit	ajit
ajte	ajcɛ
ajším	ajʃiːm
ak	ak
akademickej	akadɛmitskɛj
akademicky	akadɛmitski
akademický	akadɛmitskiː
akademik	akadɛmik
akademikom	akadɛmikɔm
akademiu	akadɛmiu
akadémia	akadɛːmia
akadémii	akadɛːmiː
akbar	akbar
akcent	aktsɛnt
akcentom	aktsɛntɔm
akcentov	aktsɛntɔv
akcentovať	aktsɛntovatɕ
akcentu	aktsɛntu
akcenty	aktsɛnti
akceptovanie	aktsɛptɔvɒɲiɛ
akceptovaný	aktsɛptɔvaniː
akceptovať	aktsɛptovatɕ
akceptovať	aktsɛptɔvac
akces	aktsɛs
akci	aktsi
akcia	aktsia
akcia	aktsɪja
akciach	aktsiax
akciami	aktsiami
akcie	aktsijɛ
akcii	aktsiː
akcionár	aktsiɔnaːr
akcionárom	aktsiɔnaːrɔm
akciou	aktsiɔu
akciovom	aktsiɔvɔm
akciová	aktsiɔvɑː
akciový	aktsiɔviː
akciu	aktsiju
akciách	aktsiaːx
akciám	aktsiaːm
akcošku	aktsɔʃku
akcí	aktsiː
ake	ɑkɛ
akeem	akɛm
akej	akɛj
akejsi	akɛjsi
akemi	akɛmi
akemu	akɛmu
aker	akɛr
aker	akˈɛr
akers	akɛrs
akesi	akɛsi
akiko	akikɔ
akinu	akinu
akiny	akini
akiste	akiscɛ
akkad	akad
akkádsky	akaːdski
ako	ako
ako	akɔ
ako	ɑkɔ
akoby	akobi
akoby	ɑkɔbi
akokeby	ɑkɔkɛbi
akokoľvek	akɔkɔʎvɛk
akom	akon
akom	akɔm
akonáhle	akɔnaːɦlɛ
akopci	akɔptsi
akord	akoɾð̞
akord	akɔrd
akordeón	akɔrdɛɔn
akordov	akɔrdɔv
akordova	akɔrdɔva
akosi	ɑkɔsi
akosti	akɔsci
akotu	akɔtu
akousi	akɔusi
akoval	akɔval
akovat	akɔvat
akovať	akɔvac
akože	ɑkɔʒɛ
akram	akram
akrane	akraɲɛ
akre	akrɛ
akreditovaný	akrɛdɪtɔvɑːniː
akreditácia	akreditaːtsia
akrobacia	akrɔbatsia
akrobat	akrɔbat
akrobata	akrɔbata
akrobatom	akrɔbatɔm
akroch	akrɔx
akron	akrɔn
akronu	akrɔnu
akrovej	akrɔvɛj
akrové	akrɔvɛː
akroyd	akrɔjd
akry	akri
akrylonitril	akrɪlɔnitʲrɪl
akselov	aksɛlɔv
akselovi	aksɛlɔvi
akt	akt
aktivista	aktivista
aktivistom	aktivistɔm
aktivistu	aktivistu
aktivita	aktivita
aktivitách	aktivitɑːx
aktivizmus	aktivizmus
aktivovať	aktivɔvac
aktoch	aktɔx
aktom	aktɔm
aktov	aktɔv
aktoviek	aktɔviɛk
aktovitou	aktɔvitɔu
aktovka	aktɔvka
aktovka	aktɔwka
aktovku	aktɔvku
aktu	aktu
aktualizácie	ɑktuɑlizaːtsiɛ
aktuálna	aktuɑːlna
aktuálne	aktuɑːlɲɛ
aktuálneho	aktuɑːlnɛhɔ
aktuálnej	aktuɑːlnɛj
aktuálnemu	aktuɑːlnɛmu
aktuálnom	aktuɑːlnɔm
aktuálnou	aktuɑːlnɔu
aktuálnu	aktuɑːlnu
aktuálny	aktuaːlni
aktuálny	aktuɑːlni
aktuálnych	aktuɑːlnix
aktuálnym	aktuɑːlnim
akty	akti
aktér	aktɛːr
aktérom	aktɛːrɔm
aktín	aktiːn
aktíny	aktiːni
aktív	aktiːv
aktíva	aktiːva
aktívach	aktiːvax
aktívna	aktiːvna
aktívne	aktiːvɲɛ
aktívnej	aktiːvnɛj
aktívnejšie	aktiːvɲɛjʃiɛ
aktívnejší	aktiːvɲɛjʃiː
aktívni	aktiːvni
aktívnom	aktiːvnɔm
aktívnou	aktiːvnɔu
aktívnu	aktiːvnu
aktívny	aktivni
aktívny	aktiːvni
aktívny	aktɨvnɨ
aktívnych	aktiːvnix
aktívnym	aktiːvnim
aktívom	aktiːvɔm
aktívum	aktiːvum
akuj	akuj
akuje	akujɛ
akujem	akujɛm
akujte	akujcɛ
akurat	akurat
akurát	akurɑːt
akurát	ˈakuraːt
akurátna	akuraːtna
akusov	akusɔv
akustický	akustitskʲi
akvadukt	akvaduɣt
akvarel	aːkvaɾɛl
akvizícia	akviziːtsia
akvária	ɑkuaːriɑ
akváriá	akvaːriaː
akváriách	akvaːriaːx
aky	aki
akych	akix
akym	akim
aká	akˈɔː
aká	ɑkɑː
aké	ɑkɛː
akého	akɛːhɔ
akéhokoľvek	akɛːhɔkɔʎvɛk
akéhosi	akɛːhɔsi
akékoľvek	akɛːkɔʎvɛk
akéto	akɛːtɔ
akí	ɑkiː
akú	akuː
akúkoľvek	akuːkɔʎvɛk
akúrat	akuːrat
akúsi	akuːsi
akútna	akuːtna
akútny	akutni
akútny	akuːtni
akútnym	akuːtnim
aký	aki
aký	akiː
aký	ɑkiː
akých	akiːx
akýkoľvek	akiːkɔʎvɛk
akým	akim
akým	akiːm
akými	akiːmi
akýsi	akisi
akýsi	akiːsi
akýto	akiːtɔ
akčnom	aktʃnɔm
akčnú	aktʃnuː
akčný	aktʃniː
akčných	aktʃniːx
al	al
alal	aɫaɫ
alam	aɫam
alan	aɫan
alarm	aɫarm
alarmujúca	alarmujuːtsa
alb	aɫb
alba	aɫba
alban	aɫban
albert	albɛrt
album	album
albumy	aɫbumi
albánsko	albaːntsko
albánsko	aɫbaːnskɔ
albánsky	aɫbaːnski
albín	albˈiŋ
alca	aɫtsa
alces	altsɛs
alchymista	alxɛmjsta
alda	aɫda
aldom	aɫdɔm
alds	aɫds
ale	alɛ
ale	aɫɛ
ale	ɑɫɛ
alebi	alɛbi
alebo	albɔ
alebo	alɛbɔ
alebo	alɛfɔ
alebo	ɑlɛbɔ
aleco	alɛtsɔ
alegorické	alɛgɔritskɛː
alegória	alɛgɔria
alej	alɛj
alejou	alɛjɔu
alejí	alɛjiː
alek	aɫɛk
alela	alɛwa
alergia	alɛrgia
alergia	alɛɾɣia
alergická	alɛrgitskaː
alergik	alɛrgik
alergiou	alɛrgiɔu
alert	alɛrt
alessu	alɛsu
alessy	alɛsi
aleviem	alɛviɛm
alex	alɛks
alexa	alɛksa
alexander	alɛksardɛr
alexia	alɛksia
alexom	alɛksɔm
alexov	alɛksɔv
alexova	alɛksɔva
alexovej	alɛksɔvɛj
alexovom	alɛksɔvɔm
alexovu	alɛksɔvu
alexx	alɛks
alexy	alɛksi
alf	aɫf
alfa	aɫfa
alfredom	alfrɛdɔm
algo	aɫgɔ
algoritmus	alɣʊritmʊs
ali	ali
aliancia	aliantsia
alibi	alibi
aliby	alibi
alica	alitsa
alice	alitsɛ
aliciin	alitsiːn
alicou	alitsɔu
alien	aliɛn
alienou	aliɛnɔu
alienov	aliɛnɔv
aliens	aliɛns
aliger	aligɛr
aligns	aligns
aligátor	aligator
aliison	aliːsɔn
alimentoch	alimɛntɔx
alimentov	alimɛntɔv
alimenty	alimenti
alison	alisɔn
alissa	alisa
aljašky	aljaʃkj
alka	aɫka
alkohol	aɫkɔɦɔɫ
alkoholický	alkɔɦɔlitskiː
alkoholik	aɫkɔɦɔlik
alkoholový	aːlkoɦolɔfiː
alkoholu	aɫkɔɦɔɫu
alkonost	alkɔnust
all	al
allegory	alɛgɔri
allegry	alɛgri
allenove	alɛnɔvɛ
allenovú	alɛnɔvuː
allicudy	alitsudi
allisu	alisu
alma	aɫma
alme	aɫmɛ
almonda	aɫmɔnda
almost	aɫmɔst
alom	aɫɔm
alonsa	aɫɔnsa
alonso	aɫɔnsɔ
alora	aɫɔra
alors	aɫɔrs
alov	aɫɔv
alova	aɫɔva
alpa	aɫpa
alpha	aɫpɦa
alpo	aɫpɔ
alpské	aɫpskɛː
alpský	aɫpskiː
also	aɫsɔ
alt	aɫt
alta	aɫta
altaj	aɫtaj
alter	altɛr
altermans	altɛrmans
alternatíva	altɛrnatiːva
alternatívam	altɛrnatiːvam
alternu	altɛrnu
alternujem	altɛrnujɛm
alto	aɫtɔ
alyssu	alisu
alá	aɫaː
alšom	aɫʃɔm
alšou	aɫʃɔu
alší	aɫʃiː
alších	aɫʃiːx
alším	aɫʃiːm
alžírsko	aɫʒiːrskɔ
am	am
amadea	amɑːdɛa
amala	amaɫa
amalom	amalɔm
amalovej	amalɔvɛj
aman	aman
amanda	amanda
amandy	amandi
amanom	amanɔm
amant	amant
amantom	amantɔm
amar	amar
amaro	amarɔ
amarok	amarɔk
amas	amas
amat	amat
amato	amatɔ
amatér	amatɛːr
amatérsky	amatɛːrski
amazin	amazin
amazonka	amasoɔ̃ka
ambasáda	ambasada
ambasáda	ambsaːda
amber	ambɛr
amberom	ambɛrɔm
ambicióznosť	ambitsiɔːznɔsc
ambiciózny	ambitsiɔːzni
ambien	ambiɛn
ambit	ambit
ambizi	ambizi
ambrose	ambrɔsɛ
ambrosi	ambrɔsi
ambry	ambri
ambróz	ambrɔːz
ambulancia	ambulantsia
ambícia	ambitsia
ambícia	ambiːtsia
ambície	ambiːtsiɛ
amc	amts
amelie	ɑmɛliɛ
ameliin	amɛlin
ameliou	amɛliɔu
amen	amɛn
amen	ɑˈmɛn
amer	amɛr
ameri	amɛri
americ	amɛrits
american	amɛritsan
americany	amɛritsani
americka	amɛritska
americkej	amɛritskɛj
americkom	amɛritskɔm
americkou	amɛritskɔu
americku	amɛritsku
americky	amɛritski
americká	amɛritskaː
americké	amɛritskɛː
amerického	amɛritskɛːhɔ
americkí	amɛritskiː
americkú	amɛritskuː
americký	amɛritskiː
amerických	ɑmɛritskiːx
amerika	amerika
amerika	amɛrika
amerike	amɛrikɛ
amerikou	amɛrikɔu
ameriku	amɛriku
ameriky	amɛriki
američ	amɛritʃ
američam	amɛritʃam
američan	amɛritʃan
američan	ɑːmeɾitʃan
američania	amɛritʃaɲia
američanka	ameriˈtʃanˈkˈa
američanka	amɛritʃanka
američano	amɛritʃanɔ
američanoch	amɛritʃanɔx
američanom	amɛritʃanɔm
američanov	amɛritʃanɔv
amero	amɛrɔ
amers	amɛrs
amersom	amɛrsɔm
ametyst	ametist
ametystu	amɛtistu
amex	amɛks
amfiteáter	amfitɛaːtɛr
amiga	amiga
amigov	amigɔv
aminej	aminɛj
aminom	aminɔm
amirov	amirɔv
amit	amit
amišov	amiʃɔv
ammen	amɛn
ammer	amɛr
ammera	amɛra
amn	amn
amnestia	amnɛstia
amnézia	amnɛːzia
amoku	amɔku
amon	amɔn
among	amɔng
amonom	amɔnɔm
amor	amɔr
amora	amɔra
amore	amɔrɛ
amorek	amɔrɛk
amores	amɔrɛs
amorn	amɔrn
amorov	amɔrɔv
amorovej	amɔrɔvɛj
amorovým	amɔrɔviːm
amorálne	amɔraːlɲɛ
amorí	amɔriː
amosovi	amɔsɔvi
amotr	amɔtr
amour	amɔur
amoura	amɔura
amparo	amparɔ
amper	ampɛr
amplión	ampliɔːn
amplióny	ampliɔːni
ampovu	ampɔvu
amputoval	amputɔval
amputovali	amputɔvali
amputované	amputɔvanɛː
amrik	amrik
amričanov	amritʃanɔv
amsterdam	amsterdam
amsterdam	amstɛrdam
amstrong	amstrɔng
amulet	amulɛt
amuse	amusɛ
amuseli	amusɛli
amy	ami
amyin	amiin
amyn	amin
amynu	aminu
amyslí	amisliː
amíci	amiːtsi
amíkom	amiːkɔm
amíkov	amiːkɔv
amíkovi	amiːkɔvi
amónny	amɔːnni
an	an
anaheim	anaɦɛjm
analytický	analititskiː
analytický	analiːtitskiː
analytik	analitik
analyzovali	analizovaliː
analyzovať	analizɔvac
analógiu	analɔːgiu
analýza	analiza
analýza	anaɫiːza
analýza	anˈɑliːza
analýzou	analiːzɔu
analýzu	analiːzu
ananás	ananaːs
ananás	anˈɔnˈaːs
anarchia	ɑnɑrxʲiɑ
anarchiu	anarxiu
anc	ants
anca	antsa
anchor	anxɔr
ancien	antsiɛn
ancient	antsiɛnt
anciáša	antsiaːʃa
ancora	antsɔra
ancovicky	antsɔvitski
and	ɑnd
andale	andalɛ
anderson	andɛrsɔn
anderton	andɛrtɔn
andiamo	andiamɔ
andor	andɔr
andou	andɔu
andover	andɔvɛr
andra	andra
andragogika	andragogikɛ
andre	andrɛ
andrej	andrɛj
andrej	ɑndrɛj
andreja	andrɛja
andrejom	ɑndrɛjɔm
andrem	andrɛm
andremu	andrɛmu
andreou	andrɛɔu
andres	andrɛs
andresa	andrɛsa
andresom	andrɛsɔm
andreson	andrɛsɔn
andresona	andrɛsɔna
andresy	andrɛsi
andresymu	andrɛsimu
andretta	andrɛta
andreu	andrɛu
andrew	andrɛv
andrewa	andrɛva
andrewovom	andrɛvɔvɔm
android	andrɔid
andromach	andrɔmax
andromedy	andrɔmɛdi
andros	andrɔs
androsch	andrɔsx
andrás	andraːs
andskom	andskɔm
andský	andskiː
andvt	andvt
andy	ɑndi
andym	andim
andách	andaːx
anetka	anɛtka
ang	ang
anga	anga
angažmá	angaʒmaː
angažmán	angaʒmaːn
angažoval	angaʒɔval
angažovanosť	angaʒɔvanɔsc
angažovať	angaʒɔvac
angel	angɛl
angela	angɛla
angeles	angɛlɛs
angeli	angɛli
angelico	angɛlitsɔ
angelim	angɛlim
angelin	angɛlin
angeliny	angɛlini
angelis	angɛlis
angelito	angɛlitɔ
angello	angɛlɔ
angelo	angɛlɔ
angelom	angɛlɔm
angelos	angɛlɔs
angelou	angɛlɔu
angelov	angɛlɔv
angelovi	angɛlɔvi
angelovy	angɛlɔvi
angels	angɛls
angelské	angɛlskɛː
angely	angɛli
anger	angɛr
angers	angɛrs
angieo	angiɛɔ
angina	angina
angl	angl
angleton	anglɛtɔn
angletona	anglɛtɔna
anglicka	anglitska
anglickej	anglitskɛj
anglicko	anglitskɔ
anglicko	ɑŋglɪtskɑ
anglickom	anglitskɔm
anglickou	anglitskɔu
anglicku	anglitsku
anglicky	anglitski
anglická	anglitskaː
anglického	anglitskɛːhɔ
anglickému	anglitskɛːmu
anglickí	anglitskiː
anglický	anglitskiː
anglických	anglitskiːx
anglickým	anglitskiːm
anglina	anglina
anglizkej	anglizkɛj
angličan	anglitʃan
angličtina	aŋglitʃcina
angličtinu	anglitʃcinu
anglocky	anglɔtski
anglov	anglɔv
anglycky	anglitski
angoly	angɔli
angor	angɔr
angry	angri
angus	angus
angusa	angusa
angusom	angusɔm
angusovi	angusɔvi
angína	angiːna
angínu	angiːnu
anh	anɦ
ani	aɲi
anie	aɲiɛ
anij	aɲij
animovaný	animɔvaniː
anjel	aɲiɛɫ
anjel	aɲɛl
anjeli	aɲjɛli
anjelik	aɲɛlik
anka	anka
ankara	amkara
ankara	ankara
ankare	ankarɛ
ankary	ankari
anketa	ankɛta
anketu	ankɛtu
ankety	ankɛti
ankh	ankɦ
ankou	ankɔu
anky	anki
ann	an
anna	anna
anne	anɲɛ
annie	aniɛ
anninom	anɲinɔm
anny	anni
ano	anɔ
anomaly	anɔmali
anomália	anumalia
anonym	anɔnim
anonyma	anɔnima
anonymný	anɔniːmniː
anoru	anɔru
anou	anɔu
anov	anɔv
ans	ans
ansel	ansɛl
ansi	ansi
anson	ansɔn
ant	ant
anta	anta
antarktický	antarktitski
antech	antɛx
antena	antɛna
antenny	antɛnni
anteny	antɛni
anthem	antɦɛm
anthony	antɦɔni
antibiotikum	antibiɔtikum
antich	antix
anticky	antitski
antickí	antitskiː
antický	antitski
antický	antitskiː
antifašizmus	antifaʃismuʃ
antikoch	antikɔx
antikom	antikɔm
antikoncepcia	antikɔntsɛptsija
antikov	antikɔv
antikovia	antikɔvia
antiky	antiki
antilop	antilɔp
antilopu	antilɔpu
antilopy	antilɔpi
antim	antim
antipatia	antipatie
antiprotón	antɪprˈoton
antiseptický	antˈisˈepˈtitskiˌ
antitéza	antitˈeza
antička	antitʃka
antičku	antitʃku
antom	antɔm
anton	antɔn
antona	antɔna
antoniska	antɔniska
antonko	antɔnkɔ
antonom	antɔnɔm
antonsky	antɔnski
antony	antɔni
antonymický	antɔnɛmitskiː
antošovou	antɨʃavou̯
antres	antrɛs
antrim	antrim
antrimu	antrimu
antverp	antvɛrp
antverpy	antvɛrpi
antwan	antvan
antén	antɛːn
anténa	antɛːna
antík	antiːk
antónia	antɔːnia
antónio	antɔːniɔ
antóniu	antɔːniu
anu	anu
anubis	anubis
anubisom	anubisɔm
anuloval	anulɔval
anulovalo	anulɔvalɔ
anulovaní	anulɔvaɲiː
anulovaný	anulɔvaniː
any	ani
anémiu	anɛːmiju
anó	anɔː
anča	antʃa
ančou	antʃɔu
aorta	aorta
apartmán	apartmaːn
apartmán	apartmɒn
aparát	aparaːt
apelovať	apɛlɔvac
apetít	apetit
aplikovať	aplikɔvac
aplikácia	aplikaːtsia
aplikáciu	aplikaːtsiu
apokryf	apoˈkɾaf
apoň	ɑpɔɲ
apoštol	apɔʃtɔɫ
apoštolský	apɔʃtɔɫskiː
april	april
aprobáciu	aprɔbaːtsia
apríl	apriu
apríl	apriːɫ
apríla	apriɫa
apríli	apriːli
aprílový	apriːlɔviː
aprílový	aprɪlɔʋiː
ara	ara
arab	arab
arabeska	arabˈeska
arabi	arabj
arabský	arabskiː
aragorn	aragɔrn
arbitráže	arbitraʒɛ
archa	arxa
archaický	arxaitsʲki
archeologický	arxɛɔlɔgitskiː
archeológ	arxɛɔlɔːg
archi	arxi
archipelág	arxʲipɛlak
architekt	arxitɛkt
architektkou	arxitɛktkɔu
architektonický	arxitɛktɔnitski
architektonický	arxitɛktɔnitskiː
architektúra	arxitɛktuːra
architektúrou	arxitɛktuːrɔu
architektúru	arxitɛktuːru
architektúry	arxitɛktuːri
archív	arxiu
archív	arxiːv
archívny	arxivniː
archívny	arxiːvni
arcibiskup	artsibiskup
arcibiskup	aːrtsibiskup
arcidiecézy	artsidjetsɛʒi
are	arɛ
areál	arɛaːɫ
argentína	argentˈina
argentína	argɛntiːna
argentínsky	argɛntiːnski
argument	argumɛnt
argumentovať	argumɛntɔvac
argumentácia	argumɛntaːtsia
arktický	arktitski
arktída	arktida
armady	armɑdi
armáda	armada
armáda	armaːda
armáde	armaːɟɛ
armádny	armaːdni
armádu	armaːdu
armády	armaːdi
arogantný	arɔgantniː
art	art
artemis	artɛmis
arthur	artɦur
artista	atista
arvid	arvid
arzén	arðɛn
arábia	araːbia
aréna	arena
aréna	arɛːna
arény	arɛːni
as	ɑs
ashley	asɦlɛi
asi	ɑsi
asistencia	asistɛntsia
asistent	asistɛnt
asistent	ˌasistˈɛnt
asistentka	asistɛntka
asistentky	asistɛntki
asistovať	asistɔvac
asociačnej	asotsiaʃnɛj
asociácia	asotsiazsia
asociácia	asɔtsiaːtsia
asparágus	asparagus
aspekt	aspekt
aspekt	aspɛkt
aspektu	aspɛktu
aspon	aspɔn
aspoň	ɑspɔɲ
astany	aːstani
astrológia	astroloːɠija
astronautov	astrɔnautɔv
astronomický	astrɔnɔmitskiː
astronóm	astronom
astronómia	astronomia
asáž	ɑsɑːʒ
at	at
ateliér	atɛliɛːr
ateliér	atɛljɛr
ateliéru	atɛliɛːru
atentát	atɛntaːt
atlanta	atɫanta
atlantický	atɫantitskiː
atlas	atlas
atlas	atɫas
atletický	atɫɛtitskiː
atletika	atɫɛtika
atlét	atɫɛːt
atmosféra	atmosfeːra
atmosféra	atmɔsfɛːra
atmosfére	atmosfeəre
atmosféru	atmɔsfɛːru
atol	ato
atol	atɔɫ
atp	atp
atrakcia	atraktsia
atrakcia	atraktsijɛ
atraktívna	atraktiːvna
atraktívnejšie	atraktiːvɲɛjʃiɛ
atraktívny	atraktiːvni
atrament	atramɛnt
atribút	atribuːt
atény	ateni
atény	atɛːni
atóm	atɔːm
atómová	ɑcɔːmɔvɑː
atómový	atɔːmɔviː
atď	atɟ
au	au
audiencia	audiɛntsia
audiencia	ɑʊdiˈɛntsja
audio	audio
audit	audit
auditor	auðitɔr
auditorium	auðitorium
audrey	audrɛi
august	august
augusta	augusta
augusta	aɫgusta
augustový	augustɔviː
augustový	au̯gustovi
aukcia	auktsia
aula	ɑwɫɑ
aura	aura
austrália	austraːlia
austrálie	austrɑːliɛ
austráliu	aʊstraːliu
austrálsky	austraːlski
austrálsky	au̯straːlski
aut	aut
auta	auta
autami	autami
autami	aut̪ɐmɪ
aute	aucɛ
autentický	autɛntitskiː
autentický	au̯tɛntitski
auto	autɔ
auto	au̯tɔ
auto	au̯t̪o
auto	ɑutɔ
autobiografia	aʊtɔbjɔgɾafja
autobiografický	autɔbiɔgrafikiː
autobus	autɔbus
autobus	au̯t̪oβ̞us
autobusom	autɔbusɔm
autobusový	autɔbusɔviː
autobusu	autɔbusu
autogram	au̯tɔgrɑm
autokar	au̯t̪okau̯
autokemping	au̯tɔkɛmpiŋ
autokracia	au̯tokrɛtsja
autom	autɔm
automat	autɔmat
automat	ɑutɔmɑːt
automaticky	autɔmatitski
automatický	autɔmatitskiː
automatický	au̯tɔmatɪtskiː
automaty	autɔmati
automobil	autɔmɔbil
automobil	au̯t̪omobil
automobilka	autɔmɔbilka
automobilový	autɔmɔbilɔviː
autonómia	autɔnɔːmia
autonómia	aʊtɔnɔːmiɔ
autonómny	autɔnɔːmni
autoopravovňa	au̯tɔɔpravɔvɲa
autoportrét	au̯taportɾe
autor	autɔr
autora	ɑutɔra
autoreferát	aʊtˈoɾefeɾˈaːt
autorita	autɔrita
autorka	autɔrka
autorov	autɔrɔv
autorský	autɔrskiː
autorský	aʊtorskˈi
autorstvo	au̯tɔrstvɔ
autosalón	autɔsalɔːn
autosalón	au̯t̪osalon
autostráda	aʊtostrˈadˈa
autoškola	au̯doʂkoɫa
autu	autu
autá	autaː
autách	autaːx
autách	au̯t̪ax
avenue	avɛnuɛ
averzia	avɛrsia
avitaminózam	avitaminozam
avizované	avizɔvanɛː
avizovaný	avizɔvaniː
avizovať	avizɔvac
avokádo	avokado
avon	avon
avšak	avʃak
aw	av
az	az
azbuka	azpoka
azda	azda
azerbajdžan	azɛrbajdʒan
aziatsky	ɑʑiɑtski
azimut	asimɔt
azyl	azil
azúrový	azuroviː
ačiek	atʃiɛk
ačka	atʃka
ačku	atʃku
až	aʃ
až	aʒ
až	ˈaʃ
b	b
ba	b
ba	ba
baba	baba
babe	babɛ
babi	babi
babiek	babiɛk
babička	babitʃka
babka	babka
babou	babɔu
babrák	baːbraːk
babu	babu
baby	babi
bach	bax
bacha	baxa
bachor	bafor
back	batsk
bacona	batsɔna
bad	bad
badať	babat
badať	badac
badáš	badaːʃ
bagandže	bagandʒe
bagdad	bagdad
bager	bˈagˈeɾ
bageta	bagueta
bagrovaný	bagrɔvani
bahna	bahna
bahno	bahnɔ
bahnu	bahnu
bailey	bailɛi
baju	baju
bajúz	vajuz
bakh	bakɦ
baktéria	baktɛːria
baktéria	daktɛːria
baktérie	baktɛːriɛ
bakuľa	bakula
balada	baɫada
balanc	balant
baldrick	baɫdritsk
balenie	balɛɲiɛ
balený	balɛnɪ
balet	balɛt
baletná	baɫɛtnaː
baliť	bali
baliť	balic
balkán	baɫkaːn
balkáne	baɫkaːɲɛ
balkón	balkɔn
balkón	baɫkɔːn
balvan	baɫvan
balzám	balzam
balík	baɫiːk
balíček	baɫiːtʃɛk
balón	baɫɔːn
bam	bam
bamba	bamba
bambi	bambi
bambus	bambus
banana	banana
band	baɲd
banda	banda
bang	bang
bani	baɲi
bank	bank
banka	banka
bankami	bankami
banke	baŋkɛ
bankomat	bankɔmat
bankovka	bankɔuka
bankovka	bankɔu̯kɑ
bankovky	bankɔwki
bankovníctvo	bankɔvɲiːtstvɔ
bankovom	bankɔvɔm
bankové	bankɔvɛː
bankového	bankɔvɛːhɔ
bankový	bankɔviː
bankový	bankɔvj
bankrot	bankrɔt
banku	baŋku
banky	baŋki
bankár	bankaːr
banskej	banskɛj
banskobystricky	banskɔbistritski
banskobystrickí	banskɔbistritskiː
banskobystrický	banskɔbistritskiː
banskobystrický	bˈanskobɪstˈritskiː
banská	baɲska
banskí	banskiː
banský	banski
banský	banskiː
bantu	bantu
banumová	banumɔvaː
banálny	banaoni
banálny	banaːɫni
banán	banaːn
banánový	bananɔvij
baník	baɲik
baník	baɲiːk
bar	bar
barabáša	barabaːʃa
barak	barak
baran	baran
baran	baraːn
barbar	barbar
barbara	barbara
barcelona	bartsɛlɔna
bard	bard
bardejov	bardɟɛjɔv
bardejov	varɟɛjou
bare	barɛ
barel	barɛɫ
baret	balˈɛt
baretka	bʲarɛtka
baretom	barɛtɔm
bariera	bariɛra
bariéra	bariɛra
bariéra	bariɛːra
barma	varmɑ
barman	bˈaɾmæn
barmankou	barmankɔu
barnabáš	barnabaːs
barok	darok
barokový	barɔkɔviː
barometer	barometɛr
baronesa	baronesa
baronesu	barɔnɛsu
barry	bari
bartakovič	bɔɾtɑkɔvætʃ
bartolomej	bertolɔmɛj
baru	baru
baránok	baraːnɔk
baráž	baraːʒ
barón	barɔːn
barónka	barɔnka
bas	bas
basa	basa
base	basɛ
basistov	basistɔv
bask	bask
basketbal	baskɛdbaʎ
basketbal	baskɛtbaɫ
basketbalista	baskɛtbaɫista
basketbalista	bˈaskɛtbalista
basketbalistka	baskɛtbaɫistka
basketbalistov	baskɛtbalistɔv
basketbalový	baskɛtbalɔviː
bastard	bastard
bastardi	bastarɟi
bastardov	bastardɔv
bastet	bastɛt
basy	basi
bat	bat
baterka	batɛrka
baterku	batɛrku
baterky	batɛrki
bath	batɦ
batizovce	batizau̯tsɛ
batoh	batɔɦ
batohom	batɔɦɔm
batoľa	batolʲa
batožina	batɔʒina
batožinu	batɔʒinu
batu	batu
baty	bati
batéria	batria
batéria	batɛːria
batérie	batɛːriɛ
baumer	baumɛr
baumom	baumɔm
bava	bava
bavili	bavili
baviť	bavic
baviť	bavis
bavor	bavɔr
bavorska	bavɔrska
bavorsku	bavɔrsku
bavorský	bavɔrskiː
bavory	bavɔri
baví	babi
baví	baviː
bavíme	baviːmɛ
bay	bai
baz	baz
bazalt	bazai̯t
bazena	bazɛna
bazenom	bazɛnɔm
bazilika	bazilika
bazár	bazaar
bazén	bazɛːn
bazén	bazˈn
bazény	bazɛːni
bača	batʃa
bačka	vatʃka
baňa	baɲa
bašta	baʃta
bažant	baʒant
bažím	baʒiːm
bdelosť	bɪɟɛlosc
be	bɛ
beach	bɛax
bebjak	bɛbjak
bebjaka	bɛbjaka
bebo	bɛbɔ
beck	bɛtsk
beckons	bɛtskɔns
beckovi	bɛtskɔvi
bednárikovi	bɛdnaːrikɔvi
bedrové	bɛdrɔvɛj
bedár	bedaːr
beh	bɛx
behajte	bɛɦajcɛ
behalo	bɛɦaɫɔ
behat	bɛɦat
behať	bɛɦac
behom	bɛɦɔm
behu	bɛɦu
bejby	bɛjbi
bel	bɛl
bela	bɛɫa
belasý	belasiː
belasý	bɛɫasiː
belavy	belati
belehrad	bɛlɛɦrad
belehrad	bɛlɛɦrat
belej	bɛlɛj
beletria	beɫatria
belgicko	bɛlgitskɔ
belgický	bɛlgitskiː
belgický	bɛlgɨtskiː
belize	beˈlize
bell	bɛɫ
bella	bɛɫa
belmonte	bɛlmɔncɛ
belo	bɛlɔ
beloch	bɛloɦ
beloch	bɛɫɔx
belocha	bɛɫɔxa
belohorcová	vɛloɦortsofaː
belorítka	bɛlaɾitka
belt	bɛlt
belá	bɛɫaː
belá	ˈbeɫa
ben	bɛn
bene	bɛnɛ
benjamin	bɛnajmin
benny	bɛni
benyho	bɛnihɔ
benzín	bɛnziːn
benzínka	bɛnziːnka
benzínový	bɛnziːnɔviː
benátky	ʋɛnaːtki
ber	bɛr
berehovo	berɛɦɔvɔ
bereš	bɛrɛʃ
berie	bɛrjɛ
beriel	berjɛu
beriem	bɛriɛm
berieme	bɛriɛm
beriete	bɛriɛcɛ
berieš	bɛriɛʃ
berke	bɛrkɛ
berlinále	bɛrɫinɑːɫɛ
berlín	beɾlɛn
berlín	bɛrɫiːn
berlíne	bɛrliːɲɛ
berlínsky	bɛrɫiːnski
bermudy	bermudij
bernarde	bɛrnarɟɛ
bert	bɛrt
berte	bɛrcɛ
beránka	bɛraːnka
berú	bɛruː
beseda	bɛsɛda
beskid	beskid
besnou	bɛsnɔu
besoch	bɛsɔx
beta	bɛta
beth	bɛtɦ
betlehem	bɛtɫɛhɛm
betsy	bɛtsi
betty	bɛti
betón	bɛtɔːn
betónový	bɛtɔːnɔviː
bez	bɛs
bez	bɛz
bez	bˈɛs
bezbolestne	bɛzbɔlɛstɲɛ
bezbranný	bɛzbramniː
bezchybne	bæsxʲibnʲa
bezdetná	bɛzɟɛtnaː
bezdomovec	bɛzdɔmɔvɛts
bezdrôtový	bɛzdruɔtɔviː
bezfarebný	bɛsfarɛbnˈiː
bezhotovostne	bɛzɦotovosdɲɛ
bezhraničný	bɛzɦraɲitʃmiː
bezmocnosť	bɛzmɔtsnɔsc
bezmocnosť	bɛznɔtsnɔsc
bezmocný	bɛzmɔtsniː
bezmála	bɛzmaːɫa
beznych	bɛznix
beznádej	bɛznaːɟɛj
beznádejný	bɛzmaːɟɛjniː
bezo	bɛzɔ
bezodný	dɛzɔdniː
bezpečie	bɛzpɛtʃiɛ
bezpečne	bɛzpɛtʃɲɛ
bezpečnosti	bɛzpɛtnɔsci
bezpečnostné	bɛzpɛtnɔstnɛː
bezpečnostný	bɛzpɛtnɔstniː
bezpečnosť	bɛspɛtʃnost
bezpečnosť	bɛspɛtʃnɔsc
bezpečné	bɛzpɛːtʃnɛː
bezpečný	bɛspɛtʂni
bezpečný	bɛzpɛtʃniː
bezpečí	bɛzpɛtʃiː
bezplatne	bɛzpɫatɲɛ
bezplatný	bɛzpɫatniː
bezpochyby	bɛzpɔxibi
bezproblémový	bɛzprɔblbɛːmɔviː
bezprostredne	bɛzprɔstrɛdɲɛ
bezprostredný	bɛzprɔstrɛdniː
bezprávie	bɛspraːvjɛ
bezu	bɛzu
bezvedomie	bɛzvɛdɔmiɛ
bezvedomí	bɛzvɛdɔmiː
bezvetrie	beːsvɛtriɛ
bezvýznamné	bɛzviːznamnɛː
bezvýznamný	bɛzviːznamniː
bezvýznamných	bɛzviːznamniːx
beáta	beˈata
beštia	beʃtija
bež	bɛʒ
bežala	bæʒɑɫa
bežať	bɛʒac
bežať	bɛʒatʲ
bežec	bɛʒɛts
bežecký	bɛʒɛtskiː
bežecký	bɛʒɛtskɪ
bežne	bɛʒɲɛ
bežný	bɛʒniː
bežný	bˈeʒniː
bežte	bɛʒcɛ
beží	bɛʒiː
bi	bi
biatlon	biɑtɫɔn
biblia	bibliːa
biblia	bibɫia
biblický	bibɫitskiː
bibliografia	biblioɣ̞rɑfia
bicie	bitsiɛ
bicigeľ	bitsigɛl
bicykel	bitsikɛɫ
bicykel	bˈitikˈɛl
bicykle	bit̪ikɫe
bicykli	bitsikli
bicyklovania	bitsiklɔvaɲia
bicyklové	bitsiklɔvɛː
bieda	biɛda
bieda	bʲeda
biedny	biɛdni
biela	biela
biela	biɛɫa
biele	biɛlɛ
bieleho	bjɛlɛhɔ
bielej	biɛlɛj
bielizeň	bielizɛɲ
bielizeň	biɛlizɛɲ
bielko	bsjɛlkɔ
bielkovina	biɛɫkɔvina
bielkoviny	bielkɔvini
bielohlavý	bjɛloɦlavi
bielom	biɛɫɔm
bielooký	bielooki
bielorus	bjæ̹lɑrus
bielorusko	biɛɫɔruskɔ
bielorusky	bjɛɫoruskʲi
bieloruský	biɛɫɔruskiː
bieloruský	bjɛloruskˈiː
bieloruština	bjɛɫoruʃtʲina
bieločelý	biɛ̞ːlʊtʃɛliː
bielu	biɛɫu
biely	bieli
biely	biɛli
bielych	biɛɫix
bielym	biɛɫim
bielymi	biɛɫimi
big	big
biggie	bigiɛ
bije	bijɛ
bijú	bijo
bikonvexný	bikɔnvɛksne
bilancia	bilantsia
bilancie	bɪlantsie
bilaterálny	bilatɛraːɫni
bilión	biliɔːn
bilión	biljon
bill	biɫ
billa	biɫa
billy	bili
bim	bun
binance	binantsɛ
bingo	bingɔ
biocenóza	bjɔtsɛnɔza
biofyzika	bjɔfjsikɐ
biologický	biɔɫɔgitskiː
biológia	biɔɫɔːgia
biomasa	biomassa
birr	birr
bisexuál	dɪsɛksuaːl
bisexuálka	visɛksuaːlka
bishop	bishɔp
biskup	biskup
biskupa	biskupa
biskupský	biskupskiː
bitcoine	bittsɔiɲɛ
bitka	bitka
bitke	bitkɛ
bitku	bitku
bitky	bitki
bitý	biti
bizarná	bizarna
bizarný	bizɑrniː
biznis	biznis
biznisu	biznisu
bizón	bizɒˈnɒm
bióm	bio̞m
bič	bitʃ
bičovať	bitʃɔvɑt
biľet	bʲilɛt
biť	bic
biť	bik
bjarneho	bjarnɛhɔ
bla	bɫa
black	bɫatsk
blackadder	blatskadɛr
blaho	blahɔ
blahobyt	blahɔbit
blahobyt	blaɦobid
blahodárne	blahɔdaːrɲɛ
blahoslavený	blahɔslavɛniː
blahoslavený	blaɦoslaːvɛniː
blahoželať	blahɔʒɛɫac
blahoželám	blahɔʒɛɫaːm
blajvaz	lajˈvaz
blankytný	plankɪtni
blato	bɫatɔ
blb	bˈælb
blbca	blbtsa
blbec	blbɛts
blbom	blbɔm
blbosti	blbɔsci
blbosť	blbɔsc
blbá	blbaː
blbé	blbɛː
blbý	blbiː
blcha	baxa
blcha	bɫxa
bledý	blɛdiː
blesk	blɛsk
bleskom	blɛskɔm
bližšie	bliʃʃiɛ
bližší	bliʃʃiː
block	bɫɔtsk
blog	blɔg
blok	blok
blok	blɔk
blokovať	blɔkɔvac
blokuješ	blɔkujɛʃ
bloky	blɔki
blokáda	blɔkada
blond	blɔnd
blond	blˈɑnd
bludný	bɫudni
blue	bluɛ
blues	bluːs
blázni	bɫaːzɲi
blázninec	blaːzɲɛɲɛts
bláznivo	bɫaːzɲivɔ
bláznivá	bɫaːzɲivaː
bláznivé	bɫaːzɲivɛː
bláznivý	blaːzɲiːviː
bláznivý	bɫaːzɲiviː
bláznivý	dlaːzɲiviː
blázniť	blaːzɲit
blázníš	blaːzniːʃ
blázon	bɫaːzɔn
blízko	bliːskɔ
blízko	blɪskɔ
blízko	bɫiːzkɔ
blízkosti	bliːzkɔsci
blízkosť	bliːzkɔsc
blízky	bliːzki
blízky	pliske
blízkych	bɫiːzkix
blíženci	bliʒɛntsj
blíženec	bliːʒɛɲɛts
blíži	bɫiːʒi
blížiaci	bliːʒiatsi
blížiť	bliːʒic
blížny	bliːʒni
blúdiť	bluːdic
blúza	bluːza
blúzka	bɫuzka
bo	bɔ
bob	bɔb
bobby	bɔbi
bobbyho	bɔbihɔ
bobor	bɔbɔr
bobor	vɔbɔr
bobra	bɔbra
bod	bot
bod	bɔd
bod	bɔt
bodaj	bo˥˩ːdaj
bodaj	bɔdaj
bodaný	bodani
bodavý	bɔdaviː
bodať	bɔdak
bode	bɔɟɛ
bodka	bɔtka
bodky	bɔdki
bodla	bɔdɫa
bodliak	bɔdlijak
bodnúť	bɔdnuːc
bodných	bɔdniːx
bodol	bɔdɔɫ
bodov	bɔdɔv
bodovať	bɔdɔvac
bodový	bɔdɔviː
bodrova	bɔdrɔva
bodvanka	bɔtbanka
body	bɔdi
bodyček	boditʃak
bodák	bodaː
boeing	bɔɛing
boeingu	bɔɛingu
boh	bɔx
boha	bɔɦɑ
bohata	bɔɦata
bohatej	bɔɦatɛj
bohato	bɔɦatɔ
bohatou	bɔɦatɔu
bohatstvo	bɔɦatstvɔ
bohaty	bɔɦati
bohatá	bɔɦataː
bohatého	bɔɦatɛːɦɔ
bohatí	bɔɦatiː
bohatý	boɣati
bohatý	bɔɦatiː
bohatých	bɔɦatiːx
bohemu	bɔɦɛmu
bohom	bɔɦɔm
bohorodička	boɦoradɪtʃka
bohoslužba	bɔɦɔsluʒba
bohov	bɔɦɔv
bohovanie	bɔɦɔvɒniɛ
bohovia	bɔɦɔvia
bohu	bɔɦu
bohušov	bɔɦuʃɔv
bohužiaľ	bɔɦuʒiaʎ
bohyňa	bɔɦiɲa
boháč	bɔɦaːtʃ
boj	boi
boj	bɔj
boja	bɔja
bojanom	bɔjanɔm
boji	bɔji
bojisko	bɔjiskɔ
bojler	bɔjɫɛr
bojnej	bɔjnɛj
bojoch	bɔjɔx
bojova	bɔjɔva
bojoval	bɔjɔval
bojovala	bɔjɔvalɑ
bojovali	bɔjɔvali
bojovať	bɔjɔvac
bojoveho	bɔjɔvɛhɔ
bojovnosť	bɔjɔvnɔsc
bojovníci	bɔjɔvɲiːtsi
bojovník	bɔjɔvɲik
bojovník	bɔjɔvɲiːk
bojovníkov	bɔjɔvɲiːkɔv
bojovný	bɔjɔvniː
bojové	bɔjɔvɛː
bojové	vɔjɔvɛ
bojovému	bɔjɔvɛːmu
bojový	bɔjɔviː
boju	bɔju
bojuj	bɔjuj
bojuje	bɔjujɛ
bojuješ	bɔjujɛʃ
bojujte	bɔjujcɛ
bojujúci	bɔjujuːtsi
bojí	bɔjiː
bojím	bɔjiːm
bojíte	bɔjiːcɛ
bojíš	bɔjiːʃ
bok	bɔk
bokom	bɔkɔm
boku	bɔku
boky	bɔki
bol	bol
bol	bɔl
bol	bɔɫ
bola	bɔla
bola	bɔɫa
bola	bɔɫɑ
bolesti	bɔlɛsci
bolestivejšie	bɔlɛscivɛjʃiɛ
bolestivé	bɔlɛscivɛː
bolestivý	bɔlɛsciviː
bolestivý	bˈɔlɛstɪviː
bolestný	bɔlɛstniː
bolesť	bɔlɛsc
boli	boli
boli	bɔli
boli	bˈɔli
bolieť	bɔliɛc
bolo	bɑɫo
bolo	bɔlo
bolo	bɔlɔ
bolo	bɔɫɔ
bolí	bɔɫiː
bolívia	bolivja
bomb	bɔmb
bomba	bɔmba
bombardovanie	bɔmbardɔvaɲiɛ
bombardovať	bɔmbardɔvac
bombastické	bɔmbastitskɛː
bombou	bɔmbɔu
bomboš	bɔmbɔʃ
bombošom	bɔmbɔʃɔm
bombošová	bɔmbɔʃɔvɑː
bombu	bɔmbu
bomby	bɔmbi
bonbóny	bɔnbɔːni
bond	bɔnd
bonda	bɔnda
bonde	bɔnɟɛ
bondovke	bɔndɔvkɛ
bonn	bɔn
bonn	bɔnn
bontempo	bɔntɛmpɔ
bonus	bɔnus
bonusom	bɔnusɔm
bonusu	bɔnusu
boo	bɔː
boobieho	bɔɔbiɛhɔ
boom	buːm
boost	bɔːst
bopra	bɔpra
bor	bɔr
bordel	bɔrdɛl
bordel	poɾtdel
borec	bɔrɛts
borievka	boriewka
boris	bɔris
borovicový	borovitsɔvjiː
borovska	bɔrɔska
borsov	bɔrsɔv
boršč	bɔrʃ
bosna	bɔsna
bosniansky	bɔsɲianski
bosorovať	bosɛrʊvac
bosorák	pusoraːk
boss	bɔs
boss	bɔss
boston	bɔstɔn
bosý	bɔsiː
botanický	bɔtɑnɪtski
botanika	bɔtɛnika
boulez	bɔulɛz
bowl	bɔvɫ
box	bɔks
boxe	bɔksɛ
boxer	bɔksɛr
boxera	bɔksɛra
boy	bɔi
bozaj	bɔzaj
boze	bɔzɛ
bozhe	bɔzhɛ
bozk	bɔsk
bozka	bɔzka
bozkaj	bɔzkaj
bozkať	bɔskac
bozky	bɔzki
bozkávam	bɔzkɑːvam
bozkávať	bɔzkɑːvac
bočník	botʃɲik
bočníka	botʃnjɛka
bočný	bɔtʃniː
boľavý	bɔʎaviː
boľo	bɔʎɔ
boľševický	bolʃɛrɪtskiː
boľševik	bolʃɛvik
boško	bɔʃkɔ
bože	bɔhʒɛ
bože	bɔʒɛ
božemôj	bɔʒɛmuɔj
božia	bɔʒia
božie	bɔʒiɛ
božský	bɔʃski
božský	bɔʒskiː
božstvo	bɔʒstvɔ
božtek	bɔʃcɛk
boží	bɔʒiː
brad	brad
brada	brada
bradatý	bratat̪e
bradavka	bɾadɛlka
bradavky	bradavki
bradlom	radlom
bradlá	bradla
bradu	bradu
brady	bradi
brakovej	brakɔvɛj
bral	bral
brankár	brankaːr
brankár	bɾaŋkaɾ
brat	brat
brata	brata
bratia	bracia
bratia	braʲtsia
bratislava	bratislama
bratislava	bratislava
bratislave	bracislavɛ
bratislave	bɾatɪslɑbɛ
bratislavskej	bracislavskɛj
bratislavskom	bracislavskɔm
bratislavského	braɟizɫau̯skɛːɦa
bratislavskí	bratislavskiː
bratislavskí	bratɪslau̯skiː
bratislavskú	bracislavskuː
bratislavský	bratislavskiː
bratislavský	bratɪtslaʋskiː
bratislavy	bracislavi
bratislavčan	bratislavtʃan
bratislavčan	bratɪslau̯tʃan
bratmi	bratmi
bratom	bratɔm
bratov	bratɔv
bratovi	bratɔvi
bratranec	bratranɛts
bratranec	bratraɲest
bratský	bratskiː
bratstva	bratstva
bratstvo	bratstvɔ
bratu	bratu
bravo	bravɔ
bravúrne	bravuːrɲɛ
bravčový	bravtʃɔviː
brazília	braziljˈa
brazília	braziːɫia
brazílsky	braziːlski
brazílčan	braziːɫtʃan
braček	bratʃɛk
brať	brɑc
breh	brɛx
brehu	brɛɦu
brehuľa	brɛɦʊlʲa
brejk	brɛjk
bremeno	brɛmɛnu
bremeno	brɛmɛnɔ
brenda	brɛnda
breslava	bresɫɛbɔ
brezno	brɛznɔ
brezno	prɛzna
brezová	brezovaː
brhlík	brɛɦlˈiːk
briadka	bratka
brian	brijan
briana	briana
brigáda	brigaːda
brit	brit
britsky	britski
britská	britskaː
britský	britskiː
britva	bɾitva
británia	britaːnia
británia	britˈania
británii	briːtaːniː
brloh	brɫɔx
brno	brnɔ
brod	brotɛ
brod	brɔd
brodenie	bradɛɲiɛ
brokovnica	vrɔgɔvɲitsa
bronz	brɔnz
bronzový	brɔnzɔviː
broskyňa	brɔskiɲɛ
broskyňový	broskɪŋɔʋiː
broskyňu	brɔskiɲu
brown	brɔvn
brožúrka	bɾɔʒurka
bruca	brutsa
bruce	brutsɛ
bruch	bɾˈox
brucho	bruxɔ
bruchom	bruxɔm
brusel	brusɛl
bruselský	brusɛlskiː
brutálny	brutaːlni
bruško	bruʂka
bruško	bruʃkɔ
brvno	brvnɔ
brvno	brɨvnɔ
bryan	brijan
bryce	britsɛ
bryzeide	brizɛidɛ
brzda	brzda
brzdiť	brzdic
brácho	braːxɔ
brán	braːn
brána	braːna
bráne	braːɲɛ
bráni	braːɲi
bránil	braːɲil
brániť	braːnit
brániť	braːɲic
bránka	branka
bránka	braːnka
bránu	braːnu
brány	braːni
brávať	bɾaːvak
brázda	brasda
brúsený	bruːsɛdiː
bu	bu
bubeník	bubɛniːk
bublifuk	publifok
bublina	boblina
bublina	bublina
bublinkový	mublɪnkofiː
bublinky	bublɛnkj
bublé	bublɛː
bubon	bubɔn
bubán	bubaːn
buc	wˈʊts
buch	bux
bud	bud
budapešť	budapɛʃc
buddy	budi
bude	bude
bude	buɟɛ
budejovice	buɟɛjɔvitsɛ
budejoviciach	buɟɛjɔvitsiax
budem	buɟɛm
budeme	bugimi
budeme	buɟɛmɛ
budes	budɛs
budete	buɟɛcɛ
budeš	budˈeʃ
budeš	buɟɛʃ
budiť	buɟic
budova	budovˈa
budova	budɔva
budoval	budɔvɑl
budovali	budɔvɑli
budovanie	budɔvɑɲiɛ
budovať	budɔvɑc
budove	budɔvɛ
budovu	budɔvu
budovy	budɔvi
budovy	budɔʋi
budu	budu
buduje	budujɛ
budzeme	buðsæmæ
budík	budik
budíčkami	buɟiːtʃgɑmi
budú	buduː
budú	buˈdu
budúce	buduːtsɛ
budúceho	buduːtsɛhɔ
budúci	buduːtsi
budúcnosti	buduːtsnɔsci
budúcnosť	buduːtsnɔsc
budúcnosť	buduːtsnɔʃc
budúcom	buduːtsɔm
budúcoročný	buduːtsɔrɔtʃniː
budúcu	buduːtsu
budějovice	buɟɛːjɔvitsɛ
bufet	bufɛt
bukurešť	bukurɛʃc
bulharka	β̞ulɣ̞aɾka
bulharsko	bulɦarskɔ
bulharský	bulɦarskiː
bulvár	bulvɑːr
bulvárny	bulvɑːrni
bulvárov	bulvɑːrɔv
bum	bum
bumerang	bumɛraŋ
bunda	bunda
bundesliga	bundɛsliga
bundesliga	bundɛsligɑ
bundový	bunˈdoːviː
bundu	bundu
bunka	bunka
bunka	buɫka
bunom	bunɔm
burina	burina
burke	burkɛ
burleska	bou̯rlɛska
burnett	burnɛt
burskych	burskix
burundi	burundi
burza	burza
burza	burzɑ
burze	burzɛ
burzový	burzɔviː
buržoázny	burʒɔaːzni
bush	bush
busoch	busɔx
busov	buzo
but	but
butch	butx
buzeranstký	buzɛranstkiː
buzerant	buzɛrant
bučiačik	butsiatʃik
buď	buɟ
buďte	buɟcɛ
buš	buʃ
bušel	buʃɛl
buška	buʃka
by	bi
bych	bix
bychom	biːxɔm
bydlisko	bidliskɔ
bydlisko	vidliskɔ
bydlisku	bidlisku
bye	biɛ
byje	bijɛ
bylina	bjɾlna
bylinný	ilinni
byrokracia	birɔkrɑtsia
bys`	biz
bystrica	bistritsa
bystrica	bistritsɑ
bystrici	bistritsi
bystrík	bjstrik
bystrík	bɪ̞ʃtriːk
bystrý	bistriː
byt	bit
byt	bˈi
byte	bicɛ
bytie	biciɛ
bytosti	bitɔsci
bytostná	bitɔstna
bytostný	bit̪astniː
bytosť	bitɔsc
bytovke	bitɔvkɛ
bytový	bitɔviː
bytu	bitu
bytí	biciː
bytí	bitiː
bytča	bitʃa
byvol	vivoɫ
byzantský	bizɑntskiː
byť	bic
byť	bik
báb	baːp
bábik	baːbik
bábika	baːbika
bábika	bˈabika
bábiku	baːbiku
bábka	baːbka
bábkový	baːbkɔviː
bábovka	bɑːbɔːka
bábätko	baːbɛtkɔ
báchorka	baːxɔrka
bádateľ	baːdacɛʎ
báječný	baːjɛtʃniː
bájka	baɪkˈɑ
bál	bɑːɫ
bála	baːɫa
báli	baːɫi
bánk	bɑːnk
bánovce	banɔltsɛ
báseň	baːsɛɲ
básne	baːsɲɛ
básnický	baːsɲitskiː
básnik	baːsɲik
báza	baːza
báze	bazi
báči	batʃ
báčsky	baːtʃski
báť	baːc
báť	bˈaɪ
búchať	buxac
búda	boda
búdky	buːdki
búračky	buʋratʃki
búrka	burka
búrka	buːrka
búrke	buːrkɛ
búrky	buːrki
búrlivý	buːrliviː
búrlivý	bˌoːrəliviː
býk	biːk
být	biːt
býva	biːva
bývaj	bivai
býval	biːral
býval	biːvɑl
bývala	biːvɑlɑ
bývalo	biːvɑlɔ
bývalého	bivalɛːɦo
bývalého	biːvɑlɛːhɔ
bývalý	biːvaliː
bývalý	biːvaːliː
bývalý	biːvɑliː
bývalým	biːvɑliːm
bývam	biːvam
bývam	biːʋam
bývame	biːvɑmɛ
bývame	biːʋamɛ
bývanie	biːvaɲiɛ
bývanie	biːvɑɲiɛ
bývate	biːvacɛ
bývaš	biːvaʃ
bývať	biva
bývať	biːvɑc
c	sɯɾ
c	ts
cadíz	tsadiːz
cak	tsak
cal	tsaɫ
calvin	tsalvin
cameo	tsamɛɔ
camposa	tsampɔsa
can	tsan
cap	tsap
caps	tsaps
car	tsar
cara	tsara
carbone	tsarbɔnɛ
cares	tsarɛs
carl	tsarl
carla	tsarla
carlos	tsarlɔs
carmen	tsarmɛn
carol	tsarɔl
carrie	tsariɛ
carris	tsaris
carter	tsartɛr
cas	tsas
casara	tsasara
casares	tsasarɛs
cass	tsasː
cast	tsast
casu	tsasu
catherine	tsathɛrinɛ
cav	tsav
cca	tstsah
ce	sak
ce	tsɛ
cece	tsɛtsɛ
cech	tsɛts
cecki	tsɛtskʲi
cecky	tsɛtski
cela	tsɛlɑ
cele	tsɛlɛ
celebri	tsɛlɛbri
celebrita	tsɛlɛbrita
celebritami	tsɛlɛbritami
celej	tsɛlɛj
celeste	tsɛlɛstɛ
celkom	tsɛlkom
celkom	tsɛɫkɔm
celkove	tsɛlkɔvɛ
celkovo	tsɛlkɔvɔ
celková	tsɛlkɔvɑː
celkový	tsɛlkɔviː
celku	tsɛlku
cell	tsɛl
celodenný	tsɛlɔdɛnniː
celok	tselo
celok	tsɛlɔk
celoko	tsɛlɔkɔ
celom	tsɛlɔm
celom	tsɛɫɔm
celoročný	tsɛlɔrɔtʃniː
celoslovenský	tsɛlɔslɔvɛnskiː
celosvetovo	tsɛlɔsvɛtɔvɔ
celosvetový	tsɛlɔsvɛtɔviː
celou	tsalau
celou	tsɛlɔu
celovečerný	tsɛlɔvɛtʃɛrniː
celoštátny	tsɛlɔʃtɑːtni
celoživotný	tsɛlɔʒivɔtniː
celu	tsɛlu
celuloid	tsɛlˌulˈɔid
cely	tsɛli
celá	tsɛlɑː
celé	tsɛlæː
celého	tsɛlɛːhɔ
celú	tsɛlʊː
celý	tsɛliː
celých	tsɛliːx
celým	tsɛliːm
cement	tsɛmɛnt
cena	tsɛna
ceniť	tsɛɲic
cennosti	tsɛnnɔsci
cenné	tsɛnnɛː
cenný	tsɛnniː
cenovka	tsɛnɔvka
cenovka	ɛtsɛnɔuka
cenový	tsɛnɔviː
cent	sent
cent	tsɛnt
center	tsɛntɛr
centimeter	tsɛntimɛtɛr
centov	tsɛntɔv
centra	tsɛntra
centrami	tsɛntrami
centre	tsɛntrɛ
centrum	tsɛntrum
centrála	tsɛntraːɫa
centrálnej	tsɛntraːlnɪj
centrálny	tsɛntraːɫni
cenu	tsɛnu
ceny	tsɛni
cenzori	tsɛnzɔri
cenám	tsɛnaːm
cením	tsɛɲiːm
cep	tsˈɛp
ceremoniál	tsɛrɛmɔniɑːl
cereálie	sɛɾɛːˈɾijɛ
certifikát	tsɛrtifikaːt
ceruz	tsɛruz
ceruzka	tsɛruska
cervenu	tsɛrvɛnu
cervenú	tsɛrvɛnuː
cervy	tsɛrvi
cesnak	tsɛsnak
cesnakový	sɛstakɔviː
cesta	tsɛsta
ceste	tsɛscɛ
cestička	tsɛsciːtʃka
cestička	tsɛstitʃka
cestný	tsɛstniː
cestný	tˈɛstɪniː
cesto	tsɛstɔ
cestou	tsɛstɔu
cestovala	sɛztovalɑ
cestovanie	tsɛstɔvɑɲiɛ
cestovaní	tsɛstɔvɑniː
cestovateľ	tsɛstɔvacɛʎ
cestovateľa	tsɛstɔvacɛʎa
cestovateľom	tsɛstɔvacɛʎɔm
cestovateľský	tsɛstɔvɑcɛʎskiː
cestovateľských	tsɛstɔvɑcɛʎskiːx
cestovať	tsɛstovat
cestovať	tsɛstɔvac
cestovina	tsɛstɔvina
cestoviny	tsɛstɔvimi
cestovná	tsɛstɔvnɑː
cestovné	tsɛstɔvnɛː
cestovný	tsɛstɔvniː
cestu	tsɛstu
cestuje	tsɛstujɛ
cestujem	tsɛstujɛm
cestujete	tsɛstujɛcɛ
cestujúci	tsɛstujutsi
cestujúci	tsɛstujuːtsi
cesty	tsɛsti
cesty	tɛstɪ
cestách	tsɛstɑːx
cetu	tsɛtu
cez	tsɛs
cez	tsɛz
cezhraničný	tsɛzhraɲitʃniː
cezhraničný	tsɛzhrɑɲitʃniː
ceľata	tsɛlata
ceľe	tsɛlɛ
ch	x
ch	xɛ
chaade	xaːdɛ
chabý	xabiː
chad	xad
chada	xada
chaine	xaiɲɛ
chaj	xaj
chalan	xalan
chalan	xaɫan
chalana	xaɫana
chalani	xaɫaɲi
chalkopyrit	xalkopɪri
chalupa	alupa
chalupa	xalupa
chalupu	xalupu
chamtivosť	xamcivɔsc
chan	xan
chang	xang
chaos	xau̯s
chaos	xaɔs
charakter	xaraktɛr
charakteristický	xaraktarɪstɪtskiː
charakteristický	xaraktɛristitskiː
charakteristika	xaraktɛristika
charakterizovať	xaraktɛrizɔvac
charakterný	xaraktɛrni
chard	xard
charita	xarita
charitatívny	xaritatiːvni
charizmu	xarizmu
charles	xarlɛs
charley	xarlɛi
charlie	xɑrliɛ
charlieho	xarliɛhɔ
charon	xarɔn
charta	xarta
chas	xas
chaseov	xasɛɔv
chata	xata
chate	xacɛ
chatrč	xatrtʃ
chce	xtsɛ
chcel	xtsɛl
chcela	xtsɛla
chceli	xtsɛʎi
chcelo	xtsɛlɔ
chcem	xtsɛm
chceme	xtsɛmɛ
chceme	xtsɛmɨ
chces	xtsɛs
chcete	xtsɛcɛ
chcete	xtsɛtɪ
chceš	xtsɛʂ
chceš	xtsɛʃ
chcieť	xtsiɛc
chcu	xtsu
chcú	xtsuː
cheesa	xɛsa
cheese	xɛːsɛ
chemes	xɛmɛs
chemické	xɛmitskɛː
chemický	xɛmitskiː
chemikália	xɛmikɑːlia
chen	xɛn
cheng	xɛng
chequeru	xɛkvɛru
cheryl	xɛril
chewie	xɛviɛ
chicaga	xitsaga
chicago	xitsɑgɔ
chirurg	xirurg
chirurg	xʲiːrurk
chirurgia	xirurgia
chirurgický	xirurgitskiː
chlad	xlad
chladnička	xɫadɲitʃka
chladničke	xɫadɲitʃkɛ
chladničky	xɫadɲitʃki
chladno	xɫadnɔ
chladné	xɫadnɛː
chladný	xɫadniː
chlap	xlap
chlapa	xɫapa
chlapca	xlaptsa
chlapca	xɫaptsa
chlapcami	xɫaptsami
chlapce	xlaptsɛ
chlapci	klaptsi
chlapci	xɫapi
chlapcom	xɫaptsɔm
chlapcov	xlaptsov
chlapcov	xɫaptsɔu
chlapcovi	xɫaptsɔvi
chlape	xɫɑpæ
chlapec	xɫapɛts
chlapi	xɫapi
chlapmi	xɫapmi
chlapoch	xɫapɔx
chlapom	xɫapɔm
chlapov	xɫapɔu
chlapovi	xɫapɔvi
chlapský	xlapskɪ
chlapy	xɫapi
chlapíci	xɫapiːtsi
chlapík	xlapiːk
chlapíka	xlapiːka
chlapíkom	xɫapiːkɔm
chlapče	xɫɑptʃæ
chlapček	xɫaptʃɛk
chleba	xlɛba
chlebodarcu	tsolapotartsu
chlebom	xlɛbɔm
chlieb	xliɛb
chlieb	xljɛb
chlmec	xlmɛts
chlop	xlɔk
chlopi	plopj
chlorofyl	xlorofju
chlp	xlp
chlp	xʊ̞p
chlípanie	xliːpaɲɛ
chlípať	xliːpatɕ
chlór	xlaːr
cho	xɔ
chobotnica	xobotɲitsɛ
chochlatý	xoxlati
chochlačka	xoxlatʃka
chochláč	kɔxlaːtʃ
chochoľka	xɔxɔʎka
chod	xɔd
chodba	xɔdba
chodby	xɔdbi
chodbách	xɔdbaːx
chodec	xɔɟɛts
chodia	xotʃa
chodia	xɔɟia
chodieva	xɔɟɪɛva
chodievali	xɔɟɪɛvɑli
chodievam	xɔɟiɛvam
chodievate	xɔɟiɛvacɛ
chodievať	xodzjɛvac
chodievať	xɔɟiɛvac
chodil	xɔɟil
chodila	xɔdila
chodila	xɔɟila
chodili	xɔɟili
chodiť	xɔdʲitʲ
chodiť	xɔɟic
chodník	xɔdɲik
chodník	xɔdɲiːk
chodníkov	xɔdɲiːkɔv
chodte	xɔdtɛ
chodí	xɔdiː
chodím	xɔɟiːm
chodíme	xɔɟiːmɛ
chodíte	xɔdiːcɛ
chodíš	xɔɟiːʃ
choke	xɔkɛ
cholera	xolera
cholera	xɔlɛra
cholesterol	xɔlɛstɛrɔl
chomúta	xɔmuːtɑ
chopiť	xɔpix
choprom	xɔprɔm
choreograf	xɔrɛɔgraf
choroba	xɔrɔba
chorobný	xɔrɔbnɨ
chorobu	xɔrɔbu
choroby	xɔrɔbi
choromyseľný	xoromjselni
chorvát	xɔrbat
chorvát	xɔrvɑːt
chorvátka	xɔrvatka
chorvátsko	xɔrvɑːtskɔ
chorvátsky	xɔrvɑːtski
chorvátčina	xorvaːtʃinɛ
chorá	xɔraː
choré	xɔrɛː
chorôb	xɔruɔb
chorý	xɔriː
chorým	xɔriːm
chotár	xɔtaːr
chov	xɔv
choval	xɔval
chovanec	xobaɲɛts
chovateľ	xɔvacɛʎ
chovateľský	xɔvacɛʎskiː
chovať	xɔvac
chovať	xɔvɑc
chove	xɔvɛ
chová	xɔvɑː
chováš	xɔvɑːʃ
choď	xhɔɟ
choď	xotʃ
choďte	xhɔɟcɛ
chrapačka	xrapatʂka
chrapot	xrapat
chrasta	krasta
chrbte	xrbcɛ
chrbtica	xrpcitsa
chrbtom	xrbtɔm
chrbát	xrbaːt
chrenová	ɣrɛŋɔvaː
chris	xris
christi	xristi
christian	xristian
christine	xristinɛ
christovej	xristɔvɛj
christy	xristi
chrobák	xrɔbaːk
chrobáky	xrɔbaːki
chromy	xrɔmi
chronický	kronitskiː
chronický	xrɔnitskiː
chronologický	xronologɪski
chronometer	xrɔnɔmɛtr
chronometria	xrɔnɔmɛtriɛ
chrumkavý	xrumkoːˈviː
chrumky	xrumkʲi
chrám	sraːm
chrám	xraːm
chráme	xraːmɛ
chrámový	xraːmɔviː
chrámu	xraːmu
chránení	xraːɲɛniː
chránený	xraːɲɛniː
chránených	xraːɲɛniːx
chráni	xraːɲi
chránia	xraːɲia
chránič	xraːnitʃ
chrániš	xraːɲiʃ
chrániť	xraːɲic
chrápať	xrapat
chrápeš	xraːpɛʃ
chrípka	xriːpka
chrípke	xriːpkɛ
chróm	xram
chrúst	xrʊst
chtivý	xtivi
chtíč	xtiːt
chuck	xutsk
chudoba	xudɔba
chudobná	xudɔbna
chudobné	xudobne
chudobný	xudobnei
chudobný	xudɔbniː
chudobných	xudɔbniːx
chudák	xudaːk
chudák	xudɑk
chudák	xudɑːk
chudáčik	xudaːtʃik
chudý	xudii
chudý	xudiː
chuj	xuj
chujko	xujkɔ
chujovina	xujɔvina
chuligán	xuligaːn
chumáč	xumaːtʃ
chustka	xusdka
chuti	xuci
chutiť	xucic
chutná	xutnaː
chutné	xutnɛː
chutný	xutniː
chutí	xuciː
chuť	xuc
chuť	xutsʲ
chvalabohu	xvalabɔhu
chvaty	xvati
chvieť	xviɛc
chvost	xvɔst
chvála	xvaːɫa
chváliš	xva˥˩liʃ
chváliť	xvaːlid
chváliť	xvaːɫic
chví	xviː
chvíle	xviːlɛ
chvíli	xviːʎi
chvíločkou	xviːʎɔtʃkɔu
chvílu	xviːlu
chvíľ	xviːʎ
chvíľa	xviːʎa
chvíľach	xviːʎax
chvíľami	xviːʎami
chvíľka	xviːʎka
chvíľku	xviːʎku
chvíľou	xviːʎɔu
chvíľočkou	xviːʎɔtʃkɔu
chvíľočku	xviːʎɔtʃku
chvíľu	xviːʎu
chvížku	xviːʒku
chyba	xiba
chyba	xibɑ
chyba	θiba
chybné	xibnɛː
chybný	xibniː
chybu	xibu
chyby	xibi
chystal	xistɑl
chystala	xistɑɫa
chystali	xistɑli
chystať	xistac
chystá	xistɑː
chystám	xistɑːm
chystáte	xistɑːcɛ
chystáš	xistɑːʃ
chyt	xit
chytaj	xitaj
chytať	xitak
chytať	xitɑc
chytia	xicia
chytil	xiciɫ
chytila	xiciɫa
chytili	xicili
chytiť	xitic
chytro	xitrɔ
chytrák	xitrɑːk
chytrý	xitriː
chytá	xitɑː
chytím	xiciːm
chytíme	xiciːmɛ
chyť	xic
chyťte	xiccɛ
chápanie	xaːpaɲiɛ
chápaný	xaːpaniː
chápavosť	xaːpavɔsc
chápavý	xaːpaviː
chápať	xaːpac
chápem	xɑːpɛm
chápete	xɑːpɛcɛ
chápeš	xɑːpɛʃ
chára	xara
chémia	xɛːmia
chíľu	xiːʎu
chôdza	xuɔdzɑ
chýba	xiːba
chýbajú	xiːbajuː
chýbajúci	xiːbajuːtsi
chýbal	xiːbal
chýbala	xiːbala
chýbalo	xiːbalɔ
chýbaš	xiːbaʃ
chýbať	xiːbac
chýr	xiːr
chýry	xiːri
chľeba	xlɛba
chľib	xlʲip
ci	sˈi
ci	tsi
cia	tsiɑ
cibrí	tsibriː
cibuľa	sjbua
cibuľa	tsibuʎa
cica	tsitsa
cicavec	tsitsavɛts
cicavec	tsiːtʃavets
cicka	tsitska
cicki	zitskʲi
cicoň	tsɪtsɔn
cie	tsiɛ
ciele	tsiɛlɛ
cielený	tsiɛlɛniː
cielom	tsiɛɫɔm
cien	tsiɛn
ciest	tsiɛst
cieva	tsiɛva
cievny	tsiɛvni
cieľ	tsiɛʎ
cieľom	tsiɛʎɔm
cieľový	tsiɛʎɔviː
cifra	tsifra
cigara	siːgara
cigara	tsigara
cigareta	tsigarɛta
cigareta	tsʲigarata
cigaretka	tsigarɛtka
cigaretu	tsigarɛtu
cigarety	sigareti
cigarety	tsigarɛti
cigaretľa	sʲigɑrɛtlʲa
cigán	tsigarn
cigán	tsigaːn
cigáni	tsigani
cigániť	sigani
cigánka	sigˈanˈkˈa
cigánsky	tsigaːnski
cigánsky	tsjɛgaːnskj
cikať	tsikac
ciky-caky	tsikitsaki
cimarron	simarron
cindy	tsindi
cintiriňe	sʲintɪæɾʲɪɲæ
cintorín	tsintɔriːn
cirkev	tirkɛ
cirkev	tsirkɛu
cirkevný	tsirkɛvniː
cirkus	tsirkus
cirkusantka	tsiɾkusɛntka
cirkvi	tsirkvi
cirošský	tsɪrɔʃski
cislo	tsislɔ
cisár	tsisaːr
cisárovna	tsisaːrogna
cisársky	tsisarski
cisársky	tsisaːrski
cit	tsit
citadela	tsikadɛla
citlivo	tsitlivɔ
citlivosť	tsitlivɔsc
citlivý	tsitliviː
citoslovce	titosɫoutsɛ
citovaný	tsitævɑniː
citovaný	tsitɔvaniː
citovať	tsitɔvac
citový	tsitɔviː
citrón	tsitrɔːn
citrón	tɕitron
citrónový	tsitrɔːnɔviː
city	tsiti
citát	tsitɑːt
civil	tsivil
civilista	tsivilista
civilizačný	tsivilizatʃniː
civilizovaný	tsivilizɔvaniː
civilizácia	tsivilizaːtsia
civilný	tsivilniː
ckom	tskɔm
clair	tslɑjr
claire	tslɑjrɛ
clarice	tsɫaritsɛ
clark	tsɫark
clausa	tsɫausa
cliff	tslif
clivý	sɐlviː
clo	tsɫɔ
cmoreja	tsmɔrɛja
cmu	tsmu
cnostný	tsɲɔstniː
cnosť	tsnɔsc
co	tsɔ
coby	tsɔbi
coje	tsɔjɛ
cokoliv	tsɔkɔlɪv
cole	tsɔɫɛ
colnica	tsoːnitsa
colník	tsɔlɲiːk
colný	tsɔlniː
colu	tsɔɫu
com	tsɔm
combo	tsɔmbɔ
come	tsɔmɛ
comeback	tsɔmɛbatsk
como	tsɔmɔ
comu	tsɔmu
con	tsɔn
connie	tsɔniɛ
cook	tsɔːk
cookie	tsɔːkjɛ
cool	tsɔːɫ
coop	tsɔɔp
cooper	tsɔːpɛr
cops	tsɔps
corgoň	tsɔrgɔɲ
cork	tsɔrk
cormac	tsɔrmats
could	tsɔuld
county	tsɔunti
court	tsɔurt
covidiot	koˈvjd̪iot
cox	tsoks
coyom	tsɔjɔm
craig	tsraig
crain	tsrɑjn
cremona	tsrɛmɔna
cris	tsris
cru	tsru
crumb	tsrumb
cry	tsri
cti	tsci
ctihodnosť	tstihɔdnɔsc
ctiť	tscic
ctižiadostivý	sciʒiadɔscɛʋi
ctou	tstɔu
cuba	tsuba
cucať	tsutsac
cudný	sudniː
cudo	tsudɔ
cudzina	tsudzina
cudzinci	tsudzintsi
cudzinec	tsudziɲɛts
cudzinec	tsudzjɛɲɛts
cudzinecký	tsuziɲɛtskiː
cudzinka	tsudziŋka
cudzí	tsudziː
cudzích	tsudziːx
cudzími	tsudziːmi
cudák	tsudaːk
cujom	tsujɔm
cukneme	sukmjɛmɛ
cukor	tsukɔr
cukre	tsukrɛ
cukrovka	tsukrou̯ka
cukrovkár	tsukrɔːkaːr
cukrový	tsukrɔviː
cukru	tsukru
cukrár	ukrˈaɾ
cukrík	tsukriːk
cumľik	tsʊmɫʲik
cup	tsup
curb	tsurb
curby	tsurbi
curt	tsurt
cverenka	tsɔvɛrɛŋka
cvik	tsvik
cvičenec	tsvijtʃɛɲɛts
cvičenie	tsvitʃɛɲiɛ
cvičiť	tsvitʃic
cvičiť	tsviˈtʃi
cvok	tsvɔk
cvokáreň	tsvɔkɑːrɛɲ
cyca	tsitsa
cyklista	tsiklista
cyklistický	tsiklistitskiː
cyklistika	tsiklistika
cyklus	tsiklus
cyprus	tsiprus
cyprus	tsipus
cyril	tsiril
cyrila	tsirilɑ
cz	tsːz
cár	tsaːr
cáry	tsaːri
cédečko	tsɛːdɛtʃkɔ
cézar	tsɛːzar
cín	seːn
círvou	tsiːrvɔu
cít	tsiːt
cítenie	tsiːcɛɲiɛ
cíti	tsiːci
cítia	tsiːcia
cítil	tsiːcil
cítila	tsiːcila
cítili	tsiːcili
cítim	tsiːtim
cítime	tsiːcimɛ
cítite	tsiːticɛ
cítiš	tsiːciʃ
cítiť	tsiːtic
cťou	tscɔu
d	d
d	d̪ʌ
d'akujem	ɟakujɛm
da	dɑ
dabe	dabɛ
dabing	dabiɲg
dacron	datsrɔn
daj	daɪ
dajaký	dajakiː
dajme	dajmɛ
dajte	dajcɛ
dajú	dajuː
dajú	dɑjuː
dakedy	dakɛdi
dakto	daktɔ
dakujem	dakujɛm
dal	dɑɫ
dala	dɑɫa
dale	dɑlɛ
dalej	dalɛj
daleko	dalɛkɔ
dali	dɑli
dallas	dɑɫas
dalo	dɑɫɔ
dalších	daɫʃiːx
damn	damn
damon	damɔn
dan	dan
dane	daɲɛ
danej	danɛj
dani	daɲi
daniach	daɲiax
daniel	daɲiɛɫ
daniela	daneɫa
dankov	dankɔv
danny	dani
danton	dantɔn
dané	danɛː
daní	daɲiː
daný	dani
daný	daniː
daným	daniːm
dar	dar
dar	daɾ
darca	dartsa
darcu	dartsu
darcy	dartsi
dare	darɛ
darebák	darɛbaːk
dariť	daric
dariť	darɨt
darlene	darlɛnɛ
darmo	darmɔ
daroval	darɔval
darovať	darɔvac
darí	dariː
darče	dartʃɛ
darček	dartʃɛk
darčeky	dartʃɛki
dat	dat
data	data
databáza	databaːza
dav	dav
davaj	davaj
dave	davɛ
david	david
davno	davnɔ
davu	davu
day	dai
dačo	datʃɔ
dačí	datʃj
daň	daɲ
daň	dˈaɲɐ
daňovník	daɲɔvɲiːk
daňový	daɲɔviː
daš	daʃ
dať	dɑc
daždi	daʒɟi
daždivo	daʒdiva
dažďa	daʒɟa
dažďový	daʒɟɔviː
dbať	dbac
dbáš	dbaːʃ
dc	dts
dcéra	tsɛɾɑ
dcéra	tsɛːra
dcére	tsɛːrɛ
dcérenka	tsɛːrɛŋka
dcérka	tsɛːrka
dcérou	tsɛːrɔu
dcérsky	tsɛːrski
dcéru	tsɛːru
dcéry	tsɛjɛri
dcéry	tsɛːri
de	dɛ
deaktivovať	dɛaktivɔvac
dean	dɛan
debat	dɛbat
debata	dɛbata
debatou	dɛbatɔu
debatoval	dɛbatɔval
debatovať	dɛbatɔvac
debatu	dɛbatu
debaty	dɛbati
debbie	dɛbiɛ
debil	dɛbil
debilkovia	dɛbɨɫkɔuːja
debilný	dɛbilniː
debnička	dʒɛbɲitʃka
debnársky	dʑɛbnɑːrski
debore	dɛbɔrɛ
debut	dɛbut
debute	dɛbucɛ
debutovať	dɛbutɔvac
december	dɛtsɛmbɛr
decembra	dɛtsɛmbra
decembri	dɛtsɛmbri
decembrový	dɛtsɛmbrovjiː
decembrový	dɛtsɛmbrɔviː
decentralizácia	dɛtsɛntraːlizaːtsia
deci	zɛtsi
decibely	dezibeli
decimeter	dɛtsʲimɛkæər
decko	ɟɛtskɔ
deckom	ɟɛtskɔm
decká	dɛtskɑː
decák	dˈɑtsaːk
dedina	ɟɛɟina
dedine	ɟɛɟiɲɛ
dedinka	ɟɛɟiŋka
dedinský	ɟɛɟinskiː
dedinu	ɟɛɟinu
dediny	ɟɛɟini
dedinčan	ɟɛɟintʃan
dedič	ɟɛɟitʃ
dedičný	ɟɛɟitʃniː
dedičstvo	ɟɛɟitʃstvɔ
dedko	dʑɛdkɔ
dedko	ɟɛtkɔ
dedkovia	dʑɛdkɔvja
dedo	tɛdu
dedo	ɟɛdɔ
dee	dɛː
deemer	dɛːmɛr
deepakom	dɛpakɔm
defenzíva	dɛfɛnziːva
defenzívny	dɛfɛnziːvni
deficit	dɛfitsit
definitívne	dɛfinitiːvɲɛ
definitívny	dɛfinitiːvni
definitívny	dɛfɪnitiɾni
definovaný	dɛfinɔvaniː
definovať	dɛfinɔvac
definícia	dɛfiniːtsia
deformovaný	dæfɔrmɔvɑːniː
deformácia	dɛfɔrmɑːtsia
degresii	dɛgɾɛsiː
degresívnym	dɛgrɛsivnɨm
degustačne	dɛgʊstatʃɲɛ
dej	ɟɛj
dejambe	dɛjambɛ
dejavu	dɛjavu
deje	ɟɛɪɛ
dejepis	ɟɛjɛpis
dejepise	ɟɛjɛpisɛ
dejepisec	dʒejepisɛts
dejiny	dɛjinɪ
dejiny	ɟɛjini
dejisko	ɟɛjiskɔ
dejstvo	ɟɛjstvɔ
dejín	dɛjiːn
deka	dɛka
dekan	dɛkan
dekanovu	dɛkanɔvu
deklarovali	dɛkɫarɔvali
deklarovaný	dɛkɫarɔvaniː
deklarovať	dɛkɫarɔvac
deklarácia	dɛkɫaraːtsia
dekrét	dɛkrɛːt
deká	dɛkɑː
dekáda	dɛkɑːda
delegácia	dɛlɛgaːtsia
delegát	dɛlɛgaːt
delenie	ɟɛlɛɲiɛ
delený	ɟalɛniː
delfín	dɛlfiːn
delfín	d̪elfĩŋ
delfínmi	dɛlfiːnmi
delfíny	dɛlfiːni
delikátnychok	dɛlikaːtnixɔk
delili	ɟəllɪli
deliť	ɟɛlic
deliť	ɟɛlɪtʃ
delmarco	dɛlmartsɔ
delo	ɟɛlɔ
delong	dɛlɔng
delta	dɛlta
demisia	dɛmisia
demo	dɛmɔ
demografický	dɛmɔgrafitskiː
demokracia	dɛmɔkratsia
demokrat	dɛmɔkrat
demokratický	dɛmɔkratitskiː
demonštrant	dɛmɔnʃtrant
demonštrovať	dɛmɔnʃtrɔvac
demonštrácia	dɛmonʃtraːtsia
demonštrácia	dɛmɔnʃtraːtsia
demonštráciám	dɛmɔʃtraːtsiaːm
den	dɛn
denhama	dɛnhama
denise	dɛnisɛ
denne	ɟɛɲɲɛ
dennis	dɛnis
denník	ɟɛɲɲiːk
denný	ɟɛnniː
depeša	dɛpɛʃa
depot	dɛpɔt
depresia	dɛprɛsia
depresie	dɛprɛsiɛ
dept	dɛpt
derby	dɛrbi
derek	dɛrɛk
derekom	dɛrɛkɔm
dereš	gɛrɛʃ
dermatológ	dɛrmatolɔk
des	ɟɛs
desatina	ɟɛsacina
desatinné	ɟɛsacinnɛː
desať	ɟɛsɑc
desaťročia	ɟɛsacrɔtʃia
desaťročie	ɟɛsacrɔtʃiɛ
desaťročie	ɟɛsaɟrˈotʃɪɛ
desaťročný	ɟɛsacrɔtʃniː
desaťročí	ɟɛsacrɔtʃiː
desaťtisíc	ɟɛsaccisiːts
desiatej	ɟɛsiatɛj
desiatimi	ɟɛsiacimi
desiatka	ɟɛsiatka
desiatky	ɟɛsiatki
desiaty	ɟɛsiati
desktopových	dɛsktɔpɔviːx
desmond	dɛsmɔnd
destalinizácia	dɛstaliːnɪzaːtsia
detail	dɛtail
detailný	dɛtailniː
detaily	dɛtajli
detektory	dɛtɛktɔri
detektív	dɛtɛktiːʊ
detektívka	dɛtɛktiːʊka
deti	ɟɛci
detinský	dɛtiːnskiː
detroit	dɛtrɔit
detské	ɟɛtskɛː
detský	dzɛtskiː
detský	ɟɛtskiː
detstva	ɟɛtstva
detstve	ɟɛtstvɛ
detstvo	dˈɛtstvʌ
detstvo	ɟɛtstvɔ
detsva	ɟɛtsva
detsve	ɟɛtstvɛ
detva	dʒɛdva
detva	ɟɛtva
detí	ɟɛciː
deveťsto	ɟɛvɛcstɔ
deviatich	ɟɛviacix
deviaty	d̪e̞vjatːi
devätnásty	ɟɛvɛtnaːsti
devätnásť	ɟɛvɛtnaːsc
deväť	ɟɛvɛc
deväťdesiat	ɟɛvɛcɟɛsiat
deväťdesiaty	ɟɛvɛcɟɛsiati
deväťsto	ɟɛvɛcstɔ
devín	ɟɛviːn
devíza	dɛviːza
devízou	davizou
devízový	dɛviːzɔviː
devón	demoːn
dexter	dɛkstɛr
dezertovať	dɛzɛrtovak
dezinfekcia	dɛzinfɛktsia
deľba	ɟɛʎba
deň	dˈen
deň	ɟɛɲ
dešpektom	dɛʃpɛktɔm
deťmi	ɟɛcmi
deťoch	ɟɛcɔx
deťom	ɟɛcɔm
dhs	dɦs
di	ɟi
diabetes	diabɛtɛs
diabetu	diabɛtu
diabla	ɟiabɫa
diabol	dɪabɔv
diabol	ɟiabɔɫ
diabolskými	ɟiabɔlskiːmi
diagnostika	diagnɔstika
diagnostikovať	biagnɔstikɔvac
diagnóza	diagnɔːza
diagonála	d̪iɑgɔnɑːla
dialóg	dialɔːg
diamant	diamant
diamanty	diamanti
diane	diaɲɛ
dianie	ɟiaɲiɛ
diapazóne	diapazɔːɲɛ
diaľka	djɑlka
diaľka	ɟiaʎka
diaľkový	ɟiaʎkɔviː
diaľkárom	djalkarom
diaľkárovi	ɟiɑlkɑːrɔfi
diaľnica	dʑjalɲitsa
diaľnica	ɟiaʎɲitsa
diaľnice	ɟiaʎɲitsɛ
diaľniciach	ɟiaʎɲitsiax
diaľničný	ɟiaʎɲitʃniː
diať	ɟiac
dick	ditsk
die	diɛ
diecéza	diɛtsɛːza
diecézny	diɛtsɛːzni
diego	diɛgɔ
diel	dˈeɪl
diel	ɟiɛl
diel	ɟiɛɫ
diela	ɟiɛɫɑ
dielo	ɟiɛɫɔ
dieloch	ɟijɛlɔx
dielňa	ɟiɛɫɲa
diera	ɟiɛra
diere	ɟiɛrɛ
dieru	ɟiɛru
diery	ɟiɛri
dieta	diɛta
dievca	diɛvtsa
dievka	ɟiɛvka
dievča	ɟiɛutʃa
dievča	ɟiɛutʃɑ
dievča	ɟiɛvtʃa
dievčat	ɟiɛvtʃɑt
dievčati	ɟiɛvtʃɑci
dievčatko	ɟiɛvtʃɑtkɔ
dievčatá	ɟiɛvtʃɑtɑː
dievčaťa	ɟiɛvtʃaca
dievčaťom	ɟiɛvtʃacɔm
dievčaťu	ɟiɛvtʃacu
dievčenský	ɟiɛvtʃɛnskij
dievčenský	ɟiɛvtʃɛnskiː
dievčina	ɟiɛvtʃina
dieťa	ɟiɛca
dieťa	ɟiɛcæ
dieťatko	ɟiɛcatkɔ
dieťaťa	ɟiɛcaca
dieťaťom	ɟiɛcacɔm
dieťaťu	ɟiɛcacu
difrakcia	ð̞ifɾakts̺ia
digestor	dˌigestˈoɾ
digitálne	digitaːlnɛ
digitálne	digitaːlɲɛ
digitálny	digitaːlni
dik	dik
diktatúra	diktatura
diktatúra	diktɑtuːra
diktovaný	dɪktovanɪ
diktovať	diktɔvac
diktát	diktat
diktátor	diktɑːtɔr
diky	diki
dilema	diɫɛmɑ
dimenzia	dimɛnzia
dingo	d̪iŋgo
dinosaurus	dinɔsaurus
dinár	dinaːr
diplom	diplɔm
diplom	dipom
diplomacia	diplɔmatsia
diplomat	diplɔmat
diplomat	dɪplˈomat
diplomatický	diplɔmatitskiː
diplomatka	dipɫamatka
direktoriát	dilektoriˈat
dirgac	d̪iɾgˈats
dirgačka	dirgatʃka
dirgačky	drgatʃki
dirigent	dirigɛnt
dirigent	diɾigent
dirk	dirk
disciplinárny	distsiplinaːrni
disciplína	distsipliːna
disciplíne	distsipliːɲɛ
disciplíny	distsipliːni
disent	ðɪsˈɛnt
disident	disidɛnt
disk	disk
diskotéka	diskɔtɛːka
diskriminácia	diskriminaːtsia
diskusia	diskusia
diskusiu	diskusiu
diskusný	diskusniː
diskutovať	diskutɔvac
disky	diski
displej	displɛj
displej	dɪsplˈeɪ
disponovať	dispɔnɔvac
dispozícia	dispɔziːtsia
dispozícii	dispɔziːtsiː
dispozícií	dispɔziːtsiː
distribučný	distributʃniː
distribúcia	distribuːtsia
distribútor	distribuːtɔr
div	dˈivy
div	ɟiv
divadelného	ɟivaɟɛɫnɛːɦɔ
divadelný	ɟivaɟɛlniː
divadla	ɟivadla
divadle	ɟivadɫɛ
divadlo	ɟivadɫɔ
divadlo	ɟɪvadɫɔ
divadlách	ɟivadɫɛaːx
diviak	dˈivjɐk
dividenda	dividɛnda
diviť	ɟivic
divne	ɟivɲɛ
divné	ɟivnɛː
divný	dʑivniː
divný	ɟivniː
divo	bivo
divoch	ɟˈiːvɔx
divoké	ɟivɔkɛː
divokú	divɔkuː
divoký	givoki
divoký	ɟivɔkiː
divočina	ɟivɔtʃjina
divu	ɟivu
divácky	ɟivaːtski
divák	ɟivaːk
divízia	diviːzia
divízia	dɪʋizia
divízie	diviːziɛ
divízii	diviːzii
divý	ɟiviː
dizajn	dizajn
diéta	diɛːta
dištancovať	diʃtantsɔvac
dižď	dˈɪʃt
dlaň	dɫaɲ
dlažba	dɫaʒba
dlažbou	dɫaʒbɔu
dlh	dlɦ
dlho	dlɦɔ
dlho	dɫho
dlho	dˈoːɦo
dlhodobej	dlɦɔdɔbɛj
dlhodobo	dlɦɔdɔbɔ
dlhodobú	dlɦɔdɔbuː
dlhodobý	dlɦɔdɔbiː
dlhopis	dlɦɔpis
dlhopisový	dlhɔpisɔviː
dlhoroční	dlhɔrɔtʃɲiː
dlhoročný	dlhɔrɔtʃniː
dlhotrvajúci	dlhɔtrvɑjuːtsi
dlhovať	dlɦɔvac
dlhy	dlɦi
dlhá	dlɦaː
dlhá	dʊlɦaː
dlhé	dlɦɛː
dlhú	dlɦuː
dlhý	dlɦiː
dlhých	dlɦiːx
dlhšie	dlɦʃiɛ
dláždený	dlˈaːʒɟɛniː
dláždiť	dlaːʒdɛc
dlážka	dɫaːʒka
dlžník	dlʒɲiːk
dlžný	dlʒniː
dlží	dlʒiː
dlžíš	dlʒiːʃ
dms	dms
dmso	dmsɔ
dna	dna
dne	dɲɛ
dnes	dnʲes
dnes	dɲɛs
dneska	dɲɛska
dnesy	dɲɛsi
dneška	dɲɛʃka
dnešku	dɲɛʃku
dnešna	dɲɛʃna
dnešnej	dɲɛʃnɛj
dnešnom	dɲɛʃnɔm
dnešnou	dɲɛʃnɔu
dnešná	dɲɛʃnɑː
dnešné	dɲɛʃnɛː
dnešného	dɲɛʃnæɛːɦɔ
dnešnú	dɲɛʃnuː
dnešný	dɲɛʃniː
dnešných	dɲɛʃniːx
dnešným	dɲɛʃniːm
dnešok	dɲɛʃɔk
dni	dɲi
dno	dnɔ
dnu	dnu
dní	dnʲi
dní	dɲiː
do	do
do	dɔ
do	dˈo
do	to
doba	doba
doba	dɔba
dobe	dɔbɛ
dobehnúť	dɔbɛɦnuːc
dobierka	dabjɛrka
dobo	dɔbɔ
doboha	dɔbɔɦa
dobový	dɔbɔviː
dobra	dɔbra
dobra“	dɔbra
dobre	dɔbrɛ
dobree	dɔbrɛː
dobrej	dɔbrɛj
dobri	dɔbri
dobro	dɔbrɔ
dobrodruh	dɔbrɔdruh
dobrodruha	dɔbrɔdruha
dobrodruhom	dɔbrɔdruhɔm
dobrodružný	dɔbrɔdruʒniː
dobrodružstva	dɔbrɔdruʒstva
dobrodružstve	dɔbrɔdruʒstvɛ
dobrodružstvo	dɔbrɔdruʒstva
dobrodružstvo	dɔbrɔdruʒstvɔ
dobrodružstvom	dɔbrɔdruʒstvɔm
dobrodružstvá	dɔbrɔdruʒstvaː
dobrom	dɔbrɔm
dobrota	dɔbrɔta
dobrou	dɔbrɔu
dobrovičova	dɔbraʋitʃɔva
dobrovoľne	dɔbrɔvɔɫɲɛ
dobrovoľne	dɔbrɔvɔʎnɛ
dobrovoľníci	dɔbroʋoʎɲiːtsi
dobrovoľníctvo	dobrovɔɫɲiːtstvɔ
dobrovoľník	dɔbrovɔlɲiːk
dobrovoľník	dɔbrɔvɔʎɲiːk
dobrovoľníčka	dɔbrɔvɔjɲiːtʃka
dobrovoľný	dobrovolɲiː
dobrovoľný	dɔbrɔvɔʎniː
dobry	dɔbri
dobrze	dɔbrzɛ
dobrá	dɔbrɑː
dobré	dɔbrɛː
dobrého	dɔbrɛːɦɔ
dobrému	dɔbrɛːmu
dobrí	dɔbriː
dobrú	dɔbru
dobrú	dɔbruː
dobrý	dɔbriː
dobrých	dɔbriːx
dobrým	dɔbriːm
dobrými	dɔbriːmi
dobu	dɔbu
doby	dɔbi
dobytku	dɔbitku
dobytok	doˈbitɔk
dobytok	dɔbitɔk
dobyť	dɔbic
dobíja	dɔbiːja
dobít	dɔbiːt
dobšiná	nopʃina
doc	dɔts
docent	dɔtsɛnt
dochádza	dɔxaːdza
dochádzať	dɔxaːdzac
dochádzka	dɔxaːdzka
dock	dɔtsk
dodali	to˥˩ːda˥˩li˥˩
dodatok	dɔdatɔk
dodatočne	dɔdatɔtʃɲɛ
dodatočný	dɔdatɔtʃliː
dodatočný	dɔdatɔtʃniː
dodať	dodat
dodať	dɔdac
dodge	dɔdgɛ
dodnes	dodnʲs
dodnes	dɔdɲɛs
dodržať	dɔdrʒac
dodržať	dɔdrʒatɕ
dodržiavanie	dɔdrʒiavaɲiɛ
dodržiavať	dɔdrʒiavac
dodržovať	todrʒovatɕ
dodávateľ	dɔdaːvacɛʎ
dodávať	dɔdaːvac
dodávka	dɔdaːvka
dodávka	dɔdaːɫka
dodávke	dɔdaːvkɛ
dodávkou	dɔdaːvkɔu
dodávku	dɔdaːvku
dodávky	dɔdaːvki
does	dɔɛs
dofrasa	dɔfrasa
dog	dɔg
dohad	dɔɦat
dohliadať	dɔɦliadac
dohna	dɔɦna
dohoda	dɔɦɔda
dohode	dɔhɔɟɛ
dohode	dɔɦɔɟɛ
dohodli	dɔɦɔdli
dohodneme	dɔɦɔdɲɛmɛ
dohodnuté	dɔhɔdnutɛː
dohodnutí	dɔɦɔdnuciː
dohodnutí	dɔɦɔdnutiː
dohodnutý	doɦodnutɪ
dohodnutý	dɔɦɔdnutiː
dohodnúť	dɔhɔdnuːc
dohodnúť	dɔɦodnuːc
dohodu	dɔɦɔdu
dohody	dɔɦɔdi
dohola	dɔɦɔɫa
dohovor	dɔɦɔvɔr
dohovoriť	dɔɦɔvɔric
dohromady	dɔɦrɔmadi
dohrávka	dɔɦraːvka
dohľad	dɔɦʎat
dohľadu	dɔɦʎadu
dojal	dɔjal
dojať	dɔjak
doje	dɔjɛ
dojeb	dɔjɛb
dojem	dɔjɛm
dojemné	dɔjɛmnɛː
dojička	dɔitʃka
dojmeš	dɔjmɛʃ
dojmom	dɔjmɔm
dojmy	dɔjmi
dokazes	dɔkazɛs
dokazovať	dɔkazɔvac
dokedy	dɔkɛdi
dokiaľ	dɔkiɑʎ
doklad	dɔklad
doklady	dɔkladi
dokola	dɔkɔɫa
dokonale	dɔkɔnalɛ
dokonalosť	dɔkɔnalɔsc
dokonalá	dɔkɔnalɑː
dokonalé	dɔkɔnalɛː
dokonalý	dɔkɔnaliː
dokonalý	dɔkɔnaːliː
dokonavý	dokonai
dokonca	dɔkɔntsɑ
dokonám	dɔkɔnaːm
dokončenie	dɔkɔntʃɛɲiɛ
dokončené	dɔkɔntʃɛnɛː
dokončený	dɔkɔntʃɛniː
dokončil	dɔkɔntʃil
dokončiť	dɔkɔntʃic
dokončím	dɔkɔntʃiːm
dokopy	dɔkɔpi
dokoví	dɔkɔviː
doktor	dɔktoɾ
doktor	dɔktɔr
doktora	dɔktɔra
doktori	dɔktɔri
doktorka	dɔktɔrka
doktorka	d̪oɣ̞t̪oɾka
doktorky	dɔktɔrki
doktormi	dɔktɔrmi
doktorom	dɔktɔrɔm
doktorov	dɔktɔrɔu
doktorovi	dɔktɔrɔvi
doktoru	dɔktɔru
doktrína	dɔktriːna
dokument	dɔkumɛnt
dokument	dɔkwment
dokumentom	dɔkumɛntɔm
dokumentovať	dɔkumɛntɔvac
dokumentu	dɔkumɛntu
dokumenty	dɔkumɛnti
dokumentácia	dɔkumɛntɑːtsia
dokumentárne	dɔkumɛntɑːrnɛ
dokumentárny	dɔkumɛntɑːrni
dokumet	dɔkumɛt
dokázal	dɔkaːzal
dokázala	dɔkaːzala
dokázali	dɔkaːzaɫi
dokázania	dɔkaːzaɲia
dokázať	dokaːzatɕ
dokázať	dɔkaːzac
dokáž	dɔkɑːʒ
dokáže	dɔkaːʒɛ
dokáže	dɔkɑːʒɛ
dokážem	dɔkɑːʒɛm
dokážeme	dɔkɑːʒɛmɛ
dokážete	dɔkaːʒɛcɛ
dokážete	dɔkɑːʒɛcɛ
dokážeš	dɔkɑːʒɛʃ
dokážu	dɔkɑːʒu
dolapiť	dɔlapiɟ
dolara	dɔɫara
dole	dɔɫɛ
doležal	d̪olaxal
dolina	dɔlina
dolina	dɔlʲinɐ
dolnozemplínska	dɔlnozɛmpɛɲska
dolnozemplínsky	dolnozɛnplˈinski
dolný	dolni
dolný	dɔɫniː
dolomit	dɔlɑmit
dolores	dɔɫɔrɛs
doložený	doɫɔʒɛnɪi
doložiť	dɔlɔʒic
doložiť	dɔɫɔʒɪtʲ
dolu	dɔɫu
dolár	dɔɫaːr
doláre	duaːrɛ
doláre	dɔɫaːrɛ
dolároch	dɔɫaːrɔx
dolárov	dɔlɑːroʊ
dom	dɔm
dom	dˈom
doma	dɔma
domaľoval	dɔmaʎɔval
dome	dɔʊmæ
dominantný	dɔminantniː
domingom	dɔmingɔm
dominik	dɔminik
domino	dɔminɔ
dominovať	dɔminɔvac
domnienka	dɔmɲiɛnka
domnienka	dɔmɲɛnka
domnieva	dɔmɲiɛvɑ
domnievam	dɔmɲiɛvam
domnievať	dɔmniɛvac
domom	dɔmɔm
domorodec	dɔmɔrɔɟɛts
domov	dɔmɔu
domova	dɔmɔva
domovník	dɔmɔvɲiːk
domovský	dɔmɔvskiː
domový	dɔmɔviː
domu	dɔmu
domy	dɔmi
domyleny	dɔmilɛni
domáce	dɔmaːtsɛ
domáci	dɔmaːtsi
domácnosti	dɔmaːtsnɔsci
domácnosť	dɔmaːtsnɔsc
domáhať	dɔmaːɦac
doména	dɔmɛːna
domček	dɔmtʃɛk
domčeky	dɔmtʃɛki
don	dɔn
dona	dɔna
donal	dɔnal
donasaj	dɔnasaj
donedávna	dɔɲɛdaːvna
donekonečna	dɔɲɛkɔɲɛtʃna
dones	dɔɲɛs
donesiem	dɔɲɛsiɛm
doneste	dɔɲɛscɛ
doniesli	dɔɲiɛsli
doniesol	dɔɲiɛsɔl
doniesť	dɔɲiɛsc
donna	dɔnna
donnera	dɔnɲɛra
donny	dɔni
donor	dɔnɔr
donorov	dɔnɔrɔv
donosíš	dɔnɔsiːʃ
donovan	dɔnɔvan
donu	dɔnu
donáša	dɔnaːʃa
donútil	dɔnuːcil
donútiť	dɔnuːcic
doobeda	dobeda
doobre	dɔbrɛ
dood	dɔːd
dookola	dɔkɔɫa
doot	dɔːt
dopa	dɔpa
dopad	dopˈat
dopad	dɔpat
dopadať	dɔpɑdɑt
dopadlo	dɔpadɫɔ
dopadne	dɔpadɲɛ
dopadnúť	dɔpadnuːc
dopadol	dɔpadɔɫ
dopekla	dɔpɛkɫa
dopestujete	dɔpɛstujɛcɛ
doping	dɔping
dopingový	dɔpingɔviː
dopis	dɔpis
doplatiť	dɔplacic
doplnenie	dɔplɲɛɲiɛ
doplnený	dɔplɲɛniː
doplnil	dɔplɲil
doplniť	dɔplɲic
doplnkový	dɔplnkɔviː
doplnok	dɔplnɔk
doplácať	dɔplaːtsac
dopoledňajšie	dopɔlɛɟɲajiɛ
dopoludnia	dɔpɔɫudɲia
doposiaľ	dɔpɔsiaʎ
dopočujeme	dɔpɔtʃujɛmɛ
dopočutia	dopɔtʃuˈtʲi
dopracovať	dɔpratsɔvac
doprastav	dɔprastav
doprava	dɔprava
dopravca	daprau̯tsa
dopravca	dɔpravtsa
dopravení	dɔpravɛɲiː
dopraviť	dɔpravic
dopravná	dopravna
dopravný	dɔpravniː
dopravy	dopravi
dopredu	dɔprɛdu
dopredu	dɔprɛdɔ
dopriali	dɔpriali
dopriať	dɔpriac
doprosovať	doprosofaːc
doprosujem	dɔprɔsujɛm
dopustiť	dɔpuscic
dopyt	dɔpit
dopúšťať	dɔpuːʃcac
dopĺňať	dɔplːɲac
dorast	dɔrɑst
dorastenec	dɔrascɛɲɛts
doraz	dɔraz
doraziť	dɔrɑzic
dore	dɔrɛ
dorene	dɔrɛɲɛ
doris	dɔris
doriti	dɔrici
dorma	dɔrma
dorozumieš	dɔrɔzumiɪɛʃ
dorozumieť	dorozuˌmjɛk
dortík	dɔrciːk
doruc	dɔruts
doručenie	dɔrutʃɛɲiɛ
doručená	dɔruːtʃɛnɑː
doručením	dɔrutʃɛɲiːm
doručiť	dɔrutʃic
dorána	dɔraːna
dosah	dɔsaɦ
dosahovať	dɔsaɦɔvac
dosiahneme	dɔsiaɦɲɛmɛ
dosiahnutie	dɔsiaɦnuciɛ
dosiahnutého	dɔsiahnutɛːhɔ
dosiahnutý	dɔsiahnutiː
dosiahnuť	dɔsiahnuc
dosiahol	dɔsiahɔɫ
dosiaľ	dɔsiaʎ
dosiek	dɔsiɛk
doska	dɔska
doskok	dɔskɔk
doskokov	dɔskɔkɔv
doskočiť	doskɔtʃiɟ
dosky	dɔski
doskách	dɔskɑːx
dosla	dɔsɫa
doslo	dɔsɫɔ
doslov	dɔsɫɔv
doslova	dɔslɔva
doslova	dɔsɫɔva
dospelosť	dɔspɛlɔsc
dospelí	dɔspɛliː
dospelý	dɔspɛliː
dospelých	dɔspɛliːx
dospievajúci	dɔspiɛvajuːtsi
dospieval	doʊspiɛvɑl
dospieť	dɔspiɛc
dospieť	dɔspjɛɟ
dost	dɔst
dosta	dɔstɑ
dostal	dostɑl
dostala	dostɑlɑ
dostali	dostɑli
dostalo	dɔstɑlɔ
dostane	dɔstɑɲɛ
dostanem	dɔstɑnɛm
dostaneme	dɔstɑɲɛmɛ
dostanete	dɔstɑɲɛcɛ
dostaneš	dɔstaɲɛʃ
dostanú	dɔstɑnuː
dostat	dɔstɑt
dostatok	dɔstɑtɔk
dostatočne	dɔstatɔtʃɲɛ
dostatočnej	dɔstatɔtʃɲɛj
dostatočný	dɔstatɔtʃniː
dostavba	dɔstavba
dostaviť	dɔstavic
dostaň	dɔstɑɲ
dostaňte	dɔstɑɲcɛ
dostať	dɔstac
dostať	dɔstatɕ
dostať	dɔstɑc
dostať	dʊstˈɑt
dostihy	dɔsciɦi
dostrel	dɔstrɛl
dostreľ	dɔstrɛʎ
dostupnosť	dɔstupnɔsc
dostupné	dɔstupnɛː
dostupný	dɔstupniː
dostáva	dɔstɑːva
dostávali	doʊstɑːvɑli
dostávam	dɔstɑːvam
dostávame	dɔstɑːvamɛ
dostávaš	dɔstaːvaʃ
dostávať	dɔstɑːvac
dosť	dɔsc
dosť	dʊsc
dot	dɔt
dotazník	dɔtazɲiːk
dotazníku	dɔtazɲiːku
doterajší	dɔtɛrajʃiː
doterajších	dɔtɛrajʃiːx
doteraz	dotɛraz
doteraz	dɔtɛras
dotiahnuť	dɔciaɦnuc
dotkla	dɔtkla
dotknes	dɔtkɲɛs
dotknutý	dɔtknutiː
dotknúť	dɔtknuːc
dotkol	dɔtkɔɫ
doto	dɔtɔ
dotrepe	dɔtrɛpɛ
dottore	dɔtɔrɛ
dotyk	dɔtik
dotyčný	dɔtitʃniː
dotácia	dɔtɑːtsia
dotýkať	dɔtiːkac
doug	dɔug
dovedna	dɔvɛdna
doveruje	dɔvɛrujɛ
dovi	dɔvi
dovidenia	dovidˈenija
dovidenia	dɔviɟɛɲia
doviesť	dɔviɛsc
doviezť	dɔviɛzc
dovnútra	dovnutra
dovnútra	dɔvnuːtra
dovod	dɔvɔd
dovolenia	dɔvɔlɛɲia
dovolenka	dɔvɔlɛŋka
dovolenke	dɔvɔlɛnkɛ
dovolenkový	dɔvɔlɛnkɔviː
dovolenku	dɔvɔlɛnku
dovolenky	dɔvɔlɛŋki
dovolené	dɔvɔlɛnɛː
dovolení	dɔvɔlɛɲiː
dovolením	dɔvɔlɛɲiːm
dovolený	dɔvɔlɛniː
dovolil	dɔvɔliɫ
dovolili	dɔvɔlili
dovoliť	dovoʎɪ
dovoliť	dɔvɔɫic
dovolí	dɔvɔliː
dovolím	dɔvɔliːm
dovolíte	dɔvɔliːcɛ
dovolíš	dɔvɔliːʃ
dovoz	dɔvɔz
dovoz	dɔvɔzɐ
dovozca	dɔvɔztsa
dovozný	dɔvɔzniː
dovozu	dɔvɔzu
dovoľ	dɔvɔʎ
dovoľovať	dɔvɔʎɔvac
dovoľte	dɔvɔʎcɛ
dovtedajší	dɔvtɛdajʃiː
dovtedy	dɔvtɛdi
dovtedy	dˈoftɛdi
dovážať	dɔvɑːʒac
dovčera	doftʂɛra
dowd	dɔvd
down	dɔvn
dozadu	dozado
dozadu	dɔzadu
dozajtra	dozai̯tra
dozerať	dozɛrɛt
dozerať	dɔzɛrac
doznela	dɔzɲɛɫa
dozor	dɔzɔr
dozorca	dɔzɔrtsa
dozore	dɔzɔrɛ
dozorný	dɔzɔrniː
dozorom	dɔzɔrɔm
dozrety	dɔzrɛti
dozretý	dozrɛti
dozrieť	dɔzriɛc
dozvedať	dɔzvɛdac
dozvedel	dɔzvɛɟɛl
dozvedela	dɔzvɛɟɛlɑ
dozvedeli	dɔzvɛɟɛɫi
dozvedieť	dɔzvɛɟiɛc
dozvedá	dɔzvɛdaː
dozvie	dɔzviɛ
dozviem	dɔzviɛm
dočasne	dɔtʃasɲɛ
dočasný	dɔtʃasniː
dočerta	dɔtʃɛrta
dočkajú	dɔtʃkajuː
dočkali	dɔtʃkɑli
dočkať	dɔtʃkac
dočítať	dɔtʃiːtac
doľava	dɔljava
doľava	dɔʎava
doň	dɔɲ
doňho	dɔɲɦɔ
doňisc	donʲist
došiel	dɔʃiɛɫ
doškoľovaniu	dɔʃkɔlɔvɑɲu
došli	doʃʎi
došli	dɔʃli
došlo	dɔʃlɔ
doštuduj	dɔʃtuduj
dožadovať	dɔʒadɔvac
dožiješ	dɔʒijɛʃ
dožil	doʒiɫ
dožitia	dɔʒicia
doživotný	dɔʒivɔtniː
dožiť	doʒik
dožiť	dɔʒic
dprava	dɔprava
dr	dhr
drabina	tɾɑbina
draci	drɑtsi
drafta	drafta
dragon	dragɔn
draho	draɦɔ
drahocenný	draɦotsɛnmɪ
drahokam	draɦɔkam
drahá	draɦaː
drahé	draɦɛː
drahí	draɦiː
drahý	draɦiː
drahšie	drɑɦʃiɛ
drak	drak
drak	drɑk
draka	draka
drakom	drakɔm
dramatickejšie	dramatitskɛjʃiɛ
dramaticky	dramatitski
dramatický	dramatitskiː
dramatik	dramatik
dramaturgia	dramaturgia
dravce	drau̯tsɨ
dravec	dravɛts
dravý	draviː
dračí	dratʃi
drať	drac
dražba	draʒba
dražba	gɾaʒba
drbo	drbɔ
dre	drɛ
drepe	drɛpɛ
drepov	drɛpɔv
dres	drɛs
dres	drˈɛs
dresu	drɛsˈu
dreva	drɛva
drevenému	drɛvɛnɛːmu
drevený	drɛvɛniː
dreveným	drɛvɛniːm
drevina	drɛvina
drevo	brɛvɔ
drevo	drɛvɔ
drevorubač	drɛvɔrubatʃ
drevu	drɛvu
drez	tɾˈes
drezúra	dresura
driek	briɛk
driečny	drie̞tʃni
drink	drink
drinky	drinki
drobca	drɔbtsa
drobcek	drɔbtsɛk
drobkov	drɔbkɔv
drobnosť	drɔbnɔsc
drobné	drɔbnɛː
drobný	drɔbniː
drobunká	drɔbunkaː
drog	drɔg
droga	drɔga
drogovať	drogovatɕ
drogový	drɔgɔviː
drogy	drɔgi
drop	drˈɑp
drot	drɔt
drsc	drsts
drsný	drsniː
druh	drug
druh	druh
druheho	druhɛɦɔ
druhej	druhɛj
druholigový	druhɔligɔviː
druhom	druhɔm
druhou	druhɔu
druhov	druhɔv
druhu	druɦu
druhy	druɦi
druhá	druha
druhá	druhaː
druhé	druɦɛː
druhého	druɦɛːhɔ
druhému	druɦɛːmu
druhú	druhuː
druhý	druhiː
druhý	druɣˈiː
druhých	druhiːx
druhýkrát	druhiːkrɑːt
druhým	druhiːm
družba	druʒba
družicový	druʒitsɔjiː
družina	druʒina
družina	druʒiːnɛ
družka	ruʃka
družstevný	druʒscɛvniː
družstvo	druʒstvɔ
družstvo	druːstva
drvivá	drvivɑː
drvivý	drviviː
dry	dri
drzej	drzɛj
drzosť	drzɔsc
drzu	drzu
drzý	drziː
dráb	ðˈɾˈab
dráha	draːha
dráha	drɑːɦa
dráhu	drɑːɦu
dráma	drama
dráma	drɑːma
dráždenie	draʒɟɛɲiɛ
dráždivý	draːʒɟɛviː
dráždiť	draːʒdjɟ
dráždiť	drɑːʒɟic
drístov	driːstɔv
drôt	druɔt
drôt	drɔːt
drôtenka	druɔtʃɛnka
drôtený	druɔtjɛniː
drôtik	druɔtɕik
drůbež	druːbɛʒ
drž	drʒ
držal	drʒal
držala	drʒala
držali	drʒali
držanie	drʒaɲiɛ
držať	drʒac
držať	drʒat
držia	drʒia
držiteľ	drʒicɛʎ
držte	drʒtɛ
drží	drʒiː
držím	drʒiːm
držíš	drʒiːʃ
du	du
dub	dup
dublán	doblaːn
dubnica	dubɲitsa
dubnica	dupɲitsɛ
dubový	dubɔviː
duby	dubi
dubčeka	dubtʃɛka
duch	dux
ducha	duxa
duchov	duxɔv
duchovia	duxɔvia
duchovný	duxɔvniː
duel	duɛl
dufam	dufɑm
duhresa	duhrɛsa
duke	dukɛ
duma	duma
dumac	dumats
duman	duman
dumba	dumba
dumet	dumɛt
dunaj	donaɪ
dunaj	dunaj
dunajský	dunajskiː
dunce	duntsɛ
dundas	dundas
dunčo	dultʃo
duo	duɔ
dupajte	dupɛjtɕe
dupajú	dupaju
dupe	dupɛ
duplom	dupom
dupáka	dupaka
dupáčikov	dupatʃikow
dupáčiky	dupɑtʃɪki
dupľa	dupla
duranov	duranɔv
dusiť	dusic
dusu	dusu
dusík	dusiːk
dusím	dusiːm
dutina	ducina
duvet	duvɛt
duša	duʃa
duše	duʃɛ
duševne	duʃɛvɲɛ
duševný	duʃɛvniː
duši	duʃi
dušic	dʊʃiːt
dušný	doːʃniː
dušu	duʃu
duší	duʃiː
dva	dva
dva	dvˈa
dvacky	dvatski
dvadsať	dvadsac
dvadsať	dvatsˈɑt
dvadsaťpäť	dvadsacpɛc
dvadsaťročný	dvadsacrɔtʃniː
dvadsiata	dvatsjatɑ
dvadsiatej	dvatsɪatɛj
dvadsiatich	dvatsjacix
dvadsiatka	dvadsiatka
dvadsiaty	dvadsiati
dvahy	dvahi
dvaja	dvaja
dvaja	dvɑja
dvaja	dʋaja
dvakrát	dvakraːt
dvanásty	dvanaːsti
dvanásť	dvanaːsc
dvasto	dvˈastˈo
dvd	dvd
dve	dvɛ
dve	dvˈe
dver	dvɛr
dveram	dvɛram
dverami	dvɛrɑmi
dvere	dvɛrɛ
dverový	dvɛrɔviː
dverách	dvɛraːx
dverí	dvɛriː
dvesto	dvɛstɔ
dvesto	dvˈestˈo
dvetisíc	dvɛcisiːts
dvier	d̪rie̞r̥
dvierka	dviɛrka
dvoch	dvɔx
dvoch	dvˈɔx
dvojaký	dvɔjakiː
dvojdňový	dvɔjdɲɔviː
dvojfarebný	dvojfarɛbnɛ
dvojhra	dvɔjhra
dvojica	dvɔjitsa
dvojité	dvɔjitɛː
dvojitú	dvɔjituː
dvojitý	dvojti
dvojitý	dvɔjitiː
dvojizbovom	dvɔjizbɔvɔm
dvojizbový	tɛvojizboviː
dvojička	dvɔjitʃka
dvojka	dvɔjka
dvojkríž	dvojkrˈiːʃ
dvojnásobne	dvɔjnaːsɔbɲɛ
dvojnásobnú	dvɔjnaːsɔbnuː
dvojnásobný	dvɔjnaːsɔbniː
dvojnásobok	dvɔjnaːsɔbɔk
dvojročný	dvɔjrɔtʃniː
dvojča	dvɔjtʃa
dvojčatá	dvojtʃata
dvojčlennou	dvɔjtʃlɛnnɔu
dvojčokoládový	dvˈoɪtʃokˈolaːdoviː
dvom	dvɔm
dvoma	dvɔma
dvomi	dvɔmi
dvor	dvɔr
dvora	dvɔra
dvorane	dvɔraɲɛ
dvore	dvɔrɛ
dvorec	dvɔrɛts
dvorný	dvorni
dvorčeku	dvɔrtʃɛku
dvíha	dviːha
dvíhať	dviːhac
dych	dix
dych	dˌiːç
dychový	dixɔviː
dychtiť	bixtit
dykea	dikɛa
dylan	diɫan
dym	dim
dymom	dimɔm
dymu	dimu
dynamický	dinamitskiː
dynamika	dinamika
dynastia	dinastia
dz	dz
dzedzina	tsazina
dzevec	dʒɛvɛt
dzifka	dzʲifka
dzigac	tzigatz
dzigačka	dzigatʃka
dzignuta	dzʲignuta
dzindzik	dzʲinːzʲik
dzivka	dzʲeu̯ka
dzivče	dzʲiu̯tʃɛ
dzurindu	dzurindu
dá	dɑː
dáku	daːku
dáky	daki
dáky	daːki
dám	dɑːm
dáma	dama
dáma	daːma
dáme	dɑːmɛ
dámske	daːmskɛ
dámsky	daːmski
dámu	daːmu
dámy	daːmi
dán	daːn
dánka	dɑŋkɑ
dánsko	daːnskɔ
dánsky	daːnski
dánčina	daːnˈtʃɪnɐ
dát	daːt
dáta	data
dáta	daːta
dáte	dɑːcɛ
dátový	daːtɔviː
dátum	datum
dátum	daːtum
dáva	daːva
dávaj	daːvaj
dávajte	daːvajcɛ
dávajú	daːvajuː
dával	daːval
dávam	daːvam
dávame	daːvamɛ
dávaš	daːvaʃ
dávať	daːvac
dávid	daːvid
dávka	daːvka
dávkovač	daːvkɔvatʃ
dávkovať	daːvkɔvac
dávky	daːvki
dávno	daːvna
dávno	daːvnɔ
dávny	daːvni
dávok	daːvɔk
dáš	dɑːʃ
dáť	daːc
dáždnik	daʒdɲik
dáždnik	daːʒdɲik
dážď	daːʃc
dážď	daːʃt
dážď	dɑːʃt
dé	dɛː
démon	dmon
démon	dɛːmɔn
démona	dɛːmɔna
dík	ɟiːk
díky	ɟiːki
díler	diːlɛr
dívam	diːvɑm
dívate	ɟiːvɑcɛ
dívať	ɟiːvac
dívám	ɟiːvaːm
dížký	diːʒkiː
dóm	dɔːm
dóm	dˈɑːm
dómy	dɔːmi
dôchodca	duɔxɔdtsa
dôchodcov	duɔxɔdtsɔv
dôchodkami	duɔxɔdkami
dôchodkov	duɔxɔdkɔv
dôchodkového	duɔxɔdkɔvɛːhɔ
dôchodkový	duɔxɔdkɔviː
dôchodkový	dɔuɔxɔtkɔviː
dôchodku	duɔxɔdku
dôchodky	duɔxɔdki
dôchodok	duɔxɔdɔk
dôjsť	duɔjsc
dôkaz	duɔkaz
dôkazom	duɔkazɔm
dôkazy	duɔkazi
dôkladne	duɔkladɲɛ
dôkladný	duɔkladniː
dôležitejšie	duɔlɛʒicɛjʃiɛ
dôležitosť	duɔlɛʒitɔsc
dôležitá	duɔlɛʒitaː
dôležité	duɔlɛʒitɛː
dôležitý	duɔlɛʒitiː
dôležitých	duɔlɛʒitiːx
dôraz	duɔraz
dôrazne	duɔrazɲɛ
dôsledkami	duɔslɛdkami
dôsledku	duɔslɛdku
dôsledky	duɔslɛdki
dôsledne	duɔslɛdɲɛ
dôsledný	duɔslɛdniː
dôsledok	duɔslɛdɔk
dôstojne	duɔstɔjɲɛ
dôstojnosť	duɔstɔinɔst
dôstojnosť	duɔstɔjnɔsc
dôstojníci	duɔstɔjɲiːtsi
dôstojník	duostojɲiːk
dôstojníka	duɔstɔjɲiːka
dôstojný	duɔstɔjniː
dôvera	duɔvɛra
dôverne	duɔvɛrɲɛ
dôverný	duɔvɛrniː
dôverný	dvɔvɛrniː
dôverovať	duɔvɛrɔvac
dôveru	duɔvɛru
dôveryhodnosť	duɔvɛrihɔdnɔsc
dôveryhodný	duɔvɛrihɔdniː
dôvod	duɔvɔd
dôvodom	duɔvɔdɔm
dôvodov	duɔvɔdɔu
dôvodu	duɔvɔdu
dôvody	duɔvɔdi
dúb	duːb
dúbravka	duːbravka
dúbravsky	duːbravski
dúbravský	duːbravskiː
dúbravským	duːbravskiːm
dúfa	duːfɑ
dúfajme	duːfɑjmɛ
dúfal	duːfɑɫ
dúfala	duːfɑɫa
dúfam	duːfɑm
dúfať	duːfac
dúfať	duːfɑc
dúha	duːɦa
dýcha	diːxa
dýchací	diːxatsiː
dýchaj	diːxaj
dýcham	diːxam
dýchanie	diːxaniɛ
dýchanie	diːxaɲiɛ
dýchaní	diːxaɲiː
dýchať	diːxac
dýchať	diːxat
dýka	ðika
dýška	diːʃka
dělá	ɟɛlaː
dĺžka	dɫːʃka
dĺžka	tɔ˥˩ʃka
dĺžke	dɫːʒkɛ
dĺžkou	dɔʃkɔu
dĺžku	dlːʒku
dňa	dɲa
dňami	dɲami
dňoch	dɲɔxh
dňom	dɲɔm
dňový	dɲɔviː
dřevěný	drʒɛvjɛniː
dž	dʒ
dž	dʒu
džabala	ˈdʒabala
džbán	dʒban
džbán	dʒbaːn
džem	dʒen
džem	dʒɛm
džezový	dʒɛzɔviː
džmuric	tʃmurɛts
džob	dʒɔb
džokej	dʒɔkɛj
džonov	dʒɔnɔv
džovani	dʒɔvaɲi
džovanniho	dʒɔvaɲihɔ
džungľa	dʒunglʲa
džungľa	dʒuŋgʎa
džviratko	dʑiviradkɔ
džíp	dʒiːp
džús	dʒuːs
džús	dʒʊz
e	ɛ
earl	ɛarl
east	ɛast
ed	ɛd
edda	ɛda
eddie	ɛdiɛ
eddieho	ɛdiɛɦɔ
edgar	ɛdagr
editor	ɛditɔr
edko	ɛtkɔ
edmonton	ɛdmɔntɔn
edo	ɛdɔ
edvard	ɛdvard
edward	ɛdvard
edícia	ɛdiːtsia
ef	ɛf
efekt	ɛfɛkt
efektivita	ɛfɛktivita
efekty	ɛfɛkti
efektívne	ɛfɛktiːvɲɛ
efektívnejšia	ɛfɛktiːvɲɛjʃia
efektívnejšie	ɛfɛktiːvɲɛjʃiɛ
efektívnosť	ɛfɛktiːvnɔsc
efektívny	ɛfɛktiːvni
effy	ɛfi
ego	ɛgɔ
egreš	ˈɛgrɛʃ
egreše	akrɛʃɛ
egrešový	ɛgræʃɔvji
egypt	ɛgipt
egyptský	ɛgiptskiː
eh	ɛɦ
ehm	ɛɦm
eklektický	eklaktitski
ekliptika	ekliptika
ekologický	ɛkɔɫɔgitskiː
ekológia	ɛkɔɫɔːgia
ekológie	ɛkɔɫɔːgiɛ
ekológii	ɛkɔɫɔːgiː
ekonomickej	ɛkɔnɔmitskɛj
ekonomicky	ɛkɔnɔmitski
ekonomická	ɛkɔnɔmitskɑː
ekonomické	ɛkɔnɔmitskɛː
ekonomický	ɛkɔnɔmitskiː
ekonomika	ɛkɔnɔmika
ekonomike	ɛkɔnɔmikɛ
ekonomiku	ɛkɔnɔmiku
ekonóm	ɛkɔnɔːm
ekonómia	ɛkɔnɔːmia
ekonómom	ɛkɔnɔːmɔm
ekscelentná	ɛkstsɛlɛntnaː
eksistoval	ɛksistɔval
ekspedícia	ɛkspɛdiːtsiɑ
ekspedície	ɛkspɛdiːtsiɛ
ekspedíciu	ɛkspɛdiːtsiu
ekstrémne	ɛkstrɛːmɲɛ
ekumenický	ɛkumɛnitskiː
ekvatoreál	ɛkvatoreaːv
ekvilibrista	ɛkvɨlɪprista
ekvimólový	ɛkvimɔːlɔʋiː
ekvivalent	ɛkvivalɛnt
el	ɛl
elam	ɛla
elegantné	ɛlɛgantnɛː
elegantný	ɛlɛgantniː
elektorát	ɛlɛktoraː
elektrické	ɛlɛktritskɛː
elektrický	ɛlɛktritskiː
elektrikár	ɛlɛktriːkˈaɾ
elektrina	ɛlɛktrina
elektrina	ɛlɛktrinɛ
električka	ɛlɛktritʃka
elektronickej	ɛlɛktrɔnitskɛj
elektronický	ɛlɛktrɔnitskiː
elektronika	ɛlɛktrɔnika
elektrotechnický	ɛlɛktrɔtɛxnitskiː
elektrotechnika	ɛlɛktrɔtɛθnika
elektráreň	ɛlɛktraːrɛɲ
elektrón	ɛlɛktrɔːn
element	ɛlɛmɛnt
elementky	ɛlɛmɛntki
elementárny	ɛlɛmɛntɑːrni
eli	ɛli
eliek	ɛlʲek
eliminovať	ɛliminɔvac
elita	ɛlita
elitný	ɛlitniː
elitársky	ɛljtɑrski
elitárstvo	ɛlɪtˈarˈstvo
elixír	ɛlikseɾ
eliza	ɛlizɑ
elizabeth	ɛlizabɛth
ella	ɛɫa
ellie	ɛlijɛ
elliot	ɛliɔt
elwood	ɛlvɔd
elán	ɛlaːn
emailová	ɛmajlɔvɑː
embargo	ɛmbargɔ
emigrant	ɛmigrant
emigrovať	ɛmigrɔvac
emigrovať	ɛmigrɔvatɕ
emigrácia	ɛmigraːtsia
emily	ɛmili
emisia	ɛmisia
emma	ɛma
emocionálny	ɛmɔtsiɔnaːɫni
emotívne	ɛmɔtiːvɲɛ
emotívnou	ɛmɔtiːvnɔu
empatický	ɛmpatitskiː
empatiu	ɛmpatiju
emócia	ɛmɔːtsia
emócie	ɛmɔːtsiɛ
emócií	ɛmɔːtsiː
encyklopédia	ɛntsiklɔpɛːdia
ende	ɛnɟɛ
endokrinológia	endokrˈinˈologˈɪa
energetický	ɛnɛrgɛtitskiː
energetika	ɛnɛrgɛtika
energia	ɛnɛrgia
energia	ɛnɛrgija
energia	ɛnɛrgijɑ
energie	ɛnɛrgijɛ
energiu	ɛnɛrgiju
energií	ɛnɛrgiː
enormný	ɛnɔrmniː
envin	ɛnvin
enviromentálne	ɛnvirɔmɛntaːlɲɛ
environmentálne	ɛnvirɔmɛntaːlɲɛ
environmentálny	ɛnvirɔmɛntaːlni
ep	ɛp
epidemiologickej	ɛpidɛmiɔɫɔgitskɛɪ
epidemiologické	ɛpidɛmiɔɫɔgitskɛː
epidemiologička	ɛpidɛmɪɔlɔgitʃka
epidemiologička	ɛpidɛmɪɔlɔgitʃkɑ
epidemiologičkou	ɛpidɛmɪɔlɔgitʃkɔu
epidemiologičku	ɛpidɛmɪɔlɔgitʃku
epidemiológie	ɛpidɛmɪɔlɔːgɪɛ
epidemiológii	ɛpidɛmɪɔlɔːgiː
epidemiológiu	ɛpidɛmɪɔlɔːgɪu
epidemiológovia	ɛpidɛmɪɔlɔːgɔvɪa
epidémia	epidɛmjɐ
epidémia	ɛpidɛːmia
epidémiológiu	ɛpidɛːmiɔlɔːgiu
epidémiológom	ɛpidɛmɪɔlɔːgɔm
epika	epika
epitel	epit̪el
epizóda	ɛpizɔːda
epištolárny	æpiʃtɔlaːrɲi
epocha	ɛpɔxa
erb	ɛrb
eric	ɛrits
erich	ɛrix
erik	ɛrik
erotický	ɛrɔtitskiː
ertéve	ɛrtɛːvɛ
ertévees	ɛrtɛːvɛɛs
ertévé	ɛrtɛːvɛː
ertévées	ɛrtɛːvɛːæs
es	ɛs
esej	ɛsɛj
esemeska	ɛsɛmɛskɑ
esemesku	ɛsɛmɛsku
esemesky	ɛsɛmɛski
eskimák	ɛskiːmaːk
eskortovaný	eskortovaːnˈiː
eská	ɛskɑː
eso	ɛsɔ
este	ɛstɛ
ester	ɛstɛr
estetický	ɛstɛtitskiː
estetika	ɛstɛtika
esther	ɛstɦɛr
estónec	ɛstɔnits
estónsko	ɛstɔːnskɔ
estónsky	ɛztonski
et	ɛt
eta	ɛtɑ
etapa	etapˈa
etapa	ɛtapa
etape	etapɛ
etapy	ɛtapi
ethan	ɛtɦan
etický	ɛtitskiː
etika	ɛtika
etiópia	etjopja
etnický	ɛtnitskiː
etnikum	ɛtnikum
etymológ	etimolok
eucharistia	ɛuxaristia
eucharistický	ɛuxaristitskiː
eufória	ɛufɔːria
eur	ɛur
euro	ɛurɔ
euro	ˈɛʊro
eurofondov	ɛurɔfɔndɔv
eurotel	ɛurɔtɛɫ
eurozóna	ɛurɔzɔːna
eurošport	ɛurɔʃpɔrt
eurázijský	ɛurɑːziːskiː
európa	ɛurɔːpa
európan	ɛurɔːpan
európe	ɛurɔːpɛ
európskeho	ɛurɔːpskɛhɔ
európsku	ɛurɔːpsku
európsky	ɛurɔːpski
európskych	ɛurɔːpskix
európy	ɛurɔːpi
eva	ɛva
evakuovať	ɛvakuɔvac
evan	ɛvan
evanjelický	ɛvanjɛlitskiː
evanjelium	ɛvaɲiɛlium
evelyn	ɛvɛlin
even	ɛvɛn
every	ɛvɛri
evidencia	ɛvidɛntsia
evidentne	ɛvidɛntɲɛ
evidentný	ɛvidɛntniː
evidenčným	ɛvidɛntʃniːm
evidovaný	ɛvidɔvaniː
evidovať	ɛvidɔvac
evil	ɛviɫ
evolúcia	ɛvɔluːtsia
evy	ɛvi
ex	ɛks
exekučný	ɛkzɛkutʃniː
exekúcia	ɛksɛkuːtsia
exekútor	ɛksɛkuːtɔr
exemplár	ɛksɛmplaːr
exfrajera	ɛksprajɛra
exil	ɛksil
existencia	ɛksistɛntsia
existencia	ɛksistɛntsjɛ
existencie	ɛksistɛntsiɛ
existenčný	ɛksistɛntʃniː
existoval	ɛksistɔvɑl
existovať	ɛksistɔvac
existuje	ɛkzistujɛ
existujú	ɛkzistujuː
existujúce	ɛksistujuːtsɛ
existujúcej	ɛksistujuːtsɛj
existujúci	ɛksistujuːtsi
existujúcich	ɛksistujuːtsix
exkluzívny	ɛkskluziːvni
exkomunikácia	ɛkskɔmʊnjkˈatsia
exkrement	ɛkskrɛment
exkrementy	ɛkskremɛnthi
exminister	ɛksministɛr
exotický	ɛksɔtitskiː
expa	ɛkspa
expandovať	ɛkʃpɑndɔvɑc
expanzia	ɛkspanzia
expartnera	ɛkspɑrtsmɛra
expedícia	ɛkspɛdiːtsia
experiment	ɛkspɛrimɛnt
experimentálny	ɛkspɛrimɛntɑːlni
expert	ɛkspɛrt
explózia	ɛksplɔˈzja
explózia	ɛkspɫɔzia
explózie	ɛksplɔːziɛ
exponát	ɛkspɔnaːt
export	ɛkspɔrt
exportný	ɛkspɔrtniː
expozícia	ekspazitsia
expozícia	ɛkspɔziːtsia
expres	ɛksprɛs
express	ɛksprɛs
exprezidenta	ʔɛksprɛzɪdɛnta
exteriér	ekstɛriɛr
exteriér	ɛkstɛriɛːr
externý	ɛkstɛrniː
extra	ɛkstra
extraliga	ɛkstraliga
extraligový	ɛkstraligɔviː
extreme	ɛkstrɛmɛ
extrém	ɛkstrɛːm
extrém:	ɛkstrɛːm
extrémista	ɛkstrɛːmista
extrémne	ɛkstrɛːmɲɛ
extrémny	ɛkstrɛːmni
extáza	ɛkstaːza
extáze	ɛkstaːzɛ
eyes	ɛiɛs
eú	au
eú	ɛuː
ešte	aʃke
ešte	ɛʃcɛ
ešte	ɛʃtɛ
f	f
fabrika	fabrika
fabrika	pabrika
facka	fatska
facku	fatsku
fagan	fagan
fajka	fajka
fajn	faɪn
fajta	pajta
fajčenie	fajtɕɛɲiɛ
fajčenie	fajtʃɛɲiɛ
fajčiar	fajtʃiar
fajčiť	fajtʃic
fajčiť	fajtʃit
fakliť	fakljt
fakt	fakt
fakt	fɑkt
faktami	faktami
fakticky	faktitski
faktická	faktitskaː
faktický	faktitskiː
faktoch	faktɔx
faktom	faktɔm
faktor	faktɔr
faktov	faktɔu
faktu	faktu
fakty	fakti
faktá	fɑktaː
faktúra	faktuːra
fakulta	fakulta
fakultatívny	fakultat̪ivni
fakultný	fakultniː
fakultu	fɑkuɫtu
fakulty	fɑkuɫti
fakír	fakir
falat	tɑlɑt
falent	fɑlɛnt
falošné	faɫɔʃnɛː
falošný	falɔʃniː
falošný	faɫɔʃniː
falzifikát	falsifjkat̪
famózneho	famɔzneɦɔ
fanatický	anatitski
fandiť	fanɟic
fanerozoikum	panɛrozojkum
fanny	fani
fantasmagórie	fantazmagɔria
fantastické	fantastitskɛː
fantastický	fantastitski
fantastický	fantastitskiː
fantázia	fantɑːzia
fantázie	fantɑːziɛ
fanúšik	fanuːʃik
fanúšikom	fanuːʃikɔm
fanúšikovia	fanuːʃikɔvia
far	far
fara	fara
faraón	faraɔːn
farba	farba
farbu	farbu
farby	farbi
farebná	farɛbnaː
farebný	farɛbniː
farebný	farɛbnˈi
farma	farma
farmaceutický	farmatsɛutitskiː
farmaceutky	farmatsɛutki
farme	farmɛ
farmu	farmu
farmár	farmaːr
farnosť	farnost
farnosť	farnɔsc
farský	farski
farský	farskiː
fartuch	pɑrtʊx
farár	faraːr
fasacke	fasˈɑtskʌ
fascinovať	fastsinɔvac
fascinujúce	fastsinujuːtsɛ
fascinujúci	fastsinujuːtsi
fasáda	fasaːda
fatalita	fatalita
faul	faul
faul	fou̯l
faulovať	fɑulɔvatɕ
favorit	favɔrit
favorita	fɑvɔritɑ
fax	faks
fazuľa	fazuʎa
fašista	fɑʃistɔ
fašistický	faʃistitskiː
fašizmus	fauʃizmus
fašizmus	faʃizmus
fbi	fbi
február	fabɾuaːr
február	fɛbruaːr
februárový	fabruarovi
februárový	fɛbruaːrɔviː
fed	fɛd
federácia	fɛdɛrɑːtsia
federálny	fɛdɛrɑːlni
fedor	fɛdɔr
fejsbúk	fɛijsbuːk
felis	fɛlis
fena	fena
fenomén	fɛnɔmɛːn
festival	fɛstival
festivalov	fɛstivɑlɔv
festivalový	fɛstivɑlɔviː
feudalizmus	feudalismuʃ
feudál	fau̯daːl
fešanda	kaʃanta
fešák	fɛʃaːk
fi	fi
fialová	fialovɑː
fialový	fialɔviː
fialový	fjalɔvi
fiat	fiat
fibrila	fibrila
fica	titsa
fico	pɪtso
fifa	fifa
figovník	fɪgɔvɲiː
figur	figur
figurovať	figurɔvac
figúra	figuːra
figúrka	figurka
figúrka	figuːrka
figúry	figuːri
fikcia	fiktsia
fikcie	fiktsijɛ
fiktívny	fiktiːvni
filharmónia	fiɫharmɔːnia
filip	filiːp
filip	fiɫip
film	fiɫm
film	fˈɪlm
filme	fiɫmɛ
filmoch	fiɫmox
filmom	fiɫmom
filmov	fiɫmɔu
filmovej	fiɫmɔvɛj
filmové	filmɔvæɛː
filmového	filmɔvæɛːɦɔ
filmový	fiɫmɔviː
filmových	fiɫmɔviːx
filmovým	fiɫmɔviːm
filmu	fiɫmu
filmy	fiɫmi
filmár	filmɑːr
filmárov	fiɫmɑːroʊ
filológ	filoɫok
filozof	filɔzɔf
filozofa	fiɫɔzɔfa
filozofia	filoˈsɔfia
filozofia	filɔzɔfia
filozofickú	fiɫɔzɔfitskuː
filozofický	filɔzɔfitskiː
filter	filtɛr
filter	fjˈolˈtˌeɾ
finalista	finalista
financie	finantsiɛ
financiách	finantsiaːx
financií	finantsiː
financovanie	finantsɔvaɲiɛ
financovaný	finantsɔvaniː
financovať	finantsɔvac
finančne	finantʃɲɛ
finančnej	finantʃnɛj
finančná	finantʃnaː
finančný	finantʃniː
finančných	finantʃniːx
find	find
finále	finaːlɛ
finálny	finalni
finálny	finaːɫni
finálový	finaːɫɔviː
fir	fir
fire	firɛ
firemný	firɛmniː
firhang	fɪrhæŋ
firhangy	t̪i̞rhæŋki̠
firhant	tɪrhant
firkin	firkin
firma	firma
firma	firmɑ
firma	fˈiɾmɐ
firme	firmɛ
firmu	firmu
firmy	firmi
fixka	piksˈka
fixný	fiksniː
fiškálny	fiʃkaːɫni
flauta	fɫauta
flek	plak
fletcher	flɛtxɛr
flint	fɫint
florence	fɫɔrɛntsɛ
florencia	florẽntsia
florida	fɫɔrida
floriánskej	fɫɔriaːnskɛj
flotila	fɫɔtilɑ
flákač	plaːkatʃ
folklór	fɔɫklɔːr
folklórny	fɔɫklɔːrni
folku	fɔlku
fond	fɔnd
fondoch	fɔndɔx
fondov	fɔndɔv
fonetika	fɔnetika
fontána	fontana
fontána	fɔntɑːna
food	fɔːd
foodové	fɔɔdɔvɛː
for	fɔr
ford	fɔrd
foremanov	fɔrɛmanɔv
foriem	fɔriɛm
forint	fɔrint
forma	fõɾma
forma	fɔrma
forme	fɔrmɛ
formou	fɔrmɔu
formovanie	fɔrmɔvaɲiɛ
formovaný	formuvaniː
formovať	formavak
formovať	fɔrmɔvac
formu	fɔrmu
formula	fɔrmula
formulovať	fɔrmulɔvac
formulácia	fɔrmulɑːtsia
formulár	fɔrmulɑːr
formulár	fˌuɾəmulˈaɹ
formácia	fɔrmaːtsia
formálne	fɔrmɑːlɲɛ
formálny	fɔrmaːlni
formát	fɔrmaːt
fosfor	fɔsfɔr
fosíliám	fɔsiːliaːm
fot	fɔt
fotenie	fɔcɛɲiɛ
fotia	fɔcia
fotil	fociɫ
fotili	fociɫi
fotiť	fɔcic
fotka	fɔtka
fotke	fɔtkɛ
fotku	fɔtku
fotky	fɔtki
fotkám	fɔtkɑːm
foto	fɔtɔ
fotoalbum	fɔtɔɑɫbuːn
fotoaparát	fɔtɔaparaːt
fotograf	fɔtɔbraf
fotograf	fɔtɔgraf
fotografa	fɔtɔgrafa
fotografia	fɔtɔgrafia
fotografia!	fɔtɔgrafja
fotografického	fɔtɔgrafitskɛːhɔ
fotografický	fɔtɔgrafitskiː
fotografie	fɔtɔgrafiɛ
fotografiu	fɔtɔgrafiu
fotografií	fɔtɔgrafiiː
fotografom	fɔtɔgrafɔm
fotografovania	fɔtɔgrafɔvaɲia
fotografovanie	fɔtɔgrafɔvaɲiɛ
fotografovaniu	fɔtɔgrafɔvaɲiu
fotografovaní	fɔtɔgrafɔvaɲiː
fotografovať	fɔtɔgrafɔvac
foton	fotɔn
fotosyntéza	fˈotˈosintˈɛzˈa
fotíš	fɔtiːʃ
fox	fɔks
foxteriér	fokstɛrˈjer
foxtrot	fɔkstrɔt
fragment	fragmɛnt
frajer	frajɛr
frajerku	frajɛrku
frajirka	frairka
frakcia	fraktsia
francis	frantsis
francisca	frantsistsa
francisco	frantsistsɔ
franciscu	frantsistsu
francúz	frantsus
francúz	frantsuːz
francúzi	frantsuːzi
francúzka	frantsuska
francúzska	frantsuːska
francúzsko	frantsusko
francúzsko	frantsuːskɔ
francúzsku	frantsuːsku
francúzsky	frantsuːski
francúzština	frantsuːsʃcina
frank	frank
franka	franka
frankfurt	frankfurt
frankie	frankiɛ
frankov	frankɔv
frasa	frasa
fred	frɛd
freddy	frɛdi
frekvencia	frɛkvɛntsia
frekventovaný	frɛkvɛntɔvaniː
frenchy	frɛnxi
frešo	frɛʃɐ
frodo	frɔdɔ
from	frɔm
frommerom	frɔmɛrɔm
front	frɔnt
fráza	frɑːza
fu	fu
fuj	fuj
fujarôčka	fujaruɔtʃka
fuk	fuk
fund	fund
fungi	fungi
fungovalo	fungɔvalɔ
fungovanie	fungɔvaɲiɛ
fungovať	fungɔvac
funguje	fungujɛ
fungujem	fɔŋgujɛm
fungujú	fungujuː
fungujúci	fungujuːtsi
funkcia	funktsia
funkcie	funktsiɛ
funkcionalít	fʊnktsiːɔnaˈlid̪
funkcionár	funktsiɔnaːr
funkčnosť	funktʃnɔsc
funkčný	funktʃniː
futbal	fudbaɫ
futbale	fudbala
futbalista	futbalista
futbalistka	futbaliʃtka
futbalistu	fudbalɪstɔ
futbalový	fudbaloʋiː
futbalový	futbalɔviː
futbalu	fudbalu
fuška	fˈuʃka
fylogenéza	fɛʎɔgɛnɛːza
fyzicky	fizitski
fyzický	fizitskiː
fyzik	fizik
fyzika	fizika
fyziky	fiziki
fyzikálny	fizikali
fyzikálny	fizikɑːlni
fyzikárka	fizikaːrka
fyziologický	fiziɔlɔgitskiː
fáma	fama
fáza	faːza
fér	fɛːr
férovka	pɛrou̯ka
fíha	fiːɦa
fín	fiːn
fín	fˈin
fínka	fɪnka
fínsko	fiːnskɔ
fínsky	finskɪ
fínsky	fiːnski
fínčina	fintʃina
fólia	fɔːljɐ̃
fólia	fɔːɫia
fóre	fɔrɛ
fórum	fɔːrum
fúkať	fuːkac
fúra	fuːra
fúz	fuːz
fúzia	fuːzia
fľak	flak
fľandra	fʎandra
fľaša	flɑːʃa
fľaša	fʎaʃa
fľaša	fʲaʃa
fľaše	fʎaʃɛ
fľaška	fʎaʃka
fľaška	fˈlaʃka
fľašu	fʎaʃu
fľašy	fʎaʃi
g	g
g	gˈɛ
gabriel	gabriɛɫ
gabriela	ɣabɾiɛla
gabčíkovo	gabtʃiːkɔvɔ
gabčíkovo	gaptʃikovo
galanta	gˈaɫanta
galantéria	galanteˈrɪja
galavečery	galavɛtʃɛri
galaxia	galaksia
galaxie	galaksiɛ
galaxii	gɑlɑksiː
galaxiu	galaksiu
galéria	galerija
galéria	galɛːria
galérii	galɛːriː
gama	gama
gambatá	gambata
gamby	ganbi
gan	gan
gang	gang
gangster	gangstɛr
gangy	gangi
garancia	garantsia
garant	garant
garantovaný	garantɔvaniː
garantovať	garantɔvac
garaž	garaːʒ
garda	garda
gargala	gagala
garnie	garɲiɛ
garnitúra	garnituːra
gary	gari
garáž	garaːʃ
gastroenterológia	gastroɛntɛrɔlɔgia
gatí	gaciː
gauč	gautʃ
gauč	gau̯tʃ
gauči	gautʃi
gavalier	gavalɛr
gay	gai
gaza	gaza
gazda	gazda
gazdiná	gazɟinaː
gazy	gazi
gašparko	gazparkɔ
gaštan	kastæm
gaštanový	gˈaʃtɑnɔʋiː
gbely	gbɛli
geht	gɛɦt
geleta	gɛleta
gelnica	gɛlnitsa
gemer	gɛmɛr
generovať	gɛnɛrɔvac
generuje	gɛnɛrujɛ
generácia	gɛnɛraːtsijɑ
generácie	gɛnɛraːtsiɛ
generácii	gɛnɛraːtsii
generácií	gɛnɛraːtsiiː
generál	gɛnɛraːɫ
generál	ɟɛnɛraːl
generála	gɛnɛraːɫa
generálku	gɛnɛraːɫku
generálmajor	gɛnɛralmajɔr
generálneho	gɛnɛraːɫnɛhɔ
generálny	gɛnɛraːɫni
generálovi	gɛnɛraːɫɔvi
generátor	gɛnɛraːtɔr
geneticky	gɛnɛtitski
genetický	gɛnɛtitskiː
genetika	genatika
geniálny	genjalni
geniálny	gɛniaːɫni
geocentrický	gɛɔtsɛntritski
geodézia	gʲeɫdɛzja
geografický	gɛɔgrafitskiː
geologický	gɛɔɫɔgitskiː
geomagnetický	gɛɔmagnɛtiki
geometria	geometria
geometrický	gɛɔmɛtritskiː
georga	gɛɔrga
george	gɛɔrgɛ
gepard	ɣ̞epaɾt̪
german	gɛrmɑːn
gesta	gɛsta
gesto	gɛstɔ
get	gɛt
geto	gɛtɔ
ghana	kaħana
ghz	ghz
gibbs	gibs
gigant	gigant
gina	gina
gitara	gitara
gitarista	gitarista
gitaristka	kitariska
gitaru	gitaru
glasa	glasa
glen	glɛn
globalizácia	glɔbalizaːtsia
globálne	gɫɔbaːɫɲɛ
globálny	gɫɔbaːɫni
gloria	glɔria
glupota	glupoka
glupy	glupɛ
glóbus	gɫɔːbus
go	gɔ
going	gɔing
gold	gɔɫd
golf	gɔɫf
golier	gɔʎiɛr
gombík	gɔmbiːk
gombíkový	gɔmbiːkɔviː
gone	gɔnɛ
goniometer	goniometer
gonna	gɔna
goral	gɔraːl
goralský	gɔrɑːlskiː
gordon	gɔrdɔn
got	gɔt
gotický	gɔtitski
gotický	gɔtitskiː
gotika	gɔtika
gotika	ɣ̞ot̪ika
gpsko	gpskɔ
grace	gratsɛ
grady	gradi
gradácia	gradaːtsiːa
graf	graf
grafické	ˈgrafɪts̺keː
grafický	grafitskiː
grafik	grafik
grafika	grafika
grafika	gɾafika
grafiku	grafiku
graham	graɦam
gram	gram
gramatický	gramatitskiː
gramatika	gramatika
grand	grant
grant	grant
granát	grana
granát	granaːt
gratulujem	gratulujɛm
gratulujeme	gratulujɛmɛ
green	grɛɛn
greg	grɛg
gregor	grˈegoɾ
greka	grɛka
grigorov	grigɔrɔv
grilovaný	grɪʎɔvɑːniː
grimasa	grimazsa
gris	gɾis
groš	gros
groš	grɔʃ
grub	grub
gruzínsko	gruziːnskɔ
gruzínsko	kruziɲskɔ
gréci	grɛːtsi
grécka	grɛːtska
grécko	grɛːtskɔ
gréckokatolícky	grɛːtskɔkatɔɫiːtski
grécky	grɛːtski
grémium	grɛːmijum
gróf	grɔːf
grófa	grɔːfa
grófka	grɔːfka
grúberová	grubɛrova
gule	gulɛ
guláš	gˈulaːʃ
guru	guru
guráž	buraːʃ
gus	gus
guvernér	guvɛrnɛːr
guy	gui
guľa	gulʲa
guľa	guʎa
guľatý	gulati
guľka	guʎka
guľka	guˈlka
guľku	guʎku
guľky	guʎki
gwen	gvɛn
gymnasta	gɛmˈnɑsta
gymnastika	gymnɛstikɛ
gymnastka	gɨmnɛstka
gymnaziálnych	gimnaziaːɫnix
gymnázium	gimnaːzium
gymnázium	gimnɑːziɪum
gáborík	gabɔrik
gén	gɛːn
génius	gæənius
génius	gɛːnijus
gény	gɛːni
gól	gɔːɫ
gólman	gɔɫman
gólový	gɔːɫɔviː
h	h
h	tʰãː
ha	ɦa
haag	ɦaag
habakuky	hɑɓɑkuki
had	ɦat
hada	ɦada
hadaj	ɦadaj
hadica	ɦaɲitsa
hadom	ɦadɔm
hadzu	ɦadzu
hah	ɦaɦ
haiti	həˈɪtiˌ
haj	ɦaj
hajdin	hɛjdin
hajzel	ɦajzɛɫ
hajzli	ɦajzli
hal	ɦaɫ
hala	hala
hala	ɦala
halda	ɦalda
hale	ɦalɛ
halier	ɦaʎiɛr
halič	ɦɑliʃ
halloween	ɦallɔvɛːn
halo	ɦaɫɔ
halom	ɦaɫɔm
halový	ɦalɔviː
haluz	aluz
haluška	ɦaluʃka
haló	ɦɑɫɔː
hamas	ɦamas
hamburg	ɦamburg
hamburger	ɦamburgɛr
hamlet	ɦamlɛt
hammered	ɦamɛrɛd
hammond	ɦamɔnd
hamper	ɦampɛr
hamsa	ɦamsa
hamza	ɦamza
han	ɦan
hana	ɦana
hanba	ɦanba
hanbiť	ɦanbic
hanbou	ɦanbɔu
hand	ɦand
handlová	ɦandɫɔvaː
handra	ɦandra
hangáru	ɦangaːru
hank	ɦank
hanna	ɦana
hannah	ɦanaɦ
hannibal	ɦanibal
hannover	ɦanɔvɛr
hans	ɦans
hanzel	ɦanˈzɛl
happy	ɦapi
hapruje	ɦaprujɛ
haraburda	hærɑbʊrða
hardin	ɦardin
hardvéry	hartveˈrɪ
hardy	ɦardi
harka	ɦarka
harmon	ɦarmɔn
harmonický	ɦarmɔnitskiː
harmonogram	ɦarmɔnɔgram
harmónia	ɦarmɔːnia
haro	ɦarɔ
harold	ɦarɔɫd
harper	ɦarpɛr
harriet	ɦariɛt
harry	ɦari
harryho	ɦariɦɔ
harvey	ɦarvɛj
harčički	xartʃɛtʃkɪ
has	ɦas
hasan	ɦasɑn
hasič	ɦasitʃ
hasičského	asitʃskɛːɦo
hasičský	ɦasitʃskiː
hasiť	ɦasic
haskelky	ɦaskɛlki
hassan	ɦasɑn
hates	ɦatɛs
havarijný	ɦavarijniː
have	ɦavɛ
havena	ɦavɛna
havran	ɦavran
havraní	ˈavraɲiː
havária	ɦavaːria
hazard	hazaɾ
haze	ɦazɛ
haču	ɦatʃu
hašiš	ɦaʃiʃ
he	ɦɛ
heart	ɦɛart
heather	ɦɛatɦɛr
hebký	ɦɛbkuː
hebrej	ɦɛbrɛj
hebrejci	ɦɛbrɛjtsiː
hebrejský	ɦɛbrajskiː
heger	ægæɾ
heh	ɦɛɦ
hehe	ɦɛɦɛ
hehehe	ɦɛɦɛɦɛ
hej	hˈeɪ
hej	ɦɛj
hektor	ɦɛktɔr
hektorom	ɦɛktɔrɔm
hektár	ɦɛktɑːr
helen	ɦɛlɛn
helikoptéra	elikoptɛːra
hello	ɦɛɫɔ
helou	ɦɛɫɔu
helsinki	ɦɛɫsinki
hemoglobín	ɦɛmoklobiːn
henry	ɦɛnri
henryho	ɦɛnrihɔ
hentam	ɦɛntam
heparín	ɦɛpariːn
herbovým	ɦɛrbɔviːm
hercegovina	ɦɛrtsɛgɔvina
hercom	ɦɛrtsɔm
hercov	ɦɛrtsɔv
here	ɦɛrɛ
herec	ɦɛrɛts
herec	ɦɪ̞rɪ̞t
herecký	ɦɛrtskiː
herecký	ɦɛrɛtskiː
herectve	ɦɛrɛtstvɛ
herectvo	ɦɛrɛtstvɔ
herečka	ɦɛrɛtʃka
herečku	ɦarɛtʃku
hermes	ɦɛrmɛs
hernajs	ɦɛrnajs
herná	ɦɛrnaː
herný	ɦɛrniː
heroín	ɦɛrɔiːn
herňa	ɦɛrɲa
hes	ɦɛs
heslo	ɦɛslɔ
heslo	ˈɦɛslɔ
hetera	ɣɛtɛra
heterák	ɦɛtɛraːk
hetrik	ɦɛtrik
hey	ɦɛj
hh	ɦɦ
hi	ɦi
hicks	ɦitsks
hier	ɦiɛr
hierarchia	ɦiɛrarxia
hijó	ɦijɔː
hill	ɦiɫ
historicky	ɦistɔritski
historického	ɦistɔritskɛːhɔ
historický	ɦistɔritskiː
historických	ɦistɔritskiːx
historik	ɦistɔrik
historka	ɦistɔrka
historky	ɦistɔrki
história	ɦistɔːria
histórie	ɦistɔːriɛ
histórii	ɦistɔːriː
históriu	ɦistɔːriu
hit	ɦit
hitler	ɦitlɛr
hitparáda	ɦitparaːda
hl	ɦɫ
hlad	alat
hlad	ɦɫat
hladievať	ɦɫadʲːɛvac
hladina	ɦlaɟina
hladina	ɦɫaɟina
hladinou	ɦɫaɟinɔu
hladkaj	ɦɫadkaj
hladkať	ɦɫatkak
hladko	ɦɫadkɔ
hladký	ɦɫadkiː
hladná	ɦɫadnaː
hladné	ɦɫadnɛː
hladný	ɦɫadniː
hladovať	ɦladovatɕ
hladovka	ɦɫadauka
hladovke	ɦɫɑdɔvkɛ
hlas	alɑs
hlas	ɦɫas
hlase	ɦlasɛ
hlasnejšie	ɦɫasɲɛjʃiɛ
hlasno	ɦɫasnɔ
hlasný	ɦɫasniː
hlasov	ɦɫasɔv
hlasovací	ɦɫasɔvatsiː
hlasovanie	ɦɫasɔvaɲiɛ
hlasovať	ɦɫasɔvac
hlasovej	ɦɫasɔvɛj
hlasová	ɦɫasɔvaː
hlasový	ɦɫasɔviː
hlasu	ɦɫasu
hlasujúci	ɦɫasujuːtsi
hlasy	ɦɫasi
hlava	ɦlava
hlava	ɦɫava
hlavami	ɦɫavami
hlave	ɦɫavɛ
hlavička	ɦɫavitʃka
hlavne	ɦɫɑvɲɛ
hlavnej	ɦɫavnɛj
hlavnou	ɦɫɑvnɔu
hlavná	klɑvna
hlavná	ɦlavna
hlavná	ɦlavnaː
hlavná	ɦɫavnaː
hlavné	ɦɫavnɛː
hlavného	ɦɫavnɛːhɔ
hlavní	ɦɫavniː
hlavný	alavniː
hlavný	ɦlavni
hlavný	ɦlavniː
hlavný	ɦɫavniː
hlavných	ɦɫavniːx
hlavným	ɦɫavniːm
hlavou	ɦlɑvɔu
hlavu	lavu
hlavu	ɦɫɑvʊ
hlavy	ɦɫavi
hlbina	albina
hlbina	ɦɫbina
hlboko	ɦɛbɔkɔ
hlboko	ɦɫbɔkɔ
hlboký	ɦɫbɔkiː
hlbín	ɦɫbiːn
hlbšie	ɦɫbʃiɛ
hliadka	ɦliadka
hliadky	ɦɫiadki
hlina	elina
hlina	ɦlina
hlinený	ɦɫiɲɛniː
hliník	ɦɫiɲiːk
hliníkový	ɦlɛɲiːkoviː
hliníkový	ɦɫiɲiːkɔviː
hlody	lɔdi
hlohovec	ɦlaɦovɛts
hlohovec	ɦɫɔɦɔvɛts
hltať	ɦɫtɑtʃ
hlucho	ɫuxo
hluchá	ɐluxa
hlucháň	pluxaːɲ
hluchému	ɦluxɛːmu
hluchý	hluxiː
hluchý	ɦɫuxiː
hluk	ɦɫuk
hlupák	hɫupaːk
hlupák	ɦɫupaːk
hlupáčik	ɦlupaːtʃi
hlučný	ɦɫutʃniː
hlásať	ɦɫaːsac
hlásenie	hɫɑːsɛɲiɛ
hlásenie	ɦɫaːsɛɲiɛ
hlásite	hɫɑːsicɛ
hlásiť	ɦɫaːsic
hlásnik	ɦlaːsnɛk
hlások	hɫɑːsɔk
hláste	ɦɫaːscɛ
hlásy	hɫaːsi
hlísta	ɦlʲista
hlúpa	hɫuːpa
hlúpe	hɫuːpæɛ
hlúpejší	lupɛjʃi
hlúpo	hɫuːpɔ
hlúposti	hɫuːpɔsci
hlúposť	hɫuːpɔsc
hlúposť	ɦɫupɔsc
hlúpu	hɫuːpu
hlúpy	hɫuːpi
hlúpy	ɦɫupi
hm	ɦm
hmat	lə-mˈat
hmla	ɦmɫa
hmla	ɦɛmlɛ
hmlisto	amljsto
hmm	ɦm
hmmm	ɦmm
hmota	ɦmɔta
hmotnosť	ɦmɔtnɔsc
hmotný	ɦmɔtniː
hmoty	ɦmɔti
hmyz	ɦmiz
hmyzej	ɦmizɛj
hnal	ɦnaɫ
hnačka	ɦnatʃka
hnačke	ɦnatʃkɛ
hnať	ɦnac
hned	ɦnɛd
hnedé	ɦɲɛdɛː
hnedý	ɦɲɛdiː
hnev	ɦɲɛv
hnevať	ɦɲɛvac
hnevu	ɦɲɛvu
hneď	ɦɲɛɟ
hniezdiť	ɦniɛzdik
hniezdo	ɦɲiɛzdɔ
hnilý	hni˥˩li˥˩
hnoj	ɦanoi
hnoj	ɦnɔj
hnojivo	ɦnɔjivɔ
hnus	ɦnus
hnusia	ɦnusia
hnusné	ɦnusnɛː
hnusný	ɦnusniː
hnutie	ɦnuciɛ
hnutie	ɦnutiɛ
hnutí	ɦnuciː
hnúť	ɦnuːc
ho	hok
ho	ɦo
ho	ɦɔ
hoak	ɦɔak
hoaksov	hɔaksɔv
hobby	ɦɔbi
hobitie	ɦɔbikiɛ
hobo	ɦɔbɔ
hoc	ɦɔts
hocaký	ɦotsaki
hoci	hoːtsi
hoci	ɦɔtsi
hocijaký	ɦotsiakiː
hocijaký	ɦɔtsijakiː
hocikoho	ɦɔtsikɔhɔ
hocikto	ɦɔtsiktɔ
hociktorý	ɦɔtsiktɔriː
hocičo	ɦɔtsitʃɔ
hod	ɦɔt
hodi	ɦɔɟi
hodil	ɦɔɟil
hodin	ɦɔɟin
hodina	ɦɔɟina
hodinami	ɦɔɟinami
hodine	ɦoɟiɲɛ
hodiniek	odɪnjɛk
hodinka	ɦɔɟinka
hodinky	ɦɔɟinki
hodinky	ɦɔɟɛnki
hodinou	vodɪnou
hodinou	ɦɔɟinɔu
hodinový	ɦɔɟinɔviː
hodinu	ɦɔɟinu
hodiny	ɦɔɟini
hodinách	ɦɔɟinaːx
hodiť	ɦɔɟic
hodna	ɦɔdnɑ
hodnostár	ɦɔdnɔstɑːr
hodnosť	ɦɔdnɔsc
hodnota	ɦɔdnɔta
hodnote	ɦɔdnɔcɛ
hodnotenie	ɦɔdnɔcɛɲiɛ
hodnotený	ɦɔdnɔcɛniː
hodnotiaci	ɦɔdnɔciatsi
hodnotiť	ɦɔdnɔcic
hodnotný	ɦɔdnɔtniː
hodnotou	ɦɔdnɔtɔu
hodnotový	ɦɔdnɔtɔviː
hodnotu	ɦɔdnɔtu
hodnoty	ɦɔdnɔti
hodná	pɔdna
hodné	hɔdmɛ
hodnú	hɔdnuː
hodný	podniː
hodný	ɦɔdniː
hodonínskym	ɦɔdɔɲinskiːm
hodovnícky	aɔtɔvɲitski
hodovný	ɦɔdɔvni
hodváb	ɦɔdvɑːb
hodvábnejší	ɦɔtvɛbˈnɛjʃiː
hodvábničky	ɦɔdvaːbnitʃki
hodvábny	ɦɔdvɑːbni
hody	ɦɔdi
hodáb	ɦɔdaːb
hodí	ɦɔɟiː
hodím	ɦɔɟiːm
hodín	ɦɔdiːn
hogh	ɦɔgh
hojný	ɦɔjniː
hojos	ɦɔjɔs
hokej	hokˈe
hokej	ɦɔkɛj
hokejista	ɦɔkɛjista
hokejka	ɦɔkɛjka
hokejový	ɦɔkɛjɔviː
hokusaia	ɦɔkusaja
holandsko	ɦɔlanskɔ
holandsko	ɦɔɫandskɔ
holandsku	hɔlandsku
holandský	ɦolanskˈiː
holandský	ɦɔɫandskiː
holandčina	ɦɔlantʃina
holanďan	ɦɔlanʎan
holanďan	ɦɔɫanɟan
hold	ɦɔɫd
holding	ɦɔlding
hole	ɦɔɫɛ
holenie	ɦɔɫɛɲɛ
holič	ɦɔllitʃ
holly	ɦɔɫi
hologram	ɦɔloːgram
holohlavá	ɦɔlɔɦlɔvaː
holohlavý	ɦɔlɔɦlaːviː
holokaust	ɦɔɫɔkaust
holosko	ɦɔlɔʃkɔ
holub	ɦɔɫup
holubací	ɦɔlubatsiː
holuby	ɦɔɫubi
holúbä	ɦaluːbɛ
holý	ɦɔɫiː
holými	ɦɔɫiːmi
homosexuál	ɦɔmɔsɛksuaːl
homosexuálny	hɔmɔsɛksuaːlni
homár	hɔmaːr
honda	ɦɔndɑ
honduras	ɦɔndɔɾɑs
hondy	ɦɔndi
honec	hoɲits
hong	ɦɔng
honorár	ɦɔnɔraːr
hoo	ɦɔʊ
hoola	ɦɔɫa
hop	ɦɔp
hoper	ɦɔpæɛr
hopoval	ɦɔpɔval
hopový	ɦɔpɔviː
hopson	ɦɔpsɔn
hor	ɦɔr
hora	ɦɔra
hora	ɦɔrɑ
hore	hoɾe
hore	ɦɔrɛ
horeš	ɦɔrɛʃ
hori	ɦɔri
horia	ɦɔria
horiaci	ɦɔriatsi
horieť	ɦorjɛtɕ
horieť	ɦɔriɛc
horizont	parizont
horizont	ɦɔrizɔnt
horizonte	ɦɔrizɔncɛ
horizontálny	hɔrizɔntɑːlni
horko	ɦɔrkɔ
horký	ɦorki
horký	ɦɔrkiː
horkým	ɦɔrkiːm
hormonálny	formonaːlni
hormón	ɦɔrmɔːn
hornatý	ɦornati
hornina	ɦɔrɲina
horná	hornɑː
hornád	ɦɔrnaːd
horný	ɦɔrniː
horolezec	ɦɔrɔlɛzɛts
horor	ɦɔror
horor	ɦɔrɔr
horory	ɦɔrɔri
horou	ɦɔrɔu
horský	ɦɔrskiː
horu	ɦɔru
hory	ɦɔri
horách	ɦɔraːx
horák	ɦɔraːk
horár	hoɾaːr
horí	ɦɔriː
horúce	ɦɔruːtsɛ
horúci	ɦɔruːtsi
horúci	ɦɔrʊtsi
horúco	ɦɔruːtsɔ
horúčava	ɦɔruːtʃava
horúčka	ɦorutʃka
horúčka	ɦɔruːtʃka
horúčku	ɦɔruːtʃku
horčica	ɦɔrtʃitsa
horšia	korʃja
horšia	ɦɔrʃia
horšie	ɦorʃi
horšie	ɦɔrʃiɛ
horší	ɦoɾʃiː
horší	ɦɔrʃiː
hos	hɔs
hospitalizácia	ɦɔspitalizaːtsia
hospodár	hɔspɔdar
hospodárenie	ɦɔspɔdaːrɛɲiɛ
hospodáriť	ɦospodaːrik
hospodáriť	ɦɔspɔdaːric
hospodársky	ɦɔspɔdaːrski
hospodárstvo	ɦɔspɔdaːrstvɔ
host	ɦɔst
hostia	ɦoːstia
hostia	ɦɔscia
hostina	ostina
hostina	ɦɔscina
hostinec	ɦɔsciɲɛts
hostinský	ɦosciːnskiː
hostinu	ɦɔscinu
hostiteľ	ɦɔscicɛʎ
hostiť	ɦɔscic
hostí	ɦosciː
hostíme	ɦoʊsciːmɛ
hosť	ɔsc
hosť	ɦɔsc
hosťa	ɦɔsca
hosťkou	hɔsckoʊ
hosťom	ɦɔscɔʊm
hosťov	ɦɔscɔv
hosťovanie	ɦɔscɔvaɲiɛ
hosťovecký	ɦɔʊscɔvɛtskiː
hosťujúci	ɦɔscujuːtsi
hot	ɦɔt
hotel	otɛl
hotel	ɦɔtɛl
hotela	ɦɔtɛɫa
hoteli	ɦɔtɛɫi
hotelový	ɦɔtɛɫɔviː
hotovo	ɦɔtɔvɔ
hotovosti	ɦɔtɔvɔsci
hotovosť	ɦɔtɔvɔsc
hotová	ɦɔtɔvaː
hotové	ɦɔtɔvɛː
hotoví	ɦɔtɔviː
hotový	ɦɔʊtɔviː
house	ɦɔusɛ
hovadiny	ɦɔvaɟini
hovedám	ɦɔvɛdaːm
hovna	ɦɔvna
hovno	ɦɔvnɔ
hovor	ɦɔvɔr
hovorca	ɦɔvɔrtsa
hovori	ɦɔvɔri
hovoria	ɦɔvɔria
hovoria	ɦɔvɔrija
hovoriaci	ɦɔvɔriatsi
hovorievať	ɦɔvɔriɛvac
hovorii	ɦɔvɔriː
hovoril	ɦɔvɔril
hovorila	ɦɔvɔrilɑ
hovorili	ɦɔvɔrili
hovorilo	hɔvɔrilɔ
hovorit	ɦɔvɔrit
hovoriť	ɦɔvɔri
hovoriť	ɦɔvɔric
hovoriť	ɦʊvɔric
hovorkyňa	ɦɔvɔrkiɲa
hovorme	ɦɔvɔrmɛ
hovorom	ɦɔvɔrɔm
hovorov	ɦɔvɔrɔ
hovorte	ɦoʊvɔrcɛ
hovorí	ɦɔvoriː
hovorí	ɦɔvɔrɪː
hovorím	ɦɔvɔrɪːm
hovoríme	ɦɔvɔrɪːmɛ
hovoríte	hɔvɔriːtɛ
hovoríte	ɦɔvɔriːcɛ
hovoríš	ɦoʊvɔriːʃ
hovoríš	ɦɔvoriːʃ
hovädo	ɦɔvɛdɔ
hovädzie	ɦɔvɛdziɛ
hovädzí	ɦɔvɛdziː
how	hɔv
how	ɦɔv
howard	ɦɔvard
hoxton	ɦɔkstɔn
hozlár	ozlaːr
hoď	ɦɔɟ
hoľa	ɦɔʎa
hra	ra
hra	ɦra
hrabať	ɦrabac
hrabem	ɦrabɛm
hrabovec	ɦrabɔvɛts
hrac	prats
hrach	ɦrax
hracia	hratsia
hrací	ɦratsiː
hrad	rad
hrad	ɦrat
hradba	ɦradba
hradbu	ɦradbu
hradiť	ɦraɟic
hradný	ɦradniː
hradných	ɦradniːx
hradská	aratska
hradu	ɦradu
hraj	raj
hraj	ɦraj
hrajeme	ɦrajɛmɛ
hrajme	ɦrajmɛ
hrajú	ɦrajuː
hrajúci	ɦrajuːtsi
hral	ɦral
hrala	ɦrala
hrali	ɦrali
hralo	ɦralɔ
hrana	aɾana
hrana	ɦrana
hranatý	ɦranati
hranica	ɦranitsa
hranica	ɦraɲitsa
hranice	ɦraɲitsɛ
hranici	ɦraɲitsi
hranicu	ɦraɲitsu
hranie	ɦraɲiɛ
hraničiari	ɦraɲitʃiari
hraničný	ɦraɲitʃniː
hranolky	ɦranɔlki
hranom	ɦranɔm
hraného	ɦranɛːhɔ
hraný	ɦraɲiː
hračka	ɦratʃka
hračky	ɦratʃki
hrať	ɦrac
hrať	ɦrɑt
hrbatý	ɦrbatiː
hrbatý	ɦɾbtiː
hrboľaté	rbɔlatɛ
hrdina	ɦrɟina
hrdinami	ɦrɟinami
hrdinka	ɦrɟiŋka
hrdinom	ɦrɟinɔm
hrdinov	ɦrɟinɔu
hrdinovi	ɦrɟinɔvi
hrdinovia	ɦrɟinɔvia
hrdinský	ɦrɟinskiː
hrdinu	ɦrɟinu
hrdlička	hard̪lʲitʃka
hrdlo	ɦrdɫɔ
hrdo	ɦrdɔ
hrdosť	ɦrdɔsc
hrdzavý	ɦrdzaviː
hrdá	ɦrdaː
hrdý	ɦrdiː
hre	ɦrɛ
hrebeň	ɦrɛbɛɲ
hreší	ɦrɛʃiː
hriech	ɦriɛx
hriechy	ɦriɛxi
hriešnik	ɦriɛʃɲik
hriešny	ɦriɛʃni
hrmot	ɦrmɔt
hrniec	ɦrɲets
hrniec	ɦrɲiɛts
hrnček	ɦrntʃɛk
hrob	hˈɾob
hrob	ɦrɔp
hrobe	ɦrɔbɛ
hrobka	ɦrɔbka
hrobke	ɦrɔbkɛ
hrobu	ɦrɔbu
hrochom	ɦrɔxɔm
hrochov	ɦrɔxɔv
hrom	ɦrɔm
hrom	ɦɛrɔm
hromada	hramada
hromada	ɦrɔmada
hromadná	ɦrɔmadnaː
hromadný	ɦrɔmadniː
hromžiť	hromʒit
hron	ɦrɔn
hrot	ɦrɔt
hrou	ɦrɔu
hrozba	ɦrɔzba
hroziaci	ɦrɔziatsi
hrozivo	haɾozivo
hrozivý	ɦrɔziviː
hroziť	ɦrɔzic
hrozne	ɦrɔzɲɛ
hrozno	ɦrɔznɔ
hroznový	arˈɔznoviː
hrozná	ɦrɔznaː
hrozné	ɦrɔznɛː
hrozný	həˈɾosmiː
hrozný	ɦrɔzniː
hrozí	ɦrɔziː
hrsť	ɦrsc
hrtana	ɦrtana
hru	ɦru
hrubohlasej	hrubɔhlasɛj
hrubom	ɦrubɔm
hrubé	hrubɛː
hrubí	ɦrubiː
hrubý	ɦrubiː
hrudi	ɦruɟi
hrudník	ɦrudɲiːk
hruď	ɦruc
hruď	ɦrud
hruška	ɦruʂka
hruška	ɦruʃka
hrušky	ɦruʃki
hrušov	ɦruʃɔv
hry	ɦri
hryz	ɦriz
hryzec	ɦriːzɛts
hrá	ɦrɑː
hrádok	hraːdɔk
hrádok	ɦraːdɔk
hrádza	ɦraːdza
hrám	ɦraːm
hráme	ɦraːmɛ
hráte	ɦraːcɛ
hrávať	hravat
hrávať	ɦraːvac
hráč	ɦraːtʃ
hráč	ɦrɑːtʃ
hráči	ɦrɑːtʃi
hráčka	ɦraːtʃka
hráčov	ɦraːtʃɔv
hráčsky	ɦraːtʃski
hráš	ɦrɑːʃ
hrášok	hraːʃɒk
hríboch	ɦriːbɔx
hríbovej	ɦriːbɔvɛj
hríby	hribi
hrôza	ɦruɔza
hrúbka	ɦruːbka
hrýzť	ɦriːsc
hrčky	ɦɔrtʃki
http	ɦttp
hu	ɦu
huba	ɦuba
hubeného	ɦubɛnɛːhɔ
hubením	ɦubɛniːm
hubený	hubeni
hubovej	ɦubɔvɛj
hubu	ɦubu
huby	ɦubi
hubár	hubar
hubárka	xobarka
hudba	ɦudba
hudba	ɦutba
hudba	ɦʊdba
hudbe	ɦudbɛ
hudbou	ɦudbɔv
hudbu	ɦudbu
hudby	ɦudbi
hudobného	ɦudɔbnɛːhɔ
hudobník	ɦudobnʲiːk
hudobník	ɦudɔbɲiːk
hudobníkov	ɦudɔbɲiːkɔv
hudobný	ɦudɔbniː
hudobných	hudɔbniːx
hughes	ɦughɛs
huh	ɦuɦ
hulákavo	huvakavo
humanitný	ɦumanitniː
humanitárny	ɦumanitɑːrni
humenné	umɛnnɛ
humenné	ɦumɛnnɛː
humenný	ɦumɛnniː
humenský	ɦumɛnskiː
hummera	ɦumɛra
hummus	ɦumus
humor	ɦumɔr
humus	ɦumus
hun	ɦun
hung	ɦung
hure	ʊɾɛ
hurikán	ɦurikaːn
hurikánu	ɦurikaːnu
hurá	ɦuraː
hus	ɦus
hus	ɾʊs
husi	ɦusi
husle	ɦuslɛ
hustota	ɦustɔta
hustý	ɦustiː
husľami	husʎami
hviezd	ɦviɛzd
hviezda	ɦviɛzda
hviezdami	ɦviɛzdami
hviezdička	ɦviɛzɟitʃka
hviezdny	ɦviɛzni
hviezdoslavov	ɦviɛzdɔslavɔv
hviezdu	ɦviɛzdu
hviezdy	ɦviɛzdi
hvizdák	vizdaːk
hvizdárka	viztarka
hybaj	ɦibaj
hybe	ɦibɛ
hydina	ɦiɟina
hydinový	iɟɪnɔʋiː
hydinu	ɦiɟinu
hydra	ɦidra
hydry	ɦidri
hygiena	ɦigɪɛna
hygienickú	ɦigɪɛnitskuː
hygienický	ɦigiɛnitskiː
hymna	ɦimna
hynula	ɦinula
hyperbola	pɪperbɔla
hypermarket	ɦipɛrmarkɛt
hypotekárny	ɦipɔtɛkɑːrni
hypotéka	ɦipɔtɛːka
hypotéku	ɦipɔtɛːku
hypotéza	hipɔtɛlza
hypotéza	ɦipɔtɛːza
hysterky	ɦistɛrki
hystéria	istɛria
hystéria	ɦistɛːria
hystérii	ɦistɛːriː
hyundai	ɦiundaji
há	ɦaː
hádaj	ɦaːdaj
hádam	ɦaːdam
hádať	ɦaːdac
hádka	ɦaːdka
hádzaná	ɦaːdzanaː
hádzanár	ɦaːdzanaːr
hádzanárov	ɣaːdzɑnaːrɔv
hádzanársky	ɦaːdzanaːrski
hádzať	ɦaːdzac
háj	ɦaːj
hája	ɦaːja
háje	ɦaːjɛ
hák	ɦaːk
háku	ɦaːku
háma	ɦaːma
hámor	ɦaːmɔr
hánka	hanka
háremový	ɦarɛmovji
hárok	ɦaːrɔk
háčik	aːtʃɪk
háčik	ɦaːtʃik
hôr	ɦuɔr
hôrka	ɦuɔrka
húfne	huːfɲɛ
húkačku	huːkatʃku
húlia	hulʲa
húsenice	huːsɛɲitsɛ
húska	ɦuːska
hýb	ɦiːb
hýbať	ɦiːbac
hýbe	ɦiːbɛ
hýbte	ɦiːbcɛ
hýbu	ɦiːbu
hĺbka	hoːpka
hĺbka	ɦɫːbka
hľa	ɦʎa
hľadaj	ɦʎadaj
hľadajte	ɦʎadajcɛ
hľadajú	ɦʎadajuː
hľadal	ɦʎadal
hľadala	ɦʎadala
hľadali	ɦʎadali
hľadanie	ɦʎadaɲiɛ
hľadaniu	ɦʎadaɲiu
hľadaní	ɦʎadaɲiː
hľadaný	ɦʎadaniː
hľadať	ɦʎadac
hľadieť	ɦʎaɟiɛc
hľadiska	ɦʎaɟiska
hľadisko	xlʲadiskɔ
hľadisko	ɦʎaɟiskɔ
hľadjú	ɦʎadjuː
hľadá	ɦʎadaː
hľadám	ɦʎadaːm
hľadáme	ɦʎadaːmɛ
hľadáte	ɦʎadaːcɛ
hľadáš	ɦʎadaːʃ
hŕba	ɦrːba
hŕstka	ɦrːstka
i	i
i	i˥˩
ian	iɑn
ib	ib
iba	ibah
iba	ibɑ
ibaže	ibaʒɛ
ibiš	iliʃ
ibištek	ibiʃtʃak
ibn	ibn
icc	itsts
icf	itsf
ich	ix
ich	iː
ich	iːx
ich	jix
icy	itsi
ida	ida
ide	idzɛ
ide	idzʲe
ide	iɟɛ
idea	idɛa
idem	iɟɛm
ideme	iɟɛmæ
identický	idɛntitskiː
identifikačný	idɛntifikatʃniː
identifikovať	idɛntifikɔvac
identifikácia	idɛntifikɑːtsia
identita	idɛntita
ideologický	idɛɔɫɔgitskiː
ideológia	idɛɔɫɔːgia
ideový	idɛɔviː
idete	iɟɛcæɛ
idete	iɟɛcɛ
ideál	idɛaːɫ
ideálna	ʲidɛɑːlna
ideálne	idɛaːlɲɛ
ideálne	idɛɑlnɛ
ideálny	idɛaɫni
ideálny	idɛaːlni
ideš	iɟɛʃ
idi	iɟi
idiot	idiɔt
idiot	id̪iot̪
idioti	idiɔci
idióm	idiom
idol	idɔɫ
idu	idu
idyla	idɪva
idz	ʏ̞jdz
idzeš	igzæʃ
idú	iduː
if	if
ifp	ifp
ignorovať	ignɔrɔvac
ignorujú	ignɔrujuː
igora	igɔra
ihla	iɦɫa
ihlicu	ihlitsu
ihličie	iɦlɪtʃɪ
ihneď	iɦɲɛɟ
ihrisko	iɦriskɔ
ihrisku	iɦrisku
ikona	ikona
ikona	ikɔna
ilegálny	ilɛgaːɫni
ilium	ilium
ilja	ilja
iljovho	iljɔvhɔ
iljovi	iljɔvi
ilju	ilju
ilustrovať	ilustrɔvac
ilustrácia	ilustraːtsia
ilúzia	iluzia
ilúzia	iluːzia
im	im
imanie	imaɲiɛ
imbecil	imbɛtsil
imelo	imɛla
imidž	imitʃ
imigrant	imigraːnt
imitujúcich	imitujuːtsix
imitácia	imitatsija
imperializmus	impeɾialismʊs
implementovať	implamɛntɔvat
implementácia	implemɛntɑːtsia
implementácia	implɛmɛntaːtsia
imponuje	impɔnujɛ
import	impɔrt
impozantný	impozontnɨ
impulz	impulz
impulzov	impuɫzoʊ
impéria	impɛːria
impérium	imperium
impérium	impɛːrijum
imunita	imulita
imunita	imunita
imunitný	imunitniː
in	in
inak	inak
inak	inɑk
inak	iːnak
inakosť	jɛnakosc
inakšie	inakkʃiɛ
inakší	iːnakʃiː
inam	inɑm
incest	jɛntsɛst
incident	intsidɛnt
inde	inɟɛ
index	indɛks
india	india
india	ˈɪndiːɑ
indický	inditskiː
indii	indiː
indikátor	indikɑːtɔr
individualita	individualita
individuálne	individuɑːlɲɛ
individuálny	individuaːlni
indián	indiaːn
indiánsky	indiaːnski
indoeurópsky	induɛurɔːpski
indonézia	indɔnɛːzia
industriálny	ɨnˈdʊstriaːlˈnɔ
ine	inɛ
inej	ine
inej	inɛj
infantilný	infantilnj
infarkt	infarkt
infekcia	infɛktsia
infekčný	infɛktʃniː
inflačný	inflatʃniː
inflácia	inflaːtsia
info	infɔ
informatik	jnfɔrˈmatiˈk
informatika	infɔrmatika
informačný	infɔrmatʃniː
informovanie	infɔrmɔvaɲiɛ
informovanosť	infɔrmɔvanɔsc
informovaný	infɔrmɔvaniː
informovať	infɔrmɔvac
informovať	infɔrmɔvak
informuje	infɔrmujɛ
informácia	infɔrmaːtsia
informácie	infɔrmɑːtsijɛ
informáciu	infɔrmɑːtsiju
informácií	infɔrmɑːtsiː
infraštruktúra	infraʃtruktuːra
infraštruktúry	infraʃtruktuːri
ing	ing
inherencia	ʲinʲɛrɛntsʲiʲa
iniciatíva	initsiatiːva
iniciatívne	jnitsiativnɛ
iniciatívu	initsiatiːvu
iniciovať	initsiɔvac
iniciála	initsiaala
iniciátor	initsiaːtɔr
injekcia	injɛktsia
injekciu	injɛktsiu
inkasovať	inkasɔvac
inkrement	ɛŋkɾemɛnt
inn	in
inokedy	inɔkɛdi
inom	inɔm
inou	inɔu
inovatívny	inɔvɑtiːvni
inovačná	inɔvatɕna
inovačný	inɔvatʃniː
inovácia	inɔvɑːtsia
inovácia	ˈinɔvaːtsia
inovácie	inɔvaːtsijɛ
inscenované	instsɛnɔvɑnɛː
inscenácia	instsɛnaːtsia
integračný	intɛgratʃniː
integračných	iŋtɛgraːtʃɲix
integrovaná	intɛgrɔvanaː
integrovaný	intɛgrɔvaniː
integrovaných	intɛgrɔvaniːx
integrovať	intɛgrɔvac
integrácia	intɛgraːtsia
integrátor	intɛgratɔr
intel	intɛl
intelektuál	intɛlɛktuɑːl
intelektuálny	intɛlɛktuɑːlni
inteligencia	intɛligɛntsia
inteligencia	intɛlɪgɛntsjɛ
inteligencie	intɛligɛntsiɛ
inteligenciou	intɛligɛntsiɔu
inteligenciu	intɛligɛntsiu
inteligentný	intɛligɛntniː
intenzita	intɛnzita
intenzívne	intɛnziːvnɛ
intenzívne	intɛnziːvɲɛ
intenzívny	intɛnziːvni
intenzívny	intɛnzjivni
inter	intɛr
interakcia	intɛraktsia
interiér	intɛriɛːr
interne	ɛntɛrnʲe
internet	intɛrnɛt
internete	intɛrnɛcɛ
internetový	intɛrnɛtɔviː
internát	intɛrnaːt
interný	intɛrniː
interpret	intɛrprɛt
interpreti	intɛrprɛci
interpretoch	intɛrprɛːtɔx
interpretov	intɛrprɛtɔv
interpretovať	intɛrprɛtɔvac
interpretá	intɛrprɛtaː
interpretácia	intɛrprɛtaːtsia
interrupcia	intɛruptsia
interval	intɛrval
intervencia	intɛrvɛntsia
interview	intɛrviɛv
intímne	intiːmnɛ
intímny	intiːmni
invalidný	invalidniː
inverzia	ɪnɪvɛrˈziɑ
investitúra	investitura
investičný	invɛstitʃniː
investor	invɛstɔr
investovanie	invɛstɔvaɲiɛ
investovať	invɛstɔvac
investícia	invɛstiːtsia
investície	investitsie
investície	invɛstiːtsiɛ
investícií	invɛstiːtsiː
invázia	invɑːzia
inzercia	inzɛrtsia
inzerát	inzɛraːt
inzerát	iːnzɪˈɾɑːt
iná	inɑː
ináč	inɑːtʃ
iné	inɛ
iné	inɛː
iného	inɛːhɔ
inému	inɛːmu
iní	iniː
inú	inuː
iný	iniː
iných	iniːx
iným	iniːm
inými	iniːmi
inšpekcia	inʃpɛktsia
inšpektor	inʃpɛktɔr
inšpektorát	inʃpɛktɔraːt
inšpirovalo	inʃpirɔvalɔ
inšpirovaný	inʃpirɔvaniː
inšpirovať	inʃpirɔvac
inšpirácia	inʃpirɑːtsia
inštalatér	iŋʃtalaːtɛr
inštalovaný	inʃtalɔvaniː
inštalácia	inʃtalɑːtsia
inštinkt	inʃtinkt
inštitucionálny	inʃtitutsiɔnaːɫni
inštitúcia	inʃtituːtsia
inštitúciami	inʃtituːtsiami
inštitúcií	inʃtituːtsiiː
inštitút	inʃtituːt
inštrukcia	inʃtruktsia
inštrukcie	inʃtruktsiɛ
inštruktor	inʃtruktɔr
inžinier	inʒiɲiɛr
inžiniersky	inʒiɲiɛrski
inžinierstvo	inʒiɲiɛrstvɔ
ipc	ipts
iphone	ipɦɔnɛ
ira	ira
irackí	irɑtskiː
iracký	irɑtskiː
irak	irɑk
iraku	irɑku
iris	iris
ironický	irɔnitskiː
irán	irɑːn
irán	iɾaːn
irán	iːraːn
iránsky	irɑːnski
irónia	irnia
irónia	irɔːnia
is	is
iskra	iskra
iskra	iskrɑː
iskrivý	iskrɛviː
iskriť	iskritsʲ
islam	isɫam
islamský	islamskiː
island	island
island	isɫand
island	ˈislam
islandčina	islamtʃina
islanďanka	islamʝanka
isn	isn
iso	iso
ist	ist
istanbul	istanbul
iste	iscɛ
istej	istɛj
isteže	iscɛʒɛ
isteže	istɛʒɛ
isto	istɔ
istom	istɔm
istota	istotˈa
istota	istɔta
istotne	istɔtɲɛ
istotou	istɔtɔu
istotu	istɔtu
istrobanka	istrɔbanka
istrochem	istrɔxɛn
istropolis	istrɔpɔlis
isty	isti
istá	istɑː
isté	istæɛː
istého	istɛːhɔ
istí	istɪː
istú	istuː
istý	isti
istý	istiː
istý	istɪː
istým	istiːm
isť	isc
it	it
itinerár	itinɛraːr
itirenár	itirɛnaːr
iv	iv
ivan	ivɑn
ivana	ivanɑ
ivanku	ivanku
ivanom	ivɑnɔm
iveta	iveta
iveta	ivɛta
ivete	ivɛcɛ
ivory	ivɔri
ix	iks
iz	iz
izba	izba
izba	izbã
izbe	izbɛ
izbový	izbɔviː
izbu	izbu
izby	izbi
izolovaný	izɔlɔvaniː
izolácia	izɔlɑːtsia
izrael	izrɑɛɫ
izraela	izrɑɛlɑ
izraelský	izraɛlskiː
izraelský	izrˈaɛlskiː
išiel	iʃiɛl
išla	iʃlɑ
išli	iʃli
išlo	iʃlɔ
j	ieː
j	j
ja	ja
ja	ɪɑ
jaan	jaːn
jablko	jabɫkɔ
jablkový	jabɫkɔviː
jablká	jablkaː
jabloň	jablɔɲ
jabloň	ˈjɑblɔɲ
jabĺk	jabɫːk
jachta	jaxta
jack	jatsk
jacka	jatska
jackie	jatskiɛ
jackieho	jatskiɛhɔ
jackson	jatsksɔn
jacob	jatsɔb
jacoby	jɑtsɔbi
jacques	jatskuɛs
jade	jadɛ
jadier	jaɟiɛr
jadra	jadra
jadre	jadrɛ
jadro	jadro
jadro	jadrɔ
jadrová	jadrɔvɑː
jadrový	jadrɔviː
jadrách	jadraːx
jah	jaɦ
jahad	jɑɦɑd
jahoda	jaɦɔda
jahôd	jɑɦuɔd
jahňa	jaɦɲa
jahňacina	jɑɦnɑtsɪnɑ
jaj	jaj
jak	jak
jak	jˈak
jake	jakɛ
jako	jakɔ
jakoby	jakɔbi
jakuba	jakuba
jama	jama
jamaala	jamɑːɫa
jamajka	iamejka
james	jamɛs
jamie	jamijɛ
jamieho	jamijɛɦɔ
jamka	jamka
jamník	jamɲik
jamník	jamɲiːk
jan	jan
jane	jɑnɛ
janet	janɛt
janečkovou	janɛtʃkɔvɔu
jang	jang
janin	jaɲin
janka	janka
janko	jɑnkɔ
jankovský	jankɔvski
jano	ianoi
jano	jɑnɔ
január	januaːr
január	januˈaɾ
januára	januaːra
januárový	januaːrroˈviː
januárový	januaːrɔviː
japonska	japɔnska
japonsko	japɔnskɔ
japonskú	japɔnskuː
japonský	japɔnski
japonský	japɔnskiː
jar	jar
jar	jˈar
jarabý	jarabii
jariabok	ɪɛliɛbok
jarmok	jarmɔk
jarmok	jarnov
jarný	jarni
jarný	jarniː
jarok	jɑrɔk
jarok	jɛrok
jas	jas
jasenov	jasɛnɔv
jasenová	jasɛnɔvaː
jaseň	jasɛɲ
jaskyňa	jaskiɲa
jaskyňa	jaskʲiɲːa
jasmín	jasmiːn
jasne	jasnɛ
jasne	jɑsnɛ
jasno	jasnɔ
jasnosť	jasnost
jasnosť	jasnɔsc
jasná	jasnaː
jasné	jasnɛː
jasné	jˈasnˌeː
jasný	jasne
jasný	jasniː
jasný	jasnɨ
jasných	jasniːx
jason	jasɔn
jasoň	jasɔɲ
jaspera	jaspɛra
jastrab	jastrap
jastrab	jaztrˈap
jaternica	fʲatʲeɾnʲitsa
jav	jav
javisko	javiskɔ
javisku	javisku
javiť	javic
javorníky	javɔrɲiki
javy	javi
javí	javiː
jay	jai
jaz	jaz
jazda	jazda
jazdca	jɑssa
jazdci	jaztsi
jazdec	jazɟɛts
jazdecký	jazɟɛtskiː
jazdecký	jɑzdʒɛtskiː
jazdi	jazɟi
jazdiť	jazdi
jazdiť	jazɟic
jazdný	jazdeːniː
jazdný	jazniː
jazdu	jazdu
jazdy	jazdi
jazera	jazɛra
jazere	jazɛrɛ
jazero	jazero
jazero	jazɛrɔ
jazeru	jazɛru
jazerá	jazɛraː
jazier	jaziɛr
jazierko	jazirko
jazmínom	jazmiːnɔm
jazva	jazva
jazvecov	jazvɛtsɔv
jazvečík	jˈasvɛtʃiːk
jazyk	jazik
jazyk	jazɨk
jazyk	jazɪk
jazyka	jazika
jazyka	jazɪka
jazykmi	jazikmi
jazykoch	jazikɔx
jazykom	jazikɔm
jazykom	jãzikɔm
jazykovedný	mjazikɔvɛdniː
jazykovo	jazikɔvɔ
jazykový	jazikɔviː
jazyku	jaziku
jazyky	jaziki
jačmeň	jatʃmɛɲ
jačí	jatʃiː
jačím	jatʃiːm
jašterica	aʃtɛritsa
jašterica	jaʃcɛritsa
jaštery	jaʃtiri
je	j
je	ji
je	jiɛ
je	jɛ
je	jɪ
je	jˈɛ
je	ɪɛ
jean	jɛan
jebať	jɛbac
jebem	jɛbɛm
jebme	jɛbmɛ
jebnutý	jɛbnutiː
jed	jɛt
jed	jˈɛt
jeden	jɛden
jeden	jɛdɛn
jedenie	jeˈdʲiɲi
jedenie	jɛɟɛɲiɛ
jedenástka	jɛdɛnaːstka
jedenásty	jɛdɛnaːsti
jedenásť	jɛdɛnaːsc
jedia	jɛɟɪa
jedine	jɛɟɪɲɛ
jedinec	jɛɟɪɲɛts
jedinej	jɛɟɪnɛj
jedinečné	jɛɟɪɲɛtʃnɛː
jedinečný	jɛɟɪɲɛtʃniː
jedinou	jɛɟɪnou
jediná	jɛɟɪnɑː
jedináčik	jɛdinaːtʃɛk
jediné	jɛɟɪnæɛː
jediného	jɛdʑinɛːɦo
jediného	jɛɟɪnɛːɦɔ
jediní	jɛɟɪniː
jedinú	jɛɟɪnuː
jediný	jɛɟɪˌniː
jediným	jɛɟɪniːm
jedla	jɛdɫa
jedli	jɛdli
jedlo	jɛdla
jedlo	jɛdɫɔ
jedlo	jˈɛdlˈɑ
jedlom	jɛdɫɔm
jedlé	jɛdlɛː
jedlík	jɛdliːk
jedna	jɛdna
jedna	jɛdnɑ
jednak	jɛːdnak
jednako	jɛːdnakɔ
jednanie	jɛdnaɲiɛ
jednanie	jɛdnaɲɛ
jednať	jɛbnacɪ
jednať	jɛdnac
jednej	jɛdnɛj
jednen	jɛdnɛn
jedniný	jɛdɲɪniː
jedno	jɛdno
jedno	jɛdnɔ
jedno	jˈɛgnɔ
jednoducho	jɛdnɔduxɔ
jednoduchos	jɛdnɔduxɔs
jednoduchosť	jɛdnɔduxɔsc
jednoduchá	jɛdnɔduxɑː
jednoduché	jɛdnɔduxɛː
jednoduchý	jɛdnɔduxi
jednoduchý	jɛdnɔduxiː
jednoduchšie	jɛdnɔduxʃiɛ
jednodňový	jɛdnɔdɲɔviː
jednofarebný	jɛdnɔfarɛbnɛ
jednom	jɛdnɔm
jednorazový	jɛdnɔrazɔviː
jednosnímačové	jɛdnosɲˈiːmatɕovɛː
jednostaj	jɛdnɔstaj
jednostranný	jɛdnɔstraniː
jednota	jɛdnɔta
jednotka	jɛdnotka
jednotka	jɛdnutka
jednotka	jɛdnɔtka
jednotku	jɛdnotku
jednotky	jɛdnotki
jednotlivcov	jɛdnɔtɫivcɔv
jednotlivec	jɛdnɔtɫivɛts
jednotlivý	jɛdnɔtɫiviː
jednotlivých	jɛdnɔtɫiviːx
jednotná	jɛdnotna
jednotná	jɛdnotnaː
jednotný	jɛdnɔtniː
jednou	jɛdnɔu
jednovláknový	jɛdnɔvlɑːknɔviː
jednoznačne	jɛdnɔznatʃɲɛ
jednoznačný	jɛdnɔznatʃniː
jednočinnom	jɛdnɔtʃinnɔm
jednu	jɛdnu
jedny	jɛdni
jedná	jɛdnaː
jednáš	jɛdnaːʃ
jedného	jɛdnɛːɦɔ
jednému	jɛdnɛːmu
jedných	jɛdniːx
jedným	jɛdniːm
jedol	jɛdɔɫ
jedou	jɛdɔu
jedovatou	jɛdɔvatɔu
jedovatý	jɛdovatiː
jedovatý	jɛdɔvatiː
jedu	jɛdu
jedy	jɛdi
jedz	jɛts
jedák	jɛdaːk
jedáleň	jɛdaːlɛɲ
jedáleň	jɛdaːɫɛɲ
jedálne	jɛdaːnɛ
jedálniček	jɛdaːlniːtʃɛk
jedálny	jɛdaːɫni
jedľa	jædlæ
jedľu	jɛdʎu
jeff	jɛf
jeffrey	jɛfrɛi
jeho	jeho
jeho	jiɦo
jeho	jɛɦo
jeho	jɛɦɔ
jeho	jɦo
jeho	ɪɛɦɔ
jehova	jɛɦɔva
jej	iɛi
jej	jɛj
jej	jˈe
jej	ɪɛɪ
jejich	jɛjix
jelenia	jɛɫɛnʲija
jelenie	jɛlɛnʲːe
jelení	jɛ̀ːlɛːnˌiː
jeleň	jɛlɛɲ
jelšový	jɛ̀ʃɔʋiː
jemenu	jɛmɛnu
jemne	jɛmɲɛ
jemná	jɛmna
jemný	jɛmniː
jemu	jɛmu
jen	jɛn
jendu	jɛndu
jenin	jɛɲin
jenkins	jɛnkins
jenn	jɛn
jennifer	jɛnifɛr
jenny	jɛni
jenö	jɛnɔː
jeremy	jɛrɛmi
jerry	jɛri
jersey	jɛrsɛj
jeruzalem	jɛruzɑlɛm
jesenný	jɛsɛnniː
jeseň	jɛsɛnʲ
jeseň	jɛsɛɲ
jess	jɛs
jesse	jɛsːɛ
jessica	jɛsitsa
jessup	jɛsup
jest	jɛst
jest	jɛʂt
jesto	jɛstɔ
jestvovať	jɛstvɔvac
jestvovať	jɛstvɔvat
jesu	jɛsu
jesť	jɛsc
jesť	jˈɛs
jete	jɛcɛ
jezero	jɛzɛrɔ
jezuitský	jɛzuwitskiː
ješ	jɛʃ
ješ	jˈɛʃ
ježibaba	jeʒibabɑ
ježiš	jɛʒiʃ
ježiš	ɪeʃiʃ
ježiša	jɛʒiʃa
ježiši	ɪɛʒiʃi
ježišmária	jɛʒiʃmaːria
ježííš	jɛʒiːʃ
jieho	jɛɦɔ
jill	jill
jim	jim
jiminy	jimini
jimmy	jimi
jin	jin
jis	jis
jistě	jɪscɛ
jj	jj
jmenovali	jmɛnɔʋali
jména	jmɛːna
jo	jɔ
joad	jɔad
job	jɔb
joba	jɔba
jobovo	jɔbɔvɔ
jobs	jɔbs
joby	jɔbi
joda	jɔda
joe	jɔɛ
joeda	jɔɛdɑ
joey	jɔɛji
joeyho	jɔɛjɦɔ
jogurt	jɔgurt
john	jɔɦn
johna	jɔɦna
johnny	jɔɦni
johno	jɔɦnɔ
johnom	jɔɦnɔm
johnson	jɔɦnsɔn
johny	jɔɦni
joj	jɔj
jolana	ʝolana
jols	jɔɫs
jolt	jɔɫt
jonathan	jɔnatɦan
jones	jɔnɛs
jonh	jonh
jop	jɔp
jordan	jɔrdan
jordánsko	jurdaːnsko
jore	jɔrɛ
jos	jɔs
joseph	jɔsɛph
josh	jɔsh
joshua	jɔsɦua
jost	jɔst
jou	jɔu
jozef	jɔzɛf
jozefa	jɔzɛfa
jozefovi	jɔzɛfɔvi
jsem	jsɛm
ju	ju
jubilejný	jubilɛjniː
jubileum	jubilɛum
jubilujúci	jubilujuːtsi
judaizmus	judaˈismʊs
juddom	judɔm
judr	judr
judy	judi
juh	jux
juh	juɦ
juhoafrický	juhɔafritskiː
juhoamerický	juhɔɑmɛritskiː
juhoamerický	juɦoameritski
juhoeurópsky	juɣoɛvropski
juhokórejský	juhɔkɔːrɛjskiː
juhoslovanský	juhɔslɔvanskiː
juhoslávia	juhɔslɑːvia
juhovýchodný	juhɔviːxɔdniː
juhozápad	juhɔzaːpat
juhozápadne	juɣozapadnʲe
juhozápadná	juɦozaːpadna
juhozápadný	juhɔzaːpadniː
juhu	juɦu
jukos	jukɔs
julgovú	juɫgɔvuː
juli	juli
julia	julia
julian	julijan
julie	julijɛ
juliet	julijɛt
julius	julijus
jumperom	jumpɛrɔm
june	junɛ
juni	juni
junior	juniɔr
juniorka	juniɔrka
juniorský	juniɔrskiː
juntou	juntɔu
jupiter	jupitɛr
jur	jur
jura	ɟʊɾa
juraj	juraj
jurij	jurij
jus	jus
just	just
justin	justin
justine	justinɛ
justičný	justitʃniː
justícia	justiːtsia
juusa	juːsa
južne	juʐɨnʲe
južne	juʒɲɛ
južnej	juʒnaj
južnej	juʒɲɛj
južná	juʒnaː
južný	juʐnˈi
južný	juʒni
južný	juʒniː
južný	juːʒniː
jz	jz
já	jaː
jácny	jaːtsni
ján	jaːn
ján	jɒːn
jánošík	jɑnɔʃiːk
jánošíková	jaːnɔʃikovaː
jáá	jaː
jé	jɛː
jéj	jɛːj
jí	jiː
jízda	jiːzda
jób	jɔːb
jód	jɔd
jú	juː
júl	juːɫ
júlia	juːlia
júlový	julovji
júlový	juːɫɔviː
jún	juːn
júna	pjuːna
júni	juːni
júnový	juːnɔbiː
júnový	juːnɔviː
k	g
k	k
k	kɛ
k	kɦ
ka	kɑ
kaap	kɑːp
kaapa	kɑːpɑ
kabaret	kabarɛt
kabaret	kabɑɾet
kabelka	kabɛɫka
kabelka	kapelka
kabinet	kabinɛt
kabát	kabat
kabát	kabaːt
kabína	kabiːna
kacee	katsɛ
kacír	katsiːr
kad	kad
kade	kɑɟɛ
kadejaký	kadɛjaki
kadenciou	kadɛntsiɔu
kadere	kaɟɛrɛ
kaderník	kadɛrnit
kaderník	kaɟɛrɲiːk
kadetov	kadɛtɔv
kadiaľ	kaɟiaʎ
kadiť	kadɪtʃ
kadí	kaɟiː
kagana	kagɑnɑ
kahanom	kahanɔm
kajutu	kajutu
kajá	kajaː
kajám	kajaːm
kak	kak
kakao	kakaɔ
kakao	kakaː
kakaovník	kakaːɔvniːk
kakaový	kakaɔvi
kal	kal
kala	kaɫɑ
kalamár	kaɫamɑːr
kalb	kaɫb
kalcit	kalˈtit
kalendár	kalɛndaːr
kalendárny	kalɛndaːrni
kalendárny	xalɛndaːrni
kalifornia	kalifɔrnia
kalifornie	kalifɔrniɛ
kalifornii	kalifɔrɲiː
kalifornský	kalifɔrnskiː
kalkulačka	kalkuɫatʃka
kalkulácia	kalkulaːtsia
kalmetizácia	kɑlmɛtɪzɑːtsɪɛ
kalolis	kaolis
kaluž	kaluʒa
kalužiačik	kaloʒɪatʃɪk
kalvária	kalvɑːria
kalypso	kalipsɔ
kam	kɑm
kam	kˈɑm
kama	kɑmɑ
kamada	kamada
kamalásky	kamaɫaski
kamarat	kamarat
kamarát	kamaraːt
kamarát	kamaɾaːt̪
kamaráta	kamaraːta
kamaráti	kamaraːci
kamarátka	kamaraːtka
kamarátov	kamaraːtɔv
kamarátove	kamaraːtɔvɛ
kamasútra	kamasʊtra
kamena	kamɛnɑ
kamene	kamɛɲɛ
kamene	kamɛɲɪ
kamenica	kamɛɲitsa
kamenný	kamɛnniː
kamenosochárstvo	kamɛnɔsɔxɑːrstvɔ
kamenára	kamɛnaːra
kamera	kamɛra
kameraman	kamɛraman
kameraman	kamˌɛɾamˈan
kameru	kamɛru
kamery	kamɛri
kamerách	kamɛraːx
kamerún	kamer̩ɔn̪
kameň	kamɛɲ
kameňa	kamɛɲɑ
kameňom	kamɛɲɔm
kameňu	kamɛɲu
kamienka	kamjɛnka
kamienok	kamiɛnɔk
kamila	kamila
kamión	kamiɔːn
kamión	samiom
kamkoľvek	kamkɔʎvɛk
kamna	kamna
kamosku	kamɔsku
kamoš	kɑmɔʃ
kamoša	kamɔʃa
kamoši	kamɔʃi
kamoško	kamɔʃkɔ
kamoškou	kamɔʃkɔu
kampan	kampan
kampane	kampaɲe
kampani	kampaɲi
kampaň	kampaɲ
kamsi	kamsi
kamto	kamtɔ
kamzík	kamzˈig
kamže	kɑmʒɛ
kan	kan
kanada	kanada
kanadský	kanadskiː
kanalizácia	kanalizaːtsia
kanape	kɑnapɛ
kanaďan	kanaɟan
kancelár	kantsɛlɑːr
kancelária	kantsɛlɑːria
kancelárie	kantsɛlɑːriɛ
kancelárii	kantsɛlɑːriː
kancelársky	kantsɛarski
kancelársky	kantsɛlɑːrski
kandidatúra	kandidatuːra
kandidovať	kandidɔvac
kandidát	kandidaːt
kandidátka	kandidaːtka
kandidátom	kandidaːtɔm
kandidátsky	kandidaːtski
kanjak	kanjak
kanon	kanɔn
kanonier	kanɔɲiɛr
kansas	kansas
kantonský	kantonski
kantovu	kantɔvu
kantína	kantina
kanál	kanɑːɫ
kanáli	kanali
kanály	kanaːli
kanára	anara
kanárik	kanarik
kanárik	kanɑːrik
kanón	kanɔːn
kanón	kɑ˥nɔːm
kaos	kaɔs
kap	kap
kapa	kapɑ
kapacita	kapatsita
kapacitu	kapatsitu
kapacity	kapatsiti
kapara	kapara
kape	kapɛ
kapec	kapets
kapela	kapela
kapela	kapɛla
kapely	kapɛli
kapitalistický	kapitalistitskiː
kapitalizmu	kapitɑlizmu
kapitalizmus	kapitalizmus
kapitan	kapitɑn
kapitola	kapitɔɫa
kapitál	kapitaɫ
kapitál	kapitɑːl
kapitálny	kɑpjtaːlnɛ
kapitálový	kapitɑːlɔviː
kapitán	kapitan
kapitán	kapitãn
kapitán	kapitɑːn
kapitána	kapitɑːna
kaplnka	kapɫnka
kaplán	kapɫaːn
kapor	kapˈor
kapoty	kapɔti
kappa	kappa
kappeľ	kappɛʎ
kaprík	kapriːk
kapsľa	kapsʎa
kapuca	kaputsa
kapusta	kapusta
kapustnica	kapusdntsa
kapustové	kapustɔvɛː
kaput	kaput
kapíše	kapiːʃɛ
kapú	kapuː
kar	kara
kara	kara
karabína	karabina
karach	karɑx
karafiát	karafiat
karamel	kaɾamew
karas	karɑs
karatz	karatz
karbón	karbon
kardinál	kardinaːɫ
kardinál	kaɾdinaːl
kare	karɛ
kareem	karɛm
karelských	karɛlskiːx
karen	karɛn
karenina	karɛɲinɑ
karfiol	kaɾˈfˈil
kari	kari
kariet	kariɛt
karikatúra	karikatuːra
karikatúra	karikatˈura
kariéra	kariɛːra
kariéra	karrera
kariére	kariɛːrɛ
kariérny	kariːrni
kariéru	kariɛːru
karkarova	karkarɔva
karl	karl
karlovu	karlɔvu
karmic	kaːrmɪts
karmy	kɑrmi
karmínový	kɑrmɪŋɔʋi
karolových	karɔlɔviːx
karolína	kɑrɔliːnɑ
karoséria	karɔsɛːria
karta	karta
kartinková	kartinkɔvɑː
kartony	kartɔni
kartou	kɑrtɔu
kartu	kartu
karty	karti
karu	karu
karát	karaːt
karáty	karaːti
karé	kaɾe
karí	kariː
karčma	karʧma
kastel	kastel
kastrovaný	kastrofamiː
kasín	kasiːn
kasíne	kasiːɲɛ
kasíno	kasiːnɔ
kat	kat
kata	katɑh
katalóg	kataɫɔːg
katalógoch	kataɫɔːgɔx
katar	katar
katarínková	katariːnkɔvɑː
katarínou	katɔriːnɔu
kataster	katastɛr
katastrofa	katastrɔfa
katastrofický	katastrofitski
katastrofálny	katastrofalni
katastrofálny	katastrɔfaːɫni
katastrálny	katastraːlni
kate	kacɛ
katedra	katɛdra
katedru	kɑtɛdru
katedrála	katɛdraːlɔ
katedrála	katɛdraːɫa
kategorický	katɛgɔrɨtski
kategória	kategoˈria
kategória	katɛgɔːria
kategóriu	kategoˈriu
kath	kɑth
katherine	katɦɛrinɛ
katie	katiɛ
katolíckej	katɔliːtskɛj
katolíckom	kɑtɔliːtskɔm
katolícky	katɔliːtski
katolík	katolik
katolík	katɔliːk
katrina	katrina
katt	kɑtt
katy	kati
katz	kɑtz
kauza	kauzɑ
kauzy	kau̯sj
kaviareň	kaviarɛɲ
kavka	kalka
kavčí	kau̯tʃi
kaz	kaz
kaz	kˈas
kazachstan	kazaxstan
kazateľ	kazacɛʎ
kazateľnica	kazatɕeɫɲitsa
kazdemu	kazdɛmu
kazdom	kazdɔm
kazdy	kazdi
kazeta	gazetˈa
kazeta	kazɛta
kazete	kazɛcɛ
kazetu	kazɛtu
kazety	kazɛti
kazit	kazit
kaziť	kazi
kaziť	kazic
kazor	kazɔr
kazím	kaziːm
kazíš	kaziːʃ
kačací	katʃatsi
kačka	katʃka
kačková	katʃkɔvɑː
kaňa	kɑɲˈa
kaňoningu	kaɲɔningu
kaša	kaʃa
kaša	kˈaʃa
kaše	kaʃɛ
kašeľ	kaʃɛʎ
kaši	kaʃi
kašlať	kaʃɫac
kašlem	kaʃlɛm
kašli	kaʃli
kaštieľ	kaʃciɛʎ
kašu	kaʃu
kašľať	kaʃlac
kašľom	kaʃʎɔm
každa	kaʒda
každej	kaʒdɛj
každodenný	kaʒdɔɟɛnniː
každodenným	kaʒdɔɟɛnniːm
každom	kaʒdɔm
každopádne	kaʒdɔpaːɟɲɛ
každoročne	kaʒdɔrɔtʃɲɛ
každoročný	kaʒdɔrɔtʃniː
každou	kaʒdɔu
každy	kaʒdi
každá	kaʒdɑː
každé	kaʒdɛː
každého	kaʒdɛːɦɔ
každému	kaʒdɛːmu
každú	kasdu
každú	kɑʒduː
každý	kɑʃdiː
každých	kaʒdiːx
každým	kaʒdiːm
kde	gdʒe
kde	gɟɛ
kdekoľvek	kɟɛkɔʎvɛk
kdesi	kɟɛsi
kdeže	gdˈeʒˈɛ
kdeže	kɟɛʒɛ
kdo	kdɔ
kdy	kdi
kdysi	kdisi
když	kdiʒ
keanu	kɛanu
keby	kɛbi
kecov	kɛtsɔv
kecy	kɛtsi
ked	kɛɟ
keds	kɛds
kedy	kɛdi
kedykoľvek	kɛdikɔʎvɛk
kedysi	kɛdisi
kedysy	kɛdisi
kedz	kˈɛt
kedze	kɛdzɛ
keep	kɛɛp
kei	kɛj
kej	kɛj
keksy	kɛksi
kel	kɛɫ
kelby	kɛlbi
kelly	kɛli
kellyin	kɛlin
kelsi	kɛlsi
kelu	kɛlu
kelven	kɛlvɛn
kemp	kɛmp
kempujem	kɛmpujɛm
kena	kɛna
kenarban	kɛnarban
kennedyho	kɛnnɛdihɔ
kenny	kɛnni
kenozoikum	kenozojkun
ker	kera
ker	kɛr
keramický	kɛramitskiː
keramika	kɛramika
keva	kɛva
kevin	kɛvin
kečup	kɛtʃup
keď	ketʃ
keď	kɛɟ
keďže	kɛdʒe
keďže	kɛdʒɛ
keďže	kɛɟʒɛ
keďže	kˈɛtʒˈɛ
keľo	kelˈo
keňa	kɛɲa
kežmarok	kɛʃmɑːrɔk
kežmarok	kɛʒmarɔk
kg	kg
kgb	kgb
kia	kija
kiahne	kjaɦn
kickboxová	kikpɔksɔvaː
kiež	kiɛʒ
kiež	kje̞ʃ
kiežby	kiɛʒbi
kiku	kiku
kila	kiɫa
kilo	kiɫɔ
kilogram	kilɔgram
kilogram	kilˈoˈgrɐ̃m
kilometer	kilɔmɛtɛr
kilometer	kɪlɔmetɛr
kilometrov	kilɔmɛtrɔv
kilová	kilɔvɑː
kim	kim
kina	kinɑ
kinematografia	kinɛmatɔgrafia
king	king
kino	kinɔ
kiribati	kɪˈɾibati
kisku	kʲasku
kitty	kiti
kladený	kɫadɛni
kladina	kɫadzʲina
kladivo	klaɟivo
kladivo	kɫadɨvou
kladivo	kɫaɟivɔ
kladne	kɫadɲɛ
kladný	kɫadni
kladný	kɫadniː
klam	klam
klamal	kɫamal
klamala	kɫamala
klamali	kɫamali
klamať	kɫamac
klame	kɫamɛ
klamete	klamɛcɛ
klameš	kɫamɛʃ
klamstvo	klamstɔ
klamstvo	kɫamstvɔ
klamstvá	kɫamstvaː
klamár	klamˈaɹ
klamár	kɫamaːr
klamárka	kɫamaːrka
klamávať	kɫamava
klamú	kɫamuː
klasická	klasitskaː
klasické	klasitskɛː
klasický	klasitskiː
klasický	kɫasitskiː
klasických	klasitskiːx
klasifikácia	klasifikɑːtsia
klasik	kɫasik
klasika	klasika
klasika	kɫasika
klasiku	klasiku
klasiky	klasiki
klaun	klau̯n
klavír	kɫaviːr
klebeta	klɛbɛta
klebetní	klɛbɛtniː
klebety	klɛbɛti
klenba	klɛnba
klenot	klanot
klenotníci	klɛnɔtsniːtsi
klenotníčka	klɛvotɲiːtʃka
klenoty	klɛnɔti
klenutý	klanuti
kleopatrou	klɛɔpatrɔu
klesajúci	klɛsajuːtsi
klesať	klɛsac
klesla	klɛsla
klesnúť	klɛsnuːc
kliatba	kliatba
kliatba	kliːadba
kliatbu	kliatbu
klient	kliɛnt
klienta	kliɛnta
klientela	kliɛntɛlɑ
klienti	kliɛnci
klietka	kʎiɛtka
klika	kɫika
kliknúť	kliknut
klimaktérium	klimakterɾium
klimatický	klimatitskiː
klimatizácia	aːlimɑtisɑːtsia
klimatizácia	klimatizaːtsia
kliment	pliment
klin	klˈin
klinec	kʎiɲɛts
klinický	klinitskiː
klinika	klinika
klinček	klintʃek
klitus	klituʃ
klišé	kliʃɛː
klobučník	klabutʃɲːk
klobása	kɫɔbaːsa
klobásu	kɫɔbaːsu
klobúk	klɔbuːk
klobúčik	kɫɔbuːtʃik
klokoč	klakotʃ
klop	kɫɔp
klown	kɫɔun
klub	klub
klub	kɫub
klub	kˈup
klube	kɫubɛ
klubový	kɫubɔviː
klubu	kɫubu
klucik	klutsik
klások	klasok
klásť	klɫaːsc
klásť	kɫasc
kláves	kɫaːvɛs
klávesnica	kɫaːvɛsɲitsa
kláštor	kɫastor
kláštor	kɫaːʃtɔr
klérofašistický	klɛːrɔfaʃɪstitskɪ
klérofašizmus	klɛːrɔfɑʃizmɔs
klídek	kliːdɛk
klíma	klima
klíma	kliːma
klímy	kɫiːmi
klívlendu	kliːvlɛndu
km	km
kmene	kamɛɲɛ
kmene	kmɛɲɛ
kmeň	kmɛɲ
kmeňa	kmɛɲa
kmeňmi	kmɛɲmi
kmeňom	kmɛɲɔm
kmeňov	kmɛɲɔu
kmeňový	kmɛɲɔviː
kmeňu	kmɛɲu
kmotor	kmɔtɔr
kmotra	kmɔtra
knieža	knʲiɛʒa
knieža	kɲiɛʒa
kniežací	kɲɪɛʒatsɪ
kniežatstvo	kniːʒatstvo
kniha	kniha
kniha	kniɣa
kniha	kniɦa
kniha	knˈiɦa
kniha	kɲiɦa
knihe	kɲiɦɛ
knihu	knʲiɣo
knihu	kɲiɦu
knihy	knʲiɣʲi
knihy	kɲiɦi
knihách	kɲihɑːx
knižka	kɲiʒka
knižky	kɲiʒki
knižnica	kɲiʒɲɪtsɛ
knižnica	kɲɪʒɲɪtsa
knižný	kɲiʒniː
know	knɔv
kníh	kɲiːh
kníhkupectvo	kɲiːxkupɛtstvɔ
knížočka	kɲiːʒɔtʃka
ko	kɔ
koaličná	kɔalitʃnaː
koaličný	kɔɑlitʃniː
koalícia	kɔaliːtsia
koberec	kɔbɛrɛts
kobra	kɔbra
kobra	pɔbra
kobyla	kɔbiɫa
kocka	kɔtska
kocky	kɔtski
kocúr	kotsuɾ
kocúr	kɔtsuːr
kod	kɔd
kodaň	kɔdaɲ
koeficient	kɔɛfitsiɛnt
kofeín	kofein
koho	kɔgɔ
koho	kɔɦɔ
kohokoľvek	kɔɦɔkɔʎvɛk
kohože	kɔɦɔʐɛ
kohut	kɔɦut
kohút	kɔɦuːt
kohúta	kɔɦuːta
kohútik	kɔɦuːcik
kohúty	kɔɦuːti
kojsel	koisau
koketný	kˈokɛtmˈeː
kokosový	kɔkɔsɔviː
kokot	kɔkɔt
koktanie	kɔktaɲɛ
koktavý	kolktavˈiː
kokón	kokɔn
kol	kɔl
kola	kɔlɑ
kolaborovala	kɔlɑbɔrɔvɑlɑ
kolagén	kɔlɛgɛn
kolaps	kɔlɑps
kolega	kɔlɛga
kolega	kɔlɛgˈa
kolegoch	kɔlɛgɔx
kolegom	koligom
kolegom	kɔlɛgɔm
kolegov	kɔlɛgɔv
kolegovia	kɔlɛgɔvja
kolegyňa	kɔlɛgiɲa
kolekcia	kɔlɛktsia
kolektív	kɔlɛktiu
kolektív	kɔlɛktiːv
kolektívny	kolɛktivni
kolektívny	kɔlɛktiːvni
koleno	kɔlɛnɔ
kolená	kɔlɛnaː
kolenách	kɔlɛnaːx
kolesa	kɔlɛsa
koleso	kɔlesɔ
koleso	kɔlɛsɔ
koliba	kɔliba
kolibiarik	koːlˈibɪarik
koliesko	kɔliɛskɔ
kolko	kɔɫkɔ
kollege	kɔlɛːgɛ
kollerom	kɔlɛrɔm
kolmica	ko˩˥ːmits˦a
kolmosť	kolmˈost
kolmá	koma
kolo	kɔlɔ
kolo	kɔɫɔ
kolohnát	koloːɦnaːt
kolonializmus	kɔlɔnijalizmus
kolonáda	kɔɔnaːda
kolosálna	kɔlɔsaːɑlna
kolotoč	koɫɑtɔtʃ
kolotoč	kɔlɔtɔtʃ
kolovať	kɔlɔvac
kolu	kɔɫu
koluje	kɔɫujɛ
kolumbia	kolumbia
kolumbia	kɔlumbia
kolumbus	kɔlumbus
kolárovo	polarovo
koláč	kɔɫaːtʃ
koláča	kɔɫaːtʃa
koláče	kɔɫaːtʃɛ
koláčiky	kɔlaːtʃiki
kolégium	kɔlɛːgijum
kolík	kɔlik
kolín	kɔliːn
kolísaniami	kɔlisaɲami
kolísať	kɔliːsac
kolíska	kɔliːska
kolízia	kɔliːzia
kolóna	kɔɫɔːna
kolónia	kɔlɔːnia
kolónia	kɔˈlɔːnja
kom	kɔm
koma	kɔma
komandéra	kɔmandɛːra
komasačná	kɔmasɑtʃnɑ
kombajn	kɔmbajnɛ
kombinovaný	kɔmbinɔvaniː
kombinovať	kɔmbinɔvac
kombinácia	kɔmbinaːtsia
komenského	kɔmɛnskɛːhɔ
komentovať	kɔmentɔvatɕ
komentovať	kɔmɛntɔvac
komentár	komentˈaɾ
komentár	kɔmɛntɑːr
komentári	komentari
komentátor	komentator
komentátor	kɔmɛntɑːtɔr
komerčnej	kɔmɛrtʃnɛj
komerčné	kɔmɔrtʃnɛː
komerčný	kɔmɛrtʃniː
komfort	kɔmfɔrt
komický	kɔmitskiː
kominár	kominar
kominársky	kɔminarski
komisia	kɔmisia
komisie	kɔmisijɛ
komisii	komisi
komisii	kɔmisiː
komisiu	kɔmˌiˈsiʊˈ
komisár	kɔmisaːr
komoda	kɔmɔda
komodita	kɔmɔdita
komora	komorau
komora	komoɾa
komora	kɔmɔra
komore	kɔmɔrɛ
komorná	kɔmɔrna
komornícky	komorɲitski
komorný	komoɾni
komorný	kɔmɔrniː
komorným	kɔmɔrniːm
komory	kɔmɔri
kompaktný	kɔmpaktniː
kompas	kɔmpas
kompatibilitu	kompatibilitˈu
kompenzovať	kɔmpɛnzɔvac
kompenzácia	kɔmpɛnzaːtsia
kompetencia	kɔmpɛtɛntsia
kompetentný	kɔmpɛtɛntniː
kompletne	kɔmplɛtɲɛ
kompletní	kɔmplɛtniː
kompletný	kɔmplɛtniː
komplex	kɔmplɛks
komplexnosť	komplɛksnɔz
komplexná	kɔmplɛksnɑː
komplexný	kɔmplɛksniː
komplexný	kɔmplˈɛksmˈɪɹ
komplikované	kɔmplikɔvanɛː
komplikovaný	kɔmplikɔvaniː
komplikovať	kɔmplikɔvac
komplikácia	kɔmplikɑːtsia
komponent	kɔmpɔnɛnt
kompozícia	kɔmpɔzitsjɛ
kompozícia	kɔmpɔziːtsia
kompromis	kompɾɒːmist
kompromis	kɔmprɔmis
kompót	kompɔt
komu	kɔmu
komukoľvek	kɔmukɔʎvɛk
komunikačný	kɔmunikatʃniː
komunikovať	kɔmunikɔvac
komunikujete	kɔmunikujɛcɛ
komunikácia	kɔmunikɑːtsia
komunikácie	kɔmunikaːtsiɛ
komunikácie	kɔmunikɑːtsiɛ
komunikáciu	kɔmunikɑːtsiju
komunista	kɔmunista
komunisti	kɔmunisci
komunistický	kɔmunistitskiː
komunistických	kɔmunistitskiːx
komunita	kɔmunita
komunitu	kɔmunitu
komunity	kɔmuniti
komunizmus	kɔmunizmus
komunálny	kɔmunaːlni
komár	komar
komár	kɔmaːr
komáre	kɔmaːrɛ
komárno	kɔmaːrnɔ
komédia	komedia
komédia	kɔmɛːdia
kométa	kometˈɑ
kométa	kɔmɛːta
komín	kɒmiːn
komín	kɔmiːn
kon	kɔn
konala	kɔnalɑ
konania	kɔnɑɲiɑ
konanie	kɔnaɲiɛ
konaroch	kɔnarɔx
konat	kɔnat
konateľ	kɔnacɛʎ
konať	kɔnac
konca	kɔntsɑ
konce	kɔntsɛ
koncentračný	kɔntsɛntratʃniː
koncentrovať	kɔntsɛntrɔvac
koncentrácia	kɔntsɛntraːtsia
koncepcia	kɔntsɛptsia
koncept	kɔntsɛpt
koncepčný	kɔntsɛptʃniː
koncern	kɔntsɛrn
koncert	kɔntsɛrt
koncertný	kɔntsɛrtniː
koncertov	kɔntsɛrtɔv
koncerty	kɔntsɛrti
koncesia	kont̪s̺es̻ia
konci	kɔntsi
koncil	kɔntsil
koncom	kɔntsɔm
koncoročný	kontsoːɾotʃniː
koncov	kɔntsɔv
koncovka	kɔntsɔvka
koncový	kɔntsɔviː
koncových	kɔntsɔviːx
koncím	kɔntsiːm
kondičku	kɔnditʃku
kondor	kondɔɾ
kondícia	kɔndiːtsia
kondóm	kondɔm
kondómy	kɔndɔːmi
kone	kɔɲɛ
konečne	kɔɲɛtɕɲɛ
konečne	kɔɲɛtʃnæ
konečne	kɔɲɛtʃnɛ
konečného	kɔɲɛtʃnɛːhɔ
konečný	koɲɛtʃnɨ
konečný	kɔnɛtʃniː
konečný	kɔɲɛtʃniː
konečným	kɔɲɛtʃniːm
konfederácia	kɔnfɛdɛraːtsia
konferencia	kɔnferɛntsjɛ
konferencia	kɔnfɛrɛntsia
konferencie	kɔnfɛrɛntsiɛ
konfigurácia	kɔnfiguraːtsja
konflikt	kɔnflikt
konfliktu	kɔnfliktu
konfrontácia	kɔnfrɔntaːtsia
kong	kɔng
konglomerát	kɔŋgɫɔmɛraːt
kongo	kongo
kongregácia	kɔngrɛgaːtsia
kongregácie	kɔŋgrɛgɒːtjɛ
kongres	kɔŋgrɛs
kongresu	kɔngrɛsu
kongu	kɔngu
koni	kɔɲi
koniec	kɔɲiɛts
koniec	kɔɲɛts
konkretizovať	kɔnkrɛtizɔvac
konkrétne	kɔnkrɛːtɲɛ
konkrétny	kɔnkrɛːtni
konkrétny	kɔŋkrɛtnɛj
konkurencia	kɔnkurɛntsia
konkurencieschopnosť	kɔnkurɛntsiɛsxɔpnɔsc
konkurent	kɔnkurɛnt
konkurenta	kɔnkuɾɛnta
konkurenčná	kɔnkurɛntʃnaː
konkurenčný	kɔnkurɛntʃniː
konkurovať	kɔnkurɔvac
konkurz	kɔnkurz
konkurzný	kɔnkurzniː
konrád	kɔnraːd
konsenzus	kɔnsɛnzus
konskych	kɔnskix
konský	kɔnskiː
konsolidačnom	kɔnsɔlidatʃnɔm
konsolidovať	kɔnsɔlidɔvac
konsolidácia	kɔnsɔlidaːtsia
konsolidácie	kɔnsɔlidaːtsiɛ
konsolidácii	kɔnsɔlidaːtsiː
konsolidáciou	kɔnsɔlidaːtsiɔu
kontajner	kɔntajnɛr
kontakt	kɔntɑkt
kontaktný	kɔntɑktniː
kontaktovať	kɔntɑktɔvac
kontakty	kɔntɑkti
kontext	kɔntɛkst
kontinent	kont̪inɛnt
kontinent	kɔntinɛnt
kontinentálny	kɔntinɛntɑːlni
kontinuita	kɔntinujita
konto	kontɔ
konto	kɔntɔ
kontrakcia	kɔntɾaktsijɐ
kontrakt	kɔntrakt
kontrast	kɔntrast
kontrola	kontrɔla
kontrola	kɔntrɔlɑ
kontrole	kɔntrɔlɛ
kontrolná	kontrɔlnaː
kontrolný	kɔntrɔlniː
kontrolou	kɔntrɔlɔu
kontrolovaný	kɔntrɔlɔvaniː
kontrolovať	kɔntrɔlɔvac
kontrolovať	kɔntɾɔʎɔvac
kontrolu	kɔntrɔlu
kontroluj	kɔntɾuluj
kontroluje	kɔntrɔlujɛ
kontrolujem	kɔntrɔɫujɛ
kontrolujú	kɔntrolʊju
kontroly	kɔntrɔli
kontrolór	kɔntrɔɫɔːr
kontroverzný	kɔntrɔvɛzniː
kontráš	kɔntɾˈaʃ
konvencia	kɔnvɛntsia
konvent	kɔnvɛnt
konvenčný	kɔnvɛntʃniː
konverzáciu	kɔnvɛrzaːtsiu
konvoj	kɔnvɔj
konzerva	kɔnzɛrva
konzervatívec	kɔnzɛrvatiːvɛts
konzervatívny	kɔnzɛrvatiːvni
konzervatórium	kɔnzɛrvɑtɔːrium
konzistentný	kɔnzistɛntni
konzole	kɔnzɔlɛ
konzorcium	kɔnzɔrtsium
konzul	kɔnzul
konzultovať	kɔnzultɔvac
konzultácia	kɔnzultɑːtsia
konzument	kɔnzumɛnt
konzumovať	kɔnzumɔvac
konzumácia	kɔnzumɑːtsia
konzília	kɔnziːliɪɑ
konzíliu	kɔnziːliju
konzílium	kɔnziːlijum
koná	kɔnaː
konár	konaɾ
konár	kɔnaːr
koník	kɔɲiːk
koníček	koɲitʃɛk
koníček	kɔɲiːtʃɛk
končatina	koŋtʃatʃina
končatina	kɔntʃaciɲa
končila	kɔntʃilɑ
končina	kɔntʃina
končiť	kontʃi
končiť	kɔntʃic
končí	kɔntʃiː
končím	kɔntʃiːm
konšpiračný	kɔnspiraːtʃniː
konštantína	kɔnʃtantiːna
konštatovanie	kɔnʃtatɔvaɲiɛ
konštatovať	kɔnʃtatɔvac
konštrukcia	kɔnʃtruktsia
konštrukcia	kɔnʃtruktsija
konštruktérka	kɔnʃtruktɛːrka
konštruktívny	kɔnʃtruktiːvni
konštrukčný	kɔnʃtruktʃniː
kooperácia	kɔɔpɛraːtsia
koordinovať	kɔɔrdinɔvac
koordinácia	kɔɔrɔdinaːtsia
koordinátor	kɔɔrdinaːtɔr
kop	kap
kop	kɔp
kopa	kɔpa
kopala	kɔpala
kopač	kɔpatʃ
kopačka	kɔpatʃka
kopať	kɔpac
kopať	kɔpaɟ
kopcu	kɔptsu
kope	kɔpɛ
kopec	kɔpɛts
kopem	kɔpɛm
kopeme	kɔpɛmɛ
kopija	kɔpija
kopija	kɔpɪlja
kopije	kɔpijɛ
kopnutím	kɔpnuciːm
kopnutím	kɔpnutiːm
kopnúť	kɔpnuːc
kopou	kɔpɔu
kopu	kɔpu
kopulácia	pɔpulɑːtsia
kopy	kɔpi
kopyto	kɔpita
kopyto	kɔpitɔ
kopírovať	kɔpiːrɔvac
kopíruješ	kɔpiːrujɛʃ
kopŕcať	kɔprtsɑc
kor	kɔr
koral	kɔram
korben	kɔrbɛn
koreje	kɔrɛjɛ
korekcia	kɔrɛktsia
korektný	kɔriːkˈtˈniː
korektný	kɔrɛktniː
korene	kɔrɛɲɛ
korene	kɔrɛːnjɛ
korenie	korɛniɛ
korenie	kɔrɛɲiɛ
korenie	kˈorˈɛɲiɛ
koreň	korɛn
koreň	koɾɛɲ
koreň	kɔrɛɲ
koreňa	kɔrɛɲa
koreňov	kɔrɛɲɔu
korešpondencia	kɔrɛʃpɔndɛntsia
korisť	kɔrisc
korisť	kɔrist
kork	kɔrk
kormidelník	kɔmriɟɛlɲiːk
kormidlo	kɔrmidlɔ
kormorán	kɔɾmɔrɑːn
kormy	kɔrmi
korona	kɔrɔnɑ
koronavírus	kɔrɔnaviːrus
koronavírusom	kɔrɔnaviːrusɔm
korone	kɔrɔɲɛ
koronou	kɔrɔnɔu
korporácia	kɔrpɔrɑːtsia
koruna	koruna
koruna	kɔruna
koruna	qɔrunɑ
korunné	kɔrunnɛː
korunovaný	kɔrunɔvaniː
korunovačný	kɔruɲɔvatʃniː
korunový	kɔrunɔviː
korupcia	kɔruptsia
korupčný	kɔruptʃniː
korytnačka	kɔritnatʃka
korytnačka	kɔritɲɑtʃgɑ
koryto	kɔritɔ
korzet	kɔrzɛt
korzo	kɔrzɔ
korzár	kɔrzaːr
korále	kɔraːlɛ
korán	kɔraːn
korún	kɔruːn
korčule	kɑrtʃuɫa
korčule	kɔrtʃulɛ
korčuľa	kɔrtʃuʎa
korčuľovať	kɔrtʃuʎɔvac
kosa	kɔsa
kosačka	kosatʃka
kosierik	kɔsˈiɛʁik
kosierka	kosieɾka
kosovo	kɔsɔvɔ
kosovský	kɔsɔvskiː
kosoštvorec	kɔsɔʃtɔɾɛts
kosti	kɔsci
kostol	kɔstɔɫ
kostola	kɔstɔlɑ
kostole	kɔstɔlɛ
kostolný	kɔstɔɫniː
kostolík	kɔstɔɫiːk
kostonom	kɔstɔnɔm
kostra	kostra
kostra	kɔstra
kostrový	kostrɔviː
kostí	kɔsciː
kostým	kɔstiːm
kosť	kosc
kosť	kɔsc
kosť	kˈɔsc
kotli	kɔtli
kotlina	kɔtlina
kotlina	kɔtlʲina
kotlyb	kɔtlib
kotol	kɔtɔv
kotol	kɔtɔɫ
kotva	kɔtɯpa
kouč	kɔutʃ
kouč	kɔːtʃ
kov	kɔu
kovach	kɔvax
kovats	kɔvats
kovačica	kɔvatʃitsa
kovaľovo	kovalɔvɔ
kovid	kɔvid
kovidom	kɔvidɔm
kovový	kɔvɔviː
kovu	kɔvu
kováč	kɔvaːtʃ
kováčovi	kɔvaːtʃɔvi
kováčová	kɔvaːtʃɔvɑː
kováčsky	kɔvaːtski
koz	kɔz
koza	kɔza
kozare	kɔzara
kozička	kɔzitʃka
kozmetický	kɔzmɛtitskiː
kozmetik	kozmɛtik
kozmetika	kɔzmɛtika
kozmický	kozmitskiː
kozmický	kɔzmitskiː
kozom	kɔzɔm
kozorožec	kɔzrɔʒɛts
kozorožec	kɔzɔrɔʒɛts
kozovi	kɔzɔvi
kozub	kozuɾ
kozub	kɔzub
kozuchom	kɔzuxɔm
kozy	kɔzi
kozák	kɔzaːk
kozí	koˈziː
koč	kɔtʃ
koče	kɔtʃɛ
kočiš	kɔtʃiʃ
kočka	kɔtʃka
kočky	kɔtʃki
kočovný	kɔtʃɔbˈniː
kočík	kɔtʃik
koľaj	kɔʎaj
koľesko	kolʲesko
koľečko	kolɛtʃko
koľkej	kɔʎkɛj
koľko	kɔʎkɔ
koľkokrát	kɔʎkɔkraːt
koľký	kolki
koľký	kɔʎkiː
koňa	kɔɲa
koňak	kɔɲak
koňom	kɔɲɔm
koňí	kɔɲiː
košele	kɔʃɛɫɛ
košem	kɔʃɛm
košeľa	kɔʃɛʎa
košice	koʃitsɛ
košice	kɔʃitsɛ
košiciach	kɔʃitsiax
košickí	kɔʃitskiː
košický	kɔʃitskiː
košičan	kɔʃitʃan
koštovac	koʃtavats
koštoval	kɔʃtɔvɑːl
koštuj	koʃtoi
košíc	kɔʃiːts
košík	kɔʃiːk
koža	koʒa
koža	kɔʒa
koža	kɔʒɒ
kože	kɔʒɛ
koženka	koʐɛnka
kožený	koʒlnˈiː
kožený	kɔʒɛniː
kožný	kɔʒniː
kožu	kɔʒu
kožuch	kɔʒux
kožuch	kɔʒuχ
kožušina	kɔʒuʃiːnɑ
kožušinový	koʒuʃiːnoviː
kožušinu	koʒuʃinu
kpr	kpr
krab	grɛb
krabica	krabitsa
krabica	xrabitsa
krabice	krabitsɛ
krabici	krabitsi
krabicu	krabitsu
krabička	krabitʃka
krabičku	krabitʃku
kraby	krabi
krach	krax
krachlo	kraxlɔ
krachov	kraxɔv
kradne	kradɲɛ
kradnutou	kradnutɔu
kradnú	kradnuː
kradnúť	kradnuː
kradnúť	kradnuːc
krafčík	krafˈtʃiːk
kraj	kraj
kraj	kraji
kraja	kraja
krajan	krajan
kraji	kraji
krajina	krajina
krajina	krajna
krajine	krajinɛ
krajine	krajiɲɛ
krajinnej	grajinnæi
krajinný	krajini
krajinou	krajinɔu
krajinský	krajinskiː
krajinu	krajinu
krajiny	krajini
krajinách	krajinaːx
krajné	kɾajnɛ
krajný	krajni
krajný	krajniː
krajská	krajˈska
krajský	krajskiː
kraju	kraju
krajín	krajiː
krajín	krajiːn
krajčír	krajtʃiːr
krajčír	krajtʃɪr
krajčírsky	krajtʃirski
krajšie	krajʃiɛ
krakov	krakɔv
krakľa	kɾakʎa
kralovstvo	kralɔvstvɔ
kramov	kramɔv
krantz	krantz
krasotinka	krasotɪnˈika
krasu	krasu
kratší	kratʃiː
kraula	kraula
krausa	krausa
krava	krava
kravata	kravata
kravatu	kravatu
kravina	kravina
kraviny	kravini
kravská	krawska
kravské	krau̯skɛ
kravy	kravi
kračany	kratʃani
kraľoval	kraʎɔval
kraľovať	kraʎɔvac
kraľovať	kraːʎɔvac
krb	krap
krb	krb
kreativita	kreativita
kreatívny	krɛatiːvni
kredibilita	kredibilita
kredit	krɛdit
kreditný	krɛditniː
kredyt	krɛdit
krehké	krɛxkɛː
krehký	krɛhkiː
krehký	krɛɦkiː
kremeľ	krɛmɛʎ
kremeň	rɛmɛɲ
kremnica	krɛmɲitsa
kremnica	krɛmʲːitsʲa
kremnica	krɛmˈnitsa
kresba	krɛsba
kresba	krɛzba
kresby	krɛsbi
kresbách	krɛsbaːx
kreslenej	krɛslɛnɛj
kreslenie	krɛslɛɲiɛ
kreslený	krɛslɛniː
kresliť	krɛslic
kresliť	krɛslit
kreslo	krɛsɫɔ
kreslo	trɛslo
kresťan	krɛscan
kresťanský	krɛscanskiː
kresťanstvo	krɛscanstvɔ
kretén	krɛtɛːn
kretén	kɾatɛːn
krik	krik
krikľavý	kriklabi
kriminalita	kriminɑlita
kriminálnici	kriminɑːlɲitsi
kriminálnik	kriminaːlɲik
kriminálnikov	kriminaːlɲikɔv
kriminálny	kriminaːlni
kriminálny	kriminɑːlni
krista	krista
kriste	kriscɛ
kristove	kristɔvɛ
kristus	kristus
kristína	kristɪma
kristínach	kɾɪstiːnɛx
kritickejšia	krititskɛjʃia
kriticky	krititski
kritická	krititskɑː
kritické	krititskɛː
kritickí	krititskiː
kritický	krititskiː
kritických	krititskiːx
kritik	kritik
kritika	kritika
kritika	kɾitika
kritikom	kritikɔm
kritizovať	kritizɔvac
kritérium	kritɛːrijum
krivda	krivda
krivka	krivka
krivozobý	krinozɔbi
krivý	kriviː
kričal	kritʃal
kričať	kritʃac
kričať	kritʃatʲ
kričíš	kritʃiːʃ
krišic	kriʃɪtsʲ
krištufkovej	kriʃtufkɔvɛj
krištufkovou	kriʃtufkɔvov
krištufková	kriʃtufkɔvɑː
krištufkovú	kriʃtufkɔvuː
krištúfek	kriʃtuːfɛk
krištúfka	kriʃtuːfka
krištúfková	kriʃtuːfkɔvɑː
križovatka	kriʒovɒtka
križovatka	kriʒɔvatka
križovať	kriʒʊvak
krk	krk
krkavec	kərkavɛts
krku	krku
krku	kˈarku
krmivo	krmivɔ
kroj	krɔj
krok	krok
krok	krɔk
krok	kɾok
krokodíl	krɔkɔdiːɫ
krokodíl	kɾɔkɔbˈiːl
krokov	krɔkɔv
kroky	krɔki
kroma	krɔma
krompachy	trompaxi
krompáč	krampaːtʃ
kronika	krɔnika
kronose	krɔnɔsɛ
kroník	krɔŋiːk
kroupa	krɔupa
krov	krɔb
krovinorez	krovino˥˩rɛs
krpec	krpɛts
krpec	kɛrpɛts
krst	krst
krstiť	krstˈit
krstný	krstniː
krstný	kərstmiː
krtíš	krciːʃ
kruci	krutsi
kruh	kruh
kruh	krux
kruhový	kruhɔviː
kruhu	kruhu
krump	krump
krupina	ɾupina
krutosť	krutɔsc
kruté	krutɛː
krutý	krutiː
kruškach	kruʃkax
krušných	kruʃniːx
kružnica	kɾuznitsa
krv	krv
krv	krʋ
krvavnička	krvɑvɛɲitʃka
krvavý	krvaviː
krvi	krvi
krvi	krɪ̞vʲi
krvná	krvna
krvný	krvniː
krvou	krvɔu
krvácanie	krvaːtsaɲiɛ
krycí	kritsiː
krym	krim
kryptomenovej	kriptɔmɛnɔvɛj
kryptomenová	kriptɔmɛnɔvɑː
kryptomenové	kriptɔmɛnɔvɛː
kryptomenovú	kriptɔmɛnɔvuː
kryptomenových	kriptɔmɛnɔviːx
kryptomeny	kriptɔmɛni
kryptomenách	kriptɔmɛnaːx
kryptomenám	kriptɔmɛnaːmm
kryptomien	kriptɔmiɛn
krysa	krisa
krysa	kɾjssa
kryse	krisɛ
krysou	krisɔu
kryt	krit
kryt	krˈit
krytie	kriciɛ
krytý	kritiː
krytý	kɾiti
kryť	kric
krá-krá	kraːkraː
krádež	kraːɟɛʒ
krájať	kraːjac
krákať	kraːkak
králi	kraːli
králik	kraːlik
králik	kraːʎik
králik	xraːlik
králikáreň	kɾaːlikâːræɲ
králom	kraːɫɔm
královský	kraːlovskiː
krámu	kraːmu
krás	kraːs
krása	kraːsa
krása	krɑːsa
krásavica	kraːsavitsa
krásavica	kraːsɑbitsɑ
kráse	kraːsɛ
krásna	kraːsna
krásne	kraːsnɛ
krásne	krɑːsɲɛ
krásne	prasnɛ
krásnu	kraːsnu
krásny	kraːsni
krásný	kraːsniː
krástíhli	krɑːsciːhli
krásu	kraːsu
krásy	kraːsi
krát	kraːt
krát	krɑːt
krátke	kraːtkɛ
krátko	kraːtkɔ
krátkodobý	kraːtkɔdɔbiː
krátkozobý	kraːtkɔzɔbiː
krátku	kraːtku
krátky	kraːtki
kráča	kraːtʃa
kráčať	kraːtʃa
kráčať	kraːtʃac
kráľ	kraːlʲ
kráľ	kraːʎ
kráľa	kraːʎa
kráľom	kraːʎɔm
kráľova	kraːʎɔva
kráľove	kraːʎɔvɛ
kráľovej	kraːʎɔvɛj
kráľovi	kraːʎɔvi
kráľovna	kraːʎɔvna
kráľovnej	kraːʎɔvnɛj
kráľovná	kraːʎɔvnaː
kráľovnú	kraːʎɔvnuː
kráľovský	kraːʎɔvskiː
kráľovstva	kraːʎɔvstva
kráľovstvo	kraːʎɔvstvɔ
krém	krɛma
krém	krɛːm
krémeš	kɾɛːmæʃ
krídelník	kriːɟɛlɲiːk
krídla	kriːdɫa
krídlo	kriːdɫɔ
krík	kriːk
kríza	kriːza
kríze	kriːzɛ
krízový	kriːzɔviː
krízu	kriːzu
kríž	kriːʃ
krížom	kriːʒom
krížom	kriːʒɔm
krížovka	kriːʒɔkɑ
krížovom	kriːʒɔvɔm
krížový	kriːʒɔviː
krôčik	kruɔtʃik
krúpy	kruːpi
krúpy	kruːpj
krúti	kruːci
krútiť	kruːcic
krúžiť	kruːʒic
krúžku	kruːʒku
krúžok	kruːʒok
krúžok	kruːʒɔk
krýh	kriːh
krýze	kriːzɛ
krčma	krtʃma
krčma	kɛrtʃma
krčmu	krtʃmu
ksicht	ksixt
kto	kdɔ
kto	ktɔ
ktokoľvek	ktɔkɔʎvɛk
ktora	ktɔra
ktore	ktɔrɛ
ktorej	ktɔrɛi
ktorej	ktɔrɛj
ktorom	ktɔrɔm
ktorou	ktɔrɔu
ktory	ktɔri
ktorá	ktɔra
ktorá	ktɔraː
ktorá	tora
ktoré	ktɔrɛ
ktoré	ktɔrɛː
ktorého	ktɔrɛhɔ
ktorému	ktɔrɛːmu
ktorí	kdɔriː
ktorí	ktɔriː
ktorú	ktɔruː
ktorý	ktɔriː
ktorý	tori
ktorých	ktɔriːx
ktorýkoľvek	ktɔriːkɔʎvɛk
ktorým	ktɔriːm
ktorými	ktɔriːmi
ktorýsi	ktɔriːsi
ktorýsi	torisi
ktosi	ktɔsi
ktovie	ktɔviɛ
ktovieaký	tɔvjɛakiː
ktoľvek	ktɔʎvɛk
ku	ku
kua	kuɑ
kuba	kuba
kubeh	kubɛɦ
kubický	kubitskiː
kubánsky	kubaːnski
kubík	kubiːk
kubín	kubin
kubín	kubiːn
kuchyne	kuxiɲɛ
kuchyni	kuxini
kuchynka	kuxinka
kuchynky	kuxinki
kuchynský	kuxinskiː
kuchyňa	kuxiɲa
kuchyňu	kuxiɲu
kuchár	kuxɑːr
kuchárek	kuxarɛk
kuchársky	kuxatski
kufor	kufoɾ
kufor	kufɔr
kufra	kufra
kufri	kufri
kufru	kufru
kufrík	kufriːk
kuhn	kuɦn
kuješ	kujɛʃ
kukurica	kukuritsa
kukuricu	kukuritsu
kulinársky	kulinaːrski
kulisa	kulisa
kulisy	kulisi
kulpín	kulpiːn
kult	kult
kulte	kultɛ
kultivovaný	kultivɔvaniː
kultivovaný	kultivɔvɑni
kultivovať	kultɪvovɛ
kultový	kultovi
kultový	kultɔviː
kultúra	kultuːra
kultúrno	kultuːrnɔ
kultúrny	kulturni
kultúrny	kultuːrni
kultúrnych	kuɫtuːrɲix
kultúru	kultuːru
kultúry	kultuːri
kulík	kulík
kunda	kunda
kunde	kunɟɛ
kundu	kundu
kuno	kunɔ
kupec	kupɛts
kupeny	kupɛni
kupka	kupka
kupovali	kupɔvɑli
kupovaním	kupɔvaɲiːm
kupovať	kupɔvac
kupujúci	kupujuːtsi
kupé	kupɛ
kupé	kupɛː
kupón	kupɔːn
kupónový	kupɔːnɔviː
kura	kura
kuracie	kuratsiɛ
kuracou	kuratsɔu
kurací	kuratsi
kurd	kurd
kurde	kurdɛ
kurdistan	kuɾdisˈtɑn
kurence	kurɛntsɛ
kurevsky	kurɛvski
kuriatko	kuriatkɔ
kurier	kuɾjer
kuriózny	kuriɔːzni
kurotvaré	kurotvarɛː
kurt	kurt
kurt	kʏrt
kurva	kʊrva
kurva	kʊrvɑ
kurvy	kurvi
kurvyn	kurvin
kury	kuri
kurz	kurz
kurz	kˈurz
kurza	kurza
kurzový	kurzɔviː
kurzy	kurzi
kurátor	kuɾatɔɾ
kurátorka	kuratoɾka
kurína	kuriːna
kurínu	kuriːnu
kurča	kurtʃa
kus	kus
kuse	kusɛ
kusov	kusɔv
kusy	kusi
kutil	kutiɫ
kutva	kutva
kuura	kuːra
kuvajt	kuvajt
kužela	kuʒɛɫa
kuželový	kuʒɛlovˈiː
kvalifikačný	kvalifikatʃniː
kvalifikovaný	kvalifikɔvaniː
kvalifikovaných	kvalifikɔvaniːx
kvalifikovať	kvalifikɔvac
kvalifikácia	kvalifikɑːtsia
kvalita	kvalita
kvalitatívny	kvalitatiːvni
kvalitne	kvalitɲɛ
kvalitné	kvalitnɛː
kvalitný	kvalitniː
kvalitným	kvalitniːm
kvalitu	kvalitu
kvality	kvaliti
kvanta	kvanta
kvantový	kvantɔviː
kvapalina	kvapalina
kvapalina	kɔvapalina
kvapalný	kvapalniː
kvapka	kvapka
kvapkať	kvapkak
kvapčec	klaptʃɛts
kvariš	kvarɨʃ
kvarteto	kvartɛtɔ
kvartál	kvartɑːɫ
kvasím	kvasiːm
kvazar	kwazɑr
kvestor	kvɛstɔr
kvet	kvit
kvet	kvɛt
kvetinárka	vɛtinaːrka
kvetný	kvˈɛtni
kvetov	kvɛtɔv
kvety	kvɛti
kvetí	kvɛtiː
kvetý	kvɛtːˈiː
kvit	kvˈit
kvitlo	kvitlɔ
kvitne	kvitɲɛ
kvitnúť	kvitnuːc
kvoli	kvɔli
kvočku	kvɔtʃku
kváder	kvaːdɪr
kvádra	kvaːdra
kvázy	kvaːzi
kvíz	kviːz
kvóta	kvɔːta
kvôli	kvoʎi
kvôli	kvuɔɫi
kvůli	kvuːli
kybic	kibˈiːts
kybicovať	kibitsɔvaːc
kydy	kidi
kydáš	kidaːʃ
kyjev	kijɛv
kyjevskom	kijɛvsakɔm
kyle	kilɛ
kym	kim
kynologický	kinɔɫɔgitskiː
kyselina	isælina
kyselina	kisɛlina
kyselka	kisielka
kyslík	kisliːk
kyslý	kisliː
kysucké	kizutskɛ
kysucou	kisutsu
kysáč	kisaːtʃ
kytica	kicitsa
kyu	kiu
kyun	kiun
kyľavy	kilavi
kábel	kabɨl
kábel	kaːbɛl
kábel	kaːbɛɫ
káblový	kaːblɔviː
káblových	kaːblɔviːx
kách	kɑːx
káder	kaːdɛr
kám	kɑːm
kámo	kɑːmɔʊ
kámoš	kɑːmɔʃ
kápo	kɑːpɔ
kára	kara
káru	kɑːru
kást	kɑːst
káva	kaːva
kávový	kavovi
kávu	kaːvu
kávy	kaːvi
kázať	kaːzac
kázeň	kaːzɛɲ
káždý	kɑːʒdiː
ké	kɛː
kíl	kiːɫ
kín	kiːn
kód	kɔːd
kódex	kɔːdɛks
kódu	kɔːdu
kólia	koːljaː
kópia	kɔːpia
kópiu	kɔːpiju
kórea	kɔːrɛa
kórejský	kɔːrɛjskiː
kórejčina	kɔːrɛjtʃina
kôli	kuɔɫi
kôpka	kwɔpka
kôpor	kvɔpɔr
kôra	kuɔra
kôre	kuɔrɛ
kôrovník	kuarofniːk
kôstka	kwostka
kôň	kuɔɲ
kôň	kwˈɔ̃ɲ
kôš	kubʃ
kôš	kuɔʃ
kúp	kuːp
kúpa	kuːpa
kúpalisko	kuupaliskɔ
kúpalisko	kuːpaliskɔ
kúpať	kuːpac
kúpele	kɔpɛlɛ
kúpeľ	kuːpɛʎ
kúpeľ	kɔpɛl
kúpeľne	kuːpɛʎɲɛ
kúpeľni	kuːpɛʎɲi
kúpeľný	kuːpɛʎniː
kúpeľňa	kupɛlɲɛ
kúpeľňa	kuːpɛʎɲa
kúpi	kuːpi
kúpil	kuːpiɫ
kúpila	kuːpiɫa
kúpili	kuːpiɫi
kúpim	kuːpim
kúpime	kuːpimɛ
kúpiš	kuːpiʃ
kúpiť	kuːpic
kúpny	kuːpni
kúrenie	kurɛɲɛ
kúrenie	kuːrɛɲiɛ
kúrenár	kurenaːr
kúriť	kuːrik
kúsku	kuːsku
kúsky	kuːski
kúsok	kuːsok
kúsok	kuːsɔk
kút	kuːt
kútik	kuːcik
kúzlo	kuːzɫɔ
kúzlu	kuːzɫu
ký	kiː
kýchnuť	kiːxnut
kým	kiːm
kýmkoľvek	kiːmkɔʎvɛk
kývam	kiːvam
kývnuť	kiːvnuc
kĺb	klːb
kĺb	kɔːb
kĺbový	klɛboviː
kľaknúť	kʎaknuːc
kľanka	planka
kľišče	kriʃtʃa
kľud	kʎud
kľude	kʎuɟɛ
kľudne	kʎudɲɛ
kľudná	kʎudnaː
kľučka	kʎutʃka
kľúč	kʎuːtʃ
kľúče	kʎuːtʃɛ
kľúčik	kʎuːtʃik
kľúčová	kʎuːtʃɔvaː
kľúčové	kʎuːtʃɔvɛː
kľúčový	klutʃoviː
kľúčový	kʎuːtʃɔviː
kňaz	kɲas
kňazský	kɲazskiː
kňažko	pɲaʂkɔ
kňažský	kɲaʂskiː
kŕdeľ	krːɟɛʎ
kŕmiť	krːmic
kŕmny	kremni
kŕč	krːtʃ
kšeft	ʃɛft
kšeftu	kʂɛstu
kůže	kuːʒɛ
l	l
l	lɑ
la	ɫa
laba	ɫaba
laboratórium	laboratorjum
laboratórium	ɫabɔratɔːrium
laboratórny	laboratorɲi
laboratórny	ɫabɔratɔːrni
labuť	ɫabuc
labuť	ɫabuʲtsʲ
labyrint	ɫabirint
lacko	platskɔ
lacko	ɫatska
lacnejšie	ɫatsɲɛjʃiɛ
lacno	ɫatsnɔ
lacné	ɫatsnɛː
lacnú	laβ̞sʲmeʝ
lacný	latsni
lacný	ɫatsniː
ladený	ɫaɟɛniː
ladiť	ladi
lady	ɫadi
lagúna	laɣuːna
lahôdka	laɦvɔtka
laickej	laitskɛj
laický	ɫaitskiː
laik	ɫaik
lak	lˈɑk
lake	ɫakɛ
lakeť	ɫakɛc
lakomstvo	lakɔmstwɔ
lakomý	lakomi
lakševiča	lɑkʃɛvitʃa
lama	ɫama
lamač	ɫamatʃ
lampa	lampa
lampa	ɫampa
lana	ɫana
lancušok	lantuzok
lane	ɫaɲɛ
langoš	lɑŋguʃ
lano	lano
lano	ɫanɔ
lanovka	ɫanɔvka
lapač	wɫãpɑtʃ
lapačka	ɫapatʃka
lapať	ɫɑpɑtʃ
lapsus	ɫapsus
lapsusy	latsusɪ
larelay	ɫarɛɫai
larry	ɫari
las	ɫas
lasica	lasitsa
lasica	ɫasitsa
lasicom	ɫasitsɔm
laska	ɫaska
laskonka	plaskonka
laso	plasˈo
lastovička	pastɔvitʃkɛ
lastovičí	plastovitʃiː
lastúra	lastura
latinský	ɫacinskiː
latinčina	ɫacintʃina
latrína	lɛtrɪnɑ
laugaricio	lau̯gɑrɪtsjɐ
laura	ɫaura
lauren	ɫaurɛn
laureát	laurɛaːt
laureátka	laurɛaːtka
lav	ɫav
lavica	plavitsa
lavica	ɫavitsa
lavici	ɫavitsi
lavička	ɫavitʃka
lavína	ɫaviːna
lavór	lavo̞r
lavý	ɫaviː
laň	ɫanʲ
lašák	laʃˈak
le	lɛ
lebka	lɛbka
lebo	lɛbɔ
ledva	lɛdva
lee	lɛː
leechove	lɛːxɔvɛ
legenda	lɛgɛnda
legende	lɛgɛnɟɛ
legendárny	lɛgɛndaːrni
legionár	legjoˈnaːɾ
legionár	lɛgiɔnaːr
legislatív	lɛgislatiːv
legislatíva	lɛgislatiːva
legislatívne	lɛgislatiːvnɛ
legislatívny	lɛgislatiːvni
legislatívy	legislatiːvi
legitímny	lɛgitiːmni
lego	lɛgɔ
legálne	lɛgaːɫɲɛ
legálny	lɛgaːɫni
lehota	lɛɦɔta
lehotského	lɛɦɔtskɛːhɔ
lehotu	lɛɦɔtu
lejak	plæjˈæk
lekcia	lɛktsia
lekciu	lɛktsiu
lektor	lɛktɔr
lekvár	lekvaːr
lekvárový	lekvaːroviː
lekár	lakaɾ
lekár	lɛkaːr
lekára	lakˈaɾa
lekára	lɛkaːra
lekáreň	lakaːrɛɲ
lekáreň	lɛkaːrɛɲ
lekári	lɛkaːri
lekárka	lɛkaːrka
lekárky	lɛkaːrki
lekárnik	lɛkaːrɲik
lekárov	lɛkaːrɔv
lekárskej	lɛkaːrskɛj
lekársku	lɛkaːrsku
lekársky	lɛkaːrski
lem	lɛm
len	lən
len	lɛn
len	lɪn
lenivý	lɛniviː
lenivý	lɛɲiviː
lenivý	plɛnɪviː
lenny	lɛni
lenže	lɛnʒɛ
leo	lɛɔ
leon	lɛɔn
leonard	lɛɔnard
leonardo	lɛɔnardɔ
leone	lɛɔnɛ
leopard	lɛopar
leopardie	lɛɔpardie
leopardí	lɛuparˈdiː
leopold	lɛɔpɔld
lepkavý	lɛpkavjiː
leporelo	lɛporelo
leporelá	lɛpɔrɛlɑː
leptať	ɫæptak
lepšej	lɛpʃɛj
lepšia	lɛpʃja
lepšie	lɛpʃiɛ
lepšiu	lɛpʃiu
lepší	lɛpʃiː
lepších	lɛpʃiːx
les	les
les	lɛs
lesa	lɛsa
lesba	lesba
lesba	lɛsba
lesbička	lɛzbitʃka
lesbička	ɫæsbʲitʃka
lese	lɛsɛ
lesk	lesk
lesk	lɛsk
lesklý	lɛskɫiː
leslie	lɛsilɛ
lesník	lɛsɲiːk
lesný	lɛsniː
lesť	lɛsc
let	let
let	lɛt
lete	lɛcɛ
letecký	lɛcɛtskiː
letecký	lɛtɛtskiː
letectvo	lɛcɛtstvɔ
letel	lɛcɛɫ
leteniek	lɛcɛɲiɛk
letenka	lɛcɛnka
letenky	latɕɛnki
letenky	lɛcɛnki
letieť	lɛciɛc
letisko	lɛciskɔ
letisko	lɛtʃiska
letisko	lˈɛtʃiskˌɔ
letisku	lɛcisku
letnej	lɛtnɛj
letný	lɛtni
letný	lɛtniː
leto	leto
leto	lɛtɔ
letom	lɛtɔm
letopočet	lɛtɔpɔtʃɛt
letov	lɛtɔv
letový	lɛtɔviː
letu	lɛtu
lety	lɛti
leták	lɛtaːk
letáčik	lɛtaːtʃik
letí	lɛciː
lev	lɛu
levica	lɛvitsa
levoča	lɛvɔtʃa
levy	lɛvi
levíča	lɛviːtʃa
lewis	lɛvis
lez	lɛz
lezec	ɫazɛts
lezecký	lɛzɛtskʲiː
lečo	lɛtʃɐ
lež	lɛʒ
ležal	lɛʒaɫ
ležať	ɫɛʒac
ležia	lɛʒia
ležiaci	leʒiatsi
ležiaci	lɛʒiatsi
ležiavať	lɛʒiɑvak
leží	lɛʒiː
li	li
liam	liam
libanon	libanɔn
liberalizmus	libɛrɑlizmus
liberalizácia	libɛralizaːtsia
liberec	libɛrɛts
liberál	libɛrɑːɫ
liberálny	libɛraːɫni
libier	ɫibiɛr
libra	libra
licencia	litsɛntsia
licencia	lit̪sẽn̟θia
licencie	litsɛntsiɛ
licenčný	litsɛntʃniː
lichotivé	lixɔcivɛː
lieh	liɛɦ
liek	liɛk
liekov	liɛkɔv
lieku	liɛku
lieky	liɛki
lieska	ljɛʃska
lieskovec	liɛskɔvɛts
lieskový	vjɛzkɔʋiː
lieta	liɛta
lietadla	liɛtadɫa
lietadle	liɛtadlɛ
lietadlo	liɛtadɫɔ
lietadlový	viɛtadlɔviː
lietadlá	liɛtadɫaː
lietajúci	liɛtajuːtsi
lietať	lietak
lietať	liɛtac
liezť	liɛzc
liečba	liɛtʃba
liečbu	liɛtʃbu
liečebný	liɛtʃɛbniː
liečenia	liɛtʃɛɲia
liečenie	liɛtʃɛɲiɛ
liečivo	liɛtʃivɔ
liečivý	liɛtʃiviː
liečiť	liɛtʃic
life	lifɛ
liga	liga
lige	ligɛ
light	ligɦt
ligový	ligɔvij
ligový	ligɔviː
ligy	ligi
like	likɛ
likvidita	likvidita
likvidovať	likvidɔvac
likvidácia	likvidaːtsia
lilly	lilli
lily	lili
limit	limit
limitovaní	limitɔvaniː
limitovaný	limitɔvaniː
limonáda	limonada
limuzína	limuziːna
lincoln	lintsɔln
linda	linda
link	link
linka	linka
linke	linkɛ
linux	linuks
lipa	lipa
lipany	lipan
lipany	lipani
lipový	lipovi
liptov	liptɔv
liptovský	liptɔvskiː
liqui	likvi
lisa	lisa
lisabon	lisabɔn
lisovačka	lisɔvatʃka
lisovačovi	lisɔvɑtʃɔʁi
lisovať	lisofaɟ
list	list
listami	listami
liste	liscɛ
listina	liscina
listina	listina
listoch	listɔx
listom	listɔm
listov	listɔu
listový	listɔviː
listu	listu
listy	listi
listárka	ljztarka
liter	litɛr
literatúra	litɛratuːra
literárny	litɛraːrni
litovsky	lidɔuski
litovčan	litou̯tʃan
litovčanka	ljtotʃanka
litovčina	litovtʃinna
litrov	litrɔv
little	littɫɛ
liturgia	liturgia
liturgický	liturgitskiː
litva	litva
litva	lˈɪtva
lička	plitʃka
lišiak	liʃiːk
lišta	lʲista
lný	lniː
lode	ɫɔɟɛ
lodenica	lɔɟɛɲitsa
lodi	ɫɔɟi
lodníčka	ɫɔdɲiːtʃka
lodný	lodɛniː
lodný	ɫɔdniː
lodí	ɫɔɟiː
loga	boga
logan	ɫɔgan
logicky	ɫɔgitski
logický	ɫɔgitskiː
logika	ɫɔgika
logiku	ɫɔgiku
logistika	ɫɔgistika
logo	lɔbo
logo	ɫɔgɔ
logá	lɔːgaː
lok	ɫɔk
lokalita	lokalita
lokalita	ɫɔkalita
lokalite	ɫɔkalicɛ
lokomotíva	ɫɔkɔmɔtiːva
lokálny	ɫɔkɑːlni
lokša	ɫakʃa
lola	ɫɔɫa
lomaxom	ɫɔmaksɔm
lomnica	ɫɔmɲitsa
londýn	sondiːn
londýn	ɫɔndiːn
londýna	ɫɔndiːna
londýne	ɫɔndiːɲɛ
londýnsky	ɫɔndiːnski
long	ɫɔng
lono	ɫɔnɔ
loopy	ɫɔɔpi
lopata	ɫɔpata
lopatka	lapatka
lopatka	lopatka
lopatka	ɫɔpatka
lopta	ɫɔpta
loptička	ɫɔpcitʃka
loptový	bɫaptɔviː
loptoš	laptas
loptu	ɫɔptu
lord	ɫɔrd
lorda	ɫɔrda
lorenzo	ɫɔrɛnzɔ
los	lɔs
los	ɫɔs
losos	ɫɔsɔs
lotrinsko	lɔtr̝iːnskɔ
lotrinský	lɔtɾinskiː
lotrinčan	lɔtrintʃaːn
lotyš	lotis
lotyška	lɔtiska
lotyšsko	ɫɔtiʃskɔ
lotéria	ɫɔtɛːria
lou	ɫɔu
louis	ɫɔuis
louise	ɫɔuisɛ
lov	ɫɔv
lovcov	ɫɔvtsɔv
love	lɔvɛ
lovec	ɫɔvɛts
lovecký	hɫovɛtskiː
loverboy	lɔvɛrbɔj
loviť	ɫɔvic
loď	lɔθ
loď	ɫɔc
loďou	ɫɔɟɔu
loški	ɫoskɨ
lož	lɔʃ
ložisko	ɫɔʒiskɔ
lucienom	lutsiɛnɔm
lucky	ɫutski
lucy	lutsi
ludi	ludi
ludia	luɟia
ludí	luɟiː
luigi	luigi
luis	luis
luk	lˈʊk
luk	ɫuk
lukac	lukats
luke	ɫukɛ
lukratívny	ɫukratiːvni
lukáš	lukas
lump	lomp
luna	luna
luna	lˈuna
lup	klup
lupienok	lupiɛnuk
lupič	lɔpitʃ
luther	lutɦɛr
luto	ɫutɔ
lux	luks
luxembursko	luksɛmburskɔ
luxembursko	luksɛmburzkɔ
luxemburský	lukzɛmburskiː
luxemburčan	luksenburtʃan
luxemburčina	luksɛnburtʃina
luxus	luksus
luxusný	luksusniː
lučenec	lutʃɛɲɛts
lučenič	lutʃaɲit
lužný	luʒniː
lyin	lijin
lyon	liɔn
lyrický	liritskiː
lyrika	lˈirɪkˈa
lyža	liʒa
lyžiar	liʒiar
lyžiarsky	liʒiarski
lyžica	liʒitsa
lyžičiarka	ljʒiʃimɾka
lyžička	liʒitʃka
lyžovanie	liʒɔvaɲiɛ
láb	lˈab
láka	ɫaːka
lákadlo	ɫaːkadɫɔ
lákavé	ɫaːkavɛː
lákavý	laːka˨˩riː˧
lákavý	ɫaːkaviː
lákať	ɫaːkac
lámanie	ɫɑːmaɲiɛ
lámať	ɫaːmac
lán	ɫaːn
láska	ɫaːska
láskavo	ɫaːskavɔ
láskavosť	ɫaːskavɔsc
láskavá	ɫaːskavaː
láskavý	lɑːskavʲiː
láskavý	ɫaːskaviː
láske	ɫɑːskɛ
láskou	ɫaːskɔu
lásku	ɫaːsku
lásky	laːski
lásky	ɫaːski
látka	ɫatka
látka	ɫaːtka
láva	lɛːvɔ
láva	ɫaːva
lénny	lɛːnni
líbya	libija
líce	liːtsɛ
lícny	liːtsnɪ
líder	lidɛr
líder	liːdɛr
lídri	liːdri
lídrov	liːdrɔu
línia	liːnia
línie	liːɲiɛ
lístie	liːsciɛ
lístky	liːstki
lístok	liːstɔk
lízanie	lizaɲiɛ
lízanka	lisanka
lízing	liːzing
lízingový	liːzingɔviː
líši	liːʃi
líšiť	liʃiːc
líšiť	liːʃic
líška	liːʃka
líščia	liːʃtʃia
lôžko	luɔʂka
lôžko	ɫuɔʒkɔ
lörincz	lɔːrintsz
lúka	luka
lúka	ɫuːka
lúpež	luːpɛʃ
lúč	ɫuːtʃ
lúčiť	luːtʃic
lúčnice	luːtʃɲitsɛ
lýtková	liːdkɔvaː
lži	lʒi
m	m
m	mˈɛ̃
ma	m
ma	ma
ma	mæ
ma	mɑ
mac	mats
mac	mˈats
mace	matsɛ
macedónsko	matsɛdɔːnskɔ
macedónsky	matɛdɔːnski
macedónčanka	matsɛdɔ̞ntʃaŋka
mach	max
machliť	maxliʃ
machogee	maxɔgɛ
machovka	maxɔvka
machroval	maxrɔvau
machľom	maxlʲum
macka	matska
macko	matskɔ
madagaskar	madɛgjɛsgaɾ
madajova	madajɔva
madam	mɑdɑm
madame	madamɛ
madison	madisɔn
madrid	madrid
madrigal	mat̪ɾika
mafia	mafia
magazín	magazinɐ
magazín	magaziːn
magdaléna	magdalɛːna
maggie	magiɛ
magický	magitskiː
magister	magistɛr
magistrát	magistraːt
magnet	magnɛt
magnetický	magnɛtitskiː
magnetofón	magrˈetˈɔfon
magnát	magnaːd
magnólia	magnaˈoːlia
magor	magɔr
mahkov	maɦkɔv
mail	majl
maily	maili
maj	mɑj
majer	majɛr
majerčík	mɑjɛrtʃiːk
majetkom	majɛtkɔm
majetkový	majɛtkɔviː
majetku	majɛtku
majetný	mˈɑjitəniː
majetok	majeːtak
majetok	majɛtɔk
majiteľ	majicɛʎ
majiteľka	majicɛʎka
majonéza	majɔnɛːza
majonéza	maːjɔnɛza
major	majɔr
major	majˈoɾ
majoritný	majoritni
majoritný	majɔritniː
majster	majstɛr
majsterka	majstɛrka
majstra	majstra
majstre	majstrɛ
majstrovské	majstrɔvskɛː
majstrovský	majstrɔvskiː
majstrovstvo	majstrɔvstvɔ
majstrovstvá	majstrɔustʋaː
majstrovstvá	majstrɔvstvaː
majte	majcɛ
maju	mɑju
maják	majaːk
majú	maju
majú	majuː
majú	majɔ̃
majú	mɑjuː
mak	mak
make	makɛ
makov	makˈo
makovy	makɔvi
makovíc	makɔviːts
makroekonomický	makrɔɛkɔnɔmitskiː
makroekonóm	makroɛkonoːm
makroekonómia	makrˈoɛkɔnˈomja
mal	mal
mal	mɑl
mala	mala
mala	mɑlɑ
malachovs	malaxɔvs
malachovsk	malaxɔvsk
malachovski	malaxɔvski
malachovská	malaxɔvskaː
malachovského	malaxɔvskɛːhɔ
malachovský	malaxɔvskiː
malachovským	malaxɔvskiːm
malacky	malatski
malacky	malatskɪ
malej	malɛj
malfoyom	malfɔjɔm
malfoyova	malfɔjɔva
mali	mali
mali	maɫi
maliar	maliar
maliarom	maliarɔm
maliarsky	maliarski
malina	malina
malina	malɛna
malinový	maljːnoviː
malička	malitʃka
maličkosť	malitʃkɔsc
maličká	malitʃka
maličká	malitʃkaː
maličký	malitʃki
maličký	malitʃkiː
malo	mɑɫɔ
maloletý	malɔlɛtiː
malom	mɑɫɔm
maloobchodný	malɔɔbxɔdniː
malta	malta
malta	mɔlta
maly	mali
malá	ala
malá	maɫɑː
malária	malarɪɐ
malé	malɛ
malé	mɑlɛː
malého	mɑlɛːhɔ
malí	maliː
malú	mɑluː
malý	mali
malý	malji
malý	mɑliː
malý	mˈaliː
malých	maliːx
malým	maliːm
malými	maliːmi
mam	mɑm
mama	mama
mama	mɑma
mame	mɑmɛ
mami	mɑmɪ
mamina	mamina
mamička	mamitʃka
mamičkine	mamitʃkine
mamka	mamka
mamkine	mamsin˩˥ːe
mamou	mɑmɔu
mamu	mamo
mamu	mɑmu
mamy	mami
mamľasi	mamlasi
man	man
manažment	manaʒmɛnt
manažmentu	manaʒmɛntu
manažoval	manaʒaval
manažujú	manaʐuʲiu
manažér	manaʒɛːr
manažér	manaʒˈɛr
manažérka	manaʒɛːrka
manažérky	manaʒɛːrki
manažérsky	manaʒɛːrski
mandát	mandaːt
manické	manitskɛː
manifestácia	manifɛstɑːtsia
manipulovať	manipulɔvac
manipulácia	manipulaːtsia
manny	mani
mantinely	mantinɛli
manéver	manɛːvɛr
manž	manʒ
manžel	manʒɛl
manžela	manʒɛla
manželia	manʒɛlja
manželka	manʒɛlka
manželke	manʒɛlkɛ
manželkou	manʒɛlkɔu
manželku	manʒɛlku
manželky	manʒɛlki
manželom	manʒɛlɔm
manželovi	manʒɛlɔvi
manželský	manʒɛlskiː
manželstve	manʒɛlstvɛ
manželstvo	manʒɛlstvɔ
mapa	mapa
mapu	mapu
mapuje	mapujɛ
mapy	mapi
mar	mar
maratón	maratɔːn
maratón	marat̪on
marca	martsa
marcel	martsɛl
marco	martsɔ
marcos	martsɔs
marcový	martsɔbiː
marcový	martsɔviː
marcus	martsus
marec	marɛts
marek	marak
marekova	parekoˈvɑ
marečku	marɛtʃku
margaret	margarɛt
margarétka	nargarɛjtka
marge	margɛ
margecany	margeːtsaɲi
margita	maɾgita
margo	margɔ
marhuľa	marɣulʲa
maria	maria
marie	mariɛ
marihuana	mariɦuana
marina	marina
mario	mariɔ
marion	mariɔn
marián	mˌaɾiˈaŋ
mariánsky	mariaːnski
mariť	maric
mark	mark
marka	marka
marketing	markɛting
marketingové	markɛtingɔvɛː
marketingový	markɛtingɔviː
marketingu	markɛpɪngu
markizáčka	marcizaːtʃka
marko	markɔ
markušovce	maɾkvʃau̯tsɛ
markíz	markiːz
markíz	maɾkiz
markíza	markisa
markíza	markiːza
markízy	maɾkeˈzi
marley	marlɛj
maroš	marɨʃ
mars	mars
marse	marsɛ
marseille	marsɛjilɛ
martha	martɦa
martin	martin
martina	martinɑ
martinková	martinkɔvɑː
martinom	mɑrtinɔm
martinský	martinskiː
marty	marti
martyho	martihɔ
mary	mari
mas	mas
masa	masa
maska	maska
maska	mˈaska
masku	masku
maslo	masɫɔ
masmédium	masmɛːdijum
mason	masɔn
masový	masɔviː
masový	masʊiː
mastiť	mastitʃ
mastný	mastniː
masy	masi
masáž	masɑːʒ
masáž	mɑːˈsɑːʃ
masívna	masiːvna
masívne	masivɲɛ
masívnej	masivnei
masívny	masivni
masívny	masiːvni
masť	masc
mat	mat
matador	matadɔr
mate	matɛ
matej	macɛj
matej	matjej
mateja	macɛja
matematický	matɛmatitskiː
matematik	matɛmatik
matematika	matɛmatika
matematika	mat̪ematika
matematika	mat̪emat̪ika
mater	macɛr
materinský	macɛrinskiː
materiál	matɛriaːɫ
materiálny	matɛriaːlni
materiálny	matɛriaːɫni
materiálový	matɛriaːɫɔviː
maternica	macɛrɲitsa
materská	matɛrskaː
materský	macɛrskiː
matica	macitsa
matičný	mɑtiʃɲiː
matka	matka
matka	mˈɑtkɑ
matke	matkɛ
matkin	matkin
matkou	matkɔu
matku	matku
matky	matki
matoha	matɔɦa
matoviča	matɔvitʃa
matroš	matrɔʃ
matt	mat
matthew	matɦɛv
maturita	maturita
maturita	matʊɾita
maturitný	maturitniː
matúš	matʊʃ
mauretánia	nauretnia
max	maks
maximový	maksimɔviː
maximum	maksimum
maximálne	maksimaːlɲɛ
maximálnu	maksimaːɛlnu
maximálny	maksimaˈalˈmi
maximálny	maksimaːlni
maxo	maksɔ
maxx	maks
may	mai
maya	maia
mazaný	masa˥˩niː˧
mača	matʃa
mačka	matʃka
mačku	matʃku
mačky	matʃki
maďar	maɟar
maďarsko	maɟarskɔ
maďarsky	maɟarski
maďarský	maɟarskiː
maďarčina	maɟartʃina
maďarčina	maɟʝaɾtʃina
maľba	malba
maľba	maʎba
maľby	maʎbi
maľovali	maʎɔvali
maľovaný	malʲovaniː
maľovať	maʎɔvac
maľuje	maʎujɛ
maľujete	maʎujɛcɛ
maňogar	maɲogaɾ
mašina	maʃina
mašinéria	mɑʂjnɛːria
maškaráda	maːʃkaraːda
mašľa	baʃla
mať	mac
mať	mɑc
mcdonald	mtsdɔnald
mdloby	nɛdɫɔbi
mdlý	mdliː
me	mɛ
mechanický	mɛxanitskiː
mechanický	mɛxanitskɪ
mechanik	mɛxanik
mechanika	mexanika
mechanika	mɛxanika
mechanizmus	mɛxanizmus
mechúr	mɛxur
med	mɛt
medaila	mɛdajila
medaili	mɛdaɪlɪ
medailový	mɛdajilɔviː
medený	mɛɟɛniː
medicína	meditsˈiːna
medicína	mɛditsiːna
medicíne	mɛditsiːɲɛ
medicínsky	mɛditsiːnski
medicíny	mɛditsiːni
meditácia	mɛditaːtsia
mediálny	mɛdiaːɫni
medovník	mɛdɔvɲik
medovníky	mɛdɔvɲiːki
medového	mɛdɔvɛːhɔ
medvede	mɛdvɛɟɛ
medveď	mɛdvɛc
medveď	mɛdvɛtɕ
medza	medza
medza	mɛdza
medzera	mɛdzɛrɑ
medzere	mɛdzɛrɛ
medzev	nɛtsʲeu
medzi	mɛdzi
medzilaborce	mɛdzilɑbɔrtsɛ
medzinárodne	mɛdzinaːrɔdɲɛ
medzinárodnej	mɛdzinaːrɔdnɛj
medzinárodnú	mɛdzinaːrɔdnuː
medzinárodný	mɛdzinaːrɔdniː
medziročne	mɛdzirɔtʃɲɛ
medziročný	mɛdzirɔtʃniː
medzitým	mɛdzitiːm
medzičasom	mɛdzitʃasɔm
medziľudský	mɛdziʎudskiː
medzištátny	mɛdziʃtaːtni
medúza	mɛduza
megahertz	mɛgahɛrts
megan	mɛgan
megarana	megarana
mehrom	mɛhrɔm
meilu	mɛjlu
mejl	mɛjl
mejlami	mɛjlami
mejlom	mɛjlɔm
mejlová	mɛjlɔvɑː
mejly	mɛjli
mel	mɛl
melanchólia	mɛlanxɔːɫia
melanchólie	mɛlanxɔːɫiɛ
melissa	mɛlissa
melódia	mɛɫɔːdia
membrána	membrana
memorandum	mɛmɔrandum
memoriál	mɛmɔriaːɫ
mena	mena
mena	mɛna
menami	mɛnami
mene	mɛɲɛ
menej	mɛɲɛj
menia	mɛɲja
meniaci	mɛɲiatsi
menil	mʲanʲil
menila	mɛɲila
meniny	mænjini
meninám	mˈɛnɪnaːm
menič	mɛɲitʃ
meniť	mæn̪ik
meniť	mɛɲic
meno	mɛnɔ
meno	mɛnɔh
menom	mɛnɔm
menou	mɛnɔu
menovaný	mɛnɔvaniː
menovať	mɛnɔvac
menovca	mɛnɔutsa
menovkách	mɛnɔvkɑːx
menová	mɛnɔvaː
menový	mɛnɔviː
mentalita	mɛntalita
mentálne	mɛntɑːlɲɛ
mentálny	mɛntalni
mentálny	mɛntɑːlni
menu	mɛnu
meny	mɛni
mená	mɛna
mená	mɛnaː
mení	mɛɲiː
mením	mɛɲiːm
menšie	mɛnʃiɛ
menšina	mɛnʃina
menšinový	mɛnʃinɔviː
menšinový	mɛnʃɪnɔʋi
menší	menʃiː
menší	mɛnʃiː
merací	mæratsi
meradlo	mɛradɫɔ
merala	mrala
meranie	mɛraɲiɛ
merať	mɛrac
mercedes	mɛrtsɛdɛs
meridián	meridiaːn
meritum	metitum
meritórny	meritorni
merrick	mɛritsk
mesačne	mɛsatʃɲɛ
mesačnou	mɛsatʃnɔu
mesačná	mɛsatʃnaː
mesačník	mɛsatʃɲiːk
mesačný	mɛsatʃniː
mesačný	mɪsatʃniː
mesiac	mɛsiats
mesiac	nˈesˈiats
mesiaca	mɛsiatsa
mesiace	mɛsiatsɛ
mesiaci	mɛsiatsi
mesiacmi	mɛsiatsmi
mesiacom	mɛsiatsɔm
mesiacov	mɛsiatsɔv
mesiacu	mɛsiatsu
mesiarom	mɛsiarɔm
mest	mɛst
mesta	mesta
mesta	mɛsta
mesta	mɛstɑ
meste	mɛscɛ
meste	mɛstɛ
mestečko	mjɛstitʃkɔ
mestečko	mɛstɛtʃkɔ
mesto	mɛsto
mesto	mɛstɔ
mesto	mɛztɔ
mestom	mɛstɔm
mestská	mɛstkaː
mestské	mɛstskɛ
mestského	mɛstskɛːhɔ
mestský	mɛstskiː
mestu	mɛsto
mestu	mɛstu
mestá	mɛstɑː
mestách	mɛstɑːx
metafor	mɛtafɔr
metafora	mɛtafɔra
meteorológ	mɛtɛɔrɔloːk
meter	lɛtɛr
meter	mɛtɛr
metla	metla
metla	mɛtɫa
metoda	mɛtɔda
metodický	mɛtɔditskiː
metodika	mɛtɔdika
metra	mɛtra
metrická	mɛtritskaː
metro	mɛtrɔ
metropola	mɛtrɔpɔɫa
metropolitnej	mɛtrɔpɔlitnɛj
metropolou	mædrɔpɔʎɔu
metrov	mɛtrɔv
metrový	mɛtrɔviː
metrum	mɛtrum
metóda	mɛtɔːda
mexický	mɛksitskiː
mexika	mɛksika
mexiko	mɛksikɔ
mexiku	mɛksiku
meze	mɛzɛ
mezotinta	mezotinte
meč	mɛtʃ
mečom	mɛtʃɔm
meď	mɛk
meď	mɛɟ
mešita	mɛʃita
meškanie	mɛʃkani
meškanie	mɛʃkaɲiɛ
meškať	mɛʃkac
meškám	mɛʃkaːm
meškáme	mɛʃkaːmɛ
meškáte	mɛʃkɑːcɛ
meškáš	mɛʃkaːʃ
mešťan	mɛʃcan
mg	mg
mhm	mhm
mi	mi
mia	miɑ
miami	miɑmi
miasť	mjastɕ
michael	mixaɛl
michaela	mixaɛla
michaels	mixaɛls
michal	mixal
michal	mixau
michalka	mʲixau̯ka
michalovce	mixalɔvtsɛ
michelle	mixlɛllɛ
mickey	mitskɛi
mien	miɛn
mieniš	miɛɲiʃ
mieniť	miɛɲic
mienka	mijɛnka
mienka	mjˈenka
mienkotvorný	mjɛnkotvormiː
mier	miɛr
miera	mijɛra
miera	miɛra
miera	njɛra
miere	mɪɛrɛ
mieri	miɛri
mieriť	mijɛric
mierne	miɛrɲɛ
miernosť	mjɛrnɔs
miernou	miɛrnɔu
mierny	mijɛrni
mierny	miɛrni
mierny	miːɛrni
mierový	miɛrɔviː
mieru	miɛru
mieru	mɪɛru
miery	miɛri
miest	mijɛst
miesta	mɪɛstɑ
miestach	mɪɛstɑx
miestami	miɛstami
mieste	mɪɛscɛ
miestenka	mjɛstɛnkɛ
miestne	miɛstnɛ
miestne	miɛstɲɛ
miestnosti	miɛstnɔsci
miestnosť	miɛsnɔsc
miestnosť	miɛstnɔsc
miestny	miɛstni
miesto	miesto
miesto	miɛsto
miesto	miɛstɔ
miesto	mjesto
miesto	mɪɛstɔ
miestom	miɛstɔm
miezd	miɛzd
miešať	miːɛʃac
migrácia	migraːtsia
mike	mikɛ
mikina	mikˈinˈa
mikrofón	mikrofon
mikrofón	mikrɔfɔːn
mikrofóne	mikrɔfɔːɲɛ
mikrofónom	mikrɔfɔːnɔm
mikrofónu	mikrɔfɔːnu
mikroskop	mikrɔskɔp
mikroskopický	mikroskɔpitski
mikrovlnka	mɪkrovanka
mikse	miksɛ
miksom	miksɔm
miksu	miksu
mikuláš	mikulɑʃ
mikuláš	mikulɑːʃ
mikuláša	mikulɑːʃa
mikuš	mikˈuʃ
milan	milan
milanom	milɑnɔm
milenca	milɛntsa
milencov	milɛntsɔv
milenec	milɛɲɛts
milenka	milɛnka
miles	milɛs
miley	milɛi
milhosť	mɪlɦosk
miliarda	miliarda
miliarda	mjliard
miliardach	miliardax
miliardový	miliardɔviː
miliardy	miliardi
milionár	miliɔnaːr
miliárd	miliaːrd
milión	milion
milión	miliɔːn
milióna	miliɔːna
miliónmi	miliɔːnmi
miliónov	miliɔːnɔv
miliónový	miliɔːnɔviː
milióny	miljɔːni
miller	milɛr
milo	milɔ
milosrdenstvo	milɔsrɟɛnstvɔ
milosrdný	milɔsrdniː
milostiplná	milosdipɫnaː
milostný	milɔstniː
milosť	milɔsc
miloval	milɔvaɫ
milovala	milɔvaɫɑ
milovali	milɔvali
milovaná	milovanɑː
milovaný	milɔvaniː
milovaný	miːlovaniː
milovať	miɫɔvac
milovať	mjˈlɔvac
milovníci	milovɲiːtsi
milovník	milovɲiːk
miloš	miloʃ
miluje	miluɪɛ
milujem	miluɪɛm
milujeme	milujɛm
milujete	milujɛcɛ
miluješ	milujɛʃ
milujú	milujuː
milujúci	milujuːtsi
milá	milɑː
miláno	milɑːnɔ
miláčik	milɑːtʃik
miláčik	mɛlaːtʃik
milé	milæɛː
milého	milɛːhɔ
milénium	milɛːnijum
milí	miliː
milý	mili
milý	miliː
milým	miliːm
mimilujete	mimilujɛcɛ
mimo	mimɔ
mimo	mɪmɔ
mimochodom	mimo˥˩ːxɔdɔm
mimochodom	mimɔxɔdɔm
mimomilovníčka	mimɔmilɔvɲiːtʃka
mimoriadna	mimɔriɑdna
mimoriadne	mimɔriadɲɛ
mimoriadny	memoriadni
mimoriadny	mimɔriɑdni
mimovládny	mimɔvɫaːdni
mimovoľne	mimɔvɔʎɲɛ
minca	mintsa
minca	mjˈnθæ
mince	mintsɛ
mincu	mintsu
mineralógia	mʲinɛralɔːgʲi̯a
minerál	minɛraːɫ
minerálka	minoralka
minerálka	minɛraːlka
minerálny	minɛraːɫni
mini	mini
miniatúra	miniatura
miniatúrny	miniaturni
miniatúrny	mʲiniaturni
minimum	minimum
minimálne	minimaːlɲɛ
minimálny	minimaːlni
minister	ministɛr
ministerka	ministɛrka
ministerský	ministɛrskiː
ministerský	mjistɛrskiː
ministerstva	ministɛrstva
ministerstvo	ministɛrstvɔ
ministra	ministra
ministrovi	ministrɔvi
mino	minɔ
minul	minuɫ
minule	minule
minule	minulɛ
minulom	minulɔm
minuloročný	minulɔrɔtʃniː
minulosti	minuɫɔsci
minulosť	minulɔsc
minulosť	mínuʎɔsc
minulosťou	minulɔscɔu
minulotýždňový	minulɔtiːʒdɲɔviː
minulého	minuɫɛːɦɔ
minulú	minuɫuː
minulý	minuliː
minutý	minuti
minút	minuːt
minúta	minuta
minúta	minuːta
minútami	minuːtami
minútka	minuːtka
minútku	minuːtku
minútky	minuːtki
minútový	minutovi
minútový	minuːtɔviː
minútu	minuːtu
minúty	minuːti
minúť	minuːc
minúť	minuːt
miocén	mjotson
mir	mir
mira	mirɑ
miranda	mirɑnda
miro	mirɔ
miroslav	miro˥˩ːslau˥˩
misa	misa
misia	misia
misia	misija
misie	misijɛ
misijný	misijniː
misionár	misiɔnaːr
misiu	misiju
misií	misiiː
miska	miska
miss	mis
miss	miss
mitch	mitx
mitóza	mitoza
mix	miks
mizerný	mizɛrniː
mizine	miziɲɛ
miznúť	miznuːc
miša	misa
mišo	miso
mla	mlɑ
mladej	mɫadɛj
mladiny	mɫaɟini
mladistvý	mɫaɟistviː
mladosť	mlaːdɔsc
mladosť	mɫadɔsc
mladá	mɫadaː
mladé	mɫadɛː
mladého	mɫadɛːɦɔ
mladí	mɫadiː
mladícky	mɫaditskɪ
mladícky	mɫadiːtski
mladík	mlaɟik
mladík	mɫaɟiːk
mladý	mladiː
mladý	mɫadiː
mladý	mʎadʲ
mladých	mladiːx
mladšie	mladʃiɛ
mladší	mɫadʃiː
mladších	mɫadʃiːx
mletý	mlɛtiː
mlieko	mliɛkɔ
mliečny	mliɛtʃni
mlok	mˈɫok
mluvný	mɫuvniː
mlyn	mlin
mlynský	mlinskiː
mlynár	mlinar
mlynárka	ɫɛjnaːrka
mlynársky	ɛlinaːrski
mládenec	mɫaːɟɛnjɛts
mládenec	mɫaːɟɛɲɛts
mládež	mɫaːɟɛʃ
mládežnícky	mɫaːɟɛʒɲiːtski
mlátiť	mɫaːcic
mláďa	mɫaːɟa
mláďatá	mlaːɟakaː
mlč	mɫtʃ
mlčanie	mlɫtʃaɲiɛ
mlčať	mlɫtʃac
mlčky	mlɫtʃki
mm	mm
mmm	mmm
mna	mna
mne	mɲɛ
mnoho	mnɔɦɔ
mnohokrát	mnɔɦɔkrɑːt
mnohé	mnɔɦɛː
mnohí	mnɔɦiː
mnohý	mnɔɦiː
mnohých	mnɔɦiːx
mnohými	mnɔɦiːmi
mnou	mnɔu
množnom	mnɔʒnɔm
množstva	mnɔʒstva
množstvo	mnɔʂstvɔ
množstvo	mnɔʒstvɔ
mních	mniːx
mníchov	mniːxɔv
mníchovský	mniːxɔvskiː
mnísi	mnɛsɪ
mníška	mɲiːʃka
mníšsky	mɲɪʃski
mo	mɔ
mobil	mɔbil
mobil	nɔbɨu
mobile	mɔbilɛ
mobilný	mɔbilniː
mobilu	mɔbilu
mobily	mɔbili
mobyho	mɔbihɔ
moc	mats
moc	mɔts
mocenský	mɔtsɛnskiː
mochovce	mɔxɔwˈtsɛ
moci	mɔtsi
mocnosť	mɔtsnɔsc
mocný	matsniː
mocný	mɔtsniː
mocou	mɔtsɔu
model	modɛl
model	mɔdɛl
model	mɔdɛɫ
modelka	mɔdɛlka
modelky	mɔdɛlki
modelov	mɔdɛlɔv
modelovo	mɔdɛlɔvɔ
modelový	mɔdɛlɔviː
modely	mɔdɛli
moderejn	mɔdɛrɛjn
moderna	mɔdɛrna
modernizmus	mɔdɛrnizmus
modernizácia	mɔdɛrnizaːtsia
moderná	mɔdɛrna
moderné	mɔdɛrnɛː
moderné	mɔdɛrnɨ
moderný	mɔdɛrniː
moderoval	mɔdɛrɔval
moderovala	mɔdɛrɔvalɑ
moderátor	mɔdɛrɑːtɔr
moderátor	mˈˈɔdʊrˈator
moderátorka	mɔdɛraːtɔrka
moderátorka	mɔdɛrɑːtɔrka
moderátormi	mɔdɛrɑːtɔrmi
moderátorom	mɔdɛrɑːtɔrɔm
moderátorov	mɔdɛrɑːtɔrɔv
moderátorské	mɔdɛraːtɔrskɛː
modifikácia	mɔdifikɑːtsia
modli	mɔdli
modlil	mɔdlil
modlitba	mɔtlitbɑ
modliť	mɔdlic
modra	mugra
modra	mɔdra
modriny	mɔdrini
modro	mɔdrɔ
modru	mɔdru
modrá	mɔdraː
modrák	mɔdrak
modrákov	mɔdraːkɔv
modré	mɔdrɛː
modrú	mɔdruː
modrý	mɔdriː
modul	mɔdul
modus	mɔdus
mohla	mɔɦɫɑ
mohli	mɔhli
mohli	mɔɦli
mohlo	mɔɦlɔ
mohlo	mɔɦlɔʊ
mohol	mɔɦɔɫ
mohutný	mɔɦutniː
moj	mɔj
moja	mɔja
moja	mɔjɑ
moje	moje
moje	mɔjɛ
mojej	mɔjɛj
mojem	mɔjɛm
mojho	mɔjhɔ
moji	mɔji
moji	mˌoi
mojich	mɔjix
mojim	mɔjim
mojimi	mɔjimi
mojky	mɔjki
mojom	mɔjɔm
mojou	mɔjɔu
moju	mɔju
mojí	mɔjiː
mojím	mɔjiːm
mojžiš	moʒiʃ
mokré	mɔkrɛː
mokrý	mɔkriː
mol	mɔl
moldavka	moldalka
moldavsky	mɔɫdauʃki
molekula	mɔlɛkuɫa
moletný	mulɛtniː
molly	mɔli
moment	moment
moment	mɔmɛɲt
momente	mɔmɛɲcɛ
momentu	mɔmɛntu
momentálne	mɔmɛntaːlɲɛ
momentálne	mɔmɛntɑːlɲɛ
momentálny	mɔmentaːlni
momentálny	mɔmɛntɑːlni
momentík	mɔmɛɲciːk
monacký	mˈonatskiː
monarchia	monarkia
monarchia	mɔnarxia
monačan	monatʃan
monačanka	monatʃanka
mondo	mɔndɔ
mongolsko	mʊ̞ŋgɔɫsko
monitor	mɔnitɔr
monitoring	mɔnitɔring
monitorovanie	mɔnitɔrɔvaɲiɛ
monitorovať	mɔnitɔrɔvac
mono	mɔnɔ
monografia	mɔnɔgrafia
monogram	mˌɔnʊgrˈɐmɐ
monopol	mɔnɔpɔɫ
monsieur	mɔnisɛur
montreal	mɔntrɛal
montáž	mɔntɑːʒ
monu	mɔnu
monštrum	mɔnʃtrum
mopju	mɔpju
mor	mɔr
mora	mɔra
morava	mɔrava
moravce	mɔrau̯tsɛ
moravský	mɔravskiː
moray	mɔrai
more	mora
more	mɔrɛ
morgan	mɔrgan
mori	mɔri
moriak	mɔriak
morkých	mɔrkiːx
moroku	mɔrɔku
morskom	mɔrskɔm
morská	mɔrskɑː
morský	murskiː
morský	mɔrskiː
moru	mɔru
morálka	mɔraːlka
morálny	mɔraːlni
morčacie	mɔrtʃɐtsie
mosadzný	mɔsadʑniː
moskovský	mɔskɔvskiː
moskva	mɔskva
moskva	mɔskɫa
moskve	mɔskvɛ
moskyt	mɔskit
moslim	mɔslim
moslimský	mɔslimskiː
most	mɔst
most	mˈost
mostný	mustni
mostový	mˈostɔviː
mostík	mɔsciːk
motať	mʊ̞tæk
motela	mɔtɛɫa
moteli	mɔtɛli
motivačná	mɔtivatʃnɑː
motivačné	mɔtivatʃnɛː
motivačný	mɔtivatʃniː
motivovaný	mɔtivɔvaniː
motivovať	mɔtivɔvac
motivácia	mɔtivɑːtsia
motocykel	mɔtɔtsikɛɫ
motolíc	mɔtɔliːts
motor	mɔtɔr
motor	mˈotor
motora	mɔtɔrɑ
motorista	mɔtɔrista
motorizmus	mɔtɔrizmus
motorka	mɔtɔrka
motorov	mɔtɔrɔv
motorový	mɔtɔrɔviː
motory	mɔtɔri
motovidlo	mɔtɨvidlɔ
motto	mɔttɔ
motyka	mˈotika
motív	mɔtiːv
motúz	motoˈs
motýlik	mɔtɪlik
motýľ	motil
motýľ	mɔtiːʎ
mount	mɔunt
mousea	mɔusɛa
moussa	mɔusa
moussaba	mɔusaba
mouth	mɔutɦ
move	mɔvɛ
moves	mɔvɛs
moz	mɔz
mozaika	mɔzaika
mozambik	mˈɔzɑnbik
mozarta	mɔtsarta
moze	mɔzɛ
mozem	mɔzɛm
mozes	mɔzɛs
mozgom	mɔzgɔm
mozgový	mɔzgɔviː
mozgu	mɔzgu
mozgy	mɔzgi
mozno	mɔznɔ
mozog	mɔzɔk
moč	mɔtʃ
močiar	mutsiar
močiar	mɔtʃiɑr
močiť	mo˥˩ːtʃi˩˥ː
močový	mɔtʃɔviː
možete	mɔʒɛcɛ
možeš	mɔʒɛʃ
možna	mɔʒna
možno	mɔʐnɔ
možno	mɔʒnɔ
možnosti	mɔʒnɔsci
možností	mɔʒnɔsciː
možnosť	moʒnɔst
možnosť	mɔʒnɔsc
možná	mɔʒnɑː
možná	mˈoʒna
možné	moʐnɛ
možné	mɔʒnæː
možný	moʒni
možný	moʒniː
možný	mɔʒniː
mr	mr
mrak	mrak
mrav	mrav
mravce	mrau̯tsɛ
mravce	mravtsɛ
mravec	bravɛts
mravec	mravɛts
mravenisko	mˌraːvɛɲiskˈo
mravná	mravnaː
mravný	mravniː
mravčí	brautʃi
mrazený	brazeniː
mrazivý	mraziviː
mračna	mratʃnaː
mračno	mratʃnɔ
mračno	mrˈatʃnɔ
mrcha	mrxa
mreža	mrɛʒa
mriežka	mriɛʃka
mrkva	mrkva
mrzieť	mrziɛc
mrzí	mrziː
mráz	mraːs
mršina	marʃina
mu	mu
mu	mˈo
mucha	muxa
muche	muxɛ
mudr	mudr
mudrc	mudrts
muj	moj
mujete	mujɛcɛ
muju	muju
muk	muk
multimediálny	mulimɛdiaːɫni
multivláknový	multivlɑːknɔviː
mume	mumɛ
mumifikovaný	momifjkovani
mundo	mundɔ
muriel	muriɛɫ
murov	murɔv
murársky	murarski
musa	musa
musel	musɛɫ
musela	musɛla
museli	musɛli
museli	mutsali
muselo	musɛɫɔ
musi	musi
musia	musia
musiet	musiɛt
musieť	musiɛc
musim	musim
musime	musimɛ
musis	musis
musí	mosi
musí	musi
musí	musiː
musím	musim
musím	musiːm
musíme	musimɛ
musíme	musiːmɛ
musíme	musiːmɛh
musíte	musiːcɛ
musíš	musiːʃ
mutáciou	mutaːtsiɔu
muzika	muzika
muzikant	muzikant
muzikál	muzikau
muzikál	muzikɑːɫ
muzikálna	muzikaːɫna
muzikálny	muzikalni
muzikálny	muzikaːlni
mučenie	mutʃɛɲiɛ
mučeník	mutʃɛɲiːk
muľou	muʎɔu
mušiš	mˈuʃiʃ
muška	muʃka
mušle	muʃɫɛ
muž	muz
muž	muʃ
muž	muʒ
muža	muʒa
muža	muʒɑ
muži	mʊʒɪ
mužmi	muʒi
mužný	muʒniː
mužom	muʒɔm
mužov	muʒɔv
mužovi	muʒɔvi
mužský	muʃskiː
mužstvo	muʒstvɔ
mvdr	mvdr
my	mi
mydliť	mʲibɫʲik
mydlo	midɫɔ
myjava	mijava
myjava	mjava
myje	mijɛ
myknúť	miknuːc
mys	mis
myseľ	misɛʎ
myseľ	misˈɛl
mysle	mislɛ
myslel	mislɛɫ
myslela	mislɛɫɑ
mysleli	mislɛli
myslenie	mislɛɲiɛ
myslený	mʲislaŋʲi
mysli	misli
myslia	mislia
myslia	misʎˈa
myslieť	misliɛc
myslim	mislim
myslis	mislis
myslite	mislicɛ
mysliteľ	mislicɛʎ
myslí	misliː
myslím	misliːm
myslíme	misliːmɛ
myslíte	misliːcɛ
myslíš	misliːʃ
mystický	mistitskiː
myš	miʃ
myš	mˈiʃ
myšlenky	miʃlɛnki
myšlienka	miʃliɛŋka
myšlienka	miʃljɛnkaa
myšlienkový	miʃliɛnkɔviː
myšlienku	miʃliɛnku
myšlienky	miʃliɛnki
myšlienky	miʃljɛŋki
myší	miʃiː
mzda	mzda
mzda	nɛzda
mzdou	mzdɔu
mzdová	mzdovɑː
mzdový	mzdɔviː
má	ma
má	maː
mága	maːga
mágia	maːgia
máj	bˈaɪ
máj	maːj
mája	maːja
máji	maːji
májový	maːjɔviː
málo	malo
málo	mɑːɫɔ
málokedy	maːlɔkɛdi
málokto	maːlɔktɔ
máloktorý	mˈaːlɔktoriː
mám	maːm
máme	maːme
máme	mɑːmɛh
mária	maːria
márne	maːrɲɛ
márnica	maːrɲitsa
márny	maːrni
máte	mate
máte	mɑːcɛ
mávam	maːvam
mávať	mavak
mávať	maːvac
máčať	mɑːtʃæt
máš	maːʃ
máš	mɑːʃ
mäkká	mɛkkaː
mäkké	mɛkːɛ
mäkký	mɛkiː
mäkkýš	mɛkiːʃ
mäkčeň	mɛktʃɛɲi
mäkší	mɛkʃi
mäsa	mɛsa
mäsiar	bɛsjar
mäsiar	mɛsiar
mäso	mæsɔ
mäsový	mɛsɔviː
mäsožravec	mɛjsɔʒɾavɛts
mäta	meta
médium	mɛːdijum
médiá	mɛːdiaː
míl	miːl
míle	miːlɛ
mílnik	miːlɲik
mína	mina
mína	miːna
mínium	minium
mínová	miːnɔvɑː
mínovým	miːnɔviːm
mínus	minus
mínus	miːnus
místo	miːstɔ
míting	miːting
míľ	miːʎ
míľa	miːʎa
míňať	miːɲac
móda	moda
móda	mɔːda
móde	mɔdɛ
módna	mɔdna
módne	mɔdnɛ
módny	mɔːdni
módy	modi
módy	mɔːdi
mólo	mɔːl
môcť	muɔtsc
môj	moj
môj	muɔj
môjho	muɔjhɔ
môjmu	muɔjmu
môže	moʐa
môže	muɔʒɛ
môžem	muɔʒɛm
môžeme	muɔʒɛmɛ
môžete	muɔʒɛcɛ
môžeš	muɔʒɛʃ
môžme	muɔʒmɛ
môžno	muɔʒnɔ
môžte	muɔʒcɛ
môžu	moːʒu
môžu	muɔʒu
múch	muːx
múdre	muːdrɛ
múdrejší	mudræjiʃiː
múdrejší	muːdrɛjʃiː
múdrosť	muːdrɔsc
múdry	mudri
múdry	muːdri
múdry	muːdrɪ
múka	muka
múka	muːka
múr	mur
múr	muːr
múza	muːza
múzea	muːzɛa
múzeu	muːzɛu
múzeum	muːzɛum
múzických	muːzitskiːx
mýlil	miːlil
mýlila	miːlila
mýlim	miːlim
mýliš	miːliʃ
mýliť	miːlic
mýliť	miːlik
mýslim	miːslim
mýto	mito
mýto	miːtɔ
mýtus	miːtus
mýval	mival
mĺkvy	mɫːkvi
mľec	mɛts
mľiko	mˈilkˈo
mňa	mɲa
mňam	mɲam
mňe	nɛ
mňou	mɲɔu
mŕtva	mrtva
mŕtva	mrːtva
mŕtve	mrːtvɛ
mŕtveho	mrːtvɛhɔ
mŕtvi	mrːtvɪ
mŕtvol	mrːtvɔɫ
mŕtvola	mrːtvɔɫa
mŕtvolu	mrːtvɔɫu
mŕtvoly	mrːtvɔɫi
mŕtvy	mrrtʋi
mŕtvy	mrːtvɪ
mŕtvych	mrːtvɪx
mŕtvymi	mrːtvimi
n	n
n	nˈa
na	na
na	nɑ
na	nˈa
nabažiť	nabaʒic
naberať	naberat
naberať	nabɛrac
nabieli	navjɛli
nabielil	nabjeljo
nabielili	nabjeljli
nabije	nabijɛ
nabitý	nabiti
nabitý	nabitiː
nablízku	nabliːzku
nabok	nabɔk
nabrať	nabrac
nabrať	nabrat
nabudúce	nabuduʑsɛ
nabudúce	nabuduːtsɛ
nabádať	nabaːdac
nabíjačka	nabijatʃka
nabíjať	nabijak
nachádza	naxaːdza
nachádza	naxaːdzˈa
nachádzajú	ŋaxaːɟzajuː
nachádzajúci	naxaːdzajuːtsi
nachádzame	naxaːdzamɛ
nachádzať	naxaːdzac
nacionalista	natsiɔnalista
nacionalistický	natsiɔnalistitskiː
nacionalizmus	natsiɔnalizmus
nacista	natsista
nacistický	natsistitskiː
nacík	natsiːk
nad	nad
nad	naðɐ
nad	nɑd
nadaný	nadaniː
nadaný	nadanˈi
nadchádzajúci	nadxɑːdzajuːtsi
nadchádzajúcich	nadxɑːdzajuːtsix
nadhľad	nadɦʎat
nadir	nadir
nadjazd	nad̪iast
nadlho	nadɫɦɔ
nadmerný	nadmɛrniː
nadmiera	nadmiɛra
nadmorský	nadmɔrskiː
nadnárodný	nadnaːrɔdniː
nado	nadɔ
nadobro	nadɔbrɔ
nadobudne	nadɔbudɲɛ
nadobudnutie	nadɔbudnuciɛ
nadobudnutý	nadabudnˈotiː
nadobudnúť	nadɔbudnuːc
nadobúdať	nadɔbuːdac
nadol	nadɔɫ
nadovšetko	nadɔvʃɛtkɔ
nadpriemerný	nadpriɛmɛrniː
nadprirodzený	nadprirɔdzɛniː
nadriadený	nadriaɟɛniː
nadstavba	nadstavba
nadutá	nˈɐdutˈa
naduté	nadute
nadviazať	nadviazac
nadvihnúť	nadvihnuːc
nadvláda	nadvlaːda
nadváhu	nadvaːɦu
nadväznosť	nadvɛznɔsc
nadväzovať	nadvɛzɔvac
nadácia	nadaːtsia
nadáciu	nadaːtsiu
nadávajú	nɑdɑːvɑjuː
nadávať	nadaːvac
nadávka	nadaːvka
nadávka	nadaːɫka
nadávky	nadaːvki
nadísť	nadiːsc
nadýchni	nadiːxɲi
nadýchnuť	nadiːxnuc
nadšencov	nadʃɛntsɔv
nadšene	nadʃɛɲɛ
nadšenec	nadʃɛɲɛts
nadšenie	nadʃɛɲiɛ
nadšená	natʃɛna
nadšené	natʂɛnɛ
nadšený	natʂɨmɨ
nadšený	natʃaniː
nadšený	natʃɛˌniː
nadšený	nɑdʃɛniː
nadštandardný	nadʃtandardniː
naech	naɛx
nafta	nafta
nahadzal	naɦadzal
nahlas	naɦɫas
nahliadnuť	nɑhljɑdnuc
nahlásili	naɦlaːsɪliː
nahlásiť	naɦlaːsic
nahnevaná	naɦɲɛvanaː
nahnevaný	naɦɲɛvamɛ
nahnevaný	naɦɲɛvaniː
nahnevať	naɦɲɛvac
nahor	naɦɔr
nahota	naɦɔta
nahote	naɦɔcɛ
nahotu	naɦɔtu
nahovoriť	naɦɔvɔric
nahradiť	naɦraɟic
nahral	naɦraɫ
nahrali	naɦrali
nahrať	naɦrac
nahromadenie	naɦrɔmadɛɲijɛ
nahromadený	nahrɔmadjɛniː
nahrádzať	naɦraːdzac
nahrávacie	naɦraːvatsɪjɛ
nahrávať	naɦraːvac
nahrávka	nahraːuka
nahrávka	naɦraːvka
nahrávku	naɦraːvku
nahych	naɦix
naháňal	naɦaːɲal
naháňať	naɦaːɲac
nahí	naɦiː
nahý	naɦiː
naisto	naistɔ
naivný	naivniː
naj	nɑj
najal	nɑjɑɫ
najalergickejší	najalargitsʲkɛjʃi
najali	najali
najambicióznejší	najambitsioːznɛɛʃiː
najavo	najavɔ
najať	najac
najbizarnejšie	najbizarɲɛjʃiɛ
najbližšie	najbliʒʃiɛ
najbližšom	najbliʒʃɔm
najbližší	najbliʒʃiː
najbližších	najbliʒʃiːx
najbohatší	najbɔɦatʃiː
najbystrejšou	najbjstrɛjʃou̯
najbystrejšími	najbistrɛjʃimi
najbystrozrakejšia	najbistrozrakɛjʃa
najbystrozrakejšie	najbistrozrakɛjʃɛ
najbystrozrakejšieho	najbiʃtrozrakɛjʃiɛɦo
najbystrozrakejších	najbiːstrɔzrɔkɛjʃiːx
najbystrozrakejšími	najbistrɔzrɑkɛjʃimi
najdojemnejší	najdujɛmɲɛjʃiː
najdôležitejšie	najduɔlɛʒicɛjʃiɛ
najesť	najɛsc
najhonosnejšej	najɦoŋosɲɛɪ̯ʃɛj
najhoršia	najɦɔrʃia
najhoršie	najɦɔrʃiɛ
najhoršiemu	najɦɔrʃiɛmu
najhorší	najɦɔrʃiː
najjednoduchšie	najjɛdnɔduxʃiɛ
najkrajnejšími	najkrajɲɛjʃimɪ
najkrajšie	najkrajʃiɛ
najlacnejšej	najlatsɲɛjʃɛj
najle	nɑjlɛ
najlepšej	najlɛpʃɛj
najlepšia	najlɛpʃia
najlepšia	najlɛpʃɪa
najlepšie	najlɛpʃiɛ
najlepšie	najlɛpʃɛ
najlepšie	naɪilɛpʃɪɛ
najlepšie	nɑjlɛpʃiɛ
najlepšieho	najlɛpʃiɛɦɔ
najlepšieho	najlɛpʃɪjɛɦo
najlepšiu	najlɛpʃiu
najlepší	najlɛpʃiː
najlepších	najlɛpʃiːx
najlepším	najlɛpʃiːm
najluxusnejšou	najluksusnʲejʃau
najlyrickejší	najlɨrɨtskɛjʃiː
najme	nɑjmɛ
najmenej	najmɛɲɛj
najmenší	najmɛnʃiː
najmenší	nˈæjmeɪʃiː
najmenším	najmɛnʃiːm
najmä	najmɛ
najnenáročnejších	najnænaːrɔtʃɲɛxʃix
najneskôr	najɲɛskuɔr
najnovšie	najnɔvʃiɛ
najoptimistickejší	najɔptimistitskɛjʃiː
najoptimistic­kejšom	najɔptimistitskɛjʃɔm
najprv	najprv
najprv	naɪprv
najradšej	najradʃɛj
najrýchlejšie	najriːxlɛjʃiɛ
najsexi	najseksj
najsilnejšia	najsilɲɛjʃia
najsilnejších	najsilɲɛjʃiːx
najskôr	najskor
najskôr	najskuɔr
najstarší	najstarʃiː
najuletenejšie	najulɛcɛɲɛjʃɪjɛ
najv	najv
največšia	najvɛtʃia
največšie	najvɛtʃʃiɛ
največší	najvɛtʃʃiː
največším	najvɛtʃʃiːm
najviac	najvjats
najvyššia	najviʃʃia
najvyššie	najviʃʃiɛ
najvyšší	najviʃʃiː
najvyšším	najviʃʃiːm
najvzácnejší	najvzaːtsɲɛjʃiː
najväčšia	najvɛtʃia
najväčšie	najvɛtʃʃiɛ
najväčšieho	najvɛtʃʃiɛɦɔ
najväčšou	najvɛtʃʃɔu
najväčší	najvɛtʃʃiː
najvýznamnejších	nɑjviːznamɲɛjʃiːx
najúžasnejšie	najuːʒɑsɲɛjʃiɛ
najžiadanejším	najʒiadaɲɛjʃiːm
nakagawa	nakagava
nakakaný	nakakami
nakladanie	nakladaɲiɛ
nakladať	nakladac
naklonený	naklɔɲɛniː
nakloniť	nakloɲitɕ
nakloniť	naklɔɲic
nakoniec	nakoɲɛts
nakoniec	nakɔɲiɛts
nakopem	nakɔpɛm
nakoľko	nakolkɔ
nakoľko	nakɔʎkɔ
nakresliť	nakrɛslic
nakrátko	nakraːtkɔ
nakrúcanie	nakruːtsaɲiɛ
nakrúcate	nakruːtsɑcɛ
nakrúcaš	nakruːtsaʃ
nakrúcať	nakruːtsac
nakrútený	nakruːcɛniː
nakrútiť	nakruːcic
nakupovať	nakupɔvac
nakupuj	nakupuj
nakúpiť	nakuːpic
naladené	nalaɟɛnɛː
naladenú	nalaɟɛnuː
naladený	nalaɟɛniː
naliať	naliac
naliehavo	nˈalɪeɦavo
naliehavý	naliɛɦaviː
naliehať	naliɛɦac
nalomia	nalɔmia
naložiť	nalɔʒic
nam	nɑm
namastený	namazɟɛniː
namaľovali	namaʎɔvali
namaľovať	namaʎɔvac
nameraný	namɛraniː
namerať	namɛrac
nami	mɑmɪ
nami	nɑmi
namierené	namiɛrɛnɛː
namierený	namiɛrɛniː
namieriť	namiɛric
namieste	namiɛscɛ
namiesto	namiɛstɔ
namietaný	namie̞tˌɑːniː
namietať	namiɛtac
namietnuť	namiɛtnuc
namoi	namoi
namáhavé	namaːhavɛː
namáhavý	namaːhaviː
nan	nan
nanajvýš	nanajviːʃ
nancy	nantsi
nanešťastie	naɲɛʃcascjɛ
nanič	naɲitʃ
nanovo	nanɔvɔ
nanuk	nanuʔ
nanukový	nanɔkɔʋi
naokolo	naɔkɔlɔ
naopak	naopak
naopak	naɔpak
naozaj	nɑɔzaɪ
naozajstný	nauzajstniː
naozajstný	naɔzajstniː
napadla	napadɫa
napadlo	napɑdɫɔ
napadne	napadɲɛ
napadnutie	napadnuciɛ
napadnutie	napatnutiɛ
napadnutý	napadnutiː
napadnúť	napadnuːc
napadol	napɑdɔɫ
napadá	napadaː
naparená	naparɛna
naparfumovať	napɑrfumɔvɛ
naparovací	naparovatsiː
napeta	napɛta
napečené	napɛːtʃɛnɛː
napi	napi
napiť	napic
naplnenie	naplɲɛɲiɛ
naplnené	naplɲɛnɛː
naplnený	naplɲɛniː
naplnil	naplɲil
naplniť	naplɲic
naplno	naplnɔ
naplánovaný	naplaːnɔvaniː
naplánovať	naplaːnɔvac
napodobňovať	napɔdɔbɲɔvac
napojený	napɔjɛniː
napojiť	napojiːc
napokon	napɔkɔn
napoleon	napɔlɛɔn
napoly	napɔli
napomenutie	napɔmɛnukiɛ
napomáhať	napɔmaːɦac
naposledy	napɔslɛdi
napovedať	napɔvɛdac
napr	napr
napraviť	napravic
napredovať	naprɛdɔvac
napredovať	naprɛtovag
napriek	napriɛk
naprosto	naprɔstɔ
naproti	naprɔci
naprázdno	napraːznɔ
napríklad	napriːkɫat
napríklad	naprˈiːklat
napsterom	napstɛrɔm
napájať	napajak
napätie	napɛciɛ
napätie	napɛtiɛ
napäto	nɑpɛtɔ
napätý	napɛtiː
napísal	napisau
napísal	napiːsɑl
napísala	napiːsɑla
napísali	napiːsɑli
napísané	napiːsɑnɛː
napísaný	napiːsaniː
napísať	napiːsac
napísať	napiːsat
napíš	napiːʃ
napíšem	napiːʃɛm
napíšeš	napiːʃɛʃ
napíšte	napiːʃcɛ
napĺňať	naplːɲac
nar	nar
naradené	naraɟɛnɛː
narastajúci	narastajuːtsi
narastať	narastac
naraz	naraz
narazil	narazil
naraziť	narazic
nariadenie	nariaɟɛɲiɛ
nariadiť	nariaɟic
nariekať	nariɛkac
narkobarón	narkobarɔn
narkoman	narkɔman
narobiť	narɔbic
narodenie	narɔɟɛɲiɛ
narodeninovej	narɔɟɛɲinɔvɛj
narodeninový	narɔdʑɛɲiɲɔvi
narodeniny	narɔɟɛɲini
narodeninám	narɔɟɛɲinɑːm
narodenín	narɔɟɛɲiːn
narodený	narɔɟɛniː
narodil	narɔɟil
narodila	narɔɟila
narodilo	narɔɟilɔ
narodiť	narɔɟic
narozprávalo	narɔzprɑːvalɔ
narušenie	naruʃɛɲiɛ
narušený	naruʃɛniː
narušiť	naruʃic
narvatý	narvatiː
narábanie	naraːbaɲiɛ
narábať	naraːbac
narásť	naraːsc
narážať	naraːʒac
narážka	naraːʒka
narúšať	naruːʃac
narýchlo	nariːxlɔ
nas	nas
nasa	nasa
nasadenie	nasaɟɛɲiɛ
nasadený	nasaɟɛniː
nasadiť	nasaɟic
nasadnúť	nasadnuːc
nasaď	nasaɟ
nasaďte	nasaɟcɛ
naschvály	nasxlaːli
nasich	nasix
nasilu	nasilu
nasim	nasim
naskoč	naskɔtʃ
naskytnúť	naskitnuːc
nasledovala	naslɛdɔvalɑ
nasledovali	nasʃlɛdɔvali
nasledovať	naslɛdɔvac
nasledovať	naːslɛdɔvac
nasledovne	naslɛdɔvɲɛ
nasledovné	naslɛdɔvnɛː
nasledovník	naslɛdɔvɲiːk
nasledovný	naslɛdɔvniː
nasleduj	naslɛduj
nasleduje	naslɛdujɛ
nasledujte	naslɛdujcɛ
nasledujú	naslɛdujuː
nasledujúca	naslɛdujuːtsa
nasledujúcej	naslɛdujuːtsɛj
nasledujúci	naslɛdujuːtsi
nasledujúcich	naslɛdujuːtsix
naslevuje	naslɛvujɛ
naspet	naspɛt
naspäť	naspɛc
nasrala	nasrala
nasratý	nasratiː
nasrdil	nasrɟil
nastal	nastal
nastane	nastaɲɛ
nastav	nastau
nastav	nastav
nastavenie	nastavɛniɛ
nastavenie	nastavɛɲiɛ
nastavené	nastavɛnɛː
nastavený	nastavɛniː
nastavili	nastavili
nastaviť	nastavic
nastať	nastac
nastolili	nɑstɔlili
nastoliť	nastɔlic
nastrašená	nastraʃana
nastrašiť	nɑstraʃitɕ
nastrieľať	nastriɛʎac
nastrihajú	nastrɪɦaɪu
nastrihala	nostriɦala
nastupoval	nastupɔval
nastupovať	nastupɔvac
nastupujúca	nastupujuːtsa
nastupujúcej	nastupujuːtsɛj
nastávajúci	nastaːvajuːtsi
nastávať	nastɑːvac
nastúp	nastuːp
nastúpiť	nastuːpic
nastúpte	nastuːpcɛ
nasvedčovať	nasvɛdtʃɔvac
nasťahovať	nascaɦɔvac
natale	natalɛ
nate	nacɛ
nateraz	natɛraz
nathan	natɦan
natiahnuť	naciaɦnuc
nato	natɔ
nato	nɑtɔ
natočil	natɔtʃil
natočiť	natotʃit
natočiť	natɔtʃic
natočte	natɔtʃcɛ
natoľko	natɔʎkɔ
natrafiť	natrafic
natrel	natʲrɛl
natrvalo	natrvalɔ
natáčať	nataːtʃac
nau	nɑu
naučil	nautʃil
naučila	nautʃila
naučili	nautʃili
naučiť	nautʃic
naučím	nautʃiːm
naučíš	nautʃiːʃ
navalíš	navaliːʃ
navariť	navarit
navec	navɛts
naveky	navɛki
naveky	naˈvɛti
naverboval	navɛrbɔval
naviac	naviats
naviazaný	naviazaniː
navonok	navɔnɔk
navrhnutý	navrhnutiː
navrhnúť	navrhnuːc
navrhol	navrhɔɫ
navrhovaný	navrhɔvaniː
navrhovateľ	navrhɔvacɛʎ
navrhovať	navrhɔvac
navrhujem	navrhujɛm
navyše	naviʃɛ
navzájom	navzaːjɔm
navštevovať	nafʃcɛvɔvac
navštívil	nafʃciːvil
navštíviť	nafʃtˈiːvits
navštíviť	navʃciːvic
navždy	nɑvʒdi
nazad	nazad
nazad	naˈzat
nazbierať	nazbiɛrac
nazdar	nazdar
nazdávať	nazdaːvac
naznačil	naznatʃil
naznačila	naznatʃila
naznačili	naznatʃili
naznačiť	naznatʃic
naznačovať	naznatʃɔvac
naznačuje	naznatʃujɛ
nazrieť	nazriɛc
nazval	nazval
nazvali	nazvɑli
nazvaný	nazvaniː
nazvať	nazvac
nazýva	naziːva
nazývajú	naziːvajuː
nazývame	naziːvamɛ
nazývaný	naziːvaniː
nazývať	naziːvac
načas	natʃas
načase	natʃasɛ
načisto	natʃistɔ
načo	natʃɔ
načreli	natʃrɛli
načrtnúť	natʃrtnuːc
načítať	natʃiːtac
načúvať	natʃuːvac
naďalej	naɟalɛj
naľečniki	nalɛtʃɲiki
naň	naɲ
naňho	naɲɦɔ
naša	nɑʃɑ
našch	naʃax
naše	nɑʃɛ
našej	nɑʃɛi
naši	naʃi
naši	næʃi
našich	naʃix
našiel	nɑʃiɛʎ
našim	naʃim
našimi	nɑʃimi
našinec	naʃiɲɛts
našla	naʃla
našli	naʃʎi
našom	nɑʃɔm
našou	nɑʃoʊ
naštartovať	naʃtartɔvac
naštrbený	naʃtrbɛniː
naštvaná	naʃtvanaː
naštvaný	naʃtvaniː
naštve	naʃtvɛ
našu	nɑʃu
naší	naʃiː
naším	naʃiːm
našťastie	naʃcɑscɪɛ
naťahovať	nacaɦɔvac
nažive	naʒivɛ
nažive	naʒiˈbe
naživo	naʒivɔ
ne	ɲɛ
neal	nɛaɫ
neba	ɲɛba
neba	ɲɛbɔ
nebadať	nɛpadatɕ
nebaviť	ɲebavitɕ
neber	ɲɛbɛr
neberiem	ɲɛbɛriɛm
nebesia	ɲɛbɛsia
nebeská	ɲɛbɨska
nebeský	ɲɛbɛskiː
nebesá	ɲɛbɛsɑː
nebezpečenstve	ɲɛbɛzpɛtʃɛnstvɛ
nebezpečenstvo	ɲɛbɛzpɛtʃɛnstvɔ
nebezpečne	ɲɛbɛzpɛtʃɲɛ
nebezpečnom	ɲɛbɛzpɛtʃnɔm
nebezpečná	ɲɛbɛzpɛtʃnaː
nebezpečné	ɲɛbɛzpɛːtʃnɛː
nebezpeční	ɲɛbɛzpɛtʃniː
nebezpečný	ɲɛbɛspɛtʃniː
nebezpečný	ɲɛbɛzpɛtʃniː
nebezpečí	ɲɛbɛzpɛtʃiː
nebežať	nʲebʲæʂatʲ
nebi	ɲɛbi
nebiť	ɲɛbi
neblázniť	ɲɛblɑːzɲit
nebo	ɲɛbɔ
nebodaj	ɲɛbɔdaj
nebohý	ɲɛbɔɦiː
neboj	ɲɛbɔj
nebojovať	ɲebɔjavak
nebojová	ɲɛbɔjɔvaː
nebojte	ɲɛbɔjcɛ
nebojím	ɲɛbɔjiːm
nebojíš	ɲɛbɔjiːʃ
nebol	ɲɛbɔl
nebola	nʲabɨɫa
nebola	ɲɛbɔlɑ
neboli	ɲɛbɔli
nebolo	ɲɛbɔlɔ
neborak	ɲɛbɔrak
nebotyčná	ɲɛbɔtɔtʃmaː
nebrať	ɲebrɛt
nebrať	ɲɛbrac
nebreš	ɲɛbrɛʃ
nebrániť	ɲɛbrɑːnic
nebrávať	nɛbraːva
nebráň	ɲɛbraːɲ
nebud	ɲɛbud
nebude	ɲɛbuɟɛ
nebudem	ɲɛbuɟɛm
nebudeme	ɲɛbuɟɛmɛ
nebudes	ɲɛbuɟɛs
nebudete	ɲɛbuɟɛcɛ
nebudeš	ɲɛbuɟɛʃ
nebudiť	ɲebuditɕ
nebudiť	ɲɛbuɟic
nebudú	ɲɛbuduː
nebuď	ɲɛbuɟ
nebuďte	ɲɛbuɟcɛ
nebyl	ɲɛbil
nebytový	ɲɛbitɔviː
nebyť	ɲɛbi
nebyť	ɲɛbic
nebyť	ɲɛbiːc
nebáť	ɲebaːt
nebáť	ɲɛbaːc
nebývať	nɛbiːvat
nebývať	ɲɛbiːvac
necelou	ɲɛtsɛlɔu
necelý	ɲɛtsɛliː
nech	nʲex
nech	ɲɛx
nechaj	ɲɛxaj
nechajme	ɲɛxajmɛ
nechajte	ɲɛxajcɛ
nechajú	ɲɛxajuː
nechal	ɲɛxɑɫ
nechala	ɲɛxɑɫa
nechali	ɲɛxɑɫi
nechavam	nɛxavam
nechavas	nɛxavas
nechať	nʲexatɕ
nechať	ɲɛxac
nechce	ɲɛxtsɛ
nechcel	ɲɛxtsɛl
nechcela	ɲɛxtsɛla
nechceli	ɲɛxtsɛli
nechceli	ɲɛxtsɛliː
nechcem	ɲɛxtsɛm
nechceme	ɲɛxtsɛm
nechcete	ɲɛxtsɛcɛ
nechceš	ɲɛxtsɛʃ
nechci	ɲɛxtsi
nechcieť	ɲɛxtsijɛc
nechcieť	ɲɛxtsiɛc
nechcite	ɲɛxtsicɛ
nechcú	ɲɛxtsuː
nechodil	ɲɛxɔɟil
nechodiť	ɲɛxɔɟic
nechodí	ɲɛxɔɟiː
nechodím	ɲɛxɔɟiːm
nechodíme	ɲɛxɔɟiːmɛ
nechopiť	ɲɛxɔpi
nechopíš	ɲɛxɔpiːʃ
nechoď	ɲɛxhɔɟ
nechoďte	ɲɛxhɔɟcɛ
necht	ɲɛxt
nechtiac	ɲɛxciats
nechty	ɲɛxti
nechutné	ɲɛxutnɛː
nechutný	ɲɛxutniː
nechválne	ɲɛxvaːɫɲɛ
nechystať	nʲaxʲista
nechystať	ɲɛxistac
nechytaj	ɲɛxitaj
nechytať	nɛxitaɟ
nechá	nʲexa
nechá	ɲɛxɑː
nechám	ɲɛxɑːm
necháme	ɲɛxɑːmɛ
nechápať	ɲɛxaːpac
nechápem	ɲɛxɑːpɛm
nechápeš	ɲɛxɑːpɛʃ
necháte	ɲɛxɑːcɛ
necháva	ɲɛxaːva
nechávať	ɲɛxaːvac
necháš	ɲɛxɑːʃ
nechýba	ɲɛxiːba
nechýbať	ɲɛxiːbac
necvičiť	ɲɛtsvitʃɪ
necíti	ɲɛtsiːci
necítil	ɲɛtsiːcil
necítim	ɲɛtsiːcim
necítiť	ɲetsˈiːtit
necítiť	ɲɛtsiːcic
ned	nɛd
nedajbože	ɲɛdajbɔʒɛ
nedajú	ɲɛdajuː
nedal	ɲɛdaɫ
nedala	ɲɛdala
nedali	ɲɛdali
nedarilo	ɲɛdarilɔ
nedariť	ɲɛdaric
nedaroval	ɲɛdarɔval
nedaruje	ɲɛdarujɛ
nedať	ɲɛdac
nedbať	ɲɛdbac
nedeje	ɲɛɟɛjɛ
nedel'a	ɲɛdʑɛla
nedele	ɲɛɟɛʎɛ
nedeľa	ɲɛɟɛʎa
nedeľný	ɲɛɟɛʎniː
nedeľu	ɲɛɟɛlu
nedeľňajší	ɲɛɟɛʎɲajʃiː
nediať	ɲɛɟiac
nedobyť	ɲɛdɔbi
nedochádzať	ɲɛdɔxaːdzɛt
nedodržia	ɲɛdɔdrʒia
nedodržiavať	nɛadɔtrʒiavɑc
nedodávať	ɲɛadɔdaːvac
nedohodnúť	ɲɛdɔɦɔdnuːc
nedohovoriť	ɲɛdɔɦɔvɔriːc
nedoješ	ɲɛdɔjɛʃ
nedokončiť	ɲɛdɔkɔntʃic
nedokázal	ɲɛdɔkaːzal
nedokázali	nɛdokaːzaliː
nedokázať	ɲɛdɔkaːzak
nedokázať	ɲɛdɔkɑːzac
nedokáže	ɲɛdɔkɑːʒɛ
nedokážem	ɲɛdɔkɑːʒɛm
nedokážete	ɲɛdɔkɑːʒɛcɛ
nedokážeš	ɲɛdɔkɑːʒɛʃ
nedokážu	ɲɛdɔkɑːʒu
nedoplatok	ɲɛdɔplatɔk
nedopustiť	ɲɛdɔpuscic
nedorazíš	ɲɛdɔraziːʃ
nedorozumenie	ɲɛdɔrɔzumɛɲiɛ
nedosahovať	ɲɛdɔsaɦɔvac
nedosiahnuť	nɛdosjaɦnuj
nedosiahnuť	ɲɛdɔsiahnuc
nedostal	ɲɛdɔstɑɫ
nedostala	ɲɛdɔstɑlɑ
nedostali	ɲɛdɔstɑli
nedostane	ɲɛdɔstɑɲɛ
nedostanem	ɲɛdɔstɑɲɛm
nedostaneme	ɲɛdɔstɑɲɛmɛ
nedostaneš	ɲɛdɔstɑɲɛʃ
nedostatok	ɲɛdɔstɑtɔk
nedostatočne	ɲɛdɔstɑtɔtʃɲɛ
nedostatočný	ɲɛdɔstatɔtʃniː
nedostaví	ɲɛdɔstɑviː
nedostať	ɲɛdɔstac
nedostávali	ɲɛdɔstɑːvɑli
nedostávať	njɛdɔstaːvac
nedostávať	ɲɛdɔstɑːvac
nedotklo	ɲɛdɔtklɔ
nedotkne	ɲɛdɔtkɲɛ
nedotknúť	ɲɛdɔtknuːc
nedotýkaj	ɲɛdɔtiːkaj
nedotýkajte	ɲɛdɔtiːkajcɛ
nedovera	ɲɛdɔvɛra
nedovolený	ɲɛdɔvɔlɛniː
nedovoliť	ɲɛdɔfɔlitɕ
nedovoliť	ɲɛdɔvɔlic
nedovolím	ɲɛdɔvɔliːm
nedovolíš	ɲɛdɔvɔliːʃ
nedovoľ	ɲɛdɔvɔʎ
nedovoľovať	ɲɛdɔvɔʎɔvac
nedozerať	ɲɛdɔzɛra
nedozrel	ɲɛdɔzrɛl
nedozrieť	ɲɛdɔzrjɛ
nedozvedieť	ɲɛdɔzvɛɟiɛc
nedočiahla	ɲɛdɔtʃiahla
nedočkať	ɲɛdɔtʃkac
nedržím	ɲɛdrʒiːm
nedupte	ɲɛdupcɛ
nedusí	ɲɛdusiː
nedá	ɲɛdaː
nedám	ɲɛdaːm
nedáva	ɲɛdaːva
nedávať	ɲɛdaːvac
nedávno	nʲedavno
nedávno	ɲɛdaːvnɔ
nedávny	nædaːbni
nedávny	ɲɛdaːvni
nedáš	ɲɛdaːʃ
nedôjsť	ɲɛduɔjsc
nedôvera	ɲɛduɔvɛra
nedôverovať	ɲɛduɔvɛrɔvac
neefektívny	ɲɛɛfɛktiːvni
neexistoval	ɲɛɛksistɔval
neexistovať	nɛɛkzistɔvac
neexistovať	ɲɛɛksistɔvac
neexistovať	ɲɛɛksistɔvɑc
neexistuje	ɲɛɛksistujɛ
neexistujú	ɲɛɛksistujuː
neexistujúceho	mɲɛɛkzɪstʊjuːtsɛɦɔ
nefajčiar	nʲafajtʃera
nefajčili	ɲɛfajtʃili
neformálny	ɲɛfɔrmɑːlni
nefungovať	nɛfungɔvatɕ
nefungovať	ɲɛfungɔvac
nefunguje	ɲɛfungujɛ
negatívne	ɲɛgatiːvɲɛ
negatívnejší	nɛgatiːvɲɛjʃiː
negatívny	nɛgatʲivnʲi
negatívny	ɲɛgatiːvni
negatívum	ɲɛgatiːvum
neger	nɛgɛr
neha	nɛɦa
nehanebný	nɛɦaɲɛdriː
nehercami	ɲɛhɛrtsɑmi
nehercov	ɲɛhɛrtsɔv
nehladievať	ɲɛɦlaɟʲiɛvac
nehladiť	ɲɛɦlaɟɪt
nehlasovaniu	ɲɛɦlasɔvɑɲiː
nehlboko	mɲɛɦlpoko
nehliadkoval	nɛɦliatkova
nehliadkuje	nʲeɣlʲiadkuj
nehnevať	ɲɛɦɲɛvac
nehnuteľnosť	ɲɛɦnucɛʎnɔsc
neho	ɲɛɦɔ
nehoda	ɲɛɦɔda
nehode	ɲɛɦodɪɛ
nehode	ɲɛɦɔɟɛ
nehodiť	ɲɛɦɔɟic
nehodu	ɲɛɦɔdu
nehody	ɲɛɦɔdi
nehorieť	nɛɦʊrjɛtɕ
nehovor	ɲɛɦɔvɔr
nehovoriac	ɲɛhɔvɔriats
nehovorievať	ɲɛɦovorijɛvac
nehovoril	ɲɛhɔvɔriɫ
nehovorila	ɲɛhɔvɔrilɑ
nehovoriť	ɲɛɦɔvɔri
nehovoriť	ɲɛɦɔvɔric
nehovorte	ɲɛhɔvɔrcɛ
nehovorí	ɲɛhɔvɔriː
nehovorím	ɲɛhɔvɔriːm
nehovoríme	ɲɛhɔvɔriːmɛ
nehraj	ɲɛɦraj
nehral	ɲɛɦral
nehrala	ɲɛɦrala
nehrať	ɲeɦrat
nehrať	ɲɛɦrac
nehroziť	ɲɛɦrɔzic
nehrám	ɲɛɦraːm
nehybne	ɲɛɦibɲɛ
nehybný	ɲɛɦibniː
nehýb	ɲɛɦiːb
nehýbe	ɲɛɦiːbɛ
nehýbte	ɲɛɦiːbcɛ
nehľadať	ɲɛɦʎadac
neil	nɛil
neimponovalo	ɲɛimpɔnɔvalɔ
neinformovať	ɲeinfɔrmɔvatɕ
neistota	ɲɛistɔta
neistý	ɲɛistiː
nej	nɛi
nejak	ɲɛjak
nejake	ɲɛjɑkɛ
nejakej	ɲɛjɑkɛj
nejako	ɲɛjɑko
nejakom	ɲɛjɑkom
nejakou	ɲɛjɑkou
nejaky	ɲɛjɑki
nejaká	ɲɛjɑkɑː
nejaké	ni˩˥ːa˥˩ke˥˩
nejaké	ɲɛjɑkɛː
nejaké	ɲɛɪɑkɛː
nejakého	ɲɛɪɑkɛhɔ
nejakí	ɲɛjɑkiː
nejakú	ɲɛɪɑkuː
nejaký	ɲɛɪɑkiː
nejakých	ɲɛjakiːx
nejakým	ɲɛɪɑkiːm
nejasný	ɲɛjasniː
nejazdiť	nɛjasdi
nejde	ɲɛidɛ
nejde	ɲɛjɟɛ
nejdem	ɲɛjɟɛm
nejdeme	ɲɛjɟɛmɛ
nejdeš	ɲɛiɟɛʃ
nejeden	ɲɛjɛdɛn
nejednota	ɲejɛdnɔta
nejednotná	ɲɛjɛdnɔtna
nejedávať	nʲejɛdaːvak
nejestvovať	ɲɛjɛstvɔvac
nejesť	ɲɛjɛsc
nejlepsi	nɛjlɛpsi
nejsť	ɲɛjsc
nekaziť	ɲekazi
neklam	ɲɛkɫam
neklamať	ɲɛkɫamac
neklamem	ɲɛkɫamɛm
neklamávať	nʲekɫamaːvac
nekompetentní	niːkompɛtɛntniː
nekompromisný	ɲekɔmprɔmismi
nekompromisný	ɲɛkɔmprɔmisniː
nekonať	ɲekɔnɛ
nekonať	ɲɛkɔnac
nekonečne	ɲɛkɔɲɛtʃɲɛ
nekonečný	ɲɛkɔɲɛtʃniː
nekontrolovať	ɲɛkontrɔʎovatɕ
nekonzistentný	ɲɛkɔnzistɛntnɛ
nekončiť	nɛkɔntʃitɕ
nekončiť	ɲɛkɔntʃic
nekočúva	ɲɛkɔtʃuːvɑ
nekradneš	ɲɛkradɲɛʃ
nekrytých	ɲɛkritiːx
nekráčať	nɛkraːtʃat
nekúpil	ɲɛkuːpil
nekýv	ɲɛkiːv
nelegálny	ɲɛlɛgaːɫni
neleštiť	ɲɛʎɛʃtit
nelodne	ɲɛlodɲɛ
nelson	ɲɛlsɔn
nema	ɲɛmɑ
nemaj	ɲɛmɑj
nemajetnosť	nɛmajɛtnɔsc
nemajú	ɲɛmɑjuː
nemal	ɲɛmal
nemala	ɲɛmalɑ
nemali	ɲɛmali
nemalo	ɲɛmalɔ
nemam	ɲɛmam
nemame	ɲɛmɑmɛ
nemastný	nɛmɛsniː
nemať	ɲematɕ
nemať	ɲɛmac
nemci	ɲɛmtsi
nemec	ɲɛmɛts
nemecka	ɲɛmɛtska
nemeckej	ɲɛmɛtskɛj
nemecko	ɲɛmɛtskɔ
nemecky	ɲɛmɛtski
nemecká	ɲɛmɛtskɑː
nemeckého	ɲɛmɛtskɛːhɔ
nemecký	ɲɛmɛtskiː
nemej	ɲɛmɛj
nemenej	ɲɛmɛɲɛj
nemeniť	ɲɛmɛɲic
nemenovaný	ɲɛmɛnɔvaniː
nemení	ɲɛmɛɲiː
nemetať	ɲɛmɛtac
nemieniť	ɲɛmiɛɲic
nemilosť	ɲɛmilɔsc
nemilovať	ɲɛmiɫɔvak
nemo	ɲɛmɔ
nemoc	ɲemɔts
nemocenský	ɲɛmɔtsɛnskiː
nemocnica	ɲɛmɔtsɲitsa
nemocnice	ɲɛmɔtsɲitsɛ
nemocnice	ɲɛmɔtsɲɪtsɛ
nemocnici	ɲɛmɔtsɲitsi
nemocniciach	ɲɛmɔtsɲitsiax
nemocničný	ɲɛmɔtsɲitʃniː
nemocníc	ɲɛmɔtsɲiːts
nemoderný	njemɔtɛrniː
nemohla	ɲɛmɔɦlɑ
nemohli	ɲɛmɔɦli
nemohlo	ɲɛmɔɦlɔ
nemohol	ɲɛmɔɦɔɫ
nemojkajú	nɛmɔjkaʲiu
nemojkali	nɛmɔjkɔli
nemozem	nɛmɔzɛm
nemožno	ɲemɔʐna
nemožno	ɲɛmɔʒnɔ
nemožné	ɲɛmɔʒnɛː
nemožný	ɲɛmɔʒniː
nemu	ɲɛmu
nemusel	ɲɛmusɛl
nemusela	ɲɛmusɛla
nemuseli	ɲɛmusɛli
nemusieť	nɛmɔsiɛc
nemusieť	ɲɛmusiɛc
nemusí	ɲɛmusiː
nemusím	ɲɛmusiːm
nemusíme	ɲɛmusiːmɛ
nemusíte	ɲɛmusiːcɛ
nemusíš	ɲɛmusiːʃ
nemyslel	ɲɛmislɛɫ
nemyslela	ɲɛmislɛɫa
nemysleli	ɲɛmislɛɫi
nemysli	ɲɛmisli
nemyslieť	ɲɛmisliɛc
nemyslím	ɲɛmisliːm
nemyslíte	ɲɛmisliːcɛ
nemyslíš	ɲɛmisliːʃ
nemá	njɛmaː
nemá	ɲɛmaː
nemá	ɲɛmɑː
nemám	ɲɛmɑːm
nemáme	ɲɛmaːmɛ
nemáme	ɲɛmɑːmɛ
nemáte	ɲɛmaːcɛ
nemáte	ɲɛmɑːcɛ
nemáš	ɲɛmɑːʃ
nemôcť	ɲɛmuɔtsc
nemôže	ɲɛmuɔʒɛ
nemôžem	ɲɛmuɔʒɛm
nemôžeme	ɲɛmuɔʒɛmɛ
nemôžete	ɲɛmuɔʒɛcɛ
nemôžeš	ɲɛmuɔʒɛʃ
nemôžme	ɲɛmuɔʒmɛ
nemôžte	ɲɛmuɔʒcɛ
nemôžu	ɲɛmuɔʒu
nemý	ɲemiː
nemý	ɲɛmiː
nemýliť	ɲɛmiːlic
nemčina	ɲɛmtʃin
nemčina	ɲɛmtʃina
nemšová	ɲɛmʂɔvaː
nenaberať	nɛnabɛrɑt
nenabrať	nɛnabrɛt
nenachádzať	ɲɛnaxaːdzac
nenahraditeľný	ɲɛnaɦraɟicɛʎniː
nenahradiť	ɲenaɦraɟiɕ
nenapadlo	ɲɛnapɑdɫɔ
nenapadnúť	ɲɛnapadnuːc
nenapísať	nʲenapiːsat
nenariekať	nʲenarjeka
nenastať	ɲɛnastac
nenastúpiť	ɲɛnastuːpic
nenavštevovať	nɛnafʃcɛhovac
nenašiel	ɲɛnɑʃiɛl
nenašli	ɲɛnaʃli
nenechaj	ɲɛɲɛxaj
nenechajte	ɲɛɲɛxajcɛ
nenechal	ɲɛɲɛxɑɫ
nenechať	nʲanʲaxalʲ
nenechať	ɲɛɲɛxac
nenechám	ɲɛɲɛxɑːm
nenechávaj	ɲɛɲɛxɑːvaj
nenecháš	ɲɛnɛxɑːʃ
neni	ɲɛɲi
nenocovať	ɲenɔtsɔvak
nenormálne	ɲɛnɔrmaːlnɛ
nenormálne	ɲɛnɔrmaːlɲɛ
nenosiť	nʲenˈosi
nenudiť	ɲɛnuditɕ
nenudíš	ɲɛnuɟiːʃ
nenájde	ɲɛnɑːjɟɛ
nenájdeš	ɲɛnɑːjɟɛʃ
nenájsť	ɲɛnaːjsc
nenápadne	ɲɛnaːpaɟdɲɛ
nenápadný	nunapadni
nenápadný	ɲɛnaːpadniː
nenávidený	ɲɛnaːviːdɛniː
nenávidia	ɲɛnɑːviɟia
nenávidieť	ɲɛnaːviɟiɛc
nenávidieť	ɲɛnɑːviɟiɛc
nenávidí	ɲɛnɑːviɟiː
nenávidím	ɲɛnɑːviɟiːm
nenávidíš	ɲɛnɑːviɟiːʃ
nenávisť	ɲɛnaːvisc
nenávisť	ɲɛnaːvisci
neobdariť	ɲeʊbdarj
neobdarovať	ɲeɔbdarɔvac
neobjaviť	ɲɛɔbjavic
neobjavovať	ɲeobjavovak
neobmedzený	ɲɛɔbmɛdzɛniː
neoboznamovať	nʲaaboznamuvak
neoboznámiť	ɲɛɔbɔznaːmi
neobrátiť	ɲɛɔbraːtitʃ
neobsadíme	ɲɛɔbsaɟiːmɛ
neobsahovať	ɲeɔpsaɦɔvac
neobsahovať	ɲɛɔbsaɦɔvac
neobvyklé	ɲɛɔbviklɛː
neobvyklý	ɲɛɔbvikliː
neobyčajne	ɲɛɔbitʃajɲɛ
neobyčajný	ɲɛɔbitʃajniː
neobávať	ɲɛɔbaːvac
neobísť	ɲɛɔbiːsc
neochorie	ɲɛɔxɔriɛ
neochota	ɲɛɔxɔta
neochutnať	nʲau̯xutnaʲtsʲ
neodhaľ	ɲɛɔdɦaʎ
neodmietať	ɲeɔdmiɛtɑc
neodnímem	nʲeɔdnimɛm
neodnímu	nʲau̯tnʲimu
neodoberania	ɲeɔdɔbjɛrɛɲiɛ
neodoberať	ɲeodɔbɛratsʲ
neodporúčať	ɲɛɔdpɔruːtʃac
neodpovedala	ɲɛɔdpɔvɛdɑɫɑ
neodpovedať	nɛɔdpovɛdatɕ
neodpovedať	ɲɛɔdpɔvɛdac
neodpovedá	ɲɛɔdpɔvɛdɑː
neodpustiť	ɲɛɔdpuscic
neodvetiť	ɲeɔtvɛti
neodvážiť	ɲɛɔdvɑːʒic
neodísť	ɲɛɔdiːsc
neoficiálny	ɲɛɔfitsiaːɫni
neohlásiť	ɲɛɔɦlaːsɪ
neoklame	ɲɛɔklɑmɛ
neopakovateľný	ɲɛɔpakɔvacɛʎniː
neoprávnený	ɲɛɔpraːvɲɛniː
neopustiť	ɲɛɔpuscic
neopúšťaj	ɲɛɔpuːʃcaj
neorganický	ɲɛɔrgaːɲitskiː
neoslavovať	nʲeusɫavʊvɑt
neostať	ɲɛɔstac
neostrihať	nʲeu̯str̝iɣa
neostávať	ɲɛɔstɑːvac
neotesanosť	ɲeɔtjɛsɑnɔsc
neovládateľný	ɲɛovlaːracɛlɲiː
neoznamovať	nʲeoznamuvatʲ
neoznámiť	ɲeɔznaːmi
neočakávam	ɲɛɔtʃakaːvam
neočakávaný	ɲɛɔtʃakaːvaniː
neočakávať	ɲɛɔtʃakaːvac
nepadnúť	ɲɛpadnuːc
nepamätať	ɲɛpamɛtac
nepamätá	ɲɛpamɛtaː
nepamätám	ɲɛpamɛtɑːm
nepamätáte	ɲɛpamɛtɑːcɛ
nepamätáš	ɲɛpamɛtaːʃ
nepatria	ɲɛpatria
nepatriť	nɛpatri
nepatriť	ɲɛpatric
nepatrný	ɲɛpatrniː
nepatrí	ɲɛpatriː
nepašujem	ɲɛpaʃujɛm
nepeknosť	ɲɛpɛknosc
nepil	ɲɛpil
nepiť	nɛpi
nepiť	ɲɛpic
neplakať	nɛpɫakatʲ
neplatič	ɲɛplacitʃ
neplatiť	ɲɛplacic
neplatiť	ɲɛplati
neplatný	niːplatniː
neplatný	ɲɛplatniː
neplatí	ɲɛplaciː
neplač	ɲɛpɫatʃ
neplniť	ɲɛplɲic
neplánovať	nɛplanʊvɑc
neplánovať	ɲɛplaːnɔvac
neplánujete	ɲɛplaːnujɛcɛ
neplánuješ	ɲɛplaːnujɛʃ
nepoberať	ɲɛpobærak
nepobežíš	ɲɛpɔbɛʒiːʃ
nepobozkať	mɲɛpobɔskac
nepobudne	ɲɛpɔbudɲɛ
nepochopiteľne	nʲepoxapʲitʲeɫʲnʲi
nepochopiteľný	ɲɛpɔxɔpicɛʎniː
nepochopiť	ɲɛpɔxɔpic
nepochybne	ɲɛpɔxibɲɛ
nepochybovať	ɲɛpɔxibɔvac
nepochybujem	ɲɛpɔxibujɛm
nepodal	ɲɛpɔdal
nepodaril	ɲɛpɔdaril
nepodarilo	ɲɛpɔdarilɔ
nepodariť	ɲɛpɔdaric
nepodariť	ɲɛpɔdaritʃ
nepodarok	ɲɛpɔdarɔk
nepodarí	ɲɛpɔdariː
nepodať	nɛpɔda
nepodporiť	ɲɛpɔdpɔric
nepodpísaný	ɲɛpɔdpiːsɑniː
nepodpísať	ɲɛpɔdpiːsac
nepodávať	ɲɛpɔdaːvæt
nepohnúť	ɲɛpɔɦnuːc
nepohrdneš	ɲɛpɔhrdɲɛʃ
nepokazilo	ɲɛpɔkazilɔ
nepokaziť	ɲɛpɔkazi
nepokazím	ɲɛpɔkaziːm
nepokladať	nʲepokɫadat
nepokladať	ɲɛpɔkɫadac
nepokoj	ɲɛpɔkɔj
nepokojný	ɲɛpɔkɔjniː
nepokojný	ɲɛpɔkɔjɲii
nepokradneš	ɲɛpɔkradɲɛʃ
nepoložiť	ɲɛpɔʎɔʒit
nepomáha	ɲɛpomaːha
nepomáhať	ɲɛpomaːɦat
nepomáhať	ɲɛpɔmaːɦac
nepomôcť	ɲɛpɔmuɔtsc
nepomôže	ɲɛpɔmuɔʒɛ
neponúkať	ɲɛpɔnukac
neporaziť	ɲɛpɔrɑzi
neporiadok	ɲɛpɔriadɔk
neporozumieť	ɲepɔrɔzumjɛt
neporážať	ɲɛpɔraːʒat
nepos	ɲɛpɔs
neposielať	nɛpɔsiɛla
neposkytnúť	ɲɛpɔskitnuːc
neposkytovať	ɲɛpɔskitɔvac
neposlať	ɲɛpɔslɛc
neposlednom	ɲɛpɔslɛdnɔm
neposledný	ɲɛpɔslɛdniː
nepostáť	ɲɛpostaːt
nepotrebovať	ɲɛpɔtrɛbɔvac
nepotrebuje	ɲɛpɔtrɛbujɛ
nepotrebujem	ɲɛpɔtrɛbujɛm
nepotrebujeme	ɲɛpɔtrɛbujɛmɛ
nepotrebujete	ɲɛpɔtrɛbujɛcɛ
nepotrebuješ	ɲɛpɔtrɛbujɛʃ
nepotrebujú	ɲɛpɔtrɛbujuː
nepotvrdiť	ɲɛpɔtvrɟic
nepotím	ɲɛpɔciːm
nepoužívať	ɲɛpɔuʒiːvac
nepovažovať	ɲepɔvaʐɔvatɕ
nepovažovať	ɲɛpɔvaʒɔvac
nepovedal	ɲɛpɔvɛdaɫ
nepovedala	ɲɛpɔvɛdɑɫa
nepovedali	ɲɛpɔvɛdali
nepovedať	nɛpovɛdatɕ
nepovedať	ɲɛpɔvɛdac
nepovedz	ɲɛpɔvɛts
nepovie	ɲɛpɔviɛ
nepoviem	ɲɛpɔviɛm
nepovieš	ɲɛpɔviɛʃ
nepovstal	ɲɛpɔvstɑl
nepozdraviť	ɲɛpɔzdrɑviːc
nepozeraj	ɲɛpɔzɛraj
nepozerať	ɲɛpɔzɛrac
nepoznal	ɲɛpɔznɑɫ
nepoznala	ɲɛpɔznɑɫɑ
nepoznať	ɲepɔzna
nepoznať	ɲɛpɔznac
nepozná	ɲɛpɔznɑː
nepoznám	ɲɛpɔznɑːm
nepoznáme	ɲɛpɔznɑːmɛ
nepoznáte	ɲɛpɔznɑːcɛ
nepoznáš	ɲɛpɔznɑːʃ
nepozorovať	ɲepozorɔvatɕ
nepozrieť	ɲɛpɔzriɛ
nepozrieť	ɲɛpɔzriɛc
nepozvala	ɲɛpɔzvɑɫɑ
nepočujem	ɲɛpɔtʃujɛm
nepočuješ	ɲɛpɔtʃujɛʃ
nepočul	ɲɛpɔtʃul
nepočula	ɲɛpɔtʃulɑ
nepočuli	ɲɛpɔtʃuli
nepočuteľnej	ɲɛpɔtʃucɛʎnɛj
nepočuť	ɲepɔtʃutɕ
nepočuť	ɲɛpɔtʃuc
nepočítať	ɲɛpɔtʃiːtac
nepočúval	ɲɛpɔtʃuːvɑl
nepočúvaš	ɲɛpɔtʃuːvɑʃ
nepočúvať	ɲɛpɔtʃuːvac
nepošľú	ɲɛpɔʃʎuː
nepožičať	ɲepɔʒitʃak
nepracovať	nˈepratsavˈɑt
nepracovať	ɲɛpratsɔvac
nepracujem	ɲɛpratsujɛm
nepraskol	ɲɛpraskɔl
nepratať	nɛprata
nepravdepodobný	ɲɛpravɟɛpɔdɔbniː
nepravdivý	ɲɛpravɟiviː
neprave	ɲɛpravɛ
nepravidelný	ɲɛpraviɟɛlniː
neprať	ɲɛprak
neprebodne	ɲɛprɛbɔdɲɛ
neprebrať	nɛprɛbrat
neprebývať	ɲɛpɾɛbiːvac
nepredpokladať	nɛpredpoklada
nepredpokladať	ɲɛprɛdpɔkladac
nepredstavila	ɲɛprɛdstavilɑ
nepredstaviť	ɲɛprædstavit
nepredstavovať	nɛprɛdstauɔvac
nepredstavovať	ɲɛprɛdstavɔvac
nepredvolajú	ɲɛprɛdvɔlɑjuː
neprehodnotil	ɲɛprɛhɔdnɔciɫ
neprehrať	ɲɛpræhraɟ
neprehrať	ɲɛprɛɦrac
neprehrávať	nɛprɛhraːvac
neprejaviť	ɲɛprɛjavic
neprejsť	ɲɛprɛjsc
neprejsť	ɲɛprɛjst
neprekonateľný	ɲɛprɛkɔnacɛʎniː
neprekvapiť	ɲɛprɛkvapic
neprekáža	ɲɛprɛkaːʒa
neprekážať	ɲɛprɛkaːʒac
nepremeniť	ɲɛprɛmɛɲic
neprenocovať	nɛprɛnɔtsɔvak
nepresný	ɲɛprɛsniː
neprestajne	ɲɛprɛstajɲɛ
neprestane	ɲɛprɛstɑɲɛ
neprestať	nɛprɛstak
neprestať	ɲɛprɛstac
neprestávať	ɲɛprɛstɑːvac
nepretržite	ɲɛprɛtrʒicɛ
nepretržitý	ɲɛprɛtrʒitiː
neprezradiť	ɲɛprɛzrɑɟic
neprezrel	ɲɛprɛzrɛl
neprečítať	nɛprɛtʃitɑt
neprežiť	ɲɛprɛʒic
nepriame	ɲɛpriamɛ
nepriamo	ɲɛpriamɔ
nepriamy	ɲɛpriami
nepriamych	ɲɛpriamix
nepriatelia	ɲɛpriacɛlia
nepriateľ	ɲɛpriacɛʎ
nepriateľa	ɲɛpriacɛʎa
nepriateľmi	ɲɛpriacɛʎmi
nepriateľom	ɲɛpriacɛʎɔm
nepriateľov	ɲɛpriacɛʎɔv
nepriateľský	ɲɛpriacɛʎskiː
nepriaznivo	ɲɛpriɑzɲivɔ
nepriaznivý	ɲɛpriazɲiviː
nepriberať	nɛpribærɑt
nepribližuj	ɲɛpribliʒuj
nepribrať	ɲɛpribrɛ
neprichádzať	ɲɛprixaːdzac
nepridať	nɛpridɛt
nepriechodný	nɛprijɛxɔdmiː
neprijateľný	ɲɛprijacɛʎniː
neprijať	ɲɛprijac
neprijať	ɲɛpriˈjɑc
neprikrývaj	ɲɛprikriːvaj
neprimeraný	ɲɛprimɛraniː
neprimeraný	ɲɛpɾimærɑniː
nepriniesť	ɲɛpriɲiɛsc
neprináša	ɲɛprinaːʃa
nepripraviť	nɛpripravi
nepripúšťať	ɲɛpripuːʃcac
neprirodzenej	ɲɛprirɔdzɛnɛj
neprirodzená	ɲɛprirɔdzɛnaː
neprišiel	ɲɛpriʃiɛl
neprišla	ɲɛpriʃlɑ
neprišli	ɲɛpriʃli
neprosiť	ɲɛprɔsi
neprosíkam	ɲɛprɔsiːkam
nepruď	ɲɛpruɟ
nepráv	ɲɛprɑːv
neprávd	ɲɛprɑːvd
nepríde	ɲɛpriːɟɛ
neprídete	ɲɛpriːɟɛcɛ
neprídeš	ɲɛpriːɟɛʃ
nepríjemne	ɲɛpriːjɛmɲɛ
nepríjemnosť	ɲɛpriːjɛmnɔsc
nepríjemné	ɲɛpriːjɛmnɛː
nepríjemný	ɲɛpriːjɛmniː
neprísť	nɛpriːst
neprísť	ɲɛpriːsc
neprítomnosť	ɲɛpriːtɔmnɔsc
nepustiť	nɛpusti
nepustiť	ɲɛpuscic
nepustím	ɲɛpusciːm
nepále	nɛpɑːlɛ
nepárny	nɛːpaːrni
nepáči	ɲɛpɑːtʃi
nepáčilo	ɲɛpɑːtʃilɔ
nepáčiť	ɲɛpaːtʃic
nepísať	ɲɛpiːsac
nepôjde	ɲɛpuɔjɟɛ
nepôjdem	ɲɛpuɔjɟɛm
nepôjdeme	ɲɛpuɔjɟɛmɛ
nepôjdeš	ɲɛpuɔjɟɛʃ
nepôsobiť	ɲɛpuɔsɔbic
nepýtaj	ɲɛpiːtaj
nepýtal	ɲɛpiːtal
nepýtať	ɲɛpiːtac
neraz	ɲɛraz
neraňajkovať	ɲɛraɲiajkɔvac
nereagovať	ɲɛrɛagɔvac
nerelaxovať	ɲerɛlaksɔvac
neremizovať	ɲɛrɛmizɔvak
nerezervovať	njɛrɛzɛrvʊvɑc
nereálny	ɲɛrɛaːlni
nerešpektovať	ɲɛrɛʃpɛktɔvac
neriešiš	ɲɛriiɛʃiʃ
neriešiť	ɲɛriɛʃic
nero	nɛrɔ
nerob	ɲɛrɔb
nerobia	ɲɛrɔbjɑ
nerobil	ɲɛrɔbil
nerobila	ɲɛrɔbilɑ
nerobiť	ɲɛrɔbic
nerobiť	ɲɛrɔbiʒ
nerobte	ɲɛrɔbcɛ
nerobí	ɲɛrɔbiː
nerobím	ɲɛrɔbiːm
nerobíte	ɲɛrɔbiːcɛ
nerobíš	ɲɛrɔbiːʃ
nerodievať	ɲɛrɔdɪjɛvac
nerodiť	ɲerɔdiʃ
nerovnakosť	nɔrɔvnɑgɔsc
nerovnosť	ɲɛrɔvnɔsc
nerovnováhach	nʲarou̯navaɣax
nerovým	nɛroːviːm
nerozdeli	ɲɛrɔzɟɛli
nerozdelila	ɲɛrɔzɟɛlilɑ
nerozhodnúť	ɲɛrɔzhɔdnuːc
nerozhodný	ɲɛrɔzhɔdniː
nerozmýšľal	ɲɛrɔzmiːʃʎɑl
nerozoberať	ɲɛrɔzɔbɛrat
nerozobrať	ɲɛrɔzobrɑt
nerozomel	ɲɛrɔzɔmɛl
nerozprával	ɲɛrɔzprɑːval
nerozprávali	ɲɛrɔzprɑːvɑli
nerozprávať	ɲɛrɔspraːva
nerozprávať	ɲɛrɔzprɑːvac
nerozum	mirazum
nerozumiem	ɲerɔzumjɛm
nerozumiem	ɲɛrɔzumiɛm
nerozumiete	ɲɛrɔzumiɛcɛ
nerozumieš	ɲɛrɔzumiɛʃ
nerozumieť	ɲerɔzumjɛtɕ
nerozumieť	ɲɛrɔzumiɛc
nerozísť	nɛroziːst
nerušiť	nɛruʃitɕ
nerv	nɛrv
nerves	ɲɛrvɛs
nervové	nɛrvovɛː
nervový	nɛrvɔviː
nervozita	nɛrvɔzita
nervy	nɛrvi
nervózna	ɲɛrvɔːzna
nervózne	nɛrvɔːzɲɛ
nervózni	nɛrvɔːzni
nervózny	nɛrvɔzni
nervózny	nɛrvɔːzni
nerád	ɲɛraːd
nerásť	ɲɛras
nerátať	ɲɛraːtac
nerýmuje	ɲɛriːmujɛ
neschopnosť	ɲɛsxɔpnɔsc
neschopný	ɲɛsxɔpniː
neschváliť	ɲɛsxvaːlic
nesedieť	nɛsɛdjɛ
nesedieť	ɲɛsɛɟiɛc
nesedí	ɲɛsɛɟiː
nesedíš	ɲɛsɛɟiːʃ
nesie	ɲɛsiɪɛ
neskladuje	ɲɛskladujɛ
nesklamať	ɲɛskɫamac
neskončil	ɲɛskɔntʃil
neskončiť	ɲɛskɔntʃic
neskončí	ɲɛskɔntʃiː
neskor	nɛskɔr
neskoro	nɛskɔru
neskoro	ɲɛskɔrɔ
neskorý	ɲɛskɔriː
neskoršie	ɲɛskɔrʃiɛ
neskorších	ɲɛskɔrʃiːx
neskrývať	ɲɛskriːvac
neskutočne	ɲɛskutɔtʃɲɛ
neskutočné	ɲɛskutɔtʃnɛː
neskutočný	ɲɛskutɔtʃniː
neskôr	nʲeskor
neskôr	ɲɛskuɔr
neskúšaj	ɲɛskuːʃaj
nesledovala	ɲɛslɛdovala
neslúžievať	nɛsluʒie̞vɑc
neslúžiť	ɲɛsluːʒit
nesmie	ɲɛsmɪɛ
nesmiem	ɲɛsmɪɛm
nesmieme	ɲɛsmjɛmɛ
nesmierne	ɲɛsmɪɛrnɛ
nesmierny	ɲɛsmiɛrni
nesmiete	ɲɛsmɪɛcɛ
nesmieš	ɲɛsmɪɛʃ
nesmieť	ɲɛsmiɛc
nesmrteľný	ɲɛsmrcɛʎniː
nesmú	ɲɛsmuː
nesmútiť	nɛsmuːtjɟ
nesnaž	ɲɛsnaʒ
nesnažiť	ɲɛsnaʒic
nesnažiť	ɲɛsnaʒit
nesnažím	ɲɛsnaʒiːm
nespať	ɲɛspac
nesplniť	ɲɛsplɲic
nespojím	ɲɛspɔjiːm
nespokojnosť	ɲɛspɔkɔjnɔsc
nespokojný	ɲɛspɔkɔjniː
nespomenúť	nɛspomɛnul
nespomenúť	ɲɛspɔmɛnuːc
nespomínam	ɲɛspɔmiːnam
nespomínať	ɲɛspɔmiːnac
nespomínať	ɲɛspɔmiːnɛ
nesporne	ɲɛspɔrɲɛ
nesporný	ɲɛspɔrniː
nespozna	ɲɛspɔzna
nespoznal	ɲɛspɔznal
nespoznať	ɲespɔznatɕ
nespozorovať	ɲespɔzɔrɔvac
nespočetný	ɲɛspɔtʃɛtniː
nespravil	ɲɛspravil
nespravme	ɲɛspravmɛ
nespravodlivosť	ɲɛspravɔdlivɔsc
nespravodlivosť	ɲɛspraːvɔdlivɔsc
nespravodlivý	ɲɛspravɔdliviː
nespraví	ɲɛspraviː
nespravím	ɲɛspraviːm
nesprávna	ɲɛspraːvna
nesprávne	ɲɛspraːvɲɛ
nesprávneho	ɲɛspraːvnɛhɔ
nesprávny	ɲɛspraːvni
nespustiť	ɲɛspuscic
nespím	ɲɛspiːm
nespýta	ɲɛspiːta
nespĺňať	ɲɛsplːɲac
nessun	nɛssun
nestala	ɲɛstɑlɑ
nestali	ɲɛstɑli
nestalo	ɲɛstɑlɔ
nestane	ɲɛstɑɲɛ
nestarať	ɲɛstarac
nestaví	ɲɛstaviː
nestačilo	ɲɛstatʃɪlɔ
nestačiť	nɛstɑtʃɪtʃ
nestačiť	ɲɛstatʃic
nestačí	ɲɛstatʃiː
nestať	ɲɛstac
nestihnúť	ɲɛstiɦnuːc
nestojí	ɲɛstɔjiː
nestratiť	nɛztratit
nestratiť	ɲɛstracic
nestretnúť	ɲɛstrɛtnuːc
nestretol	ɲɛstrɛtɔl
nestrieľajte	ɲɛstriɛlajcɛ
nestrácať	ɲɛstraːtsac
nestáť	nʲestaːtsʲ
nestáť	ɲɛstɑːc
nesvojprávny	jɛsvojpraːvnɪ
nesú	ɲɛsuː
nesúhlas	ɲɛsuːɦlas
nesúhlasia	mjɛ̀suːɦlasja
nesúhlasiť	ɲɛsuːɦlasic
nesúhlasím	ɲɛsuːɦlasiːm
nesúvisieť	ɲɛsuːvisiɛc
nesúvislý	nɛsuːviːsliː
net	nɛt
netajiť	ɲɛtajic
netankovať	ɲetaŋkɔvak
netešiť	nɛcɛʃi
netešiť	ɲɛcɛʃic
netipoval	ɲɛtipɔval
netopier	ɲɛtɔpiɛr
netradičná	ɲɛtraditʃnaː
netradičný	ɲɛtraditʃniː
netrafiť	nɛtrafik
netrafiť	ɲɛtrafic
netreba	ɲɛtrɛba
netrep	ɲɛtrɛp
netrpezlivo	ɲɛtrpɛzɫivɔ
netrvať	nˈetrvˈɑ
netrvať	ɲɛtrvac
netráp	ɲɛtraːp
netrápi	ɲɛtraːpi
netrápiť	ɲɛtraːpic
netrč	ɲɛtrtʃ
netušil	ɲɛtuʃil
netušiť	ɲɛtuʃic
netuší	ɲɛtuʃiː
netuším	ɲɛtuʃiːm
netušíš	ɲɛtuʃiːʃ
netvor	ɲɛtvɔr
netvoriť	ɲetʋorits
netvrdiť	nˈetvʌrdˈi
netvrdiť	ɲɛtvrɟic
netúžiť	ɲɛtuːʒic
netýkať	ɲɛtiːkac
neuberať	nʲeu̯bɛrɛt
neublíži	ɲɛubliːʒi
neublížiť	ɲɛubliːʒic
neubrať	nʲaubratɕ
neudržať	ɲɛudrʒac
neujsť	ɲɛujsc
neukazovať	ɲeukazɔvak
neukazuj	ɲɛukazuj
neukradne	ɲɛukradɲɛ
neukradol	ɲɛukradɔɫ
neukázať	ɲɛukaːzac
neukáže	ɲɛukɑːʒɛ
neumieraj	ɲɛumiɛraj
neumožňovať	ɲɛumɔʒɲɔvac
neumývať	ɲeuˈmiːvac
neupravenom	ɲɛupravɛnɔm
neupravená	ɲɛupravɪna
neupravené	nʲeupɾavɛnɛ
neurastenik	ɲeurascɛniːk
neurazila	ɲɛurɑzila
neuraziť	ɲeuʁazic
neuritída	neurɛtiːda
neurobenie	ɲau̯rɔbɛɲiɛ
neurobený	neuˈrɔbeni
neurobil	ɲɛurɔbil
neurobila	ɲɛurɔbilɑ
neurobili	ɲɛurɔbili
neurobiť	ɲɛurɔbic
neurobí	ɲɛurɔbiː
neurobím	ɲɛurɔbiːm
neurobíš	ɲɛurɔbiːʃ
neurotický	nɛurɔtitski
neurotik	nauɾoti
neurónová	nɛurɔːnɔvaː
neurčitkový	nˈɛːurtʃɪtkˈoviː
neurčitý	ɲɛurtʃitiː
neusilovať	ɲeu̯sjlovat
neuskutočniť	nɛu̯skutɔtʃɲits
neuskutočniť	ɲɛuskutɔtʃɲic
neuspieť	ɲɛuspiɛc
neusral	ɲɛusral
neustála	rɛastaːlɔ
neustále	ɲɛustɑːlɛ
neustály	ɲɛustɑːli
neutiecť	nʲeu̯tjɛts
neutrálne	nɛutraːlnɛ
neutrálny	nɛutraːɫni
neuvažovať	ɲɛuvaʒɔvac
neuvedomiť	ɲɛuvɛdɔmi
neuvedomiť	ɲɛuvɛdɔmic
neuvedomovať	ɲɛuvɛdɔmɔvac
neuvedomovať	ɲɛvvɛdɔmɔvak
neuveri	ɲɛuvɛri
neuveriteľne	ɲɛuvɛricɛʎɲɛ
neuveriteľné	ɲɛuvɛricɛʎnɛː
neuveriteľnú	ɲɛuvɛricɛʎnuː
neuveriteľný	ɲɛuvɛricɛʎniː
neuvidieť	ɲɛuviɟiɛc
neuvidím	ɲɛuviɟiːm
neuvidíš	ɲɛuviɟiːʃ
neuviedlo	ɲɛuviɛdlɔ
neuviedol	ɲeuviɛdɔ
neuviesť	ɲɛuviɛsc
neuvádzať	ɲɛuvaːdzac
neuzdravý	ɲɛuzdraviː
neuznávajú	ɲɛuznaːvajuː
neuznávať	ɲɛuznaːvac
neučarovalo	ɲɛutʃarɔvalɔ
neučiť	ɲɛʊtʃɪtʲ
neuškrtím	ɲɛuʃkrciːm
neužiť	nʲau̯ʐɨtɕ
neužiť	ɲeuʒit
nevadilo	ɲɛvaɟilɔ
nevadiť	nˈevadˈit
nevadiť	ɲɛvaɟic
nevadí	ɲɛvaɟiː
nevdojak	ɲɛvdɔjak
nevedel	ɲɛvɛɟɛl
nevedela	ɲɛvɛɟɛlɑ
nevedeli	ɲɛvɛɟɛɫi
nevedelo	ɲɛvɛɟɛlɔ
nevedia	ɲɛvɛɟia
nevedie	ɲɛvɛɟiɛ
nevedieť	ɲɛvɛɟiɛc
nevedno	ɲɛvɛdnɔ
nevenovať	nɛʋɛnɔvatɕ
nevenovať	ɲɛvɛnɔvac
nevenuje	ɲɛvɛnujɛ
never	ɲɛvɛr
nevera	nɛvɛra
nevera	ɲɛvɛra
nevercov	ɲɛvɛrtsɔv
neveriaci	ɲɛvɛriatsi
neveril	ɲɛvɛril
neveriť	ɲɛvɛric
neveru	ɲɛvɛru
neverí	ɲɛvɛriː
neverím	ɲɛvɛriːm
neveríte	ɲɛvɛriːcɛ
neveríš	ɲɛvɛriːʃ
neveseliť	ɲɛvɛsɛli
nevesta	ɲɛvɛsta
nevestu	ɲɛvɛstu
nevezmeš	ɲɛvɛzmɛʃ
nevečerať	nɛvɛtʃɛrɛ
neveľký	ɲɛvɛʎkiː
neveľmi	nɛvɛlmi
neveľmi	ɲɛvɛʎmi
nevhodná	ɲɛʋɦɔdna
nevhodný	ɲɛvhɔdniː
nevhodným	ɲɛvhɔdniːm
nevidel	ɲɛviɟɛɫ
nevidela	ɲɛviɟɛɫɑ
nevideli	ɲɛviɟɛɫi
nevidiaca	ɲɛvidjɑːtsa
nevidiaci	nʲavidjɛtsɨ
nevidiaci	ɲɛviɟiatsi
nevidieť	ɲɛviɟiɛc
neviditeľnej	ɲɛviɟicɛʎnɛj
neviditeľný	ɲɛviɟicɛʎniː
nevidí	ɲɛviɟiː
nevidím	ɲɛviɟiːm
nevidíme	ɲɛviɟiːmɛ
nevidíte	ɲɛviɟiːcɛ
nevidíš	ɲɛviɟiːʃ
nevie	ɲɛviæ
neviem	ɲɛviɛm
nevieme	nɛviɛmɛ
neviesť	nævjɛst
neviesť	ɲɛviɛsc
neviete	ɲɛviɛcɛ
nevieš	ɲɛviɛʃ
nevinná	ɲɛvinnɑː
nevinné	ɲɛvinnɛː
nevinného	ɲɛvinnɛːhɔ
nevinní	ɲɛvinniː
nevinný	ɲɛviniː
nevinný	ɲɛvinniː
nevinných	ɲɛvinniːx
nevkročiť	ɲɛfkrotʃit
nevládať	ɲɛvlaːdac
nevníma	ɲɛvɲiːmɑ
nevnímať	ɲɛvɲiːmac
nevolaj	ɲɛvɔlɑj
nevolať	nɛvɔlæ
nevolám	ɲɛvɔlɑːm
nevoď	ɲɛvɔɟ
nevoľník	ɲɛvɔlɲiːk
nevracať	ɲɛvratsac
nevrav	ɲɛvrav
nevravieť	ɲɛvraviɛc
nevravieť	ɲɛvravjɛtɕ
nevrozí	ɲɛvrɔziː
nevráti	ɲɛvraːci
nevrátia	ɲɛvraːcia
nevrátil	ɲɛvraːcil
nevrátim	ɲɛvraːcim
nevrátiť	nɛvraːtɪt
nevrátiť	ɲɛvrɑːcic
nevyberať	ɲɛvipɛrɑt
nevybodol	nɛvipɔdɔɫu
nevychádzať	ɲɛvixaːdzac
nevydarený	ɲɛvidarɛniː
nevydariť	nɛʋidari
nevydať	nɛʋidɛ
nevydať	ɲɛvidac
nevydobýjať	ɲɛʋidɔbiːjɛc
nevydržať	ɲɛvidrʒac
nevydržím	ɲɛvidrʒiːm
nevyhne	ɲɛvihɲɛ
nevyhnutne	ɲɛvihnutɲɛ
nevyhnutnosť	ɲɛvihnutnɔsc
nevyhnutné	ɲɛvihnutnɛː
nevyhnutný	ɲɛvihnutniː
nevyhnúť	ɲɛvihnuːc
nevyhod	ɲɛvihɔd
nevyhovovať	ɲɛviɦɔvɔvac
nevyhovovať	ɲɛʋiɦʊvɔvɑc
nevyhovujúci	ɲɛvihɔvujuːtsi
nevyhrať	ɲɛvihrac
nevyjadriť	ɲɛvijadric
nevyjasnený	nɛvjaasɲiniː
nevyjde	ɲɛvijɟɛ
nevyjsť	ɲɛvijsc
nevyjsť	ɲɛvjist
nevylučovať	ɲɛvilutʃɔvac
nevylúčiť	ɲɛviluːtʃic
nevypadať	ɲɛvipada
nevyplatím	ɲɛviplaciːm
nevypol	ɲɛvipɔl
nevypovedal	ɲɛvipɔvɛdal
nevypočuje	ɲɛvipɔtʃujɛ
nevypočúvať	ɲɛvipɔtʃuːvɛ
nevypral	ɲɛvipral
nevyrieši	ɲɛviriɛʃi
nevyriešiť	ɲɛviriɛʃic
nevyrovná	ɲɛvirɔvnaː
nevyskytli	ɲɛviskitli
nevyskytuje	ɲɛviskitujɛ
nevyskúšať	ɲɛviskuːʃac
nevyslovovať	ɲɛʋisɫɔvɔvɑt
nevysvetliť	nɛʋisʋɛtli
nevytrhá	ɲɛvitrɦaː
nevytvoriť	ɲɛʋitvorit
nevyužitý	ɲɛviuʒitiː
nevyužiť	ɲɛviuʒi
nevyužiť	ɲɛviuʒic
nevyužívať	ɲɛviuʒiːvac
nevyužívať	ɲɛviuʒiːvai
nevyvolal	ɲɛvivɔlal
nevyvíjam	ɲɛviviːjam
nevyzerať	ɲɛvizɛra
nevyzerať	ɲɛvizɛrac
nevyzerá	ɲɛvizɛrɑː
nevyzeráte	ɲɛvizɛrɑːcɛ
nevyzeráš	ɲɛvizɛrɑːʃ
nevyznas	ɲɛviznas
nevyzrieť	ɲɛʋizriɛ
nevyzuješ	ɲɛvizujɛʃ
nevyďobal	ɲɛviɟˈobal
nevyžadovať	ɲɛviʒadɔvac
nevyžiadaný	nɛvɪʒiadanɛ
nevzdať	ɲɛvzdac
nevzdám	ɲɛvzdaːm
nevzdávať	ɲɛvzdaːvac
nevziať	ɲɛvziac
nevznikať	nʲavznʲika
nevzniknúť	ɲɛvzɲiknuːc
nevzťahovať	ɲɛvzcɑɦɔvac
neváhať	ɲɛvaːɦac
nevážim	ɲɛvaːʒim
nevídaná	ɲɛviːdanaː
nevídaný	ɲɛviːdaniː
nevídať	nɛviːda
nevôľa	ɲɛvuɔʎa
nevýhoda	ɲɛviːɦɔda
nevýhodný	ɲɛviːɦɔdniː
nevýhody	ɲɛviːɦɔdi
nevýrazný	ɲɛviːrazniː
nevďačiť	ɲɛʋɟɑtʃi
nevšedný	ɲɛvʃɛdniː
nevšimla	ɲɛvʃimla
nevšimnúť	nɛfʃimnu
nevšimnúť	ɲɛvʃimnuːc
nevšimol	ɲɛvʃimɔl
nevšímať	ɲɛvʃiːmac
new	nɛv
new	nˈu
newman	ɲɛvman
newton	ɲuːtɔn
nez	nɛz
nezabaviť	ɲezabavit
nezaberať	nɛzabɛrɛt
nezabil	ɲɛzɑbiɫ
nezablatí	ɲɛzablaciː
nezablúdiť	ɲɛzɑbluːdit
nezabudli	ɲɛzabudli
nezabudnem	ɲɛzabudɲɛm
nezabudni	ɲɛzabudɲi
nezabudnite	ɲɛzabudɲicɛ
nezabudnuteľný	ɲɛzabudnucɛʎniː
nezabudnúť	ɲɛzabudnuːc
nezabudol	ɲɛzabudɔɫ
nezabúdajte	ɲɛzabuːdajcɛ
nezabúdať	ɲɛzabuːdac
nezadusila	ɲɛzadusila
nezahodíš	ɲɛzaɦɔdiːʃ
nezakazovať	ɲezakazɔvatɕ
nezamestnanosť	ɲɛzamɛstnanɔsc
nezamestnaný	ɲɛzamɛstnaniː
nezanedbateľný	ɲɛzaɲɛdbacɛʎniː
nezanikať	nɛzaɲikatɕ
nezaoberať	ɲɛzaɔbɛrac
nezaobísť	ɲɛzɑɔbiːsc
nezaplatiť	nɛzaplɑci
nezaplatiť	ɲɛzapɫacic
nezaslúžiť	ɲɛzɑsluːʒic
nezastaviť	ɲezɛstafitɕ
nezastaviť	ɲɛzɑstavic
nezastaví	ɲɛzɑstaviː
nezastaví	ɲɛzɑstɑːviː
nezatvoriť	ɲezatvorj
nezatvárať	nɛzatvaːra
nezaujíma	ɲɛzaujiːma
nezaujímajú	ɲɛzaujiːmajuː
nezaujímať	ɲɛzaujiːmac
nezavolal	ɲɛzɑvɔlɑɫ
nezavoláš	ɲɛzɑvɔlɑːʃ
nezavrie	ɲɛzavriɛ
nezazerať	ɲezazɛra
nezaznamenať	ɲɛzaznamɛnac
nezačať	ɲɛzɑtʃac
nezačne	ɲɛzatʃɲɛ
nezačul	ɲɛzatʃul
nezačínaj	ɲɛzatʃiːnaj
nezašli	ɲɛzaʃli
nezašpiniť	nʲezaʂpjnʲit
nezažil	ɲɛzɑʒil
nezažiť	ɲɛzɑʒic
nezbadať	nʲazbatak
nezbadať	ɲɛzbadac
nezbankrotuje	ɲɛzbankrɔtujɛ
nezbaví	ɲɛzbaviː
nezbedník	ɲɛzbɛdɲiːk
nezberať	ɲezbɛratɕ
nezdal	ɲɛzdal
nezdalo	ɲɛzdalɔ
nezdať	ɲɛzdac
nezdravo	ɲɛzdravɔ
nezdravé	ɲɛzdravɛː
nezdravíš	ɲɛzdraviːʃ
nezdá	ɲɛzdaː
nezhoda	ɲezɦɔda
nezhoda	ɲɛzɦɔda
nezhodná	ɲɛsxɔdma
nezhodné	ɲɛzɦɔbnɛ
nezhoršovať	ɲezɦorʂɔvac
neziskový	ɲɛziskɔviː
nezistiť	ɲɛziscic
nezistiť	ɲɛziːstɪc
nezištnú	ɲɛziʃtnuː
nezištný	nɛziʃtɛliː
nezlepšovať	ɲezlɛpʃovatɕ
nezme	ɲɛzmɛ
nezmenený	ɲɛzmɛɲɛniː
nezmenil	ɲɛzmɛɲil
nezmeniť	ɲɛzmɛɲic
nezmení	ɲɛzmɛɲiː
nezmenšiť	ɲɛzmɛnʃi
nezmierlivý	ɲɛzmiɛrˈliviː
nezmiznúť	nɛzmiznuw
nezmysel	ɲɛzmisɛɫ
nezmyselný	ɲɛzmisɛɫniː
nezmysloch	ɲɛzmislɔx
nezmysly	ɲɛzmisli
nezmýlim	ɲɛzmiːlim
neznabožský	ɲɛzmabɔʃskiː
neznajboh	ɲeznajbɔx
neznamenať	ɲɛznamɛnac
neznamená	ɲɛznɑmɛnaː
neznačiť	ɲɛznatʃit
neznesiem	ɲɛzɲɛsiɛm
neznesiteľný	ɲɛzɲɛsicɛʎniː
nezneužiť	ɲɛʑɲæʊʒɪc
neznečistiť	nɛznɛtʃistit
neznie	ɲɛzɲiɛ
nezničiť	ɲezɲitʃits
neznáma	ɲɛznɑːma
neznámeho	ɲɛznɑːmɛhɔ
neznámy	ɲɛznɑːmi
neznámych	ɲɛznɑːmix
neznáša	ɲɛznɑːʃa
neznášam	ɲɛznaːʃam
neznášanlivosti	ɲɛznɑːʃɑnlivɔsci
neznášaš	ɲɛznɑːʃaʃ
neznášať	ɲɛznaːʃac
nezobereš	ɲɛzɔbɛrɛʃ
nezoberte	ɲɛzɔbɛrcɛ
nezobral	ɲɛzɔbrɑɫ
nezodpovednosť	ɲɛzɔdpɔvɛdnɔsc
nezodpovedný	ɲɛzɔdpɔvɛdniː
nezomierať	ɲɛzɔmiɛraɟ
nezomrieť	nɛzomriɛ
nezostalo	ɲɛzɔstɑlɔ
nezostane	ɲɛzɔstɑɲɛ
nezostať	ɲɛzɔstɑc
nezostávať	ɲɛzɔstɑːvac
nezoznamovať	ɲezɔznamɔvak
nezožral	ɲɛzɔʒral
nezožralo	ɲɛzɔʒralɔ
nezrelý	nɛzdrɛliː
nezriedka	ɲɛzriɛdka
nezrušili	ɲɛzruʃili
neztratil	ɲɛstracil
neztvrdne	ɲɛztvrdɲɛ
nezvestný	ɲɛzvɛstniː
nezvestných	ɲɛzvɛstniːx
nezvladne	ɲɛzvlɑdɲɛ
nezvládnuť	ɲɛzvlɑːdnuc
nezvládol	ɲɛzvlɑːdɔɫ
nezvykle	ɲɛzviklɛ
nezvyklých	ɲɛzvikliːx
nezvyčajne	ɲɛzvitʃajɲɛ
nezvyčajné	ɲɛzvitʃajnɛː
nezvyčajný	ɲɛzvitʃajniː
nezvýšiť	ɲɛʒviːʃɪc
nezákonný	ɲɛzaːkɔniː
nezákonný	ɲɛzaːkɔnniː
nezáležať	ɲɛzaːlɛʒac
nezáleží	ɲɛzɑːlɛʒiː
nezáujem	ɲɛzaːujɛm
nezávisle	ɲɛzɑːvislɛ
nezávislosti	ɲɛzɑːvislɑsci
nezávislosť	ɲɛzɑːvislɔsc
nezávislý	ɲɛzaːvisliː
nezískať	ɲɛziːskac
nezískať	ɲɛziːskak
nezísť	ɲɛziːsc
nezízaj	ɲɛziːzaj
nezúčastniť	ɲɛzutʃastɲic
neísť	ɲɛiːsc
neúplný	ɲɛuːpɫniː
neúprosne	ɲɛuprɔsɲɛ
neúprosný	ɟɛuːprosniː
neúspech	ɲɛuspjɛx
neúspech	ɲɛuspɛx
neúspešne	ɲɛuːspɛʃɲɛ
neúspešný	ɲɛuspɛʃniː
neúčasť	ɲɛutʃasc
nečakal	ɲɛtʃakaɫ
nečakala	ɲɛtʃakalɑ
nečakane	ɲɛtʃakaɲɛ
nečakaný	ɲɛtʃakaniː
nečakať	ɲɛtʃakac
nečeliť	nɛtʃɛlik
nečinnosť	ɲɛtʃidnɔsc
nečistiť	nɛtʃisti
nečlenov	ɲɛtʃɫɛnɔv
nečlenovi	ɲɛtʃɫɛnɔvi
nečudo	ɲɛtʃudɔ
nečudovať	ɲɛtʃudɔvac
nečujete	ɲɛtʃujɛcɛ
nečítal	ɲɛtʃiːtɑl
nečítať	ɲɛtʃiːtac
neďakovať	nɛɟakɔvak
neďaleko	ɲɛɟalɛkɔ
neďaleký	ɲɛɟalɛkiː
neľahký	ɲɛʎaɦkiː
neľudí	ɲɛʎuɟiː
neľutovať	ɲɛʎutɔvac
neľutujem	ɲɛɫutujɛm
nešetriť	ɲɛʃɛtric
nešiel	ɲɛʃiɛl
nešiť	mʲeʂɨt
neškodilo	ɲɛʃkɔɟilɔ
neškodný	ɲɛʃkɔdniː
neškodným	ɲɛʃkɔdniːm
nešla	ɲɛʃlɑ
nešlo	ɲɛʃlɔ
nešpin	ɲɛʃpin
neštandardný	ɲɛʃtandardniː
neštudovala	ɲɛʃtudɔvɑlɑ
neštátny	ɲɛʃtaːtni
nešťastie	ɲɛʃcɑsciɛ
nešťastne	ɲɛʃcɑstɲɛ
nešťastný	ɲɛʃcastniː
nešťastný	ɲɛʃtɕɛstniː
než	ɲɛʒ
nežalovať	nʲaʐaɫovatʲ
nežartujem	ɲɛʒartujɛm
neželať	ɲɛʒɛlac
nežiadať	ɲɛʒiadac
nežiaduci	ɲɛʒiadutsi
nežije	ɲɛʒijɛ
nežili	ɲɛʒili
nežiť	nɛʒit
nežiť	ɲɛʒic
nežne	ɲɛʒɲɛ
nežná	ɲɛʒnɑː
nežný	ɲɛʒniː
ni	ɲi
niake	ɲiakɛ
nic	ɲits
nich	nix
nich	ɲix
nicholas	nixɔlas
nick	ɲitsk
nicky	nitski
nicole	ɲitsɔlɛ
nie	niɛ
nie	nʲe
nie	nˈe
nie	ɲijɛ
nie	ɲiɪɛ
nieco	ɲiɛtsɔ
nieje	ɲiɛjɛ
niekam	ɲiɛkam
niekdajší	ɲiɛkdajʃiː
niekde	ɲiɛkdæ
niekedy	ɲiɛkɛdi
niekoho	ɲiɛkɔɦɔ
niekomu	ɲiɛkɔmu
niekoľko	ɲiɛkɔʎkɔ
niekoľkokrát	ɲiɛkɔʎkɔkraːt
niekoľký	ɲiɛkɔʎkiː
niekoľkých	ɲiɛkɔʎkiːx
niekoľkými	ɲiɛkɔʎkiːmi
niekto	ɲiɛktɔ
niektoré	ɲiɛktɔrɛ
niektorí	ɲiɛktɔriː
niektorý	ɲiɛktɔriː
niektorý	ɲɛktɔriː
niektorých	ɲiɛktɔriːx
niekym	ɲiɛkim
niekým	ɲiɛkiːm
nielen	nɛɫɛn
nielen	ɲiɛlɛn
nielenže	ɲiɛlɛnʒɛ
niesom	ɲiɛsɔm
niesť	ɲiɛsc
niet	ɲiɛt
niečo	nʲetʃo
niečo	ɲiɛtʃɔ
niečoho	ɲiɛtʃɔɦɔ
niečom	ɲiɛtʃɔm
niečomu	ɲiɛtʃɔmu
niečí	nɛtʃiː
niečím	ɲiɛtʃiːm
niežeby	ɲiɛʒɛbi
nigel	nigɛl
nigga	nigga
nigéria	nigeɾja
nigéria	nigɛːria
nijako	ɲijakɔ
nijaké	ɲijakɛː
nijaký	ɲijakiː
nik	ɲik
nikam	ɲikam
nikde	ɲikɟɛ
nikdy	nikdik
nikdy	ɲikti
niko	nikɔ
nikoho	nikɔɦɔ
nikoho	ɲikɔɦɔ
nikola	nɛkɔla
nikomu	ɲikɔmu
nikto	ɲiktɔ
nikým	ɲikiːm
nim	ɲim
nimi	ɲimi
nina	ɲinɑ
nirvána	mɪrvɑːna
nitra	ɲitra
nitranka	nɛtranka
nitre	ɲitrɛ
nitriansky	ɲitrianski
nitrianskí	ɲitrianskiː
nitrianský	ɲitrianskiː
nič	nitʃ
nič	ɲitʃ
ničenie	ɲitʃɛɲiɛ
ničivý	ɲitʃiviː
ničiť	nitʃit
ničiť	ɲitʃic
ničoho	ɲitʃɔɦɔ
ničom	ɲitʃom
ničom	ɲitʃɔm
ničomu	ɲitʃɔmu
ničota	nɛtʃɔta
ničím	ɲitʃiːm
niť	nit
niť	ɲic
nižný	ɲiʒniː
nižšej	ɲiʒʃɛj
nižšie	ɲiʒʃiɛ
nižšiemu	ɲiʒʃiɛmu
nižší	ɲiʃʃiː
no	nɔ
noah	nɔaɦ
noc	nɔts
noc	nˈɑts
noci	notsi
noha	noɦa
noha	nɔɦa
nohami	nɔɦami
nohavica	nɔɦavitsa
nohavice	nɔɦavitsɛ
nohavičky	nɔɦavitʃki
nohe	nɔɦɛ
nohou	nɔɦɔu
nohu	nɔɦu
nohy	nɔɦi
nohách	nɔɦaːx
nokia	nokiʝa
nom	nɔm
nominovaný	nɔminɔvaniː
nominovať	nɔminɔvac
nominácia	nɔminɑːtsia
nominácie	nɔminɑːtsiɛ
nominácií	nɔminɑːtsiiː
nominácií	nɔminɑːtsiː
nominálny	nɔminɑːɫni
nomogram	mɔmɔgram
nomád	nˈomˈaðɚ
noorom	nɔrɔm
nora	nɔra
noria	noriˈa
norimberg	nɔrimbɛrg
norma	nrma
norma	nɔrma
normalizácia	nɔrmalizaːtsia
normalizácia	nˈormalˈisˈatsia
norman	nɔrman
normou	nɔrmɔu
normy	nɔrmi
normálna	nɔrmaːlna
normálne	nɔrmaːlɲɛ
normálneho	nɔrmaːlnɛhɔ
normálni	nɔrmaːlɲi
normálny	nɔrmaːlni
normálu	nɔrmaːlu
nos	nɔs
nosa	nɔsa
nosenie	nˈosɛɲiɛ
nosený	nˈoseni
nositelia	nɔsicɛlia
nositeľ	nɔsicɛʎ
nosič	nɔsitʃ
nosiť	nɔsic
nosiť	nˈosˈi
nosný	nɔsniː
nosný	nˈɔstniː
nosový	nˈosɔvˈiː
nostalgia	nɔstalgia
nosí	nɔsiː
nosím	nɔsiːm
not	nɔt
nota	nɔta
nota	nʊta
notabene	nɔtabɛnɛ
noty	notɪ
notár	nɔtɑːr
nov	nɔv
nov	nɔvu
nova	nɔva
novej	nɔvɛj
novela	nɔvɛɫa
novelizácia	nɔvɛlizɑːtsia
november	nɔvɛmbɛr
novembra	nɔvɛmbra
novembrový	nɔvɛmbrɔviː
novina	nɔvina
novinka	nɔvinkɑ
novinka	nɔvɲka
novinkou	nɔvinkɔu
novinky	nɔvinki
novinky	nɔvinkɛ
novinkám	nɔvinkɑːm
novinový	nɔvinɔviː
noviny	nɔvini
novinách	nɔvinaːx
novinár	nɔvinaːr
novinári	nɔvinaːri
novinárka	novinˈarˈkˈa
novinárka	nɔvinaːrka
novinárske	nɔvinaːrskɛ
novinársky	nobinarski
novinársky	nɔvinaːrski
novo	nɔvɔ
novodobá	nɔvɔdɔba
novodobá	nɔvɔdɔbaː
novodobé	nɔvɔdɔbe
novodobý	nɔvɔdɔbi
novodobý	nɔvɔdɔbiː
novom	nɔvɔm
novorodenec	nɔvɔrɔɟɛɲɛts
novoročné	nɔvɔrɔtʃnɛː
novoročný	nɔvɔrɔtʃniː
novoročným	nɔvɔrɔtʃniːm
novou	nɔvou
novy	nɔvi
nová	nova
nová	nɔvɑː
nová	nɔʋaː
nováky	novaki
nováčik	nɔvaːtʃik
nováčikovia	nˈɔvaːtʃikovia
nové	novɛ
nové	nɔvɛː
nového	nɔvɛːɦɔ
novému	nɔvɛːmu
novín	nɔviːn
novú	nɔvuː
nový	novin
nový	nɔviː
nový	nɔʋiː
nových	nɔviːx
novým	nɔviːm
novými	nɔviːmi
novší	nɔvʃiː
now	nɔv
nočn	nɔtʃn
nočnej	nɔtʃnɛj
nočnom	nɔtʃnɔm
nočná	nɔtʃnɑː
nočné	nɔtʃnɛː
nočník	nˈotʃnˈik
nočníčka	mɔtʃɲitʃka
nočnú	nɔtʃnuː
nočný	notʃniː
nočný	nɔtʃniː
nočný	nˈotʃniː
nočných	nɔtʃniːx
nožnice	nɔʐɲitsɛ
nožnice	nɔʒɲitsɛ
nožom	nɔʒɔm
nožík	nˈoʒiːk
nr	nr
nu	nu
nuda	nuda
nudiť	nuɟic
nudný	nudniː
nudím	nuɟiːm
nukleárna	ɲukɫɛɑːrna
nukleárny	nuklɛaːrni
nula	nula
nula	nˈula
nulový	nulɔviː
nultom	nultɔm
nultý	nulti
nulách	nulaːx
nutkanie	nutkaɲiɛ
nutne	nutɲɛ
nutnosť	nutnɔsc
nutné	nutnɛː
nutný	nutniː
nuz	nuz
nuž	ɲʊʒ
náboj	naːbɔj
náboj	nɑːbɔj
náboje	nɑːbɔjɛ
náborov	naːbɔrɔv
náboženské	naːbɔʒɛnskɛː
náboženský	naːbɔʒɛnskiː
náboženstvo	naːbɔʒɛnstvɔ
nábrežie	naːbrɛʒiɛ
nábytok	naːbitɔk
nádcha	naːtxa
nádej	naːdʲɛj
nádej	naːɟɛj
nádej	nɑːɟɛj
nádeje	nɑːɟɛjɛ
nádeji	naːɟɛji
nádejná	nɑːɟɛjnɑː
nádejný	naːɟɛjniː
nádhera	naːbɦɛra
nádhera	naːdɦɛra
nádherne	naːdɦɛrɲɛ
nádherná	naːdhɛrnaː
nádherná	naːdɦɛrnaː
nádherné	naːdɦɛrnæɛː
nádherný	naːdɦɛrniː
nádherný	nɑːdɦʰæɾnæ
nádoba	naːdɔba
nádobe	naːdɔbɛ
nádobu	naːdɔbu
nádor	naːdor
nádor	naːdɔr
nádoroch	naːdɔrɔx
nádrž	naːdrɛʃ
nádrž	naːdrʒ
nádvorie	naːdvɔriɛ
nádvorím	naːdvɔriːm
nádych	naːdix
nádychov	naːdixɔv
nádychu	naːdixu
náhle	naːɦlɛ
náhle	nɑːɦlɛ
náhlivo	naːɦlivɔ
náhly	naːɦli
náhod	naːɦɔd
náhoda	naːɦɔda
náhodne	naːɦɔdɲɛ
náhodný	naːɦɔdniː
náhodou	naːɦodɔv
náhodou	nɑːɦɔdɔu
náhrada	naːɦrada
náhradník	naːɦradɲiːk
náhradný	naːɦradniː
náhrdelník	naːɦrɟɛlɲiːk
náhľad	naːɦlʲat
nájazd	naːjazd
nájde	nɑːjɟɛ
nájdem	nɑːjɟɛm
nájdeme	nɑːjɟɛmɛ
nájdená	nɑːjɟɛnɑː
nájdený	naːjɟɛniː
nájdete	nɑːjɟɛcɛ
nájdeš	nɑːjɟɛʃ
nájdi	najd
nájdi	nɑːjɟi
nájdite	nɑːjɟicɛ
nájdu	maːjdʒu
nájdu	nɑːjdu
nájom	naːjɔm
nájomca	naːjɔmtsa
nájomné	naːjɔmnɛː
nájomník	naːjɔmɲiːk
nájomný	naːjomni
nájomný	naːjɔmniː
nájsť	nɑːjsc
nájsť	nˈaɪz
nákaza	naːkaza
nákazlivejší	naːkazlivɛjʃiː
náklad	naːkɫat
nákladný	naːkɫadniː
náklady	naːkladi
náklonnosť	naːklɔnnɔsc
nákova	naːɑkɔva
nákres	nokres
nákup	naːkup
nákupný	naːkupniː
nálada	naːɫada
náladu	nɑːɫɑdu
nálepka	naːlɛpka
nálet	naːlɛt
nález	naːlɛz
nález	nˈaˈles
náležitosť	naːlɛʒitɔsc
náležitý	naːlɛʒitiː
nálož	naːɫɔʒ
nám	naːm
nám	nɑːm
námaha	naːmaɦa
námestie	naːmɛsciɛ
námestie	naːmɛstɛ
námestník	naːmɛstɲiːk
námestí	namɛsci
námestí	naːmɛstiː
námet	naːmɛt
námietka	naːmiɛtka
námietky	naːmiɛtki
námietky	naːmiːtki
námorník	naːmɔrɲiːk
námorný	naːmɔrniː
nápad	nɑːpɑd
nápadne	naːpadɲɛ
nápadný	naːpadniː
nápadov	naːpadɔv
nápady	nɑːpɑdi
nápis	naːpis
nápisy	naːpisi
náplň	naːpɫɲ
nápoj	naːpɔi
nápoj	naːpɔj
nápor	naːpɔr
náprava	naːprava
náradie	naːraɟiɛ
nárast	naːrast
nárastu	naːrastu
náraz	naːraz
nárečie	naːrɛtʃiɛ
národ	naːrɔt
národmi	naːrɔdmi
národnej	naːrɔdnɛj
národnom	naːrɔdnɔm
národnostný	naːrɔdnɔstniː
národnosť	naːrɔdnɔsc
národnosť	naːrɔdnɔst
národná	naːrɔdnaː
národného	naːrɔdnɛːhɔ
národnú	naːrɔdnuː
národný	naːrɔdniː
národov	naːrɔdɔv
nárok	naːrɔk
náročnosť	naːrɔtʃnɔsc
náročné	naːrɔtʃnɛː
náročný	naːrɔtʃniː
náručie	naːrutʃiɛ
náruživo	naːruʒivɔ
náruživá	naːruʒivaː
náruživý	naːruʒiviː
nás	nas
nás	naːs
nás	nɑːs
násilie	naːsiliɛ
násilie	naːsiljɛ
násilie	nˈaːsjliɛ
násilník	naːsilɲiːk
násilný	naːsilniː
násilím	naːsiliːm
náskok	naːskɔk
následkom	naːslɛdkɔm
následky	naːslɛdki
následne	naːslɛdɲɛ
následník	nˈaːslɛdɲiːk
následný	naːslɛdniː
následok	naːslɛdɔk
následovník	naslɛdauɲˈiːk
násobenie	nasɔbɛɲɛ
násobilka	naːsabɪlka
násobiť	naːsɔbix
násobok	naːsɐbˈok
násobok	naːsɔbɔk
nástraha	naːstraha
nástroj	naːstrɔj
nástroje	naːstrɔjɛ
nástup	naːstup
nástup	nˈastup
nástupca	naːstuputsa
nástupcom	naːstuptsɔm
nástupný	naːstupnˈiː
náter	naːcɛr
náter	naːtʃɛr
nátierka	naːtɕɪrka
nátlak	naːtɫak
náuka	naːuka
náušnice	nauʃɲitsɛ
náušnice	naːuʃɲitsɛ
nával	naːval
návod	naːvɔd
návod	naːvɔdʊ
návrat	naːvrat
návrate	naːvracɛ
návratnosť	naːvratnɔsc
návrh	naːvrx
návrhu	naːvrhu
návrhy	naːvrɦi
návyk	naːvik
návšteva	naːvʃcɛva
návštevnosť	naːvʃcɛvnɔsc
návštevníci	naːvʃcɛvɲiːtsi
návštevník	naːvʃcɛvɲiːk
návštevu	naːvʃcɛvu
návštevy	naːfʃcɛvi
náznak	naːznak
názor	naːzɔr
názor	nɐzˈoɾ
názorový	naːzɔrɔviː
názoru	naːzɔru
názory	naːzɔri
názov	naːzɔ
názov	naːzɔu
názvom	naːzvɔm
náčelník	naːtʃɛlɲiːk
náš	nɑːs
náš	nɑːʃ
nášho	nɑːʃhɔ
nášmu	nɑːʃmu
ních	ɲiːx
ním	ɲiːm
nízke	ɲiːzkɛ
nízko	ɲiːzkɔ
nízkou	ɲiːzkɔu
nízku	ɲiːzku
nízky	nˈiski
nízky	ɲiːski
nížina	ɲiːʒina
nížiny	ɲiːʒinɪ
nór	nɔɾ
nór	nɔːr
nórka	norka
nórsko	norsko
nórsko	nɔːrskɔ
nórsky	norski
nórsky	nɔːrski
nórčina	nortʃina
nôh	nuɔx
nôž	nuoʃ
nôž	nuoʒ
nôž	nuɔʃ
nôž	nwɔʃ
núdza	nuːdza
núdze	nuːdzɛ
núdzový	nuːdzɔviː
núkať	nuːkac
nútený	nuːcɛniː
núti	nuːci
nútila	nuːcila
nútiť	nuːcic
o	o
o	ɔ
o	ˈo
ob	ɔb
oba	ɔba
obaja	ɔbɑja
obal	ɔbaɫ
obalený	ɔbalɛːniː
obava	obava
obava	ɔbava
obavy	ɔbavi
obce	ɔbtsɛ
obchod	ɔbxɔd
obchode	ɔbxɔɟɛ
obchodní	ɔbxɔdɲiː
obchodník	ɔbxodniːk
obchodník	ɔbxɔdniːx
obchodník	ɔbxɔdɲiːk
obchodný	ɔbxɔdniː
obchodov	ɔbxɔdɔv
obchodovanie	ɔbxɔdɔvaɲiɛ
obchodovať	opxotovatɕ
obchodovať	ɔbxɔdɔvac
obchodu	ɔbxɔdu
obchoduj	ɔbxɔduj
obchody	ɔbxɔdi
obchvat	ɔpxwat
obchvátiť	opxvaːtjɟ
obchádzať	ɔbxaːdzac
obci	ɔbtsi
obcí	obtsi
obdariť	obdari
obdiv	ɔbɟiv
obdivovať	ɔbɟivɔvac
obdivuhodný	ɔbɟivuhɔdniː
obdivujem	ɔbɟɪvujɛm
obdoba	ɔbdɔba
obdobia	ɔbdɔbia
obdobie	ɔbdɔbiɛ
obdobný	ɔbdɔbniː
období	ɔbdɔbiː
obdík	ɔbɟiːk
obdĺžnik	ɔbdɔʒɲik
obe	ɔbɛ
obec	oːbɛts
obec	ɔbɛts
obecenstvo	ɔbɛtsɛnstvɔ
obecný	obɛtsɲˈiː
obecný	ɔbɛtsniː
obed	ɔbet
obed	ɔbɛt
obede	ɔbɛɟɛ
obedovať	ɔbɛdoˈvɑc
obedňajší	obɛdɲɛjʃiː
obeh	ɔbɛɦ
obehu	ɔbɛɦu
oberaný	obɛɾaɲiː
oberať	oberat
obesenec	obɛsiaɲɛts
obesený	obɛsɛni
obesiť	abɛsik
obeta	aβɔbɛta
obeta	ɔbɛta
obete	ɔbɛcɛ
obetovať	ɔbɛtɔvac
obetujme	ɔbɛtujmɛ
obetí	ɔbɛciː
obezita	obezita
obezita	ɔbɛzita
obeť	ɔbɛc
obeťou	ɔbɛcɔu
obežnica	ɔbjɛʒɲitsa
obežný	ɔbɛʒniː
obhajca	ɔbɦaitsa
obhajca	ɔbɦajtsa
obhajoba	ɔbɦajɔba
obhajovať	ɔbɦajɔvac
obhájiť	ɔbhaːjic
obidva	ɔbidva
obidvaja	ɔbidvaja
obidve	ɔbidvɛ
obiehať	ɔbiɛɦac
obilie	ɔbiliɛ
obilnina	ɔbilɲina
objal	objaɑɫ
objasniť	ɔbjasɲic
objatie	obɪakiɛ
objatie	ɔbjaciɛ
objav	objau
objav	ɔbjav
objavenie	ɔbjavɛɲiɛ
objavený	ɔbjavɛniː
objavil	ɔbjavil
objavila	ɔbjavila
objavili	ɔbjavili
objavilo	ɔbjavilɔ
objaviť	objavik
objaviť	ɔbjavic
objavovali	ɔbjavɔvali
objavovať	ɔbjavɔvac
objavuje	ɔbjavujɛ
objaví	ɔbjaviː
objať	ɔbjac
object	ɔbjɛtst
objednal	ɔbjɛdnaɫ
objednala	ɔbjɛdnaɫa
objednať	ɔbjɛdnac
objednávka	ɔbjɛdnaːvka
objednávku	ɔbjɛdnaːvku
objekt	ɔbjɛkt
objektami	ɔbjɛktami
objektív	ɔbjɛktiɪv
objektív	ɔbjɛktiːv
objektívne	ɔbjɛktiːvɲɛ
objektívny	ɔbjɛktiːvni
objem	obiem
objem	objɛm
objem	ɔbjɛm
objemný	ɔbjɛmniː
objemu	ɔbjɛmu
objemy	ɔbjɛmi
objímať	ɔbjiːmac
objímeme	ɔbjiːmɛmɛ
obklad	ɔbklad
obklopený	ɔbklɔpɛniː
obklopovať	ɔbklɔpɔvac
oblak	ɔblɑk
oblakoch	ɔblakɔx
oblasti	oblustɪ
oblasti	ɔblɑsci
oblastnej	ɔblastnɛj
oblastný	ɔblɑstniː
oblasť	ɔblɑsc
oblačno	ɔbɫatʃnɔ
oblačnosť	ɔblɑtʃnɔsc
oblačný	ɔblatʃniː
oblek	ɔblɛk
oblek	ɔbɫɛk
oblekom	ɔblɛkɔm
obleku	ɔblɛku
obletela	ɔblɛcɛla
obleč	ɔblɛtʃ
oblečenie	ɔblɛtɕɛɲiɛ
oblečenie	ɔblɛtʃɛɲiɛ
oblečená	ɔblɛtʃɛnaː
oblečený	ɔblɛtʃɛniː
obliecť	ɔbliɛtsc
obliehanie	ɔblɪɛɦanɪ
obliehať	ɔblɪɛɦat
obliekať	ɔbliɛkac
obliekla	ɔbliɛkɫa
obliekol	ɔbliɛkɔɫ
obligácia	ɔbligaːtsia
obliznutý	ɔbliznutii
oblička	ɔblitʃka
oblička	ɔbliʑka
obličky	ɔblitʃki
obloha	ɔblɔɦa
oblohe	ɔbɫɔɦɛ
oblok	ɔblɔk
obložený	ɔblɔʒɛɲii
oblubene	ɔblubɛnɛ
obludných	ɔbludniːx
oblátka	ɔblatka
oblúk	ɔbluːk
oblých	ɔbliːx
obmedzenie	abɛmɛdzɛɲiɛ
obmedzenie	obmɛdzɛniɛ
obmedzenie	ɔbmɛdzɛɲiɛ
obmedzené	ɔbmɛdzɛnɛː
obmedzený	ɔbmɛdzɛniː
obmedzia	ɔbmɛdzia
obmedziť	ɔbmɛdzic
obmedzovanie	ɔbmɛdzɔvaɲiɛ
obmedzovať	ɔbmɛdzɔvac
obmedzíš	ɔbmɛdziːʃ
obmenou	ɔbmɛnɔu
obnova	obnɔva
obnova	ɔbnɔva
obnovenie	ɔbnɔvɛɲiɛ
obnovený	ɔbnɔvɛniː
obnoviť	ɔbnɔvic
obnovovať	ɔbnɔvɔvac
oboch	ɔbɔx
obohacovať	ɔbɔhatsɔvac
obohatiť	ɔbɔɦacic
obohnať	ɔbɔɦnak
oboje	ɔbɔjɛ
obojok	abojɔk
obom	ɔbɔm
obopnutý	ɔbɔpnɔti
obopäť	ɔbɔpɛt
obor	ɔbɔr
oboznámiť	aboznaːmi
oboznámiť	ɔbɔznaːmic
obočie	ɔbɔtʃiɛ
obra	ɔbra
obracať	ɔbratsac
obrad	obrat
obrad	ɔbrad
obradov	ɔbradɔv
obradu	ɔbradu
obrana	obrana
obrana	obrɛnɑ
obrana	ɔbrana
obranca	ɔbrantsa
obrancom	ɔbrantsɔm
obranný	obranɛ
obranný	ɔbranniː
obranu	ɔbranu
obrany	ɔbrani
obrany	ɔbraniː
obraný	obrani
obras	ɔbras
obrat	obrat
obrat	ɔbrat
obraz	ɔbras
obraz	ɔbraz
obrazcov	ɔbraztsɔv
obraze	ɔbrɑzɛ
obrazec	ɔbrazɛts
obrazne	ɔbrazɲɛ
obraznosť	ɔbraːsnɔsc
obrazný	ɔbrazni
obrazovka	ɔbrazɔvka
obrazovke	ɔbrazɔvkɛ
obrazovkách	ɔbrazɔvkɑːx
obrazový	ɔbrazɔviː
obrazu	ɔbrazu
obrazy	ɔbrazi
obrať	ɔbrac
obroda	ɔbrɔda
obrodený	ɔbɾɔdɛniː
obrovsku	ɔbrɔvsku
obrovská	ɔbrɔvskɑː
obrovské	ɔbrɔvskɛː
obrovskú	ɔbrɔvskuː
obrovský	ɔbrɔvskiː
obrovským	ɔbrɔvskiːm
obrus	ɔbrus
obrus	ɔbɾuz
obrys	ɔbris
obrániť	ɔbraːɲit
obrátený	ɔbraːcɛniː
obrátiť	obraːtit
obrátiť	ɔbraːcic
obrátka	ɔbrɑːtka
obrázkom	ɔbraːzkɔm
obrázkov	ɔbraːzkɔv
obrázky	ɔbraːzki
obrázok	ɔbraːzɔk
obrí	ɔbriː
obrích	ɔbriːx
obrúčkozobý	ɔbrutkɔzɔbiː
obsadenie	ɔbsaɟɛɲiɛ
obsadený	ɔbsaɟɛniː
obsadil	ɔpsadiɔ
obsadiť	ɔbsaɟic
obsadzoval	ɔbsadzɔval
obsadíte	ɔbsaɟiːcɛ
obsah	opsa
obsah	ɔbsah
obsahovať	opsaɦovatˈ
obsahovať	ɔbsaɦɔvac
obsahový	ɔbsaɦɔviː
obsahuje	ɔbsahujɛ
obsahujúci	ɔbsahujuːtsi
obsahujúci	ɔbsaɦujuːtsi
obsiahly	apsiaɦlj
obsiahnutý	ɔbsiahnutiː
obsluha	ɔbsluɦa
obstaraný	ɔbstɑraːniː
obstarávanie	opstaraːvɑɲiɛ
obstarávanie	ɔbstaraːvaɲiɛ
obstavať	opstavak
obstať	opstɑt
obstáť	ɔbstaːc
obuv	ɔbu
obuv	ɔbuv
obuvnícky	ɔbuvɲitski
obvinenie	ɔbviɲɛɲiɛ
obvineniu	ɔbviɲɛɲiu
obvineného	ɔbviɲɛnɛːhɔ
obvinený	ɔbviɲɛniː
obviniť	ɔbviɲic
obviňovať	ɔbviɲɔvac
obvod	ɔbvɔd
obvod	ɔbɔvɔd
obvodný	ɔbvɔdniː
obvodoch	ɔbvɔdɔx
obvodov	ɔbvɔdɔv
obvodový	ɔbvɔdɔviː
obvykle	ɔbviklɛ
obvyklý	ɔbvikliː
obväz	abvɛs
obydlie	ɔbidliɛ
obytnom	ɔbitnɔm
obytný	ɔbitniː
obyvatelia	obivatɛlia
obyvatelia	ɔbi�vɑtʃɛlja
obyvateľ	ɔbivacɛʎ
obyvateľmi	ɔbivacɛlimi
obyvateľov	ɔbivacɛʎɔv
obyvateľstva	ɔbivacɛʎstva
obyvateľstvo	ɔbivacɛʎstvɔ
obyčaj	apɪtʃaɪ
obyčaj	obitʃaj
obyčajne	ɔbitʃajɲɛ
obyčajná	ɔbitʃaːjnaː
obyčajný	obitʃajniː
obyčajný	ɔbitʃajniː
obyčajný	ɔbɪtʃajni
obyčajným	ɔbitʃajniːm
obzerať	ɔbzɛrac
obzor	ɔbzɔr
obzrieť	ɔbzriɛc
obzvlášť	obzlaːʃc
obzvlášť	ɔbzvɫaːʃc
obzvlášť	ɔbzvɫɑːʃc
obálka	ɔbaːɫka
obáv	ɔbaːv
obávam	ɔbaːvam
obávať	ɔbaːvac
obávám	ɔbaːvaːm
obísť	ɔbiːsc
obývaný	ɔbiːvaniː
obývačka	ɔbiːvatʃka
obývačke	ɔbiːvatʃkɛ
obývať	ɔbiːvac
občan	ɔbtʃan
občania	ɔbtʃaɲia
občas	ɔbtʃɑs
občas	ˈoptʃas
občasný	obtʃasniː
občasný	ɔbtʃasniː
občerstvenie	optʃarsdvɛɲiɛ
občerstvenie	ɔbtʃɛrstvɛɲiɛ
občiansky	ɔptʃianski
občianstvo	ɔbtʃianstvɔ
obľuba	ɔbʎuba
obľúbenej	ɔbʎuːbɛnɛj
obľúbená	ɔbʎuːbɛnaː
obľúbené	ɔbʎuːbɛnɛː
obľúbení	ɔbʎuːbɛniː
obľúbenú	ɔbʎuːbɛnuː
obľúbený	ɔbʎuːbɛniː
obľúbeným	ɔbʎuːbɛniːm
obľúbenými	ɔbʎuːbɛniːmi
obľúbiť	ɔbʎuːbic
obťažovať	ɔbcaʒɔvac
obžaloba	ɔbʒaɫɔba
obžalovaný	ɔbʒaɫɔvaniː
ocele	ɔtsɛlɛ
ocenenia	ɔtsɛɲɛnia
ocenenie	ɔtsɛɲɛɲjɛ
ocenení	ɔtsɛɲɛɲiː
ocenený	ɔtsɛɲɛniː
ocenil	ɔtsɛɲil
ocenili	ɔtsɛɲili
oceniť	ɔtsɛɲic
oceán	ɔtsɛaːn
oceánia	otsɛaˈnia
oceánijský	ɔtsɛaːniːskiː
oceľ	ɔtsɛʎ
oceľový	ɔtsɛʎɔviː
oceňovaný	ɔtsɛɲɔvaniː
oceňovať	ɔtsɛɲɔvac
oceňujem	ɔtsɛɲujɛm
oceňuješ	ɔtsɛɲujɛʃ
och	ɔxh
ochladenie	ɔxlaɟɛɲiː
ochorela	ɔxɔrɛlɑ
ochorenie	ɔxɔrɛɲiɛ
ochorenie	ˈoxɔrɛɲɛ
ochoreniu	ɔxɔrɛɲiu
ochorení	ɔxɔrɛɲiː
ochorieť	ɔxɔriɛc
ochota	ɔxɔta
ochotne	ɔxɔtɲɛ
ochotná	ɔxɔtnaː
ochotní	ɔxɔtniː
ochotník	ɔxɔtɲik
ochotný	axotni
ochotný	ɔxɔtniː
ochrana	oxrana
ochrana	ɔxrana
ochranca	ɔxrantsa
ochrane	ɔʊxraɲɛ
ochranka	ɔxranka
ochranný	axɾamiː
ochranný	ɔxranniː
ochranou	ɔxranɔu
ochranu	ɔxranu
ochrany	ɔxrani
ochraňovať	ɔxraɲɔvac
ochrániť	oxraːɲit
ochrániť	ɔxraːɲic
ochudobnie	axudɔbɲijɛ
ochutnať	ɔxutnac
ochutnať	ɔxutnɑt
oci	ɔtsi
ocino	ɔtsinɔ
ocitli	ɔtsitli
ocitnúť	ɔtsitnuːc
ocka	ɔtska
ocko	ɔtskɔ
ockovi	ɔtskɔvi
oco	ɔtsɔ
ocov	ɔtsɔv
od	ot
od	ɔd
od	ɔt
odber	ɔdbɛr
odberateľ	ɔdbɛracɛʎ
odbery	ɔdbɛri
odboj	ɔdbɔj
odbor	ɔdbɔr
odbore	ɔdbɔrɛ
odborne	ɔdbɔrɲɛ
odbornej	otbornaj
odbornosť	ɔdbɔrnɔsc
odborného	ɔdbɔrnɛːɦɔ
odborník	ɔdbɔrɲiːk
odborníkov	ɔdbɔrɲiːkɔv
odborný	ɔdbɔrmiːj
odborný	ɔdbɔrniː
odborovej	ɔdbɔrɔvɛj
odborový	ɔdbɔrɔviː
odboru	ɔdbɔru
odbory	ɔdbɔri
odborár	ɔdbɔrɑːr
odborársky	ɔdbɔraːrski
odbočujem	ɔdbɔtʃujɛm
odbočíš	ɔdbɔtʃiːʃ
odbyt	ɔdbit
odcestovať	ɔdtsɛstɔvac
odchiľa	ɔtxila
odchod	ɔdxɔd
odchode	ɔdxɔɟɛ
odchodom	ɔbxɔdɔm
odchodu	ɔdxɔdu
odchovanec	ɔdxɔvaɲɛts
odchádza	ɔdxaːdza
odchádzajúca	ɔdxaːdzajuːtsa
odchádzajúci	ɔdxaːdzajuːtsi
odchádzam	ɔdxaːdzam
odchádzame	ɔdxɑːdzamɛ
odchádzaš	ɔdxaːdzaʃ
odchádzať	ɔdxaːdzac
odchýlka	ɔdxiːɫka
oddanosť	ɔddanɔsc
oddaný	ɔddaniː
oddelene	ɔdɟɛlɛɲɛ
oddelenia	ɔdɟɛlɛɲia
oddelenie	ɔdɟɛlɛɲiɛ
oddelení	ɔdɟɛlɛɲiː
oddelený	ɔdɟɛlɛniː
oddeliť	odɟɛlɪtɕ
oddeliť	ɔdɟɛlic
oddeľovať	ɔdɟɛʎɔvac
oddiel	ɔdɟiɛɫ
oddiely	ʊbdiɛli
oddnes	ɔddɲɛs
oddych	ɔddix
oddychovať	ɔddixɔvac
oddýchneme	ɔddiːxɲɛmɛ
oddýchnete	ɔddiːxɲɛcɛ
oddýchnuť	ɔddiːxnuc
odev	ɔɟɛv
odfotiť	ɔdfɔcic
odhad	odad
odhad	ɔdɦad
odhadca	odɦatstsa
odhadli	ɔdɦadli
odhadnúť	ɔdɦadnuːc
odhadovať	ɔdɦadɔvac
odhalenie	otʃalɛnjɛ
odhalenie	ɔdɦalɛɲiɛ
odhalená	otɦalɛnɔ
odhalený	ɔdɦalɛniː
odhaliť	ɔdhalic
odhaľovať	ɔdhaʎɔvac
odhodiť	ɔdɦɔɟic
odhodlanie	ɔdɦɔdlaɲiɛ
odhodlaný	ɔdɦɔdlaˌniː
odhodlať	ɔdɦɔdlac
odhoď	ɔdɦɔɟ
odhryzne	ɔdɦrizɲɛ
odin	ɔdin
odinštalovať	ɔdintʃtɑlɔvɑc
odist	ɔdist
odišiel	ɔdiʃɪɛɫ
odišla	ɔdiʃlɑ
odišli	ɔdiʃli
odjakživa	ɔdjakʒiva
odkaz	ɔdkaz
odkazovať	ɔdkazɔvac
odkazy	ɔdkazi
odkedy	ɔdkɛdi
odkial	ɔdkiɑl
odkiaľ	ɔdkɪaʎ
odklad	ɔdklad
odkladali	ɔdkladali
odkladať	ɔdkladac
odkryla	ɔdkrilɑ
odkvap	otkvap
odkázaný	ɔdkɑːzaniː
odkázať	ɔdkɑːzac
odkúpenie	ɔdkuːpɛɲiɛ
odkúpiť	ɔdkuːpic
odlet	ɔdlɛt
odletieť	ɔdlɛciɛc
odlišnosť	ɔdliʃnɔsc
odlišné	odliʃnɛː
odlišný	odliʃniː
odlišovať	ɔdliʃɔvac
odlož	ɔdɫɔʒ
odložený	ɔdlɔʒɛniː
odložila	ɔdlɔʒila
odložiť	ɔdlɔʒic
odložte	ɔdlɔʒcɛ
odlúčenia	ɔdluːtʃɛɲia
odlúčení	ɔdluːtʃɛniː
odmena	ɔdmɛna
odmeniť	ɔdmɛɲic
odmenu	ɔdmɛnu
odmeny	ɔdmɛni
odmeňovanie	ɔdmɛɲɔvaɲiɛ
odmiesť	ɔdmiɛsc
odmieta	ɔdmiɛta
odmietanie	ɔdmiɛtaɲiɛ
odmietavý	ɔdmiɛtaviː
odmietavý	ɔdmiɛtavjiː
odmietať	ɔdmiɛtac
odmietla	ɔdmiɛtɫa
odmietnu	ɔdmiɛtnuː
odmietnutie	ɔdmiɛtnuciɛ
odmietnuť	odmjɛtnutsʲ
odmietnuť	ɔdmiɛtnuc
odmietol	ɔdmiɛtɔɫ
odmlčať	ɔdmltʃac
odmocnica	ɔtmɔtsnjia
odnes	ɔdɲɛs
odnesiem	ɔdɲɛsiɛm
odniekiaľ	ɔdɲiɛkiaʎ
odniesť	ɔdɲiɛsc
odnášať	ɔdnaːʃac
odo	ɔdɔ
odoberať	ɔdɔbɛrac
odoberať	ɔdɔbɛræt
odobratie	ɔdɔbratɕjɛ
odobrať	ɔdɔbrɑc
odohrala	ɔdɔɦrala
odohrať	ɔdɔɦrac
odohrá	ɔdɔɦraː
odohrávala	ɔdɦɔraːvalɑ
odohrávať	ɔdɔɦraːvac
odolať	otɔlat
odolať	ɔdɔɫac
odolnosť	ɔdɔɫnɔsc
odolný	odolði
odolný	ɔdɔɫniː
odolávať	ɔdɔɫaːvac
odomykať	ɔdɔmika
odomňa	ɔdmɔɲa
odonačiť	odɔnatʃɪc
odopretie	ɔdɔprɛːciɛ
odoslal	ɔdɔsɫal
odotený	ɔdɔcɛniː
odovzdanie	ɔdɔvzdaɲiɛ
odovzdaný	ɔdɔvzdaniː
odovzdať	ɔdɔvzdac
odovzdám	odɔvstaɑm
odovzdávanie	ɔdɔvzdaːvaɲiɛ
odovzdávať	ɔdɔvzdaːvac
odozva	ɔdɔzva
odpad	ɔdpat
odpad	ɔtˈmɑtɯ
odpadava	ɔdpadava
odpadky	ɔdpadki
odpadnúť	ɔdpadnuːc
odpadový	ɔdpadɔviː
odpadu	ɔdpadu
odparkujem	ɔdparkujɛm
odpaľuješ	ɔdpaʎujɛʃ
odpis	ɔdpis
odplata	ɔdplata
odpoludnie	ɔtpɔɫudɲiɛ
odpor	ɔdpɔr
odporca	otbortsa
odporca	ɔdpɔrtsa
odporcov	otportsou̯
odporná	ɔdpɔrnaː
odporné	ɔdpɔrnɛː
odporný	ɔdpɔrniː
odporných	ɔdpɔrniːx
odporným	ɔdpɔrniːm
odporovať	ɔdpɔrɔvac
odporučenia	ɔdpɔrutʃɛɲia
odporučiť	ɔdpɔrutʃic
odporúčací	ɔdpɔruːtʃatsiː
odporúčam	ɔdporuːtʃam
odporúčanie	ɔdpɔruːtʃaɲiɛ
odporúčanú	ɔdpɔruːtʃanuː
odporúčaný	ɔdpɔruːtʃaniː
odporúčate	ɔdpɔruːtʃacɛ
odporúčať	ɔdpɔruːtʃac
odposluchu	ɔdpɔsɫuxu
odpovedal	ɔdpɔvɛdɑɫ
odpovedať	ɔdpɔvɛdac
odpovedať	ɔdpɔvɛdɑc
odpovede	ɔtpɔvɛɟɛ
odpovedz	ɔdpɔvɛts
odpovedzte	ɔdpɔvɛtscɛ
odpovedá	ɔdpɔvɛdɑː
odpoveď	ɔdpɔvɛɟ
odpoveďou	ɔdpɔvɛɟɔu
odpovie	ɔdpɔviɛ
odpovieme	ɔdpɔviɛmɛ
odpočet	ɔdpɔtʃɛt
odpočinok	ɔdpɔtʃinɔk
odpočívaj	ɔdpɔtʃiːvaj
odpočívať	ɔdpɔtʃiːvac
odpočívať	ɔtpɔtʃiːvak
odpočúvanie	ɔdpɔtʃuːvɑɲiɛ
odpredaj	ɔdprɛdaj
odprevadiť	ɔdprɛvaɟic
odpudivý	odpudɪvˈiː
odpustenie	ɔdpuscɛɲiɛ
odpustenie	ɔdpustjɛɲiɛ
odpustené	ɔdpuscɛnɛː
odpustiť	ɔdpuscic
odpustí	ɔdpusciː
odpusť	ɔdpusc
odpykať	ɔdpikac
odpáliť	ɔdpaːlic
odpáľ	ɔdpaːʎ
odpísaný	ɔdpiːsaniː
odpísať	ɔdpiːsac
odpútať	ɔdpuːtac
odpúšťam	ɔdpuːʃcam
odpúšťať	ɔdpuːʃcac
odradiť	odradit
odradiť	ɔdrɑɟic
odraz	ɔdrɑz
odraziť	ɔdrɑzic
odrazový	ɔdrazɔvjɛ
odrazu	ɔdrɑzu
odrazím	ɔdraziːm
odrezávalo	ɔdrɛsɑːvɑʋɔ
odrezávam	ɔdrɛzɑvam
odrežem	ɔdrɛʒɛm
odrhovačka	ɔdrɦɔvatʃka
odriem	ɔdriɛm
odroda	ɔdrɔda
odrátať	ɔdraːtɑc
odráža	ɔdraːʒa
odrážať	ɔdrɑːʒac
odrážka	ɔdraːʃka
odsek	aːtsɛk
odsek	ɔdsɛk
odskočiť	ɔdskɔtʃic
odskúšať	ɔdskuːʃac
odstavené	ɔdstavɛnɛː
odstaviť	ɔdstavic
odstraňovanie	ɔdstraɲɔvaɲiɛ
odstraňovať	ɔdstraɲɔvac
odstránenie	ɔdstraːɲɛɲiɛ
odstránili	ɔdstraːɲili
odstrániť	ɔdstraːɲic
odstup	ɔdstup
odstupné	ɔdstupnɛː
odstupom	ɔdstupɔm
odstupov	ɔdstupɔv
odstúp	ɔdstuːp
odstúpenie	ɔdstuːpɛɲiɛ
odstúpiť	ɔdstuːpic
odstúpte	ɔdstuːpcɛ
odsudzovať	ɔdsudzɔvac
odsunúť	ɔdsunuːc
odsúdenie	ɔdsuːɟɛɲiɛ
odsúdený	ɔdsuːɟɛniː
odsúdiť	ɔdsuɟic
odsúhlasiť	ɔdsuːɦlasic
odsťahovať	ɔdscahɔvac
odteraz	otteras
odteraz	ɔdtɛras
odtiahnuť	ɔdciaɦnuc
odtialto	ɔdciɑltɔ
odtiaľ	ɔdciɑl
odtiaľto	ɔdciɑʎtɔ
odtieň	ɔdciɛɲ
odtlačky	ɔdtɫatʃki
odtlačok	ɔdtɫatʃɔk
odtok	otok
odtrhnúť	ɔdtrhnuːc
odvaha	ɔdvaɦa
odvahu	ɔdvahu
odvahy	ɔdvaɦi
odveta	ɔdvɛta
odvetiť	ɔdvɛcic
odvetný	ɔdvɛtniː
odvetvie	ɔdvɛtviɛ
odvetví	ɔdvɛtviː
odveziem	ɔdvɛziɛm
odveď	ɔdvɛɟ
odveďte	ɔdvɛɟcɛ
odviaty	ɔdviati
odviesť	ɔdviɛsc
odviezť	ɔdviɛzc
odvod	ɔdvɔd
odvode	ɔdvɔɟɛ
odvodený	ɔdvɔɟɛniː
odvodov	ɔdvɔdɔv
odvodu	ɔdvɔdu
odvody	ɔdvɔdi
odvolací	ɔdvɔlɑtsiː
odvolanie	ɔdvɔlɑɲiɛ
odvolanie	ɔdvɔlɛɲiɛ
odvolaný	ɔdvɔlɑniː
odvolať	ɔdvɔlɑc
odvolávať	ɔdvɔɫaːvac
odvoz	ɔdvɔz
odvrátiť	ɔdvrɑːcic
odvtedy	otptɛdi
odvtedy	ɔdvtɛdi
odvysielať	ɔdvisiɛɫac
odvádzate	ɔdvɑːdzacɛ
odvádzať	ɔdvɑːdzac
odvážiť	ɔdvɑːʒic
odvážny	ɔdvaːʒniː
odvážny	ɔdvɑːʒni
odvíjať	ɔdviːjac
odvčera	ɔtftʂɛra
odznak	ɔdznak
odznieť	ɔdzɲiɛc
odznova	ɔdznɔva
odzrkadľovať	ɔdzrkadʎɔvac
odíde	ɔdiːɟɛ
odídem	ɔdiːɟɛm
odídeme	ɔdiːɟɛmɛ
odídete	ɔdiːɟɛcɛ
odídeš	ɔdiːɟɛʃ
odísť	ɔdiːsc
odíď	ɔdiːɟ
odíďte	ɔdiːɟcɛ
odôvodnenie	ɔduɔvɔdɲɛɲiɛ
odôvodniť	ɔduɔvɔdɲic
odňatia	ɔdɲacia
odňatie	ɔdɲaciɛ
odškodnenie	ɔdʃkɔdɲɛɲiɛ
odškodné	ɔdʃkɔdnɛː
odštartovať	ɔdʃtartɔvac
of	ɔf
ofenzíva	ɔfɛnziːva
ofenzívny	ɔfɛnzivniː
ofenzívny	ɔfɛnziːvni
off	ɔf
oficiálne	ɔfitsjaːɫɲɛ
oficiálny	ɔfitsiaːɫni
ofícia	ɔfiːtsia
oh	ɔʊɦ
ohen	ɔɦɛn
oheň	ɔɦɛɲ
ohh	ɔhh
ohlas	oɦas
ohlas	ɔhɫas
ohlasov	ɔɦɫasɔv
ohlasovať	ɔɦlasɔvac
ohlasy	ɔɦlɑsi
ohlásiť	oɦlaːsik
ohlásiť	ɔɦlɑːsic
ohni	ɔɦɲi
ohnisko	ɔɦɲiskɔ
ohnivohlavý	oɦɲiːvoɦlaviː
ohnivý	ɔɦɲiviː
oho	ɔɦɔ
ohodnotenie	ɔɦɔdnɔcɛɲiɛ
oholený	aɦoɫniː
oholiť	ɔɦɔliːc
ohovárať	ɔɦɔvaːrac
ohrada	ɔɦrada
ohraničený	ɔɦraɲitʃɛniː
ohromne	ɔhrɔmɲɛ
ohromné	ɔɦrɔmnɛː
ohromný	ɔɦrɔmniː
ohromte	ɔɦrɔmcɛ
ohromíš	ɔɦrɔmiːʃ
ohrozenia	ɔɦrɔzɛɲia
ohrozenie	ɔɦrɔzɛɲiɛ
ohrozený	ɔɦrɔzɛniː
ohroziť	ɔɦrɔzic
ohrozovať	ɔɦrɔzɔvac
ohyzda	ɔɦizda
ohľad	ɔɦʎat
ohľadne	ɔɦʎadɲɛ
ohľadom	ɔɦʎadɔm
ohľadu	ɔɦʎadu
ohňa	ɔɦɲa
ohňom	ɔɦɲɔm
ohňostroj	ɔɦɲɔstrɔj
ojedinelý	ɔjɛɟɪɲɛliː
ok	ɔk
oka	ɔka
okamih	ɔkamih
okamih	ɔkamiːɦ
okamihy	ɔkamiɦi
okamžite	ɔkamʒicɛ
okamžite	ɔkɑmʃitsɛ
okamžite	ɔʊkamʒicɛ
okamžitý	ɔkamʒitiː
okay	ɔkai
okej	oʊkɛj
okenná	okɛnnaː
okey	ɔkɛj
okienko	ɔkiɛnkɔ
oklamaný	oklamamí
oklamať	ɔklɑmac
okna	okna
okna	ɔkna
okne	ɔkɲɛ
okno	okno
okno	ɔknɑ
okno	ɔknɔ
oknom	ɔknɔm
okná	ɔknaː
oko	ɔkɔ
okolia	ɔkɔlia
okolie	ɔkolɪɛ
okolie	ɔkɔliɛ
okolitý	ɔkɔlitiː
okolnosti	ɔkɔlnɔsci
okolností	ɔkɔlnɔsciː
okolnosť	akolnos
okolnosť	ɔkɔlnɔsc
okolo	oʊkɔlɔ
okoloidúci	ɔkɔlɔiduːtsi
okolí	ɔkɔliː
okolík	ˈokɔliːk
okom	ɔkɔm
okoštovac	okɔʃtɔvatsʲ
okoštoval	ɔkɔʃtɔvɒl
okraj	okrai
okraj	okraj
okraj	ɔkraj
okraji	ɔkraji
okrajový	ɔkrajɔvi
okrajový	ɔkrajɔviː
okrem	okrɛm
okrem	okrɛn
okrem	ɔkrɛm
okres	ɔkrɛs
okresný	ɔkrɛsniː
okresov	ɔkrɛsɔv
okresu	ɔkrɛsu
okruh	okrux
okruh	ɔkruh
okruhu	ɔkruhu
okrúhly	ɔkruːhli
okrúhlych	ɔkruːhlix
oktet	ɔktɛt
október	ɔktoːbɛr
október	ɔktɔːbɛr
októbri	ɔktɔːbri
októbrový	oktɛːbrɔʋiː
októbrový	ɔktɔːbrɔviː
okuliare	ɔkuʎiarɛ
okupácia	ɔkupaːtsia
okvetie	okvɛtɪe
okvetný	okvɛtnɛ
okľuka	okljuka
olej	ɔle
olej	ɔlɛj
oligarchistická	oligarxɪstɪtska
oligarchovia	ɔligɑrɦɔvja
oliva	oliða
olive	ɔlivɛ
oliver	ɔlivɛr
olivový	ɔlivɔvi
olivový	ɔlivɔviː
olivy	ɔlivi
oliznúť	ɔliznuː
ollie	ɔlliɛ
olomouc	ɔɫɔmɔuts
olovo	ɔɫɔvɔ
olovom	ɔlɔvɔm
olovrant	ɔɫɔvrant
olovu	ɔɫɔvu
olsom	ɔɫsɔm
oltár	ɔɫtaːr
olympia	ɔlimpia
olympijský	ɔlimpijskiː
olympijským	ɔlimpijskiːm
olympiáda	ɔlimpiaːda
olympíjskym	ɔlimpiːskim
om	ɔm
omaha	ɔmaɦa
omar	ɔmar
omarovu	ɔmarɔvu
omeleta	ɔmɛlɔtæ
ometať	omɛtak
omeškanie	ɔmɛʃkaɲiɛ
omietka	ɔmiɛtka
omladnúť	omɫadnuz
omnoho	ɔmnɔɦɔ
omo	ɔmɔ
omyl	omul
omyl	ɔmil
omáčka	ɔmatʃka
omáčka	ɔmaːtʃka
omša	ɔmʃa
on	ɔn
ona	ɔna
onak	ɔnak
ondava	ɒndava
ondreja	ɔndrɛja
ondríkom	ɔndriːkɔm
one	ɔɲɛ
onedlho	ɔɲɛdlɦɔ
onemocnela	ɔɲɛmɔtsɲɛla
onen	ɔnɛn
oneskorenie	ɔɲɛskɔrɛɲiɛ
oneskorený	aɲɛskoɾɛnɪ
oni	oɲi
oni	ɔɲi
online	ɔnlinɛ
ono	ɔnɔ
onom	ɔnɔm
ony	onni
ony	ɔni
oný	ɔniː
ooh	ɔʊɦ
op	ɔp
opak	opak
opak	ɔpak
opakovane	ɔpakɔvaɲɛ
opakovanie	opakɔvanɲiɛ
opakovanie	ɔpakɔvaɲiɛ
opakovaný	opakɔvaɲiɛ
opakovaný	ɔpakɔvaniː
opakovať	opakoˈvɛt
opakovať	ɔpakɔvac
opaku	ɔpaku
opakujem	ɔpakujɛm
opakujte	opakuɪtɕe
opalujes	ɔpalujɛs
opar	ɔpar
oparoch	ɔparɔx
opasok	opasoθ
opasok	ɔpasɔk
opatera	ɔpacɛra
opatovský	ɔpatɔvskiː
opatrel	opatrɛu̯
opatrenia	ɔpatrɛɲia
opatreniami	ɔpatrɛɲiami
opatrenie	ɔpatrɛɲiɛ
opatrne	ɔpatrɲɛ
opatrnosť	opatrnosc
opatrnosť	ɔpatrnɔsc
opatrná	ɔpatrnaː
opatrní	ɔpatrniː
opatrný	ɔpatrniː
opatrovanie	ɔpatrɔvaɲiɛ
opatrovať	opatrovak
opatruj	ɔpatruj
opačne	ɔpatʃɲɛ
opačný	ɔpatʃniː
opec	ɔpɛts
opel	ɔpɛɫ
oper	ɔpɛr
opera	opɛɾa
opera	ɔpɛra
operatívny	ɔpɛratiːvni
operačného	ɔpeɾatʃnɛːɦɔ
operačný	ɔpɛratʃniː
opere	ɔpæɛrɛ
opernej	ɔpɛrnɛj
operného	ɔpɛrnɛːhɔ
operný	opɛrni
operný	ɔpɛrniː
operovať	ɔpɛrɔvac
operu	ɔpæɛru
operua	ɔpɛrua
opery	ɔpæɛri
operácia	opɛraːtsia
operácia	ɔpɛraːtsia
operácie	ɔpɛraːtsiɛ
operáciu	ɔpɛraːtsia
operácií	opɛraːtsiiː
operátor	ɔpɛraːtɔr
opeť	ɔpɛc
opica	upitso
opica	ɔpitsa
opice	ɔpitsɛ
opier	ɔpjɛr
opierať	ɔpiɛrac
opilec	ɔpilɛts
opis	ɔpis
opisovať	ɔpisɔvac
opitá	ɔpitɑː
opitý	opiti
opitý	ɔpitiː
opiť	ɔpic
oplatiť	ɔplacic
opodstatnenie	ɔpɔtstɑtɲɛɲiɛ
opodstatnený	ɔpɔtstɑtɲɛniː
opojne	pojnɛ
opona	apona
opona	ɔpɔna
oponent	ɔpɔnɛnt
oponovať	ɔpɔnɔvac
opora	ɔpɔra
oporných	ɔpɔrniːx
oporou	ɔpɔrɔu
opovažuješ	ɔpɔvaʒujɛʃ
opozičnom	opazitʃnom
opozičný	ɔpɔzitʃniː
opozícia	ɔpɔziːtsia
oprav	ɔprav
oprava	oprava
oprava	ɔprava
opravil	ɔpravil
opraviť	ɔpravic
opravný	ɔpravniː
opravou	ɔpravɔu
opravovať	ɔpravɔvac
opravu	ɔpravu
opravy	ɔpravi
opravár	apravaːl
oprieť	ɔpriɛc
oprobuj	aprabuj
oproti	ɔprɔci
oprskal	ɔprskal
oprávnene	ɔpraːvɲɛɲɛ
oprávnenie	opraːvɲɛɲɛ
oprávnenie	ɔpraːvɲɛɲiɛ
oprávnený	ɔpraːvɲɛniː
optický	optɪtski
optický	ɔptitskiː
optika	ɔptika
optimista	ɔptimista
optimistický	ɔptimistitskiː
optimistom	ɔptimistɔm
optimizmom	ɔptimizmɔm
optimizmus	ɔptimizmus
optimálny	ɔptimaːlni
opulentný	oplulɛntniː
opustená	ɔpuscɛnaː
opustený	ɔpuscɛniː
opustil	ɔpuscil
opustila	ɔpuscila
opustili	ɔpuscili
opustiť	opustit
opustiť	ɔpuscic
opytovací	opitovatɕiː
opál	opal
opát	ɔpaːt
opát	ˈopat
opáti	opadʑi
opátstva	ɔpatstva
opátstvo	opaːtstvˈo
opáč	opatɕ
opätovne	ɔpɛtɔvɲɛ
opätovný	ɔpɛtɔvniː
opäť	ɔpɛc
opäť	ɔpɛt
opísal	ɔpiːsal
opísanie	ɔpiːsaɲiɛ
opísaný	ɔpiːsaniː
opísať	ɔpiːsac
opúšťať	ɔpuːʃcac
opýtaj	ɔpiːtaj
opýtal	ɔpiːtɑɫ
opýtam	ɔpiːtɑm
opýtaný	ɔpitaniː
opýtať	ɔpiːtac
or	ɔr
or	ɔrr
orange	ɔrangɛ
oranžový	ɔranʒɔviː
orava	ɔrava
orava	ɔɾɛvɔ
oravský	ɔravskiː
orbitálny	orbitaːlniː
orchester	orxest̪er
orchester	ɔrxɛstɛr
orchidea	orxidea
orech	ɔrɛx
orechový	ɔrɛxɔvjɛ
organ	ɔrgan
organický	organitski
organický	ɔrganitskiː
organický	ɔrgɑnɛtski
organizačne	ɔrganizatʃɲɛ
organizačný	ɔrganizatʃniː
organizmus	ɔrganizmus
organizovanie	ɔrganizɔvaɲiɛ
organizovaný	ɔrganizɔvaniː
organizovať	ɔrganizɔvac
organizácia	ɔrganizaːtsia
organizáciu	ɔrganizaːtsiu
organizátor	ɔrganizaːtɔr
organizér	ɔrˈgɑnizɛr
orgazmu	ɔrgazmu
orgazmus	ɔrgazmus
orgán	ɔrgaːn
orgánu	ɔrgaːnu
orgány	ɔrgaːni
orientačný	ɔriɛntatʃniː
orientovaný	ɔriɛntɔvaniː
orientovať	ɔriɛntɔvac
orientácia	ɔriɛntaːtsia
orientácii	ɔriɛntaːtsiː
orientálny	ɔriɛntaɔni
oriešok	ɔriɛʃɔk
originál	ɔriginaːɫ
originálny	ɔriginaːɫni
orion	ɔriɔn
orla	ɔrlɑ
orlanda	ɔrlɑnda
oro	ɔrɔ
orol	orɔːl
orol	ɔrɔɫ
orry	ɔrri
orrymu	ɔrimu
ortodoxný	ɔrtɔdɔkssniː
os	os
os	ɔ
os	ɔs
osa	kɔsa
osa	ɔsa
osada	ɔsada
osady	ɔsadi
osahavas	ɔsahavas
osamelosť	osamɛlos
osamelá	ɔsamɛlɑː
osamelý	ɔsamɛliː
osamote	ɔsɑmɔcɛ
osamotený	ɔsamɔcɛniː
oscar	ɔstsar
osebe	ɔsɛbɛ
osem	osɛn
osem	ɔsɛm
osemdesiat	ɔsɛmɟɛsjɑt
osemdesiaty	ɔsɛmɟɛsiati
osemfinále	ɔsɛmfinaːɫɛ
osemnásť	ɔsɛmnaːsc
osi	os̺i
osikový	ɔsikɔvji
oskaroch	ɔskarɔx
osla	ɔsɫa
oslabenie	ɔslabɛɲiɛ
oslabený	ɔsɫabɛniː
oslabiť	ɔsɫabic
oslabovať	ɔsɫabɔvac
oslava	oɦlava
oslava	ɔslava
oslave	ɔslɑvɛ
oslavný	oslavni
oslavovať	ɔslaːvɔvac
oslavovať	ɔsɫavɔvac
oslavu	ɔsɫɔvu
oslavy	ɔsɫɔvi
oslobodenie	ɔslɔbɔɟɛɲiɛ
oslobodený	ɔslɔbɔɟɛniː
oslobodiť	ɔslɔbɔdit
oslobodiť	ɔsɫɔbɔɟic
oslovený	ɔslɔvɛniː
oslovil	ɔsɫɔvil
oslovili	ɔsɫɔvili
oslovilo	ɔsɫɔvilɔ
osloviť	ɔslɔvic
oslovovať	ɔslɔvɔvac
oslovuje	ɔsɫɔʋujɛ
osloví	ɔsɫɔviː
oslávil	ɔsɫɑːvil
osláviť	ɔslɑːvic
osmička	ɔsmitʃka
osmych	ɔsmix
osn	ɔsn
osnova	ɔsnɔva
osnovný	ɔsnɔbniː
osoba	ɔsɔba
osobe	ɔsɔbɲɛ
osobitne	ɔsɔbitɲɛ
osobitný	o̞so̞bjteˈniː
osobitný	ɔsɔbitniː
osobitý	ɔsɔbitiː
osobne	ɔsɔbɲɛ
osobnejšia	ɔsɔbɲɛjʃia
osobnejšiu	ɔsɔbɲɛjʃiu
osobnejší	ɔsɔbɲɛjʃiː
osobnom	ɔsɔbnɔm
osobnosti	ɔsɔbnɔsci
osobnostný	ɔsɔbnɔstniː
osobnosť	ɔsɔbnɔsc
osobnosťou	ɔsɔbnɔscɔu
osobné	ɔsɔbnɛː
osobného	ɔsɔbnɛːhɔ
osobnú	ɔsɔbnuː
osobný	ɔsɔbniː
osobných	ɔsɔbnix
osobných	ɔsɔbniːx
osobných	ˈɔsɔbniːx
osobným	ɔsɔbniːm
osobnými	ɔsɔbniːmi
osobou	ɔsɔbɔu
osobu	ɔsɔbu
osoby	ɔsɔbi
osodu	ɔsɔdu
osoh	aˈsax
osol	ɔsɔɫ
ospravedlnenie	ɔspravɛdɫɲɛɲjɛ
ospravedlnil	ɔspravɛdɫɲil
ospravedlniť	ɔspravɛdlɲic
ospravedlniť	ɔspravɛdɫɲic
ospravedlň	ɔspravɛdɫɲ
ospravedlňovať	ɔspravɛdɫɲɔvac
ospravedlňte	ɔspravɛdɫɲcɛ
ospravedlňujem	ɔspravɛdɫujɛm
osranom	ɔsranɔm
osratý	asrɛtiː
ostal	ɔstɑl
ostala	ɔstɑlɑ
ostali	ɔstɑli
ostalo	ɔstɑlɔ
ostane	ɔstɑɲɛ
ostanem	ɔstɑɲɛm
ostaneš	ɔstɑɲɛʃ
ostaných	ɔstaniːx
ostatne	ɔstɑtɲɛ
ostatné	ɔststnɛː
ostatní	astatnɨ
ostatní	ɔstɑtniː
ostatný	ɔstatniː
ostatných	ɔstatniːx
ostatným	ɔstatniːm
ostatnými	ɔstatniːmi
ostaň	ɔstɑɲ
ostaňte	ɔstɑɲcɛ
ostať	ɔstɑc
ostrava	ɔstrava
ostreľovaciu	ɔstrɛʎɔvatsiu
ostro	ɔstrɔ
ostrochovský	ɔstrɔxɔvskiː
ostrochovským	ɔstrɔxɔvskiːm
ostrochvostý	ostraxvastɨ
ostrov	ɔstrɔu
ostrova	ɔstrɔva
ostrove	ɔstrɔvɛ
ostrovný	ɔstrɔvni
ostrovy	ɔstrɔvi
ostrovy	ˈɔstrɔvi
ostrý	ɔstri
ostrý	ɔstriː
ostáva	ɔstaːva
ostáva	ɔstɑːva
ostávam	ɔstɑːvam
ostávať	ɔstɑːvac
osud	aˈsot
osud	ɔsud
osudnym	ɔsudnim
osudný	ɔsudniː
osudným	ɔsudniːm
osudom	ɔsudɔm
osudovosť	ɔsudɔvɔsc
osudového	ɔsudɔvɛːhɔ
osudový	ɔsudɔviː
osudu	ɔsudu
osvedčenie	ɔsvɛdtʃɛɲiɛ
osvedčený	ɔsvɛdtʃɛniː
osvedčiť	ɔsvɛdtʃic
osveta	ɔsvɛta
osvetlenie	ɔsvɛtɫɛɲiɛ
osvetlený	ɔsvɛtɫɛniː
osvetový	ɔsvɛtɔviː
osvojila	ɔsvɔjilɑ
osvojiť	ɔsvɔjic
osídlených	ɔsiːdlɛniːx
osôb	ɔsuɔp
otavovanie	ɔtɑvɔvɑnɲiɛ
otca	ɔtsɑ
otcom	ɔttsɔm
otcov	ɔttsɔu
otcove	ɔtsɔvɛ
otcovej	ɔtsɔvɛj
otcovi	ɔttsɔvi
otec	pɔtɛts
otec	ɔcɛts
otecko	ɔcɛtskɔ
otelo	ɔtɛɫɔ
oter	ɔcɛr
otestovať	ɔtɛstɔvac
otierať	ɔciɛratɕ
otoč	ɔtɔtʃ
otočil	ɔtɔtʃil
otočili	ɔtɔtʃili
otočiť	ototʃitɕ
otočiť	ɔtɔtʃic
otočný	otatʃniː
otočte	ɔtɔtʃcɛ
otočí	ɔtɔtʃiː
otp	ɔtp
otras	ɔtras
otrasný	otrazmiː
otrava	otrava
otrava	ɔtrava
otriasť	ɔtriasc
otroctva	ɔtrɔtstva
otroctvo	ɔtrɔtstvɔ
otrok	atɾak
otrok	ɔtrɔk
otroka	ɔtrɔka
otrokom	ɔtrɔkɔm
otrokov	ɔtrɔkɔv
otráviť	ɔtraːvic
ottawa	ɔtava
otupíme	ɔtupiːmɛ
otužil	ɔtuʒil
otvor	oʊtvor
otvor	ɔtvɔr
otvorene	ɔtvɔrɛɲɛ
otvorenie	ɔtvɔrɛɲiɛ
otvorenosť	ɔtvɔrɛnɔsc
otvorené	ɔtvɔrɛnɛː
otvorený	ɔtvɔrɛniː
otvoril	ɔtvɔril
otvorila	ɔtvɔrilɑ
otvorili	ɔtvɔrili
otvorim	ɔtvɔrim
otvoriť	ɔtvɔric
otvorte	ɔtvɔrcɛ
otvorí	ɔtvɔriː
otvorím	ɔtvɔriːm
otvoríme	ɔtvɔriːmɛ
otvárací	ɔtvaːratsiː
otváranie	ɔtvaːraɲiɛ
otvárať	ɔtvaːrac
otázka	otaska
otázka	otazka
otázka	ɔtaːska
otázka	ɔtaːzka
otázkam	ɔtaːzkam
otázkami	ɔtaːzkami
otázke	ɔʊtɑːzkɛ
otázkou	ɔtaːzkɔu
otázku	ɔʊtɑːzku
otázky	ɔʊtɑːzki
otázne	ɔtaːznɛ
otáznik	ɔtaːzɲik
otázny	ɔtɑːzni
otázok	ɔʊtɑːzɔk
otáča	otaːtʃa
otáčať	ɔtaːtʃac
otáčky	ɔtaːtʃki
otče	ɔtʃɛ
ou	ɔu
our	ɔur
out	ɔut
ovca	ɔutsa
ovce	ou̯tsɛ
ovce	ɔvtsɛ
over	ɔvɛr
overenie	ɔvɛrɛniɛ
overený	ɔvɛrɛniː
overiť	ɔvɛric
overovať	ɔvɛrɔvac
oves	aʋɛs
oveľa	ɔvɛʎa
ovláda	ɔvlaːda
ovláda	ɔvɫaːda
ovládajú	ɔvɫaːdajuː
ovládanie	ɔvlɑːdaɲiɛ
ovládaný	ɔvɫaːdaniː
ovládač	ɔvɫaːdatʃ
ovládaš	ɔvɫɑːdaʃ
ovládať	ɔvlaːdac
ovládnuť	ɔvɫaːdnuc
ovocie	ɔvɔtsiɛ
ovocné	ɔvɔtsnɛː
ovocný	ɔvɔtsniː
ovocných	ɔvɔtsniːx
ovplyvnený	ɔvplivɲɛniː
ovplyvnil	ɔvpɫivɲil
ovplyvnili	ɔvpɫivɲili
ovplyvniť	ɔvplivɲic
ovplyvňovať	ɔvplivɲɔvac
ovzdušie	ɔvzduʃiɛ
ovál	ovaːv
ový	ɔviː
ovčiak	ɔvtʃiak
ow	ɔv
owen	ɔvɛn
oxford	ɔksfɔrd
oxid	ɔksid
ozaj	ɔzaj
ozajstné	ɔzajstnɛː
ozajstný	ɔzajstniː
ozbrojenec	ɔzbrɔjɛɲɛts
ozbrojený	ɔzbrɔjɛniː
ozbrojený	ɔzbrɔɛni
ozdoba	ɔzdɔba
ozdravenia	ɔzdravɛɲia
ozdravenie	ɔzdravɛɲiɛ
ozdraviť	ɔzdravic
ozembucha	ɔzɛmbuxa
oznam	oznɒmɒ
oznam	ɔznam
oznamovať	oznamovæc
oznamovať	ɔznamɔvac
oznamujem	ɔznamujɛm
označenie	ɔznatʃɛɲiɛ
označeniu	ɔznatʃɛɲiu
označením	ɔznatʃɛɲiːm
označený	ɔznatʃɛniː
označil	ɔznatʃil
označiť	oznatʃɪc
označiť	ɔznatʃic
označovaný	ɔznatʃɔvaniː
označovač	ɔznaːtʃɔvatʃ
označovať	ɔznatʃɔvac
oznámenia	ɔznaːmɛɲia
oznámenie	ɔznaːmɛɲiɛ
oznámení	ɔznaːmɛɲiː
oznámil	ɔznɑːmil
oznámila	ɔznaːmila
oznámila	ɔznaːmɪʎa
oznámili	ɔznaːmili
oznámiť	oznaːmi
oznámiť	ɔznaːmic
ozubených	ɔzubɛniːx
ozval	ɔzvɑɫ
ozvať	ɔzvac
ozve	ɔzvɛ
ozvem	ɔzvɛm
ozvena	ɔzvɛna
ozývať	ɔziːvac
oú	ɔuː
očakáva	ɔtʃakɑːva
očakával	ɔtʃakɑːval
očakávali	ɔtʃakɑːvɑli
očakávam	ɔtʃakaːvam
očakávanie	ɔtʃakaːvaɲiɛ
očakávaný	ɔtʃakaːvaniː
očakávate	ɔtʃɑkɑːvɑcɛ
očakávať	pɔtʃɑkɑːvɑc
očakávať	ɔtʃakaːvac
očami	ɔtʃami
oči	otʃe
oči	ɔtʃi
očiach	ɔtʃiax
očima	ɔtʃɪma
očistiť	ɔtʃiscic
očividne	ɔtʃividɲɛ
očividný	ɔtʃividniː
očividný	ɔtʃivɪdmiː
očko	ɔtʃkɔ
očkovacím	ɔtʃkɔvɑtsiːm
očkovanie	ɔtʃkɔvɑɲjɛ
očkovaní	ɔtʃkɔvɑniː
očkovaním	ɔtʃkɔvɑɲiːm
očnica	ɔtʃnitsa
očné	otʃne
očný	otʃniː
očný	ɔtʃniː
očí	ɔtʃiː
oľano	ɔʎanɔ
oľutoval	ɔʎutɔval
oňho	ɔɲɦɔ
oňo	ɔɲɔ
ošemsto	pɔʂɛmstɔ
ošetrenie	ɔʃɛtrɛɲiɛ
ošetriť	ɔʃɛtric
ošetrovateľský	ɔʃɛtrɔvacɛʎskiː
ošetrovateľstvo	ɔʃɛtrɔvacɛʎstvɔ
ošklivý	oʃkliʋiː
oštara	aʃtaɾa
oštep	ɔʃcɛp
ošípaná	ɔʃiːpanaː
ošče	aʃtɕɛ
oženil	ɔʒɛɲil
oženiť	ɔʒɛɲic
oživenie	ɔʒivɛɲiɛ
oživiť	ɔʒivic
oživovať	oʒivovak
ožiť	ɔʒic
ožran	aʒraːn
ožran	ɔʒran
ožratý	ɔʒratiː
p	p
pa	pa
pablo	pablɔ
pacerky	atsɛrkɪ
pach	pax
pacient	patsiɛnt
pacient	patsjent
pacienta	patsiɛnta
pacientka	patsiɛntka
pacientom	patsiɛntɔm
pacientov	patsiɛntɔv
padaj	padaj
padať	padac
padla	padɫa
padli	padli
padlo	padɫɔ
padne	padɲɛ
padnúť	padnuːc
padol	padɔɫ
padá	padaː
padáka	padaːka
padám	padaːm
padáme	padaːmɛ
padíme	padiːmɛ
paholok	pa˥˥ɦo˥˩ːlɔk
pajdušáková	pajduʃaːkovaːr
pajzlové	pajzɫɔvɛː
pakistan	pakistan
pakistan	pakistãn
pakistanský	pakistanskiː
pako	pakɔ
pakt	pakt
paktovať	paktɔvɑtɕ
palacinkový	palatsɪnkɔvj
palacinky	palatsinki
palacký	palatskiː
palce	pɑɫtsɯ
palcom	paɫtsɔm
palec	palɛts
paleobotanika	paleobot̪nika
paleografický	pɑlɛɔʒrɑfɪtskiː
palestína	palɛstina
palestína	palɛstiːna
palestínsky	palɛstiːnski
palestínčan	palɛstiːntʃan
paleta	palɛta
palica	kalitsa
palica	palitsa
palice	palitsɛ
palivo	palivɔ
palivom	palivɔm
palička	palitʃka
palma	paɫma
paluba	paloba
paluba	paluba
paluba	paɫuba
palube	palubɛ
palubný	palubnˈiː
palubovka	paɫubɔvka
palubu	palubu
palynológia	pɑɫjnɔlɔːgija
palác	paɫaːts
paláca	paɫaːtsa
paláci	paɫaːtsi
pam	pam
pamela	pamɛla
pamelu	pamɛlu
pamely	pamɛli
pametas	pamɛtas
pameti	pamɛci
pametám	pamɛtɑːm
pamiatka	pamiatka
pamiatkový	pamiatkobi
pamiatkový	pamiatkɔviː
pamiatok	pamiatok
pampúšik	panpuːʃiːk
pamätaj	pamɛtaj
pamätajte	pamɛtajcɛ
pamätať	pamɛtac
pamäte	pamɛcɛ
pamäti	pamɛci
pamätník	pamɛtniːk
pamätníky	pamɛtniːki
pamätný	pamɛtniː
pamätám	pamɛtaːm
pamätáte	pamɛtaːcɛ
pamätáš	pamɛtaːʃ
pamäť	pamɛc
pamäťový	pamɛcɔviː
pan	pan
panama	anamɑ
pancier	panθjɛr
pancierový	pantsjɛːrɔviː
panda	panda
pandémiou	pandɛːmijou
pane	paɲɛ
pane	pɑɲɛ
panebože	paɲɛbɔʒɛ
panel	panɛl
paneurópsky	panɛuːrɔːpski
pani	pani
pani	panʲi
pani	paɲi
pani	pɑɲi
panic	paɲits
panic	taɲits
panika	anika
panika	panika
paniku	paniku
panna	panna
pannu	pɑnnu
panoráma	panɔraːma
panoval	panɔval
panovať	panɔvac
panovník	panɔvɲiːk
panský	panskiː
panstvo	panstvɔ
pantha	pantɦa
panuje	panujɛ
panvica	panritsa
panvica	panvitsa
panvy	panvi
panák	ɑnɑːk
pančuchový	paɲtʃuxoʃi
pančuchy	pantʃuxi
papa	papa
papier	papieɾa
papier	papiɛr
papier	papjɛr
papiera	papjɛra
papiere	papjɛrɛ
papieri	papiri
papierovačka	papjɛrɔvatʂka
papierový	papiɛrɔviː
paplón	paplon
paprika	paprika
paprikáš	papɾikaːʃ
papuča	pɑpuxa
papuče	paputʃe
papuľa	papuʎa
papín	papiːn
par	par
para	para
paradajka	paradajka
paradox	paradɔks
paradoxne	paradɔksɲɛ
paragraf	paragraf
paralela	paralɛla
paralelne	paralɛlɲɛ
paralelný	paralɛlniː
parameter	paramɛtɛr
parašutista	paraʃotista
pardon	pardɔn
pardon	pˌɐɾədˈon
pardubická	vardubitska
pardón	pardɔːn
parfém	parfɛːm
paris	paris
pariť	paric
park	park
park	pɑːk
park"	park
parker	parkɛr
parket	parkɛt
parkovací	parkɔvatsiː
parkovať	parkɔvac
parkovisko	parkɔviskɔ
parkovisku	parkɔvisku
parku	parku
parky	parki
parlament	parlamɛnt
parlamentný	parlamentni
parlamentný	parlamɛntniː
parlamentu	parlamɛntu
parný	parniː
parochňa	paroɣɲa
parochňa	parɔxɲa
part	part
partia	pɑrtia
partie	partijɛ
partitúra	partitʊra
partizán	partizɑːn
partizánske	partizanskɛ
partizánsky	partizɑːnski
partner	partnɛr
partnera	partnɛra
partnerka	partnɛrka
partnerom	partnɛrɔm
partnerský	partnɛrskiː
partnerstvo	partnɛrstvɔ
partokracia	artokratsia
party	parti
party	paːrti
paráda	paraːda
parádny	paraːdni
paríž	pariːʒ
paríž	paɾˈiʒ
paríža	pariːʒa
parížania	pariːʒaɲiɛ
paríži	pariːʒi
parížskej	pariːʒskɛj
parížsky	pariːʒski
pas	pas
pas	pˈas
pasažier	pasaʒiɛr
pasca	pastsa
pasca	pasttsa
pasce	pastsɛ
paseku	pasɛku
pasienok	pasiɛnɔk
pasme	pasmɛ
pasoval	pasɔval
pastelka	tastɛlka
pastier	pasciɛr
pastoračný	pastɔratʃniː
pastorov	pastɔrɔv
pastve	pastvɛ
pasu	pasu
pasuješ	pasujɛʃ
pasuju	pasuju
pasáž	pasaːʒ
pasáže	pasɑːʒɛ
pasívnu	pasiːvnu
pasívny	pasiːvni
pat	pat
patent	patɛnt
pathe	patɦɛ
patmosu	patmɔsu
patria	pɑtria
patriaci	patriatsi
patrick	patritsk
patrila	patrila
patričný	patritʃniː
patriť	patri
patriť	patric
patrí	patri
patrí	patriː
patrím	patriːm
patríš	patriːʃ
patrón	patrɔːn
paul	paul
paula	paula
paula	pɑvɫa
paulie	pauliɛ
pauza	pauza
pauzu	pauzu
pauzák	pau̯saːk
paušálny	pauʃaːɫni
pavilón	pavilɔːn
pavla	pavla
pavla	pavɫa
pavlovič	pɑblɔʋiʃ
pavol	pavɔl
pavúk	pavuːk
paxtonu	pakstɔnu
pazucha	pazuxa
pazúr	pazuːr
paľba	paʎba
paľce	falsɛ
paľec	palets
pašovať	paʃovat
paštikový	paʃtɕɛkoviː
paštéta	pastɛta
pať	pˈɑt
pažerák	paʒɛraːk
peace	pɛatsɛ
pec	bˈɪts
pec	pɛts
peci	pɛtsi
pecinko	pɛtsinkɔ
peckový	fɛtskoviː
pedagogický	pɛdagɔgitskiː
pedagogika	pɛdagɔgika
pedagogička	pɛdagɔgitʃka
pedagóg	pɛdagɔːg
pedagógom	pɛdɑgɔːgɔm
pedagógovia	pɛdɑgɔːgɔvja
pedál	pɛdaːl
pejc	pˈeɪt
pejsto	pˈeɪstɔ
peking	pɛking
pekla	pɛklɑ
pekle	pɛklɛ
peklo	pɛkɫɔ
pekne	pɛknɛ
pekná	pɛknaː
pekné	pɛknæː
peknú	pɛknuː
pekný	pekni
pekný	pɛkniː
pekným	pɛkniːm
pektín	pɛktiːn
pekár	pekar
pekáreň	pɛkaːrɛɲ
pekársky	tɛkaːrski
pelikán	bɛlɪkan
pena	fina
pena	pɛna
penalta	pɛnalta
peniaz	pɛɲiaz
peniaze	pɛɲiɑzɛ
peniaze	pɛɲɪɑzɛ
peniazmi	pɛɲiɑzmi
peniazoch	pɛɲiazɔx
peniazom	pɛɲiazɔm
penica	penˈitsa
penis	pɛnis
penny	pɛni
penový	pɛnɔvj
penta	pɛnta
pentelka	pent̪elka
penzia	pensia
penzia	pɛnzia
penzijný	pɛnzijniː
penzista	penizistɑ
penzión	pɛnziɔːn
pepita	pɛpita
pera	fara
pera	pɛra
percent	pɛrtsɛnt
percenta	pɛrtsɛnta
percentný	pɛrtsɛntniː
percento	pɛrtsɛntɔ
percentuálny	pɛrtsɛntuɑːlni
perelazkom	pɛrɛlɑzkɔm
peres	pɛrɛs
perfektne	pɛrfɛktɲɛ
perfektná	pɛrfɛktnaː
perfektné	pɛrfɛktnɛː
perfektné	pɛrfɪktnɛ
perfektný	pɛrfɛktniː
perie	peɾje
perie	pɛriɛ
perina	peɾina
perina	pɛrina
periodický	pɛriɔditskiː
periodikum	pɛriɔdikum
periu	pɛriu
periť	pɛric
perkelt	perkɛlt
perla	peɾla
perla	pɛrɫa
perlavý	pɛrlabi
perleť	perʎɛtɕ
perlivá	perljva
perlový	peɾloviː
permanentný	pɛrmanɛntniː
pernek	pɛrmɛk
pero	pero
pero	pɛrɔ
perom	pɛrɔm
perry	pɛri
perscinki	bɛrstsʲɪnkʲi
personalistika	pɛɾsonalistika
personál	pɛrsɔnaːɫ
personálny	pɛrsɔnaːɫni
perspektíva	pɛrspɛktiːva
perspektívny	pɛrspɛktiːvni
peru	pɛrɔ
perugiou	pɛrugiɔu
pery	pɛri
perzská	pɛrska
perzský	pɛrzskiː
perši	perʃi
peržania	peɾʒenia
pes	pɛs
pes	pˈɛs
pes	tɛs
pesimistom	pɛsimistɔm
pesnička	pɛsɲitʃka
pesnička	vɛsɲitʃka
pesničke	pɛsɲitʃkɛ
pesničku	pɛsɲitʃku
pestovanie	pɛstɔvaɲiɛ
pestovateľ	pɛstɔvacɛʎ
pestovať	pɛstɔvac
pestrica	pɛstritse
pestrosť	pɛstrosk
pestrý	pestriː
pestrý	pɛstriː
pestuje	pɛstujɛ
pestujete	pɛstujɛcɛ
pet	pɛt
pete	pɛtɛ
peter	feter
peter	pɛtɛr
peteraja	pɛtɛraja
petičný	pɛtitʃniː
petnásť	pɛtnaːsc
petr	pɛtr
petra	pɛtra
petra	pɛtrɑ
petrohrad	pɛtrɔɦrat
petru	pɛtru
petruška	bɛtrʊʃka
petržalka	pɛtrʒalka
pets	pɛts
petícia	pɛtiːtsia
peugeot	pɛugɛɔt
pevne	pɛvɲɛ
pevnina	pɛvɲina
pevnostné	pɛu̯nɔstɲɛː
pevnostný	pɛu̯nɔstmiː
pevnosť	pɛvnɔsc
pevnosť	pɛvnɔstɕ
pevný	pɛvniː
pevný	pɛʁˈniː
pezinku	pɛzinku
pezinok	psiŋok
pezinok	pɛzinɔk
pezinské	pɛzinskɛː
pečať	pɛtʃac
pečenie	pɛtʃɛɲiɛ
pečený	pɛtʃɛniː
pečeň	pɛtʃɛɲ
pečiatka	pɛtʃiatka
pečivo	pɛtʃivɔ
pečivo	tɛtʃivɔ
peň	pɛɲ
peňazí	pɛɲɑziːh
peňaženka	pɛɲaʐɛnka
peňaženka	pɛɲaʒɛnka
peňaženku	pɛɲaʒɛnku
peňažný	pɛɲaʒniː
peši	pɛʃi
pešiak	pɛsjɑk
pešiak	pɛʃiak
pešky	pɛʃki
pešo	pɛʃɔ
pešo	pˈeʃˈo
peší	pɛːˈʃˈiː˧˧
peť	pɛc
peťdesiat	pɛcɟɛsiat
peťdesiatka	pɛɟɛsiatka
peťkrát	pɛckraːt
phdr	phdr
phil	phiɫ
philly	pɦili
pi	pi
piano	pianɔ
piatej	piatɛj
piati	pati
piatich	piacix
piatimi	piacimi
piatkovej	biatkovɛj
piatkový	piatkɔviː
piatok	piatɔk
piatu	piatu
piatu	pjatuk
piaty	piati
piaty	piatˈi
pic	pˈɪts
pichavý	pixavˈi
pichačiek	pixatʃɛk
pichať	pixat
pichnúť	pixnuːc
piecť	piɛtsc
pieniny	pʲiɛnʲimi
pier	piɛr
pieseň	piɛsɛɲ
pieskomil	pjɛskɔmiw
piesku	tiesku
piesne	piɛsɲɛ
piesok	piɛsɔk
piesočný	pjɛsatʃniː
piešťany	piɛʃcani
pijan	pian
pijan	pijan
pijani	piaɲi
pijanský	pianskiː
pijem	pijɛm
pikantný	pikantniː
piknik	piknik
piknik	pˈikˈmˈikˈ
pikošky	pˈikˈoʃkˈi
piky	tiki
pil	pil
pilier	piliɛr
piliera	piliɛra
pilot	ilɔt
pilot	pilɔt
pilota	pilɔta
pilotný	pilɔtniː
pilotný	pɪloːtniː
pilotom	pilɔtɔm
ping	ping
pinky	pinki
pinov	pinɔv
pipka	pipka
pipíška	pipiːjʃka
pirát	pirɑːt
pirát	pɪˈɾat
pirátsky	piraːtskɪ
piskor	pizkɔr
piskot	kiskɔt
piskľavá	bisklavaː
pisár	pisaːr
pisár	pisˈaɾ
pitie	piciɛ
pitný	pitniː
pitva	pitva
pitvu	pitvu
piva	piva
pivnica	pivɲitsa
pivnica	pjɛvɲitsa
pivnici	pivnitsi
pivo	bivo
pivo	pivɔ
pivovar	pivɔvar
pivá	pivaː
pizza	pitsa
pizza	pizɑ
pizzeria	pitsɛria
pizzu	pizu
piče	pitʃɛ
piči	pitʃi
pištoľ	piʃtɔʎ
piť	pic
piť	pitsʲ
piťe	picɛ
pko	pkɔ
plachta	plaxta
plachta	plˈaxta
plachta	pɫaxta
plachtový	plˈaxtoviː
placka	platska
plagiátor	plagiaːtˈoɾ
plagát	pɫagaːt
plakal	pɫakal
plakat	plakat
plakať	pɫakac
plameniak	plamɛɲiːak
plameň	plamen
plameň	pɫamɛɲ
plamienok	pɫamiɛnɔk
planina	plˈanɪna
planina	pɫaɲina
planktón	plankton
planét	pɫanɛːt
planéta	planet̪a
planéta	pɫanɛːta
planéte	pɫanɛːcɛ
planétu	pɫanɛːtu
planéty	pɫanɛːti
plast	plˈast
plast	pɫast
plastický	pɫastitskiː
plastika	pɫastika
plastový	plastɔviː
plat	pɫat
platba	pɫatba
platby	platbi
platca	platstsa
platenie	pɫacɛɲiɛ
platená	pɫacɛnaː
platený	pɫacɛniː
platforma	pɫatfɔrma
platia	pɫacia
platila	pɫaciɫa
platili	pɫacili
platilo	pɫacilɔ
platiteľ	pɫacicɛʎ
platiť	platɪ
platiť	pɫacic
platne	pɫatɲɛ
platnosť	platˈnɔz
platnosť	pɫatnɔsc
platný	pɫatniː
platobný	pɫatɔbniː
platom	pɫatɔm
platový	pɫatɔviː
platu	pɫatu
platí	pɫɑciː
platím	pɫaciːm
platón	platõn
platňa	pɫatɲa
platňa	pɫɑtnɑ
plavba	plau̯ba
plavba	pɫavba
plavec	pɫavɛts
plavecký	plavɛtskiː
plavecký	plavɛtskʲiː
plavidlo	plavidlɔ
plavili	plavili
plaviť	pɫavic
plaz	plˈazɐ
plazmy	pɫazmi
plač	platʃ
plač	pɫatʃ
plače	pɫatʃɛ
plačeš	pɫatʃɛʃ
plece	pletsˈɐ
plece	pʎɛtsɛ
plech	plas
plech	pɫɛx
plechovou	plɛxɔvɔu
plechový	pɫɛxɔviː
pleistocén	plˈejstotʃɛn
plemena	pɫɛmɛna
plemeno	plemeno
plemeno	pɫɛmɛnɔ
plemená	pɫɛmɛnaː
plenta	pɫɛnta
ples	pɫɛs
plese	pɫɛsɛ
plesnivieť	plɛsɲiːvjɛc
pleso	pɫɛsɔ
plesom	pɫɛsɔm
pletky	plɛtki
plešivec	pɫɛʃivɛts
pleť	pɫɛc
plienky	pliɛnki
plieseň	pliɛsænʲ
pliesť	pliɛsc
pliesť	plʲɛsc
plne	pɫɲɛ
plnenie	pɫɲɛɲiɛ
plnia	plɲia
plniť	pɫɲic
plno	pɫnɔ
plnohodnotný	pɫnɔɦɔdnɔtniː
plnom	plnom
plnosti	plnɔsti
plná	plnaː
plné	plnɛː
plní	pɫɲiː
plním	plɲiːm
plnú	plnuː
plný	plniː
plným	plniːm
plocha	ploxa
plocha	pɫɔxa
plochu	plɔxu
plochý	plɔxii
plochý	pɫɔxiː
plod	pɫɔd
plodina	pɫodzina
plodina	pɫɔɟina
plodnej	pɫɔdnɛj
plodný	plodniː
plodný	pɫɔdniː
ploha	pɫɔɦa
plosny	pɫɔsni
plot	pɫɔt
plošina	plˈoʃina
plošina	pɫɔʃina
plošinu	pɫɔʃinu
plošne	pɫɔʃɲɛ
plošný	plˈoʃnˈiː
plošný	pɫɔʃniː
plošnými	pɫɔʃniːmi
pluk	lˈʊk
pluk	pɫuk
plukovník	plukavniːk
plukovník	pɫukɔvɲiːk
plukovníka	plukovɲiːka
plukovníka	pɫukɔvɲiːka
pluky	luki
plus	klus
plus	pɫus
plutónium	pɫutɔːnium
plyn	plin
plyn	plɪn
plyn	pɫin
plynom	pɫinɔm
plynovod	plinɔvɔd
plynový	plinɔviː
plynu	plinu
plynule	plinulɛ
plynulý	plinuliː
plynárenský	plinaːrɛnskiː
plynúť	pɫinuːc
plytký	plitki
plytký	plitkiː
plzeň	pɫzɛɲ
plácidom	plaːtsidɔm
plán	plan
plán	pɫɑːn
pláne	pɫɑːɲɛ
plánov	pɫaːnɔv
plánoval	pɫaːnɔval
plánovanie	plaːnɔvaɲiɛ
plánovaný	plaːnɔvaniː
plánovaným	pɫaːnɔvaniːm
plánovať	plaːnʊvac
plánovať	pɫaːnɔvac
plánu	pɫɑːnu
plánujem	pɫaːnujɛm
plánujú	planoju
plánujú	pɫɑːnujuː
plány	pɫaːni
plátený	plaːtɕɛnˈiː
plátno	pɫaːtnɔ
plátok	pɫaːtɔk
plávajúci	plaːvajutsi
plávajúci	plaːvajuːtsi
plávania	pɫaːvaɲia
plávanie	kɫaːvaɲiɛ
plávanie	pɫaːvaɲiɛ
plávať	pɫaːvac
pláň	plaɲ
plášť	pɫaːʃc
pláž	plaːʃ
pláž	plaːʒ
plážach	plaʒa
pláži	plaːʒi
pléd	plˈɛd
plénum	pɫɛːnum
plúžik	plˈoːʒik
pneumatika	pneumatika
pneumatika	pnɛumatika
pneumológ	pnɛumɔɫɔːg
po	po
po	pɔ
po	pɔp
pobabrete	pɔbɔbrɛtɕiɛ
pobabrú	pɔbabru
pobafkať	pobavkac
pobaltske	pɔbaltskɛ
pobaláchať	pobaɫaxat
pobaviť	pɔbavic
pobedný	pɔbɛdni
poberať	pobɛræt
poberať	pɔbɛrac
pobili	pɔbili
pobiť	pɔbic
pobodaný	pɔbɔdɔni
pobodať	pɔbɔdac
pobozkaj	pɔbɔzkaj
pobozkať	pɔbɔskac
pobočka	pɔbɔtʃka
pobočkac	pɔbɔtʃkat
pobočník	pɔbɔtʃɲiːk
pobožný	poboʒnˈiː
pobrať	pobrɛt
pobrať	pɔbrac
pobrezna	pɔbrɛzna
pobrežie	pɔbrɛʒiɛ
pobrežný	pɔbrɛʒniː
pobreží	pɔbrɛʒiː
pobudne	pɔbudɲɛ
pobudnúť	pɔbudnuːc
poburovala	pɔburɔvalɑ
pobyt	pɔbit
pobytu	pɔbitu
pobádacej	pɔbaːdatsɛj
pobádacie	pɔbaːdasɛjɛ
pocešeňe	pɔtsɛɕɛɲɛ
pochabosť	pɔxabɔsc
pochlapil	puxlapiɫ
pochlebovačka	pɔxlæbɔvatʃka
pochmúrny	pɔxmuːrni
pochod	pɔxɔd
pochodili	pɔxɔdili
pochodovať	pɔxɔdɔvac
pochopenie	pɔxɔpɛɲiɛ
pochopil	pɔxɔpil
pochopila	pɔxɔpila
pochopili	pɔxɔpili
pochopiteľne	pɔxɔpicɛʎɲɛ
pochopiteľný	pɔxɔpicɛʎniː
pochopiť	pɔxɔpi
pochopiť	pɔxɔpic
pochopí	pɔxɔpiː
pochopíš	pɔxɔpiːʃ
pochovaný	pɔxɔvaniː
pochovať	pɔxɔvac
pochutíme	pɔxuciːmɛ
pochvala	pɔxvala
pochvaľovať	pɔxvaʎɔvac
pochváliť	pɔxvaːɫic
pochyb	pɔxib
pochyba	pɔxiba
pochybnosti	pɔxibnɔsci
pochybnosť	pɔxibnɔsc
pochybný	pɔxibniː
pochybovať	pɔxibɔvac
pochybujem	pɔxibujɛm
pochytiť	pɔxicic
pochádza	poxaːdza
pochádza	pɔxaːdzɑ
pochádzajúci	pɔxaːdzajuːtsi
pochádzate	pɔxɑːdzacɛ
pochádzať	pɔxaːdzac
pocit	pɔtsit
pocitmi	pɔtsitmi
pocitovo	pɔtsitɔvɔ
pocitu	pɔtsitu
pocity	pɔtsiti
pociťovať	pɔtsicɔvac
pockaj	pɔtskaj
pockets	pɔtskɛts
pockáš	pɔtskɑːʃ
pocta	pɔtsta
poctivo	pɔtscivɔ
poctivý	pɔtsciviː
pocula	pɔtsula
pocut	pɔtsut
pocuvaj	pɔtsuvaj
pocválam	pɔtsvɑːɫam
pocítiť	pɔtsiːtic
pod	pot
pod	pɔd
pod	pɔt
podaj	pɔdaj
podaktorý	pɔdaktɔriː
podal	pɔdaɫ
podanie	pɔdaɲiɛ
podanie	pɔdaɲɛ
podaný	pɔdaniː
podarený	podaˈrɛni
podarilo	pɔdɑrilɔ
podariť	podaˈritsʲ
podariť	pɔdaric
podarí	pɔdariː
podať	pɔdac
podať	pɔdak
podbanského	pɔdbanskɛːhɔ
podbradník	pɔtbradɲik
podbrezová	pɔdbrɛzɔvɑː
podceniť	pɔdtsɛɲic
podceňovať	pɔdtsɛɲɔvac
poddaný	pɔdani
poddaný	pɔddaniː
podejte	pɔdɛjtɛ
podeliť	pɔɟɛlic
podelo	pɔɟɛlɔ
podelí	pɔɟɛliː
podhradie	pɔdɦraɟiɛ
podiel	pɔɟiɛl
podielový	pɔɟiɛlɔviː
podieľať	pɔɟiɛʎac
podivný	pɔɟivniː
podkarpatsko	pɔtkarfatskɔ
podklad	pɔdklad
podkova	ɔtkɔva
podkrovie	pɔtkɔʋie
podkula	pɔtkula
podla	pɔdla
podlaha	pɔdlaɦa
podlahový	pɔdlaɦɔviː
podlahový	pˈodlaɦoviː
podlahu	pɔdlaɦu
podlažie	pɔdlaʒiɛ
podliať	pɔdliaɟ
podliehať	pɔdliɛɦac
podlimitný	podlɪmɛtɲiː
podložiť	podloʒit
podložka	pɔdɫɑʃka
podlyzuje	pɔdlizujɛ
podlý	pɔdliː
podme	pɔdmɛ
podmienený	pɔdmiɛɲɛniː
podmienka	pɔdmiɛŋka
podmienku	pɔdmiɛnku
podmienky	pɔdmiɛŋki
podmienok	pɔdmiɛnɔk
podmieňovať	pɔdmiɛɲɔvac
podnebie	pɔdɲɛbiɛ
podnecovať	pɔdɲɛtsɔvac
podnes	pɔdɲɛs
podnet	pɔdɲɛt
podnete	pɔdɲɛcɛ
podnietiť	pɔdɲiɛcic
podnik	pɔdɲik
podnik	pˈodnˈik
podnikania	podɲikaɲiɛ
podnikanie	pɔdɲikaɲiɛ
podnikateľ	pɔdɲikacɛʎ
podnikateľský	pɔdɲikatɛʎskiː
podnikať	pɔdɲikac
podnikať	pɔdɲikaɲ
podniknúť	pɔdɲiknuːc
podnikový	pɔdɲikɔviː
podniku	pɔdɲiku
podoba	pɔdɔba
podobať	pɔdɔbac
podobne	pɔdɔbɲɛ
podobnosť	pɔdɔbnɔsc
podobnosť	pɔdɔpnɔst
podobná	pɔdɔbnaː
podobné	pɔdɔbneː
podobné	pɔdɔbnɛː
podobný	pɔdobni
podobný	pɔdɔbniː
podobných	pɔdɔbniːx
podobá	pɔdɔbaː
podolínec	pɔdɔliɲɛts
podoprieť	podɔpɾiɛc
podotknúť	pɔdɔtknuːc
podozrenie	pɔdɔzrɛɲiɛ
podozrievať	pɔdɔzriɛvac
podozrivého	pɔdɔzrivɛːhɔ
podozrivý	pɔdɔzriviː
podozrivých	pɔdɔzriviːx
podošva	pɔdɑʃˈva
podpalubný	potpalobniː
podpatky	pɔdpatki
podpis	pɔdpis
podpisovať	pɔdpisɔvac
podpisy	pɔdpisɪ
podpora	pɔdpɔra
podpora	pɔtfɔra
podporiť	pɔdpɔric
podporný	pɔdpɔrniː
podporovaná	pɔdpɔrɔvanaː
podporovaný	pɔdpɔrɔvaniː
podporovať	pɔdpɔrɔvac
podporovať	pɔtpɔrɔvatɕ
podporu	pɔtpɔru
podporuje	podporujɛ
podporujú	pɔdpɔrujuː
podporujúci	pɔdpɔrujuːtsi
podpory	podpori
podpory	pɔdpɔri
podpredseda	pɔdprɛdsɛda
podpredseda	pɔtprɔtsida
podpredsedníčka	pɔdprɛdsɛdɲiːtʃka
podprsenka	pɔtprsɛŋka
podprsenka	pɔtpɑrsɛnka
podpáliť	pɔdpaːlitɕ
podpísal	pɔdpiːsɑl
podpísanie	pɔdpiːsaɲiɛ
podpísaný	pɔdpiːsɑniː
podpísať	pɔdpiːsac
podpíš	pɔdpiːʃ
podrad	potrad
podrad	poːdrad
podrad	poːdrat
podrad	pɔdrad
podriadený	pɔdriaɟɛniː
podriadiť	pɔdriaɟic
podrobiť	pɔdrɔbic
podrobne	pɔdrɔbɲɛ
podrobnosti	pɔdrɔbnɔstɕi
podrobnosť	pɔdrɔbnɔsc
podrobný	pɔdrɔbniː
podrážka	pɔdraːʃka
podrž	pɔdrʒ
podržať	pɔdrʒac
podržte	pɔdrʒcɛ
podstata	pɔdstata
podstata	pɔtsdata
podstate	pɔdstacɛ
podstate	pɔdstɑcɛ
podstatne	pɔdstɑtɲɛ
podstatné	pɔdstɑtnɛː
podstatný	potstatniː
podstatný	pɔdstatniː
podstupujete	podstupujɛcɛ
podstúpiť	pɔdstuːpic
podsvetie	pɔdsvɛciɛ
podtatranský	pɔdstatranskiː
podtrhlo	pɔtrɦɫo
podtržítko	pɔdtrʒiːtkɔ
podtíname	pɔdciːnamɛ
podujatie	podujaciɛ
podujatie	pɔdujaciɛ
podujatí	pɔɟvjɑtiː
podujať	pɔdujac
podukty	pɔdukti
podvedený	ɔdvɛɟɛniː
podvečer	pɔdvɛtʃɛr
podviedla	pɔdviɛdlɑ
podvod	pɔdvɔd
podvod	pɔdvɔt
podvodník	pɔdvɔdɲiːk
podvodník	pˈodvɔdɲik
podvodný	pɔdvɔdmiː
podvody	pɔdvɔdi
podvozok	pɔdvɔzɔk
podvozok	pɔdwɔzɔk
podvádzať	podvaːdzatɕ
podzemie	pɔdzɛmiɛ
podzemný	pɔdzɛmniː
podzemí	pɔdzɛmiː
podávanie	pɔdaːvaɲiɛ
podávať	pɔdaːvac
podísť	pɔdiːsc
podívám	pɔɟiːvɑːm
podčiarknuť	pɔdtʃiarknuc
podľa	podʎa
podľa	pɔdla
podľa	pɔdʎɑ
podľa	pɔˈdlʲa
podľahnúť	pɔdʎahnuːc
podľahol	pɔdlaɦɔl
poekaj	pɔɛkaj
poetický	pɔɛtitskiː
poetika	pɔɛtika
pohanskou	pɔɦanskɔu
pohanský	poɦanskˈiː
pohanský	pɔɦanskiː
pohladenie	poɦlaɟɛɲɛ
pohlavie	pɔɦɫaviɛ
pohlavný	pɔɦlavniː
pohlavárov	pɔɦlɑvɑːrɔv
pohltiť	pɔɦlcic
pohni	pɔɦɲi
pohnite	pɔɦɲicɛ
pohnutí	pɔɦnutiː
pohnú	poɦnuː
pohnútka	pɔɦnuːtka
pohnúť	pɔɦnuːc
pohoda	pɔvɔda
pohoda	pɔɦɔda
pohode	pɔɦɔɟɛ
pohodka	pɔɦɔdka
pohodlie	pɔɦɔdliɛ
pohodlne	pɔɦɔdlɲɛ
pohodlnosť	pɔɦɔdlˈnɔsc
pohodlné	pɔɦɔdlnɛː
pohodlný	poɦodɔniː
pohodlný	pɔɦɔdlniː
pohon	pɔɦɔn
pohonný	pohonˈniː
pohonný	pɔɦɔnniː
pohorie	pɔɦɔriɛ
pohorím	pɔɦɔriːm
pohostiť	poɦosciɟ
pohotovo	pɔɦɔtɔvɔ
pohotovosti	pɔɦɔtɔvɔsci
pohotovostný	pɔɦɔtɔvɔstniː
pohotovosť	pɔɦɔtɔvɔsc
pohov	pɔɦɔv
pohovka	pɔɦɔvka
pohovor	pɔɦɔvɔr
pohovoriť	pɔɦɔvɔric
pohraničný	pɔɦraɲitʃniː
pohreb	pɔɦrɛb
pohrebe	pɔɦrɛbɛ
pohrebný	poɦɛbniː
pohrebný	pɔɦrɛbniː
pohrobok	pɔɦrabɔk
pohroma	pɔgrɔma
pohroma	pɔɦrɔma
pohroziť	pɔɦrɔzic
pohryzne	pɔɦrizɲɛ
pohrýzla	pɔɦriːzɫa
pohyb	poɦiːp
pohyb	pɔɦib
pohyblivý	pɔɦibliviː
pohybom	pˈoɦibom
pohyboval	pɔɦibɔval
pohybovať	pɔɦibɔvac
pohybový	pɔɦibɔviː
pohybu	pɔɦibu
pohybuje	pɔɦibujɛ
pohybujúce	pɔɦibujuːtsɛ
pohyby	pohɪbɪ
pohyby	pɔɦibi
pohár	pɔɦaːr
pohár	vˈoɦaːr
pohárik	pɔɦaːrik
pohárový	pɔɦaːrɔviː
poháňať	pɔɦaːɲac
pohľad	pohʎad
pohľad	pɔɦʎat
pohľadať	pɔɦʎadac
pohľadnem	pɔɦʎadɲɛm
pohľadnica	pɔɦʎadɲitsa
pohľadnicu	pɔɦʎadɲitsu
pohľadný	pɔɦʎadniː
pohľadom	pɔɦʎadɔm
pohľadu	pɔɦʎadu
pohľadávka	pɔɦʎadaːvka
pointa	pɔinta
poistenec	pɔiscɛɲɛts
poistenie	pɔiscɛɲiɛ
poistený	pɔiscɛniː
poistiť	pɔiscic
poistka	pɔistka
poistku	pɔistku
poistky	pɔistki
poistné	pɔistnɛː
poistný	pɔistniː
poisťovací	pɔiscɔvatsiː
poisťovňa	pɔiscɔvɲa
pojazdna	pɔjazna
pojeb	pɔjɛb
pojebanému	pɔjɛbanɛːmu
pojebaný	pɔjɛbaniː
pojebat	pɔjɛbat
pojebať	pɔjɛbac
pojednáva	pɔjɛdnaːva
pojednávanie	pɔjɛdnaːvaɲiɛ
pojem	pɔjɛm
pojmu	pɔjmu
pojom	pɔjɔm
pokakaný	pokakarɛ
pokazenou	pɔkazɛnɔu
pokazená	pokazana
pokazil	pɔkazil
pokazilo	pɔkazilɔ
pokaziť	pokazi
pokaziť	pɔkazic
pokazí	pɔkaziː
pokec	pɔkɛts
pokecať	pɔkɛtsac
pokecáme	pɔkɛtsɑːmɛ
pokiaľ	pɔkiaʎ
pokiaľ	pɔkiɑʎ
poklad	oklad
poklad	pɔklad
pokladať	pɔkladac
pokladnica	pɔkladɲitsa
pokladov	pɔkladɔv
pokladňa	pokladɲɛ
pokladňa	pɔkladɲa
pokles	pɔklɛs
poklesnúť	pɔklɛsnuːc
poklona	ɔkɫɔna
pokloní	pɔkɫɔniː
pokoj	pɔkɔj
pokoja	pɔkɔja
pokoji	pokoj
pokoji	pɔkɔji
pokojne	pɔkajɲi
pokojne	pɔkɔjɲɛ
pokojnejší	pɔʊkɔjɲɛjʃiː
pokojnou	pɔʊkɔjnɔu
pokojné	pɔkojnɛː
pokojnú	pɔkɔjnuː
pokojný	pɔkɔjniː
pokojným	pɔkɔjniːm
pokolenie	pokoˈlaniɛ
pokolenie	pɔkɔlɛɲiɛ
pokolení	pɔkɔlɛɲiː
pokolísaj	pɔkɔliːsaj
pokope	pɔkɔpɛ
pokora	pɔkɔra
pokorný	pɔkɔrniː
pokosený	pokoseˈniː
pokožka	pɔkɔʒka
pokraj	pɔkraj
pokračovala	pɔkratʃɔvalɑ
pokračovanie	pɔkratʃɔvaɲiɛ
pokračovanie	pɔkɾɑtʃɔvɑɲiɛ
pokračovať	pɔkratʃɔvac
pokračuj	pɔkratʃuj
pokračuje	pɔkratʃujɛ
pokračujeme	pɔkratʃujɛmɛ
pokračujte	pɔkratʃujcɛ
pokračujú	pɔkratʃujuː
pokračujúci	pɔkratʃujuːtsi
pokrievka	pokrɪjɛvka
pokrik	pɔkrik
pokrm	pɔkrm
pokrmy	pɔkrmɨ
pokrok	pɔkrokk
pokrok	pɔkrɔk
pokrok	pɔkɾɔk
pokrovce	pokrou̯tsɛ
pokročilý	pɔkrɔtʃiliː
pokročiť	pɔkrɔtʃic
pokrstiť	pokrstɛc
pokryjeme	pɔkrijɛmɛ
pokrytecké	pokɫitɕɛtskɛ
pokrytie	pɔkriciɛ
pokrytý	pɔkritiː
pokryť	pɔkric
pokrájaný	pɔkraːjaniː
pokrútiť	pɔkruːcic
pokrýval	pɔkriːvɑɫ
pokrývať	pɔkriːvac
pokrčiť	pɔkrtʃic
pokus	pɔkus
pokuse	pɔkusɛ
pokuste	pɔkustɛ
pokusu	pɔkusu
pokusí	pɔkusiː
pokuta	pɔkuta
pokutovaný	pɔkutɔvɑni
pokutovať	pokutovak
pokutový	pɔkutɔviː
pokušenie	pɔkuʃɛɲiɛ
pokyn	pɔkin
pokyny	pɔkini
pokánie	pɔkɑːɲiɛ
pokúsi	pɔkuːsi
pokúsil	pɔkuːsil
pokúsili	pɔkuːsili
pokúsim	pɔkuːsim
pokúsiť	pɔkuːsic
pokúša	pɔkuːʃa
pokúšal	pɔkuːʃal
pokúšala	pɔkuːʃala
pokúšam	pɔkuːʃam
pokúšať	pɔkuːʃac
pokým	pɔkiːm
pol	pɔl
pol	pɔːl
poldeco	pɔldɛtsa
pole	pɔlɛ
polemika	pɔlɛmika
polené	pˈolɛnɛ
polepšiť	pɔlɛpʃic
poletoval	pɔlɛtɔval
poletí	pɔlɛciː
polhodina	pɔlɦɔɟina
poli	pɔli
polia	pɔlia
poliak	pɔliak
polianka	pɔlianka
poliať	poliak
polica	pɔlitsa
policajnej	pɔlitsajnɛj
policajná	pɔlitsajnaː
policajné	pɔlitsajnɛː
policajný	pɔlitsajniː
policajt	pɔlitsajt
policajta	pɔlitsajta
policajti	pɔlitsajti
policajtka	pɔlitsɛjtka
policajtom	pɔlitsajtɔm
policajtov	pɔɫitsajtɔv
police	pɔlitsɛ
polieval	pɔliɛval
polievka	pɔliɛvka
polievka	pˈolɪɛvka
polievkový	pɔliɛvkɔviː
polievku	pɔliɛvku
poliklinika	pɔliklinika
politickej	pɔlititskɛj
politicko	pɔlititskɔ
politickom	pɔlɪtsitskɔm
politicky	pɔlititski
politická	pɔlititskɑː
politické	pɔlititskɛː
politický	pɔlititskiː
politických	polititskiːx
politik	pɔlitik
politika	politika
politika	pɔlitika
politikov	pɔlitikɔv
politiky	pɔlitiki
politológ	pɔlitɔlɔːg
politológ	pɔlitɔʎɔk
poliš	pɔliʃ
poliši	pɔliʃi
polišoch	pɔliʃɔx
polku	pɔɫku
pollo	pɔɫɫɔ
polly	pɔli
polnoc	pɔɫnɔts
polnoci	pɔlnotsi
polo	pɔlɔ
pologuľa	pɔɫɔgulʲa
poloha	pɔlɔɦa
polojasno	pˈolojˈasno
polojasný	pˈolojˈasnˈiː
polostep	pɔlastɛp
polostrov	plɛʊ̯strɔv
polostrov	pɔlɔstrɔv
polovica	pɔlɔvitsa
polovica	pɔlɔʋitsa
polovica	pɔɫɔvitsa
polovici	pɔlɔvitsi
polovicu	pɔlɔvitsu
polovička	pɔlɔvitʃka
polovičný	pɔlɔvitʃniː
polozips	poloziks
poločase	pɔɫɔtʃasɛ
polož	pɔlɔʒ
položený	pɔlɔʒɛniː
položil	pɔlɔʒil
položili	pɔɫɔʒili
položiť	pɔlɔʒic
položka	pɔlɔʒka
položte	pɔlɔʒcɛ
polrok	pɔlrɔk
polročný	pɔlrɔtʃniː
polstoročnicu	pɔlstɔrɔtʃɲitsu
poludnie	pɔludɲiɛ
polus	pɔlus
polymer	pɔlimɛr
polyp	pɔlip
polypovec	pɔlipɔvɛts
polz	pɔɫz
polák	pɔlaːk
polárna	pɔɫaːrna
polárnu	pˈolaːrnu
polárny	pɔlaːrni
polícia	pɔliːtsia
polície	pɔliːtsijɛ
polícii	pɔliːtsiː
políciu	pɔliːtsiu
políčka	pɔliːtʃka
polčas	pɔɫtʃas
pomala	pɔmala
pomaličky	pɔmalitʃki
pomalovaný	pɔmalɔvaniː
pomaly	pɔmali
pomalí	pɔmaliː
pomalý	pɔmaliː
pomalšie	pɔmalʃiɛ
pomalší	pomaɫʃi
pomaranč	pɔmarantʃ
pomarančový	pɔmarɑntʃɔfi
pomazaný	pˈomɑːsɑnˈiː
pombo	pɔmbɔ
pome	pɔmɛ
pomedzi	pɔmɛdzi
pomenovali	pɔmɛnɔvali
pomenovanie	pomɛnɔvanɲiɛ
pomenovanie	pɔmɛnɔvaɲiɛ
pomenovaný	pɔmɛnɔvaniː
pomenovať	pɔmɛnɔvac
pomer	pɔmɛr
pomerne	pɔmɛrnɛ
pomerne	pɔmɛrɲɛ
pomerný	pɔmɛrniː
pomerom	pɔmɛrɔm
pomery	pɔmɛri
pomiešať	pomiæʃaːc
pominie	pɔmiɲiɛ
pominúť	pɔminuːc
pomník	pomnik
pomník	pɔmɲiːk
pomoc	pomoːts
pomoc	pɔmɔts
pomoci	pɔmɔtsi
pomocnica	pɔmɔtɲitsa
pomocník	pɔmɔtsɲiːk
pomocný	pomotsʰniː
pomocný	pɔmɔtsniː
pomocou	pɔmɔtsɔu
pomocť	pɔmuɔtsc
pomohla	pɔmɔɦɫa
pomohli	pɔmɔɦli
pomohlo	pɔmɔɦɫɔ
pomohol	pɔmɔɦɔɫ
pomočený	pamatʃemɨ
pomsta	pɔmsta
pomste	pɔmscɛ
pomstiť	pɔmscic
pomyslel	pɔmislɛɫ
pomyslelo	pɔmislɛɫo
pomyslieť	pɔmisliɛc
pomyslieť	pɔmisɛjɛc
pomyslím	pɔmisliːm
pomáda	vomaːda
pomáha	pɔmɑːɦɑ
pomáhal	pɔmaːɦal
pomáhali	pɔmaːɦali
pomáham	pɔmaːɦam
pomáhat	pɔmaːɦat
pomáhaš	pɔmaːɦaʃ
pomáhať	pɔmɑːɦɑc
pomóc	pɔmɔːts
pomôcka	pɔmuɔtska
pomôcť	pɔmuɔtsc
pomôž	pɔmɔʒ
pomôže	pɔmuɔʒɛ
pomôžem	pɔmuɔʒɛm
pomôžeme	pɔmuɔʒɛmɛ
pomôžete	pɔmuɔʒɛcɛ
pomôžeš	pɔmuɔʒɛʃ
pomôžte	pɔmuɔʒcɛ
pomôžu	pɔmuɔʒu
pomýlili	pɔmiːlili
pomýliť	pomiːlit
pomýliť	pɔmiːlic
pomýšľať	pɔmiːʃʎac
ponad	pɔnad
pondelka	pɔnɟɛlka
pondelkový	pɔnɟɛlkɔviː
pondelkový	pɔɲɛlkoviː
pondelok	pontɟɛlɔk
pondelok	pɔnɟɛɫɔk
pondelňajší	pɔndɛlɲɛjʃiː
ponechať	pɔɲɛxac
ponechá	pɔɲɛxɑː
ponetí	pɔɲɛtiː
pong	pɔng
ponorený	ponaɾɛni
ponoriť	pɔnɔric
ponorka	pɔnɔrka
ponorom	pɔnɔrɔm
ponožka	punoʃˈka
ponožka	pɔnɔʒka
ponožkový	pˈonoʒkˌoviː
ponožku	pɔnɔʃku
ponožky	pɔnɔʒki
ponuka	pɔnuka
ponuku	pɔnuku
ponuky	pɔnuki
ponáhľaj	pɔnaːɦʎaj
ponáhľajte	pɔnaːɦʎajcɛ
ponáhľaš	pɔnaːɦʎaʃ
ponáhľať	pɔnaːɦʎac
poník	pˈoniːk
ponímanie	pɔɲiːmɑɲiɛ
ponúk	pɔnuːk
ponúka	pɔnuːka
ponúkajú	pɔnuːkajuː
ponúkaný	pɔnuːkaniː
ponúkať	pɔnuːkac
ponúkať	pɔnuːkɑt
ponúknutý	pɔnuːknutiː
ponúknuť	pɔnuːknuc
ponúkol	pɔnuːkɔɫ
poobede	pɔɔbɛɟɛ
poobzerať	pɔɔbzɛrac
pop	pɔp
popierať	pɔpiɛrac
popis	pɔpis
popisovať	pɔpisɔvac
popisujeme	pɔpisujɛmɛ
poplach	pɔplax
poplatky	pɔplatki
poplatník	pɔplatɲiːk
poplatok	poplatok
poplatok	pɔplatɔk
poplaviť	pɔplavic
poplašný	poplˈaʃniː
popod	pɔpɔt
popol	pɔpɔɫ
popolavý	pˈopːlaviː
popolník	pɔpɔlɲik
popolník	pɔpɔlɲiːk
popoludnie	pɔpɔɫudɲiɛ
popoludnie	pɔpɔɫudɲːe
popoludní	pɔpɔɫudɲiː
popoludňajšie	pɔpɔɫudɲajʃiɛ
popoludňajší	pɔpɔɫudɲajʃiː
popozeráme	pɔpɔzɛrɑːmɛ
popracovať	pɔpratsɔvac
poprad	pɔprat
popradský	pɔpradskiː
poprava	paprava
poprava	pɔprava
poprava	pɔpɾava
popravde	pɔpravɟɛ
popraviť	pɔpravic
poprašok	popraʃo
poprašovanie	popraʃovaniː
popredie	pɔprɛɟiɛ
popredný	pɔprɛdniː
popri	pɔpri
poprieť	pɔpriɛc
poprosiť	pɔprɔsic
poprosím	pɔprɔsiːm
popularita	pɔpularita
populácia	pɔpulaːtsia
populácie	pɔpulaːtsiɛ
populárnej	pɔpulaːrnɛj
populárny	pɔpulaːrni
populárny	pɔpulaːrniː
popíjať	pɔpiːjac
popísali	pɔpiːsɑli
popísať	pɔpiːsac
popíš	pɔpiːʃ
porada	poɾada
porada	pɔrɑda
poradca	pɔratsa
poradca	pɔratɕa
poradenský	pɔraɟɛnskiː
poradenstvo	pɔraɟɛnstvɔ
poradie	pɔrɑɟiɛ
poradiť	poraɟiɕ
poradiť	pɔrɑdic
poradňa	pɔrɑdɲa
poranenia	pɔraɲɛɲia
poranenie	pɔraɲɛɲiɛ
porast	pɔrɑst
porastom	pɔrastɔm
porazený	pɔrazɛniː
porazený	pɔrɑzɛniː
porazil	pɔrɑzil
porazili	pɔrɑzili
poraziť	pɔrazj
poraziť	pɔrɑzic
porcelán	pɔrtsɛlɑːn
porcia	pɔrtsia
poriadku	pɔriadku
poriadku	pɔriatku
poriadne	pɔriɑdɲɛ
poriadny	pɔriadni
poriadok	pɔriadɔk
porno	pɔrnɔ
pornografia	pɔrnɔgrafia
poroba	porɔba
porodila	pɔrɔɟilɑ
porodiť	pɔrɔɟic
porota	pɔrɔta
porovnanie	pɔrɔvnaɲiɛ
porovnaní	pɔrɔvnaɲiː
porovnas	pɔrɔvnas
porovnateľný	pɔrɔvnacɛʎniː
porovnať	porɔvnac
porovnať	pɔrɔvnac
porovnávanie	pɔrɔvnaːvaɲiɛ
porovnávať	pɔrɔvnaːvac
porovnáš	pɔrɔvnaːʃ
porozbíja	pɔrɔzbiːja
porozmýšľam	pɔrɔzmiːʃʎɑm
porozprávaj	pɔrɔzprɑːvaj
porozprávajte	pɔrɔzprɑːvajcɛ
porozprávam	pɔrɔsprɑːvam
porozprávame	pɔrɔsprɑːvamɛ
porozprávať	pɔrɔsprɑːvac
porozumenie	pɔrɔzumɛɲiɛ
porozumieť	porozumjɛ
porozumieť	pɔrɔzumiɛc
port	pɔrt
portfólio	pɔrtfɔːliɔ
porto	pɔrtɔ
portrét	pɔrtrɛːt
portrét	pɔɾtɾeɛt
portrétisti	pɔrtrɛːtisci
portrétoch	pɔrtrɛːtɔx
portrétom	pɔrtrɛːtɔm
portrétovať	pɔtrɛtɔvac
portrétová	pɔrtrɛːtɔvaː
portréty	pɔrtrɛːti
portugalsko	pɔrtugalskɔ
portugalský	pɔrtugalskiː
portugalčan	pɔrtugalʃan
portál	pɔrtaːɫ
portálu	pɔrtaːlu
porucha	poruxa
porucha	pɔruxa
poruchu	pɔruxu
poruchy	pɔruxi
poručík	pɔrutʃiːk
poručíka	pɔrutʃiːka
poručíčka	pɔrutʃiːtʃka
porušenie	pɔruʃɛɲiɛ
porušený	pɔruʃɛniː
porušiť	pɔruʃic
porušovanie	pɔruʃɔvɑɲiɛ
porušovať	pɔruʃɔvac
poruším	pɔruʃiːm
poryvov	parivo
porátať	poraːtɑt
porážať	poraːʒat
porážka	pɔraːʃka
porážka	pɔrɑːʒka
porážku	pɔrɑːʒku
pos	poʊs
posadiť	pɔsaɟic
posadnutý	pɔsadnutiː
posaď	pɔsaɟ
posaďte	pɔsaɟcɛ
poschodie	pɔsxɔɟjɛ
poschodie	pˈosxodɪɛ
poschodový	pɔskɔdɔfiː
poschodí	pɔsxɔɟiː
posedenie	pɔsɛɟɛɲiɛ
poser	pɔsɛr
posero	pɔsɛrɔ
posiaty	posiati
posiela	pɔsiɛɫɑ
posielajte	pɔsjɛlɑjcɛ
posielajú	pɔsiɛɫɑjuː
posielam	pɔsiɛɫɑm
posielate	pɔsjɛlacɛ
posielať	pɔsiɛlat
posielať	pɔsiɛɫɑc
posila	pɔsila
posilnenie	pɔsilɲɛɲiɛ
posilnený	pɔsilɲɛniː
posilniť	pɔsilɲic
posily	pɔsili
posilňovanie	pɔsilɲɔvaɲiɛ
posilňovať	pɔsilɲɔvac
poskokov	pɔskɔkɔv
poskytnutie	pɔskitnuciɛ
poskytnutý	pɔskitnutiː
poskytnúť	pɔskitnuːc
poskytovalo	pɔskitɔvalɔ
poskytovanie	pɔskitɔvaɲiɛ
poskytovaný	pɔskitɔvaniː
poskytovateľ	pɔskitɔvacɛʎ
poskytovať	pɔskitɔvac
poskytuje	pɔskitujɛ
poskytuješ	pɔskitujɛʃ
poslal	pɔsɫɑl
poslala	pɔslɑɫa
poslali	pɔsɫɑli
poslami	pɔsɫɑmi
poslanca	pɔsɫantsa
poslancami	pɔsɫantsami
poslanec	pɔsɫɑɲɛts
poslanecký	pɔslaɲɛtskiː
poslanie	pɔslaɲiɛ
poslankyňa	pɔsɫankiɲa
poslaným	pɔsɫaniːm
poslať	pɔsɫɑc
poslednej	pɔslɛdnɛj
poslednom	pɔslɛdnɔm
poslednou	pɔslɛdnɔu
posledná	pɔsladna
posledná	pɔslɛdnaː
posledné	pɔslɛdnɛː
posledného	pɔslɛdnɛːhɔ
poslední	pɔslɛdniː
poslednú	pɔslɛdnuː
posledný	pɔslɛdniː
posledných	pɔslɛdniːx
poslov	pɔsɫɔv
posluch	pɔsɫux
poslucháč	pɔsɫuxaːtʃ
poslucháča	pɔsɫuxaːtʃa
poslucháči	pɔsluxɑːtʃi
poslucháčka	pɔsɫuxaːtʃka
poslucháčom	pɔsɫuxaːtʃɔm
poslucháčov	pɔsɫuxaːtʃɔv
poslušne	pɔsɫusɲɛ
poslušnosť	pɔsɫuʃnɔsc
poslušný	pɔsluʃniː
poslúcha	pɔsɫuːxa
poslúchať	pɔsɫuːxac
poslúchnuť	pɔsɫuːxnuc
poslúž	pɔsɫuːʒ
poslúžiť	pɔsluːʒic
posny	po˥˩ːsmj
posol	pɔsɔɫ
posolstvo	pɔsɔɫstvɔ
posral	pɔsraɫ
posrané	pɔsranɛː
posratý	pɔsratiː
posrať	posrak
post	pɔst
postaraj	pɔstaraj
postarajú	pɔstarajuː
postaral	pɔstaral
postarala	pɔstarala
postarať	pɔstarac
postará	pɔstaraː
postarám	pɔstaraːm
postaráme	pɔstaraːmɛ
postaráš	pɔstaraːʃ
postav	pɔstɑv
postava	pɔstava
postavenie	pɔstavɛɲiɛ
postavenie	pɔstavɛɲiː
postavené	pɔstɑvɛnɛː
postavený	pɔstavɛniː
postavil	pɔstaviɫ
postavila	pɔstavilɑ
postavili	pɔstavili
postavička	pɔstavitʃka
postaviť	pɔstavic
postavou	pɔstɑvou
postavte	pɔstɑvcɛ
postavu	pɔstavu
postaví	pɔstɑviː
postavím	pɔstaviːm
postačiť	pɔstatʃic
postele	pɔscɛlɛ
posteli	pɔscɛli
posteľ	postɛ
posteľ	pɔscɛʎ
posteľ	pɔstɛl
posteľný	pɔscɛɲniː
posteľou	pɔscɛʎɔu
postih	pɔsciɦ
postihnutie	pɔsciɦnuciɛ
postihnutý	pɔsciɦnutiː
postihnúť	pɔsciihnuːc
postihovať	pɔsciɦɔvac
postkomunistický	pɔstkɔmunistitskiː
postman	pɔstman
postoj	pɔstɔj
postoja	pɔstɔja
postoje	pɔstɔjɛ
postratý	pɔstɾati
postraš	pɔstraʃ
postreh	pɔstrɛɦ
postrehla	pɔstrɛɦlɑ
postrehy	pɔstrɛhi
postrelil	pɔstrɛlil
postrelili	pɔstrɛlili
postrelí	pɔstrɛliː
postrétoch	pɔstræɛːtɔx
postup	postup
postup	pɔstup
postupne	pɔstupɲɛ
postupné	pɔstupnɛː
postupník	pɔstupɲiːk
postupný	pɔstupniː
postupom	pɔstupɔm
postupovať	pɔstupɔvac
postupový	pɔstupɔviː
postupujte	pɔstupujcɛ
postupujúci	pɔstupujuːtsi
postupy	pɔstupi
postáv	postɑːv
postávať	pɔstɑːvac
postáť	postaːt
postúpenie	pɔstupɛɲiɛ
postúpiť	postupɪc
postúpiť	pɔstuːpic
posudkov	pɔsudkɔv
posudok	pɔsudɔk
posudzovanie	pɔsudzɔvaɲiɛ
posudzovať	pɔsudzɔvac
posun	posun
posun	pɔsun
posunky	pɔsunki
posunom	pɔsunɔm
posunu	pɔsunu
posunul	pɔsunul
posunula	pɔsunula
posunúť	pɔsunuːc
posvieť	pɔsviɛc
posvätná	pɔsvɛtnaː
posvätné	pɔsvɛtnɛː
posvätný	pɔsvɛtniː
posypať	pɔsipac
posádka	pɔsaːdka
posádke	pɔsaːdkɛ
posádkou	pɔsaːdkɔu
posádku	pɔsaːdku
posádky	pɔsaːdki
posúdenie	pɔsuːɟɛɲiɛ
posúdiť	pɔsuːɟic
posúval	pɔsuːval
posúvali	pɔsuːvali
posúvať	pɔsuːvac
posťažovať	pɔscaʒɔvac
pot	pɔt
poteau	pɔtɛau
poteba	pɔcɛba
potebuješ	pɔtɛbujɛʃ
potenciál	pɔtɛntsiaːɫ
potenciálny	pɔtɛntsiaːɫni
potešenie	pɔciʃɛɲiɛ
potešenie	pɔcɛʃɛɲjɛ
potešením	pɔcɛʃɛɲiːm
potešiť	pɔcɛʃic
potiahnuť	pɔciaɦnuc
potichu	pɔtixu
potkan	pɔtkan
potkany	pɔtkani
potkne	pɔtknɪ
potlačiť	pɔtɫatʃic
potlesk	pɔtɫɛsk
potláčať	pɔtɫaːtʃac
potmehúd	podmɛɦuːd
potok	pɔtɔk
potom	potom
potom	pɔtɔm
potomok	potomɔk
potomok	pɔtɔmɔk
potomok	pɔtɔnɔk
potopiť	pɔtɔpik
potrat	pɔtrat
potrate	pɔtracɛ
potratiť	pɔtradi
potrava	pɔtrava
potravina	pɔtravina
potravinový	pɔtravinɔviː
potravinový	pɔtɾavinɔvi
potravinársky	pɔtravinaːrski
potravu	pɔtravu
potravín	pɔtraviːn
potreba	pɔtrɛba
potrebná	pɔtrɛbnaː
potrebné	pɔtrɛbnɛː
potrebnú	pɔtrɛbnuː
potrebný	pɔtrɛbniː
potrebol	pɔtrɛbɔl
potreboval	pɔtrɛbɔval
potrebovala	pɔtrɛbɔvalɑ
potrebovali	pɔtrɛbɔvali
potrebovať	pɔtrɛbɔvac
potrebu	potrɛbu
potrebuje	poʊtrɛbujɛ
potrebujem	poʊtrɛbujɛm
potrebujem	pɔtrɛbujɛm
potrebujeme	poʊtrɛbujɛmæ
potrebujes	pɔtrɛbujɛs
potrebujete	pɔtrɛbujɛcɛ
potrebuješ	poʊtrɛbʊjɛʃ
potrebuju	pɔtrɛbuju
potrebujú	pɔtrɛbujuː
potreby	potrɛbi
potreby	pɔtrɛbi
potrestaný	pɔtrɛstaniː
potrestať	pɔtrɛstac
potriasť	pɔtriasc
potrim	ɔtrim
potrubie	pɔtrubiɛ
potrubie	pɔtrɔbjɛ
potrubný	potrubˈniː
potrvať	pɔtrvac
potrvá	pɔtrvaː
potter	pɔtɛr
potuchy	pɔtuxi
potvorská	pɔtvɔrskɑː
potvrdenie	pɔtvrɟɛɲiɛ
potvrdenie	pɔtvɛrdɛɲiɛ
potvrdené	pɔtvrɟɛnɛː
potvrdený	pɔtvrɟɛniː
potvrdil	potvrɟil
potvrdil	pɔtvrɟil
potvrdiť	pɔtvrɟic
potvrdzovať	pɔtvrdzɔvac
potvrdzovať	pɔtvɛrdzɔvɑc
potvrdzuje	pɔtvrdzujɛ
potápavý	pɔtɑːpɑvi
potápač	pɔtaːpatɕ
potíšku	pɔtiːʃku
potřebuji	potrʒɛbuji
poukazovať	pɔukazɔvac
poukázať	pɔukaːzac
poukážka	pɔukaːʒka
pouličný	pɔulitʃniː
poumývať	pou̯miːvɑd
pouč	pɔutʃ
poučenie	pɔutʃɛɲiɛ
poučiť	pɔutʃic
poučný	pou̯tʃnɨ
použi	pɔuʒi
použijeme	pɔuʒijɛmɛ
použil	pɔuʒil
použili	pɔuʒili
použilo	pɔuʒilɔ
použiteľný	pɔuʒicɛʎniː
použitie	pauʒitjɛ
použitie	pɔuʒiciɛ
použitom	pɔuʒitɔm
použitím	pɔuʒiciːm
použitý	pɔuʒitiː
použivace	pouʒivatsjɛ
použiť	pau̯ʒi
použiť	pɔuʒic
používa	pɔuʒiːva
používajú	pɔuʒiːvajuː
používali	pɔuʒiːvali
používanie	pɔuʒiːvaɲiɛ
používaný	pɔuʒiːvaniː
používateľ	pɔuʒiːvacɛʎ
používaš	pɔuʒiːvaʃ
používať	pɔuʒiːvac
pov	pɔv
povaha	pɔvaɦa
povahovo	pɔvaɦɔvɔ
povala	pɔvalɑ
považoval	pɔvaʒɔval
považovaný	pɔvaʒɔvaniː
považovať	povaʒovat
považovať	pɔvaʒɔvac
považská	pɔvaʂska
považský	pɔvaʒskiː
považuje	pɔvaʒujɛ
považujem	pɔvaʒujɛm
považuješ	pɔʊvaʒujɛʃ
povedal	povɛdaːɫ
povedal	pɔvɛdaɫ
povedal	pɔvɛdɑɫ
povedala	pɔvɛdɑɫa
povedali	pɔvɛdɑli
povedané	pɔvɛdɑnɛː
povedaný	pɔvɛdaniː
povedat	pɔvɛdɑt
povedať	pɔvɛdɑc
povedia	pɔvɛɟja
povediac	pɔvɛɟiats
povedomia	pɔvɛdɔmia
povedomie	pɔvɛdɔmiɛ
povedz	pɔvɛdz
povedz	pɔvɛdʒ
povedzme	pɔvɛdzmɛ
povedzte	pɔvɛdzcɛ
povel	pɔvɛɫ
povera	poveɾa
poverenie	pɔvɛrɛɲiɛ
poverený	pɔvɛrɛniː
poveriť	pɔvɛric
poverčivý	povɛrtʃivˈiː
povestný	povɛstɔniː
povestný	pɔvɛstniː
povesím	pɔvɛsiːm
povesť	pɔvɛsc
povie	pɔviɛ
poviedka	pɔviɛdka
poviem	pɔviɛm
povieme	pɔviɛmɛ
poviete	pɔviɛcɛ
povieš	poʊviɛʃ
povinne	pɔvinɲɛ
povinnosti	pɔvinnɔsci
povinností	pɔvinnɔsciː
povinnosť	poʋiːmnɔsc
povinnosť	pɔvinnɔsc
povinný	pɔvinniː
povodeň	pɔvɔɟɛɲ
povodie	pɔvɔɟiɛ
povojnový	pɔvɔjnɔviː
povolanie	pɔvɔlɑɲiɛ
povolaním	pɔvɔlaɲiːm
povolaný	pɔvɔlɑniː
povolať	pɔvɔlɑc
povolebný	pɔvɔlɛbniː
povolenia	pɔvɔlɛɲia
povolenie	povolɛɲɛ
povolenie	pɔvɔlɛɲiɛ
povolené	pɔvɔlɛnɛː
povolený	pɔvɔlɛniː
povoliť	pɔvɔli
povoliť	pɔvɔlic
povoľnosť	pɔvɔɫnɔsc
povraz	pɔvras
povrazolezec	pobɾazolezɛts
povrch	pɔvrx
povrchný	pɔvrxniː
povrchový	pɔvrxɔviː
povrchu	pɔvrxu
povrávať	pɔvrɑːvac
povstalec	pɔvstɑlɛts
povstania	pɔvstaɲia
povstanie	pɔvstaɲiɛ
povzbudenie	pɔvzbuɟɛɲiɛ
povzbudivá	pɔvzbuɟivaː
povzbudiť	pɔvzbuɟic
povzbudzovať	pɔvzbudzɔvac
povýšil	pɔviːʃil
povýšiť	pɔviːʃic
pozadie	pɔzɑɟiɛ
pozajtrajší	pɔzajtrɛjʃiː
pozamitac	pɔzɒmitɑs
pozastaviť	pozastavit
pozastaviť	pɔzɑstavic
pozbierať	pɔzbiɛrac
pozde	pɔzɟɛ
pozdrav	pɔzdrav
pozdrav	pɔzdraːv
pozdrav	pɔzdrɑv
pozdraviť	pɔzdravic
pozdraviť	pɔzdravik
pozdravovať	pɔzdrɑvɔvac
pozdravuje	pɔzdrɑvujɛ
pozdravujem	pɔzdrɑvujɛm
pozdravujeme	pɔzdrɑvujɛmɛ
pozdvihnúť	pɔzdvihnuːc
pozdĺž	pɔzdɫːʃ
pozemkov	pɔzɛmkɔu
pozemkového	pɔzɛmkɔvɛːhɔ
pozemkový	pɔzɛmkɔviː
pozemky	pɔzɛmki
pozemné	pɔzɛmnɛː
pozemný	pɔzɛmni
pozemný	pɔzɛmniː
pozemok	pɔzɛmɔ
pozemok	pɔzɛmɔk
pozemský	pɔzɛmskiː
pozemských	pɔzɛmskiːx
pozeraj	pɔzɛraj
pozerajte	pɔzɛrajcɛ
pozerajú	pɔzɛrɑjuː
pozeral	pɔzɛraɫ
pozerala	pɔzɛrɑɫa
pozerali	pɔzɛrɑli
pozerať	pozɛrɑt
pozerať	pɔzɛrɑc
pozerá	pɔzɛrɑː
pozerám	pɔzɛrɑːm
pozeráte	pɔzɛrɑːcɛ
pozeráš	pɔzɛrɑːʃ
pozhovárať	pɔzhɔvaːrac
pozitívne	pozitiːʋɲɛ
pozitívne	pɔzitiːvɲɛ
pozitívny	pozitiːvɲiː
pozitívny	pɔzitiːvni
pozitívnych	pɔzitiːvnix
pozitívum	pɔzitiːvum
poznacím	pɔznatsiːm
poznajú	pɔznajuː
poznal	pɔznɑɫ
poznala	pɔznɑɫa
poznali	pɔznɑli
poznamenať	pɔznamɛnac
poznamenávať	pɔznamɛnaːvac
poznamky	pɔznamki
poznanie	pɔznaɲiɛ
poznatok	pɔznatɔk
poznačený	pɔznatʃɛniː
poznačiť	pɔznatʃic
poznať	pɔznac
pozná	pɔznɑː
poznám	pɔznɑːm
poznáme	pɔznɑːmɛ
poznámka	oznaːmka
poznámka	pɔznaːmka
poznámky	pɔznaːmki
poznáte	pɔznɑːcɛ
poznávací	pɔznaːvatsiː
poznávam	pɔznaːvam
poznávanie	pɔznaːvaɲiɛ
poznávať	pɔznaːvac
poznáš	pɔznɑːʃ
pozor	puzoɾ
pozor	pɔzɔr
pozorna	pɔzɔrna
pozorne	pɔzɔrɲɛ
pozornosti	pazarnɔsti
pozornosti	pɔzɔrnɔsci
pozornosť	pozornosc
pozornosť	pɔzɔrnɔsc
pozorný	pɔzɔrniː
pozoroval	pɔzɔrɔval
pozorovanie	pɔzɔrɔvaɲiɛ
pozorovateľ	pɔzɔrɔvacɛʎ
pozorovateľ	pɔzɔrɔvatɛl
pozorovať	pɔzɔrɔvac
pozoruhodný	pɔzɔruhɔdniː
pozoruhodný	pɔzɛruhɔdniː
pozorujem	pozɔrujɛm
pozorujú	pɔzɔrujuː
pozostalej	pɔzɔstɑlɛj
pozostalosť	pozastalos
pozostaly	pɔzɔstɑli
pozostalý	pɔzɔstɑliː
pozostatok	pazostɔtɔ
pozostatok	pɔzɔstɑtɔk
pozostávajúci	pɔzɔstɑːvajuːtsi
pozostávať	pɔzɔstɑːvac
pozoznamovať	pɔzɔznamuvak
pozrel	pɔzrɛl
pozrela	pɔzrɛɫa
pozreli	pɔzrɛli
pozreš	pɔzrɛʃ
pozri	pɔzri
pozriem	pɔzriɛm
pozrieme	pɔzriɛmɛ
pozriete	pɔzriɛcɛ
pozrieš	pɔzriɛʃ
pozrieť	pɔzriɛ
pozrieť	pɔzriɛch
pozrime	pɔzriɛmɛ
pozrite	pɔzricɛ
pozriteže	pɔzriːtɛʒɛ
pozrážať	pozraːʒɑc
pozrú	pazˈrˈoˈ
pozval	pɔzvɑɫ
pozvala	pɔzvɑlɑ
pozvali	pɔzvɑli
pozvanie	pɔzvonjɛ
pozvanie	pɔzvɑɲiɛ
pozvaní	pɔzvɑniː
pozvaní	pɔzvɑɲiː
pozvaný	pɔzvaniː
pozvať	pɔzvac
pozvánka	pɔzvɑːnka
pozícia	poziːtsiɛ
pozícia	pɔziːtsia
pozície	pɔziːtsijɛ
pozícii	pɔziːtsiːi
pozíciu	pɔziːtsiju
pozíciách	pɔziːtsiaːx
pozítří	poziːtrʒiː
pozývam	pɔziːvam
pozývať	pɔziːvac
poézia	pɔɛːzija
poézia	pɔːzjɑ
poéziu	pɔɛːziju
počarbaný	pɔtʃɛrbaniː
počas	potʃas
počas	poˈtʃas
počas	pɔtʃas
počasie	pɔtʃasiɛ
počasiu	pɔtʃasiu
počať	pɔtʃac
počestný	pɔtʃɛstniː
počesť	pɔtʃɛsc
počet	potʃet
počet	potʃɛt
počet	pɔtʃɛt
početné	pɔtʃɛtnɛː
početný	pɔtʃɛtniː
počiatku	pɔtʃiatku
počiatok	pɔtʃiatɔk
počiatočný	pɔtʃiatɔtʃniː
počin	pɔtʃin
počkaj	pɔtʃkɑɪ
počkajte	pɔtʃkɑicɛ
počkali	pɔtʃkɑli
počkať	pɔtʃkac
počkám	pɔtʃkɑːm
počkáme	pɔtʃkɑːmɛ
počkáš	pɔtʃkɑːʃ
počte	pɔtʃcɛ
počtom	pɔtʃtɔm
počtu	pɔtʃtu
počty	pɔtʃti
poču	pɔtʃu
počudovaniahodné	pɔtʃudɔvɑɲjɛɦɔdmɛ
počuj	pɔtʃuj
počuje	pɔtʃujɛ
počujem	pɔtʃujɛm
počujeme	pɔtʃujɛmæɛ
počujete	pɔtʃujɛcɛ
počuješ	pɔtʃujɛʃ
počujte	pɔtʃujcɛ
počul	pɔtʃul
počula	pɔtʃulɑ
počule	pɔtʃulɛ
počuli	potʃuli
počuli	pɔtʃuli
počuť	pɔtʃuc
počuť	pɔtʃʊt
počína	pɔtʃiːna
počínanie	pɔtʃiːnaɲiɛ
počínať	pɔtʃiːnac
počíta	pɔtʃiːta
počítadlo	pɔtʃitadlo
počítač	pɔtʃiːtatʃ
počítača	pɔtʃiːtatʃa
počítačov	pɔtʃiːtatʃɔv
počítačový	pɔtʃiːtɑtʃɔviː
počítať	pɔtʃiːtac
počúva	pɔtʃuːvɑ
počúvaj	pɔtʃuːvɑi
počúvajte	pɔtʃuːvɑicɛ
počúvajú	pɔtʃuːvajuː
počúval	pɔtʃuːvɑl
počúvala	pɔtʃuːvɑlɑ
počúvam	pɔtʃuːvam
počúvame	pɔtʂuvamɛ
počúvame	pɔtʃuːvamɛ
počúvanie	pɔtʃuːvɑɲiɛ
počúvate	pɔtʃuːvɑcɛ
počúvaš	pɔtʃuːvɑʃ
počúvať	pɔtʃuɫvac
počúvať	pɔtʃuːvac
poď	pɔɟ
poďakovanie	pɔɟakɔvaɲɛ
poďakovanie	pɔɟɑkɔvaɲiɛ
poďakovať	pɔɟakɔvac
poďme	bɔɟmɛ
poďme	pɔɟmɛ
poďte	pɔɟcɛ
poľa	pɔʎa
poľana	pɔʎana
poľavuje	pɔʎavujɛ
poľka	pɔljka
poľnohospodár	pɔʎnɔɦɔspɔdaːr
poľnohospodárska	pɔʎnɔɦɔspɔdaːrska
poľnohospodársky	pɔʎnɔɦɔspɔdaːrski
poľnohospodárstvo	pɔʎnɔɦɔspɔdaːrstvɔ
poľný	pɔʎniː
poľom	poˈljɔm
poľom	pɔʎɔm
poľovačka	pɔʎɔvatʃka
poľovať	pɔʎɔvak
poľovnícky	pɔʎɔvɲiːtski
poľovníctvo	polɔʋɲitstvɔ
poľovník	pɔʎɔvniːk
poľsko	pɔlʃkɔ
poľsko	pɔʎskɔ
poľsky	pɔlʃki
poľský	pɔʎskiː
poľština	pɔlʃtina
poňatia	pɔɲacia
poňatie	pɔɲaciɛ
pořád	porʒaːd
poškodenie	pɔʃkɔɟɛɲiɛ
poškodené	pɔʃkɔɟɛnɛː
poškodený	pɔʃkɔɟɛniː
poškodiť	pɔʃkɔɟic
poškodzovať	pɔʃkɔdzɔvac
poškodí	pɔʃkɔɟiː
pošle	pɔʃlɛ
pošlem	pɔʃlɛm
pošleme	pɔʃlɛmɛ
pošli	pɔʃli
pošlite	pɔʃlicɛ
pošlú	pɔʃluː
pošta	poʃta
pošta	pɔʃta
poštaným	pɔʃtaniːm
poštový	pɔʃtɔviː
poštu	pɔʃtu
poštár	pɔʃtar
poštárka	pɔʃtarka
poštípať	pɔʃcɪpɑc
požadovaný	pɔʒadɔvaniː
požadovať	pɔʒadɔvac
požehnaj	pɔʒɛɦnaj
požehnanie	pɔʐɛɦnaɲiɛ
požehnanie	pɔʒɛɦnaɲiɛ
požehnaný	pɔʒɛɦnaniː
požiadal	pɔʒiadal
požiadala	pɔʒiadala
požiadavka	pɔʒiadavka
požiadavka	pɔʒiadaːuka
požiadať	pɔʒiadac
požiar	pɔʒiar
požiarnik	pɔʒiarɲik
požiarny	pɔʒiarni
požičal	pɔʒitʃal
požičať	pɔʒitʃac
požičiam	pɔʒitʃiam
požičiavať	pɔʒitʃiavac
požičovňa	poʒitsɔvɲa
prach	prax
prach	prˈax
prachov	praxɔv
prachy	praxi
pracháč	praxaːtʃ
praclík	pratslɪːk
pracoval	pratsɔvɑɫ
pracovala	pratsɔvalɑ
pracovali	pratsovaliː
pracovali	pratsɔvɑli
pracovať	pratsɔvɑc
pracovisko	pratsɔviskɔ
pracovisku	pratsɔvisku
pracovitý	pratsɔviti
pracovné	pratsɔvnɛː
pracovník	pratsɔvɲiːk
pracovníčka	pratsɔvɲiːtʃka
pracovnú	pratsɔvnuː
pracovný	pratsɔvniː
pracovných	pratsɔvniːx
pracovňa	pratsɔvɲa
pracuj	pratsoj
pracuje	pratsujɛ
pracujem	pratsujɛ
pracujem	pratsujɛm
pracujeme	pratsujɛmɛ
pracujete	pratsujɛcɛ
pracuješ	pratsujɛʃ
pracujú	pratsujuː
pracujú	pratsʊju
pracujúci	pratsujuːtsi
pragmatický	pragmatitskiː
pragmatizmus	pragmatizmus
prah	praɦ
praha	prɑɦa
praha	ɑrɑha
prahe	praɦɛ
prahy	prahi
praje	prɑjɛ
prajem	prɑjɛm
prajeme	prajɛmɛ
prajete	prajɛcɛ
prajné	prajmɛ
prakse	praksɛ
prakticky	praktitski
praktické	praktitskɛː
praktický	praktitskiː
praktika	praktika
praktiky	praktykɨ
prales	pralɛs
pralesný	pralɛsnˈiː
pralesy	pralɛsi
prameniť	pramɛɲic
pramení	pramɛɲiː
prameň	pramɛɲ
pranie	praɲiɛ
praný	pɾani
prasa	prasa
prasa	pra˥˩ːsa
prasiatko	prasiatkɔ
praskom	praskɔm
prasnica	prasɲitsɛ
pratať	prata
pravda	praudɑ
pravda	prau̯da
pravda	prɑvda
pravdaže	praudaʒɛ
pravdaže	pravdaʒɛ
pravde	prauɟɛ
pravdepodobne	prɑvɟɛpɔdɔbɲɛ
pravdepodobnosť	pravɟɛpɔdɔbnɔsc
pravdepodobný	pravɟɛpɔdɔbniː
pravdivosť	pravɟivɔsc
pravdivé	pravɟivɛː
pravdivý	pravɟiviː
pravdo	pravdɔ
pravdou	pravdɔu
pravdu	prɑvdu
pravdy	pravdi
prave	pravɛ
pravej	pravɛj
pravica	pravitsa
pravice	pravitsɨ
pravicový	pravitsɔviː
pravidelne	praviɟɛɫɲɛ
pravidelného	praviɟɛlnɛːhɔ
pravidelný	praviɟɛlniː
pravidiel	praviɟjɛɫ
pravidlami	pravidlɑmi
pravidlo	pravidlɔ
pravidlo	pravidlʊ
pravidlo	pravidɫɔ
pravidlom	pravidlɔm
pravidlá	pravidla
pravidlá	praːvidlaː
pravidlám	pravidlɑːm
pravnik	pravɲik
pravo	pravɔ
pravom	pravɔm
pravopis	pravɔpis
pravoslávny	pravɔslɑːvni
pravouhlosť	pravouɦlosk
pravá	pravaː
pravé	pravɛː
pravého	pravɛːhɔ
pravítko	prabitkɔ
pravú	pravuː
pravý	praviː
pravým	praviːm
prax	praks
praxi	praksi
praše	pratsa
prašný	prˈaʃniː
prať	pratʃ
pražiť	praʒitɕ
pražskú	praʒskuː
pražský	praʒskiː
prcguma	pɛtsguma
prd	prd
prdel	prɟɛl
prdele	prɟɛlɛ
prdeli	prɟɛli
prdieť	prɟiɛc
pre	prɛ
pre	re
preatora	prɛatɔra
prebali	prɛbali
prebaliť	prɛbalic
prebač	prɛvaʃ
prebaľovací	prɛbaʎɔvatsiː
prebehli	prɛbɛɦli
prebehlík	trɛbɛhlˈiːk
prebehnu	prɛbɛɦnu
prebehnut	prɛbɛɦnut
prebehnút	prɛbɛɦnuːt
prebehnúť	prɛbɛɦnuːc
preber	prɛbɛr
prebera	prɛbɛra
preberac	prɛbɛrats
preberajú	prɛbɛrajuː
preberali	prɛbɛrɑli
preberanie	prɛbɛraɲiɛ
preberas	prɛbɛras
preberat	prɛbɛrat
preberať	preberat
preberať	prɛbɛrac
preberiem	prɛbɛriɛm
preberieš	prɛbɛriɛʃ
preberú	prɛbɛruː
prebi	prɛbi
prebieha	prɛbiɛɦa
prebiehajú	prɛbiɛɦajuː
prebiehajúci	prɛbiɛɦajuːtsi
prebiehať	prɛbiɛɦac
prebiehať	prɛbjɛːɦac
prebijem	prɛbijɛm
prebil	prɛbil
prebilo	prɛbilɔ
prebit	prɛbit
prebiť	prɛbic
preblem	prɛblɛm
prebodli	prɛbɔdli
prebodne	prɛbɔdɲɛ
prebodnem	prɛbɔdɲɛm
prebodneš	prɛbɔdɲɛʃ
prebodni	prɛbɔdɲi
prebodnu	prɛbɔdnu
prebodnutá	prɛbɔdnutaː
prebodnutý	prɛbɔdnutiː
prebodnúť	prɛbɔdnuːc
prebodávalo	prɛbɔdaːvalɔ
preboha	prɛbɔɦɑ
prebohov	prɛbɔɦɔv
prebojoval	prɛbɔjɔval
prebojovala	prɛbɔjɔvalɑ
prebojovali	prɛbɔjɔvali
prebojovať	prɛbɔjɔvac
prebolí	prɛbɔliː
prebor	prɛbɔr
preboril	prɛbɔril
preborila	prɛbɔrilɑ
preboriť	prɛbɔric
preborníkom	prɛbɔrɲiːkɔm
prebrali	prɛbɛrɑli
prebrať	prɛbrac
prebrať	prɛbɛrac
prebrať	pɾɛbɾat
prebud	prɛbud
prebudení	prɛbuɟɛniː
prebudi	prɛbuɟi
prebudil	prɛbuɟil
prebudilo	prɛbuɟilɔ
prebudim	prɛbuɟim
prebudiš	prɛbuɟiʃ
prebudiť	prɛbuɟic
prebudovanie	prɛbudɔvaɲiɛ
prebudovať	prɛbudɔvac
prebudí	prɛbuɟiː
prebudím	prɛbuɟiːm
prebudíš	prɛbuɟiːʃ
preburam	prɛburam
prebuď	prɛbuɟ
prebytkov	prɛbitkɔv
prebytky	prɛbitki
prebytok	prɛbitɔk
prebytočná	prɛbitɔtʃnaː
prebytočné	prɛbitɔtʃnɛː
prebytočného	prɛbitɔtʃnɛːhɔ
prebytočnú	prɛbitɔtʃnuː
prebádam	prɛbaːdam
prebára	prɛbaːra
prebíja	prɛbiːja
prebíjať	prɛbiːjac
prebíť	prɛbiːc
prebúdzať	prɛbuːdzac
prebúrať	prɛbuːrac
prebývam	prɛbiːvam
prebývaš	prɛbiːvaʃ
prebývať	prɛbiːvac
prec	prɛts
preca	prɛtsa
precedens	prɛtsɛdɛns
precenili	prɛtsɛɲili
precestovať	prɛtsɛstɔvac
precestujem	prɛtsɛstujɛm
precestujeme	prɛtsɛstujɛmɛ
precestuješ	prɛtsɛstujɛʃ
preceňovať	prɛtsɛɲɔvac
prechadzať	prɛxadzac
prechladnutý	prɛxlaːdnutiː
prechod	prɛxɔd
prechodnej	prɛxɔdnɛj
prechodnom	prɛxɔdnɔm
prechodnou	prɛxɔdnɔu
prechodná	prɛxɔdnaː
prechodné	prɛxɔdnɛː
prechodnú	prɛxɔdnuː
prechodný	prɛxɔdniː
prechodných	prɛxɔdniːx
prechodoch	prɛxɔdɔx
prechodom	prɛxɔdɔm
prechodov	prɛxɔdɔv
prechodu	prɛxɔdu
prechádajúc	prɛxɑːdajuːts
prechádza	prɛxaːdzɑ
prechádzal	prɛxɑːdzal
prechádzam	prɛxaːdzam
prechádzame	prɛxɑːdzamɛ
prechádzať	prɛxɑːdzac
prechádzka	prɛxɑːdzka
prechádzka	pɾɛxatska
prechádzkami	prɛxɑːdzkami
prechádzkou	prɛxɑːdzkɔu
prechádzkovú	prɛxɑːdzkɔvuː
prechádzku	prɛxɑːdzku
prechádzky	prɛxɑːdzki
precházku	prɛxɑːzku
precierka	prɛtsiɛrka
precint	prɛtsint
precious	prɛtsiɔus
precizna	prɛtsizna
precli	prɛtsli
preco	prɛtsɔ
precos	prɛtsɔs
precovať	prɛtsɔvac
precovníkom	prɛtsɔvɲiːkɔm
precujem	prɛtsujɛm
precvičiť	prɛtsvitʃic
precítaš	prɛtsiːtaʃ
precítiť	prɛtsiːcic
precízna	prɛtsiːzna
precíznej	prɛtsiːznɛj
precíznu	prɛtsiːznu
precízny	prɛtsiːzni
precíznym	prɛtsiːznim
precíť	prɛtsiːc
pred	prɛt
preda	prɛda
predaj	prɛdaj
predaja	prɛdaja
predajca	prɛdajtsa
predajcom	prɛdajtsɔm
predajcou	prɛdajtsɔu
predajcov	prɛdajtsɔv
predajcova	prɛdajtsɔva
predaje	prɛdajɛ
predaji	prɛdaji
predajme	prɛdajmɛ
predajni	prɛdajɲi
predajnom	prɛdajnɔm
predajnosti	prɛdajnɔsci
predajnym	prɛdajnim
predajná	prɛdajnaː
predajné	prɛdajnɛː
predajnú	prɛdajnuː
predajný	prɛdajniː
predajných	prɛdajniːx
predajným	prɛdajniːm
predajoch	prɛdajɔx
predajom	prɛdajɔm
predajúc	prɛdajuːts
predajňa	prɛdajɲa
predal	prɛdaɫ
predala	prɛdala
predali	prɛdali
predam	prɛdam
predaniu	prɛdaɲiu
predanych	prɛdanix
predaná	prɛdanaː
predané	prɛdanɛː
predaní	prɛdaɲiː
predanú	prɛdanuː
predaný	prɛdaniː
predaných	prɛdaniːx
predas	prɛdas
predat	prɛdat
predator	prɛdatɔr
predatora	prɛdatɔra
predatorom	prɛdatɔrɔm
predatory	prɛdatɔri
predavani	prɛdavaɲi
predavanym	prɛdavanim
predavas	prɛdavas
predavač	prɛdavatʃ
predavačka	prɛdavatʃka
predavačka	prɛdaʋatʃka
predavačky	prɛdavatʃki
predavať	prɛdavac
predaš	prɛdaʃ
predať	prɛdac
predbehnu	prɛdbɛɦnu
predbehnú	prɛdbɛɦnuː
predbehnúť	prɛdbɛɦnuːc
predbeznych	prɛdbɛznix
predbežne	prɛdbɛʒɲɛ
predbežnom	prɛdbɛʒnɔm
predbežná	prɛdbɛʒnaː
predbežné	prɛdbɛʒnɛː
predbežnú	prɛdbɛʒnuː
predbežný	prɛdbɛʒniː
predbežných	prɛdbɛʒniːx
predbiehajú	prɛdbiɛɦajuː
predbiehat	prɛdbiɛɦat
predbiehať	prɛdbiɛɦac
predchodca	prɛdxɔdtsa
predchodcom	prɛdxɔdtsɔm
predchodzia	prɛdxɔdzia
predchádzajúcej	prɛdxɑːdzajuːtsɛj
predchádzajúci	prɛdxɑːdzajuːtsi
predchádzajúcom	prɛdxɑːdzajuːtsɔm
predchádzať	prɛdxɑːdzac
preddavok	prɛdavɔk
predhodiť	prɛdɦɔɟic
predhovor	prɛdɦɔvɔr
predizba	pɾɛdɪsda
predjú	prɛdjuː
predka	prɛdka
predkami	prɛdkami
predkapela	prɛdkapɛla
predkapely	prɛdkapɛli
predkladať	prɛdkɫadac
predkoch	prɛdkɔx
predkolo	prɛdkɔlɔ
predkom	prɛdkɔm
predkov	prɛdkɔv
predkovi	prɛdkɔvi
predkovia	rɛtkɔvja
predkozku	prɛdkɔzku
predkožiek	prɛdkɔʒiɛk
predkožka	rɛtkoʃka
predkrm	prɛdkrm
predkým	prɛdkiːm
predlakti	prɛdlakci
predloha	prɛdlɔɦa
predlohou	prɛdlɔɦɔu
predlozenych	prɛdlɔzɛnix
predloženie	prɛdlɔʒɛɲiɛ
predloženiu	prɛdlɔʒɛɲiu
predložená	prɛdlɔʒɛnaː
predložení	prɛdlɔʒɛɲiː
predložený	prɛdlɔʒɛniː
predložil	prɛdlɔʒil
predložilo	prɛdlɔʒilɔ
predložiť	prɛdlɔʒic
predložka	predɫoʂka
predložku	prɛdlɔʒku
predložím	prɛdlɔʒiːm
predložíš	prɛdlɔʒiːʃ
predlžiť	prɛdlʒic
predlžovať	prɛdlʒɔvac
predmestie	prɛdmɛsciɛ
predmestiu	prɛdmɛsciu
predmestkej	prɛdmɛstskɛj
predmet	prɛdmɛt
predmet	pɾɛdmet
predmetnú	prɛdmɛtnuː
predmetný	prɛdmɛtniː
predmetoch	prɛdmɛtɔx
predmetom	prɛdmɛtɔm
predmetov	prɛdmɛtɔu
predmetov	prɛdmɛtɔv
predmetu	prɛdmɛtu
predmety	prɛdmɛti
predmostie	prɛdmɔsciɛ
predna	prɛdna
prednami	prɛdnami
prednaske	prɛdnaskɛ
prednasku	prɛdnasku
prednedávnom	prɛdɲɛdaːvnɔm
prednej	prɛdnɛj
prednes	prɛdɲɛs
prednesieš	prɛdɲɛsiɛʃ
prednesu	prɛdɲɛsu
predniesť	prɛdɲiɛsc
prednom	prɛdnɔm
prednost	prɛdnɔst
prednosta	prɛdnɔsta
prednosti	prɛdnɔsci
prednostné	prɛdnɔstnɛː
prednostný	prɛdnɔstniː
prednostným	prɛdnɔstniːm
predností	prɛdnɔsciː
prednosť	prɛdnɔsc
prednou	prɛdnɔu
prednu	prɛdnu
predny	prɛdni
prednych	prɛdnix
predná	prɛdnaː
prednášajú	prɛdnaːʃajuː
prednášam	prɛdnaːʃam
prednášanú	prɛdnaːʃanuː
prednášať	prɛdnaːʃac
prednáška	prɛdnaːʃka
prednáškach	prɛdnaːʃkax
prednáškam	prɛdnaːʃkam
prednáškou	prɛdnaːʃkɔu
prednáškovú	prɛdnaːʃkɔvuː
prednášku	prɛdnaːʃku
prednášky	prɛdnaːʃki
prednášok	prɛdnaːʃɔk
predné	prɛdnɛː
prednú	prɛdnuː
predný	prɛdniː
predných	prɛdniːx
predo	prɛdɔ
predohra	prɛdɔɦra
predohru	prɛdɔɦru
predohry	prɛdɔɦri
predok	prɛdɔk
predom	prɛdɔm
predomnu	prɛdɔmnu
predomňa	prɛdɔmɲa
predosť	prɛdɔsc
predovšetkým	prɛdɔvʃɛtkiːm
predošlej	prɛdɔʃlɛj
predošlom	prɛdɔʃlɔm
predošlou	prɛdɔʃlɔu
predošlá	prɛdɔʃlɑː
predošlé	prɛdɔʃlɛː
predošlí	prɛdɔʃliː
predošlú	prɛdɔʃluː
predošlý	prɛdɔʃliː
predošlých	prɛdɔʃliːx
predošlým	prɛdɔʃliːm
predpažiť	prɛdpaʒic
predpis	prɛdpis
predpismi	prɛdpismi
predpisom	prɛdpisɔm
predpisov	prɛdpisɔv
predpisy	prɛdpisi
predpojatosť	prɛdpɔjatɔsc
predpojatý	prɛdpɔjatiː
predpoklad	prɛdpɔklɑd
predpokladal	prɛdpɔkladal
predpokladaný	prɛdpɔkladaniː
predpokladať	prɛdpokladat
predpokladať	prɛdpɔkɫadac
predpokladám	prɛdpɔklɑdaːm
predpokladáš	prɛdpɔklɑdaːʃ
predpoludnie	prɛdpɔludɲiɛ
predpoludním	prɛdpɔludɲiːm
predpony	prɛdpɔni
predposledný	prɛdpɔslɛbniː
predposledný	prɛdpɔslɛdniː
predpovedať	prɛdpɔvɛdac
predpovedá	prɛdpɔvɛdɑː
predpoveď	prɛdpɔvɛɟ
predpoviem	prɛdpɔviɛm
predpísaný	prɛdpiːsaniː
predpísať	prɛdpiːsac
predramatizovali	prɛdramatiθɔvɑli
predramatizovaná	prɛdramatɪzɔvɑna
predratú	prɛdratu
predráždene	prɛdraːʒɟɛɲɛ
predsa	prɛtsa
predsa	prɛtsːa
predsavzaj	prɛdsavzaj
predsavzal	prɛdsavzal
predsavzatia	prɛdsavzacia
predsavzatie	prɛdsavzaciɛ
predsavzať	prɛdsavzac
predseda	prɛtsɛda
predseda	prɛtːsɛda
predsedať	prɛdsɛdac
predsedníctvo	prɛdsɛdniːtstvɔ
predsedníčka	prɛdsɛdniːtʃka
predsedám	prɛdsɛdaːm
predsieraj	prɛdsiɛraj
predsieň	prɛdsiɛɲ
predsieň	prɛtsjɛɲɛ
predslov	prɛtslu
predspievať	prɛdspiɛvac
predstav	prɛdstav
predstava	prɛdstava
predstavenia	prɛdstavɛɲia
predstavenie	prɛdstvɛɲiɛ
predstavenou	prɛdstavɛnɔu
predstavenstvo	prɛdstavɛnstvɔ
predstavené	prɛdstavɛnɛː
predstavení	prɛdstavɛɲiː
predstavený	prɛdstavɛniː
predstaveným	prɛdstavɛniːm
predstavil	prɛdstavil
predstavila	prɛdstavilɑ
predstavilo	prɛdstavilɔ
predstavim	prɛdstavim
predstavit	prɛdstavit
predstavitel	prɛdstavicɛɫ
predstavitelia	prɛdstavicɛliɑ
predstaviteľ	prɛdstavicɛʎ
predstaviteľmi	prɛdstavicɛʎmi
predstaviteľom	prɛdstavicɛʎɔm
predstavivosť	prɛdstavivɔsc
predstaviť	predstavj
predstaviť	prɛdstavic
predstavou	prɛdstavɔu
predstavoval	prɛdstavɔval
predstavovala	prɛdstavɔvalɑ
predstavovali	prɛdstavɔvali
predstavovaním	prɛdstavɔvaɲiːm
predstavovať	prɛdstavɔvac
predstavovať	prɛdztaˈvɔvat
predstavte	prɛdstavcɛ
predstavu	prɛdstavu
predstavuj	prɛdstavuj
predstavuje	prɛdstavujɛ
predstavujem	prɛdstavujɛm
predstavuješ	prɛdstavujɛʃ
predstaví	prɛdstaviː
predstavím	prɛdstaviːm
predstavíť	prɛdstaviːc
predstiera	prɛdstiɛra
predstierať	prɛdstiɛrac
predstih	prɛdsciɦ
predstihnúť	prɛdstihnuːc
predstihom	prɛdstihɔm
predstoper	prɛdstɔpɛr
predstup	prɛdstup
predstupujem	prɛdstupujɛm
predstviť	prɛdstvic
predstúp	prɛdstuːp
predstúpi	prɛdstuːpi
predstúpia	prɛdstuːpia
predstúpim	prɛdstuːpim
predstúpiť	prɛdstuːpic
predsudkami	prɛdsudkami
predsudkom	prɛdsudkɔm
predsudkov	prɛdsudkɔv
predsudky	prɛdsudki
predsudok	prɛdsudɔk
predtaviť	prɛdtavic
predtym	prɛdtim
predtým	prɛdtiːm
predtým	prɛttˈiːm
preducenta	prɛdutsɛnta
predvečer	prɛdvɛtʃɛr
predvianočný	prɛdvianɔtʃniː
predvianočný	prɛdvjanutʃniː
predviest	prɛdviɛst
predviesť	prɛdviɛsc
predviezť	prɛdviɛzc
predvoj	prɛdvɔj
predvolaj	prɛdvɔlɑj
predvolajú	prɛdvɔlɑjuː
predvolaniu	prɛdvɔlɑɲiu
predvolaním	prɛdvɔlɑɲiːm
predvolat	prɛdvɔlɑt
predvolať	prɛdvɔlɑc
predvolebná	prɛdvɔlɛbnaː
predvolebnú	prɛdvɔlɛbnuː
predvolebný	prɛdvɔlɛbniː
predvolá	prɛdvɔlɑː
predvolám	prɛdvɔlɑːm
predvolávam	prɛdvɔlɑːvam
predvoľba	prɛdvɔʎba
predvoľby	prɛdvɔʎbi
predvádzať	prɛdvaːdzac
predvída	prɛdviːda
predvídaj	prɛdviːdaj
predvídam	prɛdviːdam
predvídaš	prɛdviːdaʃ
predvídať	prɛdviːdac
predvčerajší	prɛtftʃɛrajɕi
predvčerom	prɛdftʃɛrɔm
predza	prɛdza
predzvesť	prɛdzvɛsc
predzvesť	prɛtzvjɛsc
predzáhradka	prɛtzaɦlatka
predá	prɛdaː
predák	prɛdaːk
predáka	prɛdaːka
predákom	prɛdaːkɔm
predákov	prɛdaːkɔv
predám	prɛdaːm
predátor	prɛdaːtɔr
predátor	pɾedator
predátora	prɛdaːtɔra
predátori	prɛdaːtɔri
predátorom	prɛdaːtɔrɔm
predátorov	prɛdaːtɔrɔv
predátorské	prɛdaːtɔrskɛː
predátory	prɛdaːtɔri
predáva	prɛdaːva
predávaj	prɛdaːvaj
predávajme	prɛdaːvajmɛ
predávajuci	prɛdaːvajutsi
predávajúc	prɛdaːvajuːts
predávajúca	prɛdaːvajuːtsa
predávajúcej	prɛdaːvajuːtsɛj
predávajúci	prɛdaːvajuːtsi
predával	prɛdaːval
predávam	prɛdaːvam
predávany	prɛdaːvani
predávat	prɛdaːvat
predávaš	prɛdaːvaʃ
predávať	prɛdaːvac
predávka	prɛdaːvka
predávkou	prɛdaːvkɔu
predávkovať	prɛdaːvkɔvac
predávkujem	prɛdaːvkujɛm
predáš	prɛdaːʃ
predísť	prɛdiːsc
predýchať	prɛdiːxac
predým	prɛdiːm
predčasne	prɛdtʃasɲɛ
predčasnom	prɛdtʃasnɔm
predčasnou	prɛdtʃasnɔu
predčasné	prɛdtʃasnɛː
predčasnú	prɛdtʃasnuː
predčasný	prɛdtʃasniː
predčasným	prɛdtʃasniːm
predčilo	prɛdtʃilɔ
predčiť	prɛdtʃic
predčí	prɛdtʃiː
predčím	prɛdtʃiːm
predčíta	prɛdtʃiːta
predčítať	prɛdtʃiːtac
predčíš	prɛdtʃiːʃ
predĺženie	prɛdlːʒɛɲiɛ
predĺžený	prɛdlːʒɛniː
predĺžiť	prɛdlːʒic
predškolský	prɛdʃkɔɫskiː
predžujem	prɛdʒujɛm
prefajčil	prɛfajtʃil
prefajčiť	prɛfajtʃic
prefekti	prɛfɛkti
prefektná	prɛfɛktnaː
prefektom	prɛfɛktɔm
prefektov	prɛfɛktɔv
prefektovej	prɛfɛktɔvɛj
prefektovy	prɛfɛktɔvi
prefektury	prɛfɛkturi
prefer	prɛfɛr
preferencia	prɛfɛrɛntsia
preferovať	prɛfɛrɔvac
preferuješ	prɛfɛrujɛʃ
prefikany	prɛfikani
prefiknú	prɛfiknuː
prefiknúť	prɛfiknuːc
prefliaskam	prɛfliaskam
prefotiť	prɛfɔcic
prefúka	prɛfuːka
preglejky	prɛglɛjki
prego	prɛgɔ
prehazovat	prɛɦazɔvat
prehlbovať	prɛɦɫbɔvac
prehli	prɛɦli
prehliadač	prɛxrjadaˈtʃ
prehliadka	prɛŋliatka
prehliadka	prɛɦliadka
prehliadkou	prɛɦliadkɔu
prehliadková	brɛɦliatkovaː
prehliadku	prɛɦliadku
prehliadky	prɛɦliadki
prehliadnuť	prɛɦliadnuc
prehliadnúť	prɛɦliadnuːc
prehlušiť	prɛɦluʃic
prehlásenie	prɛɦlɑːsɛɲiɛ
prehmat	prɛɦmat
prehnali	prɛɦnali
prehnaný	prɛɦnamɪ
prehnaný	prɛɦnaniː
prehnat	prɛɦnat
prehnať	prɛɦnac
prehnutý	prɛɦnutiː
prehodiľ	prɛɦɔɟiʎ
prehodiť	prɛɦodit
prehodiť	prɛɦɔɟic
prehodnotiť	prɛhɔdnɔcic
prehol	prɛɦɔɫ
prehovor	prɛɦɔvɔr
prehovori	prɛɦɔvɔri
prehovoria	prɛɦɔvɔria
prehovoril	prɛɦɔvɔril
prehovorila	prɛɦɔvɔrilɑ
prehovoriť	prɛɦɔvɔric
prehozy	prɛɦɔzi
prehoď	prɛɦɔɟ
prehra	prɛɦra
prehrabem	prɛɦrabɛm
prehrabne	prɛɦrabɲɛ
prehrabneš	prɛɦrabɲɛʃ
prehrabu	prɛɦrabu
prehrabuje	prɛɦrabujɛ
prehrabú	prɛɦrabuː
prehraj	prɛɦraj
prehrajú	prɛɦrajuː
prehral	prɛɦral
prehrali	prɛɦrali
prehralo	prɛɦralɔ
prehranom	prɛɦranɔm
prehraný	prɛɦraniː
prehras	prɛɦras
prehrat	prɛɦrat
prehratá	prɛɦrataː
prehratý	prɛɦratiː
prehrať	prɛɦrac
prehre	prɛɦrɛ
prehresky	prɛɦrɛski
prehrešky	prɛɦrɛʃki
prehrial	prɛɦrial
prehrialo	prɛɦrialɔ
prehrmieť	prɛɦrmiɛc
prehru	prɛɦru
prehry	prɛɦri
prehryzt	prɛɦrizt
prehrávaj	prɛɦraːvaj
prehrával	prɛɦraːval
prehrávam	prɛɦraːvam
prehrávat	prɛɦraːvat
prehrávač	prɛɦraːvatʃ
prehrávaš	prɛɦraːvaʃ
prehrávať	prɛɦraːvac
prehyb	prɛɦib
prehá	prɛɦaː
prehánka	prɛxankɐ
prehánka	prɛɦaːnka
prehánky	prɛɦaːnki
preháňaš	prɛɦaːɲaʃ
preháňať	prɛɦaːɲa
preháňať	prɛɦaːɲac
prehýbajú	prɛɦiːbajuː
prehĺbiť	prɛɦlːbic
prehľad	prɛɦʎad
prehľadaj	prɛɦʎadaj
prehľadajme	prɛɦʎadajmɛ
prehľadajú	prɛɦʎadajuː
prehľadal	prɛɦʎadal
prehľadali	prɛɦʎadali
prehľadať	prɛɦʎadac
prehľadné	prɛɦʎadnɛː
prehľadný	prɛɦʎadniː
prehľadom	prɛɦʎadɔm
prehľadov	prɛɦʎadɔv
prehľady	prɛɦʎadi
prehľadám	prɛɦʎadaːm
prehľadávali	prɛɦʎadaːvali
prehľadávam	prɛɦʎadaːvam
prehľadávaniu	prɛɦʎadaːvaɲiu
prehľadávať	prɛɦʎadaːvac
preinvestovať	prɛjinvɛstɔvac
prejav	prɛjav
prejavili	prɛjavili
prejaviť	prɛjavic
prejavme	prɛjɑvmɛ
prejavmi	prɛjɑvmi
prejavov	prɛjavɔv
prejavovat	prɛjavɔvat
prejavovať	prɛjavɔvac
prejaví	prɛjɑviː
prejde	prɛjɟɛ
prejdeme	prɛjɟɛmɛ
prejdeny	prɛjɟɛni
prejdení	prɛjɟɛniː
prejdení	prɛjɟɛɲiː
prejdes	prɛjɟɛs
prejdeš	prɛjɟɛʃ
prejesť	prɛjɛsc
prejs	prɛjs
prejst	prɛjst
prejsť	prɛjsc
prejť	prɛjc
prek	prɛk
prekapuj	prɛkapuj
prekazené	prɛkazɛnɛː
prekazia	prɛkazia
prekazil	prɛkazil
prekazilo	prɛkazilɔ
prekazit	prɛkazit
prekaziť	prɛkazic
prekazovat	prɛkazɔvat
prekazí	prɛkaziː
prekazím	prɛkaziːm
preklad	prɛklat
preklad	prɛkɫad
prekladateľ	prɛkɫadacɛʎ
prekladať	prɛkɫadac
preklep	prɛklɛp
prekliata	prɛkliata
prekliate	prɛkljatɛ
prekliati	prɛkliati
prekliatu	prɛkliatu
prekliaty	prɛkliati
prekliaty	prɛkɫiati
preklína	prɛkliːna
prekona	prɛkɔna
prekonaj	prɛkɔnaj
prekonajte	prɛkɔnajcɛ
prekonal	prɛkɔnal
prekonali	prɛkɔnali
prekonalo	prɛkɔnalɔ
prekonania	prɛkɔnaɲia
prekonanie	prɛkɔnaɲiɛ
prekonaniu	prɛkɔnaɲiu
prekonaný	prɛkɔnaniː
prekonať	prɛkɔnac
prekonať	prɛkɔnatɕ
prekontroloval	prɛkɔntrɔlɔval
prekoná	prɛkɔnaː
prekonám	prɛkɔnaːm
prekonáva	prɛkɔnaːva
prekonávajúc	prɛkɔnaːvajuːts
prekonával	prɛkɔnaːval
prekonávam	prɛkɔnaːvam
prekonávaš	prɛkɔnaːvaʃ
prekonávať	prɛkɔnaːvac
prekonáš	prɛkɔnaːʃ
prekop	prɛkɔp
prekopal	prɛkɔpal
prekopané	prɛkɔpanɛː
prekopať	prɛkɔpac
prekopnú	prɛkɔpnuː
prekopy	prɛkɔpi
prekopú	prɛkɔpuː
prekoť	prɛkɔc
prekrasna	prɛkrasna
prekrasne	prɛkrasɲɛ
prekrasnej	prɛkrasnɛj
prekrasno	prɛkrasnɔ
prekrasnom	prɛkrasnɔm
prekrasnu	prɛkrasnu
prekrasny	prɛkrasni
prekračovala	prɛkratʃɔvalɑ
prekračovať	prɛkratʃɔvac
prekračujem	prɛkratʃujɛm
prekračujúci	prɛkratʃujuːtsi
prekračujúcou	prɛkratʃujuːtsɔu
prekreslená	prɛkrɛslɛnaː
prekrikovať	prɛkrikɔvac
prekrista	prɛkrista
prekrocí	prɛkrɔtsiː
prekroj	prɛkrɔj
prekroč	prɛkrɔtʃ
prekročenie	prɛkrɔtʃɛɲiɛ
prekročia	prɛkrɔtʃia
prekročil	prɛkrɔtʃil
prekročiť	prɛkrɔtʃic
prekročí	prɛkrɔtʃiː
prekročím	prɛkrɔtʃiːm
prekročís	prɛkrɔtʃiːs
prekročíš	prɛkrɔtʃiːʃ
prekryje	prɛkrijɛ
prekryjú	prɛkrijuː
prekryla	prɛkrila
prekryli	prɛkrili
prekrytá	prɛkritaː
prekryť	prɛkric
prekrásna	prɛkraːsna
prekrásne	prɛkraːsɲɛ
prekrásnu	prɛkraːsnu
prekrásny	prɛkrɑːsni
prekrásnych	prɛkraːsnix
prekrásnym	prɛkraːsnim
prekrásných	prɛkraːsniːx
prekríž	prɛkriːʒ
prekrížiš	prɛkriːʒiʃ
prekrížiť	prɛkriːʒic
prekrúca	prɛkruːtsa
prekrúcal	prɛkruːtsal
prekrúcaš	prɛkruːtsaʃ
prekrývať	prɛkriːvac
prekusli	prɛkusli
prekva	prɛkva
prekvap	prɛkvap
prekvapco	prɛkvaptsɔ
prekvapene	prɛkvapɛɲɛ
prekvapeni	prɛkvapɛɲi
prekvapeniam	prɛkvapɛɲiam
prekvapenie	prɛkvapɛɲiɛ
prekvapeny	prɛkvapɛni
prekvapená	prɛkvapɛnaː
prekvapené	prɛkvapɛnɛː
prekvapením	prɛkvɑpɛɲiːm
prekvapený	prɛkvapɛniː
prekvapil	prɛkvapil
prekvapila	prɛkvapila
prekvapili	prɛkvapili
prekvapilo	prɛkvapilɔ
prekvapis	prɛkvapis
prekvapit	prɛkvapit
prekvapiť	prɛkvapic
prekvapovať	prɛkvapɔvac
prekvapuje	prɛkvapujɛ
prekvapujem	prɛkvapujɛm
prekvapuješ	prɛkvapujɛʃ
prekvapujú	prɛkvapujuː
prekvapujúca	prɛkvapujuːtsa
prekvapujúci	prɛkvapujuːtsi
prekvapujúco	prɛkvapujuːtsɔ
prekvapujúcom	prɛkvapujuːtsɔm
prekvapíš	prɛkvapiːʃ
prekvitaj	prɛkvitaj
prekypuje	prɛkipujɛ
prekypujem	prɛkipujɛm
prekásna	prɛkaːsna
prekážajú	prɛkaːʒajuː
prekážat	prɛkaːʒat
prekážaš	prɛkaːʒaʃ
prekážať	prɛkaːʒac
prekážka	prɛkaːʒka
prekážkach	prɛkaːʒkax
prekódovať	prekɔːɟɔvac
prekúsavať	prɛkuːsavac
prekúsať	prɛkuːsac
prekúš	prɛkuːʃ
prekľajme	prɛkʎajmɛ
prekľali	prɛkʎali
prel	prɛl
prelej	prɛlɛj
prelet	prɛlɛt
preletia	prɛlɛcia
preletieť	prɛlɛciɛc
preletim	prɛlɛcim
preletom	prɛlɛtɔm
prelety	prɛlɛti
preletí	prɛlɛciː
preletím	prɛlɛciːm
prelez	prɛlɛz
prelezená	prɛlɛzɛnaː
prelezie	prɛlɛziɛ
preleštiť	prɛlɛʃcic
preli	prɛli
preliali	prɛliali
prelialo	prɛlialɔ
preliatou	prɛliatɔu
preliatá	prɛliataː
preliať	prɛliac
prelievať	prɛliɛvac
preliezka	prɛljɛʃka
prelina	prɛlina
prelinkujem	prɛlinkujɛm
prelistovať	prɛlistɔvac
prelivom	prɛlivɔm
prelo	prɛlɔ
prelom	prelɔm
prelom	prɛlɔm
prelome	prɛlɔmɛ
prelomeny	prɛlɔmɛni
prelomená	prɛlɔmɛnaː
prelomený	prɛlɔmɛniː
prelomia	prɛlɔmia
prelomil	prɛlɔmiɫ
prelomit	prɛlɔmit
prelomiť	prɛlɔmic
prelomiť	prɛlɔnits
prelomovej	prɛlɔmɔvɛj
prelomovom	prɛlɔmɔvɔm
prelomovú	prɛlɔmɔvuː
prelomu	prɛlɔmu
prelomy	prɛlɔmi
prelomí	prɛlɔmiː
prelomíš	prɛlɔmiːʃ
prelozeny	prɛlɔzɛni
prelozi	prɛlɔzi
prelozit	prɛlɔzit
prelož	prɛlɔʒ
prelož	prɛʎos
preloženia	prɛlɔʒɛɲia
preložená	prɛlɔʒɛnaː
preložení	prɛlɔʒɛɲiː
preložením	prɛlɔʒɛɲiːm
preložený	prɛlɔʒɛniː
preložia	prɛlɔʒia
preložil	prɛlɔʒil
preložila	prɛlɔʒilɑ
preložilo	prɛlɔʒilɔ
preložit	prɛlɔʒit
preložiť	prɛlɔʒic
preloží	prɛlɔʒiː
preložíš	prɛlɔʒiːʃ
prelud	prɛlud
prelude	prɛluɟɛ
preludmi	prɛludmi
preludmy	prɛludmi
preludom	prɛludɔm
preludov	prɛludɔv
preludy	prɛludi
prelína	prɛliːna
prelínajú	prɛliːnajuː
prelíčenie	prɛliːtʃɛɲiɛ
prelýnajú	prɛliːnajuː
prem	prɛm
premavky	prɛmavki
premaľovali	prɛmaʎɔvali
premaľované	prɛmaʎɔvanɛː
premaľovať	prɛmaʎɔvac
premaľujem	prɛmaʎujɛm
premažem	prɛmaʒɛm
premena	prɛmɛna
premenil	prɛmɛɲil
premenili	prɛmɛɲili
premenilo	prɛmɛɲilɔ
premeniť	prɛmɛɲic
premenlivá	prɛmɛnlivɑː
premenlivý	prɛmɛnliviː
premenná	prɛmɛnnaː
premennú	prɛmɛnnuː
premenných	prɛmɛnniːx
premenoval	prɛmɛnɔval
premenovat	prɛmɛnɔvat
premenovať	prɛmɛnɔvac
premenujem	prɛmɛnujɛm
premeny	prɛmɛni
premení	prɛmɛɲiː
premeraj	prɛmɛraj
premerať	prɛmɛrac
premeria	prɛmɛria
premeriam	prɛmɛriam
premet	prɛmɛt
premet	rɛmɛt
premetov	prɛmɛtɔv
premety	prɛmɛti
premeň	prɛmɛɲ
premeškali	prɛmɛʃkali
premien	prɛmiɛn
premier	prɛmiɛr
premiera	prɛmiɛra
premierom	prɛmiɛrɔm
premieru	prɛmiɛru
premiery	prɛmiɛri
premiesany	prɛmiɛsani
premiestni	prɛmiɛstɲi
premiestnim	prɛmiɛstɲim
premiestniť	prɛmiɛstnic
premietajú	prɛmiɛtajuː
premietal	prɛmiɛtal
premietali	prɛmiɛtali
premietalo	prɛmiɛtalɔ
premietam	prɛmiɛtam
premietať	prɛmiɛtac
premietnuť	prɛmiɛtnuc
premieľať	prɛmiɛʎac
premieňajú	prɛmiɛɲajuː
premieňal	prɛmiɛɲal
premieňam	prɛmiɛɲam
premieňať	prɛmiɛɲac
premiešať	prɛmiɛʃac
premilý	prɛmiliː
premiér	prɛmiɛːr
premiér	pɾemiɛr
premiéra	prɛmiɛːra
premiéra	prɛmjɛːra
premiére	prɛmiɛːrɛ
premiérom	prɛmiɛːrɔm
premiérový	prɛmiɛːrɔviː
premoct	prɛmɔtst
premosti	prɛmɔsci
premostiť	prɛmɔscic
premostím	prɛmɔsciːm
premočená	prɛmɔtʃɛnaː
premočení	prɛmɔtʃɛniː
premočil	prɛmɔtʃil
premočiť	prɛmɔtʃic
premočí	prɛmɔtʃiː
premožená	prɛmɔʒɛnaː
premožení	prɛmɔʒɛɲiː
premožiteľ	prɛmɔʒicɛʎ
premrzla	prɛmrzɫa
premysel	prɛmisɛɫ
premyslaj	prɛmislaj
premyslat	prɛmislat
premyslel	prɛmislɛɫ
premyslela	prɛmislɛɫa
premyslená	prɛmislɛnaː
premyslený	prɛmislɛniː
premyslených	prɛmislɛniːx
premysli	prɛmisli
premyslieť	prɛmisliɛc
premyslim	prɛmislim
premyslí	prɛmisliː
premyslím	prɛmisliːm
premyslíš	prɛmisliːʃ
premyť	prɛmic
premáchol	prɛmaːxɔɫ
premárnil	prɛmaːrɲil
premárnila	prɛmaːrɲila
premávať	prɛmɑːvac
premávka	prɛmaːuka
premíera	prɛmiːɛra
premôcť	prɛmuɔtsc
premôž	prɛmuɔʒ
premôžem	prɛmuɔʒɛm
premôžeš	prɛmuɔʒɛʃ
premý	prɛmiː
premýsla	prɛmiːsla
premýš	prɛmiːʃ
premýšl	prɛmiːʃl
premýšlím	prɛmiːʃliːm
premýšľaj	prɛmiːʃʎaj
premýšľajme	prɛmiːʃʎajmɛ
premýšľajú	prɛmiːʃʎajuː
premýšľajúc	prɛmiːʃʎajuːts
premýšľal	prɛmiːʃʎal
premýšľala	prɛmiːʃʎala
premýšľam	prɛmiːʃʎam
premýšľame	prɛmiːʃʎamɛ
premýšľať	prɛmiːʃʎac
prenajatý	prɛ˥˩najati
prenajať	prɛnajac
prenajme	prɛnajmɛ
prenajmi	prɛnajmi
prenasledovanie	prɛnaslɛdɔvaɲiɛ
prenasledovať	prenasɫɛdɔvac
prenasledovať	prɛnaslɛdɔvac
prenechať	prɛɲɛxac
prenesený	prɛɲɛsniː
prenesieš	prɛɲɛsiɛʃ
prenies	prɛɲiɛs
preniesla	prɛɲiɛsla
preniesť	prɛɲiɛsc
prenika	prɛɲika
prenikajúc	prɛɲikajuːts
prenikajúca	prɛɲikajuːtsa
prenikajúci	prɛɲikajuːtsi
prenikavé	prɛɲikavɛː
prenikavý	prɛɲikaviː
prenikať	prɛɲikac
prenikať	prɛɲikatɕ
prenikli	prɛɲikli
prenikly	prɛɲikli
preniknúť	prɛɲiknuːc
prenikol	prɛɲikɔl
prenocovať	prɛnɔtsɔvac
prenocovať	prɛnɔtsɔvak
prenocuješ	prɛnɔtsujɛʃ
prenos	prɛnɔs
prenosia	prɛnɔsia
prenosná	prɛnɔsnaː
prenosné	prɛnɔsnɛː
prenosný	prɛnɔsniː
prenosných	prɛnɔsniːx
prenosným	prɛnɔsniːm
prenosoch	prɛnɔsɔx
prenosom	prɛnɔsɔm
prenosov	prɛnɔsɔv
prenosový	prɛnɔsɔviː
prenostný	prɛnɔstniː
prenosy	prɛnɔsi
prentiss	prɛntis
prenájmy	prɛnaːjmi
prenájom	prɛnaːjɔm
prenásledujem	prɛnaːslɛdujɛm
prenáša	prɛŋaːʃa
prenášajú	prɛnaːʃajuː
prenášam	prɛnaːʃam
prenášať	prɛnaːʃac
preo	prɛɔ
prep	prɛp
prepac	prɛpat
prepacte	prɛpatstɛ
prepad	prɛpad
prepad	repad
prepadať	prɛpadac
prepadla	prɛpɑdɫa
prepadli	prɛpɑdli
prepadlík	prɛpɑdliːk
prepadlíkom	prɛpɑdliːkɔm
prepadmi	prɛpɑdmi
prepadnutie	prɛpatnotjɛ
prepadnutý	prɛpadnutiː
prepadnúť	prɛpadnuːc
prepadnúť	prɛpatnouc
prepadol	prɛpadɔɫ
prepadovým	prɛpadɔviːm
prepadá	prɛpadaː
prepadák	prɛpadaːk
prepadávaš	prɛpadaːvaʃ
prepadáš	prɛpadaːʃ
prepalu	prɛpau̯
prepas	prɛpas
prepaáč	prɛpaːtʃ
prepač	prɛpatʃ
prepač.	prɛpatʃ
prepaľovaná	prɛpalɔvɑna
prepašuj	prɛpaʃuj
prepašujem	prɛpaʃujɛm
prepeceny	prɛpɛtsɛni
prepečenú	prɛpɛtʃɛnuː
prepierať	prɛpiɛrac
prepijem	prɛpijɛm
prepil	prɛpil
prepili	prɛpili
prepis	prɛpis
prepisal	prɛpisal
prepisom	prɛpisɔm
prepisovať	prɛpisɔvac
prepisujú	prɛpisujuː
prepitnom	prɛpitnɔm
prepitné	prɛpitnɛː
prepitou	prɛpitɔu
prepiť	prɛpic
prepla	prɛpɫa
preplakať	prɛpɫakac
preplatil	prɛpɫaciɫ
preplatiť	prɛpɫacic
preplavovať	prɛpɫavɔvac
preplače	prɛpɫatʃɛ
preplačem	prɛpɫatʃɛm
preplať	prɛpɫac
preplieskať	prɛpliɛskac
preplnený	prɛplɲɛniː
preplnený	prɛpɔɲɛniː
preplo	prɛpɫɔ
prepnem	prɛpɲɛm
prepneš	prɛpɲɛʃ
prepni	prɛpɲi
prepnut	prɛpnut
prepnuté	prɛpnutɛː
prepnutý	prɛpnutiː
prepnú	prɛpnuː
prepo	prɛpɔ
prepodobný	prɛpɔdɔbniː
prepoj	prɛpɔj
prepojenie	prɛpɔjɛɲiɛ
prepojená	prɛpɔjɛnaː
prepojenú	prɛpɔjɛnuː
prepojený	prɛpɔjɛniː
prepojených	prɛpɔjɛniːx
prepojiť	prɛpɔjic
prepojí	prɛpɔjiː
prepojím	prɛpɔjiːm
prepolená	prɛpɔlɛnaː
prepolovali	prɛpɔlɔvali
prepolíš	prɛpɔliːʃ
preponou	prɛpɔnɔu
prepony	prɛpɔni
prepotrebnú	prɛpɔtrɛbnuː
prepotrebný	prɛpɔtrɛbniː
prepočet	prɛpɔtʃɛt
prepočtoch	prɛpɔtʃtɔx
prepočty	prɛpɔtʃti
prepočul	prɛpɔtʃul
prepočula	prɛpɔtʃulɑ
prepočuli	prɛpɔtʃuli
prepočuť	prɛpɔtʃuc
prepočítať	prɛpɔtʃiːtac
prepočúť	prɛpɔtʃuːc
prepošt	prɛpɔʃt
prepracovany	prɛpratsɔvani
prepracovaný	prɛpratsɔvaniː
prepracovať	prɛpratsɔvac
prepracujem	prɛpratsujɛm
preprava	prɛprava
prepravca	prɛpravtsa
prepravená	prɛpravɛnaː
prepravených	prɛpravɛniːx
prepraviť	prɛpravic
prepravka	prɛpravka
prepravku	prɛpravku
prepravky	prɛpravki
prepravná	prɛpravnaː
prepravné	prɛpravnɛː
prepravník	prɛpravɲiːk
prepravný	prɛpravniː
prepravných	prɛpravniːx
prepravou	prɛpravɔu
prepravovali	prɛpravɔvali
prepravovaní	prɛpravɔvaniː
prepravovaní	prɛpravɔvaɲiː
prepravovať	prɛpravɔvac
prepravy	prɛpravi
preprať	prɛprac
preprogramoval	prɛprɔgramɔval
preprogramovať	prɛprɔgramɔvac
prepráv	prɛprɑːv
prepukli	prɛpukli
prepuknú	prɛpuknuː
prepuknúť	prɛpuknuːc
prepustam	prɛpustam
prepustenie	prɛpuscɛɲiɛ
prepustený	prɛpuscɛniː
prepusti	prɛpusci
prepustil	prɛpuscil
prepustilo	prɛpuscilɔ
prepustim	prɛpuscim
prepustiť	prɛpuscic
prepustím	prɛpusciːm
prepych	prɛpi
prepá	prɛpɑː
prepác	prɛpɑːts
prepájať	prɛpaːjac
prepáli	prɛpɑːli
prepáč	prɛpɑːtʃ
prepáčením	prɛpɑːtʃɛɲiːm
prepáči	prɛpɑːtʃi
prepáčiť	prepɑːtʃɪc
prepáčiť	prɛpaːtʃic
prepáčte	prɛpatʃke
prepáčte	prɛpɑːtʃcɛ
prepíliť	prɛpiːlic
prepímať	prɛpiːmac
prepína	prɛpiːna
prepínali	prɛpiːnali
prepínam	prɛpiːnam
prepínači	prɛpiːnatʃi
prepínaš	prɛpiːnaʃ
prepínať	prɛpiːnac
prepísať	prɛpiːsac
prepíčka	prɛpiːtʃka
prepíš	prɛpiːʃ
prepíšem	prɛpiːʃɛm
prepúšťanie	prɛpuːʃcaɲiɛ
prerastať	prɛrastac
prerastá	prɛrastaː
prerastú	prɛrastuː
preratal	prɛratal
preratúvať	prɛratuːvac
prerazená	prɛrazɛnaː
preraziť	prɛrazic
preriach	prɛriax
preriekol	prɛriɛkɔl
preriešiť	prɛriɛʃic
preriovy	prɛriɔvi
prerob	prɛrɔb
prerobenom	prɛrɔbɛnɔm
prerobeny	prɛrɔbɛni
prerobená	prɛrɔbɛnaː
prerobený	prɛrɔbɛniː
prerobených	prɛrɔbɛniːx
prerobi	prɛrɔbi
prerobil	prɛrɔbil
prerobila	prɛrɔbilɑ
prerobit	prɛrɔbit
prerobiť	prɛrɔbic
prerobí	prɛrɔbiː
prerobím	prɛrɔbiːm
prerobíš	prɛrɔbiːʃ
prerod	prɛrɔd
prerode	prɛrɔɟɛ
prerodu	prɛrɔdu
prerokoval	prɛrɔkɔval
prerokovala	prɛrɔkɔvalɑ
prerokovali	prɛrɔkɔvali
prerokovanie	prɛrɔkɔvaɲiɛ
prerokovaní	prɛrɔkɔvaniː
prerokovaní	prɛrɔkɔvaɲiː
prerokovať	prɛrɔkɔvac
prerokujem	prɛrɔkujɛm
preru	prɛru
prerus	prɛrus
prerusil	prɛrusil
prerusim	prɛrusim
preruš	prɛruʃ
prerušenej	prɛruʃɛnɛj
prerušenie	prɛruʃɛɲiɛ
prerušení	prɛruʃɛniː
prerušení	prɛruʃɛɲiː
prerušením	prɛruʃɛɲiːm
prerušený	prɛruʃɛniː
prerušiť	prɛruʃic
prerušovaný	prɛruʃɔvaniː
prerušovať	prɛruʃɔvac
prerušujem	prɛruʃujɛm
preruší	prɛruʃiː
preruším	prɛruʃiːm
prerábky	prɛrɑːbki
prerásť	prɛrɑːsc
pres	prɛs
presa	prɛsa
presadenie	prɛsaɟɛɲiɛ
presadil	prɛsaɟil
presadilo	prɛsaɟilɔ
presadit	prɛsaɟit
presadiť	prɛsaɟic
presadla	prɛsadɫa
presadnúť	prɛsadnuːc
presadzovala	prɛsadzɔvalɑ
presadzovanie	prɛsadzɔvaɲiɛ
presadzovaní	prɛsadzɔvaniː
presadzovaní	prɛsadzɔvaɲiː
presadzovať	prɛsadzɔvac
presadzujem	prɛsadzujɛm
presadzujúc	prɛsadzujuːt
presadí	prɛsaɟiː
presadíš	prɛsaɟiːʃ
presadíť	prɛsaɟiːc
presahovať	prɛsaɦɔvac
prescanovať	prɛstsanɔvac
presco	prɛstsɔ
presedieť	prɛsɛɟiɛc
presi	prɛsi
presiahnuť	prɛsiaɦnuc
presiakať	prɛsiakac
president	prɛsidɛnt
presidentka	prɛsidɛntka
presilou	prɛsilɔu
presilovka	prɛsilɔvka
presilovku	prɛsilɔvku
presilovky	prɛsilɔvki
presilu	prɛsilu
presiluješ	prɛsilujɛʃ
preskakovať	prɛskakɔvac
preskanuj	prɛskanuj
presklená	prɛsklɛnaː
presko	prɛskɔ
preskocia	prɛskɔtsia
preskociť	prɛskɔtsic
preskok	prɛskɔk
preskok	prɛʃkɔk
preskoč	prɛskɔtʃ
preskočených	prɛskɔtʃɛniːx
preskoči	prɛskɔtʃi
preskočil	prɛskɔtʃil
preskočilo	prɛskɔtʃilɔ
preskočiť	prɛskɔtʃic
preskočí	prɛskɔtʃiː
preskočím	prɛskɔtʃiːm
preskuman	prɛskuman
preskumat	prɛskumat
preskup	prɛskup
preskupená	prɛskupɛnaː
preskupiť	prɛskupic
preskupoval	prɛskupɔval
preskúmaj	prɛskuːmaj
preskúmal	prɛskuːmal
preskúmali	prɛskuːmali
preskúmanie	prɛskuːmaɲiɛ
preskúmaných	prɛskuːmaniːx
preskúmať	prɛskuːmac
preskúmať	prɛskuːmat
preskúšajú	prɛskuːʃajuː
preskúšam	prɛskuːʃam
preskúšať	prɛskuːʃac
preslená	prɛslɛnaː
presli	prɛsli
preslovom	prɛsɫɔvɔm
preslávená	prɛslaːvɛnaː
presláviť	prɛslɑːvic
presmeroval	prɛsmɛrɔvɑɫ
presmerované	prɛsmɛrɔvanɛː
presmerovať	prɛsmɛrɔvac
presmeruj	prɛsmɛruj
presmerujem	prɛsmɛrujɛm
presna	prɛsna
presne	prasnʲa
presne	prɛsɲɛ
presnej	prɛsnɛj
presno	prɛsnɔ
presnom	prɛsnɔm
presnoria	prɛsnɔria
presnoril	prɛsnɔril
presnorí	prɛsnɔriː
presnorím	prɛsnɔriːm
presnosť	prɛsnɔsc
presnu	prɛsnu
presny	prɛsni
presnym	prɛsnim
presná	prɛsnaː
presnú	prɛsnuː
presný	prɛsniː
presných	prɛsniːx
presným	prɛsniːm
preso	prɛsɔ
presolená	prɛsɔlɛnaː
presoliť	prɛsɔlic
presolíš	prɛsɔliːʃ
presonál	prɛsɔnaːɫ
prespať	prɛspac
prespávať	prɛspaːvac
prespíš	prɛspiːʃ
presral	prɛsral
presrané	prɛsranɛː
press	prɛs
pressa	prɛsa
pressing	prɛsing
pressman	prɛsman
presso	prɛsɔ
pressom	prɛsɔm
prest	prɛst
presta	prɛsta
prestahovala	prɛstahɔvalɑ
prestal	prɛstal
prestala	prɛstala
prestali	prɛstali
prestan	prɛstan
prestane	prɛstɑɲɛ
prestaneš	prɛstaɲɛʃ
prestar	prɛstar
prestavajme	prɛstavajmɛ
prestaval	prɛstaval
prestavať	prɛstavac
prestavba	prɛstavba
prestavba	prɛstɑu̯ba
prestavbou	prɛstavbɔu
prestavby	prɛstavbi
prestavila	prɛstavilɑ
prestaviteľov	prɛstavicɛʎɔv
prestaviť	prɛstavic
prestavka	prɛstavka
prestavky	prɛstavki
prestavoval	prɛstavɔval
prestavovať	prɛstavɔvac
prestavím	prɛstaviːm
prestaň	prɛstɑɲ
prestaňte	prɛstɑɲcɛ
prestať	prɛstac
prestierať	prɛstiɛrac
prestn	prɛstn
presto	prɛstɔ
prestoj	prestoi
prestojmi	prɛstɔjmi
preston	prɛstɔn
prestona	prɛstɔna
prestonom	prɛstɔnɔm
prestonovi	prɛstɔnɔvi
prestonu	prɛstɔnu
prestopnik	prɛstɔpɲik
prestor	prɛstɔr
prestrel	prɛstrɛl
prestrelia	prɛstrɛlia
prestrelil	prɛstrɛlil
prestreliť	prɛstrɛlic
prestrelka	prɛstrɛɫka
prestrelky	prɛstrɛlki
prestrelok	prɛstrɛlɔk
prestrelí	prɛstrɛliː
prestrený	prɛstrɛniː
prestretý	prɛstrɛtiː
prestreľ	prɛstrɛʎ
prestreš	prɛstrɛʃ
prestri	prɛstri
prestriekať	prɛstriɛkac
prestriem	prɛstriɛm
prestrieľať	prɛstriɛʎac
prestrieš	prɛstriɛʃ
prestrieť	prɛstriɛc
prestrojiť	prɛstrɔjic
prestup	prɛstup
prestupnom	prɛstupnɔm
prestupná	prɛstupnaː
prestupom	prɛstupɔm
prestupov	prɛstupɔv
prestupoval	prɛstupɔval
prestupovať	prɛstupɔvac
prestupujem	prɛstupujɛm
prestupuješ	prɛstupujɛʃ
prestávať	prɛstɑːvac
prestávka	prɛstavka
prestávka	prɛstɑːvka
prestávku	prɛstɑːvku
prestávky	prɛstaːvki
prestíž	prɛstiːʒ
prestížnom	prɛstiːʒnɔm
prestížny	prɛstiːʒni
prestúpil	prɛstuːpil
prestúpim	prɛstuːpim
prestúpiš	prɛstuːpiʃ
prestúpiť	prɛstuːpic
prestň	prɛstɲ
presudkov	prɛsudkɔv
presun	prɛsun
presuniem	prɛsuɲiɛm
presunieme	prɛsuɲiɛmɛ
presunieš	prɛsuɲiɛʃ
presunom	prɛsunɔm
presunov	prɛsunɔv
presunul	prɛsunul
presunuli	prɛsunuli
presunuly	prɛsunuli
presuny	prɛsuni
presunúť	prɛsunuːc
presuň	prɛsuɲ
presvedcim	prɛsvɛdtsim
presvedciť	prɛsvɛdtsic
presvedčenie	prɛsvɛdtʃɛɲiɛ
presvedčený	prɛsvɛdtʃɛniː
presvedčený	prɛsvɛtʃɛniː
presvedčivo	prɛsvɛdtʃivɔ
presvedčivosť	prɛsvɛdtʃivɔsc
presvedčivou	prɛsvɛdtʃivɔu
presvedčivý	prɛsvɛdtʃiviː
presvedčiť	prɛsvɛdtʃic
presvedčiť	prɛsvɛtʃic
presvedčovať	prɛsvɛdtʃɔvac
presveč	prɛsvɛtʃ
presvečilo	prɛsvɛtʃilɔ
presvečiť	prɛsvɛtʃic
presvečujem	prɛsvɛtʃujɛm
presviedčať	prɛsviɛdtʃac
presádzať	prɛsaːdzac
presúvam	prɛsuːvam
presúvať	prɛsuːvac
presúšal	prɛsuːʃal
presúšať	prɛsuːʃac
presť	prɛsc
presťahoval	prɛscahɔval
presťahovali	prɛscahɔvali
presťahovali	prɛscaɦɔvaci
presťahovať	prɛscahɔvac
presťahuj	prɛscahuj
presťahuje	prɛscahujɛ
presťahujem	prɛscahujɛm
presťahuješ	prɛscahujɛʃ
presťan	prɛscan
presťaň	prɛscaɲ
presťať	prɛscac
pretal	prɛtal
pretancoval	prɛtantsɔval
pretancovala	prɛtantsɔvalɑ
pretancovať	prɛtantsɔvac
pretanú	prɛtanuː
pretavil	prɛtavil
pretavilo	prɛtavilɔ
pretaviť	prɛtavic
pretazenie	prɛtazɛɲiɛ
pretazeny	prɛtazɛni
pretdým	prɛtdiːm
pretek	prɛcɛk
preteka	prɛcɛka
pretekar	prɛcɛkar
pretekary	prɛcɛkari
pretekať	prɛcɛkac
pretekoch	prɛcɛkɔx
pretekom	prɛcɛkɔm
pretekov	prɛcɛkɔv
pretekov	prɛtʲikɔvɔ
preteku	prɛcɛku
preteky	pratɛki
preteky	prɛcɛki
pretekár	prɛcɛkaːr
pretekár	prˈatɛkaːr
pretekári	prɛcɛkaːri
preteň	prɛtɛɲ
pretia	prɛcia
pretiahnuť	prɛciaɦnuc
pretiahnúť	prɛciaɦnuːc
pretiahol	prɛciaɦɔɫ
pretlak	pɾɛtlak
pretnú	prɛtnuː
preto	prɛtɔ
preto	reto
pretoria	prɛtɔria
pretoze	prɛtɔzɛ
pretoč	prɛtɔtʃ
pretočenie	prɛtɔtʃɛɲiɛ
pretočil	prɛtɔtʃil
pretočiť	prɛtɔtʃic
pretočí	prɛtɔtʃiː
pretočíš	prɛtɔtʃiːʃ
pretož	prɛtɔʒ
pretože	predou̯ʐa
pretože	prɛtɔʒɛ
pretrva	prɛtrva
pretrval	prɛtrval
pretrvali	prɛtrvali
pretrvať	prɛtrvac
pretrvávajúci	prɛtrvaːvajuːtsi
pretrvávať	prɛtrvaːvac
pretty	prɛti
pretu	prɛtu
pretva	prɛtva
pretym	prɛtim
pretáčam	prɛtaːtʃam
pretáčať	prɛtaːtʃac
pretým	prɛtiːm
preukaz	prɛukaz
preukazat	prɛukazat
preukazoch	prɛukazɔx
preukazom	prɛukazɔm
preukazov	prɛukazɔv
preukazoval	prɛukazɔval
preukazovať	prɛukazɔvac
preukazuj	prɛukazuj
preukazujem	prɛukazujɛm
preukazuješ	prɛukazujɛʃ
preukázal	prɛukaːzal
preukázali	prɛukaːzali
preukázalo	prɛukaːzalɔ
preukázaný	prɛuːkɑːzɑŋiː
preukázat	prɛukaːzat
preukázať	prɛukaːzac
prevadzky	prɛvadzki
prevaha	prɛvaɦa
preval	prɛval
prevalcuj	prɛvaltsuj
prevaleniu	prɪvalˈɛniu
prevalenou	prɛvaɫɛnau
prevaliť	prɛvalic
prevandrovať	prɛwantrɔvac
prevarený	prɛvarɛniː
prevaria	prɛvaria
prevaľ	prɛvaʎ
prevaľovať	prɛvaʎɔvac
prevaľujem	prɛvaʎujɛm
prevažne	prɛvaʒnɛ
prevažne	prɛvaʒɲɛ
prevažná	prɛvaʒnaː
prevažnú	prɛvaʒnuː
prevažný	prɛvaʒniː
prevažovať	prɛvaʒɔvac
prevd	prɛvd
prevda	prɛvda
prevedení	prɛvɛɟɛɲiː
prevej	prɛvɛj
preveliť	prɛvɛlic
prevelovať	prɛvɛlɔvac
prevencia	prɛvɛntsia
prevenciu	prɛvɛntsiu
prevent	prɛvɛnt
preventívnej	prɛvɛntiːvnɛj
preventívny	prɛvɛntiːvni
prever	prɛvɛr
preverila	prɛvɛrilɑ
preverit	prɛvɛrit
preveriť	prɛvɛric
preverovať	prɛvɛrɔvac
preveruj	prɛvɛruj
preverujem	prɛvɛrujɛm
preverujete	prɛvɛrujɛcɛ
preveruješ	prɛvɛrujɛʃ
preverí	prɛvɛriː
preveríš	prɛvɛriːʃ
prevesili	prɛvɛsili
prevetrať	prɛvɛtrac
prevez	prɛvɛz
prevezeme	prɛvɛzɛmɛ
prevezenie	prɛvɛzɛɲiɛ
prevezená	prɛvɛzɛnaː
prevezmes	prɛvɛzmɛs
prevezmeš	prɛvɛzmɛʃ
prevezmi	prɛvɛzmi
prevezmú	prɛvɛzmuː
preveď	prɛvɛɟ
preveľkých	prɛvɛʎkiːx
preveľmi	prɛvɛʎmi
previaž	prɛviaʒ
previck	prɛvits
previcka	prɛvitska
previckom	prɛvitskɔm
previedla	prɛviɛdlɑ
previedol	prɛviɛdɔɫ
previerka	prɛviɛrka
previerkach	prɛviɛrkax
previerkou	prɛviɛrkɔu
previerku	prɛviɛrku
previerky	prɛviɛrki
previest	prɛviɛst
previesť	prɛviɛsc
previez	prɛviɛz
previezť	prɛviɛzc
previnúť	prɛvinuːc
previs	prɛvis
previsom	prɛvisɔm
previň	prɛviɲ
prevládať	prɛvlɑːdac
prevod	prɛvɔd
prevodoch	prɛvɔdɔx
prevodom	prɛvɔdɔm
prevodovka	prɛvɔdɔvka
prevodovkami	prɛvɔdɔvkami
prevodovku	prɛvɔdɔvku
prevodovky	prɛvɔdɔvki
prevodový	prɛvɔdɔviː
prevody	prɛvɔdi
prevohor	prɛvɔɦɔr
prevolaj	prɛvɔlɑj
prevoz	prɛvɔz
prevozcov	prɛvɔztsɔv
prevozom	prɛvɔzɔm
prevozy	prɛvɔzi
prevracal	prɛvratsal
prevrat	prɛvrat
prevratom	prɛvratɔm
prevratov	prɛvratɔv
prevrátený	prɛvraːtjɛniː
prevrátiť	prɛvrɑːcic
prevychovat	prɛvixɔvat
prevychovať	prɛvixɔvac
prevychovávala	prɛːvixɔvaːvala
prevyšoval	prɛviʃɔval
prevyšovala	prɛviʃɔvalɑ
prevyšovať	prɛviʃɔvac
prevyšujem	prɛviʃujɛm
prevyšujete	prɛviʃujɛcɛ
prevzal	prɛvzɑl
prevzatie	prɛvzɑciɛ
prevzatý	prɛvzɑtiː
prevziat	prɛvziat
prevziať	prɛvziac
prevádzača	prɛvaːdzatʃa
prevádzka	prɛvaːdzka
prevádzkovanie	prɛvaːdzkɔvaɲiɛ
prevádzkovateľ	prɛvaːdzkɔvacɛʎ
prevádzkovať	prɛvaːdzkɔvac
prevádzkový	prɛvɑːdzkɔviː
prevádzky	prɛvaːdzki
preväz	prɛvɛz
preväzujem	prɛvɛzujɛm
prevít	prɛviːt
prevýchovu	prɛviːxɔvu
prevýchovy	prɛviːxɔvi
prevýšiť	prɛviːʃic
prez	prɛz
prezdobiť	prɛzdɔbic
prezent	prɛzɛnt
prezentoval	prɛzɛntɔval
prezentovala	prɛzɛntɔvalɑ
prezentovaný	prɛzɛntɔvaniː
prezentovať	prɛzɛntɔvac
prezentujem	prɛzɛntujɛm
prezentujeme	prɛzɛntujɛmɛ
prezentuješ	prɛzɛntujɛʃ
prezentácia	prɛzɛntɑːtsia
prezentáciu	prɛzɛntɑːtsiu
prezentácií	prɛzɛntɑːtsiː
prezerať	prɛzɛrac
prezerať	prɛzɛrat
prezerám	prɛzɛrɑːm
prezeráš	prɛzɛrɑːʃ
prezi	prɛzi
prezident	prɛzidɛnt
prezident	pɾɛzʲidɛnt
prezidenta	prezidɛnˈta
prezidenta	prɛzidɛnta
prezidentam	prɛzidɛntam
prezidentami	prɛzidɛntami
prezidentka	prɛzidɛntka
prezidentkou	prɛzidɛntkɔu
prezidentky	prɛzidɛntki
prezidentom	prɛzidɛntɔm
prezidentov	prɛzidɛntɔv
prezidentovej	prɛzidɛntɔvɛj
prezidentovi	prɛzidɛntɔvi
prezidentovy	prɛzidɛntɔvi
prezidentové	prɛzidɛntɔvɛː
prezidentovým	prɛzidɛntɔviːm
prezidentskej	prɛzidɛntskɛj
prezidentskej	prɛzʲidɛntskˈaj
prezidentskom	prɛzidɛntskɔm
prezidentská	pɾɛzidɛntska
prezidentskú	prɛzidɛntskuː
prezidentský	prɛzidɛntskiː
prezidentským	prɛzidɛntskiːm
preziju	prɛziju
prezil	prɛzil
prezili	prɛzili
prezimovať	prɛzimɔvac
prezimujúce	prɛzimujuːtsɛ
prezit	prɛzit
prezitok	prɛzitɔk
preziva	prɛziva
prezlec	prɛzɫɛts
prezleč	prɛzɫɛtʃ
prezlečenie	prɛzɫɛtʃɛɲiɛ
prezlečená	prɛzɫɛtʃɛnaː
prezlečeným	prɛzɫɛtʃɛniːm
prezlečete	prɛzɫɛtʃɛcɛ
prezliecť	prɛzɫiɛtsc
prezliekať	prɛzɫiɛkac
prezliesť	prɛzɫiɛsc
prezlieť	prɛzɫiɛc
preznačkovanou	prɛzmatʃkɔvanɔu
prezrad	prɛzrɑd
prezradili	prɛzrɑɟili
prezradilo	prɛzrɑɟilɔ
prezradiť	prɛzrɑɟic
prezradza	prɛzrɑdza
prezradí	prɛzrɑɟiː
prezradím	prɛzrɑɟiːm
prezradíš	prɛzrɑɟiːʃ
prezraď	prɛzrɑɟ
prezraďíš	prɛzrɑɟiːʃ
prezrel	prɛzrɛl
prezreli	prɛzrɛli
prezreť	prɛzrɛc
prezri	prɛzri
prezriem	prɛzriɛm
prezrieť	prɛzriɛc
prezrieť	pɾesrie
prezrádza	prɛzrɑːdza
prezrádzajú	prɛzrɑːdzajuː
prezrádzaš	prɛzrɑːdzaʃ
prezrádzať	prɛzrɑːdzac
prezrú	prɛzruː
prezuj	prɛzuj
prezuť	prɛzuc
prezviať	prɛzviac
prezvoniť	prɛzvɔɲic
prezícia	prɛziːtsia
prezídium	prɛziːdijum
prezónujú	prɛzɔːnujuː
prezýva	prɛziːva
prezývajú	prɛziːvajuː
prezývali	prɛziːvɑli
prezývam	prɛziːvam
prezývaš	prɛziːvaʃ
prezývať	prɛziːvac
prezývka	prɛziːuka
prezývka	prɛziːvka
prezývka	pɾɛzjuka
prezývke	prɛziːvkɛ
preč	prɛtʃ
prečas	prɛtʃas
prečasoval	prɛtʃasɔval
prečasovať	prɛtʃasɔvac
prečačkaným	prɛtʃatʃkaniːm
prečestný	prɛtʃɛstniː
prečesú	prɛtʃɛsuː
preči	prɛtʃi
prečiel	prɛtʃiɛl
prečienkach	prɛtʃiɛnkax
prečin	prɛtʃin
prečinom	prɛtʃinɔm
prečinov	prɛtʃinɔv
prečinu	prɛtʃinu
prečiny	prɛtʃini
prečistujem	prɛtʃistujɛm
prečkať	prɛtʃkac
prečo	pre̝tʃo
prečo	prɛtʃɔ
prečom	prɛtʃɔm
prečítaj	prɛtʃiːtaj
prečítal	prɛtʃiːtɑl
prečítala	prɛtʃiːtɑlɑ
prečítam	prɛtʃiːtɑm
prečítané	prɛtʃiːtanɛː
prečítaš	prɛtʃiːtaʃ
prečítať	prɛtʃiːtac
preľudy	prɛʎudi
preň	prɛɲ
preňho	prɛɲɦɔ
prešacovali	prɛʃatsɔvɑli
prešacovať	prɛʃatsɔvac
prešacujem	prɛʃatsujɛm
prešetrenie	prɛʃɛtrɛɲiɛ
prešiel	prɛʃiɛl
prešiť	prɛʃic
preškoliť	prɛʃkɔlic
prešla	prɛʃlɑ
prešli	prɛʃli
prešlo	prɛʃlɔ
prešlou	prɛʃlɔu
prešo	prɛʃɔ
prešov	prɛʃɔv
prešov	pɾɛjʃau
prešova	prɛʃɔva
prešovskom	prɛʃɔvskɔm
prešovský	prɛʃɔvskiː
prešovčan	prɛʃɔvtʃan
preštudoval	prɛʃtudɔvɑl
preštudovala	prɛʃtudɔvɑlɑ
preštudovali	prɛʃtudɔvɑli
preštudovať	prɛʃtudɔvɑc
preštuduj	prɛʃtuduj
prešukať	prɛʃukac
prešustrovac	perɛʃustrɔvatɕ
preťahať	prɛcaɦac
preťalo	prɛcalɔ
preťať	prɛcac
preťažiť	prɛcaʒic
preťaží	prɛcaʒiː
preťek	prɛcɛk
prežehnať	prɛʒɛɦnac
preženiem	prɛʒɛɲiɛm
preženieme	prɛʒɛɲiɛmɛ
preženieš	prɛʒɛɲiɛʃ
prežeň	prɛʒɛɲ
preži	prɛʒi
prežije	prɛʒijɛ
prežijem	prɛʒijɛm
prežijú	prɛʒijuː
prežil	prɛʒil
prežila	prɛʒila
prežili	prɛʒili
prežilo	prɛʒilɔ
prežily	prɛʒili
prežit	prɛʒit
prežiteľná	prɛʒicɛʎnaː
prežitie	prɛʒiciɛ
prežitok	prɛʒitɔk
prežitom	prɛʒitɔm
prežití	prɛʒitiː
prežitý	prɛʒitiː
prežiľ	prɛʒiʎ
prežiť	prɛʒic
prežralo	prɛʒralɔ
prežuješ	prɛʒujɛʃ
prežuť	prɛʒuc
prežívajúc	prɛʒiːvajuːts
prežívali	prɛʒiːvɑli
prežívam	prɛʒiːvam
prežívanie	prɛʒiːvaɲiɛ
prežívate	prɛʒiːvacɛ
prežívaš	prɛʒiːvaʃ
prežívať	prɛʒiːvac
prežívej	prɛʒiːvɛj
prežíť	prɛʒiːc
prežúval	prɛʒuːval
prežúvaš	prɛʒuːvaʃ
pri	pri
pri	prɨ
priadky	pɾiatki
prial	prial
priam	priam
priame	priɑmɛ
priamka	priamka
priamo	priɑmɔ
priamy	priami
priamych	priamix
prianie	priaɲiɛ
priatelia	priɑcɛlɪa
priateľ	priacɛʎ
priateľa	priɑcɛʎa
priateľka	priacɛʎka
priateľke	priacɛʎkɛ
priateľkou	priacɛʎkɔu
priateľku	prijɑcɛʎku
priateľky	priacɛʎki
priateľmi	priacɛʎmi
priateľom	priacɛʎɔm
priateľov	priacɛʎɔv
priateľov	prɪacɛʎɔʋ
priateľovi	priacɛʎɔvi
priateľsky	priacɛʎski
priateľský	priatɛʎskiː
priateľstva	priɑcɛʎstva
priateľstve	priɑcɛʎstvɛ
priateľstvo	priɑcɛʎstvɔ
priateľstvá	priɑcɛʎstvaː
priateľstvách	priɑcɛʎstvaːx
priateľstvám	priɑcɛʎstvaːm
priateľu	prjɑcɛʎu
priazeň	priazɛɲ
priazeň	prijazaɲ
priazeň`	priazɛɲ
priaznivci	priɑzɲivtsi
priaznivcom	priɑzɲivtsɔm
priaznivec	priɑzɲivɛts
priaznivo	priɑzɲivɔ
priaznivý	priɑzɲiviː
priať	priac
pribehnúť	pribɛɦnuːc
priberať	priberat
približne	pribliʒɲɛ
približovať	pribliʒɔvac
približuje	pribliʒujɛ
približujú	pribliʒuju
priblížila	priːbliːʒila
priblížili	pribliːʒili
priblížime	pribliːʒimɛ
priblížiť	pribliːʒic
pribrať	pribrɛt
pribudnúť	pribudnuːc
pribúdať	pribuːdac
pricestovať	pritsɛstɔvac
prichodiť	prixɔɟic
prichodí	prɪxɔɟiː
prichytiť	prixicic
prichádza	prixaːdzɑ
prichádzajú	prixaːdzɑjuː
prichádzajúci	prixaːdzajuːtsi
prichádzam	prixaːdzam
prichádzať	prixadzaj
prichádzať	prixaːdzac
pridaj	pridaj
pridal	pridal
pridal	pɾidaɫ
pridalo	pridalɔ
pridanou	pridanɔu
pridaný	pridaniː
pridať	pridac
pride	pridɛ
pridelenie	priɟɛlɛɲiɛ
pridelený	priɟɛlɛniː
pridelili	priɟɛliːli
prideliť	priɟɛlic
pridlho	pridlɦɔ
pridzi	priːdzɪ
pridá	pridaː
pridávať	pridaːvac
priebeh	priɛbɛɦ
priebeh	prɪɛbɛθ
priebehu	priɛbɛɦu
priebežne	priɛbɛʒɲɛ
priebežný	priɛbɛʒniː
priebojný	prijɛbɔjniː
priechod	priɛxɔd
priechod	riɛxɔd
priedušky	prijɛduʃki
priehrada	priɛɦrada
priekopa	priɛkɔpa
priekopa	priɛkɔpam
priekopník	priɛkɔpɲiːk
priekopníkom	prijɛkɔpniːkɔm
priekupník	prɛjɛkupɲiːk
prieložník	prɪɛloʒɲiːt
priemer	prijemer
priemer	priɛmɛr
priemere	priɛmɛrɛ
priemerne	priɛmɛrɲɛ
priemerná	priɛmɛrnaː
priemernú	priɛmɛrnuː
priemerný	priɛmɛrniː
priemerným	priɛmɛrniːm
priemysel	priɛmisɛl
priemysel	priɛmisɛɫ
priemyselný	prisɛmisɛlniː
prienik	priɛɲik
priepasti	priɛtasci
priepasť	priɛpasc
prieskum	priɛskum
priesmyk	prijɛsmik
priestor	priɛstɔr
priestore	priɛstɔrɛ
priestorový	priɛstɔrɔviː
priestoru	priɛstɔru
priestranný	priɛstranniː
priestranstvo	priɛstranstvɔ
priestupky	priɛstupki
priestupok	prijɛstupɔk
priestupok	priɛstupɔk
prievidza	priɛvidza
priezvisko	priɛzviskɔ
priečinok	prijɛːtʃiˈnɔk
priečka	priɛtʃka
priečne	priɛtʃɲɛ
priečny	prijɛtʃni
prieť	priɛc
prihliadajú	prihliadajuː
prihliadať	prihliadac
prihlásený	prihlɑːsɛniː
prihlásil	prihlɑːsil
prihlásiť	prihlɑːsic
prihláška	prihlɑːʃka
prihodiť	prihɔɟic
prihovoriť	prihɔvɔric
prihovárať	prihɔvaːrac
prihrať	prirac
prihrávka	prihrɑːvka
prihrávka	prɪɦraːɫka
prijala	prijaɫa
prijali	prijɑli
prijateľný	prijacɛʎniː
prijatie	prijaciɛ
prijatý	priati
prijatý	prijatiː
prijať	prijac
prijme	prijmɛ
prijímací	priːmatsiː
prijímanie	priːmaɲiɛ
prijímač	priːmatʃ
prijímaš	priːmaʃ
prijímať	priːmac
prikazovať	prikazɔvac
prikladať	prikladac
prikláňať	priklɑːɲac
prikryť	prikric
prikryť	pɾɪkɾˈit
prikrášliť	prɪkraːʃɫɪc
prikrývka	prikriːvka
prikrývka	prɪkrʲivka
prikázanie	prikaːzaɲiɛ
prikázaný	prikazanɪ
prikázať	prikaːzac
prikývnuť	prikiːvnuc
prilba	prilba
prilba	pɾɪlba
prilepšite	triʎɛpʃɪcɛ
priletieť	prilɛciɛc
prilietajú	priliɛtajuː
priložiť	prilɔʒic
prilákať	prilɑːkac
primadona	primad̪ona
primerane	primɛraɲɛ
primeraný	primɛrani
primeraný	primɛraniː
primitívny	primitiːvni
primár	primaːr
primárny	primaːrni
primát	primaːt
primátor	primaːtɔr
prinajmenšom	prinajmɛnʃɔm
princ	prints
princa	printsa
princeznej	printsɛjznɛj
princeznička	prɛntsɛsɲitʃka
princezná	printsɛznaː
princíp	printsiːp
prines	priɲɛs
prinesie	priɲɛsiɛ
prinesiem	priɲɛsiɛm
prineste	priɲɛscɛ
priniesla	priɲiɛsla
priniesli	priɲiɛsli
priniesol	priɲiɛsɔl
priniesť	priɲiɛsc
prináša	prinaːʃa
prinášajú	prinaːʃajuː
prinášať	prinaːʃac
prinútiť	prinuːcic
priorita	priɔrita
prioritný	priɔritniː
pripadať	pripadac
pripadnúť	pripadnuːc
pripadá	pripadaː
pripisovať	pripisɔvac
pripnuté	pripnutɛː
pripojenie	pripɔjɛɲiɛ
pripojený	pripɔjɛniː
pripojiť	pripɔjic
pripomeniem	pripɔmɛɲiɛm
pripomenieme	pripɔmɛɲiɛmɛ
pripomenúť	prijpomɛnuːc
pripomenúť	pripɔmɛnuːc
pripomienka	pripɔmiɛnka
pripomína	pripɔmiːna
pripomínajúci	pripɔmiːnajuːtsi
pripomínať	pripɔmiːnac
priprav	priprɑv
pripravenosť	pripravɛnɔsc
pripraveny	priprɑvɛni
pripravená	priprɑvɛnɑː
pripravené	priprɑvɛnæɛː
pripravení	priprɑvɛniː
pripravený	priprɑvɛniː
pripravený	propraveniː
pripravil	priprɑvil
pripravila	priprɑvilɑ
pripraviť	pripravi
pripraviť	priprɑvic
pripravovaný	pripravɔvaniː
pripravovať	pripravovat
pripravovať	pripravɔvac
pripravte	priprɑvcɛ
pripravuje	pripravujɛ
pripravuješ	priprɑvujɛʃ
pripravujú	priprɑvujuː
pripustiť	pripuscic
pripájať	pripaːjac
pripísať	pripiːsac
pripúšťať	pripuːʃcac
prirodzene	prirɔdzɛɲɛ
prirodzenej	prirɔdzɛnɛj
prirodzenosť	prirɔdzɛnɔsc
prirodzená	prirɔdzɛnaː
prirodzené	prirɔdzɛnɛː
prirodzený	prirɔdzɛniː
prirovnal	prirɔvnal
prirovnať	prirɔvnac
prirástla	prirɑːstlɑ
prirážka	prirɑːʒka
prisahaj	prisaɦaj
prisahal	prisahal
prisahať	prisaɦac
prisahám	prisahaːm
prisiel	prisiɛl
prispieva	prispɪɛva
prispievať	prispiɛvac
prispievať	prɪspjɛːvac
prispieť	prispiɛc
prispôsobený	prispuɔsɔbɛniː
prispôsobiť	prispuɔsɔbic
prispôsobovať	prispuɔsɔbɔvac
prist	prist
pristaviť	pristavic
pristaviť	prɪstavit
pristavím	pristaviːm
pristať	pristac
pristupiš	pristupiʃ
pristupovali	pristupɔvali
pristupovať	pristupɔvac
pristáť	pristɑːc
pristúpiť	pristuːpic
prisunúť	prisunuːc
prisvedčiť	prisvɛdtʃic
prisľúbiť	prisʎuːbic
prisťahovalec	priscahɔvalɛts
pritiahnuť	priciaɦnuc
pritisnúť	pricisnuːc
pritlačiť	pritlatʃic
pritom	pritɔm
privatizačný	privatizatʃniː
privatizovať	privatizɔvac
privatizácia	privatizaːtsiɑ
privedie	privɛɟiɛ
privediem	privɛɟiɛm
privedieš	privɛɟiɛʃ
priveď	privɛɟ
priveďte	privɛɟcɛ
priveľa	privɛʎa
priveľký	privɛʎkiː
priveľmi	privɛʎmi
priviedla	priviɛdlɑ
priviedlo	priviɛdlɔ
priviedol	priviɛdɔɫ
priviesť	priviɛsc
priviezli	priviɛzɫi
priviezť	priviɛzc
privilégium	privilɛːgijum
privolaní	privɔlaːniː
privolať	privɔlɑc
privysoko	prɛvizɔkɔ
privádza	privɑːdza
privádzať	privɑːdzac
privátny	privɑːtni
privítať	priviːtac
prix	priks
prizerať	prizɛrac
priznaj	priznaj
priznal	priznal
priznali	priznali
priznanie	priznaɲiɛ
priznaný	priznoni
priznať	priznac
priznať	pɾiznatɕ
priznám	priznaːm
priznám	priznɑːm
priznávam	priznaːvam
priznávať	priznaːvac
pričiniť	pritʃiɲic
pričom	pritʃɔm
priľahlý	priʎahliː
prišiel	priʃiɛl
prišla	priʃlɑ
prišli	priʃli
prišlo	priʃlɔ
prišče	priʃtɕɛ
priťahovať	pricaɦɔvac
priťahovať	prɪcɛɦovac
pro	prɔ
problem	prɔblɛm
problematický	prɔblɛmatitskiː
problematický	prɔblɛmatɪtski
problematika	prɔblɛmatika
problematika	pɾɔblɛmatika
problém	prɔblæːm
problémami	prɔblɛːmami
problémom	prɔblɛːmɔm
problémov	prɔblæːmɔv
problémový	prɔblɛːmɔviː
problému	prɔblɛːmu
problémy	prɔblɛːmi
procedúra	prɔtsɛduːra
proces	prɔtsɛs
procese	prɔtsɛsɛ
procesia	pɾɔtsɛsia
procesom	prɔtsɛsɔm
procesor	prɔtsɛsɔr
procesore	prɔtsɛsɔrɛ
procesoroch	prɔtsɛsɔrɔx
procesorov	prɔtsɛsɔrɔv
procesory	prɔtsɛsɔri
producent	prɔdutsɛnt
producentom	prɔdutsɛntɔm
produkcia	prɔduktsia
produkovať	prɔdukɔvac
produkt	prɔdukt
produktivita	prɔduktivita
produktívny	prɔduktiːvni
produkčný	prɔduktʃniː
prof	prɔf
profesia	prɔfɛsia
profesia	pɾɔfɛsia
profesie	prɔfɛsiɛ
profesijný	prɔfɛsijniː
profesionál	prɔfɛsiɔnaːɫ
profesionáli	prɔfɛsiɔnaːli
profesionálne	prɔfɛsiɔnaːlnɛ
profesionálne	prɔfɛsiɔnaːlɲɛ
profesionálny	prɔfɛsiɔnaːɫni
profesionálnych	prɔfɛsiɔnaːɫnix
profesionálnym	prɔfɛsiɔnaːɫnim
profesionálov	prɔfɛsiɔnaːɫɔv
profesor	prɔfɛsɔr
profesor	pɾɔfɛsɔɾ
profesora	prɔfɛsɔrɑ
profesori	prɔfɛsɔri
profesorka	prɔfɛsɔrkɑ
profesorkou	prɔfɛsɔrkɔoʊ
profesorku	prɔfɛsɔrku
profil	prɔfil
profil	pɾɔfˈiʎ
profit	prɔfit
profitovať	prɔfitɔvac
prognóza	prɔgnɔza
prognóza	prɔgnɔːza
program	prɔgram
program	pɾɔgram
programe	prɔgramɛ
programovať	prɔgramɔva
programový	prɔgramɔviː
programových	prɔgramɔviːɕ
programu	prɔgramu
programátor	prɔgramatɔr
programátorský	pɾɔgɾamaːtɔrskiː
progresívny	prɔgrɛsiːvni
projekcia	prɔjɛktsia
projekt	prɔjɛkt
projekt	pɾojɛkt
projektom	prɔjɛktɔm
projektový	projɛktovɪː
projektový	prɔjɛktɔviː
projekty	prɔjɛkti
prokuratúra	prɔkuratuːra
prokurátor	prɔkurɑːtɔr
prokurátora	prɔkuraːtɔra
promo	pramo
promotér	pɾomotər
pronemecký	prɔɲɛmɛtskiː
propaganda	prɔpaganda
propagačný	prɔpagatʃniː
propagovať	prɔpagɔvac
propagácia	prɔpagaːtsia
prorastové	prɔrastɔvɛː
prorežimný	proɾaʒimniː
prorocký	prɔrɔtskiː
prorok	prɔrɔk
proroka	proroka
proroka	prɔrɔka
prosba	prɔsba
prosim	prɔsim
prosiť	prosi
prosiť	prɔsic
prospech	prɔspɛx
prospechár	prɔspɛxaːr
prospeje	prɔspɛjɛ
prosperita	prɔspɛrita
prospešný	prosmɛʃniː
prospešný	prɔspɛʃniː
prospieť	prɔspiɛc
proste	prɔscɛ
prostitúcia	prɔstitutsia
prostitúcia	prɔstituːtsia
prostitút	prɔstitûːd
prostitútka	prɔstituːtka
prostitútka	pɾɔstitutka
prosto	prɔstɔ
prostovlasý	prˈostovlasiː
prostredie	prɔstrɛɟiɛ
prostredníctvom	prɔstrɛdniːtstvɔm
prostredí	prɔstrɛɟiː
prostriedok	prɔstriɛdɔk
prostriedok	prɔstrjɛdak
prostý	prosti
prostý	prɔstiː
prosím	prɔsiːm
prosím	prɔsˈim
prosím	prˈosiːm
protagonista	prɔtagɔnista
protest	prɔtɛst
protest	pɾɔtɛst
protestantský	prɔtɛstɑntskiː
protestný	prɔtɛstniː
protestovať	prɔtɛstɔvac
protestovať	prɔtɛstɔvatɕ
protestujúci	protɛstujutsɨ
proti	prɔti
protiklad	prɔciklɑd
protikladný	procikɫadni
protimonopolný	prɔcimɔnɔpɔlniː
protirečiť	prɔcirɛtʃic
protistrana	proˈtistranɑ
protivník	prɔcivɲiːk
protivník	prɔtivɲːik
protivný	prɔcivniː
protiváha	prɔtivaːha
protiútok	prɔciuːtɔk
protišmykový	protiʃmɪkˈoviː
protokol	prɔtɔkɔl
prototyp	prɔtɔtip
provincia	prɔvintsia
provinčnosť	prɔvindʃnɔsc
provokovať	prɔvɔkɔvac
provízia	prɔviːzia
provízie	roviːziɛ
prozaický	prɔzaitskiː
prozaik	prɔzɑik
prsia	prsia
prsník	prsɲiːk
prst	prst
prstami	prstami
prsteň	prscɛɲ
prstov	prstɔv
prsty	prsti
pruciky	prutsiti
prudko	prudkɔ
prudký	prudkiː
prudšie	prudʃiɛ
pruh	pruɦ
prusi	prusˈe
pružný	pruʒniː
pružný	pruːʒniː
prv	prv
prvej	prvɛj
prvenstvo	prvɛnstvɔ
prvok	prvɔk
prvoligový	prvɔligɔviː
prvom	prvɔm
prvoradý	prvɔradiː
prvotný	prvɔtniː
prvou	prvɔu
prvy	prvi
prvá	prvaː
prvé	prvɛ
prvého	prvɛːhɔ
prví	prviː
prvú	prvuː
prvý	prbiː
prvý	prvi
prvý	prviː
prvých	prviːx
prvýkrát	prviːkraːt
prvýkrát	prviːkrɑːt
prvýkrát	prvɪkraːt
prvým	prviːm
prác	praːts
práca	praːtsa
prácach	praːtsax
prácami	praːtsami
práce	prɑːtsɛ
práci	prɑːtsi
prácou	praːtsau
prácou	prɑːtsɔu
prácu	praːtsʊ
prácu	prɑːtsu
prádlo	praːdɫɔ
prápor	praːpɔr
práv	praːu
práv	praːv
práva	praːva
právach	praːvax
práve	braːvɛ
práve	prɑːvɛ
právna	praːvna
právne	praːvɲɛ
právnický	praːvnitskiː
právnik	braːvɲik
právnik	praːvnik
právnik	praːvɲik
právnika	praːvɲika
právnikov	praːvɲikɔv
právny	praːvni
právo	pravɔ
právo	praʋɔ
právo	praːvɔ
právo	prɑːvɔ
právom	praːvɔm
právomoc	praːvɔmɔts
právoplatný	praːvɔplatniː
prázdna	praːzna
prázdne	praːznɛ
prázdniny	praːzdɲinɪ
prázdniny	praːzɲini
prázdno	praːznɔ
prázdnota	praːznɔta
prázdny	praːzni
práčka	praːtʃka
práčka	pra˥˩ːtʃka
práčovňa	praːtʃɔvɲɛ
prášok	praːʃɔk
prémia	prɛːmia
prémiam	prɛːmiam
prémiami	prɛːmiami
prémiám	prɛːmiaːm
prémií	prɛːmiː
prétorom	prɛːtɔrɔm
príbeh	priːbɛx
príbehom	priːbɛhɔm
príbehu	priːbɛhu
príbehy	priːbɛhi
príbehy	priːbɛɦi
príbor	priːbor
príbuzenstvo	priːbuzɛnstɔ
príbuzný	pribuzniː
príbuzný	tribuzni
príbytok	priːbitɔk
príchod	priːxɔt
príchod	pɾiːxot
príchodu	priːxɔdu
príchuť	priːxuc
prídavný	priːdavniː
prídavok	priːdavɔk
prídavok	prˈiːdavˈok
príde	priːɟɛ
prídem	priːɟɛm
prídeme	priːɟɛmɛ
prídete	priːɟɛcɛ
prídeš	priːɟɛʃ
prídu	priːdu
príhoda	priːɦɔda
príhodný	prɪɦɔdniː
príhovor	priːɦɔvɔr
príjem	prijɛm
príjem	priːjɛm
príjemca	prijɛmtsa
príjemne	priːjɛmɲɛ
príjemnom	priːjɛmnɔm
príjemné	priːjɛmnæɛː
príjemnú	priːjɛmnuː
príjemný	priːjɛmniː
príjmov	priːjmɔv
príjmový	prijmɔviː
príjmu	priːjmu
príjmy	prijmiː
príkaz	prikas
príkaz	priːkaz
príkazy	priːkazi
príklad	priːkɫat
príkladným	priːkɫɑdniːm
príkladu	priːkɫadu
príklon	pɾiːklon
príkry	trikri
prílev	priːlɛu
príležitosti	priːlɛʒitɔsci
príležitostný	priːlɛʒitɔstniː
príležitosť	priːlɛʒitosc
príležitosť	priːlɛʒitɔsc
príliš	priːliʃ
prílišný	priːliʃniː
príloha	priːlɔɦa
prímerie	priːmɛriɛ
prínos	priːnɔs
prínos	pɾinos
prínosný	pˈriːnˈosnˈiː
prípad	priːpat
prípade	priːpɑɟɛ
prípadne	priːpɑdɲɛ
prípadný	priːpɑdniː
prípadoch	priːpɑdɔx
prípadov	priːpɑdɔv
prípadu	priːpɑdu
prípady	priːpɑdi
prípitok	priːpitɔk
príplatok	priːpɫatɔk
príprava	priːprɑva
príprava	prɪprava
príprave	priːprɑvɛ
prípravka	priːprɑvka
prípravný	priːpravniː
prípravok	priːpravɔk
prípravu	priːpravu
prípravy	priːpravi
prípustný	priːpustniː
prírastok	priːrɑstɔk
príroda	priroda
príroda	priːrɔda
prírode	priːrɔɟɛ
prírodné	priːrɔdnɛː
prírodný	priːrɔdniː
prírodných	priːrɔdniːx
prírodu	priːrɔdu
prírody	priːrɔdi
príručka	priːrutʃka
prísada	priːsada
prísaha	priːsaɦa
prísaha	pɾiːsaɦa
prísahal	priːsahal
príslovie	priːsɫɔviɛ
príslušenstvo	priːsluʃɛnstvɔ
príslušnosť	priːsluʃnɔsc
príslušník	priːsluʃɲiːk
príslušný	priːsluʃniː
prísne	priːsɲɛ
prísny	priːsni
prísny	riːsnɪ
príspevok	priːspɛvɔk
príspevok	pɾiːspɛok
prístav	priːstav
prístavu	priːstavu
prístroj	priːstrɔj
prístroju	priːstrɔju
prístup	prijstup
prístup	priːstup
prístupný	pristupɲiː
prístupný	priːstupniː
prístupový	priːstupɔviː
prístupy	priːstupi
prísun	priːsun
prísľub	priːsʎub
prísť	priːsc
prítomnosť	prijtɔmnɔsc
prítomnosť	priːtɔmnɔsc
prítomná	priːtɔmnɑː
prítomný	priːtɔmniː
príval	priːval
príves	prives
prívlastok	priːvɫastɔk
prívrženec	priːvrʒɛɲɛts
prízemie	priːzɛmiɛ
prízemný	priːzɛmniː
prízemný	trizɛmni
príznak	priːznak
príznačný	priːznatʃniː
prízvuk	prijzvuk
prízvuk	priːzvuk
prízvukovať	priːzvukɔvac
príčina	priːtʃina
príčina	pɾitʃina
príčinou	priːtʃinɔu
príčinám	priːtʃinaːm
príď	priːɟ
príďte	priːɟcɛ
príšera	prɛːʃara
príšerný	priːʃɛrniː
príšery	priːʃɛri
príťažlivosť	priːcaʒlivɔsc
príťažlivosť	pɾiːciɑʒljvɔsc
príťažlivý	priːcaʒliviː
próza	prɔza
próza	prɔːza
prúd	prrud
prúd	prut
prúde	pruːɟɛ
prúdenie	pruːɟɛɲiɛ
prúdiť	pruːɟic
prúdu	pruːdu
prút	pɾowt
prča	arˈtʃa
pršany	prʃani
pršať	prʃac
pršiplášť	prʃiplɛaʃc
prší	prʃiː
psa	psa
psi	psi
psom	psɔm
psoriáza	psoriaza
psov	psoʊ
pstruh	psdrug
psy	psi
psychiater	psixiatɛr
psychiatrický	psixiatritskiː
psychicky	psixitski
psychický	psixitskiː
psychika	psixika
psycho	psixɔ
psychologické	psixɔɫɔgitskɛː
psychologický	psixɔɫɔgitskiː
psychologičiek	psixɔɫɔgitʃiɛk
psychológ	psixɔɫɔːg
psychológia	psixɔɫɔːgia
psychológiu	psixɔɫɔːgiu
psychológom	psixɔɫɔːgɔm
psychu	psixu
psí	psiː
psík	psiːk
psík	psˈik
psíka	psiːka
psíky	psiːki
psíček	psiːtʃɛk
psč	psˈtʃˈe
pu	pu
pub	pab
puberťáka	pubɛrcaːka
publicista	publitsista
publicistika	publitsistika
publikoval	publikɔval
publikovaný	publikɔvaniː
publikovať	publikɔvac
publikum	publikum
publikácia	publikaːtsia
pud	pud
pudel	pudɛw
pujd	pult
pujdze	pojdzɛ
pujdzeš	pɔidzɛʃ
puk	puk
pulsom	pulsɔm
pult	pult
pulz	pulz
puma	puma
pumpa	pumpa
puobis	pobis
pusa	pusa
pustat	pustat
pusti	pusci
pustil	puscil
pustili	puscili
pustite	puscicɛ
pustiť	puscic
pustovník	pustovɲɪk
pustí	pusciː
pustím	pusciːm
pustíme	pusciːmɛ
pustý	pustiː
pusu	pusu
pusť	pusc
put	put
putin	pucin
puto	putɔ
putovanie	putɔvaɲiɛ
putovať	putɔvac
putovný	putovni
putá	puta
putá	putaː
puzdro	puzdra
puzdro	puzdrɔ
puzzle	putsɫɛ
pučíniho	putʃiːnihɔ
puška	puʂka
puška	puʃka
pušku	puʃku
pušky	puʃki
pylón	piloːn
pyramí	pirɑmiː
pyramída	pirɑmiːda
pyramíde	pirɑmiːɟɛ
pyramídiu	pirɑmiːdu
pyramídu	pirɑmiːduː
pyramídy	piramiːdi
pyrit	spiɾjt
pyrotechnikou	pirɔtɛxnikɔu
pyruse	pirusɛ
pyré	pire
pytač	pitatʃ
pytačky	pitatʃki
pyšná	piʃnaː
pyšné	pixnɛ
pyšný	piʃniː
pyšný	pʃni
pyžamo	biʒamo
pyžamo	piʒamɔ
pzh	pzh
pácem	pɑːtsɛm
páchateľ	paːxacɛʎ
páchať	paːxac
pád	pad
pád	paːt
pádom	paːdɔm
páka	paka
páka	paːka
páke	paːkɛ
páky	paːki
pálenka	palɛnka
pálenka	paːlɛŋka
pálenku	paːlɛnku
páli	paːli
pálivý	paːlibi
páliť	paːlic
páliť	paːlik
pálka	paːɫka
pán	baːn
pán	paːn
pán	pɑːn
pána	paːnɑ
páne	paːɲɛ
páni	pɑːɲi
pánom	paːnɔm
pánovi	paːnɔvi
pánovi	paːnɔʋi
pánska	paːnska
pánsky	paːnski
pánskym	paːnskim
pántoch	paːntɔx
pápež	laːpɛʃ
pápež	paːpɛʃ
pápeža	paːpɛʒa
pápeženský	paːpɛʒɛnskiː
pápežov	paːpɛʒɔv
pápežský	paːpɛʒskiː
pár	par
pár	pɑːr
pár	var
párať	paːra
párnica	parɲitsa
párny	parni
párok	pɑːrˈok
párom	paːrɔm
párty	parte
párty	pɑːrti
pás	paːs
pás	pˈas
pásikovaný	paːsjkɔvɑni
páska	paːska
páske	paːskɛ
pásku	paːsku
pásky	paːski
pásmo	paːsmɔ
pásť	past
pásť	paːsc
páter	paːtɛr
pátranie	paːtraɲiɛ
pátrať	paːtrac
páv	paːm
páv	paːu
páči	pɑːtʃi
páčia	pɑːtʃja
páčil	paːtʃil
páčila	paːtʃila
páčilo	paːtʃilɔ
páčiš	paːtʃiʃ
páčiť	paːtʃic
páčka	patʂka
páľ	paːʎ
páža	pˈaʒɐ
päsť	pɛsc
päta	pɛta
päta	pˈɛta
pätica	pɛcitsa
päticu	pɛcitsu
pätina	pɛcina
pätnásty	pɛtnaːsti
pätnásť	pɛtnɑːsc
pätnásť	pɛtnˈaːsc
pätolizačka	pɛtɔlizatʃka
pätolizačsky	pɛtɔlɪsatskɪ
pätolizačský	pɛtɔlɪsatski
pätolízač	pɛtɔliːzatʃ
pätorako	pɛtːrako
päty	pɛti
päť	pɛc
päťdesiat	pɛcɟɛsiɑt
päťdesiatka	pɛɟɛsiatka
päťdesiatke	pɛɟɛsiatkɛ
päťdesiatki	pɛɟɛsiatki
päťdesiatku	pɛɟɛsiatku
päťdesiatky	pɛɟɛsiatki
päťdesiaty	pɛɟɛsiati
päťka	pɛcka
päťkrát	pɛckraːt
päťročný	pɛcrɔtʃniː
päťsto	pɛcstɔ
päťtisíc	pɛccisiːts
píkazy	piːkazi
píla	piːla
píle	piːlɛ
pípa	piːpa
písací	piːsatsiː
písal	piːsal
písali	piːsali
písanie	piːsaɲiɛ
písaný	piːsaniː
písať	piːsac
pískam	piːskam
pískať	piːskac
písmeno	piːsmɛnɔ
písmo	piːsmɔ
písmo	piːˈsɪmo
písomne	piːsɔmɲɛ
písomný	piːsɔmniː
pív	piːv
píš	piːʃ
píše	piːʃæɛ
píše	pjˈʃɛ
píšem	piːʃɛm
píšeš	piːʃɛʃ
píšu	piʃu
píšu	piːʃu
píšuca	piːʃutsa
pódium	pɔːdium
pól	pooːl
pól	pɔːɫ
pólu	pɔlu
pôda	puɔda
pôda	pwɔda
pôdohospodárstvo	puɔdɔɦɔspɔdaːrstvɔ
pôdu	puɔdu
pôdy	puɔdi
pôjde	puojɟɛ
pôjde	puɔjɟɛ
pôjdem	puɔjɟɛm
pôjdeme	puɔɪɟɛmæ
pôjdete	puɔjɟɛcɛ
pôjdeš	puɔjɟɛʃ
pôjdu	puɔjdu
pôrod	puɔrɔt
pôrodný	puɔrɔdniː
pôsobenie	puɔsɔbɛɲiɛ
pôsobení	puɔsɔbɛɲiː
pôsobia	puɔsɔbia
pôsobiaci	puɔsɔbiatsi
pôsobili	puosobili
pôsobisko	puɔsɔbiskɔ
pôsobivé	puɔsɔbivɛː
pôsobivý	puɔsɔbiviː
pôsobiť	puɔsɔbic
pôsobnosť	puɔsɔbnɔsc
pôsobí	puɔsɔbiː
pôsobíš	puɔsɔbiːʃ
pôst	puɔst
pôtik	poʁˈtik
pôvabná	pɔvɑbna
pôvabný	puɔvabniː
pôvod	puɔvɔt
pôvod	pɔɔvɔt
pôvodca	puɔvɔdtsa
pôvodne	puɔvɔdɲɛ
pôvodný	puɔvɔdniː
pôvodných	puɔvɔdniːx
pôvodným	puɔvɔdniːm
pôďme	puɔɟmɛ
pôžitok	puɔʒitɔk
pôžitok	pʊoʒɪtɔk
pôžička	puɔʒitʃka
pôžička	pɔʒitʃka
púchov	puxau̯
púchov	puːxɔv
púpava	pupava
pútali	puːtɑɫi
pútnik	puːtnik
púšti	puːʃci
púštny	pɔːʃtni
púšť	puːʃc
púšťate	puːʃcacɛ
púšťať	puːʃcac
púť	puːc
pý	piː
pýcha	piːxa
pýta	piːta
pýtajú	piːtajuː
pýtal	piːtaɫ
pýtala	puːtɑɫa
pýtali	piːtali
pýtam	piːtam
pýtame	piːtamɛ
pýtate	piːtacɛ
pýtaš	piːtaʃ
pýtať	piːtac
pět	pjɛt
pľac	plˈats
pľeco	plʲetsɔ
pľuvanec	plufaɲɛts
pľušč	plʲuʂtʃ
pľúca	pʎuːtsa
pŕs	prːs
překonat	prʒɛkonat
přinesl	prʒinɛsɫ
přítel	prʒiːtɛɫ
příští	prʒiːʃciː
pšenica	pʃɛɲitsa
pšie	pʃiɛ
pštros	bʃtrɔs
pštros	pʃtrɔs
q	kʋ
r	r
r	ra
ra	ra
rabovačka	rabovatʃka
rabín	rabiːn
rachel	raxɛl
racionálny	ratsiɔnaːɫni
rad	rad
rad	rat
rada	rɑda
radar	adar
radca	radtsa
rade	raɟɛ
radi	raɟi
radikál	radikaːɫ
radikáli	radikali
radikálne	radikaːlɲɛ
radikálny	radikaːɫni
radio	radiɔ
radiátor	ɾaˈdjator
radiť	radʲi
radiť	raɟic
radnica	pradɲitsɛ
radnica	radɲitsa
radný	aradniː
radosti	radɔsci
radostne	radɔstɲɛ
radostný	radɔstniː
radosť	rados
radosť	radɔsc
radosťou	radɔscɔu
radovan	raduan
radovať	radovaɟ
radovať	radɔvac
radový	radɔviː
radsej	radsɛj
radu	rɑdu
rady	radi
radšej	rɑtʃɛj
rafinovaný	afinovani
rafinéria	rafinɛːria
raft	raft
rafte	rafcɛ
raftingu	raftingu
rahno	raɣnɔ
raj	raj
rajbac	rajbats
rajeckých	rajɛtskiːx
rajský	rˈaɪskiː
rak	rak
raketa	rakɛta
raketoplánov	rakɛtɔplɑːnɔv
raketový	rakɛtɔviː
raketu	rakɛtu
rakety	rakɛti
rakovina	rakɔvina
rakovinu	rakɔvinu
rakva	rakva
rakúska	rakuːska
rakúsko	rakusko
rakúsko	rakuːskɔ
rakúsky	rakuski
rakúsky	rakuːski
rakúšan	rakouʃan
rakúšan	rakuːʃan
rakúšanka	rakuʃanka
ralph	ralpɦ
ram	ram
ramenná	ramenna
rameno	kramɛnɔ
rameno	ramɛnɔ
ramienko	lamjanko
rampami	rɑmpami
rampu	rampu
rana	rana
rande	rande
rande	randɛ
randiť	rantʑitsʲ
randy	randi
ranená	raɲɪna
ranený	raɲɛniː
ranger	rangɛr
ranný	ranniː
ranný	rannˈi
ranným	ranniːm
rano	ranɔ
ranu	ranu
rany	rani
raný	rani
raný	raniː
ranč	rantʃ
ranči	rantʃi
rapkanie	rapkani
rapkáč	apkaːtʃ
rapunzel	rapunzɛl
rasa	rasa
rasca	prasta
rasizmus	rasizmus
rasové	rasɔvæɛː
rasový	grasovˈiː
rasový	rasɔviː
rast	rast
rast	rˈast
rastie	rasciɛ
rastislav	rascislav
rastlina	rastlina
rastlina	rastlʲina
rastlinný	rastlinniː
rastom	rastɔm
rastový	rastɔviː
rastu	rastu
rastú	rastuː
rastúci	rastuːtsi
rastúcich	rastuːtsix
rasu	rasu
rasy	rasi
ratifikácia	ratifikaːtsia
rating	rating
ratingov	ratingɔv
ratingový	ratingɔviː
ratolesti	ratɔlɛsci
ratolesť	ratolɪsc
ratolesť	ratɔlɛsc
ray	rai
raz	rɑz
razantný	razantniː
razia	ɾazjɐ
razom	razoːm
razom	razɔm
rača	ratʃa
raňajkovať	raɲajkɔvac
raňajky	raɲajki
raňajkách	raɲajkaːx
raňajší	ɾaɲːaiʃiː
raž	rˈaʃ
ražeň	raʒɛɲi
rdna	rdna
re	rɛ
reagovali	rɛagɔvali
reagovať	rɛagovatɕ
reagovať	rɛagɔvac
reaguje	rɛagujɛ
reagujú	rɛagujuː
reakc	rɛakts
reakcia	rɛaktsia
reakcia	rɛaktsija
reakciami	rɛaktsiami
reakcie	rɛaktsiɛ
reakcie	rɛaktsɪɛ
reakciu	rɛaktsiu
reakcií	rɛaktsiːi
reaktor	rɛaktɔr
realistický	rɛalistitskiː
realita	rɛɑlita
realitný	rɛalitniː
realitu	rɛalitu
reality	rɛaliti
realizačný	rɛalizatʃniː
realizmus	rɛalizmus
realizovaný	prɛaɫizɔvɑŋiː
realizovaný	rɛalizɔvaniː
realizovať	rɛalizɔvac
realizácia	rɛalizaːtsia
rebecca	rɛbɛtsa
rebel	rɛbɛɫ
rebrina	rɛbrɪnɐ
rebro	rɛbrɔ
rebrá	rɪbra
rebrík	rɛbriːk
rebríček	rɛbriːtʃɛk
rebríčku	rɛbriːtʃku
recenzia	rɛtsɛnnzia
recenziu	rɛtsɛnziu
recepcia	rɛtsɛptsia
recepcia	ɾɛtseptsjja
recept	rɛtsɛpt
recept	ɾɛtˈsɛpt
recepčný	ɾɛzɛptʃniː
recesia	rɛtsɛsia
recitačný	rɛtsitatʃni
recitácia	ɾetsitaːtsia
recitátor	ɾetsitaːtor
red	rɛd
redakcia	rɛdaktsia
redaktor	rɛdaktɔr
redaktora	rɛdaktɔra
redaktoriek	rɛdaktɔriɛk
redaktorka	rɛdaktɔrka
redaktorova	rɛdaktorɔvɒ
redaktorovou	rɛdaktorɔvɔ
redakčný	rɛdaktʃmi
redakčný	rɛdaktʃniː
redestilácie	rɛdɛstɪlatsɪjɛ
redigovať	rɛdigoːvac
redukcia	rɛduktsia
redukovať	rɛdukɔvac
redukčný	rɛduːktʃniː
reed	rɛːd
referendum	referẽn̪d̪um
referendum	rɛfɛrɛndum
referent	ɾɛfɛrɛnt
referát	rɛfɛraːt
referát	rɛrɛraːt
reflektor	rɛflɛktɔr
reflektujete	rɛflɛktujɛcɛ
reflexia	rɛflɛksia
reforma	rɛfɔrma
reformný	rɛfɔrmniː
reformovať	rɛfɔrmɔvɑt
reformy	rɛfɔrmi
reformách	rɛfɔrmaːx
refrén	refren
regionálny	rɛgiɔnaːɫni
register	reˈgistɛr
register	rɛgistɛr
registračný	rɛgistratʃniː
registrovaný	rɛgistrɔvaniː
registrovať	rɛgistrɔvac
registrovať	rɛgistrɔvatɕ
registrácia	rɛgistraːtsia
región	rɛgiɔːn
regióny	regionɪ
regresívny	rɛgrɛsiːvni
regulačný	rɛgulatʃniː
regulovaný	rɛgulɔvaniː
regulovať	rɛgulɔvac
regulovať	rɛguɫovatɕ
regulácia	rɛgulaːtsia
rehabilitácia	rɛɦabilidɑːtsia
rehabilitácia	rɛɦabilitaːtsia
rehoľa	rɛɦɔʎa
rehoľník	rɛɦolɲiːt
rehoľný	rɛɦɔʎniː
reklama	rɛkɫama
reklame	rɛklɑmɛ
reklamnej	prɛklamnɛj
reklamný	rɛkɫamniː
reklamný	vɛklamniː
reklamovať	rɛklamovatɕ
reklamu	rɛkɫamu
rekonštrukcia	rɛkɔnʃtrukktsia
rekord	rɛkɔrd
rekordman	rɛkɔrdman
rekordný	rɛkɔrdniː
rekordér	rɛkɔrdɛːr
rekreant	rɛkrɛʎant
rekreačný	rɛkrɛatʃniː
rekreačný	rɛkrɛaːtʃniː
rektor	rɛktɔr
rektorát	rɛgtoraːt
relatívne	rɛlatiːvɲɛ
relatívny	rɛlativni
relatívny	rɛlatiːvni
relax	rɛlaks
relax	rɛlɑks
relaxovať	rɛlaksɔvak
relevantný	rɛɫɛvantniː
relikvia	ɾɛliklia
reliéf	rɛliɛːf
rely	rɛli
relácia	rɛlɑːtsijɑ
relácie	rɛlɑːtsiɪɛ
relácii	rɛlɑːtsiː
reláciou	rɛlɑːtsiɪɔu
reláciu	rɛlɑːtsiɪu
remená	rɛmɛnaː
remeselnícky	prɛmɛsɪlɲiːtski
remeselník	rɛmɛsɛɫniːk
remeselník	rɛmɛsɛːlniːk
remeslo	rɛmɛslɔ
remeň	rɛmɛn
remeň	rɛmɛɲ
remi	rɛmi
remprezentantom	rɛmprɛzɛntɑntɔm
remíza	rɛmiza
remíza	rɛmiːza
remízovať	rɛmiːzɔvac
renault	rɛnault
renesancia	rɛnɛsantsia
renesancia	ɾɛnesantsja
renesančný	rɛnɛsantʃniː
renomovaný	rɛnɔmɔvaniː
reorganizácia	reorganizatsia
reostat	rɛoɕtat
repa	rɛpa
reparát	ɾepaɾatʃ
repertoár	rɛpɛrtɔaːr
reportáž	rɛpɔrtaːʒ
reportér	rɛpɔrtɛːr
reprezentant	rɛprɛzɛntant
reprezentantka	rɛprɛzɛntɑntka
reprezentatívny	rɛprɛsɛntativni
reprezentatívny	rɛprɛzɛntatiːvni
reprezentačný	rɛprɛzɛntatʃniː
reprezentovať	rɛprɛzɛntɔvac
reprezentácia	reprezentatsia
reprezentácia	rɛprɛzɛntɑːtsia
reprezentácie	rɛprɛzɛntɑːtsie
reprodukcia	rɛproðuktsia
reprodukcia	rɛprɔduktsia
reproduktor	rɛprɔduktɔr
repríza	rɛpriːza
republika	republika
republika	rɛpublika
republika	ɾɛpublika
republikový	rɛpublikɔviː
republiky	rɛpubliki
republikán	rɛpublikaːn
republikánsky	rɛpublikaːnski
resp	rɛsp
respektíve	respektive
respektíve	rɛspɛktiːvɛ
respiračných	rɛspiratʃniːx
respondent	rɛspɔndɛnt
respondenta	rɛspɔndɛnta
retard	rɛtard
reuben	rɛubɛn
reverzný	rɛvɛrsnʲiː
revolučný	rɛvɔlutʃniː
revolver	rɛvɔlvɛr
revolúcia	rɛvɔluːtsia
revolúcie	rɛvolutsijɛ
revolúcie	rɛvɔluːtsiɛ
revízia	rɛvizia
revízia	rɛviːzia
revízor	rɛviːzor
rex	rɛks
rez	res
rez	rɛz
rezance	rɛzantsɛ
rezbár	resbaːr
rezbárstvo	rɛsbarstwɔ
rezerva	rɛzɛrva
rezervný	rɛzɛrvniː
rezervovať	ɛzɛrvɔvɑc
rezervácia	rɛzɛrvɑːtsia
rezervácie	rɛzɛrvɑːtsiɛ
rezeň	rɛsen
rezidencia	rezidɛntsja
rezidencia	rɛzidɛntsia
rezignovať	rɛzignɔvac
rezignovať	rɛzɪgnovatɕ
rezignácia	rɛzignaːtsia
rezignácia	rɛzignaːtsijɛ
rezivo	ɾɛzivo
rezné	rɛznɛː
rezný	trɛzniː
rezolúcia	rzolutsia
rezolúcia	rɛzɔɔluːtsia
rezolútny	rɛzɔɫutnɨ
rezonovať	rɛzɔnɔvac
rezort	rɛzɔrt
rezort	ɾɛzɔr
rezortný	rɛzɔrtniː
reálne	rɛaːlɲɛ
reálnej	rɛɑːlnɛj
reálny	rɛaːlni
reč	rɛtʃ
reči	rɛtʃi
rečnícky	rɛtʃɲitski
rečník	rɛtʃɲiːk
rešpekt	rɛʃpɛk
rešpekt	rɛʃpɛkt
rešpektovanie	rɛʃpɛktɔvaɲiɛ
rešpektovať	rɛʃpɛktovat
rešpektovať	rɛʃpɛktɔvɑc
rešpektujete	rɛʃpɛktujɛcɛ
reštartovať	rɛʃtartovak
reštaurácia	rɛʃtauraːtsia
reštaurácie	rɛʃtauraːtsiɛ
reštaurácii	rɛʃtauraːtsiː
reštauráciu	rɛʃtauraːtsiu
reštrukturalizácia	rɛʃtrukturalizaːtsia
reťaz	rɛcas
reťazec	rɛcazɛts
režijný	rɛʒiːniː
režim	rɛʒim
režimom	rɛʒimɔm
režimu	rɛʒimu
režisér	rɛʒisɛːr
režisérka	rɛʒɪsɛːrka
režisérom	rɛʒisɛːrɔm
režisérske	rɛʒisɛːrskɛ
režisérskeho	rɛʒisɛːrskɛhɔ
režírovať	rɛʒiːrɔvac
riad	riat
riadenie	riaɟɛɲiɛ
riadený	riadʒmiː
riadený	riaɟɛniː
riadi	riaɟi
riadiaci	riaɟiatsi
riadil	riaɟil
riaditeľ	riaɟicɛʎ
riaditeľa	riaɟicɛʎa
riaditeľka	riaɟicɛʎka
riaditeľky	riaɟicɛʎki
riaditeľstvo	riaditɛrstva
riaditeľstvo	riaɟicɛʎstvɔ
riadiť	riaɟic
riadna	riadna
riadne	riadnjɛ
riadne	riadɲɛ
riadnu	riadnu
riadny	riɑdni
riadok	riɑdɔk
riasa	ɾˈiʌsˈɑ
ribozóm	ribozom
richard	rixard
richd	rixd
richtár	rixtɑːr
rick	ritsk
ricky	ritski
riedky	riɛdki
rieka	rieka
rieka	riɛka
rieka	riɛkɑ
rieka	ɾjɛka
riekanka	ɛlekanka
rieke	riɛkɛ
rieknuť	riɛknuc
riekou	riɛkɔu
rieku	riɛku
rieky	riɛki
riečkou	riɛtʃkɔu
riečny	riɛtʃni
riešenia	riɛʃɛɲia
riešenie	ljɛʃɛɲiɛ
riešenie	rɪɛʃɛɲjɛ
riešeniu	rɪɛʃɛɲɪu
riešením	riɛʃɛɲiːm
riešený	riɛʃɛniː
rieši	riɛʃi
riešila	riɛʃilɑ
riešite	riɛʃicɛ
riešiš	riɛʃiʃ
riešiť	riɛʃic
riešiť	riɛʃitʃ
rifle	ɾifla
riga	riga
right	rigɦt
riman	riman
rimavský	rimavskiː
ring	rˈɪŋ
ringu	ringu
rio	riɔ
ripley	riplɛi
risk	risk
riskantný	riskantni
riskantný	riskantniː
riskovať	riskɔvac
rita	rita
rite	ricɛ
riti	rici
rituál	rituɑːl
rituál	riːtuaːl
rival	rivɑl
rival	rˈiːval
river	rivɛr
riziko	rizikɔ
riziko	ɫiziko
rizikový	rizikɔviː
riziká	rizikɑː
rizoto	riːzɔtɔ
riť	ric
ro	rɔ
road	rɔad
rob	rɔb
rob	ɐɾɐbɐ
robbie	rɔbiɛ
robert	rɔbɛrt
roberto	rɔbɛrto
robi	rɔbi
robia	rɔbiɑ
robic	ɾɒbits
robil	rɔbil
robila	rɔbilɑ
robili	rɔbili
robilo	rɔbilɔ
robin	rɔbin
robinson	rɔbinsɔn
robis	rɔbis
robit	rɔbit
robite	rɔbitɛ
robiš	rɔbjiʂ
robiť	robi
robiť	rɔbic
robo	rɔbɔ
robot	roˈbɔt
robot	rɔbɔt
robota	rɔbɔta
roboti	rɔbɔci
robotnica	rabotɲitsɛ
robotnícka	robotɲitska
robotnícky	robatɲitski
robotnícky	rɔbɔtɲiːtski
robotník	rɔbɔtɲiːk
robotoch	rɔbɔtɔx
robotom	rɔbɔtɔm
robotov	rɔbɔtɔv
robotu	rɔbɔtu
roboty	rɔbɔti
robovi	rɔbɔvi
robte	rɔbcɛ
robustný	propustniː
robí	propiː
robí	rɔbiː
robím	robim
robím	rɔbiːm
robíme	rɔbiːmɛ
robíte	rɔbiːcɛ
robíš	rɔbiːʃ
rock	rɔk
rock	rɔtsk
rocky	rɔtski
rod	rod
rod	rot
rod	rɔd
rodený	rɔɟɛniː
rodený	ɾɔɟɛniː
rodina	rodʒina
rodina	rɔɟina
rodine	rɔɟiɲɛ
rodinnom	rɔɟinɔm
rodinnym	rɔɟinnim
rodinná	rodiŋna
rodinná	rɔɟinnaː
rodinné	rɔɟinnɛː
rodinný	rɔɟinniː
rodinou	rɔɟinɔu
rodinu	rɔɟinu
rodiny	rɔɟini
rodisko	rɔɟiskɔ
rodič	rɔɟitʃ
rodičia	rɔɟitʃia
rodičmi	rɔɟitʃmi
rodičom	rɔɟitʃɔm
rodičov	rɔɟitʃv
rodičovské	roɟitʃau̯skɛjɛ
rodičovský	roɟitʃau̯skiː
rodičovský	rɔɟitʃɔvskiː
rodiť	rɔɟic
rodney	rɔdnɛi
rodnú	rɔdnuː
rodný	rɔdniː
rodový	prɔdɔfiː
rodový	rɔdɔviː
rodziniaková	rɔdziɲiakɔvɑː
rodziňáková	rɔdziɲaːkɔvɑː
rodák	rɔdaːk
rodín	rɔɟiːn
roger	rɔgɛr
roh	rox
roh	rɔx
rohovka	roɦou̯ka
rohovky	rɔɦɔvki
rohový	rɔɦɔviː
rohožka	rɔɦɔtʃka
rohu	rɔɦu
rohy	rɔɦj
roj	rɔj
rok	rɔk
roka	rɔka
roklina	roklʲina
rokmi	rɔkmi
roko	rɔkɔ
rokoch	rɔkɔx
rokom	rɔkɔm
rokov	rɔkɔu
rokov	rɔkɔv
rokov	ɾɔkɔu
rokovací	rɔkɔvatsiː
rokovaniach	rɔkɔvaɲiax
rokovaniach	rɔkɔvaɲiɑx
rokovanie	prɔkɔvaɲiɛ
rokovanie	rɔkɔvaɲiɛ
rokovaní	rokovaɲiː
rokovať	rɔkɔvac
rokovať	ɾokʊvatɕ
roku	rɑku
roku	rɔku
roky	roki
roky	rɔki
rola	rɔla
rola	ɾɔla
roland	rɔlɑnd
rolety	rɔlɛti
roll	rɔl
rolu	rɔlu
roláda	ɾɔvaːda
rolák	roːlaːk
rom	rɔm
roman	rɔmɑn
romana	rɔmɑna
romanom	rɔmɑnɔm
romantické	rɔmantitskɛː
romantický	rɔmantitskiː
romantizmus	rɔmantizmus
romák	rɔmaːk
román	romɑːn
román	roˈmɑn
román	rɔmaːn
romča	rɔmtʃɑ
ron	rɔn
ronice	rɔɲitsɛ
roniť	roɲitɕ
ronnie	rɔniɛ
ropa	rɔpa
ropný	rɔpniː
ropovod	rɔpɔvɔd
ropovod	ɾɔpɔvɔt
ropu	rɔpu
ropy	rɔpi
rosa	rɔsa
rose	rɔsɛ
roskosmosu	rɔskɔsmɔsu
rosnička	prɔsnitʃka
rosomák	rɒsomaːk
ross	rɔs
rotmajster	rˈɔtmajstˈɛr
rotor	rɔtɔr
rotovať	rɔtɔvatɕ
rovesník	rovɛʂɲik
rovesník	rɔvɛsɲiːk
rovina	rɔbina
rovina	rɔvina
rovinatý	roɦinatiː
rovinu	rɔvinu
rovnakej	rɔvnakɛj
rovnako	rɔvnɑko
rovnaká	rɔvnakɑː
rovnaké	rɔvnakɛː
rovnakú	rɔvnakuː
rovnaký	rɔvnakiː
rovnať	rɔvnac
rovnať	rɔvnɑtʃ
rovnica	rɔvnitsa
rovno	rɔvnɔ
rovnocenný	robnɔtsɛnɲiː
rovnocenný	rɔvnɔtsɛniː
rovnodennosť	rɔmnɔɟɛnnɔsc
rovnomenný	rɔvnɔmɛnniː
rovnomerne	rɔvnɔmɛrɲɛ
rovnomerný	robnomɛrniː
rovnoprávny	rovnopraːvni
rovnosť	rɔvnɔsc
rovnováha	rɔvnɔvaːɦa
rovnováhu	rɔvnɔvaːhu
rovná	rɔvnaː
rovník	rɔvɲik
rovný	rɔvniː
roy	rɔi
royal	rɔjal
roz	rɔz
rozbalili	razbalʲilʲi
rozbaliť	rɔzbalitɕ
rozbeh	rɔzbɛɦ
rozbehnutý	rɔzbɛɦnutiː
rozbehnúť	rɔzbɛɦnuːc
rozbehová	rɔzbɛhɔvaː
rozbiehať	rɔzbiɛɦac
rozbité	rɔzbitɛː
rozbitý	rɔzbitiː
rozbiť	rɔzbic
rozbolieť	rɔzbɔljɛtɕ
rozbor	rɔzbɔr
rozbúrený	rɔzduːrɛniː
rozchod	rɔzxɔd
rozchádzať	rɔzxɑːdzac
rozcvička	rɔstsiʲitʃka
rozdať	rɔzdac
rozdelenie	rɔzɟɛlɛɲiɛ
rozdelený	rɔzdɛlɛni
rozdelený	rɔzɟɛlɛniː
rozdelil	rɔzɟɛlil
rozdeliť	rɔzɟɛlic
rozdeľovanie	rɔzɟɛʎɔvaɲiɛ
rozdeľovač	rosɟɛlɔvatɕ
rozdeľovať	rɔzɟɛʎɔvac
rozdiel	rɔzɟiɛl
rozdielny	rɔzɟiɛlmi
rozdielny	rɔzɟiɛlni
rozdiely	rɔzɟiɛli
rozdrobiť	rɔzdrɔbitɕ
rozdával	rɔzdaːval
rozdávať	rɔzdaːvac
rozdúchať	rɔsduːxaq
rozhlas	rɔzhlɑs
rozhlase	rɔzhlɑsɛ
rozhlasom	rɔzhlɑsɔm
rozhlasový	rɔzhlɑsɔviː
rozhlasovým	rɔzhlɑsɔviːm
rozhlasu	rɔzhlɑsu
rozhodca	rɔzhɔdtsa
rozhodcovský	rɔzhɔdtsɔvskiː
rozhodla	rɔzhɔdɫa
rozhodli	rɔzhɔdli
rozhodli	rɔzɦɔdli
rozhodne	rɔzɦɔdɲɛ
rozhodnutia	rɔzɦɔdnucia
rozhodnutie	rɔzɦɔdmuɟjɛ
rozhodnutie	rɔzɦɔdnuciɛ
rozhodnutiu	rɔzɦɔdnuciu
rozhodnutí	rɔzɦɔdnuciː
rozhodnutý	rɔzhɔdnutiː
rozhodnúť	rozɦɔdnuːt
rozhodnúť	rɔzɦɔdnuːc
rozhodný	rɔzhɔdniː
rozhodný	rɔzɔdɲiː
rozhodol	rɔzɦɔdɔɫ
rozhodovací	rɔzhɔdɔvatsiː
rozhodovaniach	rɔzhɔdɔvaɲiax
rozhodovanie	rɔzhɔdɔvaɲiɛ
rozhodovať	rɔzhɔdɔvac
rozhoduje	rɔzɦɔdujɛ
rozhodujúci	rɔzhɔdujuːtsi
rozhodujúci	rɔzɦɔdujutsi
rozhovor	razɦovor
rozhovor	rɔzɦɔvɔr
rozhovore	rɔzɦɔvɔrɛ
rozhovoriť	rɔzɦɔvɔric
rozhovoru	rɔzɦɔvɔru
rozhranie	rɔzhraɲiɛ
rozhádzať	rosɦaːdzatɕ
rozháňať	rosɦaːɲɛt
roziňáková	rɔziɲaːkɔvɑː
roziňákovú	rɔziɲaːkɔvuː
rozišiel	rɔziʃiɛl
rozišli	rɔziʃli
rozkaz	rɔzkaz
rozkazovací	prɔzkazɔvatsiː
rozkazy	rɔzkazi
rozklad	rɔzklɑd
rozklad	rˈosklat
rozkladací	rɔskladatsi
rozkladať	rɔzkɫadac
rozkol	rɔskou
rozkol	rɔskɔl
rozkoš	rɔskɔʂ
rozkoš	rɔzkɔʃ
rozkošná	rɔzkɔʃnaː
rozkošné	rɔzkɔʃnɛː
rozkošný	rɔzkɔʃniː
rozkrok	rɔzkrɔk
rozkvasený	rɔskvasɛni
rozkvet	rɔzkvɛt
rozkázať	rɔzkɑːzac
rozlase	rɔzlasɛ
rozličný	prozɫitʃniː
rozličný	rɔzɫitʃniː
rozličných	rɔzɫitʃniːx
rozlišovať	rɔzɫiʃɔvac
rozloha	razloɦa
rozloha	rɔzɫɔɦa
rozloženie	rɔzloʒɛɲiː
rozloženie	rɔzɫɔʒɛɲiɛ
rozložený	rɔzɫɔʒɛniː
rozložiť	razloʒɪc
rozložiť	rɔzɫɔʒic
rozlíšenie	rɔzɫiːʃɛɲiɛ
rozlúč	rɔzɫuːtʃ
rozlúčiť	rɔzɫutʃic
rozlúčka	rɔzɫutʃka
rozlúčku	rɔzɫuːtʃku
rozmach	rɔzmax
rozmanitosť	rɔzmaɲitɔsc
rozmanitý	rɔzmaɲitiː
rozmarín	rɔzmarɛin
rozmaznaný	rɔzmaznaniː
rozmaznaný	rɔzmaznaːniː
rozmedzie	rɔzmɛdziɛ
rozmer	rɔzmɛr
rozmnožovací	rˈosmnoʒɔvatsiː
rozmyslieť	rɔzmisliɛc
rozmýšľal	rɔzmiːʃʎɑɫ
rozmýšľala	rɔzmiːʃʎɑlɑ
rozmýšľam	rɔzmiːʃʎɑm
rozmýšľať	rɔzmiːʃʎac
rozoberať	rozobɛrɛt
rozoberať	rɔzɔbɛrac
rozobrať	rɔzɔbrɑc
rozosmiať	rɔzɔsmiac
rozoznať	rɔzɔznac
rozpad	rɔzpɑd
rozpadnúť	rɔzpɑdnuːc
rozpakov	rɔzpɑkɔv
rozpaky	rɔzpɑki
rozpitvávať	rɔzpitvɑːvac
rozplakať	rɔzpɫakac
rozplynúť	rɔzpɫinuːc
rozpor	rospora
rozpor	rɔzpɔr
rozpoznať	rɔzpɔznac
rozpoznávam	rɔzpɔznaːvam
rozpočet	rɔzpɔtʃɛt
rozpočtom	rɔzpɔtʃtɔm
rozpočtový	rɔzpɔtʃtɔviː
rozpočtu	rɔzpɔtʃtu
rozprava	rɔzprɑva
rozprestierať	rɔzprɛsciɛrac
rozpráva	rɔzprɑːva
rozprávaj	rɔzprɑːvaj
rozprávajú	rɔzprɑːvajuː
rozprával	rɔzprɑːval
rozprávala	rɔzprɑːvalɑ
rozprávali	rɔzprɑːvɑli
rozprávam	rɔzprɑːvam
rozprávame	rɔzprɑːvamɛ
rozprávania	rɔzprɑːvɑɲia
rozprávanie	rɔzprɑːvɑɲiɛ
rozprávate	rɔzprɑːvacɛ
rozprávač	rɔzprɑːvatʃ
rozprávaš	rɔzprɑːvaʃ
rozprávať	rɔzprɑːvac
rozprávka	rospraːvka
rozprávka	rɔzprɑːvka
rozprávkový	rospraːvkoviː
rozprávkový	rɔzprɑːvkɔviː
rozprávky	rɔzprɑːvki
rozpustil	rɔzpuscil
rozpustiť	rɔzpuscic
rozpätie	rɔzpɛciɛ
rozpútali	rɔzpuːtali
rozpútať	rɔzpuːtac
rozrastal	rɔzrɑstal
rozrastala	rɔzrɑstalɑ
rozruch	rɔzrux
rozrušená	rɔzruʃɛnaː
rozsah	rɔzsɑɦ
rozsah	rˈossax
rozsiahly	rɔzsiahli
rozsudok	rɔzsudɔk
roztok	rɔztɔk
roztomilý	rɔstɔmiliː
roztrhnúť	rɔztrhnuːc
rozum	prozum
rozum	rɔzum
rozumel	rɔzumɛl
rozumel	rɔzuvɛl
rozumela	rɔzumɛlɑ
rozumiem	rɔzumɪɛm
rozumieme	rɔzumɪɛmɛ
rozumiete	rɔzumɪɛcɛ
rozumieš	rɔzumɪɛʃ
rozumieť	rozamjɛtɕ
rozumieť	rɔzumiɛc
rozumne	rɔzumɲɛ
rozumná	rɔzumnaː
rozumný	rɔzumniː
rozvedený	rosvɛdʑɛmiː
rozvedený	rɔzvɛɟɛniː
rozviesť	rɔzviɛsc
rozvinutý	rɔzvinutiː
rozvinúť	rɔzvinuːc
rozvod	prozvot
rozvod	rɔzvɔd
rozvode	rɔzvɔɟɛ
rozvoj	rɔzvɔj
rozvoja	rozʋɔja
rozvojový	rɔzvɔjɔviː
rozvrh	rɔzvrh
rozvíjajúci	rɔzviːjajuːtsi
rozvíjanie	rɔzviːjaɲiɛ
rozvíjať	rɔzviːjac
rozísť	roziːst
rozísť	rɔziːsc
rozčarovanosť	rɔscarɔvanɔsc
rozčarovaný	rɔscarʊvaniː
rozčlenenie	rɔscalɛɲɛɲiɛ
rozčuľovať	rɔztʃuʎɔvac
rozľahlý	razlaɦliː
rozľahlý	rɔzʎahliː
rozširovanie	rɔzʃirɔvaɲiɛ
rozširovať	rɔzʃirɔvac
rozšírenie	rɔzʃiːrɛɲiɛ
rozšírený	rostʃiːrɛniː
rozšírený	rɔzʃiːrɛniː
rozšíriť	rɔzʃiːric
ročne	rɔtʃɲɛ
ročná	rɔtʃnaː
ročné	rɔtʃnɛː
ročnému	rɔːtʃnɛːmu
roční	rɔtʃniː
ročník	rɔtʃɲiːk
ročníku	rɔtʃɲiku
ročníku	rɔtʃɲiːku
ročnú	rɔːtʃnuː
ročný	rɔtʃniː
ročný	rˈotʃniː
roľa	rola
roľa	rɔʎa
roľnícky	rɔlɲitski
roľnícky	rɔʎɲiːtski
roľník	rɔʎɲiːk
rošt	rˈaʃt
roštenka	prɔʂtɕɛnka
rožok	rɔʒɔk
rožňava	rɔʒɲava
rožňavy	rɔʒɲavi
rrndr	rrndr
rub	rub
rubeľ	rubɛj
rubeľ	rubɛʎ
rubrika	rubrika
ruby	rubi
ruch	rux
ruda	ruda
ruda	ruˈda
rudava	ɾudava
rudný	rudni
rudohorie	ruːdɔɦɔɾie
rudolf	rudɔɫf
rudy	rudi
ruka	ruka
ruka	rˈuka
rukami	rukami
rukavica	rukavitsa
rukavica	ɾukavitsa
rukavice	rukavitsɛ
rukavicový	rukovitsɔviː
ruke	rukɛ
rukojemník	rukɔjɛmɲiːk
rukojemníkov	rukɔjɛmɲiːkɔv
rukopis	rukɔpis
rukou	rukɔu
ruksak	ruksak
ruku	ruku
ruky	ruki
rukách	rukaːx
rukáv	rukaːv
rukávnik	rvkaːvnˈik
rum	rum
rum	um
rumun	rumon
rumunka	rumumka
rumunsko	rumunskɔ
rumunsky	rmunski
rumunský	rumunskiː
rus	rus
rusalka	rusalka
rusalku	rusalku
rusi	rusi
ruska	ruska
rusko	ruskɔ
rusku	rusku
rusky	ruski
ruského	ruskɛːhɔ
ruský	ruskiː
ruský	ruskʲiː
ruských	ruskˈiːx
rusnák	rusnaːk
russej	russɛj
russell	russɛll
russovej	russɔvɛj
ruth	rutɦ
rutina	rutina
ručenie	rutʃɛɲiɛ
ručiteľský	rutʃitɛlskiː
ručička	rutʃitʃka
ručne	rutʂɲɛ
ručne	rutʃɲɛ
ručné	prutʃnɛː
ručný	rutʃniː
ručný	ruːtʃniː
rušiť	ruʃic
rušiť	ruʃɨt
rušno	ruʃɔ
rušný	ruʃʃniː
ruština	ruʃtʃina
ruším	ruʃiːm
ruža	ruʒa
ruže	ruʒɛ
ružena	ruʒɛna
ruženec	ruʐanʲets
ruženec	ruʒɛɲɛt
ružinov	ruʒinɔv
ružomberok	ruʒɔmbɛrɔk
ružomberok	ruʒɔmdɛrɔk
ružomberský	ruʒɔmbɛrskiː
ružomberským	ruʒɔmbɛrskiːm
ružové	ruʒɔvɛː
ružový	ruʒɔviː
ruží	ruʒiː
ryan	rian
ryba	riba
rybačka	ribatʃka
rybník	ribɲiːk
rybníček	ribɲiːtʃɛk
rybu	ribu
ryby	ribi
rybár	ribar
rybár	ribaːr
rybárik	ribarik
rybárka	riːbɑːrkɑ
rybársky	ribaːrski
rybář	ribaːrʒ
rybí	ribiː
rychlo	rixlɔ
rychlu	rixlu
ryder	ridɛr
rydlo	idlɔ
rypák	ripoːk
rys	ris
rysy	risi
rytec	rikɛts
rytier	riciɛr
rytierov	riciɛrɔv
rytmus	ritmus
ryzen	rizɛn
ryzenov	rizɛnɔv
ryža	riʒa
rád	raːd
rád	rɑːd
rádia	rɑːdiɪa
rádii	raːdiː
rádio	radio
rádio	rɑːdiɪɔ
rádioaktívny	radioaktivni
rádioaktívny	raːdiɔaktiːvni
rádiom	rɑːdɪɔm
rádiožurnál	raːdiɔʒurnaːɫ
rádiu	raːdiju
rám	raːm
rámci	raːmtsi
rámcový	raːmtsɔviː
rámec	raːmɛts
rámec	raːmɨts
rámus	amus
rán	raːn
rána	raːna
ránko	raːnkɔ
ráno	raːnɔ
ráno	rɑːnɔʊ
rásť	raːsc
rátať	raːtac
ráz	raːs
ráz	raːzɐ
rázne	raːzɲɛ
rázny	raːzni
rázporok	rˈaʃpˈorˈok
rébus	re̞bus
rétorika	rɛːtɔrika
rétoriku	rɛːtɔriku
réžia	rɛːʒia
réžii	rɛːʒiː
ríbezle	riːbɪzlɛ
ríbezľový	riːbɪzʎoːʋiː
rím	riːm
ríma	riːma
ríme	riːmɛ
rímskokatolícky	riːmskɔkatɔliːtski
rímsku	riːmsku
rímsky	riːmski
rína	riːna
rínkoch	rinkox
rínkov	rinkɔv
ríša	riːʃa
róm	roːm
rómka	rɔmka
rómoch	rɔːmɔx
rómovia	rɔmɔvja
rómska	rɔːmska
rómsky	rûɔ̯nskɪ
rómsky	rɔːmski
rôzne	ruɔznɛ
rôznorodý	ruɔznɔrɔdiː
rôznorodým	ruɔznɔrɔdiːm
rôzny	ruozni
rôzny	ruɔzni
rôznych	ruɔznix
röntgen	rɛndgɛn
rúcho	ruːxɔ
rúhal	ruːɦal
rúk	ruːk
rúra	ruːra
rúrka	ruːrka
rútiť	ruːcic
rúška	ruːʃkɑ
rúško	ruːʃkɔ
rúšok	ruːʃɔk
rúž	ruːʃ
rýchle	riːxlɛ
rýchlejšie	riːxlɛjʃiɛ
rýchlik	riːxlik
rýchlo	riːxla
rýchlo	riːxlo
rýchlo	riːxlɔ
rýchlosti	riːxlɔsci
rýchlostný	riːxlɔstniː
rýchlosť	riːxlɔsc
rýchlosťou	riːxlɔscɔu
rýchly	riːxli
rýpadlo	rˈiːpadlˌo
rýpanie	ripanie
rýpať	riːpatɕ
s	s
s	z
sa	sa
sa	sɑ
sa	sɛ
sa	sˈa
sabera	sabɛra
sabinov	sabinɔv
sabora	sabɔra
sabov	sabɔv
sabre	sabrɛ
sad	sat
sada	sada
sadako	sadakɔ
sadať	sadac
sadia	saɟia
sadiť	saˈdik
sadni	sadnʲi
sadni	sadɲi
sadnite	sadɲicɛ
sadnúť	sadnuːc
sadom	sadɔm
sadov	sadɔv
sadra	sadra
sadu	sadu
sadzba	sadzba
sadzbe	sadzbɛ
sadzbu	sadzbu
sadár	sˈadˈaɾ
sadíš	sadiːʃ
sae	saɛ
sagan	sagano
sahai	saɦaj
sahaia	saɦaja
sailor	sailɔr
saint	saint
saka	saka
sako	sakɔ
sakra	sɑkrɑ
sakra!	sakrɑ
sal	saɫ
saldo	saɫdɔ
salko	tsalko
sally	sali
salmona	saɫmɔna
salmonela	saɫmonɛva
salonu	salɔnu
salton	saltɔn
salzburg	salzburg
saláma	salaama
salón	saɫɔːn
sam	sɑm
sama	sɑmɑ
same	samɛ
samec	samɛts
samej	samɛj
sami	sɑmɪ
samir	samir
sammy	sammi
samo	sɑmɔ
samopal	samɔpal
samospráva	samɔspraːva
samosprávny	samɔspraːvni
samostatne	samostatɲɛ
samostatne	samɔstɑtɲɛ
samostatnosť	samɔstɑtnɔsc
samostatnú	samostɑtnuː
samostatný	samɔstɑtniː
samota	samɔta
samote	sɑmɔcɛ
samotnej	samotnei̯
samotné	samotnɛː
samotný	samɔtniː
samouk	sɑmɔuk
samov	samɔv
samovražda	samabraʃta
samovražda	samɔvraʒda
samovraždu	samɔvraʒdu
samovražedný	samɔvraʒɛdniː
samozre	sɑmɔzrɛ
samozrejme	sɑmɔzrɛjmɛ
samozrejmosť	samɔzrɛjmɔsc
samozrejmý	samɔzrɛjmiː
samuel	samuɛl
samuel	sˈɑmwˌɛl
samuraj	samuraj
samurajské	samurajskɛː
samé	sɑmɛː
samého	sɑmɛːhɔ
samú	sɑmuː
samý	samiː
san	san
sandro	sandrɔ
sandy	sandi
sandym	sandim
sane	sɒɲɛ
sanitka	sanitka
sanitku	saɲitku
sankcia	sanktsia
santa	santa
santal	santɑŋ
santu	santu
saone	saɔnɛ
saoul	saɔul
sar	sar
sara	sara
sarah	sarah
sare	sarɛ
sarka	sarka
sarkazmus	sɑɾkazmɔsɯ
sarmu	sarmu
sartek	sartɛk
saru	saru
sarín	sariːn
sasi	sˈʌsɪ
sasko	saskˈo
saský	saske
satana	satana
satelit	satəlit
satelit	satɛlit
satelitný	satɛlitniː
satnav	satnav
saturn	saturn
saudský	saudskiː
saul	saul
saurona	saurɔna
sav	sav
saved	savɛd
savent	savɛnt
savom	savɔm
saňa	saɲa
sašenka	saʃɛnka
sblaň	sblaɲ
sbola	sbɔɫa
scenáciách	stsɛnɑːtsiɑːx
scenár	stsɛnar
scenár	stsɛnaːr
scenára	stsɛnaːra
scenáre	stsɛnaːrɛ
scenári	stsɛnaːri
scenáris	stsɛnɑːris
scenárista	stsɛnaːrista
scenáristom	stsɛnɑːristɔm
scenérií	stsɛnɛːriː
scestovaný	stsɛstɔvɑniː
schemes	sxɛmɛs
schladený	sxɫaɟɛniː
schladiť	sxɫaɟic
schmatnúť	sxmatnuːc
schod	sxɔt
schodisko	sxɔɟiskɔ
schodište	sxodjɕcɛ
schodoch	sxɔdɔx
schodok	sxɔdɔk
schody	sxɔdi
schodzky	sxɔdzki
schopnosti	sxɔpnɔsci
schopnosť	sxɔpnɔsc
schopná	sxɔpnaː
schopní	sxɔpniː
schopný	sxopni
schopný	sxopniː
schopný	sxɔpniː
schovaj	sxɔvaj
schoval	sxɔval
schovať	sxɔvac
schováva	sxɔvaːva
schradera	sxraɟɛra
schreckove	sxrɛtskɔvɛ
schránka	sxraːnka
schránky	sxraːnki
schudnúť	sxudnuːc
schvaľovania	sxvaʎɔvaɲia
schvaľovanie	sxvaʎɔvaɲiɛ
schvaľovať	sxvaʎɔvac
schválenie	sxvaːɫɛɲiɛ
schválení	sxvaːɫɛɲiː
schválený	sxvaːɫɛniː
schválilo	sxvaːɫilɔ
schváliť	sxvaːɫic
schytiť	sxicic
schádzať	sxaːdzac
schém	sxɛːm
schéma	sxɛːma
schôdza	sxuɔdzɑ
schôdzka	sxuɔdzka
schôdzka	sxwɔtska
schôdzku	sxuɔdzku
sci-fi	stsifi
scott	stsɔt
scotty	stsɔtti
scp	stsp
scéna	stsɛːna
scéne	stsɛːɲɛ
scénka	stsɛɲnka
scénu	stsɛːnu
scény	stsɛːni
sdk	sdk
sdkú	sdkuː
se	sɛ
sean	sɛan
seattli	sɛattli
seba	sɛba
seba	sɛbɑ
sebadôvera	sɛbaduɔvɛra
sebastian	sɛbastian
sebavedomie	sɛbavɛdɔmiɛ
sebavedomý	sɛbavɛdɔmiː
sebe	sɛbɛ
sebec	sɛbɛts
seberovní	sɛbɛrɔvniː
sebou	sɛbɔu
seconalu	sɛtsɔnalu
sedadlo	sɛdadɫɔ
sedadlá	sɛdadɫaː
sedačka	sɛdatʃka
sedel	sɛɟɛl
sedeli	sɛɟɛli
sedem	sɛdjɛm
sedem	sɛɟɛm
sedembolestná	sɛɟɛnbolɛstnaː
sedemdesiat	sɛɟɛmɟɛsjɑt
sedemdesiatsedem	sɛɟɛmɟɛsjɑtsɛɟɛm
sedemdesiattri	sɛɟɛmɟɛsjɑttri
sedemdesiaty	sɛɟɛmɟɛsjɑti
sedemdesiatych	sɛɟɛmɟɛsjɑtix
sedemnásť	sɛɟɛmnaːsc
sedenie	sɛɟɛɲiɛ
sedia	sɛɟia
sediaci	sɛɟiatsi
sedieť	sɛɟiɛc
sedlač	sɛdɫat
sedliacky	sɛdliatski
sedliak	sɛdliak
sedlo	sɛdɫɔ
sedmohlások	sɛbmoɦlaːsok
sedmohradsko	sɛdmˈoɦratskˈo
sedmokráska	sɛdmɔkraːska
sedmu	sɛdmu
sedátka	sɛdaːtka
sedí	sɛɟiː
sedím	sɛɟiːm
sedíš	sɛɟiːʃ
see	sɛː
segment	sɛgmɛnt
sejba	se̞jbæ
sejme	sɛjmɛ
sek	sɛk
sekač	sɛkat
sekcia	sɛktsia
sekera	sɛkɛra
sekerou	sɛkɛrɔu
seknutý	sɛknutiː
sekretariát	sɛkrɛtariaːt
sekretár	sɛkrɛtaːr
sekretárka	sɛkrɛtaːrka
seksuálnej	sɛksuaːlnɛj
sekta	sɛkta
sektor	sɛktɔr
sektorových	sɛktɔrɔviːx
sektársky	saktarski
sekund	sɛkund
sekunda	sekunda
sekunda	sɛkunda
sekundou	sɛkundɔu
sekundový	sekundɔvi
sekundu	sɛkundu
sekundy	sɛkundi
sekundárny	sɛkundaːrni
sekáme	sɛkɑːmɛ
sekúnd	sekund
sekúnd	sɛkuːnt
selektívna	sɛlɛktiːvna
sem	saɛm
semafor	sɛmafɔr
semeno	sɛmɛnɔ
semester	sɛmɛstɛr
semestrom	sɛmɛstrɔm
semifinále	sɛmifinɑːlɛ
semifinálový	sɛmifinaːɫɔviː
seminár	sɛminaːr
seminári	sɛminɑːri
semiti	semɪti
semitská	sɛmɪpskaː
semka	sɛmka
sen	sen
sen	sena
sen	sɛn
sendvič	sɛndvitʃ
senec	sɛɲɛts
senhor	sɛnhɔr
senica	sɛɲitsa
senior	sɛniɔr
seniorka	sɛniɔrka
seniorov	sɛniɔrɔv
seniorský	sɛniɔrskiː
seno	sela
seno	sɛnɔ
senzačný	sɛnzatʃɲiː
senzibilnosť	sɛnziːbjɫnɔsc
senzora	sɛnzɔra
senzorom	sɛnzɔrɔm
senzorových	sɛnzɔrɔviːx
senzoru	sɛnzɔru
senzácia	sɛnzaːtsia
senát	sɛnaːt
senátor	sɛnaːtɔr
senátora	sɛnaːtɔra
senátorku	sɛnaːtɔrku
seo	sɛɔ
september	septɛmbɛr
september	sɛptɛmbɛr
septembra	sɛptɛmbra
septembri	sɛptɛmbri
septembrový	sɛptɛmbrɔviː
serem	sɛrɛm
sereď	sɛrɛtʲ
seriem	sɛrjɛm
seriál	sɛriaːɫ
seriózny	sɛriɔːzni
sermuj	sɛrmuj
serum	sɛrum
served	sɛrvɛd
server	sɛrvɛr
serverom	sɛrvɛrɔm
serves	sɛrvɛs
servis	sɛrvis
servisný	sɛrvisniː
servisný	sɛɾvisni
servus	sɛrvus
servítka	sɛrviːtkɛ
servítok	sɛrviːtɔk
seržant	sɛrrʒant
seržant	sɛrʒant
sesternica	sɛstɛrɲitsa
sestra	sɛstra
sestre	sɛstrɛ
sestrička	sɛstritʃka
sestrička	sɛstrɪtʃkɛ
sestrou	sɛstrɔu
sestru	sɛstru
sestry	sɛstri
set	sɛt
sete	sɛcɛ
seto	sɛtɔ
setra	sɛtra
setry	sɛtri
sevaron	sɛvarɔn
sever	seˈvɛr
sever	sɛvɛr
severne	sɛvɛrnɲɛ
severne	sɛvɛrɲɛ
severnej	sɛvɛrnaj
severnej	sɛvɛrnɛj
severný	sɛvɛrniː
severoatlantický	sɛvɛrɔatlɑntitskiː
severovýchod	sɛvɛroviːxˈot
severozápadne	sɛvjɛrɔzaːpadɲɛ
severozápadný	sɛvɛrɔzaːpadniː
severský	sɛvɛrskiː
severu	sɛvɛru
sex	sɛks
sexe	sɛksɛ
sexi	sɛksi
sexistický	saksɛstitskiː
sexizmus	saksizmus
sexu	sɛksu
sexualita	sɛksualita
sexuálne	sɛksuaːlnɛ
sexuálne	sɛksuaːlɲɛ
sexuálnej	sɛksuaːlnɛj
sexuálnosť	sɛksuaːlnɔsc
sexuálnu	sɛksuaːlnu
sexuálny	sɛksuaɾni
sexuálny	sɛksuaːlni
sexy	sɛksi
sezam	sɛzam
seze	sɛzɛ
seznam	sɛznam
sezóna	sɛzɔna
sezónny	sɛzɔːnni
sečovce	satʃou̯tsa
sfalšovaný	skalʃɔvɑniː
sfm	ssfm
sféra	sfɛːra
sfére	sfɛːrɛ
sharon	sɦarɔn
she	sɦɛ
sheeni	sɦɛɛni
shh	sɦ
shorty	shɔrti
show	sɦɔv
showtime	shɔvtimɛ
shrek	shrɛk
si	si
si	sɪ
si	sˈi
siaha	siaɦa
siahať	siaɦac
siahnuť	siahnuc
siata	siata
siaty	siatˈi
siať	siak
sid	sid
sidney	sidnɛi
siedme	siɛdmɛ
siedmej	siɛdmɛj
siedmich	siɛdmix
siedmy	siɛdmi
siemens	siɛmɛns
siete	siɛcɛ
sieti	siɛci
sietí	siɛti
sietí	siɛtiː
sieň	siɛɲ
sieť	sie̞k
sieť	siɛc
sieťový	siɛcɔviː
signalizovať	signalizɔvac
signál	signaːɫ
sikozu	sikɔzu
sila	sila
silne	silɲɛ
silnejšie	silɲɛjʃiɛ
silnejší	silɲɛjʃiː
silno	silnɔ
silná	silnaː
silné	siɫnɛː
silný	silniː
silným	silniːm
silou	silɔu
silový	silɔviː
silu	silu
silvest	silvɛst
silvester	silvɛstɛr
silvestra	silvɛstra
silvestrovskou	silvɛstrɔvskɔu
silvestrovský	silvɛstrɔvskiː
sily	sili
silách	silɑːx
silúr	siluɾ
simon	simɔn
sinclair	sintslair
singapur	sʲiŋgapʊr
singel	singɛɫ
sir	sir
sira	sira
sirota	pirota
sirota	sirɔta
sirupový	sidupovi
siréna	sirena
siréna	sirɛːna
sis	sis
sita	sita
sitko	sɛtkɔ
sitnica	sitɲitsa
sito	sitɔ
situovaný	situɔvaniː
situácia	situaːtsia
situácia	situɑːtsia
situáciach	situaːtsiax
situácie	situɑːtsiɪɛ
situácii	situɑːtsiː
situáciu	situɑːtsiju
situáciách	situɑːtsiaːx
sivá	sˈiva
sivý	sivi
sivý	siviː
sižet	siʒɛt
sje	sjɛ
sk	sk
skafander	kafɑŋdeɾ
skala	skala
skala	skaɫa
skaliar	skaljera
skaliarik	skaljarika
skalica	skalitsa
skalnatý	skalnatiː
skalný	skalniː
skalou	skalɔu
skalpelom	skalpɛlɔm
skaly	skali
skanka	skanka
skap	skap
skates	skatɛs
skatula	skatula
skaza	skaza
skazat	skazat
skaziť	skaziːc
skazí	skaziː
skenoch	skɛnɔx
skenujúce	skɛnujuːtsɛ
skeptický	skɛptitskiː
skimpy	skimpi
skla	skla
sklad	sklad
skladací	skladatsiː
skladaný	sklaːdaniː
skladateľ	skladacɛʎ
skladateľovi	skladacɛʎɔvi
skladať	skladac
skladba	skladba
skladný	skladmiː
skladovanie	skɫadɔvaɲiɛ
skladový	skladovjiː
skladu	skladu
sklamal	skɫamal
sklamanie	skɫamaɲiɛ
sklamaná	skɫamanaː
sklamaný	skɫamaniː
sklamať	sklamac
sklapni	sklapɲi
sklenený	sklɛɲɛniː
skleník	sklaniːk
sklený	sklɛniː
sklo	sklɔp
sklo	skɫɔ
sklon	sklɔn
skloniť	sklɔnic
sklonku	sklɔnku
sklonok	skɫɔnɔk
sklony	sklɔni
skloňovali	skɫɔɲɔvali
skládka	sklaːdka
skok	skɔk
skokan	skɔkan
skokových	skɔkɔviːx
skolu	skɔɫu
skomplikovať	skɔmplikɔvac
skoncovať	skɔntsɔvac
skontroloval	skɔntrɔlɔval
skontrolovali	skɔntrɔlɔvali
skontrolovať	skɔntrɔlɔvac
skontroluj	skɔntrɔluj
skontrolujte	skɔntrɔlujcɛ
skončenie	skɔntʃɛɲiɛ
skončenú	skɔntʃɛnuː
skončia	skɔntʃia
skončil	skɔntʃil
skončila	skɔntʃila
skončili	skɔntʃili
skončilo	skɔntʃiɫɔ
skončime	skɔntʃimɛ
skončite	skɔntʃicɛ
skončiť	skɔntʃic
skončí	skɔntʃiː
skončím	skɔntʃiːm
skončíme	skɔntʃiːmɛ
skončíš	skɔntʃiːʃ
skonštatovať	skɔnʃtatɔvac
skopírovať	skopiːrovatɕ
skor	skɔr
skoreho	skɔrɛhɔ
skoro	kɔrɔ
skoro	skɔrɔ
skorý	skorin
skorý	skɔriː
skoršieho	skɔrʃiɛhɔ
skorších	skɔrʃiːx
skosí	skɔsiː
skovávať	skɔvaːvac
skoč	skɔtʃ
skočil	skɔtʃil
skočiť	skɔtʃic
skočiť	skɔtʃit
skrachovaných	skraxɔvaniːx
skrachovať	skraʒɔvac
skraja	skraja
skratka	skratka
skratka	skrˈatka
skreče	skrˈetʃa
skrinka	skrinka
skrinka	skrɛnka
skriňa	skriɲa
skriňa	skɾiɲɐ
skromne	skrɔmɲɛ
skromnosť	skrɔmnɔsc
skromného	skrɔmnɛːhɔ
skromný	krɔmni
skromný	skrɔmniː
skrotený	skrɔtʃɛniː
skrutka	skrutka
skrutkovač	skrutkɔvatʃ
skrutky	skrutki
skryty	skriti
skryté	skritɛː
skrytý	skritiː
skrytý	skrɛtiː
skryvat	skrivat
skryť	skric
skryť	skrˈit
skrz	skrz
skrz	skərs
skrze	skrzɛ
skrátenie	skraːcɛɲiɛ
skrátené	skraːcɛnɛː
skrátený	skraːcɛniː
skrátiť	skraːtic
skrátka	skraːtka
skríknuť	skriːknuc
skrýva	skriːva
skrývaj	skriːvaj
skrývajú	skriːvajuː
skrýval	skriːval
skrývaš	skriːvaʃ
skrývať	skriːvac
skrýša	skriʃa
skrýšach	skriːʃax
skrčila	skrtʃla
skumat	skumat
skupina	skupina
skupine	skupiɲɛ
skupinka	skupinka
skupinový	skupinɔviː
skupinu	skupim
skupinu	skupinu
skupiny	skupini
skupín	skupiːn
skurvene	skurvɛɲɛ
skurvená	skurvɛnaː
skurvené	skurvɛnɛː
skurveného	skurvɛnɛːhɔ
skurvenú	skurvɛnuː
skurvený	skurvɛniː
skurvysyn	skurvisin
skutku	skutku
skutocne	skutɔtsnɛ
skutok	skutɔk
skutočne	skutɔtɕɲɛ
skutočne	skutɔtʃɲɛ
skutočnosti	skutɔtʃnɔsc
skutočnosť	skutɔtʃnɔsc
skutočnosť	skutɔtʃnɔstɕ
skutočná	skutɔtʃnaː
skutočné	skutɔtʃnɛː
skutočného	skutɔtʃnɛːhɔ
skutočnú	skutɔtʃnuː
skutočný	skutotʃniː
skutočný	skutɔtʃniː
skutočným	skutɔtʃniːm
skučí	skutʃiː
skvele	skvɛlɛ
skvelo	skvɛlɔ
skvelá	skvɛlɑː
skvelé	skvɛlɛː
skvelú	skvɛluː
skvelý	skvɛliː
skvelých	skvɛliːx
skvelým	skvɛliːm
skvostné	skʋɔstnɛː
sky	ski
skyškane	stɪʃkanɛ
skáka	skaːka
skákal	skaːkal
skákať	skakat
skákať	skaːkac
skáče	skɑːtʃɛ
skóre	skɔːrɛ
skórovať	skɔːrɔvac
skôr	skuɔr
skúmanie	skumaɲiɛ
skúmanie	skuːmaɲe
skúmať	skuːmac
skús	skuːs
skúsenosti	skuːsɛnɔsci
skúseností	skuːsɛnɔsciː
skúsenosť	skuːsɛnosc
skúsený	skuːsɛniː
skúsil	skuːsil
skúsili	skuːsili
skúsim	skuːsim
skúsime	skuːsimɛ
skúsiť	skuːsic
skúsme	skuːsmɛ
skúste	skuːscɛ
skúša	skuːʃa
skúšal	skuːʃal
skúšala	skuːʃala
skúšam	skuːʃam
skúšať	skuːʃac
skúška	skuːʃka
skúšku	skuːʃku
skúšky	skuːʃki
skúšobný	skuːʃɔbniː
slabikovaný	slaːbjkɔvaniː
slabina	sabina
slabina	sɫabina
slabo	sɫabɔ
slaboch	sɫabɔx
slabosť	sɫabɔsc
slabotu	sɫabɔtu
slabé	sɫabɛː
slabí	sɫabiː
slabý	slaːbiː
slabý	sɫabiː
slabšou	sɫabʃɔu
slabší	sɫabʃiː
sladkosti	sɫadkɔsci
sladkosť	sɫadkɔsc
sladkosť	sɫatkɔstɕ
sladká	sɫadkaː
sladké	sɫatkɛː
sladký	sɫatkiː
sladkým	sɫadkiːm
slaka	sɫaka
slalom	sɫalɔm
slama	sɫama
slang	slˈɛŋk
slanina	sɫaɲina
slaná	sɫanaː
slaný	sɫaniː
slatki	sɫadki
slavnu	sɫavnu
slavný	sɫavniː
slavíme	sɫaviːmɛ
slavín	slovˈiːn
sled	sɫɛd
sledoval	slɛdɔvaɫ
sledovala	sɫɛdɔvalɑ
sledovali	sɫɛdɔvali
sledovanie	slɛdɔvaɲiɛ
sledovanosť	sɫɛdɔvanɔsc
sledovaný	sɫɛdɔvaniː
sledovať	sɫɛdɔvac
sleduj	sɫɛduj
sleduje	sɫɛdujɛ
sledujem	sɫɛdujɛm
sledujete	slɛdujɛcɛ
sledujte	slɛdujcɛ
sledujú	sɫɛdujuː
slepá	slɛpaː
slepý	slɛpi
slepý	slɛpiː
slečna	sɫɛtʃɲɑ
slečnou	sɫɛtʃnɔu
slečnu	sɫɛtʃɲu
slečny	sɫɛtʃɲi
sliač	sɫijatʃ
sliepka	sliɛpka
sliepkam	sliɛpkam
sliepky	sliɛpki
sliepky	sljɛpki
sliepok	sliɛpɔk
sliezsko	sliɛskɔ
slimačí	sliːmatʃiː
slimák	slimaːk
slina	sɫina
slivka	slivka
slizniak	sɫizɲiɛk
sliznica	slizɲitsa
slnečnej	sɫɲɛtʃɲɛj
slnečnica	sɫɲitʃɲitsa
slnečné	sɫɲɛtʃnɛː
slnečný	sɫɲɛtʃˌniː
slniečko	sɫɲiɛtʃkɔ
slnka	sɫŋka
slnko	sɫŋkɔ
slnku	sɫnku
sloan	sɫɔan
sloboch	sɫɔbɔx
sloboda	sɫɔbɔda
slobodan	sɫɔbɔdan
slobode	sɫɔbɔɟɛ
slobodne	sɫɔbɔdɲɛ
slobodná	sɫɔbɔdnaː
slobodní	sɫɔbɔdniː
slobodník	slobodɲːik
slobodník	sɫɔbɔdɲiːk
slobodný	sɫobobɲiː
slobodný	sɫɔbɔdniː
slobodu	sɫɔbɔdu
slobody	sɫɔbɔdi
slogan	sɫɔgan
sloha	fɫoɦa
slon	son
slon	sɫɔn
slona	sɫɔna
sloní	sloɲiː
sloní	sɫɔɲiː
slotca	slottsa
slotoch	sɫɔtɔx
slov	slɔv
slova	slɔʋa
slova	sɫɔva
slovami	sɫɔvami
slovan	sɫɔvan
slovane	slɔvɑɲɛ
slovanský	sɫɔvanskiː
slove	sɫɔvɛ
slove	sɫɔʋɛ
slovenka	sloːvɛnka
slovenka	sɫɔʋɛnka
slovenku	sɫɔvɛnku
slovens	sɫɔʋɛns
slovenska	sɫɔʋɛnska
slovenskej	sɫɔʋɛnskɛj
slovensko	slovɛnskˈo
slovensko	sɫɔʋɛnskɔ
slovenskom	sɫɔʋɛnskɔm
slovensku	sɫɔʋɛnsku
slovensky	sɫɔvɛnski
slovenská	sɫɔʋɛnskɑː
slovenské	sɫɔʋɛnskɛː
slovenského	sɫɔʋɛnskɛːhɔ
slovenský	slɔʋɛnskiː
slovenský	sɫɔvɛnskiː
slovenských	sɫɔvɛnskiːx
slovenským	sɫɔvɛnskiːm
slovenčina	sɫɔvɛntʃina
slovenčinu	sɫɔʋɛntʃinu
slovesný	slovɛstniː
sloveso	sɫɔvɛsɔ
slovinsko	sɫɔvinskɔ
slovinský	sɫɔvinskiː
slovičkárenie	slovɪtʃkarɛɲɪɛ
slovko	sɫɔvkɔ
slovnaft	sɫɔvnaft
slovník	slɔʋɲiːk
slovníka	sɫɔʋɲiːka
slovníku	sɫɔʋɲiːku
slovný	sɫɔvniː
slovo	slɔvɔ
slovo	sɫɔvɔ
slovutný	sɫɑvutniː
slová	sɫɔvaː
slováci	sɫɔvaːtsi
slovák	sɫɔvaːk
slovíčko	sɫɔviːtʃkɔ
slubných	sɫubniːx
slubujem	sɫugujɛm
sluch	sɫux
sluchac	slukas
sluchový	sluxovjiː
sluchovým	sɫuxɔviːm
sluha	sɫuɣa
sluha	sɫuɦa
slučka	sɫutʂka
slušne	sɫuʃɲɛ
slušnosť	sɫuʃnɔsc
slušnu	sɫuʃnu
slušné	sɫuʃnɛː
slušný	sɫuʃniː
služba	sɫuʒba
službe	sɫuʒbɛ
službu	sɫuʒbu
služby	sɫuʒbi
službám	sɫuʒbaːm
služobník	sɫuʒɔbɲiːk
služobný	sɫuʒɔbniː
slza	sɫza
slzu	sɫzu
slzy	slzi
sládkovičovo	slaːdkɔvitʃɔvɑ
sláva	slaːva
sláva	sɫaːva
slávik	sɫaːvik
sláviť	sɫaːvic
slávnostne	slaːvnɔsnɛ
slávnostne	sɫaːvnɔstɲɛ
slávnostný	sɫaːvnɔstniː
slávnosť	sɫaːvnɔsc
slávny	sɫavnɨ
slávny	sɫaːvni
slávnych	sɫaːvnix
slávnym	sɫɑːvnim
slávu	sɫaːvu
slúchadlo	sɫuːxadɫɔ
slúchadlá	sluxadlaː
slúži	sɫuːʒi
slúžiaci	sɫuːʒiatsi
slúžili	sɫuːʒili
slúžiť	sɫuːʒic
slúžiť	sɫuːʒit
slúžka	sɫuːʒka
slúžkovský	sɫuːʒgɔvˈskiː
smajlík	smajliːk
smaragdový	smaːrakdoviː
smarkati	smargaatɪ
smačny	smatʃni
smažený	smaːʒɛniː
sme	smɛ
smej	smɛj
smejivá	smajiva
smelo	smɛɫɔ
smelý	smɛliː
smelý	smˈɛlɪ
smena	smɛna
smer	smɛr
smere	smɛrɛ
smernica	smɛrɲitsa
smerom	smɛrɔm
smeroval	smɛrɔval
smerovania	smɛrɔvaɲia
smerovanie	smɛrɔvaɲiɛ
smerovať	smɛrɔvac
smerové	smɛrɔvɛː
smeru	smɛru
smeruje	smjɛrujɛ
smeruje	smɛrujɛ
smerujúci	smɛrujuːtsi
smeráci	mɛraːtsi
smerák	mɛraːk
smeráčka	mɛraːtʃka
smetanovo	smɛtanɔvɔ
smetiar	smɛciar
smiali	smiali
smiať	smiac
smiech	smiɛx
smiech	smʲex
smiechu	smiɛxu
smiem	smiɛm
smieš	smiɛʃ
smiešne	smiɛʃɲɛ
smiešny	smiɛʃni
smiešny	smjɛʃnɛj
smieť	smiɛc
smilstvo	smʲiɫstvʊ
smith	smitɦ
smog	smɔk
smokovec	smɔkɔvɛts
smola	smɔɫa
smoliar	smoljaːr
smoliarka	smɔliɛrka
smolník	smɔɫɲik
smotana	smɔtana
smotanu	smɔtanu
smrad	smrat
smrad	smrt
smrdia	smrɟia
smrdí	smrɟiː
smrek	smrɛk
smrekovcový	smrɛkɔvtstɔviː
smrt	smrt
smrteľne	smrcɛʎɲɛ
smrteľný	smrtɛʎniː
smrti	smrci
smršť	smɾʃt
smrť	smrc
smrťou	smrcɔu
smutne	smutɲɛ
smutnej	smutnɛj
smutno	smutnɔ
smutná	smutnaː
smutné	smutnɛː
smutný	smutni
smutný	smutniː
smäd	smɛd
smädný	smɛdniː
smädný	sɛdni
smíchem	smiːxɛm
smútkom	smuːtkɔm
smútok	smuːtɔk
smútočný	smutɔtʃniː
smútočný	smuːtɔtʃniː
smějí	smjɛjiː
snaha	snaɦa
snahy	snaɦi
snamy	snami
snata	snata
snaž	snaʒ
snaženie	snaʒɛɲiɛ
snažia	sɲaʒja
snažil	sɲaʒil
snažila	sɲaʒiɫa
snažili	sɲaʒili
snaživý	snˈaʒɪviː
snažiť	snaʒi
snažiť	snaʒic
snažte	snaʒcɛ
snaží	sɲaʒiː
snažím	sɲaʒiːm
snažíme	snaʒiːmɛ
snažíte	sɲaʒiːcɛ
snažíš	snaʒiːʃ
snd	snd
sne	sɲɛ
sneh	sɲɛɦ
snehový	sɲɛɦɔviː
snehu	sɲɛɦu
snem	sɲɛm
snemovňa	sɲɛmɔvɲa
snežiť	sɲɛʒic
snežiť	sɲɛʒitɕ
snežná	sɲɛʐna
snina	sɲina
sninský	sninskiː
snob	snɔp
snobský	snɔbskiː
snoch	snɔx
snop	snɔp
snov	snɔv
snr	snr
sns	sns
snu	snu
snubý	snubiː
sny	sli
sny	sni
snár	snˈaːr
snáď	snaːc
snímka	sɲiːmka
snímok	sɲiːmɔk
sníva	sɲiːva
sníval	sɲiːval
snívalo	sɲiːvalɔ
snívať	sɲiːvac
snúbenica	snubɛɲitsa
snúbenici	snɔw̃pɔɲitsɨ
sněhu	sɲɛhu
so	zɔ
soar	sɔar
sob	sɔb
sobec	sɔbɛts
sobota	sabota
sobota	sɔbɔta
sobotný	sɔbɔtniː
sobotu	sɔbɔtu
sobotňajší	sabotɲɛjʃiː
sobotňajší	sɔbɔtɲajʃiː
sobrance	sɔbrantsɛ
sobáš	sɔbaːʃ
sobí	sɔbiː
socha	saxa
socha	sɔxa
sochať	soxak
sochár	sofar
sochár	sɔxaːr
socialista	sɔtsialista
socialistický	sɔtsialistitskiː
socializmu	sɔtsiɑlizmu
socializmus	sotsialismuʃ
socializmus	sɔtsializmus
societa	sɔtsiɛta
sociológ	sɔtsiɔɫɔːg
sociálne	sɔtsiaːlɲɛ
sociálneho	sɔtsiaːlnɛhɔ
sociálnej	sɔtsiaːlnɛj
sociálno	sɔtsiaːɫnɔ
sociálnodemokratický	sɔtsiɑːlnɔdɛmɔkrɑtitskiː
sociálny	sɔtsiaːɫni
sociálnych	sɔtsiaːlnix
sociálnych	sɔtsiaːɫnix
sodný	sɔdniː
sofia	sɔfia
soft	sɔft
softvér	sɔftvɛːr
softvérový	sɔftvɛːrɔviː
sok	sɒk
sokol	sɔkɔl
solený	solˈɛni
soli	sɔli
solidarita	sɔlidarita
solipsizmus	sɔlibˈsɪzmuz
solivar	sɔlivar
solo	sɔɫɔ
sološnica	salaʃɲitsa
solárnu	sɔɫaːrnu
solídny	sɔɫiːdni
som	sɔm
somar	sɔmar
somarik	sɔmarik
somarina	sɔmarina
somarina	sɔmaːrɪna
somarov	sɔmarɔv
somna	sɔmna
somner	sɔmnɛr
somo	sɔmɔ
somálsko	sɔmalskɔ
somár	somar
somár	sɔmaːr
sonda	sɔnda
song	sɔng
sonny	sɔnni
sono	sɔnɔ
sony	sɔni
sonya	sɔnia
sonáty	sɔnaːti
sop	sɔp
sopečného	sɔpɛtʃnɛːhɔ
sopečný	sopetʃmɨ
sophie	sɔphiɛ
sopka	sɔpka
soptiť	soptiʃ
sopľak	soklak
soren	sɔrɛn
sorren	sɔrɛn
sorry	sɔrri
sortiment	sɔrtimɛnt
sotva	sɔtva
soté	sautˈe
sova	sɔva
soviet	sɔviɛt
sovietsky	sɔviɛtski
sovu	sɔvu
sozeho	sɔzɛhɔ
sozemu	sɔzɛmu
soči	sɔtʃi
soči	sɔtʃɨ
soľ	sol
soľ	sɔʎ
soľnička	sɔɫɲitʃka
soška	sɔʃka
spachtoš	spaxdɔʃ
spací	spatsii
spací	spatsiː
spadať	spadac
spadať	spadak
spadla	spadɫa
spadne	spadɲɛ
spadnúť	spaddnuːc
spadol	spadɔɫ
spadu	spadu
spakovaný	spakɔvɑni
spal	spaɫ
spala	spaɫa
spamätať	spamɛtac
spanie	spanɛ
spanie	spaɲiɛ
spartan	spartan
spasiteľ	spasicɛʎ
spat	spat
spavam	spavam
spaz	spaz
spaľovanie	spaʎɔvaɲiɛ
spaľuje	spaʎujɛ
spať	spac
spe	spɛ
spectrum	spɛtstrum
spektroskopia	spɛktroskɔpjɛ
spektrum	spɛktrum
spence	spɛntsɛ
sperma	spɛrma
spetnú	spɛtnuː
spev	spɛu̯
spev	spɛv
spevu	spɛvu
spevá	spɛvaː
speváci	spɛvaːtsi
spevácku	spɛvaːtsku
spevácky	spɛvaːtski
spevák	spɛvaːk
spevákmi	spɛvaːkmi
spevákov	spɛvaːkɔu
speváčka	spɛvaːtʂka
speváčka	spɛvaːtʃka
speť	spɛc
spi	spi
spiaci	spiatsi
spiatočný	spiatɔtʃniː
spiev	spjɛv
spieva	spjɛva
spievaj	spjɛlaj
spievaj	spjɛvaj
spievajú	spjɛvaju
spieval	spjɛval
spieval	zpjɛvaɫ
spievali	spjɛvali
spievam	spjɛvam
spievate	spjɛvacɛ
spievať	spjɛvac
spis	spis
spisovateľ	spisɔvacɛll
spisovateľ	spisɔvacɛʎ
spisovateľa	spisɔvacɛʎa
spisovateľka	spisɔvacɛʎka
spisovný	spisɔvniː
spisy	spisi
spitý	spitiː
spiš	spiʃ
spišiak	spiʃiak
spišská	spiʃskaː
spišský	spiʃskiː
splanírovať	planɪːrovɑc
splanúť	spɫanut
splatenie	spɫacɛɲiɛ
splatiť	spɫacic
splatky	spɫatki
splatnosť	spɫatnɔsc
splatný	spɫatniː
splašenosť	spɫɑʃɛːnɔsc
splaškom	splˈaʃkom
spln	spɫn
splnenie	spɫɲɛɲiɛ
splnený	spɫɲɛniː
splnil	splɲɪɫ
splnil	spɫɲil
splnilo	spɫɲilɔ
splniť	spɫɲic
splnomocnenec	spɛlnomɔtsɲɛɲɛts
splnomocnenec	spɫnɔmɔtsɲɛɲɛts
splyň	spɫiɲ
splácanie	spɫaːtsaɲiɛ
splácať	spɫaːtsac
splátka	spɫaːtka
spochybniť	spɔxibɲic
spochybňovať	spɔxibɲɔvac
spod	spɔd
spodnom	spɔdnɔm
spodný	spɔdniː
spodný	spɔdɲu
spoj	spaj
spoj	spɔj
spojencov	spɔjɛntsɔv
spojenec	spɔjɛɲɛts
spojenecký	spɔjɛɲɛtskiː
spojenectvo	spɔjɛɲɛtstvɔ
spojenie	spɔjɛɲiɛ
spojenie	zfɔjɛɲiɛ
spojené	spɔjɛnɛː
spojený	spɔjɛniː
spojených	spɔjɛniːx
spojili	spɔjili
spojitosti	spɔjistɔsci
spojitosť	spɔjitɔsc
spojiť	spojitɕ
spojiť	spɔjic
spojka	spɔjka
spojov	spɔjɔv
spojí	spɔjiː
spojíš	spɔjiːʃ
spoko	spɔkɔ
spokojený	spɔkɔjɛniː
spokojne	spɔkɔjɲɛ
spokojnejší	spɔʊkɔjɲɛjʃiː
spokojnosť	spɔkɔjnɔsc
spokojný	spɔkɔjniː
společné	spɔlɛtʃnɛː
spoliehať	spɔliɛɦac
spolkový	spɔɫkɔviː
spolky	spɔɫki
spolo	spɔɫɔ
spolok	spɔɫɔk
spolok	spɔˈɫok
spoločensko	spɔɫɔtʃɛnskɔ
spoločensky	spɔɫɔtʃɛnski
spoločenský	spɔbɔtʃɛnskiː
spoločenský	spɔɫɔtʃɛnskiː
spoločenstva	spɔɫɔtʃɛnstva
spoločenstvo	spɔɫɔtʃɛnstvɔ
spoločenstvo	spɔɫɔtʃɛnstwɔ
spoločne	spɔlɔtʃɨɲi
spoločne	spɔɫɔtʃɲɛ
spoločnej	spolotʃnɛː
spoločno	spɔɫɔtʃnɔ
spoločnosti	spɔɫɔtʃnɔsci
spoločností	spɔɫɔtʃnɔsciː
spoločnosť	spɔɫɔtʃnɔsc
spoločná	spɔɫɔtʃnaː
spoločné	spɔɫɔtʃnɛː
spoločného	spɔɫɔtʃnɛːhɔ
spoločník	spɔɫɔtʃɲiːk
spoločnú	spɔɫɔtʃnuː
spoločný	spɔɫɔtʃniː
spolu	spɔɫu
spolubývajúci	spɔlupiːvajutsi
spoluhráč	spɔɫuɦraːtʃ
spoluobčan	spɔɫuɔbtʃan
spolupracovali	skɔlupratsɔvali
spolupracovať	spɔlupratsovac
spolupracovať	spɔɫupratsɔvac
spolupracovník	spɔɫupratsɔvɲiːk
spolupráca	spɔɫupraːtsa
spolupráce	spɔlupraːtsɛ
spolupráci	spɔlupraːtsi
spoluprácu	spɔɫupraːtsu
spoluúčasť	spɔɫuuːtʃasc
spolužiaci	spɔluʒiatsi
spolužiak	spɔɫuʒiak
spolužitie	spɔɫuʒiciɛ
spom	spɔm
spomalenie	spɔmalɛɲiɛ
spomaliť	spɔmalic
spomaľ	spɔmaʎ
spomedzi	spɔmɛdzi
spomen	spɔmɛn
spomenie	spɔmɛɲiɛ
spomenieme	spɔmɛɲiɛmɛ
spomenul	spɔmɛnuɫ
spomenula	spɔmɛnuɫa
spomenuli	spɔmɛnuɫi
spomenutý	spɔmɛnutiː
spomenúť	spomɛnu
spomenúť	spɔmɛnuːc
spomienka	spɔmiɛnka
spomienkový	spɔmiɛnkɔviː
spomienky	spɔmjɛnki
spomína	spɔmiːna
spomínal	spɔmiːnal
spomínali	spɔmiːnali
spomínam	spɔmiːnam
spomínaný	spɔmiːnaniː
spomínate	spɔmiːnacɛ
spomínaš	spɔmiːnaʃ
spomínať	spɔmiːnac
spontán	spɔntɑːn
spontánne	spɔntɑːnɲɛ
spontánny	spɔntɑːnni
sponzor	spɔnzɔr
sponzorovaný	spɔnzɔrɔvaniː
spor	spɔr
sporenie	spɔrɛɲiɛ
sporiteľ	spɔricɛʎ
sporiteľňa	spɔricɛʎɲa
sporné	spɔrnɛː
sporný	spɔrniː
sporný	spɔːrmiː
sporák	sporaːk
sporák	spɔrɑːk
spot	spɔt
spotreba	spɔtrɛba
spotrebiteľ	spɔtrɛbicɛʎ
spotrebiteľský	spɔtrɛbicɛʎskiː
spotrebič	spɔtrɛbitʃ
spotrebný	spɔtrɛbniː
spotrebovať	spɔtrɛbɔvac
spotrebu	spɔtrɛbu
spotreby	spɔtrɛbi
spovedáme	spɔvɛdɑːmɛ
spoveď	spɔvɛɟ
spoza	spɔza
spoznal	spɔznal
spoznala	spɔznala
spoznali	spɔznali
spoznalo	spɔznalɔ
spoznam	spɔznam
spoznas	spɔznas
spoznať	spɔznac
spoznať	spɔznatɕ
spoznávaciu	spɔznaːvatsiu
spoznávam	spɔznaːvam
spoznávačky	spɔznaːvatʃki
spoznávaš	spɔznaːvaʃ
spoznávať	spɔznaːvac
spozorovať	spɔzɔrɔvac
spočiatku	spɔtʃiatku
spočítať	spɔtʃiːtac
spočívať	spɔtʃiːvac
spoľahlivo	spɔʎahlivɔ
spoľahlivosť	spɔʎahlivɔsc
spoľahlivý	spɔʎahliviː
spoľahnúť	spɔʎahnuːc
spp	spp
spracovanie	spratsɔvaɲiɛ
spracovaný	spratsɔvaniː
spracovať	spratsɔvac
spracujem	spratsujɛm
spracúvať	spratsuːvac
spratkov	spratkɔv
sprav	sprav
sprava	sprava
spravcu	spravtsu
spraveny	spravɛnɨ
spravený	spravɛniː
spravidla	spravidlɑ
spravil	spravil
spravil	spɾavil
spravila	spravilɑ
spravili	spravili
spravilo	spravilɔ
spravit	spravit
spraviť	spravic
spravme	spravmɛ
spravodajca	spravɔdajtsa
spravodajský	spravɔdajskiː
spravodajstvo	spravɔdajstvɔ
spravodlivosti	spravɔdlivɔsci
spravodlivosť	spravɔdlivɔsc
spravodlivosť	spraɦvodljvɔsc
spravodlivé	spravɔdlivɛː
spravodlivý	spravɔdliviː
spravovať	spravɔvac
spraví	spraviː
spravím	sprɑviːm
spravíme	sprɑviːmɛ
spravíš	spraviːʃ
sprcha	sprxa
sprcha	sprˈexa
spred	sprɛd
spredu	spredu
sprej	sprɛj
spreju	sprɛju
spresniť	sprɛsnic
sprevádzaný	sprɛvaːdzaniː
sprevádzať	sprɛvaːdzac
sprievod	spriɛvɔd
sprievod	spɾivɔd
sprievodca	spriɛvɔdtsa
sprievodný	spriɛvɔdniː
sprisahanie	prɪsaɦaɲiɛ
sprisahanie	sprisaɦaɲiɛ
sprostojsc	sprostɔis
sprostosti	sprɔstɔsci
sprostredkovanie	sprɔstrɛdkɔvaɲiɛ
sprostredkovateľ	sprɔstrɛdkɔvacɛʎ
sprostredkovať	sprɔstrɛdkɔvac
sprostu	sprɔstu
sprostá	sprɔstɑː
sprosták	sprɔstaːk
sprosté	sprɔstɛː
sprostí	sprɔstiː
sprostý	sprɔstiː
sprt	sprt
sprvu	sprvu
sprácna	spraːtsna
správ	sprɑːv
správa	spraːva
správach	spraːvax
správali	spraːvali
správanie	spraːvaɲjɛ
správaní	spraːvaɲiː
správaš	spraːvaʃ
správať	spraːvac
správca	spraːvtsa
správcovský	spraːvtsɔvskiː
správe	spraːvɛ
správna	spraːvna
správne	sprɑːvnæ
správnom	spraːvnɔm
správnosť	spraːvnɔsc
správnu	spraːvnu
správny	spravni
správny	spraːvni
správnych	spraːvnix
správnym	spraːvnim
správu	spraːvu
správy	spraʋi
správy	spraːvi
sprístupniť	spristupɲic
spun	spun
spundžety	spundʒeti
spustenie	spuscɛɲiɛ
spustený	spuscɛniː
spusti	spusci
spustil	spuscil
spustiť	spuscic
spustiť	spusciɟ
spy	spi
spytaju	spitaju
spytovať	spitɔvac
spácha	spaːxa
spáchal	spaːxal
spáchanie	spaːxaɲiɛ
spáchaného	spaːxanɛːhɔ
spáchaný	spaːxaniː
spáchať	spaːxac
spája	spaːja
spájanie	spaːjaɲiɛ
spájať	spajat
spájať	spaːjac
spálením	spaːlɛɲiːm
spáliť	spaːlic
spálne	spaːlɲɛ
spálni	spaːlɲi
spálňa	spalɲa
spálňa	spaːɫɲa
spánku	spaːnku
spánok	spaːnɔk
spása	spaːsa
spátky	spaːtki
spávať	spaːvac
spávy	spaːvi
spätne	spɛtɲɛ
spätnú	spætnuː
spätný	spɛtniː
spätý	spɛtiː
späť	spɛc
spí	spiː
spím	spiːn
spím!	spiːm
spíš	spiːʃ
spóry	spɔːri
spôsob	spuɔsp
spôsob	spuɔsɔp
spôsobený	spuɔsɔbɛniː
spôsobil	spuɔsɔbil
spôsobila	spuɔsɔbila
spôsobilosť	spuɔsɔbilɔsc
spôsobiť	spuɔsɔbic
spôsobmi	spuɔsɔbmi
spôsobom	spuɔsɔbɔm
spôsobov	spuɔsɔbɔv
spôsobovať	spwɔsɔbɔvac
spôsobu	spuɔsɔbu
spôsobuje	spuɔsɔbujɛ
spôsoby	spuɔsɔbi
spôsobí	spuɔsɔbiː
spústa	spuːsta
spúšťanie	spuːʃcaɲiɛ
spúšťať	spuːʃcac
spýtaj	spiːtaj
spýtal	spiːtal
spýtali	spiːtali
spýtam	spiːtam
spýtať	spiːtac
spĺňať	spɫːɲac
spŕchnuť	sprxnʊc
sr	sr
srac	sɾats
sranda	sranda
sranda	stranta
srandu	srandu
sranduješ	srandujɛʃ
srandy	srandi
sračiek	sratʃiɛk
sračka	sratʃka
sračkami	sratʃkami
sračku	sratʃku
sračky	sratʃki
sračkách	sratʃkaːx
sraľo	sralo
srať	srac
srb	srrb
srbi	srrbi
srbsko	srrbskɔ
srbský	srrbskiː
srdca	srtsa
srdce	srdtsɛ
srdci	srtsi
srdcia	srtsia
srdciach	srtsiax
srdcom	srtsɔm
srdcovka	srdtsɔvkɑ
srdcový	srtsɔviː
srdcu	srtsu
srdečne	srɟɛtʃɲɛ
srdečne	sɛrdɛtʃɲɛ
srdečný	srɟɛtʃniː
srdiečko	srɟiɛtʃkɔ
sro	srɔ
srp	sɯˈrp
srsté	srstɛj
srsť	srsc
srsť	srst
srákov	sraːkɔv
sráč	sraːtʃ
sráš	sraːʃ
ss	ss
st	st
stabilita	stabilita
stabilizovaný	stabilizɔvaniː
stabilizovať	stabilizɔvac
stabilizácia	stabilizaːtsia
stabilný	stabilniː
staci	statsi
stacyho	statsihɔ
stagnovať	stagnɔvac
stagnácia	stagnaːtsia
stajňa	stajɲa
stajňa	stajɲːa
stakčín	staktʃiːn
stakčín	staktʃɛn
stakčín	staktʃɪm
stal	stɑl
stala	stɑlɑ
stale	stɑlɛ
stali	stɑli
stalino	staliˈna
stalo	stɑlɔ
stan	san
stan	stan
stana	stana
stane	stɑɲɛ
stanica	staɲitsa
stanice	staɲitsɛ
stanici	staɲitsi
stanicu	staɲitsu
stanley	stanlɛi
stano	stanɔ
stanovenie	stanɔvɛɲiɛ
stanovený	stanɔvɛniː
stanovený	tanovɛni
stanovisko	stanɔviskɔ
stanovište	stanɔviʃcɛ
stanoviť	stanɔvic
stanovovať	stanɔvɔvac
stanovujú	stanɔvujuː
stanovy	stanɔvi
stanovy	zˈtanɔviː
stanul	t̪anul
star	star
staraj	staraj
starajú	starajuː
staral	staral
starať	strac
starec	starɛts
starej	starɛj
starena	starɛna
stares	starɛs
stark	stark
starká	starkaː
starký	starkiː
starký	stɑrki
starle	starlɛ
starliner	starlinɛr
starneš	starɲɛʃ
starnutia	starnucia
starnutie	starnuciɛ
starnutím	starnuciːm
staroba	starɔba
starobabylonská	staːrɔbabjlɔnskaː
starobný	starɔbniː
starobylý	starɔbiliː
starom	starɔm
staromládeneckom	starɔmlɑːɟɛɲɛtskɔm
staronový	starɔnɔviː
starosta	starɔsta
starosti	starɔsci
starostka	starɔstka
starostky	starɔstki
starostlivo	starɔstlivɔ
starostlivosť	starɔstlivɔsc
starostlivý	starɔstliviː
starosť	starɔsc
starou	starɔu
staroveku	starɔvɛku
staroveký	starovɛkɪ
staroveký	starɔvɛkiː
starožitnosti	starɔʒyɛtnɔsti
starrovým	starɔviːm
stary	stari
stará	staraː
staráš	staraːʃ
staré	starɛː
starého	starɛːhɔ
starému	starɛːmu
starí	stariː
starú	staruː
starúš	staruːʃ
starý	stariː
starých	stariːx
starým	stariːm
starček	startʃɛk
starček	tartʃek
staršej	starʃɛj
staršom	starʂam
starší	starʃi
starší	starʃiː
starších	starʃiːx
stastie	statiɛ
stat	stat
statický	statitskiː
statný	statniː
statok	statɔk
statočný	statotʃniː
statočný	statɔtʃniː
status	status
stav	stau
stav	stau̯
stav	stav
stava	stava
stavaj	stavaj
stavajú	stavajuː
staval	stɑval
stavač	stavatɕ
stavať	stavac
stavba	stavba
stavbe	stavbɛ
stavby	stavbi
stavbár	stavbaːr
stavbársky	stawbaːrski
stave	stavɛ
stavebníctvo	stavɛbɲiːtstvɔ
stavebný	stavɛbniː
stavebným	stavɛbniːm
stavené	stavɛnɛː
stavia	stavia
stavil	stavil
staviteľ	stavicɛʎ
staviť	stavic
stavovské	stavɔvskɛː
stavro	stavrɔ
stavu	stavu
stavy	stavi
stavé	stavɛː
stavím	staviːm
stačilo	statʃilɔ
stačiť	statʃic
stačí	statʃiː
staří	staːrʒiː
stať	stɑc
stať	stˈɑt
ste	scɛ
stebou	scɛbɔu
steel	stɛːl
stehenný	stehɛnmi
stehno	scɛhnɔ
stehno	stɛɦnˈo
stejk	stɛjk
stejkom	stɛjkɔm
stekať	scɛkac
stena	scɛna
stene	scɛɲɛ
stenu	scɛnu
steny	scɛni
stenách	scɛnaːx
step	scɛp
step	stˈɛp
stephen	stɛpɛn
stepným	scɛpniːm
stereotyp	stɛrɛɔtip
sterman	stɛrman
steve	stɛvɛ
steven	stɛvɛn
stiahla	sciaɦla
stiahli	sciaɦli
stiahni	sciaɦɲi
stiahnutie	sciaɦnuciɛ
stiahnutý	sciaɦnuti
stiahnuť	sciaɦnuc
stierať	stjɛratɕ
stihnúť	sciɦnuːc
stihol	sciɦɔɫ
stimul	stimul
stisnúť	scisnuːc
stlač	stɫatʃ
stlačiť	stɫatʃic
sto	stɔ
stodola	stɔdɔɫa
stodola	ʃtɔdɔʎa
stodvadsať	stɔdvadsac
stoh	stɔɦ
stoj	stɔj
stoja	stɔja
stojaceho	stɔjatsɛhɔ
stojaci	stɔjatsi
stojan	stɔjan
stoje	stɔjɛ
stojjí	stɔjjiː
stojte	stɔjcɛ
stojí	stɔjiː
stojím	stɔjiːm
stojíme	stɔjiːmɛ
stojíš	stɔjiːʃ
stoka	stɔka
stokes	stɔkɛs
stokrát	stɔkraːt
stola	stɔɫa
stole	stɔɫɛ
stolica	stɔlitsa
stolička	stɔlitska
stolička	stɔlitʃka
stoličku	stɔlitʃku
stoličky	stɔlitʃki
stolný	stɔɫniː
stoly	stɔli
stolík	stɔɫiːk
ston	stɔn
stonanie	stanɛɲe
stonať	stɔnɑt
stone	stɔnɛ
stop	stɔp
stopa	stɔpa
stopara	stɔpara
stopercentne	stɔpɛrtsɛntɲɛ
stopercentné	stɔpɛrtsɛntnɛː
stopercentný	stɔpɛrtsɛntniː
stopka	stupka
stopme	stɔpmɛ
stoporeny	stɔpɔrɛni
stopovala	stɔpɔvalɑ
stopovať	sdɔpɔvac
stopu	stɔpu
stopy	stɔpi
stopárom	stɔpaːrɔm
storočia	stɔrɔtʃja
storočie	stɔrɔtʃijɛ
storočie	stɔrɔtʃiɛ
storočnicu	stɔrɔtʃɲitsu
storočí	stɔrɔtʃiː
stotina	stɔcina
stotisíc	stɔcisiːts
stotožniť	stɔtɔʒɲic
stotožňovať	stɔtɔʒɲɔvac
stotožňujete	stɔtɔʒɲujɛcɛ
stovežatá	stɔvɛʒatɑː
stovka	stɔvka
stovku	stɔvku
stovky	stɔvki
stovky	stɔvkɛ
stovkách	stɔvkɑːx
strach	strax
strach	strˈax
strachom	straxɔm
strachopud	strɛxoput
strachu	straxu
strachy	straxi
straka	straka
strana	strana
strane	straɲɛ
stranka	stranka
stranou	stranɔu
stranové	stranɔvɛː
stranu	stranu
strany	strani
stranách	stranaːx
stranícka	ztraɲiːtska
stranícky	straɲiːtski
strata	strata
strategický	stratɛgitskiː
stratené	stracɛːnɛː
stratený	stratɛniː
stratia	stracia
stratil	stracil
stratila	stracila
stratili	stracili
stratiť	stracic
stratiť	strati
stratou	stratɔu
stratový	stratɔvi
stratový	stratɔviː
stratu	stratu
straty	strati
stratégia	stratɛːgia
strava	strava
strava	stravɐ
stravený	stravɛniː
stravovací	stravɔvatsiː
stravovanie	stravɔvaɲiɛ
stravy	stravi
strašení	straʃɛniː
strašidelné	straʃiɟɛlnɛː
strašievať	stɾɑʃjɪvɑc
strašiť	straʃic
strašne	strɑʃɲɛ
strašná	straʃnaː
strašné	straʃnɛː
strašný	straʃniː
stre	strɛ
strecha	strɛxa
streche	strɛxɛ
strechu	strɛxu
stred	strɛd
stred	strˈed
streda	strɛda
stredajší	stredajʃi
stredajší	strɛdajʃiː
strede	strɛɟɛ
strediska	strɛdijska
stredisko	strɛɟiskɔ
stredisku	strɛɟisku
stredne	strɛdɲɛ
stredneho	strɛdnɛhɔ
strednej	strɛdnɛj
strednodobý	strɛdnɔdɔbiː
stredného	strɛdnɛːhɔ
strednú	strɛdnuː
stredný	strɛdniː
stredný	strˈɛdniː
stredoeurópsky	strɛdɔɛurɔːpski
stredom	strɛdɔm
stredopoliar	strɛdɔpɔliar
stredoslovenský	strɛdɔslɔvɛnskiː
stredovek	strɛdɔvɛk
stredoveku	strɛdɔvɛku
stredovekí	strɛdɔvɛkiː
stredoveký	strɛdɔvɛkiː
stredovekým	strɛdɔvɛkiːm
stredový	strɛdɔviː
stredoškolský	strɛdɔʃkɔɫskiː
stredu	strɛdu
streel	strɛːl
street	strɛːt
strela	strɛɫa
strelca	strɛltsɑ
strelec	strɛlɛts
strelecku	strɛlɛtsku
strelecky	strɛlɛtski
strelecký	strɛlɛtskiː
streli	strɛli
strelil	strɛlil
streliť	strɛlic
strelná	strɛlnaː
strelné	strɛlnɛː
strelu	strɛlu
strely	strɛli
strelím	strɛliːm
strepem	strɛpɛm
stres	strɛs
stret	strɛt
stretavka	strɛtavka
stretať	strɛtac
stretka	strɛtka
stretla	strɛtlɑ
stretli	strɛtli
stretne	strɛtɲɛ
stretnem	strɛtɲɛm
stretneme	strɛtɲɛmɛ
stretneš	strɛtɲɛʃ
stretnutia	strɛtnucia
stretnutie	strɛtnuciɛ
stretnutí	strɛtnuciː
stretnúť	strɛtnuːc
stretol	strɛtɔl
stretáva	strɛtaːva
stretávame	strɛtɑːvamɛ
stretávať	strɛtaːvac
streľba	strɛʎba
streľba	stɾɛlba
streľbe	strɛʎbɛ
strešný	strɛʃniː
strešný	strɛʃnʲi
streťávam	strɛcaːvam
strhnúť	strhnuːc
striasť	striasc
strieborný	striɛbɔrniː
strieborný	triɛpɔrniː
striebristý	striɛbristi
striebro	striɛbrɔ
striedajúci	striɛdajuːtsi
striedanie	striɛdaɲiɛ
striedate	striɛdɑcɛ
striedavo	striɛdavɔ
striedačku	striɛdɑtʃku
striedať	striɛdac
strielať	striɛlɑc
strieľa	striɛʎa
strieľaj	striɛlaj
strieľal	striɛʎal
strieľaš	striɛʎaʃ
strieľať	striɛʎac
striga	striga
strih	strix
strih	strˈiç
strihanie	strjɪɦaniɛ
strihaný	strɪɦanɪ
striktne	striktɲɛ
striptér	stɾɪptɛr
strmina	stramina
strmý	strmiː
stroj	strɔj
stroja	strɔja
stroje	strɔjɛ
strojený	strɔjɛniː
stroji	strɔji
strojmi	strɔjmi
strojom	strɔjɔm
strojov	strɔjɔu
stroju	strɔju
strojáreň	strɔjaːrɛɲ
strojársky	strɔjaːrski
strojárstvo	strɔjaːrstvɔ
strom	strɔm
stromami	strɔmami
strome	strɔmɛ
stromoch	strɔmɔx
stromom	strɔmɔm
stromov	strɔmɔu
stromový	strɛmɔʋiː
stromu	strɔmu
stromy	strɔmi
stromček	strɔmtʃɛk
strop	strɔp
stropkov	stropkɔxu
stropkov	strɔpkɔv
stropu	strɔpu
stroskotaný	strɔskɔtɑni
stroskotať	strɔskɔtac
struna	struna
struny	stɾuːni
stručne	strutʃɲɛ
stručne	stɾutʃɲɛ
stručný	strutʃniː
strácam	straːtsam
strácame	straːtsamɛ
strácaš	straːtsaʃ
strácať	stratsaj
strácať	straːtsac
strán	straːn
stráne	straːɲɛ
stránka	straːnka
stránke	straːnkɛ
stránku	staːnku
stránky	stranki
stránky	straːnki
strátim	straːcim
strávený	straːvɛniː
strávi	straːvi
strávil	straːviɫ
strávili	straːvili
strávime	straːvimɛ
stráviť	straːvic
stráž	straːʒ
strážca	straːʒtsa
stráže	straːʒɛ
stráženie	straːʒɛɲiɛ
strážiť	straːʒic
strážiť	straːʒɪc
strážnik	straːʒnjk
strážnik	straːʒɲik
strážnika	straːʒɲika
strážny	straːʒni
strážske	straːʃskɛ
strýka	striːka
strýko	striːkɔ
strýkovi	striːkɔvi
strýčko	striːtʃkɔ
strčiť	strtʃic
stu	stu
stuart	sturat
studené	stuɟɛnɛː
studený	studɛniː
studzena	stuzɛnɑ
studňa	studɲa
stumbo	stumbɔ
stupaj	stupaj
stupeň	stupɛɲ
stupnica	stupɲitsa
stupol	stupɔɫ
stupídna	stupɪdna
stupíš	stupiːʃ
stupňov	stupɲɔv
stupňovať	stupɲɔvac
stužka	stuʂka
stužková	stɔʃkɔvaː
stvorenie	stvɔrɛɲiɛ
stvorený	stvɔrɛniː
stvoril	stvɔril
stvoriteľ	stvɔricɛʎ
stvoriť	stvɔric
stvorka	stvɔrka
stvoru	stvɔru
stvárnenie	stvaːrɲɛɲiɛ
stvárniť	stvaːrɲic
styk	stik
styky	stiki
styler	stilɛr
stylom	stilɔm
stádo	stɑːdɔ
stál	stɑːl
stála	stɑːla
stále	staːlɛ
stále	stɑɑːlɛ
stále	stɑːlɛ
stáleho	stɑːlɛhɔ
stáli	stɑːli
stálicou	stɑːlitsɔu
stálo	staːlɔ
stálo	stɑːlɔ
stálom	stɑːlɔm
stálu	staːlu
stály	staːli
stály	stɑːli
stánok	stɑːnɔk
stáročie	stɑːrɔtʃiɛ
stát	stɑːt
státisíce	stɑːcisiːtsɛ
stáva	staːva
stávajú	staːvajuː
stávať	stɑːvac
stávka	stɑːvka
stávkovať	staːukɔvatɕ
stávku	staːvku
stávky	stɑːvki
stáť	staːc
stáž	staˈʒ
stíchnuť	sciːxnuc
stíhame	sciːɦamɛ
stíhanie	sciːɦaɲiɛ
stíhaný	sciːɦaniː
stíhačka	sciːɦatʃka
stíhať	sciːɦac
stínky	stiːnki
stôl	stuɔɫ
stôl	stwˈɔl
stôp	stuɔp
stúpa	stuːpa
stúpajúci	stuːpajuːtsi
stúpať	stuːpac
stúpenec	stuːpɛɲɛts
stúpnuť	stupɲuc
stý	sˈtiː
stýkam	stjˈkam
stĺp	stlːp
stĺp	stɔp
stĺpec	stlːpɛts
su	su
suaby	suabi
subdukcia	subduktsiɛ
subjekt	subjɛkt
subjektívny	subjɛktiːvni
subotajom	subɔtajɔm
subtitles	subtitɫɛs
sucho	suxa
sucho	suxɔ
suchársky	suxaːrski
suchý	suxiː
suchý	sʊxˈiː
suchší	suxʃi
sud	sud
sudca	sutsˈa
sudca	suttsa
sudkyňa	sudkiɲa
sudový	sudɔbiː
sudy	sudi
sudán	sudɒn
sue	suɛ
sugescia	sˌugɛstjˈa
suha	suɦa
suka	suka
suka	sˈuka
sukin	sukin
sukne	sukɲɛ
sukničkár	sukɲitʃkaːr
sukou	sukɔu
sukromna	sukrɔmna
sukulent	sukulɛnt
sukulenty	sukulɛnti
sukňa	sukɲa
suma	suma
suma	sumˈa
sume	sumɛ
summer	sumɛr
sumách	sumaːx
sun	sun
sunom	sunɔm
sup	sup
sup	sˈup
supa	supa
super	supɛr
superb	supɛrb
superlatívny	supærlɔtiːvni
superliga	supɛrliga
superman	supɛrman
supermanský	supɛrmɑːskiː
supermarket	supɛrmarkɛt
supermarket	supɛrmɑɾkɛt
superrýchlom	supɛrriːʃlɔm
superstar	supɛrstar
supper	supɛr
sur	sur
sureša	surɛʃa
surovec	surɔvɛts
surovina	surɔvina
surovina	sɔrovina
surové	surɔvɛː
surový	surɔviː
susan	susan
sused	susɛd
sused	sʊ̞sæt
susedia	susɛɟia
susedný	susɛdniː
susedov	susɛdɔv
susedstvo	susɛdstvɔ
susy	susi
suvenír	suvɛniːr
suvenír	sʊvɛnˈiːr
suverenita	suvɛrɛnita
suverénne	suvɛrɛːnnɛ
suverénny	suvɛrɛːnni
suzy	suzi
sučka	sutʃka
sušený	suʃɛniː
sušienka	suʂjɛnka
sušienky	suʃiɛnki
sv	sv
svadba	svadba
svadbe	svadbɛ
svadbu	svadbu
svadby	svadbi
svadobnej	svadɔbnɛj
svadobný	svadɔbniː
svadobný	svadɔbnɪ
svah	svaɦ
svaja	svaja
sval	sval
sval	svˈaɫ
svale	svalɛ
svalov	svalɔv
svalový	svalɔviː
svalový	svalɔvíː
svaly	svali
svatba	svatba
svatbou	svatbɔu
svateho	svatɛhɔ
svaty	svati
svedectvo	svɛɟɛtstvɔ
svedka	svɛdka
svedkami	svɛdkami
svedkom	svɛdkɔm
svedkov	svɛdkɔv
svedkova	svɛdkɔva
svedkove	svɛdkɔvɛ
svedkovia	svɛdkɔvia
svedok	svɛdɔk
svedok	sʋʲɛdɔk
svedomie	svɛdɔmiɛ
svedomí	svɛdɔmiː
svedsky	svɛdski
svedčiť	svɛdtʃic
svend	svɛnd
svet	svɛt
sveta	svɛta
svete	svɛcɛ
svetelný	svɛcɛlniː
svetelný	svɛcɛɫniː
sveter	sʋɛter
svetiel	svɛciɛɫ
svetla	svɛtla
svetla	svɛtɫa
svetle	svɛtɫɛ
svetlejší	svjɛtlɛjʃiː
svetlo	svɛtlo
svetlo	svɛtlɔ
svetlo	svɛtɫo
svetlo	svɛtɫɔ
svetlo	svˈɛtlɔ
svetlo	svˈɛtɫo
svetlom	svɛtɫɔm
svetlá	svɛtɫaː
svetlý	svɛtɫiː
svetmi	svɛtmi
svetom	svɛtɔm
svetonázor	svɛtɔnaːzɔr
svetov	svɛtɔu
svetovej	svɛtɔvɛj
svetového	svɛtɔvɛːhɔ
svetovú	svɛtɔvuː
svetový	svɛtɔviː
svetových	svɛtɔviːx
svetových	svɛtɔvˈiːx
svetovými	svɛtɔviːmi
svetoznámeho	svɛtosnaːmɛːɦo
svetoznámy	svɛtɔznaːmi
svetoznámy	svʲɛtɔznaːmi
svetroch	svɛtrɔx
svetríkom	svɛtriːkɔm
svetský	svɛtskiː
svetu	svɛtu
svety	svɛti
sviatky	sviatki
sviatok	sviatɔk
sviatosť	sviatɔsc
sviatočný	sviatɔtʃniː
svidník	svidɲiːk
svidník	svjɛdnˈiːk
svieca	sviɛtsa
svieti	sviɛci
svietiť	sviɛcic
sviečka	sviɛtʃka
sviečka	sʋʲɛtʃka
sviečkach	sviɛtʃkax
sviečku	sviɛtʃku
sviečky	sviɛtʃki
sviečok	sviɛtʃɔk
svieži	sviɛʒi
svine	sviɲɛ
svinstvo	svinstvɔ
svit	svit
svitanie	svitɑɲiɛ
sviňa	sviɲa
sviňský	sviːɲskiː
svoj	svoj
svoj	svɔj
svoj	svɔɪ
svoje	svɔɪɛ
svojej	svɔɪɛi
svojho	svɔjhɔ
svoji	svoj
svojich	svojix
svojich	svɔjix
svojim	svɔjim
svojimi	svɔimi
svojimi	sɔvɔˈjimi
svojmu	svɔjmu
svojo	svɔjɔ
svojom	svɔjɔm
svojou	svɔjɔu
svojrázny	svɔjraːzni
svojský	svɔjskiː
svoju	svɔju
svojím	svɔjiːm
svojími	svɔjiːmi
svokar	sokar
svokra	svɔkra
svrčinovec	zvrtʃinovɛts
sváko	svaka
svážal	svaːʒal
svätec	svɛcɛts
svätej	svɛtɛj
svätom	svɛtɔm
svätopluk	svɛtɔpluk
svätosť	svɛtɔsc
svätyňa	svɛtiɲa
svätá	svɛtɑː
sväté	svɛtɛː
svätého	svɛtɛːhɔ
svätú	svɛtuː
svätý	svɛtiː
svého	svɛːhɔ
svít	sviːt
sydney	sidnɛi
sykavý	sikabi
sykať	sikak
sylara	silara
symbol	simbɔɫ
symbolicky	simbɔɫitski
symbolický	simbɔlitskiː
symbolizovať	simbɔɫizɔvac
symbolizuje	simbɔlizujɛ
symboly	sjmpɔɫi
symetria	s̺imɛt̪ria
symfónia	simfɔːnia
sympatia	simpatia
sympatická	simpaːtitskaː
sympatické	simpatitskɛː
sympatický	simpatitski
sympatický	simpatitskiː
sympatický	zɪmpatɪtski
sympatizant	simpatizɑnt
symptómy	simptɔːmi
sympózium	simpɔːzium
syn	sin
syn	sɨn
syna	sina
synagóga	sinagɔːga
synak	sinak
synchronizácia	sɪnxronizɛːtsiɛ
syndróm	sindrɔːm
syndróm	sindɾɔm
synka	sinka
synku	sinku
synoch	sinɔx
synom	sinɔm
synonimom	sinɔnimɔm
synov	sinɔv
synovec	sinɔvɛts
synovec	sɛnɔvɛts
synovi	sinɔvi
synovia	sinɔvia
syntetický	sintɛtitskiː
syntéza	sintɛːza
syntéza	sintˈɛza
synu	sinu
synáčik	sinaːtʃik
synček	sintʃɛk
sypanice	sipaɲutse
sypaný	sipani
sypať	sipac
sype	sipɛ
syr	sir
syr	sˈiɾ
syra	sira
syrom	sirɔm
systematicky	sistɛmatitski
systematický	sistɛmatitskiː
systematický	tsistɛmatitskʲiː
systematika	sistematika
systém	sistɛm
systém	sistɛːm
systém	sʲiztɛm
systéme	sistɛːmɛ
systémom	sistɛːmɔm
systémový	sistɛːmɔviː
systému	sistɛːmu
systémy	sistɛːmi
szm	szm
sága	saːga
sála	saːla
sám	sɑːm
sándor	saːndɔr
sánka	saːnka
sára	sara
sára	saːra
séria	sɛːria
série	sɛːriɛ
sérii	sɛːrɪiː
sériový	sɛːriɔviː
síce	siːtsɛ
síce	sìːtsɛ
sídlach	siːdlax
sídli	siːdli
sídlisko	siːdliskɔ
sídliť	siːdɫic
sídlo	siːdɫɔ
síl	siːl
sílu	siːlu
síra	siːra
síť	siːc
sódu	sɔːdu
sólista	sɔːlista
sólo	sɔːɫɔ
sólový	sɔːɫɔviː
sôch	suɔx
sú	so
sú	su
sú	suː
súbehu	suːbɛɦu
súboj	suːbɔj
súboj	sˌuːbɒj
súbor	suːbɔr
súcit	suːtsit
súcna	suːtsna
súd	suːt
súde	suːɟɛ
súdený	suːɟɛniː
súdil	suːdˈiɭ
súdiť	suːɟic
súdnictvo	suːdɲitstvɔ
súdny	suːdni
súdruh	suːdrux
súdruhovia	suːdruhɔvia
súdružka	sutruʂka
súdu	suːdu
súhlas	suːɦlas
súhlasil	suːɦlasil
súhlasiť	suːhlasic
súhlasom	suːɦlasɔm
súhlasy	suːɦlasi
súhlasím	suːɦlasiːm
súhlasím	suːɦlɑsiːm
súhlasíš	suːhlɑsiːʃ
súhra	suːɦra
súhrn	suːɦrn
súhvezdie	suːɦvɛzɟiɛ
súkromia	suːkrɔmja
súkromie	sukrɔmjɛ
súkromie	suːkrɔmiɛ
súkromnej	suːkrɔmnɛj
súkromná	suːkrɔmnaː
súkromné	suːkrɔmnɛː
súkromník	sukrɔmɲik
súkromnú	suːkrɔmnuː
súkromný	sukramni
súkromný	suːkrɔmniː
súkromných	suːkrɔmniːx
súlad	suːɫat
súlož	suːɫɔʃ
súmrak	suːmrak
súostrovie	suɔstɾɔvjɛ
súper	suːpɛr
súperka	suːpɛrka
súpiska	suːpiska
súprava	suːprava
súpravy	suːpravi
súrodenec	suːrɔɟɛɲɛts
sústava	suːstava
sústavne	suːstavɲɛ
sústavný	suːstavniː
sústredenie	suːstrɛɟɛɲiɛ
sústredený	sustrɛtjɛniː
sústredený	suːstrɛɟɛniː
sústrediť	suːstrɛɟic
sústreď	suːstrɛɟ
sústreďovať	suːstrɛɟɔvac
súvis	suːvis
súvisiaci	suːvisiatsi
súvisieť	suːvisiɛc
súvislosti	suːvislɔsci
súvislosť	suːvislɔsc
súvislý	suːvisliː
súvisí	suːvisiː
súčask	suːtʃask
súčasne	suːtʃasɲɛ
súčasnej	suːtʃasnɛj
súčasnosti	suːtʃasnɔsci
súčasnosť	suːtʃasnɔsc
súčasnosť	suːtʃasnɔsʲ
súčasného	suːtʃasnɛːhɔ
súčasník	suːtʃasɲiːk
súčasný	suːtʃasniː
súčastnej	suːtʃasnɛj
súčasť	suːtʃasc
súčasťou	suːtʃasctɔu
súčasťou	suːtʃascɔu
súčet	suːtʃɛt
súčiastka	suːtʃiastka
súčinnosť	suːtʃinɔsc
súťaž	suːcaʃ
súťaže	suːcaʒɛ
súťaži	suːcaʒi
súťažiaci	suːcaʒiatsi
súťažiť	suːcaʒic
súťažný	suːcaʒniː
sýkorka	sjkorka
sýkorky	sjɛkɔrki
sýria	siːria
sýtená	siːtjɛn˨˩aː
sýty	sjti
sčasti	stʃasci
sčerná	stʃɛrnaː
sčitovať	ztʃitɔvac
sčítanie	stʃiːtɑɲiɛ
sčítaný	stʃiːtɑniː
sľub	sɫub
sľub	sʎub
sľubný	ssʎubniː
sľubotechna	slubotɛxna
sľubovať	sʎubɔvac
sľubujem	sʎubuɪæm
sľúb	sʎuːb
sľúbený	sɫuːbɛniː
sľúbil	sʎuːbil
sľúbila	sʎuːbilɑ
sľúbili	sʎuːbili
sľúbiš	sʎuːbiʃ
sľúbiť	sʎubic
sľúbme	sʎuːbmɛ
sŕdc	srɛts
sťa	sca
sťahovací	scahovatsiː
sťahovanie	scaɦɔvaɲiɛ
sťahovať	scaɦɔvac
sťažnosť	sscaʒnɔsc
sťažovať	scaʒɔvac
sťažujem	scaʒujɛm
sťažujeme	scaʒujɛmɛ
t	t
t	tˈɛ
ta	ta
ta	tˈa
tabak	tabak
tabakový	tabakɔviː
tabaku	tabaku
tabby	tabbi
tabletka	tablɛtka
tabletky	tablɛtki
tabu	tabu
tabuli	tabuʎi
tabuľa	tabula
tabuľa	tabuʎa
tabuľa	tabuʝa
tabuľka	tabuʎka
tade	tɑɟɛ
tadeto	tɑɟɛtɔ
tadiaľ	taɟiaʎ
tadiaľto	taɟiaʎtɔ
tadmor	tadmɔr
taiwan	dajvan
tajiť	tajic
tajne	tajɲɛ
tajnosti	tajnɔsci
tajná	tajnaː
tajné	tajnɛː
tajný	tajniː
tajným	tajniːm
tajomnej	tajɔmnɛj
tajomnosť	tajɔmnɔsc
tajomnu	tajɔmnu
tajomník	tajɔmɲiːk
tajomníčka	tajɔmɲiːtʃka
tajomný	tajamni
tajomný	tajɔmniː
tajomstvo	tajɔmstvɔ
tajomstvo	tajɔw̃stvɔ
tajomstvom	tajɔmstvɔm
tajomstvá	tajɔmstvaː
tajovský	tajˈovski
tajuplné	tajuplnɛː
tak	kak
tak	tak
tak	tɑk
take	tɑkɛ
takej	tɑkɛj
takejto	tɑkɛjtɔ
takisto	takistɔ
takmer	tagmɛr
takmer	takmɛr
takoj	akoj
takom	takɔm
takomto	tɑkɔmtɔ
takou	tɑkoʊ
takpovediac	takpɔvɛɟiats
takt	tɑkt
taktický	taktitskiː
taktiež	takciɛʒ
taktika	taktika
taktný	tˈaktniː
takto	takto
takto	tɑktɔ
takto	tɨktɔ
taktovka	tɑktɔvka
taky	tɑki
takze	tɑkzɛ
takzvane	takzvaɲɛ
takzvanom	takzvanɔm
takzvaná	takzvanaː
takzvaný	takzvaniː
takzvaných	takzvaniːx
taká	tɑkɑː
takáto	tɑkɑːtɔ
takáčovec	takaːtʃoˈvɛts
také	takɛ
také	tɑkɛː
takého	tɑkɛːhɔ
takéhoto	tɑkɛːhɔtɔ
takéto	tɑkɛːhɔ
takí	tɑkiː
takíto	tɑkiːtɔ
takú	tɑkuː
takúto	tɑkuːtɔ
taký	tɑkiː
takých	tɑkiːx
takýchto	tɑkiːxtɔ
takým	tɑkiːm
takýmito	takiːmitɔ
takýmto	takiːmtɔ
takýto	takiːtɔ
takýto	takɪtˈo
takže	takʒɛ
talent	talɛnt
talentovaný	alɛntovaniː
talentovaný	talɛntɔvaniː
tali	tali
talian	dalian
talian	talian
talianovi	tɑɫjanoɟi
taliansko	talianskɔ
taliansky	talianski
taliančina	t̪aljãn̪tʃiŋa
tam	tam
tam	tɑm
tammy	tammi
tamojší	tamɔjʃiː
tamov	tamɔv
tamten	tamtɛn
tamto	tɑmtɔ
tamtoho	tamtɔɦɔ
tamtá	tamtaː
tamtá	tata
tamže	tamʒɛ
tanap	tanap
tancovať	tantsɔvac
tancuj	tantsoi
tancuje	tantsujɛ
tanec	taɲɛts
tanečnica	taɲɛtsɲitsa
tanečník	taɲɛtʃɲiːk
tanečný	taɲɛtʃniː
tango	taŋgɔ
tanier	taɲiɛr
tanierik	taɲerik
tank	dˈaŋk
tank	tank
tankovacie	tankɔvatsiɛ
tankovacieho	tankɔvatsiɛhɔ
tankovania	tankɔvaɲia
tankovaní	tankɔvaniː
tankovaní	tankɔvaɲiː
tankovať	tankovat
tanín	taɲiːn
tara	tara
tarantula	taɾantula
tarifa	tarifa
taserom	tasɛrɔm
tasr	tasr
tassajare	tasajarɛ
tatar	atar
tati	taci
tatko	tɑtkɔ
tato	tɑtɔ
tatra	tɑtrɑ
tatranský	datranˈskiː
tatranský	tɑtranskiː
tatrách	tatraːx
tatári	tataːri
tavím	taviːm
taxi	taksi
taxikár	taksikaːr
taxonómia	taksɔnɔːmjɛ
taxík	taksiːk
taylor	tailɔr
taška	taʃka
taška	tɑːʃkɑ
taške	tɑʃkɛ
tašku	tɑʃku
tašky	taʃki
tc	tts
tdp	tdp
te	tɛ
team	tɛam
teb	tɛb
teba	cɛba
teba	cɛbɑ
teba	seba
tebe	cɛbɛ
tebe	tʃaˈbe
tebou	cɛbɔu
tebou	tɛbɔu
technicky	tɛxnitski
technická	tɛxnitskɑː
technické	tɛxnitskɛː
technický	tɛxnitskiː
technický	tɛxniːtskiː
technickým	tɛxnitskiːm
technik	tɛxnik
technik	tɛxniːk
technika	tɛxnika
technike	tɛxnikɛ
technikou	tɛxnikɔu
techniky	tɛxniki
technička	tɛçnitʃka
technokratickom	tɛxnɔkratitskɔm
technologicky	tɛxnɔɫɔgitski
technologický	tɛxnɔɫɔgitskiː
technológia	tɛxnɔɫɔːgia
technológie	tɛxnɔɫɔːgiɛ
technológií	tɛxnɔɫɔːgiː
techtle-mechtle	mɛxtlɛmɛxtlɛ
ted	tɛd
teda	tɛdɑ
teddy	tɛddi
tehan	tɛɦan
tehelný	cɛɦɛɫniː
tehla	cɛɦɫa
tehly	cɛhli
tehotenstvo	cɛɦɔcɛnstvɔ
tehotná	cɛhɔtnaː
tehotnú	cɛhɔtnuː
tehotný	cɛɦɔtniː
tej	tɛj
tejto	tɛjtɔ
tekst	tɛkst
teksty	tɛksti
tekutina	cɛkucina
tekutý	cɛkutiː
tela	cɛɫa
telami	cɛɫami
tele	cɛlɛ
telefonicky	tɛlɛfɔnitski
telefonický	tɛlɛfɔnitskiː
telefonoval	tɛlɛfɔnɔval
telefonovala	tɛlɛfɔnɔvalɑ
telefonovať	tɛlɛfɔnɔvac
telefonát	tɛlɛfɔnaːt
telefonáty	tɛlɛfɔnaːti
telefón	tɛlɛfɔn
telefón	tɛlɛfɔːn
telefóne	tɛlɛfɔːɲɛ
telefónne	tɛlɛfɔːnnɛ
telefónny	tɛlɛfɔːnni
telefónom	tɛlɛfɔːnɔm
telefónu	tɛlɛfɔːnu
telefóny	tɛlɛfɔːni
telegram	tɛlɛgram
telekomunikačný	tɛlɛkɔmunikatʃniː
telekomunikácia	tɛlɛkɔmunikɑːtsia
telenovela	tɛlɛnɔvɛlɑ
teleskop	tɛlɛskɔp
telesne	cɛlɛsɲɛ
telesný	cɛlɛsniː
teleso	cɛlɛsɔ
televeštiareň	tɛlavjɛʃciarɛɲ
televízia	tɛlɛviːzia
televízie	tɛlɛviːziɪɛ
televízii	tɛlɛviːziː
televíziu	tɛlɛviːziju
televízny	tɛlɛviːzni
televíznych	tɛlɛviːznix
televízor	tɛlɛviːzɔr
telke	tɛɫkɛ
telku	tɛɫku
tell	tɛɫ
telly	tɛɫi
telo	cɛlo
telo	cɛɫɔ
telocvičňa	csɛlɔtsvitʃɲa
telom	cɛɫɔm
telovej	cɛlɔvɛj
telové	cɛlɔvɛː
telu	cɛɫu
telá	cɛɫaː
telách	cɛɫaːx
tema	tɛma
tematický	tɛmatitskiː
tematika	tɛmatika
temena	cɛmɛna
temer	tɛmɛr
temnota	cɛmnɔta
temny	tɛmni
temné	tɛmnɛː
temný	cɛmniː
tempa	tɛmpa
tempe	tɛmpɛ
tempo	tempok
tempo	tɛmpɔ
temže	tɛmʒɛ
ten	tɛn
ten	tˈɛn
tendencia	tɛndɛntsia
tender	tɛndɛr
tenis	tɛnis
tenis	t̪enis
tenisový	tɛnisɔviː
tenista	tɛnista
tenistka	tɛnistka
tenký	cɛŋkiː
tenorom	tɛnɔrɔm
tenory	tɛnɔri
tento	tentɔ
tento	tɛnto
tento	tɛntɔ
tentokrát	tɛntɔkrɑːt
tentoraz	tɛntɔras
tenší	bɛnʃiː
teolo	tɛɔlɔ
teologický	tɛɔlɔgitskiː
teológ	tɛɔɫɔːg
teológia	tɛɔɫɔːgia
teoreticky	tɛorɛtitskiː
teoreticky	tɛɔrɛtitski
teoretický	tɛɔrɛtitskiː
teoretik	tɛɔrɛtik
teoréma	teoreima
teou	tɛɔu
tepelný	cɛpɛlniː
teplejšie	cɛplɛjʃiɛ
teplica	cɛplitsa
teplice	cɛplitsɛ
teplička	cɛpɫitʃka
teplo	cɛpɫɔ
teplo	tɕipɫɔ
teplot	cɛpɫɔt
teplota	cɛpɫɔta
teplotný	cɛpɫɔtniː
teplotu	cɛpɫɔtu
teplé	cɛplɛː
teplíc	cɛpliːts
teplý	cɛpliː
terajší	tɛrajʃiː
terakota	t̪erakot̪a
terapia	tɛrapia
terasa	tɛrasa
teratomy	tɛratɔmi
teraz	teras
teraz	tɛras
teraz	tɛraz
teraz	tɛrɑz
teritórium	tɛritɔːrium
teriér	tɛriɛːr
terminológia	tɛrminɔɫɔːgia
terminál	tɛrminaːɫ
termití	tɛrmɪtɪ
termálne	tɛrmaːlnɛ
termín	tɛrmiːn
termínmi	tɛrmiːnmi
termínom	tɛrmiːnɔm
termínovaný	termiːnobaniː
termínovaný	tɛrmiːnɔvaniː
termíny	tɛrmiːni
teror	tɛrɔr
terorista	tɛrɔrista
teroristi	tɛrɔrisci
teroristický	tɛrɔristitskiː
terorizmus	tɛrɔrizmus
terry	tɛrri
terén	tɛrɛːn
terénne	tɛrɛːnnɛ
terénny	tɛrɛːnni
terézia	tɛɾɛzjɐ
terč	tɛrts
terč	tɛrtʃ
tesne	tɛsɲɛ
tesný	cɛsniː
test	tɛst
tester	testɛɾ
testiná	kɛstɪna
testov	tɛstɔv
testovací	tɛstɔvatsiː
testovanie	tɛstɔvaɲiɛ
testovať	tɛstovat
testovať	tɛstɔvac
testy	tɛsti
teta	cɛta
teta	tʃɛta
tetovanie	tɛtɔvaɲiɛ
tetrov	tɛtrɔ
texas	tɛksas
text	tɛkst
textil	tɛkstil
textilný	tɛkstilniː
textový	tɛkstɔviː
teín	tɛjn
teória	teoria
teória	tɛɔːrija
teóriu	tɛɔːriju
teórií	tɛɔːriː
tečie	cɛtʃiɛ
tečieš	tɛtʃeʃ
teľa	cɛʎa
tešiť	cɛʃic
teší	cɛʃiː
teším	cɛʃiːm
tešíme	cɛʃiːmɛ
tha	tɦa
thajsko	tɦajskɔ
thama	tɦama
that	tɦat
the	tɦɛ
thedus	tɦɛdus
thee	tɦɛː
theme	tɦɛmɛ
there	tɦɛrɛ
theronal	tɦɛrɔnal
they	tɦɛj
this	tɦis
thomas	tɦɔmas
thor	tɦɔr
thorovo	tɦɔrɔvɔ
thriller	tɦrilɛr
thule	tɦulɛ
ti	ci
ti	ti
tiahnuť	ciaɦnuc
tibet	tɛpɛt
tibor	tibɔr
tich	tix
ticha	cixa
ticho	tixɔ
tichý	cixiː
tie	ciɛ
tie	tiɛ
tie	tɕʰjɛ
tiecť	ciɛtsc
tiel	ciɛɫ
tielko	tʲeɫkɔ
tieto	ciɛtɔ
tiez	tiɛz
tieň	ciɛɲ
tieňov	ciɛɲɔu
tiež	ciɛʃ
tiež	tiɛʒ
tiež	tʃiɛʃ
tiger	figħeɾ
tiger	tigɛr
tigger	tigɛr
tigre	tigrɛ
tikám	tikam
tim	tim
time	timɛ
times	timɛs
timi	timi
tin	tin
tina	tinɑ
tip	tip
tipovačka	tipɔvatʃka
tis	tis
tisovec	kisovɛts
tisíc	cisiːts
tisíc	cɪsɪːts
tisíce	cisiːtsɛ
tisícka	cisiːtska
tisícky	cisiːtski
tisícový	cisiːtsɔviː
tisícročie	cisiːtsrɔtʃiɛ
titul	titul
titul	tˈitəl
titulkom	titulkɔm
titulky	titulki
titulný	titulniː
tituloch	titulɔx
titulok	titulɔk
tišic	tˈɛʃˈitˈ
tj	tɪ
tkanina	tkanima
tkanivo	tkaɲivɔ
tká	tkɑː
tkáč	tkɑːtʃ
tlac	tɫats
tlak	tɫak
tlakom	tɫakɔm
tlakomer	lakomɛr
tlakový	tɫakɔviː
tlač	tɫatʃ
tlačenka	flatʃɛnka
tlačený	tɫatʃɛniː
tlačiarenskom	tɫatʃiarɛnskɔm
tlačiareň	tɫatʃiarɛɲ
tlačidlo	tlaːtʃidɫo
tlačidlo	tɫatʃidlɔ
tlačivo	tɫatʃivɔ
tlačiť	tɫatʃic
tlačovina	tlatʃɔvina
tlačovka	tɫatʃɔvka
tlačový	tɫatʃɔviː
tlačte	tɫatʃcɛ
tlačí	tɫatʃiː
tlieskať	tɫiɛskac
tlkot	tɫkɔt
tlmače	tlmatʃɛ
tlmočiť	tɫmɔtʃic
tlmočník	tɫmɔtʃɲiːk
tlstý	tɫstiː
tlsťoch	tɫscɔx
tlupe	tɫupɛ
tma	tma
tma	zma
tmavou	tmavɔu
tmavý	tmaviː
tmavší	tmavʃiː
tme	tmɛ
tmel	tˈɪmˈɛl
tmelivo	tmeˈlivo
tmelový	tmɛʎɔʋi
tmenie	tmɛnʲe
tmiete	tsmjɛtɕɛ
tms	tms
tmy	tmi
to	to
to	tɔ
to	tˈo
toaleta	tualeta
toaleta	tɔalɛta
toast	tɔast
toaste	tɔascɛ
tobogán	tɔbɔgaːr
tobyho	tɔbihɔ
tobymu	tɔbimu
tochtoročných	tɔxtɔrotʃniːx
todd	tɔd
tofu	tofo
toho	tɔɦɔ
tohoto	tɔɦɔtɔ
tohto	tɔɦtɔ
tohtoročná	tɔxtɔrɔtʃnaː
tohtoročný	tɔxtɔrotʃniː
tohtoročný	tɔxtɔrˈtʃniː
tohu	tɔɦu
tok	tɔk
tokom	tokom
toku	tɔku
toky	tɔki
tolede	tɔlɛdɛ
tolerancia	tɔlɛrantsia
tolerantný	tɔlɛrantniː
tolerovať	tɔlɛrɔvac
toleruje	tɔlɛrujɛ
tom	tɔm
tomako	tɔmakɔ
tombes	tɔmbɛs
tombsa	tɔmbsa
tommy	tɔmmi
tommyho	tɔmmihɔ
tomom	tɔmɔm
tomto	tɔmtɔ
tomu	tɔmu
tomu	tʊmu
tomuto	tɔmutɔ
tomáš	tɔmɑːʃ
tona	tɔna
tony	tɔni
top	tɔp
topeka	tɔpɛka
topený	tɔpɛniː
topiť	topit
topoľ	topolʲ
topoľ	tɔpɔʎ
topoľový	topolɔvji
topoľčan	tɔpɔʎtʃan
topoľčany	tupɔjtʃani
topánka	tɔpaːŋka
topánky	tɔpaːŋki
topás	dopaːs
topásový	tˈopaːsoviː
topľa	topla
topľa	tɔpʎa
topľanský	doplanski
topľou	toplʲou̯
tornaľa	t̪oɾnaaʝ
toronto	tɔrɔntɔ
torpédo	tɔɾpˈeðɔ
torta	tɔrta
torta	t̪õɾta
tortu	tɔrtu
torzo	tɔrzɔ
totalita	tɔtalita
totalitnému	tɔtalitnɛːmu
totalitný	tɔtalitniː
totalitným	tɔtalitniːm
totiž	tɔciʒ
totiž	tɔtiʃ
toto	tɔtɔ
totožnosť	tɔtɔʒnɔsc
totožný	tɔtɔʒniː
totálne	tɔtaːlɲɛ
totálny	tɔtaːlni
tou	tɔʊ
touto	tɔvtɔ
toutuo	tɔvtʊɔ
tovar	tɔvar
tovariš	tovaɾiʃ
tovo	tɔvɔ
továreň	tɔvaːrɛɲ
továrni	tɔvaːrɲi
toxický	tɔksitskiː
toxín	tɔksi
toyota	tɔjɔta
toč	tɔtʃ
točili	tɔtʃili
točiť	tɔtʃic
točí	tɔtʃiː
toľko	tɔʎkɔ
toľký	tɔʎkiː
toľkých	tɔʎkiːx
tože	tɔʒɛ
trachtor	tˈraxtoɾ
tracy	tratsi
tradicionalista	traditsiˈonalista
tradične	traditʃɲɛ
tradičný	traditʃniː
tradičnými	traditʃniːmi
traduje	tradujɛ
tradícia	traditsia
tradícia	tradiːtsia
trafika	t̪ɾafika
trafil	trafil
trafili	trafili
trafiť	trafic
trafiť	trafˈik
tragicky	tragitski
tragický	tragitskiː
tragický	traɣitski
tragédia	trageˈria
tragédia	tragɛːdia
traja	traja
trajekt	trˈɑjəkt
trajektóriu	trajɛktɔːriu
traktor	traktɔr
trampolína	trampɔliːno
transakcia	transaktsia
transfer	transfɛr
transformačný	transfɔrmatʃniː
transformovať	transfɔrmɔvac
transformácia	transfɔrmaːtsia
transparentnosť	transparɛntnɔsc
transparentný	transparɛntniː
transpirácia	traspɪraːtsia
transport	transpɔrt
transport	tɾɑnspɔrt
trapisti	trapisʲtsʲi
trapko	krapkɔ
trapkovia	trapkɔbja
trasa	trasa
trasu	trasu
trauma	trauma
trať	trac
treba	trɛba
treba	tɾɛpa
trebišov	trɛbiʃɔv
trebišov	trɛbɪʃau
trebárs	trɛbaːrs
trefný	t̪rɛjfniː
treme	trɛmɛ
trend	trɛnd
trenie	trenjɛ
trenčan	trɛntʃan
trenčianska	trɛntʃianska
trenčiansky	trentʃjɛnskj
trenčiansky	trɛntʃianski
trenčín	trɛntʃiːn
trenčína	trɛntʃiːna
trenčíne	trɛntʃiːɲɛ
trepem	trɛpɛm
trepeš	trɛpɛʃ
trest	trɛst
trestať	trɛstac
trestný	trɛstniː
trestom	trɛstɔm
trestu	trɛstu
tretej	trɛcɛj
tretia	trɛcia
tretie	trɛciɛ
tretina	trɛcina
tretí	prɛti
tretí	trɛciː
tretí	trɛtɪ
tretíkrát	trɛciːkraːt
trevor	trɛvɔr
trey	trɛi
treťom	trɛcɔm
trh	trɦ
trhať	trɦac
trhlina	trɦlina
trhov	trɦɔv
trhovisko	trɦɔviskɔ
trhový	trɦɔviː
trhu	trɦu
tri	tri
triasla	triasla
triasť	triasc
tribeč	ribɛtʃ
tribunál	tribunaːɫ
tribúna	tribuːna
tridsať	tritsac
tridsať	tritsak
tridsaťročný	tridsacrɔtʃniː
tridsiaty	tridsiati
trieda	trida
trieda	triɛda
trieda	tɾiɛda
triede	triɛɟɛ
triedna	triɛdna
triedny	triɛdni
triedy	triɛdi
triery	triɛri
trieska	trɛska
triezvy	triɛzvi
trik	trik
trikrát	trikrɑːt
triky	triki
trimaj	tɾimaj
trinásty	trinaːsti
trinástych	trinaːstix
trinásť	trinaːsc
trio	triɔ
tripartita	tripartita
tristan	tristan
tristo	trista
tristo	tristɔ
tritisíc	tricisiːts
triumf	triumf
triumfovať	triumfɔvac
tričko	tritʃkɔ
tričkový	trɪtkofiː
trnava	trnava
trnava	tɾɛnava
trnavskej	t̪rnau̯sgaj
trnavsky	trnavski
trnavský	trnavskiː
troch	trɔx
trocha	trɔxa
trochu	trɔxu
trofej	trɔfɛj
trofej	tɾɔfɛj
trojdňový	trɔjdɲɔviː
trojek	trɔjɛk
trojica	troitsa
trojica	trɔjitsa
trojka	trɔjka
trojnásobný	trɔjnaːsɔbniː
trojročný	trɔjrɔtʃniː
trojuholník	trɔjuhɔɫɲiːk
troma	trɔma
tromi	trɔmi
tropický	trɔpitskiː
troska	trɔska
trosku	trɔsku
troy	trɔi
troška	trɔʃka
troška	tɾɔʃka
troškou	trɔʃkɔu
trošku	troʃku
trpasličí	trpasljtʃɲiː
trpaslík	trpasliːk
trpezlivo	trpɛzɫivɔ
trpezlivosť	trpɛzɫivɔsc
trpezlivý	trpɛzɫiviː
trpezlivý	tɾɛpɛzliviː
trpia	trpia
trpiaci	trpiatsi
trpieť	trpiɛc
trpký	trpkiː
trpí	trpiː
trpím	trpiːm
trpíš	trpiːʃ
trstín	trstɪn
trubice	trubitsɛ
truchlí	truxliː
truhla	truhla
trup	trup
trus	t̪ros
trvajúci	trvajuːtsi
trval	trval
trvalo	trvalɔ
trvalý	trvaliː
trvalými	trvaliːmi
trvanie	trvaɲiɛ
trvať	trvac
trvá	trvaː
trvám	trvaːm
tryska	triska
trám	tram
trápenie	trapɛnjɛ
trápenie	traːpɛɲiɛ
trápi	trɑːpi
trápia	traːpia
trápiť	trɑːpic
trápna	trapna
trápne	traːpɲɛ
trápni	tɛaːpni
trápny	traːpli
trápny	trɑːpni
tráva	traːva
tráve	traːvɛ
trávenie	traːvɛɲiɛ
trávil	traːvil
trávim	traːvim
tráviť	traːvic
trávnik	traːvɲik
trávu	traːvu
tréner	trɛːnɛr
tréner	tɾɛjnɛr
trénera	trɛːnɛra
trénerka	trɛːnɛrka
trénerský	trɛːnɛrskiː
tréning	trɛːning
tréning	tɾˈɛnɪŋ
tréningový	trɛːningɔviː
trénovať	trɛːnɔvac
trón	trɔːn
trón	trˈon
trúd	trut
trúfať	truːfac
trčať	trtʃac
tržba	trʒba
ts	ts
tsmc	tsmts
tu	tu
tu	tʊ
tucet	tutsɛt
tucnym	tutsnim
tuctový	tutstavjiː
tudo	tudɔ
tuhle	tuɦlɛ
tuho	tuɦɔ
tuhý	tuɦiː
tuja	toja
tuk	tu
tuk	tuk
tukan	dukɑnɯ
tuku	tuku
tulipán	pulipaːn
tummy	tummi
tuna	tuna
tunajší	tunajʃiː
tundra	tˈundra
tunel	tuneʊ
tunel	tunɛl
tunela	tunɛlɑ
tunisko	tuniskɔ
tunisko	tɔniskɔ
tuná	tuna
tuná	tunaː
tuo	tuɔ
tupe	tupɛ
tupelu	tupɛlu
tupý	tupi
tupý	tupiː
tupší	tupʃiː
turany	duɾani
turecka	turɛtska
turecko	turɛtskɔ
turecký	turɛtskiː
turiec	turiɛts
turiec	turɛts
turista	turista
turista	tʊɾjsta
turisti	turisci
turistický	toristitskiː
turistický	turistitskiː
turistika	turistika
turistika	t̪uɾjst̪ika
turistiku	turistiku
turistov	turistɔv
turizmus	turizmus
turkyňa	turkiɲːa
turmalín	turmalin
turnaj	turnaj
turner	turnɛr
turné	turnɛː
turá	dˌuɾˈa
turín	turiːn
turčiansky	turtʃianski
turňa	turɲa
tusu	tusu
tuto	tutɔ
tuzba	tuzba
tuzi	tuzi
tučniak	tutʃɲiak
tučnieť	tutʃnjɛtsʲ
tučný	tutʃni
tučný	tutʃniː
tuňi	tunʲi
tušenia	tuʃɛɲia
tušenie	tuʃɛɲiɛ
tušil	tuʃil
tušiť	tuʃic
tuším	tuʃiːm
tužku	tuʒku
tv	tv
tvar	tvar
tvar	tvˈɛːr
tvare	tvaræɛ
tvaroslovie	dvaroslovjɛ
tvarovaná	tvarɔvanaː
tvarovaný	tvarɔvanɪ
tvarovať	tvarʊvatɕ
tvoj	tvɔj
tvoja	tvɔja
tvoja	tvɔjɑ
tvoje	toʋɔjɛ
tvoje	tvɔjɛ
tvojej	tvɔjɛi
tvojho	tvɔjhɔ
tvoji	dvoj
tvoji	tvɔji
tvojich	tvɔjix
tvojim	tvɔjim
tvojimi	tvɔjimi
tvojmu	tvɔjmu
tvojom	tvɔjɔm
tvojou	tvɔjɔu
tvoju	tvɔju
tvojím	tvɔjiːm
tvor	tvɔr
tvorba	dʒɔrba
tvorba	tvɔbra
tvorbe	tvɔrbɛ
tvorbu	tvɔrbu
tvorby	tvɔrbi
tvorca	tvɔrtsa
tvorený	tvɔrɛniː
tvoria	tvɔria
tvoria	tvɔrɪja
tvoriaci	tvɔriatsi
tvorivosť	tvɔrivɔsc
tvorivé	tvɔrivɛː
tvorivý	tvɔriviː
tvorivých	tvɔriviːx
tvoriť	tvɔric
tvorí	tvɔriː
tvoríte	tvɔriːcɛ
tvov	tvɔv
tvrdenie	tvrɟɛɲiɛ
tvrdením	tvrɟɛɲiːm
tvrdia	tvrɟia
tvrdil	tvrɟil
tvrdiť	tvrɟic
tvrdo	tvrdɔ
tvrdohlavý	tvrdɔhlɑviː
tvrdosť	tvrdɔsc
tvrdošína	tvrdoʃiːna
tvrdá	tvrdaː
tvrdé	tvrdɛː
tvrdé	tvɛrdɛ
tvrdí	tvrɟiː
tvrdý	tvrdiː
tvrdší	tɛrtʃi
tvár	tvaːr
tváre	tvaːrɛ
tvári	tvaːri
tváriť	tvaːric
tvárou	tvaːrɔu
twist	tvist
twojej	tvɔjɛj
ty	ti
tybu	tibu
tych	tix
tyká	tikɑː
tyler	tilɛr
tym	tim
tymi	timi
tymian	tɨmjaːn
typ	tip
typickejší	tipitskejʃi
typicky	tipitski
typický	tipitski
typický	tipitskiː
typu	tipu
tyra	tira
tyreoiditída	tireojditida
tysona	tisɔna
tyzde	tizdɛ
tyč	titʃ
tyčinka	titʃnka
tyčinky	tɛtʃinkɪ
tzv	tzv
tá	tah
tá	tɑː
tábor	apor
tábor	tɑːbɔr
tábora	taːbɔra
tábore	taːbɔrɛ
tácňa	tatsnʲa
ták	tɑːk
tále	tɑːɫɛ
tápať	tapak
táto	tato
táto	taːto
táto	tɑːtɔ
táto	tɑːtɔʊ
téglikový	pɛːglɪkɔʊiː
tém	tɛːm
téma	tɛːma
témam	tɛːmam
témami	tɛːmami
tématické	teːmatitsʲikeː
téme	tɛːmæɛ
témou	tɛːmɔu
tému	tɛːmu
témy	tɛːmi
téris	tɛːris
téza	tɛːza
tí	tiː
tí	t̪e
tím	tim
tím	tiːm
tíme	tiːmɛ
tímom	tiːmɔm
tímový	tiːmɔviː
tímu	tiːmu
tímy	tiːmi
típkom	tiːpkɔm
títo	tito
títo	tiːtɔ
tón	tɔːn
tú	tu
tú	tuː
túra	tuːra
túto	tuːtɔ
tútora	tʊːtɔra
túžba	tuːʒba
túžbou	tuːʒbɔu
túžbu	tuːʒbu
túžiš	tuːʒiʃ
túžiť	tuːʒic
tý	tiː
tých	tiːx
týchto	tiːxto
týchto	tiːxtɔ
týka	tiːka
týka	tiːkɑ
týkajú	tiːkajuː
týkajúce	tiːkajuːtsɛ
týkajúci	tiːkajuːtsi
týkam	ti˥˩kam˥˩
týkať	tiːkac
tým	dˈeːm
tým	tiːm
tými	tiːmi
týmito	tiːmitɔ
týmto	tiːmtɔ
týmy	tiːmi
týpek	tiːpɛk
týranie	tiːraɲiɛ
týždenne	tiʒɟɛnnjɛ
týždenne	tiːʒɟɛɲɛ
týždenník	tiːʒɟɛɲɲiːk
týždenný	tiːʒɟɛnniː
týždeň	tiːʒɟɛɲ
týždne	tiːʒdɲɛ
týždňa	tiːʒdɲa
týždňami	tiːʒdɲami
týždňoch	tiːʒdɲɔx
týždňom	tiːʒdɲɔm
týždňov	tiːʒdɲɔv
týždňový	tiːʒdɲɔviː
tĺčik	tɔtʃik
tři	trʒiː
třída	trʒida
u	u
uberať	ubɛrac
uberem	ubɛrɛm
ubezpečiť	ubɛzpɛtʃic
ubezpečovať	ubɛzpɛtʃɔvac
ubiť	ubit
ublíženie	ubliːʒɛɲiɛ
ublížený	obliːʒɛniː
ublíži	ubliːʒi
ublížil	ubliːʒil
ublížiť	ubliːʒic
ubou	ubɔu
ubraný	ubrami
ubrániť	ubraːɲic
ubytovací	ubitɔvatsiː
ubytovanie	ubitɔvaɲiɛ
ubytovať	ubitɔvac
ubytovňa	ubitɔvɲa
ucelený	utsɛlɛniː
ucelený	utsɛlɛnɪ
ucho	uxɔ
uchovať	uxɔvac
uchovávať	uxɔvɑːvac
uchvátiť	uχvaːtɪc
uchádzač	uxaːdzac
uchádzači	uxaːdzatʃi
uchádzať	uxaːdzac
uchýliť	uxiːɫic
ucirak	utsiːrak
uctievať	utsciɛvac
uctiť	utscic
uctiť	ʊtsdˈi
udajov	udajɔv
udalosti	udalɔsci
udalosť	udalosk
udalosť	udalɔsc
udatný	ʔudat̪ni
udavské	udavskɛː
udelenie	uɟɛlɛɲiɛ
udelený	uɟɛlɛniː
udeliť	uɟɛlic
udeľovanie	uɟɛʎɔvaɲiɛ
udeľovať	uɟɛʎɔvac
udiali	uɟiali
udialo	uɟialɔ
udiať	uɟiac
udrel	udrɛl
udri	udri
udrieť	udriɛc
udržal	udrʐau̯
udržanie	udrʒaɲiɛ
udržateľnosti	udrʒacɛʎnɔsci
udržateľnosť	udrʒacɛʎnɔsc
udržateľné	udrʒacɛʎnɛː
udržateľný	udrʒacɛʎniː
udržať	udrʒac
udržiavanie	udrʒiavaɲiɛ
udržiavať	udrʒiavac
udržovať	udrʒɔvac
udrží	udrʒiː
udským	udskiːm
udávať	udɑːvac
udžala	udʒaɫa
uefa	uɛfa
uesa	uɛsɑ
uf	uf
uganda	ogɑnda
uh	uɦ
uherčík	uɦɛrtʃiːk
uhlie	uɦliɛ
uhlík	uɦʎiːk
uhm	uɦm
uhni	uɦɲi
uhnite	uɦɲicɛ
uhol	uɣɔl
uhol	uɦɔɫ
uhorka	uɦɔrka
uhorsko	uɦɔrskɔ
uhorský	uɦɔrskiː
uhradiť	uɦraɟic
uhrať	uɦrac
uhádnuť	uɦaːdnuc
uháňaj	uɦaːɲaj
uistil	uiscil
uistiť	uiscic
uisťujem	uiscujɛm
ujať	ujac
ujde	ujɟɛ
ujma	ujma
ujmeme	ujmɛmɛ
ujo	ojo
ujo	ujɔ
ujsť	ujsc
ujčina	ojtʃina
ukaný	ukaniː
ukazes	ukazɛs
ukazovali	ukazɔvali
ukazovateľ	ukazɔvacɛʎ
ukazovať	ukazɔvac
ukazovák	ukasɒvaːk
ukazuje	ukazujɛ
ukazujú	ukazujuː
ukladať	ukladac
ukladá	ukladaː
ukončenie	ukɔntʃɛɲiɛ
ukončení	ukɔntʃɛniː
ukončení	ukɔntʃɛɲiː
ukončený	ukɔntʃɛniː
ukončil	ukɔntʃil
ukončiť	ukɔntʃic
ukovať	pukɔvac
ukradl	ukradɫ
ukradla	ukradɫa
ukradli	ukradli
ukradnutý	ukradnutiː
ukradnúť	ukradnuu
ukradnúť	ukradnuːc
ukradol	ukradɔɫ
ukrajina	ukrajina
ukrajinec	ukrajiɲɛts
ukrajinka	ukrainka
ukrajinský	ukrajinskiː
ukrajinčina	ukraintʃina
ukrižovať	ɔkriʒɔvɑc
ukryme	ukrimɛ
ukrytý	ukritiː
ukryť	ukric
ukrýtu	ukriːtu
ukrývať	ukriːvac
ukázal	ukaːzal
ukázala	ukaːzala
ukázali	ukaːzali
ukázalo	ukaːzalɔ
ukázať	ukaːzac
ukáž	ukɑːʒ
ukáže	ukɑːʒɛ
ukážem	ukɑːʒɛm
ukážete	ukɑːʒɛcɛ
ukážka	ukɑːʒka
ukážte	ukɑːʒcɛ
ukľudni	ukʎudɲi
ukľudnite	ukʎudɲicɛ
ukľudniť	ukʎudɲic
ulica	ulitsa
ulica	uʎitsa
ulicami	uʎitsami
ulice	uʎitsɛ
ulici	uʎitsi
uliciach	uʎitsiax
uliciam	pʊlitsiam
ulicou	uʎitsɔu
ulicu	uʎitsu
ulita	olita
ulička	ulitʃka
uličky	ulitʃki
uloženie	ulɔʒɛɲiɛ
uložené	ulɔʒɛnɛː
uloženú	ulɔʒɛnuː
uložený	ulɔʒɛniː
uložiť	ulɔʒic
uložiť	uɫoʒit
ulven	ulvɛn
ulíc	uʎiːts
um	um
umelca	umɛltsa
umelci	umɛltsi
umelcoch	umɛɫtsɔx
umelcom	umɛɫtsɔm
umelcov	umɛɫtsɔv
umelcovi	umɛɫtsɔvi
umelec	umɛʎɛts
umeleckej	ʊmɛlɛtskɛj
umelecké	ʊmɛlɛtskɛː
umelecký	omɛlɛtskiː
umelecký	umɛlɛtskiː
umelo	umɛlɔ
umelou	umɛlɔu
umelý	umɛliː
umenia	umɛɲja
umenie	omanjɛ
umenie	umɛɲiɛ
umení	umɛɲiː
umení	ʊmɛɲiː
umením	ʊmɛɲiːm
umiera	umiɛra
umierajú	umiɛrajuː
umierať	umiɛrac
umierať	ʊ̞mjɛrɑc
umierna	umiɛrna
umiernený	umiɛrɲɛniː
umiernený	umjɛrɲɛmiː
umiestnenie	umiɛstɲɛɲiɛ
umiestnené	umiɛstɲɛnɛː
umiestnení	umiɛstɲɛɲiː
umiestnený	umiɛstɲɛniː
umiestnila	umiɛstɲila
umiestniť	umiɛstɲic
umodlikať	umˈɔ̃dˈə-lˈikat
umolestovaný	umɔvɛsdɔvanɨ
umordovaný	umordɔvanɨ
umožniť	umɔʒɲic
umožní	umɔʒɲiː
umožňovať	umɔʒɲɔvac
umožňuje	umɔʒɲujɛ
umožňujúci	umɔʒɲujuːtsi
umrel	umrɛɫ
umrela	umrɛɫa
umrie	umriɛ
umrieme	umriɛmɛ
umrieť	umriɛc
umrlec	omrɫæt
umyl	umil
umyť	umic
umývať	umiːvac
unavená	unavɛnaː
unavený	unavɛniː
unavený	unavˈene
unavuje	unavujɛ
unesená	uɲɛsɛnaː
uniesli	uɲjsɛli
uniesť	uɲiɛsc
uniforma	unifɔrma
uniforme	unifɔrmɛ
unikal	uɲikal
unikať	unikak
unikať	uɲikac
uniknúť	uɲiknuːc
unikátny	unikɑːtni
unionizmus	unionismos
univerzita	univɛrzita
univerzite	univɛrzicɛ
univerzitný	univɛrzitniː
univerzitu	univɛrzitu
univerzity	univɛrziti
univerzálny	univɛrzɑːlni
untener	untener
unášať	unaːʃac
up	up
upadal	upadal
upadať	upadac
upadnúť	upadnuːc
upevniť	upɛvɲic
upevním	upɛvɲiːm
upevňovať	upɛvɲɔvac
upierať	upiɛrac
uplatnenie	upɫatɲɛɲiɛ
uplatnia	upɫatɲia
uplatniť	upɫatɲic
uplatok	upɫatɔk
uplatňovanie	upɫatɲɔvaɲiɛ
uplatňovať	upɫatɲɔvac
upletený	uplɛcɛmiː
uplne	upɫɲɛ
uplynulé	upɫinulɛː
uplynulý	upɫinuliː
uplynulých	upɫinuliːx
uplynutie	upɫinuciɛ
uplynúť	upɫinuːc
upokoj	upɔkɔj
upokojiť	upɔkɔjc
upokojiť	upɔkɔjic
upokojovať	upɔkɔjɔvac
upokojte	upɔkɔjcɛ
upozornenie	upɔzɔrɲɛɲiɛ
upozornenie	upɔzɔrɲɛɲiː
upozornený	upɔzɔrɲɛmiː
upozornil	upɔzɔrɲil
upozorniť	upɔzɔrɲic
upozorňovať	upozorɲovatɕ
upozorňovať	upɔzɔrɲɔvac
uprac	uprats
upratať	upratac
upratovanie	upratɔvaɲiɛ
upratovačka	upratɔvɛtʃka
upravený	upravɛniː
upravil	upravil
upraviť	upravic
upravovať	upravɔvac
uprednostniť	uprɛdnɔstɲic
uprednostňovať	uprɛdnɔstɲɔvac
uprene	uprɛɲɛ
uprený	uprini
upresniť	uprɛsɲic
uprieť	upriɛc
uprostred	uprɔstrɛd
upset	upsɛt
upustiť	upuscic
upír	upiːr
upíri	upiːri
upírom	upiːrɔm
upútavka	upuːtɑvka
upútať	upuːtac
urazený	uɾaːzæniː
uraziť	urazic
uraziť	uɾazit
urbarialistov	urbarialistɔv
urcite	urtsitɛ
urgentné	urgɛntnɛː
urgentný	urgɛntniː
urna	urna
urob	urɔb
urobený	urɔbɛniː
urobia	ʊrɔbiɑ
urobil	urɔbil
urobila	urɔbilɑ
urobili	urɔbili
urobilo	urɔbilɔ
urobit	urɔbit
urobiť	urɔbic
urobme	urɔbmɛ
urobte	urɔbcɛ
urobí	urɔbiː
urobím	urɔbiːm
urobíme	urɔbiːmɛ
urobíte	urɔbiːc
urobíš	urɔbiːʃ
uroda	urɔda
urputne	orputnʲe
uruguaj	urugulaj
urán	uraːn
urážať	uraːʒac
urážka	uraːʃka
urážka	uraːʒka
urážky	uraːʒki
urýchlene	uriːxlɛɲɛ
urýchliť	uriːxlic
urč	urtʃ
určenie	urtʃɛɲiɛ
určené	urtʃɛnɛː
určený	urtʃɛniː
určil	urtʃil
určite	urtʃicɛ
určite	ʊrtʃicɛ
určitej	urtʃitɛj
určitou	urtʃitɔv
určité	urtʃitɛː
určitý	urtʃitiː
určitých	urtʃitiːx
určiť	urtʃic
určiť	urtʃit
určovanie	urtʃɔvaɲiɛ
určovať	urtʃɔvac
určujúci	urtʃujuːtsi
určí	urtʃiː
us	us
usa	usa
usadiť	usaɟic
usd	usd
usilovať	usilɔvac
usilovne	usilɔvɲɛ
uskutočnenie	uskutɔtʃɲɛɲiɛ
uskutočnený	ukutɔtʃɲɛniː
uskutočnil	uskutɔtʃɲil
uskutočnila	uskutɔtʃɲila
uskutočniť	uskutɔtʃɲic
uskutočňovať	uskutɔtʃɲɔvac
usmejte	usmɛjcɛ
usmerňovať	usmɛrɲɔvac
usmiaty	osmiati
usmiať	usmiac
usmieva	usmiɛva
usmievať	usmiɛvac
usmrtiť	usmrcic
uspieť	uspiɛc
uspokojenie	uspɔkɔjɛɲiɛ
uspokojiť	uspɔkɔjic
uspokojiť	uːspokojɪc
uspokojovať	uspɔkɔjɔvac
usporiadal	uspɔriadal
usporiadanie	uspɔriadaɲiɛ
usporiadanom	uspɔriadanɔm
usporiadaný	uspɔriadaniː
usporiadateľ	uspɔriadacɛʎ
usporiadať	uspɔriadac
ustanovenie	ustanɔvɛɲiɛ
ustanovený	ustanɔvɛniː
ustanovizeň	ustanɔvizɛɲ
ustanoviť	ustanɔvic
ustanovovať	ustanɔvɔvac
ustarostený	uʃtarɔscɛniː
ustavične	ustavitʃɲɛ
ustavičný	ustavitʃniː
ustrihnutý	ustriɦnuztiː
ustupovať	ustupɔvac
ustálený	ustɑːlɑniː
ustálený	ustɑːlɛniː
ustúp	ustuːp
ustúpiť	ustuːpic
ustúpte	ustuːpcɛ
usudzovať	usudzɔvac
usúdiť	usuːdic
utajený	utajɛniː
utajovaný	utajɔvaniː
utekaj	ucɛkaj
utekajte	ucɛkajcɛ
utekajú	ucɛkajuː
utekal	ucɛkal
utekať	ucɛkac
uteká	ucɛkɑː
utekáte	ucɛkɑːcɛ
uterák	ucɛraːk
uterák	uθɛraːk
uteč	ucɛtʃ
utečenci	uːtɛtʃɛntsj
utečenec	ucɛtʃɛɲɛts
utečenec	utɛtʃinʲets
utečie	ucɛtʃiɛ
utiahnuť	uciaɦnuc
utiecť	uciɛtsc
utiekla	uciɛkla
utiekol	ucjɛkɔɫ
utopenec	utopɛɲitsa
utopiť	utɔpic
utorkový	utɔrkɔviː
utorok	utɔrɔk
utorňajší	utɔrɲajʃiː
utrieť	utriɛc
utrpela	utrpɛla
utrpenie	utrpɛɲiɛ
utrpieť	utrpiɛc
utrácať	utrɑːtsak
utvoriť	utvɔric
utvárať	utvaːrac
utíšiť	uciːʃic
uvalím	uvaliːm
uvariť	uvaric
uvariť	uvʲarjt
uvažovanie	uvaʒɔvaɲiɛ
uvažovať	uvaʒɔvac
uvedenie	uvɛɟɛɲiɛ
uvedené	uvɛɟɛnɛː
uvedený	uvɛɟɛniː
uvedených	uvɛɟɛniːx
uvedomil	uvɛdɔmiɫ
uvedomila	uvɛdɔmiɫa
uvedomiť	uvedomi
uvedomiť	uvɛdɔmic
uvedomovať	uvɛdɔmɔvac
uvedomuješ	uvɛdɔmujɛʃ
uvedomí	uvɛdɔmiː
uverejnenie	uvɛrɛjɲɛɲiɛ
uverejnený	uvɛrɛjɲɛniː
uverejniť	uvɛrɛjɲic
uverejňovať	uvɛrɛjɲɔvac
uverili	uvɛrili
uveriť	uvɛric
uverí	uvɛriː
uverím	uvɛriːm
uviazli	uviɑzli
uviaznuť	uviɑznuc
uvidel	uviɟɛɫ
uvidela	uviɟɛɫa
uvidia	uviɟia
uvidieť	uvidjɛ
uvidieť	uviɟiɛc
uvidí	uviɟiː
uvidím	uviɟiːm
uvidíme	uviɟiːmɛ
uvidíte	uviɟiːcɛ
uvidíš	uviɟiːʃ
uviedol	uviɛdɔɫ
uviesť	uviɛsc
uvodny	uvɔdni
uvolníme	uvɔlɲiːmɛ
uvoľnenie	uvɔʎɲɛɲiɛ
uvoľnený	uvɔʎɲɛniː
uvoľni	uvɔʎɲi
uvoľnite	uvɔʎɲicɛ
uvoľniť	uvɔʎɲic
uvoľňovať	uvɔʎɲɔvac
uvádza	uvaːdza
uvádzaný	uvaːdzaniː
uvádzať	uvaːdzac
uväznený	uvɛzɲɛniː
uvítať	uviːtac
uz	uz
uzamknutie	uzamknutɕɛ
uzatvorenie	uzɑtvɔrɛɲiɛ
uzatvorený	uzatvɔrɛniː
uzatvoriť	uzɑtvɔric
uzatvárať	uzɑtvɑːrac
uzavretie	uzɑvrɛciɛ
uzavretá	uzɑvrɛtaː
uzavretý	uzɑvrɛtiː
uzavrieť	uzɑvriɛc
uzda	uzda
uzdravenie	uzdravɛɲiɛ
uzlov	uzɫɔv
uzlík	uzlˈiːk
uznanie	uznaɲiɛ
uznaný	uznaniː
uznať	uznac
uznesenie	uzɲɛsɛɲiɛ
uznávaný	uznaːvaniː
uznávať	uznaːvac
uzol	uzɔɫ
uzrieť	uzriɛc
uzákoniť	uzakɔnix
uzávierka	uzɑːviɛrka
učebnica	utʃɛbɲitsa
učebniciach	utʃɛbɲitsiax
učebníc	utʃɛbɲiːts
učebný	utʃɛbniː
učenec	utʃɛɲɛts
učenie	utʃɛɲiɛ
učeník	utʃɛniːk
učeň	utʃɛɲ
učia	utʃia
učil	utʃil
učila	ʊtʃila
učili	ʊtʃili
učilište	utʃiliʃcɛ
učitelia	utʃicɛlia
učiteľ	utʃicɛʎ
učiteľa	utʃicɛʎa
učiteľka	utʃicɛʎka
učiteľka	utʃitɛlka
učiteľov	ʊtʃicɛʎɔv
učiteľskej	utʃicɛʎskɛj
učiteľského	utʃicɛʎskɛːhɔ
učiteľský	utʃicɛʎskiː
učivo	ɔtʃivo
učiť	utʃik
učiť	ʊtʃic
učí	utʃiː
učím	utʃiːm
učíte	ʊtʃiːcɛ
uľahčiť	uʎaxtʃic
uľahčovať	uʎaɦtʃɔvac
uľaviť	uʎavic
ušami	uʃami
ušetri	uʃɛtri
ušetril	uʃɛtril
ušetriť	uʃɛtric
ušetriť	uʃɛtrik
uši	uʃi
ušiel	uʃiɛl
uškrnúť	uʃkrnuːc
ušpiniť	uʃpjɲit
uštipačný	uʃcipatʃniː
uší	uʃiː
ušľachtilý	uʃʎaxciliː
už	u
už	uʂ
už	uʃ
už	uʐ
už	uʒ
uži	uʒɪ
užite	uʒicɛ
užitočná	uʒitɔtʃnaː
užitočné	uʒitɔtʃnɛː
užitočný	uʒitɔtʃniː
užitočný	ʊʒiːtɔtʃniː
užitý	uʒɪti
užiť	uʒic
užívanie	uʒivaɲiɛ
užívatelia	ʊʒiːvacɛlɪa
užívateľ	uʒivacɛʎ
užívateľ	uʒiːvatɕɛr
užívať	uʒiːvac
užší	uʃi
v	f
v	v
v	vˈœ̃
v	ʋ
vackov	vatskɔv
vacu	vatsu
vadilo	vaɟilɔ
vadiť	vaɟic
vadí	vaɟiː
vagabund	bagabunt
vagína	vagiːna
vagína	vatina
vagón	vagon
vagón	vagɔːn
vajcami	vajtsami
vajce	vajtsɛ
vajcia	vajtsia
vajda	vajda
vajda	voida
vajec	vajɛt
vajíčka	vajiːtʃka
vajíčkach	vajiːtʃkax
vajíčko	vajiːtʃkɔ
vajíčko	vˈaɪiːtʃko
vak	vak
vakcinologickej	vaktsinɔlɔgitskɛj
vakcína	vaktsiːna
val	val
valach	valax
valašku	vaɫaʃku
valec	valɛts
valencia	valɛntsia
valiť	valic
valmont	valmɔnt
valný	valniː
valy	vali
valčík	vaɫtʃiːk
valčík	vˈaɫtʃiːk
vam	vɑm
vami	vɑmi
van	van
vandrujeme	vandrujɛmɛ
vanessa	vanɛssa
vani	vaɲi
vankúš	vaŋkuːʃ
vaporizácia	vapɔriˈzatsija
var	var
varek	varɛk
varen	varɛn
varenie	varɛɲiɛ
varený	vaɾɛnɨ
vari	vari
variant	variant
varix	variks
variácia	variaːtsia
variť	varic
varoval	varɔval
varovala	varɔvalɑ
varovanie	varɔvaɲiɛ
varovať	varɔvac
varovný	varovniː
varovný	varɔvniː
varuje	varujɛ
varujem	varujɛm
varujúc	varujuːts
varšava	varʃava
varšavský	varʃavskiː
vas	vas
vasa	vasa
vasnou	vasnɔu
vatikán	vatikɑːn
vatikánsky	vatikɑːnski
vazelína	vazɛliːna
vazelínou	vazɛliːnɔu
vačšia	vatʃʃiɑ
vaľac	balas
vaňa	vaɲa
vaňu	vaɲu
vaš	vɑʃ
vaša	vɑʃɑ
vaše	baʃe
vaše	vɑʃɛ
vaše	ʋɑʃɛ
vašej	vɑʃɛj
vaši	vɑʃi
vašich	vɑʃiːx
vašim	vɑʃim
vašimi	vɑʃimi
vašom	vɑʃɔm
vašou	vɑʃɔu
vašu	vɑʃu
vaších	vɑʃiːx
vaším	vɑʃiːm
vbehnúť	vbɛɦnuːc
vcelku	vtsɛɫku
vchod	vxɔd
vchod	vxˈɔt
vchode	vxɔɟɛ
vchodu	vxɔdu
vchádzať	vxaːdzac
vdaka	vdaka
vdov	vdɔu
vdova	fdɔba
vdova	vdɔva
vdovu	vdɔvu
vdovy	vdɔvi
vdych	vdix
ve	vɛ
veau	vɛau
vec	bˈɛt
vec	vɛts
vecami	vɛtsami
vecer	vɛtsɛr
veci	vɛtsi
veciach	vɛtsjɑx
veciam	vɛtsiam
veckaj	vetsgaj
vecko	vɛtskɔ
vecný	vɛtsniː
vecou	vɛtsɔu
vecí	vɛtsiː
ved	vɛd
veda	dada
veda	vɛda
veda	vɨda
vedami	vɛdami
vedci	vɛdtsi
vedci	vɛtsɪ
vede	vɛɟɛ
vedec	vɛɟɛts
vedecko	vɛɟɛtskɔ
vedecké	vɛɟɛtskɛː
vedecký	vɛɟɛtskiː
vedel	vɛɟɛl
vedela	vɛɟɛlɑ
vedeli	vɛɟɛɫi
vedenie	vɛɟɛɲiɛ
vedenie	vɛɟɛɲɛ
vedená	vɛɟɛnaː
vedením	vɛɟɛɲiːm
vedený	vɛɟɛniː
vedia	vɛɟɪa
vedie	vɛɟɪɛ
vediet	vɛdjɛt
vedieš	vɛɟiɛʃ
vedieť	vɛɟiɛc
vedno	vɛdnɔ
vedný	avɛdmiː
vedome	vɛdɔmɛ
vedomej	vɛdɔmɛj
vedomie	vɛdɔmiɛ
vedomosti	vɛdɔmɔstci
vedomosť	vɛdɔmɔsc
vedomí	vɛdɔmiː
vedomý	vɛdɔmiː
vedou	vɛdɔu
vedro	vɛdrɔ
vedu	vɛdu
veduce	vɛdutsɛ
vedú	vɛduː
vedúca	vɛduːtsa
vedúceho	vɛduːtsɛhɔ
vedúci	vedutsi
vedúci	vɛduːtsi
vedľa	vɛdʎa
vedľajšej	vɛdʎajʃɛj
vedľajší	vɛdʎajʃiː
veera	vɛːra
vegas	vɛgas
vegeta	vɛgʲɪtɑ
vegán	vˌegˈaŋʊ
vek	vɛk
vek	vˈek
veko	vɛkɔ
vekoch	vɛkɔx
vekom	vɛkɔm
vekový	vɛkɔviː
vekslák	bɛkslaːk
vektor	vɛktɔr
veku	vɛku
veky	vɛki
vel	vɛɫ
vela	vɛla
velenie	vɛlɛɲiɛ
velikánom	vɛɫikɑːnɔm
veliteľ	vɛɫicɛʎ
veliteľa	vɛlicɛʎa
veliteľstvo	vɛɫicɛʎstvɔ
veličenstva	vɛlitʃɛnstva
veličenstvo	vɛlitʃɛnstvɔ
veličina	vɛlitʃina
veliť	vɛlic
velkom	vɛɫkɔm
velky	vɛɫki
velký	vɛlkiː
velmi	vɛɫmi
velí	vɛliː
venezuela	vɛnɛzueˈlɑ
venezuela	vɛnɛzuɛlɑ
venezuelčanka	ð̞enez̺ue̞ltʃanka
veniec	vɛɲiɛts
venkman	vɛnkman
veno	veno
venovaný	vɛnɔvaniː
venovať	vɛnɔvɑc
ventil	vɛntil
ventilátor	vɛntivaːtor
venu	vɛnu
venujem	vɛnujɛm
venujete	vɛnujɛcɛ
venuješ	vɛnujɛʃ
venus	vɛnus
ver	vɛr
veranda	vɛranda
verbovačka	vɛrbɔvatʃka
verbálny	vɛrbaːɫni
verdikt	vɛrdikt
verejne	vɛrɛjɲɛ
verejnej	veɾejnei̯
verejnej	vɛrɛjnɛj
verejnoprospešný	vɛrɛjnɔprɔspɛʃniː
verejnoprávny	vɛrɛjnɔpraːvni
verejnosti	vɛrɛjnɔsci
verejnosť	vɛrɛjnɔsc
verejné	vɛrɛjnɛː
verejného	vɛrɛjnɛːɦɔ
verejného	vɛrɛɪnɛːhɔ
verejný	vɛrɛjniː
verejných	vɛrɛjniːx
veria	vɛria
veriaci	vɛriatsi
veril	vɛriɫ
verila	vɛrilɑ
verili	vɛrili
verit	vɛrit
veriteľ	vɛricɛʎ
veriť	vɛric
vermeer	vɛrmɛr
verne	vɛrɲɛ
vernisáž	vɛrnisaːʒ
vernosť	vɛrnɔsc
vernum	vɛrnum
verný	vɛrniː
vero	vɛrɔ
veronika	vɛrɔnika
veronom	vɛrɔnɔm
veronu	vɛrɔnu
verte	vɛrcɛ
vertikálny	vɛrtikɑːlni
veru	vɛru
very	vɛri
verzia	veərzia
verzia	vɛrzia
verziu	vɛrziu
verzus	vɛrzus
verí	vɛriː
verím	vɛriːm
veríme	vɛriːmɛ
veríte	vɛriːcɛ
veríš	vɛriːʃ
verš	vɛrʃ
verš	wɛrʃ
veršom	vɛrʃɔm
ves	vɛs
veseliť	vasɛlɪc
veselo	vɛsɛɫɔ
veselé	vɛsɛlɛː
veselý	vɛsɛliː
vesmír	vasʲmʲiɾ
vesmír	vɛsmiːr
vesmíre	vɛsmiːrɛ
vesmírna	vɛsmiːrna
vesmírneho	vɛsmiːrnɛhɔ
vesmírnom	vɛsmiːrnɔm
vesmírnu	vɛsmiːrnu
vesmírny	vɛsmiːrni
vesmíru	vɛsmiːru
vesta	festa
vesta	vɛsta
vestibul	vɛstibuɫ
vestu	vɛstu
veta	vɛta
veterinárny	vɛtɛrinaːrni
veterno	vɛcɛrnɔ
veterník	bɛcɛrniːk
veterný	vɛcɛrniː
veterán	vɛtɛraːn
veto	vɛtɔ
vetra	vɛtra
vetra	vˈetɾa
vetracou	vɛtratsɔu
vetrovka	vɛtroukˈa
vetry	vɛtri
vetríme	vɛtriːmɛ
vetu	vɛtu
vetva	vetva
vetva	vɛtva
vetve	vɛtvɛ
vety	vɛti
veverica	zɛvɛritsa
veza	vɛza
vezbu	vɛzbu
vezeme	vɛzɛmɛ
vezme	vɛzmɛ
vezmem	vɛzmɛm
vezmeme	vɛzmɛmɛ
vezmeš	vɛzmɛʃ
vezmi	vɛzmi
vezmite	vɛzmicɛ
vezmú	vɛzmuː
večer	vɛtʃr
večer	vɛtʃɛr
večera	detʃera
večera	vɛtʃɛra
večere	vɛtʃɛrɛ
večeri	vɛtʃɛri
večerníček	vɛtʃɛrɲiːtʃɛk
večerný	vɛtʃɛrniː
večeru	vɛtʃɛru
večierok	vɛtʃiɛrɔk
večne	vɛtʃɲɛ
večnosti	vɛtʃnɔsci
večnosť	vɛtʃnɔsc
večný	vɛtʃniː
večšina	vɛtʃʃina
večšinu	vɛtʃʃinu
veď	vɛɟ
veľa	vælæ
veľa	vɛʎa
veľakrát	vɛʎakraːt
veľata	vɛʎata
veľkej	vɛʎkɛj
veľko	vɛʎkɔ
veľkohubý	vælkɔhʊbi
veľkolepý	vɛʎkɔlɛpiː
veľkom	vɛʎkɔm
veľkomesto	vɛʎkɔmɛstɔ
veľkomestá	vɛʎkɔmɛstɑː
veľkonočný	vɛʎkɔnɔtʃniː
veľkorysosť	vɛːɫkɔrisɔsc
veľkorysá	vɛʎkɔrisaː
veľkorysý	vɛʎkɔrisiː
veľkosti	vɛʎkɔsci
veľkosť	vɛlkɔsc
veľkosť	vɛʎkɔsc
veľkou	vɛʎkɔu
veľkozobý	bɛlkosobi
veľká	vɛʎkɑː
veľké	vɛlkɛ
veľké	vɛʎkɛ
veľkého	vɛʎkɛːhɔ
veľkú	vɛʎkuː
veľký	vɛlki
veľký	vɛʎkiː
veľkých	vɛʎkiːx
veľkým	vɛʎkiːm
veľkými	vɛʎkiːmi
veľmi	vɛlmi
veľmi	vɛlmɪ
veľmi	vɛʎmi
veľmi	vˈɛlmi
veľmi	wɛlmi
veľmoc	vɛʎmɔts
veľo	velo
veľryba	vɛʎriba
veľtok	vɛltɔk
veľtrh	vɛʎtrh
veľvyslanec	vɛʎvislaɲɛts
veľvyslanectvo	vɛʎvislaɲɛtstvɔ
veľvyslankyne	vɛʎviːslankiɲɛ
vešeľe	vɛʃɛle
vešiak	beʃjɑk
veštec	vˈɛʃtʃɛts
veža	vɛʒa
veža	vˈɛʒa
veže	vɛʒɛ
veži	vɛʒi
vežu	vɛʒu
veží	vjɛʒiː
vhadzovať	ɦadzɔvɑc
vhodne	vhɔdɲɛ
vhodná	pɦɔdna
vhodná	vhɔdnaː
vhodné	vhɔdnɛː
vhodné	ɦɔdnɛ
vhodného	vhɔdnɛːhɔ
vhodný	dɦɔdni
vhodný	vhɔdniː
viac	viatˈtsˈ
viac	viɑts
viac	vjats
viac-menej	vjatsmɛɲɛj
viacej	vjatsɛj
viacero	vjatsɛrɔ
viaceré	fjatsɛrɛ
viacerí	vjatsɛriː
viacerých	vɪɑtsɛriːx
viacerými	vjatsɛriːmi
viacfarebný	viatsfarɛbniː
viackrát	viatskrɑːt
viacnásobný	biɑtsnaːsɔbniː
viacnásobný	viatsnaːsɔbniː
vianoc	viɑnɔts
vianoce	viɑnɔtsɛ
vianoce	vjɑnɔtsɛ
vianoce	wjanɔtsɛ
vianočnej	vijanɔtʃnɛj
vianočné	vjanɔtʃnɛː
vianočný	viɑnɔtʃniː
viazanka	bjazanka
viazaný	viɑzɑniː
viazať	viɑzɑc
viať	fjat
viaže	vjaʒɛ
vicemajster	vitsɛmajstɛr
vicepremiér	vitsɛprɛmiɛːr
viceprezident	vitsɛprɛzidɛnt
victor	vitstɔr
videl	viɟɛɫ
videla	viɟɛɫɑ
videli	viɟɛɫi
videnia	viɟɛɲia
videnie	viɟɛɲiɛ
video	vidɛɔ
videoklip	vidɛɔkɫip
videorekordéroch	vidɛorɛkordɛrux
videotékach	videotɛkˈax
videu	vidɛu
vidia	viɟia
vidiecky	viɟiɛtski
vidiek	viɟiɛk
vidiekom	viɟiɛkɔm
vidieku	viɟiɛku
vidiet	vidiɛt
vidieť	viɟiɛc
vidieť	viɟɪɛc
vidina	viɟina
vidis	viɟis
viditeľne	viɟicɛʎɲɛ
viditeľný	viɟicɛʎniː
vidlička	vidʎitʃka
vidno	vidnɔ
vidí	viɟiː
vidím	viɟiːm
vidíme	viɟiːmɛ
vidíte	vidiːtɕe
vidíte	viɟiːcɛ
vidíš	viɟiːʃ
vie	viɛ
vie	vje
viedenský	viɛɟɛnskiː
viedeň	viɛɟɛɲ
viedli	viɛdli
viedni	viɛdɲi
viedol	viɛdɔɫ
viem	lian˨˩
viem	ljɛ̀m
viem	viɛm
vieme	vɪɛmɛ
viera	viɛra
viera	vjera
viere	viɛrɛ
vierohodnosť	viːjɛrɔɦɔdnɔsc
vierohodný	ʋjɛrɔɦɔdnɪ
vierovyznanie	viɛrɔviznaɲiɛ
vieru	vjɛru
viery	viɛri
vies	viɛs
viesť	vies
viesť	viɛsc
viete	vɪɛcɛ
vietnam	viɛtnam
vietor	viɛtɔr
viezť	viɛzc
viečka	vʲetʃka
viečko	viɛtʃkɔ
vieš	fiɛʃ
vihorlat	viɦɔrlɑt
vikomt	vikomit
viktor	viktɔr
vikár	vikaːr
vila	vilɑ
viliam	vɪljɛm
vina	vinɑ
vincent	vintsɛnt
vine	viɲɛ
vinica	viɲitsa
vinič	viɲitʃ
viničky	vɛnɪtʃki
vinník	vinɲiːk
vinný	vimne
vinný	vinniː
vinohrad	vinɔɦrad
vinohrad	vĩŋɔɦrɑt
vinohrade	vinɔɦraɟɛ
vinohradníčka	vinɔhradɲiːtʃka
vinu	vinu
viny	vini
vinyl	vinil
vinylov	vinilɔv
virachovac	viːraxɔvat
virtuálny	virtuɑːlni
visieť	visiɛc
vistrel	vistrɛɫ
visí	visiː
vitaj	vitɑj
vitajte	vitɑjcɛ
vitamín	vitamiːn
vitráž	vitrɑːʒʊ
vitrína	vitrida
vizionársky	vɨzɪonarski
vizitka	vizitka
vizitácie	vɛzɪtatsiɛ
vizualistiek	vizuɑlisciɛk
vizuálny	vizuɑːlni
vizuály	vizualis
viť	vic
vklad	vklad
vkladať	vkladac
vkladný	kɫadniː
vkročiť	vkrɔtʃic
vkus	vkus
vla	vɫa
vlad	vɫad
vladkom	vɫadkɔm
vladni	vɫadni
vladni	vɫadɲi
vlado	vladɔ
vladu	vɫadu
vlaha	bɫaha
vlajka	lajka
vlajka	vɫajka
vlak	vɫak
vlak	vˈɑk
vlakna	vɫakna
vlakoch	vlakɔx
vlakom	vɫakɔm
vlaku	vɫaku
vlani	vɫaɲi
vlas	vɫas
vlasatý	lasati
vlasmi	vɫasmi
vlasný	vɫasniː
vlasou	vɫasɔu
vlasov	vɫasɔv
vlastencom	vlascɛntsɔn
vlastenecký	vlascɛɲɪtskiː
vlastizrada	plascizrada
vlastne	vlˈastɲɛ
vlastne	vɫɑstnɛ
vlastne	vɫɑstɲɛ
vlastnej	vɫastnɛj
vlastniť	vɫastnʲitʃ
vlastniť	vɫastɲic
vlastnom	vɫastnɔm
vlastnosť	vlasnɔsc
vlastnosť	vɫastnɔsc
vlastnou	vɫastnɔu
vlastná	vɫastnaː
vlastné	vɫastnɛː
vlastného	vɫastnɛːhɔ
vlastní	vɫastɲiː
vlastnícky	vɫastɲiːtski
vlastníctvo	vɫastɲiːtstvɔ
vlastník	vlastɲiːk
vlastník	vɫastɲiːk
vlastnú	vɫastnuː
vlastný	vlastniː
vlastný	vlastnɛ
vlastný	vɫastniː
vlastných	vɫastniːx
vlastným	vɫastniːm
vlastnými	vɫastniːmi
vlasy	vɫasi
vlasť	ʋɫasc
vlaňajšok	vɫaɲajʃɔk
vlaňajší	blaɲaiʃiː
vlaňajší	vlaɲajʃiː
vlaňajší	vɫaɲajʃiː
vlažný	blaʒniː
vlci	vɫtsi
vlek	vɫɛk
vlhkosť	vɫɦkɔsc
vlhký	voɦkʲiː
vlhký	vɫɦkiː
vlhovú	vɫɦɔvuː
vliecť	vɫiɛtsc
vlk	vlk
vlk	vɫk
vlk	vˈok
vlkmi	vlkmɪ
vlkodlak	vokodlak
vlkolakom	vɫkɔlakɔm
vlku	vɫku
vlna	vɫna
vlnený	uɫɲæŋiː
vlnové	vɫnɔvɛː
vlnový	vɫnɔviː
vlnu	vɫnu
vlny	vɫni
vložení	vɫɔʒɛniː
vložený	bloʒɛniː
vložený	vɫɔʒɛniː
vložil	vɫɔʒil
vložiť	vɫɔʒic
vláda	vlaːda
vládať	vɫaːdac
vládca	vlatsa
vládca	vɫaːdtsa
vláde	dlaːɟɛ
vláde	vɫaːɟɛ
vládli	vlaːdɫi
vládne	vɫaːdɲɛ
vládnu	vlaːdnu
vládnuca	vɫaːdnutsa
vládnuci	vɫaːdnutsi
vládnutie	vɫaːdnuciɛ
vládnuť	vɫaːdnuc
vládny	vɫaːdni
vládnymi	vɫaːdnimi
vládou	vɫaːdɔu
vládu	bladu
vládu	vɫaːdu
vlády	vlaːbj
vlády	vɫaːdi
vlákien	vɫaːkiɛn
vlákno	vɫaːknɔ
vlámu	vɫaːmu
vláčik	vɫaːtʃik
vmesto	vmɛstɔ
vnem	vnɛm
vnešený	vɲɛʃɛniː
vniesť	vɲiɛsc
vniknúť	vɲiknuːc
vnuk	vnuk
vnuk	wnuk
vnuka	vnuka
vnuka	vnʊka
vnučka	ʋnutʃka
vníma	vɲiːmɑ
vnímajú	vɲiːmɑjuː
vnímali	vɲiːmali
vnímanie	vɲiːmɑɲiɛ
vnímaný	vɲiːmɑniː
vnímate	vɲiːmɑcɛ
vnímavý	vɛniːmaviː
vnímaš	vɲiːmaʃ
vnímať	vɲiːmac
vnútorne	vnuːtɔrɲɛ
vnútornosti	vnuːtɔrnɔsci
vnútorný	vnuːtɔrniː
vnútra	vnuːtra
vnútri	vnuːtri
vnútro	vnuːtrɔ
vnútropolitický	vnuːtrɔpɔlititskiː
vnútroštátny	vnuːtrɔʃtaːtni
vnúča	vnuːtʃa
vo	vok
vo	vɔ
vobec	vɔbɛts
voda	vɔda
vodca	ʋɔtsːa
vodcom	vɔdtsɔm
vodcu	vɔdtsu
vode	vɔɟɛ
vodeodolná	vɔɟɛɔdɔuɫnaː
vodeodolní	vɔɟɛɔdɔɫmiː
vodič	vɔɟitʃ
vodič	vˈolitʃ
vodičský	bɔɟitʃskiː
vodičský	vɔɟitʃskiː
vodiť	vɔɟic
vodka	vɔdka
vodku	vɔdku
vodnu	vɔdnu
vodnár	vɔdnaːr
vodnára	vɔdnaːra
vodné	vodɲeː
vodné	vɔdnɛː
vodný	vɔdniː
vodohospodársky	vɔdɔhɔspɔdɑːrski
vodopád	vɔdɔpaːt
vodorovný	vɔdɔrɔvɲi
vodou	vɔdɔu
vodovod	vɔdɔvɔd
vodovod	vˈɔtɔvɔt
vodový	vadovi
vodočku	vɔdɔtʃku
vodu	vɔdu
vodu	vˈodu
vody	vɔdi
vodárenský	vɔdaːrɛnskiː
vodík	vɔɟiːk
vodíka	vɔɟiːka
vohľady	voɣladʲi
vojaci	vɔjatsi
vojak	vɔjak
vojakmi	vɔjakmi
vojakov	vɔjakɔv
vojačik	vɔjatʃik
vojačka	vojatʃka
vojej	vɔjɛj
vojen	vɔjɛn
vojenskej	vɔjɛnskɛj
vojensky	vɔjɛnski
vojenské	vɔjɛnskɛː
vojenského	vɔjɛnskɛːhɔ
vojenskú	vɔjɛnskuː
vojenský	mɔjɛnski
vojenský	vɔjɛnskiː
vojet	vɔjɛt
vojna	vɔjna
vojne	vɔjɲɛ
vojnou	vɔjnɔu
vojnové	vojnove
vojnový	vɔjnɔviː
vojnu	vɔjnu
vojny	bojni
vojny	vɔjni
vojník	vɔjɲiːk
vojsko	vɔjskɔ
vojst	vɔjst
vojsť	vojs
vojsť	vɔjsc
vojtaššáková	vɔjtaʃaːkɔvaː
vojtech	vojtʃex
vojvoda	vɔjvɔda
vojvodina	vɔjvɔɟina
vojy	vɔji
vol	vɔl
vola	vɔɫa
volaj	vɔlɑj
volajte	vɔlɑjcɛ
volajú	vɔlajuː
volal	vɔɫal
volala	vɔlɑɫɑ
volali	vɔlɑɫi
volam	vɔlɑm
volanie	vɔlɑɲiɛ
volanom	vɔlɑnɔm
volant	vɔlɑnt
volavam	vɔlɑvam
volavka	vɔlaːvka
volať	vɔɫɑc
volby	vɔlbi
vole	vɔlɛ
volebného	bolɛbnɛːɦo
volebný	vɔlɛbniː
volebný	vɔɫɛtniː
volejbal	vɔlɛjbaɫ
volejbalista	vɔlɛjbalista
volejbalový	vɔlɛjbalɔviː
volený	vɔlɐni
volený	vɔlɛniː
volfova	vɔlfɔva
voliteľne	vɔlicɛʎɲɛ
volič	vɔlitʃ
voličský	vɔlitʃskiː
voliť	vɔlic
volným	vɔlniːm
volovina	vɔɛoʊiɲa
voluntarizmus	volumtarismuʃ
volá	vɔɫɑː
voláky	vɔlɑːki
volám	vɔɫɑːm
voláme	vɔlɑːmɛ
volás	vɔlɑːs
voláte	vɔlɑːcɛ
voláš	vɔlɑːʃ
volíš	vɔliːʃ
von	vɔn
vona	bona
vonia	vɔɲia
vonkajšok	bonkajʃok
vonkajší	vɔnkajʃiː
vonkoncom	vɔnkɔntsɔm
vonku	vɔnku
voom	vɔm
vopred	vɔprɛd
vor	vɔr
vorna	vɔrna
voskom	vɔskɔm
voskov	vɔskɔv
vosla	vɔsɫa
voslo	vɔsɫɔ
voz	vɔs
voza	vozɑ
voze	vɔzɛ
vozeň	vɔzɛɲ
vozidlo	vɔzidlɔ
voziť	vɔzic
vozovka	vɔzɔvka
vozovňa	bɔzɔvɲa
vozík	vɔziːk
voči	votʃi
voči	vɔtʃi
voči	ɔtʃi
voľ	vɔʎ
voľajú	vɔʎajuː
voľakedy	voʎakɛdi
voľakedy	vɔʎakɛdi
voľakto	vɔʎaktɔ
voľaktorý	volaktoriː
voľačo	vɔʎatʃɔ
voľačí	volatʃiː
voľba	volba
voľba	vɔʎba
voľbe	voɫʲbe
voľby	vɔʎbi
voľby	vˈɔlbi
voľbách	vɔlbaːx
voľna	vɔʎna
voľne	vɔʎɲɛ
voľno	vɔʎnɔ
voľnosť	vɔʎnɔsc
voľná	vɔʎnaː
voľné	vɔʎnɛː
voľného	vɔʎnɛːhɔ
voľný	vɔʎniː
voľáky	voʎaːaki
voňavka	bʊɲau̯ka
voňavý	vɔɲavii
voňavý	vɔɲaviː
voňať	vɔɲac
voš	bɔʃ
vošiel	vɔʃiɛɫ
vošky	vɔʃki
vošlo	vɔʃlɔ
voština	vˈoʃtʃina
voštinový	vˈoʃtʃinoviː
vplyv	fpɫiv
vplyvný	vplivniː
vplyvom	vplivɔm
vplyvov	vplivɔv
vplýva	vpliːva
vplývam	vpliːvam
vplývať	vpliːvac
vporiadku	vpɔriadku
vpravo	pravo
vpravo	vpravɔ
vpred	vprɛd
vpredu	vprɛdu
vpredum	vprɛdum
vrabec	frabɨts
vrabec	vrabɛts
vrabčí	braptʃi
vracajú	vratsajuː
vracal	vratsal
vracať	vratsac
vracia	vratsia
vraciam	vratsiam
vraciame	vratsiamɛ
vraciate	vratsiɑcɛ
vrah	vrax
vraha	vraɦa
vrahov	vraɦɔv
vrahovia	vraɦɔvia
vraj	vraj
vrakuňa	vrakuɲa
vraky	fˈɾakɪ
vrana	vrana
vranam	vranam
vranov	vranɔv
vratit	vratit
vrav	vrav
vravel	vravɛɫ
vravela	vravɛɫa
vraveli	vravɛɫi
vravelm	vravɛɫm
vravia	vravja
vravievať	bravjɛvac
vravieť	vraviɛc
vravu	vravu
vraví	vraviː
vravím	vraviːm
vravíte	vraviːcɛ
vravíš	vraviːʃ
vrazil	vrazil
vraziť	vrazic
vrazím	vraziːm
vraž	vraʒ
vražda	vraʒda
vražde	vraʒɟɛ
vraždiť	vraʒɟic
vraždu	vraʒdu
vraždy	vraʒdi
vražedný	vraʒɛdniː
vrch	vrx
vrchný	vrxniː
vrchný	ʋrnxnˈiː
vrchol	vrxɔl
vrchol	vrxɔɫ
vrchole	vrxɔlɛ
vrcholec	vɛrxɔʎɛts
vrcholiť	vrxɔlic
vrcholný	vrxɔlniː
vrcholového	vrxɔlɔvɛːhɔ
vrcholový	vrxɔlɔviː
vrchovský	arxavskiː
vrchu	vrxu
vreca	vrɛtsa
vrece	vrɛtsɛ
vrecka	vrɛtska
vrecko	vrɛtskɔ
vreckom	vrɛtskɔm
vreckova	vrɛtskɔva
vreckovka	vrɛtskou̯ka
vreckovka	vrɛtskɔvka
vreckovku	vrɛtskɔvku
vreckový	vrɛtskɔviː
vrecku	vrɛtsku
vrelo	vrɛɫɔ
vrelý	vrɛli
vretienko	vrɛtʃjɛnkɔ
vrhať	vrhac
vrhnúť	vrhnuːc
vrkoča	vrkɔtʃa
vrodený	vrodʑɛniː
vrodený	vrɔɟɛniː
vrstva	vrstva
vrtu	vrtu
vrtuľník	vrtolɲiːk
vrtuľník	vrtuʎɲiːk
vrtuľu	vrtuʎu
vrták	vrtˈaːk
vráble	gɾaːblɪ
vráska	vraːska
vráta	vrata
vrátane	vraːtanɛ
vrátenie	vraːcɛɲiɛ
vráti	vraːti
vrátia	vraːcia
vrátil	vraːcil
vrátila	vraːcila
vrátili	vraːciɫi
vrátim	vraːtim
vrátime	vraːcimɛ
vrátite	vraːcicɛ
vrátiš	vraːciʃ
vrátiť	vrati
vrátiť	vraːcic
vrátnica	praːtnitsa
vráť	vrɑːc
vráťme	vrɑːcmɛ
vráťte	vrɑːccɛ
vrážd	vraːʒd
vrútky	brutki
vsade	vsaɟɛ
vsadím	vsaɟiːm
vsadíš	vsaɟiːʃ
vsak	vsak
vse	vsɛ
vsetci	vsɛtsi
vsetka	vsɛtka
vsetko	vsɛtkɔ
vsetky	vsɛtki
vsfz	vsfz
vsk	vsk
vskutku	vskutku
vstavané	vstavanɛː
vstaň	vstɑɲ
vstať	vstac
vstup	fstup
vstupe	fstupɛ
vstupenka	fstupɛŋka
vstupné	fstupnɛː
vstupný	fstupniː
vstupoch	fstupɔx
vstupovať	vstupɔvac
vstupu	fstupu
vstávaj	vstaːvaj
vstávať	fstɑːvac
vstúpi	vstuːpi
vstúpil	fstuːpil
vstúpiť	vstuːpic
vstúpte	fstuːpcɛ
vsuň	vsuɲ
vte	ftæ
vtedajší	ftɛdajʃiː
vtedy	ftɛdi
vtedy	ftɛdɪ
vtedy	tɛdi
vtiahnuť	vciaɦnuc
vtip	ftip
vtip	fˈtˈip
vtipné	fcipnɛː
vtipný	ftipniː
vtipný	ftˈipni
vtipy	fcipi
vtol	vtɔl
vtom	ftɔm
vtom	vtɔm
vtrhnúť	vtrhnuːc
vták	ftaːk
vtáka	ftaːka
vtáčik	ftaːtʃik
vtáčnik	ptaːtʃɲɪk
vtáčí	vtɑːtʃiː
vtípy	vtiːpi
vuka	vuka
vun	von
vy	vi
vy	vˈi
vybabrať	vibabratɕ
vybavenie	vibavɛɲiɛ
vybavenú	vibavɛnuː
vybavený	vibavɛniː
vybaviť	vibɑvic
vybavovanie	vibavɔvaɲiɛ
vybavovač	vibaɟɔvatʃ
vybavovať	vibavɔvac
vybavím	vibaviːm
vybehnúť	vibɛɦnuːc
vyber	vibɛr
vyberač	vibɛratʃ
vyberať	vibɛrac
vyberie	vibɛriɛ
vyberiem	vibɛriɛm
vyberte	vibɛrcɛ
vyberá	vibɛrɑː
vyberás	vibɛrɑːs
vybojovať	vibɔjɔvac
vyborny	vibɔrni
vybočil	vibɔtʃil
vybočiť	vibɔtʃitɕ
vybral	vybraɫ
vybrala	vibrala
vybrali	vibrɑli
vybraný	vibraniː
vybraný	viːbranɪː
vybraných	vibraniːx
vybrať	vibra
vybrať	vibrɑc
vybruje	vibrujɛ
vybuchne	vibuxɲɛ
vybuchnúť	vibuxnuːc
vybuchol	vibuxɔɫ
vybudovali	vibudɔvɑli
vybudovanie	vibudɔvaɲiɛ
vybudovaný	vibudɔvaniː
vybudovať	vibudɔvac
vybudí	vibuɟiː
vycapený	vitsapɛniː
vycestovať	vitsɛstɔvac
vychladneš	vixladɲɛʃ
vychladíme	vixlaɟiːmɛ
vychovaný	vixɔvaniː
vychovaval	vixɔvaval
vychovať	vixɔvac
vychovávateľ	vixɔvaːvacɛʎ
vychovávať	vixɔvaːvac
vychovávať	vixɔvaːvat
vychuchol	viːxuːxɔl
vychutnať	vixutnac
vychutnávať	vixotnaːvac
vychutnávať	vixutnaːvac
vychytávka	vɛxɪtaːʊkɑ
vychádza	vixaːdza
vychádzajúci	vixaːdzajuːtsi
vychádzať	vixaːdzac
vychádzka	vixaːdzka
vyckaj	vitskaj
vycítiť	vitsiːcic
vycúvala	viːtsuːvaɫa
vydaj	vidaj
vydal	vidal
vydala	vidala
vydali	vidali
vydam	vidam
vydanie	vidaɲiɛ
vydané	vidanɛː
vydaný	vidaniː
vydarená	vidarɛnaː
vydarený	vidarɛniː
vydariť	vidaric
vydato	vidatɔ
vydatá	vidataː
vydatý	vidatiː
vydavateľ	vidavacɛʎ
vydavateľstvo	vidavacɛʎstvɔ
vydavateľstvo	vidavatɛlstvo
vydať	vidaːc
vydať	vidɑc
vydieranie	viɟiɛraɲiɛ
vydrzte	vidrztɛ
vydrž	vidrʒ
vydržali	vidrʒɑli
vydržať	vidrʒac
vydržte	vidrʒcɛ
vydrží	vidrʒiː
vydáme	vidaːmɛ
vydávanie	vidaːvaɲiɛ
vydávate	vidaːvacɛ
vydávať	vidava
vydávať	vidaːvac
vydává	vidaːvaː
vydýchnuť	vidiːxnuc
vyeráš	viɛrɑːʃ
vyhadzovala	viːɦadzɔvala
vyhadzovať	vihadzɔvac
vyhlasovať	vihɫasɔvac
vyhlasuje	vihlasujɛ
vyhlasujem	vihlasujɛm
vyhlbene	vihlbɛnɛ
vyhli	vihli
vyhliadať	viɦljiadɑc
vyhliadka	vihliadka
vyhlásenie	vihlaːsɛɲiɛ
vyhlásený	vihlɑːsɛniː
vyhlásiť	vihlɑːsic
vyhlásiť	viɦaːsɪc
vyhlášen	vihlɑːʃɛn
vyhláška	vihlɑːʃka
vyhnali	vihnali
vyhnať	vihnac
vyhnúť	vihnuːc
vyhoda	vihɔda
vyhodený	vˈiɦodɛniː
vyhodil	vihɔɟil
vyhodili	vihɔɟili
vyhodiť	vihɔɟic
vyhodnotenie	vihɔdnɔcɛɲiɛ
vyhodnotiť	vihɔdnɔcic
vyhodu	vihɔdu
vyhol	vihɔl
vyhon	vihɔn
vyhorel	vihɔrɛɫ
vyhorený	vihɔrɛniː
vyhotovenie	vihɔtɔvɛɲiɛ
vyhovel	vihɔvɛɫ
vyhovieť	vihɔviɛc
vyhovovať	vihɔvɔvac
vyhovárať	vihɔvaːrac
vyhořela	vɪɦɔrʒɛla
vyhra	vihra
vyhraba	vihraba
vyhradené	vihrɑɟɛnɛː
vyhradený	vihraɟɛniː
vyhraje	vihrajɛ
vyhrajte	vihrajcɛ
vyhral	vihral
vyhrala	vihrala
vyhrali	vihrali
vyhrať	vihrac
vyhrej	vihrɛj
vyhrá	vihrɑː
vyhrál	vɪɦraːl
vyhráva	vihrɑːva
vyhrávať	vihrɑːvac
vyhrávať	viɦraːvaj
vyhrážať	vihrɑːʒac
vyhrážka	vihrɑːʒka
vyhubím	vihubiːm
vyhýbať	vihiːbac
vyhľadať	vihʎadac
vyhľadávanie	vihʎadaːvaɲiɛ
vyhľadávaní	vihʎadaːvaɲiː
vyhľadávať	vihʎadaːvac
vyhŕknuť	vihrːknuc
vyj	vij
vyjadrenie	vijadrɛɲiɛ
vyjadrenie	viːjadrɛnjɛ
vyjadrený	viadrɛniː
vyjadrený	vijadrɛniː
vyjadriť	vijadric
vyjadrovanie	vijadrɔvaɲiɛ
vyjadrovať	vijadrova
vyjadrovať	vijadrɔvac
vyjasniť	vijasɲic
vyjavov	vijavɔv
vyjde	vijɟɛ
vyjdeš	vijɟɛʃ
vyjebe	vijɛbɛ
vyjedná	vijɛdnaː
vyjednávanie	vijɛdnaːvaɲiɛ
vyjednávač	vijɛdnaːvac
vyjedol	vijɛdɔl
vyjsť	vijsc
vyk	vik
vykaj	bikaj
vykaly	vikali
vykazovať	vikazɔvac
vykladať	vikladac
vyklepaných	viklɛpaniːx
vykonalo	vikɔnalɔ
vykonanie	vikɔnaɲiɛ
vykonaný	vikɔnaniː
vykonať	vikɔnac
vykonávanie	vikɔnaːvaɲiɛ
vykonávaný	vikɔnaːvaniː
vykonávať	vikɔnaːvac
vykopaný	vikopani
vykostiť	vikostɛc
vykoval	vikɔval
vykrikovať	vikrikɔvac
vykročiť	vikrɔtʃic
vykríknuť	vikriːknuc
vykurovací	vikurɔvatsiː
vykurovanie	vikurɔvaɲiɛ
vykurujú	vikurujuː
vykázať	vikɑːzac
vyledkom	vilɛdkɔm
vylepšiť	vilɛpʃic
vyletieť	vilɛciɛc
vyletna	vilɛtna
vyletím	vilɛtiːm
vylez	vilɛz
vyleštiť	viɫaʃtʲitsʲ
vyleští	vilɛʃciː
vyliať	viliac
vyliezť	viliɛzc
vyliečiť	viliɛtʃic
vylomeniny	vɪlɔmɛɲiniː
vyložený	vilɔʒɛniː
vyložiť	vilɔʒic
vylučovať	vilutʃɔvac
vylúčenie	viluːtʃɛɲiɛ
vylúčený	viluːtʃɛniː
vylúčiť	viluːtʃic
vymaloval	vimalɔval
vymazať	vimazac
vymedzenie	vimɛdzɛɲiɛ
vymedzený	vimɛdzɛniː
vymeniť	vimæni
vymeniť	vimɛɲic
vymenovanie	vimɛnɔvaɲiɛ
vymenovaný	vimɛnɔvaniː
vymenovať	vimɛnɔvac
vymenuj	vimɛnuj
vymeriavací	vimɛriavatsiː
vymieňať	vimiɛɲac
vymyslel	vimislɛɫ
vymyslel	vɪmɪslɛl
vymysleli	vimislɛli
vymyslené	vimislɛnɛː
vymyslený	vimislɛniː
vymyslieť	vimisliɛc
vymyslíme	vimisliːmɛ
vymyslíte	vimisliːcɛ
vymáhanie	vimaːɦaɲiɛ
vymáhať	vimɑːɦac
vymákla	vimaːkɫa
vymýšľa	vimiːʃla
vymýšľať	vimiːʃʎac
vynadaj	vinadaj
vynaložený	vinalɔʒɛniː
vynaložiť	vinalɔʒic
vynechať	viɲɛxac
vynesie	viɲɛsiɛ
vyniesť	viɲiɛsc
vynikajúca	vinikajuːtsa
vynikajúce	vinikajuːtsɛ
vynikajúci	vinikajuːtsi
vynikajúco	vinikajuːtsɔ
vynikať	viɲikac
vyniknúť	viɲiknuːc
vynoriť	vinɔric
vynájsť	viːnaːjsc
vynález	vinaːɫɛz
vynálezca	vinaːɫɛstsɛ
vynárať	vinaːrac
vynášanie	vinaːʃaɲiɛ
vynášať	vinaːʃac
vyníma	viɲiːma
vynútiť	vinuːcic
vypadať	vipadak
vypadneme	vipɑdɲɛmɛ
vypadni	vipɑdɲi
vypadnime	vipɑdɲimɛ
vypadnite	vipɑdɲicɛ
vypadnúť	vipadnuːc
vypadol	vipadɔɫ
vypadá	vipadaː
vypadáš	vipadaːʃ
vyparovanie	vyparɔvaɲiɛ
vypiť	vipic
vyplatenie	viplacɛɲiɛ
vyplatený	viplacɛniː
vyplatiť	viplacic
vyplaví	viplaviː
vyplazte	viplazcɛ
vypletať	viplætæt
vyplnený	viplɲɛniː
vyplniť	viplɲic
vyplynulo	vipɫinuɫɔ
vyplynúť	viplinuːc
vyplácala	viplaːtsala
vyplácame	viplaːtsamɛ
vyplácanie	viplaːtsaɲiɛ
vyplácať	viplaːtsac
vyplávať	viplaːvac
vyplývajúci	vipliːvajuːtsi
vyplývať	vipliːvac
vypni	vipni
vypni	vipɲi
vypnite	vipɲicɛ
vypnút	vipnuːt
vypnúť	vipnuːc
vypol	vipɔl
vypotíme	vipɔciːmɛ
vypovedal	vipɔvɛdɑɫ
vypovedať	vipɔvɛdac
vypočuj	vipɔtʃuj
vypočujem	vipɔtʃujɛm
vypočujte	vipɔtʃujcɛ
vypočuť	vipɔtʃuc
vypočítať	vipɔtʃiːtac
vypočúvať	vipɔtʃuːvac
vypočúvať	vipɔtʃuːvak
vypracovanie	vipratsɔvaɲiɛ
vypracovaný	vipratsɔvaniː
vypracovať	vipratsɔvac
vyprchal	viprxal
vypredaný	viprɛdaniː
vyprodukovať	viprɔdukɔvac
vyprostiť	viprɔscic
vyprovokovať	viprɔvɔkɔvac
vypršať	viprʃac
vypuknutie	vipuknuciɛ
vypuknúť	vipuknuːc
vypustiť	vipuscic
vypytovať	vipitɔvac
vypáliť	vipaːlic
vypínač	vibinatʃ
vypísať	vipiːsac
vypľuj	vipʎuj
vypľuješ	vipʎujɛʃ
vyradenie	viraɟɛɲiɛ
vyradiť	virɑɟic
vyrastal	virɑstal
vyrastali	virɑstali
vyrastať	virɑstac
vyraziť	virɑzic
vyriešenie	viriɛʃɛɲiɛ
vyriešené	viriɛʃɛnɛː
vyriešený	viriɛʃɛniː
vyrieši	viriɛʃi
vyriešil	viriɛʃil
vyriešili	viriɛʃili
vyriešiť	viriɛʃic
vyrobená	virɔbɛnaː
vyrobená	vjurobenaː
vyrobený	virɔbɛniː
vyrobili	virobili
vyrobiť	virɔbic
vyroja	virɔja
vyrovnanie	virɔvnaɲiɛ
vyrovnaní	virɔvnaniː
vyrovnaní	virɔvnaɲiː
vyrovnaný	virɔvnaniː
vyrovnať	virɔvnac
vyrovnávacia	virovnaːvatsia
vyrovnávať	virɔvnaːvac
vyrozprávať	virɔzprɑːvac
vyrušovať	viruʃɔvac
vyrušíme	viruʃiːmɛ
vyryl	viril
vyrába	virɑːba
vyrábaný	virɑːbaniː
vyrábaných	virɑːbaniːx
vyrábať	virɑːbac
vyrástla	virɑːstla
vyrástol	virɑːstɔl
vyrásť	virɑːsc
vyrážajú	viraːʒajuː
vyrážať	virɑːʒac
vyrážka	viraːʃka
vysadený	vˈiːsaɟɛniː
vysala	visala
vysaď	visaɟ
vyser	visɛr
vysere	visɛrɛ
vysiela	visiɛɫa
vysielací	visiɛɫatsiː
vysielala	visiɛɫala
vysielali	visiɛɫɑli
vysielania	visiɛlɑɲia
vysielanie	visiɛlɑɲiɛ
vysielať	visiɛɫac
vyskočiť	viskɔtʃic
vyskytne	viskitɲɛ
vyskytnúť	viskitnuːc
vyskytovať	viskitɔvac
vyskúšaj	viskuːʃaj
vyskúšam	viskuːʃam
vyskúšať	viskuːʃac
vyslanec	vislaɲɛts
vyslať	vislac
vysledkom	vislɛdkɔm
vyslobodiť	vislɔbɔɟic
vyslovene	vislɔvɛɲɛ
vyslovenie	vislɔvɛɲiɛ
vyslovený	vislɔvɛniː
vyslovený	vjɛslovɛniː
vysloviť	visloviɟ
vysloviť	vislɔvic
vyslovovať	vislɔvɔvac
vyslovovať	vizloːvɔvɑc
vyslužba	viːsluʒba
vyslúžiť	visluːʒic
vysmievať	vismiɛvac
vysnených	visɲɛniːx
vysnoríš	visnɔriːʃ
vysníval	visɲiːval
vysnívanú	visɲiːvanuː
vysokej	visɔkɛj
vysoko	visɔkɔ
vysokoškolská	visɔkɔʃkɔlskɑː
vysokoškolský	visokoʃkɔlskiː
vysokoškolským	visokoʃkɔlskiːm
vysokoškolák	visɔkɔʃkɔlɑːk
vysoká	visɔkɑː
vysoké	visɔkɛː
vysokú	visɔkuː
vysoký	visɔkiː
vysokých	visɔkiːx
vysolíš	visɔliːʃ
vysočina	vizotʃina
vyspal	vispal
vyspať	vispac
vyspelej	vispɛɫɛj
vyspelý	vispɛliː
vyspelých	vispɛliːx
vyspi	vispi
vysporiadať	vispɔriadac
vysral	visral
vysrala	visrala
vysrať	visrac
vystarané	vistaranɛː
vystavený	vistavɛniː
vystaviť	vistavic
vystavovali	vistɑvɔvali
vystavovateľ	vistɑvɔvacɛʎ
vystavovať	vistavɔvac
vystavuje	vistavujɛ
vystavujem	vistavujɛm
vystačiť	vistatʃic
vystihnúť	visciɦnuːc
vystopovať	vistɔpɔvac
vystra	vistra
vystrašená	vistraʃɛnaː
vystrašený	vistraʃɛniː
vystrašil	vistraʃil
vystrašila	vistraʃila
vystrašiť	vistraʃic
vystrelil	vistrɛɫil
vystreliť	vistrɛɫic
vystrelí	vistrɛliː
vystrelím	vistrɛɫiːm
vystreľuje	vistrɛʎujɛ
vystriedať	vistriɛdac
vystrieť	vistriɛc
vystupovanie	vistupɔvaɲiɛ
vystupovať	vijstupɔvac
vystupovať	vistupɔvac
vystupuj	vistupuj
vystúp	vistuːp
vystúpenie	fɪstupɛɲɛ
vystúpenie	vistuːpɛɲiɛ
vystúpil	vistuːpil
vystúpiť	vistuːpic
vysušiť	visuʃiɟ
vysvedčenie	visfɛtʃɛɲiɛ
vysvedčenie	ʋisʋɛttʃɛɲiɛ
vysvetlenie	visvɛtɫɛnɛ
vysvetlenie	visvɛtɫɛɲiɛ
vysvetli	visvɛtɫi
vysvetlil	visvɛtɫiɫ
vysvetlite	visvɛtɫicɛ
vysvetliť	visvɛtɫic
vysvetlím	visvɛtliːm
vysvetlím	vɪsʋɛtliːm
vysvetľovať	visvɛtʎɔvac
vysvetľuje	visvɛtʎujɛ
vysvitnúť	visvitnuːc
vysáva	visaːva
vysávač	visaːvatʃ
vysťahovalectvo	vɪscɛɦaːvalɛtstvɔ
vytiahni	viciaɦɲi
vytiahniem	viciɑɦɲɛm
vytiahnuť	viciaɦnuc
vytiahol	viciaɦɔl
vytlacil	vitlætʃiɫ
vytlač	vitɫatʃ
vytlačený	vitɫatʃɛniː
vytlačiť	vitɫatʃic
vytočený	vitɔtʃanɛ
vytočil	vitotʃilo
vytratiť	vitracic
vytrhnúť	vitrhnuːc
vytrvalo	vitrvalɔ
vytrvalosť	vitrvalɔsc
vytrvalý	vitrvaliː
vytvor	vitvɔr
vytvorenie	vitvɔrɛɲiɛ
vytvorené	vitvɔrɛnɛː
vytvorený	vitvɔrɛniː
vytvoril	vitvɔril
vytvorili	vitvɔrili
vytvoriť	vitvorit
vytvoriť	vitvɔric
vytvoriť	ʋitʋoric
vytvárajú	vitvɑːrajuː
vytváranie	vitvaːraɲiɛ
vytvárať	vitvɑːrac
vytúžený	vituːʒɛniː
vyučenou	viutʃɛnɔu
vyučovací	viutʃɔvatsiː
vyučovanie	viutʃɔvaɲiɛ
vyučovať	viutʃɔvac
využil	viuʒil
využitie	viuʒiciɛ
využitie	viʊʒɪtɛ
využitý	viuʒitiː
využiť	viuʒic
využiť	viuʒiɟ
využíva	viuʒiva
využíva	viuʒiːva
využívanie	viuʒiːvaɲiɛ
využívaný	viuʒiːvaniː
využívať	viuʒiːvac
vyvadza	vivadza
vyvarovať	vivarɔvac
vyvierať	vivjɛratɕ
vyviesť	viviɛsc
vyviezť	viviɛzc
vyvinutý	vivinutiː
vyvinúť	vivinuːc
vyvodený	viːvɔɟɛniː
vyvodili	vivɔdili
vyvodilo	vivɔɟilɔ
vyvodiť	vivɔɟic
vyvojom	vivɔjɔm
vyvola	vivɔlɑ
vyvolaný	vivɔlɑniː
vyvolať	vivɔlɑc
vyvolenec	vivɔɫɛɲiɛts
vyvolený	vivoɫani
vyvolený	vivɔlɛniː
vyvolávať	vivoɫaːvac
vyvrcholenie	vivrxɔlɛɲiɛ
vyvrcholiť	vivrxɔlic
vyvrátiť	vivrɑːcic
vyvážať	vivɑːʒac
vyvážená	vivɑːʒɛnaː
vyvážený	vivɑːʒɛniː
vyvíjať	viviːjac
vyvŕbi	vivrːbi
vyzbrojený	vizbrɔjɛniː
vyzbrojený	vizbrʊjɛniː
vyzbrojeným	vizbrɔjɛniːm
vyzdobím	vizdɔbiːm
vyzdvihnúť	vizdvihnuːc
vyzerajú	vizɛrajuː
vyzeral	vizɛral
vyzerala	vizɛrala
vyzerali	vizɛrali
vyzeralo	vizɛraɫɔ
vyzerať	vizɛrɑc
vyzerá	vizɛrɑː
vyzerám	vizɛrɑːm
vyzeráte	vizɛrɑːcɛ
vyzeráš	vizɛrɑːʃ
vyzetá	vizɛtɑː
vyzleč	vizɫɛtʃ
vyzliecť	vizɫiɛtsc
vyznam	viznam
vyznamenanie	viznamɛnaɲiɛ
vyznanie	viznaɲiɛ
vyznačený	viznatʃɛniː
vyznačovať	viznatʃɔvac
vyznať	viznac
vyznel	vizɲɛl
vyznievať	vizɲiɛvac
vyznieť	vizɲiɛc
vyznávačkou	viznaːvatʃkɔu
vyznávať	viznaːvac
vyzore	vizɔrɛ
vyzul	vizul
vyzut	vizut
vyzvala	vizvaɫa
vyzvať	vizvac
vyzveme	vizvɛmɛ
vyzýva	viziːvɑ
vyzývať	viziːvac
vyústiť	viuːscic
vyčasovať	viːtʃasʊvac
vyčerpaný	vitʃɛrpaniː
vyčerpať	vitʃɛrpac
vyčistený	viːtʃystɛniː
vyčistiť	vitʃiscic
vyčkávať	vitʃkaːvac
vyčlenený	vitʃlɛɲɛniː
vyčleniť	vitʃɫɛɲic
vyčísliť	vitʃiːslic
vyčítať	vitʃiːtac
vyľakaná	viʎakanaː
vyše	viʃɛ
vyšehrad	vɪsɛhrat
vyšetrenie	viʃɛtrɛɲiɛ
vyšetriť	viʃɛtric
vyšetrovací	viʃɛtrɔvatsiː
vyšetrovala	viʃɛtrɔvalɑ
vyšetrovanie	viʃɛtrɔvaɲiɛ
vyšetrovateľ	viʃɛtrɔvacɛʎ
vyšetrovať	viʃɛtrɔvac
vyšetruje	viʃɛtrujɛ
vyšiel	viʃiɛl
vyšli	viʃli
vyšlo	viʃlɔ
vyšný	viʃniː
vyšplhať	viʃplɦac
vyštudoval	viʃtudɔvɑl
vyštudovať	viʃtudɔvɑc
vyššia	viʃʃia
vyššie	viʃʃiɛ
vyššiu	viʃʃiu
vyššou	viʃʃɔu
vyšší	viʃʃiː
vyťahovať	vicaɦɔvac
vyťažiť	vicaʒic
vyžadovať	viʒadɔvac
vyžaduje	viʒadujɛ
vyžarovať	viʒarɔvac
vyžehlí	viʒɛhliː
vyžiadať	viʒiadac
vyžitia	viʒicia
vzadu	vzɑdu
vzadu	zadu
vzal	vzaɫ
vzala	vzɑɫa
vzali	vzɑli
vzatie	vzɑciɛ
vzatý	vzɑtiː
vzbudiť	vzbuɟic
vzbudzovať	vzbudzɔvac
vzbura	vzbura
vzbure	vzburɛ
vzburencov	vzburɛntsɔv
vzburu	vzburu
vzdajte	vzdajcɛ
vzdal	vzdal
vzdala	vzdala
vzdava	vzdava
vzdať	vzdac
vzdelanie	vzɟɛlɑɲiɛ
vzdelaný	vzɟɛlɑniː
vzdelávací	vzɟɛlɑːvatsiː
vzdelávanie	vzɟɛlɑːvaɲiɛ
vzdelávanie	ʋzɟɛlaːʋaɲiɛ
vzdelávať	vzɟɛlɑːvac
vzdialenosti	vzɟialɛnɔsci
vzdialenosť	vzɟialɛnɔsc
vzdialený	vzɟialɛniː
vzdialiť	vzɟialic
vzdoru	vzdɔru
vzduch	vzdux
vzduchem	vzduxɛm
vzducholoď	vzduxolɔc
vzduchom	vzduxɔm
vzduchu	vzduxu
vzduh	vzduh
vzdušný	vzduʃniː
vzdušných	vzduʃniːx
vzdy	vzdi
vzdychat	vzdixat
vzdychnúť	vzdixnuːc
vzdáme	vzdaːmɛ
vzdávam	vzdaːvam
vzdávať	vzdaːvac
vzdáš	vzdaːʃ
vzhľad	vzhʎad
vzhľadom	vzhʎɑdɔm
vziať	vziac
vzkriesenie	vzkriɛsɛɲiɛ
vzlet	vzlɛt
vznesené	vzmjɛsɛnɛː
vzniesť	vzɲiɛsc
vznik	vzɲik
vznikajúci	vzɲikajuːtsi
vznikať	vzɲikac
vznikla	vzɲiklɑ
vzniknutý	vzɲiknutiː
vzniknúť	vzɲiknuːc
vznikol	vzɲikɔl
vzniká	vzɲikɑː
vznášať	vznaːʃac
vzor	vzɔr
vzorce	fzɔrtsɛ
vzore	vzɔrɛ
vzorec	vzɔrɛt
vzorka	vzɔrka
vzorka	zˈɔrka
vzorku	vzɔrku
vzorky	vzɔrki
vzoru	vzɔru
vzostup	vzɔstup
vzru	vzru
vzruseny	vzrusɛni
vzrušenie	vzruʃɛɲiɛ
vzrušený	vzruʃɛniː
vzrušuje	vzruʃujɛ
vzrušujúce	vzruʃujuːtsɛ
vzrušujúci	vzruʃujutsɨ
vzrušujúci	vzruʃujuːtsi
vzruším	vzruʃiːm
vzrástol	vzrɑːstɔl
vzrásť	vzrɑːsc
vzácny	vzaːtsni
vzájomne	vzaːjɔmɲɛ
vzájomné	vsaːjʊmnɛː
vzájomný	vzaːjɔmniː
vzájomný	vzaːjɔmnɪ
vzápätí	vzaːpɛciː
vzísť	vziːsc
vzýval	vziːval
vzďaľovať	vzɟaʎɔvac
vzťah	vzcɑx
vzťahom	vzcɑxɔm
vzťahovať	vzcɑhɔvac
vzťahu	vzcɑhu
vzťahy	vzcɑxi
vábiť	vˈaːbɪc
váh	vaːɦ
váh	ˈah
váha	vaːɦa
váhanie	vaːɦaɲiɛ
váhať	vaːɦac
váhe	vaːɦɛ
váhovú	vahɔbu
váhu	vaːɦu
váhy	vaːɦi
váhy	vˈɑːhi
vám	vaːm
váma	vaːma
vápnili	vapnili
vápno	vapnɔ
várku	vaːrku
vás	vas
vás	vaːs
váza	vaːza
vázňov	vɑːzɲɔv
váčšej	vɑːtʃʃɛj
váš	bɑːʃ
váš	vaːʃ
váš	vɑːʃ
vášeň	vaːʃɛɲ
vášeň	vˈaʃɛɲ
vášho	vaːʃɦɔ
vášho	vɑːʃho
vášmu	vɑːʃmu
vášne	vɑːʃɲɛ
vášnivý	vaːʃɲiviː
vášnivý	vɑːʃɲivíː
vážení	vaːʒɛniː
vážení	vaːʒɛɲiː
vážený	vaːʒaniː
vážený	vaːʒɛniː
váži	vɑːʒi
vážim	vaːʒim
vážite	vɑːʒicɛ
vážiť	vaːʒic
vážka	vaːʃka
vážková	vaːʒkɔvɑː
vážna	vaːʒna
vážne	vɑːʃɲɛ
vážnejšia	vaːʒɲɛjʃia
vážnosť	vaːʒnɔsc
vážny	vaːʒni
vážny	vˈaːʒni
vážnych	vaːʒnix
vážsky	daːʃski
väzba	vɛzba
väzbu	ʋæzbu
väzby	vɛzbi
väzenia	vɛzɛɲia
väzenie	vɛzɛɲiɛ
väzenie	vˈɛzəniɛ
väzenský	vɛzɛnskiː
väzení	vɛzɛɲiː
väzeň	vɛsɛɲ
väzeň	vɛzɛɲ
väznený	vɛznɛniː
väznica	vɛzɲitsa
väzobne	vɛzɔbɲɛ
väčšia	vɛtʃʃja
väčšie	vɛtʃʃjɛ
väčšina	vɛtʃʃina
väčšinou	vɛtʃʃinɔu
väčšinový	vɛtʃʃinɔviː
väčšinu	vætʃʃinu
väčšiu	vætʃʃju
väčšmi	vɛtʃmi
väčší	vɛtʃʃi
vé	vɛː
véeš	vɛːɛʃ
víchor	viːxɔr
víchor	vˈiːxor
víchrica	tiːxritsa
víchrica	viːxritsa
vídavame	viːdavamɛ
vídať	viːdac
víkend	biːkænt
víkend	ʋiːkɛnt
víkendový	viːkɛndɔviː
víla	viːɫa
vína	viːna
víno	vino
víno	viːnɔ
vínovočervený	vinovotʃɛrvɛniː
vír	viːr
víre	viːrɛ
vírus	virus
vírus	viːrus
víruse	viːrusɛ
vírusovej	viːrusɔvɛj
vírusový	viːrusɔviː
vírusu	viːrus
vítam	viːtɑm
vítame	viːtɑmɛ
vítaný	viːtɑniː
vítať	viːtac
víte	viːtɛ
vízia	viːzia
vízii	viːziː
víziu	viːziju
vízový	viːzɔviː
vízum	vizum
vízum	viːzum
víťaz	vikas
víťaz	viːcas
víťaziť	viːcazic
víťazka	viːcaska
víťazný	viːcazniː
víťazstvo	viːcasstvɔ
vôbec	vobɛts
vôbec	vuɔbɛts
vôbec	ʋuobɛts
vôkol	vuɔkɔɫ
vôl	vuɔɫ
vôli	vuɔli
vôľa	vuɔʎa
vôľu	vuɔʎu
vôňa	vuɔɲa
vúl	vuːɫ
výbava	viːbava
výbavou	viːbavɔu
výber	viːbɛr
výbere	viːbɛrɛ
výberový	viːbɛrɔviː
výbežok	vˈiːbˈɛʒok
výboj	viːbɔj
výbor	viːbɔr
výborne	viːbɔrɲɛ
výborne	vˈiːbɔrɲɛ
výborná	viːbɔrnaː
výborné	viːbɔrnɛː
výborný	viːbɔrniː
výboru	viːbɔru
výbuch	viːbux
výbuch	viːbuːx
výbušnina	viːbuʃɲina
východ	vixɔt
východ	viːxɔt
východe	viːxɔɟɛ
východisko	viːxɔɟiskɔ
východiskový	viːxɔdiskɔviː
východniar	viːxɔdɲiar
východniar	vˈiːxodɲar
východniarka	viːxodɲarka
východná	vˈiːxodnaː
východný	biːxɔdniː
východný	viːxɔdniː
východným	viːxɔdniːm
východoeurópsky	viːxɔdɔɛurɔːpski
východopruský	viːxodopruzkiː
východoslovenský	viːxɔdɔslɔvɛnskiː
východoslovenský	vˈiːxodoslovɛnskɪ
východov	viːxɔdɔv
východočeskí	viːxodɔtʃɛski
východu	viːxɔdu
východy	viːxɔdi
východzí	viːxoːziː
výchova	viːxɔva
výchovné	viːxɔvnɛː
výchovný	viːxɔvniː
výcvik	viːtsvik
výcvikový	viːtsvikɔviː
výdaj	vidai
výdatný	viːdatniː
výdatný	viːdʌtˈniː
výdavky	viːdavki
výdavok	viːdavɔk
výdavok	viːdɑbɔk
výfukových	viːfukɔviːx
výherca	viːhɛrtsa
výherca	viːhɛɾtsa
výhod	viːhɔd
výhoda	viːhɔda
výhoda	vˈiːɦoda
výhodne	viːhɔdɲɛ
výhodné	vˈiːɦodnɛː
výhodný	viːhɔdniː
výhodu	viːhɔdu
výhovorka	viːhɔvɔrka
výhra	piːɦɾɑ
výhra	viːhra
výhrada	viːhrada
výhradne	viːhradɲɛ
výhradný	viːhradniː
výhražný	viːhraʒniː
výhľad	viːhʎad
výjav	viːjav
výjazd	viːjazd
výkaz	viːkaz
výkend	viːkɛnd
výklad	viːklad
výkon	vikom
výkon	viːkɔn
výkonnosť	viːkɔnnɔsc
výkonná	viːkɔnˈna
výkonné	viːkɔnˈlɛ
výkonnú	viːkɔnnuː
výkonný	viːkɔnniː
výkonných	viːkɔnniːx
výkonných	viːkɔnˌənˈɪçt
výkonu	viːkɔnu
výkres	vikres
výkrik	viːkrik
výkupné	viːkupnɛː
výkvet	vikvɛt
výkyv	viːkiv
výl	viːɫ
výlet	viːɫɛt
výlete	viːlɛcɛ
výletný	vjilɛtniː
výlučne	viːɫutʃɲɛ
výmena	viːmɛna
výmenný	viːmɛnniː
výmer	viːmɛr
výmera	viːmɛra
výmysel	viːmisɛɫ
výnam	viːnam
výnimka	viːɲimka
výnimkou	viːɲimkɔu
výnimočne	viːɲimɔtʃɲɛ
výnimočné	viːɲimɔtʃnɛː
výnimočný	viːɲimɔtʃniː
výnor	viːnɔr
výnos	vinos
výnos	viːnɔs
výnosov	viːnɔsɔv
výpad	vipat
výpad	viːpad
výpadok	viːpadɔk
výpadu	viːpadu
výpis	viːpis
výplach	viːplax
výplata	viːplata
výplatu	viːplatu
výplet	biːplɛt
výpoved	viːpɔvɛd
výpovede	viːpɔvɛɟɛ
výpoveď	viːpɔvɛɟ
výpočet	viːpɔtʃɛt
výpočtový	viːpɔtʃtɔviː
výprask	viːprask
výprava	viːprava
výr	vˈiːra
výraz	viːras
výraz	viːraz
výrazne	viːrazɲɛ
výrazného	viːraznɛːhɔ
výrazný	miːrazniː
výrazný	viːrazniː
výrazným	viːrazniːm
výrazový	viːrazɔviː
výro	viːrɔ
výroba	viːrɔba
výrobca	viːrɔbtsa
výrobe	viːrɔbɛ
výrobný	viːrɔbniː
výrobných	viːrɔbniːx
výrobným	viːrɔbniːm
výrobok	viːrɔbɔk
výrobok	vˈiːrɔbɔk
výrobu	viːrɔbu
výrok	viːrɔk
výročie	viːrɔtʃiɛ
výročný	viːrɔtʃniː
výsada	viːsada
výsadku	viːsadku
výske	viːskɛ
výskok	viskok
výskum	viːskum
výskumník	viːskumɲiːk
výskumný	viːskumniː
výskyt	viːskit
výsledku	viːslɛdku
výsledky	viːslɛdki
výsledný	viːslɛdniː
výsledok	viːslɛdɔk
výslovnosť	viːslɔvnɔsc
výslovný	vjˈiːsloʋɲiː
výsluch	viːslux
výsluchu	viːsluxu
výsostne	viːsɔstɲɛ
výsosť	viːsɔsc
výstav	viːstav
výstava	vistava
výstava	viːstava
výstavba	viːstavba
výstavbe	viːstavbɛ
výstavbu	viːstavbu
výstavný	viːstavniː
výstavu	viːstɑvu
výstavy	viːstavi
výstižný	viːsciʒniː
výstraha	viːstraha
výstrel	viːstrɛɫ
výstrely	viːstrɛɫi
výstroj	viːstrɔj
výstup	viːstup
výstupkového	vʲistupgɔvɛːɦɔ
výstupný	viːstupniː
výstupom	viːstupɔm
výstupy	viːstupi
výtlačok	viːtɫatʃɔk
výtržníctva	viːtrʒɲiːtstva
výtvarné	viːtvɑrnɛː
výtvarného	viːtvɑrnɛːhɔ
výtvarníci	viːtvɑrɲiːtsi
výtvarník	viːtvɑrɲiːk
výtvarníka	viːtvɑrniːka
výtvarníkom	viːtvarɲiːkɔm
výtvarný	diːtˈvɑrniː
výtvarný	viːtvarniː
výtvarných	viːtvɑrniːx
výtvarným	viːtvarniːm
výtvor	viːtvɔr
výučba	viːutʃba
vývar	vivar
vývin	viːvin
vývod	vivot
vývoj	vivoj
vývoj	viːvɔj
vývoji	viːvoji
vývojový	viːvɔjɔviː
vývoz	viːvɔz
výzdoba	viːzdɔba
výzdvihnem	viːzdvihɲɛm
význam	viznam
význam	viːznam
významne	viːznamɲɛ
významnom	viːznamnɔm
významná	viːznamɲɑː
významné	viːznamnɛː
významný	viːznamniː
významných	viːznamniːx
významným	visnamnim
významným	viːznamniːm
významový	viːznamɔviː
výzor	vizɔr
výzor	viːzɔr
výzorom	viːzɔrɔm
výzva	viːzva
výzvam	piːzˈvæm
výzvy	viːzvi
výčitka	viːtʃitka
výšina	viːʃina
výšivka	vɪʃɪvka
výška	viːʃka
výške	viːʃkɛ
výškový	viːʃkɔviː
výškový	vˈiːʃkˈoviː
výšku	viːʃku
výšky	viːʃki
výťah	viːcax
výťažok	viːcaʒɔk
výžinok	viʒinɔk
výživa	viːʒiva
výživy	viːʒivi
včas	ftʃas
včas	vtʃas
včasný	ftʃasniː
včasný	tʃasɲiː
včasný	vtʃasniː
včela	ftʃɛɫa
včely	ftʃɛɫi
včera	ftʃera
včera	ftʃɛra
včerajšok	ftʃɛrajʃɔk
včerajšok	vtʃɛrajʃɔk
včerajší	ftʃɛrajʃiː
včerajší	ptʃɛrajʃiː
včerajší	vtʃɛrajʃiː
vďaka	vɟɑka
vďaka	vɟɑkɑ
vďakabohu	vɟakabɔɦu
vďaku	vɟaku
vďakyvzdania	vɟakivzdaɲia
vďačiť	vɟatʃic
vďačnosť	vɟatʃnɔsc
vďační	vɟatʃniː
vďačný	vɟatʃniː
věc	vjɛts
větší	vjɛtʃiː
vĺča	vltʃa
vľavo	vʎavɔ
vňať	vɲac
vŕbový	vrɛbɔviː
vŕtačka	vrtɛtʃka
vŕšok	vrːʃɔk
vš	fʃ
všade	fʃaɟɛ
všade	pʃadɛ
všado	vʃadɔ
však	fʂak
však	fʃak
však	ʃak
všakovaký	ʃakovaki
všakový	pʃakɔfiː
všakže	vʃɑkʒɛ
všas	vʃas
všedný	fʃɛdniː
všelijaký	fʃɛliaki
všelijaký	fʃɛlijakiː
všeličo	fʃɛlitʃɔ
všeobecne	fʃɛɔbɛtsɲɛ
všeobecnosť	fʃɛɔbɛtsnɔsc
všeobecný	fʃɛɔbɛtsniː
všestranný	fʃɛstranniː
všetci	fʃɛtsi
všetci	fʃɛttsi
všetka	fʃɛtka
všetkej	fʃɛtkɛj
všetko	fʂɛtkɔ
všetko	fʃɛtkɔ
všetkom	fʃɛtkɔm
všetku	fʃɛtku
všetky	fʃɛtki
všetky	vʂɛtki
všetky	ʃɛtki
všetkého	fʃɛtkɛːhɔ
všetkému	fʃɛtkɛːmu
všetkých	fʃɛtkiːx
všetkých	ʃɛtkiːx
všetkým	fʃɛtskiːm
všetkými	fʃɛtskiːmi
všetok	fʂɛtɔk
všetok	fʃɛtɔk
všeužitočnosti	fʂɛuʑitɔtʃnɔsti
vševed	fʃɛvɛd
vševedovi	fʃɛvɛdɔvi
všimla	fʃimɫɑ
všimli	fʃimli
všimnúť	fʃimnuːc
všimnúť	vʃimnuːc
všimol	fʃimɔɫ
všmu	fʃmu
všíma	vʃiːma
všímavý	pʃiːmaviː
všímať	vʃiːmac
vždy	vʒdi
vžil	vʒiɫ
w	v
walter	valtɛr
wang	vang
want	vant
was	vas
washington	vashingtɔn
washingtone	vashingtɔnɛ
wattom	vatɔm
wattov	vatɔv
way	vai
wayne	vainɛ
we	vɛ
web	vɛb
webkamera	ve̞t̪kamɛra
webový	vɛbɔviː
wendy	vɛndi
west	vɛst
western	vɛstɛrn
what	vɦat
when	vhɛn
where	vhɛrɛ
whisky	vhiski
white	vhitɛ
who	vhɔ
whoa	vhɔa
whoo	vhɔɔ
wifi	vˈiʃi
will	vil
william	viliam
willie	viliɛ
willis	vilis
wilson	vilsɔn
wimbledon	vimblɛdɔn
windows	vindɔvs
winston	vinstɔn
with	vitɦ
wolfganga	vɔlfganga
wong	vɔng
wonom	vɔnɔm
world	vɔrɫd
wow	vɔːu
wtc	vtts
www	vvv
x	ks
xenofóbia	ksɛnɔfɔːbijɑ
xu	ksu
y	i
ya	iɑ
yeah	ɪɛɦ
yo	jɔ
york	iɔrk
yorku	jɔrku
you	ɪu
young	jɔung
your	jɔur
z	s
z	z
za	za
za	zɑ
za	zˈa
zabalený	zabalɛnɪ
zabaliť	zabalic
zabaliť	zabalˈit
zabaviť	sabavit̪
zabaviť	zabavic
zaberať	sapɛra
zaberať	zabɛrac
zaberie	zabɛriɛ
zaberte	zabɛrcɛ
zabezpečenie	zabɛzpɛtʃɛɲiɛ
zabezpečený	zabɛzpɛtʃɛniː
zabezpečiť	zabɛzpɛtʃic
zabezpečovanie	zabɛzpɛtʃɔvaɲiɛ
zabezpečovať	zabɛzpɛtʃɔvac
zabi	zɑbi
zabijak	zabijak
zabije	zɑbijɛ
zabijem	zɑbijɛm
zabijeme	zabijɛmɛ
zabijete	zabijɛcɛ
zabiješ	zabijɛʃ
zabijú	zɑbijuː
zabil	zɑbiɫ
zabila	zɑbilɑ
zabili	zɑbiɫi
zabilo	zɑbiɫɔ
zabite	zabicɛ
zabitie	zabiciɛ
zabitý	zabitiː
zabiť	zabic
zablokovanie	zablɔkɔvaɲiɛ
zablokovaný	zablɔkɔvaniː
zablokovať	zablɔkɔvac
zablokuj	zablɔkuj
zablúdiť	zabluːɟic
zablúdiť	zablvdɪc
zabojovať	zabɔjɔvac
zabolieť	zabɔliɛc
zaborený	zabɔrɛniː
zaborím	zabɔriːm
zabraňovať	zabraɲɔvac
zabrať	zabrac
zabrať	zabrat
zabrokoval	zabrɔkɔval
zabrániť	zabraːɲic
zabudame	zabudamɛ
zabudla	zabudɫa
zabudli	zabudɫi
zabudneme	zabudɲɛmɛ
zabudni	zabudɲi
zabudnite	zabudɲicɛ
zabudnutie	zabudnuciɛ
zabudnutý	zabudnutiː
zabudnúť	zabudnu
zabudnúť	zabudnuːc
zabudol	zabudɔl
zabudol	zabudɔɫ
zabudovaný	zabudɔvaniː
zabyje	zabijɛ
zabávač	zabavatʃ
zabávači	zabavatʃi
zabávať	zabava
zabávať	zabaːvac
zabíja	zabiːja
zabíjajú	zabiːjajuː
zabíjanie	zabiːjaɲiɛ
zabíjaš	zabiːjaʃ
zabíjať	zabiːjac
zabúdame	zabuːdamɛ
zabúdať	zabuːdac
zabývať	zabiva
zacat	zatsat
zach	zax
zachce	zaxtsɛ
zachoval	zaːxɔval
zachovanie	zaxovannɛ
zachovanie	zaxɔvaɲiɛ
zachovaný	zaxɔvaniː
zachovať	zaxɔvac
zachovať	zaxɔvatɕ
zachovávať	zaxofaːvatɕ
zachovávať	zaxɔvaːvac
zachraňovať	zaxraɲɔvac
zachráni	zaxraːɲi
zachránia	zaxraːɲia
zachránil	zaxraːɲil
zachránila	zaxraːɲila
zachránili	zaxraːɲili
zachránim	zaxraːɲim
zachránime	zaxraːɲimɛ
zachrániť	zaxraːɲic
zachráň	zaxraːɲ
zachráňte	zaxraːɲcɛ
zachvieť	zaxviɛc
zachvíľu	zaxviːʎu
zachytený	zaxicɛniː
zachytiť	zaxitic
zachytávať	zaxitɑːvac
zacko	zatskɔ
zacítiť	zatsiːcic
zadanie	zadaɲe
zadanie	zadaɲiɛ
zadaní	zadaɲiː
zadaný	zadanˈiː
zadarmo	sadarma
zadarmo	zadarmɔ
zadať	zadac
zadkolízač	zatkɔliizatʃ
zadkom	zadkɔm
zadku	zadku
zadky	zadki
zadlženosť	zadlʒɛnɔsc
zadný	zadniː
zadný	zadnɨ
zadok	zadɔk
zadosťučinenie	zadɔscutʃiɲɛɲiɛ
zadrž	zadrʒ
zadržanie	zadrʒaɲiɛ
zadržaný	zadrʒaniː
zadržať	zadrʒac
zadržte	zadrʒcɛ
zadu	zadu
zadubencov	zadubɛntsɔv
zadupaný	zadupaniː
zadychčať	zadɨxtʃat
zadíval	zadiːval
zadíval	zaɟiːval
zadívať	zaɟiːvac
zafarbené	zafarbɛnɛː
zahalený	zaɦalɛniː
zahaliť	zaɦaliːc
zahla	zaɦɫa
zahnaný	zˈɐhnaˈniː
zahnať	zaɦnac
zahodiť	zaɦɔɟic
zahodíš	zaɦɔɟiːʃ
zahoja	zaɦɔja
zahorí	zaɦɔriː
zahrada	zaɦrada
zahradený	zɑhradɛnɪ
zahradiť	zaɦraditɕ
zahradou	zaɦradɔu
zahradu	zaɦradu
zahrajú	zaɦrajuː
zahraničia	zaɦraɲitʃia
zahraničie	zaɦraɲitʃijɛ
zahraničie	zaɦraɲitʃiɛ
zahraničnopolitický	zaɦraɲitʃnɔpɔlititskiː
zahraničné	zahraɲitʃnɛː
zahraničného	zaɦranitʃɲɛːɦɔ
zahraničný	zahraɲitʃniː
zahraničný	zaɦraɲɛtʃniː
zahraničí	zahraɲitʃiː
zahrať	zaɦrac
zahrnutý	zaɦrnutiː
zahrnúť	zaɦrnuːc
zahryznúť	zaɦriznuːc
zahráme	zahraːmɛ
zahubiť	zaɦobic
zahynul	zahinul
zahynut	zaɦinut
zahynúť	zaɦinuːc
zahľadieť	zaɦʎaɟiɛc
zahŕňa	zaɦrːɲa
zahŕňať	zaɦrːɲac
zainteresovaný	zaintɛrɛsɔvaniː
zaiste	zaiscɛ
zaistenie	zaiscɛɲiɛ
zaistiť	zaiscic
zajac	zajats
zajat	zajat
zajatcov	zajatstɔv
zajatec	zajacɛts
zajatie	zajaciɛ
zajačik	zajatʃik
zajať	zajac
zajtra	zɑjtræ
zajtra	zɑɪtrɑ
zajtrajší	zajtrajʃiː
zakazovať	zakazɔvac
zakaždým	zakaʒdiːm
zakladajúci	zakladajuːtsi
zakladanie	zakladaɲiɛ
zakladateľ	zakladacɛʎ
zakladať	zakladac
zakladá	zakladaː
zakliaty	saklɛati
zaklopať	zɑklɔpɑc
zaklínač	zakɫˈinatʃ
zakomplexované	zakɔnplɛksɔvanɛ
zakomplexovaní	zakomplɛksofaːniː
zakomplexovaný	zakomplaksofanˈiː
zakomplexovanými	zakomplɛksɔɫɑniːni
zakon	zakɔn
zakončenie	zakɔntʃɛɲiɛ
zakončiť	zakontʃɪk
zakončiť	zakɔntʃic
zakopeme	zakɔpɛmɛ
zakopete	zakɔpɛcɛ
zakopával	zakɔpaːval
zakotvený	zakɔtvɛniː
zakotviť	zakotvix
zakotviť	zakɔtvic
zakričať	zakritʃac
zakruty	zakruti
zakryť	zakric
zakrádame	zakraːdamɛ
zakrátko	zakraːtkɔ
zakrývať	zakriːvac
zakuklený	sakuklɛmiː
zakukliť	zakukliɟ
zakvitnutú	zakvitnutuː
zakázal	zakaːzal
zakázané	zakaːzanɛː
zakázaný	zakaːzaniː
zakázať	zakaːzac
zakúpiť	zakuːpic
zakúriť	zɑkuːritɕ
zaležať	saliʒak
zaliať	zaliac
založenie	zalɔʒɛɲiɛ
založenie	zaɫoʐɛɲiɛ
založený	zalɔʒɛniː
založili	zalɔʒili
založiť	zaloʒˈik
založiť	zalɔʒic
zamatoví	zamatɔviː
zamazaný	samazan
zambia	zænbija
zamedzenie	zamɛdzɛniɛ
zamedziť	zɑmɛdzic
zameniť	zamɛnit
zameranie	zamɛraɲiɛ
zameraná	zɑmɛranaː
zameraní	zamɛrɑɲiː
zameraný	samuraniː
zameraný	zamɛraniː
zameraných	zamɛraniːx
zamerať	zamɛrac
zameriavať	zamɛriavac
zamestnajú	zamɛstnajuː
zamestnanci	samɛsnantsi
zamestnancov	zamɛstnantsɔv
zamestnanec	zamɛstnaɲɛts
zamestnanecký	zamɛstnanɛtskiː
zamestnanie	zamɛstnaɲiɛ
zamestnanosť	zamɛstnanɔsc
zamestnaný	zamɛstnaniː
zamestnať	zamɛstnac
zamestná	zamɛstnaː
zamestnávateľ	zamɛstnaːvacɛʎ
zamestnávať	zamɛstnaːvac
zamieriť	zamiɛric
zamiesť	zamiɛsc
zamiešať	zamiɛʃac
zamiloval	zamilɔval
zamilovala	zamilɔvalɑ
zamilovaná	zamilɔvanaː
zamilovaní	zamilɔvaniː
zamilovaní	zamilɔvaɲiː
zamilovaný	zamilɔvaniː
zamilovať	zamilɔvac
zamknite	zamkɲicɛ
zamknuté	zamknutɛː
zamknúť	zamknuːc
zamky	zamki
zamokrí	zamɔkriː
zamore	zamɔrɛ
zamorí	zamɔriː
zamračený	zamratʃɛni
zamrkal	zamrkal
zamrmlať	zamrmlac
zamrznúť	zamɛrznuːc
zamyslenie	zamislɛɲiɛ
zamyslieť	zamisliɛc
zamýšľať	zamiːʃʎac
zanechal	zaɲɛxɑɫ
zanechať	zaɲɛxac
zanedbateľný	zaɲɛdbacɛʎniː
zaneprázdnená	zaɲɛpraːzɲɛnaː
zaneprázdnení	zaɲɛpraːzɲɛniː
zaneprázdnení	zaɲɛpraːzɲɛɲiː
zaneprázdnený	zaɲɛpraːzɲɛniː
zanikali	zaɲikali
zanikať	zaɲikac
zaniknutý	zaniknutɪ
zaniknúť	zaɲiknuːc
zanorený	zanorɛmi
zaobchádzanie	zaɔbxaːdzaɲiɛ
zaobchádzať	zaɔbxaːdzac
zaoberajúci	zaɔbɛrajuːtsi
zaoberať	zaɔbɛrac
zaoberáte	zaɔbɛraːcɛ
zaoblený	zauːblɛniː
zaoblený	zaɔblɛniː
zaobísť	zaɔbiːsc
zaoperujem	zaɔpɛrujɛm
zaostalosť	zaːostɛlɔsc
zaostať	zaɔstac
zaostriť	zau̯strɪtʃ
zaostávať	zaɔstɑːvac
zaoč	zaɔtʃ
zaočkovať	zaɔtʃkɔvac
zapadajúci	zapadajutsɨ
zapadať	zapadac
zapadnúť	zapadnuːc
zapadá	zapadaː
zapamätaj	zapamɛtaj
zapamätať	zapamɛtac
zaparkovala	zɑpɑrkɔvalɑ
zapierať	zapjɛratɕ
zapisovať	zapisɔvac
zaplatena	zapɫacɛna
zaplatenie	zapɫacɛɲiɛ
zaplatený	zapɫacɛniː
zaplatený	zapɫatɛmi
zaplatil	zapɫaciɫ
zaplatila	zapɫaciɫa
zaplatili	zapɫaciɫi
zaplatiť	zapɫacic
zaplatiť	zapɫati
zaplatí	zapɫaciː
zaplatím	zapɫaciːm
zaplatíte	zapɫaciːcɛ
zaplatíš	zapɫaciːʃ
zaplav	zapɫav
zaplaviť	zapɫavic
zapletený	zapɫɛcɛniː
zaplniť	zapɫɲic
zapni	zapni
zapni	zapɲi
zapnut	zapnut
zapnutu	zapnutu
zapnutý	zapnutiː
zapnúť	zapnuːc
zapocul	zapɔtsul
zapojenie	zapɔjɛɲiɛ
zapojený	zapɔjɛniː
zapojených	zapɔjɛniːx
zapojiť	zɑpɔjic
zapojíš	zapɔjiːʃ
zapomnul	zapɔmnuu
započuje	zapɔtʃujɛ
zapredanci	zaprɛdantsʲi
zapretie	zaprɛtie
zapríčiniť	zapriːtʃiɲic
zapájať	zapaːjac
zapáliť	zapaːlic
zapáliť	zapaːlik
zapáčiť	zapaːtʃic
zapísa	zapiːsa
zapísal	zapiːsal
zapísaný	zapiːsaniː
zapísať	zapiːsac
zapíska	zapiːska
zapíste	zapiːscɛ
zapíš	zapiːʃ
zapôsobil	zɑpuɔsɔbiɫ
zapôsobilo	zɑpuɔsɔbilɔ
zapôsobiť	zapuɔsɔbic
zapôsobiť	zapwɔsɔbic
zarabat	zarabat
zaradenie	zaraɟɛɲiɛ
zaradený	zaraɟɛniː
zaradili	zɑraɟili
zaradiť	zaraɟic
zaradzic	zaradzɨtsʲ
zarastený	zarasciɛniː
zaraz	zaraz
zarazila	zɑrɑzilɑ
zaraziť	zɑrazic
zarazí	zaraziː
zaraďovať	zaraɟɔvac
zareagovať	zareagofat
zareagovať	zarɛagɔvac
zaregistrovaný	zarɛgistrɔvaniː
zaregistrovať	zarɛgistrɔvac
zariadenia	zariaɟɛɲia
zariadenie	zariaɟɛɲiɛ
zariadení	zariaɟɛɲiː
zariadený	zariaɟɛniː
zariadil	zariaɟil
zariadim	zariaɟim
zariadiť	zariaɟic
zarobiť	zarobi
zarobiť	zɑrɔbic
zarobí	zarɔbiː
zaručený	zarutʃɛniː
zaručiť	zarutʃic
zaručiť	zarutʃit
zaručovať	zarutʃɔvac
zaryto	zaritɔ
zarába	zaraːba
zarábajú	zaraːbajuː
zarábať	zarabat
zarábať	zaraːbac
zarýmuj	zariːmuj
zas	zɑs
zasa	zɑsa
zasadanie	zasadaɲiɛ
zasadačka	zɛsadɛtʃkɛ
zasadať	zasadac
zasadať	zasadak
zasadiť	zasaɟic
zasadnutie	zasadnuciɛ
zasadnúť	zasadnuːc
zasadí	zasaɟiː
zasahovať	zasahɔvac
zasahuje	zasaɦujɛ
zasaďte	zasaɟtɛ
zase	zɑsɛ
zaseknuté	zasɛknutɛː
zasekol	zasɛkɔl
zasiahla	zasiahla
zasiahnuť	zasiahnuc
zasiaty	zasjatˈi
zasielať	zasiɛɫac
zasklené	zasklɛnɛː
zaskočená	zˈaskɔtʃɛnaː
zaskočiť	zaskɔtʃic
zaskočiť	zaskɔtʃit
zaskvel	zaskvɛl
zaslať	zasɫac
zaslúžene	zasluːʒɛɲɛ
zaslúžený	zasluːʒɛniː
zaslúži	zasluːʒi
zaslúžil	zasluːʒil
zaslúžiš	zasluːʒiʃ
zaslúžiť	zasluːʒic
zasmiať	zasmiac
zasnúbený	zasnˈubɛniː
zaspal	zaspal
zaspať	zaspac
zaspieva	zɑspɪjɛva
zaspievať	zaspiɛvac
zaspomínaj	zaspɔmiːnaj
zaspávaj	zaspaːvaj
zaspívame	zaspiːvamɛ
zasra	zasra
zasran	zasran
zasraná	zasranaː
zasrané	zasranɛː
zasraného	zasranɛːhɔ
zasraní	zasraniː
zasraní	zasraɲiː
zasranú	zasranuː
zasraný	zasraniː
zastaraný	zastaraniː
zastav	zastau
zastav	zɑstav
zastavaný	zastavaniː
zastavenie	zastavɛɲiɛ
zastavenom	zastavɛnɔm
zastavený	zastavɛniː
zastavil	zɑstavil
zastavila	zɑstavilɑ
zastavili	zɑstavili
zastavit	zastavit
zastaviť	zastavit
zastaviť	zɑstavic
zastavovať	zastavɔvac
zastavte	zastavcɛ
zastaví	zastaviː
zastavím	zɑstaviːm
zastavíme	zastaviːmɛ
zastať	zastac
zastiera	zaztsiɛra
zastierať	zastjɛrat
zastihnúť	zasciɦnuːc
zastrašený	zastraʃɛɲii
zastrašiť	zastraʂɨtsʲ
zastreleny	zastrɛlɛni
zastrelil	zɑstrɛliɫ
zastrelili	zastrɛlili
zastreliť	zastrɛlic
zastrelím	zastrɛliːm
zastretý	zastrɛtɪ
zastreľ	zastrɛʎ
zastupiteľstvo	zastupicɛʎstvɔ
zastupovala	zastupɔvalɑ
zastupovalo	zastupɔvalɔ
zastupovať	zastupɔvac
zastupujem	zastupujɛm
zastupujúci	zastupujuːtsi
zastávať	zastɑːvac
zastávka	zastau̯ka
zastávka	zastɑːvka
zastúpenie	zastupɛɲiɛ
zastúpenie	zastuːpɛɲiɛ
zastúpený	zastupɛni
zastúpený	zastuːpɛniː
zastúpiť	zastupɪc
zasvätený	zasvɛcɛniː
zasvätiť	zasvɛcic
zasyp	zasip
zatancovať	zatantsɔvac
zatavení	zatavɛniː
zataví	zataviː
zatelefonovať	zatɛlɛfɔnɔvac
zatiahnutý	zatɕaɦnuti
zatiahnuť	zaciaɦnuc
zatial	zacial
zatiaľ	zacial
zatiaľ	zaciaʎ
zatkli	zatkli
zatknutie	zatknuciɛ
zatknutý	zatknutiː
zatknúť	zatknuːc
zatko	ozatko
zatlačiť	zatɫatʃic
zatlkaj	zatɫkaj
zato	zatɔ
zatracuješ	zatrɑtsujɛʃ
zatvor	zatvɔr
zatvorené	zatvɔrɛnɛː
zatvorený	zatvɔrɛniː
zatvoriť	zatvorj
zatvoriť	zatvɔric
zatvára	zatvaːra
zatvárať	zatvaːra
zatvárať	zatvaːrac
zatykač	zatikatʃ
zauchu	zauxu
zaujalo	zɑujalɔ
zaujať	zaujac
zaujíma	zɑujiːmɑ
zaujímalo	zɑujiːmalɔ
zaujímavo	zɑujiːmavɔ
zaujímavosť	zaujiːmavɔsc
zaujímavá	zaujiːmavaː
zaujímavé	zɑujiːmɑvɛː
zaujímavú	zɑujiːmavuː
zaujímavý	zɑujiːmaviː
zaujímavých	zaujiːmaviːx
zaujímaš	zaujiːmaʃ
zaujímať	zaujiːmac
zauzlenec	tsau̯zɫanʲets
zaužívaný	zauʒiːvaniː
zavedenie	zavɛɟɛɲiɛ
zavedený	zavɛɟɛniː
zavedených	zavɛdɛniːx
zavedeným	zavɛɟɛniːm
zavedie	zavɛɟiɛ
zavesený	zavɛsɛniː
zavesil	zavɛsil
zavesiť	zavɛsic
zavesiť	zavɛsik
zavesovacie	zavɛsovatsiɛ
zavesovací	zavɛsovatsiː
zavezenia	zavjɛzɛɲiɛ
zavezením	zavjɛzɛɲiːm
zaveľte	zavɛʎcɛ
zaviazať	zaviazac
zaviazať	zavjazatɕ
zaviedol	zaviɛdɔɫ
zavierať	zavjɛrɛt
zaviesť	zaviɛsc
zavináč	zaːvinɑːtʃ
zavlažovanie	zavɫaʐovannʲi
zavládnuť	zavlaːdnuc
zavody	zavɔdi
zavolaj	zɑvɔlɑj
zavolajte	zɑvɔlɑjcɛ
zavolajú	zavɔlɑjuː
zavolal	zɑvɔlɑɫ
zavolala	zɑvɔlɑɫɑ
zavolali	zɑvɔlɑli
zavolaný	zavɔlɑniː
zavolať	zɑvɔlɑc
zavolejte	zavɔlɛjtɛ
zavolá	zavɔlɑː
zavolám	zavɔɫaːm
zavolám	zɑvolaːm
zavoláme	zavɔlɑːmɛ
zavoláš	zavɔlɑːʃ
zavraždený	zavraʒdɛniː
zavraždil	zavraʒɟil
zavraždiť	zavraʒdic
zavraždíš	zavraʒɟiːʃ
zavrel	zavrɛɫ
zavrela	zavrɛɫa
zavreli	zavrɛli
zavreté	zavrɛtɛː
zavretí	zavrɛtiː
zavretý	zavrɛtiː
zavrhli	zavrhli
zavri	zavri
zavrieť	zavriɛc
zavrite	zavricɛ
zavrú	zavruː
zavádzanie	zavaːdzaɲiɛ
zavádzať	zavaːdzac
zaváhanie	zavaːɦaɲiɛ
zaváhať	zavaːɦac
zaväzovať	zavɛzɔvac
zavítať	zaviːtac
zavýjaní	zaviːjaniː
zavýjaní	zaviːjaɲiː
zavčasu	zavtʃasu
zavŕšiť	zavrːʃic
zavše	zavʃɛ
zazerať	zazerat
zaznamenali	zaznamɛnali
zaznamenaný	zaznamɛnaniː
zaznamenať	zaznamɛnac
zaznamenať	zaznamɛnat
zaznamenávaj	zaznamɛnaːvaj
zaznamenávať	zaznamɛnaːvac
zaznievať	zazɲiɛvac
zaznieť	zazɲiɛc
zazrieť	zazriɛc
zazvoniť	zazvɔɲic
zaútočiť	zauːtɔtʃic
zač	zatʃ
začal	zatʃɑl
začala	zatʃaɫa
začala	zatʃɑlɑ
začali	zatʃɑli
začalo	zatʃɑlɔ
začalo	zaːtʃalo
začarovať	zɑtʃɛrɔvac
začatie	zatʃaciɛ
začať	zatʃac
začať	zatʃat
začiatkoch	zatʃiatkɔx
začiatkom	zatʃiatkɔm
začiatku	zatʃiatku
začiatok	zatʃiatɔk
začlenenie	zatʃlɛɲɛɲiɛ
začne	zɑtʃɲɛ
začnem	zɑtʃɲɛm
začneme	zɑtʃɲɛmɛ
začnete	zɑtʃɲɛcɛ
začneš	zatʃɲɛʃ
začni	zɑtʃɲi
začnime	zatʃɲimɛ
začnite	zatʃɲicɛ
začnú	zatʃnuː
začo	zatʃɔ
začuť	zatʃuc
začína	zatʃiːna
začínajú	zatʃiːnajuː
začínajúci	zatʃinajutsˈi
začínajúci	zatʃiːnajuːtsi
začínam	zatʃiːnam
začíname	zatʃiːnamɛ
začínaš	zatʃiːnaʃ
začínať	zatʃiːnac
zaľúbený	zaʎuːbɛniː
zaľúbiť	zaʎuːbic
zaňho	zaɲhɔ
zašepkať	zaʃɛpkac
zašnurovac	zaʃnurɔvac
zašpičatá	zaʃpitʃataː
zať	zac
zaťať	zacac
zaťaženie	zacaʒɛɲiɛ
zaťažený	zacaʒɛniː
zaťažovať	zacaʒɔvac
zaželať	zaʒɛlɑc
zažiariť	zaʒiaric
zažil	zɑʒiɫ
zažila	zɑʒilɑ
zažili	zɑʒiɫi
zažiť	zaʒit
zažiť	zɑʒic
zažneme	zaʒɲɛmɛ
zažívať	zaʒiːvac
zbabelec	babɛlɛs
zbabelec	zbabɛlɛts
zbabelý	zbabɛli
zbabrať	zbabra
zbabrú	zbabru
zbadal	zbadal
zbadať	zbadac
zbadať	zbadɛt
zbal	zbaɫ
zbaliť	zbalic
zbav	zbav
zbavený	zbavɛniː
zbavil	zbavil
zbavila	zbavilɑ
zbavili	zbavili
zbaviť	zbavic
zbavovať	zbavɔvac
zbehlejší	zbɛhlɛjʃiː
zbehnúť	zbɛɦnuːc
zber	zbɛr
zberateľ	zbɛratɛʎ
zberač	zbɛratɕ
zberač	zbɛratʃ
zberačka	zbɛratʃka
zberať	zbɛraːc
zbernice	zbɛrɲitsɛ
zbežne	zbɛʒɲɛ
zbežným	zbɛʒniːm
zbieraný	zbjɛranɪ
zbierať	zbiɛrac
zbierať	zbjɛrat
zbierka	zbiɛrka
zbierku	zbiɛrku
zbil	zbil
zbiť	zbic
zblažnic	zbɫˈɑʒnitʃ
zbláznil	zblaːzɲil
zbláznila	zblaːzɲila
zbláznili	zblaːzɲili
zblázniť	zblaːzɲic
zblízka	zbliːzka
zbohom	zbɔɦɔm
zbojník	zbɔjɲiːk
zbor	zbɔr
zbore	zbɔrɛ
zborník	zbɔrniːk
zborov	zbɔrɔv
zboru	zbɔru
zbožie	zbɔʒiɛ
zbožný	zbɔʒniː
zbožňovať	zbɔʒɲɔvac
zbožňujem	zbɔʒɲujɛm
zbrane	zbrɑɲɛ
zbrani	zbrɑɲi
zbraní	zbrɑɲiː
zbraň	zbrɑɲh
zbraňami	zbrɑɲɑmi
zbraňou	zbrɑɲɔu
zbrklý	zbrkliː
zbroj	zbrɔj
zbroj	zɛbrɔj
zbrojnica	zbrojɲitso
zbrojný	zbrɔjniː
zbrojárstvo	sprojaːrskvɔ
zbudoval	sbuˈdoˈvɑl
zbytok	zbitɔk
zbytočne	zbitɔtʃɲɛ
zbytočné	zbitɔtʃnɛː
zbytočný	zbitɔtʃniː
zdala	zdɑɫa
zdali	zdɑli
zdalo	zdalɔ
zdanenia	zdaɲɛɲia
zdanenie	zdaɲɛɲiɛ
zdanie	zdaɲe
zdanlivo	zdanlivɔ
zdanlivý	zdanliviː
zdaní	zdaɲiː
zdaný	zdanɛ
zdarma	zdarma
zdatnos	zdatnɔs
zdatný	zdatniː
zdaňovací	zdaɲɔvatsiː
zdať	zdac
zdať	zdˈɑt
zdedené	zɟɛɟɛnɛː
zdedil	zɟɛɟil
zdediť	zɟɛɟic
zdevastované	zdɛvastɔvanɛː
zdieľať	zɟiɛʎac
zdivieť	zɟivjɛtɕ
zdobiť	zdɔbic
zdola	zdɔɫa
zdolať	zdɔɫac
zdravas'	zdrɑmɑs
zdravený	zdravɛniː
zdravia	zdravɪa
zdravia	zdrɑvia
zdravie	zdraviɛ
zdravie	zdrˈavjɛ
zdravotne	zdravɔtɲɛ
zdravotnej	zdravɔtnɛj
zdravotná	zdravɔtnaː
zdravotnícky	zdravɔtɲiːtski
zdravotníctva	zdravɔtɲiːtstva
zdravotníctve	zdravɔtɲiːtstvɛ
zdravotníctvo	zdravotɲiːtstv
zdravotníctvo	zdravɔtɲiːtstvɔ
zdravotník	zdravɔtɲiːk
zdravotný	zdravɔtniː
zdravotný	zdrˈavɔtniː
zdravá	zdravaː
zdravé	zdravɛː
zdraví	zdraviː
zdravím	zdrɑviːm
zdravíčko	zdraviːtʃkɔ
zdravý	zdraviː
zdravší	zdrɑvʃiː
zdražieť	zdraʐjɛtɕ
zdrobnenina	zdrɔbɲɛɲinɛ
zdroj	zdrɔj
zdroje	zdrɔjɛ
združenia	zdruʒɛɲia
združenie	zdruʒɛniɛ
združenie	zdruʒɛɲiɛ
združeniu	zdruʒɛɲiu
združený	zdruʒɛniː
združovať	zdruʒɔvac
zdrvený	zdrvɛniː
zdráva	zdraːva
zdržať	zdrʒac
zdržiavať	zdrʒiavac
zdvih	sdrix
zdvihni	zdvihɲi
zdvihnite	zdvihɲicɛ
zdvihnúť	zdvihnuːc
zdvoj	zdvɔj
zdvojnásobiť	zdvɔjnaːsɔbic
zdá	zdɑː
zdôrazniť	zduɔrazɲic
zdôrazňovať	zduɔrazɲɔvac
zdôrazňujem	zduɔrazɲujɛm
zdôrazňujeme	zduɔrazɲujɛmɛ
zdôveriť	zduɔvɛric
zdôvodnenie	zduɔvɔdɲɛɲiɛ
zdôvodniť	zduɔvɔdɲic
zdôvodňovať	zduɔvɔdɲɔvac
zdĺhavý	zdlːɦaviː
ze	zɛ
zegotu	zɛgɔtu
zekom	zɛkɔm
zelenina	zɛlɛɲina
zelenina	zɛɫɑnʲina
zeleninu	zɛlɛɲinu
zelenko	zɛlɛnkɔ
zelensky	zɛlɛnski
zelená	zɛlɛnaː
zelenáč	zɛlɛnaːtʃ
zelené	zɛlɛnɛː
zeleného	zæɫɑnɛːɦɔ
zelený	zɛlɛniː
zeleň	zɛlɛɲ
zeliankovi	zɛlijankɔvi
zelienka	zɛlijɛnka
zelina	zɛlina
zeline	zɛliɲɛ
zelinkový	zɛlɛnkɔʋi
zelinkárstvo	zɛlɛnkaːrstvɔ
zelinu	zɛlinu
zeljanku	zɛlijanku
zem	zɛm
zem	zˈɛm
zeman	zɛman
zemančíkom	zɛmanʃikom
zeme	zɛmɛ
zemeguľa	zɛmɛgulʲa
zemeguľa	zɛmɛguʎa
zememerač	zɛmɛmɛrɛtʃ
zemepisný	zɛmɛpisniː
zemetrasenie	sɛmɛtrasɛɲiː
zemetrasenie	zɛmɛtrasɛɲiɛ
zemi	zɛmi
zemiak	zɛmiak
zemiakové+placky	zɛmiɑkɔvɛplatki
zemiakový	zɛmiakɔviː
zemiaky	zɛmiaki
zemina	zɛmina
zemitý	semiti
zemný	zɛmniː
zemou	zɛmɔu
zemplín	sempliːn
zemplín	zɛmpliːn
zemplínskej	sempliːnskaj
zemplínsky	zɛmpliːnski
zemský	zɛmskiː
zemí	zɛmiː
zemřít	zɛmrʒiːt
zen	zɛn
zenit	zænˈi
zenit	zɛnit
zenskych	zɛnskix
zeny	zɛni
zer	zɛr
zhaos	zhaɔs
zhasni	zhasɲi
zhasnutý	zɣasnuti
zhasnúť	zhasnuːc
zhe	zhɛ
zhlboka	zhɫbɔka
zhoda	zhɔda
zhodený	zɦɔɟɛmiː
zhodiť	zhɔɟic
zhodne	zhɔdɲɛ
zhodnotenie	zhɔdnɔcɛɲiɛ
zhodnotiť	zhɔdnɔcic
zhodná	zɦɔdna
zhodnúť	zhɔdnuːc
zhodný	zhɔdniː
zhodovala	zhɔdɔvalɑ
zhodovať	zhɔdɔvac
zhodujeme	zhɔdujɛmɛ
zhon	zhɔn
zhora	zhɔra
zhorieť	zhɔriɛc
zhorí	zhɔriː
zhorý	zhɔriː
zhoršenie	zhɔrʃɛɲiɛ
zhorši	zhɔrʃi
zhoršila	zhɔrʃilɑ
zhoršiť	zhɔrʃic
zhoršiť	zɦorʃi
zhoršovať	zhɔrʃɔvac
zhoršovať	zɦorʃovatɕ
zhotovateľa	zhɔtɔvacɛʎa
zhotovený	zhɔtɔvɛniː
zhovárať	zhɔvɑːrac
zhoď	zhɔɟ
zhrabneš	zhrabɲɛʃ
zhrbený	zhrbɛniː
zhreš	zhrɛʃ
zhrešiť	zɦrɛʃɪtʃ
zhrnul	zhrnul
zhrnuli	zhrnuli
zhrnúť	zhrnuːc
zhromaždenie	zhrɔmaʒɟɛɲiɛ
zhromaždený	zhrɔmaʒɟɛniː
zhromaždiť	zhrɔmaʒɟic
zhromažďovať	zhrɔmaʒɟɔvac
zhruba	zhrubɑ
zháňať	zhaːɲac
ziadne	ziɑdnɛ
zilo	zilɔ
zima	zima
zima	zimɑ
zima	zɪma
zimanova	zjimanova
zimbabwe	zimbablɛ
zime	zimɛ
zimný	zimniː
zimný	zimˈniː
zimomriavky	zimɔmɾiaʊki
zimu	zimu
zinok	zɨnok
zips	sepz
zisk	zisk
zisk	zˈisk
ziskom	ziskɔm
ziskový	ziskɔviː
ziskový	zɛskoviː
zisky	ziski
zistenie	ziscɛɲiɛ
zistenie	zjɛstɛɲiɛ
zistení	ziscɛɲiː
zistený	ziscɛniː
zisti	zisci
zistil	ziscil
zistila	ziscila
zistili	zisciɫi
zistiť	ziscic
zistiť	zistit
zistí	zisciː
zistím	zisciːm
zistíme	zisciːmɛ
zistíš	zisciːʃ
zisťovanie	ziscɔvaɲiɛ
zisťovať	ziscɔvac
zivot	zivɔt
zivote	zivɔtɛ
zišlo	ziʃlɔ
zištný	zɪʃtɪniː
zjav	zjav
zjavenie	zjavɛɲiɛ
zjaviť	zjavic
zjavne	zjɑvɲɛ
zjavného	zjavnɛːhɔ
zjavný	zjavniː
zjavom	zjavɔm
zjavovať	zjavɔvac
zjavte	zjavcɛ
zjavuje	zjavujɛ
zjazd	zjazd
zje	zjɛ
zjedený	zjɛɟɛniː
zjedia	zjɛɟia
zjednodušene	zjɛdnɔduʃɛɲɛ
zjednodušenie	zjɛdnɔduʃɛɲiɛ
zjednodušiť	zjɛdnɔduʃic
zjednotenie	zjɛdnɔcɛɲiɛ
zjednotený	zjɛdnɔcɛniː
zjednotiť	zjɛdnɔcic
zjedol	zjɛdɔɫ
zjedz	zjɛts
zjesť	zjɛsc
zkurvy	zkurvi
zkurvys	zkurvis
zkurvysyn	zkurvisin
zla	zɫa
zlakto	zɫaktɔ
zlata	zɫata
zlate	zɫacɛ
zlatej	zɫatɛj
zlatko	zɫɑtkɔ
zlato	zɫatɔ
zlatohlavý	zlatouɦlaviː
zlatom	zɫatɔm
zlatá	zlata
zlatá	zɫatɑː
zlaté	zɫatɛː
zlatíčko	zɫatiːtʃkɔ
zlatý	zlatɪ
zlatý	zɫatiː
zlatých	zɫatiːx
zlatými	zɫatiːmi
zle	zɫæ
zlepšenie	zɫɛpʃɛɲiɛ
zlepšiť	zlɛpʃi
zlepšiť	zɫɛpʃic
zlepšovanie	zɫɛpʃɔvɑɲiɛ
zlepšovať	zɫɛpʃɔvac
zlepšuje	zɫɛpʃujɛ
zlepší	zɫɛpʃiː
zlepším	zɫɛpʃiːm
zlepšíme	zɫɛpʃiːmɛ
zlez	zɫɛz
zlikvidovať	zɫikvidɔvac
zlo	zɫɔ
zlodej	zɫodʲej
zlodej	zɫɔɟɛj
zlodejov	zɫɔɟɛjɔv
zloduchú	zɫɔduxuː
zlom	zɫɔm
zlomena	zɫɔmɛna
zlomenej	zɫɔmɛɲɛj
zlomenina	zlɔmɛɲinɛ
zlomenina	zɫɔmɛɲina
zlomené	zɫɔmɛnɛː
zlomený	zɫɔmɛniː
zlomil	zɫɔmil
zlomilo	zɫɔmilo
zlomiť	zɫomit
zlomiť	zɫɔmic
zlomok	zɫɔmɔk
zlomte	zɫɔmcɛ
zlomyseľný	zɔmisɛlni
zlostne	zɫɔstɲɛ
zlosyn	zɫɔsin
zlosť	zɫɔsc
zlotky	zɫɔtki
zlotys	zɫɔtis
zločin	zɫɔtʃin
zločinec	zɫɔtʃinɛts
zločinom	zɫɔtʃinɔm
zločinu	zɫɔtʃinu
zlož	zɫɔʒ
zloženie	zɫɔʒɛɲi
zloženie	zɫɔʒɛɲiɛ
zložený	zɫɔʒɛniː
zložený	zɫɔʒɛnɪ
zložité	zɫɔʒitɛː
zložitý	zɫɔʒitiː
zložiť	zɫɔʒic
zložka	zɫoʐko
zložka	zɫɔʒka
zložte	zɫɔʒcɛ
zltych	zɫtix
zlyhanie	zɫiɦaɲiɛ
zlyhať	zɫiɦac
zlá	zɫɑː
zlákalo	zɫɑːkalɔ
zlámať	zlaːmatɕ
zlé	zɫɛː
zlého	zɫɛːhɔ
zlému	zleːmu
zlí	zliː
zlí	zɫiː
zlín	zɫiːn
zlú	zɫuː
zlúčenie	zɫuːtʃɛɲiɛ
zlúčenina	zɫuːtʃɛɲina
zlý	zɫiː
zlý	zˈliː
zlých	zɫiːx
zlým	zɫiːm
zmariť	zmaric
zmena	smɛna
zmena	zmɛna
zmene	zmˈɛnɪɛ
zmenený	zmɛɲɛniː
zmenený	zmˈɛnini
zmenia	zmɛɲia
zmenil	zmɛɲil
zmenila	zmɛɲila
zmenili	zmɛɲili
zmenilo	zmɛɲilɔ
zmeniť	zmɛɲic
zmenka	zmɛnka
zmenkovníka	zmɛnkɔvɲika
zmenu	zmɛnu
zmeny	zmɛni
zmenách	zmɛnaːx
zmení	zmɛɲiː
zmením	zmɛɲiːm
zmeníte	zmɛɲiːcɛ
zmenšime	zmɛʃimɛ
zmenšiť	zmɛnʃic
zmenšiť	zmˈɛnʃi
zmenšovať	zmɛnʃɔvac
zmenšovať	zmɛnʃɔvɛt
zmeravel	zmɛravɛl
zmerať	zmɛrac
zmes	zmɛs
zmeskat	zmɛskat
zmesou	zmɛsɔu
zmesou	zmɛsɛu
zmestiť	zmɛscic
zmetku	zmɛtku
zmeškal	zmɛʃkal
zmeškat	zmɛʃkat
zmeškať	zmɛʃkac
zmieniť	zmiɛɲic
zmienka	zmiɛnka
zmienka	zɛmjɛnka
zmierenie	zmiɛrɛɲiɛ
zmieriť	zmiɛric
zmiernenie	zmiɛrɲɛɲiɛ
zmierniť	zmiɛrɲic
zmieta	zmiɛta
zmiešaný	zmiɪɛʃaniː
zmija	zmija
zmija	zmja
zmizla	zmizɫa
zmizli	zmizli
zmizlo	zmizɫɔ
zmizne	zmizɲɛ
zmizni	zmizɲi
zmiznite	zmizɲicɛ
zmiznú	zmiznuː
zmiznúť	zmiznuːc
zmizol	zmizɔɫ
zmluva	zmɫuva
zmluvný	zmɫovniː
zmluvný	zmɫuvniː
zmluvu	zmɫuvu
zmluvy	zmɫuvi
zmlátený	zmlaːtɕɛniː
zmocniť	zmɔtsɲic
zmocním	zmɔtsɲiːm
zmohlo	zmɔɦlɔ
zmos	zmɔs
zmrazila	zmɾaːziʎa
zmrd	zmrd
zmrda	zmrda
zmrdov	zmrdɔv
zmrel	zmrɛl
zmrvíš	zmrviːʃ
zmrzlina	smrʒlʲina
zmrzlina	zmrzɫina
zmrzlina	zmrzʎina
zmrzlinu	zmrzlinu
zmrzlinárstvo	zmrzɛlinaːrstvɔ
zmutoval	zmutɔval
zmutovaných	zmutɔvaniːx
zmuve	zmuvɛ
zmučí	zmutʃiː
zmyje	zmijɛ
zmyjem	zmijɛm
zmysel	zmisɛɫ
zmysle	zmislɛ
zmyslový	zmislɔviː
zmysluplný	zmisluplniː
zmyslí	zmisliː
zmyslíme	zmisliːmɛ
zmyslíš	zmisliːʃ
zmätený	zmɛcɛniː
zmätku	zmɛtku
zmätok	zmjɛtok
zmätok	zmɛtɔk
zmýšľanie	zmiːʃʎaɲiɛ
změnila	zmjɛɲɪla
změní	zmjɛɲiː
zmĺknuť	zmlːknuc
zmŕtvychvstanie	zmrːtvixvstaɲiɛ
znacka	znatska
znak	znak
znakom	znakɔm
znakový	znɑkɔviː
znalec	znalɛts
znalecký	znalɛtskiː
znalosť	znalɔsc
znalosť	zɛŋalɔsc
znalý	znɑli
znam	znam
znamena	znamɛna
znamenajú	znamɛnɑjuː
znamenalo	znamɛnalɔ
znamenať	znamenad
znamenať	znamɛnac
znamenia	znamɛɲia
znamenie	namɛnjɛ
znamenie	znamɛɲiɛ
znamená	znamɛnaː
znamená	znɑmɛnaː
znamienko	znamiɛnkɔ
znamienkom	znamiɛnkɔm
znamka	znamka
znamym	znamim
znavenému	znavɛnɛːmu
značiť	znatʃic
značiť	znatʃit
značka	znatʃka
značkový	znatʃkɔviː
značku	znatʃku
značne	znatʃɲɛ
značný	znatʃniː
zne	zɲɛ
zneje	zɲɛjɛ
znejú	zɲɛjuː
zneli	zɲɛli
znelka	zɲɛlka
znelo	zɲɛlɔ
znemožniť	zɲɛmɔʒɲic
znenie	zɲɛɲiɛ
znepokojenie	zɲɛpɔkɔjɛɲiɛ
znepokojený	zɲɛpɔkɔjɛniː
znepokojovať	zɲɛpɔkɔjɔvac
znepokojuje	zɲɛpɔkɔjujɛ
zneužitie	zɲeuʐɨtjɛ
zneužitie	zɲɛuʒiciɛ
zneužitý	zʲːau̯ʐɨdɨ
zneužiť	sɲeuʒit
zneužiť	zɲɛuʒic
zneužívanie	zɲɛuʒiːvaɲiɛ
zneužívať	zɲeuʒiːvɑc
zneužívať	zɲɛuʒiːvac
znečistenie	zɲɛtʃiscɛɲiɛ
zneškodniť	zɲɛʃkɔdɲic
znie	zɲɪɛ
zniesť	zɲiɛsc
znieť	zɲiɛc
znič	zɲitʃ
zničenie	zɲitʃɛɲiɛ
zničená	zɲitʃɛna
zničená	zɲitʃɛnɑː
zničené	zɲitʃɛnɛː
zničený	zɲitʃɛniː
zničil	zɲitʃil
zničila	zɲitʃilɑ
zničili	zɲitʃili
zničiť	zɲitʃic
zničí	zɲitʃiː
zničíš	zɲitʃɪʃ
znižovanie	zɲiʒɔvaɲiɛ
znižovať	zniʒʊʋɑc
znižovať	zɲiʒɔvac
znižovať	zɲiʒɔʋaːc
znova	znɔvɑ
znovu	znou̯u
znovu	znɔvu
známa	znaːma
známe	znaːmɛ
známe	znɑːmæɛ
známeho	znɑːmɛhɔ
známej	znaːmɛj
známejší	znaːmɪjʃɪ
známka	znaːmka
známkami	znaːmkami
známky	znaːmki
známom	znaːmɔm
známosť	znaːmɔsc
známy	znami
známy	znaːmi
známym	znaːmim
znásilnenie	znaːsilɲɛɲiɛ
znásilniť	znaːsilɲic
znášať	znaːʃac
znášik	znaʃik
zníženia	zɲiːʒɛɲia
zníženie	zɲiːʒɛɲiɛ
znížením	zɲiːʒɛɲiːm
znížený	zɲiʂɛnɨ
znížený	zɲiːʒɛniː
znížiť	zniːʒic
zo	zo
zo	zɔ
zobel	zɔbɛl
zober	zɔbɛr
zoberem	zɔbɛrɛm
zoberie	zɔbɛriɛ
zoberiem	zɔbɛriɛm
zoberieme	zɔbɛriɛmɛ
zoberieš	zɔbɛriɛʃ
zoberte	zɔbɛrcɛ
zoberto	zɔbɛrtɔ
zobetre	zɔbɛtrɛ
zobral	zɔbrɑɫ
zobrala	zɔbrɑɫa
zobrali	zɔbrɑɫi
zobrat	zɔbrɑt
zobrazenie	zobrazɛɲɛ
zobrazenie	zɔbrɑzɛɲiɛ
zobrazený	zobrazɛːniː
zobrazený	zɔbrɑzɛniː
zobraziť	zɔbrɑzic
zobrazovať	zɔbrɑzɔvac
zobrať	zobrɛt
zobrať	zɔbrɑc
zobudený	zabudɛniː
zobudil	zɔbuɟil
zobudili	zɔbuɟili
zobudiť	zabudʲitʲ
zobudiť	zɔbuɟic
zobuď	zɔbuɟ
zobák	zɔbaːk
zochora	zɔxɔra
zodpovedajúci	zɔdpɔvɛdajuːtsi
zodpovedať	zɔdpɔvɛdac
zodpovedne	zɔdpɔvɛdɲɛ
zodpovednosť	zɔdpɔvɛdnɔsc
zodpovedný	zɔdpɔvɛdniː
zodvihnúť	zɔdvihnuːc
zoe	zɔɛ
zohnal	zɔɦnaɫ
zohnať	zɔɦnac
zohnúť	zɔɦnuːc
zohol	zɔɦɔɫ
zohrať	zɔɦrac
zohreje	zɔɦrɛjɛ
zohriať	zɔɦriac
zohľadniť	zɔɦʎadɲic
zohľadňovať	zɔɦʎadɲɔvac
zojej	zɔjɛj
zoka	zɔka
zomiera	zɔmiɛra
zomierať	zɔmiɛrac
zomre	zɔmrɛ
zomrel	zɔmrɛɫ
zomrela	zɔmrɛɫa
zomreli	zɔmrɛli
zomrelo	zɔmrɛɫɔ
zomri	zɔmri
zomrie	zɔmriɛ
zomriem	zɔmriɛm
zomrieme	zɔmriɛmɛ
zomriet	zɔmriɛt
zomrieš	zɔmriɛʃ
zomrieť	zomriɛ
zomrieť	zɔmriɛc
zomrú	zɔmruː
zonu	zɔnu
zony	zɔni
zoo	zɔɔ
zooey	zɔɔɛi
zoológ	zɔːlɔk
zoológia	zɔoloːgija
zop	zɔp
zopakovať	zɔpɑkɔvac
zopakuj	zɔpakuj
zopakujem	zɔpɑkujɛm
zoprieť	zɔprijɛc
zopár	zɔpɑːr
zopätovať	zapɛtɔvɑc
zora	zɔra
zoradeniu	zoradɛɲu
zore	zˈɔre
zorganizovať	zɔrganizɔvac
zorientovať	zɔriɛntɔvac
zorko	zɔrkɔ
zorky	zɔrki
zoser	zɔsɛr
zoskupenie	zɔskupɛɲiɛ
zoskupená	zɔskupɛnaː
zosnulom	zɔsnulɔm
zosnulý	zɔsnuliː
zostal	zɔstɑl
zostala	zɔstɑlɑ
zostali	zɔstali
zostali	zɔstɑli
zostalo	zɔstɑlɔ
zostane	zɔstɑɲɛ
zostanem	zɔstɑɲɛm
zostaneme	zɔstɑɲɛmɛ
zostanete	zɔstɑɲɛcɛ
zostaneš	zɔstɑɲɛʃ
zostanú	zɔstɑnuː
zostatkový	zɔstatkɔjiː
zostatku	zɔstɑtku
zostatok	zɔstɑtɔk
zostava	zɔstava
zostavenie	zɔstavɛɲiɛ
zostavený	zɔstavɛniː
zostaviť	zɔstavic
zostavovanie	zɔstavɔvaɲiɛ
zostaň	zɔstɑɲ
zostaňme	zostaɲmɛ
zostaňte	zɔstɑɲcɛ
zostať	zɔstɑc
zostreľ	zɔstrɛʎ
zostrí	zɔstriː
zostupe	zɔstupɛ
zostupuje	zɔstupujɛ
zostupujem	zɔstupujɛm
zostáva	zoʊstɑːva
zostávajú	zɔstaːvajuː
zostávajúci	zɔstɑːvajuːtsi
zostávať	zɔstɑːvac
zostúpiť	zɔstuːpic
zotmení	zɔtmɛɲiː
zotrvanie	zɔtrvaɲiɛ
zotrvať	zɔtrvac
zout	zɔut
zovretí	zɔvrɛtiː
zovrieť	zɔvriɛc
zovšeobecnenie	zɔfʂɛɔbɛtsɲɛɲɛ
zovšeobecniť	zofʃɛːʔobɛtsɲɛc
zozadu	zɔzɑdu
zoznam	zoznɛm
zoznam	zɔznam
zozname	zɔznamɛ
zoznamovať	zosnamovat
zoznámil	zɔznaːmil
zoznámiť	zɔznaːmic
zoči	zɔtʃi
zošit	zɔʃit
zošiť	soʃik
zošle	zɔʃlɛ
zošleme	zɔʃlɛmɛ
zoženiem	zɔʒɛɲiɛm
zožeň	zɔʒɛɲ
zožral	zɔʒral
zožrala	zɔʒralɑ
zpod	zpɔd
zpredu	zprɛdu
zpráv	zprɑːv
zprávy	zpraːvi
zrada	zrada
zrada	zrˈada
zradca	zratsa
zradil	zraɟil
zradiť	zraɟic
zrak	zrak
zrak	zræk
zrakom	zrakɔm
zrakovy	zrakɔvi
zrakovým	zrakɔviːm
zraku	zraku
zralok	zralɔk
zranenie	zraɲɛɲiɛ
zranený	zraɲɛni
zranený	zraɲɛniː
zranených	zraɲɛnæːx
zraneným	zranɛnɪːm
zranil	zraɲil
zranili	zraɲiliː
zraniteľný	zraɲicɛʎniː
zraniť	zraɲic
zravím	zraviːm
zraz	zrɑz
zrazenina	zrazɛnɲina
zrazilo	zrɑzilɔ
zraziť	zrazim
zraziť	zrɑzic
zrazu	zrɑzu
zrač	zratʃ
zrealizovať	zrɛalizɔvac
zrealizovať	zrɛɑlizofaɟ
zredukovaný	zrɛdukɔvaniː
zredukovať	zrɛdukɔvac
zreje	zrɛjɛ
zrejme	zrɛjmɛ
zrejmé	zrɛjmɛː
zrejmý	zrnɛjniː
zrejmý	zrɛjmiː
zrelá	zrɛla
zrelá	zrɛlɑː
zrelý	zrɛliː
zrelým	zrɛliːm
zreteľ	zrɛcɛʎ
zreteľne	zrɛcɛlɲɛ
zreteľná	zrɛcɛʎnaː
zreteľný	zrɛcɛʎniː
zriadenie	zriaɟɛɲiɛ
zriadený	zriaɟɛniː
zriadiť	zriaɟic
zriaďovateľ	zriaɟɔvacɛʎ
zriecť	zriɛtsc
zriedka	zriɛdka
zriedkavo	zriɛdkavɔ
zriedkavý	zriɛdkaviː
zriedkavý	zrjɛtkavjiː
zrkadlo	zrkadɫɔ
zrkadlový	zrkadɫɔviː
zrnko	zrnkɔ
zrno	zrnɔ
zrná	zrnaː
zrobíš	zrɔbiːʃ
zrock	zrɔtsk
zrod	zrɑt
zrod	zrɔd
zrode	zrɔɟɛ
zrodiť	zrɔdʑitɕ
zrodiť	zrɔɟic
zrovna	zrɔvna
zrovná	zrɔvnaː
zrozumiteľný	zrɔzumicɛʎniː
zručnosti	zrutʃnosci
zručnosť	zrutʃnɔsc
zručnosť	zrˈutʃnɔsc
zručný	zrutʃniː
zručným	zrutʃniːm
zrušenia	zruʃɛɲia
zrušenie	zruʃɛniɛ
zrušenie	zruʃɛɲiɛ
zrušený	zruʃɛniː
zrušil	zruʃil
zrušila	zruʃilɑ
zrušili	zruʃili
zrušiť	zruʃic
zryl	zril
zrátaný	zraːtani
zrážač	zraːʒatʃ
zrážka	zrɑːʒka
zrážku	zraːʃku
zrážky	zraːʃki
zrútila	zruːcila
zrútiť	zruːcic
zrýchlenie	zriːxlɛɲiɛ
zrýchlení	zriːxlɛniː
zrýchliť	zriːxlic
zssr	zssr
ztoho	ztɔɦɔ
zub	zup
zuba	zuba
zubamy	zubami
zubatá	zubata
zubnej	zubnɛj
zubnú	zubnuː
zubný	zubniː
zubov	zubɔv
zuby	zubi
zubár	zubar
zubár	zubaːr
zuko	zukɔ
zula	zulɑ
zuse	zusɛ
zuzana	zuzɑna
zuzane	zuzɑɲɛ
zuzanou	zuzɑnoʊ
zuzanu	zuzɑnu
zuzo	zuzɑ
zuzulová	zuzulɔva
zužovať	zuʒɔvac
zvada	zvada
zvaliť	zvalic
zvaného	zvanɛːhɔ
zvaný	zvaniː
zvaným	zvaniːm
zvarím	zvariːm
zvažovať	zvaʒɔvac
zvedavec	zvˈɛdaɫɛts
zvedavost	zvɛdavɔst
zvedavosť	zvɛdavɔsc
zvedavá	zvɛdavaː
zvedavý	zvædaːviː
zvedavý	zvɛdaviː
zvedne	zvɛdnɛ
zveličenia	zvɛlitʃɛɲia
zvem	zvɛm
zver	zvɛr
zvera	zvɛra
zverejnenie	zvɛrɛjɲɛɲiɛ
zverejnený	zvɛrɛjɲɛniː
zverejnil	zvɛrɛjɲil
zverejnila	zvɛrɛjɲila
zverejniť	zvɛrɛjɲic
zverejňovať	zvɛrɛjɲɔvac
zverenec	zvɛrɛɲɛts
zverený	zvɛrɛniː
zveril	zvɛril
zveriť	zvɛric
zveríš	zvɛriːʃ
zvestovať	zvɛstɔvac
zvesť	zvɛsc
zvez	zvɛz
zvezenie	zvɛzɛɲiɛ
zvečnený	zvɛtʃɲɛniː
zviazaný	zviɑzɑniː
zviazaný	zvjazanˈiː
zviera	zviɛra
zvierací	zviɛratsiː
zvierat	zviɛrat
zvieratami	zviɛratami
zvieratko	zviɛratkɔ
zvieratá	zviɛrataː
zvierať	zviɛrac
zviesť	zviɛsc
zvislica	zvizlitsa
zvislý	zvizlɪ
zvitky	zʋidki
zvládate	zvlɑːdacɛ
zvládať	zvlɑːdac
zvládli	zvlɑːdli
zvládne	zvlɑːdɲɛ
zvládnem	zvlɑːdɲɛm
zvládneme	zvlɑːdɲɛmɛ
zvládneš	zvɫɑːdɲɛʃ
zvládnut	zvlɑːdnut
zvládnutie	zvlɑːdnuciɛ
zvládnuť	zvlaːdnouc
zvládnuť	zvlɑːdnuc
zvládol	zvlɑːdɔɫ
zvlást	zvlɑːst
zvláštne	zvlaːʃtɲɛ
zvláštnosť	zvlɑːʃnɔsc
zvláštny	zvlɑːʃni
zvlášť	zvlɑːʃc
zvnútra	zvnuːtra
zvo	zvɔ
zvodní	zvɔdniː
zvolal	zvɔlɑɫ
zvolanie	zvɔlɑɲiɛ
zvolať	zvɔlɑc
zvolen	zvɔlɛn
zvolenie	zvɔlɛɲiɛ
zvolenský	zvɔlɛnskiː
zvolený	zvɔlɛniː
zvolený	zɔɫɛniː
zvolili	zvɔlili
zvoliť	zvɔlic
zvolí	zvɔliː
zvon	zvɔn
zvona	zvɔna
zvonca	zvɔntsa
zvoncek	zvɔntsɛk
zvonci	zvɔntsi
zvoncom	zvɔntsɔm
zvoneekom	zvɔɲɛːkɔm
zvoneeky	zvɔɲɛːki
zvonenia	zvɔɲɛɲia
zvoni	zvɔɲi
zvonia	zvɔɲia
zvoniec	zvɔɲiɛts
zvonil	zvɔɲil
zvonila	zvɔɲilɑ
zvonim	zvɔɲim
zvonivé	zvɔɲivɛː
zvoniť	zvɔɲic
zvonka	zvɔnka
zvonko	zvɔnkɔ
zvonku	zvɔnku
zvonom	zvɔnɔm
zvonu	zvɔnu
zvony	zvɔni
zvonár	zvɔnaːr
zvonárom	zvɔnaːrɔm
zvoní	zvɔɲiː
zvonček	zvɔntʃɛk
zvončeka	zvɔntʃɛka
zvončekom	zvɔntʃɛkɔm
zvončeku	zvɔntʃɛku
zvorilosť	zvɔrilɔsc
zvorilý	zvɔriliː
zvova	zvɔva
zvoľníme	zvɔʎɲiːmɛ
zvoň	zvon
zvoň	zvɔɲ
zvracal	zvratsal
zvracanie	zvratsaɲe
zvracať	zvratsaj
zvrat	zvrat
zvrat	zɨvrat
zvratkami	zvratkami
zvratkoch	zvratkɔx
zvratkov	zvratkɔv
zvratky	zvratki
zvratný	zvratni
zvratom	zvratɔm
zvratov	zvratɔv
zvrhli	zvrhli
zvrhlo	zvrhlɔ
zvrhlost	zvrhlɔst
zvrhlosť	zvrhlɔsc
zvrhly	zvrhli
zvrhlá	zvrhlɑː
zvrhlí	zvrhliː
zvrhlík	zvrhliːk
zvrhlý	zvrhliː
zvrhlým	zvrhliːm
zvrhlými	zvrhliːmi
zvrhnem	zvrhɲɛm
zvrhneš	zvrhɲɛʃ
zvrhnut	zvrhnut
zvrhnuti	zvrhnuci
zvrhnuty	zvrhnuti
zvrhnutý	zvrhnutiː
zvrhnú	zvrhnuː
zvrtli	zvrtli
zvrtlo	zvrtlɔ
zvrtne	zvrtɲɛ
zvrtnem	zvrtɲɛm
zvrtnúť	zvrtnuːc
zvrtol	zvrtɔl
zvrátená	zvrɑːcɛnaː
zvrátený	zvraːtɛnɪ
zvrátia	zvrɑːcia
zvrátiť	zvrɑːcic
zvršky	zvrʃki
zvucia	zvutsia
zvuk	zvuk
zvuk	zvˈuk
zvuklosť	zvuklɔsc
zvukoch	zvukɔx
zvukom	zvukɔm
zvukov	zvukɔv
zvukova	zvukɔva
zvukovej	zvukɔvɛj
zvukovy	zvukɔvi
zvukové	zvukɔvɛː
zvukovú	zvukɔvuː
zvukový	zvukɔviː
zvukových	zvukɔviːx
zvukovým	zvukɔviːm
zvuky	zvuki
zvučka	zvutʃka
zvučnosť	zvutʃnɔsc
zvučné	zvutʃnɛː
zvučí	zvutʃiː
zvy	zvi
zvyk	zvig
zvyk	zvik
zvykaj	zvikaj
zvykajú	zvikajuː
zvykal	zvikal
zvykat	zvikat
zvykať	zvikac
zvykli	zvikli
zvyklo	zviklɔ
zvyklosti	zviklɔsci
zvyklosť	zviklɔsc
zvyklá	zviklɑː
zvyklí	zvikliː
zvyklý	zvikliː
zvykmi	zvikmi
zvykne	zvikɲæ
zvykne	zvjɛkɲɛ
zvyknem	zvikɲɛm
zvyknes	zviknɛs
zvyknete	zvikɲɛcɛ
zvykneš	zvikɲɛʃ
zvyknu	zviknu
zvyknut	zviknut
zvyknuta	zviknuta
zvyknuty	zviknuti
zvyknutí	zviknutiː
zvyknutý	zviknutiː
zvyknú	zviknuː
zvyknút	zviknuːt
zvyknúť	zviknuːc
zvykoch	zvikɔx
zvykol	zvikɔl
zvykom	zvikɔm
zvykov	zvikɔv
zvyku	zviku
zvyky	zviki
zvyká	zvikɑː
zvykám	zvikɑːm
zvykáš	zvikɑːʃ
zvyreny	zvirɛni
zvyskoch	zviskɔx
zvyskom	zviskɔm
zvysky	zviski
zvysnych	zvisnix
zvysok	zvisɔk
zvysoka	zvisɔka
zvytok	zvitɔk
zvyčajne	zvitʃajɲɛ
zvyčajnom	zvitʃajnɔm
zvyčajnosť	zvitʃajnɔsc
zvyčajnou	zvitʃajnɔu
zvyčajného	zvitʃajnɛːhɔ
zvyčajní	zvitʃajɲiː
zvyčajnú	zvitʃajnuː
zvyčajný	zvitʃajniː
zvyš	zviʃ
zvyšenom	zviʃɛnɔm
zvyškoch	zviʃkɔx
zvyškom	zviʃkɔm
zvyškov	zviʃkɔv
zvyšku	zviʃku
zvyšky	zviʃki
zvyšky	zvˈiʃki
zvyšnom	zviʃnɔm
zvyšná	zviʃnaː
zvyšnú	zviʃnuː
zvyšný	zviʃniː
zvyšok	zviʃɒk
zvyšok	zviʃɔk
zvyšoky	zviʃɔki
zvyšom	zviʃɔm
zvyšoval	zviʃɔval
zvyšovala	zviʃɔvalɑ
zvyšovali	zviʃɔvali
zvyšovanie	zviʃɔvaɲiɛ
zvyšovaniu	zviʃɔvaɲiu
zvyšovať	zviʃɔvac
zvyšuje	zviʃujɛ
zvyšujem	zviʃujɛm
zvyšujú	zviʃujuː
zvyšujúc	zviʃujuːts
zvyšujúci	zviʃujuːtsi
zvyší	zviʃiː
zvádzať	zvɑːdzac
zváč	zvɑːtʃ
zvážiť	zvɑːʒic
zvážnici	zvɑːʒɲitsi
zväz	zvæz
zväzkov	zvɛzkɔv
zväzok	zvɛzok
zväzok	zvɛzɔk
zväzový	zvɛzɔviː
zväčša	zvɛtʃa
zväčšenina	zvɛtʃtʃɛɲina
zväčšiť	zvɛtʃic
zväčšovať	zvɛtʃɔvac
zvíťaziť	zviːcazic
zvíťazí	zviːcaziː
zvý	zviː
zvýrazniť	zviːrazɲic
zvýsiť	zviːsic
zvýš	zviːʃ
zvýšenie	zviːʃɛɲiɛ
zvýšeniu	zviːʃɛɲiu
zvýšenou	zviːʃɛnɔu
zvýšená	zviːʃɛnaː
zvýšený	zviːʃɛniː
zvýšený	zvˈiːʃaniː
zvýšeným	zviːʃɛniːm
zvýšia	zviːʃia
zvýšil	zviːʃil
zvýšila	tsʋiːʃɪla
zvýšili	zviːʃiɫi
zvýšim	zviːʃim
zvýšiť	zviːʃic
zvýšok	zviːʃɔk
zvŕta	zvrːta
zwangs	zvangs
zx	zks
zygonov	zigɔnɔv
zyklon	ziklɔn
zykov	zikɔv
zyšok	ziʃɔk
zábava	zabava
zábava	zaːbava
zábavnou	zaːbavnɔu
zábavné	zaːbavnɛː
zábavného	zaːbavnɛːhɔ
zábavní	zabavnɛ
zábavný	zaːbavniː
zábavu	zaːbavu
zábavy	zaːbavi
záber	zaːbɛr
záblesk	zaːblɛsk
zábleskom	zaːblɛskɔm
zábradlie	zaːbradliɛ
zábrana	zaːbrana
záchod	zaːxɔd
záchod	zaːxɔt
záchoda	zaːxɔda
záchody	zaːxɔdi
záchrana	zaxrana
záchrana	zaːxrana
záchranného	zaxranɛːɦɔ
záchranný	zaːxranniː
záchranu	zaːxranu
záchranár	zaːxranaːr
záchvat	zaːxvat
záclony	zatsɔnɨ
zádušná	zaːduʃnaː
zádušný	zaduʃniː
záhada	zaːɦada
záhadný	zaːɦadniː
záhon	zaːhom
záhorie	zaːɦorɪjɛ
záhrada	zaːɦrada
záhrade	zaːɦraɟɛ
záhradka	zaːɦratka
záhradkárstve	zaːhradkaːrstvɛ
záhradník	zaːɦradɲiːk
záhradný	zaːhraːdniː
záhradný	zaːɦradniː
záhradu	zaːɦradu
záhrady	zɑːɦrɑdi
záhreb	zaːɦrɛb
záhumní	zaːɦumɲiː
zájazd	zaːjazd
zájazdov	zaːjazdɔv
zájdete	zaːjɟɛcɛ
zájdeš	zaːjɟɛʃ
zájsť	zaːjsc
zákaz	zaːkaz
zákazka	zaːkazka
zákazník	zaːkazniːk
zákazník	zaːkazɲiːk
zákazníkom	zaːkazniːkɔm
zákazníkov	zaːkazɲikɔv
zákerná	zaːkɛrnaː
zákerný	zaːkɛrniː
základ	zaklat
základ	zaːklad
základe	zɑːklaɟɛ
základni	zaːkladɲi
základné	zaːkladnɛː
základný	zaːkɫadniː
základňa	zaːkladɲa
základňu	zaːkladɲu
záklon	zaklɔm
zákon	zaːkɔn
zákon	zaːrkɔn
zákona	zaːkɔna
zákonite	zaːkɔɲicɛ
zákonitosť	zakoniʒosc
zákonitosť	zaːkɔɲitɔsc
zákonmi	zaːkɔnmi
zákonník	zaːkɔnɲik
zákonný	zaːkɔnniː
zákonodarca	zaːkɔnɔdartsa
zákonodarný	zaːkɔnɔdarniː
zákonov	zaːkɔnɔv
zákony	zaːkɔni
zákony	zaːkɔnˈi
zákop	zaːrkɔp
zákrok	zaːkrɔk
zákruta	zaːkruta
zákruty	zaːkruːti
zákulisie	zaːkulisiɛ
zálesie	zaːlɛsiɛ
záletnica	zalɛtɲitsa
záletnícky	zaːlɛtɲitskɪ
záletom	zaːɫɔtɔm
záletu	zɑːlɑtu
záležať	zaːlɛʒac
záležistosť	zaːlɛʒitɔsc
záležitosti	zaːlɛʒitɔsci
záležitosť	zaːlɛʒɪtˈost
záležitosť	zaːʎɛʒitɔsc
záležitosťou	zaːlɛʒitɔscɔu
záleží	zaːlɛʒiː
záliv	zaliu
záliv	zaːliv
záloha	zaːlɔɦa
zálohu	zaːlɔɦu
záložný	zaːlɔʒniː
záložnými	zaːlɔʒniːmiː
zámeno	zɑːmɪnɔ
zámer	zɑːmɛr
zámerne	zaːmɛrɲɛ
zámerný	zaːmɛrniː
zámerom	zaːmɛrɔm
zámienka	zaːmiɛnka
zámka	zaːmka
zámku	zaːmku
zámok	zaːmɔk
zámorie	zaːmɔriɛ
zámorský	zaːmɔrskiː
zánik	zaːɲik
zánovný	zaːnɔmniː
zápach	zaːpax
západ	zaːpat
západka	zaːpatka
západnom	zaːpadnɔm
západný	zaːpadniː
západoeurópsky	zaːpadɔɛurɔːpski
západoslovenský	zaːpadoslovɛnskˈiː
západoslovenský	zaːpadɔslɔvɛnskiː
západu	zaːpadu
zápal	zaːpaɫ
zápalka	zaːpaɫka
zápalky	zaːpalki
zápas	zaːpas
zápas	zˈapas
zápase	zaːpasɛ
zápasiť	zaːpasic
zápasov	zaːpasɔv
zápasu	zaːpasu
zápcha	zaːpxa
zápis	zapis
zápis	zaːpis
zápisnica	zaːpisɲitsa
záplata	zaːplʲata
záplava	zaːpɫava
záporný	zaːpormi
záporný	zaːpɔrniː
záprah	zaːprax
zápražka	zaːprɛʃka
záps	zaːps
zápästie	zaːpɛsciɛ
zármutok	zɑrmutɔk
zárobkový	zaːrɔbkɔviː
zárobok	zaːrɔbɔk
zárodok	zaːrɔdɔk
zároveň	zaːrɔvɛɲ
záruka	zaːruka
záruka	zɑːrɔka
záruku	zaːruku
záručne	zaːrutɕɲɛ
zásada	zaːsada
zásadne	zaːsadɲɛ
zásadná	zaːsadnaː
zásadný	zaːsadniː
zásadným	zaːsadniːm
zásady	zaːsadi
zásady	zɑːsadi
zásah	zaːsax
zásahy	zaːsaɦi
zásielka	zaːsiɛɫka
zásluha	zaːsluɦa
zásluhou	zaːsluɦɔu
zásnuby	zasnubi
zásoba	zaːsɔba
zásobeným	zaːsɔbɛniːm
zásobník	zaːsɔbɲiːk
zásobou	zaːsɔbɔu
zásobovanie	zaːsɑbɔvɑɲiɛ
zásobovanie	zaːsɔbɔvaɲiɛ
zásobovať	zaːsɔbɔvac
zásoby	zaːsɔbi
zástanca	zaːstantsa
zástava	zaːstava
zástera	zastɛra
zásteru	zaːscɛru
zástup	zaːstup
zástupca	zastuptsa
zástupca	zaːstuptsa
zástupcom	zaːstuptsɔm
zástupcov	zaːstupˈtsau
zástupkyňa	zaːstupkiɲa
zásuvka	zaːsuvka
zátka	zaːtka
zátvorka	zaːtvrka
zátvorka	zaːtvɔrka
zátylok	zaːtilɔk
záujem	zaːujɛm
záujemca	zaːujɛmtsa
záujemkyňa	zaujɛmkiɲɛ
záujme	zaːujmɛ
záujmom	zaːujmɔm
záujmový	zaːujmɔviː
záujmu	zaːujmu
záujmy	zaːujmi
závada	zaːwada
závažného	zaːvaʒnɛːhɔ
závažný	zaːvaʒniː
závažný	zaːvaʒnɛː
závejom	zaːvɛjɔm
záver	zavɛr
záver	zaːvɛr
záverečnej	zaːvarɛtʃnɛj
záverečný	zaːvɛrɛtʃniː
záveru	zaːvɛru
záves	zaːvɛs
záves	zˈɑːvɛ
závesový	zaːvɛsovjiː
závesu	zaːvɛsu
závidia	zɑːviɟia
závidieť	zaːviɟiɛc
závierka	zaːviɛrka
závisieť	zaːvisiɛc
závislosť	zaːvislos
závislosť	zaːvislɔsc
závislý	zaːvisiɫiː
závislý	zaːvisliː
závisí	zaːvisiː
závisť	zaːʋisc
závlaha	zɑːblaɣa
závod	zaːvɔd
závoj	zaːvɔj
záväzný	zaːvɛzniː
záväzok	zaːvɛzɔk
závěje	zaːvjɛjɛ
zázemie	zaːzɛmiɛ
záznam	zaːznam
záznamu	zaːznamu
záznamy	zaːznami
zázrak	zaːzrak
zázraky	zaːzraki
zázračnicu	zaːzratʃɲitsu
zázračný	zaːzratʃniː
záľuba	zaːʎuba
záškrt	zˈaʃkrt
záštita	zaːʃcita
záťah	zaːtɕax
záťaž	zaːcaʒ
zážit	zaːʒit
zážitkom	zaːʒitkɔm
zážitky	zɑːʒitki
zážitok	zaːʒitɔk
zéland	zɛːɫand
zíde	ziːɟɛ
zídem	ziːɟɛm
zídu	ziːdu
získa	ziːska
získal	ziːskal
získala	ziːskala
získala	ziːskɑlɑ
získali	ziːskali
získam	ziːskam
získanie	ziːskaɲiɛ
získaný	ziːskani
získaný	ziːskaniː
získava	ziːskava
získavanie	ziːskavaɲiɛ
získavať	ziːskavac
získaš	ziːskaʃ
získať	ziːskac
zísť	ziːsc
zívanie	ziːvonjɛ
zívať	ziːvæk
zívol	ziːvɔl
zízkal	ziːzkal
zóna	zɔːna
zúfalo	zuːfalɔ
zúfalstvo	zufaɫstva
zúfalstvo	zuːfɑlstvɔ
zúfalý	zuːfaliː
zúrivo	zuːrivɔ
zúrivosť	zuːrivɔsc
zúrivý	zuːriviː
zúriť	zuːric
zúročiť	zuːrɔtʃit
zúčastnený	zuːtʃastɲɛniː
zúčastniť	zuːtʃasɲic
zúčastňovať	zuːtʃastɲɔvac
zúčtovanie	zutʃtɔvaɲiɛ
zúženie	zuwʒɛɲiɛ
zýskal	ziːskal
zýskam	ziːskam
zývať	ziːvac
zďakujeme	zɟɑkujɛmæɛ
zďaleka	zɟalɛka
zľahka	zʎaɦka
zľaknúť	zʎaknuːc
zľava	zʎava
zľava	zˈlʲava
zľavu	zʎavu
zžierať	zʒiɛrac
zžití	zʒitiː
zžiť	zʒic
á	a
á	aː
ábelová	aːbeʎoaː
ále	aːlɛ
áno	ano
áno	aːnɔ
áno	ɑːnɔ
ános	aːnɔs
árešt	aːrɛʃ
ária	ɑːrija
ária	ɑːɾiːɑ
árií	ɑːriiː
áron	aːrɔn
áut	aʊt
áut	aːut
ázia	aːzia
ázia	zia
ázijsky	aːzijski
ázijský	aːzijskiː
ázijský	ɑːziːskiː
áá	aː
áóäó	aːɔːɛɔː
áú	aːuː
áčka	aːtʃka
áčko	aːtʃkɔ
áčok	aːtʃɔk
ä	a
ä	ɛ
äŕ	ɛrː
é	ɛː
éra	ɛːra
ére	ɛːrɛ
í	iː
íl	io
ím	iːm
ír	ir
ír	iːr
írmi	iːrmi
írom	iːrɔm
írsko	irskɔ
írsko	iːrskɔ
írsku	iːrsku
írsky	irski
írsky	iːrski
írčina	irtʃina
ís	iːs
íst	iːst
ísť	iːsc
ó	ɔː
ódu	oːdu
ô	u
ô	uɔ
ô	uɔː
ôsmej	uɔsmɛj
ôsmich	osmix
ôsmy	uɔsmi
ôsmy	uˈɔsmi
ú	uː
úber	uber
úbohé	uːbɔɦɛː
úbohý	uːbɔɦiː
úbožiak	uːbɔʒiak
úbytok	uːbitɔk
úcta	uːtsta
úctou	uːtstɔu
úcty	uːtsti
úctyhodnom	uːtstihɔdnɔm
úctyhodný	uːtstihɔdniː
úd	uːd
údaj	uːdaj
údaje	uːdajɛ
údajne	uːdajɲɛ
údajný	uːdajniː
údajov	uːdajɔv
údel	uːɟɛl
úder	uːɟɛr
údery	uːɟɛri
údiv	uːɟiv
údolia	uːdɔɫia
údolie	udɔljɛ
údolie	uːdɔʎiɛ
údržba	uːdrʒba
údržbu	uːdrʒbu
údržby	uːdrʒbi
údržbár	ʊdrʃbaːr
úhrada	uːɦrada
úklon	oklon
úkon	uːkɔn
úkor	uːkɔr
úkryt	ukrit
úkryt	uːkrit
úloha	uɫoɦa
úloha	uːlɔɦa
úloha	uːɫɔha
úlohou	uːlɔɦɔu
úlohu	uːlɔɦu
úlohy	uːlɔɦi
úlomok	ɦuːlomok
úložisko	uːlɔʒyskɔ
úložné	uːlɔʒnɛː
úmrtie	uːmrciɛ
úmysel	omizɛl
úmysel	uːmisɛɫ
úmyselne	uːmisɛɫɲɛ
úmyselný	uːmisɛlniː
úmysle	uːmislɛ
úmysly	uːmisli
únava	uːnava
únia	uːnia
únie	uːniɛ
únik	uːɲik
únikom	uːɲikɔm
únos	uːnɔs
únosca	uːnɔstsa
úpadok	uːpadɔk
úpis	upis
úplatok	uːpɫatak
úplatok	uːpɫatɔk
úplet	uplɛt
úplne	uːpɫnæ
úplne	uːpɫɲɛ
úplná	uːpɫnaː
úplnú	uːpɫnuː
úplný	uːplniː
úplný	uːpɫniː
úporný	uːpɔrniː
úprava	uprava
úprava	uprova
úprava	uːprava
úpravy	upravi
úprimne	uːprimɲɛ
úprimnosť	uːprimnɔsc
úprimná	uːprimnaː
úprimný	uprɪmniː
úprimný	uːprimniː
úpätie	uːpɛciɛ
úrad	uːrad
úrad	uːrat
úrad	ʊrat
úradníckej	uːradɲiːtskɛj
úradníckou	uːradɲiːtskɔu
úradník	uːradɲik
úradný	uːradniː
úradu	uːradu
úradujúci	uːradujuːtsi
úrady	uːradi
úraz	uːraz
úroda	uɾɔda
úroda	uːrɔda
úrodný	uːrɔdniː
úrodný	ʊɾɔdniː
úrok	uːrɔk
úrokový	uːrɔkɔviː
úroveň	uːrɔvɛɲ
úrovne	uːrɔvɲɛ
úrovni	uːrɔvɲi
úryvok	uːrivɔk
úsek	uːsɛk
úsek	ɫusɛk
úseky	uːsɛki
úsečka	uɫsɛtʃka
úsilie	uːsiliɛ
úsmev	uːsmɛv
úsmevom	uːsmɛvɔm
úspech	uspɛx
úspech	uːspɛx
úspechom	uːspɛxɔm
úspechu	uːspɛxuː
úspechy	uːspɛxi
úspešne	uːspɛʃɲɛ
úspešnosť	uːspɛʃnɔsc
úspešnosť	uːspɛʃtʃnɔsc
úspešného	uːspɛʃnæɛːɦɔ
úspešnú	uːspɛʃnuː
úspešný	uːspɛʃniː
úspešných	uːspɛʃniːx
úspora	uːspɔra
úsporný	uːspɔrniː
úspory	uːspɔri
úst	uːst
ústa	uːsta
ústa	ˈusta
ústami	uːstami
ústav	uːstav
ústava	uɣstava
ústava	uːstava
ústave	uːstavɛ
ústavný	uːstavniː
ústavu	uːstavu
ústie	uːsciɛ
ústny	uːstni
ústredie	uːstrɛɟiɛ
ústredný	uːstrɛdniː
ústretový	uːstrɛtɔviː
ústrety	uːstrɛti
ústup	uːstup
ústupok	uːstupɔk
úsudok	uːsudɔk
úsvit	uːsvit
útecha	uːcɛxa
útek	uːcɛk
útekom	uːcɛkɔm
útekovej	uːcɛkɔvɛj
úteku	uːcɛku
útes	uːcɛs
útlak	uːtɫak
útlm	uːtɫm
útly	uːtɫi
útok	uːtok
útok	uːtɔk
útokov	uːtɔkɔv
útoku	uːtɔku
útočisko	uːtɔtʃiskɔ
útočište	ʊtɔtʃɪʃcɛ
útočiť	uːtɔtʃic
útočiť	uːtɔtʃit
útočník	uːtɔtʃɲiːk
útočný	uːtɔtʃniː
útroby	uːtrɔbi
útulku	uːtuɫku
útulok	uːtulɔk
útvar	uːtvar
úvaha	uːvaɦa
úvahy	uːvaɦi
úver	uːvɛr
úverový	uːvɛrɔviː
úvod	uːvɔd
úvode	uːvɔɟɛ
úvodný	uːvɔdniː
úväzok	uvɛzok
úväzok	uːvɛzɔk
úzadie	uːzaɟiɛ
územia	uːzɛmia
územie	uzɛmjɛ
územie	uːzɛmiɛ
územný	uːzɛmniː
území	uːzɛmi
území	uːzɛmiː
úzko	uːzkɔ
úzkosť	uːzkɔsc
úzky	uskj
úzky	uːski
účastník	uːtʃastniːk
účasť	uːtʃasc
účel	uːtʃɛɫ
účelový	uːtʃɛlɔviː
účely	uːtʃælj
účes	uːtʃɛs
účet	uːtʃɛt
účinkova	uːtʃinkɔva
účinkovanie	uːtʃinkɔvaɲiɛ
účinkovať	uːtʃinkovat
účinkovať	uːtʃinkɔvac
účinkujúci	utʃinkujuːtsi
účinne	uːtʃinɲɛ
účinnosť	utʃinɔsc
účinné	uːtʃinnɛː
účinný	uːtʃiniː
účinných	uːtʃinnɪːx
účinok	uːtʃinɔk
účtovanie	uːtʃtɔvaɲiɛ
účtovať	uːtʃtɔvac
účtovníctvo	uːtʃtovɲitsdvɔ
účtovníctvo	uːtʃtɔvɲiːtstvɔ
účtovník	utʂtɔvɲik
účtovný	uːtʃtɔvniː
účty	uːtʃti
úľava	uːʎava
úžas	uːʒas
úžasne	uːʒɑsɲɛ
úžasná	uːʒɑsnaː
úžasné	uːʒɑsnæː
úžasný	uːʒɑsniː
úžasných	uːʒɑsniːx
úžastné	uːʒasnɛː
úžitkový	uːʒitkɔviː
úžitok	uʒitak
úžitok	uːʒitɔk
ý	iː
č	tɨ
č	tʃ
ča	tʃa
čadca	tʃatsa
čaj	tʃa
čaj	tʃaj
čajka	tʃajka
čaju	tʃaju
čakaj	tʂakaj
čakaj	tʃakaj
čakajte	tʃakajcɛ
čakajú	tʃakajuː
čakal	tʃakaɫ
čakala	tʃakaɫa
čakali	tʃakɑli
čakanie	tʃakaɲiɛ
čakanie	tʃakɑɲiɛ
čakanka	tʃakɔnkɔ
čakať	tʃakac
čaká	tʃɑkɑː
čakám	tʃakaːm
čakáme	tʃakaːmɛ
čakáreň	tʃakɐrɛɲ
čakáte	tʃakaːcɛ
čakávať	tʃakava
čakáš	tʃakaːʃ
čalamáda	tʃalamaːdˈa
čarbať	tʃarbat
čardáš	tʃærdæʃ
čaro	tʃarɔ
čarodejnica	tʃarɔɟɛjɲitsa
čarodejnice	tʃarɔɟɛjɲitsɛ
čarokrásny	tʃarokraːsni
čarovný	tʃarɔvniː
čary	tʃari
čas	tʃas
čas	tʃɑs
čase	tʃɑsɛ
časoch	tʃasɔx
časom	tʃason
časom	tʃasɔm
časomerač	tʃasammɛraːtʃ
časopis	tʃasɔpis
časopis	tʃaːsapis
časopisu	tʃasɔpisu
časopisy	tʃasɔpisi
časov	tʃasɔv
časovo	tʃasɔvɔ
časovému	tʃasɔvɛːmu
časový	tʃasɔviː
častejšie	tʃascɛjʃiɛ
časti	tʃasci
časti	tʃastʃi
častica	tʃascitsa
často	tʃastɔ
častí	tʃasciː
častý	tʃastiː
času	tʃasu
časy	tʃasi
časť	tʃas
časť	tʃasc
časťe	tʃascɛ
časťou	tʃascɔu
čatár	tʃatara
čau	tʃau
čaute	tʃaucɛ
čaute	tʃau̯tsɪ
čaňa	tʃaɲa
čaša	tʃaʃa
čaša	ʃaʃa
čaše	tʃaʃɛ
čašník	tʃaʃɲik
čech	tʃɛx
čecha	tʃɛxa
ček	tʃɛk
čekneme	tʃɛkɲɛmɛ
čele	tʃɛla
čele	tʃɛlɛ
čelili	tʃlɪlɪ
čeliť	tʃɛlit
čeliť	tʃɛɫic
čelný	tʃɛlniː
čelným	tʃɛlniːm
čelo	tʃaɫo
čelo	tʃɛɫɔ
čelom	tʃɛlɔm
čelí	tʃɛliː
čepel	tʃɛpɛl
čer	tʃɛr
čerešne	tʃarɛsɲɛ
čerešňa	tʃarɛʃnʲa
čerešňa	tʃɛrɛʃɲa
čergov	tʃɛrgɔ
čerkac	tʃɛrkats
čerknuc	ʃɛrknʊds
černoch	tʃɛrnɔx
černošský	tʃɛrnɔʃskiː
čerpací	tʃɛrpatsiː
čerpací	tʃɛrpɑtsiː
čerpadlo	tʃɛrpadɫɔ
čerpadlo	tʃɛrpɑdɫɔ
čerpanie	tʃɛrpaɲiɛ
čerpanie	tʃɛrpɑɲiɛ
čerpať	tʃɛrpac
čerstvo	tʃɛrstvɔ
čerstvá	tʃɛrstvaː
čerstvé	tʃɛrstvɛː
čerstvý	tʃɛrstviː
čerstvý	tʃɛrstʁiː
čert	tʃɛr
čert	tʃɛrt
čerta	tʃɛrta
čertvieaký	tʃɛrdvjɛakiː
čertíka	tʃɛrciːka
červ	tʃɛrv
červami	tʃærvami
červenkavý	tʃɛrvɛnkɐvi
červeno	tʃɛrvɛnɔ
červenokrký	tʃɛrvɛnakrkiː
červenokrídly	tʃɛrvɛnɔkribli
červenonohý	tʃɛrvɛnanɔɦj
červená	tʃɛrvɛnaː
červené	tʃɛrvɛnɛː
červenú	tʃɛrvɛnuː
červený	tʃɛrvɛniː
červeným	tʃɛrvɛniːm
červienka	tɕɛrvjɛnka
červom	tʃɛrvɔm
červov	tʃɛrvɔv
česko	tʃɛskɔ
česko	tʃɛstko
česko-slovensko	tʃɛskoslovɛnskɔ
československo	tʃɛskɔsɫɔʋɛnskɔ
československý	tʃɛskɔsɫɔʋɛnskiː
česku	tʃɛsku
česky	tʃɛski
český	tʃɛskiː
českých	tʃɛskiːx
čestná	tʃɛstnaː
čestného	tʃɛstnɛːhɔ
čestný	tʃɛstniː
čestných	tʃɛstniːx
čestným	tʃɛstniːm
česť	tʃɛsc
čevapčiči	tʃɛvɛbtʃitʃi
čečensko	tʃɛtʃɛnskɔ
čečensko	tʃɛtʃɪnskɔ
čečenský	tʃɛtʃɛnskiː
čeľaď	tʃeɫaɟ
čeľusť	tʃɛlus
čeľusť	tʃɛʎusc
čeština	tʃɛʃcina
či	tʃi
čiam	tʃiam
čiampor	tʃiampɔr
čiapka	tʃiapka
čiapka	tʃɛapka
čiapočka	tʃiapɔtʃka
čiara	tʃiara
čiaru	tʃiaru
čias	tʃias
čiastka	tʃiastka
čiastkový	tʃiastkɔviː
čiastočne	tʃiastɔtʃɲɛ
čiastočnosť	tʃastɔtʃnɔsc
čiastočný	tʃiastɔtʃniː
čie	tʃijɛ
čie?	tʃɪ
čierna	tʃiɛrna
čierne	tʃiɛrnɛ
čierneho	tʃiɛrnɛhɔ
čierno	tʃiɛrnɔ
čiernobielych	tʃiɛrnɔbiɛlix
čiernohlavý	tʃirɲohlaviː
čiernokrídly	tʃirnokridli
čiernom	tʃiɛrnɔm
čiernu	tʃiɛrnu
čierny	tʃiɛrni
čile	tʃilɛ
čili	tʃili
čin	tʃin
čin	tʃˈeɪn
činiteľ	tʃiɲicɛʎ
činiť	tʃiɲic
činka	tʃinkau
činnostiam	tʃinnɔsciam
činnosť	tʃinnosc
činnosť	tʃinnɔsc
činný	tʃinniː
činný	tʃɪŋˌniː˧
činohra	tʃinɔɦra
činorodý	tʃinɔrɔdiː
činu	tʃinu
činy	tʃini
činčila	kɪntʃiɫa
čip	tʃip
čipka	kipkɑ
čipkovaný	tʃipkɔvˈaniː
čipsete	tʃipsɛcɛ
čistej	tʃistɛj
čistenie	tʃiscɛɲiɛ
čistiareň	tʃistʲiarɛɲ
čistinka	tʃɛstɕiŋka
čistiť	tʃiscic
čistiť	tʃistɪ
čistka	tʃistka
čisto	tʃistɔ
čistota	tʂistɔta
čistota	tʃistɔta
čistá	tʃistaː
čistá	tʃistɑː
čisté	tʃistɛː
čistý	tʃistiː
čistý	tʃiːstiː
čistý	tʃɪstiː
čistým	tʃistiːm
čitateľ	tʃitacɛʎ
čitateľský	tʃitacɛʎskiː
čičva	tʃitʃiva
čiňan	tʃiɲan
čišži	tʃiʃʒi
čiže	tʃiʒɛ
čiže	tʃɛʃe
čižma	tʃiʒma
čkavka	tʃkavka
čkový	tʃkɔviː
člen	slˈɛn
člen	tʃlɛn
členenie	tʃlɛɲɛɲiɛ
členitá	tʃlɛnita
členka	tʃɫɛnka
členkou	tʃlɛnkɔʋ
členmi	tʃɫɛnmi
členný	tʃɫɛnniː
členok	tʃlɛnɔk
členok	tʃoˈɛnok
členom	tʃɫɛnɔm
členov	tʃɫɛnɔʋ
členovia	tʃɫɛnɔvia
členskom	tʃlɛnskɔm
členský	tʃɫɛnskiː
členskými	tʃɫɛnskiːmi
členstvo	tʃɫɛnstvɔ
čln	tʃɫn
člny	tʃɫni
človek	tʃlovɛk
človek	tʃlɔvɛk
človek	tʃɫɔʋɛk
človeka	tʃɫɔvɛka
človeka	tʃɫɔʋɛkɑ
človekom	tʃɫɔʋɛkɔm
človeku	tʃɫɔʋɛku
človeče	tʃɫɔʋɛtʃɛ
človiečik	tʃɫɔviɛtʃik
článku	tʃɫaːnku
článok	tʃlaːnɔk
článok	tʃɫaːnɔk
čmeliak	tʃmɛljɛk
čmud	tʃmu
čo	tʃa
čo	tʃo
čo	tʃɔ
čoby	tʃɔbi
čoho	tʃɔɦɔ
čoko	tʃɔkɔ
čokoláda	tʃɔkɔɫaːda
čokoládové	tʃɔkɔɫaːdɔvɛː
čokoládu	tʃɔkɔɫaːdu
čokoľvek	tʃɔkɔʎvɛk
čom	tʃɔm
čomu	tʃɔmu
čoraz	tʃɔras
čorík	tʃorik
čosi	tʃɔsi
čoskor	tʃɔskɔr
čoskoro	tʃɔskɔrɔ
čože	tʃɔʒɛ
čožee	tʃɔʒɛ
čr	tʃr
črep	tʃrɛp
črepina	tʃarepina
črevo	tʃrɛvɔ
črta	tʃrta
črtať	tʃrtac
čsfr	tʃsfr
čsr	tʃsr
čssr	tʃssr
čuch	tʃux
čuch	ʈʂux
čuchač	tʃuxatʃ
čudaja	tʃudaja
čudne	tʃudɲɛ
čudné	tʃudnɛː
čudný	tʃudni
čudný	tʃudniː
čudoval	tʃudɔvɑl
čudovať	tʃudɔvac
čudujem	tʃudujɛm
čudák	tʃudaːk
čudák	tʃudɑk
čulý	tʃuliː
čumel	tʃumˈɛl
čumíš	tʃumiːʃ
čurák	tʃuraːk
čurákovský	tʃuraːkɔvskiː
čuvač	tʃuvatʃ
čučoriedka	tʃutʃorɛtka
čučoriedka	tʃutʃɔriɛdka
čučoriedky	tʃutʃarietki
čuš	tʃuʃ
čvrtý	tʃvrtiː
čávo	tʃaːvɔ
čé	tʃɛː
čí	tʃiː
číkoľvek	tʃiːkɔlʲvɛk
čím	tʃiːm
čína	tʃiːna
číne	tʃiːɲɛ
čínsky	tʃiːnski
číny	tʃiːni
číre	tʃiːrɛ
číry	tʃiːri
čísi	tʃizi
čískej	tʃiːskɛj
čísla	tʃiːsɫa
čísle	tʃiːslɛ
číslo	tʃiːsɫɔ
číslom	tʃiːsɫɔm
číslovka	tʃiːsloːka
číst	tʃiːst
číta	tʃita
číta	tʃiːta
čítajú	tʃiːtajˈu
čítal	tʃiːtɑl
čítala	tʃiːtɑɫɑ
čítam	tʃitan
čítam	tʃiːtɑm
čítame	tʃiːtɑːmɛ
čítanie	tʃiːtɑɲiɛ
čítanka	tʃiːtˈæŋkə
čítaním	tʃiːtɑɲiːm
čítaný	tʃiːtanɛ
čítate	tʃitate
čítavať	tʃitava
čítaš	tʃiːtaʃ
čítaš	tʃiːtɛ
čítať	tʃitat
čítať	tʃiːtac
číňan	tʃiːnan
číňan	tʃiːɲan
číňania	tʃiːɲaɲia
číňanka	tʃiɲanka
číž	tʃˈiːʒ
čúrať	tʃuːrɑt
čľup	tʃlɛp
ď	ɟ
ďakovať	ɟakɔvac
ďakujem	dʑakujɛm
ďakujem	ɟakujɛm
ďakujem	ɟɑkujɛm
ďakujeme	ɟɑkujɛmæ
ďalej	ɟalɛi
ďalej	ɟɑlɛj
ďaleko	ɟalɛkˈo
ďaleko	ɟɑlɛkɔ
ďalekohľad	ɟalɛkɔɦʎat
ďalekohľadu	ɟalɛkɔhʎadu
ďalekom	ɟalɛkɔm
ďaleký	ɟalɛkiː
ďalšej	ɟaɫʃɛj
ďalšia	ɟɑɫʃia
ďalšie	ɟalʃiɛ
ďalšie	ɟɑɫʃiɛ
ďalšieho	ɟɑlʃiɛɦɔ
ďalšiemu	ɟalʃiɛmu
ďalšiu	ɟaɫʃiu
ďalšom	ɟaɫʃɔm
ďalšou	ɟalʃɔu
ďalší	ɟalʃi
ďalší	ɟaɫʃiː
ďalších	ɟaɫʃiːx
ďalším	ɟaɫʃiːm
ďateľ	ɟacɛʎ
ďaľší	ɟaʎʃiː
ďábel	ɟaːbɛl
ĺ	lː
ľ	ʎ
ľabtuška	lʲaptuʂka
ľad	ʎat
ľadom	ʎadɔm
ľadovec	lʲadovet
ľadovec	ʎadɔvɛts
ľadový	ladovi
ľadový	ʎadɔviː
ľadu	ʎadu
ľahko	ʎaxkɔ
ľahkosť	ʎaɦkɔsc
ľahká	ʎaxkaː
ľahké	ʎaxkɛː
ľahký	ʎaxkiː
ľahni	ʎaɦɲi
ľahnúť	ʎaɦnuːc
ľahostajnosť	ʎaɦɔstajnɔsc
ľahostajný	ʎaɦɔstajniː
ľahšie	ʎaxʃiɛ
ľan	ɫam
ľanový	lanovi
ľavica	ʎavitsa
ľavicové	ʎavitsɔvɛː
ľavicový	ʎavitsɔviː
ľavá	ʎavaː
ľavé	ʎavɛː
ľavý	ʎaviː
ľem	lɛm
ľitadlo	nitadlɔ
ľubochňa	lʲuboxɲa
ľubovoľný	ʎubɔvɔʎniː
ľubovňa	lʲubovɲa
ľubovňa	ʎubɔvɲa
ľud	ʎud
ľudia	ʎuɟia
ľudia	ʎuɟiɑ
ľudovec	ʎudɔvɛts
ľudové	ʎudɔvɛː
ľudovít	ʎʊdɔʋit
ľudový	ʎudɔviː
ľudskej	ʎudskɛj
ľudskosť	ʎudskɔsc
ľudskou	ʎudskɔu
ľudská	ʎudskaː
ľudské	ʎudskɛː
ľudského	ʎudskɛːhɔ
ľudskú	ʎudskuː
ľudský	ʎudskiː
ľudských	ʎudskiːx
ľudstva	ʎudstva
ľudstvo	ʎudstvɔ
ľudu	ʎudu
ľudí	ʎuɟiː
ľutovať	ʎutɔvac
ľutujem	ʎutujɛm
ľuďmi	ʎuɟmi
ľuďoch	ʎuɟɔx
ľuďom	ʎuɟɔm
ľúbim	ʎuːbim
ľúbiš	ʎuːbiʃ
ľúbiť	ʎuːbic
ľúbostný	ʎuːbɔstniː
ľúto	ʎʊːtɔ
ľútosť	ljutɔsc
ľútosť	ʎuːtɔsc
ň	ɲ
ňe	ɲe
ňestoj	ɲestɔj
ňom	ɲoʊm
ňou	ɲoʊu
ňu	ɲʊ
ňujork	ɲujɔrk
ňujorku	ɲujɔrku
ňuyorský	ɲujɔrskiː
ňújorku	ɲuːjɔrku
ŕ	rː
říci	rʒɪːtsɪ
říkej	rʒikɛj
š	ʃ
šabat	ʃabat
šablu	ʃablu
šach	ʃax
šachom	ʃaxɔm
šachový	ʂaxɔviː
šachový	ʃaxɔviː
šachta	ʃaxta
šajbu	ʃajbu
šalamúnske	salamuŋskɛ
šalie	ʂa˥˥ljɛ˨˩˦
šalát	ʃaɫaːt
šaman	samɑn
šampanské	ʃampanskɛː
šampanské	ʃamplanske
šampionát	ʃampionaːt
šampión	ʃampiɔːn
šampón	ʃampɔn
šanca	ʃantsa
šance	ʃantsɛ
šancu	ʃɑntsu
šanovlivo	sanovlˈivo
šanovlivý	ʃanɔvlivi
šantíš	ʃanciːʃ
šarana	ʃarana
šariš	ʃariʃ
šariš	ʃæɾiːʃ
šarišský	ʃariʃskiː
šarm	ʃarm
šarvátka	sarvaːtka
šatka	tʃatka
šatka	ʃatka
šatkový	satkoviː
šatni	ʃatɲi
šatníkom	ʃatniːkɔm
šatníky	ʃatɲiːki
šatov	ʃatɔv
šatstvo	ʂatstɔ
šatu	ʃatu
šaty	ʃati
šaty	ʃatɨ
šatňa	ʃataɲa
šatňa	ʃatɲa
šaľa	ʃala
šaľene	ʃalɛnɛ
šaľo	ʃaʎɔ
šaňec	ʃaɲets
šaškovať	ʃaʃkɔvatɕ
šaškárňa	ʃaʃkaːrɲːa
šašovstvo	ʃaʃau̯stivo
še	ʂɛ
šedivý	ʃadivˈi
šedivý	ʃɛɟiviː
šedzela	ʃadzæɫɑ
šedzi	ʃɛˈzi
šedá	ʃɛdaː
šedák	ʃˈɛdɑːk
šedý	ʃadˈiː
šedý	ʃɛdiː
šejkoch	ʃɛjkɔx
šejku	ʃɛjku
šek	ʃɛk
šekových	ʃɛkɔviːx
šeno	ʃano
šepkať	ʃɛpkac
šepoty	ʃɛpɔti
šeptom	ʃɛptɔm
šera	ʃɛra
šerbľik	ʃærblik
šerif	ʃɛri
šerif	ʃɛrif
šero	tʃɛro
šest	ʃɛst
šestice	ʂɛstitsɛ
šestka	ʃɛstka
šestnástka	ʃɛstnaːstka
šestnásť	ʃɛstnaːsc
šestnásť	ʃɛstnˈaːsc
šestra	kʂɛstra
šestry	tʃɛstri
šesták	ʃɛstɑːk
šesť	ʃɛsc
šesť	ʃɛst
šesťdesiat	ʃɛscɟɛsiat
šesťdesiatich	ʃɛscɟɛsiatix
šesťdesiaty	ʃɛscɟɛsiati
šesťdesiatych	ʃɛscɟɛsiatix
šetrenie	ʃɛtrɛɲiɛ
šetriť	ʃɛtric
šev	ʃɛv
šialenec	ʃialɛɲɛts
šialenec	ʃiɛlɛɲɛts
šialenstvo	ʃialɛnstvɔ
šialená	ʃialɛnɑː
šialené	ʃialɛnɛː
šialení	ʃialɛniː
šialený	ʃialɛniː
šiat	ʃiat
šibe	ʃibɛ
šibnutý	ʃɨbnudɨ
šich	ʃix
šicke	tʃitskæ
šicko	tʃɪtsko
šidzem	ʃuʲtsɛm
šidzemsto	ʂɨtszɛmstɔ
šiel	ʃiɛɫ
šiestej	ʃiɛstɛj
šiestich	ʃiɛscix
šiestimi	ʃiɛscimi
šiesty	ʃieste
šiesty	ʃiɛsti
šifoner	ʃifoneːr
šifra	ʃifra
šikmý	tʃikniː
šikovne	ʃikɔvɲɛ
šikovné	ʃikɔvnɛː
šikovný	ʃikɔvniː
šimpanz	ʃimpans
široko	ʃirɔkɔ
širokú	ʃirɔkuː
široký	ʃirokiː
široký	ʃɪɾɔkk
širšia	ʃirʃia
širší	ʃɛrʃi
šiška	tʃiʃka
šiť	ʃic
šiť	ʃˈit
šk	ʃk
škandinávsky	ʃkandinɑːvski
škandál	ʃkandaːɫ
škaredou	ʃkarɛdɔu
škaredy	ʃkarɛdi
škaredá	ʃkarɛdaː
škaredý	ʃkarɛdiː
škatuľa	ʃkatuʎa
škatuľka	ʃkatuʎka
škoda	ʂkɔda
škoda	ʃkɔda
škodami	ʃkɔdami
škodiť	ʃkɔdik
škodiť	ʃkɔɟic
škodlivý	ʃkɔdliviː
škodlivých	ʃkɔdliviːx
škody	ʃkɔdi
škola	ʃkɔla
škola	ʃkɔɫa
škole	ʃkɔɫɛ
školenie	ʃkɔlɛɲiɛ
školiť	ʃkɔlik
školné	ʃkɔlnɛː
školou	ʃkɔɫɔu
školskej	ʃkɔɫskɛj
školskom	ʃkɔɫskɔm
školský	ʃkɔlskiː
školstvo	ʃkɔɫstvɔ
školu	ʃkɔɫu
školy	ʃkɔli
školách	ʃkɔɫaːx
školáci	ʃkɔɫaːtsi
školák	ʃkɔɫaːk
školáka	ʃkɔɫaːka
škorpión	ʃkɔrpion
škorpión	ʃkɔrpiɔːn
škovránok	ʃkɔfraːnɔk
škp	ʃkkp
škrabanec	ʃkrabaɲɛts
škrabeš	ʃkrabɛʃ
škrata	ʃkɾata
škrečok	ʃkrɛtʃak
škrečok	ʃkrɛtʃɔk
škriatok	ʃkɾiatɔk
škrtať	ʃkrtac
škrtnúť	ʃkrtnuːc
škrípe	ʃkˈriːpɛ
škvrna	ʃkvrna
škvrnitý	ʃkvrnʲitɨ
škála	ʃkaːɫa
škótsko	ʃkɔːtskɔ
škótsku	ʃkɔːtsku
škótsky	ʃkɔːtski
škôl	ʃkuɔɫ
škôlka	ʃkuɔɫka
šla	ʃla
šli	ʃli
šlo	ʃlɔ
šláger	flaːgɛr
šláger	ʃlaːgɛr
šmarený	ʃmarɛniː
šmaty	ʃmatˈe
šmece	ɕmɛtsɛ
šmej	ʃmej
šmišna	ʃmɪʃnɒ
šmyk	ʃumˈik
šnurok	ʃnurɑk
šnúra	ʃnuːra
šofér	ʃɔfɛːr
šoférovať	ʃɔfɛːrɔvac
šoféruj	ʃɔfɛɾɔi
šok	ʃɒk
šok	ʃɔk
šokov	ʃɔkɔv
šokovaný	ʃɔkɔvaniː
šokovať	ʃɔkɔvac
šokovú	ʃɔkɔvuː
šoku	ʃɔku
šokujem	ʃɔkujɛm
šokujúci	ʃɔkujuːtsi
šop	ʃɔp
šope	ʃɔpɛ
šor	ʃɒɾ
šou	ʃɔu
šou	ʃɔː
šošovica	ʂaʂɔvitsa
špagety	ʃpagɛti
špajdľa	ʃpajdlʲa
špajza	ʃpajza
špajza	ʃpajzʲa
španiel	ʃpaɲiɛɫ
španielska	ʃpaɲiɛɫska
španielsko	ʃpaɲioɫskɔ
španielsko	ʃpaɲiɛlskɔ
španielsko	ʃpaɲiɛɫskɔ
španielsky	ʃpaɲiɛlski
špargľa	ʃparglʲɛ
špatne	ʃpatnʲa
špecialista	ʃpɛtsialista
špecialita	ʃpɛtsialita
špecializovaný	ʃpɛtsializɔvaniː
špecializovať	ʃpɛtsializɔvac
špecializuje	ʃpɛtsializujɛ
špecializácia	ʃpɛtsializaːtsia
špecializácii	ʃpɛtsiaːlizaːtsiː
špecifický	ʃpɛtsifitskiː
špecifikum	ʃpɛtsifikum
špeciál	ʃpɛtsiaːɫ
špeciálne	ʃpɛtsiaːlɲɛ
špeciálnej	ʃpɛtsiaːlnɛj
špeciálnu	ʃpɛtsiaːlnu
špeciálny	ʃpɛtsiaːlj
špeciálny	ʃpɛtsiaːlni
špeciálnych	ʃpɛtsiaːlnix
špekulant	ʃpɛkulant
špekulovať	ʃpɛkulɔvac
špekulácia	ʃpɛkulaːtsia
špenát	ʃpenˈɑd
špenát	ʃpɛnaːt
šperhák	ʃperhɑk
šperk	ʃpɛrk
šperkovnica	ʂpɛrkɔvɲitsa
šperky	ʃpɛrki
špic	ʃpˈɪts
špica	ʃpitsa
špicu	ʃpitsu
špina	spina
špina	ʃpina
špinavá	ʃpinavaː
špinavé	ʃpinavɛː
špinavý	ʃpinaviː
špinavší	ʃpinatʃi
špiniť	ʃpʲinʲit
špinu	ʃpinu
špirituál	ʃpˌiɾituˈaɫ
špirála	ʃpˈirɑːlɑ
špitaľ	ʃpˌɪtˈaʎ
špión	ʃpiɔːn
špičiek	ʃpitʃiɛk
špička	ʃpitʃka
špičková	ʃpitʃkɔvɑː
špičkový	ʃpitʃkɔviː
špičku	ʃpitʃku
šplhanie	ʃpɔɦaniɛ
šplhový	ʃpɔɦɔviː
šport	ʃpɔrt
športami	ʃportami
športe	ʃporcɛ
športovali	ʃpɔrtɔvali
športovať	ʃpɔrtɔvac
športovcom	ʃportɔvtsɔm
športovec	ʃpɔrtɔvɛts
športovkyňa	ʃpɔrtɔvkiɲa
športovo	ʃpɔrtɔvɔ
športové	ʃpɔrtɔvɛː
športový	ʃpɔrtɔviː
športu	ʃpɔrtu
športy	ʃporti
šprint	spɾint
šprint	ʃprint
šprintéra	ʃprintera
šprintérky	ʃprintertɪ
špunt	punt
špurte	ʃpʊrkæ
špíl	ʃpiːl
šrot	ʃrɔt
šrotovať	ʃrɔtɔʋɑt
šroub	ʃrɔub
šrubky	ʃrubki
štachytky	ʃtaxjitkɪ
štadión	ʃtadiɔːn
štafeta	ʃtafɛta
štamgast	ʃtˈamgazt
štamgasti	ʃtamgasʲtsʲi
štamperlík	ʃtampɛnliːk
štandard	ʃtandard
štandardný	ʃtandardniː
štandardu	ʃtandardu
štart	ʃtart
štartovaciu	ʃtartɔvatsiu
štartovať	ʃtartɔvac
štartu	ʃtartu
štarty	ʃtarti
štartér	ʃtartɛːr
štastným	ʃtastniːm
štatistický	ʃtatistitskiː
štatistika	statistika
štatistika	ʃtatistika
štatistík	ʃtatistiːk
štatutárny	ʃtatutɑːrni
štatút	ʃtatuːt
štb	ʃtb
štedrejší	ʃcɛdrɛjʃiː
štedrá	ʃcɛdraː
štedré	ʃcɛːdrɛː
štedrý	ʃcɛdriː
štedrý	ʃtɛdrɪ
štefan	ʃtɛfãn
štefánik	ʃtɛfaːni
štekliť	ʃtɛklitsʲ
šteniatko	ʃcɛɲiatkɔ
štetina	ʃtɛtʲiˈɲa
štetka	ʃcɛtka
števko	ʂtɛɫkɔ
števo	ʂtɨvɔ
števček	ʃtɛfˈtʃɛk
šteňa	ʃcɛɲa
štiavnica	ʃciɑvɲitsa
štiavnica	ʃtˈijavɲitsa
štipec	ʃtipɛts
štipendium	ʃtipɛndium
štipendium	ʃtipɛndɪjum
štipka	ʃcipka
štipko	ʃtɕipko
štk	ʃtk
štof	ʃtof
štokholm	ʃtɔkhɔɫm
štokholmský	ʃtˈokhɔɫmskiː
štrajk	strajk
štrajk	ʃtrajk
štrajkokaz	fʃtrajkɔkas
štrajkovať	ʃtraːjkɔvac
štrajky	ʃtrajki
štrasburg	ʃtrasburg
štrba	ʃtrba
štrecha	trɛxa
štrk	ʃtrɯ̞k
štrkáč	ʃtrkaːtʃ
štrkáč	ʃtɾkatʃ
štrnásty	ʃtrnaːsti
štrnásť	ʃtrnaːsc
štrnásť	ʃtɾnɑːst
štrpka	ʃtɾpka
štrukturálny	ʃtrukturaːɫni
štruktúra	ʃtruktuːra
študent	ʃtudɛnt
študenti	ʃtudɛnci
študentka	ʃtudɛntka
študentom	ʃtudɛntɔm
študentov	ʃtudɛntɔv
študentský	ʃtudɛntskiː
študijný	ʃtudijniː
študoval	ʃtudɔvɑl
študoval	ʃtɨdoval
študovala	ʃtudɔvɑlɑ
študovali	ʃtudɔvɑli
študovaný	ʃtˈødɔvˌaniː
študovať	ʃtudɔvɑc
študuj	ʃtɨdʊj
študujete	ʃtudujɛcɛ
študujú	ʃtudujuː
študíjny	ʃtudiːjni
štuple	ʃtuplɛ
štveme	ʃtvɛmɛ
štvete	ʃtvɛcɛ
štvorca	tʃtvortsa
štvorcový	fʃtvortsoviː
štvorcový	ʃtvɔrtsɔviː
štvorhra	ʃtvɔrhra
štvorica	ʃtvɔritsa
štvorizbový	ʃtɔrɪzbɔviː
štvorka	ʃtvɔrka
štvorlístok	tfɔrliːstɔk
štvorročný	ʃtvɔrrɔtʃniː
štvorákov	ʃtvɔraːkɔv
štvrtej	ʃtvrtɛj
štvrti	ʃtvrti
štvrtina	ʃtvrcina
štvrtine	ʃtvrciɲɛ
štvrtkový	ʃtvrtkɔviː
štvrtok	ʃtvrtɔk
štvrtok	ʃtvɛrtok
štvrtá	ʃtvrtaː
štvrté	ʃtvrtɛː
štvrtý	tʃtvrtiː
štvrtý	ʃtvrtiː
štvrtým	ʃtvrtiːm
štvrť	ʃtvrt
štvrťfinále	ʃtvrcfinaːɫɛ
štvrťfinálový	ʃtvrcfinaːɫɔviː
štvrťrok	ʃtvrcrɔk
štyri	ʃtiri
štyria	ʃtirja
štyridsať	ʃtiridsac
štyridsať	ʃtiritsæt
štyridsiaty	ʃtiridsiati
štyrikrát	ʃtirikrɑːt
štyrmi	ʃtirmi
štyroch	ʃtirɔx
štáb	ʃtab
štáb	ʃtaːb
štábny	ʃtabli
štádiu	ʃtaːdiu
štádium	ʃtadɪum
štádium	ʃtaːdium
štádium	ʃtɑːdium
štát	ʃtaːt
štáte	ʃtaːcɛ
štátmi	ʃtaːtmi
štátna	ʃtaːtna
štátne	ʃtɑːtnɛ
štátnej	ʃtaːtnɛj
štátnik	ʃtaːtɲik
štátnosť	ʃtaːtnɔsc
štátnu	ʃtaːtnu
štátny	ʃtaːtni
štátnym	ʃtaːtnim
štátoch	ʃtaːtɔx
štátom	ʃtaːtɔm
štátov	ʃtaːtɔv
štátu	ʃtatu
štátu	ʃtaːtu
štíhly	ʃtiːɦli
štít	ʃtiːt
štít	ʃtˈid
štítový	ʃtiːtɔviː
štítu	ʃtiːtu
štôla	ʃtwɔɫɑ
štúdia	ʃtuːdia
štúdio	ʃtuːdiɔ
štúdiu	ʃtuːdiu
štúdium	ʃtudium
štúdium	ʃtuːdium
štúdií	ʃtuːdiː
štúrať	ʃtuːrac
štúriť	ʃtuːric
štúrovo	ʃtuːrɔvɔ
štýl	ʃtiːl
štýle	ʃtiːlɛ
šuflatka	ʂuflatka
šukať	ʃukac
šum	ʃum
šunka	ʃunka
šup	ʃup
šupina	ʃupina
šupka	ʃupka
šupy	ʃupi
šurany	ʃuraɫɪ
šušľanie	ʂuʂlɛɲiɛ
švagor	ʃvagɔr
švajčiar	ʃvajtʃiar
švajčiar	ʃvajtʃjɛr
švajčiarsko	ʃvajtʃiarskɔ
švajčiarsky	ʃvajtʃiarski
švanda	ʃvanda
švinčik	tʃvinˈtʃik
švorc	ʃvˈɔrts
švu	ʃvu
švábovi	ʃvaːbɔvi
švéd	ʃvɛːt
švédsko	ʃvɛːdskɔ
švédsku	ʃveːdsku
švédsky	ʃvɛːtski
šál	ʃaːlˈa
šálka	ʃalka
šálka	ʃaːɫka
šálku	ʃaːɫku
šálom	ʃaːɫɔm
šéf	ʃɛːf
šéfa	ʃɛːfa
šéfe	ʃɛːfɛ
šéfka	ʃɛːfka
šéfom	ʃɛːfɔm
šéfredaktor	ʃɛːfrɛdaktɔr
šílený	ʃiːlɛniː
šíp	ʃiː
šíp	ʃiːp
šípu	ʃiːpu
šípy	ʃiːpi
šírave	ʃiːravɛ
šírenie	ʃiːrɛɲiɛ
šírením	ʃiːrɛniːm
šírený	ʃiːrɛniː
šíriť	ʃiːric
šírka	ʃiːrka
šírku	ʃiːrku
šíry	ʃiːri
ščac	ʃtʃats
šľachta	ʃʎaxta
šľachti	ʃlɛxti
šľachtic	ʃʎaxcits
šľachticky	ʃlaxditski
šľachtický	ʃʎaxcitskiː
šľahanie	ʃlaɦanɛ
šľaka	ʃʎaka
šťastia	ʃcɑscɪa
šťastie	ʃcasciɛ
šťastie	ʃcɑscɪɛ
šťastne	ʃcɑstɲɛ
šťastná	ʃcastnaː
šťastné	ʃcasnɛː
šťastné	ʃcastnɛː
šťastní	ʃcastniː
šťastnú	ʃcastnuː
šťastný	ʃcastniː
šťastných	ʃcastniːx
šťastným	ʃcastniːm
šťastím	ʃcasciːm
šťava	ʃcava
ť	c
ťa	cɑ
ťa	ta
ťah	caɦ
ťahač	jɑhɑtʃ
ťahať	caɦac
ťahá	caɦaː
ťap	cap
ťarcha	carxa
ťava	cava
ťažba	caʒba
ťaženie	caʒɛɲiɛ
ťažisko	caʒiskɔ
ťažiť	caʒic
ťažko	caʒkɔ
ťažkom	caʒkɔm
ťažkosť	caʒkɔsc
ťažká	caʒkɑː
ťažké	caʒkɛː
ťažké	cɑʒkɛː
ťažkú	caʒkuː
ťažký	caʃkiː
ťažký	caʒkiː
ťažkých	caʒkiːx
ťažšie	caʒʃiɛ
ťedať	cɛdɑc
ťeolo	cɛɔlɔ
ťhej	chɛj
ťom	cɔm
ž	ʒ
ž	ʒˈɛ
žaba	ʒaba
žabiatko	ʐabjadkɔ
žaby	ʒabi
žabí	ʒabi
žaket	akˈɛt
žalm	ʒaɫm
žaloba	ʒaɫɔba
žalobca	ʒaɫɔbtsa
žalobu	ʒaɫɔbu
žalovať	ʒaɫovat
žalovať	ʒaɫɔvac
žaluzie	ʒaluziɛ
žalúdku	ʒaɫuːdku
žalúdok	ʒaɫuːdɔk
žalúdok	ʒɑːɫuːwdɔk
žalúdočný	ʒɑɫudutʃniː
žandár	ʒandaːr
žart	ʒart
žart	ʒˈaɾt
žartoval	ʒartɔval
žartovať	ʒartɔvac
žartujem	ʒartujɛm
žartuješ	ʒartujɛʃ
žatva	ʒatva
žať	ʒac
žať	ʒˈɑt
žbrnda	ʃbrɛnda
že	ʐɛ
že	ʒe
že	ʒɛ
že	ʒˈɛ
žeby	ʒɛbi
žedla	tʃɛdla
žehlenie	ʒɛhlɛɲjɛ
žehlil	ʒɛɦlil
žehlička	ʒɛɦlitsʃka
žehliť	ʒɛhlʲi
žehlí	ʒɛhliː
žehnaj	ʒɛhnaj
žehnám	ʒɛhnaːm
žejs	ʒˈɛjs
žejsc	ʒˈeɪs
želajú	ʒɛɫɑjuː
želali	ʒɛlaːli
želanie	ʒɛɫanʲe
želanie	ʒɛɫaɲiɛ
želaniu	ʒɛɫaɲiu
želatína	ʒɛlatɪna
želatínou	ʒɛɫatiːnɔu
želať	ʒɛlat
želať	ʒɛɫac
železa	ʒɛlɛza
železiareň	ʒɛlɛziarɛɲ
železnica	ʒɛlɛzɲitsa
železničiar	ʒɛlɛzɲitʃiar
železničný	ʒɛlɛzɲitʃniː
železničný	ʒɛlɛzɲitʃnɪ
železný	ʒɛlɛzniː
železo	ʒɛʎɛzɔ
želiarsky	ʒʲɛljarskʲi
želiezovce	ʒʲɛɫjɛzˈou̯tsɛ
želá	ʒɛɫɑː
želám	ʒɛɫɑːm
želáme	ʒɛɫɑːmɛ
želáte	ʒɛɫɑːcɛ
želáš	ʒɛɫɑːʃ
želé	ʒʃlɛ
žeme	ʒɛmɛ
žemľa	ʒɛmlɛ
žena	ʒena
žena	ʒɛna
ženami	ʒɛnami
ženami	ʒɛnɑmɛ
ženatý	ʒɛnatiː
ženatý	ʒɛnatʲiː
žene	ʒɛnʲ
žene	ʒɛɲɛ
ženeva	ʒɛnɛva
ženiť	ʒɛɲic
ženou	ʒanau
ženou	ʒɛnɔu
ženská	ʒɛnskɑː
ženské	ʒɛnskɛː
ženskú	ʒɛnskuː
ženský	ʒɛnskiː
ženských	ʒɛnskiːx
ženskými	ʒɛnskiːmi
ženu	ʒɛnu
ženu	ʒˈɛnˈɔ̃
ženy	ʒene
ženy	ʒɛni
ženách	ʒɛnaːx
ženám	ʒɛnaːm
ženích	ʒanʲix
ženích	ʒɛɲiːx
žeravom	ʒɛravɔm
žerete	ʒɛrɛcɛ
žereš	ʒɛrɛʃ
žeriav	ʒɛriau
žerú	ʒɛruː
žeľena	ʒalɛna
žiacky	ʒiɑtski
žiada	ʒiɑda
žiadal	ʒiɑdal
žiadam	ʒiɑdam
žiadateľ	ʒiɑdacɛʎ
žiadať	ʒiɑdac
žiaden	ʒiɑdɛɲ
žiadna	ʒiɑdna
žiadne	ʒiɑɟɲɛ
žiadneho	ʒiɑdnɛho
žiadnej	ʒiɑdnɛj
žiadni	ʒiɑdni
žiadnom	ʒiɑdnɔm
žiadnu	ʒiɑdnu
žiadny	ʒiɑdɲi
žiadnych	ʒiɑdnix
žiadostivosť	ʒadɔstivɔsc
žiadosť	ʒiɑdɔsc
žiadosť	ʒʲadɔsc
žiadúce	ʒiɑduːtsɛ
žiak	ʒiak
žiar	ʒiɑr
žiara	gjara
žiara	ʒiɑra
žiarenie	ʒiarɛɲiɛ
žiarivý	ʒiɑriviː
žiariť	ʒiɑric
žiarlivosť	ʒiarlivɔsc
žiarlivá	ʒiarlivaa
žiarovka	ʒiarɔvka
žiačka	ʒiɑtʃka
žiaľ	ʒiɑʎ
žic	ʃut
žid	dʒit
žid	ʒit
židia	ʒiɟiɑ
židoboľševický	ʒiɟɔbɔlʃɛʋitskiː
židoboľševizmus	ʒidobɔʃɛvˈɪzmʊs
židom	ʒidɔm
židov	ʒidɔv
židovský	ʒidɔvskiː
žien	ʒiɛn
žihadlo	ʒiːɦadlo
žije	ʒiɪɛ
žijem	ʒiɪɛm
žijeme	ʒiɪɛmæɛ
žijete	ʒijɛcɛ
žiješ	ʒiɪɛʃ
žijú	ʒijuː
žijúci	ʒijuːtsi
žil	ʒiɫ
žila	ʒiɫa
žile	ʒilɛ
žili	ʒiɫi
žilina	ʒilina
žiline	ʒiɫiɲɛ
žilinská	ʒiɫinskɑː
žilinský	ʑʲiɫinskiː
žilinský	ʒilinskiː
žiliny	ʒiɫini
žilka	ʒiɫkɑ
žilkom	ʒiɫkɔm
žilku	ʒiɫku
žily	ʒili
žimno	ʒimnɛ
žirafa	ʒirafa
žitný	ʒʲitnʲe
žito	ʒɪta
živa	ˈaʒiva
žive	ʒivɛ
živel	ʒivɛw
živel	ʒivɛɫ
živelný	ʒivɛɫniː
živiť	ʒivic
živnostenský	ʒivnɔscɛnskiː
živnostník	ʒivnɔstɲiːk
živnosť	ʒivnɔsc
živo	ʒivɔ
život	ʒivɔt
života	ʒivɔtɑ
živote	ʒivɔcɛ
životnom	ʒivɔtnɔm
životnosť	ʒivɔtnɔsc
životné	ʒivɔtnɛː
životného	ʒivɔtnɛːhɔ
životnú	ʒivɔtnuː
životný	ʒivɔtniː
životom	ʒivɔtɔm
životopis	ʒivɔtɔpis
životopismi	ʒivɔtɔpismi
životosprávu	ʒivɔtɔspraːvu
životov	ʒivɔtɔv
životu	ʒivɔtu
životy	ʒivɔti
živočích	ʒivɔtʃiːx
živočíšny	ʒivɔtʃiːʃni
živá	ʒivɑː
živé	ʒivɛː
živého	ʒivɛːɦɔ
živí	ʒiviː
živý	ʒiviː
živých	ʒiviːx
žiť	ʒic
žlna	ʒɫna
žltkastotemenný	ʒɛtkastɔcɛmɛnniː
žltá	ʒɫtɑː
žltú	ʒɫtuː
žltý	ʒɫtiː
žobrať	ʒobrɛ
žobrák	ʒɔbrɑːk
žralok	ʒralɔk
žralok	ʒrɛɫo
žraloky	ʒralɔki
žreb	ʒrɛb
žrebovanie	ʒrɛbɔvaɲiɛ
žriebä	ʒriɛbɛ
žrď	ʒrɟ
žsr	ʒsr
žubrienky	ʒubljˈenki
župa	ʒupa
župan	ʒupaɲ
župana	ʒuːpana
župný	ʒupniː
žurnalista	ʒurnalista
žurnalista	ʒuɾnalisata
žurnalistika	ʒurnalistika
žurnál	ʒurnaːɫ
žurnál	ʒuɾnal
žutujem	ʒutujɛm
žuvačka	ʒuvatʃka
žuvačky	ʒuvatʃki
žvásty	ʃvastɛ
žádný	ʒaːdnɪː
žáner	ʒaːnɛr
žívý	ʒiːviː
žĺtko	ʐɛtkɔ
žľaza	ʒlaza
žľaza	ʒʎaza
osemdesiat	ɔsɛmɟɛsiat
päťdesiat	pɛcɟɛsiat
sedemdesiat	sɛɟɛmɟɛsiat
nie	ɲiɛ
bratislava	bracislava
deväťdesiat	ɟɛvɛcɟɛsiat
sedem	sɛɟɛm
deväť	ɟɛvɛc
šesť	ʃɛsc
deväťsto	ɟɛvɛcstɔ
tisíc	cisiːts
tisíce	cisiːtsɛ
ste	scɛ
kde	kɟɛ
môžete	muɔʒɛcɛ
však	fʃak
bude	buɟɛ
sprvne	sprvɲɛ
devätnásť	ɟɛvɛtnaːsc
sedemsto	sɛɟɛmstɔ
