cәғәт	sɛʁɛt
hабанай	abanaj
hатай	ɦɑtɑj
hаҡ	hɑq
аба	abɑ
абажур	ɑbɑzuɾ
абажурлы	ɑbäʒwrɫä
абазин	abazʲin
абайдулла	ɑbɑjðuɫːɑ
абайлабыраҡ	əbɑjɫæbərɑq
абайлап	abajlap
абайлаған	qɑpɑjɫɑʁɑn
абайлылыҡ	ɑbɑjlɑɫɯ̞q
абайһыҙ	ɑːbɑjhɯ̞ð
абау	abau
абағалы	ɑbɑʁɑɫæ
абаҡ	bɑq
аббат	abbat
аббатиса	abatisa
аббатлыҡ	æpbätɫɯ̞q
абдан	æbdɑːn
абдразаҡ	abdrɑsɑq
абдрафиҡ	abdrɑfiq
абдрахман	apdˈrˈæxmɑn
абдул	ɑbdɔl
абдулбарый	æbduɫbwɾɯ̞j
абдулбасир	ɑbduɫbaziɾ
абдулкәбир	ɑbdɯ̞ɫkæbʲir
абдулла	ɑbdullɑ
абдулла	ɑbduɫːɑ
абдулманнаф	ɑbdɯlmɑnnaf
абдулмәлик	ɑbdɯ̞ɫmæ̹lʲɪk
абдулмөкмин	ɑbdʊlmɪ̞kmʲin
абдулнасир	ɑβdɯ̞ɫnɑsi̯r
абдулсаттар	ɑbdɑɫsɑtːɑɾ
абдулхәй	ɑbdɯ̞ɫχæj
абдуләмин	abzulɛmʲen
абзал	abzɑl
абордаж	abɔrdaʒ
абортив	abortiv
абразив	abrazʲiv
абрар	abraɾ
абрикос	abrikos
абрис	apris
абруй	abruːj
абруй	ɑbruj
абруйлы	ɑbɾojɫɯ̞
абруйлылыҡ	ɑpɾwjɫɑɫɯ̞q
абруйһыҙҙыҡ	ɑbɾujhʊ̞ðːɑq
абсабир	ɑˈpsɑbʲir
абстракт	apstrɑkt
абстрактлашыу	apstrɑktɫɑʃʊ̞u
абсурд	ɑbsuɾt
абсурдлыҡ	äpsuɾtɫɯ̞k
абсцесс	apstsɛs
абсәләм	ɦɑpsɛlɛm
абубәкер	ɑbɯ̞ðɛkɪ̞r
абунасы	aˈbunasɯ
абусаттар	æbɯ̞ɫsɑtːär
абуталип	abutˈalˈip
абушахман	æbʊ̞ʂäχmɑn
абхаз	ɑpˈkʰaz
абы	ɑbɑ
абыз	ɑbɯz
абызгилде	abɯzgildɛ
абылай	ɑbɫäj
абынһа	qɑpɯ̞nhæ
абыстай	ɑbɯ̞stɑj
абыстай	ɑβɯ̞stɑj
абҙар	ɑðˈðɑr
абҙаҡ	qɑbðaq
авангардсы	ɑwɑngɑrtʃʊ̞
аванпорт	ɑwɑnpɔrt
аванпост	ɑwɑnpost
аванс	avɑːns
авансланыу	avanzlɑnɯ̞w
авансцена	avanzstsɛna
авар	ɑbɑɾ
август	ɑlˈgust
авиабилет	ɑvjabilɛt
авиаклуб	aːvjakɫub
авиапарк	avjapark
аврал	abrɑl
австралия	äfsträlʲijä
автобаза	aftabaza
автобус	afto̞bus
автогараж	afˈtɔgaɾaʒ
автограф	ɑfˈtɔgɾˈɑf
автокар	afˈtˈokar
автокран	aftɔkɾan
автократ	awtokrɑt
автократик	ɑftɑkrɑtik
автол	afˈtɑl
автолавка	aftɑɫɑfkɑ
автоматлаштырыу	ɑwtomɑtɫɑʃtɯ̞rɯ̞w
автоматлашыу	ɑvtɑmɑtɫɑʂɯ̞w
автоматлашҡан	ɑftɑmɑtɫɑʃqɑn
автомобилизм	ˌɐftumˌɐbˌilˈizm
автономиялы	äftänomʲijäɫɯ̞
автор	ɑftɔr
авторитар	afˈtɔrɪtɑr
авторлаштырылған	ɑwtʊ̞rɫɑʂtʊ̞rɯ̞ɫʁæn
авторҙаш	aftɯˈɾðɑʃ
автотуризм	ɑftɑtˈurizm
автотүңәрәк	aftɔtʏŋɛrɛk
автохужалыҡ	ɑfðʊ̞χuʒɑɫɯ̞q
автошин	aftɔʃin
автоюл	ɑftɔjoɫ
агава	agava
агентлыҡ	ɑgəntɫɯ̞q
агентура	agɛntura
агитатор	agitatɾ
агитаторлыҡ	ɑgitätɯ̞rɫʊ̞q
агитмасса	agɪtmasˈsa
агитплакат	agitpɫakat
аграр	agrar
аграрсы	ægɾärsæ
агроном	agrʊˈnɔm
агросара	agrosara
агул	agʊɫ
адажио	adaʒio
адвокат	advokat
адекватлыҡ	ɑðɪ̞kwɑtɫɯ̞q
аджар	atʃaɾ
административ	adminʲistratˈif
администратор	administratɔr
адмирал	admʲirɑɫ
адрес	adrɛs
адрес	ädrʲɪs
адресант	adresant
адресат	ɑdrɪsat
адреслау	adrɪslɑw
ажар	ɑʒlɑɾ
аждаһа	ɑʐdɑhɑ
ажур	aʒur
аз	ɑːz
азамат	ɑzɑmɑt
азамат	ʊ̞zɑmɑt
азатлыҡ	ɑzɑtlɯ̞k
азимут	azimut
азия	äzʲijä
азия	äzʲiʲä
азов	azof
азот	azot
ай	qɑj
ай	ɑj
айбар	ɑjbɑɾ
айбарс	ajbɑrs
айбат	ɑjbat
айбаҡты	ɑjbaqtɯ̞
айбиб	ajbip
айбикә	æjbʲikːæ
айбулат	ɑjbuɫɑt
айва	ɑjva
айгиз	ojgiz
айгизә	ajɣizɛ
айгизәр	ɑjgʲizær
айгөл	äjgʏ̞l
айдар	ʊ̞jdɑr
айдинә	æjdiːnæ
айзилә	ʔɑjzilɛ
айлина	ɑjˈɫɪnɑ
айлы	ɑjɫɑ
айлыҡ	ɑjɫɯ̞k
аймылыш	ɑjmɑɫɯ̞ʂ
айниса	aɪnisa
айнур	ajɫoɾ
айнур	ɑjnur
айнура	əjnora
айнури	ojnori
айнып	ajnɑp
айныҡ	ɑjnɯ̞q
айран	ajran
айрат	ɑjrɑt
айрат	ɑjɾɑt
айса	əjsˈa
айтуған	ɑjtuʁɑn
айтуған	ɑjtɯ̞ɫʁän
айша	aʃa
айшан	ˈɑsʃˈɑn
айшат	ai̯ʃat
айыл	pɑjɯ̞ɫ
айына	ɑjɯnla
айырма	ɑjɯ̞rmɑ
айырмалы	ɑjɯ̞rmɑɫæ
айырмаһыҙ	pɑjɯ̞rmähɯ̞ð
айырсалы	ɑjɯ̞rsʊ̞ɑɫɯ̞
айырым	ɑjɯ̞rəm
айырым	ɑjɯ̞ɾɯ̞m
айырымланыу	ɑjrɯ̞mɫɑnɯ̞w
айырымлыҡ	ɑjrɯ̞mɫɯ̞q
айырып	əjɯ̞rɑp
айырыуса	ɑjɯ̞rɯ̞wsɑ
айырыусы	ɑjɯ̞rɯ̞wsɑ
айыссыҡ	ɑjɯ̞sɯ̞q
айытбай	qɑjɯ̞tbɑj
айытнур	ɑjɯ̞tnʊ̞r
айыш	əjɯ̞ʃ
айыҡ	ɑjɯ̞q
айыҡҡан	qɑjɯ̞qqɑn
айға	ajɣa
айғолаҡ	ɑjʁʊ̞ɫɑq
айғыр	ɑjgɯ̞r
айғыр	ɑjʁɯ̞r
айҙан	ʊ̞jðɑn
айҙар	ɑjðɑr
айҙарһылыу	ɑjðɑrhɯ̞ɫoʊ
айҙаш	äjðär
айҙыл	ɑjðɑɫ
айҡанлы	ɑjqɑnlɑ
айҡау	əjqɑu
айҡашыу	ajkɑʃɯ̞w
айһай-мөрсәләй	ɑjhɑjmɪ̞rsæ̹læj
айһылыу	ɑjhɯ̞ɫɯ̞w
академизм	ˌɐkɐdɨmˈizm
академик	akadʲemʲik
академиклыҡ	ækadʲemʲikɫɯ̞q
акант	akant
аквамарин	akvämärjˈin
акванавт	ɑkvɑnaft
акварель	ɑkˈvɑrɪl
акведук	akvjduk
аккумулятор	akːumulatʊr
акрам	akram
акробат	akrɔbat
акробатизм	akrobatˈizm
акробатик	akrobatik
акробатика	akrobatika
аксиома	ækˈsiːɔmɑ
актив	aktˈif
активист	aptivjst
активлыҡ	ɑktʲifɫɯ̞k
актриса	aktrɪsa
актёр	aktʲɵr
акуа	akwa
акула	akuɫa
акустик	akustˈik
акустика	akustika
акушерка	akuʂɛrkɐ
акцент	aktsɛnt
акцепт	aktsɛpt
ал	ɑɫ
ала	ɑlɑ
ала-сыбар	ɑlɑsɯbaɾ
алабута	ɑɫɑbutɑ
алабуға	ɑlɑbuʁa
алабуға	ɑɫɑbuʁɑ
алайым	ɑɫaːjɯm
алайыҡ	bɑɫajɯ̞q
аларғансы	ɑɫɑrɢɑntsɯ̞
аласаҡ	ɑlɑsɑq
аласыҡ	ɑlɑsɯ̞q
алатуба	aɫatuba
алағай	ɑlɢɑj
алаҡ-шаҡалай	ɑɫɑqʃäqɑɫɑj
алаһы	ɑlɑhɑ
албания	ɑɫbɑnɪjɑ
албирмәҫ	ɑɫbɪrmæθ
алгебраик	alɣ̞ibraik
алдамай	pɑɫdɑmɑj
алдан	ɫdˈɑn
алданып	ɑɫdɑnɑp
алданған	ɑldɑnʁɑn
алдар	aldaɾ
алдараҡ	ɢɑldɑrɑq
алдарбай	aldɑrbɑj
алдарбатыр	ɑɫdɑrbatɯ̞r
алдатҡыс	ɑldætqɯ̞s
алдау	aldou̯
алдау	ɑɫdɑw
алдашмай	ɑldɑʃmaj
алдаштырып	ɑɫdæʃtɯ̞rɑp
алдашырға	ɑldæʂɯ̞rʁɑ
алдашыусы	ɑɫdɑʂɯɫsɯ̞
алдаған	ɑldaʁɑn
алдағы	ɑldɑʁɑ
алдаҡсы	ɑɫdɑqsɯ̞
алды	ɑɫdɑ
алдым	ɑɫdɯm
алдымда	ɑldɯ̞mdɑ
алдына	ɑldɯˈnɑ
алдында	ɑɫdɯnˈdɑ
алдынғы	ɑldɯ̞nʁɑ
алдынғы	ɑɫdɯ̞ŋɢɯ̞
алебастр	alʲibastər
алжир	alziɾ
алиби	ælbi
ализарин	alˈɪzərɪn
алимент	alimˈent
алйотланыу	ɑɫjɯ̞tɫɑnɯ̞w
алйырҙан	bɑɫjɯ̞rðɑn
алйырҙан	ɑɫjɯ̞rðɑn
алкаш	alkɑʃ
алкашка	alkɑʃka
алкоголизм	ˌɑlkugɐlˈizm
алла	alla
алла	ɑɫːɑ
аллалыҡ	bɑɫːɑlɯ̞q
аллам	ɑllɑm
аллаяр	ællæjɑr
аллағыуатов	ɑllɑʁɯwɑtɯ̞w
аллея	ɑllɑjɑ
алма	ɑlmɑ
алма	ɑɫmɑ
алмабикә	ɑɫmɑbʲikæ
алмагөл	ɑɫmɑgɪ̞l
алмай	ɑɫmaj
алмайым	ɑɫmɑjɯm
алмайынса	ɑɫmɑjɯnsɑ
алманы	ɑlmɑnɑ
алмас	ɑlmas
алмас	ɑɫmɑs
алмасбикә	ɑlmɑsdikæ
алмаслы	ɑɫmɑsɫɑ
алмау	qɑlmɑu
алмаусы	ɑɫmɑwˈzɯ
алмаусылыҡ	ɑlmɑlsɯlɯq
алмаш	ɑlmäʂ
алмаш	ɑɫmɑʂ
алмашаланыу	pɑɫmɑʂäɫänɯ̞w
алмашлау	ɑɫmɑʂlɑw̜
алмаштырыусы	ɑɫmɑʂtɯ̞rɯ̞ɫsʊ̞
алмашынырға	ɑlmɑʃʊ̞nɯ̞rʁɑ
алмашыныу	pɑɫmɑʂʊ̞nɯ̞w
алмашыныусан	ɑɫmɑʂɯ̞nɯ̞ɫsɑn
алмаясаҡ	qɑlmɑjɑsɑq
алмаған	ɑlmɑʁɑn
алмағанлыҡ	ɑlmɑʁɑnliq
алмағас	ɑɫmɑʁɑz
алмағас	ɑɫmɑʁ̞ɑs
алмаҡай	ɑlmɑqɑj
алмаҫтай	almɑstˈɑj
алой	ˌɐloj
алсапҡы	ɑlsɑpqɑ
алсаҡ	qɑlsɑq
алсаҡлыҡ	ɑlsɑqlɯz
алсын	aɫsɑn
алсынбай	ɑlsɑnbɑj
алсынғужа	ɑlsɯ̞nʁuʒɑ
алтай	altɑi̠
алтау	ɑɫtaw
алтмыштағы	ɑɫtmɯ̞ʁtɑʁɯ̞
алты	ɑltæ
алты	ɑɫtɯ̞
алтын	ɑɫtɯ̞n
алтынбаныу	ɑɫtɑnbɑnɯ̞w
алтынбикә	altɯ̞ŋbʲekæ
алтынсура	altɯnsʊ̞rɑ
алтынсы	ɑɫtɑnsɯ̞
алтынға	ɑltɯ̞nʁɑ
алтынғужа	ɑltɯ̞nʁuzɑ
алтынҡай	ɑltɯ̞nqɑj
алфавит	alfaβ̞it̪
алъяпҡыс	ɑɫjɑpqɯ̞s
алы	ɑˈɫɯˈ
алым	ɑˈlɯm
алын	ɑ̃ɫən
алынмалы	caːlɯnmalɯ̞
алынмау	ɑlɪnmɑwˈ
алынырға	ɑɫənɯ̞rʁɑ
алынған	ɑˈlɯnˈʁɑn
алынғыс	ɑɫɯ̞ŋɢɯ̞s
алыпбатыр	ɑɫɯ̞pbtɯ̞r
алыпһатар	ɑɫɑphætɑr
алырмын	äɫɯ̞rmɑn
алырҙай	ɑɫɯ̞rɯ̞ðˈɑj
алыштырырға	ɑlɯ̞ʃtɯ̞rɯ̞rʁɑ
алыштырыусы	ɑɫɯ̞ʂtɯ̞rɯ̞ɫsʊ̞
алыштырған	ɑ̃lɯ̞ʃtɯ̞rʁɑn
алышып	ɑlɑʃɯp
алыҫ	ɑɫɯ̞θ
алыҫайыу	ɑɫɯ̞sæjɯ̞w
альп	alp
альт	alt
альтруизм	altruʝizm
альфа	ælfæ
альянс	ɑɫjɑnʃ
алға	ɑlɢa
алға	ɑɫʁɑ
алғази	alˈɣazi
алған	ɑlʁɑn
алғандай	ɑlʁɑndɑj
алғанға	ɑlʁɑnʁɑ
алғас	ɑlɢas
алғы	ɑlɢæ
алғыш	ɑlɢɯ̞ʂ
алғышай	ɑɫɢæʃɑj
алҡа	ɑɫqɑ
алҡыш	ɑɫqɯ̞s
алҡыш	ɑɫqɯ̞ʂ
алҡышлау	ɑlqɯ̞ʂɫɑu
алһа	ɑlvˈa
алһыу	ɑɫhɯ̞w
алһыуланырға	hɑlhɯ̞wɫɑnʊ̞rʁɑ
амазонка	amazonka
амальгамалы	ämɑɫgämɑˈɫɯ̞
амальгамация	ɑmɑlgɑmɑtsɯjɑ
аман	aman
аманат	ɑmɑnɑt
аманбай	əmanbɑɪ
амангилде	ɑmɑngildɛ
амбар	ɑmbɑɾ
амбициялы	æmbʲitsɯjɑɫɯ̞
амбразура	ambɾasuɾa
амбулатор	ambulat̪or
амвон	amvon
амин	ɑmɪn
аммиак	ɑmmiʲɑk
аммиаклы	ɑmmiɑqɫɯ̞
амнистия	amnistia
аморф	ɑmʊrθ
аморфлыҡ	ɑmʊ̞rflɯ̞q
ампир	ɑŋpˈir
амплитуда	amplituda
амплуа	amploaɾ
амур	amuɾ
амфитеатр	amfiteatr
ана	pɔnɑ
анабиоз	ɑnɑbiːz
анаграмма	anagramma
анакреонтик	anakrɪontik
анализ	analiz
анализатор	anˈɑliˈzɑtɔr
анализлау	anɑlizlɑ
аналитик	ɑnɑɫitʲik
аналогик	anäɫɔgik
анальгин	anɑɫgɪn
ананас	ɑnɑnˈnɑs
анапест	anɑpest
анаплазмоз	anaplazmez
анархик	ənɑrχʲik
анатом	ɑnɑtɔm
анафора	ɢɑnafʊrɑ
ангажементлы	æŋgäʒɪ̞mʲentɫæ
ангар	ɑŋgɑr
ангидрит	aːngidɾit
ангина	ængʲina
англикан	anɣlikan
ангор	aŋgoɾ
андорра	ando̞ra
андорра	ando̞rːa
андыҙ	ɑndað
андыҙ	ɑndɯ̞ð
анилин	panilin
анималист	animalist
анимизм	animizm
анкер	ankiɾ
анналдар	ɑnaldɑr
анод	anot
аноним	anˈɑnim
анонс	anˈɔns
ант	nt̪
ант	ɑnt
антагонизм	antˌɐgɔnˈizm
антарктика	antɑrktɪkɑ
антенна	ɑnˈtɪnlɑ
антеннаһыҙ	ɑntɪ̞rnæhɯ̞ð
антиимпериалистик	antˈiɪmˈpˈeɾˈɪalˈistiˈk
антик	ɑntik
антиквар	ɑntikbar
антиквариат	antikvariat
антиклыҡ	ɑntʲikɫɯ̞q
антиматдә	ɑntimɑtdɑ
антимилитаризм	antˌimˌilˈitˈɐɾˈiːzɨm
антимилитарист	antjmilit̪aɾist
антимилитаристик	antimilitalistik
антипатия	antˈipˈatiˈɑ
антипод	antipot
антисемитизм	antjˈsimˈjˈtˈizm
антисептика	antjsɛptika
антитезис	antitezis
антифашист	antifaʃɪst
антраша	antɾaʃa
антропологик	ɐntrɐpɐlɐgjk
анфас	anfas
анфилада	anfɪlata
аныҡ	ɑnɯ̞q
аныҡланыу	ɑnɯ̞qɯ̞ɫɑnɯ̞w
аныҡлаусы	ɑnɑqɫɑwsɯ̞
аныҡһыҙлыҡ	ɑnɯ̞qhɯ̞ðɫɑq
анһат	ɔnhɑt
анһатлыҡ	ɢɑnhɑtɫɯ̞q
аорист	au̯rist
аорта	aorta
ап-асыҡ	ɑpɑsɯ̞q
ап-аҡ	æppäq
апай	aːpaj
апай	ɑpɑj
апартамент	apaɾt̪amẽn̪t̪
апарып	pɑpɑrɯ̞p
апарыр	apärər
апатит	apatˈit
апокриф	apokɾif
апокрифик	apokrɪfˈik
апорт	apɔɾt
аппарат	apɑrat
аппаратура	aparaˈtura
аппағым	æpɑʁɯ̞m
аппаҡ	æpːɑq
аптырарға	ɑpdʊ̞rɑrʁä
аптыратып	ɑptɪrɑtɯ̞p
аптыраулы	ɑptɪ̞rɑuɫʊ̞
аптыраған	ɑpdɯ̞rɑʁɑn
ар	ɑɾ
ара	ɑɾa
ара	ˈɑɾa
арабеска	arabʲetska
арабыҙҙа	rɑbɯ̞ðːa
аралау	ɑɾɑlɑu
аралаусы	ɑrɑɫɑɫsɯ̞
аралаш	ɑräɫɑs
аралашмай	ɑrɑlɑsmaj
аралашмау	ɑrɑɫɑrʂmɑu
аралаштырып	ɑrɑɫɑʂtɯ̞rɑp
аралашыу	ɑɾɑɫɑʃɯ̞w
аралыҡ	ɑrɑlɯ̞q
арамъяланыу	ɑrɑmjäɫänɯ̞w
арамъялыҡ	ɑrɑmjɑɫɯ̞q
аранжировкалау	aranʒiɾofkalau
арат	parat
арауыҡ	ɑrɑwɯ̞q
араҡы	ɑrɑqɯ̞
араһы	ɑrɑhɑ
араһынан	ɑrɑhɑnɑn
араһында	ɑrhɯ̞nda
арба	orba
арба	ɑrβɑ
арбалет	arbalʲet
арбаусы	ɑrbɑlsɯ̞
арбитр	arbitr
арбитраж	aɾβ̞jt̪ɾas
арго	argo
аргон	ärgɔn
арзан	ɑrðɑn
арзан	ɑɾzɑn
арзанайтыу	ɑrðənəjtɯ̞w
арзанайыу	qɑrzɑnäjɯ̞w
арзанлатыу	ɑrzɑnlɑtɯ̞w
арзанлы	ʊ̞rzɑnɫʊ̞
аристократ	aristokrat
арка	ɑrka
аркада	arkɑda
аркалы	ɑrqäɫɯ̞
арлекин	ɑrɫɪ̞kjɪn
арлекинада	arlʲekʲinʲada
армада	ɑrmɑːdɑ
арматура	armatura
арматуралау	ärmætʊ̞rɑɫɑu
арматурасы	ɑrməturaːsɯ̞
армыт	ɑrmɑt
арнай	ɑrnaj
арнау	arnau
арпа	arpa
арпа	ɑrpɑ
арпабатыр	ɑrpɑbatɯ̞r
арпалы	ɑrpɑɫɑ
арслан	ärslɑn
арсланбай	ärslænbɑj
арсланбикә	ɑrslɑnbʲekjæ
арсланбәк	ɑrˈsɫɑnbɛk
арслангәрәй	ärslængæræj
арт	ɑrt
арт	ɑːrtˈ
артабан	ɑrtɑβɑn
артабанға	ɑrtɑβɑnʁa
артабанғы	ɑrtɑbɑnʁɑ
артелсе	ɑrtʲilsɛ
артикул	ɑrtikul
артист	artist
артистизм	ɑɾtjsizm
артмаҡлау	ɑrtmɑqlɑw̜
артмаҡлы	ɑrtmɑqɫɑ
арттырылыусы	ɑrtˈtɯrɯ̞ɫɯ̞wsɯ̞
арттырып	ɑrtɯ̞rɯ̞p
артур	ɑɾtʊɾ
артылыш	ɑrtɯ̞ɫɯ̞ʂ
артын	ɑrtæn
артынан	ɑrtɑnɑn
артыусы	ɑrtɯ̞wːsɯ̞
артыш	ɑrtɯ̞rʂ
артыҡ	ɑrtɑq
артыҡ	ɑrtɯ̞q
артыҡһыныу	ɑrtɑqhɯ̞nɯ̞w
артҡа	ɑrtqäː
арфа	rfa
архангел	ärχäːngɪ̞ɫ
архив	ɑrxiv
архивариус	arxivarius
аршын	ɑrʂɑn
аршынлап	pɑrʂɯ̞nɫɑp
аръяҡ	ɑrjɑq
арымаған	ɑrəmɑʁɑn
арындырыу	ɑrɑndɯ̞rɯ̞w
арыны	ɑrɑnɯ̞
арып	ärap
арыраҡ	ɑrɑrɑq
арырға	ɑrɯ̞rʁäː
арыслан	ɑɾɯzlɑn
арысланбәк	ɑrɯzlɑnbæk
арыу	ɑrɑu
арыубикә	ɑrɯ̞wbʲikæ
арыусанлыҡ	ɑrɯ̞ɫsɑnɫɯ̞q
арыш	ɑrɯ̞ʂ
арыҫлан	ɑrɯ̞θɫɑn
арыҫланбәк	ɑrɯ̞tɫɑnbæk
арғужа	arʁuʒa
арғы	ɑrʁɑ
арғымаҡлы	ɑrɢɯ̞mɑqɫɑ
арҙаҡлау	ɑrðɑqlɑw
арҙаҡлы	ɑrðɑqɫæ
арҡа	ɑrqɑ
арҡан	qɑrqɑn
арҡан	ɑrqɑn
арҡанлау	ärqɑnlɑu
арҡаһында	arqɑhɯ̞ndɑ
арҡыры	ɑrqɯ̞rɑ
арҫылдау	ɑrsɯ̞ɫdæw
ас	ɑs
ас	ɔs
асадулла	ɑsɑdɔlla
асаланырға	ɑsɑblɑnɯ̞rʁɑ
асалаҡ	qɑsɑɫɑq
асанбай	ɑsɑnbɑɪ
асарбаҡты	ɑsɑrbaqtɯ̞
асептика	asɛptika
аскарид	æsgarit
аскарида	askarida
аскетлыҡ	ɑzkɪ̞tɫɯ̞q
асламша	ɑsɫɑmʃa
аслы-туҡлы	ɑsɫɯ̞tuqɫɯ̞
аслыҡ	ɑsɫɯ̞q
аслыҡ	ʊ̞sɫɯ̞q
асма	ɑːsmɑ
асмабикә	ɑsmɑbiːkæ
асмайса	asmajsɑ
асмалы	ɑsˈmɑɫæ
асмандияр	asmandiar
асмаҫҡа	ɑsmaθqɑ
аспид	ɑsˈbɪd
аспирант	ɑspʲirant
аспирантура	ɑspiɾantuɾa
аспиратор	ɑspiɾatɔr
аспирин	ɑspiɾiːn
асрар	ɑsˈrɑr
астигматизм	astigmatizm
астра	astɾa
астрофизика	astrofizika
астырмаҫ	ɑstɑrmɑθ
астырыу	ɑstʊrw
асфальт	ˈasfˌalt
асы	ɑsɯ̞
асы	ɑsˈɑ
асыл	aˈsɐl
асылбай	ɑsɯnbaj
асылды	äsʊ̞ɫdä
асылмалы	ɑsɯlmɑˈɫɑ
асылмаған	ʔasɪ̞ɫmɑʁɑn
асылъяр	ɑsɯ̞ɫjɑr
асылған	ʔasɪ̞lʁɑn
асырға	ɢɑsɯrɢa
асырғаныу	ɑsɯ̞rʁɑnʊ̞
асыу	ɑsɯ̞w
асыуландыр	ɑsɯwɫɑnˈdar
асыуландырыу	ɑsɯ̞uɫɑndɑrɯ̞w
асыуланыбыраҡ	ɑsʊ̞ɫɑnɯ̞bɯ̞rɑq
асыуланып	pɑsɯ̞uɫɑnɯ̞p
асыуланышыу	äsɯ̞uɫɑnäʂɯ̞w
асыусан	ɑsɯlsɑn
асығып	ɑsɯˈgɯp
асыҡ	ɑsɯ̞q
асыҡланырға	ɑsɑqlɑnɯ̞rʁɑ
асыҡланыу	ɑsɯ̞kɫɑnɯ̞w
асыҡланған	pɑsɯ̞qɫɑnʁɑn
асыҡлаусы	ɑsɯ̞qɫɑʊ̞sɯ̞
асҡан	ɑsˈqɑn
асҡар	ʊ̞sqɑr
асҡыс	bɑsqɯ̞s
асҡыс	ɑsqɯ̞s
ат	ɑt
ата	ɑtːa
ата-бабалар	ɑtɑbɑbɑɫɑr
ата-әсә	otɑɛsæ
ата-әсәләр	ɑtɑɛsɛlɛr
атаhы	ɑtɑhɯ̞
атавизм	aːtavizm
атай	ätäj
атай	ɑtɑj
атайһыҙ	ətæjhɯ̞ð
атака	ataka
атакалау	atakalau
аталандырыу	tɑɫɑndɯ̞rɯ̞w
атама	ɑtɑmɑ
атаман	pɑtɑmɑn
атаманлыҡ	pɑtɑmɑnɫɯ̞q
атанбай	əʈːanbəj
атанғол	ätänʁɑɫ
атау	atau
атаулла	ɑtɑwɯ̞ɫɑ
атаһы	ɑtɑɢɯ̞
атеист	ɑdɪist
атлай	atlaɪ
атламау	atlamau̯
атлантик	ɑtlɑntik
атлантика	ætlantika
атланыу	ɑtlænäu
атларға	qɑtlɑrʁɑ
атлау	pat̪lau
атлет	ɑtlʲɪt
атлетика	atlʲetika
атлы	ɑtˈɫɑ
атлығып	ɑtɫɯ̞ʁʊ̞w
атлыҡҡан	ɑtɫɯ̞qqɑn
атомизм	ɑtomizm
атомистик	atomistik
атрибут	atʁibˈut
атропин	atropin
атсабар	ɑtsɑbɑɾ
аттика	atːika
атты	ɑtːɑ
атылып	ɑtɑɫɯ̞p
атыусы	ɑtɯ̞ɫsɯ̞
атҡа	tɑtqɑ
атҡан	pɑtqɑn
атҡандай	qätqɑndɑj
атһын	bɑthɯ̞n
ау	ɑw
ау	ˈɑl
аулау	awlau
аулаусылыҡ	ɑwlɑɫsɯ̞ɫɯ̞q
аулаҡ	ɦɑulɑq
аулаҡлыҡ	ɑwlɑqlɯ̞q
аумау	awmɔu̯
аумаҡай	hɑʊmɑqɑj
аумаҡайланыу	ɑɫmɑqɑjˈɫɑnɯ̞w
аунап	aʊmɑp
аунарға	ɑunärɢa
аунатып	awnatɑp
аунатыу	au̯natɔu̯
аунаҡлау	ɑunɯ̞qɫɑu
аунаҡлыҡ	pɑwnɑqɫɯ̞q
аурупа	ɑwɾopɑ
аусаф	aʊsɑf
аусафкамал	aɫsæfkamɑl
аусы	aʊsɑ
аут	ɑˈvt
аухар	awχäɾ
аушан	aʃɑn
аушанлау	aɫʃanɫau̯
аушанлаҡ	hɑuʂɑnlɑq
ауыл	awˈl
ауыл	ɑwɯ̞ɫ
ауыл-ара	ɑwɯ̞ɫɑrɑ
ауылғаса	hɑwɯlʁɑsɑ
ауыр	au̯eɾ
ауырайыу	ɑuɾɑjɯw
ауырлашырға	hɑuɯ̞rɫäʂɯ̞rʁɑ
ауырлашыу	äuɯ̞rɯ̞ɫäʂɯ̞w
ауырлы	ɑuɯ̞rɫä
ауырлыҡ	hɑuɯ̞rɫɯ̞q
ауырмай	awɾmaj
ауыртмаһын	awɪ̞rtmɑhɯ̞n
ауыртыныу	aʊɪ̞rtʊ̞nɯ̞w
ауыртып	ɑwɯ̞rtɑp
ауыртҡас	aʋɯ̞rtqas
ауыртҡылау	ɑwɯ̞rtqäɫæw
ауырыбыраҡ	ɑuɯ̞rɯ̞bɯ̞rɫɑq
ауырыраҡ	ɑuɯ̞ʁɯ̞rɑq
ауырыу	ɑwɯ̞ɾɯ̞w
ауырыу	ɑwɾɯ̞w
ауырыулы	ɑuɯ̞rɯ̞uɫä
ауырыған	ɑwrɯ̞ɢɑn
ауырығас	ɑwrɯ̞ʁas
ауырға	ɑɫɪ̞ɾʁɑ
ауыш	awɑʃ
ауыҙ	ɑwɯ̞ð
ауыҙ-бит	ɑuɯ̞ðbʲit
ауыҙлылыҡ	ɑwɯ̞ðɫɑɫɯ̞q
ауыҡ-бүләк	ɑwɯ̞qbʏlæk
ауған	au̯ɣ̞an
ауҙарылмалы	hɑuðɑrɯ̞ɫmäɫɯ̞
ауҙарырға	ɑuðärɑrʁä
ауҙарыу	äuðärəw
ауһаҡ	ɑwhɑq
афарин	ɑfɑrʲïn
афера	afeɾa
афзал	ɑfzɑl
афиша	afiʃa
афористик	afɔristik
африка	aːfriˈkɑ
африкан	afriːkan
аффикс	aːfˈiks
афәт	afet
ахмаҡланырға	ɑqmɑqɫɑnʊ̞rʁä
ахун	ɑχuːn
ахунйән	ɑχuːnjˈæn
ахылдап	ɑχɪ̞ɫdɑp
ахыры	ɑχɯ̞rɯ̞
ахырызаман	ɑχɯ̞rɯ̞zɑmɑn
ахырғы	ɑχɪ̞ɾʁæ
аш	ɑʂ
аша	aʃa
аша	ɑʂɑ
ашай	aʃai
ашалып	ɑʂɑɫːɯ̞p
ашалған	äsɑɫɢän
ашамай	aʃɑmɑj
ашамаһа	ɑsɑmɑhɑ
ашамлыҡ	ɑʂɑnɫɯ̞q
ашамһаҡланыу	ɑʂɑnhɑqɫɑnɯ̞w
ашамһаҡлыҡ	ɑʂɑnhɑqɫɯ̞q
ашап	aʃop
ашарлыҡ	ɑʂɑɾɫɯ̞q
ашат	aʃat
ашатам	ɑsɑtɑm
ашатлау	aʃatlɑu
ашатмай	bɑʃatmɑj
ашатып	ɑʂɑtəp
ашатыу	aʃatɐu
ашау	pɔʂau̯
ашкаҙан	ɑʃqɑðɑn
ашлама	ɑʃɫama
ашланмаған	pɑʂɫɑnmɑʁɑn
ашланған	pɑʂɫɑnʁɑn
ашлы	ɑʂɫɑ
ашлыҡлы	ɑʂɫɯ̞qɫæ
ашмаған	ɑʃmɑˈgɑˈn
ашмаҫлыҡ	ɑʂmɑsɫɯ̞q
ашнаҡ	χäʃnɑq
аштырыу	ɑstɯ̞rɯ̞w
ашуғ	aʃuɢ
ашхана	ɑʂχɑnɑ
ашъяулыҡ	ɑsjɑuɫɯ̞q
ашъяулыҡ	ɑʂjɑwɫɯ̞q
ашыу	aʃo
ашыу	ɑʂɯ̞w
ашығырға	hɑʃɯ̞ʁɯ̞rʁä
ашығыңҡырау	ɑʂɯ̞ʁɯ̞nqɯ̞rɑu
ашыҡмайым	qɑʂɯ̞qmɑjɯ̞m
ашыҡманы	ɑʂɯ̞qmɑɫɯ̞
ашыҡтырыу	ɑʂɯ̞tɯ̞rɯ̞w
ашыҡтырыңҡырау	ɑʂɯ̞qtɯ̞rɯ̞nqɯ̞rɑu
ашыҡҡан	ɢɑʃɯ̞qqɑn
ашҡаҙан	aʃqɑðɑn
ашҡаҙан	ɑʂqɑðɑn
ашҡаҙаны	pɑʂqɑðɑnɯ̞
ашҡыныусы	ɑʂqɯ̞nɯ̞ʁsɯ̞
аюп	ajuːp
аяныс	ajɑnɯz
аят	ɑjɑt
аят	ɑjˈjɑt
аяулы	pajɑwˈɫɯ̞
аяусан	əjɑlsɑn
аяуһыҙ	ɑjɑwhɯ̞ð
аяғы	ʊ̞jɑʁɯ̞
аяҙ	ɑjɑð
аяҙғол	ɑjɑðʁɑl
аяҡ	ɑjɑq
аяҡландырыу	ɑjɑqlændɯ̞rɯ̞w
аяҡлы	ɑjɑqɫɑ
аяҡсы	ɑjɑqsɑ
ағай	ɑʁɑj
ағайрыҡ	äʁäjrɑq
ағайым	ɑɣɑjɯ̞m
ағартырға	ɑʁɑrtɯ̞rʁa
ағартҡансы	ɑʁɑrtqɑnsɯ
ағарырға	ɑʁɑɾɯ̞ŋʁä
ағарҙы	ɑʁɑrðä
ағас	ɑʁɑs
ағасаҡ	ɦɑʁɑsɑq
ағастағы	ɑʁɑstɑʁæ
ағзам	ɑqzɑm
ағиҙел	äʁɪ̈iðɪ̞l
ағыла	aqɯ̞ɫä
ағылырға	ɑʁɑɫɯ̞rʁɑ
ағым	ɑʁɯ̞m
ағын	ɑɢæn
ағыр	ɑgɯ̞r
ағыу	ɑʁɯ̞w
ағыуланыу	ɑʁɯ̞uðɑnɯ̞w
ағыуларға	ɑʁwɯ̞uɫɑrʁɑ
ағыусанлыҡ	ɑʁʊ̞ɫsɑnɫɯ̞q
ағыш	ɑʁɯ̞ʂ
ағыҙып	ɑʁɯ̞ðɑp
аҙ-маҙ	ɑðmɑð
аҙайтып	adajtɯ̞p
аҙан	ɑðɑn
аҙап	æðˈæp
аҙау	aðˈɑf
аҙаш	ɑðɑʂ
аҙаштырыу	ɑðɑʂtɑrɯ̞w
аҙағынаса	ɑðɑʁɯnɑsɑ
аҙаҡ	ɑðɑq
аҙаҡтан	pɑðäqtɑn
аҙаҡҡы	ɑðɑqqɑ
аҙаҡҡы	ɑðɑqːɯ̞
аҙбар	ɑðbɑɾ
аҙлап	ɦɑðɫɑp
аҙман	ɑːðmæn
аҙна	ɑðnɑ
аҙнабай	ʔaðnɑbaj
аҙнай	aznaj
аҙналыҡ	ɑðnɑɫɯ̞q
аҙналыҡ	ɑðɯ̞nɑɫɯ̞q
аҙнаш	aðnɑʃ
аҙнаҡай	ɑðɯ̞nɑqɑj
аҙым	ɑðɑm
аҙым	ɑðɯ̞m
аҙымлы	ɑðɯ̞mɫɑ
аҙыҡ	ɑðɯ̞q
аҙға	qɑðɢä
аҙған	ɑðʁɑn
аҙҙан	ɑðˈzɑn
аҡ	ɑq
аҡай	qɑqɑj
аҡайтыу	əqajtɯ̞w
аҡайған	ɑqɑjˈʁɑn
аҡбарс	aqbɑrs
аҡбаш	ɑkbɑʂ
аҡбулат	ɑqbwlɑt
аҡбулатов	ɑqbwɫɑtɯ̞w
аҡбур	ɑqbur
аҡбур	ɑqbɔr
аҡбуҙ	ɑqboð
аҡбуҙат	ɑqbuðɑt
аҡбуҙатлы	aqpuzɑtˈɫɯ
аҡегет	ɑqjɯ̞gɯ̞t
аҡкилде	ɑqkeɫdæ
аҡлан	ɑqɫɑn
аҡланырға	ɑqwɑŋɯ̞rʁä
аҡланыу	ækɫɑnɯ̞w
аҡлау	ɑqlɑu
аҡмал	aqmɑɫ
аҡморат	ɑqmɯ̞rɑt
аҡмулла	aqmullɑ
аҡмырҙин	ɑqmɯ̞rðiŋ
аҡрын	ɑqrɯ̞n
аҡрын	ɑqɯ̞rɯ̞n
аҡрынайтыу	ɑqɾɯ̞näjtɯ̞u
аҡрынлап	ɑqɯ̞rɯ̞nɫɑp
аҡрынлыҡ	ɑqɯ̞rɯ̞nɫɯ̞q
аҡрыныраҡ	ɑqrɯ̞nʊ̞rɑq
аҡса	qsɑ
аҡса	ɑqsɑ
аҡсалланыу	aqsɑllɑnɯ̞w
аҡсарлаҡ	ɑqsɑrlɑq
аҡсарлаҡ	ɑqsɑrɫɑq
аҡсаһыҙ	æqsahɯ̞ð
аҡсаһыҙҙыҡ	ɑqsɑhɯ̞ðːɑq
аҡсолтан	ɑqsɯ̞ɫtɑn
аҡсулпанов	aqsulpɑŋɯf
аҡсәсәк	aqsɛsɛk
аҡтамыр	ɑqtʊ̞mʊ̞r
аҡтарылыу	ɑqtärɯ̞ɫɯ̞
аҡтарыу	ɑqtäɾɯ̞w
аҡтуған	ʔɑqtuʁɑn
аҡты	ɑqtɑ
аҡтыҡҡы	ɑqtɯ̞qqæ
аҡш	ɑqɯ̞ʂ
аҡшайырға	ɑpʂɑjɯ̞rʁɑ
аҡъюл	ɑqjoɫ
аҡъюлай	ɑkjuɫäj
аҡъяр	ɑqjɑr
аҡыл	ɑqɯ̞ɫ
аҡылбай	ɑqɯ̞ɫbɑjɯ̞
аҡылландырыу	ɑqɯ̞ɫɑndɯ̞rɯ̞w
аҡыллы	ɑqɯ̞ɫːɯ̞
аҡыллыҡ	ɑqɯ̞nɫɯ̞q
аҡылы	ɑqɯ̞ɫæ
аҡылһыҙ	hɑqɯ̞ɫhɯ̞ð
аҡылһыҙлыҡ	ɑqɯ̞ɫhɯ̞ðɫɑq
аҡырайтыу	ɑqrɑjtɯ̞w
аҡырайыу	ɑqɯ̞ɾajɯ̞u
аҡырыусан	ɑqɯ̞ɾɯ̞ɫsɑn
аҡҡол	ɑqqɯ̞ɫ
аҡҡош	aqːɯ̞ʂ
аҡҡош	ɑqːʊ̞ʂ
аҡҡужа	ɑqɢoʐa
аҡҡужин	äqquʃiŋ
аҡһабыраҡ	ɑqhɑbrɑq
аҡһап	ˈɑqħap
аҡһарға	ɑqˈhɑrʁɑ
аҡһау	ˈɑχhaʊ
аҡһаҡ	ɑqhaq
аҡһаҡ	ɑqhɑq
аҡһаҡал	ɑqhɑqɑɫ
аҡһаҡлау	ɑqħɑqlaʊ
аҡһаҡлыҡ	ɑχhɑqɫɯ̞q
аҡһаңҡырау	äqhɑnqɯ̞rɑu
аҡһым	ɑqhæm
аҡһым	ɑqhɯ̞m
аң	ɑŋ
аң	ɔŋ
аңдып	ɑŋdɯp
аңлайышлы	ɑŋɫäjɯ̞ʂɫɑ
аңламағас	ɑŋɫɑrmɑʁˈɑs
аңлар	ɑŋvaɾ
аңларлыҡ	ɑŋɫɑrˈɫɯ̞k
аңларға	pɑŋɫɑrʁɑ
аңлатма	ɑŋlɑtmɑ
аңлатмалы	ɑŋɫɑtmɑɫä
аңлатмыйынса	ɑŋlɑtmɑjɯnsɑ
аңлатып	ɑŋɫɑtɑp
аңлатырға	ɑŋwɑtɯ̞rʁä
аңлатҡан	hɑŋɫɑtqɑn
аңлашылмай	ɑnɫɑʃɯ̞ɫmɑj
аңлашылмаусанлыҡ	ɑŋlɑʃɯ̞ɫmɑɫsɑnɫɯ̞q
аңлашылмаған	ɑŋɫɑrʃɯ̞ɫmɑʁɑn
аңлашылып	ɑŋɫɑrʃɯ̞ɫɯ̞p
аңлаған	ɑŋɫɑrʁɑn
аңра	aɾa
аңралыҡ	ɑŋɾɑɫɯ̞q
аңыш	ɑŋɯɾ
аңҡыш	pɑŋqɯ̞ʂ
аҫау	aθo
аҫрарға	hɑθrɑrʁɑ
аҫтында	ɑθˈtɯmda
аҫтыртын	ɑθtɯ̞ɾtɯ̞n
аҫылзада	aθɯ̞ɫzɑdɑ
аҫылмалы	ɑsɯ̞ɫmɑɫɯ̞
аҫырға	ɑθɪ̞rʁɑ
аҫҡа	ɑsˈqɑ
аҫҡа	ɑθqɑ
аҫҡы	ɑθqɑ
аһылай	axɯ̞ɫäj
аһәңлек	ʔɑhɛŋlɪk
ба	bãː
бабай	bɑβɑj
бабасыр	bɑbɑsər
баббит	babit
бабиш	babʲiʃ
багажник	bagaʒnik
багет	bˌɐgˈɛt
бадминтон	batminton
бажа	baʒa
бажа	bɑʒɑ
бажат	bazat
база	baza
базар	bæðɑr
базилика	bˌɐzilˈikɐ
базис	bazis
бай	bɑj
байбикә	bɑjbʲiɟæ
байбисә	bɑjbʲisɛ
байбул	bæjbɔɫ
байбулат	bajbwlɑt
байгилде	bɑjgildɛ
байгилдин	bɑjgildiːn
байдарка	bɑjdaːrka
байдаш	bajdärʃ
байдәүләтов	bajdɛwlætæv
байегет	bɑjjɪ̞gɛt
байлыҡ	bɑjlɯ̞q
байлыҡ	bɑjɫɯ̞q
баймаҡтан	bʊ̞jmæqtän
байморат	bajmɾat
баймырҙа	bajmrða
баймөхәмәт	bɑjmʏ̞χʏ̞mæt
байназар	bɑjˈnæzɑr
байрам	bɑjrɑm
байрам	bəjram
байрамбикә	bäjrämbʲekæ
байрамбикә	bɑjrɑnbʲekæ
байрамса	bəjrɑŋsɑ
байрас	bɑjrɑs
байрас	bɑjˈɾɑs
байрат	bəjrät
байраҡ	bɑjrɑq
байраҡ	bʊ̞jrɑq
байсал	bajsaːl
байтал	bɑjtɑɫ
байтаҡ	bɑjtɑq
байтаҡ	bəjtɑq
байтирәк	bəjt̪iɾɛk
байтүрә	bʊ̞jtʏræ
байым	bɑjˈjɯm
байып	bwajɯp
байырға	bwjɯ̞rʁa
байышев	bɑjɯ̞rʂɯ̞f
байыған	bəjɯɣan
байыҡ	bəjɯ̞q
байыҡтырыу	bäjɯ̞qtɑrɯ̞w
байғара	bʊ̞jɢärɑ
байғужа	bajɣuʒa
байғура	bajɣoɾa
байҙарса	bajðaːrsa
байҡау	bəjqäu
байһаҡал	bɑjhɑqɑl
бак	bak
бакалавр	bakaɫavr
бакелит	bakɛlɪt
бакен	bˈɑkən
бакира	bˈɑkira
баклажан	baklazan
баклан	bɑqɫɑn
баку	bakuu
бал	bɑɫ
бала	bɑɫɑ
бала-саға	bɑɫɑsɑʁɑ
балаган	bɑɫɑɣɑn
балалайка	balaɫajka
балалайкасы	bɯ̞ɫɑɫäjkäsɯ̞
балаларса	bɯ̞ɫɑɫarsɑ
балаларға	bɯ̞ɫɑɫɑrʁɑ
балалау	balaˈlau
балалылыҡ	bɑɫɑɫɑɫɯ̞q
балалыҡ	bɑɫɑɫˈɯ̞q
балан	bɑɫɑn
баланлыҡ	bʊ̞ɫɑnɫɯ̞q
баланс	balanz
балансир	bɑɫänsʲir
баланы	bɑɫɑnɯ
баласаҡ	bɯ̞ɫɑsɑq
балауыҙ	bɑɫɑwɯ̞ð
балаятҡы	bɑɫäjjɑtqɯ̞
балаҡ	bɑɫɑq
балаҡ	bəɫˈq
балаҫ	bɑɫɑs
балаҫ	bɑɫɑθ
балдар	bɑɫdɑr
балдаҡ	bɑɫdɑq
балет	bʲalʲet
балетмейстер	bɑɫɯ̞tmɛjstʲɪr
балканист	bɐɫkɐnˈist
балкон	bˌɐlkˈon
балл	bɐlˈ
баллада	bɑɫˈlɑɾdɑ
балласт	ballast
баллистика	balˈistiˈkˈa
баллы	bɑɫˈla
балсыҡ	bɑɫsɯ̞q
балта	bɑɫta
балта	bɑɫtɑ
балтабай	bɑɫtɑβɑj
балтас	baltɑs
балтырған	bɑltɯ̞rʁɑn
балтырған	bɑɫtɯ̞rʁɑn
балыҡ	bɑɫɯ̞q
балыҡлы	bɑɫɯ̞qɫɑ
балыҡсы	bɑɫɯ̞qsɑ
балыҡсы	bɑɫɯ̞qsɯ̞
балыҡҫылыҡ	pɑɫɯ̞qsɯ̞ɫɯ̞q
балға	bɑɫʁɑ
балғалаҡ	bɑlʁɑlɑq
балғаҙый	bɯ̞ɫʁɑðɯ̞j
балҡар	pɯ̞ɫqɑr
балҡып	bɑɫqɯ̞t
балҡыусы	bɑɫqɯ̞ɫsɯ̞
бамбук	bambuːk
банан	banaːn
банат	bɔnat
банда	bãndɑ
бандаж	bandaːʒ
бандура	banð̞uɾa
банк	bank
банка	banka
банкет	bänkʲet
банкетка	bankɛtkɑ
банкир	bæŋkiɾ
банкротланыу	bɑŋkrʊ̞tɫɑnɯ̞w
бант	bant
банту	bantʊ
баныу	bɑnɑu
баныу	bɑnɯ̞w
баптизм	bɑptizm
баптист	baptist
бар	bɑɾ
бара	bara
барабан	bäräbän
барабансы	bäräbänsɯ̞
барабансы	bɯ̞rɑbɑnsɯ̞
барабыҙ	bɑraːbɯ̞ð
барак	bɑrɑq
баранка	baranka
барасаҡ	bʊ̞rɑsɑq
барбарис	barbariz
баржа	barʒɐ
барис	bˈɑːɾˌɪs
баритон	bˌɑritˈon
барлай	bäɾɯ̞ɫɑj
барлайыҡ	bʊ̞rɫäjɯ̞q
барлап	bɑrɫɑt
барлау	barao
барлыбай	bɑrɫɑbɑj
барлыҡҡа	bɑrɫɯ̞qqɑ
бармай	bʊ̞rmɑj
барманы	bɑɾbɑnɯ̞
бармаҡ	bɑrmɑq
бармаҡлы	bɑrmɑqɫæ
бармы	bɑrma
барс	barθ
барсын	bɑrsən
барсынһылыу	bɑrsɯnhɯ̞ɫo
бары	bara
барыбер	bɑrɯ̞βɯ̞r
барыбер	bɑɾɑbɯ̞r
барыбыҙ	bɑrɑbɯ̞ð
барын	bˈɑrən
барып	bɑrɑp
барыр	bɑrɑr
барған	bɑrɣɑn
барғас	barʁas
барҙыбаш	bɑɾðɯ̞bɑʂ
барһа	barha
басир	bɐsˈiːr
баскетбол	baskʲitbɔɫ
бата	bɑtɑ
батмай	bɑtmai̯
батмус	bɑtmus
батон	baton
батрак	bɑtrɑq
баттал	bɑtːɑl
батты	bɑtːɑ
батша	bɑtʂɑ
батша	bʌtʃˈa
батып	bɑtɑp
батыр	bɑtɯ̞ɾ
батырбай	bʊ̞tɯ̞rβɑj
батырлыҡ	bɑtɯ̞rɫɯ̞q
батырша	bɑtɑrʃa
батыршин	bɑtɑrʃin
батҡаҡ	bɑtqɑq
бау	bɑw
бау	bəʊ
бауыр	bɑwɯ̞r
бауырһаҡ	bɑwɯ̞rhɑq
бахыр	bɑqɯ̞r
бахыр	bɑχɯ̞ɾ
баш	bɑʂ
баш	bɔʃ
баш-байбаҡ	bɑʂbɑjbɑq
башакүл	bɑʂɑkɵɫ
башаҡ	bɑʂɑq
башбаштаҡлыҡ	bɑʂbɑʂtɑqlɯ̞q
башватҡыс	bɑʂwɑtqɯ̞s
башкиҫәр	bɔʃkiθær
башламай	bäʃɫɑnmaj
башланы	bɑʂɫɑnɑ
башланырға	bɯ̞ʂɫɑnɯ̞rʁä
башланғыс	bɑʂɫɑnʁɯ̞z
башланғыс	bɑʂɫɑŋɢɯ̞s
башлап	bˈɑʃɫɑp
башлы	bɑʂɫɑ
башлыса	bɑʂɫɯ̞sɑ
башлыҡ	bɑʂɫɯ̞q
башлыҡлы	bɑʂɫɯ̞qɫæ
башмаҡ	bɑʂmɑq
баштан-аяҡ	bɑʂtɑnäjɑq
башынан	bɑʃɯnɑn
башҡа	bɑʂqɑ
башҡала	bɑʂqɑɫɑ
башҡалар	bɑʂqɑɫæɾ
башҡарылырға	bɑʂqɑɾɑɫɯ̞rʁɑ
башҡарырлыҡ	bɑʂqɑrɯ̞nɫɯ̞q
башҡаһы	bʊ̞ʂqɑhɯ̞
башҡорт	bɑʂqʊ̞ɾt
башҡортостан	bɑʂqʊ̞rtʊ̞stɑn
башҡортса	bɑʂqɯ̞rtsɑ
башҡултай	bɑʃqɔltaj
баяғы	bɑjɑʁɑ
баған	bɑʁɑn
бағана	bɐɣɐnɑ
бағана	bɑʁɑnɑ
бағышлау	bawɯ̞ʂɫɑu
баҙам	badam
баҙамлы	bɑðɑmɫɑ
баҙамша	bãðɑmʃa
баҙар	bɑðɑr
баҙар	bəðär
баҙарбай	bɑðɑrbɑːj
баҙау	badau
баҙлап	bazɫɑp
баҙнат	bɑðɫnɑt
баҙнатғыҙ	bɑðnɑtqɯ̞ð
баҙы-ҡуян	bɑðɯ̞qujɑn
баҙыян	bɑðɯ̞jɑn
баҙыҡ	bɑðˈɯ̞q
баҡа	bɑqɑ
баҡса	bɑqsɑ
баҡсасы	bɑqsɑsɯ̞
баҡтиһәң	bɑqtʰiːhæŋ
баҡтиһәң	bɑqtʲihæŋ
баҡты	bɑqtɑ
баҡтыбай	bɑqtɑbɑj
баҡыр	bɑqɯ̞r
баҡһаң	bɑqhɑŋ
баҫалҡы	pɑsɑɫqɯ̞
баҫма	bɑθmɑ
баҫтырыла	bastɯ̞rɯ̞ɫɑ
баҫтырылмай	bɑstɯ̞rɯ̞ɫmɑj
баҫтырып	bäθtʊ̞rʊ̞p
баҫылыр	bwθɯ̞ɫɯ̞r
баҫым	bɑθɯ̞m
баҫыу	bɐθɐu̯
баҫыу	bɑθɯ̞w
баҫҡан	bɑsqɑn
баҫҡандай	bɑsqɑndɑj
баҫҡас	bɑtqɑs
баҫҡынсы	bɑsqɯ̞nsɯ̞
баҫҡыс	bɑθqɯ̞s
баһа	bɑhɑ
баһа	væhɑ
баһаларға	bähɑɫɑrʁa
баһалау	baɣɑlaw
баһау	baɣɑw
баһман	bæˈhmæn
бей	bɪ̞j
бейек	bɪ̞jɪ̞k
бейеп	bɪ̞jːɪ̞p
бейергә	bʲɪjɪ̞rgæ
бейеүсе	bɪ̞jɪ̞wsɪ̞
бейә	bɪ̞jæ
бейәләй	bɪ̞jælæj
бел	bɛl
белгертмәҫкә	bɪ̞ɫkɪ̞rtmæθkæ
белгес	bɪ̞lgɪ̞s
белгестәр	bʏ̞ɫwɪ̞stær
белград	bɪlgɾad
белгән	bɛlgɛn
белгәс	bɪlgæs
белде	bɪ̞ɫdæ
белдергән	bʏ̞ɫtɪ̞rgæn
белдереп	bʏ̞ɫdʲɪrɪ̞p
белдермәйенсә	bʏ̞ɫdʲɪrmæjɪ̞nsæ
белекһеҙ	bʏ̞lʏ̞khʏ̞ð
белем	bɪ̞lɪ̞m
белеш	bˈɪlɪʃ
белеште	bɪ̞ɫɪ̞ʂtæ
белмәгән-күрмәгән	bʏ̞ɫmægænkʏrmægæn
белмәй	balmaj
белһен	bəlˈhɪn
беләйек	bʏlæjjɪ̞k
беләк	blˈɛk
беләҙек	bɪ̞læðɪ̞k
беләһең	blæhɪ̞ŋ
бер	bær
бер	bɪ̞ɾ
бер-беренән	bɪ̞ɾbɪ̞rɪ̞næn
бергә	bɪ̞rgæ
бергә	bɪ̞ɾgæ
бергәләшеп	bʏ̞rgæ̹læʂɪ̞p
беребеҙгә	bɪ̞ræbɪ̞ðgæ
берекмә	d̪ɪ̞rɪ̞kmæ
беренсенән	bɪ̞rɪ̞nsɪ̞næn
береһенән	bɪ̞rɪ̞hɪ̞nɪ̞ŋ
берлин	bɛrlʲɪn
берҙәм	bɪrðæm
берҙәм	bɪ̞rðæm
берҙән-бер	bɪ̞rðænbɪ̞ɾ
берәй	brɛj
берәмек	bɪ̞ræmɪ̞k
берәр	brɛr
берәҙәк	brɛðɛk
берәү	bɪ̞ræw
бесергә	bʲɪsʲɪrgæ
бесәй	bɪ̞sæj
бесән	bɪ̞sæn
бесәнлек	bɛsˈɛnlɪk
бет	bɛt
бет	bɪ̞t
бетеү	bɪ̞tɪ̞w
бетле	bɪ̞tɫæ
беш	bɪ̞ɾ
бешергә	bʲɪʃɪ̞rgæ
бешергән	bʲɪʃɪ̞rgæn
бешергәс	β̞ɯ̞ʂɯ̞rgæs
бешереүсе	bʲɪʃærɪ̞wsɪ̞
бешерәйне	bʲɪʂɪ̞ræjnæ
бешкән	bʲɪʃkæn
бешкәнсе	bɛʃkænsɪ̞
бешкәс	bʲɪʃkæs
бешмәгән	bəʃmɛgɛn
беҙ	bɪ̞ð
беҙгә	bɪ̞ðgæ
беҙҙе	bɪ̞ðːɪ̞
беҙҙең	bɪ̞ðːɪ̞ŋ
беҙҙә	bɪ̞ðːæ
беҙҙән	bɪ̞ðːæn
биби	bibɪ
бибигөл	bibjgəl
бибизада	biˈbiːzaˈda
бибинур	bibinuɾ
бибисафа	vibisafa
библия	bibˈliə
бигерәк	bʲigɪ̞ræk
бик	bik
бик	bʲek
бик-ҡарамалы	bʲekqɑrɑmɑɫɯ̞
бикбай	bikbaːj
бикбулат	bʲikbuɫät
бикле	bʲeklɪ̞
бикләргә	bʲeklɛrgæ
бикмырҙа	bʲekmɯ̞rðːɑ
бикмәт	bʲikmæt
бикте	bʲektɪ̞
биктимер	bʲiktʲimɪ̞r
бикҡол	bʲekqɑɫ
бикҡолов	bʲekqʊ̞ɫɯ̞f
бикҡужа	bʲekqʊ̞ʒɑ
бикә	bʲekæ
бикәс	bikes
бил	bɪl
бил	bʲil
билбау	bʲilbæw
билдә	bildæ
билдә	bʲiɫdæ
билдәле	bʲiɫdæ̹lɪ̞
билдәләмә	bildælæmæ
билдәләп	bʲiɫdælæp
билет	bʲilʲet
билмәү	bilmæw
билғау	bˈɪlrˈaʊ
биләй	bjɪlæj
биләп	bjlæp
бина	bina
бинт	bint
бир	bɪr
бирбикә	bʲirbʲikæ
биргән	bʲirgæn
биргәнсе	bʲirgænsɪ̞
биргәс	bʲirgæs
бирелгән	bʲirɪ̞ɫgæn
бирелергә	bʲirɪ̞ɫɪ̞rgæ
бирергә	bʲirɪ̞rgæ
бирешкәйне	bʲirɪ̞skæjnɪ̞
бирешкән	bʲirɪ̞ʂkæn
бирешмә	bʲirɪ̞ʂbæ
бирешмәгән	bʲirɯ̞ʂmægæn
бирешмәү	bʲirɪ̞ʃmæw̜
биреүсе	bʲirɪ̞wsʲɪ
бирмәй	vi̠rmæj
бирмәйем	bʲirmæjɪ̞m
бирнә	bʲirnæ
бирсәткә	bʲirsætkæ
бирһә	bʲirhæ
бирһәм	bʲirhæm
бирә	bʲirɛ
бирән	bʲiræn
бисмилла	bʲismʲiɫä
бисура	bisurɑ
бисә	bʲesæ
бисә	visɛ
бисәле	bʲisæ̹lʲɪ
бит	bit
бит	bʲet
бит	bʲit
бит	βit
битлек	bʲetlɪ̞k
бихисап	biχisap
биш	biz
биш	bʲiʃ
бишбармаҡ	bʲiʂbɑrmɑq
бишек	bʲeʃɪ̞k
бишенсе	bʲiʂɪ̞nsɪ̞
бишенсеһе	biʃɪ̞nsʲɪhɪ̞
бишул	bʲesuɫ
бишҡаҙаҡ	bʲesqɑðɑq
бишәү	bjˈʃɛʋ
бишәү	bʲiʃæw
биҙ	bʲið
биҙ	bˈið
биҙгәк	bʲiðgæk
биҙергә	bʲisɪ̞rgæ
биҙрә	bʲiðræ
биҙҙереү	bʲiðːɪ̞rʲɪw
биҙәк	biðæk
биҙәк	bʲiðæk
биҙәлгән	bʲiðælgæn
биҙәнеүсе	bʲiðænɪ̞w̜sɪ̞
биҙәргә	bʲidɛrgæ
биҙәү	biðɛw
бойондороҡһоҙ	bʊ̞jʊ̞ndʊ̞rʊ̞qhʊ̞ð
бойондороҡһоҙлоҡ	bʊ̞jʊ̞ndʊ̞rʊ̞qhʊ̞ðɫʊ̞q
бойороҡ	bʊ̞jʊ̞rʊ̞q
бойоҡ	bʊ̞jʊ̞q
бойҙай	bʊ̞jðɑj
бола	bɯ̞ɫa
болан	bʊ̞ɫɑn
болон	bʊ̞ɫʊ̞n
болғап	bɯ̞ɫʁæp
болғарға	bɯ̞ɫʁɑrʁä
болғау	bʊ̞ɫʁɑw
болғауыс	bɯ̞ɫʁɑoɯ̞s
болғағансы	bɯ̞ɫʁɑʁɑnsɯ̞
болғаҡ	bɯ̞ɫʁɑq
бомж	bɔmʒ
боралыҡ	bɯ̞rɑɫɯ̞q
бормалы	bɯ̞rmäɫɯ̞
борнаҡ	bərnɑq
боролайыҡ	bʊ̞rɯ̞ɫɑjɯ̞q
боролдо	bʊ̞rʊ̞ɫdä
боролоп	bʊ̞rɯ̞ɫʊ̞p
боролорға	bʊ̞rɯ̞ɫʊ̞rʁɑ
борон	bʊ̞rən
борон	bʊ̞rʊ̞n
боронғо	bʊ̞rʊ̞ŋɢʊ̞
борос	bʊ̞rʊ̞s
борослап	bʊ̞rɯ̞sɫæp
бороу	bɐrəu
борсаҡ	bɯ̞rsɑq
борсаҡ	bʊ̞rsɑq
борсола	bʊ̞rsɯ̞ɫæ
борсолоп	bʊ̞rsɯ̞ɫʊ̞p
борсолорға	bʊ̞rsʊ̞ɫɯ̞rʁɑ
борсорға	bʊ̞rsʊ̞rʁäː
борсоу	bɤrsɐu
борсоусан	bʊ̞rsʊ̞ɫsɑn
боршайтыу	bɯ̞rʂäjtɯ̞w
борғаҡ	bʊ̞rʁɑq
борғо	bʊ̞rʁʊ̞
борһаланыу	bʊ̞rgɑlanɯ̞w
борһан	bʊ̞rgɑn
бостама	bustamɑ
бот	bɔt
ботаҡ	bɯ̞tɑq
ботаҡ	bʊ̞tɑq
ботаҡланыу	bʊ̞tɑqlänɯ̞w
ботлау	bɯ̞tɫɑu
ботлоҡ	bʊ̞tɫɯ̞q
бохар	bʊ̞xɑr
бохара	bʊ̞χɑrɑ
бохарбай	bʊ̞xɑrbɑj
бошорғоланыу	bʊ̞ʂʊ̞rʁäɫänɯ̞w
бошоу	bʊ̞ʂɔu
боҙ	bɯ̞ð
боҙ	bʊ̞ð
боҙбармаҡ	bʊ̞ðbɑrmɑq
боҙлауыҡ	bʊ̞ðɫɑwɯ̞q
боҙло	bʊ̞ðɫæ
боҙмағыҙ	bɯ̞ðmɑɢɯ̞ð
боҙолдо	bɐdɐldɐ
боҙолорға	bʊ̞ðɯ̞ɫʊ̞rʁɑ
боҙолһа	bʊ̞dʊ̞ɫhæ
боҙорға	bʊ̞ðʊ̞rʁa
боҙоҡ	bʊ̞ðʊ̞q
боҙған	bʊ̞ðgɑn
боҫ	bʊ̞θ
боҫландырыу	bʊ̞sɫɑndɯ̞rɯ̞w
боҫланыу	pɯ̞θɫɑnɯ̞w
бригада	brigaːda
будка	bɔtkɑ
буйлап	bujla
буйлы	bujla
буйын	bujˈan
буйындағы	bwjɯndɑʁa
буйынса	bujɯnsɑ
буйынса	bujɯ̞nsɑ
буйға	bʊ̞jʁä
буйҙаҡ	bojðɑq
бул	bɔɫ
була	bʊ̞ɫɑ
булабыҙ	bunɑbɯð
булайыҡ	bʊ̞ɫɑjɯ̞q
булараҡ	buɫɑrɑq
буласағы	bʊ̞ɫäsɑʁɯ̞
буласаҡ	bʊ̞ɫɑsɑq
буласы	bʊ̞ɫɑsʊ̞
булат	buɫät
булат	bʊ̞ɫɑt
булатбай	bʊ̞ɫɑtbɑj
булаш	bʊ̞ɫɑʂ
булды	buɫdɑ
булдыр	bultɯr
булдырасаҡ	boɫdɯrasaq
булдыраһың	bʊ̞ɫtɪ̞rɑhɯ̞ŋ
булдырыусы	bwɫdɯ̞rɯ̞ɫsʊ̞
булдыҡлы	buɫdɯ̞qɫɑ
булмай	bõɫmaj
булмау	bʊ̞ɫmɑu
булмағас	buɫmɑʁɑz
булмағыҙ	buɫmɑgɯ̞ð
булмаҫ	bwlmɑθ
булмаһын	bwɫmɑhɯ̞m
булмыш	bʊ̞ɫmɯ̞ʂ
булып	bʊ̞ɫʊ̞p
булыр	bwɫɑr
булырлыҡ	bwɫɯ̞rɫɑq
булыуын	ulɯ̞wɯ̞n
булыуынса	bɔɫɯ̞uʊ̞nsɑ
булғайны	bɯ̞ɫʁɑjnɯ̞
булғандай	bwɫgɑndɑj
булғанға	bɯ̞ɫʁɑnʁɑ
булғас	bʊ̞ɫʁɑs
булғы	buɫʁɑ
булғылай	β̞olɢʊ̞ɫɑj
булғыланы	bwɫɯ̞ɫɑnɯ̞
булһа	bɯ̞ɫgɑ
булһын	buɫhɯ̞ɫ
бур	bur
бура	boɾɑ
бура	bura
буран	boɾɑn
буран	buran
буранай	buraˈnɑj
буранбикә	bw̜rɑŋbʲekæ
буранка	buränkä
буранша	β̞urãnʃa
бураҙна	burɑðnɑ
бураҡай	bwɾaqɑj
буржуаз	burʒuɫaz
бурыс	burɯ̞s
бурһыҡ	burhɯ̞q
бурһыҡ	burɦɯ̞q
буталсыҡ	bwtɯ̞ɫsɯ̞q
бутарсы	bɵtärsɯ̞
бутарға	bʊ̞tärʁä
бутау	butau
бутҡа	butqɑ
буш	boʂ
буш	buz
бушарға	bʊ̞ʂaɾɢa
бушатырға	bʊ̞ʂɑtɯ̞rʁɑ
бушатыу	buʂatɨu
бушатҡыс	bʊ̞ʂɑtqɯ̞s
бушау	buʂau̯
бушлай	buʂɫɑj
бушлыҡ	bʊ̞ʂɫɯ̞q
буштан	bʊ̞ʂtɑn
бушҡа	bʊ̞ʂqɑ
буялырға	bʊ̞jɑɫɯ̞rʁɑ
буянырға	bʊ̞jɑnɯ̞rʁɑ
буярға	bʊ̞jɑrʁɑ
буяу	bujow
буға	buʁɑ
буға	bʊɣa
буғай	buʁaˈi
буҙ	bˈuð
буҙйегет	bʊ̞ðjɪ̞gɪ̞t
буҡ	buq
буҫаға	buθɑʁɑ
буҫтау	buθtɑw
быйма	bɐjma
быйма	bɯ̞jmɑ
был	bɯ̞ɫ
былай	bɐɫaj
быларҙы	bɯ̞ɫɑrðä
былау	bɯ̞ɫɑw
былбыл	bɯ̞ɫbɯ̞ɫ
былтыр	bɯ̞ɫtɯ̞r
бына	bɐnɐ
бынан	bɐ̃nɐn
бынау	bɐnɐu
бынағайыш	bʊ̞nɑʁäjɯ̞r
бында	bɐ̃nˈdɐ
бындағы	bʊ̞ndɑʁæ
быны	bɯ̞nɑ
бырау	bɯ̞rɑw
бырау	bɾau
бырауларға	bɾɑuɫɑrʁɑ
быраҡтырып	bɾɑqtɯ̞rɯ̞p
бырхылдап	bɯ̞rxɯ̞ɫdɑp
бысаҡ	bɯ̞sɑq
бысратырға	mɯ̞srɑtʊ̞rʁɑ
бысраҡ	bsrɑq
бысраҡ	bɯ̞srɑq
бысҡы	bɯ̞sqɯ̞
быу	bɤu
быу	bɯ̞w
быуа	buwa
быуа	bɯ̞wɑ
быуай	bɯ̞wɑj
быуат	bɔuat
быуат	bɯ̞wɑt
быуылып	bʊ̞uɯ̞ɫæp
бышылдаған	bʊ̞ʂʊ̞ɫdʊ̞ʁɑn
быяла	bɯ̞jɑɫɑ
бығау	bɯ̞ʁɑw
быҙ	bð
быҙау	bɯ̞ðɑw
бүкән	bʏkæn
бүлгеләү	bʏlgʲiːlæw
бүлек	bʏlɪ̞k
бүлексәне	bʏ̞ɫʏ̞ksænʲɪ
бүлеп	βʏlɛp
бүлергә	bwlʲergæ
бүлмә	bʏ̞ɫmæ
бүләге	bʊ̞lægʲɪ
бүләк	bylɛk
бүләк	bɵlæk
бүләкбай	bʏlækbɑːj
бүләкләнергә	bylæklænɪ̞rgæ
бүләкләргә	bʏlæklærgæ
бүләкләүсе	bʏlæklæʏsæ
бүләкнур	bʏ̞læknur
бүләктәр	gʏlæktær
бүләкән	bylæxkæn
бүре	bʏrɪ̞
бүребай	bʏɾɛbɑj
бүрек	bʏrɪ̞k
бүрек	bʏɾɛk
бүртергә	bʏ̞rtʲɪrgæ
бүрәнә	bʏrænæ
бүрәнә	bʏ̞rɛnæ
бүтән	bytɛn
бүтән	bɵtæn
бүтәнсә	bʏ̞tænsæ
бүҙәнә	bɵðænæ
бүҫер	bʏθɪr
бүҫкәргән	bʏ̞θkærgæn
бәйге	bæjgæ
бәйге	bæjgɪ̞
бәйләм	bæjlæm
бәйләнеп	bæjɫænɫɪ̞p
бәйләнергә	bæjlænirgæ
бәйләнеш	bæjlænɪ̞ʃ
бәйләнһә	β̞æjlænhæ
бәйләп	dæjlæp
бәйләргә	bæjlærgæ
бәйләүес	bæjlæwɪ̞s
бәйғәмбәр	bæjʁæmbæɾ
бәке	bækɪ̞
бәке	bɛkæ
бәкер	bækjɪ̞r
бәлеш	bælɪ̞ʃ
бәлзәм	belzɛm
бәлки	balke
бәлки	bælkʲi
бәлә	bælæ
бәләкәй	bælækæj
бәләкәйерәк	bælækæjˈɾæk
бәләкәс	baləkæs
бәләкәсем	bɪ̞ɫækæsɪ̞m
бәндә	bændæ
бәндәне	bɛndænæ
бәпембә	bæpɪ̞mbæ
бәпембә	bæpɪ̞mdæ
бәпес	bæpɪ̞s
бәпкә	bæpkæ
бәпәй	bæpæj
бәпәнәй	bɛpɛnej
бәрелеп	bærjɪlɪ̞p
бәрелергә	bɛrɪ̞ɫɪ̞rgæ
бәреп	bærep
бәрхәт	bɪ̞ɾχæt
бәрҙе	bærðɪ̞
бәрәкәт	bærækæt
бәрәмес	bɛrɛmæs
бәрән	berɛn
бәрәс	berɛs
бәрәс	bæræs
бәрәңге	bæræŋgɪ̞
бәхет	bæχɪ̞t
бәхетле	bæχʲɪtlæ
бәхти	bæxti
бәхтинур	beχtinur
бәхәс	bæχæs
бәхәсләшергә	bæχæsɫærʃɪ̞rgæ
бәширә	bæʃjˈɾe
бәшмәк	bæʃmæk
бәшәр	beˈʃɛr
бәғдәнур	bæɣdænˈuɾ
бәғерһеҙ	ðɛʁɪ̞ɾhɪ̞ð
бәҙер	bæðr
бәҙиға	bɛðiɢa
бәҙри	bəðri
бәҙриниса	vɛðrinisa
бәҙринур	bəðrʲinwr
бәҙрәш-аҡтау	bɛðræʃɑqtɑw
бәҙәмша	bɛðɛmʃa
бәүел	bæwɪ̞l
бәһирә	bæ̹i̠ræ
бәһәр	ðæhær
бөгә	bʏgæ
бөгәләк	bʏ̞gʲɪlæk
бөгәр	bʏgær
бөгәрләнеү	bɪ̞gæɾlʲɪnʲɪw
бөгөмлө	bʏ̞gʏ̞mɫʲɪ
бөгөн	bʏ̞gʏ̞n
бөгөнгөбөҙ	begɪ̞ngɪ̞bɪ̞ð
бөгөндән	bʏ̞gʏ̞ndæm
бөгөргә	bəgɪ̞rgæ
бөжәк	bəʒɛk
бөжәк	bʏ̞ʒæk
бөйҙө	bʏ̞jðɪ̞
бөйө	bʏ̞jʏ̞
бөйөк	bʏ̞jʏ̞k
бөйөр	bʏ̞jʏ̞r
бөлөргә	bʏ̞ɫɪ̞rgæ
бөрйән	bɛrjæn
бөркәнсек	bɛrkænsɪ̞k
бөркәү	bɪrkɛw
бөркөт	bʏ̞rkʏ̞t
бөрлөгән	bʏ̞rlʏ̞gæn
бөрмәләп	bɛrmæ̹læp
бөрсә	bʏ̞rsæ
бөрсөк	bɪ̞rsɪ̞k
бөртөк	bʏ̞rtʏ̞k
бөртөк	bʏ̞rtʲɪk
бөртөксә	bɪ̞ɾtʏksæ
бөршәйеү	bɪ̞ɾʃe̞jɪ̞w
бөрө	bɪ̞ɾˈɾɪ̞
бөрө	bʏ̞rʏ̞
бөрөшөргә	bʏ̞rʏ̞ʂɪ̞rgæ
бөткәнсе	bɪ̞tkænsɪ̞
бөткөһөҙ	bɪ̞tkɪ̞hɪ̞ð
бөтмәгән	bʏ̞tmʲɪgæn
бөтмәй	bˈutmˈɛj
бөтмәҫ	bʏ̞tmɛθ
бөтһә	bɪ̞tˈhɪ̞
бөтә	bʏ̞tæ
бөтәбеҙ	bɪ̞tæbɪ̞ð
бөтәбеҙгә	bɪ̞tæbɪ̞ðgæ
бөтәгеҙҙе	bʏ̞tægɪ̞ðːɛ
бөтәһе	bʏ̞tæhʏ̞
бөтәһенең	bɪ̞tæhɪ̞nɪ̞ŋ
бөтәһеннән	bʏ̞tæhʏ̞nlæn
бөтәһенә	bɪ̞tæhɪ̞næ
бөтөн	bʏ̞tʏ̞n
бөтөнләй	bʏ̞tʏ̞nlæj
бөтөнләйгә	bʏ̞tʏ̞nlæjgæ
бөтөнөһө	bɪ̞tɪ̞nʲɪhɪ̞
бөтөр	bɪ̞tɪ̞ɾ
бөтөргә	bɪ̞tʲɪrgæ
бөтөрмә	bʏ̞tʲɪrmæ
бөтөрөүсе	bʏ̞tʲɪrɪ̞wsɪ̞
бөхтә	bʊ̞χtæ
бөҙрә	bɪ̞ðræ
бөҙрә	bʏ̞ðræ
бөҙрәләргә	bʲɪðræ̹lærgæ
бөҙрәләтеү	bɪ̞ðræɫætɪ̞w
бөҙрәләү	bɪ̞ðrɛlɛʏ
ва-банк	vabank
ваба	bɑba
вагон	vägo̞n
вагон	vˈagɔn
вадим	vˈɑdim
ваза	vaza
вазифа	wäzʲïfä
вайымһыҙ	wajɯ̞mhʊ̞ð
вакифа	oakifɑ
ваксалау	vaksala
валсыҡ	wɑlsɯ̞q
варианты	varjante
вариса	varisˈɑ
вариҫ	vˈɑrɪz
васиф	oasif
вата	wɒtˈa
ватан	vɑtɑn
ватан	vˈatən
ватан	wɑtɑn
ватандаш	vɑtɑndɑʂ
ватандаш	wɑtɑndɑʂ
ватерпас	vatɛrpas
ватин	vˈɑtˈtɪn
ватырға	ɫɑtɯ̞rʁa
ватыҡ	wɑtq
вафа	wafa
вафир	wafiɾ
вахта	vɑqtɑ
вағая	vaɣajɑ
ваҡ	waq
ваҡ	wˈɔq
ваҡ-ваҡ	wɑqwɑq
ваҡиф	waqif
ваҡиға	waqija
ваҡиға	wäqɯ̽ɪ̈ʁä
ваҡланып	wäqɫɑnäp
ваҡлау	uäqɫäu
ваҡсыл	waqsɯ̞ɫ
ваҡыт	waqɑt
ваҡыт	wɑqɯ̞t
ваҡытта	waqtˈta
ваҡытынан	bɑqɯ̞tɯ̞nɑn
ваҡытында	wɑqɯ̞tɯ̞ndɑ
ваһиба	væibɑ
вегетатив	vʲeɣʲitatʲif
венер	vˈɛnˈɪr
венера	vɛnʲera
википедия	vʲikʲpʲedʲijä
вилдан	vʲildän
вилдан	wi̠ɫdɑn
вилдан	ɪldˈɑn
вис	vis
витамин	vitamɪn
выждан	wɯ̞ʐdɑn
вьетнам	wjĕtnɑm
вәзир	væziːr
вәзих	vɛzɪs
вәкил	wækʲil
вәкилә	vækjɪlæ
вәкәләт	vækælet
вәлидә	væljde
вәлиев	vɛljɪv
вәлимә	vælimɛ
вәлит	veljt
вәлиша	vˈɛliʃˈa
вәлүк	vˈɛlˈʏk
вәрис	ɣaris
вәриҙә	wɛrʲiðæ
вәрәҡә	ɫæræqɛ
вәсил	væsæl
вәсилә	wæsʲiɫæ
вәсим	væsiːm
вәсиф	ʋɛsˈif
вәғәҙә	wæʁæðæ
вәғәҙәләшергә	ðæʁæðɛlæʃɪ̞rgæ
вәғәҙәләшкән	væɢæðtʲɛlɛʃkɛn
вәҡиф	vɑqif
габардин	gabardʲin
габарит	gabarit
гага	agɑ
гагара	agara
гагауз	gagau̯s
газета	gazʲeta
галет	gɐɫˈet
гармун	gärmun
гармунсы	gärmunsɯ̞
гармунсы	gɑɾmʊ̞nsɯ̞
гексахлоран	gʲɪksɑχɫɑrɑn
гектометр	gʲɪktʊmʲɛtr
гел	gæl
гел	gɪ̞l
германия	gʲirmänʲijä
геүләргә	gʲɪwˈlʲɛrgæ
гибрид	gibrit
гиҙергә	gʲiðʊ̞rgæ
гонаһ	gəˈnɑh
гонаһ	gʊ̞nɑh
гонаһ	gʊ̞nɑχ
гонаһ	ɢʊ̞nɑχ
гонаһ	ʁʊ̞nɑχ
гравюра	gravjura
градус	gravus
граждан	gräʐdän
грамматик	grɐmmatik
грамматика	gramˈɑtika
грамоталыҡ	grämʊtɑɫɯ̞q
гранит	gɾanit̪
график	gɾafik
греция	grʲetsɨ̞jä
грузин	gɾuzˈin
гүзәл	guzɛl
гүзәл	gɵzæl
гүзәл	gʏzæl
гүзәлиә	gʏzɛlijɛ
гүйә	gˈujˈɛ
гүр	gɵɾ
гәзит	gæzʲit
гәлсәр	gəlsɛr
гәрәбә	gæræbæ
гәрәбә	gæræβæ
гәрәй	gʲæɾæj
гәүһәр	gæwhær
гөбөргәйел	gʏ̞βʏ̞rgæjɪ̞l
гөл	gʏ̞l
гөлбаныу	gʏlpənəw
гөлбаныу	gʏ̞lbänɯ̞w
гөлбаҙыян	gʏlbɑðˈɪjɑn
гөлбикә	gylbʲekæ
гөлбинур	gʏlbʲinʏɾ
гөлбүләк	gʏlbylæk
гөлбәзир	gɪ̞lbæzɪ̞r
гөлбәзирә	gʏ̞lbæzɪ̞ræ
гөлбәҙиға	gʏlbæðiʁaː
гөлбәһәр	gjlbæhær
гөлгизәр	gʏlgʲizær
гөлгөнә	gylgʏ̞næ
гөлзада	glˈzˈada
гөлзаһиҙа	glˈzˈahˈiðɑ
гөлзәйнәп	gylzæjnæp
гөлисә	gəljsɛ
гөлйемеш	gʏ̞ljɪ̞mɪ̞ʃ
гөлләмә	gʏ̞nlɛmæ
гөлләриә	gʏlˈlɛrijɛ
гөлназ	gʏlnäz
гөлназ	gʏlnˈɑz
гөлназа	gɪlnəza
гөлназар	gɪ̞lnazɑr
гөлнара	gɪ̞lnara
гөлнур	gjlnuɾ
гөлнәзирә	gɪ̞lnæzʲiɾæ
гөлнәзифә	gulnɛzʲifæ
гөлсара	gɪ̞lsɑrɑ
гөлсибәр	gʏlsibɛr
гөлсимә	gjlsimæ
гөлсәсәк	gylsɛsɛk
гөлфара	gʏlfara
гөлфруз	gʏlfruːz
гөлфруза	gʏlfrʊzˈa
гөлфәриҙә	gʏlfæriðæ
гөлфәриә	gʏlfɛrʲɪjæ
гөлшан	gɛlʃan
гөлғәйшә	gʲɪlʁæjʂæ
гөлһиҙәп	gʏlhʲiðæp
гөрләүек	gɪ̞rɫɛwæk
гөрһөлдәп	gʏ̞rhʏ̞ldæp
дабырлау	dapɨɾlau
даими	dajimɪ
даими	dɑimʲi
даимилыҡ	ðæjmi̠ɫɯ̞q
даирә	däi̯ræ
дайса	dajsa
дала	dɐˈla
дала	dɑɫɑ
далан	davan
далха	dɑlχa
дама	dama
дамин	damin
дамира	dˈɐmiːrˈa
дамка	damka
дан	dɔn
дана	dana
дана	dɑnɑ
даналап	dɑnɑlɑp
данил	dɔnˈil
данила	dɐnˈiɭa
дания	dɔniˈjɑ
данияр	danijɑːr
данлы	d̪ænlʊ̞
данлыҡ	ðɑnɫɯ̞q
дансинг	dˈænsɪŋ
дантист	dantist
дары	dara
дарыу	darow
дарыу	dɑrɯ̞w
дарыухана	dɑrɯ̞wχɑnɑ
дау	dɔu̯
дауа	dɑwɑ
дауам	dawˈam
дауам	dɑwɑm
дауар	dawar
дауахана	dɑwɑχɑnɑ
даулай	d̪olaj
дауыл	dɑwɯ̞ɫ
дауыт	dɑwɯ̞t
дауыт-ҡайып	ðɑuɯ̞tqɑjɯ̞p
даян	dɑjɑn
даға	dɑʁɑ
дағалау	d̪aɣ̞alɑo
дағалаусы	dɑʁɑlaʊsɑ
дағстан	dɑʁɯ̞̆stɑn
дағстанлылар	dɑqstɑnɫɯ̞ɫɑɾ
двигатель	dvʲigatʲilʲ
дебет	dɪ̞βɪ̞t
дежур	dˈeʒuɾ
десантсы	dɪsantsɯ
десерт	dʲessʲrt
диалект	dʲialʲekt
диалектологик	d̪ʲiɐlɪ̞ktʊ̞ɫʊ̞gik
диана	djˈɑnˈa
диарама	dijarama
диктант	dɪtˈant
дилара	dˈiːlaɾˈa
дилбегә	dʲilbɪ̞gæ
дилбегә	dʲilβɪ̞ɣæ
дилбәр	dʲilbær
дилбәр	dʲilβær
дилбәрә	d̪ilbæɾæ
дилдар	d̪iʝd̪aɾ
дилә	dʲilæ
дим	diːm
дим	dʲim
димләп	ðimlæp
димләргә	ti̠mlærgæ
димләү	dimlew˨
дин	dʲin
дин	d̪e̞n
динара	d̪iɾaɾa
дини	ðini
динислам	d̪ineslam
динмөхәмәт	dʲinmʏ̞χæmæt
динә	dinæ
диуана	dʲewɑnɑ
диуар	dʲiwär
дияз	dˈiːz
дияс	dijos
диңгеҙ	dʲiŋgɪ̞ð
доза	doza
донжуан	dˈɔnʒoˈan
донъя	dʊ̞njɑ
донъя-мазар	dɯ̞njɑmɑzɑr
донъяһына	dʊ̞njɑhɯ̞nɑ
донға	dunˈʁɑ
дошман	dʊ̞ʂmɑn
дошманлашырға	dʊ̞ʂmɑnɫæʂɪ̞rʁɑ
дошманһыҙ	dʊ̞ʂmɑnhæð
доға	dʊ̞ʁɑ
дуға	dˈuɣa
дуғаланырға	duʁɑɫɑnʊ̞rʁɑ
дуғалы	duʁɑɫæ
дуғаһын	dugɑhɯ̞n
дуңғыҙ	duŋɢɯ̞ð
дуҫ	duθ
дуҫ	dˈus
дуҫлыҡ	duθɫɯ̞q
дуҫтарса	duθt̪arsɑ
дым	dɯ̞m
дымларға	dɯ̞mɫärʁa
дымлы	ðɯ̞mɫɯ̞
дымлылыҡ	dɯ̞mɫɯ̞ɫɯ̞q
дүрт	dɵɾt
дүртенсенән	d̪ɪrtʰɪnsɪ̞næn
дүрткел	dʏrtkæl
дүртәү	dɵɾtæw
дүртәү	zurtɛw
дүшәмбе	dʏʃæmbɪ̞
дәлил	dæliːl
дәлил	dælʲil
дәрдеман	dærdæmɑn
дәрес	dærɪ̞s
дәрт	dæɾ
дәртле	dærtlæ
дәртләнеү	dærtlænɪ̞w
дәрүиш	dˈɛrwˈɪʃ
дәрәжә	dæræʒæ
дәрәжә	ðɛrɛʒɛ
дәрәжәһеҙ	dæɾæʒæhɯ̞ð
дәфтәр	dæftær
дәфтәр	dæftæɾ
дәғибә	dæɣʲibæ
дәғүә	dæʁwæ
дәғүәләргә	ðæɢwælærgæ
дәү	dˈɛʊ
дәүер	dæwɪ̞r
дәүләт	dæwlæt
дәүләт-ара	dæwlætara
дәүләтбикә	dæwlætbʲiʲkæ
дәүләтгәрәй	ðæwlætgæɾæj
дәүләткирәй	ðæwlætkʲiræj
дәүләтсура	dæwlætʃuɾa
дәүләтша	dæwlʲɑtʃɑ
дәүләтъяр	tɛwlætjɑr
дәүләтьяр	dæwlætjɑr
дәүләтҡол	dæwlætqɯ̞ɫ
дәүләтҡолов	dæwlætqʊ̞ɫɯ̞f
дәүмәл	dau̯mɛl
дөгө	dʏ̞gʏ̞
дөйә	dʏ̞jæ
дөйөм	dʏ̞jʏ̞m
дөм-ҡараңғы	dɪ̞mqɑrɑŋʁɯ̞
дөрөҫ	dʏ̞rʏ̞θ
ебегән	jɪ̞bɪ̞gæn
ебетергә	jɪ̞bɪ̞ðɪ̞rgæ
ебәк	jɪ̞bæk
ебәргәйне	jɪ̞bærgæjnʲɪ
ебәргән	jɪ̞bɛrgæn
ебәргәс	jɪ̞bɛrgʲɛs
ебәреүсе	jɪ̞bærɪ̞wsæ
ебәрмәйне	ɪ̞bɛrmæjnɯ̞
ебәрмәҫ	jɯ̞bærmæθ
ебәрмәһен	jɪ̞bɛrmæhɪ̞n
европа	je̞vro̞pa
егергә	jɪ̞gɪ̞rgæ
егерме	jɪ̞gʲɪrmæ
егерменсе	jɪ̞gɪ̞rmɪ̞nsɪ̞
егет	jɪ̞gɪ̞t
егет	jɪ̞ɣɪ̞t
егетләнеү	jɪ̞gɪ̞tlænæw
егеттәрсә	jɯ̞gɯ̞ttærsæ
егән	jɑgɛn
егәр	jɪ̞gær
егәрле	jɪ̞gærlɪ̞
егәрле	jɪ̞gærɫæ
ейән	jɪ̞jæn
ейәнбикә	jɪ̞gænbʲekæ
ейәнбирҙе	jɪ̞jænbʲirðɪ̞
ейәнсәр	jɪ̞jænsær
ек	jɪk
екеренде	jɪ̞kɪ̞rɪ̞ntæ
ел	jɯ̞ɫ
елдереп	jɪ̞ɫdɪ̞rɪ̞t
елдерергә	jɪ̞ɫdɪ̞rɪ̞ðgæ
елдерә	jɪldɪ̞ræ
елдерәсәк	jɪ̞ɫdɪ̞rɛsæk
елдән	jɯ̞ɫdæn
елек	jɪ̞lɪ̞k
елем	jɪlɪ̞m
елен	jɪ̞lɪ̞n
елкә	jɪ̞lkæ
елкән	jɪ̞lkæn
елкәнле	jɪ̞lkændʲɪ
елкәнһеҙ	i̠ɫkænhɯ̞ð
елләнергә	jɪ̞llɛnirgæ
елтерәт	jɪltɪ̞rɛt
елтерәтеп	jɪ̞ɫtɪ̞rɛtɪ̞p
елтерәтергә	jɪltɪ̞rætɪ̞rgæ
еләк	jɪ̞læk
еләкле	jɪ̞ɫɛkɫɪ̞
еләкһеҙ	jɪlækhɪ̞ð
еләнле	jɪ̞ɫˈɛnɫe
еләнһеҙ	jɪ̞ɫɛnhɪ̞ð
емереклек	jɪ̞mɪ̞rɪ̞klɪ̞k
емерелеп	jɪ̞mɪ̞rɪ̞ɫæp
емеш	jɪ̞mɪ̞ʃ
емеш-еләк	ʲɪmʲɪʃkʲiɫæk
емтек	jɪ̞mtɪ̞k
ентекле	jɪ̞ntɪ̞kɫɪ̞
ентекләп	jɪ̞ntɪ̞klæp
енәйәт	jɪ̞næjæt
ер	jɪ̞r
ергә	jɪ̞mgæ
ерек	jɪ̞rɛk
ерек	jɪ̞rɪ̞k
ерлек	jɪ̞rlʲɪk
ерлекле	jɪ̞rɫɪ̞kɫɛ
ерләгән	jɪ̞rɫægæn
ерләгәндән	jɪ̞rɫægændæn
ерләп	jɪ̞rɫɛp
ерләү	jɪ̞rɫɛʏ
ерҙә	jɪ̞rdæ
ерҙән	jɪ̞rðæn
ерән	i̠ræn
ерәнергә	jɪ̞rɛnɪ̞rgæ
етди	jɪ̞dʲːi
ете	jɪ̞tɛ
ете	jɪ̞tɪ̞
етегән	jɪ̞tɪ̞gæn
етем	jɪ̞tɪ̞m
етергә	jɪ̞tɪ̞rgæ
етешергә	jɪ̞θɪ̞ʂɪ̞rgæ
етешкәнсе	jɪ̞tɪ̞ʂkɛnsɪ̞
етештерергә	jɪ̞tɪ̞ʂtɪ̞rɪ̞rgæ
етештереү	jɪ̞tɪ̞ʃtɪ̞rɪ̞w
етешһеҙ	jɪ̞tɪ̞ʂhɪ̞ð
етешһеҙлек	jɪ̞tɪ̞ʃhɪ̞ðlɪ̞k
етешһеҙлек	jɪ̞tɪ̞ʃhɪ̞ðːɪ̞k
етеҙ	jɪ̞tɪ̞ð
еткерергә	jɪ̞tkɪ̞rɪ̞rgæ
еткән	jɪ̞tgæn
етмәгән	jɪ̞tmægæn
етмәйсе	jɪ̞tmæjsɪ̞
етмәһен	jɪ̞tmɛhɪ̞n
етмәһә	jɪ̞tmæhæ
етте	jɪ̞tːæ
еттеме	jɪ̞tːɪ̞mɛ
етә	jɪ̞tæ
етәкләргә	jɪ̞tæklærgæ
етәксе	jɪ̞tæksɪ̞
етәр	jɪ̞tær
етәр	jɪ̞tɛr
етәү	jɪ̞tæw
етәүләшеп	jɪ̞tɛwɫɛʂɪ̞p
етәһе	jɪ̞tæhʲɪ
еҙ	jɪ̞ð
еҙ	ɪv
еҙнә	jɪ̞ðnæ
еҙнә	jɯ̞ðnæ
ең	jɪ̞ŋ
еңгә	jɪ̞ŋgæ
еңгәләр	jɪ̞ŋgæ̹lær
еңел	jɪŋɪ̞l
еңелсә	jɯ̞ŋɪ̞ɫsæ
еңеләйтергә	jɪ̞ŋjɪ̞ɫæjtɪ̞rgæ
еңеүсе	jɪ̞ŋɪ̞wsɪ̞
еңеүсе	jɪ̞ŋɪ̞wsʊ̞
еңмешләнеп	jɪ̞ŋmɪ̞ʂɫænɪ̞p
еҫ	jɪ̞θ
еҫкәргә	jɪ̞ðkærgæ
еүеш	jɪ̞wɪ̞ʃ
жалюзи	ʒaljuzi
жаматай	ʒamataj
жандарм	ʒandɑrm
жаргон	ʒärgɔn
желатин	ʒɛɫatˈin
желе	ʒɛlʲe
жетон	ʒɪtɔn
жираф	ɣ̞iɾaf
жулик	ʒulik
журнал	ʐurnäɫ
журнал	ʒurnɑl
журналист	ʒurnalˈist
журналистика	ʒurnalʲistika
жәлил	ʒɛlˈil
жәүзә	ʒɛuzæ
жәүит	ʒɛbʲit
жәүәт	ʒɛu̯t
завод	zavot
завуч	zavut
зада	zada
заим	zajɯm
заира	zajra
зайлал	zajlɑl
закариа	zˈakariːɑ
закир	zɑkʲir
закирйән	zækʲirjæn
закон	zakon
законлаштырырға	zakonlɑʃtɯ̞rɯ̞rʁä
законлашып	zakonɫɑʂʊ̞p
залдағы	zɑldɑʁɑ
заман	zɑmɑn
заман	zɑˈmɑːn
замана	zɑmɑnɑ
заманда	zamanˈda
заманса	zamantsa
заманында	zɑmɑnɯˈndɑ
зарар	zəˈrɑr
зарарларға	zärɑrɫɑnʁɑ
зарарлау	zərärlau
зарем	zɑrɛm
зарим	zorim
зариф	zˈɑrɪf
зарифа	zorifa
зарланырға	zɑrɫɑnirɢa
зарланыу	zarlɑnɔw
зарур	zæɾuɾ
зат	zɒt
зауыҡ	zɑwɑq
зая	zajɑ
заян	zajɑn
зағафуран	zʁafoˈrɑn
заҡуан	zæqwaːn
заһир	zæhʲiːr
заһир	zɑhïr
заһира	zahira
заһит	zɑhʲiːt
заһиҙа	zˈɐhɪdˈa
заһри	zɑhri
зенит	zʲenʲit
зиада	zijada
зиафа	zˈiːfˈa
зилә	zile
зинасылыҡ	zʲinɑsɯ̞ɫɯ̞q
зиндан	zˈɪndɐn
зинира	zjˈnˈiːɾˈa
зиннәт	zʲinːɛt
зиннәтулла	zinnætuɫla
зинфира	zˈinfˈira
зинһар	zʲinɦaɾ
зирәк	zʲirɛk
зифа	zʲefɑ
зифа	zʲïfä
зияда	zˈiɐdɐ
зыя	zˈɪjɑ
зыян	zɯ̞jɑn
зыянланыу	zɯjɑnlɑrnɯ̞w
зыярат	zɯ̞jɑrɑt
зыяҡай	zɯjɑqɑj
зәбиб	zæbʲip
зәбибә	zæbibæ
зәбир	zævʲir
зәбих	zæbʲiχ
зәбиҙә	zəbiðæ
зәит	zˈæjːt
зәйни	zˈˈɛˈinˈe
зәйниә	zˈajnˈɪjɛ
зәйнулла	zajnullɑ
зәйнәб	zæjnæp
зәйнәп	zæjnæp
зәйнәп	zæjˈnæp
зәйнәшева	zajnæʃɯ̞ɫɑ
зәйтүнә	zæjtʏnæ
зәки	zɛki
зәкир	zækjɪr
зәкирйән	zɛkʲiːrjæn
зәкирә	zækʲi̯ræ
зәкиә	zɛkiɛ
зәлиә	zˈɛlijɛ
зәриә	zæɾjæ
зәғиф	saʁˈif
зәғифләнергә	zæɢeflænɪ̞rgæ
зәңгәр	zæŋgær
зәңгәрләнергә	zæŋgærlænirgæ
зәүжән	zɛvʒɛn
зәүрә	zɛʊrɛ
зөбәйҙә	zɪ̞bɛjðe
зөлфиә	zʏ̞lfʲiʲæ
зөлфәт	zælfæt
зөлфәҡәр	zɪ̞lfæqɛr
зөлхизә	zɪlχizæ
зөлхизә	zʏ̞lχɨ̯izæ
зөлҡәзә	ðɪ̞lqɛzɛ
зөлҡәғиҙә	zɪ̞lqæɢiðæ
зөләйха	zʏ̞læjχa
зөләйха	zʏ̞læjχæ
зөләйхә	zʏ̞læjχæ
зөмәрә	zɪ̞mærʲɪ
зөфәр	zʏ̞fær
зөфәр	zˈˈfˈɛr
зөһрә	zʏ̞hræ
иçергә	iðɪ̞rgæ
иçке	ʲiskɪ̞
иçкәртергә	i̠ðkæɾtɪ̞rgæ
иçәнләшергә	i̠θænlɛʃɪ̞rgæ
ибис	iːbɪs
иблис	iblis
иблис	iblʲis
иблистәрсә	jblistɛrsæ
ибнеәмин	ibnɛmɪn
ибрай	ibraj
ибраһим	ɪbɾɑhɪm
ибраһим	ɪbɾɑhˈim
ибәт	iːbˈɛt
ибәтулла	ibætuɫːɑ
ибәтәйһеҙ	ibætæjhɯ̞ð
иван-казанка	ivanakazanka
иван-ҡыуалат	ʲivɑnqɯ̞uɑɫɑt
иген	igɪ̞n
игенсе	jɪgɪ̞nsɪ̞
игеҙ	igɯ̞ð
игеҙәк	igɪ̞ðæk
игеҙәктәр	igɪ̞ðæktær
игәргә	igærgæ
игәү	igæw
идара	iðɑrɑ
идаралыҡтағы	iðɑrɑɫɯ̞qtɑʁɯ̞
ижад	i̠ʐät
ижади	iʒadɨ
ижек	eʒɪ̞k
ижек	iʒɪk
изге	izgɪ̞
ике	ekɪ̞
икебеҙ	ikɪ̞bɪ̞ð
икегә	iːkɪ̞gæ
икеләнеп	i̠kɪ̞lænɪ̞p
икеләнергә	i̠kjɪlɛnɪ̞rgæ
икеләнә	i̠kɪ̞ðɛnæ
икенде	ekɪ̞ndɪ̞
икенсенеке	ikɪ̞nsɪ̞nɪ̞kæ
икмәк	ikmæk
икмәк	itmɛk
икәү	ekæw
икәүләп	ikæʏlæp
ил	il
ил	iːl
илама	ɫama
иларга	ilɑrʁɑ
иларға	iɫɑrʁɑ
илат	ilat
илатма	ilatma
илау	ilow
илағас	ilɐgas
илаһа	ilaha
илбаçар	ilbɑsɑr
илбар	ilbɑɾ
илбарис	ilbariˈs
илбатыр	ilˈbɑtˈr
илбикә	ilbʲikæ
илбул	ilbɔɫ
илбәк	iːlbæk
илгиз	ilgiz
илгизә	ilgizæ
илгизәр	ilgizær
илдар	ildär
илдар	ilð̞aɾ
илдәре	ilðærɪ̞
илембәт	ʲiɫɪ̞mbæt
илйән	iːljˈɛn
илле	ilːe
илмир	ilmiːr
илморат	ilmɯ̞rɑt
илназ	ilnˈɔz
илнур	elnuɾ
илнур	ilnˈɔɾ
илсе	ilse
илсебай	ilsɪbɑj
илсен	ilsen
илсенбәт	jɪlsɪnbæt
илсөйәр	ilsijɛɾ
илтабан	iltˈɑbˈɑn
илтенбай	ʲiltɪ̞nbɑj
илтер	ɪltɛr
илтергә	i̠ɫt̪ɪ̞rgæ
илтеүсе	i̠ɫtɪ̞wsɛ
илфар	ilfor
илфат	iːlfat̪
илфир	ilfiːr
илшат	iːlʃat
ильяс	ɪljɑs
илүсә	ilusæ
илһам	ilhäm
илһам	iɫhɑm
илһам	ɪlɦɑːm
илһамландырырға	ilhɑmɫɑntɯ̞rɯ̞ðʁä
илһамландырыусы	ilhɑmɫɑntɯ̞rɯ̞ɫsʊ̞
иләк	elæk
иләк	iːlɛk
иләнмәгән	ʲilænmæˈgæn
иләү	elæw
имай-утар	imajʊ̞wt̪ɑɾ
имамғол	imɑmʁi̠ɫ
иман	imɑn
иман	ïmɑn
иманбай	ʲimɑnbɑːj
иманғол	imɑnɢɯ̞ɫ
иманһыҙ	ɪ̞mɑnhɯ̞ð
имаш	imˈaɾʃ
имгәнергә	ʲimgɛnɪ̞rgæ
именлектең	dʲemɪ̞nɫʲɪktʲɪŋ
имеп	imɛp
имергә	imɪ̞rgæ
имеш	iːmɪ̞ʃ
имеҙергә	ʲimɪ̞ðɪ̞rgæ
имза	imˌzaː
имза	ïmzä
имза	ïmzɑ
имлә	ʲimlæ
имсәк	imsæk
имтихан	i̠mtʲi̠χän
имшеү	imʃɪ̞w
имән	imen
имән	imæn
имәнбәк	ʲimænbæk
ин	ɪn
ингән	iŋgæn
ингәс	jɛngɛs
индереп	ʲintɪ̞rʊ̞p
индерергә	ʲintɪ̞rʊ̞rgæ
индерешергә	ʲintɪ̞rɪ̞ʂɪ̞rgæ
индермәй	ɪ̞ndɪ̞rmæj
инер	iːnɯ̞r
инес	iˈnes
инеш	iːnɪ̞ʃ
инйәр	injæɾ
инмәне	i̠nmænæ
инсан	ïnsän
инсаф	ɪnˈsɑf
инсебикә	insɪ̞bʲikæ
институт	ˌiŋstitˈut
институты	institutɯ
инструмент	instrumʲɛnt
инсур	insuɾ
интегергә	ɪ̞ntɪ̞gɪ̞rgæ
интектереү	i̠n̪t̪ɪ̞kt̪ɪ̞rɪ̞w
интенсив	intensif
интернет	intɤrnɛt
интернет	intɨrnɛt
инша	i̠nʂä
инша	ɪn˥˩ʂɑː˥˩
иншалла	ïnʂäɫːä
иншар	enʃaɾ
инһә	ʲiŋhæ
инә	iːnɛ
инәй	inæj
инәй	iːnɛj
инәл	iːnɛl
инәлергә	ʲinælɪ̞rgæ
инәсәк	iˈnesɛk
инәүле	iˈnæwlæ
инәһенән	i̠næhænæn
ипләп	iplæp
ипләп	ip̞lɛp
иптәш	iptæʃ
ир	irĕ
ир	ir̥
ир	i̠ɾ
ир-ат	irɑt
ираман	iramɑn
иран	iːɾˈɑn
ирбай	rbɑj
ирбул	i̠ɾbɔɫ
ирбулат	i̠ɾbwɫät
ирегәс	irʊgɛs
ирек	irɪ̞k
ирекле	irɪ̞klɪ̞
ирекмән	irɪ̞kmæn
ирекһеҙҙән	i̠rɪ̞khɪ̞zːæn
ирен	irɪ̞n
иренеү	iːrɪ̞nɪ̞w
иретмә	ɪ̞rɪ̞tmæ
ирешергә	i̯rɪ̞ʂærgæ
ирештерергә	i̯rɪ̞ʂtʲɪrɪ̞wgæ
иреү	ɪ̞rɪ̞w
иркә	irkæ
иркә	i̠ɾkæ
иркәбикә	iɾkæbʲekæ
иркәгөл	i̠r̥kɛgɪ̞l
иркәк	irkæk
иркәк	irtæk
иркәләү	irgæ̹læʏ
иркәләүсе	irkælɛwsɪ̞
ирле	irɫe
ирлән	irlæn
ирлән	ir̥læn̪
ирмәк	irmæk
ирмәк	rmæk
ирназар	iɾnäzɑr
ирнур	iɾnoɾ
иртүк	irtʏ̞k
иртә	irtæ
иртәгә	irtægæ
иртәгәгә	irtægægæ
иртәгәһе	i̠ɾtægæhɪ̞
иртәгәһенә	i̠ɾtægæhɪ̞næ
иртәләү	ʲirtælæʏ
иртән	irtæn
иртәнге	irtængæ
иртәнсәк	irtænsak
иртәнсәк	irtænsæk
иртәнсәктән	irtænsæktæn
иртәнән	irtænæn
иртәрәк	iθˈtɛrˌɛk
ирхан	i̠ɾʁɑn
иршат	i̠ɾʃɑt
ирғужа	irɣuʒa
ирҙәр	irðær
ирәмәл	iɾæmæl
исем	esɪ̞m
исемгөл	ʲisʲɪmgʏ̞l
исемлек	isɪ̞mlɪ̞k
исемләргә	ʲisɪ̞ɴɫærgæ
искәндәр	iskændær
искәндәр	ʲiskændær
искәндәриә	iskændærijæ
ислам	izˈɫɑm
ислам	i̠sɫɑm
исланд	jisland
исмаҡай	ɪ̞smɑqɑj
исмаһам	esmähäm
исмаһам	jsmɑhɑm
исмәғзәм	ʁ̝ɪsmɛʁzæm
исмәғәзәм	esmɛʁɛzɛm
исмәғәләм	isˈmɛgælæm
испан	ɛspan
исрафил	ïsɾɑfʲïɫ
исәргәп	isærgæp
ит	it
итек	itɪ̞k
итек	itˈɛk
ител	ɪ̞tɪ̞l
ителгән	jtlgæn
ителергә	ʲitjɪlɪ̞rgæ
ителмәндәр	i̠tjɪlmændær
итеп	iːtɪ̞p
итер	itɛr
итергә	iːtɪ̞rgæ
иткәйнем	i̠tgɛjnɪ̞m
итләс	iːtlɛs
итмәгән	iːtmɛgæn
итмәгәс	ʲitmɛgɛs
итте	itːɛ
иттем	iːtːɪ̞m
иттереп	itɪ̞rɪ̞p
иттерер	i̠tːɪ̞rɪ̞ð
иттифаҡ	itːɪfəq
итә	itæ
итәйек	ʲitæjɪ̞k
итәк	itæk
итәк	itɛk
итәкле	itæklɪ
иудаизм	iːudˈaˈizm
ифрат	iːfrat
ихаталарға	iχɑtɑɫɑrʁɑ
ихаталаусы	iχɑtɑɫɑɫsɯ̞
ихтилал	ïχtʲïɫɑɫ
ихтимал	iɾtimˈɑl
ихтималлыҡ	ʲiχtʲimɑnɫɯ̞q
ихтирам	ïχtʲïrɑm
ихтирамларға	iχtʲiɾɑmɫɑrʁɑ
ихтыяж	ïχtɯ̞jɑʐ
ихтыяр	ïχtɯ̞jɑr
иш	iʃ
ишара	esarˈa
ишбулат	iʃbulɑt
ишбулды	iʃbwɫdɯ̞
ишдәүләт	iʃdæwlæt
ишек	iʃɛk
ишек	iʃɪ̞k
ишембәт	iʃɪ̞mbæt
ишетергә	iʃɪ̞tɪ̞rgæ
ишеттереү	iʃɪ̞tːɪ̞rɪ̞w
ишетһә	i̠ʂɪ̞ðhæ
ишеү	iʃɪˈv
ишим	iʃiːm
ишйәр	iʃjɛr
ишкилде	iʃkildæ
ишкәк	iʃkæk
ишкәксе	tɪʃkɛksɪ̞
ишле	iʃlæ
ишмеяр	iʃmijɑɾ
ишмырҙа	iʃmɐrða
ишмәкәй	iʃmækæj
ишмәт	esmɛt
ишсолтан	iʃsʊ̞ɫtɑn
иштимер	iʃtʲimɯ̞r
иштуған	iʃtugɑn
иштәктәр	iztɛktɛr
ишҡол	iʃqʊ̞ɫd
ишҡыуат	iʃqɯ̞uɑt
ишҡәле	iʂqælʲɪ
ишәйгән	iʃeˈjgæn
ишәк	eʃæk
ишәк	iʃæk
иғдәүләт	iʁdæwlæt
иғлан	iʁlɑn
иғлан	ïʁɫɑn
иғтибар	eχtɪbär
иғтибар	eχtɪbɑr
иғтибар	iɣtibɑr
иғтибарһыҙ	iχtɪ̞bɑrhɯ̞ð
иғәнәсе	iɣænɛsɪ̞
иҙел	iðɪ̞l
иҙелергә	iðɯ̞ɫɪ̞rgæ
иҙергә	iðɪ̞rgæ
иҙән	iðæn
иҡбал	iqbɑl
иҡсан	ɑqsɑn
иҡтисад	i̠qtʲi̠sät
иҡтисади	aqtisadj
иң	iŋ
иңкәйергә	i̠nkæjɪ̞rgæ
иңһәлек	iŋˈhɛlɪ̞k
иҫ	iθ
иҫемдә	i̠sɪ̞mdæ
иҫергәнсе	iθɪ̞rgænsɪ̞
иҫерек	iθɪ̞rɪ̞k
иҫереп	iθɪ̞rɛp
иҫке	iθkæ
иҫке	iθkɪ̞
иҫкергән	ʲiðkɪ̞rgæn
иҫкәртеү	iθkæɾtɛw
иҫкәртмә	iθkærtmæ
иҫләү	ɪslɛu
иҫтәлек	iθtælɪ̞k
иҫәкәев	iθɐkɛjɪ̞v
иҫән	iθæn
иҫән-һаулыҡ	ʲiθænhɑuɫɯ̞q
иҫәнаман	ɪθɛnəmɑːn
иҫәнбикә	ʲiθænbʲigæ
иҫәнбирҙе	ʲiθænbʲirðʊ̞
иҫәнбәт	ʲiθænbæt
иҫәнгерәтеү	ʲiθængʲɪrætɪ̞w
иҫәндәүләт	ʲiθændæwlæt
иҫәнморат	ʲiθænmɯ̞rɑt
иҫәп	iθæp
иҫәпләнергә	ʲiθæplænʲɪrgæ
йола	jʊ̞ɫɑ
йолалар	jɯ̞ɫɑɫɑr
йолалары	jɯ̞ɫɑɫɑrɯ̞
йолаларында	jɯ̞ɫɑɫɑrɯ̞ndɑ
йолаларҙа	jɯ̞ɫɑɫɑrðɑ
йоланың	jɯ̞ɫɑnɯ̞ŋ
йолаһы	jɯ̞ɫahɯ̞
йолаһыҙ	jɯ̞ɫɑhʊ̞ð
йолҡош	jɯ̞ɫqʊ̞ʂ
йом	jˈum
йома	jʊ̞mɑ
йомабай	jʊ̞mɑbɑj
йомабикә	jʊ̞mɑbʲekæ
йомабикә	jʊ̞mɑbʲikæ
йомарт	jʊ̞mɑɾt
йомағара	jụmɑɣɑrɑ
йомаҡ	jʊ̞mɑq
йомолмаған	jʊ̞mɑɫmɑʁɑn
йомортҡа	jʊ̞mɯ̞rtqä
йомортҡа	jʊ̞mʊ̞rtqɑ
йомош	jʊ̞mʊ̞ʂ
йомоҡ	jʊ̞mɑq
йомран	jʊ̞mrɑn
йомро	jʊ̞mɾʊ̞
йомшартырға	jɯ̞mʂɑrtʊ̞rʁä
йомшаҡ	jʊ̞mʂɑq
йомғаҡ	jʊ̞mʁɑq
йондоҙ	jʊ̞ndʊ̞ð
йондоҙ	jˈɯ̞ŋdʊ̞ð
йондоҙнамә	jʊ̞ndʊ̞ðnämæ
йонсорға	jʊ̞nʊ̞rʁä
йонсотоу	jɐ̃nsɐtəw
йопарбикә	jʊ̞pɑrbʲigæ
йопарсолтан	jɯ̞pɑrsʊ̞ɫtɑn
йорт	jʊ̞rt
йорт	jˈɔɾt
йорт-ҡаралты	jɯ̞rtqɑrɑɫtɯ̞
йортһоҙ	jɯ̞rthʊ̞ð
йосоп	jʊ̞sʊ̞p
йот	jˈɔt
йотом	jʊ̞tɔm
йоторҙай	jʊ̞tɑrðɑj
йоғорға	jʊ̞ʁɯ̞rʁä
йоғошло	jʊ̞ʁʊ̞ʂɫʊ̞
йоҙаҡ	jʊ̞zɑq
йоҙаҡ	jʊ̞ðɑ̹q
йоҙаҡларға	jɯ̞ðɑqɫɑrʁɑ
йоҙроҡ	jʊ̞ðrʊq
йоҡа	jʊ̞qɑ
йоҡла	jɯ̞qɫɑ
йоҡлайым	jɯ̞qɫɑjɯ̞m
йоҡлама	jɯ̞qɫɑmɑ
йоҡламайны	jɯ̞qɫɑmɑjnɯ̞
йоҡламаны	jɯ̞qɫɑmɑnɯ̞
йоҡланы	jɯ̞qɫɑnɯ̞
йоҡлап	jɯ̞qɫɑp
йоҡлар	ɫʊ̞qɫɑr
йоҡларға	jɯ̞qɫɑrʁɑ
йоҡлау	jɯ̞qɫɑu
йоҡлаған	jɯ̞qɫɑʁɑn
йоҡо	jʊ̞qʊ̞
йоҡоһоҙ	jɯ̞qʊ̞hʊ̞ð
йыйылма	jɪ̞jɯ̞ɫmɑ
йыйырсыҡ	jɯ̞jɯ̞rʊ̞sʊ̞q
йыйышығыҙ	jɯ̞jɯ̞rʂɯ̞ʁɯ̞ð
йыл	jɯ̞ɫ
йылан	jɯɫɑn
йылан	jɯ̞ɫɑn
йыллыҡ	jɯ̞ɫɫɑq
йылмаймаҫ	jɯ̞ɫmaajmɑθ
йылмаяҡлыҡ	jɯ̞ɫmɑjɑqɫɑq
йылмылдарға	ɯ̞ɫmʊ̞ɫdɑrʁɑ
йылъяҙма	jɯ̞ɫjɑðmɑ
йылы	jɯ̞ɫɯ̞
йылылыҡ	jɯ̞ɫɑɫɯ̞q
йылымса	jɯ̞ɫɯ̞nsɑ
йылымыс	jɯ̞ɫɯ̞mɯ̞s
йылымыс	jɯ̞ɫɯ̞mɯ̞ʂ
йылыт	jɯ̞ɫat
йылытҡан	jɯ̞ɫʊ̞ʂqɑn
йылға	jɯ̞ɫʁɑ
йылғыр	jɯ̞ɫgʊ̞r
йылҡы	jɯ̞ɫqä
йылҡыбай	jɯ̞ɫqäβɑj
йыназа	jɯ̞nɑzɑ
йыназа	jɯ̞nɑðɑ
йыр	jɯ̞r
йыраҡ	jɯ̞ɾɑq
йырлар	ɯ̞rɫɑr
йырсы	jɯ̞rsɯ̞
йыртылып	jɯ̞rtɑɫɯ̞p
йыртырга	jɯ̞rtɯ̞rʁä
йыртҡыс	jɯ̞rtqɯ̞s
йыртҡыс	jɯ̞rtqɯ̞z
йырырга	jərɯ̞rʁä
йыуа	jɯ̞wɑ
йыуан	jʊwɑn
йыуаса	jɯ̞wɑsɑ
йыуата	jɛu̯ɑtɑ
йыуашбай	jɯ̞ɫɑʂbɑj
йыуырға	jʊɫɯ̞rʁɑ
йыш	jɯ̞ʂ
йышҡы	jɯ̞ʂqɯ̞
йышҡы	jɯ̞ʃqɑ
йыя	jɛjɑ
йыһан	jɯ̞hɑn
йүгерһә	jʏgɪ̞ræ
йүгерһәнә	jugɪ̞rhænæ
йүгән	jʏgæn
йүкә	jɵkæ
йүләр	jʏlær
йүн	jˈyn
йүнләп	jʏnlæp
йүнләргә	jʏ̞nlærgæ
йүнһеҙ	jˈunhˈɪd
йүнәлергә	jʏ̞næ̹lʲɪɾgæ
йүнәлеш	jʏnælɪ̞ʃ
йүнәлтергә	jɔnɛltɪ̞rgæ
йүнәт	jˈunˈɛt
йүнәтә	jʏnætːæ
йүргәк	jʏrgæk
йүткерергә	jʏtkɪ̞rɪ̞lgɛ
йүтәл	jʏtæl
йүшкә	jʊ̞ʃkæ
йә	jæ
йә	jˈæ
йәбешкәклек	gʲɛbʲɪʃkæklʲɪk
йәбешкәс	jɛbʲɪʃkæːs
йәбештерелгән	jæbɪ̞ʃtʲiɾɪ̞lkæn
йәбештерергә	jæbɯ̞ʂtʲɪrɪ̞rgæ
йәиһә	jæjhæ
йәй	jæj
йәйелергә	jæjɪ̞lærgæ
йәйелешеп	jæjɪ̞lɪ̞ʂʲɪp
йәйен	jæjæn
йәйен	jæjɪ̞n
йәйләргә	jɛjlærgæ
йәйләү	jɛjlɛʊ
йәйғор	jæjʁʊ̞r
йәйә	jæjæ
йәйә	jˈɛjjæ
йәйәү	jæjæw
йәйәү	jɛjɛʊ
йәйәүле	jæjæʏlæ
йәйәүләргә	jæjæʏlærgæ
йәки	jæki
йәки	jækʲi
йәкшәмбе	jækʃæmbɪ̞
йәл	jæl
йәл	jˈɛl
йәлеп	jˈælp
йәлил	jæ̹lʲɪl
йәлләмәй	jælˈlæmæj
йәлләргә	jɛnlɛrgæ
йәләл	jælæn
йәм	jæm
йәме	jɛmɛ
йәмил	jæmæl
йәмил	jæmʲil
йәмилә	jæmʲilæ
йәмин	jæmɪn
йәмиға	jɛmiːɢa
йәмле	jɛmlæ
йәмләргә	jæmlærgæ
йәмғеһе	jæmʁɑhɯ̞
йәмғиәттә	jæmɢɪ̞ætːæ
йәмһеҙ	jæmhæð
йән	jæn
йән	jˈɛn
йән-тән	jæntæn
йән-фарман	jænfɑrmɑn
йән-яҡтан	jænjɑqtɑn
йән-яҡҡа	jænjɑqˈqɑ
йәнбаҡты	gænbɑqtɯ̞
йәнбикә	jenbʲekæ
йәнбирҙе	jænbʲirðɯ̞
йәнгир	jæŋgir
йәндек	jændæk
йәнемде	jænæmdʲɪ
йәнеп	jænæp
йәнифә	jɛnife
йәнкиҫәгем	jɛnkiθɛgɛm
йәнле	jænlæ
йәнләнеп	jænlænæp
йәнләнергә	jænlænɪ̞rgæ
йәннәт	jænːæt
йәннәттәге	jænˈnɛtːɛgɛ
йәноҙаҡ	jænäθɑq
йәнсура	jɛ̀nsuɾa
йәнтелә	jæntjɪlæ
йәнтимер	jæntʲeːmɪ̞r
йәнтүрә	jæntʏ̞ræ
йәнғәли	jænɢælej
йәнһүрәт	jænhʏræt
йәнһөйәр	jænhɪ̞jˈɛr
йәнә	jænæ
йәнәби	jænɛbˈi
йәнәхмәт	janɛχmæt
йәнәшә	jænɪ̞ʃɛ
йәнәһе	jænhɪ̞
йәркәй	jærkæi
йәрминкә	jærmʲinkæ
йәрмулла	jɛrmullɑ
йәрмөхәмәт	jɛrmæχæmæt
йәрәхәт	jæræχæt
йәрәхәтләргә	jɛrɛχætlærgæ
йәтеш	jɛtɛʃ
йәтим	jætʲim
йәтим	jɛtiːm
йәш	jæʃ
йәш	jˈɛs
йәшел	jæʃɪ̞l
йәшелләнергә	jæʃæ̹lɫɛnɪ̞rgæ
йәшелләнеү	jæʃɪ̞llɛnɪ̞w
йәшелсә	jæʃɪ̞lsæ
йәшелсәселек	gæʃɪ̞ɫsæsɪ̞ɫɪ̞k
йәшен	jæʃɪ̞n
йәшенде	kæʃɪ̞ndɪ̞
йәшенеп	jæʃɪ̞nʲɪt
йәшенергә	jæʂɛnɪ̞rgæ
йәшерен	jæʂæɾɯ̞n
йәшерен	jæʃɪ̞rɪ̞n
йәшерергә	jæʃɪ̞rɛɾgæ
йәшереү	jˈɛʃɛrˈɪw
йәшерә	læʃɪ̞ræ
йәшлек	jˈɛʃlˈɛk
йәшләй	jæʃlæjˈ
йәшләнгән	jæʃlængæn
йәшмәташ	gjɛʃmɛtɑʃ
йәшник	jæʃnʲik
йәшник	jɛʃnʲik
йәштәге	jɛʃtɛgɛ
йәштәр	jæʃtæɾ
йәшәй	jæʃhɛj
йәшәйеш	jæʃæjɪ̞ʃ
йәшәмәгән	ʃaʃamɛɣɛn
йәшәп	jaʃɛp
йәшәүсе	jɛʂɛusɛ
йәғни	jæʁnʲi
йәғни	jæˈgni
йәғрәфиә	jæʁɾæfijæ
йәүҙәт	jæwðæt
йәүһәр	jɛuhær
йәүһәриә	jɛʊhɛrjɛ
йәүһәрә	jɛuhɛræ
йәүәт	jɛbɛt
йәһүд	jæhut
йәһүҙә	jɛhʏ̞ðæ
йәһәннәм	jæhænːæm
йәһәт	jˈɛːhɛt
йөй	jɔj
йөйләргә	jɪ̞jɫærgæ
йөйәк	jɪ̞jɛk
йөк	jʏ̞k
йөк	jˈøk
йөкмәтелеү	jəkmɛtɪ̞lɪ̞w
йөкмәтке	jʏ̞kmætkɪ̞
йөкмәткеле	jʏ̞kmætkjlʏ̞
йөн	jæn
йөн	jʏ̞n
йөнтә	jɯ̞ntæ
йөрәк	jʏ̞ræk
йөрәктау	jʏrɛgtɑw
йөрөмәгеҙ	jʏ̞ræmægɪ̞ð
йөрөмәйем	jʏ̞rɛmæjɪ̞m
йөрөмәйне	jʏ̞rʏ̞mæjnʏ̞
йөрөмәйсе	jʏ̞rʏ̞mæjsʏ̞
йөрөмәҫ	jʏ̞rʏ̞mæθ
йөрөп	bʏ̞rʏ̞p
йөрөткән	jʏɾätkæn
йөҙ	jɯ̞ð
йөҙ	jʏ̞ð
йөҙйәшәр	jɯ̞ðjɛʃɛr
йөҙтүбән	jʏ̞ðtʏbæn
йөҙтүбән	jʏ̞ðtʏβæn
йөҙөк	jʏ̞ðʏ̞k
кабарда	ɦɑbɑrda
кабинет	kabinʲet
кавказ	käfkäz
кавказ	kɑfkɑs
калуш	kɐˈluːʃ
камал	kamal
камил	kamil
камила	kɑmila
камиллашҡан	kämilbɑʂqɑn
камышит	kamʃit
кандидат	kandidat
капланған	qɑpɫɑnʁɑn
капрон	kapron
карам	kɑram
карап	käräp
каркас	karkas
карта	karta
карта	kɑrta
картуф	kartʊf
картуф	kɑrtuf
каруан	kärwän
каса	kasa
катамаран	kat̪amaran
катарыш	qɑtɑrɯ̞ʂ
кафи	kaffˈi
кафыр	käfɪ̈ɾ
кафыр	kæfɪ̞ɾ
кашап	qɑʃɑp
квартал	kvärtäɫ
кейекбай	kɪ̞jɪ̞kbɑɪ̞
кейекҡужин	kʲijɪ̞kqoʐæin
кейем	kɪ̞jɪ̞m
кейем	kʲɪljɪm
кейем-һалым	kʏ̞jjɪ̞mhɑɫɯ̞m
кейемдәр	ki̠jɪ̞mdæɾ
кейенергә	kɪ̞jːɪ̞nʲɪrgæ
кейеп	kʲɪɪ̞p
кейергә	kæjɪ̞rgæ
кейеҙ	kɪ̞jɪ̞ð
кейҙереү	kɪ̞jðʊ̞rɪ̞w
кейәү	kɪ̞jæw
келәймәле	kɪ̞ɫɛjmælɪ̞
келәм	kɪ̞læm
кем	kæm
кем	kɪ̞m
кемдер	kɛmdɪ̞r
кемуҙарҙан	kɪ̞muzɑrðɑn
кендек	kɪ̞ndɪ̞k
кер	kɪ̞r
кергәс	kəɾgʲɛs
керпек	kɪ̞rpɪ̞k
керҙе	kɪ̞rðæ
кесаҙна	kɪ̞säðnä
кесерткән	kɪ̞sɪ̞rtkæn
кесерткән	kʲɪsɪ̞rtgæn
кескәй	kɪ̞skæj
кефир	kɛfiɾ
кеш	kɪ̞s
кеше	kɪ̞ʃɪ̞
кешелек	kɪ̞ʃɪ̞lɪ̞k
кешелек	kʲɪʃɪ̞nɫɪ̞k
кешесә	kɪ̞ʃɪ̞sɪ̞
кеҫә	kɪ̞θæ
кеҫәртке	kɪ̞θærtkɪ̞
киев	kʲijɨ̞f
кикрек	kikrek
килгәндер	kilgændæɾ
килгәндә	gilgɛndæ
килгәнсе	kjlgɛnsɛ
килдебәк	kʲiɫdɪ̞bæk
килдияров	kildɪjɑrɑf
киле	kʲilɪ̞
килейек	kʲilɪ̞jɪ̞k
килемле	kʲelɪ̞mɫæ
килен	kʲelɪ̞n
килеп	kilep
килеш	kileʃ
килеш	kilɪ̞ʃ̟
килешеп	kileʃɪp
килешергә	kʲiɫɯ̞ʂɪ̞rgæ
килешмәгәнлек	ki̠ɫɪ̞ʂmægænlɪ̞k
килмешәк	kʲilmɪ̞ʃæk
килмырҙа	kʲiɫmɯ̞rðɑ
килмәгән	kʲiɫmægæn
килмөхәмәт	kjlmɪ̞χɛmæt
кило	kilo
килограмм	kʲiɫägräm
килтер	kiltɛr
килтергәс	kiltirgɛs
килтерелгән	kɪ̞ɫtʲɪrɪ̞ɫgæn
килтерһә	kʲiɫtɪ̞rhæ
киль	kɛl
килә	kile
киләсәк	kʲilæsæk
киләсәктә	kjlɛsækˈtæ
киләһе	kʲelæhɪ̞
кимерелеү	kʲimɪ̞rɪ̞lɪ̞w
кимереүсе	kʲimɪ̞rɪ̞wsɪ̞
кимәл	kimˈɛl
кимәл	kʲimæl
кимәлдә	kʲimæ̹ldæ
киндер	kʲindɪ̞r
кинйә	kʲinjæ
кинйәбикә	kʲinjæbʲikæ
кинйәбулат	kʲinjæbwɫät
кинйәһолтан	kʲinjæhɯ̞ɫtɑn
кино	kino
кинәйә	kʲiˈnɛjæ
кинәйәлелек	ki̠nɛjæ̹lɪ̞ɫæk
кинәнергә	kʲinænɪ̞rgæ
кинәт	kinɛt
кинәт	kʲinæt
кипмәгән	kiːpmɛgɛn
кирам	kʲirɑm
кирбес	kʲirbɪ̞s
кире	kire
кире	kʲeɾɪ̞
киреләнергә	kʲiɾʲɪlænʲɪrgæ
киреһенсә	kʲirɪ̞hɪ̞nsæ
киреһенсә	kʲirɪ̞hɪ̞nsɛ
киртеп	kʲirtɪ̞p
киртергә	kʲɪrtʲɪrgæ
кирәй	kʲirej
кис	kʲis
кис	kˈis
кисергә	kʲisɪ̞rgæ
кисергән	kisərgæn
кисерештәрен	kisɪ̞rɪ̞ʃtærɪ̞n
кисерә	kisræ
кисеү	kʲisɪ̞w
кискә	kiskæ
кисә	kise
кисә	kʲisæ
кисәге	kisɛge
кисәғас	kiseʁas
китаптар	kʲitɑptɑr
китапхана	kʲitäpχänä
китер	kitar
китергә	kitargʲɛ
китерҙәй	kitsɛrðɛj
киткән	kʲitkɛn
китмә	gitmæ
китмәгеҙ	kitmægɪ̞ð
китмәй	kijtmɛj
китмәһә	kɪ̞tmɛhɛ
китһә	kʲithæ
китә	kite
китәсәк	kjtɛsæk
кишер	kʲeʃɪ̞ɾ
киң	kɪŋ
киң	kʲeŋ
киңлек	kʲiŋlɪ̞k
киңәйергә	ki̠ɴæjɯ̞rgæ
киҫәге	kiθɛgɛ
киҫәк	kizɛk
клара	hɫara
класташ	gɫɑstaʃ
код	kɔd
комбинат	kɔmbinˈat
коми	kɔmi
корея	korĕjɑ
коридор	kʊˈrɪdɔr
крем	kɾˈim
кристаллик	kristalnik
куба	kubä
кукуруз	kukuruz
кулибай	ulibaj
культы	kultɯ̞
кума	kuma
кыҙҙар	qɯ̞ðːär
кү	kˈɔː
күбек	kʏβɪ̞k
күбекләнергә	kʏbʲɪkɫænʲærgæ
күбәйгәндәй	kʏbæjgæːndæj
күбәләк	kʏβælæk
күгәрсен	kɵgærsɪ̞n
күгәүен	kʏgæwɪ̞n
күк	kɵk
күк	kˈʊk
күкрәк	kukrɛk
күкрәкле	kʏkrækˈlæ
күкрәргә	kukrɛɾgɛ
күктә	kuktɛ
күкәй	kukˈɛ
күкәй	kʏkæj
күл	kʏl
күлдәк	kyldˈɛk
күлдәк	kʏldæk
күләгә	kʏlægæ
күләм	kʏlæm
күләүек	kulɛvɯ̞k
күләүек	kʏlæwɪ̞k
күмер	kɵmɪ̞ɾ
күмер	kʏmer
күмертау	kʏ̞mɪ̞rtɑu
күммәгеҙ	kʏrmægɪ̞ð
күмәк	kymæk
күмәкләп	kʏ̞mækɫɛp
күмәкләшеп	kʏ̞mækɫɛʂɪ̞p
күмәс	kɯ̞mɛs
күн	kyn
күнегергә	kʏ̞nʏ̞gɪ̞rgæ
күп	kɵp
күпер	kupɛr
күпер	kʏpɪ̞r
күпкә	kʏptkæ
күпме	kʏpmɪ̞
күпселек	kʏpsɪ̞lɪ̞k
күргәҙмә	kʏ̞rgæðmæ
күрек	kʏrɪ̞k
күренгән	kʏrʏngæn
күренергә	kʏrænɪ̞rgæ
күренеш	kʏrɪ̞nɪ̞ʃ
күренеү	kwɾɯ̞nɯ̞w
күренмәгән	kʏrʏ̞nmægæn
күреп	kʏræp
күркә	kɵɾkæ
күркәм	kʏrkʲɛm
күркәмбикә	kʏrkʲæːnbʲekæ
күрмәгеҙ	hʏrmægɪ̞ð
күрмәй	kʏ̞rmæj
күрмәйсе	kʏrmæjsæ
күрмәҫ	kʏrmæθ
күрше	kɵɾʃɪ̞
күршеләргә	kʏrʂjɪlɛrgæ
күрһен	kʏrhæn
күрһәтелгән	kʏrhætɪ̞lgæn
күрһәтер	kʏrhætɛr
күрһәтергә	kʏ̞rhætɪ̞rgæ
күрһәткес	kʏrhætkɪ̞s
күрһәткес	kʏrhætkʲɪz
күрһәтте	kʏrhætːæ
күсергә	kʏ̞sʏ̞rgæ
күсермәһеҙ	kʏ̞sʏ̞rmæhɪ̞ð
күсертергә	kʏ̞sʏ̞rtʏ̞rgæ
күскен	kʏskɪ̞n
күскәндә	kʏ̞skændæ
күстәнәс	kʏstænæs
күсәр	kʏsær
күсәрбаев	kʏsærbɑːɪ̞w
күт	kɵt
күт	tut˦
күтәрелеп	kʏtærɪ̞ɫæp
күтәрелергә	kʏtærɪ̞ɫɪ̞rgæ
күтәрелеш	kʏtærɪ̞ɫæʃ
күтәреп	kʏtærp
күтәрҙе	kʏtærðæ
күҙектерергә	kʏ̞ðʏ̞ktʲɪrʲɪrgæ
күҙлек	kʏðlɪ̞k
күҙләргә	kʏzlɛrgæ
күҙәнәк	kʏðænæk
күҙәтеү	kʏðætɪ̞w
күңел	kɵŋɪ̞l
күңелле	kɵŋɪ̞lːɪ̞
күңелһеҙ	kɵŋɪ̞hɪ̞ð
күңелһеҙ	kɵŋɪ̞ɦɪ̞ð
кәбе	kæbæ
кәбеҫтә	kæbɪ̞θtæ
кәбеҫтә	kæβɪ̞θtæ
кәбеҫтә	kɛbɪ̞ʃtæ
кәбир	kæbʲir
кәбирә	kæbʲiɾæ
кәбән	kæb̪æn
кәбән	kæβæn
кәбән	kɛbːɛn
кәзә	kæzæ
кәзәләнергә	kæzælɛnɯ̞rgæ
кәзән	kɛzen
кәйеф	kæjɪ̞f
кәкре	kækɪ̞ɾɪ̞
кәкре	kækɾɪ̞
кәкрәйергә	tʲɛkɾæjɪ̞rgæ
кәкүге	kakugɛ
кәкүк	kækʏk
кәкүк	kɛkʏkk
кәли	kæli
кәләш	kælæʃ
кәм	kæm
кәмендә	kæmɪ̞ndæ
кәмеп	kæmp
кәметеү	kɛ̀ːmtʲeu̯
кәметкән	kʲɛmɨtkʲɛn
кәмеү	kæmɪ̞w
кәмә	kæmæ
кәнфит	kænfʲit
кәнфит	kənfɪt
кәпәс	kɛps
кәримә	kæɾimæ
кәрниз	kerniz
кәрпәсте	kɛrpɛstɛ
кәрт	kæɾt
кәртә	kæɾtæ
кәртәләргә	kɛrtɛlærgæ
кәршүк	kɛrˈʃyk
кәрһеҙләнеү	kærhɪ̞ðɫænʲɪw
кәрәк	kærek
кәрәк	kæræk
кәрәклек	kʲɛræklɪ̞k
кәрәкме	kærækmæ
кәрәкмәй	kʲɛrækmæ̹j
кәрәм	kæˈræm
кәрәмәт	kɛrɛmmæt
кәрәҙ	kɛɾˈɛð
кәсеп	kɛsɪp
кәсер	kæsɪ̞r
кәстрүл	kæstrʏl
кәтибә	kɛtɪbɛ
кәтмән	kætmæn
кәтмән	kˈætmen
кәштә	kæʃtæ
кәшфулла	kæʃfˈɔlla
кәшәнә	kæʃænæ
кәңәш	kæŋæʃ
кәңәшмә	kæŋæʃmæ
кәңәшсе	kæŋæʃsɪ̞
кәүсәр	kɛusɛr
кәүсәриә	kɛlsɛrjæ
кәүҙә	kæwðæ
кәүҙәләнеш	kæʏðælɛnɪ̞ʂ
кәүҙәһеҙ	kɛuːðɛhɯ̞ð
көбәк	kəbˈɛk
көбәков	kʏbɛkov
көй	kɛjˈ
көй	kʏ̞j
көйләү	kɪ̞jlɛː
көйҙөрөргә	kʏ̞jðɪ̞rɪ̞rgæ
көйә	kʏ̞jæ
көйәнтә	kjɛntɛ
көйәнтә	kʏ̞jæntæ
көйө	kɪ̞jːɪ̞
көйөнсә	kʏ̞jʏ̞nsæ
көйөнә	kɪ̞jːʏ̞næ
көйөшмәйек	kʏ̞jɯ̞ʂmæ̹jɪ̞k
көкөрт	kʏ̞kʏ̞rt
көл	kʏ̞l
көлтөрәп	kʏ̞ɫtʏ̞rɛp
көлөр	tʏ̞lʏ̞r
көлөргә	kʏ̞jɫɪ̞rgæ
көмбәҙ	kəmbɛð
көмбәҙ	kʏ̞mbæð
көмөш	kʏ̞mʏ̞ʃ
көмөшбай	kʏ̞nʏ̞ʂbäj
көмөшҡол	kʏ̞mɪ̞ʂqɑɫ
көн	kyn
көнбайыш	kʏ̞nbɑjɯ̞r
көнбайыш	kʏ̞nbɑjɯ̞ʂ
көнбайышта	kɛ̀nbɑjɯ̞ʂtɑ
көнбағыш	kʏ̞nbɑʁɯ̞ʂ
көнбағыш	tʏ̞nbɑʁʊ̞ʂ
көндәлек	kʏ̞ndælɪ̞k
көнкүреш	kʏ̞nkɵrɪ̞ʃ
көнкүреш	kʏ̞nkʏrɛʃ
көнләшергә	kʏ̞nlæʂɪ̞rgæ
көнсығыш	kʏ̞nsɯ̞ʁɯ̞ʂ
көнсығышта	kɪ̞nsɯ̞ʁɯ̞ʂtä
көньяҡ	kʏ̞njɑq
көньяҡта	kɪ̞njɑqtɑ
көпләргә	kʏplærgæ
көр	tʏ̞r
көрсөк	kʏ̞rsʏ̞k
көрт	kərt
көрт	kʏ̞rt
көртмәле	kʏrtmæ̹lɪ̞
көртмәле	kʏ̞rtmælɪ̞
көршәк	kʏrʂɛk
көрәк	kərɛk
көрәк	kʏ̞ræk
көрән	kʏɾæn
көрәргә	kərærgæ
көрәш	kʏ̞ræ̹ʃ
көрәшергә	kʏræʂɪ̞rgæ
көс	kʏ̞s
көс	kˈɪs
көс-дәрт	kʏ̞sdæɾt
көсләп	kʏ̞slæp
көсләргә	tʏ̞slɛrgæ
көслө	kʏ̞slʏ̞
көстө	kʏ̞stʏ̞
көсәйгән	kɛsɛjgɛn
көсәйергә	kʲɪsæjɪ̞rgæ
көсөк	kʏ̞sʏ̞k
көсөм	kɪ̞sɪ̞m
көсөргәнешлек	kʏsirgænɪ̞ʂɫɪ̞k
көтмәгәндә	keˈtmægændæ
көтмәгәндә	kʏ̞tmægændæ
көтөргә	kʏ̞tsʏ̞rgæ
көтөү	kɪ̞tɪ̞w
көтөү	kʏ̞tʏ̞w
көтөүсе	kɪ̞tɪ̞wsɪ̞
көҙ	kɪ̞ð
көҙ	kʏ̞ð
көҙгө	kʏ̞ðgʏ̞
көҙән	kʏ̞ðæn
көҙән	kʏ̞ðɶ̟n
ла	lɑh
лаклау	læklæʊ
ламиҡ	ɫæmʲek
лампас	lɑmpas
лапаҫ	ɫɐpɐs
латвия	ɫatviˈa
латин	ɫɐtɪn
латип	ɫo̞t̪ip
латиф	lˈɑti
латифа	lɑtifˈa
латифулла	laːtjfolːɑ
латыш	ɫatɯʃ
лекторлыҡ	læktʊ̞rɫɯ̞q
лемма	lʲemma
лена	lʲænä
либераллек	liːbɪrɑɫlɪk
лига	lˈiga
лигатура	lʲigatura
лидерлыҡ	lʲidɪ̞rɫʊ̞q
лизол	lizˈol
лика	vika
ликвид	likvid
лилипут	ljliput
лимит	limit
лимитланыу	limitlɑnɑu
лимитлау	limˈitlaʊ
лимонка	ɫɪmɔnka
лимузин	ljˈmˈʊziːn
лимфа	ljˈnˈfˈa
лингвист	lindvist
лингвистик	lɪŋgwˈistik
линза	ljnða
лиризм	lˈiɹˌizm
лирик	lˈiɾɪk
лирика	lˈirika
листовка	ljstofka
литва	lˈitvɑː
литр	ljtr
литраж	ɭitraʒ
лиф	lˈif
лифт	lˈif
лицей	litsɛj
логик	ɫɔgik
логика	ɫɔgika
лотфрахман	ɫɯ̞tfɾaχmɑn
лоҡман	lɯ̞qmɑn
луиза	lˌuˈiza
лут	lut
ляпис	lapis
лә	læ
ләбибә	labibe
ләззәт	læzːɛt
ләззәтләнергә	ɫæzzætɫɛnirgæ
ләзизә	lazize
ләйлә	læjlæ
ләйсән	læjsæn
ләм	læm
ләғнәт	lægnɛt
ләүәш	ɫɛʊ̞ɛʃ
мабайна	mabajla
магазин	magazin
магнат	magnat
магнит	magŋit
мажара	mɑʒɑrɑ
мажаралы	mˈɑʒarˈɑlˈɛ
мазурка	mˈɑzarkˈa
мазут	mɔzʊt
мазһар	mʌzhar
май	mæ̹j
маймыл	mɑjmɯ̞ɫ
майсара	majsara
майҙан	mɑjðɑn
майҙанлы	mɑjðɑnɫæ
майҙансыҡ	mɑjðɑnsɯ̞q
майҙаны	mæjðɑnæ
макарон	makaron
маладис	mɑɫɑdʲïs
малай	malaj
малай-муйнаҡ	mɑɫɑjmujðɑq
малбай	malbaj
малик	mˈɑlik
малсылыҡ	mɑlsɯ̞ɫɯ̞q
мамай	mamɑj
мамыҡ	mɑmɯ̞q
манап	mˈɑnəp
манара	mɑnɑrɑ
манара	mɑɫɑrɑ
манат	manat
манга	manga
маннан	mænnæn
маннур	mannuɾ
мансап	mɑnˈsɑp
мансаф	mɑnˈsɑf
мари-мәнәүез	mariːmɛnɛwɪz
маринадлау	marijnadɫau̯
маршрут	mˈarʃɾˈuð
маскарад	mˌɑskɑrˈat
маскаһыҙ	mɑsqahɯ̞ð
массаж	massaʒ
маташа	mat̪aʃa
маташты	mätäʃtä
маташыу	mataʃɛw
матбуғат	mätboːʁat
матбуғат	mɑtbuʁɑt
матдә	mädːæ
матдә	mædːæ
матдә	mɑtdɛ
материк	mˈatˈerˈik
матрас	matras
матрос	matros
матроска	matrɔska
матса	matsa
матур	matuːr
матур	mɑtʊɾ
матурайтыу	mɑtuɾajtɯ̞w
матурларға	matuɾɫɑrʁɑ
матурлау	maturlau
матурлаусы	mɑtuɾɯ̞ɫæwsʊ̞
матурлыҡ	mɑturɫɑq
маузер	mau̯zɛr
мауыҡтырырға	mɑwʊ̞qtʊ̞rʊ̞rʁä
мауыҡҡан	mɑwɑqqän
махсус	mɑχsus
махсуслашырға	mɑqsusɫɑʃɯ̞rʁɑ
машина	masina
машина	mäʂɯ̞nä
машина	mäʃinä
машинаһыҙ	mɑʃiːnɑhɯ̞ð
машинист	maʃɛnist
мағашлы-алмантай	mɑʁɑʂɫʊ̞ɑɫmɑntɑj
маҙһар	mɑðˈhɑr
маҡсат	mɑqsɑt
маҡсат-һөҙөмтә	mɑqsɑthʏ̞ðʏ̞mtæ
маҡтана	mɑqtɑlɑ
маҡтансыҡ	mɑqtɑnsɯ̞q
маҡтарга	mɑqtʃɑrʁɑ
маҡтау	mɑqtɑw̜
маҡтымһылыу	mɑqtɯ̞mhɯ̞lɑu
маңдай	mɑŋdɑj
маңлай	mɑɴɫɑj
маңлай	mɔ̙ŋɫɑj
маңҡа	mɑŋqɑ
маһи	mˈˈɑhi
маһизәрә	mˈɑːhizæˈrɛ
маһикамал	maɣikɐmɑɫ
маһинур	mahˈinur
маһиҙә	mɑhʲiðæ
маһиҙәр	mˈɐhˈiːðˈɛr
маһруй	mahruːj
мейе	mɪ̞jɪ̞
мейес	mɪ̞jɪ̞s
менге	mʏ̞ngæ
мендәр	mɪ̞ndær
мендәр	mʏ̞ndær
менеп	mʏ̞nʏ̞p
менергә	mʏ̞nærgæ
менуэт	mʲinuʲet
менәргә	mʏ̞nærgæ
менәүрә	mɪ̞næwræ
менәүәрә	mʏ̞næʏwæræ
мерәҫ	mrɛθ
металл	mʲitɑɫ
мең	mɪ̞ŋ
меңенсе	mʏ̞ŋeŋsɯ̞
меңләгән	mʏ̞ŋlʲɪgɛn
меңъяпраҡ	mʏ̞ŋjɑprɑq
ми	mˈi
мидийәк	midiæk
милли	mili
милләт	mjɪlːɛt
милләт	mʲilːæt
милләтсе	mʲilːætsɪ̞
милләтсел	mʲilːætsɪ̞l
миләш	mʲilæʃ
миләүшә	mʲilæwʃæ
мин	mjˈn
мин	mʲen
миндə	mʲindæ
миндек	mʲindɪ̞k
миндә	mʲindæ
мине	mʲinɪ̞
минең	mʲenɪ̞ŋ
минзира	mʲinzʲira
минзәлә	mʲinzælæ
минислам	mʲinɪslɑm
министр	miˈniztr
министр	mʲinʲistɯ̞r
министрлыҡ	mʲinʲistɯ̞rɫɯ̞q
минут	minuʲt
минут	mʲinut
миньяр	mʲenjär
минһаж	mʲenˈhɑːʒ
минһеҙ	mʲenhɯ̞ð
минән	mʲinæn
мира	mira
мирас	mijˈɾɑs
мирасбай	mʲirasbaj
мират	mirˈat
мираҫ	mʲirɑθ
миржан	mʲirzæn
мирза	mʲirza
мирзабай	mʲirzæbäj
мирзахан	mjɾzɑxɑn
мирйән	mʲirjæn
мирсаяп	mɪrsɑjɑp
мирсәлим	mʲirsæ̹lʲm
мирхайҙар	mʲirχäjðɑr
мирғәзән	mʲirɣæzæn
мисбах	mʲisbɑh
мискә	mʲisgæ
мисәт	miset
михнәт	miχnæt
мишкә	mʲiʃkæ
миян	mian
миҙал	mjˈðˈal
миҙал	mʲiðäɫ
миҙгел	mʲiðgɪ̞l
миҙхәт	mʲiðχæt
миң	mʲeŋ
миң	mˈɪŋ
миңзифа	migzifa
миңкамал	minkɐmal
миңлекамал	mʲiŋlʲɪ̞kɑmɑɫ
миңлениса	mʲiŋɫɪ̞nʲiːsɑ
миңлесолтан	mʲiŋlʲɪsʊ̞ɫtɑn
миңлехаҡ	mʲenlʲiχɑq
миңлехәйҙәр	mʲenlʲɪχæjðær
миңлеғәйшә	mʲenlɯ̞ʁæjʂæ
миңлислам	mʲiŋlʲisɫɑm
миңнур	minnor
миңсара	mʲensɑra
миңсафа	miŋsɑfɑ
миңтаһир	mintahir
миңә	miŋe
миңә	mʲiŋæ
миҫал	mʲi̠θɑɫ
мозафар	mjˈzæfɑɾ
мозаффар	mʊzæfɑɾ
монасип	mʊnɑsip
монгол	mʊ̞ŋgɔɫ
монизм	mˌɐ̃ɲˈizˌm
морат	mʊɾˈɑt
мордва	mɔrdva
морон	mʊ̞rʊ̞n
мортаза	mrtazɑ
мортай	mʊ̞rtaj
мортира	mortira
мосадиҡ	mˈˈlˈsadɪq
мосафир	mɑsɑfˈir
мосолман	mʊ̞sʊ̞ɫmɑn
моталлап	mɑtɑllɑp
мотлаҡ	mɯ̞tɫɑq
мотлаҡ	mʊ̞tɫɑq
мотоцикл	mätätsɯ̞kɯ̆ɫ
мофазал	mafɑzɑl
моғайын	mʊ̞ʁäjɯ̞ŋ
моғайын	mʊ̞ʁɑjɯ̞n
моң	mʊ̞ŋ
моңайырға	mʊ̞ŋajɯ̞rʁɑ
музыка	muzɪka
муйыл	mujɯ̞ɫ
муйын	mujɯ̞n
муйын	mˌujjɌŋ
мул	mul
мул	muɫ
мулдаш	mʊ̞ɫdɑʂ
мулдаҡай	mʊ̞ɫdɑqɑj
мулла	moɫːɑ
мулла	mullɑ
муллабай	muɫlabɑj
мулланур	mʊ̞ɫːɑnwr
муллахмәт	mullɑχmæt
муллаян	mullãĩjɑn
муллаяр	mʊ̞ɫːäjär
муллағол	mullɑʁʊ̞ɫ
мулләхмәт	mʊ̞llæχmæt
мунса	monsɑ
мунса	mʊ̃sɑ
муса	musɑ
муса	mˈʌsˈɑ
мусиҡа	musiqä
муштралау	mʊʃtɾɐlɐʊ
муҡшы	muqˈʃi
мыжыҡ	mɯ̞ʐɯ̞q
мыйыҡ	mɑjɯ̞q
мыйыҡ	mɯ̞jɯ̞q
мылтыҡ	mɯ̞ɫtɯ̞q
мырҙа	mɯ̞rðɑ
мырҙабаев	mɯ̞rðäbäjɯ̞f
мырҙағол	mɯ̞rðäʁɑɫ
мырҙаҡай	mɯ̞rzaqɑj
мысыр	mɯ̞sɯ̞ɾ
мышар	mɯ̞ʂɑr
мышы	mɯ̞ʂɯ̞
мүзә	mɵzæ
мүк	mʏk
мүк	mˈykˈ
мә	mæ
мәгәр	mæg̞ær
мәжит	mɛʁit
мәжүси	mæʒʏsʲi
мәжүсилек	mæʒʏsʲilɪ̞k
мәзит	mɛgit
мәйгәшле	mæjgæʃlæ
мәйет	mæjɪ̞t
мәкерле	mækɪ̞rlæ
мәккиә	mˈɛkiɛ
мәккә	mækːæ
мәккә	nækːɛ
мәктәп	mæktæp
мәл	mæl
мәл	mˈɛl
мәлдә	mɛldɛ
мәлдәге	mɛldægæ
мәлик	malik
мәликә	nɛlikæ
мәләк	mɛræk
мәмдүҙә	mæmdøðæ
мәмерйә	mæmɪ̞rjæ
мәмләкәт	mɛmlækkæt
мәней	mænɪ̞j
мәнирә	mænivɛ
мәнфәғәт	mænfæʁæt
мәргән	mærgæn
мәргән	mˌɛrgɛn
мәрзиямал	mɛrˈziɑmɑl
мәрзиә	merziæ
мәрйен	mærjɪ̞n
мәрйә	bæ̹rjæ
мәрйәм	mærjæm
мәрмәр	mærmær
мәртәбә	mærtæβæ
мәрхүм	bɛrχɵm
мәрхүм	mærχʏm
мәрхәмәт	mʊ̞rχæmæt
мәрхәмәтле	mærχæmætɫɛ
мәрхәмәтһеҙ	mɪ̞rχæmæthɪ̞ð
мәрғүбә	mɛrʁubɛ
мәрүәр	mɛrbær
мәрүәт	mɛrbæt
мәсет	mæsɪ̞t
мәсет	mɛstˈ
мәскәү	mæskæw
мәслихәт	mˈɛslˈiχˈɛt
мәсрүрә	mɛsrure
мәсьәлә	mæsælæ
мәсьәлә	mæsʔælæ
мәсүмә	mɛsmɛ
мәсәл	mɛsɛl
мәте	mɛtɛ
мәтрүшкә	mɛtrʊ̞ʂkæ
мәтәле	mɛtɛlɛ
мәхмүт	mæχmʏt
мәхмүт	mæχmʏ̞t
мәхәббәт	mæχæββæt
мәшһүр	mæʃhʏ̞r
мәшәҡәт	mæʃaqət
мәшәҡәт	mæʃæqæt
мәшәҡәтлелек	mæʃæqætlæɫɪ̞k
мәшәҡәтләнмә	mɛʂɛqætlænmæ
мәшәҡәтләргә	mæʃæqɛtlærgæ
мәғариф	mæɣˈæˈrif
мәғдән	mɛgdɛn
мәғзүм	mˈɛʁzym
мәғлүмәт	mæʁlʏmæt
мәғлүмәт	mɛʁlymɛt
мәғрүф	mˈaʁrɵf
мәғәнә	mæʁænæ
мәҙинә	mæðinæ
мәҙинә	mæðiːnæ
мәҙрәсә	mæðɾæsæ
мәҙхиә	mɛðˈxɪjɛ
мәҙәк	mˈɛðk
мәҙәни	mæðæniː
мәҙәниә	mæðæniːɛ
мәҙәниәт	mæðænʲiʲæt
мәҙәниәт	mɛðɛnijæt
мәҡсүт	mɛqsɪ̞t
мәҡәл	mæqæl
мәҡәлә	mæqælæ
мәҡәлә	næqæ̹læ
мәҡәләһеҙ	mæqælæhɪ̞ð
мәңге	mæŋgɪ̞
мәңгелек	mæŋgɪ̞lɪ̞k
мәңгеләштереү	mæŋgɪlɛʃtɛrɪw
мәҫәл	mæθæl
мәҫәлән	mæθælæn
мәүлидә	mæwlʲidæ
мәүлитдин	mæwlidˈdin
мәүлитйән	mɛwlɛtjæn
мәүлиха	mawljˈxa
мәүлиҙә	mæwlʲidæ
мәүрә	mɛure
мөгөҙ	mʏ̞gʏ̞ð
мөйөш	mʏ̞jʏ̞ʃ
мөкминә	mʏ̞kmʲidæ
мөлкәт	mɪ̞lkɪ̞t
мөләйем	mɪ̞rɛjjɪ̞m
мөмкин	mʏ̞mkʏ̞n
мөмкин	mʏ̞mkʲin
мөмкинлек	mʏ̞mkʲinlɪ̞k
мөмкинселек	mʏ̞mki̠nsæ̹lɪ̞k
мөмкинселек	mʏ̞mkʲinsɪ̞lɪ̞k
мөнир	mʏ̞nʏ̞r
мөнирә	mʏ̞nʏ̞ræ
мөнәсәбәт	mʏ̞næsæβɛt
мөнәсәбәтле	mʏ̞næsæβætɫæ
мөнәүир	mʏ̞næbʲir
мөрйә	mʏ̞rjæ
мөрйә	mʲirjɛ
мөртәт	mʏ̞ɾtæt
мөртәтлек	mørtætlɪ̞k
мөрөн	mʏ̞rən
мөслимә	mʏ̞sɫʲimæ
мөстәҡим	mʏ̞stæqɪ̞m
мөсәлимә	mɪ̞sæ̹lʲimæ
мөхит	mʏ̞χɨ̯it
мөхтәбәр	mʏ̞χsæbær
мөхтәр	mʊ̞χtær
мөхәббәт	mʏ̞χæbːæt
мөхәммәт	mʏχæmːæt
мөхәмәтйәр	mʊ̞χɛmætjær
мөхәмәҙиә	mʲiχɛmæðjæ
мөхәррир	mʏ̞χærʲːir
мөхәрририәт	mʏ̞χærʲːirʲiʲæt
мөшәрип	mʏ̞ʂærɪ̞p
мөшәрәфә	mʏ̞ʂʏ̞rɛfæ
мөьмин	mʏ̞ʔmin
мөғжизә	mʏ̞ʁʑizæ
мөғжизә	mʏ̞ʁʒizæ
мөғлифә	mˈʁlˈɪfˈɛ
мөғәллим	mʏ̞ʁæ̹lɫʲɪm
мөғәлләм	mʊ̞ʁæ̹llɛm
мөҙҙәт	mʏ̞ðːæt
мөҡим	mʏ̞qʲiːm
мөҡсин	mɯ̞qsʲin
мөҡсинә	mɯ̞qsʲinɛ
мөңгөрләп	mʏ̞ŋgʲɪrɫæp
мөңгөрләү	mʏ̞ŋgɪ̞rlɛʏ
мөһим	mæhˈjm
мөһим	mʏ̞hɪm
на	nɑ
надир	nadˈiɹ
наза	naza
назар	nˈasɑr
назарбай	næsɑrbɑj
назарғол	nɑzɑrɢɯ̞ɫ
назим	nɔzim
назип	nozip
наиб	nˈɐib
наил	najɪl
намаҙ	nɑmɑð
намаҙлыҡ	nɑmɑðɫɯ̞q
намаҙлыҡ	nʊ̞mɑðɫʊ̞q
намы	nˈɑmə
намыҫ	nɑmɯ̞θ
намыҫлылыҡ	nɑmɯ̞θɫɑɫɯ̞q
нанай	nanaj
нарат	narat
нариман	nˈɑrimˈan
нарыҡлан	nurɯ̞qɫɑn
насар	nasɑr
насар	nɑsɑr
насарайырға	nˈaˈsˈɑrɑjərˈʁa
насарлыҡ	nɯ̞sɑrɫɯ̞q
насибулла	naːsibuɫla
насип	nɔsip
насиха	nasixa
насретдин	nasrɛtdɪn
науруз	nɑwruz
науруз	nɑwrɯ̞z
нафиҡ	nˈafˈiq
нахаҡҡа	nɑxɑqqa
нағман	nɔɢmɑn
наҙан	naðon
наҙан	nɑðɑn
наҙлыгөл	nɑðlɯ̞gʲɪl
наһар	nahɑːr
негр	nˈegr
нескә	nɪ̞sgæ
нескәлек	nɪ̞sgæɫɪ̞k
нескәртеү	nʲɪsgʲɛrtɪ̞w
нефтле	nʲiftɫæ
ни	nˈe
нигеҙ	nʲigɪ̞ð
нигеҙендә	nʲigɪ̞ðʲɪndæ
нигеҙләргә	nʲigɪ̞ðɫærgæ
нигеҙҙә	ni̠gɪ̞ðːæ
низуан	nɪzˌuːan
никах	nˈɪkɑh
нимә	nime
нимә	nʲimæ
нимәгә	nʲimægæ
ниндәй	nʲindæj
ниндәйҙер	nʲindæjðʲɪr
нисбәт	nʲisbæt
нисек	nʲisɪ̞k
нисек	nˈisɛk
нисә	nise
нисә	nʲesæ
нисәнсе	nʲesænsɪ̞
нисәшәр	nɪsɛʃɛr
нисәү	nˈisɛ
нитрат	nitrat
нитратлы	nʲitrɑtɫʊ̞
нитрит	nitrit
нишләйһең	nʲisɫæjhɪ̞ŋ
нишләптер	nʲiʃlæptɯ̞r
нишләргә	nʲiʃlɛrgæ
нишләтер	nʲiʃlætɪ̞r
ниғмәт	ni̠qmæt
ниғмәт	nʲiʁmæt
ниғмәтйән	nʲigmætjæn
ниғмәтулла	nʲihmætuɫɫä
ниғмәтулла	nʲiʁmætuɫːä
ниҙеңдер	nʲiðɪ̞ŋdʊ̞r
ниҙә	nʲiðɛ
ниҙән	nʲiðɛn
ниҙәр	nʲiðɛr
ниһайәт	nihaːjɛt
ниһәйәт	nʲihæjæt
ниәт	nɪ̞jæt
ниәт	nʲiʲæt
ниәт	nˈiːt
ниәтбай	nʲiɛtbaj
ниәтенә	nʲiɛtɪ̞næ
ниәтләнергә	nʲiɛtlænɪ̞rgæ
новаторлыҡ	nʊ̞vɑtɯ̞rɫɯ̞q
нокаут	nˈɔkˈaʊt
нокдаун	nˈɔkdaʊn
номер	nʊmir
номинал	nˌɐminˈɐl
номинатив	nʊminˈatif
норлау	nɯ̞rɫɑu
норма	no̞rmä
норма	nɔrma
нормалаштырылған	noɾmɑɫæʃtɯ̞rɯ̞ɫʁɑn
нормалләшеү	nʊ̞rmæ̹lːæʃɪ̞w
носрат	nˈosɾat
носратулла	nʊ̞srɑtʊ̞ɫːɑ
ноҡат	nɑqɑt
нужа	nˈuʒˈɑ
нур	nur
нурбикә	nurbʲikæ
нурбүләк	nurbylæk
нургиз	nˈuɾgiz
нургизә	nurgizæ
нурзада	nurzada
нурзидә	murzidæ
нурзилә	nurziːlæ
нурзифа	nurzifa
нуриев	nˈʊɾˈjɛf
нурикамал	nˈʊɹɪkˈamɑl
нуриман	nˈuɾˈimˈan
нурис	nuris
нурисафа	nurisofa
нурислам	nˈurɪsɫɑm
нурихан	nʊrjkʰɑn
нурия	nurjɛ
нуриямал	nwɾiɟəmal
нурландырып	nwɾlɑndɯ̞rʊ̞p
нурландырыусы	nurɫɑŋdɯ̞rɯ̞wsɯ̞
нурларға	nuɾɫɑrʁɑ
нурлы	nurla
нурлыбай	nurɫapaj
нурлығаян	nurɫɯ̞ʁäjjɑn
нурсидә	nursiðæ
нурсилә	nursjɪlɛ
нурсыуаҡ	nʊ̞rˈsɯ̞wɑq
нурсәлим	nusɛlim
нурфәиз	nʊɾfeiz
нурый	nʊɾaj
нурғаян	nurʁajɑn
нурғәзи	nurgazi
нух	nuχ
нуғай	nʊɣaj
нуҡай	nqɑj
нығырға	nɯ̞ʁʊ̞rʁa
ныҡлык	nɯ̞qɫɯ̞q
ныҡлылыҡ	nɯ̞qɫɑɫɯ̞q
ныҡлыҡ	mɯ̞qɫɯ̞q
нә	ne
нәби	nebi
нәбиб	nebib
нәбибә	nɛbʲibɛ
нәбир	nɛbʲir
нәбиулла	næbɪ̞oɫːɑ
нәжибә	næʑiβæ
нәжип	næʑip
нәжиә	nɛːʒiɛ
нәжми	nˈɛʒmi
нәзилә	nezilɛ
нәзимә	næzʲimæ
нәзиф	nˈɛzif
нәзиха	næziːxɑ
нәзихә	næziːxæ
нәзәкәт	nezɛkɛt
нәйлә	næjlæ
нәмә	næmæ
нәмәгә	nʲɪmægæ
нәмәне	næmænæ
нәргиз	nɛrgiz
нәрисә	nɛrjɪsæ
нәркизә	ærkʲizæ
нәркис	nɛrkiz
нәркәс	nærkæs
нәркәс	nærkæz
нәсибә	nɛsʲiba
нәсилә	næsʲiɫæ
нәсим	nesim
нәсимә	nɛsjɪmæ
нәсих	nˈɛsˈiɹ
нәсихәт	næsʲiχæt
нәтижә	nætʲiʒæ
нәфилә	nɛfjllæ
нәфис	nefˈis
нәфиҡ	næfˈq
нәфрәт	næfræt
нәшер	nɛʃɛr
нәшриәт	næʃrʲiʲæt
нәшриәт	nɛʃriʝɛt
нәғим	næɢiːm
нәғимйән	næɢɪmjæn
нәғимә	næɢɪmæ
нәҙек	næðɪ̞k
нәҙек	nʲðʲɪk
нәҙершә	næðɪ̞rtʃæ
нәҡифә	nɛqɪfɛ
нәҫел	nɛθl
нәһәр	nhɛhɛr
нөктә	nʏ̞ktæ
ожмах	ʊ̞ʐmɑχ
ожмахтағы	ʊ̞ʐmɑqtɑʁʊ̞
ойошма	ʊ̞jʊ̞ʂmɑ
ойошмаһыҙ	ʊ̞jɯ̞ʃmɑhɯ̞ð
ойоштороусы	ʊ̞jʊ̞ʂtʊ̞rʊ̞wsɯ̞
ойоштороусы	ʊ̞jʊ̞ʂtʊ̞rʊ̞wsʊ̞
ойоҡ	ʊ̞jʊ̞q
оло	ʊ̞ɫʊ̞
олон	ʊ̞ɫʊ̞n
олпатланырға	ɯ̞ɫpætɫɑnɯ̞rʁɑ
олтораҡ	ʊ̞ɫtʊ̞rɑq
оморҙаҡ	ʊ̞mʊ̞rzæq
он	ɔ̙n
ондатра	ändäträ
онтау	antau
онтаҡ	ɑntɑq
опто	ʊ̞ptʊ̞
орбита	orbita
орлоҡ	ʊ̞rɫʊ̞q
оро	ʊ̞rʊ̞
орсоҡ	ʊ̞rsʊ̞q
орҙоҡ	ʊ̞rðʊ̞q
ос	os
ос	ʊ̞s
оса	ɔsɑ
ослап	ɔslɑp
осларға	pʊ̞sɫɑrʁɑ
ослау	oslaw
осор	ʊ̞sʊ̞r
осрай	ɐsrɑɪ
осраштырғылау	ɯ̞srɑʂtɯ̞rʁʊ̞ɫɑw
осрашырға	ʊ̞srɑʂærʁä
осраҡ	ʊ̞srɑ̹q
осраҡлы	ʊ̞srɑ̹qɫɯ̞
осраҡлылыҡ	ʊ̞srɑqɫɑɫɯ̞q
остаз	ɔstɑz
остаз	ʊ̞stɑz
остайып	ostɑjɯp
осҡалаҡ	ɑsqɑlɑq
осҡолоҡ	ʊ̞sqʊ̞ɫɯ̞q
осҡон	ʊ̞sqʊ̞n
осһоҙ	ʊ̞shʊ̞ð
офоҡ	ʊ̞fʊ̞q
ошаҡларға	ɯ̞ʂɑqɫɑrʁɑ
ошолайтып	ʊ̞ʂɑɫäjtʊ̞p
оя	ʊ̞jɑ
оялырға	ɑjɑlɯ̞rʁɑ
оялған	i̠jɑlʁɑn
оят	ʊ̞jɑt
оҙайтырға	ʊ̞ðajtsɯ̞rʁa
оҙағыраҡ	ʊ̞zɑʁɯ̞rɑq
оҙаҡ	ɑðˈɑq
оҙаҡ	ʊ̞ðɑq
оҙаҡламай	ʊ̞zɑqɫɑmɑj
оҙаҡҡа	ʊ̞ðɑqqɑ
оҙон	ʊ̞ðʊ̞n
оҙонлоҡ	ʊ̞ðʊ̞nɫʊ̞q
оҙонсалыҡ	ʊ̞ðɯ̞nsäɫɯ̞q
оҡшарға	ɑqʂɑrʁɑ
оҡшау	ɑqʂɑu
оҡшаш	ɯ̞qʂɑʂ
оҡшаш	ʊ̞qʂɑʂ
оҡшашлыҡ	ɯ̞qʂɑʂɫɯ̞q
оҫта	ʊ̞θtɑ
оҫталыҡ	ʊ̞θtɑɫːɯ̞q
пакет	pakˈet
палата	pɑɫatɑ
панорама	panorama
папка	pɑpka
парлап	paɾlab
парта	qarˈta
партия	pɐɾˈtɪɐ
патриарх	patriar
паҡ	bɑq
пейзаж	pijzaʒ
перәник	prɛnik
пик	pik
плакат	pɫakɑt
план	lan
платформа	pɫatforma
пломба	plomba
поезд	pojɪz
поезд	pojɪzd
поезд	pojɯ̞z
поезд	pojɯ̞zd
полинезия	pɐlˈɪnɪzɪˈɑ
помидор	pämʲidɔr
поп	pɔp
португал	pɔrtuɣˈal
постскриптум	pəstskɾiptum
поташ	pɔtɑʃ
походтағы	pʊ̞xʊ̞ttɑʁɯ̞
практик	pɾaktik
предмет	predmʲet
препарат	prɛparat
проблема	präblʲemä
проблема	prɐblʲemə
программа	programma
процент	prätsɛnt
процент	prɐtsɛnt
пәйғәмбәр	pæjʁæmbæɾ
пәрҙә	bɛrðɛ
пәрҙә	pærðæ
раббы	ɾɑbːɯ̞
рабиға	raβiɣa
радик	ɾätiːk
радио	radio
разведка	ɾazvʲadka
разида	raziːda
разиф	ɾazif
разифа	raziːfa
разия	razia
раил	bräjl
райман	rajman
райхан	rɑjxɑn
райыф	rˈɑjɛf
ракия	ɾakia
рамаҙан	ɾɑmɑðɑn
расих	rɑsiːχ
рауза	rauza
раушан	ɾau̯ʃan
рафаил	ɾɑfajˈil
рафилә	ɾaːfjlæ
рафиға	rafiɣa
рафиҡ	rɑfiq
рахман	ræχmæn
рахманғол	ræχmænɢɯ̞ɫ
рашҡы	rɑʂqɯ̞
раян	ɾˈaˈɪɔn
раҡип	rɑqip
раҡыя	raqijɑ
редакторлаусы	rɪ̞dɑktɯ̞rɫɑwsɯ̞
редакция	rʲɪdaktsɨjə
редакция	rʲɪdäktsɯjä
ремонтларға	rʲemontɫärʁɑ
республика	rɛspubljka
республика	rʲispublʲikä
риза	riza
риза	rʲezɑ
ризалатып	rʲizɑɫätɯ̞
ризалашма	rizaɫaʃma
ризалашты	ɾizɐɫaʃtɐ
ризалашырға	rizɑɫɑʃɯ̞rʁɑ
ризалыҡ	rʲizɑɫʊ̞q
ризуан	ɾɪzˈˈuaŋ
ризыҡ	rizq
ризыҡтар	rizqtar
рима	rima
ринат	rinat
ринат	rʲinät
рита	rˈita
ритмик	rɪtmik
риуайәт	ɾiwajˈɛt
рифат	rifat
рифҡәт	ifqæt
рифҡәт	rʲifqæt
ришат	riːʃat
ришат	rʲiʂät
ришүәт	rʲiʃwæt
ришүәтсе	rʲiʃwætsɪ̞
риүәйәт	rʲiwæjæt
риүәйәттәр	ɾiʋæjætːær
роза	rɔza
розагөл	rʊ̞zɑgæ̹l
роман	roman
рудник	rudnʲik
руза	rusa
рузидә	ruːzidɛ
румын	rumin
рус	rˈus
руслан	ɾʊzɫän
русса	rusa
руфиә	rʊ̞fˈjæ
рух	ruχ
рух	rʊh
рухи	ruxɪ
рухландырыу	ruqlɑndɯ̞rɯ̞w
рухланырға	ruhɫɑnɯ̞rʁɑ
рушан	ruʃan
рысай	rɯ̞saj
рысбай	rasbɑj
рысыҡай	rɯ̞sɯ̞qäi
рысҡол	rɯ̞sqɑɫ
рысҡужа	rasquʒa
рәбиб	rɛbib
рәдиф	ɾˈɛdˈiθ
рәзилә	ræzʲiɫæ
рәзим	rɛzɪm
рәзиф	ɾaːzjf
рәимә	ræjmæ
рәйес	rɛjɪs
рәйеслек	ræjʲɪzlʲɪk
рәйлә	ræjlæ
рәйхана	ræjχänä
рәлиф	ɾɛliːf
рәмзис	ɾɛnzis
рәми	rˈmi
рәмил	ræmɪl
рәмил	ræmʲil
рәмилә	ræmʲiɫæ
рәмиә	rɛmiɛ
рәсем	ræsɪ̞m
рәсил	tɾɛsˈjl
рәсилә	ɾɛsilæ
рәсим	ræsˈiːm
рәсимә	ræsʲimæ
рәсих	rɛsˈiɁ
рәсми	ræsmʲi
рәсми	rɛsmˈi
рәссам	rasːäm
рәссам	ræsːäm
рәссам	ræsːæm
рәссам	rɛssɑm
рәсүл	resʏl
рәсәй	ræsæj
рәт	ræt
рәтләп	ræplæp
рәтләргә	rætlærgæ
рәтһеҙ	ræthˈð
рәфил	ɾɛfjl
рәфиҡ	ræfɪ̞q
рәхилә	ræxjɪlæ
рәхимә	ræχʲimæ
рәхмәт	ɾæχmæt
рәхмәтле	ræχmætlæ
рәхмәтуллин	raχmatollən
рәхәтләнергә	ræχætɫɛnirgæ
рәшәткә	ræsʃætkæ
рәшәткәләү	ɾæsˈɛtkælæw
рәғибә	ræɣʲibæ
рәғинә	ræˈɣinæ
рәғиҙә	rɛriðɛ
рәҡибә	ræqʲibæ
рәҡип	rɛqip
рәҡәғәт	ɾæqæʁæt
рәүеф	ræwɪ̞f
рәүеш	ræwɪ̞ʃ
рәүилә	ræwʲiɫæ
рәүфә	rɛʊfɛ
рәүәт	rɛuːæt
рөстәм	rɛstɛm
рөстәм	rʏ̞stæm
рөхсәт	rɯ̞χsɛt
рөхсәт	rʏ̞χsæt
сабанай	sabanaj
сабанбай	sˈɑbɑnbaɪ
сабата	sɑβɑtɑ
сабаҡты	sɑbɑqtɑ
сабир	sɑbɪ̞ɾ
сабира	sɐbirɐ
сабира	sɑbʲirɑ
сабирйән	sabjɪrjæn
сабирьян	sɑbirjɑn
сабур	sɑbuɾ
сабый	sɑβɯ̞j
сабып	sabap
сабыр	sɑbɯ̞r
сабыртма	sɐbɐrtmɑ
садиҡ	sɑdɪq
садри	sadri
садрислам	sadriʃlam
сажиҙа	sˈaʒiza
саима	sajma
саира	sajra
сайран	säjrɑŋ
сайт	sajt
сайҡалдырып	sɑjqɑltɯ̞rʊ̞p
сайҡаны	sɑjqɑnɑ
сайҡарға	sɑjqɑrʁɑn
сайҡау	sajqɑːu
сакраль	sakrˈɑl
сал	sɑl
салауат	salawɑt
салауат	sɑɫɑwɑt
салах	sɑɫɑx
салбар	sɑɫbɑɾ
салбар	sɑɫβɑr
салих	saliʁ
салиха	saliʔa
салихйән	saliħjæn
сало	sɑɫɔ
салшайырға	sɑɫʃajɯ̞rʁɑ
салынырға	sɑɫɯ̞nʊ̞rʁɑ
салынған	sɑlɯ̞nʁɑn
салынғас	sɑɫɯ̞nqɑs
салғы	sɑɫɢɑ
салғы	sɑɫʁɯ̞
сама	sama
сама	sɑmɑ
самалап	sɑmɑlɑp
самарбай	sämärbˈɑj
самауыр	sɑmɑbɯ̞r
самауыр	sɑmɑwɯ̞r
самиҡ	sɑmɪq
самолёт	sämälʲɵt
самолёт	sɐmɐlʲɵt
самолёт	səmɐlʲɵt
самрау	sɑmrɑw
сана	sana
сана	sɑnɑ
санитарка	sɐnˈjˈtarkˈa
сания	sɑnʲijɑ
санскрит	sanskɾit
саный	sɑnɑj
саньяп	sɑnjɑp
саньяр	sɑnjær
саптырырға	sɑpdɯ̞rɯ̞rʁɑ
сара	sɑrɑ
сара	sɑɾɑ
сарай	saraj
саралы	sɯ̞rɑɫɯ̞
саратан	sɐrɑtɑn
сараш	sɐrɑɾ
сараһы	sɐɾɐhɯ̞
сараһыҙҙан	srahɯ̞ðːɑn
сарбай	sæɾbæj
сарларға	sɑrɯlɑrʁɑ
сарлау	sarlaw
сарлаҡ	sʊ̞rɫɑq
сары	sara
сарыф	sarɑf
сарьян	sɑrjɑn
сатан	satan
сатанлай	satʰanɫaj
сатанлап	satanɫæp
сатанларға	sɑtɑnlɑrʁɑ
сатраш	satrəʃ
саттар	satːar
сатура	satura
сатыр	sɑtɯ̞r
сатыр	sˈɑtɯˈr
сауап	sɑwɑp
сауҙа	sɑwðɑ
сауҙа	sɑwˈza
сауҙахана	sau̯ðaçana
сауҡалыҡ	sɑwqɑɫːɯ̞q
саф	sˈɑf
сафа	safɑ
сафар	safɑr
сафи	sɑfˈfi
сафланырға	sæfɫɑnʊ̞rʁä
сафуан	safuan
сафура	safura
сая	sa˥˩jɑː
саялығын	sɑjɑlɯ̞ʁɑn
саялыҡ	sɑjɑlɯ̞k
саян	sɑjɑn
саярғәле	sæjɑrɢæ̹lɛ
саях	sajɑh
сағман	sægmæn
сағыл	sɑʁɑl
сағылдырып	sɑʁʊ̞ɫdʊ̞rʊ̞p
сағылдырырға	sɑʁɯ̞ɫdɪ̞rɪ̞rʁɑ
сағынбай	sɑʁɯ̞nbɑɪ̞
сағырға	sɑgɯ̞rʁɑ
сағыштырма	sɑɢɯ̞ʂtɯ̞rmɑh
сағыштырыу	sɑɢɑʃtɯ̞rɯ̞w
саҙаҡа	sɑzɑqɑ
саҡ	sɑq
саҡ-саҡ	sɑqsɑq
саҡрым	sɑqrɯ̞m
саҡырыу	sɑqˈirɯ̞w
саҡырҙы	sɑqɯ̞rðä
саң	sɑŋ
саңларға	sɑŋlɑrʁɑ
саңғы	sɑŋɢɯ̞
саңғы	sɑŋʁɑ
светофор	sᵊvʲitäfor
себен	sɪ̞βɪ̞n
себер	sɪ̞βɪ̞r
себеш	sɪ̞βɪ̞ʃ
сей	sɪ̞j
сеймал	sɪ̞jmɑɫ
сейә	sɪ̞jæ
сейә	sɪ̞jˈɛ
сейәлергә	sɯ̞jæ̹lɪ̞rgæ
секунд	sʲikunt
сел	sɛl
селдә	sɪ̞ldæ
селлә	sɪ̞lːæ
селпәрәмә	sɪ̞lpɪ̞ɾɛmɛ
селтәр	sɪ̞ltær
селән	sɪ̞læn
селән	sˈælˈɛn
селәүсен	sɪ̞læwsɪ̞n
семантик	sˈemɑntˈik
семәрләргә	sæmɛrlærgæ
сепрәк	sɛprɛk
сепрәк	sɪ̞præk
сер	sɛr
сер	sɪ̞r
серек	sɪ̞rɪ̞k
серергә	sɪ̞rɪ̞wgæ
сереткес	sɪ̞rɪ̞tkʲɪz
серле	sɪ̞rɫæ
серләшергә	sɪ̞rɪ̞ɫɛʃɪ̞rgæ
сермән	sɯ̞rmæn
серәкәй	srɛkɛj
серәкәй	sɪ̞rækæj
сибайҙан	sʲibajðan
сибек	sˈibək
сибәр	sɪbɛr
сибәр	sʲebæɾ
сибәр	sʲeβæɾ
сибәрбикә	sʲibɛrbʲikæ
сибәғәт	sibɛʁæt
сик	sik
сикләмә	sʲikɫɛmæ
сикләнгәнлек	si̠kɫɛngænlɪ̞k
сикләргә	sʲikɫærgæ
сиктәре	siktærʲɪ
сиктәш	sʲiktɛʃ
сикһеҙ	sikhˈɛð
сикә	sike
сикә	sʲikæ
силәбе	sʲilæbɪ̞
силәбе	sʲilæβɪ̞
симешкә	sʲimɪ̞ʃkæ
синдикализм	sˌiŋdˌikɐlˈizɨm
синтаксис	sintatsis
синыф	sʲi̠nɯ̞f
сипарат	sʲïpärät
сипарат	sʲïpɑrɑt
сипылдарға	sipəldɑrɢa
сир	sˈiɾ
сират	sɪrad
сиратлап	sɪrɑplɑp
сиратлашып	sʲirɑtɫɑʂʊ̞p
сираттағы	sɪ̞rɑttɑʁʊ̞
сиратырға	sʲirɑtɯ̞rʁɑ
сираҡ	sɪ̞rɑq
сирек	sʲeɾɪ̞k
сирек	s̺iɾe̞k
сиркәү	sirkew
сиркәү	sʲeɾkæw
сиртергә	sɪ̞rtʲɪrgæ
сисеп	sisip
сит	sʲit
сит	sˈit
сит-ят	sʲitjɑt
ситдиҡ	sɪ̞tdi̠q
ситкә	sʲitgæ
ситлек	sʲitlɪ̞k
ситләргә	sʲitlærgæ
ситләтергә	sʲitlætɪ̞ɾgæ
ситһенергә	sʲiðhɪ̞nʲɪrgæ
сифат	sifat
сифат	sʲi̠fät
сихри	sʲiχrʲiː
сихыр	sʲïχɯ̞r
сихырларға	sʲiχɯ̞rɫɑrʁɑ
сихырлы	sʲïχɯ̞rɫɯ̞
сихырсы	sʲïχɯ̞rsɯ̞
сиған	sʲïʁän
сиған	sʲïʁɑn
сиҙәм	siːðˈɛm
сиҡан	sjqɔn
сиҡаҡлатыу	sʲiqæqɫätɯ̞u
сиңерткә	sʲiŋɪ̞rtkæ
скандинав	skandjˈnˈɑf
скандинавия	skandˈinˈɑvɪa
скважина	skwaʐina
скептик	sˈkeptik
склад	skɫad
смаҡ	ɑsmɑq
смаҡай	ɯ̞smɑqɑj
собхан	sʊbkɑn
совет	sävʲet
солан	sʊ̞ɫɑn
солоҡ	sʊ̞ɫʊ̞q
солтанбай	sʊ̞ɫtənbäj
солтанбикә	sɯ̞ɫtɑnbʲekæ
солтанбәк	sɯ̞ɫtɑnbɛk
солтангирәй	sʊ̞ɫtɑnki̠ræj
солтангәрәй	sʊ̞ɫtängæɾæj
солтанморат	sɯ̞ɫtɑnmʊ̞rät
солғарға	sɯ̞ɫʁärʁä
сорур	sɯ̞rɯ̞r
сос	sus
социаль	sätsɯälʲ
социаль	sɐtsɨalʲ
соҡор	sʊ̞qʊ̞r
стаж	staʒ
статусҡа	stɑtusqa
стилистика	stiɫjistika
студент	studˈent
стәрле	stɛrlæ
судлашырға	sʊ̞dɫɑʃɯ̞rʁɑ
суйын	sujɯ̞n
сулман	slˈmɑn
сулпан	soɫpɑn
сулпан	sʊ̞ɫpɑn
сумаҙан	sumɑðɑn
сумып	sumˈɑp
сумырға	sumɯ̞rʁa
сура	sʊra
сурай	sʊɾˈɑi
сураман	sʊ̞rɑmɑn
сураҡай	sɾɑqɑj
сурия	soriɛ
суртан	surtɑn
сусҡа	susqɑ
сусҡа	sʊ̞sqä
сутый	sutɯ̞j
суфия	sofia
суфиян	sufijɑn
суфиян	sufiˈɑn
суфияр	sufiˈar
суфыйсылыҡ	sufɯ̞jsɯ̞ɫɯ̞q
суши	sʊˈʃi
суҡ	sˈuk
суҡмар	sqmɑr
суҡмар	suqmɑr
суҡындырылыу	suqɯ̞ntɯ̞rɯ̞ɫæw
суҡынырға	sʊ̞qɯ̞nɯ̞rʁɑ
суҡыр	sɵqɯ̞r
суҡырға	sɵqɯ̞rʁɑ
суҡыш	sʊ̞qʊ̞ʂ
сыбар	sɯ̞bɑɾ
сыбар	sɯ̞βɑr
сыбаргүл	sɯbɑrgʏl
сыбарларға	sɑbɑrlɑrʁɑ
сыбыртҡы	sɯ̞βɯ̞rtqɯ̞
сыбыҡ	sɑbɯ̞q
сыбыҡ	sɯ̞βɯ̞q
сыбыҡтай	sæbɯ̞qtæj
сызарға	sɯzɑrʁɑ
сыймаҡлау	sɯ̞jmɑqɫɑʊ̞
сыйырсыҡ	sɯ̞jɯ̞rsɯ̞q
сылбыр	sɯ̞ɫbɯ̞r
сылбыр	sɯ̞ɫβɯ̞r
сым	sˈm
сынаяҡ	sɑnɑjɑq
сынбулат	sɑnbuɫät
сынйыр	sɯ̞njɯ̞r
сынығыу	sɯ̞nɯ̞ʁɯ̞
сыр	sɯːr
сыр	sɯ̞r
сырлыбай	sɯ̞rɫʊ̞bɑij
сырмарға	sɯ̞rmɑrʁa
сырышҡы	sɯ̞rɯ̞ʂqɑ
сырҙамай	tsɯ̞rðɑmɑj
сыуаш	sɯ̞vɑʂ
сыуаш-ҡарамалы	sʊ̞ɫɑʂqɑrɑmɑɫɯ̞
сыуаш-ҡобау	sɯ̞wɑʒqʊ̞päw
сыуаш-ҡуғанаҡ	sɯ̞wɑʂqoʁɑnɑq
сыға	sɯgɑ
сығайыҡ	sɯ̞ʁajɯ̞q
сығанак	sɯ̞ʁɑnɑq
сығанаҡ	sɯ̞ʁɑnɑq
сығармайынса	sɯ̞ʁɑrmɑjɯ̞ntsɑ
сығарыласаҡ	sɯ̞ʁärɫɑsɑq
сығарылырға	sɯ̞ʁärɑɫɯ̞rʁä
сығарырға	sɯ̞ʁɑrɯ̞nʁɑ
сығарыусы	sɯ̞ʁärɯ̞ɫsʊ̞
сығарға	sɯgərɢa
сығарһын	sɯ̞ʁärhæn
сыҡты	sɯ̞qtɑ
сыҡҡан	sɑqqɑn
сыҡҡандыр	sɯ̞qqɑntɯ̞r
сыҡҡас	sɑqˈqɑs
сыҡһа	sɑqhɑ
сыңлау	sɯ̞ŋɫɯ̞w
сыңғыҙ	sɯ̞ŋgʊ̞ð
сыңғыҙ	sɯ̞ŋɢɯ̞ð
сыңҡылдатыу	sɑŋqɯ̞ɫdɑtɯ̞w
сүбәкләнергә	sʏ̞bæklɛnʲɪɾgæ
сүкергә	sʏkɪ̞ɾgæ
сүкеш	sʏkɪ̞ʃ
сүкеш	sˈukɪɹ
сүл	syl
сүл	sʏl
сүллек	sʏllɪ̞k
сүмес	sʏmɪ̞s
сүмәлә	sɯmɛlɛ
сүп	sʏp
сүп	sˈup
сүпләү	suplau
сүриә	sʏriʲæ
сүрә	suɾæ
сүс	sʏs
сүс	sˈus
сүсле	sʏslɛ
сәбилә	sæbjɪlæ
сәбих	sæbiχ
сәбәп	sæβæp
сәбәп	zæbæp
сәбәпле	sæbæplæ
сәбәпсе	sɛbɛpsɨ
сәдисә	sɛˈdisɛ
сәит	sˈæˈjit
сәитгәрәй	saɪˈtgəɾˈɛj
сәитғафар	sɛjitʁafar
сәитҡужа	sæjɪ̞tqoʒɑ
сәитәхмәт	sæjɪ̞tæχmæt
сәй	sæj
сәйер	sæjɪ̞ɾ
сәйер	sɛjɛr
сәйерһенеп	sæjɯ̞rhʲɪnɪ̞p
сәйет	sæjɪ̞t
сәйет	sæjˈt
сәйет-көрйә	sæjɪ̞tkɪ̞rjæ
сәйетбаттал	sɛjɪ̞tbɑtɑɫ
сәйетгәрәй	sæjɪ̞gæræj
сәйеткирәй	sæjɪ̞tki̠ɾɛj
сәйнүк	sajnɯk
сәйнүк	sæjnuk
сәйфи	sɛjfˈiː
сәйхана	sæjχänä
сәйҙел	sajðæl
сәйәр	sæjˈɛr
сәйәсәт	sæjæsæt
сәйәхәт	sæjæχæt
сәкинә	sækʲinæ
сәкинә	sækʲiːnæ
сәлим	sæˈlɪm
сәлимгәрәй	sæˈliːmgɛrɛj
сәлимә	sælʲimæ
сәлимә	sɛlimɛ
сәлисә	selisɛ
сәлих	sæliːχ
сәлихйән	sælʲiχjæn
сәлмән	sɛlmen
сәләм	sælæm
сәләм	sælɛm
сәләмләргә	sælæmlærgæ
сәләмләү	sælɛmlɛʋ
сәләмәтлек	sæ̹læmɛtlɪ̞k
сәләх	sɛlɛʁ
сәми	semi
сәмих	sæmiɁ
сәмиғулла	sɛmiʁullɑ
сәмиғә	sæmiɁæ
сәмиҡ	sæmɪ̞q
сәмреғош	sæmrɪ̞ʁʊ̞ʂ
сәмсибәһәр	sɛmsjbæhær
сәмсинаһар	sɛmsʲinɑɦar
сәмсиниса	sɛmsinisɑh
сәмсиҡәмәр	sænsiqɛmɛr
сәнжәр	sɛngɛr
сәнске	sænskɪ̞
сәнғәт	sænɢæt
сәнғәт	sæŋɢæt
сәнғәтсе	sænʁætsæ
сәнәғәт	sænæɢæt
сәпәйләргә	sæpæjlærgæ
сәрби	sɛɾbi
сәриә	sˈɛriːɛ
сәркәтип	særkætʲip
сәркәтип	sɛrˈkɛtïip
сәрмәсән	sɛrmɛsen
сәрҙәр	sɛrˈzɛr
сәс	sæs
сәселергә	sɛsɪ̞ɫɪ̞ɾgæ
сәскә	sæskæ
сәскәбикә	sæskæbʲikæ
сәсрәтеү	sɛsrɛtɪw
сәсрәү	sazrɛw
сәсән	sæsæn
сәсәндәй	sæsæmdæj
сәтиғә	sɛtɪgæ
сәтләүек	sætlæwɪ̞k
сәфинә	sɛfɪnæ
сәфәрбикә	sæfæɾbʲekæ
сәфәрғол	sæfærɢɑɫ
сәфәрғәли	sæfæɾɢæˈliː
сәфәрҙәш	sæfæɾðærʃ
сәхибә	sæxʲiba
сәхипкирәй	sæχi̠pkʲiræj
сәхнә	sæχnæ
сәях	sæjɑh
сәғирә	sɛɣiɾæ
сәғит	sæʁit
сәғиҙә	sɛɢiːðɛ
сәғҙиә	sarðiæ
сәғәт	sæʁæt
сәғәтләп	sɛʁɛtlɛp
сәғәҙәтбикә	sæʁætðætbʲekæ
сәғәҙәтгәрәй	sæɢæðhɛtgæɾæj
сәңгелдәк	sæŋgɪ̞ldæk
сәүдә	sɛʉdɛ
сәүер	sɛwr
сәүкә	sau̯ke
сәүкә	sæwkæ
сөгөлдөр	sʏ̞gʏ̞ldʏ̞ɾ
сөжән	sɛʒˈɛn
сөй	sʏ̞j
сөйләргә	si̠jɫærgæ
сөм-ҡара	sɪ̞mqɑrɑ
сөмбәлә	sɯ̞mbælæ
сөнки	sʏ̞nkʲi
сөнәғәт	sɪ̞næʁæt
сөнәғәтулла	sænæʁætulˈɫɑ
сөскә	sɪ̞sˈke
сөскөрөргә	sɪ̞skɪ̞ɾɪ̞rgæ
сөсө	sʏ̞sʏ̞
та	tˈɑ
таба	taba
таба	tɑbɑ
таба	tɑβɑ
табаным	tɑbɑnɑm
табаҡ	tɑbɑq
табаҡ	tɑβɑq
табиба	tɑbiːba
табип	tˈabiːp
табут	tɑβut
табын	tˈɑbən
табыш	tɑbɐʃ
таж	tɑʒ
таж	vˈaʒ
тазартырға	tɑðɑrtʊ̞rʁä
таиба	tajɪba
таир	tajɯɾ
таира	ðäjrɑ
тай	daj
тайгаҡ	tɑjˈʁɑq
тайфур	tɑjfur
тайырға	təjɯ̞rʁä
тайғаҡ	tɑjʁɑq
тал	tɑɫ
тал	tɑːl
талантлы	tɐɫɐntɫɑ
талап	tɑɫɑp
талапсан	tɑɫɑpsɑn
талаш	ɑɫɑʃ
талашҡан	tɑlɑʃqɑn
талаҡ	kɑɫɑq
талаҡ	tɑɫɑq
талиба	laliba
талип	tˈɑliːp
талмас	tɔlmɑs
талпан	tɑɫpɑn
талпынып	tɑlpɯ̞næp
талха	tɑɫχɑ
талыу	tælæw
талғат	tɑɫʁɑt
тамам	tɐmɐm
тамам	tɑmɑm
тамамланыу	tɐmamlanu
тамамлау	tamamɫau̯
тамамлағас	tɑmɑnɫæʁas
тамаша	tamaʃa
тамаша	tɑmɑʂɑ
тамашасы	tɑmɑʂɑsɯ̞
тамаҡ	tɑmɑq
тамил	famil
тамир	amiɾ
тамсы	tɑmsɑ
тамсы	tɑmsɯ̞
тамсылау	tamsɯlɑːʋ
тамуҡ	bamuq
тамуҡ	tɑmuq
тамъян	tamjɑn
тамып	tɑmɑp
тамыр	tomɯ̞r
тамырға	tɑmɯ̞rʁa
тамыу	tɐmɐu
тамға	tɑmʁɑ
тамған	tɐmɢan
танау	ta˥˩nau˥˩
танау	tɑnɑw
танауҙы	tɐnɐuðɐ
тансыҡҡужа	tɑnsɯ̞qkuʒa
тантана	tɑntɑmɑ
тантана	tɑntɑnɑ
тантаналау	tantɐnˈalau̯
танылған	tɑnɑlɢɑn
танытма	tɑnˈtma
таныш	tɑnɯ̞ʂ
танһыҡ	tɑnhɑq
тап	top
тап	tɑp
тапалу	tapaɫo
тапалыу	tapaɫau
тапанды	tɐpɐndɐ
тапарға	tɐpɐrɢa
тапау	tɐpɐu
тапмаҫ	tɑpmɑs
тапмаһа	tɑpmaħa
тапшырылған	tɑpʃɯ̞rɑɫʁɑn
тапшырыу	tɑpʂɯ̞rɯ̞w
тапҡыр	tɑpqɯ̞r
тар	tɑr
тар	tɔr
таралды	tɑrɑɫdɑ
таралған	tɯ̞rɑɫʁän
тарамыш	tɐramɑʃ
таратып	tɯ̞rɑtɯ̞p
таратырға	tɐrɑtɐrɢa
тараф	tɑrɑf
тарафтар	təraβtaɾ
тарафынан	tɑrɑfɯ̞nɑn
тараҡ	tɑrɑq
тараҡан	tɑrɑqɑn
тарбаҡ	tɯ̞rbɑq
тарихи	tärʲiχïi
тарихсы	tɑriχsɯ̞
тарма	tɑrmɑ
тармаҡ	tɑrmɑq
тармаҡтағы	tɯ̞rmɑqtɑʁɯ̞
тарпан	tɾpɑn
тартайым	tɐrtɐjɐm
тартма	tɑrtmɑ
тартма	tərtma
тарттырылған	tɑrtɯ̞rɯ̞ɫʁɑn
тарттырыусы	tɑrtˈtɯ̞rɯ̞lsɯ̞
тартылған	tɑrtɯzʁɑn
тартынҡы	tartɯ̞ŋqɯ̞
тартынҡы	tɑrtɯ̞nqɑ
тартҡан	tərtqɑt
тартҡылау	tɑrtqɑɫæw
тары	tɑrɯ̞
тарҡатырға	färqɑtɯ̞rʁä
тасуирларға	tɑsvjɾɫɑrʁɑ
тасуирлау	tasd̪iɾlau
тат	tɒt
тат-ҡоҙаш	tɑtqʊ̞ɫɑʂ
татарса	tatɑrsɑ
татлы	tɑˈtlɑ
татлыбай	tɑtɫɑpɑj
татлығужа	tɑtɫʊ̞ʁwʊ̞ʒä
татыу	tɑtɯ̞w
татыулыҡ	tɑtɯ̞wɫɯ̞q
татыулыҡ	ɑtɯ̞wɫɯ̞q
татыш	tɑtɑʃ
тауар	tɑwɑr
тауарға	tɐuɐrɢa
таубаш-баҙраҡ	tæubäʃbäðrɑq
тауис	täwïs
таулы-урманлы	tɑuɫɯ̞wɾmɑnɫɯ̞
таулыбай	tɑwɫäbɑj
таулыҡай	tɑwɫɯ̞qäi
таушалдырыу	tɑwʂɑldɑrɯ̞w
таушалырға	tɯ̞wʂäɫɯ̞rʁä
тауыш	tɑwɯ̞ʂ
тауыҡ	tɑwɯ̞q
таш	tɑʂ
таш	tɔʃ
ташбаш	tɑʂbɑʂ
ташбулат	tɑʂbʊ̞ɫɑt
ташлама	tɑʂɫɑmɑ
ташлама	tɑʃɫama
ташлана	tasɫana
ташланып	tɑʂɫɑnɑp
ташланғанлыҡ	tɑʂɫɑnʁɑnlɯ̞q
ташлау	tʊ̞ʂɫɑu
ташлаған	tɑʂɫɑɣ̞ɑn
ташлы	tɑʂɫɑ
ташсы	tɑrsɯ̞
таштуғайға	tɑʂtogɑjˈʁɑ
ташҡын	tɑʂqɯ̞n
таянған	dɑjɑnɢɑn
таяр	täjːɑr
таяҡ	tɑjɑq
таяҡ	tɑjːɑq
тағы	tɑʁɑ
тағы	tɑʁɯ̞
тағылма	tɑqɯ̞ɫmɑ
тағыр	tɑqɯ̞r
таҙа	tɑðɑ
таҡмаҡ	tɑqmaq
таҡмаҡ	tɑqmɑq
таҡта	tɑqtɑ
таҡталым	tɑqtɑɫɑm
таҡтаташ	tɑqtɑtɑʂ
таҡылдарға	fɑqɯ̞ɫdɑrʁɑ
таҡыр	tɑqɯ̞r
таҡырбаш	tɑqɯ̞rbɑʂ
таң	tɐ̃ŋ
таңатар	tɯ̞ŋɑtɑr
таңбаҡты	tɑŋbɑqtɑ
таңбикә	tɑŋbʲikʲæ
таңбулат	tɑŋpuɫat
таңсулпан	aŋsulpan
таңсулпан	tɑŋsuɫpɑn
таңһылыу	tɑŋhɯ̞ɫɯ̞w
таҫлау	taslau
таҫма	tɑsmɑ
таҫма	tɑθmɑ
таҫтамал	tastamal
таҫтамал	tɑθtɑmɑɫ
таһир	fahir
таһир	tähïr
таһира	tajira
таһирйән	tɑɦɪ̞rjæn
таһиров	taɦirov
таһыл	tɑhɑl
театр	tʲiätrɯ̞
театр	tʲiätər
тегелгән	təgɪlgæn
тегенсе	tɪ̞gɪ̞nsɪ̞
тегенсе	tʲɪgʲɪnsæ
тейен	tɪ̞jɪ̞n
тейеш	tɪ̞jɪ̞ʃ
тейешбеҙ	tɪ̞jːɪ̞ʂbɪ̞ð
тейешенсә	hʏ̞jɪ̞ʂɪ̞nsæ
тейешһеҙ	ðɪ̞jɪ̞ʃhɪ̞ð
тейеүҙән	tɪ̞jɪ̞wːðɛn
тейәгес	tˈɪjˈɛgɪs
тейәргә	ðɪ̞jærgæ
текст	tˈekst
текә	tɪ̞kæ
текә	t̪ɪ̞kkɛ
тел	tɛl
тел	tɪ̞l
телевизор	tʲilʲivʲizɯ̞r
телемләп	fɪlˈɪmlæp
телефон	tʲilʲifo̞n
телмәр	tɪlmər
телмәр	tɪ̞lmær
теләгәнсә	tˈɪlˈɛgənsˈɛ
теләк	tɪ̞læk
теләктәшлек	tʏ̞læktäʂɫɪ̞k
теләмәҫ	tʃlɛmɛθ
теләмәһә	tlæmæhæ
теләпҡол	tʲɪlɛpqʊ̞uɫ
теләр	tælæɾ
теләр-теләмә	tjɪlɛrtjɪlɛmæ
теләргә	tjɪlɛrgæ
теләүғолов	tʲɪlæuʁäɫɑw
теләһә	ðɪlɛhɛ
темәс	tɪmˌɛs
тере	tɪ̞rɪ̞
терегөмөш	tɪ̞rɪ̞gʏ̞mʏ̞ʃ
тереклек	tɪ̞rɪ̞klɪ̞k
теркәргә	tɪ̞rkɛgæ
теркәүес	tɪ̞rkæwɪ̞s
терпе	tɪ̞rpɪ̞
тертләп	tɪ̞rklæp
терһәк	tɪ̞rhæk
терәк	tɪ̞ræk
терәп	tɾæp
теш	tɪ̞ʃ
теш	ðɪ̞ʃ
теш-тырнаҡ	tɪ̞ʂtɯ̞rmɑq
тешләм	tɪ̞̞ʃɫɛm
тешләргә	tɪ̞rʂɫærgæ
теҙмә	fɪ̞ðmæ
теүәл	tɪ̞wæl
теүәлбай	tɪwɛlbaːj
ти	tiː
тибет	tibˈɛt
тибет	tʲibʲe̞t
тибеү	tibˈeu
тибә	tiba
тигеҙ	tʲigɪ̞ð
тигеҙләмә	tiːgɪ̞ðɫæmæ
тигеҙләргә	tʲigɪ̞ðlærgæ
тигән	tigæn
тигән	tʲigæn
тигәндә	tʲigændɛ
тиер	tʲir
тиергә	tʲirgæ
тик	tˢk
тикшереп	tʲikʂɪ̞rɪ̞p
тикшерергә	tʲikʃɪ̞rɪ̞rgæ
тикшерә	tʲikʂɪ̞ræ
тиләр	ti̠jlær
тимер	tʲimɪ̞r
тимер	t̪e̞m̩e̞r
тимербикә	tʲimɪ̞rbʲikæ
тимербәк	t̪iːmɪ̞rbæk
тимерсыбыҡ	tʲimɪ̞rsɯ̞bɯ̞q
тимерсыбыҡ	tʲimɪ̞rsɯ̞βɯ̞q
тимерғаҙыҡ	tʲimɪ̞rʁäðɯ̞q
тимерҡаҙыҡ	tʲiːmɪ̞rqɑðɯ̞q
тимур	ð̞emuɾ
тимә	tʲimæ
тимәк	tiːmæk
тимәк	tʲimæk
тин	tʲen
тип	dip
тир	tʲir
тир	t̪iːr
тиргәп	tʲiɾgæp
тире	tʲirɪ̞
тиреҫ	tʲirɪ̞θ
тирлән	tʲiɾlæn
тирләргә	ti̠rlærgæ
тирләү	tiːrlæw
тирмә	tʲirmæ
тирмә	tʲiɾmæ
тирмән	tʲirmæn
тирмәнсе	tʲirmænsɪ̞
тирә	tiːrɛ
тирәк	tirek
тирәк	tʲiræk
тирәһе	i̠rɛhɪ̞
тирәһендә	tʲiɾæhɪ̞ndæ
тирәһендәге	tʲiɾæhɪ̞ndægɪ̞
тишек	tiʃɛk
тишек	tʲiʃɪ̞k
тиҙ	tʲeð
тиҙ	tˈiz
тиҙлек	tʲeðlɪ̞k
тиҙләтеү	tiðlætæw
тиҙәк	tʲiðæk
тиҙәр	ðiðær
тиң	tʲeŋ
тиң	t̪e
тиңдәш	tʲiŋdæʃ
тиңсура	tiŋsura
тиҫбе	tʲeθbɪ̞
тиҫтер	tʲiθtɪ̞r
тиҫтә	tiθtæ
тойола	tɐjɯɫa
тойғо	tʊ̞jʁʊ̞
тол	tɯ̞ɫ
тол	tʊ̞ɫ
толом	tʊ̞ɫʊ̞m
толпар	tʊɫpɑr
томан	tʊ̞mɑn
томанларға	tʊ̞mɑnbɑrʁɑ
томансы	tɔmansɯ
томаш	tɐmɑʃ
томбойоҡ	tʊ̞mbʊ̞jʊ̞q
тонсоға	tʊ̞nʲtsʊ̞ʁa
тор	tɔr
тора	tɾa
тораһы	tɾˈahɯ̞
торба	tʊrba
торлаҡ	tʊ̞rɫɑq
тормайым	tɯ̞rmɑjɯ̞m
торманы	tørmɑnɯ̞
тормаҫ	tɯ̞rmɑθ
тормош	tʊ̞rmʊ̞ʂ
тормошсан	tʊ̞rmʊ̞ʂsɑn
тормошсан	tʊ̞rmʊ̞ʂsʊ̞n
тормошҡа	tɵrmʊ̞ʂqä
торна	torna
торна	tʊ̞rnɑ
торош	tʊrˈɑʃ
торош	tʊ̞rʊ̞ʂ
торғайны	tɯ̞rʁɑjnɯ̞
торған	tɯ̞rɢän
торғас	dʊ̞rˈʁɑs
торғаяҡ	tɯ̞rɢäjɑq
торғонлоҡ	tʊ̞rʁänɫʊ̞q
торҙо	tʊ̞rðä
торһа	tʊ̞rgɑ
тот	tot
тотмаҫ	tɑtmɑθ
тоторға	tʊ̞tʊ̞rʁa
тотҡа	tɯ̞tqɑ
тотҡа	tʊ̞tqɑ
тотҡан	tɑtqɑn
тотҡансы	tɤtqɑnsɯ
тотҡарлау	tɯ̞tqɑrɫɑu
тотҡарлыҡ	tɯ̞tqɑrɫɯ̞q
тотһын	tɯ̞thɯ̞n
тояҡ	tʊ̞jɑq
тоған	tɢɑn
тоғро	tʊ̞ʁɾʊ̞
тоҙ	tʊ̞ð
тоҙаҡ	tʊ̞ðɑq
тоҙларға	tɯ̞ðɫɑrʁɑ
тоҡ	tʊ̞q
тоҡандырыу	tɯ̞qɑndɯ̞rɯ̞w
тоҡанырға	tɯ̞qɑnɯ̞rʁɑ
тоҡом	tʊ̞qʊ̞m
тоҡор	tʊ̞qʊ̞r
тоҡсай	tɑqsɑj
тоҡсай	tʊ̞qsɑj
трактор	tɾaktɔr
транспорт	tɾanspɔrt
тубырсыҡ	tubɯ̞rsɑq
тубырсыҡ	tuβɯ̞rsɯ̞q
тубыҡ	tuβɯ̞q
тубыҡ	tʊ̞bʊ̞q
тубыҡланырға	tʊ̞bɯ̞qɫɑnɯ̞rʁɑ
туй	tuj
туйбикә	tojbikæ
туйсура	tʊjsɔra
туйырға	tʊjɯ̞rʁɑ
туйыш	tʊjˈɛʃ
туйҙа	tujda
туйҙар	tʊ̞jðäɾ
тула	tʊ̞ɫɑ
тулайым	tʊ̞ɫäjɯ̞m
туларға	tʊ̞ɫɑrʁä
тулатма	tʊ̞ɫɑtmɑ
тулатмағыҙ	tʊ̞ɫɑtmɑʁɯ̞ð
тулау	tʊlau
тултырыу	tʊ̞ltɪ̞rɪ̞w
тултырыусы	tʊɫtɯ̞rʊsɯ̞
тултырған	tʊ̞ɫtɪ̞rʁɑn
тулы	tuɫɯ̞
тулыбай	tʊɫʊ̞bäj
тулып	tʊɫɯ̞p
тулырға	fwɫɯ̞rʁɑ
тулыһынса	tulɑhɯnsɑ
тулған	tsulɢɑn
тулҡын	tuɫqɯ̞n
тулҡынлы	toɫqɯ̞nɫæ
тумалаҡ	tʊ̞mɑɫɑq
тумыртҡа	tumɯ̞rtqɑ
тумыртҡа	tʊ̞mɯ̞rtqä
тун	sun
тун	tun
тунарға	tʊ̞nɑrʁä
туп	tʊp
тупа	tupa
тупаҫ	tupas
тупланған	toβɫänɢan
туплаған	tʊ̞pɫɑʁɑn
тупраҡ	tuprɑq
тупраҡ	tˈupɾˈɑq
тупһа	tuphɑ
тура	toɾɑ
тура	tʊra
турахан	tʊ̞rɑχän
тураһында	fuɾɑhɯ̞ndɑ
тураһында	turɑhɯ̞ndɑ
тураһындағы	surɑhʊ̞ndæʁɯ̞
туристик	tuˈristik
туры	tʊɾa
турғай	turʁɑj
тут	tot
тут	tˈut
тутыйғош	tutɯ̞jʁʊ̞ʂ
тутырма	tutɾma
туфан	sʊfˈɑn
туфан	tufɑn
туғай	tuʁɑj
туғанбай	tʊ̞ʁɑnbɑj
туғандаш	puʁɑndɑʂ
туғанлашырға	tuʁɑnlɑsɯ̞rʁɑ
туғарылыу	toʁɑrɑɫɯ̞w
туғыҙ	tuʁɯ̞ð
туғыҙ	tʊ̞ʁɯ̞ð
туҙ	tuð
туҙ	tuð̞
туҙан	tuðɑn
туҙбаш	tusbˈɑʃ
туҡ	tsuq
туҡ	tuq
туҡал	tuqɑl
туҡал	tuqɑɫ
туҡбулат	tɯ̞qbɯ̞ɫät
туҡсаба	tuqsɑbɑː
туҡсура	toqsura
туҡта	tʊ̞qtɑ
туҡталыш	tuqtɑɫɯ̞ʂ
туҡтамай	luqtɑmɑj
туҡтаны	tˤuqtɑnɑ
туҡтап	tuχtap
туҡтар	tʊ̞qtɑr
туҡтарға	tʊ̞qtɑrʁɑ
туҡтат	tʊ̞qtät
туҡтатыу	tʊ̞qtɑtʊ̞w
туҡтаһа	tˈʊbtaha
туҡылдарға	tʊ̞qʊ̞ɫdɑrʁɑ
туҡылған	tɵqɯ̞ɫʁɑn
туҡыма	tuqɯ̞mɑ
туҡыусы	tuqɯ̞wsɑ
туҡһай	tsuqhaj
туң	tuŋ
туңдырма	tuŋdɯ̞rmɑ
туңдырма	tʊ̞ŋdʊ̞rma
туңдырылған	tʊ̞ŋdʊ̞rʊ̞ɫʁɑn
туңыу	tʊŋau
туңғатар	toŋgɑtɑr
тыйнаҡ	tɪ̞jːnɑq
тыйнаҡлыҡ	tɯ̞jnaqɫɑq
тыйылырға	ðɯ̞jɯ̞ɫɯ̞rʁɑ
тыйырға	tjɯɾɢä
тылсым	tɯ̞ɫsɯ̞m
тылсымлы	tɯ̞ɫsɯ̞mɫɯ̞
тылсымсы	tɯ̞ɫsɯ̞msɯ̞
тымау	tɯ̞mɑw
тымырға	tʁɯ̞mɯ̞rʁa
тынсыу	tɯ̞nsɯ̞w
тынырға	tənɯ̞rɢa
тыныс	tɯ̞nɯ̞s
тынысландырып	tɯ̞nɯ̞sɫänðɯ̞rʊ̞p
тынысланма	kɯ̞ŋɯ̞sɫɑnmɑ
тынысланырға	tɯ̞nɯ̞sɫɑnʊ̞rʁɑ
тыныслыҡ	tɯnɯ̞sɫɯ̞q
тырма	tɯ̞rmɑ
тырма	tɾma
тырнарға	tɯ̞rɯ̞nɑrʁa
тырнаҡ	tɯ̞rnaq
тырнаҡ	tɯ̞rnɑq
тыртай	tɐrtɐj
тырыш	tɯ̞rɯ̞ʂ
тырыша	tɯ̞rɯ̞ʂːa
тырышмаҡсы	tɪ̞rɪ̞ʂmɑqsʊ̞
тырышты	tʊ̞rɯ̞ʂtɑ
тырышыусанлыҡ	tɯ̞rɯ̞ʂʊ̞ɫsɑnɫɯ̞q
тыуым-үрсемде	tɯ̞uɯ̞mursɪ̞mdʲɪ
тыуырҙар	tɯ̞uɯ̞rdɑɾ
тыуыу	tɯ̞wɑu
тыш	tɯ̞rʂ
тышау	tɯ̞ʂɑw
тышланырға	tʊ̞ʂɫɑnʊ̞rʁä
тышлыҡ	rʊ̞ʂɫɯ̞q
тығырға	tʊ̞ʁʊ̞rʁa
тығыҙ	tɯ̞ʁɯ̞ð
тыҡрыҡ	tɯ̞qrɯ̞q
тыҡрыҡ	tɯ̞qɾɯ̞q
тыңлай	tɐ̃ŋlɐj
тыңламаҫҡа	tɯ̞ŋɫɑmɑsqä
тыңлап	tɐ̃ŋlɐp
тыңлау	tɐ̂ŋlɐ̃ʊ
тыңлаулы	tɯ̞ŋɫɑuðɯ̞
түбән	tʊbæn
түбән	tʏbæn
түбән	tʏβæn
түбәндәге	tʏbændæɣæ
түбәндәгесә	tʏbændæːgɪ̞sæ
түбәнләргә	tʏ̞bʲɛnlɛrgæ
түбәтәй	tʏbʲɛtɛj
түгел	tɵgɪ̞l
түгел	tˈʏgəl
түгергә	tʊgɪ̞rgæ
түкте	tʏptɪ̞
түләк	tylˈɛk
түләкбай	tʏlʲɪkbäj
түләп	tulˈɛp
түләргә	tʏlɛrgæ
түләүле	tʏlæwlɪ̞
түләүсе	tʏlæʏsæ
түр	tʏr
түрйән	tʏ̞rjæn
түркенгә	tʏ̞rkʏ̞ngæ
түркендә	tʏ̞rkʏ̞ndæ
түрә	tʏræ
түтәл	tɵtæl
түтәрмә	tʏ̞tɛrmæ
түш	tʏʃ
түш	tʏ̞ʂ
түшкә	tuʃkæ
түшәк	tukʃak
түшәм	tʏʃæm
түшәргә	tʏsɛrgæ
түшәү	tuʃau
түҙемлек	tʏðɪ̞mlɪ̞k
түҙеүсе	tʏðɪ̞lsɪ̞
түҙә	tʏðːɛ
түңәрәк	tʏŋæræk
тәбенгеле	tæpɪ̞ngʲɪlæ
тәбиғи	tæβiʁïi
тәбиғәт	tæβiʁæt
тәбиғәт	tɛbɛʁɛt
тәбрикләргә	tæbrʲiklærgæ
тәгеш	tɛgɪ̞r
тәгәрләү	tægærlæw
тәгәрмәс	tægærmæs
тәгәрәргә	tægɪ̞rɛrgæ
тәгәрәү	tɛgɛrɛv
тәжрибә	tæʒrʲibæ
тәжрибә	tɛʒrɪbæ
тәзкирә	tæskirɛ
тәкә	tækæ
тәкәббер	tækæbːɪ̞r
тәлмәрйен	tælmærjæn
тәлғәт	tælʁæt
тәм	dˈɛm
тәм	tæm
тәминдар	tɛmʲindɑr
тәминдәр	tæmʲindær
тәмле	tæmlɪ̞
тәмле	tɛmlɛ
тәмләргә	tæmlærgæ
тәмһеҙ	tæmhɪ̞ð
тәмәке	tæmækæ
тәмәке	tæmækɪ̞
тәнле	tɛnlæ
тәнҡит	tæŋqit
тәнҡит	ðɛnqit
тәнҡитсе	tɛnqitsɪ
тәнәкәй	tenakˈaj
тәнәфес	tænæfɪ̞s
тәпе	tɛpɛ
тәпке	tæpkɪ̞
тәпәш	tæpæʃ
тәпәшәк	tɛpeʃɛk
тәрбиә	tærbʲiʲæ
тәрбиә	tɛrbjæ
тәрбиәле	tɛrbjælɪ̞
тәрбиәләмәй	tæɾbjælɪ̞mæj
тәрбиәләнгән	tæɾbʲiɛlængæn
тәрбиәләнә	tæɾbʲiæ̹lɛnæ
тәрбиәсе	tɛrbjjɛsɪ̞
тәрбиәһеҙ	tɛrbʲiʲæhʲɪð
тәре	tæɾɪ̞
тәржемә	tærʒɪ̞mæ
тәржемә	tɛrˈsɪmæ
тәржемәсе	tærʒɪ̞mæsɪ̞
тәрилкә	tærʲilkæ
тәрилкә	t̪æɾi̯ilkæ
тәртешкә	tærtɪ̞ʃkæ
тәртип	tærtʲip
тәртип	tɛrtip
тәртипләргә	tærtʲiplærgæ
тәрән	tæræn
тәрән	tæˈræn
тәрәнлек	tæɾnɫɪ̞k
тәсбих	tæsbʲiχ
тәскирә	tɛskʲiɾæ
тәслимә	tɛslimæ
тәте	tætɪ̞
тәтер-арыҫлан	tætɪ̞rɑrɯ̞sɫɑn
тәтлембәт	tætlɪ̞mbæt
тәтәй	tɛtej
тәфтиш	tɛftjʃ
тәхет	tæχɪ̞t
тәғлимәт	tæʁlʲimæt
тәғлимәт	tɛrliˈmæt
тәҙрә	tæðræ
тәҡдим	tæqdʲim
тәҡдир	tæqdʲir
тәҡлимә	tæqɫʲimæ
тәңкә	tæŋkæ
тәңре	tæŋræ
тәңре	tæŋrɪ̞
тәү	tæw
тәүге	tæwgɪ̞
тәүге	tɛu̯gɛ
тәүлек	tæwlɪ̞k
тәүтормош	tæwtʊ̞rmʊ̞ʂ
тәүфиҡ	tænfiq
тәүҙә	tæwðæ
тәүҙә	tɛʋʲðɛ
тәүәкәлләргә	tæwækæ̹lːærgæ
тәһәрәт	tæhæɾæt
тәһәрәт	ðɛhɛrɛt
төбәк	tʏ̞βæk
төбәлгәйне	tʏ̞bælgʲɛʲinɪ̞
төбәп	tˈəbˈɛp
төймә	tʏ̞jmæ
төйөн	tʏ̞jʏ̞n
төкөрөк	tʏ̞kʏ̞rʏ̞k
төлкө	tʏ̞lkʏ̞
төмән	tʏ̞mæn
төн	tʏ̞n
төндә	tɯ̞ndɛ
төндөк	tʏ̞ndʏ̞k
төньяҡ	tʏ̞njɑq
төньяҡта	tɪ̞njɑqtɑ
төнәтмә	tʏ̞nætmæ
төп	tɛp
төп	tʏ̞p
төпләнергә	tɯ̞plænɪ̞rgæ
төплө	tɪ̞plæ
төпсөк	tɪ̞psɪ̞k
төр	tɪ̞r
төр	tʏ̞r
төргәк	tʊ̞rgæk
төрки	tərki
төркиә	tʏ̞rkʲiʲæ
төркөм	tɪ̞rkɪ̞n
төркөм	tʏ̞rkʏ̞m
төркөмсә	tɪ̞rkʲɪmsæ
төркөстан	tɪ̞rkɪ̞stɑn
төрлө	tɪ̞rɫɛ
төрлө	tʏ̞rlʏ̞
төрмә	tʏ̞rmæ
төрткө	tʏ̞rtkʏ̞
төрҙө	tʏ̞rðʏ̞
төрөк	tʏ̞rʏ̞k
төрөкмәнстан	tʏ̞rʏ̞kmænstän
төрөнөргә	tʏ̞rʏ̞mʏ̞rgæ
төрөргә	t̪i̠rɪ̞rgæ
төтәргә	tʲɪtærgæ
төтөн	tʏ̞tʏ̞n
төхвәт	tɪ̞χwɛt
төхвәтулла	tɪ̞qwætuɫɫä
төш	tɪ̞ʃ
төш	tʏ̞ʃ
төшкәс	tɐʃkɛs
төштө	tɪ̞rʂtɪ̞
төшөнсә	tʏ̞ʃʏ̞nsæ
төшөргә	tɪ̞ʂɪ̞rgæ
төшөрөү	tʏ̞ʃʏ̞r
төшөрөү	tʏ̞ʃʏ̞ɾ
төҙ	tɪ̞ð
төҙ	tʏ̞ð
төҙөлөргә	tɪ̞ðɪ̞ɫɪ̞rgæ
төҙөргә	fʏ̞ðʏ̞rgæ
төҙөүсе	tʏ̞ðʏ̞wsɪ̞ᵝ
төҫ	tʏ̞θ
удмурт	putmurt
ужым	uʐɯ̞m
ужым	uʒɨm
уй	oj
уй	uʝ
уйлай	ojlai
уйламай	ojlɑmɑj
уйламағанда	ʊ̞jɫɑmɑʁɑndɑ
уйлана	ʊi̯lɐnˈɑ
уйланы	ojlana
уйланып	jɫɑnɯ̞p
уйланған	ɵjɫɑnʁɑn
уйларға	jɫɑrʁɑ
уймаҡ	ujmɑq
уйнарға	wjɯ̞närʁä
уйпат	ujpat
уйпы	ojpa
уйсанланырға	ʊ̞jsɑnɫɑnʊ̞rʁä
уйылдан	ujɯ̞ɫdɑn
уйын	ujɯ̞n
уйынсыҡ	ujɯ̞nsɯ̞q
уйынсыҡ	uβjɯ̞nsɯ̞q
украина	ukraina
ул	oɫ
ул	ˈul
улай	ulaj
улайһа	bwɫäjhɑ
улан	oɫan
улар	uɫɑr
уларса	ulɑrsɑ
уларҙың	ulɑrðɯ̞ŋ
ултыра	ultɪrɑ
ултырмағас	ʊ̞ɫtɯ̞rmɑʁäs
ултырт	ʊ̞ɫtɯ̞rt
ултыртмады	oɫtɯ̞rtmɑðɯ̞
ултыртылған	wltɯ̞rtʊ̞ɫʁɑn
ултыртып	wltɪ̞rtʊ̞p
ултыртыр	qultɯ̞rtʊ̞r
ултыртырға	ʊ̞ɫtɪ̞ɾtɪ̞rʁɑ
ултыртыу	ɵɫtɯ̞rtɯ̞w
ултыртҡан	ʊ̞ɫtɯ̞rtqɑn
ултырып	ɵɫtɯ̞rʊ̞p
ултырыусы	ɵɫtɪ̞rɯ̞wˌsɯ̞
ултырғайны	ʊ̞ɫtɪ̞rʁɑjnɯ̞
ултырған	bwltɪ̞rʁɑn
ултырғас	ʁʊltʊ̞rʁäs
ултырғыс	utɯ̞rʁɯ̞s
ултырғыс	uɫtɯ̞rʁɯ̞s
ултырғыс	ɵɫtɪ̞rʁɯ̞s
умарта	umarta
умарта	umɑrtɑ
умартасылыҡ	umɑrtðäsɯ̞ɫɯ̞q
умырзая	umɯ̞rzɑjɑ
умыртҡа	omɯ̞rtʁæ
ун	un
ун	ũn
унан	unan
унан	unɑn
унар	unhaɾ
унау	unau
унау	unaw
унауҙан	unauzan
унда	bunda
унда	undɑ
унлап	unˈlɑp
уны	unɯ̞
уның	unɯ̞ŋ
упҡын	upqɯ̞n
ураз	ɔɾaz
уразмәт	wɾazmɛt
уразымбәт	ʊ̞rɑzɯ̞mbæt
урал	oɾɑɫ
урал	wɾɑɫ
урал-тау	uɾɑltɑu
уралдың	wɾaldɯ̞ŋ
урам	oɾɑm
урам	puɾɑm
урамдар	ʊ̞rɑmdɑr
уран	urran
уранырға	ʊ̞rɑnɯ̞rʁɑ
ураныу	urɑnɐu
урарға	wrɑrɣa
уратып	ʊ̞rɑtɯ̞p
уратырға	wratɯ̞rʁa
уратҡан	ʊ̞rɑtqɑn
урау	puɾau̯
ураҡ	urɑq
ураҡай	ʊ̞ɾɑqäj
ураҡбай	urɑqbɑɪ̞
ураҡсы	ʊ̞rɑqsɯ̞
урия	urie
урлар	wurɫar
урлау	urlaw
урман	urmɑn
урман	wʊ̞rmɑn
урманлы	urmɑnɫæ
урмансылыҡ	qurmɑnsɯ̞ɫɯ̞q
урта	urta
урта	urtɑ
уртаса	urtɑsɑ
уртаҡ	urtɑq
уртаҡлашырға	urtɑqɫæʃɯ̞rqɑ
уртаһында	ʊrtɑhʊ̞ndtä
уртаһындағы	urtsɑhʊ̞ndɑʁʊ̞
урын	urɯ̞n
урын	uɾæn
урын-ваҡыт	urɯ̞nwɑqɯ̞t
урынбаҫар	urɯ̞nbɑθɑr
урынлашты	kuɾɯ̞nɫɑʂtʊ̞
урынлаштыра	ʊ̞rʊ̞nɫäʃtɯ̞rɑ
урынлаштырылған	qurɯ̞nɫäʃtɯ̞rɯ̞ɫʁɑn
урынлаштырыу	uɾɯ̞nɫäztɯ̞rɯ̞w
урынлаштырған	urənlɑʃtɯ̞rʁɑn
урынлашырға	urɯ̞nɫæʂɪ̞rʁɑ
урынлашҡан	ʊ̞rɯ̞nɫɑʃqɑn
урынлы	urɯ̞nɫɯ̞
урынһыҙ	uɾʊ̞nhɯ̞ð
урынһыҙлыҡ	urɯ̞ŋhɯ̞ðɫɑq
урып	urɑp
урырға	oɾɯ̞rɢa
урыҫ	urɯ̞θ
урыҫ-байбаҡ	urɯ̞θbäjbɑq
урҙан	wʊ̞rðɑn
ус	us
ус	uz
усал	uzɑl
усаҡ	usɑq
услап	uzɫɑp
усларға	ʊ̞sɫɑrʁɑ
ут	ot
ут	tˢ
утарбай	utärbˈɑj
утарға	ʊtɑrɢa
утрау	uprao
утрау	utrɑw
утын	utɯ̞n
утын	ʊ̞tɯ̞n
утыҙынсы	qutɯ̞ðɯ̞nsɯ̞
утҡойроҡ	utqʊ̞jrʊ̞q
уфтанырға	ʊ̞ftɑnɯ̞rʁɑ
уфтаныу	uftanou
ушан	uʃɐn
уян	ˈujˈɔn
уянып	uˈjɑnɯp
уятып	bujɑtɯ̞p
уяулыҡ	kwjɑwɫɯ̞q
уға	uʁɑ
уға	ʊ̞ɢɑ
уғры	u̞ʁrɯ̞
уҙғарыу	ʊ̞ðʁɑrɯ̞w
уҡ	uq
уҡа	qa
уҡалы	ɵqäɫɯ̞
уҡбаш	ʊ̞qbɑʂ
уҡлау	uqɫæʊ̞
уҡлау	uqɫɑw
уҡмашырға	ʊ̞qmɑʂɯ̞rʁɑ
уҡмашыу	uqməʃɯ̞w
уҡсы	qsɯ̞
уҡсы	uqsɯ̞
уҡтай	ʔuqtɑj
уҡшыу	uqʃɛw
уҡылған	ɵqɯ̞ɫʁɑn
уҡыта-уҡыта	uqɯ̞tɑuqɯ̞tɑ
уҡытмау	qɯ̞tmɑu
уҡытылырға	ʊ̞qʊ̞tɯ̞ɫɯ̞rʁɑ
уҡытырға	uqɯ̞tɯ̞rʁa
уҡытыусы	uqɯ̞tɯ̞wsɯ̞
уҡытыусы	uqɯ̞tɯ̞ɫsʊ̞
уҡыусы	uqɯ̞wsɯ̞
уҡыусылыҡ	uqɯ̞ɫsɯ̞ɫɯ̞q
уң	uŋ
уң	ũŋ
уңай	uŋˈɑi
уңайлы	uŋɑjɫɯ̞
уңайҙы	uŋɑjðɯ̞
уңайһыҙланыу	unɑjhɯ̞ðɫɑnɯ̞w
уңайһыҙларға	unɑjhɯ̞ðɫärʁä
уңалырға	uŋɑɫɯ̞rqä
уңырға	uŋärʁä
уңыш	uŋɯ̞ʂ
уңышлыҡ	ɵŋɯ̞ʂɫɯ̞q
уңышһыҙлыҡ	ʊ̞ŋɯ̞ʂhɯ̞ðɫɯ̞q
уҫал	uθɑɫ
уҫаҡ	uθɑq
уҫаҡ	ʊ̞θɑq
уҫман	ʊθmɔn
фабрика	fabrika
фавар	fauˈar
фажиғә	faʑiʁæ
фажиғә	faʒïʁæ
фазлинур	fæzlʲïnoːr
фазләхмәт	fazlæχmæt
фазыла	fazɯlla
фазылйән	fazɯɫjen
фазылхан	fazəlχɑn
фаил	fajˈo
фаиҡ	fɑjɯq
файыл	fajɯ̞ɫ
файыҡ	fəjɯ̞q
файҙа	fajðɑ
файҙа	fɑjðɑ
файҙаланыу	fajðɑlɑnɯ̞w
файҙаланған	fɑjzɑɫɑnʁɑn
факиһа	fˈakɪhˈɑ
фара	para
фариза	fariza
фарис	fɑriːs
фарман	farman
фарман	fɑrmɑn
фармацевтик	farmɑtsɛftˈik
фарсы	farsɛ
фаруҡ	frʊq
фарыздыр	fɑɾazdɯˈr
фасих	fˈasˈiɹ
фатима	fätʲi̠mä
фатима	fɑtˈma
фатир	fãt̪iɾ
фатир	fätʲïr
фатих	fatˈiχ
фатиха	fätʲïχä
фаттах	fatːaq
фауна	fau̯na
фаянур	fajɑnur
фекер	fɪ̞kɪ̞ɾ
фигура	figura
фидай	fidɔj
фидалиә	fidɔliɛ
физик	fizˈik
физика	fˈisika
фиксажлау	fiksɐʒlau
фиксатор	fiksator
фиктив	fɪktˈɪv
фикус	fikuz
фил	fʲil̠
филантропик	fjlantropik
филателизм	fˌilˌɐtɨlˈizm
филателист	fˈilˈɑtəlɪst
филе	file
филзә	filizɛ
филиал	fˌiliˈɑl
филистер	fjlistɛr
филистерлыҡ	fʲilʲɪstɪ̞rɫʊ̞q
филтә	filt̪e
филтә	fʲiltæ
филтәле	filtæ̹lɛ
фильм	fˈlm
филёнка	fjilʲonka
филүзә	filuzɛ
филүс	fˈilˈœs
фин	fˈin
фируза	fjɾuzɑ
фирғәт	fiɾɢæt
фирғәүен	fʲiɾʁæwɪ̞n
фирҙәүес	fʲirðæwɪ̞s
фирүзә	fʲirʊzæ
фитрат	fˈiːtrˈat
флора	flora
флүрә	flʏrˈe
флүсә	flʏsˈɛ
фонд	funt̪
форма	foɾma
формалашмау	pʊ̞rmɑɫɑʂmɑw
формалашыу	fʊ̞rmʊ̞ɫɑʂʊ̞w
формат	fɔrmat
форсат	fɐrsad
форсат	fʊ̞rsɑt
франгиз	franɢiz
фрида	frida
фруза	fruza
фуат	fuːat
фуражка	furaʃka
фәйез	fajaz
фәйзрахман	fajzraxman
фәлсәфә	fælsæfæ
фәлсәфә	fɛzsɛfˈɛ
фәлсәфәүи	fælsæfæwi
фәлән	fælæn
фән	fæn
фәнгиз	fengiz
фәндәргә	fændærʲgæ
фәнзил	fənzil
фәнир	feniɾ
фәнис	fənˈis
фәнни	fenni
фәннур	fãnˈnuɾ
фәнүзә	fɛnɪzɛ
фәнүс	fˈɛnˈus
фәрехшат	færʲɪqʃät
фәрештә	færɪ̞ʃtæ
фәридә	vɛrʲidæ
фәрит	færʲit
фәрит	vˈɛrɪt
фәриха	fæɾɪːxæ
фәриға	færiːɢa
фәриҙә	færʲiðæ
фәриҙә	fæɾiːðɛ
фәррәх	fɛrˈrɛx
фәруҡ	fɾuq
фәрхинур	færçinuɾ
фәрхәнә	fɪ̞rχænæ
фәрхәт	fɾχɛt
фәрүәз	fɛrbɛz
фәрүән	fɛrvɛn
фәсәхәт	χɛsɛχɛt
фәтих	fɛtiːx
фәтхулла	fatˈχuːlːɑ
фәхри	fˈaxri
фәҡир	fæqɪ̞ɾ
фәһем	fahem
фәһимә	fæˈrʲɪmæ
хаж	χɑʐ
хазбулла	χɑzbuɫla
хазина	χäzʲïnä
хайуан	χæjˈwan
хайуанды	χæjˈwɑndɑ
хакер	akʲiɾ
хаким	χäkʲi̠m
халатлы	χɑɫɑtɫɑ
халаттағы	qɑɫɑtːɑʁɯ̞
халит	χɑlɪt
халыҡ	χɑɫɯ̞q
халыҡтың	χɑlɑqtɯ̞ŋ
хаммат	χammat
ханислам	χɑnʲjslɑm
ханнан	χɑnˈnɑn
ханым	χɑnɯ̞m
характер	χʊ̞rɑktʲir
хас	χäs
хас	χɑs
хасбулат	χɑsbwɫäp
хаслаш	χɑslɑʃ
хаслашыу	χɑslɑʂɯ̞w
хат	ɣɑt
хата	χɑtɑ
хаталанған	χɑtɑlɑnʁɑn
хатлашырға	χɑtwɑʃɯ̞rɢa
хатмулла	χɑtmʊ̞ɫːɑ
хатта	χɑtːɑ
хатта	χɑtˤa
хафаза	χæfˈzˈɑ
хафаса	hafasˈa
хаҡ	xɑq
хаҡ	χɑq
хаҡмулла	χɑqmʊ̞ɫɫæ
хаҡмырҙа	χɑqmɯ̞rðːɑ
хаҡта	χɑqta
хаҡына	χɑqɯ̞nɑ
хаҡында	χɑqɯ̞ndɑ
хаәҙар	χɑðɑr
хеҙмәт	χɪ̞ðmæt
хеҙмәттәшлек	χɪ̞zmættæʂɫɪ̞k
хизбулла	χizbullɑ
хикмәтле	χikmætlæ
хикәйә	χɨ̯ikæjæ
хикәйә	χʲikæjæ
хима	χimɑ
химик	imik
хис	χɨ̯is
хисап	iθæp
хисап	xɪsˈɑp
хисапларға	χɪ̞sɑplɑrʁɑ
хисаплау	χɪsɑplɑw
хисбулла	χʲisbwɫːɑ
хисмәт	χismæt
хисмәтулла	χismætuɫːɑ
хитап	χɪtɑp
холоҡһоҙ	χʊ̞ɫʊ̞qhɯ̞ð
хорал	χɔ̙rɑɫ
хоҙай	χʊ̞ðɑj
хоҡуҡ	χʊ̞quq
хужа	χuʐɑ
хужабикә	χoʐɑbʲekæ
хужалыҡ	χuʐɑɫɯ̞q
хужалыҡтағы	χʊ̞ʒɑɫɯ̞qtɑʁɯ̞
хупларға	χuːpɫɑrʁɑ
хур	xuɾ
хурамша	χoɾhɑmʃɑ
хурларға	χʊ̞rɫɑrʁä
хурлауҙар	uɾlawð̞är
хут	xut
хуш	xuʂ
хуш	χuʂ
хыял	χɯ̞jɑɫ
хыялланырға	χɪ̞jɑɫɫɑnɯ̞rʁɑ
хыянатсыл	χɯ̞jɯ̞nätsʊ̞ɫ
хәбиб	χæbɪb
хәбибулла	χæbibuɫːɑ
хәбибә	χɛbibæ
хәбип	χæbʲip
хәбир	χæbʲir
хәбирйән	χæbʲirjæn
хәбәр	χæβær
хәбәрсе	χæβærsɪ̞
хәбәрһеҙ	χæbærhɯ̞ð
хәжәр	χæˈzær
хәжәт	χæzæt
хәйер	χæjɪ̞r
хәйер	χæjːɾ
хәйерниса	χæjːrnisˌa
хәйерсе	χæjɪ̞rsɪ̞
хәйерселек	χæjɪ̞rsɪ̞lɪ̞k
хәйләкәр	χæjðækær
хәйрулла	χæjrullɑ
хәйҙәр	χæjdær
хәким	ɦækɪm
хәкимйән	χækʲimjæm
хәкимә	χækjɪ̞mæ
хәл	xæl
хәл	χæl
хәлен	χæ̹lɪ̞m
хәлендә	χælɪ̞ndæ
хәлидә	χældæ
хәлим	χælɪm
хәлимә	χælʲimæ
хәлисә	χælɪsæ
хәлфә	χælfe
хәлүә	χælwæh
хәлһеҙләнергә	χælhɪ̞ðɪ̞ɫɛnʲɪɾgæ
хәләф	xælæf
хәмбәл	χæmbæl
хәмдиниса	χæmˈdˈjnisˈa
хәмзә	χæmzæ
хәмиҙә	χæmʲiðæ
хәмәтгәрәй	χæmætgæɾɛj
хәмәтйәр	χæmætgɛr
хәнүәт	ɣɛnˈwɛt
хәрби	χrbi
хәрби	χærbʲi
хәрби	χærbʲij
хәрбиләштерергә	χɛrbʲilæʃtʲɪrɪ̞rgæ
хәреф	χærɪ̞f
хәрефләп	χɛrflæp
хәриямал	χærjɑmɑl
хәрәкәт	χærækæt
хәрәкәт	χɪ̞rɛkæt
хәрәкәттәге	χæɾækætːægæ
хәсби	χɑsˈbi
хәсбиямал	χæsbijɑmɑw
хәсифә	χæsife
хәстәрле	χæstærɫæ
хәстәрлек	χæstɛrɫek
хәсән	χæsæn
хәсәнйән	χæsənjæn
хәтер	χætɪ̞r
хәтерләй	χætɾˈlæj
хәтерләргә	χætɪ̞rɪ̞ɫɛrgæ
хәтерләт	χætɾlæt
хәтерләү	χætɪ̞rɫæw
хәтимә	χætɪ̞mæ
хәтле	χætlæ
хәтлем	χætlæm
хәтмулла	χætmʊ̞ɫːɑ
хәфиз	χæfɪs
хәҙер	χæðɪ̞r
хәҙерге	χæðɪ̞rgæ
хәҙис	ɣæðˈis
хәҡиҡәт	χæqiːqɛt
хәҡиҡәт	χæqɨ̯iqæt
хөбби	χæbːi
хөкүмәт	χʏ̞kumæt
хөкүмәт	χʏ̞kʏ̞mæt
хөрмә	χɪ̞rmæ
хөрмәт	χʏ̞rmæt
хөрмәтенә	χʏ̞rmætɪ̞næ
хөрт	χɤrt
хөртәйергә	χɯ̞rtæjɪ̞rgæ
хөрәфәт	χʏ̞ræfæt
хөснетдин	χɪsnɪtdin
хөсниямал	χɪ̞snïijɑmɑɫ
хөснә	χɪ̞snæ
хөсәйен	χʏ̞sæjɪ̞n
цех	tsɛx
шайбәк	ʃojbæk
шайнур	ʃajfor
шайтан	ʂɑjtɑn
шайтан	ʃɑjtaŋ
шайыҡ	ʂɑjɯ̞q
шайҙулла	ʃajðuɫla
шакир	ʃakir
шакирйән	ʂækʲirjæn
шакирьян	ʃækʲirjɑn
шалтырарға	ʂɑltɯ̞rɑrʁä
шалтыратырға	ʂɑltɯ̞rɑtɯ̞rʁä
шалтырау	ʂɑltɯ̞rɑu
шалҡан	ʂɑɫqɑn
шама	ʂɑmɑ
шамил	ʃaml
шаммас	ʃammas
шамуҡ	ʃamuq
шарап	ʂɑrɑp
шарлауыҡ	ʂɑrɫɑwɯ̞q
шарт	ʂɑrt
шарт	ʃɑɾt
шартлау	ʂɑrtɫäːw
шартлы	ʂɑrtɫɑ
шартлыса	ʃɑːtɫɯ̞sɑ
шартым	ʂɑrtɯ̞ŋ
шаршамбы	ʂɑrʂɑmbɯ̞
шаршау	ʂɑrʂɑw
шаршау	ʃarʃaw
шат	ʂɑt
шат	ʃɒt
шатланып	ʃɑtlɑnɯ̞p
шатланырға	ʂɑtɫɑnʊ̞rʁɑ
шатлыҡлы	ʂɑtɫɯ̞qɫɑ
шатморат	ʃɑtmɯrɑt
шаулау	sau̯lau
шаулашҡан	ʃɑulɑʃqɑn
шаулы	ʃɑuɫä
шафи	ʃɔfˈi
шафиға	ʃafiʁa
шафиҡ	ʃafiq
шашынған	ʃaʃɯnʁɑn
шаян	ʂɑjɑn
шаяртырға	ʃajɑrtɯ̞rʁa
шағир	ʂäʁɪɾ
шағирә	sɑɢiɾæ
шағирә	ʂäʁi̠ræ
шаҡман	ʃˈɑmən
шаҡмаҡ	ʂɑqmɑq
шаҡтай	ʂɑqdɑj
шаһибәрәк	ʃaɦibərɛk
шаһивәли	ʃɑhˈibɛlɪ
шаһиморат	ʃahjmrat
шаһимәрҙән	ʂæhʲimɛrðɛn
шаһинур	ʃˈɐhˈinˈuːr
шаһит	ʂɑhït
шаһит	ʃahˈiːt
шаһиҙа	ʃahˈiːða
шаһиҙә	ʃɑhʲiːðæ
шаһиәхмәт	ʃæhʲiːχmɛt
шаһыбал	ʃɑhbɑɫ
шелтә	ʃɪltæː
шелтәләргә	ʃɯ̞ɫtæ̹lærgæ
шеләгәй	ʃɪ̞lægæj
шеш	ʃɛʃ
шешеп	ʃɪʃɪb
шешә	ʃɪ̞ʃæ
шик	ɕik
шик	ʃik
шик	ʃiːk
шикле	ʃiklɛ
шикләнмәй	ʃɪkˈlɛnmæj
шимәк	ʃiːmɛk
ширҡәт	ʃɪ̞rqɛt
шифа	ɕifä
шифа	ʃifä
шифа	ʃiːfa
шифахана	ʃifäχänä
шифахана	ʃifɑχɑnɑ
шифахана	ʃˈifaxanˈa
шишмә	ʃiʃmæ
шишмә-ураҡай	ʃiʂmæuɾaqɑj
шишә	ɕiʃæ
шишәмбе	ɕeʃæmbɪ̞
шишәмбе	ʃeʃæmbɪ̞
шиғри	ɕeʁɾɪj
шиғриәт	ɕiʁriʲæt
шиғыр	ɕeʁɯ̞ɾ
шиғыр	ʃeʁɯ̞ɾ
шиңергә	ʃiŋɪ̞rgæ
шиүә	ʃɪ̞wɛ
шкаф	ʃkaf
шлам	ʃˈɫɐm
шом	ʃum
шомланырға	ʂwmɫänɯ̞rʁä
шоғайып	ʃɯ̞ʁäjɯ̞p
шоңҡар	ʂʊ̞ŋqɑr
шоңҡар	ʃɯ̞ŋqɑɾ
штат	ʂtɑt
шул	ʃuɫ
шулай	ʃuɫaj
шуларға	ʂuɫɑrbɑ
шулер	ʃˈulɛr
шулерлыҡ	ʂuɫi̠rɫʊ̞q
шунан	ʂu˥˩n˩˥ːan˥˩
шундай	ʃuŋdɑj
шундайыраҡ	ʂwntɑjwrɑq
шундағы	ʂwntɑʁɑ
шундуҡ	ʂũnduq
шундый	ʃundɑj
шунлыҡтан	ʂũ̞nɫɯ̞qtɑn
шуны	ʂuˌnɑ
шуныһы	ʃunɑhʊ̞
шунһыҙ	ʃuŋhɯ̞ð
шур	ʂur
шурфлау	ʃʊrflɑw
шушпа	ʃuʃpa
шуға	ʃuɾa
шуғаса	ʃoɢaːsɑ
шыйыҡ	ʂɯ̞jɯ̞q
шыйыҡлыҡ	ʂɑjɯ̞qɫɯ̞q
шылтырарға	ʂɯ̞ɫtɯ̞rɑrɢɑn
шым	ʂɯ̞m
шыма	ʂɯ̞mɑ
шыма	ʃama
шымартырға	ʂæmɑrtɯ̞rʁɑ
шына	ʂɯ̞nɑ
шырау	ʂɯ̞rɑw
шырпы	ʂɯ̞rpɯ̞
шырпы	ʃɯ̞rpa
шыршы	ʂɯ̞rʂɯ̞
шүлгән	ʃɵlgæn
шүрәле	ʃʏrɛɫæ
шәжәрә	ʃæʒæræ
шәих	ʂɛjx
шәихзада	ʃˈɛixzˈɑdɑ
шәйбәк	ʃˈɛbˌɛk
шәйдулла	ʃɛjdull
шәйнур	ʃajnwɾ
шәйхислам	ʃɛjxʲislam
шәйхә	ʃˈɛχæ
шәкерт	ʃækɪ̞ɾt
шәкир	ʃækʲir
шәкирйән	ʃɛkʲirjæn
шәкүр	ʃakur
шәкүрә	sʲakurɛ
шәкәр	ʃækær
шәл	ʃæl
шәл	ʃɛl
шәм	ʃæm
шәмбе	ʃæmbɛ
шәмбе	ʃæmbɪ̞
шәмиғол	ʃæmʲiʁɯ̞ɫ
шәмсетдин	ʃɛmsˈtˤdˤin
шәмсибәҙәр	ʃɛmsjbæðær
шәмсүн	ʃɛmsyn
шәп	ʃæp
шәрбәтле	ʃɛ̀rbætlæ
шәреҡ	ʂærɪ̞q
шәреҡ	ʃɛrɛq
шәрип	ʃɛːrip
шәрифйән	ʃɛɾjfjɛn
шәрифә	ʃɛriːfɛ
шәриғәт	ʃæɾʲiʁæt
шәрҡиә	ʃɛrqjæ
шәрә	ʃæræ
шәрә	ʃɛrɾɛ
шәрәлек	ʃærælɪ̞k
шәфиға	ʃæfiga
шәфиҡ	ʃæfq
шәфҡәтле	ʃæfqɛtlæ
шәхес	ʃæχɪ̞s
шәхси	ʃæχsʲi
шәхсән	ʃæχsæn
шәшке	ʃæʃkɪ̞
шәшке	ʃɛʃkɛ
шәүлә	sæwlɛ
шәүрә	sɛʏrɛ
шәүрә	ʃæwræ
шәһит	ʃahˈit
шәһиҙә	ʃæhʲiːðæ
шәһүрә	sɛhuɾɛ
шәһәрбикә	ʃɛːhɛrbɪkæ
шөбһә	ʃʊ̞phæ
шөбһәләнергә	ʂɪ̞phæ̹lænɪ̞rgæ
шөғөл	ʃɪ̞ʁæl
шөғөл	ʃʏ̞ʁʏ̞l
ыласын	ɯ̞ɫɑsɯ̞n
ылаҡ	ɯ̞ɫɑq
ылбыратҡансы	ɑɫbɯ̞rätqɑnsɯ̞
ылыҡтырып	ɑɫɯ̞qtɯ̞rɯ̞p
ым	ɯ̞m
ымлыҡ	ɑmlɯ̞q
ымлыҡ	ɯ̞mɫɯ̞q
ынйы	ɯ̞njɯ̞
ынтылыш	ɯ̞ntɯ̞ɫɯ̞ʂ
ырылдарға	ərɯ̞ɫdɑrʁa
ырым	ɯ̞rɯ̞m
ырымбур	ɯ̞rɯ̞mbur
ырыу	ɯ̞rɯ̞w
ырғанлау	ärʁɑnlɑw
ырғаҡ	rʁɑq
ырғаҡ	ɯ̞rɢɑq
ырғаҡ	ɯ̞rʁɑq
ырғырға	ärʁɯ̞rʁä
ырғыу	ärʁɯ̞w
ысмаҡ	ɑsˈmɑq
ысмаҡай	ɑsmaqɑj
ысул	ɯ̞suɫ
ысын	ɯ̞sɯ̞n
ысынбарлыҡ	ɯ̞sɯ̞nbɑrɫɯ̞q
ысынлап	ɑsɯnɫæp
ысыҡ	ɯ̞sɯ̞q
ысҡынырға	ʊ̞sqʊ̞nʊ̞rʁɑ
ыу	au
ыуаларға	tɯ̞uɑɫɑrʁɑ
ыуалау	aualau
ыуылдырыҡ	ɯ̞wɯ̞ɫdɯ̞rɯ̞q
ыуынырға	ɯ̞uɯ̞nɯ̞rʁa
ыуыҙ	ɯ̞wɯ̞ð
ышанаһы	æʂɑnɑhɯ̞
ышанып	fɯ̞ʂɑnɯ̞p
ышаныс	ɯ̞ʂɑnɯ̞s
ышаныслы	ɯ̞ʂɑnɯ̞sɫɯ̞
ышаныусанлыҡ	ɯ̞ʂɑnʊ̞ɫsɑnɫɯ̞q
ышаныҫһыҙлыҡ	ɯ̞ʂɑnɯ̞ðhɯ̞ðɫɯ̞q
ышанғанлыҡ	ʊ̞sɑnʁɑnɫɯ̞q
ышыҡланырға	ɯ̞sɯ̞qɫɑnɯ̞rʁɑ
ышҡыла-ышҡыла	ɯ̞ʂqʊ̞ɫɑɯ̞ʂqʊ̞ɫɑ
ышҡылыу	æʃqɯ̞ɫɯ̞w
ыҙа	ɑðˈa
ыҙалау	ðalau
ыңғай	ɯ̞ŋɢɑj
ыңғайҙан	ɑŋɢɑjðan
ыҫлыҡ	ʊ̞sɫɯ̞q
эйе	ɪ̞jɪ̞
эйә	jˈæ
эйә	ɪ̞jæ
эйәк	ɪ̞jæk
эйәләргә	ɪ̞jˈɛnlɛrgæ
эйәр	ɪ̞jær
эйәрткән	ɪ̞jɛrtgæn
эйәһеҙ	ajæhɪ̞ð
элгәс	ɛlgɛs
элек	ɪ̞lɪ̞k
элекке	ɪ̞ɫɪ̞kkæ
элеккесә	ɪ̞ɫɪ̞kːɪ̞sːɛ
элемтә	ɪ̞ɫɪ̞mdæ
элмә	ɛlma
эләгеп	ɪ̞jɫægʲɪp
эләккән	plakːɛn
эләктермәйенсә	ɪ̞næktɪ̞rmɛjʲɪnsæ
эмба	emba
эне	ɪ̞nɪ̞
энә	ɪ̞næ
эре	ɪ̞rɪ
эреләнергә	ɪ̞rɪ̞llɛnʲɪrgæ
эреләтелгән	rɪ̞ɫætɪ̞ɫgæn
эремсек	i̞ri̞msi̞k
эрен	ɪ̞rɪ̞n
эренләргә	rɪ̞nɫærgæ
эрергә	rɪ̞rgæ
эрудит	rudit
эсемлек	ɪ̞sɪ̞mlɪ̞k
эсеп	ɪsɪp
эскадра	ɪskadra
эскерле	ɪ̞skɪ̞rɫæ
эскерһеҙ	ɛskɪ̞rhɪ̞ð
эскерһеҙлек	ɪ̞skɪ̞rhʏ̞ðɫɪ̞k
эскесе	ɪ̞skɪ̞sɪ̞
эскәмйә	ɛskɛmjæ
эскәмйә	ɪ̞skæmjæ
эстәлек	ɪ̞stælɪ̞k
эсәк	asˈɛk
эсәк	ɪ̞sæk
эсәк-ҡарын	ɪ̞sɛqɑrɯ̞n
эт	ɪ̞t
этергә	ʊ̞tʲɪrgæ
этика	ɛtika
этләнергә	ɪ̞tɫɛnirgæ
этморон	ɪ̞tmʊ̞rʊ̞n
эш	ɪ̞ʃ
эшкинергә	ɪ̞ʃkʲinɪ̞rgæ
эшкәрткән	aʃˈkæɾˈtkæˈn
эшләгән	aʃlɛgˈɛn
эшләнгән	æʃlængæn
эшләп	ʃlɛp
эшләпә	æʃlæpæ
эшләпә	ɪ̞ʃlæpæ
эшләтергә	æʃlætɪ̞rgæ
эшләү	aʃlɛw
эшмәкәр	ɪ̞ʃmækær
эшмәкәрлек	ɪ̞ʃmækjɾɫɪ̞k
эшсе	ɪ̞ʃsɪ̞
эшсән	ɪ̞sːæn
эшҡыуар	ɪ̞ʃqɯ̞wɑr
эшҡыуарлыҡ	ɪ̞ʃqɯ̞uɑrɫɯ̞t
эшҡыуарлыҡ	ɪ̞ʃqɯ̞wɑrɫɯ̞q
эҙ	ɛð
эҙ	ɪ̞ð
эҙләргә	ðˈɫæɾgæ
эңер	ɛŋɪ̞r
эңер	ɪ̞ŋɪ̞r
эҫе	ɪ̞θɪ̞
ювелир	juvɨlˈir
юйылырға	jɯ̞jɯ̞ɫɯ̞rʁɑ
юйырға	juːjɯ̞rɢɑ
юйғыс	jujʁɯ̞s
юл	joɫ
юлай	juɫɑj
юлба	lba
юлбары	joɫbɑrðɯ̞
юлбарыҫ	juɫbɑrɯ̞θ
юлбаш	ʊ̞ɫbɑʂ
юлбашсы	joɫbɑʂsɯ̞
юлбаҡты	joɫbaqtɑ
юлбаҫар	joɫbɑθɑr
юлгизә	joɫgʲizæ
юлдаш	joɫdɑʂ
юлдыбикә	joɫtɯ̞bʲikæ
юлмөхәмәт	joɫmʊ̞χɛmæt
юлтимер	joɫtʲimɪ̞r
юнысбай	jʊnɯ̞sbɑj
юрист	ljuɾist
юртыш	jurtəʃ
юрға	jurɣa
юрға	jurʁɑ
юрған	jurʁɑn
юфть	juft
юхаланып	juxɑɫɑnɯ̞p
юхаларға	juxɑɫärʁɑ
юғалдыҡ	juʁäldɯ̞q
юғалтмаған	juɢɑltmɑˈʁɑn
юғалтырға	juɣɑltɯ̞rʁɑ
юғалған	juʁaɫʁɑn
юғары	juʁɑrɯ̞
юғарыраҡ	ɵɢärɯ̞rɑq
юҡ	juq
юҡтыр	juqtär
ябай	jɑβɑj
ябылмалы	jɑpɯ̞ɫmɑɫæ
ябырға	jɑpɯ̞rʁa
ябыҡ	jɑbɑq
ябыҡ	jɑβɯ̞q
яй	jæj
яй	jɑj
яйлап	jɔjˈlɑp
яйға	jɑjˈʁa
ял	jɑɫ
ялал	jɑlɑl
ялан	jɑɫɑn
яланғас	jɑɫɑŋɢɑs
яланғасларға	jɑɫɑnʁasɫɑrʁɑ
ялап	jɑlɑp
ялағай	jɑɫɑgɑj
ялағай	jɑɫɑʁɑj
ялбыр	jɑɫβɯ̞r
ялларға	jɑwɫärʁä
ялмап	jɑlmɑp
ялпаҡ	jɑlpaq
ялсин	jɑlfin
ялсығол	jɑlsɯ̞ʁɑɫ
ялтыр	jɑɫtɯ̞r
ялтырап	jɑ̃ltɯ̞rɑp
ялтырарға	jɑltɯ̞rärʁɑ
ялтыратырға	jɑltɯ̞rɑtɯ̞rʁa
ялтырау	jɑltɯ̞rɑʊ
ялыу	jɑɫɯ̞w
ялған	jɑɫʁɑn
ялғарға	jɑuʁɑrʁɑ
ялҡау	jɑlkɑu
ялҡау	jɑɫqɑw
ялҡауланырға	jɑɫqæwˈðɑnɪ̞rʁɑ
ялҡауланыу	jɑlkɑwɫɑnɯ̞w
ялҡаулыҡ	jɑɫqɑwɫɯ̞q
ялҡын	jɑɫqɯ̞n
ялҡытҡыс	jɑɫqɯ̞tqɯ̞z
яман	jæmæn
яман	jɑmɑn
яманбай	jəmɑnbɑj
яманбикә	jɑmɑnbʲikæ
яманларға	jɑmɑnlɑrʁɑ
яманлау	jɑmɑnlɑw
ямантай	jɑmɑntæi
яманғолов	jɑmɑnʁäˈlɑf
ямау	jɑmɑw
ямғыр	jɑmʁɯ̞r
янбулат	jɑnβolɑt
янсыҡ	jɑnsɯ̞q
януҙаҡ	jɑnuzɑq
янъял	jɑŋjɑˈɫ
янында	jɑnɑndɑ
янындағы	jɑnɯ̞ndɑʁæ
янғын	jɑnʁɯ̞n
янғын	jɑŋɢɯ̞n
янғынсы	jɑmʁɯ̞nsɯ̞
янһары	jɑnhɑrɑ
япония	jäpo̞nʲijä
яппар	jɑpːɑr
яппар-йәнбәк	jɑpɑrjænbæk
япраҡ	jɑprɑq
япраҡлы	jɑprɑqɫɑ
япһарырға	jɑphɑrɑrʁɑ
яр	jɑr
яр	jɑɾ
яр-бишҡаҙаҡ	jɑrbʲiʃqɑðäq
яра	jɑrɑ
ярай	jɑrɑj
яраймы	järäjmɑ
яраланған	jɑrɑɫːɑnˈʁɑn
яралғы	jɑrɑɫɢə
ярамай	jɑrɑmɑj
ярамһаҡланып	jɯ̞rɑmhɑqɫänɯ̞p
яран	ɟʝˈaɾan
ярар	jɑrɑr
яратмайынса	jɑrɑtmɑjɯnsɑ
яратыусы	aratɯ̞wsɯ̞
яратҡол	jɑrɑtqɑɫ
яраусан	jɑrɑuːsɑn
ярашмау	järɑʃmɑl
ярашмаусанлыҡ	jɑrɑʂmɑɫsɑnɫɯ̞q
ярашһыҙлыҡ	jɑrɑʂhɯ̞ðɫɑq
яраҡлаштырып	jɯ̞rɑqɫɑʂtɯ̞rɯ̞p
яраҡлашыусан	jɑrɑqlɑʃɯ̞ɫsɑn
яраҡлашыусы	jɑrɑqɫæʃɯ̞ɫsɯ̞
яраҡлы	jɑrɑqɫæ
яраҡлылыҡ	jɑrɑqɫɑɫɯ̞q
ярлы	jɑrɫɑ
ярлы	jɑrɫɯ̞
ярма	jɑrmɑ
ярмаҡ	jɯ̞rmɑq
ярсыҡ	järsɑq
ярсыҡ	jɑrsɯ̞q
ярты	jɑrtɑ
ярты	jɑrtɯ̞
яртышар	jɑrtəʃɑr
яры	jɑrɯ̞
ярылырға	jɑrɑɫɯ̞rʁɑ
ярылырҙай	jɑralɯ̞rðäj
ярым	jɑrəm
ярым	jɑrɯ̞m
ярымутрау	jɑrɯ̞mutrɑw
ярырға	järɑrʁɑ
ярыш	jɑrɯ̞ʂ
ярышлап	jɑrɑʃɫɑp
ярыҡ	jɑrɑq
ярыҡ	jɑrɯ̞q
ярғанат	järʁäːnɑt
ярғанат	jɑrʁɑnɑt
ярҙам	jɑrðɑm
ярҙамлыҡ	järðɑmlɑq
ярҙамсы	jɑrðɑmsɯ̞
ярҙамға	jɑrðɑmɢaː
ярһып	jɑrɦɑp
ят	jɑt
ят	jɔt
ятларға	jɑtɫæːɢɑ
ятлау	jɒtlau
ятырға	jɑtrʁa
ятҡылыҡ	jɑtqɯ̞ʊ̞ɫɯ̞q
ятһынырға	jɑthʊ̞ŋɯ̞rʁɑ
яуап	jɑwɑp
яуапларға	jɑuɑplɑrʁɑ
яуаплы	aˈwɑplɯ
яуаплы	jɑwɑpɫɯ̞
яуаплылыҡ	jɑwɑpɫɯ̞ɫɯ̞q
яуаплылыҡ	jɯ̞uɑpɫɯ̞ɫʊ̞q
яуларға	jɯ̞uɫɑrʁɑ
яулыҡ	jɑwɫɯ̞q
яурын	jɑwrɯ̞n
яуын	jɑuɯn
яфаланып	jɑfɑɫɑnɑp
яфалы	jafɑɫɯ̞
яхин	jäxʲin
яхта	jɑqtɑ
яхтсы	jɑqtsɯ
яхъя	jɑχjɑ
яшыҡ	jɑʂɑq
яға	jɑʁɑ
яғалбай	jɑʁɑɫbɑj
яғына	jɑʁɯnɑ
яғыу	jɑhɯ̞w
яғыулыҡ	jɑʁɑuɫɯ̞q
яғыулыҡ	jɑʁɯ̞wɫɯ̞q
яҙ	jɑð
яҙгар	jɑðgɑɾ
яҙгөл	jɑzgʏ̞l
яҙма	jɑvma
яҙма	jɑðmɑ
яҙмыш	jɑðmɑʃ
яҙмыш	jɑðmɯ̞ʂ
яҙылыусы	jɑðɯ̞ɫɯ̞wsɯ̞
яҙып	jɑðɑp
яҙыусы	jɑðɯ̞wsɯ̞
яҙыҡ	jɑðɯ̞q
яҙыҡ	jɑðˈɑq
яҡ	jɑq
яҡа	jɑqɑ
яҡлау	jɒqlau
яҡтағы	jɑqsɑʁɯ̞
яҡты	jɑqtɯ̞
яҡтыртырға	jɑqtɯ̞rɯ̞rʁɑ
яҡуп	jɑqʊp
яҡшы	jɑqʂɯ̞
яҡшыбикә	jɑqtʃɯ̞bʲekæ
яҡшыбирҙе	jɑqʂɯ̞bʲirðɪ̞
яҡшылап	jɑqʂɯ̞ɫɑp
яҡшыртыу	jɑqʂɑrtɯ̞w
яҡшыҡай	jɑqʃɯ̞qɑjː
яҡын	jɑqɯ̞n
яҡындағы	jɑqɯ̞ntʊ̞ɢʊ̞
яҡынларға	jɑtqɯ̞nɫɑrʁɑ
яҡынлашыр	jɑqɯ̞nɫɑʂɫɯ̞r
яҡҡа	jɑqqɑ
яҡҡан	jɑqqɑn
яңауыл	jɑŋɑwɑl
яңаҡ	jɑŋɑq
яңы	jɑŋɯ̞
яңыбай	jɑŋɑpaj
яңыл	jɑŋɑl
яңылбикә	jɑŋɑlbʲekæ
яңылыш	jɑŋɯ̞ɫɯ̞ʂ
яңылыҡ	jɑŋɯ̞ɫɯ̞q
яңынан	jɑŋɯ̞nɑn
яңырта	jɯ̞ŋɯ̞rtä
яңыртып	jɑŋɯ̞rtɑp
яңғырама	jɑŋgɯ̞rɑmɑ
яңғырарға	jɑŋgɯ̞rɑrʁɑ
яңғыратып	jɑŋɢɾɑtɯ̞p
яңғырағандай	jɑŋʁɑrɑʁändɑj
яңғыҙ	jɑŋɢɯ̞ð
яҫалма	jɑsɑɫmɑ
яҫарға	jæθɑrʁɑ
яҫауыл	jɑsɑuɯ̞l
яҫма	jɑʃma
яҫмыҡ	jɑθmɑq
яҫмыҡ	jɑθmɯ̞q
яһалма	jɑhɑlma
яһалған	jɑhɯ̞ɫʁän
яһаны	jɑhɑnɑ
яһарға	jɐhɑrʁɑ
яһаҡ	jæhɑq
яһаҡлы	jähɑqɫɑ
яһил	jɑhɪl
ё	jo
ё	jɵ
ё	ʲo
ё	ʲɵ
ғаббас	ɢɑbˈbɑs
ғабд	ɢɒbdɒ
ғабдулла	ɢɑbduɫːɑ
ғабдулла	ʁɑbduɫːɑ
ғабдыр	ɢɑpdɑr
ғазап	ɢazæb
ғазапланыу	ɢɑzɑplɑnɯ̞w
ғазапланған	ʁäzäplänʁɑn
ғазапларға	ʁʊ̞zɑpɫɑrʁä
ғазаплау	ɢɑzɑplɑʊ
ғазаплы	ʁäzɑpɫɑ
ғаззал	ɢazɑl
ғазраил	ɢɑzɾɑjɯ̞ɫ
ғазраил	ɢɑzɾɑïɫ
ғазраил	ʁɑzɾɑjɯ̞ɫ
ғазраил	ʁɑzɾɑïɫ
ғаилә	ɢäjlæ
ғаиләле	ʁäjˈlɛlæ
ғайнан	ræjˈnæn
ғайса	ɢɑjsɑ
ғайса	ʁɑjsɑ
ғайфулла	ɢɑjfullɑ
ғалим	ɢælʲim
ғалим	ɢɑlʲïm
ғалим	ʁɑlʲïm
ғалимә	ɢɑlimæ
ғалип	ɣalip
ғаләм	ɣ̞ælˈɛm
ғамил	ɣamˈjl
ғамир	ɢɑmiɾ
ғариза	ɢärʲizä
ғариф	ɣarif
ғасыр	ɢɑsɯ̞r
ғасыр	ʁɑsɯ̞r
ғата	ɢatˈa
ғатаулла	ɢɑtɑuɯ̞ɫɫɑ
ғауға	ɢɑwɢɑ
ғауға	ɢɑwʁɑ
ғауға	ʁɐuːɢa
ғафар	ɣ̞afar
ғашиҡ	ɢäɕi̠q
ғашиҡ	ɢäʃi̠q
ғашиҡ	ʁäɕi̠q
ғашиҡ	ʁäʃi̠q
ғаяз	ɢɑjˈjɑz
ғаян	ɢajɑn
ғибат	ɣ̞ibat̪
ғибатулла	ɢɯ̞jbatuɫːa
ғибаҙулла	ɢibɑðuɫla
ғибрәт	ɣ̞ibræt̪
ғибәт	ʁibˈɛt
ғибәҙәт	ɢibæðːɛt
ғибәҙәт	ɢɨ̯ibæðæt
ғибәҙәтулла	ɢibæððætuɫːɑ
ғибәҙәтхана	ɢɨ̯ibæðætχänä
ғизам	ʁizˈam
ғиззәт	ʁizˈɛt
ғилемдар	ɢi̠ɫɪ̞mdɑɾ
ғилминиса	ɢilmnisˈa
ғилмисафа	ɢilmˈisafa
ғилмислам	ɢɪlmɪjsɫɑm
ғилмияр	ɢilmijjɑr
ғилмиә	ɢɪlmɪjæ
ғилфан	ʁɛlˈfˌan
ғиләж	ʁilˈɛʒ
ғиләжи	ʁileʒˈi
ғимай	ʁimˈaj
ғимаҙи	ɣimˈɑði
ғимран	ɣimrɑn
ғиндулла	ɢindullɑ
ғинуар	ɢɪnwaɾ
ғинуар	ʁïnwär
ғисмәт	ɢismæt
ғорур	ʁʊ̞rur
ғорурланырға	ʁʊ̞rʊ̞rɫɑnʊ̞rʁä
ғосман	ɾʊsmɑn
ғына	ɢɯ̞nˈlɑ
ғүмер	ʁʏmɛr
ғүмер	ʁ̝ɵmɪ̞ɾ
ғүмергә	ʁʏmjɪrgæ
ғүмерлек	ʁ̝ʏmɪ̞rlɪ̞k
ғүмерҙә	ʁumɯ̞rðæ
ғүмәр	ʁɵmæɾ
ғәббәс	ʁˈɛbbˈɛs
ғәбдел	ɢæbdæl
ғәбделбаян	ɣæbdɪlbɑjɑn
ғәбделкәрим	ʁæbdʲɪlkærʲen
ғәбит	ɢɑbit
ғәжәп	ɢæʒæp
ғәжәп	ʁaʒˈɛp
ғәжәп	ʁæʒæp
ғәзи	ɢhæzi
ғәзиз	ɢæzˈiz
ғәзизйән	ɢazizjɛn
ғәзизә	ɢɑzizɛ
ғәзимә	ɢæzismæ
ғәйбәт	ɢæjbet
ғәйбәт	ɢæjβæt
ғәйбәт	ʁæjbæt
ғәйбәт	ʁæjβæt
ғәйеп	ɢæjɪ̞p
ғәйеп	ʁæjɪ̞p
ғәйепле	ɢæjjɪ̞pɫæ
ғәйепләнеүсе	ʁæjʲɪplænɪ̞wsɪ̞
ғәйепләргә	ɢæjjɯ̞plærgæ
ғәйепләү	ʁɐjɪpˌlæʏ
ғәйепләүсе	ɢajɪ̞pɫæwsʲɪ
ғәйзулла	ɢæjzullɑ
ғәйзәм	ɣæjzæm
ғәйниһар	ɢæjnʲihɑr
ғәйнулла	ɢɛjnuɫˈlɑ
ғәйрәт	ɣæjræt
ғәйрәтләнеп	ɢæjrætɫɛnæp
ғәйрәтләнеү	ɢæjrætlænæw
ғәйшә	ɢæjʃæ
ғәйшә	ʁæjʃæ
ғәкрәп	ʁˈɛkrˈɛp
ғәли	ɣæli
ғәли	ʁælɪj
ғәлиастан	ɢæljæstɑn
ғәлибәк	ɢɛliːbɛk
ғәлийән	ɢæliːjæn
ғәлимйән	ɢæ̹lʲimjæn
ғәлимулла	ɢælmullɑ
ғәлимә	ɢæ̹lʲimæ
ғәлиулла	ɢæ̹lʲiwɫɑ
ғәлиәкбәр	gæ̹ljækbær
ғәлиән	ɢæljæn
ғәлиәссәләм	ɢælʲiæsːælæm
ғәлләм	ɢælæm
ғәләм	ɢælæm
ғәләү	ɣælæw
ғәмбәрис	ɢæmbɛɾɪs
ғәмбәриә	ɢæmbærjæ
ғәмилә	ʁɛmʲiʲlæ
ғәмәл	ʁemˈɛl
ғәмәл	ʁæmæl
ғәмәлдә	ʁæmældæ
ғәмәли	ɢamˈli
ғәни	ʁanˈi
ғәриф	ɣæɾif
ғәрлек	ɢɛrlæk
ғәрәп	ɢæræp
ғәрәп	ɢɛrɛt
ғәрәп	ʁæræp
ғәскәр	ɢæskær
ғәскәр	ʁæskær
ғәтиә	ɢatijæ
ғәфирә	ɢæfʲirɛ
ғәфифә	ɢɛffˈɛ
ғәфиәт	ɢɑfiʝɛt
ғәфү	ʁafˈy
ғәфүрйән	ɢɛfurjæn
ғәфүрә	ʁæfʲɪræ
ғәшиә	ɣæʃjæ
ғәҙел	ɢæðl
ғәҙел	ɢæðɪ̞l
ғәҙелбәк	ɢæðlbæk
ғәҙелша	ɢæðɪ̞rʃɑ
ғәҙән	ɣæðæn
ғәҙәт	ɢæðæt
ғәҙәт	ʁæðæt
ғәҙәтләнергә	ʁæðætɫɛnirgæ
ғәҙәтләнеү	ʁæðætlænæw
ғәҙәттә	ɢæðætːæ
ғөбәй	ʁəbɛj
ғөбәйт	ɢɑbɛjt
ғөбәйҙулла	ʁʏ̞βæjðuɫːɑ
ғөзәйер	ɢɯ̞zɛjɪ̞r
ғөмүмән	ɢʏ̞mʏmæn
ғөмүмән	ʁʏ̞mʏmæn
ҙур	ður
ҙурай	ðuraj
ҙурлап	ðurlɑp
ҙурларға	ðwɾɫrʁa
ҙурлау	ðurlau
ҙурлыҡ	ðurɫɯq
ҡабанбай	qɑˈbɑnbɑj
ҡабарынҡы	qɑbɑrɯ̞nqæ
ҡабарырга	qɑbɑrɑrɢa
ҡабат	qɑβɑt
ҡабатлау	qɑβɑtɫɑw
ҡабаттан	qɑbɑtˈtɑn
ҡабул	qɑbɯ̞ɫ
ҡабым	qɑbæm
ҡабырсаҡ	qɑbrsɑq
ҡабырсаҡ	qɑβɯ̞rsɑq
ҡабырға	qɑβɯ̞rʁɑ
ҡабыу	qɑːbɯ̞w
ҡабыҙырға	qɑbɯ̞ðɑrʁɑ
ҡабыҡ	qɑβɯ̞q
ҡагыу	qɑrɯ̞u
ҡадир	qɑdˈir
ҡазбулат	qɑzpɔɫɑt
ҡазбулатов	qɑzbuɫɑtɯ̞w
ҡаипбирҙин	qæjpbʲirðʲen
ҡаймаҡ	qɑjmɑq
ҡайнарға	ɑjnɑrʁɑ
ҡайнатма	qɑjnɑtmɑ
ҡайсура	qɑjsʊraː
ҡайсы	qɑjsɯ̞
ҡайта	qɑjta
ҡайтайыҡ	qɑjtɑjɯq
ҡайтара	qɑjθɑra
ҡайтарыу	qɑjtarɔu
ҡайтарығыҙ	qɑjtɑɾɯ̞ʁʊ̞ð
ҡайтарһын	qäjtärhʊ̞ŋ
ҡайтмаясаҡ	qɑjtmɑjɑzɑq
ҡайттыҡ	qɑjtsɯq
ҡайтыр	qɑjtɑr
ҡайтырға	ɢɑjtɯ̞rʁɑ
ҡайтыу	qɑjtɑu
ҡайтышмай	qɑjtɑʃmɑj
ҡайтҡас	qɑjtqas
ҡайтҡы	qɑjtqæ
ҡайтһа	qɑjta
ҡайын	qɑjɯ̞n
ҡайын	qɑjˈɯ̞ŋˌ
ҡайыш	qɑjɯ̞ʂ
ҡайғы	qɑjʁɯ̞
ҡайғы-һағышын	qɑjʁɯ̞hɑʁʊ̞ʂɯ̞n
ҡайғырырға	qɑjɢɯ̞rːɯ̞rʁɑ
ҡайҙа	qɑjða
ҡайҙа	qɑjðɑ
ҡайҙан	qɑjðɑn
ҡайҙан	qɔjðɑn
ҡайһы	qɐjhæ
ҡайһы	qɑjhɯ̞
ҡал	qɑl
ҡала	qɑɫɑ
ҡалай	qɑɫɑj
ҡалайтырға	qɑɫɑjdɯ̞rʁɑ
ҡалас	ɢɑlɑs
ҡаласаҡ	qɑlɑsɑq
ҡалаҡ	qɑɫq
ҡалаһындан	qɑlahɯ̞ntɑn
ҡалган	qɑɫqɑn
ҡалды	qɑlda
ҡалдыбай	qɑɫdɑbɑj
ҡалдым	qɑldɑm
ҡалдырайыҡ	qɑldɯ̞rɑjɯ̞q
ҡалдырма	ɢɑɫdɯ̞rmɑ
ҡалдырмай	qɯ̞ɫdɯ̞rmɑj
ҡалдырмайым	ɑɫdɯ̞rmɑjɯ̞m
ҡалдырырға	qɑldɯ̞rʊ̞ɾʁä
ҡалдырыу	qɑldɯ̞rɯ̞w
ҡалдырған	ɢɑldɯ̞rʁɑn
ҡалдырҙы	qɑldɯ̞rðʊ̞
ҡалдыҡ	qɑldɑq
ҡалдыҡ	qɑɫdɯ̞q
ҡалмай	qɑlmɑj
ҡалманы	qɑlmɑnɯ
ҡалмау	qɑlmɑu
ҡалмырҙа	ɑɫmɯ̞rðä
ҡалпаҡ	qɑlpɑq
ҡалтырана	qɑltɯ̞rɑnːɑ
ҡалтыранып	qɑltɯ̞rɑnʊ̞p
ҡалтыраныу	pɑltɯ̞rɑnɯ̞w
ҡалтыранышып	qɑltɯ̞rɑnʊ̞ʂʊ̞p
ҡалтыранған	qɑltɯ̞rɑnʁɑn
ҡалтырап	qɑltɯ̞rɑp
ҡалтырарға	qɑltɯ̞rɑnʁɑ
ҡалтыратыу	qɑltɯ̞rɑtɯ̞w
ҡалым	qɑlim
ҡалын	qɑɫɯ̞n
ҡалынайырға	ɑɫɯ̞näjɯ̞rʁɑ
ҡалып	qɑɫɯ̞p
ҡалырға	ɢɑɫɯ̞rʁɑ
ҡалышты	qɑɫɯ̞ʂtæ
ҡалғас	qɑlʁɑs
ҡалҡан	qɑɫqɑn
ҡалҡаш	qɑqɑʂ
ҡалҡырға	qältɯ̞rʁä
ҡама	qɑma
ҡама	qɑmɑ
ҡамарға	qämɑrʁaː
ҡамау	qamɑw
ҡамса	qɒmsa
ҡамыл	qɑmɑɫ
ҡамыр	qɑmɑr
ҡамыр	qɑmɯ̞r
ҡамыт	qɑmɑt
ҡамыт	qɑmɯ̞t
ҡамыш	qɑmɯ̞r
ҡамыш	qɑmɯ̞ʂ
ҡамышыңды	qɑmɑʂɯ̞ŋtɪ̞
ҡамғаҡ	qɑmʁɑq
ҡан	qɑn
ҡан	qɒn
ҡанат	qɑnɑt
ҡанатлы	qɑnɑtɫɑ
ҡандай	qɑndaːj
ҡандал	qɑmdɑl
ҡандала	qɑndɑɫɑ
ҡандаш	qɑmdaʃ
ҡандырыу	qɑndɯ̞rəw
ҡанифа	qɑnifˈa
ҡанланырға	qɑnɫɑnʊ̞rgɑ
ҡанун	qɑnun
ҡанун	qɔnun
ҡап	qɒp
ҡап-ҡара	qɑpqɑɾɑ
ҡаплай	qɑplɑj
ҡаплан	qɑpwɑn
ҡапланыу	qɑpɫɑnäu
ҡапларға	qɑplɑrʁɑ
ҡаплау	qɑplɑu
ҡаплаусы	qɑplɑɫsɯ̞
ҡапма-ҡаршы	qɑpmɑqɑɾʂɯ̞
ҡапмай	qɑpmaj
ҡапсыҡ	qapsɯ̞q
ҡапыл	qapɑɫ
ҡапыл	qɑpɯ̞ɫ
ҡапҡа	qɑpqɑ
ҡапҡас	qɑpqɑs
ҡар	qɑr
ҡара	qɑɾɑ
ҡарабай	qɑrabɑj
ҡарабаш	qɑɾɑbɑʂ
ҡарабойҙай	qɑrɑbʊ̞jðɑj
ҡарайырға	ɑrɑjɯ̞rʁä
ҡаракүл	qərækwjl
ҡаракүлсә	qʊ̞ɾˈɑkʏlsæ
ҡарама	qɑrɑmɑ
ҡарамай	qɑramɑj
ҡарамайынса	qɯ̞rɑmɑjɯ̞nsɑ
ҡарамалы-буҙат	qɑrɑmɑɫɯ̞buzɑt
ҡарамалы-ғөбәй	qɑrɑmɑɫɯ̞ɢʊ̞bæj
ҡарамаҫ	qɑɾɑmɑs
ҡарамаҫтан	qɑrɑmɑstɑn
ҡарамаҫтан	qɑrɑmɑθtɑn
ҡарамыш	qɯ̞rɑmɯ̞ʂ
ҡаранай	qɑrɑnɑɪ̞
ҡаранды	qɑrɑndɑ
ҡарарға	qɑrɑrɢaː
ҡарасайылға	qɑrɑsɑjjɯ̞ɫʁɑ
ҡарасура	qɑrɑsuɾa
ҡарасҡы	qɑrɑsqɯ̞
ҡарата	qɑrɑtɑ
ҡарата	qɑɾɑtɑ
ҡаратай	qɑɾɑtäj
ҡарау	qɑráu
ҡарауылларға	qɑrɑwɯ̞ɫɑrʁɑ
ҡараш	qɑɾɑʃ
ҡараштарыбыҙ	qɑrɑʂtɑɾɑbɯ̞ð
ҡарағай	qɑrɑʁɑj
ҡарағай	qɑɾɑɢɑj
ҡарағаййорт	qɑɾɑɢäjjɯ̞rt
ҡарағайкүл	qɑɾɑʁɑjkɵl
ҡарағанда	qɑrɑʁɑndɑ
ҡарағас	qɑrɑʁɑs
ҡарағат	qɑrɑʁɑt
ҡарағол	qɑɾɑqʊ̞ɫ
ҡарағужа	qarɑʁuʒa
ҡарағыҙсы	qɑrɑɢɯ̞ðːʊ̞
ҡараҡ	qɑrɑq
ҡараҡаш	qɑɾɑqɑʂ
ҡараңғы	qɑɾɑɴɢɯ̞
ҡараңғыландырыу	qɑɾɑnɢʊ̞ɫɑndɯ̞rɯ̞w
ҡараңғыланырға	qɑ̈rɑnɢɯ̞ɫɑnɯ̞rʁɑ
ҡараңғыларға	qɑrɑnɢɯ̞ɫɑrʁɑ
ҡараһа	qɑraħla
ҡараһам	qarɑhɑm
ҡарлуғас	qɑɾɫʊʁɑs
ҡарлыман	qɑrɫɑmɑn
ҡармаҡ	qɑrmɑq
ҡармышев	qɑrmʊ̞ʂɯ̞ð
ҡарсыға	qɑrsɯ̞ʁɑ
ҡарсыҡ	qɑɾsɯ̞q
ҡарт	qɑɾt
ҡартайыр	qɑrtʊ̞jɯ̞r
ҡартайырмын	qɑrtäjɯ̞rmɑn
ҡартатай	qɑrtätæi̠
ҡартинәй	qɑrtʲinæj
ҡартлыҡ	qɑrtɫɑq
ҡарун	qɑɾun
ҡаршы	qɑɾʂɯ̞
ҡаршыларға	qɑrʂɑɫɑrʁɑ
ҡаршылау	qɑɾʂɯ̞ɫæʊ̞
ҡаршылағы	qɑrʂʊ̞ɫɑqʊ̞
ҡаршылыҡ	qɑɾʂɯ̞ɫɯ̞q
ҡарындаш	qɑrɑndˈɑʃ
ҡарыу	qɑräu
ҡарыш	qɑrɯ̞ʂ
ҡарышлауыҡ	qɑrɯ̞ʂɫɑwɑq
ҡарға	qɑrʁɑ
ҡарғарға	ɢɑrʁɑrʁa
ҡарғыш	qɑrʁɯ̞ʂ
ҡарһылыу	qɑrhɯ̞ɫɯ̞w
ҡасаба	qɑsɑbɑh
ҡасан	qɑsɑn
ҡасандыр	qɑsɑmdɯ̞r
ҡасылбикә	χɑsɯ̞ɫbʲikæ
ҡасып	qɑsɑp
ҡасыр	pɑsɯr
ҡасырға	qɑsɪ̞rʁɑ
ҡасҡы	qɑsqæ
ҡасҡын	qɑsqæn
ҡасҡын	qɑsqɯ̞n
ҡасҡын-турай	qæsqɯ̞nturɑj
ҡат	qɑt
ҡат	qɒt
ҡат-ҡат	qɑtqɑt
ҡата	qɑtˈtˈɑ
ҡатай	qɑtˈɑj
ҡатар	ɢɑtɑr
ҡатлам	qɑtlɑm
ҡатларға	qɑtlɑrʁɑ
ҡатлаулы	qɑtlɑwˈɫˈɑ
ҡатлы	qɑtɫɑ
ҡатмарлаштырыу	qɑtmɑrɫɑʂtɑrɯ̞w
ҡатмарлы	qɑtmɑrla
ҡатнашлыҡ	qɑtmɑʂɫɯ̞q
ҡатнаштырыу	qɑtnɑstɯ̞rɯ̞w
ҡатнашырға	qɑtnɑʃurʁɑ
ҡатнашыусы	qɑtnɑʂɯ̞wsɯ̞
ҡатнашыусы	qɑtnɑʃʊ̞ɫsʊ̞
ҡатты	qɑtˈtɑ
ҡаты	qɑtɯ̞
ҡатын	qɑtɯ̞n
ҡатын	χätɯ̞n
ҡатын-ҡыҙ	qɑtɯ̞nqɯ̞ð
ҡатып	qatəp
ҡатырыу	ʁɑtɯ̞rɯ̞w
ҡатырға	qɑtɯ̞rʁɑ
ҡатыҡ	qɑtɯ̞q
ҡауаҡ	qɑwɑq
ҡауи	qɔui
ҡаурый	qɑuraj
ҡаурый	qɑwrɯ̞j
ҡауын	qɑwɯ̞n
ҡауырһын	qɑwɯ̞rhɯ̞n
ҡауҙы	qɑwðɯ̞
ҡафи	pafˈi
ҡаш	qɑʂ
ҡашаныу	qɑsɑnɯ̞w
ҡашлы	qɑʂɫɑ
ҡашығаяҡ	qɑʂɯ̞ʁɑjɑq
ҡашығаяҡ	ɢɑʃˈɯˈʁɑjɑq
ҡашығаяҡтағы	qɑʂɯ̞ɢɑjɑqsɑʁɯ̞
ҡашыҡ	χɑʂɯ̞q
ҡашыҡ-аяҡ	qɑʂɯ̞ʁäjɑq
ҡая	qɑjɑ
ҡағиҙә	qäʁɨ̯iðæ
ҡағыла	qɑqɯ̞ɫɑ
ҡағылырға	qäʁɑɫɯ̞rʁɑ
ҡағынырға	qɑʁɑnɯ̞rʁä
ҡағыҙ	qɑqɯ̞ð
ҡағыҙ	qɑʁɯ̞ð
ҡаҙ	qɑð
ҡаҙ	qɑːð
ҡаҙан	qɑðɑn
ҡаҙан	ʁɑðˈɑn
ҡаҙансы	qɯ̞ðɑnsɯ̞
ҡаҙаныш	qɑðɑnɯ̞ʂ
ҡаҙанған	qɑðɑmʁɑn
ҡаҙаяҡ	qɑzɑjɑq
ҡаҙаяҡ-ҡотош	qɑdɑjɑqqʊ̞tʊ̞ʂ
ҡаҙаған	qɑðɑqɑn
ҡаҙағстан	qɑðɑʁɯ̞̆stɑn
ҡаҙаҡ	qɑðɑq
ҡаҙаҡлар-ҡобау	qɑðɑqlɑrqʊ̞bɑu
ҡаҙаҡҡол	qɑðɑqqɑɫ
ҡаҙы	qɑðɯ̞
ҡаҙыҡ	qɑðˈɑq
ҡаҡлау	qɑqlɑu
ҡаҡшау	qɑqʃɑuː
ҡаҡырыҡ	qɑqɯ̞rɯ̞q
ҡаҡырыҡ	qɑqɯ̞rɯ̞t
ҡаҡҡан	qɑqqɑn
ҡаңны-төркәй	qɑŋnʊ̞tɪ̞rkæj
ҡаңғыртыу	qɑŋgɯ̞rtɯ̞u
ҡаңғырыу	qɑŋgɯ̞rɯ̞u
ҡаҫалы	qɑθɑɫɑ
ҡеүәт	qɯ̞wɛt
ҡибла	qɨ̯ibɫä
ҡиммәт	qɨ̯imːæt
ҡиммәт	qɪmmæt
ҡиммәт	qɪmːæt
ҡиммәтле	qɨ̯imːætlɪ̞
ҡиммәтле	qɪmːætlɪ̞
ҡитға	qɯ̽ɪ̈tʁä
ҡитға	qˈɪtɾˈa
ҡитғаһын	qɪtˈʁɑhɯ̞ŋ
ҡитғаһында	qɪtqahɯ̞ndɑ
ҡоба	qɑbɑ
ҡодаш	qɔdɑʃ
ҡойма	qɔjmɑ
ҡойма	qʊ̞jmɑ
ҡоймаҡ	qɔjmɑq
ҡоймаҡ	qʊ̞jmɑq
ҡойо	qʊ̞jʊ̞
ҡойонорға	qʊ̞jʊ̞ŋɯ̞rʁɑ
ҡойоу	qɯ̞jˈʊ̞u
ҡойроҡ	qʊ̞jrʊ̞q
ҡойған	qɔjˈʁɑn
ҡол	qɑl
ҡол	qʊ̞ɫ
ҡолан	qɯ̞ɫɑn
ҡоларға	qɯ̞ɫɑrʁɑ
ҡолас	qɯ̞ɫɑs
ҡоласай	qɯ̞ɫɑsɑj
ҡолаҡ	qɯ̞ɫɑq
ҡолаҡ	qʊ̞ɫɑq
ҡолаҡбау	qɯ̞ɫɑqbɑu
ҡолгилде	qʊ̞ɫgi̠ɫdæ
ҡолгилдин	qʊ̞ɫki̠ɫdi̠n
ҡолмас	qɪlmɑs
ҡолмөхәмәт	qʊ̞ɫmʊ̞χɛmæt
ҡолтай-ҡаран	qʊ̞ɫtɑjqɑrɑn
ҡолғана	qɑlʁɑnɑ
ҡолғара	qɯ̞ɫʁɑrɑ
ҡом	qum
ҡом	qʊ̞m
ҡомалаҡ	qɯ̞mɑɫɑq
ҡомалаҡ	qʊ̞mɑɫɑq
ҡомарлы	qʊ̞mɑrɫä
ҡомартҡы	qʊ̞mɑrtqɯ̞
ҡомағай	qʊ̞mɑʁɑj
ҡомбулат	qʊ̞nbuɫɑt
ҡомһоҙ	qʊ̞mhʊ̞ð
ҡомһоҙ	qʊ̞nɦʊ̞ð
ҡондоҙ	qʊ̞ndʊ̞ð
ҡоно	qʊ̞nʊ̞
ҡоншаҡ	qʊ̞nʃɑk
ҡорал	qɯ̞rɑɫ
ҡорал	qʊ̞rɑɫ
ҡораласыҡ	qɯ̞rɑɫɑsɯ̞q
ҡоралланып	qɯ̞rɑɫːɑnɯ̞p
ҡоралланырға	qurɑɫɫɑnɯ̞rʁɑ
ҡоралланыу	qrɑɫːɑnɯ̞w
ҡорама	qɔramɑ
ҡорамал	qɯ̞rɑmɑɫ
ҡорамша	qɯ̞rɑmʃa
ҡорбан	qʊ̞ɾβɑn
ҡорбанғол	qʊ̞rbɑnʁɯ̞ɫ
ҡорбанғәлей	qʊ̞rβänʁæɫæj
ҡорбанғәли	qʊ̞rbɑnʁæ̹lʲiʲ
ҡорбанғәлин	qʊ̞rbɑnʁæ̹lʲïn
ҡорма	qɯ̞rmɑ
ҡорманбай	qɯ̞rmɑnbɑj
ҡоро	qʊ̞ɾʊ̞
ҡоролма	qʊ̞rʊ̞ɫmɑ
ҡоролоҡ	qʊ̞rʊ̞ɫʊ̞q
ҡоролтай	qʊ̞rʊ̞ɫtɑj
ҡором	qʊ̞rɑm
ҡором	qʊ̞rʊ̞m
ҡорос	qʊ̞rʊ̞s
ҡорот	qʊ̞rʊ̞t
ҡоротҡос	qʊ̞rʊ̞tqʊ̞s
ҡоротҡос	qʊ̞ɾʊ̞tqɯ̞s
ҡороҡ	qʊ̞rʊ̞q
ҡорт	qʊ̞rt
ҡорған	qɯ̞rʁɑn
ҡорҙаш	qʊ̞rðːɑʂ
ҡосаҡ	qɯ̞sɑq
ҡосаҡ	qʊ̞sɑq
ҡосаҡлап	qɯ̞sɑqɫɑp
ҡосаҡлашып	qɯ̞sɑqɫɑʂɯ̞p
ҡот	qɔt
ҡот	qʊ̞t
ҡотан	qɯ̞tɑn
ҡотлайым	qɯ̞tɫɑjɯ̞m
ҡотлау	qɑtɫɑu
ҡотлозаман	qɯ̞tɫʊ̞zämɑn
ҡотлосура	qʊ̞tɫʊ̞sʊ̞rɑ
ҡотлоғәләм	qʊ̞tɫɯ̞ʁæɫæm
ҡотләхмәт	qʊ̞tlæxmæt
ҡотолоп	qʊ̞tɯ̞ɫʊ̞p
ҡоторта	qʊ̞tʊ̞rtːɑ
ҡоторған	qʊ̞tɯ̞rʁɑn
ҡотоҡ	qʊ̞tʊ̞q
ҡош	kʊ̞ʂ
ҡош	qʊ̞ʂ
ҡош-ҡорт	qʊ̞ʂqʊ̞rt
ҡошдәүләт	χʊ̞ʂdɛw̜læt
ҡошҡайҙары	qʊ̞ʂqɑjðærɪ̞
ҡояш	qʊ̞jɑʂ
ҡояшбай	qɯ̞jɑʂbɑj
ҡоҙаса	qɯ̞ðäsɑ
ҡоҙағый	qɯ̞ðɑʁɯ̞j
ҡоҙаҡай	qɯ̞ðɑqɑj
ҡоҙоҡ	qʊ̞ðʊ̞q
ҡоҙғон	qʊ̞ðʁʊ̞n
ҡубырға	qʊ̞bɯ̞rɢa
ҡужабай	oʐabɑj
ҡужаҡ	quʒɒq
ҡуй	qɯ̞
ҡуймайым	qʊ̞jmɑjɯ̞m
ҡуйы	qojɯ̞
ҡуйылғас	qʊ̞jɯ̞ɫʁäs
ҡуйығыҙ	qwjɢɯ̞ð
ҡуйҙы	qwjðɑ
ҡул	qoɫ
ҡул	qɔl
ҡулайлашырға	ɢoɫäjɫäʃɯ̞rʁɑ
ҡулалмаш	qulɑɫmaːʃ
ҡулаҡса	qulɑqsɑ
ҡулаҡса	quɫɑqsɑ
ҡулбаш	qulbɑʂ
ҡулдан	quldɑn
ҡулланмаһыҙ	qʊ̞llɑnmɑhɯ̞ð
ҡулланырға	qwɫɑnɯ̞rʁɑ
ҡулланыусы	quɫɫɑnɯ̞wsɯ̞
ҡултамға	quɫtɑmʁɑ
ҡултыҡ	qoɫtɯ̞q
ҡултыҡ	qultɯ̞q
ҡултыҡларға	ʁultɯ̞qɫɑrʁɑ
ҡулъяулыҡ	quɫjɑwɫɯ̞q
ҡулъяҙма	qoɫjɑðmɑ
ҡулын	qullɒn
ҡумта	qumtɑ
ҡумыҙ	qumɯ̞ð
ҡунаҡ	qonɑq
ҡунаҡ	qʊ̞nɑq
ҡунаҡбикә	qunäqbʲekʲɛ
ҡунаҡсыл	qonɑqsɯl
ҡунаҡсыл	qonɑqsɯ̞ɫ
ҡунаҡхана	qonɑqχɑnɑ
ҡунаҡҡол	qunɑqqɯ̞ɫ
ҡунаҡҡужа	qunɑqquʒa
ҡунырға	qʊ̞nɯ̞rʁä
ҡуныу	qunɑu
ҡунған	qənɢan
ҡуптарып	qʊ̞ptɑrʊ̞p
ҡурай	qurɑj
ҡурай	qʊ̞raj
ҡурайсы	qurɑjsa
ҡурайсы	qurɑjsɯ̞
ҡурсаларға	qurˈsɑɫɑrɢɑ
ҡурсаҡ	qursɑq
ҡуртым	qurtɯ̞m
ҡурғаш	qurʁɑʂ
ҡурғаш	qʊ̞rʁɑʂ
ҡурҡа	qʊ̞rqä
ҡурҡаҡ	qoɾqɑq
ҡурҡмаған	qurkmɑʁɑn
ҡурҡмағыҙ	qurqmɑɢɯ̞
ҡурҡҡан	qurqɑn
ҡусты	qustɐ
ҡусты	qustɯ̞
ҡустым	qʊ̞stʊ̞m
ҡусҡар	qʊ̞sqɑr
ҡусҡаров	qʊ̞sqɑrʊ̞f
ҡутарып	qʊ̞tɑrɯ̞p
ҡутаҡ	kˈutɑq
ҡутаҡ	qutɑq
ҡутыр	qutɯ̞r
ҡуш	ʁˈuʃ
ҡуша	ɾʊʃˈa
ҡушамат	quʂɑmɑt
ҡушамат	qʊ̞ʂɑmɑt
ҡушылдыҡ	quʂɑltɯ̞q
ҡушырға	qʊ̞ʂɯ̞rʁä
ҡуян	qujɑn
ҡуян	qujɒn
ҡуянбай	qwjɑmbaj
ҡуҙы	quðɯ̞
ҡуҙғалаҡ	quðʁɑɫɑq
ҡуңыҙ	qoɴɯ̞ð
ҡый	qɪ̞
ҡыйбат	qɯ̞jβɑt
ҡыйларға	pɯ̞jɫɑrʁɑ
ҡыйралды	qɯ̞jɯ̞räɫtɯ̞
ҡыйралыш	qijɾɑɫɯ̞ʂ
ҡыйшайырға	qɯ̞jsɑjɯ̞rʁɑ
ҡыйын	qɯ̞jɯ̞n
ҡыйыу	qɯ̞jɯ̞w
ҡыйыу	qɯ̞jˈjɯ̞w
ҡыйыулыҡ	ʊ̞jɯ̞wɫɯ̞q
ҡыйҙыш	qɯ̞jðɯ̞r
ҡыл	qɯ̞ɫ
ҡыланыш	kɯ̞ɫɑnɯ̞ʂ
ҡылды	qɯ̞ɫdɑ
ҡылминур	qɯ̞ɫmʲinur
ҡылсынбай	qɯ̞ɫsɯ̞npaj
ҡылтай	qɯ̞ltäjɯ̞
ҡылтайыу	qɯ̞ltäjɯ̞u
ҡылтымбыйлан	qɯ̞ɫtɯ̞nbʊ̞jɫɑn
ҡылтымбыйланырға	qɯ̞ɫtɯ̞mbʊ̞jɫɑŋɯ̞rʁɑ
ҡылтымбыйланыу	qɯ̞ɫtɯ̞nbʊ̞jɫɑnɯ̞w
ҡылым	qɯ̞ɫɯ̞m
ҡылыс	qɯ̞ɫɯ̞s
ҡылысбай	qɯ̞ɫɯ̞sbɑʲ
ҡылыу	qɯ̞ɫɯ̞
ҡылыусы	qɯ̞ɫɯ̞ɫsʊ̞
ҡылған	qɯ̞ɫʁɑn
ҡымыҙ	qɯ̞mɯ̞ð
ҡымыҙлыҡ	qɯ̞mɯ̞ðɫɯ̞q
ҡын	qɯ̞n
ҡына	qɯ̞mɑ
ҡына	qɯ̞nɑ
ҡыпсыуыр	qɯ̞psɯ̞wɯ̞r
ҡыпһыуыр	qɯ̞phɯ̞wɯ̞r
ҡырау	qɯ̞rɑw
ҡырағай	qɯ̞ɾɑʁɑj
ҡырағай	qɾɑʁɑj
ҡырлы	qɯ̞rɯ̞ɫɯ̞
ҡырмы	qɯ̞rmɑ
ҡырмыҫҡа	qɯ̞rmɯ̞θqɑ
ҡырмыҫҡалы	qɯ̞rmʊ̞zqɑɫɯ̞
ҡыртыш	qɯ̞rtɯ̞ʂ
ҡырылып	qɯ̞rɑɫʊ̞p
ҡырым	qɯ̞rɯ̞m
ҡырымғужа	qɯ̞rɯ̞mɢuzɑ
ҡырып	qɯ̞rɑp
ҡырыҫ	qɯ̞ɾɯ̞θ
ҡырғыс	qɯ̞rʁɯ̞s
ҡырғыҙ	qɯ̞rʁɯ̞ð
ҡырғыҙстан	qɯ̞rɢ̞ɯ̞ðstɑn
ҡырҡ	qɯ̞rɯ̞q
ҡырҡлаған	qɯ̞rqɯ̞ɫɑʁɑn
ҡырҡырға	qɪ̞ɾqɪ̞rʁɑn
ҡырҡыу	qərqɯ̞u
ҡырҡҡылау	qɯ̞rqʊ̞ɫɑu
ҡысҡырыр	qɯ̞sqɪ̞rɯ̞r
ҡысҡырыу	qɯ̞sqɑrɯ̞w
ҡысҡырҙы	qɯ̞sqɯ̞rðä
ҡысҡырһа	qɯ̞sqɯ̞rɦɑ
ҡытай	qɯ̞tɑj
ҡытлыҡ	qʊ̞tɫɑq
ҡытыршы	χɯ̞tɯ̞rʂɯ̞
ҡытыршыланыу	qɯ̞tɯ̞rʂɑɫɑnɯ̞w
ҡыуандыҡ	qɯ̞uɑmdʊ̞q
ҡыуаҡ	qɯ̞wɑq
ҡыуаҡ	qɯ̞ɫwaq
ҡыуаҡлыҡ	qʊ̞ɫɑqɫɯ̞q
ҡыуаҡтағы	qʊ̞wɑqtɑʁɑ
ҡыуыу	qɯ̞uɯ̞
ҡыуыш	qʊwɯ̞ʂ
ҡыуғанаҡ	qɑuʁɑnɑq
ҡыш	qɯ̞ʂ
ҡыштырламау	qʊ̞stɪ̞rɫämɑu
ҡыштырларға	qɯ̞stɯ̞rɫärʁɑ
ҡышҡы	qɯ̞ʂqɑ
ҡыяр	tɟˈɯjɑr
ҡыҙ	qɯ̞ð
ҡыҙа	qɯ̞ðːa
ҡыҙарып	qɯ̞ðɑrɑp
ҡыҙарырға	χʊ̞ðarʊ̞rʁä
ҡыҙбикә	qɯ̞ðbʲikæ
ҡыҙыл	qɯ̞ðɯ̞ɫ
ҡыҙыл	qˈɯ̞ðˈɫ
ҡыҙылраҡ	qʊ̞ðɯ̞ɫɯ̞rɑq
ҡыҙылса	qɯ̞ðɯ̞ɫsɑ
ҡыҙылтүш	qɯ̞ðɯ̞ɫtʏʃ
ҡыҙылъяр	qɯ̞ðɯ̞ɫjɑr
ҡыҙынырға	qɯ̞ðɯ̞mɯ̞rʁɑ
ҡыҙырға	qɯ̞dɯ̞rʁä
ҡыҙыу	qɯ̞ðɯ̞w
ҡыҙыҡ	qɯ̞ðɯ̞q
ҡыҙыҡай	ʁɯ̞ðɯ̞qɑj
ҡыҙыҡһынды	qɯ̞ðɯ̞qhʊ̞ndɑ
ҡыҙҙар-биргән	qɯ̞ðːɑrbʲirgæn
ҡыҙҙарҙы	qɯ̞ðdɑrðɯ̞
ҡыҙҙырырға	qɯ̞ðːɯ̞rʊ̞rɢɑ
ҡыңғырау	qɯ̞ŋʁɯ̞rɑw
ҡыҫала	qɯ̞sɑɫɑ
ҡыҫала	qɯ̞θɑɫɑ
ҡыҫтырып	qɯ̞stɯ̞rɯ̞p
ҡыҫҡа	qɯ̞θqɑ
ҡыҫҡалыҡ	qɯ̞sqɑɫɯ̞q
ҡыҫҡартылған	qɯ̞sqɑrtʊ̞ɫʁɑn
ҡыҫҡаса	qɯ̞sqɑsɑ
ҡыҫҡаһы	qɯ̞θqɑhɯ̞
ҡыҫҡырыу	qɯ̞sqɯ̞rɯ̞u
ҡәбер	qæbɪ̞ɾ
ҡәберле	qɛbɪ̞ɾɫæ
ҡәбилә	qæbilæ
ҡәдерле	qædɪ̞rɫæ
ҡәйнә	qæjnæ
ҡәйүм	qæjˈym
ҡәлғә	qɛlɢæ
ҡәләм	qælæm
ҡәләм	qɛllɛm
ҡәләмбай	qælæmbɑj
ҡәләмдәш	qælæmdæʃ
ҡәләмфер	qælæmfɪ̞r
ҡәмәриә	qɛmɛrijæ
ҡәнифә	qænʲfæ
ҡәнәфер	qænæfɪ̞r
ҡәнәғәт	qænæʁæt
ҡәнәғәт	qænʲɑʁæt
ҡәнәғәтләнергә	qænɛɢɛtlænirgæ
ҡәнәғәтләнеү	qɛnɛɢætlænɪ̞w
ҡәрип	qæɾip
ҡәрҙәш	qæɾðæʃ
ҡәтифә	qætæfæ
ҡәғбә	qæʁbæ
ҡәҙер	qæðɪ̞r
ҡәҙерйән	qæðrjæn
ҡәҙерле	qæðɪ̞rɫæ
ҡәҙермәт	ʁæðɪ̞rmæt
ҡәҙерһеҙ	qæðɪ̞rhɛð
ҡәҙәр	qæðær
ҡәһүә	qæhwæ
ҡөръән	qɯ̞ræn
ҡөрьән	qɯ̞ræn
ҡөҙрәт	qɯ̞ðræt
ҫупайҙы	θupɑjðɯ
үбергә	gʏbɪ̞rgʲɛ
үбешергә	ʏbʏ̞ʂɪ̞rgæ
үгеҙ	ʏgɪ̞ð
үгәй	ʏgæj
үзбәк	ʏzbæk
үзбәкстан	ʏzbækstɑn
үк	yk
үксә	ʏkse
үксә	ʏksæ
үксәле	ʏksɛlɪ̞
үл	ʏ̞l
үлгән	ʏlgɛn
үле	ʏlæ
үлем	ɵlɪ̞m
үлергә	ʏlʲɛrgæ
үлйән	œljæn
үлмәгән	tʏlmægæn
үлмәҫбай	ʏlmæθbɑɪ
үлсәгес	ʏlsɛgəs
үлсәм	ʏlsem
үлсәргә	ʊ̞lsærgæ
үлсәү	ʏlsæw
үлтереп	gʏltʲɪrɪ̞p
үлтерергә	ʏltɪ̞rɪ̞rgæ
үлтереү	ʏltærɪ̞w̜
үлтермә	ʏltærmæ
үлә	ʏlæ
үләкһә	ʏlækhæ
үлән	ʏlæn
үләт	ylɛt
үмербикә	ʏ̞mʏ̞rbʲekæ
үнгәр	ʏ̞ngær
үпкә	ɯ̞pkæ
үпкә	ɵpkæ
үпкәләрлек	ʏpkæ̹lærɫɛk
үр	dʏr
үрге	ʏrgæ
үрге	ʏrgɪ̞
үргә	ʏ̞rgæ
үрелмә	ʏ̞rʏ̞lmæ
үреп	ʏræp
үреш	ɵrɛʃ
үркәс	pʏrkæs
үркәс	ʏrkæs
үрләргә	ɵrɪlɛrgæ
үрләү	jʏrlæʏ
үрмәкес	ʏrmækæs
үрмәксе	ʏrmæksɪ̞
үрмәләп	ʏ̞rmæ̹læp
үрнәк	ʏrnæk
үрсергә	ʏlsɪ̞rgæ
үрсетергә	ʏrsætɪ̞rgæ
үрт	ʏrt
үрҙә	ɯrðɛ
үрҙәк	ʏrðæk
үс	ʏs
үсегергә	ʏsɛgɪ̞rgæ
үт	ytˈ
үт	ʏt
үтек	ʏtɪ̞k
үтекләргә	ʏ̞tʲɪklærgæ
үтергә	ʏ̞tʲɪrgæ
үткер	ɪ̞tkɪ̞ɾ
үткер	ɵtkɪ̞ɾ
үткерләргә	ʏtkɪ̞rlɛrgæ
үткән	ʏtgɛn
үткән	ʏtkæn
үткәреп	ɵtkɛrɪ̞ð
үткәс	utkæz
үтмәгән	ytmɛgæn
үтмәҫ	ʏtkɪ̞r
үтә	ɯtɛ
үтәбикә	ʏtæbʲikæ
үтәмәйенсә	utɛmɛjnsɛ
үтәп	ʏtˈepˀ
үтәш	ytːɛʃ
үтәү	ɛtaw
үҙ	ʏð
үҙаң	ʏðäŋ
үҙаң	ʏðʔäŋ
үҙгәреш	ʏðgærɪ̞ʃ
үҙгәреш	ʏðgɛrəʂ
үҙгәреүсән	ʏ̞ðgærɪ̞wsæn
үҙе	ʏ̞ðɪ̞
үҙендә	ʏ̞ðʏ̞ndæ
үҙенсәлек	uðɪnsɪlɪk
үҙләштерергә	ʏ̞ðlæʂtɪ̞rɪ̞rgæ
үҙләштермәгән	ʏzlæʂtɪ̞rmægæn
үҙәк	yðɛk
үҙәк	ʏðæk
үңәс	ũŋæs
үҫемлек	ʏθɪ̞mlɪ̞k
үҫенте	ʏθɪ̞ntɪ̞
үҫеш	ʏθɪ̞ʃ
үҫешкән	ɵsɪ̞ʂkæn
үҫмер	ɵθmɪ̞ɾ
үҫмер	ʏ̞θmʏ̞r
үҫәргән	ʏðærgæn
һабай	hæbˈɑ
һабакларға	hɑbɑqɫɑrʁɑ
һабансы	hɑβansɯ̞
һабанғол	hɑbɑnʁɯ̞ɫ
һабаҡ	hæbaq
һабаҡ	hɑβɑq
һабаҡлы	hɑbɑqɫɑ
һабын	hɑbən
һабын	hɑβɯ̞n
һай	hɑj
һай	həˈɪ
һайлансыҡ	hɑjɫɑnzɯ̞q
һайлап	hʊ̞jlɑp
һайлаусы	həˈjlaʊsɯˈ
һайрар	äjrɑr
һайрарға	hɑjrarʁɑ
һайрау	əjraw
һайы	haja
һайыҫҡан	hɑjɯ̞ðqɑn
һайыҫҡан	hɑjɯ̞θqɑn
һал	hɑl
һал	hɑɫ
һала	ala
һалам	hɑlɑm
һалам	hɑɫɑm
һалдат	hɑɫdɑt
һалды	hɑlda
һалма	hɑlma
һалмауыр	hɑɫmɑwɯ̞r
һалмағыҙ	hɑɫmɑgɯ̞ð
һалмаһын	hɑlmɑhɯ̞n
һалым	hɑɫɯ̞m
һалым	pɑɫɯ̞m
һалынған	hɑlɯ̞nʁɑn
һалып	hɑɫɑp
һалырға	ɑɫɯ̞rʁɑ
һалыу	hɑɫɯ̞w
һалыу	hˈɑloʊ
һалығыҙ	hɑlɯ̞ʁɯ̞ð
һалған	hɑlʁɑn
һалҡын	haɫqɯ̞n
һалҡын	hɑlqɯ̞n
һалҡынайырға	hɑlqɯ̞näjɯ̞rʁä
һалҡынса	hɑlqɑnsɑ
һаман	hɑmɑn
һамар	hɑmɑr
һан	hãn
һан	hɑn
һанарға	ɦɑnɑrʁɑ
һанаған	hänɑgɑn
һанаҡа	hɑnɑqqa
һандуғас	hɑnduʁɑs
һандуғас	hɑnˈdoqɑs
һандыҡ	hɑndq
һандыҡ	hɑndɯ̞q
һанлы	hɑnɫɑ
һарай	hɑrɑj
һаралйын	hɑɾɑɫjɯ̞n
һаран	hɑrɑn
һаранланырға	hɑrɑnlɑmɯ̞rʁɑ
һарт-лабау	hɑrtɫɑbɑw
һарт-шишмә	hartsʃiʃmɛ
һары	hɑrə
һары	hɑɾɯ̞
һарыкүлмәк	hɑrɯ̞kʏlmæk
һарымһаҡ	hɑrɯ̞mhɑq
һарымһаҡ	hʊ̞rɯ̞mhɑq
һарытау	hɑrɯ̞tɑw
һарығош	hɑrɯ̞ʁʊ̞ʂ
һарыҡ	hɑrɯ̞q
һаташты	hɑtɑʂtæ
һаташыу	χatˈaʃˈow
һатыбалды	hɑtɯpɑɫdɯ
һатыулашырға	hɑtɯ̞wɫɑʂɯ̞rʁɑn
һатыусы	hɑtɯ̞wsɯ̞
һатыусы	ɦɑtɯ̞ɫsɯ̞
һау	hæˈu
һау	hɑw
һауа	haua
һауа	hɑwɑ
һауап	hɑwɑp
һаубуллашыу	hɑubɯ̞ɫɑʃɯ̞w
һаулашырға	tɑuɫäʂɯ̞rʁɑ
һаулыҡ	hɑwɫɯ̞q
һаулыҡты	hɑwlɯ̞qtɑ
һауынсы	hɑwɯ̞nsɯ̞
һауыт	hɑwɑt
һауыт	hɑwɯ̞t
һауыҡтырып	hɯ̞wɯ̞qtɯ̞rɯ̞p
һағайҙы	hɑʁɑjðɑ
һағаҡ	hɑʁɑq
һағындырыу	hɑˈgɯndɯrɯw
һағынырға	ɑʁɯ̞nɯ̞rʁä
һағыҙ	haɢæð
һағыҙ	hɑʁɯ̞ð
һағыҙаҡ	hɑʁɯ̞ðɑq
һаҙ	hɑð
һаҙағай	hɑðɑʁɑj
һаҙаҡ	hɑðɑq
һаҙлыҡ	hɑðɫɑq
һаҙҙарында	hɑððärɯ̞ndæ
һаҡ	hɑq
һаҡал	hɑqɑl
һаҡал	hɑqɑɫ
һаҡау	hɑqɑw
һаҡлай	hɑqlaj
һаҡлап	hɑqnɑp
һаҡлар	hɑqlɑr
һаҡларға	hɑqlɑrʁɑn
һаҡлау	hɑqlɑu
һаҡлаһын	hɑqlɑhɯ̞ŋ
һаҡлыҡ	hɑqɫɑq
һаҡсы	hɑqsɯ̞
һаҡсыһыҙ	hɑqsɑhɯ̞ð
һаҡһыҙлыҡ	hɑqχʊ̞ðɫɯ̞q
һаҡһыҙҙыҡ	pɑqhɯ̞ðːɯ̞q
һаңғырау	hɑŋɢɯ̞rɑw
һаҫыҡ	hɑθɯ̞q
һаҫыҡ	pɑθɯ̞q
һейҙек	hɪ̞jðɪ̞k
һелкенергә	hʲɪlkɪ̞nʲɪrgæ
һелкергә	hɪ̞lkɪ̞rgæ
һелкетергә	hɪ̞lkʲɪtʲɪrgæ
һелтәнә	hɪ̞ɫtɛnæ
һелтәп	hɯ̞lttæp
һелтәргә	hɯ̞ɫtærgæ
һеләгәй	hɪ̞lægæj
һеләүһен	hɪ̞læwhɪ̞n
һемәк	hɪ̞mæk
һеперергә	hɯ̞pɯ̞rɪ̞ɾgæ
һепертке	hɪ̞pɪ̞rtkɪ̞
һепертмә	hʊ̞pɪ̞rtmæ
һеркә	hærkæ
һеркә	hɪ̞rkæ
һеркәле	hɪ̞rkælɪ̞
һеҙ	hɪ̞ð
һеҙ	hɯ̞ð
һеҙ	ɦɪ̞ð
һеҙгә	hɪ̞ðgæ
һеҙгә	hɯ̞zgæ
һеҙҙə	hɯ̞ðːɛ
һеҙҙе	hɪ̞ðːɪ̞
һеҙҙеке	hɪ̞ðːɪ̞kæ
һеҙҙең	hɪ̞ðːɪ̞ŋ
һеҙҙеңсә	hɯ̞ðːɪ̞ŋsɛ
һеҙҙә	hɪ̞ðːæ
һеҙҙән	hɪ̞ðːæn
һеңеп	hɯ̞mɯ̞p
һеңергә	hʏ̞ŋɪ̞rgæ
һибелергә	hʲibɪ̞ɫɪ̞rgæ
һибергә	kibɪ̞rgæ
һибәләргә	hʲibælɛrgæ
һибәт	ibˈɛt
һигеҙ	higɪ̞ð
һигеҙ	hiɣɪ̞ð
һигеҙайаҡ	higɪ̞ðɑjɑq
һигеҙгүҙ	higɪ̞ðgʏð
һике	hikɪ̞
һикереп	hikːɪ̞rɪ̞p
һикерергә	ikɪ̞rɪ̞rgæ
һикһән	hikːhæn
һимерергә	hʲimɪ̞rɪ̞ɾgæ
һимеҙ	hemɪ̞ð
һиммәт	himmæt
һиммәтбаныу	immætbɑnɯ̞w
һин	hʲen
һин	hˈiːn
һинд	hint
һинд	hʲend
һиндə	hiŋdæ
һиндә	hindæ
һиндә	ʲintæ
һине	hinɪ̞
һинең	hinɪ̞ŋ
һинән	hinæn
һинән	hʲiːnæn
һипкел	hipkɪ̞l
һипкелләнергә	hʲipkjɪlːænɪ̞rgæ
һиптергес	hiptɪ̞rgɪ̞s
һиптерергә	hʲiptɪ̞rɪ̞ɫgæ
һирәк	heɾæk
һирәк	hʲiɾæk
һирәк-һаяҡ	i̯rækhæjɑq
һирәк-һаяҡлап	i̯rækhɑjɑqɫɑp
һис	his
һиҙергә	hʲiðɪ̞rgæ
һиҙиәт	hɪ̞ðjæt
һиҙмә	hʲiðmæ
һиҙмәү	hʲiðmɛw
һиҙҙермәү	hɪ̞ðːɪ̞rmæʏ
һиҙәп	hˈidˈæp
һиңә	hiŋæ
һол	hˈɔl
һоло	hʊ̞ɫʊ̞
һомғол	hʊ̞mʁɑɫ
һора	hura
һорау	hʊ̞rɑw
һораша	ɦɐrɐʃa
һорашманы	pʊ̞rɑʂmɑnɯ̞
һорашырға	hrɑʂɯ̞rʁa
һоро	hʊ̞ɾʊ̞
һоҡланмау	hɯ̞qɫɑnmɑu
һоҡланырға	hɯ̞qɫɑnɯ̞rʁɑ
һоҫҡо	hʊ̞θqɑ
һоҫҡо	hʊ̞θqʊ̞
һуйыл	hˈujˈɛl
һул	hul
һул	huɫ
һулап	hʊ̞ɫɑp
һулау	hulˈɑl
һулаҡай	huɫɑqɑj
һулаҡай	hʊ̞ɫɑqɑj
һулда	huɫda
һулымаған	bɯ̞ɫʊ̞mɑʁɑn
һулырға	wɫɯ̞rʁɑ
һулыған	huɫäʁɑn
һулға	hʊ̞ɫʁɑ
һум	hom
һунар	hunɑr
һунар	oˈnɑɾ
һунарлау	wnaɾlaw
һунарсы	hunɑrsɯ̞
һунарсы	unarsɯ
һунарсылыҡ	unɑɾsɯ̞ɫɯ̞q
һупайҙы	hopɑjðɯ̞
һупылдаҡ	hopɯ̞ɫdɑq
һурпа	hurpɑ
һурпа	oɾpä
һурығыҙ	χurɯ̞ʁʊ̞ð
һурған	hʊ̞rʁɑn
һурҙы	hurðɑ
һуш	hʊ̞ʃ
һушҡа	hʊ̞ʃqa
һуған	huʁɑn
һуған	hˈuɣən
һуғыш	huɢ̞ɯ̞ʂ
һуҙмай	hʊzmɑj
һуҙмайыҡ	hʊ̞ðmäjɯ̞q
һуҙылған	hʊ̞ðɯ̞ɫʁɑn
һуҙынҡы	huðɯ̞ŋqɯ̞
һуҙырға	hʊ̞ðɪ̞rʁä
һуҡмаҡ	huqmɑq
һуҡмаҡ	hʊ̞qmɑq
һуҡыр	huqɯ̞r
һуң	hũŋ
һуңларға	hõŋlarʁa
һуңлата	ɦoŋlata
һуңынан	huŋˈɛnˌan
һуңға	huŋɣa
һуңғы	huŋɢɯ̞
һуңғынан	huŋˈgɯnˈan
һыбайлы	hɯ̞bɑjɫɑ
һый	hɐ̃j
һый-хөрмәт	hʊ̞jχɪ̞rmæt
һыйлаған	hjɫɑʁɑn
һыйпамаясаҡ	hɑjpɑmɑjɑsɑq
һыйпан	hɛjpɑn
һыйпап	hjpap
һыйпау	hʊ̞jpɔu̯
һыйыр	hɑjɯr
һыйыр	hɯ̞jɯ̞r
һыйыр	pʰɯ̞jɯ̞r
һыйҙырырға	hɪ̞jðɪ̞rɑrʁɑ
һыйҙырышлы	hɯ̞jðɪ̞rɯ̞ʂɫɑ
һылтана	hɯ̞ltana
һылтанма	hɯɫtɑnmɑ
һылыу	hɯ̞ɫɯ̞w
һымаҡ	hɪ̞mɑq
һын	hən
һыналған	hɯ̞ŋɑɫʁɑn
һындырылған	hɯ̞ndɯ̞rɯ̞ɫgɑn
һынлы	hɯ̞nɫä
һыптырыу	hʊ̞ptʊ̞rʊ̞
һыпыртты	hʊ̞pɯ̞rtːɑ
һыр	hɐr
һыра	hɯ̞rɑ
һыра	ɦrˈa
һыртлан	hɯ̞rtɫɑn
һыртлы	hɯ̞rtɫɑ
һырып	hɯ̞rɑp
һырға	hərʁa
һырға	hɯ̞rʁɑ
һырғанаҡ	hərʁɑnɑq
һыу	hæw
һыу	hɯ̞w
һыуынырға	hɯ̞uɯ̞nɯ̞rʁa
һыуыр	hɯ̞wɯ̞r
һыуытты	hɯ̞wɯ̞tːɑ
һыуытырға	hɯ̞wɯ̞tɯ̞rʁa
һыуытҡыс	hɯ̞wɯ̞tqɯ̞s
һыуыҡ	hɪ̞wɪ̞q
һыуыҡ	hɯ̞wɯ̞q
һыуыҡлыҡ	hʊ̞uʊ̞qɫɑq
һыуғояр	hɯ̞wʁʊ̞jɑr
һыуҙағы	hʊ̞uðɑʁɑ
һыуҡояр	hɯ̞wqɯ̞jɑr
һыуһар	hɪ̞whɑːr
һыуһар	hɯ̞whɑr
һығылмайынса	hɯ̞ʁɯ̞ɫmɑjɪ̞nsɑ
һыҙат	hɯ̞ðɑt
һыҙат	hɯ̞ðːat
һыҙлағайны	hɯ̞zɫɑʁɑjnɯ̞
һыҙлаған	hɯ̞zɫɑʁɑn
һыҙлағас	hɯ̞nɫɑʁas
һыҙырылыу	hɯ̞ðɯ̞rɑɫɯ̞w
һыҙыҡ	hɯ̞ðɯ̞q
һыҙыҡса	hɯ̞ðɯ̞qsɑ
һыҙғанырға	hɯ̞zʁɑnɯ̞rʁä
һыҡтайым	hɯ̞qdäjɯ̞m
һыҡтап	hɑqtˈɑp
һыңар	hœŋɑr
һүл	hʉl
һүнергә	hʏ̞nʏ̞rgæ
һүрәт	hʏræt
һүрәтләргә	hʏ̞rætɫærgæ
һүрәтләү	hʏrætlæʏ
һүҙ	hʏð
һүҙлек	hʏðlɪ̞k
һүҙлек	hʏ̞ðɫʏ̞k
һәйбәт	hæjbet
һәйбәт	hæjβæt
һәйбәтләргә	hɛjbætlærgæ
һәйкәл	hejkæl
һәйкәл	hæjkæl
һәләк	jælɛk
һәләкәт	hælækæt
һәләт	hælæt
һәләтле	hɛlɛtlæ
һәм	hem
һәм	hæm
һәм	çɛm
һәмән	hɛmmɛn
һәндерә	hændɾæ
һәнеүәт	hɛlɪwɛt
һәниә	hænjæ
һәнүзә	hɛnɨzɛ
һәнәк	hænæk
һәнәкһеҙ	ɦɪnækhɪ̞ð
һәнәр	hænæɾ
һәр	hær
һәүәҫкәр	hæwæθkær
һөжүм	hʏ̞ʒʏm
һөйгән	hɪ̞gæn
һөйкәлеш	hɪ̞jkælɪ̞ʃ
һөйкәлеш	hʏ̞jkælɪ̞ʃ
һөйлә	ɦʏlæ
һөйләгәйне	ɦʏ̞jlægæjnæ
һөйләгән	hʏ̞jlægæn
һөйләй	hjlæj
һөйләм	hʏ̞jlæm
һөйләмәгән	hʲɪjlæmægæn
һөйләнеп	hʏ̞jlænæp
һөйләнергә	hʲɪjɫænʲɪrgæ
һөйләнә	hjlænæ
һөйләргә	hɯ̞jɫærgæ
һөйләтмәйенсә	hɪ̞jɫɛtmɛjʲɪnsɛ
һөйләтмәйенсә	pʏ̞jlætmæjʲɪnsæ
һөйләш	hʏ̞jlæʂ
һөйләшелгән	hʏ̞jɫɛʂjɪlgæn
һөйләшергә	hɪ̞jɫɛʂɪ̞rgæ
һөйләшмәй	ɦijlæʃmæj
һөйләшмәйенсә	hɪ̞jɫɛʂmæjɯ̞nsɛ
һөйләшә	hɪ̞ɫæʃæ
һөйәк	hʏ̞jæk
һөйәклө	hʏ̞jæklɪ̞
һөйәл	hʏ̞jæl
һөйәлергә	hɪ̞jɛɫɪ̞rgæ
һөйәргә	hʏ̞jjærgæ
һөйәркәй	hɪ̞jːɾkɛj
һөйөмбикә	hɪ̞jɯ̞mbʲekæ
һөйөнсө	hʏ̞jʏ̞nsʏ̞
һөйөү	hʏ̞jʏ̞w
һөлдә	hʏ̞ldæ
һөлдә	hʏ̞ldæ̹
һөлөк	hʏ̞lʏ̞k
һөнәр	hʏ̞nær
һөнәр	hˈœnær
һөнәрсе	hʏ̞nɛrsʏ̞
һөргөн	hʏ̞rgʏ̞n
һөрт	hɯ̞rt
һөртмәй	hʊ̞rtmæj
һөртә	hɯ̞rtæ
һөртөү	ɦɛrtɪ̞w
һөрәнләй	hˈrænlæj
һөсләтеп	hʏ̞slʏ̞tʏ̞p
һөсләтеү	hɯ̞sɫɛtɪ̞w
һөт	hʏ̞t
һөт	hˈɪ̞t
һөтлө	hʏ̞tlæ
һөҙһөт	hʏ̞ðhʏ̞t
һөҙә	ɦɛðæ
һөҙәк	hʏ̞ðɶ̟k
һөҙөмтә	hɪ̞ðɪ̞mtɛ
һөҙөмтә	hʏ̞ðʏ̞mtœ̟
һөңгө	hʏ̞ŋgʏ̞
әбделбар	æbdælˈbɑɾ
әбделнасир	æbðɪlnæsiɾ
әбделсәлих	æbdɪlsæˈliːx
әбделхалиҡ	æbdɪlχɑlɪq
әбделхаҡ	æbdɪlχɑq
әбделғәфәр	æpdɪlʁɑfær
әбделәхәт	æbdɪlɪ̞χæt
әбдрәшит	abdrɛʃid
әбей	æbiʲ
әбей	æβɪj
әбекәй	ɛbɨkːaj
әбел	ɛbəl
әбелзада	æbælzæda
әбйәлил	æbjælæl
әбрәкәй	ɛbrɛkːɛj
әбсабир	eβ̞sabir
әбсамат	æpːsɑmɑt
әбү	ɛbːu
әбүбәкер	æbybækɪ̞r
әбүбәкир	ɛbʏbækʲir
әбүзәр	æbøzær
әбүсаттар	æbøsɑtˈtɑr
әбәд	æbæð
әбәкләү	abˈaklɛʊ
әгәр	ægær
әгәр	ægæɾ
әжәл	ægæl
әжәл	æʒæl
әзербайжан	ɛzɛrbajʒan
әзербайжандар	æzɪ̞rbäjdʒändɑr
әйбер	æjβɪ̞r
әйләнгән	æjlænˈgæn
әйләнде	æjɫænˈdæ
әйләндерелеү	æjlændɪrɪ̞ɫɪ̞w
әйләндереп	æjɫænðɯ̞rɯ̞p
әйләндерергә	æjlændɪ̞rɪ̞ɫgæ
әйләнеп	æjˈlænæp
әйләнеү	æjlænɪeʏ
әйләнмәй	æjlænmæj
әйләнһә	ejlɛnhæ
әйләнә	æjlænæ
әйләнәдә	æjlænædæ
әйтелеш	æjtɪ̞lɪ̞ʃ
әйтелә	æjtjɪlæ
әйтке	æjtkæ
әйткәндер	æjtkændir
әйткәндә	æjtqændæ
әйткәндәй	æjtkændæj
әйткәнсе	æjtkɛnθɪ̞
әйтмәгән	ejtmægæn
әйтмәҫкә	æjtmæθkæ
әйтәгүр	æjtægʏr
әйтәгүр	æjtæɣʏr
әйҙәгеҙ	æjðægð
әйүп	æjup
әкбәр	ækbæɾ
әкиәт	ækʲiʲæt
әкиәттәге	ækjɛtðægɪ̞
әкренләп	ækʲrʏ̞nɫæp
әкрәм	akrɛm
әкрәм	ɛkɾˈem
әлбиттә	ælbʲitːæ
әле	ˈɛle
әлибәк	ˈælɪbˌɛk
әлимә	æ̹lʲiːmæ
әлифба	ælæfba
әлифбаһы	ælʲɪfbɑhɑ
әлкә	ælkæ
әллә	ɛllæ
әлми	ˈalmi
әлмира	ɛlmɪrˈa
әлморон	ælmʊ̞rʊ̞n
әлтәф	ɛltef
әлфинур	elfinˈuɾ
әлфирә	ɛlfiɾe
әлфиә	ælfʲiʲæ
әлфиә	ælˈfiːɛ
әлғази	ɛlɢɑziː
әлғәзи	ælˈɣazi
әләклә	æ̹læklæ
әләкләргә	ɪ̞ɫæklærgæ
әләкләү	ɛlɛklɛv
әләм	ɛlɛm
әмер	æmɪ̞r
әмер	ɛmɛr
әмил	aml
әмилә	ɛmiɫe
әмин	ɛːmɪn
әминбәк	æmɪnbæk
әминә	ɛminɛ
әмир	ɛmɪ̞ɾ
әнис	enis
әнүзә	ɛnyzæ
әнүр	ænyɾ
әнүәр	ænwær
әрем	ærɪ̞m
әрләп	ɛrˈlæp
әрләргә	ɛrɪlærgæ
әрләү	ɛrˈlɛʊ
әрмән	ærmæn
әрмәнде	ɛrmændæ
әрмәнстан	ærmænstän
әрсеү	ɛɾˈsɪv
әрәмауыл	ɛræmæwɑl
әсегән	ˈæsægˈɛn
әсимә	æsʲimæ
әсир	æsiːɾ
әсирлек	æsjɾlɛk
әсләмшин	æslæmʃiːn
әсмәбикә	ɛsmɛbʲikæ
әссәл	ɛsːɛl
әссәләмәғәләйкүм	æsːælæmæʁælæjkʏm
әстерхан	æstɪ̞rχän
әсхәл	ɛsxɛl
әсҡәт	ʔɛsqɛt
әсәй	æsæj
әсәйҙеке	æsæjðɪ̞kæ
әсәлек	ɛsɛlɛk
әсәҙулла	ɛsæðullɑh
әтәс	aitas
әтәс	ætæs
әтәсле	ɛtɛslæ
әфләтун	ɛflɛtɔn
әфтәб	ftæb
әфтәх	ɛftæx
әфәнде	æfændɪ̞
әфәнде	ɛfɛnde
әхирәт	æχɨiɾæt
әхиәр	æχjɛr
әхлаҡ	ɛχlɑq
әхлаҡһыҙ	ɛχlɑqhɯ̞ð
әхлаҡһыҙлыҡ	æχɫɑqhɯ̞ðɫɑq
әхмәди	æχmɑde
әхмәр	æχmæɾ
әхмәт	æχmæt
әхмәт	ˈɛχmæt
әхмәтбаҡый	ɛχmætbaqaj
әхмәтгәрәй	æχmætgɪ̞ræj
әхмәтзада	ɑχmɛtzɑda
әхмәтша	ˈɛxmɛtʃˈɑ
әхмәтғәли	æχmætɣæli
әхмәҙи	æχmæðˈði
әхмәҙиә	æχmæðjæ
әхрәр	æxrær
әхтәйән	æχtæjˈjæn
әхтәмйән	aχtæmjæn
әхтәр	æxtɛr
әхтәрйән	ɛxtɛrjæn
әшнә	æʃ̟næ
әшнәлек	æʃnælek
әшнәләрсә	æʃnælærse
әшрәф	aʃɾɛf
әғзәм	ʁzɛm
әғләм	ˈɛɁlɛm
әҙ	tˈɛð
әҙ	æð
әҙ-мәҙ	æðmæv
әҙелғужа	ɛðɪ̞lɢoˈʒɑ
әҙер	æðɪ̞r
әҙерлекле	ðɪ̞rɫʲɪkɫɪ̞
әҙерләнгән	ðɪ̞rɫængæn
әҙерләнергә	æðɪ̞rɫænærgæ
әҙерләргә	ɪ̞ðɪ̞rɫærgæ
әҙибә	æðiːbæ
әҙип	ɛðip
әҙләп	æʋlæp
әҙләп-әҙләп	æðlæpæðlæp
әҙһәм	æðhæm
әҙһәм	ˈæðhɛm
әҙәби	ɛðɑbi
әҙәбиәт	æðæbʲijæt
әҙәбиәт	ɛðæbʲijæt
әҙәбиәтсе	ɛðæbʲijætsʲɪ
әҙәм	æðæm
әҙәмсә	jæðæmˈsæ
әҙәпле	ɛðæplæ
әҙәплерәк	ɛðæplɪ̞ræk
әҡлимә	æqɫɪ̞mæ
әҡсән	æksæn
әңгәмә	æŋgæmæ
әҫәр	æθær
әҫәр	ɛðɛr
әүерелергә	æwɪ̞ɾɯ̞ɫɯ̞rgæ
әүлиә	æwlʲijæ
әүлиә	ɛʏlɪjæ
әүлиәлек	awljˈelˈɪk
әүрәргә	ɛʊrærgæ
әүрәтеп	ɪ̞wrætɪ̞p
әүҙем	æwðɪ̞m
әүҙемлек	æwðɪ̞mlɪ̞k
әүәл	ɛ̀u̯ɛl
әүәҫлек	awɛθlɪ̞k
әһли	ˈɛːhli
әһлислам	æhlɪsɫɑm
әһәмиәт	æhæmʲiʲæt
әһәмиәт	ɛhɛmiet
өгөт	ʏ̞gʏ̞t
өгөт-нәсихәт	ʏ̞gʏ̞tnæsʲiχæt
өгөтләргә	ʏ̞gʏ̞tlɛrgæ
өзләргә	ʊ̞zɫɛrgæ
өй	ʏ̞j
өйгә	ɪ̞gæ
өйкәлеп	ɪ̞jkælɪ̞p
өйкәргә	ɪ̞jkærgɛ
өйләнергә	ɪ̞jɫɛnɪ̞rgæ
өймәләм	ɪ̞jmæ̹lærm
өйрәк	ʏ̞jræk
өйрәкморон	ʏ̞jrækmʊ̞rʊ̞n
өйрәнсек	ʏ̞jrænsɪ̞k
өйрәнсек	ʏ̞rænsɪ̞k
өйрәтеп	ʊ̞jrɛtɪ̞p
өйҙә	ɪ̞jðɛ
өйөр	ʏ̞jʏ̞r
өйөргә	ɪ̞jʊ̞rgæ
өкө	ʏ̞kʏ̞
өлгәшергә	ɪ̞ɫgæʃɪ̞ɾgæ
өлгәшерлек	ɪ̞ɫgʲɛʂɪ̞rɫʲɪk
өлгәшкән	ɛlgɛʃkɛn
өлгәшмәгән	ø̞lgæʃmægæn
өлгө	ʏ̞lgʏ̞
өлгөргән	ɪ̞lgʲɪrgæn
өлгөргәнсе	ɪ̞ɫgɪ̞rgɛnsɪ̞
өлгөрҙө	ɪ̞lgʲɪrðɪ̞
өлгөрөп	ɪ̞lgɪ̞rɪ̞p
өлкә	ʏlkɛ
өлкәдәге	ɪ̞lkædægɪ̞
өлкән	ʏ̞lkæn
өлкәр	ʏ̞lkær
өлкәһендә	ʏ̞lkɛhɪ̞ndæ
өлөш	ʏ̞lʏ̞ʃ
өлөшләтә	ʏ̞rʏ̞ʂɫɛtæ
өлөшлө	ɪ̞ɫɪ̞ʂɫɛ
өммөбәҙәр	ɪ̞mmɯ̞bæðær
өмә	ʏ̞mæ
өмөт	ʏ̞mʏ̞t
өмөтләндермәксе	ʏ̞mʏ̞tlændʲɪrmæksɪ̞
өн	ʏ̞n
өндәмә	ɛndɛmæ
өндәшергә	ɪ̞ntæʂɪ̞rgæ
өндәшмә	hʏ̞ndæʂmæ
өнһөҙ	ɪ̞nhɪ̞ð
өргөн	ʏrgʏ̞n
өркөргә	ɪ̞ɾkɪ̞rgæ
өрөк	ʏ̞rʏ̞k
өс	ʏ̞s
өслө	ɪ̞sɫɪ̞
өсмөйөш	ʏ̞sm̟ʏ̞jʏ̞ʃ
өсәү	ʏ̞sæw
өсәүләшеп	ɪ̞sæʏlæʂɪ̞p
өсөндөр	tʏ̞sʏ̞ndʏ̞r
өтөр	ʏ̞tʏ̞r
өтөргә	ɯ̞tɪ̞rgæ
өфәле	ɪ̞θɛlɪ̞
өфө	ʏ̞fʏ̞
өшөргә	ɪ̞ʃɪ̞rgæ
өҙлөкһөҙ	ɪ̞ðlʲɪkhɪ̞ð
өҙәңге	ʏ̞ðæŋgɪ̞
өҙәңге	ʏ̞ðæ̹ŋgʏ̞
өҙөк	ʏ̞ðʏ̞k
өҙөлмәй	ʏ̞ðʏ̞lmæj
өҙөмтә	ʏ̞ðʏ̞mtæ
өҫкә	ʏ̞θkæ
өҫтәл	ʏ̞θtæ̹l
