a	a
aarondar	aɣaɾõŋðaɾ
aba	ava
aba	aβ̞a
ababor	aβ̞aβ̞or
abade	abaðe
abade	aβ̞að̞e
abadegai	abaɾeɣ̞ai
abadegai	aβ̞að̞eɣ̞ai̯
abadegintza	aβ̞að̞eɣ̞ĩnts̻a
abadeki	aβ̞að̞eki
abadesa	aβ̞að̞es̺a
abadetar	aβ̞að̞et̪ar
abadetasun	aβ̞að̞et̪as̺ũn
abadetu	aβ̞að̞et̪u
abadetza	aβ̞að̞ets̻a
abadia	aβ̞að̞ia
abadiano	aβ̞að̞iano
abadiño	aβ̞að̞ĩŋʝo
abadot	abaːnot
abadot	aβ̞að̞ot̪
abagune	abaɣ̞ule
abagune	aβ̞aɣ̞une
abail	aβ̞ai̯l
abaila	aβ̞ai̯la
abaila	aβ̞aʎa
abaildu	aβ̞ai̯l̪d̪u
abaildura	abajld̪uɾaɾ
abaildura	aβ̞ai̯l̪d̪uɾa
abakando	abakando
abakando	aβ̞akãn̪d̪o
abako	aːbaɣ̞o
abako	aβ̞ako
abal	aβ̞al
abalatu	abalato
abalatu	aβ̞alat̪u
abaldun	abal̪d̪um
abaldun	aβ̞al̪d̪ũn
abalkide	aβ̞alkið̞e
abaltzisketa	abãn̪ts̺is̻keta
abalzisketa	aβ̞alt̪is̺ket̪a
abandonatu	aβ̞ãn̪d̪onat̪u
abandonu	aβ̞ãn̪d̪o̞nu
abangoardia	aβ̞ãŋgo̞arð̞ia
abangoardia	aβ̞ãŋgwaɾð̞ia
abangoardismo	aβ̞aŋgoarð̞iz̺mo
abangoardista	aβ̞aŋgoarð̞is̺t̪a
abant	aβ̞ãn̪t̪
abantada	aβ̞ãn̪t̪að̞a
abantaila	aβ̞ãn̪t̪ai̯la
abantaila	aβ̞ãn̪t̪aʎa
abantailatsu	aβ̞ãn̪t̪ai̯lats̺u
abantailatsu	aβ̞ãn̪t̪aʎats̺u
abantailatsu	aβ̞ãn̪t̪aʎats̻u
abantailatu	aβ̞ãn̪t̪ai̯lat̪u
abantailatu	aβ̞ãn̪t̪aʎat̪u
abantailatuki	aβ̞ãn̪t̪ai̯lat̪uki
abantailatuki	aβ̞ãn̪t̪aʎat̪uki
abantailos	aβ̞ãn̪t̪ai̯los̺
abantailos	aβ̞ãn̪t̪aʎos̺
abantailoski	aβ̞ãn̪t̪ai̯los̺ki
abantailoski	aβ̞ãn̪t̪aʎos̺ki
abantari	aβ̞ãn̪t̪aɾi
abantean	aβ̞ãn̪t̪eãn
abantzamendu	aβ̞ãnts̻amẽn̪d̪u
abantzatu	aβ̞ãnts̻at̪u
abantzu	aβ̞ãnts̻u
abantzuño	aβ̞ãnts̻uɲo
abao	aβ̞ao̞
abar	aβ̞ar
abaraska	abaɾaska
abaraska	aβ̞aɾas̺ka
abaritz	abaɾit̪s
abaritz	aβ̞aɾits̻
abarizia	aβ̞aɾis̺ia
abarizia	aβ̞aɾis̻ia
abarizti	aβ̞aɾis̺t̪i
abarizti	aβ̞aɾis̻t̪i
abarka	aβ̞arka
abarka	laβ̞aɾka
abarkadun	aβ̞arkað̞ũn
abarkadun	labaɾkad̪wn
abarkagile	aβ̞arkaɣ̞ile
abarkagile	aβ̞arkaɣ̞iʎe
abarkagin	aβ̞arkaɣ̞ĩn
abarkagintza	aβ̞arkaɣ̞ĩnts̻a
abarkari	aβ̞arkaɾi
abarketa	aβ̞arket̪a
abarketari	aβ̞arket̪aɾi
abaro	aβ̞aɾo
abarotsu	aβ̞aɾots̺u
abarotsu	aβ̞aɾots̻u
abarrakitu	aβ̞arakit̪u
abarreria	aβ̞areɾia
abarreztatu	aβ̞ares̺t̪at̪u
abarreztatu	aβ̞ares̻t̪at̪u
abarrikatu	aβ̞aɾɾikat̪w
abarrots	aβ̞arots̺
abarrots	aβ̞arots̻
abarrots	aβ̞aɾɾot̪s
abartegi	aβ̞art̪eɣ̞i
abartsu	aβ̞arts̺u
abartsu	aβ̞arts̻u
abartu	aβ̞art̪u
abata	aβ̞at̪a
abatari	aβ̞at̪aɾi
abatz	abatˈs
abatz	aβ̞ats̻
abdikatu	abdikat̪u
abdikatu	aβ̞ð̞ikat̪u
abdikazio	aβ̞ð̞ikas̺io
abdikazio	aβ̞ð̞ikas̻io
abdomen	aβ̞ð̞omẽn
abdukzio	aβ̞ð̞uks̺io
abdukzio	aβ̞ð̞uks̻io
abegi	aːbeɣːi
abegi	aβ̞eɣ̞i
abegikor	abeɣikoɾ
abegikor	aβ̞eɣ̞ikor
abegitsu	abeɣ̞itʃu
abegitsu	aβ̞eɣ̞its̺u
abegitsu	aβ̞eɣ̞its̻u
abel	aβ̞ell
abelazkuntza	aβ̞elas̺kũnts̻a
abelazkuntza	aβ̞elas̻kũnts̻a
abelbide	abelbide
abelbide	aβ̞elβ̞ið̞e
abelburu	aβ̞elβ̞uɾu
abeldar	aβ̞el̪d̪ar
abeldun	aβ̞el̪d̪ũn
abelera	aˈbeleɾa
abeletxe	aβ̞eletʃe
abeletxe	aβ̞elletʃe
abelgorri	aβ̞elɣ̞ori
abelgorriki	aβ̞elɣ̞oriki
abeltegi	aβ̞el̪t̪eɣ̞i
abeltzain	aβ̞elts̻ãĩ̯n
abeltzainak	aβ̞elts̻ai̯nak
abeltzainak	aβ̞elts̻aɲak
abeltzaini	aβ̞elts̻ai̯ni
abeltzaini	aβ̞elts̻aɲi
abeltzainik	aβ̞elts̻ai̯nik
abeltzainik	aβ̞elts̻aɲik
abeltzaintza	aβ̞elts̻ãĩ̯nts̻a
abemaria	abemaɾja
abemaria	aβ̞emaɾia
abemarietako	aˈbemaɾjetako
abemarietako	aβ̞emaɾiet̪ako
abendu	aβ̞ẽn̪d̪u
abendua	aβ̞ẽn̪d̪ua
abendualdi	abɛnð̞ualð̞i
abendualdi	aβ̞ẽn̪d̪ual̪d̪i
abeniko	abenjko
abenitu	abenjˈutˈu
abenka	abˈɛnka
abenka	aβ̞eŋka
abentura	aβ̞ẽn̪t̪uɾa
abenturazale	aβ̞ẽn̪t̪uɾasale
abenturazale	aβ̞ẽn̪t̪uɾas̺ale
abenturazale	aβ̞ẽn̪t̪uɾas̻ale
aberasbide	aβ̞eɾaz̺β̞ið̞e
aberasgarri	aβ̞eɾaz̺ɣ̞ari
aberaskeria	aβ̞eɾas̺keɾia
aberasketa	aβ̞eɾas̺ket̪a
aberaski	aβ̞eɾaeski
aberaski	aβ̞eɾas̺ki
aberaskume	aβ̞eɾas̺kume
aberastasun	aβ̞eɾas̺t̪as̺ũn
aberaste	aβ̞eɾaaste
aberaste	aβ̞eɾas̺t̪e
aberastu	aβ̞eɾas̺t̪u
aberats	aβ̞eɾats̺
aberats	aβ̞eɾats̻
aberats	aβ̞eɾat̪s
abere	aˈbeɾe
abere	aβ̞eɾe
aberekeria	aβ̞eɾekeɾia
abereki	aβ̞eɾeki
abereki	aβ̞eɾe̞ki
aberekoi	aːbeɾekoi
aberekoi	aβ̞eɾekoi̯
aberetasun	aβ̞eɾet̪as̺ũn
aberetiar	aβ̞eɾet̪iar
aberetu	aβ̞eɾet̪u
aberetzar	aβ̞eɾets̻ar
aberezain	aβ̞eɾaes̺aĩŋ
aberezale	aβ̞eɾes̺ale
aberezale	aβ̞eɾes̻ale
aberezko	aβ̞eɾes̺ko
aberezko	aβ̞eɾes̻ko
aberin	aβ̞eɾem
aberkoi	abeɾkɔi
aberrazio	aβ̞e̞ras̻io̞
aberri	aβ̞eri
aberri-egun	abeɾɾieɣ̞un
aberri-eguna	aberieguna
aberrigabe	aβ̞eriɣ̞aβ̞e
aberriratu	aβ̞eriɾat̪u
abertzale	aːbeɾtsale
abertzale	aβ̞erts̻ale
abertzale	aβ̞eɾt̪sale
abertzalego	aβ̞erts̻aleɣ̞o
abertzalekeria	aβ̞erts̻alekeɾia
abertzalekeria	aβ̞e̞ɾts̺alehe̞ɾia
abertzaletasun	aβ̞erts̻alet̪as̺ũn
abertzaletasun	aβ̞e̞ɾt̪s̺alet̪as̺ul
abertzaletu	aβ̞e̞rts̻ale̞t̪u
abes	aβ̞es
abes	aβ̞es̺
abesbatza	aβ̞e̞z̺β̞ats̻a
abeslari	aβ̞eslaɾi
abeslari	aβ̞ez̺laɾi
abeslaria	abezlaɾia
abestalde	aβ̞es̺t̪al̪d̪e
abestaldi	aβ̞es̺t̪al̪d̪i
abeste	aβ̞es̺t̪e
abesten	aβ̞es̺t̪ẽn
abesti	aβ̞es̺t̪i
abestu	aβ̞es̺t̪u
abestuko	aβ̞es̺t̪uko
abia	aβ̞ia
abiaburu	aβ̞iaβ̞uɾu
abiada	aβ̞iað̞a
abiadan	aβ̞iað̞ãn
abiadura	aβ̞iað̞uɾa
abiagailu	aβ̞iaɣ̞ai̯lu
abiagailu	aβ̞iaɣ̞aʎu
abiagune	aβ̞iaɣ̞une
abialdi	aβ̞ial̪d̪i
abiamen	aβ̞iamẽn
abian	aβ̞iãn
abian	aβ̞jãn̪
abiapuntu	aβ̞iapũn̪t̪o
abiapuntu	aβ̞iapũn̪t̪u
abiarazi	aβ̞iaɾas̺i
abiarazi	aβ̞iaɾas̻i
abiarazle	aβ̞iaɾaz̺le
abiarazle	aβ̞iaɾaz̻le
abiarazteaz	abiaras̻t̪e̞as̺
abiasari	aβ̞ias̺aɾi
abiatu	abjatˈo
abiatu	aβ̞iat̪u
abiatzaile	aβ̞iats̻ai̯le
abiatzaile	aβ̞iats̻aʎe
abiatze	abjatʃe
abiazio	aβ̞ias̻io̞
abidjandar	aβ̞jt̪xãn̪d̪aɾ
abil	aβ̞il
abil	aβ̞iʝ
abildu	aβ̞il̪d̪u
abilezia	aːbɪʎeθi̯a
abilezia	aβ̞ile̞s̻ia
abilidade	aβ̞ilið̞að̞e
abilidade	aβ̞jlilad̪e
abilki	abjlki
abilki	aβ̞ilki
abiltasun	aβ̞il̪t̪as̺ũn
abio	aβio
abio	aβ̞io̞
abioneta	aβ̞io̞ne̞t̪a
abiotiko	abioteko
abisal	aβ̞is̺al
abisatu	aβ̞is̺at̪u
abisu	abisu
abisu	aβ̞is̺u
abitu	aβ̞it̪u
abitu	aβ̞jtu
abixoi	aβ̞iʃoi̯
abizari	abisˌaɾi
abizari	aβ̞is̺aɾi
abizari	aβ̞is̻aɾi
abizen	abiz̺in
abizen	aβ̞is̻ẽ̞n
abkhazera	aβ̞kas̻eɾa
abkhazera	aβ̞xas̺eɾa
abkhazera	aβ̞xas̻eɾa
abkhazia	aβ̞kas̻ia
abkhazia	aβ̞xas̺ia
abkhazia	aβ̞xas̻ia
abkhaziar	aβ̞xas̻iar
abkhaziera	aβ̞kas̻ieɾa
abkhaziera	aβ̞xas̺ieɾa
abkhaziera	aβ̞xas̻ieɾa
ablatibo	aβ̞lat̪iβ̞o
ablazio	ablasio
ablazio	aβ̞las̻io̞
aboatu	aβ̞oat̪u
aboitiz	aβ̞o̞i̯t̪is̻
abokatu	aβ̞o̞kat̪u
abokatuak	abokat̪ua
abokatuk	aβ̞okat̪uk
abokaturik	aβ̞okat̪uɾik
abokatutza	aβ̞okat̪uts̻a
abolitu	aβ̞olit̪u
abolizio	aβ̞o̞lis̻io̞
abolizionismo	aβ̞o̞lis̻io̞niz̺mo̞
abolizionista	aβ̞olis̺ionis̺t̪a
abolizionista	aβ̞olis̻ionis̺t̪a
abonamendu	aβ̞onamẽn̪d̪u
abonatu	aβ̞onat̪u
abondo	abondo
abondo	aβ̞õ̞n̪d̪o̞
abonitu	abonist̪u
abonitu	aβ̞onit̪u
abonu	aβ̞onu
abordatu	aβ̞orð̞at̪u
abordatze	aβ̞orð̞ats̻e
aborigen	aβ̞oɾiɣ̞ẽn
aborin	aβ̞oɾĩn
aborritu	aβ̞orit̪u
abortatu	aβ̞o̞rt̪at̪u
abortatze	aβ̞ort̪ats̻e
abortatze	aβ̞oɾt̪at̪se
abortu	aβ̞o̞rt̪u
abortza	aβ̞orts̻a
abortza	aβ̞oɾt̪a
abots	aβ̞ot̪ɣ̞
abozeta	apos̺e̞t̪a
abrasio	aβ̞ras̺io̞
abrigo	aβ̞riɣ̞o
abrigu	aβ̞riɣ̞u
abrikot	aβ̞rikot̪
abrikotondo	abɾikotˈondo
abrikotondo	aβ̞rikot̪õn̪d̪o
abruska	aβ̞rus̺ka
absente	aβ̞sent̪e
absente	aβ̞s̺ẽn̪t̪e
absentismo	aβ̞s̺ẽ̞n̪t̪iz̺mo̞
absentzia	aβ̞s̺ẽnts̻ia
abside	aβ̞s̺ið̞e
absolbitu	aβ̞s̺o̞lβ̞it̪u
absolutibo	aβ̞s̺o̞lut̪iβ̞o̞
absolutismo	aβ̞s̺olut̪iz̺mo
absolutista	aβ̞s̺o̞lut̪is̺t̪a
absolutu	aβ̞solwt̪u
absolutu	aβ̞s̺olut̪u
absolutuki	aβ̞s̺olut̪uki
absolututasun	aβ̞s̺olut̪ut̪as̺ũn
absoluzio	aβ̞s̺o̞lus̻io̞
absorbatu	aβ̞s̺o̞rβ̞at̪u
absortzio	aβ̞s̺o̞rts̻io̞
abstenitu	aβ̞s̺t̪e̞nit̪u
abstentzio	aβ̞s̺t̪ẽ̞nts̻io̞
abstinentzia	aβ̞s̺t̪inẽ̞nts̻ia
abstinentzia	aβ̞s̺t̪iɲẽ̞nts̻ia
abstraitu	aβ̞s̺t̪rai̯t̪u
abstraktu	aβ̞s̺t̪rakt̪u
abstrakzio	aβ̞s̺t̪raks̺io
abstrakzio	aβ̞s̺t̪raks̻io
absurdo	aβ̞s̺urð̞o
abu	abo
abu	aβ̞u
abundi	aβ̞ũn̪d̪i
abundio	aβ̞ũn̪d̪jo̞
aburna	aβ̞urna
aburu	aβ̞uɾu
aburukide	abɾukið̞e
aburukide	aβ̞uɾukið̞e
aburumenka	aβ̞uɾumeŋka
aburuz	aβ̞uɾus̺
aburuz	aβ̞uɾus̻
abusatu	aβ̞usãt̪u
abusatu	aβ̞us̺at̪u
abusu	aβ̞us̺u
abuztu	abustu
abuztu	aβ̞us̺t̪u
abuztu	aβ̞us̻t̪u
abuztuan	aβ̞ust̪uan
abzesu	aβ̞s̺es̺u
abzesu	aβ̞s̻es̺u
abzisa	aβ̞s̺is̺a
abzisa	aβ̞s̻is̺a
accesit	aks̺es̺it̪
accesit	aks̻es̺it̪
adabaki	að̞aβ̞aki
adabakitu	að̞aβ̞akit̪u
adabatu	að̞abat̪
adabatu	að̞aβ̞at̪u
adabegi	að̞aβ̞eɣ̞i
adabegitsu	að̞aβ̞eɣ̞its̺u
adabegitsu	að̞aβ̞eɣ̞its̻u
adabeso	að̞aβ̞es̺o
adaburu	ad̪eβ̞uɾu
adaburu	að̞aβ̞uɾu
adaburutu	að̞aβ̞uɾut̪u
adagio	að̞asio
adagio	að̞aɣ̞io
adaje	að̞axe
adaje	að̞aʒe
adaka	alð̞aka
adakera	að̞akeɾa
adaki	að̞aki
adakitu	að̞akit̪u
adaptatu	að̞apt̪at̪u
adar	að̞ar
adarbakar	að̞arβ̞akar
adarbakoitz	að̞arβ̞akoi̯ts̻
adarbakoitz	að̞aɾbako̞its̻
adardun	að̞arð̞ũn
adargabe	að̞arɣ̞aβ̞e
adarjotzaile	að̞ardʒots̻aʎe
adarjotzaile	að̞arjots̻aʎe
adarjotzaile	að̞arxots̻aʎe
adarjotzaile	að̞arɟots̻ai̯le
adarjotze	að̞ardʒots̻e
adarjotze	að̞arjots̻e
adarjotze	að̞arxots̻e
adarjotze	að̞arɟots̻e
adarka	að̞arka
adarkada	að̞arkað̞a
adarkadura	að̞arkað̞uɾa
adarkari	að̞arkaɾi
adarkatu	að̞arkat̪u
adarkatu	að̞aɾkat̪o
adarki	að̞arki
adarki	að̞eɾki
adarmotz	að̞armots̻
adaro	að̞aɾo
adarreko	að̞areko
adarrondo	ad̪aɾõn̪d̪o
adarrondo	að̞arõn̪d̪o
adarrondotsu	að̞arõn̪d̪ots̺u
adarrondotsu	að̞arõn̪d̪ots̻u
adartsu	að̞arts̺u
adartsu	að̞arts̻u
adartu	að̞art̪u
adarzabal	að̞ars̺aβ̞al
adarzabal	að̞ars̻aβ̞al
adasdun	ad̪asd̪wn
adasdun	að̞az̺ð̞ũn
adastu	að̞as̺t̪u
adats	að̞ats̺
adats	að̞ats̻
adats	að̞at̪s
adatsa	að̞at̪sʝa
adausi	að̞au̯s̺i
adausika	að̞au̯s̺ika
adaxka	að̞aʃka
adberbial	að̞β̞erβ̞ial
adberbio	að̞β̞e̞rβ̞io̞
adegi	adˈegi
adegi	að̞eɣ̞i
adei	að̞ei̯
adei	að̞eɟ
adeitasun	ad̪e̞jt̪as̺un
adeitasun	að̞ei̯t̪as̺ũn
adeitasunez	að̞ei̯t̪as̺unes̺
adeitasunez	að̞ei̯t̪as̺unes̻
adeitasunez	að̞e̞jt̪as̺une̞s̺
adeitasunezko	að̞ei̯t̪as̺unes̺ko
adeitasunezko	að̞ei̯t̪as̺unes̻ko
adeitsu	að̞ei̯ts̺u
adeitsu	að̞ei̯ts̻u
adeitsuki	að̞ei̯ts̺uki
adeitsuki	að̞ei̯ts̻uki
adelatu	að̞e̞lat̪u
adelazale	að̞e̞las̻ale̞
adelu	að̞elu
adelu	ð̞eˈluː
adendar	aβ̞ẽn̪d̪aɾ
adenina	að̞enina
adenopatia	að̞e̞nopatia
adi	að̞i
adia	ad̪ja
adia	að̞ia
adiabatiko	að̞iaβ̞at̪iko
adiabatiko	að̞iaβ̞at̪ikõ
adiagile	að̞iaɣ̞ile
adiagile	að̞iaɣ̞iʎe
adiaka	að̞iaka
adiakari	ad̪iɐkaɾiː
adiakari	að̞iakaɾi
adiakatu	að̞iakat̪u
adian	að̞iãn
adibide	að̞iβ̞ið̞e
adibidetegi	að̞iβ̞ið̞et̪eɣ̞i
adibidez	að̞iβ̞ið̞es̺
adibidez	að̞iβ̞ið̞es̻
adiera	að̞ieɾa
adierabakar	að̞ieɾaβ̞akar
adierazezin	að̞ieɾas̺es̺ĩn
adierazezin	að̞ieɾas̻es̻ĩn
adierazgarri	að̞ieɾaz̺ɣ̞ari
adierazgarri	að̞ieɾaz̻ɣ̞ari
adierazgarritasun	að̞ieɾaz̺ɣ̞arit̪as̺ũn
adierazgarritasun	að̞ieɾaz̻ɣ̞arit̪as̺ũn
adierazi	að̞ieɾas̺i
adierazi	að̞ieɾas̻i
adierazkaitz	að̞ieɾas̺kai̯ts̻
adierazkaitz	að̞ieɾas̻kai̯ts̻
adierazkizun	að̞ieɾas̺kis̺ũn
adierazkizun	að̞ieɾas̻kis̻ũn
adierazkor	að̞ieɾaeskoɾ
adierazkor	að̞ieɾas̺kor
adierazkor	að̞ieɾas̻kor
adierazkortasun	að̞ieɾas̺kort̪as̺ũn
adierazkortasun	að̞ieɾas̺kɔɾt̪as̺um
adierazkortasun	að̞ieɾas̻kort̪as̺ũn
adierazle	að̞ieɾaz̺le
adierazle	að̞ieɾaz̻le
adierazmolde	að̞ieɾaz̺mol̪d̪e
adierazmolde	að̞ieɾaz̻mol̪d̪e
adierazpen	að̞ieɾas̺pẽn
adierazpen	að̞ieɾas̻pẽn
adierazpenak	að̞ie̞ɾaspẽnak
adierazpide	að̞ieɾas̺pið̞e
adierazpide	að̞ieɾas̻pið̞e
adierazte	að̞ieɾas̺t̪e
adierazte	að̞ieɾas̻t̪e
adierazten	að̞ie̞ɾaz̺ten
adierraz	að̞ieras̺
adierraz	að̞ieras̻
adierraztasun	að̞ieras̺t̪as̺ũn
adierraztasun	að̞ieras̻t̪as̺ũn
adiezin	að̞ies̺ĩn
adiezin	að̞ies̻ĩn
adigabe	að̞iɣ̞aβ̞e
adigabetu	að̞iɣ̞aβ̞et̪u
adigai	að̞iɣ̞ai̯
adigai	að̞iɣ̞aj
adigaitz	að̞iɣ̞ait̪
adigaitz	að̞iɣ̞ai̯ts̻
adigaiztasun	að̞iɣ̞ai̯s̺t̪as̺ũn
adigaiztasun	að̞iɣ̞ai̯s̻t̪as̺ũn
adigalkor	að̞iɣ̞alkor
adigarri	að̞iɣ̞ari
adigarritasun	að̞iɣ̞arit̪as̺ũn
adigogor	að̞iɣ̞oɣ̞or
adiguri	að̞iɣ̞uɾi
adiguritsu	að̞iɣ̞uɾits̺u
adiguritsu	að̞iɣ̞uɾits̻u
adikatu	að̞ikat̪u
adikor	að̞ikor
adikune	að̞ikune̞
adimen	að̞imẽn
adimen	að̞ĩːmẽn
adimendu	að̞imẽn̪d̪u
adimendun	að̞imẽn̪d̪ũn
adimengabe	að̞imeŋgaβ̞e
adimentsu	að̞imẽnts̺u
adimentsu	að̞imẽnts̻u
adin	að̞ĩn
adin	aβ̞in
adina	ad̪inʝa
adinako	að̞jn̪ako
adinbat	ariːmbat
adineko	aviɲeko
adio	adio
adio	aðio
adiskide	að̞is̺kið̞e
adiskidea	að̞iʃkið̞ea
adiskidetasun	að̞is̺kið̞et̪as̺ũn
adiskidetasun	að̞is̻kid̪e̞t̪as̺um
aditasun	að̞it̪ãsũn
aditu	að̞it̪u
aditz	að̞its̻
aditzondo	að̞its̻õn̪d̪o
adizki	að̞is̺ki
adizki	að̞is̻ki
adizkitegi	að̞is̺kit̪eɣ̞i
adizkitegi	að̞is̻kit̪eɣ̞i
adjuntu	atxuntu
administratzaile	að̞minis̺t̪rats̻ai̯le
administratzaile	að̞minis̺t̪rats̻aʎe
adolba	að̞o̞lβ̞a
adore	að̞oɾe
adore	aɣoɾe
ados	ad̪os
ados	að̞os̺
adoste	að̞os̺t̪e
adosten	að̞os̺t̪ẽn
adostu	að̞os̺t̪u
adostuko	að̞os̺t̪uko
adreilu	að̞rei̯lu
adreilu	að̞reʎu
adrenalina	adɾˌenalˈina
adrendu	að̞ɾẽn̪t̪d̪u
aduana	að̞uaːnɐ
adulteriogile	að̞ult̪eɾiɦoɣ̞ʎe
aerobik	aeɾoβ̞ik
aerobiko	ae̞ɾo̞β̞iko̞
aerobio	aeɾoβ̞io
aerodinamika	aeɾoð̞inamika
aerodinamika	aeɾoð̞inmika
aerodinamiko	aeɾoð̞inamiko
aerodromo	aeɾoð̞romo
aerodromo	ˌaeɾˈoðɾˌomo
aeroespazial	ae̞ɾo̞e̞s̺pas̻ial
aeroklub	ae̞ɾo̞kluβ̞
aerolabaingailu	aeɾolaβ̞ai̯ŋgai̯lu
aerolabaingailu	aeɾolaβ̞ai̯ŋgaʎu
aerolito	aeɾolit̪o
aerometro	aeɾomet̪ro
aeromodelismo	aeɾomoð̞eliz̺mo
aeronauta	aeɾonau̯t̪a
aeronautika	aeɾonau̯t̪ika
aeronautiko	aeɾonau̯t̪iko
aeroplano	aeɾoplano
aerosol	aeɾos̺ol
aerosorgailu	ae̞ɾo̞s̺o̞rɣ̞ai̯lu
aerosorgailu	ae̞ɾo̞s̺o̞rɣ̞aʎu
aerostatika	aeɾos̺t̪at̪ika
aerostato	aeɾos̺t̪at̪o
afaitatu	afai̯t̪at̪u
afalaitzin	afalai̯ts̻ĩn
afalaurre	afalau̯re
afaldu	afal̪d̪u
afaloste	afaloste
afari	afaɾe
afari	afaɾi
afariketa	afaɾiket̪a
afera	afˈeɾa
aferente	afˈerˈɛnte
afganistan	afɣ̞anis̺t̪ãn
afganistandar	afɣ̞anis̺t̪ãn̪d̪ar
afganistanek	afɣ̞anis̺t̪anek
afixa	afis̺a
afoinu	afojnɛ
afrikaerditar	afɾikaaeɾð̞it̪aɾ
afrikar	afɾikaɾ
afrikar	fɾikaɾ
afrodisiako	afroð̞isiako
afrodita	afroðit̪a
afusilatu	afuzilatu
afusilatuko	afuz̺iɾat̪uko
agate	aɣ̞at̪e̞
agente	aɣ̞ɛnte
agergarri	aːgeɾgaɾi
ageri	aːgeːɾiː
ageriko	aɣ̞eɾiko
ageriko	aːgeɾiko
agerketa	agərke̞t̪a
agerkunde	aɣ̞erkũn̪d̪e
agerpen	aɣerpen
agertoki	aɣeɾtoki
agertoki	aɣ̞ert̪oki
agertu	aɣ̞ert̪u
agian	aɣ̞ian
agidanez	aɣ̞ið̞anef
aginagatarra	aginaɣ̞at̪ara
aginpide	aɣ̞ĩmpið̞e
aginte-makila	aɣ̞ĩnt̪emakila
aginteera	agɪnˈteˈeɾa
agiri	aɣiɾi
agirre	aɣiɾɾe
agirre	aɣ̞ire̞
agitatu	axit̪at̪u
aglomerazio	aglomeɾasio
agoitz	aɣ̞oi̯ts̻
agondu	aɣ̞õn̪d̪u
agonia	aɣ̞ɔn̪ia
agor	aɣ̞or
agorril	aɣ̞oril
agortu	aɣ̞ort̪u
agote	aɣotˈe
agresibo	aɣ̞ɾesziβ̞o
agur	aɣ̞ur
agure	aɣ̞uɾe
agurgarria	aŋuɾgaɾɾia
agurrak	ãɣ̞uɾrak
agurtu	amurtu
agurtzane	aɣ̞uɾt̪s̺anef
ahabia	ahaβ̞ia
ahabia	arabia
ahabia	aβ̞ia
ahai	ãh̃ãĩ
ahal	ahal
ahal	al
ahaldun	ahal̪d̪ũn
ahaldun	al̪d̪ũn
ahalke	ahalke
ahalke	alke
ahari	ahaɾi
ahari	aɾi
ahate	ahat̪e
ahate	at̪e
ahate	ãh̃ãte
ahatebeltz	ahat̪eβ̞elts̻
ahatebeltz	at̪eβ̞elts̻
ahateki	ahat̪eki
ahateki	at̪eki
ahatekume	ahat̪ekume
ahatekume	at̪ekume
ahatettipi	ahat̪ecipi
ahatettipi	at̪ecipi
ahatetxo	at̪e̞tʃo̞
ahatetxo	aɦat̪e̞tʃo̞
ahatz	ahats̻
ahatz	ats̻
ahazte	ahas̻t̪e
ahazte	as̺t̪e
ahazte	as̻t̪e
ahazten	ahas̻t̪ẽn
ahazten	as̺t̪ẽn
ahazten	as̻t̪ẽn
ahaztu	ahas̻t̪u
ahaztu	as̺t̪u
ahaztu	as̻t̪u
ahaztuko	ahas̻t̪uko
ahaztuko	as̺t̪uko
ahaztuko	as̻t̪uko
ahizpa	ai̯s̻pa
ahizpa	aɦis̻pa
aho	ao̞
aho	aɦo̞
ahobero	ahoβ̞eɾo
ahobero	aoβ̞eɾo
ahokatu	aokatu
aholkulari	aolkulaɾi
ahozkotasun	aos̺kot̪as̺un
ahul	ahul
ahul	au̯l
ahulaldi	aulalð̞i
ahuldu	ahul̪d̪u
ahuldu	au̯l̪d̪u
ahuleria	au̯leɾia
ahuntz	aɦũnts̻
ahuntz	ãũ̯nts̻
ahurkada	auɾkað̞a
ai	ˈaɪ
aia	aja
aiako	aiako
aiara	ajɛɾa
aider	ajð̞eɾ
aidur	ai̯ð̞uːr
aieka	aiakˈa
aienatu	aiɛnat̪u
aihen	ai̯ɦẽ̞n
aihen	ai̯ẽ̞n
aiherkunde	ai̯erkũn̪d̪e
aiherkunde	ai̯herkũn̪d̪e
aihotz	ajots̻
aina	aɲːa
ainara	ai̯naɾa
ainara	ajnaɾa
ainarba	ai̯narβ̞a
ainarba	aɲarβ̞a
aingeru	ãĩ̯ŋge̞ɾu
aingira	ãĩ̯ŋgiɾa
aingura	ai̯ŋguɾa
ainhoa	ai̯no̞a
ainhoa	ajɲoa
aintxintxika	antʃiːntʃika
aintzaka	ai̯nʲtsaka
aintzane	ai̯nt̪ane
aintzane	ãĩ̯nts̻ane̞
aintzira	ãĩ̯nts̻iɾa
aipa	aipa
aipatu	aipatʊ
aipatutako	ai̯t̪at̪utako
airatu	aiɾatʊ
aire	aiɾeɾ
aire	ai̯ɾe̞
airea	aiɾea
airea	ajre
aireportu	ai̯ɾeport̪u
aireportu	ai̯ɾepõɾt̪u
aireportua	aiɾepɔɾtua
aireratu	aiɾeɾatʊ
aireratu	ai̯ɾeɾat̪u
aise	ai̯s̺e̞
aise	ajse
aisia	aiɣ̞sia
aita	ai̯t̪a
aita	ajta
aitaginarreba	ai̯t̪aɣ̞inareβ̞a
aitaginarreba	ai̯t̪aɣ̞iɲareβ̞a
aitaginarreba	ãĩ̯t̪aɣ̞ĩn̪arẽba
aitaginarrebakide	ai̯t̪aɣ̞inareβ̞akið̞e
aitaginarrebakide	ai̯t̪aɣ̞iɲareβ̞akið̞e
aitagurea	ai̯t̪aɣ̞oɾea
aitaita	aɪtaita
aitaorde	ai̯t̪aorð̞e
aitatasun	ai̯t̪at̪as̺ũn
aitatxi	ai̯t̪atʃi
aitatxo	ajtaʃo
aitita-amama	ai̯t̪itamama
aitona	ai̯t̪ona
aitona	aɣ̞t̪ona
aitona-amona	ajtonaamona
aitonak	ajt̪onak
aitor	ai̯t̪o̞r
aitzi	ajtʃj
aitzur	ai̯ts̻ur
aitzur	ajt̪uɾ
aitzurtu	ai̯d̪z̺uɾt̪u
aixkol	ajʃkol
aizarna	ajtsarna
aizkolari	ai̯s̺kolaɾi
aizkolari	ai̯s̺kɾlaɾi
aizkolari	ai̯s̻kolaɾi
aizkora	ai̯s̺koɾa
aizkora	ai̯s̻koɾa
aizolbe	ajsolbe
aizpa	ajspa
aizto	aisto
aizto	ai̯s̺t̪o
aizto	ai̯s̻t̪o
aizu	ai̯s̺u
aizu	ai̯s̻u
aizun	ajswn
akabatu	akaβ̞at̪o
akabatu	akaβ̞at̪u
akain	akãĩ̯n
akaroak	akaroak
akbar	akbaɾ
akelarre	akelaɾe
akelarre	ake̞lare̞
aker	ake̞r
akerra	akest̪ɾa
akets	akest̪s
akitania	akit̪enja
akize	akˈise
akorde	akˈoɾðe
akordeoi	ako̞rð̞e̞o̞i̯
akrobata	akro̞β̞at̪a
aktiba	akt̪iβ̞a
aktibatu	akt̪iβ̞at̪u
aktibatuko	akt̪iβ̞at̪uko
aktibatze	akt̪iβ̞ats̻e
aktibatzen	akt̪iβ̞ats̻ẽn
aktore	aktorɪ
aktore	akt̪o̞ɾe̞
aktuazio	aktwakio
akuarioa	akwaːriː˧ua
akuilu	akuʝu
akura	akuɾa
akuratu	akuɾat̪u
akutua	akutua
akziodun	akkiod̪wn
al	al
ala	ala
ala	alaː
alaba	alaβ̞a
alabaina	alabãn̪ʝa
alabek	alabek
alai	alai̯
alai	alaj
alain	alain
alain	alajn
alarde	alaɾðe
alargun	laɾɣ̞un
alargundu	alaɾɣ̞oũnd̪u
alatu	alatɔ
alauda	alau̯d̪a
alazne	alasne
albaitari	alβ̞ai̯t̪aɾi
albaitari	alβ̞ajt̪aɾi
albania	alβ̞ania
albaniar	alβ̞aniar
albaniera	alβ̞anieɾa
albarikoke	alβ̞aɾikoke
albiste	albiste
albistegi	albis̺t̪eɣ̞
albo	albo
alboratu	alβ̞oɾat̪o
alborengo	alβ̞oɾɪŋgo
alboroke	alβ̞oɾoke
alda	al̪d̪a
aldabera	al̪d̪abeɾa
aldaera	alðaeɾa
aldaketa	al̪d̪aket̪a
aldamio	ald̪aɾmjo
aldapa	alapa
aldapa	al̪d̪apa
aldare	al̪d̪aɾe
aldarri	ald̪ari
aldarrikapen	al̪d̪aɾikapẽn
aldarrikari	ãn̪d̪aɾɾikaɾi
aldarrikatzea	al̪d̪e̞rɾikat̪s̺e̞a
aldarrikatzeko	alð̞aɾɾikat̪s̻e̞ko
aldarte	alðaɾt̪e
aldatu	al̪d̪at̪u
aldatuko	al̪d̪at̪uko
aldatze	al̪d̪ats̻e
aldatzen	al̪d̪ats̻ẽn
alde	alðe
alde	al̪d̪e
aldera	ald̪oɾa
alderaketa	alð̞eeɾaket̪a
alderatu	al̪d̪eɾat̪
alderatuko	al̪d̪eɾat̪uko
alderdi	al̪d̪eɾð̞i
aldetik	al̪d̪et̪ik
aldeztu	al̪d̪e̞s̻t̪u
aldi	alɾi
aldiri	ald̪iɾɟʝ
aldiro	alðiɾo
aldizkari	al̪d̪is̻kaɾi
ale	ale
alegoria	alɣ̞oɾia
aleman	ale̞mãn
alemanera	alemaneɾa
alemania	alemania
alemania	alemaniˈa
alemaniar	ale̞maniar
alergia	alɛɾɣ̞ia
aletegi	alet̪eɣ̞i
aletegi	alɛteɣ̞i
aletzen	aletsˈen
alfertu	alfɛrtu
alfonbra	alfomβ̞ɾ
alga	alɣ̞a
algara	alɣ̞anã
algara	alɣ̞aɾa
algebra	alɣ̞ẽbre
alha	alla
alienatu	alie̞nat̪u
aliketa	alike̞t̪a
aliota	alio̞ta
alisar	alizsaɾ
aljeria	alxeɾia
aljeria	alɣ̞eɾia
aljeria	alʒeɾia
alka	alke
alkandora	alkal̪d̪oɾa
alkandora	alkãn̪d̪oɾa
alkandorak	alkãn̪d̪o̞ɾak
alkandorek	alkãn̪d̪o̞ɾe̞k
alkate	akate
alkate	alkat̪e̞
alkatea	alkal̪t̪ea
alkatetza	alkal̪t̪et̪s̺a
alkohol	alko̞l
alkohol	alko̞ɦo̞l
alkohola	alko̞la
alkohola	alko̞ɦo̞la
alkoholan	alko̞lãn
alkoholan	alko̞ɦo̞lãn
alkoholen	alko̞lẽ̞n
alkoholen	alko̞ɦo̞lẽ̞n
alkoholi	alko̞li
alkoholi	alko̞ɦo̞li
alkoholik	alkoholik
alkoholik	alkolik
alkotz	alkot̪s
almadia	almað̞ja
almandotz	almãnð̞otʃ
almidoi	almiðoi
alokatu	alokat̪u
alor	alˈoɾ
alorra	alora
alpinista	alpinist̪a
alproja	alpɾoθa
alta	al̪t̪a
alto	alˈtˈo
altsasu	alts̺as̺u
altsasu	alts̻as̺u
altu	al̪t̪u
altxaprima	alʲtʃaprima
altxari	altʃaɾe
altxatu	alʲtʃat̪u
altxoin	alʲtʃõ̞ĩ̯n
altxor	alʲtʃo̞r
altzaga	alts̻aɣ̞a
altzagarate	altsaɣ̞aɾat̪e
altzairatu	alt̪s̺ai̯ɾat̪o
altzairua	alt̪saiɾua
altzari	al̪t̪s̺aɾi
altzibar	als̺iβ̞aɾ
altzola	altsola
alu	alˌo
alua	alˈuːɑ
aluita	alujta
aluminio	aluminio
alzola	alsola
ama	ama
amaginarreba	amaɣ̞inareβ̞a
amaginarreba	amaɣ̞iɲareβ̞a
amaginarrebakide	amaɣ̞inareβ̞akið̞e
amaginarrebakide	amaɣ̞iɲareβ̞akið̞e
amaginarrebakide	amaɣ̞ĩn̪arẽβ̞akid̪e
amai	amai̯
amaia	amai̯a
amaia	amˈaɪa
amaiera	amai̯eɾa
amaigabe	amaãɣ̞aβ̞e
amaitu	amai̯t̪u
amaitu	amˈajtu
amaiur	amaɟʝwɾ
amak	amak
amama	amama
amankomun	lamankomũn
amara	amaɾa
amaraun	amaɾaũn
amaraun	amaɾãũ̯n
amari	ãmaɾi
amaroz	amaɾo
amarru	amaru
amasa	amasa
amatasun	amat̪as̺ũn
amatatu	amat̪at̪u
amatista	amatist̪a
amatxi	amati
amatzako	amatsako
amerikano	ame̞ɾikano̞
amerikar	ˌɑmeɾikˈaɾ
amesgaizto	amez̺ɣ̞ai̯s̺t̪o
amesgaizto	amez̺ɣ̞ai̯s̻t̪o
amestu	amestu
amestu	ame̞s̺t̪u
amets	amets
amets	ame̞ts̺
ametz	amets̻
amhara	amaɾa
amiamoko	aːmiːeˈmoko
amildegia	amildeɣ̞ia
amildu	amil̪d̪u
amiltoki	amiltokin
amiltxori	amil̪t̪ʃoɾi
amodio	amodio
amodio	amoð̞io
amona	amona
amore	amoɾe
amorebieta	amorebʲeta
amoros	amoɾos
amorratu	amorat̪u
amorratu	amoɾat̪u
amorru	amoɾɾo
ana	ana
anabasa	anaβ̞assa
anabasa	anaβ̞as̺a
anagrama	anaɣ̞rama
anai	ɦanai
anaia	anai̯a
anaia	anaja
anaia	anaʝa
anaitasun	anait̪asũn
analfabeto	anaːlxaβ̞et̪o
analisi	anaːlisei
anana	anana
anatomia	anat̪omja
anbo	tambo
anbulantzia	ambulantsia
anbulatorio	ambulatorio
andaia	ãn̪d̪ai̯a
andaluzia	ãn̪d̪alus̻ia
andana	andana
andeatu	ãn̪d̪e̞at̪u
ander	ãn̪d̪e̞r
andere	anðeɾe
andere	ãn̪d̪eɾe
andereño	ãn̪d̪eɾeɲo
andereñoa	anð̞eɾeɲoa
andesita	ãn̪d̪e̞s̺it̪a
andoain	anðoain
andoain	ãn̪d̪oãĩ̯n
andorra	ãn̪d̪ora
andorratar	ãn̪d̪o̞rat̪ar
andorratarra	ãn̪d̪o̞rat̪ara
andorratarrak	ãn̪d̪o̞rat̪arak
andorratarraren	ãn̪d̪o̞rat̪araɾẽ̞n
andorratarrari	ãn̪d̪o̞rat̪araɾi
andorratarrei	ãn̪d̪o̞rat̪are̞i
andorratarrek	ãn̪d̪o̞rat̪are̞k
andorratarren	ãn̪d̪o̞rat̪arẽ̞n
andorratarri	ãn̪d̪o̞rat̪ari
andra	andra
andre	andre
andre	ãn̪d̪re
andrea	ãn̪d̪ɾeã
andregai	ãn̪d̪reɣ̞ai̯
andregai	ãn̪d̪ɾegaj
anei	aneʝ
anen	anen
anfiteatro	ɑnfiteatro
angelo	angelo
angelu	aŋgelu
angola	aŋgola
angurri	aŋguri
angurri	aŋguɾi
ani	ani
anima	anima
animali	animali
animalia	animalia
animaliak	ãn̪imaliat̪
animatu	animatˈo
animatu	animatˈu
animatu	animat̪u
animaturik	anʲiːmaːtuːriːk
anime	anime
anintz	anint
anizkun	ãniskun
aniztasuna	anist̪as̺una
anker	ãŋke̞r
anker	ẽmkeɾ
anoeta	ano̞e̞t̪a
anonimo	anonimo
anpolai	ampolai
antartika	ãn̪t̪art̪ika
antibiotiko	ant̪ibjt̪ikõ
antigorputz	ant̪iɣ̞oɾput̪z
antigua	ãn̪t̪iɣ̞wa
antiheroi	ãn̪t̪ieɾoi̯
antiheroi	ãn̪t̪iheɾoi̯
antimikrobiar	ãn̪t̪imikro̞β̞iar
antisemita	ant̪is̺e̞mit̪a
antizikloi	antiszikloi
antolakunde	ãn̪t̪olakũn̪d̪e
antolakuntza	antˈolakˈumˈtˈsˈa
antolatu	ent̪olat̪u
antropologia	ant̪ropoloɣ̞ja
antropologia	ant̪ɾopoloɣ̞ja
antropologia	ãn̪t̪ropoloɣ̞ia
antropologo	antropoloɣo
antsa	antʃa
antsietate	ant̪sietat̪e
antso	antʃo
antsoain	ãnts̺oãĩ̯n
antsoain	ãnts̻oãĩ̯n
antton	ãnʲtʃõ̞n
antton	ãɲcõ̞n
antxeta	ãnʲtʃe̞t̪a
antxieta	ãnʲtʃje̞t̪a
antxintxiketa	antʃiŋtʃikeːta
antxoa	antʃo
antxoa	antʃoːa
antxoa	ãnʲtʃoa
antxumatu	ant̪s̺umat̪u
antz	ant
antza	antsa
antzara	ãnts̻aɾa
antzeko	ant̪s̺ɛko̞
antzekotasun	ant̪s̺ẽko̞t̪as̺um
antzematen	ant̪s̺ẽnat̪en
antzerako	antseɾakˈo
antzeratu	ãnts̻e̞ɾat̪u
antzerkigintza	ant̪s̺erkʲiɣ̞ĩn̪t̪s̻a
antzezlea	ant̪s̻es̺lia
antzina	antsiɲa
antzinaera	ants̺jnjeɾa
antzinako	antsiɲako
antzinate	ant̪s̺ĩn̪ʝate
antzoki	antsoki
antzokia	antsokia
apaindegi	apaiːnˈdegi
apaiz	apais
apaiz	apai̯s̺
apaiz	apai̯s̻
apaiz	apajf
apaizgai	apai̯z̺ɣ̞ai̯
apaizgai	apai̯z̻ɣ̞ai̯
apaizgaitegi	apaes̺gai̯t̪eɣ̞i
apal	apal
apala	apala
apaladar	lapalað̞aɾ
apalategi	apalat̪eɣ̞uj
apaldu	apal̪d̪u
apaletsi	apalet̪i
apalki	apelki
apalkiro	apalkoi̯ɾo
apar	apar
apar	ãpaɾt̪
aparatu	apaɾat̪o
aparatua	apaɾat̪ua
aparra	apara
apartatu	apaɾt̪at̪um
aparteko	apartiko
apelazio	apelasio
apenas	apenas
apeo	apːel
apez	apes̺
apez	apes̻
apezpiku	ape̞s̻piku
apika	apikɐ̃
apiril	apiɾil
apit	aˈpˈit
apo	apo̞
aporofobia	apoɾofoβ̞ia
apostu	apostu
apostura	apost̪uɾa
apreta	aprɛta
aprobetxategi	apro̞β̞e̞tʃat̪e̞ɣ̞i
apropos	apropos
apuntatu	apuntato
ara	aɾa
araba	aɾaβ̞a
araban	aɾavan
arabazozo	aɾaβas̺o̞s̺o̞
arabera	aɾaβ̞e̞ɾa
arabiera	aɾaβ̞ie̞ɾa
arabisagar	aɾaβ̞is̺aɣ̞ar
aragoiera	aɾaɣ̞oi̯eɾa
aragonito	aɾaɣ̞oŋjtʊ
arakil	aɾakjʝ
aralar	aɾaːl̪a
araldi	aɾal̪d̪i
arameo	ˈaɾamew
aramitze	aramitʃe
aramu	aɾamu
aran	aɾãn
aranatz	aɾanˈaːts
aranbizkar	aɾanβ̞iskaɾ
aranburu	aɾãmbuɾu
araneder	aɾanð̞eɾ
arangoiti	aɾaŋgoiti
aranibar	aɾaniβ̞eɾ
aranondo	aɾanõn̪d̪o
arantxa	aɾãn̪t̪xa
arantxatxu	aɾaŋt̪ʃat̪s̺u
arantzazu	aɾãnts̻as̺u
arantzazu	aɾãnts̻as̻u
aranzabal	aɾansaβ̞al
arasa	aɾaːsa
aratxe	aɾat̪ɣ̞e
arau	aɾau̯
araua	aɾəua
araudi	aɾauljː
arazeria	aɾaseɾia
arazi	aɾasi
arazi	aɾas̻i
araziko	aɾasiko
arazo	aɾaθo
arazoaren	aɾaz̺o̞aɾen
araztu	aɾastu
arbastatu	aɾβ̞ast̪at̪u
arbazta	aɾβ̞ast̪a
arbelaitz	aɾbelaʝʊ̯t̪
arbendol	aɾbẽn̪d̪ol
arbendolondo	aɾβ̞ẽn̪t̪olõn̪d̪o
arbisoro	aɾβ̞isoɾo
arbitan	aɾβ̞jt̪an
arbizu	arβ̞iz̺ul
arbola	arβ̞o̞la
arbona	arβ̞ona
arbuiatu	arbuiatʊ
arbuio	aɾβ̞uʝo
ardantza	aɾtãn̪t̪s̺a
ardi	arð̞i
ardia	aɾðia
ardiesne	aɾð̞iesne
ardo	arðo
ardo	arð̞o
ardoa	aɾð̞ua
ardoztatu	aɾð̞os̺at̪u
ardura	arð̞uɾa
arduradun	aɾð̞uɾad̪wn
arduraduna	ãd̪uɾad̪una
arduragabekeria	aɾð̞uɾaɣ̞aβ̞e̞keɾia
arduratu	arð̞uɾat̪u
arduratu	həɾd̪uɾat̪u
are	aɾe
arean	aɾãn
arellano	aɾeʎano
arena	ãɾena
arerio	aɾɛɾio
aresti	aɾest̪i
aretoek	ãɾet̪oẽk
argazki	arɣ̞as̺ki
argazki	arɣ̞as̻ki
argazkigintza	arɣ̞as̺kiɣ̞ĩnts̻a
argazkigintza	arɣ̞as̻kiɣ̞ĩnts̻a
argazkilari	arɣ̞as̺kilaɾi
argazkilari	arɣ̞as̻kilaɾi
argazkilaritza	arɣ̞as̺kilaɾits̻a
argazkilaritza	arɣ̞as̻kilaɾits̻a
argi	arɣ̞i
argi-indar	arɣ̞iĩn̪d̪aɾ
argi-iturri	aɾɣ̞uit̪uɾɾi
argi-txinta	arɣ̞itʃĩn̪t̪a
argia	aɾˈgja
argigarri	argigari
argiketari	arɣ̞ike̞t̪aɾi
argikor	arˈɣikˈor
argipen	alɣ̞ipẽn
argiro	aɾɣiɾo
argitaratzeko	arɣ̞it̪aɾat̪s̻e̞ko
argitsu	arɣ̞its̺u
argitsu	arɣ̞its̻u
argiñarena	arɣ̞ĩn̪aɾena
argona	faɾɣ̞ona
argudiatu	aɾɣ̞oð̞iat̪u
ari	aɾi
ari	a˥˩li˨˩˦
aria	aɾiːa
ariketa	ɦaɾiketa
arima	aɾima
arima	aɾimãn̪
arin	aɾiŋ
arin	aɾĩn
arinak	aɾinak
arindu	aɾiŋdˈu
arineketa	alĩŋẽke̞t̪a
aristi	aɾɪs̺ti
aristondo	aɾist̪o̞nð̞o
aristotele	aɾis̺t̪o̞t̪e̞le̞
aritu	aɾitˈu
arituko	alituko
arituko	aɾituko
aritz	aɾits̻
aritze	aritse
arizkun	aɾizkun
ariztizabal	aɾiʃt̪is̺aβ̞al
arkatz	aɾkats
arkitekto	arkit̪ekt̪o
arkitektura	aɾkjt̪ekt̪wɾa
arku	arku
arkuak	aɾkwak
arkugainera	aɾkwɣ̞ãĩ̯neɾa
arkume	arkume
arkupe	arkupe
arkupe	arkupɛ
arkuraize	akuɾais̺e
arloko	aɾloko
arlote	irlot̪e
arluzea	arlusea
arma	arma
armadore	aɾmað̞ole
armadura	aɾmad̪wɾa
armagin	aɾmaɣ̞uin
armairu	armai̯ɾu
armategi	aɾmat̪eɣ̞ui
armatu	aɾmatʊ
armek	aɾmẽk
armenia	armenia
armeniar	arme̞niar
armeniera	armenieɾa
armiarma	armiarma
armiarma	aɾmijɑɾma
armintza	aɾmjnts̻a
arnaldo	aɾnal̪d̪o
arnasa	aɾnasa
arnasgora	aɾnazɣ̞oɾa
arnasgune	aɾnas̺guneɾ
arnegu	arneɣ̞u
arno	aɾno
aro	aɾo
aro	aɾɔ
arotz	aɾots̻
arotzaenea	aɾotsaenea
arotzaren	aɾots̻aɾe̞n
aroztegi	aɾos̺t̪eɣ̞i
aroztegi	aɾos̻t̪eɣ̞i
arpilaketa	aɾpʎlake̞t̪a
arpilatu	aɾpiʎatu
arpoi	arpoi̯
arra	ara
arra	aɾɾa
arrabol	araβ̞ol
arrada	arad̪a
arraia	aɾɾeia
arrail	arail
arraildu	aɾɾaiɛlðu
arrain	arãĩ̯n
arrakalatu	aːrakalat̪u
arrangoitze	araŋgoi̯ts̻e
arrano	arano
arranotegi	aranot̪eɣ̞i
arrantza	aɾɾantsa
arrantzale	arãnts̻ale
arrantzatu	arrant̪s̻at̪o
arrapala	arapa'la
arraro	araɾo
arrasate	aras̺at̪e
arrasate	aɾɾasate
arrastatu	aras̺t̪at̪u
arrate	aɾɾat̪e
arratoi	arat̪o̞i̯
arratzua-ubarrundia	arɾat̪s̺uaubaɾɦund̪ia
arraun	arãũ̯n
arrautza	arau̯ts̻a
arrautzari	araut̪s̺aɾi
arrautzopil	arau̯ts̻opil
arraza	aras̺a
arraza	aras̻a
arrazoi	aras̺oi̯
arrazoi	aras̻oi̯
arre	are
arreba	are̞β̞a
arreba	areβ̞a
arrega	areɣ̞a
arregi	aɾɾeɣ̞wi
arrek	arɾek
arren	arẽn
arreta	arɾet̪a
arriaran	ariaɾan
arribe	ariβ̞e
arrieta	ariet̪a
arrigorriaga	ariɣ̞o̞riaɣ̞a
arriskatu	aris̺kat̪u
arrisku	aris̺ku
arriskutsu	aris̺kuts̺u
arriskutsu	aris̺kuts̻u
arroa	aroa
arroa	aɾɾoa
arroda	aro̞ð̞a
arropa	aropa
arropa	aro̞pa
arrosa	aro̞s̺a
arrotz	arots̻
arroz	aros̺
arroz	aros̻
arroza	aɾɾˈosa
arruabarrena	arwaβ̞aɾɾẽn̪a
arruitz	aɾɾuit̪
arrunt	arũn̪t̪
arrunt	aˈrunt̪
arrunta	aɾɾut̪a
artaburu	art̪aβ̞uɾu
artadi	aɾt̪eð̞i
artakuso	art̪akuso
artatse	aɾt̪at̪se
artazuriketa	art̪as̺uɾike̞t̪a
arte	art̪e
arte	ərt̪e
artea	artea
artean	art̪eaŋ
artean	aɾt̪eaŋ
artegi	aɾt̪e̞ɣ̞i
arteka	aɾtẽkan
artekari	aɾt̪ekaɾiː
artekatu	art̪ekat̪um
arteko	art̪eko
artelatz	art̪e̞lats̻
arteria	art̪eɾja
artez	aɾt̪es
artezale	aɾt̪es̺t̪ale
artezilari	aɾt̪es̺iʝaɾi
artezkar	aɾt̪eskaɾ
artezketa	art̪es̺ke̞t̪a
artifizial	art̪ifis̺ial
artifizial	art̪ifis̻ial
artifizial	aɾt̪ifjkial
artikulu	aɾtikulu
artile	art̪ile
artile	art̪iʎe
artile	aɾtjʝe
artillari	art̪iʎaɾi
artisau	art̪is̺au̯
artisau	aɾtjsau
artisauaren	aɾt̪is̺auaɾẽ̞n
artisauen	aɾt̪is̻aau̯en
artisautza	aɾt̪is̺e̞w̪ts̻a
artista	art̪is̺t̪a
artista	aɾt̪ist̪a
artizar	art̪is̻ar
artizarra	art̪is̻ara
artizki	artsistki
arto	artɔ
arto	art̪o̞
artseniko	arts̺e̞niko̞
artsenikoa	aɾt̪ɣ̞ẽn̪ikoa
artxibategia	aɾt̪siβ̞at̪eɣ̞ia
artxibo	aɾtʃiβo
artxipelago	artʃipelaɣ̞o
artzain	artsãĩ̯n
artzain	arts̻ãĩ̯n
artziniega	arts̻iːniːe̞ɣ̞a
asaba	as̺aβ̞a
asaldatu	as̺al̪d̪at̪u
asaskatu	as̺as̻kat̪o
ase	ase
asebete	asebete
aseguru	aseɣ̞wɾu
asia	as̺iɑ
asiaganbaria	as̺iaɣ̞ãnbaɾia
asimilatu	assimilatu
aska	azka
askari	askaɾi
askatasun	as̺kat̪as̺ũn
askatasunaren	askat̪as̺unaɾen
askatu	as̺kat̪u
aske	as̺ke̞
askea	askea
aski	as̺ki
asko	as̺ko̞
asko	aʃko
asmakari	azmakaɾi
asmatiko	asmat̪iko
asmatu	az̺mat̪u
asmo	az̺mo̞
aspergarria	aspeɾɣ̞aɾɾia
asperkunde	as̺perkũn̪d̪e
aspertu	as̺pert̪u
aspertuta	as̺pert̪ut̪a
aste	as̺t̪e̞
astearte	as̺t̪e̞art̪e̞
asteartea	as̺t̪e̞aɾt̪ea
asteartean	as̺t̪e̞aɾt̪eaŋ
asteazken	as̺t̪e̞as̻kẽ̞n
asteazkena	as̺t̪e̞as̻kẽna
asteazkenean	as̻t̪e̞as̻kẽne̞an
asteburu	as̺t̪e̞β̞uɾu
asteburu	aʃt̪eβ̞uɾu
asteburuko	as̻t̪e̞β̞uɾukõ
astelehen	as̺t̪e̞le̞ɦẽ̞n
astelehen	as̺t̪e̞lẽ̞n
aster	astˈeɾ
astero	ast̪eɾo
astero	as̺t̪eɾo
asteroide	as̺t̪eɾoi̯ð̞e
asti	asti
astigarreta	as̻t̪iɣ̞aret̪a
astindu	as̺t̪ĩn̪d̪u
astiro	astiɾo
astiro	ast̪iɾo
asto	as̺t̪o̞
astoa	astoa
astronomia	astronomia
astronomia	as̺t̪ronomia
astronomo	ast̪ɾonomo
astun	ast̪wn
asturiera	as̺t̪uɾie̞ɾa
asun	as̺ũn
asuna	asowna
at	at
at	atˈa
ataka	atːaka
atal	ʔatəl
atalarra	at̪alara
atari	at̪aɾi
atari	at̪aɾj
atariko	at̪aɾiko̞
ataun	aːt̪aũn
ate	atɛ
ate	at̪e
atea	atː˕a
atea	ãtea
ateak	at̪eak
ateaurreko	at̪eauriko
atena	at̪e̞na
atentatu	atentat̪o
atentzio	atentsio
atera	at̪eɾa
ateraldi	at̪e̞ɾaald̪i
aterki	atɛrki
aterpe	at̪erpe
atetz	atets
atlas	at̪las
atleta	ãt̪let̪a
atletismo	atletiʃmo
atmosfera	at̪mosfeɾa
atoan	atʊan
atoi	at̪o̞i̯
atondu	at̪õn̪d̪u
atorra	at̪ora
atsedenaldi	atʃeð̞ẽn̪ald̪i
atsegingarri	atʃeɣ̞iŋɣ̞arɾi
atsekabe	atʃekaˈbe
atso	ats̺o
atso	ats̻o
atso	atʃo
atsoa	atʃoa
atsokeria	ats̺okeɾia
atsokeria	ats̻okeɾia
atsotitz	ats̺ot̪its̻
atsotitz	ats̻ot̪its̻
atsotitza	ats̺ot̪its̻a
atsotitza	ats̻ot̪its̻a
atsotitzik	ats̺ot̪its̻ik
atsotitzik	ats̻ot̪its̻ik
atsotizlari	ats̺ot̪iz̻laɾi
atsotizlari	ats̻ot̪iz̺laɾi
atsotu	ats̺ot̪u
atsotu	ats̻ot̪u
atunari	at̪onaɾi
atx	tʃʰ
atxeki	atʃe̞ki
atxekiko	atʃekiko
atxekitze	atʃekits̻e
atxekitzen	atʃekits̻ẽn
atxilo	atʃilo
atxilotu	atʃilot̪u
atxilotu	atʃiʎot̪u
atxuri	atʃori
atxuria	atʃoˈria
atzamar	ats̻amar
atzapar	ats̻apar
atzarri	atːaɾɾi
atze	ats̻e
atzealde	ats̻e̞al̪d̪e̞
atzean	ats̻e̞ãn
atzelari	ats̻elaɾi
atzeman	at̪semãn̪
atzera	atseɾa
atzera	ats̻eɾa
atzeraeraginezko	ats̻eɾaeɾaɣ̞ĩŋes̺ko
atzerri	atseɾɾi
atzo	atso
atzo	ats̻o
atzodanik	ats̻oð̞anik
atzoko	ats̻oko
atzotik	ats̻ot̪ik
auhen	au̯hẽn
auhen	au̯ẽn
auhendari	au̯ẽn̪d̪aɾi
auhendatu	au̯hẽn̪d̪at̪u
auhendatu	au̯ẽn̪d̪at̪u
aukera	au̯keɾa
aukeraketa	au̯keɾaket̪a
aukerako	aukɛɾako
aukeramen	aukeɾamẽn̪t̪
aukeratu	au̯keɾatu
aukeratu	au̯keɾat̪u
aukeratuko	au̯keɾat̪uko
aukeratze	au̯keɾats̻e
aukeratzen	au̯keɾats̻ẽn
aulki	au̯lki
aulkia	aukia
aundia	aũnð̞ja
aunitz	au̯n̪jts̺
aupa	au̯pa
auri	aʊɾi
aurka	au̯rka
aurkatu	auɾkatʊ
aurkezpena	auɾtes̺pẽn̪a
aurkeztatu	auɾkest̪at̪u
aurki	au̯rki
aurkikunde	auɾkikõn̪d̪e
aurkikunde	au̯rkikũn̪d̪e
aurkitu	au̯rkit̪u
aurkituko	au̯rkit̪uko
aurkitzaile	auɾkits̻aʎe
aurkitzaile	auɾkjts̺aje
aurkitze	au̯rkits̻e
aurkitzen	au̯rkits̻ẽn
aurpegi	auɾpeɣ̞ʝ
aurpegi	au̯rpe̞ɣ̞i
aurpegia	auɾpeɣ̞uia
aurpegiera	auɾpeieɾa
aurpegiratu	aɾpeɣ̞iɾat̪u
aurre	au̯re̞
aurrean	au̯ð̞ɾean
aurrekari	auɾekaɾi
aurrekariak	au̯rre̞kaɾiak
aurren	auɾɾn
aurrera	auɾeɾa
aurrera	au̯re̞ɾa
aurrerabidea	auɾeɾabið̞ea
aurrerantzean	auɾɾerant̪s̻e̞an
aurrerantzeko	auɾɾerent̪s̺eko
aurreratu	auɾe̞ɾat̪u
aurten	au̯rt̪ẽ̞n
ausardia	au̯s̺aɾð̞ia
ausart	au̯s̺art̪
ausart	au̯ʃaɾt
ausartu	au̯s̺art̪u
auskalo	au̯s̺kalo
australia	au̯s̺t̪ralia
austria	au̯s̺t̪ria
austriar	au̯s̺t̪riar
autismo	au̯t̪iz̺mo
auto	au̯to
auto	au̯t̪o
autoa	au̯t̪o̞a
autobide	au̯t̪oβ̞ið̞e
autobus	au̯t̪oβ̞us
autobusa	au̯t̪oβ̞usa
autofede	au̯t̪ofeð̞e
automata	au̯tomata
automatiko	automtiko
automatiko	autumatiko
automatiko	au̯t̪omat̪iko
automatikoa	aut̪omt̪ikoa
autrigoi	autrigoj
auzi	awsi
auzibide	au̯s̺ibið̞e
auzipetu	ausipetu
auzo	au̯so
auzo	au̯s̻o̞
axanpa	aʃampa
axioma	aksioma
axioma	atsioma
axola	aʃɔla
axolagabetasun	aɣ̞olaɣ̞abe̞t̪as̻ũn
axolatu	aɣ̞solat̪u
axpee	aʃpe
axtroki	aʃtɾaki
axular	asulaɾ
axuri	tʃuɾi
aza	asa
azal	asal
azal	as̻al
azaldu	as̻al̪d̪u
azaleko	as̺aːle̞ko
azalera	asaˈleɾa
azaleratu	as̻ale̞ɾat̪u
azalpen	as̺alpẽn
azalpen	as̻alpẽn
azaro	as̻aɾo̞
azazkal	as̻as̻kal
azenario	aszẽn̪aɾio
azenario	as̺enaɾio
azenario	as̻enaɾio
azerbaijan	as̺erβ̞ai̯dʒãn
azerbaijan	as̻erβ̞ai̯jãn
azerbaijan	as̻erβ̞ai̯ɟãn
azerbaijandar	as̻e̞rβ̞ai̯jãn̪d̪ar
azerbaijanera	as̺erβ̞ai̯dʒaneɾa
azerbaijanera	as̻erβ̞ai̯janeɾa
azerbaijanera	as̻erβ̞ai̯ɟaneɾa
azeri	as̺eɾi
azeri	as̻eɾi
azerikeria	as̺eɾikeɾia
azerikeria	as̻eɾikeɾia
azeriki	as̺eɾiki
azeriki	as̻eɾiki
azerikume	as̺eɾikume
azerikume	as̻eɾikume
azeritegi	as̺eɾit̪eɣ̞i
azeritegi	as̻eɾit̪eɣ̞i
azido	as̻ið̞o̞
azio	afio
azkar	as̺kar
azkar	as̻kar
azkarate	askaɾat̪e
azkarate	as̺kaɾat̪e
azkarate	as̻kaɾat̪e
azkarraga	as̻karaɣ̞a
azkarregi	as̺kareɣ̞i
azkarregi	as̻kareɣ̞i
azkartu	askartˈu
azken	as̻kẽ̞n
azkena	askẽna
azkenaldi	askenald̪i
azkenburu	as̻kẽ̞nbuɾu
azkenburuko	askembuɾuko
azkizu	arkis̺u
azkoitia	as̺koi̯t̪ia
azkoitia	as̻koi̯t̪ia
azkonar	as̻ko̞nar
azkura	askuɾa
azoka	asˈoka
azoka	as̻o̞ka
azorri	asoɾɾi
azpeitia	as̺pei̯t̪ia
azpeitia	as̻pei̯t̪ia
azpelar	aspelaɾ
azpi	as̻pi
azpian	as̻piãn
azpiegitura	as̺pieeɣ̞it̪uɾa
azpiegitura	as̺pieɣ̞it̪uɾa
azpiegitura	as̻pieɣ̞it̪uɾa
azpikari	aspikaːriː
azpimarratu	as̺pimarat̪u
azpimarratu	as̺pʰimaɾat̪u
azpimarratu	as̻pimarat̪u
azpiratu	aspiɾatu
azpititulu	as̻pit̪it̪ulu
aztal	astˈaˈl
aztarna	as̺t̪arna
aztarna	as̻t̪arna
aztarren	ast̪aɾɾen
aztergai	ast̪eɾɣ̞ai
azterketa	as̻tɛrke̞ta
azterritar	ast̪eɾɾit̪aɾ
aztertu	astertu
aztertu	as̺t̪ert̪u
aztertu	as̻t̪ert̪u
aztertzaile	as̺t̪erts̻aʎe
aztertzaile	as̻t̪erts̻ai̯le
aztertzaile	as̻t̪erts̻aʎe
azti	as̺t̪i
azti	as̻t̪i
aztiatu	as̻t̪s̺iat̪u
aztoragarri	astˈoragˈaɾɾi
aztore	astore
aztura	astˈuɾa
azukre	asukre
azukre	as̻ukre̞
b	be̞
ba	ba
ba	dˈa
baba	bava
baba	baβ̞a
babalarru	babalaɾu
babalasto	babalasːtˈo
babane	boːbaːne
babazorro	baβ̞as̻o̞ro̞
babes	baβ̞es̺
babes	β̞aβ̞es
babesgabe	babeesɣ̞aβ̞e
babeski	babẽski
babestu	baβ̞es̺t̪u
babestu	β̞aβ̞est̪u
babilonia	babilonjɛ̃n
babintonita	baβ̞iɳt̪onit̪a
babuino	babuilo
bada	bara
bada	bað̞a
bada	β̞að̞
badadi	bað̞að̞i
badago	bað̞aɣ̞o
badaitez	bað̞ai̯t̪es̺
badaitez	bað̞ai̯t̪es̻
badakizu	badakis̺u
badaude	bað̞au̯ð̞e
badeza	bað̞es̺a
badeza	bað̞es̻a
badezagu	bað̞es̺aɣ̞u
badezagu	bað̞es̻aɣ̞u
badezak	bað̞es̺ak
badezak	bað̞es̻ak
badezan	bað̞es̺ãn
badezan	bað̞es̻ãn
badezat	bað̞es̺at̪
badezat	bað̞es̻at̪
badezate	bað̞es̺at̪e
badezate	bað̞es̻at̪e
badezazu	bað̞es̺as̺u
badezazu	bað̞es̻as̻u
badezazue	bað̞es̺as̺ue
badezazue	bað̞es̻as̻ue
badia	bað̞ia
baditza	bað̞its̻a
baditzagu	bað̞its̻aɣ̞u
baditzak	bað̞its̻ak
baditzan	bað̞its̻ãn
baditzat	bað̞its̻at̪
baditzate	bað̞its̻at̪e
baditzazu	bað̞its̻as̺u
baditzazu	bað̞its̻as̻u
baditzazue	bað̞its̻as̺ue
baditzazue	bað̞its̻as̻ue
badute	ɾad̪ut̪e
bafa	dˈasfˈa
bagai	babai
bagaitez	baɣ̞ai̯t̪es̺
bagaitez	baɣ̞ai̯t̪es̻
bagaitza	baɣ̞ai̯ts̻a
bagaitzak	baɣ̞ai̯ts̻ak
bagaitzan	baɣ̞ai̯ts̻ãn
bagaitzate	baɣ̞ai̯ts̻at̪e
bagaitzazu	baɣ̞ai̯ts̻as̺u
bagaitzazu	baɣ̞ai̯ts̻as̻u
bagaitzazue	baɣ̞ai̯ts̻as̺ue
bagaitzazue	baɣ̞ai̯ts̻as̻ue
bagaje	baβaxe
bagats	β̞aɣ̞at̪s
bagenbiltza	baɣ̞ẽmbilts̻a
bagenegi	baɣ̞eneɣ̞i
bagenegitza	baɣ̞eneɣ̞its̻a
bageneki	baɣ̞e̞ne̞ki
bagenekizki	baɣ̞e̞ne̞kis̻ki
bagenekusa	baɣ̞e̞ne̞kus̺a
bagenekuski	baɣ̞e̞ne̞kus̺ki
bagenentzu	baɣ̞e̞nẽ̞nts̻u
bagenentzuzki	baɣ̞e̞nẽ̞nts̻us̻ki
bagenerakuski	baɣ̞e̞ne̞ɾakus̺ki
bagenerakutsa	baɣ̞e̞ne̞ɾakuts̺a
bageneuka	baɣ̞eneu̯ka
bageneuzka	baɣ̞eneu̯s̺ka
bageneuzka	baɣ̞eneu̯s̻ka
bageneza	baɣ̞enes̺a
bageneza	baɣ̞enes̻a
bagenezagu	baɣ̞e̞ne̞s̻aɣ̞u
bagenezaguzki	baɣ̞e̞ne̞s̻aɣ̞us̻ki
bagenihardu	baɣ̞e̞niarð̞u
bagenihardu	baɣ̞e̞niɦarð̞u
bageniharduka	baɣ̞e̞niarð̞uka
bageniharduka	baɣ̞e̞niɦarð̞uka
bagenirau	baɣ̞e̞niɾau̯
bagenirudi	baɣ̞e̞niɾuð̞i
bagenitu	baɣ̞e̞nit̪u
bagenitza	baɣ̞enits̻a
bagentoz	baɣ̞ẽn̪t̪os̺
bagentoz	baɣ̞ẽn̪t̪os̻
bagenu	baɣ̞e̞nu
bageunde	baɣ̞ẽũ̯n̪d̪e
bagil	baɣ̞il
bagina	baɣ̞ina
bagina	baɣ̞iɲa
bagindezaguzki	baɣ̞ĩn̪d̪e̞s̻aɣ̞us̻ki
bagindezaguzkik	baɣ̞ĩn̪d̪e̞s̻aɣ̞us̻kik
bagindezaguzkin	baɣ̞ĩn̪d̪e̞s̻aɣ̞us̻kĩn
bagindezaguzkite	baɣ̞ĩn̪d̪e̞s̻aɣ̞us̻kit̪e̞
bagindezaguzkizu	baɣ̞ĩn̪d̪e̞s̻aɣ̞us̻kis̻u
bagindezaguzkizue	baɣ̞ĩn̪d̪e̞s̻aɣ̞us̻kis̻ue̞
bagindoaz	baɣ̞ĩn̪d̪oas̺
bagindoaz	baɣ̞ĩn̪d̪oas̻
baginduzka	baɣ̞ĩn̪d̪us̺ka
baginduzka	baɣ̞ĩn̪d̪us̻ka
baginduzkak	baɣ̞ĩn̪d̪us̺kak
baginduzkak	baɣ̞ĩn̪d̪us̻kak
baginduzkan	baɣ̞ĩn̪d̪us̺kãn
baginduzkan	baɣ̞ĩn̪d̪us̻kãn
baginduzkate	baɣ̞ĩn̪d̪us̺kat̪e
baginduzkate	baɣ̞ĩn̪d̪us̻kat̪e
baginduzkazu	baɣ̞ĩn̪d̪us̺kas̺u
baginduzkazu	baɣ̞ĩn̪d̪us̻kas̻u
baginduzkazue	baɣ̞ĩn̪d̪us̺kas̺ue
baginduzkazue	baɣ̞ĩn̪d̪us̻kas̻ue
bagintez	baɣ̞ĩn̪t̪es̺
bagintez	baɣ̞ĩn̪t̪es̻
bagintu	baɣ̞ĩn̪t̪u
bagintuk	baɣ̞ĩn̪t̪uk
bagintun	baɣ̞ĩn̪t̪ũn
bagintuzte	baɣ̞ĩn̪t̪us̻t̪e̞
bagintuzu	baɣ̞ĩn̪t̪us̻u
bagintuzue	baɣ̞ĩn̪t̪us̻ue̞
bagintza	baɣ̞ĩnts̻a
bagintzak	baɣ̞ĩnts̻ak
bagintzan	baɣ̞ĩnts̻ãn
bagintzate	baɣ̞ĩnts̻at̪e
bagintzazu	baɣ̞ĩnts̻as̺u
bagintzazu	baɣ̞ĩnts̻as̻u
bagintzazue	baɣ̞ĩnts̻as̺ue
bagintzazue	baɣ̞ĩnts̻as̻ue
bago	balo
bagoi	baboi
bahadi	baað̞i
bahadi	bahað̞i
bahaza	baas̺a
bahaza	baas̻a
bahaza	bahas̻a
bahazagu	baas̺aɣ̞u
bahazagu	baas̻aɣ̞u
bahazagu	bahas̻aɣ̞u
bahazat	baas̺at̪
bahazat	baas̻at̪
bahazat	bahas̻at̪
bahazate	baas̺at̪e
bahazate	baas̻at̪e
bahazate	bahas̻at̪e
bahe	bae̞
bahe	baɦe̞
bahegi	baeɣ̞i
bahegi	baheɣ̞i
bahegitza	baeɣ̞its̻a
bahegitza	baheɣ̞its̻a
baheki	bae̞ki
baheki	baɦe̞ki
bahekizki	bae̞kis̻ki
bahekizki	baɦe̞kis̻ki
bahekusa	bae̞kus̺a
bahekusa	baɦe̞kus̺a
bahekuski	bae̞kus̺ki
bahekuski	baɦe̞kus̺ki
bahenbil	bahẽmbil
bahenbil	baẽmbil
bahendi	bahẽn̪d̪i
bahendi	baẽn̪d̪i
bahengo	baeŋgo
bahengo	baheŋgo
bahentor	bahẽn̪t̪or
bahentor	baẽn̪t̪or
bahentzu	baɦẽ̞nts̻u
bahentzu	baẽ̞nts̻u
bahentzuzki	baɦẽ̞nts̻us̻ki
bahentzuzki	baẽ̞nts̻us̻ki
baherakuski	bae̞ɾakus̺ki
baherakuski	baɦe̞ɾakus̺ki
baherakutsa	bae̞ɾakuts̺a
baherakutsa	baɦe̞ɾakuts̺a
baheuka	baeu̯ka
baheuka	baheu̯ka
baheuzka	baeu̯s̺ka
baheuzka	baeu̯s̻ka
baheuzka	baheu̯s̻ka
baheza	baes̺a
baheza	baes̻a
baheza	bahes̻a
bahezagu	bae̞s̻aɣ̞u
bahezagu	baɦe̞s̻aɣ̞u
bahezaguzki	bae̞s̻aɣ̞us̻ki
bahezaguzki	baɦe̞s̻aɣ̞us̻ki
bahihardu	bai̯arð̞u
bahihardu	baɦiɦarð̞u
bahiharduka	bai̯arð̞uka
bahiharduka	baɦiɦarð̞uka
bahindezagu	baɦĩn̪d̪e̞s̻aɣ̞u
bahindezagu	bãĩ̯n̪d̪e̞s̻aɣ̞u
bahindezagugu	baɦĩn̪d̪e̞s̻aɣ̞uɣ̞u
bahindezagugu	bãĩ̯n̪d̪e̞s̻aɣ̞uɣ̞u
bahindezagut	baɦĩn̪d̪e̞s̻aɣ̞ut̪
bahindezagut	bãĩ̯n̪d̪e̞s̻aɣ̞ut̪
bahindezagute	baɦĩn̪d̪e̞s̻aɣ̞ut̪e̞
bahindezagute	bãĩ̯n̪d̪e̞s̻aɣ̞ut̪e̞
bahindoa	bahĩn̪d̪oa
bahindoa	baĩn̪d̪oa
bahindu	baɦĩn̪d̪u
bahindu	bãĩ̯n̪d̪u
bahindugu	baɦĩn̪d̪uɣ̞u
bahindugu	bãĩ̯n̪d̪uɣ̞u
bahinduka	bahĩn̪d̪uka
bahinduka	bãĩ̯n̪d̪uka
bahindukagu	bahĩn̪d̪ukaɣ̞u
bahindukagu	baĩn̪d̪ukaɣ̞u
bahindukat	bahĩn̪d̪ukat̪
bahindukat	baĩn̪d̪ukat̪
bahindukate	bahĩn̪d̪ukat̪e
bahindukate	bãĩ̯n̪d̪ukat̪e
bahindut	baɦĩn̪d̪ut̪
bahindut	bãĩ̯n̪d̪ut̪
bahindute	baɦĩn̪d̪ut̪e̞
bahindute	bãĩ̯n̪d̪ut̪e̞
bahintz	bahĩnts̻
bahintz	baĩnts̻
bahintza	bahĩnts̻a
bahintza	baĩnts̻a
bahintzagu	bahĩnts̻aɣ̞u
bahintzagu	baĩnts̻aɣ̞u
bahintzat	bahĩnts̻at̪
bahintzat	baĩnts̻at̪
bahintzate	bahĩnts̻at̪e
bahintzate	baĩnts̻at̪e
bahirau	bai̯ɾau̯
bahirau	baɦiɾau̯
bahirudi	bai̯ɾuð̞i
bahirudi	baɦiɾuð̞i
bahitu	bai̯t̪u
bahitu	baɦit̪u
bahitura	bai̯tːuɾˈa
bahitza	bahits̻a
bahitza	baits̻a
bahu	bahu
bahu	bau
bai	bai̯
bai	bˈaɪ
bai	maj
baia	baʝa
baiduri	bajiduɾi
baietz	bai̯ets̻
baiko	taiko
baikortasun	bai̯koɾt̪asum
bailara	balaɾa
baile	baɪlːe
bailego	bajleʁˌo
baimen	lajˈmen
baina	bai̯na
baina	bai̯ɲa
baina	baɲa
bainagia	β̞aiɲagja
bainatu	β̞aiɲat̪o
baino	bai̯no
baino	baɲo
bainu	bai̯nu
bainu	bai̯nʝo
bainu	baɲu
bainuetxe	bai̯nuetʃe
bainuetxe	baɲuetʃe
bainugela	bai̯nuɣ̞ela
bainugela	baɲuɣ̞ela
bainujantzi	bai̯nuɟãnts̻i
bainujantzi	baɲudʒãnts̻i
bainujantzi	baɲujãnts̻i
bainujantzi	baɲuxãnts̻i
bainulari	bai̯nulaɾi
bainulari	baɲulaɾi
bainuontzi	bai̯nuõnts̻i
bainuontzi	baɲuõnts̻i
bainutegi	bai̯nut̪eɣ̞i
bainutegi	baɲut̪eɣ̞i
bainutoki	bai̯nut̪oki
bainutoki	baɲut̪oki
baioneta	β̞aʝonet̪a
bairatu	baiɾatʊ
baita	bai̯t̪a
baita	bajta
baitezpada	bajt̪espað̞a
bakailao	bakai̯lao̞
bakailao	bakaʎao̞
bakalada	bakaːlað̞a
bakan	akan
bakarra	bakaɾɾa
bakarrak	bakaɾɾak
bakarrik	bakarik
bakarrizketa	bakaɾɾiʃketa
bakartegi	bakaɾt̪eɣ̞uj
bakartu	akˈartu
bake	bake
bakearazi	bakeaɾasi
bakero	bakkeɾo
baketsu	bake̞tʃu
baketu	bake̞t̪u
baketuko	baket̪uko
baketze	bakets̻e
baketzen	bakets̻ẽn
bakezale	bakesales
bakoa	bakoa
bakoiti	pakojti
bakoitz	bakoi̯ts̻
bakoitza	bakoi̯ts̻a
bakoitzak	bakojtsak
bakteria	bakt̪eɾja
bakteriofago	bakt̪e̞ɾio̞faɣ̞o̞
bakteriologiko	bakterioloviko
bala	bala
balak	balak
balaka	balak
balakatu	balakat̪u
balaku	balakau
balantzaka	balãn̪t̪saka
balazta	balasta
balaztada	balast̪að̞a
balaztatu	balast̪at̪u
baldakin	balð̞akĩŋ
baldar	β̞al̪d̪aɾ
baldarka	bal̪d̪aɾka
baldarkeria	β̞al̪d̪aɾkeɾia
baldarki	β̞al̪t̪aɾki
baldin	balð̞ĩŋ
baldin	bal̪d̪ĩn
baldinba	balð̞ĩŋɣ̞ba
baldinbaitere	balð̞ĩnmai̯teɾe
baldintzapeko	balð̞ĩŋt̪s̺apeko
baldintzatu	bald̪iŋts̺at̪u
bale	bale
baleazale	baleːasˈale
balebil	baleβ̞il
balebiltza	baleβ̞ilts̻a
baledi	baleð̞i
balegi	baleɣ̞i
balegite	baleɣ̞it̪e
balegitza	baleɣ̞its̻a
balegitzate	baleɣ̞its̻at̪e
balego	baleɣ̞o
baleki	bale̞ki
balekite	bale̞kit̪e̞
balekizki	bale̞kis̻ki
balekizkite	bale̞kis̻kit̪e̞
balekusa	bale̞kus̺a
balekusate	bale̞kus̺at̪e̞
balekuski	bale̞kus̺ki
balekuskite	bale̞kus̺kit̪e̞
balentria	palˈˈentɾia
balentzu	balẽ̞nts̻u
balentzute	balẽ̞nts̻ut̪e̞
balentzuzki	balẽ̞nts̻us̻ki
balentzuzkite	balẽ̞nts̻us̻kit̪e̞
baleontzi	baleonti
baleontzia	balẽontsia
balerakuski	bale̞ɾakus̺ki
balerakuskite	bale̞ɾakus̺kit̪e̞
balerakutsa	bale̞ɾakuts̺a
balerakutsate	bale̞ɾakuts̺at̪e̞
balerizt	baleɾist
baletor	balet̪or
baletoz	balet̪os̺
baletoz	balet̪os̻
baleude	baleu̯ð̞e
baleuka	baleu̯ka
baleukate	baleu̯kat̪e
baleuzka	baleu̯s̺ka
baleuzka	baleu̯s̻ka
baleuzkate	baleu̯s̺kat̪e
baleuzkate	baleu̯s̻kat̪e
baleza	bales̺a
baleza	bales̻a
balezagu	bale̞s̻aɣ̞u
balezagute	bale̞s̻aɣ̞ut̪e̞
balezaguzki	bale̞s̻aɣ̞us̻ki
balezaguzkite	bale̞s̻aɣ̞us̻kit̪e̞
balezate	bales̺at̪e
balezate	bales̻at̪e
balezta	balest̪a
bali	bala
balia	balia
baliabide	baliabiðe
baliabide	baliaβ̞ið̞e̞
baliagai	baliagaj
baliagarri	baliagariɾ
baliakizun	β̞aɾiakis̻ũn
baliarrain	baliarai̯n
baliatu	baliatsu
balihardu	baliarð̞u
balihardu	baliɦarð̞u
baliharduka	baliarð̞uka
baliharduka	baliɦarð̞uka
balihardukate	baliarð̞ukat̪e̞
balihardukate	baliɦarð̞ukat̪e̞
balihardute	baliarð̞ut̪e̞
balihardute	baliɦarð̞ut̪e̞
balihoa	balihoa
balihoa	balixoa
balihoaz	balihoas̻
balihoaz	balixoas̺
balihoaz	balixoas̻
balio	balio̞
balioa	malioa
baliogabe	β̞alioɣ̞aβ̞eɾ
baliogabetze	balioɣ̞abet̪se
baliokide	balio̞kið̞o
balios	balio̞s
baliotsu	balio˩˥ːtʃu
baliotu	aliotu
balira	baliɾa
balirau	baliɾau̯
balirau	bali̯ɾau
baliraute	baliɾau̯t̪e̞
balirudi	baliɾuð̞i
balirudite	baliɾuð̞it̪e̞
balitez	balit̪es̺
balitez	balit̪es̻
balitu	balit̪u
balituzte	balit̪us̻t̪e̞
balitz	balits̻
balitza	balits̻a
balitzate	balits̻at̪e
baliza	balisa
balizko	baliskˈo
balkoi	balkoi̯
baloi	balo̞i̯
baltsamo	β̞alt̪samo
baltsatu	balt̪ʃat̪u
balu	balu
balute	balut̪e̞
bana	bana
banabar	bãnlabaɾ
banadi	banað̞i
banadinita	bãnað̞ĩŋit̪a
banadinita	β̞anad̪ĩŋit̪a
banaezin	β̞anais̺ĩn
banaka	manaka
banakako	banakako
banakako	bãnãkako
banan	β̞anẽn
bananondo	bananõ̞n̪d̪o̞
bananondo	pananõn̪d̪o
banatu	banat̪u
banatu	β̞anat̪w
banatuko	banat̪uko
banatze	anats̻e
banatze	banats̻e
banatzen	banats̻ẽn
banaza	banas̺a
banaza	banas̻a
banazak	banas̺ak
banazak	banas̻ak
banazan	banas̺ãn
banazan	banas̻ãn
banazate	banas̺at̪e
banazate	banas̻at̪e
banazazu	banas̺as̺u
banazazu	banas̻as̻u
banazazue	banas̺as̺ue
banazazue	banas̻as̻ue
banda-zabalera	bãn̪d̪as̺abale̞ɾa
bandaliko	β̞ãn̪d̪aljko
bandalismo	bãn̪d̪aliz̺mo̞
bandalo	β̞ãn̪d̪alõ
bandera	bãn̪d̪eɾa
banderape	panð̞eɾape
bando	bando
banegi	baneɣ̞i
banegitza	baneɣ̞its̻a
baneki	bane̞ki
banekizki	bane̞kis̻ki
banekusa	bane̞kus̺a
banekuski	bane̞kus̺ki
banenbil	banẽmbil
banendi	banẽn̪d̪i
banengo	baneŋgo
banentor	banẽn̪t̪or
banentorkio	banẽn̪t̪orkio
banentzu	banẽ̞nts̻u
banentzuzki	banẽ̞nts̻us̻ki
banerakuski	bane̞ɾakus̺ki
banerakutsa	bane̞ɾakuts̺a
baneuka	baneu̯ka
baneuzka	baneu̯s̺ka
baneuzka	baneu̯s̻ka
baneza	banes̺a
baneza	banes̻a
banezagu	bane̞s̻aɣ̞u
banezaguzki	bane̞s̻aɣ̞us̻ki
bangiar	bãŋkiaɾ
bangladesh	baŋglað̞es̺
bangladeshtar	baŋglað̞es̺t̪ar
bangladeshtar	baŋglað̞eʃt̪ar
bangokokar	baŋgokoˌkaːr
banihardu	baniarð̞u
banihardu	baniɦarð̞u
baniharduka	baniarð̞uka
baniharduka	baniɦarð̞uka
banindezagu	banĩn̪d̪e̞s̻aɣ̞u
banindezaguk	banĩn̪d̪e̞s̻aɣ̞uk
banindezagun	banĩn̪d̪e̞s̻aɣ̞ũn
banindezagute	banĩn̪d̪e̞s̻aɣ̞ut̪e̞
banindezaguzu	banĩn̪d̪e̞s̻aɣ̞us̻u
banindezaguzue	banĩn̪d̪e̞s̻aɣ̞us̻ue̞
banindoa	banĩn̪d̪oa
banindu	banĩn̪d̪u
baninduk	banĩn̪d̪uk
baninduka	banĩn̪d̪uka
banindukak	banĩn̪d̪ukak
banindukan	banĩn̪d̪ukãn
banindukate	banĩn̪d̪ukat̪e
banindukazu	banĩn̪d̪ukas̺u
banindukazu	banĩn̪d̪ukas̻u
banindukazue	banĩn̪d̪ukas̺ue
banindukazue	banĩn̪d̪ukas̻ue
banindun	banĩn̪d̪ũn
banindute	banĩn̪d̪ut̪e̞
baninduzu	banĩn̪d̪us̻u
baninduzue	banĩn̪d̪us̻ue̞
banintz	banĩnts̻
banintza	banĩnts̻a
banintzak	banĩnts̻ak
banintzan	banĩnts̻ãn
banintzate	banĩnts̻at̪e
banintzazu	banĩnts̻as̺u
banintzazu	banĩnts̻as̻u
banintzazue	banĩnts̻as̺ue
banintzazue	banĩnts̻as̻ue
banirau	baniɾau̯
banirudi	baniɾuð̞i
banitu	banit̪u
banitza	banits̻a
banjul	banʝwl
bankari	bankaɾj
banketxe	baŋketʃe
banketxea	banket̪s̺ea
bankuarteko	bankuaɾt̪ekɔ
banpiro	bãmpiɾo
banu	banu
bapo	bapo
bapore	bapoɾe
bapore	bapoɾel
barakaldo	baɾakalo
barantaila	baɾãn̪t̪ai̯la
barantaila	baɾãn̪t̪aʎa
bararazi	bˈaɾaɾasi
baratu	baɾat̪ʊ
baratxe	β̞aɾat̪ɣ̞e
baratxuri	baraːtɕuɾi
baratxuri	baraːtʃuɾi
baratze	β̞aɾat̪zʝe
baraurik	baɾauɾi
barauskarri	β̞aɾau̯skaɾɾi
barautu	baɾau̯t̪u
barazkari	baɾas̺kaɾi
barazkari	baɾas̻kaɾi
barazki	baɾaski
barbadostar	baɾβ̞að̞ost̪aɾ
barbantzu	barβ̞ont̪s̺u
barbaris	β̞aɾβ̞aɾiz
barbuda	barβ̞uð̞a
barduria	baɾdˈuɾia
bare	baɾe̞
barealdi	β̞aɾealð̞ʝ
barean	baɾean
baregarri	baɾeɣ̞ari
bari	baɾi
bariazio	baɾi̯akjo
bariku	baɾiku
bariku	bˌaɾˈiku
barioa	varioa
barka	barka
barkatu	barkat̪u
barkatu	baɾkat̪o
barku	bˈaɾko
barna	barna
barne	barne̞
barne-medikuntza	baɾnemeɣ̞ikunt̪s̺a
barnean	barne̞ãn
baroi	baɾoi̯t
barra	bara
barrabil	baraβ̞il
barre	bare̞
barre-algara	barealɣ̞aɾa
barreiaketa	baɾɾe̞iake̞t̪a
barreiatu	β̞aɾɾiat̪u
barren	barẽn
barrena	barena
barrenaldea	barẽn̪alð̞ea
barrendu	barend̪u
barrunbe	barumbe
barrundia	barũn̪d̪ia
bart	aɾt̪
bart	bart̪
basajaun	bas̺adʒãũ̯n
basajaun	bas̺ajãũ̯n
basajaun	bas̺axãũ̯n
basajaun	bas̺aɟãũ̯n
basakatu	bas̺akat̪u
basalore	basaloɾe
basalto	basalto
basamortu	bas̺amort̪u
basamortua	basamoɾt̪ua
basara	bas̺aɾa
basaran	bas̺aɾãn
basarte	bas̺art̪e
basarto	basaɾto
basarto	bas̺art̪o
basate	bas̺at̪e
basati	bas̺at̪i
basati	β̞assat̪i
basatu	β̞aslat̪u
basatza	bas̺at̪sa
baseliza	bas̺elis̺a
baseliza	bas̺elis̻a
baserri	bas̺eri
baserritar	bas̺erit̪ar
baserritartu	bas̺erit̪art̪u
baserritartuko	bas̺erit̪art̪uko
baserritartze	bas̺erit̪arts̻e
baserritartzen	bas̺erit̪arts̻ẽn
baso	bas̺o
basogintza	bas̺okĩn̪t̪s̻a
basoi	basoi
basoko	basoko
basolan	β̞azsolan
basolo	bas̺olo
basurde	bas̺urð̞e
basusarri	bas̺us̺ari
bat	bat̪
bat	bˈat
bat-bateko	batabateko
bat;	bat̪
bata	bat̪a
bataiatu	bat̪ai̯at̪u
bataila	bataja
bataio	bat̪ai̯o̞
batak	bat̪ak
batasun	bat̪as̺ũn
batean	batəan
batean	bat̪eãn
batek	bat̪ek
batekin	batekɨn
batekin	batekɪ
bateko	batːekɔ
bateko	bat̪eko
batel	bat̪e̞l
baten	bat̪ẽn
batera	bat̪eɾa
bateragarri	bat̪eɾagari
bateratasun	bat̪eɾat̪as̺ũn
bateratzaile	bat̪eɾat̪s̺aaʎe
bateria	bˌateɾˈia
batetan	matetan
batez	bat̪es̺
batez	bat̪es̻
batgarren	bat̪ɣ̞aɾɾẽn̪i
bati	bat̪i
batu	vatˈu
batugai	batuɣ̞aj
batuta	bat̪ut̪a
batxiler	batʃiler
batxiler	batʃiʎer
batxilergo	batʃilerɣ̞o
batxilergo	batʃiʎerɣ̞o
batzar	batsaɾ
batzarkide	batsaɾkið̞e
batzartu	batˈaɾˈtˈu
batzoki	bats̻o̞ki
batzuetan	bats̻uet̪ãn
batzuetan	bats̻ut̪ãn
batzuk	bats̻uk
baxu	baʃu
baxua	baʃwa
baxuak	baʃuak
bazaitez	bas̺ai̯t̪es̺
bazaitez	bas̻ai̯t̪es̻
bazaitezte	bas̺ai̯t̪es̺t̪e
bazaitezte	bas̻ai̯t̪es̻t̪e
bazaitza	bas̺ai̯ts̻a
bazaitza	bas̻ai̯ts̻a
bazaitzagu	bas̺ai̯ts̻aɣ̞u
bazaitzagu	bas̻ai̯ts̻aɣ̞u
bazaitzat	bas̺ai̯ts̻at̪
bazaitzat	bas̻ai̯ts̻at̪
bazaitzate	bas̺ai̯ts̻at̪e
bazaitzate	bas̻ai̯ts̻at̪e
bazaitzategu	bas̺ai̯ts̻at̪eɣ̞u
bazaitzategu	bas̻ai̯ts̻at̪eɣ̞u
bazaitzatet	bas̺ai̯ts̻at̪et̪
bazaitzatet	bas̻ai̯ts̻at̪et̪
bazaitzatete	bas̺ai̯ts̻at̪et̪e
bazaitzatete	bas̻ai̯ts̻at̪et̪e
bazenbiltza	bas̺ẽmbilts̻a
bazenbiltza	bas̻ẽmbilts̻a
bazenbiltzate	bas̺ẽmbilts̻at̪e
bazenbiltzate	bas̻ẽmbilts̻at̪e
bazenegi	bas̺eneɣ̞i
bazenegi	bas̻eneɣ̞i
bazenegite	bas̺eneɣ̞it̪e
bazenegite	bas̻eneɣ̞it̪e
bazenegitza	bas̺eneɣ̞its̻a
bazenegitza	bas̻eneɣ̞its̻a
bazenegitzate	bas̺eneɣ̞its̻at̪e
bazenegitzate	bas̻eneɣ̞its̻at̪e
bazeneki	bas̻e̞ne̞ki
bazenekite	bas̻e̞ne̞kit̪e̞
bazenekizki	bas̻e̞ne̞kis̻ki
bazenekizkite	bas̻e̞ne̞kis̻kit̪e̞
bazenekusa	bas̻e̞ne̞kus̺a
bazenekusate	bas̻e̞ne̞kus̺at̪e̞
bazenekuski	bas̻e̞ne̞kus̺ki
bazenekuskite	bas̻e̞ne̞kus̺kit̪e̞
bazenentzu	bas̻e̞nẽ̞nts̻u
bazenentzute	bas̻e̞nẽ̞nts̻ut̪e̞
bazenentzuzki	bas̻e̞nẽ̞nts̻us̻ki
bazenentzuzkite	bas̻e̞nẽ̞nts̻us̻kit̪e̞
bazenerakuski	bas̻e̞ne̞ɾakus̺ki
bazenerakuskite	bas̻e̞ne̞ɾakus̺kit̪e̞
bazenerakutsa	bas̻e̞ne̞ɾakuts̺a
bazenerakutsate	bas̻e̞ne̞ɾakuts̺at̪e̞
bazenerizt	bas̺e̞ne̞ɾist
bazeneuka	bas̺eneu̯ka
bazeneuka	bas̻eneu̯ka
bazeneukate	bas̺eneu̯kat̪e
bazeneukate	bas̻eneu̯kat̪e
bazeneuzka	bas̺eneu̯s̺ka
bazeneuzka	bas̻eneu̯s̻ka
bazeneuzkate	bas̺eneu̯s̺kat̪e
bazeneuzkate	bas̻eneu̯s̻kat̪e
bazeneza	bas̺enes̺a
bazeneza	bas̻enes̻a
bazenezagu	bas̻e̞ne̞s̻aɣ̞u
bazenezagute	bas̻e̞ne̞s̻aɣ̞ut̪e̞
bazenezaguzki	bas̻e̞ne̞s̻aɣ̞us̻ki
bazenezaguzkite	bas̻e̞ne̞s̻aɣ̞us̻kit̪e̞
bazenezate	bas̺enes̺at̪e
bazenezate	bas̻enes̻at̪e
bazenihardu	bas̻e̞niarð̞u
bazenihardu	bas̻e̞niɦarð̞u
bazeniharduka	bas̻e̞niarð̞uka
bazeniharduka	bas̻e̞niɦarð̞uka
bazenihardukate	bas̻e̞niarð̞ukat̪e̞
bazenihardukate	bas̻e̞niɦarð̞ukat̪e̞
bazenihardute	bas̻e̞niarð̞ut̪e̞
bazenihardute	bas̻e̞niɦarð̞ut̪e̞
bazenirau	bas̻e̞niɾau̯
bazeniraute	bas̻e̞niɾau̯t̪e̞
bazenirudi	bas̻e̞niɾuð̞i
bazenirudite	bas̻e̞niɾuð̞it̪e̞
bazenitu	bas̻e̞nit̪u
bazenituzte	bas̻e̞nit̪us̻t̪e̞
bazenitza	bas̺enits̻a
bazenitza	bas̻enits̻a
bazenitzate	bas̺enits̻at̪e
bazenitzate	bas̻enits̻at̪e
bazentoz	bas̺ẽn̪t̪os̺
bazentoz	bas̻ẽn̪t̪os̻
bazentozte	bas̺ẽn̪t̪os̺t̪e
bazentozte	bas̻ẽn̪t̪os̻t̪e
bazenu	bas̻e̞nu
bazenute	bas̻e̞nut̪e̞
bazeunde	bas̺ẽũ̯n̪d̪e
bazeunde	bas̻ẽũ̯n̪d̪e
bazeundete	bas̺ẽũ̯n̪d̪et̪e
bazeundete	bas̻ẽũ̯n̪d̪et̪e
bazina	bas̺iɲa
bazina	bas̻ina
bazina	bas̻iɲa
bazindezaguzki	bas̻ĩn̪d̪e̞s̻aɣ̞us̻ki
bazindezaguzkigu	bas̻ĩn̪d̪e̞s̻aɣ̞us̻kiɣ̞u
bazindezaguzkit	bas̻ĩn̪d̪e̞s̻aɣ̞us̻kit̪
bazindezaguzkite	bas̻ĩn̪d̪e̞s̻aɣ̞us̻kit̪e̞
bazindezaguzte	bas̻ĩn̪d̪e̞s̻aɣ̞us̻t̪e̞
bazindezaguztegu	bas̻ĩn̪d̪e̞s̻aɣ̞us̻t̪e̞ɣ̞u
bazindezaguztet	bas̻ĩn̪d̪e̞s̻aɣ̞us̻t̪e̞t̪
bazindezaguztete	bas̻ĩn̪d̪e̞s̻aɣ̞us̻t̪e̞t̪e̞
bazindoaz	bas̺ĩn̪d̪oas̺
bazindoaz	bas̻ĩn̪d̪oas̻
bazindoazte	bas̺ĩn̪d̪oas̺t̪e
bazindoazte	bas̻ĩn̪d̪oas̻t̪e
bazinduzka	bas̺ĩn̪d̪us̺ka
bazinduzka	bas̻ĩn̪d̪us̻ka
bazinduzkagu	bas̺ĩn̪d̪us̺kaɣ̞u
bazinduzkagu	bas̻ĩn̪d̪us̻kaɣ̞u
bazinduzkat	bas̺ĩn̪d̪us̺kat̪
bazinduzkat	bas̻ĩn̪d̪us̻kat̪
bazinduzkate	bas̺ĩn̪d̪us̺kat̪e
bazinduzkate	bas̻ĩn̪d̪us̻kat̪e
bazinduzkategu	bas̺ĩn̪d̪us̺kat̪eɣ̞u
bazinduzkategu	bas̻ĩn̪d̪us̻kat̪eɣ̞u
bazinduzkatet	bas̺ĩn̪d̪us̺kat̪et̪
bazinduzkatet	bas̻ĩn̪d̪us̻kat̪et̪
bazinduzkatete	bas̺ĩn̪d̪us̺kat̪et̪e
bazinduzkatete	bas̻ĩn̪d̪us̻kat̪et̪e
bazinete	bas̺iɲet̪e
bazinete	bas̻inet̪e
bazinete	bas̻iɲet̪e
bazintez	bas̺ĩn̪t̪es̺
bazintez	bas̻ĩn̪t̪es̻
bazintezte	bas̺ĩn̪t̪es̺t̪e
bazintezte	bas̻ĩn̪t̪es̻t̪e
bazintu	bas̻ĩn̪t̪u
bazintugu	bas̻ĩn̪t̪uɣ̞u
bazintut	bas̻ĩn̪t̪ut̪
bazintuzte	bas̻ĩn̪t̪us̻t̪e̞
bazintuztegu	bas̻ĩn̪t̪us̻t̪e̞ɣ̞u
bazintuztet	bas̻ĩn̪t̪us̻t̪e̞t̪
bazintuztete	bas̻ĩn̪t̪us̻t̪e̞t̪e̞
bazintza	bas̺ĩnts̻a
bazintza	bas̻ĩnts̻a
bazintzagu	bas̺ĩnts̻aɣ̞u
bazintzagu	bas̻ĩnts̻aɣ̞u
bazintzat	bas̺ĩnts̻at̪
bazintzat	bas̻ĩnts̻at̪
bazintzate	bas̺ĩnts̻at̪e
bazintzate	bas̻ĩnts̻at̪e
bazintzategu	bas̺ĩnts̻at̪eɣ̞u
bazintzategu	bas̻ĩnts̻at̪eɣ̞u
bazintzatet	bas̺ĩnts̻at̪et̪
bazintzatet	bas̻ĩnts̻at̪et̪
bazintzatete	bas̺ĩnts̻at̪et̪e
bazintzatete	bas̻ĩnts̻at̪et̪e
bazkaldu	bas̻kal̪d̪u
bazkaleku	bats̻kale̞ku
bazkari	baskari
bazkari	bas̺kaɾi
bazkari	bas̻kaɾi
bazkun	β̞azkun
bazpi	baspi
bazter	bast̪eɾ
bazter	bas̺t̪er
bazter	bas̻t̪er
bazterkeria	basteɾkeɾia
bazterketa	bast̪eɾket̪a
bazterketa	bast̪eɾke̞t̪a
baztertu	bas̺t̪ert̪u
baztertu	bas̻t̪ert̪u
baztertuta	bast̪eɾt̪uta
be	b
be	be̞
beakurgarri	beãkuɾɣ̞aɾɾi
beasain	beasaĩŋ
beasain	beas̺ãĩ̯n
bebil	beβ̞il
bebiltza	beβ̞ilts̻a
becquerel	bekeɾel
bedaio	bed̪axo
bedatxori	beˈd̪atʃoɾi
bedaur	bed̪au̯
bedeinkatu	beð̞ei̯ŋkat̪u
bedeinkatu	beɾeĩnkat̪u
bederatzi	beð̞eɾats̻i
bederatzigarren	beð̞eɾats̻iɣ̞arẽn
bederatziren	beð̞eɾat̪s̺iɾe̞n
bederen	ð̞eð̞eɾẽn̪
bedi	beð̞i
beduino	beduino
begi	beɣːi
begi	beɣ̞i
begia	beɾia
begiespen	beɣ̞iespen
begietako	beɣie̞t̪ako
begiko	beʁiko
begikotasun	beɣikot̪as̺um
begira	beɣiɾa
begira	beɣ̞iɾa
begiratu	beɣ̞iɾat̪u
begiratuko	beɣ̞iɾat̪uko
begiratze	beɣ̞iɾats̻e
begiratzen	beɣ̞iɾats̻ẽn
begirune	beɣ̞iɾunẽn
begite	beɣ̞it̪e
begitza	beɣ̞its̻a
begizta	begist̪a
bego	beɣ̞o
bego!	beɣ̞o
behaketa	beakest̪a
behako	beako
behar	be̞ar
behar	be̞ɦar
beharbada	bẽaɾbad̪a
behargabekeria	be̞ɦargaβ̞e̞keɾia
beharkizun	beˈɦarkifˈun
behartsu	bearts̺u
behartsu	bearts̻u
behartsu	beharts̺u
behartu	be̞art̪u
behartu	be̞ɦart̪u
behatu	beatu
behatz	beats̻
behatz	behats̻
behera	beeɾa
behi	behi
behi	bei̯
behikunde	behikũn̪d̪e
behikunde	bei̯kũn̪d̪e
behor	behor
behor	beor
bei	bˈeɪ
beinke	bẽn̪ke
beira	bejɾa
beirate	be̞i̯ɾat̪e
beita	bejt̪a
beizama	bejsama
beka	beka
bekain	bekãĩ̯n
bekaina	bɛkai̯ɲːa
bekainak	be̞kãn̪ʝak
bekaizkeria	beˈkai̯skeɾia
bekaizti	bekaisti
bekatu	bekat̪u
beki	be̞ki
bekie	be̞kie̞
bekite	be̞kit̪e̞
bekizki	be̞kis̻ki
bekizkite	be̞kis̻kit̪e̞
bekusa	be̞kus̺a
bekusate	be̞kus̺at̪e̞
bekuski	be̞kus̺ki
bekuskite	be̞kus̺kit̪e̞
bela	bela
belak	beˈlˈat
belar	belar
belar	beð̞aɾ
belarjale	belˈaɾxˈale
belarreria	bel̞are̞ɾiã
belarri	be̞lari
belarria	β̞elaria
belarriak	β̞elariak
belarriskinako	be̞laɾɾis̻kĩn̪ako
belarritako	belarit̪ako
belarritako	be̞laɾɾitako̞
belarritako	d̪elaɾɾit̪ako
belarrondoko	belarõŋd̪oko
belatze	be˨˩lats˦e˨˩˦
belaun	belãũ̯n
belaunaldiarteko	belãũnalð̞iɑɾt̪ekõ
belaunburu	belãũ̯mbuɾu
belaunburua	be̞laomβ̞uɾua
belauntza	belauntsa
belauntzatarra	β̞elaunts̺at̪eɾɾa
belaxka	belaska
beldar	beldaɾ
beldur	bel̪d̪ur
beldurgabe	be̞ʝd̪uɾɣ̞abe
beldurkor	β̞eld̪uɾkõɾ
beldurrarekin	belð̞uɾɾaekin
beldurtu	bel̪d̪uɾt̪o
bele	bele
belgika	belɣ̞ika
belgikar	be̞lɣ̞ikar
beltx	be̞lʲtʃ
beltz	beːlˈts
beltz	be̞lts̻
beltzarana	be̞lt̪s̺aɾana
belz	be̞ls̻
belzkeria	β̞elskeɾia
benarriz	benaɾɾiʃ
benavides	benaβ̞jð̞es
beneras	beneɾas
benetakoa	benetakoha
bengoetxea	β̞eŋgoetʃea
bentosa	β̞ẽn̪t̪õ̞sa
bentzu	bẽ̞nts̻u
bentzute	bẽ̞nts̻ut̪e̞
bentzuzki	bẽ̞nts̻us̻ki
bentzuzkite	bẽ̞nts̻us̻kit̪e̞
bepuru	bepuɾu
bera	beɾa
beraiek	beɾajek
berakatz	beɾakat̪z
berako	beɾako
berakuski	be̞ɾakus̺ki
berakuskite	be̞ɾakus̺kit̪e̞
berakutsa	be̞ɾakuts̺a
berakutsate	be̞ɾakuts̺at̪e̞
berandu	peɾanð̞u
berankor	beɾanko
berantiar	beɾentiaɾ
beraren	beɾaɾen
berariaz	be̞ɾaɾias
berastegi	beɾas̺t̪eɣ̞i
berastegi	beɾazt̪eɣ̞i
beratu	beɾatʊ
beraz	beɾas
beraz	beɾas̺
beraz	beɾas̻
berba	neɾba
berbaldi	bervalð̞i
berbaro	beɾβaro
berbazko	beɾbasko
berbera	bˌeɾβˈeɾa
berdantza-bart	be̞rð̞ant̪s̺abaɾt̪
berde	be̞rð̞e̞
berdeak	beɾd̪eak
berdexka	bˈeɾðeʃka
berdin	beɾð̞ĩŋ
berdin	be̞rð̞ĩn
berdindu	berð̞ĩn̪d̪u
berdintasun	berð̞ĩn̪t̪as̺ũn
berdintsu	berð̞ĩnts̺u
berdintsu	berð̞ĩnts̻u
berdintza	berð̞ĩnts̻a
berdinzaletasun	be̞rð̞ĩn̪s̺alẽt̪as̺un
bere	ber
bere	beɾe
berean	beɾeaŋ
berebiziko	beɾeβ̞isiko
beregain	beleɣ̞ain
bereiz	beɾejs
bereizezin	beɾeis̻ẽs̺ĩŋ
berek	beɾek
berekoikeria	beɾeko̞ikeɾia
beren	beɾẽn
beren-beregi	beɾẽnbeɾeɣ̞i
berenjena	beɾenx̺ẽma
beresi	β̞eɾesi
beretik	berɛtik
berez	beɾes
berezia	beɾeia
bereziki	beɾes̺iki
bereziki	beɾes̻iki
berezitasun	beɾes̺it̪as̺ũn
berezitasun	beɾes̻it̪as̺ũn
bergara	berɣ̞aɾa
beriain	peɾiaĩ̯n
beribil	β̞eɾiβ̞iʝ
berilio	beɾilio
berina	beɾiːna
berma	beɾmɑ
bermapuntu	β̞eɾmapũn̪t̪u
bermatu	bermat̪u
bermatu	be̞rmaku
bermatu	be̞rmatu
bermatzaile	be̞rmat̪s̺ai̯lẽn
berme	be̞rme̞
berme	neɾme
bermeo	beɾmeɔ
bermiforme	berniforme
bernedo	berneð̞o
bero	beˈrɑb
bero	be̞ɾo̞
beroa	be̞ɾo̞a
beroate	be̞ɾo̞at̪e̞
beroatza	be̞ɾo̞ats̻a
beroatzate	be̞ɾo̞ats̻at̪e̞
berokia	beɾɔkia
berori	beɾoɾi
berpiztu	be̞rpis̻t̪u
berrantolaketa	be̞rant̪o̞lakẽt̪a
berraztertu	berɾastẽɾtu
berregin	be̞re̞ɣ̞ĩn
berregituratzen	be̞re̞e̞ɣ̞it̪uɾat̪s̻en
berreraiketa	be̞rɾe̞ɾai̯keta
berrerospen	beɾɾeɾozpẽn
berreskuratu	be̞rɾes̻kuɾat̪o
berrezarkuntza	be̞ɾɾes̺aɾkunt̪s̻a
berri	berɾɪ
berri	be̞ri
berriatua	berɾiatʊa
berrikuntza	be̞rikunt̪s̺a
berriro	beriɾo
berritu	berit̪u
berriz	beɾɾiz
berriztatu	be̞rris̻t̪at̪u
berrobi	beroβ̞i
berrobitarra	beɾɾobit̪ara
berrogei	beroɣ̞ei̯
berrordainketa	berɾo̞ɾd̪ai̯nke̞t̪a
bertaratu	bəɾtaɾãt̪u
bertigo	β̞eɾt̪jɣ̞o
bertso	bertsjo
bertso	be̞rts̺o̞
bertsolari	bertsolaɾi
bertsolari	berts̺olaɾi
bertsolari	berts̻olaɾi
bertsolari	be̞s̺t̪s̺olaɾi
bertsolariak	be̞ɾt̪ʃolaɾiak
bertute	bertote
bertzin	beɾtsĩn
berun	bedum
berun	beɾũn
besape	besape
besape	be̞s̺ape̞
besapea	beʃapea
besarkada	bes̺arkað̞a
besarkatu	bes̺arkat̪u
beso	bes̺o
besoa	beʃoa
besoak	be̞s̺oak
besobakar	besobakaɾ
besoko	besoko
bestaldetik	bes̺t̪aal̪d̪e̞t̪ik
beste	be̞s̺t̪e̞
beste	bˈeste
besteko	best̪ekõ
bestelako	best̪elako
bestenaz	be̞s̺t̪e̞nas̺
besterendu	bes̺t̪eɾẽn̪d̪u
besterentze	best̪eɾent̪s̺e
bet-betan	β̞etβ̞etãn
betarga	betarɣa
betargi	be̞t̪aɾɣ̞i
betaurreko	bet̪au̯reko
betaurrekoak	be̞t̪aurɾe̞koak
betazal	bet̪as̺al
betazal	bet̪as̻al
bete	be̞t̪e̞
betebeharrak	betebearɾak
beteko	beˈteko
betelan	bet̪e̞lan
betelu	betelo
beteri	beteni
betertz	bˈeteɾts
beti	be̞t̪i
betidanik	be̞t̪id̪anek
betiko	betiko
betikotu	beˈtikotu
betile	bet̪ile
betile	bet̪iʎe
betirako	met̪iɾako
betiraun	be̞t̪iɾaũn
betitik	beˈtiti
betor	bet̪or
betortz	bet̪orts
betoz	bet̪os
betoz	bet̪os̺
betoz	bet̪os̻
betsare	betʃaɾe
betza	bets̻a
betzulo	betsulo
beude	beu̯ð̞e
beuka	beu̯ka
beukate	beu̯kat̪e
beutza	beu̯ts̻a
beuzka	beu̯s̺ka
beuzka	beu̯s̻ka
beuzkate	beu̯s̺kat̪e
beuzkate	beu̯s̻kat̪e
beza	bes̺a
beza	bes̻a
bezagu	be̞s̻aɣ̞u
bezagute	be̞s̻aɣ̞ut̪e̞
bezaguzki	be̞s̻aɣ̞us̻ki
bezaguzkite	be̞s̻aɣ̞us̻kit̪e̞
bezain	besãĩ̯n
bezala	bes̺ala
bezala	bes̻ala
bezate	bes̺at̪e
bezate	bes̻at̪e
bezero	β̞ezseɾo
beztitu	bestitu
bi	bi
biak	biak
bibaka	bʝbaka
bibliotekari	bibiljotekaɾi
bibote	biβ̞ot̪e
bibotedun	bibotedum
bidali	bid̪ali
bidane	β̞jɾanẽ
bidarte	bið̞art̪e
bide	bide
bide	bið̞e
bidegile	bid̪e̞ɣ̞iʝe
bidegoian	bið̞eɣ̞oʝan
bidegorri	bið̞e̞ɣ̞o̞ri
bidelagun	bið̞elaɣ̞on
bideoan	β̞ið̞eoan
bideojoko	bid̪eoioko
bider	bʲið̞eɾ
bideragarri	bið̞eɾagari
bideraketa	bid̪eɾake̞t̪a
bideratzaile	bid̪eɾat̪s̺aie
biderketa	bid̪eɾke̞t̪a
bidesari	bið̞e̞s̺aɾi
bidezkotasun	bid̪es̺ko̞t̪as̺un
bidun	bidun
bidutzi	bʲið̞ut̪s̺i
biek	biek
bielorrusia	bielorus̺ia
bielorrusiera	bielorus̺ieɾa
biera	bieɾa
biga	bjɣ̞a
bigantxa	biɣ̞an̪t̪xa
bigarren	biɣ̞arẽn
bihankako	β̞iankako
bihar	biar
bihar	bihar
bihar	bjar
bihardu	biarð̞u
bihardu	biɦarð̞u
biharduka	biarð̞uka
biharduka	biɦarð̞uka
bihardukate	biarð̞ukat̪e̞
bihardukate	biɦarð̞ukat̪e̞
bihardute	biarð̞ut̪e̞
bihardute	biɦarð̞ut̪e̞
biharko	biarko
biharko	biharko
biharrera	biareɾa
biharrera	bihareɾa
bihartik	biart̪ik
bihartik	bihart̪ik
bihitegi	bihit̪eɣ̞i
bihitegi	bit̪eɣ̞i
bihoa	bihoa
bihoa	bixo
bihoa	bixoa
bihoaz	bihoas̻
bihoaz	bixoas̺
bihoaz	bixoas̻
bihotz	bio̞ts̻
bihotz	biɦo̞ts̻
bihotzondoko	bijot̪s̺o̞ɲd̪oko
bihozberatasun	bios̺beɾat̪as̺un
bihur	biur
bihur	biɦur
bihurri	biuri
bihurri	biɦuri
bihurritu	biurit̪u
bihurritu	biɦurit̪u
bihurritu	bjuɾɾit̪u
bihurtu	biurt̪u
bihurtu	biɦurt̪u
bikain	bikãĩ̯n
bikain	biːkaj
bikaina	bikaina
bike	ike
bikini	beˈkini
bikoitz	biko̞i̯ts̻
bikote	bikoˈte
bikote	biko̞t̪e̞
bikotekide	biko̞t̪ekið̞e
bikun	bikːunː
bila	bila
bila	biʎa
bilaka	β̞jʝaka
bilakaera	biʝakaeɾa
bilakatu	bilakato
bilaketak	biʎaketak
bilan	biʒan
bilatu	bilat̪u
bilatu	biʎat̪u
bilbadura	bʲilβ̞að̞ula
bilbatu	bolʲbatu
bilbo	bilβ̞o
bilbo	milbo
bilbotar	bilβ̞ot̪ar
bildil	bil̪d̪il
bildu	bildu
bildu	bil̪d̪u
bilduki	β̞jllwki
bilduma	β̞jld̪uma
bildumen	β̞jllð̞umen
biletea	bidʒetea
bilgarri	bjlɣ̞ari
bilintx	bˈiliŋt
bilkura	bˌilkˈuɾˈa
bilo	bila
biltegi	bʲilteɣ̞i
bilur	bilur
bilur	bilʲiuɾ
bilur	biʎur
bilurtu	bʲiɫjuɾtu
biluzgorritu	bilusgorritu
binaka	bʲinʲaka
bio	bio
biografia	bioβ̞ɾafia
biokimika	bjokimika
biola	viola
biologia	bioloɣ̞ia
biologia	bjoloɣ̞ia
biologiak	bioloɣ̞iak
bioteknologia	biotˈeknoloɣia
bira	biɾa
biragune	bjɾaɣ̞une
birao	biɾao̞
birarazi	β̞jɾaɾasi
birau	biɾau̯
biraute	biɾau̯t̪e̞
birbidali	β̞jɾβ̞jd̪ali
birbirra	birbira
biri	biɾi
biribil	β̞jɾiβ̞jɟʝ
biribildu	biɾibilɟu
biribilgune	beɾibjlɣ̞une
biribilketa	biɾiβ̞ilket̪a
birigarro	biɾiɣ̞aro
birika	biɾika
birikodi	bilikod̪i
birla	bʝɾla
birramona	bjɾamona
birreta	bireta
birrindu	β̞jrĩŋd̪u
birudi	biɾuð̞i
birudite	biɾuð̞it̪e̞
bisa	bisa
bisita	bisita
bisita	bis̺it̪a
bista	bista
bista	bis̺t̪a
bisualki	bis̺uaɾkiː
bisuts	bis̺uts̺
bitartean	bit̪art̪eãn
bitartekari	bit̪art̪e̞kaɾi
bitasun	β̞it̪as̺on
bitez	bit̪es̺
bitez	bit̪es̻
bits	bˈit
bitsa	bit̪sa
bitsadera	bit̪θað̞eɾa
bittori	bˈitʃˈoˈɾiˈ
bitxi	biːtʃi
bitxigintza	bitʃigintsa
bitxitasun	β̞it̪ʃit̪as̺ũŋ
bitza	bits̻a
bitzate	bits̻at̪e
bitzuk	bˈitsuk
bixika	bjjʃika
biz	bis̺
biz	bis̻
bizar	bis̻ar
bizi	bis̺i
bizi	bis̻i
bizi	bizi
biziki	biziki
bizikiro	bisˈikiɾo
bizikleta	bis̻ikle̞t̪a
bizikor	bisikoɾ
bizilagun	β̞isilaɣ̞ũn
bizimodu	bis̺imoð̞u
bizimodu	bis̻imoð̞u
bizinahi	mis̺inahi
bizitza	bis̺its̻a
bizitza	bis̻its̻a
bizkaia	bis̺kai̯a
bizkaia	bis̻kai̯a
bizkaiko	biskaiko
bizkaitar	biskait̪aɾ
bizkar	bis̺kar
bizkar	bis̻kar
bizkarkia	biskaɾkia
bizkarrezur	bis̺kaɾae̞s̺uɾ
bizkitartean	bʲis̻kʲijt̪aɾtʲean
bizkor	biskoɾ
bizkortasun	bis̻ko̞rt̪as̺um
bizkortu	bizkoɾtu
bizkortuko	biskoɾtuko
bizpahiru	bis̺pai̯ɾu
bizpahiru	bis̻pahiɾu
bizpahiru	bis̻pai̯ɾu
biztanle	bis̺t̪ãnle
biztanle	bis̻t̪ãnle
biztanlea	bis̺t̪ẽn̪lea
blasfemia	blasfemia
blog	blɔg
blok	blˈɑk
bloke	bloke
boilur	bo̞i̯lur
boilur	bo̞ʎur
bokadilo	bokad̪iʝõ
bokal	fokal
bokalarteko	boθalaɾt̪eko
bokale	bo̞kale̞
bolada	bo̞lað̞a
bolante	bo̞lãn̪t̪e̞
boleibola	bolejbola
boli	boli
boli	bolʲi
bolibar	boliβ̞ar
bolibar	bˌoliβˈaɾ
boligrafo	boliɣ̞rafo
boligrafo	boljgɾafɔ
bolondres	bolõn̪d̪ɾes
boluntariotza	bolunt̪aɾie̞t̪s̺a
bordeles	β̞oɾð̞eles
boro	bo̞ɾo̞
boroa	borua
borondatezko	bõɾõn̪d̪at̪esko
boronde	bo̞ɾõ̞n̪d̪e̞
borrero	bo̞re̞ɾo̞
borrokalariak	boɾrokalai̯ɾiak
borrokaleku	boɾɾokalekuu
bort	bɔrt
bortitz	boɾt̪it̪s
bortizkeria	β̞ort̪iskeɾia
bortiztu	β̞ort̪ist̪u
bortu	portu
bortxa	bõɾt̪xa
bortxatu	borˈtʃato
bosgarren	boz̺ɣ̞arẽn
boskatu	bos̺kat̪o
boskoitz	bo̞s̺ko̞i̯ts̻
bosniera	boz̺nieɾa
bost	bost
bost	bo̞s̺t̪
bosten	bos̺t̪ẽn
bostortz	bo̞s̺t̪o̞rts̻
bota	bo̞t̪a
botagale	ˈotagale
botako	botako
botanika	botanika
botatzen	bo̞t̪at̪s̺ẽn
botere	bo̞t̪e̞ɾe̞
botika	bɔtika
botikari	bɔtikari
botila	bot̪ila
botila	bot̪iʎa
boto	bo̞t̪o̞
botoi	bot̪oi̯
boxeo	β̞okseõ
boz	bos̺
boz	bos̻
bozkatu	boskatu
bozkatu	bo̞s̻kat̪u
bozketa	bosketa
bozketa	bos̺ket̪a
bozketa	bos̻ket̪a
brakiopodo	bɾakiopoðo
brankia	brãŋkia
brast	brast
brea	brɛa
bretoiera	bret̪oi̯eɾa
brida	briga
bridak	bridak
brinkola	bɾinkɔla
britania	bɾitania
broma	bɾˈoma
bromoa	bɾəmoːaː
bronkiolo	bɾˌonkjˈolo
brotxeta	brotʃəta
brusa	brus̺a
brusa	bɾusa
budismo	β̞uð̞izmo
bufalo	bufalˈɛ̃
buhame	buame
buiraka	bujɾakˈa
bukatu	bukat̪u
bukatu	bukˈatu
bukatua	bukatua
bular	bular
bularki	bularki
bularralde	β̞ularal̪d̪e
bularretako	bularet̪ako
bularretakoa	gulaɾɾet̪akoa
bulartsu	β̞ulˈaɾtʃu
bulebar	boːleːbaːr
bulgaria	bulɣ̞aɾia
bulgarian	bulɣ̞aɾiãn
bulgariera	bulɣ̞aɾieɾa
bulimia	bolimja
bulkada	β̞olkað̞a
bultzakada	β̞ol̪t̪s̺akað̞a
bultzatu	bultsatu
bumeran	bume̞ɾãn
bunbuilo	bumbujo
bur-bur	burbur
burbina	buɾβ̞jnʝa
burdina	burð̞ina
burdina	burð̞iɲa
burdinbide	burð̞ĩmbið̞e̞
burdindegi	β̞uɾt̪ĩŋd̪eɣ̞i
burdingintza	burð̞iŋgĩnts̻a
burdinola	bwɾð̞iɲola
burko	burko
burrunba	buɾɾwmba
burtain	burˈtajn
buru	buɾu
buru-estalki	buɾuest̪alki
burua	buɾua
burubide	β̞ulubið̞e
burudun	bwɾuð̞un
buruera	buɾue̞ɾa
buruera	bˌuɾˈuˈɛɾa
burugogor	buɾuɣ̞oɣ̞or
buruil	buɾui̯l
burujabe	buɾuʝaˈbe
burujabetza	buɾuʝaβ̞et̪s̺a
burukomin	buɾuko̞mĩn
burumakur	buɾumakuɾ
buruments	bwɾwmẽn̪t̪s
burumuin	buɾumũĩ̯n
burusoil	buɾus̺oi̯l
buruz	buɾus̻
busti	busti
busti	bus̺t̪i
bustialdi	bus̺t̪ial̪d̪i
bustidura	bus̺t̪ið̞uɾa
bustitasun	β̞us̺t̪it̪as̺on
buztan	bus̻t̪ãn
buztin	bustin
buztingintza	bust̪ĩŋɣ̞ĩn̪t̪s̺a
buztinlari	bust̪ĩnlaɾi
bypass	bai̯pas̺
byte	bai̯t̪
caboverdetar	kaβ̞oβ̞erð̞et̪ar
camembert	kamẽmber
camembert	kamẽmbert̪
camping	kãmpin
camping	kãmpĩn
campus	kampus
campus	kãmpus̺
canberrar	kanberaɾ
cancer	kãns̺er
cancer	kãns̻er
capoeira	kapoei̯ɾa
capricornus	kaprikornus̺
caracastar	kaɾakas̻t̪aɾ
carmeltazita	karmel̪t̪as̺it̪a
carmeltazita	karmel̪t̪as̻it̪a
casting	kas̺t̪ĩn
catering	kat̪eɾĩn
cava	kava
cava	kaβ̞a
cello	tʃelo
chantilly	ʃãn̪t̪iʎi
charleston	tʃarles̺t̪õn
charter	tʃart̪er
chauvinista	tʃoβ̞inis̺t̪a
chef	tʃef
chef	ʃef
chicane	tʃikane
chihuahua	tʃiwawa
cicerone	s̺is̺eɾone
cicerone	s̻is̻eɾone
clown	klãũ̯n
collage	kolaʃ
collage	kolaʒ
collie	koli
copyleft	kopileft̪
copyright	kopirai̯t̪
corpus	korpus̺
costarricar	kos̺t̪arikar
coulomb	kulõm
coulomb	kulõmb
country	kãũ̯n̪t̪ri
cowboy	kau̯β̞oi̯
cricket	kriket̪
croissant	krwas̺ãn
cromlech	krõmletʃ
cross	kros̺
cumbia	kũmbia
curling	kurlĩn
curriculum	kurikulũm
curry	kuri
d	d
d	d̪e̞
da	dˈa
da	d̪a
da;	d̪a
dabil	d̪aβ̞il
dabilela	d̪aβ̞ile̞la
dabilela	d̪aβ̞iʎe̞la
dabilen	d̪aβ̞ilẽn
dabilen	d̪aβ̞iʎẽn
dabilke	d̪aβ̞ilke
dabiltza	d̪aβ̞iltsa
dabiltza	d̪aβ̞ilts̻a
dabiltzala	d̪aβ̞ilts̻ala
dabiltzan	d̪aβ̞ilts̻ãn
dabilzke	d̪aβ̞ils̺ke
dabilzke	d̪aβ̞ils̻ke
dadaismo	ð̞að̞aismõ
dadila	d̪að̞ila
dadila	d̪að̞iʎa
dadin	d̪að̞ĩn
dagerrotipo	dˈageɾɾotˈipo
dagi	d̪aɣ̞i
dagigu	d̪aɣ̞iɣ̞u
dagik	d̪aɣ̞ik
dagin	d̪aɣ̞ĩn
dagit	d̪aɣ̞it̪
dagite	d̪aɣ̞it̪e
dagitza	d̪aɣ̞its̻a
dagitzagu	d̪aɣ̞its̻aɣ̞u
dagitzak	d̪aɣ̞its̻ak
dagitzan	d̪aɣ̞its̻ãn
dagitzat	d̪aɣ̞its̻at̪
dagitzate	d̪aɣ̞its̻at̪e
dagitzazu	d̪aɣ̞its̻as̺u
dagitzazu	d̪aɣ̞its̻as̻u
dagitzazue	d̪aɣ̞its̻as̺ue
dagitzazue	d̪aɣ̞its̻as̻ue
dagizu	d̪aɣ̞is̺u
dagizu	d̪aɣ̞is̻u
dagizue	d̪aɣ̞is̺ue
dagizue	d̪aɣ̞is̻ue
dago	d̪aɣ̞o
dago:	d̪aɣ̞o
dagoela	d̪aɣ̞oela
dagoen	d̪aɣ̞oẽn
dagoke	d̪aɣ̞oke
dagonil	d̪aɣ̞onil
dailari	d̪aʝlaɾi
daiteke	d̪ai̯t̪eke
daitekek	d̪ai̯t̪ekek
daiteken	d̪ai̯t̪ekẽn
daitezela	d̪ai̯t̪es̺ela
daitezela	d̪ai̯t̪es̻ela
daitezen	d̪ai̯t̪es̺ẽn
daitezen	d̪ai̯t̪es̻ẽn
daitezke	d̪ai̯t̪es̺ke
daitezke	d̪ai̯t̪es̻ke
daitezkek	d̪ai̯t̪es̺kek
daitezkek	d̪ai̯t̪es̻kek
daitezken	d̪ai̯t̪es̺kẽn
daitezken	d̪ai̯t̪es̻kẽn
dakar	d̪akar
dakar	d̪ekaɾ
dakargu	d̪ekaɾɣ̞u
dakark	d̪ekaɾk
dakart	d̪ekaɾt̪
dakarte	d̪ekaɾt̪e
dakartzate	d̪akɦart̪z̺at̪e
dakartzazue	d̪akarts̻as̻uɛ
daki	d̪aki
dakigu	d̪akiɣ̞u
dakik	d̪akik
dakin	d̪akĩn
dakit	dakʲit
dakit	d̪akit̪
dakite	dakite
dakite	d̪akit̪e̞
dakizki	d̪akis̻ki
dakizkigu	d̪akis̻kiɣ̞u
dakizkik	d̪akis̻kik
dakizkin	d̪akis̻kĩn
dakizkit	d̪akis̻kit̪
dakizkite	d̪akis̻kit̪e̞
dakizkizu	d̪akis̻kis̻u
dakizkizue	d̪akis̻kis̻ue̞
dakizu	d̪akis̻u
dakizue	d̪akis̻ue̞
dakusa	d̪akus̺a
dakusagu	d̪akus̺aɣ̞u
dakusak	d̪akus̺ak
dakusan	d̪akus̺ãn
dakusat	d̪akussat̪
dakusat	d̪akus̺at̪
dakusate	d̪akus̺at̪e̞
dakusazu	d̪akus̺as̻u
dakusazue	d̪akus̺as̻ue̞
dakuski	d̪akus̺ki
dakuskigu	d̪akus̺kiɣ̞u
dakuskik	d̪akus̺kik
dakuskin	d̪akus̺kĩn
dakuskit	d̪akus̺kit̪
dakuskite	d̪akus̺kit̪e̞
dakuskizu	d̪akus̺kis̻u
dakuskizue	d̪akus̺kis̻ue̞
daldara	d̪al̪d̪aɾa
dalia	t̪alja
dama	dama
damu	damu
damu	d̪amu
damutu	d̪amut̪u
damutuko	amutuko
damutzen	damut̪s̺ẽn
danbada	d̪emβ̞að̞a
danbor	d̪amβ̞oɾ
danbor	d̪enboɾ
dandaka	ð̞ãn̪d̪ak
danga	d̪aŋa
dangada	d̪aŋgað̞a
dangateko	t̪aŋgat̪eko
daniar	ð̞aneaɾ
daniera	d̪anie̞ɾa
danimarka	d̪animarka
dantza	d̪ãnts̻a
dantzu	d̪ãnts̻u
dantzugu	d̪ãnts̻uɣ̞u
dantzuk	d̪ãnts̻uk
dantzuke	tant̪s̺uke
dantzun	d̪ãnts̻ũn
dantzut	d̪ãnts̻ut̪
dantzute	d̪ãnts̻ut̪e̞
dantzuzki	d̪ãnts̻us̻ki
dantzuzkigu	d̪ãnts̻us̻kiɣ̞u
dantzuzkik	d̪ãnts̻us̻kik
dantzuzkin	d̪ãnts̻us̻kĩn
dantzuzkit	d̪ãnts̻us̻kit̪
dantzuzkite	d̪ãnts̻us̻kit̪e̞
dantzuzkizu	d̪ãnts̻us̻kis̻u
dantzuzkizue	d̪ãnts̻us̻kis̻ue̞
dantzuzu	d̪ãnts̻us̻u
dantzuzue	d̪ãnts̻us̻ue̞
dar-dar	d̪aɾð̞aɾ
darakuski	d̪aɾakus̺ki
darakuskigu	d̪aɾakus̺kiɣ̞u
darakuskik	d̪aɾakus̺kik
darakuskin	d̪aɾakus̺kĩn
darakuskit	d̪aɾakus̺kit̪
darakuskite	d̪aɾakus̺kit̪e̞
darakuskizu	d̪aɾakus̺kis̻u
darakuskizue	d̪aɾakus̺kis̻ue̞
darakutsa	d̪aɾakuts̺a
darakutsagu	d̪aɾakuts̺aɣ̞u
darakutsak	d̪aɾakuts̺ak
darakutsan	d̪aɾakuts̺ãn
darakutsat	d̪aɾakuts̺at̪
darakutsate	d̪aɾakuts̺at̪e̞
darakutsazu	d̪aɾakuts̺as̻u
darakutsazue	d̪aɾakuts̺as̻ue̞
darama	d̪aɾama
daramatzate	d̪aɾamast̪at̪e
daratulu	d̪aɾat̪ulu
dardara	d̪arð̞aɾa
dardaratu	d̪arð̞aɾat̪u
darik	d̪aɾik
darin	d̪aɾĩn
daroa	d̪aɾoa
daroagu	d̪aɾoaɣ̞u
daroak	d̪aɾoak
daroan	d̪aɾoãn
daroat	d̪aɾoat̪
daroate	d̪aɾoat̪e
daroatza	d̪aɾo̞ats̻a
daroatzagu	d̪aɾo̞ats̻aɣ̞u
daroatzak	d̪aɾo̞ats̻ak
daroatzan	d̪aɾo̞ats̻ãn
daroatzat	d̪aɾo̞ats̻at̪
daroatzate	d̪aɾo̞ats̻at̪e̞
daroatzazu	d̪aɾo̞ats̻as̻u
daroatzazue	d̪aɾo̞ats̻as̻ue̞
daroazu	d̪aɾoas̺u
daroazu	d̪aɾoas̻u
daroazue	d̪aɾoas̺ue
daroazue	d̪aɾoas̻ue
dastatu	ð̞ast̪at̪u
data	d̪at̪a
data	nð̞at̪a
datak	d̪at̪ak
dateke	d̪at̪eke
datil	d̪at̪
dator	d̪at̪or
datorke	d̪at̪orke
datorrela	d̪at̪orela
datorren	d̪at̪orẽn
datoz	d̪at̪os̺
datoz	d̪at̪os̻
datozela	d̪at̪os̺ela
datozela	d̪at̪os̻ela
datozen	d̪at̪os̺ẽn
datozen	d̪at̪os̻ẽn
datozke	d̪at̪os̺ke
datozke	d̪at̪os̻ke
datu	datu
datu	d̪at̪u
datu-korronte	ð̞at̪ukoɾɾont̪e
datxekie	d̪atʃekie
datxekigu	d̪atʃekiɣ̞u
datxekik	d̪atʃekik
datxekin	d̪atʃekĩn
datxekio	d̪atʃekio
datxekit	d̪atʃekit̪
datxekizu	d̪atʃekis̺u
datxekizu	d̪atʃekis̻u
datxekizue	d̪atʃekis̺ue
datxekizue	d̪atʃekis̻ue
datxezkie	d̪atʃes̺kie
datxezkie	d̪atʃes̻kie
datxezkigu	d̪atʃes̺kiɣ̞u
datxezkigu	d̪atʃes̻kiɣ̞u
datxezkik	d̪atʃes̺kik
datxezkik	d̪atʃes̻kik
datxezkin	d̪atʃes̺kĩn
datxezkin	d̪atʃes̻kĩn
datxezkio	d̪atʃes̺kio
datxezkio	d̪atʃes̻kio
datxezkit	d̪atʃes̺kit̪
datxezkit	d̪atʃes̻kit̪
datxezkizu	d̪atʃes̺kis̺u
datxezkizu	d̪atʃes̻kis̻u
datxezkizue	d̪atʃes̺kis̺ue
datxezkizue	d̪atʃes̻kis̻ue
datza	d̪ats̻a
daude	d̪au̯ð̞e
daudeke	d̪au̯ð̞eke
daudela	d̪au̯ð̞ela
daudelako	d̪au̯d̪elako
dauden	d̪au̯ð̞ẽn
dauka	dau̯ka
dauka	d̪au̯ka
daukagu	d̪au̯kaɣ̞u
daukak	dau̯kak
daukak	d̪au̯kak
daukan	d̪au̯kan
daukan	d̪au̯kãn
daukat	d̪au̯kat̪
daukate	d̪au̯kat̪e
daukaten	mau̯kat̪ẽn
daukazu	d̪au̯kas̺u
daukazu	d̪au̯kas̻u
daukazue	d̪au̯kas̺ue
daukazue	d̪au̯kas̻ue
dautza	d̪au̯ts̻a
dauzka	d̪au̯s̺ka
dauzka	d̪au̯s̻ka
dauzkagu	d̪au̯s̺kaɣ̞u
dauzkagu	d̪au̯s̻kaɣ̞u
dauzkak	d̪au̯s̺kak
dauzkak	d̪au̯s̻kak
dauzkan	d̪au̯skan
dauzkan	d̪au̯s̺kãn
dauzkan	d̪au̯s̻kãn
dauzkat	d̪au̯s̺kat̪
dauzkat	d̪au̯s̻kat̪
dauzkate	d̪au̯s̺kat̪e
dauzkate	d̪au̯s̻kat̪e
dauzkazu	d̪au̯s̺kas̺u
dauzkazu	d̪au̯s̺kas̻u
dauzkazu	d̪au̯s̻kas̻u
dauzkazue	d̪au̯s̺kas̺ue
dauzkazue	d̪au̯s̻kas̻ue
dazagu	d̪as̻aɣ̞u
dazagugu	d̪as̻aɣ̞uɣ̞u
dazaguk	d̪as̻aɣ̞uk
dazagun	d̪as̻aɣ̞ũn
dazagut	d̪as̻aɣ̞ut̪
dazagute	d̪as̻aɣ̞ut̪e̞
dazaguzki	d̪as̻aɣ̞us̻ki
dazaguzkigu	d̪as̻aɣ̞us̻kiɣ̞u
dazaguzkik	d̪as̻aɣ̞us̻kik
dazaguzkin	d̪as̻aɣ̞us̻kĩn
dazaguzkit	d̪as̻aɣ̞us̻kit̪
dazaguzkite	d̪as̻aɣ̞us̻kit̪e̞
dazaguzkizu	d̪as̻aɣ̞us̻kis̻u
dazaguzkizue	d̪as̻aɣ̞us̻kis̻ue̞
dazaguzu	d̪as̻aɣ̞us̻u
dazaguzue	d̪as̻aɣ̞us̻ue̞
dazita	d̪aθit̪a
de	d̪e̞
deabru	d̪e̞aβ̞ru
deabrukeria	d̪eaβ̞rukeɾia
debalde	d̪ebal̪d̪e
debekatu	d̪eβ̞ekat̪w
debekualdi	t̪e̞b̞ekualð̞iʝ
debekuzko	d̪e̞bẽkus̺koɾ
deboilatu	d̪eβ̞ojlat̪
defendatu	ð̞efẽn̪d̪at̪u
defentsari	ð̞efent̪ʃaɾi
definitu	definitu
dei	d̪e̞i̯
deia	d̪e̞i̯a
deiadar	ð̞eialaɾ
deialdi	d̪eʝalð̞i
deien	d̪e̞i̯ẽ̞n
deiez	d̪ei̯es̺
deiez	d̪ei̯es̻
deira	d̪ei̯ɾa
deiri	d̪ei̯ɾi
deitara	d̪ei̯t̪aɾa
deitore	ð̞e̞jt̪o̞ɾe
deitu	d̪ei̯t̪u
deitura	d̪e̞i̯t̪uɾa
deiturikoa	d̪e̞i̯t̪uɾikoa
deliberamendu	ð̞ɪliβ̞eɾamend̪u
deliberatu	ðeliβ̞eɾat̪u
delibero	deliβ̞eɾo
delikatu	t̪elikat̪u
delineatu	ð̞eljneat̪u
dema	d̪em
demas	d̪emas
demokratiko	d̪emokɾt̪iko
demokraziak	d̪emɔkɾas̺iak
den	d̪e̞n
denak	d̪enak
denda	d̪ẽn̪d̪a
dendari	d̪ẽn̪d̪aɾi
dendaria	ð̞e̞nð̞aɾia
dendrograma	ð̞ẽn̪d̪ɾoɣ̞ɾama
denean	d̪eneãmb
denetariko	ð̞e̞ne̞t̪aɾiko
dentista	ð̞ent̪izt̪a
dentsitate	d̪e̞ntsit̪at̪e
departamendu	d̪epaɾt̪ament̪u
derrigortu	d̪e̞riɣ̞o̞rt̪u
desagertu	d̪e̞s̺aɣ̞e̞rt̪u
desagertu	ð̞es̺aɣ̞e̞rt̪u
desamortizatu	ð̞es̺amolt̪is̻at̪u
desberdin	d̪e̞z̺β̞e̞rð̞ĩn
desberdina	ð̞esβ̞eɾð̞iɲa
desberdintasun	d̪e̞z̺β̞e̞rð̞ĩn̪t̪as̺ũn
desbideraketa	ð̞es̺bid̪eɾake̞t̪a
desegigo	d̪es̺eɣ̞iɣ̞o
desegin	d̪es̺eɣ̞ĩn
desertua	ð̞es̺ɛɾtua
desfile	ð̞esfile
desira	d̪e̞s̺iɾa
desiragarri	ð̞esiɾaɣ̞aɾɾi
desiratu	d̪es̺iɾat̪u
desiratu	ð̞esiɾat̪u
deskargatu	d̪e̞s̺karɣ̞at̪u
deskargatzeko	ð̞es̺kãɾnats̻e̞kõ
deskonektatu	ð̞eskonekt̪at̪w
desleial	ð̞esleial
desobedientzia	d̪es̺oβ̞eð̞ĩˌemt̪s̺ia
desosegu	d̪es̺os̺eɣ̞w
despedida	ð̞ezpeð̞ið̞a
despiskatu	d̪es̺piz̻kat̪u
despit	d̪e̞s̺pit̪
destorbu	ð̞est̪oɾβ̞u
deustu	ð̞eu̯st̪u
dezaala	d̪es̺aala
dezaala	d̪es̻aala
dezaan	d̪es̺aãn
dezaan	d̪es̻aãn
dezadala	d̪es̺að̞ala
dezadala	d̪es̻að̞ala
dezadan	d̪es̺að̞ãn
dezadan	d̪es̻að̞ãn
dezagula	d̪es̺aɣ̞ula
dezagula	d̪es̻aɣ̞ula
dezagun	d̪es̺aɣ̞ũn
dezagun	d̪es̻aɣ̞ũn
dezake	d̪es̺ake
dezake	d̪es̻ake
dezakegu	d̪es̺akeɣ̞u
dezakegu	d̪es̻akeɣ̞u
dezakek	d̪es̺akek
dezakek	d̪es̻akek
dezaken	d̪es̺akẽn
dezaken	d̪es̻akẽn
dezaket	d̪es̺aket̪
dezaket	d̪es̻aket̪
dezakete	d̪es̺aket̪e
dezakete	d̪es̻aket̪e
dezakezu	d̪es̺akes̺u
dezakezu	d̪es̻akes̻u
dezakezue	d̪es̺akes̺ue
dezakezue	d̪es̻akes̻ue
dezala	d̪es̺ala
dezala	d̪es̻ala
dezan	d̪es̺ãn
dezan	d̪es̻ãn
dezanala	d̪es̺anala
dezanala	d̪es̻anala
dezanan	d̪es̺anãn
dezanan	d̪es̻anãn
dezatela	d̪es̺at̪ela
dezatela	d̪es̻at̪ela
dezaten	d̪es̺at̪ẽn
dezaten	d̪es̻at̪ẽn
dezaten	ð̞esat̪em
dezazuela	d̪es̺as̺uela
dezazuela	d̪es̻as̻uela
dezazuen	d̪es̺as̺uẽn
dezazuen	d̪es̻as̻uẽn
dezazula	d̪es̺as̺ula
dezazula	d̪es̻as̻ula
dezazun	d̪es̺as̺ũn
dezazun	d̪es̻as̻ũn
diagonal	d̪jaɣ̞onal
diagrama	d̪iɣ̞ɾama
dialektika	dialektika
dibertitu	d̪iβ̞ert̪it̪u
dibertsio	d̪iβ̞erts̺io
dibertsio	d̪iβ̞erts̻io
dieta	d̪jet̪a
dihardu	d̪iarð̞u
dihardu	d̪iɦarð̞u
dihardugu	d̪iarð̞uɣ̞u
dihardugu	d̪iɦarð̞uɣ̞u
diharduk	d̪iarð̞uk
diharduk	d̪iɦarð̞uk
diharduka	d̪iarð̞uka
diharduka	d̪iɦarð̞uka
dihardukagu	d̪iarð̞ukaɣ̞u
dihardukagu	d̪iɦarð̞ukaɣ̞u
dihardukak	d̪iarð̞ukak
dihardukak	d̪iɦarð̞ukak
dihardukan	d̪iarð̞ukãn
dihardukan	d̪iɦarð̞ukãn
dihardukat	d̪iarð̞ukat̪
dihardukat	d̪iɦarð̞ukat̪
dihardukate	d̪iarð̞ukat̪e̞
dihardukate	d̪iɦarð̞ukat̪e̞
dihardukazu	d̪iarð̞ukas̻u
dihardukazu	d̪iɦarð̞ukas̻u
dihardukazue	d̪iarð̞ukas̻ue̞
dihardukazue	d̪iɦarð̞ukas̻ue̞
dihardun	d̪iarð̞ũn
dihardun	d̪iɦarð̞ũn
dihardut	d̪iarð̞ut̪
dihardut	d̪iɦarð̞ut̪
dihardute	d̪iarð̞ut̪e̞
dihardute	d̪iɦarð̞ut̪e̞
diharduzu	d̪iarð̞us̻u
diharduzu	d̪iɦarð̞us̻u
diharduzue	d̪iarð̞us̻ue̞
diharduzue	d̪iɦarð̞us̻ue̞
dikotomia	dikotomia
diktadura	ð̞ikt̪d̪uɾa
diktaketa	d̪ikt̪ake̞t̪a
dingilizka	ð̞eŋgjliz̺ka
dion	lion
dionisia	ð̞ionikia
diostazue	ð̞io̞s̺t̪as̺ue
diotenean	iot̪enẽan
diploma	diploma
dira	d̪iɾa
dirateke	d̪iɾat̪eke
dirau	d̪iɾau̯
dirau	ð̞iɾau̯
diraugu	d̪iɾau̯ɣ̞u
dirauk	d̪iɾau̯k
diraun	d̪iɾãũ̯n
diraut	d̪iɾau̯t̪
diraute	d̪iɾau̯t̪e̞
dirauzu	d̪iɾau̯s̻u
dirauzue	d̪iɾau̯s̻ue̞
diren	ðiɾen
diru	d̪iɾu
diru	ðiɾu
dirua	niːruːa
dirudi	d̪iɾuð̞i
dirudigu	d̪iɾuð̞iɣ̞u
dirudik	d̪iɾuð̞ik
dirudin	d̪iɾuð̞ĩn
dirudit	d̪iɾuð̞it̪
dirudite	d̪iɾuð̞it̪e̞
dirudizu	d̪iɾuð̞is̻u
dirudizue	d̪iɾuð̞is̻ue̞
disfrutatu	d̪is̺frut̪at̪u
disko	d̪is̺ko̞
diskoetxe	d̪is̺ko̞e̞tʃe̞
distiratu	ð̞iz̺t̪ie̞ɾat̪u
dit	d̪it̪
ditu	ditu
ditu	dˈiːtˈu
ditu	d̪it̪u
ditugu	d̪it̪uɣ̞u
dituk	dituk
dituk	d̪it̪uk
ditun	dˈiːtˌun
ditun	d̪it̪ũn
ditut	d̪it̪ut̪
dituzke	d̪it̪us̺ke
dituzke	d̪it̪us̻ke
dituzkegu	d̪it̪us̺keɣ̞u
dituzkegu	d̪it̪us̻keɣ̞u
dituzkek	d̪it̪us̺kek
dituzkek	d̪it̪us̻kek
dituzken	d̪it̪us̺kẽn
dituzken	d̪it̪us̻kẽn
dituzket	d̪it̪us̺ket̪
dituzket	d̪it̪us̻ket̪
dituzkete	d̪it̪us̺ket̪e
dituzkete	d̪it̪us̻ket̪e
dituzkezu	d̪it̪us̺kes̺u
dituzkezu	d̪it̪us̻kes̻u
dituzkezue	d̪it̪us̺kes̺ue
dituzkezue	d̪it̪us̻kes̻ue
dituzte	d̪it̪us̺t̪e
dituzte	d̪it̪us̻t̪e
dituzu	d̪it̪us̻u
dituzue	d̪it̪us̺ue
dituzue	d̪it̪us̻ue
ditzaala	d̪its̻aala
ditzaan	d̪its̻aãn
ditzadala	d̪its̻að̞ala
ditzadan	d̪its̻að̞ãn
ditzagula	d̪its̻aɣ̞ula
ditzagun	d̪its̻aɣ̞ũn
ditzake	d̪its̻ake
ditzakegu	d̪its̻akeɣ̞u
ditzakek	d̪its̻akek
ditzaken	d̪its̻akẽn
ditzaket	d̪its̻aket̪
ditzakete	d̪its̻aket̪e
ditzaketen	nits̻aket̪e̞n
ditzakezu	d̪its̺akes̺s̻u
ditzakezu	d̪its̻akes̺u
ditzakezu	d̪its̻akes̻u
ditzakezue	d̪its̻akes̺ue
ditzakezue	d̪its̻akes̻ue
ditzala	d̪its̻ala
ditzan	d̪its̻ãn
ditzanala	d̪its̻anala
ditzanan	d̪its̻anãn
ditzatela	d̪its̻at̪ela
ditzaten	d̪its̻at̪ẽn
ditzazuela	d̪its̻as̺uela
ditzazuela	d̪its̻as̻uela
ditzazuen	d̪its̻as̺uẽn
ditzazuen	d̪its̻as̻uẽn
ditzazula	d̪its̻as̺ula
ditzazula	d̪its̻as̻ula
ditzazun	d̪its̻as̺ũn
ditzazun	d̪its̻as̻ũn
diziplinarteko	ð̞is̺iplĩn̪aɾt̪e̞ko
dizipulu	d̪is̺ipulu
dizipulu	d̪is̻ipulu
doa	d̪oa
doake	d̪oake
doako	doako
doan	d̪oãn
doan	d̪õn
doaz	d̪oas̺
doaz	d̪oas̻
doazen	d̪oas̺ẽn
doazen	d̪oas̻ẽn
doazke	d̪oas̺ke
doazke	d̪oas̻ke
dohainik	d̪oaɲik
dohainik	d̪ohai̯nik
doilorkeria	d̪oʝoɾkeɾia
doinu	d̪o̞i̯nu
doinu	d̪o̞ɲu
doinuera	d̪oɲue̞ɾa
doktrina	d̪oɣ̞t̪ɾjnʝa
dokumentu	d̪o̞kumẽ̞n̪t̪u
dolar	d̪o̞lar
dolar	ðˈolaɾ
dolare	d̪olaɾem
dolomita	d̪elomit̪a
dolore	doloɾe
doloros	d̪oloɾos
doltza	d̪ol̪t̪sa
dolu	dˈolu
dolumin	d̪oːlˈʌmiːnʝ
domeka	d̪o̞me̞ka
domingo	d̪omĩŋgʊ
donausle	d̪õŋauzle
done	d̪one
donostia	d̪onos̺t̪ia
dorpezia	d̪oɾpeθia
dorre	d̪ore
dorrea	d̪orea
dorretxe	d̪oretʃe
dortoka	dortoka
dortoka	d̪ort̪oka
dotore	d̪o̞t̪o̞ɾe̞
dozena	d̪o̞s̻e̞na
dragatz	ð̞ɾaɣ̞at̪s
droga	d̪roɣ̞a
dromedario	d̪romeð̞aɾio
du	d̪u
duda-muda	d̪uð̞amuð̞a
duela	d̪uela
duelako	d̪uelako
duen	dwˈen
dugu	d̪uɣ̞u
duk	duk
duk	d̪uk
duke	d̪uke
dukegu	d̪ukeɣ̞u
dukek	d̪ukek
duken	d̪ukẽn
duket	d̪uket̪
dukete	d̪uket̪e
dukezu	d̪ukes̺u
dukezu	d̪ukes̻u
dukezue	d̪ukes̺ue
dukezue	d̪ukes̻ue
dun	dˈun
dun	d̪ũn
durdurika	t̪uɾd̪uɾika
durundi	d̪uɾũn̪d̪i
dut	dˈut
dut	d̪ut̪
dute	dute
dute	d̪ut̪e
dute	ɖuːt̪e
dute:	d̪ut̪e
dutelako	d̪ut̪olako
duten	d̪ut̪ẽn̪t̪
dutenak	d̪ut̪e̞nak
dutenak	d̪ut̪ẽnak
dutxa	d̪ut̪a
duzu	d̪us̺u
duzu	d̪us̻u
duzue	d̪us̺ue
duzue	d̪us̻ue
dzast	d̪s̻as̺t̪
e	e̞
ea	ea
ea	ˈeːa
ebaketa	ɛbaket̪a
ebaki	eβ̞aki
ebakialdi	eβ̞akialð̞j
ebakidura	kebakið̞uɾa
ebakiko	ɛbakiko
ebakiondo	eβ̞akjõn̪d̪o
ebakitze	ebakitsˈe
ebakitzen	eβ̞akit̪s̺e
ebakortz	eβ̞akoɾt̪s
ebaluaketa	e̞baɫuaketa
ebanjelari	eβ̞anɣ̞elaɾi
ebanjeliko	eβ̞anɣ̞eliko
ebanjelio	eβ̞anɣ̞elio
ebanjelio	eβ̞aŋxelio
ebanjelio	eβ̞ãnʲdʒelio
ebanjelio	eβ̞ãɲjelio
ebanjelio	eβ̞ãɲɟelio
ebasgo	ebasgo
ebasle	eβ̞aʃle
ebaslea	eβ̞aslea
ebazle	eβ̞azle
ebiakoitz	ebiakoits
ebiakoitz	e̞β̞iako̞i̯ts̻
edabe	eðabe
edade	eð̞abe
edalontzi	eð̞alõn̪t̪si
edan	eð̞ãn
edango	eðaŋgo
edari	edaɾi
edari	eð̞aɾi
edariak	edaɾiak
edaritegi	edaɾitẽɣ̞i
edarrapi	esd̪aɾapi
edate	edat̪e
edaten	eɾat̪en
edatun	eð̞at̪ũn
edeki	eð̞ki
eder	eð̞er
eder	e̞ð̞e̞r
edermen	eð̞eɾmẽn̪
edertasun	eð̞ert̪as̺ũn
edertzen	ederts̺ẽn
ederzale	ed̪e̞ɾt̪s̺ale
edesti	ed̪est̪i
edin	e̞ð̞ĩn
edo	eð̞o
edonor	eð̞onor
edonor	keð̞onoɾ
edorta	e̞ð̞o̞rt̪a
edota	eɣ̞ot̪a
edozein	eð̞os̺ẽĩ̯n
edozein	eð̞os̻ẽĩ̯n
edozelan	eð̞oselaːn
edozer	eð̞os̺er
edozer	eð̞os̻er
edukazio	eð̞ukakio
eduki	eð̞uki
edukiarazi	eð̞ukiãɾasi
edukiera	edukieɾa
edukiko	eð̞ukiko
edukin	eð̞ukĩŋ
edukitze	eð̞ukits̻e
edukitzen	eð̞ukits̻ẽn
edukitzen	eð̞ukit̪s̻e
edun	e̞ð̞ũn
efe	e̞fe̞
efemeride	esfemeride
egarbera	eɣ̞aɾβ̞ela
egarri	eɣ̞ari
egarritu	eɣ̞arit̪u
egartsu	eɣ̞aɾtʃu
egia	e̞ɣ̞ia
egiantzeko	eɣ̞iãn̪t̪s̻e̞ko
egiatasun	eɣ̞iatas̺ũn
egiati	eɣ̞ilat̪i
egiaz	eɣ̞ias
egiaz	eɣ̞ias̺
egiaz	eɣ̞ias̻
egiazale	eɣ̞ias̺ale̞
egiazko	e̞ɣ̞ias̻ko̞
egiazkotasun	eɣ̞ias̺ko̞t̪as̻uɫa
egiaztatu	eɣ̞iastat̪u
egiaztatu	e̞ɣ̞ias̻t̪at̪u
egibehar	eɣ̞ĩnbe̞ɦar
egik	eɣ̞ik
egikari	eɣ̞ikaɾj
egile	eɣ̞ile
egile	eɣ̞iʎe
egin	eɣ̞ĩn
egin	peɣ̞ĩn
egina	eɣ̞jnʝa
eginarazi	eɣ̞ĩɲaɾaθi
eginbehar	eɣ̞ĩnbe̞ɦar
eginen	eɣ̞ĩŋẽn
eginerraz	eɣ̞ĩn̪e̞ɾɾas̺
egingo	eɣ̞iŋgo
egiodola	eɣ̞joð̞ola
egipto	eɣ̞it̪t̪o
egiptoera	eɣ̞jpt̪oe̞ɾa
egitarau	eɣ̞it̪aɾau̯
egitasmo	e̞ɣ̞it̪az̺mo̞
egite	eɣ̞it̪e
egiteko	eɣ̞it̪eko
egiten	eɣ̞it̪in
egiten	eɣ̞it̪ẽn
egitura	eɣ̞it̪ula
egituraketa	eɣ̞it̪uɾake̞t̪a
egituratzea	eɣ̞it̪ud̪at̪s̺ea
egitzak	eɣ̞its̻ak
egitzan	eɣ̞its̻ãn
egitzazu	eɣ̞its̻as̺u
egitzazu	eɣ̞its̻as̻u
egitzazue	eɣ̞its̻as̺ue
egitzazue	eɣ̞its̻as̻ue
egizu	eɣ̞is̺u
egizu	eɣ̞is̻u
egizue	eɣ̞is̺ue
egizue	eɣ̞is̻ue
egoera	eɣ̞oe̞ɾa
egoeretan	eɣ̞oe̞ɾe̞t̪ãn
egoile	eɣ̞oʝe
egoki	eɣoki
egokitasun	eɣ̞okit̪asũn
egokitu	eɣ̞okit̪u
egokitu	eʁokitˈu
egokituko	eɣokituko
egokitzapen	e̞gokits̻apẽ̞n
egon	eɣ̞õn̪
egon	e̞ɣ̞õ̞n
egonean	e̞ɣ̞õ̞n̪ean
egongo	eɣ̞oŋgo
egonkor	peɣ̞oŋkoɾ
egonkortu	eɣ̞õ̞nko̞ɾtu
egonleku	eɣ̞õn̪leku
egosaldi	eɣ̞osalð̞i
egosbera	eɣ̞os̺bela
egosi	eɣ̞o̞si
egosi	e̞ɣ̞o̞s̺i
egosiko	eɣ̞o̞s̺iko
egoskor	eɣ̞os̺kɾ
egote	eɣ̞ot̪e
egoten	eɣ̞ot̪e
egoten	eɣ̞ot̪ẽn
egozketa	eɣ̞os̻ke̞t̪a
egozten	egos̺t̪e̞n
eguarte	eɣ̞oaɾt̪e
eguazten	eɣ̞uast̪ẽn
eguazten	eɣ̞uas̻t̪ẽ̞n
eguazten	e̞ɣ̞uas̻t̪ẽ̞n
egubakoitz	e̞g̞uβ̞ako̞its̻
egubakoitz	e̞ɣ̞uβ̞ako̞i̯ts̻
eguberri	eɣ̞ube̞ri
eguberri	eɣ̞ube̞rɾi
eguberri	eɣ̞uβ̞eri
eguberri-kantu	eɣ̞ube̞rikant̪u
eguen	e̞ɣ̞uẽ̞n
eguen	ɛɣ̞uen
eguerdi	eɣ̞uerð̞i
eguerdian	eɣ̞ueɾð̞eãn̪
egun	eɣ̞ũn
egun	e̞ɣ̞ũn
eguna	eguna
egundo	eɣ̞ũn̪d̪o
egundo	eɣ̞ũn̪t̪d̪o
egundu	eɣ̞ũnd̪u
eguneko	ɛɣ̞uneko
eguneratzen	e̞ɣ̞ũne̞ɾat̪z̻ẽn
eguneroko	egunerokʊ
egunerokotasuna	e̞ɣ̞ũneɾakot̪as̺uma
egungo	eɣ̞uŋgo
egungo	æɣ̞umɣ̞o
egunkari	eɣ̞uŋkaɾi
egunkari	e̞ɣ̞ũnkaɾi
egunkaria	eɣ̞ũnkaɾia
egunsari	eɣ̞ũns̺aɾi
egunsenti	eɣ̞ũnsent̪i
egur	eɣ̞ur
egur	ɣ̞uɾ
eguraldi	eɣ̞uɾal̪d̪i
eguraste	eɣ̞uɾas̺t̪
egurasten	eɣ̞uɾaz̺t̪e
egurgin	eɣ̞uɾɣ̞ĩŋ
egurkari	e̞ɣ̞ulkaɾi
egurketa	eɣ̞ulket̪a
egutegi	e̞ɣ̞ut̪eɣ̞i
egutera	e̞ɣ̞ut̪eɾa
eguzki	eɣ̞us̺ki
eguzki	eɣ̞us̻ki
eguzki-begi	e̞ɣ̞us̺kibeɣ̞i
eguzki-lore	eɣ̞us̻kiloɾe̞
eguzkialde	eɣ̞uskialð̞e
eguzkiaren	e̞ɣ̞us̻kiare̞n
eguzkilore	e̞ɣ̞us̻kiɾo̞ɾe̞
eguzkitsu	eɣ̞us̺kits̻u
eguzkitsu	eɣ̞us̻kits̺u
ehe	ẽh̃ẽ
ehiera	ejjeɾa
ehiza	e̞i̯s̻a
ehiza	e̞ɦis̻a
ehiztari	ehis̻t̪aɾi
ehiztari	ei̯s̺t̪aɾi
ehiztari	ei̯s̻t̪aɾi
eho	eho
eho	eo
ehorzketa	eors̻ke̞ta
ehu	ew
ehun	e̞ɦũn
ehun	ẽ̞ũ̯n
ehuna	euna
ehunaka	eunaka
ehundu	e̞ɦũn̪d̪u
ehundu	ẽ̞ũ̯n̪d̪u
ei	ˈeɪ
eibar	ei̯β̞ar
eider	ejð̞eɾ
eite	eitˈe
eizagirre	ejs̺agiɾe
ejerzito	exˈeɾsito
ekain	e̞kãĩ̯n
ekaina	ekaiɲˈa
ekaiztsu	e̞kai̯s̻ts̺u
ekark	ekark
ekarkin	ɛkaɾkiŋ
ekarkor	ekaɾkʊɾ
ekarle	nekaɾle
ekarna	ekarna
ekarpen	kaɾpẽn̪
ekarri	ekari
ekarri	e̞kari
eki	ek
ekialde	e̞kial̪d̪e̞
ekialdean	ekialdean
ekidin	ekjð̞ĩŋ
ekidinen	ekʲiðʲinẽn
ekidingo	ekjðiŋgo
ekiditen	ekisð̞it̪ẽn
ekimen	ekime
ekimena	ekimena
ekimenak	ekimenak
ekinaldi	ekĩn̪olð̞i
ekinaz	ekjnas
ekinen	ekeɲẽn
ekintza	ekɲtsa
ekipaje	ekipage
ekitaldi	ekitaldi
eklektiko	eklɛktiko
eklipse	eklipʃe
ekoitzi	ekoˈitsi
ekoitziko	ekoitsiko
ekoizpen	ekos̺pen
ekoiztetxe	ekojs̺et̪ʃe
ekoiztutako	e̞ko̞is̺t̪utako̞r
ekologia	ekoloɣ̞ja
ekologista	ekoloɣ̞ista
ekonomialari	ekonomialaari
ekonomiko	ekoŋomiko
ekonomista	ekonomist̪a
ekonomista	ekonomˈista
ekorkizuna	etoɾkis̺uma
ekortu	ekɔɾtu
ekuador	ekwað̞or
ekuador	ekwað̞oɾ
ekuatore	ekat̪ore
ekuatorial	ekwatorial
ekuratu	ekulatu
ekuratzen	e̞kuɾats̻ẽn
ekuru	ekulˈu
elai	ellai
elaia	elˈaʎa
elaire	elˈaɪɾe
elantxobe	elanʝtʃoβ̞e
elastiko	elastiko
elbarri	elbari
elbarritu	elβ̞aɾɾit̪o
elbira	ˈelbiɾˈa
eldarnio	el̪d̪arnio
elder	elðeɾ
ele	e̞le̞
ele	ˈɛle
eleanitz	eleaniʲts
elebakar	eld̪ebakaɾ
elebitasun	eleβit̪as̺un
elebitza	eleβ̞itsa
eledun	eled̪wn
elefante	e̞le̞fãn̪t̪e̞
elegia	elexjˈa
elekatu	elikat̪u
eleketan	e̞le̞ket̪an
eleketari	ɦɛleket̪aɾi
elektriko	elˈɛktɾiko
elemenia	ˈelemɛnˌia
elementu	elementˈu
elesta	eleʃt̪a
elestatu	e̞ɾe̞s̺t̪at̪u
elexpuru	e̞le̞ʃpuɾu
elgar	elɣaɾ
elgeta	lɣ̞et̪a
elgoibar	elɣ̞oi̯β̞ar
elgorri	elɣ̞ori
eli	ɛli
elikabide	ellikaβ̞ið̞e
elikatu	elikatˈu
elikatuko	ɛlikatuko
eliminatu	eliminato
elixabete	elˈiʃabˈete
eliza	elisa
eliza	elis̺a
eliza	elis̻a
elizako	eljsakˈo
elizante	eljs̺ant̪e
elizate	elisate
elizbarruti	eliz̺β̞arut̪i
elizbarruti	eliz̻β̞arut̪i
elizkoi	eliskoi
elizpe	elispe
eliztar	elistˈaɾ
elkar	elkar
elkar-hartze	elkararts̻e
elkarbizitza	t̪elkaɾbis̺its̻a
elkargo	elkˈaɾɣo
elkarkor	elkaɾkɔɾ
elkarlan	elkarlãn
elkarlan	elkaɾlãn
elkarlanean	elkaranean
elkarrekin	elkarekĩn
elkarren	e̞lkarẽ̞n
elkarrengan	e̞lkarẽ̞ŋgãn
elkarrengana	e̞lkarẽ̞ŋgana
elkarrenganaino	e̞lkarẽ̞ŋganai̯no̞
elkarrenganaino	e̞lkarẽ̞ŋganaɲo̞
elkarrenganako	e̞lkarẽ̞ŋganako̞
elkarrenganantz	e̞lkarẽ̞ŋganãnts̻
elkarrengandik	e̞lkarẽ̞ŋgãn̪d̪ik
elkarrengatik	e̞lkarẽ̞ŋgat̪ik
elkarrentzat	e̞lkarẽ̞nts̻at̪
elkarrez	e̞lkare̞s̻
elkarri	e̞lkari
elkarrizketatu	elkaɾɾisketatu
elkartasun	elkart̪as̺ũn
elkarte	elkartˈe
elkartu	elkart̪u
elkartu	elkaɾt̪o
elkartzeko	elkaɾt̪s̻e̞ko
elkartzen	elkaɾtsẽn
elkarzut	elkaɾsut̪
elkor	elkˈoɾ
elkortu	ɛlkoɾtu
elorri	elori
elorrio	eloɾio
eltxo	e̞lʲtʃo̞
eltze	eltse
eltzekari	eltsekaɾi
elubiazio	eluβ̞iakio
elur	eluɾɾ
elur	ˈelʊɾ
elur-lore	eluɾloɾe
elur-mataza	e̞luɾmat̪as̺a
elurtegi	esuɾt̪eɣ̞i
elurtsu	eluɾtʃu
emagaldu	e̞maɣ̞al̪d̪u
emagaldua	emaɣ̞aeld̪ua
emagin	imagin
emagizon	emaɣ̞is̺õn
emagizon	emaɣ̞is̻õn
emakoi	emakɔi
emakume	e̞makume̞
emakumea	t̪emakumea
emakumezko	emakumesko
eman	d̪eman
eman	e̞mãn
emanen	emane
emango	emaŋgo
emantzipatu	emantsipatu
emaro	kemˈaɾo
ematea	ɛːmateːa
emateko	ematiko
ematerakoan	e̞mat̪ẽɾako̞ãn̪
ematu	emat˦u
ematxar	ɛmatʃaɾ
emazte	emaste
emaztegai	emastegai
emaztegai	emas̺t̪eɣ̞ai̯
emaztegai	emas̻t̪eɣ̞ai̯
emazteki	emasteki
eme	e̞me̞
eme	me
emeki	emki
emendakin	emendakĩŋ
emendatu	emendatu
emendiozko	emendio̞s̺ko
emigratu	emiɣ̞ɾat̪w
emiliok	emiliok
emozio	emozio
enara	e̞naɾa
enaraka	ẽnɾaka
enbarazu	embarasˈu
enbeia	embeiam
enbido	enbˈiðo
enbor	enboɾ
endai	enˈdai
endekatuko	end̪e̞kat̪uko
endemia	endemia
endredatu	e̞nð̞ɾed̪at̪u
endredatzen	ẽn̪d̪ɾed̪ats̻ẽn
endredu	ẽn̪d̪ɾed̪u
endurtu	entuɾtu
endurtuko	end̪uɾtukˈo
endurtzen	e̞n̪d̪uɾts̺ẽn
ene	e̞ne̞
eneas	eneas
enegan	e̞ne̞ɣ̞ãn
eneko	eniko
eneko	e̞ne̞ko̞
eneritz	eneɾits
engaiamendu	enɣ̞aiamen̪d̪u
engainatu	enɣ̞aɲat̪u
engoxatu	ẽŋgoʃatʰu
enigmatiko	eniɣ̞mat̪iko
enkante	enkˈante
enkargu	ẽn̟θaɾɣ̞u
enklisi	enklisi
enparatu	empaɾatʊ
enparau	empaɾow
enperatriz	empeɾatrist
enpirismo	empiɾismo
enplastu	emplast̪u
enplegatu	emplˈeɣatu
enpresa	empɾesa
entendimentu	entendimentu
entrabal	elt̪ɾaβ̞al
entrega	ẽn̪t̪ɾeɣ̞a
entrenamendu	ent̪ɾẽn̪amẽn̪t̪d̪u
entrepresa	entɾepɾesa
entsegu	ent̪seɣ̞u
entseiatu	ent̪s̺e̞iat̪u
entseiu	ẽn̪t̪s̺eiʊ
entziklopedia	ẽnts̻iklopeð̞ia
entzuk	ẽ̞nts̻uk
entzuketa	ẽ̞nts̻uke̞t̪a
entzulego	entzulego
entzumena	entsumena
entzun	ẽn̪s̺un
entzun	ẽ̞nts̻ũn
entzungor	ẽ̞nts̻ũŋgo̞r
entzute	ẽn̪ts̺ut̪e
entzuten	ent̪s̺ut̪ẽ̞n
entzuzu	ẽ̞nts̻us̻u
entzuzue	ẽ̞nts̻us̻ue̞
epai	epai̯
epaikari	epai̯kaɾi
epaiketa	epai̯ket̪a
epaiketa	epajketa
epail	epaˈi
epail	e̞pai̯l
epaile	epai̯le
epaile	epaʎe
epaileak	epailɛak
epaitegi	epai̯t̪eɣ̞i
epaitegi	e̞pai̯teɣ̞i
epaitu	epai̯t̪u
epaitu	epajtu
epaituko	epajtuko
epatu	eptˈu
epeltasun	epelt̪as̺ũn
epemuga	epemula
eper	e̞pe̞r
epidemia	epid̪emja
epidemiologiko	e̞pið̞e̞mio̞lo̞ɣ̞iko̞
epika	ɛpika
epikoa	epikoa
epistola	epist̪ola
epitelio	epitalio
epizentro	epiθentro
epotx	epot̪x
era	eɾa
era	ˈeɾa
erabaki	eɾaβ̞aaki
erabakiak	eɾabakĩak
erabakiarazi	eɾaβ̞akjaɾaθi
erabakiaz	eɾaβ̞akias
erabakigarri	eɾaβ̞akiɣ̞ari
erabakigune	eɾaβ̞akjɣ̞une
erabakior	ˈeɾabˌakjoɾ
erabakitze	eɾaβ̞akits̻e
erabakitzen	eɾapakit̪z̺en
eraberritzaile	eɾabẽɾɾit̪s̺aʎe
eraberritze	eɾaβ̞eɾit̪s̺e
eraberritzen	eɾabeɾɾit̪s̻e̞n
erabide	eɾabiðe
erabilaldi	eɾaβ̞iʝalð̞i
erabilbide	eɾaβ̞ilβ̞ið̞ek
erabilera	eɾaβ̞iʝeɾa
erabilgarri	eɾaβ̞jlɣ̞aɾɾi
erabili	eɾaβ̞ili
erabili	eɾaβ̞iʎi
erabiliko	eɾaβ̞iliko̞
erabilketa	eɾaβ̞ilket̪a
erabilpen	eɾaβ̞ispen
erabiltzaile	eɾaβ̞ilts̻ai̯le
erabiltzaile	eɾaβ̞ilts̻aʎe
eradoski	eɾad̪oski
eraendu	eɾaeld̪u
eragabe	eɾaɣ̞abeɾ
eragabeki	eɾaɣ̞aβ̞ekj
eragiketa	eɾaɣ̞ike̞t̪a
eragin	eɾaɣ̞ĩn
eragin	eɾaɣ̞ɲ
eragingarritasun	eɾaɣ̞ĩnɣ̞aɾɾe̞t̪as̺un
eragotzi	eɾaɣ̞o̞ts̺i
eragotziko	eɾaɣ̞o̞ts̺ikõ
eragozgarri	eɾaɣ̞os̪ɣ̞aɾɾi
erahilko	erailko
erahiltzen	eɾaiʎs̺ẽn
eraiki	erajke
eraikiko	erajkiko
eraikin	e̞ɾai̯kĩn
eraikitzaile	eɾai̯kit̪s̺aʎe
erail	eɾai
erailtzen	eɾai̠lt̪s̺ẽn
eraispen	eɾaizpen
eraitsi	erajtsi
eraitsi	erajtʃi
eraitxi	erajtʃi
erak	eɾak
erakarpen	eɾakalpen
erakarrarazi	eɾakaɾɾaɾasˈi
erakerpen	eɾakaɾpẽn
erako	erako
erakusgarri	eɾakuz̺kaɾɾi
erakuskuk	eɾakus̺kuk
erakuskun	eɾakus̺kũn
erakuskuzu	eɾakus̺kus̺u
erakuskuzu	eɾakus̺kus̻u
erakuskuzue	eɾakus̺kus̺ue
erakuskuzue	eɾakus̺kus̻ue
erakusle	e̞ɾakuz̺le
erakusmahai	eɾakuz̺mahai̯
erakusmahai	eɾakuz̺mai̯
erakustak	eɾakus̺t̪ak
erakustan	eɾakus̺t̪ãn
erakustareto	eɾakus̺t̪aɾe̞t̪o
erakustazu	eɾakus̺t̪as̺u
erakustazu	eɾakus̺t̪as̻u
erakustazue	eɾakus̺t̪as̺ue
erakustazue	eɾakus̺t̪as̻ue
erakusterakoan	e̞ɾakus̺t̪eɾakoan
erakustokia	eɾakuz̺t̪o̞kia
erakutsak	e̞ɾakuts̺ak
erakutsan	e̞ɾakuts̺ãn
erakutsazkidak	eɾakuts̺as̻kið̞ak
erakutsazkidak	eɾakuts̻as̺kið̞ak
erakutsazkidan	eɾakuts̺as̻kið̞ãn
erakutsazkidan	eɾakuts̻as̺kið̞ãn
erakutsazkidazu	eɾakuts̺as̻kið̞as̻u
erakutsazkidazu	eɾakuts̻as̺kið̞as̺u
erakutsazkidazue	eɾakuts̺as̻kið̞as̻ue
erakutsazkidazue	eɾakuts̻as̺kið̞as̺ue
erakutsazkiek	eɾakuts̺as̻kiek
erakutsazkiek	eɾakuts̻as̺kiek
erakutsazkien	eɾakuts̺as̻kiẽn
erakutsazkien	eɾakuts̻as̺kiẽn
erakutsazkiezu	eɾakuts̺as̻kies̻u
erakutsazkiezu	eɾakuts̻as̺kies̺u
erakutsazkiezue	eɾakuts̺as̻kies̻ue
erakutsazkiezue	eɾakuts̻as̺kies̺ue
erakutsazkiguk	eɾakuts̺as̻kiɣ̞uk
erakutsazkiguk	eɾakuts̻as̺kiɣ̞uk
erakutsazkigun	eɾakuts̺as̻kiɣ̞ũn
erakutsazkigun	eɾakuts̻as̺kiɣ̞ũn
erakutsazkiguzu	eɾakuts̺as̻kiɣ̞us̻u
erakutsazkiguzu	eɾakuts̻as̺kiɣ̞us̺u
erakutsazkiguzue	eɾakuts̺as̻kiɣ̞us̻ue
erakutsazkiguzue	eɾakuts̻as̺kiɣ̞us̺ue
erakutsazkiok	eɾakuts̺as̻kiok
erakutsazkiok	eɾakuts̻as̺kiok
erakutsazkion	eɾakuts̺as̻kiõn
erakutsazkion	eɾakuts̻as̺kiõn
erakutsazkiozu	eɾakuts̺as̻kios̻u
erakutsazkiozu	eɾakuts̻as̺kios̺u
erakutsazkiozue	eɾakuts̺as̻kios̻ue
erakutsazkiozue	eɾakuts̻as̺kios̺ue
erakutsazu	e̞ɾakuts̺as̻u
erakutsazue	e̞ɾakuts̺as̻ue̞
erakutsi	eɾakuts̺i
erakutsi	eɾakuts̻i
erakutsi	eɾakut̪xi
erakutsiek	eɾakuts̺iek
erakutsiek	eɾakuts̻iek
erakutsien	eɾakuts̺iẽn
erakutsien	eɾakuts̻iẽn
erakutsiezu	eɾakuts̺ies̻u
erakutsiezu	eɾakuts̻ies̺u
erakutsiezue	eɾakuts̺ies̻ue
erakutsiezue	eɾakuts̻ies̺ue
erakutsiok	eɾakuts̺iok
erakutsiok	eɾakuts̻iok
erakutsion	eɾakuts̺iõn
erakutsion	eɾakuts̻iõn
erakutsiozu	eɾakuts̺ios̻u
erakutsiozu	eɾakuts̻ios̺u
erakutsiozue	eɾakuts̺ios̻ue
erakutsiozue	eɾakuts̻ios̺ue
eramaileak	eɾamai̯lea
eraman	eɾamãn
eramango	eɾamando
eramankor	eɾamaŋkor
eranskailu	eɾãns̺kai̯lu
eranskailu	eɾãns̺kaʎu
eranskin	eɾaneskiŋ
eranskor	eɾanzkoɾ
erantatu	ɛɾantatu
erantsi	eɾãnts̺i
erantsi	eɾãnts̻i
erantzuki	eɾãnts̻uki
erantzun	e̞ɾãnts̻ũn
erantzungo	eɾans̺uŋgo
erantzuten	eɾãn̪t̪s̻ut̪ẽ̞n
erasi	eɾasi
eraskin	eɾasˈkin
eraso	keɾas̺o
erasokor	eɾasokor
erasorik	e̞ɾas̻oɾik
erasotzaile	eɾas̺ot̪s̺aʎe
eratorri	eɾat̪ori
eratu	eɾatʊ
eratuta	eɾatuta
eratzan	eɾats̻ãn̪t̪
erauntzi	eɾauntsi
erauzketa	eɾaos̺ket̪a
erauztezin	eɾaust̪es̺ĩn
erbestealdi	eɾβ̞est̪ealð̞i
erbestetar	erbe̞s̺t̪e̞t̪a
erbi	e̞rβ̞i
erdaldun	eɾð̞alð̞ũn
erdalzale	eɾð̞al̪t̪s̺ale
erdara	erð̞aɾa
erdi	erð̞i
erdialde	eɾð̞ial̪d̪e
erdigune	erð̞iɣ̞une
erdigune	eɾðigune
erdilandu	eɾd̪ilãnd̪u
erdipurdi	eɾð̞ipũɾð̞i
erditu	e̞rð̞it̪u
erditu	peɾð̞it̪u
ere	e̞ɾe̞
ereiaro	eɾeiˈeɾo
ereiaro	e̞ɾe̞i̯aɾo̞
erein	eɾeĩ
ereite	erejte
ergel	erɣ̞el
eri	e̞ɾi
erion	eɾiõn
eriondo	eɾiondo
eritasun	eɾit̪as̺ũn
erizain	erizain
erizaina	eɾis̺aɲa
erizaindegi	eɾis̺ai̯ndeɣ̞i
erkalatz	ɦerk̚alat̪s̺
erkatu	ɦerkatu
erkatzen	erkʲatʃen
erkide	eɾkiðe
erkidego	eɾkiðego
erlastu	e̞ɾlas̺t̪u
erlategi	erlat̪eɣ̞i
erlatxoria	ɛɾlatʃoɾia
erlauntza	erlãũ̯nts̻a
erle	erle
erlea	ɛrlea
erlezain	erles̺ãĩ̯n
erlezain	erles̻ãĩ̯n
erliebe	eɾlieβe
erlojua	ɦerloːxua
ermita	ermit̪a
ermita	ð̞eɾmit̪a
ermitau	ɛrmitau
ernaberritzen	ɾnabeɾɾit̪s̻e̞n
ernagarri	ɾnaɣ̞aɾɾi
ernai	eɾnaj
ernalaraziko	eɾnalaɾasiko
ernaldu	eɾnal̪d̪u
ernalketa	ɾɾnalket̪a
ernalkuntza	ɾnalkunt̪s̺a
ernamuin	eɾnamuĩŋ
ernari	ɾnaɾi
erne	erne
erne	ernɛ
ernetasun	ɦɛrnetas̺um
ero	eɾo
eroak	e̞ɾo̞ak
eroale	eɾoaˈle
eroan	eɾoãn
eroango	eɾoaŋgo
eroate	eɾoat̪e
eroaten	eɾoat̪ẽn
eroazu	e̞ɾo̞as̻u
eroazue	e̞ɾo̞as̻ue̞
erori	erɔɾi
erori	eɾoɾi
eroriko	eɾoɾiko
erortzen	erortsen
eros	eɾos̺
erosak	e̞ɾo̞s̺ak
erosan	e̞ɾo̞s̺ãn
erosazkidak	eɾos̺as̺kið̞ak
erosazkidak	eɾos̺as̻kið̞ak
erosazkidan	eɾos̺as̺kið̞ãn
erosazkidan	eɾos̺as̻kið̞ãn
erosazkidazu	eɾos̺as̺kið̞as̺u
erosazkidazu	eɾos̺as̻kið̞as̻u
erosazkidazue	eɾos̺as̺kið̞as̺ue
erosazkidazue	eɾos̺as̻kið̞as̻ue
erosazkiek	eɾos̺as̺kiek
erosazkiek	eɾos̺as̻kiek
erosazkien	eɾos̺as̺kiẽn
erosazkien	eɾos̺as̻kiẽn
erosazkiezu	eɾos̺as̺kies̺u
erosazkiezu	eɾos̺as̻kies̻u
erosazkiezue	eɾos̺as̺kies̺ue
erosazkiezue	eɾos̺as̻kies̻ue
erosazkiguk	eɾos̺as̺kiɣ̞uk
erosazkiguk	eɾos̺as̻kiɣ̞uk
erosazkigun	eɾos̺as̺kiɣ̞ũn
erosazkigun	eɾos̺as̻kiɣ̞ũn
erosazkiguzu	eɾos̺as̺kiɣ̞us̺u
erosazkiguzu	eɾos̺as̻kiɣ̞us̻u
erosazkiguzue	eɾos̺as̺kiɣ̞us̺ue
erosazkiguzue	eɾos̺as̻kiɣ̞us̻ue
erosazkiok	eɾos̺as̺kiok
erosazkiok	eɾos̺as̻kiok
erosazkion	eɾos̺as̺kiõn
erosazkion	eɾos̺as̻kiõn
erosazkiozu	eɾos̺as̺kios̺u
erosazkiozu	eɾos̺as̻kios̻u
erosazkiozue	eɾos̺as̺kios̺ue
erosazkiozue	eɾos̺as̻kios̻ue
erosazu	e̞ɾo̞s̺as̻u
erosazue	e̞ɾo̞s̺as̻ue̞
erosi	e̞ɾo̞s̺i
erosiek	eɾos̺iek
erosien	eɾos̺iẽn
erosiezu	eɾos̺ies̺u
erosiezu	eɾos̺ies̻u
erosiezue	eɾos̺ies̺ue
erosiezue	eɾos̺ies̻ue
erosiok	eɾos̺iok
erosion	eɾos̺iõn
erosiozu	eɾos̺ios̺u
erosiozu	eɾos̺ios̻u
erosiozue	eɾos̺ios̺ue
erosiozue	eɾos̺ios̻ue
eroskuk	eɾos̺kuk
eroskun	eɾos̺kũn
eroskuzu	eɾos̺kus̺u
eroskuzu	eɾos̺kus̻u
eroskuzue	eɾos̺kus̺ue
eroskuzue	eɾos̺kus̻ue
erosta	eɾosta
erostak	eɾos̺t̪ak
erostan	eɾos̺t̪ãn
erostazu	eɾos̺t̪as̺u
erostazu	eɾos̺t̪as̻u
erostazue	eɾos̺t̪as̺ue
erostazue	eɾos̺t̪as̻ue
erotu	peɾotːu
erpuru	erpuɾu
errabia	eraβ̞ia
erradar	erað̞ar
errai	erai
errailtzain	ərɾai̯lt̪s̺ai̯m
errain	erãĩ̯n
errain	erãĩ̯nʝ
erraldoi	e̞ral̪d̪o̞i̯
erramu	eramu
erran	erãn
erran	ɾɾãn
errari	eraɾi
errasketa	ɛrɾas̻keta
errauts	erau̯ts̺
errauts	erau̯ts̻
errauts	eɾɾaut̪s
erraz	e̞ras̻
erre	ere
erreboilo	ɛrreboʎo
erreferente	esɾefeɾẽn̪t̪e
erreferentzia	e̞re̞fe̞ɾẽ̞nts̻ia
erregai	eɾɾeɣ̞ai
errege	ereɣ̞e
erregela	ereɣ̞ela
erregina	ereɣ̞ina
erregina	ereɣ̞iɲa
erreguladore	e̞ɾre̞ɣ̞ulað̞o̞ɾe
erreka	ereka
erreka	ɾɾˈeka
errekalde	ərɾekalð̞e
erremate	eremate
errementari	e̞re̞mẽ̞n̪t̪aɾi
errementeria	e̞rrement̪eɾea
errenteria	erẽn̪t̪eɾia
errenteriarra	ɾɾent̪eɾiarɾa
errepide	erepið̞e
errepika	e̞re̞pika
errepikatu	e̞re̞pikat̪u
erresistentzia	eres̺is̺t̪ẽnts̻ia
erresuma	eres̺uma
erretikulatu	eɾre̞tikulatu
errez	e̞re̞s̻
errezale	erɾesale
errezel	eɾɾes̻el
errime	erime
erroa	ɛrroa
erroiztu	eɾɾoistu
erroldatze	errol̪d̪at̪s̺e
erromal	ˈeɾɾomˈal
erromeria	errɔmeɾia
erromero	eromeɾo
erromintxel	erɾomintsel
erronkariar	eɾɾonkad̪iaɾ
erropa	eropa
errota	erot̪a
errota	e̞ro̞t̪a
errotifero	erotifeɾo
errotu	erotu
erru	e̞ru
errudun	eruð̞ũn
errudun	erʝuð̞un
errugbi	errugð̞i
errumania	erumania
errumaniar	e̞rumaniar
errumaniera	erumanieɾa
errun	erɾim
erruna	eruna
errusia	erus̺ia
errusiar	e̞rus̺iar
errusiera	erus̺ieɾa
errutegi	errutʲeɣ̞i
errutsu	errutʃu
ertz	erts
ertz	e̞rts̻
ertzain	erts̻ãĩ̯n
ertzaina	erts̻ai̯na
ertzaina	erts̻aɲa
ertzaintza	erts̻ãĩ̯nts̻a
ertzeko	erts̻e̞kɔ
ertzo	ertso
esaera	essaeɾa
esaera	eszaeɾa
esaldi	els̺alð̞i
esaldi	es̺al̪d̪i
esaldia	esalð̞ia
esamolde	esamolð̞e
esan	essãn
esan	es̺ãn
esaneko	es̺aneko
esango	es̺aŋgo
esangura	esãn̪ɣ̞uɾa
esanguratsu	es̺aŋguɾats̺u
esanguratsu	es̺aŋguɾats̻u
esate	esate
esate	es̺at̪e
esaten	ess̺at̪ẽn
esaterako	es̺at̪e̞ɾakõ
ese	e̞s̺e̞
eseki	es̺eki
esekitoki	es̺ekit̪oki
eseri	es̺eɾi
eskabide	es̺kaβ̞ið̞e
eskaera	eskãeɾa
eskaera	es̺kaeɾa
eskailera	e̞s̺kai̯le̞ɾa
eskailera	e̞s̺kaʎe̞ɾa
eskailera-maila	es̺kai̯eɾamai̯la
eskaini	es̺kai̯ni
eskaini	es̺kaɲi
eskakizun	es̺kakis̻ũn
eskala	eskala
eskalada	eskalað̞a
eskale	eskale
eskaner	eskaneɾ
eskapula	eskapula
eskara	eskaɾa
eskari	eskaɾi
eskari	es̺kaɾi
eskaria	eskaɾia
eskarmentu	eskaɾment̪u
eskatu	e̞s̺kat̪u
eske	eske
esker	eskeɾ
esker	e̞s̺ke̞r
eskerga	eskeɾɣ̞a
eskertu	e̞s̺ke̞rt̪u
eskia	eskia
eskiatuko	eskiatuko
eskibel	es̺kiβ̞el
esklera	eskleɾa
esklerotika	eskleɾotika
eskoil	eskoʎ
eskola	eskola
eskola	es̺kola
eskolakide	eskolakið̞e
eskolastikotasun	es̺ko̞las̻t̪ikõ̞t̪as̺un
eskolatua	eskolat̪ua
eskorbuto	eskorβ̞ut̪o
eskozia	e̞s̺ko̞s̻ia
eskribitu	e̞s̺kriβ̞it̪u
esku	e̞s̺ku
eskuar	eskwaɾ
eskuarki	eskuaɾki
eskubi	eskubi
eskubidea	eskubid̪ea
eskubila	e̞s̺kuβ̞ila
eskubila	e̞s̺kuβ̞iʎa
eskuburdina	eskwβ̞uɾð̞ĩŋʝa
eskuin	e̞s̺kũĩ̯n
eskuko	eskuko
eskuliburu	eskulibuɾu
eskuma	eskuma
eskumen	eskumen
eskumena	eskumena
eskuordetu	es̺kuɦoɾd̪e̞t̪u
eskuratu	eskwɾatu
eskutitz	es̺kut̪its̻
eskuzabal	es̺kus̺aβ̞al
eskuzabal	es̺kus̻aβ̞al
eslai	eslai
esleipen	esleipen
eslogan	ez̺loɣ̞ãn
eslovakia	e̞z̺lo̞β̞akia
eslovakiar	e̞z̺lo̞β̞akiar
eslovakiera	ez̺loβ̞akieɾa
eslovenia	ez̺loβ̞enia
esloveniar	e̞z̺lo̞β̞e̞niar
esloveniera	ez̺loβ̞enieɾa
esmeralda	esmeɾal̪d̪a
esnatu	e̞z̺nat̪u
esne	e̞z̺ne̞
esnea	esneã
espainia	es̺pai̯nia
espainia	es̺paɲia
espainiar	e̞s̺pai̯niar
espainiar	e̞s̺paɲiar
espaloi	espaloi
espantagarri	espãn̪t̪aɣ̞aɾɾi
espe	e̞s̺pe
espektro	espektro
espektrofotometro	espekt̪ɾofot̪omet̪ɾo
esperanto	e̞s̺pe̞ɾãn̪t̪o̞
espero	espeɾo
espero	es̺peɾo
espetxe	espetʃe
espezie	es̺pes̺ie
espezie	es̺pes̻ie
espinaka	espinaka
espioi	es̺pioi̯
esportatu	es̺port̪at̪u
esportazio	es̺port̪as̺io
esportazio	es̺port̪as̻io
espresuki	es̺pres̺uki
estaldura	es̺t̪al̪d̪uɾa
estalgune	es̺t̪alɣ̞une
estali	e̞s̺t̪ali
estalki	est̪alki
estalki	es̺t̪alki
estalpe	estalpe
estamentu	est̪amẽn̪t̪u
estatu	es̺t̪at̪u
estatua	es̺t̪at̪ua
estatua	es̺t̪at̪wa
esteka	estẽka
estela	estela
estepa	estepa
estira	est̪iɾa
estonia	es̺t̪onia
estoniako	e̞s̺t̪o̞niako̞
estonian	e̞s̺t̪o̞niãn
estoniar	e̞s̺t̪o̞niar
estoniera	es̺t̪onieɾa
estralurtar	e̞s̺t̪ralurt̪ar
estrata	est̪ɾat̪a
estrata	e̞s̺t̪rat̪a
estrategia	es̺t̪rat̪eɣ̞ia
estreinatuko	es̺t̪ɾe̞ĩŋatuko
estreinatzen	e̞s̺t̪rẽ̞n̪at̪s̺ẽn
estrepa	estɾepa
estropadak	est̪ropad̪ak
estu	estu
estutu	estut̪u
estutu	es̺t̪ut̪u
estutzen	eʃt̪ut̪s̺ẽn
et	ɛt
et'	et
eta	e̞t̪a
eten	e̞t̪ẽ̞n
etengabe	et̪ẽn̪ɣ̞abe
etengailu	etengaelʝu
etete	et̪et̪e
etetea	estetela
etika	tika
etikan	etikan
etiketa	e̞t̪iket̪a
etor	et̪or
etorkin	etɔɾkin
etorkin	et̪orkĩn
etorkizuneko	e̞t̪orkis̺oneko
etorrera	e̞t̪oreɾa
etorri	et̪ori
etorriko	et̪oriko
etortze	et̪orts̻e
etortzen	et̪orts̻ẽn
etsai	e̞ts̺ai̯
etsaia	etʃaia
etsamina	ets̻amiɲa
etsipen	etʃipen
etxague	etʃaɣ̞ue
etxalar	etʃaˈla
etxalde	etʃalbe
etxano	etʃano
etxe	etʃe
etxe	˨˩e˨˩˦tʃe˥˥
etxe-egun	etʃeegun
etxea	etʃea
etxea	et˦se˨˩a
etxeak	etʃeak
etxean	etʃeãn
etxearekin	etʃeaɾekĩn
etxearen	etʃeaɾẽn
etxearengatik	etʃeaɾeŋgat̪ik
etxearentzat	etʃeaɾẽnts̻at̪
etxeari	etʃeaɾi
etxeaz	etʃeas̺
etxeaz	etʃeas̻
etxebarri	etʃebari
etxebarria	estʃebaɾɾia
etxebarria	et̪ɣ̞eβ̞aɾɾia
etxebe	estsebe
etxeberria	eʃebeɾɾia
etxeei	etʃeei̯
etxeek	etʃeek
etxeekin	etʃeekĩn
etxeen	etʃeẽn
etxeengatik	etʃeeŋgat̪ik
etxeentzat	etʃeẽnts̻at̪
etxeetako	etʃeet̪ako
etxeetan	etʃeet̪ãn
etxeetara	etʃeet̪aɾa
etxeetaraino	etʃeet̪aɾai̯no
etxeetaraino	etʃeet̪aɾaɲo
etxeetarako	etʃeet̪aɾako
etxeetarantz	etʃeet̪aɾãnts̻
etxeetatik	etʃeet̪at̪ik
etxeez	etʃees̺
etxeez	etʃees̻
etxegabe	etʃeɣabe
etxegabetu	etʃeɣaβ̞e̞t̪u
etxegarai	etʃegaɾaj
etxegoien	etʃegoi̯en
etxegoien	e̞t̪ʃe̞ɣ̞o̞iẽn
etxek	etʃek
etxeko	etʃeko
etxekoandre	etʃekoandre
etxekoandre	etʃekoãn̪d̪re
etxepare	etʃepˈaɾe
etxera	etʃeɾa
etxeraino	etʃeɾai̯no
etxeraino	etʃeɾaɲo
etxerako	etʃeɾako
etxerantz	etʃeɾãnts̻
etxeratu	estʃeɾatʊ
etxerekin	etʃeɾekĩn
etxeren	etʃeɾẽn
etxerengatik	etʃeɾeŋgat̪ik
etxerentzat	etʃeɾẽnts̻at̪
etxeri	etʃeɾi
etxerik	etʃeɾik
etxetako	etʃet̪ako
etxetan	etʃet̪ãn
etxetara	etʃet̪aɾa
etxetaraino	etʃet̪aɾai̯no
etxetaraino	etʃet̪aɾaɲo
etxetarako	etʃet̪aɾako
etxetarantz	etʃet̪aɾãnts̻
etxetatik	etʃet̪at̪ik
etxetiar	etʃetial
etxetik	etʃet̪ik
etxetresna	etʃetɾesna
etxetxori	etʃetʃoˈri
etxetzat	etʃets̻at̪
etxez	etʃes̺
etxez	etʃes̻
etzan	e̞ts̻ãn
etzango	ets̻aŋgo
etzate	ets̻at̪e
etzaten	ets̻at̪ẽn
etzaten	et̪s̺at̪e
etze	et̪se
etzi	eti
etzi	e̞ts̻i
eukak	eu̯kak
eukan	eu̯kãn
eukazu	eu̯kas̺u
eukazu	eu̯kas̻u
eukazue	eu̯kas̺ue
eukazue	eu̯kas̻ue
eulantz	ewlants
euli	ewli
euli	e̞u̯li
eultzitu	eu̯lts̻it̪u
eurafrasia	euɾafɾasia
eurak	eu̯ɾak
euri	eu̯ɾi
euri-truxu	euɾitɾuʃu
euritako	eu̯ɾit̪ako
eurite	auɾite
euritsu	eu̯ɾits̺u
euritsu	eu̯ɾits̻u
eurok	eu̯ɾok
euskadi	au̯s̺kað̞i
euskadi	eu̯s̺kað̞i
euskal	eu̯s̺kal
euskalakariak	e̞uz̺kalakaɾiak
euskaldun	euzkald̪wn
euskaldun	eu̯s̺kal̪d̪ũn
euskalki	eu̯s̺kalki
euskaltegi	eu̯s̺kal̪t̪eɣ̞i
euskaltzaindia	eu̯s̺kalts̻ãĩ̯n̪d̪ia
euskaltzale	e̞u̯s̺kalts̻ale̞
euskalzale	euzkals̺alẽ
euskara	e̞u̯s̺kaɾa
euskarazetamol	e̞us̻kaɾas̻e̞t̪amol
euskarritu	e̞us̻karɾitu
euskera	e̞u̯s̺ke̞ɾa
eusko	e̞u̯s̺ko̞
euskotar	e̞us̻ko̞t̪ar
eutsi	ewti
eutsi	e̞u̯ts̺i
euzkadi	e̞u̯s̻kað̞i
euzkak	eu̯s̺kak
euzkak	eu̯s̻kak
euzkan	eu̯s̺kãn
euzkan	eu̯s̻kãn
euzkazu	eu̯s̺kas̺u
euzkazu	eu̯s̻kas̻u
euzkazue	eu̯s̺kas̺ue
euzkazue	eu̯s̻kas̻ue
existitu	e̞ks̺is̺t̪it̪u
exogamia	ekso̞ɣ̞amia
exoteriko	estʃot̪eɾjko
exotermiko	eksotermiko
ez	es̺
ez	es̻
ezabaketa	is̺aβ̞ake̞t̪a
ezabaketa	s̺abake̞t̪a
ezaguera	es̺aɣ̞oe̞ɾa
ezaguk	e̞s̻aɣ̞uk
ezagun	es̺aɣ̞ũn
ezagun	es̻aɣ̞ũn
ezagungarri	es̻aɣ̞ũnɣ̞aɾɾi
ezagut	es̺aɣ̞ut̪
ezagut	es̻aɣ̞ut̪
ezagutu	es̺aɣ̞ut̪u
ezagutu	es̻aɣ̞ut̪u
ezagutuko	es̺aɣ̞ut̪uko
ezagutuko	es̻aɣ̞ut̪uko
ezagutze	es̺aɣ̞uts̻e
ezagutze	es̻aɣ̞uts̻e
ezagutzeko	es̺aɣ̞ut̪s̻e̞ko
ezagutzen	es̺aɣ̞uts̻ẽn
ezagutzen	es̻aɣ̞uts̻ẽn
ezaguzu	e̞s̻aɣ̞us̻u
ezaguzue	e̞s̻aɣ̞us̻ue̞
ezak	es̺ak
ezak	es̻ak
ezan	esan
ezan	es̺ãn
ezan	es̻ãn
ezarri	e̞s̻ari
ezaugarriak	es̺au̯gaɾɾiak
ezazu	es̺as̺u
ezazu	es̻as̻u
ezazue	es̺as̺ue
ezazue	es̻as̻ue
ezberdin	esbeɾð̞ĩŋ
ezberdin	e̞z̻β̞e̞rð̞ĩn
ezberdindu	esbeɾð̞ĩŋð̞u
ezberdintasun	e̞z̻β̞e̞rð̞ĩn̪t̪as̺ũn
ezelan	est̪elan
ezer	eseɾ
ezer	es̺er
ezer	es̻er
ezeri	e̞s̻e̞ɾi
ezetz	es̺ets̻
ezetz	es̻ets̻
ezezagun	e̞s̻e̞s̻aɣ̞ũn
ezik	ʔesik
ezina	esziɲa
ezinikusia	es̻ɲikus̺ia
ezjakin	es̻xakĩn
ezjakin	ez̺dʒakĩn
ezjakin	ez̻jakĩn
ezjakin	ez̻ɟakĩn
ezkai	eskai
ezkata	eskata
ezkel	eskel
ezker	e̞s̻ke̞r
ezkerra	e̞s̻ke̞ra
ezkerrean	es̺kẽɾɾe̞an
ezki	es̺ki
ezki	es̻ki
ezkibel	es̺kiβ̞el
ezkibel	es̻kiβ̞el
ezkila	eskila
ezkio	eskio
ezko	e̞s̻ko̞
ezkonberri	eskombeɾɾi
ezkondu	eskonð̞u
ezkondu	e̞s̻kõ̞n̪d̪u
ezkongabe	e̞s̻kõ̞ŋgaβ̞e̞
ezkontza	e̞s̻kõ̞nts̻a
ezkor	es̺kor
ezkor	es̻kor
ezkortasun	es̺kort̪as̺ũn
ezkortasun	es̻kort̪as̺ũn
ezkutaketa	es̺kut̪ake̞t̪a
ezkutatu	e̞s̻kut̪at̪u
ezkutuko	eskutuko
ezleku	elleku
ezpain	es̺pãĩ̯n
ezpain	es̻pãĩ̯n
ezpal	espal
ezpata	espat̪a
ezpata	e̞s̻pat̪a
ezpatakada	espat̪akað̞a
ezpel	e̞s̻pe̞l
ezpela	espela
ezpeleta	es̺pelet̪a
ezpeleta	es̻pelet̪a
ezta	esta
eztabaida	estabai̯ð̞a
eztainu	es̺t̪aɲu
eztainu	es̻t̪ai̯nu
eztainu	es̻t̪aɲu
eztarri	e̞s̻t̪ari
eztarria	est̪aɾɾia
eztegui	e̞s̻t̪e̞ɣ̞ui̯
ezti	e̞s̻t̪i
eztitu	estitu
eztulka	est̪ulka
eñe	eɲe
fa	fˈa
faborez	faβ̞oɾes
fabrika	fˈabɾɪka
fabrikatu	fabɾikat̪um
faktoreak	fakt̪oɾeak
faktorial	faktˈoɾial
falta	fal̪t̪a
faltadun	bal̪t̪ad̪wn
faltan	faltaŋ
faltarazi	fal̪t̪aɾasi
faltatu	fal̪t̪at̪u
faltsu	falts̺u
faltsu	falts̻u
faltsuki	faltʃuki
fama	fama
famatu	famat̪u
famatuko	famatukˈo
famili	famili
familia	familia
familiar	familiara
familiaren	familiaɾent
fanatiko	fan̪t̪iko
fanfarre	fanfaɾe
fanfarroi	fãɱfaro̞i̯
fardel	farð̞el
faringe	faɾiːnxe
fariseu	faɾjseu̯
farmazia	faɾmãn̪θja
farmazialari	faɾmãs̺ialaɾi
fase	fas̺e̞
fatxada	fatʃað̞a
favela	babela
fede	fe̞ð̞e̞
fedea	fˈeðeˈa
fededun	feð̞ed̪wn
federal	fˌeðeɾˈal
federatuko	fˈedˈeɾatuko
federatzen	fed̪eɾat̪s̺ent̪
felibrismo	felibrismo
feltro	fel̪t̪ro
feminizatu	feminisatu
fenomeno	fenomẽnõ
fereka	feɾika
ferekatu	ferekatːoː
feria	feɾia
fermaten	feɾmat̪en
fermu	fˈɛrmu
ferra	fera
ferrari	feɾɾaɾi
ferreta	fɛrɾetˈa
festa	festa
festa	fe̞s̺t̪a
fetitxe	fe̞t̪itʃe̞
fetitxismo	fe̞t̪itʃiz̺mo̞
fetu	fˈɛtu
fidagaiztu	fið̞aɣ̞aist̪u
fidatu	fið̞at̪u
fidatuko	fidatuko
fideltasun	t̪fjð̞e̞lt̪as̺um
fideo	fideõ
fier	fiel
fierki	fjerki
figura	fˈiɣuɾa
fikzio	fiktsio
filantropia	fjlãn̪t̪ɾobja
filantropo	filan̪t̪ɾopo
filarmoniko	filaːrmoniko
filipina	filipina
filipinak	filipinak
film	fˈɪlm
filogenia	filoɣ̞ẽn̪ia
filosofia	filo̞s̺o̞fia
fin	fĩn
final	final
final-erdi	finaleɾð̞i
finduko	finduko
finkagarri	finkaɣ̞aɾɾeʝ
finkarazi	fink̞aɾafj
finkatu	finkɑtu
finkatuta	finkat̪ut̪a
finki	finkie
finlandia	fĩnlãn̪d̪ia
finlandiar	fĩnlãn̪d̪iar
finlandiar	fĩŋlãn̪d̪iãn̪
finlandiera	fjnlãn̪d̪ieɾa
finlandiera	fĩnlãn̪d̪ieɾa
fio	pio
firrinda	firrinta
firu	fiu
firurika	fiɾoɾika
fisika	fisika
fisiko	fisiko
fiskal	fiskal
fitsik	fitʃik
fitxako	fitʃako
flakatu	flakat̪o
flakotasun	flakot̪asũn
flanela	flamela
flasko	flasko
flatulentzia	flat̪ulẽ̞nts̻ia
flauta	plau̯t̪a
flautista	flaut̪ist̪a
flexio	flexio
floka	flɔka
fluido	fluˈiðo
fluor	fluo̞r
folk	folk
fonetika	font̪ika
fonologia	fonoloɣ̞ia
fonologia	fonoloɣ̞uia
fonologiko	fõn̪olɔɣ̞iko
foraminifero	forlaminifeɾo
forma	fo̞rma
formako	foɾmako
formalduko	foɾt̪mald̪uko
formaltzen	foɾmals̺ẽn
formatua	foɾmatua
formatzen	formatsen
formazio	foɾmakio
formulario	fˌɔɾmˈulaɾio
formularioa	foɾmulaɾioa
fosa	fossa
fotokopia	fotˈokˈopˈia
fraide	fɾajðe
frango	fraŋgo
franko	frãŋko̞
frantses	frãnts̺e̞s̺
frantzia	frãnts̻ia
frantziar	frantsiar
frantziar	frãnts̻iar
freskagarri	freskaɣ̞aɾɾi
freskatu	freskatˈu
fresko	fres̺ko
frisiera	fris̺ieɾa
frisiera	fris̺jeɾa
froga	froba
froga	fro̞ɣ̞a
frogatu	froˈgatu
fronte	fonte
fruta	frut̪a
ftaliko	ftaljko
fulmarra	fulmara
fundamentu	funð̞amẽn̪t̪u
fundatu	fũn̪d̪at̪u
funsgabe	fũnz̺ɣ̞aβ̞e
funsgabeki	fũnz̺ɣ̞aβ̞eki
funsgabeko	fũnz̺ɣ̞aβ̞eko
funsgabetasun	fũnz̺ɣ̞aβ̞et̪as̺ũn
funts	funt̪s
funts	fũnts̺
funts	fũnts̻
funtsezkotasun	fũnts̺es̻kot̪as̺ũn
funtsezkotasun	fũnts̻es̺kot̪as̺ũn
funtzio	funˈtsˈio
funtzioak	funt̪s̺iːoːak
funtzionatu	funt̪sionatu
funtzionatu	fũnts̻ionat̪u
furia	fruria
fusilari	fus̺ilaɾi
futbol	fut̪β̞ol
futbol	fwt̪β̞ol
futxo	futsʃo
g	ge
g	ge̞
gabarra	gaβ̞ara
gabarra	ɣ̞aβ̞ara
gabe	gaβ̞e̞
gabentza	gaβ̞ẽnts̻a
gaberik	gaβ̞eɾi
gabetuko	nɣ̞abet̪uko
gabez	gaβ̞e̞s̻
gabila	gabɪʎa
gabiltza	gabilt̪sa
gabiltza	gaβ̞ilts̻a
gabiltzan	gaβ̞ilts̻ãn
gabilzke	gaβ̞ils̺ke
gabilzke	gaβ̞ils̻ke
gabiri	gabili
gabon-egun	ɣ̞abõ̞ne̞ɣ̞ũn
gabonak	ɣ̞aβ̞ona
gabondar	kabõŋd̪aɾ
gaboronetar	gaborone̞t̪ar
gaeliko	galeliko
gag	gak
gai	gai̯
gai	gaj
gaia	ɣ̞aiã
gailu	gai̯lu
gailu	gaʎu
gailur	gai̯lur
gailur	gaʎur
gailur	gaʎˈuɹ
gailurreratu	ɣ̞aʎuɾɾeɾat̪u
gain	gaĩŋ
gain	gãĩ̯n
gain-gain	gai̯ngai̯n
gainalde	ɣ̞anʝalð̞e
gainbegiratu	gãĩ̯nbe̞gi̯rat̪u
gainbegiratzen	kãĩ̯nbe̞gi̯ɾat̪z̻e̞n
gaindegi	ɣ̞ãĩ̯nð̞eeɣ̞i
gaindika	ɣ̞ãĩ̯n̪d̪ika
gainduko	ɣ̞ãĩ̯nt̪uko
gaineko	ɣ̞aɲeko
gainera	ɣ̞ãn̪ʝeɾa
gaingari	kaĩŋgaɾi
gaingiroki	ɣ̞ãĩ̯nɣ̞iɾokej
gainkatu	nʝaĩ̯nkat̪w
gairi	gaiɾi
gaita	ngai̯t̪a
gaitezela	gai̯t̪es̺ela
gaitezela	gai̯t̪es̻ela
gaitezen	gai̯t̪es̺ẽn
gaitezen	gai̯t̪es̻ẽn
gaitezke	gai̯t̪es̺ke
gaitezke	gai̯t̪es̻ke
gaitezkek	gai̯t̪es̺kek
gaitezkek	gai̯t̪es̻kek
gaitezken	gai̯t̪es̺kẽn
gaitezken	gai̯t̪es̻kẽn
gaitu	gai̯t̪u
gaituk	gai̯t̪uk
gaitun	gai̯t̪ũn
gaituzke	gai̯t̪us̺ke
gaituzke	gai̯t̪us̻ke
gaituzkek	gai̯t̪us̺kek
gaituzkek	gai̯t̪us̻kek
gaituzken	gai̯t̪us̺kẽn
gaituzken	gai̯t̪us̻kẽn
gaituzkete	gai̯t̪us̺ket̪e
gaituzkete	gai̯t̪us̻ket̪e
gaituzkezu	gai̯t̪us̺kes̺u
gaituzkezu	gai̯t̪us̻kes̻u
gaituzkezue	gai̯t̪us̺kes̺ue
gaituzkezue	gai̯t̪us̻kes̻ue
gaituzte	gai̯t̪us̻t̪e̞
gaituzu	gai̯t̪us̻u
gaituzue	gai̯t̪us̻ue̞
gaitz	gajts
gaitzaala	gai̯ts̻aala
gaitzaan	gai̯ts̻aãn
gaitzak	gai̯ts̻ak
gaitzake	gai̯ts̻ake
gaitzakek	gai̯ts̻akek
gaitzaken	gai̯ts̻akẽn
gaitzakete	gai̯ts̻aket̪e
gaitzakezu	gai̯ts̻akes̺u
gaitzakezu	gai̯ts̻akes̻u
gaitzakezue	gai̯ts̻akes̺ue
gaitzakezue	gai̯ts̻akes̻ue
gaitzala	gai̯ts̻ala
gaitzan	gai̯ts̻ãn
gaitzanala	gai̯ts̻anala
gaitzanan	gai̯ts̻anãn
gaitzatela	gai̯ts̻at̪ela
gaitzaten	gai̯ts̻at̪ẽn
gaitzazu	gai̯ts̻as̺u
gaitzazu	gai̯ts̻as̻u
gaitzazue	gai̯ts̻as̺ue
gaitzazue	gai̯ts̻as̻ue
gaitzazuela	gai̯ts̻as̺uela
gaitzazuela	gai̯ts̻as̻uela
gaitzazuen	gai̯ts̻as̺uẽn
gaitzazuen	gai̯ts̻as̻uẽn
gaitzazula	gai̯ts̻as̺ula
gaitzazula	gai̯ts̻as̻ula
gaitzazun	gai̯ts̻as̺ũn
gaitzazun	gai̯ts̻as̻ũn
gaixo	gai̯ʃo
gaixorik	gai̯ʃoɾik
gaixorik	gaj̯ʃo̞ɾik
gaixotasun	gai̯ʃot̪as̺ũn
gaixotegi	ɣ̞ajɣ̞soteɣ̞i
gaixoti	ŋai̯ʃot̪i
gaizka	gajka
gaizkata	ɣ̞ajskata
gaizki	gai̯s̺ki
gaizki	gai̯s̻ki
gaizkile	gai̯s̺kiʎe
gaizkile	gai̯s̻kile
gaizkile	gai̯s̻kiʎe
gaizkin	gajskiŋ
gaizto	gai̯s̻t̪o̞
gaiztoki	gaistoki
gako	nˈɣako
gakotu	nˈgakˌoːtˌu
galaiki	ɣ̞alajki
galaitasun	ŋgalajt̪as̺u̯n
galanperna	ɣ̞alãn̪peɾnaɾ
galarazteko	ɣ̞alaɾaas̻t̪e̞ko̞
galarazteko	ɣ̞alaɾaz̺t̪e̞ko
galauts	ɣ̞alau̯t̪s
galburu	nɣ̞alβ̞uɾu
galdakao	gal̪d̪akao
galdaketa	kal̪d̪ake̞t̪a
galdara	ɣ̞ald̪eɾa
galdaragintza	ɣ̞ald̪aɾakĩn̪t̪s̺a
galdategi	ɣ̞al̪d̪at̪eɣ̞i
galde	ɣ̞al̪d̪e
galdegile	ɣ̞ald̪eɣ̞iʝe
galdegin	ɣ̞ald̪eɣ̞ĩŋ
galdegingo	ɣ̞ald̪eɣ̞iŋgo
galdekatu	ɣ̞ald̪e̞kat̪u
galdeketa	ɣ̞ald̪eke̞t̪a
galder	galleɾ
galdetegi	ɣ̞al̪t̪et̪eɣ̞i
galdetu	gal̪d̪et̪u
galdetu	ɣ̞ald̪e̞t̪u
galdetzen	ɣ̞ald̪e̞ts̺en
galdez	galð̞es
galdezka	ɣ̞ald̪eska
galdu	gal̪d̪u
galdu-gorde	sald̪uɣ̞oɾð̞e
gale	gaˈle
galeper	gale̞pe̞r
galeperra	ɣ̞ale̞pera
gales	gale̞s̺
gales	ɣ̞ales
galesera	gales̺eɾa
galga	nɣ̞alɣ̞a
galgarri	ɣ̞alɣ̞ari
galgatu	ɣ̞alɣ̞at̪w
galipot	ɣ̞alipot̪s̺
galiziar	galis̻iar
galkor	alˈkoɾ
galoi	ɣ̞aloj
galtzada	nɣ̞alt̪s̺að̞a
galtzadara	ɣ̞altsad̪aɾa
galtzadun	ɣ̞altsad̪wn
galtzak	galts̻ak
galtzar	nɣ̞alt̪s̻aɾ
galtzarbe	galts̻arβ̞e
galtzari	galts̻aɾi
galtzerdi	galts̻e̞rð̞i
galtzetin	galts̻e̞t̪ĩn
galtzetin	ɣ̞als̻e̞t̪ĩn
gamelu	game̞lu
ganbelu	ganbeˈlʊ
ganbiar	ɣ̞ãn̪β̞ieɾ
gandola	gandola
gandor	t̪ãn̪d̪oɾ
ganga	ganka
gangar	gãŋgaɾ
gangarkeria	gãn̪d̪aɾkeɾia
ganibet	ganiβ̞e̞t̪
ganix	ganis
ganorabako	ɣ̞anoɾabakoɾ
ganoradun	ɣ̞anoɾad̪wn
gantxigor	ɣ̞anʲtsiɣ̞oɾ
gantz	gants
gantz	gãnts̻
gantzutzen	ganz̺ut̪s̻ẽn
gapirio	gapiɾiɔ
gara	gaɾa
garabi	gaɾaβ̞i
garabi	kaɾaβ̞i
garagar	gaɾaɣ̞ar
garagardo	gaɾaɣ̞arð̞o
garagardo	kaɾaɣ̞aɾð̞o
garagardoa	gaɾagãɾð̞oa
garagardogile	gaɾaɣ̞arð̞oɣ̞ile
garagardogile	gaɾaɣ̞arð̞oɣ̞iʎe
garagardogintza	gaɾagãɾð̞oɣ̞ĩn̪t̪s̺a
garagardogintza	gaɾaɣ̞arð̞oɣ̞ĩnts̻a
garagardotegi	gaɾaɣ̞arð̞ot̪eɣ̞i
garagarril	gaɾaɣ̞aril
garai	gaɾai̯
garai	laɾai
garaia	gaɾaɟʝa
garaigarri	ɣ̞aɾaiɣ̞ari
garaiko	ɣ̞aɾaikõ
garaikunde	gaɾaikõŋd̪e
garaile	gaɾaiʝe
garaile	gaɾai̯le
garaile	gaɾaʎe
garaipen	gaɾai̯pẽn
garaitiko	ɣ̞arit̪iko
garaitu	gaɾai̯t̪u
garaiz	garajs
garandu	g̞aɾand̪u
garateke	gaɾat̪eke
garatu	gaɾat̪u
garatxo	gaɾatʃo
garatxo	ɣ̞aɾat̪ɣ̞o
garatz	gaɾatsʲ
garatzen	gaɾas̺ẽn
garau	gaɾau̯
garautegi	gaɾau̯t̪eɣ̞i
garazi	ɣ̞aɾasi
garaño	ɣ̞aɾaɲo
garbai	gaɾβ̞aʝ
garbaldu	ɣ̞aɾβ̞ald̪uɾ
garbantzu	garβ̞ãnts̻u
garbi	garβ̞i
garbiarazi	gaɾβ̞iaɾasi
garbigailu	garβ̞iɣ̞ai̯lu
garbigailu	garβ̞iɣ̞aʎu
garbigarri	ɣ̞aɾɾβ̞iɣ̞aɾɾi
garbikunde	ɣ̞aɾβ̞ikõn̪ð̞e
garbitu	garβ̞it̪u
garbitzaile	garβ̞its̻ai̯le
garbitzaile	garβ̞its̻aʎe
garbitzen	ɣ̞aɾbit̪s̻e
garbizale	gaɾβ̞isale
garbizaletasun	gaɾbis̻d̪alet̪as̻ũn
garbiñe	garβ̞iɲe̞
garbiñe	gaɾβ̞jnʝe
garden	ɣ̞aɾð̞ẽn̪
gardentasun	gaɾð̞e̞nt̪as̺um
gardentzen	gaɾð̞e̞nts̺ẽn
gardu	gardu
garen	ɣ̞aɾen̪
garesti	gareʃti
garesti	gaɾe̞s̺t̪i
garestiarazi	ɣ̞aɾes̻t̪iaɾa̞s̺i
garestitu	gaɾes̺t̪it̪u
garestitu	ɣ̞aɾest̪it̪u
garestitze	ɣ̞aɾest̪it̪s̺e
garestitzen	gaɾestʲits̺ẽn
gari	gaɾi
gari	gaɾɪ
garikoitz	gaɾikoi̯ts̻
garil	gaɾil
garil	gaɾˈiŋ
garitonaindia	ɣ̞aɾit̪o̞naĩn̪d̪ia
garizuma	gaɾis̻uma
garmendia	gaɾmẽn̪d̪ia
garraio	gaɾɾajo
garraiobideak	gaɾai̯obid̪eak
garranga	kˌaɾɾˈaŋga
garrantziko	ɣ̞arrant̪siko
garratza	garat̪s̺a
garraztuko	ɣ̞arrast̪ukõ
garro	garo
garun	gaɾũn
gas-ontzi	ɣ̞as̺ont̪s̻i
gas-sukalde	gas̻s̺ukald̪e
gasdun	gasd̪wn
gaskoinia	gaskoɲia
gasna	gasna
gasna	ɣ̞asna
gasolina	gasolina
gasolindegi	gas̻o̞lĩn̪d̪eɣ̞i
gasolio	gasolio
gastatu	kas̺t̪at̪u
gasteiz	gas̺t̪ei̯s̺
gasteiz	gas̺t̪ei̯s̻
gastronomia	ɣ̞ast̪ɾonomia
gastu	gast̪u
gatazka	gat̪as̻ka
gatazka	gat̪a̠s̺ka
gatibatuko	nʁatibatuko
gatibu	gatjbo
gatibua	ɣ̞at̪jɣ̞ua
gatibualdi	ɣ̞at̪iβ̞ual̪d̪i
gatilu	gatilju
gatoz	gat̪os̺
gatoz	gat̪os̻
gatozen	gat̪os̺ẽn
gatozen	gat̪os̻ẽn
gatozke	gat̪os̺ke
gatozke	gat̪os̻ke
gatu	nɣ̞at̪u
gatxezkie	gatʃes̺kie
gatxezkie	gatʃes̻kie
gatxezkik	gatʃes̺kik
gatxezkik	gatʃes̻kik
gatxezkin	gatʃes̺kĩn
gatxezkin	gatʃes̻kĩn
gatxezkio	gatʃes̺kio
gatxezkio	gatʃes̻kio
gatxezkizu	gatʃes̺kis̺u
gatxezkizu	gatʃes̻kis̻u
gatxezkizue	gatʃes̺kis̺ue
gatxezkizue	gatʃes̻kis̻ue
gatz	gats̻
gatza	gatsa
gatzatuko	gatsatuko
gatzil	ɣ̞atsil
gatzun	gatsun
gau	gau̯
gau-lore	gauloɾe
gaua	gawa
gaualdi	gawal̪d̪i
gaude	gau̯ð̞e
gaudeke	gau̯ð̞eke
gauden	gau̯ð̞ẽn
gaudenaren	gau̯ð̞ẽnaɾẽn
gauenara	gau̯enaɾa
gauerdi	ɣ̞auaɾð̞i
gauero	gau̯ero
gaupasa	gau̯pas̺a
gaur	gau̯r
gaurdaino	ɣ̞auɾð̞anʝo
gaurgero	gau̯rge̞ɾo̞
gaurko	gau̯ɾko
gaurkotasuna	gau̯rko̞t̪as̺uma
gaurkotu	gauɾkɔtʰu
gaurkotuko	ɣ̞aus̻ko̞t̪uko
gaurkotzen	gau̯rko̞ts̻ẽn
gaurkoz	gauɾkos
gautar	gau̯t̪aɾ
gautxori	gau̯tʃoɾi
gautxori	gau̯t̪s̺o̞ɾi
gautza	gau̯ts̻a
gauza	gau̯s̺a
gauza	gau̯s̻a
gauzaki	ɣ̞ausaki
gauzatu	gau̯s̻at̪u
gauzka	gau̯s̺ka
gauzka	gau̯s̻ka
gauzkak	gau̯s̺kak
gauzkak	gau̯s̻kak
gauzkan	gau̯s̺kãn
gauzkan	gau̯s̻kãn
gauzkate	gau̯s̺kat̪e
gauzkate	gau̯s̻kat̪e
gauzkazu	gau̯s̺kas̺u
gauzkazu	gau̯s̻kas̻u
gauzkazue	gau̯s̺kas̺ue
gauzkazue	gau̯s̻kas̻ue
gazaguzki	gas̻aɣ̞us̻ki
gazaguzkik	gas̻aɣ̞us̻kik
gazaguzkin	gas̻aɣ̞us̻kĩn
gazaguzkite	gas̻aɣ̞us̻kit̪e̞
gazaguzkizu	gas̻aɣ̞us̻kis̻u
gazaguzkizue	gas̻aɣ̞us̻kis̻ue̞
gazi	gas̻i
gazi	ɣ̞asi
gazi-geza	ɣ̞as̻ikes̻a
gazialdi	ɣ̞as̻iaelð̞i
gazta	gas̺t̪a
gazta	gas̻t̪a
gaztaina	gas̻t̪ai̯na
gaztaina	gas̻t̪aɲa
gaztainondo	gas̺t̪aɲõn̪d̪o
gaztainondo	gas̻t̪ai̯nõn̪d̪o
gaztainondo	gas̻t̪aɲõn̪d̪o
gaztaro	gastaro
gaztaro	gast̪aɾo
gazte	gaste
gazte	gas̻t̪e̞
gazteizkoak	gas̻t̪e̞is̺koak
gaztela	gas̺t̪ela
gaztela	gas̻t̪ela
gaztelania	gas̻t̪e̞lania
gaztelar	gastelaɾ
gaztelera	gast̪e̞leɾa
gaztelera	gas̺t̪eleɾa
gaztelera	gas̻t̪eleɾa
gaztelu	gas̺t̪elu
gaztelu	gas̻t̪elu
gaztelugatxe	gas̻tɛluɣ̞atʃe
gazteria	gast̪eɾia
gaztigar	gast̪iɣ̞aɾ
gebara	geβ̞aɾa
gehiegizko	gehieɣ̞is̻ko
gehiegizko	gei̯eɣ̞is̺ko
gehiegizko	gei̯eɣ̞is̻ko
gehienbat	gehiẽmbat̪
gehienbat	gei̯ẽmbat̪
gehitu	ge̞i̯t̪u
gehitu	ge̞ɦit̪u
gela	ge̞la
gelaxka	gɛlaʃka
geldiketa	ɣ̞eld̪ike̞t̪a
geldirik	ɣ̞eld̪ið̞ik
gelditen	kelð̞it̪ẽn
geldiune	gˌeˌʊldiˈune
gelge	gɪlgeː
geltoki	gel̪t̪oki
geltokiburu	ge̞l̪t̪o̞kiβ̞uɾu
geltokiek	gel̪t̪okiek
geltokiz	gel̪t̪okis̺
geltokiz	gel̪t̪okis̻
genbiltzan	gẽmbilts̻ãn
genbilzke	gẽmbils̺ke
genbilzke	gẽmbils̻ke
genbilzkeen	gẽmbils̺keẽn
genbilzkeen	gẽmbils̻keẽn
genegien	geneɣ̞iẽn
genegike	geneɣ̞ike
genegitzake	geneɣ̞its̻ake
genegitzan	geneɣ̞its̻ãn
genekartzan	gẽ̞ne̞kart̪s̺ãn
genekien	ge̞ne̞kiẽ̞n
genekike	ge̞ne̞kike̞
genekizke	ge̞ne̞kis̻ke̞
genekizkien	ge̞ne̞kis̻kiẽ̞n
genekusan	ge̞ne̞kus̺ãn
genekusazke	ge̞ne̞kus̺as̻ke̞
genekuske	ge̞ne̞kus̺ke̞
genekuskien	ge̞ne̞kus̺kiẽ̞n
genentzuen	ge̞nẽ̞nts̻uẽ̞n
genentzuke	ge̞nẽ̞nts̻uke̞
genentzuzke	ge̞nẽ̞nts̻us̻ke̞
genentzuzkien	ge̞nẽ̞nts̻us̻kiẽ̞n
generakuske	ge̞ne̞ɾakus̺ke̞
generakuskien	ge̞ne̞ɾakus̺kiẽ̞n
generakutsan	ge̞ne̞ɾakuts̺ãn
generakutsazke	ge̞ne̞ɾakuts̺as̻ke̞
generoake	ge̞ne̞ɾo̞ake̞
generoan	ge̞ne̞ɾo̞ãn
generoatzan	ge̞ne̞ɾo̞ats̻ãn
generoazke	ge̞ne̞ɾo̞as̻ke̞
genetika	ɣ̞ẽn̪t̪ika
geneukake	geneu̯kake
geneukan	geneu̯kãn
geneukan	ɣ̞eneukann
geneuzkake	geneu̯s̺kake
geneuzkake	geneu̯s̻kake
geneuzkan	geneu̯s̺kãn
geneuzkan	geneu̯s̻kãn
geneva	ɣ̞eneβ̞a
genezaguen	ge̞ne̞s̻aɣ̞uẽ̞n
genezaguke	ge̞ne̞s̻aɣ̞uke̞
genezaguzke	ge̞ne̞s̻aɣ̞us̻ke̞
genezaguzkien	ge̞ne̞s̻aɣ̞us̻kiẽ̞n
genezake	genes̺ake
genezake	genes̻ake
genezakeen	genes̺akeẽn
genezakeen	genes̻akeẽn
genezala	genes̺ala
genezala	genes̻ala
genezan	genes̺ãn
genezan	genes̻ãn
geniharduen	ge̞niarð̞uẽ̞n
geniharduen	ge̞niɦarð̞uẽ̞n
genihardukake	ge̞niarð̞ukake̞
genihardukake	ge̞niɦarð̞ukake̞
genihardukan	ge̞niarð̞ukãn
genihardukan	ge̞niɦarð̞ukãn
geniharduke	ge̞niarð̞uke̞
geniharduke	ge̞niɦarð̞uke̞
genirauen	ge̞niɾau̯ẽ̞n
genirauke	ge̞niɾau̯ke̞
genirudien	ge̞niɾuð̞iẽ̞n
genirudike	ge̞niɾuð̞ike̞
genituen	ge̞nit̪uẽ̞n
genituzke	genit̪us̺ke
genituzke	genit̪us̻ke
genituzkeen	genit̪us̺keẽn
genituzkeen	genit̪us̻keẽn
genitzake	genits̻ake
genitzakeen	genits̻akeẽn
genitzala	genits̻ala
genitzan	genits̻ãn
genkizkien	gẽ̞ŋkis̻kiẽ̞n
genkizkion	gẽ̞ŋkis̻kiõ̞n
genoma	d̪enõmã
gentozen	gent̪os̺ĩn
gentozen	gẽn̪t̪os̺ẽn
gentozen	gẽn̪t̪os̻ẽn
gentozke	gẽn̪t̪os̺ke
gentozke	gẽn̪t̪os̻ke
gentozkeen	gẽn̪t̪os̺keẽn
gentozkeen	gẽn̪t̪os̻keẽn
gentxezkiake	gẽnʲtʃes̺kiake
gentxezkiake	gẽnʲtʃes̻kiake
gentxezkian	gẽnʲtʃes̺kiãn
gentxezkian	gẽnʲtʃes̻kiãn
gentxezkieke	gẽnʲtʃes̺kieke
gentxezkieke	gẽnʲtʃes̻kieke
gentxezkien	gẽnʲtʃes̺kiẽn
gentxezkien	gẽnʲtʃes̻kiẽn
gentxezkinake	gẽnʲtʃes̺kiɲake
gentxezkinake	gẽnʲtʃes̻kinake
gentxezkinake	gẽnʲtʃes̻kiɲake
gentxezkinan	gẽnʲtʃes̺kiɲãn
gentxezkinan	gẽnʲtʃes̻kinãn
gentxezkinan	gẽnʲtʃes̻kiɲãn
gentxezkioke	gẽnʲtʃes̺kioke
gentxezkioke	gẽnʲtʃes̻kioke
gentxezkion	gẽnʲtʃes̺kiõn
gentxezkion	gẽnʲtʃes̻kiõn
gentxezkizueke	gẽnʲtʃes̺kis̺ueke
gentxezkizueke	gẽnʲtʃes̻kis̻ueke
gentxezkizuen	gẽnʲtʃes̺kis̺uẽn
gentxezkizuen	gẽnʲtʃes̻kis̻uẽn
gentxezkizuke	gẽnʲtʃes̺kis̺uke
gentxezkizuke	gẽnʲtʃes̻kis̻uke
gentxezkizun	gẽnʲtʃes̺kis̺ũn
gentxezkizun	gẽnʲtʃes̻kis̻ũn
gentzane	ge̞nts̺ane
genuen	ge̞nuẽ̞n
genuen	jenuẽn
genuke	genuke
genukeen	genukeẽn
geofisika	geofjsika
geografiko	geoɣ̞ɾfiko
geoide	geoiðe
georgia	georɣ̞ia
georgiar	ge̞o̞rɣ̞iar
georgiera	georɣ̞ieɾa
geraxane	ge̞ɾaʃane̞
gerezi	ge̞ɾe̞s̻i
gereziondo	geɾes̺iõn̪d̪o
gereziondo	geɾes̻iõn̪d̪o
german	ge̞rmãn
germana	germana
germanismo	geɾmanizmo
gernika	gernika
gernika	gɛrnika
gernu	gernu
gernu	gernum
gero	ge̞ɾo̞
geroa	geˈɾɔa
geroa	gɛːrɪ̞ːo̞aː
geroaldia	ɣ̞ueɾoalð̞ja
geroratu	ɣ̞eɾoɾat̪um
gerra	ge̞ra
gerri	ge̞ri
gerria	ɣ̞arria
gerrikatu	ge̞ɾrikatu
gerriko	ge̞riko̞
gerriko	ɣ̞ueɾɾiko
gerruntzeko	geɾɾunt̪s̺e̞ko
gerruntzeko	ge̞runts̻e̞ko
gertaera	gert̪aeɾa
gertaera	gert̪ae̞ɾa
gertaera	keɾtaeɾa
gertakari	ge̞t̪akaɾi
gertakizun	ge̞ɾt̪akis̺ũn
gertatu	gert̪at̪u
gertatu	gɛrtatu
gertu	gert̪u
gestore	ɣ̞est̪oɾe
getaria	get̪aɾia
geu	geu̯
geundeke	gẽũ̯n̪d̪eke
geundekeen	gẽũ̯n̪d̪ekeẽn
geunden	gẽũ̯n̪d̪ẽn
geuntzake	gẽũ̯nts̻ake
geuntzan	gẽũ̯nts̻ãn
geure	geu̯ɾe
geurtz	geuɾts
geza	ge̞s̻a
gezi	ge̞s̻i
gezur	ges̺ur
gezur	ges̻ur
gezurti	ges̺urt̪i
gezurti	ges̻urt̪i
ggi	geɣ̞ei
ghana	gana
ghanan	ganãn
gibel	giβ̞e̞l
gibela	ɣ̞uiβ̞ela
gibelatu	gjˈbˌelˈatˈu
gida	ɣ̞uð̞a
gidaria	gið̞aɾiã
gidatu	gið̞at̪u
gihar	gijˈar
gil	gil
gilda	gilda
gilen	gijˈen
gilermo	gile̞rmo̞
gilermo	giʎe̞rmo̞
gillermo	giʎermo
giltza	gilts̻a
giltza	gilt̪sa
giltzarte	giltzaɾte
giltzurrun	gilts̻urũn
gimnasio	ximnastsio
ginarreba	ginareβ̞a
ginarreba	giɲareβ̞a
ginateke	ginat̪eke
ginateke	giɲat̪eke
ginatekeen	ginat̪ekeẽn
ginatekeen	giɲat̪ekeẽn
ginbalet	kinbalet̪
gindezaguzke	gĩn̪d̪e̞s̻aɣ̞us̻ke̞
gindezaguzkek	gĩn̪d̪e̞s̻aɣ̞us̻ke̞k
gindezaguzken	gĩn̪d̪e̞s̻aɣ̞us̻kẽ̞n
gindezaguzkete	gĩn̪d̪e̞s̻aɣ̞us̻ke̞t̪e̞
gindezaguzkezu	gĩn̪d̪e̞s̻aɣ̞us̻ke̞s̻u
gindezaguzkezue	gĩn̪d̪e̞s̻aɣ̞us̻ke̞s̻ue̞
gindezaguzkian	gĩn̪d̪e̞s̻aɣ̞us̻kiãn
gindezaguzkien	gĩn̪d̪e̞s̻aɣ̞us̻kiẽ̞n
gindezaguzkinan	gĩn̪d̪e̞s̻aɣ̞us̻kinãn
gindezaguzkinan	gĩn̪d̪e̞s̻aɣ̞us̻kiɲãn
gindezaguzkiten	gĩn̪d̪e̞s̻aɣ̞us̻kit̪ẽ̞n
gindezaguzkizuen	gĩn̪d̪e̞s̻aɣ̞us̻kis̻uẽ̞n
gindezaguzkizun	gĩn̪d̪e̞s̻aɣ̞us̻kis̻ũn
gindoazen	gĩn̪d̪oas̺ẽn
gindoazen	gĩn̪d̪oas̻ẽn
gindoazke	gĩn̪d̪oas̺ke
gindoazke	gĩn̪d̪oas̻ke
gindoazkeen	gĩn̪d̪oas̺keẽn
gindoazkeen	gĩn̪d̪oas̻keẽn
ginduzkaan	gĩn̪d̪us̺kaãn
ginduzkaan	gĩn̪d̪us̻kaãn
ginduzkake	gĩn̪d̪us̺kake
ginduzkake	gĩn̪d̪us̻kake
ginduzkakek	gĩn̪d̪us̺kakek
ginduzkakek	gĩn̪d̪us̻kakek
ginduzkaken	gĩn̪d̪us̺kakẽn
ginduzkaken	gĩn̪d̪us̻kakẽn
ginduzkakete	gĩn̪d̪us̺kaket̪e
ginduzkakete	gĩn̪d̪us̻kaket̪e
ginduzkakezu	gĩn̪d̪us̺kakes̺u
ginduzkakezu	gĩn̪d̪us̻kakes̻u
ginduzkakezue	gĩn̪d̪us̺kakes̺ue
ginduzkakezue	gĩn̪d̪us̻kakes̻ue
ginduzkan	gĩn̪d̪us̺kãn
ginduzkan	gĩn̪d̪us̻kãn
ginduzkanan	gĩn̪d̪us̺kanãn
ginduzkanan	gĩn̪d̪us̻kanãn
ginduzkaten	gĩn̪d̪us̺kat̪ẽn
ginduzkaten	gĩn̪d̪us̻kat̪ẽn
ginduzkazuen	gĩn̪d̪us̺kas̺uẽn
ginduzkazuen	gĩn̪d̪us̻kas̻uẽn
ginduzkazun	gĩn̪d̪us̺kas̺ũn
ginduzkazun	gĩn̪d̪us̻kas̻ũn
ginea	ginea
ginen	ginẽn
ginen	giɲẽn
gintezela	gĩn̪t̪es̺ela
gintezela	gĩn̪t̪es̻ela
gintezen	gĩn̪t̪es̺ẽn
gintezen	gĩn̪t̪es̻ẽn
gintezke	gĩn̪t̪es̺ke
gintezke	gĩn̪t̪es̻ke
gintezkean	gĩn̪t̪es̺keãn
gintezkean	gĩn̪t̪es̻keãn
gintezkeen	gĩn̪t̪es̺keẽn
gintezkeen	gĩn̪t̪es̻keẽn
gintezkek	gĩn̪t̪es̺kek
gintezkek	gĩn̪t̪es̻kek
gintezken	gĩn̪t̪es̺kẽn
gintezken	gĩn̪t̪es̻kẽn
gintezkenan	gĩn̪t̪es̺kenãn
gintezkenan	gĩn̪t̪es̻kenãn
gintuan	gĩn̪t̪uãn
gintuen	gĩn̪t̪uẽ̞n
gintunan	gĩn̪t̪unãn
gintuzke	gĩn̪t̪us̺ke
gintuzke	gĩn̪t̪us̻ke
gintuzkean	gĩn̪t̪us̺keãn
gintuzkean	gĩn̪t̪us̻keãn
gintuzkeen	gĩn̪t̪us̺keẽn
gintuzkeen	gĩn̪t̪us̻keẽn
gintuzkek	gĩn̪t̪us̺kek
gintuzkek	gĩn̪t̪us̻kek
gintuzken	gĩn̪t̪us̺kẽn
gintuzken	gĩn̪t̪us̻kẽn
gintuzkenan	gĩn̪t̪us̺kenãn
gintuzkenan	gĩn̪t̪us̻kenãn
gintuzkete	gĩn̪t̪us̺ket̪e
gintuzkete	gĩn̪t̪us̻ket̪e
gintuzketen	gĩn̪t̪us̺ket̪ẽn
gintuzketen	gĩn̪t̪us̻ket̪ẽn
gintuzkezu	gĩn̪t̪us̺kes̺u
gintuzkezu	gĩn̪t̪us̻kes̻u
gintuzkezue	gĩn̪t̪us̺kes̺ue
gintuzkezue	gĩn̪t̪us̻kes̻ue
gintuzkezuen	gĩn̪t̪us̺kes̺uẽn
gintuzkezuen	gĩn̪t̪us̻kes̻uẽn
gintuzkezun	gĩn̪t̪us̺kes̺ũn
gintuzkezun	gĩn̪t̪us̻kes̻ũn
gintuzten	gĩn̪t̪us̻t̪ẽ̞n
gintuzuen	gĩn̪t̪us̻uẽ̞n
gintuzun	gĩn̪t̪us̻ũn
gintzaala	gĩnts̻aala
gintzaan	gĩnts̻aãn
gintzaizkinan	kĩːnts̺ais̻kiɲan
gintzake	gĩnts̻ake
gintzakean	gĩnts̻akeãn
gintzakeen	gĩnts̻akeẽn
gintzakek	gĩnts̻akek
gintzaken	gĩnts̻akẽn
gintzakenan	gĩnts̻akenãn
gintzakete	gĩnts̻aket̪e
gintzaketen	gĩnts̻aket̪ẽn
gintzakezu	gĩnts̻akes̺u
gintzakezu	gĩnts̻akes̻u
gintzakezue	gĩnts̻akes̺ue
gintzakezue	gĩnts̻akes̻ue
gintzakezuen	gĩnts̻akes̺uẽn
gintzakezuen	gĩnts̻akes̻uẽn
gintzakezun	gĩnts̻akes̺ũn
gintzakezun	gĩnts̻akes̻ũn
gintzala	gĩnts̻ala
gintzan	gĩnts̻ãn
gintzanala	gĩnts̻anala
gintzanan	gĩnts̻anãn
gintzatela	gĩnts̻at̪ela
gintzaten	gĩnts̻at̪ẽn
gintzazuela	gĩnts̻as̺uela
gintzazuela	gĩnts̻as̻uela
gintzazuen	gĩnts̻as̺uẽn
gintzazuen	gĩnts̻as̻uẽn
gintzazula	gĩnts̻as̺ula
gintzazula	gĩnts̻as̻ula
gintzazun	gĩnts̻as̺ũn
gintzazun	gĩnts̻as̻ũn
gipuzkoa	gipus̺koa
gipuzkoa	gipus̻koa
gipuzkoan	gipus̻ko̞ãn
giralda	giɾal̪d̪a
giro	giɾo
girotu	gjɾotʊ
gisa	gis̺a
gisako	gis̺ako̞
gisan	gis̺ãn
gisatu	gis̺at̪u
gisela	gis̺ela
gixane	giʃane
gixot	dʒiʃot
giza	gis̻a
giza	gitsa
gizaki	gisaki
gizakunde	gis̺akũn̪d̪e
gizakunde	gis̻akũn̪d̪e
gizalege	is̺aleɣ̞e
gizane	gis̺ane
gizane	gis̻ane
gizarte	gis̺art̪e
gizarte	gis̻art̪e
gizarte-klase	ɣ̞is̻aɾt̪eklas̺e
gizarteratu	gis̺art̪e̞ɾat̪u
gizarteratze	gis̻art̪e̞d̪ats̻e
gizatasun	gis̺at̪as̺ũn
gizatasun	gis̻at̪as̺ũn
gizon	gis̺õn
gizon	gis̻õn
gizongai	gis̺oŋgai̯
gizongai	gis̻oŋgai̯
glamour	glamuɾ
goaz	goas̺
goaz	goas̻
goazen	goas̺ẽn
goazen	goas̻ẽn
goazke	goas̺ke
goazke	goas̻ke
gobada	gobada
gobernaezin	goβ̞eɾnaẽnθĩŋ
gobernagarri	ɣ̞oβ̞eɾnaɣ̞ari
godalet	ɣ̞oð̞alet̪s
godantzia	go̞ð̞ãnts̻ia
gogaikarri	goaikaɾɾi
gogamen	goɣamen
gogo	go̞ɣ̞o̞
gogoetatsu	gogoe̞t̪at̪u
gogor	goɣ̞or
gogorarazi	ɣ̞oɣ̞oɾaɾaaθi
gogortu	go̞ɣ̞o̞rt̪u
gogotsu	goɣ̞ots̺u
gogotsu	goɣ̞ots̻u
goialde	gojald̪e
goibelaldi	ɣ̞oibe̞lal̪d̪i
goibelarazi	ɣ̞oiβ̞elaɾaθi
goibeldu	gojbeːld̪u
goibeldu	go̞i̯β̞e̞l̪d̪u
goibeldura	goibeːld̪uɾa
goiko	gojko
goikoetxea	goi̯koetʃea
goilara	go̞i̯laɾa
goilara	go̞ʎaɾa
goitar	gojtaɾ
goitasun	gojtas̺ũn
goitikatu	gojtikatu
goitikatuko	ɣ̞o̞it̪ikatuko
goititu	ɣ̞o̞et̪it̪u
goiz	gojs
goiz	go̞i̯s̻
goizerdi	ɣ̞oʝs̻eɾð̞i
goiztiar	ɣ̞oist̪iaɾ
gol	go̞l
golko	gɔlko
goma	oma
gomendagarri	ɣ̞omẽn̪t̪aɣ̞aɾɾi
gomendio	gomenio
gomuta	komuta
gona	gona
gonadun	ɣ̞onað̞ũn
gonape	gonapɛ
gonazale	ɣ̞onaθale
gonbit	gombið̞
gonbitalarri	gombit̪alaɾɾj
gontz	gonts
gontz	gõ̞nts̻
gora	go̞ɾa
goragarri	goɾaɣ̞aɾð̞i
goragune	ɣ̞oɾaɣ̞ule
goraintziak	goraintsiak
goraipamen	golajpamen
goraipatu	goˈlaːipˈatˈu
gorakada	go̞ɾakað̞a
goraki	ɣ̞olaki
goraldi	ɣ̞o̞ɾalð̞i
gorazarre	ɣ̞oɾas̺aɾe
gorbatadun	ɣ̞oɾbat̪ad̪u
gorde	gorð̞e
gordearazi	ɣ̞oɾð̞eaɾaθi
gordekin	gordẽkĩŋ
gordetegi	gordetegi
gordezale	ɣ̞oɾð̞esale
goretsiko	ɣ̞oɾet̪ʃiko
gori	gˈoːli
gorka	gorka
gorospe	goɾos̺pe
gorosti	go̞ɾo̞s̺t̪i
gorotzil	go̞ɾo̞ts̻il
gorpu	gɔrpu
gorputz	gorputs̻
gorputz-enbor	goɾput̪z̺ẽmboɾ
gorputzadar	ɣ̞oɾput̪s̺aɣ̞aɾ
gorri	gori
gorri	go̞ri
gorriak	goriak
gorrimin	gorrinim
gorrimin	go̞rimĩn
gorrimotel	go̞rimo̞t̪e̞l
gorringo	go̞rĩŋgo̞
gorrixka	ɣ̞oriʃka
gorrizta	ɣ̞oɾɾjst̪a
gorrotatu	go̞ro̞t̪at̪u
gorrotatzaile	ɣ̞oɾɾot̪at̪s̻aʎe
gosaldu	go̞s̺al̪d̪u
gosari	goːsaɾi
gose	ɣ̞oʃe
gose-gose	ɣ̞os̺eɣ̞os̺e
gosea	ɣ̞osea
gosete	gozete
goseti	ɣ̞os̻et̪ik
gosetu	ɣ̞os̻ɾet̪u
gotortasun	ɣ̞ot̪oɾt̪as̺u̯n
gotzon	go̞ts̻õ̞n
goxatu	voʃatˈu
goxo	mgoʃo
gozatu	gossatu
gozatu	gos̺at̪u
gozatu	gos̻at̪u
gozne	gosne
gozo	go̞s̻o̞
gozodenda	goz̺od̪ed̪a
gozoki	gosoki
grabazio	gɾabakjo
grabitate	gravit̪at̪e
gradu	gɾadu
grafia	ɾafia
grafito	gɾaθito
gramatika	gramat̪ika
gramatika	gɾamt̪ika
granadak	ɣ̞ɾanãd̪ak
granadari	granað̞aɾi
grapagailu	grapaɣ̞ai̯lu
grapagailu	grapaɣ̞aʎu
grazia	gɾˈakja
greko	greko
greko	grɛko
grezia	gres̺ia
grezia	gres̻ia
greziera	gresieɾa
gris	gris̺
grisa	gɾisa
groenlandia	ɣ̞ɾoẽn̪lãn̪d̪ia
gu	gu
gu	ku
guadalupe	gwað̞alope
guardasol	gwaɾð̞asol
guda	guza
guda	guð̞a
gudariak	ɣ̞oð̞aɾiak
gudaroste	guð̞aɾos̺t̪e
guk	guk
gune	gune̞
guneka	gune̞ka
gupida	gupiða
gura	guɾa
guraize	guɾai̯s̺e
guraize	guɾai̯s̻e
gurasotu	ɣ̞ulas̺ot̪u
gurdi	gurdi
gurdi	gurð̞i
gure	guɾe̞
gurera	ɣ̞o̞ɾe̞ɾa
guri	guɾi
gurin	guɾĩn
gurin	puɾiŋ
gurina	gˈuliɲa
gurpen	guɾpɛn
gurpil	gurpil
gurtza	gurt̪sa
gurutzaketa	guɾuts̻ake̞t̪a
gurutze	guɾuts̻e
gurutze	ɣ̞urutsʲe
gustatu	gus̺t̪at̪u
gustatuko	guʃtatuko
gutar	gʊtˈar
gutizia	gut̪is̺ia
gutizia	gut̪is̻ia
gutxi	guti
gutxiagotu	guːtɕʰiagoˈtˈu
gutxitu	utʃitu
guzti	gusti
guzti	gus̺t̪i
guzti	gus̻t̪i
guztia	gus̺t̪ia
guztia	gus̻t̪ia
guztiak	gustiak
guztiak	gus̺t̪iak
guztiak	gus̻t̪iak
guztiok	gus̺t̪iok
guztiok	gus̻t̪iok
ha	a
habanako	aβ̞anako
habe	aβ̞e̞
habe	ɦaβ̞e̞
habearte	abeaɾte
habia	aβ̞ia
habia	ɦaβ̞ia
habil	aβ̞il
habil	haβ̞il
habilen	aβ̞iʎẽn
habilen	haβ̞ilẽn
habilke	aβ̞ilke
habilke	haβ̞ilke
habitat	abitat̪
hadi	að̞i
hadi	hað̞i
hadila	að̞iʎa
hadila	hað̞ila
hadin	að̞ĩn
hadin	hað̞ĩn
haga	aga
hagin	aɣ̞ĩn
hagin	ɦaɣ̞ĩn
haginka	aɣ̞ĩŋka
haginkada	aɣ̞ĩŋkað̞a
haginkari	aɣ̞ĩnkaɾi
hagiografia	aɣ̞ioɣ̞ɾafia
hago	ago
hago	aɣ̞o
hago	haɣ̞o
hagoan	aɣ̞oãn̪
hagoen	aɣ̞oẽn
hagoen	haɣ̞oẽn
hagoke	aɣ̞oke
hagoke	haɣ̞oke
haiei	ai̯ei̯
haiei	hai̯ei̯
haiek	ai̯ek
haiek	hai̯ek
haien	ai̯ẽn
haien	hai̯ẽn
haikatu	aikatʰu
haikatuko	ai̯kat̪uko
haikatzen	ai̯kat̪s̺ẽn
haiku	aikˈu
hainbatean	ai̯nbat̪eãn̪
hainbateko	ainbat̪eko
hainbatenaz	ãĩ̯nbat̪e̞nas̺
haiteke	ai̯t̪eke
haiteke	hai̯t̪eke
haitz	ai̯ts̻
haitz	hai̯ts̻
haitzurdin	ai̯ts̺uɾð̞ĩŋ
haiz	ai̯s̺
haiz	ai̯s̻
haiz	hai̯s̻
haizateke	ai̯s̺at̪eke
haizateke	ai̯s̻at̪eke
haizateke	hai̯s̻at̪eke
haizatuko	ais̺atuko
haizatzen	ãis̻ats̻ẽn
haize	ai̯s̻e̞
haize	ɦai̯s̻e̞
haizeratzen	ai̯s̺ẽɾat̪s̺ẽn
haizetsu	ai̯s̻e̞ts̺u
haizetsu	ɦai̯s̻e̞ts̺u
hakar	akar
hakar	hakar
hakien	akiẽ̞n
hakien	ɦakiẽ̞n
hala	ala
hala	ɦala
halaber	alaβ̞eɾ
halakatu	aːlakatu
halako	alako
halan	alan
halaxe	alˈaʃˈe
halere	aleɾe
halo	alo
haltz	alts̻
haltz	halts̻
haltzari	ɦal̪t̪s̺aɾi
hamabi	amabi
hamabi	amaβ̞i
hamabi	ɦamaβ̞i
hamabigarren	amaβ̞iɣ̞arẽn
hamabigarren	hamaβ̞iɣ̞arẽn
hamabiko	amabiko
hamabiko	amaβ̞iko
hamabiren	amabiɾen
hamabiren	amaβ̞iɾen
hamabost	amaβ̞o̞s̺t̪
hamabost	ɦamaβ̞o̞s̺t̪
hamahiru	amai̯ɾu
hamahiru	hamahiɾu
hamahirugarren	amai̯ɾuɣ̞arẽn
hamahirugarren	hamahiɾuɣ̞arẽn
hamaika	amaika
hamaika	amai̯ka
hamaika	hamai̯ka
hamaikagarren	amai̯kaɣ̞arẽn
hamaikagarren	hamai̯kaɣ̞arẽn
hamaiketako	amai̯ketako
hamairu	amai̯ɾu
hamairu	ɦamai̯ɾu
hamalau	amalau
hamalau	amalau̯
hamalau	ɦamalau̯
hamalaudun	amalauð̞ũn
hamalaudun	lamalau̯ð̞un
hamalaugarren	amalau̯ɣ̞arẽn
hamalaugarren	hamalau̯ɣ̞arẽn
hamar	amar
hamar	amaɾ
hamar	hamar
hamargarren	amarɣ̞arẽn
hamargarren	hamarɣ̞arẽn
hamarkada	amaɾkað̞a
hamarna	amaɾna
hamarreko	amaɾɾeko
hamarren	amarẽn
hamarren	hamarẽn
hamarren	lamarɾẽn
hamarrendu	amaɾɾend̪u
hamartar	amaɾt̪aɾ
hamasei	amas̺e̞i̯
hamasei	ɦamas̺e̞i̯
hamazazpi	amas̺as̺pi
hamazazpi	amas̻as̻pi
hamazazpi	hamas̻as̻pi
hamazortzi	amas̺orts̻i
hamazortzi	amas̻orts̻i
hamazortzi	hamas̻orts̻i
hamikatu	amikatˈu
hamikatzen	amikat̪s̺ẽn
hamster	hamst̪eɾ
han	an
han	ãn
han	ɦãn
handia	and̪ia
handikari	anð̞ikaɾi
handikari	ãn̪d̪ikaɾi
handikeria	aŋd̪ikeɾia
handiki	anːd̪iki
handinahikeria	ãn̪d̪inahikeɾia
handinahitasun	ãn̪d̪inahit̪as̺um
handiro	and̪iɾo
handiro	ãn̪d̪iɾo
handiroki	ãn̪d̪iɾoki
handitu	hãn̪d̪it̪u
handitu	ãn̪d̪it̪u
hangar	ãŋgaɾ
hanka	anka
hankapeko	ankapeko
hankaperatzen	ãn̪kapæeɾat̪s̻e̞n
hankarte	ankarte
hankurkulu	ankuɾkulu
hantu	aŋtu
hantura	ant̪uɾa
har	ˈaɾ
hara	aɾa
harabartu	aɾaβ̞aɾt̪u
harabartzen	araβ̞aɾt̪s̺ẽn
haragi	aɾaɣ̞i
haragi	ɦaɾaɣ̞i
haragiki	aɾaɣ̞iki
haragitako	aɾaɣ̞it̪ako
harago	aɾaɣ̞o
haraindi	aɾainð̞i
harakai	aɾakai
harakin	aɾakin
harakin	aɾakĩn
harakin	haɾakĩn
harako	aɾako
haran	aɾan
haran	aɾãn
haran	haɾãn
harana	aɾanã
haranburu	aɾanβ̞uɾu
hararetar	aɾaɾet̪aɾ
harat	aɾat
harategi	aɾat̪eɣ̞i
harategi	aɾat̪e̞ɣ̞i
harategi	haɾat̪eɣ̞i
haratu	aɾatʰu
haratustel	aɾat̪us̺t̪el
haratustel	haɾat̪us̺t̪el
haratzen	aɾats̻ẽm
harbera	aɾβ̞eɾa
harbi	aɾβ̞i
harea	aɾea
harem	aɾem
haren	aɾẽ̞n
haren	ɦaɾẽ̞n
haren	ˈaɾen
harenganatu	aɾenɣ̞anat̪u
harganatu	aɾɣ̞anat̪u
harganatzen	arɣ̞anat̪s̺ẽn
hargune	aɾɣ̞une
hari	aɾi
hari	aɾiː
hari	ɦaɾi
harikortasun	aɾikoɾt̪as̺un
harilkatu	aɾilkat̪u
harilko	aɾilko
hariteria	aritˈeɾia
haritz	aɾits̻
haritz	haɾits̻
haritzezko	aɾits̻es̺ko
haritzezko	aɾits̻es̻ko
haritzezko	haɾits̻es̻ko
harizkatu	aɾis̺kat̪u
harizki	aɾis̺ki
harizki	aɾis̻ki
harizki	haɾis̻ki
hariztatzen	aris̺t̪ats̻ẽn
hark	ark
hark	ɦark
harkantoi	arkantoi
harma	arma
harmarri	aɾmaɾɾi
harmategi	armateɣ̞i
harmoniko	aɾmoniko
haro	aɾo
harotz	aɾots̺
harpa	aɾpa
harpe	ˈaɾpe
harpide	aɾpið̞e
harpidedun	aɾpið̞ed̪wn
harpidetzen	aɾpið̞et̪s̺en
harrabots	araβ̞ots̺
harrabots	araβ̞ots̻
harrabots	haraβ̞ots̺
harrapari	aɾɾapaɾi
harrarte	arɾaɾte
harri	ari
harri	hari
harria	aɾɾia
harrigarri	aɾɾiɣ̞aɾɾi
harrikatuko	aɾɾikatuko
harriketarrak	aɾɾike̞t̪aɾɾak
harrituko	aɾɾituko
harritzen	aɾɾit̪s̺ẽn
harro	aro
harro	haro
harroin	aɾɾoĩŋ
harrotu	aro̞t̪u
harrotu	ɦaro̞t̪u
harta	art̪a
hartan	art̪ãn
hartan	aɾt̪an
hartan	ɦart̪ãn
hartara	art̪aɾa
hartara	ɦart̪aɾa
hartarako	aɾt̪aɾako̞
hartarat	art̪aɾat̪
hartarat	ɦart̪aɾat̪
hartaratu	aɾt̪aɾat̪u
hartu	art̪u
hartu	ɦart̪u
hartuko	art̪uko
hartune	aɾtune
hartuta	artuta
hartz	arts̻
hartz	ɦarts̻
hartze	arts̺e
hartzekodun	haɾts̺ẽkod̪wn
hartzitu	arts̻it̪u
hartzitu	harts̻it̪u
haserretu	as̺e̞re̞t̪u
haserretu	ɦas̺e̞re̞t̪u
hasi	as̺i
hasi	has̺i
haste	as̺t̪e
haste	has̺t̪e
hasten	as̺t̪ẽn
hasten	has̺t̪ẽn
hator	atːoɾ
hator	at̪or
hator	hat̪or
hatorke	at̪orke
hatorke	hat̪orke
hatorren	at̪orẽn
hatorren	hat̪orẽn
hatxe	atʃe̞
hatxe	ɦatʃe̞
hatxekie	atʃekie
hatxekie	hatʃekie
hatxekigu	atʃekiɣ̞u
hatxekigu	hatʃekiɣ̞u
hatxekio	atʃekio
hatxekio	hatʃekio
hatxekit	atʃekit̪
hatxekit	hatʃekit̪
hatz	ats̻
hatz	hats̻
hatza	ats̻a
hatza	hats̻a
hau	au̯
hau	hau̯
hauei	au̯e̞i
hauei	ɦau̯e̞i
hauek	au̯e̞k
hauek	ɦau̯e̞k
hauen	au̯en
hauen	au̯ẽn
hauen	hau̯ẽn
hauetako	au̯et̪ako
hauetako	hau̯et̪ako
hauetan	au̯et̪ãn
hauetan	hau̯et̪ãn
hauetara	au̯et̪aɾa
hauetara	hau̯et̪aɾa
haugu	au̯ɣ̞u
haugu	hau̯ɣ̞u
hauka	au̯ka
hauka	hau̯ka
haukagu	au̯kaɣ̞u
haukagu	hau̯kaɣ̞u
haukat	au̯kat̪
haukat	hau̯kat̪
haukate	au̯kat̪e
haukate	hau̯kat̪e
hauke	au̯ke
hauke	hau̯ke
haukegu	au̯keɣ̞u
haukegu	hau̯keɣ̞u
hauket	au̯ket̪
hauket	hau̯ket̪
haukete	au̯ket̪e
haukete	hau̯ket̪e
haurdun	auɾð̞ũn
haut	au̯t̪
haut	hau̯t̪
hautagai	aut̪aɣ̞ai
hautaketa	au̯t̪ake̞t̪a
hautaproba	autaproba
hautatu	au̯t̪at̪u
hautatu	ɦau̯t̪at̪u
haute	au̯t̪e
haute	hau̯t̪e
hauts	au̯ts̺
hauts	au̯ts̻
hauts	hau̯ts̺
hautu	au̯t̪u
hautua	au̯t̪ua
hazadala	as̺að̞ala
hazadala	as̻að̞ala
hazadala	has̻að̞ala
hazadan	as̺að̞ãn
hazadan	as̻að̞ãn
hazadan	has̻að̞ãn
hazagu	as̻aɣ̞u
hazagu	ɦas̻aɣ̞u
hazagugu	as̻aɣ̞uɣ̞u
hazagugu	ɦas̻aɣ̞uɣ̞u
hazagula	as̺aɣ̞ula
hazagula	as̻aɣ̞ula
hazagula	has̻aɣ̞ula
hazagun	as̺aɣ̞ũn
hazagun	as̻aɣ̞ũn
hazagun	has̻aɣ̞ũn
hazagut	as̻aɣ̞ut̪
hazagut	ɦas̻aɣ̞ut̪
hazagute	as̻aɣ̞ut̪e̞
hazagute	ɦas̻aɣ̞ut̪e̞
hazake	as̺ake
hazake	as̻ake
hazake	has̻ake
hazakegu	as̺akeɣ̞u
hazakegu	as̻akeɣ̞u
hazakegu	has̻akeɣ̞u
hazaket	as̺aket̪
hazaket	as̻aket̪
hazaket	has̻aket̪
hazakete	as̺aket̪e
hazakete	as̻aket̪e
hazakete	has̻aket̪e
hazala	as̺ala
hazala	as̻ala
hazala	has̻ala
hazan	as̺ãn
hazan	as̻ãn
hazan	has̻ãn
hazatela	as̺at̪ela
hazatela	as̻at̪ela
hazatela	has̻at̪ela
hazaten	as̺at̪ẽn
hazaten	as̻at̪ẽn
hazaten	has̻at̪ẽn
hazil	as̻il
hazil	ɦas̻il
hazlodi	az̺loð̞i
hazlodi	az̻loð̞i
hazlodi	haz̻loð̞i
hebaindu	eβ̞ãĩŋd̪u
hebreera	e̞β̞re̞e̞ɾa
hebreera	ɦe̞β̞re̞e̞ɾa
hega	e̞ɣ̞a
hega	ɦe̞ɣ̞a
hegal	e̞ɣ̞al
hegal	ɦe̞ɣ̞al
hegalabur	eɣ̞alaβ̞uɾ
hegalari	eɣ̞alaɾi
hegalari	heɣ̞alaɾi
hegaldatu	e̞ɣ̞al̪d̪at̪u
hegaldatu	ɦe̞ɣ̞al̪d̪at̪u
hegaldun	eɣ̞ald̪wn
hegalpe	eɣ̞alpe
hegan	eɣ̞an
hegats	e̞ɣ̞ats̺
hegats	ɦe̞ɣ̞ats̺
hegazkin	eɣ̞as̺kĩn
hegazkin	eɣ̞as̻kĩn
hegazkin	heɣ̞as̻kĩn
hegazti	e̞ɣ̞as̻t̪i
hegazti	ɦe̞ɣ̞as̻t̪i
hegien	eɣ̞iẽn
hegien	heɣ̞iẽn
hegike	eɣ̞ike
hegike	heɣ̞ike
hegitzake	eɣ̞its̻ake
hegitzake	heɣ̞its̻ake
hegitzan	eɣ̞its̻ãn
hegitzan	heɣ̞its̻ãn
hego	e̞ɣ̞o
hego	e̞ɣ̞o̞
hego	ɦe̞ɣ̞o̞
hego-ekialde	eɣ̞oekiald̪e
hegoafrika	eɣ̞oafɾika
heiagora	eiaɣ̞o̞ɾa
heineratu	e̞ĩn̪e̞ɾat̪u
hekien	e̞kiẽ̞n
hekien	ɦe̞kiẽ̞n
hekike	e̞kike̞
hekike	ɦe̞kike̞
hekizke	e̞kis̻ke̞
hekizke	ɦe̞kis̻ke̞
hekizkien	e̞kis̻kiẽ̞n
hekizkien	ɦe̞kis̻kiẽ̞n
hekusan	e̞kus̺ãn
hekusan	ɦe̞kus̺ãn
hekusazke	e̞kus̺as̻ke̞
hekusazke	ɦe̞kus̺as̻ke̞
hekuske	e̞kus̺ke̞
hekuske	ɦe̞kus̺ke̞
hekuskien	e̞kus̺kiẽ̞n
hekuskien	ɦe̞kus̺kiẽ̞n
hela	ela
helburu	e̞lβ̞uɾu
helburu	ɦe̞lβ̞uɾu
heldu	e̞l̪d̪u
heldu	ɦe̞l̪d̪u
helikoptero	elikopt̪eɾo
helio	elio
helio	helio
helize	e̞lis̻e̞
helize	ɦe̞lis̻e̞
hemen	e̞mẽ̞n
hemen	ɦe̞mẽ̞n
hemeretzi	e̞me̞ɾe̞ts̻i
hemeretzi	ɦe̞me̞ɾe̞ts̻i
hemezortzi	e̞me̞s̻o̞rts̻i
hemezortzi	ɦe̞me̞s̻o̞rts̻i
hemoglobina	emoɣ̞loβ̞ina
henbilen	hẽmbilẽn
henbilen	ẽmbiʎẽn
henbilke	hẽmbilke
henbilke	ẽmbilke
henbilkeen	hẽmbilkeẽn
henbilkeen	ẽmbilkeẽn
hendaia	hẽn̪d̪ai̯a
hendaia	ẽn̪d̪ai̯a
hendila	hẽn̪d̪ila
hendila	ẽn̪d̪iʎa
hendin	hẽn̪d̪ĩn
hendin	ẽn̪d̪ĩn
hengoen	eŋgoẽn
hengoen	heŋgoẽn
hengoke	eŋgoke
hengoke	heŋgoke
hengokeen	eŋgokeẽn
hengokeen	heŋgokeẽn
henkien	ɦẽ̞ŋkiẽ̞n
henkien	ẽ̞ŋkiẽ̞n
henkion	ɦẽ̞ŋkiõ̞n
henkion	ẽ̞ŋkiõ̞n
hentorke	hẽn̪t̪orke
hentorke	ẽn̪t̪orke
hentorkeen	hẽn̪t̪orkeẽn
hentorkeen	ẽn̪t̪orkeẽn
hentorren	hẽn̪t̪orẽn
hentorren	ẽn̪t̪orẽn
hentxekidake	hẽnʲtʃekið̞ake
hentxekidake	ẽnʲtʃekið̞ake
hentxekidan	hẽnʲtʃekið̞ãn
hentxekidan	ẽnʲtʃekið̞ãn
hentxekieke	hẽnʲtʃekieke
hentxekieke	ẽnʲtʃekieke
hentxekien	hẽnʲtʃekiẽn
hentxekien	ẽnʲtʃekiẽn
hentxekiguke	hẽnʲtʃekiɣ̞uke
hentxekiguke	ẽnʲtʃekiɣ̞uke
hentxekigun	hẽnʲtʃekiɣ̞ũn
hentxekigun	ẽnʲtʃekiɣ̞ũn
hentxekioke	hẽnʲtʃekioke
hentxekioke	ẽnʲtʃekioke
hentxekion	hẽnʲtʃekiõn
hentxekion	ẽnʲtʃekiõn
hentzake	hẽnts̻ake
hentzake	ẽnts̻ake
hentzan	hẽnts̻ãn
hentzan	ẽnts̻ãn
hentzuen	ɦẽ̞nts̻uẽ̞n
hentzuen	ẽ̞nts̻uẽ̞n
hentzuke	ɦẽ̞nts̻uke̞
hentzuke	ẽ̞nts̻uke̞
hentzuzke	ɦẽ̞nts̻us̻ke̞
hentzuzke	ẽ̞nts̻us̻ke̞
hentzuzkien	ɦẽ̞nts̻us̻kiẽ̞n
hentzuzkien	ẽ̞nts̻us̻kiẽ̞n
herakuske	e̞ɾakus̺ke̞
herakuske	ɦe̞ɾakus̺ke̞
herakuskien	e̞ɾakus̺kiẽ̞n
herakuskien	ɦe̞ɾakus̺kiẽ̞n
herakutsan	e̞ɾakuts̺ãn
herakutsan	ɦe̞ɾakuts̺ãn
herakutsazke	e̞ɾakuts̺as̻ke̞
herakutsazke	ɦe̞ɾakuts̺as̻ke̞
herbal	eɾβ̞al
herbehereak	erβ̞eɾeak
herbehereak	herβ̞eheɾeak
herdoil	erð̞oi̯l
herdoil	eɾð̞oil
herdoil	herð̞oi̯l
heren	e̞ɾẽ̞n
heren	ɦe̞ɾẽ̞n
herenamona	eɾenamõn̪a
herenegun	eɾeneɣ̞ũn
herenegun	heɾeneɣ̞ũn
herensuge	eɾẽns̺uɣ̞e
herensuge	heɾẽns̺uɣ̞e
heriotza	eɾiots̻a
heriotza	heɾiots̻a
hernialde	ernialð̞e
heroake	e̞ɾo̞ake̞
heroake	ɦe̞ɾo̞ake̞
heroan	e̞ɾo̞ãn
heroan	ɦe̞ɾo̞ãn
heroatzan	e̞ɾo̞ats̻ãn
heroatzan	ɦe̞ɾo̞ats̻ãn
heroazke	e̞ɾo̞as̻ke̞
heroazke	ɦe̞ɾo̞as̻ke̞
heroiko	eɾoiko
herrenka	erɾenka
herrestatu	erres̺t̪at̪u
herri	eri
herri	heri
herrikoi	erikoi̯
herrikoi	herikoi̯
herritar	erit̪ar
herritar	herit̪ar
heu	eu̯
heu	heu̯
heuk	e̞u̯k
heuk	ɦe̞u̯k
heukake	eu̯kake
heukake	heu̯kake
heukan	eu̯kãn
heukan	ewkan
heukan	heu̯kãn
heukanan	ewkanan
heure	eu̯ɾe
heure	heu̯ɾe
heuzkake	eu̯s̺kake
heuzkake	eu̯s̻kake
heuzkake	heu̯s̻kake
heuzkan	eu̯s̺kãn
heuzkan	eu̯s̻kãn
heuzkan	heu̯s̻kãn
hezaguen	e̞s̻aɣ̞uẽ̞n
hezaguen	ɦe̞s̻aɣ̞uẽ̞n
hezaguke	e̞s̻aɣ̞uke̞
hezaguke	ɦe̞s̻aɣ̞uke̞
hezaguzke	e̞s̻aɣ̞us̻ke̞
hezaguzke	ɦe̞s̻aɣ̞us̻ke̞
hezaguzkien	e̞s̻aɣ̞us̻kiẽ̞n
hezaguzkien	ɦe̞s̻aɣ̞us̻kiẽ̞n
hezake	es̺ake
hezake	es̻ake
hezake	hes̻ake
hezakeen	es̺akeẽn
hezakeen	es̻akeẽn
hezakeen	hes̻akeẽn
hezala	es̺ala
hezala	es̻ala
hezala	hes̻ala
hezan	es̺ãn
hezan	es̻ãn
hezan	hes̻ãn
hezueri	es̺ueɾi
hezueri	es̻ueɾi
hezueri	hes̻ueɾi
hezur	e̞s̻ur
hezur	ɦe̞s̻ur
hezurdura	e̞s̻urð̞uɾa
hezurdura	ɦe̞s̻urð̞uɾa
hezurtegi	es̺urt̪eɣ̞i
hezurtegi	es̻urt̪eɣ̞i
hezurtegi	hes̻urt̪eɣ̞i
hi	hi
hi	i
hidrogeno	ið̞ro̞ɣ̞e̞no̞
hidrogeno	ɦið̞ro̞ɣ̞e̞no̞
hiena	ie̞na
hiena	ɦie̞na
higan	iɣ̞ãn
higan	ɦiɣ̞ãn
hiharduen	iarð̞uẽ̞n
hiharduen	ɦiɦarð̞uẽ̞n
hihardukake	iarð̞ukake̞
hihardukake	ɦiɦarð̞ukake̞
hihardukan	iarð̞ukãn
hihardukan	ɦiɦarð̞ukãn
hiharduke	iarð̞uke̞
hiharduke	ɦiɦarð̞uke̞
hik	ik
hik	ɦik
hika	hika
hika	ika
hil	hil
hil	il
hila	hila
hilabete	hilaβ̞et̪e
hilabete	iʎaβ̞et̪e
hilabeteak	ilaβ̞et̪eak
hilerri	iʎe̞ri
hilerri	ɦile̞ri
hiltoki	ilt̪oki
hindezagudan	ĩn̪d̪e̞s̻aɣ̞uð̞ãn
hindezagudan	ɦĩn̪d̪e̞s̻aɣ̞uð̞ãn
hindezaguen	ĩn̪d̪e̞s̻aɣ̞uẽ̞n
hindezaguen	ɦĩn̪d̪e̞s̻aɣ̞uẽ̞n
hindezagugun	ĩn̪d̪e̞s̻aɣ̞uɣ̞ũn
hindezagugun	ɦĩn̪d̪e̞s̻aɣ̞uɣ̞ũn
hindezaguke	ĩn̪d̪e̞s̻aɣ̞uke̞
hindezaguke	ɦĩn̪d̪e̞s̻aɣ̞uke̞
hindezagukegu	ĩn̪d̪e̞s̻aɣ̞uke̞ɣ̞u
hindezagukegu	ɦĩn̪d̪e̞s̻aɣ̞uke̞ɣ̞u
hindezaguket	ĩn̪d̪e̞s̻aɣ̞uke̞t̪
hindezaguket	ɦĩn̪d̪e̞s̻aɣ̞uke̞t̪
hindezagukete	ĩn̪d̪e̞s̻aɣ̞uke̞t̪e̞
hindezagukete	ɦĩn̪d̪e̞s̻aɣ̞uke̞t̪e̞
hindezaguten	ĩn̪d̪e̞s̻aɣ̞ut̪ẽ̞n
hindezaguten	ɦĩn̪d̪e̞s̻aɣ̞ut̪ẽ̞n
hindoake	hĩn̪d̪oake
hindoake	ĩn̪d̪oake
hindoakeen	hĩn̪d̪oakeẽn
hindoakeen	ĩn̪d̪oakeẽn
hindoan	hĩn̪d̪oãn
hindoan	ĩn̪d̪oãn
hindudan	ĩn̪d̪uð̞ãn
hindudan	ɦĩn̪d̪uð̞ãn
hinduen	ĩn̪d̪uẽ̞n
hinduen	ɦĩn̪d̪uẽ̞n
hindugun	ĩn̪d̪uɣ̞ũn
hindugun	ɦĩn̪d̪uɣ̞ũn
hindukadan	hĩn̪d̪ukað̞ãn
hindukadan	ĩn̪d̪ukað̞ãn
hindukagun	hĩn̪d̪ukaɣ̞ũn
hindukagun	ĩn̪d̪ukaɣ̞ũn
hindukake	hĩn̪d̪ukake
hindukake	ĩn̪d̪ukake
hindukakegu	hĩn̪d̪ukakeɣ̞u
hindukakegu	ĩn̪d̪ukakeɣ̞u
hindukaket	hĩn̪d̪ukaket̪
hindukaket	ĩn̪d̪ukaket̪
hindukakete	hĩn̪d̪ukaket̪e
hindukakete	ĩn̪d̪ukaket̪e
hindukan	hĩn̪d̪ukãn
hindukan	ĩn̪d̪ukãn
hindukaten	hĩn̪d̪ukat̪ẽn
hindukaten	ĩn̪d̪ukat̪ẽn
hinduke	hĩn̪d̪uke
hinduke	ĩn̪d̪uke
hindukedan	hĩn̪d̪ukeð̞ãn
hindukedan	ĩn̪d̪ukeð̞ãn
hindukeen	hĩn̪d̪ukeẽn
hindukeen	ĩn̪d̪ukeẽn
hindukegu	hĩn̪d̪ukeɣ̞u
hindukegu	ĩn̪d̪ukeɣ̞u
hindukegun	hĩn̪d̪ukeɣ̞ũn
hindukegun	ĩn̪d̪ukeɣ̞ũn
hinduket	hĩn̪d̪uket̪
hinduket	ĩn̪d̪uket̪
hindukete	hĩn̪d̪uket̪e
hindukete	ĩn̪d̪uket̪e
hinduketen	hĩn̪d̪uket̪ẽn
hinduketen	ĩn̪d̪uket̪ẽn
hinduten	ĩn̪d̪ut̪ẽ̞n
hinduten	ɦĩn̪d̪ut̪ẽ̞n
hinteke	hĩn̪t̪eke
hinteke	ĩn̪t̪eke
hintekeen	hĩn̪t̪ekeẽn
hintekeen	ĩn̪t̪ekeẽn
hintzadala	hĩnts̻að̞ala
hintzadala	ĩnts̻að̞ala
hintzadan	hĩnts̻að̞ãn
hintzadan	ĩnts̻að̞ãn
hintzagula	hĩnts̻aɣ̞ula
hintzagula	ĩnts̻aɣ̞ula
hintzagun	hĩnts̻aɣ̞ũn
hintzagun	ĩnts̻aɣ̞ũn
hintzake	hĩnts̻ake
hintzake	ĩnts̻ake
hintzakedan	hĩnts̻akeð̞ãn
hintzakedan	ĩnts̻akeð̞ãn
hintzakeen	hĩnts̻akeẽn
hintzakeen	ĩnts̻akeẽn
hintzakegu	hĩnts̻akeɣ̞u
hintzakegu	ĩnts̻akeɣ̞u
hintzakegun	hĩnts̻akeɣ̞ũn
hintzakegun	ĩnts̻akeɣ̞ũn
hintzaket	hĩnts̻aket̪
hintzaket	ĩnts̻aket̪
hintzakete	hĩnts̻aket̪e
hintzakete	ĩnts̻aket̪e
hintzaketen	hĩnts̻aket̪ẽn
hintzaketen	ĩnts̻aket̪ẽn
hintzala	hĩnts̻ala
hintzala	ĩnts̻ala
hintzan	hĩnts̻ãn
hintzan	ĩnts̻ãn
hintzateke	hĩnts̻at̪eke
hintzateke	ĩnts̻at̪eke
hintzatekeen	hĩnts̻at̪ekeẽn
hintzatekeen	ĩnts̻at̪ekeẽn
hintzatela	hĩnts̻at̪ela
hintzatela	ĩnts̻at̪ela
hintzaten	hĩnts̻at̪ẽn
hintzaten	ĩnts̻at̪ẽn
hintzen	hĩnts̻ẽn
hintzen	ĩnts̻ẽn
hipersoniko	ipers̺oniko
hipika	ipika
hipopotamo	ipo̞po̞t̪amo̞
hipopotamo	ɦipo̞po̞t̪amo̞
hirauen	iɾau̯ẽ̞n
hirauen	ɦiɾau̯ẽ̞n
hirauke	iɾau̯ke̞
hirauke	ɦiɾau̯ke̞
hire	iɾe̞
hire	ɦiɾe̞
hiregan	iɾe̞ɣ̞ãn
hiregan	ɦiɾe̞ɣ̞ãn
hiri	hiɾi
hiri	iri
hiri	iɾi
hiria	iria
hiriburu	hiɾiβ̞uɾu
hiriburu	iɾiβ̞uɾu
hirigile	hiɾiɣ̞ile
hirigile	iɾiɣ̞iʎe
hirigintza	hiɾiɣ̞ĩnts̻a
hirigintza	iɾiɣ̞ĩnts̻a
hiriko	hiɾiko
hiriko	iɾiko
hiru	iɾu
hiru	i̯ɾuː
hiru	ɦiɾu
hirudien	iɾuð̞iẽ̞n
hirudien	ɦiɾuð̞iẽ̞n
hirudike	iɾuð̞ike̞
hirudike	ɦiɾuð̞ike̞
hirugarren	hiɾuɣ̞arẽn
hirugarren	iɾuɣ̞arẽn
hiruhortz	iɾuo̞rts̻
hiruhortz	ɦiɾuɦo̞rts̻
hirukia	iɾukˈia
hirukoitz	iɾuko̞i̯ts̻
hirukoitz	ɦiɾuko̞i̯ts̻
hirurogei	hiɾuɾoɣ̞ei̯
hirurogei	iɾuɾoɣ̞ei̯
historia	his̺t̪oɾia
historia	is̺t̪oɾia
hitan	it̪ãn
hitan	ɦit̪ãn
hitano	it̪ano
hituen	ituẽn
hituen	it̪uẽ̞n
hituen	ɦit̪uẽ̞n
hituzke	hit̪us̻ke
hituzke	it̪us̺ke
hituzke	it̪us̻ke
hituzkeen	hit̪us̻keẽn
hituzkeen	it̪us̺keẽn
hituzkeen	it̪us̻keẽn
hitz	hits̻
hitz	its̻
hitzake	hits̻ake
hitzake	its̻ake
hitzakeen	hits̻akeẽn
hitzakeen	its̻akeẽn
hitzala	hits̻ala
hitzala	its̻ala
hitzan	hits̻ãn
hitzan	its̻ãn
hitzordu	hits̻orð̞u
hitzordu	its̻orð̞u
hizketari	is̻ket̪aɾi
hizkuntza	his̻kũnts̻a
hizkuntza	is̺kũnts̻a
hizkuntza	is̻kũnts̻a
hizkuntzalaritza	is̻kũnts̻alaɾits̻a
hizkuntzalaritza	ɦis̻kũnts̻alaɾits̻a
hiztegi	his̻t̪eɣ̞i
hiztegi	is̺t̪eɣ̞i
hiztegi	is̻t̪eɣ̞i
hiztun	his̻t̪ũn
hiztun	is̺t̪ũn
hiztun	is̻t̪ũn
hoa	hoa
hoa	oa
hoa!	oa
hoake	hoake
hoake	oake
hoan	hoãn
hoan	oãn
hobeki	hoβ̞eki
hobeki	oβ̞eki
hobekien	hoβ̞ekiẽn
hobekien	oβ̞ekiẽn
hoberen	o̞β̞e̞ɾẽ̞n
hoberen	ɦo̞β̞e̞ɾẽ̞n
hobeto	hoβ̞et̪o
hobeto	oβ̞et̪o
hobetu	oβ̞et̪u
hobia	obia
hodei	o̞ð̞e̞i̯
hodei	ɦo̞ð̞e̞i̯
hodeitsu	hoð̞ei̯ts̺u
hodeitsu	oð̞ei̯ts̺u
hodeitsu	oð̞ei̯ts̻u
hogei	o̞ɣ̞e̞i̯
hogei	ɦo̞ɣ̞e̞i̯
homosexual	omos̺eks̺ual
homosexual	omos̺eks̺wal
honako	onako
honatx	onatʃ
hondamen	hõn̪d̪amẽn
hondamen	õn̪d̪amẽn
hondamendi	onð̞amẽn̪d̪i
hondartza	hõn̪d̪arts̻a
hondartza	õn̪d̪arts̻a
hondatu	õ̞n̪d̪at̪u
hondatu	ɦõ̞n̪d̪at̪u
hondeamakina	ond̪eamakin̟a
hondeatu	ond̪eatu
honek	o̞ne̞k
honek	ɦo̞ne̞k
honela	onela
honen	o̞nẽ̞n
honen	ɦo̞nẽ̞n
honetako	honet̪ako
honetako	onetako
honetako	onet̪ako
honetan	honet̪ãn
honetan	onet̪ãn
honetara	honet̪aɾa
honetara	onet̪ara
honetara	onet̪aɾa
honetatik	honet̪at̪ik
honetatik	onet̪at̪ik
honetaz	honet̪as̻
honetaz	onet̪as̺
honetaz	onet̪as̻
honi	o̞ni
honi	ɦo̞ni
honorata	onoɾata
hontz	õ̞nts̻
hontz	ɦõ̞nts̻
hop	xop
hor	oɾ
hor	o̞r
hor	ɦo̞r
hori	hoɾi
hori	oɾi
horia	poɾˈia
horixe	hoɾiʃe
horixe	oɾiʃe
horixe	voɾiʃe
horixkatu	hoɾiʃkatˈu
horma	orma
horma-paper	oɾmapapeɾ
hornikuntza	oɾnikunts̺a
hornitu	hornit̪u
hornitu	ornit̪u
horratik	orɾatik
horrek	o̞re̞k
horrek	ɦo̞re̞k
horrela	horela
horrela	orela
horrelako	orɾelako
horren	orren
horren	o̞rẽ̞n
horren	ɦo̞rẽ̞n
horretako	koɾɾetako
horri	o̞ri
horri	ɦo̞ri
hostaro	o̞s̺t̪aɾo̞
hostaro	ɦo̞s̺t̪aɾo̞
hot	ot
hotel	otel
hots	hots̺
hots	ots̺
hots	ots̻
hotz	o̞ts̻
hotz	ɦo̞ts̻
hozkailu	hos̻kai̯lu
hozkailu	os̺kaʎu
hozkailu	os̻kaʎu
hozkatu	o̞s̻kat̪u
hozkatu	ɦo̞s̻kat̪u
huen	uẽn
huen	uẽ̞n
huen	ɦuẽ̞n
huke	huke
huke	uke
hukeen	hukeẽn
hukeen	ukeẽn
hungaria	huŋgaɾia
hungaria	uŋgaɾia
hungariako	ũŋgaɾiako̞
hungariako	ɦũŋgaɾiako̞
hungarian	huŋgaɾiãn
hungarian	uŋgaɾiãn
hungariar	ũŋgaɾiar
hungariar	ɦũŋgaɾiar
hungariera	huŋgaɾieɾa
hungariera	uŋgaɾieɾa
hunki	unki
hunkipen	ũnkipen
hur	ur
hur	ɦur
hura	huɾa
hura	uɾa
hura	wɾa
hurbil	hurβ̞il
hurbil	urβ̞il
hurko	urko
hurra	uɾɾa
hurran	urɾan
hurreko	urreko
hurreratu	ɦurrẽn̪at̪u
hurrondo	hurõn̪d̪o
hurrondo	urõn̪d̪o
huskune	hus̺kune
huskune	us̺kune
hustu	us̺t̪u
hustu	ɦus̺t̪u
huts	uts̺
huts	ɦuts̺
hutsik	huts̺ik
hutsik	uts̺ik
hutsik	uts̻ik
i	i
i	i˥˩
ia	dˌiːzə
ia	ia
ia-ia	iaja
iabar	ʝaβ̞aɾ
iaz	ias̺
iaz	ias̻
ibai	ibaj
ibai	iβ̞ai̯
ibaia	ibajã
ibaiadar	iβ̞ai̯að̞ar
ibaibarren	iβ̞ai̯β̞arẽ̞n
ibaibide	ibaesβ̞jð̞e
ibaiburu	iβ̞ai̯β̞uɾu
ibaiertz	iβ̞ai̯e̞rts̻
ibaika	iβ̞eika
ibairatu	iβ̞ai̯ɾat̪u
ibar	iβaɾ
ibar	iβ̞ar
ibarburu	ibaɾβ̞oɾu
ibarra	ibara
ibarreta	iβ̞aret̪a
ibeni	ʝβ̞eni
ibia	ibjã
ibilbide	iβ̞jlβ̞jð̞e
ibilgailu	iβ̞ilɣ̞ai̯lu
ibilgailu	iβ̞ilɣ̞aʎu
ibili	iβ̞ili
ibili	iβ̞iʎi
ibiliko	iβ̞iljko
ibilkari	ibːɪlkaɾi
ibilkera	ibɦlkeɾa
ibilki	ĩβ̞ilki
ibilkunde	iβ̞ilkõn̪d̪e
ibiltaldi	esβ̞jlt̪alð̞i
ibiltzen	ibʎs̺ẽn
ibis	iβ̞is
ibitu	ibjtu
ibitzen	ibʲits̻ẽn
idatzi	ið̞ats̻i
idazgai	ið̞azɣ̞ai
idazkun	ið̞azkun
idazkunde	ð̞az̺kund̪e
idazlan	ið̞azlãn̪
idazlari	id̪as̻kaɾi
idazle	id̪asle
idazle	ið̞az̺le
idazle	ið̞az̻le
idazlea	ið̞az̺lea
idazlea	ið̞az̻lea
idazleak	ið̞az̺leak
idazleak	ið̞az̻leak
idazlearekin	ið̞az̺leaɾekĩn
idazlearekin	ið̞az̻leaɾekĩn
idazlearen	ið̞az̺leaɾẽn
idazlearen	ið̞az̻leaɾẽn
idazlearengan	ið̞az̺leaɾeŋgãn
idazlearengan	ið̞az̻leaɾeŋgãn
idazlearentzat	ið̞az̺leaɾẽnts̻at̪
idazlearentzat	ið̞az̻leaɾẽnts̻at̪
idazleari	ið̞az̺leaɾi
idazleari	ið̞az̻leaɾi
idazleaz	ið̞az̺leas̺
idazleaz	ið̞az̻leas̻
idazleei	ið̞az̺leei̯
idazleei	ið̞az̻leei̯
idazleek	ið̞az̺leek
idazleek	ið̞az̻leek
idazleekin	ið̞az̺leekĩn
idazleekin	ið̞az̻leekĩn
idazleen	ið̞az̺leẽn
idazleen	ið̞az̻leẽn
idazleengan	ið̞az̺leeŋgãn
idazleengan	ið̞az̻leeŋgãn
idazleentzat	ið̞az̺leẽnts̻at̪
idazleentzat	ið̞az̻leẽnts̻at̪
idazleez	ið̞az̺lees̺
idazleez	ið̞az̻lees̻
idazlek	ið̞az̺lek
idazlek	ið̞az̻lek
idazlerekin	ið̞az̺leɾekĩn
idazlerekin	ið̞az̻leɾekĩn
idazleren	ið̞az̺leɾẽn
idazleren	ið̞az̻leɾẽn
idazlerengan	ið̞az̺leɾeŋgãn
idazlerengan	ið̞az̻leɾeŋgãn
idazlerentzat	ið̞az̺leɾẽnts̻at̪
idazlerentzat	ið̞az̻leɾẽnts̻at̪
idazleri	ið̞az̺leɾi
idazleri	ið̞az̻leɾi
idazlerik	ið̞az̺leɾik
idazlerik	ið̞az̻leɾik
idazletzat	ið̞az̺lets̻at̪
idazletzat	ið̞az̻lets̻at̪
idazlez	ið̞az̺les̺
idazlez	ið̞az̻les̻
idazmen	ið̞azmẽn
idazpen	ið̞azpen
idaztaldi	ið̞aest̪alð̞i
idazten	ið̞az̺t̪e̞n
idaztoki	ið̞azt̪oki
ideala	ideala
ideia	iðeia
identifikatu	ið̞ẽ̞n̪t̪ifikat̪u
identifikatzen	ið̞ẽn̪t̪ifikat̪s̺ẽn
idi	ið̞i
idi-begi	ĩð̞ibeɣ̞i
idiazabal	ið̞ias̺aβ̞al
idiazabal	ið̞ias̻aβ̞al
ido	ið̞o̞
idoia	id̪oja
idokitzen	irokits̺ẽn
idolatria	jð̞olat̪ɾia
idolozaletasun	id̪o̞lo̞s̺alẽt̪as̺un
idor	iðoɾ
idor	jð̞oɾ
idorki	iːɾorˈki
idoro	iðoɾo
idorrarazi	ið̞oraɾas̺i
idortasun	id̪oɾt̪asum
idulki	idulki
idun	ʝð̞un
iduna	ʝð̞una
idunekoa	iɾunekoa
idurimen	idurimen
ielduko	iellukˈo
igali	iɣaˈli
igali	iɣ̞ali
igande	iɣ̞ãn̪d̪e
igandekari	iɣ̞ãn̪d̪ekaɾi
igandero	iɣ̞ãn̪d̪e̞ɾo̞
igara	iːgara
igaraba	iɣ̞aɾaβ̞a
igarbide	iɣ̞arβ̞ið̞e
igargaitz	iɣ̞arɣ̞ai̯ts̻
igarketa	iɣ̞arket̪a
igarkizun	iɣ̞arkis̺ũn
igarkizun	iɣ̞arkis̻ũn
igarle	iɣaɾle
igarle	iɣ̞arle
igarmen	iɣaɾmẽn
igarmen	iɣ̞armẽn
igaro	iɣaɾo
igaro	iɣ̞aɾo
igaroaldi	iɣ̞aɾoal̪d̪i
igarobide	iɣ̞aɾoβ̞ið̞e
igarogaitz	iɣ̞aɾoɣ̞ai̯ts̻
igaroko	iɣaɾoko
igaroko	iɣ̞aɾoko
igarokor	iɣaɾokoɾ
igarokor	iɣ̞aɾokor
igarokortasun	iɣ̞aɾokort̪as̺ũn
igaroleku	iɣ̞aɾoleku
igarotzen	iɣaɾot̪s̺ẽn
igarpen	iɣarpen
igarpen	iɣ̞arpẽn
igarrarazi	iɣ̞arɾaɾasi
igarri	iɣ̞ari
igarriko	iɣaɾɾiko
igartzapen	iɣaɾt̪s̺apẽn
igartzen	iɣaɾt̪s̺ẽn
igaten	iɣatẽn
igaz	igas
igaz	iɣ̞as̺
igaz	iɣ̞as̻
igebelar	iɣ̞e̞β̞e̞lar
igel	iɣ̞e̞l
igela	iɣela
igeldotarra	iɣ̞ẽlð̞ot̪ara
igeltsari	ig̞ẽl̪t̪s̺aɾi
igeltsatu	iɣ̞elts̺at̪u
igeltsatu	iɣ̞elts̻at̪u
igeltsero	iɣ̞elts̺eɾo
igeltsero	iɣ̞elts̻eɾo
igeltserotza	iɣ̞elts̺eɾots̻a
igeltserotza	iɣ̞elts̻eɾots̻a
igeltsu	iɣ̞elts̺u
igeltsu	iɣ̞elts̻u
igeltsugin	iɣ̞elts̺uɣ̞ĩn
igeltsugin	iɣ̞elts̻uɣ̞ĩn
igeltsugintza	iɣ̞elts̺uɣ̞ĩnts̻a
igeltsugintza	iɣ̞elts̻uɣ̞ĩnts̻a
igeltsutegi	iɣ̞elts̺ut̪eɣ̞i
igeltsutegi	iɣ̞elts̻ut̪eɣ̞i
igeltsuztatu	iɣ̞elts̺us̻t̪at̪u
igeltsuztatu	iɣ̞elts̻us̺t̪at̪u
igeltsuztatzen	ig̞e̞lt̪ʃus̺t̪at̪s̺ẽn
igeri	igɾi
igeri	iɣ̞eɾi
igerialdi	iɣ̞eɾial̪d̪i
igerian	iɣ̞eɾiãn
igerigailu	iɣ̞eɾiɣ̞ai̯lu
igerigailu	iɣ̞eɾiɣ̞aʎu
igerika	iɣ̞eɾika
igerikan	iɣ̞eɾikãn
igerikan	nig̞eɾikan
igerikari	iɣ̞eɾikaɾi
igerikatu	iɣeɾikat̪u
igerikatu	iɣ̞eɾikat̪u
igeriketa	iɣ̞eɾiket̪a
igerilari	iɣ̞eɾilaɾi
igerileku	iɣ̞eɾileku
igerileku	iːgeɾilɛkuː
igeritako	iɣ̞eɾit̪ako
igita	iɣ̞it̪a
igitai	initai
igitai	iɣ̞it̪ai̯
igitaldi	iɣ̞it̪al̪d̪i
igitari	iɣ̞it̪aɾi
igitatu	igitˈatu
igitatu	iɣ̞it̪at̪u
igitatuko	iɣitatuko
iglu	iɣ̞lu
iglua	ilua
igneo	iɣ̞ne̞o̞
igo	iɣ̞o
igoaldi	iɣ̞ualð̞i
igoarazi	iɣ̞oaɾãs̺i
igoera	igoˈeɾa
igoera	igo̞ˌɛˈɾa
igogailu	iɣ̞oɣ̞ai̯lu
igogailu	iɣ̞oɣ̞aʎu
igoko	iɣoko
igokunde	igokunˈde
igordak	iɣ̞orð̞ak
igordan	iɣ̞orð̞ãn
igordazu	iɣ̞orð̞as̺u
igordazu	iɣ̞orð̞as̻u
igordazue	iɣ̞orð̞as̺ue
igordazue	iɣ̞orð̞as̻ue
igorguk	iɣ̞orɣ̞uk
igorgun	iɣ̞orɣ̞ũn
igorguzu	iɣ̞orɣ̞us̺u
igorguzu	iɣ̞orɣ̞us̻u
igorguzue	iɣ̞orɣ̞us̺ue
igorguzue	iɣ̞orɣ̞us̻ue
igork	iɣ̞ork
igorle	iɣoɾle
igorna	iɣ̞orna
igorre	iɣoɾɾe
igorri	iɣ̞ori
igorri	iɣ̞o̞ri
igorriek	iɣ̞oriek
igorrien	iɣ̞oriẽn
igorriezu	iɣ̞ories̺u
igorriezu	iɣ̞ories̻u
igorriezue	iɣ̞ories̺ue
igorriezue	iɣ̞ories̻ue
igorriok	iɣ̞oriok
igorrion	iɣ̞oriõn
igorriozu	iɣ̞orios̺u
igorriozu	iɣ̞orios̻u
igorriozue	iɣ̞orios̺ue
igorriozue	iɣ̞orios̻ue
igortziri	iɣ̞o̞rs̻iɾi
igorzkidak	iɣ̞ors̺kið̞ak
igorzkidak	iɣ̞ors̻kið̞ak
igorzkidan	iɣ̞ors̺kið̞ãn
igorzkidan	iɣ̞ors̻kið̞ãn
igorzkidazu	iɣ̞ors̺kið̞as̺u
igorzkidazu	iɣ̞ors̻kið̞as̻u
igorzkidazue	iɣ̞ors̺kið̞as̺ue
igorzkidazue	iɣ̞ors̻kið̞as̻ue
igorzkiek	iɣ̞ors̺kiek
igorzkiek	iɣ̞ors̻kiek
igorzkien	iɣ̞ors̺kiẽn
igorzkien	iɣ̞ors̻kiẽn
igorzkiezu	iɣ̞ors̺kies̺u
igorzkiezu	iɣ̞ors̻kies̻u
igorzkiezue	iɣ̞ors̺kies̺ue
igorzkiezue	iɣ̞ors̻kies̻ue
igorzkiguk	iɣ̞ors̺kiɣ̞uk
igorzkiguk	iɣ̞ors̻kiɣ̞uk
igorzkigun	iɣ̞ors̺kiɣ̞ũn
igorzkigun	iɣ̞ors̻kiɣ̞ũn
igorzkiguzu	iɣ̞ors̺kiɣ̞us̺u
igorzkiguzu	iɣ̞ors̻kiɣ̞us̻u
igorzkiguzue	iɣ̞ors̺kiɣ̞us̺ue
igorzkiguzue	iɣ̞ors̻kiɣ̞us̻ue
igorzkiok	iɣ̞ors̺kiok
igorzkiok	iɣ̞ors̻kiok
igorzkion	iɣ̞ors̺kiõn
igorzkion	iɣ̞ors̻kiõn
igorzkiozu	iɣ̞ors̺kios̺u
igorzkiozu	iɣ̞ors̻kios̻u
igorzkiozue	iɣ̞ors̺kios̺ue
igorzkiozue	iɣ̞ors̻kios̻ue
igorzu	iɣ̞ors̺u
igorzu	iɣ̞ors̻u
igorzue	iɣ̞o̞rs̻ue̞
igurikimen	iɣ̞oɾikimen
igurtzaldi	iguɾt̪s̺al̪d̪i
igurtzi	igurtsi
igurzten	iɣ̞us̻t̪ẽn
iguzki	iguski
ihakindatu	jakĩn̪d̪at̪u
ihar	iaɾ
iharduk	iarð̞uk
iharduk	iɦarð̞uk
ihardukak	iarð̞ukak
ihardukak	iɦarð̞ukak
ihardukan	iarð̞ukãn
ihardukan	iɦarð̞ukãn
ihardukazu	iarð̞ukas̻u
ihardukazu	iɦarð̞ukas̻u
ihardukazue	iarð̞ukas̻ue̞
ihardukazue	iɦarð̞ukas̻ue̞
iharduki	iarð̞uki
iharduki	iɦarð̞uki
iharduki	jaɾð̞uki
ihardukitzen	iard̪ukit̪s̻ẽn
ihardun	iarð̞ũn
ihardun	iɦarð̞ũn
ihardun	jaɾð̞ũn
iharduzu	iarð̞us̻u
iharduzu	iɦarð̞us̻u
iharduzue	iarð̞us̻ue̞
iharduzue	iɦarð̞us̻ue̞
ihargarri	jaɾˈgaɾɾˈi
ihartu	iart̪u
ihartu	ihart̪u
ihartu	ijartu
ihartu	jaɾtu
ihartuko	jaɾtuko
ihes	ies̺
ihes	ihes̺
ihi	i
ihi	iɦi
ijeztu	ijestu
ijito	ixit̪o
ijito	iʒit̪o
ijitokeria	ixit̪okeɾia
ijitokeria	iʒit̪okeɾia
ika-mika	ikamika
ikaragaitz	nikaɾagai̯t̪s̺
ikaragarrikeria	ikaɾaɣ̞arikeɾia
ikaragarrizko	ikaɾaɣ̞aɾɾjsko
ikaraldi	ikaɾaalð̞i
ikarati	ikːaɾati
ikaratuko	kaɾatuko
ikasarazi	ikas̺saɾasi
ikasbide	ikaz̺β̞ið̞e
ikasgai	ikaz̺ɣ̞ai̯
ikasgela	ikaz̺ɣ̞ela
ikasi	ikas̺i
ikasketa	ikas̺ket̪a
ikaskide	ikas̺kið̞e
ikaskide	ikazkið̞e
ikaskuntza	ikas̺kũnts̻a
ikaskuntza	ikazkunt̪s̺a
ikasle	ikazle
ikasle	ikaz̺le
ikasleria	ikazleɾia
ikasleria	ikaz̺leɾia
ikasliburu	ikazliβ̞uɾu
ikasliburu	ikaz̺liβ̞uɾu
ikasliburua	ikazliβ̞uɾua
ikasmahai	ikaz̺mahai̯
ikasmahai	ikaz̺mai̯
ikastaldi	ikas̺t̪al̪d̪i
ikastaro	ikas̺t̪aɾo
ikaste	ikaste
ikastegi	ikas̺t̪eɣ̞i
ikastetxe	ikas̺t̪etʃe
ikastola	ikas̺t̪ola
ikastolakide	ikast̪o̞lakið̞e
ikastordu	ikast̪oɾð̞u
ikastordu	ikas̺t̪orð̞u
ikastun	ikast̪um
ikastun	ikas̺t̪ũn
ikasturte	ikas̺t̪urt̪e
ikasturte	ikazt̪urt̪e
ikatz	ikats̻
ikatz	ikatʃ
ikazki	ikaski
ikazkin	ikazkin
ikazten	ikazten
ikaztobi	ikast̪oβ̞i
ikaztuko	ikastuko
iker	ike
iker	iker
ikergai	ikɛrgai
ikerka	ikɾka
ikerketa	ikɾkeˈta
ikerkuntza	ike˩˥ːrkuntsa˥˩ː
ikerlari	ikeɾleɾi
ikerne	kerne
ikertu	ike̞rt̪u
ikertuko	kertuko
ikertzaile	ikeɾts̺ajẽ
ikol	ikːol
ikoldu	ʝkold̪u
ikoltasun	ikolt̪asũn
ikoltzen	ikolt̪sẽn̪
ikonoklasta	ikonoklast̪a
ikonotu	ikonˈotˈu
ikortzirin	ikorts̻iɾiĩŋ
ikoti	ikotj
iktiologia	ikt̪eoloɣ̞ia
ikur	ikur
ikur	ikːuɾ
ikurra	ikorɾa
ikurra	ikuɾɾa
ikurrin	ikɔrɾin
ikurrina	ikorɾiɲa
ikus	ikus̺
ikusak	ikus̺ak
ikusan	ikus̺ãn
ikusarazten	ikuz̺aɾaz̻t̪ẽ̞n
ikusazu	ikus̺as̻u
ikusazue	ikus̺as̻ue̞
ikusbide	ikuzbið̞e
ikusgaitasun	ikus̺kai̯t̪as̺un
ikusgaitz	ikusgai̯t̪s̺
ikusgura	ikuzguɾa
ikusi	ikus̺i
ikusi	ikuzi
ikusiko	ikus̺iko
ikuska	ikuska
ikuskatu	ikuzkatu
ikuskizuna	ikuskis̺una
ikuskor	ikuskoɾ
ikusle	ikuzle
ikuspegi	ikuspeɣ̞i
ikuspena	ikuz̺pẽn̪a
ikuspuntu	ikuspũn̪t̪u
ikuste	ikusʲte
ikuste	ikus̺t̪e
ikusteko	ikus̺t̪e̞kɔ
ikusten	ikustem
ikusten	ikus̺t̪ẽn
ikustezin	ikus̺t̪es̻ĩŋ
ikuzi	ikusi
ikuzmakina	ikuzmakina
ilaje	ilˈaxe
ilaki	jlʝake
ilar	ilar
ilar	iʎar
ilara	ilaɾa
ilara	iʎaɾa
ilara	iʝaɾa
ilargi	ilarɣ̞i
ilargi	iʎarɣ̞i
ilargi	iʝaɾgi
ilargia	ilarɣ̞ia
ilargia	iʎarɣ̞ia
ilargiko	ilˈarɾiko
ilargitar	ilarɣ̞it̪ar
ilargitar	iʎarɣ̞it̪ar
ilarraka	iʝaɾɾakˈa
ilbeltz	ilbeːlt
ilbeltz	ilβ̞elts̻
ildaska	ild̪aska
ildaskatu	ʝd̪as̺kat̪u
ildo	ilgo
ile	ile̞
ile	ilya
ile	iʎe̞
ileberritu	ʝeβ̞eɾɾit̪u
ilegabe	iʝeɣ̞abe
ileki	iljeki
ilen	ilẽ̞n
ilen	iʎẽ̞n
ilertz	ile̞rts̻
ilertz	iʎe̞rts̻
ilgora	ilgola
ilinti	iljnti
ilkitze	ilkitse
iloba	iloβ̞a
iloba	iʎoβ̞a
iloba	ɟʝloβ̞a
ilor	iʝoɾ
ilun	ilũn
ilun	iʎũn
ilun	iʝwn
iluna	iʝuna
ilunalde	iʝumald̪e
ilunbe	ˈʎumbe
ilundu	iljunð̞w
ilunki	ilwnki
ilunpe	iʝumpe
ilusio	ilusio
iman	ĩman
imandu	imandu
imanol	imanol
imantze	imantse
imaz	imas
iminerdi	imineɾði
imitatu	imit̪at̪u
imitazio	imitakjo
inauguratuko	ĩnouɣ̞uɾat̪uko
inaugurazio	ĩŋauɣ̞wɾaθi̯o
inaurki	jɲau̯lki
inaurkin	ĩɲauɾkim
inausi	jɲausi
inausiko	jɲau̯sʲiko
inauskai	iːnˈauːskaːˈi
inausketa	ĩŋae̞us̺ke̞t̪a
inaustari	ĩŋaus̺t̪aɾi
inauste	iɲaust̪e
inaute	jnaut̪e
inauteri	ĩŋʲaut̪eɾi
inazio	inˈakio
inbaditu	ĩmbað̞it̪u
inbertsio	inβ̞eɾt̪zio
inbrikatu	ĩnbɾikatʊ
inbutu	iːnbuːtuː
inbutu	ĩmbut̪u
inchauspe	intʃauspe
indaba	ĩn̪d̪aβ̞a
indaba	ĩŋð̞eβ̞a
indar	ĩn̪d̪ar
indar	ɲð̞ar
indarberritu	ĩn̪t̪aɾbeɾɾit̪u
indarberritzen	ĩn̪d̪aɾbẽɾɾit̪s̻e̞n
indardun	ĩŋð̞aɾð̞ũn
indargabe	ĩn̪t̪aɾɣ̞abe
indargabetasun	ĩn̪d̪argaβ̞e̞t̪as̺ũn
indargabetzaile	ĩn̪d̪aɾɣ̞aβ̞ets̻aʎe
indarkeria	ĩŋð̞aɾkeɾia
indarraldi	ĩŋð̞eɾɾalð̞i
indarrean	ĩŋð̞arean
indarretxe	ĩn̪d̪aretʃe
indarrez	ĩŋð̞aɾɾeθ
indartu	ĩŋð̞aɾt̪u
indautxu	indau̯tʃu
indautxu	ĩŋð̞au̯tʃu
independentzia	ĩn̪d̪e̞pẽ̞n̪d̪ẽ̞nts̻ia
india	ĩn̪d̪ia
indioilar	ĩn̪d̪ioi̯lar
indioilar	ĩn̪d̪ioʎar
indoeuropar	ĩn̪d̪oe̞wɾopaɾ
indoeuropera	ĩn̪d̪oeropeɾa
indonesia	inð̞õn̪esia
indonesiera	ĩn̪d̪ones̺ieɾa
induskatzeko	ĩn̪d̪us̺kat̪s̻e̞ko
induskatzen	ĩn̪d̪us̺kat̪s̻e̞n
industri-gizartea	ĩn̪d̪us̺t̪rikis̻aɾt̪ea
industrialari	ĩŋð̞ust̪ɾialaɾi
industrializatu	indus̺t̪ɾialis̻at̪u
inerbatu	ĩne̞ɾβ̞at̪u
infanteria	infantˈeɾia
infernu	imfernu
infernuratu	ĩn̪fɛrnuɾat̪u
infernutar	ĩŋfeɾnut̪aɾ
inflazio	inflakio
informatika	jnfoɾmtika
informatu	jnfoɾmat̪u
informatuko	ĩŋfoɾmatuko
informatzen	ĩŋfoɾmat̪s̺ẽm
informazio	jnfoɾmaθi̯o
informazio	ĩɱfo̞rmas̻io̞
infragorri	infɾaɣoɾɾi
ingalaterra	iŋgalat̪era
ingelera	ĩŋge̞leɾa
ingelera	ĩŋge̞le̞ɾa
ingeles	ĩŋge̞le̞s̺
ingeniari	ĩŋɣ̞ẽn̪iaɾi
inglaterra	inglatera
ingles	ɲgles
ingude	iŋguð̞e
inguma	iŋguma
ingura	iŋguɾa
inguraldi	jnɣ̞oɾalð̞i
inguratuko	ĩŋgulatuko
inguru	iŋguɾu
inguru-minguru	iŋguɾumiŋguɾu
inguruan	iŋguɾuan
ingurubira	ĩŋɣ̞uɾubiɾa
ingurugiro	iŋguɾugi̯ɾo
inguruka	ĩŋgɾuka
inguruko	inɣ̞uɾuko
ingurumen	iːnˈguːɾˈumˌeːn
inhar	iɲaɾ
injinerutza	inxinerutsa
inkina	inkɪːn˧a
inkoniatu	inkonjatu
inmunitate	immunitate
inoizko	iɲoisko
inola	pˈiɲola
inolako	iɲolakɔ
inon	inõ̞n
inon	iɲõ̞n
inon	ĩɲˈõn
inondik	ĩŋo̞nd̪ik
inongo	iɲoŋgo
inor	ino̞r
inor	iɲoɾ
inor	iɲo̞r
inora	ino̞ɾa
inora	iɲora
inora	iɲo̞ɾa
inorako	jɲoɾako
inoratu	inoɾatˈu
inoren	ino̞ɾẽ̞n
inoren	iɲo̞ɾẽ̞n
inori	inoɾi
inori	iɲoɾi
inortxo	ĩɲoɾt̪s̺o
inplementatu	implementatu
inportant	impoɾt̪ant̪
inportatu	impoɾt̪at̪u
inportatuko	impoɾtatuko
inportatzen	impoɾt̪at̪s̺e
inportazio	impoɾt̪asio
inposatu	imposatu
inposatuko	ĩn̪po̞s̺atuko
inposatzen	ĩmpo̞s̺at̪s̻e̞n
inpresio	impɾessio
inprimaketa	imprimaketa
inprimaki	impɾimaki
inprimatu	imprimat̪u
inprimatze	imprimatsae
inprimeria	empɾimeɾia
inpunitate	impunit̪ate
inputatuak	imputat̪ua
inspektore	inspektore
institutu	ĩns̺t̪it̪ut̪u
interaktibo	inteɾaktigo
interakzio	int̪eɾakkiõ
interes-tasa	int̪eɾest̪as̺a
intereserako	ĩn̪t̪ẽle̞s̺e̞ɾakõ̞
interesgune	ĩn̪t̪e̞ɾaes̺ɣ̞une
interfaze	inteɾfase
interfaze	int̪eɾfaθe
internazional	ĩn̪t̪ernas̺ional
internazional	ĩn̪t̪ernas̻ional
interprete	interplete
intsektizida	ĩŋt̪s̻ekt̪jkid̪a
intsektu	ĩnts̺ekt̪u
intsektu	ĩnts̻ekt̪u
intsuldaketa	ĩns̺ulð̞aket̪a
intxaur	ĩnʲtʃau̯r
intxixu	intiʃu
inurri	inuri
inurri	iɲuri
inurritegi	inurit̪e̞ɣ̞i
inurritegi	iɲurit̪e̞ɣ̞i
inurritontor	ĩnuɾɾit̪o̞nt̪or
ioi	joj
ipar	ipar
ipar-ekialde	iparekiald̪e
ipi-apa	ipːˈia˥˧pa˥˥
ipini	ipini
ipini	ipiɲi
ipotx	ipo̞tʃ
ipuin	ipoĩŋ
ipuina	ipoɲa
ipurbeltz	ipuɾβ̞elt̪s̠
ipurdi	epuɾð̞i
ipurdi	ipurð̞i
ipurdi	ipuɾði
ipurtargi	jpuɾt̪aɾɣ̞i
ipurtzulo	ipurts̻ulo̞
irabazi	iɾaβ̞as̺i
irabazi	iɾaβ̞as̻i
irabazi	iɾaβ̞að̞ĩ
irabazle	iɾabasle
irabazpide	iɾaβ̞az̺tid̪e
irabiatu	ɾabiatu
iradokitzen	iɾad̪o̞kit̪s̺ẽn
iragan	iɾaɣ̞ãn
iragan	jɾaɣ̞an
iraganaldi	iɾaɣ̞nald̪i
iragarki-banda	iraɣ̞aɾkiban̪d̪a
iragarle	iɾaɣ̞aɾleɾ
iragazle	iɾaɣ̞asle
irail	iɾai̯l
irain	iɾãĩ̯n
iraindu	iɾaindu
iraka	ɾakːa
irakasbide	iɾakas̺bʎe
irakaskuk	iɾakas̺kuk
irakaskun	iɾakas̺kũn
irakaskuzu	iɾakas̺kus̺u
irakaskuzu	iɾakas̺kus̻u
irakaskuzue	iɾakas̺kus̺ue
irakaskuzue	iɾakas̺kus̻ue
irakasle	iɾakaz̺le̞
irakasleria	iɾakaɾleɾia
irakastak	iɾakas̺t̪ak
irakastan	iɾakas̺t̪ãn
irakastazu	iɾakas̺t̪as̺u
irakastazu	iɾakas̺t̪as̻u
irakastazue	iɾakas̺t̪as̺ue
irakastazue	iɾakas̺t̪as̻ue
irakatsak	iɾakats̺ak
irakatsak	iɾakats̻ak
irakatsan	iɾakats̺ãn
irakatsan	iɾakats̻ãn
irakatsazkidak	iɾakats̺as̻kið̞ak
irakatsazkidak	iɾakats̻as̺kið̞ak
irakatsazkidan	iɾakats̺as̻kið̞ãn
irakatsazkidan	iɾakats̻as̺kið̞ãn
irakatsazkidazu	iɾakats̺as̻kið̞as̻u
irakatsazkidazu	iɾakats̻as̺kið̞as̺u
irakatsazkidazue	iɾakats̺as̻kið̞as̻ue
irakatsazkidazue	iɾakats̻as̺kið̞as̺ue
irakatsazkiek	iɾakats̺as̻kiek
irakatsazkiek	iɾakats̻as̺kiek
irakatsazkien	iɾakats̺as̻kiẽn
irakatsazkien	iɾakats̻as̺kiẽn
irakatsazkiezu	iɾakats̺as̻kies̻u
irakatsazkiezu	iɾakats̻as̺kies̺u
irakatsazkiezue	iɾakats̺as̻kies̻ue
irakatsazkiezue	iɾakats̻as̺kies̺ue
irakatsazkiguk	iɾakats̺as̻kiɣ̞uk
irakatsazkiguk	iɾakats̻as̺kiɣ̞uk
irakatsazkigun	iɾakats̺as̻kiɣ̞ũn
irakatsazkigun	iɾakats̻as̺kiɣ̞ũn
irakatsazkiguzu	iɾakats̺as̻kiɣ̞us̻u
irakatsazkiguzu	iɾakats̻as̺kiɣ̞us̺u
irakatsazkiguzue	iɾakats̺as̻kiɣ̞us̻ue
irakatsazkiguzue	iɾakats̻as̺kiɣ̞us̺ue
irakatsazkiok	iɾakats̺as̻kiok
irakatsazkiok	iɾakats̻as̺kiok
irakatsazkion	iɾakats̺as̻kiõn
irakatsazkion	iɾakats̻as̺kiõn
irakatsazkiozu	iɾakats̺as̻kios̻u
irakatsazkiozu	iɾakats̻as̺kios̺u
irakatsazkiozue	iɾakats̺as̻kios̻ue
irakatsazkiozue	iɾakats̻as̺kios̺ue
irakatsazu	iɾakats̺as̻u
irakatsazu	iɾakats̻as̺u
irakatsazue	iɾakats̺as̻ue
irakatsazue	iɾakats̻as̺ue
irakatsi	iɾakats̺i
irakatsi	iɾakat̪xi
irakatsiek	iɾakats̺iek
irakatsiek	iɾakats̻iek
irakatsien	iɾakats̺iẽn
irakatsien	iɾakats̻iẽn
irakatsiezu	iɾakats̺ies̻u
irakatsiezu	iɾakats̻ies̺u
irakatsiezue	iɾakats̺ies̻ue
irakatsiezue	iɾakats̻ies̺ue
irakatsiok	iɾakats̺iok
irakatsiok	iɾakats̻iok
irakatsion	iɾakats̺iõn
irakatsion	iɾakats̻iõn
irakatsiozu	iɾakats̺ios̻u
irakatsiozu	iɾakats̻ios̺u
irakatsiozue	iɾakats̺ios̻ue
irakatsiozue	iɾakats̻ios̺ue
irakin	iɾakĩn
irakurgaitz	iɾakuɾai̯t̪s̺
irakurgela	iɾakurɣ̞ela
irakurle	iɾakurle̞
irakurraldi	iɾakuɾald̪i
irakurri	iɾakuri
irakurterraz	iɾakurt̪eras̺
irakurterraz	iɾakurt̪eras̻
iran	iɾãn
iraniar	iɾaniar
irantzun	iɾãns̺ũn
iratiotu	iɾat̪it̪u
iratxe	iɾatʃe
irauk	iɾau̯k
iraultza	iɾau̯ts̺a
iraun	iɾãũ̯n
iraupen	iɾaupæm
irauzu	iɾau̯s̻u
irauzue	iɾau̯s̻ue̞
irazeki	iɾaseki
ireki	iɾe̞ki
irekiko	i̯ɾe̞kiko̞
irekitasun	iɾekjtaʃun
irekitze	iɾekjtsẽ
irekitzeko	iɾe̞kits̻e̞ko
irensketa	iɾens̺ke̞t̪a
iretargi	ið̞e̞t̪aɾgi
irin	iɾinː
irin	iɾĩn
iritsi	iɾits̺i
iritsi	iɾits̻i
iritzi	iɾits̻i
irizpen	iɾispen
irla	irla
irlanda	irlãn̪d̪a
irlandes	iɾlãn̪d̪es
iroi	ioɾoi
irrati	irɾatɪ
irrati-aginte	ibratiagĩn̪t̪e
irrazional	iɾɾasional
irrigai	irigai
irrika	irika
irristaketa	irɾis̺t̪ake̞t̪a
irritsu	irritʃu
irteeragune	iɾtee̞ɾaɣ̞une
irten	irt̪ẽ̞n
irtengo	iɾteŋgo
irudi	iɾuð̞i
irudi	jɾwð̞i
irudik	iɾuð̞ik
irudikapen	iud̪ikapẽn
irudiko	iɾuð̞iko
irudin	iɾuð̞ĩn
iruditeria	iɾuditeɾia
iruditu	iɾuðit̪u
iruditu	iɾuð̞it̪u
irudizu	iɾuð̞is̻u
irudizue	iɾuð̞is̻ue̞
irulegi	iɾuleɣ̞i
irun	iɾun
irun	iʝun
irundarra	iɾunð̞ara
iruntzi	iruntsi
irurtzun	jɾuɾtsun
iruzur	iɾus̺ur
iruzur	iɾus̻ur
iruzurti	iɾus̺urt̪i
iruzurti	iɾus̻urt̪i
iruña	iɾuɲa
iruñea	iɾuɲea
isats	is̺ats̺
iseka	iseka
isilka	isilka
isiltasun	isilt̪as̺un
isiltasun	is̺il̪t̪as̺ũn
isilune	is̺ilune
isilune	is̺iʎune
isla	isla
isla	iz̺la
islandia	iz̺lãn̪d̪ia
islandiar	iz̺lãn̪d̪iar
islandiera	iz̺lãn̪d̪ieɾa
islandiera	iz̺lãn̪d̪jeɾa
islatu	islatu
isolatu	isolatu
ispilu	is̺pilu
ispilu	is̺piʎu
istant	iztant
istil	ist̪il
istil	is̺t̪il
istinga	istĩŋga
istorio	ist̪oɾio
istripua	istripua
isun	isun
isun	is̺ũn
isuraldaketa	is̺ɯɾald̪aket̪a
isuri	is̺o̞ɾi
isuri	is̺uɾi
isurialde	is̺uɾial̪d̪e
isurkari	isuɾkaɾi
itaila	itˈaʎa
italia	it̪alia
italian	it̪aliãn
italiar	it̪aliar
italiar	it̪alias
italiera	it̪alieɾa
itaundu	it̪ãũ̯n̪d̪u
ito	it̪o
itogin	itːogim
itoka	at̪oka
itsasadar	its̺as̺að̞ar
itsasadar	its̻as̺að̞ar
itsasadar	it̪s̺as̺alaɾ
itsasalde	its̺as̺al̪d̪e
itsasalde	its̻as̺al̪d̪e
itsasaldi	its̻as̺al̪d̪i
itsasargi	its̺as̺arɣ̞i
itsasargi	its̻as̺arɣ̞i
itsasgaitz	its̺az̺ɣ̞ai̯ts̻
itsasgaitz	its̻az̺ɣ̞ai̯ts̻
itsasgarri	its̺az̺ɣ̞ari
itsaskor	its̺as̺kor
itsaskor	its̻as̺kor
itsaso	its̺as̺o
itsaso	its̻as̺o
itsasontzi	its̺as̺õnts̻i
itsasontzi	its̻as̺õnts̻i
itsasoratu	its̺as̺oɾat̪u
itsasoratu	its̻as̺oɾat̪u
itsasoratu	it̪s̺as̺o̞ɾat̪u
itsaspen	its̺as̺pẽn
itsaspen	its̻as̺pẽn
itsasu	its̺as̺u
itsasu	its̻as̺u
itsatsi	its̺ats̺i
itsu	its̺u
itsu	itʃu
itsuaurreko	it̪s̺uauɾɾe̞ko
itsulapiko	itʃulapiko
itsusi	its̺us̺i
itsutu	iːtʃuːtuː
itunaldi	jtunald̪i
iturgin	it̪uɾgĩŋ
iturralde	it̪ural̪d̪e
iturri	ituri
iturri	it̪uri
itxaronaldi	itʃaɾɾonalð̞i
itxaso	itʃas̺o
itxiokorri	itʃeokorɾi
itxitu	itʃjtu
itxitura	itʃitʊra
itxurakeria	its̺uɾake̞ɾiã
itxuraketa	it̪s̺uɾakẽt̪a
itxuroso	itʃuroso
itzak	its̻ak
itzal	itsal
itzal	its̻al
itzali	its̻ali
itzali	it˦sˈaːlˈi
itzan	its̻ãn
itzazu	its̻as̺u
itzazu	its̻as̻u
itzazue	its̻as̺ue
itzazue	its̻as̻ue
itze	itsːe
itziar	its̻iar
itzul-amilka	itsulamilka
itzuli	its̻uli
itzulpen	itsulpen
itzultzaile	its̻ults̻ai̯le̞
itzultzaile	its̻ults̻aʎe̞
itzuri	itsːuɾiː
itzuri	its̻uɾi
ixa	iʃa
ixabel	iszaβ̞el
ixo	iʃ
ixt	ist
izaba	isaba
izaera	isaeɾa
izaga	isaɣ̞a
izai	isai
izain	is̺ãĩ̯n
izain	is̻ãĩ̯n
izaki	isaki
izan	is̺ãn
izan	is̻ãn
izango	isaŋgo
izango	is̺aŋgo
izango	is̻aŋgo
izar	is̻ar
izara	isara
izarne	isarne
izaro	isˈaɾo
izaro	is̺aɾo
izaro	is̻aɾo
izartu	is̺ɐɾtu
izate	is̺at̪e
izate	is̻at̪e
izatekotan	is̺at̪eko̞t̪an
izaten	is̺at̪ẽn
izaten	is̻at̪ẽn
izeba	is̺eβ̞a
izeba	is̻eβ̞a
izei	isei
izeki	isˈeki
izeko	is̺eko
izeko	is̻eko
izen	is̻ẽ̞n
izen-abizen	is̺enaβ̞issen
izenburu	is̺ẽnboɾu
izenburu	is̻ẽ̞mbuɾu
izendatu	is̺ẽnd̪at̪o
izendegi	is̺ẽnd̪eɣ̞uj
izeneko	is̺ɛneko
izenlagun	is̻ẽ̞nlaɣ̞ũn
izenordain	is̺enorð̞ãĩ̯n
izenordain	is̻enorð̞ãĩ̯n
izerdi	is̻e̞rð̞i
izkina	iskiɲa
izkira	iskira
izkira	is̻kiɾa
izkiriatzen	is̺kiliats̻ẽn
izkribatu	iskɾibatu
izokin	is̺okĩn
izokin	is̻okĩn
izokinkume	isokinkume
izotz	is̺ots̻
izotz	is̻ots̻
izotzil	is̻o̞ts̻il
izozkailu	is̺os̺kaʎu
izozkailu	is̻os̻kai̯lu
izozkailu	is̻os̻kaʎu
izter	is̻t̪e̞r
izugarri	isugaɾɾi
izur	isur
izurde	is̻urð̞e̞
izuti	isuti
izutzen	is̺s̺ut̪s̻ẽ̞n
iñaki	iɲaki
jabaldu	xabald̪uɾ
jabe	ʝaβ̞e
jabeak	xabeak
jadanik	ʝað̞anik
jagoba	ʝaɣ̞oβ̞a
jagoitik	ʝaɣ̞oit̪ik
jagole	dʒaɣo̞le
jagon	ʝaɣ̞on
jai	dʒai̯
jai	jai̯
jai	xai̯
jai	ɟai̯
jaia	dʒaja
jaidura	jã̝jð̞uɾa
jaiegun	dʒai̯eɣ̞ũn
jaiegun	jai̯eɣ̞ũn
jaiegun	xai̯eɣ̞ũn
jaiegun	ɟai̯eɣ̞ũn
jaiki	ʝˈaiki
jaikitzen	ɟʝajkits̻ẽn
jainko	dʒai̯ŋko
jainko	jai̯ŋko
jainko	xai̯ŋko
jainko	ɟai̯ŋko
jainkoilo	dʒai̯ŋkoʎo
jainkoilo	jai̯ŋkoʎo
jainkoilo	xai̯ŋkoʎo
jainkoilo	ɟai̯ŋkoi̯lo
jainkojale	dʒai̯ŋkodʒale
jainkojale	jai̯ŋkojale
jainkojale	xai̯ŋkoxale
jainkojale	ɟai̯ŋkoɟale
jainkosa	dʒai̯ŋkos̺a
jainkosa	jai̯ŋkos̺a
jainkosa	xai̯ŋkos̺a
jainkosa	ɟai̯ŋkos̺a
jainkozale	dʒai̯ŋkos̺ale
jainkozale	jai̯ŋkos̻ale
jainkozale	xai̯ŋkos̻ale
jainkozale	ɟai̯ŋkos̻ale
jainkozaletasun	dʒai̯ŋkos̺alet̪as̺ũn
jainkozaletasun	jai̯ŋkos̻alet̪as̺ũn
jainkozaletasun	xai̯ŋkos̻alet̪as̺ũn
jainkozaletasun	ɟai̯ŋkos̻alet̪as̺ũn
jaio	jai̯o̞
jaio	xai̯o̞
jaione	xaʝone
jaiotegun	xaxot̪eɣ̞un
jaitsi	dʒai̯ts̻i
jaitsi	jai̯ts̺i
jaitsi	xai̯ts̺i
jaitsi	ɟai̯ts̺i
jaka	jaka
jaka	xaka
jakadun	jakað̞ũn
jakadun	xakað̞ũn
jakera	ʝakeɾa
jaki	xaki
jaki	ʝˈakˌi
jakik	jakik
jakik	xakik
jakin	jakĩn
jakin	xakĩn
jakinarazle	ɟʝakin̟ᵝaɾaz̺la
jakinbide	ʝakĩnβ̞ið̞e
jakiro	ɣ̞akiro
jakitun	akʲitun
jakituna	jakjt̪uma
jakitzak	jakits̻ak
jakitzak	xakits̻ak
jakitzan	jakits̻ãn
jakitzan	xakits̻ãn
jakitzazu	jakits̻as̻u
jakitzazu	xakits̻as̻u
jakitzazue	jakits̻as̻ue̞
jakitzazue	xakits̻as̻ue̞
jakizu	jakis̻u
jakizu	xakis̻u
jakizue	jakis̻ue̞
jakizue	xakis̻ue̞
jakob	ɟʝaːkob
jakue	ɟʝakue
jalki	ɣ̞alki
jalkiera	alkieɾa
jan	dʒan
jan	jan
jan	jãn
jan	xan
jan	xãn
jan	xŋ
jan	ɟan
jan	ʒan
janari	janaɾi
janari	xanaɾi
janaria	xanaɾja
jangartxu	jaŋɣ̞aɾt̪z̺u
jangela	dʒanggla
jantegi	xantẽɣ̞wi
jantzi	xantsi
japonia	dʒaponia
japonia	gaponia
japonia	japonia
japonia	ɟaponia
japoniera	dʒaponieɾa
japoniera	japonieɾa
japoniera	xaponieɾa
japoniera	ɟaponieɾa
jarduketa	d̪iarð̞uket̪a
jardun	jarð̞ũn
jardun	xarð̞ũn
jardun	ʝaɾð̞ũn
jarduna	aɾð̞una
jardunbide	ɟʝaɾð̞ũnbʲile
jare	ðare
jariakor	ʝaɾiakoɾ
jario	ʝaɾio
jarleku	ʝˈaɾlˈeku
jarraiki	dʒarai̯ki
jarraiki	jarai̯ki
jarraiki	xarai̯ki
jarraiki	ɟarai̯ki
jarraitu	dʒarai̯t̪u
jarraitu	jarai̯t̪u
jarraitu	xarai̯t̪u
jarraitu	ɟarai̯t̪u
jarrera	jareɾa
jarri	jari
jarri	xari
jarrita	xarɾit̪a
jasangaitz	jãsãnɣ̞aits̺
jasoko	xaʃoko
jaspea	xaspea
jaspeatua	xaʃpeat̪ua
jaten	haten
jatetxe	dʒat̪etʃe
jatetxe	jat̪etʃe
jatetxe	xat̪etʃe
jatetxe	ɟat̪etʃe
jatetxea	xaˈtetsˈeˈa
jatortasun	jat̪o̞rt̪as̺ũn
jats	jˈats
jaun	dʒãũ̯n
jaun	jãũ̯n
jaun	xãũ̯n
jaun	ɟãũ̯n
jauna	ʝau̯na
jaungoikoa	dʒau̯ŋgoi̯koa
jaungoikoa	jau̯ŋgoi̯koa
jaungoikoa	xau̯ŋgoi̯koa
jaungoikoa	ɟau̯ŋgoi̯koa
jauregi	dʒau̯ɾeɣ̞i
jauregi	jau̯ɾeɣ̞i
jauregi	xau̯ɾeɣ̞i
jauregi	ɟau̯ɾeɣ̞i
jauregitar	dʒau̯ɾeɣ̞it̪ar
jauregitar	jau̯ɾeɣ̞it̪ar
jauregitar	xau̯ɾeɣ̞it̪ar
jauregitar	ɟau̯ɾeɣ̞it̪ar
jaurerri	xauɾeri
jaurti	hauɾt̪i
jausi	jau̯s̺i
jausi	xau̯s̺i
jautsi	jau̯ts̺i
jautsi	xau̯ts̺i
jauzika	ɟʝauzika
jazo	dʒaso
jela	xɛla
jeltzale	je̞lts̻ale̞
jeltzale	xe̞lts̻ale̞
jende	jẽ̞n̪d̪e̞
jende	kend̪e
jende	xẽ̞n̪d̪e̞
jendeketa	jẽn̪d̪e̞keta
jendetasun	jẽn̪d̪et̪as̺um
jendetza	dʒẽn̪d̪ets̻a
jendetza	jẽn̪d̪ets̻a
jendetza	xẽn̪d̪ets̻a
jendetza	ɟẽn̪d̪ets̻a
jenerazio	xeneɾakio
jenero	xenɛro
jengibre	dʒenɣibre
jengibre	xẽ̞nxiβ̞re̞
jentil	xent̪jl
jentilbaratza	gent̪ilβ̞aɾats̻a
jexux	xɛʃuʃ
jipoitu	jipo̞i̯t̪u
jipoitu	xipo̞i̯t̪u
jira	ɣ̞iɾa
jirafa	dʒiɾafa
jirafa	jiɾafa
jirafa	xiɾafa
jirafa	ɟiɾafa
jiratu	dʒiɾatʊ
jiratu	xiɾat̪u
jiratu	ʒiɾat̪u
jo	dʒo
jo	jo
jo	xo
jo	ɟo
jo	ʝˈo
joan	dʒoãn
joan	joãn
joan	xoãn
joan	ɟoãn
joan	ɟʷoãn
joan	ʒoan
jod	dʒoð
joera	dʒoeɾa
joera	joeɾa
joera	xoeɾa
joera	ɟoeɾa
joka	dʒoka
joka	joka
joka	xoka
joka	ɟoka
jokalari	io̞kalari
jokatu	jo̞kat̪u
jokatu	xo̞kat̪u
jokin	ʝokin
joko	gjoko
jokoa	jokoa
jolasa	xolasa
jolastu	xolastu
jon	dʒoːn
jon	dʒõn
jon	jõn
jon	ɟõn
jone	dʒone
jone	jone
jone	ɟone
jone	ʝone
jordania	dʒorð̞ania
jordania	jorð̞ania
jordania	xorð̞ania
jordania	ɟorð̞ania
jordaniar	dʒorð̞aniar
jordaniar	jorð̞aniar
jordaniar	xorð̞aniar
jordaniar	ɟorð̞aniar
jori	goɾiː
joritu	xoɾiːtu
jorrail	jo̞rai̯l
jorrail	xo̞rai̯l
josi	dʒos̺i
josi	jos̺i
josi	xos̺i
josi	ɟos̺i
joskin	ɟʝoskĩŋ
jostailu	dʒos̺t̪aʎu
jostailu	jos̺t̪aʎu
jostailu	xos̺t̪aʎu
jostailu	ɟos̺t̪ai̯lu
jostailugintza	ɟʝos̺t̪alʝuɣ̞ĩn̪ts̻a
jostun	dʒos̺t̪ũn
jostun	jos̺t̪ũn
jostun	xostun
jostun	xos̺t̪ũn
jostun	ɟos̺t̪ũn
jota	dʒota
jota	jota
jota	jo̞t̪a
jota	ljota
jota	xota
jota	xo̞t̪a
jota	ɟota
jota	ʒota
juanikote	xuaniko˥˩te
jubilazio	xwβ̞jlazio
jugatx	ɟʝoːgatʃ
jugoslavia	dʒuɣ̞oz̺laβ̞ia
jugoslavia	juɣ̞oz̺laβ̞ia
jugoslavia	ɟuɣ̞oz̺laβ̞ia
jugoslavian	juɣ̞o̞z̺laβ̞iãn
juka	ljˈukˈa
jukutria	ljukˈutɾia
julen	dʒulẽn
julen	julẽn
julen	ɟulẽn
junta	jʊ̞n̪ta
jura	xuɾa
jurgi	dʒurɣʲi
jute	ʝjute
k	ka
k	kˈa
ka	ka
ka	kˈa
kaba	baba
kabestru	kabe̞st̪ɾu
kabila	kabɪʎa
kable	kavle
kabu	kamu
kaden	kadenʝ
kafe	kafe
kafesne	kafez̺ne
kaftan	kaftæn
kaialde	kajald̪e
kaierra	kajeɾɾa
kaiku	skajgu
kailukara	kajɣ̞sukaɾa
kaiman	kaimãn
kainoi	kaiɲoj
kaio	kaʝo
kaiola	kaʝola
kaixo	kaiso
kaixo	kai̯ʃo
kaixo	kajʃo
kaixoka	kaj̠ʃoka
kaka	kaka
kakahuete	kakawe̞t̪e̞
kakalardo	kakalarð̞o
kakapirri	kakapiri
kako	kako̞
kalaxka	alaʃka
kale	kale
kale	kaˈle
kalea	kalea
kalentura	kalẽn̪t̪uɾa
kaletik	kalɛtik
kalifa	kalifa
kalimotxo	kalimo̞tʃo̞
kalkatu	kalkat̪
kalkopirita	kalkoːˈpiɾitːa
kalkulu-orri	kalkuluɦoɾɾi
kalteetan	kalt̪ed̪et̪ãn
kaltegarri	kal̪t̪eɣ̞ari
kalterik	kalteriːk
kaltetzen	kal̪t̪etʃẽn
kaltzita	kalts̻it̪a
kaltzita	kal̪t̪s̻it̪a
kamaina	kamai̯ʝa
kamamila	kamamiʝa
kamara	kamara
kamera	amera
kamera	kamera
kamerun	kameɾũn
kameu	kame̞u
kamus	kamuz
kamustu	kamustu
kamuts	kamuts̺
kamuts	kamuts̻
kanbodia	kãmboð̞ia
kanbodiar	kãmboð̞iar
kandela	kãn̪d̪ela
kandelak	kãn̪d̪elak
kanguru	kaŋguɾu
kanpai	kamppai
kanpai	kãmpai̯
kanpaiarri	kãmpaĩari
kanpaldi	kãnpalð̞i
kanpix	kampis
kanpo	kãmpo
kanpoko	tampoko
kanporaketa	kampoɾaket̪a
kanposantu	kamposãn̪t̪u
kanpotar	kãmpot̪ar
kanpotar	kãmpot̪aɾ
kantaria	kãn̪t̪ɾia
kantua	t̪ãn̪t̪ua
kantzerigeno	tant̪s̺e̞rixe̞no
kapa	kapa
kapar	kapar
kapare	kapaɾe
kapera	kapeɾa
kapo	kapo
kapsulatu	kapθulat̪u
kapusai	kapusai
kara	kˈaɾa
karakoil	karakoi
karaoke	kaɾaoke
karbono	karβ̞o̞no̞
karbono	kaɾɣ̞ono
kardaba	kaɾðaba
kardabera	ɣ̞aɾð̞abeɾa
kardinal	karvʲinal
kare	kaˈre
kareharri	kaɾeaɾɾi
karel	aɾˈel
karel	kaɾell
karendun	kaɾẽn̪d̪ũn
karesa	kaɾesa
kargatu	kaɾʁatu
kargudun	kaɾβ̞uð̞um
kargutu	kagutu
kargutu	kaɾɣutu
kariatu	kaɾiatʊ
karistiar	kaɾist̪iar
karlistada	karlis̺t̪að̞a
karlistaldi	karlis̺t̪al̪d̪i
karmeldar	karmel̪d̪ar
karmele	karmele
karmin	kaɾmĩŋ
karobi	kaɾoi
karrakela	t̪aɾɾake̞la
karramarro	karamaro
karramarroa	karamaroa
karramixka	karamiʃka
karraska	karas̺ka
karratu	kaɦratu
karta	kaɾt̪a
kartago	kart̪aɣ̞o
kartel	kaːɾt̪eːl
kartografo	kaɾt̪oɾafo
kartzela	kaɾt̪s̺la
kartzelaratu	kaɾts̺elẽɾat̪u
karu	kˈɛɾˈu
karunkula	kaɾomkula
kasik	katsik
kaska	kasˈkaː
kaskar	kaskar
kaskarin	kaskaɾin
kaskatu	kaskatu
kastore	kas̺t̪oɾe
kasua	kasua
kasualitate	kas̺oalitat̪e
kasuen	kas̺uẽl
kasulari	kas̺s̺ulaɾi
kataboliko	kataboljto
katagorri	kat̪aɣ̞ori
katakresi	kat̪akɾeθi
katakume	kat̪akume
katalina	katalina
katalunia	kataluɲa
katalunia	kat̪alunia
katarsi	kat̪aɾɣ̞i
kate	kat̪e
katea	kat̪ea
kategoria	katˌeɣoɾˈia
katenaria	katɛnaɾia
katilu	kat̪iʝu
katu	katʊ
katu	kat̪u
katuarrain	katuarai̯nʝ
katuarrain	kat̪uarãĩ̯n
kaudimen	kauð̞jmẽn̪t̪
kaudimen	kauð̞ĩŋem
kaudimendun	kalð̞imẽn̪d̪un
kauskada	kau̯s̺kað̞a
kaxa	kaʃa
kaxoi	kaʃoj
kazakhera	kas̺axeɾa
kazakhera	kas̻akeɾa
kazakhera	kas̻axeɾa
kazakhstan	kas̺axs̺t̪ãn
kazakhstan	kas̻aks̺t̪ãn
kazakhstan	kas̻axs̺t̪ãn
kazetaria	kaset̪aɾia
kazola	kaso˩˥ːla
kaña	kanʝa
ke	k
ke	ke
kebide	kelið̞e
kedar	keðaɾ
keinukari	kẽ̞jnjuːkaɾi
keko-meko	kekomeko
kemen	ke̞mẽ̞n
kendu	kẽn̪d̪u
kepa	kepa
kepak	kepak
ketsu	kets̺u
ketsu	kets̻u
kexak	keʃak
kexaka	kesakã
kexu	kæiʃu
kibo	kivo
kide	kide
kidearentzat	kid̪eaɾentʃat
kidego	kjeɣ̞o
kidekotasun	kið̞e̞ko̞t̪as̺un
kikarakada	kikaɾakaða
kikilgarri	kikilɣ̞ari
kilate	kilat̪e̞
kilima	klima
kilker	kilkeð̞
kilo	kilo
kilotoi	kilot̪oi̯
kim	kim
kimatu	kimatˈu
kimikaren	kimikaɾen
kimioterapia	kimeot̪eɾapia
kimu	kimu
kirasdun	kiɾazd̪wn
kirats	kiːrat
kirgizistan	kirɣ̞is̺is̺t̪ãn
kirgizistan	kirɣ̞is̻is̺t̪ãn
kiribil	kiɾiβ̞il
kiribil	kiɾiβ̞jl
kirikolatz	kʲiɾʲikoˈlatsʲ
kirmen	kjɾmen
kirol	kiɾol
kirola	kiɾola
kirolak	kido˥˩ːlak
kirolari	kiɾolaɾi
kiroldegi	kiɾol̪d̪eɣ̞i
kirten	kirtæn
kitto	kitsʲo
kizki	kʲiski
kladistika	klað̞izt̪ika
klarinete	klarĩŋete
klarinetista	klariŋetista
klera	kle̞ɾa
klik	klik
klimari	klimaɾi
klimatologia	klimat̪oloɣ̞ja
kloroformo	klo̞ɾo̞fo̞rmo̞
kluba	kluba
klubak	klubak
koaderno	ko̞að̞e̞rno̞
koala	koala
koartza	koart̪a
kobazulo	kobasulo
kobre	koβ̞re
kode	ko̞ð̞e̞
kodeketa	koːdeketa
kohete	koete
koilara	ko̞i̯laɾa
koilara	ko̞ʎaɾa
koilarakada	ko̞i̯laɾakað̞a
koilarakada	ko̞ʎaɾakað̞a
koilaratxo	kojaˈɾatʃo
koinata	koi̯nat̪a
koinata	koɲat̪a
koinatu	koi̯nat̪u
koinatu	koɲatʊ
koinatu	koɲat̪u
kointziditu	kointsid̪it̪u
koipe	koi̯pe
koipe	kojpe
koipedun	kojperun
koipeztatu	kojpest̪at̪u
koipu	kɔipu
kokagune	koːˈkɑːgune
kokatu	ko˥˩ːkatʊ˥˩ː
kokatuta	okaztuta
koke	koke
kokin	kɔkinʲ
kokindu	kokindu
kokinkeria	kɔkinkeɾia
kokots	ko̞ko̞ts̺
kokotx	ko̞ko̞tʃ
koldar	kol̪d̪ar
koldo	koldo
koldo	kol̪d̪o
kolera	koleɾa
koloka	kolˈoka
koloreak	kolo̞ɾeak
kolpe	kolpe
koltxoi	kolʲtʃoi̯
komandante	komandante
komentu	komẽn̪t̪u
kometa	komet̪a
kometaratu	kometˈɾˈatˈu
komisaria	komissaɾia
komun	komun
komuna	kumuna
komunak	komũnak
komunismo	komuniz̺mo
komunista	komunis̺t̪a
konbentzitu	kõmbẽnts̻it̪u
konbexu	kõŋbeksu
kondaira	kõn̪d̪ai̯ɾa
kondaira	kõŋdaiɾa
konde	ko˩˥ːn˥˩ne˥˩ː
kondenagarri	kond̪enaɣ̞ari
kondentsadore	kõn̪d̪ẽnts̺að̞oɾe
kondentsadore	kõn̪d̪ẽnts̻að̞oɾe
konfiantza	konfjantsˈa
konkista	konki̯st̪a
konklusio	konklwsio
konkordun	konkord̪en
kono	koˈno
kono	ko̞no̞
konparaketa	kɔmpaɾaketa
konparatuko	kõmpaɾatuko
konpilatu	kɔmpilatu
konponbide	kõmpõmbið̞e
konpondu	kõmpõn̪d̪u
konponduz	komponð̞uz
konpositore	kompositore
kontagailu	kõn̪t̪aɣ̞ai̯lu
kontagailu	kõn̪t̪aɣ̞aʎu
kontaketa	kont̪ake̞t̪a
kontakizun	kõn̪t̪akis̺oŋ
kontari	kõn̪t̪aɾj
kontenplatibo	kontemplativo
kontentatu	kõ̞n̪t̪ẽ̞n̪t̪at̪u
kontra	kõmpɾa
kontraktura	kont̪raɣ̞t̪uɾa
kontrakultura	kont̪ɾakul̪t̪uɾa
kontratxapatu	kontratʃapato
kontserbatu	kõnts̺eɾβ̞at̪u
kontsultategi	kont̪s̺ult̪at̪eɣ̞il
kontu	kõ̞n̪t̪u
konturatu	kõn̪t̪uɾat̪u
kontuz	kont̪us
kontuz	kõn̪t̪u
kontzeptu	kõnts̻ept̪u
kontzientzia	kõnts̻iẽnts̻ia
kopa	kopa
kopak	kopak
kopan	kopan
kopeta	kɔpeta
kopia	kopia
kopuru	opuɾu
koral	koɾal
koranak	koɾanak
korapilatsu	koɾapilats̺u
korapilatsu	koɾapiʎats̺u
korapilatsu	koɾapiʎats̻u
kordoba	korð̞oβ̞a
kordotx	koɾnotʃ
koreografo	koɾeɔɣ̞ɾafo
korfu	koɾfu
korkubita	korkubika
koronabirus	ko̞ɾo̞naβ̞iɾus̺
korrika	kɔɾɾika
korrikalari	koɾɾjkalaɾi
korro	koro
korroitu	koɾɾoi̯tu
korronte	korõn̪t̪e
korsika	koɾzika
korsikera	kors̺ikeɾa
kortxea	kortʃea
kortxea	koɾtsẽa
kortxeaerdi	kortʃeaerð̞i
koru	ko̞ɾu
kosko	koʃko
kosmologia	kozmoloɣ̞ia
kosta	kost̪a
kostalde	ko̞s̺t̪ald̪e
kostata	ko̞s̺t̪at̪ar
kostatu	kost̪at̪u
kostatu	ko̞s̺t̪at̪u
kostu	kost̪u
kote	kote
kotoi	koˈtoj
kotxe	kotʃe
kraka	kɾeka
krakada	kɾˈakˈadˈa
krapaut	kɾapawts̺
krater	krat̪e̞r
kreatu	kre̞at̪u
kreditu	kɾeð̞jtu
kretazeo	kɾet̪aseõ
kriket	kriket̪
krimea	pɾimea
kriminologo	kriminoloɣo
krispeta	kɾispeta
kristal	kɾist̪al
kristalino	kɾistaliˈno
kristalografia	kɾist̪aloɣ̞ɾafia
kristau	kɾist̪aw
kristona	kɾistona
kroazia	kroas̺ia
kroazia	kroas̻ia
kroaziar	kro̞as̻iar
kroaziera	kroas̺ieɾa
kroaziera	kroas̻ieɾa
kroketak	kɾoket̪ãk
krokodilo	krokoð̞ilo
kromletx	kɾomlʲetʃ
kromoa	kroma
kromosfera	kɾomosfeɾa
kronikek	kronikek
kronologia	kronoloɣ̞ia
kros	kros̺
ku	ku
kuante	kwanˈt̪e
kuantifikatu	kuantifikˈato
kuantifikatu	kwanð̞ifikat̪u
kuantu	kwãn̪t̪u
kuartelak	kuartelak
kuarteto	guaɾt̪et̪o
kuba	kuβ̞a
kubierta	kubjeɾt̪a
kudeaketa	luð̞eaketa
kudeatu	kud̪ẽatʊ
kuiatxo	kuiʝatʃo
kuku	kuku
kuku	kˈukˈu
kukubiltxo	kukˈubilˈtʃʊ
kukuka	kukˈuka
kukurruku	kukˈurukˈu
kukurrukuka	kukːuɾˈukˈuka
kukutxeztul	kukutʃe̞s̻t̪ul
kukuxumusu	kukuʃumusʃu
kulero	kule̞ɾo̞
kulturarteko	kult̪uɾaaɾt̪eko̞
kulunkatu	kuluŋkat̪u
kume	kume
kupel	kupˈɛl
kupoi	kupoi
kupula	kupula
kurlinta	kuɾljnta
kurrika	kˈuɾɾˈika
kurrilo	kurilo
kurrilo	kuriʎo
kurrinka	kuriŋka
kurrinkatu	kuriŋkat̪u
kurrunka	kuɾɾunɣ̞a
kurubil	kuɾubiɔ
kurumino	kuɾˈuminˈɲo
kurutxet	kuɾutʃe
kusku	kuzku
kuskula	kuskula
kuso	kuso
kutixi	koˈtˈiʃi
kutsadura	kuts̻ad̪uɾaɾ
kutsatu	kutʃatu
kutsu	kutʃu
kuttun	kucũn
kutun	kut̪ũn
kutxazain	kutʃasãĩŋ
kuxin	ko˥˩ʃim˧˧
la	la
laba	lˈˈaba
labaien	laβ̞ai̯ẽn
labain	laβ̞ãĩŋ
labaindu	labajnd̪u
labaingarri	labaĩŋɣ̞aɾɾi
labainkada	laβ̞ãĩŋkað̞a
labainkatu	laβ̞ãĩ̯nkat̪o
labana	laβ̞ana
labanda	labanda
labankada	labãŋkað̞a
labar	laβ̞ar
labe	lab
labe	laβ̞e̞
labealdi	labalð̞i
labezomorro	labˈesomˈorɾo
labezomorro	laβ̞es̺omoro
labezomorro	laβ̞es̻omoro
labezomorroa	laβ̞es̺omoroa
labezomorroa	laβ̞es̻omoroa
labezomorroak	laβ̞es̺omoroak
labezomorroak	laβ̞es̻omoroak
labezomorroarenganantz	laβ̞es̺omoroaɾeŋganãnts̻
labezomorroarenganantz	laβ̞es̻omoroaɾeŋganãnts̻
labezomorroek	laβ̞es̺omoroek
labezomorroek	laβ̞es̻omoroek
labezomorroenganantz	laβ̞es̺omoroeŋganãnts̻
labezomorroenganantz	laβ̞es̻omoroeŋganãnts̻
labezomorrok	laβ̞es̺omorok
labezomorrok	laβ̞es̻omorok
labezomorrorenganako	laβ̞es̺omoroɾeŋganako
labezomorrorenganako	laβ̞es̻omoroɾeŋganako
labezomorrorenganantz	laβ̞es̺omoroɾeŋganãnts̻
labezomorrorenganantz	laβ̞es̻omoroɾeŋganãnts̻
labezomorrorengandik	laβ̞es̺omoroɾeŋgãn̪d̪ik
labezomorrorengandik	laβ̞es̻omoroɾeŋgãn̪d̪ik
labezomorrorik	laβ̞es̺omoroɾik
labezomorrorik	laβ̞es̻omoroɾik
labezomorrotzat	laβ̞es̺omorots̻at̪
labezomorrotzat	laβ̞es̻omorots̻at̪
labirinto	labiɾintɔ
laborantza	laβ̞oɾanˈt̪sa
labore	laβ̞oɾi
laborrian	laborian
labur	laβ̞ur
laburbildu	laβ̞uɾβ̞jld̪u
laburkiro	laβ̞uɾkilo
laburpen	laβ̞uɾbẽn̪
laga	laɣ̞a
laga	lˈagˈa
lagin	laɣ̞uin
lagostar	lagˈostˈaɾ
lagun	laɣ̞ũn
lagundi	laɣ̞ũn̪d̪i
lagundu	laɣ̞ũn̪d̪u
lagungarri	laɣ̞unɣ̞ari
lagungo	laɣˌungoˌ
laguntxo	laˈɣuntʃo
laguntza	laɣ̞ũnts̻a
lahar	lar
lahar	laɦar
laia	lai̯a
laia	laja
laiari	laʝaɾi
laiatu	lajatʊ
laido	laiðo
laidoka	lajð̞oka
laidotu	lajt̪o̞t̪u
laidoztatu	laiːd̪os̺at̪u
laiko	lajko
lain	lãĩ̯n
laino	lai̯no̞
laino	laɲo̞
laino	laɲˈo
lainope	laɲope
lainotu	laiˈotu
laiotz	lajˈotʃ
laira	lajɾa
lakar	lakal
lakasta	lakast̪a
lakatz	lakatʃ
laket	laket̪
laketarazi	laketaɾasi
laketgarri	lakest̪ɣ̞ari
laketu	lakitu
lako	lakˈo
laku	laku
lakua	lakua
lakua	lakˈua
lamada	lamˈað̞a
lamikatu	lˈamikatˈ
lamina	lamjnʝa
lan	la
lan	lãn
lanabes	lanaβ̞es
lanaldi	lanal̪d̪i
lanarte	laneɾt̪e
lanbas	lamˈbas
lanbas	lãmbas̺
lanbide	lãmbiðe
lanbide-heziketa	lãn̪β̞id̪ees̺iket̪a
lanbideak	lambibeːak
lanbro	lambɾo
lanbro	lãmbro
lanbroa	lãmbɾo
lanbrotsu	lambrotʃu
lanbrotu	lambɾotu
landaketa	lãn̪d̪ake̞t̪a
landare	lãn̪d̪aɾet
lane	lade
lanean	laneˈɑn
lanek	lanẽk
langa	lãŋga
langabezia	laŋgabˈeθia
langai	lãŋgaj
langatu	lãŋgatʊ
langela	laŋgela
langilego	lankʎego
langintza	laŋgĩn̪t̪s̺a
lankidetza	lankjð̞ets̺a
lanparda	lampaɾð̞
lanproi	kamproi
lansari	lanθaɾi
lantalde	lantaldʒe
lantegi	lãn̪t̪eɣ̞i
lantegi	lãn̪t̪eɾi
lantza	lantsa
lantze	lantse
lanzarote	lanθaɾote
laos	laos̺
laosera	laos̺eɾa
laostar	laos̺t̪ar
lapar	lapar
lapiko	lˈapːiko
lapin	apinʝ
lapur	lapur
lapurkume	lapurkume
lapurra	lapuɾa
lapurreria	lapureɾia
lapurreta	lapuret̪a
lapurtar	lapoɾtaɾ
lapurtu	lapurto
lapurtu	lapurt̪u
lapurtxori	lapurtʃoɾi
lapurtzen	lapurtsẽn
lar	la
laranja	laɾaŋxa
laranja	laɾaɲːa
laranja	laɾãnʲdʒa
laranja	laɾãɲja
laranja	laɾãɲɟa
laranjondo	laɾaɲjõ̞n̪d̪o̞
laranjondo	laɾãŋxõ̞n̪d̪o̞
laratro	laɾat̪ro
larba	lˈˈagba
lardaska	laɾð̞aska
lardaskeria	laɾð̞azkeɾia
larderiatu	lard̪eɾiatʊ
lardizabal	larð̞is̺aβ̞al
lardizabal	larð̞is̻aβ̞al
lareo	laɾɪo
lari	laɾi
laringal	laˈɾinˈgala
laringe	laɾiŋge
larrabere	laːrˈabeˈɾe
larrain	larãĩ̯n
larramendi	laramẽnð̞i
larrapote	larapote
larrasuge	laɾɾas̺uɣ̞we
larredi	laɾɾeði
larreta	larẽt̪a
larri	lari
larri	laɾiŋ
larria	lariã
larriago	lariago
larru	laɾu
larrubizi	laɾwβ̞is̺i
larrun	laɾun
larunbat	laɾombat̪
larunbat	laɾũmbat̪
larunbatean	d̪aɾumbat̪eãn
lasaitu	las̺ai̯t̪u
lasarte	lasaɾte
lasarte	las̺art̪e
lastail	las̺t̪ai̯l
laster	las̺t̪e̞r
laster-marka	last̪eɾmaɾka
lasterka	lasteɾka
lasterkalari	last̪eɾkalaɾi
lasterragotu	las̺t̪eɾraxot̪u
lasterrean	las̺t̪ere̞an
lasto	lasto
latasa	latasa
latesi	lat̪esi
lats	lats
latsa	lˈˈatʃˈa
latsari	laːtʃari
latz	lˈats
lau	lau̯
lauaxeta	lagwaʃeta
lauburu	lau̯β̞uɾu
laudagarri	lau̯d̪aɣ̞ari
laudatu	lauð̞at̪o
laudorio	lauðoɾio
laudun	lawd̪un
laugarren	lau̯ɣ̞arẽn
lauhortz	lau̯o̞rts̻
lauhortz	lau̯ɦo̞rts̻
laukoitz	lau̯ko̞i̯ts̻
laun	laũn
laurden	lau̯rð̞ẽ̞n
laurogei	lauɾoɣ̞uei
laurogei	lau̯ɾoɣ̞ei̯
lausengatu	lau̯s̺ẽĩ̯ngat̪u
lausotu	lau̯sotu
lautada	lalt̪að̞a
lauza	lau̯sa
lauzkatu	lau̯s̺kat̪o
lazkao	la̝s̺k̞o
laztan	lastan
laztana	lastãn̪a
laztanka	lastanka
laztura	lazt̪wɾa
lazun	lasun
laño	lãn̪ʝoː
leandro	leandro
lebilke	leβ̞ilke
lebilzke	leβ̞ils̺ke
lebilzke	leβ̞ils̻ke
ledin	leð̞ĩn
legarda	leɣ̞arð̞a
legasa	legasa
legazpi	leɣ̞aspi
legazpi	leɣ̞as̺pi
legazpi	leɣ̞as̻pi
lege	leɣ̞e
legeak	ləˈgeːak
legealdi	leɣ̞ealli
legebiltzar	leɣ̞eβ̞ilts̻ar
legebiltzarkide	le̞ɣ̞ueβ̞ilts̻aɾkið̞e
legeek	legek
legenardun	leɣ̞ɛnaɾð̞ũn
legez	leɣ̞es̺
legezko	leɣ̞es̺ko
legezko	leɣ̞es̻ko
legike	leɣ̞ike
legikete	leɣ̞iket̪e
legitzake	leɣ̞its̻ake
legitzakete	leɣ̞its̻aket̪e
legoke	leɣ̞oke
legorreta	legoreta
lehen	lehẽn
lehen	le̞ɦẽ̞n
lehen	lẽn
lehen	lẽ̞n
lehendabizi	le̞ɦẽ̞n̪d̪aβ̞is̻i
lehendabizi	lẽ̞n̪d̪aβ̞is̻i
lehendakari	lehẽn̪d̪akaɾi
lehendakari	le̞ɦẽ̞nd̪akaɾi
lehendakari	lẽn̪d̪akaɾi
lehentasun	le̞ɦẽ̞nt̪as̺o̞n
leher	leher
leher	ler
lehoi	lehoi̯
lehoi	leoi̯
lehor	leoɾ
lehorreratze	leoɾɾerat̪s̺e
lehorte	leorte
lehortu	leoɾtu
lei	le̞i̯
leiar	ləjjaɾ
leihate	lejˈiatˈe
leitu	lejtʃ
leitu	le̞i̯t̪u
leize	lejθe
lekike	le̞kike̞
lekikete	le̞kike̞t̪e̞
lekizke	le̞kis̻ke̞
lekizkete	le̞kis̻ke̞t̪e̞
lekuak	lekuak
lekuan	lekuan̪
lekubarri	lekuβ̞ari
lekue	te˨˩kʰɯ˥˩weɪ˧˥
lekunberri	lekũmberi
lekurik	lekuɾik
lekusazke	le̞kus̺as̻ke̞
lekusazkete	le̞kus̺as̻ke̞t̪e̞
lekuske	le̞kus̺ke̞
lekuskete	le̞kus̺ke̞t̪e̞
lekzio	lekkˈsio
lela	lella
lelo	le̞lo̞
lemapean	lemapæ̝ːan
lentzeria	lẽ̞nts̻e̞ɾia
lentzuke	lẽ̞nts̻uke̞
lentzukete	lẽ̞nts̻uke̞t̪e̞
lentzuzke	lẽ̞nts̻us̻ke̞
lentzuzkete	lẽ̞nts̻us̻ke̞t̪e̞
leo	leo
leon	leon
leonora	leonoɾa
leopoldo	leopol̪d̪o
lepahori	lepaori
lepitzulia	lˈˈepːitsulˈia
lepo	le̞po̞
lepo	lˈˌepːˈo
lepoko	epoko
lepokoa	lˈˈepːˈokːoa
leporatu	lepolatu
lera	le̞ɾa
lera	lˈɛɾa
lerak	leɾak
lerakuske	le̞ɾakus̺ke̞
lerakuskete	le̞ɾakus̺ke̞t̪e̞
lerakutsazke	le̞ɾakuts̺as̻ke̞
lerakutsazkete	le̞ɾakuts̺as̻ke̞t̪e̞
leraren	le̞ɾaɾẽ̞n
lerari	le̞ɾaɾi
lerate	leɾat̪e
lerde	leɾɾˈe
lerden	leɾð̞eɾn
lerei	le̞ɾe̞i
lerek	leɾek
leriztake	leristake
leroake	le̞ɾo̞ake̞
leroakete	le̞ɾo̞ake̞t̪e̞
leroazke	le̞ɾo̞as̻ke̞
leroazkete	le̞ɾo̞as̻ke̞t̪e̞
lerra	lera
lerro	lero
lerro	lˈeɾɾo
lerrokatu	lerokatu
lesaka	lesaka
letania	let̪nia
letizia	let̪is̺ia
letizia	let̪is̻ia
letonia	let̪onia
letoniera	let̪onieɾa
letorke	let̪orke
letozke	let̪os̺ke
letozke	let̪os̻ke
letra	let̪ra
letradun	let̪ɾad̪wn
letreiatu	let̪rei̯at̪u
letxekiake	letʃekiake
letxekidake	letʃekið̞ake
letxekieke	letʃekieke
letxekiguke	letʃekiɣ̞uke
letxekinake	letʃekinake
letxekinake	letʃekiɲake
letxekioke	letʃekioke
letxekizueke	letʃekis̺ueke
letxekizueke	letʃekis̻ueke
letxekizuke	letʃekis̺uke
letxekizuke	letʃekis̻uke
letxezkiake	le̞tʃe̞s̻kiake̞
letxezkidake	le̞tʃe̞s̻kið̞ake̞
letxezkieke	le̞tʃe̞s̻kie̞ke̞
letxezkiguke	le̞tʃe̞s̻kiɣ̞uke̞
letxezkinake	le̞tʃe̞s̻kinake̞
letxezkinake	le̞tʃe̞s̻kiɲake̞
letxezkioke	le̞tʃe̞s̻kio̞ke̞
letxezkizueke	le̞tʃe̞s̻kis̻ue̞ke̞
letxezkizuke	le̞tʃe̞s̻kis̻uke̞
letzake	lets̻ake
leudeke	leu̯ð̞eke
leukake	leu̯kake
leukakete	leu̯kaket̪e
leun	lẽ̞ũ̯n
leundu	leõn̪d̪u
leutzake	leu̯ts̻ake
leuzkake	leu̯s̺kake
leuzkake	leu̯s̻kake
leuzkakete	leu̯s̺kaket̪e
leuzkakete	leu̯s̻kaket̪e
leza	les̺a
leza	les̻a
lezaeta	les̺aet̪a
lezaeta	les̻aet̪a
lezaguke	le̞s̻aɣ̞uke̞
lezagukete	le̞s̻aɣ̞uke̞t̪e̞
lezaguzke	le̞s̻aɣ̞us̻ke̞
lezaguzkete	le̞s̻aɣ̞us̻ke̞t̪e̞
lezake	les̺ake
lezake	les̻ake
lezakete	les̺aket̪e
lezakete	les̻aket̪e
lezan	les̺ãn
lezan	les̻ãn
lezana	les̺ana
lezana	les̻ana
lezaten	les̺at̪ẽn
lezaten	les̻at̪ẽn
lezeta	les̺et̪a
lezeta	les̻et̪a
lezka	les̺ka
lezka	les̻ka
lezo	lesso
lezo	les̺o
lezo	les̻o
lezotarra	lessot̪aɾɾa
li	li
libano	liβ̞ano
libanoar	liβ̞anoar
libe	liβ̞e
liber	liːbɛr
libratu	liβ̞ɾat̪o
librea	libria
libreto	liβ̞re̞t̪o̞
liburu	liβ̞uɾu
liburuak	libuɾwak
liburuak	libuɾwɑk
liburuki	limuɾuki
liburutegi	liburuteɣi
liburutegi	liβ̞uɾut̪eɣ̞i
liburutegia	libwɾuteɣ̞ia
lide	lið̞e
lidia	lið̞ia
lierni	lerni
lierni	lierni
lignina	ligninna
lihardukake	liarð̞ukake̞
lihardukake	liɦarð̞ukake̞
lihardukakete	liarð̞ukake̞t̪e̞
lihardukakete	liɦarð̞ukake̞t̪e̞
liharduke	liarð̞uke̞
liharduke	liɦarð̞uke̞
lihardukete	liarð̞uke̞t̪e̞
lihardukete	liɦarð̞uke̞t̪e̞
liho	lio
lihoake	lihoake
lihoake	lixoake
lihoazke	lihoas̻ke
lihoazke	lixoas̺ke
lihoazke	lixoas̻ke
likin	likˈin
lila	liːlˈɑ
lilia	lalˈia
lilian	liliãn
lilipa	lˈɛlipa
lilitu	lilito
lilura	ljˈˈuɾa
liluragarri	liluɾaɣ̞ari
liluragarri	liʎuɾaɣ̞ari
liluragarri	ljluɾaɣ̞ari
lima	lima
limoi-edari	limoiedari
limoiondo	limoi̯õn̪d̪o
limurkeria	limoɾkeɾia
linguistika	liŋgwis̺t̪ika
lino	lino
linterna	lintɛrna
linterna	lint̪eɾnam
lionel	lionel
lipar	lipa
lipido	lipido
lipschitzar	lipʃits̻ar
lirain	liɾãĩ̯n
liraintasun	lið̞aĩn̪t̪as̺un
lirateke	liɾat̪eke
lirauke	liɾau̯ke̞
liraukete	liɾau̯ke̞t̪e̞
lirudike	liɾuð̞ike̞
lirudikete	liɾuð̞ike̞t̪e̞
lisabe	lis̺aβ̞e
liskar	liskaɾ
liso	lisˈo
listari	list̪aɾi
listari	lis̺t̪aɾj
listo	listo
liteke	lit̪eke
litekek	lit̪ekek
liteken	lit̪ekẽn
literatura	lit̪eɾat̪wɾa
litezen	lit̪es̺ẽn
litezen	lit̪es̻ẽn
litezke	lit̪es̺ke
litezke	lit̪es̻ke
litezkek	lit̪es̺kek
litezkek	lit̪es̻kek
litezken	lit̪es̺kẽn
litezken	lit̪es̻kẽn
litio	lit̪io̞
litografia	ljt̪oɣ̞ɾafja
lituania	lit̪uania
lituania	lit̪wania
lituaniera	lit̪uanieɾa
lituzke	lit̪us̺ke
lituzke	lit̪us̻ke
lituzkek	lit̪us̺kek
lituzkek	lit̪us̻kek
lituzken	lit̪us̺kẽn
lituzken	lit̪us̻kẽn
lituzkete	lit̪us̺ket̪e
lituzkete	lit̪us̻ket̪e
litzake	lits̻ake
litzakete	lits̻aket̪e
litzan	lits̻ãn
litzateke	lits̻at̪eke
litzaten	lits̻at̪ẽn
lixibarria	liːʃiːbaɾɾia
lixtura	ljzt̪uɾa
lizar	lisˈaɾ
lizar	lis̺ar
lizar	lis̻ar
lizardi	lis̺arð̞i
lizardi	lis̻arð̞i
lizarki	lis̺arki
lizarki	lis̻arki
lizarra	lis̺ara
lizarra	lis̻ara
llabur	ʎaβ̞ur
llama	ʎama
llollo	ʎoʎo
llollobelar	ʎoʎoβ̞elar
lo	lo
lo	lˈo
loak	loak
lobular	loβ̞olaɾ
lodi	loð̞i
lodiera	lod̪jeɾa
lodikor	loð̞ikor
loditu	lodˈitu
logika	lo̞ɣ̞ika
logika	lɔgika
logikoki	loxikomi
loguratu	loguɾatʊ
loinatz	lojnˈats
loiola	loiˈola
loiola	lojola
loiolakoa	loiolakwa
loiolakoa	loioːlˈakoa
lokailu	lokai̯lu
lokailu	lokaʎu
lokamuts	lokamutʃ
lokarritu	lokaɾɾjtu
lokatu	lˈokatˈu
lokatza	lokat̪sˈa
lokaztia	lokast̪ia
lokotx	lokots
londres	lõŋd̪ɾes
loradenda	loɾad̪ẽn̪d̪a
lorail	lo̞ɾai̯l
loraldi	loɾaldi
lorategi	loategi
lorategi	loɾat̪eɣ̞i
loratu	lo̞ɾat̪u
lore	loɾe
lorea	loɾea
loreak	loɾeak
loredenda	loɾeð̞ẽn̪d̪a
loredi	loɾeɾi
loreontzi	loːɾeːontsi
lorezain	loɾes̺aɲ
lorezil	loɾesil
lortu	lˈoɾtu
lortuko	loɾt̪uko
lortzeko	lortseko
lot	lot
lotailu	lotːaiʎu
lotazil	lot̪as̺il
lotazil	lot̪as̻il
lotegi	loteɣˈi
lotsa	lots̺a
lotsa	lots̻a
lotsa	lotʃa
lotsakor	lots̺akor
lotsakor	lots̻akor
lotsati	lots̺at̪i
lotsati	lots̻at̪i
lotsatia	lotʃatia
lotsatu	lotʃatu
lotu	lo̞t̪u
lotune	lotʊne
lu	lu
luhuso	luhus̺o
luhuso	lus̺o
luke	luke
lukek	lukek
luken	lukẽn
lukete	luket̪e
lukurreria	lukkuɾreɾia
luma	luma
luma	lˈumˈa
luminaria	lwminaɾia
lunar	lunˈaɾ
lunes	lunes̺
lupetz	lupˈet
lur	lur
lur	plur
lurbel	luɾbæl
lurburu	lwɾlwɾu
lurdun	loɾd̪un
lurgoratu	urgoratu
lurkara	lulkaɾa
lurpebide	lurpebide
lurpeko	luɾpekʊ
lurra	lura
lurreratu	lureɾat̪u
lurrikara	lurikaɾa
lurrindegi	lureɲd̪eɣ̞i
lutezioa	luteθioa
luxenburgo	luks̺ẽmburɣ̞o
luzapen	luzapẽn
luzatu	lus̺at̪u
luzatu	lus̻at̪u
luze	lusˈe
luze	lus̻e̞
luzea	lusea
luzetasun	lus̻e̞t̪as̺ũn
madari	mað̞aɾi
madari	mˌaðˈaɾi
madaria	mað̞eɾia
madariaga	mað̞aɾiaɣ̞a
madarika	mað̞aɾika
madarikatu	madaɾikat̪u
madarikatu	mað̞aɾikat̪u
madarikatuko	mað̞aɾikat̪uko
madarikatze	mað̞aɾikats̻e
madarikatzen	mað̞aɾikats̻ẽn
madariondo	mað̞aɾiõn̪d̪o
madril	mað̞ril
madril	pað̞ɾil
madrildar	mað̞ɾilið̞aɾ
magal	maːɣˈal
magenta	maginta
magiko	maɣiko
magnetosfera	maɣ̞net̪osfeɾa
magrebtar	maɣ̞ɾet̪aɾ
magurio	maɣ̞oɾio
mahai	mahai̯
mahai	mai̯
mahats	mahats̺
mahats	mats̺
mahats	mats̻
mahuka	mau̯ka
mahuka	maɦuka
mahukaburu	mau̯kaβ̞wɾu
maia	maja
maiatz	mai̯ats̻
maiatza	majˈattsa
maiestate	majestate
maila	mai̯la
maila	maʎa
mailakatu	maiakat̪u
mailukada	majukað̞a
maingu	mãˌiŋgˈu
maiorazko	majoɾasˈkˈo
mairu	mai̯ro
mairu	mai̯ɾu
mairuilar	mai̯ɾui̯lar
mairuilar	mai̯ɾui̯ʎar
maiseatu	maes̻eat̪u
maisu	majˈʃu
maitabera	majtabeɾa
maitakeria	mai̯t̪akaɾia
maitasun	mai̯t̪as̺ũn
maitatu	mai̯t̪at̪u
maitazarre	majt̪as̺aɾɾe
maite	mai̯t̪e
maite	majte
maitemin	mai̯t̪e̞mĩn
maiz	mais
maiztasun	maist̪as̺un
maizter	majst̪eɾ
makal	makali
makala	makala
makaldu	makal̪d̪o
makaronesia	makaɾones̺ia
makatu	makatu
makea	makea
maketo	maket̪o
makilakada	makjʝakað̞a
makilazo	mˈakjˈlˈasˈo
makito	makit̪o
makur	makur
malagan	malaɣ̞an
malaria	malarja
malaria	mal̪aɾia
malats	malat̪s
malaysia	malai̯s̺ia
malda	malða
malenkonia	malenkonila
maleta	malet̪a
malezia	malestia
malgutu	malrˈutu
mali	mali
malin	malĩn
malko	malkov
malko	malko̞
malkoak	malkovak
malorri	maloˈri
malta	mal̪t̪a
maltera	mal̪t̪eɾa
maltzur	maltsuɾ
maluta	malutau
malutapen	malut̪apẽn̪t̪
malutatzaile	malut̪at̪s̺ai̯e
mamia	mamja
mamitsu	mamitʃu
mamitsua	mamitʃwa
mamu	mamˈu
manatu	manatʊ
mandamentu	mãn̪d̪amẽn̪t̪u
mandarina	mãn̪d̪aɾina
mandarinondo	mãn̪d̪aɾinõn̪d̪o
mandatu	mandatˈu
mandazain	mãn̪d̪as̺aɲ
mandil	mãn̪d̪iʝ
mandio	mãn̪t̪io
mando	mando
maneiatu	maneiatʊ
mania	mˌanijˈɐ̃
mantal	mantˈal
mantendu	mantendu
mantenugai	mantemugaj
mantso	mantʃo
mantsotu	mantʃotu
mantzanga	mantzaŋga
mapa	mapa
mapek	mapek
mar	maɾ
mar-mar	maɾmaɾ
mara-mara	maramara
marai	mˌaɾˈaj
marapilo	maɾapijˈo
marasma	maɾaz̺ma
maratoi	maratˈoi
marda	mɾð̞a
margo	maɾgˈo
margolan	maɾɣ̞olẽn̪
margolari	malgolaɾi
margotu	marɣ̞o̞t̪u
margoztatu	marɣ̞o̞s̻t̪at̪u
margoztatu	maɾgostatu
mari	maɾi
mariak	maɾiak
marigorri	maɾiɣoɾɾi
marikoi	maɾikoi̯
marimotots	maɾimot̪ot̪s
maritxu	maritʃo
maritzar	maɾitsaɾ
marka	marka
marka	mˈaɾka
marmara	mˈaɾmˌaɾˈa
marmarti	maɾmɑɾt̪i
marmola	maɾmola
maroko	maɾoko
maroko	maɾokːo
marra	mara
marrakuku	mˈaɾrakˈoku
marro	maro
marroi	maroi̯
marrubia	maɾuβ̞ia
marruka	maruka
marruma	maɾɾumã
marruskadura	marɾuzkad̪uɾa
marte	mˈartʊjˈ
marti	mart̪i
martin	maɾt̪in
martin-sukalde	maɾt̪ins̺ukald̪e
martiri	maɾt̪iɾi
martitzen	mart̪its̻ẽ̞n
martopil	mart̪opil
martutenearra	mart̪ut̪eneara
martxa	matʃa
martxara	maɾtʃaɾa
martxo	martʃo̞
martxoa	marˈtʃo
martxoan	mˈaɾtʃuan
masadera	mas̺að̞e̞ɾa
maskor	maskor
maskulinotasun	mas̺kulinot̪as̺ũn
masturbatu	mas̺t̪urβ̞at̪u
masusta	mas̺us̺t̪a
masustondo	mas̺us̺t̪õ̞n̪d̪o̞
matahami	matahmi
matarrasa	mat̪aˈɾas̻a
mataza	matasˈa
matematikari	mat̪ɪːmaːt̪iːkaːri
matematikoari	matematikohaɾi
materia	mãt̪eɾja
material	materjal
materiala	mataɾiala
matraka	mat̪ɾak
matriarkatu	matsiʝaɾkat̪u
matrikulatu	matrekulatu
matrikulazio	matrikulasio
matrize	matɾise
matxarda	mat̪ɣ̞saɾð̞a
matxinada	matʃinað̞a
matxinada	mat̪s̻iɲad̪a
matxinatu	matʃinat̪u
matxino	matʃino
mauka	mau̯ka
mauka-mauka	mau̯kamauka
maule	maul
mauser	mau̯s̺e̞r
mayte	mai̯t̪e
mazedonia	maseð̞oɲiã
mazedoniera	mas̺eð̞onieɾa
mazedoniera	mas̻eð̞onieɾa
mazopa	masopa
mea	me̞a
mea	me̞j
meatze	me̞ats̻e̞
medeapen	med̪elapẽn̪
mediku	meɾiku
mehatxatu	meatʃat̪u
mehatxatu	mehatʃat̪u
mehatxu	meatʃu
mehatxu	mehatʃu
mehe	me̞
mehe	me̞ɦe̞
mekanikari	mʲekanʲikaɾi
mekaniko	mɛkaniko
mekanikoak	mɛkanikoak
mela-mela	melamela
melatu	melatum
memoria	memoɾia
men	mˈɪn
mendate	mendate
mendate	mẽ̞n̪d̪at̪e̞
mendate	β̞ẽn̪d̪at̪e
mende	mende
mendebal	mẽn̪d̪eβ̞al
mendebal	mẽ̞n̪d̪e̞β̞al
mendebalde	ment̪ebalð̞e
mendekoste	mẽn̪t̪ekos̺t̪e
mendekotasun	mend̪e̞kot̪as̺on
mendekotasun	mend̪e̞kot̪as̺un
menderakuntza	mẽn̪d̪eɾakunt̪z̺a
menderatzen	mẽn̪t̪eɾat̪z̻ẽn
mendetasun	mend̪et̪as̺o̞n
mendi	mẽ̞n̪d̪i
mendieta	mend̪jet̪a
mendiguren	mẽn̪d̪iɣ̞uɾẽn
mendikate	mendikat̪e
mendiola	mẽn̪d̪iola
mendixka	mẽn̪d̪jska
mendizabal	mẽn̪d̪is̺abal
mendoza	mẽn̪d̪os̺a
mendoza	mẽn̪d̪os̻a
menpeko	menteko
menperatu	mempeɾatʊ
ments	ment
mentsula	mentʃula
mera	mɛɾa
merdekatu	meɾdekatu
merezidun	meɾes̻id̪wn
merienda	meɾiemda
merkatari	me̞rkat̪aɾi
merkatu	me̞rkat̪u
merkatua	mɛrkatua
merke	merka
merkurioa	mɛɾkuɾioa
merlenka	merlẽn̟θa
mertxika	me̞rtʃika
mertxikondo	mertʃikõn̪d̪o
mesanotxe	mesanotʃe
mesede	me̞s̺e̞ð̞e̞
mesede	meθeð̞e
mesedez	mes̺eð̞es̺
mesedez	mes̺eð̞es̻
meskita	meskita
mespretxatu	mespɾet̪ʃat̪u
metabolismo	metaβ̞olizmo
metaketa	metake̞t̪a
metal	metal
metatu	metatum
meteorologo	meteorolɔgo
metodiko	metodiko
metro-geltoki	metrogeltoke
mexiko	mɛʃiko
meza	mes̺a
meza	mes̻a
mezkita	mezkita
mezu	me̞s̻u
mezulari	mes̺ulaɾi
mezulari	mes̻ulaɾi
mezularitza	me̞s̻ulaɾits̻a
miarritze	miarits̻e
miatu	mjatu
miazkatu	mias̺kat̪w
mielga	mjˈelga
mihura	mjuɾa
mika	mika
mikaztu	mikast̪u
mikel	mikel
mikel	mikːel
mikra	mikro
mikrobiologia	mikrobioloɣia
mikrofono	mikrofonˈo
mikroskopio	mikroskopio
mila	mjˈʝa
milagro	milaɣro
milaka	milaka
milesker	mile̞s̺ke̞r
milesker	miʎe̞s̺ke̞r
miletoko	miletoko
miliar	miliãɾ
milurteko	mʲisiurt̪e̞ko
mimatu	imatu
mimo	limo
min	mi
min	mjˈe
min	mĩn
mina	mina
mina	miɲa
mina	mjnʝa
minatu	minat̪u
minbizi	mĩmbis̺i
minbizi	mĩmbis̻i
minbizidun	mĩmbis̺ið̞ũn
minbizidun	mĩmbis̻ið̞ũn
minda	mjˈɛnda
mindu	mintu
mindu	mĩn̪d̪u
minduko	mʲindukːo
mineralogia	mjneɾologia
minimalista	minimalista
minkun	minkw˧n˥
mintzatu	mĩnts̻at̪u
mintzatzera	mintzats̻eɾa
mintzen	mintsen
mintzo	mintso
minutu	minuto
minutu	mĩɲutu
miragarri	miɾaɣ̞ari
miragarriki	miɾaɣ̞ariki
mirandaola	miɾanð̞ola
mirari	mjɾaɾi
miratze	miɾate
miren	mirin
miren	miɾẽn
miretsi	miɾetʃi
miretsi	miɾe̞ts̺i
miristika	miɾist̪ika
mirotz	miɾotsʃ
miru	ˈiɾu
misal	misˈal
misantropo	mis̺ãn̪t̪ropo
misantropok	mis̺ãn̪t̪ropok
misantropotzat	mis̺ãn̪t̪ropots̻at̪
misil	mis̺il
mist	mʲist
mitiko	mit̪iko
mito	mit̪o̞
mitosi	mitozi
mitraismo	mitraizmo
mitxeleta	mits̺elẽt̪a
mitxeleta	mjt̪ʃʲelẽt̪a
mizkin	miskin
mizkinkeria	mis̺kĩːn̪keɾia
mizpira	mispiɾa
mizpira	mis̺piɾa
mizpira	mis̻piɾa
mizpirondo	mis̻piɾõ̞n̪d̪o̞
mizto	misto
modu	mo̞ð̞u
moka	loka
mokadu	mokað̞um
mokor	mokˈoɾ
mokozuri	mokosːuɾi
molartasun	molaɦt̪as̺um
moldaketa	mol̪d̪aketa
moldatutako	mol̪d̪at̪utako
moldavia	mol̪d̪aβ̞ia
moldavian	mo̞l̪d̪aβ̞iãn
molde	molde
molestatu	molest̪ãt̪u
molibdenoa	molipd̪enõã
momentu	momento
momia	momia
monakoar	monakoˈaɾ
monarka	monarka
monastegi	monasˈtˈegi
mongolia	moŋgolia
mongoliar	moŋgoliar
mongoliera	mõ̞ŋgo̞lie̞ɾa
monitore	mo̞nit̪o̞ɾe̞
monokliniko	monokliliko
moral	moɾaɾ
more	move
morea	mˈoɾˈea
morga	murga
morkots	morˈkotʃ
mosela	mosela
mosketari	mos̺ket̪aɾi
mota	mo̞t̪a
motel	mot̪el
motots	motoːtsʃ
motozikleta	mot̪os̺iklet̪a
motozikleta	mot̪os̻iklet̪a
motxaile	mokʃaʎe
motxin	mot̪xĩn
motz	mo̞ts̻
moxa	moːʃa
mozal	mosˈal
mozketa	mˌosketˈa
mozkor	mos̺kor
mozkor	mos̻kor
mozkortu	mˈoskoˈɾtˈu
mozkote	mˌoskotˈes
mozolokeria	mosolokeɾia
mozorro	mosoɾɾo
mozorro	mos̺oro
mozorro	mos̻oro
mozten	mos̺t̪eŋ
moztu	mo̞s̻t̪u
moztu	mˈostu
moztuko	mˌostuko
mufloi	mufloj
muga	muɣ̞a
muga	mˈuɾa
mugan	muɣ̞ãn
mugape	mˈuɣapˈe
mugarik	mulaːrik
mugarri	muɣ̞ari
mugi	mo˥˩ːgiː˧
mugida	moɣ̞ið̞a
mugikortasun	muɣ̞ikhoɾt̪as̺un
mugimendu	muɣ̞imẽn̪d̪u
mugitu	mugito
mugitu	muɣ̞it̪u
mugurdi	muɣ̞urð̞i
muin	moin
muino	mui̯no̞
muino	mui̯ɲo̞
mukuru	mukkuɾu
multzo	mults̻o
mundaka	mũn̪d̪aka
mundrun	munt̪ɾun
mundu	mũn̪d̪u
mundua	mumduːa
mungiarra	mungiaɾð̞a
muniain	monjajn
munta	multa
mur	mur
murrizteko	morris̻t̪e̞ko
murriztu	mˌuɾɾistˈu
murtxikatu	murtʃikat̪u
murtxikatzaile	murt̪ʃikats̻aʎe
murumendi	muɾumendi
museo	museo
musika	musika
musikaren	musikaɾen
musikaria	musikaɾia
musker	mus̺ker
muskertu	mus̺kert̪u
mustatxa	mˌustatʃˈa
musu	musu
musua	musua
musukatzen	mus̺uːkat̪s̻ẽn
mutazio	mut̪akjo
mutiko	mut̪iko
mutil	mut̪il
mutriku	mˈutriku
muturreko	mutuɾɾe̞ko
mutxi	mutsi
muxika	muzika
muxika	muʃika
muxikondo	musikõn̪d̪o
muzin	mˌuʃiŋ
naba	naβ̞a
nabar	naβ̞ar
nabardura	naβ̞ɾð̞uɾa
nabaritu	naβ̞aɾit̪u
nabarmendu	nabaɾmẽn̪d̪um
nabarmenkeria	nabaɾmenkeɾja
nabarmenki	nabaɾmenkia
nabarreria	naβ̞arɾeɾiã
nabe	naβ̞e
nabigatu	nabigɑtu
nabigatzaile	naβ̞iɣ̞at̪s̺ai̯e
nabil	naβ̞il
nabil	naβ̞jʝ
nabilen	naβ̞ilẽn
nabilen	naβ̞iʎẽn
nabilke	naβ̞ilke
nadila	nað̞ila
nadila	nað̞iʎa
nadin	nað̞ĩn
nadir	nað̞jɾ
nafarroa	nafaroa
nafartar	nafartaj
nagi	naɣi
nago	naɣˈo
nago	naɣ̞o
nagoen	naɣ̞oẽn
nagoke	naɣ̞oke
nagusi	naɣ̞usi
nagusi	naɣ̞us̺i
nagusia	naɣ̞ussia
nahasi	nahas̺i
nahasi	nas̺i
nahi	nahi
nahikari	naikaɾi
nahikeria	naikeɾia
nahiko	nahiko
nahiko	nai̯ko
nahikoa	nahikoa
nahikoa	nai̯koa
nahimen	nai̯mẽn
nahita	nahit̪a
nahita	nai̯t̪a
nahitaez	mai̯t̪aes
naiteke	nai̯t̪eke
naitekek	nai̯t̪ekek
naiteken	nai̯t̪ekẽn
naiz	nai̯s̺
naiz	nai̯s̻
naizateke	nai̯s̺at̪eke
naizateke	nai̯s̻at̪eke
nakar	nakar
nakie	nakie
nakusa	nakusa
nano	nano̞
naparroa	napaɾɾo
napoleoniko	napleoniko
nara	naɾa
nare	naɾe̞
nare	nˈaɾe
narkolepsia	narkolepsia
naroki	nˈaɾokˈi
narratiba	narrat̪iβa
narriadura	naɾiãd̪uɾa
narritagarri	naɾɾjt̪aɣ̞aɾɾj
narru	narw
nasa	nas̺a
nasai	nas̺ai̯
naski	nas̺ki
natibitate	nat̪ebit̪at̪e
nator	nat̪or
natorke	nat̪orke
natorkie	natʊɾkie
natorkio	natʊɾkio
natorkio	nat̪orkio
natorkioke	nat̪orkioke
natorkion	nat̪orkiõn
natorren	nat̪orẽn
natorren	nat̪orẽn̪
natura	nat̪uɾa
naturalista	nat̪uɾalist̪a
natxekie	natʃekie
natxekik	natʃekik
natxekin	natʃekĩn
natxekio	natʃekio
natxekizu	natʃekis̺u
natxekizu	natʃekis̻u
natxekizue	natʃekis̺ue
natxekizue	natʃekis̻ue
natza	nats̻a
nau	nau̯
nauk	nau̯k
nauka	nau̯ka
naukak	nau̯kak
naukan	nau̯kãn
naukate	nau̯kat̪e
naukazu	nau̯kas̺u
naukazu	nau̯kas̻u
naukazue	nau̯kas̺ue
naukazue	nau̯kas̻ue
nauke	nau̯ke
naukek	nau̯kek
nauken	nau̯kẽn
naukete	nau̯ket̪e
naukezu	nau̯kes̺u
naukezu	nau̯kes̻u
naukezue	nau̯kes̺ue
naukezue	nau̯kes̻ue
naun	nãũ̯n
naute	nau̯t̪e
nautika	nˈaʊtika
nauzu	nau̯s̻u
nauzue	nau̯s̻ue̞
nazaala	nas̺aala
nazaala	nas̻aala
nazaan	nas̺aãn
nazaan	nas̻aãn
nazagu	nas̻aɣ̞u
nazaguk	nas̻aɣ̞uk
nazagun	nas̻aɣ̞ũn
nazagute	nas̻aɣ̞ut̪e̞
nazaguzu	nas̻aɣ̞us̻u
nazaguzue	nas̻aɣ̞us̻ue̞
nazak	nas̺ak
nazak	nas̻ak
nazake	nas̺ake
nazake	nas̻ake
nazakek	nas̺akek
nazakek	nas̻akek
nazaken	nas̺akẽn
nazaken	nas̻akẽn
nazakete	nas̺aket̪e
nazakete	nas̻aket̪e
nazakezu	nas̺akes̺u
nazakezu	nas̻akes̻u
nazakezue	nas̺akes̺ue
nazakezue	nas̻akes̻ue
nazala	nas̺ala
nazala	nas̻ala
nazan	nas̺ãn
nazan	nas̻ãn
nazanala	nas̺anala
nazanala	nas̻anala
nazanan	nas̺anãn
nazanan	nas̻anãn
nazatela	nas̺at̪ela
nazatela	nas̻at̪ela
nazaten	nas̺at̪ẽn
nazaten	nas̻at̪ẽn
nazazu	nas̺as̺u
nazazu	nas̻as̻u
nazazue	nas̺as̺ue
nazazue	nas̻as̻ue
nazazuela	nas̺as̺uela
nazazuela	nas̻as̻uela
nazazuen	nas̺as̺uẽn
nazazuen	nas̻as̻uẽn
nazazula	nas̺as̺ula
nazazula	nas̻as̻ula
nazazun	nas̺as̺ũn
nazazun	nas̻as̻ũn
nazio	nasio
nazioarteko	nas̺ioart̪eko
nazioarteko	nas̻ioart̪eko
nazkatu	nas̺kat̪u
nazkatu	nas̻kat̪u
neba	neva
neba	ne̞β̞a
neborde	nebˈoɾðe
nederlandera	ne̞ð̞e̞rlãn̪d̪e̞ɾa
negarti	neɣaɾt̪i
negien	neɣ̞iẽn
negike	neɣ̞ike
negitzake	neɣ̞its̻ake
negitzan	neɣ̞its̻ãn
negu	neɣ̞u
negu-kirol	negukirol
negua	neʁˈuːa
negualde	neɣ̞ualð̞eɾ
neguero	neɣ̞ueɾo
neguil	ne̞ɣ̞ui̯l
nehon	neõn
nekane	nˈelˈkˈame
nekarren	mekareɲ
nekatu	ne̞kat̪u
nekatuta	ne̞kætuːta
neke	nekɛ
nekien	ne̞kiẽ̞n
nekike	ne̞kike̞
nekizke	ne̞kis̻ke̞
nekizkien	ne̞kis̻kiẽ̞n
nekosta	nekost̪a
nekusan	ne̞kus̺ãn
nekusazke	ne̞kus̺as̻ke̞
nekuske	ne̞kus̺ke̞
nekuskien	ne̞kus̺kiẽ̞n
nenbilen	nenbiʝen
nenbilen	nẽmbilẽn
nenbilen	nẽmbiʎẽn
nenbilke	nẽmbilke
nenbilkeen	nẽmbilkeẽn
nendila	nẽn̪d̪ila
nendila	nẽn̪d̪iʎa
nendin	nẽn̪d̪ĩn
nengoen	neŋgoẽn
nengoke	neŋgoke
nengokeen	neŋgokeẽn
nenkien	nẽ̞ŋkiẽ̞n
nenkion	nẽ̞ŋkiõ̞n
nentorke	nẽn̪t̪orke
nentorkeen	nẽn̪t̪orkeẽn
nentorkian	nent̪t̪orkiãn̪
nentorkien	nenturkien
nentorkioke	nẽn̪t̪orkioke
nentorkiokeen	nẽn̪t̪orkiokeẽn
nentorkion	nentʊɾkion
nentorkion	nẽn̪t̪orkiõn
nentorkizuen	ne̞ntʊɾkis̻uẽ̞n
nentorren	nẽn̪t̪orẽn
nentxekiake	nẽnʲtʃekiake
nentxekian	nẽnʲtʃekiãn
nentxekieke	nẽnʲtʃekieke
nentxekien	nẽnʲtʃekiẽn
nentxekinake	nẽnʲtʃekinake
nentxekinake	nẽnʲtʃekiɲake
nentxekinan	nẽnʲtʃekinãn
nentxekinan	nẽnʲtʃekiɲãn
nentxekioke	nẽnʲtʃekioke
nentxekion	nẽnʲtʃekiõn
nentxekizueke	nẽnʲtʃekis̺ueke
nentxekizueke	nẽnʲtʃekis̻ueke
nentxekizuen	nẽnʲtʃekis̺uẽn
nentxekizuen	nẽnʲtʃekis̻uẽn
nentxekizuke	nẽnʲtʃekis̺uke
nentxekizuke	nẽnʲtʃekis̻uke
nentxekizun	nẽnʲtʃekis̺ũn
nentxekizun	nẽnʲtʃekis̻ũn
nentzake	nẽnts̻ake
nentzan	nẽnts̻ãn
nentzuen	nẽ̞nts̻uẽ̞n
nentzuke	nẽ̞nts̻uke̞
nentzuzke	nẽ̞nts̻us̻ke̞
nentzuzkien	nẽ̞nts̻us̻kiẽ̞n
nenufar	nenufar
neolito	neolitʊ
neon	ne̞õ̞n
nerabe	neɾaβ̞e
nerabezaroan	ne̞ɾabes̻ɾaɾoan
nerakuske	ne̞ɾakus̺ke̞
nerakuskien	ne̞ɾakus̺kiẽ̞n
nerakutsan	ne̞ɾakuts̺ãn
nerakutsazke	ne̞ɾakuts̺as̻ke̞
nere	neɾe
neroake	ne̞ɾo̞ake̞
neroan	ne̞ɾo̞ãn
neroatzan	ne̞ɾo̞ats̻ãn
neroazke	neɾoas̺ke
neroazke	neɾoas̻ke
nescatxa	neskatʃa
neska	ne̞s̺ka
neskatila	ne̞s̺kat̪ila
neskatila	ne̞s̺kat̪iʎa
neskatxa	neskatʃa
neskenegun	neskẽnẽɣ̞un
neskenegun	ne̞s̺ke̞ne̞ɣ̞ũn
netiketa	netikɛta
neto	metˈo
neu	ne̞u̯
neu	nɛu
neuk	ne̞u̯k
neukake	neu̯kake
neukan	neukˈan
neukan	neu̯kãn
neure	ne̞u̯ɾe̞
neurekin	ne̞u̯ɾe̞kĩn
neurgai	meuɾˈgai
neurgaitz	neurgajtsʰ
neurgarri	neuɾgari
neuri	ne̞u̯ɾi
neurketa	ne̞uɾke̞t̪a
neurketa	ne̞u̯rketa
neurologia	ne̞u̯ɾo̞lo̞ɣ̞ia
neurozientzia	neu̯ɾos̺iẽnts̻ia
neurozientzia	neu̯ɾos̻iẽnts̻ia
neurri	ne̞u̯ri
neurriak	ne̞wriak
neurrian	neurian
neurriaren	ne̞uɾiaɾen
neurriko	neuriko
neurtu	neu̯rt̪u
neurtu	ne̞w̃ɾt̪u
neuzkake	neu̯s̺kake
neuzkake	neu̯s̻kake
neuzkan	neu̯s̺kãn
neuzkan	neu̯s̻kãn
neuzkan	nˈeˌuskˈan
nezaguen	ne̞s̻aɣ̞uẽ̞n
nezaguke	ne̞s̻aɣ̞uke̞
nezaguzke	ne̞s̻aɣ̞us̻ke̞
nezaguzkien	ne̞s̻aɣ̞us̻kiẽ̞n
nezake	nes̺ake
nezake	nes̻ake
nezakeen	nes̺akeẽn
nezakeen	nes̻akeẽn
nezala	nes̺ala
nezala	nes̻ala
nezan	nes̺ãn
nezan	nes̻ãn
ni	ni
ni	nˈe
nibel	nˈibˌe
nidoakian	nˈinðoakian
nigan	niɣ̞ãn
niharduen	niarð̞uẽ̞n
niharduen	niɦarð̞uẽ̞n
nihardukake	niarð̞ukake̞
nihardukake	niɦarð̞ukake̞
nihardukan	niarð̞ukãn
nihardukan	niɦarð̞ukãn
niharduke	niarð̞uke̞
niharduke	niɦarð̞uke̞
nik	nik
nik	nikː
nikela	niːkeˈla
ninderamazuen	ninð̞eɾamas̻uẽ̞n
ninderraioke	ninð̞erãĩ̯oke
nindezaguan	nĩn̪d̪e̞s̻aɣ̞uãn
nindezaguen	nĩn̪d̪e̞s̻aɣ̞uẽ̞n
nindezaguke	nĩn̪d̪e̞s̻aɣ̞uke̞
nindezaguke	nĩŋd̪es̻aɣ̞oke
nindezagukek	nĩn̪d̪e̞s̻aɣ̞uke̞k
nindezaguken	nĩn̪d̪e̞s̻aɣ̞ukẽ̞n
nindezagukete	nĩn̪d̪e̞s̻aɣ̞uke̞t̪e̞
nindezagukezu	nĩn̪d̪e̞s̻aɣ̞uke̞s̻u
nindezagukezue	nĩn̪d̪e̞s̻aɣ̞uke̞s̻ue̞
nindezagunan	nĩn̪d̪e̞s̻aɣ̞unãn
nindezaguten	nĩn̪d̪e̞s̻aɣ̞ut̪ẽ̞n
nindezaguzuen	nĩn̪d̪e̞s̻aɣ̞us̻uẽ̞n
nindezaguzun	nĩn̪d̪e̞s̻aɣ̞us̻ũn
nindoake	nĩn̪d̪oake
nindoakeen	nĩn̪d̪oakeẽn
nindoakizuen	nimdoakis̺uẽ̞n
nindoan	nĩn̪d̪oãn
ninduan	nĩn̪d̪uãn
ninduen	nĩn̪d̪uẽ̞n
nindukaan	nĩn̪d̪ukaãn
nindukake	nĩn̪d̪ukake
nindukakek	nĩn̪d̪ukakek
nindukaken	nĩn̪d̪ukakẽn
nindukakete	nĩn̪d̪ukaket̪e
nindukakezu	nĩn̪d̪ukakes̺u
nindukakezu	nĩn̪d̪ukakes̻u
nindukakezue	nĩn̪d̪ukakes̺ue
nindukakezue	nĩn̪d̪ukakes̻ue
nindukan	nĩn̪d̪ukãn
nindukanan	nĩn̪d̪ukanãn
nindukaten	nĩn̪d̪ukat̪ẽn
nindukazuen	nĩn̪d̪ukas̺uẽn
nindukazuen	nĩn̪d̪ukas̻uẽn
nindukazun	nĩn̪d̪ukas̺ũn
nindukazun	nĩn̪d̪ukas̻ũn
ninduke	nĩn̪d̪uke
nindukean	nĩn̪d̪ukeãn
nindukeen	nĩn̪d̪ukeẽn
nindukek	nĩn̪d̪ukek
ninduken	nĩn̪d̪ukẽn
nindukenan	nĩn̪d̪ukenãn
nindukete	nĩn̪d̪uket̪e
ninduketen	nĩn̪d̪uket̪ẽn
nindukezu	nĩn̪d̪ukes̺u
nindukezu	nĩn̪d̪ukes̻u
nindukezue	nĩn̪d̪ukes̺ue
nindukezue	nĩn̪d̪ukes̻ue
nindukezuen	nĩn̪d̪ukes̺uẽn
nindukezuen	nĩn̪d̪ukes̻uẽn
nindukezun	nĩn̪d̪ukes̺ũn
nindukezun	nĩn̪d̪ukes̻ũn
nindunan	nĩn̪d̪unãn
ninduten	nĩn̪d̪ut̪ẽ̞n
ninduzuen	nĩn̪d̪us̻uẽ̞n
ninduzun	nĩn̪d̪us̻ũn
ninfa	n˩˩˦emfa
ninteke	nĩn̪t̪eke
nintekean	nĩn̪t̪ekeãn
nintekeen	nĩn̪t̪ekeẽn
nintekek	nĩn̪t̪ekek
ninteken	nĩn̪t̪ekẽn
nintekenan	nĩn̪t̪ekenãn
nintzaala	nĩnts̻aala
nintzaan	nĩnts̻aãn
nintzake	nĩnts̻ake
nintzakean	nĩnts̻akeãn
nintzakeen	nĩnts̻akeẽn
nintzakek	nĩnts̻akek
nintzaken	nĩnts̻akẽn
nintzakenan	nĩnts̻akenãn
nintzakete	nĩnts̻aket̪e
nintzaketen	nĩnts̻aket̪ẽn
nintzakezu	nĩnts̻akes̺u
nintzakezu	nĩnts̻akes̻u
nintzakezue	nĩnts̻akes̺ue
nintzakezue	nĩnts̻akes̻ue
nintzakezuen	nĩnts̻akes̺uẽn
nintzakezuen	nĩnts̻akes̻uẽn
nintzakezun	nĩnts̻akes̺ũn
nintzakezun	nĩnts̻akes̻ũn
nintzala	nĩnts̻ala
nintzan	nĩnts̻ãn
nintzanala	nĩnts̻anala
nintzanan	nĩnts̻anãn
nintzateke	miŋtsateke
nintzateke	nĩnts̻at̪eke
nintzatekeen	nĩnts̻at̪ekeẽn
nintzatela	nĩnts̻at̪ela
nintzaten	nĩnts̻at̪ẽn
nintzazuela	nĩnts̻as̺uela
nintzazuela	nĩnts̻as̻uela
nintzazuen	nĩnts̻as̺uẽn
nintzazuen	nĩnts̻as̻uẽn
nintzazula	nĩnts̻as̺ula
nintzazula	nĩnts̻as̻ula
nintzazun	nĩnts̻as̺ũn
nintzazun	nĩnts̻as̻ũn
nintzen	nĩnts̻ẽn
nirauen	niɾau̯ẽ̞n
nirauke	niɾau̯ke̞
nire	neɾe
nire	niɾe̞
nirea	ni˩˥ːreː˧a˥˧
niregan	niɾe̞ɣ̞ãn
nirudien	niɾuð̞iẽ̞n
nirudike	niɾuð̞ike̞
nitan	nit̪ãn
nitrogeno	nit̪ro̞xe̞no̞
nituen	nit̪uẽ̞n
nituzke	nit̪us̺ke
nituzke	nit̪us̻ke
nituzkeen	nit̪us̺keẽn
nituzkeen	nit̪us̻keẽn
nitzake	nits̻ake
nitzakeen	nits̻akeẽn
nitzala	nits̻ala
nitzan	nits̻ãn
noa	noa
noa	nˈoːa
noake	noake
noakie	nˈoˈaɪkˈi
noakin	noakim
noakio	nˈoakiˌo
noan	noãn
noan	nwãn
nogat	noɣ̞at̪
noiz	noi̯s̺
noiz	noi̯s̻
noiz	nõis
noizarte	noi̯s̺art̪e
noizarte	noi̯s̻art̪e
noizdaino	noi̯z̺ð̞aɲo
noizdaino	noi̯z̻ð̞ai̯no
noizdaino	noi̯z̻ð̞aɲo
noizko	noi̯s̺ko
noizko	noi̯s̻ko
noiztsu	noi̯s̺ts̻u
noiztsu	noi̯s̻ts̺u
nola	no̞la
nola	nwla
nola?	nola
nolabait	nolaβ̞ajt̪
nolabaiteko	nolagai̯t̪e̞ko
nolako	nolako
nolako	nˈolˈakˈo
nolakoa?	nolakoa
nolakotasun	nolakot̪as̺ũn
nolakotsu	nolakots̺u
nolakotsu	nolakots̻u
nolanahi	nolanai
non	nõn
non	nˈoːn
nonbait	nunbai̯t
nongo?	nõŋgo
nongoa	nõŋgɔa
nor	nor
nora	noɾa
nora?	nˈoɾa
norabait	noɾaβ̞aiɣ̞
norabait	noɾaβ̞ajɣ̞
norabide	noɾabide
noraez	noɾael
noraino	noɾaɲo
noranahi	noɾanai
norantzen	noɾans̺ẽn
norbait	no̞rβ̞ai̯t̪
norbanako	nˈoɾanˈaˈkˈo
norbereganatu	norebeɾeganat̪u
norekin?	noɾekin
norena?	noɾena
norgehiagoka	norɣ̞eiagoka
norgehiagoka	noɾɣ̞eiaɣ̞oka
nori	noɾi
nori?	nori
norinahi	noɾinai
nork	nork
normala	noɾmala
normala	noɾmalˈa
normaltasun	noɾmalt̪assum
nortasun	no̞ɾt̪asũn
nortu	nˈoɾtu
nortzuk	norts̻uk
norvegia	norelia
norvegia	norβ̞eɣ̞ia
norvegiera	norβ̞eɣ̞ieɾa
noski	noski
notario	not̪aɾiõ
nozitu	nˈositˈu
nu	nu
nuen	nuẽn
nuen	nwˈe̞n
nuke	nuke
nukeen	nukeẽn
nukleotido	nˈukleotˈiðo
ñabardura	njabãɾð̞wɾa
o	o̞
oasi	oas̺i
objektu	o̞β̞je̞kt̪u
obra	obra
odol	oð̞ol
odolbildu	oð̞oɾβ̞jld̪u
odoleztatu	oð̞olest̪at̪u
odoltsu	oð̞olts̺u
odoltsu	oð̞olts̻u
odoluste	oð̞oluʃt̪e
odolustu	od̪o̞lust̪u
odolustu	oð̞olus̺t̪u
odolzale	oð̞ols̺ale
odolzale	oð̞ols̻ale
ofizio	ofizio
ofizio	ofiʃio
ogale	oɣ̞ale
ogasun	oɣ̞as̺ũn
ogerleko	oɣ̞erleko
ogi	ogʲi
ogi	oɣ̞i
ogia	oia
ogitarteko	oɣ̞it̪art̪eko
ogro	oɣ̞ro
oharkabeko	oaɾkaβ̞e̞ko
oharpen	oarpen
ohe	o̞e̞
ohe	o̞ɦe̞
oheratu	o̞e̞ɾat̪u
oheratu	o̞ɦe̞ɾat̪u
ohitura	oi̯t̪uɾa
ohoin	ohõĩ̯n
ohoin	õĩ̯n
ohore	ohoɾe
ohore	oɾe
oi	oɪ
oihal	oial
oihana	oiana
oihu	oju
oilakaran	ˈoiakaɾˈan
oilartu	o̞i̯lart̪u
oilartu	o̞ʎart̪u
oilasko	oi̯las̺ko
oilasko	oʎasko
oilasko	oʎas̺ko
oilaur	o̞i̯lau̯r
oilaur	o̞ʎau̯r
oilo	o̞i̯lo̞
oilo	o̞ʎo̞
oin	õĩ̯n
oina	ojɲa
oinarri	oi̯nari
oinarri	oɲari
oinarri	oɲaɾɾi
oinarritu	oɲaɾɾito
oinbular	oĩŋβulaɾ
oinetako	o̞i̯ne̞t̪ako̞
oinetako	o̞ɲe̞t̪ako̞
oinezko	oi̯nes̻ko
oinezko	oɲes̺ko
oinezko	oɲes̻ko
oinordetza	oiɲoɾd̪e̞t̪s̺a
oinplano	ojmplanɔ
oinutsik	ojnutʃik
oiz	ojs
oka	o̞ka
okela	okela
oker	oke
okertu	okeltu
okertu	okɛrtu
okil	okie
okin	okĩn
okina	okˈiŋa
okindegi	okĩn̪d̪eɣ̞i
okindegia	okĩŋd̪eɣ̞wia
oktogono	oktogonõː
oktogono	oɣ̞t̪oɣ̞õnõː
okzitaniera	oks̺it̪anieɾa
okzitaniera	oks̻it̪anieɾa
ola	pola
olabarri	olãβ̞ari
olagarro	olaɣ̞aro
olano	olano
olarte	olart̪e
olatu	olatɔ
oldartsu	olðaɾt̪s̺u
oldartu	ald̪aɾt̪u
oleaga	oleˈagɑ
olentzero	olentseɾo
olerkari	olerkaɾi
olerkaritza	olerkaɾits̻a
olerki	olerki
olerkigintza	olerkiɣ̞ĩnts̻a
oles	olest
oliatu	oljatu
olibondo	olibonðo
olibondo	o̞liβ̞õ̞n̪d̪o̞
oligozeno	oligoseno
olioa	olio
olo	olo
omaso	omasso
omen	omẽn
omonier	omonier
on	pon
on	õ̞n
on	ɔ̃n
onanista	onanist̪a
onarkizun	onarkisdum
onartu	onart̪u
onbehar	ombeaɾ
onbideratu	onbid̪e̞ɾat̪u
ondare	oŋd̪aɾe
ondarroa	õn̪d̪aroa
ondarroa	õn̪d̪aɾɾua
ondasun	onð̞azsum
ondasunen	konð̞as̺unẽn
onddo	õɲɟo
onddoketari	õɲɟoket̪aɾi
ondo	õn̪d̪o
ondobide	õn̪d̪oβ̞jð̞e
ondoegi	õn̪d̪oeɣ̞i
ondoen	õn̪d̪oẽn
ondoratu	ond̪oɾat̪o
ondoren	õ̞n̪d̪o̞ɾẽ̞n
ondorio	õn̪d̪oɾio
ondorioetan	anð̞oɾioːeːt̪an
onekoa	onikoa
onenei	onenei
onespen	onezpen
onetsi	oˈneːtʃi
ongailu	ungailũ
ongarri	ũŋgaɾɾj
ongi	oŋgi
ongiegi	oŋgieɣ̞i
ongietorri	onɣ̞iet̪orɾjn
ongietorri	oŋgiet̪ori
ongizate	oŋgis̺at̪e
ongizate	oŋgis̻at̪e
onil	o̞nil
oniromantzia	oniromantsia
onkai	onkaj
onomatopeia	onomatʊpeia
ontologia	ontoloɣ̞ja
ontzi	ontsi
ontzi	õnts̻i
onuragarri	onuɾagari
onuren	onuɾen
opa	opa
opagai	opaɣ̞ai̯
opagarri	o̞paɣ̞ari
opaka	o̞paka
opakizun	o̞pakis̻ũn
opako	ofako
opaku	o̞paku
opaldu	opal̪d̪u
opalo	o̞palo̞
opari	opaɾi
oparigai	opaɾiɣ̞ai̯
oparitu	opaɾit̪u
oparo	opaɾo
oparoaldi	opaɾoal̪d̪i
oparotasun	opaɾot̪as̺ũn
oparotsu	opaɾots̺u
oparotsu	opaɾots̻u
oparri	opari
opatu	o̞pat̪u
ope	ope
opera	opeɾa
operadore	opeɾað̞oɾe
operatibo	opeɾat̪iβ̞o
operatu	opeɾat̪u
operatzaile	opeɾats̻ai̯le
operatzaile	opeɾats̻aʎe
operazio	opeɾas̺io
operazio	opeɾas̻io
opereta	opeɾet̪a
operkulu	operkulu
opetsi	opets̺i
opetsi	opets̻i
opil	opi
opil	opil
opilgintza	opilgɲtsa
oporrak	opoɾɾak
optikoetan	optiko̞et̪an
or	o̞r
orain	orai
oraindik	β̞orajnð̞ik
oraindino	oɾajnð̞jnʝo
oraingotasun	o̞ɾãĩ̯nɣ̞ot̪as̺um
oratu	oɾatʊ
oratu	o̞ɾat̪u
orbain	orvain
orban	osbãn
orbeldu	orbeldu
orbital	bõɾbital
orburu	aɾbwɾu
ordaindu	ord̪aĩn̪d̪u
ordaindu	oɾd̪aĩn̪d̪u
orde	oɾde
ordenagailu	orð̞enaɣ̞ai̯lu
ordenagailu	orð̞enaɣ̞aʎu
ordenamendu	oɾð̞e̞namẽnd̪u
ordenatu	o̞rð̞e̞nat̪u
ordezkatu	oɾð̞eskat̪u
ordoki	poɾð̞oki
ordots	o̞rð̞o̞ts̺
ordua	ordua
ordubete	hoɾd̪uβ̞e̞t̪e
orduetan	ord̪ue̞t̪aːm
ordulari	oɾð̞ulaɾiõ
orea	oɾea
orein	o̞ɾẽ̞ĩ̯n
oreinki	orinki
oreka	o̞ɾe̞ka
orendain	oɾẽn̪d̪ãĩ̯n
oretsu	oɾetʃu
orezta	oresta
orga	poɾɣ̞a
organiko	oɾβ̞aniko
ori	oɾi
oria	oɾia
oriako	oɾiako
original	oɾið̞inal
orin	oɾiŋ
oriotarra	oɾiotara
orkestra	oɾkest̪ɾa
orkoro	poɾkoro
orlegi	o̞rle̞ɣ̞i
ornitorrinko	oɾnitorinko
orno	oɾnõ
ornogabe	oɾnʊgabe
ornomuin	ornomʊiŋ
oro	oɾo
oroigarri	oɾoigari
oroitu	o̞ɾo̞i̯t̪u
oroituki	oɾoituke
oroitz	oɾoi̯ts̺
orojakile	oɾoɟakile
orok	oɾok
orokor	oɾokor
orpazurda	oɾpas̺uɾt̪a
orpoak	oɾpoɾak
orratz	o̞rats̻
orre	ore
orreaga	oreaɣ̞a
orri	o̞ri
orriak	oɾɾiak
orril	o̞ril
ortu	oɾotu
ortzadar	orts̻að̞ar
ortzegun	o̞rts̻e̞ɣ̞ũn
ortzi	o̞rts̻i
ortzirale	hoɾts̺iɾale
ortzirale	o̞rts̻iɾale̞
osaba	os̺aβ̞a
osagai	osagai
osagarri	os̺aɣ̞ari
osasun	o̞s̺as̺ũn
osatu	os̺ɐtu
osatugabe	os̺atugaɾe
oskarbi	oskaɾβ̞i
oskol	o̞s̺ko̞l
oslo	oslo
oso	os̺o
osoki	osoki
osoki	o̞s̺o̞ki
osoko	osoko
osoko	o̞s̺o̞ko̞
ospe	os̺pe
ospedun	ospeð̞ũn
ospetsu	os̺pets̺u
ospetsu	os̺pets̻u
ospitalario	ospitalaɾio
ospitalea	ospit̪alea
ostarte	ost̪aɾt̪e
ostatua	ost̪at̪ua
oste	o̞s̺t̪e̞
ostean	o̞s̺t̪e̞ãn
ostegun	as̺t̪e̞ɣ̞un
ostegun	o̞s̺t̪e̞ɣ̞ũn
osteoma	osteoma
ostera	ost̪eɾa
osterantzeko	os̺t̪e̞e̞ɾãn̪ts̻e̞ko
ostiko	ostiko
ostiral	ost̪iɾal
ostiral	o̞s̺t̪iɾal
ostiralean	ost̪iɾalean
ostruka	ostruka
ostruka	ost̪ɾuka
ostu	ostu
ostuko	ost̪uko
otabera	ot̪abela
otalur	otaloɾ
otarteko	otartɛko
otarteko	ot̪art̪eko
ote	ot̪e
oteka	ot̪eka
othia	ˈotiːˈa
otordu	ot̪orð̞u
otsail	ots̺ai̯l
otsail	ots̻ai̯l
otsein	ots̺ẽĩ̯n
otsein	ots̻ẽĩ̯n
otso	o̞ts̺o̞
otu	atu
otxabuketa	otʃaːbʊkeˈta
otxar	otʃar
otxardi	o̞tʃarð̞i
otxoa	otʃoˈaː
otxote	tʃote
oxigeno	o̞ks̺ixe̞no̞
ozpin	ospin
ozpin	os̺pĩn
ozpin	os̻pĩn
ozta	osta
oztin	o̞s̻t̪ĩn
oñati	oɲat̪i
p	pe̞
pagausoa	paɣ̞auss̺o
pago	paɣ̞o̞
pagolizar	paɣ̞oljsθaɾ
pagotxa	paɣotʃa
pailazo	pai̯laso
pairakor	pajɾakɔr
paisaia	paisaia
paita	paɪ̯t̪a
pala	pala
paldo	paldo
paleogeno	paleokeno
paleontologia	paleoŋt̪oloɣ̞ia
palestina	pales̺t̪ina
palestina	pˌalestˈina
palestinar	pales̺t̪inar
pandemia	pãn̪d̪emia
pandora	pãn̪d̪oɾa
panpakada	pampakað̞a
panparroi	pãmparo̞i̯
panpina	pampiɲa
papagai	papaɣ̞aj
papar	papar
paparreko	papareko
paper	papeɾ
paper-denda	papeɾð̞enːd̪a
paperak	papeɾak
pardel	paɾð̞ell
pare	paɾe
parekide	paɾekide
parekidetasun	paɾekid̪e̞t̪as̺um
pareo	paɾeõ
pareta	paɾet̪a
parise	paɾise
parke	paɾke
parte	paɾt̪e
partean	paɾt̪ean
partedun	paɾt̪eɾd̪wn
partitibo	paɾtjtiβo
partzela	parts̺ɛla
pasaporte	pas̺aport̪e
pasatu	pas̺at̪u
pase	pas̺e̞
paseko	pas̺eko
pasmo	paszmo
pataska	pataska
patata	pat̪at̪a
patin	pat̪im
patina	patinʲa
patriarkatu	patsʲriart̪at̪u
pattal	pacal
pattaldu	pacal̪d̪u
pattar	patʃaɾ
patux	patutʃ
patxaran	patʃaɾãn
patxaran	pat̪ɣ̞saɾan
patxiku	patʃeku
pauma	pau̯ma
pausatu	pawstsatu
pauso	pau̯s̺o̞
pausu	pau̯sũ
pazo	paso
pe	pe̞
peirahorada	pei̯ɾahoɾað̞a
peirahorada	pei̯ɾaoɾað̞a
pelikanoa	pˈɛlikanoa
pelikula	pelikula
pelikula	pelikulaɾ
pena	pena
penak	penak
penal	penˈal
penala	penala
penintsula	penintsula
penintsula	pe̞nĩnts̺ula
pentagrama	pẽ̞n̪t̪aɣ̞rama
pentsaera	pẽnts̺aeɾa
pentsaera	pẽnts̻aeɾa
pentsakor	pentʃakoɾ
pentsatu	pent̪sat̪u
pentsatu	pẽ̞nts̺at̪u
pentsatuko	pent̪sat̪uko
pentsio	pentʃio
pentzu	pentsu
perfil	perfiːl
perifrasi	peɾifɾassi
perimetriko	eɾimetriko
perlesiadun	peɾleskiað̞un
permiar	permiad
pernil	peɾmi
perpaus	perpau̯s̺
perpinyà	peɾpina
perrail	peɾɾaiɣ̞
perretxiko	peretʃiko
pertsonaia	peɾts̺onaʝa
pertsonal	perts̺onal
pertsonal	perts̻onal
pertsonal	pertʃonal
pertsonifikatu	peɾt̪s̺õn̪ifikat̪u
pertxenta	pertʃɛnta
pertz	perts
perugorria	peɾuβ̞oɾɾia
peruko	peruko
pesta	pesta
peste	pe̞s̺t̪e
petatxatu	e̞t̪at̪ʃat̪u
petri	pet̪ri
petrolio	petroliɔ
pezoi	pesoi
pika	pika
pikondo	pikõn̪d̪o
pikotxean	pikotʃɛan
piku	piku
piku	pjku
pila	pija
pila	pila
pila	piʎa
pili	pili
pilota	filota
pilotalekua	pjlotalɛkua
pilotu	ilotːu
piltxikatu	piltʃikatʊ
pinaburu	pinaβ̞uɾu
pinaburu	piɲaβ̞uɾu
pinazi	piɲaθi
pinguino	bˌiŋgwˈˌinˈo
pinochet	pʲinotʃt
pinpilinpauxa	pimpilimpauxa
pinpilinpauxa	pĩmpilĩmpau̯ʃa
pinpilinpauxa	pĩmpiʎĩmpau̯ʃa
pinto	pintɔ
pintura	pint̪wɾa
pintxo	fintʃo
pintxo	pĩnʲtʃo
pintxos	pintʃos
pinu	pinu
pinu	piɲu
piper	pipeɾ
piper	pipˈeɾ
pirata	piɾata
pirata	tiɾata
piraña	piɾanʝa
piraña	piɾaɲa
pirinioak	piɾinioak
pirinioak	piɾiniõak
pirripitaka	piripitaka
pista	pist̪a
pistatxo	pistatʃo
pisto	piʃto
pistoi	pis̺t̪oi̯
pistola	pis̺t̪ola
pisu	pis̺u
pitar	pjtaɾ
pitxi	pitsi
pitzatuko	pitsatuko
piura	pjuda
pixa	piʃa
pixka	pliʃka
pixkatxo	biʃkatʃo
piziformeak	pisifoɾmeak
pizma	pizma
piztia	pistia
piztu	pis̻t̪u
plaia	plai̯a
plakarekin	plakaɾekin
plana	plaŋa
planetako	planetako
plangintza	plãŋgĩnts̻a
plano	plano
planoa	planoa
planokide	plenokið̞e
plantain	plãn̪t̪ãĩ̯n
plastiko	plas̺t̪iko̞
plataformak	platafoɾmak
plater	plat̪e̞r
platinoa	latinoa
plaza	plasza
plaza	plˈasa
plazaratu	plaːsaːratu
plazera	plasˈeɾa
pleitatu	plˈeitˌatˈo
pleonasmo	pleonasmo
pneumonia	neumonia
po	pɔsˈ
pobreki	povreki
pobrezia	poβ̞res̺ia
pobrezia	poβ̞res̻ia
poema	poema
poeta	poet̪a
polar	pˌolaɾ
polea	olea
polen	po̞lẽ̞n
polena	polena
polifasiko	po˥˩ːli˥˩fa˥˥si˧ko˥˩ː
polifonia	polifoˌniːa
poligrafo	poliɣ̞ɾas̺o
polikarpo	po˥˩li˥˩kaɾpo˥˩
poliki	poliki
polisemia	polisemia
polit	poˈliːt
polit	po̞lit̪
polita	bolita
polita	pɔlita
polite	pˈolite
politika	polit̪ika
politikari	polit̪ikaɾi
politiko	polit̪iko
politikoa	politiko
politikoa	politikoa
polizia	polikja
polje	poʎe
poloetako	polo̞etako
polonia	polonia
polonia	polonja
polonian	po̞lo̞niãn
poloniera	polonieɾa
poltsa	polts̺a
poltsa	polts̻a
poluitzaile	poluitsaʎe
ponpa	pɔmpa
pop	pop
popa	pɔpa
popular	opulaɾ
porlan	porlãn
porlan	poɾlãn̪t̪
porno	porno
pornografiko	pornoɣ̞rafiko
porrot	porot
porrot	porot̪
porru	po̞ru
porrusalda	po̞rus̺al̪d̪a
porrusalda	ɦoɾɾus̻al̪d̪a
portaera	poɾtae̞ɾa
portale	poɾt̪al
porto	pˈoɾto
portu	poɾtʊ
portuan	poɾtɛuaŋ
portugal	port̪uɣ̞al
portugaldar	po̞rt̪uɣ̞al̪d̪ar
portugalera	po̞rt̪uɣ̞ale̞ɾa
portuges	po̞rt̪uɣ̞e̞s̺
posatu	pozsatu
positibatu	positibatu
post	post
posta	posta
postari	poʃtaɾi
postre	pos̺t̪ɾe
potasio	potasio
potasio	pot̪as̺io
potentzia	potentsia
potentzia	pot̪ẽnts̻ia
poteoari	potewaˈri
potolo	pot̪olo
potor	potɔɾ
pottoka	potjoka
pottoka	potʃoka
pottoki	potjoːkj
potxer	pot̪seɾ
potxolo	pˌotʃolˈom
pozoi	po̞s̻o̞i̯
pozoidun	po̞s̻o̞i̯ð̞ũn
pozoidura	po̞s̻o̞i̯ð̞uɾa
pozoitasun	po̞s̻o̞i̯t̪as̺ũn
pozoitsu	po̞s̻o̞i̯ts̺u
pozoitu	po̞s̻o̞i̯t̪u
pragako	pɾaɣ̞ako
praka	pɾaka
prakak	brakak
praktikan	pɾaktikam
premia	pɾemja
premisa	pɾemisa
preparatu	pɾepaɾatʊ
prepuzio	pre̞pus̻io̞
presa	pres̺a
presa	pɾesa
presente	pɾesente
presidente	pres̺ið̞ẽn̪t̪e
presio	pɾesio
presoa	pɾesoa
presoak	presoak
prest	pɾest̪
prestatu	pɾestat̪w
prestatzen	pɾes̺t̪at̪s̻en
prezio	pɾesio
prima	primo
primerako	primeɾako
primeran	primeɾãn
printzatu	printsatu
printzipio	prinˈtʃipio
proba	prova
probena	robena
probintzia	proβ̞ĩnts̻ia
produkzio	pɾoð̞ukkio
profil	pɾofil
programa	pɾoɣ̞ɾama
promenatu	propmenat̪u
pronto	ronto
proposamena	proposamena
proposatu	pɾoposat̪u
proposatutakoarekin	propos̺at̪utako̞arekĩ
propultsio	propultsio
prostituzio	pros̺t̪it̪us̺io
prostituzio	pros̺t̪it̪us̻io
protesta	pɾotest̪a
protestante	pɾot̪est̪ant̪e
prozesaketa	pɾos̺ɛs̺akẽt̪a
psikologia	s̺ikoloɣ̞ia
publikoa	poːblikoːˈa
publikoek	publikoek
publizitate	puβ̞lis̺it̪at̪e
publizitate	puβ̞lis̻it̪at̪e
publizitatea	puβ̞lis̺t̪at̪ea
puma	puma
punta	pũn̪t̪a
puntu	pũn̪t̪u
puntukari	punt̪ukeɾiː
pupu	pupˈu
purtzil	puɾt̪il
pusla	puʒla
putakume	put̪akume
putre	put̪re̞
putz	puts
putzu	putsu
putzu	puts̻u
putzua	putsua
puxika	poːʃika
q	ku
qatartar	kat̪art̪ar
quad	kwað̞
quantum	kwãn̪t̪ũm
quark	kwark
quasar	kwas̺ar
quebectar	keβ̞ekt̪ar
quorum	kwoɾũm
rabbi	raβ̞i
radar	rað̞ar
radian	rað̞iãn
radian	rað̞jãn
radio	radio
radio	rað̞io
radon	rað̞õ̞n
raid	rai̯ð̞
raja	raja
raja	raxa
ralenti	ralẽ̞n̪t̪i
rally	rali
rama	rama
ramadan	ramað̞ãn
rand	rãn̪d̪
rankin	rãŋkĩn
ranking	rãŋkĩn
rantxera	rãnʲtʃeɾa
rap	rap
rapanui	rapanui̯
rappel	rape̞l
rapsoda	raps̺o̞ð̞a
rapsodia	raps̺o̞ð̞ja
ravenna	ɾaβ̞ẽn̪a
rekalde	ɾekal̪d̪e
requiem	rekiẽm
requiem	rekjẽm
rikardo	ɾikaɾðo
robot	roβ̞ot̪
robotika	roβ̞ot̪ika
ron	rʌn
sabin	s̺aβ̞ĩn
sable	s̺aβ̞le
sagar	s̺aɣ̞ar
sagardo	s̺aɣ̞arð̞o
sagardotegia	s̺aɣ̞aɾd̪at̪eɣ̞ia
sagarrondo	s̺aɣ̞arõ̞n̪d̪o̞
sagartegi	s̺aɣ̞art̪eɣ̞e
sagrario	saɣ̞ɾario
sagu	s̺aɣ̞u
sagu-azpikoa	saɣ̞uas̺pikoa
sagutzar	saɣ̞uts̻ar
saguzar	s̺aɣ̞us̻ar
saio	s̺ai̯o̞
saio-bukaera	s̺ai̯obukaːe̞ɾa
saiodi	saiod̪i
sakan	sakãn̪
sakatu	sakatu
sakatu	sakat̪u
sakela	sakela
sakon	ʃakon
sakonera	sakoneɾa
sakote	sakot̪e
sakreak	sakɾeak
salabardo	s̺alãbaɾð̞o
salaberria	s̺alaβ̞eria
salaketa	salake̞t̪a
salatu	s̺alat̪u
salbatore	salβ̞at̪oɾe
salbatu	s̺alβ̞at̪u
saldu	s̺al̪d̪u
salmenta	salment̪a
salmenta	s̺almẽ̞n̪t̪a
saltari	sal̪t̪aɾi
salto	sˈalto
saltoki	salt̪oki
saltxitxa	s̺alʲtʃitʃa
saltzaile	s̺alts̻ai̯le
saltzaile	s̺alts̻aʎe
sama	sama
sama	s̺ama
samin	samin
samur	samuɾ
samurkeria	ʃamuɾkeɾia
samurtasun	samuɾt̪as̺um
san	s̺ãn
sandalia	s̺ãn̪d̪alja
sanroke	s̺ãnroke
sansebiera	s̺ãnse̞bie̞ɾa
santurtzi	sãn̪t̪uɾt̪s̺i
santutegi	s̺ãn̪t̪ut̪eɣ̞i
sapa	sapa
sar-atera	s̺aɾɣ̞at̪eɾa
sarde	saɾð̞e
sardexka	s̺arð̞e̞ʃka
sardiniar	z̺aɾð̞ĩŋiaɾ
sare	ʃaɾe
sarekada	saɾekað̞a
sareratu	s̺aɾe̞ɾat̪u
sargori	saɾɣ̞oɾi
sari	s̺aɾi
sari	ʃaːri
sarkor	ʃarkoɾ
saroi	saɾoi
sarra	ʃaɾɾa
sarraila	s̺arai̯la
sarraila	s̺araʎa
sarrera	s̺areɾa
sarriegi	s̺arieɣ̞i
sartalde	s̺art̪al̪d̪e̞
sartalde	s̺aɾt̪aeld̪e
sartu	sartu
sartu	s̺art̪u
sartuko	s̺aɾt̪uko
sasi	s̺as̺i
sasijainko	sas̺ijãĩ̯nko
sasijakitun	s̺as̺iiʝakit̪un
sasimediku	s̺as̺imẽɾikːu
sastatzen	s̺as̺t̪at̪s̻e̞n
satan	s̺at̪ãn
satandre	s̺at̪ãn̪d̪re
satitsu	s̺at̪its̺u
satitsu	s̺at̪its̻u
sator	s̺at̪o̞r
satsu	s̺ats̺u
satsu	s̺ats̻u
saturatu	sat̪uɾatu
saxoi	s̺aʃo̞i
segalari	seɣ̞alaɾi
segapoto	seɣ̞apot̪o
segaro	seˈgaɾo
segitu	s̺e̞ɣ̞it̪u
segundo	seɣ̞ũŋð̞o
segurki	seɣ̞uɾki
segurtatu	s̺eɣ̞urt̪at̪u
seguru	s̺e̞ɣ̞uɾu
sei	s̺e̞i̯
seigarren	s̺ei̯ɣ̞arẽn
seikoitz	s̺e̞i̯ko̞i̯ts̻
seinale	seɲale
seiren	s̺e̞i̯ɾẽ̞n
sekretu	s̺e̞kre̞t̪u
sekula-belar	sekulabelaɾ
sekularizatu	sekulaɾis̺at̪u
semaforo	s̺emafoɾo
seme	seme
seme	s̺eme
seme-alabak	semealaβ̞ak
seminario	seminaɾio
sen	sen
sena	sena
senar	senaɾ
senar	s̺enar
senargai	senargai
senargai	s̺enarɣ̞ai̯
sendabelar	senð̞abelaɾ
sendetsi	s̺ẽnd̪etʃi
sendo	s̺ẽn̪d̪o
sendoa	senð̞oa
senide	senid̪e
senide	s̺enið̞e
senitarteko	s̺ed̪it̪aɾt̪e̞ko
sentibera	sent̪iβ̞eɾa
sentikor	sentikoɾ
sentikur	sẽn̪t̪ikuɾ
sentipen	sentipen
sepultura	sepultuɾa
serbia	s̺erβ̞ia
serbiera	s̺erβ̞ieɾa
serbokroaziera	s̺e̞rβ̞o̞kro̞as̻ie̞ɾa
setatu	setatu
setemere	s̺e̞t̪e̞me̞ɾe̞
setio	s̺e̞t̪io̞
sikiera	ʃikieɾa
silikato	silikat̪o
sinatu	s̺inat̪u
sinatu	s̺iɲat̪u
sindikatu	sinð̞ikat̪u
sinekdoke	s̺inekð̞oke
sinestezin	s̺ine̞s̺t̪e̞s̻ĩn
sinestezin	s̺iɲe̞s̺t̪e̞s̻ĩn
singapur	s̺iŋgapur
sinkronizatu	inkɾonis̺atu
sino	sino
sintagma	sĩn̪t̪aɣ̞ma
siria	s̺iɾia
sirimiri	si˩˥ːɾimiɾi˥˩
sits	s̺its̺
siziliera	s̺is̺iʎieɾa
siziliera	s̺is̻ilieɾa
siziliera	s̺is̻iʎieɾa
ska	es̺ka
skate	es̺kei̯t̪
skater	es̺kei̯t̪er
slalom	slaˈlom
slogan	ez̺loɣ̞ãn
so	s̺o
sobera	sobeɾa
soberania	sobeɾania
sobornatu	ʃoβ̞oɾnatu
sofa	sofa
sofokles	s̺ofokles̺
soil	s̺oi̯l
soilik	s̺oi̯lik
soilik	s̺oʎik
soilik	ʃojlik
soin	s̺õĩ̯n
soina	soɲa
soingaineko	s̺oĩŋɣ̞ai̯ɲɛko
soinu	s̺oi̯nu
soinu	s̺oɲu
soka	s̺oka
sokamutur	s̺okamut̪ur
solairu	solaiɾu
solaskide	s̺o̞las̺kið̞e
soldadu	s̺ol̪d̪að̞u
solidaria	solið̞aɾia
solidaritate	s̺o̞lid̪aarit̪at̪e
solomo	solomo
soltura	solˈtˈuɾa
somaliera	s̺omalieɾa
sona	sona
soneto	sˌonˈeto
soprano	ʃoprano
sor	s̺or
sorbalda	s̺orβ̞al̪d̪a
sorbaldako	soɾbalð̞akõ
sorburu	soɾβ̞uɾu
sorgin	s̺orɣ̞ĩn
sorginkeria	s̺o̞rɣ̞ĩnkeɾiã
soro	ʃoɾo
sorrarazle	s̺o̞ɾɾaɾað̞le
sortalde	s̺ort̪al̪d̪e
sortarazi	s̺oɾt̪aɾasi
sorterro	sorterɾo
sortetxe	sortetʃe
sortu	s̺ort̪u
sortzean	s̺o̞rt̪s̻e̞an
sortzen	ʃorts̻ẽn
squash	es̺kwaʃ
su	s̺u
su	ʃu
sua	sˈuːa
sudur	s̺uð̞ur
sudurkari	suð̞uɾkaɾi
suebaki	suebaki
suebaki	s̺ueβ̞aki
suebo	ʃuebo
suedia	s̺ueð̞ia
suediera	s̺ueð̞ieɾa
sufre	s̺ufre̞
sufrikario	sufɾikaɾio
suge	s̺uɣ̞e̞
sugetzar	ʃuɣ̞ets̻ar
suhartasun	suɦaɾt̪as̺um
suhi	s̺uhi
suhi	s̺ui̯
suitza	s̺ui̯ts̻a
sukaldari	s̺ukallaɾi
sukaldaria	sukal̪d̪aɾia
sukaldatu	s̺ukal̪d̪at̪o
sukalde	s̺ukal̪d̪e
sukaltarri	sukal̪t̪aɾɾi
sukar	sukˈaɾ
sukardun	sukaɾð̞ũn
sukartu	sukartu
suma	s̺uma
sumendi	s̺umẽ̞n̪d̪i
sumin	ʃumim
suminkor	ʃuminkoɾ
suntsiketa	s̺unt̪s̻ike̞ka
suntsipen	s̺ũnts̺ipẽn
suntsipen	s̺ũnts̻ipẽn
suntsitu	s̺ũnts̺it̪u
suntsitu	s̺ũnts̻it̪u
supazter	s̺upas̺t̪er
supazter	s̺upas̻t̪er
superarin	ʃupeɾaɾiŋ
supituki	supituki
sur	s̺ur
sushi	s̺uʃi
susmo	s̺uz̺mo̞
suspertuko	s̺us̺p̪e̞ɾt̪uko
sute	ʃute
sutegi	s̺ut̪eɣ̞i
sutu	s̺ut̪u
t	t̪e̞
tabakismo	tabakizmo
taberna	t̪aβ̞e̞rna
tabua	tabuã
taiga	tai̯la
tailandiera	t̪ai̯lãn̪d̪ieɾa
tailandiera	t̪aʎãn̪d̪ieɾa
tailer	d̪ai̯leɾ
takikardia	t̪akikarið̞ia
tako	takɔ
takolo	tˈakˈoloɾ
taladrina	t̪alat̪ɾina
talaia	t̪alaja
talde	t̪al̪d̪e̞
taldexka	t̪al̪d̪e̞s̺ka
talka	t̪alka
talo	t̪alo̞
taloitegi	t̪aloi̯t̪eɾi
tamaina	t̪amai̯na
tamaina	t̪amaɲa
tamalgarri	t̪emalgaɾɾj
tanda	tãnˈd̪a
tanga	taga
tankera	tãŋkeɾa
tanketa	taːn˩˩˦kʰeː˧˥t̚˨˩aːm˥˩
tanpa	t̪ãmpa
tantalioa	tantaliva
taratulu	t̪aɾat̪ulu
tarratada	kaɾɾat̪að̞a
tarta	t̪aɾð̞a
tarte	t̪art̪e̞
tarteka	t̪art̪e̞ka
tarteko	t̪aɾt̪e̞k̞o
tasta	t̪asta
tatami	t̪at̪ami
tatarrez	tataɾɾes
taulada	t̪eulað̞a
taulen	tauɾen
taupada	t̪au̯pað̞a
taupada	t̪eupað̞a
taupadaka	t̪au̯pað̞aka
tauromakia	t̪au̯ɾo̞makia
taxi	takʃi
taxilari	t̪aks̺ilaɾi
taxonomiko	taksonomiko
taxuka	taɕˈuka
taxuz	taʃuz
taxuzko	taʃusko
te	t̪e̞
teila	tɛʎa
teinkatu	tenkatu
tekatu	tekatˈo
teklatu	tɛklatu
teknika	t̪eknika
teknikari	t̪ɪknikaɾi
tekno	tɛkno
teleaulki	t̪eleau̯lki
telefonatu	t̪elẽfõ̞nat̪u
telefonista	t̪elẽfõnist̪a
telekonferentzia	t̪elẽkonfeɾentsia
telepata	t̪eːlepat̪aː
telezabor	t̪e̞le̞s̻aβ̞o̞r
tenia	tenja
teniente	tenjente
tenk	t̪ɪŋk
tenkatu	t̪ẽn̟θat̪w
tenperatura	t̪ẽnpeɾat̪wɾa
tentel	tentɛl
tentelapiko	kent̪elapikõ
tentu	sent̪u
teoria	teˈoɾia
teorikoak	t̪eoɾikoak
terapia	t̪eɾpia
tergal	t̪eɾɣ̞an
termak	t̪eɾma
terminoa	tɛrminoa
termodinamika	t̪eɾmoð̞ĩŋamik
ternua	t̪ernua
terraila	t̪e̞rãĩ̯la
tesela	t̪esela
testigantza	t̪e̞st̪iɣ̞an̪t̪s̺a
testu-lanketa	t̪es̺t̪ulanke̞t̪a
testuinguru	t̪es̺t̪ui̯ŋguɾu
testuliburu	t̪es̺t̪oliβ̞uɾu
testuliburua	t̪e̞z̺t̪uliβ̞uɾua
tetelatu	tetelato
tibia	t̪iβ̞ia
tiborta	diboɾta
tigre	t̪iɣ̞re
tigrea	t̪iɣ̞re̞a
tigreari	t̪iɣ̞re̞aɾi
tigrez	t̪iɣ̞re̞s̻
tinbre	timbrˈe
tinda	t̪ĩn̪d̪a
tindagai	t̪ĩnd̪aːgai̯
tindagai	t̪ĩn̪d̪aɣ̞ai̯
tindatu	t̪ĩn̪d̪at̪u
tinkatu	tinkatiu
tinpano	timpano
tipula	t̪ipula
tiraka	t̪iɾaka
tiraketa	t̪iɾake̞t̪a
tiranokeria	tjɾanokeɾia
tiro	t̪iɾo̞
tirriki-tarraka	t̪iɾɾikit̪aɾɾak
tirrin	t̪irĩn
titare	titate
titularren	t̪it̪ulaɾẽn̪ʝ
titulartasuna	tit̪ulast̪as̺una
titulu	t̪it̪ulu
tituluak	tiːtuːlwaː
toba	tova
tobera	t̪o̞β̞e̞ɾa
toki	t̪oki
tokik	t̪okik
tokiko	t̪okiko
toledo	t̪o̞led̪os
tolesgabe	t̪olesgaβ̞e
tolestu	t̪olestu
tomate	tʊmatʲe
tomate	t̪omat̪e
tona	t̪o̞na
tonometria	onometria
tontor	t̪õn̪t̪or
tonu	tɔlnu
tonu	t̪o̞nu
tonuerdi	t̪onuerð̞i
topa	topam
topa	t̪o̞pa
topa!	top
topaketa	topakepa
topatu	t̪opat̪ũ
topologia	tropoloɣ̞ia
tori	t̪oɾi
tortilla	t̪oɾt̪ella
tortura	t̪oɾt̪uɾa
torturatu	tortuɾatʊ
totel-moteltasun	t̪ot̪elmot̪elt̪as̺um
totem	tɔtem
toxa	dˈoʃa
traba	t̪ɾaba
trabak	trabak
tradizional	t̪rað̞is̺ional
tradizional	t̪rað̞is̻ional
trafiko	t̪rafiko̞
tragatu	t̪ɾaɣ̞at̪o
trago	d̪ɾaɣ̞o
tramankulu	t̪ramaŋkulu
tramankuluk	t̪ramaŋkuluk
tramankuluren	t̪ramaŋkuluɾẽn
tramankulurik	t̪ramaŋkuluɾik
tramankulutzat	t̪ramaŋkuluts̻at̪
tranbia	t̪ɾamβ̞ia
tranpa	t̪rãmpa
transmititu	tɾanzmititu
transnistria	t̪rãnz̺nis̺t̪ria
tratamendu	rat̪amẽnd̪u
tratante	t̪ɾat̪at̪e
tratatu	t̪ɾat̪at̪o
tratu	tɾatˈu
trauskilkeria	rauz̺kilkeɾia
trebatu	tribatu
trebeki	t̪ɾeβ̞ekj
trebetasuna	t̪ɾeβ̞et̪asuna
tren	t̪rẽ̞n
trenkatu	t̪rẽn̟θat̪u
trepeta	t̪repet̪a
tresna	t̪rez̺na
tresnak	t̪ɾesnak
tresneria	t̪ɾesneɾia
trigonometria	t̪ɾiɣ̞o̞n̪omet̪ɾia
trikimailu	trekimajlu
trikina	tɾigina
trikitixa	t̪ɾekjt̪iʃa
trikota	trikɔta
trikuarri	trikuaɾi
tripakiak	tripakjak
tripaldi	t̪rjpalð̞i
triska	tɾjska
triste	triʃte
tristura	t̪ɾist̪wɾa
trixita	tɾjʃjta
trobadore	t̪ɾoβ̞að̞oɾẽn
troiar	tɾoʝaɾ
troka	tɾɔka
tronboi	t̪rõmboi̯
trontzalari	t̪rõn̪t̪s̺alaɾi
trontzalari	t̪õ̞nts̺alaɾi
tropikal	t̪ɾopikal
trufatu	tɾufatˈo
truke	t̪ruke
truko	trukˈo
trumoi	trumoj
ttalaka	c̠e̞a̞laka
ttantta	cãɲca
ttipi	cipi
tu	tu
tulipa	tulipam
tunisia	t̪unis̺ia
tunisian	t̪unis̺iãn
tupina	tupiːna
tupusteko	tubus̺t̪eko
turismo-bulego	tuɾismobulego
turista	t̪uɾist̪a
turkia	t̪urkia
turkiar	t̪urkiar
turkiera	t̪urkieɾa
turkmenera	t̪urkmeneɾa
tutera	tutela
tutore	tutorj
tutoreak	tut̪oɾiak
tutoretza	tutoretsa
tutu	t̪ut̪u
txa-txa-txa	tʃatʃatʃa
txabalu	tʃaβ̞alum
txad	tʃa
txahal	tʃahal
txahal	tʃal
txakaviera	tʃakaβ̞ie̞ɾa
txakoli	tʃakolin
txakolin	tʃakolĩn
txakolina	tʃakoliɲa
txakur	tʃakur
txakurkume	tʃakurkume
txakurra	tʃakura
txakurrik	tʃakurik
txalaparta	tʃalapaːɾta
txaleko	tʃaːleko
txalo	tʃaˈlo
txalokatu	tʃalokatʊ
txalupa	tʃalupa
txanamari	tʃãnˈnamaːriː
txanda	tʃãn̪d̪a
txangurro	tʃanguro
txanka	t̪anka
txanpa	tʃampa
txantiloi	tʃantioi
txantxa	tʃãnʲtʃa
txantxangorri	tʃanʲtʃaŋgoɾri
txantxangorri	tʃãnʲtʃaŋgori
txantxetako	tɕaŋtʃe̞tako
txantxiku	tsantʃik˨˩u˥˩
txapar	tʃapɑɾ
txapel	tʃapel
txapeldun	tʃapelun
txapeldun	tʃapel̪d̪ũn
txapelketa	t̪ʃapelke̞t̪a
txapelpunk	tʃapenpunk
txapligu	tʃapliu
txar	tʃar
txarrantxa	t̪ʃarãn̪t̪ʃa
txarrei	t̪�̞ʃaɾɾeʝ
txartelak	t̪ʃaɾt̪e̞lak
txat	tʃa
txat	tʃat
txatxar	tʃatʃar
txatxarkeria	tʃatʃarkeɾia
txatxu	tʃatʃo
txekia	tʃakja
txekiera	tʃekieɾa
txekor	tʃakor
txenada	t̪enað̞a
txeratsu	tʃeɾatʃu
txermen	tʃermẽn
txerren	tʃerẽn
txerri	tʃeri
txerriki	tʃeriki
txerrikia	tʃeɾɾikiɾ
txerrikume	tʃerikume
txerto	tʃert̪o
txetnik	tʃe̞t̪nik
txibia	tʃiβ̞ia
txibierro	tʃibjerro
txigorgailu	tʃiɣ̞orɣ̞ai̯lu
txigorgailu	tʃiɣ̞orɣ̞aʎu
txigortu	tʃiɣoɾtu
txiki	tʃikĩ
txikikeria	tʃikːɪkeˈˈɾia
txikikoa	tʃikːikːoaː
txikitu	tʃikːitːum
txikizio	tʃikisio
txikot	tsikot̪
txile	tʃile
txilinporta	tʃiɾĩŋpoɾt̪a
txilio	tsilio
txima	t̪imã
tximeleta	tʃimelet̪a
tximinia	tʃiminia
tximinia	tʃimiɲia
tximino	tʃimino
tximino	tʃimiɲo
tximista	tʃiːmistˈa
tximitxa	tʃimitʃa
txina	tʃina
txinera	tʃineɾa
txinga	tʃiŋɣa
txingar	tʃiŋgaɾ
txingoka	tsiŋgoːkˈa
txingurri	tʃĩŋguri
txintxamari	tsintʃamaɾi
txintxirrin	tʃintʃirin
txip	tʃip
txipiroi	tʃipiɾoi̯
txiri-txiri	tʃiriːtʃiriː
txiribiri	tʃiːriːbiːriː
txirikordatu	tʃiriːkoːrdatuː
txirrin	tʃirĩn
txirrin	tʃiɾĩn
txirrindu	tʃirĩn̪d̪u
txirrindulari	tʃirĩn̪d̪ulaɾi
txirrindularitza	tʃirĩn̪d̪ulaɾits̻a
txiste	tʃis̺t̪e
txistu	tʃis̺t̪u
txistu	tʃi˥˩tsu˨˩
txitan	tʃit̪a
txitatu	tʃitatum
txitxarro	tʃitʃaro
txitxil	tʃitʃi
txiza	tʃista
txiza	tʃis̺a
txiza	tʃis̻a
txizalarri	tʃisˈalaˈɾɾi
txo	tʃao
txocolate	tʃokolat̪e
txofer	ʃofeɾ
txoke	tʃoke
txokoa	tʃokoa
txokolate	tʃo̞ko̞lat̪e̞
txokolatesne	tʃokolat̪ezne
txokor	tʃakor
txolarte	tʃonaɾt̪e
txolin	tʃorlinʝ
txolindu	tʃolindu
txondortu	tʃãn̪d̪oɾt̪u
txonkatila	tʃonkat̪iʝa
txoratu	tʃoɾatʊ
txori	tʃoɾi
txoria	tʃoˈlja
txoriak	tʃʰoːɾiːək
txoriandre	tʃoɾiandɾe
txoriburu	tʃɔɾibuɾu
txorizo	tʃoɾis̺o
txorizo	tʃoɾis̻o
txorrotxioka	tʃoɾɾoˈtʃiˈoka
txorta	tʃortɐ
txotx	tʃotʃ
txuleta	tʃulet̪a
txulotxo	tsulotʃo
txunditu	tʃunditu
txurra	tʃuɾa
txutxu-mutxu	tʃuːtʃuːmuːtʃuː
txutxu-mutxuka	tʃutʃumutʃoka
u	u
uadi	að̞i
ubalde	uβ̞al̪d̪e
uda	uð̞a
udaberri	uð̞aβ̞e̞ri
udaberriro	uð̞aβ̞eriɾo
udagoien	uð̞aɣ̞o̞jẽn
udagoiena	uð̞aɣ̞oʝena
udal	uð̞al
udalak	uð̞alak
udalbatzar	uð̞albat̪saɾ
udaleku	ud̪aleko
udalekua	uð̞alikwa
udalerri	uð̞aleri
udalerri	uð̞aneɾɾi
udaletxe	uð̞aletʃe
udaltzain	uz̺al̪t̪s̺ãĩ̯n
udaltzain	uð̞alts̻ãĩ̯n
udaltzaina	ɣ̞ud̪alt̪s̺aina
udaltzainburu	uð̞alts̻ãĩ̯mbuɾu
udaltzaingo	uð̞alts̻ai̯ŋgo
udare	uð̞aɾe
udareaga	oð̞aɾeaɣ̞a
udaro	uðaɾo
udaro	uð̞aɾo
udate	uzatˈe
udazken	uð̞as̺kẽn
udazken	uð̞as̻kẽn
udazkenero	uð̞as̺keneɾo
udazkenero	uð̞as̻keneɾo
ufada	ufaða
ufako	ufakɔ
ufala	uβala
ugalde	ugalne
ugalde	uɣ̞al̪d̪e
ugaldu	uɣ̞al̪d̪u
ugariagotu	ugai̯ɔɾiaɣ̞ot̪u
ugaritasuna	oɣ̞aɾit̪as̺uma
ugatz	uɣ̞ats̻
ugazaita	ugasaita
ugaztun	ugast̪un
ugaztun	uɣ̞as̻t̪ũn
uhalde	ual̪d̪e
uhandre	uhãn̪d̪re
uhandre	uãn̪d̪re
uharka	uaɾka
uharte	uart̪e
uharte	uhart̪e
uhartedi	uart̪eð̞i
uhartedi	uaɾted̪i
uhartedi	uhart̪eð̞i
uhartegi	uart̪eɣ̞i
uhartegi	uhart̪eɣ̞i
uhin	uin
uholde	oɦo̞lð̞e
ukabil	ukaβ̞il
ukabila	wkaβ̞jʝa
ukabilkada	ukaβ̞ilkað̞a
ukabilkatu	ukaβ̞ilkat̪u
ukalondo	ukˈalˈonðo
ukan	ukãn
ukapen	okapẽn̪
ukitu	ukito
ukitu	ukit̪u
ukituko	ukituko
uko	puko
ukondo	ukõ̞n̪d̪o̞
ukondu	ukõ̞n̪d̪u
ukraina	ukrai̯na
ukrainan	ukrai̯nãn
ukrainera	ukrai̯neɾa
ulertu	ulert̪u
ultzera	ults̻eɾa
ulu	ulˈɯ
ume	ume̞
umeak	umeak
umeak	umeat
umearen	umeaɾena
umearengan	umeaɾenɣ̞ãn̪t̪
umedun	ume̞ð̞ũn
umeei	ummej
umegorri	umeɣ̞ori
umekondo	unmekõŋð̞o
umel	umɛl
umetan	umet̪an
umetasun	umet̪asũn
umezale	umesale
umore	umʊɾe
una	una
unai	unai̯
unai	unaʕ
unax	ˈuneʃ
unbe	unbe
unean	unean
uneko	uneko
unibertsitate	unibeɾtʃit̪at̪e
unibertsitate	uniβ̞erts̺it̪at̪e
unibertsitate	uniβ̞erts̻it̪at̪e
union	union
unitateko	unitatiko
untxi	ũnʲtʃi
untxitegi	ũnʲtʃit̪eɣ̞i
untzi	untsi
upel	upɛl
ur	puɾ
ur	ur
ura	oɾa
ura	una
urakan	oɾakãn̪
uraldi	uɾaʝð̞i
uranioa	uɾaˈnia
uraren	uɾaɾen
urdandegi	urð̞ãn̪d̪eɣ̞i
urdangarin	uɾð̞ãn̪ɣ̞aɾiŋ
urde	urð̞e
urdea	uzð̞ea
urdin	urð̞ĩn
urditza	uɾð̞it̪θa
urduritasun	uɾð̞uɾit̪as̺t̪um
ureztatu	uɾest̪at̪u
ureztatzen	uɾe̞s̻t̪at̪s̺e̞n
uriola	uliola
urizaharra	uɾis̺ara
urizaharra	uɾis̻ahara
urizaharra	uɾis̻ara
urmin	uɾmjɱ
uronaga	uɾonaɣa
urondo	uɾondo
urpetu	uɾpɛtu
urra	ura
urraketa	hurraketa
urrats	urats̺
urrats	urats̻
urratu	urat̪u
urre	ure̞
urregile	wrɾeɣ̞ʲiʲːe
urri	uri
urria	urriːˈa
urrieta	urie̞t̪a
urril	uril
urrun	urun
ursain	uɾsãĩ̯n
urtaro	urt̪aɾo̞
urtaro	uɾtaɾʊ
urtaroak	uɾtaɾɨvak
urtarril	urt̪aril
urtarrilaren	urt̪arilaɾem
urte	ulte
urte	urt̪e
urtean	uɾt̪eãn
urtegi	urt̪eɣ̞i
urtegia	uzteɣ̞ia
urtu	urt̪u
urtxintxa	urtʃĩnʲtʃa
urtxori	urtʃoˈɾi
urtzi	urt̪si
urtzintz	urt̪sint̪s̺
urubia	ɾuβ̞ia
urzo	urs̻o̞
usaindu	uzai̯nd̪u
usaintzen	uʃaints̺ẽn
usapal	uʃapal
usategi	us̺at̪eɣ̞i
usna	uzna
usnatu	uznat̪u
uso	us̺o
usoa	uʃoa
uste	ust̪e
uste	us̺t̪e
ustel	us̺t̪el
usteldu	us̺t̪e̞l̪d̪u
usteldura	us̺t̪el̪d̪uɾa
ustiaketa	uz̺t̪iake̞t̪a
usurbe	uʃuɾbe
ut	ɔt
utopia	utopja
uts	utʃ
utz	uts
utz	uts̻
utzak	uts̻ak
utzan	uts̻ãn
utzazkidak	uts̻as̺kið̞ak
utzazkidak	uts̻as̻kið̞ak
utzazkidan	uts̻as̺kið̞ãn
utzazkidan	uts̻as̻kið̞ãn
utzazkidazu	uts̻as̺kið̞as̺u
utzazkidazu	uts̻as̻kið̞as̻u
utzazkidazue	uts̻as̺kið̞as̺ue
utzazkidazue	uts̻as̻kið̞as̻ue
utzazkiek	uts̻as̺kiek
utzazkiek	uts̻as̻kiek
utzazkien	uts̻as̺kiẽn
utzazkien	uts̻as̻kiẽn
utzazkiezu	uts̻as̺kies̺u
utzazkiezu	uts̻as̻kies̻u
utzazkiezue	uts̻as̺kies̺ue
utzazkiezue	uts̻as̻kies̻ue
utzazkiguk	uts̻as̺kiɣ̞uk
utzazkiguk	uts̻as̻kiɣ̞uk
utzazkigun	uts̻as̺kiɣ̞ũn
utzazkigun	uts̻as̻kiɣ̞ũn
utzazkiguzu	uts̻as̺kiɣ̞us̺u
utzazkiguzu	uts̻as̻kiɣ̞us̻u
utzazkiguzue	uts̻as̺kiɣ̞us̺ue
utzazkiguzue	uts̻as̻kiɣ̞us̻ue
utzazkiok	uts̻as̺kiok
utzazkiok	uts̻as̻kiok
utzazkion	uts̻as̺kiõn
utzazkion	uts̻as̻kiõn
utzazkiozu	uts̻as̺kios̺u
utzazkiozu	uts̻as̻kios̻u
utzazkiozue	uts̻as̺kios̺ue
utzazkiozue	uts̻as̻kios̻ue
utzazu	uts̻as̺u
utzazu	uts̻as̻u
utzazue	uts̻as̺ue
utzazue	uts̻as̻ue
utzi	utsi
utzi	uts̻i
utziek	uts̻iek
utzien	uts̻iẽn
utziezu	uts̻ies̺u
utziezu	uts̻ies̻u
utziezue	uts̻ies̺ue
utziezue	uts̻ies̻ue
utziok	uts̻iok
utzion	uts̻iõn
utziozu	uts̻ios̺u
utziozu	uts̻ios̻u
utziozue	uts̻ios̺ue
utziozue	uts̻ios̻ue
uve	uβ̞e̞
uxa!	uʃa
uxatu	uʃˈatˈu
uzbekera	uz̻β̞e̞ke̞ɾa
uzki	uski
uzkuk	us̺kuk
uzkuk	us̻kuk
uzkun	us̺kũn
uzkun	us̻kũn
uzkurtu	uskuɾtu
uzkuzu	us̺kus̺u
uzkuzu	us̻kus̻u
uzkuzue	us̺kus̺ue
uzkuzue	us̻kus̻ue
uzta	us̻t̪a
uztai	uʃtaj
uztail	us̻t̪ai̯l
uztailaren	ust̪aĩlaɾẽn
uztak	us̺t̪ak
uztak	us̻t̪ak
uztan	us̺t̪ãn
uztan	us̻t̪ãn
uztazu	us̺t̪as̺u
uztazu	us̻t̪as̻u
uztazue	us̺t̪as̺ue
uztazue	us̻t̪as̻ue
valentzia	balẽnts̻ia
varsovia	β̞aɾɣ̞soβ̞ia
vera	beɾa
vietnam	biet̪nãm
vietnamdar	biet̪nãmd̪ar
vietnamera	biet̪nameɾa
vietnamera	bjet̪nameɾa
vistula	bˈistula
vitoria	bit̪oɾja
wagnertar	baɣ̞nert̪ar
web	web
webgune	uebgune
wifi	wifj
wikiztegia	wikis̺t̪eɣ̞ia
wikiztegia	wikis̻t̪eɣ̞ia
wolframioa	bolframiua
xabi	tʃaβ̞i
xabier	tʃaβ̞ieɾ
xabier	ʃaβ̞ier
xabierkoa	saβ̞ieɾkoa
xaboi	ʃaβ̞o̞i̯
xafla	ʃafla
xake	ʃake
xake	ʃakɛ
xakea	ʃakea
xakel	ʃakˈl
xakelari	ʃakelaɾi
xalbador	salβ̞að̞oɾ
xalotasun	ʃalotasun
xanpu	ʃãmpu
xantofila	sãn̪t̪ofila
xaramelatu	saɾame̞latu
xaria	ʃaˈɾˈiˌɑ
xarma	ʃarma
xarmangarri	ʃaɾmanɣ̞ari
xatar	ʃatˈaɾ
xaxatu	ʃaʃatˈo
xedarratu	seð̞aɾɾat̪u
xelebre	tʃelebre
xelena	ʃelena
xemein	ʃemẽĩ̯n
xerkatu	ɣ̞seɾkãt̪u
xikotu	ʃiːkoˈtu
ximena	ʃimena
ximon	ʃimõn
ximun	ʃimũn
xingola	ʃiŋola
xitxuketa	tʃitʃuke̞t̪a
xixku	ʃtʃku
xixta	tʃiʃta
xobadin	ʃoβ̞að̞ĩn
xoria	ʃaɾia
xuban	ʃuβ̞ãn
xukatuko	sukatuko
xukatzen	ʃukatʃen
xume	ʃumme
xuntako	ʃũn̪t̪ako
xurgagailu	ʃurɣ̞aɣ̞ai̯lu
xurgagailu	ʃurɣ̞aɣ̞aʎu
xurgagarri	ʃuɾɣ̞aɣ̞ari
xurgakor	ʃuɾɣakoɾ
xurgatu	s̺uɾgat̪w
xurgatuko	s̺uɾgat̪uko
xurgatzen	s̺uɾgat̪s̻e̞n
xuxurla	tʃuʃurla
yarda	dʒarð̞a
yarda	jarð̞a
yarda	ɟarð̞a
zabal	s̻aβ̞al
zabala	s̺aβ̞ala
zabala	s̻aβ̞ala
zabaldu	saβ̞al̪d̪u
zabaldu	s̻aβ̞al̪d̪u
zabiltza	s̺aβ̞ilts̻a
zabiltza	s̻aβ̞ilts̻a
zabiltzan	s̺aβ̞ilts̻ãn
zabiltzan	s̻aβ̞ilts̻ãn
zabiltzate	s̺aβ̞ilts̻at̪e
zabiltzate	s̻aβ̞ilts̻at̪e
zabiltzaten	s̺aβ̞ilts̻at̪ẽn
zabiltzaten	s̻aβ̞ilts̻at̪ẽn
zabilzke	s̺aβ̞ils̺ke
zabilzke	s̻aβ̞ils̻ke
zabilzkete	s̺aβ̞ils̺ket̪e
zabilzkete	s̻aβ̞ils̻ket̪e
zabor	saβ̞oɾ
zabor	s̺aβ̞or
zabor	s̻aβ̞or
zabortegi	saboɾt̪eɣ̞i
zabortegi	s̺aβ̞ort̪eɣ̞i
zabortegi	s̻aβ̞ort̪eɣ̞i
zabotu	sabotu
zadorra	sað̞oɾɾa
zafiro	safiɾo
zafiroa	safiɾoa
zagon	saɣ̞on
zahar	s̺ar
zahar	s̻ahar
zahar	s̻ar
zahi	s̻ai̯
zahi	s̻aɦi
zaia	saia
zail	sai̯l
zain	sãĩŋ
zain	s̺ãĩ̯n
zain	s̻ãĩ̯n
zaindu	s̺ãĩ̯n̪d̪u
zaindu	s̻ãĩ̯n̪d̪u
zaingorri	s̻ãĩ̯ŋgo̞ri
zaintxuri	s̻ãĩ̯nʲtʃuɾi
zaintzuri	s̻ãĩ̯nts̻uɾi
zainurdin	s̻ai̯nurð̞ĩn
zainurdin	s̻aɲurð̞ĩn
zainzuri	sãĩ̯ms̻uɾi
zainzuri	sãĩ̯ns̺uɾi
zainzuri	s̻ãĩ̯ns̻uɾi
zaitez	s̺ai̯t̪es̺
zaitez	s̻ai̯t̪es̻
zaitezela	s̺ai̯t̪es̺ela
zaitezela	s̻ai̯t̪es̻ela
zaitezen	s̺ai̯t̪es̺ẽn
zaitezen	s̻ai̯t̪es̻ẽn
zaitezke	s̺ai̯t̪es̺ke
zaitezke	s̻ai̯t̪es̻ke
zaitezkete	s̺ai̯t̪es̺ket̪e
zaitezkete	s̻ai̯t̪es̻ket̪e
zaitezte	s̺ai̯t̪es̺t̪e
zaitezte	s̻ai̯t̪es̻t̪e
zaiteztela	s̺ai̯t̪es̺t̪ela
zaiteztela	s̻ai̯t̪es̻t̪ela
zaitezten	s̺ai̯t̪es̺t̪ẽn
zaitezten	s̻ai̯t̪es̻t̪ẽn
zaitu	s̻ai̯t̪u
zaitugu	s̻ai̯t̪uɣ̞u
zaitut	s̻ai̯t̪ut̪
zaituzke	s̺ai̯t̪us̺ke
zaituzke	s̻ai̯t̪us̻ke
zaituzkegu	s̺ai̯t̪us̺keɣ̞u
zaituzkegu	s̻ai̯t̪us̻keɣ̞u
zaituzket	s̺ai̯t̪us̺ket̪
zaituzket	s̻ai̯t̪us̻ket̪
zaituzkete	s̺ai̯t̪us̺ket̪e
zaituzkete	s̻ai̯t̪us̻ket̪e
zaituzketegu	s̺ai̯t̪us̺ket̪eɣ̞u
zaituzketegu	s̻ai̯t̪us̻ket̪eɣ̞u
zaituzketet	s̺ai̯t̪us̺ket̪et̪
zaituzketet	s̻ai̯t̪us̻ket̪et̪
zaituzketete	s̺ai̯t̪us̺ket̪et̪e
zaituzketete	s̻ai̯t̪us̻ket̪et̪e
zaituzte	s̻ai̯t̪us̻t̪e̞
zaituztegu	s̻ai̯t̪us̻t̪e̞ɣ̞u
zaituztet	s̻ai̯t̪us̻t̪e̞t̪
zaituztete	s̺ai̯t̪us̺t̪et̪e
zaituztete	s̻ai̯t̪us̻t̪et̪e
zaitzadala	s̺ai̯ts̻að̞ala
zaitzadala	s̻ai̯ts̻að̞ala
zaitzadan	s̺ai̯ts̻að̞ãn
zaitzadan	s̻ai̯ts̻að̞ãn
zaitzagula	s̺ai̯ts̻aɣ̞ula
zaitzagula	s̻ai̯ts̻aɣ̞ula
zaitzagun	s̺ai̯ts̻aɣ̞ũn
zaitzagun	s̻ai̯ts̻aɣ̞ũn
zaitzake	s̺ai̯ts̻ake
zaitzake	s̻ai̯ts̻ake
zaitzakegu	s̺ai̯ts̻akeɣ̞u
zaitzakegu	s̻ai̯ts̻akeɣ̞u
zaitzaket	s̺ai̯ts̻aket̪
zaitzaket	s̻ai̯ts̻aket̪
zaitzakete	s̺ai̯ts̻aket̪e
zaitzakete	s̻ai̯ts̻aket̪e
zaitzaketegu	s̺ai̯ts̻aket̪eɣ̞u
zaitzaketegu	s̻ai̯ts̻aket̪eɣ̞u
zaitzaketet	s̺ai̯ts̻aket̪et̪
zaitzaketet	s̻ai̯ts̻aket̪et̪
zaitzaketete	s̺ai̯ts̻aket̪et̪e
zaitzaketete	s̻ai̯ts̻aket̪et̪e
zaitzala	s̺ai̯ts̻ala
zaitzala	s̻ai̯ts̻ala
zaitzan	s̺ai̯ts̻ãn
zaitzan	s̻ai̯ts̻ãn
zaitzatedala	s̺ai̯ts̻at̪eð̞ala
zaitzatedala	s̻ai̯ts̻at̪eð̞ala
zaitzatedan	s̺ai̯ts̻at̪eð̞ãn
zaitzatedan	s̻ai̯ts̻at̪eð̞ãn
zaitzategula	s̺ai̯ts̻at̪eɣ̞ula
zaitzategula	s̻ai̯ts̻at̪eɣ̞ula
zaitzategun	s̺ai̯ts̻at̪eɣ̞ũn
zaitzategun	s̻ai̯ts̻at̪eɣ̞ũn
zaitzatela	s̺ai̯ts̻at̪ela
zaitzatela	s̻ai̯ts̻at̪ela
zaitzaten	s̺ai̯ts̻at̪ẽn
zaitzaten	s̻ai̯ts̻at̪ẽn
zaitzatetela	s̺ai̯ts̻at̪et̪ela
zaitzatetela	s̻ai̯ts̻at̪et̪ela
zaitzateten	s̺ai̯ts̻at̪et̪ẽn
zaitzateten	s̻ai̯ts̻at̪et̪ẽn
zaizu	sai̯s̺u
zaizue	sai̯s̺ue
zakarki	sakaɾki
zakatz	s̺akats̻
zakatz	s̻akats̻
zakil	sakˈil
zakil	s̺akil
zakil	s̻akil
zakilkada	s̺akilkað̞a
zakilkada	s̻akilkað̞a
zakur	s̺akur
zakur	s̻akur
zakuratu	sakuratu
zakuto	sakuto
zalantza	s̺alãnts̻a
zalantza	s̻alãnts̻a
zalantzan	salãn̪ts̺an
zalaparta	salapaɾta
zalaparta	s̻alapart̪a
zalapartari	salapaɾtaɾi
zaldarriaga	s̺al̪d̪ariaɣ̞a
zaldarriaga	s̻al̪d̪ariaɣ̞a
zaldi	s̻al̪d̪i
zaldibar	s̺al̪d̪iβ̞ar
zaldibar	s̻al̪d̪iβ̞ar
zaldikume	sald̪ikume
zalditeria	s̺al̪d̪it̪eɾia
zaldun	s̺al̪d̪ũn
zaldun	s̻al̪d̪ũn
zaltu	s̺al̪t̪u
zaltu	s̻al̪t̪u
zalu	salu
zama	sama
zama	s̺ama
zama	s̻ama
zamabere	samabeɾe
zamaketa	samaketa
zamalkatu	s̺amal̪kat̪u
zamari	s̻amaɾi
zamatu	saˈmatˈu
zan	san
zanga	sanga
zango	sˈaŋgo
zangoak	sãŋgoak
zangotrabatu	sanɣ̞ot̪ɾaβ̞at̪u
zangoza	s̺aŋgos̺a
zangoza	s̻aŋgos̻a
zanpateko	sanpateko
zantzu	sãn̪t̪s̺u
zapaburu	sapaβ̞uɾu
zapaburu	s̻apaβ̞uɾu
zapal	saːpal
zapaldu	sapalð̞u
zapaldu	s̻apal̪d̪u
zapalkeria	s̻apalke̞ɾia
zapalketa	s̻apalke̞t̪a
zapalkuntza	s̻apalkũnts̻a
zapata	sapata
zapata	s̻apat̪a
zapatari	sapataɾi
zapatu	s̺apat̪u
zapatu	s̻apat̪u
zapo	sapo
zapoka	sapoka
zapore	sapore
zara	aɾa
zara	s̺aɾa
zara	s̻aɾa
zaragoza	s̺aɾag̊ossa
zaran	saɾan
zarata	saɾata
zarateke	s̺aɾat̪eke
zarateke	s̻aɾat̪eke
zaratekete	s̺aɾat̪eket̪e
zaratekete	s̻aɾat̪eket̪e
zarautz	s̺aɾau̯ts̻
zarautz	s̻aɾau̯ts̻
zarautza	saraut̪s̺a
zarauztarra	s̺aɾauz̺t̪ae̞ɾɾa
zarete	saɾete
zarete	s̺aɾet̪e
zarete	s̻aɾet̪e
zaroatzan	s̻aɾo̞ats̻ãn
zarta	sˈaɾta
zartako	sartako
zartatu	sartat̪u
zata	satˈa
zatekeen	s̺at̪ekeẽn
zatekeen	s̻at̪ekeẽn
zati	sati
zatidura	sat̪ið̞uɾa
zatika	satika
zatiketa	saːtiːkˈetˈa
zatoz	s̺at̪os̺
zatoz	s̻at̪os̻
zatozen	s̺at̪os̺ẽn
zatozen	s̻at̪os̻ẽn
zatozke	s̺at̪os̺ke
zatozke	s̻at̪os̻ke
zatozkete	s̺at̪os̺ket̪e
zatozkete	s̻at̪os̻ket̪e
zatozte	s̺at̪os̺t̪e
zatozte	s̻at̪os̻t̪e
zatozten	s̺at̪os̺t̪ẽn
zatozten	s̻at̪os̻t̪ẽn
zatxezkidate	s̺atʃes̺kið̞at̪e
zatxezkidate	s̻atʃes̻kið̞at̪e
zatxezkie	s̺atʃes̺kie
zatxezkie	s̻atʃes̻kie
zatxezkiete	s̺atʃes̺kiet̪e
zatxezkiete	s̻atʃes̻kiet̪e
zatxezkigu	s̺atʃes̺kiɣ̞u
zatxezkigu	s̻atʃes̻kiɣ̞u
zatxezkigute	s̺atʃes̺kiɣ̞ut̪e
zatxezkigute	s̻atʃes̻kiɣ̞ut̪e
zatxezkio	s̺atʃes̺kio
zatxezkio	s̻atʃes̻kio
zatxezkiote	s̺atʃes̺kiot̪e
zatxezkiote	s̻atʃes̻kiot̪e
zatxezkit	s̺atʃes̺kit̪
zatxezkit	s̻atʃes̻kit̪
zaude	s̺au̯ð̞e
zaude	s̻au̯ð̞e
zaudeke	s̺au̯ð̞eke
zaudeke	s̻au̯ð̞eke
zaudekete	s̺au̯ð̞eket̪e
zaudekete	s̻au̯ð̞eket̪e
zauden	s̺au̯ð̞ẽn
zauden	s̻au̯ð̞ẽn
zaudete	s̺au̯ð̞et̪e
zaudete	s̻au̯ð̞et̪e
zaudeten	s̺au̯ð̞et̪ẽn
zaudeten	s̻au̯ð̞et̪ẽn
zauri	s̻au̯ɾi
zauriak	sawɾiak
zautza	s̺au̯ts̻a
zautza	s̻au̯ts̻a
zautzate	s̺au̯ts̻at̪e
zautzate	s̻au̯ts̻at̪e
zauzka	s̺au̯s̺ka
zauzka	s̻au̯s̻ka
zauzkagu	s̺au̯s̺kaɣ̞u
zauzkagu	s̻au̯s̻kaɣ̞u
zauzkat	s̺au̯s̺kat̪
zauzkat	s̻au̯s̻kat̪
zauzkate	s̺au̯s̺kat̪e
zauzkate	s̻au̯s̻kat̪e
zauzkategu	s̺au̯s̺kat̪eɣ̞u
zauzkategu	s̻au̯s̻kat̪eɣ̞u
zauzkatet	s̺au̯s̺kat̪et̪
zauzkatet	s̻au̯s̻kat̪et̪
zauzkatete	s̺au̯s̺kat̪et̪e
zauzkatete	s̻au̯s̻kat̪et̪e
zazaguzki	s̻as̻aɣ̞us̻ki
zazaguzkigu	s̻as̻aɣ̞us̻kiɣ̞u
zazaguzkit	s̻as̻aɣ̞us̻kit̪
zazaguzkite	s̻as̻aɣ̞us̻kit̪e̞
zazaguzte	s̻as̻aɣ̞us̻t̪e̞
zazaguztegu	s̻as̻aɣ̞us̻t̪e̞ɣ̞u
zazaguztet	s̻as̻aɣ̞us̻t̪e̞t̪
zazaguztete	s̻as̻aɣ̞us̻t̪e̞t̪e̞
zazpi	s̻as̻pi
zazpigarren	s̺as̺piɣ̞arẽn
zazpigarren	s̻as̻piɣ̞arẽn
zazpikoitz	s̻as̻piko̞i̯ts̻
zazpiren	s̻as̻piɾẽ̞n
zazpizango	s̺as̺pis̺aŋgo
ze	se
ze	s̺e
ze	s̻e
zeberio	seˈberio
zebilen	s̺eβ̞iʎẽn
zebilen	s̻eβ̞ilẽn
zebilen	s̻eβ̞iʎẽn
zebilkeen	s̺eβ̞ilkeẽn
zebilkeen	s̻eβ̞ilkeẽn
zebiltzan	s̺eβ̞ilts̻ãn
zebiltzan	s̻eβ̞ilts̻ãn
zebilzkeen	s̺eβ̞ils̺keẽn
zebilzkeen	s̻eβ̞ils̻keẽn
zebra	s̺eβ̞ra
zebra	s̻eβ̞ra
zedila	s̺eð̞iʎa
zedila	s̻eð̞ila
zedila	s̻eð̞iʎa
zedin	s̺eð̞ĩn
zedin	s̻eð̞ĩn
zegien	s̺eɣ̞iẽn
zegien	s̻eɣ̞iẽn
zegiten	s̺eɣ̞it̪ẽn
zegiten	s̻eɣ̞it̪ẽn
zegitzan	s̺eɣ̞its̻ãn
zegitzan	s̻eɣ̞its̻ãn
zegitzaten	s̺eɣ̞its̻at̪ẽn
zegitzaten	s̻eɣ̞its̻at̪ẽn
zegoen	s̺eɣ̞oẽn
zegoen	s̻eɣ̞oẽn
zegokeen	s̺eɣ̞okeẽn
zegokeen	s̻eɣ̞okeẽn
zeharkako	s̺eaɾkako
zehatz	s̺eats̻
zehatz	s̻eats̻
zehatz	s̻ehats̻
zehaztasun	s̺eas̺t̪as̺ũn
zehaztasun	s̻eas̻t̪as̺ũn
zehaztasun	s̻ehas̻t̪as̺ũn
zein	s̺ẽĩ̯n
zein	s̻ẽĩ̯n
zekale	se̞kalˈe
zekartzaten	s̺ẽkaɾt̪s̻at̪e̞n
zeken	seken
zekien	s̻e̞kiẽ̞n
zekion	s̻e̞kiõ̞n
zekiten	s̻e̞kit̪ẽ̞n
zekizkien	s̻e̞kis̻kiẽ̞n
zekizkion	s̻e̞kis̻kiõ̞n
zekizkiten	s̻e̞kis̻kit̪ẽ̞n
zekorki	sekoˈrki
zekusan	s̻e̞kus̺ãn
zekusaten	s̻e̞kus̺at̪ẽ̞n
zekuskien	s̻e̞kus̺kiẽ̞n
zekuskiten	s̻e̞kus̺kit̪ẽ̞n
zela	sˈela
zelatari	selataɾi
zelatatu	selatatu
zelatu	selatˈu
zelebre	keleβ̞ɾe
zelibatu	sel̪ibat̪u
zeltera	sel̪t̪eɾa
zemendi	s̺emẽn̪d̪i
zemendi	s̻emẽn̪d̪i
zen	sen
zen	s̺ẽn
zen	s̻ẽn
zenbaketa	senbaketa
zenbaki	senβ̞aki
zenbaki	s̺ẽmbaki
zenbaki	s̻ẽmbaki
zenbakiak	s̺nbakiak
zenbana	semβ̞ana
zenbatgarren	s̺embat̪ɣ̞arẽn
zenbiltzan	s̺ẽmbilts̻ãn
zenbiltzan	s̻ẽmbilts̻ãn
zenbiltzaten	s̺e̞nβ̞ilt̪at̪ẽn
zenbiltzaten	s̺ẽmbilts̻at̪ẽn
zenbiltzaten	s̻ẽmbilts̻at̪ẽn
zenbilzke	s̺ẽmbils̺ke
zenbilzke	s̻ẽmbils̻ke
zenbilzkeen	s̺ẽmbils̺keẽn
zenbilzkeen	s̻ẽmbils̻keẽn
zenbilzkete	s̺ẽmbils̺ket̪e
zenbilzkete	s̻ẽmbils̻ket̪e
zenbilzketen	s̺ẽmbils̺ket̪ẽn
zenbilzketen	s̻ẽmbils̻ket̪ẽn
zenegien	s̺eneɣ̞iẽn
zenegien	s̻eneɣ̞iẽn
zenegike	s̺eneɣ̞ike
zenegike	s̻eneɣ̞ike
zenegikete	s̺eneɣ̞iket̪e
zenegikete	s̻eneɣ̞iket̪e
zenegiten	s̺eneɣ̞it̪ẽn
zenegiten	s̻eneɣ̞it̪ẽn
zenegitzake	s̺eneɣ̞its̻ake
zenegitzake	s̻eneɣ̞its̻ake
zenegitzakete	s̺eneɣ̞its̻aket̪e
zenegitzakete	s̻eneɣ̞its̻aket̪e
zenegitzan	s̺eneɣ̞its̻ãn
zenegitzan	s̻eneɣ̞its̻ãn
zenegitzaten	s̺eneɣ̞its̻at̪ẽn
zenegitzaten	s̻eneɣ̞its̻at̪ẽn
zenekarren	s̺ẽne̞kare̞n
zenekarten	s̺ẽne̞kaɾt̪ẽn
zenekartzaten	s̺ẽne̞kart̪z̺at̪ẽn
zenekien	s̻e̞ne̞kiẽ̞n
zenekike	s̻e̞ne̞kike̞
zenekikete	s̻e̞ne̞kike̞t̪e̞
zenekiten	s̻e̞ne̞kit̪ẽ̞n
zenekizke	s̻e̞ne̞kis̻ke̞
zenekizkete	s̻e̞ne̞kis̻ke̞t̪e̞
zenekizkien	s̻e̞ne̞kis̻kiẽ̞n
zenekizkiten	s̻e̞ne̞kis̻kit̪ẽ̞n
zenekusan	s̻e̞ne̞kus̺ãn
zenekusaten	s̻e̞ne̞kus̺at̪ẽ̞n
zenekusazke	s̻e̞ne̞kus̺as̻ke̞
zenekusazkete	s̻e̞ne̞kus̺as̻ke̞t̪e̞
zenekuske	s̻e̞ne̞kus̺ke̞
zenekuskete	s̻e̞ne̞kus̺ke̞t̪e̞
zenekuskien	s̻e̞ne̞kus̺kiẽ̞n
zenekuskiten	s̻e̞ne̞kus̺kit̪ẽ̞n
zenentzuen	s̻e̞nẽ̞nts̻uẽ̞n
zenentzuke	s̻e̞nẽ̞nts̻uke̞
zenentzukete	s̻e̞nẽ̞nts̻uke̞t̪e̞
zenentzuten	s̻e̞nẽ̞nts̻ut̪ẽ̞n
zenentzuzke	s̻e̞nẽ̞nts̻us̻ke̞
zenentzuzkete	s̻e̞nẽ̞nts̻us̻ke̞t̪e̞
zenentzuzkien	s̻e̞nẽ̞nts̻us̻kiẽ̞n
zenentzuzkiten	s̻e̞nẽ̞nts̻us̻kit̪ẽ̞n
zenerakuske	s̻e̞ne̞ɾakus̺ke̞
zenerakuskete	s̻e̞ne̞ɾakus̺ke̞t̪e̞
zenerakuskien	s̻e̞ne̞ɾakus̺kiẽ̞n
zenerakuskiten	s̻e̞ne̞ɾakus̺kit̪ẽ̞n
zenerakutsan	s̻e̞ne̞ɾakuts̺ãn
zenerakutsaten	s̻e̞ne̞ɾakuts̺at̪ẽ̞n
zenerakutsazke	s̻e̞ne̞ɾakuts̺as̻ke̞
zenerakutsazkete	s̻e̞ne̞ɾakuts̺as̻ke̞t̪e̞
zeneroake	s̻e̞ne̞ɾo̞ake̞
zeneroakete	s̻e̞ne̞ɾo̞ake̞t̪e̞
zeneroan	s̻e̞ne̞ɾo̞ãn
zeneroaten	s̻e̞ne̞ɾo̞at̪ẽ̞n
zeneroatzan	s̻e̞ne̞ɾo̞ats̻ãn
zeneroatzaten	s̻e̞ne̞ɾo̞ats̻at̪ẽ̞n
zeneroazke	s̻e̞ne̞ɾo̞as̻ke̞
zeneroazkete	s̻e̞ne̞ɾo̞as̻ke̞t̪e̞
zeneukake	s̺eneu̯kake
zeneukake	s̻eneu̯kake
zeneukakete	s̺eneu̯kaket̪e
zeneukakete	s̻eneu̯kaket̪e
zeneukan	s̺eneu̯kãn
zeneukan	s̻eneu̯kãn
zeneukaten	s̺eneu̯kat̪ẽn
zeneukaten	s̻eneu̯kat̪ẽn
zeneuzkake	s̺eneu̯s̺kake
zeneuzkake	s̻eneu̯s̻kake
zeneuzkakete	s̺eneu̯s̺kaket̪e
zeneuzkakete	s̻eneu̯s̻kaket̪e
zeneuzkan	s̺eneu̯s̺kãn
zeneuzkan	s̺ẽnɛus̻kãn
zeneuzkan	s̻eneu̯s̻kãn
zeneuzkaten	s̺eneu̯s̺kat̪ẽn
zeneuzkaten	s̻eneu̯s̻kat̪ẽn
zenezaguen	s̻e̞ne̞s̻aɣ̞uẽ̞n
zenezaguke	s̻e̞ne̞s̻aɣ̞uke̞
zenezagukete	s̻e̞ne̞s̻aɣ̞uke̞t̪e̞
zenezaguten	s̻e̞ne̞s̻aɣ̞ut̪ẽ̞n
zenezaguzke	s̻e̞ne̞s̻aɣ̞us̻ke̞
zenezaguzkete	s̻e̞ne̞s̻aɣ̞us̻ke̞t̪e̞
zenezaguzkien	s̻e̞ne̞s̻aɣ̞us̻kiẽ̞n
zenezaguzkiten	s̻e̞ne̞s̻aɣ̞us̻kit̪ẽ̞n
zenezake	s̺enes̺ake
zenezake	s̻enes̻ake
zenezakeen	s̺enes̺akeẽn
zenezakeen	s̻enes̻akeẽn
zenezakete	s̺enes̺aket̪e
zenezakete	s̻enes̻aket̪e
zenezaketen	s̺enes̺aket̪ẽn
zenezaketen	s̻enes̻aket̪ẽn
zenezala	s̺enes̺ala
zenezala	s̻enes̻ala
zenezan	s̺enes̺ãn
zenezan	s̻enes̻ãn
zenezatela	s̺enes̺at̪ela
zenezatela	s̻enes̻at̪ela
zenezaten	s̺enes̺at̪ẽn
zenezaten	s̻enes̻at̪ẽn
zengotitabengoa	s̺ẽngoɾitabẽngoa
zeniharduen	s̻e̞niarð̞uẽ̞n
zeniharduen	s̻e̞niɦarð̞uẽ̞n
zenihardukake	s̻e̞niarð̞ukake̞
zenihardukake	s̻e̞niɦarð̞ukake̞
zenihardukakete	s̻e̞niarð̞ukake̞t̪e̞
zenihardukakete	s̻e̞niɦarð̞ukake̞t̪e̞
zenihardukan	s̻e̞niarð̞ukãn
zenihardukan	s̻e̞niɦarð̞ukãn
zenihardukaten	s̻e̞niarð̞ukat̪ẽ̞n
zenihardukaten	s̻e̞niɦarð̞ukat̪ẽ̞n
zeniharduke	s̻e̞niarð̞uke̞
zeniharduke	s̻e̞niɦarð̞uke̞
zenihardukete	s̻e̞niarð̞uke̞t̪e̞
zenihardukete	s̻e̞niɦarð̞uke̞t̪e̞
zeniharduten	s̻e̞niarð̞ut̪ẽ̞n
zeniharduten	s̻e̞niɦarð̞ut̪ẽ̞n
zeniostaten	s̺eniostat̪ẽn
zenirauen	s̻e̞niɾau̯ẽ̞n
zenirauke	s̻e̞niɾau̯ke̞
zeniraukete	s̻e̞niɾau̯ke̞t̪e̞
zenirauten	s̻e̞niɾau̯t̪ẽ̞n
zenirudien	s̻e̞niɾuð̞iẽ̞n
zenirudike	s̻e̞niɾuð̞ike̞
zenirudikete	s̻e̞niɾuð̞ike̞t̪e̞
zeniruditen	s̻e̞niɾuð̞it̪ẽ̞n
zenituen	s̻e̞nit̪uẽ̞n
zenituzke	s̺enit̪us̺ke
zenituzke	s̻enit̪us̻ke
zenituzkeen	s̺enit̪us̺keẽn
zenituzkeen	s̻enit̪us̻keẽn
zenituzkete	s̺enit̪us̺ket̪e
zenituzkete	s̻enit̪us̻ket̪e
zenituzketen	s̺enit̪us̺ket̪ẽn
zenituzketen	s̻enit̪us̻ket̪ẽn
zenituzten	s̺enit̪u̯s̺t̪en
zenituzten	s̻e̞nit̪us̻t̪ẽ̞n
zenitzake	s̺enits̻ake
zenitzake	s̻enits̻ake
zenitzakeen	s̺enits̻akeẽn
zenitzakeen	s̻enits̻akeẽn
zenitzakete	s̺enits̻aket̪e
zenitzakete	s̻enits̻aket̪e
zenitzaketen	s̺enits̻aket̪ẽn
zenitzaketen	s̻enits̻aket̪ẽn
zenitzala	s̺enits̻ala
zenitzala	s̻enits̻ala
zenitzan	s̺enits̻ãn
zenitzan	s̻enits̻ãn
zenitzatela	s̺enits̻at̪ela
zenitzatela	s̻enits̻at̪ela
zenitzaten	s̺enits̻at̪ẽn
zenitzaten	s̻enits̻at̪ẽn
zenkizkien	s̻ẽ̞ŋkis̻kiẽ̞n
zenkizkieten	s̻ẽ̞ŋkis̻kie̞t̪ẽ̞n
zenkizkion	s̻ẽ̞ŋkis̻kiõ̞n
zenkizkioten	s̻ẽ̞ŋkis̻kio̞t̪ẽ̞n
zentimetro	sentimetro
zentozen	s̺ẽn̪t̪os̺ẽn
zentozen	s̻ẽn̪t̪os̻ẽn
zentozke	s̺ẽn̪t̪os̺ke
zentozke	s̻ẽn̪t̪os̻ke
zentozkeen	s̺ẽn̪t̪os̺keẽn
zentozkeen	s̻ẽn̪t̪os̻keẽn
zentozkete	s̺ẽn̪t̪os̺ket̪e
zentozkete	s̻ẽn̪t̪os̻ket̪e
zentozketen	s̺ẽn̪t̪os̺ket̪ẽn
zentozketen	s̻ẽn̪t̪os̻ket̪ẽn
zentozten	s̺ẽn̪t̪os̺t̪ẽn
zentozten	s̻ẽn̪t̪os̻t̪ẽn
zentxezkidake	s̻ẽ̞nʲtʃe̞s̻kið̞ake̞
zentxezkidakete	s̻ẽ̞nʲtʃe̞s̻kið̞ake̞t̪e̞
zentxezkidan	s̺ẽnʲtʃes̺kið̞ãn
zentxezkidan	s̻ẽnʲtʃes̻kið̞ãn
zentxezkidaten	s̺ẽnʲtʃes̺kið̞at̪ẽn
zentxezkidaten	s̻ẽnʲtʃes̻kið̞at̪ẽn
zentxezkieke	s̻ẽ̞nʲtʃe̞s̻kie̞ke̞
zentxezkiekete	s̻ẽ̞nʲtʃe̞s̻kie̞ke̞t̪e̞
zentxezkien	s̺ẽnʲtʃes̺kiẽn
zentxezkien	s̻ẽnʲtʃes̻kiẽn
zentxezkieten	s̺ẽnʲtʃes̺kiet̪ẽn
zentxezkieten	s̻ẽnʲtʃes̻kiet̪ẽn
zentxezkiguke	s̻ẽ̞nʲtʃe̞s̻kiɣ̞uke̞
zentxezkigukete	s̻ẽ̞nʲtʃe̞s̻kiɣ̞uke̞t̪e̞
zentxezkigun	s̺ẽnʲtʃes̺kiɣ̞ũn
zentxezkigun	s̻ẽnʲtʃes̻kiɣ̞ũn
zentxezkiguten	s̺ẽnʲtʃes̺kiɣ̞ut̪ẽn
zentxezkiguten	s̻ẽnʲtʃes̻kiɣ̞ut̪ẽn
zentxezkioke	s̻ẽ̞nʲtʃe̞s̻kio̞ke̞
zentxezkiokete	s̻ẽ̞nʲtʃe̞s̻kio̞ke̞t̪e̞
zentxezkion	s̺ẽnʲtʃes̺kiõn
zentxezkion	s̻ẽnʲtʃes̻kiõn
zentxezkioten	s̺ẽnʲtʃes̺kiot̪ẽn
zentxezkioten	s̻ẽnʲtʃes̻kiot̪ẽn
zentzuen	s̻ẽ̞nts̻uẽ̞n
zentzuten	s̻ẽ̞nts̻ut̪ẽ̞n
zentzuzkien	s̻ẽ̞nts̻us̻kiẽ̞n
zentzuzkiten	s̻ẽ̞nts̻us̻kit̪ẽ̞n
zenuen	s̻e̞nuẽ̞n
zenuke	s̺enuke
zenuke	s̻enuke
zenukeen	s̺enukeẽn
zenukeen	s̻enukeẽn
zenukete	s̺enuket̪e
zenukete	s̻enuket̪e
zenuketen	s̺enuket̪ẽn
zenuketen	s̻enuket̪ẽn
zenuten	senuten
zenuten	s̻e̞nut̪ẽ̞n
zer	s̺er
zer	s̻er
zer-nolako	seɾnolako
zera	s̺eɾa
zera	s̻eɾa
zerain	seɾain
zerakuskien	s̻e̞ɾakus̺kiẽ̞n
zerakuskiten	s̻e̞ɾakus̺kit̪ẽ̞n
zerakutsan	s̻e̞ɾakuts̺ãn
zerakutsaten	s̻e̞ɾakuts̺at̪ẽ̞n
zeraman	seɾaman
zeramatzan	s̺eramats̻ãn
zerbait	perbajt
zerbait	s̺erβ̞ai̯t̪
zerbait	s̻erβ̞ai̯t̪
zerbeza	s̺erβ̞es̺a
zerbeza	s̻erβ̞es̻a
zerbitzu	s̺erβ̞its̻u
zerbitzu	s̻erβ̞its̻u
zerbitzugune	s̻e̞rβ̞its̻uɣ̞une̞
zerekin	s̺eɾekĩn
zerekin	s̻eɾekĩn
zeremonia	s̺eɾemonia
zeremonia	s̻eɾemonia
zeren	s̺eɾẽn
zeren	s̻eɾẽn
zerentzat	s̺erẽns̻at̪
zerentzat	s̺eɾẽnts̻at̪
zerentzat	s̻eɾẽnts̻at̪
zerez	s̺eɾes̺
zerez	s̻eɾes̻
zerga	s̺erɣ̞a
zerga	s̻erɣ̞a
zergatik	s̺erɣ̞at̪ik
zergatik	s̻erɣ̞at̪ik
zeri	s̺eɾi
zeri	s̻eɾi
zerikusi	s̺eɾikus̺i
zerikusi	s̺eɾikuzi
zerikusi	s̻eɾikus̺i
zeriztan	s̺e̞ɾjst̪an
zerk	s̺erk
zerk	s̻erk
zero	s̺eɾo
zero	s̻eɾo
zero	θˈeɾo
zeroan	s̻e̞ɾo̞ãn
zeroaten	s̻e̞ɾo̞at̪ẽ̞n
zeroatzaten	s̻e̞ɾo̞ats̻at̪ẽ̞n
zerogarren	s̺eɾoɣ̞arẽn
zerogarren	s̻eɾoɣ̞arẽn
zerra	s̺era
zerra	s̻era
zerri	s̺eri
zerri	s̻eri
zertaz	s̺ert̪as̺
zertaz	s̻ert̪as̻
zertzelada	s̻erts̻e̞lað̞a
zertzeta	s̺erts̻et̪a
zertzeta	s̻erts̻et̪a
zeru	seɾˈu
zeru	se̞ɾuː
zeru	s̺eɾu
zeru	s̻eɾu
zeta	s̺et̪a
zeta	s̻et̪a
zetar	setaɾ
zetorkeen	s̺et̪orkeẽn
zetorkeen	s̻et̪orkeẽn
zetorren	s̺et̪orẽn
zetorren	s̻et̪orẽn
zetozen	s̺et̪os̺ẽn
zetozen	s̻et̪os̻ẽn
zetozkeen	s̺et̪os̺keẽn
zetozkeen	s̻et̪os̻keẽn
zetxekian	s̺etʃekiãn
zetxekian	s̻etʃekiãn
zetxekidan	s̺etʃekið̞ãn
zetxekidan	s̻etʃekið̞ãn
zetxekien	s̺etʃekiẽn
zetxekien	s̻etʃekiẽn
zetxekigun	s̺etʃekiɣ̞ũn
zetxekigun	s̻etʃekiɣ̞ũn
zetxekinan	s̺etʃekiɲãn
zetxekinan	s̻etʃekinãn
zetxekinan	s̻etʃekiɲãn
zetxekion	s̺etʃekiõn
zetxekion	s̻etʃekiõn
zetxekizuen	s̺etʃekis̺uẽn
zetxekizuen	s̻etʃekis̻uẽn
zetxekizun	s̺etʃekis̺ũn
zetxekizun	s̻etʃekis̻ũn
zetxezkian	s̺etʃes̺kiãn
zetxezkian	s̻etʃes̻kiãn
zetxezkidan	s̺etʃes̺kið̞ãn
zetxezkidan	s̻etʃes̻kið̞ãn
zetxezkien	s̺etʃes̺kiẽn
zetxezkien	s̻etʃes̻kiẽn
zetxezkigun	s̺etʃes̺kiɣ̞ũn
zetxezkigun	s̻etʃes̻kiɣ̞ũn
zetxezkinan	s̺etʃes̺kiɲãn
zetxezkinan	s̻etʃes̻kinãn
zetxezkinan	s̻etʃes̻kiɲãn
zetxezkion	s̺etʃes̺kiõn
zetxezkion	s̻etʃes̻kiõn
zetxezkizuen	s̺etʃes̺kis̺uẽn
zetxezkizuen	s̻etʃes̻kis̻uẽn
zetxezkizun	s̺etʃes̺kis̺ũn
zetxezkizun	s̻etʃes̻kis̻ũn
zetzan	s̺ets̻ãn
zetzan	s̻ets̻ãn
zeu	s̺eu̯
zeu	s̻eu̯
zeudekeen	s̺eu̯ð̞ekeẽn
zeudekeen	s̻eu̯ð̞ekeẽn
zeuden	s̺eu̯ð̞ẽn
zeuden	s̻eu̯ð̞ẽn
zeuenkoikeria	s̻eue̞nkojkeɾia
zeukan	seukˈan
zeukan	s̺eu̯kãn
zeukan	s̻eu̯kãn
zeukaten	seuk̚at̪ẽn
zeukaten	s̺eu̯kat̪ẽn
zeukaten	s̻eu̯kat̪ẽn
zeundeke	s̺ẽũ̯n̪d̪eke
zeundeke	s̻ẽũ̯n̪d̪eke
zeundekeen	s̺ẽũ̯n̪d̪ekeẽn
zeundekeen	s̻ẽũ̯n̪d̪ekeẽn
zeundekete	s̺ẽũ̯n̪d̪eket̪e
zeundekete	s̻ẽũ̯n̪d̪eket̪e
zeundeketen	s̺ẽũ̯n̪d̪eket̪ẽn
zeundeketen	s̻ẽũ̯n̪d̪eket̪ẽn
zeunden	s̺ẽũ̯n̪d̪ẽn
zeunden	s̻ẽũ̯n̪d̪ẽn
zeundeten	s̺ẽũ̯n̪d̪et̪ẽn
zeundeten	s̻ẽũ̯n̪d̪et̪ẽn
zeuntzake	s̺ẽũ̯nts̻ake
zeuntzake	s̻ẽũ̯nts̻ake
zeuntzakete	s̺ẽũ̯nts̻aket̪e
zeuntzakete	s̻ẽũ̯nts̻aket̪e
zeuntzan	s̺ẽũ̯nts̻ãn
zeuntzan	s̻ẽũ̯nts̻ãn
zeuntzaten	s̺ẽũ̯nts̻at̪ẽn
zeuntzaten	s̻ẽũ̯nts̻at̪ẽn
zeure	s̻e̞u̯ɾe̞
zeutzan	s̺eu̯ts̻ãn
zeutzan	s̻eu̯ts̻ãn
zeuzkan	s̺eu̯s̺kãn
zeuzkan	s̻eu̯s̻kãn
zeuzkaten	s̺eu̯s̺kat̪ẽn
zeuzkaten	s̻eu̯s̻kat̪ẽn
zezaguen	s̻e̞s̻aɣ̞uẽ̞n
zezaguten	s̻e̞s̻aɣ̞ut̪ẽ̞n
zezaguzkien	s̻e̞s̻aɣ̞us̻kiẽ̞n
zezaguzkiten	s̻e̞s̻aɣ̞us̻kit̪ẽ̞n
zezakeen	s̺es̺akeẽn
zezakeen	s̻es̻akeẽn
zezaketen	s̺es̺aket̪ẽn
zezaketen	s̻es̻aket̪ẽn
zezala	s̺es̺ala
zezala	s̻es̻ala
zezan	s̺es̺ãn
zezan	s̻es̻ãn
zezatela	s̺es̺at̪ela
zezatela	s̻es̻at̪ela
zezaten	s̺es̺at̪ẽn
zezaten	s̻es̻at̪ẽn
zezeil	s̺es̺ei̯l
zezeil	s̻es̻ei̯l
zezen	s̺es̺ẽn
zezen	s̻es̻ẽn
zezenkari	s̺es̺eŋkaɾi
zezenkari	s̻es̻eŋkaɾi
zi	s̺i
zi	s̻i
ziaboga	siaβ̞oɣ̞a
zian	sian
ziape	siape
ziape	s̺iape
ziape	s̻iape
ziapeaz	s̺iapeas̺
ziapeaz	s̻iapeas̻
ziaperik	s̺iapeɾik
ziaperik	s̻iapeɾik
zibergela	s̻ið̞ẽrɣ̞ela
zibil	s̺iβ̞il
zibil	s̻iβ̞il
zibilaren	s̻ibːilaɾen
zientzia	s̺iẽnts̻ia
zientzia	s̻iẽnts̻ia
zientzialari	s̺iẽnts̻ialaɾi
zientzialari	s̻iẽnts̻ialaɾi
zigilu	s̺iɣ̞iʎu
zigilu	s̻iɣ̞ilu
zigilu	s̻iɣ̞iʎu
zigor	s̺iɣ̞or
zigor	s̻iɣ̞or
zigortu	siɣ̞oɾt̪u
zigortu	s̺iɣ̞ort̪u
zigortu	s̻iɣ̞ort̪u
ziharduen	s̻iarð̞uẽ̞n
ziharduen	s̻iɦarð̞uẽ̞n
zihardukan	s̻iarð̞ukãn
zihardukan	s̻iɦarð̞ukãn
zihardukaten	s̻iarð̞ukat̪ẽ̞n
zihardukaten	s̻iɦarð̞ukat̪ẽ̞n
ziharduten	s̻iarð̞ut̪ẽ̞n
ziharduten	s̻iɦarð̞ut̪ẽ̞n
zihoakeen	s̺ixoakeẽn
zihoakeen	s̻ihoakeẽn
zihoakeen	s̻ixoakeẽn
zihoan	s̺ixoãn
zihoan	s̻ihoãn
zihoan	s̻ixoãn
zihoazen	s̺ixoas̺ẽn
zihoazen	s̻ihoas̻ẽn
zihoazen	s̻ixoas̻ẽn
zihoazkeen	s̺ixoas̺keẽn
zihoazkeen	s̻ihoas̻keẽn
zihoazkeen	s̻ixoas̻keẽn
zikina	sikinʲa
ziklotroi	s̺iklot̪roi̯
ziklotroi	s̻iklot̪roi̯
zikoina	s̺ikoɲa
zikoina	s̻ikoi̯na
zikoina	s̻ikoɲa
zilar	s̺iʎar
zilar	s̻ilar
zilar	s̻iʎar
zilargile	s̺iʎarɣ̞iʎe
zilargile	s̻ilarɣ̞ile
zilargile	s̻iʎarɣ̞iʎe
zilargin	s̺iʎarɣ̞ĩn
zilargin	s̻ilarɣ̞ĩn
zilargin	s̻iʎarɣ̞ĩn
zilarkara	s̺iʎarkaɾa
zilarkara	s̻ilarkaɾa
zilarkara	s̻iʎarkaɾa
zilegitu	s̺iʎeɣ̞it̪u
zilegitu	s̻ileɣ̞it̪u
zilegitu	s̻iʎeɣ̞it̪u
zilo	silo
zilueta	silweta
zimarku	simarku
zimentarri	kiment̪aɾɾi
zimitz	s̺imits̻
zimitz	s̻imits̻
zimur	simuɾ
zimurtu	simurtu
zinabrio	θinabrio
zinateke	s̺iɲat̪eke
zinateke	s̻inat̪eke
zinateke	s̻iɲat̪eke
zinatekeen	s̺iɲat̪ekeẽn
zinatekeen	s̻inat̪ekeẽn
zinatekeen	s̻iɲat̪ekeẽn
zinatekete	s̺iɲat̪eket̪e
zinatekete	s̻inat̪eket̪e
zinatekete	s̻iɲat̪eket̪e
zinateketen	s̺iɲat̪eket̪ẽn
zinateketen	s̻inat̪eket̪ẽn
zinateketen	s̻iɲat̪eket̪ẽn
zinderamatzan	ts̺ĩnd̪eɾamats̻an
zinderamazten	s̺ĩn̪d̪e̞ɾamaːs̻t̪e̞n
zindezaguzke	s̻ĩn̪d̪e̞s̻aɣ̞us̻ke̞
zindezaguzkegu	s̻ĩn̪d̪e̞s̻aɣ̞us̻ke̞ɣ̞u
zindezaguzket	s̻ĩn̪d̪e̞s̻aɣ̞us̻ke̞t̪
zindezaguzkete	s̻ĩn̪d̪e̞s̻aɣ̞us̻ke̞t̪e̞
zindezaguzketegu	s̻ĩn̪d̪e̞s̻aɣ̞us̻ke̞t̪e̞ɣ̞u
zindezaguzketet	s̻ĩn̪d̪e̞s̻aɣ̞us̻ke̞t̪e̞t̪
zindezaguzketete	s̻ĩn̪d̪e̞s̻aɣ̞us̻ke̞t̪e̞t̪e̞
zindezaguzkidan	s̻ĩn̪d̪e̞s̻aɣ̞us̻kið̞ãn
zindezaguzkien	s̻ĩn̪d̪e̞s̻aɣ̞us̻kiẽ̞n
zindezaguzkigun	s̻ĩn̪d̪e̞s̻aɣ̞us̻kiɣ̞ũn
zindezaguzkiten	s̻ĩn̪d̪e̞s̻aɣ̞us̻kit̪ẽ̞n
zindezaguztedan	s̻ĩn̪d̪e̞s̻aɣ̞us̻t̪e̞ð̞ãn
zindezaguztegun	s̻ĩn̪d̪e̞s̻aɣ̞us̻t̪e̞ɣ̞ũn
zindezaguzten	s̻ĩn̪d̪e̞s̻aɣ̞us̻t̪ẽ̞n
zindezaguzteten	s̻ĩn̪d̪e̞s̻aɣ̞us̻t̪e̞t̪ẽ̞n
zindoazen	s̺ĩn̪d̪oas̺ẽn
zindoazen	s̻ĩn̪d̪oas̻ẽn
zindoazke	s̺ĩn̪d̪oas̺ke
zindoazke	s̻ĩn̪d̪oas̻ke
zindoazkeen	s̺ĩn̪d̪oas̺keẽn
zindoazkeen	s̻ĩn̪d̪oas̻keẽn
zindoazkete	s̺ĩn̪d̪oas̺ket̪e
zindoazkete	s̻ĩn̪d̪oas̻ket̪e
zindoazketen	s̺ĩn̪d̪oas̺ket̪ẽn
zindoazketen	s̻ĩn̪d̪oas̻ket̪ẽn
zindoazten	s̺ĩn̪d̪oas̺t̪ẽn
zindoazten	s̻ĩn̪d̪oas̻t̪ẽn
zinduzkadan	s̺ĩn̪d̪us̺kað̞ãn
zinduzkadan	s̻ĩn̪d̪us̻kað̞ãn
zinduzkagun	s̺ĩn̪d̪us̺kaɣ̞ũn
zinduzkagun	s̻ĩn̪d̪us̻kaɣ̞ũn
zinduzkake	s̺ĩn̪d̪us̺kake
zinduzkake	s̻ĩn̪d̪us̻kake
zinduzkakegu	s̺ĩn̪d̪us̺kakeɣ̞u
zinduzkakegu	s̻ĩn̪d̪us̻kakeɣ̞u
zinduzkaket	s̺ĩn̪d̪us̺kaket̪
zinduzkaket	s̻ĩn̪d̪us̻kaket̪
zinduzkakete	s̺ĩn̪d̪us̺kaket̪e
zinduzkakete	s̻ĩn̪d̪us̻kaket̪e
zinduzkan	s̺ĩn̪d̪us̺kãn
zinduzkan	s̻ĩn̪d̪us̻kãn
zinduzkate	s̺ĩn̪d̪us̺kat̪e
zinduzkate	s̻ĩn̪d̪us̻kat̪e
zinduzkatedan	s̺ĩn̪d̪us̺kat̪eð̞ãn
zinduzkatedan	s̻ĩn̪d̪us̻kat̪eð̞ãn
zinduzkategu	s̺ĩn̪d̪us̺kat̪eɣ̞u
zinduzkategu	s̻ĩn̪d̪us̻kat̪eɣ̞u
zinduzkategun	s̺ĩn̪d̪us̺kat̪eɣ̞ũn
zinduzkategun	s̻ĩn̪d̪us̻kat̪eɣ̞ũn
zinduzkaten	s̺ĩn̪d̪us̺kat̪ẽn
zinduzkaten	s̻ĩn̪d̪us̻kat̪ẽn
zinduzkatet	s̺ĩn̪d̪us̺kat̪et̪
zinduzkatet	s̻ĩn̪d̪us̻kat̪et̪
zinduzkatete	s̺ĩn̪d̪us̺kat̪et̪e
zinduzkatete	s̻ĩn̪d̪us̻kat̪et̪e
zinduzkateten	s̺ĩn̪d̪us̺kat̪et̪ẽn
zinduzkateten	s̻ĩn̪d̪us̻kat̪et̪ẽn
zinegotziaren	s̺iɲoɣ̞ots̻iaɾẽn
zinema	sinema
zinen	s̺iɲẽn
zinen	s̻inẽn
zinen	s̻iɲẽn
zineten	s̺iɲet̪ẽn
zineten	s̻inet̪ẽn
zineten	s̻iɲet̪ẽn
zintezela	s̺ĩn̪t̪es̺ela
zintezela	s̻ĩn̪t̪es̻ela
zintezen	s̺ĩn̪t̪es̺ẽn
zintezen	s̻ĩn̪t̪es̻ẽn
zintezke	s̺ĩn̪t̪es̺ke
zintezke	s̻ĩn̪t̪es̻ke
zintezkeen	s̺ĩn̪t̪es̺keẽn
zintezkeen	s̻ĩn̪t̪es̻keẽn
zintezkete	s̺ĩn̪t̪es̺ket̪e
zintezkete	s̻ĩn̪t̪es̻ket̪e
zintezketen	s̺ĩn̪t̪es̺ket̪ẽn
zintezketen	s̻ĩn̪t̪es̻ket̪ẽn
zinteztela	s̺ĩn̪t̪es̺t̪ela
zinteztela	s̻ĩn̪t̪es̻t̪ela
zintezten	s̺ĩn̪t̪es̺t̪ẽn
zintezten	s̻ĩn̪t̪es̻t̪ẽn
zintudan	s̺ĩn̪t̪uð̞ãn
zintudan	s̻ĩn̪t̪uð̞ãn
zintuen	s̻ĩn̪t̪uẽ̞n
zintugun	s̻ĩn̪t̪uɣ̞ũn
zintuzke	s̺ĩn̪t̪us̺ke
zintuzke	s̻ĩn̪t̪us̻ke
zintuzkedan	s̺ĩn̪t̪us̺keð̞ãn
zintuzkedan	s̻ĩn̪t̪us̻keð̞ãn
zintuzkeen	s̺ĩn̪t̪us̺keẽn
zintuzkeen	s̻ĩn̪t̪us̻keẽn
zintuzkegu	s̺ĩn̪t̪us̺keɣ̞u
zintuzkegu	s̻ĩn̪t̪us̻keɣ̞u
zintuzkegun	s̺ĩn̪t̪us̺keɣ̞ũn
zintuzkegun	s̻ĩn̪t̪us̻keɣ̞ũn
zintuzket	s̺ĩn̪t̪us̺ket̪
zintuzket	s̻ĩn̪t̪us̻ket̪
zintuzkete	s̺ĩn̪t̪us̺ket̪e
zintuzkete	s̻ĩn̪t̪us̻ket̪e
zintuzketedan	s̺ĩn̪t̪us̺ket̪eð̞ãn
zintuzketedan	s̻ĩn̪t̪us̻ket̪eð̞ãn
zintuzketegu	s̺ĩn̪t̪us̺ket̪eɣ̞u
zintuzketegu	s̻ĩn̪t̪us̻ket̪eɣ̞u
zintuzketegun	s̺ĩn̪t̪us̺ket̪eɣ̞ũn
zintuzketegun	s̻ĩn̪t̪us̻ket̪eɣ̞ũn
zintuzketen	s̺ĩn̪t̪us̺ket̪ẽn
zintuzketen	s̻ĩn̪t̪us̻ket̪ẽn
zintuzketet	s̺ĩn̪t̪us̺ket̪et̪
zintuzketet	s̻ĩn̪t̪us̻ket̪et̪
zintuzketete	s̺ĩn̪t̪us̺ket̪et̪e
zintuzketete	s̻ĩn̪t̪us̻ket̪et̪e
zintuzketeten	s̺ĩn̪t̪us̺ket̪et̪ẽn
zintuzketeten	s̻ĩn̪t̪us̻ket̪et̪ẽn
zintuztedan	s̻ĩn̪t̪us̻t̪e̞ð̞ãn
zintuztegun	s̻ĩn̪t̪us̻t̪e̞ɣ̞ũn
zintuzten	s̻ĩn̪t̪us̻t̪ẽ̞n
zintuzteten	s̻ĩn̪t̪us̻t̪e̞t̪ẽ̞n
zintzadala	s̺ĩnts̻að̞ala
zintzadala	s̻ĩnts̻að̞ala
zintzadan	s̺ĩnts̻að̞ãn
zintzadan	s̻ĩnts̻að̞ãn
zintzagula	s̺ĩnts̻aɣ̞ula
zintzagula	s̻ĩnts̻aɣ̞ula
zintzagun	s̺ĩnts̻aɣ̞ũn
zintzagun	s̻ĩnts̻aɣ̞ũn
zintzake	s̺ĩnts̻ake
zintzake	s̻ĩnts̻ake
zintzakedan	s̺ĩnts̻akeð̞ãn
zintzakedan	s̻ĩnts̻akeð̞ãn
zintzakeen	s̺ĩnts̻akeẽn
zintzakeen	s̻ĩnts̻akeẽn
zintzakegu	s̺ĩnts̻akeɣ̞u
zintzakegu	s̻ĩnts̻akeɣ̞u
zintzakegun	s̺ĩnts̻akeɣ̞ũn
zintzakegun	s̻ĩnts̻akeɣ̞ũn
zintzaket	s̺ĩnts̻aket̪
zintzaket	s̻ĩnts̻aket̪
zintzakete	s̺ĩnts̻aket̪e
zintzakete	s̻ĩnts̻aket̪e
zintzaketedan	s̺ĩnts̻aket̪eð̞ãn
zintzaketedan	s̻ĩnts̻aket̪eð̞ãn
zintzaketegu	s̺ĩnts̻aket̪eɣ̞u
zintzaketegu	s̻ĩnts̻aket̪eɣ̞u
zintzaketegun	s̺ĩnts̻aket̪eɣ̞ũn
zintzaketegun	s̻ĩnts̻aket̪eɣ̞ũn
zintzaketen	s̺ĩnts̻aket̪ẽn
zintzaketen	s̻ĩnts̻aket̪ẽn
zintzaketet	s̺ĩnts̻aket̪et̪
zintzaketet	s̻ĩnts̻aket̪et̪
zintzaketete	s̺ĩnts̻aket̪et̪e
zintzaketete	s̻ĩnts̻aket̪et̪e
zintzaketeten	s̺ĩnts̻aket̪et̪ẽn
zintzaketeten	s̻ĩnts̻aket̪et̪ẽn
zintzala	s̺ĩnts̻ala
zintzala	s̻ĩnts̻ala
zintzan	s̺ĩnts̻ãn
zintzan	s̻ĩnts̻ãn
zintzatedala	s̺ĩnts̻at̪eð̞ala
zintzatedala	s̻ĩnts̻at̪eð̞ala
zintzatedan	s̺ĩnts̻at̪eð̞ãn
zintzatedan	s̻ĩnts̻at̪eð̞ãn
zintzategula	s̺ĩnts̻at̪eɣ̞ula
zintzategula	s̻ĩnts̻at̪eɣ̞ula
zintzategun	s̺ĩnts̻at̪eɣ̞ũn
zintzategun	s̻ĩnts̻at̪eɣ̞ũn
zintzatela	s̺ĩnts̻at̪ela
zintzatela	s̻ĩnts̻at̪ela
zintzaten	s̺ĩnts̻at̪ẽn
zintzaten	s̻ĩnts̻at̪ẽn
zintzatetela	s̺ĩnts̻at̪et̪ela
zintzatetela	s̻ĩnts̻at̪et̪ela
zintzateten	s̺ĩnts̻at̪et̪ẽn
zintzateten	s̻ĩnts̻at̪et̪ẽn
zintzilikari	s̺ĩn̪t̪s̻iliːkaɾiː
zintzilikario	s̺ins̻ilikaɾio
zintzilikatu	s̺ĩnts̻iʎikat̪u
zintzilikatu	s̻ĩnts̻ilikat̪u
zintzilikatu	s̻ĩnts̻iʎikat̪u
zintzur	s̺ĩnts̻ur
zintzur	s̻ĩnts̻ur
zintzurreko	s̺iints̻uɾreko
zipre	s̺ipre
zipre	s̻ipre
zipriano	pipriano
zira	sˈiɾa
ziratekeen	s̺iɾat̪ekeẽn
ziratekeen	s̻iɾat̪ekeẽn
zirauen	s̻iɾau̯ẽ̞n
zirauten	s̻iɾau̯t̪ẽ̞n
ziren	s̺iɾẽn
ziren	s̻iɾẽn
ziriko	siriko
zirimiri	siɾimiɾi
zirkonio	s̺irkonio
zirkonio	s̻irkonio
zirku	s̺irku
zirku	s̻irku
zirkulu	s̺irkulu
zirkulu	s̻irkulu
zirrara	sirɾaɾa
zirripedio	s̺iɾipeð̞io
zirta	θiɾta
zirtako	sirtako
zirudien	s̻iɾuð̞iẽ̞n
ziruditen	s̻iɾuð̞it̪ẽ̞n
ziruriketa	s̺iɾuɾike̞t̪a
zitadela	kitad̪ela
zitekean	s̺it̪ekeãn
zitekean	s̻it̪ekeãn
zitekeen	s̺it̪ekeẽn
zitekeen	s̻it̪ekeẽn
zitekenan	s̺it̪ekenãn
zitekenan	s̻it̪ekenãn
zitezela	s̺it̪es̺ela
zitezela	s̻it̪es̻ela
zitezen	s̺it̪es̺ẽn
zitezen	s̻it̪es̻ẽn
zitezkean	s̺it̪es̺keãn
zitezkean	s̻it̪es̻keãn
zitezkeen	s̺it̪es̺keẽn
zitezkeen	s̻it̪es̻keẽn
zitezkenan	s̺it̪es̺kenãn
zitezkenan	s̻it̪es̻kenãn
zitori	sitori
zitu	situ
zituan	s̺it̪uãn
zituan	s̻it̪uãn
zituen	situem
zituen	s̻it̪uẽ̞n
zitunan	s̺it̪unãn
zitunan	s̻it̪unãn
zituzkean	s̺it̪us̺keãn
zituzkean	s̻it̪us̻keãn
zituzkeen	s̺it̪us̺keẽn
zituzkeen	s̻it̪us̻keẽn
zituzkenan	s̺it̪us̺kenãn
zituzkenan	s̻it̪us̻kenãn
zituzketen	s̺it̪us̺ket̪ẽn
zituzketen	s̻it̪us̻ket̪ẽn
zituzten	s̻it̪us̻t̪ẽ̞n
zitzaidan	s̺its̻aið̞ãn
zitzaigun	s̺its̻aiɣ̞ũn
zitzaikidan	s̺its̻ais̻kið̞an
zitzakeen	s̺its̻akeẽn
zitzakeen	s̻its̻akeẽn
zitzaketen	s̺its̻aket̪ẽn
zitzaketen	s̻its̻aket̪ẽn
zitzala	s̺its̻ala
zitzala	s̻its̻ala
zitzan	s̺its̻ãn
zitzan	s̻its̻ãn
zitzatela	s̺its̻at̪ela
zitzatela	s̻its̻at̪ela
zitzaten	s̺its̻at̪ẽn
zitzaten	s̻its̻at̪ẽn
ziur	sijuɾ
ziurtatu	siurtatu
zizare	s̺is̺aɾe
zizare	s̻is̻aɾe
ziztatu	s̺is̺t̪at̪u
ziztatu	s̻is̻t̪at̪u
zoaz	s̺oas̺
zoaz	s̻oas̻
zoazen	s̺oas̺ẽn
zoazen	s̻oas̻ẽn
zoazke	s̺oas̺ke
zoazke	s̻oas̻ke
zoazkete	s̺oas̺ket̪e
zoazkete	s̻oas̻ket̪e
zoazte	s̺oas̺t̪e
zoazte	s̻oas̻t̪e
zoazten	s̺oas̺t̪ẽn
zoazten	s̻oas̻t̪ẽn
zokoratu	sokoɾatu
zolda	s̻o̞l̪d̪a
zomorro	s̺omoro
zomorro	s̻omoro
zonbi	zombi
zopatu	sopatʰu
zor	s̻o̞r
zorabiatu	s̺oɾaβ̞iat̪u
zorabiatu	s̻oɾaβ̞iat̪u
zorabioa	soɾabioa
zoratu	soɾatu
zoratu	s̻o̞ɾat̪u
zori	s̻o̞ɾi
zorion	sorion
zorion	s̻o̞ɾiõ̞n
zorionak	s̻o̞ɾio̞nak
zorioneko	s̺oɾio̞ne̞kõ
zoriontsu	s̺oɾiõnts̻u
zoriontsu	s̻oɾiõnts̺u
zoritxar	soɾˈitʃaɾ
zorne	s̻o̞rne̞
zornotza	s̺ornots̻a
zornotza	s̻ornots̻a
zoro	soro
zorri	s̻o̞ri
zorriketa	s̺o̞rɣ̞ike̞t̪a
zorro	s̺oro
zorro	s̻oro
zorrotz	s̺orots̻
zorrotz	s̻orots̻
zorrozkailu	s̺oros̺kaʎu
zorrozkailu	s̻oros̻kai̯lu
zorrozkailu	s̻oros̻kaʎu
zorroztu	s̺oros̺t̪u
zorroztu	s̻oros̻t̪u
zorte	sˈoɾte
zortzi	s̺orts̻i
zortzi	s̻orts̻i
zortzigarren	s̺orts̻iɣ̞arẽn
zortzigarren	s̻orts̻iɣ̞arẽn
zortzigarrena	s̺o̞ɾts̻iɣ̞arẽna
zortzikoitz	s̻o̞rts̻iko̞i̯ts̻
zortziren	s̻o̞rts̻iɾẽ̞n
zotz	s̻o̞ts̻
zotzabar	s̺o̞t̪s̻aβ̞aɾ
zozo	s̻o̞s̻o̞
zozomikote	s̺os̺omiko̞t̪e
zu	su
zu	s̻u
zuan	s̺uãn
zuan	s̻uãn
zubi	s̺uβ̞i
zubi	s̻uβ̞i
zubia	s̺uβ̞ia
zubiaga	s̺uβ̞iaɣ̞a
zubiaga	s̻uβ̞iaɣ̞a
zubiaurre	subiaurɾe
zubibide	s̺uβ̞iβ̞ið̞e
zubibide	s̻uβ̞iβ̞ið̞e
zubiri	s̺uβ̞iɾi
zubiri	s̻uβ̞iɾi
zubizain	s̺uβ̞is̺ãĩ̯n
zubizain	s̻uβ̞is̻ãĩ̯n
zubizarreta	s̻uβ̞is̻aɾre̞t̪a
zuek	s̻ue̞k
zuen	s̻uẽ̞n
zugarramurdi	suɣ̞aɾɾamuɾð̞i
zuhaitz	s̺uai̯ts̻
zuhaitz	s̻uai̯ts̻
zuhaitz	s̻uhai̯ts̻
zuhaixka	s̺uai̯ʃka
zuhaixka	s̻uai̯ʃka
zuhaixka	s̻uhai̯ʃka
zuhamu	s̻uamu
zuhamu	s̻uɦamu
zuhamuxka	s̺uamuʃka
zuhamuxka	s̻uamuʃka
zuhamuxka	s̻uhamuʃka
zuhur	s̻ur
zuhur	s̻uɦur
zuinkatu	suĩŋkatːu
zuk	s̻uk
zukean	s̺ukeãn
zukean	s̻ukeãn
zukeen	s̺ukeẽn
zukeen	s̻ukeẽn
zukenan	s̺ukenãn
zukenan	s̻ukenãn
zuketen	s̺uket̪ẽn
zuketen	s̻uket̪ẽn
zuku	sˈuku
zulagailu	s̺ulaɣ̞aʎu
zulagailu	s̻ulaɣ̞ai̯lu
zulagailu	s̻ulaɣ̞aʎu
zulatu	s̻ulat̪u
zulo	sulo
zulo	s̺ulo
zulo	s̻ulo
zulogune	s̺uloɣ̞une
zulogune	s̻uloɣ̞une
zulokatu	tsulokatu
zulueta	s̺uluet̪a
zulueta	s̻uluet̪a
zumaia	sumaia
zumake	s̻umake̞
zumarraga	swmarɾaɣ̞a
zumarraga	s̺umaraɣ̞a
zumarraga	s̻umaraɣ̞a
zunan	s̺unãn
zunan	s̻unãn
zundaketa	s̻ũnd̪ake̞t̪a
zupu	supu
zur	s̺ur
zur	s̻ur
zuraide	s̺uɾai̯ð̞e
zuraide	s̻uɾai̯ð̞e
zurbil	zwˈɾbil
zure	s̻uɾe̞
zuretzat	s̻uɾes̻at
zureztatu	suɾes̻t̪at̪u
zurgin	s̺urɣ̞ĩn
zurgin	s̻urɣ̞ĩn
zurgina	s̻urɣ̞ina
zurgina	s̻urɣ̞iɲa
zurginak	s̻urɣ̞inak
zurginak	s̻urɣ̞iɲak
zurginarekin	s̻urɣ̞inaɾe̞kĩn
zurginarekin	s̻urɣ̞iɲaɾe̞kĩn
zurginaren	s̻urɣ̞inaɾẽ̞n
zurginaren	s̻urɣ̞iɲaɾẽ̞n
zurginarengan	s̻urɣ̞inaɾẽ̞ŋgãn
zurginarengan	s̻urɣ̞iɲaɾẽ̞ŋgãn
zurginarengana	s̻urɣ̞inaɾẽ̞ŋgana
zurginarengana	s̻urɣ̞iɲaɾẽ̞ŋgana
zurginarenganaino	s̻urɣ̞inaɾẽ̞ŋganai̯no̞
zurginarenganaino	s̻urɣ̞iɲaɾẽ̞ŋganaɲo̞
zurginarenganako	s̻urɣ̞inaɾẽ̞ŋganako̞
zurginarenganako	s̻urɣ̞iɲaɾẽ̞ŋganako̞
zurginarenganantz	s̻urɣ̞inaɾẽ̞ŋganãnts̻
zurginarenganantz	s̻urɣ̞iɲaɾẽ̞ŋganãnts̻
zurginarengandik	s̻urɣ̞inaɾẽ̞ŋgãn̪d̪ik
zurginarengandik	s̻urɣ̞iɲaɾẽ̞ŋgãn̪d̪ik
zurginarengatik	s̻urɣ̞inaɾẽ̞ŋgat̪ik
zurginarengatik	s̻urɣ̞iɲaɾẽ̞ŋgat̪ik
zurginarentzat	s̻urɣ̞inaɾẽ̞nts̻at̪
zurginarentzat	s̻urɣ̞iɲaɾẽ̞nts̻at̪
zurginari	s̻urɣ̞inaɾi
zurginari	s̻urɣ̞iɲaɾi
zurginaz	s̻urɣ̞inas̻
zurginaz	s̻urɣ̞iɲas̻
zurgindegi	s̺urɣ̞ĩn̪d̪eɣ̞i
zurgindegi	s̻urɣ̞ĩn̪d̪eɣ̞i
zurginei	s̻urɣ̞ine̞i
zurginei	s̻urɣ̞iɲe̞i
zurginek	s̻urɣ̞ine̞k
zurginek	s̻urɣ̞iɲe̞k
zurginekin	s̻urɣ̞ine̞kĩn
zurginekin	s̻urɣ̞iɲe̞kĩn
zurginen	s̻urɣ̞inẽ̞n
zurginen	s̻urɣ̞iɲẽ̞n
zurginengan	s̻urɣ̞inẽ̞ŋgãn
zurginengan	s̻urɣ̞iɲẽ̞ŋgãn
zurginengana	s̻urɣ̞inẽ̞ŋgana
zurginengana	s̻urɣ̞iɲẽ̞ŋgana
zurginenganaino	s̻urɣ̞inẽ̞ŋganai̯no̞
zurginenganaino	s̻urɣ̞iɲẽ̞ŋganaɲo̞
zurginenganako	s̻urɣ̞inẽ̞ŋganako̞
zurginenganako	s̻urɣ̞iɲẽ̞ŋganako̞
zurginenganantz	s̻urɣ̞inẽ̞ŋganãnts̻
zurginenganantz	s̻urɣ̞iɲẽ̞ŋganãnts̻
zurginengandik	s̻urɣ̞inẽ̞ŋgãn̪d̪ik
zurginengandik	s̻urɣ̞iɲẽ̞ŋgãn̪d̪ik
zurginengatik	s̻urɣ̞inẽ̞ŋgat̪ik
zurginengatik	s̻urɣ̞iɲẽ̞ŋgat̪ik
zurginentzat	s̻urɣ̞inẽ̞nts̻at̪
zurginentzat	s̻urɣ̞iɲẽ̞nts̻at̪
zurginez	s̻urɣ̞ine̞s̻
zurginez	s̻urɣ̞iɲe̞s̻
zurgini	s̻urɣ̞ini
zurgini	s̻urɣ̞iɲi
zurginik	s̻urɣ̞inik
zurginik	s̻urɣ̞iɲik
zurgintza	s̻urɣ̞ĩnts̻a
zurgintzat	s̻urɣ̞ĩnts̻at̪
zuri	s̻uɾi
zuringo	suɾiŋgo
zuritu	suɾitˈu
zuriñe	s̺uɾiɲe
zuriñe	s̻uɾiɲe
zurrumurru	s̺urumuru
zurrumurru	s̻urumuru
zurrupatu	suɾɾupatu
zurrutada	s̺ur̪utad̪a
zurtu	surtu
zutabe	sut̪abe
zutarri	zut̪aɾɾi
zuten	s̻ut̪ẽ̞n
zutiarazi	s̺ut̪jaɾas̺i
zutitu	sutitu
zutituko	sutituko
zutunik	sutˈˈunik
zuzen	s̺us̺ẽn
zuzen	s̻us̻ẽn
zuzena	s̺us̺ena
zuzena	s̻us̻ena
zuzenbide	s̺us̺ẽmbið̞e
zuzenbide	s̻us̻ẽmbið̞e
zuzenbidezko	s̺us̺ẽmbið̞es̺ko
zuzenbidezko	s̻us̻ẽmbið̞es̻ko
zuzendariarengan	s̻us̻emd̪aɾjalẽn̪ɣ̞an
zuzendu	s̺us̺ẽn̪d̪u
zuzendu	s̻us̻ẽn̪d̪u
zuzenean	s̺us̺eneãn
zuzenean	s̻us̻eneãn
zuzenetara	s̺us̻e̞ne̞t̪aɾa
zuzenketa	s̺us̻e̞nket̪a
zuzentasun	s̺us̺ẽn̪t̪as̺ũn
zuzentasun	s̻us̻ẽn̪t̪as̺ũn
zuzentzaile	s̺us̺ẽnts̻aʎe
zuzentzaile	s̻us̻ẽnts̻ai̯le
zuzentzaile	s̻us̻ẽnts̻aʎe
zuñiga	s̺uɲiɣ̞a
zuñiga	s̻uɲiɣ̞a
ñabar	nabaɾ
ñabardura	nabaɾd̪uɾa
ñau	ɟʝaw
