1آ	ɑː
2آ	ɑː
2سپاہی	ʃɑpʰɑhiː
8میٹراونچی	ʔeːmɪt̪ɾɔ̃ːtʃiː
a-دس	əd̪əs
an-ایک	ənɪk
g-چیٹ	gɪtʃʰeːt̪
h-ہولڈ	ɦoːlɗ
ha-ha-ha-ہا	hahaːhaː
one-اٹھانوے	əʈʰənoe
s-اس	əs
µàہ	ɑː
µéہا	ɑː
µا	ɑː
µاµµ	ɑːɾʌ
µاص	ʔɑs
µب	ɑːb
µر	əɾ
µرہ	ɾə
àء	ɑː
àارإ	ɑːrɪ
àہا	ɑːhɑː
âµµاك	ɑːk
âءْہج	ɑːhɑːdʒ
âاد	ɑːd̪
âادہـ	ɑːd̪ɑː
âب	ɑːb
âہ	ɑː
âہج	əɦdʒ
âہخءِ	ɑːx
âہد	əɦd̪
âہه	əɦe
âہهہ	ɑːhɑː
çؤ	ʃɔː
çادءِ	ʃɑːdɪ
çاز	ʃɑz
çاك	ʃɑk
çب	ʃɑb
èء	æ
èإد	ɛːd
èاط	əʈ
èب	ɛb
èہا	əɪ
éاد	æd
éب	ɛb
éہ	ə
êµاءِ	æ
êہج	əɪdʒ
ëµا	ɑː
ëأâµئ	ɪɾʈɑːɪ
ëئْ	ɛː
ëا	ɑː
ëاا	əː
ëاد	ɑːd
ëاذ	ɑːð
ëار	ɑr
ëاش	ɑːʃ
ëاص	ɑːs
ëاطءل	ʔɑːt̪ɑːl
ëہدءِµµ	ɛːɦd̪eː
ëہه	əhe
îµً	ɪmɾ
îµّءِ	ɪmˈɾi
îءل	ɪl
îءِ	ɪ
îءّ	ɪtː
îآ	ɑː
îآî	ɪɑː
îاد	iːɑːd
îار	ɑr
îاك	ɪk
ïاد	ɛːd
ôاد	ɔːd
ôادµç	ɔːd̪uː
ôار	ɔːr
ùہا	ʊɦɑ
ûآïار	ɑːɪr
ûآïاط	ɑːɪt̪
ûاكءِ	ɑːkɪ
ûہج	əʊɦdʒ
üءكµéہج	ʊkægʲeː
،	ʔ
؛	ʃ
ء	ʔ
ءµر	əɾ
ءء	ʔ
ءءءْ	ʔaː
ءءل	əɭ
ءءلءِ	əːlɪ
ءءہ	əː
ءأؤ	ɑːu
ءاك	əˈk
ءث	əθ
ءز	əˈz
ءض	əɖ
ءضء	ʔɑdʒ
ءضءِ	ʔɑdʒi
ءضااإح	əzaːɪh
ءضااإحہا	əzaːɪhɑː
ءضہخ	əɖʌx
ءط	ʔəʈ
ءك	ək
ءكار	əˈkɑr
ءكاك	əˈkɑk
ءٌ	ʔ
ءُ	ʔuː
ءِ	ʔ
ءِؤر	əɾ
ءِؤرءض	əɾɽəɖ
ءِا	ə
ءِاد	ɑːd
ءّ	ʔ
ءْ	ʔ
ءْہج	əɦdʒ
ءہضءِ	əɦd̪ə
آ	ɑː
آµ	ɑː
آµé	ɑːmɑːr
آë	ɑː
آî	ɑːi
آïءْ	ɑːɪ
آû	ɑːu
آü	ɑːu
آءِ	ɑː
آءِµµ	ɑːiː
آءّ	ɑː
آؤ	ɑu
آؤبھگت	ɑu̯bʱɐgʈ
آؤنگا	ɔːŋgə
آؤٹ	ɔːʈ
آؤٹر	ɔːʈəɾ
آؤں	ɔ̃
آئرس	ɑːɪrs
آئرش	ɑːɪrʃ
آئرن	ɑːɪrn
آئس	ɑɪs
آئلے	ɑːleː
آئندہ	ɑːɪnd̪ə
آئی	əɪ
آئیلینڈ	ɑɪlɑːnd
آئین	ɑːɪ̃ːn
آئیندہ	ɑːɪndə
آئینی	ɑːiːniː
آئیڈیا	ɑːɪdɪjɑː
آئیں	ɑ̃ẽ
آئیے	aije
آئے	aːjˈe
آئے	ɑːjeː
آاط	ɑːt̪
آاکنوں	ɑːkənõː
آب	aːb
آب	ɑːb
آبا	ɑbɑ
آبائی	ɑːɓɑːi
آباد	ɑːbɑːd
آبادکاروں	ɑːbɑːd̪kɑːroːŋ
آبادی	ɑːbɑːd̪iː
آبرو	aːbruː
آبرُو	aːbɾu
آبشار	ɑːbʃɑːr
آبشاروں	ɑːbʃɑːrʊ̃
آبى	ɑːbɪ
آت	ɑːt̪
آتا	ɑːt̪ɑː
آتش	ɑːt̪ʃ
آتشیں	ɑːt̪ʃeːn
آتما	ɑːtwɑː
آتہ	ɑːt̪ə
آتی	ɑːt̪iː
آتے	ɑːteː
آثار	ɑːt̪ɑːr
آج	əg
آجا	ɑːdʒɑː
آجاؤ	əˈdʒɔː
آجائیں	ədʒɑːɪ̃
آجاتا	əˈdʒət̪ə
آخر	ɑːxɪr
آخرکار	ɑːkɛrkɑːr
آخرکار	ɑːxɪrkɑːr
آخری	ɑːχɾiːm
آداب	ɑːdɑːb
آداب	ɑːd̪ɑːb
آدانا	ɑdɑnɑ
آدانہ	ædæna
آدم	aːdˈɐm
آدم	ɑːd̪əm
آدمی	ɑːd̪miː
آدمیوں	ɑːd̪mijõː
آدھ	ɑːd̪ʱ
آدھا	ɑːd̪ʱäː
آدھی	əːd̪ʱiː
آدھے	ɑːd̪ʱeː
آذربائیجان	ɑːzɛɾbɑːɪjɑːn
آر	ɑːr
آرا	ɑɾɑ
آرا	ɑːrɑː
آرائش	ɑːrɑːʃ
آرائش	ɑːɾɑːɪʃ
آرائشی	ɑːrɑːjʃiː
آراستگی	ɑːrɑːstʁiː
آراستہ	aɾɑsta
آراضی	ɑːɾɑːziː
آرام	ɑːrɑːm
آرسیی	ɑːɾsiː
آرلینڈو	ɑːrlɛnɖoː
آرمن	ɑːrmeːn
آرمینیا	ɑːrmɛnijɑ
آرٹ	ɑːɾt
آرٹ	ɑːɾt̪
آرٹ	ɑːɾʈ
آرٹلری	ɑːɾt̪ɪlɾiː
آرٹی	ɑːrt̪iː
آرپارہونا	ɑːrpɑːrɦona
آرڈر	ɑːɾd̪əɾ
آرڈمر	ɑːɾd̪mər
آرکائیو	ɑːɾkɑːɪuː
آرگنائزیشن	ɑːrgɪnaɪˈʒiːʃən
آرہا	ɑːɾʰɑː
آرہی	ɑːɾʰiː
آرہے	ɑːrɑːe
آری	aːriː
آریئر	ɑːriːjəɾ
آریائی	ɑːɾiːɑː
آزاد	ɑːzɑːd
آزادانہ	ɑːzɑːd̪ɑːnə
آزادانہ	ɑːzɑːɾdɑːnɑ
آزادگی	ɑːzɑːdˈgiː
آزادہ	ɑzɑdɑh
آزادی	ɑːzɑːdɪ
آزادی	ɑːzɑːd̪iː
آزادیوں	ɑːzɑːd̪ijõː
آزربائجان	ɑːzɑːrbaɪdʒɑːn
آزما	ɑːzmɑː
آزمائش	ɑːzmæˈʃ
آزمائش	ɑːzmɑːiːʃ
آزمانا	ɑːsmɑnɑ
آزمایا	aːzmɑjɑ
آس	bɑːs
آس	ɑːs
آسام	pɒsæm
آسان	ɑːsɑːn
آسان	ɢɒːsɒːn
آسانی	ɑːsɑːni
آستان	ɒːstɒːn
آسرا	ɑːsrɑh
آسمان	ɑːsmaːn
آسمان	ɑːsmɑːn
آسمانوں	ɑːsmɑːnõː
آسمانی	ɑːsmɑːniː
آسودہ	aːsuɫdɑ
آسکر	ɑːskər
آسکے	əskɛ
آشا	ɑʃɑ
آشام	əʃɑm
آشاہین	ɑːʃɑːhɪn
آشنائی	ɑːʃnɑːi
آشکار	ɑːʃɣɑr
آغاز	ɑːgɑːz
آغوش	ɣoʃ
آف	ɑːf
آفت	ɑːft
آفتاب	ɑːftɑːb
آفرينی	aːfɾiːni
آفریدی	ɑːfɾiːdiː
آفرین	afrin
آفس	ɑːfɪs
آفٹر	ɑːftər
آفیسر	ɑːfɪsər
آقا	ɑqɑh
آقحصار	ɑqhɯzæɾ
آل	ɑːl
آلا	ɑːlɑː
آلائش	ɑlɑʃ
آلات	ɑːlɑːt
آلت	ɑlɑt
آلو	ɑːluː
آلوبخارا	ɑːlubuxaːra
آلود	ɑːluːd
آلودگی	aːlʊdgi
آلودہ	aːluda
آلوگوشت	ɑlugɔʃt
آلگائے	ɑːlgɑːe
آلہ	ɑlɑ
آلہ	ɑːlə
آلے	ɑːleː
آم	ɑːm
آماجگاہ	ɑːmɑːdʒgɾɑh
آمادگی	ɑːmɑːbgiː
آمادہ	ɑmɑdɑ
آمادہ	ɑːmɑːd̪ɑː
آمد	ɑːmɯd
آمدنی	ɑːməd̪niː
آمدید	ɑːmɛdɪd
آمر	amɾ
آمرانہ	ɑːməɾɑːnə
آملیٹ	ɑːmlæt
آمنے	əˈmæne
آموزش	ɑmɔzɯʃ
آمیز	əmiːz
آمیزش	ɑmɛzɪʃ
آمیزہ	ɑːmɛːzæ
آن	ɑn
آن	ɑːn
آنا	ɑnɑ
آنا	ɑːnɑː
آناجانا	ɑnɑdʒaːnɑ
آنتوں	əːn̪t̪oːn̪
آنسو	ɑ̃ːsuː
آنکھ	ɑ̃kʰ
آنکھ	ɑ̃ːkʰ
آنکھوں	ɑ̃ːkʰõː
آنکھیں	ɑ̃kʰeːn
آنی	əˈniː
آنے	əne
آواران	aːvɑːrɑːm
آوارہ	ɑuɑːra
آواز	ɑˈvɑz
آواز	ɑːwɑːz
آواز	ɑːʋɑːz
آوازوں	ɑːʋɑːzʊ̃
آوازيں	ɑːvɑːzɪ
آوازیں	ɑːwɑːzɪ̃
آوازے	ɑːʋɑːzɪ
آوروں	ɑːʋəɾõː
آوی	ɑːʋiː
آویزہ	ɑːvˈeːzɑ
آوے	aːve
آٌ	ɑː
آَآَاط	ɑːt̪
آُ	ɑː
آّ	ɑː
آّاد	ɑːd
آّار	ɑːr
آْ	ɑː
آْہ	ɑː
آٹا	ɑːt̪ɑː
آٹا	ɑːt̪ˈɑ
آٹوموبائل	ɑːt̪oːmoːbɑɪl
آٹومیشن	ɑːt̪oːmɪʃːən
آٹھ	ɑːʈʰ
آٹھویں	ɑːʈʰʋeːn
آٹے	ɑːʈeː
آپ	ap
آپ	ɑːp
آپ-	ɑp
آپریشن	əpriːʃən
آپریشنز	əpɾeːʃənz
آپریشنوں	əpɾɪʃənõː
آپس	əps
آپشن	ɑːpʃn
آپکا	əpkə
آپکو	ɑːpkoː
آپکی	ɑpki
آپکے	əpke
آپی	api
آپی	ɑːpiː
آپے	ɑpɛ
آچاریہ	ɑːtʃɑːɾiː
آچکے	əʈʃke
آڈیو	ɑːd̪iːoː
آڈیٹر	ɑːdɪt̪əɾ
آڈیٹوریم	ɑːdiːt̪uːriːm
آڑ	ɑː
آڑ	ɑːɽ
آڑو	ɑːɽʊ
آک	oːk
آکا	ˈɑːkə
آکاشگنگا	ɑːkɑːʃgəŋgɑː
آکر	ɑːkəɾ
آکسیجن	ɑːksɪg̪n̪
آکلینڈ	ɑːkleɪnd
آکٹپس	ɑːkʈʰips
آگ	ɑːg
آگئی	əgeː
آگئیں	ɑːgeː
آگاہ	ɑːgɑː
آگاہی	ɑːgɑːhi
آگرا	agra
آگزبرگ	ɑːgzbəɾg
آگیا	əgijə
آگے	əgeː
آگےپیچھے	ʔägeːpiːtʃʰe
آں	ɑ̃
آہ	ɑː
آہا	ɑːhɑː
آہج	ɑːɦdʒ
آہستہ	ɑːhst̪ə
آہن	ɑhɑn
آہنگی	ɑːhɪŋgiː
آہیں	ɑ̃e̯
آیئے	aije
آیا	aja
آیا	ɑːjɑː
آیت	ɑːhɪt
آیت	ɑːɪt
آینه	ɑjna
آیہ	ɑjɑ
أµéہج	ɑːɾɪg
أµب	ɑːb
أءز	ɑːz
أار	ɑːr
أاط	ɑːt̪
أب	ɑb
أت	ɑt
أثہ	əθə
أر	ɑr
أرµ	ɑrɪ
أش	əʃ
أض	ɑdʒ
أمونيوس	əmoːniːus
أو	ɔː
أہ	ə
أہغاد	əɦgɑːd
أہغار	əɣɑːr
أہه	əhe
أہْ	ə
ؤ	ə
ؤأأ	ɑː
ؤا	ɔː
ؤاد	ɔːd
ؤار	ɔːr
ؤجئ	ɔdʒe
ؤرجاوان	ɔɾdʒɑːʋɑːn
ؤں	ɒ̃
ؤھآùہ	ɔːɦɑː
إëب	ɛːb
إء	ə
إءز	ɑz
إءِ	ə
إآ	ɑː
إأل	ɑːl
إأہ	ɑː
إاد	ɛːd
إاك	ɑːk
إب	ɪb
إحءّ	ɪhɑː
إد	ɪd
إدہا	ɪd̪ʱɑ
إذ	ɪð
إن	ɪn
إہ	əɪ
إہا	əɪhɑː
إہج	əiɦdʒ
ئµé	ɪʃtɪkʰɑːr
ئµه	əme
ئç	ɛ
ئا	ɑː
ئاأ	ɑː
ئاد	ɑːd
ئبہ	əbe
ئبہج	əbeɣ
ئث	əθ
ئدبھی-1	ɛd̪bʱi
ئغ	ɣ
ئل	ɛl
ئماندار	ɪmɑːnd̪ɑːr
ئن	ə̃
ئياد	ɛjɑːd
ئيب	ɪb
ئٍ	ɛ
ئْ	ə
ئہخ	əx
ئہض	əɦd̪
ئہضہ	əɦd̪ə
ئیڈی	ɛːɖiː
ا	ə
اµ	ɑː
اà	ɑː
اàµ	ɑː
اè	æ
اèاص	əˈs
اê	æ
اï	əɪ
اùاز	ɔːz
اüء	ɑː
اء	ɑː
اأ	ɑː
اأہج	əɦdʒ
ائیر	ɑɪr
ااإح	əɪh
ااإُ	ɑːbɪr
ااد	ɑːd
اب	əp
ابأؤ	ɑbɑu
ابا	əˈbɑ
اباجی	aːbadʒiː
ابتدائی	əbt̪əd̪ɑːiː
ابتر	abar
ابتلا	˩˦abʔt̚˨˩laː
ابد	əbəd
ابدی	ɑbɑːd̪iː
ابر	əbr
ابرار	əbrɑːr
ابرآلود	abraːluːd
ابراہام	əbraːɦɑːm
ابراہیم	əbrɑːhɪm
ابراہیم	ɪbɾɑːɦiː
ابرق	ɑbrɑq
ابرو	əˈbɾo
ابلاغ	ɛblaaɣ
ابلیس	eblis
ابلیسی	ɛbliːsiː
ابنا	abnɑː
ابو	əbo
ابوجہل	əbuːdʒʌl
ابوظہبی	əbuzˈhæbi
ابّا	abba
ابّاجان	əpɑːdʒɑːn
ابّو	abo
ابھار	ʊbɦɑr
ابھرنا	ubɦrna
ابھی	əbd̪ʱiː
ابہام	ɪbʱɑːn
ابے	əbeː
ات	ɑt
اتإح	ɑt̪ɪh
اتا	aːtːa
اتار	əˈt̪ɑːr
اتارنا	ɑt̪ɑrnɑ
اتارنے	ətaːrɳe
اتارو	ɑt̪ɑrʊ
اتاولے	ɑt̪ɑu̯lɛ
اتدیئ	ɑt̪d̪iː
اتر	ʊt̪r̪
اترا	əˈt̪rɑ
اترائی	ʊt̪ɾɑːɪ
اترن	ˈutrɒn
اترنے	ət̪rənẽ
اترو	ɑt̪roː
اتروانا	ɒt̪ɾʋaːnaː
اتساہی	ət̪sɑːhiː
اتفاق	ɪt̪ɑːq
اتنا	etna
اتنا	ət̪nə
اتنابننا	ətnaːbnɳaː
اتنظار	ɑt̪n̪əz̪ɑr
اتنی	ət̪niː
اتنے	ət̪neː
اتوار	ɑt̪ʋɑr
اتوارکادن	ɪ̞t̪wɑːrkadɪ̞n
اتکرجتا	ətkərdʒtə
اتھارٹی	əθɑːɾtiː
اثاثہ	əθɑːsə
اثرات	əθrɑːt
اثنا	əθnɑ
اثناء	əθnɑe
اجارہ	əgɑːɾɑː
اجازت	əgɑːzət
اجالا	ʒɑlɑ
اجرا	əgɾɑ
اجرام	ədʒɾaːn
اجرک	ɑdʒɯɾɑk
اجزاء	əgzɑːe
اجزائے	ədʒuzɑːjeː
اجل	əgːl
اجلاس	əglɑs
اجلاسوں	əglɑːsõː
اجمل	aːdʒmal
اجمود	ɛdʒmoːd
اجنبی	əgnbi
اجنبیوں	əgnbijoːn
اجوائن	əgoːɪ̃
اجھل	əʒl
اجیئ	əgiː
اجیر	adiːr
احاطوں	əɦɑːt̪õː
احاطہ	əɦɑːt̪ə
احتجاج	əɦt̪dʒɑːʒ
احتجاجی	ɑhtidʒadʒiː
احترام	æhtɾɑm
احترام	əɦtəɾɑm
احتراماً	əɦtɾɑmɑ̃
احتساب	əɦt̪sɑbɑd̪
احتیاطا	əɦtiːʔɑː
احتیاطی	əɦtiːət̪iː
احد	ɑhˈd
احساس	əɦsɑs
احساسات	əɦsɑsɑt
احمد	əˈhæmd
احمدبیٹا	əɦməd̪bɪt̪a
احمر	ɑhmər
احمق	ɑːhmq
احمقانہ	əħmɑqɑnɑ
احمقوں	əhmqõː
احکام	əɦkɑːm
احکامات	ɑhkamɑt
احکامات	əħkɑmɑt
اخإ	əxɪ
اخبار	ɑxˈbɑr
اخبار	əxˈbɑːr
اخبارات	əxbɑːɾɑːt̪
اخباری	ɑxˈbɑːri
اخباری	əxbaːri
اختتام	əxt̪əmə
اختتامیہ	ɪχtɪtɑmiːɑː
اخترتی	əxt̪eɾti
اختلاف	ɪxteɽɑf
اختلافات	ɑxtælɑfɑt
اختلافات	ɪxtɪlaːɣɑːt
اختیار	əxt̪iɑːr
اختیارات	əxtiːɾɑːt̪
اخذ	əxð
اخراج	əxrɑːdʒ
اخراجات	ɑxraːdʒɑːk
اخراجات	əxɾɑːdʒət
اخروٹ	əxroːʈ
اخلاط	ɑxˈlɑt
اخلاقی	əxlaːqi
اخلاقیات	ɑχlaqɪjɑt
اخلاقیات	əxlaːqijɑːt
اخی	əxɪ
اد	ɑːd
ادءز	ədeːz
ادءِ	ɑːd̪eː
ادءّ	ɑːd̪eː
اداؤں	aðˈaːn
ادائی	ɑdɑːiː
ادائیگی	ədaːigi
ادائیگی	əd̪ɑːeːgiː
ادارتی	ədaːrtiː
اداروں	əd̪ɑːɾoːŋ
ادارے	ədaːɾeː
اداس	əˈdɑs
اداسی	ədaːsiː
اداکارہ	ɑd̪aːkɑːrɑ
اداکاری	ədaːkɑːriː
ادب	əd̪b
ادبیات	ɑːd̪ɪbiːət
ادخال	ɑdˈxɑːl
ادراک	ədɾɑk
ادقارکرتا	əˈd̪ʌrˌkɑːrˌt̪ɑː
ادوار	ˈadwɑːr
ادویات	ədʋijɑːt
ادویات	ʔɑːdviːət
ادھار	ədaːr
ادھر	əɖʱə
ادھورا	əɖʱoːrɑ
ادھوری	əɖʱoːri
ادھیڑ	əɖʱiːɽ
ادہع	ədaː
ادیب	ɑd̪iːm
ادیبوں	adiːboːn
ادیبہ	adiːbaː
اذ	əð
اذان	ɑːzɑːn
اذان	əðɑn
اذیتیں	əˈdʒiːt̪iːŋ
ار	əɾ
ارµµ	əɾəɾ
ارإ	əɾe
ارادہ	əɾɑːd̪ə
ارادی	əɾaːdiː
ارادے	əɾɑːd̪eː
اراضی	ɑrɑːziː
اراکین	əɾɑːkiːn
ارباب	ɑrˈbɑːb
اربوں	ərˈbõː
ارتقاء	ɑːrt̪qɑːʔ
ارتکاب	ɑːrt̪kɑːb
ارتکازِ	ɾətkɑs
ارجنتینا	əɾdʒənt̪iːnɑː
ارجنٹینا	əːɾdʒnt̪iːnə
ارجیش	ɛrdʒɛʃ
ارد	ɑːɾd
اردن	ɑːrd̪n
اردنی	ərd̪niː
ارسال	ɑːrsɑːl
ارض	ɑɾz
ارضیاتی	ərdʒiɑːti
ارغوانی	ʔarɣoɑːniː
ارمان	ɾmɑːn
ارمانوں	əɾmaːnoː
ارمینی	ərmɛniː
ارنڈی	əɾəɳɖi
ارکان	əɾkɑn
ارہـاط	əɾɑːt̪
اری	ri
ارے	ɐɾe
ارے	əɾe
ارےارے	aɾeaɾe
از	əz
ازارہ	əzaːrɑ
ازالہ	əzaːlə
ازالے	ɑzɑleː
ازدواجی	əzduːəːdʒiː
ازسرنو	əˈzərnu
ازلی	əˈzli
ازواج	æzwɑːdʒ
ازگر	əˈzgəɾ
اس	əs
اس	ˈɪs
اساتذہ	əsɑt̪ʌð̪e
اساسی	asɑɹsiː
اسالیب	ɑsɑːliːm
اسامہ	əsaːmə
اسباط	əsbaːt
است	ast
استاد	ɪst̪ɑːd̪
استادہ	æstædɑg
استحصال	ɪst̪ʰəsaːl
استحصالی	ɪst̪ʰsɑːliː
استحکام	ɪst̪ʰkɑːm
استخاره	ɪstxɑːɾɑ
استدراک	ɪstidɾɑːk
استر	ɪst̪r
استری	istrɪ
استعمال	ɪstɪmɑːl
استفسار	ɪstɪfsɑːr
استفسار	ɪst̪fəsɑr
استقبالیہ	ɪstɪkɑːbəliː
استنبول	ɪstæmbʊl
استواری	ʔaːstwaːriː
استور	pastor
استورگشاٹ	əstoːrgiʃaːt
استھائی	ɑstʰɑːiː
استھان	æstæn
استھن	ɑstæn
اسرائلیوں	ɪsɾɑːɪlijõː
اسرائیل	ɪsraːˈʔiːl
اسرائیلی	ɪsɾɑːɾɑɪliː
اسرائیلیوں	ɪsraːɪlɪjõː
اسرار	ɪsɾɑːɾ
اسعمال	əsæmæl
اسقاط	ʔəskɑt
اسلئے	əsliːe
اسلام	ɪslɑːm
اسلحہ	əslaɦə
اسلحے	əsləɦeː
اسلیے	əsliːe
اسمار	əsmˈɑɹ
اسمبلی	ɪsmʊlɪ
اسناد	əsnɑːd
اسنگتی	əsəŋgiː
اسو	əsʊ
اسٹار	ɪst̪əɾ
اسٹاف	əst̪ɑːf
اسٹریٹ	əsˈtɾiːt̪
اسٹریٹجک	əst̪ɾiːt̪gɪk
اسٹوری	ɪsʈoːɾiː
اسٹونیا	estˈonja
اسٹیج	əst̪eːdʒ
اسٹیشن	əstiːʃən
اسٹینڈ	ɪsʈæ̃d̪ː
اسٹینڈز	əsˈt̪æːnd̪z
اسٹیو	ɪsˈtiːoː
اسٹیورٹ	əst̪iːʋəɾt̪
اسٹیٹ	ɪst̪eːt̪
اسٹیڈیم	əst̪eːd̪iːm
اسپاسِس	əspɑsɪs
اسپاسیس	əspɑːsiːs
اسپاٹ	əspɑːt
اسپتال	əspətaːl
اسپین	əspiːn
اسپیکر	əspiːkəɾ
اسکا	əska
اسکائپ	ɪskɑːpɪ
اسکالر	əskɑːləɾ
اسکریننگ	əskriːnɪŋ
اسکندریہ	ɪskəndəɾiː
اسکوائر	ɪskuɑːjɪr
اسکواڈ	ɪskɑːd̪
اسکور	əskuːr
اسکول	əskul
اسکوپ	əskoːp
اسکی	əski
اسکین	əskɪn
اسکینڈل	ɪskæ̃ːndəl
اسکینڈلوں	əskæ̃ːnd̪əlõː
اسکے	əske
اسی	əˈsiː
اسیر	asˌiː
اسینوف	əsɪnɔf
اسے	əsɛ
اش	əʃ
اشاروں	əʃɑːroːŋ
اشارہ	əʃɑːrɑː
اشارے	əʃɑːɾeː
اشتراک	əʃt̪ɾæk
اشتراک	ɪʃt̪eɾɑːk
اشتمالیت	ɪʃt̪emɑːlɪjət̪
اشتہاری	ɪʃt̪ʰɑːɾiː
اشد	aʃdi
اشراف	aʃraːf
اشرافیوں	aːʃraːfiw
اشرافیہ	əʃraːfiː
اشراوی	əʃraːvi
اشعری	taːʃaːriː
اشفاق	aʃaq
اشوکا	əʃuːqa
اشک	ˈaʃk
اشکال	əʃkaːn
اشکال	əʃkɑl
اشیاء	əʃiːɑː
اشیاءاور	əʃiɑːoːr
اشیاٗ	əʃjɑː
اشیرباد	ɑʃiːrbɑːr
اص	ɑs
اصطلاحیات	ɪstælɑhiːət
اصلاح	ɪslɑːh
اصلاحات	ɪslɑːxɑːt
اصلی	əsliː
اصلیت	əsliːt
اصول	əsɔl
اصولاً	əsʊlæ̃
اصولوں	əsʊlõː
اضافی	ɑːdʒɑːfi
اضافے	ɑɖɑfe
اط	əʈ
اطµه	ɑt̪ʰe
اطء	ɑt̪eː
اطءà	ɑt̪ːe
اطءط	ɑt̪ːʌt̪
اطؤ	ɑt̪uː
اطاعت	əˈt̪æːʋət̪
اطالوی	ɪtɑːlʋiː
اطلاع	ətɪlɑːʔ
اطلاق	ɪt̪lɑːq
اطلس	ætlæs
اطمینان	ɪtmiːnɑːn
اطوار	ɑtwɑr
اطیب	ətˈɪb
اظہار	ɪzhˈɑɹ
اظہجµç	əʒhɑdʒmɑs
اظہخءّ	əˈzahkʌ
اعتبار	eʔt̪ɪbɑːɾ
اعتبار	eːt̪bɑːɾ
اعتبار	əɪtɪbɑr
اعتدال	ˈeːtdˈɑl
اعتراضات	ɑːʋtɑːɾɑːʒɑːt
اعتراضی	ɾətɾɑːzi
اعترافات	əɪt̪ɾɑfɑːt̪ɑ
اعتماد	eʔt̪emɑːd̪
اعتماد	eʔt̪ɪmɑːd̪
اعتمادی	ɑːt̪mɑːdiː
اعزاز	əɪzɑz
اعزازیہ	ɒːæzɒːziːɑ
اعشاریہ	əʃɑːɾiːə
اعصاب	əʋsɑːb
اعصابی	əɪsɑːbi
اعضاء	ɑːɪzɑː
اعلام	ɑlɑm
اعلی	əʋˈliː
اعلیٰ	əʋˈliː
اعیان	ajjan
اغماز	ɛmɑːz
اغوا	əgʋɑː
اغواء	əɣwaː
اف	ɑf
افتادہ	aftɑːd̪ə
افراتفری	əfɾaːtfɾiː
افراد	əfɾɑːd
افروزہ	ɑfɾuːzæ
افریقہ	ɑːfriːqə
افزا	əfzɑ
افزائش	əfzɑːiʃ
افزائی	əfzaːi
افزاش	əfzaʃ
افسانوں	əfsənõː
افسانوی	əfsənaːviː
افسر	əfsər
افسران	əfsərɑːn
افسری	æfsæri
افسوس	əfsuːs
افسوسناک	əfsuːsnɑːk
افشا	ɑfʃaɾ
افشاء	afʃa
افغانستان	afɣɑnɪstɑːn
افغانی	æfgɑːniː
افلاطون	əflaːt̪uːn
افلاطونی	aːflətˤuːniː
افواج	əfwaːdʒ
افواہ	əfʋɑh
افواہوں	əfʋɑːhõː
افواہیں	əfʋɑ̄hẽː
افوہ	əfʊ
افکار	ɑfskɑːr
افگن	afgan
افیون	tˤfjuːn˥˩
اق	əq
اقتدار	əqt̪əd̪ɑr
اقتصاد	ɪktsɑːd
اقتصادی	ɪktsɑːdiː
اقدار	qdɑɾ
اقدار	əqd̪ɑːr
اقدام	ɑːqd̪ɑːm
اقدامات	ɑqdɑmaːt
اقدامات	əqd̪ɑːmɑːt̪
اقرار	əqraːr
اقرارً	əqraːraː
اقران	ɔkɾɑn
اقسام	əqsɑːm
اقلیت	əqliːt̪
اقلیدسی	ɑːqleːd̪s̪iː
اقوام	ɑqwaːn
اك	ək
اكءز	əˈkɑz
اكءِ	əˈki
اكہ	əkə
ال	æl
الائچی	əlaːitʃi
الائیڈ	ɑːlɑɪd
الادا	ɑlɑd̪ɑ
الارم	ɑlɑɾm
الازہر	ælˈzɑr
الاسکا	ælɑsˈkɑ
الاقوامی	ælɑqwɑmi
الاپ	ɑlɑ
البانوی	əlboːnwiː
البانیہ	ælbɑːniːɑː
البانیہ	ælbəniː
البلاوی	ælbəlɑːʋiː
البم	lbm
البم	ælbæm
البیلا	ælbeːla
البیلی	plbeːliː
الجزیرہ	ælgɪzɪrɑ
الجھی	ɛlgʲʰiː
الجیریا	ɑːlɟeːɾiə
الحال	ɦɑːl
الحمد	ɦʊmd
الرحمان	ɾəhˈmɑːn
الرحمٰن	ɾəhæmæːn
الرحیم	ɾəhɪm
الزام	ælzɑm
الزامات	ælzɑmɑt
السّبت	ɪsːæbət
الشان	æʃæn
الطاف	altɑːf
العلم	alælɪ̞m
العمل	ælʔaml
الف	ælif
الفا	ælfɑ
الفاط	æfɑt̪ː
الفاظ	ælfɑːz
الفاظ	ælˈfɑːz
الفاظوں	ælfɑːzoːn
الفریڈ	ælfɾiːɖ
القابات	aːlqɑbɑt
القلی	ɑːlkəli
اللہ	ɑllə
الماری	ælˈmaːri
المناک	ælmɑnɑk
الموت	ælmuːt
الموتی	ælmoːti
المیڈا	ælˈmiːdɑː
الو	luː
الوت	ɑlʊt
الویل	ælwɪl
الٰہی	ɑːlɑːhiː
الٹ	ɑlʈ
الٹا	ɑlʈɑ
الٹانا	aːltana
الٹنے	əɭʈne
الپس	ɑlpəs
الکوتی	əlkʊti
الکویتی	əlkʊʋiːti
الگ	ælg
الہامی	əlˈhɑːmiː
الہیٰ	ɑlɑhiː
الینا	əlinɑ
الیکٹرانک	əleɪkʈrɑnɪk
الیگزینڈر	ɑlɪgzɑnd̪r̪
الیگزینڈرا	ælɪgzænd̪rɑ
ام	ɑm
امء	əːm
امارات	ɑmɑrɑːt
اماراتی	ɑːmɑːɾɑːtʰiː
امارت	ɑmɑrɑt
امام	ɑmɑm
اماوَس	amɑɢoas
اماں	əˈmɑ̃
امداد	əmd̪ɑːd̪
امدادی	əmdɑːdi
امر	əˈmɾ
امراء	əˈmɾɑː
امرتی	ɛnɾtiː
امریکا	əˈmɾiːkə
امریکن	əˈmɾiːkən
امریکی	əˈmɾiːki
امریکیوں	əmiːɾɪkijoːn
املا	ɛːmlaː
املاک	əmlɑːk
املی	ɛbli
امم	ɑmː
اموات	əmuːwaːt
امور	əmoːr
امورِ	əmoːri
امپیکٹ	əmpɪkt
امچور	antʃuːr
امکان	əˈmɑkɑn
امکان	ɪmgɑn
امی	ami
امی	əmi
امیجنگ	əmiːdʒəŋ
امید	əmiːd
امیدواروں	əmiːd̪ʋɑːroːŋ
امیدیں	əmiːd̪eːn
امیر	əmiːr
امیر	ʔəmiːɾ
امیلیہ	əmiːliə
امین	ˈmiːn
امیگریشن	əmigɾɪʃən
ان	ən
انا	əˈnɑ
اناج	ɑnɑˈdʒ
اناج	əˈnɑdʒ
انار	ɦanɑːr
اناردانہ	ʔɑnɑːrdɑnɑ
انارکلی	ɑnɑːrkəliː
اناڑی	ənɑːɽiː
اناڑی	ɪ̞nɑːɾiː
اناکانڈا	ənaːkənda
انبساط	ɪnbesɑːt
انتباہی	ɑntbʰɑːeː
انتخاب	əntəxɑb
انتخابات	ɪntəxɑbɑːt̪
انتردیشیی	ənt̪əɾd̪ɪʃiː
انتشار	ɪntiʃaɾ
انتطار	ɑːnt̪t̪ɑːr
انتظامی	əntəzmɑːi
انتقام	ɪntɑːqɑːm
انتھک	ɑntək
انتھک	ənt̪ʰk
انتہا	ənt̪ʰɑ
انتہائی	ənt̪ʰɑːɪ
انتیس	əntiːs
انجام	ənˈgɑm
انجانی	ɑːnʒɑːniː
انجانے	əŋʒɑːneʔ
انجمن	aːndʒɯman
انجن	əŋgən
انجن	ɛndʒɑn
انجنیئر	əŋgiːnɪr
انجوائے	əŋgoʊɑː
انجکشن	əŋgɪʃn
انجینئر	əŋgiːnɛːr
انجینئر	ɪndʒiːnjɚ
انجینئرنگ	əŋgiːnɛːrɪŋ
انجیکشن	əŋgɪkʃən
انحراف	ənhərɑf
انحصار	ənhəsɑr
انداز	əndaːz
اندازمیں	ɑndɑːzmiː
اندازہ	əndaːzə
اندر	ənd̪əɾ
اندراج	ənd̪ɾɑːg
اندرتھا	əndəɾtʰɑ
اندردخش	ənd̪rəd̪oːkʃ
اندرسہ	ɑndəɾsɑ
اندرونی	ənd̪roːniː
اندریاس	əndɾiːɑːs
اندوز	əndoːz
اندوشواس	ənd̪oːʃwaːs
اندکار	ənd̪kɑːr
اندھا	ə̃d̪ʰə
اندھوں	ə̃d̪ʰoːn
اندھیاری	əndijariː
اندھیر	ənd̪ɦeːr
اندھیر	ənd̪ʱiːr
اندھیرا	ənd̪ʱiːrɑː
اندھیرا	əɳbʱɪɾə
اندھیرپن	əɳɖʱeːɾpən
اندھیرے	ənd̪ʱiːre
اندھیرے	əɳbʱeːre
اندھے	ənd̪ʰeː
انسان	ənsɑːn
انسان	ɪnsaːn
انسان	ɪnsäːn
انسانوں	ənsɑːnõː
انسانی	ɪnsaːniː
انسانی	ɪnsɑːniː
انسانیت	ɪnsɑːniːt̪
انسداد	ɪnsd̪əd̪
انسٹرکٹر	ɪnst̪rɪkt̪ər
انسٹیٹیوٹ	ɪnstitiːʔ
انشاءاللہ	ɪnʃɑːɪllɑː
انشورنس	ə̃ʃoːrəns
انصاف	ənsɑf
انضباطی	ɪnʈʌbɑːt̪iː
انطاکیه	ɑntɑːkɪx
انعام	ɨˈnɑm
انعامی	ənæːmɪ
انعقاد	ɪnʋɑːqɑːd
انفرادی	ənfəɾɑːd̪iː
انفرادی	ɛnfɾadɛ
انفرمری	ənfəɾməɾiː
انمانگی	ənməngi
اننا	ənnə
انوکھے	ɑnɔːkʰeː
انٹر	ɑ̃ːt̪əɾ
انٹرایکٹو	ənt̪əɾɑɪkʈʊ
انٹرفیس	ənt̪əɾfeɪs
انٹرنیشنل	ənt̪ɾəneːʃəɭ
انٹرنیٹ	ənt̪əɾneːt̪
انٹرویو	ənt̪roːiː
انٹرویوز	ənt̪roːʋeːz
انٹری	əntriː
انٹیل	ənt̪eːl
انٹیلی	əntiːliː
انٹیلیز	ˈæntɪlɪz
انچ	entʃ
انچ	əntʃ
انچارج	əntʃərg
انڈسٹریل	ə̃nd̪s̪t̪riːl̪
انڈورا	andora
انڈونیشیا	ɪndɔnɛʃiɐ
انڈکوش	əndkoːʃ
انڈیا	ənd̪ɪjə
انڈیلنا	unɖeːlnə
انڈین	ənd̪ɪn
انڈیکس	əndɪkəs
انڈے	ənd̪eː
انکار	ənkɑːr
انکشاف	ɪnkiʃaf
انکشافات	ənkɪʃɑːfɑːt
انکل	əŋkəl
انکوڈنگ	ənkoːɖiŋ
انکی	əŋki
انگ	ɑnɑ
انگارا	əŋgaːra
انگارہ	əŋɣɑːrɑː
انگر	əŋgər
انگریزی	əŋgreːziː
انگلی	əŋgəli
انگلینڈ	ɪŋgəˈlɑːnd
انگلیوں	əŋglijõː
انگورکھٹے	əŋgoːɾkʰəʈe
انگولا	aːlgoːla
انگولاوی	əngoləvi
انگوٹھوں	əŋgoːʈʰoːn
انگوٹھی	əŋgoʈʰi
انگوٹی	əŋgoʈi
انگہ	angaː
انگیز	aŋgeiz
انگیز	əŋgiz
انھوں	ə̃hõː
انھیں	ə̃ɦẽː
انھیںاور	ənɦẽːnɔːr
انہر	əˈnɛr
انہوں	ənaːhõː
انہيں	ənɛ̃
انہین	ənaːɪn
انہیں	əˈnɛ̄
انے	əne
او	ɔː
اوائل	ɔːwɑːɪl
اوباما	ɔːbɑːmɑː
اوبامہ	ɔːbɑːmə
اوبرائن	ɔːbɾɑɪn
اوج	ɑːdʒ
اوجہ	ɑldʒa
اودان	ɔːd̪ən
اور	ɔːr
اورات	ɔːɾɑːt
اوراق	ɑʊɾɑq
اورتحفہ	ɔːrt̪əɦəfə
اورجب	ɔːrgʌb
اورپھر	ɔːrpʰəɾ
اورہر	ɔːrɛr
اوس	ɔs
اوسان	oːsaːn
اوسط	ɑusɛt
اوصاف	ɑːsɑːf
اوقات	ɔːqɑːt
اوقاتِ	ɔːqɑːt̪i
اوقاف	ɦoːqɑf
اوقیانوس	ɔːkjɑːnɔːs
اول	oːl
اول	ɔːl
اولا	ɔːlɑh
اولاد	ɔːlɑːd
اولاد	ˈolˈɑːd
اولادوں	əwlɑːd̪õː
اولمپس	ɔːlmɪps
اولمپک	ɔːlmɪk
اولگا	ɔːlgɑː
اولیا	ˈolˈiɑ
اولین	ɔːliːn
اولین	əwːlil
اولے	ul̪e
اونٹ	ɔːnʈ
اونٹوں	ɔːnʈoː
اونچائی	ɔːntʃɑːi
اونچی	ɔːntʃi
اونچے	ɔːntʃeː
اوور	ɔːr
اوپر	ɔːpəɾ
اوپن	ɔːpən
اوچ	ˈotʃi
اوکردوست	ɔːkəɾd̪oːst̪
اوکیناوا	ɔːkɪnɑːwɑː
اوکے	ɔːkeː
اوہ	əʊ
اوہائیو	ɔːɦɑɪo
اوہایو	ɔːhɑːjoː
اوہو	əʊɦoː
اویوساییک	əʋjoːsɑːjɪk
اى	əj
اَتْباع	ɑtbɑ
اَخرَوٹ	ɑxroːb
اَسامی	əsɑːmiː
اَسْلاف	ɑːsˈlɑːf
اَفْشانی	ɒfʃɑːniː
اَقْسام	əksɑm
اَلمیہ	əlmiːɑː
اَمَر	ɑmɑ
اَمْر	ɑbr
اَنار	ɑnɑːr
اَواران	ɑːʋɑːrɑːn
اَٹْکل	əʈkəl
اَچُوک	atʃoːk
اَکاجی	pəkɑːdʒiː
اَکار	ɑkɑːr
اَکارَت	ɑkɑːrɑt
اَکارَہ	aːkɑːɾɑ
اَیازی	ɑjɑziː
اُس	ɔs
اُمتیں	ʔʊmt̪ɪŋ
اُوٹ	ʊt̪ː
اُٹھا	ʊʈʰɑː
اُگائیں	ʊgɑːeːn
اُگائے	ʊgɑːje
اُگتی	ogti
اِبدال	ɪbˈdɑːl
اِجارہ	ɪdʒɑːɾɑː
اِجرا	ɪgɾɑ
اِحرام	ˈɑhɾɑm
اِزار	ɪzɑːr
اِس	ɪs
اِسرائِیل	ɪsɾəɪl
اِسراف	ɪsɾɑːf
اِسی	ɪsi
اِسے	ɪse
اِشتیاق	ɪ̞ʃtjɑq
اِغماض	ɑɣmɑːz
اِقراری	ɑqɾɑːriː
اِلتزام	ɪlgzɑːm
اِن	ɪn
اِنا	ena
اِنسان	ɪnˈsɑːn
اِنہیں	ɪnhẽː
اِک	ik
اِیصال	ɪsɑːl
اّ	ɑː
اْتنی	ətni
اْدھر	əɖʱə
اْس	əs
اْستانی	ɑːst̪aniː
اْسے	əsɛ
اْلٹا	əɭt̪aː
اْمید	əmiːd
اْن	ə̃
اْنگلی	əŋgliː
اْنہوں	ə̃hõː
اْنہیں	ə̃heːn
اْٹھائیں	əʈʰɑ̃ẽ
اْٹھاو	əʈʰɑːʋ
اْکھڑے	əxɽe
آ	ɑː
آئے	ɑːeː
آباد	ɑːbɑːd
آبادی	ɑːbɑːðiː
آتا	ɑːt̪ɑː
آتی	ɑːtiː
آثار	ɑːθɑːrɑː
آجاتا	ɑːgətɑː
آخری	ɑːxri
آدمی	ɑːdmi
آدھا	ɑːd̪ʱə
آدھا	ɑːgʱɑː
آدھی	ɑːd̪ʱiː
آراستہ	ˈɑːrastɑ
آرام	ɑːrɑːm
آرہا	ɑːrɑː
آرہے	ɑːrɑːɦeː
آزاد	ɑːzɑːd
آزاد	ɑːzɑːr
آزادی	ɑːzɑːdiː
آسان	ɑːsɑːn
آسانی	ɑːsɑːniː
آسمان	ɑːsmɑːn
آسمانوں	ɑːsmɑːnõː
آشکار	ɑːskɑːr
آقا	ɑːqɑː
آمین	ɑːmiːn
آنا	ɑːnɑː
آنسو	ɑ̃ːsʊ
آنکھوں	ɑ̃kʰõː
آنے	əne
آو	ɑːʊ
آپ	əp
آپس	ɑːps
آپی	ɑːpɪ
آکر	ɑkər
آگ	ɑːg
آگیا	əgjɑ
آگے	ɑːge
آہستہ	ɑːst̪ə
آیا	ɑːjɑː
آینگے	əɪŋe
اٹا	əʈː
اٹارنی	ɑːt̪əɾniː
اٹاری	əɖəɾiː
اٹاری	əʈaːri
اٹلانٹک	ɑːt̪lɑ̃ːt̪k
اٹلس	ɑt̪əls
اٹّھائیس	ətːʰaːəes
اٹّھاسی	ət̪ʰɑːsiː
اٹّھاون	ət̪ʰaːn
اٹکا	ɑt̪ˌkɑː
اٹکتے	ɑt̪kʈe
اٹکلانا	ətklɑnɑ
اٹکنا	ət̪kna
اٹھ	əʈ
اٹھا	əʈʰɑː
اٹھاؤ	əʈʰɑːo
اٹھائیں	əʈʰɑːẽː
اٹھائے	əʈʰɑːe
اٹھاتے	əʈʰɑːte
اٹھارہ	əʈəɾə
اٹھاسی	ətːʰäːsiː
اٹھانا	ɔːtʰɑːnɑː
اٹھانا	əʈʰənə
اٹھانوے	ətʰaːnwe
اٹھانے	mʈʰɑːne
اٹھانے	əʈʰɑːne
اٹھاو	əʈʰɑːʋ
اٹھایئں	əʈʰɑːjẽ
اٹھایا	oːtˈʰaːjaː
اٹھایا	əʈʰɑːjɑː
اٹھمقام	ətmqɑːm
اٹھنا	əʈna
اٹھو	əʈʰoː
اٹھی	əʈʰiː
اٹھیں	əʈʰeːn
اٹھے	əʈʰe
اٹی	ɑʈːiː
اٹیرنا	əʈeːrna
اٹیک	ət̪ɪk
اپ	əp
اپارٹمنٹ	əpɑːrt̪mɛ̃ːt̪
اپالو	əpɑːlʊ
اپالُوی	əpɑluːi
اپاچی	əpɑtʃi
اپددر	əpd̪əɽ
اپریل	apɾer
اپریل	əpɾiːl
اپلا	ʊplɑ
اپمانت	əpmənt
اپنا	apna
اپنا	ɑːpnɑː
اپنا	əpnə
اپنابناکر	əpnabnaːkər
اپنانے	apnɑːne
اپنانے	əpnaːneː
اپنوں	əpnoː
اپنی	əpniː
اپنے	aːtnɛ
اپنے	əpne
اپنےمنہ	əpneːmen
اپہاس	əpəɦɑs
اچانک	atʃaːnak
اچانک	ətʃɑ̃k
اچّھے	ətʃʰe
اچکائے	əʧkɑːje
اچھا	ətʃʰɑ
اچھائی	ətʃʰɑːiː
اچھال	ətʃʰɑl
اچھالا	ətʃʰɑlɑ
اچھوت	atʃoːt
اچھوتے	atʃute
اچھی	ətʃʰiː
اچھے	ətʃʰeː
اڈوں	əɽõː
اڈہ	əɖə
اڈے	əɽe
اڑ	əɽ
اڑا	əɽə
اڑائیے	ɔɽɑiː
اڑادیتے	əɽɑːdɪt̪eː
اڑان	əɽɑːn
اڑانے	əɽɑːne
اڑانے	ɾˈɑne
اڑتے	ɔɽte
اڑی	əɽi
اک	ək
اکاؤنٹ	əˈkɔ̃ːt̪
اکاؤنٹس	əˈkɔ̃ːʈs
اکائی	ekai
اکاب	əˈkɑb
اکابرین	əkɑbrɪm
اکبر	əˈkəβər
اکتالیس	ɛktaːliz
اکتیس	əkt̪ɪs
اکثر	əkˈt̪ʃər
اکر	əkr
اکسایا	əksɑjɑ
اکلوتی	əkloːti
اکٹھا	əkʈʰə
اکٹھی	əkt̪ʰiː
اکٹھے	əkʈʰe
اکڑکر	əkəɽkəɾ
اککا	əkkə
اکھاڑ	əˈkʰɑːɽ
اکھاڑا	akʰa˥˥la˥˥
اکھڑپن	əkʰəɺpə
اکیس	əkiːs
اکیلا	akejla
اکیلا	əkiːlə
اکیلی	əkeːli
اکیلے	əkiːlə
اکیڈمی	əkiːɖəmiː
اگاتے	əgɑːte
اگالدان	ogɑːldaːn
اگتا	əgt̪ə
اگتے	əgte
اگر	əgər
اگردوت	əgəɾd̪ʊt̪
اگرچہ	əgərtʃʰe
اگست	aːgust
اگست	əgʌst
اگستس	əgʌst̪s
اگلا	əglə
اگلوا	əgləʋɑ
اگلوانا	əglʋɑːnɑ
اگلی	əgli
اگلے	əgle
اگے	əgeː
اںور	ɑnɫɑr
اھ	ə
اہ	ə
اہاب	əɦɑːb
اہتمام	ɑhtmaːm
اہج	əɦdʒ
اہداف	əɦd̪əf
اہل	əɦl
اہلکار	əɦl̪kɑːr
اہلکاروں	əɦlkɑːɾõː
اہلکاروں	ɦlkɑːrõː
اہم	əm
اہمیت	æhmjɑt
اہمیت	əɦmiːt
اہنے	əɦne
اہوائی	əhoːɑi
ای	əj
ایئر	ɛːr
ایا	ɑjɑ
ایام	aiːm
ایبل	ɛːbəl
ایبٹ	ɛːbət
ایج	ɛːdʒ
ایجاد	ɛːdʒɑːd̪
ایجنسی	əɪgənsi
ایجنسیوں	əɪgənsiˑoːn
ایجنٹ	əjgənt
ایجنٹس	əɪgənts
ایجنٹوں	əɪgənʈoːŋ
ایجنڈا	əjngɑːnɑː
ایجنڈے	əjgənɟeː
ایدرنہ	ɛːdeːrne
ایران	irɑːn
ایران	ɑːrɑːn
ایرانی	ɪrɑːnɪ
ایرر	ɛːrɾ
ایرو	ɛːroː
ایرک	ɛːɾk
ایریا	ɛːrijɑː
ایس	ɛːs
ایسا	ɛsɑ
ایسا	ˈesa
ایسانہیں	əjsɑnɑhɛ̃
ایستادہ	iːɪstɑːda
ایسوبی	ɛːsoːbiː
ایسٹ	ɛːst̪
ایسٹرن	ɛːst̪ɪɾən
ایسڈ	ɛːsɪd
ایسی	əɪsɪ
ایسے	əjsɛ
ایشور	eʃuɾ
ایف	ɛːf
ایل	ɛːl
ایلن	ɛːlən
ایلیزا	ɛliza
ایم	ɛːm
ایمان	niman
ایمان	əjmɑːn
ایماندار	əjmɑːnd̪ɑːr
ایمانداری	əjmɑːnd̪əɾiː
ایمبولینس	ɛmbʊlɪns
ایملی	əiməli
ایمپائر	ɪmpɑːɾ
ایمیونولوجی	ɛmjʊnɔlɔdʒi
این	əjn
اینا	əjnɑ
ایناکانڈا	əjnəkɑːndə
اینجل	əiŋgəl
اینجلس	ɛːngəls
ایندھن	ɪnd̪ʱən
اینریکے	əĩnɾiːkɛ
اینٹینا	əɪnt̪ɪnɑː
اینڈ	ɛːnd
اینڈی	ɛnɟiː
اینکر	əiŋkəɾ
اینکرز	ɛːnkrɛz
اینگما	əjŋmɑ
اینیمے	ɛnime
ایوان	ɛːwɑːn
ایوان	ɾɪvɑːn
ایوانِ	ɛːvɑːn
ایوب	ajob
ایونز	ɑjuns
ایونٹ	ɑjɔ̃ːt̪
ایونیو	əjuniːo
ایّام	ajɑm
ایٹم	əɪt̪m
ایچ	əɪtʃ
ایڈ	ɛːd
ایڈجسٹ	ɛːdʒʌsteː
ایڈریس	ɛːdrɛs
ایڈز	ɛːd̪z
ایڈوائزر	ɛːd̪ʋɑːɪzər
ایڈورڈ	əɪɖʊrɽ
ایڈولف	ɛːd̪ol̪f
ایڈونٹسٹ	əɪɖoːn̪t̪s̪t̪
ایڈیٹر	ɛːdɪt̪əɾ
ایڑھی	əɪɽʰiː
ایڑھیاں	əɪɽʰijɑ̃
ایک	eːk
ایک	əɪk
ایک	ˈeːk
ایکسرے	əɪksəɾe
ایکسلریشن	ɛksɛlɾɪʃn
ایکسپرٹ	ɛkspeːɾt
ایکسپلور	ɛksplɔːr
ایکسچینج	ɛkstʃɪng
ایکشن	əɪkʃən
ایکو	əɪko
ایکواڈور	əjkʋɑːd̪ʊr
ایکٹ	əɪkʈ
ایکٹر	əɪkt̪əɾ
ایکٹو	ɑɪkt̪ʊ
ایکٹیویشن	ɛkt̪iːʋɪʃə̃n
ایکی	ɛːki
ایگزیکٹو	ɛgzɪkˈtoː
اے	æː
بï	beː
بïء	beː
بùئ	buːɛ
بûµé	buːmɛ
بءِ	beː
بؤ	boː
بؤأك	boʔæk
بؤأكµµ	boʔək
بؤإً	boʔə
بؤإًاد	boːɑːd
با	ba
باآسانی	baəsɑːniː
باؤل	boːl
باؤلا	bawla
باؤلی	bːoːli
باؤنڈ	boːnd̪
بائبل	baːɪbəl
بائنری	beːnɪriː
بائڈ	baːɪɖ
بائیس	bˈaɪs
بائیں	baːɪẽː
بااختیار	baəxtjɑr
بااختیار	baːxt̪iɑːr
باآسانی	baəsɑːniː
باب	bɑb
بابا	baba
بابت	baːbɪt
بابر	babaɾ
بابُل	bɑːbʊl
بات	baːt
باتمان	batman
باتوں	baːtõː
باتھ	baːt̪ʰ
باتیں	baːt̪e
باتیں	baːt̪eːn
باج	baːdʒ
باجرا	badʒra
باجه	bɑːdʒɑ
باجہ	bəːdʒə
باجی	budʒi
باجےوالا	baːtʃeːwaːlaː
باحواس	bɑːhʊˈas
باخبر	baːxbar
باختر	bɑxtɨr
باد	bɑːd
بادءِ	baːd̪eː
بادامی	bæˈdæmi
بادبان	baːnbaːn
بادران	bäːd̪ɾäːn
بادشاہ	baːd̪ʃɑːh
بادشاہت	baːd̪ʌʃɑːɦət̪
بادشاہوں	baːd̪ʌʃɑ̄ːõː
بادشاہی	baːd̪ʌʃɑːhiː
بادل	badl
بادل	baːd̪əl
بادلوں	baːd̪ɪlõː
بادی	boːaːdiː
بادە	bɑːdə
بار	baːr
بار	bˈɑːr
بارات	mɑːrɑːt
بارانى	bɑːrɑːniː
باربادوسی	bɑːrbäːdʊsiː
بارباڈوس	barvado̞s
بارت	baːɾt
بارتن	bɑɾtɯn
بارز	baːrɪz
بارسیلونا	baːrsiːlʊnɑ
بارش	baːrʃ
بارنس	baːrnis
بارود	barud
بارود	baːruːd
بارودی	baːɾuːdiː
بارونق	baːroːnək
بارى	ɓəɾiː
بارٹیںڈر	baːɾʈeːɳɖəɾ
بارڈر	baːɾd̪əɾ
بارگاہ	bɑːrgə
بارہ	bara
بارہ	baːɾə
باری	baɾiː
بارے	bare
بارے	baːreː
باز	baːz
بازار	baːzɑːr
بازارجا	bazaːrdʒɑ
بازو	baːzoː
بازو	væzu
بازووالے	bɑːzʊtʃwaːle
بازى	baziː
بازپرس	bɑːspʊɾs
بازی	beːzɪ
بازیاب	bɑːzijæb
بازیابی	beːzɑːjiːɑːbiː
بازیافت	baːziːaft
بازیگر	bäːzɪgər
باس	baːs
باس	bɔs
باسٹرڈ	baːst̪əɾd̪
باسہولت	basɑhuːlt
باسی	bəsˈɪ
باشندگان	bɑːʃnd̪oːgɑːn
باضابطہ	bɑzɑbta
باط	baːt̪
باطن	boːʈɪn
باطِل	baːt̪l
باعث	beːʔaθ
باغ	baːɣ
باغی	baːɣi
باغیوں	baːɣiːõː
باف	bafʃ
بافتوں	beːft̪oːŋ
بافرا	bafɾa
باقائدہ	baːqɑːiːdə
باقاعدگی	baːqɑːdʒdʒi
باقاعدہ	baːqɑːd̪eː
باقر	bɑqɑr
باقی	baqi
باقیات	baːqijɑːt̪
باقیوں	baqijõː
بال	bal
بال	baːl
بالآخر	baːlɑːxɑːrɪ
بالا	baːlə
بالا	bɦlɑ
بالاتر	balaːt̪a
بالاتر	baːlɑːt̪r̪
بالش	bɑlɪʃ
بالشت	bɑːlæʃt
بالفعل	bɪlfeːl
بالو	baːloː
بالو	bɑlu
بالواستہ	ɓəlʋɑstə
بالوں	baːlõː
بالوں	ɑːlõː
بالِید	bɑːlɪr
بالٹک	baːlʈk
بالٹی	baːlt̪iː
بالٹیمور	baːlʈiːmuːr
بالڈون	baːlɖoːn
بالکل	baːlkal
بالکونی	baːlkoːniː
بالکونی	bəlkɔːniː
بالی	bʱɑːlɪ
بالے	balə
بام	baːm
بامقام	baːmɑqaːm
بان	baːn
باندھ	bɑːnd̪ʱ
باندھنے	ɑːnd̪ʱne
باندھیں	ɑ̃ːd̪ʱeːn
باندی	boːŋgɪ
بانظام	bɑnzɑm
بان٘دا	baːnda
بانٹ	baːn̪ʈ
بانٹنا	bʱaːnʈna
بانٹیں	baːnʈeː
بانڈ	baːnd̪
بانڈز	baːndz
بانگ	bɑːn
بانگی	baːngiː
بانی	bɑːnɪm
بانیوں	banjõː
باور	bavɑːr
باورچی	baʊɾtʃi
باون	boːoːn
باپ	baːp
باپ	bɑb
باڈی	baːdiː
باڑ	baːɽ
باڑی	baːɾiː
باڑے	baɽe
باکرانہ	bakɪraːna
باکس	baːks
باکسنگ	baːkseŋ
باکلا	maːkːla
باگو	baːgoː
باںد	baːnd̪
باہر	baːhɪr
باہر	baːɦər
باہر	bɑːhɑɾ
باہری	baːɦriː
باہمی	baːhmiːn
باہمی	baːɦmiː
باہوں	baːɦõː
بای	baɪ
بایاں	baːja
بةأئ	beːɑɪ
بت	bɔt
بتا	beːt̪ɑː
بتاؤنگا	ɪt̪ɑːu̯ŋɑː
بتاؤں	beːt̪ɔ̃ː
بتائيں	beːt̪ɑi̯n
بتائی	ɓətaːiː
بتائیں	beːt̪ɑ̃eːn
بتائیے	beːtɑːiːeː
بتاتا	beːt̪ɑːt̪ɑː
بتاتی	beːt̪ɑːtiː
بتانا	beːt̪ɑːnɑː
بتانے	beːt̪ɑːneː
بتانے	bʈaːne
بتاو	ɪt̪ɑːʊ
بتاوں	beːtɑ̃ː
بتایئے	beːt̪ɑːjeː
بتایا	beːtɑːjɑː
بتلائیں	bt̪lɑːjeː
بتلانا	bɑtlɑnɑ
بتیجیاں	beːtiːdʒɑ̃
بتیس	beːt̪is
بج	beg
بجا	bdʒa
بجاؤ	bedʒɔː
بجائے	bedʒɑːeː
بجانے	bedʒɑːneː
بجنور	bʒnɒɾ
بجوات	bdʒoːt
بجٹ	begʈ
بجھائی	bʊdʒʰɑiː
بجے	bedʒeː
بحالی	bəɣɑːliː
بحالی	bʱɑːliː
بحر	baʈʈʰ
بحران	ɦɾɑːn
بحری	bəˈɾiː
بحرین	bɛɦɾiːn
بحیرہ	beːɾə
بخار	baχɑr
بخار	buχaːr
بخارات	boχɑrɑt
بخارات	bəxɑːrɑːt̪
بخارسٹ	bəxɑːrsət
بختی	bəxtiː
بختیاری	bxtiaːriː
بخرہ	baxra
بخشی	ɓəxʃi
بخل	ɓɪxl
بخوبی	baχoːbiː
بخوبی	bəxʊbiː
بخوشی	baːxoʃiː
بخیر	baχeɾ
بخیلی	bxli
بدترین	bd̪t̪iɾiːn
بدحال	bd̪ʱaːl
بدخواہی	bd̪xʷəɦiː
بدروحوں	bd̪ruːhuː
بدرکالونی	bðrkaloni
بدسورت	beːds̪oːɾt̪
بدسورتی	beːds̪uːɾtiː
بدقسمتی	beːdqɑsmʌti
بدلتے	bd̪ʱt̪eː
بدلتے	bəɽlte
بدلنا	bdlna
بدلہ	bala
بدلہ	beːd̪lə
بدلے	beːdl̪eː
بدماش	beːd̪mɑːʃ
بدمزاج	bd̪mɪzɑːdʒ
بدمزاجی	bd̪mɪzɑːdʒiː
بدمعاش	beːd̪mɑːʃ
بدن	beːdən
بدنام	beːd̪nɑːm
بدّو	bduː
بدپرہیز	bd̪pɾeːz
بدکار	bd̪kaːɾ
بدکاری	bd̪kaːriː
بدکردار	bd̪ʒkɾd̪aːɾ
بدھ	beːd̪ʱ
بدی	beːdi
بدین	bð̞iːn
بر	bɐr
بر	ɓəɾ
برآں	beraːŋ
برا	brɑː
برا	bura
برا	ʊɾa
براؤن	brɔ̃ːu̯n
براؤننگ	brɔ̃ːŋ
برائن	brɑːɪn
برائی	bʊɾäːiː
برائیوں	ɪɾɑːjɪ̃ː
برابر	bəɾɑːbər
برابر	bɾɑːbɑːr
برابری	bəɾaːbri
براجمان	braːdʒmɑn
برادری	bradri
برادری	brɑːd̪rɪ
برازیل	brɑːzɪl
براق	burɑq
برانڈ	brɑːnd̪
برانڈز	brɑːndz
برانڈٹ	brɑːnd̪ʈ
برانڈڈ	brɑːnɖː
براوو-foxtrot	bəɾɑːʋoːfɔːktʃɔːt
براڈوے	brɑːd̪oːe
براک	brɑk
براہ	brɑː
برباد	bɾɑːd̪
برباد	ɪɾbɑːd̪
بربط	beɾat̪ː
برتن	bɾɨt̪n
برج	burdʒ
برجیوں	beɾdʒijõː
برخاف	ɪɾkʰɑf
بردر	ɪɾd̪eːr
بردور	buɾduɾ
بردوست	ɪɾd̪oːst̪
برساتی	bɾʃɑːt̪iː
برسادینا	bʱɾsɑːd̪eːnə
برسوں	ɪɾsõː
برسی	bəɾsiː
برش	bɹeʃ
برص	bˈɚs
برطانوی	brət̪əŋʋiː
برطانیہ	ɪɾtɑːniːɑː
برعکس	bɑrɑks
برفی	bɾfʝ
برلن	beːrlən
برما	bərma
برمودا	bermuːda
برموڈا	bermuda
برن	ɪɾn
برونائی	brunaj
بروک	brɔːk
بروکلن	brɔːkələn
برٹس	ɪɾt̪s
برڈ	ɪɾd̪
برکت	beɾəkət
برکت	brkʰt
برہما	bərɦmaː
برہمچری	brəɦɛmtʃri
بری	beri
بریفنگ	beːɾiːfŋ
بریفنگز	beːɾifŋeːs
بریل	bɾeɪl
برینئر	beːɾiːneːr
برینئیر	beːɾiːneːɾ
برینڈن	bræːnd̪ən
بریڈفورڈ	beːɾɪd̪fʊɾɑːd̪
بریڈلی	beːɾɪd̪liː
بریڈلے	beːɾɑːd̪leː
بریک	beɾɪk
بریکنگ	beːɾiːkŋ
بریکوں	beɾiːkoːn
بریکٹ	beɾɪkt̪
بریگیڈ	beːɾiːgɪːd
برے	beː
بز	βuz
بزاری	bəzɑːriː
بزدل	bezd̪əl
بزدلی	bezd̪liː
بس	bes
بس	bɐs
بسانا	bsɑnɑ
بسانے	bsɑnẽ
بستروں	beːst̪roː
بستہ	basta
بستی	bɐsˈtiː
بستیوں	bʃtioː
بستے	beːsˈteː
بسنتی	bʃnki
بسنے	beːsneː
بسورتے	bʃoɾte
بسٹر	besʈər
بسکہ	bɐskeː
بش	beʃ
بشارت	bʃɑːrɑːt
بشمول	beʃmuːl
بشہر	beʃɛr
بصری	besɪriː
بطن	bɐtɐn
بعد	bəˈd̪æ
بعید	beːd
بغاوت	baɣɑːut
بغداد	baɣd̪ɑːd̪
بغض	baɣɖ
بغیر	beɣiːr
بفیلو	befɪloː
بقایا	baqɑjɑ
بلاؤ	beːlɑːu
بلاؤنگا	belɔːŋgɑː
بلاتا	bələt̪ə
بلاتے	beːlɑːteː
بلاجھجک	bəlɑːdʒʰɪdʒk
بلاخیزی	balaːxɛzɪ
بلاسٹ	ɪɪ̯lɑst̪
بلانے	bʊlɑːne
بلاوی	belɑːʋiː
بلاک	blɑk
بلاکس	blɑks
بلایات	blaːɪɑːt̪
بلبلا	bɪlbɪlɑ
بلتی	bʌlt̪iː
بلدیات	blbjɑːt̪
بلغارین	bulgɑːrɪn
بلغم	bɐlɢɐm
بلند	bɪlnd̪
بلندیوں	bɪlʌnd̪iːõː
بلنی	beːlniː
بلوایا	beːloːjɑː
بلوط	baluːt
بلوط	beːloːt̪
بلوچ	balutʃ
بلوچی	baloːtʃiː
بلوچی	beːloːtʃiː
بلوگ	blod
بلک	bɪlək
بلکل	bɪlkəl
بلکہ	bəlkə
بلکہ	bəɺkeː
بلی	beli
بلین	beːlɪn
بلیو	beːloː
بلیوں	beːljʊ̃
بلیڈ	bleːɽ
بلیڈز	bleɪd̪z
بلیکمیل	beːlɪkmɪl
بلے	beːlə
بم	bam
بم	ɓm
بمبا	bəmba
بمبار	bɐmbaːr
بمبار	ɓʊmˈbɑːr
بمباری	bombaːriː
بمباری	ɓʊmbɑːriː
بموں	ɓəmoːn
بناؤ	beːnɑːo
بناؤں	benɑõ
بنائی	beːnɑːiː
بنائیں	bənɑ̃eː
بنائے	benɑːje
بناتے	benɑːte
بنادے	banaːde
بنارہے	bənɑːɽɛː
بنالینا	bnaːlẽːnə
بنانا	banɑːnɑ
بنانا	ɪnɑːnɑː
بناو	benɑːu
بناوٹ	bənɔːt
بنایا	bənɑːjɑː
بنایاگیا	benɑjɑːgiːə
بنتی	beːntiː
بنتے	beːnte
بند	bɐnː
بندا	beːnd̪ə
بندربانٹ	bndrbaːn
بندروں	ɑ̃d̪roːn
بندرگاہ	ˈbəndəɾgɑː
بندش	beːnd̪ʃ
بندوا	beːnd̪ʋɑː
بندوبست	beːndʊbʌst
بندوقوں	ɓənd̪oːkʰõː
بندوقین	ɓəndɔxɪn
بندوقیں	ɓənd̪oːkʰeːn
بندگی	bəndgi
بندھن	beːnd̪ʱə
بندھے	beːnd̪ʱeː
بندہ	beːnd̪ə
بندیرمہ	bɐndɪrˈmɑ
بندے	beːnd̪eː
بنرر	bändər
بننے	ɓənneː
بنکاک	beːnkeːk
بنکر	beːŋkəɾ
بنگلہ	beːŋglə
بنگو	beːŋgoː
بنی	beːniː
بنیامین	beːnjɑːmiːn
بنے	beːnɛ
به	beː
بهولنا	bʊlnə
بوائی	boaːi
بوائے	bojə
بوب	boːb
بوتل	boːt̪əl
بوتھ	boːt̪ʰ
بوتے	boːt̪eː
بوجھ	boʊdʒʰ
بوجھے	buːdʒe
بودار	bʊːdəɾ
بودوباش	buːdbɑʃ
بور	boːr
بورا	boːrɑː
بورنگ	boːrɪŋ
بورڈ	boːɾɖ
بورڈنگ	boːrd̪ɪŋ
بوری	bori
بوری	boːriː
بوز	boːz
بوسنیا	bosnˈia
بوسٹن	boːst̪ən
بوسہ	boːsə
بوسیدگی	boːsiːgi
بوسے	boːse
بوقتِ	beːqʊt̪i
بول	bon
بول	boːl
بولا	boːlə
بولائی	folˈʔi
بولائے	boːlaːjeː
بولاۓ	boːlaːə
بولتا	boːlt̪ə
بولتے	boːlte
بولشوئی	boːlʃɛɪ
بولنا	bolno
بولنا	boːlnɑ
بولنے	boːlnɛ
بولنےوالی	boːlnɛʋɑːliː
بولو	bolu
بولو	boːloː
بولوں	boːluːn
بولٹ	boːlʈ
بولٹن	boːlʈən
بولڈ	boːlɖ
بولی	boːli
بولیویا	boːliːviːə
بولیں	boːlɪ̃
بولے	boːlɛ
بوم	boːm
بونا	bona
بوند	bonu
بوند	boːnd
بونداباندی	boːndɑːbɑːnðiː
بونڈ	boːnɖ
بونگا	munga
بونی	boːniː
بونیر	boˈniɾ
بونے	boːne
بوٹ	boːt̪
بوٹسوانا	bɔtsʋɑnɑ
بوڑها	buɽʱɑ
بوڑھا	boːɽʱə
بوڑھے	boːɽʱe
بوڑھے	bʊˈhe
بوکاریسٹ	boːkɑːrɪst̪
بوگی	boːgi
بویریا	bojrijɑ
بيزار	biːzɑːr
بيٹا	beːʈə
بَال	bɑːl
بَخیانا	baχjɑnɑ
بَدِین	bdiːɑ
بَل	bəl
بَٹیر	ɓəteːr
بَکری	bkr̪iː
بَھگََت	bʱgət
بَھگْتی	bʱʃt̪iː
بَیتال	beːt̪ɑːl
بَیری	bariː
بَیل	bˈɛl
بُجھایا	bugʲʰɑjɑ
بُرا	bura
بُرج	buːrɪdʒ
بُرُوزی	broːziː
بُلایا	bʊlɑːjɑː
بُو	boː
بُو	wʊ
بُورا	bora
بُوری	boˈriː
بُھس	bɔs
بِدعت	bidaːt
بِساط	bɪsɑːt̪
بِکنا	biːknə
بِھیڑ	biːɖə
بِھیڑ	bʱi
بِھیکَر	bʱeːkəɾ
بِیتا	bˈiːtə
بِیج	bˈidʒ
بِیری	bɪriː
بِیگ	bˈɪg
بْتوں	ɪt̪ʊ̃
بْرا	ɪ
بْزرگ	bezɾeg
بْزْرگ	beːzərg
بٹالینوں	ɑːt̪ɑːlɪnõː
بٹس	ɑːt̪s
بٹورا	bʈoːɾa
بٹّہ	bʈːa
بٹگرام	bd̪gɾaːm
بٹیری	bʈeɾi
بپا	bɐpə
بپتسما	beːpt̪səma
بپتسمہ	beːpt̪səme
بپھرتی	bʱʱɐɾt̪iː
بچ	ɓɪtʃ
بچا	ɓətʃɑ
بچاؤ	betʃɑːo
بچائی	ɓəˈtʃɑːi
بچائیں	betʃɑːeːn
بچاتا	betʃɑːt̪ɑː
بچارہ	tʃɑːɾə
بچالو	betʃɑːloː
بچانا	ɓtʃɑːnɑː
بچانا	ɓəˈtʃɑːnɑ
بچاو	betʃɑːʊ
بچایا	ɓəˈtʃɑːjɑː
بچتا	ɓɪtʃt̪ə
بچوں	ɓəˈtʃoːn
بچپن	beʈpən
بچکانہ	ətʃkɑnɑ
بچھا	bɐtʃʰa
بچھانے	ɓɪtʃʰɑːne
بچھے	ɓɪtʃʰeː
بچہ	bətʃtʃɑː
بچہ	ɓəˈtʃʰə
بچی	betʃiː
بچے	bətʃe
بڈھا	ɓʊɖʰɑː
بڈھے	ɓʊɽʰe
بڑ	ɓəɽ
بڑھ	ɓəɽʱ
بڑھا	ɓəɽʱə
بڑھائے	ɓəɽʱɑːe
بڑھاتا	ɓəɽʱət̪a
بڑھانے	ɓəɽʰɑːne
بڑھاوا	bʱɑːwɑ
بڑھاپے	ɓəɽʱɑːpeː
بڑھتا	ɓəɽʈʰə
بڑھتی	ɓəɽʰt̪iː
بڑھتے	ɓəɽʱte
بڑھنے	ɓəɽʱne
بڑھو	ɓəɽʰoː
بڑھی	bəɦiː
بڑھی	ɓəɽʱiː
بڑھیا	ɓəɽʰiːə
بڑھیں	ɓəɽʰẽː
بڑھے	ɓəɽʱe
بڑے	bəɽe
بکا	bekɑː
بکارا	beːkɑːrɑː
بکاراٹ	bekɑːɾɑːt
بکتے	beːkt̪eː
بکرا	bakra
بکرا	bekɾɑ
بکری	akriː
بکری	bekri
بکس	beːks
بکسوا	baksua
بکسوا	beːksʋɑː
بکواس	beːkoːs
بگ	beg
بگاڑ	begɑːr
بگاڑلو	begɑːɽloː
بگولے	beːgoːle
بگڑتے	begəɽte
بگھار	bg̊ʱaːɾ
بگھارنا	bgɦɑːrnɑː
بھئی	biː
بھاؤ	bʱoːoː
بھائ	bʱɑːiː
بھائی	bʱɑi
بھائی	bʱɑːi
بھائی	bʱɑːiː
بھائیوں	bʱɑijõː
بھائیوں	bʱɑːiːõː
بھابی	bˈɑbi
بھاری	ɓʱɑːrɪ
بھال	ɦɑːl
بھالو	nɑːluː
بھالیں	ɦɑːlɛː
بھانجا	bʱɑːɲgɑː
بھانڈا	bɑːɳɖa
بھاڑ	baːɽ
بھاڑا	bʱɑːɾaː
بھاگ	bʱɑːg
بھاگا	ɦɑːgɑː
بھاگتا	ɦɑːgt̪ə
بھاگنا	bagna
بھاگنے	bʱɑːgɳe
بھاگنے	ɦɑːgne
بھاگو	ɦɑːgoː
بھاگے	bʱɑːge
بھایا	baːjaː
بھتیجا	bʱat̪iːdʒaː
بھتیجا	βʱʈɪdʒə
بھر	bʱəɾ
بھرآئی	bʱɾəɪ
بھرا	ɓʱəɾə
بھراہوا	bəɾaːhuːa
بھرم	bʱɾəm
بھرمار	ɦɾmɑɾ
بھرنے	ɓʱəɾne
بھروانا	ɓʱɐɾʋɑːnɑː
بھروسا	ɦroːsɑ
بھروسہ	bʱəɾoːsə
بھروسہ	ɦroːsə
بھری	ɦɾiː
بھریں	ɦɾeː
بھلا	βʱələ
بھلائی	bʱɐlaːɪ̯
بھلوال	bʱlwaːl
بھلوال	bʱoːlwaːl
بھلے	balə
بھنی	ɓʱiː
بھوتوں	βʊtõː
بھوری	ɦoːriː
بھوری	ʊɾiː
بھول	buːl
بھول	ɦoːl
بھولا	ɦuːlə
بھولنا	bʊlnə
بھولنا	ɦoːlnə
بھولو	βʊlo
بھولیں	ɓʰoːlẽː
بھونچال	βʊ̃ːnʧɑːl
بھونڈا	bʊɳɖɑ
بھوٹانی	ɓʱuːʈɑːniː
بھوک	buk
بھوک	ɓʰoːk
بھوکا	boːkə
بھوکمپ	ɦoːkəmp
بھوکمپیی	βʊkmpiː
بھوکے	ɦoːke
بھوکے	ɾuːke
بھَونکنا	bʱoːknə
بھٹک	ɦɪʈk
بھٹکا	ɦɪʈkə
بھٹکاتے	ɦɪʈkɑːte
بھپکی	bʱɑːpkiː
بھڑواگیری	bʱɾwaːgɪɾiː
بھڑکیلا	bʱɽkeːla
بھکاری	ɦəkaːɾiː
بھگاؤ	ɦəgɑːo
بھگایا	bgɑːjaː
بھگت	bʌgat
بھگت	ɦəgʈ
بھگتنا	ɦəgt̪nə
بھگتے	ɦəgte
بھگوان	ɦəgʋɑːn
بھی	bi
بھی	biː
بھیج	big
بھیجا	bidʒɑ
بھیجا	bʱɛdʒɑ
بھیجنے	bidʒənɛ
بھیجو	bigo
بھیجی	bidʒiː
بھیجیں	bidʒeːn
بھیجے	bidʒeː
بھید	beːd
بھیرا	bæːrɑː
بھیس	biːs
بھیل	bˈeːl
بھیڑ	biːɽ
بھیڑیا	biɽja
بھیک	biːk
بھیگ	big
بہüءِ	beːɪ
بہüاد	beːɑːd
بہüادءز	beːɑːd̪z
بہüادءِ	beːɑːd̪eː
بہüہ	beːh
بہا	beɑ
بہائے	bʱɑːɪ̯
بہاتے	beːɑːteː
بہادر	beːɑːd̪əɾ
بہادری	beːɑːd̪riː
بہادری	bʱɑːd̪ɾiː
بہار	beːɑr
بہانا	beːɑːnɑː
بہانا	bʱɑːnɑː
بہانہ	beːɑːnə
بہانے	beːɑːne
بہانےبازی	bʱɑnɛbɑːziː
بہاو	beːɑːu
بہاولپور	bʱaːwəlpʊr
بہایا	beːɑːjɑː
بہبود	beːɦoːd̪
بہت	beːt̪
بہتا	bɑhtˈ
بہتر	beːt̪ər
بہترترین	beːʕtərtɾiːn
بہتری	beːt̪ri
بہترین	beːt̪ʃiːn
بہتی	beːt̪iː
بہر	beːr
بہرحال	beːrhaːn
بہروال	bɦrɑːl
بہروپ	bħɾuːp
بہرے	beːɾeː
بہرے	bɛɦre
بہشت	beːʃt̪
بہف	beːf
بہن	beːn
بہن	bɛɦən
بہن	bɛɦɛn
بہنا	bɛɦnäː
بہنوں	beːnõː
بہنے	beːne
بہکا	beːkə
بہکانا	baɪkɑnə
بہہ	beː
بہی	beː
بہے	beː
بی	biː
بیئر	biːr
بیا	bəjɑ
بیاسی	biːɑːsiː
بیالیس	bəjɑːliːs
بیان	ɓɑjɑːn
بیانات	bijaːnaːt
بیانات	bæjɑːnɑːt
بیانیہ	bʱɑːniːə
بیاہ	beːˈɔ
بیاہتا	biɑːɦt̪ɑː
بیب	biːb
بیبسی	biːbəsi
بیبی	biːbiː
بیت	beːt
بیتھوون	biːt̪ʰoːn
بیج	biːdʒ
بیجاپور	bidʒaːpuːl
بیجنگ	beːdʒeŋ
بیجوں	beːdʒoːn
بیخودی	bexoˈdi
بیر	beːr
بیرا	bäɾa
بیراگ	berag
بیراگی	beːɾɑːliː
بیرنگ	biːrŋ
بیروت	biːruːt
بیرون	biːron
بیرونی	biːroːniː
بیرکوں	beːrkoːn
بیس	beːs
بیس	biz
بیساکھیوں	beːsaːkʰiːõː
بیسد	beːsɪd
بیسمیںٹ	beːsmeːŋʈ
بیسن	beːsən
بیش	bʃ
بیشتر	bʎeʃt̪aɾ
بیشک	biːʃk
بیضوی	beːɖʋiː
بیعانہ	biːʔɑːnə
بیل	bel
بیل	biːl
بیلا	dela
بیلاروسی	beːlˈɑruːsiː
بیلجئیم	beːlgeːm
بیلجیم	beɪlgiːm
بیلون	biːlʊn
بیلٹ	beɪl̪t̪
بیلچے	biːlʧeː
بیلہ	bɛla
بیلیزی	bɛlizi
بیم	biːm
بیمار	biːmɑːr
بیماری	biːmɑːriː
بیماریوں	biːmɑːrijõː
بیمہ	biːmə
بین	beːn
بین	bim
بینائی	bɪnˈɑːiː
بینجو	benʝo
بیننی	benini
بینڈ	beːnd
بینڈیج	beːnd̪iːdʒ
بینک	beːŋk
بینکار	ʔɪŋkaːr
بینکاروں	biːnkɑːroːŋ
بینکر	beːnkəɾ
بینکرز	beːnkəɾz
بینگ	beːŋ
بینی	bini
بینیتو	biːniːtoː
بیور	bɪbə
بیوقوف	biːugof
بیونس	biːɔːns
بیوپار	bilpaːr
بیوپاری	belopaɾi
بیوکوفی	biːjoːfoː
بیوہ	biːwa
بیوی	biːwiː
بیویاں	biːʋiɑ̃
بیویوں	biːʋijõː
بیٹ	beːt̪
بیٹ	bit
بیٹا	beːʈə
بیٹری	biːtɾiː
بیٹریاں	biːt̪rijɑ̃
بیٹس	beːts
بیٹوں	beːʈoː
بیٹھ	beːʈʰ
بیٹھا	beːʈʰɑː
بیٹھتا	beːʈʈə
بیٹھنا	beːʈʰnɑ
بیٹھنے	beːʈne
بیٹھو	beːʈʰo
بیٹھی	beːʈʰiː
بیٹھی	bɪt̪iː
بیٹھیں	beːʈʰẽː
بیٹھے	beːʈʰe
بیٹی	beːti
بیٹیاں	beːt̪ijɑ̃
بیٹے	beːʈe
بیپ	biːp
بیپر	biːpər
بیپرواہ	biːpɾoʌɦ
بیچ	biːtʃ
بیچا	biːtʃɑː
بیچارا	biːtʃɑːrɑː
بیچارہ	beːtʃˈaːɾˌa
بیچاری	biːtʃɑːriː
بیچتا	beːtʃt̪ɑː
بیچلر	biːtʃələr
بیچنا	veːtʃna
بیچنے	biːtʃne
بیچوں	biːtʃõː
بیچُو	beːtʃo
بیچینی	biːtʃiːniː
بیڈروم	beːɽroːm
بیڑے	biːɽe
بیک	beːk
بیکابو	beːkɑːboː
بیکار	beːkɑr
بیکاری	bkɑːɾiː
بیکر	beːkər
بیکس	beːks
بیکن	beːkən
بیگ	beːg
بیگانگی	beːgɑːnˈgiː
بیگانے	biːgɑːneː
بیگمات	bʲæ̀i̯gmɑt
بیگناہی	beːg̞nɑːhim
بیںچنا	beːnʧnə
بیہودہ	beːɦuːdˈa
بیہوش	biːɔːʃ
بے	beː
بےآرام	beːɑːrɑːm
بےاحتیاط	beɑhtiat
بےاختیاری	beəxtiaːriː
بےایمان	beiman
بےباق	bibɑq
بےتاب	beːtɑːb
بےترتیبی	beːt̪ərt̪eːbi
بےجا	beːdʒɑː
بےحوش	beːɦoːʃ
بےخودی	bexudi
بےخیال	bexɑjɑl
بےخیالی	be̞xæjɑːliː
بےداغ	be̞dɒːɢ
بےدم	beːd̪əm
بےراہروی	beːɾɑːhɾəɪ
بےرخ	beːɾɔx
بےرخی	bɾxj
بےروزگار	beːɾɔzɣaːr
بےروزگاری	beːnroːzgɑːriː
بےساختہ	beːst̪ɑxt̪ə
بےسروسامان	beːsɑːɾoːsɑːmɑːn
بےصبر	beːsɐbːr
بےعقلی	beʔiqlj
بےقائدہ	beːkɑjðɑ
بےقرار	beːqɑrɑr
بےقراری	beːqɑrɑːriː
بےمعنی	beːmaniː
بےموج	bemɔɟ
بےنام	beːnɑm
بےنامی	beˈnaːmi
بےنشان	beniːʃɑːn
بےنوری	ɾɛnuːri
بےوفا	beːʋɐfə
بےوقوف	beːoquf
بےوقوفی	beːboːkoːfiː
بےوقوفی	beːoquːfiː
بےکار	beːkɑːr
بےہنگم	beːɦŋum
بےہوش	beːɾoʃ
بےہوشی	bejoːʃi
ةاد	ɑːd
ةاز	ɑz
ةاط	ɑːt̪
ةہ	ə
ت	t
ت	t˨
ت	t̪e
تءِ	te
تأ	tɑ
تئیس	teːs
تئیں	te̞ɢːiːn
تا	tɑ
تاؤ	dau̯
تاؤ	tɔː
تائید	tɑːʔiːd
تاب	kɑːb
تاب	tɑːb
تابانی	taːbaːnjg
تابستان	taːbistɑːn
تابعات	taːbeːtˤɑːt
تابعدار	t̪aːbeːdaːr
تابعداری	tɑːbeːdɑːriː
تابوت	t̪ɑːboːt̪
تاثر	t̪ɑːt̪ʰər
تاج	tɑːdʒ
تاجدار	tɑːdʒd̪ɑːr
تاجروں	tadʒro
تاخیر	tɑːxɪr
تادیبی	tɐˈðiːviː
تار	t̪ɑːr
تارا	tara
تاراجِ	taːraːdʒ
تارخانَہ	dɑːrxɑnɑ
تاردینا	taːrd̪eːne
تارکین	tɑːɾkɪn
تارہ	kara
تاریخ	t̪aːɾiːx
تاریخ	t̪ɑːɾɪx
تاریخچہ	t̪aːriːxtʃa
تاریخی	t̪ɑːɾɪχɪ
تاریک	taːɾiːq
تاریک	tɑːɾɪk
تاریکی	t̪aːɾiːkiː
تازہ	gɑːzə
تازہ	taːze
تازی	tɑːzi
تازیانہ	qɑːziːɑːnɑː
تازے	taːze
تاش	t̪ɑʃ
تال	t̪ɑːl
تالا	t̪ɑːlɑː
تالاب	t̪ɑːlɑːb
تالو	taɦlu
تالی	kaːliː
تالیاں	tˌaʎˈiˌɑŋ
تالیف	kɑːlɪf
تالے	t̪ɑːl̪eː
تامل	taːmɪl
تان	gaːn
تان	t̪ɑːn
تانبے	ɑːnbeː
تانپورہ	taːnpɔra
تاوان	tɑːʋɑːn
تاڑلگانا	taːrlgɑːnɑ
تاکنا	dɑːknɑː
تاکنا	tɑknɑ
تاکہ	taːdkeː
تاکہ	tɑːkʰə
تاکیدی	taːkid̪i
تاہم	taːhəm
تاہم	tɑːhəm
تایا	kaːjaː
تبادلوں	t̪əbɑːd̪ɪluːŋ
تبادلہ	t̪eːbɑːd̪ɪlə
تبادلے	t̪eːbɑːd̪ɪleː
تباہ	tɑbɑh
تباہ	t̪əbɑːh
تباہی	t̪əbaːhi
تبدیلی	təbdɪliː
تبصرہ	ɬɑbsɯɾa
تبھی	taːbhiː
تجاست	teːgɑːst
تجدید	tegdiːd
تجربات	tegɾɑbɑt
تجربے	tɐgərbe
تجزیہ	təʒziʌ
تجوری	teːguːriː
تجویز	tegoːiz
تجھے	teʒʰe
تحائف	t̪əɦɑːɪf
تحریر	t̪əɾiːr
تحریری	tɾriːriː
تحریک	t̪əɦɾiːk
تحریک	t̪ɛɦɾiːk
تحفظ	t̪əɦfɑz
تحفہ	t̪ʊhfɑː
تحفہ	θɑhfɑ
تحفے	t̪əɦfe
تحقیق	t̪əɣɪq
تحقیقی	tɦqɪqːiː
تحویل	t̪əɦʋiːl
تخبوہیتا	təxbuːhiːtə
تخت	təxt
تختہ	təxtə
تخروپن	təxɾoːpən
تخرکشک	tɑxɾɪkɛʃk
تخلیق	təxliːq
تخکرمن	t̪əxkərmən
تخیل	təxɪl
تخیلات	təχjlɑt
تدویر	teːd̪viːr
تذکرے	teðkɪre
تر	tɪr
ترازو	t̪aːraːzuː
تراسی	t̪ɪɾɑːsiː
تراکیہ	kɾaːkjɑ
تربیتی	t̪əɾbiːtiː
ترت	tʊɾt
ترتیب	tɪɾtɪb
ترجمے	t̪əɾdʒʊmeː
ترجیحا	t̪əɾziɦɑ
ترجیحات	təɾʒiːhɑːt̪
ترس	t̪əɾs
ترسا	taɾsa
ترساتی	t̪əɾsɑːt̪iː
ترسی	t̪eɾsi
ترسیل	t̪əɾsiːl
ترقی	trqɯ̞
ترقی	t̪əɾqi
ترمیم	tɪɾmiːm
ترک	tɛrk
ترک	t̪əɾk
ترکون	t̪əɾkoːn
ترکوں	t̪əɾkõː
ترکی	t̪eɾki
ترکیبی	t̪eːɾkiːbiː
ترین	t̪eːriːn
تزئین	teːzæːin
تسلی	tsɪli
تسلیم	tsɪliːm
تسمہ	tsəma
تشریف	tʃəɾiːf
تشویش	tʃoʊʃ
تشکیک	təʃkiːk
تصدیق	t̪əsdeːq
تعارف	teːɑːɾiːf
تعارف	tɑːrɔf
تعاقب	tɑʕɑqː
تعاون	tɑʕɑbɯn
تعداد	taːɢaːdaːd
تعدد	tedul
تعریفی	taːriːfiː
تعزیتی	teːziːtiː
تعلقات	teːlaːqɑːt
تعلیم	t̪ɑːliːm
تعمیر	teːmɪr
تعمیل	teːmɪl
تعمیل	tɑːmiːl
تعینات	teːʋiːnɑːt
تعیناتی	t̪ɛːnɑːt̪iː
تغاری	ogariː
تفتشی	t̪ʊft̪ʃiː
تفتشیش	t̪ʊft̪ʃiːʃ
تفتیش	t̪eːft̪iːʃ
تفتیشی	tˢafˀtiːʃiː
تفریحی	t̪əfeːɾɪhɪ
تفریق	tafriːk
تفصیلی	t̪əfɪsɪliː
تقابلی	dqɑbɯliː
تقاضہ	t̪əqɑːdʒə
تقدیر	akdeːr
تقدیر	ʈʊqɪɾ
تقرر	tɪqɾɾ
تقریب	tɪqriːb
تقریبا	t̪əqɾiːbɑ
تقریبات	t̪æqɾiːbaːt
تقصانات	teqsɑnɑːt̪
تقطیع	təqtiːʕ
تلاشتے	to̞lɒːʃte̞
تلاشی	t̪əlaːʃiː
تلاشیاں	t̪əlaːʃjɑ̃
تلافی	teːlafɪ
تلخ	t̪əlx
تلنگانہ	t̪ɪləŋgɑːna
تلوار	t̪əlʋɑːr
تلواروں	t̪əloːɾɑ̃ː
تلواریں	t̪əloːəɾĩː
تلی	t̪eːliː
تم	tʊ̞m
تماشا	t̪əmaːʃɑː
تماشائی	tɐmaːʃɑːiː
تماشے	tmaːʃe
تمباکو	t̪əmbɑːkoː
تمنا	t̪əmnɑ
تمہارا	t̪oːmhaːraː
تمہارا	t̪əmaːɾə
تمہاری	t̪əmaːɾiː
تمہارے	t̪əmaːɾe
تمہورے	t̪əmoːɾe
تمہید	t̪ɐmɦiːn
تمہیں	t̪əmeːŋ
تمیز	tamiz
تمیز	tɐmiz
تنازعات	t̪ənaːzæˈʋæt̪
تنازعہ	t̪ənaːzeʋə
تنبیہہ	t̪ənbeːɦɑː
تندوری	tandʊri
تنزیہ	t̪ənziːɑ̃
تنظیم	t̪əneːdʒ
تنظیموں	t̪əneːdʒiːũ
تنظیمِ	t̪əneːʒiː
تنکا	tɪŋkɑ
تنگ	t̪eŋ
تنہا	tənaː
تنہائی	t̪ənaːɪ
تنے	t̪əneː
تو	toː
تو	tu
توانائی	ʈʋɑːnɑːiː
توبہ	t̪oːbʱə
توثیقی	ʈoːθɪqiː
توجہ	toːgʌ
توجیہات	todʒiːhɑt
تودا	toða
تودے	toðe
تورا	t̪oːrɑː
تورات	t̪oːɾɑːt̪
توری	tuɾiː
توری	t̪oːɾiː
تول	t̪oːl
تولنا	koːlnɑ
تولہ	tuːlɑh
تولیدی	t̪oːliːdi
تولیہ	tolia
تولیہ	t̪oːliːɑː
تولیے	t̪oːliːe
تومیں	t̪oːmẽː
تونہیں	t̪oːnʱẽː
تونے	t̪oːn̪e
توپ	ʈoːp
توپاک	t̪oːpɑk
توڑ	to
توڑ	t̪oːɽ
توڑا	t̪oːɽɑː
توڑنا	t̪oːɽnɑː
توڑنا	t̪o̞rna
توڑنے	ʈoːɽneː
توڑو	t̪oːɽoː
توک	t̪oːk
توکیا	t̪oːki̯ɑː
توگئے	t̪oːgeː
توہین	toːhɪn
تَخْمِینی	tæxmiːniː
تَل	tɪl
تَپانا	t̪əpɑːnɑː
تَڑکے	toke
تَیر	tɛr
تَیراکی	t̪ɪːraːkiː
تُلسی	tˌulsiˌ
تُو	tu
تِشنہ	teʃna
تِل	t̪ɪl̪
تٹرکشک	t̪eːt̪əɾkɪʃk
تپتے	tept̪e
تپپڑ	teppəɽ
تڑنگا	tɛːngaː
تک	t̪ek
تکراری	təkɾaːriː
تکریم	takriːm
تکلفی	t̪ekl̪fi
تکلیف	t̪ekliːf
تکلیفیں	t̪ekliːfɛ̃
تکنیکی	t̪ekniːkiː
تکور	t̪əkuːr
تکڑے	təkɽe
تکی	t̪eːkiː
تھا	tɑː
تھام	tɑm
تھامس	θɑːməs
تھاپ	tʰa
تھاپ	θɑːp
تھاپنا	tɑpna
تھرمس	tɒrmɒs
تھرمل	θɛrml
تھرمین	θɛrmiːn
تھنڈر	θənd̪r
تھوڑی	tʰo̞liː
تھوڑی	θoːɽi
تھوک	tˈɔk
تھوکا	tʰuːkˈaː
تھپتھپائیں	θəpθəpɑ̃
تھپیڑ	t̪ʰpeːl
تھپیڑے	tʰəpɪɽe
تھکائیں	θəkɑːẽ
تھکانے	θʊkɑːnɛ
تھکاوٹ	θəkɑːʋt̪
تھکی	θəki
تھی	ti
تھیورو	θeːro
تھیٹ	θɪ̞ɾ
تھیٹر	θɪt̪əɾ
تھیں	θeːn
تھے	θeː
تہ	t̪eː
تہا	t̪ɑː
تہائی	teːhɑiː
تہارا	teːɾɑː
تہارے	teːɑːɾeː
تہجی	thadʒiː
تہخµ	teːxʊ
تہذیب	teːhziːb
تہذیبیں	teːʔziːbɪ̃ː
تہمینہ	teːmɪnə
تہوار	teːɦɑːr
تہوار	t̪eɦʋɑːɾ
تہھانے	teːhɑːneː
تہہ	t̪eːh
تہیں	teː
تیار	t̪iːəɾ
تیار-کھانے	t̪iːəɾkʰɑːne
تیاری	t̪iːɑːɾiː
تیتالیس	dɛtaːlɪs
تیج	t̪iːdʒ
تیر	t̪iːr
تیرا	teːrɑː
تیرا	t̪eːraː
تیرنا	teʃna
تیرکش	t̪iːr̥kəʃ
تیرکمان	tiːrgmɑːn
تیری	iri
تیری	t̪iːriː
تیرے	teːre
تیز	tiːz
تیزاب	dizabɯ
تیزابی	teːzɒːbiː
تیزرفتار	teːzɾɑftɑːr
تیزپات	t̪iːz̺pɑːt̪
تیزی	t̪iːziː
تیس	t̪iːs
تیسرا	teːsəɾɑ
تیسری	teːsriː
تیسرے	t̪iːsəɾe
تیل	tɛj
تیل	t̪iːl
تیلا	tɪlə
تیمارداری	biːmɑːrdɑːriː
تیمتیس	teːmtiːs
تیمور	teːmoːr
تیمور	ɾɛmur
تین	tin
تین	tiːn˩˨
تیندوا	tndva
تینوں	tino
تینوں	t̪iːnuː
تیوری	tɛvɾi
تے	te
ث	θ
ثءز	θeːz
ثءِ	θeː
ثإُ	θɛu
ثابت	θɑːbɪt
ثانی	θɑːniː
ثبوت	θəboːt
ثمر	sɐmɐr
ثواب	θʊˈβɑː
ثيودوسيوس	θeːoːd̪oːsiːoːs
ج	dʒ
جئی	dʒeː
جا	dʒaː
جا	gɑ
جاû	gɑu
جاؤنگا	dʒɑʊ̯ŋɑ
جاؤں	ɟɑũ
جائز	gɑːɪz
جائزوں	ʒɑːɪzʊ̃ː
جائزہ	gaːɪsɑ
جائزہ	ʒɑːɪzah
جائزے	ʒɑːɪzɛ
جائيں	gɑːjẽː
جائیداد	gɑːʔɪdɑːd
جائیدادوں	gɑːiːd̪ɑːd̪õː
جائینگے	gɑːiŋeː
جائیں	gɑẽː
جائے	gɑːiː
جائے	gɑːjeː
جائےگا	gɑːɪgə
جاب	gɑːb
جابجا	dʒaːbadʒaː
جات	gɑt̪
جاتا	gɑt̪ɑ
جاتاہے	gɑt̪ɑhɛ
جاتاہے	gɑːt̪əɦə
جاتی	gɑt̪iː
جاتے	gɑːt̪eː
جادو	ʒɑːd̪uː
جادوگر	ʒɑːd̪oːgəɾ
جادوگرنی	ʒɑːd̪oːgəɾniː
جاذب	gɑːðb
جارج	gɑːɾʒ
جارحانہ	gɑːɾɑːɦɑːnə
جارحیت	gɑːɾhiːt
جارحیت	gɑːɾɪhɪt̪
جارِح	gɑːrɛ
جارڈ	gɑːɾɖ
جارہا	gɑːrɑːhɑː
جارہاہوں	gɑːɾɑːɦɑ̃ː
جارہی	gɑːɾɑːɪ
جارہے	gɑːɾɑːe
جاری	gɑːɾiː
جاز	gɑz
جاسوس	dʒɑːsʊs
جاسوسی	dʒɑːsʊsiː
جاسکتا	dʒɑːsʋɑːt̪ɑː
جاسکتی	dʒɑːskʌtti
جاسکتیں	dʒɑːskʈeːŋ
جاسکتے	dʒɑskʌt̪eː
جالیں	dʒɑːliː
جالے	dʒɑːliː
جام	dʒɑːm
جامدانی	gɑːmdɑːriː
جامشورو	dʒaːmʃoːrl
جامع	dʒɑːmɛ
جامن	gɑmun
جامنی	dʒaːmniː
جامنی	gɑːmniː
جامه	dʒɑmɑ
جان	dʒɑːn
جان	dʒɒn
جانا	dʒɑːnɑː
جانباز	ʒɑŋbɑz
جانتا	gɑnt̪ɑ
جانتی	dʒɑːnt̪iː
جانتی	dʒɑːnɪt̪iː
جانتیں	dʒɑːnt̪ɪ̃
جانتے	gɑːnt̪eː
جانداروں	dʒɑndaːron
جانسن	dʒɑːns̪n̪
جانشینی	dʒaːnʃiːniː
جاننا	dʒɑnə
جاننا	dʒɑːnnɑː
جاننے	dʒaːnne
جاننے	dʒɑnne
جانو	ɟʰaːnʊ
جانوئی	dʒanoi
جانور	dʒɑːnʊr
جانوروں	dʒɑːnʊroːŋ
جانوں	dʒɑːnõː
جانِ	dʒɑːn
جانچ	dʒoːnˈtʃ
جانچ	dʒɑːntʃʰ
جانچنآ	dʒɑːtʃnɑː
جانچنے	dʒaːnɑtʃnɛ
جانگ	dʒɑːn
جانگیا	dʒaːngɪaː
جانی	dʒɑːniː
جانیں	dʒɑnɛ
جانیں	dʒɑːniː
جانے	dʒani
جانے	dʒɑːne
جانے-چلو	dʒɑːneːtʃʰloː
جانےوالا	dʒɑːnweːlɑː
جاو	gɑu
جاواور	gɑːwɑːr
جاوگی	gɑugi
جاوں	gɑ̃ː
جاویدپارک	dʒɑːvɛdpɑːk
جاویگا	dʒaːveːgã
جاپان	dʒɑːpɑːn
جاپانی	dʒaːpaːniː
جاپانی	ʒɑpɑniː
جاڑے	dʒɑːɾe
جاکر	dʒɑkər
جاگ	gɑːg
جاگا	dʒaːga
جاگتی	dʒakti
جاگتے	gɑːgte
جاگراں	dʒaːgɾɑːm
جاگنا	dʒɑːg̊nɑːʔ
جاگنا	gɑːgnɑː
جاگو	gɑːgʊ
جاگی	gɑːgi
جاگیر	gɑːgeːr
جاگیردار	gɑːjɪrdaːr
جاںگھیا	gɑ̃ːŋgʰɪ́ə
جاہ	dʒɑː
جاہتی	gɑːɦt̪iː
جاہل	gɑːɦɪl
جاہلانہ	gɑːhlɑːnɑː
جاہلی	ɟɑːɦliː
جاہیں	gɑːhɛ̃ː
جایئے	gɑːjeː
جایا	gɑjɑ
جبت	gəbʈ
جبر	dʒabr
جبر	gʊbər
جبرائیل	gəbɾɑːɪl
جبریہ	dʒbriʝa
جبڑا	dʒbra
جبڑوں	gəbɽə̃ː
جبڑے	gəbɽe
جبکہ	dʒəbkeː
جبکہ	gʊbkʰɑ
جتاتا	dʒɑtaːta
جتانا	dʒɑːt̪äːnäː
جتانی	dʒtaniː
جتنا	gʌt̪nɑ
جتنی	gʌt̪niː
جتنے	gʊt̪ne
جتوئ	dʒatɔiː
جتھا	dʒɛːt̪ʰaː
ججوں	gʊdʒoːn
جداگانہ	dʒudɑgɑːnɑ
جدوجہد	gʌd̪oɣʌd̪
جذب	gɑdʒb
جذبات	gʌd̪ˈbɑːt̪
جذبہ	gɑdʒbʌ
جذبے	gɑd̪bʱeː
جرس	dʒɾf
جرسی	gʌɾsi
جرم	gɪɾm
جرمن	gɾeːmən
جرمنی	gɾəmeːni
جرمنی	ɣɛrmɐnʲiː
جرمی	gʌɾmi
جرک	gɪɾk
جرگہ	dʒɨrga
جری	dʒəriː
جریدہ	dʒɾiːda
جزم	ʒɑzm
جزیرہ	gʊzɪrə
جزیرے	gʊzɪreː
جس	dʒus
جس	dʒəs
جستہ	dʒɑsta
جسکا	dʒɛskaː
جسکی	dʒʃkiː
جسکے	dʒɪskeː
جشن	dʒɪʃn
جعلی	daːliː
جعلی	gɑlɪ
جلا	dʒələ
جلاتی	dʒʌlɑːt̪iː
جلاد	gəlɑːd
جلادیا	gəlɑːdiɑː
جلانا	ɟʰlane
جلانے	gʌlɑːne
جلاوطن	dʒəlɑʊ̯t̪n
جلاوطنی	dʒɑlɑʊ̯t̪ːniː
جلتا	gʌlt̪ɑ
جلدی	gʌldi
جللاد	gəlˈlɑːd
جلن	gələn
جلنے	gəlne
جلو	gʌlo
جلوگی	gʌlɔgi
جلّاد	gəlːɑːd
جلی	dʒɑːliː
جلے	gʌlɛ
جم	dʒʌm
جمائیکا	dʒʌmɑːɪkɑː
جماتی	dʒʌmɑːt̪i
جماعت	dʒʌmaːʔat
جمال	dʒɑmɑl
جمالیاتی	dʒʌmɑːliːt̪iː
جمایکا	dʒɑmɑːɛːkɑ
جمع	dʒʌm
جمعرات	dʒʊmeɾɑːt̪
جمعرات	dʒʌməɾɑːt
جمعے	ʒʌmɛ
جمنا	dʒamna
جمنا-o	dʒʌmnɑː
جمنے	dʒɐmneːʔ
جمود	dʒʌmoːd
جمپنگ	dʒʌmpəŋ
جمگھٹا	dʒəmgʱʈa
جمہوری	dʒʌmɦuːriː
جمہوریت	dʒʌmɦʊɾiːt
جمہوریہ	dʒʌmɦuːɾijɑː
جمیل	dʒamil
جن	dʒɪn
جنائی	dʒnâːʔiː
جناب	dʒənɑːb
جنازوں	dʒənɑːzoːn
جنازہ	dʒənɑːzə
جنازے	dʒənɑːze
جنایت	ʒɒnɒˈɒt
جنت	dʒent̪
جنتی	ɟʱɳt̪iː
جنجال	ʒəndʒɑːl
جنرل	dʒənɾəl
جنسی	dʒənsi
جنم	dʒənm
جنوب	dʒʊˈnoːb
جنونی	dʒuːnuːniː
جنگ	dʒaŋ
جنگ	dʒəŋ
جنگجو	dʒəŋgdʒoː
جنگجوؤں	dʒəŋgɑːʊ̃
جنگل	dʒəŋgəl
جنگلی	dʒəŋgli
جنگوں	dʒəŋgoːŋ
جنگیں	dʒəŋeː
جنھیں	gʌnheː
جنہوں	dʒənɦoːn
جنہيں	dʒənɦɛ̃
جنہیں	dʒəneː
جنیوا	dʒiniwɑ
جو	gʊ
جو	ʝˈoː
جوئی	gʊi
جوا	gʋɑ
جوا-tare	gʋɑːt̪əɾe
جواب	dʒəvɑb
جواب	dʒəʋɑːb
جواب	gʊɑːb
جوابات	gʊwɑːbɑːt̪
جوابی	ɟʊɑːbiː
جواز	gʊɑːz
جوان	gʋɑːn
جوان	ʒʊˈɑːn
جوانوں	dʒʋɑːnõː
جواگر	gʊɑːgəɾ
جواہرات	gʋɑːɦɾɑːt̪
جوبن	dʒobãn
جوتا	goːt̪ə
جوتوں	gʊt̪oːŋ
جوتی	duːtiː
جوتے	dʒute
جوتے	goːt̪eː
جورجیا	dʒordʒija
جورن	goːɾn
جورُو	gʊɾu
جوری	gʊri
جوزفین	gʊzfəɪn
جوش	dʒoʃ
جوش	goʃ
جولائی	guːlɑːiː
جولانی	dʒuːlaːiː
جولاہا	duːlaːha
جولی	gʊliː
جولیا	gʊlijɑ
جون	dʒuːn
جوناتھن	dʒoːnɑːt̪ʰən
جونک	dʒoːk
جونک	gʊng
جونیئر	gʊniːr
جوڑا	gʊɽɑː
جوڑتوڑ	ɟoɽtoɽ
جوڑی	dʒoːɾiː
جوڑی	gʊɽiː
جوڑے	gʊɽe
جوکر	goːkəɾ
جوکہ	dʒoːkə
جوکہ	dʒoːt̪keː
جوہان	gʊhɑːn
جوہانا	ɟoːɦɑːnɑː
جوہانس	goʊhɑːns
جوہر	gʊɦɾ
جوہری	goːɦriː
جَلاتی	dʒəlaːtiː
جَلد	dʒld
جَلنے	ʒəlne
جَوا	dʒoaː
جَھپاکا	dʒɑpɑːkɑː
جُتا	dʒuta
جُوت	dʒoːt
جپنی	dʒapniː
جچوانا	dʒætʃvɑːnæ
جڑ	dʒaɺ
جڑ	gɑɽ
جڑیں	gəɽeːn
جڑے	gɑɽe
جکارتہ	ɟəkaːrta
جکڑ	dʒəgəɽ
جکڑا	gʌkɽɑ
جگ	gʊ
جگا	dʒɑːgɑː
جگاتا	dʒgɑt̪eː
جگاتی	dʒəgɑːt̪iː
جگالی	dʒoːgɑːliː
جگانا	dʒʊgɑnɑ
جگدالی	gʌgdaːliː
جگنو	dʒugnu
جگہ	gʊgʌ
جھاڑ	gʱɑːɽ
جھاڑ	ɟʰɑːn
جھاڑو	dʒaːɽoː
جھاڑو	dʒʰɑːɽo
جھاگ	ɟʰɑːg
جھجک	dʒɪdʒɑk
جھجھک	dʒʰdʒʰk
جھل	dʒɒl
جھلانا	dʒʊːlɑːnɑː
جھلس	ɟʰəls
جھلملاتے	ʒʰlmilaːt̪e
جھلملانا	dʒɪlmilaːnɑ
جھلّانا	dʒʌlana
جھلک	ɟʰəlk
جھلکا	dʒɛːlkɑː
جھمانا	dʒoːmɑːnɑː
جھمیلا	dʒɑːmilaː
جھنڈا	dʒɳɖa
جھنڈا	dʒʰənɖɑː
جھنڈوں	dʒʰənɖõː
جھنڈی	dʒɐ̃nɖiː
جھنڈے	dʒʰənɖeː
جھنکار	dʒɑːnkaːr
جھولی	dʒʰoːliː
جھونپڑی	gʱoːnpɽiː
جھونک	ɟʰoːŋk
جھونکا	dʒonka
جھوٹ	dʒʱuːʈ
جھوٹ	ɟʱoːʈ
جھوٹا	ɟʰoːʈə
جھوٹوں	ɟʰoːʈõː
جھوٹی	dʒʊt̪iː
جھوٹی	ɟʰoːʈiː
جھوٹے	ɟʰoːʈe
جھٹ	dʒɑːt̪
جھٹ	ɟʱʈ
جھٹلایا	dʒʰʈʰlɑːjɑː
جھٹکا	dʒʱəʈkə
جھٹکوں	dʒʱʈʊkõː
جھٹکے	dʒɑːt̪keː
جھٹکے	gʌʈkeː
جھپٹا	ɟʰəpʈɑ
جھکا	dʒoːkɑː
جھکاو	ɟʱəkaːʋ
جھکی	dʒʰki
جھگڑا	gʌɽɑ
جھگڑے	dʒʰəgəɽe
جھیل	dʒʱeːl
جہازوں	dʒɑːhɑːzoːn
جہانوں	dʒɑhɑːnʊ̃
جہانگیری	gʱɑ̃gɪliː
جہاں	dʒəhɑ̃ː
جہج	dʒəhdʒ
جہلم	dʒeɦləm
جہلم	dʒeːlam
جہنم	dʒəhænm
جی	giː
جیئم	giːm
جیب	gɪb
جیت	dʒiːt̪
جیتا	ʒiːt̪ɑː
جیتاجاگتا	dʒiːt̪äːgɑːt̪t̪äː
جیتتا	ʒɪt̪ːə
جیتنے	dʒiːt̪ne
جیتوں	dʒit˦ɔ˥˥
جیتے	gˈiːtˌe
جیج	giːdʒ
جیحان	gʱeː˧haːn
جیسا	ʒɪsə
جیسمین	ʒiːsmɪn
جیسوں	ʒɪsõː
جیسی	giːsiː
جیسیکا	ʒiːsɪkɑː
جیسے	ʒɪse
جیل	giːl
جیمز	dʒiːmz
جین	dʒiːn
جینا	dʒiːnɑː
جینت	dʒɛːt
جینرو	dʒiːnro
جینی	dʒiːniː
جینیاتی	dʒiːniːtiː
جینیاتی	ʒiːniːjɑːtiː
جینے	gɪneː
جیو	gɪo
جیٹ	giːt̪
جیپ	dʒiːp
جیپی	giːpiː
جیپیایس	dʒiːpiːaɪs
جیڈ	giːɖ
جیک	dʒeːk
جیکروں	dʒeːkəroː
جیکسن	dʒeːksən
جیکٹ	dʒeːkʈ
جیگوار	dʒəgʊɑːr
جے	dʒeː
ح	ħ
حµµ	ɦɪɪ
حµé	ɦʊɑ
حءà	ɦɑː
حءض	ɦɑːd̪
حءِ	ɦe
حءّ	ɦɑː
حأ	ɦɑ
حاتم	ɦatɨm
حاجت	hadʒɯt
حادثہ	ɦɑːd̪t̪ʰə
حار	ɦɑːr
حاسل	ɦɑːsəl
حاشیہ	ħɑːʃiːjɑ
حاصل	ɦɑːsəl
حاصلات	ɦɑːsˈlɑːt
حال	ɦɑːl
حالات	hɑlɑt
حالیہ	ɦɑːliː
حامد	ɦɑːmɪd
حامل	ɦɑːməl
حامی	ɦɑːmiː
حبیب	ɦeːbiːb
حتمی	ɦt̪mi
حتیٰ	ɦʌtɪ
حجم	adʒɯm
حدیقہ	hðiːqa
حدیں	ɦʌd̪eːn
حرارت	ɦəɾɑːɾət
حرارت	ɦɾɑʁ
حراست	ɦəɾɑːsˈt̪
حرام	hɾaːm
حرامی	ɦəɾɑːmi
حربہ	hɯ̞rbɑ
حرج	ɦəɾdʒ
حرس	ɦərs
حرم	ɦəɾm
حرمتی	ɦəɾmiːti
حروف	ʊɾuːf
حرکتوں	ɦəɾkətõː
حساب	ɦəsɑːb
حساس	ɦɪsɑs
حسد	ɦəsd
حسن	ɦəsn
حسنسن	ɦəsn̪s̪n̪
حسیب	ɦəsiːb
حسین	həsɪn
حسین	ɦʊsɪn
حشرات	ʃrɑːt
حشو	hæʃuː
حصار	ɦɪsɑːr
حصول	ɦəsˈbʊl
حصوں	ɦəsõː
حصے	ɦəsæ
حضرات	ɦʌd̪raːt̪
حق	ɦʊq
حقدار	ɦqɑːdɑːr
حقیر	ɦəqiːr
حقیقت	həqiːqət
حقیقی	ɦəqiːqiː
حل	ɦɑl
حل	ɦəl
حلف	ɦəlf
حلق	hælq
حلقوں	ɦəlˈkuːŋ
حلقہ	ɦɛːlkə
حلقے	ɦəlkuː
حلمے	ɦlɪme
حلوہ	ɦəluː
حلیف	ɦəliːf
حلیم	halim
حمام	ɦɑmɑm
حمایتی	ɦɛmaːɛti
حمزہ	ɦʊmzə
حوا	ɦʋɑː
حواری	ɦlariː
حواصل	ħoɑsɪl
حوالات	ɦʋɑːlɑːt̪
حوالے	ɑlɑje
حوالے	ɦoːɑlɛ
حوروں	ɦoːɾuːŋ
حوریں	ɦoːreːn
حویلی	ɦʋiːliː
حَتْمی	ɦɑtmiː
حُسن	ɦʊsən
حُکم	hɔːkm
حِرفہ	ɦlfɑ
حْرف	ɦərf
حْکّام	ɦkɑːm
حکمت	ɦʊkmɛt
حکومت	ɦʊkoːmət
حکومتِ	ɦʊkoːmət̪eː
حکومتی	ɦʊkoːmti
حکیم	ɦɪˈkim
حہ	ɦɑ
حہخ	ɦɑx
حہخہ	ɦɑxɑ
حہْ	ɦə
حیاتیات	ɦɪjət̪jɑːt̪
حیثیت	ɦɛːθiːt
حیدر	ɦɛːd̪ɪr
حیران	ɦɪːrɑːn
حیرانی	ˈɛrɑːnɪ
حیرت	ɦɪːrət
حیوان	ɦɛːwɑːn
خ	χ
خµéہ	χʊˈeː
خµéہج	χʊˈɛdʒ
خءِ	χe
خؤ	χoː
خؤً	χoː
خإ	χɛ
خإح	χɑh
خإد	χɪd
خاتمے	χɑːt̪eːmeː
خاتون	χɑːt̪ʊn
خادِم	xɑːdæm
خادِمہ	xɑːdˈmɑ
خار	qɑːr
خاران	qɑːrɑːn
خارجہ	xardʒɑ
خارجہ	χɑɾˈʒe
خارجی	χɑɾdʒiː
خارِش	kɑːrʃ
خاص	xɒːs
خاصیت	χɑsʔiːt
خاصیت	χɑːsɪt
خاطر	χɑtɪ̞ɾ
خاطر	χɑːtɪr
خالد	χɑːlɪd
خالص	χɑlɪs
خالقانہ	χɑjlqɑnə
خالِص	xɑːlɛs
خالی	xɑːliː
خام	xam
خاموش	χɑːmoːʃ
خاموش	χɑːmɑːʃ
خاموشی	xɑːmoːʃiː
خامی	xɑːmi
خامیاں	χɑːmiːe̞
خامیوں	xɑːmijõː
خان	xɑn
خاندان	xɑːd̪ɑːn
خاندانوں	xɑːd̪ɑːnõː
خاندانوں	χaːndaːnoː
خاندانی	χɑːnd̪ɑːniː
خانساماں	χɑnsaːma
خانوں	xɑːnõː
خانپور	χanpur
خانگی	xɑnˈgiː
خانہ	xɑːnɑː
خانیوال	xɑnwɑl
خانے	χɑːnɛ
خاکروب	χɑːkɾub
خاکی	xakˈi
خبر	xʊbər
خبردار	xɑbɾdɑːɾ
خبردی	xɑbɐrdiː
خبروں	xʌbɾoːn
خبریابی	xabrjabiː
خبریں	xʊbɾeːŋ
ختائی	χɑtɑːiː
ختم	χt̪əm
خد	χd
خدا	xʊdɑː
خداؤں	χəˈdɑːʊ̃
خداحافظ	xʊdɑːɦɑːfɪz
خداداد	xʊdɑdɑːd
خدارا	χdɑːrɑː
خداوند	χɪdɑːwund
خدشات	χəd̪ʃɑt̪
خراب	χəɾɑːb
خرابا	χəɾɑːbɑː
خرابہ	xɾaːba
خرابی	χʌɾɑːbiː
خرابے	ɦrɑɓe
خرادی	χɾadɪ
خراشیں	χɾaːʃiːn
خراپن	χɑɾɑːpn̪
خروج	ɔɾuːdʒ
خروش	xʁoːʃ
خروںچ	χɾoːnʈʃ
خرّاٹا	xrɑːʈh
خرچ	χɑɾtʃ
خرچے	χəɾtʃeː
خرید	χɾiːd
خریدا	χɾiːdɑ
خریداری	χəɾiːdɑːɾiː
خریدتا	xɪɾiːd̪t̪ɑ
خریدتے	χɪɾiːd̪teː
خریدنا	χɾiːd̪nɑ
خریدنے	xəɾiːdənə
خریدنے	xɾiːne
خریدے	χɾiːde
خریف	xˈriːf
خزائن	xɒzɒːɪn
خزانہ	xəˈzɑːnə
خزانے	χəˈzɑːne
خزاں	xʊzæ̃
خسارے	xɛsɑre
خستہ	xɑsta
خشیاں	xʊʃjɑ̃
خطاب	xʊtɑːb
خطرے	xət̪reː
خطے	χʊteː
خفیہ	xəfɪh
خلا	xəla
خلاء	xəlɑː
خلاصہ	χɑlɑsɑ
خلاف	χɑlɑf
خلافت	xɨlafat
خلش	xælʃ
خلط	χəlʈ
خلقت	xəlkət̪
خلل	xəlː
خلوت	xʊloːt
خلوص	χɑluːs
خلیات	xəliːət
خلیج	xaliːdʒ
خلیج	χəliːdʒ
خلیل	χɪlɪl
خمر	xʊmər
خمی	χæmiː
خمیر	χmɪr
خمیری	xmˈrɪ
خنجر	xəngər
خنکی	xʊnke
خوا	χɔː
خواب	xɑːb
خواب	xʰwaːb
خوابوں	xɑːbõː
خواتین	χʋɑːt̪iːn
خواجہ	χʋɑːdʒə
خواہ	χɔː
خواہاں	χɔɑ̃
خواہش	χɔɑːɦʃ
خواہشمند	χɔːhʃmənd
خوب	χoːb
خوبصورت	xuːbsuːɾət
خوبصورت	xʊbsʊɾt
خوبصورتی	xʊbsʊɾt̪i
خوبی	xobi
خود	χoːd
خودداری	xʊdˈɑːri
خودساختہ	xoːtsɑːxtə
خودغرض	xudɣəz
خودکار	χoːd̪kɑːr
خودکشی	χoːd̪kɪʃiː
خودکشیوں	χoːd̪kʃijõː
خودی	xoːˈdiː
خور	xʊr
خوراک	χoːrak
خوراک	χoːɾɑːk
خوست	xʊst
خوش	xʃ
خوش	xʊʃ
خوشبو	xʊʃbuː
خوشبودار	xɔʃboːdɑr
خوشحال	xʊʃʰɑːl
خوشحالی	xʊʃhɑliː
خوشنما	χoːʃnəma
خوشگوار	xʊʃgʊʋɑːɾ
خوشہ	xʊʃa
خوشی	xʊʃi
خوشی	xʊʃiː
خوشی	xʊˈʃi
خوض	xos
خوف	χoːf
خوفزدہ	χoːfzəd̪ə
خوفناک	χoːfnɑːk
خول	xɔːl
خون	χoːn
خونصورت	xʊn̪s̪oːɾt̪
خونچہ	ɦoŋtʃa
خونی	xʊniː
خونیوں	xʊnijõː
خَرَاط	χɾɑt
خُبر	xʊbər
خُرافات	xrɑːfɑːt
خُسر	xosɾ
خُسرا	χʊ̞srɑː
خُسروانہ	xʊsɾuːɑnɑ
خُشک	kʃk
خُو	ˈoː
خُوب	xuːb
خُوبانی	χoːbaːniː
خُوبی	xʊbʲi
خْلوصت	xəlʊsˈt
خہا	xɑː
خہج	χɛdʒ
خہجءز	χɑdʒeːz
خہخ	χɑˈɦɑ
خیال	xɑjɑl
خیالات	xɛjɑːlɑːt
خیبر	xɛjbr
خیر	χɛːr
خیرآباد	xeːrɑːbaːd
خیرباد	χeːrˈbɑːd
خیرباد	χɛrbaːn
خیروخیریت	xɛɾwxɛɾriːt
خیرپور	qɛrpoːr
خیریت	χæriːt
خیز	xɪz
خیش	xɛrʃ
خیموں	χiːmoːn
خیمے	χɪmeː
دءز	ɖeːz
دءِ	ɗeː
دآتہ	daːt̪ə
دآتہا	daːt̪ʰɑː
دئے	ɗeː
داؤ	ɗɑu
داؤں	dˈoʊn
دائر	daɪr
دائرہ	daɪrɑ
دائرہ	daːeɾa
دائری	ɗɑːiri
دائرے	daɪreː
دائی	dˈaɪ
دائیں	ɖɑẽːn
دابنا	dabna
داخلہ	ɗɑkʰɪlə
داخلی	daːxli
داخِلی	daxliː
داد	dɒd
دادا	dada
دادا	ɖɑːd̪ɑː
دادو	ˈdadu
دادی	ɖɑːdiː
دارائی	d̪aːraːi
دارالحکومت	ɖɑːɾəɦʊkʊmət
داری	d̪ɑːɾiː
داز	ɗɑz
داستان	daːst̪ɑːn
داستانی	daːstaːniː
داستاں	dastˈo
داشتہ	daeʃta
داغ	dax
داغ	ɗɑːɣ
داغدار	daːɣd̪ɑːr
داغدار	nɑːɣdɑr
دال	dol
دالان	ɖɑːlɑːn
دالبندین	daːlbəndiːn
دالوں	ɗəːlɔn
دالیں	dɑːleː
دامن	dɑːmən
دان	d̪ɑːn
دانا	dˈɑnə
دانائی	daːnɑːiː
دانت	daːnt
دانت	dˈaːnt
دانتوں	ɖənt̪oː
دانست	daːnɪst
دانستہ	daːn̪s̪t̪ə
دانشورانہ	ɖɑnʃoːrɑnɑ
دانو	ɖɑːnʊ
دانی	daːniː
دانیال	ɖaːnjaːl
داو	dˈoː
داڑھی	ɖɑːɽʰiː
داکھ	dak
داہنا	d̪aːhla
داہنے	ɗɑːhne
دایره	daːɛrɑ
دبا	ɗɑbɑ
دباؤ	ɖʊbɑːu
دبائیں	ɗʊbɑːʔeːn
دباتے	ɗəbɑːt̪eː
دبانا	ɗʊbɑːnɑː
دبانے	ɗʊbɑːneː
دبایا	dbʱajɑ
دبلا	ɖʊblɑ
دبنا	dabna
دبو	ɗʊː
دبوچنا	dboːʃna
دبيز	dbiz
دت	ɖʌt
دج	ɖʌdʒ
دججیاں	ɗʊdʒjɑ̃
درآمدات	draːmədaːt
دراج	ɖəɾɑːg
دراز	daraz
دراز	ɖəɾɑz
دراڑ	ɖəɽː
دراڑوں	ɖəɽoːɳ
دراڑیں	ɖəɽeː
درت	dɒɾb
درجہ	dɾˈdʒɑ
درجے	ɖəɾʒe
درخت	d̪ɪrɐxt
درختوں	ɖəɾxtõː
درخواست	d̪əɾxɑːst̪
درد	bɒrd
درد	d̪əɾd̪
دردناک	d̪ɾənɑːk
درسی	d̪aːrʃiː
درمیان	ɖəɾmiˈɑːn
دروازوں	ɖəɾoːzõː
دروازہ	ɖəɾoːzə
دروازے	ɖəɾwaːze
درود	d̪əɾuːd̪
درّے	bɾe
درپیش	ɖəɾpiːʃ
درکار	ɖəɾkaːɾ
دریا	dɾiaː
دریا	d̪əɾjɑː
دریا	ɖəɾijɑ
دریائے	ɖəɾɪjɑːe
دریافت	ɖəɾɑːɪft
دریچوں	d̪aɾiːtʃoːn
دریں	ɖəɾeːn
درے	dareː
دس	d̪as̺
دس	ɗəs
دستار	d̪e̞st̪aːr
دستانے	dstɑːnɛ
دستانے	ɗʌst̪ɑːneː
دستاویز	ɖəsʈɑʋeɪz
دستاویزات	dest̪oːβiːzɑːt̪
دستاویزی	ɖəstaːβiːziː
دستبرداری	dəstbrdɑːriː
دستک	ɗɪsˈtæk
دستیاب	ɖəst̪iɑːb
دستے	deste
دشمنوں	d̪əʃmənõː
دشنام	duʃnaɫɨm
دعائیں	ɖʋɑːʔeːn
دعوتیں	ɖaːʋɐte
دعوی	ɖəʋiː
دعوے	ɖʋeː
دغا	dɣa
دغابازی	dʒɣaːbaːziː
دفاتر	dafɑːt̪ər
دفاعی	dafɑːʋiː
دفتر	daft̪ər
دفتری	daft̪eːriː
دفع	ɗəf
دفعہ	ɗəfə
دفن	ɗʊn
دفناتے	ɗʊnɑːte
دفنانے	ɗʊnɑːne
دفنایا	dafnajɑ
دل	dɪl
دل	d̪ɪl
دل	ɗəl
دلائل	blɑɪl
دلاتی	ɗɛlɑti
دلادو	dilado
دلانے	ɗəlaːne
دلداری	d̪ɪl̪d̪aːriː
دلوں	ɗəlõː
دلُو	ɗəloː
دلچسپ	ɗəlˈtʃɪsp
دلچسپی	ɗəlʈʃəsi
دلکش	dɪlkəʃ
دلکش	ɗəlkɛʃ
دلی	d̪ɪl̪iː
دلی	ɖəliː
دلیل	daliːl
دلیل	ɖəlɪl
دمنی	damini
دمہ	ɗʊmə
دن	dɪn
دنگ	daŋ
دنیاقربان	d̪əniːəqɾəbɑn
دهوپ	ɖʊp
دهیلا	ɖeːlə
دو	duː
دوئم	doem
دوا	ɖʋɑː
دوائی	duɑi
دوائیاں	duɑ̃jɑ̃
دوائیوں	duɑːjɔ̃ː
دوبئی	duːbəj
دوبارہ	doːbɑːrɑː
دوبالا	duːbala
دودھ	doːd̪ʱ
دودیا	duːɽiːə
دور	doːr
دور	dɔːr
دوران	doːɾɑːn
دوران	dæɾɑːn
دورانئے	ɖʊɾɑːnɛː
دوروں	ɖoːɾõː
دورِ	doːri
دورہ	doːrɑ
دوری	doːri
دورے	ɖoːre
دوزخ	duzɣ
دوست	dost
دوستانہ	duːst̪ɑːnə
دوستو	doːsto
دوستی	bosti
دوستی	doːst̪iː
دوسرا	dʊstra
دوسرا	ɖoːsəɾɑ
دوسروں	doːsroːn
دوسری	doːsriː
دوسرے	ɖoːsreː
دوش	buʃ
دوش	duːʃ
دوشالوں	tuːʃɑːlõː
دوشیزہ	doʃiːza
دوغلا	doːgɪla
دولت	d̪ɔːlət
دولت	ɗɔlʊt
دومینیکا	dʊminˈika
دونوں	dono
دونوں	doːnõː
دونگا	doːŋgə
دونگی	doŋgi
دوٹوک	dotʊk
دوپہر	doːpʰeːr
دوپہر	d̪oːpɛɦɛɾ
دوچار	duːtʃʰɑːr
دوچار	ɖʊ̃tʃɑːr
دوچارہونا	ɖoːtɕɑːrɦoːnə
دوڑ	ɗoɽ
دوڑا	ɖoːɽə
دوڑنے	ɗoɽne
دوڑوں	ɽuɽoːn
دوکھیباز	duːkʰeːbɑːz
دوگلا	duːglə
دوگنا	dogʊnɑ
دوگنی	duːgniː
دوگھڑی	doːbʱəɽiː
دوں	ɗõː
ديئے	ɖeː
ديباچہ	tiːbaːtʃa
دينا	d̪e̞na
دَلی	daliː
دَمہ	dama
دُشنام	dʃnɑm
دُشوار	ɖuʃwaːr
دُم	dum
دُهن	dɔn
دُورِی	duːɾiː
دُوری	duːɾiː
دُونے	doːne
دُکھاتے	ɖʊkʰɑːt̪e
دُھن	dˈʌn
دِکھ	ɗɪkʰ
دِکھتا	ɗɪkʰt̪ɑ
دِینی	ɖiːniː
دکان	duːkɑːn
دکھ	ɗʊkʰ
دکھا	ɗʊkʰɑ
دکھاؤں	ɗʊkʰɑ̃ːu̯n
دکھائی	dkhˈi
دکھائیں	ɗʊkʰɑ̃e̯
دکھاتا	ɗʊkʰɑt̪ɑ
دکھاو	ɗʊkʰɑːʋ
دکھاوے	ɗʊkʰɑːʋeː
دکھایا	ɗʊkʰɑjɑ
دکھتا	ɗʊkʰt̪ɑ
دکھلائی	nkʰlaːjiː
دکھلایا	dkʰlaːɑ
دگنی	duːgni
دگگج	ɗʊggeː
دھات	d̪ʱaːt̪
دھاتیں	ðɑːt̪eːŋ
دھاردار	d̪ʱaːɾd̪aːɾ
دھاری	nʱɑːriː
دھاریں	ɗʰɑːrɪ̃
دھارے	ɖʱaːre
دھان	dɑːn
دھاوے	ɗɑːweː
دھاک	ɖaːk
دھبوں	ɗʰəbõː
دھتکی	dʊtki
دھرتی	ɖʱɐɾt̪iː
دھماکاہونا	ɖʱməɑːkäːhoːnə
دھماکہ	ðʱəmɑːkʰ
دھماکہ	ɖʱməkaː
دھماکے	ðʌmɑːkeː
دھمکایا	ɖʱmkaːjɑ
دھندلی	ðʌnd̪liː
دھندہ	danda
دھندہ	ɗʱənd̪ə
دھو	d̪oː
دھو	ðʊ
دھوبی	ɖoːbi
دھول	ɗʰoːl
دھونا	doːna
دھوپ	dup
دھوکا	ðoːkə
دھوکے	ðoːke
دھچکا	ɗɪtʃkə
دھڑک	ɗʌɽk
دھڑکتا	ɗʌɽkəʈə
دھڑے	ɗʌɽe
دھک	dɐk
دھکا	dʱɐkːaː
دھکا	ðʌkɑ
دھکیلا	ɖəkeːlaː
دھی	dˈi
دھیرے	ɗʰiːreː
دھیما	ðɪmɑ
دہ	d̪e
دہ	ðə
دہü	ɗə
دہائی	d̪e̞haːiː
دہائی	ɗɛɦɑːi
دہراؤ	ɖʱəɾɑʊ
دہراتا	ɖəɾɑːt̪ə
دہراتا	ɖʊɦrɑɫtɑ
دہراتی	ðəɾɑːt̪iː
دہرانا	dʊrɑːnɑː
دہرانی	ɗəɾɑːni
دہرانے	ðəɾɑːnɛ
دہشتگردوں	ɗɛʃt̪gʊɾd̪oːŋ
دہلی	d̪eɦliː
دہلیز	ɗʰəliːz
دی	ɖiː
دیا	ɖɪɑ
دیالی	ɗiɑːliː
دیانا	ɖiːɑːnɑː
دیباچہ	riːbaːtʃa
دیتی	ɖiːt̪iː
دیتے	ɖiːt̪eː
دیجئے	ɗɪdʒeː
دیدی	ɗiːdiː
دیر	ɖeːr
دیرپا	ðerba
دیرپای	ðɛːrpɑːj
دیرینہ	de̞ɾiːno
دیسی	ðesi
دیمک	diːmak
دین	ɖiːn
دینا	d̪e̞na
دینا	ɖiːnə
دیناچاہتے	ɖiːnɑːtʃɑːɦteː
دیندار	diːnɑːr
دینی	ini
دینی	ɖiːniː
دینیات	dˌiːnjˈɑːt
دینے	ɖiːnɛ
دین‌دار	d̪iːnd̪aːr
دیو	ɗiːu
دیوار	ɖiːʋɑːr
دیواروں	ɗiːʋɑːroːn
دیواریں	ɖiːʋaːrɪ̃
دیوالیہ	ɖiːʋəliː
دیوانے	diːvaːne
دیوتاؤں	ɗiːʋtɔ̃ː
دیور	ɖiːʋəɾ
دیوہیکل	ɖɪoːɦɛːkl
دیوی	ɖiːʋiː
دیویوں	ɗiːvijõː
دیپالپور	d̪iːtaːlpuːr
دیکهنا	d̪eːkna
دیکھ	ɗɪkʰ
دیکھا	ɗɪkʰɑ
دیکھادیکھی	ɖeːkʰäːɖeːkiː
دیکھتی	ɗɪkʰt̪i
دیکھتیں	ɗɪkʰt̪iː
دیکھتے	ɗɪkʰt̪eː
دیکھتےجاؤ	ɖeːkʰt̪eːdʒaːʋ
دیکھنا	d̪e̞kna
دیکھنا	ɗɪkʰnɑ
دیکھنے	ɗɪkʰneː
دیکھنےوالے	ɖeːkʰneːʋɑːleː
دیکھنےکی	ɗɪkʰneːki
دیکھی	ɗɪkʰi
دیکھیئے	ɗɪkʰiːe
دیکھیں	ɗɪkʰeːn
دیکھے	ɗɪkʰe
دیگ	d̪eːk
دیگں	ɖɪgən
دیہات	ɖiːɦɑːt̪
دیہاتوں	ɗiːɦɑːtõː
دیہاتی	ɖeːɦɑːt̪iː
دیہاتی	ɗiːɑːt̪iː
دے	ɖeː
ذ	ð
ذµµ	ðɪ
ذµه	ðʊ
ذء	ðe
ذءُ	ðʊ
ذاتی	zɑːt̪iː
ذاتی	ðɑti
ذاد	ðɑːd
ذار	ðɑr
ذاط	ðɑːt
ذبح	ðʊbʱ
ذبیحہ	dbiha
ذبیحے	zbiːɦeː
ذخائر	ðˈxɑːiːr
ذخیرہ	ðəxeːrɑ
ذرا	ðəɾə
ذریعہ	ðɾɑːjjə
ذریعے	ðəɾɑːjje
ذلت	ðʊlt̪ə
ذمہ	ðəma
ذَراری	zrɑːriː
ذکی	zkiː
ذہ	ðə
ذہا	ðə
ذہج	ðəʐ
ذہن	ðəɦən
ذہنوں	ðəɦoːn
ذہنیت	ðəɦniːt
ذہین	ðhʲiːm
ذہین	ðəiːn
ذی	ðɪ
ذیادتی	ðɪɑːd̪tiː
ذیل	ðɪl
ذیلی	zɛːliː
ذیلی	ðɪliː
ر	ɾ
رئڈ	ɾeːɖ
رئیسانہ	ɾəɪeːsɑːnɑː
رئیل	ɾeːl
راؤنڈ	ɾɔ̃ːnd̪
راؤنڈز	ɾɔ̃ːndz
رائتہ	rˌɑːɪtˈa
رائفل	ɾɑːɪfəl
رائل	ɾɑːɪl
رائلز	ɾɑːɪlz
رائی	ɾɑːiː
رائے	ɾɑːjeː
رابرٹ	ɾɑːbɛɾt̪
رابطوں	ɾɑːbɪt̪oːŋ
رابطے	ɾɑːbɪt̪eː
رابن	ɾɑːbɪn
رات	ɾɑːt
راتوں	ɾɑːtõː
راج	ɾɑːdʒ
راجاپوری	ɾaːdʒɑːpʊri
راجر	roːgər
راجرز	ɾoːgəɾeːz
راجن	ɾɑːdʒn
راجکمار	ɾɑdʒkʋɑmɑɾ
راحت	ɾɑːt
راز	rˈɑːz
راز	ɾɑz
رازدارانہ	ɾɑːzd̪əɾɑːniə
رازداری	ɾɑzɑdɑɾi
رازوں	raːzuː
راس	rˈas
راسا	ɾaːsɑ
راست	ɾɑːst̪
راستوں	ɾɑːst̪oːŋ
راستہ	rasta
راستہ	rɑːstə
راستہ	ɾɑst̪ʰɑ
راستی	ɾastˈi
راستے	ɾɑːsˈteː
راسخ	raːsix
راسِخ	raːsˈx
راشن	ɾɑʃn
راضی	ɾaːziː
رافٹنگ	ɾɑːft̪ɪŋ
رالف	ɾəlf
رالیں	ɾɑːliː
رامادہ	ɾɑːmɑːd̪ə
راماڈہ	ɾɑːmɑːɖə
رانڈ	ɾɑːnd
رانڈ	ɾɑ̃ːnd̪
رانڈیل	ɾɑːnɖɛl
رانی	ɾɑːniː
راولاکوٹ	raːwlaːkot
راولپنڈی	ɾɑʊlpənɖiː
راک	ɾɑk
راکشس	ɾɑːkəʃs
راکشسوں	ɾɑːkʃsõː
راکھ	ɾɑkʰ
راکی	ɾɑːkiː
راگنی	ɾäːgniː
راہ	ɾɑh
راہباؤں	ɾɑːɦbɑːʊ̃
راہبوں	ɾɑːɦbõː
راہدار	ɾahdɑːr
راہداری	ɾɑːhdɑːriː
راہداریاں	ɾɑːhɑːd̪əɾɪ̃ː
راہنمائی	rɑənumɑːiː
راہنمائی	ɾɑhənmɑːi
راہی	ɾɑːhiː
راہیں	ɾɑːɦeːn
رایلٹی	ɾɑɪlɪt̪iː
راۓبریلی	rɑːjbɐreːliː
رب	ɾəb
رباط	ɾəbäːt
ربر	ɾəbɐɾ
ربوہ	ɾavɑ
ربڑ	ɾəbɽ
ربیکا	ɾəbɪkɑ
رتبہ	ɾutba
رتی	ɾɐt̪t̪iː
رجمنٹ	ɾʊdʒmɛ̃ːʈ
رحم	ɾɑm
رحمت	ɾəɦmət
رحمدلی	ɾəhmeːdliː
رحمہ	ɾəhmə
رخ	ɾək
رد	rad
رد	ɾəd
رزو	ɾezo
رس	ras
رس	ɾəs
رسائی	ɾəsɑːiː
رسالت	ɾəsɑːlɪt
رسان	ɾəsɑːn
رسانی	ɾəsaːniː
رستے	ɾəsteː
رسد	ɾəsɪd
رسمی	ɾɑsmɪ
رسوخ	ɾəsʊx
رسول	ɾəsʊl
رسومات	ru̞sʊ̞mɑːt
رسّی	ɾəsːiː
رسپانس	ɾəspəns
رسک	ɾəsk
رسی	ɾəsi
رسید	ɾəsɪd
رسیلی	ɾəsiˈli
رسیوں	ɾəsiõː
رش	ɾɪʃ
رشاد	ɾəʃɑːd
رشتہ	ɾəʃt̪ə
رشتہ	ɾɪʃt̪ɑː
رشتے	ɾəʃt̪eː
رشدی	ruːʃdiː
رشوت	ɾəʃoːt
رضاکارانہ	rzakaːrana
رعشہ	ɾɑːʃɑ
رفت	ɾaft
رفتاری	rxtaːriː
رقاص	ɾəqɑːs
رقبے	raːqbe
رلانا	ɾuɫaːnɑ
رمز	ɾamz
رمزی	ɾʌmzi
رمل	ɾɐməl
رن	ɾən
رندا	ɾandɑ
رنز	ɾənz
رنڈی	ɾəŋɖiː
رنگ	ɾəŋ
رنگروٹ	ɾəŋgɾoːt
رو	roː
روؤ	ɾoʊ
روئی	roi
روا	ɾɐva
رواداری	ɾuɑːdaːriː
روانڈا	ɾʊɑːnɖa
روانہ	ɾoːnɑː
رواں	ɾʋɑ̃
روایت	ɾoːɑɪt̪
روایتی	roːɑːjtiː
روبوٹ	ɾʊboːʈ
روبوٹس	ɾoːˈboːʈs
روتا	ɾoːt̪ə
روتے	ɾoʈe
روح	ɾoːh
روحانی	ɾuːɦɑːni
روحانیات	ruːʒɑːniːɑːt
روحوں	ɾoʊɦʊ̃
روحی	ruːziː
روداد	rʊdɑːl
رودھو	ruːdho
روز	ɾoːz
روزا	ɾoːzə
روزانہ	ɾoːzaːnə
روزمرہ	ɾoːzməɾə
روزنامه	roznama
روزنامے	roznɑmɛ
روزگار	ɾoːzgɑːr
روزگار	ɾɔzɣaːr
روزہ	ɾoːze
روزی	ɾoːzi
روزے	ɾoːze
روس	ɾoːs
روسٹ	ɾoːsʈ
روسی	ɾoːsiː
روسی	ɾusiː
روشن	ɾoːʃn
روشناس	roːʃnɑːst
روشندان	ɾuːʃɑːndɑːn
روشنی	roʃniː
روشنی	ɾoʃni
روشنی	ɾoʃniː
روشنی	ʁoʃnˈiː
رول	ɾoːl
رولنڈ	ɾoːlənɖ
رولنگ	ɾoːlɪŋ
روم	ɾoːm
رومال	ɾoːmɑl
رومانوی	roːmɑːnʋiː
رومانوی	ɾuːmaːnviː
رومانٹک	ɾomənt̪k
رومانی	ɾoːmaːniː
رومانیوں	ɾoːmɑːnijoːn
رومانیہ	ɾoːmaːniːɑː
رومن	ɾoːmən
رومی	ruːmiː
رومیو-بھارت	ruːmiːoːbʱɑːrt̪
رونا	roːnə
روندنا	ɾɔːnɪnɑ
روندنے	ɾʊndne
رونلڈ	ɾʊnləɽ
رونگٹے	roːŋiteː
رونے	ɾoːne
روٹر	ɾoʈəɾ
روٹری	ɾoːt̪ɾiː
روٹی	ɾoːtiː
روپوش	ɾoːpuːʃ
روپوش	ɾuːbɔʃ
روپڑی	roːpaɻi
روپیہ	ɾuːpiːɑː
روپیہ	ɾuːpəjjɑː
روپیہ	ɾuːpɪjɑː
روپیہ‎	ɾupia
روپے	ɾoːpə
روڈ	ɾoːɖ
روک	ɾoːk
روکا	ɾoːkɑ
روکتا	ɾoːkəta
روکساک	ɾoːkɑsɑk
روکنا	ɾoːknɑː
روکنے	ɾoːkneː
روکو	ɾoːkuː
روکھا	ruːkɑː
روکے	ɾoːkeː
روگردانی	ɾoːgəɾdɑːniː
روھانسا	ruːhɑːsɑ
روہو	loːhu
رویا	rujɑ
رویت	roːjɑt
رویہ	ɾoi
رویے	ɾoi
رَبابی	ɾɑbɑːbiː
رَشک	ɾʃk
رُوبکاری	ɾuːbkaːriː
رُومال	ɾoːmaːl
رُوکھا	ruːkˈɑ
رُویا	roja
رِسالہ	rsɑlɑh
رِیش	ɾɪːʃ
رْتبےدانوں	ɾət̪beːd̪ɑːnuːn
رْک	ɾək
رْکیے	ɾkiːe
رپورٹ	ɾəpoːɾəʈ
رپورٹر	ɾəpoːɾt̪əɾ
رپورٹنگ	ɾəpoːɾʈeŋ
رپورٹیں	ɾpʊɾʈeː
رچانا	ɾətʃɑːnɑː
رکئے	ɾəkɪe
رکا	ɾʊkɑ
رکاوٹوں	ɾəkɑʊʈoːn
رکنا	ɾəknɑ
رکنیتی	ɾəkniːt̪iː
رکھتا	ɾəkʰt̪ə
رکھتی	ɾəkʰt̪i
رکھتے	ɾəkʰt̪eː
رکھنی	ɾəkʰniː
رکھنے	ɾəkʰne
رکھوگے	ɾəkʰoːgeː
رکھوں	ɾəkʰõː
رکھینگے	ɾəkʰɪŋeː
رکھیں	ɾəkʰeːn
رکھے	ɾəkʰeː
رکیں	ɾəkẽː
رگوں	ɾəgoːn
رگڑتا	ɾəgəɽt̪ə
رہ	rɛ
رہ	ɾə
رہائشی	ɾəɦɑːʃi
رہائی	ɾəɦɑːi
رہاسہا	rɦɑːʃɑːhɑː
رہبر	ɾɛɦbəɾ
رہت	ɾəɦt
رہتا	ɾəɦt̪ɑ
رہتی	ɾəɦt̪i
رہتے	ɾehte
رہنا	ɾɑɦnə
رہنما	ɾəhnmɑ
رہنماؤں	ɾəɦnæmɔ̃ː
رہنمائی	ɾəhnɑːmɑːiː
رہنے	ɾəne
رہو	raɣo
رہوں	ɾɑɦoː
رہيں	ɾeːɦẽː
رہیں	ɾeːɦẽː
رہےہیں	ɾeːɦeːɦĩː
ری	riː
ریاستہائے	ɾeːʔɑːsˈt̪ʰɑːe̯
ریاکاری	ɾɪaːkaːriː
ریت	ɾeːt̪
ریجنل	ɾeːgnəl
ریخ	ɾeːx
ریز	ɾeːz
ریزرو	ɾeːzəroː
ریزولوشن	ɾeɪzoːluːʃən
ریزہ	ɾize
ریزیومے	ɾeːziːmeː
ریس	ɾeːs
ریستوران	ɾeːstʊɾɑːn
ریستورانون	ɾeːst̪oːɾɑːnʊn
ریسرچ	ɾeɪsɑɾtʃ
ریسورسز	ɾeːsʊɾs
ریسپانس	ɾɪspɑːns
ریسکیو	ɾeːskiːu
ریشم	rɛːʃɑm
ریشما	ɾeʃma
ریشمی	ɾiːʃmi
ریفرنس	ɾɪfɾəns
ریفری	ɾeːfɾiː
ریلوے	ɾɪlʋeː
ریلی	ɾiːliː
ریلے	ɾeːleː
ریمانڈ	ɾeːmɑːnd̪
ریمنڈ	ɾeːmənd̪
ریمپ	ɾeːmpə
رینالٹ	ɾɪnɑːl̪t̪
رینج	ɾeːŋ
رینجرز	ɾeːngəɾs
رینو	ɾeːnoː
رینڈ	ɾeːnd̪
ریو	ɾiːoː
ریورس	ɾeːʋɑːs
ریوڑی	ɾioɾi
ریویالی	ɾeːʋɑːliː
ریوین	ɾeːʋɪn
ریٹا	ɾeːt̪ɑː
ریٹائر	ɾeːtɑɪɾ
ریٹائرڈ	ɾeːt̪ɑɪɾeːd̪
ریٹھا	n˩˩˦i˨˩˦tʰa˥˥
ریپبلک	ɾeːpblɪk
ریپبلکن	ɾeːpblɪkən
ریپر	ɾeːpəɾ
ریپیٹر	ɾeːpɪt̪əɾ
ریچھ	ɾeːtʃ
ریڈ	ɾiːɽ
ریڈار	ɾiːɖɑːr
ریڈیو	ɾiːɖoː
ریڑھیاں	ɾiːɽʰijɑ̃
ریکارڈ	ɾeːkɑːɾɪd̪
ریکارڈز	ɾeːkɑːɾɪd̪z
ریکارڈنگ	ɾeːkɑːɾɖɪŋ
ریکون	rækuːn
ریکٹر	ɾeːkʈəɾ
ریگستان	reːgistɒːn
رے	ɾeː
ز	z
زµ	zɪ
زءِ	zeː
زإآ	zɑ
زاàاد	zɑːd
زائد	zɑːiːd
زائر	zɑːr
زائرین	zɑːireːn
زائچہ	zajtʃa
زادہ	zɑːdɑː
زادہـ	zɑːd̪ə
زاغ	zɑːr
زامبیا	zɑːmˈbiːɑː
زانٹی	zɑːnt̪iː
زاویہ	zɑːʋɪh
زاھد	zɑːhɪd
زاہد	zɑːhəd
زاہدان	zɑːhɑdɑːn
زبانوں	zɑβʊ̃nõː
زبانیں	zʊbɑːniː
زبدہ	zabda
زبردست	zəbɾd̪est̪
زبوں	abon
زحل	zɔɦl
زحمت	zɑhmət
زخموں	zəkmõː
زخمی	zəkmi
زخمیوں	zəkʰmijõː
زد	zɑd
زدہ	zɑːd̪ə
زر	zɫeɾ
زرخیری	zɾχjzj
زردار	zɾtar
زردہ	zrda
زری	zˈɐri
زعفرانی	zæfɾɑːniː
زلزلوں	zəlzəlõː
زلزلہ	zəlzələ
زلزلے	zəlzələ
زمام	zæmɑːm
زمان	zæmɑn
زمانی	zæmɑːniː
زمرہ	zumɾa
زمرے	zʊmre
زمین	zəmiːn
زمین	zəmˈiːn
زن	san
زنا	zəna
زنجی	zandʒiː
زنخا	zænxɑ
زندگی	zɪndəgɪ
زندگی	zɪnd̪giː
زندگی	zɪnd̪əgɪ
زندگیاں	zɪnd̪gijɑ̃
زندگیوں	zɪndgɪjõː
زنگار	zɑngaːr
زنگی	zəngiː
زوال	zʊɑːl
زوج	zɑːdʒ
زور	zor
زور	zɔːr
زورنا	zwraa
زولا	zɔːlɑː
زولو	zuːloː
زوم	zuːm
زون	zun
زَبان	zəbaːn
زچہ	zatʃa
زکر	zɪkəɾ
زگانے	zgɑːnɛ
زہ	ze
زہر	zɛr
زہرہ	zəhra
زہریلا	zəhɪrɪlə
زہریلے	zəhɪlɛ
زہیب	zoɦeːb
زیادتیاں	ziːɑːd̪tȋã
زیادہ	ziɑːd̪ə
زیارت	zæjɑrɯ̞t
زیر	zɪr
زیرو	ziːroː
زیرِ	zɪrɪ
زیرِغور	zjɾɣoɾ
زیرین	zɛrim
زیست	zimst
زیور	ziːr
زیورات	ziwɑːrɑːt
زیورات	zɛːvˈraːt
س	s
سئتیس	se˨˩t˦is˦
سئیتالیس	sɛːt̪ɑːliːs
سا	sɑ
سائبر	sɑɪbɾ
سائبرسپیس	sɑːɪbɾəspiːs
سائرل	sɑːɪrəl
سائرن	sɑːɪrən
سائز	saːiz
سائنس	sɑːʔɪns
سائنسدان	sɑːʔɪnsd̪ɑːn
سائنسدانوں	saːʔɪnsd̪ɑːnuː
سائنسی	sɛːnsiː
سائنیسِس	saːiːnisis
سائٹ	sɑɪt
سائڈ	saɪd
سائینائیڈ	saːɪnɑːɪd
سائینسِس	ˈsɑːʔɪnsɪs
سائیکل	saːɪkəl
سائے	saːje
سابق	sɑbeq
سابقہ	sɑːbɪqɑː
سات	sɑːt
ساتویں	sɑːtviː
ساتویں	sɑːtʊjə̃
ساتھ	sɑːt̪ʰ
ساتھی	sɑːt̪ʰiː
ساتھیوں	sɑːt̪ʰijõː
ساجن	sɑːdʒən
ساجها	sɑːdʒʰäː
ساحلوں	saːxɪlõː
ساحلی	saːɦliː
ساخت	sax
ساختہ	sɑːxt̪ʰɑː
ساختہ	sˈaxtə
سادگی	saːd̪giː
سادہ	sɑːd̪ə
سادہ	sˈadə
سادے	sɑːd̪eː
سار	sɑːr
سارا	sɑːrɑː
ساربان	sɾbɑːn
سارج	sɑːɾdʒ
سارجنٹ	sɑːɾdʒənt
سارس	sɑːrəs
سارس	sɑːɾs
سارنگی	ʃaːrŋg
سارَنگ	sɑrɑng
سارِق	sɑːrɪq
سارہ	sɑːɾɑː
ساری	sɑːriː
سارے	sare
سارے	sɑːɾeː
ساز	sɑːz
سازش	sɑːzəʃ
سازِشی	sɑːzʃiː
سازگار	sɑːzɣɑːr
ساس	sɑs
ساسیں	sɑːsẽː
ساشا	sɑːʃɑː
ساعت	sɑːt
سافٹ	sɑːft
سافٹبال	sɑːft̪bɑːl
سافٹویئر	sɑːftʋiːr
ساقط	sɑqˈɯt
ساقیا	sakia
ساك	sɑk
ساكت	sakɯt
سال	sɑl
سالا	saaːlaː
سالا	sɑlɑ
سالار	sɑlɑr
سالاری	sɑlɑːriː
سالانہ	sɑlɑnə
سالسا	sɑlsɑ
سالم	sɑːlɪm
سالوں	sɑlõː
سالچک	sɑltʃək
سالک	sɑːliː
سالگرہ	saːlgəɾə
سالہ	sɑlɑ
سالی	sɑːliː
سالے	sɑlɛ
سام	sɑːm
سامان	sɑːmɑːn
سامبو	sɑːmbʊ
سامراج	sɑːmraːdʒ
سامری	saːmriː
سامسون	sɑːmsɔːn
سامن	sɑːmən
سامنا	saːmnaː
سامنا	sɑːmnɑː
سامنے	sɑːmne
سامنےآنا	sɑmneːɑːnɑː
سامپ	sɑːmp
سان	sɑːn
سانتا	sɑːntɑː
سانتانا	sɑːntɑːnɑː
سانحہ	sɑːnɦɑː
سانحے	sɑnɦeː
سانس	sɑːns
سانس	sˈɔs
ساننا	sana
سانپوں	sɑːnpõː
سانڈا	sandə
سانی	sani
سانی	sɑːniː
ساو	sau
ساوی	saliː
ساٹھ	sɑːt
ساٹھ	sɑːʈʰ
ساکت	sakɪt
ساکِن	sakən
ساکھ	sɑkʰ
ساگ	sag
ساگر	sɑːgər
ساہیوال	sɑːɦiːwɑːl
سایا	saja
سایبان	sɑjbɑn
سایہ	sɑjɑ
سب	səb
سبارو	səbɑːroː
سباق	sʊbɑːq
سبز	sɑbz
سبزی	səbˈziː
سبزیوں	sbzioŋ
سبق	sæbq
سبق	sæbɪg
ستائیگی	sɐtəːɛːgiː
ستاتی	sɑtɑːt̪iː
ستارہ	sətɑːɾɑː
ستارے	sət̪əɾeː
سجائی	sɑːdʒɑːiː
سجادہ	sdʒɑːdɑh
سجایا	sʊdʒɑːjɑː
سججنوں	sʊdʒdʒuːn
سجع	sadʒɑ
سجیلا	sədʒiːlə
سحر	səhɾ
سحرانصاری	sɛhɾənsɑːriː
سحری	sɛɦɾiː
سخاوت	sxabt
سخاوت	səkɑːʊt
سخت	ʃɪxt
سختی	səkʰtiː
سخی	ʃəki
سر	sæɾ
سر	sər
سرا	səɾɑː
سراب	sˈɾəb
سراسر	səɾɑːsər
سراغ	səɾɑːɣ
سراهنا	sɾahna
سراہا	srɑːhɑ
سراہا	səɾɑːhɑ
سراہنا	sɯ̞rɑhɯ̞ŋɯ̞
سربراہ	sərbɾɑh
سربراہان	sərbɾɑːhɑːn
سربراہی	sərbərɑːhiː
سرجری	səɾdʒiː
سرحدوں	sərɦədõː
سرحدیں	srħde
سرخیوں	səɾkʰijõː
سرد	sɒɾt
سردا	sardɑ
سرداری	srnɑːri
سردی	sɐɾdiː
سردی	səɾd̪iː
سرزن	sɛrzɐn
سرسبز	sərsəbz
سرسراتا	sɾzɾaːt̪a
سرسوں	sərsõː
سرشاری	əɾʃɑːriː
سرغنہ	sərɣənə
سرف	sərf
سرقلم	sɯ̞rqæɫɯ̞m
سركاری	sɾkɑːriː
سركانا	sɛɾkɑːnə
سرمئی	səɾmeɪ
سرما	sæɾmæ
سرمایہ	səɾmɑːjə
سرمہ	sɔrma
سرنگ	səɾəŋ
سرنگوں	səɾəŋgõː
سرو	sɛrv
سرور	səruːr
سرورز	sərˈruːz
سرورق	səruq
سروس	sɪɾoːs
سروسز	sɾoːs
سروش	saroːʃ
سروكار	sɾuːqɑːr
سروں	səɾoːŋ
سرِکار	sɾgɑːr
سرپت	sɐɾfɐt
سرپرستوں	sərpərest̪oː
سرپٹ	ʃɐɾpəɈ
سرچ	sɛɾtʃ
سرکائے	sɾɐkaːɛ
سرکاری	səɾkɑːɾiː
سرکاوے	sɾkɑːʋeʔ
سرکتی	srt̪iː
سرکتے	sɾqte
سرکسوں	səɾkɪsõː
سرکنا	sɐrɐkmɑ
سرکنڈا	srkndə
سرگرمیوں	sərgəɾmijõː
سرگم	sɐrgɐm
سرگودھا	srgoːdə
سرگودھا	sɾgoːd̪ʱaː
سرگھومنا	srgumna
سرینا	səɾiːnɑː
سزا	səza
سست	sɪst
سستا	sɪstɑ
سستانا	sʊstaːna
سستی	sosti
سستی	sɑsti
سستے	səsˈteː
سسرالی	sʊsɾɑːliː
سسكی	sɨʃkˈi
سسٹم	sɪst̪əm
سسکارنا	sʏ̞skɑːrnʏ̞
سسکنا	sɪskənɑ
سطحیں	sət̪ɦeːŋ
سطعی	sɐt̪ʰɐiː
سعودی	sɑuːdiː
سعودیوں	sɑuːdijõː
سعودیہ	sɑʊdɪjɑ
سعید	saːˈid
سعیدکے	sɛːɪdkeː
سفارت	səfɑːrt
سفارتی	səfɑːrtiː
سفارشی	sɛfɑːrʃiː
سفال	sæfæl
سفاکانہ	səfɑkɑnə
سفر	səfɐɾ
سفر	səfɾ
سفری	səfri
سفلہ	sɛflɑ
سفوف	sufuf
سفید	sfeːd
سفید	sˈfiːd
سفیدہ	safiːda
سفیر	səfɪr
سقا	sqaa
سقّہ	sqaa
سكتہ	søkta
سلائڈ	sɑlɑɪɖ
سلائڈنگ	sɑlɑɪɖɪŋ
سلام	sɑlɑm
سلسلوں	səlseːŋoː
سلسلے	sɛlsæŋgeː
سلطان	sultɑːn
سلطان	sʊlˈt̪ɑːn
سلطنت	səlˈt̪ənt̪
سلمی	salmi
سلوتری	sɐlɐtɾiː
سلونا	sælɔːnɑ
سلوواکیہ	slugʋəkiːɑː
سلویو	səlʋiː
سلگانا	slːɑːnə
سلیس	saliːs
سلیش	səliːʃ
سلیمان	sɔlɛmaːn
سلیپر	səliːpər
سلیکس	sɪlɪkʰ
سلیکٹر	sɪlikt̪əɾ
سلیکٹرز	sɪlikt̪əɾz
سم	sɪm
سماجی	səmɑːdʒi
سمارکا	səmaːrka
سماعتوں	səmaːt̪oːn
سمانا	sæmɑːnə
سمبریال	ambɾial
سمتار	sʌmtɑːr
سمتبر	sʌmt̪eːbɾ
سمجھ	sʊmɟʱ
سمجھاؤنگا	səmɟʱɔːŋgə
سمجھانا	sʊmɟʱɑːnɑ
سمجھتا	səmgʱt̪ə
سمجھتے	səmgʱt̪eː
سمجھدار	səmɟʱd̪ɑːr
سمجھنے	sʌmgʱne
سمجھوتا	səmɟʱoːt̪ə
سمجھوتے	səmɟʱoːt̪eː
سمجھوتے	sʌmdʒʱoːt̪e
سمجھے	sʌmɟʱe
سمز	sɪmz
سمسٹر	sʌmsʌt̪r̪
سمعی	sɪmʔiː
سمن	sɪmn
سمندر	səmandəɾ
سمندری	səmənˈd̪riː
سمونا	samona
سمٹ	ɕɪmɐt
سمٹانا	smt̪aːn̪aː
سمکیات	sɑmkiːɑːt
سمیت	səmiːt
سمیٹ	sɪmɪt
سمیٹ	sʌmɪt
سن	sən
سنئے	sənɛ
سناتا	sənɑːtɑː
سنار	suːnaːɾ
سنانا	suːnaːnɑ
سنانے	sənɑːne
سنانے	ʃuːnɑːne
سنبل	sənˈbəl
سنبھال	sənbɑl
سنبھالتے	sənbʱɑːlte
سنبھالو	sənbʱɑːloː
سنبھالیں	sənbʱɑːlẽː
سنبھل	sənbʱəl
سنتا	sɪntə
سنتان	sɑntɑn
سنتان	sɪntɑn
سنتری	sənˈt̪riː
سنتور	sɐntɔː
سنتے	sənte
سنجوگ	sandʒoːg
سنجیدگی	səndʒiːd̪giː
سنجیدہ	səngiːðə
سندرتا	sʏ̞ndʏ̞rʏ̞tæ
سندیسا	sɐnd̪ɪːsə
سنسان	sonsɑːn
سنسنی	sənsəni
سنسی	sǎŋ˥˧siː˨
سنن	sənː
سننا	sana
سننا	sənnə
سننی	sənniː
سننے	sənne
سنوڈن	sʊnʊd̪n
سنوگی	səˈnʊgi
سنوگے	səˈnʊge
سنٹرل	sənteːɾəl
سنچری	səntʃəriː
سنڈریلا	sənɖrɪlə
سنڈی	sʌnɪ
سنکیتوں	sɪŋkɪtõː
سنگت	asŋgɐt̪
سنگھار	sʰɪŋɦaːɾ
سنگین	səŋgiːn
سنہ	sənə
سنہری	sənɦəɾiː
سنہرے	sənɦeɾeː
سنی	səniː
سنیاسی	sãn̪niaːs̪iː
سنیک	ɪsnɛk
سنیں	səniː
سنیے	səniː
سنے	səne
سو	sau̯
سو	sɔ
سوئم	swˌm
سوئمنگ	soːɪmŋ
سوئنگ	sojŋ
سوئٹزرلینڈ	soʔeːt̪zəɾlɑːnd̪
سوئی	sʊiːn
سوئے	soe
سوائے	soɑe
سوائے	sɯwɑːi
سوات	suːəʈ
سوات	sɑwɑt
سوادج	soʊdʒ
سوار	sʋɑːr
سوارتی	sʋaːɾtiː
سواروں	sʋɑːrʊ̃ː
سواری	soɑri
سواریوں	svɑːɾiːõː
سوال	sɑwɑl
سوال	sɔːl
سوال	səʋɑːl
سوالات	soʊɑːlɑːt̪
سوالات	ʔvɑːlɑːt
سوالیہ	sɑwɑːliːə
سوامی	suami
سوتا	sˌutˈa
سوتیلا	sɔteˈla
سوتیلی	soːtiːliː
سوتیلے	soːtɪleː
سوتے	soːt̪eː
سوجا	sau̯dʒa
سوجانا	soːdʒɑːnɑː
سوجنا	suzna
سوجھ	suːdʒi
سوجھنا	sudʒna
سوجی	sˤuːrdʒiː
سوخت	sʊ̞χtʊ̞
سوختہ	sʊ̞qtɑ
سودا	soːd̪ə
سودا	sɔda
سودائی	sɔːdaːɪ
سوداگری	saːdaːgri
سودیشی	sɔːdeːˈʃiː
سودے	soːd̪eː
سور	sɔːr
سور	sɫur
سوراخ	soːrɑːx
سورج	soːɾdʒ
سورما	sʊrma
سوروچ	sʊɾˈtʃ
سوری	sʊriː
سوریا	suːria
سوریکی	sɔːɾɪki
سوزاک	soːzæk
سوزش	sɔzɪʃ
سوزن	suzan
سوشل	ʃoːʃl
سوفا	sofa
سوكھا	suːkˈæ
سول	sɔl
سولو	soːloː
سولہ	soːlə
سولہ	sɔːlɑː
سولی	suːɢlˈi
سولی	sʊli
سوم	sɔːm
سومالیہ	saːmaːliːɑ
سوموار	soːmoːrɑː
سون	sˈuːn
سونا	sʊnɑ
سوناسلانا	sɔɦnɑslɑnɑ
سونامی	soːnamiː
سونورا	sʊnʊrɑ
سونپ	soːp
سونپ	sõːnp
سونگھتے	soŋgʱte
سونے	son
سونے	sʊnne
سوویت	soːʋeːt
سوٹ	sʊʈ
سوٹکیس	sʊʈkɪs
سوچ	sotʃ
سوچ	soːtʃ
سوچا	soːtʃə
سوچتا	soːtʃt̪ə
سوچتی	soːtʃt̪iː
سوچتے	sʊtʃt̪e
سوچلو	soːtʃloː
سوچنا	soːtɕnaː
سوچنا	sʊtʃnɑ
سوچنی	soːtʃniː
سوچنے	soːtʃne
سوچو	sʊtʃo
سوچیں	sʊtʃeː
سوچیں	sʊ˨˩˦tɕiŋ˥˥
سوچے	soːtʃe
سوڈا	soːɖə
سوڈا	sɔɾɖɑː
سوڈان	soːɖɑːn
سوک	sɔk
سوگ	soːm
سوگوار	soɣvaɾ
سوگواری	soluari
سوہاوا	soavɑ
سویا	sojə
سویرا	saːweːraː
سویرے	soːiraː
سویلین	səwilɪn
سویوستیت	sojʋiːst̪eːt̪
سویٹی	soːiːtiː
سَر	sɛr
سَراسر	sɾɑːsɑɾ
سَردا	sɛrdɑ
سَرْما	srmɑ
سَرْوَر	sɾuɾ
سَرچکرایا	sərtʃkɾɑjɑ
سَكنا	sakna
سَچو	satʃo
سَہنی	sæhniː
سَیّار	sjɑːr
سُر	suɾ
سُراغ	sɔraːgɐ
سُرور	suɾuːɾ
سُرُور	ɾʊɾ
سُقم	sokm
سُلانا	flɑnɑ
سُلطانی	sultɑːniː
سُلوانا	sulvɑːnɑ
سُن	sʊn
سُنہرا	senera
سُوج	suːd
سُوپ	sˈup
سُوگا	soːgə
سُکھانا	sʊkʰɑːnɑː
سِلانا	sʃlaːna
سِوا	sɛvɑ
سِیار	sɪjɑːr
سِیرت	sˈiɾt
سِیم	sˈim
سِیپ	seː
سْلجھا	səlgʱɑ
سْن	sɪn
سْنا	sɪnə
سْنتا	sɪntə
سْنتے	sənte
سْنو	sɪnʊ
سْنّے	sɪnːe
سٹارک	stɑːɾk
سٹاپ	stɑp
سٹریٹ	strɛːt
سٹریچر	strɛtʃər
سٹو	ʃt̪oː
سٹوریج	sʈoːɾɪdʒ
سٹول	ʃt̪oːl
سٹون	st̪oːn
سٹھانی	sɛːʈʰɑːniː
سٹی	sʈiː
سٹیئرنگ	sʈeːɾeŋ
سٹیشنوں	ɪsʈɪʃɔ̃ː
سٹیفن	sʈeːfən
سٹیفین	steːfeːn
سٹیل	ʃt̪iːl
سٹیمپ	stɪmp
سٹینڈ	stæ̃ːnd̪
سٹیو	steɪvo
سٹیون	sʈeːʋən
سٹیوی	sʈiːʋiː
سٹیک	st̪eːk
سپارٹا	spɑːɾt̪ɑː
سپاری	sʊpɑːɾiː
سپانسرز	spɑːnsɑːrɪz
سپاٹ	spɑːʈ
سپاٹ	ʃpəɾ
سپاہی	spəɦiː
سپاہی	sɨpɑhi
سپاہیو	spəhɪo
سپاہیوں	spəhɪjõː
سپر	səpər
سپرنٹنڈنٹ	spəɾn̪t̪n̪d̪ənt̪
سپریم	spəɾeːmiː
سپلائی	spəlɑi
سپورٹس	spuːɾts
سپوٹار	spoːt̪əɾ
سپیس	spiːs
سپیشل	spiːʃəl
سپیل	spiːl
سچ	sətʃ
سچ	sɪtʃ
سچا	sɪtʃɑː
سچائی	sɪtʃɑːi
سڈنی	sɪɳɪ
سڑ	səɽ
سڑا	səɽə
سڑکوں	səɽkõː
سڑی	səɽiː
سڑے	səɽe
سکا	skɑː
سکاؤٹ	skɑːuʈ
سکاردو	skardu
سکارف	skɑːɾf
سکت	sɐkɐt
سکتا	saktɑː
سکتا	skɪt̪ə
سکتہ	sakta
سکردو	skardu
سکرٹ	skɪrʈ
سکرپٹ	skɪrɪpt
سکرین	skɪɾiːn
سکریپ	skɪɾeːp
سکریچ	skɪɾɪtʃ
سکس	sɛks
سکو	skʊ
سکواڈرن	skɔːɽən
سکور	skoːr
سکول	skʊl
سکون	skun
سکون	sʊkuːn
سکوٹر	skuːtər
سکوپ	skoːp
سکوں	skõː
سکویڈ	skwˈɪd
سکڈ	skɑd
سکھا	skʰɑː
سکھائیں	skɑːˈhɛ̃ː
سکھانے	skʰɑːne
سکھر	sɐkːɐr
سکی	ski
سکیل	skɪl
سکیٹ	skɪt
سکیں	skẽː
سکے	skɛ
سگا	søgˈa
سگار	sɪgɑr
سگرٹ	sɪgəɾt
سگنل	sɛngəl
سگنلز	sɪgnəlz
سہ	sə
سہا	səɦɑː
سہارا	səhɑːrɑː
سہارے	səhɑːre
سہانا	sɔɦɑnɑ
سہاونا	səhɑuːnə
سہاگا	soːhaːga
سہتے	səht̪eː
سہج	səhɑdʒ
سہلا	sahlaː
سہلانا	sæhlɑnɑ
سہم	sæhm
سہمی	sɑhmiː
سہنا	səhnɑ
سہولت	suːlət̪
سہولت	səhʊlt
سہولیات	sɦoːliːəɑːt
سہی	səhiː
سی	siː
سیاح	sɪɑːh
سیاحت	siːɑːt̪
سیاحوں	siɑːɦõː
سیاروں	sɪɑːroː
سیارہ	siːɑːrɑː
سیاق	siːɑq
سیاق	sˈiːɑːq
سیال	siːɑːl
سیانا	sijɑnɑ
سیانوں	sjano
سیاهی	sjɑːhiː
سیاہ	seːˈ
سیاہ	siɑː
سیب	siːb
سیتاپھل	sjtapəl
سید	sɛɪd
سیدھا	sɪdeːhɑː
سیدھا	sɪd̪ʱʰɑ
سیدھے	sɪdeː
سیر	sɪr
سیرابی	sɛɾɑːbi
سیرم	sɪrm
سیرکرنا	sɛːrkɐrna
سیرہونا	sɛːrhona
سیریز	siːriz
سیریس	siːɾiːs
سیسو	sɪsoː
سیشن	siːʃn
سیفٹیز	siːftiːz
سیكھنا	siːkʰnɔː
سیل	siːl
سیلاب	se̞lɒb
سیلاب	siːlɑːb
سیلاس	siːlɑs
سیلان	ʃɛːlɑːn
سیلفون	sɪlfʊn
سیلمن	sɪləmən
سیلولر	siːluːr
سیم	sɪm
سیمسٹرز	sɪmsʈərz
سیمپل	sɪmpəl
سیمیںٹ	siːmẽːʈ
سینئر	sɪneːr
سینتیس	sɪntis
سیندائی	siːnd̪ɑːiː
سینوپ	sɛnɔ
سینٹ	sɛ̃ːt̪
سینٹر	sɪnt̪ər
سینٹوس	sɪnːoːs
سینڈوچ	sɛ̃ːnd̪ʊtʃ
سینکا	sɪnkə
سینکڑوں	sɪŋkəɽõː
سینگ	sɪŋ
سینہ	sina
سینہ	sɪnə
سینی	sɛːˈniː
سینیٹ	sɪniːt
سینیٹر	sɪnɪt̪ər
سینیٹرز	sɪneːt̪ərz
سینیگال	sɛnɛgɑːl
سینے	sɪneː
سیوا	s̺ɛva
سیون	sijun
سیّین	sjˈɛːn
سیٹ	siːt̪
سیٹل	siːtəl
سیٹلائٹ	siːt̪lɑɪt̪
سیٹی	sipi
سیٹی	siti
سیٹی	sɪtiː
سیٹیں	siːt̪eːn
سیپ	sˈip
سیڈان	siːd̪ɑːn
سیڑھیاں	siɽʰiæ̃
سیڑھیوں	siːɽʰiːõː
سیکرٹ	siːkəɾət
سیکرٹری	siːkərt̪riː
سیکسی	siːkʃiː
سیکشن	siːkʃən
سیکنڈ	sɪkə̃ːnd̪
سیکورٹی	siːkuːrtiː
سیکوریٹی	siːkoːriːtiː
سیکڑوں	siːkəɽoː
سیکھ	siːkʰ
سیکھا	sikʰa˥˥
سیکھا	siːkʰɑː
سیکھتے	siːkʰteː
سیکھنا	sikna
سیکھنا	siːkʰnə
سیکھنے	siːkʰne
سیکیورٹی	sɪkiːuɾt̪iː
سیکیوریٹی	siːkiːuːriːtiː
سیہ	se
سییلی	siːliː
سیے	sˈiɛ
سے	seː
ش	ʃ
شµµ	ʃɪk
شµé	ʃɪk
شا	ʃɑː
شائد	ʃɑːɪd
شائستہ	ʃaːiːstə
شائستہ	ʃɑːɪsˈt̪ʰe
شائع	ʃɑːʔiː
شائقین	ʃɑːɪqɪn
شائِستہ	ʃɑːɪst̪ə
شاباش	ʃabɑʃ
شاباش	ʃɑbɑʃ
شاخ	ʃɑx
شاخوں	ʃaxo
شادابی	ʃaːdaːbim
شادمانه	ʃɑːdmɑnɑ
شادی	ʃɑːdiː
شاذ	ʃɑːd̪
شاذ	ʃɑːz
شارامن	ʃɑːrɑːmɪn
شارمین	ʃɑːɾmiːn
شارٹ	ʃɑːɾʈ
شارک	ʃɑːɾk
شاطر	ʃɑːt̪eːɾ
شافٹ	ʃɑfːt
شافی	ʃafi
شالوم	ʃɑːlʊm
شالیں	ʃɑːlɛʁ
شامل	ʃɑːmɪl
شان	ʃɑːn
شاندار	ʃɑːnd̪ɑːr
شانہ	ʃɑːnɑː
شاٹ	ʃɑːʈ
شاٹس	ʃɑːʈs
شاپنگ	ʃɑːpɪŋ
شاگرد	ʃɑːgəɾd
شاہ	ʃɑː
شاہانہ	ʃɑːhɑːnɑː
شاہدره	ʃahdra
شاہراہ	ʃɑːɦɑːɾɑː
شاہنشاہ	ʃɑːhɪnʃɑːh
شاہکار	ʃɑhkɑːr
شاہکار	ʃɑːhkɑːr
شاہی	ʃɑːɦiː
شاہی	ʃɑːʱiː
شاید	ʃɑːjɪd
شاید	ʃɑːɪd
شب	ʃæb
شباب	ʃɑbɑb
شبانہ	ʃɑbɑnɑ
شبدانش	ʃəbd̪ɑːnʃ
شبدجال	ʃəbdʒɑl
شبنم	ʃɒbnˈɒm
شبہے	ʃɛbeː
شبے	ʃbeː
شتاب	ʃtab
شتر	ʃt̪r
شترمرغ	ʃt̪əɾmərɣ
شجوفرینیا	ʃʊdʊfeːniːjə
شخص	ʃʌx
شدت	ʃɪd̪t̪
شدنی	ʃudni
شدہ	ʃɪd̪ə
شدید	ʃædiːd
شدید	ʃɪdiːd
شر	ʃɛr
شرائط	ʃɐrɑːʔɛt
شراب	ʃəɾɑːb
شرابا	ʃəɾɑːbɑː
شرابی	ʃəɾɑːbiː
شرابی	ʃɾɑːbĩː
شرارے	ʃɑːrɑːreː
شرافت	ʃəɾɑːft
شراکت	ʃɾɑːkʌt̪
شربت	ʃɛrbɯ̞t
شرط	ʃɑɾt
شرطیں	ʃɾt̪e
شرطیہ	ʃəɾt̪iə
شرفاوں	ʃəɾfɑ̃ː
شرق	ʃɒːq
شرم	ʃəɾm
شرم	ʃɛrm
شرمانا	ʃærmɑnɑ
شرماو	ʃəɾmɑːu
شرمن	ʃɛrmən
شرمندگی	ʃəɾməndgi
شرمندہ	ʃərməndə
شرناق	kɾnɑq
شرٹوں	ʃɪɾt̪oːŋ
شریان	ʃəɾijɑːn
شریر	ʃæriːr
شریف	ʃaɾif
شریفہ	ʃɾiːfaːh
شریمان	ʃɪɾiːmɑːn
شش	ʃɛʃ
شش	ʃɪʃ
شعبہ	ʃuɫba
شعبہ	ʃæbɑ
شعبے	ʃæbæ
شعر	ʃɛɾ
شعلوں	ʃəɭoːn
شعلے	ʃoːleː
شعلے	ʃəleː
شفا	ʃɪfɑː
شفاخانے	ʃæfɑːxɑːne
شفاف	ʃɪfɑːf
شفافیت	ʃəfɑːfɪt
شفقت	ʃəfqət
شفٹ	ʃɪft
شفیق	ʃafiːq
شق	ʃq
شقیں	ʃqeːŋ
شل	ʃal
شمار	ʃmɑr
شمالی	ʃɑmɑliː
شمع	ʂamɑ
شمعیں	ʃəmeː
شمولیت	ʃmoːlɪt
شمٹ	ʃmɪt
شمیم	ʃɐmɪn
شناخت	ʃənaːxt
شناس	ʃanˈs
شناسا	ʃiːnɑːsɑː
شنید	ʃnɪd
شو	ʃoː
شور	ʃoːr
شورش	ʃuɾeʃ
شورش	ʃuːɾaʃ
شورویروں	ʃoːɾʋiːɾoːn
شوریٰ	ʃʊriː
شوز	ʃoːz
شوشا	ʃu˨˩˦ʂa˥˩
شوقین	ʃoːqɪn
شوٹ	ʃoːt
شوٹر	ʃʊt̪əɾ
شوٹنگ	ʃoːʈŋ
شوکیا	ʃoːkijɑː
شوہر	ʃoːɦər
شَاسترا	ʃaːstra
شَلوار	ʃluaːr
شُروتی	ʃɾuːt̪iː
شُورا	ʃuːra
شِکار	ʃɛːkɑːr
شِگاف	ʃigɑf
شِیر	ʃiːr
شٹ	ʃʈ
شپ	ʃɪp
شپنگ	ʃpəŋ
شک	ʃɪk
شکارپور	ʃɪkɑrpuːr
شکاری	ʃɐkɑːɾiː
شکاگو	ʃkɑːgoʊ
شکایات	ʃkɑjɑt
شکایات	ʃɛːkɑːjɑːt̪
شکایت	ʃkɑːʔt̪
شکر	ʃkər
شکر	ʃʊkɾ
شکرقندی	ʃɒkɒrqɒndi
شکرگزار	ʃəkəgzɑr
شکل	ʃkəl
شکلوں	ʃkəlõː
شکلیں	ʃkəlī̃
شکن	ʃkən
شکنی	ʃkni
شکنیں	ʃkənẽ
شگار	ʃɪgɑːr
شگاف	ʃəgɑːf
شگاگو	ʃəgəgʊ
شہ	ʃɛ
شہا	ʃɑhɑ
شہادت	ʃɑhɑːd̪t̪
شہباز	ʃɑɦbɑːz
شہباز	ʃɛɦbɑːz
شہتوت	ʃɛhtuːt
شہج	ʃɛɣ
شہر	ʃæɦɾ
شہر	ʃɛɾ
شہر	ʃɛːhɾ
شہروں	ʃɛɦɾoːn
شہرِ	ʃɛɾ
شہری	ʃøɛlɛ
شہری	ʃɛʱɾiː
شہریوں	ʃəhrijoːn
شہزادہ	ʃæzɑdɑ
شہزادہ	ʃɛˈzɑːd̪ə
شہزادی	ʃɛhzɑːdiː
شہزادے	ʃɛhzaːd̪eː
شہس	ʃɛhs
شہسہ	ʃɛhsɛ
شہوانی	ʃahvɑniː
شہوت	ʃɛɦoːt
شہپارے	ʃɛhpɑːreː
شہکار	ʃɦgɑːɾ
شہید	ʃɛːɪd
شیئرنگ	ʃɛːɾeŋ
شیخ	ʃɛx
شیخوپورہ	ʃeχopoˈra
شیخی	ʃɛxˈi
شیخی	ʃɪxɪ
شیدائی	ʃɛːrdɑːiː
شیر	ʃiːr
شیراز	tʃiːɾɑːz
شیرازہ	tʃiːɾɑːzɑ
شیردل	ʃɛːrd̪l
شیرف	ʃɪɾf
شیرنی	tʃiːrniː
شیروانی	ʃɛːrʋɑːniː
شیروں	ʃɪˈɾoːn
شیشہ	ʃɪʃə
شیشے	ʃɪʃe
شیطان	ʃɪt̪t̪ɑːn
شیطانی	ʃɛːtɑːniː
شیطانی	ʃɪtɑːni
شیعہ	ʃiːʕə
شیلف	ʃɪlf
شیلٹر	ʃɪlt̪ər
شیلیوں	ʃɪlijõː
شیمپین	ʃɪmpɪn
شین	ʃiːn
شیپرڈ	ʃɛpərɖ
شیڈو	ʃɛːɖoː
شیڈول	ʃɛːɽuːl
ص	s
صµµ	sɪn
صابن	sɑbun
صابن	sɑːbən
صاحبان	sɑːhbɑːn
صاحبزادہ	sɑːɦbzaːdɑː
صاحبزادے	sɑːhɪbzɑːd̪eː
صادر	sadɾ
صادق	sɑdɯk
صارفین	sɑːrfiːn
صاف	sɑːf
صافہ	safah
صافی	sɑːfiː
صافی	sˈafi
صالحہ	sɑːlħɑː
صبا	sabɑ
صبح	sʊbh
صبح	sʊbʱeː
صبح	sʊbʱoː
صبح	sʊbʱɑː
صبر	sɐbr
صبر	səbr
صبر	səbɾ
صبی	sˈbiː
صحابہ	sǎhɑbɑ
صحارا	səˈɦɑːɾɑː
صحافیوں	səɣɑːfijõː
صحت	sˁɑt
صحرا	sɑhɾɑ
صحن	sɑhn
صحنک	sħnˈk
صحیح	səˈɦɪ
صد	sɪd
صدائیں	sɐɖɑːjɛ
صداق	sɪdɑːq
صداقت	sɯ̞ðɑqɯ̞t
صدردیوان	sd̪ɾbiːwaːn
صدری	sadri
صدمے	səd̪me
صدی	sɐbi
صراحت	srɑhɑt
صراحی	sɾɑːiː
صراف	sraf
صرافہ	sɾaːfɑh
صف	saf
صفائی	sfəiː
صفائی	səfɑːiː
صفایا	səfɑːjɑː
صفحات	sæfhɑt
صفحہ	səfə
صفرا	safra
صفوں	səfõː
صلا	sela
صلابت	sælɑbɯt
صلاح	sɑlɑħ
صلاحی	sɐlɐːʔiː
صلاحیت	səlɑɦiːt̪
صلاحیت	səlɑːɦɪjət̪
صلاحیتوں	səlɑhɪtiːõː
صلعم	sɑlɑm
صلوات	sjlvaːt
صمیم	sɔmɛːm
صوابی	swɑbi
صوبوں	sɔbɔ̃
صوبہ	suba
صوبہ	sʊbeh
صوبیدار	ʃuːbeːdaːr
صوبے	sɔbe
صور	sʊr
صورت	sɑrʊt
صورتیں	sʊɾt̪iːŋ
صوفیانہ	sʊfianɑ
صوفیه	soːfja
صوم	sɔːm
صَبی	sˈbi
صَفرا	safraː
صَلا	sala
صَلابت	sɑlɑbɯt
صُراحی	sʊɾaːhiː
صہ	sɑh
صہْ	sɑh
صیغہ	sigo
صیغے	sˈige
ضµéارإ	ɖʊm
ضروری	ðəɾuːriː
ضلع	ɖəlʋ
ضم	ðʊm
ضمانت	ðʊmɑːnət
ضہخہج	ðʌxʌdʒ
ط	ʈ
طأç	ʈɑːʔ
طائفہ	taːiːfə
طابع	tɑːbɪ
طار	t̪ɑːr
طارق	taːrɪk
طاری	ʈɑːɾiː
طاس	bɑːs
طاسہ	tasa
طاقت	taːkə
طاقت	taːqt̪
طاقت	tɑqɯ̞t
طاقت	t̪ɑːqət
طاقتور	taːqt̪uːr
طاقتوں	taːqt̪õː
طاقتیں	taːqt̪iːŋ
طالب	ʈɑːlɪb
طالو	tɑːlʊ
طامع	tɑːmɪ
طاھری	t̪aːrɪ
طب	tɛb
طب	t̪b
طباشیر	tbɑːʃiː
طباق	tɑbaq
طبی	ʈəbi
طبیعات	tɐbɪjɑːt
طبیعیات	ʈəbiːʕijɑːt
طرارہ	trara
طراوت	t̪raːvat̪
طرخ	t̪əɾx
طرز	t̪əɾz
طرزِ	t̪əɾzi
طرفہ	ˈt̪əɾfeh
طریق	t̪ariːq
طریقت	tɐrʲiqɐt
طریقوں	ʈɪɾɪqʊ̃
طریقہ	tɐriqqɐ
طریقے	ʈɪɾɪkeː
طشت	tæʃt
طعمہ	tʊmɑ
طفلانہ	dflana
طلائی	t̪əlaːi
طلاق	tɑlɑq
طلاق	t̪ɑːlɑːq
طلسم	tɨlɨsm
طناب	t̪enɑːb
طور	t̪uːr
طورپر	t̪o̞rpəɾ
طوع	tɔ
طوفان	ʈoʊfɑːn
طوفانوں	ʈoʊfɑːnõː
طوفانی	duːfãːniː
طول	tuːn
طول	ʈoːl
طولانی	tʊːrɑːniː
طویل	tɐviːl
طویل	tɑwɪl
طَف	tof
طُول	tuːl
طُولانی	toɦlɑːniː
طہور	t̪oːʊr
طیارہ	ʈɛːɑːɾɑː
طیبہ	ʈiːbə
طیرانیات	ge̞ɾɒːniːɒːt
طیور	tʊjuɾ
طے	ʈeː
ظµé	ð¨
ظء	ð¨
ظأئ	ðˁɑːʔ
ظاàب	ðʌb
ظاàہج	ðˈzɑːhɑːdʒ
ظاد	ðˈzɑːd
ظالم	ðˁælæm
ظالمانہ	ðˁɑlmɑnɑ
ظالموں	ˈʒɑːlmẽ
ظاہر	zɑhɪr
ظاہرا	zəɦɪra
ظاہردار	zɑːhɪɾdɑːr
ظاہری	zæhˈriː
ظرافت	zraːfət
ظرف	zärf
ظہâءِ	ðʌhɑː
ظہبی	ðˁæbi
ظہیر	zæhʲiːr
ع	ə
عءِ	əj
عائد	əjɪd
عاجزآنا	ɑːdʒizɑːnɑ
عاجزانہ	ɑːdʒzɑːnɑː
عاجل	ɑˈdʒɯl
عاد	ɑːd
عادات	ɑːdɑːk
عار	ɑː
عازم	ɑːzɯm
عاشورہ	pɑːʃuːra
عاصب	ɑˈsɯm
عافیت	ɑːfiːh
عالم	ɑːlɪm
عالمِ	ɑlɑmɪ
عالمی	əˈlɑmɪ
عالمین	ælɑmɪn
عالی	ɑːliː
عالی	ʔaliː
عالیشان	əˈlɪʃɑːn
عالیہ	ɑːliːɑː
عام	am
عام	ʕä̃ːm
عامی	ɑːmiː
عبا	aba
عبادات	əbɑːd̪ət̪
عبادت	əbd̪ət̪
عبادتیں	əbaːd̪tiːŋ
عباسی	ɔːbəsiː
عبایا	abɑːjaː
عبدالرحمان	ˈʔabdulrɑhˈmɑn
عبداللہ	ˈʔabdullɑh
عبرانی	ɛbɾɑːni
عبور	ɑbʊr
عبوری	obori
عبِیر	ɑbˈir
عبیدیہ	obeðiːe
عتاب	ɪtɑːm
عتيق	ʔatiːq
عتیق	ɑbiːq
عجائبات	ədʒɑːbɑːt̪
عجم	ədʒɑm
عجیب	ʔɑːdʒiːb
عدالت	əd̪ɑːlɪt̪
عدالتوں	əd̪ʌl̪t̪oːn
عدالتی	ədaːlɪti
عدو	adu
عدولی	əɽuːliː
عذاب	əzaːb
عذر	əˈðɾ
عراق	ɪrˈɑk
عربوں	əɾbõː
عرش	əɾʃ
عرصہ	ɑrsə
عرصے	əɾsə
عرق	ɑrɑq
عروج	əroːdʒ
عروسہ	ɑruːzɑ
عرگانی	ergane
عریاں	əɾɪjɑ̃
عزا	ɑˈzɑ
عزاب	ɑzɑb
عزت	ˈʔɪzzət
عزیز	əziːz
عسکری	əskəriː
عسکریت	əskiriːt
عشا	ɪˈʃɑ
عشاق	uʃaq
عشق	eʃq
عصا	qɯ̞sɑ
عصرانہ	ɑsɾɑnɯ
عصمت	əsˈmət
عطا	əʈɑ
عطاکیا	ɑtɑkiːɑ
عطش	ɑtɑʃ
عطیہ	əttiə
عطیے	ɑtjɛ
عظمت	ɑzmɑt
عظمت	əzmət
عفریت	æfriːd
عقائد	əqɑːʔiːd
عقابوں	əqɑːbõː
عقد	aqd
عقرب	ɑqɾɑb
عقل	ʔəql
عقلمند	əqəlmənd
عقیدہ	ɑqˈida
عقیدہ	əqɪdə
عقیدے	əqɪdeː
عقیق	aqeɬk
علاج	ɪlɑːdʒ
علاقوں	əlaːqõː
علاقے	əlaːkeː
علام	ɑlɑm
علامت	əlɑmət
علامتوں	əlaːmətõː
علامتی	əlaːmt̪iː
علامہ	ɑnɑmɑ
علان	əˈlɑːn
علاوہ	əlaːwa
علم	ɪl
علمدار	æləmd̪ɑːr
علموں	ælmoːn
علمی	ilmi
علیا	olja
علیحدہ	əliːɦd̪ə
علیکم	ɑlɪkæm
علیہ	əɭɪ
عم	pɯ̞m
عما	əˈmɑ
عمارات	ɑːmɑːɾɑːt̪
عمارتوں	ʔʊmɑːɾtõː
عمدہ	əmd̪ə
عمران	ɛmɾɑn
عملاً	ɑmlan
عملدار	ʔamald̪ɑːr
عملوں	ʔamloːŋ
عملی	ʔamli
عملے	ʔamle
عمود	ɔmuð̞
عمودی	omodi
عناصر	ənɑːsər
عنقریب	ɑnqɑriːb
عنوان	əntɑːn
عنوانات	əˈnɑːnɑːt
عوام	əˈvɑːm
عورت	əʊrət
عورت	ʔɔːɾət
عورتوں	əʊɾtõː
عورتيں	ʔuːrt̪eːŋ
عورتیں	əʋəɾt̪iːŋ
عَدُو	ɑduː
عَروس	ɾuːs
عَطا	ɑtɑ
عکاسی	əˈkɑːsi
عکس	aks
عکس	əks
عہدوں	əɦd̪oːŋ
عہدیدار	əɦd̪iːd̪ɑːr
عہدیداروں	əɦd̪iːd̪ɑːroːŋ
عیاری	ɑːjɑːriː
عیاشی	əjˈɑːʃiː
عیب	ˈeɪ
عید	id
عیدی	ˈidiː
عیسائی	əjsɑːiː
عیسائیت	əjsɑːjiːt
عیسائیوں	əjsɑːjõː
عیسی	əjsi
عیسیٰ	əjˈsiː
عیش	əjʃ
عین	əjn
عینک	əɪŋk
غ	ɣ
غأ	ɣɑː
غائب	ɣɑːiːb
غائبانہ	gaebɑnɑ
غار	ɣaːr
غار	ɣɑːr
غارت	ɣɑːɾt
غازہ	gɑːzə
غاص	ɣɑs
غاط	ɣɑːt
غافل	ɣɑːfəl
غافل	ɣɑːfɪl
غالب	ɣɑlɪb
غبارے	ɣʊbɑːre
غدار	ɣɑːd̪ɑːr
غداری	ɣɑːdɑːri
غرا	bɾa
غرائب	gʁɑːɪb
غرارہ	ɑrɑrɑ
غرارے	oɾaːre
غربا	gæɾbɑ
غربی	ɣərbi
غرغرانا	arɣrɑnɑ
غرق	ɢɯ̞rq
غرور	gʁoːr
غریب	ɣəɾiːb
غریبی	ɣəɾiːbiː
غسال	aːsˤaːl
غسل	ɣəsəl
غش	ɣɑʃ
غصہ	ɣʊsə
غصیلے	ɣəsɪle
غلام	ɣlɑm
غلاموں	ɣʌləmoː
غلبہ	ɢalba
غلبے	ɣʌlbe
غلطیوں	gʌlʈijõː
غلو	ɣulʊ
غلیظ	ɣəliʐ
غم	ɣəm
غم	ɣʌm
غموں	ɣʊmõ
غمگین	ɣʌmgiːn
غنڈا	ɣə̃ɳɖɑ
غنڈوں	gʌɳɖõː
غور	ɣoːr
غوروفکر	ɣɔrʊfɛkr
غوری	ɣɑːriː
غَیبی	ɣebi
غَیظ	ɣˈɛz
غْصّہ	ɣəsːə
غٹاغٹ	ɣʈɑɣʈ
غہ	ɣə
غہا	ɣɑː
غیرتی	gʱɪrti
غیرمعمولی	ɣɛrmaːmuːluː
غیرنہیں	ɣɛːrnəeːŋˈ
ـ	ʔ
ـء	ʔ
ـءِ	ʔi
ـؤ	ʔoː
ـار	ɑr
ـاط	ɑːt̪
ـب	b
ف	f
ف	fɹiː
فءِ	feː
فآëہ	fəɑːh
فاؤنڈیشن	foʊnˈdiːʃən
فائدہ	baːjda
فائدے	fəid̪eː
فائر	feɪr
فائرنگ	feɑːrɪŋ
فائل	fæɪl
فائلوں	fæɪlõː
فائٹر	feɪt̪ər
فائی	fəi
فائیو	fəɪvoː
فاتح	faːt̪ʰ
فاد	fəɽ
فار	fɑr
فارس	fɑːrɪs
فارسی	fæɾˈsiː
فارسیوں	fəɾˈsijõː
فارم	faːrm
فارم	fɑːm
فارما	fɑːrmɑː
فارمولے	fərmuːlə
فارمیسی	fəɾmiːsi
فارمیسیوں	fɑːrmeːsɪ̃oː
فارورڈ	faːroːɾɑːɾd
فاریسٹر	fəɾɪsʈəɾ
فاسفورس	fɑːsfʊrs
فاسٹ	fəˈsːt
فاصلوں	fəsəlɔ̃
فاصلے	fəsəlleː
فاك	fəˈk
فالتو	fãːltu
فالو	foluː
فالٹ	foːlʈ
فانی	fəniː
فاڑ	fəɽ
فتح	fəˈtɑː
فجر	fəgər
فخر	bäχr
فدا	fuda
فدویان	fdviːɒːn
فدیہ	fɪd̪ɪjɑː
فرات	fəˈrɑːt
فراری	ɾɑːɾiː
فراز	fəˈrɑz
فراش	pɾaːʃ
فراموش	fəɾɑːmoːʃ
فرانس	fɾɔns
فراہم	fəɾɑːm
فراہمی	fəɾɑːmi
فرتیلی	fəɾtɪli
فرد	fəɾd
فرشتوں	fəɾʃtõː
فرشتہ	fɪrʃt̪ə
فرشتے	fəɾʃt̪eː
فرط	fart
فرعون	fəɾˈʔɑuːn
فرقے	fəɾqe
فرما	fəɾmɑː
فرمائیں	fəɾmɑ̃ẽː
فرمائیے	fəɾmɑːjeː
فرمائے	fəɾmɑːe
فرمان	fərmɑːn
فرمان	fəɾˈmɑːn
فرمانا	ɾmɑnɑ
فرمانبرداری	fəɾmɑːnbərdɑːɾiː
فرمانی	fəɾmɑːni
فرمایے	fəɾmɑːjeː
فرنانڈیج	fəɾnɑːnɪdʒ
فرنٹ	fɾənt
فرنٹیئر	fəɾn̪t̪eːɾ
فروخت	fəɾoxt
فروری	fəˈruːriː
فروغ	fəˈɾoːɣ
فرومایہ	bɐromaja
فرٹز	fɪrːts
فرہاد	fɪɾɑːd
فرہنگ	fɑrɑng
فری	fəɾiː
فرید	farid
فریسنو	fəɾɪsˈnʊ
فریضہ	fɾɪzɑ
فریفتار	fɾɛft̪aːɾ
فریق	fəɾɪk
فریقین	fəɾiːqɪn
فریم	frɛːm
فرینڈ	fɾeːɳɖ
فرینک	fəɾɪŋk
فرینکفرٹ	fəɾɪŋkfɪɾt
فریڈ	fəˈɾeːd
فریگمنٹ	fəɾɪgmənt
فسادات	fsɑːdɑːt̪
فسق	fyˈsq
فصیلیں	fsiːleːn
فضل	fəɽl
فضلہ	fəɽlɑ
فضلے	fəɽe
فطرت	faʈɾə
فطری	fəʈriː
فقرہ	fqra
فقیری	pqiɾiː
فلافيوس	fəˈlæviːʊs
فلاپ	flɑp
فلاڈلفیا	flɑːdəlfiːjɑː
فلاڈیلفیا	flɑːdɪlfɪjɑː
فلسطینی	filasˈtini
فلسطینیوں	fəlasˈtɪnijõː
فلسفے	ɸɪlsɪfeː
فلم	fɪlm
فلموں	filmoːn
فلمیں	filmẽ
فلورجنوب	flɔːrgʊnub
فلوریڈا	flɔːriːɽɑː
فلپس	filips
فلکیات	fəlkɪɑːt̪
فلی	feːli
فلیش	feːliʃ
فلیپ	feːlip
فن	fən
فنتاسیوں	feːntɑːsijoː
فندا	fɪndɑ
فنسانا	fɪnsɑːnɑː
فنڈز	ɪngz
فنکار	fəŋkɑːr
فوائد	foɑːjɪd
فوارہ	fəˈwɑːrɑː
فوارہ	voara
فوارے	fəˈʋɑːɾeː
فوبیا	foːbijɑ
فوت	fouːt
فوج	foːg
فوجداروں	foːɣd̪ɑːroːŋ
فوجوں	foːgoːŋ
فوجی	foːdʒiː
فوجی	pɔʎdʒiː
فوجیوں	foːdʒiːõː
فوجیں	foːgeːn
فور	fɔː
فور	fɔːr
فورا	foːrɑ
فورس	foːɾs
فورم	fuːram
فورنیا	fʊrnɪjɑ
فورٹ	fɔːɾt
فورڈ	fɔːɾɖ
فوری	foɾi
فوری	foːri
فولادی	foːlɑːdiː
فولڈر	foːld̪əɾ
فون	foːn
فونز	foːnz
فونٹ	foːnt̪
فوٹو	foːtoː
فوٹوشاپ	foːʈoʃæp
فوٹوگرافر	foːʈoːgrɑːfər
فوٹیج	foːtiːdʒ
فوڈ	foːɖ
فيلسوف	filsoːf
فٹ	ɸʊʈ
فکسنگ	feːksəŋ
فگار	figaːr
فہ	fə
فہج	fəɣ
فہخµ	fəxʊ
فہرست	fəɾsət
فہمائش	fahmaiʃ
فہمی	fəmi
فی	fiː
فیتہ	fˈiːtˌa
فیدم	feːd̪m
فیروز	fiːɾuz
فیس	feːs
فیصد	feːsad
فیصلوں	feːsəlõː
فیصلہ	feːsəlɑ
فیل	fˈil
فیلو	feːloː
فیلڈ	filːd
فیما	feːmɑː
فیملی	feːmɪliː
فینکس	feːnks
فیوہرر	feːuɦər
فیٹ	feːt̪
فیڈ	feːd
فیڈر	feːd̪əɾ
فیڈریشن	feːd̪eːʃən
فیڈز	feːd̪z
فیکٹری	feːkʈeːriː
فیکٹریوں	feːkʈəɾiːõː
فیںکنا	feːŋkə
ق	q
قءِ	qɛ
قا	qɑ
قائدانہ	qɑːiːdɑːnə
قائدہ	ɣaːeda
قائل	qɑːil
قائم	qɑjɯm
قائم	qɑːim
قائمی	qɑːrmiː
قاب	qɑm
قابض	qɑbɯz
قابل	qɑːbɪl
قابلِ	qɑːbɪl
قابلہ	qɑːbɪla
قابو	kabˈo
قابو	qɑːboː
قابو	qɑːbu
قابومیں	qɑːbʊmɛ
قابوپانا	qɑːbupanna
قاتل	qɑːt̪əl
قاتلانہ	qɑːt̪lɑːnə
قاتلوں	qɑːt̪əlõː
قادر	qɒdɒɾ
قارئین	kaːrɪiːn
قارورہ	qɑːruːra
قازقستان	qɑːsqɑstɑːn
قاش	ɢɑʃ
قاصر	kɑsɪ̞ɾ
قاصرانہ	qɑsɪrɑnɑ
قاصرہونا	qɑːsirɦunə
قاضی	qɑːzi
قاطع	qɑtɪ̞
قافلے	qɑːfeː
قافیہ	qafia
قاق	ɑq
قالین	qɑːlɪn
قامت	qɑmɑt
قانون	qɑːnʉn
قانوناً	qɑnunæn
قانونی	qɑnʊnˈiː
قبائلی	qɑbɑːiːliː
قبالہ	qɑbala
قبضے	qəbɖə
قبور	qubʊɾ
قبول	qɑbuːl
قبیلہ	qɪˈbɪlə
قد	qɑd
قدح	qɯ̞dɑ
قدر	qɑdr
قدر	qɑdˈr
قدرت	qudrət
قدرداںی	qɑdrðɑːniː
قدرے	qɑdˈɾe
قدم	qɑdːem
قدموں	qɑd̪moːn
قدمی	qɑdˈmi
قدیم	qɑd̪iːm
قذافی	qəðafi
قرآن	qɑˈrɑːn
قرابت	kɾabat
قرار	qɑrɑr
قراردیا	qɾɑːɾd̪iːɑːʔ
قربان	qɪrˈbɑːn
قربانی	kɾbɑːniː
قربانی	qərbɑːniː
قرض	qɑɾd̪
قرضہ	qəɾzə
قرضے	qəɾse
قرق	qɔrq
قرنا	bɐɾna
قرنطینہ	qɑrntina
قريش	qɾʃ
قریب	qɪɾiːb
قریبا	qɪɾiːbɑ
قرین	ɾɪn
قسطنطنیہ	qʊst̪ʊnt̪ʊnɪjɑːɦ
قسمتی	qɑsˈmɛti
قسمیں	qɪsˈmeːn
قصائی	qɑsɑːi
قصاص	qɑsɑs
قصبے	qʌsbeː
قصور	qɐsʊːr
قصہ	qəsa
قط	qɑt
قطاروں	qɑːtɑːroː
قطبی	qɑt̪bɪ
قطرہ	qɑt̪rəh
قطرے	qatɾe
قطرے	qʊt̪reː
قفقاز	qɑfqɑz
قلاباز	qɑlɑbɑz
قلابہ	qɔlabɑ
قلات	ɢalat
قلب	qɑlb
قلعہ	qəlæ
قلعے	qɪlə
قلم	qælɯ̞m
قلم	qɪlm
قلمرو	qɒlɒmɾɒl
قلہ	qɔɫɑ
قمار	kumaːr
قماربازی	kʊmɑːrbɑːziː
قمری	umɾi
قمیص	qɪmɪs
قمیض	qʊmiːð
قنات	kɑːnɑːt
قندی	qndʒ
قواعد	qɑːˈʋɑːd̪eː
قوالی	kwaːˈliː
قوانین	qʷɑːnɪːn
قوت	qoːt
قوجائلی	koɟɑjli
قورمہ	koɾama
قوس	qɑs
قوف	qoːf
قول	goːl
قوم	qɔːm
قوموں	qɔːmʊ̃
قومی	qʊmiː
قومیت	quːmɪt
قونصلیٹ	qʊnsəlɪt
قونیہ	koɾnia
قویٰ	qɔvɪ
قيروانی	qɪrʋɑːni
قَمری	komri
قُربان	kuɾbaːn
قْربانیاں	qɪrbɑːnijɑ̃
قٓ	q
قہ	qəh
قہر	qɑr
قیادت	qɪɑːd̪eːt̪
قیام	qiːm
قیامت	qɪjɑːmət
قید	qɪd
قیدی	qɪdiː
قیدیوں	qɪdijoːn
قیف	qɪf
قیقاوٴس	qiːqɑːʋs
قیمت	kimat
قیمت	qɪmət
قیمتی	qɪmti
ك	k
كءز	kɑz
كءِ	keː
كأ	kaː
كؤع	koʊʔ
كاك	kɑk
كاميابی	kɑːmjɑːbi
كراچى	kɾaːtʃiː
كشميری	kəʃmiːriː
كوشاں	kɔʃɑː
ل	l
لµة	ləmə
لء	lə
لإُ	ləu
لا	lə
لاء	lə
لاؤ	ləu
لاؤس	naoʃ
لاؤنج	lau̯n
لاؤڈ	ɭɑʊɖ
لائبریری	lajbrari
لائبریری	ləɪbɾiːriː
لائسنس	lɑːɪsəns
لائق	ləi̯q
لائم	lajˈm
لائن	lɑːɪn
لائنز	lɑːɪ̃ːz
لائنوں	lɑːɪnõː
لائنیں	ɭɑːĩẽ
لائٹ	lɑɪt
لائٹر	ɭɑɪt̪əɾ
لائٹس	ɭɑɪts
لائیسنس	lɑɪsɪns
لائیو	ləiwo
لائیوسٹاک	ɭɑjʊsˈtɑk
لائیں	ləɛ̃ː
لائیے	ləiːe
لائے	ləjɛ
لاانتہا	laɪntiːhɑː
لابسٹر	ləbɑst̪ər
لابی	ləbi
لات	lɑːt
لاتا	ləˈt̪aː
لاتوں	ləːtõː
لاتینی	naːtiːniː
لاتے	ləːt̪eː
لاج	naːdʒ
لاجواب	ladʒəvɑːb
لاجواب	ləʒʋɑb
لاجوردی	lədʒmrdiː
لاد	ləd
لادا	laːda
لادن	ləd̪ən
لادنا	nɑːdɯnɑ
لادین	labiːn
لادینی	laːbeːniː
لادینیت	lədiːnɪt
لار	ləɾ
لارنس	ləɾəns
لارڈ	ləɾɖ
لاری	ləɾi
لاریسا	ləɾiːsə
لاریڈو	ləɾɪɖo
لازم	lɑzəm
لازم	ləzm
لازما	lɑːzmɑː
لازمہ	laːzmɑ
لازمی	ləzmɪ
لازوال	ləzoːʋəl
لاس	lɑs
لاسن	lɑːsən
لاش	ləʃ
لاشیں	ləʃeːn
لاطینی	ləɪt̪iːniː
لافلن	ləfələn
لال	laːl
لال	lɑl
لالچ	ləːtʃ
لالچی	lalʃi
لالچی	ləːtʃiː
لالیان	lɑliɑ̃
لاما	laːmaː
لامتناہی	ləmt̪əneːhiː
لانا	ləˈnɑ
لانت	lɑːnt
لانس	ləns
لانگ	lɑːŋ
لانے	lənaː
لاو	ləʊ
لاوں	lɑ̃ː
لاٹ	ləʈ
لاٹوں	ləːʈoːn
لاٹھی	laːt̪iː
لاٹھی	ləʈʰiː
لاپتہ	ləpʈə
لاپرواہ	ləproːəh
لاچا	laːdʒa
لاڈلی	laːɖli
لاکٹ	ləkt
لاکھ	ləkʰ
لاکھوں	lakʰoːnˈ
لاکھوں	ləkʰoːn
لاگ	ləg
لاگت	ləgʌt
لاگز	ləgz
لاگو	laːgu
لاگو	ləˈgoː
لاگڈ	ləgːɪd
لاہور	laɦoɾ
لاہور	laɦoːr
لاہور	ləɣoːr
لاہور	ɾɑhɔɾ
لایا	laja
لایا	ləjɑ
لایعنی	lajaːniː
لایموت	lajamuːt
لبرٹی	ləbɾətiː
لبنان	lib̞nɑːn
لبنان	ləbˈnɑːn
لرز	ɾeɾz
لرزانا	lrðɑnɑ
لرزاں	ɭəɾzɑ̃
لرس	ɾəs
لسٹ	lɪsʈ
لسی	lasi
لشکر	ləʃkər
لطیفے	ləˈt̪iːfe
لعب	lʕb
لعنت	laːnət
لعنتی	ləˈnːti
لغوی	ləɣoi
لفاظی	lafazi
لفظ	ləfˈʒ
لفظوں	ləfɣoːn
لفظی	luːfziː
لفٹ	lɪft
للچانا	ləlʧaːnɑ
لمبا	ləmbɑ
لمبورگینی	ləmpuːrgiːniː
لمبی	lʌmbiː
لمبے	ləmbɛː
لمحوں	ləmhoːn
لمحہ	ləməh
لمحے	ləmaːhɛ
لمحے	ləmhe
لمو	ləmo
لمٹس	ləmt̪s
لن	lən
لندن	lənd̪ən
لنڈ	lə̃ɳɖ
لنڈا	lənd̪ə
لنڈبرگ	lənd̪bɛɾg
لنڈسے	lənd̪se
لنک	lənk
لنکا	lanka
لنکاسٹر	ləŋkɑːst̪ər
لنگر	ləŋgər
لنگوٹ	ləŋgoːt
لنگڑی	ləŋliː
لو	loː
لوئر	ɭoːər
لوئس	loːɪs
لوث	loːθ
لورا	ləroː
لورین	loːriːn
لوسرن	loːsɪrn
لوط	loːt̪
لولا	loːlɑ
لومبارڈ	ɭoːmbɑːɾɖ
لومس	lomːs
لومڑی	loːmɽiː
لونگا	loːŋgə
لونگا	ɦʊŋgə
لونی	lʊni
لوٹ	loːʈ
لوٹا	noːʈa
لوٹنا	ɭoːʈnə
لوٹنے	ɭoːʈne
لوٹی	loːtiː
لوپ	loːp
لوڈ	ɭoːɖ
لوڈنگ	ɭoːɖəŋ
لوکی	lɔːkɪ
لوکیٹر	loːkɪt̪ər
لوگ	loːg
لوگ	lɔu̯
لوگو	loːgoː
لوگوں	loːgoːŋ
لوہار	noːɦɒːr
لوہے	loːɑe
ليّہ	lɪ
لَت	la
لَٹ	lət̪
لُو	luː
لُوٹ	luːt
لِیکھ	liːg
لٹکا	ləɭt̪kə
لٹکانا	ləʈkɑnə
لٹکانے	ləʈkɑːnɛ
لٹکتی	ləʈkʈi
لٹکی	ɭʈkɪ
لپ	ləp
لپیٹ	ləpiːt
لپیٹ	ɭpiːəɺ
لپیٹا	ləpiːt̪ə
لچک	lətʃk
لڑ	ləɽ
لڑا	ləɽɑ
لڑائی	ləɽɑːi
لڑاکا	ləɽɑkɑ
لڑتا	ləɽt̪ə
لڑنے	ləɽne
لڑو	ɭəɽo
لڑکا	ləɽkə
لڑکوں	ləɽkõː
لڑکھڑاتے	ləɽkʰəɽɑːte
لڑکیاں	ləɽkiˑæ̃
لڑکیوں	ləɽkɪ̃oː
لڑھک	ləɽʈk
لڑی	ləɽiː
لڑیں	ləɽeːn
لڑے	ləɽe
لک	lək
لکڑیوں	ləkɽijõː
لکھ	ləkʰ
لکھا	ləkʰə
لکھاوٹ	ʝəkʰɑːʋt
لکھتے	ləkʰte
لکھنا	ləkʰnə
لکھنے	ləkʰne
لکھواتے	ləkʰʋɑːt̪eː
لکھی	ləkiː
لکھیں	ləkʰeːn
لکھے	ləkʰe
لکی	l̪eːki
لگ	ləg
لگا	ləgɑ
لگاؤ	ləgɑːo
لگائی	ləgɑːiː
لگائی	ləˈgɑːi
لگائیں	ləgɑ̃eː
لگائے	ləgɑːe
لگاتا	ləgətɑ
لگاتار	ləgətɑr
لگاتی	ləgəti
لگاتے	ləgɑːte
لگالیں	ləgɑːlẽː
لگام	ləgəm
لگانا	ləgɑːnɑː
لگانی	ləˈgɑːni
لگانے	ləgɑːne
لگایا	ləgɑjɑ
لگتا	ləgtə
لگتی	ləgti
لگتے	ləgte
لگرہا	ləgəɾhɑ
لگن	lagãn
لگنے	ləgne
لگو	loːgoː
لگوا	ləgʋɑː
لگوانے	ləgwaːne
لگوں	ləgoːŋ
لگی	ləgi
لگیں	ləgeː
لگے	ləge
لہجہ	ləhˈdʒə
لہخµ	ləxʊ
لہخءِ	ləxə
لہذا	ləhðə
لہر	ləɾ
لہراتے	ləɦɾɑːt̪eː
لہرانا	læhɾɑnɑ
لہرایا	ləɾɑjɑ
لہروں	ləɾoːn
لہن	la
لی	liː
لیا	liː
لیب	lɪb
لیبارٹری	liːbɑːrtrɪ
لیبل	liːbəl
لیبوریٹری	liːbuːrɪt̪riː
لیبیا	liːbijɑː
لیتا	liːt̪ɑː
لیتی	liːti
لیتے	liːte
لیجئے	liːdʒeː
لیجنڈ	leːgənɖ
لیجیے	ɭidʒe
لیزر	leɪzər
لیس	liːs
لیفٹیننٹ	liːft̪eːnənt̪
لیلن	liːn
لین	liːn
لینا	liːnə
لینادینا	leːnɑːdoːnə
لینس	lɪns
لینو	liːno
لینڈنگ	lɛːnd̪ɪŋ
لینی	liːniː
لینے	liːne
لیوا	liːʋɑː
لیور	liːvər
لیوس	liːʊs
لیون	liːʊ̯n
لیٹ	liːʈ
لیٹرین	liːt̪rɛːn
لیٹش	liːʈʃ
لیٹے	liːʈeː
لیپ	lɪp
لیپ	lɪ̞p
لیڈ	liːɖ
لیڈر	liːɖəɾ
لیڈی	liːɖiː
لیک	lɪk
لیکر	liːkər
لیکن	leːken
لیکن	leːkɪn
لیگ	lig
لیں	lɪ̃
لیہ	laja
لیے	liːe
لیے	lɪeʔ
لے	lə
م	m
م	mɛ
مآب	maːb
مئی	mai
مئی	maj
ماؤس	maʊs
ماؤنٹ	maʊ̃ːnt
مائشٹھیت	maːiʃt̪ʰiːt̪
مائن	maɪn
مائنس	maːjns
مائِل	mɑːjəl
مائچترت	maːɪtʃt̪eːɾt̪
مائک	maɪk
مائکرو	maɪkɾo
مائکروویو	maɪkɾoʊwiː
مائیک	maːɪk
مائیکروسافٹ	maːɪkrʊsoːft
مائیکروفون	maɪkroːfun
مائیکل	maːɪkəl
مابین	maːbiːn
مابین	mɑːbæn
ماتم	maːt̪əm
ماتمی	maːtmɪ
ماجد	maːdʒid̪
ماجھا	mäːdʒʱäː
ماحول	maːɦoːl
ماحولیاتی	maːɦuːliːɑːtiː
ماد	maːd
مادر	mɑːd̪eɾ
مادری	maːd̪ɾiː
مادہ	maːda
مادہ	maːd̪ə
مادے	maːd̪eː
مار	maːr
مارا	maːɾɑː
مارا	mˈɑra
ماراماری	maːraːmaːriː
مارتا	maːɾt̪ə
مارتا	maːɾʈːa
مارتھا	maːɾt̪ʰɑː
مارتی	mˈaɾti
مارتے	maːrte
مارتے	maːɾteː
مارجن	maːɾdʒn
ماردن	maːrdɨn
مارشل	maːɾʃɪl
مارفین	maːrfiːn
مارلین	maːrlin
مارمارس	məːrmaːrs
مارنا	maːrna
مارنا	maːrnə
مارننگ	maːrənŋ
مارنے	maːrɳe
مارو	maːroː
مارونگا	maːroːŋgə
ماروں	maːroːn
مارٹر	maːɾt̪ər
مارٹم	maːɾt̪m
مارٹن	maːɾt̪ən
مارٹینی	maːɾt̪iːniː
مارپٹائی	maːrpʈaːɪɪ
مارچ	maːɾtʃ
مارک	maːɾk
مارکر	maːɾkɐɾ
مارکس	maːɾks
مارکو	maːɾkoː
مارکہ	məɾqə
مارکیٹ	maːɾkiːt̪
مارگی	maːrgi
ماری	maːriː
ماریں	məɾiːŋ
مارے	maːre
ماسوائے	maːsoːe
ماسِکہ	mɑːsikə
ماسٹر	ˈmɑːstər
ماسک	ˈmɑːsk
ماسکو	ˈmɑːskoː
ماش	mˈaʃ
ماضی	mɑːziː
مافیا	maːfijɑː
مال	maːl
مالا	mala
مالاطیہ	malatja
مالبرداری	maːlbaːɾdaːriː
مالدار	maːld̪ɑːr
مالدیپ	mɑːld̪iː
مالش	maːlʃ
مالٹے	mɑːɭt̪e
مالک	malek
مالک	maːlək
مالکان	maːlkaːn
مالکان	mɑːlɪkɑːn
مالکانہ	mɑːlɪkɑːnɑː
مالی	maːli
مالی	maːliː
مالیاتی	maːliːəti
مالیت	maːliːt̪
مامور	maːmuː
ماموں	mɐ̃mˌuŋ
مان	maːn
مانا	maːnə
مانانوالہ	mɑnɑːnwaːla
مانتا	məntɑ
مانتی	maːnti
مانتے	maːn̪teː
ماند	man
ماند	mɑːnd̪
ماندگی	maːndgiː
ماندہ	mɑːnd̪ə
مانع	mane
ماننا	maːnnə
مانند	maːnand
ماننی	maːnːiː
ماننیی	maːnːiː
ماننے	maːnne
مانو	mano
مانو	maːnuː
مانوس	manuʒ
مانوں	maːnõː
مانَوی	maːnviː
مانُوس	manus
مان٘ڈی	mˌɑːɳɖiː
مانچسٹر	mɑ̃ːtʃəsʈəɾ
مانڈ	maːn
مانڈا	boːɳɖa
مانڈوا	mˌɑːɳˈɖʊə
مانڈھا	maːnɟʰa
مانڈھی	mäːɳɖʱiː
مانڈی	mˌɑndi
مانگ	maːŋ
مانگنے	maːŋgəneː
مانگو	ˈmɑːŋgoː
مانگے	maːŋgeː
مانی	maːniː
مانیٹر	maːnɪt̪ər
مانیں	maːneː
مانے	maːne
ماه	mɑh
ماوا	mɑːvɑ
ماٹی	maːtiː
ماڈل	maːɽɗəl
ماڈلنگ	maːɖəlɪŋ
ماگتا	maːgt̪ə
ماں	ma
ماں	mɑ̃ː
ماہ	maː
ماہانہ	maːɦɑːnə
ماہر	maːɦɪɾ
ماہر	maːɪr
ماہر	mɑːɦɪr
ماہرانہ	maːɦɾɑːnə
ماہرِ	maːɦɪr
ماہرین	maːerɪnˈ
ماہرین	maːɦeːrɪn
ماہنامے	mɑhnɑmɛ
ماہوار	mɑhˈvɑːr
ماہواری	mahvɑri
ماہی	maːɦiː
مایا	majɑ
مایا	maːjɑ
مایاوی	majɑːʋiː
مایوس	maɪus
مایوسی	maɪoːsi
مایِل	mɑːjəl
مبارکباد	ˈmʊbɑːrəkbɑːd
مباشرت	məbaːʃəɾt
مبتلا	ɪbt̪lɑ
مبدل	mbæd̪l
مبھی	mbʱi
مبہم	məbeːm
مبینہ	ˈmbiːnə
مت	mət
متبادل	mtbɑːd̪əl
متحمل	mətɑɦməl
مترادف	mtraːdɪf
متصل	mtːl
متغیر	ˈmətɣiːr
متفق	ˈmətfaq
متقی	ˈmətqi
متوالے	mətʊɑːle
متک	ˈmətək
مثال	məθl
مثالکے	maːθlaːkeː
مجاز	madʒɑːs
مجال	mʌdʒɑːl
مجبور	məgboːr
مجرجیئ	məgɾdʒiː
مجرم	məgʐəm
مجرمانہ	məgɾmɑːnə
مجرموں	məgɾʊmõː
مجروح	məʒruː
مجلات	mdʒlɑːr
مجلسِ	məʒlisɪ
مجموعہ	məgɑːmʊɾɑː
مجھ	məʐ
مجیدپارک	mdʒiːdpaːɾk
محافظ	maːɦafiːz
محافظوں	məɦɑːfɪzʊ̃ː
محبت	məˈbɛt
محبت	mʊɦəbbət
محبوب	məhˈbuːb
محتاط	maɦtɑːt
محترمہ	məɦt̪əɾmə
محراب	mɛʱɾɑːb
محرابی	mʱɾɑːbiː
محرمانہ	mħrmɑːnɑː
محرم‌آمیزی	mħrmɑːmeːziː
محروم	mħruːm
محروم	məɦɾuːm
محروم	mɛɦɾuːm
محرومی	mħruːmiː
محرکات	məɦrəkɑːt
محسوس	məhsus
محسوس	məsuːs
محسوس	mɛɦsuːs
محض	maħd
محفوظ	mafɔːz
محقق	məˈhɪq
محل	məɦl
محلاتی	mhlatiː
محلوں	məɦlõː
محلے	məɦlɛ
محمد	mʊhəmməd
محمدی	moɦəmməd̪iː
محنت	məˈhɪnt
مخبری	məkʰbəri
مختار	məkt̪ɑːr
مختاری	bxtaːriː
مختاری	məkt̪ɑːriː
مختصر	məkʰt̪s̪ər
مختلف	ˈmʌxtəlɪf
مخدوش	maχduːʃ
مخروط	məkruːt̪
مخصوص	məxːsʊs
مخلوط	məkɦuːt
مخمور	maxmuːr
مخواہ	məkʰwɑːh
مداح	mədaːh
مداحوں	md̪ʒɑːɦoːn
مداحوں	mədaːɦõː
مداخلتوں	mədɑːxəlt̪oːŋ
مدار	məˈdɑːr
مداروں	məd̪ɑːɾoːŋ
مدارکاپودا	mdaːrkapɑdɑ
مداری	md̪aːriː
مداوا	mədɑːʋɑː
مدبران	md̪b̪əɾaːn
مدت	ˈmɪd̪t̪
مدتی	ˈmʌd̪t̪iː
مدد	məd̪əd̪
مدعا	məɖɑː
مدعو	ˈmʌd̪oː
مدھم	məd̪ʱɐm
مدہوشی	mədɦoːʃiː
مدیات	midiːɑːt
مدیران	md̪iːæɾɑːn
مذاکرات	məðɑkɾɑːt̪
مذمت	maðmət
مر	mər
مر	mɯ̞r
مراحل	məɾɑːhəl
مرادانکل	məɾɑːd̪ɑːkəl
مراسلے	mʊɾɑːsle
مراعات	məɾɑːʋɑːt̪
مراقبے	məɾɑːqɪbɛː
مراکز	məɾɑːkʊz
مرتا	məɾtə
مرتے	məɾte
مرجا	mardʒa
مرجاؤں	məɾdʒɑːʊ̯ŋ
مرجھا	məɾdʒʰɑ
مرجھاتا	mʊɾgʰɑːt̪ə
مرحلے	məɾhɑlɛ
مرحوم	məɾˈɦuːm
مرحوم	mʌɾɦʊm
مرد	məɾd
مرد	məɾd̪
مردار	məɾd̪ɑːr
مردانہ	mɾˈdɑːnə
مرسیڈیز	məɾsiːd̪eːs
مرغ	məɾɣ
مرغابی	murɣaːbi
مرغوب	marɣob
مرغوں	məɾɣoːŋ
مرغی	məɾɣiː
مرلی	mʊɾliː
مرلے	məɾleː
مرمت	məɾmət
مرموز	məɾmoːz
مرنا	məɾnɑ
مرناٹ	mɐɾnɑːt
مرنے	məɾne
مروا	məɾə
مروارید	mɾʊaɾiːn
مروان	məɾuːən
مروانی	məɾuːəniː
مرچ	məɾtʃ
مرچکا	məɾtʃkə
مرچی	mertʃi
مرکب	məɾkəb
مرکت	məɾkət
مرکزی	məɾkəzi
مرکوز	məɾkoːz
مرگئے	məɾgeː
مرگی	mergiː
مرگی	məɾgi
مری	mˌɑːriː
مریگا	məɾiːgɑ
مریں	məɾeːŋ
مرے	məɾe
مزاح	mazaːh
مزاحمت	məzaːhmat
مزار	mozɒːr
مزاری	mʌzɑːriː
مزاکرات	mazɑkɑɾɑːt
مزدور	mazd̪oːr
مزدور	məzd̪uːɾ
مزدوروں	mazdoːron
مزنگ	mozɒng
مزہ	maːzə
مزیدار	məziːd̪əɾ
مزے	maze
مس	ms
مسئل	msɛl
مسئلہ	msɛlɑ
مسئلے	msɛle
مسئلے	məsəlɛ
مسائل	msɑːɪlə
مسافراں	msɑfɑrɑ̃
مسالیدار	msɑlɪd̪ɑr
مستانی	mʌstɑːniː
مستحق	ˈmʊstehɪq
مستحکم	ˈmʊst̪ʰəkəm
مسترد	ʋɪst̪eːɾd̪
مستور	mast̪uɾ
مسخ	msx
مسخروں	msxɾoːn
مسدود	msd̪oːd̪
مسز	msuz
مسلح	msəlh
مسلسل	mslsəl
مسلموں	msəlˈmoːn
مسمار	msmɑːr
مسودہ	msʊd̪ə
مسوری	msuːɾiː
مسوڑھوں	msuɽʰoːn
مسکا	msku
مسکرا	mskɾɑ
مسکرانا	mskɾɑnɑ
مسکراہٹ	mskɾɑɦət
مسکین	miskin
مسیح	msiːh
مسیحائی	msiɦɑːiː
مسیحت	msiːħt̪
مسیحی	msiɦiː
مشاغل	maʃagl
مشاغل	məʃɑːɣəl
مشاورت	məʃɑːɾt
مشاہدہ	mʃɑːhɪd̪ɑː
مشاہیر	mʃɑːheɾ
مشتبہ	məʃt̪eːbʰə
مشرف	məʃraf
مشرقی	məʃriː
مشروب	məʃruːb
مشروبات	maːʃruːbɑːt
مشرکین	məʃriːkin
مشغولیت	məʃɣʊlɪt
مشق	məʃq
مشمولات	maʃmʊlat
مشن	məʃn
مشنز	məʃnz
مشورہ	məʃuːrə
مشہور	məʃuːɾ
مشہور	məʃɦuːr
مشیر	məˈʃiːr
مشیروں	məʃiːɾoː
مشیل	məʃɪl
مشین	məʃɪn
مشینوں	məʃɪnõː
مشینیں	məʃiːnɪŋ
مصدر	ˈmɑsˌdˈr
مصری	ˈmʌsɾiː
مصنوعی	msənˈʋiː
مصیبت	ˈməsɪbət
مصیبتیں	ˈmʊsɪbtiːŋ
مطالبہ	ɪt̪ɑːlɑːbʱe
مطالعے	maʈɑːleɪ
مطلب	maːtlab
مطلع	matˁlˤu
مطلوب	matluːb
مطمئن	ˈmʊtmiːn
مظلوم	maʐˈlum
مع	maæ
معائنہ	məɪnə
معائنے	maːʔɪne
معارف	muːɑɾɯf
معاشرہ	məɑːʃɪrə
معاشرے	məɑːʃɪreː
معاشقہ	mɑɫɑʃɯ̞qqɯ̞h
معاشی	maːʃiː
معاشی	mæˈʃi
معاصر	muːɒˈsɒɾ
معاصی	moɢoːsj
معاف	məˈɑːf
معافی	məˈɑːfi
معالج	maːlɑdʒ
معاندانہ	məʋɑːdənɑ̃
معانی	mˈɑni
معاہدے	məɑːhɪdeː
معاینہ	muːaːjnɑ
معبد	mɑːbəd̪
معبود	maːbuːd
معبودوں	məβʊdõː
معتبر	mʏɑtɯ̞bɑr
معجزانہ	məˈzʒɑːnə
معذور	maːzur
معذور	məzuːɾ
معراج	miːrɑːdʒ
معرفت	məˈɾaft
معروف	mɑːɾuːf
معزرت	maːzəɾt
معزرت	mɑzret
معزز	maːzˈz
معزور	maːzur
معزول	maːzum
معزولی	maːzuliː
معزِّز	maʕzːiz
معشوق	maːʃuːq
معشوقانہ	maːʃuːqaːnɑ
معشوقہ	maːʃuːqqa
معصوموں	maːsʊmɔ
معطل	maʈl
معطلی	maʈli
معكوس	maːkuːs
معلول	maːluːm
معلوم	malum
معلوم	mɑːluːm
معمار	mɛːmɑːr
معماری	mʕəmaːriː
معمول	maːmoːl
معمول	maːmul
معمولات	maːmuːlɑːt
معمہ	mama
معنوں	məˈnɔ̃ː
معنوی	maːnuːeː
معنی	maːnɪ
معنی	məˈniː
معیار	maɪjɑːr
معیار	mejɑːɾ
معیار	mɑjɑːɾ
معیار	məjɑːɾ
معیارات	məjɑːrɑːt̪
مغرب	məgʁib
مغربی	məɣərbi
مغرور	maɣruːr
مغل	məɣl
مفت	ɱʊft
مفلوج	mafluːdʒ
مفلوج	ɪfloːg
مقابر	mqɑbɪr
مقابلوں	mqɑbælɔŋ
مقالات	mæqɑlɑt
مقالعہ	məqɑːləʋə
مقالہ	məqɑːlə
مقالے	mæqɑːlæ
مقام	məkɑm
مقامات	məqɑːmɑːt
مقامی	məqɑːmi
مقبره	mqbɾa
مقبول	məkbuːl
مقدار	mɒqdɒːɾ
مقرر	məqˈrər
مقفل	məqfəl
مقناطیسی	məqnɑːt̪sɪ
مقولہ	maqoːla
مكرانی	məkɾɑːniː
مل	məl
ملا	milaː
ملا	məla
ملائیشیا	məlaːʔiːʃiɑː
ملاتے	məlaːte
ملازم	məlaːzəm
ملازمہ	məlaːzmih
ملازمین	məlɑzmɪn
ملاقاتی	malaːqat̪iː
ملامت	mlaːmat
ملانا	milaːna
ملانے	məlaːne
ملاکر	məlɑkər
ملایا	məlaːjɑː
ملبوس	malbuːs
ملبے	məlbeː
ملتا	məltɑ
ملتان	multaːn
ملتان	mʊltaːn
ملتی	mʌlt̪iː
ملتے	məlte
ملحقہ	məɭɦəqə
ملرائے	məleːraːe
ملز	məɭz
ملط	məlʈ
ملعون	məlɑʋõ
ملنا	məlnɑ
ملنا	mɪ̞nə
ملنگی	məlngiː
ملنے	məlnə
ملو	məloː
ملوث	məloːt̪ʃ
ملول	malul
ملوں	məˈloːŋ
ملکہ	məlkə
ملکیت	ˈməlkiːt
ملی	mɪliː
ملین	məlin
ملیں	məlɛ̃ː
مم	m
مم-مم	mːmː
مماثلت	mʌmɑːθlɪt
ممانی	oːmɑːni
ممباکہ	ˈmʊmbɑkʌ
ممبر	mɑmbər
مملکت	məmləkət
ممنوع	mʊmnuːʋ
ممی	miː
ممیز	miːz
من	mən
منا	mɑnɑ
منائیں	mənɑːɪ̃
مناباؤ	munabau
منات	mɑnɑt
منافق	manɑfɪq
منافی	mnɑːfʔiː
منانا	mənɑnɑ
منانے	ˈmənɑːne
منایا	mænɑːjæ
منایا	mənajə
منت	ment
منتقل	muntqɯ̞l
منتقلی	mant̪qli
منتیں	mʌnt̪iː
منجمد	mandʒemd̪ʌ
منحصر	manɦəsr
منحنی	mnɦaniː
منحوس	manɦoːs
مند	mand
مند	mənd
مندانہ	ˈmʌnd̪əne
مندر	ˈmʌndəɾ
مندمل	ˈməndməl
مندی	mʌndi
منزل	menzel
منزلہ	menzələ
منسلکہ	mansəlkə
منسوب	mənsoːb
منسوخ	ˈmənsuːx
منسوخی	ˈmənsʊxɪ
منشیات	ˈmənʃiːjɑːt
منصفانہ	ˈmənsəfɑnɑ
منصوبوں	mansʊboː
منصوبہ	mansuːbuɑ
منصوبے	ˈmənsʊbe
منطق	mɯ̞ntɯ̞q
منطقی	mant̪qɪ
منظور	ˈmənzuːr
منعقد	manɪqəd
منٹ	mənt
منٹوں	ˈmənʈoːn
منڈی	mənɖiː
منکیالی	mntiːɑːliː
منگانا	mʌŋɑnɑ
منگاکر	məŋɑːkɑɾ
منگل	məŋgəl
منگوائی	mˌɐ̃ŋvˈəɪ
منگوالیا	mɑŋʋɑːliːə
منگوایا	məŋguːjɑː
منگولیا	məŋgoliə
منہ	mən
منیجر	mɪnɪdʒər
مواد	moːɑːd
موازنہ	muːˈzɑnə
مواصلاتی	muːɑːsɪlɑːt̪iː
موبائل	moːbiːl
موبائل	mˌoːbˌɑjl
موباف	muːbaːθ
موت	mod
موت	moːt
موت	mɒt
موتی	moːtiː
موج	moʊg
موخر	moːxər
مور	moːr
مورت	muːræt
مورتی	moːrt̪iː
مورد	moɾɨl
مورد	muːɾd
مورنی	mˌoɾˈi
موروثی	muːroːθiː
موروکو	ˈmuːrʊkoː
مورچوں	muːrtʃoː
مورگن	muːrgən
مورھ	moːrɪ
موری	morˈi
مورے	more
موزا	moːza
موزون	mɔzum
موزوں	muːzõː
موزی	muzˈiː
موزے	muːze
موساد	ˈmusɑːd
موسل	moːsəl
موسم	mosːm
موسمبی	mˌoːsəmbɹiː
موسی	muːsi
موسیقار	muːsiːqaːr
موسیقی	muːsɪqiː
موشے	muːʃe
موصل	moːsəl
موصول	muːsɔl
موصولہ	muːsɔlə
موقع	moqɪʔ
موقع	mɔːqə
موقف	muːqɑːf
مولوی	moːlʋiː
مولویوں	moːlʋijõː
مولی	muli
مومن	moːmən
مومیائی	momiai
مون	moːn
موند	mun
مونٹیری	moːnʈeːriː
مونڈھے	moːnˈhe
مونگ	moːŋ
مونیکا	moːnɪkɑː
موونگ	muːŋ
موٹاپا	mʊtɑːpə
موٹاپے	mot̪aːpe̞
موٹر	moːt̪ər
موٹی	moːti
موٹے	moːʈe
موپلا	mopl
موچ	mˈotʃ
موڈ	moːɖ
موڑ	moːɽ
موڑنے	moːɽne
موگھا	mugʁa
موہ	loh
موہ	moː
مویشی	moːiʃi
مویشی	mɔʊʃi
مویشیوں	moːɪʃoː
مَانگ	mɑŋ
مَبادا	mˈbɑːdə
مَدار	mdaːr
مَردی	mardʲi
مَشورہ	məʃuːrə
مَلانا	mʌlɑnɑ
مَلی	maːliː
مَن	man
مُحتاط	mʊtɑːt
مُدری	mudri
مُلک	mælk
مُلک	mʊlək
مُنو	mnu
مُنکر	mʏ̞nkʏ̞r
مُکافی	mʊkɑːfi
مِلا	milɑ
مِلانا	mɪlɑːnɑː
مِلنا	miːlnə
مِہر	bər
مِیت	mʲit
مِیلا	mɪːlɑː
مْزاکرات	ˈmzɑkɾɑt
مْلحِد	mlɪɦɪd
مْنحنی	ˈmənɦəniː
مٹا	məʈə
مٹادینا	miːʈəd̪eːnə
مٹانے	məʈɑːne
مٹھائی	mɪʈʰɑːiː
مٹھائیاں	miʈʰɑijɑ̃
مٹھاس	məθɑːs
مٹھی	məʈʰiː
مٹیلا	mʰɕilə
مچا	mətʃɑ
مچان	mətʃɑːn
مچان	mʌtʃäːn
مچانا	mətʃɑːnɑ
مچلی	məʈʂliː
مچھلی	məʈʂli
مچھلیوں	məʈɭijõː
مڈل	ˈmɑɽl
مڑو	məɽo
مڑھا	miha
مڑیں	məɽeːn
مک	mək
مکئی	məkɛː
مکا	məkə
مکاؤ	makao
مکالمات	məkɑlːmɑt
مکانی	mqɑːniː
مکاوت	məkɑːʊt
مکر	məkər
مکرانی	makɾani
مکروہات	məkɾoːhɑːt
مکمل	məkməl
مکّاری	mkːäːriː
مکڑی	mkɐɽiː
مککیبازی	məkkiːbɑːziː
مکھی	məkʰi
مکھیاں	məkʰjɑ̃
مکھیوں	məkʰɪ̃õː
مکین	makiːn
مکین	məkɪn
مگر	magər
مگرمچرچھ	məgərmɪtʃərtʃʰ
مہ	mə
مہاجن	mɦɑːdʒɐn
مہاراج	məɦɑːɾɑːdʒ
مہارت	məɦɑːɾt
مہاشی	məɦɑːʃi
مہتاب	mɑhtɑb
مہتواکانکشی	məhtɑːʋɑːkɑnʃiː
مہجور	maħʒuːr
مہر	məɦr
مہربان	məɾbaːn
مہربانی	meɦɾbɑːniː
مہربانی	məɾbɑːni
مہربانی	mɛɦɾbɑːniː
مہرولی	mɦrɔːliː
مہرہ	mɛɾɦɑ
مہریں	məɾeːn
مہزوم	maħzuːm
مہم	məɣ
مہمان	məɦəmɑːn
مہمانوں	məhmɑːnõː
مہنگا	məɦəŋgə
مہنگو	mɛŋuː
مہنگے	məɦŋe
مہودی	məhuːdi
مہودیا	məɦuːdɪə
مہینوں	məɦiːnuːn
مہینہ	mʰiːnɑː
میئر	miːr
میا	miɑ
میانہ	miːjana
میتھی	mˌeːtˈi
میجر	migər
میدان	miːd̪ɑːn
میدان	mʰdɑːn
میدانوں	miːd̪ɑːnuː
میدانی	miːd̪ɑːniː
میدہ	maːda
میرا	miːrɑ
میرا	mˌiɾɑ
میرااحمد	miːɾɑːħməd
میرابائی	miːɾɑːbäːiː
میراث	miːrɑːθ
میران	miːrɑːn
میرووالی	miːɾoːwaːliː
میرٹ	miːɾʈ
میری	miri
میری	mɛɾi
میرین	miːɾeːn
میرینز	miːrɪ̃ːz
میریٹ	miːriːʈ
میرے	bɛɾɛ
میرے	miːre
میز	miːz
میزائل	miːzɑːɪl
میزبان	mɛːzbaːn
میزبانی	miːzˈbɑːni
میزبانی	miːæzbɑːniː
میزیں	misei
میزیں	miːzɪ̃
میسر	miːsər
میسوری	miːsuːriː
میعاد	mʲeːɢɑːn
میل	miːl
میلز	miːlz
میلنگ	miːlɪŋ
میلوڈراگو	miːloːdraːgoː
میلویئر	miːloːjər
میلہ	miːlə
میم	mɛːm
میماتی	miːmɑːtiː
میمبر	miːmbər
میمساہب	miːmsɑːɦɪb
میمل	mɛːmɛl
میموری	miːmoːriː
مین	miːn
مینا	mˈinə
مینار	miːnɑːr
مینارہ	miːnəɦɾə
مینامی	miːnɑːmiː
مینجمنٹ	ˈmɪndʒmɛnʈ
مینلینڈ	miːnlənd
مینوئل	miːnuːl
مینڈارن	miːnɖəɾən
مینڈک	mɛndə
مینڈک	mɛn̪d̪ek
مینڈی	miːndi
مینڈیٹ	miːnd̪eːt̪
مینگورہ	mɛngura
مینی	miːniː
مینیجر	miːnigər
میوزک	miːzɪk
میوہ	miw
میوے	miːuɛ
میٹ	miːʈ
میٹا	miːt̪ə
میٹر	miːt̪əɾ
میٹرو	miːtro
میٹل	miːt̪əl
میٹنگ	miːʈeŋ
میٹھی	miːʈʰiː
میچ	miːtʃ
میچنا	nɛʃnɛ
میڈرڈ	miːɖəɽ
میڈم	miːd̪əm
میڈیا	miːɖiːə
میڈیلن	miːɖeːlən
میکر	miːkər
میکس	miːks
میکسیکن	miːksɪkän
میکسیکو	miːksɪkuː
میگا	miːgɑː
میگھا	mɛːgːʱɑː
میں	mɛ̃ː
میں	mẽː
مےخانہ	beːxɑːnɑ
ن	n
نئا	neː
نئی	neː
نئے	neː
نا	nɑ
ناؤرو	nauɾo
نائبِ	nɑːʔibɪ
نائن	nɑːɪn
نائکہ	naiːkˌa
نائی	nˈaɪ
نائیکی	naːʔiːki
نااہل	naːɦəl
نااہلوں	naɛɦlɔ
نابغہ	nabɣa
نابود	nɑːboːd
نابینا	nabiːnɑ
نابینا	nɑːbiːnɑː
ناتَکا	natãˈka
ناجائز	nadʒoiz
ناخن	nɑxən
ناخواندگی	nəxwaːndgiː
ناخوشگوار	nɑːxʊʃgʋɑːr
ناخوشی	nɑːxʃiː
ناد	nɑːd
نادا	naga
نادان	nɑːd̪ɑːn
نادانستہ	nɑːd̪ɑːn̪st̪ʰɑː
نادر	nɑːd̪eɾ
نادیہ	nɑːdɪh
نار	nɑːr
ناراضگی	nɑːrɑːzgiː
نارمل	nɑːrməl
نارنجی	naːlndʒi
ناروے	nɑːroːe
ناروے	nˈɔrvɛ
ناز	nɑːz
نازاں	nɑːzɑː
نازل	nɑːzəl
نازک	nɑːzek
نازی	nɑːzi
نازیبا	nɑːzæbæ
نازیوں	nɑːzijõː
ناس	nɑs
ناس	nˈɔs
ناساز	nɒhsɒːs
ناستک	nast̪ik
ناستے	nɑːsteː
ناسُور	nasur
ناشائستہ	naːʃaːeːstɑ
ناشتا	nɑʃtɑ
ناشتہ	naːʃta
ناشتے	naʃte
ناشر	nɑːʃɯf
ناشکرا	naʃukra
ناشکرے	nɑːʃkɪreː
ناص	nɑːs
ناطے	nɑːt̪eː
ناغہ	maːga
ناف	nˈɔf
نافرمان	nɑːfeɾmɑːn
نافرمانی	nɑːfeɾmɑːni
ناقابل	naːqɑːbæl
ناقابل	nɑːqɑːbəl
ناقص	naqas
ناقوس	nɑːqʊs
نالائق	naːlaːq
نالش	naliʃ
نالہ	naːlə
نالی	nɑːli
نام	nom
نام	nɑm
نامانوس	namɑnuːs
نامرادی	nɑmˈraːdi
نامرد	naːmɑrðø
نامردگی	naməɾdgi
نامردی	namrd
نامساوات	nɑːmsɑːʋɑːt̪
نامعلوم	naːmɑːlum
نامعلوم	nɑːmoːlɪm
ناممکن	nɑːmməkn
نامناسب	nɑmənɑsab
ناموں	nɑːmoː
نامہ	nɑːmə
نامی	nɑːmi
نانا	nana
نانبائی	nɑːnbɑːi
نانبائیوں	nɑːnbɑːɪjõː
نانی	naːni
نانی	nɑːniː
ناو	naʊ
ناورسکی	naʊrski
ناٹ	naːʈ
ناپ	nap
ناپ	nˈɑp
ناپا	nɑpɑ
ناپائیدار	nəpaːjdaːɾ
ناپايدار	nəpaːjdaːɾ
ناپاک	naːpɑːk
ناپختہ	napuxta
ناپسندی	nəpasndiː
ناپید	napæd
ناچ	nɑtʃ
ناچتی	ˈnɑːtʃt̪i
ناک	naːk
ناک	nˈak
ناکافی	naːkɑːfˈiː
ناکام	naːkɑːm
ناکامی	naːkɑːmi
ناکامی	nɑːkɑːmiː
ناکامی	nːəkɑːmiː
ناکردہ	naːkɾda
ناکہ	nɑkə
ناگزیر	naːgzeːr
ناگواری	nɑːdoaːrʲiː
ناگہانہ	nəgəhɑnə
ناں	nɑ̃
نایاب	nai̯æb
نباتاتی	nbʱt̪aːt̪i
نببی	næbːiː
نبٹنا	nʌbʈnə
نبھاتی	jbʱɑt̪i
نبی	nəbi
نتھالی	nəθɑːliː
نجی	nɪʤi
نخلستان	nxlstɑl
نخّاس	vxɑs
نذاف	nəðɑf
نذرانہ	nəðəɾəna
نذرانے	nəðəraːne
نراشا	nɪɾɑʃɑ
نرس	nɪɾs
نرسنگ	nərsəŋ
نرم	nɪrm
نرماہٹ	nɐrmaːhət
نروئواد	ˈnəroːʊʋɑːd
نروس	n̪əroːs
نرک	nɛɾk
نزار	nəzɑːr
نزدیک	ˈnzədɪk
نزلہ	næzlɑ
نزول	nuzul
نسخہ	nɪsxə
نسخے	nɪsxɛ
نسل	nesl
نسلوں	neslʊ̃
نسواری	nsuɑːri
نشاط	noːʃɒːt
نشان	nəʃɑːn
نشانات	nɪʃɑːnɑːt̪
نشاندہی	nəʃɑːnd̪ʱiː
نشانہ	nəʃɑːnə
نشانی	nəʃɑːniː
نشانیاں	nəʃɑːnɪjɑ̃
نشانے	nəʃɑːnɛ
نشتر	nɪʃt̪ər
نشترکالونی	nʃt̪ɾkaːluːniː
نشست	nɪʃt
نشکریتا	nəʃkəɾiːtə
نشے	nəʃe
نصب	nəsb
نصب	nəzb
نصف	nəʃf
نصوص	nʌsˈsʌ
نطر	nɑtəɾ
نظرثانی	nzrsaːniː
نظرثانی	nəɣərˈθɑːni
نظریاتی	nʒɾiːɑːt̪iː
نظریہ	nzɾiːɑ
نظم	nɑzm
نعش	nɑˈʃ
نغمہ	nɑɣɯmɑ
نغمے	ŋɣme
نفرت	nəfɾt
نقابی	niqɑbɪ
نقاد	qɑːd
نقارہ	nqaaːra
نقاہت	nɤqɑhɯ̞ð
نقب	nɪqb
نقدی	naqdi
نقشے	ŋʊʃe
نقصانات	nʌqsɑːnɑːt̪
نقطہ	nʊqt̪ə
نقطے	nʊqt̪eː
نقل	nɪql
نقلی	naqli
نل	nˈœl
نلکاوں	nəlkɑ̃
نلکے	nɪlke
نلی	nəliː
نلی	nɪli
نمائش	nʌmɑːiʃ
نمائندہ	nomai̯nda
نمائندہ	nəmɑːiːndə
نمائندے	nɑmɑːĩnde
نماز	nəmaːz
نماز	nəmɑːz
نمايش	nɐmɑʃ
نمایش	nʊmaːiʃ
نمبر	nɪmbəɾ
نمبر	nʌmbɐr
نمبرز	ˈnʌmbəɾs
نمبروں	nʌmbɾoː
نمدار	nʊmdaɾ
نمود	nɐmon
نمودار	ɛːmɔdɑːr
نمونہ	nʌmoːnə
نمونے	nmuːdeː
نمٹ	nʌmʈ
نمٹانا	nimtɑnɑ
نمٹنے	ˈnəmt̪ne
نمک	næmæk
نمیبیا	nəmiːbiːə
ننگا	ŋə
ننگاپربت	ɳəŋgaːpɾbt̪
ننگے	ŋe
نو	nʊ
نواحی	nʋɑːhi
نوازا	nʊ̞ŋɑːzə
نوازی	nuːzi
نوازیں	nuːɑːziː
نوبت	nobet
نوبیاہتا	nuːbiɑːt̪ə
نوجوان	nuːgʋɑːn
نوجوانوں	nuːgʋɑːnõː
نوجوانی	nodʒovani
نوحہ	nuːhə
نوری	nˈuɾi
نوش	nuːʃ
نوشتہ	nuːʃtə
نوشکی	noʃki
نوشی	nuːʃi
نوع	nɔʊ
نولن	nuːlən
نومبر	ˈnʊmbəɾ
نون	nʊn
نوورسکی	nuːɾsɪki
نوٹ	nuːʈ
نوٹس	nuːʈs
نوٹوں	nuːʈoː
نوچنا	nuʃna
نوک	nuːk
نوک	nˈoːk
نوکدار	nuːkɑːɽɑːr
نوکرانی	nuːkəɾɑːniː
نوکری	nuːkɾi
نوکیلی	nokili
نویں	nəʋiːn
نوے	nuːe
نَشا	naʃa
نَشریّاتی	nəʃɾiːət̪iː
نَنکا	nkə
نُقطہ	nukta
نِتریہ	nɪt̪riːə
نِشاط	niʃɑːt
نِصاب	næsɑːb
نِوالہ	niːvaːlɑ
نِگار	nɪgɑːr
نِگل	niːgːl
نِیاز	niːæz
نِیلا	niːla
نپل	nɑpɪl
نپلس	neːpl̪s
نپولین	nəpoːlɪn
نچلے	nəʈʃleː
نچوڑنا	nətʃoɽnə
نکالا	nekɑlɑ
نکالو	nəkɑːloː
نکالوگے	nəkɑːloːgeː
نکالیں	nəkɑːlẽː
نکالے	nkɑːlɛ
نکتہ	dkt̪a
نکل	nkɛl
نکل	ŋkəl
نکلا	neklə
نکلتا	nekletɑ
نکلتے	nekleːt̪eː
نکلنے	ŋkəlne
نکلو	neklo
نکلیں	ŋkəlẽ
نکلے	ŋkəlɛ
نکولس	nekol̪s
نکھارا	niːkʰɑːrɑ
نکی	nʌki
نکیلی	nekɪli
نگارخانہ	nɪgɑːrxɑnɑ
نگارستان	nɪgɑːrstɑːn
نگاری	ŋɑːɾɪ
نگاہیں	ŋɑːhɪ̃
نگر	nəgɐr
نگرانی	ŋɛɾɑːni
نگل	ŋɛl
نگلنا	ŋɛlna
نگہبان	ŋəbaːn
نہ	nə
نہ	nˈa
نہاد	mɦɑːd
نہاد	nəɦɑːd
نہال	mɦɑːl
نہانی	nihani
نہایت	nəɪˈhɑːt
نہج	nhdʒ
نہلے	nəɦle
نہه	nəhe
نہين	nəɪ̯n
نہيں	neːhɪ̃
نہيں	nohiːn
نہیں	nĩː
نہیں	nəiː
نہیں	nəĩː
نہیں	nəɦẽː
نیا	niːə
نیبو	nibu
نیبو	niːboː
نیت	niːt
نیروبی	neːroːbiː
نیز	ɾiz
نیزَہ	nizæ
نیزہ	neːza
نیزے	neːze
نیشن	nɪʃɒn
نیشنل	ˈnɪːʃnəl
نیل	niːl
نیلا	mila
نیلا	niːlə
نیلاہٹ	miːlaːɦʈ
نیلی	nɪliː
نیلے	niːlə
نیم	nɪm
نیند	nind
نیند	nĩːnd̪
نینوں	neno
نیو	niːu
نیوارک	niːwaːrək
نیواڈا	niːʋɑːɽɑː
نیورمبرگ	neːuɾmɛɾg
نیوز	neːz
نیوٹن	niːʈʈʌn
نیِلا	nila
نیٹ	neːʈ
نیٹلی	nɛːt̪li
نیپال	nɛpɑːl
نیچ	neːtʃ
نیچا	neːtʃɑː
نیچے	neːtʃeː
نیڈ	niːɖ
نیک	niːk
نیکدل	niːkd̪əl
نیکی	neki
نیکی	neːkiː
نیکی	niːki
نیک‌نامی	neːknɔːmi
نے	neː
نے	nɛ
نےن	neːn
نےٹلی	neːʈli
ه	h
هإءµé	ɛː
هاٹ	ɦɑːt
هوشیاری	poʃiaːriː
هہ	he
و	ʋ
وءِ	ʊ
وآû	ʋɑː
وآلہ	ʋɑːlə
وؤ	ʋoː
وا	vˈɑː
وائبریٹر	ʋɑːiːbriːt̪ər
وائر	ʋɛːr
وائرس	ʋɑːɪrs
وائٹ	ʋɑɪt
وائٹل	ʋɑɪt̪əl
وائڈ	ʋɑːɪd
وائی	ʋɑi
وائیٹ	ʋɑɪt̪
وابستگی	ʋɑbɑst̪i
واجب	ʋɑːdʒb
واجبی	nʊ̞ɑgbi
واجِبی	uɑːgɪbiː
واحد	ʋɑhɪd
وادِی	oːaːdiː
وادی	ʋɑːdiː
واذ	ʋɑːð
وار	vɑːr
وار	ʋɑːr
وارث	ʋɑːrθ
وارداتوں	noːɾdɑːtoːn
وارن	ʋɑːrən
وارنا	maːrnɑ
وارننگ	ʋɑːrəng
وارنٹ	ʋɑːrɪnt̪
وارڈ	ʋɑːɾɪd̪
وارکرنا	bɑːrkɐrna
واریر	ʋɑːɾeːɾ
واستکار	ʋɑstkɑr
واسطہ	basta
واسطے	bast̪e
واش	ʋɑːʃ
واشنگٹن	ʋɑːʃɪŋgʈən
واضح	ʋɑːdʒah
واقع	waqeʔ
واقع	waːqʰiː
واقعات	ʋɑːqɑːt̪
واقعہ	waːqih
واقعے	waːqiː
واقف	ʋɑːqɪf
واقِف	waqɯ̞f
وال	ʋɑl
والا	væˈlæ
والا	ʋɑːlɑː
والد	vɑːlɪd
والدہ	ʋɑːld̪ə
والدین	ʋɑːld̪iːn
والوں	ʋɑːlõː
والٹ	ʋɑːlʈ
والکر	ʋɑlɪkəɾ
والی	wɑːlɪ
والی	ʋɑːliː
والیس	ʋɑːlɪs
والے	ʋɑːleː
والےہيں	ʋɑːleːhɪ̃
وام	wˈɑm
وان	ʋɑːn
واٹرلو	ʋɑːtəɾloː
واپس	ʋɑːpʰs
واپسی	væpsiː
واپسی	ʋɑːpsiː
واچ	ʋɑtʃ
واک	ʋɑk
واکر	ʋɑkər
واگزار	ʋɑːgzɑːr
واگوباگن	ʋɑːgʊbɑːgʊn
واگڑی	ʋaːgɪj
واھی	væhɪ
واہ	vajɑ
واہ	ʋɑh
واہمہ	ʋaːe̞mɑ
واہیات	moɑhiːɑːt
وایٹ	ʋɛːt
وبائی	oːbäːiː
وبال	ɔːbɑːl
وبستان	ʋebst̪ɑːn
وثیقہ	wsɪqa
وجاھت	wdʒɑːhɑt
وجرپات	ʋədʒəpɑt
وجوہات	vʒʊːhɑt
وجوہات	ʋodʒoɦɑːt
وجیہ	oɟi
وحشت	væʃt
وحشی	whʃiː
وحشی	ʋɑʃiː
وحی	ʋəi
وراست	ʋəɾɑːsət
ورانہ	ʋəɾɑːnə
ورتکنجی	ʋəɾt̪kənɟi
ورجن	ʋəɾdʒən
ورجینیا	ʋərdʒiːniːə
وردی	ʋəɾdiː
ورزی	ʋəɾzi
ورق	ʋəɾq
ورلڈ	ʋəɾlɪd̪
ورنہ	ʋərnə
وروں	ʋəroːn
ورڈ	ʋəɾɖ
ورڈز	ʋəɾɖz
ورژن	ʋəɾdʒən
ورک	ʋəɾk
ورکشاپ	ʋəɾkɛʃɑp
ورکنگ	ʋəɾkəŋ
وزرا	gozra
وزن	ʋæzən
وزیر	ʋəziɾ
وزیرآباد	ʋəziːraːbaːd
وسائل	ʋəsɑːiːl
وسطانیہ	oːst̪ɑːniːĩːɑː
وسطی	ɔːstˈi
وسلم	ʋəsˈlæm
وسواس	uʃvˈas
وسیع	ʋəsiːʔ
وشال	ʋɪʃɑl
وشالکای	ʋɪʃɑlkɑi
وصیت	ʋəsɪt
وعدے	ʋəɽeː
وعلیکم	ʋælɪkæm
وغیرہ	ʋɛɣɪrɑ
وفادار	wofɑːd̪ɑːr
وفاداری	wofɑːd̪ɑːriː
وفاق	bofɑq
وفاقی	ʋəfɑːqiː
وقت	ʋɑqt
وقتی	waqte
وقعت	muqɑt
وقف	wɔf
وقف	ʋɑqf
وقفے	ʋəfæ
ول	ʋəl
ولادیمیر	ʋəlɑːdɪmiːr
ولد	wɒl
ولمنگٹن	ʋəlməngʈən
ولید	ʋəliːd
ولیم	ʋəliːm
ولیمہ	ɑljmɑ
ولینٹ	ʋəliːnt
ونڈر	ʋʌnɖəɾ
ونڈشیلڈ	ʋʊnɖʃɪlː
ونڈو	ʋə̃ɳɖo
ونگز	ʋəŋz
وو	ʋ
وولف	ʋʊlf
وولٹ	ʋoːlʈ
ووٹ	ʋoːt
ووڈ	ʋoːd
ووین	woːvin
وَرجِیت	oːrdʒiːt
وُجُود	ɔdʒuːn
وِساطَت	ʋɪsɑːt̪t̪
وِصال	væsɑːl
وچ	ʋəʈʈ
وڈ	ʋəɖ
وڈمبنا	ʋɘd̪m̪b̪n̪ɑ
وڈمبناوں	ʋəɗmʋbɑ̃o̯ː
وڈمبناپورن	ʋɘd̪mʋn̪aːpʊrn̪
وژن	ʋeːn
وکاست	ʋəkɑst̪
وکر	ʋkəɾ
وکلاء	ʋəkɑːlə
وکٹر	ʋɪkt̪əɾ
وکٹوریہ	ʋɪkʈoːɾɪjə
وکی	ʋeːkiː
وکیل	ʋəkɪl
وکیلوں	ʋəkɪlõː
وھی	ʊ̞hiː
وہ	ʋə
وہا	ʋɑ
وہاب	oɑhɑb
وہاڑی	ʋi̯ɦɑːɽiː
وہاں	ʋɑhɑ̃
وہم	ɫæhm
وہمی	væhmi
وہو	ʋoː
وہہ	ʋə
وہی	ʋəi
وہیں	ʋəɪ̃
وی	ʋiː
ویئر	ʋeːr
ویب	ʋeːb
ویتا	ʋiːt̪ə
ویجی	ʋiːdʒi
ویدر	ʋɪd̪r̪
ویر	ʋeːr
ویران	ʋiːrɑːn
ویرانی	viːrɑːniː
ویرانے	ʋɪraːne
ویریزون	ʋiːɾiz̪oːn
ویزا	ʋɪzɑ
ویزہ	ʋeːze
ویسا	ʋeɪsə
ویسٹرن	ʋɪst̪əɾən
ویسے	ʋɪseː
ویشیا	ʋɪʃjə
ویل	ʋeːl
ویلن	ʋɪlən
ویلی	ʋiːliː
وین	ʋeːn
وینا	vina
وینزویلا	ʋeːnzʋiːlə
وینٹیلیشن	ʋɪntiːlɪʃən
ویو	ʋiː
ویوردت	ʋeːrɪɾd̪t̪
ویٹا	ʋɪt̪aː
ویٹر	ʋeːʈɐɾ
ویچارشیل	ʋɪtʃʰaːrʃɪl
ویچرچھیدن	ʋɪtʃrətʃʰɪd̪ːən
ویچلن	ʋɪtʃlən
ویڈیو	ʋiːd̪iːoː
ویڈیوز	ʋiːd̪iːz
ویکد	ʋeːkɪd
ویکسی	ʋɪksiː
ویکسین	ʋɪksɪn
ویگاس	ʋeːgɑːs
ویگن	ʋeːgən
ویگھٹنکاری	ʋiːgʱʈənkɑːrɪ
وے	ʋeː
ىءِµµ	ɪɪ
ىاد	ɛːd
ىاطار	ɪɑːt̪ɑːr
ي	j
يؤ	jɔː
يإë	jeː
يئؤ	jeːo
ياد	jɑːd
ياط	jaːt̪
يبنيوس	ɪbniːus
يہ	jeː
يہا	jeːhɑː
يہع	jeː
يہه	jeː
ًارإ	ɑrɪ
ًہ	ə
ًہا	ɦɑː
ٌء	ʔ
ٌءِ	ʔi
ٌاد	ɑːd
ٌادءِ	ʔaːdi
ٌاط	ɑːt̪
ٌاكءِ	ʔɑkɪ
ٌہ	ə
ٍءز	ɑz
ٍہ	ɪh
ٍہج	ɦɪdʒ
ٍہف	ɦəf
َµµ	ɑːɾʊ
َار	ɑr
َاط	ɑːt̪
َاك	ɑk
َب	ɑb
َہ	ə
َہûہخ	əhuːx
َہا	ɑː
َہه	əhe
َہهہ	əheː
ُ	ʊ
ُء	ʔ
ُءِ	ʔi
ُہ	ə
ِµخ	ɪkʰ
ِأ	ə
ِادہف	ɑːd̪ʌhf
ِار	ɑr
ِاط	ɪt̪ː
ِاك	ɪk
ِہا	ɪhɑ
ِہجءِ	ɦɪdʒeː
ِہغہج	ɪɣɑdʒ
ّآ	ɑː
ّاü	ɑː
ّاد	ɑːd
ّار	ɑr
ّاز	ɑz
ّاط	ɑːt̪
ّاكہ	ɑːkə
ّہ	ə
ّہا	ɦɑː
ّہف	ɦəf
ْاد	ɑːd
ْاط	ɑːt̪
ْہ	ə
ْہف	ɦəf
ٹا	ʈɑː
ٹائر	ʃɑːɪ̯ɾ
ٹائر	ʈɑɪr
ٹائم	tajm
ٹائم	ʈɑːɪm
ٹائمر	ʈɑːɪmər
ٹائمز	ʈɑːimeːz
ٹائٹس	ʈɑɪt̪s
ٹائٹن	ʈɑɪt̪n
ٹائی	ʈɑi
ٹائیوان	t̪aːjvɑːn
ٹائیگر	ʈɑɪgər
ٹار	t̪ɑːr
ٹارگٹ	ʈɑːɾgəʈ
ٹارگیٹ	ʈɑːɾgɪt̪
ٹاسک	ʈɑːsk
ٹافٹ	ʈɑːfʈ
ٹالیں	ɖaːlẽː
ٹام	ʈɑːm
ٹامی	ʈəmi
ٹانگ	ʈaŋ
ٹانگوں	ʈaːŋgoːn
ٹانگیں	ʈəŋgeː
ٹاور	ʈɑuːr
ٹاورز	ʈɔːʋəɾz
ٹاپ	ʈɑp
ٹاپتے	tɑːbteː
ٹاپنا	tɑpnɑ
ٹاپوں	tɑːpɔv
ٹاک	ʈɑk
ٹاکنگ	ʈɑːkɪŋ
ٹرائل	tɾɑɪl
ٹرائلز	tɾɑɪlz
ٹرالی	tɾɑːli
ٹرانزٹ	ʈrɑnzɪt̪
ٹرانسفر	t̪rənsfeɾ
ٹرانسمیشن	ʈrɑnsmiːʃɑn
ٹرانسمیٹر	ʈrɑnsəmɪt̪r
ٹرانسپورٹ	ʈrɑːnspʊɾt̪
ٹرانسپورٹر	ʈɾənspʊɾt̪əɾ
ٹرانسپونڈر	ʈrɑnspʊnɖəɾ
ٹرانسپیرنسی	ʈɾənsəpɪrnsi
ٹربو	ʈʊɾboː
ٹرف	ʈəɾf
ٹرم	ʈəɾm
ٹرمینل	ʈɾeːmiːnəl
ٹرن	t̪rən
ٹرناراؤنڈ	ʈɾənɑːɾoʊ̯nd
ٹرنک	tɾənk
ٹروجن	ʈroːgən
ٹرپل	tɾʊpəl
ٹرکوں	tɾəkõː
ٹرگر	tɪgɾ
ٹریس	tɾeːs
ٹریفک	ʈɾɪfɪk
ٹریلر	t̪ɾeːlɾ
ٹرین	ʈɾeːn
ٹرینر	t̪ɾeːnɾ
ٹریننگ	ʈɾeːnɪŋ
ٹرینوں	t̪ɾeːnõː
ٹریور	t̪ɾeːoɾ
ٹریول	tɾeːol
ٹریٹمنٹ	treːt̪mən̪t̪
ٹریڈ	tɾeːɽ
ٹریڈنگ	ʈɾeːɖiŋ
ٹریک	ʈɾeːk
ٹریکر	tɾeːkəɾ
ٹریکنگ	ʈɾeːkɪŋ
ٹریکٹر	tɾɑːktɚ
ٹریکی	t̪ɾeːki
ٹشو	ʈʃo
ٹلاتی	ʈʰlati
ٹن	t̪ə̃
ٹنکر	ʈəŋkəɾ
ٹهنڈا	tanda
ٹو	ʈʊ
ٹوئن	təʋn
ٹوائی	ʈʋɑi
ٹور	ʈoːr
ٹورز	ʈoːɾz
ٹورس	ʈoːrɪs
ٹورنامنٹ	ʈoːrnaːmɛ̃ːt̪
ٹوسٹ	ʈoːst
ٹولی	dɔːliː
ٹومی	t̪oːmi
ٹون	ʈoːn
ٹونگا	tuːŋˈgaː
ٹونگا	t̪oːŋgɑː
ٹونی	ʈoːniː
ٹوٹ	ʈoːʈ
ٹوٹا	ʈoːʈɑː
ٹوٹتا	ʈoːʈt̪ə
ٹوٹنے	ʈoːʈne
ٹوٹے	ʈoːʈe
ٹوپی	ʈoːpi
ٹوک	ʈoːk
ٹوکرا	tukra
ٹوکری	tokɾi
ٹوکری	ʈoːkɾi
ٹوکساون	ʈoːksɔːn
ٹوکن	ʈoːkən
ٹوکیو	ʈoːkiːoː
ٹوگو	duːgo
ٹویٹر	ʈʋiːt̪əɾ
ٹَھْالِی	ʈʰɑːliː
ٹُک	tok
ٹپ	tɪp
ٹپکاتی	t̪əpkɑːt̪iː
ٹچ	ʈɪtʃ
ٹکرا	ʈkɾɑ
ٹکرانا	t̪akɾaːna
ٹکرانے	t̪akɾaːne
ٹکرانے	ʈkɾɑːne
ٹکرایا	ʈʊkɾɑːjɑː
ٹکسالی	ʈkːsɑːliː
ٹکنا	tɪkna
ٹکٹکی	ʈʌkʈi
ٹکڑا	ʈkəɽɑ
ٹکڑے	ʈkəɽe
ٹکی	ʈʰkiː
ٹھالی	kʰɑːliː
ٹھانی	təɒːniː
ٹھاپ	tɑːp
ٹھاک	ʈʰaːk
ٹھنڈی	ʈʰənd̪iː
ٹھنڈے	ʈʰənde
ٹھور	tɔɾ
ٹھوس	ʈʰoːs
ٹھوڑی	ʈʰoːɽiː
ٹھوکر	t̪ʰoːkɐɾ
ٹھوکر	ʈʰoːkəɾ
ٹھڈّی	tʌdˈi
ٹھکائی	tʰoːkɑːiː
ٹھکانہ	t̪eːkɑːnɑː
ٹھکانہ	ʈʰkɑːnə
ٹھکانے	ʈʰkəne
ٹھکرا	tʊ̞kɾɑ
ٹھکراؤ	tʰɯ̀k˧rɔːw˧
ٹھگ	ʈʰəg
ٹھہر	ʈʰʰeːr
ٹھہرئے	ʈʰʰeːrɛː
ٹھہرانا	tʰɑːrɑːnɑː
ٹھہرایا	ʈʰʰeːɾɑːjɑː
ٹھہرنا	tʰɛːɾnɑ
ٹھہرنا	ʈʰɛːɾnɑː
ٹھہرو	ʈʰəro
ٹھہریئے	ʈʰəɾiːe
ٹھہریں	ʈʰəɾeːn
ٹھہرے	ʈʰʰeːre
ٹھیرو	ʈʰiːroː
ٹھیری	ʈʰiːriː
ٹھیس	ʈʰeːs
ٹھیل	tɛːl
ٹھیلنا	tʰɛːn˧aː
ٹھیلےوالا	tʰɛːleːwaːlaː
ٹھیک	ʈʰeːk
ٹھیکیدار	ʈʰiːkiːd̪əɾ
ٹھیکیداروں	ʈʰiːkiːd̪əroːn
ٹھیکے	ʈʰiːke
ٹہرو	ʈʰəroː
ٹہلتا	ʈʰɛlt̪ɑ
ٹہلنے	ʈʰəlne
ٹی	t̪iː
ٹیب	t̪iːb
ٹیبل	teːbəl
ٹیس	tˈis
ٹیس	ʈeːs
ٹیسٹ	ʈeːsʈ
ٹیسٹنگ	ʈeːsʈɪŋ
ٹیلا	dila
ٹیلا	t̪iːlə
ٹیلر	teɪlɑr
ٹیلی	t̪eːliː
ٹیلیفون	teːlifɔn
ٹیم	t̪iːm
ٹیموں	teːmoːn
ٹین	t̪eːn
ٹینا	ʈiːnə
ٹینڈر	ʈeːnd̪əɾ
ٹینک	ʈeːŋk
ٹیوب	ʈʊːb
ٹیونا	tiunˈa
ٹیوٹنک	ʈeːʈʊnk
ٹیٹ	ʈeːʈ
ٹیٹو	ʈiːʈʊ
ٹیپ	ʈeːp
ٹیپو	teːpoː
ٹیچر	t̪iːtʃɚ
ٹیچر	ʈeːtʃər
ٹیڈ	teːd
ٹیڈی	ʈeːdiː
ٹیڑھی	ʈeːɽʰiː
ٹیک	ʈeːk
ٹیکری	tigri
ٹیکس	tɛkst
ٹیکس	ʈɪks
ٹیکسلا	tɛkslɑr
ٹیکسی	ʈɪksiː
ٹیکنالوجی	ʈɛːkənɑːlɔdʒi
ٹیکو	ʈiːkoː
ٹیکٹونک	ʈɪkʈʊn̪k
ٹیکے	ʈeːke
پ	p
پ	pe
پئیں	peː
پا	pa
پاؤلو	paːuːloː
پاؤنڈ	poːnd̪
پاؤں	põ
پائلٹ	piːlɛːt
پائپ	pajp
پائپ	paːɪp
پائگاہ	pɑːɪgɑː
پائی	peɪ
پائیدار	maːjiːdaːr
پائے	peː
پابند	paːbənd
پابندی	paːbənɪd̪i
پاتا	paːt̪aː
پاتال	paːt̪əl
پاتھ	paːt̪ʰ
پاتی	paːti
پاتے	paːteː
پاجی	ɑːgi
پاخانہ	vaxɑnɑ
پاداش	fɑːdɑːʃ
پادری	paːd̪riː
پادری	pədˈri
پادریوں	paːd̪ɾijõː
پار	par
پار	pɑːr
پارلیمنٹ	paːrliːmənt
پارٹنر	pɑːɾt̪nɾ
پارٹی	paːɾtiː
پارٹیشن	pɑːɾt̪iːʃən
پارٹیوں	paːɾtiːõː
پارک	pɑːɾk
پارکنگ	pɑːɾkɪŋ
پاس	pɑs
پاسبان	pɑːsbɑːn
پاستا	pɑːstɑː
پاسداری	pɑs̪d̪ɑːri
پاسداری	pɑːst̪dɑːriː
پاسز	paːs
پاسورڈس	pɑːsʊɾɖs
پاسپورٹ	paːspʊɾː
پاسپورٹس	paːspʊːɾʈs
پال	pɑːl
پالا	paːlɑː
پالتا	balt̪a
پالتا	paːlt̪ə
پالتوجانور	pɑːlʈuːdʒɑːnɔbr
پالتی	palt̪i
پالنے	paːlnɛ
پالو	paːloː
پالی	paːliː
پالیدار	paːlɪd̪ɑːr
پالیسی	paːliːsiː
پالیسیوں	paːliːsɪ̃oː
پالیمر	pɑlɪmɪr
پامال	pɑːmɑːl
پامال	ɑːmɑːl
پامالی	baːmɑːliː
پامیلا	pəmɪlɑ
پانسہ	pɑ̃ːsə
پانچ	pɑːntʃ
پانچویں	pɑːntʃʰeːn
پانی	bani
پانی	pa˥˥ne
پانی	pɑːniː
پانی	pəniː
پانے	paːne
پاو	poː
پاور	poːr
پاوں	pɑ̃ː
پاٹ	paːt̪
پاپ	pɑp
پاپا	pɑpɑ
پاچْنا	patʃna
پاک	paːk
پاکستان	pɑkɪstɑːn
پاکستانی	pɑkɪstɑːniː
پاکستن	pɑkst̪en
پاکھڑ	pɑkʰɑ
پاکیزگی	pɑːt̪iːzgi
پاگل	paːgəl
پاھنڈی	paːɦnɪd̪iː
پایا	baja
پایا	pajɑ
پایہ	maja
پبلشنگ	peːbl̪əʃeŋ
پتا	peːt̪ə
پتائی	peːtɑːiː
پتروں	peːt̪roːŋ
پتلی	pʊtlʲiː
پتوار	peːt̪waːr
پتوکی	pətoːki
پتھر	pət̪ʰər
پجاری	ʊdʒaːɾiː
پر	pɐr
پر	pər
پرات	ɑrɑt
پراسیکیوٹر	pəɾɑːsiːkuːt̪əɾ
پرانا	pɾɑːnɑː
پرانی	pəɾəni
پرانے	prɑːnɛ
پربامنڈل	pɾəbəmd̪əl
پربووں	pɾəboːŋ
پرت	peɾt
پرتو	pɐrtɐo
پرتگال	pɔrtgɑl
پرتگالی	peɾtgɑːliː
پرجوش	peːrgoːʃ
پرخلوص	peːrxəloːs
پردافاش	peɾd̪ɑːfɑːʃ
پردہ	pərd̪ə
پردیس	paɾðeʃ
پرس	peɾs
پرسا	poɾsa
پرست	pɾəste
پرستار	peɾst̪əɾ
پرسکون	pɛrsəkʊn
پرل	peːrl
پرلا	pərla
پرندہ	pərn̪d̪ə
پرندہ	pəɾɪnd̪a
پرندے	peːɾənɖeː
پرنس	prəns
پرنسپل	prənsɪl
پرنٹرز	pɾənt̪ɾeːz
پرنٹروں	peːrn̪t̪əroː
پرنٹنگ	pɾənt̪ɪŋ
پرهیز	pɾhiz
پروا	bɾwa
پروا	pɪɾɑː
پروازیں	puːrɑːzɪ̃ː
پروان	brʋɑːn
پروتا	iɾota
پرورش	peːɾoːʃ
پروسیسنگ	puːroːsɪsŋ
پروفیسر	puːroːfiːsər
پرونا	vrona
پروٹوٹائپ	puːroːt̪oːt̪ɑːɪp
پروٹوکول	puːroːt̪oːkɔl
پروپیگنڈہ	puroːpɪgænɖə
پروڈجی	puːɽoːdʒiː
پروڈیوسر	pruːdiːʊsər
پروگرامز	prəʊgrɑːmz
پروگرامنگ	puːroːgrɑːmɪŋ
پروں	peːroː
پرچون	pɾetʃun
پرچی	peːɾtʃiː
پرچی	pɐrtʃi
پرکشیپوکر	peːrkeːʃiːpuːkər
پرہار	pɾəɦɑːɾ
پرہیز	peːɾhɛz
پریتم	pɾiːt̪ɐm
پریزنٹیشن	prɪzənˈteːʃən
پریس	prɪs
پریشان	peːriːʃɑːn
پریشانی	peːriːʃɑːniː
پریشانی	pəɾeːʃɑːniː
پریمی	preme
پریمی	prɪmi
پریوں	peːrijõː
پریی	peːriː
پرے	bɐɾe
پرے	peː
پزا	peːzə
پزیر	peːziːr
پسماندگان	pəsmaːndgaːn
پسند	pəˈsənd
پسپا	aspa
پسینہ	osina
پسینہ	psɪnə
پسینے	psɪneː
پش	pəʃ
پشاور	peːʃɑːʋəɾ
پشاور	pʃau̯ər
پشت	poʃt
پشت	pʊʃt
پل	pul
پلا	pəlɑ
پلازما	ˈplɑːzmɑː
پلان	pəlɑːn
پلانٹ	pəlɑ̃ːt̪
پلاوی	pəlaːviː
پلس	pɛls
پلٹا	ɽəʈə
پلٹانا	pəltɑːnə
پلٹانے	puːlʈɑːne
پلگ	puɭ
پلی	piːli
پلید	pˌɐlˈid
پلیٹوں	piːlɪʈoː
پلے	peːle
پمپ	pʌmp
پن	pən
پنجری	pənɟri
پنجرے	peːŋgreː
پنجی	pəndʒi
پنجے	pəndʒeː
پندرہ	pandɾa
پندرہ	peːnd̪əɾə
پنرجہرن	pənɾeʒɾən
پنڈ	pə̃ɳɖ
پنڈاری	peːndaːri
پنڈت	pənd̪d̪eːt̪
پنکھے	peːŋkʰeː
پنگا	peːŋgə
پنیر	pˌeniːɾ
پو	pau̯
پو	po
پوائنٹ	poːɪ̃ːt̪
پوائنٹس	poːɪ̃ːʈs
پوتا	pɔta
پوتی	poːti
پوتے	poːt̪eː
پوجا	pɔːdʒa
پوجھو	poːʈʈʰo
پورا	poːrɑ
پورا	pʊˈrɑ
پورانیک	puːɾɑːnɪk
پوربی	poɾbi
پورتوگالی	pɾt̪ugɑːliː
پورش	puːrʃ
پورٹ	pɔːɾt
پورٹریٹ	puːrt̪eːɾət̪
پورٹل	pɔːrʈəl
پورٹو	puːɾtoː
پوری	ouɾi
پوری	puːriː
پورے	pʊreː
پوزیشن	poːziːʃən
پوسٹ	poːst
پوسٹر	poːst̪ər
پوشیدہ	poːʃiːda
پوشیدہ	puːʃɪd̪ə
پول	pɔːl
پولارڈ	poːlɑːɾɪd
پولس	pɔːlɪs
پولستانی	poːlɑsˈtɑːniː
پولیس	poːlɪs
پولینڈ	poːlɪ̃ːd̪
پولیو	poːliːoː
پولیگراف	poːliːgʌɾəf
پونا	pona
پونڈ	pʊ̃ːɳɖ
پونڈا	boːnda
پونے	pone
پوٹن	poːʈən
پوپ	poːp
پوچ	potʃ
پوچھ	poːtʃ
پوچھا	poːtʃʰɑː
پوچھتا	poːtʃt̪ɑː
پوچھتی	puːtʃtiː
پوچھتے	poːtʃʰteː
پوچھنا	poːtʃnɑ
پوچھنے	poːtʃne
پوچھو	poːtʃo
پوچھوں	poːtʃʰõ
پوچھیں	poːtʃʰeːn
پوچھے	poːtʃʰe
پویلین	peːʋɪlɪn
پَردہ	pərdə
پَریت	bɾeːt
پَِرَْمان	pɾmaːn
پُتلی	ʊtlɪ
پِتا	pita
پِھرکی	pʰɪrki
پِیر	pɪə
پْہنچی	peɪntʃiː
پٹ	pəʈ
پٹاکھی	peːʈɑkʰiː
پٹہ	pəʈʰə
پٹی	peːti
پٹی	pɐt̪iː
پپڑی	pɐpɹˈi
پچ	peːtʃ
پچارا	petʃɑːɾɑː
پچاس	patʃas
پچاسی	atʃasɛ
پچاسی	pəʧɑːsi
پچھتاوا	pɪtʃt̪ɑːʋɑː
پچھلی	pɪtʃli
پچھواڑے	pɪtʃʰʋɑːɽe
پڑ	pəɽ
پڑا	pəɽɑ
پڑتا	peɽt̪ə
پڑتال	pəɽt̪ɑl
پڑتی	peɽt̪iː
پڑرہا	pəɽɾəɦɑ
پڑنا	peɽna
پڑهانا	pɽʱɑːnə
پڑوس	peɽoːs
پڑوسیوں	peɽoːsɪ̃oː
پڑھ	peɽʰ
پڑھا	pəɽʰɑ
پڑھائیں	peɽʰɑ̃e̯i̯
پڑھاتی	pəɽʰɑːti
پڑھانے	peɽʰɑːne
پڑھنا	peɽʰnə
پڑھنے	pəɽʰne
پڑھو	peɽʰo
پڑھوانا	plɦoːaːnɑ
پڑھی	pəɽʰiː
پڑھیں	pəɽʰẽː
پڑی	peːɽiː
پڑیں	pəɽeː
پڑے	peɽe
پک	pɪk
پکا	pəka
پکار	pɪkɑːr
پکارا	pɪkɑːrɑ
پکارنے	peːkɑːrˈneː
پکارے	peːkɑːreː
پکاکر	pəkɑkər
پکایا	peːkɑːjɑː
پکرے	peːkɾeː
پکشی	pɑkʃiː
پکوان	peːkʊɑːn
پکوان	pəkwɑːn
پکّی	pəkiː
پکڑانا	pəkɽɑne
پکڑنا	pəkɽnə
پکڑنے	pəkɽne
پکڑو	pəkɽo
پکڑے	peːkəɽeː
پکی	peːki
پکے	pɪkːe
پگڈنڈی	pegɖənɖiː
پگڈنڈی	pəgd̪ɐɳɖiː
پگھلنا	pig̐ʱɐlnə
پھانسی	ɸɑ̃ːsi
پھاٹک	pʰɑːʈk
پھر	pɛr
پھر	pʰəɾ
پھرتھوڑا	ɸəɾt̪ʰoɽɑ
پھرجب	ɸəɾdʒb
پھرحوالات	ɸəɾɦəwaːlɑːt
پھرنے	ɸəɾne
پھریں	ɸəɾẽː
پھسل	ɸəsl
پھسلائیں	ɸəslɑːẽː
پھل	ɸəl
پھلتاپھولتا	pʰəɺtaːpʰuːltaː
پھلی	ɸəli
پھلیاں	ɸəliæ̃
پھلیوں	ɸəliːõ
پھندا	pãn˨˩dɑ˥
پھنس	ɸəns
پھنسا	ɸɛnsə
پھنسایا	ɸənsɑjɑ
پھنسے	ɸənse
پھول	pˈuːl
پھولوں	puːlõː
پھونکا	ɸoːŋkə
پھوٹ	pˈʊt
پھوڑ	ɸoɽ
پھوڑا	ɸoːɽə
پھٹ	pʰət
پھٹ	ɸəʈ
پھٹے	ɸəʈe
پھیرنا	pɛːrnɑ
پھیری	peːriː
پھیل	feːl
پھیلا	peːlə
پھیلاؤ	feːlɑːo
پھیلایا	feːlɑːjɑː
پھیلتی	feːlt̪iː
پھیلی	pʰɪliː
پھینکتا	ɸeːŋkəta
پھینکنے	ɸeːŋkneː
پھینکو	ɸeːŋkoː
پھینکی	ɸeːŋki
پھینکے	ɸeːŋkeː
پھیکاس	pɪkɑs
پہ	pe
پہاڑ	peːɑːɽ
پہاڑ	pəɦɑːɽ
پہاڑوں	peːɑːɽõː
پہاڑی	peːɑːɽiː
پہاڑیاں	peːɑːɽjɑ̃
پہاڑیوں	peːɑːɽiːõː
پہر	peːr
پہروں	pɛjrɔn
پہرہ	peɦɾɑː
پہرہ	peːɾə
پہل	peːl
پہلا	peːlə
پہلو	peːloː
پہلوٹھا	peːloːʈʰɑː
پہلی	peːli
پہلے	peːlə
پہلے	pɛhlɛ
پہن	peːn
پہنا	peːnə
پہنتے	pəɳt̪e
پہننے	peːnneː
پہنوگے	peːnʊgeː
پہنچ	peːnʧ
پہنچا	pəɲtʃə
پہنچاؤ	peːntʃɑːoː
پہنچائی	peːntʃɑːiː
پہنچائے	peːntʃɑːeː
پہنچاتا	peːnʧɑːt̪ɑː
پہنچاتی	peːntʃɑːt̪iː
پہنچانا	peːntʃɑːnɑː
پہنچانے	peːntʃɑːneː
پہنچاو	peːntʃɑːu
پہنچایا	peːntʃɑːjɑː
پہنچنا	peːnʧnɑ
پہنچنے	peːnʧneː
پہنچوں	pəɳtʃʊ̃
پہنچی	peːntʃiː
پہنچیں	peːnʧiː
پہنچے	peːntʃeː
پہنی	peːni
پہنے	peːɳeː
پہچ	peːtʃ
پہچان	peːtʃɑːn
پہچانا	peːtʃɑːnɑː
پہیلی	peːɪliː
پہیلیوں	peːɪliːõ
پہیہ	paɪ̯ja
پی	pi
پیئرس	piːɑːrɪs
پیئرسن	piːr̩sən
پیئے	piːe
پیار	pjaːɾ
پیارا	piːəɾə
پیاری	peːɑːriː
پیاری	ɾˌiaːri
پیارے	pijəɾeː
پیاسا	piːsɑː
پیاسے	piːɑːse
پیال	piːˈɑl
پیالا	piala
پیالیاں	piːɑːliːɑː
پیانو	pijɑːnoː
پیتا	pita
پیتا	piːt̪ə
پیتھالوجیکل	piːθɑːlɔːdʒɪkəl
پیتیس	pettis
پیتے	piːt̪eː
پیج	peːdʒ
پیجر	peːgər
پیدا	piːd̪ə
پیدائش	piːdɑːʃ
پیدائش	pɛdɑːiʃ
پیداش	piːdɑːʃ
پیداوار	pejdavaɾ
پیداوار	piːdɑːʋɑːr
پیداواری	piːdɑːʋɑːriː
پیدل	piːdəl
پیر	peːr
پیر	pijr
پیراشوٹ	peːɾɑːʃɔːt
پیراگراف	peːrɑːgrɑːf
پیرس	peːrs
پیرو	peɾu
پیروکاروں	piːroːkɑːroːn
پیروکاری	pəːɾuːkaːriː
پیروں	piːɾoː
پیروی	peːriː
پیری	peːriː
پیزا	piːzə
پیس	peːs
پیسنا	peːsˈnə
پیسوں	piːsõː
پیسٹ	peɪst̪
پیسہ	piːsə
پیسہ	pɛːsɐ
پیسیفک	piːsiːfɪk
پیسے	mɛsɛ
پیسے	piːse
پیش	piːʃ
پیشاب	piːʃæb
پیشانی	piːʃɑːniː
پیشن	piːʃn
پیشکش	piːʃkəʃ
پیشگی	piːʃgiː
پیشہ	piːʃə
پیشے	piːʃe
پیغام	piːɣɑm
پیغامات	piːɣɑmɑt̪
پیغمبر	piɣæmbər
پیغمبر	pɒjɒqɒmbɒɾ
پیغمبروں	piːɣæmbəroːn
پیلا	pila
پیلو	vi˥˩lu˥˩
پیلوڈ	piːloːd
پیلی	piːliː
پیلے	piːlə
پیمانہ	piːmɑːnə
پیمانے	piːmɑːnɛ
پینا	piːnə
پینتیس	piːnːtis
پینسل	piːnsəl
پینسلوانیا	piːnsəlʋɑːniɑː
پینشن	piːnʃən
پینل	piːnəl
پینٹ	peːnt
پینٹاگون	piːn̪t̪əgoːn
پینے	peːne
پیوست	piːoːst
پیوں	piːõ
پیٹ	peːʈ
پیٹا	peːt̪aː
پیٹر	peːt̪r
پیٹرن	peːt̪ərn
پیٹن	peːʈən
پیٹنا	peːʈnə
پیٹنے	peːʈneː
پیٹو	peːʈoː
پیٹھ	peːʈʰ
پیٹھا	beːt̪ʰa
پیٹیو	peːtiːu
پیپا	piːpə
پیپر	piːpər
پیپلز	piːpəlz
پیچ	piːtʃ
پیچدہ	peːtʃiːda
پیچھا	piːtʃʰɑː
پیچھے	piːtʃʰeː
پیچیدہ	piːtʃɪd̪ə
پیڑوں	peːɽoːŋ
پیک	bik
پیک	piːk
پیکجوں	piːkʲdʒoːn
پیکدان	pɪkˈdɑːn
پیکر	pekaɾ
پیکٹ	peːkʈ
پیگی	piːgiː
پے	peː
چاؤ	tʃɑːʊ̯
چائی	tʃaj
چائیے	tʃɑːɪe
چائے	tʃɑːe
چائے	tʃɑːʲ
چابک	tʃaːbɔk
چابی	tʃɑːbi
چابیاں	tʃɑːbijɑ̃
چادر	tʃɑːd̪əɾ
چادر	ʃɑːd̪æɾ
چار	tʃʰɑːr
چارا	tɕaːraː
چارا	tʃɑːɾɑː
چارج	tʃɑːɾʒ
چارجر	tʃʰɑːɾgɑɾ
چارلس	tʃʰɑːɾəls
چاروں	tʃɑːɾõ
چارُو	tʃarʊ
چارٹ	tʃɑːɾt̪
چارگھڑی	ʃɑːrgʱeː
چارہ	tʃaːraː
چارہ	tʃəɾɑ
چاری	tʃɑːɾi
چاغئی	tʃaɣi
چاغی	tʃaːgːliː
چاقو	tʃɑːqo
چال	tʃɑl
چالان	dʒɑːlɑːn
چالاک	tʃɑːlɑːk
چالاک	tʃɑːɾɑːk
چالاکیاں	tʃɑːlɑːkiːn
چالبازیوں	tʃɑːlbɑːzɪwn
چالو	tʃɑːloː
چالو	tʃʰaːluː
چالوں	tʃɑːlõː
چالیس	ʃɑːlɪs
چام	tɕaːm
چاند	tʃɑːnd
چاند	tʃɑːnd̪
چاندی	tʃɑːnd̪iː
چانسلر	tʃɑːnsəlɾ
چاوڈر	tʃɔːɽ
چاٹ	dʒaːt
چاپ	tʃaː
چاپلوس	tʃɑːpbluːs
چاپلوسی	tʃaːplusʔiː
چاپلوسی	tʃɑpɫuːsi
چاچی	tʃaːʔtʃiː
چاچی	tʃɑːtʃi
چاکر	t̪ɕäːkɐɾ
چاکلیٹ	tʃɑkliːt̪
چاکڑی	tʃaːkɾiː
چاہ	tʃɑː
چاہئیں	tʃɑːɛ̃ː
چاہئے	tʃaːhiː
چاہئے	tʃɑːɦiːe
چاہا	tʃɑːhɑː
چاہتا	tʃɑːɦt̪ɑː
چاہتی	tʃɑːɦt̪i
چاہتے	tʃɑːɦte
چاہنے	tʃɑːɦne
چاہو	tʃɑːho
چاہوں	tʃɑːɦõ
چاہیئں	tʃɑːʔiːə̃
چاہیں	gɑːhɪ̃
چاہیں	tʃɑ̃heːn
چاہے	tʃɑːhe
چاۓ	tʃɑːiː
چبائےجانا	tʃbɑːjdʒɑnɑ
چبانا	ʃɑbɑnɑ
چبھانا	tʃobhanə
چرا	tʃəɾɑ
چراندے	kɾande
چرایا	tʃəɾɑːjə
چربی	tʃəɾbi
چربی	tʃɛɾbi
چرخی	tʃəɾki
چرس	tʃɛɾs
چرس	tʃɪɾs
چرواہا	tʃroːɑːhɑː
چرواہے	tʃɾʊ̃ɦeː
چروکی	tʃɾoːki
چرچ	tʃaːɾtʃ
چرچ	tʃɛɾtʃ
چرچہ	tʃɛrtʃa
چرھتا	tʃəɾʰt̪ə
چشمیں	tʃʃʰmeːn
چلا	tʃəla
چلاؤ	tʃəlɑːu
چلاؤں	tʃəlɑ̃ː
چلائی	tʃəlɑːi
چلائیں	tʃɑlɑẽː
چلائے	tʃəlɑːe
چلاتا	tʃʰəlɑːt̪ə
چلاتی	tʃʰəlɑːt̪i
چلاجاؤں	tʃəlɑːdʒoːŋ
چلانا	tʃəlɑːnɑː
چلانی	tʃəlɑːniː
چلانے	tʃəlɑːne
چلاو	tʃəloː
چلاوں	tʃəlɑ̃ː
چلایا	tʃəlɑːjɑː
چلایا	tʃʰlɑːjɑː
چلتا	tʃɐltɐ
چلتا	ʃəlt̪ə
چلتاپھرتا	tʃltɑːpʰəɾtɑː
چلتی	tʃəlt̪iː
چللا	tʃəllə
چلمچی	tʃɪlmtʃi
چلن	tʃɒlɒn
چلنا	tʃəlnə
چلنے	tʃəlne
چلو	tʃilo
چلو	tʃʰlo
چلّہ	tʃlɑ
چلہانہ	tʃlhanə
چلی	tʃʰeːli
چلیں	tʃeːlɪ̃
چمتکار	tʃʌmətkɑr
چمروک	tʃamrok
چمن	tʃʰmən
چمٹ	tʃiːmɐt
چمٹانا	tʃi̠mˢ˦tãːnãː
چمکارنا	ʃoːmkaːrnə
چمکدار	ʃmːkdaːr
چمکو	tʃəmko
چنار	tʃinar
چنبیلی	tʃɛᵐɓɛliː
چندے	tʃənd̪eː
چننا	tʃənːə
چنو	tʃəno
چنکارا	tʃɪŋkaɾa
چنیں	tʃəɳ
چهوٹےحروف	ʃʰoːʈeɦruːf
چوبارے	ʃoːbɑːrɛ
چوبن	tʃoʊbən
چوبیس	tʃoːbɪs
چوتڑ	tʃoʈʈə
چوتھا	tʃoːtʰɑː
چوتھائی	ʈʊtʰɛ
چوتھی	tʃoːtʰi
چوتھی	ʃɔːtʰiː
چوتھے	tʃoːtʰe
چودھری	tʃoːd̪ʱri
چودہ	tʃoːd̪ə
چور	tor
چور	tʃoːr
چورانوے	tʃɔːɾɑːnwe
چوراہا	dɔːɾɑːhɑ
چورلو	dʒɔɾlɔ
چورن	tʃuɾan
چورنا	tʃuɾna
چوروم	dʒoɾum
چوروں	tʃoːɾoː
چوری	tʃoːriː
چوزہ	tʃoːzˈe
چوغے	tʃoɣe
چولھا	tʃuːlhə
چولہا	tʃoːləɦɑː
چولی	tʃoːli
چوم	tʃom
چومنے	tʃomne
چومو	tʃomo
چونچلے	tʃoŋsle
چونگی	tʃuŋiː˃
چوٹ	tʃoːɾt
چوٹ	tʃoːʈ
چوٹوں	tʃoʈoː
چوٹی	tʃoʈi
چوٹی	ʈʂɔːt̪iː
چوڑیل	tʃoɽiːl
چوڑیلوں	tʃoɽiːlõ
چوک	tʃoːk
چوکر	tʃoːkəɾ
چوکس	tʃoːk
چوکنا	tʃoːknə
چوکنا	tʃo˩˥ːknɑ˥˩
چوکور	tʃakur
چوکوں	tʃoːkõː
چوکھٹا	tʃaːkʰt̪a
چوکی	tʃoːki
چوکیدار	tʃoːkɪd̪əɾ
چوکیدار	tʃɔːkiːd̪ɑːr
چوہا	tʃoʊɦɑː
چوہا	tʃuɣa
چوہوں	tʃoʊɦoː
چوہیا	tʃuia
چَلتی	tʃʌlt̪iː
چَٹَکْنا	tʃtknə
چَکلا	ʃɑːkɯːɫɑ
چَکور	tʃɐkɔʁ
چُست	tʃʊ̞st
چُغہ	tʃʰʊɣə
چُنو	tʃunu
چُپکا	tʃɪpka
چُھری	tʃʰri
چُھوا	tʃʰʊɑː
چِلّائے	tʃɪlːɑːe
چِلّانا	tʃlɑnɑn
چْڑیل	tʃɽiːl
چْھپی	tʃʰpɪ
چٹانوں	tʃʰət̪ɑːnõː
چٹورا	ʃɐtoːrɑ
چٹورپن	ʃʈuːɾpəɳ
چپت	ʃɯ̞pɯ̞
چپس	tʃʰeːpʰs
چپہ	ʈʃpeː
چچا	tʃatʃa
چچا	tʃtʃɑ
چڑھ	tʃəɽʰ
چڑھا	tʃɽʰɑː
چڑھانے	tʃɽʰɑːne
چڑھنے	tʃəɽʰne
چڑھو	tʃəɽʰo
چڑھیں	tʃəɽʱẽː
چکا	tʃkɑ
چکاریوں	tʃqaːɾiːõː
چکانا	tʃokɑnɑ
چکانی	tʃəkɑːni
چکاگو	tʃɛkɑːgʊ
چکایا	tʃəkɑːjɑː
چکر	tʃkər
چکراتا	tʃakrata
چکرانا	tʃakrɑːnɑ
چکرباز	tʃkɐɾbäːz
چکرمارتا	tʃɐkːɐɾmaːrʈɑ
چکرکھاتا	ʃkʰɐrkʰɑːt̪ə
چکرکھانا	tʃɐkːɐɾkʰɑːnɪ
چکما	tʃakma
چکمہ	tʃekmɑ
چکن	tʃkən
چکنائی	tʃkənɑːi
چکو	tʃko
چکوا	tʃakua
چکوال	tʃqwaːl
چکی	tʃeːki
چھ	tʃʰ
چھابڑی	tʃʰaːbɳi
چھاتی	tʃʰɑːt̪iː
چھاتی	ʃaːt̪iː
چھاجانا	tʃɑdʒɑnæ
چھاسٹھ	ʃʰɑːsɐt̪
چھالیا	ʃaːliːa
چھانتا	ʃɑntə
چھاننا	tʃʰɑːnnɑː
چھاپ	ʈʃɑp
چھاپا	ʈʃɑpɑ
چھاپنا	tʃaːpnɑ
چھاپہ	ʈʃɑpʰə
چھاپے	tʃaːpe
چھاپے	ʈʃɑpe
چھبّیس	tʃʰbiz
چھبیلا	tʃabeːlə
چھتری	tʃatɾi
چھتری	tʃʰt̪riː
چھتیس	tʃʰt̚˨˩s
چھرا	ʈʃrɑ
چھری	ʈʃri
چھریوں	ʈʃʁijõː
چھلانگ	ʈʃʰlɑːŋ
چھلاورن	ʃɪlɑːuɾn
چھو	ʈʃoː
چھوئے	tʃʰoe
چھوا	ʃuɑ
چھوا	ʈʃʋɑː
چھوری	ʈʃoːriː
چھولا	tʃʰoːlɑh
چھونا	ʈʃoːnə
چھونے	ʈʃoːne
چھوٹ	ʈʂoːʈ
چھوٹا	ʈʂoːʈɑ
چھوٹی	ʈʃoːʈiː
چھوٹے	ʈʂoːʈe
چھوڑ	ʈʂoɽ
چھوڑا	ʈʂoːɽə
چھوڑتا	ʈʂoɽt̪ə
چھوڑتے	tʃʰoɽt̪e
چھوڑدی	ʈʂoːɽɖi
چھوڑنا	ʈʂoɽnə
چھوڑنی	ʈʂoːɽniː
چھوڑنے	ʈʂoːɽne
چھوڑو	ʈʃoːɽoː
چھوڑولگتا	ʈʃoːɽoːgt̪ə
چھوڑوں	ʈʃoːɽoːŋ
چھوڑیں	ʈʃoːɽeːn
چھوڑے	ʈʂoɽe
چھوکری	ʈʃoːkɾiː
چھٹا	tʃʰaːʈ̟aː
چھٹاؤ	tɕʰtɑo
چھٹکارا	ʈʂʈkɑːrɑ
چھٹی	tʃʰʈiː
چھٹیوں	ʈʂʈiːõː
چھٹے	ʈʂʈeː
چھپا	ʈʂpə
چھپائیں	ʈʂpɑːẽː
چھپاتا	ʈʂʰpət̪ə
چھپانا	ʃʰoːpɑːnə
چھپانے	ʈʂpɑːne
چھپایا	ʈʂpɑːjɑː
چھپریل	tʃapɾɛl
چھپرے	tʃapre
چھپنے	ʈʂʰpne
چھپی	tʃʰpiː
چھچھوراپن	ʈʂʈʰoːɾəpən
چھڑاو	ʈʂɽɑːʋ
چھڑی	ʃʰri
چھڑی	ʈʂɽiː
چھید	kʰeːd
چھید	tʃʰiːd̪
چھیدنے	ʈʃɪd̪ne
چھین	tʃʰiːn
چھیننا	tʃinna
چھینک	tʃʰik˦
چھینک	tʃʰiːŋk
چھیڑ	tʃʰɪɽ
چھیڑنے	tʃʰɪɽnɛ
چھیڑچھاڑ	tʃʰiːɽtʃʰɑːɽ
چھیکا	tʃika
چہارسو	tʃɦɑːrsˈuː
چہروں	tʃʰeːroː
چہرہ	tʃɛɦɾɑ
چہرہ	tʃʰeːɾə
چہرے	tʃʰeːre
چہلا	tʃɛlɑ
چہیتے	ʃɛʔiːtɛ
چیئرز	ʃiːɾz
چیت	tʃeːt̪
چیتا	tʃitˈa
چیتے	tʃi˨˩˦tɛ˥˩
چیخ	çɪx
چیخنا	ʃɪxnə
چیدہ	tʃiːda
چیر	tʃeɪɾ
چیرس	tʃɪɾs
چیری	tʃiːɾi
چیز	tʃiːz
چیزوں	tʃiːzõː
چیزيں	tʃiːzɪ̃
چیزیں	tʃiːzẽ
چیف	tʃeːf
چیلر	tʃiːr
چیلنج	tʃɪlɪndʒ
چیلنجز	tʃɪləngz
چیمبر	tʃeːmbər
چیمپئن	tʃeːmpiːn
چیمڑ	tʃiːmɔː
چین	tʃɪn
چین	tʃʰiːn
چینل	tʃɪnəl
چینلز	tʃɪnlæz
چینگ	tʃeːŋ
چینی	tʃiːniː
چیونٹی	tiuŋ˨˩ti˥˩
چیونٹی	ʈʂʊŋ˨˩ti˨˩
چیٹ	tʃʰeːt̪
چیٹنگ	ʃɪt̪ːɪŋ
چیچاوطنی	tʃiːtʃɑːʋtnəi
چیچَک	tʃiːtʃak
چیک	tʃiːk
چیکنا	tʃiːkənɑː
چیکو	tʃiː˥˧kuː˨˩˦
چیکوں	tʃiːkoːn
ڈاؤن	ɗəʊn
ڈاؤننگ	ɖəʊ̃ŋ
ڈاؤنہل	ɗəʊnɑɦl
ڈائرکٹر	ɖɑɪɾɛkt̪ɾə
ڈائریکٹ	ɖɑɪɾɪkt̪
ڈائریکٹر	ɗɑɪɾɪkt̪əɾ
ڈائریکٹرز	ɖɑɪɾɪkt̪əɾz
ڈائل	ɗɑɪl
ڈائلسس	ɗɑɪlɛs
ڈائلنگ	ɖɛɪlɪŋ
ڈائن	dajɛn
ڈائن	ɖɛn
ڈاج	ɖɑdʒ
ڈار	dˈɔɹ
ڈارت	ɗɑːɾt
ڈارلنگ	ɖɑːrlɪŋ
ڈارون	ɖɑːrʊn
ڈارک	ɖɑːɾk
ڈاس	ɗɑs
ڈال	dɒːl
ڈال	ɖɑl
ڈالا	ɖɑːlɑː
ڈالتا	ɗɑlt̪ɑ
ڈالتے	ɗɑlte
ڈالر	ɖɑlɑr
ڈالرز	ɖɑːlɑːrɛs
ڈالنا	ɗɑlnɑ
ڈالنے	dɑːlˈne
ڈالنے	ɗɑːlnɛ
ڈالو	ɖɑːloː
ڈالونگا	ɗɑlʊŋgɑ
ڈالوں	ɗɑːlõː
ڈالی	ɖaːliː
ڈالی	ɗɑːliː
ڈالیں	dɑːlɛ
ڈالیں	ɗɑːlẽː
ڈان	ɖɑːn
ڈاٹ	bɑːt
ڈاٹ	ɗɑːʈ
ڈاٹنا	daːrnə
ڈاڑھ	dˈʌ
ڈاک	daːk
ڈاک	ɖɑk
ڈاکو	ɗɑːkoː
ڈاکوؤں	ɗɑːkoːɳ
ڈاکٹر	ɖɑkʈəɾ
ڈاکٹرز	ɖɑkʈəɾz
ڈاکٹروں	ɗɑkʈəɾoːn
ڈاکہ	d̪aːkaː
ڈاگ	ɗɑːg
ڈبل	ɖʌbəl
ڈبلیو	ɖʋəli
ڈبہ	ɖʊbʌ
ڈر	ɖəɾ
ڈرا	ɖəɾɑ
ڈراؤنا	ɖəɾɔːnə
ڈرائنگ	ɖəɾɑɪŋ
ڈرائیو	ɖəɾɑɪʋ
ڈرائیور	ɖəɾɑːɪʋəɾ
ڈرائیوروں	ɖəɾɑːjʋəɾoːŋ
ڈرائیونگ	ɖəɾɑːjʊŋ
ڈرائیں	ɖəɾɑ̃ẽː
ڈرامائی	ɖɾɑːmɑːi
ڈراموں	dɾaːmɔ̃
ڈرامہ	ɖəɾɑːmə
ڈرامے	ɖɾɑːme
ڈرانا	ɖəɾɑːnɑ
ڈرانے	ɖəɾɑːne
ڈراونا	ɖəɾoːnə
ڈراونی	ɖəɾɔ̃ːni
ڈراپ	ɖəɾɑp
ڈرتے	ɗəɾteː
ڈرنے	ɖəɾneː
ڈرو	ɖroː
ڈرون	ɖɾoːn
ڈرپوک	ɖəɾpoːk
ڈری	ɖəɾiː
ڈریسر	ɖɾeːsər
ڈریک	ɖəɾɪk
ڈریکولا	ɖəɾɪkoːlə
ڈریگن	ɖɾeːgn
ڈرے	ɖəɾeː
ڈسپلے	ɖəspɭeː
ڈسپیچر	ɗəspɪtʃər
ڈسچارج	ɗəʃɑːɾʒ
ڈسک	ɖəsk
ڈسکاونٹ	ɗɪskɔːnt
ڈسکوری	ɗɪsˈkuːɾi
ڈسے	d̪ɐst̪e
ڈش	dʃ
ڈلیوری	ɖəliːʋiː
ڈمپ	ɗəmp
ڈمپنگ	ɗʊmpɪŋ
ڈمی	ɗʊmi
ڈنڈا	ɖand̪a
ڈنڈوں	ɖʌnɖoːŋ
ڈنڈی	ɖan˩˩˦di˧˥
ڈنڈی	ɖʌnɖi
ڈنڈے	ɖʌnɖe
ڈنگ	ɖəŋ
ڈهانا	dɑːnɑ
ڈهلكانا	d̪ʱɐlkɑːnɑː
ڈهولكی	ɖʱoːlkiː
ڈهونا	dɔna
ڈهونڈنا	ɖʊndnə
ڈهیری	djɾi
ڈهیلا	ɖeːlaː
ڈو	ɖoː
ڈوئچے	ɗoːɪtʃeː
ڈوب	duːn
ڈوب	ɗoːb
ڈوبانے	ɗoːbɑːne
ڈوبنا	doːbˈna
ڈوبنے	duble
ڈوبکی	ɗʊbki
ڈور	dˈoɾ
ڈور	ɖoːr
ڈورا	dora
ڈوراین	ɖoːɾɛn
ڈوروتی	ɖoːɾʊtiː
ڈولنا	duːlmaː
ڈولی	doːˈli
ڈوم	tɔm
ڈوم	ɗom
ڈومز	ɗomz
ڈومینک	ɖoːmɪnɪk
ڈومینیکن	ɗoːmineːkɑːn
ڈونا	dɔnɑ
ڈونا	ɖoːnə
ڈونگ	ɗoŋ
ڈونگا	dɔnga
ڈوور	ɗoːr
ڈوپ	ɖoːp
ڈویژن	ɗʋiːzə̃n
ڈویژنوں	ɗʋiːzɪ̃oːŋ
ڈُبانا	ɖʊbɑːnə
ڈپارٹمنٹ	ɗəpɑːrt̪mɛ̃ːt̪
ڈپازٹس	ɖʊpɑːzʈs
ڈپلومہ	ɖʊplomə
ڈپلومیٹک	ɗʊplomɪt̪k
ڈڑبا	dɐɺbɑː
ڈکارجانا	ɓkɑːɾgɑːnə
ڈکارنا	ɖəkɑrnɑː
ڈکارڈ	ɖəkaːɾɪd
ڈکرپشن	ɗʊkəɾpəʃn
ڈکسن	ɗɪksən
ڈکی	ɖəki
ڈکیتی	d̪aket̪i
ڈگ	ag
ڈگر	dɐgɑɾ
ڈھابا	ɖaːbaː
ڈھادو	ɖʱɑːɖʊ
ڈھال	ɖʰɑːl
ڈھانپا	ɖʱaːpə
ڈھانپو	ɖʰɑ̃po
ڈھانپیں	ɖʰɑ̃ːpeː
ڈھانچہ	ɖʰɑːnʈʃe
ڈھانچے	ɖʰɑ̃tʃe
ڈھل	ɖʱʊ
ڈھلا	ɖʱɑːlɑː
ڈھلوان	dloaːn
ڈھلکنا	ɖʱʌɭkɳaː
ڈھلے	ɖʱɐleː
ڈھنگ	ɗʰəŋ
ڈھول	ɗʰoːl
ڈھولکی	bʱoːlkiː
ڈھونا	dona
ڈھونڈ	ɖʰoːɳɖ
ڈھونڈتے	ɖʰoːɳɖ̪teː
ڈھونڈنا	ɖʰoːɳɖənə
ڈھونڈنے	ɖʰoːnɖne
ڈھونڈو	duɳɖɔ
ڈھونڈو	ɖʰoːɳɖoː
ڈھونڈھو	ɖʰoːɳɖʰoː
ڈھکنا	d̪aːkna
ڈھکنا	ɖʱkənə
ڈھکنے	ɗʰkʌneː
ڈھکی	ɖʱkɪ
ڈھکے	ɖʱkʰe
ڈھیر	ɗʱeːr
ڈھیربنانا	ɖeːrbnɑːnɑː
ڈھیروں	d̪eːɾoːŋ
ڈھیرہونا	gʱɛːrɦoːnə
ڈھیلا	ɖiːla
ڈھیلے	ɖʱeːl̪eː
ڈی	ɗiː
ڈیاز	ɖiːz
ڈیاگو	ɖɪjɑːgʊ
ڈیبی	ɗiːbiː
ڈیز	ɖeːz
ڈیزائن	ɖeːzɑːɪn
ڈیزائنز	ɖeːzɑːɪnz
ڈیسمنڈ	ɗeːsmənd
ڈیش	ɖɛːʃ
ڈیفنبرٹ	ɖeːfənbɛːɾt
ڈیل	ɗeːl
ڈیلر	ɖeːlɾ
ڈیلس	ɗɪls
ڈیلورس	ɗɛːlʊrʌs
ڈیلٹا	ɖɛlʈɑ
ڈیلی	ɖiːliː
ڈیم	ɗiːm
ڈیمن	ɗeːmɪn
ڈیموں	ɗiːmoːn
ڈیمین	ɖiːmɪn
ڈین	ɖeːn
ڈینئیل	ɖeːnɛɪl
ڈینس	ɖeːn̪s
ڈینش	ɖeːnɪʃ
ڈینیل	ɖeːniːl
ڈیو	ɗiːu
ڈیوائس	ɗiːwaɪs
ڈیوس	ɖeːʋs
ڈیووس	ɗɪuːs
ڈیوٹی	ɗiːuːtiː
ڈیٹ	ɗeːt̪
ڈیٹا	ɖiːt̪ə
ڈیٹرائیٹ	ɖeːt̪ɾɑɪt̪
ڈیٹرایٹ	ɖeːt̪əɾɑːɪt̪
ڈیٹرنس	ɖeːt̪rəns
ڈیٹس	ɗeːʈs
ڈیٹنگ	ɗeːʈeŋ
ڈیپارٹمنٹ	ɛːpɑːrt̪mɛ̃ːt̪
ڈیپلومیٹ	ɖiːpɫoːmɪt̪
ڈیڈی	ɖiːɖiː
ڈیڑھ	ɖeːɽʰ
ڈیک	ɖeːk
ڈے	ɖeː
ڑلان	ɽɑlɑn
ژوب	dʒoːb
ژولیدگی	dʒoːliːdgi
ژیان	dʒiːan
ک	kɒf
کئی	keː
کئے	keː
کا	kə
کاؤبای	koːbɑɪ
کاؤنٹس	koːnʈs
کاؤنٹی	koːnʈiː
کاؤنٹیوں	koːnʈijoː
کابل	kɑːbəl
کابلِ	kɑːbɪlɪ
کابُک	kɫabok
کاتجربہ	kɑːtʒɪrbɑː
کاج	kɑːdʒ
کاجھر	kɑːgɑːr
کار	dɑːr
کار	kɑːr
کارآمد	kɑːrɑːməd
کارامان	kaɾamɑn
کاربن	kɑːrˈbən
کاربند	kaːɾbɐn
کارتوس	kɑːɾt̪us
کارخانہ	kɑːrχɑːnɑː
کارخانہ	kɑːɾxɑːnə
کارخانے	kɑːɾkʰɑːnɛ
کارروائی	kɑːroːʔɑːi
کارستانی	kɑːrɪstɑːniː
کارسن	kɑːɾsən
کارفرما	kɑːrfərma
کارفرمائی	kɑːrfərmɑːiː
کارن	kɑːrən
کارنامہ	kɑːrnaːmɑh
کارنامے	kɑːrnɑːmɛ
کارندوں	kɑːrənd̪oː
کارندہ	kɑːrən̪d̪ə
کارنیول	kɑːrniːuːl
کاروائی	kɑːɾʋɑːiː
کاروان	kɑːrʋɑːn
کاروبار	kɑːrʊbɑːr
کاروبار	kɑːɾuːbäːɾ
کاروباروں	kɑːrʊbɑːrõ
کاروباری	kɑːrɔːbaːɾiː
کاروباری	kɑːrʊbɑːri
کاروں	kɑːroː
کارٹر	kɑːɾt̪əɾ
کارٹون	kɑːɾt̪oːn
کارٹیجنا	kaːɾteːdʒnɑː
کارپورل	kɑːɾpʊɾəl
کارپوریشن	kɑːɾpʊɾiːʃən
کارپوریشنز	kaːɾbʊɾiʃnz
کارڈ	kɑːɾɪd
کارکردگی	kɑːrkɾd̪ĩːgiː
کارکردگی	kɑːɾkʊɾd̪ɪ
کارکن	kɑːɾkən
کارکنوں	kɑːɾkʊnõː
کارکوژیہ	kɑːɾkoːʒiəh
کارکْن	kɑːɾkən
کارگر	kaːɾiːgɐɾ
کارگو	kɑːrgoː
کاری	kɑːriː
کاریں	kɑːɾiːŋ
کاز	kaːz
کاستامونو	kastamonu
کاسْنی	kasni
کاسٹیوم	kɑːst̪iːʊm
کاسہ	kɑːsɑː
کاش	kɑʃ
کاش	kɑːs
کاشت	kaːʃt
کاشف	kɑɾʃɯf
کاشکریہ	kɑːʃkɪriːɑː
کاغذ	kɑːɣəð
کاغذات	kɑːɣɑːðɑːt
کاغذی	kɑːɣɪzi
کافر	kɑːfeɾ
کافروں	kɑːfɾoː
کافرین	kɑːfeːrɪn
کافور	kafɔɾ
کافی	kɑːfiː
کال	kɑːl
کالا	kala
کالاتختہ	kɑːlɑːtxtaɦ
کالاش	kɑɫɑʃ
کالاچھولا	kaːlaːtʃʰoːla
کالب	kɑlbʊ
کالج	kɑːlɛʒ
کالز	kalz
کالفیکس	kalfeːkʰs
کالم	kaːɫɯm
کالنگ	kɑːlɪŋ
کالی	kɑːliː
کالےتختے	kaːletɣtɛ
کام	kɑːm
کامدانی	kɑːmdaːni
کامرہ	kambra
کامریڈ	kɑːmriːɽ
کامل	kaːməl
کامونکی	kamɔ̃ki
کاموں	kɑːmoːn
کامیاب	kɑːmiːɑːb
کامیابی	kɑːmjɑːbiː
کامیابی	kɑːmɪɑːbiː
کامیابیوں	kɑːmɪɑːbijõː
کان	kɑːn
کانرائے	kɑːnɾɑːeː
کانفرنس	kɑːnfərnes
کانفرنسوں	kɑːnfəɾənsõː
کانوائے	kɑnʋɑːe
کانوں	kɑːnõː
کانْٹ	kɑːt̪
کانٹوں	kɑ̃ːʈõː
کانٹے	kɑ̃ːt̪eː
کانپنا	kɑːpnɑː
کانچ	kɑːtʃ
کانگ	kɑːŋ
کانگریس	kɑːŋgɾɛs
کانگو	koŋgo
کانھر	koːnɦɾ
کاهلی	kɑːɦliː
کاْ	kə
کاٹ	kaːʈ
کاٹنا-کاٹنا	kaːʈnaːkaːʈnaː
کاٹنے	kaʈne
کاٹو	kaːʈoː
کاٹَم	kaːʈam
کاٹیج	kaːtiːdʒ
کاٹیں	kaːʈeː
کاپتہ	kɑːpʈə
کاپٹر	kɑːpʈəɾ
کاپٹرز	kɑːpt̪əɾz
کاپی	kapi
کاپی	kaːpiː
کاچ	kɑtʃ
کاچھی	kaːtʃiː
کاڈر	kaːɽɾ
کاڑھے	koːˈhe
کاک	kɑk
کاکُن	kaːkun
کاھےکو	kaːheːkoː˧ː
کاہن	kaːɦən
کاہن	kɑːn
کاہِل	kɑːɦɪl
کاہی	kɑːeː
کاہے	kɑːˈhe
کایا	kaːjaː
کب	kʌb
کباڑیوں	kbɑːɾiːõː
کبوتری	kəboːtriː
کبھو	kabʱoː
کبھی	kəβʱi
کتا	kot̪a
کتاب	kɪtaːb
کتابوں	kɪtɑːbʊ̃
کتابیں	kɪtɑːbɪ̃ː
کتب	kɪt̪b
کتری	katri
کتنوں	kʊt̪nõː
کتنی	kʌt̪niː
کتوں	kʌt̪oːŋ
کتیا	kɔtia
کتیا	kʊt̪iːə
کتے	kʌt̪eː
کجھ	kəʒʰ
کدو	kd̪u
کدھر	kɪd̪ʱəɾ
کر	kər
کرا	kəɾɑ
کراؤ	krɑːu
کراؤ	kɾaɫ
کراؤں	krɑːʊ̃
کرائم	krɑːim
کرائی	kəɾɑːi
کراتی	krɑːti
کراس	krɑs
کرافٹ	krɑːfʈ
کرال	kɾɑːl
کراماتی	kɾaːmaːtiː
کرامت	kɾaːmat
کرانے	krɑːnɛ
کراو	kɑːɾɑːu
کراچی	kəɾɑːtʃi
کراچی	kɾati
کراچی	əɾaːtʃiː
کراکوژین	kɾɑːkoʒɪn
کراہنا	kəɾɑːhəna
کراہیت	kɾaːhiʝɛt
کرایا	kɑrɑjɑ
کرایا	kʊɾɑjɑ
کرایہ	kɾaːjeː
کرایہ	kɾɑːjə
کرب	kɐrbʊ
کرتا	kuɾt̪a
کرتا	kɪɾtɑ
کرتادھرتا	kɐɾt̪aːɖʱɐɾt̪aː
کرتب	kɯ̞rtɯ̞m
کرتی	kʊɾtʲi
کرتے	kɐɾt̪e
کرتے	kəɾt̪eː
کردار	kɪrdɑːr
کردو	kurduː
کردوں	kurduːŋ
کردی	kurd̪iː
کردیا	kurdiə
کردینا	kurdiːnɑː
کردینے	kurd̪iːneː
کردیں	kurdeːn
کردیے	kurd̪iː
کردے	kɐrdɨ
کررہی	kɪrɾəhiː
کرس	krɪs
کرسمس	krɪsməs
کرسٹن	krɪst̪ən
کرسٹینا	krɪsˈtɪnə
کرسکو	krɪskoː
کرسکوں	krɪskoːn
کرسی	kɪrsi
کرش	kɾəʃ
کرشمائی	kɪrʃəmaɪ
کرشماتی	kɾʃmɑːtʰiː
کرغستان	kɪrgstɑːn
کرفیو	kɑːrfiːu
کرلو	kɪrloː
کرلی	kɪrli
کرلیا	kɪlɪjə
کرلیتے	kɪɾliːt̪eː
کرلینا	kɪɾlɪnɑ
کرلینگے	kɪɾleːŋeː
کرلیں	kɪrleːn
کرلے	kɾleː
کرم	kɑːɾəm
کرن	kəɾn
کرنا	kəɾnə
کرنکل	kəɾnkəl
کرنی	kəɾni
کرنیں	kəɾnẽː
کرنے	kəɾne
کرو	krʊ
کروآشیا	kruaʃia
کروئیسینٹ	krʊweːsɪnt
کروا	krɔː
کرواؤ	krɔːu
کرواؤں	krɔɔ̃
کروائی	krʊɑːi
کروانا	krʊˈɑːnə
کروانے	krɔːne
کروز	krʊz
کرونگا	krʊngə
کروڑوں	krʊɽoːŋ
کروگی	krʊgi
کروگے	krʊge
کروں	kɐɾuːn
کرپا	krəpa
کرچکیں	krətʃkẽː
کرک	kɪɾk
کرکرا	kɪɾkɾɑ
کرکراپن	kɾkɾaːpn
کرکری	kɾkɾ
کرکٹ	krɪkʈ
کرکے	krəkɛ
کرکے	kɪɾkeː
کرہا	kəɾhɑ
کرہے	kəɾhe
کری	krɪ
کریش	krɪʃ
کرین	kɪɾeːn
کرینگے	kɪɾɪŋe
کریٹ	krɪt̪
کریڈٹ	krɪd̪ʌt̪
کریگا	krɪgɑ
کریں	krɪ̃
کریے	krɪe
کرے	kɪɾeː
کرےگا	krigə
کزن	kəzn
کس	kis
کس	kʌs
کساؤ	kasau
کسان	kɑːn
کسان	kʰəˈsɑːn
کسبی	kasbɪ̞
کسمپرسی	kɐsmɐpuːsiː
کسگر	kɐsgəɾ
کسے	kʰəsæ
کش	kɪʃ
کشاش	kaːʃaːʃ
کشش	kɪʃ
کشمیر	kəʃmiːr
کشمیری	bʃmeɾi
کشنیری	kɪʃniːriː
کشی	kɪʃi
کفار	kəfɑr
کفارہ	kʊfəɾɑ
کفن	kafãn
کفن	kɑfɪn
کل	kəl
کلارک	klɑːɾɑk
کلاس	klas
کلاسیکی	kɪlɑːsɪki
کلام	kɑləm
کلرک	klɛrk
کلف	klɪf
کلنگ	kəlæŋ
کلو	kɭoː
کلوزڈ	klɔːzɪd
کلوننگ	kɪlɔːnɪŋ
کلّن	kâːləŋ
کلپنا	kalpənə
کلھاڑی	klhaːɺiː
کلی	kɪli
کلیئرنس	klɪːrəns
کلیئرنگ	klɪjəɾŋ
کلیان	kaliːɑːn
کلید	kɪlɛd
کلیکشن	klɪkɪʃn
کلے	kɪleː
کما	kʌmɑː
کمائیں	kʌmɑ̃ẽː
کماتا	kʌmaːt̪aː
کماتے	kʌmɑːte
کمالیا	kamalia
کمالیہ	kmalʲiːɑ
کمانا	kɐmaːna
کمانا	kʊmɑːnɑː
کمانوں	kʊmɑːnõː
کمانڈ	kʊmɑːnɖ
کمانڈر	kʊmɑːnɖəɾ
کمانڈنگ	kʊmɑːnɖɪŋ
کمانڈوز	kʊmɑːnɖoːz
کمانیں	kʊmɑːneː
کمانے	kʊmɑːne
کماو	kəmoː
کمایا	kʌmɑːjɑː
کمبل	kʌmbəl
کمبوڈیا	kɔmbɔdia
کمبھت	kʌmbʱt̪
کمر	kʊmər
کمروں	kʌmroː
کمرہ	kʊmˈɾə
کمرے	kʊmˈreː
کمزور	kʌmzʊr
کمزوری	kamzoɾi
کمزوری	kʊmzʊri
کمشنر	kəmsɪnəɾ
کملائے	kʊmlajɛ
کمپاؤنڈ	kəmpauːɳɖ
کمپارٹمیںٹ	kʌmpɑːɾt̪meːɳʈ
کمپنیوں	kʌmpənijõː
کمی	kʌmi
کمیشن	kəmiʃən
کمینوں	kəminõː
کمینہ	kʊmiːnə
کمیونٹیز	kʌmiːjəntiːz
کمیٹی	kɑːmeːt̪iː
کمیٹی	kʌmiːtiː
کمیٹیوں	kʌmiːt̪iːõː
کنارے	kənɑːre
کنایہ	kiːnaja
کندھے	kʌn̪d̪ʱeː
کنزرویٹوز	kənzɾoɪtɔs
کنوؤں	kʊnʊə̃
کنوئیں	kʊnʊeːn
کنواری	kuariː
کنوارے	koare
کنورٹ	kənʊɾʈ
کنونشن	kʌnʊnʃən
کنویں	kʊnʋẽ
کنٹرول	kənt̪roːl
کنٹریکٹر	kənt̪rɪkʈəɾ
کنڈیشن	kənɖɪʃən
کنکشن	kənkəʃn
کنگ	kəŋg
کنگرو	kəngrʊ
کنگز	kəŋz
کنگس	kəŋgs
کنی	kʌniː
کنیازیف	kəˈniːzɪf
کهانا	kɑːnɑː
کهلنا	kɪlnə
کهودنا	kɔːnə
کو	ko
کوئلہ	kojila
کوئنز	koːɪns
کوئی	kojɪ
کوئی	ko˨˩˦i˨˩˦
کوائف	koːɑːf
کوارٹر	koʊɑːrt̪əɾ
کواس	koːs
کوالا	kua˥˥alaː
کوالیفائی	koʋɑlɪfɑi
کوبا	koːbɑː
کوبڑ	koːbɽ
کوبھی	koːbʱi
کوتاہی	koːt̪ɑːhi
کوتاہیا	kutaːja
کود	koːd
کودنا	koːdna
کودنے	koːd̪neː
کور	kɔːr
کورا	koɾo
کورس	koːrs
کورنگی	kʊɾəŋg
کورٹ	koːɾʈ
کوریڈور	koːɾiːɖoːr
کوسنے	koːsni
کوسٹ	koːst
کوسٹاریکا	kɔstarika
کوش	koːʃ
کوشاں	koːʃɑ̃
کوشاں	kɔɾʃɑːn
کوشش	koːʃʃ
کوششوں	koːʃʃoː
کوششیں	koːʃʃeːn
کوشکان	koːʃkɑːn
کولمبیا	koːlʌmbiːjə
کولوراڈو	koːloːɾɑːɽoː
کولڈ	koːld
کولہوں	koːlə̃
کوم	koːm
کومل	koːməl
کوموروس	komuros
کون	koːn
کونج	kuːn˥˩
کوندے	kunˈde
کونر	koːnəɾ
کونسا	koːnsə
کونسل	koːnsəl
کونسلر	koːnsəlɾə
کونسی	koːnsiː
کونسے	koːnse
کونوائے	koːnuːeː
کونور	koːnʊr
کونوں	koːnõː
کونکانٹراک	koːŋkɑːnʈɑːrɑːk
کونہ	koːnə
کونے	koːneː
کونے	kɔ̞ne̞
کووئی	koːʋiː
کووں	koː̃
کوٹ	koːʈ
کوٹری	kɔːtɹiː
کوپرنیکس	koːpəɾniːk
کوپن	koːpən
کوپن	kuːpən
کوچ	koːtʃ
کوچ	kuɟ
کوچہ	kuɫtʃa
کوڈ	kɔːɽ
کوڑا	koːɽɑː
کوڑاکرٹ	koːɽɑːkɾɪt̪
کوڑوں	koːɽoːŋ
کوڑھی	koːɽʰiː
کوڑے	koːɽeː
کوڑےدان	kuɾedan
کوژیہ	koʒɪhɑ
کوک	koːk
کوکل	kuːkˈlɯ
کوہالا	koːhaɫə
کوہان	ko˥˥hɑn˥˥
کوہاٹ	koːhaːrt
کوہسار	koisɑːr
کویت	kujɪt
کویتی	koːʏtiː
کویقینی	koːiqiːni
کوینسبارو	koːɪ̃sˈbɑːro
کوےک	kojek
کيے	kiː
کَس	kəs
کَوش	kɾuːʃ
کَڑاک	kɑːk
کَھٹانا	kʰɑːnɑː
کُراک	kuɾɑk
کُرتا	kɔɾtɑ
کُش	kʊʃ
کُشتنی	kɔʃtɐniː
کُلنگ	kʏləŋ
کُونا	koɔnɑ
کُوچَک	kuːtʃɑk
کُہرا	kɔɦra
کُہسار	kʰəsɑːr
کِرائےلینا	keraːjelena
کِرم	kirm
کِرْکِرْی	kɾkɾ
کِریانہ	kɪɾiːɑːnɑː
کِس	əs
کِسکی	ɛski
کِھلے	kile
کّلی	kliː
کْھلے	kʰɽeː
کٹائی	kɐt̪aːiː
کٹار	kʈːɑːɾ
کٹوتی	kʈɔːtʃiː
کٹوری	kəʈoːriː
کٹھن	kɐtan
کٹہرا	kʈeɦɾ
کٹہرے	kʈʰeːrʌ
کٹیلا	kəʈeːla
کپتان	kəpˈt̪ɑːn
کپتانوں	kəpt̪ɑːnõː
کپولوں	kəpoːlõː
کپٹپورن	kəpʈpɔːrən
کپڑا	kəpɽɑ
کپڑوں	kəpɽõː
کپڑے	kəpɽe
کچا	kɐtʃa
کچالو	təˈtʃəloː
کچل	kɪtʃəl
کچلا	kəʧlə
کچلنے	kɪtʃlne
کچوری	kətʃoɾiː
کچھوں	kɪtʃʰõː
کچہری	kətʃʰhri
کڈ	kəɖ
کڑی	kəɽiː
کڑے	kɐɽeʔ
کھا	kʰɑː
کھاؤ	kʰɔː
کھائی	xɑi
کھائیں	χɛ̃ː
کھائیے	kʰɑːi
کھابہ	χɑːbɑː
کھاتا	xʌt̪ɑː
کھاتی	kʰɑːti
کھاتے	kʰɑːteː
کھاد	kˈɑd
کھاران	ɦɑːrɑːn
کھارک	kɑːrk
کھاری	kʰaːɾiːf
کھال	xɑːl
کھالوں	χɑːlõː
کھالیں	kʰɑːlɛː
کھالیں	xɑːlẽː
کھانا	kɑːnɑː
کھانا	kʰɑːnɑː
کھانسی	χɑːnsiː
کھانوں	χɑːnõː
کھانے	kʰɑːne
کھانے	kʰɑːnæ
کھایا	kʰɑjɑ
کھجور	χʊdʒoːr
کھجوروں	χʊdʒoːɾoːŋ
کھجوریں	χʊdʒoːrẽ
کھدرا	kudra
کھروں	χəroː
کھل	xəl
کھلا	kʰələ
کھلاؤ	xəlɑu
کھلاؤں	xəlɑ̃ː
کھلائی	kʰelɑːiː
کھلانا	klana
کھلانا	kʰəlɑːnɑː
کھلانے	klanɛ
کھلانے	xəlɑːne
کھلاڑی	xəlɑːɽiː
کھلتا	xəlˈt̪ə
کھلنے	xəlne
کھلونا	kʰɪloːnɑː
کھلونا	χʊlʊnɑ
کھلونوں	χʊlʊnõː
کھلونے	χʊlɔːne
کھلّا	χəlɑː
کھلی	kʰliː
کھلے	xɪlə
کھم	xʊm
کھمبے	kã̠mbe
کھمبے	χʌmbeː
کھو	kʰoː
کھوج	χog
کھوجیوں	χodʒijõː
کھود	χoːd
کھودتا	χoːd̪t̪ə
کھودنا	koːdnə
کھودنے	kʰoːd̪ne
کھودو	χoːdoː
کھول	xʊl
کھولا	kɔla
کھولا	kʰoːlə
کھولتا	χoːlʈə
کھولتے	χoːləte
کھولنا	kolna
کھولنا	χoːlna
کھولنی	χoːlniː
کھولنے	χoːlnɛ
کھولو	kʰoːloː
کھولوں	χoːlõː
کھولی	kʰɔ̀li
کھولیں	χoːlẽː
کھولے	kʰoːlɪ
کھولے	χoːlə
کھونا	koːna
کھونا	xʊnə
کھونے	χoːne
کھوپرا	kɔpra
کھوپڑی	χoːpɽiː
کھویا	koja
کھٹک	χʈʈk
کھٹےآم	kʰt̪eːəm
کھچڑی	kʰɪtʃɽiː
کھڑا	kʰəɽɑ
کھڑکی	khəɽkɪ
کھڑکیا	χəɽkiə
کھڑی	kʰɽiː
کھڑے	kʰɑɽe
کھیت	χeːt̪
کھیترانی	kɛːtrɑːni
کھیتوں	χeːt̪oː
کھیتی	kʰɛːti
کھیل	χeːl
کھیلا	kʰɪlɑ
کھیلتا	χeːlt̪ə
کھیلتی	χɛːlti
کھیلتے	χeːlte
کھیلنا	χɛːlnɑ
کھیلنے	χeːlnɛ
کھیلو	χeːlo
کھیلوں	χɛːloː
کھیلیں	kʰɛːlɪ̃
کھیلے	χeːle
کھینچ	χeːnʈ
کھینچا	kintʃa
کھینچتے	χɪ̃ːtʃt̪eː
کھینچنا	χeːnʈtʃnɑ
کھینچیں	χɪ̃ːtʃẽː
کھینچے	χɪ̃ːtʃe
کھےلا	χeːlə
کہ	kʰ
کہا	kʰɑ
کہانی	kʰɑːniː
کہانیاں	kɦɑːnjə
کہانیاں	kʰɑːnɪjɑ̃
کہانیوں	kʰɑːnɪjõː
کہاوت	kɑːʊt
کہاَ	kʰɑː
کہتا	kʰət̪ə
کہتے	kʰeːt̪eː
کہلانے	kʰəlɑːnə
کہلوائے	kəɦluäːjeː
کہلوانا	kɑlʋɑnɑ
کہنا	kɛːnə
کہنا	kʰənə
کہنی	kʰeːniː
کہنے	kʰeːne
کہو	koː
کہونگا	kɑːʋʊŋgə
کہوں	kʰɔ̃ː
کہيں	keː̃
کہی	kʰeː
کہیں	kɐɦẽːŋ
کہیں	kʰeːn
کہے	kʰeː
کی	kiː
کیا	kijɑ
کیا	kʰaː
کیامت	kiːəmt
کیاکریں	kiːɑːkrɪ̃
کیاہے	kijɑː
کیبل	keːbəl
کیبلز	kiːbəlz
کیبن-گینگوی	kiːbəngeːŋgoi
کیبنٹ	kiːbɛːnt
کیتھ	keːt̪ʰ
کیتھا	kɛːʰtʰɑː
کیجئے	kiːdʒeː
کیجیے	kiːdʒeː
کیرولینا	kiːroːlɪnə
کیری	kiːri
کیریئر	kiːriːr
کیس	kiːs
کیسا	kiːsə
کیسر	kʰeːsɾ
کیسل	kiːsəl
کیسی	kiːsiː
کیسے	kese
کیسے	kiːse
کیش	kiːʃ
کیشان	kʃaːn
کیفیت	kiːfiːt
کیل	keːl
کیلئے	kilje
کیلبر	kilbər
کیلنڈر	kəlndə
کیلون	kiːlɔːn
کیلی	kiːliː
کیلیفورنیا	kiːlifɔːrniːə
کیم	kim
کیمبل	kimˈbəl
کیمرا	kimɾɑ
کیمروں	kimroːn
کیمرہ	kiməra
کیمرے	kiːməɾeː
کیمز	kimz
کیمورا	kimuːrɑ
کیمونو	kimonu
کیمپ	kimpʰ
کیمپس	kimps
کیمپوں	kimpoːn
کیمڈن	kimd̪ən
کیمیکل	kimikəl
کیمیکلز	kimikəls
کین	kin
کینالونی	kinɑlʊniː
کینریز	kinɾiz
کینساس	kinsɑs
کینن	kinːn
کینٹ	kin̪t̪
کینٹالونی	kiːn̪t̪ɑːlʊniː
کینٹکی	kiːnʈkiː
کینٹین	kɪn̪t̪eːn
کینچی	kintʃi
کینڈی	kəːndiː
کینیلونی	kiːnɪloːniː
کینیڈا	kiːnɪdɑː
کیو	kiːo
کیوبا	kiːʊbɑː
کیوبا	kjuːba
کیولری	kiːuːlriː
کیون	kijon
کیونکر	kijʊnkəɾ
کیونکہ	kiunke
کیویار	kiːvaɪər
کیٹ	kiːʈ
کیٹا	kiːt̪ə
کیٹس	kiːts
کیٹلوگ	kiːʈloːg
کیٹیا	kiːʈiːə
کیپ	kiːp
کیپلر	keːplɛr
کیپٹل	keːpʈəl
کیپٹن	kiːpʈən
کیڑا	kiːɽɑː
کیڑے	kiːreː
کیڑے	kiːɽeː
کیک	kek
کیک	kiːk
کیں	kɪ̃ː
کیے	kiːe
کے	keː
کےلئے	keːliːe
گ	g
گئوشالا	goʃɑlɑ
گئی	geː
گئیں	geː
گئے	geː
گئے	gɾe
گا	gɑ
گاؤ	gˈoʊ
گاؤرو	gɑuɾu
گاؤں	gɑ̃ːo̯
گائیڈ	gɑːiːɖ
گائے	gaj
گائے	gɑːe
گابھا	gɑːbʱə
گاتے	gɑːteː
گار	gɑːr
گارسِیو	gəɾsɪjoː
گارسیو	gɑːɾsiːu
گارڈ	gɑːɾɖ
گارڈز	gɑːɾɖz
گارڈین	gɑːɾd̪ɪn
گال	gɑl
گالیاں	gaːliːɑː
گالیاں	gɑlɪɑ̃
گامبیا	ɣəmbia
گانا	gana
گانا	gɑːnɑː
گانجا	gɑːnjɑ
گانٹھ	gɑːnʈʰ
گانڈ	gãːɳɖ
گانڈ	gä̃ːɳɖ
گاوں	gˈoʊ
گاڑی	gɑːɽi
گاڑیاں	gɑɽjɑ̃
گاڑیوں	gɑːɽiːõː
گاکمینو	gɑkmiːnoː
گاکہ	gɑkə
گاگر	gɑːgər
گاہ	gɑː
گاہا	dɑːhɑː
گاہوں	gɑːɦõː
گاہکوں	gɑːɦkõː
گایا	gaja
گاۓ	gaj
گبر	gɐbr
گجرخان	gddʒrχɑn
گدا	gəd̪ə
گداگیر	gadɑːgir
گداگیری	gd̪aːgiːri
گدلا	gdla
گدھا	gʌd̪ʰɑ
گدھے	gəɖʱe
گدی	gʌd̪iː
گذارے	gzəɾe
گر	gəɾ
گرا	gəɾɑ
گراؤنڈ	gəˈɾau̯nd̪
گراتے	gɾɑːte
گرادیں	gɾɑːd̪eːn
گرافر	gʌrɑːfɪr
گرافی	gʌrɑːfi
گرام	gɾɑːm
گرام	gɾˈam
گرانے	gɾɑːnɛ
گراو	gəɾɑu
گراں	gəɾɑ̃ː
گرجہ	gəɾdʒə
گرد	gʊɾd
گرداسپور	gʊɾdɑspuɾ
گردانہ	gʊɾd̪ɑːnə
گردش	gʊɾd̪ʃ
گردی	gʊɾdi
گردے	gʊɾde
گرفتاری	gɾfˈtaːriː
گرفتاری	gʌrəft̪ɑːriː
گرل	gəɾəl
گرم	gəɾm
گرما	gəɾmɑ
گرماہٹ	gɾmɑːʱʈ
گرمی	gɐɾmiː
گرمی	gɑrmiː
گرمی	gʌɾmi
گرنا	girna
گرنٹس	gəɾn̪t̪s
گرنے	gəɾne
گروپ	gɾoːp
گروپوں	gɾoːpõː
گروہ	groː
گروہ	gɾɔ
گروی	gʁoi
گرچہ	gɾtʃe
گرڈ	gəɾɖ
گرہ	gəɾə
گرہ	gʲɪrɑ
گرہوں	gəɾɑ̃
گرہیں	gəɾhɛ̃
گری	giriː
گری	gɾiː
گریباں	gɾeːbaː
گریجویشن	gɾeːdʒoːɪʃn
گریز	gɾiːz
گریس	gɾeːs
گرین	gɾiːn
گریناڈا	gɾˈinada
گرینس	gɪɾeːns
گرینڈ	gɾæːnd̪
گرینگے	gɪɾeːŋeː
گرینیڈ	gɪɾiːnɪd
گریڈ	gɾiːɖ
گریگ	gɾiːg
گریں	gɾeɪ̃
گریہ	gɾˈia
گرے	guɾe
گرے	gɾeː
گز	geːz
گزار	gəzaːr
گزارا	gəzaːrɑː
گزارنے	gəzaːrne
گزارو	gəzaːroː
گزارے	gʌzɑːreː
گزر	gʊzər
گزرا	gʊzəɾɑ
گزراوقات	gʏ̞zʏ̞rɑqɑt
گزرتا	gezretɑ
گزرتے	gezɾte
گزرگئی	gzrgəiː
گزرگاہ	gʊzəɾgɑː
گزشتہ	gezʃt̪ə
گزین	geːzɪn
گزینوں	gəˈzɪnʊ̃
گستاخانہ	gʊ̞stɑxɑnɑ
گشت	gəʃt
گفتگو	gʊftgʊ
گلا	gəlɑ
گلاب	glɑːb
گلاب	gʊlɑːb
گلابی	gʊlɑːbiː
گلابی	ɣlɑːbi
گلاس	blas
گلانا	gælɑnɑ
گلدستہ	gʊːldstə
گلدستے	gʊld̪əsteː
گلستان	gʊlstɑːn
گلمور	gəlmoːr
گلو	gloː
گلوبند	guɫubønd
گلوری	gʊlɔːɾiː
گلوکارہ	gʊːlɔːkɑːrɑː
گلٹی	gilti
گلکار	gʊlkaːr
گلگلہ	gʏlgʏlɑ
گلہ	gələ
گلی	gəliː
گلین	gʊliːn
گلیوں	gəliːõ
گلے	glə
گم	gʊm
گمبھیر	gəmbʱiːr
گمشدہ	gʊmʃɪd̪ʰə
گمنام	gʊmnaːm
گن	gʊn
گنا	gənɑ
گنانا	ginɑːnɑː
گناہ	gənaː
گناہ	gʊnɑː
گناہگار	gənɑːɦgɑːr
گناہی	gənɑːhiː
گنتی	gyntˈiː
گنتی	gəntiː
گنجائش	gəndʒɑːʃeː
گندا	gãnˈdæ
گندا	gʌnd̪ə
گندگی	gʊŋd̪i
گندھار	gʌnd̪ʱaːɾ
گندی	gʌnd̪iː
گندے	gənde
گنوا	gəwaː
گنوانا	gɔɑnɑ
گنوانی	gʊnʋɑːni
گنڈا	gʊnd̪ɑ
گنڈالف	gʊnɖəlf
گنڈیری	gɐɳɖɛɾi
گنڈیریوں	gɐndeːɾioː
گنڈے	gʌɳɖeː
گنگنا	gəŋgənə
گنیز	gəniːz
گهاٹی	gɑːt̪iː
گهربار	gʱɐɾbaːɾ
گهٹا	gʱt̪aː
گوئی	goːi
گوالن	gʊaːləŋ
گوالیار	gʊːɑːliːəɾ
گوانا	gʊˈanɑ
گواہ	gʋɑːh
گواہوں	gʋɑːɦõː
گواہی	gʋɑːhiː
گوجرخان	gdʒɾxaːn
گود	gˈod
گودا	goːd̪ə
گودام	goːd̪əm
گورا	gora
گورباچف	gɔɾbɑtʃa
گورداسپور	gʊɾd̪ɑːspuːɾ
گورن	goːrən
گورنر	goːrner
گوروں	goːroːŋ
گورچیٹسا	goːɾtʃeːtsɑː
گورڈن	goːɾd̪ən
گورییا	goːɾijɑː
گورے	goːre
گوش	guʃ
گوشت	goʃt
گوشوں	goʃoːn
گوشہ	goˈʃa
گوفن	goːfən
گول	goːl
گول	gɔːl
گولا	gɔla
گولائی	gʊlaːˈiː
گولاباری	gʊlaːbaːriː
گولاردق	goːlɑːɾd̪əq
گولسن	goːlsən
گولَہ	gɔla
گولڈ	goːld
گولڈن	goːld̪n
گولہ	goːlə
گولی	goːli
گولیاں	goːlijɑ̃
گولیوں	goːlijõ
گومل	gumɯ̞
گومَگو	gumagu
گومڑ	goːmɽ
گونج	gˈuŋʒ
گونجنا	guːndʒiːna
گوندنی	goːndəni
گوندی	gondi
گونگا	gʊŋa
گونگے	goːŋeː
گوٹے	gote
گوگدان	gʊgˈdan
گوگل	goːgəl
گيا	gɪjɑ
گيتی	gɛːt̪i
گَرما	gəɾmə
گَوچی	gotʃi
گَچ	gatʃ
گَڈریا	gɖɾiːə
گُردہ	gʊrða
گُرز	gʊɾz
گُرِیا	ʊɾiːə
گُریز	gɹiz
گُزارش	gzɑːrʃ
گُلاب	gʊlɑːb
گُناہ	gʊnɑh
گُھلانا	gʊlɑːnə
گِرانا	girɑːnə
گِرانی	gəɾɑːniː
گِرنا	gɪrnə
گِرَی	gɾiː
گِرِیب	gɾæb
گِشاٹ	giʃɑːt
گِل	gɛl
گِننا	ginnɑ
گِھیا	gʱiːɑ
گْھس	gʱəs
گْھسنے	gʱəsne
گْھما	gʱəmə
گْھٹنے	gʱəʈne
گٹر	gʊt̪ːər
گٹھا	gʈːʰa
گٹھرا	gʈra
گپتا	gʌpt̪ə
گپتی	gupti
گپیں	gʊpẽː
گڈ	gəɖ
گڈانسک	gəɳɖə̃s
گڈاپ	gɾɑːp
گڑ	gəɽ
گڑبڑ	gəɽbəɽ
گڑھ	gəɽʱ
گڑھا	gəɽʰɑ
گڑھوال	gʱoːaːl
گڑھوالی	gəɽʱʋɑːli
گڑیا	gəɽiə
گگئی	gəgəj
گھائل	gʱɛɪl
گھات	gʱɑːt̪
گھاس	gʱɑs
گھاٹ	gʱɑːʈ
گھاٹا	gʱɑːʈk
گھاگھرا	gʱɑːgɐɾɑː
گھبرا	gʱʊrbɑː
گھبراؤ	gʱəbɾɑːo
گھبراتے	gʱəbɾɑːte
گھبرانا	gɑbrɑːnɑ
گھبرانے	gʱʊɾbɑːne
گھر	gʌɾ
گھر	gʱəɾ
گھرا	gʁə
گھرانا	gɾɑːnɑː
گھرانہ	gɑɾɑːnɑː
گھربار	gʌɾbaːr
گھربیٹھانے	kʰəɺbeːtʰɑːne
گھرلانا	gəɾlaːnɑ
گھروالوں	gʁoːlõː
گھروالی	gʱɐrwaːliː
گھروالے	gʌɾwaːle
گھروں	gʱəroː
گھرگرادیتے	gʜəɾgəɾɑːdɪt̪e
گھرگھرانا	gʰəɾgʰəɾɑːnɑ
گھریلو	gʱəɾɪloː
گھریلوساتھی	gʱɾɛːlʊːsaːt̪ʰiː
گھس	gʱəs
گھسنا	gʱəsnə
گھسنے	gʱəsnɛ
گھسپیٹھیوں	gʱəspiːt̪ʰeːõ
گھسپیٹھیی	gʱʌspiːtiː
گھسیارا	gəsjɑːrɑː
گھسیٹ	gʱəsiːt
گھسیٹا	gʱəsiːt̪a
گھلنے	gʱəlne
گھمائیں	gʌmɑ̃eː
گھماتا	gumata
گھماتا	gʱʊmɑːt̪ə
گھمایا	gʱəmɑːjɑː
گھمنڈی	gʊmɐɳɖɪ
گھنونا	gʱənʊnə
گھنٹوں	gʱəɳʈoːn
گھنٹہ	g⁽ʱ⁾ɜːnʈɑː
گھنٹی	gʱaɳtiː˨
گھنٹی	gʱəɳʈiː
گھنٹیاں	gʱəɳʈiɑ̃
گھنٹے	gʱəɳʈe
گھنگھورگھٹا	gʱəŋgoːɾgʱʈaː
گھنے	gʱɐnːeː
گھور	gʊɾ
گھورتے	gʊɾt̪e
گھوسٹ	gʊsʈ
گھوم	gʊm
گھومتا	gʊmˈt̪a
گھومتی	gʊmti
گھومتے	gʊmeːte
گھومنا	gʊmnə
گھومنے	gʊmne
گھومے	gʊmeː
گھونٹنا	gʊnʈnə
گھونپنے	gʊn̪pne
گھوٹنوں	gʊʈʈoːn
گھوڑا	gʊɽɑ
گھوڑاگلی	ʋɦoːɽäːgɐliː
گھوڑوں	gʊɽoːɳ
گھوڑی	gʊɽi
گھوڑے	gʊɽe
گھَٹ	gʱɑːt̪
گھٹ	gʌʈ
گھٹاتے	gʰʈaːt̪e
گھٹاٹوپ	gʱt̪aːɹt̪oːp
گھٹتی	gʱʈʈiː
گھٹنوں	gʌʈnõː
گھٹنے	gʱʈəne
گھٹیا	gʌʈʲɑ
گھڑ	gʌɽ
گھڑسوار	gʌɽs̪ʋaːɾ
گھڑی	gʱəɽiː
گھڑی	gʱɽiː
گھڑیال	gʱɐɾɪ̞ɑːl
گھیر	gʱiːr
گہرا	gəɦɾə
گہرائیوں	gəɦɑɾɑːjoː
گہراغور	ghɾɑɣaːr
گہری	ghriː
گہری	gəhriː
گہرے	ghre
گہرے	gəɽe
گہما	gəhmɑ
گہنا	gɦna
گی	gi
گیئر	gɪːɾ
گیا	gɪjɑ
گیارہ	gɪɑːɾɑː
گیاہ	gijˈe
گیت	giːt̪
گیر	giːr
گیراج	giːrɑːdʒ
گیس	gɪs
گیلا	gɪlɑ
گیلے	gɪle
گیم	geːm
گیمبیا	gɛmbia
گیمز	giːmz
گیند	geːn
گیند	gɪnd
گیندا	giːnda
گیندوں	gɪnd̪oːn
گینی	gili
گیٹ	gɪt̪
گیٹس	gɪt̪s
گیکس	gɪkʰs
گے	geː
ں	ŋ
ںہیں	ŋeɪ̯
ھ	h
ھا	hˈo
ھائے	ɦɑːe
ھاتھ	hɑːt
ھار	pɑːr
ھار	ɦɑːr
ھارإ	ɦɑːr
ھاری	hariː
ھاضمہ	ɦɑzmɑ
ھامی	ɦɑmiː
ھانڈا	pɑnda
ھاں	ɦɑ̃
ھاںسی	ɦɑ̃ːsiː
ھجرت	ɯdʒɯrɯt
ھدف	ɦɪd̪f
ھرج	həɾdʒ
ھرجانہ	aːrdʒaːna
ھزاری	ɦʊzɑːɾiː
ھشتم	aʃtɯm
ھلانا	ɪ̞ɾɑːnɑ
ھم	hæm
ھمارا	mɑːrə
ھماری	ɦɑmɑːɾiː
ھمراز	ɦəmɾɑːs
ھمممم	ɦʊmˈmʊm
ھنسی	həˈsiː
ھنوز	ɦanuz
ھنگامہ	aŋgaːma
ھو	ho
ھوئی	hoeː
ھوش	ʃoʃ
ھوشیارہونا	koːʃiːɑːrhoːnɑː
ھول	pɔl
ھونا	ɦoɾna
ھوک	uk
ھوگا	ɦoːgə
ھِکلانا	ɦɛklɑːnɑː
ھکلانا	aklana
ھہ	ɦe
ھہا	ɦɑ
ھہج	heːdʒ
ھہعµéہ	ɦɛɑː
ھیرا	pʲiːraː
ھینی	hiːniː
ھیولا	ɦɛɔɫɑ
ھیپاتيا	ɦiːpətɪə
ھیپاتیا	ɦeːpaːtiːə
ھیچ	ɾiːtʃ
ھیک	hˈik
ھیں	ɦẽː
ھیںچ	ɦeːntʃ
ھیںچتی	ɦeːntʃʰiːt̪iː
ھیںچو	ɦeːntʃoː
ھیںچیں	ɦeːntʃeːn
ہ	ə
ہµµ	ɦɪɳ
ہâ	ɑː
ہâب	ɦɑːb
ہâبù	ɦɑːbʊ
ہâہ	ɦɑː
ہû	ɦuː
ہûہا	ɦuːɦɑː
ہü	ə
ہüءِ	ɦuː
ہüاô	ɦuɑː
ہüاط	ɦuːɑːt̪
ہüاطءض	ɦuɑːt̪ɑd̪
ہüب	ɦʊb
ہء	ə
ہءِ	ə
ہءْ	ə
ہؤا	ɦoːə
ہؤں	ɦoː̃
ہإ	ə
ہا	ɦɑː
ہاؤس	ɦɑus
ہاؤسنگ	ɦɑusɪŋ
ہائی	ɦɑi
ہائے	ɦɑːe
ہاتھ	hɑːt
ہاتھ	ɦɑːt̪ʰ
ہاتھوں	ɦɑːt̪ʰoːn
ہار	ɦɑːr
ہاربر	ɦɑːrˈbər
ہارنے	ɦɑːrnɛ
ہارپون	ɦɑːɾpuːn
ہارڈ	ɦɑːɾɖ
ہارڈویئر	ɦɑːɾd̪ʋiəɾ
ہارے	ɦɑːre
ہاسپٹل	ɦɑːspt̪əl
ہاف	ɦɑːf
ہال	ɦɑːl
ہالہ	ɦala
ہالہ	ɦɑːlɑː
ہالی	ɦɑːliː
ہالینڈ	ɦɑːlɪ̃ːd̪
ہامی	ɒnˈiː
ہامیوں	ɦɑːmijõː
ہان	ɦɑːn
ہانک	ɦɑ̃k
ہانگ	ɦɑːŋ
ہاورڈ	ɦɑːʊɾd̪
ہاول	ɦɑuːl
ہاٹ	hɑːt
ہاٹ	ɦɑːt̪
ہاپ	ɦɑːp
ہاک	ɦɑːk
ہاکنگ	ɦɑːkɪŋ
ہاکی	paki
ہاں	ɦɑ̃ː
ہاںفتے	ɦɑ̃ːfeːt̪eː
ہاہ	ɦɑː
ہای	ɦɑːj
ہتکڑی	ɦʊt̪kɾiː
ہتھوڑا	ɦʈʰoːɽə
ہتھکنڈے	ɦɑt̪ʰkɐɳɖe
ہتھیار	ɦətʰiɑːr
ہتھیاروں	ɦʈʰiɑːɾõː
ہج	ɦeːdʒ
ہجء	ɦɪɟ
ہجءز	ɦɪdʒeːz
ہجآتہ	ɦədʒɑːt̪ə
ہجؤ	ɦɪdʒoː
ہجإ	ɦɪdʒ
ہجاطاد	ɦəjɑːt̪ɑːd̪
ہجاطاص	ɦəjɑːt̪ɑːs̪
ہجاطاك	ɦəˈdʒɑːt̪ɑk
ہجبؤ	ɦɪbɔː
ہخ	ɦɪk
ہخµéہج	ɦəkʌɦɪ
ہخء	ɦɪkʰ
ہخاد	ɦəxɑːd
ہد	ɦɛd
ہدآë	ɦɛːdɑː
ہدآï	ɦɛːdɑː
ہدایات	ɦɛːdɑːjɑːt̪
ہدف	ɦɛd̪f
ہدہ	ɦɛːd̪ə
ہدہج	ɦɛɖɦɛdʒ
ہدہخءِ	ɦɛd̪ɦɛ
ہدہد	ɦɛɖɦɛɖ
ہذ	ɦɪz
ہر	ɦəɾ
ہرا	ɦəɾɑ
ہرب	ɦəɾb
ہرروز	həɾɾuz
ہرغمال	ɦəɾgəˈmɑl
ہرمال	ɦrmaːn
ہرن	eɾãn
ہرن	ɦəɾn
ہرنی	ɦəɾni
ہرنی	ɦɾˈniː
ہرٹج	ɦəɾt̪dʒ
ہرچہ	hɒɾtʃi
ہرڈ	ɦəɾɖ
ہرکارے	ɦəɾkɑːɾe
ہریالی	ɦɾiːjɑːliː
ہریانہ	ɦɾəjɑnɑ
ہز	ɦeːz
ہزار	ɦɑzɑr
ہستی	ɦəst̪iː
ہسپانوی	ɦəspɑːnʋiː
ہسپتالوں	ɦəspətɑːlõː
ہسہ	ɦəsə
ہش	ɦɪʃ
ہض	ɦɪdʒ
ہضہ	ɦəɖə
ہط	ɦʊt̪
ہع	ɦeː
ہعµç	ɦɛːʈ
ہغہ	ɦəɣə
ہـ	ə
ہف	ɦəf
ہفتہ	ɦʊftə
ہفتے	ɦʊfte
ہلا	ɦələ
ہلائی	ɦlɑːɦɛ
ہلاتا	ɦəlaːtə
ہلاکتیں	ɦɛlɑːkt̪ɪ̃
ہلدا	aɫdɑ
ہلدی	ɦɛldiː
ہلنا	ɦəlnə
ہلچل	ɦəltʃəl
ہلکا	ɦəlkə
ہلکورا	aːlkoːraː
ہلکے	ɦəlkɛ
ہلکے	ɦɪlkɛ
ہلہ	ɦəlɑ
ہلے	ɦələ
ہم	hæm
ہم	çɑm
ہم	ɦəm
ہمار	ɦəˈmɑːr
ہماری	ɦəmɑːriː
ہماری	ɦəmɑːɾiː
ہمارے	ɦɑmɑːre
ہمارے	ɦəˈmaːre
ہمدرد	ɦəmd̪əɾd̪
ہمدردوں	ɦməd̪rəd̪oːn
ہمدردی	ɦʊmd̪əɾd̪iː
ہمراز	ɦɒːmraːs
ہمس	ɦəms
ہمسائی	ɦɑmsɑːiː
ہمسایہ	amsaːja
ہمسایے	ɦɛmsaːjeː
ہمشوےت	ɦəmʃoeːt
ہمم	ɦʊm
ہممم	hʌmmʌ
ہمممم	hɪmɪmɪm
ہموار	ɦəmˈwaːr
ہمہے	hʌmæ
ہمیشگی	ɦəmiʃgiː
ہمیشہ	ɦəmiʃə
ہمیں	ɦeːmẽː
ہند	en
ہند	ɦɪnd
ہنس	ɦəns
ہنستے	ɦənst̪eː
ہنسلی	ɦənsli
ہنسنا	ɦənsnə
ہنسی	ɦənsi
ہنگاری	əngri
ہنگامہ	ɦəŋɑːmə
ہنگامی	ɦəŋɑːmi
ہنگامے	ɦəŋɑːme
ہنگرین	ɦəŋreːn
ہنگول	aŋgoːl
ہه	he
ہهؤ	heʊ
ہهاز	heːz
ہو	ɦoː
ہوئی	ɦoːi
ہوئے	ɦoeː
ہوا	həʋɑː
ہوا	ɦʋɑ
ہواء	ɦʋɑː
ہوائی	ɦoɑi
ہوائی	ɦɑːʋɑːiː
ہواتھا	ɦʋɑːt̪ʰɑː
ہوادار	holaːdaɾ
ہوتا	ɦoːt̪ə
ہوتم	ɦoːt̪m
ہوتی	oti
ہوتی	ɦoːt̪iː
ہوتیں	ɦoːt̪eːn
ہوتے	ɦoːt̪eː
ہوج	hoʊdʒ
ہوجا	ɦoʊdʒɑ
ہوجاؤ	ɦoːdʒɑːʊ
ہوجاؤگے	ɦoːdʒɑːugeː
ہوجائیں	ɦoːdʒɑːẽː
ہوجائے	ɦoːdʒɑːe
ہوجاتے	ɦoːʔɑːteː
ہوجانا	ɦoːdʒɑːnɑː
ہوجانے	ɦoʊdʒɑːne
ہوجاو	ɦoːdʒɑːʋ
ہورہا	ɦoːɾɑː
ہوسٹنگ	ɦoːst̪ɪŋ
ہوسکا	ɦoːskə
ہوسکتا	ɦoːskət̪ə
ہوسکتی	ɦoːskʈi
ہوسکتے	ɦoːskət̪eː
ہوسکے	ɦoːskeː
ہوش	hoʃ
ہوشی	hoːʃi
ہوشیار	hoːʃjaːr
ہوشیارہونا	hoʃjɑːrhonɯm
ہوشیاری	koʃiːɑːriː
ہول	ɦoːl
ہول	ɦɒl
ہولدار	ɦoːld̪əɾ
ہولناک	ɦoːlnɑk
ہولناکی	χoːlnəkiː
ہولناکیوں	ɦoːlnɑːkiːõ
ہولڈ	ɦoːlɪd
ہولی	hoˈli
ہوم	ɦoːm
ہون	ɦoːn
ہونا	ɦoːnə
ہوندوراس	honduras
ہونٹ	ɦoːnʈ
ہونگی	ɦoŋgi
ہونگے	ɦoːŋeː
ہونی	ɦoːniː
ہونے	honi
ہونے	ɦoːne
ہوور	ɦoːr
ہوٹل	ɦoːʈəl
ہوٹلوں	ɦoːt̪lõː
ہوچکا	ɦoːtʃkɑː
ہوچکے	ɦoːtʃkeː
ہوک	ɦrʊk
ہوکا	pɔːkɑ
ہوکر	ɦoːkəɾ
ہوگئی	hoːgeː
ہوگئے	ɦoːgeː
ہوگا	ɦoːgə
ہوگو	hoːgoː
ہوگی	hoːgi
ہوگیا	ɦoːgiə
ہوگیاہے	hoːgiɑːe
ہوگے	ɦoːgeː
ہوںگے	ɦoːŋeː
ہيں	ɦeː̃
ہَاں	hɑ̃
ہَل	hæl
ہَٹانا	ɦt̪aːnɑː
ہُوا	ɑuɑ
ہِل	ɦɪl
ہِندوستانی	ɦɛndɔstɑːniː
ہْ	ə
ہْµé	ə
ہْµéہ	ɦɪˈɾɑː
ہْآتہ	ɦɑːt̪ə
ہْارإ	ɦɑːr
ہٹ	ɦɑʈ
ہٹ	ɦʈ
ہٹا	ɦəʈə
ہٹاؤ	ɦʈɑːʊ
ہٹاؤیار	ataujak
ہٹائی	ɦʈɑi
ہٹاو	ɦʈɑʋ
ہٹتی	ɦəʈːi
ہٹلر	ɦʈlɪr
ہٹو	ɦʈo
ہپ	ɦp
ہڈ	ɦəɖ
ہڑتال	ɦɑːtɑːl
ہڑتال	ɦəɽt̪ɑːl
ہڑپ	ɦəɽp
ہڑپہ	aɺːpa
ہکا	ɦəˈkɑ
ہکس	ɦɪks̪
ہں	ə̃
ہںس	ɦə̃s
ہںسنا	ɦənsnə
ہہ	ɦə
ہی	hi
ہیئتی	hejti
ہیتھرو	ɦeːt̪ʰroː
ہیج	ɦeːdʒ
ہیجان	ɦædʒɑːn
ہیر	heːr
ہیرا	heːra
ہیرس	heːrs
ہیرو	ɦiːroː
ہیروشیما	ɦiːroːʃiːmə
ہیری	ɦiːriː
ہیریسن	heːrɪsən
ہیرے	heːre
ہیز	ɦeːz
ہیسٹینگر	ɦeːst̪eːŋgəɾ
ہیش	heːʃ
ہیل	heːl
ہیلس	ɦeɪls
ہیلمیٹ	ɦiːləmeːt
ہیلو	heːloː
ہیلو	hɛlo
ہیلی	ɦiːliː
ہیلینا	heːlɪnɑ
ہیملٹن	ɦɪməlʈən
ہیمپشائر	ɦeːmpʃɛːɾ
ہین	hein
ہینری	henriː
ہینز	heːnz
ہینڈل	ɦeːndəl
ہینک	hein̪k
ہینگر	ɦeːŋgər
ہیوسٹن	ɦeːosːt̪ən
ہیومن	ɦeːmən
ہیون	ɦeːoːn
ہیوگو	ɦeːugoː
ہیٹ	ɦeːt̪
ہیپا	hiːpə
ہیچ	hiːtʃ
ہیڈ	ɦeːd
ہیڈلائٹس	ɦeːd̪lɑɪ̯t̪s
ہیڈن	ɦeːɖən
ہیک	ɦeːk
ہیکر	ɦeːkəɾ
ہیکرز	ɦeːkəɾs
ہیکروں	ɦeːkəroː
ہیکل	ɦeːkəl
ہیکنگ	ɦeːkɪŋ
ہیکٹر	ɦɪkʈəɾ
ہیگ	ɦeːg
ہیگن	ɦiːgən
ہیں	hej
ہیں	hæn
ہیں	əɪ̯n
ہیںاورکس	ɦẽːoːrkʰɑs
ہیہں	ɦiː
ہے	hæ
ہے	ə
ہے	ɦeː
یا	ja
یا	jɑ
یابس	jɑːbɪs
یابی	jaːbi
یاترا	jɑkɾɑ
یاترہ	jaːt̪əɾə
یاتنا	jaːt̪nə
یاتھ	jaːt̪ʰ
یاد	jɑːd
یاداشت	jadɑːst
یاداشت	jɑːd̪ɑːʃt̪
یاددھانی	jɑːd̪iːhɑːniː
یادفرمائی	jɑːdfəɾmɑːiː
یادماضی	jɑːdmaːziː
یادوں	jɑːdõː
یادگار	jaːd̪gɑr
یادگار	jɑːdgaːr
یادگاری	jɑːgɑːriː
یادیں	jaːd̪eːn
یار	jɑːr
یارباش	jɑːrbaːʃ
یارو	jɐroː
یارک	jɑːɾk
یاسمین	jɑːsmiːn
یاسمین	ʝˈɑːsmiːn
یانترک	jaːn̪t̪əɾk̪
یاوری	jɑ̃urɪ
یاوہ	jɑbɑ
یاہو	jɑhuː
یاہو	jɑːho
یتیم	jatiːm
یتیم	jiːt̪ɪm
یرغمال	ɪrgʱəmal
یرغمالی	ɪrɣəmiˈli
یرغمالیوں	ɪɾgʱəmaːlijõː
یشوع	iːʃoʊ
یعقوبی	jaːquːbiː
یعنی	jɒːniː
یعنی	ɛn
یقین	ɪqɪn
یقینا	ɪqɪnɑ
یقیناً	ɪqɪnɑ̃
یقینی	ɪqɪniː
یكتا	akta
یلئڈی	ɪlæɖi
یلغار	ilgɑːr
یلگن	ilgən
یلی	ɪljə
یما	jɪmɑ
یملی	ɪmli
یمین	ɪmɪn
یمین	ʝæmɪn
ین	jɪn
ینا	iːnɑː
ینگسٹن	ɪŋgɪst̪ən
یه	jeː
یو	joː
یوحنا	jɔhɑnɑ
یوراج	jʊɾɑːdʒ
یورپ	jɔːrp
یورپی	joːrpiː
یورینیئم	jʊɾeniəm
یوسف	jʊsəf
یولن	joːlən
یوم	jom
یونائٹڈ	joːnɑːɪt̪ːeːd̪
یونائیٹڈ	jʊnɑːʔiːt̪ːeːd̪
یونانی	jʊnɑːni
یونٹ	jʊ̃ːɳʈ
یونٹس	jʊnʈs
یونین	jʊnɪn
یونیورسٹی	jʊnɪvɛrsɪtɪ
یووتی	joːti
یوٹوپیا	joːtoːpiːə
یوٹیوب	joːtiːb
یوپی	jʊpi
یوں	jõː
یُونان	juːnɔːn
یک	jɑk
یک	ɪk
یکتا	jakta
یکسل	ɪksəl
یکطرفہ	ɪkt̪əɾfə
یکم	ɪkm
یگانہ	agɑnɑ
یں	ə̃
یہ	jeː
یہ	jˈɛ
یہ1742	jeː
یہان	jɑːn
یہاں	jɑ̃
یہسان	jeːsɑːn
یہود	jeːoːd
یہودی	jeːʊdiː
یہودیوں	jeːʊdijoː
یہوواہ	jɑːʋɑːh
یہيں	jɛ̃
یہی	jɑhɪ
یہیں	jeː
یہیں	jĕai
ے	ə
ےدے	ɛːdeː
۔	ʔ
۱	k
۵۲بیس	beːs
‏بامیان	bamjɑn
ﻧﺴل	al
