"бацькаўшчына"	batsʲkau̯ʂtʂɨna
aмялушка	amjaɫuʂka
i	i˥˩
а	a
аб	ab
аб'едзены	abjedzʲeɫɨ
аб'ежчык	abjeʂtʂɨ
аб'езд	abjɛst
аб'ект	abjekt
аб'ектаў	abjektau̯
аб'екты	abjektɨ
аб'ектыў	abxʲektɨw
аб'ектыўны	abjjektɨu̯nɨ
аб'ехаць	abjexatsʲ
аб'явіць	abjavʲitsʲ
аб'яднанне	abjatnannʲe
аб'яднання	abjatnannʲa
аб'язджае	abjaʐdʐaje
аб'язджаем	abjaʐdʐajem
аб'язджаеце	abjaʐdʐajetsʲe
аб'язджаеш	abjaʐdʐajeʂ
аб'язджаць	abjaʐdʐatsʲ
аб'язджаю	abjaʐdʐaju
аб'яўленне	abjau̯lʲenʲːe
аб'яўляць	abjau̯lʲatsʲ
аб'ём	abjom
аб'ёма	abjoma
аб'ёмам	abjomam
аб'ёмамі	abjomamʲi
аб'ёмах	abjomax
аб'ёмаў	abjomau̯
аб'ёме	abjomʲe
аб'ёмна	obʲomna
аб'ёмнага	abʲomnaɣa
аб'ёму	abjomu
аб'ёмы	abjomɨ
аб'інець	abɣʲinʲetsʲ
аба	aba
абабіцца	ababʲitstsa
абабіць	ababʲitsʲ
абавязак	abajvjazak
абавязак	abavjaza
абавязак	abavʲazak
абавязана	abavjazana
абавязаны	apavjazanɨ
абавязацельства	abavʲazatsʲelʲstva
абавязаў	abavjazau
абавязвацца	abavjatsvatsːo
абавязваць	abavjatsvatsʲ
абавязковае	abavjaskovɨʲa
абавязковасьць	abavjazkovaztsʲ
абавязковы	abavʲaskovɨ
абавязкі	abavjaskʲi
абавітая	abavitaja
абагачэнне	abaɣatʂɨnnʲa
абагаўленьне	abaɣau̯lʲennʲe
абагаўляць	abɨɣau̯lʲatsʲ
абагналі	abaɣnaɫʲi
абагнаць	abagnatsʲ
абагрэць	abaxrɛtsʲ
абагульненні	aboɣuɫʲnʲennʲe
абагульненьне	aboɣuɫʲnʲennʲe
абагульняць	abaɣulʲnʲatsʲ
абагульніць	abaɣulʲnʲitsʲ
абадралі	abadralʲi
абадраньне	abadranʲːe
абажур	abaʐur
абазначаны	abaznatʂanu
абазначаць	aboznatʂajutsʲ
абазначэнні	abaznatʂɛnnʲi
абазначэньне	aboznatʂɛnnʲe
абак	abak
абакуленьне	abokulʲennʲe
абакульвацца	abakulʲvatsːo
абакуліцца	abakulʲitsːa
абакуліць	abakulʲitsʲ
абалона	abaɫona
абалонка	abaɫonka
абалонкі	abalonkʲi
абалоны	aboɫonɨ
абама	abama
абамлела	abamlʲeɫa
абамленьне	abamlʲennʲe
абамлець	abɨmlʲetsʲ
абанемент	abanʲemʲent
абапал	abapau̯
абапал	abapaɫ
абапольна	abapolʲna
абапіраецца	abapjiraʲetstsa
абапірацца	abapʲiratsːa
абараначак	abaranatsak
абаранкі	abarankʲi
абараняецца	abaranʲaʲetstsa
абараняцца	abaranʲatsːa
абараняцца	oboronʲatsːa
абараняць	abaranʲatsʲ
абараніцца	abaranʲitstsa
абараніць	abaranʲitsʲ
абарачацца	abaratʂatsːa
абарачэння	abarotʂɛnnʲa
абарона	abarona
абаронена	abaronʲana
абаронка	abaronka
абароннага	abaronnaɣa
абаронны	ɑbaronnɨ
абарону	abaronu
абаронцы	aparontsɨ
абарончую	abarontʂuju
абарончым	abarontʂɨm
абарончыя	abarontʂɨʲa
абароны	abaronɨ
абарот	abarot
абаротных	abarotnɨx
абароту	abarotu
абат	abat
абатыса	abatɨsa
абацтва	abatstva
абач	abatʃ
аббегчы	abʲextʂɨ
аббрахаваць	abraxavatsʲ
аббягаць	abbʲaɣatsʲ
аббізуніць	abbʲizunʲitsʲ
абвадныя	abvadnɨja
абвал	ˈabvˈɑɫ
абвальваючы	abvaɫʲvaʲutʂɨ
абваліцца	abvalʲitstsa
абвастраюцца	abvastraʲetsːo
абвергнуць	abvʲerxnutsʲ
абверчаных	abvjertʂanɨx
абвестка	ˈabvˈestka
абвешчана	abvʲeʂtʂana
абвозіць	abvozʲitsʲ
абвугляроджванне	advuxlʲarodʂvanʲːe
абвыклы	apvɨklɨ
абвыкнуць	apʐɨknutsʲ
абвяла	abvjala
абвянчаць	abvintʂatsʲ
абвяшчаць	abvʲaʂtʂatsʲ
абвяшчэння	obvjaʂtʂɛnnʲa
абвінавальны	abvʲinavaɫʲnɨ
абвінавальнік	abvinavoɫʲnʲig
абвінаваціць	abvʲinavatsʲitsʲ
абвінавачаная	abvʲinavatʂanaja
абвінавачаны	abvʲinavatʂanɨ
абвінавачваць	abvʲinavatʂvatsʲ
абвінаньне	abvʲinannʲe
абвінацца	abvinatsːa
абвінуты	abvʲinutɨ
абвінуцца	apvˈinutstsʌ
абвісаць	abvisatsʲ
абвіслы	abviesɫɨ
абвіхнуцца	abvʲixnutsːa
абгабляваны	abxablʲavonɨ
абгаварыць	abɣavarɨtsʲ
абгавор	abɣavor
абгаворвацца	abxovorvatsːo
абгаворваць	abɣavorvatsʲ
абгаленьне	abɣalʲennʲe
абгалець	abɨɣolʲetsʲ
абганіць	abɣanʲitsʲ
абгароджваць	apɣarotʂɨvatsʲ
абгледжваць	abɨɣlʲedʂvatsʲ
абгледзець	abɨɣlʲedzʲetsʲ
абгляданьне	abɣlʲadannʲe
абгойсаць	abɣojsatsʲ
абголены	abɣvolʲenɨ
абгрызьці	abɣrɛsʲtsʲi
абдараваць	abdaraɫotsʲ
абдараваць	abdarovatsʲ
абдзіркі	abdzʲirkʲi
абдулы	abduɫɪ
абдуманасьць	abdumanasʲtsʲ
абдумаць	abdumaʲtsʲ
абдумваць	abdumvatsʲ
абдурыць	abturɨʲtsʲ
абдымаць	abdɨmatsʲ
абдымкам	abdɨmkam
абед	abʲet
абедам	abʲedam
абедаць	abʲedatsʲ
абедаў	abʲedau̯
абедзве	abʲedzʲvʲe
абедзвюм	abʲedzʲvʲum
абедзвюма	abedzvuma
абедзвюма	abʲedzʲvʲuma
абедзвюх	abʲedzʲvux
абедзвюх	abʲedzʲvʲux
абедзе	abʲedzʲe
абеду	abʲedu
абезгалоўліванне	abʲezgaɫou̯lʲivanʲːe
абеззаражаны	abʲesaraʐanɨ
абезнадзеены	abʲeznadsʲejanɨ
абезнадзейваць	abʲezˈnʲadzʲejvatsʲ
абезнадзеіцца	abʲeznadzʲeʲetsːa
абеліск	abɛliz
аберуч	abʲerutsʲ
аберуч	abʲerutʂ
абея	abjejɐ
абжаліць	abzalʲitsʲ
абжор	abʂor
абкарнаць	apkɐrnatsʲ
абклалі	apgɫaɫʲi
абкласьці	apkɫasˈtsʰi
абкрасьляць	abkroslʲatsʲ
абкружаны	abkruʐanɨ
абкружаў	abkruʐaw
абкружваць	obkruʐvatsʲ
абкрывавіць	abkrɨvavʲitsʲ
абкрывяніць	abkrɨvjanʲitsʲ
абкрэсьліць	apkrɛsɫʲitsʲ
абкутаць	apkɫtatsʲ
абкітаваць	abkʲidavatsʲ
абкітоўваць	apkʲidou̯vatsʲ
абкітоўка	abkʲidou̯ka
абкітоўка	apkʲitou̯ka
аблавах	abɫavax
аблавухі	abɫavuxi
аблам	ˈabɫam
аблапіць	apɫapʲitsʲ
абласны	obɫasnɨ
абласным	abɫasnɨm
абласныя	abɫosnɨja
аблашчаная	abɫaʂtanaja
аблашчыць	abɫastʃɨtsʲ
аблаю	abɫaju
абледзянелы	ablʲatzʲanʲeɫɨ
аблога	abɫoɣa
аблогаваць	abɫogavatsʲ
аблогавы	abɫoxavɨ
абложны	abɫowʐnɨ
аблокі	abɫokʲi
аблом	abɫom
абломам	abɫomam
абломку	abɫomku
абломкі	abɫomkʲi
аблузаць	aboɫuzotsʲ
аблузгаць	abɭuzɣatsʲ
аблупіць	abɫupʲitsʲ
аблушчаны	abɫoʂtʂanɨ
аблыжны	ablɨʐnɨ
аблысець	abɫusʲetsʲ
аблытаць	ablɨtatsʲ
аблюбіць	ablʲubʲitsʲ
абляганьне	ablʲaɣanʲːe
аблямоўка	ablʲamwou̯ka
аблямчыцца	ablʲamːtʂɨtsːo
аблямчыць	ablʲamtsɨtsʲ
аблівацца	oblʲivatsːa
аблізацца	ablʲizatsːa
аблізаць	abɫʲizotsʲ
аблізнуцца	abɫʲiznutsːa
аблізнуць	ablʲiznutsʲ
аблік	aplʲig
аблілі	ablil
аблінаваць	ablʲinavatsʲ
аблінаць	ablʲinatsʲ
аблінованы	ablʲinovonɨ
абліноўваць	ablʲinou̯vatsʲ
абліта	ablʲita
абліты	abɫʲitɨ
абліцца	abɫʲitsːa
абліць	abɫʲitsʲ
аблічаны	ablʲitʂanɨ
аблічваньне	obɫʲitʂvannʲe
аблічвацца	ablʲitʂvatsːo
аблічваць	ablʲitʂvatsʲ
аблічка	ablitʃka
аблічка	abɫʲitʃka
аблічча	ablʲitʂa
аблічча	ablʲitʂːa
аблічыцца	abɫʲitʂɨtsːo
аблічыць	abɫʲitʂɨtsʲ
абмалот	abmɐɫˈot
абмалотка	abmɐɫˈotka
абмасольвацца	abmosolʲvatsːo
абмасоліцца	abmasolʲitstsa
абмасоліцца	abmasolʲitsːa
абмасоліць	abmasolʲitsʲ
абмах	apma
абмахнуць	abmˈaxnˈutsʌ
абмежаванасць	otmʲaʂovanastsʲ
абмежаваная	abmʲeʐavanaʲa
абмежаванні	obmʲeʐavannʲi
абмежаваны	abmʲiʐavanɨ
абмежаваньне	abmʲaʐavannʲe
абмежаваньне	abmʲeʐavannʲe
абмежаваць	ablʲaʐavotsʲ
абмен	obmʲen
абмена	abmʲena
абменны	abmʲennɨ
абменныя	abmɛnnɨja
абменнік	abmʲennʲig
абмену	abmʲenu
абмеркаваны	abmɛrkavanɨ
абмеркаваньне	abmʲerkavanːʲe
абмеркаваць	abmerkavatsʲ
абмеркаваць	abmʲerkavatsʲ
абмерыць	abmerɨtsʲ
абмовіць	abmovʲitsʲ
абмыла	abmɨɫa
абмыляцца	admɨlʲatsːo
абмыліцца	abmɨɫʲitsːa
абмяклы	obmjatɫɨ
абмяркоўвае	abmʲarkou̯voʲe
абмяркоўвалі	abmjarkou̯valʲi
абмяркоўвацца	abmjarkou̯vatsːa
абмяркоўваць	abmʲarkou̯vatsʲ
абмяркую	abmʲarkuʲu
абмін	apmˈin
абмінаць	apminatsʲ
абмінуты	apmʲinutɨ
абнавіцца	apnavʲitstsa
абнавіць	abnavʲitsʲ
абнадзеіцца	abnadzʲeʲetsːa
абначаваць	obnadʐavotsʲ
абнова	abnava
абносіць	abnosʲitsʲ
абноч	abnˈotʃ
абняла	abnʲaɫa
абняслава	abnʲasɫava
абняць	obnʲatsʲ
абняў	abnʲau
абнімаць	abnʲimatsʲ
абнімі	abnʲimʲi
або	abo
абодва	abodva
абодвум	abodvum
абодвума	abodvuma
абодвух	abodvux
абое	aboje
абоз	aboz
абойма	apɔjma
абора	abora
аборак	aboɾak
аборт	abort
аборына	apvorɨna
абочыны	abotʂɨnɨ
абпальваць	apːalʲvatsʲ
абпарыць	aparɨtsʲ
абплямлены	abplʲamlʲene
абплямлівацца	abplʲamɫʲivatsːo
абпляміцца	aplʲamʲitsːa
абпляскаць	apːlʲaskatsʲ
абпэцканы	apɛtskanɨ
абпэцкацца	apɛtskatsːa
абрад	abraːt
абрад	aprad
абрадавыя	abradavɨja
абрадзе	abradzʲe
абрады	abradɨ
абраз	abraz
абраз	abɾas
абраза	abraːza
абразанне	abrazanʲːe
абразлівага	abrazʲlʲivaɣa
абразлівае	abrazʲlʲivaje
абразлівы	abrazʲlʲivɨ
абразьліва	abrazlʲiva
абразьлівы	abrazɫʲivɨ
абразік	abraʒik
абразіньне	abrazʲinʲːe
абралі	abraɫʲi
абранніца	abranːʲitsa
абраны	obranɨ
абраць	abrɑtsʲ
абраць	obratsʲ
абраў	abrau
аброжак	abroʐak
аброс	abros
абрус	abrus
абруса	abrusa
абрусы	abrusɨ
абруч	abrutʂ
абручом	abrutʂom
абручы	abrutʂɨ
абрывам	abrɨvom
абрыву	abrɨvu
абрывы	abrɨvɨ
абрывістых	abrɨvʲistɨx
абрывістыя	abrɨvʲiʂdɨja
абрыдлы	abrɨjɫɨ
абрыдлі	abrɨdlʲi
абрыдлівы	abrɨdlʲivɨ
абрыкос	abrɨkol
абрынуць	abrɨnutsʲ
абрыс	abrɨs
абрысы	abrɨsɨ
абрэвіятура	abrɛvʲijatura
абрэзам	abrɛzam
абсалютны	apsalʲutnɨ
абсалютыст	apsalʲutɨst
абсент	apsʲent
абскардзіць	apskardzʲitsʲ
абслізганы	apsɫʲizɣanɨ
абсталяваны	apstalʲavanɨ
абстаіць	apstajitsʲ
абстрактны	apstraktnɨ
абстрактныя	abstraktnɨja
абстраляць	apstralʲatsʲ
абстрэл	apstrɛl
абстрэлы	abstrɛɫɨ
абстрэльваць	apstrɛlʲvatsʲ
абсурдам	apsurdam
абсцэс	apstsɛs
абсяг	apsja˥˩
абтрасаўся	abtrassau̯sja
абтрос	aptrɔs
абувалася	abuvaɫasja
абуджэнне	abutʂɛnnʲe
абулі	abuɫʲi
абумоўленыя	abumovlʲenɨja
абурана	aburana
абураны	aburɾanɨ
абурацца	aburatsːa
абурыць	aburɨtsʲ
абурыць	aburɾɨtsʲ
абутак	abutak
абутаю	abutaju
абуткам	abudkam
абуты	abutɨ
абух	apuʁ
абухам	abuxam
абуховіч	abuxovʲitʂ
абхазія	apxazʲija
абходзіць	abxodzʲitsʲ
абхопіць	abxopʲitsʲ
абхітрыць	obxjitrɨtsʲ
абцас	abtsas
абцугі	aptsuɣʲi
абцягнула	aptsaɣnuɫa
абцярушвае	optsʲaruzvaʲa
абшарнікі	abʂarnʲikʲi
абшморганыя	abʂmurɣanɨja
абшчыны	abstʂɨnɨ
абшыла	abʂɨɫa
абы	obɨ
абы-каму	abɨkamu
абы-якія	abɨjakʲija
абысці	abusʲtsʲi
абыход	abɨxod
абыходзяць	abɨxodzʲatsʲ
абыходзіць	abɨxodzʲitsʲ
абыходу	abɨxodu
абышла	abɨʂɫa
абышлося	abɨʂɫosja
абышлі	abɨʂɫʲi
абыякава	abɨjakava
абыякі	omɨjakʲi
абяру	abjarul
абяцаеш	abʲatsaʲeʂ
абяцанка	abʲatsanka
абяцаць	abʲatsatsʲ
абібок	abibog
абіваць	abʲivatsʲ
абіваць	apʲivatsʲ
абіральны	abirɐaɫʲnɪ
абіральнік	abʲiraɫʲnʲik
абіральніца	abʲiraɫʲnʲitsa
абіраць	abjiratsʲ
абіраць	abʲiratsʲ
абіркі	abˈirkɪ
абіты	abitˈy
абіўка	abiwka
аб’ектыўнасць	abʲektɨu̯nastsʲ
аб’ядна́цца	apjadnatsːa
аб’яднаю	abjadnaju
аб’яднаў	abjadnou̯
аб’ядноўвае	abjadnou̯vɨʲa
аб’ядноўвацца	apjadnou̯vutstsa
аб’ядноўваюцца	apjadnou̯vajutsːa
авадні	avadnʲi
авальнай	avalʲnaj
авальную	avaɫʲnuju
авальны	avaɫʲnɨ
авантура	avantura
авантурны	avanturnɨ
авантурнікам	avanturnikam
авантуры	avanturɨ
авантурыстка	avanturɨstka
аварам	avaram
аварыя	avarɨʲa
аварыі	avarɨʲi
авен	avʲen
авечай	avʲetʂaj
авечая	avʲetʂaja
авечка	avjɛtʂka
авечка	avʲetʂka
авёс	avʲos
ага	aha
ага	aɣa
агарод	aɣarot
агарода	aɣaroda
агароджа	aɣarodʐa
агародзіку	aɣarodzʲiku
агата	agata
агая	aɣaja
агледзела	axlʲetsʲeɫo
агледзець	aɣlʲedzʲetsʲ
аглушаючы	aɣluʂaʲutʂɨ
агляд	aɣlʲad
аглядальнік	aɣlʲadaɫʲnʲik
аглядаць	aɣlʲadatsʲ
аглядаю	axlʲadaju
агляду	aɣlʲadu
агню	axnʲu
агні	aɣnʲi
агніста-чырвоны	aɣnʲisdatʂɨrvonɨ
агністы	aɣnʲistɨ
агонь	aɣonʲ
агонь	aɣ̞onʲ
аграномы	agranomɨ
аграрны	aɣrarnɨ
аграхімія	aɣraxʲimʲija
агромністы	aɣromnʲistɨ
агрызацца	axrɨzatsːa
агрэст	agrɛst
агрэст	aɣrɛst
агульнага	aɣuɫʲnaɣa
агульнанямецкая	oɣuɫʲnanʲamʲetskaja
агульны	aɣulʲnɨ
агульных	aɣuɫʲnɨx
агульныя	aɣuɫʲnɨja
агурок	aɣurok
агучваннем	agutʂvannʲem
агучваць	aɣutʂvatsʲ
агіда	aɣʲida
ад	at
ад'юнктам	adjunktam
адабраны	adabranɨ
адабрацца	adabratsːa
адабраць	atabratsʲ
адабраў	ad̪abrau̯
адам	adam
адаптаваны	adaptavanɨ
адаптавацца	adaptavatsːa
адаптаваць	adaptovatsʲ
адаптары	adaptarɨ
адаптацыя	adaptatsɨja
адапхнуць	adapxnutsʲ
адарвана	adarvana
адарванага	adarvanaɣa
адарваць	adɛrvatsʲ
адасабленне	adasablʲennʲi
адбор	adbor
адборачных	adboratʂnɨx
адбору	adporu
адбудзецца	adbudzʲetstsa
адбудуем	atbudujum
адбудуцца	adpututsːa
адбывалася	adbɨvaɫasja
адбывацца	adbɨvatsːa
адбываў	adbɨvaw
адбылося	adbɨɫosja
адбыліся	odbɨlʲisja
адбыцца	adbɨtsːa
адбіваюцца	adbʲivaʲutsːa
адбіліся	atbʲiɫʲisja
адбітак	atbitak
адвага	advaɣa
адважнаму	advaʐnamu
адважны	advaʐnɨ
адважным	advaʐnɨm
адважнымі	advaʐnɨmʲi
адважных	advaʐnɨx
адважыцца	advaʐɨtsːa
адвакат	advakat
адвакат	ˈadvokat
адваката	advakata
адвар	advar
адварам	atvaram
адваротна	advarotna
адваротнай	advarotnaj
адваротны	advarotnɨ
адваротным	advarotnɨm
адварочвае	advarotʂvaʲe
адводзіў	advodzʲiu̯
адвольны	advolʲnɨ
адвык	advɨk
адвяла	advjaɫa
адвяло	advjalo
адвярнуў	advʲarnuu̯
адвярнуўшыся	advjarnou̯ʂɨʂʲa
адвячорак	advʲatʂorak
адгаварыць	adɣavarɨtsʲ
адгалінаванне	atɣaɫʲinovannʲi
адгэтуль	adɣɛtulʲ
аддаваць	adːavatsʲ
аддадзім	adːadzʲim
аддадуць	addadutsʲ
аддай	adːaj
аддам	adam
аддам	adːam
адданы	atdanɨ
адданы	atːane
адданым	addanɨm
аддасць	adːasʲtsʲ
аддасі	adːasʲi
аддаць	adːatsʲ
аддачы	addatʂɨ
аддаю	addaju
аддзёрты	addzjortɨ
адзежа	adzʲeʐa
адзежы	atzʲeʐɨ
адзенне	adzʲenʲːe
адзнакі	adznakʲi
адзначаецца	atsmatʂoʲetsːo
адзначаць	adznatʂotsʲ
адзначаў	atznotʂɨu̯
адзначыць	adznatʂɨtsʲ
адзёр	adzʲor
адзін	adzʲin
адзіна	adzʲina
адзінай	adzʲinaj
адзінакі	adzʲinakʲi
адзінарнымі	adzʲinarnɨmʲi
адзінаццаты	adzʲinatsːatɨ
адзінаццаць	adzʲinatsːatsʲ
адзінаццаць	adzʲinatsːɨtsʲ
адзіная	adsʲinaja
адзінкі	adzʲinkʲi
адзінокай	adzʲinokaj
адзінокі	adzʲinokʲi
адзінота	adzʲinota
адзінота	adzʲinotam
адзіночны	adzʲinotʂnɨ
адзіночныя	adzʲinotʂnɨja
адзінству	adzʲinstvu
адзіную	adzʲinuju
адзіны	adzʲinɨ
адзіным	adzʲinɨm
адзіныя	adzʲinɨja
адкажа	atkaʐa
адкажу	atkaʒu
адкажыце	atkaʐɨtsʲe
адказ	atkas
адказала	akazaɫa
адказаць	atkazatsʲ
адказаць	atkɯzatsʲ
адказваць	ankasvatsʲ
адказваць	atkazvatsʲ
адказна	atkazna
адказнасць	atkaznasʲtsʲ
адказны	atkaznɨ
адказы	atkazɨ
адкат	adkat
адкату	adkatu
адклад	atkɫat
адкосах	atkosax
адкручвае	adkrutʂvaʲe
адкрываецца	atkrɨvaʲetstsa
адкрываю	adkrɨvaju
адкрываю	adkrɨvaʲu
адкрыла	adkrɨɫa
адкрылі	adkrɨɫʲi
адкрыта	odkrɨta
адкрытай	adkrɨtaj
адкрытым	adkrɨtɨm
адкрытымі	adkrɨtɨmʲi
адкрытых	adkrɨtɨx
адкрытыя	adkrɨtɨʲa
адкрыцца	adkrɨtsːa
адкрыццё	atkrɨtsʲːo
адкрыцці	atkrɨtsːʲi
адкрыў	atkrɨw
адкуль	atkulʲ
адкідны	adkʲidnɨ
адкінуў	atkiˈnuu̯
адлежная	adlʲeʐnaja
адлучка	adɫutʂka
адлюстраваны	adtɫʲustravonɨ
адлюстроўваючы	otlʲuztrovajutʂɨ
адлівала	adlʲivaɫo
адліваць	odolʲivatsʲ
адліга	adlʲiɣa
адлік	atɫʲik
адліку	adɫʲiku
адмарожаныя	admaroʐanɨja
адмаўляцца	atmau̯lʲatsːa
адмаўляць	admau̯lʲatsʲ
адмена	admʲena
адмене	admʲenʲe
адменяць	admʲenʲatsʲ
адменім	atmʲenʲim
адметна	admjetna
адметнай	admjetnaj
адметная	admʲetnaja
адметныя	admɛtnɨja
адмеціны	admʲetsʲinɨ
адмова	admova
адмовай	atmovaj
адмову	admovu
адмовы	atmovɨ
адмовіла	admovʲiɫa
адмовілі	admovʲilʲi
адмовіцца	admovʲitstsa
адмовіць	admovʲitsʲ
адмовіўся	admovʲiu̯sja
адмовіўся	admoʲiu̯sja
адмоўная	admou̯naʲa
адмоўным	admou̯nɨm
адмоўнымі	admou̯nɨmʲi
адмоўчваўся	admou̯tʂvau̯sja
адмыслова	admɨsɫova
адмысловае	admɨsɫovaʲi
адмысловай	admɨsɫovaj
адмысловасць	atmɨsɫovasʲtsʲ
адмысловец	admɨslovʲets
адмысловыя	admɨʂlovɨja
адмяняцца	admʲanʲatsːa
адміністратар	atminʲistratar
адна	adna
аднабакова	adnabakova
аднабаковы	odnobrakovɨ
аднабокі	adnabokʲi
аднавокі	adnavokʲi
аднавіла	adnavʲiɫa
аднавілі	adnavjilɨ
аднавіць	adnavʲitsʲ
аднагадовыя	odnaɣadovɨja
аднагалосны	adnaɣaɫosnɨ
аднаго	adnaɣo
адназначнай	adnaznotʂnaj
адназначным	adnaznatʂnɨm
аднайменнай	adnajmʲennoj
аднайменны	odnajmʲennɨ
аднак	adnak
аднакаляровы	adnakalʲarovɨ
аднакі	atnakʲi
аднаму	adnamu
аднапавярховыя	adnapavʲarxovɨja
аднапакаёвай	adnapakaʲovaj
аднаполыя	adnapoɫɨja
аднаразовых	adnarazovɨx
аднарог	adnarox
аднастайным	adnastajnɨm
аднатыпныя	adnatɨpnaja
адначасна	adnatʂasna
адначасова	adnatʂasova
аднашлюбнасць	adnaʂlʲubnasʲtsʲ
аднашлюбны	adnaʂlʲubnɨ
аднесці	adnʲesʲtsʲi
адно	adno
адновіць	adnovʲitsʲ
адной	adnoj
аднойчы	atnojtʂɨ
аднолькава	adnoɫʲkava
аднолькавае	adnoɫʲkovoʲe
аднолькавым	odnoɫʲkavɨm
аднолькавыя	adnoɫʲgavɨja
адносна	adnosna
адноснага	adnosnaɣa
адноснасці	adnosnasʲtsʲi
адносны	adnosnɨ
адносін	adnosʲin
адносінах	atnosʲinax
адносіны	adnosʲinɨ
адносіны	atnosʲinɨ
адносіцца	adnosʲitsːo
адносіць	atnosʲitsʲ
адношу	adnosu
адною	adnoju
адну	adnu
адны	adnɨ
адным	adnɨm
аднымі	adnɨmʲi
адных	adnɨx
адныя	adnɨja
адняла	adnʲaɫa
адніманне	adnʲimanʲːe
аднімаць	adnʲimatsʲ
адобрыць	adobrɨtsʲ
адозваў	adozvaw
адолее	atdolʲeje
адорвеня	adorvʲenʲa
адпаведна	adpovʲedna
адпаведна	adpovʲednɨ
адпаведнае	adpavʲednaja
адпаведнасць	atpavʲednasʲtsʲ
адпаведная	dpavʲednaja
адпаведным	adpavʲednɨm
адпаведнік	ˈotpʌvˈednˈik
адпавядаюць	apavjadojutsʲ
адпасваць	adpasvatsʲ
адпачываць	atpatʂɨvatsʲ
адпачынак	atpatʂɨnak
адпачыць	adpatʂɨtsʲ
адплаты	adpɫatɨ
адпор	adpor
адправілі	adpravʲilʲi
адправіць	adpravʲitsʲ
адпрацаваць	adpratsavatsʲ
адпушчаны	adpuʂtʂanɨ
адпіска	atpʲiska
адпіша	atpʲiʂa
адраджаць	otrɨdʐatsʲ
адраджэнне	adradʐʲenʲːe
адрадзіць	adratsʲitsʲ
адразаць	adrazatsʲ
адразу	adrasu
адрамантаваны	adramantavanɨ
адрас	adras
адрасаваць	adrasovatsʲ
адрасам	adrasam
адрасную	adrasnuju
адрасую	adrasuju
адратаваць	adratavatsʲ
адрозненні	adroznʲenʲːi
адрозны	adroznɨ
адрознівае	adrosnʲivaʲe
адрозніваецца	adroznʲivaʲatsːo
адрознівацца	adroznʲivatsːo
адрозніваць	atroznʲivatsʲ
адрозніць	adroznʲitsʲ
адры	adrɨ
адрываць	adrɨvatsʲ
адрыву	adrɨvu
адрывісты	adrɨvʲistɨ
адрына	adrɨna
адрынай	adrɨnaj
адрыне	adrɨnʲe
адрыну	adrɨnu
адрыны	adrɨnɨ
адрыў	atrɨw
адрэжам	adrɛʂam
адрэзала	adrɛzɐɫa
адрэзана	atrɛzana
адрэзкі	adrɛskʲi
адрэналін	adrɛnolʲin
адрэс	adrɛs
адсек	atsʲek
адсечанае	atsʲetʂanaja
адсланіць	otsɫanʲitsʲ
адсоткі	atsotkɪ
адстаўны	adstau̯nɨ
адступала	adstupala
адступяць	atstupʲatsʲ
адступіўся	otstupˈiwʃja
адсутнасць	atsupnastsʲ
адсутнасць	atsutnasʲtsʲ
адсутны	atsutnɛ
адсутны	atsutnɨ
адсутнічаць	adsutnʲitʂatsʲ
адсутнічаць	atsutnʲitʂatsʲ
адсутнічаюць	atsutnʲitʂujutsʲ
адсутнічаў	atsutnʲitʂau̯
адсюль	atsʲsʲulʲ
адтуль	atːulʲ
адужала	aduʐaɫa
адукаванай	adukovanoj
адукаваным	adukavanɨm
адукацыйны	adukatsɨjnɨ
адукацыю	adukatsɨju
адукацыя	adukatsɨja
адушаўлёны	aduʂau̯lʲonɨ
адхлыну	atxvɨnu
адхонах	adxonax
адхону	atxonu
адхукаць	adɣukatsʲ
адцэджваючы	atsɛtʐvajutʂɨ
адцяняў	adtsʲanʲau̯
адчай	adtʂaj
адчувае	attʂuvaʲe
адчуваецца	atːʂuɫaʲetsːo
адчуваць	adtʂuvatsʲ
адчулі	attʂulʲi
адчуць	adtʂutsʲ
адчуюць	adtʂujutsʲ
адчынены	atstʂɨnʲenɨ
адчыню	atɕtʂɨʲːɐu
адчыняць	atːʂɨnʲatsʲ
адчыні	atːʃɨnʲi
адчыніла	atːʂɨnʲiɫa
адчынілі	adtʂɨnʲilʲi
адчыніць	atːʂɨnʲitsʲ
адчыніць	otːʂɨnʲitsʲ
адчыніш	odtʂɨnʲiʂ
адчыніў	atːʂɨɲiu̯
адыграны	adɨɣranɨ
адыдуць	adɨdutsʲ
адымаецца	adɨmaʲetstsa
адымаць	adɨmatsʲ
адымаць	atɛmatsʲ
адыход	adɨxod
адыходзе	adɨxodzʲe
адыходзілі	adɨxodzʲilʲi
адыходных	adɨxotnɨx
адыходу	adɨxodu
адышла	adɨʂɫo
адышлі	adɨʂɫʲi
адэлаіда	adɛɫajida
адэномы	adɛnomɨ
адэса	adɛsa
ад’езд	adjɛ̀st
ад’юта́нт	adjɔtant
аер	aɪeɾ
аж	aʐ
аж	aʒ
ажаніўся	azanʲiu̯sja
ажно	aʐno
ажно	aʒnˈo
ажыццявілася	aʐɨtsːjavʲiɫasʲa
ажыццявіць	aʐɨtsʲːavʲitsʲ
ажыццяўленне	aʐutsːjau̯lʲennʲa
ажыццяўляе	oʐɨtsːjau̯lʲaʲa
ажыццяўляецца	aʐɨtsːjawlʲaʲetsːa
ажыццяўляліся	aʐɨtsːjau̯lʲaɫʲiʂja
ажыццяўляю	aʂɨtsʲtsʲau̯lʲaju
ажыць	aʐɨtsʲ
азарт	azart
азарыла	azarɨɫa
азбука	azbuka
азбука	azbukãn
азбукі	asbukʲi
азбуцы	asbutsɨ
аздоб	asdob
азербайджан	azʲerbajdʐan
азербайджанец	azʲerbajdʐanʲets
азербайджанка	azʲerbajdʐanka
азербайджанская	osʲerboidʐanskaja
азербайджанскі	azʲerbajdʐanskʲi
азон	azon
азот	azot
азоту	azodu
азэрбайджан	azɛrbajdʐan
азёрных	azjornɨx
азіралася	aːzʲiraɫasja
азіраючыся	azʲirajudʐɨsja
азіраўся	adzʲirau̯sja
азірнулася	azʲirnuɫasja
азірнуліся	azʲirnulʲisja
азія	azʲija
азіяцкі	azʲijatskʲi
ай	aj
айвы	ajvɨ
айсберг	ajzbʲerx
айсбергаў	ajzʲbʲerɣau̯
айфону	ajfonu
айцец	ajtsʲets
айцом	ajtsom
айцішнік	ajtsʲiʂnʲik
айчым	ajtʂɨm
айчына	ajtʂɨna
айчыннай	ajtʂɨnnaj
айчынны	ajtʂɨnnɨ
ака	aka
акадэмкніга	akadɨmknʲiɣa
акадэмік	akadɛmʲik
акадэмічным	okadɛmʲitʂnɨm
акадэмія	akadɛmʲija
аказаць	agazatsʲ
аказвае	akazvaʲe
аказваць	okazvatsʲ
акаймаваны	agajmavonɨ
акалічнасць	akalʲitʂnastsʲ
акалічнасць	akalʲitʂnasʲtsʲ
акалічны	akalʲitʂnɨ
акамянеласць	akamjanʲiɫostsʲ
аканом	akonom
аканомка	akanomka
акацыя	akatsɨja
акварыум	akvarɨum
акварыюм	akvarɨjum
акварэль	akvarɛlʲ
акенцу	akʲentsu
аклады	akɫadɨ
акне	aknʲe
акно	akno
акно	aknɔ
акном	agnom
акну	aknu
акон	akon
аконны	akonnɨ
аконным	agonnɨm
аконнымі	akonnɨmʲi
аконных	akonnɨx
аконныя	agonnɨja
аконца	akontsa
акопах	okopax
акопы	akopɨ
акорд	akord
акорд	akorˈt
акордам	akortam
акорды	akordɨ
акр	ˈakər
акрабатычны	akrabatɨtʂnɨ
акраец	akrajets
акрамя	akramʲa
акром	akrɔm
акруг	akrux
акруга	akruːɣa
акруга	okruɣa
акругі	akruɣʲi
акружае	akruʐaʲe
акружалі	akruʐaɫji
акружаны	akruʐanɨ
акружаюць	akruʐaʲutsʲ
акружыў	agruʐɨw
акрэслены	agrɛzɫʲenɨ
акрэслілі	agraslʲilʲi
акрэсліць	akrɛzlʲitsʲ
аксаміт	aksamʲit
акт	akt
актавай	aktavaj
актор	aktor
актора	aktora
акторам	aktoram
актрыса	aktrɨsa
актрысай	aktrɨsaj
акту	agtu
акты	aktɨ
актывы	aktɨvɨ
актывізаваць	aktɨvʲisavatsʲ
актывізацыя	aktɨvʲisatsɨja
актыўна	agdɨwna
актыўна	aktɨjna
актыўная	faktɨu̯naja
актыўны	aktɨjunɨ
актыўны	aktɨu̯nɨ
акула	akuɫa
акулярах	akulʲarax
акуляры	akulaɾɨ
акуляры	akulʲarɨ
акумулятар	agumulʲatar
акунь	okunʲ
акуня	akunʲa
акуні	akunʲi
акупаваная	akupavanaja
акупаваных	akupavanɨx
акупант	akupant
акупанты	akupandɨ
акупацыя	akupatsɨja
акупляецца	akuplʲaʲetstsa
акупунктура	akupunkturɐ
акурак	akura
акурат	akurat
акуратны	akuratnɨ
акустыку	akustɨku
акустычнага	akustɨtʂnaɣa
акустычны	akustɨtʂnɨ
акустычныя	akustɨtʂnɨja
акут	akut
акушэр	akuʂɛr
акцыю	aktsɨju
акцыя	aktsɨja
акцэнт	aktsɛnt
акцёр	aktsʲor
акцёрамі	aktsʲoramʲi
акцёры	aktsʲorɨ
акім	akim
акім	akʲim
акіян	akʲijan
акіяны	akʲijanɨ
ала	aɫa
алах	aɫax
албанец	aɫbanʲets
албанка	aɫbanka
албанскі	aɫbanskʲi
албанія	aɫbanʲija
але	alʲe
алег	alʲex
алег	aɫˈex
алеем	alʲeʲem
алей	alʲej
алейная	alʲejnaʲa
алейнікава	alʲejnʲikava
алейнікаў	alʲejnʲikau̯
алексей	alɛksˈɛj
ален	alʲen
алена	alʲena
алена	alʲeʲna
алень	alʲenʲ
аленяў	alʲenʲau̯
алені	alʲenʲi
алергалогія	alʲerɣaɫoɣʲija
алергія	alʲerɨɣʲija
алесь	ales
алеська	alʲeska
алеся	alʲesja
алешнік	alʲeʂnʲig
алешнікавым	alʲeʂnʲikavɨm
алешнікавых	alʲeʂnʲikavɨx
алешніку	alʲeʂnʲigu
алею	alʲeʲu
алжыр	aɫʐɨr
алжырац	aɫʐɨrats
алжырка	aɫʐɨrka
аловак	aɫova
аловак	aɫovak
алоўка	aɫowka
алоўку	aɫou̯ku
алтар	aɫtar
алтарах	altarax
алтарнага	altarnaɣa
алфавіт	alfavit
алфавіт	aɫfavʲit
алхімія	au̯ximia
альба	alʲba
альбанія	alʲbanʲija
альбо	albo
альбо	alʲbo
альбом	aɫʲpom
альбомам	aɫʲbomam
альбоме	aɫʲbomʲe
альбомны	aɫʲbomnɨ
альбому	aɫʲbomu
альв	alʲv
альт	alʲt
альтэрнатыва	altɛrnatɨva
альтэрнатыва	alʲtɛrnatɨva
альфабэт	alʲfabɛt
альховы	aɫʲxovɨ
алюміній	alʲumʲinʲij
алюня	alʲnʲa
аля	alʲa
аляксандар	alʲaksandar
аляксандр	alʲaksandr
аляксандра	alʲaksandra
аляксей	alʲaksʲej
алё	alʲo
алёс	alʲos
алі	alʲi
аліва	alˈiva
алігархія	alʲiɣarxʲija
аліна	alʲina
аліса	alisa
аліта	alitˈa
аліўкавых	alʲewkavɨx
амаль	amalʲ
аман	aman
аманімія	amanʲemʲija
амартызацыя	amortyzatsɨja
амары	amarɨ
аматар	amatar
аматар	amat̪aɾ
аматара	amatara
аматарам	amataram
аматарамі	amataramji
аматары	amatarɨ
амбон	ambon
амела	amʲeɫa
амерыка	amʲerɨka
амерыканец	amʲerɨkanʲets
амерыканка	amʲerɨkanka
амерыканскі	amʲerɨkanskʲi
амерыканскі	omʲerɨkonzkʲi
амерыканізм	amʲerɨkanʲizm
амонім	amonim
аморфных	amorfnɨx
ампер	ampʲer
амулеты	amulʲetɨ
амурам	amuram
амяла	amʲaɫa
амёбы	amʲobɨ
аналаг	anaɫaɣ
аналага	anaɫaxa
анальны	anaɫʲnɨ
аналіз	anaɫʲis
аналізатар	anaɫʲizatar
аналізу	anaɫʲizu
аналізуе	onalʲizuʲa
аналітыкі	anaɫjitɨkʲi
аналітычным	anaɫʲitɨtʂnɨm
аналітычныя	onalʲitɨtʂnɨja
анамастыка	anamastɨka
ананас	anamas
ананас	ananas
анархіст	anarxʲist
анастасія	anastasʲija
анатоль	anatːoɫʲ
анатолій	anatolʲij
ангельску	anɣʲelʲsku
ангельскі	angʲelʲskʲi
ангельскі	anɣʲelʲskʲi
ангельшчына	anɣʲelʲʂtʂɨna
ангеліна	anɣʲelʲina
англійская	anɣlʲijskaja
англійскі	anɣlʲijskʲi
англіканскія	anɣɫʲikanskʲija
англія	anɣlʲija
ангола	anɣoɫa
андатра	andotra
андора	andora
андорскі	andorskʲi
андрэ	andrɛ
андрэй	andrɛj
андрэя	andrɛja
анексіраванне	anʲeksʲiravanʲːe
анестэзія	anʲestɛzʲija
анжаліка	anʐalʲika
анжэла	anʐɛɫa
анкары	ankarɨ
анкет	ankʲed
анлайнавы	anlajnavɨ
анна	anna
анод	anot
анодам	anodam
анонсы	anonsɨ
анталогія	antaɫoɣʲija
антаніна	antanʲina
антарктыда	antarktɨda
антарктычных	antarktɨtʂnɨx
антон	anton
антось	antostʃ
антыгуманным	antɨɣumannɨm
антылопа	antɨɫopa
антысавецкіх	antɨsovʲetskʲix
антысемітызм	antɨsʲemʲitɨzm
антысемітызмам	antɨsʲemʲitɨzmam
антысемітызме	antɨsʲemʲitɨzmʲe
антысемітызму	antɨsʲemʲitɨzmu
антычная	antɨtʂnaja
антычны	antɨtʂnɨ
антычных	antɨtʂnɨx
антычныя	antɨtʂnɨja
антэна	antɛna
антэны	antɛnɨ
ану	anu
ануляваць	anulʲavatsʲ
ануліраваць	anulʲiravatsʲ
анучамі	anutʂamʲi
анучах	anutʂax
анучкаю	anutʂkoju
анучкі	anutʂkʲi
анучу	anutʂu
анучы	anutʂɨ
анучы	anutʃɨ
аншлаг	anʂlaɣ
аня	anʲa
анёл	anʲoɫ
анёл	aɲːoɫ
ані	anʲi
аніводны	anʲavodnɨ
анідзе	anidzʲe
аніська	aniska
анісік	anisɪ̞k
анісім	anʲisʲim
аорты	aortɨ
апавядання	apavjadannʲa
ападае	opadaʲe
ападу	apadu
апазнаваць	apaznavatsʲ
апазнаць	apaznatsʲ
апазіцыя	apazʲitsɨja
апазіцыі	apazʲitsɨji
апакаліптычны	apakalʲipdɨtʂnɨ
апалонік	apaɫonʲik
апанаваў	apanavau̯
апаненты	apanʲentɨ
апарат	aparad
апарата	aparata
апаратных	aparatnɨx
апаратуру	aparaturu
апаратуры	aparaturɨ
апарыш	aparɨʂ
апастыль	apastɨlʲ
апачы	apatʂɨ
апекуном	apʲekunom
апекі	apʲekʲi
апельсін	apʲelʲsʲin
апендыцыт	apʲendɨtsɨt
аперацый	apʲeratsɨj
аперацыя	opʲeratsɨja
апетыт	apʲetɨt
апетытны	apʲetɨtnɨ
апладненне	apɫadnʲenʲːe
аплат	apɫad
аплаткі	apɫadkʲi
аплату	apɫatu
аплаты	apɫatɨ
аплачвацца	apɫatʂvatsːa
аплачу	apɫatʂu
аплецены	aplʲetsʲenɨ
аплодненых	apɫodnʲenɨx
аповедаў	apovʲedaw
аповеды	apovʲedɨ
аповесць	apovʲasʲtsʲ
аповяд	apovjat
апокі	opokʲi
апор	apor
апора	apoɾa
апорай	aporaj
апорах	aporax
апорны	apornɨ
апорныя	apornɨja
апору	aporu
апоры	aporɨ
апостраф	apostraf
апосум	aposum
апошняга	apoʂnʲaɣa
апошняя	apoʂnʲaja
апошні	apoʂnʲ
апошні	apoʂnʲi
апошнім	apoʂnʲim
апошнія	apoʂnʲija
апошнія	apoʃnija
апоўдні	apou̯dʲːim
апранацца	apranatsːa
апранаць	apranatsʲ
апранаю	apranaju
апранаюць	apranaʲutsʲ
апране	apranʲe
апранулі	apranulʲi
апранута	apranuta
апранутая	apraːnutaʲa
апранутым	apranutɨm
апранутых	apranutɨx
апрануцца	apranutsːa
апрануць	apranutsʲ
апратаю	aprataju
апрацаваць	apratsavɨtsʲ
апрача	aprɨtʂa
апроч	aprotʂ
апрытомнець	aprɨtomnʲitsʲ
апсіда	apʂʲida
апсіды	apsʲidɨ
аптовым	aptovɨm
аптымізму	aptɨmʲizmu
аптычных	aptɨtʂnɨx
аптычныя	aptɨtʂnɨja
аптэка	aptɛka
аптэкар	aptɛkar
аптэкарка	aptɛkarka
аптэку	apdɛku
аптэцы	aptɛtsɨ
апублікаваныя	opublʲikavanɨja
апублікаваць	apublʲikavatsʲ
апух	apux
апухлы	apuxɫɨ
апушаны	apuʂanɨ
апушаныя	apuʂanɨja
апушчаным	apuʂtʂanɨm
апынуліся	apɨnulʲisja
апытанне	apɨtanʲːe
апытанні	apɨtonnʲi
апытаных	apɨtanɨx
апытаныя	apɨtanɨja
апытаць	opɨtatsʲ
апякаць	apʲakatsʲ
апякаючы	apjakaʲutʂɨ
апяразаны	apjarazanɨ
апяразвае	apjarazvaʲe
апярэдзіць	apjarɛdzʲitsʲ
апярэдзіўшы	apjarɛtsʲiu̯ʂɨ
апёк	apjok
апірышча	apʲirɨʂtʂa
апісальна	opʲisoɫʲna
апісальны	apʲisalʲnɨ
апісанне	apʲisanʲːe
апісання	apʲisannʲa
апісаць	apʲisatsʲ
апісаў	apʲisau̯
апісваць	apʲisvatsʲ
ар'ергард	arjerɣart
ар-нуво	arnuvo
арабскі	arapskʲi
арабскім	arabskʲim
арабы	arabɨ
арабіны	arabʲinɨ
арак	arak
аралі	aralʲi
арангутан	aranɣutan
арандаваныя	arandavanɨja
арандатары	arandatarɨ
аранжавы	aranʐavɨ
аратаму	aratamu
аратар	aratar
араць	aˈratsʲ
арачную	arotʂnuju
арачным	aratʂnɨm
арачнымі	arotʂnɨmɨ
арачных	aratʂnɨx
арачныя	arotʂnɨʲa
араў	arau
арбіты	arbʲitɨ
аргазм	arɣazm
арган	arɣan
арганамі	arxanamʲi
аргане	arɣanʲe
арганнай	arxannaj
арганная	arɣannaja
арганізаваны	arɣaʲːizavonɨ
арганізацыя	arɣanʲizatsɨja
арганізм	arɣaŋizm
арганізма	arɣanʲizma
аргентына	arɣʲentɨna
аргенціна	arɣʲenʲtsʲina
арго	arɣo
арду	ardu
ардынарная	ardɨnarnaja
ардынат	ardɨnat
ардынскі	ardɨnskʲi
аржаны	arʐanɨ
арка	arka
аркадай	arkadaj
аркадзій	arkadzʲij
аркай	arkaj
аркаю	arkaju
арктычных	arktɨtʂnɨx
арктычныя	arktɨtʂnɨja
арку	arku
аркуш	arkuʂ
аркуша	arkuʂa
арлом	arlom
арлы	arɫɨ
арліны	arlʲinɨ
армада	armada
арменія	armʲenʲija
армстронгу	armstronɣu
армэнія	armɛnʲija
армяк	armjak
армян	armʲan
армянка	armʲanka
армянская	armjantskoʲa
армянскі	armʲanskʲi
армянін	armʲanʲin
армія	armja
армія	armʲija
арміяй	armʲijaj
арміі	armjiʲi
арнаментальны	arnamjentalʲnɨ
аро́л	arol
арол	arol
арол	aroɫ
арсеній	arsʲenʲij
арт-нуво	artnuvo
артур	artur
артыкул	artɨkuɫ
артылерыя	artɨlʲerɨʲa
артыст	artist
артыстка	artɨstka
артысткі	artɨstkʲi
артышок	artɨʂok
артэрыя	artɛrɨja
арфа	arfa
арфаграфічны	arfaɣrafitʃnɨ
арфаграфія	arfaɣrafʲija
арфе	arfʲe
архаічна	arxaʲitʂna
архаічную	arxaʲitʂnuju
архаічны	arxaʲitʂnɨ
археалогія	arxʲeaɫoɣʲija
архетыпы	arxʲetɨpɨ
архіва	arxʲiva
архівах	arxʲivax
архівы	arxɨvɨ
архідэі	arxʲidɛʲi
архіп	arxʲip
архіпелаг	arxʲipʲeɫax
архітраў	arxʲitrau̯
архітэктар	arxʲitɛktar
архітэктара	arxʲitɛktara
архітэктарка	arxʲitɛktarka
архітэктарскім	arxʲitɛktorskʲim
архітэктары	arxʲitɛktarɨ
архітэктура	arxʲitɛktura
арцель	arʲtsʲeɫʲ
арцы	artsɨ
арцём	artsʲom
арыгамі	orɨɣamʲi
арыгінал	arɨɣʲinaɫ
арыгінале	arɨgʲinalʲe
арыгінальнай	arɨɣʲinalʲnaj
арыенцір	orɨʲenʲtsʲir
арыстоцель	arɨstotsʲelʲ
арышт	arɨʂt
арыштаваны	arɨʂtavanɨ
арыштаваныя	arɨʂtavanɨja
арышты	arɨʂtɨ
арыяне	arɨjanʲe
арэ	arɛ
арэала	arɛaɫa
арэлі	areɫʲi
арэлі	arɛlʲi
арэна	arɛna
арэнду	arɛntu
арэну	arɛnu
арэны	arɛnɨ
арэх	arɛx
арэхамі	arɛxamʲi
арэхі	arɛxʲi
арэшкі	arɛʂkʲi
аса	asa
асабліва	asablʲiva
асабліва	asbliva
асаблівае	asablivaʲa
асаблівасць	asablʲivaztsʲ
асаблівасці	asablʲivasʲtsʲi
асаблівы	asablʲivɨ
асаблівыя	asablʲivɨja
асабовы	asabovɨ
асабіста	asabistɐ
асабісты	asabjistɨ
асабісты	asabʲistɨ
асабістыя	asobjistɨja
асадныя	asadnɨja
асалоду	aʂaɫodu
асам	asam
асвета	asʲvʲeta
асвечаны	asvʲetʂanɨ
асвойваць	asvojvatsʲ
асвоіць	asvojitsʲ
аселая	asʲeɫaja
аселы	asʲeɫɨ
асенні	asʲenʲːi
асла	asɫa
аслу	asɫu
асманскі	asmanskʲi
асмялеў	asmjalʲeu̯
аснашчаны	asnaʂtʂanɨ
аснова	asnova
асноватворны	asnovatvornɨ
аснове	osnovʲe
аснову	asnovu
асновы	aʂnovɨ
асноўнай	asnownaj
асноўную	asnou̯nuju
асноўным	osnou̯nɨm
асноўнымі	asnou̯nɨmʲi
асноўных	osnou̯nɨx
асоб	asob
асоба	asoba
асобай	asoboj
асобна	aʂobna
асобна	aːsobna
асобнага	asobnaɣa
асобная	asobnaja
асобная	asobnalʲa
асобны	asobnɨ
асобным	asobnɨm
асобных	asobnɨx
асобныя	asobnaja
асобныя	asobnɨʲa
асобнік	asobnʲik
асобнікі	asobnʲikʲi
асобы	aʂobɨ
асотам	asotam
асою	asoju
аспрэчаныя	asprɛtʂanɨʲa
аспрэчыць	asprɛtʂɨtsʲ
аспірантурай	aspʲiranturaj
астаецца	astaʲetstsa
асталася	aʂtaɫasja
асталося	astaɫosja
астанкі	astankʲi
астап	astap
астапенка	astapɛnka
астапчук	astapdʒuk
астатняе	astatnʲaje
астатні	astadʑi
астатнім	astadʲːim
астатніх	astatnʲix
астатнія	astatnʲija
астацца	astatsːa
астачы	astatʂɨ
астравец	astravʲets
астравецкі	astravʲetskʲi
астраном	astranom
астраномія	astranomʲija
астраўлян	astrau̯lʲan
астраўлянам	astrau̯lʲanam
астраўлянамі	astrau̯lʲanamʲi
астраўлянах	astrau̯lʲanax
астраўляне	astrau̯lʲanʲe
астраўлянін	astrau̯lʲanʲin
астраўляніна	astrau̯lʲanʲina
астраўлянінам	astrau̯lʲanʲinam
астраўлянінамі	astrau̯lʲanʲinamʲi
астраўлянінах	astrau̯lʲanʲinax
астраўлянінаў	astrau̯lʲanʲinau̯
астраўляніне	astrau̯lʲanʲinʲe
астраўляніну	astrau̯lʲanʲinu
астраўляніны	astrau̯lʲanʲinɨ
астынем	astɨnʲem
астэроід	astɛrojit
асуджалі	asudʐaɫʲi
асуджаныя	asudʐanɨja
асудзяць	asudzʲatsʲ
асушана	asuʂana
асцылограф	astsɨɫoɣraf
асцярога	asʲtsʲaroɣa
асцярожна	asʲtsʲaroʐna
асцярожны	asʲtsʲaroʐnɨ
асыпаліся	asɨpaɫʲisja
асьвея	asʲlʲeja
асэнсаваным	asɛntavanɨm
асэнсаваць	asɛnsavatsʲ
ася	asʲa
асяроддзе	asʲarodzʲːe
асёл	asʲoɫ
асігнацыі	asʲiɣnatsɨji
асілак	asʲiɫak
асіміляцыя	assimilʲatsɨja
асін	asʲin
асіна	asʲina
асіп	asˈip
асіпавічы	asʲipavʲitʂɨ
асіпла	asipɫa
асіплы	asʲipɫɨ
асіпнуць	asʲipnutsʲ
асіповічы	asʲipovʲitʂɨ
асірочаныя	asʲirotʂanɨja
ат	at
атабарыцца	atabrɨtsːa
атава	atava
атакамі	atakamʲi
атаку	ataku
атакі	atakʲi
атаман	ataman
атамы	atamɨ
атарапелі	atarapʲeɫʲi
атацы	atatsɨ
атачае	atatʃaɛ
атачаюць	atatʂajutsʲ
атлет	atlʲet
атлетыкі	atlʲedɨkʲi
атмасфера	atmasʲfʲera
атмасферным	atmasfʲernɨm
атол	atoɫ
аточаным	atotʂanɨm
атрадамі	atradamʲi
атрадзе	atradzʲe
атраховіч	atraxovʲitʂ
атрута	atruta
атрутай	atrutaj
атрутны	atrutnɨ
атруту	atrutu
атруты	atrutɨ
атруціла	atrutsiɫo
атручана	atrutʂana
атручванне	atrutʂvanʲːe
атрымае	atrɨmaje
атрымаем	atrɨmajem
атрымаецца	atrɨmaʲetstsa
атрымаеш	atrɨmajeʂ
атрымала	atrɨmalo
атрымалася	atrɨmaɫasja
атрымалі	adrɨmaɫʲi
атрымалі	atrɨmaɫɨ
атрыманае	adrɨmanɨʲa
атрымання	atrɨmannʲa
атрыманы	atrɨmanɨ
атрымацца	atrɨmatsːa
атрымаць	atrɨmatsʲ
атрымаць	patrɨmatsʲ
атрымаю	atrɨmaju
атрымаў	adrɨmou̯
атрымлівае	adrɨmlʲivoʲe
атрымліваецца	atrɨmlʲivaʲatsːo
атрымліваеш	atrɨmlʲivajeʂ
атрымлівалі	atrɨmɫʲivalʲi
атрымлівацца	atrɨmlʲivatsːa
атрымлівацца	atrɨmlʲivatsːo
атрымліваць	atrɨmlʲivatsʲ
атрымліваю	atrɨmlʲivaju
атрымліваюць	adrɨmlʲivajutsʲ
атыкам	atɨkom
атэль	atɛlʲ
атэлье	atɛlʲje
атэізм	atɛjizm
атэізм	atɛjɪzm
афанасій	afanasʲij
афарбаваць	afarbavatsʲ
афарбаваць	afarbbavotsʲ
афарбоўка	afarbou̯ka
афганец	avɣanʲets
афганістан	avɣanʲistan
афорту	afortu
афрыка	afrɨka
афрыканец	afrɨkanʲets
афрыканка	afrɨkanka
афрыканскай	afrɨkanskaj
афрыканскі	afrɨkanskʲi
афіцыйнай	afʲitsɨjnaj
афіцыйны	afʲitsɨjnɨ
афіцыйных	afʲitsɨjnɨx
афіцыянт	ɐfitsɨjant
афіцыянтка	afʲitsɨjantka
афіцэр	afʲitsɛr
афіцэрскі	afʲitsɛrskʲi
афіцэры	ofʲitsɛrɨ
афішавалі	afʲiʂavalʲi
ах	ax
ахапак	axapɤk
ахапіла	axapʲiɫa
ахапіла	axapʲiɫo
ахапіць	axapʲitsʲ
ахапіў	axapʲiu̯
ахвотай	axvotaj
ахвотна	axvotna
ахвотная	axvotnaja
ахвотны	axvˈotnʌ
ахвочы	axvotʂɨ
ахвяр	axvʲar
ахвяра	axvʲara
ахвярам	axvjaram
ахвярамі	axvjaramʲi
ахвярны	axvjarnɨ
ахвяру	axvjaru
ахвяры	axvjarɨ
ахнулі	axnuɫɨ
ахова	axova
ахову	axovu
ахосал	axosaɫ
ахоўны	axou̯nɨ
ахоўныя	axou̯nɨja
ахоўнік	axoɔnik
ахінулі	axʲinuɫʲi
ацалелы	atsalʲeɫɨ
ацэначны	atsɛnatʂnɨ
ацэнены	atsɛnʲenɨ
ацэнка	atsɛnka
ацэтон	atsɛton
ацэтон	atsɛtɔn
ацяплялі	atsʲaplʲaɫʲi
ачко	atʂko
ачком	atʂkom
ачкі	atʂkʲi
ачольвала	attʂoɫʲvaɫa
ачуньваць	atːʂunʲvatsʲ
ачыстка	atʂɨstka
ачысткі	atʂɨstkʲi
ашмянскі	aʂmjanskʲi
ашмяны	aʂmʲanɨ
ашукваць	aʂukvatsʲ
аэрадром	aɛradrom
аэрапорт	aɛraport
аўганістан	au̯ɣanʲistan
аўгуст	au̯guz
аўгіеў	au̯ɣʲijeu̯
аўдоцця	au̯dotsʲːa
аўдыё	au̯dɨjo
аўдыёвізуальны	au̯dɨjovʲizualʲnɨ
аўкцыён	au̯ktsɨjon
аўстраліец	au̯stralʲijets
аўстралійка	au̯stralʲijka
аўстралійская	au̯stralʲijzkaja
аўстралійскі	au̯stralʲijskʲi
аўстралія	au̯stralʲija
аўстрыец	au̯strɨjets
аўстрыйка	au̯strɨjka
аўстрыйскі	au̯strɨjskʲi
аўстрыя	au̯strɨja
аўсянішча	awsʲanʲestʂa
аўта-	au̯ta
аўтамабіль	au̯tamabʲilʲ
аўтамабіль	au̯t̪omapil
аўтамабільчык	au̯tamapʲiɫʲtʂɨk
аўтамат	au̯tamat
аўтар	au̯tar
аўтараў	au̯torou̯
аўтары	au̯tarɨ
аўтарытарны	au̯tarɨtarnɨ
аўтобус	au̯tobus
аўтографамі	au̯toɣrafamʲi
аўторак	au̯torak
аўторкамі	au̯torkamʲi
аўца	au̯tsa
аўчын	au̯tʂɨn
б	b
б	bɯ̞
б'е	bja
б'е	bje
б'е	bʲe
б'юцца	bjutsːa
баба	baba
баба	babam
бабарыка	babarɨka
бабе	babɛ
бабка	bɑbka
бабкам	babkam
баброў	babrow
бабру	babru
бабруйск	babrujsk
бабры	babrɨ
бабскую	babskuju
бабу	babu
бабулька	babuɫʲka
бабулькі	babuɫʲkʲi
бабуля	babulʲa
бабулямі	babulʲamʲi
бабушка	babuʂka
бабы	babɨ
бабёр	babʲor
бабінца	babʲintsa
баварскае	bavarskaʲe
баваўняны	bavau̯nʲanɨ
бавоўна	bavou̯na
бавоўна	vavou̯na
бавоўну	bavou̯nu
бавоўны	pavou̯nɨ
бавячы	bavʲatʂɨ
бавіць	bavʲitsʲ
багаж	baɣaʂ
багамаза	baɣamaza
багародзіца	boɣarodzʲitsːa
багата	baɣata
багатай	boɣataj
багаты	baɣatɨ
багатым	boɣatɨm
багатыр	baɣatɨr
багатыя	baxatɨ
багацце	baɣatsʲːe
багдан	baɣdan
багна	baɣna
багну	baɣnu
багністых	baɣnʲistɨx
баграны	baɣranɨ
багук	baɣub
багуслаў	baɣusɫau̯
багі	baɣʲi
багіня	baɣʲinʲa
бадай	bataj
бадзяцца	budzʲatsːa
бадзёры	badzʲorɨ
бадзёрым	patzʲorɨm
бадмінтон	badmʲinton
бае	balʲe
баец	baʲets
бажніцы	baʐnʲitsɨ
бажыцца	baʐɨtsːa
база	baza
базавая	bazavaja
базавыя	bazavɨja
базар	bazar
базах	bazax
базы	bazɨ
базыль	bazɨlʲ
бай	bɑj
байдарках	bajdargax
байках	bajkax
байкоту	bajkotu
байку	bajku
байкі	bajkʲi
байрактар	bajraktar
байструк	bajstrʊk
байцамі	bajtsamʲi
байцы	bajtsɨ
бакавой	bakovoj
бакавым	pakavɨm
бакавымі	bakavɨmʲi
бакавыя	bakovɨja
баклажан	bakɫaʐan
бакох	bokox
бакоў	bakou̯
баксёр	baksjor
бактэрыя	baktɛrɨja
баку	boku
бал	bal
бал	baɫ
балада	balada
баламуціць	balamutsʲitsʲ
баланс	baɫons
балах	paɫax
балахоны	balaxonɨ
балбатаць	balbatatsʲ
балгарка	baɫɣarka
балгарскі	baɫɣarskʲi
балгарын	baɫɣarɨn
балгарыя	baɫɣarɨja
балейкі	bolʲejkʲi
балелі	bolʲeɫʲi
балець	balʲetsʲ
балкон	bolkon
балконам	balkonam
балконах	balkonax
балконы	balkonɨ
балонках	balonkax
балоны	baɫonɨ
балот	baɫot
балота	baɫota
балотах	baɫotax
балотны	baɫotnɨ
балотнік	baɫotnʲik
балоты	paɫotɨ
балты	balte
балтыйскі	baɫtɨjskʲi
балу	baɫu
баль	balʲ
бальнай	paɫʲnaj
бальных	baɫʲnɨx
бальніца	balʲnʲitsa
бальніцай	bolʲnʲitsaj
бальніцу	paɫʲnʲitsu
бальніцы	baɫʲnʲitsɨ
бальшавікі	baɫʲʂovʲikʲi
балюстрада	balʲustrada
балючы	balʲutʂɨ
баляслаў	balasɫau̯
балівія	balʲivʲija
баліць	paɫʲitsʲ
бамбук	bambuk
бамбёжка	bambjou̯ʐka
бамбіць	bambʲitsʲ
бан	ban
банан	banan
бананы	bananɨ
бангладэш	banɣɫadɛʂ
банда	banda
бандарным	bandarnɨm
банды	bandɨ
бандыты	bandɨtɨ
банк	bank
банка	banka
банкам	bankam
банкет	bonkʲet
банкрут	bankrut
банкруцтва	bankrutstva
банку	panku
банкі	bankʲi
банкірам	bankʲiram
бант	bant
банькі	panʲkʲi
бар	bar
бар'ер	barjer
бар'ера	barjera
бар'ерам	barjeram
бар'ерамі	barjeramʲi
бар'ерах	barjerax
бар'ераў	barjerau̯
бар'ернымі	barjernɨmʲi
бар'еру	barjeru
бар'еры	barjerɨ
бара	bara
барабан	barabam
барабана	barabana
барабанам	barabanom
барабанную	barabannuju
баравым	baravɨm
баравікамі	baravʲikamʲi
барада	barada
барада	bˌɑrˈˈada
барадаты	baradatɨ
барадач	paradatʂ
барадзьбіт	boratsʲbʲit
барадой	baradoj
бараду	baradu
барады	baradɨ
баразна	barazna
бараку	baraku
барам	baram
баран	baran
барана	barana
баранавічы	baranavʲitʂɨ
барань	baranʲ
барані	baronʲi
бараніць	baranʲitsʲ
барацьба	porotsʲba
барва	barva
барвяны	barʋjanɨ
бард	bart
барды	bardɨ
барная	barnaja
бародаўка	barodau̯ka
барока	poroka
барон	baron
бароняць	baronʲatsʲ
барочнымі	barotʂnɨmɨ
барс	bɑrs
бару	baru
барханаў	barxanau̯
бархат	berxat
баршчам	barʂtʂam
баршчамі	barʂtʂamʲi
баршчах	barʂtʂax
баршчом	barʂtʂom
баршчоў	barʂtʂou̯
баршчу	barʂtʂu
баршчы	barʂtʂɨ
бары	barɨ
барый	baraj
барый	barɨj
барыня	barɨnʲa
барыні	barɨnʲi
барыс	barɨs
барыса	barɨsa
барысаў	barɨsau̯
барышу	barɨʂu
барэтары	barɛtarɨ
бас	bas
басам	basam
баскетбол	baskʲedboɫ
баскскі	baskskʲi
баснійскі	basʲnʲijskʲi
бастыён	bastɨjon
басу	basu
басурманы	basurmanɨ
батаніка	batanʲika
батаніка	bataˈnika
батанічны	batanʲitʂnɨ
батлейка	balʲejka
батон	baton
батрака	batraka
батраком	batrakom
батэ	batˈe
бахіма	baxʲima
бацвінне	batsʲvʲinʲːe
бацька	batsʲka
бацькам	batsʲkam
бацькамі	batsʲkamʲi
бацьках	batsʲkax
бацькаў	batsʲkau̯
бацьку	batsʲku
бацькі	batsʲkʲi
баця	batsʲa
бацян	batsʲan
бачанне	batʂanʲːe
бачаннем	batʂannʲem
бачання	batʂanʲːa
бачаць	batʂatsʲ
бачачы	patʂatʂɨ
бачком	batʂkom
бачна	potʂna
бачны	batʂnɨ
бачным	batʂnɨm
бачных	batʂnɨx
бачныя	patʂnɨja
бачу	botʂu
бачылася	batʂɨɫaʂja
бачылі	patʂɨɫʲi
бачым	botʂɨm
бачымся	patʂɨmʂja
бачына	batʂna
бачыце	batʂɨtsʲe
бачыцца	patʂɨtsːa
бачыць	batʂɨtsʲ
бачыш	botʂɨʂ
башку	baʂku
баю	bˈʌju
баявая	pojavaja
баявой	bajavoj
баявы	pojavɨ
баявых	baʲavɨx
баязлівыя	baʲazlʲivɨʲa
баян	bajan
баяр	bajar
баях	bojax
баяцца	bajatsːa
баяць	baʲetsʲ
баі	baʲi
баіцца	baʲitstsa
бег	bʲeɣ
бегай	bʲeɣaj
бегаць	bʲeɣatsʲ
бегемот	bʲeɣʲemot
бегла	bʲeɣɫa
бегчы	bʲextɨ
бегчы	bʲextʂɨ
бед	bʲed
бедна	bʲedna
беднай	pʲednaj
бедната	bʲednata
бедная	bʲednaʲa
бедны	bʲednɨ
беды	bʲedɨ
без	bʲes
безалкагольны	bʲezaɫkaɣolʲnɨ
безвынікова	bʲesvɨnʲikova
бездакорна	bezdakornɑ
бездань	bʲezdanʲ
безліч	bjezɫʲitʂ
безліч	bʲezlʲitʂ
безмеж	bʲezmʲiʂ
безнадзейнасць	bʲeznadzʲejnasʲtsʲ
безназоўны	bʲeznazou̯nɨ
безналу	bɛznaɫu
безумоўна	bɛzumou̯no
бекарэвіч	bʲikarɛvʲitʂ
белаазёрск	bʲeɫaazʲorsk
белавы	bʲeɫavɨ
белае	bʲeɫaje
беларус	bʲeɫarus
беларуса	bʲeɫarusa
беларусак	bʲeɫarusak
беларусамі	bʲeɫarusamji
беларусаў	bʲeɫarusau̯
беларуска	bʲeɫaruska
беларускага	bʲeɫaruskaɣa
беларускае	bʲeɫaruskaje
беларускай	bʲeɫaruskaj
беларускам	bʲeɫaruskam
беларускамоўны	bʲeɫaruskamou̯nɨ
беларускамоўныя	bʲeɫaruskamou̯dɨja
беларускаму	bʲeɫaruskamu
беларускаю	bʲeɫaruskaju
беларуская	bʲeɫaruskaja
беларуску	bʲeɫarusku
беларускую	bʲeɫaruskuju
беларускі	bʲeɫaruskʲi
беларускім	bʲeɫaruskʲim
беларускімі	bʲeɫaruskʲimʲi
беларускіх	bʲeɫaruskʲix
беларускіх	bʲeɫaruskʲiɫ
беларускія	bʲeɫaruskʲija
беларусу	bˈeɭarusu
беларусцы	bʲeɫarustsɨ
беларусы	bjelarusɨ
беларусы	bʲeɫarusɨ
беларусь	bʲeɫarus
беларусь	bʲeɫarusʲ
беларусяй	bʲeɫarusʲaj
беларусяю	bʲeɫarusʲaju
беларусі	bʲeɫarusʲi
беларусізацыя	bʲeɫarusʲisatsɨja
беларусізм	bʲeɫarusʲism
белая	bʲeɫaja
белы	bʲeɫɨ
белым	bʲelɨm
белымі	bjeɫɨmɨ
белыя	pʲeɫɨja
бельгіец	bʲelʲɣʲijets
бельгійка	bʲelʲɣʲijka
бельгійскі	bʲelʲɣʲijskʲi
бельгія	bʲelʲɣʲija
белі	bʲelʲi
беліз	bʲelʲis
бензін	bɛnzʲin
бензін	bʲanzʲin
бензін	bʲenzʲin
бензін	bʲenʲzʲin
бенін	bʲenʲin
бераг	bʲerax
берагла	bʲeraɣɫa
берагло	bʲeraɣɫo
бераглі	bʲeraɣlʲi
берагу	bʲeraɣu
берагуць	bʲeraɣutsʲ
берагчы	bʲeraktʂɨ
берагчы	bʲeraxtʂɨ
берагі	bʲerogʲi
беражаце	bʲeraʐatsʲe
беражом	bʲeraʐom
беражы	bʲeraʐɨ
беражыце	bʲeraʐɨtsʲe
беражэ	bʲeraʐɛ
беражэш	bʲeraʐɛʂ
беразіно	berazino
беразіно	bʲerazʲino
бераст	bʲerast
берасце	bʲerasʲtsʲe
берасьце	bʲerasʲtsʲe
бервяно	bʲervʲano
берклій	bʲerkɫʲi
берлін	bʲerlʲin
берлінцы	bʲerɫʲintsɨ
беручыся	bʲerutʂɨʂja
берылій	bʲerɨlʲij
бес	bʲes
бескарыслівасць	bʲeskarɨsʲlʲivasʲtsʲ
беспадстаўны	bɛspodstau̯nɨ
бесперастанку	bezpjerastonkɔ
бесперашкодна	bjaspʲeraʂkodna
беспрацоўны	bʲespratsou̯anɨ
бессаромны	bessaromnɨ
бессмяротны	bʲesʲːmʲarotnɨ
бесстаронні	bʲesːtaronʲːi
бесяць	bʲesʲatsʲ
бетон	bʲeton
бетону	bʲetonu
благаўсматрэнне	bɫaxau̯smotrɛnnʲe
благі	bɫaɣʲi
блакнот	bɫagnot
блакіт	bˈɫakit
блакітнавокі	bɫakʲidnavokʲi
блакітны	bɫakʲitnɨ
блакітнымі	blakʲitnɨmʲi
блакітныя	bɫakʲitnɨʲa
бледнай	blʲednaj
бледны	blʲednɨ
блефам	blʲefam
блешня	blʲeʂnʲa
блок	blok
блока	bɫoka
блоку	bɫoku
блох	bɫox
блохам	bɫoxam
блошкі	bɫoʂkʲi
блукайце	blukajtsʲe
блытае	bɫɨtaje
блытаныя	bɫɨtanɨʲa
блытаніна	bɫatanʲino
блытаніна	bɫɨtanʲina
блытаць	blɨdatsʲ
блытаўся	pɫɨtawsʲo
блыха	bɫɨxa
блюда	blʲuda
блюзнер	blʲuzʲnʲer
блядая	blʲadaja
блядыя	blʲadɨja
бляск	blʲask
бляскам	blʲaskam
бляхай	blʲaxaj
бляшанка	blʲaʂanka
блёкат	bɫʲokat
бліжэй	blʲiʐɛj
бліжэйшай	bɫʲiʐɛjʂaj
блізка	blʲiska
блізкай	plʲizkaj
блізкі	blʲiskʲi
блізкі	plˈiski
блізнюк	blʲizʲnʲuk
блізілася	bɭʲizʲiɫasja
блін	blʲin
бліндаж	blʲindaʂ
бліскавіца	blʲiskavʲitsa
бліскавіца	bɫʲiskavʲitsːa
бліскаючы	blʲiskajutʂɨ
бліскаўка	blʲiskau̯ka
бліскучым	bɫʲiskutʂɨm
бліснуў	blʲisnou̯
блішча	bɫʲiʂtʂa
блішчалі	bʲlʲiʂtʂaɫʲi
блішчасты	bɫʲiʂtʂastɨ
блішчаць	bɫʲiʂtʂatsʲ
блішчаў	bɫʲiʂtʂau̯
блішчыць	bɫʲiʂtʂɨtsʲ
блішчэлі	blʲiʂtʂɛɫʲi
бо	bo
боб	bob
боба	boba
бобрыкавым	bobrɨkavɨm
бог	box
бога	boɣo
богам	boɣam
богу	boɣo
богу	boɣu
божа	boʐa
божы	boʐɨ
божыя	boʐɨʲa
бой	boj
бойка	bojko
бойках	bojkax
бойкі	pojkʲi
бойня	bojnʲa
бойнях	bojnʲax
бойся	pojsja
бойцы	bojtsɨ
бок	bok
бока	boka
бокам	bogam
боксе	boksʲe
боксы	boksɨ
боку	bogu
боку	bˈoku
болей	bolʲej
болем	boɫɛm
боль	bolʲ
больш	bolʲʂ
больш-менш	bolʲʂmʲenʂ
большага	boɫʲʂaɣa
большай	boɫʲʂaj
большасць	bolʲʂasʲtsʲ
большасцю	bolʲʂasʲtsʲu
большасці	bolʲʂasʲtsʲi
большая	boɫʲʂaja
большых	bolʲʂɨx
болі	bolji
бомба	bomba
бомба	bomβa
бомбы	bombɨ
бор	bor
бора	bora
борзды	borzdɨ
борных	bornɨx
борт	bort
бортам	bortam
бору	boru
борце	bortsʲe
борця	borˈtja
боршч	borʂtʂ
босамі	bosamʲi
боскі	boskim
боснія	bosʲnʲija
босы	boʂɨ
бот	bot
ботам	botom
ботах	potax
боты	potɨ
бочачкі	potʂatʂkʲi
бочка	botʂka
бочках	potʂkax
бочку	potʂku
бою	boju
боўдзіла	bou̯dzʲeɫa
боўдзіла	bou̯tʲiɫa
бра	bɾa
бравурны	bravurnɨ
бравэрка	bravɨrka
брага	braɣa
брагай	braɣaj
брагінскі	braɦinski
брадзілі	bradzʲiɫʲi
бразільскі	brazʲilʲskʲi
бразілія	brazʲilʲija
брак	brak
бракавала	prakavaɫa
бракам	brakam
бракуе	prakuje
брала	brala
бралі	braɫʲi
брама	brama
брамай	pramaj
брамкай	bramkaj
брамкаю	bramkaju
брамкі	bramkʲi
брамнікам	bramnʲikam
браму	bramu
брамы	pramɨ
бранзалет	brantzolʲet
бранзалеты	branzaɫɛtɨ
бранск	branˈsx
бранскі	branskʲi
бранскіх	branskʲix
браняносец	branʲanosjatsʲ
браніслава	branʲisɫava
браніслаў	branʲisɫau̯
браслаў	brasɫau̯
браслаўскі	brasɫau̯skʲi
брат	brat
брата	brata
братавай	bratavaj
братам	protam
братамі	bratamʲi
братанік	bratanʲik
братаніца	bratanʲitsa
братаніч	bratanʲitʂ
братка	bradka
братні	bratnʲi
браток	pradok
братоў	bratow
брату	bratu
браты	brotɨ
брахалі	braxaɫji
брахалі	braxaɫʲi
брахаць	braxatsʲ
брахня	braxnʲa
браце	bratsʲe
браценік	bratˈenˈik
брацкай	bratskaj
брацкімі	bratskʲimʲi
брацтва	bratstva
браць	bratsʲ
браціслава	bratsʲisɫava
брашуры	brasurɨ
брашы	braʂɨ
браўся	brawsa
бровар	brovar
бровары	provarɨ
бровы	brovɨ
брод	brot
бродам	brodam
броду	brodu
бром	brom
бронза	branza
бронза	bronza
бронзавая	bronzovaja
бронзавых	bronzavɨx
бронзавыя	bronzavɨja
бронзу	bronzu
броня	bronʲa
броснеюць	brosʲːejutsʲ
бруд	brut
брудна	brudna
бруднай	brudnoj
брудны	brudnɨ
брудных	brudnɨx
бруду	prudu
брук	bruk
брукаваны	brukavonˈy
брус	brus
бруса	brusa
брускоў	bruskou̯
брусы	brusɨ
бруха	bruxa
бруха	bruxɐ
бруху	bruxu
брушку	brusku
брушная	bruʂnaja
брушны	bruʂnɨ
брушным	bruʂnɨm
бры	brɨ
брыво	brɨvo
брыгада	brɨɣada
брыгадай	prɨxadaj
брыгады	brɨɣadɨ
брыдка	brɛtka
брыдка	brɨdka
брыдкая	prɨdkaja
брыдкі	brɨtkʲi
брыдкі	brɾɨtki
брыдота	brɨdota
брыду	brɨtu
брызгліна	brɛzgʲːina
брызы	brɨzɨ
брыла	brɨɫa
брыль	brɨlʲ
брынза	rɨnza
брытанкі	prɨtankʲi
брытанская	brɨtanskaja
брытанскіх	brɨtanskʲix
брытанцы	brɨtanʲtsɨ
брытва	brɨtva
брыты	brɨtɨ
брычкі	brɨtʂkʲi
брэйкс	brɛjks
брэнд	brɛnt
брэндам	prɛntom
брэндзі	brɛnʲdzʲi
брэнды	prɛndɨ
брэст	brɛst
брэсцкі	brɛstskʲi
брэсцкі	brɛsʲtsʲːi
брэтонскага	prɛtonskaɣa
брэтонскі	brɛtonskʲi
брэх	brɛx
брэхам	prɛxam
брэша	brɛʂa
бубен	bubʲen
бубна	bubna
бубнач	bubnatʂ
бубны	bubnɨ
бубнявая	bumnʲavaja
будаваліся	budavalʲisja
будаванне	budavanʲːe
будаваным	budavanɨm
будавацца	budovatsːa
будаваць	budavatsʲ
будаваўся	budavau̯sja
будам	budam
будан	budan
будаўнікоў	budou̯nʲikou̯
будаўнічыя	budau̯nʲitʂɨja
буджу	budʒu
будзе	budzʲe
будзем	budzʲem
будзеце	budzʲetsʲe
будзеш	budzʲeʂ
будзь	butsʲ
будзьце	butsʲːe
будзільнік	budzʲilʲnʲik
будка	budka
будкі	butkʲi
будова	budova
будовай	budovaj
будовы	budovɨ
будоўля	budou̯lʲa
будоўлі	budou̯lʲi
буду	budu
будуе	buduɣe
будуецца	budujetsːa
будуецца	buduʲetstso
будуць	budutsʲ
будучае	budutʂaʲe
будучы	budutʂɨ
будучымі	budutʂɨmʲi
будучыню	budɛtʂɨʲːu
будучыня	budutʂɨnʲa
будучыняй	budutʂɨnʲaj
будучыні	budutʂɨnʲi
будую	budoju
будую	buduju
буды	budɨ
будызму	budɨzmu
будынак	budɨnak
будынка	budɨnko
будынкам	butɨnkam
будынках	budɨnkax
будынкаў	budɨnkau̯
будынку	budɨnku
будынкі	budɯnki
будыніна	budɨnʲina
буйвал	bujvɨɫ
буйна	bujna
буйная	bujnaja
буйней	bujnʲej
буйнога	bujnoɣa
буйное	bujnoʲe
буйной	bujnoj
буйную	bujnuju
буйны	bujnɨ
буйным	pujnɨm
буйнымі	bujnɨmɨ
буйных	pujnɨx
буйныя	bujnɨʲa
бук	buk
бук	nˈuk
бука	buka
букавых	bukavɨx
букавыя	bukavɨja
буква	bukva
буквар	bukvara
букет	bukjed
букет	bukˈet
букетам	bukʲetam
букеты	bukʲetɨ
буклет	buklʲed
буксы	buksɨ
букініст	budʲinʲist
букініст	bukʲinʲist
булава	buɫava
булавы	buɫavɨ
бульба	bulba
бульба	bulʲba
бульбай	bulʲbaj
бульбакапалка	bulʲbakapaɫka
бульбаю	bulʲbaju
бульбе	bulʲbʲe
бульбу	bulʲbu
бульбы	bulʲbɨ
бульбянік	bulʲbʲanʲik
бульвар	buɫʲvar
бульвара	puɫʲvara
булён	bolʲon
булён	bulʲon
булёну	buɫʲonu
бум	bum
буму	bumu
бунтам	buntam
бунту	buntu
бунты	bundɨ
бур	bur
бура	bura
бураватая	buravataja
бураватыя	burovatɨja
бурай	buraj
бурак	burak
буралом	buralom
бурачковы	buradʐkovɨ
бурачным	buratʂnɨm
бурая	buraja
бурбалка	burbaɫka
бурду	burdu
бурку	burku
буркі	burkʲi
бурнай	burnaj
бурную	burnuju
бурным	burnɨm
буру	buru
бурундук	burunduk
бурую	buruju
бурштыну	burʂtɨnu
буры	burɨ
бурым	burɨm
бурых	burɨx
бурыя	burɨja
бусел	busʲau̯
бусел	busʲeɫ
бусел	busˈeɭ
буслы	buzɫɨ
бусліха	busʲlʲixa
бутан	butan
бутафорыяй	butaforɨʲaj
бутоны	butonɨ
бутэлек	butɛlʲek
бутэлька	butɛlʲka
бутэльцы	butɛɫʲtsɨ
буфет	buxet
бухаць	puxaʲtsʲ
бухло	buxɫo
бухнулі	buxnuɫɨ
бухту	buxtu
бухты	buxtɨ
бухчу	buxtʂu
буццам	butsam
буш	buʂ
буякі	bujakʲi
буяную	bujanuju
буяць	bujatʲ
бы	bɨ
бывае	bɨvaje
бываеш	bɨvajeʂ
бывай	bɨvaj
бывалі	bɨvaɫʲi
бываць	bɨvatsʲ
бываю	bɨvaju
бываў	bɨvau̯
быдла	bɪdla
бык	bɨk
быка	bɨka
быкава	bɨkava
быкаў	bɨkau̯
быку	bɨku
была	bɨɫa
былая	bɨɫaja
было	bɨɫo
былога	bɨɫoɣa
былое	bɨɫoje
былой	bɨɫoj
былою	bɨɫoju
былую	bɨɫuju
былы	bɨɫɨ
былым	bɨɫɨm
былымі	bɨɫɨmʲi
былых	bɨɫɨx
былыя	bɨɫɨja
быльнік	bɨɫʲnʲik
былі	bɨlʲi
былі	bɨɫʲik
быстры	bɨstrɨ
быстрымі	bɨstrɨmʲi
быстрыня	bɨstrɨnʲa
быт	bɨt
бытавуха	bɨtavuxa
бытавую	bɨtavuju
бытавым	bɨtavɨm
бытавыя	pɨtavɨja
быту	bɨtu
быхаў	bɨxau̯
быць	bɨtsʲ
быў	bɨu̯
быўшага	bɨu̯ʂaɣa
быўшае	bɨu̯ʂaje
быўшай	bɨu̯ʂaj
быўшаму	bɨu̯ʂamu
быўшаю	bɨu̯ʂaju
быўшая	bɨu̯ʂaja
быўшую	bɨu̯ʂuju
быўшы	bɨu̯ʂɨ
быўшым	bɨu̯ʂɨm
быўшымі	bɨu̯ʂɨmʲi
быўшых	bɨu̯ʂɨx
быўшыя	bɨu̯ʂɨja
бэзу	bɛzu
бэзы	bɛˈzi
бэльгія	bɛlʲɣʲija
бэльку	bɛɫʲku
бэлькі	bɛɫʲkʲi
бэту	bɛtu
бюджэт	bʲudʐɛt
бюджэта	bjudʐɛta
бюджэтнай	bjudʐɛtnaj
бюджэтнікі	bjudʐɛtnʲikʲi
бюро	bʲuro
бягом	bjaɣom
бягу	bjaɣu
бягуць	bjaxutsʲ
бягучых	bʲaɣutʂɨx
бяда	bʲada
бяднеюць	bjadnʲejutsʲ
бядняцкі	bjadnʲatskʲi
бядро	bʲadro
бяду	bjadu
бядуй	bʲaduj
бядую	bjaduʲu
бяжы	bʲaʐɨ
бяжым	bʲaʂɨm
бязважкасць	bʲesvaʐkostsʲ
бязглузда	bʲesɣɫuzda
бязглузды	bʲazgɫuzdɨ
бяздонны	bʲezdonnɨ
бязладзіца	bjazɫadzʲitsːa
бязлюддзе	bʲazʲlʲudzʲːe
бязлюдны	bʲazʲlʲudnɨ
бязлітасны	bjazilitaznɨ
бязлітасны	bjazlʲidɛznɨ
бязмежжа	bʲesmʲeʐːa
бязмен	bjazmeˈn
бязь	bʲasʲ
бялград	bʲaɫɣrat
бялелася	bjaɫɛɫasja
бялынічы	bʲaɫɨnʲitʂɨ
бялявы	bjaɫʲavɨ
бяляш	bʲalʲaʂ
бялізна	bjalizna
бярог	bʲarox
бяроза	bjarɔza
бяроза	bʲaroza
бярозавым	bjarozavɨm
бярозавік	bʲarozavʲik
бярозах	bʲarozax
бярозаўка	bʲarozau̯ka
бярозу	bʲarozu
бярозы	bjarosɨ
бяром	bjarom
бяру	bɛru
бяруся	bjarusja
бяруць	bjarutsʲ
бяры	bjarɨ
бярыце	bʲarɨtsʲe
бярэ	bʲarɛ
бярэмя	bʲarɛmʲa
бярэсце	bjarɛzːɛ
бярэш	bʲarɛʂ
бяседа	bjaʂʲada
бясконца	bjeskontsa
бясконцы	bjeskontsɨ
бясконцыя	bjaskontsɨja
бяспека	bʲasʲpʲeka
бяспецы	bʲaspʲetsɨ
бяспечную	bʲaspʲetʂnuju
бяспечны	bʲasʲpʲetʂnɨ
бяссонны	bʲasːonːɨ
бясспрэчныя	bjazprɛtʂnɨja
бі	bʲi
біблія	biblia
бібліятэка	bʲiblʲijatɛka
бібліятэкар	bʲiblʲijatɛkar
бібліятэкарка	bʲiblʲijatɛkarka
бігборды	bʲixbordɨ
бізнес	bʲizʲnʲes
бізнесмен	bʲiznɛsmɛn
бізнесмен	bʲizʲnʲesmɛn
бізнесмен	bʲizʲnʲesmʲen
бізнэс	bʲiznɛs
бізон	bizoːn
бізун	bizun
бізун	bʲizun
білася	bʲiɫasʲa
бінокль	bʲinoklʲ
бінты	bʲintɨ
біржы	bʲirʐɨ
бірка	pʲirka
бірманскі	bʲirmanskʲi
біруза	bʲiruza
бірузовы	bʲiruzovɨ
біс	bʲis
біскуп	bʲiskup
біскупы	biskupɨ
бісмарка	bizmorka
бітва	bʲitva
бітву	bʲitvu
бітком	pʲitkom
біфштэкс	bifʃtɛks
біцця	bʲitsʲtsʲa
біць	bʲitsʲ
біць	bˈits
бічы	bʲitʂɨ
бішкек	bʲiʂkʲek
біяграфія	bʲijaɣrafʲija
біялагічных	bʲijaɫagʲitʂnɨx
біялогія	bʲijaɫoɣʲija
б’ю	bju
б’юць	bjutʂʲ
в	ɫɯ̞
в'етнам	vjetnam
в'етнамскі	vjetnamskʲi
вaбольнікі	vaboɫʲnʲikʲi
ва	va
вабяць	vabʲatsʲ
вабіла	vabʲiɫa
вавёрка	vavjorka
вавёрка	vavʲorka
ваг	vax
вага	vaɣa
вагам	vaɣam
вагамі	vaɣamʲi
вагах	vaɣax
вагонам	vaɣonam
вагоне	vaɣonʲe
вагоны	vaɣonɨ
вагі	vaɣʲi
вада	vada
вадарод	vadarot
вадаспад	vadaspat
вадаспаду	vadaʂpadu
вадаспады	vadaspadɨ
вадасховішча	vatazxovʲiʂtʂɨ
вадаём	vadaʲom
вадаёмах	vadaʲomax
вадаёмы	vadajomɨ
вадзяны	vadzʲanɨ
вадзяным	vadzʲanɨm
вадзянік	vadzʲanʲik
вадзім	vadzʲim
вадзіць	vadzʲitsʲ
вадкасць	vatkasʲtsʲ
вадкая	vatkaja
вадкі	vatkʲi
вадкія	vadkʲija
вадою	vadoju
ваду	votu
вады	vadɨ
ваенна-паляўнічы	vaʲennapalʲau̯nʲitʂɨ
ваенна-следчы	vaʲenaslʲettʂɨ
ваенна-ўліковы	vaʲennau̯ɫʲikovɨ
ваеннай	vaʲennaj
ваенная	vʌjˈennaja
ваенную	vajennuju
ваенных	vajennɨx
ваеншчыны	vaʲenʂtʂɨnɨ
важак	vaʐak
важаць	vaʐatsʲ
важкі	vaʂkʲi
важна	vaʐna
важнасці	vaʐnasʲtsʲi
важная	vaʐnoʲa
важней	vaʐʲːej
важнейшай	vaʐnʲejʂaj
важную	vaʐnuʲu
важны	vaʐnɨ
важным	vaʐnɨm
важныя	vaʂnɨja
ваз	vaz
вазамі	vazamji
вазапісу	vazapʲisu
вазах	vazax
вазках	vaskax
вазок	pazok
вазонам	vazonam
вазоны	vaʐonɨ
вазочак	vazotʂak
вазочкамі	vasotʂkamʲi
вазоўня	vazou̯nʲa
вазьму	vazʲmu
вазьмі	vazʲmʲi
вазіла	vazʲiɫa
вазіць	vazʲitsʲ
вайна	ajna
вайна	vajna
вайне	vajnʲe
вайной	vajnoj
вайною	vajnoju
вайну	vajnu
вайны	vajnɨ
вайнярчук	vajnʲartʂuk
вайсковы	pajskovɨ
вайсковымі	vajskovɨmʲi
вакальнай	vakalʲnaj
вакацый	vakatsɨj
вакзал	vaksal
вакзальны	vokzalʲnɨ
вакна	vakna
вакно	vakno
вакол	vakoɫ
ваколіцы	vakolʲitsɨ
вакульскі	vakulʲski
вакуум	vakum
вакцына	vaktsɨna
вакцынацыя	vaktsɨnatsɨja
вакцыну	vaktsɨnu
вал	vaɫ
вала	vaɫa
валакно	vaɫakno
валам	vaɫam
валамі	vaɫamʲi
валаскамі	vaɫaskamʲi
валах	vaɫax
валахаты	vaɫaxatɨ
валачобных	volatʂobnɨx
валачы	vaɫatʂɨ
валерый	valʲerɨj
валоданне	vaɫodanʲːe
валодзька	vaɫotsʲka
валодзька	vaɫutsʲka
валожын	vaɫoʐɨn
валоў	vaɫou̯
валтузіў	vɔltuziw
валуй	vaɫuj
валун	vaɫun
валы	vaɫɨ
валынку	voɫɨnku
валькірыя	valʲkʲirɨja
валэндаецца	valɛndaʲetsːa
валюта	valuta
валютай	vaɫʲutaj
валютных	valjutnɨx
валя	valʲa
валянцін	valʲanʲtsʲin
валяр'ян	valʲaɾɫjan
валёнкі	valʲonkʲi
валі	valʲi
валіза	valʲiza
валізе	valʲizʲe
валізы	valʲizɨ
валійскі	valʲijskʲi
вам	vam
вампір	vampʲir
вамі	vamʲi
ванда	vanda
вандал	vandaɫ
вандравала	vandravaɫa
вандраванне	vandravannʲe
вандроўка	vandrowka
вандроўны	vandrou̯nɨ
вандруеш	vandruʲeʂ
ванна	vanːa
ванная	vanːaja
ванную	vannuju
ванны	vannɨ
вантроба	vantroba
ванюшку	vajnʲuʂku
ваніль	vonʲiɫʲ
ванітаваць	vanʲedavatsʲ
ванітаваць	vanʲitavatsʲ
ваніты	vonʲitɨ
вапна	vapna
вапнавы	vapnavɨ
вапну	vapnu
вапны	vapnɨ
вапнякамі	vapnʲakamji
вапняковы	vapnʲakovɨ
вапняком	vapnʲakom
вар	var
вар'ят	varja
вар'ят	varjat
вар'ятка	varɨjatko
вар'яцець	varjatsʲets
вар'яцкі	varjatskʲi
варажба	varaʒba
варажбіткі	varaʐbʲitkʲi
варажыць	paraʐɨtsʲ
вараную	varanuju
вараны	varanɨ
вараныя	varanɨja
варатар	varatar
варатаром	varatarom
варатары	varatarɨ
варвар	varvar
варвара	varvara
варні	varɲi
варожы	varoʐɨ
варожыш	varoʐɨʂ
варон	varon
варона	varona
варонамі	varonamʲi
варонку	varonku
варону	varonu
варот	varot
варотамі	varotamʲi
вароты	varotɨ
варочаць	varotʂatsʲ
варта	varta
варта	vˈˈaɾtˈa
вартавы	vardavɨ
вартавым	vartavɨm
вартавых	vartavɨx
вартавыя	vartavɨja
вартая	vartaja
вартаўнік	vartau̯nʲik
вартоўня	vortou̯nʲa
варту	vartu
вартую	vartuju
варты	vardɨ
вартыя	vartɨja
варункі	varunkʲi
варухнуцца	varuxnutsːa
варушыліся	varuʂɨɫʲisja
варушыцца	varuʂɨtsːa
варце	vartsʲe
варшава	varʂava
варым	varɨm
варыце	varɨtsʲe
варыцца	varɨtsːa
варыянт	varɨjant
варыянта	varɨjanta
варыянтах	varɨʲantax
варыянту	varɨjantu
варыянты	varɨjantɨ
варыяцый	varɨʲatsɨj
варэнік	varɛnʲik
вар’яцкая	varɨjatskaja
вас	vas
вас	vˈas
васьмярым	vasʲmʲarɨm
васьмярымі	vasʲmʲarɨmʲi
васьмярых	vasʲmʲarɨx
васьмёра	vasʲmʲora
васьмі	vasʲmʲi
васьмідзесяты	vasʲmʲidzʲesʲatɨ
васьмісоты	vasʲmʲisotɨ
васямнаццаты	vasʲamnatsːatɨ
васямнаццаць	vasʲamnatsːatsʲ
васілевічы	vasʲilʲevʲitʂɨ
васіль	vasʲilʲ
васіліса	vasʲilʲisːa
васіліск	vasʲilʲisk
вата	vata
ватовыя	vatovɨja
ватрушкі	votruʂkʲi
вату	vatu
ватыканскі	vatɨkanskʲi
вахтавы	vaxtavɨ
вахтавым	vaxtavɨm
вахце	vaxtsʲe
вахцёр	vaxtsʲor
вачам	vatʂam
вачамі	vatʂamji
вачах	votʂax
вачмі	vatʃmʲi
вачыма	ɣatʂɨma
вачэй	vatʂɛj
ваш	vaʂ
ваша	vaʂa
вашай	vasaj
вашаму	vaʂamu
вашывых	vaʂɨvɨx
вашым	voʂɨm
вашых	vaʂɨx
вашыя	vosɨja
ваяваць	vajavatsʲ
ваяваць	voʲavatsʲ
ваяводзтва	tvajavodsdva
ваяводзіна	vojavodzʲina
ваўкавыск	vau̯kavɨsk
ваўкаві́шкі	vau̯kavʲiʂkʲi
ваўкалак	vau̯kaɫak
ваўкі	vauki
ваўчанск	vau̯tʂansk
ваўчыца	vau̯tʂɨtsːa
ведае	vʲedajɛ
ведаем	vɛdajem
ведай	vʲedaj
ведала	vˈedoɭa
ведалі	vʲadaɫʲi
ведам	vʲedam
веданне	vʲedannʲe
ведах	vʲedax
ведаць	vʲedatsʲ
ведаць	vˈedats
ведаю	vʲedaju
ведаюць	vjedojutsʲ
ведаў	vʲedaw
ведзьма	vetzma
ведзьма	vʲedzʲma
веды	vjedɨ
вежа	vʲeʐa
вежай	vjeʐaj
вежкі	vʲeʂkʲi
вежу	vʲeʐu
вежы	vʲeʐɨ
везлі	vjezlʲi
везці	vʲesʲtsʲi
вейка	vʲejka
век	vʲek
века	vˈeka
векам	vʲekam
веку	vɛku
векі	vʲekʲi
веласіпед	vʲeɫasʲipʲet
вельмі	vʲelʲmʲi
велізарныя	vʲeɫʲizarnɨja
велікамучанік	vʲelʲikamutʂanʲik
велікамучаніца	vʲelʲikamutʂanʲitsa
веліч	vʲelʲitʂ
велічальны	vʲelʲitʂaɫʲnɨ
велічы	vʲelʲitʂɨ
велічыня	vʲelʲitʂɨnʲa
велічыні	vʲeɫʲitʂɨnʲi
вен	vʲen
вена	zʲana
венгерка	vʲenɣʲerka
венгерскі	vʲenɣʲerskʲi
венгр	vʲenɣr
венгры	vʲenɣrɨ
венгрыя	vʲenɣrɨja
венера	vjanʲera
венера	vʲenʲera
венералогія	vʲenʲeraɫoɣʲija
венерычных	vʲenɛrɨtʂnɨx
венесуэла	vʲenʲesuɛɫa
вентыляцыяй	vʲentɨlʲatsɨʲaj
венчыкі	vʲentʂɨkʲi
вер	vʲer
вера	vʲera
верабей	vʲerabʲej
верагодна	vjeraɣodna
верагодны	vʲeraɣodnɨ
верагодных	vʲeraɣodnɨx
верад	vʲerat
верадзіць	vʲeradzʲitsʲ
верай	vʲeraj
веранда	vjeranda
веранды	vʲerandɨ
вераніца	vʲeronʲitsa
верасе	vʲerasʲe
верасень	vʲerasʲenʲ
верасеньскі	vʲerasʲenʲskʲi
верасня	vʲeroʂnʲa
верасні	vʲeraʂnʲi
верасовы	vʲerosovɨ
верасу	vʲerasu
вераць	vʲeratsʲ
верацяно	vʲeratsʲano
вербальнай	vʲerbaɫʲnaj
вербны	vʲerbnɨ
вермахт	vʲermaxt
верна	vɛrna
вернута	vʲernuta
вернуты	vʲernutɨ
вернуцца	vjernutsːa
верны	vʲernɨ
вернік	vˈɛrnik
вернікі	fʲernʲiʲːi
верніца	vʲernʲitsa
версе	vjersʲe
версій	vʲersʲij
версію	vʲersʲiju
версія	vʲersʲija
версіям	vʲersʲijam
версіямі	vʲersʲijamʲi
версіях	vʲersʲijax
версіі	vʲersʲiji
верталёт	vʲertalʲot
веру	vjeru
верфі	vʲerfʲi
верх	vʲerx
верхавіна	vʲerxavʲina
верхнелужыцкі	vʲerxnʲeɫuʐɨtskʲi
верхнядзвінск	vʲerxnʲadzʲvʲinsk
верхні	vʲerxnʲi
верхнім	vʲerxʲːim
верхнія	vʲerxʲːija
верху	vʲerxu
верце	vʲertsʲe
верцяць	vʲertsʲatsʲ
верш	vʲerʂ
вершаліна	vʲarʂalʲina
вершамі	vʲerʂamʲi
вершах	vʲersax
вершаў	vʲerʂau̯
вершы	vɛrʂɨ
вершыкі	vʲerʂɨkʲi
вершыні	vʲerʂɨnʲi
веры	vʲerɨ
верылася	vʲerɨɫaʂja
верым	vʲerɨm
верыць	vʲerɨtsʲ
вестка	vʲestka
вестку	vʲestku
весці	vʲesʲtsʲi
весь	vʲesʲ
весь	vˈes
вета	vɛta
ветка	vʲetka
веткаўскі	vʲatkau̯skʲi
ветла	vʲetɫa
ветлы	vʲetɫɨ
ветлым	vʲetlɨm
ветлівы	vʲetlʲivɨ
ветлівы	vʲetɫʲivɨ
ветравых	vʲetravɨx
ветразь	vʲetrasʲ
ветразі	vʲetrazʲi
ветрака	vʲetraka
ветрам	vʲetram
ветраны	vʲetranɨ
ветраным	vʲetranɨm
ветры	vʲetrɨ
вецер	vʲetsʲer
вецер	vˈetˈer
веча	vʲetʂa
вечар	vjɛtʂar
вечар	vʲetʂar
вечара	vʲetʂara
вечараваць	nʲatʂaravatsʲ
вечарам	vjɛtʂoram
вечарамі	vʲetʂaramʲi
вечаровым	vʲetʂarovɨm
вечароў	vʲetʂarou̯
вечарынак	vʲetʂarɨnak
вечкам	vʲetʂgam
вечна	vʲetʂna
вечнай	vʲetʂnoj
вечная	vʲetʂnoja
вечны	vʲetʂnɨ
вечным	vʲetʂnɨm
вечнымі	vʲetʂnɨmʲi
вечы	vʲetʂɨ
вешаць	vʲeʂatsʲ
влтава	vɔltava
во	vo
во	vˈo
вобад	vobad
воблака	vobɫaka
вобласць	vobɫasʲtsʲ
вобра	vobra
вобраз	vobras
вобразы	vobrazɨ
вова	vova
вогнішча	voɣnʲistʂa
вогнішчавы	voɣnʲiɕtʂavɨ
вод	vot
водам	vodam
водаправод	vodapravod
водар	vodar
водарасць	vodarasʲtsʲ
водарасці	vodarasʲtsʲi
водару	vodaru
водары	vodarɨ
водах	votax
водгалас	vodɣɫas
водгук	vˈodʒuk
водгуку	vodɣuku
водгукі	vodɣukʲi
водгулле	vodɣulʲe
водзяцца	vodzʲatstsa
водка	votka
водна-зялёны	votnazjaɫʲonɨ
воднага	vodnaɣa
водны	vodnɨ
водным	vodnɨm
воднымі	vodnɨmʲi
водных	votnɨx
водныя	vodnɨja
водца	votːsa
воды	vodɨ
водыр	vodɨr
вожык	voʐɨk
вожык-рыба	voʂɨkrɨba
вожыку	voʐɨku
вожыкі	voʐɨkʲi
воз	voz
воз	vus
возгры	vˈozgrʌ
возе	vozʲe
возера	vozʲera
возеры	vozjerɨ
возьме	vozʲmʲe
возьмецца	vosʲmʲetstsa
возьмеш	vozʲmʲeʂ
возьмуцца	vosʲmutsːa
возім	vosʲim
возіць	vozʲitsʲ
войн	vojn
войнах	vojnax
войны	vojnɨ
войск	vojsk
войска	vojska
войскам	vojskam
войску	vojsku
войскі	vojskʲi
войтам	vojtam
войту	vojtu
вока	voka
вока	vˈoka
вокам	vokom
вокладка	vokɫadkɑ
вокнах	voknox
вокнаў	voknaw
вокны	voknɨ
воку	voku
вол	voɫ
вол	vˈɔɫ
волава	voɫava
волакам	volokam
волас	voɫas
воласць	voɫasʲtsʲ
волат	voɫat
вольга	volʲɣa
вользе	volʲzʲe
вольных	volʲnɨx
вольскі	voɫʲskʲi
вольфія	volʲfʲija
вольха	volʲxa
вольхі	volʲxʲi
волю	voɫju
воля	voʲːa
воляй	volʲaj
волі	voɫʲi
вон	von
вонкавае	vonkavaʲe
вонкавай	vongavaj
вонкавы	vonkavɨ
вонкавымі	vonkavɨmʲi
вонкі	vonkʲi
вопратка	vopratka
вопраткай	vopratkaj
вопратку	vopratku
вопраткі	vopratkʲi
вопыт	vopɨt
вопытам	vopɨtam
вопыту	vopɨtu
вопыце	vopɨtsʲe
вораг	vorax
ворага	voroxo
ворагаў	voraxau̯
воран	voran
ворным	vornɨm
ворных	vornɨx
ворыва	vorɨva
ворыва	vorɨvak
вос	vos
восем	vosʲem
восем	vosʲim
восем	vˈosim
восемдзесят	vosʲemdzʲesʲat
восемсот	vosʲemsot
восенню	vosʲenʲːu
восень	vosʲenʲ
восені	vosʲanʲi
воск	vosk
воскам	voskam
воску	vosku
воспа	vospa
воспіны	voʂpʲinɨ
востра	vostra
востраву	vosdravu
востраў	vostrau̯
вострую	vostruju
востры	vostrɨ
вострых	vostrɨx
вострыя	vostrɪja
вострыя	voʂtrɨʲa
вось	vosʲ
вось	vˈos
вось	ʂto
восьмай	vosʲmoj
восьмую	vosʲmuju
восьмы	vosʲmɨ
восьмым	vosʲmɨm
восі	vosji
вотруб'і	votrubʲi
воцат	votsat
воцат	vˈotsʌt
воцату	votsatu
вочка	votʂka
вочкамі	votʂkamʲi
вочках	votʂkax
вочкі	votʂkʲi
вочным	votʂnɨm
вочных	votʂnɨx
вочныя	votʂnɨja
вочы	votʂɨ
вош	voʂ
вош	vˈoʃ
вошы	vosɨ
воін	moin
воіны	vojinɨ
воўк	vok
воўк	vou̯k
воўна	vou̯na
воўчыя	vou̯tʂɨʲa
вроцлаў	vrotsɫau̯
вугал	vuɣaɫ
вугаль	vuɣalʲ
вугаля	vuɣalʲa
вугалі	vuɣalʲi
вугла	vuɣɫa
вуглавым	vuɣlavɨm
вуглы	vuɣlɨ
вуглярод	vuɣlʲarot
вугольчык	vuɣolʲtʂɨk
вугор	vuɣor
вугоршчына	vuɣorʂtʂɨna
вуд	vud
вуда	vuda
вудзяць	vudzʲatsʲ
вуду	vudu
вуды	vudɨ
вуж	vuʂ
вужака	vuʐaka
вужы	vuʐɨ
вуза	vˈuza
вуздэчка	vuzdɛtʂka
вузел	vuzʲeɫ
вузенькім	vuzʲenʲkʲim
вузенькіх	vuzʲenʲkʲix
вузкую	vˈuzgujum
вузкі	vuskʲi
вузкі	vˈuzkiju
вузкімі	vuzkʲimʲi
вузкія	vuzkʲija
вузлах	vuzɫax
вузлом	vuzlom
вузлы	vuzɫɨ
вуй	voj
вулей	vulʲej
вулкан	vuɫkan
вулкана	vuɫkana
вулканы	vuɫganɨ
вуліц	vulʲits
вуліца	vulʲitsa
вуліца	vuˈljitsa
вуліцаю	vuɫʲitsaju
вуліцу	vuɫʲitsu
вуліцы	vuɫjitsɨ
вулічках	vuɫʲitʂkax
вулічкі	vuɫʲitʂkʲi
вулічнай	vuɫʲitʂnaj
вулічныя	vuɫʲitʂnɨja
вунь	vonʲ
вунь	vunʲ
вус	vus
вусень	vusʲenʲ
вусна	vusna
вуснах	vuznax
вусную	vusnuju
вусны	vusni
вусны	vusnɨ
вустрыца	vustrɨtsa
вусціш	vˈusʲtsʲiʒ
вусы	vusɨ
вусы	vusɪ
вусік	vusʲik
вуха	vuxa
вухам	vuxam
вуху	vuxu
вучань	vutʂanʲ
вучаніцы	vutʂanʲitsɨ
вучнем	vutʂnʲem
вучню	vutʂnʲu
вучня	vutʂnʲa
вучням	vutʂnʲam
вучнямі	vutʂnʲamʲi
вучнях	vutʂnʲax
вучняў	vutʂnʲau̯
вучні	vutʂnʲi
вучні	vutʃnʲi
вучобу	vutʂobu
вучобы	vutʂobɨ
вучонага	vutʂonaɣa
вучонай	vutʂonaj
вучонаму	vutʂonamu
вучоны	vutʂonɨ
вучоным	vutʂonɨm
вучоных	vutʂonɨx
вучоныя	vutʂonɨja
вучу	vutʂu
вучы	vutʂɨ
вучыла	vutʂɨɫa
вучылі	vutʂɨɫʲi
вучылішча	vutʂɨlʲiʂtʂa
вучылішчы	vutʂɨɫʲistʂɨ
вучым	vutʂɨm
вучыцца	vutʂɨtsːa
вучыць	vutʂɨtsʲ
вучыш	vutʂɨʂ
вучэбны	vutʂɛbnɨ
вучэбныя	vutʂɛbnɨja
вучэльні	vutʂɛɫʲnʲi
вучэнні	vutʂɛnnʲi
вушам	vuʂam
вушамі	vuʂamʲi
вушах	vuʂax
вушка	vuʂka
вушкам	vuʂkam
вушкамі	vuʂkamʲi
вушны	vuʂnɨ
вушныя	vuʂnɨja
вушы	vuʂɨ
вушэй	vuʂɛj
вы	vɨ
выбар	vɨbar
выбарам	vɨbaram
выбарамі	vɨbaramʲi
выбарка	vɨbarka
выбарку	vɨbarku
выбаркі	vɨbarkʲi
выбарнага	vɨbarnaɣa
выбарны	vɨbarnɨ
выбару	vɨbaru
выбарцам	vɨbartsam
выбарчых	vɨbartʂɨx
выбаршчык	vɨbarʂtʂɨk
выбары	vɨbarɨ
выбачай	vɨbatʂaj
выбачайце	vɨbatʂajtsʲe
выбачыла	vɨpotʂɨɫa
выбачыць	vɨbatʂɨtsʲ
выбегчы	vɨbʲextʂɨ
выберам	vɨbʲeram
выбрала	vɨbraɫa
выбралі	vɨbraɫʲi
выбраліся	vɨbraɫjiʂja
выбраны	vɨbranɨ
выбраным	vɨbranɨm
выбраных	vɨbranɨx
выбрацца	vɨbratsːa
выбраць	vɨbratsʲ
выбрыкам	vɨbrɨkam
выбрыкі	vɨbrɨkʲi
выбудоўваю	vɨbudou̯vaju
выбух	vɨbux
выбух	vɨbɔx
выбухала	vɨbuxaɫa
выбухамі	vɨbuxamʲi
выбухах	vɨbuxax
выбухне	vɨbuxnʲe
выбухнула	vɨbuxnula
выбухны	vɨbuxnɨ
выбухным	vɨbuxnɨm
выбуховая	vɨbuxovaja
выбуховую	vɨbuxovuju
выбуховым	vɨbuxovɨm
выбуховых	vɨbuxovɨx
выбуховыя	vɨbuxovɨja
выбуху	vɨpuxu
выбухі	vɨbuxʲi
выбыла	vɨbɨɫa
выбыць	vɨbɨtsʲ
выбягае	vɨbʲaɣaʲe
выбівалі	vɨbʲivaɫʲi
выбілася	vɨbʲiɫaʂja
выбілі	vɨbjiɫji
выбірае	vɨbʲiraɛ
выбіраем	vɨbʲiraʲam
выбіраць	vɨpʲiratsʲ
выбіраюць	vɨbʲiraʲutsʲ
выбітая	vɛbʲitaja
выбітнай	vɨbʲitnaj
выбітная	vɨbʲidnaja
выбітным	vɨbʲidnɨm
выбіць	vɨbʲitsʲ
выбіў	vɨbˈiɭ
вывадзіць	vɨvadsʲitsʲ
выварочвалі	vɨvarotʂvaɫʲi
вывезьці	vɨvʲesʲtsʲi
вывеліся	vɨvʲiɫʲisja
вывеў	vɨjavʲau̯
выводзіцца	vɨvodzʲitstsa
выводзіў	vɨvodzʲiu̯
вывучала	vɨvutʂala
вывучана	vɨvutʂana
вывучаны	vɨvutʂanɨ
вывучаных	vɨvutʂanɨx
вывучаць	vɨvutʂatsʲ
вывучаўся	vɨvutʂawsja
вывучу	vɨvutʂu
вывучы	vɨvutʂɨ
вывучылі	vɨvutʂɨlʲi
вывучыць	vɨvutʂɨtsʲ
вывучыў	vɨvutʂɨw
вывучэнне	vɨvutʂɛnnʲe
вывучэння	vɨvutʂɛnnʲa
вывучэнні	vɨvutʂɛnnʲi
вывіх	vɨvʲix
вывіху	vɨvʲixu
выгада	vɨɣada
выгадаваны	vɨɣadavanɨ
выгадна	vɨɣatna
выгадней	vɨɣadnʲej
выгадным	vɨɣadnɨm
выгаду	vɨɣadu
выгады	vɨɣadɨ
выганах	vɨɣanax
выгану	vɨxanu
выганяла	vɨɣanʲaɫa
выганіш	vɨxanʲiʂ
выгляд	vɨklʲat
выглядае	vɨɣlʲadajɛ
выглядаем	vɨɣlʲadaʲem
выглядаць	vɨɣlʲadatsʲ
выгляду	vɨɣlʲadu
выгнання	vɨɣnannʲa
выгнаны	vɨɣnonɨ
выгнутай	vɨɣnutaj
выгнутая	vɨɣnutaja
выго́да	vɨɣoda
выго́цкі	vɨɣotskʲi
выгодах	vɨɣodax
выгодна	vɨxodna
выгулу	vɨxulu
выдаваць	vɨdavatsʲ
выдавец	vɨdavʲets
выдавецкай	vɨdavʲetskaj
выдавецкая	vɨdavʲetskaja
выдавецкую	vɨdavʲetskuju
выдавецтвам	vɨdavʲetstvam
выдавецтвах	vɨdavʲetstvax
выдавецтву	vɨdavʲetstvu
выдавецтвы	vɨdavʲetstvɨ
выдадзены	vɨdadzʲenɨ
выдадзім	vɨdadzʲim
выдадуць	vɨdadutsʲ
выдае	vɨdajɛ
выдае	vɨdaʲe
выдаецца	vɨdaʲetstsa
выдала	vɨdala
выдаліць	vɨdalʲitsʲ
выдаліць	vɨdaɫʲitsʲ
выдам	vɨdom
выданне	vɨdannɛ
выдання	vɨdannʲa
выданняў	vɨdannʲau̯
выданні	vɛdannʲi
выдаткаў	vɨtatkau̯
выдаткі	vɨdatkʲi
выдаткі	vɨdotkʲi
выдатна	vɨdotno
выдатнага	vɨdatnaɣa
выдатная	vɨdadnaʲa
выдатную	vɨdotnuju
выдатны	vɨdatnɨ
выдатным	vɨdatnɨm
выдатных	vɨdotnɨx
выдатныя	vɨdatnɨja
выдах	vɨdax
выдаць	vɨdatsʲ
выдача	vɨdatʂa
выдачу	vɨdatʂu
выдачы	vɨdotʂɨ
выдаюцца	vɨdajutsːa
выдзяляе	vɨdzjalʲaʲe
выдма	vɨjadma
выдмамі	vɨdmamji
выдмы	vɨdmɨ
выдра	vɨdra
выдрукавана	vɨdrukavana
выдумак	vɨdumak
выдумала	vɨdumaɫa
выдуманым	vɨdumanɨm
выдуманыя	vɨdumanɨja
выдумаць	vɨdumatsʲ
выдумваць	vɨdumvatsʲ
выдумкі	vɨdumkʲi
выдумляць	vɨdumulʲatsʲ
выдумляць	vɨdumʲːatsʲ
выдыхаць	vɨdɨxatsʲ
выебаць	vɨjebatsʲ
выехалі	vɨjexaɫʲi
выехаць	vɨʲexaʲtsʲ
выжарыны	vɨʐarɨnɨ
выжаць	vɨʂatsʲ
выжыву	vɨʐɨvu
выжыла	vɨʐɨɫa
выжыў	vɨʐɨw
вызваленне	vɨzvalʲenʲːe
вызвалення	vɨzvalʲenʲːa
вызвалены	vɨzbalʲenɨ
вызваліцца	vɨzvalʲitstsa
вызваліць	vɨzvaɫʲitsʲ
вызнае	vɨznaʲe
вызнаем	vɨznaʲem
вызначае	vɨznatʂaʲe
вызначальная	vɨsnadʐoɫʲnaja
вызначальных	vɨznatʂaɫʲnɨx
вызначалі	vɨznatʂaɫʲi
вызначаліся	vɨznatʂaɫʲiʂja
вызначаная	vɨznatʂanaja
вызначаных	vɨznatʂanɨx
вызначаныя	vɨznatʂanɨja
вызначаць	vɨznatʂatsʲ
вызначаю	vɨznatʂaʲu
вызначаюць	vɨznodʐajutsʲ
вызначаўся	vɨznatʂou̯sja
вызначыла	vɨznatʂɨɫa
вызначылася	vɨznatʂɨɫasja
вызначылі	vɨznatʂɨɫʲi
вызначылі	vɨznɨtʂɨlʲi
вызначыліся	vɨznatʂɨɫʲisja
вызначыцца	vɨznatʂɨtsːo
вызначыць	vɨznatʂɨtsʲ
вызначэнне	vɨznatʂɛnnʲe
вый!	vɨj
выйграе	vɨjɣroʲe
выйгралі	vɨjɣraɫji
выйгрыш	vɨjɣrɨʂ
выйдзе	vɨjdsʲe
выйду	vɨjdu
выйсці	vɨjsʲtsʲi
выйшла	vɨjʂɫa
выйшлі	vɨjʂɫʲi
выказана	vɨkazana
выказванне	vɨkasvonʲːe
выказванні	vɨkazvanʲːi
выказваю	vɨkasvaʲu
выказваю	vɨkazvoju
выканае	vɨganaʲe
выканала	vɨkanaɫa
выканалі	vɨkanalʲi
выканана	vɨganana
выкананнем	vɨkanannʲem
выканання	vɨkananʲːa
выкананні	vɨkonannʲi
выкананы	vɨgananɨ
выкананым	vɨkananɨm
выкананыя	vɨkananɨja
выканаць	vɨkanatsʲ
выканаю	vɨkanaju
выканаюць	vɨkanajuʲtsʲ
выканаў	vɨkanou̯
выканаўца	vɨkonau̯tsɛ
выканаўцаў	vɨkanau̯tsaw
выканаўчы	vɨkanau̯tʂɨ
выканкомам	vɨgankomam
выканнем	vɨkonnʲem
выкапалі	vɨkapoɫʲi
выкапана	vɨkapana
выкапаць	vɨkapatsʲ
выкапень	vɨkapʲenʲ
выкараніць	vɨgaranʲitsʲ
выкарчаваць	vɨkartʂovatsʲ
выкарыстала	vɨkarɨstaɫa
выкарыстана	vɨkarɨstana
выкарыстаць	vɨkarɨstatsʲ
выкарыстоўваць	vɨkarɨstou̯vatsʲ
выкаць	vɨkatsʲ
выкацілася	vɨkatʂɨɫasja
выкладае	vɨkɫadaʲe
выкладалі	vɨkɫadaɫʲi
выкладаюць	vɨgɫadajutsʲ
выкладаў	vɨgɫadau̯
выкладвае	vɨkladvaʲe
выкладваць	vɨkɫadvatsʲ
выкладзена	vɨgɫadzʲena
выкладу	vɨkɫadu
выкладчыкі	vɨkɫadtʂɨkʲi
выключаць	vɨklʲutʂatsʲ
выключнае	vɨklʲutʂnaja
выклікае	vɨklʲikaɛ
выклікалі	vɨklʲigalʲi
выкліканыя	vɨglʲikanɨja
выклікаць	vɨklʲikˈatsʲ
выклікаў	vɨklʲikau̯
выкліку	vɨklʲiku
выклікі	vɨkɫʲikʲi
выклічнік	vɨklʲitʂnʲik
выклічуць	vɨkɫʲitʂutsʲ
выконвае	vɨkonvaʲa
выконвалі	vɨkonvaɫʲi
выконваць	vɨkonnatsʲ
выконваць	vɨkonvaʲtsʲ
выконваю	vɨkonvaju
выконваюць	vɨkonvajutsʲ
выконваў	vɨkonvaw
выкраданне	vɨkradanʲːe
выкрасліць	vɨkraʂɫʲitsʲ
выкройвала	vɨkrojvaɫa
выкрутасы	vɨkrutasɨ
выкручвацца	vɨkrutʂvatsːo
выкрывала	vɨkrɨvaɫa
выкрыкваць	vɨkrɨgvatsʲ
выкрыкі	vɨkrɨkʲi
выкрыла	vɨkrɨɫa
выкрыць	vɨkrɨtsʲ
выкуп	vɨkup
выкупу	vɨkupu
выкупяць	vɨkupʲatsʲ
выкупіла	vɨkupʲiɫa
выкупіць	vɨkupʲitsʲ
выкід	vɨkʲit
выкідаў	vɨkʲidau̯
выкіды	vɨkʲidɨ
выкінеш	vɨkʲinʲeʂ
выкіну	vɨkʲinu
выкінуты	vɨkʲinutɨ
выкінуць	vɨkʲinutsʲ
вылазак	vɨɫazag
вылазяць	vɨɫazʲatsʲ
вылазіць	vɨɫazʲitsʲ
вылазіў	vɨɫazʲiu̯
вылет	vɨlʲet
вылечу	vɨlʲetʂu
вылучае	vɨɫutʂai̯e
вылучаецца	vɨɫutʂaʲetstsa
вылучала	vɨɫutʂaɫa
вылучана	vɨɫutʂana
вылучаны	vɨɫutʂanɨ
вылучанымі	vɨɫutʂanɨmʲi
вылучаюцца	vɨɫutʂajutsːa
вылучаюцца	vɨɫutʂaʲetstsa
вылучылі	vɨɫutʂɨlɨ
вылучыць	vɨɫutʂɨʲtsʲ
вылятаць	vɨlʲadatsʲ
вылі	vɨlʲi
выліцца	vɨlʲitstsa
вылічэнні	vɨɫʲitʂɛnnʲi
вымавіць	vɨmavʲitsʲ
вымагае	vɨmaxaʲe
вымаліў	vɨʲmaɫʲiu̯
вымаюць	vɨmajutsʲ
вымаўленьне	vɨmau̯lʲennʲe
вымаўляць	vɨmau̯lʲatsʲ
вымер	vɨmʲer
вымерлым	vɨmʲerɫɨm
вымерлых	vɨmɛrlɨx
вымернай	vɨmʲernaj
вымова	vɨmova
вымову	vɨmovu
вымовы	vɨmovɨ
вымучана	vɨmutʂana
вымушаны	vɨmuʂanɨ
вымушаных	vɨmuʂanɨx
вымушаныя	vɨmuʂanɨja
вымыты	vɨmɨtɨ
вымя	vɨmʲa
вымярэння	vɨmjarɛnnʲa
вымярэннях	vɨmjarɛnʲːax
вынасам	vɨnasom
вынасным	vɨnasnɨm
вынасу	vɨnasu
вынаходак	vɨnaxodak
вынаходнік	vɨnaxodnʲik
вынаходнікі	vɨnaxodnʲikʲi
вынаходніцтва	vɨnaxodnʲitstva
вынаходніцтвам	vɨnaxodnʲitstvom
вынаходства	vɨnaxotstva
вынаходцы	vɨnaxodtsɨ
выносяць	vɨnosʲatsʲ
выносілі	vɨnosʲilʲi
выносіцца	vɨnosʲitstsa
выносіць	vɨnosʲitsʲ
выношу	vɨnosu
выняла	vɨnʲaɫa
вынятак	vɨnʲatak
выняткам	vɨnʲatkam
вынятковы	vɨnʲatkovɨ
выняткі	vɨnʲatkʲi
выняты	vɨnʲatɨ
вынік	vɨnʲik
вынік	vˈynik
вынікам	vɨnʲigam
вынікамі	vɨnʲikamji
выніках	vɨnʲikax
вынікаў	vɨnʲikou̯
вынікла	vɨnʲikɫa
выніковае	vɨnʲikovaʲa
выніковая	vɨnʲikovaja
выніковы	vɨnʲigovɨ
выніку	vɨnʲiku
вынікі	vɨnʲikʲi
вынішчаюць	vɨnʲiʂtʂaʲutsʲ
вынішчыць	vɨʲːuʂtʂɨtsʲ
вып'е	vɨpje
вып'ю	vɨpju
выпадак	vɨpadak
выпадкам	vɨpatkam
выпадкамі	vɨpatkamʲi
выпадках	vɨpatkax
выпадкаў	vɨpatkau̯
выпадкова	vɨpodgova
выпадковы	vɨpatkovɨ
выпадковых	vɨpatkovɨx
выпадку	vɨpatku
выпадкі	vɨpatkʲi
выпала	vɨpoɫa
выпальваць	vɨpaɫʲvatsʲ
выпаліць	vɨpaɫʲitsʲ
выпараны	vɨparanɨ
выпарэння	vɨparɛnnʲa
выпас	vɨpas
выпасы	vɨpasɨ
выперлі	vɨpʲerɫʲi
выплакала	vɨpɫakaɫa
выплат	vɨpɫad
выплату	vɨpɫatu
выплаты	vɨpɫadɨ
выплаціць	vɨplatsʲitsʲ
выплачвала	vɨplatʂvala
выплыву	vɨpɫɨvu
выпрабаванне	vɨprabavanʲːe
выпрабаваннях	vɨprabavannʲax
выпрабаваны	vɨprabavanɨ
выправай	vɨpravaj
выправы	vɨpravɨ
выправяць	vɨpravʲatsʲ
выправілася	vɨpravʲiɫasja
выправім	vɨpravʲim
выправіць	vɨpravjitsʲ
выправіць	vɨpravʲitsʲ
выправіўся	vɨpravʲau̯sja
выпраг	vɨprax
выпрамілася	vɨpramʲiɫasja
выпрастаць	vɨprostatsʲ
выпрацаваны	vɨpratsavonɨ
выпрацаваных	vɨpratsavanɨx
выпрацаваць	vɨpratsavatsː
выпукла	vɨpukɫa
выпуклага	vɨpukɫaɣa
выпуклая	vɨpukɫaja
выпуклы	vɨpukɫɨ
выпуклым	vɨpuklɨm
выпуклых	vɨpukɫɨx
выпуклыя	vɨpuklɨja
выпукляйце	vɨpuklʲajtsʲe
выпуск	vɨpusk
выпускаем	vɨpuskaʲem
выпускала	vɨpuskaɫa
выпускаюць	vɨpuskajuʲtsʲ
выпускаў	vɨpuskou̯
выпускны	vɨpusknɨ
выпускных	vɨpusknɨx
выпуску	vɨpusku
выпусціла	vɨpusʲtsʲiɫa
выпусцілі	vɨpusʲtsʲiɫʲi
выпушчаная	vɨpuʂtʂanaja
выпушчаны	vɨpustʂanɨ
выпушчаныя	vɨpuʂtʂanɨja
выпушчу	vɨpustʂu
выпі	vɨpʲi
выпіваю	vɨpʲivaju
выпіваюць	vɨpʲivajutsʲ
выпісваў	vɨpʲisvau̯
выпіскі	vɨpʲiskʲi
выпіць	vɨpʲitsʲ
выпіў	vɨpʲiu̯
выпіўкі	vɨpʲiu̯kʲi
выраб	vɨrap
вырабам	vɨrabom
вырабамі	vɨrobamji
вырабах	vɨrabax
вырабляе	vɨrablʲaje
вырабляецца	vɨraplʲaʲetstsa
вырабляла	vɨrabʲːaɫa
вырабляліся	vɨraplʲaɫʲisja
вырабу	vɨrabu
вырабы	vɨrabɨ
вырабяць	vɨrabʲatsʲ
вырабіць	vɨrabʲitsʲ
вырадкі	vɨratkʲi
выражаецца	vɨraʐaʲetstsa
выражана	vɨraʐana
выражаная	vɨraʐanaja
выражаную	vɨraʐanuju
выражаныя	vɨraʐanɨja
выраз	vɨras
выразаны	vɨrasanɨ
выразна	vɨrazna
выразнай	vɨraznaj
выразнасцю	vɨraznasʲtsʲu
выразнасці	vɨraznasʲtsʲi
выразны	vɨraznɨ
выразныя	vɨrasnɨja
выразу	vɨrazu
выразы	vɨrazɨ
выразы	vɨrozi
выразіць	vɨrazʲitsʲ
вырай	vɨraj
вырак	vɨrag
выракае	vɨrakaʲe
выракся	vɨraksja
выраку	vɨraku
вырас	vɨros
выраслі	vɨrasɫʲi
вырастае	vɨrastaʲe
вырастаць	vɨrastatsʲ
вырасту	vɨrastu
вырастуць	wɨrasdutsʲ
выратавала	vɨratavaɫa
выратаваныя	vɨratavanɨja
выратавацца	vɨratavatsːa
выратаваць	vɨratavatsʲ
выратуй	vɨratuj
выратую	vɨratuju
вырашае	vɨraʂaʲa
вырашалася	vɨroʂaɫasʲa
вырашальным	vɨroʂaɫʲnɨm
вырашаны	vɨroʂanɨ
вырашаныя	vɨraʂanɨja
вырашаць	vɨroʂatsʲ
вырашаю	vɨrasaju
вырашаю	vɨroʂaʲu
вырашаў	vɨrasau̯
вырашыла	vɨraʂɨɫa
вырашылі	vɨraʂɨɫji
вырашым	vɨraʂɨm
вырашыцца	vɨraʂɨtsːa
вырашыць	vɨraʂɨtsʲ
вырашыш	vɨraʂɨʂ
вырашыў	vɨroʂɨw
вырашэнне	vɨraʂɛnnʲe
вырашэння	vɨraʂɛnnʲa
вырашэнні	vɨraʂɛnnʲi
выраяў	vɨraʲau̯
вырванае	vɨrvanaʲe
вырваная	vɨrvanaja
вырваны	vɨrvonɨ
вырваўся	vɨrvou̯sja
вырвецца	vɨrvʲetstsa
вырвуць	vɨrvutsʲ
вырошчваецца	vɨroʂtʂvaʲetstso
вырошчвалі	vɨroʂtʂvaɫʲi
вырошчвать	vɨroʂtʂvatsʲ
вырошчваць	vɨroʂtʂvatsʲ
вырывае	vɨrɨvaʲe
высаджаныя	vɨsadʐanɨja
высадка	vɨsotka
высакагорных	vɨsakaɣornɨx
высакосны	vɨsakosnɨ
высалапіць	vɨsaɫapʲitsʲ
высах	vɨsax
высветліць	vɨsvʲetlʲitsʲ
высвятляецца	vɨʂvʲatlʲaʲetstsa
высвятляць	vɨsvʲetlʲatsʲ
высечаны	vɨjsʲatʂanɨ
высечаны	vɨsʲetʂanɨ
высечка	vɨsʲetʂka
высечках	vɨsʲetʂkax
выскалішся	vɨskalʲiʂsja
выскачка	vɨskatʂka
выскачу	vɨskatʂu
выскачыла	vɨzkatʂɨɫa
выскачылі	vɨskatʂɨɫʲi
выскачыць	vɨskatʂɨtsʲ
выскачыш	vɨzkatʂɨʂ
выслана	vɨsɫana
выслаць	vɨsɫatsʲ
выслоўе	vɨsɫou̯je
выслоўі	vɨsɫou̯ji
выслухаем	vɨsluxaʲem
выслізганыя	vɨsɫʲisɣanɨja
высмалены	vɨsmɨlʲenɨ
высновах	vɨsnovax
выснову	vɨsnovu
высновы	vɨʂnovɨ
высока	vɨsoka
высокага	vɨsokaɣo
высокае	vysokaje
высокае	vɨsokaje
высокай	vɨsogaj
высокаму	vɨsokamu
высокая	vɨsokaʲa
высокая	vɨsˈokʌja
высокую	vɨsokuju
высокі	vɨsokʲi
высокім	vɨsoʲːim
выспа	vɨjspo
выспа	vɨspa
выспамі	vɨspamʲi
выспе	vɨspʲe
выспу	vɨspu
выспявання	vɨspjavannʲa
выспяваць	vɨspjavatsʲ
выссаць	vɨsːatsʲ
выставай	vɨstavaj
выставах	vɨstavax
выставачнай	vɨstavotʂnaj
выставачную	vɨstavatʂnuʲu
выставіла	vɨstavʲiɫa
выстаяць	vɨstajatsʲ
выстаў	vɨstau̯
выступ	vɨstup
выступае	vɨstupaʲa
выступала	vɨstupaɫo
выступалі	vɨstupaɫɨ
выступаць	vɨstupaʲtsʲ
выступаю	vɨstupaʲu
выступаюць	vɨʂtupajutsʲ
выступаў	vɨstupau̯
выступу	vɨstupu
выступы	vɨstupɨ
выступіла	vɨstupʲiɫa
выступілі	vɨstupʲilʲi
выступіць	vɨstupʲitsʲ
высунуўшы	vɨsanuu̯ʂɨ
высушылі	vɨsuʂɨɫʲi
высылаць	vɨsɨɫatsʲ
высыпала	vɨsɨpaɫa
высыхання	vɨsɨxannʲa
высіцца	vɨsʲitstsa
вытанчаным	vɨtantʂanɨm
вытанчаных	vɨdantʂanɨx
вытанчаныя	vɨtantʂanɨja
вытаптаны	vɨdaptanɨ
вытвараў	vɨtvarau̯
вытворны	vɨtvornɨ
вытворныя	vɨtvornɨja
вытворца	vɨtvortsa
вытворцы	vɨtvortsɨ
вытворчасць	vɨtvortʂasʲtsʲ
вытворчасці	vɨtvortʂastsʲi
вытворчая	vɨtvortʂaʲa
вытворчы	vɨtvortʂɨ
вытворчым	vɨtvortʂɨm
вытворчых	vɨtvortʂɨx
вытворчыя	vɨtvortʂɨʲa
вытлумачыць	vɨtɫumatʂɨtsʲ
выток	vɨtok
вытокам	vɨtokam
вытокаў	vɨtokaw
вытокі	vɨtokʲi
вытрас	vɨtras
вытрымала	vɨtrɨmala
вытрыманыя	vɨtrɨmanɨja
вытрымаць	vɨtrɨmatsʲ
вытрымаў	vɨtrɨmaw
вытрымку	vɨtrɨmku
вытрымлівае	vɨtrɨmɫʲivaje
выхавальнік	vɨxavalʲnʲik
выхавальніца	vɨxavalʲnʲitsa
выхавання	vɨxavanʲːa
выхаванцаў	vɨxavantsau̯
выхаванцы	vɨxavantsɨ
выхаваны	vɨxavanɨ
выхаваўчай	vɨxavou̯tʂaj
выхад	vɨxod
выхадам	vɨxadam
выхадзе	vɨxadsʲe
выхадзіць	vɨxadzʲitsʲ
выхадны	vɨxadnɨ
выхадцы	vɨxadtsɨ
выхады	vɨxadɨ
выхапіўшы	vɨxopʲeu̯ʂɨ
выходжу	vɨxodʂu
выходзяць	vɨxodzʲatsʲ
выходзіла	vɨxodzʲiɫa
выходзіць	vɨxodzʲitsʲ
выходзіў	vɨxodzʲiu̯
выходны	vɨxodnɨ
выходных	vɨxodnɨx
выходныя	vɨxodnɨʲa
выцвілыя	vɨtsvʲiɫɨja
выцерла	vɨtsʲerɫa
выцягваць	vɨtsˈjɑɣvatsʲ
выцягваючы	vɨtsːjaɣvojutʂɨ
выцінанкі	vɨtsʲinankʲi
вычарпаны	vɨtʂarpanɨ
вышка	vɨʂka
вышкаленую	vɨʂkalʲenuju
вышкі	vɨʂkʲi
вышуку	vɨʂuku
вышчарыцца	vɨʂtʂɛrɨtstsa
вышыванка	vɨʂɨvanka
вышыванку	vɨʂɨvanku
вышываны	vɨʂɨvonɨ
вышываць	vɨʂɨvatsʲ
вышыннай	vɨʂɨnnaj
вышынь	vɨʂɨnʲ
вышыню	vɨʂɨnʲu
вышыняў	vɨʂɨnʲaw
вышынёй	vɨʂɨnʲoj
вышыні	vɨʂɨnʲi
вышэй	vɨʂɛj
вышэйшая	vɨʂɛjʂaja
вышэйшы	vɨʂɛjsɨ
вышэйшы	vɨʂɛjʂɨ
вышэйшым	vɨʂɛjsɨm
вышэйшымі	vɨʂɛjʂɨmʲi
вышэць	vɨʂɛjtsʲ
выява	vɨjava
выявай	vɨʲavaj
выявамі	vɨjavamji
выявы	vɨjavɨ
выявіла	vɨjavʲiɫa
выявілі	vɨjavʲiɫʲi
выявіць	vɨjavʲitsʲ
выявіў	vɨjavʲiu̯
выявіўся	vɨjavʲiu̯sja
выязджаў	vɨjazdʐaw
выяўленай	vɨjau̯lʲenaj
выяўляе	vɨjau̯lʲaʲe
выяўляцца	vɨjau̯lʲatsːa
выяўляць	vɨjau̯lʲatsʲ
вы…	vɨ
вэ	vɛ
вэ́нта	vˈɛnta
вэнджаны	vɛntʐanɨ
вэнджаным	vɛndʐanɨm
вэнджаных	vɛndʐanɨx
вядзем	vʲatsʲem
вядзецца	vjatsʲetstso
вядома	vʲadoma
вядомая	vjadomaja
вядомы	vʲadomɨ
вядомым	vʲadomɨm
вядомымі	vjadomɨmʲi
вядомых	vjadomɨx
вядомыя	vjatomɨʲa
вядомыя	vʲadumɨja
вядоўца	vjadou̯tsɨ
вядра	vjadra
вядро	vʲadro
вяду	vjadu
вяду	vˈadu
вядуцца	vjadutsːa
вядуць	vjadutsʲ
вядучага	vjatutʂaɣa
вядучы	vjatutʂɨ
вядучым	vjadutʂɨm
вядучымі	vjadutʂɨmʲi
вядучых	vjatutʂɨx
вядучыя	vjadutʂɨja
вяз	vʲas
вязаныя	vjazanɨja
вязаць	vʲazatsʲ
вязень	vʲazʲenʲ
вязку	vjasku
вязня	vjaznʲa
вязням	vjaznʲam
вязні	vjaʐnʲi
вязніцы	vjaznʲitsɨ
вякі	vjakʲi
вялася	vjalaʂja
вяльможны	vʲelʲmoʐnɨ
вялі	vʲalʲi
вялізны	vʲalʲiznɨ
вялізныя	vjaɫʲiznɨja
вяліка	vʲalʲika
вялікабрытанія	vʲalʲikabrɨtanʲija
вялікая	vjaljigaja
вялікая	vʲælʲikaja
вялікдзень	vʲalʲigdzʲenʲ
вялікую	vʲaɫʲiguju
вялікі	vʲalʲikʲi
вялікім	vjaɫʲikʲim
вялікімі	vʲaɫʲikʲimʲi
вялікіх	vjaɫʲikʲix
вялікія	vjaɫʲikʲija
вянка	vʲanka
вянку	vjanku
вянкі	vjankʲi
вянок	vʲanok
вяночка	vjanotʂka
вяпрук	vʲapruk
вярба	vʲarba
вярблюд	vʲarblʲut
вярбы	vjarbɨ
вяргейчык	vʲarɣʲejtʂɨk
вярзуць	vjarzutsʲ
вярнула	vjarnula
вярнулася	vjarnuɫasja
вярнулі	vʲarnuɫʲi
вярнуцца	vʲarnutsːa
вярні	vʲarnʲi
вяроўка	dʲarou̯ka
вяроўка	vʲarou̯ka
вярсты	vjarstɨ
вяртаннем	vjartannʲem
вяртанню	vjartonnʲu
вяртання	vjartannʲa
вяртацца	vjartatsːa
вяртаючыся	vʲortajutʂɨsja
вярхам	vjarxam
вярховым	vjarxovɨm
вярхом	vʲarxom
вярчальнага	vjartʂaɫʲnaɣa
вярчальныя	vjartʂaɫʲnɨja
вярчэннем	vjartʂɛnnʲem
вярчэння	vjartʂɛnnʲa
вяршкі	vʲarʂkʲi
вяршыню	vjarʂɨnʲu
вяршыня	vjarʂɨnʲa
вяселле	vʲasʲelʲːe
вясенні	vʲasʲenʲːi
вясковай	vjaskovaj
вясковец	vʲazkovʲets
вясковы	lʲaʂkovɨ
вясковы	vjaskovɨ
вясковых	vjaskovɨx
вясковыя	vjaʂkovɨja
вяскоўца	vjasgowtsa
вяскоўцы	vʲasgou̯tsɨ
вясло	vʲasɫo
вясна	vɛsna
вясна	vʲasna
вясне	vʲazʲːe
вясновымі	vjasnovɨmʲi
вясновых	vjaʂnovɨx
вясной	vjaʂnoj
вясны	vjaʂnɨ
вясёлага	vjasʲoɫaɣa
вясёлка	pjaʂʲoɫka
вясёлка	vʲasʲoɫka
вясёлы	vʲasʲoɫo
вясёлы	vʲasʲoɫɨ
вясёлым	vjaʂʲolɨm
вятрак	vʲatrak
вятрамі	vʲatramʲi
вятры	vjatrɨ
вяха	vjaxa
вяхотка	vjarxotko
вяхір	vʲaxʲir
вяцічы	vʲatsʲitʂɨ
вячаслаў	vʲatʂasɫau̯
вячка	vʲatʂka
вячорка	vʲatʂorka
вячоркі	vʲatʂorkʲi
вячэра	vʲatʂora
вячэра	vʲatʂɛra
вячэраць	vʲatʂɛratsʲ
вячэрняга	vjatʂɛrnʲaɣa
вячэрнім	vʲatʂɛrnʲim
вячэру	dʲatʂɛru
вячэру	vjatʂɛru
вячэры	vʲatʂɛrɨ
вёдры	vʲodrɨ
вёз	vjoz
вёска	vʲaska
вёска	vʲoska
вёску	vʲosku
вёскі	vjoskʲi
вёсцы	vʲostsɨ
від	bʲit
від	vʲid
віда	vʲida
відавочна	vʲitavotʂna
відавочны	vʲidavotʂnɨ
відавочны	ʋʲidavotʂnɨ
відах	vʲidax
відаць	vidatsʲ
відаць	vʲidatsʲ
відаў	vʲidau̯
відзе	vjitsʲe
відно	vʲidno
відны	vʲidnɨ
відным	vʲidnɨm
відных	vʲidnɨx
відовішча	vʲidovʲiʂtʂa
відочна	vʲidotʂna
відочная	vʲidotʂnaja
відочны	vʲidotʂnɨ
відочным	vʲidotʂnɨm
відушчы	vʲiduʂtʂɨ
відэа	vidɛa
відэа	vʲidɛa
відэакліп	vʲidɛaklʲip
відэлец	vʲidɛlʲets
відэлец	vʲidɛʲːets
відэльцы	vʲidɛɫʲtsɨ
віжаваць	vʲiʐavatsʲ
віз	vʲiz
віза	vʲiza
візавых	vʲizavɨx
візавыя	vʲizavɨja
візаві	vʲizavʲi
візу	vjizu
візы	vʲizɨ
візітоўка	vʲizʲitou̯ka
візітоўніца	vʲizʲitou̯nʲitsa
віка	vʲika
вікарыя	vʲikarɨʲa
вікенцій	vʲikʲenʲtsʲij
віконт	vʲikont
віктар	vʲiktar
віктарын	vʲiktarɨn
вікторыя	vʲiktorɨja
вікі	vʲikʲi
вікіпедыя	vʲikʲipʲedɨja
вікіпэдыя	vʲikʲipɛdɨja
віла	vʲiɫa
віламі	vʲiɫamʲi
вілейка	vʲilʲejka
вілейка	vˈiːlɪɛjkˈa
віленшчына	vʲiɫʲenʂtʂɨna
вільготнасьць	vʲiɫʲɣotnastsʲ
вільготная	vʲiɫʲiɣotnaja
вільготны	vʲilʲɣotnɨ
вільню	vʲilʲnʲu
вільнюс	vʲilʲnʲus
вільня	vʲilʲnʲa
вільчык	vʲiɫʲtʂɨk
він	vʲin
віна	vʲina
вінавальны	vʲinavalʲnɨ
вінаваты	vʲinavatɨ
вінаватым	vʲinavatɨm
вінаград	vʲenaɣrad
вінаградных	vʲinaɣradnɨx
вінаграднік	vʲinaɣradnʲik
вінаграду	vʲinaɣradu
вінамі	vʲinamʲi
вінаробны	vʲinarobnɨ
вінегрэт	vʲinʲeɣrɛt
вінная	vʲinnaja
вінны	vjinnɨ
вінных	vʲinnɨx
вінныя	vʲinnɨja
вінніца	vʲinʲːitsa
віно	vino
віно	vʲino
віной	vʲinoj
віном	vʲinom
вінтовачныя	vʲintovotʂnɨja
віну	vʲinu
вінцэнта	vʲintsɛnta
віншавала	vʲinʂavaɫa
віншавалі	vʲinʂavalʲi
віншаванне	vʲinʂavannʲe
віншаваць	vʲinʂavatsʲ
віншаваў	vʲinʂavau̯
віншуе	vʲinʂuje
віншуем	vʲinʂujem
віншуем	vʲinʂuʲe
віншуеце	vʲinʂujetsʲe
віншуеш	vʲinʂujeʂ
віншуй	vʲinʂuj
віншуйце	vʲinʂujtsʲe
віншую	vʲinʂuju
віншуюць	vʲinʂujutsʲ
віны	vʲinɨ
вініць	vʲinʲitsʲ
вір	vʲir
вірус	vʲirus
віруса	vʲirusa
вірусныя	vjirusnɨja
вірусы	vʲirusɨ
віры	virɨ
віры	vʲirɨ
вісела	vʲisʲeɫa
віселі	visˈele
вісець	vʲisʲetsʲ
віск	vʲisk
віскат	vˈisgʌt
віскі	liski
віскі	vʲiskʲi
вісла	vʲisɫa
вісмут	vismud
вісус	visus
вісусы	vjsusɨ
вісіць	vʲisʲitsʲ
вітае	vitajɛ
вітаемся	vʲataʲemsja
вітаецца	vʲitaʲetstsa
вітай	vʲitaj
віталь	vʲitalʲ
віталій	vʲitalʲij
вітанні	vʲitanːʲi
вітаць	vʲitatsʲ
вітаю	vitaju
вітаю	vɨtaju
вітаю	vʲitaju
вітаю!	vʲitaju
вітаюся	vjitaʲusja
вітаюць	vʲatajutsʲ
вітаўт	vʲitau̯t
вітком	vʲidkom
віток	vʲitok
вітрыне	vʲitrɨnʲe
віхор	vixor
віхры	vʲixrɨ
віхура	vʲixura
віхуры	vʲixurɨ
віцебск	vʲitsʲepsk
віцебск	vʲitsʲetsk
віцебскі	vʲitsʲepskʲi
віцебскім	vʲitsʲepskʲim
вішня	vʲiʂnʲa
віялета	vʲijalʲeta
віўся	ʁiwˈsʲa
га	ɣa
габарытных	ɣabarɨtnɨx
габой	ɣaboj
габрэй	ɣabrɛj
габрэі	ɣabrɛʲi
гаваркі	ɣavarkʲi
гаварлівы	ɣavarlʲivɨ
гавару	ɣavaru
гавары	ɣavarɨ
гаварыла	ɣavarɨɫa
гаварылі	ɣavarɨlʲi
гаварыце	ɣavarɨtsʲe
гаварыць	ɣavarɨtsʲ
гаварыць	ɣavɑrɨtsʲ
гаварыў	ɣavarɨu̯
гавораць	ɣavoratsʲ
гаворачы	ɣavoratʂɨ
гаворка	ɣavorga
гаворку	ɣavorku
гаворкі	ɣavorkʲi
гаворым	ɣavorɨm
гаворыце	ɣavorɨtsʲe
гаворыцца	ɣovorɨtsːo
гаворыць	ɣavorɨtsʲ
гаворыш	ɣavorɨʂ
гад	ɣat
гадавую	xadavuju
гадавых	ɣadavɨx
гадах	ɣadax
гадзін	ɣadzʲin
гадзіна	ɣadzʲina
гадзінай	ɣadzʲinaj
гадзінаў	ɣadzʲinau̯
гадзінны	ɣadzʲinnɨ
гадзіннік	ɣadzʲinʲːik
гадзіну	xadzjinu
гадзіць	ɣadzʲitsʲ
гадкай	xadkaj
гадоў	xadow
гадоўля	ɦadou̯lʲa
гадуе	xaduʲe
гадуй	ɣaduj
гадуюцца	ɣaduʲetsːo
гады	ɣadɨ
газ	fas
газ	gas
газ	ɣas
газа	gaza
газа	ɣaza
газа-	ɣaza
газамі	ɣazamʲi
газах	ɣazax
газаю	ɣazaju
газе	ɣazʲe
газет	ɣazʲet
газета	ɣazʲeta
газнічка	gaznʲitʂka
газовачка	ɣazovatʂka
газы	gazɨ
газэта	gazɛta
газэта	ɣazɛta
гай	ɣaj
гайдаць	ɣajdatsʲ
гайдук	ɣajdˈuk
гайка	ɣajka
гайкі	ɣajkʲi
гайнаўка	ɣajnau̯ka
галава	ɣaɫava
галаве	ɣaɫavje
галавешкі	ɣaɫavʲeʂkʲi
галавой	ɣaɫavoj
галаву	ɣoɫavu
галавы	ɣaɫavɨ
галадае	ɦaɫadaje
галактыцы	ɣaɫaktɨtsɨ
галамоўза	ɣɛɫamou̯za
галандскі	ɣaɫantskʲi
галас	ɣaɫas
галасаванне	aɫosavannʲe
галасаванне	ɣaɫasavanʲːe
галасы	ɣalasɨ
гален	ɣalʲen
галенне	ɣalʲeʲːe
галення	ɣalʲennʲa
галерэй	ɣalʲerɛj
галечы	ɣalʲetʂɨ
галку	ɣaɫku
гало	ɣaɫo
галовах	ɣalovax
галодны	ɣaɫodnɨ
галодны	ɦaɫodnɨ
галодным	ɣaɫodnɨm
галосны	ɣaɫosnɨ
галоснымі	ɣaɫosnɨmʲi
галосных	ɣaɫosnɨx
галоў	ɣaɫou̯
галоўка	ɣaɫou̯ka
галоўнае	ɣalou̯naʲe
галоўнай	ɣaɫou̯naj
галоўная	ɣaɫou̯naja
галоўны	ɣaɫou̯nɨ
галоўнымі	ɣaɫou̯nɨmʲi
галстук	ɣaɫstuk
галушкі	ɣaɫuʂkʲi
гальмо	ɣalʲmo
гальштук	ɣalʲʂtuk
галяком	ɣalʲakom
галёкае	ɣalʲokaje
галёнка	ɣalʲonka
галін	ɣalʲin
галіна	ɣalʲina
галінка	ɣalʲinko
галіной	ɣalʲinoj
галіны	ɣaɫjinɨ
галіцца	ɣalʲitsːa
галіць	ɣaɫʲitsʲ
гама	xama
гамакі	ɣamakʲi
гамет	ɣamʲet
гамон	amon
гамонцы	ɣamontsɨ
гамоняць	gamonʲatsʲ
гаму	xamu
гамы	ɣamɨ
ган	ɣan
гана	gana
гана	ɣana
ганак	ganak
ганак	gˈanˈak
ганак	ɣanak
ганарацца	ɣanaratsːa
ганарлівасць	ɣonarɫʲivastsʲ
ганарлівы	ɣanarlʲivɨ
ганарлівы	ɣonarɫʲivɨ
ганаровым	ɣanarovɨm
ганаровыя	ɣanarovɨja
ганаруся	ɦanarusja
ганарысты	ɣanarɨstɨ
гангрэна	ɣanɣrɛna
гандаль	gandɛlʲ
гандаль	ɣandalʲ
гандлем	ɣandlʲem
гандлю	ɣandlʲu
гандляр	ɣandlʲar
гандляры	xandlʲarɨ
гандлёвая	xantlʲovaja
гандлёвы	xandlʲovɨ
гандлёвых	ɣandɫjovɨx
гандлі	ɣandlʲi
ганебны	ɣanʲebnɨ
ганебным	ɣanʲebnɨm
ганка	ɣanka
ганконг	ɣankonx
ганку	xanku
ганна	ɣanːa
ганну	ɣannu
ганны	ɣannɨ
ганс	xans
гантэль	ɣantɛlʲ
ганцавічы	ɣantsavʲitʂɨ
ганчар	ɣantʂar
ганчарнае	ɣantʂarnoʲe
ганчарня	ɣantʂarnʲa
ганьба	ɐɣanʲba
ганьба	ɣanʲba
ганяць	ɣanʲatsʲ
гапака	ɣapaka
гаплік	ɣɑplʲik
гар	ɣar
гар-	ɣar
гара	hara
гара	ɣara
гараджанам	xaradʐanam
гарадзецкі	ɣaradzʲetskʲi
гарадзіць	ɣaradzjitsʲ
гарадзішча	ɣaradzʲiʂtʂɨ
гарадку	ɣaradku
гарадок	ɣaradok
гарадок	ɦaradok
гарады	ɣaradɨ
гарантавала	xarontavala
гарантуюць	ɣarantuʲutsʲ
гараскоп	ɣaraskop
гараць	ɣaratsʲ
гарачае	ɣaratʂaʲe
гарачкай	ɣarotʂkaj
гарачку	ɣaratʂku
гарачнасці	ɣaratʂnasʲtsʲi
гарачцы	ɣaratsɨ
гарачы	ɣaratʂɨ
гарачым	xaratʂɨm
гарачымі	ɣaratʂɨmʲi
гарачыня	ɣarotʂɨnʲa
гарачынёй	ɣaratʂɨnʲoj
гарачыні	ɣaratʂɨnʲi
гарачых	ɣaratʂɨx
гарачыя	xaratʂɨja
гарбар	ɣarbar
гарбарня	ɣɛrbarʲːa
гарбата	ɣarbata
гарбу	ɣarbu
гарбуз	ɣarbus
гардзей	ɣardzʲej
гаркаватым	xarkovatɨm
гаркаватыя	ɣarkavataja
гарката	arˈkata
гармат	ɣarmat
гармата	ɣarmata
гарматным	ɣarmatnɨm
гарматы	xarmatɨ
гармонь	garmonʲ
гармонія	ɣarmonʲija
гарнастай	ɣarnastaj
гарнастай	ɣrnastaj
гарнуць	ɣɛrˈnutsʲ
гародня	ɣarodnʲa
гародні	ɣarodnʲi
гародніна	ɣarodnʲina
гароды	ɣarodɨ
гарой	ɣaroj
гаротнага	ɣarotnaɣa
гаротны	ɣarotnɨ
гаротны	ɦarotnɨ
гаротных	ɣarotnɨx
гаротнік	ɣarotnʲik
гарох	ɣarox
гарох	ɣarɔx
гарошак	xaroʂak
гарсэт	ɣarsɛt
гарсэт	ɣarˈsɛd
гартаць	ɣortatsʲ
гартаю	gortaju
гартоўны	ɦartou̯nɨ
гару	ɣaru
гарус	ɣarus
гаручы	garutʂɨ
гарчыца	ɣartʂɨtsa
гаршчок	ɣarʂtʂok
гары	ɣarɨ
гарызонт	ɣarɨzont
гарыла	ɣarɛla
гарыстая	ɣarɨstaja
гарыстых	ɣarɨzdɨx
гарэзным	xarɛznɨm
гарэлка	ɣarɛɫka
гарэлкі	ɣarɛlkʲi
гарэмах	ɣarɛmax
гарэцкі	ɣarɛtskʲi
гарэць	ɣarɛtsʲ
гаспадар	ɣaspadar
гаспадара	xospadara
гаспадарка	ɣaspadarka
гаспадарку	ɣaʂpadarku
гаспадароў	aspadarou̯
гаспадару	ɣaspadaru
гаспадарцы	ɣaspatartsɨ
гаспадарчага	ɣaspadartʂaɣa
гаспадарчаму	ɣaʂpadartʂamu
гаспадары	ɣaʂpadarɨ
гаспадыня	ɣazpadɨnʲa
гастрыт	ɣastrɨt
гасцёўня	ɣastsʲou̯nʲa
гасцёўня	ɣasʲtsʲou̯nʲa
гасцініца	ɣasʲtsʲinʲitsa
гасціць	ɣasʲtsʲitsʲ
гасьцініца	ɣasʲtsʲinʲitsa
гасілі	ɣasʲiɫʲi
гатова	xatova
гатовай	ɣotovaj
гатовую	ɣotovuju
гатовы	ɣatovɨ
гатовых	ɣatovɨx
гатовыя	ɣadovɨʲa
гатоўнасць	ɣotou̯nasʲtsʲ
гатоўнасці	ɣotou̯nasʲtsʲi
гатунак	ɣatonak
гатунак	ɣatunak
гатункамі	ɣatunkamʲi
гатункі	ɣatunkʲi
гатуюць	ɣatujuʲtsʲ
гатычнай	ɣatɨtʂnaj
гатычны	ɣatɨtʂnɨ
гатычным	ɣatɨtʂnɨm
гатычныя	ɣatɨtʂnɨja
гатэль	ɣatɛlʲ
гатэляў	ɣatɛlʲau̯
гаць	ɣatsʲ
гашышу	ɣaʂɨʂu
гаяна	ɣajana
гаёк	ɣoʲok
гаі	ɣaʲi
гаўно	ɣau̯no
гаўрыла	ɣau̯rɨɫa
гвалт	gvaɫt
гвалт	gvˈolt
гвалт	kvˈɑlt
гвалт	ɣvaɫt
гвалтаванне	ɣvaltavannʲa
гвалтаваць	gvaɫtavatsʲ
гвалтаваць	ɣvaɫtavatsʲ
гвардзеец	ɣvardzʲejets
гвардзейскі	ɣvardzʲejskʲi
гвардзейцаў	ɣvardzʲejtsau̯
гвардыя	ɣvardɨja
гвозд	ɣvost
гданьск	ɣdanʲsk
геаграфічны	ɣʲeaɣrafʲitʂnɨ
геаграфія	ɣʲeaɣrafʲija
геаметрыя	ɣʲeamʲetrɨja
гей	ɣʲej
гельгудзішкі	ɣʲeɫʲɣudzʲiʂkʲi
гелій	ɣʲelʲij
гемаглабін	ɣemagɫobin
ген	ɣʲen
генадзь	ɣʲenatsʲ
генадзій	ɣʲenadzʲij
генацыд	ɣʲenatsɨt
генацыдаў	ɣʲenatsɨdau̯
генацыдзе	ɣʲenatsɨdzʲe
гендар	ɣʲendar
гендарам	ɣʲendaram
гендару	ɣʲendaru
гендары	ɣʲendarɨ
гендырэктар	ɣɛndɨrɛktɔr
гендэрны	ɣʲendɛrnɨ
генеалогія	ɣʲenʲeaɫoɣʲija
гены	xʲenɨ
георгій	ɣʲeorɣʲij
герасім	ɣʲerasʲim
гербы	ɣʲerbɨ
германскі	ɣʲermanskʲi
германізм	ɣʲirmanʲism
германізмы	ɣʲermanʲizmɨ
германій	ɣʲarmonʲi
германія	ɣʲermanʲija
герой	ɣʲeroj
гешэфт	gʲeʂɛft
главам	ɣɫavam
глаголіца	ɣɫaɣolʲitsa
гладкай	ɣɫadkaj
гладкі	ɣɫatkʲi
гладыш	xɫadɨʂ
гламуршчыкі	ɣɫamurʂtʂɨkʲi
глеб	ɣlʲep
глебай	ɣlʲebaj
глебам	ɣlʲebam
глебах	ɣlʲebax
глебы	ɣlʲepɨ
гледжанне	ɣɫʲedʐannʲe
гледзячы	ɣlʲedzʲatʂɨ
глей	ɣlʲej
глейкіх	ɣlʲejkʲix
глею	ɣlʲeju
глог	ɣɫox
глогам	ɣɫoɣam
глогу	ɣɫoɣu
глод	ɣɫot
глозе	ɣɫozʲe
глузд	ɣɫust
глум	ɣɫum
глупства	ɣɫupstva
глускі	ɣɫuskʲi
глуха	xɫuxa
глухое	xɫuxoje
глухі	ɣɫuxʲi
глуш	xɫuʂ
глушы	xɫuʂɨ
глушэй	ɣɫuʂɛj
глыбець	ɣɫɨbʲitsʲ
глыбока	ɣɫɨboka
глыбокае	ɣɫɨbokaje
глыбокі	ɣɫɨbokʲi
глыбокія	ɣɫɨbokʲija
глыбінныя	ɣɫɨbʲinnɨja
глыбінцы	ɣɫɨbʲintsɨ
глынуў	ɣɫɨnou̯
глытаць	ɣɫɨtatsʲ
глюга	xʊ̞ˈɫʲuɣa
глюкі	ɣɫʲukʲi
гляджу	ɣladʒˈu
глядзелі	ɣlʲadzʲelʲi
глядзець	ɣlʲadzʲetsʲ
глядзеў	glʲadsʲeu
глядзяць	xlʲadzʲatsʲ
глін	ɣlʲin
гліна	ɣlʲina
гліну	xlʲinu
гліны	ɣlʲinɨ
гліняных	xɫɨnʲanɨx
гмах	gmax
гміна	ɣmʲina
гмінамі	ɣmjinamɨ
гнаць	ɣnatsʲ
гневам	ɣnʲevam
гневу	knʲevu
гной	ɣnoj
гнуткай	ɣnutkaj
гнуткі	ɣnutkʲi
гнуткі	ɦnutkʲi
гнуць	ɣnutsʲ
гняды	ɣnʲadɨ
гняздо	ɣnʲazdo
гняўлівы	ɣʲːau̯lʲivɨ
гнёў	ɣnʲou̯
гнілое	ɣnʲiɫoʲe
гнілой	ɣnʲiɫoj
гнілы	ɣniɫe
гнілы	ɣnʲiɫɨ
гніюць	ɣnʲijutsʲ
год	vod
год	ɣot
года	xodo
годам	ɣotam
годзе	ɣotʐʲe
годна	ɣodna
годнае	ɣodnaʲe
годнай	ɣodnoj
годнасць	ɣodnasʲtsʲ
годнасці	godnasʲtsʲi
годная	ɣodnaja
годная	ɣodnɨja
годную	ɣodnuju
годны	ɣodnɨ
годным	ɣodnɨm
годных	ɣodnɨx
году	xodu
гожы	ɣoʐɨ
гожых	ɣoʐɨx
гойсаць	ɣojsɨtsʲ
гол	ɣoɫ
гола	ɣoɫa
голад	ɣoɫat
голас	ɣoɫas
голасе	ɣoɫasʲe
голасна	ɣoɫasna
голасны	ɣoɫasnɨ
голасу	ɣoɫasu
голены	ɣoɫʲenɨ
голу	ɣoɫu
голуб	ɣoɫup
голы	voɫɨ
голы	ɣoɫɨ
голым	ɣoɫɨm
голымі	ɣoɫɨmʲi
голыя	xoɫɨja
голыя	ɣoɫɯja
гольф	ɣolʲf
гольфа	ɣolʲfa
гольфам	ɣolʲfam
гольфамі	ɣolʲfamʲi
гольфах	ɣolʲfax
гольфаў	ɣolʲfau̯
гольфе	ɣolʲfʲe
гольфу	ɣolʲfu
гольфы	ɣolʲfɨ
гоман	omon
гоману	ɣomonu
гомасексуалізм	ɣomasʲeksualʲizm
гомель	ɣomʲelʲ
гомельскі	ɣomʲelʲskʲi
гон	ɣon
гонак	ɣonak
гонар	ɣonar
гонар	ɣonˈaɾ
гонарам	ɣonaram
гонкамі	ɣonkamʲi
гонта	gonta
гонцы	ɣontsɨ
гор	xor
гора	ɣora
горад	ɣorat
горада	ɣorada
горадам	ɣorodam
горадня	ɣoradnʲa
горай	ɣoraj
горак	ɣorag
горам	xoram
горах	xorax
горач	ɣoratʂ
горача	ɣoratʂa
горб	ɣorp
горда	ɣorda
гордага	ɣordaɣa
горды	ɣordɨ
горкай	ɣorkaj
горкі	vorkʲi
горкі	ɣorkʲi
горкіх	ɣorkʲix
горкія	ɣorkʲija
горла	vorɫa
горла	ɣorɫa
горлу	ɣorɫu
горнай	ɣornaj
горны	ɣornɨ
горнымі	ɣornɨmʲi
горных	ɣornɨx
горныя	gornɨja
гору	ɣoru
горш	ɣorʂ
горшае	xorʂoʲe
горшае	ɦorʂaʲe
горшай	ɣorʂaj
горшую	ɣorʂuju
горшы	ɣorʂɨ
горшым	ɣorʂɨm
горшых	ɣorʂɨx
горшыя	ɣorʂɨja
горы	ɣorɨ
горыч	ɣoratʂ
горычы	ɣorɨtʂɨ
госцем	ɣostsʲem
госць	ɣosʲtsʲ
госці	kostsʲi
готыка	ɣotɨka
готыкай	ɣotɨkaj
готыкі	ɣotɨkʲi
граб	ɣrap
грабавых	ɣrabavɨx
грабе	ɣrabʲe
грабеж	ɣrabʲeʂ
граблямі	ɣrablʲamʲi
граблі	ɣrablʲi
граблішча	ɣrablʲiʂtʂa
грабоўскі	ɣrabou̯skʲi
грабу	ɣrabu
грабуць	ɣrabutsʲ
град	ɣrat
града	xrada
градавыя	ɣradavɨja
градак	ɣradak
градам	ɣradam
градаў	ɣradau̯
градцы	ɣradtsɨ
грады	ɣradɨ
гразь	ɣrasʲ
грак	ɣrak
грам	ɣram
грама	ɣrama
грамада	xramoda
грамадзянства	ɣramadzʲanstva
грамадзянін	ɣramadzʲanʲin
грамадска-палітычная	ɣramadskapolʲitɨtʂnaja
грамадская	ɦramatskaja
грамадства	ɣramatstva
грамат	ɣramat
граматы	ɣramatɨ
граматык	ɣramatɨk
граматыка	ɣramatɨka
граматычны	ɣramatɨtʂnɨja
грамыка	ɣramɨkɐ
гранат	ɣranat
граната	grenata
граната	ɣranata
грант	ɣrant
гранты	ɣrantɨ
гранях	ɣranʲax
граняў	ɣranʲau̯
гранёным	ɣranʲonɨm
гранёнымі	ɣranʲonɨmʲi
гранёных	ɣranʲonɨx
гранёныя	ɣranʲonɨja
грані	ɣranʲi
гранітнай	ɣranʲitnaj
граніца	ɣranʲitsa
граніцы	ɣranʲitsɨ
гранічны	ɣranʲitʂnɨ
гратэск	ɣratɛsk
граф	graf
графаў	ɣrafau̯
графы	ɣrafɨ
графік	ɣrofʲik
графіку	xrafʲiku
графін	ɣrafʲin
графіна	ɣrafʲina
графіт	ɣrafʲit
графітны	ɣrafʲitnɨ
графіці	grafʲitsʲi
графіці	ɣrafʲitsʲi
графічны	ɣrafʲitʂnɨ
графічных	ɣrafʲitʂnɨx
графічныя	ɣrafʲidʐnɨja
граць	ɣratsʲ
грачанка	ɣratʂanka
грачаны	gratʂanɨ
грачанік	ɣratʂanʲik
грашовай	ɣraʂovaj
грашовым	ɣraʂovɨm
грашовых	xraʂovɨx
грашыма	ɣrosɨma
грашыць	ɣraʂɨtsʲ
граў	xrau̯
гродзенскі	ɣrodzʲenskʲi
гродна	ɣrodna
гродна	ɦrodna
грозна	ɣrozna
грознай	xrosnaj
грозным	ɣroznɨm
гром	grom
громам	ɣromam
грому	ɣromu
гронцы	ɣrontsɨ
грош	ɣroʂ
грошай	groʂaj
грошах	ɣroʂax
грошаў	ɣroʂaw
грошы	ɣroʂɨ
грошыку	xroʂɨku
гроші	ɣroʂɨ
груба	gruba
грубая	xrubaja
грубкі	ɣrupkʲi
грубы	ɣrubɨ
грубым	ɣrubɨm
грубыя	ɣrubɨja
грубіян	ɣrubʲijan
грувасткі	xruvastki
груган	ɣruɣan
гругану	ɣruɣanu
груд	ɣrud
грудаю	ɣrudaju
грудзей	ɣrudzʲej
грудзьмі	xrudzʲmʲi
грудзі	ɣrudzʲi
грудком	ɣrutkom
грудной	ɣrutnoj
грудную	ɣrudnuju
грудны	ɣrudnɨ
грудным	ɣrudnɨm
грудныя	ɣrudnɨja
грудок	ɣrudok
груды	ɣrutɨ
грузчык	ɣruʂtʂɨk
грузчыкам	ɣruztʂɨkam
грузы	ɣrusɨ
грузін	ɣruzʲin
грузінка	ɣruzʲinka
грузінскую	xruzʲinskuju
грузінскі	ɣruzʲinskʲi
грузіць	ɣruzʲitsʲ
грузія	ɣruzʲija
грукат	ɣrukod
грукату	ɣrukatu
грукаць	ɣrukatsʲ
грукнула	ɣruknuɫa
грукнулі	ɣruknulʲi
грукнуў	ɣrukˈnʊw
грукочучы	ɣrukotʂutʂɨ
груку	ɣruku
грунт	ɣrund
грунтоўна	ɣruŋdou̯na
грунтоўнасць	ɣruntou̯nasʲtsʲ
грунце	ɣruntsʲe
груп	ɣrup
група	ɣrupa
групаваць	xrupavatsʲ
групавога	ɣrupavoxa
групавой	ɣrupavoj
групавым	xrupavɨm
групай	xrupaj
групам	ɣrupam
групамі	ɣrupamji
групах	xrupax
групе	ɣrupʲe
групоўка	xrupou̯ka
групоўкі	ɣrupou̯kʲi
групу	grupu
групы	ɣrupɨ
груш	ɣruʂ
груша	ɣruʂa
грушах	xruʂax
грушу	xruʂu
грушы	ɣruʂɨ
грыб	ɣrɨp
грыба	ɣrɨba
грыбах	xrɨbax
грыбком	ɣrɨbkom
грыбны	ɣrɨbnɨ
грыбніца	ɣrɨbnʲitsa
грыбок	ɣrɨbok
грыбоў	ɣrɨbou̯
грыбы	ɣrɨbɨ
грыва	ɣrɨva
грывай	ɣrɨvaj
грываю	ɣrɨvaju
грызе	ɣrɨzʲe
грызучы	ɣrɨzutʂɨ
грызці	ɣrɨsʲtsʲi
грым	ɣrɨm
грымасы	ɣrɨmasɨ
грымне	ɣrɨmnʲe
грыму	ɣrɨmu
грып	xrɨp
грыпу	ɣrɨpu
грыф	ɣrɨv
грэбень	ɣrɛbʲenʲ
грэбля	ɣrɛblʲa
грэбці	ɣrɛptsʲi
грэк	ɣrɛk
грэкам	ɣrɛkam
грэкамі	ɣrɛkamʲi
грэках	ɣrɛkax
грэкаў	xrɛkau̯
грэкі	ɣrɛkʲi
грэла	ɣrɛɫa
грэх	ɣrɛx
грэху	ɣrɛxu
грэцкі	ɣrɛtskʲi
грэцкіх	ɣrɛtskʲix
грэцыя	ɣrɛtsɨja
грэч	ɣrɛtʂ
грэчка	ɣrɛtʂka
грэчку	ɣrɛtʂku
грэчкі	ɣrɛtʂkʲi
грэшнай	grɛʂnaj
грэшны	ɣrɛʂnɨ
губа	ɣuba
губах	ɣubax
губка	ɣubka
губкі	ɣubkʲi
губляю	xublʲaju
губным	ɣubnɨm
губіць	ɣubʲitsʲ
гуглю	ɣuɣlʲu
гугліць	guglʲitsʲ
гугліць	ɣuɣlʲitsʲ
гуд	xud
гудам	ɣudom
гудок	xudok
гудуць	ɦudutsʲ
гужы	ɣuʐɨ
гуз	gˈus
гузак	guzak
гузік	guzik
гузік	guzʲik
гузік	ɣuzʲik
гузікі	guzʲikʲi
гук	vuk
гук	ɣuk
гукавыя	ɣukavɨja
гукам	ɣukom
гуках	ɣukax
гукаць	ɫukatsʲ
гукну	ɣuknuw
гукі	ɣukʲi
гукі	ɦukʲi
гул	ɣul
гулам	xuɫam
гулец	ɣulʲets
гульню	ɣuɫʲnʲu
гульня	ɣulʲnʲa
гульнявой	guɫʲnʲavoj
гульні	xuɫʲnʲi
гульні	ɦuɫʲnʲi
гультай	ɣultaj
гульцоў	ɣulʲtsou̯
гуляе	xulʲaʲe
гуляй	ɣulʲaj
гулялі	ɣulʲaɫʲi
гулянку	ɣulʲanku
гуляцца	ɣulʲatsːa
гуляць	ɣulʲatsʲ
гуляюць	ɣulʲaʲutsʲ
гулі	ɣulʲi
гуманнымі	ɣumannɨmʲi
гумар	ɣumar
гумарам	xumoram
гумару	ɣumaru
гумары	ɣumarɨ
гумарыст	ɣumarɨst
гумарысты	ɣumarɨstɨ
гумарэскі	ɣumarɛskʲi
гумка	ɣumka
гумне	ɣumnʲe
гумно	ɣumno
гумовікі	uɣumovʲikʲi
гумор	ɣumor
гумы	ɣumɨ
гурбах	ɣurbox
гурбу	ɣurbu
гурбы	ɣurbɨ
гуркі	ɣurkʲi
гурманы	ɣurmanɨ
гурок	ɦurok
гурт	ɣurt
гурта	xurda
гуртам	xurtam
гуртамі	gurtamʲi
гурток	xurtok
гуртом	xurtom
гуру	xuru
гусак	ɣusak
гусара	ɣusara
гусенічнай	ɣusʲenʲitʂnaj
густ	ɣust
густа	ɣustam
густавыя	ɣustavɨja
густам	ɣustam
густанаселеныя	ɣustanɨsʲelʲenɨja
густая	ɣustaja
густы	ɣustɨ
густымі	xustɨmʲi
густыя	ɣustɨja
густыя	ɣustɪja
гусцяра	ɣustsʲara
гусь	ɣusʲ
гусі	ɣusʲi
гусіт	ɣusʲit
гутарка	ɣutarka
гутарках	ɣutarkax
гутарку	ɣutarku
гутаркі	ɣutərkʲi
гутару	ɣutaru
гутарыла	ɣutarɨɫa
гутарылі	ɣutarɨlʲi
гутарым	ɣutarɨm
гутарыць	ɣutarɨtsʲ
гутарыш	ɣutarɨʂ
гутарыў	ɣutarɨu̯
гутніка	xutnʲika
гуту	ɣutu
гучалі	ɣutʂaɫʲi
гучанне	ɣutʂanʲːe
гучаць	ɣutʂatsʲ
гучна	ɣutʂna
гучнага	ɣutʂnaɣa
гучнагаварыцель	ɣutʂnaɣavarɨtsʲelʲ
гучнай	xutʂnaj
гучная	ɣutʂnaja
гучную	ɣutʂnuʲu
гучны	ɣutʂnɨ
гучных	ɣutʂnɨx
гучыць	ɣutʂɨtsʲ
гушчу	ɣuʂtʂu
гушчы	ɣustʂɨ
гушчыні	ɣustʂɨnʲi
гэг	ɣɛx
гэй	ɣɛj
гэльскай	ɣɛɫʲskaj
гэны	ɣɛnɨ
гэта	ɣɛta
гэтага	ɣɛtaɣa
гэтае	ɣɛtaje
гэтай	ɣɛtaj
гэтакі	ɣɛtakʲi
гэтакі	ɣɛtokʲi
гэтакія	ɣɛtakʲija
гэтаму	ɣɛtamu
гэтаю	ɣɛtaju
гэтая	ɣɛtaja
гэткага	ɣɛtkaja
гэткае	ɣɛtkaja
гэткай	ɣɛtkaj
гэткім	ɣɛtkʲim
гэткімі	xɛtkʲimʲi
гэткія	ɣɛtkʲiʲa
гэту	ɣɛtu
гэтую	ɣɛtuju
гэты	ɣɛta
гэты	ɣɛtɨ
гэтым	ɣɛtɨm
гэтым	ɣɛtɪm
гэтымі	ɣɛtɨmʲi
гэтых	ɣɛtɨx
гэтыя	ɣɛtɨja
гібрыдная	ɣʲibrɨdnaja
гігрометр	ɣʲiɣromʲetr
гідкі	ɣʲitkʲi
гідралогія	ɣʲidraɫoɣʲija
гіз	iz
гіль	ɣʲilʲ
гімн	ɣʲimn
гімнам	ɣʲimnam
гімнастыка	ɣʲimnastɨka
гімну	ɣʲimnu
гінула	ɣʲinuɫa
гіпотэза	ɣʲipotɛza
гіпс	gˈips
гіракомпас	xʲirakompas
гістарычна	ɣʲistarɨtʂna
гістарычная	ɣʲistarɨtʂnaja
гістарычную	ɣʲistorɨtʂnuju
гістарычны	ɣʲistarɨtʂnɨ
гістарычным	ɣʲistarɨtʂnɨm
гістарычных	ɣʲistarɨtʂnɨx
гістарычныя	ɣʲistarɨtʂnɨja
гісторык	ɣʲistorɨk
гісторыкі	ɣʲistorɨkʲi
гісторыю	ɣʲistorɨju
гісторыя	ɣʲistorɨja
гісторыяй	ɣʲistorɨjaj
гісторыяю	ɣʲistorɨjaju
гісторыі	ɣʲistorɨji
гітар	ɣʲitar
гітара	gjitara
гітара	ɣʲitara
гітару	ɣʲitaru
гішпанія	ɣʲiʂpanʲija
д	dˈø
да	da
даб'юць	dabjutsʲ
дабра	dabra
дабрабыт	dabrabɨt
дабрабыту	daprabɨtu
дабранач	dabranatʂ
дабранач	dabranaʃ
дабранач!	dabramatʂ
дабро	dapro
дабром	tabrom
дабротамі	dabrotamʲi
дабру	dabru
дабрыдзень	dabrɨdzʲenʲ
дабрыдзень!	dabrɨdzʲenʲ
дабрыні	dabrɨnʲi
давай	davaj
давайце	davajtsʲe
давала	dovaɫa
давала	ɣavalo
давалася	dovalasja
давальны	davalʲnɨ
давалі	davoɫʲi
давацца	davatsːa
даваць	davatsʲ
даваў	davau̯
даведацца	davʲedotsːa
даведаюся	davʲedajusja
даведаўся	davʲedawsja
даведка	davʲetka
даведнік	davʲednʲik
даведнік	dʌvˈednik
даведнікі	davʲednʲikʲi
даверана	davʲerana
даверанай	davʲeranaj
даверы	davʲerɨ
даводжу	davodʐu
даводзіцца	davodzʲitstsa
даводзіць	davodzʲitsʲ
даволі	dovoɫʲi
давыд-гарадок	davɨnɣaradok
давыда	davɨda
давяду	davjadu
давялося	davjaɫosja
давёў	davjou̯
давід	davʲit
дагавор	daɣavor
даганяць	daɣanʲatsʲ
даганяў	daɣanʲau̯
дагледзіш	daɣlʲedzʲiʂ
дагэтуль	daɣɛtulʲ
дадавацца	tadavatsːa
дадаваць	dadavatsʲ
дадала	dadaˈla
дадам	dadam
дадатак	dadatak
дадатковая	dadatkovaʲa
дадатковы	dadatkovɨ
дадатковых	dadatkovɨx
дадаць	dadatsʲ
дадаюць	dadajutsʲ
дадаў	dataw
дадзенай	dadzʲenaj
дадзены	dadsʲenɨ
дадзены	dadzʲenʲa
дадому	dadomu
дадому	dadomɔ
дадумаць	dadumatsʲ
дадуць	tadutsʲ
дае	daje
даем	daʲem
даехаць	dajexatsʲ
даецца	daʲetstsa
дажджом	daʐdʐom
дажджу	daʐdʐu
дажджы	doʂdʐɨ
дажыву	daʐɨvu
дазваляла	dazvalʲaɫa
дазваляць	dazvalʲatsʲ
дазваляю	dazvalˈɑju
дазвол	dazvol
дазволу	dazvolu
дазволю	dazvolju
дазволіць	dazvolʲitsʲ
дазнацца	toznatsa
дай	daj
дай-ка	dajka
дайду	dajdu
даймаць	dajmatsʲ
дайсці	dajsʲtsʲi
дайшлі	dajʂlʲi
дайшоўшы	dajʂou̯sɨ
даказаць	dakazatsʲ
дакапаецца	dakapaʲetstsa
даклад	dakɫad
даклада	takɫada
дакладзе	dakɫadʐɛ
дакладна	dakɫadna
дакладнаыя	dakɫadnɨja
дакладней	takɫadnʲej
дакладны	dakɫadnɨ
даклалі	dakɫaɫʲi
дакляравалі	daklʲaravaɫʲi
дакранацца	dakranatsːa
дакранаюся	dakranaʲusja
дакрануцца	dakrannutsːa
дакрануцца	dakranutsːa
дактарантура	daktarantura
дактрыну	daktrɨnu
дакуль	dakulʲ
дакумент	dakumɛnt
дакументальных	dakumʲentalʲnɨx
дакурыць	dakurɨtsʲ
дакучала	dakutʂaɫa
дакучыла	dakutʂɨɫa
дала	doɫa
далася	daɫasja
далей	daʲːej
далей	dɑˈlˈej
далейшае	dolʲejʂa
далейшая	daʲːejʂaja
далейшы	dalʲejʂɨ
далейшых	dalʲejʂɨx
далейшыя	daʲːejʂɨja
далечыня	dolʲitʂɨʲːa
дало	daɫo
дало	dɐɫˈo
далонь	daɫonʲ
далося	daɫosja
далоў	daɫou̯
далучалася	daɫutʂaɫasja
далучаны	daɫutʂanɨ
далучаных	daɫutʂanɨx
далучаюць	daɫutʂajutsʲ
далучаючы	daɫutʂaʲutʂɨ
далучыцца	daɫutʂɨtsːa
далучэнне	daɫutʂɛnnʲe
дальнабачная	tɨlʲnabatʂnaja
дальнабачныя	dʲalʲnabotʂnɨja
дальніх	daɫʲnʲix
даляра	dalʲara
далятаць	dalʲatatsʲ
даляцець	dalʲatsʲetsʲ
далёкая	daɫʲokaja
далёкі	dalʲokʲi
далі	dalʲi
далібог	dalʲibox
далікатны	daɫʲikatnɨ
далікатны	dɔlʲikatnɨ
далікатныя	dalʲikatnaja
далін	dalʲin
даліна	dalʲina
даліся	daɫjisja
дам	dam
дама	dama
дамавіна	damavjina
дамам	damam
дамамі	damamʲi
дамах	damax
дамаўляцца	damau̯lʲatsːa
дамбамі	dambamʲi
дамбу	tampu
дамешкі	domʲeʂkʲi
дамкоў	tamkow
дамова	domova
дамовы	damovɨ
дамовіцца	damovʲitstsa
дамовіўся	damovʲiu̯sja
дамок	domok
дамоў	dmou̯
дамскім	damskʲim
даму	damu
дамы	domɨ
дамінік	damʲinʲik
дамініка	damʲinʲika
дан	dan
данелаг	danʲeɫax
данецк	danʲetsk
даносы	donosɨ
дантэ	dantɛ
даных	danɨx
даныя	danɨja
даніловіч	danʲiɫovʲitʂ
даніна	danˈina
даніна	donʲina
даніну	danʲinu
даніны	danʲinɨ
данія	danʲija
дапамагаць	dapamaɣatsʲ
дапамагла	dapamaɣɫa
дапамагло	dapamaɣlo
дапамагло	dapamaɣɫo
дапамагчы	dapamaxtʂɨ
дапамога	dapamoɣa
дапамога!	dapamoɣa
дапаможа	dapamoʐa
дапаможных	dapamoʐnɨx
дапаможнік	dapamoʐnʲik
дапамозе	dapomozʲe
дапасаванне	dapasavanːʌ
дапасці	dapasʲtsʲi
дапускаецца	dapuzkaʲetstsa
дапускаць	dopuskatsʲ
дапушчальныя	dapustʂaɫʲnɨja
дапушчаных	dapuʂtʂanɨx
дапушчу	dapuʂtʂu
дапытлівы	dapɨtlʲivɨ
дапытнік	dapɨtnʲik
дар	dar
дар'я	darja
даравала	daravala
даравальна	daravaɫʲna
даравання	daravanʲːa
даравацца	daravatsːa
дарагога	daraɣoɣa
дарагой	daragoj
дарагі	daraɣʲi
дарагія	daragʲija
дарадца	daratːsa
дарадчыкі	daratːʂɨkʲi
даражаць	daroʐatsʲ
даражыць	daraʐɨtsʲ
даражэць	daraʐɛtsʲ
дарам	daram
дарашэвіч	daraʂɛvʲitʂ
дарвіна	darvʲina
дарма	darma
дармавы	darmavɨ
дармавым	darmavɨm
дармо	dɑrmo
дармовых	darmovɨx
дармштатый	darmʂtatɨ
дарог	daroɣ
дарога	daroɣa
дарогай	daroɣaj
дарогамі	doroɣamʲi
дарогаю	daroɣaʲu
дарогу	doroxu
дарогі	daroɣʲi
дарожкі	taroʂkʲi
дарожная	daroʐnaja
дарожны	daroʐnɨ
дарожных	daroʐnɨx
дарожныя	daroʐnɨja
дарозе	daroʐʲe
дарозе	toroʐʲe
дарос	daros
даросламу	daroʂɫomu
дарослы	darosɫɨ
дарослы	daroːsɫɨ
дарослых	darosɫɨx
дарослыя	daroʂɫɨja
дартс	darts
дару	daru
даруй	daruj
даручаецца	darutʂaʲetstsa
даручаю	darudʐaju
даручылі	darutʂɨɫʲi
даручыць	darutʂɨtsʲ
дары	darɨ
дарым	darɨm
дарыць	darɨtsʲ
дарычны	darɨtʂnɨ
дарычным	darɨtʂnɨm
дарэмны	darɛmnɨ
дарэчы	darɛjtʂɨ
дарэчы	darɛtʂɨ
дасведчанасць	dasvʲedtʂonasʲtsʲ
даскакацца	daskakatsːa
даследчык	dasʲlʲedtʂɨk
даследчыкі	dasjlʲedtʂɨkʲi
даставаць	dastavatsʲ
даставаў	dastavau̯
дастаецца	dastaʲetstsa
дастануцца	dastanʲetsːa
дастатак	dastatak
дастаткова	dastatkova
дастатковы	dastatkovɨ
дастатковыя	dastotkovɨja
дастаць	dastatsʲ
даступнай	daʂdupnaj
даступная	daʂtupnaja
даступны	dastupnɨ
даступным	dastupnɨm
даступныя	dastupnɨja
дасць	dastsʲ
дасціпны	dosʲtsʲipnɨ
дасціпных	daʂtsʲipnɨx
дасылайце	daʂɨɫajtsʲe
дасылаць	tasaɫatsʲ
дасюль	dasulʲ
дасягаць	dasʲaɣatsʲ
дасягненне	dasʲaɣnʲenʲːe
дасягненне	dʌsjaɣnʲennʲa
дасягнула	daʂjaɣnula
дасягнуць	dasʲaɣnutsʲ
дасяжным	daʂjaʐnɨm
дат	dat
датам	datam
датамі	datamʲi
датла	tatɫa
дату	datu
датуль	datuɫʲ
датчанка	datːʂanka
датчанін	datːʂanʲin
даты	datɨ
датычна	datɨtʂna
датычылася	datɨtʂɨɫasʲa
датычыцца	datɨtʂɨtsːa
датычыць	datɨtʂɨtsʲ
дах	dax
дахам	daxom
дахам	dˈaxʌm
дахамі	daxamʲi
дахаты	daxadɨ
даход	daxod
даходах	daxodax
даходаў	daxodaw
даходзіць	daxodzʲitsʲ
даходнасць	daxodnaʂtsʲ
даху	daxu
дахі	daxʲi
дацкі	datskʲi
дацца	datsːa
даць	datsʲ
дачах	datʂax
дачка	datʂka
дачку	datʂku
дачкі	datʂʲːi
дачная	datʂnaʲa
дачны	datʂnɨ
дачнікі	dotʂnʲikʲi
дачуць	datʂutsʲ
дачы	datʂɨ
дачыненні	datʂɨnʲenʲi
дашлі	daʂɫʲi
дашчэнту	daʂtʂɛntu
дашчэчка	dɔʂtʂɛtʂka
даю	daʲu
даюць	dajutsʲ
даязджаць	dajaʐdʐatsʲ
даём	daʲom
даіць	dajitsʲ
даішнікі	daʲiʂnʲikʲi
даў	dau
даў	dau̯
даўгата	dau̯ɣata
даўно	dawno
даўняя	dau̯nʲaja
даўні	dau̯nʲi
даўніна	dau̯nʲina
даўніна	gau̯nʲina
дбайнасць	dabajnasʲtsʲ
дбаласць	dabaɫasʲtsʲ
дбаць	dbatsʲ
дбаў	dbou̯
два	dva
два	dvˈɑ
двайнога	dvajnoxa
двайны	dvajnɨ
двайных	dvajnɨx
двайнят	dvajnʲat
двайняты	dvajnʲatɨ
двайняты	dvajnʲatɨja
дванаццаты	dvanatsːatɨ
дванаццаць	dvanatsːatsʲ
двара	dvara
дваран	dvaran
дваранамі	dvaranamʲi
дваранства	dvaranstva
дварах	dvarax
дваровы	dvorovɨ
дваровым	dvorovɨm
дваровых	dvarovɨx
дваром	dvorom
двару	dvaru
двары	dvarɨ
дварэ	dvarɛ
дваццатка	dvatsːadka
дваццатку	dvatsːatku
дваццаты	dvatsːatɨ
дваццаць	dvatsːatsʲ
дваім	dvajim
дваімі	dvajimʲi
дваістыя	dvajistɨja
дваіх	dvajix
двое	dvoje
двое	dvˈoje
двойках	dvojkax
двойку	dvojku
двойкі	dvojkʲi
двор	dvor
дворныя	tvornɨja
дворнікам	dvornʲikam
дворнікі	dvornʲikʲi
дворнічыха	dvornʲitʂɨxa
двубою	dvuboju
двум	dvum
двума	dvuma
двумя	dvumja
двух	dvux
двухбаковая	dvuxbakovaja
двухвонкавы	dvuxvonkavɨ
двухгадовыя	dvuxɣadovɨja
двухсоты	dvuxsotɨ
дж	dʒˈɛ
джаза	dʐaza
джала	dʒala
джаліць	tʃaɫʲitsʲ
джаліць	ʈʂaɫʲitsʲ
джгаць	dʐgatsʲ
джокер	dʐokʲer
джон	dʐon
джын	dʐɨn
джынсы	dʐɨnsɨ
джыхад	dʐɨxat
джэм	dʐɛm
джэмы	dʐɛmɨ
дз	tsˈ
дз	zə
дзве	dvˈe
дзве	dzʲvʲe
дзвер	dzʲer
дзверы	dzʲvʲerɨ
дзвесце	dzʲvʲesʲtsʲe
дзвюм	dzʲvʲum
дзвюма	dzʲvʲuma
дзвюх	dzʲvʲux
дзвярам	dzʲvʲaram
дзвярамі	dzʲvʲaramʲi
дзвярах	dzʲvʲarax
дзвярмі	dzʲvʲarmʲi
дзвярыма	dzʲvʲarɨma
дзвярэй	dzʲvʲarɛj
дзвіна	dzʲvʲina
дзе	dzʲe
дзе	tɕjɛ˥˥
дзе-дзе	dzʲedzʲe
дзе-кольвек	dzʲakolʲvʲek
дзе-нідзе	dzʲenʲidzʲe
дзевачкі	dzʲivatʂkʲi
дзевер	dzʲevʲer
дзевяноста	dzʲevʲanosta
дзевяносты	dzʲevʲanostɨ
дзевятнаццаты	dzʲevʲatnatsːatɨ
дзевятнаццаць	dzʲevʲatnatsːatsʲ
дзевяты	dzʲevʲatɨ
дзевяць	dzʲevʲatsʲ
дзевяцьсот	dzʲevʲatsʲsot
дзевяцісоты	dzʲevʲatsʲisotɨ
дзевяцісоты	dzʲvʲatsʲisotɨ
дзед	dzʲet
дзеда	dzʲeto
дзедава	dzʲedava
дзедава	tsʲedava
дзедам	dzʲedam
дзедаўскі	dzʲadou̯skʲi
дзее	dzʲeje
дзеепрыметнік	dzʲejeprɨmʲetnʲik
дзеепрыслоўе	dzʲejeprɨsɫou̯je
дзейнага	dzʲejnaɣa
дзейнасцю	dzʲejnazʲtsʲu
дзейнасці	dzɛjnasʲtsʲi
дзейнымі	dzʲejnɨmʲi
дзейных	dzjejnɨx
дзейнік	dzʲejnʲik
дзейнічаць	dzʲejnʲitʂatsʲ
дзейнічаюць	dzʲejnʲetʂajutsʲ
дзелавых	dzʲeɫavɨx
дзеля	dzʲelʲa
дзелячы	dzʲeɫʲetʂɨ
дзень	dzʲenʲ
дзерава	dzʲerava
дзесь	dzʲesʲ
дзесьці	dzʲesʲtsʲi
дзесяць	dzʲesʲatsʲ
дзесяцігоддзе	dzʲesjatsʲiɣoddzʲi
дзесяцігоддзе	dzʲesʲatsʲiɣodzʲːe
дзесяцітысячны	dzʲesʲatsʲitɨsʲatʂnɨ
дзетачкі	dzʲetatʂkʲi
дзеткі	dzʲetkʲi
дзець	dzʲetsʲ
дзецям	dzʲetsjam
дзеці	dzʲatsʲi
дзеці	dzʲetsʲi
дзецішча	dzʲetsʲiʂtʂa
дзешкі	dzʲeʂkʲi
дзеючым	dzʲejutʂɨm
дзеямі	dzʲeʲamʲi
дзеянне	dzʲajannʲa
дзеясловы	dzʲesɫovɨ
дзеяслоў	dzʲejasɫou̯
дзеяслоўны	dzʲesɫou̯nɨ
дзеяць	dzʲejatsʲ
дзеячам	dzʲeʲatʂam
дзеўкі	dzʲeu̯kʲi
дзмітрый	dzʲmʲitrɨj
дзьвіна	dzʲvʲina
дзьвінск	dzʲvʲink
дзьме	dzʲimɛ
дзьмухавец	dzʲmuxavʲets
дзьмуць	dzʲmutsʲ
дзюба	dzʲuba
дзюбаносая	dzjubanovaja
дзюбнулі	dzʲupnuɫʲi
дзюбу	dzʲubu
дзюбы	tsʲubɨ
дзюны	dzjunɨ
дзявочы	dzʲavotʂɨ
дзявяты	dzʲavʲatɨ
дзявяцера	dzʲavʲatsʲera
дзядзька	dzʲatsʲka
дзядзькавіч	dzʲatsʲkovʲitʂ
дзядзькам	dzʲatsʲkam
дзядзькаўна	dʐatsʲkau̯naja
дзядуля	dzʲadulʲa
дзядулям	dzʲadulʲam
дзяжурны	dzjaʐurnɨ
дзяжурныя	dzjaʐurnɨja
дзяк	dzjak
дзякавала	dzʲakavaɫa
дзякавалі	dzʲakavalʲi
дзякаваць	dzʲakavatsʲ
дзякаваў	dzʲakavau̯
дзякаваўшы	dzʲakavau̯ʂɨ
дзякуе	dzʲakuje
дзякуем	dzʲakujem
дзякуеце	dzʲakujetsʲe
дзякуеш	dzʲakujeʂ
дзякуй	dzʲakuj
дзякуйце	dzʲakujtsʲe
дзякую	dzʲakuju
дзякую	tsakoju
дзякуюць	dzʲakujutsʲ
дзякуючы	dzʲakujutʂɨ
дзялянка	zjaɫjanko
дзяніс	dzʲanʲis
дзяржава	dzʲarʐava
дзяржавах	dzʲarʐavax
дзяржавы	dzjarʐavɨ
дзяржаўны	dzjarʐau̯mɨ
дзяржаўныя	dzjarʐawnɨja
дзяржынск	dzʲarʐɨnsk
дзяркач	dzʲerkatʂ
дзярно	dˈɑzɛrnˈo
дзярэ	dzʲarɛ
дзясяты	dzʲasʲatɨ
дзясяты	dzʲesjadɨ
дзясяцера	dzʲasʲatsʲera
дзяцей	dzʲatsjej
дзяцел	dzʲatsʲeɫ
дзяцюк	dzatsɔk
дзяцюк	dzʲatsʲuk
дзяцінства	dzʲatsʲinstva
дзячыць	tsʲatʂɨtsʲ
дзяўчаткі	dzjau̯tʂatkʲi
дзяўчына	dzʲau̯tʂɨna
дзяўчынак	dzjau̯tʂɨnak
дзяўчынка	dzʲau̯tʂɨnka
дзяўчынкі	dzʲau̯tʂɨnkʲi
дзяўчыну	dzjau̯tʂɨnu
дзёгаць	dzʲoɣatsʲ
дзён	dzʲon
дзёсен	dzʲosʲin
дзіва	dzʲiva
дзіва	dʲiva
дзівосная	dzʲivosnaʲa
дзівосы	dzʲivosɨ
дзівы	dzʲivɨ
дзівы	dzʲiwɨ
дзівілася	dzʲavʲiɫasja
дзівілі	dzʲivʲiɫʲi
дзівіцца	dzʲivʲitstsa
дзіда	dzʲida
дзіды	dzʲidɨ
дзік	dzʲik
дзіка	dzʲika
дзікабраз	dzʲikabras
дзікунскі	dzikˈunʃkˈi
дзікунства	dzʲikumstva
дзікі	dzʲikʲi
дзікім	dzʲikʲim
дзіма	dzʲima
дзін	dzʲin
дзіравы	tsʲiravɨ
дзірак	tsʲirak
дзіракол	dzʲirakoɫ
дзірачкі	dzʲiratʂkʲi
дзірка	dzʲirka
дзірка	dʒirka
дзіця	dzʲitsʲa
дзіцяці	dzʲitsʲaʲtsʲi
дзіцячая	dzʲitsʲatʂaʲa
дзіцячую	dzjitsʲatʂuju
дзіцячы	dzʲitsʲatʂɨ
дзіцячым	dzʲitsʲatʂɨm
дзіцячыя	dzʲitsʲatʂɨja
дзіцём	dzʲitsʲom
дзіцёнак	dzʲitsʲonak
дзічка	dzʲitʂka
дзічку	dzʲitʂku
дзічкі	dzʲitʂkʲi
дзічы	dzʲitʂɨ
дзіўлюся	tsiwplʲusja
дзіўна	dzʲiu̯na
дзіўна	dzˈiuna
дзіўнае	dzʲiu̯naʲa
дзіўнасьць	dzʲiu̯nasʲtsʲ
дзіўная	dzʲiu̯naja
дзіўны	dzʲiu̯nɨ
дзіўныя	dzʲiu̯nɨja
для	ruxu
для	tlʲa
дна	dna
дно	dno
дном	dnom
дню	dnʲu
дня	dnʲa
дням	dnʲam
днямі	dnʲamʲi
дняпро	dnʲapro
днях	dnʲax
днём	dnʲom
дні	dnʲi
до	do
до́ўгі	dou̯ɣʲi
добра	dobra
добраахвотны	dobraxvotnɨ
добрага	dopraɣa
добрае	dobraʲe
добразычлівая	toobrazɨtʂlʲivaja
добрай	dobraj
добраму	dobramu
добрая	dobraja
добруш	dobrus
добрую	dobruju
добры	dobrɨ
добрым	dobrɨm
добрых	doprɨx
довад	dovat
догляд	doxlʲad
дож	doʂ
дож	doʒ
дождж	doʂtʂ
дозах	dosax
дозы	dozɨ
дойдзе	dojdzɛ
дойчмаркі	dojtʂmarkʲi
док	dok
доказ	dokas
доктар	doktor
доктарам	doktaram
доктарская	doktarskaja
докшыцы	dokʂɨtsʲe
дол	doɫ
дол	dɔɫ
долары	doɫarɨ
долата	doɫata
долу	doɫu
долю	doɫʲu
доля	dolʲa
доля	doˈglʲa
доляй	dolʲaj
долі	doɫʲi
дом	dom
дома	doma
домам	tomam
домбру	dombru
домбуры	domburɨ
домра	domra
домру	tomru
дому	tomu
донар	donar
донарам	donaram
донарамі	donaramʲi
донары	donarɨ
доннымі	donnɨmʲi
донныя	donnɨja
донцы	dontsɨ
допытах	dopɨtax
допыту	dopɨtu
допыце	dopɨtsʲe
допіс	dopʲiʂ
дорага	doroɣa
дорыць	dorɨtsʲ
досвед	dosvʲet
дослед	dosʲlʲet
доступу	dostupu
дотык	dotˈɛk
дотыку	dotɨku
дохлых	doxlɨx
дохнуць	doxnutsʲ
дошка	doska
дошка	doʂka
дошкай	toʂkaj
дошках	doʂkax
дошкаю	doʂkaju
дошку	doʂku
дошкі	doʂkʲi
дошцы	doʂtsɨ
доўг	dou̯x
доўга	dou̯ɣa
доўгачаканы	dou̯ɣatʂokamɨ
доўгі	dou̯ɣʲi
доўгіх	dou̯ɣʲix
драбнюткі	drabʲːudkʲi
драбніцу	drabnʲitsu
драбязу	drabjazu
драбін	drabʲin
драбіна	drabʲina
драбіну	drabʲinu
драбіны	drabʲinɨ
драгічын	draɣʲitʂɨn
драйву	drajvu
дракон	drakon
драла	drala
драм	dram
драма	drama
драмай	dramaj
драматург	dromaturɣ
драматычна	dramatɨtʂna
драматычная	dramatɨtʂnaja
драматычных	dramatɨtʂnɨx
драму	dramu
дранцвець	dranʲtsʲvʲetsʲ
дранік	dranʲik
дранікі	dranjki
дранікі	dranʲiki
дранікі	draːnʲikʲi
драпала	drapoɫa
драпаць	drapatsʲ
драпежны	drapʲeʂnɨ
драпежнік	drapʲerʐnʲik
драпежнік	drapʲeʂnʲik
драпежнік	drapʲeʐnʲik
драсён	drasʲon
драць	tratsʲ
драцяны	daratsʲanɨ
драцяных	dratsʲanɨx
драч	dratʂ
драўлянае	drau̯lʲanoje
драўляны	drau̯lʲanɨ
драўляным	drawlʲanɨm
драўлянымі	drowlʲanɨmʲi
драўніны	drau̯nʲinɨ
дроб	drob
дробавай	drobavaj
дробам	drobam
дробна	drobna
дробнага	drobnaɣa
дробнай	drobnaj
дробная	drobnaja
дробная	dromnoja
дробны	drobnɨ
дробнымі	drobnɨmɨ
дробных	drobnɨx
дробныя	drobnɨja
дробу	drobu
дробы	drobɨ
дробязі	drobjazʲi
дровамі	drovamʲi
дровы	drovɨ
дрогкі	droɣkʲi
дрожджы	droʐdʐɨ
дрозд	drost
дрозд	drust
дрот	drot
дроту	drotu
дроў	drou̯
друг	drux
друга	druɣa
другам	druɣam
другая	druɣaja
другой	druxoj
другой	vruɣoj
другому	druɣomu
другою	druxoju
другую	druxuju
другі	druɣiː
другі	druɣʲi
другім	druɣʲim
другіх	druɣʲix
дружа	druʐa
дружаць	druʐatsʲ
дружба	druʐba
дружбы	druʐbɨ
дружная	druʐnaʲa
дружны	druʐnɨ
дружным	druʂnɨm
дружныя	druʐnɨja
дружын	druʐɨn
дружына	druʐina
дружынай	druʐɨnaj
друзам	druzam
друзлым	druzɫɨm
друзу	druzu
друк	druk
друкаванай	drukavanaj
друкавацца	drukavatsːa
друкаваць	drukavatsʲ
друкаваў	drukavau̯
друкарню	drukarnʲu
друку	druku
друкуе	drukuʲe
друкуецца	drukuʲetstsa
друкуюць	drukujuʲtsʲ
друкуючых	drukuʲutʂɨx
друкі	drukʲi
дрывамі	drɨvamʲi
дрыжалі	drɨʐalʲi
дрыжаць	drɨʂʐatsʲ
дрыжаў	drɨʂaw
дрыжы	drɨʐɨ
дрыжыкі	drɨʂɨkʲi
дрыжыць	drɨʂɨtsʲ
дрымота	drɨmota
дрымотнаю	drɨmotnaju
дрымучага	drɨmutʂaɣa
дрыяды	drɨjadɨ
дрэва	drɛva
дрэва	drɛʋa
дрэвавых	drɛvavɨx
дрэвам	trɛvam
дрэваў	drɛvau̯
дрэву	drɛvu
дрэвы	drɛvɨ
дрэмы	drɛmɨ
дрэнна	drɛnːa
дрэннага	trɛnnoɣo
дрэнны	drɛnːɨ
дрэнным	trɛnnɨm
дрэннымі	drɛnnɨmʲi
дрэс	grɛs
дуб	dup
дуба	duba
дубальтовы	dubaltovɨ
дубам	dupam
дубах	dubax
дубец	dubʲets
дубець	dubʲetsʲ
дубкі	dupkʲi
дублявацца	dubʲːavatsːa
дубляжом	dublʲaʐom
дублі	dublʲi
дубняк	dubnʲak
дубній	dupnˈi
дубовы	dubovɨ
дубовым	dubovɨm
дубовых	dubovɨx
дубовыя	dubovɨja
дубок	dubok
дуброўна	dubrou̯na
дуброўны	dobrou̯nɨ
дуброўнік	dubrou̯nʲik
дубу	dubu
дубы	dubɨ
дубільная	dubʲiɫʲnaja
дубільныя	dubʲiɫʲnɨja
дуг	dux
дугападобныя	duxopadobnɨja
дугі	duɣʲi
дудары	dutarɨ
дударык	dudorək
дужа	duʐo
дужая	duʒaʲa
дужка	duʒka
дужках	duʂkax
дужкі	duʃki
дужы	duʐɨ
дужым	duʐɨm
дужыя	duʐɨja
дужэй	duʐɛj
дуй	duj
дум	dum
дума	duma
дума	dumam
думае	dumaʲe
думаем	dumaʲem
думаеш	dumaʲeʂ
думайце	dumajtsʲe
думак	dumak
думала	tumaɫa
думалася	dumaɫasʲa
думаць	dumatsʲ
думаю	tumaju
думаюць	dumaʲutsʲ
думка	dumka
думкамі	dumkamʲi
думку	dumku
думку	dumkum
думкі	dumkʲi
думу	tumu
думы	dumɨ
дунай	dʊnaj
дупа	dupa
дупа	tˈuˌpˈa
дурань	duranʲ
дурнаваты	durnavatɨ
дурнейшым	durnʲejʂɨm
дурнем	turnʲem
дурнога	turnoga
дурное	durnoʲa
дурной	durnoj
дурному	turnomu
дурную	durnuju
дурны	durnɨ
дурнымі	durnɨmji
дурных	durnɨx
дурныя	durnɨja
дурня	turnʲa
дурні	durnʲi
дурнічка	durnitʂka
дурэць	durɛtsʲ
дусяты	dusjate
дух	dux
духа	duxa
духавым	duxavɨm
духам	duxam
духата	duxɑta
духмяны	duxmʲanɨ
духмяных	duxmjanɨx
духмяныя	duxmjanɨʲa
духоўная	duxˈou̯nʌja
духоўны	duxou̯nɨ
духоўнымі	duxou̯nɨmɨ
духоўныя	duxou̯nɨja
духу	duxu
дучэ	dutʂɛ
душ	doʂ
душ	duʂ
душа	duʂa
душа	duʃa
душавой	duʂavoj
душах	duʂax
душачцы	duʂatsɨ
душнай	duʂnaj
душны	duʂnɨ
душой	duʂoj
душу	dusu
душы	tuʂɨ
душыла	duʂɨɫa
душыць	duʂɨtsʲ
ды	dɨ
дыван	dɨvan
дыванок	dɨvanok
дываноў	dɨvanou̯
дываны	dɨvanɨ
дызайер	dɨzajnʲer
дызайн	dɨzajn
дызайнаў	dɨzajnau̯
дызайнер	dɨzajnʲer
дызайнеры	dɨzajnʲerɨ
дый	dɨj
дык	dɨk
дыктара	dɨktara
дыктат	dɨktat
дыктатар	dɨktatar
дыктатура	dɨktatura
дыктатуры	dɨktaturɨ
дыктафон	dɪktafon
дыктафон	tɨktafon
дыктоўка	dɨktowka
дыктоўцы	dɨktou̯tsɨ
дылемы	dɨlʲemɨ
дылетант	dɛlʲetant
дым	dɨm
дым	dˈym
дымам	dɨmam
дымаходах	dɨmaxodax
дымаходы	dɨmaxodɨ
дымным	dɨmnɨm
дымных	dɨmnɨx
дымок	dɨmok
дыму	dɨmu
дымяць	dɨmjatsʲ
дыміла	dɨmʲiɫa
дынабург	dɨnaburg
дыназаўр	dɨnazau̯r
дынама	dɨnama
дынама	dɪˈnama
дынаміту	dɨnamjitu
дынамічна	dɨnamʲitʂna
дынамічны	dɨnamʲitʂnɨ
дынамічным	dɨnamʲitʂnɨm
дынамічнымі	dɨnamʲitʂnɨmʲi
дыня	dɨnʲa
дыні	dˈyni
дыплом	dɨpɫom
дыплома	dɨploma
дыпломнай	dɨplomnaj
дыпломных	dɨpɫomnɨx
дыпломы	dɨplomɨ
дырыжор	dɨrɨʂor
дырэктар	dɨrɛktar
дырэктаркі	dɨrɛktarkʲi
дысертацыя	dɨsʲertatsɨja
дыск	dˈɪsk
дыскам	dɨskam
дысках	dɨskax
дысконтам	dɨskontam
дыскі	dɨskʲi
дысплей	dɨsplʲej
дысплей	dɨspɫɛj
дыспут	dɨspud
дыспутах	dɨsputax
дыстанцыю	dɨstantsɨju
дых	dɨx
дых	dɪx
дыхальнага	dɨxaɫʲnaɣa
дыхальнай	dɨxaɫʲnaj
дыхальца	dɨxaɫʲtsa
дыхання	dɨxannʲa
дыхаць	dɨxatsʲ
дыхаюць	dɨxajuʲtsʲ
дыхаў	dɨxau̯
дыхлафос	dɨxɫafos
дыхнула	dɨxnuɫa
дыхнуць	dɨxnutsʲ
дыхнуў	dɨxnˈuɫ
дыхт	dɨxt
дыхту	dɨxtu
дыху	dɨxu
дыяграмы	dɨjaɣramɨ
дыялекты	dɨjalʲekdɨ
дыялог	dɨjaɫoɣ
дыялогу	dɨjaɫogu
дыяпазону	dɨjapazonu
дыяпазітыў	dɨjapazʲitɨu̯
дыярамы	dɨjaramɨ
дыяспарай	dɨjasparaj
дыёд	dɨjot
дэбаты	dɛbatɨ
дэвону	dɛvonu
дэкаду	dɛkadu
дэкламаваць	dɛkɫamovatsʲ
дэкор	dɛkor
дэкору	dɛkoru
дэкорум	dɛkorum
дэкрэт	dɛkrɛt
дэкрэта	dɛkrɛta
дэльфін	dɛlʲfʲin
дэмакрат	dɛmakrat
дэмакратка	dɛmakratka
дэмакратычна	dɛmakradɨtʂana
дэмакратычную	dɛmakratɨtʂnuju
дэмакратыя	dɛmakratɨja
дэманстрацыя	dɛmanstratsɨja
дэмкі	dɛmkʲi
дэндрахраналогія	dɛndraxranaɫoɣʲija
дэні	dɛnʲi
дэпазіт	dɛpɑzʲit
дэпо	dɛpo
дэпутатам	dɛputatam
дэпутатамі	dɛputatamʲi
дэпутату	dɛputatu
дэпутацкая	dɛputatskaja
дэрываты	dɛrɨvatɪ
дэсантным	dɛsantnɨm
дэтальны	dɛtaɫʲnɨ
дэталяў	dɛtaʲːau̯
дэтанатар	dɛtanatar
дэтрытам	dɛtrɨtam
дэтэктар	dɛtɛktar
е	je
е	jˈe
ева	jeva
еву	ɛvu
егіпцянка	jeɣʲiptsʲanka
егіпцянін	jeɣʲiptsʲanʲin
едзь	jetsʲ
едкая	ɛtkɐja
едкім	ʲetkʲim
едкія	jetkʲija
еду	jedu
еду	jˈedu
ежа	jeʐa
ежай	ʲeʐaj
ежу	ʲːeʐu
ежы	jeʐɨ
ездзілі	jezdʲili
ездзіць	jezdzʲitsʲ
езна	jeznɛ
езярышча	nʲezjarɨʂtʂa
ейнага	jæjnaɣa
ейны	jejnɨ
еката́ць	jakatatsʲ
елкаватасць	ʲau̯kavataztsʲ
елкаваты	jelkavatɨ
елку	jelku
ельнічны	jelʲnʲitʂnɨ
ельск	jelʲsk
ельяшэвіч	jelʲjaʂɛvʲitʂ
елі	jelʲi
елізавета	jelʲizavʲeta
ем	jem
енчыць	jentʂɨtsʲ
енчыць	ʲentʂɨtsʲ
епіскап	jepʲiskap
епіскапальнай	jepʲiʂkopaɫʲnaj
епіскапальная	epʲiskapaɫʲnaja
ерась	jerasʲ
ерэван	jerɛvan
есць	jesʲtsʲ
есці	jestse
есці	jesʲtsʲi
есьці	jesʲtsʲi
ехала	jexaɫa
ехалі	jexalʲi
ехаць	jexatsʲ
ехаў	jexau̯
ешыбот	ʲeʂɨpot
еўдакім	jeu̯dakʲim
еўдакія	jeu̯dakʲija
еўра	jeu̯ra
еўрабачанне	jeu̯rabatʂanʲːe
еўрапеец	jeu̯rapʲejets
еўрапейка	jeu̯rapʲejka
еўрапейская	jeu̯rapʲejskaja
еўрапейскі	jeu̯rapʲejskʲi
еўрасаюз	zʲeu̯rasaʲus
еўропа	jeu̯ropa
еўця	jau̯tsʲa
ж	ʐ
жа	ʐa
жаб	ʐab
жаба	ʐaba
жаба	ʒaba
жабам	ʐabam
жабка	ʐapka
жабніку	ʐabnʲiku
жабрак	ʐabrak
жабрак	ʒabrak
жабрацтва	ʐabratstva
жабрачка	ʐabratʂka
жабу	ʐabu
жабы	ʂabɨ
жабінка	ʐabʲinka
жабінка	ʐabʲinko
жавала	ʐavala
жаваранак	ʐavaranak
жаваранак	ʐavarɛnak
жадаеце	ʑadaʲetsʲe
жаданне	ʐadanʲːe
жаданні	ʂadannʲi
жаданым	ʐadanɨm
жадаць	ʐadatsʲ
жадаць	ʒadatsʲ
жадаю	ʐadaju
жадаюць	ʐadajutsʲ
жадаючы	ʐadaʲutʂɨ
жадаў	ʐadaw
жаднага	ʐadnaɣa
жаднаму	ʐadnamu
жадны	ʐadnɨ
жазло	ʐazɫo
жаласна	ʐaɫasna
жаласны	ʐaɫasnɨ
жаласны	ʐaɫasnʲa
жаласці	ʐaɫosʲtsʲi
жалеза	ʐalʲeza
жалем	ʐalʲem
жалоба	ʐaɫoba
жалобны	ʐaɫobnɨ
жалобу	ʐaɫobu
жалудамі	ʐaɫudamji
жаль	ʐoɫʲ
жальба	ʐaɫʲba
жалю	ʐaɫju
жалі	ʐaɫji
жана	ʐana
жанаты	ʐanotɨ
жанаты	ʒanatɨ
жандара	ʂandara
жандару	ʐandaru
жандары	ʐantarɨ
жанета	ʐanʲeta
жанна	ʐanna
жаноцкі	ʐanotskʲi
жаночай	ʐonotʂaj
жаночую	ʐanotʂuju
жаночы	ʐanotʂɨ
жаночым	ʐanotʂɨm
жаночых	ʐonotʂɨx
жаночыя	ʂanotʂɨja
жанр	ʐanr
жанравы	ʐanravɨ
жанравых	ʐanravɨx
жанрамі	ʐanramʲi
жанрах	ʐanrox
жанры	ʐanrɨ
жану	ʐanu
жанчы́на	ʐantʂɨna
жанчын	ʐantʂɨn
жанчына	ʐantʂɨna
жанчыне	ʐantʂɨnʲe
жанчыну	ʐantʂɨnu
жанчыны	ʐantʂɨnɨ
жаніх	ʐanʲix
жаніха	ʐanʲixa
жаніцца	ʐanʲitsːa
жар	ʐar
жара	ʐara
жарабец	ʐarabʲets
жарабя	ʐarabʲa
жарало	ʐaraɫo
жаргон	ʐarɣon
жарсць	ʐarsʲtsʲ
жарсці	ʐarsʲtsʲi
жарт	zˈart
жарт	ʐart
жартаваць	ʐartavatsʲ
жартам	ʐartam
жартачкі	ʐartatʂkʲi
жартаў	ʐartou̯
жартоўны	ʐartou̯nɨ
жарту	ʐartu
жартуе	ʒartuʲe
жартую	ʐarduju
жартуюць	ʐartujutsʲ
жарты	ʒartɨ
жары	ʐarɨ
жарэ	ʐarɛ
жарэбчык	ʐarɛptʂɨk
жах	ʐax
жахам	ʐaxam
жахаў	ʐaxou̯
жахлівай	ʐaxlʲivaj
жахлівы	ʐaxlʲivɨ
жахлівы	ʐaxɫʲivɨ
жахнулі	ʐaxnulʲi
жахі	ʐaxʲi
жаўна	ʐau̯na
жаўна	ʒau̯na
жаўнеры	ʐau̯nʲerɨ
жаўнеры	ʒau̯nʲerɨ
жаўроначак	ʐau̯ronaːtʂak
жаўрук	ʒau̯ruk
жвава	ʂvava
жвавай	ʐvavaj
жвавы	ʒyvavɨ
жвавым	ʐvavɨm
жвачку	ʐvatʂku
жвіровым	ʂvʲirovɨm
жгут	ʐgut
жгутамі	ʂɣutamʲi
жменька	ʒmʲanʲka
жменю	ʂmʲenʲu
жмені	ʐmʲenʲi
жмуток	ʐmutok
жнеям	ʂnʲejam
жнівень	ʐnʲivʲenʲ
жнівень	ʒnʲivʲenʲ
жнівеньскі	ʐnʲivʲenʲskʲi
жніво	ʐnʲivo
жодзіна	ʐodzʲina
жолаб	ʐoɫap
жолуд	ʐoɫut
жонка	ʐonka
жонка	ʒonka
жонкаю	ʐonkaju
жонкі	ʂonkʲi
жопа	ʐopa
жоравы	ʐorovɨ
жораў	ʐorou̯
жорнах	ʐornax
жорстка	ʐorstka
жорсткасць	ʐorstkasʲtsʲ
жорсткі	ʐorstkʲi
жорсткіх	ʐorstkʲix
жорсткія	ʐorstkʲija
жоўта-чырвоны	ʐou̯tatʂɨrvonu
жоўтай	ʐou̯taj
жоўтая	ʐou̯taʲa
жоўтая	ʒou̯taja
жоўтую	ʒou̯tuju
жоўты	ʐou̯tɨ
жоўты	ʒou̯tɨ
жоўтым	ʐou̯tɨm
жоўтыя	ʐou̯tɨʲa
жоўць	ʐou̯tsʲ
жудаснай	ʂudasnaj
жудасны	ʐudasna
жудасным	ʐudasnɨm
жудасць	ʐudaʂtsʲ
жужаль	ʐuʐalʲ
жук	zuk
жук	ʐuk
жука	ʐuka
жуковіч	ʐukovʲitʂ
жукоў	zukou̯
жукоў	ʐukou̯
жукоўскі	ʐukou̯skʲi
жукі	ʐukʲi
жукі	ʒukˈi
жульнічаць	ʐulʲnʲitʂatsʲ
жупан	ʐupan
жур	ʐur
жур	ʒˈur
жураўскі	ʐurau̯skʲi
журботны	ʒurbotnɨ
журбу	ʐurbu
журбіна	ʒurbina
журнал	ʐurnaɫ
журналіст	ʐurnalʲist
журналіста	ʐurnaɫʲista
журналістка	ʐurnalʲistka
журналісты	ʒurnalʲistɨ
журфак	ʐurfak
журчаць	ʐurtʂatsʲ
журы	ʐurɨ
журыцца	ʐurɨtsːa
жыва	ʐɨva
жывапіс	ʐɨvapʲiʂ
жывапісам	ʐɨvapʲiʂam
жывапісу	ʐɨvapʲisu
жыватом	ʐɨvatom
жываце	ʂɨvatsʲe
жывая	ʐɨvaʲa
жыве	ʐɨvɛ
жывей	ʐɨvjej
жывецца	ʂɨvʲetstsa
жывеш	ʐɨvɛʂ
жывога	ʐɨvoɣa
жывое	ʐɨvoʲe
жывой	ʂɨvoj
жывот	ʐɨvot
жывот	ʐɨvˈot
жывою	ʐɨvoju
жыву	ʐɨvu
жыву	ʑɨvu
жывучы	ʐɨvutʂɨ
жывучыя	ʐɨvutʂɨja
жывы	ʐɨvɨ
жывы	ʒɨvɨ
жывым	ʐɨvɨm
жывымі	ʐɨvɨmʲi
жывых	ʐɨvɨx
жывыя	ʐɨvɨja
жывяце	ʒɨvʲatsʲe
жывёл	ʐɨvʲoɫ
жывёла	ʐɨvʲoɫa
жывёлай	ʐɨvʲoɫaj
жывёламі	ʐɨvʲoɫamʲi
жывёлу	ʐɨvʲoɫu
жывёлы	ʐɨvʲolɨ
жывём	ʐɨvjom
жыві	ʐɨvʲi
жывіца	ʐɨvʲitsa
жыгучыя	ʐɨxutʂɨja
жыд	ʐɨt
жыд	ʒɨt
жыжа	ʐɨʐa
жыл	ʐɨɫ
жыла	ʐɨɫa
жылля	ʐɨllʲa
жыллёвабудаўнічы	ʐɨlʲovapudau̯nʲitʂɨ
жыло	ʐɨlo
жылой	ʂɨɫoj
жылося	ʐɨɫosja
жылы	ʐɨɫɨ
жылым	ʐɨɫɨm
жылымі	ʐɨɫɨmɨ
жылых	ʐɨɫɨx
жылыя	ʐɨlɨja
жылі	ʐɨɫʲi
жырафа	ʒɨrafa
жыры	ʐɨrɨ
жыта	ʐɨta
жыткавічы	ʐɨtkovʲitʂɨ
жытку	ʂɨtku
жытла	ʐɨtɫa
жытло	ʂɛtɫo
жытло	ʂɨtɫo
жытлом	ʐɨtɫom
жытлы	ʐɨdɫɨ
жытняе	ʐɨtnʲa
жытні	ʐɨtnʲi
жытнім	ʐɨtnʲim
жытомір	ʐɨtomʲir
жыхар	ʐɨxar
жыхара	ʐɨxara
жыхарам	ʐɨxaram
жыхаром	ʐɨxarom
жыхароў	ʂɨxarow
жыхарства	ʐɨxarstva
жыхары	ʐɨxarɨ
жыце	ʐɨtsʲe
жыцца	ʐɨtsːo
жыцця	ʐɨtsːja
жыццяздольнасць	ʐɨtsːjazdoɫʲnasʲtsʲ
жыцця…	ʐɨtsːja
жыццё	ʐɨtsʲːo
жыццё	ʐɨtsːja
жыццёвы	ʐɨtsʲovɨ
жыццёвых	ʐɨtsːʲovɨx
жыццём	ʐɨtsːʲom
жыць	ʐɨtsʲ
жэньшэнь	ʐɛnʲʂɛnʲ
жэрабя	ʐɛrabʲa
жэрдка	ʐɛrtkɨ
жэрдкамі	ʐɛrtkamʲi
жэсту	ʐɛstu
жэсты	ʐɛstɨ
з	z
з	zˈɛ
з'ем	zjem
з'есці	zʲjesʲtsʲi
з'ехаць	zjexatsʲ
з'еш	zjeʂ
з'ява	zʲjava
з'яву	zjavu
з'явілася	zjavʲiɫasʲa
з'явіцца	zjavitsːa
з'явіцца	zʲjavʲitsːa
з'явіўся	zjavjiu̯ʂja
з'ядзім	zjadzʲim
з'яднанне	zjadnãn̪ʲːe
з'яднацца	zjadnatsːa
з'яў	zjau̯
з'яўляецца	zjau̯lʲaʲetstsa
з'яўляцца	zʲjau̯lʲatsːa
з-а	za
з-за	za
з-за	zza
за	za
заапарк	zaapark
заахвоціць	zaaxvotsʲitsʲ
заб'е	zabje
забабоны	zababoni
забабоны	zababonɨ
забаваў	zabavou̯
забаву	zabavu
забалочаныя	zaboɫotʂanɨja
забаранялася	zabaranʲaɫasja
забараняць	zabaranʲatsʲ
забараніць	zabaraniːtsʲ
забараніць	zabaranʲitsʲ
забарона	zabarona
забарона	zabarɔna
забаронена	zabaronʲena
забароненая	sobaronʲenɨja
забароны	zabaronɨ
забароніш	zabaronʲiʂ
забастоўка	zabastou̯ka
забаўляць	zabau̯lʲatsʲ
забегшы	zabʲexʂɨ
забеспячэнне	zabʲesʲpʲatʂɛnʲːe
забойства	zabojstva
забойствам	sabojstvom
забойствы	zabojstvɨ
забойца	zabojtsa
забойца	zabojtsːa
забор	tsabor
заборскі	zaborskʲi
забору	zaboru
забою	saboju
забрала	zapraɫo
забралі	zapralʲi
забралі	zapraɫʲi
забрацца	zabratsːa
забруджаныя	zaprutʂanɨʲa
забудову	zabudovu
забудовы	sabutovɨ
забуду	zabudu
забывай	zabɨvaj
забывайма	zabɨvajma
забывайце	zabɨvojtsʲe
забывацца	sabɨvatsːa
забываць	zabɨvatsʲ
забываюцца	zabɨvajutsːa
забываюць	zabɨvojutsʲ
забылася	sabɨɫasja
забылі	zabɨlʲi
забытая	zabɨtaja
забыты	zabɨtɨ
забыцца	zabɨtsːa
забыць	zabɨtsʲ
забі	zabʲi
забіваць	zabʲivatsʲ
забіваць	zobʲivatsʲ
забіваў	zobʲivau̯
забілі	zabjilʲi
забіта	zabʲita
забіты	zabʲitɨ
забітыя	sabʲidɨja
забіць	zabʲitsʲ
заб’еш	zabjeʂ
заваленыя	savalʲenɨja
заваліла	zavolʲiɫa
заварны	zavarnɨ
завароту	zavarotu
заварушыла	savaruʂɨɫa
заварушылася	zovaruʂɨɫaʂja
заварушыліся	zavaruʂɨɫʲisja
заваяванні	zavojavanʲːi
заваяваную	zavajavanuju
заваяваў	zavaʲavau̯
заваёва	zavˈoʌva
завершана	zavʲerʂana
завершаных	zavʲerʂanɨx
завецца	ʐavʲetstsa
завея	zavʲeja
завод	zavod
завода	zavoda
заводам	zavodam
заводзе	zavodzʲe
заводзіць	zavodzʲitsʲ
заводу	zavodu
заводы	zavodɨ
завоз	zavoz
завознікі	zavoznʲikʲi
завозім	zavozʲim
завостраныя	ʐavostranɨja
завочна	zavotʂna
завочным	zavotʂnɨm
завуць	savutsʲ
завучаныя	zavutʂanɨja
завушніцы	zavuʂnʲitsɨ
завышаны	zavɨʂanɨ
завядзі	zavʲadzʲi
завёз	zavʲos
завірусе	zavʲirusʲe
завірух	zavʲirux
завіруха	zavʲiruxa
завірухай	zavʲiruxaj
завірухам	zavʲiruxam
завірухамі	zavʲiruxamʲi
завірухах	zavʲiruxax
завірухаю	zavʲiruxaju
завіруху	zavʲiruxu
завірухі	zavʲiruxʲi
завіс	savʲis
завітала	savʲitaɫa
завітаў	zabʲitau̯
завіўся	zavʲiu̯sja
загаварыце	zaɣavarɨtsʲe
загад	zaɣat
загадала	saɣadaɫa
загадана	zaxadana
загадзя	zaɣadzʲa
загадка	zaɣatka
загадкай	zaɣadkaj
загалоўкаў	zaɣaɫou̯kau̯
загану	zaɣanu
загарадзілі	saɣaradzʲiɫʲi
загараднымі	zaɣaradnɨmʲi
загарнуць	zavarnutsʲ
загароды	zaɣarodɨ
загваздка	zaɣvazdka
загнуць	zaɣnutsʲ
заголеныя	zaɣoɫʲenɨja
загон	zaɣon
загонах	zaɣonax
загоны	zaɣonɨ
загрукала	saɣrukɔɫa
загрэб	zaɣrɛp
загучыць	zaɣutʂɨtsʲ
загінала	zagʲinala
загінула	zaɣʲinuɫa
задавальняцца	zadavaɫʲnʲatsːa
задаволены	zadavolʲenɨ
задае	zadaʲe
заданне	zadanʲːe
задач	sadotʂ
задача	sadatʂa
задачах	zadatʂax
задачы	zadotʂɨ
задзейнічаць	zodzʲejnʲitʂatsʲ
задзяўбці	zatzʲau̯ptʲi
задзіраць	zatzʲiratsʲ
задзіраючы	zodzʲirajutʂɨ
задзіраў	zodzjarau̯
задняя	zadnʲaja
задні	sadnʲi
задні	zadnʲi
заднім	sadnʲim
задор	sador
задорным	zadornɨm
задраўшы	zidrau̯ʂɨ
задрыжалі	zodrɨʐaɫʲi
задумана	zadumana
задуманы	sadumanɨ
задумвацца	zadumvatsːa
задуменна	sadumʲenna
задуму	zatumu
задумы	zadumɨ
задушаны	zatuʂanɨ
заенчыла	zaʲemtʂɨɫa
заехаў	zajaxau̯
зазвычай	zazvɨtʂaj
зазвінеўшы	zazvʲinʲeu̯ʂɨ
зазначаю	zaznatʂaj
зазначаў	saznatʃau̯
зазначу	zaznatʃu
зазнаў	zaznaw
зазіраючы	zazʲirajudʐɨ
зазірнуў	zazʲirnuu̯
зайздрасць	zajzdrasʲtsʲ
зайздрасць	zajzdrɛstsʲ
зайздросны	sajzrosnɨ
зайздросны	zajzdrosnɨ
зайздрошчу	zajzdrɔʂtʂu
займае	zajmaʲːe
займаем	zajmaʲem
займаеш	zajmaʲeʂ
займалася	zajmalasja
займаліся	zajmaɫʲisja
займацца	sajmaːtsa
займацца	zajmatsːa
займаць	zajmatsʲ
займаюцца	zajmajutsːa
займаюць	zajmajutsʲ
займаючы	zajmaʲutʂɨ
займеннік	zajmʲenʲːik
займу	zajmu
зайсці	zajsʲtsʲi
заказныя	zakaʐnɨja
заказніка	zakaznʲika
заказчык	zakaʂtʂɨk
закалыша	zakalɨʂa
заканадаўства	zakanadau̯stva
заканазнавец	zakanaznavʲets
заканамернасць	zakanamʲernasʲtsʲ
заканчвалася	zakantʂvaɫasja
заканчэння	zakantʂɛnʲːa
закарэлыя	zakarɛɫaja
закаханых	zakaxanɨx
закаханыя	zakaxanɨja
закваску	zakvasku
заклад	zakɫad
закладзены	zakɫadzʲenɨ
закладнікі	zakɫadnʲikʲi
заклала	zaklaɫa
заклапочаныя	zakɫapotʂanɨja
закласці	zakɫasʲtsʲi
закласці	zzakɫasʲtsʲi
заклаў	zaklau
заклятым	zaklʲatɨm
заклятых	zaklʲatɨx
заклік	zaklik
заклікаем	zaklʲikaʲem
заклікаю	zakɫʲikaju
заклікі	zaglʲikʲi
закон	zakon
закон	zaːkˈon
закона	sakona
законам	zakonam
законамі	zakonamʲi
законнасці	zakonnazʲtsʲi
законны	sakonnɨ
законным	sakonnɨm
законнымі	zakonnɨmɨ
законныя	zakonnɨja
закончана	zakontʂana
закончаны	zakontʂanɨ
закончаныя	zakontʂanɨja
закончыла	zakontʂɨɫa
закончыцца	zakontʂɨtsːa
законы	zakonɨ
закранаем	zakranaʲem
закранулі	zokranulʲi
закрануць	zokranʲutsʲ
закрануў	zokranou̯
закратаваць	zakratavatsʲ
закружылася	zakruʐɨɫasja
закручаным	zakrutʂanɨm
закручаных	zakrutʂanɨx
закручваць	zakrutʂvatsʲ
закручваўся	zagrutsʲvawʂja
закрываць	zakrɨvatsʲ
закрылі	zakrɨlɨ
закрытасць	zakrɨtasʲtsʲ
закрытая	zakrɨtaʲa
закрыцця	zakrɨtsːja
закрыць	zakrɨtsʲ
закрычала	zakrɨtʂaɫa
закрыюцца	zakrɨjutsːa
закрыў	zakrɨjou̯
закрэсліць	zakrɛzlʲitsʲ
закуп	zakup
закупачныя	zakupotʂnɨja
закупкі	zakupkʲi
закупнай	zakupnoj
закупцы	zakuptsɨ
закусачныя	zakusatʂnɨja
закуску	zakusku
закутка	zakutka
закідала	zakʲidaɫa
закідаць	zakʲidatsʲ
закіды	zakʲidɨ
закінуты	zakʲinutɨ
закінутых	zakʲinutɨx
закінуць	zakʲinutsʲ
зал	zaɫ
зала	zala
зала	zaɫa
зала-гасцёўня	zaɫaɣaʂtsʲou̯nʲa
залай	zalaj
залататканка	zalatatkanika
залаты	zaɫatɨ
залатым	zaɫadɨm
залатыя	zaɫatɨja
залева	zalʲema
заледзянелыя	zalʲetzʲanʲeɫɨja
залежнасць	zalʲeʐanastsʲ
залежнасці	zalʲeʐnasʲtsʲi
залежны	zalʲeʐnɨ
заложны	zaɫoʐnɨ
заложнік	zaɫoʐnʲik
заложніках	zaɫoʐnʲikax
залоза	zaɫoza
залоўка	zalou̯ka
залп	zaɫp
залу	zaɫu
залупа	zaɫupa
залучаны	zaɫutʂanɨ
залучаныя	zaɫutʂanɨja
зальны	zaɫʲnɨ
заліку	zaɫʲiku
заліла	zalʲiɫɑ
заліта	zaɫʲita
заліць	zaɫʲitsʲ
залічаны	zalʲitʂanɨ
залічка	zalʲitʂka
залічэнне	zalʲitʂɛnnʲa
замазаны	zamazanɨ
замак	zamak
замаляваць	zamalʲavatsʲ
заманілі	zamonʲiɫji
замарожаныя	zamaroʐanɨja
заматаць	zamatatsʲ
замах	zamax
замахвацца	zamaxvatsːa
замаху	zamaxu
замацаванае	zamatsavanaʲa
замацаванне	zamatsavonʲːi
замацаваць	zumatsavatsʲ
замаўляюць	zamau̯lʲaʲutsʲ
замежжа	samʲerʐa
замежны	zamʲeʂnʲa
замежны	zamʲeʐnɨ
замежныя	samʲeʐnɨja
замежнікаў	zamʲeʂnʲikau̯
заменгоф	samenhof
замену	zamjenu
замены	zamjenɨ
заменяць	zamjenʲatsʲ
замест	zamʲest
замка	zamka
замкамі	zamkamji
замкнута	zamknuta
замкнуты	zamknutɨ
замкнуць	zamknutsʲ
замкнёная	zamknʲonaja
замком	samkom
замку	zamku
замову	zamovu
замовілі	zamovʲiɫʲi
заможна	zamoʐna
заможнага	zamoʐnaɣa
замок	zamok
замочку	zamotʂku
замоўчваць	zamou̯tʂvatsʲ
замужам	zamuʐom
замужні	zamuʐnʲi
замчала	zamtʂaɫa
замшэлы	zamʂɛɫ
замыслы	zamɨslɨ
замялі	zamjaɫji
замярзае	zamjarzaʲe
замяшчалі	zamjaʂtʂaɫʲi
заміналі	zamʲinaɫʲi
замірэннем	zomʲirɛnnʲem
занадта	zanatda
занадта	zanatsta
занатаваць	znotovatsʲ
занатоўвалі	zanodou̯valʲi
занатоўка	znatou̯ka
занесены	zonʲesʲenɨ
заныла	zanɨɫa
занядбаны	zanʲadbanɨ
заняло	zaʲːaɫo
заняліся	zanʲaɫʲisja
заняпад	zanʲapot
заняпаду	zanʲapadu
занята	zanʲata
занятае	zanʲataʲe
занятак	zanʲatak
заняткамі	zanʲadkamʲi
заняткі	zonʲatkʲi
заняты	zanʲatɨ
занятыя	zaʲːatɨja
заняцца	zonʲatsːa
заняў	zanʲau̯
запавет	zapavʲet
запаволенне	zapavolʲenʲːe
запазычанасць	zapazɨtʂonasʲtsʲ
запал	zapaɫ
запаленчых	zapalʲentʂɨx
запалка	zapaɫka
запалкі	zapɑɫkʲi
запалу	zapaɫu
запальнічка	zapalʲnʲitʂka
запалілі	zapalʲilʲi
запалім	zapalɨm
запаліць	zapalʲitsʲ
запаліў	zapaɫʲiu̯
запамінальна	zapamʲinalʲna
запар	zapar
запарожжа	zaparoʐːa
запасаў	zapasaw
запасных	zapasnɨx
запасы	sapasɨ
запаўняўся	zapau̯ɲːau̯sja
запечаны	zapʲetʂanɨ
запланаваны	zapɫanavanɨ
запланаваныя	zapɫonavanɨja
заплацім	zapɫatsʲim
заплаціць	zapɫatsʲitsʲ
заплаціў	zapɫatsʲiu̯
заплечнік	zapɫjetʂnʲik
заплюшчаных	sapɫʲuʂtʂanɨx
заплюшчы	zapɫʲuʂtʂɨ
заплюшчыць	zapɫjuztʂɨtsʲ
запозна	zapozna
запознены	zapoznʲenɨ
запомнілі	zapomnʲiɫʲi
запорах	zaporax
запоўню	zapou̯nʲu
запрасіла	zaprasjiɫa
запрасілі	zaprosʲilʲi
запрашае	zapraʂaʲe
запрашайце	zapraʂajtsʲe
запрашальны	zapraʂaɫʲnɨ
запрашалі	zaproʂaɫji
запрашаюцца	zapraʂaʲutsːa
запрашу	zaprosu
запрашэнне	zapraʂɛnʲːe
запрашэнні	zapraʂɛnnʲi
запросяць	zaproʂʲatsʲ
запросім	zaprosʲim
запрошаныя	zaproʂanɨja
запрэглі	zaprɛɣɫʲi
запужаны	zapuʐanɨ
запускі	zapuski
запусцім	zapusʲtsʲim
запушчанай	zapuʂtʂanaj
запыт	zapɨt
запытальна	zapɨtaɫʲna
запыталі	zapɨtaɫʲi
запытанне	zapɨtanʲːe
запытанню	zapɨtanʲːu
запытання	zapɨtanʲːa
запытанні	zapɨtannʲi
запытацца	zapɨtatsːa
запытаць	zapɨtatsʲ
запытаў	zapɟɨtau̯
запытваць	zapɨtvatsʲ
запэцканы	zapatskanɨ
запэцканы	zapɛtskanɨ
запэўніваць	zapɛu̯nʲivatsʲ
запэўніць	zapɛu̯nʲitsʲ
запякаць	zapʲakatsʲ
запяклася	zapʲakɫasja
запясце	zapjaʂtsʲe
запясце	zapʲasʲtsʲe
запячы	zapʲatʂɨ
запяюць	zapʲaʲutsʲ
запінка	zapʲinko
запіс	zapʲis
запісаны	sapʲiʂanɨ
запісвацца	zapʲisvatsːa
запісваць	zapʲiʂvatsʲ
запіска	zapʲiska
запісу	zapʲisu
запісы	zapʲisɨ
запішу	zapʲiʂu
зара	zara
зарабляе	zorɛblʲaʲe
заработную	zarabotnuju
зарабіў	zorɨbʲiu̯
зараджаных	zaradʐanɨx
зараджаць	zaradʐatsʲ
зарадкі	zaradkʲi
заражаны	zaraʐanɨ
заражаныя	zaraʐanɨja
зараз	zaras
заразлівы	zarazɫʲivɨ
зарання	zaranʲːe
зараплавец	zarapɫavʲets
зараснік	zarusnʲik
зараснікамі	zarasʲːikamʲi
зарасніку	zarasʲːiku
зараўняла	zarau̯nʲaɫo
заржавела	zarʐavʲeɫa
зарніца	zarnʲitsa
зарніцы	zarnʲitsɨ
заробках	zarobkax
заробку	zaropku
зародкавым	zarodgavɨm
зародку	zarotku
зарокаў	zarokaw
зарос	zaros
зарумзала	zarumzaɫa
заручыны	zarutʂɨnɨ
зарывы	zarɨvɨ
зарыпелі	zarɨpʲeɫʲi
зарэжу	zarɛʂu
зарэчны	zarɛtʂnɨ
засада	zasada
засваенне	zasvaʲenʲːe
засвойваліся	zasvojvalʲisja
засвоіць	zasvoʲetsʲ
заслаўе	zˈosɫau̯jɪ
засляпіла	zaslʲapʲiɫo
засляпіў	zosʲlʲapʲiu̯
засмучаная	zasmutʂanaja
засмяялася	sasmʲaʲeɫasja
засмяяўся	zasmʲaʲau̯sja
заснавальнік	zaznavalʲnʲik
заснавалі	zʊsnavalʲi
заснавана	zaʂnavana
заснаваны	zasnavonɨ
заснулі	zasnuɫʲi
заснуў	zasnuw
заспявае	zaspʲavaʲe
застава	zastava
заставалася	zastavaɫaʂja
заставацца	zastavatsːa
застала	zastala
засталася	saʂtaɫasja
засталося	zastoɫosja
застануся	zastanˈuɭsʌ
застацца	zastatsːa
застаюцца	zastajutsːa
застой	zastˈoj
застолля	zastoɫʲːa
застрэліць	zastrɛljitsʲ
застрэшак	zastrɛʃag
засцялі	saʂtsʲaɫʲi
затапляюцца	sotapʲːajutsːa
затаўклі	zatou̯kli
заткну	zatknu
заток	zatok
затока	zatoka
затор	zator
затрапятаў	zatrapjataɫ
затрапятаўся	zadrapʲatau̯sja
затрымалі	zatrɨmaɫʲi
затрыманьне	zatrɨmannʲe
затрымаў	zatrɨmaw
затрымкі	zatrɨmkʲi
затуляла	zatulʲaɫa
затупалі	zatupˈaˈlʲi
затха	zatxat
затым	zatɨm
зафарбавалі	zafarbavalʲi
зафіксаваны	zafʲiksavanɨ
захаваліся	zoxavalʲisja
захаванай	zaxavanaj
захаванне	zaxavanʲːe
захаваным	zaxavanɨm
захаваных	zaxavanɨx
захаваць	zaxavatsʲ
захаваю	zaxavˈɑju
захад	tsaxat
захад	zaxat
захадам	zaxadam
захадзе	zaxodzʲe
захаду	zaxodu
захады	zaxadɨ
захаплялі	zaxaplʲaɫʲi
захапляцца	zaxaplʲatsːa
захапляцца	zaɣaplʲatsːa
захапляюся	zaxaplʲajusʲa
захапляючы	zoɣaplʲajutʂɨ
захапляў	zaxaplʲau̯
захапіла	zaxopʲiɫo
захапіць	zaxapʲitsʲ
захаранка	zaxaranka
захацець	zaxatsʲetsʲ
захварэла	zaxvorɛɫa
захварэў	zaxvarɛw
заход	zaxod
заходам	zaxodam
заходзілася	saxodzʲiɫasja
заходзіцца	zaxodzʲitsːo
заходнеславянскі	zaxodnʲesɫavjanskʲi
заходні	zaxodnʲi
заходу	saxodu
заходу	sontsa
захоп	zaxop
захоплены	zaxoplʲenɨ
захопленым	zaxoplʲenɨm
захопленых	zaxoplʲenɨx
захопленыя	zaxoplʲenɨʲa
захопліваць	zaxopɫʲivatsʲ
захопіць	zaxopʲitsʲ
захочаш	zaxotʂoʂ
захочуць	zaxotʂutsʲ
захоўваць	zaxou̯vatsʲ
захраплі	zaxraplʲi
захроп	zˈaxrɔp
зацверджана	zatvʲardʐana
зацверджаны	zatsvʲardʐanɨ
зацерушыўся	zatsʲaruʂɨu̯sja
зацяць	zatsʲatsʲ
зацікавіць	zatsʲikavʲitsʲ
зачапіць	zatʂapʲitsʲ
зачапіўшыся	zatʂapʲiu̯ʂɨsja
зачаравала	zatʂaravaɫa
зачаравалі	zatʃaravalʲi
зачараваць	zatʂaravatsʲ
зачароўваць	zatʂarou̯vatsʲ
зачарсцвець	zatʂarsʲtsʲvʲetsʲ
зачасаць	zatʃasatsʲ
зачатачным	zatʂadatʂnɨm
зачын	zatʂɨn
зачынены	zatʂɨnʲenɨ
зачыненыя	zotʂɨnʲenɨja
зачыншчыкі	zatʂɨnʂtʂɨkʲi
зачыняе	zatʂɨnʲaʲe
зачыняйце	zatʂɨnʲaʲatsʲe
зачынялі	zatʂɨnʲalʲi
зачыняцца	zatʂɨnʲatsːa
зачыняць	zatʂɨnʲatsʲ
зачыніць	zatʂɨnʲitsʲ
зачыніў	zatʂɨnʲiu̯
зачытаныя	zatʂɨtanɨja
зачэп	zatʃɛp
зачэпкі	zatʂɛpkʲi
зачэпім	zatʂɛpʲim
зачэпіць	zatʂɛpʲitsʲ
зашкодзіла	zaʂkotʐɨɫa
зашмат	zaʂmat
зашоргаць	zɑʂorɣatsʲ
зашоргаў	zaʂorxau̯
зашпіленая	zaʂpʲilʲenaja
зашпілены	zaʂpʲeɫʲenɨ
зашумяць	zaʂumʲatsʲ
заявам	zajavom
заяву	zaʲavu
заявы	zajavɨ
заявіць	zajavʲitsʲ
заяц	zajats
заяц	zajɛts
заяўкі	zajawkʲi
заяўляць	zajau̯lʲatsʲ
заіка	zaʲika
заўважылі	zau̯vaʐɨlʲi
заўважыў	zau̯vaʐou̯
заўжды	zau̯ʐdɨ
заўзець	zau̯zʲitsʲ
заўзяты	zau̯zʲatɨ
заўсёды	zau̯sʲoda
заўсёды	zau̯sʲodɨ
заўтра	zau̯tra
збажына	zbaʐɨna
збажына	zbaʒɨna
збан	zban
збан	zˈbɑːn
збанках	zbankax
збанок	sbanok
збедаваная	zbʲedavanɨja
збежнасць	zʲbʲeʐnasʲtsʲ
зберагчы	zbʲiraxtʂɨ
зберагчы	zʲbʲeraxtʂɨ
зблыталася	zbɫɛtaɫasja
збожжа	zboʐːa
збой	zboj
збоку	zbogu
збор	bor
збор	zbor
зборам	zboram
збораў	zborau̯
зборка	zborka
зборку	zporku
зборнай	zbornaj
зборная	zbornaja
зборную	zbornuju
зборных	zpornɨx
зборныя	zbornɨʲa
зборніках	zbornʲikax
зборнікі	zbornʲikʲi
збору	zboru
зборы	zborɛ
збочыць	zpotʂɨtsʲ
зброя	zbroja
збруя	zbruja
збруя	zbruɣa
збудаванні	zbudovonːʲi
збудаваны	sbudavanɨ
збуцвелы	zbutsʲvʲeɫɨ
збуцвелыя	zbutsʲvʲelɨja
збянтэжанасць	zbʲantɛʐanastsʲ
збяруцца	zbʲarutsːa
збіваць	spʲivatsʲ
збілі	zbjilʲi
збірае	zbʲiraʲe
збіраецца	zbʲiraʲetsːa
збірала	sbjiraɫa
збіралася	spʲiraɫosja
збіраліся	zbʲiralʲisja
збірацца	zbʲiratsːa
збіраць	zbʲiratsʲ
збіраць	zʲbʲiratsʲ
збіраюся	zbjiraʲusja
збіраюцца	sbjirojutsːa
збіраюцца	zbʲirajutsːa
збіраўся	zbjurau̯sja
збіты	zbʲitɨ
збіў	zbʲiu̯
збіўся	zbʲiu̯sja
збіўшы	zbjiu̯ʂɨ
збіўшыся	zbʲiu̯ʂɨsja
звада	zvada
зважаць	zvaʐaʲtsʲ
звальнялі	zvaɫʲnʲaɫʲi
зваліш	zvaɫʲiʂ
званай	zvonaj
званая	zvonaja
званкоў	zvankou̯
званкі	zvonkʲi
звання	zvannʲa
званок	zvonok
званую	zvonuju
званы	zvonɨ
званых	zvanɨx
званіць	zvanʲitsʲ
звар'яцець	zvarjatsʲetsʲ
звар'яцеў	zvarʲatsʲeu̯
звараную	zvaranuju
зварачныя	zvaratʂnɨja
зварныя	zvarnɨja
зварот	zvʌrˈot
зваротам	zvarotam
зваротаў	zvarotau̯
зваротнага	zvorotnaɣa
зваротным	ʐvarotnɨm
звароту	zvorotu
звароты	zvarotɨ
зварылі	zvorɨlʲi
звар’яцела	zvarjatsʲeɫa
звар’яцелыя	zvarʲatsʲeɫɨja
звацца	zvatsːa
зваць	zvatsʲ
зваў	zvau̯
звер	zʲvʲer
звера	zvʲera
звераватыя	zvjeravatɨja
звернута	zvʲernuta
звернуць	zvʲernutsʲ
зверу	zvʲeru
звестак	zvʲestak
звестка	zʲvʲestka
звестках	zvʲestkax
звесткі	zvˈestkɪ
звесці	zvˈesʲtsʲ
звесіў	zvˈejsˈiw
зводзяць	zvodzʲatsʲ
звозяць	zvozʲatsʲ
звольнілі	svoɫʲnʲiɫʲi
звон	zvon
звон	zwon
звонам	zvonam
звонку	zvonku
звоніць	zvonʲitsʲ
звужанае	zvuʐanaʲe
звужаны	zvuʐanɨ
звужаныя	zvuʐanɨja
звыкаем	zvɨkaʲam
звыкла	zvɨkɫa
звыклай	zvɨkɫaj
звыклая	zvɨklɛja
звыкся	zvɨksʲa
звычай	zvɨtʂaj
звычайна	zvɨtʂajna
звычайнае	zvɨtʂajnaʲe
звычайнае	zvɨtʃajnaʲe
звычайнаму	zvɨtʂajnamu
звычайная	zvɨtʂajnaʲa
звычайны	zvɨtʂajnɨ
звычайны	zvʲutʂajnɨ
звычайным	zvɨtʂajnɨm
звычайнымі	zvɨtʂajnɨmʲi
звычайных	zvɨtʂajnɨx
звычайныя	zvɨtʂajnɨʲa
звычак	zvɨtʂag
звычаю	zvɨtʂaju
звычка	zvɨtʂka
звычкі	zvɨtʂkʲi
звыш	zvɨʂ
звыш	zɫɨʂ
звышнатуральны	zvɨtʃnaturoɫʲnɨ
звышновай	zvɨʂnovoj
звышпільным	zvɨʂpʲiɫʲnɨm
звяжыце	zvjaʐɨtsʲe
звязана	zvjasana
звязаная	zvjazanoʲa
звязаны	svʲazanɨ
звязваць	zvʲazvatsʲ
звязда	zwjãzda
звязда	zʲvʲazda
звяк	zvjak
звялі	zvjaɫʲi
звяно	zvjano
звярка	zvjarka
звярнула	zvjarnuɫo
звярнуцца	zvjarnutsːa
звярнуць	zʲvʲarnutsʲ
звяртае	zvjartaje
звяртацца	zʋʲartatstsa
звяртаюць	zvjartaʲutsʲ
звяры	zʲvʲarɨ
звяры	ʐvjarɨ
звярынай	zvjarɨnaj
звёны	zvʲonɨ
звінеў	zvinˈjau̯
звініць	zvʲinʲitsʲ
звісала	zvisɐɫa
згадана	zɣadana
згадаць	zgadatsʲ
згадаю	zgadaju
згадваць	zgadvatsʲ
згаджаецца	zgadʐaʲetstsa
згаджацца	zgadʐatsːa
згадзіцца	zgadzʲitsːa
згадкі	zɣadkʲi
згарэць	zgarɛtsʲ
згвалтаваць	zgvaɫtavatsʲ
згвалціць	zɣvɑɫtsʲitsʲ
згледзеўшы	zɣlʲetzjau̯ʂɨ
згода	zgoda
згода!	zɣoda
згодай	zgodaj
згодаю	zgodaju
згодзе	zgodzʲe
згодна	zɣodna
згодная	zgodnaja
згодны	zgodnɨ
згоду	zgodu
згоды	zgodɨ
зграбаючы	zɣrabajutʃɨ
зграя	zroja
зграі	zgraʲi
згрупаваны	zɣrupavanɨ
згрупаваныя	zɣrupavanɨja
згубіла	zgubiɫa
згубілі	zɣubʲiɫɨ
згуляныя	zɣulʲanɨja
згіб	zɣʲip
згінуць	zgʲinutsʲ
здабываць	zdabɨvatsʲ
здабываюць	zdabɨvajutsʲ
здабытае	zdabɨtaja
здабыткі	zdabɨtkʲi
здабыццё	zdabɨtsːʲo
здабыць	zdabɨtsʲ
здабыча	zdabɨtʂa
здабычай	zdabɨtʂaj
здабычы	zdabɨtʂɨ
здавалася	sdavaɫasja
здавацца	zdavatsːa
здаваць	zdovatsʲ
здагадаліся	zdaɣadaɫʲisja
здагадкі	zdaɣatkʲi
здаецца	sdaʲetstsa
здалася	zdaɫasja
здалёк	zdaɫʲok
здань	zdanʲ
здаравенны	zdaravʲennɨ
здараецца	zdarajetsːa
здарацца	zdaratsːa
здараюцца	zdarajutsːa
здаровае	zdarovaje
здаровы	zdarovɨ
здаровыя	zdarovɨʲa
здароў	zdarou̯
здароўе	zdarou̯je
здароўе	zdorou̯ʲi
здарыцца	zdarɨtsːa
здарэнне	zdarɛnʲːe
здаць	zdatsʲ
здаю	sdaju
здаўна	zdau̯na
здзейснены	tzʲejsnʲenɨ
здзейснілася	zdʲejsnʲiɫasja
здзекавалася	zdzʲekavaɫasʲa
здзекаваліся	zdzʲekavalʲisʲa
здзекавацца	zdzʲekavatsːa
здзекаваўся	zdzʲekavau̯sʲa
здзекаваўшыся	zdzʲekavau̯ʂɨsʲa
здзекуемся	zdzʲekujemsʲa
здзекуецеся	zdzʲekujetsʲesʲa
здзекуецца	zdzʲekujetsːa
здзекуешся	zdzʲekujesʲːa
здзекуйся	zdzʲekujsʲa
здзекуйцеся	zdzʲekujtsʲesʲa
здзекуюся	zdzʲekujusʲa
здзекуюцца	zdzʲekujutsːa
здзекуючыся	zdzʲekujutʂɨsʲa
здзекі	sdzʲekʲi
здзелка	sdzʲeɫka
здзелкі	zdzʲeɫkʲi
здзіўленыя	zdzʲiu̯lʲenɨja
здольна	zdolʲna
здольнага	zdolʲnoɣa
здольнасць	zdolʲnasʲtsʲ
здольная	zdolʲnaja
здольны	zdolʲnɨ
здольны	ztuɫʲnɨ
здольныя	zdoɫʲnɨja
здольныя	ʂdoɫʲnɨja
здоліць	zdɔlʲitsʲ
здор	zdor
здорава	zdorova
здохнеш	zdoxʲːeʂ
здохнуць	zdoxnutsʲ
здрада	zdrada
здраджаны	zradʐanɨ
здраджаныя	zradʐanɨja
здрадзіць	zdratsʲitsʲ
здрадзіў	zradzʲiu̯
здраднік	zdradnʲik
здраднікі	zdrotnʲikʲi
здрады	zdradɨ
здробнены	zdrobnʲenɨ
здробненым	zdrobnʲenɨm
здрыгануўшыся	zdrɨɣanou̯ʂɨsja
здумаецца	sdumaʲetstsa
здушаны	zduʂanɨ
здушвае	zduʃvaˈje
здымае	zdɨmaje
здымаем	zdɨmajem
здымаеце	zdɨmajetsʲe
здымаеш	zdɨmajeʂ
здымалі	sdɨmalji
здымацца	sdɨmatsːa
здымаць	zdɨmatsʲ
здымачная	zdɨmatʂnaja
здымачную	zdɨmatʂnuju
здымаю	zdɨmaju
здымаюцца	zdɨmaʲutsːa
здымаюць	zdɨmajutsʲ
здымаў	zdɨmau̯
здымем	zdɨmʲem
здымка	zdɨmga
здымная	zdɨmnaja
здымуць	zdɨmutsʲ
здымі	zdɨmʲi
зебра	zʲebra
землятрус	zʲemlʲatrus
земскага	zjemskaɣa
земфіра	zʲemfʲira
зерне	zʲernʲa
зерне	zʲernʲe
зерні	zjernʲi
зефір	zʲefʲir
зжоўкнуць	zʒou̯knutsʲ
ззаду	zadu
зла	zɫa
злавалі	zɫavalɪ
злаваў	zˈlˈavau̯
злавеснай	zɫavʲesnaj
злавіла	zɫavʲiɫa
злавіць	zɫovʲitsʲ
зладзіцца	zɫadzʲitstsa
злазіла	zʊɫasʲɪɫa
зламала	zɫamaɫa
зламацца	zɫamatsːa
зламаць	zɫamatsʲ
зламыснікі	zɫamɨsnʲikʲi
злачынец	zɫadʐɨnʲets
злачынец	zɫatʂɨnʲets
злачыннасць	zɫatʂɨnːasʲtsʲ
злачынны	zɫatʂɨnnɨ
злачынства	zɫatʂɨnstva
злачынствам	zɫatʂɨnʂtvam
злачынца	zɫatʂɨntsa
злачынцу	zɫatʂɨntsu
злая	zɫaja
злева	zlʲeva
зледзяненне	zlʲatzanʲennʲe
злеплена	zlʲeplʲeno
зло	zɫo
злову	zɫovu
злодзей	zɫodzjej
злодзей	zɫodzʲej
злое	zloʲe
злой	zɫoj
злом	zɫom
зломе	zɫomʲe
зломкі	zɫomkʲi
злому	zlomu
злосна	zɫosna
злосным	sɫosnɨm
злоў	zɫou̯
злуецца	zluʲetstsa
злучае	zɫutʂaʲe
злучана	zlutʂana
злучаны	zɫutʂonɨ
злучнік	zɫutʂnʲik
злучок	zɫudʐok
злучыцца	zɫutʂɨtsːa
злучэнні	zɫutʂɛnnʲi
злы	zɫe
злы	zɫɨ
злым	zlɨm
злых	zɫɨx
злыя	zɫeja
злыя	zɫɨja
зляпіць	zlʲapʲitsʲ
злёгку	zʲlʲoxku
зліваюцца	zlʲivajutsːa
злівы	zlʲivɨ
злічыць	zlʲitʂɨtsʲ
змагаецца	zmaɣaʲetstsa
змагай	zmajɦaj
змагайце	zmaɣajtʲe
змагання	smaɣannʲa
змагар	zmaɣar
змагацца	zmaɣatsːa
змагацца	zma˥ha˥tsːa
змагаюць	zamaɣajutsʲ
змагла	zmaɣɫa
змагло	zmaɣɫo
змаглі	zmaɣɫʲi
змагу	zmaɣu
змагчы	zmaxtʂɨ
змалку	zmalku
зман	zman
зман	zˈman
зманіць	zmanʲiʲtsʲ
змарнуюць	zmarnujutsʲ
змей	zmʲej
змен	smʲen
змена	zmʲena
зменены	zmʲenʲenɨ
змененыя	zmʲenʲenɨʲa
зменлівы	zmenlʲivɨ
зменных	zmjennɨx
змену	zmʲenu
зменшыла	zmʲanʂɨɫa
зменшыць	zmʲenʂɨtsʲ
змены	izmjenɨ
змены	zmjenɨ
зменяцца	zmiˈnʲatsːo
зменім	zmʲenʲim
зменіцца	zmʲanʲetsːo
зменіць	zmʲenʲitsʲ
змест	zmʲest
змешанай	zmʲeʂanaj
змеяў	zmʲeʲau̯
змеі	zmjeji
змова	zmova
змовай	zmovaj
змовах	smovax
змове	zmovʲa
змову	zmovu
змог	zmox
змогу	smoɣu
зможа	zmoʐo
зможам	zmoʐam
змораны	zmoranɨ
змоўклі	smou̯klʲi
змрок	zmrok
змрокавыя	smrokovɨja
змроку	zmroku
змрочна	smrotʂna
змрочнаю	zmrotʂnoju
змрочны	zmrotʂnɨ
змрочным	smrotʂnɨm
змусіць	zmusʲitsʲ
змучаны	smutʂanɨ
змучаныя	zmutʂanɨja
змушаны	zmuʂanɨ
змушаюць	zmuʂtʂajutsʲ
змыла	zmɨɫa
змыць	zmɨtsʲ
змяншаюць	zmjanʂajuʲtsʲ
змяняе	zmjaʲːaʲːe
змяняцца	zʲmʲanʲatsːa
змяняць	zmʲanʲatsʲ
змяняць	zʲmʲanʲatsʲ
змяніцца	zmjanʲitsːo
змяніцца	zʲmʲanʲitsːa
змяніць	zmʲanʲitsʲ
змяніць	zʲmʲanʲitsʲ
змяніўся	zmjaɫʲiwʂja
змяркацца	zmjarkotsːa
змяшчаць	zmʲaʂtʂatsʲ
змяя	zmja
змяя	zʲmʲaja
змітрок	zmʲitrok
зміцер	zmʲitsʲer
знавец	znavʲets
знадворны	znadvornɨ
знае	znaje
знай	znaj
знайду	znajdup
знайсці	znajsʲtsʲi
знайшлі	snajʂɫji
знайшлі	snajʃli
знак	znak
знакавая	znakavaja
знакавыя	znakavɨja
знакавыя	znakavɨʲa
знакам	znakom
знакаміты	znakamjtɨ
знакамітыя	znakamʲitɨja
знакаў	znakou̯
знаку	znaku
знала	znaɫa
знаных	znanɨx
знарок	zɫorok
знатны	znatnɨ
знахары	znaxarɨ
знаходжу	znaxodʐu
знаходжуся	znaxodʐɨʂja
знаходзяцца	znaxodzʲatsːa
знаходзілася	znaxodzʲiɫaʂja
знаходзіцца	znaxodzʲitsːa
знаходзіць	znaxodzʲitsʲ
знаходзіць	znaxˈodzʲitsʲ
знаходзіш	znaxodzʲiʂ
знаходку	znaxodku
знаходкі	znaxodkʲi
знаць	znatsʲ
значкі	znatʂkʲi
значна	snatʂno
значнасць	znatʂnasʲtsʲ
значная	znatʂnɨja
значны	znatʂno
значны	znatʂnɨ
значным	znatʂnɨm
значных	znatʂnɨx
значныя	znatʂnɨja
значок	znatʂok
значу	znatʂu
значыць	znatʂɨtsʲ
значыў	znatʂɨw
значэнне	znatʂɛnʲːe
значэнні	snatʂɛnnʲi
знаю	znaju
знаёма	snˈaʲoma
знаёмае	znaʲomaʲe
знаёмая	znaɪmaja
знаёмец	snaʲomʲits
знаёміць	znajomʲitsʲ
знаў	znau̯
знешняя	snʲetʂnʲaja
знешні	ʐnʲeʂnʲi
знойдзеце	znojdzʲatsje
знойдуць	snojdutsʲ
зносін	znosʲin
зносіны	znosʲinːɨ
зносіны	znoʂʲinɨ
зносіць	znosʲitsʲ
зносіў	znosʲiu̯
зношу	znoʂu
зноў	znou̯
зноў-такі	znou̯takʲi
знутры	znutrɨ
зняволення	ʐnʲavolʲenʲːa
зняла	znˈɐɫa
знялі	ʐnʲaɫʲi
знямелі	zɲːamʲeɫʲi
знямога	znʲamoxa
знянацку	znʲanotsku
знята	snʲata
знятая	znʲataja
зняцца	ʐnʲatsːa
зняць	zʲnʲatsʲ
зняў	znʲau̯
зніжае	znʲiʐaʲe
зніжаецца	snʲiʂaʲetstsa
зніжка	znʲiʂka
зніжка	znˈiʃka
зніжкай	znʲiʂkaj
зніжкі	znʲiʐkʲi
зніжэнне	snʲiʐɛnnʲe
зніжэнні	zʲːiʐɛnnʲi
знік	znˈik
знікала	snʲikaɫɐ
знікаць	zʲnʲikatsʲ
знікла	znʲikɫa
зніклыя	znʲigɫɨja
зніклыя	znʲikɫɨʲa
знікненне	zʲnʲiknʲenʲːe
знікну	snˈiknu
знікнуць	zʲnʲiknutsʲ
знітаваць	sʲːedavatsʲ
зніч	znʲitʂ
зніч	zʲnʲitʂ
знічка	zɲitʂka
знічка	zʲnʲitʂka
зніштажацца	znʲiʂtaʐatsːo
знішчаны	znʲistʂanɨ
знішчаных	znʲiʂtʂanɨx
знішчыць	zʲːiʂtʂɨtsʲ
зоймуць	sojmutsʲ
золата	zoɫata
золатам	zolotam
зон	son
зона	zono
зонай	zonaj
зонамі	zonamʲi
зонах	sonax
зону	sonu
зоны	zonɨ
зор	zor
зорак	zorak
зорачка	zoratʂka
зорачка	zorɛtʂka
зорачкі	soratʂkʲi
зорка	zorka
зорка	zˈɔrka
зоркай	zorkaj
зоркам	zorkam
зоркамі	zorgamji
зорку	zorku
зоркі	zorkʲi
зорны	zornɨ
зорным	zornɨm
зорных	zornɨx
зоры	zorɨ
зоська	zoska
зося	zosʲa
зраблю	zrablʲu
зрабі	zrabʲi
зрабіла	zrabʲiɫa
зрабілі	zrabʲilʲi
зрабіліся	zrabʲilʲisja
зрабіце	zrabʲitsʲe
зрабіцца	zrabʲitsːa
зрабіць	zrabʲitsʲ
зрабіў	zrabʲiu̯
зразу	zrazu
зразумелы	zrazumʲeɫɨ
зразумелым	zrazumʲeɫɨm
зразумелі	zrazumʲeɫʲi
зразумець	zrazumʲetsʲ
зранку	zraːnku
зроблена	zroblʲena
зробленая	zroblʲenaja
зробленыя	zroblʲenɨja
зробяць	zrobʲatsʲ
зробім	zrobʲim
зробіце	zrobʲitsʲe
зробіць	zrobʲitsʲ
зробіш	zrobʲiʂ
зрок	zrok
зроку	zroku
зруба	zruba
зрубы	zrubɨ
зруйнавалі	zrujnavaɫʲi
зрухі	zruxʲi
зручна	zrusna
зручна	zrutʂna
зручнага	zrutʂnaɣa
зручнасці	zrutʂnasʲtsʲi
зручная	zrutʂnaja
зручных	zrutʂnɨx
зручныя	zrutʂnɨja
зрушаны	zruʂanɨ
зрушыла	zruʂɨɫa
зрывае	zrɨvaʲe
зрываліся	zrɨvaɫʲisja
зрыву	zrɨvu
зрынуць	zrɨnutsʲ
зрэдку	zrɛdku
зрэзана	zrɛzana
зрэзаны	zrɛsanɨ
зрэшты	zrɛʂtɨ
зрэшты	zrɛʃtɨ
зуб	lup
зуб	zup
зуба	zuba
зубам	zubam
зубкі	zubkʲi
зубныя	zubnɨja
зубок	zuboq
зубр	zˈub
зубра	zubra
зубраня	subranʲa
зуброўка	zubroːka
зубцы	zubtsɨ
зубчастая	zuptʂastaʲa
зубчастым	zubtʂastɨm
зубы	ʐubɨ
зурна	zurna
зусім	zusʲim
зух	sux
зухаваты	zuxavate
зша	ʂːa
зыку	zɨku
зыходзе	zɨxodzje
зыходзячы	zɨxodzʲatʂɨ
зыходным	zɨxodnɨm
зыходу	zɨxodu
зычна	zɨtʂna
зычнай	zɨtʂnaj
зычны	zɨtʂnɨ
зычным	zɨtʂnɨm
зычныя	sɨtʂnɨʲa
зычныя	zɨtʂnɨja
зычэла	zɨtʂɛɫa
зьвязаць	zvjazatsʲ
зьвяртацца	zvjartatsːa
зьмена	zmjena
зэдлік	zɛdlʲik
зязюля	zʲazʲulʲa
зялёнай	zjaɫʲonaj
зялёнкай	zjaɫʲonkaj
зялёную	zjaɫʲonuju
зялёны	zʲalʲonɨ
зялёны	zʲeɫʲonɨ
зялёным	zʲaɫʲonɨm
зялёнымі	zjalʲonɨmʲi
зялёных	zjaɫʲonɨx
зялёныя	zalʲonɨja
зялёныя	zjaɫʲonɨja
зямец	zjamʲets
зямлю	zjamɫʲu
зямля	zjamlja
зямля	zʲamlʲa
зямлянак	zjamlʲanak
зямной	zʲamnoj
зямны	zjamnɨ
зямным	zjamnɨm
зяновіч	zʲanovʲitʂ
зярняты	zʲernʲatɨ
зяць	zʲatsʲ
зіма	zuma
зіма	zʲima
зімаваць	uzimavatsʲ
зімна	zʲimna
зімны	zʲimnɨ
зімны	ʑimnɨ
зімні	zʲimnʲi
зімовай	zjimovaj
зімовы	zʲimovɨ
зімовым	zʲimovɨm
зімовых	zjimovɨx
зімой	zʲimoj
зіму	ʐʲimu
зіркаючы	zjorkajutʂɨ
зірну	zʲirnu
зірнула	zʲirnuɫa
зірнуць	zʲirnutsʲ
зірнуў	zˈirnˌuɫ
зірнуўшы	zʲirnou̯ʂɨ
з’ехалі	zjexalʲi
з’явіліся	zjavjilʲisja
з’яўленне	zjau̯lʲennʲe
з’яўляецца	zjau̯lʲaʲetstsa
з’яўляюцца	zjau̯lʲajutsːo
й	i˥˩
й	j
йму	jmu
к	hɯ̞
к	k
к	kˈɑː
ка	ka
каб	kap
кабанам	kabanam
кабарэ	kabarɛ
кабаты	kabatɨ
кабета	kabʲeta
кабета	kˈaˈbˈeta
кабетай	kabʲetaj
кабеты	kapʲetɨ
кабечы	kabʲetʂɨ
кабура	kabura
кабыл	kabɨɫ
кабыла	kabɨɫa
кабінет	kabʲinʲet
кабінета	kobʲinʲeta
кабіны	kabʲinɨ
кава	kava
кававай	kavavoj
кавадла	kavadɫa
кавай	kavaj
кавалак	kavaɫɯk
кавалачкі	kavaɫatʂkʲi
кавалкі	kavɯɫkʲi
каваль	kavalʲ
каваль	kavɑlʲ
каваны	kavanɨ
каваных	kavanɨx
каваю	kavaju
каве	kavʲe
каву	kavu
кавун	kavun
кавуна	kavuna
кавунам	kavunam
кавунах	kavunax
кавуне	kavunʲe
кавуном	kavunom
кавуну	kavunu
кавуны	kavunɨ
кавы	kavɨ
кавярню	kavʲarnʲu
кавярня	kavʲarnʲa
кавярня	kavʲarʲːe
кавярнях	kavjarnʲax
каго	kaɣo
кагось	kaxos
кадра	kadra
кадравай	kadravaj
кадрам	kadram
кадрамі	kadramʲi
кадрах	kadrax
кадры	kadrɨ
кадык	kadɨk
кажа	kaʐa
кажам	kaʐam
кажан	kaʐan
кажанамі	kaʐanamʲi
кажаш	kaʐaʂ
кажу	kaʐu
кажух	kaʐux
кажухом	kaʐuxom
кажуху	kaʐuxu
кажухі	kaʒuxi
кажуць	kaʐutsʲ
кажушку	kaʐuʂku
кажы	kaʐɨ
кажыце	kaʐɨtsʲe
каза	kaza
казак	kazak
казалі	gazaɫʲi
казаркі	kazarkʲi
казахам	kazaxam
казахскі	kazaxskʲi
казахстан	kazaxstan
казаць	kazatsʲ
казаць…	kazatsʲ
казачнага	kazatʂnaɣa
казачнік	kazatʂnʲik
казаў	kasaɫ
казаў	kazaw
казка	kaska
казкі	gazkʲi
казкі	kazki
казловых	kazɫovɨx
казну	kaʐnu
казны	kaznɨ
казу	kazu
казура	kazura
казурка	azurka
казус	kasus
казусу	kazusu
казёл	kazʲoɫ
казік	kozik
казімір	kazʲimʲir
кайфуюць	kajfujutsʲ
какосавай	kakoʂavaj
какошнікамі	kakoʂnʲikamʲi
кала	kaɫa
каламажка	kaɫamaʂka
каламутная	kalamutnaja
каланізацыю	kaɫanʲizatsɨju
каланізацыя	kaɫanʲizatsɨja
каланізацыяй	kaɫanʲizatsɨjaj
каланізацыяю	kaɫanʲizatsɨjaju
каланізацыі	kaɫanʲizatsɨji
каларытнай	kalorɨtnaj
каласках	kalaskax
каласок	kaɫasok
калашына	kaɫaʂɨna
калаўрот	kaɫau̯rot
калгас	kaɫɣas
калдобіны	koɫdobʲinɨ
калега	kalʲeɣa
калегам	kalʲeɣam
калегамі	kalʲexamʲi
калегу	kalʲeɣu
калек	kalʲek
калектывах	kalʲektɨvax
калектыву	kalʲektɨvu
калена	kaleːna
калена	kalʲena
календароў	kalʲendarou̯
калены	kalʲenɨ
калень	kalʲenʲ
калеснікава	kalʲesʲnʲikava
калеснікаў	kalʲesʲnʲikau̯
калматыя	kau̯matɨja
калода	kaɫoda
калодзеж	kaɫodzʲeʂ
калодзежны	kaɫodzʲaʐnɨ
калодку	kaɫotku
калоду	kaɫodu
калон	kalon
калонкамі	kaɫonkamʲi
калонкі	kaɫonkʲi
калоны	kaɫonɨ
калонія	kaɫonʲija
калоніі	gaɫonʲiɨ
калоць	kaɫotsʲ
калоць	kaɫutsʲ
калумб	kaɫumb
калумбія	kaɫumbʲija
калчан	kaɫtʂan
калы	kaɫɨ
калыска	kaɫɨska
кальцо	kaɫʲtsːo
калюга	kaluha
калюжына	kalʲuʐana
калючы	kalʲotʂɨ
каля	kalʲa
каляду	kalʲadu
каляды	kalʲadɨ
каляндар	kalʲandar
каляны	kalʲanɨ
каляровы	kalʲarovɨ
каляровым	kalʲarovɨm
каляровых	kalʲarovɨx
каляровыя	kalʲarovɨja
каляскі	kalʲaskʲi
каляя	kalʲaja
каляінамі	kalʲaʲinamʲi
каляіны	kalʲaʲinɛ
калёквіум	kalʲokvʲium
калёс	kalʲos
калёсы	kalʲosɨ
калі	kaliː
калі	kalʲi
калі-колечы	kalʲikolʲitʂɨ
калі-кольвечы	kalʲikoɫʲvʲetʂɨ
калідор	kalʲidor
калідора	kaɫʲidora
калій	kalʲij
калінкавічы	kalʲinkovʲitʂɨ
каліноўскі	kalʲinou̯skʲi
калісьці	kalʲusʲtsʲi
каманд	kamand
каманда	komanda
камандам	kamandom
камандзір	kamanʲdzʲir
камандзіра	kamontzʲira
камандзіру	kamandzʲiru
камандзіры	komandzʲirɨ
камандна	kamandna
каманду	kamandu
каманды	kamondɨ
камар	kamar
камара	kamara
камары	kamarɨ
камбайнах	kambajnax
камбоджа	kambodʐa
камбоджа	kambodʒa
камбінаваныя	kambʲinavanɨja
камбінат	kambinats
камедый	kamʲedɨj
каменданта	kamʲendanta
каменне	kamjennʲa
каменне	kamʲenʲːe
каменны	kamʲennɨ
каменныя	kamʲennɨja
камення	kamʲennʲa
каменні	kamjenʲːi
каментар	komentar
каментары	kamʲentorɨ
каментарыях	kamʲentarɨjax
каментах	kamʲentax
камень	kamjenʲ
камень	kamʲenʲ
каменя	kamʲenʲa
камер	kamʲer
камернасць	kamʲernasʲtsʲ
камерны	kamʲernɨ
камерцыйна	kamʲertsɨjna
камет	kamʲet
камета	kamʲeta
каметы	kamʲetɨ
камоды	kamodɨ
каморак	kamorak
каморамі	kamoramji
каморку	kamorku
каморы	kamorɨ
камп'ютар	kampjutar
камп'ютара	kampjutara
камп'ютараў	kampjutarau̯
камп'ютарных	kampjutarnɨx
камп'ютары	kampjutarɨ
камп'ютэр	kampjutɛr
кампанію	kampanʲiʲu
кампанія	kampanʲija
кампенсаваць	kampʲensavatsʲ
кампоты	kampotɨ
кампраміс	kampramʲis
кампрэсара	komprɛsara
кампутар	kamputar
кампутар	kamputɛr
кампутарам	komputoram
каму	kamu
камуна	kamuna
камунізм	kamunʲizm
камунізму	kamunʲizmu
камуністычная	kamunʲestɨtʂnaja
камуністычнымі	kamunʲistɨtʂnɨmʲi
камусьці	kamusʲtsʲi
камфары	kamfarɨ
камфортна	komfortna
камфортныя	komfortnɨja
камы	gamɨ
камянела	kamjaɲːeɫo
камяніца	kamjanːʲitsa
камяніцы	kamʲanʲitsɨ
каміла	kamʲiɫa
каміна	kamʲina
камісія	kamʲiʂʲija
камітэт	kamʲitɛt
камітэту	kamʲitɛtu
камічных	kamʲitʂnɨx
кан	kan
канава	kanava
канавах	kanavox
канада	kanada
канадскі	kanatskʲi
канадцы	kanadtsɨ
канал	kanal
канал	kanaɫ
каналамі	kanaɫamʲi
каналах	kanalax
каналы	kanaɫɨ
каналізаваным	kanalʲizavanɨm
кананаду	kananadu
кананір	ananʲir
канапа	kanapa
канапах	kanapax
канапка	kanapka
канапкі	kanapkʲi
канапляны	kanapɫjana
канапы	kanapɨ
канаты	kanatɨ
канвенцыя	kanvʲentsɨja
канверт	kanvʲert
канвоем	kanvoʲem
канвой	kanvoj
кандрась	kandras
кандрат	kandrat
кандуктарку	kanduktarku
кандыдат	kandɨtad
кандыдатаў	kondɨdadau̯
кандыдату	kandɨdatu
кандыдатуру	kandɨdaturu
кандыцыянер	kandɨtsɨjanʲer
кандэлябры	kandɛlʲabrɨ
канец	kanʲets
канкардат	kankardot
канкрэтна	kankrɛtno
канкрэтнай	kankrɛtnaj
канкрэтную	konkrɛtnuju
канкрэтны	kankrɛtnɨ
канкрэтным	kankrɛdnɨm
канкрэтныя	konkrɛtnɨja
канкурэнцыя	kankurɛntsɨja
канонах	kanonax
канону	kanonu
каноны	kanonɨ
каноплі	kanoplʲi
кансерватызм	kansʲervatɨzm
кансолі	kansoɫʲi
канстанцін	kanstanʲtsʲin
канструкцыя	konstruktsɨja
канструкцыі	ganstruktsɨʲi
канструкцыі	kanstruktsɨji
канстытуцыя	kanstɨtutsɨja
кансулят	kanzulat̪
кант	kant
кантакт	kontakt
кантактавалі	kontaktavalʲi
кантон	kanton
кантрактам	kantraktam
кантралюю	kontraɫjuju
кантрасна	kantrasna
кантрольных	kontroɫʲnɨx
кантры	kantrɨ
канты	kantɨ
кантынгент	kontɨnxʲent
кантынент	kantɨnʲent
кантычка	kantɨtʂka
канферэнцыі	kanfʲerɛntsɨʲi
канфлікт	kanflʲikt
канфрантацыя	kanfrantatsɨja
канцавы	kantsavɨ
канцамі	kantsamji
канцах	kanʲtsax
канцлер	kantslʲer
канцом	kantsom
канцы	kanʲtsɨ
канцылярская	kanʲtsɨlʲarskaja
канцэнтрычнымі	kantsɛntrɨtʂnɨmʲi
канцэпт	kontsɛpt
канцэпцыю	kantsɛptsɨju
канцэпцыя	kantsɛptsɨja
канцэрн	kantsɛrn
канцэрт	kantsɛrt
канцэрта	kantsɛrta
канцэртах	kantsɛrtax
канцэртнай	kantsɛrtnaj
канцэртная	kantsɛrtnaja
канцэртным	kantsɛrtnɨm
канцэрту	kantsɛrtu
канцэрты	kanʲtsɛrtɨ
канцэрце	kantsɛrtsʲe
канчае	kantʂaʲe
канчаліся	kantʂaɫʲiʂʲa
канчатковай	kontʂatkovaj
канчатковы	kontʂatkovɨ
канчатковым	kantʂatkovɨm
канчаць	kantʂatsʲ
канчаю	kantʂaju
каньяк	kanʲjak
канюкі	kanʲukʲi
канюшыны	kanʲuʂɨnɨ
каня	kanʲa
кані	kanʲi
канікулы	kanʲikuɫɨ
каніны	kanʲinɨ
канічная	kanʲitʂnaja
кан’юнкту́ра	kanjonktura
капа	kapa
капа	kɐpˈa
капае	kapaje
капальня	tapaɫʲna
капаць	kapatsʲ
капаў	kapau̯
капейка	kapʲejka
капец	kapʲets
капліца	kaplʲitsa
капліца	kapɫʲitsa
капліцы	kapɫʲitsɨ
капнуць	kapnutsʲ
капотам	kapotam
капою	kapoju
капрамонт	kapramont
капрызы	kaprɨzɨ
каптур	kaptur
каптур	kapˈtˈuɾ
каптуры	kapturɨ
капу	kapu
капуста	kapusta
капусце	kapuztsʲe
капут	kaput
капы	kapɨ
капыт	kapɨt
капытных	kapɨtnɨx
капэла	kapɛɫa
капялюш	kapʲalʲuʂ
капіла	kapʲiɫa
капітал	kapʲital
капітальны	kapʲitaɫʲnɨ
капіталізм	kapʲitalʲizm
капіталіст	kapʲitalʲist
капітан	kapʲitan
капітэлямі	kapʲitɛlʲamʲi
кар'ер	karjer
кар'ера	karjera
кара	kara
карабель	karabʲelʲ
карабель-спадарожнік	karabʲelʲzpadaroʐnʲik
карабельня	karabʲelʲnʲa
караблёў	karablʲou̯
карабіна	karabʲina
каравайкі	karavajkʲi
караван	karavan
караваны	karavanɨ
каравы	karavɨ
каравыя	karavɨja
карагод	karaɣut
карайце	karajtsʲe
карак	karak
карак	kaɾrɯ̞k
карака	karaka
каракалпакстан	karakaɫpakstan
каралавым	karaɫavɨm
каралавымі	karaɫavɨmʲi
каралева	karalʲeva
каралеву	karalʲevu
каралевы	karalʲevɨ
каралевіч	karalʲevʲitʂ
каралеўна	karalʲeu̯na
каралеўскі	karalʲeu̯skʲi
каралеўства	karalʲeu̯stva
каралю	karaɫju
караля	karolʲa
каралём	karolʲom
каралі	karalʲi
караліна	karalʲina
каран	karan
каранаваны	karanavanɨ
каранавірус	karanavʲirus
карандаш	karandaʂ
каранямі	karonʲamʲi
карацей	karatsʲej
караценька	karatsʲenʲka
караць	karatsʲ
кардамон	gardamon
кардон	kʌrdˈon
кардонам	kardonam
кардонную	kardonnuju
кардону	kardonu
кардынал	kartɨnaɫ
каркаснымі	karkasnɨmʲi
карку	karku
карл	karɫ
карлу	karɫu
карлік	karlʲik
карма	karma
кармавыя	karmovɨja
карміла	karniˈla
карную	karnuju
карны	karnɨ
карніз	karnʲiz
карнізам	karnʲizam
карнізныя	karnʲiznɨja
карнізы	karnʲizɨ
карнік	kɑrʲːik
карнікі	karnʲikʲi
каро́ткі	karotkʲi
каробачка	karobotʂka
каробка	karopka
карова	karova
карова	parova
карову	karovu
карой	karoj
кароль	karolʲ
карон	karon
карона	karona
кароне	karonʲe
кароннаму	karonnamu
каронны	karonnɨ
кароннымі	karonnɨmʲi
каронных	karonnɨx
кароста	karosta
каросты	karostɨ
каротка	karotka
кароткага	karotkaxa
кароткай	karotkaj
кароткачасовыя	karotkotʂosovɨja
кароткі	karotkʲi
кароткім	karotkʲim
кароткімі	karotkʲimʲi
кароткія	karotkʲija
карою	karoju
кароў	karou̯
кароўка	karou̯ka
кароўнік	karou̯nʲik
карпускулярную	karpuskulʲarnuju
карскі	kɔrski
карставы	karstavɨ
карт	kart
карта	karta
картай	kartaj
картах	kartax
картка	kartka
карткай	kartkaj
картках	kartkax
картку	kartku
карту	kartu
карты	kartɨ
картызон	kartɨzon
картэсы	kartɛsɨ
кару	karu
карунд	kɐˈrund
карункавы	karunkavɨ
карункі	karunkʲi
карупцыі	karuptsɨʲi
карцін	kartsʲin
карціна	kartsʲina
карчаватым	kartʂavatɨm
карчамі	kartʂamʲi
карчма	kartʂma
карчма	kartʃma
карчмару	kartʂmaru
карчмою	kartʂmoju
карчму	kartʂmu
карчмы	kartʂmɨ
карчомны	kartʂomnɨ
карчомным	kartʂomnɨm
каршак	karʂak
каршак	karʃak
каршуноў	karʂunou̯
кары	kare
кары	karɨ
карын	karɨn
карыслівасць	karɨsʲlʲivasʲtsʲ
карысна	karɨsna
карыснае	karɨsnaja
карыснае	karɨznaʲe
карыснасць	karɨsnasʲtsʲ
карысны	karɨsnɨ
карысным	karɨznɨm
карыснымі	karɨsnɨmɨ
карысных	karɨsnɨx
карысныя	karɨsnɨja
карыстальнік	karɨstalʲnʲik
карыстальнік	karɨstaɫʲnʲig
карыстанне	arɨztanːʲe
карыстанні	karɨstanʲːi
карыстацца	karɨstatsːa
карыстаюцца	karɨstajutsːa
карысць	karɨʂtsʲ
карысцю	karɨstsʲu
карыта	karɨta
карыту	karɨtu
карыца	karɨtsa
карычневы	karɨtʂnʲevɨ
карычневы	karɨtʂnʲivɨ
карэ	karɛ
карэйскі	karɛjskʲi
карэлы	kareɫɨ
карэлыя	koreɫɨja
карэлічы	karɨlʲitʂɨ
карэнных	karɛnnɨx
карэнні	karɛnʲːi
карэспандэнт	karɛspandɛnt
карэспандэнт	kaɾɾɛspandɛnt
карэта	karɛta
карэтны	karɛtnɨ
карэты	karɛtɨ
карэю	karɛju
карэя	karɛja
кар’ера	kariˈjera
кас	kas
каса	kasa
касаваць	kasavatsʲ
касавыя	kasovɨja
касах	kasax
касеты	kasʲetɨ
касмічным	kasmʲitʂnɨm
каст	kast
каструля	kastrulʲe
кастры	kastrɨ
кастрыца	kasdrɨtsːa
кастрычнік	astrɨtʂnʲig
кастрычнік	kastrɨtʂnʲik
кастрычніка	kaʂtrɨtʂnʲika
кастрычніку	kaʂdrɨtʂnʲiku
кастрычніцкі	kastrɨtʂnʲitskʲi
кастусь	kastuz
кастыльным	kastɨɫʲnɨm
касу	kasu
касце	kastsʲe
касцей	kastsʲej
касцюковічы	koztsʲukovʲitʂɨ
касцюм	kostsʲum
касцюма	kaʂtsʲuma
касцюмы	kaʂtsʲumɨ
касцёл	kasʲtsʲoɫ
касцёльны	kaʂtsʲoɫʲnɨ
касынку	kasɨnku
касьба	kazipa
касьцяк	kastsʲak
кася	kazja
касі	kasʲi
касінер	kasʲinʲer
касір	kasʲir
касірка	kasʲirka
кат	kat
ката	kata
катаванні	katavanːʲi
катаваць	katavatsʲ
катаклізмы	kataklʲizmɨ
катакомбах	katakombax
каталонскі	kataɫonskʲi
каталонцы	kataɫontsɨ
каталік	katəlik
каталіцкіх	kataɫʲitskʲix
каталічка	katalʲitʂka
катаргай	katarɣaj
катацца	kadatsːa
катка	katka
катла	katɫa
катлаван	kotɫavan
катлавіны	katlavʲinɨ
катле	katlʲe
катлы	kotɫɨ
католікамі	katoɫʲikamji
каторы	katorɨ
кату	katu
каты	katɨ
катэгорыі	katɛɣorɨʲi
катэдж	katɛtʃ
катэджы	katɛdʐɨ
кафедра	kafʲedra
кафляныя	kaflʲanɨja
кафэ	kafɛ
кафэ	kafˈe
кахае	kaxaje
кахаем	kaxajem
кахаеце	kaxajetsʲe
кахаеш	kaxajeʂ
кахала	kaxaɫa
каханак	kaxonok
каханку	kaxanku
каханне	kaxanʲːe
каханнем	kaxanʲːem
каханню	kaxanʲːu
кахання	kaxanʲːa
каханні	kaxanʲːi
кахаць	kaxatsʲ
кахаю	kaxaju
кахаюць	kaxajutsʲ
кацап	katsap
кацапшчына	katsapʂtʂɨna
каця	katsʲa
кацяня	katsʲanʲa
кацярына	katsʲarɨna
кацярына	kʲatsʲarɨna
кацёл	katsʲoɫ
качавыя	katʂavɨja
качагара	katʂaɣara
качанелі	katʃaʲːelʲi
качанець	katʂaʲːets
качарга	katʂarɣa
качка	katʂka
качка	katʃka
качканос	katʂkanos
качку	kotʂku
качкі	kotʂkʲi
каша	kaʂa
кашада́ры	kaʂadarɨ
кашалот	kaʂalʲot
кашаль	kaʂalʲ
кашалькі	kaʂaɫʲkʲi
кашалёк	kaʂalʲok
кашачай	kaʂatʂaj
кашка	kaʂka
кашляла	kaʂlʲaɫa
кашмар	kaʂmar
каштавалі	kaʂdavaɫʲi
каштаваць	kaʃtovatsʲ
каштанавы	kaʂtanamɨ
каштарысы	kaʂtarɨzɨ
каштоўнасць	kaʂtou̯nasʲtsʲ
каштоўная	kastou̯naja
каштоўны	kaʂtou̯nɨ
каштуе	kaʂtue
кашу	kaʂu
кашубскі	kaʂupskʲi
кашулю	kaʂuɫju
кашуля	kaʂulʲa
кашулях	kaʂulʲax
кашулі	kaʂuɫʲi
кашэрных	kaʂɛrnɨx
каўбаса	kau̯basa
каўка	kau̯ka
каўказ	kal˥˥kas˥
каўкі	kau̯ki
каўнер	kau̯nʲer
каўнер	kau̯nʲir
каўпакі	au̯paki
каўтаць	kau̯tatsʲ
каўтнуў	kau̯tnuɫ
каўтун	kau̯tun
кваг	kvax
квадрат	kvadrat
квадратамі	kvadratamʲi
квадратным	kvadratnɨm
квадратных	kvadratnɨx
квадратныя	kvadratnɨja
квадру	kvadru
квакусе	kvakusʲe
квакуха	kvakuxa
квакухай	kvakuxaj
квакухаю	kvakuxaju
квакуху	kvakuxu
квакухі	kvakuxʲi
кваліфікацыйны	kvalʲifʲikatsɨjnɨ
кваліфікацыйныя	kvalʲifʲikatsɨjnɨja
кваліфікацыя	kvalʲifʲikatsɨja
кварталу	kvartalu
квартэта	kvartɛta
кварцам	kvartsam
квас	kvas
кватарант	kvadɑrand
кватэ́ра	kvatɛra
кватэр	kvatɛr
кватэра	kvatɛra
кватэра	kwatɛra
кватэрай	kvatɛraj
кватэру	kvadɛru
кветка	kvʲetka
кветкавы	kvjetkavɨ
кветкамі	kvʲetkamji
кветках	kvʲetkax
кветкаю	kvʲetkaju
кветкі	kvʲetkʲi
кволы	kfoɫɨ
кволы	kvoɫɨ
кволыя	kvˈoɭɨja
кворум	kvorum
квота	kvˈota
квоту	kvotu
квоты	kvotɨ
квоце	kvotsʲe
квітнець	kavʲitnʲetsʲ
квіток	kvjitok
квіток	kvʲitok
кедру	kʲedru
кекс	kʲeks
келіх	kʲeɫʲix
кемнасцю	kʲemnaʂtsʲu
кеміш	kʲemʲiʂ
кенаф	kʲenav
кепска	kˈapska
кепскі	kʲepskʲi
кетчуп	kʲetːʂup
клабук	kɫobuk
клавішы	kɫavʲiʂɨ
клавіятура	kɫavʲijatura
клавіятурай	kɫavʲijaturaj
клавіятураю	kɫavʲijaturaju
клавіятуру	kɫavʲijaturu
клавіятуры	kɫavʲijaturɨ
кладу	kɫadu
кладуць	kɫadutsʲ
кладучы	kɫadutʂɨ
клайпеда	kɫajpʲeda
клана	kɫana
кларк	kɫark
клас	klas
клас	kɫas
класамі	kɫasamʲi
класе	kɫasʲe
класная	kɫasnaja
класны	kɫasnɨ
класу	kɫasu
класці	kɫasʲtsʲi
класціся	kɫasʲtsʲisʲa
класы	kɫasɨ
класікай	kɫasʲigaj
класіфікацыя	kɫasʲifʲikatsɨja
класіцы	kɫasʲitsɨ
класіцызму	klasʲitsɨzmu
класічнай	kɫasʲitʂnaj
класічныя	kɫasʲitʂnɨja
клетка	klʲetka
клетку	klʲetku
клець	klʲetsʲ
клешч	klʲeʂtʂ
клешч	plʲeʂtʂ
клоны	kɫonɨ
клоп	klup
клопат	kɫopat
клопаты	kɫopatɨ
клуб	kɫub
клуба	kɫuba
клубах	kɫubax
клубе	kɫupʲa
клубнай	kɫubnaj
клубны	kɫubnɨ
клубныя	kɫubnɨja
клубні	kɫubnʲi
клубніца	kɫubnʲitsa
клубнічны	kɫubnʲitʂnɨ
клубочак	kɫubotʂak
клубу	kɫupu
клубы	kɫupɨ
клумак	kɫumak
клумбы	klumbɨ
клунках	kɫunkax
клуня	kɫunʲa
клык	kɫɨk
ключ	klʲutʂ
ключавых	kɫjutʂavɨx
ключах	kɫjutʂax
ключы	kɫʲutʂɨ
клюшкай	kɫʲuʂkaj
кляйнодзік	plʲajnodzʲik
клямка	klʲomka
кляновы	klʲanovɨ
кляновыя	klʲanovɨja
клянуся	klʲanuʂja
клянуць	klʲanutsʲ
клясыфікацыя	klʲasɨfʲikatsɨja
клятву	klʲatvu
кляштар	klʲaʂdar
кляштары	klʲaʂtarɨ
кляшчом	klʲaʂtʂom
кляшчы	klʲaʂtʂɨ
клён	klʲon
клёнах	klʲonax
клёнаў	kɫʲonau̯
клёну	klʲonu
клёны	kɫʲonɨ
клёцкі	klʲotskʲi
клікаць	klʲikatsʲ
клікаў	ɦlʲikau̯
клікнуць	klʲiknutsʲ
клімавічы	kɫʲimovʲitʂa
кліманскі	kɫʲimanskʲi
клімат	klʲimat
клімат	kɫʲimat
клімовіч	klʲimovʲitʂ
клін	klʲin
клінтух	klʲintux
кліп	klʲip
кліпы	kɫʲipɨ
клірыкам	kɫʲirɨkam
клітар	klʲitar
кліч	klʲitʂ
кліча	klʲitʃa
клічаў	klʲitʂau̯
клічнік	klʲitʂnʲik
клічуць	klʲitʂutsʲ
кнопка	knopka
кнопку	knopku
кнопкі	knopkʲi
кнот	knot
кнуда	knuda
княгіня	knʲaɣʲinʲa
княжа	knʲaʐa
княжыў	knʲaʂɨw
князь	knʲasʲ
князю	knʲaʐju
князёк	knʲazʲok
княствах	knʲaʂtvax
кніг	knʲiɣ
кніга	knila
кніга	knʲiɣa
кнігазбор	knʲiɣazbor
кнігай	knʲiɣaj
кніганоша	knʲiɣanoʂa
кнігарня	knʲiɣarʲːa
кнігаўка	knʲiɣau̯ka
кнігі	knʲiɣʲi
кніжка	knʲiʂka
кніжкай	knʲiʐkaj
кніжкі	kʲːiʂkʲi
кніжная	knʲiʂnaja
ко́ўна	kowna
кобры	kobrɨ
кобрын	kobrɨn
кода	koda
кодах	kotax
коду	kodu
коды	kodɨ
кожнага	koʐnaɣo
кожнае	goʐnoʲe
кожнай	koʐnaj
кожнаму	goʐnomu
кожнаю	koʐnaju
кожная	koʐnaja
кожную	koʂnuju
кожны	koʐnɨ
кожным	goʐnɨm
коз	koz
козам	kosam
козачцы	kosatsɨ
козаў	kozau̯
козы	kozɨ
кок	kok
кол	kol
кола	koɫa
кола	kɔla
колас	koɫas
коласа	koɫasa
колах	koɫax
коле	kolʲe
колер	kolʲer
колер	kɔlʲer
колерам	koɫɛram
колеру	koʲːeru
колеры	koʲːerɨ
колу	kolu
колы	koɫɨ
колькасная	kolʲkasnɨja
колькасны	kolʲkasnɨ
колькасць	kolʲkasʲtsʲ
колькасьць	kolʲkasʲtsʲ
колькі	kolʲkʲi
кольца	koɫʲtsa
кольцам	koɫʲtsam
колі	koɫʲi
колішні	kolʲiːʂnʲi
ком	kom
комам	komam
компас	kompas
кому	komu
коміксу	komʲiksu
комін	koːmin
кон	kon
кондар	kontar
коне	konʲe
конка	konga
конкурс	konkurʂ
конкурса	konkursa
конкурснай	konkurznaj
конкурсных	konkursnɨx
конкурсу	konkursu
конкурсы	konkursɨ
конкі	konkʲi
конны	konnɨ
конныя	konnɨja
коннік	konnʲig
конніца	konnʲitsa
конскі	koɲski
конскія	konskiˈjɒ
консул	konsuɫ
контрудару	kontrudaru
контурамі	konturamʲi
контурных	konturnɨx
конус	konus
концы	kontsɨ
кончана	kontʂana
кончык	kontʂɨk
кончыках	kontʂɨkax
кончылася	kontʂɨɫasja
кончыць	kontʂɨtsʲ
конь	konʲ
конь	kˈon
конь	kˈonʌ
конюх	konʲux
конюха	konʲuxa
коні	konʲi
конік	konʲik
конікаў	konʲikau̯
конікі	konʲikʲi
конікі	kɔnˈiki
копах	kopax
копы	kopɨ
копіі	kopʲiji
корак	korak
корань	koranʲ
корань	kɔranʲ
корані	koranʲi
коратка	korotka
корбут	kˈorput
коркавыя	korkovɨja
корм	korm
кормам	kormam
корму	kormu
кормяцца	kormʲatstsa
кормім	kormʲim
корміш	kormʲiʂ
корнскі	kornskʲi
корпус	kɔrpus
корпуса	korpusa
корпусам	korpusam
корпусе	korpusʲe
корпусу	korpusu
корпусы	korpusɨ
корт	gord
корч	kortʂ
корчыцца	kortʂɨtsːa
кос	kos
коса	kosa
косава	kosava
косава	ko˩˥ːsava
коска	koska
коска	xoskˈa
космас	kosmas
костачка	kostatʂka
костку	kostku
косць	kosʲtsʲ
кот	kot
коткай	kotkaj
котку	kotku
котцы	kottsɨ
коцім	koʲtsʲim
кош	koʂ
кошка	koʂka
кошка	koʃka
кошкі	koʂkʲi
кошт	koʂt
коштам	kostam
коштамі	koʂtamji
кошты	koʂdɨ
кошык	koʂɨk
кошыка	koʂɨka
кошыкамі	koʂɨkamʲi
кошыках	koʂɨkax
кошыкі	koʂɨkʲi
коўдра	kou̯dra
коўна	kɫou̯na
краб	krap
краба	kraba
крабаў	krabau̯
крабы	grabɨ
кравец	kravʲets
кравецкім	kravʲetskʲim
крадуць	krodutsʲ
крадучыся	gradutʂɨsʲa
краем	kraʲem
край	kraj
крайні	krajnʲi
кракадзіл	krakadzʲiɫ
кракаў	krakau̯
крам	kram
крама	krama
крамай	kramaj
крамах	kramax
крамкі	gromkʲi
крамлю	kramɫju
крамля	kramlʲa
крамольнымі	kramolʲnɨmʲi
краму	kromu
крамы	gromɨ
кран	kran
крана	krana
кранае	kranaja
кранаць	kranatsʲ
кранаць	kɾanatsʲ
кранула	kranuɫa
кранулі	kranulʲi
крануць	kranutsʲ
крапаваны	krapavanɨ
крапам	krapam
крапчэй	kraptʂɛj
крапіва	krapiva
крапіва	krapʲiva
крапілася	kropʲiɫasja
крапіўніцкі	krapʲiu̯nʲitskʲi
краса	krasa
красаваць	krasavatsʲ
красавік	krasavʲik
красавіка	krasavʲika
красавіку	krasavʲiku
красавіцкі	krasavʲitskʲi
красамоўства	krozomowʂdva
краснуха	krasnuxa
красці	krasʲtsʲi
красы	krasɨ
кратае	krataje
кратар	kratar
кратары	kratarɨ
краткі	kratkʲi
краты	gratɨ
крах	krax
крахам	kraxam
краху	kraxu
края	kraja
краявой	krajavoj
краявых	kraʲavɨx
краявід	krajavʲit
краявіды	krajavʲidɨ
краязнаўца	krojaznou̯tsɨ
краях	kraʲax
краі	kraji
краін	krajin
краіна	krajina
краінам	krajinam
краінах	krojinax
краіне	kraʲiʲːe
краіну	kraʲinu
краіны	groʲinɨ
кроза	kroza
крой	kroj
крок	krok
крокам	krokom
крокамі	progamʲi
крокаў	krokau̯
кроку	kroku
кроку	kruku
крокі	krokʲi
кроль	kroɫʲ
кронах	kronax
кроны	kronɨ
кропка	kropka
кропкава	kropkava
кропкай	kropkaj
кропку	gropku
кропкі	kʌrˈopki
кропля	kroplʲa
кроплі	kropɫʲi
кроплі	kɾopli
кропу	gropu
кропцы	kroptsɨ
кросны	krosnɨ
крот	krot
крохка	kroxka
крохкай	kroxkaj
крохкі	kroxkʲi
крочанне	krotʂanʲːa
крочым	krotʂɨm
крочыць	krotʂɨtsʲ
крочыў	krotʂɨw
крошкі	kroʂkʲi
кроў	krou̯
кроў	krov
кроўю	krou̯ju
круг	krux
круга	kruɣa
кругавой	kruɣavoj
кругавы	kruɣavɨ
кругам	kruxam
кругамі	kruɣamʲi
круглае	kruɣɫeʲe
кругласутачна	kruɣɫasutatʂna
кругленькі	kruɣlʲenʲkʲi
круглую	kruɣɫuju
круглы	kruɣɫɨ
круглым	kruɣɫɨm
круглымі	kruɣɫɨmji
круглявай	kruɣlʲavaj
кругляк	kruɣlʲak
кругом	kruɣom
кругу	kruɣu
кружку	kruʂku
кружок	gruʐok
кружыцца	kruʐɨtsːa
кружыць	kruʐɨtsʲ
крукам	grukam
круком	krukom
круп	krup
крупах	grupax
крупкі	krupkʲi
крупскі	krupskʲi
крупскія	krupskija
крупы	grupɨ
крута	kruta
крутабокім	krutaboˈkʲim
крутасць	krutaʂtsʲ
крутая	krutaja
крутой	krutoj
круты	krutɨ
крутых	krutɨx
крутыя	krutɨja
круцейшы	krutsʲejʂɨ
круцяцца	kruˈtsʲatstso
кручком	krutʂkom
кручку	krutʂku
кручы	krutʂɨ
крушыначкі	kɾuʂɨnotʂkʲi
крушыны	kruʂɨnɨ
кры	krɨ
крыва	krɨva
крывава-чырвоны	krɨvawatʂɨrvonɨ
крывавы	krɨvavɨ
крывавыя	krɨvavɨja
крывадушныя	krɨvaduʂnɨja
крывацёку	krɨvatsʲoku
крывое	krɨvoʲe
крывой	krɨvoj
крывуліну	krɨvulʲinu
крывую	krɨvuju
крывы	krɨvɨ
крывых	krɨvɨx
крывыя	krɨvɨja
крывёй	krivʲoj
крывёй	krɨvʲoj
крывёю	krɨvʲoju
крыві	krɨvʲi
крывіць	krɨvjitsʲ
крыгалом	krɨɣaɫom
крыгі	krɨɣʲi
крыж	krɨʂ
крыжа	krɨʐa
крыжавік	krɨʐavʲik
крыжам	krɨʂom
крыжамі	krɨʐamji
крыжанка	krɨʐanka
крыжмаваць	krɨʐmavatsʲ
крыжовую	krɨʐovuju
крыжовым	krɨʐovɨm
крыжовых	krɨʐovɨx
крыжом	krɨʐom
крыжоў	krɨʐou̯
крыжы	krɨʂɨ
крыжык	kriʐɨk
крыжыкі	krɨʐɨkʲi
крызам	krɨzam
крызіс	krɨzʲis
крызісу	krɨzʲisu
крый!	grɨj
крык	krɨk
крык	kɾɨk
крыкаў	krɨkaw
крыкнула	krɨknuɫa
крыку	krɨku
крыкі	krɨkʲi
крылам	krɨɫam
крыламі	krɨɫamji
крылатыя	krɨɫatɨja
крылах	krɨlox
крыле	krɨlʲe
крыло	krɨɫo
крылы	krɨɫɨ
крым	krɨm
крымскія	krɨmskʲija
крымчан	krɨmtʂan
крымінальнай	krɨmʲinalʲnaj
крыніц	krɨnʲits
крыніца	krɨnʲitsa
крыніцы	krenʲitsɨ
крыніцы	krɨnʲitsɨ
крынічка	krenʲitʂka
крыпта	krɨpta
крыптон	krɛpːoˈn
крысо	krɨso
крыстальнік	karɨstaɫʲnʲik
крысціна	krɨsʲtsʲina
крыт	krɨt
крытага	krɨtaɣa
крытай	krɨtaj
крытая	krɨtaja
крытык	krɨtɨk
крытыка	krɨtɨka
крытыкавала	krɨtɨkavaɫa
крытыкавалі	krɨtɨkavanɨ
крытыкамі	krɨdɨkamji
крытыкаў	krɨdɨkow
крытыкі	krɨtɨkʲi
крытычна	krɨtɨtʂno
крытычны	krɨdɨtʂnɨ
крытычным	krɨtɨtʂnɨm
крытычныя	krɨtɨtʂnɨja
крытыя	krɨdɨja
крытэрыем	krɨdɛrɨʲem
крыху	krɛxu
крыху	krɨxu
крычалі	krɨtʂaɫʲi
крычаць	krɨtʂatsʲ
крычаў	krɨjtʂau̯
крычаў	krɨtʂau̯
крычу	krɨtʂu
крычы	krɨtʂɨ
крычым	krɨtʂɨm
крычыш	grɨtʂɨʂ
крышан	krɨʂan
крышаць	krɨʂatsʲ
крышка	krɨʂka
крышкі	krɨʂkʲi
крышталях	krɨʂtalʲax
крышталізаваліся	grɨʂtalʲisavalʲisja
крышылася	krɨʂɨɫasja
крышыцца	krɨʂɨtsːa
крыўда	krɨu̯da
крыўда	krɨu̯dɛ
крыўдзіць	krɨu̯dzʲitsʲ
крэветка	krɛvʲetka
крэветкі	krɛvʲetkʲi
крэветкі	krɨvʲetkʲi
крэдыт	krɛdɨt
крэдыты	grɛdɨtɨ
крэйда	krɛjda
крэйдай	krɛjdaj
крэйдаю	krɛjdaju
крэйдзе	krɛjdzʲe
крэйду	krɛjdu
крэйды	krɛjdɨ
крэм	krɛm
крэмавыя	krɛmavɨja
крэмам	krɛmam
крэмень	krɛmʲenʲ
крэмль	krɛmlʲ
крэмы	krɛmɨ
крэн	krɛn
крэпасць	krɛpasʲtsʲ
крэпасці	krɛpastsʲi
крэпкі	krɛpkʲi
крэпнуць	krɛpnutsʲ
крэсел	krɛsʲeɫ
крэсла	kresɫa
крэсла	krɛsɫa
крэсла-ложак	krɛsɫaɫoʐo
крэслаў	krɛsɫau̯
крэслы	krɛsɫɨ
крэсліць	krɛjsɫʲitsʲ
крэсліць	krɛslʲitsʲ
крэхча	krɛxtʂa
крэчат	krɛtʂat
ксенон	ksʲenun
ксенія	ksʲenʲija
ксеракопіі	ksʲerokopʲiʲi
ксёндз	ksʲonts
ку-ку	kuku
куба	kuba
кубак	kubak
кубелец	gubʲeɫʲɛts
кубка	kupka
кубкі	kubkʲi
кубінскі	kubʲinskʲi
кубічных	kubʲitʂnɨx
куды	kudɨ
кудысьці	kudɨsʲtsʲi
кузня	kuznʲa
кузьма	kuzʲma
куколь	kukolʲ
кукуе	kukuje
кукурузны	kukuruznɨ
кукурузу	kukuruzu
кулак	kuɫak
кулаком	kuɫakom
кулаку	kuɫaku
кулацтва	kuɫatstva
кулачкі	kuɫatʂkʲi
кулона	kuɫona
куль	kul
кульга	kulʲɣa
кульгануць	kulʲɣanutsʲ
культ	kulʲt
культавы	kuɫʲtavɨ
культавых	kuɫʲtovɨx
культур	kulʲtur
культура	kulʲtura
культурах	kuɫʲturax
культурна-асветніцкія	kuɫʲturnoasvʲetnʲitskʲija
культурны	kuɫʲturnɨ
культуры	kuɫʲturɨ
кульце	kuɫʲtsʲe
куля	kula
куля	kulʲa
кулямётным	kulʲamʲotnɨm
кулямёты	kulʲamjotɨ
куляшова	kulʲaʂova
кулём	kulʲom
кулі	kuɫʲi
кулінарных	kuɫʲinarnɨx
кум	kum
кума	kuma
кумам	kumam
кумжа	kumʐa
кумок	kumok
кумпяк	kumpak
кумпяк	kumpjak
куму	kumu
куніца	kunʲitsa
куніца	kuɲːitsa
купал	kupaɫ
купала	kupaɫa
купалам	kupalam
купальнай	kupalʲnaj
купалі	kupalʲi
купец	kupʲets
купецкі	kupʲetskʲi
купку	kupku
купкі	kupkʲi
купкі	kˈupki
куплет	kuplʲet
купля	kuplʲa
купляе	kuplʲaje
купляеш	kuplʲajeʂ
купляй	kuplʲaj
купляйце	kuplʲajtsʲe
купляла	kuplʲaɫa
куплялі	kuplʲalʲi
купляць	kuplʲatsʲ
купляю	kuplʲaju
купляў	kuplʲau̯
куплі	kupɫʲi
купрыянава	kuprɨjanava
купца	kuptsa
купцам	kuptsam
купцоў	kuptsou̯
купцы	kuptsɨ
купчай	kuptʂaj
купэ	kupɛ
купюры	kupjurɨ
купіць	kupʲitsʲ
купіш	kupʲiʂ
купіў	kupiu
купіў	kupʲiu̯
кур'ёзная	kurʲoznaja
кур'ёзных	kurʲoznɨx
куравы	kuravɨ
курапаты	kurapatɨ
курапаты	kuropatɨm
куратар	kuratar
куратарам	kurataram
куратарскую	kuratarʂkuju
курачы	kuratʂɨ
курбыка	kurbɨka
курва	kurva
курган	kurɣan
кургана	kurɣana
курганом	kurɣanom
курганы	kurɣonɨ
курорт	kurort
курортамі	kurortamji
курортаў	kurortau̯
курортны	kurortnɨ
курс	kurʂ
курсам	kurʂam
курсамі	kurzamʲi
курсах	kursax
курсы	kurzɨ
куртка	kurtka
куртку	kurtku
куру	kuru
курцы	kurtsɨ
курчатовій	kurtʂatovʲiu
курчыла	kurtʂɨɫa
куры	kurɨ
курылі	kurɨlʲi
курыным	kurɨnɨm
курыных	kurɨnɨx
курыца	kurɨtsa
курыца	kurɨtsɨ
курыцы	kurɨtsɨ
курыць	kurɨtsʲ
курэй	kurɛj
кус-кус	kuskus
кусаць	kusatsʲ
кускі	kuskʲi
кусок	kusok
куст	kust
куста	kusta
кустамі	kustamʲi
кустом	kustom
кустоў	kustou̯
кусты	kustɨ
кусце	kusʲtsʲe
кут	kut
кута	kuta
кутамі	kutamʲi
кутах	kutax
кутком	kutkom
куткі	kutkʲi
кутом	kutom
куточку	kutotʂku
куту	kutu
куты	kutɨ
кутыя	kutɨja
куфель	kufʲelʲ
кухань	kuxanʲ
кухар	kuxar
кухара	kuxara
кухню	kuxnʲu
кухня	kuxnʲa
кухня	kˈuxnʌ
кухні	kuxnʲi
кухоннай	kuxonnaj
кухонная	kuxonnaja
куце	kutsʲe
куцця	kutsːa
куча	kutʂa
кучай	kutʂaj
кучкі	kutʂkʲi
кучу	kutʂu
кую	kuju
кхмер	kxmʲer
кхмерскі	kxmʲerskʲi
кшталт	kʂtaɫt
кшталтаваць	pʂtaɫtavatsʲ
кшталту	kɛʃtaɫtu
кшталту	kʂtaɫtu
кыргызстан	kɨrɣɨsːtan
кёльн	kʲolʲn
кідаць	kʲidatsʲ
кідку	kʲitku
кідок	kʲidok
кіеў	kʲijeu̯
кіеўскі	kʲijeu̯skʲi
кій	kʲij
кіла	kʲiɫa
кілаграм	kʲiɫaɣram
кіламетр	kʲiɫamʲetr
кілер	kʲilʲer
кіль	kʲilʲ
кілім	kʲilʲim
кім	kʲim
кінааператар	kinaopʲerator
кінасцэнарыст	jinastsɛnarɨst
кінатэатр	kʲinatɛatr
кіне	kini
кіне	kʲinʲe
кінем	kʲinʲem
кінеце	kʲinʲetsʲe
кінеш	kʲinʲeʂ
кінжал	kʲinʐaɫ
кіно	kʲino
кіну	kʲinu
кіну	kˈino
кінуты	kʲinutɨ
кінуць	kʲinutsʲ
кінуўшы	kʲinau̯ʂɨ
кіньце	kʲinʲtsʲe
кіпр	kipo
кіпрыёт	kʲiprɨjot
кіпрыётка	kʲiprɨjotka
кіпячы	kʲipʲatʂɨ
кіпячыя	kʲipʲatʂɨja
кір	kʲir
кіра	kʲira
кіравала	kʲiravaɫa
кіравання	kʲirovannʲa
кіравацца	kʲiravatsːa
кіраўнік	irau̯nik
кіраўнік	kʲirau̯nʲik
кіраўнікі	kʲirau̯nʲikʲi
кіраўніцтва	kʲirou̯nʲitsdvo
кіраўск	kʲirou̯sk
кіргіскі	kʲirɣʲiskʲi
кірка	kirka
кірмаш	kʲirmaʂ
кірмаш	kʲirmaʃ
кірмашны	kʲirmaʂnɨ
кірмашы	kʲirmaʂɨ
кіроўная	kʲirou̯naja
кіроўца	kʲirou̯tsa
кіроўцы	kʲirou̯tsɨ
кірунак	kʲirunok
кірункам	kʲirunkam
кірунку	kʲirunku
кіруюць	kʲirujutsʲ
кірыл	kʲirɨɫ
кірыліца	kʲirɨlʲitsa
кір’ян	kʲirjæn
кісла	kisla
кісларод	kʲisvarot
кісларод	kʲisɫarot
кіслата	kislata
кіслата	kʲisɫata
кіслоты	kʲisɫotɨ
кіслы	kʲisɫɨ
кісінгер	kʲisʲinɣʲer
кісінджэр	kʲisʲindʐɛr
кіт	kʲit
кіт	kˈit
кіта	kʲita
кітаец	kʲitajets
кітай	kʲitaj
кітайскі	kʲitajskʲi
кітайцы	kʲitajtsɨ
кітаянка	kʲitajanka
кітовым	kʲitovɨm
кіты	kʲitɨ
кіч	kʲitʂ
кішка	kʲiʂka
кішынёў	kʲiʂɨnʲou̯
кішэнны	kʲiʂɛnnɨ
кішэнь	kʲiʂɛnʲ
кішэню	kʲiʂɛnʲu
кішэні	kʲiʂɛnʲi
кішэчны	kʲiʂɛtʂnɨ
кіяўлянін	kʲijau̯lʲanʲin
кіёк	tʃiok
кіў	kiu
л	o
лабавая	ɫabovoja
лабараторыі	labaratorɨji
лава	lava
лаванда	lavˈanda
лавачка	ɫovatʂka
лавіць	ɫavʲitsʲ
лагапедыя	ɫaɣapʲedɨja
лагодна	laɣodna
лагодная	ɫaɣotnaʲa
лагодны	ɫavodnɨ
лагчынамі	ɫaɣtʂɨnamʲi
лагчыне	ɫaxtʂɨnʲe
лагчынцы	ɫaɣtʂɨntsɨ
лагчыны	ɫaxtʂɨnɨ
лагічна	ɫaɣʲitʂna
лад	ɫad
ладан	ɫadan
ладдзя	ɫadzʲːa
ладжу	ɫatʃu
ладзяць	ladsʲatsʲ
ладзілі	ɫatsilʲi
ладзіцца	ɫatsʲitstsa
ладкі	ɫatki
ладная	ɫadnaʲa
лазня	ɫazʲnʲa
лазні	laznʲi
лазіць	ɫazʲitsʲ
лайкі	ɫajkʲi
лайн-ап	lajnap
лайно	ɫajno
лак	ɫak
лакеркі	ɫakʲærkʲi
лакіраваны	lakʲiravonɨ
лама	ɫama
ламацца	ɫamatsːa
ламаць	ɫamatsʲ
ламачча	ɫamatʂa
лампады	ɫampadɨ
ландшафт	ɫantʂaft
лантан	lantan
ланцуг	ɫantsux
лаоскі	ɫaoskʲi
лапата	ɫapata
лапатай	ɫapataj
лапаткамі	ɫapatkamʲi
лапах	ɫopax
лапаць	ɫapatsʲ
лапкі	ɫapkʲi
лапушыстаю	ɫapuʂɨstaju
лапцях	ɫaptsʲax
лапці	ɫapti
лапці	ɫaptsʲi
лапцік	ɫaptsʲik
лапы	ɫopɨ
ларыса	ɫarɨsa
ласка	ɫaska
ласось	ɫasosʲ
ласт	ɫast
ластаўка	ɫastau̯ka
ластаўкі	ɫastau̯kʲi
ласунак	ɫasunak
ласы	ɫasə
латарэя	ɫatarɛja
латвіец	ɫatvʲijets
латвія	ɫatvʲija
латка	latka
латок	ɫatok
латунь	ɫatunʲ
латушка	ɫatuʂka
латышскі	ɫatɨsːkʲi
лахва	laxva
лахматы	ɫaxmatɨ
лацінскай	laʲtsʲinskaj
лацінскі	ɫatsʲinskʲi
лацінізм	ɫatsʲinʲism
лаяла	lajaɫa
лаянка	ɫaɛnka
лаўка	ɫau̯ka
лаўрэнцій	ɫau̯rɛnʲtsʲij
лаўцы	lau̯tsɨ
лгаць	ɫɣatsʲ
леанід	lʲeanʲit
лебедзь	lʲebʲetsʲ
лебядзіны	lʲebʲadzʲinɨ
лебядою	lʲebʲadoju
левай	lʲevaj
левую	lʲevuju
левы	lʲevɨ
левым	lʲevɨm
левых	lʲevɨx
левыя	lʲevɨja
легальныя	lʲeɣaɫʲnɨja
легла	lʲeɣɫa
легчы	lʲaɣtʂɨ
легчы	lʲextʂɨ
легітымны	lʲeɣʲitɨmnɨ
ледавік	lʲedavʲik
ледавіковых	lʲedavjikovɨx
ледзь	lɛtsʲ
ледзь	lʲetsʲ
ледзьве	lezʲvʲe
лез	lʲes
лезеш	lʲezʲeʂ
лезу	lʲezu
лезці	lʲesʲtsʲi
лейпцыг	lʲejptsɨx
лек	lʲek
лекавым	lʲekavɨm
лекавых	ʲːekavɨx
лекар	lʲekar
лекар	lˈekːr
лекара	lʲekara
лекарка	lʲekarka
лекарскі	lʲekarskʲi
лекару	lʲekaru
лекары	lʲegarɨ
леках	lʲekax
лексікалогія	lʲeksʲikaɫoɣʲija
лексікон	lʲeksʲikon
лексічныя	lʲekʂidʐnɨja
лекцыі	lʲektsɨʲi
лекі	lʲekʲi
лекі	lˈekɪ
лельчыцы	nʲelʲtʂɨtsɨ
лемуры	lʲemurɨ
ленін	lʲenʲin
ленінскі	lʲenʲinskʲi
лепей	lɛpɛj
лепку	lʲepku
лепкі	lʲepkʲi
лепту	lʲeptu
лепш	lʲepʂ
лепшага	ʲːepʂaɣa
лепшае	lʲepʂaʲe
лепшай	lʲepʂaj
лепшаць	lʲepʂatsʲ
лепшая	lʲepʂo
лепшую	lʲepʂuju
лепшы	lʲepʂɨ
лепшымі	lʲepʂɨmʲi
лепшых	lʲepʂɨx
лепяць	lʲepʲatsʲ
лес	les
лес	lʲes
лесам	lʲesam
лесвіца	lʲesʲvʲitsa
лесе	lʲesʲe
леснікоўна	lʲesnʲikou̯na
леснічоўна	plʲesnʲitʂou̯na
лесу	liesu
лесу	ʲːesu
лета	lʲeta
лета	nʲeta
летась	lʲetasʲ
летась	lʲeːtɐsʲ
леташні	lʲetaʂnʲi
летні	lʲetnʲi
лету	lʲetu
летува	lʲetuva
леты	lʲetɨ
леце	lʲetsʲe
лечыць	ɫɛtʂɨtsʲ
лешч	lʲestʂ
леў	lʲeu̯
леў	lˈew
лоб	ɫop
лобнай	lobnaj
лобікам	ɫobʲikam
ловах	ɫovax
ловяць	ɫovʲatsʲ
ловіць	lovʲitsʲ
лог	ɫox
логавамі	ɫoɣavamʲi
логвінава	ɫoɣvʲinava
лодак	ɫotak
лодка	ɫotka
лодку	ɫodku
лодкі	ɫodkʲi
ложа	ɫoʐa
ложак	ɫoʐak
ложках	ɫoʐkax
ложку	ɫoʐku
ложкі	ɫoʂkʲi
лок	ɫok
локаць	ɫokatsʲ
локшына	loksana
локшына	ɫokʂɨna
лом	ɫom
ломячы	ɫomʲatʂɨ
лондан	ɫondan
лопух	ɫopux
лось	ɫosʲ
лотас	ɫotas
лубін	ɫubin
луг	ɫux
лугавых	ɫuɣavɨx
лугавінах	ɫuɣavʲinax
луганск	ɫuɣansk
лугах	ɫuxax
лужа	ɫuʐa
лужок	ɫuʐok
лужы	ɫuʐɨ
лужын	ɫuʐɨn
лужыны	luʂɨnɨ
лужыца	ɫuʐɨtsa
лужыцкі	ɫuʐɨtskʲi
лук	luːk
лук	ɫuk
лукам	lukam
лукашызм	ɫukaʂɨzm
лукашыст	ɫukaʂɨst
лукашэнка	ɫukaʂɛnka
лукашэнкам	ɫukaʂɛnkam
лукашэнкамі	ɫukaʂɛnkamʲi
лукашэнках	ɫukaʂɛnkax
лукашэнкаў	ɫukaʂɛnkau̯
лукашэнку	ɫukaʂɛnku
лукашэнкі	ɫukaʂɛnkʲi
лукі	ɫukʲi
лунала	lunaɫa
лунаць	lunatsʲ
лунда	ɫunda
лупцуе	ɫuptsˈuɪ
лупіна	ɫupɪna
лупіны	lupʲinɨ
луска	ɫuska
лускаючы	puskajutʂɨ
лускі	ɫuskʲi
лухту	ɫuxtu
луцк	ɫutsk
лучаць	lutʂatsʲ
лучковых	lutʂkovɨx
лучынай	lutʂɨnaj
лучыну	ɫutʂɨnu
лучыць	ɫutʂɨtsʲ
луі	ɫuʲi
лыжах	ɫɨʐax
лыжаў	lɨʐau̯
лыжка	pɫɨʂka
лыжка	ɫɨʂka
лыжку	ɫɨʂku
лыжкі	vɨʂkʲi
лыжным	lɨʐnɨm
лыжы	lɨʐɨ
лысы	ɫɨsɨ
лытка	ɫɨtka
лытка	ɫɨtkam
лыч	ɫɨtʂ
лыча	ɫɨtʂa
лычам	ɫɨtʂam
лычамі	ɫɨtʂamʲi
лычах	ɫɨtʂax
лычом	ɫɨtʂom
лычоў	ɫɨtʂou̯
лычу	ɫɨtʂu
лычы	ɫɨtʂɨ
льва	ɫʲva
львоў	lʲvou̯
львы	ɫʲvɨ
льга	lʲɣa
льготы	ɫʲɣotɨ
люба	ɫjuba
любая	ɫjuboja
любві	lʲubvʲi
люблю	lʲublʲu
люблін	lʲublʲin
любові	lʲubovʲi
любой	ɫʲuboj
любому	ɫʲubomu
любоў	lʲubou̯
любоўю	lʲubou̯ju
любы	lʲubɨ
любым	ɫjupɨm
любых	ɫjubɨx
любяць	lʲubʲatsʲ
любячы	lʲubʲatʂɨ
любі	lʲubʲi
любіла	lʲubʲiɫa
любілі	lʲubʲilʲi
любім	lʲubʲim
любімая	lʲubʲimaja
любіце	lʲubʲitsʲe
любіць	lʲubʲitsʲ
любіш	lʲubʲiʂ
любіў	lʲubʲiu̯
любіўшы	lʲubʲiu̯ʂɨ
люд	lʲud
людзей	ɫjudzjej
людзі	lʲudzʲi
людна	ɫjudna
людская	ɫjudskaja
людскую	ɫjudskuju
людскі	lʲutskʲi
люксембург	lʲuksʲemburx
люксембургскі	lʲuksʲemburxskʲi
люксэмбург	lʲuksɛmburx
люльку	ɫjulʲku
люстэрка	lʲustɛrka
люстэркі	lʲustɛrkʲi
люта	lʲuta
лютаўскі	lʲutau̯skʲi
люты	lʲutɨ
лютым	ɫjutɨm
ля	lʲa
лябёдка	lʲabʲotka
лявону	lʲavonu
лявоніху	lʲavonʲixu
лягчэй	lʲaɣtʂɛj
лядзяш	lʲadzʲaʂ
лядніца	lʲadnʲitsa
лядоўня	lʲadou̯nʲa
ляж	lʲaʐ
ляжа	lʲaʐa
ляжалі	lʲaʐaɫji
ляжам	lʲaʐam
ляжаць	lʲaʐatsʲ
ляжачыя	lʲaʐatʂɨja
ляжаў	lʲaʂau̯
ляжу	laʒu
ляжу	lʲaʐu
ляжы	lʲaʐɨ
ляжыць	ʲːaʐɨtsʲ
лязо	lˌɐzˈo
лязом	ʲːazom
ляйчыны	lʲajtʂɨnɨ
ляк	lak
лякарня	lʲakarnʲa
лякарні	lʲakarnʲi
лякацца	lʲakatsːa
лялька	lʲalʲka
лялька	lʲaɫjka
лялькі	lʲaɫʲkʲi
лямант	lʲamant
лямант	lˈamant
лямку	lʲamku
лямпа	lʲampa
лямпачка	lʲampatʂka
лямпы	lʲampɨ
лямпы	lʲompɨ
лянівы	lʲanʲivɨ
ляп	lʲap
ляпная	lʲapnaʲa
ляпнога	lʲapnoɣa
ляпной	lʲapnoj
ляпны	lʲapnɨ
ляпным	lʲapnɨm
ляпныя	lʲapnɨja
лясамі	ʲːaʂamʲi
лясах	lʲasax
ляскат	ljaskat
ляскаталі	leskatali
ляскаць	pɫjaskatsʲ
лясная	lʲasnaja
лясной	ʲːasnoj
ляснула	plʲasnuɫa
лясным	lʲasnɨm
лясных	lʲasnɨx
лясныя	lʲasnɨja
лясніцкаму	lʲasnʲitskamu
лясніцкі	lʲasʲːitsʲːi
лясун	lʲasun
лясістай	lʲasʲistaj
лятаць	lʲatatsʲ
лятаць	ɫjatatsʲ
лятучы	lʲatutʂɨ
лях	lʲax
ляха	lʲaxa
ляхавічы	lʲaxavʲitʂɨ
ляхавічы	lʲaxovʲitʂɨ
ляцела	tlʲatsʲeɫa
ляцець	lʲatsʲetsʲ
ляціць	lʲatsʲitsʲ
лячу	lʲatʂu
лячыцца	lʲatʂɨtsːa
лячэбны	lʲatʂɛbnɨ
лячэбніках	lʲatʂɛpnʲikax
лячэнне	lʲatʂɛnnʲe
ляшчына	lʲaʂtʂɨna
ляшчыну	lʲaʂtʂɨnu
лёгка	lʲoxka
лёгкае	lʲoxkaje
лёгкае	lʲoɣkaja
лёгкай	lʲoɣkaj
лёгкаю	ɫʲoɣkaju
лёгкі	lʲosʲːi
лёгкі	lʲoxkʲi
лёд	lʲot
лёдам	ljodam
лёдзе	ɫjodzʲe
лёды	lʲodɨ
лёкай	ɫʲokaj
лён	lʲon
лёс	los
лёс	lʲos
лёсам	ɫʲosam
лёсаў	lʲosou̯
лёсы	ɫʲosɨ
лёт	lʲot
лётныя	ɫʲotnɨja
лётнік	lʲotnʲik
лётнішча	lʲotnʲiʂtʂa
лібрэта	ɫʲibrɛta
лібэралізм	lʲibiralʲism
ліг	lʲix
ліда	lida
ліда	lʲida
лідар	lidaɾ
лідар	lʲidar
лідары	lʲidarɨ
лідары	ɫjidarɨ
лідзія	lʲidzʲija
ліжучы	lʲiʂutʂɨ
лік	lʲik
лік	lˈik
лікам	ɫʲikam
ліках	ɫʲikax
ліквідацыя	ɭikvidatsɨja
ліку	liko
ліку	ɫjiku
ліло	lʲiɫo
ліловы	lʲiɫovɨ
лімон	lʲimon
лінгвіст	lʲinɣvʲist
лінейнае	lʲiʲːejnaʲe
лінзападобны	lʲinzapadobnɨ
ліній	lʲinʲij
лінію	lʲinʲiju
лінія	lʲinʲija
лініям	lʲinʲijam
лініях	lʲinʲijax
ліп	ɫjip
ліпа	lʲipa
ліпаю	ɫjipaju
ліпе	lʲipʲe
ліпень	lʲipʲenʲ
ліпеньскі	lʲipʲenʲskʲi
ліпкім	lʲipkʲim
ліпучым	ɫʲiputʂɨm
ліпы	ɫjipɨ
ліры	lʲirɨ
лірыка	lʲirɨka
ліс	lʲis
ліса	lisa
ліса	lʲisa
лісоўчыкі	lʲisou̯tʂɨkʲi
ліст	lʲist
ліста	lʲista
лістапад	lʲistapat
лістапада	lʲistapada
лістападаўскі	lʲistapadau̯skʲi
лісточкі	lʲiʂtotʂkʲi
лісты	ɭistɨ
лісце	lʲistsʲa
лісце	lʲistsʲe
лісці	lʲiʂtsʲi
лісы	ɫʲisɨ
лісянё	lʲisʲaʲːo
лісіца	ɭisˈitsa
лісічка	lʲisʲitʂka
лісічкі	lʲisʲitʂkʲi
літ	lʲit
літар	lʲitar
літара	lʲitara
літаральна	ljitaraɫʲna
літаральны	ljitaraɫʲnɨ
літаральны	lʲitaralʲnɨ
літаральным	lʲitaraɫʲnɨm
літарамі	ɫʲitaramʲi
літаратура	litaratura
літаратура	lʲitaratura
літаратуразнаўца	lʲitaraturaznou̯tsa
літаратурнае	lʲitaradurnaja
літаратуры	ɫʲitaraturɨ
літары	ɫjitarɨ
літва	ljitva
літва	lʲitva
літвінскі	lʲidʲvʲinskʲi
літоўскі	lʲitou̯skʲi
літры	ɫʲitrɨ
ліфт	lʲift
ліфта	lʲifta
ліфтам	lʲiftam
ліфтах	lʲiftax
ліха	lʲixa
ліхадзей	ɭixadzʲej
ліхтар	lʲixtar
ліхтаровіч	lʲixtarovʲitʂ
ліхтары	ixtarɨ
ліхтэнштэйн	lʲixtɛnʂtɛjn
ліхі	lʲixʲi
ліхі	lˈixi
ліцвін	litsvɨ
ліць	lʲitsʲ
лічаць	lʲitʂatsʲ
лічба	lʲidʐba
лічба	lʲitʂba
лічбу	lʲitʂbu
лічбы	ɫʲidʐbɨ
лічбы	ɫʲitʃbɨ
лічу	lʲitʂu
лічу	ɫʲitʂu
лічы	lʲitʂɨ
лічы	ɫʲitʂɨ
лічылася	ɫʲitʂɨɫasja
лічылі	lʲitʂɨlʲi
лічылі	ɫʲitʂɨɫʲi
лічым	lʲitʂɨm
лічыце	lʲitʂɨtsʲe
лічыцца	ɫʲitʂɨtsːa
лічыць	lʲitʂɨtsʲ
лічыць	ɭitʂɨtsʲ
лічыш	lʲitʂɨʂ
лічэбнік	lʲitʂɛbʲːik
ліўскі	lʲiu̯skʲi
м	mɯ̞
ма	ma
ма	mˈɑ̃
маа	maa
маастрыхт	maastrɨxt
мааізм	maajizm
мабыць	mabɨtsʲ
мабыць	mabɨtsʲe
мабільнік	mabʲilʲnʲik
маветонам	mavʲetonam
мавэтон	mavɛton
мага	mahˈa
магазін	maɣazʲin
магдалена	maɣdalʲena
магла	maɣɫa
магло	maɣɫo
маглі	maɣlʲi
магнаты	maɣnadɨ
магній	maɣnʲij
магніт	maɣnʲit
магнітафон	maɣnʲitafon
магнітная	magnʲitnaʲa
магнітны	maxnʲitnɨ
магнітных	maɣnʲitnɨx
магніты	maɣnʲitɨ
магу	maɣu
магутнасць	maɣutnastsʲ
магутны	maɣutnɨ
магчы	maxtʂɨ
магчыма	maxtʂɨma
магчымае	maɣtʂɨmaʲe
магчымасць	maxtʂɨmasʲtsʲ
магчымасці	maxtʂɨmasʲtsʲi
магчымы	maxtʂɨmɨ
магчымы	maxtʃɨmɨ
магчымым	maɣtʂɨmɨm
магчымых	maɣtʂɨmɨx
магіла	maɣʲiɫa
магілку	maɣʲiɫku
магілы	maɣʲiɫɨ
магілёў	maɣʲilʲou̯
магілёў	maɣʲiɫʲou̯
магілёўскі	maɣʲilʲou̯ʲskʲi
магічныя	maɣʲitʂnɨja
мадзенне	madsʲenʲːe
мадзець	madzʲetsʲ
мадура	matura
мадэль	madɛɫʲ
мадэлькай	madɛɫʲkaj
мадэльнай	madɛɫʲnaj
мадэлі	madɛɫʲi
мадэрн	madɛrn
мадэрну	madɛrnu
мадэрны	madɛrnɨ
мае	maje
маей	maʲej
маецца	maʲetsʲtsa
маечкі	maʲetʂkʲi
маеш	maʲːeʂ
мажджэр	maʐdʐɛr
мажліва	maʐlʲiva
мажліва	moʐɫʲiva
мажлівасць	moʐlʲivostsʲ
мажлівасцю	maʐlʲivastsʲu
мажны	maʐnɨ
мажорны	maʐornɨ
мажорным	maʐornɨm
мажорнымі	maʐornɨmʲi
мажу	maʐu
мажуцца	maʐutsːa
мажы	maʐɨ
мажыце	maʐɨtsʲe
маз	mas
мазалямі	mazalʲamʲi
мазамбік	mazambʲik
мазаікі	mazaʲikʲi
мазаічнасці	mazaʲitʂnasʲtsʲi
мазгавога	mazxavoɣa
мазжачок	maʐadʐok
мазоліць	mazolʲitsʲ
мазут	masut
мазуту	mazutu
мазырскі	masɨrzkʲi
мазях	mazʲax
май	maj
майго	majɣo
майка	majka
майму	majmu
майскі	majskʲi
майстар	majstɛr
майстар	majʂtar
майстар-класы	majstarkɫasɨ
майстра	majstra
майстры	majstrɨ
майстэрню	majstɛrnʲu
майстэрня	majstɛrnʲa
майстэрняй	majstɛrnʲaj
майстэрнях	majstɛrnʲax
майстэрству	majstɛrstvu
майце	majtsʲe
майцы	majtsɨ
мак	mak
мак-магона	makmaɣonɛ
мака	maka
макам	makam
макар	makar
макароншчык	makaronʂtʂɨk
макароншчыца	makaronʂtʂɨtsa
макарэвіч	makarɛvʲitʂ
македонскі	makʲedonskʲi
македонія	makʲedonʲija
макей	makʲej
макет	makʲet
макрыца	makrɨtsa
макс	maks
максім	maksʲim
максімальна	maksʲimaɫʲna
максімальная	maksʲimaɫʲnaja
максімальны	maksimaɫʲnɨ
максімальны	maksʲimaɫʲnɨ
максімаліст	maksimalˈist
максімум	maksimum
маку	maku
макуху	makuxu
макшанская	makʂanskaja
мала	maɫa
маладая	aɫadaja
маладзейшыя	maɫadzʲejʂɨ
маладзец	maɫadzʲets
маладзік	maɫadzʲik
маладзіца	maɫadzʲitsa
маладзічок	maɫadzʲitʂok
маладняк	maɫodʲːak
маладой	maɫadoj
маладому	moɫadomu
маладуха	maɫaduxa
малады	maɫadɨ
маладым	maɫadɨm
маладых	malatɨx
маладыя	maɫadɨja
малаец	maɫajets
малайзіец	maɫajzʲijets
малайзійка	maɫajzʲijka
малайзійскі	maɫajzʲijskʲi
малайка	maɫajka
малайскі	maɫajskʲi
малайца	malajtsɛ
малайца	maɫajtsa
малайцам	maɫajtsam
малайцамі	maɫajtsamʲi
малайцах	maɫajtsax
малайцаў	maɫajtsau̯
малайце	maɫajtsʲe
малайцом	maɫajtsom
малайцоў	maɫajtsou̯
малайцу	maɫajtsu
малайцы	maɫajtsɨ
малайчына	maɫajtʂɨna
малака	maɫaka
малако	maɫako
малаком	maɫakom
малаку	maɫaku
малалецтва	maɫaʲːetstva
маланак	malanak
маланка	maɫanka
маларыта	malaˈrɪta
малацэ	maɫatsɛ
малдова	maɫdova
маленькая	malʲenʲkaja
маленькі	malʲenkʲi
маленькі	malʲenʲkʲi
маленькім	malʲenʲkʲim
маленькімі	malʲenʲkʲimʲi
маленькія	malʲenʲkʲija
малечы	malʲetʂɨ
малодшага	maɫotʂaɣa
малодшых	maɫodʂɨx
малое	maloʲe
малому	maɫomu
малочнай	maɫotʂnoj
малочная	moɫotʂnaja
малочны	maɫotʂnɨ
малочным	maɫotʂnɨm
малочных	malotʂnɨx
малочныя	maɫotʂnɨja
малпа	mapa
малпа	maɫpa
малпачка	maɫpatʂka
малы	maɫɨ
малым	maɫɨm
малымі	malɨmʲi
малых	maɫɨx
малыя	maɫɨja
мальбой	maɫʲboj
мальта	malʲka
мальта	malʲta
мальца	malʲtsa
малюнак	malʲunak
малюнка	maɫjunka
малюнку	maljunku
малюю	malʲuju
маля́ты	malʲatɨ
маляванню	malʲavannʲu
маляваць	malʲavatsʲ
маляром	malʲarom
малярства	malʲarstva
малярыі	malʲarɨji
маляўнічы	malʲau̯nʲitʂɨ
малібдэн	malʲipɨdɛn
маліліся	malʲiɫʲisja
маліна	malʲina
малітва	malʲitva
малітвеннік	malʲitvʲenʲːik
малітоўнік	malʲidou̯nʲik
маліцца	malʲitstsa
мам	mam
мама	mama
мама-	mama
мамай	momaj
мамант	momant
мамачка	mamatʂka
маме	mamʲe
мамкі	momkʲi
маму	mamu
мамуся	mamusʲa
мамы	momɨ
мана	mana
манака	manaka
манака	manˈɑka
маналог	manaɫoɣ
манарх	manarx
манарха	manarxa
манаскіх	manasʲːix
манаства	manastvɑ
манастыр	manastɨr
манастыром	manastɨrom
манах	manax
манахі	monaxʲi
манга	manɣa
мангольскі	manɣolʲskʲi
манголія	manɣolʲija
мандарыны	mandarɨnɨ
мандат	mandad
мандата	mandata
мандаты	mandatɨ
манежа	manʲeʐa
манежы	manʲeʂɨ
манерам	manʲeram
манеру	manʲeru
манеры	monʲerɨ
манет	manʲet
манетах	manʲetax
манетным	manʲetnɨm
манеўраны	manʲeu̯ranɨ
манжэты	manʐɛtɨ
мансардавым	mansardavɨm
манумент	manumʲent
манфа	manfa
манюка	manʲuka
маніфэст	manˈifɭˈɛstˈ
маніцца	manʲitsːa
маніёт	manʲiʲot
мапа	mapa
мапа	mata
мара	mara
мара	maɾa
марадзёрства	maradzʲorstva
маразм	marazm
маразы	marazɨ
марай	maraj
марак	marak
маракавалі	marakavaɫʲi
мараком	marakom
мараль	maraɫʲ
маральнай	maraɫʲnaj
маральнасці	maraɫʲnastsʲi
маральны	maraɫʲnɨ
маральным	maraɫʲnɨm
маральных	maraɫʲnɨx
маралі	maraɫʲi
марафон	marafon
марафон	maɾafon
марафоне	marafonɛ
марафонскі	marafonskʲi
мараходы	maraxodɨ
мараць	maratsʲ
марганцавай	marxantsavaj
марганцу	marɣantsu
маргарыта	marɣarɨta
марзалюк	marzalʲub
марка	marka
маркай	markaj
маркам	markam
маркотна	markotna
марку	marku
маркі	markʲi
маркіз	markʲis
мармонаў	marmonau̯
мармур	marmur
мармурам	marmuram
мармуровай	marmurovaj
мармуровая	marmurovaja
мармуровым	marmurovɨm
мармуровымі	marmurovɨmji
мармуровыя	marmurovɨja
мармуру	marmuru
мармытанне	mormutannʲa
марна	maɾna
марнаваць	marnavatsʲ
марная	marnaja
марнець	marnʲetsʲ
марнець	marɲetsʲ
марнуецца	marnuʲetstsa
марнымі	marnɨmʲi
марныя	marnɨja
марожанае	maroʐanaje
мароз	maros
марозаў	maruzau̯
марозны	maroznɨ
марозным	maroznɨm
марозіва	marozʲiva
марозівам	marozʲivam
марозіве	marozʲivʲe
марозіву	marozʲivu
марозіць	marozʲitsʲ
марока	maroka
мароч	marotʂ
марошкі	maroʂkʲi
марская	morskaja
марскі	marʂkʲi
марскімі	morsʲːimʲi
марскіх	morskʲix
марскія	marsʲːija
марта	marta
марту	martu
мару	maru
марудны	marudnɨ
марудным	marudnɨm
марудныя	marudnɨja
марфалагічныя	marfɨɫoɣʲidʐnɨja
марце	martsʲe
марцовы	martsovɨ
марш	marʂ
марша	marʂa
маршавыя	marʂavɨja
маршал	marʂaɫ
маршалу	marʂaɫu
маршам	marʂam
маршрут	marʂrut
маршруткай	morsrutkaj
маршруту	marʂrutu
маршруты	marʂrutɨ
маршу	marʂu
маршы	marsɨ
мары	marɨ
марыва	marɨva
марылі	marɨɫji
марым	marɨm
марына	marɨna
марыну	marɨnu
марыся	marɨtsʲa
марыся	marɨʂʲa
марыхуану	marɨxuanu
марыя	marɨja
марыў	marɨw
марэна	marɛna
марэнавыя	marɛnavɨja
мар’яна	morʝano
мас	mas
маса	masa
масава	masava
масавая	masavaja
масавы	masovɨ
масавых	masavɨx
масавыя	masavɨja
масай	masaj
масак	masak
маска	lˈaska
маска	maska
маскалі	maskalʲi
маскат	maskat
масква	maskva
маскі	maskʲi
маскітаў	maskʲitaw
масла	masɫa
маслёнка	masʲlʲonka
масліны	maʂɫjinɨ
масоны	masonɨ
мастак	mastak
мастака	mastako
мастакі	mastakʲi
мастакі	mostakʲi
мастацкі	mastaʲtskʲi
мастацтва	mastatstva
мастацтвам	mostatstvom
мастацтву	mastotstvu
мастурбаваць	masturbavatsʲ
мастурбацыя	masturbatsɨja
масу	masu
масы	maʂɨ
мат	mat
матавымі	matavɨmʲi
матак	matak
матачка	madatʂka
матаю	mataju
матвей	matvʲej
матку	matku
маткі	matkʲi
матор	mator
маторамі	matoromʲi
маторныя	matornɨja
матросы	matrosɨ
матрыцы	matrɨtsɨ
матуля	matulʲa
матчына	mattʂana
маты	matɨ
матываваны	matɪvavanɨ
матывам	matɨvam
матывацыю	matɨvatsɨʲu
матывы	matɨvɨ
матыль	matɨlʲ
матылёк	matɨlʲok
матылёк	matɪlʲok
матэматыка	matɛmatɨka
матэматыкай	matɛmatɨkaj
матэматыцы	matɛmatɨtsɨ
матэматычную	matɛmatɨtʂnuju
матэрыя	matɛrɨja
матэрыял	madɛrɨjaɫ
матэрыялы	matɛrɨjaɫɨ
матэрыяльна	matɛrɨjalʲna
матэрыяльных	matɛrɨjaɫʲnɨx
маха	maxa
махам	maxam
махаць	maxatsʲ
махаў	maxow
махляр	maxlʲar
махлярка	maxlʲarka
махнеш	maxnʲeʂ
махорачным	maxoratʂnɨm
махрамі	maxramʲi
махры	maxrɨ
махрыстыя	maxrɨstɨja
маху	maxu
мацi	matsʲi
мацавання	matsavannʲa
мацавацца	matsavatsːa
мацай	matsaj
мацаць	matsatsʲ
мацаў	matsau
мацвей	matsʲvʲej
мацней	matsnʲej
мацней	matsnːej
мацнейшай	matsnʲejʂaj
мацуецца	matsuʲetstsa
мацярок	matsʲarok
мацярынскі	matsʲarɨnskʲi
мацярынскіх	matsʲarɨnskʲix
маці	mati
маці	matsʲi
маціца	matˈitsˈa
мача	matʂa
мачавы	matʂovɨ
мачавіны	matʂavʲinɨ
мачта	matʂta
мачтах	matʂtax
мачты	matʂtɨ
мачулька	matʃulʲka
мачы	matʂɨ
мачыха	matʂɨxa
машонка	maʂonka
маштабаў	maʂtabaw
маштабе	maʂtabʲe
маштабныя	maʂtabnɨja
машын	maʂɨn
машына	maʂɨna
машына-	maʂɨna
машынай	maʂɨnoj
машынах	maʂɨnax
машыне	maʂɨnʲe
машынка	moʂɨnka
машынкі	maʂɨnkʲi
машынныя	maʂɨnnɨja
машыну	maʂɨnu
машыны	masɨnɨ
машыніста	masɨnʲista
машыністка	maʂɨnʲistka
маю	maju
маюць	maʲutsʲ
мая	maja
маяк	majak
маякі	maʲakʲi
маё	majo
маё	majˈo
маёвы	maʲovɨ
маёй	majoj
маёмасны	maʲomasnɨ
маёнтак	majontak
маёнтак	majontɨk
маёнтка	majontka
маёнтку	maʲontku
маёю	majoju
маі	maji
маім	majim
маімі	majimʲi
маіх	maix
маіх	majix
маўклівасць	mau̯kɫʲivastsʲ
маўклівы	mau̯klʲivɨ
маўленні	mou̯lʲennʲi
маўрыкій	mau̯rɨkʲij
маўчалі	mau̯tʃali
маўчанне	mou̯tʂanʲːe
маўчаць	mau̯tʂatsʲ
маўчаць	mou̯tʃatsʲ
маўчы	mou̯tʂɨ
маўчыць	mawtʂɨtsʲ
медаля	mɛdalʲa
медалі	mʲedaɫji
меданосныя	mʲetanosnɨʲa
медзь	mʲetsʲ
медна-чырвоны	mʲednatʂɨrɣonɨ
медная	mjednaja
медны	mʲednɨ
медным	mʲadnɨm
медных	mʲadnɨx
медныя	mʲednɨja
меднікі	mʲedʲːikʲi
медык	mʲedɨk
медык	nʲedɨk
медыкам	mʲedɨkam
медыцынай	mʲedɨtsɨnoj
медыцыне	mʲedɨtsɨnʲe
медыцынскую	mʲedɨtsɨnskuju
медыцыны	mʲedɨtsɨnɨ
медычным	mʲedɨtʂnɨm
медыя	mjedɨja
медыяну	mʲedɨjanu
меер	mʲeʲer
межаваць	mʲeʐavatsʲ
межамі	mˈeʒami
межах	mʲeʐax
межаў	mʲeʐaw
межы	mjeʐɨ
мексіка	mʲeksʲika
мексіканскі	mʲeksʲikanskʲi
мел	mʲeɫ
мела	mʲeɫa
меладычная	mʲeɫadɨtʂnaja
меладычныя	mʲeɫadɨtʂnɨja
меле	mʲelʲe
мелкі	mʲeɫkʲi
мелу	mʲeɫu
мельнік	mʲelʲnʲik
мелі	mʲeɫʲi
менавіта	mʲenavʲita
мене	mʲenʲe
меней	mɛnʲej
менск	mʲensk
менструацыя	mʲenstruatsɨja
менш	mʲenʂ
меншасць	mʲenʂasʲtsʲ
меншы	mʲenʂɨ
меншым	mʲenʂɨm
меню	mʲenʲu
мер	mʲer
мера	mjero
мерамі	mʲeramji
меркаванне	mʲerkavanʲːe
меркаванні	mʲerkavanʲːi
меркаванні	mʲerkavanːʲi
меркаваць	mʲergavatsʲ
меркай	mʲerkaj
меркла	mɛrgɫa
меру	mʲeru
месны	mʲesnɨ
места	mʲesta
местачковы	mʲistatʂkovɨ
месца	mʲestsa
месцам	mjestsam
месцамі	mjestsamji
месцу	mʲestsu
месцы	mʲesʲtsɨ
месці	mʲesʲtsʲi
месы	mʲesɨ
месяц	mjesʲats
месяц	mʲesʲats
месяца	mjesjatsa
месяцу	mʲesʲatsu
метадамі	mʲetadamʲi
метады	mʲetadɨ
металургія	mʲetalurɣʲija
метан	mʲetan
метр	mʲetr
метра	mʲetra
метро	mʲetro
метровых	mʲetrovɨx
мех	mʲex
механіку	mjexaʲːiku
мець	mʲetsʲ
меч	mʲetʂ
мешаніны	mʲiʂanʲinɨ
меў	mˈeʊ
млела	mlʲeɫa
млосна	mɫosna
млосны	mɔɫɔsnɨ
млын	mɫɨn
млына	mɫɨna
млынавых	mɫɨnavɨx
млынар	mɫɨnar
млынах	mlɨnax
млынок	mɫɨnok
млыну	mɫɨnu
млыны	mɫɨnɨ
млявая	mlʲavaja
млявы	mlʲavɨ
млявым	mlʲavɨm
млён	mˈɭjon
мліва	mlʲiva
мліва	mɨlʲiva
мне	mnʲe
мне	mnˈe
многа	mnoɣa
многага	mnoxoɣa
многае	mnoxoje
многім	mnoɣɨm
многімі	mnoɣʲimɨ
многіх	mnoɣʲix
множны	mnoʐnɨ
множны	mʲnoʐnɨ
мной	mnoj
мною	mnoju
мніх	mnʲix
мо	mo
мо	mˈo
мо-ра	mora
мова	mova
мовазнавец	movaznavʲets
мовазнаўства	movaznau̯stva
мовай	movaj
мовам	movam
мовамі	movamʲi
мовах	movax
моваю	movaju
мове	movʲe
мову	movu
мовы	movɨ
мовіць	movʲitsʲ
мог	mox
могуць	moɣutsʲ
могучы	moɣutʂɨ
могілкі	moɣʲiɫkʲi
мод	mod
мода	modo
мода	mɔda
модай	modaj
модна	modna
модную	modnuju
модны	modnɨ
модным	modnɨm
моднымі	modnɨmʲi
модных	modnɨx
модулем	modulʲem
модуль	moduɫʲ
модуля	modulʲa
модулі	moduɫji
моды	modɨ
можа	moʐa
можам	moʐam
можаце	moʐatsʲe
можаш	moʐaʂ
можна	moʐna
мозг	mosk
мозг	mosx
мозг	mˈos
мозгу	mosgu
мой	moj
мокрай	mokraj
мокрая	mokroja
мокры	mokrɨ
мокрым	mokrɨm
мокрымі	mokrɨmʲi
мокрых	mokrɨx
мокрыя	mokrɨja
моладзевы	moɫadzʲevɨ
моладзь	moɫatsʲ
моладзі	moɫadzʲi
молат	moɫat
моль	molʲ
моль	moɫʲ
моліць	moɫʲitsʲ
момант	mamanˈd
момант	momant
момантамі	momantamʲi
момантах	momantax
моманты	momantɨ
моманты	momentɨ
монстр	monstr
мор	mor
мора	mora
морак	morak
морак	moram
морам	moram
морамі	moramʲi
морах	morax
мораў	morau̯
морду	mordu
морды	mortɨ
морж	morʂ
морква	morkva
морква	mɔrkva
моркву	morkvu
мору	moru
моры	morɨ
мост	most
мост	mˈoʊst
моста	mosta
мосту	mostu
мосце	mostsʲe
мох	mox
мохавы	moxavɨ
мохавым	moxavɨm
мохам	moxam
моху	moxu
моц	moss
моц	mots
моца	mɔːtsa
моцна	motsna
моцна	mɔtsna
моцнага	motsnaɣa
моцнае	motsnaja
моцнае	motsnaʲe
моцнай	motsnoj
моцная	motsnaʲa
моцную	motsnuju
моцны	motsnɨ
моцным	motsnɨm
моцных	motsnɨx
моцныя	moʲtsnɨja
моцы	motsɨ
моцы	motsːɨ
мошак	moʂak
мошчы	moʂtʂɨ
моў	mou̯
моўны	mou̯nɨ
моўныя	mou̯nɨja
моўнік	mou̯nik
моўніца	mou̯nʲitsa
моўчкі	mou̯tʂkʲi
мрок	mrok
мроя	roja
мроі	froʲi
мсціслаў	msʲtsʲisɫau̯
мудра	mudra
мудраваць	mudravatsʲ
мудрагелісты	mudraɣɛlʲisdɨ
мудрагелісты	mudraɣʲelʲistɨ
мудрасці	mudrasʲtsʲi
мудрая	mudraja
мудроныя	mudronɨja
мудруюць	mutrujutsʲ
мудры	mudrɨ
муж	muz
муж	muʂ
мужа	muʐa
мужам	muʐam
мужна	muʐna
мужнай	muʐnaj
мужнасць	muʐnasʲtsʲ
мужнела	muʂnʲeɫa
мужны	muʐnɨ
мужным	muʐnɨm
мужныя	muʐnɨja
мужу	muʐu
мужчы́на	muʂtʂɨjna
мужчын	muʂtʂɨn
мужчына	muʂtʂɨna
мужчынам	muʂtʂɨnam
мужчынамі	muʂtʂɨnamʲi
мужчынах	muʂtʂɨnax
мужчыне	muʂtʂɨnʲe
мужчынская	muʂtʂɨnskaja
мужчынскі	muʂtʂɨnskʲi
мужчыну	muʂtʂɨnu
мужчыны	muʂtʂɨnɨ
мужы	muʐɨ
мужык	muʂɨk
мужыком	muʐɨkom
мужыкі	muʐɨkʲi
мужычкай	muʐɨtʂkaj
мужычыя	muʐɨtʂɨja
муз	muz
муза	muza
музеем	muzʲeʲem
музей	muzʲej
музей	muzˈe
музея	muzʲeja
музеях	muzʲejax
музеі	muzʲeji
музу	muzu
музы	muzɨ
музыка	muzɨka
музыкам	muzɨkam
музыкантам	muzɨkantam
музыканту	muzɨkantu
музыку	muzɨku
музыкі	muʐɨkʲi
музычна	musɨtʂna
музычна-гістарычны	muzɨtʂnɨɣʲistarɨtʂnɨ
музычнай	muzɨtʂnaj
музычную	muzɨtʂnuju
музычны	muzɨtʂnɨ
музычных	musɨtʂnɨx
музіцыравання	muzʲitsɨravannʲa
мука	muka
мукой	mukoj
мукі	mukʲi
мула	muɫa
муламі	muɫamʲi
мулу	muɫu
мульцяшныя	muɫʲtsʲaʂnɨja
мулявін	mulʲavʲin
муляж	muʲːaʂ
муляр	mulʲar
мулярскі	mulʲarskʲi
мур	mur
мураваны	muravanɨ
мураваным	murovanɨm
мураванымі	murovanɨmʲi
мураваных	muravonɨx
мурам	muram
мурах	murax
мурашка	muraʂka
мурашнік	muraʂnʲik
мурашыны	murasɨnɨ
мурзіла	murziˈlˈɑ
мурожны	muroʐnɨ
мурожных	muroʐnɨx
муроў	murou̯
муру	muru
муруе	muruje
муры	murɨ
мускульны	muskuɫʲnɨ
мусон	muson
мусонны	musonnɨ
мусоны	musonɨ
мусульман	musuɫʲman
мусульманскую	musuɫʲmanskuju
мусяць	musʲatsʲ
мусяць	muʂʲatsʲ
мусілі	musʲilʲi
мусім	muʂʲim
мусіць	musʲitsʲ
мусіў	mˌusˌiˌu
мутанты	mutantɨ
мутацыі	mutatsɨʲi
мутнай	mutnaj
мутная	mutnaja
мутным	mutnɨm
мутныя	mutnɨja
мутэрка	mutɛrka
муфлон	muflun
мух	mux
муха	muxa
мухам	muxam
мухамад	muxamat
мухамор	muxamor
мухаморы	muxamorɨ
мухафазы	muxafazɨ
муху	muxu
мухі	muxʲi
муць	mutsʲ
мучаць	mutʂatsʲ
мучным	mutʂnɨm
мучуся	mutʂuʂja
мучылі	mutʂɨɫʲi
мучыцца	mutʂɨtsːa
мучыць	mutʂɨtsʲ
мушка	muʂka
мушкет	muʂkʲet
муштра	muʂtra
мушу	muʂu
мушу	mˈuʃu
мы	mɐ̃
мы	mɨ
мые	mɨje
мыем	mɨjem
мыеце	mɨjetsʲe
мыеш	mɨjeʂ
мый	mɨj
мыйным	mɨjnɨm
мыйных	mɨjnɨx
мыйня	mɨjˈnʲa
мыйце	mɨjtsʲe
мыла	mɨɫa
мылам	mɨɫam
мыле	mɨlʲe
мылу	mɨɫu
мыліся	mɨɫʲisja
мыс	mɨs
мыса	mɨsa
мыслення	mɨslʲennʲa
мыслю	mɨsɫʲu
мысок	mɨsok
мысы	mɨsɨ
мытаю	mɨtaju
мытнай	mɨtnaj
мытная	mɨtnaja
мытную	mɨtnuʲu
мытны	mɨtnɨ
мытных	mɨtnɨx
мытня	mɨtnʲa
мытні	mɨtnʲi
мытнік	mɨntnʲik
мыцца	mɨtsːa
мыць	mɨtsʲ
мычыш	mɨtʂɨʂ
мыш	mɨʂ
мышам	mɨʂam
мышанят	mɨʂanʲat
мышачная	mɨʂatʂnaja
мышачных	mɨʂatʂnɨx
мышка	mɨʂka
мышку	mɨʂku
мышцы	mɨʂtsɨ
мышыным	mɨʂɨnɨm
мышынымі	mɨʂɨnɨmʲi
мышыныя	mɨʂɨnɨja
мыю	mɨju
мыюць	mɨjutsʲ
мыў	mɨu̯
мэблю	mɛbɫʲu
мэбля	mɛblʲa
мэбляй	mɛblʲaj
мэблі	mɛbɫʲi
мэканне	mɛkanʲːe
мэляса	mɛlʲasa
мэлён	mɛlʲon
мэнскі	mɛnskʲi
мэр	mɛr
мэр	mˈɛɹ
мэра	mɛra
мэру	mɛru
мэры	mɛrɨ
мэт	mɛt
мэта	mɛta
мэтар	mɛtar
мэтах	mɛtax
мэтаю	mɛtaju
мэтаў	mɛtau̯
мэтры	mɛtrɨ
мэту	mɛtu
мэты	mɛdɨ
мэты	mɛte
мядзведзь	mʲadzʲvʲetsʲ
мядзведзю	mʲadzʲvʲedzʲu
мядзведзя	mʲadzʲvʲedzʲa
мядзведзі	mʲadzʲvʲedzʲi
мядок	mʲadok
мяжа	mʲaʂa
мяжа	mʲaʐa
мяжой	mʲaʐoj
мяжу	mʲaʐu
мяжы	mjaʐɨ
мяжы	mʲaʐɨ
мякаць	mjakatsʲ
мякка	mjakka
мяккасць	mʲakkostsʲ
мяккая	mjakkaʲa
мяккая	mjakˈkaja
мяккі	mʲakʲːi
мяккім	mjakkʲim
мяккімі	mjakʲːimʲi
мяккіх	mjakkʲix
мякіш	mʲakʲiʂ
мялю	mʲaɫju
мяне	mʲanʲe
мянтуз	mjantuz
мянушка	mʲanuʂka
мянушка	nʲanuʂka
мянушкай	mjanuʂkaj
мянушку	mʲanuʂku
мянушкі	mʲanuʂkʲi
мянчук	mʲantʂuk
мянялі	mjanʲaɫʲi
мяняцца	mʲanʲatsːa
мяняць	mʲanʲaʲtsʲ
мярзотнік	mjärzotnʲik
мяркуе	mjarguje
мяркуецца	mjarkuʲetstsa
мярэжа	mʲarɛʐa
мяса	mʲasa
мясная	mʲasnaʲa
мясной	mʲasnoj
мясны	mʲasnɨ
мясных	mjaznɨx
мясныя	mjaʂnɨja
мястэчка	mʲastɛtʂka
мястэчку	mʲastɛtʂku
мястэчкі	mjastɛtʂkʲi
мясцовага	mjaʂtsovaɣa
мясцовае	mjaʂtsovaje
мясцовай	mjaʂtsovaj
мясцовасць	mʲastsovostsʲ
мясцовая	mjaʂtsovaja
мясцовы	mjɛstsovɨ
мясцовы	mʲastsovɨ
мясцовых	mjasʲtsovɨx
мясцовыя	mjaʂtsovɨja
мята	mjata
мятла	mʲatɫa
мятлу	mʲatɫu
мятліца	mjadlʲitsa
мятліцы	mjatɫʲitsɨ
мяхах	mʲaxax
мяцеліц	mʲatsʲeɫʲits
мяць	mʲatsʲ
мяч	mjatʃ
мяч	mʲatʂ
мячом	mʲatʂom
мячоў	mʲatʂou̯
мячы	mʲatʂɨ
мячык	mʲatʂɨk
мячэць	mjatʂɛtsʲ
мячэці	mʲatʂɛʲtsʲi
мяшанае	mjaʂanaje
мяшаная	mjaʂanaja
мяшанец	mʲaʂanʲets
мяшаных	mjaʂanɨx
мяшаныя	mjaʂanɨja
мяшок	mʲaʂok
мяшочак	mjaʂotʂak
мяшчан	mjaʂtʂan
мёд	mʲot
мёду	mʲodu
мёртвай	mʲortvaj
мёртвы	mʲortvɨ
мёртвым	mjortvɨm
мёры	mjore
мігнулі	mʲiɣnuɫʲi
міграцыя	mʲiɣratsɨja
мігцелі	mʲiɣtsʲeɫʲi
мігцеў	mixtsʲeu̯
між	miʒ
між	mʲiʂ
міжабласны	mʲiʂabɫasnɨ
міжаконны	mʲiʂakonnɨ
міжакруговы	nʲiʐakruɣovɨ
міжатамны	nʲiʐatamnɨ
міжволі	mʲiʂvoɫʲi
міжмор'е	mʲiʒmorje
міжнародны	mʲiʐnarodnɨ
міжусобку	mʲiʂusɔbku
мізэрны	mʲizɛrnɨ
мікалаеў	mʲikaɫajeu̯
мікалай	mʲikaɫaj
мікарызу	mʲikarɨzu
міколка	mˈikoɫkˈa
міколы	mʲikoɫɨ
мікрафон	mʲikrafon
мікіта	mʲikʲita
міла	mʲiɫa
мілавіца	mjilavitsa
мілагучна	mʲiɫaɣutʂna
мілагучнасць	mʲiɫaɣutʂnastsʲ
мілагучны	mʲiɫaɣutʂnɨ
мілагучныя	mʲiɫaɣutʂnɨja
міласціна	mʲiɫosʲtsʲina
міласціны	mʲiɫasʲtsʲinɨ
мілая	mɨɫaja
мілы	mʲiɫɨ
мілым	mʲiɫɨm
мільганулі	mʲiɫʲɣonulʲi
мільярд	mʲilʲjart
мільярдны	mʲilʲjardnɨ
мільён	mʲilʲjon
мільённы	mʲilʲjonːɨ
мілях	mʲilʲax
міліметр	mʲilʲimʲetr
мілімэтар	mʲilʲimɛtar
міліцыя	mjilʲitsɨja
міліцыя	mʲilʲitsɨja
мімаходам	mimahoˈdam
мімы	mʲimɨ
мін	mʲin
мінай	mʲinaj
мінах	mʲinax
мінаць	minatsʲ
міначкам	mʲinatʂkam
міндоўг	mʲendou̯x
міне	minjɛ
міне	mʲinʲe
мінных	mjinnɨx
мінск	mʲinsk
мінск	vˈinsk
мінскі	mʲinskʲi
мінскія	mʲinskʲija
міну	mʲinu
мінула	mʲinuɫa
мінула	mʲinuɫä
мінулае	mʲinuɫaje
мінулае	mʲinuɫaʲe
мінулася	mʲinuɫasʲa
мінулы	mʲinuɫɨ
мінулых	mjinuɫɨx
мінулі	mˈinuɭi
мінус	mʲinus
мінут	mʲinut
мінута	mʲinuta
мінуты	mʲinutɨ
мінуць	mʲinutsʲ
міншчына	mʲinʂtʂɨna
міны	mjinɨ
мінімальна	mʲinʲimalʲna
мінімуму	mʲinʲimumu
міністар	mʲinʲistar
міністар	mʲinʲistɛr
міністарка	mʲinʲistrka
міністр	mʲinʲistr
мір	mʲir
міргнуць	mʲirɣnutsʲ
мірнае	mʲirnaʲe
мірнай	mʲirnaj
мірным	mʲirnɨm
мірных	mʲirnɨx
мірныя	mʲiɾnɨja
мірон	mʲiron
міру	mɨru
міры	mʲirɨ
міска	mʲiska
міскай	mʲiskaj
містыка	mʲistɨka
містычнасці	mʲistɨtʂnasʲtsʲi
містычны	mʲistɨtʂnɨ
міт	mʲit
мітынг	mʲitɨnx
міф	mʲif
міфа	mʲifa
міфы	mʲifɨ
міхайла	mʲixajɫo
міхаіл	mʲixajiɫ
міцкевіч	mʲitskʲevʲitʂ
міша	mʲiʂa
н	nɔ̃
на	na
наадварот	naadvarot
набат	nabat
набеглі	nabʲeɣlʲi
набліжаецца	nabɫʲiʐaʲetsːa
набліжала	napɫʲiʂaɫa
набліжацца	nablʲiʐatsːa
наблізу	naplʲizu
набок	nabok
набор	nabor
набрала	naprala
набралі	nabralʲi
набраных	nabranɨx
набрацца	nabratsːa
набудзеш	nabudzʲeʂ
набывае	nabɨvaʲːe
набывалі	napɨvolʲi
набываць	nobɨvatsʲ
набываю	nabɨvaʲu
набылі	nabɨɫʲi
набыта	nabɨta
набыткі	nabɨtkʲi
набытую	nabɨtuju
набыты	nabɨtɨ
набытых	nabɨtɨx
набытыя	nabɨtɨja
набыццё	nabɨtsːʲo
набыць	nabɨʲtsʲ
набыць	zabɨtsʲ
набярэжжа	nabjarɛʐa
набярэжныя	nabjarɛʐnɨja
набіраем	nabʲiraʲem
набіць	nabʲitsʲ
навагодні	navaɣodnʲi
навагодніх	navagodnʲix
навакольная	navakolʲnaja
навакольны	navakoɫʲnɨ
навала	navaɫa
навалач	navaɫatʂ
навалач	navaɫatʃ
навалачка	navaɫatʂka
навалы	navaɫɨ
навальніца	navalʲnʲitsa
навальніцы	navolʲnʲitsɨ
наваполацк	navapoɫatsak
навароты	navarotɨ
навару	navaru
нават	navat
наведвае	navʲedvoʲe
наведвальнік	navʲedvaɫʲnʲig
наведванне	navʲedavannʲe
наведваюць	navʲedvaʲusʲ
навейшай	navʲejʂaj
навек	navʲek
навекі	navʲekʲi
навел	navʲeɫ
навелах	navʲeɫax
навелы	navɛɫɨ
наверсе	navʲersʲe
наверх	navʲerx
навесам	navʲesam
навесамі	navʲesamʲi
навешвае	navʲeʂvaʲe
наводзяць	navodzʲatsʲ
наводзілі	navodzʲiɫʲi
навокал	navokau
навокал	navokaɫ
навонкі	navonkʲi
навочна	navotʂna
навошта	navoʂta
навук	navuk
навука	navuka
навука	navukɑ
навукай	navukaj
навуках	navukax
навукаю	navukaju
навукова	navukova
навуковага	navukovaɣa
навуковае	navukovaje
навуковай	navukovaj
навуковец	navukovʲets
навуковы	novukovɨ
навуковым	navukovɨm
навуковых	navukovɨx
навукоўца	novukou̯tsa
навукоўцам	navukou̯tsam
навуку	navuku
навучаецца	navutʂaʲetstsa
навучальная	navutʂaɫʲnaja
навучальным	novutʂaɫʲnɨm
навучальных	navutʂaɫʲnɨx
навучальнік	navutʂaɫʲnʲik
навучалі	navutʂaɫʲi
навучанне	novutʂannɛ
навучанні	navutʂannʲi
навучу	navutʂu
навучылася	navutʂɨɫaʂʲa
навучылі	navutʂɨlʲi
навучым	navutʂɨm
навучыцца	navutʂɨtsːa
навучыць	navutʂɨtsʲ
навучыш	navutʂɨʂ
навучыўся	navutʂɨwsja
навушнікі	navuʂnʲikʲi
навык	navɨk
навыкам	navɨkam
навыкі	navɨkʲi
навысціжкі	navɨstsʲiʂkʲi
навязаным	navjazanɨm
навязаць	navjazatsʲ
навязванне	navjazvanʲːe
навякі	navʲakʲi
навяло	navʲaɫo
навясных	navjasnɨx
навідавоку	navʲidavoku
навін	navʲin
навіна	navʲina
навінкай	navʲinkaj
навіны	navine
навіны	navʲinɨ
навіцкі	navʲitskʲi
нага	naɣa
нагавіцы	naɣavʲitsɨ
нагадаем	naɣadaɛm
нагадаў	naxadau̯
нагадвае	naɦadvaʲe
нагайкі	naɣajkʲi
нагамі	noɣamji
нагарода	naɣaroda
нагляд	naɣlʲad
наглядам	naɣlʲadam
наглядаю	naɣlʲadaju
наглядна	naɣlʲadna
наглядным	naɣlʲadnɨm
нагоду	naɣodu
нагой	naɣoj
нагоніш	naɣonʲiʂ
нагою	naɣoju
нагружаць	naɣruʐatsʲ
нагрэву	naɣrɛvu
нагрэцца	naɦrɛtsːa
нагі	naɣʲi
нагінаць	naɣʲinatsʲ
над	nat
надавалася	nadavaɫasja
надаваць	natovatsʲ
надаваў	nadavau̯
нададзены	natadʲenɨ
надае	nadaje
надаем	nadaʲem
надакучыць	nadakutʂɨtsʲ
надалей	nadaʲːej
надалей	natalʲej
надам	nadam
надаў	nadau̯
надаў	natau
надвае	nadvaje
надвое	nadvoje
надвор'е	nadvorje
надвор'ю	nadvorju
надворак	nadvorak
надворка	nadvorka
надворкам	nadvorkam
надворкамі	nadvorkamʲi
надворках	nadvorkax
надворкаў	nadvorkau̯
надворку	nadvorku
надворкі	nadvorkʲi
надворнымі	nadvornɨmʲi
надзвычай	nakzvɨtʂaj
надзвычайных	nadzvɨtʂajnɨx
надзей	nadzʲej
надзейнасць	nadzʲajnasʲtsʲ
надзейны	nadzʲejnɨ
надзейным	nadzʲejnɨm
надзелы	nadzʲeɫɨ
надземныя	nadzʲemnɨja
надзець	nadzʲetsʲ
надзея	nadzʲeja
надзяваць	nadzʲavatsʲ
надзіва	nadzʲiva
надзіра	nadzʲiro
надкрылы	nadkrɨɫɨ
надлом	nadɫom
надоечы	nadojetʂɨ
надоечы	naduʲatʂɨ
надта	nʲatta
надта	rada
надуманых	nadumanɨx
надыдзе	nabɨdzʲe
надыдзе	nadɨdzje
надыходзяць	nadɨxodzʲatsʲ
надыходзячы	nadɨxodzʲitʂɨ
надышла	nadɨʂɫa
наем	naʲem
нажа	naʐa
нажамі	naʐamʲi
нажным	naʐnɨm
нажніцы	naʐnʲitsɨ
нажом	naʐom
нажы	naʐɨ
назад	nazat
назад	nazˈat
назаўсёды	nazau̯sʲodɨ
назаўтра	nazau̯tra
назва	nazva
назва	nazwa
назвай	nasvaj
названа	nazvona
названай	nazvonaj
названы	nazvanɨ
названыя	nazvanɨja
назваць	nazvotsʲ
назваў	nazvau̯
назвы	nasvɨ
наздра	nazdra
наземная	nazʲemnaja
назначаны	naznatʂanɨ
назоўны	nazou̯nɨ
назоўнік	nazou̯nʲik
называем	nazɨvaʲem
называла	nazɨvaɫa
называю	nazɨvoju
назірае	nazʲiraʲa
назіраецца	nazʲiraʲetsːa
назіральнік	nozʲeraɫʲnʲik
назірацца	naziratsːa
назіраць	nazʲiratsʲ
назіраюць	nozʲirajutsʲ
найболей	nojvoɫʲej
найбольш	nojpoɫʲʂ
найбольшую	najbolʲʂuju
найбуйнейшы	najpujnʲejʂɨ
найбуйным	najbujnɨm
найвышэйшы	najvɨʂɛjʂɨ
найгорш	najɣorʂ
найгоршы	najɣorʂɨ
найгоршых	najxorʂɨx
найдзюк	najdzʲuk
найлепш	najlʲepʂ
найлепшай	najlʲepʂaj
найлепшую	najlʲepʂuju
найлепшы	najlʲepʂɨ
найлепшых	najlʲepʂɨx
наймацнейшая	najmatsnʲejʂoʲe
наймаць	najmatsʲ
найменш	najmʲenʂ
найменшы	najmʲenʂɨ
найму	nojmu
найміт	najmit
найміты	najmʲidɨ
найстаражытнейшая	najstaraʐɨtnʲejʂɨja
наканавана	nakonavana
накараю	nakaraju
накладах	nakɫadax
накладкі	nakɫadkʲi
накладныя	nakɫadnɨja
наколькі	nakolʲkʲi
наконт	nakont
накручаныя	nakrutʂanɨja
накрывае	nakrɨvaʲe
накрылася	nakrɨɫasja
накрылі	nakrɨɫʲi
накрыты	nakrɨtɨ
накрытым	nakrɨtɨm
накрытыя	nakrɨtɨja
накрыць	nakrɨtsʲ
накрыўка	nakrɨwka
накшталт	nakʂtaɫd
накіданы	nakʲidanɨ
накінуць	nakinutsʲ
накіравалі	nakʲeravalʲi
накіравана	nakʲiravana
накіраваныя	nakʲiravanɨja
накіраваў	nakʲiravau̯
накірункі	nakʲirunkʲi
наладзілася	naɫadzʲiɫasja
належных	nalʲeʂnɨx
належу	nalʲeʐu
належыла	najlʲeʐɨɫa
належыць	nalʲeʐɨtsʲ
налепка	nalʲepka
налета	nˈaɭˈeta
налі	nalʲi
наліваць	nalʲivatsʲ
наліты	naɫʲitɨ
налічвае	nalʲitʂvaʲe
налічвала	nalʲitʂvaɫa
налічваць	naɫʲitʂvatsʲ
нам	nam
нама	nama
намазоляць	namazolʲatsʲ
намалявалася	namalʲavalasʲa
намалявана	namalʲavana
намаляваныя	namalʲavonɨja
намаляваць	namalʲavatsʲ
намер	namʲer
намераны	namʲeranɨ
намерах	namʲerax
намерваліся	namʲervaɫʲisja
намеры	namɛrɨ
намечаных	namʲetʂanɨx
намурованая	namuravanaja
намучыць	namutʂɨtsʲ
намёк	namʲok
намі	namʲi
намібія	namʲibʲija
нанава	nanava
нанава	nanavam
наняліся	nanʲaɫisja
наогул	naoɣuɫ
напад	napat
нападам	napadam
нападаць	napadatsʲ
нападаючы	napadajutʂɨ
нападкі	nɔpadki
нападнік	napadnʲik
нападніка	napadnʲika
нападу	napatu
напады	napatɨ
напальваць	napolʲvatsʲ
напамін	napamʲin
напарстак	naparstak
напасці	napasʲtsʲi
напаткае	napatkaʲe
напаткала	napatkaɫa
напаткаю	napatˈkaju
напаткаў	napatkao
напачатку	napatʂatku
напаўголасу	napau̯voɫasu
напекчы	napʲektʂɨ
наперад	napjera
наперад	napʲerat
наперадзе	napʲeradzʲe
наплываць	napɫɨvatsʲ
напляваць	naplʲavatsʲ
напоем	napoʲem
напой	napoj
напоперак	napopjarag
напор	napor
напорам	naporam
напою	napoju
напоямі	napoʲamʲi
напоі	napoʲi
напоі	napoˈɣi
напоўненая	napou̯nʲenaja
направа	naprava
напрала	napraɫa
напрамкаў	nopramkau̯
напрамку	napramgu
напрамкі	napramkʲi
напрамую	napramuju
напрацягу	napratsʲaxu
напроці	naproʲtsʲi
напружанай	napruʐanaj
напружанасць	natruʐanaztsʲ
напружання	napruʂanʲːa
напружаную	napruʐanuju
напружаных	napruʐanɨx
напрыканцы	naprɨkantʂɨ
напрыклад	naprɨkɫat
напужала	nopuʐaɫa
напэўна	napɛu̯na
напярэдадні	napʲarɛdɐdʲːi
напяты	napʲate
напісана	napʲiʂona
напісанне	napʲiʂanːʲe
напісаны	napʲiʂanɨ
напісаных	napʲiʂanɨx
напісаныя	napʲisonɨja
напісаць	napʲisatsʲ
напіцца	napitstsa
напішу	nopʲiʂu
нар	nar
нара	ara
нара	nara
нарабілі	narabʲiɫʲi
наравіцца	naɾavʲitstsa
нарад	narad
нарада	narada
нарада	naraːda
нараджаць	naradʐatsʲ
нараджэнне	naradʐɛnʲːe
нараджэння	naradʐɛnnʲa
нарадзілася	aratsʲiɫasja
нарадзілі	naradzjilʲi
нарадзіліся	maradzʲiɫʲisja
нарадзіць	naradzʲitsʲ
нарадзіўся	naradzʲiwʂja
нарады	noradɨ
наракаем	narakaʲem
наракай	narokaj
наракаць	narakatsʲ
нарастанне	narastannʲe
нарастуць	narastutsʲ
нарах	narax
нарачоная	naradʐonaja
нарачоны	naradʐonɨ
нарваўся	narvawʂja
нарвегія	narvʲeɣʲija
нарвежскі	narvʲesːkʲi
нарвэгія	narvɛɣʲija
нардом	nardom
наркозу	narkozu
наркотык	narkotɨk
наркотыкамі	narkotɨkamʲi
нармальна	normalʲna
нармальную	normaɫʲnuju
нармальны	narmalʲnɨ
нармальнымі	normaɫʲnɨmʲi
нармандскай	narmantskaj
нарманы	narmanɨ
народ	narot
народа	norodo
народам	narodam
народамі	narodamʲi
народжаны	narotʂanɨ
народзе	narodzʲe
народзе	narodzʲːe
народнай	narodnaj
народны	narodnɨ
народным	narodnɨm
народнымі	narodnɨmʲi
народных	narotnɨx
народныя	norodnɨja
народу	norodu
народы	narodɨ
нароўні	norou̯nʲi
нарты	nartɨ
нару	naru
нарцыс	nartsɨs
нарцысы	nartsɨsɨ
нары	narɨ
нарыс	narɨs
нарыса	narɨsa
нарысаваць	narɨsavatsʲ
нарысы	narɨsɨ
нарыхтоўкі	narɨxtou̯kʲi
нарэшце	narɛsʲtsʲe
нас	nas
насам	nasam
насамрэч	nasamrɛtʂ
насамрэч	nasamrɛtʃ
насамі	nasamʲi
насарог	nasarox
насах	nasax
населены	nasʲelʲenɨ
насельнік	nasʲelʲnʲik
насельнікі	nasʲelʲnʲikʲi
насельніцтва	nasʲelʲnʲitstva
насеннае	nasʲennaʲa
насенне	nasʲenʲːe
насенных	nasʲennɨx
насеннік	nasʲenʲːik
насеньне	nasʲenʲːe
наследнага	naslʲednaɣa
насмешлівы	nasmʲeʂlʲivɨ
насок	nasok
насоў	nasou̯
наспех	naspʲex
наста	nasta
настачка	nastatʃka
настаў	nastau
настаў	nastau̯
настаўнік	nastau̯nʲik
настаўнікі	nastau̯nʲikʲi
настаўніца	nastau̯nʲitsa
настойвае	naʂtojvaʲe
настойваць	nastojvatsʲ
настойліва	nastojɫʲiva
настойнай	nastojnaj
настолькі	naʂtoɫʲkʲi
настрой	nastroj
настругваць	nastrugvatsʲ
наступ	nastup
наступае	nastupaʲe
наступальны	nastupalʲnɨ
наступнае	nastupnae
наступная	nastupnaja
наступная	nastupnaʲe
наступны	nastupnɨ
наступны	naztɔpnɨ
наступным	naztupnɨm
наступных	nastupnɨx
наступства	nastupstva
наступстве	nastupstvʲe
насуперак	nazupjarak
насцярожанасць	nastsʲaroʐanosʲtsʲ
насці	nasʲtsʲi
насы	nasɨ
насыпах	nasɨpax
насыпы	nasɨpɨ
насычаецца	nasɨtʂaʲetstsa
насычаны	nasɨtʂanɨ
насычаным	nasɨtʂanɨm
насякомае	nasjakomaje
насякомае	nasʲakomaje
насякомымі	nasʲakomɨmʲi
насякомых	naʂjakomɨx
насялялі	nasjaljaɫʲi
насіліся	naʂʲiɫʲisja
насіць	nasʲitsʲ
наталка	natalka
наталля	natalʲːa
наталька	natalʲka
натапырыць	natopɨrɨtsʲ
нататак	natatak
нататнік	natatnʲik
натоўп	natou̯p
натоўпы	natowpɨ
натрапіць	natrapʲitsʲ
натур	natur
натуру	naturu
натхненне	natxnʲenʲːe
натхненне	nʲotxnʲennʲe
натхнення	natxnʲenʲːa
натхняй	nadxnʲaj
натхнёна	nadxnʲona
натхнёны	nadxnʲonɨ
натхніла	natxnʲiɫo
натхніць	natxnʲitsʲ
нафта	nafta
нафтавай	naftavaj
нафтавы	naftovɨ
нафтавікі	naftavʲikʲi
нафтараспрацоўка	naftarazpratsau̯ka
нафтасховішча	naftosxovʲiʂtʂe
нафту	nafto
нафту	naftu
нафты	naftɨ
нахабны	naxadnɨ
нахілу	naxʲiɫu
нацызм	natsɨzm
нацызм	natsˈizm
нацыю	natsɨju
нацыя	natsɨja
нацыяй	natsɨjaj
нацыянальная	natsɨjanaɫʲnaja
нацыянальны	natsɨjanalʲnɨ
нацыянальныя	natsɨjanalʲnɨja
нацыяналізм	natsɨjanalʲizm
нацыяналістычныя	natsɨjamolʲistɨtʂnɨja
нацыі	naʲtsɨʲi
нацярушаная	natsʲaruxʂanaja
націск	natsʲisk
націскам	naʲtsʲiskam
націсніце	nʲatsʲisʲːitsʲe
начаваць	natʂavatsʲ
начальнік	natʂaɫʲnʲig
начальнік	natʂojɫʲnʲik
начамі	natʂamʲi
начарціць	natʂartsʲitsʲ
начах	natʂax
начлег	natʂlʲex
начная	natʂnaja
начнога	natʂnoɣa
начной	natʂnoj
начны	natʂnɨ
начным	natʂnɨm
начных	natʂnɨx
начныя	natʂnɨʲa
начы	natʂɨ
начынкі	natʂɨnʲːi
начыння	natʂɨnʲːa
начэй	natʂɛj
наш	naʂ
наша	naʂa
нашага	nasago
нашай	nasaj
нашаму	naʂomu
нашая	naʂaja
нашкодзіў	maʂkotsʲiu̯
нашую	naʂuju
нашча	naʂtʂa
нашчадак	naʂtʂadak
нашчадак	naʂtʂaɫak
нашы	naʂɨ
нашым	noʂɨm
нашых	naʂɨx
нашыя	nasɨʲa
нашэнне	naʂɛnʲːe
нашэння	nasɛnnʲa
наяўны	najau̯nɨ
наяўныя	naʲːau̯nɨja
наёмнік	naʲomʲːig
наўкола	naukoɫo
наўмысны	nau̯mɨsnɨ
наўпрост	nau̯prost
наўпрост	nɛwprost
наўрад	nau̯rad
не	nʲe
неабавязкова	nʲeabɨvjazkova
неабачліва	nʲaabotʂɫʲiva
неабвержны	nʲeabvʲerʐnɨ
неабходная	nʲeabxodnɨja
неабходны	nʲeapxodnɨ
неадкладны	nʲeatkɫadnɨ
неаднаразовыя	nʲaadnarazovɨja
неаднолькавыя	nʲaadnoɫʲkovɨja
неадым	nʲaadɨma
неба	nʲeba
неба	nˈeba
небагатыя	nʲebaɣatɨja
небам	nʲebam
небарак	nʲebarak
небараку	ʲːeparaku
небаскроб	nʲebaskrop
небасяг	nʲebasʲax
небяспека	nʲebʲasʲpʲeka
небяспечны	nʲebʲasʲpʲetʂnɨ
невукаў	nʲevukau̯
невымоўны	nʲevɨmou̯nɨ
невыносныя	nʲavɨnosnɨja
невычэрпны	nʲevɨtʂɛrbnɨ
невядома	nɛvʲadoma
невядома	nʲevʲadoma
невядомай	nʲevjadomaj
невядомасць	nʲavʲadomastsʲ
невядомую	nʲevʲadomuju
невядомы	nivadomɨ
невядомымі	nʲevjatomɨmʲi
невядомыя	nʲevʲadomɨja
невялікая	nʲevjaɫʲikaja
невялікая	nʲevʲaɫʲikaja
невялікі	nʲevjaɫʲikʲi
невялікія	nʲevjaɫʲikʲija
невідушчы	nʲavʲiduʂtʂɨ
негр	nʲexr
недаараны	nʲedaorani
недабор	nʲidabor
недавер	nʲadavʲar
недакінуў	nʲatakʲinuu̯
недаляцеўшы	nʲadalʲatsʲsʲeu̯ʂɨ
недамагаць	nʲadamaɣatsʲ
недарма	nˈedˈorma
недарэмна	nʲedarɛnna
недарэчным	nʲedarɛtʂnɨm
недасекаў	nʲadasʲekau̯
недастатковы	nʲedastatkovɨ
недахоп	nʲedaxop
недахопу	nʲedaxopu
недзе	nʲetsʲe
недзе	nˈedzjɛ
недзелавы	nʲezjelavɨ
незадаволена	nʲazadovolʲena
незалежна	nʲezalʲeʐna
незалежнасць	nʲezalʲeʐnasʲtsʲ
незалежны	nʲezalʲeʐnɨ
незаменны	nʲezamʲenːɨ
незаўважаная	nʲazau̯vaʐanaja
незвычайнай	nɛzvɨtʂajnaj
незвычайная	nʲezvɨtʂajnaja
незвычайная	nʲezvɨtʂajnaʲe
незвычайны	nʲezvɨtʂajnɨ
незвычайным	nʲezvɨtʂajnɨm
нездаровілася	nʲazdarovʲiɫasja
нездаровіцца	nʲazdarovʲatstsa
незнарок	nʲeznaruk
незнаёмая	nʲeznʲaʲomaja
незнаёмец	nʲeznajomʲets
незнаёмы	nʲaznajomɨ
нейк	nʲejk
нейкага	nʲejkago
нейкае	nʲejkaja
нейкае	nʲejkaʲe
нейкай	ʲːejkaj
нейкая	ʲːejkaja
нейкую	nʲejguju
нейкі	nʲejkʲi
нейкі	nˈejki
нейкія	nʲejkaja
нейкія	nʲejkʲija
неймаверна	nʲejmajvʲerna
неймавернасць	nʲajmaʲːernastsʲ
нейтралізацыя	nʲejdraˈlʲizatsɨja
нейтралізацыя	nʲejtralʲizatsɨja
нейтралітэт	nʲejdraɫʲitɛd
нейтроны	nʲejtronɨ
некалькі	nʲekalʲkʲi
некалькім	nʲekalʲkʲim
некалькімі	nʲekalʲkʲimʲi
некалькіх	nʲekalʲkʲix
некаму	ʲːekamu
некаторы	nʲekatorɨ
некаторых	nʲekatorɨx
некрануты	nʲekranutɨ
некранутым	nʲekranutɨm
некрытычны	nʲekrɨtɨtʂnɨ
нектарам	nʲektaram
нектарныя	nʲektarnɨja
некуды	nʲekudɨ
нельга	nʲelʲɣa
нема	nʲema
немагчыма	nʲemaktʂɛma
немагчыма	nʲemaktʂɨma
немалыя	nʲemalɨja
немарач	nʲamaratʂ
немач	nʲematʂ
немачы	nʲematʂɨ
немаўля	nemaula
немаўля	nʲemau̯lʲa
немаўлятка	nʲamau̯lʲatka
немаўляткі	nʲamau̯lʲatkʲi
неменчын	nʲamʲenʂɨn
немец	nʲemʲets
немка	nʲemka
немку	nʲemku
немкі	nʲemkʲi
немца	nʲemtsa
немцам	ʲːemtsam
немцы	nʲemʲtsɨ
немым	nʲemɨm
немянчын	nʲamjantʂɨn
ненавідзець	nʲenavʲidzʲetsʲ
ненавідзець	nʲenavʲidzʲitsʲ
ненавісны	nʲenavʲisnɨ
ненадзейны	nʲenadzʲejnɨ
непадпарадкаванне	nʲepatparaskavannʲa
непазбежны	nʲepazʲbʲeʐnɨ
непазбыўная	nʲepazbɨu̯naʲa
непазычанасць	nʲepaʐɨtʂanastsʲ
непакорлівы	nʲepakorlʲivɨ
непал	nʲepaɫ
непамернаю	nʲepamʲernaju
непанадна	nʲepanadna
непараўнальна	nʲeprau̯naɫʲna
непаслушэнства	nʲepasɫuʂɛnstva
непасрэдны	nʲepasrɛdnɨ
непасрэдных	nʲepasrɛdnɨx
непасціжны	nʲepasʲtsʲiʐnɨ
непераадольны	nʲepʲeradolʲnɨ
непераборлівая	nʲepʲeraborlʲivaja
неперакладальны	nʲeprakɫadaɫʲnɨ
неплацельшчык	nʲepɫoʲtsʲeɫʲʂtʂɨk
непрыемнай	nʲeprɨʲemnaj
непрыкметна	nʲeprɨxmʲadna
непрыкметныя	nʲeprɨkmʲetnɨja
нептун	nʲeptun
нептун	nˈeptˈum
неразумна	nɛrazumna
неразумнае	nʲrazumnaʲe
нерат	nˈerat
нерв	nʲerv
нерва	nʲerva
нерваваць	nʲervovatsʲ
нервах	nʲervox
нервовай	nʲervovaj
нервовая	nʲervovaja
нервовую	nʲervovuju
нервовы	nʲervovɨ
нервовым	nʲervovɨm
нервовымі	nʲervovɨmʲi
нервовых	nʲervovɨx
нервы	nʲervɨ
нерон	nʲeron
нерпы	nʲerpɨ
нерухома	nɛruxoma
нерухомы	nʲeruxomɨ
нерухомыя	nʲerukˈomɨja
нескланяльныя	nʲeskɫanʲaɫʲnɨja
несла	nʲesɫa
неспакой	nɛspokoj
несці	nʲesʲtsʲi
несціхана	nʲeʂtsʲixana
нетапыр	nʲetapɨr
нетра	nʲitra
нетрах	nʲetrax
нетры	nˈetrˈy
нетрывалы	nʲatrɨvaɫɨ
нетутэйшы	nʲatutejʂɨ
неф	nɛf
нефармал	nɛfarˈmal
нефе	nʲefʲe
нехта	nʲexta
нецярплівы	nʲetsʲarplʲivɨ
нецікавы	nʲatsʲikavɨ
нечага	nʲetʂaɣa
нечаканы	nʲedʐakanɨ
нечарговы	nʲedʐarɣovɨ
нечым	nʲetʂɨm
нечысць	nʲetʂɨsʲtsʲ
нечытэльна	nʲitʂɨdɛɫʲno
нешматлікі	nʲaʂmatɫʲikʲi
нешматлікія	nʲaʂmatɫʲikʲija
нешта	nʲeʂta
нешчаслівец	nʲestʂasɫʲivʲets
неяк	nʲejag
неяк	nˈejak
неўдах	nʲeu̯dax
неўпрыкметку	nʲeu̯uprɨkmʲetku
но	no
новага	novaɣa
новае	novaje
новай	novaj
новаму	novamu
нованабыты	novanabɨtɨ
новаю	novaju
новая	novaja
новую	novuju
новы	novɨ
новым	novɨm
новымі	novɨmʲi
новых	novɨx
новыя	novɨja
новік	novʲik
ног	noɣ
ногаць	noɣatsʲ
ногі	noɣji
нож	noʂ
ножка	noʐka
ножках	noʐkax
ножку	noʐku
ножцы	noʐtsɨ
ножыкам	noʐɨkam
ноздра	nozdra
нокаць	nokatsʲ
нонсэнс	nonsɛns
норавы	noravɨ
норах	norax
нораў	norau̯
нораў	porau̯
норка	norka
норм	norm
норма	norma
нормай	normaj
нормам	normam
норматворчыя	normatvortʂɨja
нормаў	normau̯
норме	normʲe
норму	normu
нормы	normɨ
норт	nort
норы	norɨ
нос	nos
носа	nosa
носам	nosam
носе	nosʲe
носу	nosu
носы	nosɨ
носьбіт	nozʲbʲit
носяць	noʂʲatsʲ
носіць	nosʲitsʲ
нот	not
ноткі	notkʲi
нотныя	notnɨja
ноту	notu
ноты	nodɨ
ноч	notʂ
ноч	nˈotʃ
ночвы	notʂvɨ
ночка	nˈotʃka
ночку	notʂku
ночы	notʂɨ
ноша	noʂa
ношу	noʂu
ноўтбук	nou̯dbuk
ну	no
ну	nu
ну-ну	nunu
нуары	nuarɨ
нудзіцца	nudzʲitstsa
нудную	nudnuju
нудны	nudnɨ
нудным	nutnɨm
нуду	nudu
нуды	nudɨ
нудызм	nudɨzm
нуль	nulʲ
нуля	nulʲa
нулявой	nulʲavoj
нулявы	nulʲavɨ
нулявым	nulʲavɨm
нулявыя	nulʲavɨja
нулямі	nulʲamʲi
нулёў	nulʲou̯
нулі	nulʲi
нумар	numar
нумара	numara
нумарам	numaram
нумарах	numarax
нумарная	numornaja
нумароў	numorow
нумару	numaru
нумары	numorɨ
нумізматыка	numʲizmatɨka
нутраны	nutranɨ
нутраным	nutranɨm
нутром	nutrom
нутры	nutrɨ
нуту	nutu
нылі	nɨɫɨ
нырае	nɨraʲe
нырай	nɨraj
нырак	nɨrak
нырка	nɨrka
нырка-	nɨrka
нырку	nɨrku
ныркі	nɨrkʲi
нюанс	nʲuans
нюансаў	nʲuansau̯
нюх	nʲux
нюхам	nʲuxam
нюхаць	nʲuxatsʲ
ня	nʲa
нябачны	nʲabatʂnɨ
нябедныя	nʲabʲednɨja
нябога	nʲaboɣaja
нябож	nʲeboʂ
нябожчык	nʲaboʂtʂɨk
нябожчыкі	ʲːaboʐtʂɨkʲi
нябожчыца	nʲaboʂtʂɨtsːa
нябось	nʲabosʲ
няважная	nʲavaʐnaja
няважным	nʲavaʐnɨm
няварты	nʲavartɛ
нявеста	nʲavʲesta
нявесту	nʲavʲestu
нявольнай	nʲavoɫʲnaj
нявольнік	nʲavoɫʲnʲik
няволі	nʲavoɫʲi
нявопытнасць	nʲavopɨtnastsʲ
нявызначанасць	nʲavɨznatʂɛnastsʲ
нявінны	nʲavʲinːɨ
нягледзячы	nʲaxlʲedzʲatʂɨ
нягледзячы	nʲaɣlʲedzʲetʂɨ
нягодамі	nʲaɣodamʲi
нягодны	nʲaɣodnɨ
нягодных	nʲaxodnɨx
нягоднік	nʲaɣodnʲik
нягружаны	nʲaɣruʐanɨ
нягуста	nʲaɣusta
нядаўна	nʲadau̯no
нядаўна	nʲadawno
нядбайна	nʲadbajna
нядбайных	nʲadbajnɨx
нядбалы	nʲadɔbaɫɨ
нядзеля	nʲadzʲelʲa
нядзелі	nʲadzʲelʲi
нядобры	nʲadobrɨ
нядобрыцца	nʲadobrɨtsːa
нядоўга	nʲadou̯ɣa
нядрэнна	nadrɛnːa
нядрэнны	nʲadrɛnnɨ
нядрэнныя	nʲadrɛnnɨja
нядужыя	nʲaduʐɨja
нязвыклая	nʲazvɨkɫaja
нязвыклы	nʲazvɨklɨ
нязграбна	nʲesɣrabno
нязграбны	nʲazgrabnɨ
нязлечна	ʲːasɫʲetʂna
нязменнасць	nʲazmʲenːostsʲ
нязмушана	nʲasmuʂʲana
нязмушаны	nʲasmuʂanɨ
нязначна	nʲaznatʂno
нязначнай	nʲaznatʂnaj
нязначнымі	nʲaznatʂnɨmʲi
нязначных	nʲaznatʂnɨx
нязыркіх	nʲazɨrkʲix
някідкія	nʲakʲitkʲija
няласка	naɫaskɐ
нялупленыя	nʲaɫuplʲenɨja
нялюбыя	nʲaɫʲubɨja
нялюдскі	nʲalʲutskʲi
няма	nama
няма	nʲama
нямазаных	nʲamazanɨx
нямала	nʲamaɫa
нямецкай	nʲamʲetskoj
нямецкамоўная	nʲemʲetskamou̯naja
нямецкая	nʲamʲetskaja
нямецкую	nʲamʲetskuʲu
нямецкі	nʲamʲetskʲi
нямецкім	nʲamʲetsʲːim
нямецкімі	nʲamʲetskʲimʲi
нямецкія	nʲamʲetskʲija
нямеччына	nʲamʲetʂɨna
нямеччына	nʲamʲetʂːɨna
нямнога	nʲamnoɣa
нямоглага	nʲamoɣɫaɣa
няможна	nʲamoʂna
няможна	nʲamoʐna
нямую	nʲamuju
нямы	nʲamɨ
нямытых	nʲamɨtɨx
нямыя	nʲamɨʲa
няміласць	nʲamʲiɫostsʲ
нянавісць	nʲanavʲisʲtsʲ
няпоўную	nʲapou̯nuju
няпоўным	nʲapou̯nɨm
няправільна	nʲapravʲilʲna
няпроста	nʲaprosta
няпросты	nʲaprosta
няпростыя	nʲaprostɨja
няпэўна	nʲapɛu̯na
няпэўнасць	nʲapɛu̯nastsʲ
няроўнай	nʲarou̯naj
няроўнасць	nʲarou̯nastsʲ
няроўнасць	nʲarou̯nasʲtsʲ
няроўнасці	nʲarou̯nasʲtsʲi
няроўны	nʲarou̯nɨ
нясвежы	nʲasʲvʲeʐɨ
нясецца	nʲasʲetsːa
няскошаная	nʲaskuʂanaja
нясла	nʲazɫa
няслушна	ʲːasluʂna
нясмела	nʲasmʲeɫo
няспешнага	nʲaspʲeʐnaɣo
няспрытна	nʲaʂprɨtna
нясу	dˈasˌu
нясушак	nʲasuʂak
няхай	nʲaxaj
няхай	nˈjaxaj
няцотным	nʲatsodnɨm
нячутна	nʲatʂutna
нячутны	nʲatʂutnɨ
няшмат	nʲaʂmat
няшчасце	nʲaʂtʂasʲtsʲe
няшчыра	nʲaʂtʂɨra
няякасным	nʲajakasnɨm
няясны	nʲajasnɨ
няясны	nʲejasnɨ
няясныя	nʲajasnɨja
няёмка	nʲaʲomka
няўдалага	nʲau̯dɫaɣa
няўжо	nʲau̯ʐo
няўзнак	nʲau̯znak
няўмелы	nʲau̯mʲeɫɨ
няўменне	nʲau̯mʲanʲːe
няўмольна	nʲau̯moɫʲna
няўхільны	nʲau̯xʲilʲnɨ
нёба	nʲoba
нёман	nʲoman
нёс	nʝuz
нёс	nʲos
ні	nʲa
ні	nʲi
ні-ні	nʲinʲi
ніадкуль	nʲiatkulʲ
нібы	nʲibɨ
нібыта	nʲibɨta
ніва	miva
ніва	nʲiva
нівах	nʲivax
ніве	nʲivje
ніводнага	nʲivotnaɣa
ніводнай	nʲivodnaj
ніводная	nʲivodnaja
ніводны	nʲivodnɨ
ніводны	nʲivotnɨ
ніву	nʲivu
нівы	nʲivɨ
нідзе	nʲidzʲe
нідэрланды	nʲidɛrɫandɨ
нідэрлянды	nʲidɛrlʲandɨ
ніж	nʲiʂ
ніжнелужыцкі	nʲiʐnʲeɫuʐɨtskʲi
ніжнюю	nʲiʐnʲuju
ніжняга	nʲiʂnʲaɣa
ніжняй	nʲiʐnʲaj
ніжняя	nʲiʐʲːaja
ніжні	nʲiʐnʲi
ніжнім	nʲiʐnʲim
ніжнія	nʲiʐnʲija
ніжэй	nʲiʐɛj
ніжэйшы	nʲiʐɛjʂɨ
ніжэйшых	nʲiʐɛjʂɨx
ніз	nʲis
ніза	nʲiza
нізам	nʲizam
нізенькі	nʲiʐʲenʲkʲi
нізкі	nʲiskʲi
нізкі	nˈiski
нізкіх	nʲiskʲix
нізкія	nʲiskʲija
нізу	nʲizu
нізінай	nʲizʲinaj
нізінная	nʲizʲinnaʲa
нік	nʲik
нікалаямская	nʲikaɫajamskaja
нікарагуа	nʲikaraɣua
нікаціну	nʲikaʲtsʲinu
нікель	nikel
нікога	nʲikoxo
ніколі	nʲikolʲi
нікому	nʲigomu
нікуды	nʲikudɨ
нікім	nʲikʲim
нікіфарэнка	nʲikʲifarɛnka
німфы	nʲimfɨ
ніна	nʲina
нітка	nʲitka
нітку	nʲitku
ніткі	nʲitkʲi
ніхто	nʲixto
ніц	nʲits
ніцымі	nʲitsɨmʲi
ніць	nʲitsʲ
нічога	nʲitʂoɣa
нічому	nʲitʂomu
нічыйны	nʲitʂɨjnɨ
нічым	nʲitʂɨm
нічыя	nʲitʂɨʲa
ніша	nʲiʂa
нішай	nʲiʂaj
нішамі	nʲiʂamʲi
нішах	nʲiʂox
нішто	nʲiʂto
нішу	nʲiʂu
нішчаць	nʲiʂtʂatsʲ
нішчымную	nʲiʂtʂɨmnuju
нішчымны	nʲiʂtʂɨmnɨ
нішы	nʲiʂɨ
ніяк	nʲijak
ніяк	nˈijak
ніякага	nʲijagoɣo
ніякая	nʲijakaja
ніякі	nʲijakʲi
ніякім	nʲijakʲim
ніякіх	nʲijakʲix
о	o
о	u
оба-на	obana
обер-афіцэр	obʲerafʲitsɛr
обер-бургамістр	obʲerburɣamʲistr
обер-паліцмайстар	opʲerpalʲitsmajstar
обер-яфрэйтар	obʲerjafʲrɛjtar
ого	oɣo
одум	otum
одумам	otumam
ой	oj
окае	okaje
окаць	pokatsʲ
окей	okjej
опер	opʲer
опера	opʲera
оперную	opʲernuju
оперны	opʲernɨ
оперны	opʲerʲːɨ
оперных	opʲernɨx
оперы	opʲerɨ
оптыцы	optɨtsɨ
опіум	opʲium
орган	orxan
органа	orxana
органы	orɣanɨ
орды	ord̪e
орта	orto
орша	orʃa
осла	osɫa
от	ot
офіс	ofis
офіс	ofʲis
ох	ox
охра	ˈoxra
п'е	pje
п'едэстал	pjedɛstaɫ
п'ю	pju
п'юць	pjuʲtsʲ
п'янага	pjanaɣa
п'янаму	pjanomu
п'янка	pjanka
п'яную	pjanuju
п'яны	pjanɨ
п'яным	pjanɨm
п'янымі	pjanɨmʲi
п'яных	pjanɨx
п'яныя	pjanɨʲa
п'яніца	pjanʲitsa
п'яўка	pjau̯ka
п'ём	pʲom
пaнядзель	panʲadzʲeɫʲ
па	pa
па-беларуску	abʲelorusku
па-братэрску	papratɛrsku
па-брытанску	pabrɨtansku
па-ваеннаму	pavajennomu
па-вашаму	pavaʂamu
па-воўчаму	pavou̯tʂomu
па-воўчы	pavou̯tʂɨ
па-гарадскому	paɣaradzkomum
па-геройску	paɣʲerojsgu
па-грамадзянску	paɣramadzjansku
па-грузінску	paɣruzʲinsku
па-грэчаску	voɣrɛtʂasku
па-дагестанску	padaɣʲistansku
па-дамашняму	padamaʂnʲamu
па-дарожнаму	padoroʐnomu
па-добраму	padobramu
па-другое	padruɣoʲe
па-другое	patruɣoʲe
па-за	paza
па-мойму	pamojmu
па-над	panad
па-новаму	panovamu
па-польску	papoɫʲsku
па-ранейшаму	paranʲejʂomu
па-рознаму	paroznamu
па-руску	paruzku
па-свойму	pasvojmu
па-свінску	pasvʲinsku
па-сутнасці	pasutnasʲtsʲi
па-твойму	patvojmu
па-іншаму	pajinʂomu
паабедаць	paabʲedatsʲ
паадкормлівацца	paatpormlʲivatsːa
пабадзяжыць	pabadzʲaʐɨtsʲ
пабадзяцца	pabazʲatstsa
пабачаць	pabatʂatsʲ
пабачым	pabotʂɨm
пабачыце	papatʂɨtsʲe
пабачэнне	pabatʂɛnʲːe
пабег	pabʲeɣ
пабегаць	pabʲeɣatsʲ
пабеглі	pabʲeɣɫʲi
пабеленыя	pabjelʲenɨja
пабокавічы	pabokovʲitʂɨ
пабольшаў	pabolʲʂau̯
паборы	paborɨ
пабочны	pabotʂnɨ
пабочных	pabotʂnɨx
пабралі	pabralʲi
пабудаваны	pobudavanɨ
пабудаваных	pabudavonɨx
пабудаваць	pabudavatsʲ
пабудаваў	pabudɨvau̯
пабуджальнік	pabudʐaɫʲnʲik
пабудова	pabudovɐ
пабудове	pabudovʲe
пабудовы	popudovɨ
пабуду	pabudu
пабудуюць	papudujutsʲ
пабяры	pobjarɨ
пабітых	pabʲitɨx
пабіць	pabʲitsʲ
пабіў	pabˈiʊ
павага	pavago
павагу	pavaɣu
павадак	pavadak
павадзіць	pavadzʲitsʲ
павады	povadɯ
паважае	pavoʐaʲe
паважаныя	pavaʐanɨja
паважаць	pavoʐatsʲ
паважліва	pavaʐɫʲiva
паважлівы	pavaʐlʲibɨ
паважлівыя	pavaʐɫʲivɨja
павазіць	pavazʲitsʲ
паваліць	pavalʲitsʲ
павандраваць	pavɛndravatsʲ
паварот	pavarod
паваротны	pavarotnɨ
паваротных	pavarotnɨx
павароту	povarotu
паваротцы	pavarottsɨ
павароты	pavarotɨ
павевам	pavʲevam
паведамляе	pavʲedamlʲaje
паведамляць	pavʲedamlʲatsʲ
паведаміць	pavʲedamʲitsʲ
павезці	pavʲesʲtsʲi
павек	pavʲek
павека	pavʲeka
павека	pˈovˈeka
павекам	pavʲekam
павекі	pavʲekʲi
павел	pavʲeɫ
павелічэнне	pavʲeɫʲitʂɛnnʲe
павер	pavʲer
павераць	pavʲeratsʲ
паверне	pavʲernʲa
паверх	pavʲerx
паверхам	pavʲerxam
паверхамі	pavʲerxamʲi
паверхаў	pavʲerxou̯
паверхня	pavʲerxnʲa
паверхня	povʲerxnʲa
паверхні	pavʲerxnʲi
паверце	pavʲertsʲe
паверыла	pavʲerɨɫa
паверыць	pavʲerɨtsʲ
павесткі	pavʲesdkʲi
павесці	pavʲesʲtsʲi
павет	pavʲet
паветах	pavʲetax
паветкай	pavʲetkaj
паветку	pavʲetku
паветра	pavʲetra
паветраным	pavʲedranɨm
паветраных	pavʲetranɨx
паветраныя	pavʲetranɨʲa
паветры	pavʲetrɨ
паветрыкі	pavʲetrɨkʲi
павешанне	pavʲeʂannʲe
павешаць	pavʲeʂatsʲ
паводак	pavodak
паводзілі	pavodzʲiɫji
паводзін	pavodzʲin
паводзінах	povodzʲinax
паводзіны	pavodzʲenɨ
паводзіны	pavodzʲinɨ
паводзіць	pavodzʲitsʲ
паводка	povodka
паводку	pavodku
павой	pavoj
павольна	pavoɫʲna
павольнае	pavoɫʲnaja
павольнасць	pavoɫʲnasʲtsʲ
павольны	pavolʲnɨ
павольныя	pavolʲnɨja
паволі	pavoɫʲi
паволі	povoɫʲi
павук	pavuk
павука	pavuka
павукі	pavukʲi
павуціна	pavutsʲina
павучальна	pavutʂaɫʲna
павучкі	pavutʂkʲi
павучынай	povutʂɨnaj
павучыцца	pavutʂɨtsːo
павучыць	pavutʂɨtsʲ
павысіць	pavɨsʲitsʲ
павышаем	pavɨʂaʲem
павышанымі	povɨʂanɨmʲi
павышаць	povɨʂatsʲ
павяду	pavjadu
павядуць	pavjadutsʲ
павялі	pavjaɫji
павялічваецца	pavʲaɫʲitʂvaʲetstsa
павянчаю	pavjantʂaʲu
павярну	pavjarnuu̯
павярнулі	pavjarnulʲi
павярнуў	povjarnou̯
павярхоўны	pavjaraxou̯nɨ
павятовы	pavjatovɨ
павятовым	pavjatovɨm
павятовых	pavjatovɨx
павячэраць	pavʲatʂɛratsʲ
павёз	pavʲos
павінен	pavʲinʲen
павінна	pavjinna
павінны	pavʲinnɨ
павіншаваць	pavʲinʂavatsʲ
павісець	pavʲisʲetsʲ
павітуха	ɣavʲituxa
пагаварыць	paɣavarɨtsʲ
пагавораць	paɣavoratsʲ
пагаджуся	paɣadʐuʂja
пагадзіліся	paɣadzʲiɫʲisja
пагадненне	paɣadnʲenʲːe
пагана	paɣana
паганы	paɣanɨ
паганых	paɣanɨx
паганыя	paɣanɨja
паганяць	paɣanʲatsʲ
пагарда	paɣarda
пагарджаць	paɣardʐatsʲ
пагардлівы	paɣardlʲivɨ
пагарды	paxardɨ
пагаршаць	paɣarʂatsʲ
пагарэлі	paɣarɛɫʲi
паглыбленне	pɔɣɫɨblʲennʲe
паглыблены	fagɫɨblʲenɨ
паглыбіць	paɣɫɨvʲitsʲ
паглынанне	pagɫɨnannʲa
паглынаць	paɣɫɨnatsʲ
паглынуць	paɣɫɨnutsʲ
пагляд	paɣlʲad
паглядзела	paglʲotzʲeɫa
паглядзець	paɣlʲadzʲetsʲ
паглядзеў	paɣlʲadzʲew
паглядзі	paɣlʲatsʲi
паглядзім	paklʲatsʲim
паглядзіць	paɣlʲadzʲitsʲ
пагнаць	paɣnatsʲ
пагневацца	paɣnʲivatsːa
пагода	paɣoda
пагодай	paɣodaj
пагодак	pagodak
пагодаю	paɣodaju
пагоду	paɣodu
пагоды	paɣodɨ
пагонах	paxonax
пагорак	paɣorak
пагорку	paɣorku
пагоршыць	paɣorʂɨtsʲ
пагражае	toɣraʐaɛ
пагражаю	pagraʐaʲu
пагранічнік	paɣranʲitʂnʲik
пагроза	fagrozo
пагроза	paɣroza
пагрозлівы	paɣroznʲivɨ
пагрозы	paɣroʐɨ
пагукаць	pagukotsʲ
пад	pat
пад'езды	padjesdɨ
пад'ела	patjila
пад'ем	patjem
пад'ехалі	patjexaɫʲi
пад'ём	patʲom
пад'ём	pˈotˈjˈom
пад'ёмны	adjomnɨ
пад'ёмнік	patʲomnʲik
пад'ёмісты	patʲomʲiʂtɨ
падабаемся	padabajemsʲa
падабаецеся	padabajetsʲesʲa
падабаецца	padabajetsːa
падабаешся	padabajesʲːa
падабайка	padabajka
падабайся	padabajsʲa
падабайцеся	padabajtsʲesʲa
падабалася	padabaɫasʲa
падабаліся	padabalʲisja
падабаліся	padabalʲisʲa
падабацца	padabatsːa
падабаюся	padabajusʲa
падабаюцца	padabajutsːa
падабаўся	padabau̯sʲa
падабенства	padabʲentstva
падабраныя	patabranɨʲa
падабраць	adabratsʲ
падавай	padavaj
падавала	padavaɫa
падавальшчыца	padavaɫʲʂtʂɨtsːa
падавацца	padavatsːa
падаваць	padavatsʲ
падаваў	padavau̯
падавіцца	padavʲitstsa
падаглядаць	padaxlʲadatsʲ
падагнуліся	padaɣnulʲisja
падагнуты	padaxnutɨ
падагнутым	padaɣnutɨm
падагніваць	padaɣnʲivatsʲ
падагравальнік	padaɣrovoɫʲnʲik
падагрэты	kadaɣrɛtɨ
падагульняцца	padaxulʲnʲatsːa
падагульняць	padaxolʲnʲatsʲ
пададзена	padatsʲena
пададзяваць	padodzʲavatsʲ
падае	padaɛ
падаецца	pataʲetstso
падажываць	padaʐɨvatsː
падазронае	padazronaja
падазрэнне	padazrɛʲːe
падакараць	padaʲːaratsʲ
падаконнік	padakonnˈik
падаконнік	padakonʲːik
падаконніку	padakonʲːiku
падакошваць	patakosvatsʲ
падалося	padaɫosʌ
падалі	padalji
падалікатнічаць	padaɫʲikatnʲitʂɨtsʲ
падамалёўваны	ʂpadomolʲou̯vanɨ
паданне	padanːʲi
паданню	padannʲu
падаплятаць	padaklʲatatsʲ
падапрануты	atopronutɨ
падапрэць	adaprɛtsʲ
падапхнуты	patapxʲːutɨ
падапхнуцца	patatxnutsːa
падапілоўваць	padapʲiɫou̯vatsʲ
падапісваны	padopʲisvanɨ
падараваць	pataravatsʲ
падаражанне	padorɨʐanːʲe
падаражэць	padorɨʐɛtsʲ
падарак	padaˈrak
падарвалі	patarvalʲi
падарваны	padarvanɨ
падаробліваць	padarobɫʲivatsʲ
падарожжа	padaroʐːa
падарожных	pataroʐnɨx
падарожнік	padaroʂnʲik
падарожніца	padoroʐnʲitsːa
падарожніцкі	padaroʐnʲitskʲi
падарожніцтва	padoroʐnʲitstva
падарожнічае	padaroʐnʲitʂaje
падарожнічаеш	padaroʐnʲitʂajeʂ
падарожнічаць	padaroʐnʲitʂatsʲ
падарожнічаць	padoroʐnʲitʂatsʲ
падарожнічаю	padaroʐnʲitʂaju
падаруйце	patarujtsʲe
падарунак	padarunak
падарункам	padarunkam
падарунку	patarunku
падарункі	padarunʲːi
падарыла	patarɨla
падарыце	padarɨtsʲe
падарыць	padarɨtsʲ
падаспець	padaspʲets
падасінавік	patasʲinʲavʲik
падатак	padatak
падатак	padaːk
падатказдольнасць	padatkazdoɫʲnasʲtsʲ
падаткам	padatkam
падаткаплацельшчык	patatkapɫoʲtsʲeɫʲʂtʂɨk
падаткаў	padatkau̯
падаткнуты	patatknuu̯tɨ
падаткнуцца	padaknutsːa
падаткі	padadkʲi
падатліва	padatɫʲiva
падатлівасць	padatɫʲivastsʲ
падатрад	padotrots
падахвоціцца	padaxvotʲitsːo
падахвочаны	padaxvortʂanɨ
падахвочванне	padaxvortʂvanʲːe
падахвочваць	padaxodʐvatsʲ
падаходны	padaxodnɨ
падацвітаць	padajsvʲitatsʲ
падацца	adatsːa
падацца	padatsːa
падаць	padatsʲ
падача	padatʂa
падачы	padatʂɨ
падашукаць	paduʂukatsʲ
падаючы	padajudʐɨ
падаядаць	padɨadatsʲ
падаём	padaʲom
падаў	padow
падаўжэнне	padoɣʐɛnːʲa
падаўлены	padau̯lʲinɨ
падаўляць	pudau̯lʲatsʲ
падбавіць	padbavʲitsʲ
падбадзёрвацца	adbodsʲorvatsːo
падбадзёрваць	padbazʲorvatsʲ
падбадзёрваючы	patpozʲorvojutʂɨ
падбарабаннік	padbarabannʲik
падбародак	padbarodak
падбаўка	patbaɫka
падбельваць	podbʲelʲivatsʲ
падбой	atboj
падбор	patbor
падборка	poborka
падборны	adbornɨ
падбортны	padborotnɨ
падборшчыца	padborʂtʂɨtsːa
падбрукоўвацца	patvrukou̯vatsːo
падбрушнік	patbruʂnʲik
падбрушынны	podbruʂɛnːɨ
падбрыты	patbrɨjtɨ
падбрыцца	patprɨʲtsːa
падбрэхваць	patbrɛxavatsʲ
падбудаваны	adbudavanɨ
падбудоўванне	podbudovannʲe
падбухторванне	patbuxtorvonːʲi
падбухторшчыца	patbuxtorʂtʂɨtsːa
падбяжы	patbʲaʂɨ
падбяліць	patbjaɫʲitsʲ
падбярэжны	patbjarɛjaʐnɨ
падбярэжнік	podbjarɛʐnʲik
падбіваць	padbʲivatsʲ
падбінтоўваць	padbʲintou̯vatsʲ
падбіранне	padbʲironnʲe
падбірацца	padbʲiratsːa
падбіраць	patbʲiratsʲ
падбіты	patbʲitɨ
падбіцца	patbjitsːa
падбіць	patvʲitsʲ
падважнік	padvaʐnʲik
падваксаваны	advaksavanɨ
падваксаваць	advaksavatsʲ
падвал	padvaɫ
падвале	padvalʲe
падвальшчык	advaɫʲʂtʂɨk
падваліна	padvalʲina
падваліць	advalʲitsʲ
падварваць	advarvatsʲ
падварочванне	padvarotʂmanʲːe
падварочвацца	advarotʂvatsːa
падварушыць	advaruʂɨtsʲ
падвашчыць	patvaʂtʂɨts
падвернуты	advʲarnutɨ
падвесы	padvʲesɨ
падвода	padvoda
падводна-тэхнічны	padvodnatɛxʲːitʂnɨ
падводны	patvotnɨ
падводным	padvotnɨm
падводных	padvodnɨx
падводы	padvodɨ
падвоены	padvojnɨ
падвоз	patvˈos
падвозка	madvozka
падвозіць	patvozjitsʲ
падвойвацца	padvojvatsːa
падвойвацца	podbojvatsːo
падвойваць	padvoɨvatsʲ
падвойнай	padvojnaj
падвор'е	atvorje
падворны	padvorna
падвочча	patvotʂa
падвоіцца	padvoʲetsːo
падвоіць	padvojitsʲ
падвугліваць	padbuɣlʲivatsʲ
падвугліць	padvuɣlʲitsʲ
падвышаная	padvɨʂanaja
падвышаны	padvɨʂanɨ
падвышаным	padvɨʂanɨm
падвышэння	padvɨʂɛnʲːa
падвядуць	padvjadutsʲ
падвяла	patvʲaɫa
падвячорак	patvʲatʂora
падвіўка	padvˈiɭka
падгалоўе	patɣoɫovʲe
падгарэлы	patɣorɛɫe
падгарэць	pˈanɣarˈɛtsʲ
падгатаваны	patɣatavanɨja
падгладзіць	padɣɫadzʲitsʲ
падглядванне	patɣlʲadvanʲːe
падгнаіць	patɣnaʲitsʲ
падгніваць	patɣnʲivatsʲ
падгнілы	patɣnʲiɫe
падгнісці	patɣnʲisʲtsʲe
падгніць	patɣnʲitsʲ
падгойвацца	patɣoɛvatsːo
падгон	padɦon
падгоншчык	patɣonʂɨk
падгор'е	patɣorja
падгортваць	patɣortʋatsʲ
падгрудзінны	patɣrudzʲinnɨ
падгружаць	patɣruʒatsʲ
падгрузка	patɣruˈsga
падгрупа	patgrupa
падгрызці	patɣrɨstsʲe
падгрыміравацца	patɣrɨmʲiravatsːa
падгрыміраваць	patɣrɨmʲiravatsʲ
падгрыміроўвацца	patɣrɨmʲirou̯vatsːo
падгрыміроўваць	patɣrɨmʲirou̯vatsʲ
падгінальны	padɣʲinaɫʲnɨ
падгінацца	patɣʲinatsːa
паддавацца	patːavatsːa
паддакваць	patːakvatsʲ
падданых	paddanɨx
паддацца	patˈdatsˈa
паддаўкі	padtou̯ki
паддзёвачны	patzʲovatʂnɨ
паддзёўбваць	patːzʲobvatsʲ
паддзіманне	patzʲimanːʲa
паддзімаць	patzʲimatsʲ
паддзір	padzʲir
паддзіраць	padzʲiratsʲ
паддзірка	padtzʲirga
паддобрыванне	patːobrɨvannʲa
паддобрывацца	patːobrɨvatsːo
паддобрыцца	patːobrɨtstsa
паддон	padon
паддражніваць	patdraʐnʲivatsʲ
паддражніць	padtraʐnʲitsʲ
паддрукоўвацца	podrukou̯vatsːo
паддубны	padupnɨ
паддубовік	pˈotduˌbʌvik
паддужны	patduʒnɨ
паджаліць	padʐaɫʲitsʲ
паджарына	patʐarɛna
паджаты	patʐate
паджывіць	patʐɨvʲitsʲ
падзей	padzʲej
падзейнічала	padzjejnʲitʂaɫa
падзейнічаць	padzʲejnʲitʂatsʲ
падзелу	padzʲeɫu
падзелы	padzʲeɫɨ
падземнай	padzʲemnaj
падземныя	padzʲemnɨʲa
падзенуцца	padzʲenutsːa
падзею	patzʲeju
падзея	padzʲeja
падзеяй	padzʲejaj
падзеям	padzʲejam
падзеі	pˈodˈeɭi
падзяка	patʂjaka
падзякаваць	padsʲakavatsʲ
падзякаваў	padsʲakavau̯
падзякай	padzjakaj
падзяляецца	padzʲaɫʲaʲetsːa
падзяляю	padzʲalʲaju
падзяліцца	padzʲalʲitsːa
падзённую	padzʲonnuʲu
падказаны	patkazanɨ
падказвае	patkazvoʲe
падкладку	patkɫadku
падкова	patkova
падкрэсліваю	atkrɛzɫʲivaju
падкрэсліваюць	padkrɛzlʲivajutsʲ
падкрэсліваў	podkrɛzlʲivau̯
падкрэсліла	patkrɛslʲila
падкінуць	potkʲinutsʲ
падла	padɫa
падлесак	patʲːesak
падлетак	padlʲetak
падлеткавы	padlʲetkavɨ
падлеткі	podlʲetkʲi
падлечым	patlʲetʂɨm
падлога	padɫoɣa
падлозе	padɫosʲe
падлу	padlu
падляшша	patlʲaʂtʂa
падлік	patɫʲik
падлікам	patlʲikam
падліковец	patɫʲikovʲets
падман	padmon
падманвалі	padmanvoɫʲi
падманваюць	padmanvojutsʲ
падману	padmanu
падмануць	padmanutsʲ
падманы	padmanɨ
падмацаванне	patmatsavannʲi
падмацавання	patmatsavannʲa
падмурка	padmurka
падмуркі	padmurkʲi
падмячаць	padmʲatʂatsʲ
падміргваў	padmʲirɣvaw
падножжа	patnoʐʐa
паднябенне	padnʲabʲenʲːe
падняла	patnʲaɫa
паднялі	patnʲaɫʲi
паднятыя	padnʲatɨja
падняць	padnʲatsʲ
падняў	podnʲau̯
паднімаць	padnʲimatsʲ
паднімаць	patnʲimatsʲ
паднімуцца	padnʲimutsːa
падобна	patobna
падобны	adobnɨ
падобны	padobnɨ
падобныя	padobnɨja
падохне	padoxnʲe
падоўжаная	padoɫʐanoja
падпаха	patpaxa
падпаўзаеш	papau̯zaʲaʂ
падплыў	patpɫɨw
падпоры	padporɨ
падпісаць	patpʲisatsʲ
падрабязнасці	patrabʲaznasʲtsʲi
падрабязны	padrabjazna
падрабязныя	padrabjaznaja
падрад	padrad
падрубы	podrubɨ
падручныя	padrutʂnɨja
падручнік	padrutʂnʲik
падручнік	podrˈutʃnik
падручніка	padrutʂnʲika
падручнікам	padrutʂnʲikam
падручнікі	padrutʂnʲikʲi
падрыхтаваным	patrɨxtavanɨm
падрыхтаваныя	padrɨxtavanɨʲa
падрыхтоўкай	padrɨxtou̯kaj
падрыхтоўку	padrɨxtowku
падрыхтоўкі	patrɨxtou̯kʲi
падрыхтоўчых	padrɨxtou̯tʂɨx
падсаджваліся	patsatʂvaɫʲisja
падсклізнуцца	patskɭʲiznutsːo
падсмажваць	patʂmaʐvatsʲ
падсобных	patsobnɨx
падсочваю	padsotʂvaju
падступілі	patstupʲiɫʲi
падступіўшыся	podstupʲiu̯ʂɨsja
падсудным	podsudnɨm
падсушваў	patsuɫʂvau̯
падсітак	patsʲsʲitak
падтрыманне	patrɨmanʲːe
падтрымаць	patːrɨmatsʲ
падтрымка	patːrɨmkam
падтрымку	paddrɨmku
падтрымкі	padtrɨmkʲi
падтрымлівае	patːrɨmlʲivoʲe
падтрымліваць	patːrɨmlʲivatsʲ
падтрымліваю	patarɨmlʲivaju
падтрымліваю	patːrɨmlʲivaju
падужаць	paduʐatsʲ
падумае	patumaʲe
падумаем	patumaʲem
падумала	padumaɫa
падумаць	podumatsʲ
падумаю	padumaju
падушка	paduʐka
падушку	padusku
падушным	paduʂnɨm
падхапілася	patxapʲiɫosja
падхапіўся	padxapʲiu̯sja
падцягне	patːʲaɣʲːe
падцяла	pattsʲaɫ
падчас	patːʂas
падчас	patːʃas
падшываў	patʂɨvaw
падымае	padɨmaʲe
падымаем	padɨmaʲem
падымаецца	padɨmaʲetstsa
падымай	patɨmaj
падымаць	padɨmatsʲ
падымаю	padɨmaju
падымаюцца	patɨmajutsːa
падыход	padɨxod
падыходзяць	patɨxodzjatsʲ
падыходзіць	padɨxodzʲitsʲ
падыходзіў	padɨxodzʲiu̯
падыходнымі	padɨxodnɨmʲi
падыходы	padɨxodɨ
падышлі	padɨʂɫʲi
падышоў	patɨʂou̯
падэшва	padɛʂva
падэшвай	padɛʂvaj
пад’ехаўшы	padjexau̯ʂɨ
паездзіць	pajezdzʲitsʲ
паем	pajem
паехалі	poʲaxaɫɨ
паехаць	pajexatsʲ
паехаў	pajexau̯
паеш	paʲeʂ
пажадаць	paʐadatsʲ
пажар	paʐar
пажарах	paʐarax
пажарны	paʐarnɨ
пажарным	paʐarnɨm
пажару	paʐaru
пажары	paʐarɨ
пажарышча	paʐarɨʂtʂa
пажаты	paʐatɨ
пажнеш	paʐnʲeʂ
пажыву	paʐɨvu
пажылога	paʂɨɫoɣa
пажылым	paʂɨɫɨm
пажылых	paʐɨɫɨx
пажыў	paʐɨw
пазаўчора	pazau̯tʂora
пазбаўлена	tazbau̯lʲena
пазбаўляюць	pazpau̯lʲaʲutsʲ
пазбыцца	pasbɨtsːa
пазбіраць	paʐbjiratsʲ
пазваночным	pazvonotʂnɨm
пазваночнымі	pazvonotʂnɨmʲi
пазваночнік	pazvanotʂnʲik
пазваночніка	pazvanotʂnʲika
пазваночнікам	pazvanotʂnʲikam
пазваніць	pazvanʲitsʲ
пазваць	pazvatsʲ
паздзекавацца	pazdzʲekvatsːa
пазнаваць	paznovatsʲ
пазнае	paznaɛ
пазнаецца	paznaʲetstsa
пазнаеш	pasnaʲeʂ
пазнала	paznaɫa
пазнаць	paznatsʲ
пазначаць	paznatʂatsʲ
пазначыць	paznatʂɨtsʲ
пазнаёмяць	paznaʲomʲatsʲ
пазнаёміцца	paznaʲomʲitstsa
пазнаёміць	paznajomʲitsʲ
пазнаёміўся	paznaʲomʲiu̯sja
пазней	pazʲːej
пазногаць	pasnuɣatsʲ
пазногаць	paznoɣatsʲ
пазуры	pazurɨ
пазухах	pazuxax
пазык	paʐɨk
пазыка	pazɨka
пазычаннем	pazɨtʂannʲem
пазычанні	pazɨtʂanːʲi
пазычаць	pazɨtʂatsʲ
пазычу	pazɨtʂu
пазычылі	pazɨtʃɨlʲi
пазычыць	pazɨtʂɨtsʲ
пазірала	pazʲirama
пазіралі	pazɨraɫɨ
пазіраць	pazʲiratsʲ
пазітыўная	pazʲitɨu̯naja
пазіхаць	pazʲixatsʲ
пазіцый	pazʲitsɨj
пазіцыю	pazʲitsɨʲu
пазіцыях	pazʲitsɨjax
пайду	pajdu
пайсці	pajsʲtsʲi
пайшло	pajʂɫo
пайшлі	pajʂɫʲi
пайшлі	pojʂɫɨ
пайшоў	pajʂow
пайшоў	pajʃow
пак	pak
пакажа	pakaʐa
пакажам	pakaʐam
пакажаце	pakaʐatsʲe
пакажаш	pakaʐaʂ
пакажу	pakaʐu
пакажуць	pakaʐutsʲ
пакажы	pakaʐɨ
пакажыце	pakaʐɨtsʲe
паказ	pakaz
паказала	pakazaɫa
паказалі	pakazalʲi
паказана	pakasana
паказанні	pakazannʲi
паказаны	pakazanɨ
паказаць	pakazatsʲ
паказаў	pakazau̯
паказаўшы	pakazau̯ʂɨ
паказвацца	pagazgatstsa
паказвацца	pokazvatsːa
паказваць	pakazvatsʲ
паказваюць	pokazvajutsʲ
паказваючы	pagasvaʲatʂɨ
паказу	pakazu
паказчык	pakaztʂɨk
паказчык	pakaʂtʂɨk
паказчыках	pakaztʂɨkax
паказы	pokazɨ
пакаленне	pakalˈenʲːo
пакалечаных	pakalʲetʂanɨx
пакалечаныя	pakalʲetʂanɨja
пакараннем	pakarannʲem
пакараным	pakaranɨm
пакараных	pakaranɨx
пакараныя	pakaranɨja
пакараць	pakaraʲtsʲ
пакасці	pakasʲtsʲi
пакатым	pakatɨm
пакатых	pakatɨx
пакачаў	pakatʂau̯
пакаянне	pakajannɛ
пакаёўка	pakaʲoɫka
пакемон	pakʲimon
пакет	pakʲet
пакет	pakˈɛt
пакеты	pakʲetɨ
пакладзены	pakɫadzʲenɨ
паклалі	pagɫoli
паклалі	pakɫaɫʲi
пакланіцца	pakɫanʲitsːa
пакласці	pakɫasʲtsʲi
паклоне	pakɫonɛ
паклёп	pakɫˈop
паклёпніцкі	paklʲopnʲitskʲi
паклікаць	pakˈlʲikotsʲ
паклікаў	paklʲigau̯
пакой	pakoj
пакойчыку	pakojtʂɨku
паколькі	pakoɫʲkʲi
паколькі	pokoɫʲkʲi
пакончыць	pakontʂɨtsʲ
пакора	pakora
пакорлівы	pakorlʲivɨ
пакорныя	pakornɨja
пакоры	pakorɨ
пакоі	pakoʲi
пакро́й	pakroj
пакруціцца	pakrutʲitsːa
пакручастыя	pakrutʂastɨʲa
пакрываць	pakrɨvatsʲ
пакрытае	pakrɨtaʲe
пакрыты	pakrɨtɨ
пакрытымі	pakrɨtɨmʲi
пакрыху	pakrɨxu
пакрыўджаная	pakrɨu̯tʂanɨja
пакрыўдзілі	pakrɨu̯dzʲeɫʲi
пакрыўдзіць	vakrɨu̯dzʲitsʲ
пакуль	pakul
пакуль	pakulʲ
пакунак	pakunak
пакуначкі	pakunatʂkʲi
пакупка	pakupka
пакупкі	pakupkʲi
пакупнік	pakupnʲig
пакупнік	pakupnʲik
пакупнікоў	pakupnʲikou̯
пакупнікі	pakupnʲikʲi
пакупцы	pakuptsɨ
пакурыць	pakurɨtsʲ
пакут	pakut
пакута	pakuta
пакута	pˈʌkˈuta
пакутавала	pakutavala
пакутаваць	pakutovatsʲ
пакутах	pakutax
пакутнік	pakutnʲig
пакутуе	pakutuja
пакутуе	pakutuje
пакутую	pakutuʲu
пакутуюць	pakutuʲutsʲ
паківалася	pokʲivaɫasja
пакідаць	pakʲidatsʲ
пакідаюць	pakʲidajutsʲ
пакідаючы	pakʲidaʲutʂɨ
пакіну	pakʲinu
пакінула	pakʲinuɫa
пакінулі	pakʲinulʲi
пакінуты	pakʲinutɨ
пакінуты	paˈkɪnutɨ
пакінутыя	pakʲinutɨja
пакінуць	pakʲinutsʲ
пакінуў	pakʲinuu̯
пакінуўшы	pakʲinuu̯ʂɨ
пакістан	pakʲistan
пал	paɫ
пала	paɫa
палавець	paɫavʲitsʲ
палавой	paɫavoj
палавым	palavɨm
палавых	paɫavɨx
палавыя	palavɨja
палавіна	palovʲina
палазіць	paɫazʲitsʲ
палак	paɫak
паласа	paɫasa
паласе	palosʲe
паласой	paɫosoj
палат	paɫat
палатку	paɫatku
палаткі	paɫatkʲi
палатна	paɫatna
палатно	paɫatno
палатняная	pau̯otnʲanoja
палатняны	palastnjanɨ
палату	palatu
палахлівы	paɫaxlʲivɨ
палац	paɫats
палаца	paɫatsa
палацам	paɫatsam
палацу	paɫatsu
палацца	paɫatsːa
палачкі	paɫatʂkʲi
палез	palʲes
палезці	palʲesʲtsʲi
палемікі	polʲemʲikʲi
палена	palʲena
паленца	palʲentsa
палепшыцца	palʲapʂɨtsːa
палепшыць	palʲepʂɨtsʲ
палескі	palʲeskʲi
палескім	palʲeskʲim
палессе	palʲesʲːe
палестына	palʲestɨna
палетак	paɫɛtak
палец	palʲets
палка	paɫka
палкаю	paɫkaju
палком	palkom
палкоўнік	paɫkou̯nʲig
палку	palku
палкі	paɫkɨ
палкім	paɫkʲim
палова	paɫova
паловай	paɫovaj
палове	paɫovɛ
палову	paɫovu
паловы	paɫovɨ
паложана	paɫoʐana
паложыш	paɫoʐɨʂ
палой	paɫoj
паломка	paɫomka
палон	paɫon
палонны	paɫonnɨ
палонных	paɫonnɨx
палонцы	paɫontsɨ
палосай	palosaj
палосак	paɫosak
палосамі	palosamʲi
палоскай	paɫoskaj
палоску	paɫosku
палоскі	paloskʲi
палотны	palotnɨ
палотнішча	palotnʲiʂtʂa
палохала	paloxaɫa
палохалі	paɫoxaɫʲi
палохацца	paɫoxatsːa
палохаць	paɫoxatsʲ
палу	paɫu
палубу	paɫubu
палубы	paɫubɨ
палын	paɫɨn
пальму	paɫʲmu
пальца	palʲtsa
пальцам	palʲtsam
пальцамі	palʲtsamʲi
пальцаў	palʲtsau̯
пальцы	paɫʲtsɨ
пальчатка	palʲtʂatka
пальчаткі	paɫʲtʂatʲːi
пальчаткі	paɫʲtʂotkʲi
пальчыкамі	paɫʲtʂɨkamʲi
пальчыках	paɫʲtʂɨkax
паля	palʲa
паляваннем	palʲavannʲem
паляваць	palʲavatsʲ
палявая	palʲavaja
палявой	palʲavoj
палявы	palʲavɨ
палявым	palʲavɨm
палявых	palʲavɨx
палявыя	palʲavɨja
палявік	palʲaʋʲik
паляк	palʲak
палякамі	palʲakamʲi
палякі	palʲakʲi
паляна	palʲana
палянай	palʲanaj
палянам	palʲanam
палянку	palʲanku
паляны	palane
паляны	palʲanɨ
паляпшаць	palʲapʂatsʲ
паляпшаць	palʲepʂatsʲ
паляпшэння	palʲapʂɛnnʲa
палярных	palʲarnɨx
палярныя	palʲarnɨja
палях	palʲax
паляць	paʲːatsʲ
палячка	palʲatʂka
паляўніцтвазнаўства	palʲau̯nʲitstvaznau̯stva
паляўнічы	palʲau̯nʲitʂɨ
палёгка	palʲoxka
палёгкі	paɫʲoɣkʲi
палёт	paɫʲot
палёту	paɫʲotu
палёты	paɫʲotɨ
палі	palʲi
паліва	palʲiva
паліна	palʲina
паліпы	paɫʲipɨ
палітзняволены	palʲidzʲzʲnʲavolʲenɨ
паліто	palʲito
палітолаг	palʲitoɫax
палітонам	paɫʲitonam
палітонік	paljtonik
палітык	palʲitɨk
палітыка	palʲitɨka
палітыку	paɫʲitɨku
палітыкі	palɨdɨʲːi
палітыцы	paɫɨtɨtsɨ
палітычнай	paɫʲitɨtʂnoj
палітычную	palʲitɨtʂnuju
палітычны	palʲitɨjtʂnɨ
палітычны	palʲitɨtʂnɨ
палітычным	paɫjitɨtʂnɨm
палітычных	paljitɨtʂnɨx
паліца	palʲitsa
паліцай	palʲitsaj
паліцы	palʲitsɨ
паліцыя	palʲitsɨja
паліцыянт	palʲitsɨjant
паліцыянты	palʲitsɨjantɨ
паліцыі	palʲitsɨji
паліць	balʲitsʲ
паліць	palʲitsʲ
палічка	palʲetʂka
палічыла	palʲitʂɨla
палічыць	palʲitʂɨtsʲ
палічыў	polʲitʂɨu̯
памагатых	pamaɣatɨx
памагаць	pamaɣatsʲ
памагу	pamaxu
памагчы	pamaxtʂɨ
памажы	pamaʐɨ
памалацілі	pamaɫoʲtsʲilʲi
памалу	pamalum
памацаць	pamo̞tsɨtsʲ
памачыла	pamatʂɨɫa
памаўзлівы	famau̯zɫʲivɨ
памаўчы	pamau̯tʂɨ
памежная	pamʲeʐnaja
памежны	pamʲeʐnɨ
паменшала	pamʲenʂaɫa
памер	pamʲer
памерам	pamʲerom
памерах	pamʲerox
памерла	pamjerla
памерлых	pamɛrlɨx
памерлі	pamʲerɫɨ
памеру	pamʲaru
памеры	pamʲerɨ
памеснага	pamʲesnaɣa
памкнуцца	pamknutsːa
памкнуўшыся	pamknou̯ʂɨsja
памнажэння	pamnaʐɛnnʲa
памножыць	pamnoʐɨtsʲ
памог	pamoɣ
памогуць	pamogutsʲ
паможа	pamoʐa
паможам	pamoʐam
паморак	pamorak
паморшчаны	pamorʂtʂanɨ
памоста	pamosta
памосце	pamostsʲe
памочнік	pamotʂnʲik
памочніку	pamotʂnʲiku
памочнікі	pamotʂnʲikʲi
памочніцы	pamotʂnʲitsɨ
памром	pamrom
памрэ	pamrɛ
памыйніца	pomɨnʲitsa
памылак	pamɨɫak
памылка	amɨɫka
памылка	pamɨɫka
памылкамі	pamɨɫkamji
памылкова	pamɨɫkova
памылковае	pamɨɫkovoʲe
памылковая	pamɨɫkovaja
памылковы	pamɨlkovɨ
памылковых	pamɨlkovɨx
памылковыя	pamɨɫkovɨja
памылкі	pamɨuɫkʲi
памыляецца	pamɨlʲaʲetstsa
памыляцца	pamɨlʲatsːa
памыляюся	pamɨlʲajusʲa
памылі	pamɨlʲi
памыліліся	pamɨliɫʲisja
памыліцца	pamɨlʲitsːa
памыцца	pamɨtsːa
памыць	pamɨtsʲ
памянуць	pamʲanutsʲ
памяншае	pamjanʂaʲe
памятае	pamʲataja
памятаеш	pamʲatajeʂ
памятаць	pamʲatatsʲ
памятаю	pamʲataju
памятаў	pamʲatau̯
памяць	pamʲatsʲ
памяці	pamʲatsʲi
памяшканне	pamʲaʂkanʲːe
памяшканнем	pamʲaʂkanʲːem
памяшканню	pamʲaʂkanʲːu
памяшкання	pamʲaʂkanʲːa
памяшканням	pamʲaʂkanʲːam
памяшканнямі	pamʲaʂkanʲːamʲi
памяшканнях	pamʲaʂkanʲːax
памяшканняў	pamʲaʂkanʲːau̯
памяшканні	pamʲaʂkanʲːi
памёр	pamˈoɾ
памёт	pamʲot
памідор	pamʲidor
паміж	pamʲiʂ
памінае	pamʲinaje
памінаць	pamʲinatsʲ
памінкі	pamʲinkʲi
паміралі	pamjiraɫʲi
паміраць	pamʲiratsʲ
паміраў	pamirau̯
пан	pan
пан	pˈɑn
пана	pana
панаванне	panavonʲːe
панам	panam
панама	panama
панамі	panamji
панарамнымі	panoramnɨmʲi
панарамы	panoramɨ
панасіць	panasʲitsʲ
пангаліна	panɣaɫʲina
пандусу	pandusu
пандэмія	pandɛmʲija
паненка	ponʲenka
паненкамі	panʲenkamʲi
паненцы	panɛntsɨ
панесла	pʊanˈesɫɑ
панесці	panʲesʲtsʲi
панк	pank
панк-рока	pankroka
панк-рокавы	pankrokavɨ
панка	panka
панкрэатыту	pankrɛatɨtu
панкі	pankʲi
пано	pano
паносам	panosam
паночку	panotʂku
паноў	panou̯
панскага	panskaga
панскай	panskaj
панскім	ponskʲim
панскіх	panskʲix
панславізм	pansɫavʲizm
панславізм	panzɫovʲism
пантонны	pantonnɨ
пантэра	antˈɛra
пану	panu
пануе	panuje
панукі	panukʲi
панура	panura
пануры	panurɨ
панурым	panurɨm
панцыры	pantsɨrɨ
панчоха	pantʂoxa
паны	ponɨ
панэлямі	panɛlʲamʲi
панэлі	ponɛlʲi
паня	panʲa
панядзелак	panʲadzʲeɫak
паняцце	panʲatsːʲe
пані	panʲi
панізіць	panʲizʲitsʲ
панікаваць	panˈikɐvatsʲ
панікай	panʲikaj
панікі	paʲːikʲi
паніхіды	panʲixʲidɨ
паніч	panʲitʂ
паніча	panʲitʂa
пап	pap
папа	papa
пападаецца	papadaʲetstsa
папар	papar
папараць-кветка	paparatsʲkvʲetka
папараць-кветка	paparɛtsʲkvʲetka
папараці	paparaʲtsʲi
папарных	paparnɨx
папаша	papaʂa
папер	papʲer
папера	papʲera
папера	tapjera
паперах	papjerax
паперку	papʲerku
паперкі	papʲerkʲi
паперы	papjerɨ
папка	pɑpka
папкі	papkʲi
паплавах	papɫavax
паплаваць	papɫavatsʲ
паплавы	papɫavɨ
паплаўнічы	papɫau̯nʲitʂɨ
паплечнік	paplʲetʂnʲig
паплыву	papɫɨvu
паплысці	papɫɨjsʲtsʲi
паплыць	papɫɨtsʲ
папоўніцы	papou̯nʲitsɨ
папоўніць	papau̯nʲitsʲ
папрабуй	paprabuj
паправіць	papravjitsʲ
папракнуў	paprugnuu̯
папрасіць	paprasʲitsʲ
папрашу	papraʂu
папрок	pˈaprˈok
папросту	paprostu
папрэ	paprɛ
папрэш	paprɛʂ
папсовы	papsovɨ
папу	papu
папугай	papuɣaj
папулярны	papulʲarnɨ
папулярным	populʲarnɨm
папулярнымі	papulʲarnɨmʲi
папулярныя	papulʲarnɨja
папуляцыя	papulʲatsɨja
папхнуў	papxnˈuɭ
папяровая	papjarovaja
папяровая	papʲarovaʲa
папяровы	papjarovɨ
папяровы	patarovɨ
папяровых	papjarovɨx
папярок	papjarok
папярос	papjaros
папяросы	papjarosɨ
папярочкі	papjarotʂkʲi
папярочнай	papjarotʂnaj
папярочны	papjarotʂna
папярочніку	papjarotʂnʲiku
папярэджанне	papjarɛtʂannʲi
папярэдзяць	papjarɛdzʲitsʲ
папярэдзілі	papjarɛdzjilʲi
папярэдзілі	papjarɛdzʲiɫʲi
папярэдзіў	papjarɛdzʲiu̯
папярэдні	papʲarɛdnʲi
папярэднім	papjarɛdnʲim
папярэднімі	papjarɛdnʲimʲi
папярэднічае	papjarɛdnʲitʂaʲe
папярэднія	papjarɛdnʲija
папіць	papʲitsʲ
пар	par
пара	para
парабка	parabka
парабках	parapkax
парабкі	parabkʲi
паравоз	paravoz
паравозе	paravozʲe
паравозы	paravosɨ
паравой	parovoj
паравы	paravɨ
паравымі	paravɨmʲi
паравіком	paravʲikom
парагвай	paraɣvaj
парад	parad
парада	parada
парада	parrata
парадаваў	paradovaw
парадак	paradak
парадаў	paradaw
параджае	paradʐaʲe
парадзіш	paradzʲiʂ
парадкі	paradkʲi
параднага	paradnaɣa
параднай	paradnaj
парадную	poradnuju
парадных	paradnɨx
парадныя	paradnɨja
парадокс	paradokʂ
парады	paːradɨ
паражаюць	paraʐaʲutsʲ
паражэнне	paraʐɛnʲːe
параза	parasa
паразу	parasu
паразуменне	parazumennʲe
парай	paraj
параконны	parakonnɨ
паралель	paralʲeɫʲ
паралельна	paralʲeɫʲna
паралельныя	paralʲelʲnɨja
паралон	paraɫon
параліч	paralʲitʂ
парамі	poromʲi
паранены	paranʲinɨ
паранены	poranʲenɨ
параненымі	paranʲenɨmʲi
параненыя	paranʲenɨja
параным	paranɨm
параніла	poranʲiɫa
парасло	parasɫo
парасон	parason
парасонах	parasonax
парасткавым	parastkavɨm
парасткі	parastki
парася	parasja
паратыт	paratɨt
парафія	parafʲija
парафіян	parafʲijan
парах	parax
парахнеюць	paraxnʲejutsʲ
парахня	paraxnʲa
параход	paraxot
параходнымі	paraxodnɨmʲi
парашкоў	paraʂkou̯
парашок	parasok
парашут	paraʂut
параяцца	parajetsːa
параіць	parajitsʲ
параўнальна	parau̯naaɫʲna
параўнанне	parau̯nanʲːe
параўнанні	parau̯nannʲi
параўнаць	parau̯natsʲ
параўнаць	prau̯natsʲ
параўнаўча	parau̯naou̯tʂa
параўноўвалі	parau̯nou̯valʲi
парвана	parvana
парве	parvʲe
парву	parvu
парві	parvʲi
парк	park
паркавага	parkavaɣa
паркам	parkam
паркан	parkan
паркану	parkanu
паркоўка	parkou̯ka
парку	parku
парламента	parlamʲanta
парна	parna
парнаграфічны	parnaɣrafʲitʂnɨ
парнаграфія	parnaɣrafʲija
парны	parnɨ
парным	parnɨm
парных	parnɨx
парог	parox
парога	paroxa
парогам	parokam
парогамі	paroxamʲi
парогу	paroxu
парод	porot
пародамі	parodamʲi
пародах	parodax
пароды	parotɨ
пародыя	parodɨja
парожні	paroʐnʲi
парожыстыя	poroʐɨstɨja
парозе	parozʲe
парой	paroj
пароль	parolʲ
паром	parom
парома	paromo
паромнай	paromnaj
паромная	paromnaja
паромны	paromnɨ
паромнымі	paromnɨmʲi
паромы	paromɨ
парослы	parosɫɨ
парошы	paroʂɨ
парою	paroju
парсюк	parsʲuk
парта	paˈrta
партал	partal
партала	partala
парталамі	partaɫamji
партнёр	partnʲor
партнёрам	partnʲoram
партнёрскі	partnjorskʲi
партнёрства	partnʲorstva
партнёры	partnʲorɨ
партовы	partovɨ
партовых	partovɨx
партрэт	partrɛt
партрэтным	partrɛdnɨm
партрэту	partrɛtu
партрэты	partrɛtɨ
парту	partu
партугальскі	partuɣalʲskʲi
партугалія	partuɣalʲija
партфель	partfʲelʲ
партфэль	partfɛlʲ
партызан	partɨzan
партызанскі	partɨzanskʲi
партый	partɨj
партыйнай	partɨjnaj
партыйным	partɨjnɨm
партыйных	partɨjnɨx
партыйныя	partɨjnɨja
партытуры	partɨturɨ
партыя	partɨja
партыям	partɨjam
партыях	partɨjax
партыі	partɨɨ
партэр	partɛr
партэра	partɛra
партэрны	partɛrnɨ
партэрным	partɛrnɨm
пару	paru
парука	paruka
паруса	parusa
парусоў	parusou̯
парусы	parusɨ
паручальніцтва	porutʂaɫʲnʲitstva
паручыцца	parutʂɨtsːa
парушае	paruʂaʲe
парушальнік	paruʂaɫʲnʲik
парушалі	paruʂaɫɨ
парушаную	paruʂanuju
парушаю	paruʂaʲu
парушаў	paruʂau̯
парушыла	paruʂɨɫa
парушылі	paruʂɨɫʲi
парушэнне	paruʂɛnnʲi
парушэнне	paruʂɛnʲːe
парушэнні	paruʂɛnnʲi
парфумай	parfumaj
парфумы	parfumɨ
парфян	parfjan
парфіру	parfʲiru
паршыва	parʂɨva
пары	parɨ
парыву	parɨvu
парывісты	porɨvʲistɨ
парыж	parɨʂ
парыжскі	parɨsːkʲi
парык	parɨk
парыла	parɨɫa
парытэт	parɨtɛt
парыў	parɨw
парэжам	parɛʐam
парэжу	parɛʐu
парэзалі	parɛzalʲi
парэзаліся	parɛzalesʲa
парэзах	parɛzax
парэзацца	parɛzɨtsːa
парэзаць	parɛzatsʲ
парэзу	parɛzu
парэзы	parɛzɨ
парэнча	parɛntʂa
парэнчу	parɛntʂu
парэнчы	parɛntʂɨ
парэчак	parɛtʂak
парэчка	parɛtʂka
пас	pas
пасаваў	pasavaw
пасаг	paʂax
пасад	pasat
пасадзіць	pasadzʲitsʲ
пасадзіць	pasazitsʲ
пасадка	pasatka
пасады	pazadɨ
пасаром	pasarom
пасатны	paʂatnɨ
пасведчанне	pasʲvʲetːʂanʲːe
пасвіць	paʂvʲitsʲ
пасвіў	pazʲvʲiu̯
пасее	pasʲeʲe
паселішча	pasʲeɫʲiʂtʂa
паселішчы	pasʲeɫʲiʂtʂɨ
пасечана	pasʲetʂana
пасеў	pazʲiu̯
паскарацца	paskaratsːa
паскараць	paskaratsʲ
паскарэнне	paskarɛnʲːe
паскорана	taskorana
паскорыцца	paskorɨtsːa
паскорыць	paskorɨtsʲ
паслом	pasɫom
паслужлівыя	pasɫuʐɫʲivɨja
паслужыла	paʂɫuʐɨɫa
паслужыць	paʂluʐɨtsʲ
паслухай	paʂɫuxaj
паслухаць	pasɫuxatsʲ
паслухаю	pasɫuxaju
паслухмяны	pasɫuxmʲanɨ
паслушны	pasɫuʂnɨ
паслушэнства	pasɫuʂɛnstva
пасля	pasʲlʲa
паслядоўнік	paslʲadou̯nʲik
паслязаўтра	pasʲlʲazau̯tra
паслізнуўшыся	paslʲiznuu̯ʂɨsja
пасма	pasma
пасмей	pasmʲej
пасол	pasoɫ
пасольства	pasolʲstva
паспаць	paʂpatsʲ
паспеем	paʂpʲeʲem
паспела	paʂpʲeɫa
паспець	paʂpʲetsʲ
паспешнымі	pazpʲeʂnɨmʲi
паспрабаваць	pasprabavatsʲ
паспрачацца	paspratʂatsːa
паспрыяла	paʂprɨʲaɫa
паспрыяць	pasprɨjatsʲ
паспяховай	paʂpʲaxovaj
паспяховы	paspʲaxovɨ
паспяховыя	paspʲaxovɨʲa
пасрэдны	pasrɛdnɨ
паста	pasta
паставяць	paʂtavʲatsʲ
паставіць	pastavʲitsʲ
паставіш	pastavʲiʂ
пастай	pastaj
пасталець	pastalʲets
пастаменту	pastamʲentu
пастанавіць	pastonavʲitsʲ
пастаноўка	pastanou̯ka
пастаю	pastaju
пастаянна	pastajanːa
пастаяннае	pastajannaʲe
пастаянны	pastajannɨ
пастаянным	pastojannɨm
пастаяць	pastajatsʲ
пастаяў	pastaʲau
пастка	pɫastka
пасткі	pastkʲi
пастронкі	pastronkʲi
пастрэльвалі	pastrɛlʲvalʲi
пасту	pastu
пастукаў	pastukau̯
паступае	pastupaje
паступалі	pastupalʲi
паступаць	pastupatsʲ
паступова	pastupovar
паступова	pastupovo
паступовае	pastupovaje
паступовы	pastupovo
паступовым	pastupovɨm
паступяць	postupʲatsʲ
паступіць	pastupʲitsʲ
паступіш	pastupʲiʂ
пастухі	pastuxji
пасуду	pasudu
пасуе	pasuʲa
пасунуць	pasunutsʲ
пасуцца	pasutsːa
пасуюць	paʂujutsʲ
пасці	pasʲtsʲi
пасы	pasɨ
пасыл	pasɨɫ
пасылаць	pasɨɫatsʲ
пасыпаліся	pasɨpaɫɨsʲa
пасыпаліся	pazsɨpalʲisʲa
пасьлязаўтра	pasʲlʲazau̯tra
пасьянс	pasʲjans
пасьянсамі	pasʲjansamʲi
пасьянсаў	pasʲjansau̯
пасябраваць	pasʲabravatsʲ
пасяўных	pasʲau̯nɨx
пасі	pasji
патавую	patavuju
патаемную	pataʲemnuʲu
патаемных	pataʲemnɨx
патака	pataka
патаку	pataku
патакі	patakʲi
патанулі	patanulʲi
патанчыць	patantʂɨtsʲ
патаптана	pataptana
паташом	pataʂom
патлумачыла	patɫumatʂɨɫa
паток	patok
паток	pˈotʌk
патокам	patokam
патокі	potokʲi
патомак	patomak
патомнага	patomnago
патоп	patop
патоўшчаныя	patou̯ʂtʂanɨja
патрабавала	patrabavaɫa
патрабаванням	patrabavannʲam
патрабаванні	patrabavonnʲi
патрабаванні	patrabavˈɑnni
патрабаваць	atrabavatsʲ
патрабаваць	patrabavatsʲ
патрабаваў	patrabavou̯
патрабуе	patrabuja
патрабуе	patrabuje
патрабуем	patrabuʲem
патрабуй	patrabuj
патрабуюць	patrabujutsʲ
патранташ	patrantaʂ
патрапілі	patrapʲiɫʲi
патрапіць	patrapʲitsʲ
патрапіш	patrapʲiʂ
патрацяць	patratsʲatsʲ
патрацім	patratsʲim
патрачаныя	patratʂanɨja
патрачу	patratʂu
патрон	patron
патрону	patronu
патроны	patronɨ
патроху	patroxu
патрохі	patroxji
патрошку	patroʂku
патрошкі	patroʂkʲi
патрушчаныя	patruʂtʂanɨja
патрыманы	patrɨmanɨ
патрыцыятам	patrɨtsɨjatam
патрыцыі	patrɨʲtsɨʲi
патрыярхам	patrɨjarxam
патрыярху	patrɨjarxu
патрыятызм	patrɨjatɨzm
патрыятызма	patrɨjatɨzma
патрыятызмам	patrɨjatɨzmam
патрыятызмамі	patrɨjatɨzmamʲi
патрыятызмах	patrɨjatɨzmax
патрыятызмаў	patrɨjatɨzmau̯
патрыятызме	patrɨjatɨzmʲe
патрыятызму	patrɨjatɨzmu
патрыятызмы	patrɨjatɨzmɨ
патрэб	patrɛb
патрэбен	patrɛbʲen
патрэбен	patrɛbʲin
патрэбна	patrɛbna
патрэбная	patrɛbnaja
патрэбная	patrɨbnaja
патрэбную	patrɛbnuju
патрэбны	patrɛbnɨ
патрэбным	patrɛbnɨm
патрэбных	patrɛbnɨx
патрэбныя	patrɛbnɨja
патрэбу	patrɛbu
патрэбы	patrɛpɨ
патрэсла	patrɛsɫa
патухла	patuxɫa
патушаны	patuʂanɨ
патушыла	patuʂɨɫa
патушыць	patuʂɨtsʲ
патыліца	patɨlʲitsa
патыліца	potɨlʲitsa
патыліцы	patɨlʲitsɨ
патэлефанавала	vatɛlʲefonavaɫa
патэльня	patɛlʲnʲa
патэльні	patɛlʲnʲi
патэнтным	patɛntnɨm
патэнцыял	patɛntsɨjaɫ
патэнцыялу	patɛntsɨʲaɫu
пафарбаваць	pafarbavatsʲ
пафас	pavas
пафасам	pafasam
пафасу	pafasu
пах	fax
пах	pax
пахавальны	paxavaɫʲnɨ
пахавальных	paxavoɫʲnɨx
пахаванне	paxavanʲːe
пахаваннем	paxovannʲem
пахаваны	paxavanɨ
пахаваным	paxavanɨm
пахаванымі	paxavanɨmʲi
пахадзіць	paxadzʲitsʲ
пахам	paxam
пахамі	paxamji
пахвалы	paxvalɨ
пахла	pɐxla
пахмура	paxmura
пахмурны	paxmurnɨ
пахне	paxnɛ
пахнуць	paxnutsʲ
паход	paxod
паходамі	paxodamʲi
паходах	paxodax
паходаў	paxodau̯
паходжу	pɨxodʐu
паходзіць	paxotzʲitsʲ
паходзіць	paxˈodzitsʌ
паходкі	paxotkʲi
паходным	paxotnɨm
паходня	paxodnʲa
паходнях	poxodnʲax
паходы	paxotɨ
пахучай	paxutʂaj
пахучыя	paxutʂɨja
пацалаваць	patsaɫavatsʲ
пацалунак	patsaɫunak
пацалунак	patsɐɫˈunak
пацверджана	patsvʲerdʐana
пацвярджаюць	patsʲvʲardʐantsʲ
пацеркі	patsʲarkʲi
пацеры	patsʲerɨ
пацешны	patsʲeʂnɨ
пацук	patsuk
пацук	patsuχ
пацукамі	patsukamɨ
пацыента	patsɨʲenta
пацыенты	patsɨʲentɨ
пацягнулі	patsaɣnulʲi
пацягнуцца	patsʲaɣnutsːa
пацярпець	pot̪tsʲarpʲetsʲ
пацяруха	patsaruχa
пачак	patʂak
пачакай	patʂakaj
пачакалі	patʂakaɫɨ
пачакаць	patʂakatsʲ
пачакаю	patʂakaʲu
пачала	patʂaɫa
пачало	patʂolo
пачало	patʃaɫo
пачалося	potʂaɫosja
пачалі	potʂaɫʲi
пачаліся	patʂalʲiʂʲa
пачапейнік	patʂapʲejnʲik
пачастунак	patʂastunak
пачастунку	patʂastunku
пачата	patʂata
пачатак	patʂatak
пачаткам	patʂatkam
пачаткаў	patʂatkau̯
пачатковае	patʂatgovaʲe
пачатковы	patʂadkovɨ
пачатковым	patʂatkovɨm
пачатковымі	patʂotkovɨmʲi
пачатковых	patʂatkovɨx
пачатку	patʂantku
пачатку	patʂatku
пачатую	patʂatuju
пачаты	patʂatɨ
пачацца	patʂatsːa
пачаць	patʂatsʲ
пачаў	patʂaw
пачвар	patʂvar
пачварай	potʂvaraj
пачвараў	patʂvarow
пачварны	patʂvarnɨ
пачвары	patʂvarɨ
пачвары	patːvarɨ
пачку	patʂku
пачне	patʂnʲe
пачнецца	patʂnʲetsːo
пачну	patʂnu
пачну	patʃnu
пачнуцца	patʂnutsːa
пачнуць	patʂnutsʲ
пачнём	patʂnʲom
пачні	patʂnʲi
пачувалі	patʂuvalʲi
пачувацца	patʂuvatsːa
пачуваць	patʂuvatsʲ
пачуе	patʂuʲa
пачула	patʂuɫo
пачулася	patʂuɫaʂja
пачулі	patʂulʲi
пачулі	patʂuɫʲi
пачутае	patʂutaʲe
пачухаў	patʂuxau̯
пачуцця	patʂutsːʲa
пачуццямі	patʂutsːjani
пачуццё	patʂutsʲːo
пачуцці	patʂutsːʲi
пачуць	patʂutsʲ
пачуюць	patʂujutsʲ
пачуў	patʂuu̯
пачым	potʂɨm
пачынае	potʂɨnaje
пачынае	potʂɨnaʲem
пачынаецца	pasʲlʲa
пачынаецца	patʂɨnaʲetstso
пачынаецца	pokʂɨnaʲetstso
пачынай	patʂɨnaj
пачынайце	patʂɨnajtsʲe
пачынала	patʂɨnaɫa
пачыналася	patʂɨnaɫasʲa
пачынальнік	patʂɨnaɫʲnʲik
пачынальнік	vatʂɨnaɫʲnʲik
пачыналі	patʂɨnaɫʲi
пачыналіся	patʂɨnaɫʲisja
пачынацца	patʂɨnatsːa
пачынаць	patʂɨnatsʲ
пачынаю	patʂɨnaʲu
пачынаюцца	patʂɨnaʲetstso
пачынаюцца	patʂɨnaʲutsːa
пачынаюць	matʂɨnajutsʲ
пачынаў	patʂɨnau̯
пачынаўся	papʂɨnawʂja
пачынкі	patʂɨnkʲi
пачырванела	patʂɨrvonʲeɫa
пачырванелыя	patʂərvonʲeɫɨja
пачысцяць	patʂɨʂtsʲatsʲ
пачысці	patʂɨsʲtsʲi
пачысціць	patʂɨsʲtsʲitsʲ
пачытае	patʂɨtaʲe
пачытаеш	patʂɨtaʲeʂ
пачытаць	patʂɨtatsʲ
пачэснае	patʂɛsnaʲe
пачэсную	patʂɛsnuʲu
пашана	paʂana
пашане	paʂanʲe
пашапчы	paʂaptʂɨ
пашараваў	paʂaravau̯
пашкадаваць	paʂkadavatsʲ
пашпарт	paʂpart
пашпарта	paʂparta
пашпартах	paʂpardax
пашпартных	paʂpartnɨx
пашпартныя	paʂpartnɨja
пашпарты	paʂpardɨ
паштавік	paʂdavik
паштовую	paʂtovuju
паштовым	paʂtovɨm
паштовых	paʂdovɨx
паштовыя	paʂtovɨja
паштоўка	aʂtou̯ka
паштэт	paʂtɛt
пашчасціла	baʂtʂasʲtsʲiɫa
пашчыпаны	pastʂɨpanɨ
пашырае	paʂɨraʲe
пашыраны	paʂɨronɨ
пашыраныя	paʂɨranɨja
пашыраюцца	paʂɨraʲutsːa
пашыць	poʂɨtsʲ
пашэрхла	paʂɛrxɫa
паэзія	paɛzʲija
паэма	poɛma
паэму	paɛmu
паэмы	poɛmɨ
паэт	paɛt
паэта	paɛta
паэткі	paɛtkʲi
паэту	paɛdu
паэты	paɛtɨ
паэтычны	paɛtɨtʂnɨ
паэтычным	poɛtɨtʂnɨm
паю	paju
паядынку	pojadɨnku
паязныя	paʲaznɨja
паяюць	paʲajuʲtsʲ
паіць	pajitsʲ
паў	pau̯
паўабаронцы	pau̯abarontsɨ
паўаўтамат	pawau̯tamat
паўвостраў	pau̯vostrau̯
паўвыспа	pau̯vɨʂpa
паўдзельнічала	pau̯dzʲelʲnʲitʂaɫa
паўдзельнічаць	pau̯tsʲeɫʲnʲitʂatsʲ
паўднёва-заходні	pau̯dnʲovazaxodʲːi
паўднёвабеларускі	pau̯dnʲoɣabʲeɫaruskʲi
паўднёвы	pau̯dnʲovɨ
паўднёвых	pau̯dnʲovɨx
паўз	pau̯s
паўзлі	poɫzli
паўзу	pau̯zu
паўзу	pau̯zˈu
паўзуць	pau̯zutsʲ
паўзці	pau̯sʲtsʲi
паўзіраўшыся	pau̯sʲirou̯ʂɨsja
паўлюк	pɑu̯lʲuk
паўнавартасны	pau̯navartɨsnɨ
паўночна-заходняя	pau̯notʂnazaxodʲːaja
паўночна-ўсходні	pau̯nodʐnausxodnʲi
паўночнага	pau̯notʂnaɣa
паўночнаеўрапейскі	pau̯notʂnaʲeu̯rapʲajskʲi
паўночнай	pau̯notʂnaj
паўночнаўкраінскі	pau̯notʂnaukraʲinskʲi
паўночны	pau̯notʂnɨ
паўночным	pau̯notʂnɨm
паўночных	pau̯notʂnɨx
паўночныя	pau̯notʂnɨja
паўплываў	pau̯pɫɨvau̯
паўсправы	pau̯spravɨ
паўстае	pou̯stajʲa
паўсталі	pou̯stɑlʲi
паўстанне	pau̯stanʲːe
паўстанні	pau̯stanʲːi
паўстанцаў	pau̯stantsau̯
паўстанцы	pau̯stantsɨ
паўсходзіла	pau̯sxodzʲiɫa
паўтара	pau̯tara
паўтара-	pau̯tara
паўтараць	pau̯taratsʲ
паўтары	pau̯tarɨ
паўтарыцца	pau̯t̪orɨtsːa
паўтарыць	pau̯tarɨtsʲ
паўторны	pau̯tornɨ
паўторыцца	pau̯torɨtsːa
певень	pʲevʲenʲ
педагагічны	pʲetaɣaɣʲitʂnɨ
педагагічныя	pʲetaɣaɣʲitʂnɨja
педагогіка	pʲedaɣoɣʲika
педалі	pʲidaɫʲi
педалі	pʲodaɫʲi
педантычным	pʲedantɨtʂnɨm
педантычныя	pʲedantɨtʂnɨja
пекар	pʲekar
пекарам	pʲekaram
пекарка	pʲekarka
пекла	pjekɫa
пекла	pʲekɫa
пекле	pʲeklʲe
пекных	pʲeknɨx
пекін	pʲekʲin
пельмень	pʲelʲmʲenʲ
пелі	pʲeɫʲi
пенаю	pʲenaju
пенны	pʲennɨ
пенс	pʲens
пенсільванія	pʲensʲilʲvanʲija
пену	pʲenu
пены	pʲenɨ
пень	pʲenʲ
пеню	pʲenʲu
пеніс	pʲenʲis
пер'е	pjærjɛ
пераадоленне	pʲeradolʲennʲe
пераадоліць	pʲeraadulʲitsʲ
пераапранацца	pʲeraapranatsːa
пераацэньваць	peratsɛnʲvatsʲ
пераблыталі	pʲerablɨtaɫʲi
перабольшаннем	pʲerabolʲʂannʲem
перабор	pʲerabor
пераборлівы	pʲeraborlʲivɨ
перабраць	pʲerabratsʲ
перабудова	pʲerapudovan
перабудову	pʲerobudovu
перабіць	pʲerabʲitsʲ
пераваг	pʲeravaɣ
перавага	pʲeravaɣa
пераважае	pʲeravaʐaʲe
пераважае	pʲerɨvaʐaʲa
пераважна	pʲeravaʐna
пераваротам	pʲerovarotam
перавароту	pʲeravarotu
пераварыць	kʲarovarɨtsʲ
перавесці	pʲeravʲesʲtsʲe
пераводзіць	pʲeravodzʲitsʲ
пераводы	pʲeravodɨ
перавожу	pʲeravoʐu
перавозныя	pʲeravoznɨja
перавозчык	pʲeravoʂtʂɨk
перавозіць	pʲeravozʲitsʲ
перавысіць	pʲeravɨsʲitsʲ
перавышаць	pʲerɨvɨʂatsʲ
перавышэнне	pʲeravɨʂɛnnʲe
перавышэнне	pʲerovaʂɛnnʲe
перавялі	pʲeravjalʲi
перавяслы	bʲeravjasɫɨ
перагаварыць	pʲeraɣavarɨtsʲ
перагаворах	pʲeragavorax
перагаворы	pʲeraxavorɨ
перагарадзіць	pʲeraɣaradzʲitsʲ
перагарадзіўшы	pʲeraɣaradzʲiu̯ʂɨ
перагледзець	pʲeraɣlʲedzʲitsʲ
перагляд	pʲeraɣlʲad
пераглядацца	pʲeraɣlʲadatsːa
пераглянуліся	pʲeraɣlʲanulʲisja
перагрупавацца	pʲeraɣrupavatsːa
перад	pʲerat
перадаваць	pʲeradavatsʲ
перадавыя	pjeradavɨja
перадапошні	pʲeradapoʂnʲi
перадаць	pʲeradatsʲ
перадачы	pʲeratatʂɨ
перадгісторыя	pʲeratɣʲistorɨja
перадплечча	pʲeratplʲetːʂa
перадумова	pʲeradumovɨ
перадыху	pʲeradɨxu
пераемнасці	pʲeraʲemnasʲtsʲi
пераемнік	pʲeraʲamnʲik
пераехаць	pʲerajexatsʲ
перажываць	pʲeraʐɨvatsʲ
перажываў	pɛraʐɨvaw
перажыць	pʲeraʐɨtsʲ
пераздачы	pʲerazdatʂɨ
перайду	pʲerajdou
перайменаваны	pʲerajmʲenavanɨ
перайначаным	pʲerajnatʂanɨm
перайсці	pʲerajsʲtsʲi
перайшлі	pʲerajʂɫʲi
перайшоў	pʲerajʂou̯
пераказе	pʲerakasi
пераканалі	pʲerakanaːlʲi
перакасіўся	pʲerokasʲiu̯sja
пераклад	pʲerakɫat
перакладала	pʲerakɫadaɫo
перакладалі	pʲerakɫadaɫʲi
перакладамі	pʲerakɫadamʲi
перакладаць	pʲerakɫadatsʲ
перакладных	pʲerakɫadnɨx
перакладчык	pʲerakɫatːʂɨk
перакладчыкі	pʲerakɫatːʂɨkʲi
перакладчыца	pʲerakɫatːʂɨtsa
пераклады	pʲerakɫadɨ
пераключальнік	pʲerakɫjutʂaɫʲnʲig
пераконваць	pʲerakonʲvatsʲ
перакочвацца	pʲerakotʂvatsːa
перакручаны	pʲeragrutʂanɨ
перакрыжаваны	pʲeragrɨʂɨvanɨ
перакрыта	pʲeragrɨta
перакрытая	pʲerakrɨdaja
перакрыць	pʲerakrɨtsːʲ
перакідваць	pʲerokʲidvatsʲ
перакідваючы	pʲerakʲidvajutʂɨ
перакінуў	pʲeraʲːinuɫ
пераламаць	pʲerɫomotsʲ
пералюб	pʲeraɫʲub
пералік	pʲeraɫʲik
пералічаныя	pʲeroalʲitʂanɨja
пералічваць	pʲeralʲitʂvaʲtsʲ
пералічыць	pʲeralʲitʂɨtsʲ
перамагаць	pʲeramaɣatsʲ
перамагаць	pʲeramaɣʲatsʲ
перамагчы	pʲeramaxtʂɨ
пераменны	pʲeramʲennɨ
перамены	peramene
перамены	pʲeramʲenɨ
перамовы	pʲeramovɨ
перамог	pʲeramoɣ
перамога	pʲeramoga
перамога	pʲeramoɣa
пераможа	pʲeromoʐa
пераможам	pʲeramoʐam
пераможаных	pʲeramoʐanɨx
пераможаш	pʲeramoʐaʂ
пераможны	pʲeramoʐnɨ
пераможцу	pʲeromoʂtsu
пераможцы	pʲeramaʂtsɨ
перамычкі	pʲeramɨtʂkʲi
перамяніцца	pʲeromjaˈnʲitsːa
перамяшчацца	pʲeromʲaʂtʂatsːo
перамяшчаць	pʲeromʲaʂtʂatsʲ
перамяшчэнне	pʲeramʲaʂtʂɛnʲːe
перамір'е	pʲeramʲirje
перанасіць	pʲeranosʲitsʲ
пераначаваць	pʲeranatʂavatsʲ
перанесены	pʲeronʲesanɨ
пераносная	pʲeronosnoja
пераносным	pʲeranosnɨm
пераносіць	pʲeranosjitsʲ
пераносіць	pʲeranosʲitsʲ
пераняў	pʲeranʲau̯
перапад	pʲeropat
перапалох	pʲerapaloɣ
перапалохалі	pʲerapoɫoxaɫʲi
перапелачнік	pʲeropʲeɫatʂnʲik
пераплаты	pʲerapladɨ
перапонцы	pʲerapontsɨ
перапончатых	pʲerapontʂotɨx
перапоўнены	pʲeropou̯nʲenɨ
пераправай	pʲerapravaj
пераправы	pʲerapravɨ
перапрацаваць	pʲerapratsavatsʲ
перапрашаю	pʲeropraʂoʲa
перапуд	pʲeroput
перапынку	pʲeropɨnku
перапыніць	pʲerapɨnʲitsʲ
перапёлачнік	pʲerapʲolatʂnʲik
перапісаць	pʲerapʲisatsʲ
перапісвацца	pʲerapʲisfatstso
перапісваць	pʲerapʲisvatsʲ
перапіска	pʲerapʲiska
перапісцы	pʲerapʲistsɨ
перарабіць	perarabʲitsʲ
перарабіць	pʲerarabʲitsʲ
перарасці	pʲerarasʲtsʲi
пераробак	pʲerarobak
перарываць	pʲerorɨvatsʲ
перасаджвацца	pʲerasadʐvatsːa
перасадкі	pʲeraʂadkʲi
перасварыліся	perasvarɨɫʲisja
перасечаны	pɛrasʲetʂanɨ
перасечаныя	pʲerasʲetʂanɨja
пераслала	pʲerasɫaɫa
пераслаць	pʲerasɫatsʲ
перасоўны	pʲeras�ou̯nɨ
пераставіць	pʲerastavʲitsʲ
перастае	pˈɛrastˈɑjˌe
перастане	pʲerastanʲe
перастану	pʲerastanu
пераступіла	pʲerastupʲiɫa
пераступіць	pʲerastupʲitsʲ
пераступіў	pʲerastupʲiu̯
перасунуць	pʲerasʲonutsʲ
перасцерагчы	pʲerastsʲroxtʂɨ
перасыхае	pʲerasɨxaʲa
перасьцярога	pʲeraztsʲaroɣa
перасяленцы	pʲerasjalʲemtsɨ
перасячэння	pʲerasjatʂɛnnʲa
ператварылася	pʲeratvarɨɫasja
ператварыліся	pʲeratvarɨɫʲisja
ператварэння	pʲeratvarɛnnʲa
ператвораць	pʲeradvoratsʲ
ператравіць	pʲeratravʲitsʲ
ператрасаць	peratrasatsʲ
ператраўляць	fʲeratrau̯lʲatsʲ
ператрус	pʲeratrus
ператрэсваць	peratrɛsvatsʲ
перахапіла	pʲeraxapʲiɫa
пераход	pʲeraxot
пераходзіць	bʲeraxodzʲitsʲ
пераходзіць	pʲeraxodzʲitsʲ
пераходзіў	pʲeraxodzʲiu̯
пераходны	pɛraxodnɨ
пераходных	pʲeroxodnɨx
пераходу	pʲeraxodu
перахрысцілася	pʲeraxrastsʲiɫasja
перахрысціўся	pʲeraxrastsʲiu̯sja
перац	pʲerats
перачакаць	pʲeratʂagatsʲ
перачніца	pʲeratʂnʲitso
перашкаджаць	pʲeroʂkaʐatsʲ
перашкода	pʲeraʂkoda
перашкодзіць	pʲeraʂkotʲitsʲ
пераязджаць	pʲerajaʐdʐatsʲ
пераўзысці	pʲerou̯zɨʂtsʲi
пераўтварае	pʲerautvoraʲa
пераўтвораны	pʲerau̯tvoronɨ
перлы	pʲerlɨ
пероны	pʲeronɨ
перпендыкулярныя	pʲerpʲendɨkulʲarnɨja
персанаж	pʲersanaʂ
персанажа	pʲersanaʐa
персанажаў	pʲersanaʂaw
персанал	pʲersonau̯
персанале	pʲersanalʲe
персону	pʲersonu
перспектыва	pɛrspɛktjva
персцень	pʲersʲtsʲenʲ
персы	pʲerʂɨ
персідскі	pʲersʲitskʲi
персік	pʲersʲik
персік	vˈersik
перу	pʲeru
перуном	pʲerunom
перуны	pʲerunɨ
перш	pʲerʂ
перш-наперш	pʲerʂnapʲerʂ
першае	pʲersaja
першай	pjersaj
першаку	pʲerʂaku
першаму	pʲerʂamu
першамучанік	pʲerʂamutʂanʲik
першамучаніца	pʲerʂamutʂanʲitsa
першапачаткова	pʲerʂapotʂotkovoja
першасным	pʲerʂasnɨm
першая	pʲersaja
першая	pˈersʌja
першую	pʲerʂuju
першы	pjersɨ
першы	pʲerʂɨ
першым	pɛrʂɨm
першынства	pʲerʂɨnstva
першынца	pʲersɨntsa
першых	pjersɨx
першыя	pʲersɨʲa
перы	pʲerɨ
перыметра	pʲerɨmʲetra
перыстыя	pʲerɨstɨja
перыць	ʲerɨtsʲ
перыяд	pʲerɨjat
перыяды	pʲerɨjadɨ
перыядычна	pʲerɨjadɨtʂna
пер’я	pjerja
песеннага	pʲesʲennaɣa
песенны	pʲesʲennɨ
песень	pɛsʲenʲ
песню	pʲesʲːu
песня	pʲesʲnʲa
песні	pʲesnʲi
песцікавыя	pʲesʲtsʲikovɨja
пець	pʲets
пець	pʲetsʲ
печ	pʲetʂ
печанай	pʲetʂanaj
печаную	pʲetʂanuju
печань	pʲatʂanʲ
печань	pʲetʂanʲ
печах	pʲetʂax
печка	pjɛtʂka
печка	pʲetʂka
печку	pʲetʂku
печкі	pʲetʂkʲi
печы	pʲetʂɨ
печыва	pʲertʂɨva
печыва	pʲetʂɨva
пешаход	pʲeʂaxod
пешаходнымі	pʲeʂaxodnɨmʲi
пешаходных	pʲeʂaxodnɨx
пешка	pʲeʂka
пешкі	pʲeʂkʲi
пешшу	pʲerʂu
пешымі	pʲeʂɨmʲi
пеўню	pʲevʲenʲ
плавае	pɫavaʲe
плавала	pɫavala
плавальны	pɫavoɫʲnɨ
плаваць	pɫavatsʲ
плавіцца	pɫau̯itsːo
плагіят	pɫaɣʲijat
пладаносіць	pɫodonosʲitsʲ
пладовае	pɫadovaje
пладовых	pɫadovɨx
пладовыя	pɫadovɨja
плазмодый	pɫasmodɨj
плакала	pɫakaɫa
плакат	plakad
плакат	pɫokad
плаката	plakata
плакату	pɫakatu
плакаць	pɫakatsʲ
плакс	pɫaks
плакса	pɫaksa
план	pɫan
плана	pɫana
планавалі	pɫanavaɫʲi
планаванне	pɫanavanʲːe
планаваў	pɫanavau̯
планавы	planavɨ
планавыя	planovɨja
планам	pɫanom
планамі	pɫanamʲi
планах	pɫanox
плане	pɫanʲe
планет	pɫanʲet
планета	pɫanʲeta
планка	plˈanka
планка	pɫanka
планку	pɫonku
планоўка	pɫonowka
плану	pɫanu
плануем	pɫanujem
плануецца	planuʲetstsa
планую	planuju
плануюць	plonuʲutsʲ
планшэт	pɫanʂɛt
планы	pɫonɨ
планёры	pɫanʲorɨ
пласт	plas
пласта	pɫasta
пластамі	pɫastamʲi
пластмаса	pɫasmasa
пластмасу	pɫastmasu
пластом	pɫastom
пласту	pɫastu
пласты	plastɨ
пластык	plastɯ̞k
пластыкі	plastɨkʲi
пластычнай	pɫastɨtʂnaj
пластычнасці	pɫastɨtʂnasʲtsʲi
пластычныя	pɫastɨtʂnɨja
пласце	pɫasʲtsʲe
пласцінка	pɫasʲtsʲinko
пласцінкай	plasʲtsʲinkaj
пласцінкі	pɫasʲtsʲinkʲi
плата	plˈata
платна	pɫatna
платнае	pɫatnaʲe
платнай	pɫadnaj
платных	pɫatnɨx
платныя	pɫatnɨʲa
платнік	pɫatʲːik
плато	pɫoto
платон	pɫaton
платформ	pɫatform
платформа	platforma
платформа	pɫatforma
платформах	pɫatformax
платформу	pɫatformu
платформы	pɫotformɨ
платы	pɫatɨ
плацельшчык	pɫatsʲeɫʂtʂɨk
плацяжы	pɫatsʲaʐɨ
плацяць	pɫatsʲatsʲ
плаці	pɫatsʲi
плацін	pɫatsʲin
плаціна	pɫatsʲina
плаціць	pɫatsʲitsʲ
плач	platʂ
плач	platʃ
плача	pɫatʂa
плачам	pɫatʂam
плачаш	pɫatʂɨʂ
плачу	pɫotʂu
плачуць	pɫatʂutsʲ
плачучы	pɫatʂutʂɨ
плачы	pɫatʂɨ
плашак	pɫaʂak
плашчы	pɫaʂtʂɨ
плаўкі	plau̯kʲi
плаўнік	pɫau̯nʲik
племені	plʲemʲenʲi
племя	plʲemʲa
пленуму	plʲenumu
плесці	plʲesʲtsʲi
плеч	plʲetʂ
плечы	plʲetʂɨ
плешка	palʲaʂka
плову	pɫovu
плод	pɫot
плоду	pɫodu
плойма	pɫojma
плойма	pɫʊjma
плоймы	pɫojmɨ
пломба	lomba
плоска	pɫoska
плоскасныя	pɫoskasnɨja
плоскую	pɫoskuju
плоскі	plˈoskɪ
плоскі	pɫoskʲi
плоскімі	pɫoskʲimɨ
плоскіх	ploskʲix
плоскія	pɫoskʲija
плот	pɫot
плотам	pɫotam
плоткі	pɫotkʲi
плошча	pɫoʂtʂa
плошчай	pɫoʂtʂaj
плошчах	ploʂtʂax
плошчаў	pɫoʂtʂaw
плошчу	pɫoʂtʂu
плошчы	pɫoʂtʂɨ
плуг	pɫux
плужку	pɫuʐku
плутарх	pɫutarx
плутон	pluton
плутоній	pɫutoni
плыве	pɫɨvje
плыву	pɫɨvu
плывуць	pɫɨvutsʲ
плывучым	pɫɨvutʂɨm
плывучымі	pɫɨvutʂɨmʲi
плылі	pɫɨlɨ
плынь	pɫɨnʲ
плысці	pɫɨsʲtsʲi
плыта	pɫɨta
плытагоны	pɫɨtaɣonɨ
плыткі	pɫɨtkʲi
плытнікі	pɫɨtnʲikʲi
плыты	plɨtɨ
плыць	pɫɨtsʲ
плюгавы	pɫjuɣovɨ
плюс	pɫjus
плюхалі	plʲuxaɫʲi
плюхнуўся	pɫjuxnˈuu̯sja
плюшавым	pɫjuʂavɨm
пляваць	plʲavatsʲ
пляж	plʲaʂ
пляжамі	plʲaʐamʲi
пляжаў	plʲaʐau̯
пляжны	plʲaʐnɨ
пляжу	plʲaʂu
пляжы	plʲaʐɨ
плям	plʲam
пляма	plʲama
плямай	pʲːamaj
плямамі	plʲamamʲi
пляменнік	plʲamʲenʲːik
пляменніца	plʲamʲenʲːitsa
плямкамі	plʲamkamji
пляму	plʲamu
плямы	plʲamɨ
плямёны	plʲamʲonɨ
плян	plʲan
плянаваньне	plʲanavanʲːe
пляскаць	plʲaskatsʲ
пляскач	plasˈkˈatʃ
пляткаркам	plʲatkarkam
пляц	plʲats
пляц	plˈats
пляцення	plʲatsʲenʲːa
пляцоўка	plʲaʲtsou̯ka
пляцоўкі	plʲatsau̯kʲi
пляцоўкі	plʲatsowkʲi
пляцоўцы	plʲatsou̯tsɨ
пляцы	plʲatsɨ
плячах	plʲatʂax
плячо	plʲatʂo
плячук	plʲatʂuk
плячы	plʲatʂɨ
плячыма	plʲatʂɨma
плячысты	plʲakʂɨstɨ
пляшку	plʲaʂku
пляшкі	plʲaʂkʲi
плён	plʲon
плённая	pɫʲonnaʲa
плённымі	pljonnɨmʲi
плёну	pɫʲonu
плёсах	pɫʲosax
плёскат	plʲoskɨt
плёскаць	ulʲoskatsʲ
плёсы	plʲosɨ
плётка	lʲotka
плёткі	pljotkʲi
плёткі	plʲotkʲi
пліт	plʲid
пліта	plʲita
пліту	plʲitu
пліты	pljitɨ
пні	pnʲi
пні	pɪˈniː
побач	pobatʂ
побыт	pobɨt
побыт	pˈoɭbˈyt
побытавыя	pobɨtavɨja
побыту	pobɨtu
поварам	povaram
повідну	povʲidnu
погляд	poɣʲːad
погляду	poɣlʲadu
погляды	poɣlʲadɨ
подзвігу	potzvʲixu
подла	podla
подпісы	potpʲisɨ
подступу	potstupu
подых	podɨx
поезд	pojest
позах	pozax
позва	posva
позве	pozvʲe
позву	pozvu
позе	pozje
позна	pozna
познань	poznanʲ
позняга	pozʲːaɣa
позняй	poznʲaj
позняя	poznʲaja
позні	pozʲnʲi
познім	poznʲim
позніх	poznʲix
познія	poznʲija
позу	posu
позы	pozɨ
позірк	pozʲirg
пойдзе	pojdzʲe
пойдзеш	pojdzʲeʂ
пойдзеш	pujdzeʂ
пойдуць	pojdutsʲ
пойма	pojma
поймавых	pojmavɨx
поймамі	pojmamʲi
поймах	pojmax
пойму	pojmu
поймы	pojmɨ
покліч	pokɫitʃ
покрыва	pogrɨva
покрывам	pokrɨvam
покуль	pokulʲ
покі	pokʲi
пол	poɫ
пол	pʊl
пола	poɫa
полаг	poɫax
полаз	poɫas
полай	poɫaj
поласці	poɫasʲtsʲi
полацак	poɫatsak
полацк	poɫask
полацк	poɫatsk
полая	poɫaʲa
поле	polʲe
поле	pɔlʲe
полем	polʲem
полк	polk
полу	poɫu
полы	poɫɨ
полымны	poɫɨmnɨ
полымя	poɫɨmʲa
полымя	poɫɯmʲa
полька	olʲka
полька	polʲka
польку	polʲku
полькі	poɫʲkʲi
польны	poɫʲnɨ
польскага	poɫʲskaɣa
польскай	poɫʲsgaj
польскі	polʲskʲi
польскім	poɫʲskʲim
польскія	poɫʲskʲija
польшча	polʲʂtʂa
польшчу	poɫʲʂtʂu
польшчы	poɫʲʂtʂɨm
полю	poɫju
полюс	pɔlʲus
поля	polʲa
полі	poɫji
помач	pomatʂ
помачы	pomatʂɨ
помню	pomnʲu
помнік	pomnʲik
помнікам	pomnʲikam
помніках	pomʲːikax
помнікаў	pomnʲigaw
помніку	pomnʲiku
помнікі	pomniki
помнікі	pomnʲikʲi
помніцца	pomnʲitsːa
помніць	pomnʲitsʲ
помніш	pomnʲiʂ
помпа	pampa
помпай	pompaj
помпамі	pompamji
помпы	pompɨ
помста	pomsta
помсты	pomstɨ
помсце	pomstsʲe
понча	pontʂa
пончык	pontʂɨk
поні	pɔnʲi
поп	pop
поп-	pop
поп-музыка	popmuzɨka
поп-рок	poprok
поп-рока	poproka
попел	popʲeɫ
попелу	popʲeɫu
попельніца	popʲelʲnʲitsa
поплавам	poplavam
поплеч	poplʲetʂ
попыт	popɨt
попыту	popɨtu
пор	por
порах	porax
порахам	poraxam
пораху	poroxu
порных	pornɨx
порсткая	porstkaja
порсткую	porstkuju
порсткі	porstkʲi
порт	port
портам	portam
портках	portkax
порткі	pordkʲi
порткі	portki
порту	portu
пору	poru
поруч	porutʂ
порхаўкі	porxau̯kʲi
порцыя	portsɨja
порцыі	portsɨʲi
порцікам	portsʲigam
поршня	porʂnʲa
поры	porɨ
порысты	porɨstɨ
посную	posnuju
поспех	pospʲex
постаць	ostatsʲ
постаць	postaʲtsʲ
посту	postu
посуду	posudu
посце	postsʲe
посцілка	pɔsʲtsʲilka
посьпехаў	po˥˩ːsʲpʲexaw
пот	pot
пот	pɔt
потам	potam
потныя	potnɨja
поту	potu
потым	potɨm
пофіг	pofʲix
похва	poxva
похвай	poxvaj
похвы	poxvɨ
поцемак	pɔtseˈmak
почырк	potʂɨrk
почырку	potʂɨrku
пошла	poʂɫa
пошліна	poʂlʲina
пошліны	poʂɫʲinɨ
пошта	poʂta
поштай	poʂtaj
пошту	poʂtu
пошты	poʂtɨ
пошук	poʂuk
пошукавы	poɫʂukavɨ
пошукі	posukʲi
пошце	poʂtsʲe
пошчак	postʂak
пояс	pojas
поясам	pojasam
поўдзень	pou̯dzʲenʲ
поўнага	pou̯naɣa
поўнай	pou̯noj
поўнасцю	pou̯nasʲtsʲu
поўнач	pou̯natʂ
поўначы	pou̯natʂɨ
поўны	pou̯nɨ
поўным	pou̯nɨm
поўня	pou̯nʲa
пра	bra
пра	pra
прааналізаваць	praanalʲizavatsʲ
праб'е	prabje
прабабуля	prababulʲa
прабач	prabatʂ
прабачаць	prapatʂatsʲ
прабачце	prabatʂtsɨ
прабачыць	prabatʂɨtsʲ
прабачэнне	prabatʂɛnʲːe
прабачэння	prabatʂɛnnʲa
прабачэнні	prapatʂɛnnʲi
прабегу	prabʲeɣu
прабел	prabʲiɫ
праблем	prablʲem
праблема	prablʲema
праблемах	problʲemax
праблемку	prablʲemku
праблему	problʲemu
праблемы	prabʲːemɨ
праборку	praborku
прабудуць	prabudutsʲ
прабыла	prabɨɫa
прабіваць	prabʲivatsʲ
прабіралася	prabʲiraɫasja
прабіты	prabʲitɨ
прабіцца	prabʲitstsa
прабіць	prabʲitsʲ
праб’еш	prabʲeʂ
права	prava
права-	prava
прававой	pravavoj
прававую	pravavuju
прававы	pravavɨ
прававым	pravavɨm
прававых	pravavɨx
прававыя	pravavɨja
правага	pravaxa
правадах	pravadax
праваднік	pravadnʲik
праваднік	pravodnʲik
правадніца	pravadnʲitsa
правады	pravadɨ
правадыр	pravadɨr
правадыра	pravadɨra
правак	pravag
правакаваць	pravakovatsʲ
правакацыі	pravakatsɨʲi
правакуеш	pravakujeʂ
правал	pravaɫ
правалам	pravaɫam
правалы	pravalɨ
праваліцца	pravolʲitsːa
правамі	pravamʲi
правапіс	pravapʲis
правапісу	pravapʲisu
праваруч	pravarutʂ
праваслаўны	bravasɫau̯nɨ
правах	pravax
праваце	pravatsʲe
правая	pravaja
праве	pravʲe
праведзена	pravjedzʲena
праведзены	pravʲadzʲenɨ
праведны	pravʲednɨ
правей	pravʲej
правер	pravʲer
правераны	pravʲeranɨ
праверка	pravʲerka
праверкай	pravʲerkaj
праверкі	pravʲːerkʲi
праверцы	pravʲertsɨ
праверыць	pravjerɨtsʲ
правесці	pravʲesʲtsʲi
праветрыць	pravʲetrɨtsʲ
правобраз	pravobras
правобразам	pravobrazam
праводжу	pravodʒu
праводзіць	pravodzʲitsʲ
праву	pravu
правучыць	pravutʂɨtsʲ
правы	pravɨ
правядзення	provjadzjennʲa
правяраецца	pravjaraʲetstsa
правяраючыя	pravjarajutʂɨja
правёў	pravjou̯
правіл	pravʲil
правіла	pravʲiɫa
правільна	pravʲilʲna
правільны	pravʲilʲnɨ
правільны	pravʲiɫʲnɨ
правіна	pravina
правінцыя	pravʲintsɨja
правіцель	pravʲitsʲelʲ
правіць	pravjitsʲ
прага	praɣa
праганю	praɣanʲu
праглынутая	praɣɫanutaja
прагляд	praɣlʲad
прагляд	praɣɭʲat
праглядае	praɣlʲadaʲa
праглядах	praɣlʲadax
прагляду	praxlʲadu
прагматычная	praxmatɨtʂnaʲa
прагматычны	praɣmatɨtʂnɨ
прагназуюцца	praxnaʐujutsːo
прагнай	praxnaj
прагнаць	pɾaɣnatsʲ
прагнаў	praknau̯
прагноз	praɣnoz
прагнозам	praɣnozam
прагнозаў	praɣnozau̯
прагнозны	praɣnoznɨ
прагнуць	praxnutsʲ
прагон	praɣon
праграм	praɣram
праграма	praɣrama
праграмаваннем	praɣramavannʲem
праграмай	praɣramaj
праграмах	praɣramax
праграмны	praɣramnɨ
праграмныя	pragramnɨja
праграму	praɣramu
праграміст	proɣramist
прагрымяць	praɣrɨmʲatsʲ
прагрэс	proɦrɛs
прагрэсу	praɣrɛsu
прагрэсіўны	praɣrasʲiu̯nɨ
прагрэтых	praɣrɛtɨx
прагу	praɣu
прагулка	pɾaɣuɫka
прагулку	praɣulku
прагуляны	praɣulʲanɨ
прагуляю	praxulʲaju
прагучала	praxutʂaɫa
прагучалі	prɨɣutʂaɫʲi
прад'явіць	pradjavʲitsʲ
прадаваць	pradavatsʲ
прададзены	pradadzʲenɨ
прадаецца	pradoʲetstsa
прадай	pradaj
прадала	pradaɫa
прадамо	pradamo
прадаць	pradatsʲ
прадаюць	pradajutsʲ
прадаў	pradaw
прадаўцом	pradou̯tsom
прадаўшчыца	pradawʂtʂɨtsa
прадвызначана	pradvɨznatʂana
прадзе	pradzʲe
прадзед	pradzʲet
прадзіва	pratsʲiva
прадказальны	pradkazalʲnɨ
прадмесце	pradmʲesʲtsʲe
прадмесце	pratmʲesʲtsʲe
прадмесці	pradmjesʲtsʲi
прадмет	pradmʲet
прадмета	pradmʲeta
прадметы	pradmʲetɨ
прадмова	pradmova
прадмову	prodmovu
прадпрыемлівасць	prodprɨʲemɫʲivostsʲ
прадпрыемлівы	pradprɨʲemlʲivɨ
прадпрыемства	pratprɨjemstva
прадпрымальнікі	radprɨmaɫʲnʲikʲi
прадпрымальніцкі	pratprɨmaɫʲnʲitskʲi
прадпрымальніцтва	pratprɨmaɫʲnʲitstva
прадставім	pradstavʲim
прадставіць	pradstavʲitsʲ
прадстаўленні	pradstau̯lʲennʲi
прадстаўнік	pratstau̯nʲik
прадстаўнік	prodstɔu̯nik
прадстаўнікі	pradstɛu̯nʲikʲi
прадстаўніца	pratstau̯nʲitsa
прадстаўніцтва	pratstau̯nʲitstva
прадстаўнічы	pratstau̯nʲitʂɨ
прадугледжваць	raduɣɫʲedʐvatsʲ
прадугледжваюць	praduɣulʲedʂvajutsʲ
прадугледзець	praduɣlʲetsʲitsʲ
прадузятасць	praduzʲatastsʲ
прадукт	pradukt
прадуктамі	praduktomʲi
прадуктовай	produktovaj
прадуктовых	praduktovɨx
прадукты	praduktɨ
прадукцыйнасць	raduktsɨjnastsʲ
прадукцыі	produktsɨʲi
прадуманых	pradumanɨx
прадумаць	pradumatsʲ
прадумвалі	pradumvalʲi
прадухіленне	praduxʲilʲennʲa
прадухіляць	praduxjilʲatsʲ
прадуць	pradutsʲ
прадыктаваная	pradɨktavanɨja
прадыхнуць	pradɨxnutsʲ
праезд	praʲest
праезд	pɾoʲest
праезную	praʲeznuju
праект	prajekt
праекта	praʲekta
праектам	praʲektam
праехалі	praʲaxaɫji
пража	praʐa
пражонкі	praʐonkʲi
пражу	praʐu
пражы	praʐɨ
пражываць	praʐɨvatsʲ
пражывеш	praʐvʲeʂ
пражыву	praʐɨvu
пражывуць	praʐɨvutsʲ
пражылі	praʐɨɫji
пражэктары	praʐɛktarɨ
праз	pras
праз	ras
празаік	pɾazaʲik
празаікі	prazajikʲi
празрыстасці	prazrɨstasʲtsʲi
празрысты	prazrɨstɨ
празрыстыя	prazrɨstɨja
прайгравальнік	prajɣrovoɫʲnʲik
прайграем	prajgraʲem
прайдзісвет	prajdzʲisʲvʲet
прайду	prijdu
прайдуць	prajdutsʲ
праймаць	prajmatsʲ
прайсці	prajsʲtsʲi
прайсці	prʌjsʲtsʲi
прайшла	prajʃɫa
прайшло	prajʂɫo
прайшлі	prajʂɫʲi
прайшоў	pajʂow
прайшоўшы	prajʂowʂɨ
прайшоўшы	projʂau̯ʂɨ
пракладаў	prɨkɫadau̯
пракласці	prokɫasʲtsʲi
праклейкі	praklʲejkʲi
праклятую	praklʲatuju
праклятым	praklʲatɨm
пракол	prakol
пракол	prakou
пракос	prakos
пракофій	prakofʲij
практыка	praktɨka
практыкаванні	praktɨkavanʲːi
практыкавацца	praktykovatsːa
практыку	praktɨku
практыкуючы	praktɨkuʲutʂɨ
практычна	praktɨtʂno
практычным	praktɨtʂnɨm
практычных	praktɨtʂnɨx
практычныя	praktɨtʂnɨja
пракуратуры	prakuraturɨ
пракурор	prakuror
прала	praɫa
пралом	praɫom
пралому	praɫomu
пральны	pɾoɫʲnɨ
пралёт	praɫʲod
праліваць	pralʲivatsʲ
пралічыць	praɫʲitʂɨtsʲ
прама	prama
прамавугольны	pramovuɣoɫʲnɨ
прамавугольным	pramavuɣoɫʲnɨm
прамавугольнымі	pramavuɣolʲnɨmʲi
прамашку	pramaʂku
прамая	pramaja
прамаўчаў	pramou̯tʃau̯
прамень	pramʲenʲ
праменямі	pramʲenʲamʲi
прамераць	pramjeratsʲ
праметый	pramʲetɨ
прамова	pramovam
прамовай	pramovoj
прамовамі	pramovamʲi
прамовах	pramovax
прамову	promovu
прамовы	pramovɨ
прамовіла	pramovʲiɫa
прамовіць	pramovʲitsʲ
прамога	pramoɣa
прамое	pramoʲe
прамой	pramoj
прамок	pramok
прамоў	pramou̯
прамоўца	pramou̯tsa
прамоўцы	pramou̯tsɨ
прамую	promuju
прамы	pramɨ
прамым	pramɨm
прамысловага	pramɨsɫovaxa
прамысловасць	pramɨsɫovasʲtsʲ
прамысловая	pramɨsɫovaja
прамысловы	pramɨʂɫovɨ
прамысловымі	pramɨsɫovɨmʲi
прамысловых	pramɨsɫovɨx
прамысловыя	pramɨsɫovɨja
прамых	pramɨx
прамыя	pramɨja
прамінуць	pramjinutsʲ
пранеслася	pranʲesɫasja
пранізвае	pranʲiʐvaʲe
праніклівы	pranʲiklʲivɨ
пранікненне	kraʲːignʲennʲa
прапагандаваць	prapaɣandavatsʲ
прападала	prapatala
прападаць	prapadaʲtsʲ
прападзе	prapadzʲe
прападу	prapadu
прапалі	prapaɫʲi
прапалім	prapaɫʲim
прапанавала	prapanavaɫa
прапанавалі	prapanavalʲi
прапанавалі	praponavalʲi
прапанавана	prapanavana
прапанаваных	prapanovanɨx
прапанаваць	prapanavatsʲ
прапанаваў	prapanavau̯
прапанаваў	proponavau
прапанова	prapanova
прапановай	prapanovaj
прапановам	prapanovam
прапановамі	prapanovamʲi
прапановах	prapanovax
прапановаю	prapanovaju
прапанове	prapanovʲe
прапанову	prapanovu
прапановы	prapanovɨ
прапаноў	prapanou̯
прапаноўвалі	prapanou̯vaɫʲi
прапаноўваю	prapanou̯vaju
прапануе	prapanuje
прапануем	prapanujem
прапануеце	prapanujetsʲe
прапануецца	prapanuʲetstsa
прапануеш	prapanujeʂ
прапануй	prapanuj
прапануйце	prapanujtsʲe
прапаную	prapanuju
прапануюць	prapanujutsʲ
прапарцыйны	prapartsɨjnɨ
прапаў	prapaw
прапелер	prapʲeɫɛr
прапечаны	prapʲetʂanɨ
праплачаны	prapɫatʂanɨ
праплыла	praplɨɫa
прапорцыі	praportsɨʲi
прапрацавала	propratsavala
прапрацаваў	prapratsavau̯
прапускаецца	prapuskaʲetstsa
прапускных	prapusknɨx
прапусціць	prapusʲtsʲiʲtsʲ
прапушчаны	propuʂtʂanɨ
прапісаны	prapʲisanɨ
прапісаныя	prapʲisanɨja
прапісаць	prapʲisatsʲ
прапісныя	prapʲisnɨja
прапішаш	prapʲiʂaʂ
прарабы	prarabɨ
прарабіўшы	prarabʲiu̯ʂɨ
прарадзіма	praradzʲima
прарадзіму	proradzʲimu
прарастанне	prarastannʲe
прарвала	prarvaɫa
прарвана	prarvana
прарок	prarok
прарока	praroka
прарокаў	prarokau̯
прароцтва	prarotstva
прароцтвы	prarotstvɨ
прарочай	prarotʂaj
прарочыя	prarotʂɨja
прарыву	prarɨvu
прарывы	prarɨvɨ
прас	pras
праславянскі	prasɫavʲanskʲi
праслы	prasɫɨ
прасочваецца	prasotʂvoʲetstsa
прасочым	prasotʂɨm
праспаць	praspatsʲ
праспект	praspʲekt
праспекта	praspʲekta
праспектам	praspʲektam
праспекты	praspʲektɨ
праспяваць	praspjavatsʲ
прастак	prastɑk
прастакутны	prasˈtˈakutnˈɪ
прастакутнік	prasˈtakotˈnikˈ
прастата	prastata
прастой	prostoj
прастойвае	prastojvaʲe
прастол	prastoɫ
прастолу	prastolu
прастор	prastor
прастора	prastora
прасторавай	prastorovaj
прасторную	prastornuju
прасторных	prastornɨx
прасторы	prastorɨ
прастрацыі	prastratsɨʲi
прастытутка	prastɨtutka
прастытутку	prastɨtutku
прасунуцца	prasunutsːa
прасцей	prasʲːej
прасценках	prastsʲenkax
прасці	prasʲtsʲi
прасы	prasɪ
прасякнуты	prasjaknutɨ
прасі	prasʲi
прасіцца	prasʲitsːa
прасіць	prasjitsʲ
прасіць	prasʲitsʲ
пратакольным	pratakolʲnɨm
пратасевіч	pratasʲevʲitʂ
прататыпы	protadɨpɨ
пратокай	pratokaj
пратоках	pratokax
пратоны	pratonɨ
праточным	prototʂnɨm
пратэрмінаваць	pratɛrmʲinavatsʲ
пратэрміноўка	pratɛrmʲinou̯ko
пратэст	prɔtɛst
пратэсты	pratɛstɨ
прафесара	prafʲeʂara
прафесій	prafʲesʲij
прафесійна-вытворчая	prɔfʲesʲijnavɨtvortʂaja
прафесію	prafʲesʲiju
прафесія	prafʲesʲija
прафесія	prafˈesija
прафесіяй	prafʲesʲijaj
прафесіям	prafʲesʲijam
прафесіямі	prafʲesʲijamʲi
прафесіях	prafʲesʲijax
прафесіі	prafʲesʲiji
прафкам	prafkam
прафсаюз	prˈoˈfsˈaˈjuz
прафукана	prafukana
прафілактычных	prafʲilaktɨtʂnɨx
прахадзіць	praɣadzʲitsʲ
прахадному	praxadnomu
прахапіцца	praxapʲitstsa
праход	proxod
праходжанне	prakodʐannʲe
праходжу	praxodʐu
праходзе	praxodzʲe
праходзяць	praxodzʲatsʲ
праходзім	praxodzʲim
праходзіць	praxodzʲitsʲ
праходзіў	praxodzʲiu̯
праходку	praxodku
праходу	praxodu
праходы	praxotɨ
прахон	praxon
прахор	praxor
прахору	praxoru
прац	prats
праца	pratsa
праца	tratsa
працавалі	protsavaɫʲi
працаваць	pratsavatsʲ
працаваў	praʲtsavaw
працавіты	pratsavʲitɨ
працавіты	pratsovʲitɨ
працам	pratsam
працаў	pratsau̯
працаўнік	pratsau̯nʲik
працоўнае	pratsownaʲe
працоўная	pratsou̯naja
працоўную	pratsou̯nuju
працоўны	pratsou̯nɨ
працоўным	pratsou̯nɨm
працоўных	praʲtsou̯nɨx
працу	pratsu
працуе	protsuʲe
працуем	protsuʲem
працуй	pratsuj
працую	pratsuɫju
працую	protsuju
працуюць	proʲtsujutsʲ
працы	praʲtsɨ
праць	pratsʲ
працэдура	pratsɛdura
працэдуру	pratsɛduru
працэдуры	pratsɛdurɨ
працэнт	praʲtsɛnt
працэс	pratsɛs
працэсам	pratsɛsam
працэсамі	pratsɛsamʲi
працэсах	pratsɛsax
працэсаў	pratsɛsau̯
працэсе	pratsɛsʲe
працэсу	pratsɛsu
працэсы	pratsɛsɨ
працяг	pratsʲax
працяг	pratsʲaɣ
працягам	pratsʲaɣam
працягвала	pratsʲaxvaɫa
працягвалася	pratsʲaɣvaɫaʂja
працяглага	pratsʲaɣɫaɣa
працягласці	praʲtsʲaɣlasʲtsʲi
працяглы	pratsʲaɣlɨ
працяглы	protsʲaɣlɨ
працяглым	pratsʲaɣɫɯ̞m
працяглымі	protsʲaɣlɨmʲi
працягнула	pratsʲaɣnuɫa
працягнуцца	praʲtsʲaɣnutsːa
працягу	pratsʲaxu
працяжны	pratsʲaʐnɨ
працяла	protsʲaɫa
працялі	pratsʲaɫʲi
працяць	pratsʲaʲtsʲ
працінаў	pratsʲenau̯
праціўнік	pratsʲiu̯nʲik
прачнецца	pratʂnʲetsːa
прачнулася	protʂnuɫasja
прачнуцца	pratʂnutsa
прачнуцца	pratʂnutsːa
прачула	pratʂuɫa
прачынаецца	pratʂɨnaʲetstsa
прачынацца	pratʂɨnatsːa
прачынаюся	pratʂɨnajuʂja
прачытала	pratʂɨtala
прачытаным	pratʂɨtanɨm
прачытаць	pratʂɨtatsʲ
прачытаю	pratʂɨtaju
прачышчаў	pratʂɨʂtʂau̯
прашу	prosu
прашчур	praʂtʂur
праявы	projavɨ
праявіць	prajavʲitsʲ
праядуцца	prajadutsːa
праязных	prajaznɨx
праяўляць	prajau̯lʲatsʲ
праём	praʲom
праёмамі	praʲomamʲi
праёмах	praʲomax
праёмы	praʲomɨ
праігнараваны	praʲiɣnaravonɨ
праўда	prau̯da
праўдашукальнік	prau̯daʂukalʲnʲik
праўдзіва	prau̯dzʲiva
праўдзівы	prau̯dzʲivɨ
праўду	prau̯du
праўды	prou̯dɨ
праўкі	prau̯kʲi
праўнік	prau̯nʲik
пробных	probnɨx
пробныя	probnɨja
пробы	probɨ
продаж	prodaʂ
продажаў	prodaʐau̯
продажы	prodaʂɨ
продак	prodak
продкі	prodkʲi
проза	proza
прозай	prozaj
прозвішча	prozʲvʲiʂtʂa
прозвішчы	prozvʲistʂɨ
прозвішчы	prozʲvʲiʂtʂɨ
прозу	prozu
прозы	prozɨ
пройдзе	projdsʲe
пройдзены	projdzʲenɨ
пройдуць	projdutsʲ
проймы	projmɨ
промахам	promaxam
промаху	promaxu
промыслу	promɨslu
пропаведзь	ropavʲetsʲ
пропуск	propusk
пропуску	propuzku
прорва	prorva
прорва	trorva
прорвай	prorvaj
прорву	prorvu
проса	frosa
проса	prosa
просам	prosam
прост	prost
проста	prosta
простае	prˈostʌjɛ
простаю	prostoju
просты	prostɛ
просты	prostɨ
простым	prostɨm
простыя	prostɨʲa
просьба	prˈosʌbˈa
просьбу	prosʲpu
просяць	prosjatsʲ
просячы	prosʲatʂɨ
просіць	prosʲitsʲ
просіш	prosʲiʂ
профі	profʲi
профілях	profʲilʲax
профілі	profʲiɫʲi
процьма	protsʲma
процьма	rotsʲma
процьму	protsʲmu
проці	protsʲi
проці	prɔˈtsʲi
процідзеянне	protsidzɛjanːʲa
процілеглы	protsʲelʲeglɨ
процілежны	protsʲelʲeʐnɨ
проціяддзе	protsʲijadzʲːe
прочкі	protʂkʲi
пругка	pruɣka
пружаны	fruʐanɨ
пружаны	pruʐanɨ
прусак	prusak
прускі	pruskʲi
прускіх	pruskʲix
прусія	prusʲija
прутам	prutam
прутах	prutax
пруткі	prutkʲi
пруткім	prudkʲim
пруць	prutsʲ
пры	prɨ
прыбавіцца	prɨbavʲitstsa
прыбаўляць	rɨbau̯lʲatsʲ
прыбег	prɨbʲax
прыбегла	prɨbʲeɣɫa
прыбліжаныя	prɨbɫʲiʐanɨʲa
прыблізна	prɨbɫʲizna
прыблізна	prɨpɫʲizna
прыблізны	prɨblʲiznɨ
прыборамі	prɨboramʲi
прыбораў	prɨborou̯
прыборку	prɨborku
прыборны	prɨbornɨ
прыборцы	prɨbortsɨ
прыборы	prɨborɨ
прыбрана	prɨprana
прыбраны	prɨbranɨ
прыбудаваны	prɨbudavonɨ
прыбудзе	prɨbudzʲe
прыбудовы	prɨbudovɨ
прыбудуць	prɨbudutsʲ
прыбываць	prɨbɨvatsʲ
прыбыла	prɨpɨɫa
прыбыло	prɨbɨlo
прыбылі	prɨbɨɫʲi
прыбытак	prɨpɨtak
прыбытковай	prɨbɨtkovaj
прыбыцця	prɨbɨtsːja
прыбыць	prɨbɨtsʲ
прыбягу	prɪbʲaɣu
прыбяры	prɨbjarɨ
прыбярэжнай	prɨbjarɛʂnaj
прыбярэжная	prɨbjarɛʐnaja
прыбярэжных	prɨbʲarɛʐnɨx
прыбіральшчыца	prabʲiraɫʲʂtʂɨtsa
прыбіраць	prɨbʲiratsʲ
прывабліваюць	prɨvablʲivajutsʲ
прывабны	prɨvabnɨ
прывабным	prɨvabnɨm
прывад	prɨvad
прывадам	prɨvadam
прывалокся	prɨvaɫoksʲa
прыватнага	prɨvatnaɣa
прыватнай	prɨvatnaj
прыватнасць	prɨvatnasʲtsʲ
прыватная	prɨvadnaʲa
прыватны	prɨvatnɨ
прыватным	prɨvotnɨm
прыватнымі	prɨvatnɨmʲi
прыватных	prɨvatnɨx
прыватныя	prɨvadnɨja
прыватызацыя	prɨvatɨzatsɨja
прывет	prɨvʲet
прыветлівая	prɨvʲetɫʲivaja
прыветным	prɨvʲetnɨm
прыветных	prɨvʲetnɨx
прывода	prɨvoda
прыводжу	prɨvodʐu
прыводзяць	prɨvodzʲatsʲ
прыводзім	prɨvodzʲim
прывозяць	prɨvosʲatsʲ
прывозілі	prɨvozʲilʲi
прывозіць	prɨvozʲitsʲ
прывозіў	prɨvosʲiu̯
прывучаны	prɨvutʂanɨ
прывучыла	prɨvutʂɨɫo
прывучыць	prɨvutʂɨtsʲ
прывык	prɨvɨk
прывыкаеш	prɨvɨkaʲeʂ
прывыкала	prɨvɨkaɫa
прывыкаць	prɨvɨkatsʲ
прывыкла	prɨvɨkɫa
прывыклым	prɨvɨkɫɨm
прывыклі	prɨvɨklʲi
прывычка	prɨvɨtʂka
прывычку	prɨvɨtʂku
прывычкі	prɨvɨtʂkʲi
прывычна	prɨvɨtʂna
прывычных	prɨvɨtʂnɨx
прывяду	prɨvjadu
прывяжам	prɨvjaʂam
прывязаны	prɨvjazanɨ
прывязаным	prɨvjazanɨm
прывязаць	prɨvjazatsʲ
прывязка	prɨvjaska
прывязкі	prɨvʲazkʲi
прывязу	prɨvjazu
прывяло	prɨvjalo
прывід	prɨvʲit
прывіды	prɨvʲidɨ
прывітала	prɨvʲitaɫa
прывітанне	prɨvʲitanʲːe
прывітанне	prɪvʲitanːʲe
прывітанні	prɨvʲitonnʲi
прывітаць	prɨvʲitatsʲ
прывіць	prɨvʲitsʲ
прыгадаем	prɨgadaʲem
прыгадвае	prɨɣatvaʲe
прыгажосць	prɨɣaʐosʲtsʲ
прыгажосцю	prɨɣaʐosʲtsʲu
прыгажосці	prɨɣaʐosʲtsʲi
прыгажун	prɨɣaʐun
прыгажунчык	prɨɣaʐontʂɨk
прыгажуня	prɨɣaʐunʲa
прыгарадныя	prɨɣaradnɨja
прыгарады	prɨɣaradɨ
прыгатавання	prɨxatavanʲːa
прыгатаваны	prɨɣatavanɨ
прыглядацца	prɨɣlʲadatsːa
прыглядаўся	prɨɣlʲadou̯sja
прыгнечаны	prɨɣnʲetʂanɨ
прыгнятала	prɨɣnʲataɫa
прыгнёт	prɨɣnʲot
прыгнёту	prɨxnʲotu
прыгод	prɨɣod
прыгода	prɨɣoda
прыгоду	prɨɣodu
прыгоды	prɨxodɨ
прыгожа	prɨɣoʂa
прыгожага	prɨɣoʐaɣa
прыгожую	prɨxoʐuju
прыгожы	prɨɣoʐɨ
прыгожым	prɨɣoʐɨm
прыгожымі	prɨɣoʐɨmʲi
прыгожых	prɨxoʐɨx
прыгонную	prɨɣonnuju
прыгонны	prɨɣonnɨ
прыгонныя	prɨgonnɨja
прыгіналася	prɨgʲiˈnaɫosja
прыдарожных	prɨdaroʐnɨx
прыдатка	prɨdatka
прыдатную	prɨdatnuju
прыдатны	prɨdatnɨ
прыдатным	prɨdatnɨm
прыдатных	prɨdatnɨx
прыдбаць	prɨdbatsʲ
прыдворнага	prɨdvornaɣa
прыдворным	prɨdvornɨm
прыдворных	prɨdvornɨx
прыдворныя	prɨdvornɨja
прыдонным	prɨdonnɨm
прыдумаеш	prɨdumaʲeʂ
прыдумалі	prɨdumaɫʲi
прыдуманы	prɨdumonɨ
прыдуманых	prɨdumanɨx
прыдумаць	prɨdumatsʲ
прыдумаю	prɨdumaju
прыдумаюць	prɨdumaʲutsʲ
прыдумаў	prɨdumou̯
прыдумваць	prɨdumvatsʲ
прыдумваюць	prɨdumvajutsʲ
прыдумкі	prɨdumkʲi
прыдушаным	prɨduʂanɨm
прыекуле	prɨɣekulʲe
прыемна	prɨjemna
прыемнага	prɨʲemnaɣa
прыемным	prɨʲemnɨm
прыемныя	prɨʲemnɨʲa
прыехала	prɨjexaɫa
прыехалі	prɨʲexaɫɨ
прыехаць	prɨjexatsʲ
прыехаў	prɨʲexau̯
прыжывецца	prɨʐɨvʲetstsa
прыжылася	prɨʐɨɫasja
прыз	prɨz
прыза	prɨza
прызба	prʏ̞zba
прызбе	prɨzbʲe
прызбу	prɨzbu
прыземныя	prɨzʲemnɨja
прызматычныя	prɨzmatɨtʂnɨja
прызму	prɨzmu
прызнавалася	prɨznavaɫasja
прызнавалі	prɨznavalji
прызнае	prɨznaʲe
прызнала	prɨznaɫa
прызнана	prɨznano
прызнання	prɨznannʲa
прызнаны	prɨznanɨ
прызнаным	prɨznanɨm
прызнаных	prɨznanɨx
прызначаецца	prɨznatʂaʲetstsa
прызначалі	prɨznatʂaɫʲi
прызначаную	prɨznatʂanuju
прызначыла	prɨznatʂɨɫa
прызначэнне	prɨznatʂɛnnʲe
прызнаў	prɨznaw
прызнаўся	prɨznau̯sja
прызы	prɨzɨ
прызывам	prɨzɨvom
прызыў	prɨzɨu̯
прызямленне	prɨzʲamlʲenʲːe
прызёр	prɨzʲor
прызёрам	prɨzʲoram
прызёраў	prɨzjorau̯
прыйдзе	prɨjdzje
прыйду	prɨjdu
прыйду	prɪjdu
прыйдуць	prijdutsʲ
прыйсці	prɨjsʲtsʲi
прыйшло	prɨjʂɫo
прыйшлі	prɨjʂɫʲi
прыйшоў	prɨjʂou̯
прыйшоўшы	prɨjʂou̯ʂɨ
прыйшоўшы	prɨʂou̯ʂɨ
прыкаваў	prɨkavau̯
прыказ	prɨkas
прыказак	prɨkazak
прыказаць	prɨkazatsʲ
прыказка	prɨkaska
прыказу	prɨkazu
прыкаранёвую	prɨkaronʲovuju
прыклад	prɨkɫat
прыкладам	prɨgɫadam
прыкладання	prɨkɫadannʲa
прыкладзе	prɨgɫadzʲe
прыкладнога	prɨkɫatnoɣa
прыкладнымі	prɨkladnɨmʲi
прыкладных	prɨkladnɨx
прыкладу	prɨkɫadu
прыкмет	prɨkmʲet
прыкмета	prɨkmʲeta
прыкметай	prɨkmʲetaj
прыкметны	prɨkmʲetnɨ
прыкметных	prɨkmʲetnɨx
прыкмету	prɨkmɛtu
прыкметы	prɨkmɛdɨ
прыкмеце	prɨkmʲetsje
прыкмецім	prɨkmʲetsʲim
прыкол	prɨkoɫ
прыколы	prɨkoɫɨ
прыкольная	prɨkolʲnaʲa
прыкончым	prɨkontʂɨm
прыкончыць	prɨkontʂɨtsʲ
прыкра	prɛkra
прыкра	prɨkra
прыкрая	prɨkraja
прыкручаны	prɨkrutʂanɨ
прыкручаныя	prɨkrutʂanɨja
прыкрываць	prɨkrɨvatsʲ
прыкрываюць	prɨkrɨvajuʲtsʲ
прыкрым	prɨkrɨm
прыкрымі	prɨkrɨmʲi
прыкрыты	prɨkrɨtɨ
прыкрытых	prɨkrɨdɨx
прыкрых	prɨkrɨx
прыкрыцца	prɨkrɨtsːa
прыкрыць	prɨkrɨtsʲ
прыкрыя	prɨkrɨja
прыкурыць	prɨkurɨtsʲ
прыкусіла	prɨkusʲiɫa
прыкідвацца	prɨkʲidvatsːa
прылавак	prɨɫavak
прылад	prɨɫad
прылада	prɨɫada
прыладам	prɨladam
прыладах	prɨɫadax
прыладу	prɨɫadu
прылады	prɨɫadɨ
прылеглая	prɨlʲeɣɫa
прылезу	prɨlʲezu
прыма	prɨma
прымае	prɨmaje
прымае	prɨmaʲe
прымаем	prɨmaʲem
прымала	prɨmaɫa
прымалася	prɨmaɫasʲa
прымальных	prɨmaɫʲnɨx
прымалі	prɨmolʲi
прымаразкі	prɨmarazkʲi
прыматы	prɨmatɨ
прымацца	prɨmatsːa
прымаць	prɨmatsʲ
прымаў	prɨmau̯
прыме	prɨmʲe
прымем	prɨmʲem
прымераць	prɨmjaratsʲ
прыметна	prɨmʲetna
прыметнік	prɨmʲetnʲik
прыметнікі	prɨmʲetʲːikʲi
прымеш	prɨmʲeʂ
прыморскія	prɨmorʂkʲija
прыму	prɨmu
прымурка	prɨmurka
прымус	primus
прымус	prɨmus
прымусова	prɨmusova
прымусова	prɨmuzɫova
прымусь	prɨmusʲ
прымусілі	prɨmuzʲiɫʲi
прымуць	prɨmutsʲ
прымушалі	prɨmuʂalʲi
прымушаныя	prɨmuʂanɨja
прымушацца	prɨmuʂatsːa
прымушаю	prɨmuʂaju
прымушу	prɨmuʂu
прымхі	prɨmsʲi
прымы	prɨmɨ
прымыкаў	prɨmɨkau̯
прымяняецца	prɨmjanʲaʲetstsa
прымяняць	prɨmjanʲatsʲ
прымячаеш	prɨmʲatʂaʲeʂ
прынада	prɨnada
прынадах	prɨnadax
прыназоўнік	prɨnazau̯nʲik
прыназоўнік	prɨnazou̯nʲik
прыналежнасць	prɨnalʲeʐnasʲtsʲ
прынамсі	prɨnamsʲi
прынесці	prɨnʲesʲtsʲi
прыносіць	prɨnosʲitsʲ
прыносіў	prɨnosʲiu̯
прыношу	prɨnoʂu
прынтар	prɨntar
прынц	prɨnts
прынца	prɨntsa
прынцы	prɨntsɨ
прынцып	prɨntsɨp
прынцыпам	prɨntsɨpam
прынцыпах	prɨntsɨpax
прынцыпе	prɨntsɨpɛ
прынцыпова	prɨntsɨpovo
прынцыповых	prɨntsɨpovɨx
прынцыпу	prɨntsɨpu
прынцыпы	prɨnʲtsɨpɨ
прынцэса	printsɛsa
прынялі	prɨnʲaɫʲi
прынясе	prɨnʲasʲe
прынясуць	prɨnʲasutsʲ
прынята	prɪnʲata
прынятае	prɨnʲataʲe
прынятай	prɨnʲataj
прынятая	prɨnʲataja
прыняты	prɨnʲatɨ
прынятым	prɨnʲatɨm
прынятых	prɨnʲatɨx
прынятыя	prɨnʲatɨja
прыняцця	prɨnʲatsːja
прыняць	prɨnʲatsʲ
прынёс	prɨnʲos
прынізіць	prɨnʲizʲitsʲ
прыпадае	prɨpadaje
прыпадаючы	prɨpadaʲutʂɨ
прыпалі	prɨpaɫɨ
прыпамінаем	prɨpamʲinaʲem
прыпаркаваныя	prɨparkavanɨja
прыпаў	prɨpau̯
прыпеўкі	prɨpʲeu̯kʲi
прыплодам	prɨpɫodam
прыпомню	prɨpomnʲu
прыправу	prɨpravu
прыправы	prɨpravɨ
прыпынак	prɨpɨnak
прыпынена	prɨpɨnʲena
прыпынках	prɨpɨnkax
прыпынку	prɨpɨnku
прыпынкі	prɨpɨnkʲi
прыпыняцца	prɨpɨnʲatsːa
прыпыніла	prɨpɨnʲiɫa
прыпынілі	prɨpɨnʲiɫʲi
прыпыніліся	prɨpɨnʲiɫʲisja
прыпыніцца	prɨpɨnʲitstsa
прыпыніць	prɨpɨnʲiʲtsʲ
прыпяць	prɨpʲatsʲ
прыпяць	prɨpʲetsʲ
прыпяць	prɪpʲatsʲ
прыпісалі	prɨpʲisaɫji
прыпісаць	prɨpʲisatsʲ
прыпісвалася	prɨpʲisvaɫaʂja
прырастуць	prɨrastutsʲ
прырода	prɨroda
прыродаахоўчы	prɨrodaɣaxou̯tʂɨ
прыродную	prɨrodnuju
прыродны	prɨrodnɨ
прыродных	prɨrodnɨx
прыродныя	prɨrodnɨʲa
прыроду	prɨrodu
прыроды	prɨrodɨ
прырост	prɨrosd
прыручаныя	prɨrutʂanɨja
прыручаюцца	prɨrutʂaʲutsːa
прыручыць	prɨrutʂɨtsʲ
прыручэнні	prɨrutʂɛnnʲi
прырыхтую	prɨrɨxtuju
прысабечыць	prɨsabʲetʂɨtsʲ
прысад	prɨsad
прысадзістая	prɨsadsʲistaja
прысадзісты	prɨsadsʲistɨ
прысады	prɨsadɨ
прысак	prɨsak
прысвечанае	prɨsvʲetʂanoja
прысвечаная	prɨsvʲetʂanɨja
прысвоіць	prɨʂvojitsʲ
прысвяціла	prɨsvʲatsʲila
прысвяціць	prɨsvʲatsʲitsʲ
прысвячаць	prɨsvʲatʂatsʲ
прысела	prɨsʲeɫa
прыселі	prɨsʲeɫʲi
прыскам	prɨskam
прыслаць	prɨsɫatsʲ
прыслоўе	prɨsɫou̯je
прыслухалася	prɨsluxaɫasʲa
прыслухаліся	prɨsɫuxalʲiʂja
прыслініцца	prɨsɫʲinʲitstsa
прысмаку	prɨsmaku
прысніла	prɨsnʲiɫa
прыснілася	prɨsnʲiɫasja
прысох	prɨsox
прыставы	prɨstavɨ
прыстасавана	prɨstaʂovana
прыстасаванне	prɨstasavanʲːe
прыстасаваны	prɨstasavanɨ
прыстаць	prɨstatsʲ
прыстойна	prɨstojna
прыстойная	prɨstojnaja
прыстойным	prɨstojnɨm
прыстойных	prɨstojnɨx
прыступ	prɨstup
прыступае	prɨsdupaʲe
прыступку	prɨstupku
прыступу	prɨstupu
прыступцы	prɨstuptsɨ
прыступы	prɨstupɨ
прыступілі	prɨstupʲilʲi
прысуд	prɨsud
прысуд	prɨsˈud
прысудам	prɨsudam
прысуджаецца	prɨsudʐoʲetstsa
прысутнасць	prɨsutnasʲtsʲ
прысутнасць	prɨʂutnasʲtsʲ
прысутнасцю	prɨsudnasʲtsʲu
прысутнасці	prɨsutnasʲtsʲi
прысутнасьць	prɨsutnastsʲ
прысутны	prɨsutnɨ
прысутнымі	prɨsudnɨmʲi
прысутнічае	prɨsudnʲitʂaʲe
прысутнічаць	prɨsudnʲitʂatsʲ
прыся	prɨsʲa
прысяга	prɨsʲaɣa
прысягай	prɨsjaɣaj
прысягну	prɨsjaɣnu
прысягу	prɨsjaɣu
прытаміліся	pritamʲiɫʲisja
прытвор	prɨdvor
прытвору	prɨtvoru
прытворы	prɨtvorɨ
прытка	rɨtka
прыткі	prɨdkʲi
прытокамі	prɨtokamɨ
прытоках	prɨtokax
прытокаў	prɨtokau̯
прытокі	prɨtokʲi
прытомнасць	prɨtumnastsʲ
прытомнасці	prɨtomnastsʲi
прытомным	prɨtomnɨm
прытон	prɨton
прытру	prɨtru
прытрымаць	prɨtrɨmatsʲ
прытрымліваліся	prɨtrɨmɫʲivaɫʲisja
прытрымлівацца	prɨtrɨmlʲivatsːo
прытулак	prɨtuɫak
прытулкам	prɨtuɫkam
прытулку	prɨtuɫku
прытульваць	prɨtulʲvatsʲ
прытуліцца	prɨtulʲitsːa
прытуліў	prɨtulʲiu̯
прытча	prɨttʂa
прытым	prɨtɨm
прыхаваную	prɨxavanuju
прыхавацца	prɨxavatsːa
прыхаджан	prɨxadʐan
прыхована	prɨxovana
прыход	prɨxod
прыходам	prɨxodam
прыходах	prɨxodax
прыходжу	prɨxodʂu
прыходзіла	prɨxodzʲiɫa
прыходзілі	prɨxodzʲiɫʲi
прыходзім	prɨxodzʲim
прыходзіць	prɨxodzʲitsʲ
прыходу	prɨxodu
прыхільнасць	prɨxʲiɫʲnastsʲ
прыхільнік	prɨxʲiɫʲnʲig
прыхільнікі	prɨxʲiɫʲnʲikʲi
прыхіліцца	prɨxʲiɫʲitsːa
прыцемкамі	prɨtʲemkamʲi
прыцемкі	prɨtsʲemkʲi
прыцэл	prɨtsɛɫ
прыцягальнасць	pratsʲaɣoɫʲnastsʲ
прыцягваць	prɨtsʲaɣvatsʲ
прыцягнула	prɨtsʲaɣnula
прыцягнулі	prɨtsʲaɣnuɫʲi
прычакаў	prɨtʂakau̯
прычальвалі	prɨtʂaɫʲvaɫʲi
прычапіліся	prɨdʐapʲiɫʲisja
прычапіць	prɨtʂapʲitsʲ
прычапіўся	prɨtʂapʲiu̯sja
прычасці	prɨtʂasʲtsʲi
прычоскай	prɨtʂoskaj
прычоску	prɨtʂoʂku
прычоскі	prɨtʂoʂkʲi
прычым	prɨtʂɨm
прычын	prɨtʂɨn
прычына	prɨtʂɨna
прычынай	prɨtʂɨnoj
прычынах	prɨtʂɨnox
прычынаю	prɨtʂɨnaju
прычыне	prɨtʂɨnʲe
прычыненая	prɨtʂɨnʲenaja
прычыну	prɨtʂɨnu
прычыны	prɨtʂɨnɨ
прычыняе	prɨtʂɨnʲaʲe
прычыніў	prɨtʂɨnʲiw
прычэп	prɨtʂɛp
прычэпкі	prɨtʂɛpkʲi
прычэпу	prɨtʂɛpu
прышчаватую	prɨʂtʂavatuju
прышчапіць	prɨʂtʂapʲitsʲ
прышывала	prɨʂɨvaɫa
прышыць	prɨʂɨtsʲ
прышэльцы	prɨʂɛlʲtsɨ
прыяджае	prijadʐaʲe
прыязджай	prɨjazdʐaj
прыязджайце	prɨjazdʐajtsʲe
прыязджаць	prɨjaʐdʐatsʲ
прыязджаю	prɨjaztʃaju
прыязджаў	prɨjaztʃau̯
прыязная	prɨjaznaʲa
прыязных	prɨjaznɨx
прыярытэтным	prɨjarɨtɛtnɨm
прыярытэты	prɨjarɨtɛtɨ
прыяцель	prɨjatsʲelʲ
прыём	prɨjom
прыёмамі	prɨʲomamji
прыёмны	prɨʲomnɨ
прыёмным	prɨʲomnɨm
прыёмы	prɨjomɨ
прэ	prɛ
прэамбуле	prɛambulʲe
прэзідэнт	prɛzʲidɛnt
прэзідэнта	prɛzʲidɛnta
прэзідэнтка	rɛzʲidɛntka
прэзідэнты	prɛzʲidɛntɨ
прэм'ера	prɛmjero
прэмію	prɛmɨʲu
прэмія	prɛmʲija
прэнт	prɛnt
прэнты	prɛntɨ
прэпарат	prɛparat
прэс	prɛs
прэс-канферэнцыя	prɛskonfʲerɛntsɨja
прэс-служба	prassɫuʐba
прэса	prɛsa
прэсе	prɛsʲe
прэсных	prɛsnɨx
прэсныя	prɛsnɨʲa
прэстыжна	prɛstɨʐna
прэстыжны	prɛstɨʐnɨ
прэсу	prɛsu
прэч	prɛtʂ
прэч	prɛtʃ
псавала	psovaɫa
псаваць	pstavatsʲ
пстрыкала	pstrɨkɐɫa
псую	psuju
псыхалягічна	tsɨxolʲaɣʲitʂna
псыхалягічны	psɨxalʲaɣʲitʂnɨ
птах	ptax
птушак	ptuʂak
птушачкі	ptuʂatʂkʲi
птушка	ptuʂka
птушкам	ptuʂkam
птушкамі	ptuʂkomʲi
птушках	ptuʂkax
птушку	ptuʂku
птушкі	ptuʂʲːi
птушцы	ptuʂtsɨ
птушыны	ptuʂɨnɨ
птушыных	ptuʂɨnɨx
птушыныя	ptuʂɨnɨja
публіка	publʲika
публікацыя	publʲikatsɨja
публікацыі	publʲikatsɨʲi
публікуюцца	publʲikujutsːa
публіцыстычны	publʲitsɨstɨtʂnɨ
публічна	pubɫʲitʂna
публічнага	publʲidʐnaɣo
публічных	publʲitʂnɨx
пуга	puxa
пуга	puɣa
пугу	puɣu
пудзіла	pudzʲiɫa
пужае	puʐaʲe
пужай	puʐaj
пужаюць	puʐaʲutsʲ
пуза	puza
пук	puk
пуку	puku
пукі	pukʲi
пульсавала	puɫʲsavaɫa
пульхных	puɫʲxnɨx
пункт	pungt
пункта	pungta
пунктах	punktax
пункты	pungtɨ
пуня	punʲa
пуні	punʲi
пуп	pup
пупок	pupɫɔk
пупутан	puputan
пупышка	pupɨʂka
пупышкамі	pupɨʂkamʲi
пупышкі	pupɨʂkʲi
пурпурны	purpurnɨ
пускайце	puskajtsʲe
пускалі	puskaɫʲi
пускаць	puzkatsʲ
пустадомку	pustadomku
пустазвоніць	pustazvonʲitsʲ
пустак	pustak
пустамеля	pustamɛljæ
пустая	pustaja
пустка	pustka
пустое	pustoʲa
пустой	pustoj
пустуе	pustuʲe
пусты	pustɨ
пустым	pustɨm
пустынных	pustɨnnɨx
пустыня	pustɨnʲa
пустэльня	pustɛlʲnʲa
пустэльнік	pustɛlʲnʲik
пустэчы	pustɛtʂɨ
пусціў	pustsɨu
пут	put
пута	puta
путчысты	puttʂɨstɨ
путы	putɨ
пуфы	pufɨ
пух	pux
пух	pˈux
пухавік	puxavʲik
пухам	puxam
пухкай	puxkaj
пухкі	puxkʲi
пухкім	puxkʲim
пухнуць	pʊxnutsʲ
пуховая	puxovaja
пуху	puxu
пухіры	puxʲirɨ
пуце	putsʲe
пуць	putsʲ
пуцін	putsʲin
пучкамі	putʂkamji
пучках	putʂkax
пучкі	putʂkʲi
пучок	putʂok
пушачку	puʂatʂku
пушком	puʂkom
пушнога	puʂnoga
пушча	puʂtʂa
пушчу	puʂtʂu
пушчы	pustʂɨ
пушчы	puʂtʂɛ
пушыстай	puʂɨstaj
пхаць	pxatsʲ
пціч	ptsʲitsʲ
пчала	ptʂaɫa
пчалярства	ptʂalʲarstva
пчол	ptʂoɫ
пчолам	ptʂoɫam
пчолка	ptʂoɫka
пчолы	ptʂolɨ
пшаніца	pʂanʲitsa
пыл	pɨɫ
пылавыя	pɨɫovɨja
пыласос	pɨɫasos
пылком	pɨɫkom
пылок	pɨɫok
пылу	pɨɫu
пыльнікамі	pɨlʲnʲikamʲi
пыліць	pɨlʲitsʲ
пырскаць	pɨrskatsʲ
пырскі	pɨrskʲi
пырснула	pɨrsnuɫa
пысы	pɨsɨ
пытае	pɨtaje
пытае	pɨtaʲe
пытаемся	pɨtaʲemʂja
пытала	pɨtaɫa
пытальнік	pɨtajɫʲnʲik
пытальнік	pɨtalʲnʲik
пыталі	pɨtaɫʲi
пытанне	pɨtanʲːe
пытаннем	pɨtonnʲem
пытання	pɨtanʲːa
пытанням	pɨtonnʲam
пытаннях	pɨtannʲax
пытанні	pɨtonnʲi
пытацца	pɨtatsːa
пытаць	pɨtatsʲ
пытаю	pɨdaju
пытаюся	pɨtajusja
пытаюцца	pɨtaʲutsːa
пых	pɨx
пыха	pɨxa
пыхала	pɨxaɫa
пыхкаюць	pɨxkajuʲtsʲ
пышны	pɨʂnɨ
пышных	pɨʂnɨx
пышныя	pɨʂnɨja
пэндзаль	pɛndzalʲ
пэндзлік	pɛnzɫʲik
пэры	pɛrɨ
пэўна-асабовы	pɨu̯naazabovɨ
пэўнага	pɛu̯naɣa
пэўнасць	pɛu̯nasʲtsʲ
пэўную	pɛu̯nuju
пэўны	pɛu̯nɨ
пэўным	pɛwnɨm
пэўнымі	pɛu̯nɨmʲi
пэўныя	pɛu̯nɨja
пявучаму	pʲavutʂamu
пявучы	pjavutʂɨ
пякарня	pʲakarnʲa
пякла	pjakɫa
пякла	pʲakɫa
пякло	pjakɫo
пякучы	takutʂɨ
пяльмень	pʲalʲmʲenʲ
пялёначны	bjaɫʲonatʂnɨ
пялёсткавы	bjalʲostkovɨ
пялёсткі	pjaɫʲostkʲi
пянькі	pjanʲkʲi
пярдзець	pʲardzʲetsʲ
пяро	pʲaro
пяром	pjarom
пярсцёнак	pʲarsʲtsʲonak
пярсцёнкі	pʲarstsʲonkʲi
пярсцёнкі	pʲarsʲtsʲonkʲi
пярун	pjarun
пярэдні	pjarɛdnʲi
пярэднія	pjarɛtnʲija
пярэсты	pʲarɛstɨ
пярэчыць	pʲarɛtʂɨʲtsʲ
пяском	pjaskom
пяску	pʲasku
пясок	pʲasok
пясочны	pjasotʂnɨ
пясчаны	pʲaʂtʂanɨ
пят	pʲat
пятае	pjataʲe
пятай	pjataj
пятка	pʲatka
пяткі	pjatkʲi
пятля	pʲatlʲa
пятнаццаты	pʲatnatsːatɨ
пятнаццаць	pʲatnatsːatsʲ
пятніца	pʲatnʲitsa
пятніцы	pʲatnʲitsɨ
пяток	pʲatok
пятра	pjatra
пятро	pʲatro
пятую	pjatuju
пяты	pʲatɨ
пятым	pjatɨm
пятымі	pʲatɨmʲi
пятых	pjatɨx
пяхоту	pjaxotu
пяхоты	pjaxotɨ
пяццю	pʲatsʲːu
пяць	pʲatsʲ
пяцьдзесят	pʲadzʲːesʲat
пяцьсот	pʲatsʲsot
пяцёра	pʲatsʲora
пяцёрку	pʲatsʲorku
пяці	pʲatsʲi
пяці-	pʲatsʲi
пяцідзесяты	pʲatsʲidzʲasʲatɨ
пяцісоты	pʲatsʲisotɨ
пячатак	pʲatʂatag
пячатка	pjatʂatka
пячатку	pʲatʂatku
пячаткі	pʲatʂotkʲi
пячаць	pʲatʂatsʲ
пячоначны	pʲatʂonatʂnɨ
пячор	pʲatʂor
пячора	pʲatʂora
пячорамі	pʲatʂoramʲi
пячорах	pʲatʂorax
пячорны	pʲatʂornɨ
пячору	pjatʂoru
пячоры	pʲatʂorɨ
пячы	pʲatʂɨ
пячэ	pʲatʂɛ
пячэ	pʲetʂɛ
пячэнне	zpjatʂɛnnʲa
пяшчота	pʲaʂtʂota
пяшчотаю	pʲaʂtʂotaju
пяшчотны	pʲaʂtʂotnɨ
пяшчоты	pʲaʂtʂotɨ
пёк	pʲok
пёрах	pjorax
пёры	pʲorɨ
пёс	pjos
пёс	pʲos
пётар	pjot̪oɾ
пётр	pʲotr
пі!	pi˥˩
піва	pʲiva
півавар	pʲivavar
піваварка	pʲivavarka
півоневы	pʲivonʲivɨ
півоня	pʲivonʲa
піжама	pʲiʐama
пізда	pʲizda
пік	pʲig
піку	pʲiku
піл	pʲil
піла	pʲiɫa
пілоны	pʲiɫonɨ
пілы	pʲiɫɨ
пільна	pʲilʲno
пільны	pʲilʲnɨ
пінгвін	pʲinɣvʲin
пінжака	pʲinʐaka
пінск	pjinsk
пінск	pʲinsk
пінскага	pʲinskaɣa
пінскі	pjinski
піпкай	pʲipkaj
пірог	pʲirox
пісала	pʲiʂaɫa
пісалі	pʲiʂaɫji
пісанай	pʲisonaj
пісаны	pʲiʂanɨ
пісацца	pʲisatsːa
пісаць	pʲisatsʲ
пісаў	pʲisaw
піск	pʲisk
піску	pʲisku
піскулька	pʲiskulʲka
піскуноў	biskunˈow
пісталет	pʲistalʲet
пісьменны	pʲiʂʲmʲenːɨ
пісьменнік	pʲisʲmʲenʲːik
пісьменніца	pʲisʲmʲenʲːitsa
пісьмо	pʲisʲmo
пісьмовыя	pʲiʂʲmovɨja
пісьму	pʲisʲmu
пітво	pʲitvo
пітны	pʲitnɨ
пітных	pjitnɨx
пітомца	pʲitomtsa
піхта	pʲixta
піца	pʲitsa
піццё	pʲitsʲːo
піцы	pʲitsɨ
піць	pʲitsʲ
піша	pʲiʂa
пішам	pʲiʂom
пішацца	pʲiʂɨtsːa
пішу	pʲisu
пішучы	pʲiʂutʂɨ
пішчаць	pʲiʂtʂatsʲ
пішчыць	pʲiʂtʂɨtsʲ
пішы	pʲiʂɨ
пішыце	pʲiʂɨtsʲe
піяла	pijala
піяру	pʲijaru
піярыцца	pʲijarɨtsːo
піяўка	pijau̯ka
піў	pʲiu̯
п’е	pjɛ
п’юць	bjutsʲ
раб	rap
раба	raba
рабавала	rabavaɫa
рабаваць	rabavatsʲ
рабам	rabam
рабатка	rabatka
рабаўнік	rabau̯nʲik
раблю	rablʲu
рабой	raboj
рабом	rabom
работ	rabot
работа	rabota
работай	rabotaj
работам	rabotam
работнік	rabotnʲik
работнікам	rabotnʲikam
работніцы	rabotnʲitsɨ
работы	rabodɨ
рабочай	rabotʂaj
рабочую	rabotʂuju
рабочы	rabotʂɨ
рабочым	rabotʂɨm
рабочых	rabotʂɨx
рабочыя	rabotʂɨja
рабро	rabro
рабрын	rabrɨn
рабфак	rabfak
рабфака	rabfaka
рабыя	rabɨja
рабяты	rabʲatɨ
рабёнак	rabʲonak
рабі	rabʲi
рабіла	rabʲiɫa
рабілі	rabʲilʲi
рабіна	rabena
рабіна	rabʲina
рабіце	rabʲitsʲe
рабіцца	rabʲitsːa
рабіць	rabʲitsʲ
рабіць…	rabʲitsʲ
рабіў	rabʲiu̯
рагаталі	raɣatalʲi
рагачо́ў	raɣatsou̯
рагачо́ў	raɣatʂou̯
рагачоў	raɣatʃou̯
рагвалод	raɣɫoɫod
рагочуць	raɣotʂutsʲ
рагу	raɣu
рагуля	raɣulʲa
рад	rat
рада	rada
радавала	radavaɫa
радавацца	radavatsːa
радавацца	raːdavatsːa
радаваць	radovatsʲ
радавым	radavɨm
радамі	radamʲi
радасны	radasnɨ
радасць	radasʲtsʲ
радасцю	radasʲtsʲu
раджацца	radʐatsːa
раджу	radʐu
радзе	radzʲe
радзець	radzʲetsʲ
радзець	radzʲitsʲ
радзюжка	radzʲuʂka
радзівон	radzʲivon
радзівілі́шкі	radzʲivʲiɫʲiʂkʲi
радзім	radzʲim
радзіма	adsʲimo
радзіма	radzʲima
радзімка	radʐjimka
радзімка	ratzʲimko
радзіна	radzʲina
радзісь	radzʲis
радзіцца	radzʲitsːa
радзіць	radzʲitsʲ
радках	radkax
радкевіч	ratkʲevʲitʂ
радкоў	radkou̯
радку	radku
радкі	radkʲi
радкі	rɛtkʲi
радней	radnʲej
радню	radʲːu
радні	radnʲi
радовішчы	radovjistʂɨ
радок	radɔk
радону	radonu
радоў	radow
раду	ratu
радуе	raduʲe
рады	radɨ
радый	radɨ
радый	radɨj
радыкальных	radɨkaɫʲnɨx
радыкальныя	radɨkaɫʲnɨja
радыкалізм	radɨkalʲizm
радыску	radɨsku
радыус	radus
радыя	radɨja
радыян	radɨjan
радыяцыя	radɨjatsɨja
радыяцыі	radɨjatsɨʲi
радыё	radio
радыё	radɨjo
радыёабсталяванне	radɨjoapstalʲavanʲːe
радыёвежа	radɨjovʲeʐa
радыёвузел	radɨjovuzʲeɫ
радыёвяшчанне	radɨjovʲaʂtʂanʲːe
радыёлакатар	radɨjoɫakatar
радыёстанцыя	radɨjostantsɨja
радыёсувязь	radɨjosuvʲasʲ
радыёхімія	radɨjoxʲimʲija
радыёцэнтр	radɨjotsɛntr
раечка	raʲitʂka
ражкі	raʃkʲi
ражна	roʐna
ражне	raʐnʲe
ражном	roʐnom
ражок	roʐok
ражон	raʐon
раз	ras
раз'юшаны	razʲjuʂanɨ
раз'юшваць	razʲjuʂvatsʲ
раз-пораз	rasporas
раза	raza
разабрацца	razabratsa
разабрацца	razabratsːa
разаб’ецца	razabjetstsa
разагнаны	razaɣnanɨ
разагрэць	rɛzaɣrɛtsʲ
разадраных	razadranɨx
разальецца	razaljetsːa
разам	razam
разарваныя	razarvanɨja
разарвацца	razarvatsːa
разарваць	razarvatsʲ
разбагацець	rasbaxaʲːetsʲ
разблытаць	razblɨtatsʲ
разбойнікам	razbojnʲikam
разборкі	razporkʲi
разборы	razborɨ
разбудзіць	razbudzʲitsʲ
разбурана	razburana
разбурацца	razburatsːa
разбурыла	razburɨɫa
разбурэнне	razburɛnʲːe
разбэсціцца	rasbɨʂtsʲitsːa
разбэсціўся	razbazʲtsʲiu̯sja
разбэшчвацца	razbʲaʂtʂvatsːa
разбэшчваць	razbʲeʂtʂvatsʲ
разбівацца	razʲbʲivatsːa
разбіваць	razʲbʲivatsʲ
разбіраецца	razbɨraʲetstsa
разбіраць	razbʲiratsʲ
разбітыя	razbʲitɨja
разбіцца	razbʲitsːa
разбіцца	razʲbʲitsːa
разбіць	razbʲitsʲ
развага	razvaɣa
разважлівы	razvaʐlʲivɨ
разважыць	razvaʐɨtsʲ
разваліць	razvalʲitsʲ
развароту	razvarotu
разведку	razvʲadku
развеюць	razvʲejutsʲ
развеяны	razʲvʲejanɨ
развод	razvod
разводзім	razvodzʲim
разводы	razvodɨ
развучым	razvutʂɨm
развядзе	razvjadzʲe
развядзенні	razvʲadzʲennʲi
развязны	razvjaznɨ
развярэдзілася	razvʲarɛdzʲiɫasja
развівае	razvʲivaʲe
развівала	razvʲivaɫo
развівацца	razvʲivatsːa
развіваць	razbʲivatsʲ
развіднівацца	razvʲidnʲivatsːo
развіта	razvʲita
развіталіся	razvʲidolʲisja
развіталіся	razvʲitalʲisja
развітацца	razvʲitatsːa
развітаюся	razvʲidɑjusja
развітвацца	razvʲitvatsːo
развітога	razvʲitoɣa
развіты	razvʲidɨ
развітымі	razvʲitɨmʲi
развіццё	razvʲitstsʲo
разгадку	rozxadku
разгалісты	razɣaɫʲistɨ
разгарнуцца	razɣarnutsːa
разгары	razɣarɨ
разгледзець	razɣlʲedzʲitsʲ
разгледзеў	razɣlʲetzʲau̯
разгляд	razglʲad
разглядае	razɣlʲadaje
разглядалі	razɣlʲadalʲi
разглядаць	razɣlʲadaʲtsʲ
разглядаю	raziɣlʲadaju
разгляду	razɣlʲadu
разгорнутую	razɣurnutuju
разгорнуты	razɣornotɨ
разгубленасць	razɣublʲinastsʲ
разгубіла	razɣubʲiɫa
разгінаючыся	rasjinajutʂɨsja
раздарожжа	prasdaroʂʐa
раздаць	rozdatsʲ
раздачай	razdotʂaj
раздачы	razdatʂɨ
раздаю	razdaju
раздаюцца	razdajutsːo
раздзел	razdzʲeɫ
раздзявацца	razdzʲavatsːa
раздражняць	razdraʂnʲatsʲ
раздуваць	razduvatsʲ
раздумваў	rastumvau̯
раздым	razdɨm
разе	razʲe
разета	razʲeta
разеткай	razʲetkaj
разетках	razʲetkax
разлад	razɫad
разладу	razɫadu
разлютаваны	razlʲidavanɨ
разлівацца	raslʲivatsːa
разлік	razʲlʲik
разлік	rɐzlik
разліковым	rozɫʲikovɨm
разліла	razlʲiɫo
разлічаныя	razɫʲitʂanɨja
разлічвацца	razɫʲitʂvatsːa
разлічваць	razlʲidʐvatsʲ
разлічыцца	razlʲitʂɨtsːa
размах	raʐmax
размаўляе	razmau̯lʲaʲem
размаўлялі	razmau̯lʲaɫʲi
размаўляць	razmau̯lʲatsʲ
размаўляю	razmau̯lʲaju
размаўляю	rɑzmau̯lʲaju
размерных	razmʲernɨx
размешчаны	razmʲerʂtʂanɨ
размешчаны	razmʲeʂtʂanɨ
размова	razmova
размовамі	razmovamʲi
размовы	razmovɨ
размовіць	razmovʲitsʲ
размоўнік	razmou̯nʲik
размывы	razmɨvɨ
размыла	razmɨɫa
размытыя	razmɨtɨja
размяжоўваюцца	razmjaʐou̯voʲetsːo
размяклі	razmjakɫʲi
размясціцца	razmjastʲitsːa
размяшчаліся	razmjaʂtʂaɫʲisja
размяшчаць	razmʲaʂtʂatsʲ
размяшчаюцца	razmjaʂtʂaʲutsːa
размяшчаўся	razmjaʂtʂowʂja
разнастайнае	raznastajnɛje
разнастайная	raznastajnaja
разнастайнымі	raznastajnɨmji
разнастайныя	raznastajnɨja
разносяцца	raznosʲatstsa
разношу	raznosu
разным	raznɨm
разнымі	raznɨmʲi
разных	raznɨx
разоў	razou̯
разрабаваныя	razrabavanɨja
разрадах	razradax
разрадзіцца	razradsʲitsːo
разрадкай	razratkaj
разрады	razradɨ
разрульваць	razruɫʲvatsʲ
разруха	razruxa
разрывае	razrɨvaʲe
разрывала	rozrɨvaɫa
разрываць	prasrɨvatsʲ
разрываюцца	razrɨvaʲutsːa
разрыў	razrɨu
разрэджаны	razrɛdʂanɨ
разу	razu
разумела	razumʲeɫa
разумець	razumʲetsʲ
разумею	razumʲeju
разумна	razumna
разумная	razumnaja
разумны	razumnɨ
разумным	razumnɨm
разумнымі	razumnɨmʲi
разумных	razumnɨx
разумныя	razumnɨja
разы	razɨ
разынкай	razɨnkaj
разынку	razɨnku
разынкі	razɨnkʲi
разысціся	razɨzstsʲisja
разыходзіцца	razɨxodzʲitsːa
разыходзіўся	razɨxodzʲiu̯sja
разышоўся	razɨʂou̯sʲa
разьба	rɛzʲba
разьбяр	razʲbjar
разяўлены	prasjau̯lʲenɨ
раз’еханы	razjexanɨ
раз’юшаная	razjuʂanɨja
раз’юшаны	razjuʂanɨ
раз’юшаныя	razjuʂanɨja
рай	raj
райце	rajtsʲe
райцэнтрам	rajtsɛntram
рак	rak
рака	raka
ракавіна	rakavʲina
ракавінка	rakabinka
ракавіну	rakavʲinu
ракаў	rakau̯
ракет	rakʲet
ракета	rakʲeta
ракетка	rokjetka
ракету	rakʲetu
ракеты	rakʲetɨ
ракой	rokoj
ракушка	rakuʂka
ракі	rakʲi
ракі́шкі	rakʲiʂkʲi
рала	raɫa
раліст	raɫʲist
рам	ram
рама	rama
рама	ramam
раман	raman
рамана	ramana
раманах	ramanax
раманаў	ramanau̯
раманскіх	ramanskʲix
раманскія	ramanskʲija
рамантызм	ramantɨzm
рамантыкаў	ramantɨkau̯
рамантычна	ramantɨtʂna
рамантычнага	ramantɨtʂnaɣa
рамантычнай	ramantɨtʂnaj
рамантычны	ramantɨtʂnɨ
рамантычны	rovontɨtʂnɨ
рамантычнымі	ramantɨtʂnɨmʲi
рамантычныя	ramantɨtʂnɨja
раману	ramanu
раманчук	ramantʂuk
раматус	ramatus
рамачны	ramatʂnɨ
рамесная	ramʲesnaja
рамеснік	ramʲesʲnʲik
рамка	ramkam
рамках	ramgax
рамку	ramku
рамонт	ramont
рамонтам	ramontam
рамонтны	ramontnɨ
рамонтным	ramontnɨm
рамонтных	ramontnɨx
рамонту	ramontu
рамонце	ramonʲtsʲe
раму	ramu
рамцы	ramtsɨ
рамы	ramɨ
рамяство	ramʲastvo
ран	ran
рана	rana
ранак	ranak
ранг	ranx
рангам	ranɣam
раней	ranʲej
ранейшае	ranʲejʂoʲe
ранейшая	rɑnʲejʂaja
ранейшымі	ranʲejʂɨmʲi
ранейшых	ranʲejʂɨx
раненне	pranʲennʲa
ранены	raʲːenɨ
раненых	ranʲenɨx
раненыя	ranʲenɨja
раненька	ranʲenʲka
ранкам	rankam
ранкам	rɑngam
ранкі	rankʲi
ранняга	ranʲːaɣa
ранні	ranʲːi
ранні	ranːi
раны	ranɨ
раняць	ranʲatsʲ
ранімая	ranʲimaja
раніца	ranʲitsa
раніцаю	ranʲitsajup
раніцою	ranʲitsoju
раніцу	ranʲitsu
ранішні	ranʲaʂnʲi
рапа	rapa
рапарт	rapart
рапсавы	rapsavɨ
раптам	raptam
раптам	raptəm
раптоўна	raptou̯na
раптоўны	raptou̯nɨ
раптоўным	raptou̯nɨm
рапуха	rapuxa
рас	ras
раса	rafa
раса	rasa
расавым	rasavɨm
расамаха	rasamaxa
расеец	rasʲejets
расейскай	rasʲejskaj
расейская	rasʲejskoʲa
расейскі	rasʲejskʲi
расейскіх	rasʲijskʲix
расейскія	rasʲejskʲija
расейцы	rasʲejtsʲ
расея	rasʲeja
раска	raska
раскажам	raskoʐam
раскажу	raskaʐu
расказ	rɔskas
расказалі	raskazaɫʲi
расказаны	raskazanɨ
расказаць	raskazatsʲ
расказваць	rɑskazvatsʲ
раскаянне	razkaʲenʲːe
расклад	raskɫat
раскол	razkou̯
расколін	raskoɫʲin
расколіна	raskolʲena
раскопках	raskopkax
раскопкі	raskopʲːi
раскоша	raskoʂa
раскошы	raskoʂɨ
раскручаны	raskrutʂanɨ
раскрытую	rozkrɨtuju
раскрытымі	rozkrɨdɨmʲi
раскрыць	praskrɨtsʲ
раскрыць	raskrɨtsʲ
раскуплены	raskuplʲenɨ
расліна	rasʲlʲina
раслінны	raslʲinnɨ
расліну	rasɫjinu
расліны	rosɫʲinɨ
расоны	azonɨ
распавядаць	raspavʲadatsʲ
распавялі	raspavjaɫi
распаду	raspadu
распазычыш	raspozɨtʂaʂ
распароць	rasparotsʲ
распачалося	rasʲpatʂaɫosja
распачаты	raspatʂatɨ
распачне	raspatʂnʲe
распаўсюджванне	raspau̯sʲudʐvanʲːe
распаўсюджвання	raspau̯sʲudʐvanʲːa
распаўсюджвацца	raspau̯sʲudʐvatsːa
распаўсюдзіцца	raspau̯sʲudzʲitsːa
распесціць	rasʲpʲesʲtsʲitsʲ
расплываюцца	raspɫɨvajutsːa
расплюшчу	rasplʲuʂtʂu
расплюшчым	rasplʲuʂtʂɨm
расплюшчыць	rasplʲuʂtʂɨtsʲ
расплюшчыш	rasplʲuʂtʂɨʂ
распоркі	rasporkʲi
расправы	raspravɨ
распранаючыся	raspranojudʐɨʂja
распрацаваная	razpratsavonaja
распрацаваны	raspratsavonɨ
распрацаваць	raspratsavatsʲ
распрацовак	raspratsovag
распрацоўка	praspratsou̯ka
распродаж	rasprodaʃ
распустай	raspustaj
распухлы	raʂpuxɫɨ
распушчана	raspuʂtʂana
распылялі	raspɨlʲaɫʲi
распытвалі	razpɨtvalʲi
распытваць	raspɨtvatsʲ
распытваць	raspɨtʋatsʲ
распіска	raspjska
рассеяны	rasʲːejanɨ
расступаўся	rastupau̯sja
рассячы	raztsʲatʂɨ
раставанне	rastavannʲi
раствор	rastor
раствор	rastvor
растворам	rastvoram
растлумач	rastɫumatʂ
растлумачу	rastɫumatʂu
растлумачыць	rastɫumatʂɨtsʲ
растуць	raʂtutsʲ
расходы	rasxodɨ
расце	roʂtsʲe
расцягнуты	rastsʲaɣnutɨ
расці	rasʲtsʲi
расціслаў	rasʲtsʲisɫau̯
расчараваны	rastʂaravanɨ
расчараваныя	raʂtʂaravanɨja
расчаравацца	raʂtʂaɫovatsːa
расчараваць	raʂtʂaravatsʲ
расчлянёны	rastʂlʲanʲonɨ
расчосак	raʂtʂosak
расчоска	raʂtʂoska
расчоскай	raʂtʂoskaj
расчоскам	raʂtʂoskam
расчосках	raʂtʂoskax
расчоскаю	raʂtʂoskaju
расчоску	raʂtʂosku
расчоскі	raʂtʂoskʲi
расчосцы	raʂtʂostsɨ
расчуліцца	rastʂulʲitsːa
расшморгваць	rasmorɣvatsʲ
расшморгваючы	rasʂmorɣvoʲutʂɨ
расшпільваючы	rasʂpʲiɫʲvojutʂɨ
расы	rasɨ
расьліна	rasʲlʲina
расяны	rasʲanɨ
расізм	rasʲizm
расійскі	rasʲijskʲi
расія	rasʲija
расіян	rasʲijan
расіяне	rasʲijanʲe
расіянка	rasʲijanka
расіянін	rasʲijanʲin
ратавала	ratavaɫa
ратавальны	ratavalʲnɨ
ратавальнік	ratavoɫʲnʲik
ратавалі	ratavalʲi
ратавацца	ratavatsːa
ратаваць	ratavatsʲ
ратаваў	ratavau̯
ратай	ɾataj
ратуе	ratuje
ратуйце	ratuʲtsʲe
ратунку	ratunku
ратуша	ratuʂɨ
ратую	ratuju
ратуюць	ratujutsʲ
ратыфікавалі	ratɨfʲikavoɫʲi
раунд	round
раундзе	raundzʲe
рахавала	raxavaɫa
рахаваць	raxavatsʲ
рахаваў	raxavau̯
рахманы	raxmanɨ
рахуе	raxuje
рахуй	raxuj
рахунак	raxunak
рахунка	raxunka
рахункам	raxunkom
рахункаў	raxunkau̯
рахунку	raxunku
рахункі	raxunkʲi
рахую	raxuju
рахіт	rasʲit
рацый	ratsɨj
рацыі	raʲtsɨʲi
рацэ	ratsɛ
рачны	ratʂnɨ
рачнымі	ratʂnɨmʲi
рачных	ratʂnɨx
рачныя	ratʂnɨja
рашаць	raʂatsʲ
рашотка	raʂotka
рашотку	raʂotku
рашуча	rasutʂa
рашучасці	raʂutʂasʲtsʲi
рашучыя	raʂutʂɨja
рашыць	raʂɨtsʲ
рашэнне	raʂɛnʲːe
рашэння	raʂʲenʲa
рашэнні	raʂɛnnʲi
раю	raju
рая	raja
раяль	rojalʲ
раяля	rajalʲa
раяцца	rajatsa
раён	rajon
раёна	raʲona
раёнам	rajonam
раёнах	rajonox
раённага	roʲonnaɣa
раённай	raʲonnaj
раённым	raʲonnɨm
раённых	rojonnɨx
раёну	raʲonu
раёны	roʲonɨ
раі	raji
раім	raʲim
раіса	rajisa
раіць	rajitsʲ
раўбічы	rau̯bʲitʂɨ
раўнамерны	rau̯nomjernɨ
раўнапраўе	rau̯naprau̯
раўнівы	rau̯nʲivɨ
раўніна	rau̯nʲino
раўнінах	rau̯nʲinax
раўніну	rau̯nʲinu
раўці	rau̯tsʲi
рвацца	arvatsːa
рваць	rvatsʲ
рве	rvʲe
рвуцца	rvutsːa
ржаць	rʐatsʲ
ржы	rʐɨ
ржышча	rʒɨʂtʂa
ржышчы	rʐɨʂtʂɨ
робат	robat
робат	roˈbɑt
робатам	robatam
робяць	robʲatsʲ
робячы	robʲatʂɨ
робім	rabʲim
робім	robʲim
робіце	robʲitsʲe
робіцца	robʲitstsa
робіць	robʲitsʲ
робіш	robʲiʂ
рова	rova
ровам	rovam
ровар	rovar
роварам	rovaram
роварах	rovarax
ровары	rovarɨ
рог	rogo
рог	rox
рога	roɣa
рогату	roxatu
род	rot
рода	roda
родавым	rodavɨm
родавыя	rodovɨja
родах	rodox
родзічы	rodzʲetʂɨ
родзічы	rodzʲitʂɨ
роднага	rodnaɣa
роднае	rodnoʲe
роднай	rotnaj
роднасная	rotnasnɛja
роднасныя	rodnɨsnɨja
родная	rodnoja
родны	rodnɨ
родным	rodnɨm
роднымі	rodnɨmʲi
родных	rotnɨx
родныя	rodnɨʲa
роду	rodu
роды	rodɨ
роды	rodɪ
родый	rodɨ
розгалас	rozɣɫas
роздум	rˈostu
роздуму	roztumu
рознага	roznaɣa
рознае	roznaʲe
рознай	rosnaj
рознакаляровыя	roznakalʲarovɨʲa
рознасці	rosnasʲtsʲi
розная	roznaʲa
розную	roznuʲu
розны	roznɨ
розным	rosnɨm
рознымі	roznɨmʲi
розных	roznɨx
розныя	roznɨja
розняцца	roʐnʲatsːa
розніца	rozʲnʲitsa
розніцу	roznʲitsu
розніцы	roʐnʲitsɨ
рознічны	roznʲitʂnɨ
розум	rozum
розум	roˈzu
розумам	rozumam
розуме	rosumʲe
розуму	rozumu
рой	roj
рок	rok
рок	rɔk
рок-	rok
рок-бар	rokbar
рок-шоу	rokʂou
рокавай	rokovaj
рокавы	rokavɨ
рокер	rokʲer
року	roku
рольку	roɫʲku
роля	rola
роля	rolʲa
ролі	roɫʲi
ролікам	roɫʲikam
роліках	roɫʲikox
ролікі	roɫʲikʲi
ром	ro
ром	rom
ромам	romam
рому	romu
рона	rono
рос	ros
росамі	rosamʲi
рослы	rɔsɫɨ
росны	rosnɨ
роспач	rospatʂ
роспач	rospatʃ
роспіс	roʂpʲis
роспісу	rospʲisu
рост	rost
ростры	rostrɨ
росту	rostu
рот	rot
рота	roto
рота	rɔta
ротавы	rotavɨ
ротай	rotaj
ротны	rotnɨ
роту	rotu
роты	rotɨ
роха	roxa
рохкаць	rɔxkatsʲ
роў	rou̯
роўна	rou̯na
роўнабочны	rou̯nabotʂnɨ
роўнае	rou̯naʲe
роўны	rou̯nɨ
роўных	rou̯nɨx
роўныя	rou̯nɨja
ртуць	rtutsʲ
руанда	ruanda
рубеж	rubʲeʂ
рубель	rubʲelʲ
рубец	rubʲets
рубленыя	rubʲːenɨja
рубля	rublʲa
рублях	rublʲax
рублёвых	rubɫʲovɨx
рублёвыя	rubɫʲovɨja
рублі	rubɫʲi
рубрык	rubrɨk
рубідый	rubʲidɨ
рубін	rˈubiˌn
руда	ruda
рудая	rudaja
рудзі́шкі	rudzʲiʂkʲi
руднік	rudnʲik
рудой	rudoj
руду	rudu
руды	rudɨ
рудыя	rudɨja
ружа	ruʐa
ружавець	ruʐavʲets
ружай	ruʐaj
ружанец	ruʐanʲets
ружовага	ruʐovoxa
ружовай	ruʐovaj
ружовашчокі	ruʐovaʂtʂokʲi
ружовы	ruʐou̯ɨ
ружовы	ruʐovɨ
ружовым	ruʐovɨm
ружовымі	ruʐovɨmʲi
ружовых	ruʐovɨx
ружу	ruʐu
ружы	ruʐɨ
руйнаваць	rujnavatsʲ
рук	ruk
рука	ruka
рукавом	rukavom
рукавіцы	rukavʲitsɨ
рукам	rukam
рукамі	rukamʲi
рукапіс	rukapʲis
рукапісах	rukapʲiʂax
рукапісе	rukapʲisʲe
рукапісу	rukapʲisu
руках	rukax
рукаў	rukau̯
рукой	rukoj
рукою	rukoju
руку	ruku
рукі	rukʲi
рулоны	ruɫonɨ
руль	ruɫʲ
рулём	rulʲom
рулі	ruɫji
рум	rum
румынам	rumɨnam
румынскага	rumɨnskaxa
румынскаму	rumɨnskomu
румынскі	rumɨnskʲi
румыны	rumɨnɨ
румынія	rumɨnʲija
руні	ruʲːi
руплівасць	rublʲivaztsʲ
руплівы	ruplʲivɨ
рупна	rupna
рупілася	rupʲiɫaʂja
рупіцца	rupʲitstsa
рупіць	rupʲitsʲ
русай	rusaj
рускай	ruskaj
рускамоўных	ruskamou̯nɨx
рускаму	ruskamu
руская	ruskaja
рускі	ruskʲi
рускімі	ruʂkʲimʲi
рускіх	ruskʲix
руслан	rusɫan
русы	rusɨ
русь	rusʲ
русь	rˈus
руся	rusʲa
русявы	prusjavɨ
русі	ɾusʲi
русізмы	rusʲizmɨ
русін	rusʲin
русінаў	rusʲinau̯
русіфікаваны	ɣrusʲifʲikavanɨ
рута	ruta
рух	rux
рух	rˈuːx
руха	ruxa
рухавая	ruxavaja
рухавы	ruxavɨ
рухавых	ruxavɨx
рухавік	ruxavʲik
рухавіком	ruxavʲikom
рухае	ruxaʲe
рухаецца	ruxaʲetstsa
рухальнай	ruxaɫʲnaj
рухаліся	ruxaɫʲisja
рухам	ruxam
рухах	ruxax
рухаць	ruxatsʲ
рухаў	ruxau̯
рухомага	ruxomaxa
рухомай	ruxomaj
рухомы	ruxomɨ
рухомым	ruxomɨm
рухомыя	ruxomɨja
руху	ruxu
рухі	ruxji
руцэ	rutsɛ
ручай	rutʂaj
ручай	rutʃaj
ручая	rutʂaja
ручаёк	rutʂaʲok
ручаём	rutʂaʲom
ручаіна	rutʂaɣʲina
ручаіну	rutʂaʲinu
ручка	rutʂka
ручкай	rutʂkaj
ручкамі	rutʂkamʲi
ручкаю	rutʂkaju
ручку	rutʂku
ручкі	rutʂkʲi
ручная	rutʂnaja
ручной	rutʂnoj
ручны	rutʂnɨ
ручным	rutʂnɨm
ручных	rutʂnɨx
ручнік	rutʂnʲik
ручніка	rutʂnʲika
ручніком	rutʂnʲikom
ручцы	rutsːɨ
рушнікі	ruʂnʲikʲi
рушу	ruʂu
рушыла	ruʂɨɫa
рушылі	ruʂɨɫʲi
рушылі	ruʃɨɫʲi
рушым	ruʂɨm
рушыў	ruʂɨu̯
руін	ruʲin
руіны	rujinɨ
руіны	ruɣʲinɨ
рыб	rɨb
рыба	rɨba
рыбавода	rɨbavodo
рыбай	rɨbaj
рыбак	rɨbak
рыбак	rɨban
рыбакі	rɨbakʲi
рыбалка	rɨpau̯ka
рыбалкай	rɨpaɫkaj
рыбам	rɨbam
рыбка	rɨbka
рыбку	rɨbku
рыбкі	rɨpkʲi
рыбны	rɨbnɨ
рыбнымі	rɨbnɨmʲi
рыбных	rɨbnɨx
рыбныя	rɨbnɨʲa
рыбу	rɨbu
рыбы	rɨpɨ
рыбіна	rɪbʲina
рыбіну	rɨbʲinu
рыбіны	rɨbʲinɨ
рывок	rɨvok
рыга	rɨga
рыга	rɨva
рыга	rɨɣa
рыго́равіч	prɨɣoravʲitʂ
рыгор	riɣor
рыгор	rɨɣor
рыдалі	rɨdaɫʲi
рыдлёўка	rɨdlʲou̯ka
рыж	rɨʂ
рыжаватыя	rɨʐavatɨja
рыжая	rɨʂaʲa
рыжы	rɨʐɨ
рыжы	rɨʒɨ
рыжымі	rɨʐɨmʲi
рыжыя	rɨʂɨja
рыза	rɨzɐ
рызаліту	rɨzalʲitu
рызнік	rɨznʲik
рызніца	rɨznʲitso
рызніцамі	rɨznʲitsamʲi
рызніцы	rɨznʲitsɨ
рызыкну	rɨzɨknu
рызыкоўна	rɨzɨkou̯na
рызыкоўны	rɨzɨkou̯nɨ
рызыкі	rɨzɨkʲi
рызіну	rɨzʲinu
рык	rɨk
рыкаць	prɨkatsʲ
рыкаць	rɨkatsʲ
рыла	rɨɫa
рыльца	rɨlʲtsa
рым	rɨm
рымскай	rɨmskaj
рымскі	rɨmskʲi
рымскім	rɨmskʲim
рынак	rɨnak
рыначную	rɨnatʂnuju
рыначны	rɨnatʂnɨ
рыначных	rɨnatʂnɨx
рынды	rɨndɨ
рынка	rɨnka
рынкавы	rɨnkavɨ
рынкавых	rɨnkavɨx
рынкавыя	rɨnkavɨja
рынкам	rɨnkam
рынках	rɨnkax
рынкаў	rɨnkau̯
рынку	rɨnku
рынкі	rɨnkʲi
рынулася	rɨnuɫasja
рынуліся	rɨnuɫʲisja
рып	rɨp
рыпам	rɨpom
рыпелі	rɨpʲeɫʲi
рыпець	rɨpʲitsʲ
рыпучай	rɨputʂaj
рыпіць	rɨpʲitsʲ
рыс	rɨs
рыса	rɨsa
рысавай	rɨzavaj
рысаваным	rɨsavanɨm
рысаваць	rɨsavatsʲ
рысавыя	rɨsavɨja
рысам	rɨsam
рысамі	rɨsamʲi
рысах	rɨsox
рысе	rɨsʲe
рыска	rɨskaja
рыскі	rɨsˈkɪ
рысу	rɨsu
рысуе	rɨsuje
рысуеш	rɨsujeʂ
рысунак	rɨsunak
рысунка	rɨsunka
рысую	rɨsuju
рысы	rɨʂɨ
рысь	rɨsʲ
рысі	rɨsʲi
рыта	rɨta
рытм	rɨtm
рытмам	rɨtmam
рытме	rɨtmʲe
рытмы	rɨdmɨ
рытміку	rɨtmɨku
рытмічны	rɨdmʲitʂnɨ
рыторыка	rɨtorɨka
рыторыкі	rɨtorɨkʲi
рыф	rɨv
рыфа	rɨfa
рыфах	rɨvax
рыфма	rɨfma
рыфму	rɨfmu
рыфмы	rɨfmɨ
рыфы	rɨfɨ
рыхлых	rɨxɫɨx
рыхтаваць	rɨxtavatsʲ
рыхтуе	prɨxtuʲe
рыхтую	rɨxtuju
рыхтык	rɨxtɨk
рыцар	rɨtsar
рыцара	rɨtsaro
рыцары	rɨtsarɨ
рыць	rɨtsʲ
рыштаванні	rɨʂtavannʲi
рыштунак	rɨʂtunok
рыштунку	rɨʂdunku
рэ́таў	rɛtau̯
рэактара	rɛaktara
рэактарах	rɛaktorax
рэакцыю	rɛaktsɨʲu
рэакцыя	rɛaktsɨja
рэакцыяй	rɛaktsɨjaj
рэакцыі	rɛaktsɨʲi
рэальна	rɛaɫʲna
рэальнасці	rɛaɫʲnasʲtsʲi
рэальная	rɛaɫʲnaja
рэальны	rɛaɫˈnɨ
рэальным	rɛaɫʲnɨm
рэальных	rɛaɫʲnɨx
рэальныя	rɛaɫʲnɨja
рэбры	rɛbrɨ
рэбус	rɛbuz
рэвалюцыйных	rɛvaɫjutsɨjnɨx
рэвалюцыя	rɛvalʲutsɨja
рэванш	rɛvanʂ
рэверс	rɛvʲers
рэвю	rɛvju
рэвізія	rɛvʲizʲija
рэгата	rɛɣata
рэгламент	rɛɣlamʲent
рэгуляваць	rɛɣulʲavatsʲ
рэгулярны	rɛɦulʲarnɨ
рэгулярным	rɛɣulʲarnɨm
рэгулярнымі	rɛɣulʲarnɨmʲi
рэгуліроўкі	rɛɣuɫʲirowkʲi
рэгіна	rɛɣʲina
рэгістраваць	rɛɣʲistrɨvatsʲ
рэгістрацыя	rɛɣistrɑtsɨja
рэгіянальны	rɛɣʲijanalʲnɨ
рэгіён	rɛɣʲijon
рэгіёна	rɛɣʲiʲona
рэгіёну	rɛɣʲiʲonu
рэдагавання	rɛdaɣavannʲa
рэдагаваць	rɛdaɣavatsʲ
рэдактар	rɛdaktɔr
рэдактарам	rɛdaktoram
рэдакцыю	rɛdaktsɨju
рэдакцыя	rɛdaktsɨʲa
рэдакцыі	rɛdaktsɨʲi
рэдка	rɛtka
рэдкі	rɛtkʲi
рэдкім	rɛdkʲim
рэдкімі	rɛdkʲimʲi
рэдкіх	rɛdkʲix
рэдкія	rɛdkʲija
рэдукаваныя	rɛdukavanɨja
рэдукцыі	rɛduktsɨʲi
рэек	rɛʲek
рэестры	rɛʲestrɨ
рэж	rɛʂ
рэжа	rɛʐa
рэжуць	rɛʐutsʲ
рэжым	rɛʐɨm
рэжым	rɛʒɨm
рэжыме	rɛʐɨmʲe
рэжыму	rɛʐɨmu
рэжымы	rɛʐɨmɨ
рэжысуру	rɛʐɨsuru
рэжысёр	rɛʐɨsʲor
рэзаць	rɛzatsʲ
рэзаць	rɛzɐtsʲ
рэзерв	rɛzʲerv
рэзервы	rɛzʲervɨ
рэзкай	rɛzkaj
рэзкі	rɛsˈsˈi
рэзкіх	rɛzkʲix
рэзнула	rɛznuɫa
рэзон	rɛzon
рэйва	rɛjva
рэйвы	rɛjvɨ
рэйды	rɛjdɨ
рэйка	rɛjka
рэйкай	rɛjkaj
рэйках	rɛjkax
рэйс	rɛis
рэйсам	rɛjsam
рэйсаў	rɛjsau̯
рэйсы	rɛjʂɨ
рэйтары	rɛjtarɨ
рэйтынгу	rɛjtɨnɣu
рэк	rɛk
рэкамі	rɛkamʲi
рэках	rɛkax
рэклама	rɛkɫama
рэкламай	rɛkɫamaj
рэкламе	rɛkɫamʲe
рэкламнага	rɛkɫamnaɣa
рэкламнай	rɛkɫamnaj
рэкламным	rɛkɫamnɨm
рэкламных	rɛkɫamnɨx
рэкламу	rɛkɫamu
рэкордам	rɛgordom
рэкордную	rɛkordnuju
рэкордны	rɛkordnɨ
рэкордным	rɛkordnɨm
рэкорды	rɛgordɨ
рэктар	rɛktar
рэкі	rɛkʲi
рэле	rɛlʲe
рэлейнай	rɛlʲejnaj
рэлексіфікацыя	rɛalʲeksʲifʲikatsɨja
рэлігія	rɛlʲiɣʲija
рэліктавага	rɛɫʲiktavaɣa
рэм	rɛm
рэмарак	rɛmarak
рэмень	rɛmʲenʲ
рэмень	rɛmʲinʲ
рэп	rɛp
рэп-рок	rɛprok
рэпа	rɛpa
рэпавы	rɛpavɨ
рэпартажнай	rɛpartaʐnaj
рэпертуар	rɛpɛrtuɐr
рэпетыцыя	rapʲetɨtsɨja
рэпетыцыя	rɛpʲetɨtsɨja
рэпеціраваць	rapʲetsʲiravatsʲ
рэпліка	rɛplʲika
рэпрадуктыўнай	rɛpraduktɨu̯naj
рэпы	rɛpɨ
рэспубліка	rɛspublʲika
рэспубліканскі	rɛspubɫikaɲski
рэспубліцы	rɛspublʲitsɨ
рэстаран	rɛstaran
рэстаранам	rɛstaranam
рэстарану	rɛstaranu
рэсурсам	rɛsursam
рэсурсамі	rɛsursamʲi
рэсурсу	rɛsursu
рэсурсы	rɛsursɨ
рэтушы	rɛtuʂɨ
рэфармацыі	rɛformatsɨʲi
рэферэндум	rɛfʲerɛndum
рэферэндуму	rɛfʲerɛntumu
рэформ	rɛform
рэформа	rɛforma
рэформаў	rɛformau̯
рэформу	rɛformu
рэформы	rɛformɨ
рэфрэнам	rɛfrɛnam
рэха	rɛxa
рэхам	rɛxom
рэхва	rɛxva
рэхвы	rɛxvɨ
рэцэнзія	rɛtsɛnsʲijɐ
рэцэпт	rɛtsɛpt
рэцэптар	rɛtsɛptɔr
рэцэптары	rɛtsɛptɛrɨ
рэцэпту	rɛtsɛptu
рэцэпце	rɛtsɛptsʲe
рэч	rɛtʂ
рэч	rɛtʃ
рэчавы	rɛtʂavɨ
рэчавыя	rɛtʂavɨja
рэчак	rɛtʂag
рэчамі	rɛtʂamɨ
рэчах	rɛtʂax
рэчачка	rɛtʂatʂka
рэчкай	rɛtʂkaj
рэчкаю	rɛtʂkaju
рэчку	rɛtʂku
рэчкі	rɛtʂkʲi
рэчцы	rɛtsɨ
рэчы	rɛtʂɨ
рэчы	rɛtʃɨ
рэчыва	rɛtʂɨva
рэчывам	rɛtʂɨvam
рэчывамі	rɛtʂɨvamʲi
рэчывах	rɛtʂɨvax
рэчываў	rɛtʂɨvaw
рэчывы	rɛtʂɨvɨ
рэчыцкага	rɛtʂɨtskaɣa
рэчышча	rɛtʂɨʂtʂa
рэчышчам	rɛtʂɨʂtʂam
рэчышчы	rɛtʂɨʂtʂɨ
рэшата	rɛʂata
рэшт	rɛʂt
рэшта	rɛʂta
рэшта	rɛʃta
рэштках	rɛʂdkax
рэштку	rɛstku
рэшткі	rɛʂtʲːi
рэўнасць	rɛu̯nasʲtsʲ
с	s
с	sɯ̄˩˦
с	ˈɛs
са	fˈa
са	sa
сабак	sabak
сабака	sabaka
сабака	sɑbaka
сабакам	sabakam
сабакамі	sabakamʲi
сабаках	sabakax
сабаку	sabaku
сабакі	sabakʲi
сабачанё	sabatʃanʲo
сабачым	sabatʂɨm
сабе	sabje
сабе	sabʲe
сабой	saboj
сабор	sabor
саборным	sabornɨm
саборныя	sabornɨja
сабою	saboju
сабралі	sabraɫji
сабраць	sabratsʲ
сабраць	sabrˈatsʲ
саб’ем	sabjem
сава	sava
саван	savan
саван	zˈaɪvən
саваннах	savannax
саве	savʲe
савет	savʲet
савецкай	savʲetskaj
савецкі	savʲetskʲi
саву	savu
савіны	savʲinɨ
савіч	savʲitʂ
саган	sagam
сагнуць	sagnutsʲ
сагравалі	saɣravalʲi
сагрэй	saɣrɛj
сад	sat
сада	sada
садаві́на	sadɐvʲina
садавіна	sadavʲina
садавіну	sadavʲinu
садах	sadax
садзе	sadzʲe
садзейнічае	sadzʲejnʲitʂaʲe
садзейнічалі	sadzʲejnʲidʐalʲi
садзіках	sadzʲikax
садзікі	sadzʲikʲi
садкоў	sadkou̯
садовай	sadovaj
садовая	sadovaja
садовую	ʂadovuju
садоў	sadou̯
садоўнік	sotou̯nʲik
садоўскі	sadou̯skʲi
сады	sadɨ
сажа	saʐa
сажа	saːʒa
сажай	saʐaj
сажалка	saʐaɫka
сажалкі	saʐaɫkʲi
сажу	ʂaʐu
сайман	sajman
сайт	sajt
сайт	sˈaɪt
сайта	sajta
сайту	sajtu
сайты	sajtɨ
сака	saka
сакавік	sakavik
сакавік	sakavʲik
сакавітае	sakavjitaʲe
сакавіты	sakavʲitɨ
сакавіты	sakovʲitɨ
сакавіцкі	sakavʲitskʲi
сакаса	sakoʂa
сакатаць	fakatatsʲ
саковіч	sakovʲitʂ
саколка	sakolka
сакральныя	sakraɫʲnɨja
сакрамант	sakramant
сакрэт	sokrɛd
сакрэтна	sakrɛtna
сакрэтнай	sakrɛtnaj
сакрэтных	sakrɛtnɨx
сакрэту	sakrɛtu
сакрэце	sakrɛtsʲe
саксафаніста	saksafonʲista
саксы	saksɨ
сакэ	sakʲa
сала	saɫa
салавей	saɫavjej
салавей	saɫavʲej
саладзей	saɫadzjej
саламон	saɫamon
саланты	salante
салат	salat
салата	salata
салату	saɫatu
салаты	saɫatɨ
салаце	saɫatsʲe
салгаць	saɫɣatsʲ
салдат	saɫdat
салодка	savˈotka
салодкі	saɫodkʲi
салодкі	saɫotkʲi
салодкія	savodkʲija
салома	saloma
салома	saɫoma
салон	saɫon
салона	saɫona
салоне	saɫonʲe
сальда	saɫʲda
сальніца	soɫʲnʲitsa
салют	saɫʲut
салёнай	saɫʲonaj
салігорск	salʲiɣorsk
салігорск	solʲeɣorsk
сам	sam
сам-насам	samnasam
сама	sama
самаарганізацыя	samaarɣanʲizatsɨja
самаахвярнасць	samaaxvʲarˈnastsʲ
самабытных	samobɨdnɨx
самавара	samavara
самагонка	samaɣonka
самагубніца	samaɣubnʲitsa
самагубства	samaɣupstva
самагубіца	samaɣubʲitsːa
самадастатковы	samadastatkovɨ
самае	ʂamaʲːe
самай	sama
самай	samoj
самалёт	samalʲot
самалёты	samaɫjotɨ
самаму	samomu
саманавучальнік	samɨnavutʂaɫʲnʲig
саману	samanu
самапродаж	samaprodaʐ
самасвядомасць	samasvʲadomastsʲ
самастойна	samasdojna
самастойнасці	samastojnasʲtsʲi
самастойная	samastojnaʲa
самастойным	samastojnɨm
самастойнымі	samostojnɨmɨ
самастойныя	samastojnɨja
самастрэл	samastrɛɫ
самаход	samaxot
самачуцьце	samatʂutsːʲe
самая	samaʲa
самаўпэўненасць	samou̯pɛu̯nʲenastsʲi
самба	samba
самка	samko
самкі	samkʲi
самлела	samlela
самлелы	samɫʲeɫɨ
само	samo
самой	ʂamoj
самотны	samotnɨ
самотным	samotnɨm
самотных	zamotnɨx
самотнік	samutnˈik
самшыт	samʂɨt
самы	samɨ
самым	zamɨm
самымі	samɨmʲi
самых	samɨx
самыя	ʂamɨʲa
самі	sami
самі	ʂamji
самімі	samʲimʲi
саміх	samʲix
сан	san
сан-стэфанскі	sanstɛvanskʲi
санацыі	ʂanatsɨʲi
сандалі	sandalʲi
сандрыкі	sandrɨkʲi
санках	sankax
санлівасць	sanlʲivasʲtsʲ
санным	sannɨm
сану	sanu
сані	sanʲi
саперніка	sapʲernʲika
саперніцтва	sapʲernʲitstva
сапла	sɐpɫa
сапраўдна	saprau̯dnaja
сапраўднае	saprau̯dnaje
сапраўдны	saprau̯dnɨ
сапраўдным	saprau̯dnɨm
сапраўды	saprau̯dɨ
сапсаваны	sapsɔvanɨ
сапсаваных	sapsavonɨx
сапсавацца	zaptsavatsːo
сапсаваць	sapsavats
сапсуты	sapsudɨ
сапсую	sapsɔjˈu
сапучы	saputʂɨ
сара	sara
сараева	sarajeva
сарака	saraka
саракавы	sarakavɨ
сараматны	saramatnɨ
сарамлівы	saramlʲivɨ
сарацыны	saratsɨnɨ
сардэчна	sardɨtʂna
сардэчнай	sardɛtʂnaj
сардэчны	sardɛdʐnɨ
сардэчны	sardɛtʂnɨ
сарна	sarna
сарна	sarˈnˈa
сарока	saroka
саромецца	soromʲitstsa
саромеўся	saromʲiu̯sja
саромся	saromʂja
саромяцца	soromʲitstsa
сароміцца	soromitsːa
сароміўся	soromʲiu̯sja
сарочка	tsarotʂka
сарочку	sarotʂku
сарочкі	sarotʂkʲi
сарты	sardɨ
сарцавіна	sartsavinˈa
саскок	saskok
сасна	sasna
сасновіч	sasnovʲitʃ
сасну	saznu
саспелы	sazʲpʲeɫɨ
састаў	sastau̯
саступілі	sastupʲiɫʲi
саступіць	sastupʲitsʲ
саступіў	sastupʲiu̯
сасуд	sazsut
сасіска	sasʲiska
сатана	satana
сатурн	satuɾn
сатырычны	satɛrɨtʂnɨ
сахарын	saxarɨn
сахі	saxji
сацсетка	satsʲsʲetka
сацыяльна-эканамічная	satsɨjaɫʲnaɛkanamʲitʂnɨja
сацыяльная	satsɨjaɫʲnaja
сацыяльны	zatsɨjaɫʲnɨ
сацыялізм	satsɨjalʲizm
сачавіца	satʂavʲitsa
сачавіца	sotʂavʲitsːa
сачу	sotʂu
сачы	zatʂɨ
сачылі	sotʂɨlʲi
сачыць	sotʂɨtsʲ
сачыўкі	sotʂɨu̯kʲi
саюз	sajus
саюзы	sajuʐɨ
саўдзельнік	sau̯dzʲelʲnʲik
свабод	svabod
свабода	svaboda
свабода	tsvaboda
свабодны	svabodnɨ
свабодным	svabodnɨm
свабоду	svabodu
свабоды	svabodɨ
свае	zvoʲe
свайго	svojɣo
свайму	svojmu
сварка	svarca
сварка	svarka
сварку	svarku
сваркі	ʂvarkʲi
сварлівых	svarɫʲivɨx
сварылася	sʋarɨɫosja
сварыліся	svarɨlʲiʂja
сват	svat
сваток	svotok
сваты	svotɨ
сваю	svaju
свая	svaʲa
сваяк	svojak
сваякам	svojakam
сваяцкіх	svoʲatskʲix
сваяцтва	svaʲatstva
сваяцтва	sɫoʲatstva
сваё	svaju
сваё	svaʲo
сваёй	svajoj
сваёю	svaʲoju
сваім	svaʲim
сваіх	svaʲix
сведка	svˈetka
сведка	sʲvʲetka
сведка	zvˈetka
сведкам	ʂvʲedkam
сведкі	svɛdkʲi
сведкі	svˈedkɪ
сведчанне	zvʲetːʂɨnːʲa
сведчыў	svʲertʂɨu̯
свежай	svʲeʐaj
свежы	sʲvʲeʐɨ
свежым	svʲeʐɨm
свежых	zvʲeʐɨx
свенцяць	svʲenʲtsʲatsʲ
сверб	sʲvʲerp
свет	sʲvʲet
светабудова	sʲvʲatabudova
светам	svʲetam
светапогляд	sʲvʲatapoɣɫat
светаўспрыманне	zvʲatou̯sprɨmanʲːi
светла	svʲetɫa
светлагорск	ʂvʲatɫaɣorsk
светлае	svʲetɫaja
светлую	svʲetluju
светлы	sʲvʲetɫɨ
светлых	ʂvʲetɫɨx
свету	svʲedu
светы	svʲedɨ
свеце	ʂvʲetsje
свецкай	svʲetskaj
свецкімі	svʲetskʲimʲi
свеціць	svʲetsʲitsʲ
свечак	sʲvʲetʂak
свечачка	sʲvʲetʂatʂka
свечачны	sʲvʲetʂatʂnɨ
свечка	svˈetʃka
свечка	sʲvʲetʂka
свечкай	sʲvʲetʂkaj
свечкам	sʲvʲetʂkam
свечкамі	sʲvʲetʂkamʲi
свечках	sʲvʲetʂkax
свечкаю	sʲvʲetʂkaju
свечку	sʲvʲetʂku
свечкі	sʲvʲetʂkʲi
свечцы	sʲvʲetsːɨ
своеасаблівасць	svojaasablʲivastsʲ
своеасаблівы	svoʲeasablʲivɨ
своечасова	svojetʂasova
своечасова	svoʲatʂasova
свой	svoj
свой	svˈoj
свойскага	svojskaɣa
свядома	svʲadoma
свядомы	svʲadomɨ
свядомыя	svʲadomɨja
свядомыя	svʲadomɨʲa
свякроў	sʲvʲakrou̯
свякроўка	sʲvʲakrou̯ka
свякруха	sʲvʲakruxa
свярбяць	svjarbʲatsʲ
свята	svʲata
свята	sʲvʲata
свята	tsvʲata
святам	svjatam
святар	sʲvʲatar
святара	svʲatara
святарства	svjatarstva
святары	svjatarɨ
святах	svjatax
святкаваць	svjatgavatsʲ
святлана	sʲvʲatɫana
святлафор	sʲvʲatɫafor
святло	sʲvʲatɫo
святога	svjatoxa
святочна	svjatotʂna
святочнай	svʲatotʂnoj
святочную	svjatotʂnuju
святочны	svjatotʂnɨ
святочны	sʲvʲatotʂnɨ
святочным	svjatotʂnɨm
святую	svjatuju
святы	sʲvʲatɨ
святыню	svjatɨnʲu
святых	svjatɨx
святыя	svʲatɨja
свяціла	svʲatsʲiɫa
свяціла	ʃvʲatsʲiɫo
свяча	sʲvʲatʂa
свячэнні	svjatʂɛnnʲi
свяшчэннаслужыцель	sʲvʲaʂtʂɛnːasɫuʐɨtsʲelʲ
свяшчэнных	svjaʂtʂɛnnɨx
свёкар	sʲvʲokar
свінагадоўчая	svʲinaɣadou̯tʂaja
свіней	svʲinʲej
свінец	sʲvʲinʲets
свіння	sʲvʲinʲːa
свінцова-бэзавы	sʲvʲintsovabɛzavɨ
свіных	svʲinɨx
свіныя	svʲinɨja
свініна	tsvʲinʲina
свіран	ʂvʲiran
свірны	svʲirnɨ
свіст	svʲist
свіст	svˈest
свістаць	svistatsʲ
свістаў	svʲistaw
свісток	sʲvʲistok
світанку	svʲitanku
світанне	sʲvʲitanʲːe
світаннем	svʲitannʲem
світар	sʲvʲitar
світаць	svʲitatsʲ
світэр	zʲvʲitɛr
свішч	sʲvʲiʂtʂ
сегед	seɣit
сезон	sʲezon
сезону	sʲezonu
сей	sʲej
сейбіт	sʲæjbʲit
сек	sik
сек	sʲek
секла	sʲekɫa
сектар	sʲektor
секту	sʲektu
секунда	sekˈunda
секунда	sʲekunda
секцый	sʲektsɨj
секцыі	sʲektsɨʲi
секчы	sʲaptʂɨ
секчы	sʲektʂɨ
села	sʲela
селекцыі	sʲelʲektsɨʲi
селядзец	sʲelʲadzʲets
селязёнка	sʲelʲazʲonka
селі	sʲeɫʲi
сем	sʲem
сем	ʃˈem
сем'ям	sʲemjam
сем'ях	sʲemjax
сем'і	sʲemʲi
семантычны	sementɨtʂnɨ
семдзесят	sʲemdzʲaʂʲat
семдзесят	sʲemdzʲesʲat
семсот	sʲemsot
семя	sʲemʲa
семярых	sʲemjarɨx
семінары	sʲemʲinarɨ
семінарыя	sʲemʲinarɨja
сена	sʲena
сене	sʲenʲe
сенека	sʲenʲeka
сеннікі	sʲennʲikʲi
сену	sʲenu
сенцах	sʲentsax
сенцы	sentsˈa
сенцы	sʲentsɨ
сені	sʲenʲi
сені	sˈeɪnˈi
сера	sʲera
серабро	sʲerabro
серабром	sʲerabrom
серад	sʲerad
серада	sʲerada
серады	sʲeradɨ
сербаў	sʲerbou̯
сербская	sʲerbskaja
сербскі	sʲerpskʲi
сербія	sʲerbʲija
серверам	sʲervʲeram
серп	sʲerp
серп	sˈɔrp
серу	sʲeru
серучы	sʲerutʂɨ
серыял	sʲerɨjaɫ
серыяла	sʲerɨjaɫa
серыяле	sʲerɨjalʲe
серыялу	sʲerɨjaɫu
серыі	sʲerɨʲi
сесці	sʲesʲtsʲi
сет	sʲet
сетках	sʲetkox
сетку	sʲetku
сеткі	sʲetkʲi
сеул	sʲeuɫ
сеціва	sʲetsʲeva
сеціве	sʲetsʲivʲe
сеча	sʲetʂa
сечын	sʲetʂɨn
сеюць	sʲeʲutsʲ
сеялка	sʲeʲau̯ka
скажа	skaʂa
скажу	skaʐu
скажы	skaʐɨ
скажыце	skaʂɨtsʲe
сказ	skaz
сказ	skˈas
сказа	skaza
сказах	skazax
сказаць	skazatsʲ
сказаўшы	skazau̯sɨ
сказіць	skazʲitsʲ
скакала	skakaɫa
скакалі	skakaɫʲi
скакаў	skakau
скакун	skakum
скала	skala
скалах	skaɫax
скалечылі	sgalʲetʂɨlʲi
скалы	ʂkaɫɨ
скалярных	skalʲarnɨx
сканала	skanaɫa
скандал	skandau̯
скандый	skandɨ
сканчэння	skantʂɛnʲːa
скараць	skarɑtsʲ
скараціць	skaratsʲitsʲ
скарач	skaratʂ
скарачаць	skakatʂatsʲ
скарачаць	skaratʂatsʲ
скарб	skarp
скарбам	skarbam
скарбамі	skarbamʲi
скарбах	skarbax
скарбаў	skarbau̯
скарбе	skarbʲe
скарбу	skarbu
скарбы	skarbɨ
скардзіцца	skaldzʲitsːa
скарміць	skarmʲitsʲ
скарочанай	skarotʂanaj
скарочаных	skarotʂanɨx
скарпіён	skarpʲijon
скарыначка	skarɨnatʂka
скарынка	skarɯnka
скарынку	skarɨnku
скарынкі	skarɨnkʲi
скарысталі	skarɨstaɫʲi
скарыстаць	skarɨstatsʲ
скарыстоўваць	skarɨstou̯vatsʲ
скарэй	skarɛj
скасаваны	skasavana
скасаваць	skasavatsʲ
скасую	skasuju
скафандры	skafandrɨ
скаціны	skatsʲinɨ
скачках	zkatʂkax
скачок	skatʂok
скачок	skˈatʃˈok
сквапнасці	skvapnasʲtsʲi
сквапная	skvapnɨja
сквер	skvˈer
скверыка	skvʲerɨka
скверыку	skvʲerɨku
скеміць	skeˈmitsʲ
скепсіс	skˈepˈsiz
склад	skɫad
склада	skɫada
складаецца	zkɫadaʲetstso
складалі	skladaɫʲi
складана	skɫadana
складаная	skɫadana
складаны	skɫadani
складаны	skɫadonɨ
складаным	zkɫadanɨm
складаных	skɫadanɨx
складаныя	skɫadaniʲa
складаныя	ʂkladanɨja
складацца	skɫadatsːɨ
складаюцца	skladaʲutsːa
складзена	skɫadzʲana
складзеныя	skɫadzʲenɨja
складкі	skɫadkʲi
складнік	skɫadnʲig
складніка	skladnʲika
складу	skɫatu
складуцца	sgɫadutsːa
складуць	zkɫadutsʲ
склады	skɫadɨ
склалася	skɫaɫasja
скланенне	skɫanʲenʲːe
скланяйце	skɫanʲajtsʲe
склеп	skɫʲep
склон	sklɔn
склон	skɫon
склону	skɫonu
склізка	sklisˈke
склізкі	sklʲizkʲi
скліканне	sklʲikanːʲa
склікаць	sklʲigatsʲ
скоках	skokax
скону	skonu
скончана	skontʂana
скончу	skontʂu
скончылася	skontʂɨɫaʂja
скончым	skontʂɨm
скоп'е	skopje
скопішча	skopʲiʂtʂa
скора	skora
скоранька	skorɨnʲka
скорасць	skorasʲtsʲ
скорасці	skorosʲtsʲi
скорыя	skorɨja
скот	skot
скочыць	skotʂɨtsʲ
скрабкі	skrapkʲi
скрабло	skrɛbɫo
скрабучы	skrabutʂɨ
скралі	skroɫʲi
скрасці	skrasʲtsʲi
скрозь	skrosʲ
скромны	skromnɨ
скронь	skrˈon
скрутак	skɫutak
скруткам	skrutkam
скруцілася	skrutsiɫosja
скручваць	skrutʂvatsʲ
скручваць	skrutʃvatsʲ
скручу	skrutʂu
скрыжаванне	skrɨʐavonːʲi
скрыжаваныя	skrɨʐavanɨja
скрынка	skrɛnka
скрыню	skrɨnʲu
скрыня	skrɨnʲa
скрыня	skrˈinˈa
скрынях	skrɨnʲax
скрып	skrɨp
скрыпам	skrɨpam
скрыпач	skrɨpatʂ
скрыпачкі	skrɨpatʂkʲi
скрыпелі	skrɨpʲeɫʲi
скрыпка	skrɨpka
скрыпкі	skrɨpkʲi
скрыпяць	skrɨpʲatsʲ
скрытай	skrɨtaj
скубла	sˈkubɫˈɑ
скубці	skuˌptsʲi
скуголіць	skuɣolʲitsʲ
скула	skula
скулы	skuɫɨ
скулы	zkuɫɪ
скульптур	skuɫʲptur
скульптура	skuɫʲpturo
скульптурных	skuɫʲpturnɨx
скульптуру	skuɫʲpturu
скульптуры	skuɫʲpturɨ
скумбрыя	skumbraja
скупы	skupɨ
скупы	sˈkupˈy
скупым	skupɨm
скупыя	skupɨja
скур	skur
скура	skura
скурай	skuraj
скурам	skuram
скурамі	skuramʲi
скурах	skurax
скураю	skuraju
скуркай	skurkaj
скурку	skurku
скурным	skurnɨm
скурных	skurnɨx
скуру	skuru
скурцы	skurtsɨ
скуры	skurɨ
скурыць	skurɨtsʲ
скурыў	skurɨw
скутарыста	skutarɨsta
скіба	skiba
скібачка	skibatʃka
скібіна	skibˈino
сківіца	skʲivʲitsa
сківіцы	skʲivʲitsɨ
сківіцы	sʲkʲivʲitsɨ
скідай	skidɑj
скідалі	skidɑli
скідка	skˈitkʌ
скінуць	skʲinutsʲ
скіраваць	sʲːeravatsʲ
скіраваў	skjiravaw
слаба	ʂɫaba
слабы	sɫabɨ
слабыя	sɫobɨʲa
слава	sɫava
славай	sɫavaj
славак	sɫavak
славакам	sɫavakam
славакі	sɫavakʲi
славакія	sɫavakʲija
славацкі	sɫavatskʲi
славацкіх	sɫavatskʲix
славачка	sɫavatʂka
славаччына	sɫavatʂːɨna
славенскі	sɫavʲenskʲi
славенцам	sɫavʲentsam
славенія	sɫavʲenʲija
славенія	sɫavˈenija
славонія	sɫavonʲija
славу	sɫavu
славутымі	sɫavutɨmʲi
славы	sɫavɨ
славян	sɫavʲan
славянка	sɫavʲanka
славянскі	sɫavʲanskʲi
славянскі	sɫavˈjanskij
славянскіх	sɫavjanskʲix
славянін	sɫavjaniːn
славянін	sɫavʲanʲin
славінскі	sɫavʲinskʲi
слайд	sɫajt
слайдзе	sɫajdzʲe
слалі	sɫaɫʲi
слана	sɫana
сланечнік	sɫanʲetʂnʲig
сланечнік	sɫanʲetʂnʲik
сланечнікавы	sɫanʲetʂnʲikavɨ
сланіха	sɫanʲixa
слата	sɫata
слаць	sɫatsʲ
слаях	sɫojax
слаістая	sɫaʲistaja
след	sʲlʲet
следам	slʲedam
следам	slʲedem
слесар	sʲlʲesar
слова	sɫova
словам	slovam
словамі	ʂɫovamji
словах	sɫovax
словаўтварэнне	sɫovau̯tvorɛnːja
слове	slovʲe
слову	sɫovu
словы	sɫovɨ
словы:	sɫovɨ
слон	sɫon
слончык	sɫontʃɨk
слонім	sɫonʲem
слота	slɔta
слота	sɫota
слоік	sɫɔik
слоічкі	sɫoi̯tʂkʲi
слоў	sɫou̯
слоўны	sɫou̯nɨ
слоўнік	pɫou̯nik
слоўнік	sɫou̯nɨ
слоўнік	sɫou̯nʲik
слоўніку	sɫou̯nʲiku
слоўнікі	sɫɔu̯nʲikʲi
служачы	sɫuʐatʂɨ
служба	sɫuʐba
службовым	sɫuʐbovɨm
службовых	sɫuʐbovɨx
службовыя	sluʐbovɨja
служкам	sluʐkam
служыла	sɫuʐɨɫa
служылі	sɫuʐɨɫʲi
служыць	sɫuʐɨtsʲ
служыў	sɫuʐɨw
слуп	slup
слуп	sɫup
слупа	sɫupa
слупка	sɫupka
слупкі	sɫupkʲi
слупкі	xɫupkʲi
слупы	fɫupɨ
слупы	sɫupɨ
слухае	sɫuxaje
слухаем	sɫuxajem
слухаеце	sɫuxajetsʲe
слухаеш	sɫuxajeʂ
слухай	sɫuxaj
слухайце	sɫuxajtsʲe
слухала	sɫuxaɫa
слухалі	sɫuxalʲi
слухаць	sɫuxatsʲ
слухач	sɫuxatʂ
слухача	sɫuxatʂa
слухачка	sɫuxatʂka
слухачом	sɫuxatʂom
слухачоў	ʂɫuxatʂow
слухачу	sluxatʂu
слухаю	sɫuxaju
слухаюць	sɫuxajutsʲ
слухаючы	sɫuxajutʂɨ
слухаў	sɫuxau̯
слуцк	sɫutsɨk
слушна	sɫuʂna
слушна	ɫuʂna
слушнасць	sɫuʂnasʲtsʲ
слушным	sluʂnɨm
слыннага	sɫɨnnaɣa
слых	sɫɨx
слыху	sɫɨxu
слядам	slʲadam
сляды	ʂlʲadɨ
сляза	sʲlʲaza
слязам	sʲlʲazam
слязамі	sʲlʲazamʲi
слязах	sʲlʲazax
слязе	sʲlʲazʲe
слязлівы	sʲlʲazʲlʲivɨ
слязой	sʲlʲazoj
слязою	sʲlʲazoju
слязу	sʲlʲazu
слязы	sʲlʲazɨ
слязьмі	sʲlʲazʲmʲi
слязінка	sʲlʲazʲinka
слязіцца	sʲlʲazʲitsːa
сляпні	ʂlʲapnʲi
сляпы	sʲlʲapɨ
слёз	sʲlʲos
слёзка	sʲlʲoska
слёзны	sʲlʲoznɨ
слёзы	sʲlʲozɨ
сліва	sɫʲiva
сліва	sʲlʲiva
слівы	slʲivɨ
слізгала	slʲizgaɫa
слізка	sɫizkˈa
слізкая	sɫʲizkaja
слімак	sʲlʲimak
сліна	slʲina
сліна	sʲlʲina
слінкаты	sɫinkatɪ
смага	smogɑ
смагі	smagɨ
смажаніна	smaʐaninɛ
смак	smak
смакам	smakom
смактаць	smaktatsʲ
смакуйце	smakuʲtsʲe
смаленск	smolɛnsk
смаленшчына	smolʲenʲaʂtʂɨna
смаленым	smalʲenɨm
смаловых	smaɫovɨx
смалой	smaɫoj
смалу	smolu
смаркач	smarkatʂ
смачна	smotʂna
смачнай	smatʂnaj
смачная	smatʂnaja
смачнейшымі	smatʂnʲejʂɨmʲi
смачны	smatʂnɨ
смела	ʂmʲeɫo
смелы	sʲmʲeɫɨ
смелым	smʲeɫɨm
смелымі	smʲeɫɨmʲi
смерць	sʲmʲertsʲ
смерці	smʲerʲtsʲi
сметнік	smʲetnʲik
сметнік	sʲmʲetnʲik
сметніца	ʃmʲetnʲitso
смех	sʲmʲex
смеху	smɛxu
смецце	sʲmʲetsʲːe
смеццеправод	smʲetsʲtsʲeprovod
смеццяўборачны	sʲmʲetsːawboratʂnɨ
смець	smʲets
смешна	smɛʂnɨ
смешна	zmʲeʂna
смешныя	smʲeʂnɨja
смоўж	smou̯s
смоўж	smou̯ʂ
смоўжам	smou̯ʐam
смугу	smuxu
смуродным	smurotnɨm
смуткам	smutkam
смутную	smutnuju
смутны	smudnɨ
смутныя	smutnɨja
смуту	smutu
смык	smɨk
смычок	smɨtʂok
смярдзела	smerdzʲeɫa
смярдзець	smerdzʲetsʲ
смярдзець	sʲmʲardzʲetsʲ
смяротна	smʲarotna
смяротная	smjarotnaʲa
смяротны	sʲmjarotnɨ
смяротны	sʲmʲarotnɨ
смятана	smʲetana
смяяцца	sʲmʲajatsːa
снаваць	snavotsʲ
снаваў	snavau̯
снарад	snarat
снарады	ʂnaradɨ
снатворны	snatvornɨ
снд	æsæmdæ
снег	snˈex
снег	snˈeɣ
снег	sʲnʲex
снегавік	snʲeɣavʲik
снегам	sʲnʲeɣam
снегу	sʲnʲexu
снегу	sʲnʲeɣu
снедаць	nʲedatsʲ
снежань	sʲnʲeʐanʲ
снежаньскі	sʲnʲeʐanʲskʲi
снежны	sɲeʐnɨ
снежны	sʲnʲeʐnɨ
сноп	snop
сну	snu
снукер	snukʲer
снягурка	snʲaɣurka
снягір	sʲnʲaɣʲir
снягір	sʲːaɣʲir
сняданак	sʲnʲadanak
сняданкам	sʲnʲadankam
сняданкаў	sʲnʲadankau̯
сняданку	sʲnʲadanku
сняжынка	sʲnʲaʐɨnka
сніць	ʂnʲitsʲ
собаль	sobal
собаль	sobalʲ
соваліся	sovaɫʲiʂja
совы	sovɨ
содні	sodnʲi
сойка	sojka
сойка	sɔjka
сойм	sojm
соймы	sojmɨ
сок	sok
сок	sˈɔk
сокал	sokaɫ
соках	sokax
соку	soku
сокі	sokʲi
сола	soɫa
солад	soɫat
соладка	soɫadka
соль	solʲ
сольны	soɫʲnɨ
сома	soma
сомам	somam
сон	son
сон	sˈon
сонечны	sonʲetʂnɨ
сонечныя	sonʲetʂnɨja
сонна	sonna
сонная	sonnaja
сонны	sonːɨ
сонным	sonnɨm
сонныя	sonnɨja
сонца	sontsa
сонцам	sontsam
сонцы	sontsɨ
соня	sonʲa
соня	sɔnʲa
соп	sup
соплі	soplji
сорак	sorak
сорам	oram
сорам	soram
сорамна	sʲoramna
сораму	soramu
сорга	sorɣa
сорусы	sorusɨ
сосен	sosʲen
сосны	sosnɨ
сот	sot
сотню	sotʲːu
сотня	sotnʲa
сотняў	sodnʲau̯
сотнікаў	sotnʲikau̯
соты	sotɨ
сотых	sotɨx
соусам	souzam
соф'я	sofja
сох	sox
сохне	soxnʲe
сохну	soxnu
сочаць	sotʂatsʲ
сочым	sotʂɨm
сочынскі	sotʂɨnskʲi
сочыце	sotʂɨtsʲe
сочыш	sotʂɨʂ
соя	soja
соя	sɔja
спаборнік	spabˈornik
спаборніцтва	spabornʲitstva
спаборніцтва	spobornʲitstva
спавядальнік	spavʲadalʲnʲik
спавіць	spavʲitsʲ
спагаду	spaɣadu
спаганяюцца	spaɣanʲaʲutsːa
спагнаць	paɣnatsʲ
спад	spad
спадабаецца	spadabajetsːa
спадабала	spadabala
спадабалася	spadabaɫasʲa
спадабаліся	spadabalʲisʲa
спадабацца	spadabatsːa
спадабацца	spadabatːsa
спадабаюцца	spadabajutsːa
спадабаўся	spadabau̯sʲa
спадалі	spadaɫʲi
спадар	spadar
спадарожным	spadaroʐnɨm
спадарожнік	spadaroʐnʲik
спадарожнікі	spadaroʐnʲikʲi
спадарожніца	spadaroʐnʲitso
спадароў	spadarow
спадарства	spadarstva
спадары	spadarɨ
спадарыня	spadarɨnʲa
спадарыня	spadarɨnːʲa
спадзяваешся	spadzʲavajesʲːa
спадзяванне	spotsavannʲa
спадзяванні	spatzavanːʲa
спадзявацца	spadzʲavatsːa
спадзяваюся	spadzʲavajusʲa
спадзяецца	spadzʲaʲetstsa
спаднізу	spadnʲizu
спадніца	spadnʲitsa
спадніца	spadnʲitsɨ
спадніцы	spadnʲitsɨ
спажывецкіх	spaʐɨvʲetskʲix
спажыву	spaʐɨvu
спазнаем	spaznaʲem
спазнаеш	paznaʲeʂ
спазняцца	spazʲnʲatsːa
спазняцца	spazʲːatsa
спазніцца	spazʲnʲitsːa
спазніцца	spazʲːitːsa
спакой	spakoj
спакойна	spakojna
спакойны	spakojnɨ
спакойных	spokojnɨx
спакойныя	spakojnɨja
спакоі	spakoʲi
спала	spaɫo
спалена	spalʲeno
спалоханыя	spaɫoxonɨja
спалохаў	spaloɣau̯
спалучэнні	paɫutʂɛnnʲi
спальвалі	spaɫʲvalʲi
спальня	spaglʲnʲa
спальня	spalʲnʲa
спалі	spalji
спалілі	spaliɫj
спаліць	spalʲitsʲ
спаліш	spalʲiʂ
спаліў	spalʲiu̯
спампаваць	spampavatsʲ
спаніель	spanʲijelʲ
спаніэль	spanʲiɛlʲ
спаржа	sparʐa
спаржу	sparʐu
спартанскі	spartanskʲi
спартсмен	spartsmɛn
спартсмен	spartsmʲen
спартсменкай	zpartsmʲenkaj
спарыш	sparɨʂ
спасыл	spasɨm
спасіба	spasʲiba
спаткае	spatkajem
спаткалі	spotkaɫʲi
спатканне	spatkanʲːe
спаткацца	patkatsːa
спаткаць	spakatsʲ
спатрэбіцца	spatrɛdʲitstsa
спатыкаць	spatɨkatsʲ
спацырам	spatsɨram
спаць	spatsʲ
спачатку	ʂpatʂotku
спачын	patʂɨn
спеву	spʲevu
спектра	spʲektra
спелых	spʲeɫɨx
спелыя	ʂpʲeɫɨja
сперма	sʲpʲerma
спец	ʂpʲets
спецпрадстаўнік	sʲpʲetspratstau̯nʲik
спецыя	spʲetsɨja
спецыяльны	spʲetsɨjaɫʲnɨ
спецыялізаваная	zpʲetsɨʲalʲizavanɨja
спешкі	spɛʂkʲi
сплавам	spɫavam
сплаву	spɫavu
сплавінныя	splavʲinnɨja
сплачаным	spɫatʂanɨm
сплаў	splau̯
сплеценыя	spalʲetsʲenɨja
сплочвалі	spɫowtʂvalʲi
сплывала	spɫɨvala
сплю	splʲu
спод	spod
сподак	spodak
сподак	spˈodʌk
сподачку	spodatʂku
сподкі	spotkʲi
споднікі	spotnʲikʲi
спонсар	sponzor
спор	spor
споравы	sporavɨ
спорай	sporaj
спорная	spornaja
спорт	sport
спорту	sportu
споры	sporɨ
спосаб	spuɔsap
спосабе	sposabje
спосабу	spoʂabu
спосабы	sposabɨ
спрабаваць	sprabavatsʲ
спрабаваў	prabavau̯
спрабуе	sprabuje
спрабуе	sprabuʲa
спрабуй	sprabuj
справа	sprava
справаздачы	spravazdatʂɨ
справай	spravaj
справакаваць	spravakavatsʲ
справамі	spravamɨ
справы	spravɨ
справядлівасць	spravjadɫʲivostsʲ
справядлівы	spravjadɫʲivɨ
справіцца	spravʲitstsa
справіць	spravʲitsʲ
спрадвечна	spradvʲetʂna
спрадвечнай	spradvʲetʂnaj
спрадвечная	spradvʲetʂnaja
спрадвечны	spravʲetʂnɨ
спрадвечныя	spravʲetʂnɨja
спражка	spraʂkɐ
спражэнне	spraʐɛnʲːe
спрацавалі	spratsavolʲi
спрацуе	sprotsuʲe
спрачаешся	spratʂajesʲːa
спрачацца	spratʂatsːa
спрачаюся	spratʂajusʲa
спрачаюцца	spratʂajutsːa
спрашчаць	spriʂtʂatsʲ
спраўдзіцца	sprau̯dzʲitsːa
спраўлялі	sprou̯lʲaɫʲi
спроб	sprop
спроба	sproba
спробам	sprobam
спробах	sprobax
спробе	sprobʲe
спробу	zprobu
спробы	spropɛ
спробы	spropɨ
спружын	spruʐɨn
спружына	spruʐɨna
спрыт	sprɨd
спрыт	sprɪt
спрытны	sprudnɨ
спрытны	sprɨtnɨ
спрытным	sprɨtnɨm
спрыяла	sprɨjaɫa
спрыяльна	prɨjaɫʲna
спрыяльную	sprɨjaɫʲnuju
спрыяльных	sprɨjaɫʲnɨx
спрыяць	spriˈjatsʲ
спрыяць	sprɨjatsʲ
спрыяю	sprɨjaju
спрыяюць	sprɨjajutsʲ
спрыяюць	sprɨjaʲutsʲ
спрэчка	sprɛtʂka
спрэчкай	sprɛtʂkaj
спрэчкі	sprɛtʂʲːi
спрэчкі	sprɛtʃˈki
спрэчнай	sprɛtʂnoj
спрэчная	sprɛtʂnoja
спрэчным	sprɛtʂnɨm
спрэчных	sprɛtʂnɨx
спрэчцы	sprɛtsɨ
спуджаныя	spudʐanaja
спудлуе	spudɫuʲe
спуск	spusk
спускалася	spuskaɫaʂja
спускацца	spuskatsːa
спусцілі	spusʲtsʲiɫʲi
спусціцца	spusʲtsʲitsːa
спух	spux
спыненая	spynʲenaja
спыненнем	spɨnʲennʲem
спыненую	spɨʲːenuju
спыну	spɨnu
спыню	spɨnʲu
спыню	spɪˈnʲu
спыняе	spɨnʲaʲe
спыняла	spɨnʲaɫa
спыняліся	spɨnʲaɫʲisja
спыняцца	spɭinʲatsːa
спыніла	spɨnʲiɫa
спынілі	spɨnʲiɫʲi
спыніцца	spɨnʲitsːa
спыніць	spɨnʲitsʲ
спыніў	spɨnʲiu̯
спыніўся	spɨnʲːiu̯sja
спыталі	spɨtaɫʲi
спытацца	spɨtatsːa
спытацца	spɪtatsːa
спытаць	spɨtatsʲ
спявай	spjavaj
спявак	spjɑvak
спявак	sʲpʲavak
спяваць	spʲavatsʲ
спяваць	sʲpʲavatsʲ
спявачкі	spjavatʂkʲi
спяваю	spjvaju
спяваю	ʂpʲavaju
спяваюць	spjavajutsʲ
спякота	spjakɔta
спякотны	sʲpʲakotnɨ
спякотных	spʲakotnɨx
спярша	spʲarʂa
спяць	spʲatsʲ
спячку	zpʲatʂku
спячы	sʲpʲatʂɨ
спяшаюцца	spjaʂaʲutsːa
спім	spʲim
спіна	sʲpʲina
спінай	spʲinaj
спіной	spɨnoj
спіну	spʲinu
спінцы	spʲintsɨ
спіны	zpʲinɨ
спіраль	spʲeraɫʲ
спірт	spiːrt
спірт	sʲpʲirt
спіс	spiz
спіс	spʲis
спіса	sʲpʲisa
спісванне	spʲiʂvanːʲe
спісу	sʲpʲisu
спісы	spʲisɨ
спіца	spiːtsa
спіце	spʲitsʲe
спіч	spʲitʂ
спішуць	spʲiʂutsʲ
сраць	sratsʲ
сраў	srau̯
сродак	zrodak
сродкам	srodkam
сродкаў	srodkau̯
сродку	ʂrodku
сродкі	zrodkʲi
срэбны	srɛbnɨ
срэбным	srɛbnɨm
срэбныя	srɛbnɨja
срэбра	srɛbra
ссаць	sːatsʲ
ссоўваюць	sou̯vajutsʲ
ссыпаная	sɨpanoja
ста	sta
стабільны	stabjilʲnɨ
ставала	stavaɫa
ставам	stavam
ставу	stavu
ставячы	stavʲatʂɨ
ставіла	stavʲila
ставіцца	stavʲitstsa
ставіць	stavʲitsʲ
стагоддзе	staɣodzʲːe
стагодніх	staɣodnʲix
стадыён	stadɨjon
стадыён	tadɨjon
стае	staʲe
стакан	stakan
стала	staɫa
сталае	staɫaʲe
сталах	staɫax
сталенне	stalʲenʲːe
сталец	stalʲets
сталовай	staɫovaj
сталовая	stalovaja
сталовы	taɫovɨ
сталу	staɫu
сталым	stolɨm
сталых	staɫɨx
сталь	sdɑlʲ
сталь	staɫʲ
сталяр	stalaɾ
сталяром	stalʲarom
сталёвай	stalʲovaj
сталёвы	talʲovɨ
сталі	stalʲi
сталіца	stalʲitsa
стамеска	stamʲeska
стамляцца	stau̯lʲatsːo
стан	san
стан	stan
станавіцца	stanavʲitsːa
станавіцца	stonavʲitsːa
станаўлення	stanau̯lʲennʲa
станаўлюся	stanau̯lʲusʲa
стандарты	standartɨ
стане	stonʲe
станковай	stankovaj
становімся	stanovʲimsʲa
становіцца	stanovʲitsːa
становішся	stanovʲisʲːa
становішча	stanovʲiʂtʂa
станоўчага	stanou̯tʂaxa
станоўчай	ʂtanou̯tʂaj
станоўчых	stanou̯tʂɨx
станоўчыя	stonou̯tʂɨja
стану	stanu
стану	stɑːnu
станцыя	stantsɨja
станцыях	stantsɨjax
станцыі	stontsɨʲi
стань	stanʲ
станьце	stanʲtsʲe
станіслаў	stanʲisɫau̯
стараверскія	staravʲerskʲija
старадаўні	staradau̯nʲi
старадаўні	staradawɲi
стараецца	staraʲetstsa
старажылы	staroʐɨɫɨ
старажытнага	staraʐɨtnaɣa
старажытны	staraʐɨtnɨ
старамодная	staromodnaja
старана	starana
старанна	staranna
старанны	starannɨ
старанны	storonnɛ
старанныя	starannɨja
старання	starannʲa
старасвецкі	starosvʲetskʲi
стараста	starasta
старасці	starosʲtsʲi
старацца	staratsːa
стараюцца	starajutsːa
старой	ʂtaroj
старон	staron
старонка	staronka
старонкай	staronkaj
старонцы	starontsɨ
староства	starostva
стартавым	ʂtartavɨm
старую	ʂtaruju
старцам	startsam
старшакласнікаў	starʂakɫasʲːikaw
старшакурснікаў	starʂakursʲːikaw
старшая	starʂoʲa
старшы	starʂɨ
старшы	zdarʃɨ
старшынство	sdarʂɨnstvˈo
старшыны	starʂɨnɨ
старшыню	starʂɨnʲu
старшыня	starʂɨnʲa
старшыняваць	starʂɛnʲavatsʲ
старшыні	starʂɨnʲi
стары	starɛ
стары	starɨ
старызны	starɨznɨ
старым	ʂtarɨm
старымі	starɨmʲi
старых	ʂtarɨx
старэй	starɛj
старэйшай	starɛjsaj
старэйшы	starɛjsɨ
старэйшых	ʂtarɛjʂɨx
стасунак	stɐsunak
стасункі	stasunkʲi
стасюк	stalsʲuk
статкевіч	statkʲevʲitʂ
статная	stotnaʲe
статутнай	statutnaj
статутны	statutnɨ
статуэткі	statuɛtkʲi
статуя	statuan
статыстыка	statɨʂtɨka
статыстыка	statɪstɨka
статысячны	stotɨsʲatʂnɨ
статычным	statɨtʂnɨm
статычныя	statɨtʂnɨja
стацца	statsa
стаць	statsʲ
стачку	statʂku
стачкі	statʂkʲi
стаяла	stajaɫa
стаянка	stojanka
стаянку	stajanku
стаянкі	stajankʲi
стаяць	stajatsʲ
стаячых	staʲatʂɨx
стаячыя	staʲatʂɨja
стаяў	staʲau̯
стаіць	staʲitsʲ
стаіць	staˈitsʲ
стаў	stau̯
стварае	stvaraje
стварае	stvarajɛ
ствараеш	stvarajeʂ
стваралася	stvaraɫasja
стваралі	stvaroɫʲi
стваралі	stvoraɫji
ствараць	stvaratsʲ
ствараць	stvarɨtsʲ
ствараю	stvaraju
ствараюцца	stvaraʲutsːa
ствараў	stvarau̯
стварыла	stvarɨɫa
стварылася	stvorɨlasja
стварыць	stvarɨtsʲ
стварэнне	stvarɛnnʲe
стварэнне	stvarɛnʲːe
стварэннем	stvarɛnnʲem
стварэння	stvarɛnʲːa
стварэнні	stvarɛnnʲi
ствол	stvo
ствол	stvoɫ
створ	stvor
створак	stvorak
створанае	stvoranaʲe
створаны	stvoronɨ
сто	sto
сто	stɔ
стог	stox
стогн	stɔɣn
стогне	stoxnʲe
стой	ʂtoj
стойкай	stojkaj
стойку	stojku
стойкі	stojkʲi
стол	stoɫ
стол	stɔɫ
столь	stolʲ
столькіх	stolʲkʲix
стольнік	stolʲnʲik
столях	stolʲax
столі	stolʲi
столін	stolʲin
столін	stˈoɭin
стома	stɔma
стомай	stomaj
стомлены	stomlʲenɨ
стому	stomu
стомы	stomɨ
стопам	stopam
стопка	stupka
стопы	stopɨ
стораж	storaʂ
стораны	storanɨ
стос	stɔs
стоўб	stou̯p
страва	strava
страваванне	ztrabavonʲːe
стравай	stravaj
стравам	stravam
страву	stravu
стравы	ʂtravɨ
стравінскі	sdravʲinskʲi
стражніка	stroʐnʲika
страйк	strajk
страказа	strakaza
стракацела	starakatsʲeɫo
страла	straɫa
стралец	tralʲets
стралковы	ztraɫkovɨ
стралы	straɫɨ
стральчатымі	stralʲtʂatɨmʲi
стральчатыя	stralʲtʂatɨja
страляніна	stralʲaɫʲina
страляць	stralʲatsʲ
страляў	stralʲau̯
страсбургу	strasburɣu
страсе	strasʲe
страсны	strasnɨ
страт	strat
страта	strata
страта	stɾata
стратнай	stratnaj
стратны	sradnɨ
стратным	stratnɨm
страты	strotɨ
стратэгічны	stratɛɣʲitʂnɨ
страфу	strafu
страх	strax
страх	strˈax
страха	stroxɐ
страхаванне	ztraɣavannʲe
страхаваць	straɣavatsʲ
страхавы	ztrɐxavɨ
страхам	straxam
страхамі	straxamʲi
страхата	straxata
страхоўка	ʂtraxou̯ka
страху	ʂtraxu
страцілі	stratsʲilʲi
страцілі	ʂtratsʲiɫʲi
страціць	stratsʲitsʲ
страчана	stratʂana
страчаны	stratʂanɨ
страчаныя	ʂdratʂanɨja
страчваць	stratʂvatsʲ
страчкі	stratʂkʲi
страчу	stratʂu
страшна	straʂna
страшнаму	straʂnamu
страшная	strasnaja
страшную	straʂnuju
страшны	ʂtraʂnɨ
страшным	straʂnɨm
страшныя	straʂnɨʲa
страшыў	strasɨu̯
страшэннай	straʂɛnnaj
страшэнны	strosʂɛnnɨ
страшэнны	strɑʂɛnnɨ
страшэнныя	straʂɛnnɨja
страі	straʲi
страў	strau̯
страўнік	strau̯nʲik
страўнік	strawnʲik
страўніка	trau̯nʲika
строга	stroxa
строгі	stroɣʲi
строй	stroj
стройны	strojnɨ
стромкі	sdromkʲi
строму	stromu
стромы	strɔmɨ
стромым	stromɨm
стронга	stronɣa
строп	strop
строю	stroju
строі	stroʲi
стружка	stɾuʂka
стружкай	struʂkaj
структур	ʂtruktur
структурай	strukturaj
структурныя	strukturnɨja
струмені	strumʲenʲi
струн	strun
струна	strʊna
струнам	strunam
струпам	strupam
стрывожыць	strɨvoʐɨtsʲ
стрыгчы	strɨxtʂɨ
стрыечная	strɨjetʂnɨja
стрыечны	strɨjetʂnɨ
стрыжка	strɛʂka
стрымана	strɨmana
стрыманымі	strɨmanɨmʲi
стрыманыя	strɨmanɨja
стрымацца	strɨmatsːa
стрымаць	strɨmatsʲ
стрымаю	strɨmaju
стрымбуль	ztrɨmbulʲ
стрымліваецца	strɨmɫʲivaʲetstsa
стрымліваць	strɨmbʲivatsʲ
стрыхалка	strɨxau̯ko
стрэл	strɛu̯
стрэл	strɛɫ
стрэлагаловы	strɛlaɣaɫovɨ
стрэлам	strɛɫam
стрэлка	strɛɫka
стрэльба	strɛlʲba
стрэльбай	strɛɫʲbaj
стрэльбы	strɛɫʲbɨ
стрэліць	strɛlʲitsʲ
стрэліць	strɛɫʲitsʲ
стрэмя	strɛmʲa
стрэпеты	strɛpʲetɨ
стрэс	ʂdrɛs
стрэх	strɛx
стрэхах	strɛxax
стрэхі	strɛxʲi
студзень	studzʲenʲ
студзень	stˈudzˈenˈ
студзеньскі	studzʲenʲskʲi
студня	stodnʲa
студні	studnʲi
студый	studɨj
студыйнай	studɨjnaj
студыйная	studɨjnaja
студыйны	studɨjnɨ
студыю	studɨju
студыях	studɨjax
студэнт	studɛnt
студэнт	studˈɛnt
студэнтка	studɛntka
студэнты	ʂtudɛntɨ
стужка	ʂtuʂka
стужкі	stuʐkʲi
стужкі	stuːʒki
стук	stuk
стукам	stukam
стукнуць	stupnutsʲ
ступала	stupaɫa
ступе	stupʲe
ступень	stupʲenʲ
ступені	stupɛnʲi
ступні	stupʲːi
ступы	stupɨ
ступіш	stupʲiʂ
стыкаецца	sdɨkaʲetstsa
стыку	stɨku
стыкі	stɨkʲi
стыль	stɨlʲ
стыльна	stɨɫʲna
стыльным	stɨɫʲnɨm
стыльрэдактар	stɨlʲrɛdaktor
стылю	stɨlju
стылям	stɨlʲam
стыляў	stɨlʲaw
стылістыка	ʂtɨlʲistɨka
стэндах	stɛndax
стэп	stɛp
стэп	stˈɛp
стэпавую	stɛpovuju
стэпавы	stɛpavɨ
стэпавых	stɛpavɨx
стэфанам	stɛvanam
суадносіны	suadnosʲinɨ
суадносіны	suatnosʲenɨ
суайчыннік	suajtʂɨnʲːik
суайчыннік	suɔjtʂɨnːʲik
субота	subota
суботах	supotax
суботнік	supotnʲik
суботу	subodu
суботы	subotɨ
сувой	suvˈoj
суворава	suvorava
суворы	suvori
сувязь	suvʲasʲ
суграмадзянін	suɣramadzʲanʲin
сугучна	suɣutʂna
суд	sut
судамі	sudomʲi
судан	sudan
суддзя	sudzʲːa
судзейнічаць	sudzʲajnʲitʂatsʲ
судзяць	sudzʲatsʲ
судзі	sudzʲi
судзіць	sudzʲitsʲ
судзіць	sutsʲitsʲ
судна	sudna
судна	sudnɛ
судна-	sudna
суднабудаванне	sudnabudavanʲːe
суднах	sudnax
суднаходная	sudnaxodnaʲa
судны	sudnɨ
судовым	sudovɨm
суды	ʂudɨ
сужэнка	swʐɛnka
сузаснавальніца	suzasnavaɫʲnʲitso
сук	suk
сук	sˈuk
сука	suka
сука	sˈuka
сукала	sukaɫa
сукала	sˈukˈaɫa
сукенка	sukʲenka
сукенкай	sukʲenkaj
сукенку	sukʲenku
сукна	sukna
сукно	sukno
сукны	suknɨ
сукня	suknʲa
суконную	sukonnuju
суконныя	ʂukonnɨja
сукуленты	sukulʲentɨ
сукупнасць	sukupnaʂtsʲ
сукупнасцю	sukupnasʲtsʲu
сум	sum
сум	suɔˈ
сума	suma
сума	sumɐ
сумаваць	sumavatsʲ
сумай	sumaj
сумак	sumak
сумам	sumam
сумамі	sumamʲi
сумарную	sumarnuju
сумарнымі	sumarnɨmʲi
сумах	ʂumax
сумачка	sumatʂka
сумачку	sumatʂku
сумбурна	sumburna
сумежнасць	sumʲeʂnasʲtsʲ
сумежных	sumʲeʐnɨx
сумежнік	sumjeʂnʲik
сумець	sumʲetsʲ
сумка	sumka
сумка	suŋka
сумкай	sumkaj
сумку	sumku
сумкі	sumkʲi
сумленнай	sumʲːennaj
сумленне	sumlʲenʲːe
сумленне	sumlˈenn
сумленны	asumlʲennɨ
сумленны	sumlʲenːɨ
сумленным	sumlʲennɨm
сумна	sumna
сумнае	sumnaɛ
сумнай	ʂumnaj
сумная	ʂumnaja
сумневы	sumnʲevɨ
сумнеў	sumnʲeu̯
сумную	sumnuʲu
сумны	sumnɨ
сумным	sumnɨm
сумнымі	sumnɨmʲi
сумных	sumnɨx
сумныя	sumnɨja
сумняваецца	sumnʲavaʲetstsa
сумнявацца	sumnʲavatsːa
сумоту	sumotu
суму	sumu
сумуе	sumuʲe
сумуе	sumuʲi
сумуйце	sumujtsʲe
сумы	sumɨ
сумёт	sumjˈɔt
суну	suːnu
сунуцца	sunutsːa
суніцкага	sunʲitskaɣa
суп	sup
супадае	supadaja
супаданне	supadanʲːe
супаданьне	supadanʲːe
супадзенне	supadzʲenʲːi
супакойваў	supakojvau̯
супакоіцца	supakoitsːo
супакоіць	supakoitsʲ
супала	supaɫa
супарта	suparta
супачынку	supatʂɨnku
супер	supʲer
супернік	supʲernʲik
суполка	supoɫka
суполка	supoɫkam
суполкамі	supolkamʲi
суполках	supoɫkax
суполку	supoɫku
суполкі	supoɫkʲi
суполкі	supulki
суполцы	supoɫtsɨ
супольнай	supoɫʲnaj
супольнасцяў	supoɫʲnasʲtsʲau̯
супольная	supoɫʲnaja
супольны	ʂupoɫʲnɨ
супольным	supoɫʲnɨm
супольных	supoɫʲnɨx
супольныя	ʂupoɫʲnɨja
суправаджальніца	suprovadʐoɫʲnʲitso
суправаджалі	supravadʐaɫʲi
суправаджалі	suprovadʐoɫʲi
супрацоўнік	supratsou̯nʲik
супрацоўніку	supratsou̯nʲiku
супрацоўнікі	supratsou̯nʲikʲi
супрацоўнікі	suprotsou̯nʲikʲi
супрацоўніца	supratsou̯nʲitso
супрацоўніцтва	supratsou̯nʲitstva
супрацоўніцтва	suprotsou̯nitstva
супрацоўнічае	supratsou̯nʲitʂaja
супрацоўнічаць	supratsou̯nʲitʂatsʲ
супрацоўнічаю	suprotsau̯nʲitʂaju
супраць	supratsʲ
супроць	suprotsʲ
супу	supu
супы	supɨ
супыняю	supɨnʲaju
супярэчлівым	supjarɛtʂɫʲivɨm
супярэчлівыя	supʲarɛtʂɫʲivɨja
супярэчыла	supʲarɛtʂɨɫa
супярэчыць	supʲerɛtʂɨtsʲ
сур'ёзны	surioznɨ
сур'ёзны	surjoznɨ
сура	sura
суразмоўца	sorazmou̯tsa
сурвэтка	survɛtka
сурвэткі	survɛtkʲi
сурвэткі	suvɛtkʲi
сурвэты	survɛtɨ
сурдут	surdut
сурдуты	surdutɨ
сурма	turma
сурова	surova
суровай	surovaj
суровым	surovɨm
суродзіч	surodzʲiʂ
сурок	surok
сурокі	surokʲi
сурынам	surɨnam
сусвет	susvʲet
сусвет	susʲvʲet
сусветную	suzvʲetnuʲu
сусветны	zusvʲetnɨ
сусветным	suzvʲetnɨm
сусед	susʲet
суседзі	susʲedzʲi
суседкі	susʲedkʲi
суседні	susʲednʲi
сустракае	sustrakaje
сустракаем	sustrakajem
сустракаеце	sustrakajetsʲe
сустракаецца	sastrakaʲetsːa
сустракаецца	suʂtrakaʲetstsa
сустракаеш	sustrakajeʂ
сустракай	sustrakaj
сустракацца	sustrakatsːa
сустракаць	sustrakatsʲ
сустракаю	sustrakaju
сустракаюцца	sustrakaʲetsːo
сустракаюцца	ʂuʂdrakaʲutsːa
сустракаюць	sustrakajutsʲ
сустрэла	sustrɛɫa
сустрэлася	sustrɛɫasʲa
сустрэнуцца	sustrɛnutsːo
сустрэтых	sustrɛtɨx
сустрэцца	sustrɛtsːa
сустрэць	sustrɛtsʲ
сустрэч	sustrɛtʂ
сустрэча	sustrɛtʂa
сустрэчах	sustrɛtʂax
сустрэчнаму	sustrɛtʂnamu
сустрэчны	sustrɛtʃnɨ
сустрэчу	sustrɛtʂu
сустрэчы	sustrɛtʃɨ
сустрэў	sustrɛw
сутак	sutak
суткі	sutkʲi
сутнасьць	sutnastsʲ
сутонне	sutonˈʲa
сутыкацца	sˈutːɪkˈaˈtsːa
сутыкненні	sutɨknʲennʲe
сутыкнутых	sutɨknutɨx
сутычак	sutɨtʂak
сутычцы	sudɨtsɨ
суфікс	sufʲiks
суфікс	zˈufiks
суха	suxa
сухазем'е	suxazʲemje
сухапутнымі	suxaputnɨmʲi
сухапутных	suxaputnɨx
сухары	suxarɨ
сухарыкамі	suxarɨkamɨ
сухастой	suxastoj
сухая	suxaja
сухое	ʂuxoʲe
сухой	suxoj
сухоты	suxotɨ
сухоты	suxɛtɨ
сухі	susi
сухі	suxʲi
сухіх	suxʲix
сухія	suxʲija
суценне	sutsʲenʲːa
суцешыць	sutsʲeʂɨtsʲ
суцэльныя	sutsɛɫʲnɨja
суцяшаць	zutzʲaʂatsʲ
суцяшэнне	zutaʂɛnnʲa
сучасна	sutʃasna
сучаснае	sutʂasnaja
сучаснае	sutʂasnaʲe
сучаснай	sutʂasnaj
сучаснаму	sutʂasnamu
сучаснасць	sutʂasnastsʲ
сучасная	sutʂasna
сучасны	sutʂasnɨ
сучасным	sutʂasnɨm
сучасных	sutʂaznɨx
сучка	sutʂka
сучку	sutʂku
сучкі	sutʂkʲi
сушаным	suʂanɨm
сушкі	suʂʲːi
сушу	suʂu
сушыльныя	suʂɨlʲnɨja
сфармуляваць	sfarmulʲavatsʲ
сфарміраваны	sfarmʲiravanɨ
сфер	sfʲer
сфера	spʲera
сфера	svʲera
сферу	ʂfʲeru
сферычная	sfʲerɨtʂnaja
схавала	sxavɑla
схаваліся	sxavalʲisja
схаваліся	sxavaɫʲisja
схавана	sxavana
схаванай	sxavanaj
схаваныя	sxavanɨja
схавацца	sxovatsːa
схаваю	sxavaju
схаваўшыся	sxavɑu̯ʂɨsja
схаджу	sxadʐu
схаплюся	sxapulʲusja
схапілі	sxapʲiɫʲi
схапіць	sxapʲitsʲ
схапіў	sxapiu̯
схапіўшы	sxapʲiu̯ʂɨ
схем	sxʲem
схему	sxʲemu
схемы	sxʲemɨ
схмурнець	sxmurnʲitsʲ
сховішча	sxodʲiʂtʂa
сховішчы	sxovʲiʂtʂɨ
сход	sxˈot
сходзе	sxodzʲe
сходзілі	sxodzjilʲi
сходзіць	sxodzʲitsʲ
сходка	sxotka
схоплены	sxoplʲenɨ
схопіць	sxopʲitsʲ
схуднелая	sxudnʲeɫaja
схуднеў	sxudnˈew
схіл	sxjɪl
схілах	sxʲiɫax
схілы	sxjilɨ
схіліць	sxʲimɫʲitsʲ
сцаць	stsatsʲ
сцвярджалі	stsvjartʐaɫʲi
сцеблы	stsʲeblɨ
сцен	sʲtsʲen
сценак	stsʲenag
сценка	stsˈenka
сцены	stsʲenɨ
сцерпіш	stsʲerpʲiʂ
сцерці	stsʲertsʲe
сцэн	stsɛn
сцэна	stsɛno
сцэнарый	stsɛnarɨ
сцюард	sʲtsʲuart
сцюжа	stsʲuʐa
сцябло	sʲtsʲabɫo
сцяг	sʲtsʲax
сцяга	sʲtsʲaɣa
сцягно	stsʲaɣnɔ
сцягно	sʲtsʲaɣno
сцяжэла	sʲːaʐɛɫe
сцякаліся	ztsʲakalʲisja
сцяна	sʲtsʲana
сцяне	sʲtsʲanʲe
сцяной	ʂtsʲanoj
сцяны	ztsʲanɨ
сцяпан	sʲtsʲapan
сцярвятнік	stsʲarvjatnʲik
сцятымі	ʂtsʲatɨmʲi
сцяцко	stsatsko
сцёк	stsʲok
сціпла	sʲtsʲipɫa
сціпласць	stipɫostsʲ
сціплы	sʲipɫɨ
сціплы	sʲtsʲipɫɨ
сціскае	sʲtsʲiʂkaʲe
сціскаць	stʲiskatsʲ
сціснуў	sʲtsʲiʂnou̯
сціх	stsʲiɣ
сціх	sʲtsʲix
сціхае	stsʲixaja
сцішылася	sʲtsʲiʂɨɫatsʲa
сцішэла	stsʲiʂɛɫɐ
счакаў	stʂakaw
счэзлі	ʂtʂɛsɫji
сшытак	ʂɨdak
сшытак	ʂːɨtak
сыграць	sɨgratsʲ
сыдуць	sɨdutsʲ
сымбаль	sɨmbalʲ
сымон	sɨmon
сымон	sɯ˥˥mon˩˩˦
сымона	sɨmona
сымону	sɨmonu
сын	sɨm
сын	sɨn
сына	sɨno
сынава	sɨnava
сынам	sɨnom
сыне	sɨnʲe
сынку	sɨnku
сынок	sɨnok
сыночка	sɨnotʂka
сыноў	sɨnow
сыну	sɨnu
сыны	sɯnɨ
сыны	ʂɨnɨ
сып	sɨp
сыпалі	sɨpaɫʲi
сыпаць	sɨpatsʲ
сыр	sɨr
сыр	sɯr
сыр-бор	sɨrbor
сыравіна	sɨrovʲina
сыравіну	sɨravʲinu
сыравіны	sɨravʲinɨ
сыркі	sɨrkʲi
сырнага	sɨrnaɣa
сырны	sɨrnɨ
сырнік	sɪrnʲik
сыроватка	sɨroɫatka
сырт	sɨrt
сыру	sɨru
сыры	surɨ
сыры	sɨrɨ
сырым	sɨrɨm
сырых	sɨrɨx
сырыя	ʂɨrɨja
сысун	sɨsun
сысуноў	sɨsunou̯
сысці	sɨsʲtsʲi
сысціся	sɨsʲtsʲiʂja
сыта	sɨta
сытае	sɨtaʲe
сыту	sɨtu
сыты	sɨtɨ
сыход	sɨxod
сыходам	sɨxodom
сыходзе	sɨxodzʲe
сыходзілі	sɨxodzʲiɫʲi
сыходзіцца	sɨxodzʲitsːa
сыходзіць	sɨxodzʲitsʲ
сыч	sɨtʂ
сычуг	sɨtʂux
сышло	sɨʂɫo
сышоў	sɨʂou̯
сьвечка	sʲvʲetʂka
сьвятло	sʲvʲatɫo
сьвяча	sʲvʲatʂa
сьляза	sʲlʲaza
сьлімак	sʲlʲimak
сьціскаць	stsʲiskatsʲ
сэ́рца	sɛrtsa
сэкс	sˈɪks
сэнсам	sɛnsam
сэнсоўны	sɛnsɔu̯nɨ
сэнсы	sɛnsɨ
сэрвіс	sɛrvis
сэрца	fɛrtsa
сэрца	sɛrtsa
сэрцайка	sɛrtsajka
сэрцам	sɛrtsɨm
сюды	sʲudɨ
сюжэт	sjuʒˈɛt
сябар	sʲabar
сябе	sʲabʲe
сябра	sʲabraː
сябраваць	ʃʲabravatsʲ
сяброк	sʲabrou̯
сяброў	sʲabrou̯
сяброўка	sʲabrou̯ka
сяброўскі	sjamrou̯skʲi
сяброўства	sʲabrou̯stva
сябрук	sʲabruk
сябры	sʲabrɨ
сягае	sʲaɣaɛ
сягаць	sʲaɣatsʲ
сягоння	sʲaɣonʲːa
сядаць	tʃadatsʲ
сядзенне	sʲadzʲenʲːa
сядзець	sʲadzʲetsʲ
сядзі	sʲadzʲi
сядзіба	sʲadzʲiba
сядзіць	sʲadsʲitsʲ
сядзіш	sjaziʂ
сядлаць	sʲadɫatsʲ
сядло	sʲadɫo
сядло	tsʲadlo
сядня	sʲadnʲa
сяду	ʂjadu
сяды	ʃʲadɨ
сякера	sʲakʲera
сякеры	sjakʲerɨ
сяла	sʲaɫa
сяло	samo
сяло	sʲaɫo
сялян	sʲalʲan
сялянамі	ʂjalʲanamʲi
сялянка	sjavjanka
сялянскай	sjalʲanskaj
сялянскі	sʲalʲanskʲi
сялянскіх	ʂjalʲanskʲix
сяліба	sˈɑlˈiba
сям'я	sʲamja
сям'ёй	sjamjoj
сям'і	sjamʲi
сямнаццаты	sʲamnatsːatɨ
сямнаццаць	sʲamnatsːatsʲ
сямю	sʲamʲu
сямён	sʲamʲon
сямёнавіч	sʲamʲonavʲitʂ
сямёра	sʲamʲora
сямі	sʲamʲi
сямідзесяты	sʲamʲidzʲesʲatɨ
сямісот	sʲamʲisot
сямісоты	sʲamʲisotɨ
сянкевіч	sʲankʲevʲitʂ
сяргей	sʲarɣʲej
сярдзіты	sʲardzʲitɨ
сярод	sʲarot
сярпом	sʲarpom
сяру	sʲaru
сярэбраны	sʲarɛbranɨ
сярэдзін	sʲarɛdzʲin
сярэдзіна	sʲarɛdzʲina
сярэдзінай	sʲarɛdzʲinaj
сярэдзінам	sʲarɛdzʲinam
сярэдзінамі	sʲarɛdzʲinamʲi
сярэдзінах	sʲarɛdzʲinax
сярэдзінаю	sʲarɛdzʲinaju
сярэдзіне	sʲarɛdzʲinʲe
сярэдзінныя	sjarɛdzʲinnɨja
сярэдзіну	sʲarɛdzʲinu
сярэдзіны	sʲarɛdzʲinɨ
сярэднебеларускі	sjarɛdnʲibʲeɫaruskʲi
сярэднявечная	sʲarɛtʲːavʲertʂnaja
сярэднявечны	sarɛtnʲavʲetʂnɨ
сярэднявечча	sʲarɛdnʲavʲetʂːa
сярэдняга	sʲarɛdnʲaɣa
сярэдні	sʲarɛdnʲi
сярэдніх	sjarɛdnʲix
сястра	sʲastra
сястрой	sʲastroj
сястрою	sʲastroju
сястру	sʲastru
сястры	sʲastrɨ
сясцёр	sʲasʲtsʲor
сятчатка	sʲatːʂatka
сёгун	seɣun
сёл	sʲoɫ
сёлета	sʲolʲeta
сёлетні	sʲolʲetnʲi
сёлы	sʲoɫɨ
сёмай	sʲomaj
сёмая	sʲomaja
сёмга	sʲonga
сёмую	sʲomuju
сёмы	sʲomɨ
сёння	sʲonʲːa
сёрбаючы	sʲerbajutʂɨ
сёрфінг	sʲorfʲinx
сёстрам	sʲostram
сёстрамі	sʲostramʲi
сёстрах	sʲostrax
сёстраў	sʲostrau̯
сёстры	sʲostrɨ
сібір	sʲibʲir
сібір	sˈibir
сіваваты	sʲivavate
сівець	sʲivʲetsʲ
сівое	sʲivoʲa
сівы	sʲivɨ
сівымі	sʲivɨmʲi
сівыя	sivʊja
сігануць	sʲiɣanutsʲ
сігаць	sʲiɣʰatsʲ
сігнал	sʲiɣnau
сігналізацыя	ʂʲignalʲizatsɨja
сідру	sʲidru
сіл	sʲiɫ
сіла	sʲiɫa
сілай	sʲilaj
сілах	sʲiɫax
сілкаванне	siɫkavannʲa
сілкуецца	zʲiɫkuʲetsːo
сілу	sʲiɫu
сілуэты	ʂʲiɫuɛtɨ
сілы	zʲiɫɨ
сілікатныя	sʲiɫʲikatnɨja
сілікаты	sʲiɫʲikadɨ
сімвал	sʲimvaɫ
сімвала	ʂɨmvaɫa
сімвалам	sɨmvaɫom
сімвалічны	zʲimvalʲitʂnɨ
сімвалічным	sʲimvalʲitʂnɨm
сімволіку	sʲimvolʲiku
сімпатызаваць	sʲimpatɨzavatsʲ
сімпатычных	sʲimpatɨtʂnɨx
сімпатыі	sʲimpatɨʲi
сінагога	sʲinaɣoɣa
сінаптычных	sjinaptɨtʂnɨx
сінгапур	sʲingapur
сінгапур	sʲinɣapur
сіноды	sʲinodɨ
сінонім	sʲinonʲim
сінонімам	sʲinonʲimam
сінт	sʲint
сіньцзян	sʲinʲdzʲzʲan
сінявокі	sʲinʲavokʲi
сіняк	sʲinʲak
сіні	sʲinʲi
сініца	sʲinʲitsa
сініца	sʲinʲitsːa
сініцы	sʲinʲitsɨ
сіпель	sʲipʲelʲ
сіпеў	sɨpˈeʊ
сірата	siɾata
сіроп	sʲirɨp
сірэна	sʲirɛna
сістэм	sʲistɛm
сістэма	zʲistɛma
сістэмай	sʲistɛmaj
сістэматычны	sʲiztɛmatɨtʂnɨ
сістэмна	sʲistɛmna
сістэмны	sʲistɛmnɨ
сістэмы	sʲistɛmɨ
сістэмы	sʲiʂtɛmɨ
сіта	sʲita
сітавіна	sʲitavina
сітуацый	sʲituatsɨj
сітуацыя	sʲituatsɨja
сітуацыі	sɨduatsɨʲi
сітца	sˈitsˈa
сіяністаў	sʲiʲanʲistau̯
табакеркі	tapakʲerkʲi
табар	taba
табар	tabar
табары	tabarɨ
табе	tabʲe
таблетак	tablʲetak
табліца	tablʲitsa
табой	taboj
табою	taboju
табу	tabu
табун	tabum
табурэт	taburɛt
табурэта	taburɛta
тавар	tavar
таварам	tavaram
тавараў	tavarou̯
таварных	tavarnɨx
таварныя	davarnɨja
тавару	tavaru
тавары	tavarɨ
таварыш	tavarɨʂ
таварышам	tavarɨʂam
таварышаў	tavarɨʂaw
таварышкі	tavarɨʂkʲi
таварышу	tavarɨʂu
тагальскі	taɣalʲskʲi
тагачасны	taɣatʂasnɨ
тагачасным	taɣatʂasnɨm
таго	taxo
таджыкскі	tadʐɨkskʲi
таджыкі	tadʐɨkʲi
таджыкістан	tadʐɨkʲistan
тады	tadɨ
таежных	toʲeʐnɨx
таемна	tajemna
таемнае	tajemnaje
таемная	tajemnaja
таемныя	tajemnɨja
тайланд	tajɫant
тайм	tajm
тайма	tajma
тайме	tajmʲe
тайна	tajna
тайна	tajnɛ
тайная	tajnaja
тайну	tajnu
тайны	tajnɨ
тайным	tajnɨm
тайных	tajnɨx
тайніку	tajnʲiku
тайскі	tajskʲi
тайскім	tajskʲim
так	tak
так-сяк	taksjak
такая	takaja
такога	takoɣa
такое	takoje
такой	pakoj
такой	takoj
такому	takomu
такою	takoju
таксам	taksam
таксама	taksama
таксаномія	taksanomʲija
таксі	taksʲi
таксіст	taksʲist
такт	takt
тактоўны	taktou̯nɨ
тактыка	taktɨka
тактыку	takdɨku
тактыцы	taktɨtsɨ
тактычны	taktɨtʂnɨ
такую	takuju
такі	taki
такі	takʲi
такім	takʲim
такімі	takʲimʲi
такіх	takʲix
такія	takija
такія	takʲija
талакой	taɫakoj
таленавітая	talʲenavʲidɨja
таленту	talʲentu
талер	tajlɛr
талер	talʲer
талерка	talʲerka
талеркі	talʲerkʲi
талон	taɫon
талоны	taɫonɨ
талочка	taɫotʂka
там	tam
тамагочы	tamaɣotsʲɨ
тамара	tamara
тамары	tamarɨ
тамах	tamax
тамашэвіч	tamaʂɛvʲitʂ
тамбур	tambur
таму	amu
таму	tamu
таміла	tamʲiɫa
танга	tanka
тандэм	tandɛm
танец	tanʲets
танзанія	tanzanʲija
танк	tank
танку	tanku
танкі	tankʲi
танкісту	tankʲistu
танкісты	tankʲistɨ
танна	tanna
таннай	tannaj
танней	tanʲːej
таннейшы	tannʲejʂɨ
таннець	tannʲetsʲ
таннець	tanʲetsʲ
танны	tanːɨ
танныя	tannɨja
танталу	tantalu
тануць	anutsʲ
танца	tantsa
танцаваць	tantsavatsʲ
танцам	tantsam
танцамі	tantsamji
танцор	tantsor
танцораў	tantsorau̯
танцоркі	tantsorkʲi
танцоры	tantsorɨ
танцулька	tantsuɫʲka
танчы	tantʂɨ
танчыла	tantʂɨɫa
танчылі	tantʂɨɫʲi
тапор	tapor
таптуны	taptunɨ
тапчан	taptʂan
тапчане	taptʂanʲe
тара	tara
тарак	tarag
таракан	t̪arakan
тараканы	tarokanɨ
таран	taran
тарас	taras
тарашкевіца	taraʂkʲevʲitsa
тарашкевіч	taraʂkʲevʲitʂ
таргавацца	tarɣavatsːa
таркі	tarkʲi
тармазнымі	tarmaznɨmʲi
тармазіць	tarmazʲitsʲ
тармозіць	tarmozʲitsʲ
тармосіць	tarmˈosits
таропкія	toropkʲiʲa
тарпедных	tarpʲednɨx
тартак	tartak
тарты	tartɨ
тару	taru
тарца	tartsa
тарцах	tartsax
тарцовых	tartsovɨx
тарыф	t̪arɨf
тарыфах	tarɨfax
тарыфаў	darɨfaw
тарыфная	tarɨfnaja
тасьма	tɑsʲma
тат	tat
тата	tata
татам	tatam
татарам	tataram
татарын	tatarɨn
тату	datu
татэм	tatɛm
тахту	taxtu
таце	tatsʲe
таццяна	tatsʲːana
тачка	tatʂka
тая	taja
таямніца	tajamnʲitsa
таямніцу	tojamnʲitsu
таямнічая	tajamnʲitʂaja
таўклі	taokli
таўпека	tau̯pʲeka
таўро́гі	dau̯roɣʲi
таўчы	tau̯tʂɨ
таўшчэзныя	tau̯stʂɨsnɨja
тва	tva
твае	tvoʲa
твае	tvʌnˈe
твайму	tvojmu
твар	tvar
тварам	dvaram
тварах	tvarax
тварог	tvarox
твару	tvaru
тварцом	tvartsom
твары	tvarɨ
тварыкі	tvarɨkʲi
тварыць	tvarɨtsʲ
тварэння	tvarɛnnʲa
твая	tvaja
тваё	tˈvˈaɪˈo
тваім	tvaʲim
тваіх	tvoʲix
твой	tvoj
твой	tvɔj
твор	tvor
твора	tvora
творам	tvoram
творах	tvorax
твораць	tvoratsʲ
твораў	tvorau̯
творны	tvornɨ
твору	tvoru
творча	dvortʂa
творчасць	tvortʂasʲtsʲ
творчая	tvortʂaja
творчую	tvortʂuju
творчы	tvortʂɨ
творчым	tvortʂɨm
творчых	tvortʂɨx
творчыя	tvortʂɨja
творы	tvorɨ
творым	tvorɨm
творыцца	tvorɨtsːa
тканка	tkanka
тканка	tˈkˈanˈkˈa
тканы	tkanɨ
тканіны	tkanʲinɨ
ткацтва	tkatstva
ткацтвам	tkatstvam
ткач	tkatʂ
тлела	tlʲeɫa
тлум	tɫum
тлумач	tɨlumatʂ
тлумач	tɫumatʂ
тлумачальныя	kɫumatʂaɫʲnɨja
тлумачаць	tɫumatʂatsʲ
тлумачу	tɫumatʂu
тлумачце	tɫumatsʲːe
тлумачыла	tɫumatʂɨɫa
тлумачылі	tɫumatʂɨlʲi
тлумачым	tɫumatʂɨm
тлумачыце	tɫumatʂɨtsʲe
тлумачыць	tɫumatʂɨtsʲ
тлумачыш	tɫumatʂɨʂ
тлумачыў	tɫumatʂɨu̯
тлумачэння	tɫumatʂɛnnʲa
тлумным	tlumnɨm
тлуміць	tɫumijtsʲ
тлустае	tɫustaje
тлустая	tɫustaja
тлусты	tɫustɨ
тлусты	zɫustɨ
тлустыя	tɫustɨja
тлусцець	tɫusʲtsʲetsʲ
тлушч	tuɫuʂtʂ
тлушч	tɫuʂtʂ
тлушчавы	tɫuʂtʂavɨ
тлушчы	tɫuʂtʂɨ
тля	tlʲa
то	to
то-бок	tobok
тога	toɣa
тодар	totar
тое	toje
тое-сёе	tojesʲoje
той	parɨ
той	toj
той	tɔj
ток	tok
токам	tokam
токар	tukar
токіа	tokʲia
толавых	doɫavɨx
толчыну	toɫtʂɨnu
толькі	tolʲkʲi
том	tom
том	tɔm
томік	tomʲik
тон	ton
тона	ona
тонкай	donkaj
тонкі	tonkʲi
тонкі	tonti
тонкім	tonkʲim
тонкімі	donkʲimʲi
тонкіх	tonkʲix
тонкія	tonkʲija
тону	tonu
тонуць	tonutsʲ
тоня	tonʲa
тонік	tonʲik
топ	top
топкай	topkaj
топках	topkax
топяць	topʲatsʲ
торба	dɔrba
торба	torba
торбай	torbaj
торбаю	torbaju
торбу	torbu
торбы	torbɨ
торгаюцца	torxaʲutsːa
торкаць	torkatsʲ
тормаз	formas
торт	tort
торта	torta
торф	torf
торце	tortsʲe
торы	torɨ
тостар	tostar
тосты	tostɨ
точаных	totʂanɨx
тоўсты	tou̯stɨ
тоўсты	towstɨ
тоўстыя	towustɨja
трaкшуны	trakʂuʲːɨ
трава	trava
траве	travʲe
травень	travʲenʲ
травеньскі	travʲenʲskʲi
травою	travoju
траву	trovu
травы	travɨ
травіна	travʲina
трагізму	traɣʲizmu
трагічны	traɣʲitʂnɨ
традыцыйна	traditsɨjna
традыцыйнай	tradɨtsɨjnaj
традыцыйным	tradɨtsɨjnɨm
традыцыйных	tradɨtsɨjnɨx
традыцыйныя	tradɨtsɨjnɨja
традыцыя	tradɨtsɨja
традыцыяй	tradɨtsɨʲaj
традыцыям	tradɨtsɨjam
традыцыі	dradɨtsɨʲi
тракт	trakt
трактар	traktar
трактарных	traktarnɨx
трактары	traktarɨ
трактарыст	traktarɨst
трактарыстка	traktarɨstka
трамбона	trambona
трамвайных	tramvajnɨx
трамп	tramp
транс	trans
транспарт	transpart
транспарт	trˈanspˈɑrt
транспартныя	transpartnɨja
транспарту	transpartu
транспарце	transpartsʲe
транты	trantɨ
траншэю	tranʂɛju
траншэя	trɛnʂɛja
трап	trap
трапецыя	trakɛtsɨja
трапечацца	trɛpʲetʂatstsa
траплялі	trapʲːaɫji
трапным	trapnɨm
трапныя	trapnɨja
трапяць	trapʲatsʲ
трапілі	trapɨɫji
трапілі	trapʲilɨ
трапім	trapʲim
трапіць	drapʲitsʲ
трапіць	trapʲitsʲ
трапічны	trapʲitʂnɨ
трапічным	drapʲitʂnɨm
трапічныя	drapʲitʂnɨja
трапіш	trapʲiʂ
трас	tras
траса	traˈsa
траскучага	traskutʂaɣa
трасу	trasu
трасца	trastsa
трасца	traˈstsa
трасы	trasɨ
трасянка	trasʲanka
трасянцы	trasjantsɨ
тратуар	pratuar
тратуарную	tratuarnuju
траты	trotɨ
трафей	drafʲej
трафея	trafʲeja
трахей	traxʲej
траць	tratsʲ
траціна	tratsʲina
траціну	tratsʲinu
траціны	tratsʲinɨ
траціць	tratsʲitsʲ
трачу	tratʂu
трашчаць	trastʂatsʲ
траіх	trojix
траўм	trou̯m
траўня	trou̯nʲa
траўні	trou̯nʲi
траўнік	trau̯njk
тро́кі	troʲkʲi
трое	troje
тройка	trɔjka
тройчы	trojtʂɨ
тролі	troɫʲi
тром	trom
трон	tron
тронам	tronam
тронкі	trˈonkjˈ
троннай	tronnaj
трону	tronu
тропіках	tropʲigax
трос	ros
трох	trox
трох-	trox
трохвугольнік	troxvuɣolʲnʲik
трохкутнік	troxkutnʲik
трохсоты	troxsotɨ
троху	troxu
трохі	troxʲi
троцкім	trotskʲim
трошачкі	troʂatʂkʲi
трошкі	troʂkʲi
труб	trup
трубах	trubox
трубач	drubatʂ
трубачамі	trubatʂamʲi
трубачку	trubatʂku
трубка	trubka
трубкай	trupkaj
трубку	trupku
трубкі	trupkʲi
трубны	trubnɨ
трубой	truboj
трубу	trupu
трубчастая	trubtʂastaja
трук	truk
трум	trua
трум	trum
труна	truna
трунны	trunnɨ
труну	trunu
труны	trunɨ
труп	trup
трупай	trupaj
трупах	trupax
трупе	trupʲe
трупны	trupnɨ
трупным	trupnɨm
трупных	trupnɨx
трупу	trupu
трупы	trupɨ
трус	trus
трус	trʊs
труса	trusa
трускалка	truskaːlka
трускалкі	truskaˈlki
трусы	trusɨ
труфля	truflʲa
трухлявая	truxlʲavaja
трухлявы	druxlʲavɨ
труцень	trutsʲenʲ
труць	trutsʲ
тручы	trutʂɨ
тручэння	trutʂɛnnʲa
трушнасць	truʂnasʲtsʲ
тры	trɨ
тры	tr̝ɪ
тры-чатыры	trɨtʂatɨrɨ
трыа	tria
трыбунала	trɨbunala
трыбуну	trɨbunu
трыбуны	trɨbunɨ
трыбы	trɨbɨ
трывала	trɨvaɫa
трываласць	trɨvaɫasʲtsʲ
трывалая	trɨvaɫaje
трыванне	trɪvonnʲe
трываць	trɨvatsʲ
трываю	trɨvaju
трывога	trɛvoxa
трывога	trɨvoxo
трывогу	trɨvoxu
трывожачы	trɨvoʐatʂɨ
трывожнае	trɨvoʐnoʲe
трывожны	trɨvoʐnɨ
трывожным	trɨvoʐnɨm
трывожныя	trɨvoʐnɨja
трывожыла	trɨvoʂɨɫa
трызна	trɛzna
трызніць	trɛzʲːitsʲ
трыкалорам	trɨkaloram
трыкутніку	trɨkutnʲiku
трылабітаў	trɨɫabʲitaw
трылер	trɨlʲer
трыльён	trɨlʲjon
трыльённы	trɨlʲjonːɨ
трыма	trɨma
трымае	trɨmaje
трымае	trɨmaʲa
трымаем	trɨmaʲem
трымаеш	trɨmaʲeʂ
трымайся	trɛmajˈsja
трымала	trɛmaɫa
трымалася	trɨmaɫaʂja
трымалі	trɨmolʲi
трымаліся	trɨmolʲisja
трымаць	trɨmatsʲ
трымаю	trɨmaju
трымаюцца	trɨmajutsːo
трымаюць	strɨmajutsʲ
трымаў	trɨmau̯
трымаў	trɪmau̯
трынаццаты	trɨnatsːatɨ
трынаццаць	trɨnatsːatsʲ
трып	trɨp
трыснягу	trɨsnʲaɣu
трыснёг	trɨsʲnʲox
трыста	trista
трыста	trɨsta
трытон	trɨton
трыумфу	trɨumfu
трыццаты	trɨtsːatɨ
трыццаць	trɨtsːatsʲ
трэ	trɛ
трэ'	trɛ
трэба	trɛba
трэйлер	trɛjlʲer
трэк	trɛk
трэк-ліст	trɛkɫʲist
трэка	trɛka
трэкам	trɛkam
трэках	trɛkax
трэкаў	trɛkau̯
трэнажор	trɛnaʐor
трэнажорную	trɛnoʐornuʲu
трэнажоры	trɛnaʐorɨ
трэнера	trɛnʲera
трэнераў	trɛnʲerau̯
трэнне	trɛnː
трэнні	trɛnnʲi
трэніравацца	trɛnʲiravatsːo
трэніраваць	prɛnʲiravatsʲ
трэніроўка	trɛnːirou̯ka
трэск	trɛsk
трэскам	trɛskam
трэскі	drɛskʲi
трэсла	trɛsɫa
трэсты	trɛstɨ
трэсці	trɛsʲtsʲi
трэцяму	trɛtsʲamu
трэцяя	trɛtsʲaja
трэцяя	trɛtsʲija
трэці	trɛtsʲi
трэці	trɛʲːi
трэцім	trɛtsʲim
туалет	tualʲet
туалет	tualʲeːt
тубыльцы	tubɨɫʲtsɨ
туга	tuɣo
тугу	tuɣu
тугі	tuɣʲi
туды	tudi
туды	tudɨ
тужлівы	tuʂɫjivɨ
тузанула	tozanuɫo
тузаць	tozotsʲ
туй	tuj
тулава	tuɫava
тулавам	tulavam
туляецца	tulʲaʲetstsa
тулячы	tulʲatʂɨ
туман	tuman
туманам	tumanam
тумане	tumaʲːe
туманная	tumannaja
туманны	tumannɨ
туманнымі	tumannɨmʲi
туманы	tumanɨ
тумбачкі	tumbatʂkʲi
тумбы	tumbɨ
тунец	tuˌnˈets
туніку	tuʲːiku
туніс	tunʲis
тупа	tupa
тупала	tupaɫa
тупат	dupat
тупат	tupɔt
тупееш	tupʲeʲeʂ
тупога	tupoɣa
тупое	tupoɛ
тупую	tupuju
тупы	tupɨ
тупы	tupɪ
тупым	dupɨm
тупыя	tupɨja
тупік	tupʲik
тупіка	tupʲika
тур	tur
тур	t̪uɾ
тура	tura
турак	torak
турак	turak
турах	turax
тураў	tùːrau̯
турбаваць	turbavatsʲ
турбаза	turbaza
турботай	turbotaj
турботы	turbotɨ
турбуе	turbuʲe
турбуюць	turbujuʲtsʲ
турбінныя	turbʲinnɨja
турка	turka
туркам	turkam
туркменскі	turkmʲenskʲi
туркменістан	turkmʲenʲistan
турма	dorma
турма	turma
турмах	turmax
турме	torme
турмы	turmɨ
турнэ	turnɛ
турнікет	turnikˈet
турніку	turnʲiku
турнір	turnʲir
турнірах	turʲːirax
турніру	turʲːiru
турніры	turnʲirɨ
турцыя	turtsɨja
турчанка	turtʂanka
турчык	tortʂɨk
туры	turɨ
турызмам	turɨzmam
турызму	turɨʐmu
турыст	turɨst
турыста	turɨsta
турыстаў	turɨstau̯
турысты	turɨstɨ
турыстычная	turɨstɨtʂnaja
турыстычны	turɨstɨtʃnɨ
турыстычных	turɨstɨtʂnɨx
турэмны	turɛmnɨ
турэцкую	turɛtskuju
турэцкі	durɛtski
турэцкі	turɛtskʲi
турэччына	turɛtʂtʂɛna
турэччына	turɛtʂːɨna
туся	tˈusja
тут	tut
тут	tˈut
тутака	tˈutaka
тутэйшае	tutɛjʃaʲe
тутэйшым	tutɛjʂɨm
туфлях	tuflʲax
туфлі	tuflʲa
туфлікі	duflʲikʲi
туфу	tufu
тухлы	tuxɫɨ
тухне	tuxnʲe
тухнуць	tuxnutsʲ
туш	tuʂ
туш	tʊ̞ʂ
тушаць	tuʂatsʲ
тушу	tuʂu
тушыць	tuʂɨtsʲ
тхлань	xɫanʲ
тхор	txor
тхор	tɦor
ты	dˈy
ты	tɨ
тыбецкія	tɨbʲetskʲija
тыгр	tɨɣr
тыдзень	tɨdzʲenʲ
тыдняў	tɨdnʲau̯
тыднёвік	tɨdnʲovʲek
тыдні	tɨtnʲi
тыкаць	tɨkatsʲ
тыкаў	tɨgaw
тыл	tɨɫ
тыле	tɨlʲe
тылу	tɨɫu
тылы	tɨlɨ
тым	tɨm
тымі	tɨmji
тынам	tɨnom
тынк	tɨng
тып	tɨp
тыпа	tɨpa
тыпавымі	tɨpavɨmʲi
тыпам	tɨpam
тыпах	tɨpax
тыпе	tɨpʲe
тыповая	tɨpovaja
тыповы	tɨpovɨ
тыповым	tɨpovɨm
тыповымі	tɨpovɨmʲi
тыповыя	tɨpovɨja
тыпу	tɨpu
тыпы	dɨpɨ
тырад	tɨrad
тыраж	tɨroʐ
тыражы	tɨraʐɨ
тырчаць	tɨrtʂatsʲ
тысяч	tɨsʲatʂ
тысяча	tɨsʲatʂa
тысячагадовы	tɨsʲetʂaɣadovɨ
тысячагоддзе	tɨsʲatʂaɣodzʲːe
тысячны	tɨsʲatʂnɨ
тытаны	tɨtanɨ
тытула	tɨtuɫa
тытулах	dɨtuɫax
тытулы	tɨtulɨ
тытульная	tɨtulʲnaja
тытунь	tɨtunʲ
тытуню	tɨtunʲu
тыфозных	tɨfoznɨx
тых	tɨx
тычка	tutʂka
тычка	tɨtʂka
тычынак	dɨtʂɨnak
тычынкавыя	tɨtʂɨnkavɨja
тычынкі	tɨtʂɨnkʲi
тычыцца	tɨtʂɨtsːa
тыя	dɨja
тэа	tɛa
тэарэтычна	tɛarɛtɨtʂna
тэатр	tɛatr
тэатр	tɛatɚ
тэатрал	tɛatrau̯
тэатральшчына	tɛatralʲtʂtʂɨna
тэзу	tɛsu
тэзы	tɛzɨ
тэзіс	tɛzʲis
тэзісы	dɛzʲisɨ
тэкля	tɛklæ
тэкст	tɛkst
тэкст	tˈɛkst
тэкста	tɛksta
тэкставы	tɛkstavɨ
тэкставых	tɛkstavɨx
тэкстам	tɛksdam
тэкстах	tɛkstax
тэксты	tɛkstɨ
тэкіла	tˈɛkiʎa
тэл	tɛl
тэлебачанне	tɛlʲebatʂanʲːe
тэлевізар	tɛlʲevʲizar
тэлевізія	tɛlʲevizʲija
тэлеграф	tɛlʲegrɑf
тэлеканал	tɛlʲikanaɫ
тэлефанаваць	tɛlʲɛfonavatsʲ
тэлефаную	tɛlʲefonʊju
тэлефон	tɛlʲefon
тэлефонны	tɛlʲefonˈnɨ
тэлур	tɛur
тэм	tɛm
тэма	dɛma
тэмай	tɛmaj
тэматыкі	tɛmatɨkʲi
тэматыцы	tɛmatɨtsɨ
тэматычных	tɛmatɨtʂnɨx
тэмбравых	tɛmbravɨx
тэмбру	tɛmbru
тэмп	tɛmp
тэмпам	tɛmpam
тэмпамі	tɛmpamʲi
тэмпературны	tɛmpʲeraturnɨ
тэмпы	tɛmpɨ
тэму	tɛmu
тэмы	tɛmɨ
тэндар	tɛndar
тэндэнцыю	tɛndɛntsɨju
тэніс	tˈeɪniz
тэнісам	tɛnʲisam
тэнісіст	tɛnʲisʲist
тэорыю	tɛorɨju
тэорыя	tɛorɛja
тэорыяй	tɛorɨjaj
тэорыі	tɛorɨji
тэракты	tɛraktɨ
тэрарыст	tɛrarɨst
тэрас	tɛras
тэрасай	tɛrasaj
тэрбій	tɛrbi
тэрмас	tɛrmas
тэрмастат	tɛrmastat
тэрмін	tɛrmʲen
тэрмін	tɛrmʲin
тэрміна	tɛrmʲina
тэрмінова	darmʲinova
тэрміну	tɛrmʲinu
тэрор	tɛror
тэрыторый	tɛrɨtorɨj
тэрыторыях	tɛrɨdorɨjax
тэрыторыі	dɛrɨtorɨʲi
тэст	tɛst
тэста	tɛsta
тэставай	tɛstavaj
тэставанне	tɛstavanˈnˈe
тэставання	tɛstavannʲa
тэставы	tɛstavɨ
тэстастэрон	tɛstastɛron
тэсты	tɛstɨ
тэсцікула	tɛsʲtsʲikuɫa
тэсціраванне	tɛstsʲiravonʲːe
тэхас	tɛxas
тэхналогія	tɛxnaɫoɣʲija
тэхнапарк	tɛxnapark
тэхнецый	tɛxnʲetsɨ
тэхніках	tɛxnʲikax
тэхніку	tɛxnʲiku
тэхнікі	tɛxnʲiʲːi
тэхніцы	tɛxnʲitsɨ
тэхнічнай	tɛxnʲitʂnaj
тэхнічную	tɛxnʲitʂnuʲu
тэхнічны	tɛxʲːitʂnɨ
тэхнічных	tɛxnʲitʂnɨx
тэхнічныя	tɛxnʲitʂnɨja
у	u
убачыце	ubatʃɨtsʲe
убачыць	ubatʂɨtsʲ
уборы	uborɨ
убранне	ubrɑnːʲa
убіраць	bʲiratsʲ
ува	uva
увабраў	uvobrau
увага	uvaɣa
увагай	uvaɣaj
увагаю	uvaɣaju
увагу	uvaɣu
увагі	uvaɣʲi
уважлівы	uvaʐlʲivɨ
уважна	uvaʐna
увазе	uvazʲe
увайсці	uvajsʲtsʲi
увайшло	uvajʂɫo
уварванне	uvarvanʲːe
уварвання	uvarvannʲa
увасабленне	ubasablʲennʲe
увасабленне	uvasˈablˈennʌ
увасобіць	uvaʂopʲitsʲ
уваткнеш	votknʲeʂ
уваход	uvaxod
увахода	uvaxoda
уваходам	uvaxodam
уваходзіць	uvaxodzʲitsʲ
уваходзіў	uvaxodzʲiu̯
уваходны	uvaxodnɨ
уваходнымі	uvaxodnɨmʲi
уваходы	uvaxodɨ
уваходы	vaxodɨ
уведаць	uvʲedatsʲ
увесну	uvʲesnu
увесь	uvʲesʲ
увогуле	uvoɣulʲe
увоз	uvos
увосень	uvosʲenʲ
увядуць	uvjadutsʲ
увянчаны	uvjantʂanɨ
угадаць	uɣadatsʲ
уганда	uganda
уганда	uɣanda
угодкі	uɣodkʲi
угорскі	uɣorskʲi
угінаўся	uɣʲinawʂja
удава	udava
удавалася	udavaɫasja
удала	udaɫa
удалося	utaɫosja
удалы	udalɨ
удалі	udalʲi
удар	udar
ударам	udaram
удараць	udaratsʲ
удары	udarɨ
ударыць	udarɨtsʲ
удасканальваць	udɨskanoɫʲvatsʲ
удасканаліць	udazganalʲitsʲ
удачы	utatʂɨ
удвая	ˈudvʌˈja
удвух	udvux
удзел	udzʲeɫ
удзельнік	udzʲelʲnik
удзельнік	udzʲelʲnʲik
удзельнікі	udzʲaɫʲnʲikʲi
удзень	udzʲenʲ
удзячны	udzʲatʂnɨ
удзячным	udzʲatʂnɨm
удоў	udou̯
удрузг	udruzg
удушлівы	uduʂlʲivɨ
удыхнуць	budɨxnutsʲ
ужгарад	uʐgarat
ужо	uʐo
ужывае	uʐɨvaje
ужываецца	uʐɨvaʲetstsa
ужывала	uʐɨvala
ужываліся	uʐɨvalʲiʂja
ужыванне	uʐɨvannʲe
ужываць	uʐɨvatsʲ
ужытковы	uʂɨdkoɫɨ
ужытку	uʐɨtku
ужыць	uʐɨtsʲ
узаемадзейнічаць	usaʲemadzʲejʲːitʂaʲtsʲ
узаемадзеянне	uzajamadzʲajannʲa
узаемнасць	uzajemnasʲtsʲ
узару	uzaru
узбагачаюць	uzboɣodʐajutsʲ
узбагачэнне	uzbaɣaʂɛnnʲe
узбагачэння	uzbaɣatʂɛnnʲa
узбекскі	uzʲbʲekskʲi
узбекістан	uzʲbʲekʲistan
узведзеныя	uzvʲedzʲenɨja
узворваць	uzorvatsʲ
узвышаецца	uzvɨʂaʲetstso
узгаданы	uzɣadani
узгадаць	uzɣadatsʲ
узгадвае	uzɣadvaj
уздзеянне	uzdzʲajannʲa
уздрыгвалі	uzdrɨɣvaɫʲi
уздым	uzdɨw
уздыхне	uzdɨxnʲe
узмацненне	uzmatsnʲenʲːi
узмацніла	uzmatsnʲiɫo
узнавіць	uznavʲitsʲ
узнагародзілі	uznaɣorotzʲeɫʲi
узначальвалася	uznatʂaɫʲvaɫasja
узначальваць	uznatʂalʲvatsʲ
узначаліць	uznotʂalʲitsʲ
узнаўленне	uznau̯lʲenʲːe
узнялі	uznʲaɫʲi
узняты	uznʲatɨ
узнятым	uznʲatɨm
узняцца	uznʲatsːa
узняць	uznʲatsʲ
узнік	uznik
узнік	uznʲig
узор	uzor
узор	uzoɾ
узорам	uzoram
узорах	uzorox
узорны	uzornɨ
узоры	uzorɨ
узрастае	uzrastaj
узрастаць	uzrɑsˈtatsʲ
узровень	uzrovʲenʲ
узрост	uzrost
узрост	uzuɾost
узростам	uzrostom
узросце	uzroʂtsʲe
узроўню	uzrou̯nʲu
узроўні	uzrou̯nʲi
узрушаны	uzruʂanɨ
узрывам	uzrɨvom
узрываюць	uzrɨvajutsʲ
узышоў	uzɨʂou̯
узялі	uzalˈi
узяты	uzjate
узяты	uzʲatɨ
узятых	uzʲatɨx
узяць	uzʲatsʲ
узяў	uzjau̯
узімку	uzʲimku
уйгур	ujɣur
указ	ukaz
указа	ukaza
указу	ukazu
уклад	ukɫat
уключае	puklʲutʂaʲe
уключаецца	ukɫʲutʂaʲetstso
уключаць	uklʲutʂatsʲ
укол	ukol
украіна	ukrajina
украіна	ukraʲina
украіна	ukroʲina
украіна	ukrʌjina
украінец	ukrajinʲets
украінка	ukrajinka
украінская	ukrajinskaja
украінскі	ukrajinskʲi
украінскім	ukrajinskʲim
украінскіх	ukrajinskʲix
укрываў	ukrɨvaw
укрыта	ukrɨta
укінуўшы	ukʲinuu̯ʂɨ
улад	uɫad
улада	uɫada
уладай	uɫataj
уладальнік	uɫodaɫʲnʲik
уладзь	pɫatsʲ
уладзівасток	uɫodzʲevastok
уладзімер	uɫadzʲimʲer
уладзімір	uɫadzʲimʲer
уладзімір	uɫadzʲimʲir
уладзіслаў	uɫadzʲisɫau̯
уладкавана	uɫodkavanːa
уладны	uɫadnɨ
уладныя	uɫadnɨja
уласнабеларускі	uɫaznabʲeɫaruskʲi
уласнабеларускія	uɫaznɨbʲeɫaruskʲija
уласнапольскі	uɫaznapoɫʲskʲi
уласную	uɫasnuju
уласны	ulasnɨ
уласны	uɫasnɨ
уласных	uɫasnɨx
уласнікі	uɫasʲːikʲi
уласцівасць	uɫasʲtsʲivasʲtsʲ
улева	ulʲeɫa
улетку	ulʲetku
улетку	wulʲetku
улляна	ulʲːana
уломяць	uɫomʲatsʲ
улонне	uɫonʲːe
улучыцца	uɫtʂɨtstsa
улюбёны	ulʲubʲonɨ
улікам	uɫʲikom
улічваючы	ulʲitʂvojutʂɨ
улічыць	ulʲitʂɨtsʲ
уман	uman
умацаваў	umatsavau̯
умеем	umʲeʲem
умелі	umʲelʲi
умерана	umɛrana
умерана-	umɛrana
умераны	umʲeronɨ
умець	umʲetsʲ
умова	umova
умовах	umovox
умовы	umovɨ
умомант	umomant
умоўна	umou̯na
умывальнік	umɨvaɫʲnʲik
унаравіць	inaravʲitsʲ
уначы	unatʂɨ
уночы	unotʂɨ
унук	unuk
унука	unuka
унукам	unukam
унукі	unukʲi
унутраны	unutranɨ
унутраным	unutranɨm
унутраныя	unutranɨʲa
унутры	unutrɨ
унутрывідавых	unutrɨvʲidavɨx
унучак	unutʂak
унучка	unutʂka
унучку	unutʂku
унучкі	unutʂkʲi
унучцы	unutsɨ
унь	unʲ
унёсак	unʲosˈsak
універмаг	unʲivʲermax
універсітэт	unʲivʲersʲitɛt
унікальны	unʲigaɫʲnɨ
унікаць	unʲikatsʲ
унікнуць	unʲiknutsʲ
упадаць	upadatsʲ
упадзе	upadzʲe
упакоўцы	upakou̯tsɨ
упала	upaɫa
упарта	uparta
упарта	upoɾto
упарты	upartɨ
упартыя	upardɯja
упасці	upasʲtsʲi
упаў	umpau̯
упершыню	upʲerʂɨmju
упершыню	upʲerʂɨnʲu
уплывае	upɫɨvaʲe
уплывам	upɫɨvam
уплывовая	upɫɨvovaʲa
уплывовы	upɫɨvou̯ɨ
уплывовы	upɫɨvovɨ
уплывовых	upɫɨvovɨx
уплыву	upɫɨvu
уплывы	upɫɨvɨ
уплыў	upɫɨu̯
упор	upor
упоравень	uporɔvʲenʲ
упору	uporu
управы	upravɨ
упрыгожваць	puprɨɣoʐvatsʲ
упыну	upɨnu
упэўнены	ufɛu̯nʲenɨ
упякаць	upʲakatsʲ
упіраўся	upʲirau̯sja
урад	urat
урада	urado
урадавая	uradavaʲa
урадавых	uradavɨx
урадлівы	uradɫʲivɨ
ураду	uradu
уражальны	uraʐalʲnɨ
уражана	uraʐana
уражаная	uraʂanaja
уражанне	uraʐanʲːe
уражаную	uraʐanuju
уражаныя	uraʐanɨja
уражвае	uraʐvaʲe
уразіць	urazʲitsʲ
уранні	urannʲi
уратаваны	aratavanɨ
уратаваць	uratavatsʲ
урач	uratʂ
урачом	uratʂom
урачысты	uratʂɨʂdɨ
урду	urdu
урна	urna
урны	urnɨ
урод	urod
урок	urok
урок	urɔk
урока	uroka
урокамі	urokamʲi
урокаў	urokau̯
урокі	urokʲi
урон	uron
уругвай	uruɣvaj
уручаецца	urutʂaʲetstsa
уручылі	urutʂɨɫʲi
урэчнікам	urɛtʂnʲikam
урэшце	urɛʂtsʲe
урэшце	urɛʂtʲe
усвядоміць	usvʲadomʲetsʲ
усвядоміць	usʲvʲadomʲitsʲ
усе	usʲe
усе	u˨˩˦ɕjɛ˥˥
усеагульны	usʲeaɣulʲnɨ
усеяныя	usʲeʲanɨja
усеўкраінскі	usʲeukraʲinskʲi
ускатурхваць	uskaturxvasʲ
ускладаць	uskɫadatsʲ
ускрай	uzkrɑj
ускраінны	uskraʲennɨ
ускруціць	uskɾutsʲitsʲ
ускрыццё	uskrɨtsʲːo
услед	uzɫɛt
услых	usɫɨx
услых	usɫˈyx
усмак	usmak
усмаліць	usmalʲitsʲ
усмешка	usʲmʲeʂka
усмешліва	usmʲeʂɫʲiva
усмешлівасць	usmʲeʂɫʲivostsʲ
усмешлівы	usmʲeʂlʲivɨ
усміхацца	pusmixatsːa
усміхацца	usʲmʲixatsːa
усміхнуцца	usmʲiχnutsːa
усміхнуцца	usʲmʲixatsːa
усобіцы	usobjitsɨ
успамін	uspomʲin
успомняць	uspomnʲatsʲ
успрымаецца	usprɨmaʲetstsa
успрымаць	usprɨmatsʲ
уставаць	ustavatsʲ
усталявання	ustalʲavannʲa
усталяваць	usdavjavatsʲ
устане	ustonjɛ
установа	ustanovaja
установах	usdanovax
установаў	ustanovau̯
установы	ustonovɨ
устаць	ustatsʲ
устаўляла	ustawlʲaɫa
устойлівая	ustojlʲivaja
устроміліся	ustromʲiɫʲisja
усунуць	usunutsʲ
усхвалявана	usxvalʲavana
усход	sxot
усход	usxot
усходам	usxodam
усходнеславянскі	usxodnʲasɫavjanskʲi
усходнеславянскі	usxodnʲesɫavʲanskʲi
усходні	usxodnɨ
усходні	usxodnʲi
усходні	usxonˈi
усходнім	usxodnʲim
усходніх	usxodnʲix
усходу	usxodu
усходы	usxotɨ
усцешна	usʲtsʲeʂna
усцешны	usʲtsʲerʂnɨ
усю	usʲu
усюды	usʲudɨ
уся	usʲa
усяго	usjaɣo
усякай	usjakaj
усякі	usjakʲi
усяму	usjamu
усярэдзіне	usarɛdzʲinʲe
усё	usʲo
усёахопны	usʲeaxopnɨ
усёахопны	usʲoaxopnɨ
усёй	usʲoj
усёмагутны	usʲomaɣutnɨ
усёпераможны	usʲopʲeramoʐna
усёпранікальны	usʲoprɨnʲikoɫʲnɨ
усёсакрушальны	usʲosakruʂaɫʲenɨ
усёю	usʲoju
усім	usʲim
усіх	usʲix
утварае	utvaraʲe
утвараліся	udvaraɫʲisja
утвараць	utvaratsʲ
утвараюць	utvaraʲutsʲ
утварылі	udvarɨɫʲi
утворана	utvorana
утвораны	utvoranɨ
утрох	utrox
утрымаць	utrɨmatsʲ
ух	ux
ухапіць	uxapʲitsʲ
ухіляцца	uxʲilʲatsːa
ухіліцца	uxʲilʲitsːa
ухінаючыся	uxʲinajuˈtʂɨsja
уцякач	utsʲakatʂ
уцёк	utsʲok
уцёкі	utsʲokʲi
уціхамірваць	utsʲixomʲirvatsʲ
уціхамірыць	uʲtsʲixamʲiratsʲ
учапіўся	utʂɛpʲiu̯sja
участкі	utʂaʂdkʲi
учора	utʂora
учора	utʃora
учулі	utʂulʲi
учуць	utʂutsʲ
учынак	utʂɨnak
учынкам	utʂɨnkam
учынку	utʂɨnku
ушанаваць	uʂanavatsʲ
ушацкі	uʂatskj
уявіць	ujavʲitsʲ
уявіць	uʲavʲitsʲ
уязджаць	ujjaztʂatsʲ
уяўляецца	jau̯lʲaʲetsːo
уяўляць	jau̯lʲatsʲ
уяўляць	ujau̯lʲatsʲ
уяўляюць	uʲau̯lʲajutsː
ф	fɔɾ
фа	fa
фабрыка	fabrɨka
фабрыканты	fabrikantɨ
фаварыт	favarɨt
фаварыта	favarɨta
фаворы	favorɨ
фагам	vaɣam
фаз	fas
фазу	fazu
файна	fajna
файны	fajnɛ
файны	fajnɨ
факел	fakʲeɫ
факсіміле	faksʲimʲiɫʲi
факт	fakt
фактар	faktar
фактарам	faktaram
фактараў	foktarau̯
фактары	faktorɨ
фактах	faktax
фактурную	fakturnuju
факты	faktɨ
фактычна	faktɨtʂna
фактычным	faktɨtʂnɨm
факультэт	fakuɫʲtɛt
факультэты	fakulʲtɛtɨ
фальварковы	faɫʲvarkovɨ
фальклорны	falʲkɫornɨ
фанат	fonad
фанацкім	fanatskʲim
фанеру	fonʲeru
фантана	fantana
фантанам	fantanam
фантаны	fantanɨ
фантастычна	fantastɨtʂna
фантомны	fantomnɨ
фантомныя	fantomnɨja
фарай	faraj
фараон	faraon
фарба	farba
фарбавала	farbavaɫa
фарбавалі	farbavalʲi
фарбаваць	farbavatsʲ
фарбаваў	farbavau̯
фарбай	farbaj
фарбачкі	farbatʂkʲi
фарбу	farbu
фарбуе	farbuje
фарбуем	farbujem
фарбуеце	farbujetsʲe
фарбуеш	farbujeʂ
фарбуй	farbuj
фарбую	farbuju
фарбуюць	farbujutsʲ
фарбы	farbɨ
фармавання	farmavannʲa
фармальнага	farmaɫʲnoɣa
фармалізм	farmalʲizm
фармат	farmad
фармаце	farmatsʲe
фармацыі	farmatsɨji
фармуецца	farmuʲetstsa
фармуляваць	formulʲavatsʲ
фармуляр	farmulʲar
фармулёўка	farmulʲowka
фармуюць	farmuʲutsʲ
фарсі	farsʲi
фартуха	farduxa
фартухом	forduxom
фартэпіяна	fartɛpʲijana
фарш	fors
фары	farɨ
фарэрскі	farɛrskʲi
фасад	fosad
фасады	fasadɨ
фасоля	fosolʲa
фасфатных	fasvatnɨx
фасфаты	fasfadɨ
фатаграфія	fataɣrafʲija
фатаздымак	xatasdɨmak
фатальна	fataɫʲna
фатальная	fataɫʲnaja
фатальным	fataɫʲnɨm
фатону	fatonu
фатэль	fatɛlʲ
фах	fax
фашызм	faʂɨzm
фашысты	faʂɨstɨ
фашысцкі	faʂɨstskʲi
феадалы	fʲeadaɫɨ
феадальная	fʲeadalʲnaja
феадальных	fʲeadalʲnɨx
федарэнка	fʲedarɛnka
федэральная	fʲedɛraɫʲnaja
федэрацыя	fʲedɛratsɨja
фемінізм	fʲemʲinʲizm
ферзь	fʲersʲ
ферма	fʲerma
ферме	fʲermʲe
фермер	fʲermʲer
фермер	fʲɛrmʲer
фермерам	fʲermʲeram
ферму	fʲermu
фестываль	fɛstɨvaɫʲ
флагман	fɫaɣman
флагманам	fɫaɣmanom
флагману	fɫaɣmanu
флакона	fɫakona
фланг	fɫanɣ
флейта	flʲejta
флоры	vɫorɨ
флот	fɫod
фокусамі	fokusamɨ
фокусе	fokusʲe
фокусы	fokusɨ
фол	foɫ
фолк	folk
фолу	folu
фон	von
фонавым	fonovɨm
фонам	fonom
фонд	fond
фондавых	fondavɨx
фоне	fonʲe
форварду	forvortu
форм	form
форма	forma
формай	formaj
формам	formam
формамі	formamʲi
формах	formax
формаю	formaju
формаў	formau̯
форме	formʲa
форму	formu
формула	formula
формулу	formuɫu
формулы	formuɫɨ
формы	formɨ
форт	fort
фортку	fortku
форум	vorum
форумах	forumax
форуме	forumʲe
форуму	forumu
форумы	forumɨ
фосфар	fosfar
фосфар	fosfɔr
фосфару	fosvaru
фота	foda
фотаздымак	fotosdɨmak
фотаработы	fotarabotɨ
фотаробату	fotarobatu
фотаробаты	fotarobatɨ
фотка	fotka
фоткалася	fotkaɫasja
фоты	fotɨ
фраз	fraz
фраза	frasa
фразай	frazaj
фразу	frazu
фразы	frazɨ
фракцыя	fraktsɨja
франкафонны	frankafonnɨ
франкі	frankʲi
франтавыя	frantavɨja
франтальны	frantaɫʲnɨ
франтах	frantax
франтон	franton
франтона	frantona
франтоны	frantonɨ
франц	frants
францужанка	frantsuʐanka
француз	frantsus
француз	franθˈuz
французскі	frantsusːkʲi
францыск	frantsɨsk
францыя	frantsɨja
франціхай	frantsʲixaj
фронт	front
фронта	fronta
фруктовых	fruktovɨx
фрукты	fruktɨ
фры	frɨ
фрыдрых	frɨdrɨx
фрыз	frɨz
фрызскі	frɨsːkʲi
фрызы	frɨzɨ
фрыкам	frɨkam
фрыц	frɨts
фрыцюр	frɨtsʲur
фрыцюрніца	frɨtsʲurnʲitsa
фрэйдызму	frɛjdɨzmu
фрэнч	frɛntʂ
фрэсках	frɛskax
фрэскі	frɛskʲi
фу	fu
фуксія	fukseˈa
фундамент	fundamʲent
фундамента	fundamʲenta
функцый	funktsɨj
функцыя	funktsɨja
функцыі	funkʲtsɨʲi
фур	fur
фуражу	furaʂu
фургон	furɣon
фурман	furman
фурманка	furmanka
фурману	furmanu
фуршэт	fursɛt
фуры	furɨ
фут	fˈuːt
футбол	fudboɫ
футра	futːra
футра	fˈutɾa
футравы	fudrɔvɨ
футэрка	futɛrkɔ
фэйкам	fɛjkam
фэсту	vɛstu
фэсты	fɛstɨ
фядотава	fjadotava
фёдар	fʲodar
фёкла	fʲokɫa
фён	fʲon
фігура	fʲiɣura
фігуры	fjigurɨ
фігі	fʲixʲi
фізкультура	fʲiskulʲtura
фізіка	fʲizʲika
фізікай	fʲizʲikaj
фізіцы	fʲizʲitsɨ
фізічна	fʲizʲitʂna
фізічнага	fʲizʲitʂnaɣa
фізічных	fʲizʲitʂnɨx
фізічныя	fizitʃnɨja
фізічныя	fʲizʲitʂnɨja
фіксавацца	fʲiksavatsːa
філарэт	fʲiɫarɛt
філасофія	fʲiɫasofʲija
філасофія	fˈilˈosˈufˈɪia
філфаку	fʲilfaku
фільм	fʲilʲm
фільм	fˈilm
фільма	fʲilʲma
фільму	fʲiɫʲmu
фільмы	fʲilʲmɨ
фільтры	fʲiɫʲtrɨ
філя	fʲilʲa
філіжанка	fʲilʲiʐanka
філіп	fʲilʲip
філіповіч	fʲilʲipovʲitʂ
філіялы	fʲilɨjaɫɨ
фін	fʲin
фінале	fʲinalʲe
фінаў	fʲinau̯
фінвал	fʲinvaɫ
фінляндыя	fʲinlʲandɨja
фінскі	fʲinskʲi
фіны	fʲinɨ
фіньшампань	fʲinʲʂampanʲ
фінік	fʲinʲik
фірм	fʲirm
фірма	firmɑ
фірма	fʲirma
фірмай	fʲirmaj
фірмах	fʲirmax
фірме	fʲirmʲe
фірмовых	fʲirmovɨx
фірму	fismu
фірмы	firmɨ
фірмы	fjirmɨ
фішка	vjiʂka
фіялетавы	fʲijalʲetavɨ
фіялетавы	fʲijaʲːetovɨ
х	xɯ̞
ха	xa
хабар	xabar
хабарнікам	xabarnʲikam
хава	xava
хавае	xavaje
хаваем	xavaʲem
хавай	xavaj
хавалася	xavalasʲa
хавалі	xavaɫʲi
хаваліся	xavaɫʲisja
хавацца	xavatsːa
хаваць	xavatsʲ
хаваць	χavatsʲ
хаваю	xavˈaju
хаваюць	xavajutsʲ
хада	xada
хадака	xadaka
хаджу	xadʐu
хадзем	xadzʲim
хадзі	xadzʲi
хадзі	xadzʲim
хадзіла	ɣadzʲiɫa
хадзілі	xadzʲiɫʲi
хадзіць	xadzʲitsʲ
хадзіў	xadzʲiu̯
хадою	xadoju
хаду	xadu
хады	xadɨ
хай	xaj
хайку	hajku
хакей	xakʲej
хакейны	xakʲejnɨ
хакейным	xakʲejnɨm
хакею	xakʲeju
халадзільнік	xaɫadzʲilʲnʲik
халадней	xaɫodnʲej
халадовіч	paɫadovʲitʂ
халады	xaladɨ
халады	xaɫadɨ
халадэча	xaɫadɛtʂa
халакоста	xaɫakosta
халасцяк	xaɫasʲtsʲak
халера	xalʲera
халодна	xoɫodna
халоднай	xaɫodnoj
халодная	xaɫodnaja
халодную	xaɫodnuju
халодны	xaɫodnɨ
халодным	xaɫodnɨm
халодных	xaɫodnɨx
хам	xam
хамскім	xamskʲim
хамства	xamstva
хамствам	xamstvom
хамуйла	xamujɫa
хамут	xamut
хамы	xamɨ
хамяк	xamʲak
хамяк	xe̞mjak
хан	xan
ханам	xanam
хандра	xandra
ханжа	xanʐa
хапае	xopaʲe
хапальным	xapaɫʲnɨm
хапіла	xapʲiɫa
хапіць	xopʲitsʲ
харавы	xaravɨ
харавым	xaravɨm
характар	xoraktor
характарам	xoraktoram
характарныя	xaraktarnɨja
характару	xaraktaru
характары	xaraktarɨ
характэрнай	xaraktɛrnaj
характэрную	xaraktɛrnuju
характэрным	xaraktɛrnɨm
характэрных	xaraktɛrnɨx
хараство	xarastvo
харашуха	xarazuxa
харашэць	xaraʂatsʲ
харват	xarvat
харватка	xarvatka
харваты	xarvatɨ
харватыя	xarvatɨja
харвацкі	xarvatskʲi
хард-рок	xardrok
хардкор	xardkor
харкаць	xarkatsʲ
харкаў	xarkau̯
харобры	xarobrɨ
харошы	xaroʂɨ
харты	xartɨ
харугвы	xarugvɨ
харч	xartʂ
харчаванне	artʂavonːʲa
харчаванне	xartʂavonʲːe
харчавання	xortʂavannʲa
харчавацца	xartʂavatsːa
харчах	xartʂax
харчовай	xartʂovaj
харчовая	xartʂovaja
харчовы	xartʂovɨ
харчовым	xartʂovɨm
харчовых	xortʂovɨx
харчовыя	xartʂovɨja
харчу	xartʂu
харчуюцца	xartʂujutsːa
харчы	xartʂɨ
харчэўні	xartʂɛu̯nʲi
хары	xarɨ
харызмы	xarɨzmɨ
хат	xot
хата	xata
хата	xatə
хатай	xataj
хатамі	xadamji
хатка	xotka
хатку	xotku
хаткі	xatkʲi
хатняе	χatnʲaʲe
хатні	xatnʲi
хатніх	xadnʲix
хатнія	xadnʲija
хату	xatu
хаты	xatɨ
хаты	xatɪ
хахулям	xaxulʲam
хаце	xatsʲe
хацелася	xaʲːeɫosja
хацелі	xatsʲeɫʲi
хацець	xatsʲetsʲ
хаця	xatsʲa
хацін	xatsʲin
хацінах	xatsʲinax
хачапуры	xotʂapurɨ
хачу	xatʂu
хаўстовіч	xau̯stovʲitʂ
хаўстовіча	xau̯stovʲitʂa
хба	xiba
хвалю	xvalʲu
хвалюе	xvalʲuʲe
хвалюешся	xvalʲujesʲːa
хвалюйся	xvalʲujsʲa
хвалююся	xvalʲujusʲa
хваля	xvalʲa
хвалявала	xvalʲavaɫa
хваляваліся	xvalʲavalʲisja
хваляванне	xvalʲau̯vonʲːe
хваляванне	xvalʲavanʲːe
хваляваннем	xvalʲavannʲem
хваляванні	xvalʲavannʲi
хвалявацца	xvalʲavatsːa
хваляваць	xvalʲavatsʲ
хваляводы	xvalʲavodɨ
хваляй	xvalʲaj
хвалямі	xvalʲamji
хвалістым	xvalʲistɨm
хваліся	xvalʲisja
хваліцца	xvalʲitstsa
хваліць	xvolʲitsʲ
хваравітае	xvaravʲitaʲe
хваравітасць	xvarovʲidostsʲ
хвароб	xvarob
хвароба	xvaroba
хваробай	xvarobaj
хваробах	xvoropax
хваробе	xvarobʲe
хваробу	xvarobu
хваробы	xvorobɨ
хварэць	xvarɛtsʲ
хваста	xvasta
хваставой	xvastavoj
хвасты	xvazdɨ
хвацка	xvatska
хваёвых	xvaʲovɨx
хваёвыя	xvaʲovɨʲa
хведар	xvˈeder
хвойкі	xvojkʲi
хвойны	xvojnɨ
хвойных	xvojnɨx
хвойныя	xvojnɨja
хвойнік	xvojnʲik
хвойніку	xvojnʲiku
хвойнікі	xvojnʲikʲi
хворага	xvoraka
хворай	xvoraj
хвораму	xvoramu
хвораст	xvorast
хворая	xvoraja
хворую	xvoruju
хворы	xvorɨ
хворым	xvorɨm
хворых	xvorɨx
хвост	xvost
хвою	xvoju
хвоя	xvoja
хвояй	xvojaj
хвоях	xvojax
хвоі	xvoji
хвядук	xvʲaduk
хвіля	xvʲilʲa
хвілін	xvʲilʲin
хвіліна	xvʲilʲina
хвілінай	xvjilʲinaj
хвілінак	xvʲilʲinak
хвіліне	xvʲilʲinʲe
хвілінка	xvʲilʲinka
хвілінкай	xvʲilʲinkaj
хвілінкам	xvʲilʲinkam
хвілінкамі	xvʲilʲinkamʲi
хвілінках	xvʲilʲinkax
хвілінкаю	xvʲilʲinkaju
хвілінку	xvʲilʲinku
хвілінкі	xvʲilʲinkʲi
хвіліннай	xvʲilʲinnaj
хвіліну	xvʲilʲinu
хвілінцы	xvʲilʲintsɨ
хвіліны	xvʲilʲinɨ
хвіліп	xvʲilʲip
херувім	xʲeruvʲim
хлапец	xɫapʲets
хлапец	xɫapːets
хлапцом	xɫaptsom
хлапцу	xɫaptsu
хлапцы	xɫoptsɨ
хлапчук	xlaptʂuk
хлапчуком	xɫaptʂukom
хлапчукоў	xɫaptʂukow
хлапчына	xɫaptʂɨna
хларапласты	xɫarapɫastɨ
хларыдаў	xɫarɨdaw
хлеб	xlʲep
хлеба	xlʲeba
хлебе	xlʲebʲe
хлебу	xlʲebu
хлеў	xlʲau̯
хлеў	xlʲeu̯
хлопец	xɫopʲets
хлопец	xɫopˈets
хлопца	xɫoptsa
хлопцам	xɫoptsam
хлопцу	xɫoptsu
хлопцы	pɫoptsɨ
хлопцы	xɫoptsɨ
хлопчык	xɫoptʂɨk
хлопчыка	xɫoptʂɨka
хлопчыкам	xɫoptʂɨgam
хлопчыкаў	xɫoptʂɨkau̯
хлопчыку	xɫoptʂɨku
хлопчыкі	xloptʂɨkʲi
хлор	xɫor
хлорам	xɫoram
хлору	xɫoru
хлудам	xɫudam
хлусня	xɫusʲnʲa
хлусы	kɫusɨ
хлусім	xɫosim
хлусіць	xɫusʲitsʲ
хлусіш	xɫusiʂ
хлушу	xɫufu
хлынула	xɫɨnuɫa
хлябтаць	xlʲeptatsʲ
хлявах	xlʲavax
хлявец	xalʲavʲets
хлявок	xalʲavok
хлявом	xlʲavom
хлявы	xlʲavɨ
хлясцік	xlʲaztʲik
хляўчук	xalʲau̯tʂuk
хмар	xmar
хмара	xmara
хмарачос	xmaratʃos
хмарка	xmarka
хмарка	xmork
хмарка	xmɑrka
хмаркі	xmarkʲi
хмаркі	xmɑrkʲi
хмарна	xmarna
хмарнае	xmarnaʲe
хмарны	xmarnɨ
хмары	xmarɪ
хмарыцца	xmarɨtsːa
хмурны	xmurnɨ
хмыз	xmɨs
хмыззё	xmɨzʲːo
хмызняк	xmɨznʲak
хмызняковай	xmɨznʲakovaj
хмызняковых	xmɨznʲakovɨx
хмызняком	xmɨznʲakom
хмызняку	xmɨznʲaku
хмызнякі	xmɨznʲakʲi
хмяльком	xmjalʲkom
хны	xnɨ
хобі	xobʲi
хованках	xovankax
ход	xod
ходам	xodom
ходзе	xodzʲe
ходзячы	xodzʲatʂɨ
ходзікі	xotsʲikʲi
ходзім	xodzʲim
ходзіць	xodzʲitsʲ
ходзіш	xodzʲiʂ
ходнік	xˈodnik
ходніку	xodnʲiku
ходнікі	xodnʲikʲi
ходу	xodu
ходы	xodɨ
хойнікі	xojnʲikʲi
хол	xoɫ
хола	xoɫa
холад	xoɫat
холадам	xoɫadam
холадна	xoɫadna
холдынгу	xoɫdɨnɣu
холе	xoʲːe
холы	xoɫɨ
хомскі	xumsʲːi
хопіць	xopʲitsʲ
хор	xor
хорах	xorax
хорда	xorda
хордавых	xordavɨx
хору	xoru
хоры	xorɨ
хохме	xoxmʲe
хоць	xotsʲ
хоча	xotʂo
хочам	xotʂam
хочаце	kotʂatsʲe
хочаце	xotʂatsʲe
хочацца	xotʂatsːo
хочацца	xotʃatsːo
хочаш	xotʂaʂ
хочуць	xotʂuʲtsʲ
хочучы	xotʂutʂɨ
храбры	xrabrɨ
храбрым	xrabrɨm
храм	xram
храма	xrama
храмавай	xramovaj
храмавых	xramavɨx
храмавыя	xramavɨja
храматафоры	xramataforɨ
храматычнай	xramatɨtʂnaj
храмах	xramax
храму	xramu
храналагічнай	xranaɫagʲitʂnaj
хранічнага	xranʲitʂnaɣa
хранічныя	xranʲitʂnɨja
храп	xrap
храпай	xrapaj
храпе	xrapje
храпку	xrapku
храптовіч	xraptovʲitʂ
храпунца	xrapuntsa
храпці	xrapʲtsʲi
храснуўся	xrasnau̯sja
хром	xrom
хрому	xromu
хронік	xronʲik
хроніка	xronʲika
хроп	xrop
хросных	xrosnɨx
хрумсткі	xrumstkʲi
хрушч	xruʂtʂ
хрушчы	xruʂtʂɨ
хрыбет	xrɨbʲet
хрыбетнік	xrɨbʲetnʲig
хрыбта	xrɨpta
хрыбты	xrɨptɨ
хрыбце	xrɨptsʲe
хрып	xrɨp
хрыпам	xrɨpam
хрыпатым	xrɨpatɨm
хрыпела	xrɨpʲeɫa
хрыпкамі	xrɨpkamʲi
хрыпкі	xrɨpkʲi
хрыплаваты	xrɨplavatɨ
хрыплы	xrɨpɫɨ
хрыстос	xrɨstos
хрысціянін	xrɨsʲtsʲijanʲin
хрышчаны	xrɨʂtʂanɨ
хрэн	grɛn
хрэн	xrɛn
хрэнавуха	xrɛnawuxa
хрэсныя	xrɛʂnɨja
хрэсьбінаў	xrɛzʲbʲinau̯
хрэсьбіны	xrɛzʲbʲinɨ
хто	kto
хто	xto
хто-небудзь	xtoʲːebutsʲ
хтось	xtosʲ
хтосьці	xtosʲtsʲi
хударлявы	xudarlʲavɨ
худой	xudoj
худы	xudɨ
худымі	xudɨmʲi
худыя	xudɨja
хуй	xuj
хуйло	xujɫo
хукаць	xukatsʲ
хунты	xundɨ
хурал	xuraɫ
хурма	xurma
хурме	xurmʲe
хурмой	xurmoj
хурмою	xurmoju
хурму	xurmu
хурмы	xurmɨ
хустачка	xustatʂka
хустачкай	xustatʂkaj
хустка	xustka
хустка	xvustka
хустка-канаплянка	xustkakanaplʲanka
хусткаю	xustkaju
хусткі	xuʂtki
хутала	xutaɫa
хутар	xutar
хутарах	xutarax
хутарку	xutarku
хутары	xutorɨ
хутка	xutko
хуткасці	xutkazʲtsʲi
хуткасьць	xutkaztsʲ
хуткую	xutkuʲu
хуткі	xutkʲi
хуткі	xvˈutkˈi
хуткім	xutkʲim
хуткіх	xutkʲix
хціўцы	xtzʲiu̯tsɨ
хіба	xʲiba
хібы	sʲibɨ
хімчыстка	xʲimtʂɨstka
хімічны	xʲimʲitʂnɨ
хімія	xʲimʲija
хіндзі	xʲinʲdzʲi
хістаючыся	xʲistajuʲtʂɨsja
хісткі	xjistkʲi
хісткім	xʲiʂtkʲim
хісткіх	ʲistkʲix
хітры	xʲitrɨ
хітрык	xʲitrɨk
хітрыкі	xʲitrikʲi
хітрыя	xʲitrɨʲa
хіты	xʲitɨ
ц	tsʰɯ˥˩
цагляная	tsaɣlʲanaja
цагляны	zaxlʲanɨ
цалаваць	tsaɫavatsʲ
цалкам	tsaɫkam
цана	tsana
цаны	tsanɨ
цаню	tsanʲu
цапкала	tsapkaɫa
цар	tsar
цара	tsara
царква	tsarkva
царква	tsɛrkva
царкве	tsakvʲe
царкоўнаславянізм	tsarkou̯nosɫavjanːʲizm
царкоўны	tsarkou̯nɨ
царскім	tsarskʲim
царскія	tsarskʲija
царства	tsarstva
цары	tsarɨ
царыца	tsarɨtsa
цаца	tsatsa
цаца	tsatsɐ
цацак	tsatsak
цацарка	tsatsɑrka
цацка	tsatska
цацках	tsatskax
цацку	tsatsku
цацкі	tsaʲtskʲi
цвет	tsʲvʲet
цветабой	svˈetabˈoj
цвыркун	tsvɨrkun
цвярдзела	tsvʲordzʲeɫa
цвярозай	tsvʲarozaj
цвярозы	tsʲvʲarozɨ
цвёрда	tvorda
цвёрдая	tsvjordoja
цвёрды	tsʲvʲordɨ
цвёрды	tɕvʲordɨ
цвёрдыя	tsvjordɨja
цвік	tsʲvʲik
цвікі	tsvʲikʲi
цвірчалі	tsvʲertʂolʲi
цвісці	tsʲvʲisʲtsʲi
цвічок	tsvʲitʂok
цвіў	tsʋiu̯
це́рці	tsʲertsʲe
цел	tsʲeɫ
цела	tsʲeɫa
целам	tsʲeɫam
целасклад	tsʲeɫoskɫat
целы	tsʲeɫɨ
цемнаты	tsʲemnatɨ
цемрадзь	tsʲemrɨtsʲ
цемрай	tsʲemraj
цемру	tsʲemru
цемры	tsʲemrɨ
цемрыва	tsʲemrɨba
цемя	tsʲemʲa
цень	tsʲenʲ
цені	tsʲeʲːi
церабіліся	tsʲirabʲiɫʲisja
церабіць	tsʲirabʲitsʲ
церні	tsʲernʲi
церушыць	tsʲiruʂɨtsʲ
церці	tsʲertsʲi
цесна	tsʲesna
цесны	sʲeznɨ
цесны	tsʲesnɨ
цеста	tsʲesta
цесць	tsʲesʲtsʲ
цецярук	tsʲitsʲaruk
цеча	tsʲetʂa
цешча	tsʲeʂtʂa
цмок	smok
цмок	tsmok
цмокаць	tsmokatsʲ
цнатлівы	tsnatlʲivɨ
цнатлівы	tsnatɫʲivɨ
цнота	tsnota
цотная	tsotnaja
цотны	tsotnɨ
цуд	tsut
цуд	tʂud
цуда	tsuda
цудатворны	tsudatvornɨ
цудатворца	tsudatvortso
цудоўна	tsudou̯na
цудоўна	tsulou̯no
цудоўнае	sudou̯naʲe
цудоўны	tsudou̯nɨ
цудоўным	tsutou̯nɨm
цуды	tsudɨ
цукар	tsukar
цукер	tsˈukɛr
цукерак	tsukʲerok
цукерка	tsukʲerka
цукру	tsukru
цупкі	tsupkʲi
цыбулю	tsɨbulʲu
цыбуля	tsɨbulʲa
цыбуляй	tsɨbulʲaj
цыбуляю	tsɨbulʲaju
цыбулі	tsɨbulʲi
цывільнае	tsɨvʲilʲnoʲe
цывільным	tsɨvʲiɫʲnɨm
цывілізаваны	tsɨvjilʲizavanɨ
цывілізаваных	tsivʲiɫʲizavanɨx
цывілізацыя	tsɨvʲeɫʲizatsɨja
цыган	tsɨɣan
цыганы	tsɨɣanɨ
цыгарэт	tsɨɣarɛt
цыгарэта	tsɨɣarɛta
цыгарэта	tsɪɣarɛta
цыкалі	tsɨkaɫʲi
цыкл	tsɨkl
цыкла	tsɨkɫa
цыклах	tsɨkɫax
цыклон	tsɨgɫon
цыклу	tsɨkɫu
цыклы	tsɨkɫɨ
цымус	tsɨmus
цынкам	tsɨnkam
цыпачках	tsɨpatʂkax
цырк	tsɨrk
цырка	tsɨrka
цырку	tsɨrku
цыркуль	tsɨrkulʲ
цырульня	tsɨrulʲnʲa
цырульнік	tsɨrulʲnʲik
цырыманіяльныя	tsɨrɨmanʲiʲaɫʲnɨja
цырымонія	tsɨrɨmonʲija
цыстыт	tsɨstɨt
цытрамон	tsɨtramon
цытрусавыя	tsɨtrusavɨja
цытую	tsɨtuju
цыцкі	tsɨtski
цыцкі	tsɨtskʲi
цыянід	tsɨjanʲit
цьма	tsʲma
цьмяна	tsʲmjana
цьмянае	tsʲmjanaʲe
цэгла	tsɛɣɫa
цэглы	tsɛxɫɨ
цэлага	tsɛɫaɣa
цэлае	tsɛɫaje
цэлай	tsɛlaj
цэламу	tsɛɫamu
цэласнасць	tsɛɫasnaʂtsʲ
цэлая	tsɛɫaja
цэлы	tsɛɫɨ
цэлым	tsɛɫɨm
цэлымі	tsɛɫɨmʲi
цэлыя	tsɛlɨja
цэльны	tsɛɫʲnɨ
цэлі	tsɛɫji
цэн	tsɛn
цэнах	tsɛnax
цэнаў	tsɛnaw
цэнз	tsɛns
цэнзура	tsɛnzura
цэнзурай	tsɛnzuraj
цэнзуру	tsɛnsuru
цэнт	tsɛnt
цэнтр	tsɛntr
цэнтра	tsɛntra
цэнтравымі	tsɛntravɨmʲi
цэнтральную	tsɛntraɫʲnuju
цэнтральны	tsɛntraɫʲnɨ
цэнтральных	tsɛntraɫʲnɨx
цэнтрам	tsɛndram
цэнтрах	tsɛndrax
цэнтры	tsʲetrɨ
цэнтрычны	tsɛntrɨtʂnɨ
цэнтрычным	tsɛntrɨtʂnɨm
цэны	ʲtsɛnɨ
цэнім	tsɛnʲim
цэп	tsɛb
цэрквамі	tsɛrkvamʲi
цэрквах	tsɛrkvax
цэрквы	tsɛrkvɨ
цэсар	tsɛsar
цэтлік	tsätlʲik
цэх	tsɛx
цэха	tsɛxa
цюлень	tsʲulʲenʲ
цюлені	tsʲulʲenʲi
цюльпан	tsʲulʲpan
цюльпаны	tsʲuɫʲpanɨ
цюцька	tsʲutsʲka
ця́жкі́	tsʲaʂkʲi
цябе	tsʲabʲe
цяга	tsʲaɣa
цягам	tsʲaxom
цягамі	tsʲaɣamʲi
цягаць	tsʲaɣatsʲ
цягліца	tsʲaɣlʲitsa
цягне	tsʲaɣnʲa
цягну	tsʲaɣnuu̯
цягнулі	tsʲaɣnulʲi
цягнуліся	tsʲaɣnulʲisja
цягнуць	tsʲaɣnutsʲ
цягні	tsʲaɣnʲi
цягнік	tsʲaɣnʲik
цягнікоў	tsʲaɣnʲikow
цягніку	tsʲaɣnʲiku
цягнікі	tsʲaɣnʲikʲi
цягучым	tsʲaɣutʂɨm
цягі	tsʲaxʲi
цяж	tsʲaʂ
цяжар	tsʲaʐar
цяжарам	tsʲaʐaram
цяжарнасць	tsʲaʐarnasʲtsʲ
цяжарная	tsaʐarnoja
цяжарная	tsʲaʐarnaja
цяжарны	tsʲaʐarnɨ
цяжары	tsʲaʐarɨ
цяжба	tsʲaʐba
цяжка	tsʲaʂka
цяжка-	tsʲaʂka
цяжкагружаны	tsʲaʂkavruʐanɨ
цяжкадаступны	tsʲaʂkadastupnɨ
цяжкі	tsʲaʂkʲi
цяжкія	tsʲaʂkʲija
цякучку	tsʲakutʂku
цялушачку	tsʲaɫuʂatʂku
цяля	tsʲalʲa
цяліца	tsʲalʲitsa
цямніца	tsʲamnʲitsa
цяні	tsʲanʲi
цяпер	tsʲapʲer
цяперака	tsʲapʲeraka
цяперашні	tsʲapʲeraʂnʲi
цяпло	tsʲapɫo
цярпела	tsʲarpʲeɫa
цярпення	tsʲarpʲenʲːa
цярпець	tsʲarpʲetsʲ
цярплівы	tsʲarplʲivɨ
цярплівы	tsʲerplʲivɨ
цярпіць	tsʲarpʲitsʲ
цярушыць	tsʲaruxʂɨtsʲ
цясла	tsʲasɫa
цясніны	tsʲasʲːinɨ
цячы	tsʲatʂɨ
цёмна	tsʲomna
цёмна	tɤ˥˩om˥˩na˥˩
цёмна-зялёны	tsʲomnazʲalʲonɨ
цёмнага	tsʲomnaxa
цёмнай	tsʲomnaj
цёмначы	tsʲomnatʂɨ
цёмны	tsʲomnɨ
цёмным	tsʲomnɨm
цёмнымі	tsʲomnɨmʲi
цёмных	tsʲomnɨx
цёплай	tsʲoplaj
цёплая	tsʲoplaʲa
цёплы	tsʲopɫɨ
цёплы	tʃopɫɨ
цёплым	tsʲoplɨm
цёрн	tsʲorn
цёрты	tsʲortɨ
цёртым	tsʲortɨm
цётак	tsʲotak
цётка	tsʲotka
цётка	tʃotka
цётку	tsʲodku
цётцы	tsʲottsɨ
цёця	tsʲotsʲa
ці	si
ці	tsʲi
цівун	tsʲivun
ціка	tsʲika
цікавага	ʲtsʲikavaɣa
цікавай	tsʲigavaj
цікавасці	tʃikavasʲtsʲi
цікавая	sʲikavaja
цікавосткі	tsʲigavosdkʲi
цікавую	tsʲikavuju
цікавы	tsʲikavɨ
цікавымі	ʲtsʲikavɨmʲi
цікавых	tsʲigavɨx
цікавыя	tsʲikavoja
цікавыя	ʲtsʲikavɨja
цікавяць	tsʲikavʲitsʲ
цікавіліся	tsʲikavʲiɫʲisja
цікавіцца	tsʲikavʲitstsa
цікавіцца	tsʲikovʲitstsa
цікавіць	tsʲikavʲitsʲ
цікавіў	sʲikavʲiu̯
цікаўны	tʲikau̯nɨ
цікуючы	tsʲikajutʂɨ
цімафей	tsʲimafʲej
ціс	tsʲis
ціск	tsʲisk
цісканіна	tsʲizkʲanʲina
ціскаць	tsiskatsʲ
ціску	tsʲiʂku
цісну	tsʲisnˈu
цісну	tʃisnu
ціха	tsʲixa
ціха	tʂixa
ціхан	tsʲixan
ціхановіч	tsʲixanovʲitʂ
ціханоўская	tsʲixanou̯skaja
ціханоўскі	tsʲixanou̯skʲi
ціхом	tsʲixom
ціхі	tsʲixʲi
ціш	tsʲiʂ
цішы	tsʲiʂɨ
цішыня	tsʲiʂɨnʲa
ціўкалі	sʲiu̯kalʲi
ч	ʂɚ˥˩
чабан	tʂaban
чабор	tʂabor
чабор	tʃabor
чавусы	tʃavusɨ
чага	tʂaɣa
чаго	tʂaɣo
чаго	tʃaɣo
чагось	tʂaɣosʲ
чагосьці	tʂaɣosʲtsʲi
чадам	tʂadam
чаду	tʂadu
чай	tʂaj
чайка	tʂajka
чайкі	tʂajkʲi
чайную	tʂajnuju
чайных	tʂajnɨx
чака	tʂaka
чакай	tʂakaj
чакай	tʃakaj
чакайце	tʂakajtsʲe
чакала	tʂokaɫa
чакалі	tʂagalʲi
чакалі	tʂakaɫʲi
чаканне	tʂakannʲe
чакання	tʂakannʲa
чаканым	tʂakanɨm
чаканых	tʂakonɨx
чакаць	tʂakatsʲ
чакаю	tʂokaʲu
чакаюцца	tʂakajutsːa
чакаюць	tʃakajutsʲ
чакаў	tʂokaw
чакаў	tʃakau̯
чала	tʂaɫa
чалавек	tʂaɫavʲek
чалавеку	tʂaɫavʲeku
чалавекі	tʂaɫavʲekʲi
чалавецтва	tʂaɫavʲetstva
чалавеча	tʂaɫavʲetʂa
чалавечага	tʂaɫavʲetʂaɣa
чалавечай	tʂaɫavʲetʂaj
чалавечак	tʂaɫavʲetʂak
чалавечаму	tʂaɫavʲetʂomu
чалавечка	tʂaɫavʲetʂka
чалавечнасьць	tʂaɫavʲetʂnastsʲ
чалавечы	tʂaɫavʲetʂɨ
чалавечых	tʂaɫavʲetʂɨx
чалавечыя	tʂaɫavʲetʂɨʲa
чалец	tʃalʲets
чало	tʂaɫo
чалы	tʂaɫɨ
чальцы	tʂaɫʲtsɨ
чамадан	tʂamadan
чамадана	tʂamatana
чаму	samu
чаму	tʂamu
чамусь	tʂamusʲ
чамусьці	tʂomuzʲtsʲi
чамусьці	tʃamusʲtsʲi
чапаем	tʂapaʲem
чапала	tʂapaɫa
чапаць	tʂopatsʲ
чапаў	tʂopaw
чапля	tʂaplʲa
чаплі	tʂaplji
чар	tʂar
чаравік	tʂaravʲik
чаравікі	tʂaravikʲi
чаравікі	tʂaravʲikʲi
чарадзе	tʂaradzʲe
чарадзей	tʂaradzʲej
чарадзею	tʂaradzʲeju
чарадзея	tʂaradzʲeja
чарадзеямі	tʂaradzʲejamʲi
чарадой	tʂaradoj
чараду	tʂarodu
чарады	tʂaradɨ
чаранках	tʂarankax
чарапах	tʂarapax
чарапаха	tʂarapaxa
чарапаху	tʂarapaxu
чараўнік	tʂarau̯nʲik
чарвяк	tʂarvʲak
чарвяк	tʃarvjak
чарвямі	tʂarvjamɨ
чарга	tʂarɣa
чарга	tʃarɣa
чаргаванае	tʂarɣavanaʲe
чаргаваць	tʂarɣavatsʲ
чарговага	tʂarɣovaxa
чарговая	tʃorɣovaja
чарговы	tʂarɣovɨ
чарговым	tʂarɣovɨm
чарговых	tʂarɣovɨx
чарговыя	tʂarɣovaja
чаргу	tʂarɣu
чаргі	tʂarɣʲi
чаркай	tʂarkaj
чарку	tʂarku
чаркі	tʂarkʲi
чарнаватыя	tʂarnovatɨja
чарнавым	tʂarnavɨm
чарнагорскі	tʂarnaɣorskʲi
чарнагорыя	tʂarnaɣorɨja
чарнаўцы	tʂarnau̯tsɨ
чарнелі	tʂarnʲeɫʲi
чарнец	tʂarnʲets
чарнец	tʃarnʲets
чарнушка	tʂarnuʂka
чарнявы	tʂarnʲavɨ
чарнявы	tʂornʲavɨ
чарняк	tʂarnʲak
чарніла	tʂarnʲiɫa
чарод	tʂarot
чаромха	tʂaromxa
чаромхі	tʂaromxʲi
чарот	tʂarot
чарот	tʃarot
чароўна	tʂarowna
чароўная	tʂarownaja
чароўны	tʂarou̯nɨ
чароўным	tʂarou̯nɨm
чарпак	tʂarpak
чарта	tʂarta
чарцы	tʂartsɨ
чарціць	tʂartsʲitsʲ
чары	tʂarɨ
чарэшня	tʂarɛʂnʲa
час	tʂas
час	tʃas
часавы	tʂasavɨ
часавыя	tʂasavɨja
часам	tʂasam
часе	tʂasʲe
часнок	tʂasnok
часовым	tʂasovɨm
часовых	tʂosovɨx
часовыя	tʂasovɨʲa
часопісамі	tʂasopʲisamʲi
часопісы	tʂasopʲiʂɨ
часоў	tʂasou̯
часта	tʂasta
часта	tʃasta
частавала	tʃastavaɫa
частак	tʂastak
частка	tʂastka
часткам	tʂastkam
частках	tʂastgax
частковага	tʂastkovaɣa
частковы	tʂastkovɨ
частку	tʂaʂdku
часткі	tʂasdkʲi
частот	tʂastot
часты	tʂastɨ
частым	tʂastɨm
частыя	tʂasdɨʲa
часу	tʂasu
часцей	tʂostsʲej
часць	tʂastsʲ
часцяком	tʂastsʲakom
часціца	tʂasʲtsʲitsa
часы	tʂasɨ
часіна	tʂasʲina
часінку	tʂasjinku
часіны	tʂaʂʲinɨ
чатырма	tʂatɨrma
чатырнаццаты	tʂatɨrnatsːatɨ
чатырнаццаць	tʂatɨrnatsːatsʲ
чатыром	tʂatɨrom
чатырох	tʂatɨrox
чатырохкутным	tʂatɨroxkutnɨm
чатырохсоты	tʂatɨroxsotɨ
чатыры	tʂatɨrɨ
чатырыста	tʂatɨrɨsta
чацвер	tʂatsʲvʲer
чацвярык	tʂatsvʲarɨk
чацвёра	tʂatsʲvʲora
чацвёртай	tʂatsvʲortaj
чацвёрты	tʂatsʲvʲortɨ
чацьвер	kʂatsʲvʲer
чацьвер	tʂatsʲvʲer
чача	tʂatʂa
чачэнская	tʂatʂɛnskaja
чачэнскі	tʂatʂɛnskʲi
чаша	tʂaʂa
чашай	tʂaʂaj
чашамі	tʂaʂamʲi
чашачкі	tʂaʂatʂkʲi
чашаю	tʂaʂaju
чашнікі	tʂaʂnʲikʲi
чашніцкі	tʂaʂnʲitskʲi
чашу	tʂaʂu
чашы	tʂaʂɨ
чвэртку	tʂvɛrtku
чвэрць	tʂvɛrtsʲ
чвэрці	tʂvɛrʲtsʲi
член	tʂlʲen
члена	tʂlʲena
члены	tʂlʲenɨ
члянёны	tʂlʲanʲonɨ
чмара	tʂmara
чмель	tʂmʲelʲ
чмялёў	ʂmjaɫʲou̯
чобаты	tʂɔbatɨ
човен	tʂovʲen
чоп	tʂop
чорна	tʂorna
чорна-белым	tʂornabʲeɫɨm
чорна-бурыя	tʂornaburɨja
чорна-ліловы	tʂornolʲiɫovɨ
чорнага	tʂornaɣa
чорнай	tʂornaj
чорная	tʂornaja
чорную	tʂornuju
чорны	tʂornɨ
чорным	tʂornɨm
чорнымі	tʂornɨmʲi
чорных	tʂornɨx
чорныя	tʂornɨja
чорт	tʂort
чорта	tʂorta
чортам	tʂortam
чорту	tʂortu
чос	tʂos
чубам	tʂubam
чубок	tʂubok
чубы	tʂupɨ
чуваць	tʂuvaʲtsʲ
чуе	tʂuʲe
чуеце	tʃuʲeʲtsʲe
чуецца	tʂuʲetstsa
чуеш	tʂuʲeʂ
чужаземец	tʂuʐazʲemʲets
чужаземны	tʂuʐazʲemnɨ
чужаземны	ʐuʐazʲamnɨ
чужаніца	tʂuʐaɲitsa
чужасць	tʂuʐasʲtsʲ
чужой	tʂuʐoj
чужому	tʂuʐomu
чужы	tʂuʐɨ
чужым	tʂuʐɨm
чужых	tʂuʐɨx
чуй	tʂuj
чуйце	tʂuʲeʲːe
чукры	tʂukrɨ
чукчаў	tʂuktʂau̯
чула	tʂuɫa
чула	tʃuɫa
чуламу	tʂuɫamu
чуласці	tʂuɫasʲtsʲi
чулая	tʂuɫaja
чулымі	tʂulɨmʲi
чулых	tʂuɫɨx
чулі	tʂulɨ
чуліся	tʂuɫʲiʂja
чума	tʂuma
чумой	tʂumoj
чуму	tʂumu
чумы	tʂumɨ
чупер'ядла	tʂupʲerjadla
чупрын	tʂuprɨn
чутка	tʂutka
чутку	tʂudku
чуткі	tʂutkʲi
чутна	tʂudna
чутно	tʂudno
чутны	tʂutnɨ
чутнымі	tʂutnɨmʲi
чутныя	tʂutnɨja
чухацца	tʂuxatsːa
чухаць	tʂuxatsʲ
чуць	tʂutsʲ
чучалы	tʂutʂaɫɨ
чую	tʂuju
чуюць	tʂujuʲtsʲ
чыгун	tʂɨɣun
чыгуначнай	tʂɨɣunatʂnaj
чыгуначны	tʂɨɣunatʂnɨ
чыгунка	tʂɨɣunka
чыгунку	tʂɨxunku
чыгункі	tʂɨxunkʲi
чыгунная	tʂɨɣunnaʲa
чыгуны	tʂɨɣunɨ
чый	tʂɨj
чый-нічый	tʂɨjnʲitʂɨj
чыкіляць	tʂɨkʲilʲatsʲ
чылі	tʂɨlʲi
чым	tʂɨm
чын	tɨn
чын	tʂɨn
чынам	tʂɨnom
чыннікі	tʂɨnnʲikʲi
чыну	tʂɨnu
чынш	tʂɨnʂ
чыны	tʂɨnɨ
чыньнік	tʂɨnnʲik
чыніць	tʂɨnʲitsʲ
чып	tʂɨp
чырвань	ʂɨrvonʲ
чырвонага	tʂɨrvonaɣa
чырвонае	tʂɨrvonaʲe
чырвонай	tʂɨrvonaj
чырвоная	tʂɨrvonaʲa
чырвоную	tʂɨrvonuju
чырвоны	tʂɨrvonɨ
чырвоным	tʂɨrvonɨm
чырвонымі	tʂɨrvonɨmji
чырвоных	tʂɨrvonɨx
чырвоныя	tʂɨrvonɨja
чыста	tʂɨsta
чыстай	tʂɨstaj
чыстка	tʂɨstka
чыстку	tʂɨstku
чысткі	tʂɨstkʲi
чысты	tʂɨstɨ
чыстымі	tʂɨstɨmʲi
чыстых	tʂɨstɨx
чысцейшае	tʂustsʲejʂaʲe
чысціню	tʂɨsʲtsʲinʲu
чысціць	tʂɨsʲtsʲitsʲ
чытай	tʂɨtaj
чытайце	tʂɨtajtsʲe
чытальні	tʂɨtaɫʲnʲi
чыталі	tʂɨtaɫʲi
чытанне	tʂɨtanʲːe
чытанні	tʂɨtannʲi
чытаць	tʂɨtatsʲ
чытач	tʂɨpatʂ
чытач	tʂɨtatʂ
чытачам	tʂɨtatʂam
чытачом	tʂɨtatʂom
чытачу	tʂɨtotʂu
чытачы	tʂɨtatʂɨ
чытаў	tʂɨtaw
чыткі	tʂɨtkʲi
чытэльны	tʂɨtɛlʲnɨ
чыю	tʂɨju
чыя	tʂɨja
чэк	tʂɛk
чэку	tʂɛku
чэкі	tʂɛkʲi
чэмпіянату	tʂɛmpʲijanatu
чэмпіянаце	tʂɛmpʲiʲanatsʲe
чэмпіёна	tʂɛmpʲiʲona
чэмпіёнка	tʂɛmpʲiʲonka
чэмпіёнкі	tʂɛmpʲiʲonkʲi
чэмпіёны	tʂɛmpʲiʲonɨ
чэпіцца	tʂɛpʲitstsa
чэпіць	tʂɛpʲitsʲ
чэрава	kʂɛrava
чэрава	tʂɛrava
чэрап	tʂɛrap
чэрап	ʃɛrap
чэрапа	tʂɛrapa
чэрвень	tʂɛrvʲenʲ
чэрвеньскі	tʂɛrvʲenʲskʲi
чэрвені	tʂɛrvʲenʲi
чэрнячы	tʂɛrnʲatʂɨ
чэрпаю	ʃɛrpaju
чэрствасць	tʂɛrstvoʂtsʲ
чэсна	tʂɛsna
чэсны	tʂɛsnɨ
чэсць	tʂɛsʲtsʲ
чэх	tʂɛx
чэхава	tʂɛxava
чэхаславакія	tʂɛxasɫavakʲija
чэхаславакія	tʂɨxasɫovakʲija
чэху	tʂɛxu
чэхі	tʂɛxʲi
чэхія	tʂɛxʲija
чэшка	tʂɛʂka
чэшскага	tʂɛʂskaɣa
чэшскі	tʂɛskʲi
чэшскі	tʂɛsːkʲi
чэшскіх	tʂɛʂʂkʲix
чэшуцца	tʂɛʂutsːa
ш	ʂ
ш	ʂɚ˥˩
ш	ʃa
шабля	ʂablʲa
шабля	ʃablʲa
шаблі	ʂabɫʲi
шабуня	ʂabunʲa
шавец	ʂavʲets
шавецкія	ʂavʲetskʲija
шаг	ʂax
шакалад	ʂakaɫat
шакаладу	ʂakaɫadu
шалашы	ʂaɫaʂɨ
шалею	ʂalʲeju
шалом	ʂaɫom
шалом	ʃaɫom
шаль	ʂaɫʲ
шалях	ʂalʲax
шалёны	ʂalʲonɨ
шалік	ʂalʲik
шаліка	ʂaɫʲika
шаманскі	ʂamanskʲi
шамаценне	tamatsʲenʲːe
шанавання	ʂanavanʲːa
шанаваць	ʂanavatsʲ
шанаваць	ʃanavatsʲ
шанец	ʂanʲets
шаноўная	ʂanou̯nɨja
шаноўны	ʂanou̯nɨ
шаноўныя	ʂanou̯nɨja
шансы	ʂansɨ
шануе	ʂanuje
шаную	ʂanuju
шаную	ʃanˈuju
шануюць	ʂanujuʲtsʲ
шанц	ʂants
шанцавання	ʂantsavannʲa
шанцаваць	ʃantsavatsʲ
шанцу	ʂantsu
шанцы	ʂantsɨ
шапак	ʂapak
шапаціць	ʂopatsʲitsʲ
шапачка	ʂapatʂka
шапачкай	ʂapatʂkaj
шапачкі	ʂapatʂkʲi
шапка	ʂapka
шапкай	ʂapkaj
шаптаць	ʂaptatsʲ
шар	ʂar
шара	ʂara
шара-	ʂara
шаравата-	ʂaravata
шараваты	ʂaravatɨ
шараватыя	ʂaravotɨja
шарамі	ʂaramʲi
шарападобныя	ʂarapotobnɨja
шарах	ʂarax
шарачковыя	ʂarotʂkovɨja
шаргацець	ʂarɣaʲːitsʲ
шаржы	ʂarʂɨ
шарм	ʂarm
шармам	ʂarmam
шарманка	ʂarmanka
шарпак	ʂarpak
шарф	ʂarf
шары	ʂarɨ
шарэла	ʂarɛɫa
шаснаццаты	ʂasnatsːatɨ
шаснаццаць	ʂasnatsːatsʲ
шасцю	ʂasʲtsʲu
шасцёра	ʂasʲtsʲora
шасці	ʂasʲtsʲi
шасцівугольнік	ʂasʲtsʲivuɣolʲnʲik
шасцідзесяты	ʂasʲtsʲidzʲesʲatɨ
шасцісоты	ʂasʲtsʲisotɨ
шатах	ʂatax
шатландскі	ʂatɫanski
шатландскі	ʂatɫantskʲi
шатландскія	ʂatɫantskʲija
шатландыя	ʂatɫandɨja
шатровай	ʂotrovaj
шатровы	ʂotrovɨ
шатровым	ʂatrovɨm
шатром	ʂadrom
шатры	ʂatrɨ
шафа	ʃafa
шафай	ʂafaj
шафам	ʂafam
шафу	ʂafu
шах	ʂax
шахмат	ʂaxmat
шахматнай	ʂaxmatnaj
шахматы	ʂaxmatɨ
шахматыст	ʂaxmatɨst
шахматыстка	ʂaxmatɨstka
шахтавых	ʂaxtavɨx
шахтах	ʂaxtax
шахты	ʂaxtɨ
шахцёр	ʂaɣtsʲor
шашка	ʂaʂka
шашкі	ʂaʂkʲi
шашу	ʂasu
шашы	ʂaʂɨ
шашэйных	ʂaʂɛjnɨx
шаўкавічны	ʂau̯kavʲitʂnɨ
шаўлі	ʃau̯lʲi
шваба	ʂvaba
швабы	ʂvabɨ
швагер	ʂvagʲer
швагер	ʂvaɣʲer
швайцарыя	ʂvajtsarɨja
шваґер	ʂvagʲer
швед	ʂvʲet
шведскі	ʂvʲetskʲi
шведы	ʂvʲedɨ
швейная	ʂvʲejnaja
швейцарыя	ʂvʲejtsarɨja
швецыя	ʂvʲetsɨja
швецыя	ʂʲvʲetsɨja
швыдкі	ʂvɨtkʲi
швэндацца	ʃvɛntatstso
швэндаюся	ʂvɛntaʲusja
шкада	ʂkada
шкада	ʃkada
шкадавалі	ʃkadavaɫʲi
шкадаваць	ʂkadavatsʲ
шкадліва	ʃkadɫʲiva
шкадлівасць	ʃkadɫʲivastsʲ
шкадлівы	ʂkadɫʲivɨ
шкадую	ʂkaduju
шкаляры	ʂkalʲarɨ
шкандыбанне	ʃkandɨbanʲːe
шкандыбаць	ʂkamdɨbatsʲ
шкарпэтак	ʂkarpɛtak
шкарпэтка	ʂkarpɛtka
шкарпэтка	ʃkˈarpɛtkˈa
шкатулачны	ʂkatuɫutʂnɨ
шкатулка	ʂkatuɫka
шкла	ʂkɫo
шкла	ʃkɫaɾ
шклавальнасць	ʃkɫavalʲnastsʲ
шклавацца	ʃkɫavatsːa
шклаграфічны	ʂkɫoɣrafʲitʂnɨ
шкланітка	ʂkɫanʲitka
шкланіць	ʂkɫanʲitsʲ
шклапласт	ʃkɫopɫast
шкларобны	ʂkɫarubnɨ
шкленне	ʃklʲenːʲe
шкло	ʂkɫo
шкло	ʃkɫo
шкловытворчасць	ʂkɫovɨtvortʂasʲtsʲ
шклографіст	ʂkɫoɣrapʲist
шклографістка	ʂkɫoɣrafʲistko
шклографічны	ʂkoɣrafʲitʂnɨ
шклокерамічны	ʂkɫokʲeramʲitʂnɨ
шклом	ʂklom
шклопакеты	ʂklopakʲetɨ
шклотавары	ʂkɫatavarɨ
шклотканіна	ʂkɫadkanʲina
шклофармовачны	ʂkɫofarmovatʂna
шклоў	ʃkɫou̯
шклоўскі	ʂklou̯skʲi
шклянак	ʂklʲanak
шклянець	ʂkalʲaʲːetsʲ
шклянка	ʂklʲanka
шклянку	ʂklʲanku
шкляны	ʂklʲanɨ
шкляны	ʃklʲanɨ
шклянымі	sklʲanɨmʲi
шклісты	ʂklʲiztɨ
шкліць	ʃklʲitsʲ
шкода	ʂkoda
шкода	ʃkoda
шкодзяць	ʂkotzʲatsʲ
шкодна	ʂkodna
шкоднай	ʂkodnaj
шкоднасны	ʂkodnasnɨ
шкодны	ʂkodnɨ
шкодніца	ʃkodnʲitsa
шкодніцкі	ʂkotnʲitskʲi
шкодніцтва	ʂkodnʲitstva
шкоду	ʂkotu
шкоды	ʂkodɨ
школ	ʂkoɫ
школа	ʂkoɫa
школам	ʂkoɫom
школамі	ʂkolamʲi
школах	ʂgoɫax
школе	ʂkoʲːe
школу	ʂkoɫu
школьнай	ʂkoɫʲnaj
школьнаму	ʂkolʲnamu
школьная	ʂkoɫʲnaja
школьным	ʂkoɫʲnɨm
школьнік	ʂkoɫʲnʲik
школьнікамі	ʂkolʲnʲikamʲi
школьнікі	ʂkoɫʲnʲikʲi
школьніца	ʂkoɫʲnʲitso
школьніцкі	ʂkoɫʲnʲitskʲi
школьніцтва	ʂkoɫʲnʲitstva
школьнічаць	ʂkoɫʲnʲitʂatsʲ
шкрабацца	ʂkrɭbatsːo
шкрабаць	ʃkrabatsʲ
шкробаць	ʂkrobatʲ
шку́ды	ʃkudɨ
шкумат	ʃkumat
шкуматаць	ʃkumatatsʲ
шкуматнуць	ʃkumatˈnutsʲ
шкура	ʃkura
шкурка	ʃkurka
шкуркі	ʂkurkʲi
шкурнік	ʃkˈurnik
шкуру	ʂkuru
шкілет	ʂkʲilʲet
шкілетны	ʂkʲelʲetnɨ
шкіпер	ʃkʲipʲer
шкіперская	ʂkʲipʲerzkaja
шкіперскі	ʂkʲipʲirskʲi
шлаку	ʂɫaku
шле	ʂlʲe
шлюб	ʂlʲup
шлюбам	ʂlʲubam
шлюбамі	ʂlʲubamʲi
шлюбах	ʂlʲubax
шлюбаў	ʂlʲubau̯
шлюбе	ʂlʲubʲe
шлюбны	ʂlʲobnɨ
шлюбныя	ʂɫʲubnɨja
шлюбу	ʂlʲubu
шлюбы	ʂlʲubɨ
шляк	ʃˈɫjak
шлях	ʂlʲax
шлях	ʃlʲax
шляхам	ʂlʲaxam
шляхамі	ʂlʲaxamʲi
шляхетны	ʂlʲaxʲetnɨ
шляхецкіх	ʂlʲaxʲetskʲix
шляхецтве	ʂlʲaxʲetstvʲe
шляхоцкі	ʂlʲaxotskʲi
шляхта	ʂlʲaxta
шляхта	ʒlʲaxta
шляхтай	ʂlʲaxtaj
шляхтаю	ʂlʲaxtaju
шляхту	ʂlʲaxtu
шляху	slʲaxu
шляхце	ʂlʲaxtsʲe
шмат	ʂmat
шмат	ʃmat
шмат-	ʂmat
шматабяцальная	ʂmatabʲatsɐɫʲnaja
шматгадовых	ʂmatɣadovɨx
шматдзетны	ʂmatzʲetnɨ
шматкроп'е	ʃmatkropje
шматкроць	ʂmadkrotsʲ
шматлікіх	ʂmatlʲikʲix
шматлікія	ʂmatɫʲikʲija
шматок	ʂmatok
шматстайных	ʂmatsdajmɨx
шмотка	ʂmotka
шмотку	ʂmotku
шмыганула	ʂmɨɣanuɫa
шмякнуцца	ʂmjagnutsːa
шнур	ʂnur
шнуром	ʂnurom
шок	ʂok
шокам	ʂokam
шоку	ʂoku
шолам	ʂoɫam
шолаху	ʂoɫaxu
шопінг	ʂopʲinx
шорах	ʂorax
шораху	ʂoraxu
шоргат	ʂorʂat
шорт	ʂort
шортах	ʂortax
шорты	ʂortɨ
шорцікі	ʂortsʲikʲi
шост	ʂost
шостаму	ʂostomu
шосты	ʂostɨ
шоу	ʂou
шоў	ʂou̯
шоўк	ʂou̯k
шпак	ʂpak
шпака	ʂpaka
шпакі	ʃpaki
шпалера	ʃpalʲera
шпалерамі	ʂpaʲːeramʲi
шпана	ʂpana
шпарка	ʂporka
шпарканогі	sparkanoɣʲi
шпаркі	sporki
шпаркім	ʂparkʲim
шпарчэй	spartʂɛj
шпацыр	ʂpatsɨ
шпацыр	ʂpatsɨr
шпацырую	spatsɨroju
шпорац	ʂporats
шпорку	ʂporku
шпунт	ʃpunt
шпурнула	ʂpurnuɫa
шпурнуць	ʂpurnutsʲ
шпінат	ʂpʲinat
шпінату	ʂpʲinatu
шпіталь	ʃpʲitaɫʲ
шпіёнам	ʂpʲiʲonam
шрам	ʂram
шрамы	ʂramɨ
шрот	ʂrot
шруб	ʃrup
шруба	ʂruba
шруба	ʃruba
шрыфт	ʂrɨft
шрыфты	ʂrɨftɨ
штаб	ʂtab
штабным	ʂtabnɨm
штамп	ʂtamp
штаны	ʂtanɨ
штат	ʂtat
штата	ʂtata
штатаў	ʂtatau̯
штатным	ʂtotnɨm
штатных	ʂtatnɨx
штату	ʂtatu
штаты	ʂtatɨ
штаце	ʂtatsʲe
што	ʂto
што-кольвек	ʂtokolʲvʲek
штогадовыя	ʂtoɣadovɨʲa
штодзённасць	ʂtodsʲonˈnastsʲ
штодзённасць	ʂtodzʲonnasʲtsʲ
штодзённы	ʂtodzʲonːɨ
штось	ʂtosʲ
штось	ʃtosʲ
штосьці	ʂtosʲtsʲi
штраф	straf
штрафной	ʂdravnoj
штрафны	ʂtravnɨ
штрых	ʂtrɨx
штрых-код	ʂtrɨxkot
штрыхаванай	ʂtrɨxavonaj
штрыхаваных	ʂtrɨxavanɨx
штрыхавой	ʂtrɨxavoj
штрыхамі	ʂtrɨxamʲi
штудыяваць	ʃtudɨjavatsʲ
штук	ʂtuk
штукі	ʂtukʲi
штурман	ʂturman
штурму	ʂturmu
штурхаць	ʂturxatsʲ
штурхаць	ʃturxatsʲ
штурхнуў	ʂturxnˈu
штуршком	ʂturskom
штучная	ʂtutʂnaja
штучным	ʂtutʂnɨm
штучных	ʂdutʂnɨx
штык	ʂtɨk
штых	ʂtɨx
штыхі	ʂdɨxʲi
шу	ʂu
шубы	ʂubɨ
шугавея	ʂuɣavʲeʲe
шугала	ʂuɣaɫa
шукае	ʂukaʲe
шукай	ʂukaj
шукала	ʂukaɫa
шукальнік	ʂukalʲnʲik
шукалі	ʂukaɫʲi
шукання	ʂukannʲa
шукаць	ʂukatsʲ
шукаці	ʃukaʲtsʲi
шукаю	ʂukaju
шукаю	ʂukaʲu
шукаюць	ʂukaʲutsʲ
шукаў	ʂukau̯
шуло	ʂulo
шулы	ʂuɫɨ
шум	ʂum
шум	ʃum
шумам	sumam
шумела	ʂumʲeɫa
шумеры	ʂumʲerɨ
шумець	ʂumʲetsʲ
шумліва	ʂumɫʲiva
шумна	ʂumna
шумнай	ʂumnaj
шумным	ʂumnɨm
шумных	ʂumnɨx
шумныя	ʂumnɨja
шуму	ʂumu
шумы	ʂumɨ
шуміха	ʂumʲixa
шуміць	ʂumʲitsʲ
шурпатасьць	ʃurpatasʲtsʲ
шуршыць	surʂɨtsʲ
шуфля	ʂuflʲa
шуфляда	ʂuflʲada
шуфляда	ʃuflʲaˈda
шух	ʂux
шухну	ʂuxnu
шушкевіч	ʂuʂkʲevʲitʂ
шчака	ʂtʂaka
шчаку	ʂtʂaku
шчаміць	ʂtʂamʲitsʲ
шчанюкі	ʂtʂanʲukʲi
шчаслівы	ʂtʂasɫʲivɨ
шчаслівы	ʂtʂasʲlʲivɨ
шчасна	ʂtʂasna
шчаснасць	ʃtʂasnastsʲ
шчасны	ʂtʂasnɨ
шчасце	ʂtʂasʲtsʲe
шчасця	ʂtʂastsʲa
шчасці	ʂtʂostsʲi
шчаўе	ʂtʂau̯je
шчаўе	ʈʂau̯je
шчодра	ʂtʂodra
шчодры	ʂtʂodrɨ
шчокі	ʂtʂokʲi
шчолач	ʂtʂoɫatʂ
шчолачных	ʂtʂoɫatʂnɨx
шчолачы	ʂtʂoɫotʂɨ
шчотка	ʂtʂotka
шчоткай	ʂtʂotkaj
шчоткамі	ʂtʂotkamʲi
шчоткі	ʂtʂotkʲi
шчупак	ʂtʂupak
шчупака	ʂtʂupaka
шчупы	ʂtʂupɨ
шчучын	ʂtʂutʂɨn
шчучына	ʂtʂutʂɨna
шчучынам	ʂtʂutʂɨnam
шчучыне	ʂtʂutʂɨnʲe
шчучыну	ʂtʂutʂɨnu
шчыгол	ʂtʂɨɣoɫ
шчыгрын	stʂɨxrɨŋ
шчыкалатка	ʂtʂɨkaɫatka
шчыльна	ʂtʂɨlʲna
шчыльнасці	ʂtʂɨɫʲnasʲtsʲi
шчыльная	ʂtʂɨɫʲnaja
шчыльны	ʂtʂɨlʲnɨ
шчыльныя	ʂtʂɨɫʲnɨja
шчыра	ʂtʂɨra
шчырае	ʂtʂɨraje
шчырай	ʂtʂɨraj
шчыраму	ʂtʂɨramu
шчырасці	ʂtʂɨrasʲtsʲi
шчырая	ʂtʂɨraja
шчыры	ʂtʂɨrɨ
шчырым	ʂtʂɨrɨm
шчырымі	ʂtʂɨrɨmʲi
шчырых	ʂtʂɨrɨx
шчырыя	ʂtʂɨrɨja
шчыт	ʂtʂɨt
шчыта	ʂtʂɨta
шчыткам	ʂtʂɨtkam
шчыткамі	ʂtʂɨtkamʲi
шчытках	ʂtʂɨtkax
шчытком	ʂtʂɨtkom
шчыток	ʂtʂɨtok
шчыце	ʂtʂɨtsʲe
шчэ	ʂtʂɛ
шчэпінка	ʂtʂɛpʲinka
шчэрба	ʂtʂɛrba
шчэцін	ʂtʂɛtsʲin
шыбамі	ʂɨbamʲi
шыбаў	ʂɨbou̯
шыбенік	ʂɨbʲenʲik
шыбеніца	ʂɨbʲanʲetsa
шыбеніца	ʂɨbʲenʲitsa
шыбкім	ʂɨpkʲim
шыбу	ʂɨbu
шыбы	ʂɨbɨ
шыбіны	ʂɨbʲinɨ
шые	ʂɨʲe
шызак	ʂɨrzak
шызовы	ʂɨzɔvɨ
шызы	ʂɚ˥˩zɨ˥˩
шызы	ʂɨzɨ
шызым	ʂɨzɨm
шый	ʂɨj
шый!	ʂɨ
шыйка	ʂɨjka
шык	ʂɨk
шыкоўна	ʂɨkowna
шыкоўны	ʂɨkou̯nɨ
шыку	ʂɨku
шыла	ʂɨɫa
шыламі	ʂɨlomʲi
шыльда	ʂɨlʲda
шыльду	ʂɨɫʲdu
шыльды	ʂɨɫʲdɨ
шылі	ʂɨɫʲi
шына	ʂɨna
шынах	ʂɨnax
шынка	ʂɨnka
шынок	ʂɨnok
шынок	ʂɨnˈok
шыну	ʂɨnu
шыны	ʂɨnɨ
шынялі	ʂɨnʲaɫʲi
шыпамі	ʂɨpamʲi
шыпшына	ʂɛpʂɨna
шыпшына	ʂɨpʂɨna
шыпшыннік	ʂɨbʂɨnnʲik
шыпшынніку	ʂɨpʂɨnʲːiku
шыпшыну	ʂɨpʂɨnu
шыпы	ʂɨpɨ
шыпячы	ʂɨ˥˩pjatʂɨ˥˩
шыр	ʂɨr
шырата	ʂɨrata
шыраты	ʂɨratɨ
шырмай	ʂɨrmaj
шырмаю	ʂɨrmaju
шырмаў	ʂɨrmou̯
шырмы	ʂɨrmɨ
шыро́кі	ʂɨrokʲi
шырока	ʂɨroga
шырокаму	ʂɨrokamu
шырокую	ʂɨrokuju
шырокі	ʂɨrokʲi
шырокім	ʂɨrokʲim
шырокімі	ʂɨroʲːimʲi
шырокіх	ʂɨrokʲix
шырокія	ʂɨrokʲiʲa
шырот	ʂɨrot
шыршыя	ʂɨrʂɨja
шырыня	ʂɨrɨnʲa
шырыцца	ʂɨrɨtsːo
шырэй	ʂɨrɛj
шырэйшы	ʂɨrajʂɨ
шырэйшым	ʂɨrɛjʂɨm
шыфр	ʂɨfr
шыфру	ʂɨfru
шыхт	ʂɨxˈt
шыхты	ʂɨxtɨ
шыць	ʂɨtsʲ
шышка	ʂɨʂka
шышкі	ʂɨʂkʲi
шышы	ʂɨʂɨ
шыя	ʂɨja
шыі	ʂɨʲi
шэдэўр	ʂɛdɛu̯r
шэдэўраў	ʂɛdɛu̯rau̯
шэйха	ʂɛjxa
шэльма	ʂɛɫʲma
шэпт	ʂɛpt
шэпт	ʃɛpt
шэпту	ʂɛptu
шэравокі	ʂɛravokj
шэраг	ʂɛrax
шэраг	ʂɛraɣ
шэрагам	ʂɛraɣam
шэрай	ʂɛraj
шэрая	ʂɛroja
шэрсцю	ʂɛrstsʲu
шэршань	ʂɛrʂanʲ
шэры	ʂɛrɨ
шэрым	ʂɛrɨm
шэрых	ʂɛrɨx
шэрыць	ʂɛrɨtsʲ
шэрыя	ʂɛrɨʲa
шэсць	ʂɛsʲtsʲ
шэсцьдзесят	ʂɛzdzʲːesʲat
шэсцьсот	ʂɛsʲtsʲsot
шэсця	ʂɛstsʲa
шэф	ʃˈɛf
ы	u
ы	y
ы	ɨ
э	ɑ̃n
э	ɛ
эацэн	ɛatsɛn
эбаніту	ɛbanʲitu
эвалюцыя	ɛvalʲutsɨja
эгэ	ɛɣe
эдуард	ɛduart
эдылы	ɛdɨɫɨ
эдэшка	ɛdɛʂka
эй	ˈɛ
эйфарыі	ɛjfarɨji
эканамічных	ɛkanamʲitʂnɨx
эканомна	ɛkanomna
эканоміка	ɛkanomʲika
эканоміка	ɛkonomʲika
экасістэма	ˈɛkasistˈɛma
эквадор	ɛkvador
экватар	ɛkwatar
экзамен	ɛgzamʲen
экзарх	ɛkzarx
экзатычныя	ɛgzadɨtʂnɨja
экран	ɛkran
экранах	ɛkranax
экспазіцыі	ɛkʂpazʲitsɨʲi
экспарцёраў	ɛkspartsʲorau̯
эксперт	ɛkspɛrt
экспрэс	ɛksprɛs
экстрэміст	ɛkstrɛmʲist
экстэрнам	ɛksdɛrnam
экіпаж	ɛkʲipaʂ
эл	ɛl
электаральны	ɛlʲektaraɫʲna
электрык	ɛlʲektrɨk
электрычны	ɛlʲektrɨtʂnɨ
элемент	ɛlʲemʲent
элементы	ɛlʲemʲantɨ
эльзас	ɛlʲzas
эльзаскі	ɛlʲzaskʲi
эля	ɛlʲa
эліпс	ɛlʲips
эма	ɛma
эмацыйна	ɛmatsɨjna
эмбрыён	ɛmbrɨʲon
эму	ɛmu
эміграцыйны	omʲiɣratsɨjnɨ
эміграцыя	ɛmʲiɣrɑtsɨja
эмір	ɛmʲir
энцы	ɛntsɨ
энцыклапедыя	ɛntsɨkɫapʲedɨja
энцыклапедыя	ʲantsɨkɫopʲedɨja
эпапея	ɛpapʲeja
эпасе	ɛpasʲe
эпох	ɛpox
эпоха	epoxa
эпоха	ɛpoxa
эпохай	ɛpoxoj
эпоху	ɛpoxu
эпохі	ɛpoxʲi
эпістэмалогія	ɛpʲistɛmaɫoɣʲija
эпітэліем	ɛpɨtɛɫjiɛm
эпічным	ɛpʲitʂnɨm
эпічных	ɛpʲitʂnɨx
эра	ɛra
эратызму	ɛratɨzmu
эратычны	ratɨtʂnɨ
эрганамічны	ɛrɣanamʲitʂnɨ
эркерных	ɛrkʲernɨx
эру	ɛru
эры	ɛrɨ
эрык	ɛrɨk
эрэкцыя	ɛrɛktsɨja
эстонец	ɛstonʲets
эстонка	ɛstonka
эстонскі	ɛstonskʲi
эстонія	ɛstonʲija
эстонія	ɛstˈonja
эстэцтва	ɛstɛtstva
эсэ	ɛsɛ
эсэры	ɛsɛrɨ
этап	ɛtop
этапах	ɛtapax
этапе	ɛtapʲe
этапу	ɛtapu
этапы	ɛtapɨ
этнограф	ɛtnoɣrav
этніка	ɛtnika
этніка	ɛtnʲika
этнічны	ɛtnʲitʂnɨ
этыка	ɛtɨka
этыкай	ɛtɨkaj
этыкет	ɛtikɛt
этыку	ɛtɨku
этымалогія	ɛtɨmaɫoɣʲija
этыцы	ɛtɨtsɨ
этычным	ɛtɨtʂnɨm
этэр	ɛtɛr
эфедры	ɛfʲedrɨ
эфект	ɛfʲekt
эфектам	ɛfʲektam
эфекту	ɛfʲektu
эфекты	ɛfʲektɨ
эфекце	ɛfʲektsʲe
эфы	ɛfɨ
эфір	ɛfʲir
эфірнай	ɛfʲirnaj
эфірны	ɛfʲirnɨ
эх	ɛx
эцюды	ɛtsʲudɨ
эякуляцыя	ɛjakulʲatsɨja
ю	ju
ю	u
юаня	juanʲa
юбілей	jubʲilʲej
юга	juha
югаславія	juɣasɫavʲija
юдзіцкі	judzʲitskʲi
юлія	julʲija
юнай	junaj
юнак	junak
юнак	junɑk
юнака	junaka
юнакі	junokʲi
юнацкай	junatskaj
юнацкую	junatskuʲu
юнацкі	junatskʲi
юную	junuju
юны	junɨ
юным	junɨm
юных	junɨx
юпітэр	jupʲitar
юр	juɾ
юрась	juraz
юргіня	jurɣʲiʲːa
юрлівасць	jurɭʲivaztsʲ
юрлівы	jurɭeivɨ
юрок	jurok
юры	jurɨ
юрыдычную	jurɨdɨtʂnuju
юрыдычных	jurɨdɨtʂnɨx
юрый	jurɨj
юрыст	jurist
юрыста	jurɨsta
юрэвіч	jurɛvʲitʂ
юха	jˈuxa
юху	juxu
юшка	ʲuʂka
юшкевіч	juʂkʲevʲitʂ
юшчанка	juʂtʂanko
я	ja
ябаць	jabatsʲ
яблык	iabɫɨk
яблык	jabɫɨk
яблыка	jabɫɨka
яблыкам	jabɫɨkam
яблыкамі	jabɫɨkamʲi
яблыках	jabɫɨkax
яблыкаў	jabɫɨkau̯
яблыку	jabɫɨku
яблыкі	jabɫokʲi
яблыкі	jabɫɨkʲi
яблычным	jablɨtʂnɨm
явай	javoj
яванскі	javanskʲi
явар	javar
явар	javɑr
явачным	javatʂnɨm
ягад	jaɣad
ягада	jaɣada
ягадзіца	jaɣadzʲitsa
ягадзіцы	jaɣadzʲitsɨ
ягадных	jaɣadnɨx
ягліцца	jaɣlʲitsa
ягня	jaɣnʲa
ягнят	jaɣnʲat
ягнятам	jaɣnʲatam
ягнятамі	jaɣnʲatamʲi
ягнятах	jaɣnʲatax
ягнятка	jaxnʲatka
ягняты	jaɣnʲatɨ
ягняці	jaɣnʲatsʲi
ягнё	jaɣnʲo
ягнём	jaɣnʲom
яго	jaɣo
ягомасьць	jaɣomastsʲ
ягонага	jaɣonaɣa
ягонае	jaɣonaje
ягонай	jaɣonaj
ягонаму	jaɣonamu
ягонаю	jaɣonaju
ягоная	jaɣonaja
ягоную	jaɣonuju
ягоны	jaɣonɨ
ягоным	jaɣonɨm
ягонымі	jaɣonɨmʲi
ягоных	javonɨx
ягоных	jaɣonɨx
ягоныя	jaɣonɨja
ягор	jaɣor
ягорка	jaɣ̞orka
ягурт	jaɣurt
яд	jad
яда	jada
яда	ˈjadˈɑ
ядваб	jadvap
ядвабнік	jadvˈɑbnik
ядвіга	jadvʲiɣa
ядзернай	jadzʲernaj
ядловец	jadɫovʲes
ядловец	jadɫovʲets
яднайцеся	jadnajtsʲisja
яднання	jadnannʲa
яднаць	jadnatsʲ
яднаюць	jaadnajutsʲ
ядомы	jatomɨ
ядомых	jadomɨx
ядра	jadra
ядраны	jadranɨ
ядро	jadro
ядронкі	jadronkʲi
ядрушка	ˈjadrˈuʒka
ядры	jadrɨ
яду	jadu
ядун	jadum
ядун	jadˈun
ядуць	jatuʲtsʲ
яды	jadɨ
яе	jaje
яе	jajɛ
яечка	jajetʂka
яечны	jajetsnɨ
яечня	jajetʂnʲa
яз	jˈaz
язвах	jazvax
язвы	jazvɨ
яздок	jasok
язды	jasdɨ
язык	jazɨk
языкаты	jazɨkate
язычковых	jazɨtʂkovɨx
язь	jazʲ
язьмен	ˈjazmˈen
язэп	jazˈɛp
яйка	jaika
яйка	jajka
яйкамі	jajkamʲi
яйкападобнай	jajkapadobnaj
яйкі	jajkʲi
яйцамі	jajtsamʲi
яйцо	jajtso
яйцы	ʲajtsɨ
як	jak
як-колечы	jakkolʲitʂɨ
як-кольвек	jakkoɫʲvʲek
як-небудзь	jaknʲebudzʲ
як-ніяк	jaknʲijak
як-хаця	jakxaʲːa
яка	jaka
якай	jakaj
якам	jakam
якамі	jakamʲi
якар	akr
якар	jakar
якасна	ʲakasna
якасную	jakasnuʲu
якасны	jakasnɨ
якасным	jakasnɨm
якасць	jakasʲtsʲ
якасцю	jakasʲtsʲu
яках	jakax
якая	jakaja
якаў	jakau̯
яко́чаш	jakkotʂaʂ
якога	jakoɣa
якое	jakoje
якой	jakoj
якому	jakomu
якою	jakoju
яку	jaku
якубовіч	jakubovʲitʂ
якую	jakoju
якую	jakuju
які	jakie
які	jakʲi
які	ɑkˈi
які-кольвек	jakʲikoɫʲvʲek
якім	jakʲim
якімовіч	jakʲimovʲitʂ
якімі	jakʲimʲi
якісьці	jakʲisʲtsʲi
якіх	jakʲix
якія	jakija
якія	jakʲija
яла	jaɫa
ялавіна	jaɫavʲina
ялавіца	jaɫovˈitsʌ
ялавічына	jaɫavʲatʂɨna
ялавічына	jaɫavʲitʂɨna
ялкавець	jaɫkavʲets
яловы	jaɫovɨ
яловых	jalovɨx
яловыя	jaɫovɨja
ялта	jaɫta
ялін	jaɫʲin
ялінка	jalʲinko
яліты	jalʲitɨ
ям	jam
яма	jama
ямай	jamaj
ямамі	jamamʲi
ямах	jamax
ямбам	jambam
ямка	jɑmka
ямкамі	jamkamji
ямкі	jamkʲi
яму	jamu
ямцы	jamtsɨ
ямы	jamɨ
яміна	ˈjamˈena
ян	jan
яна	jana
яно	jano
янотавыя	janotovɨja
яноты	janotɨ
янтар	jantar
яну	janu
януковіч	janukovʲitʂ
яны	jane
яны	janɨ
японкі	japonkʲi
японскай	japonskaj
японскую	japonskuju
японскі	japonski
японскі	japonskʲi
японскім	japonskʲim
японія	japonʲija
японія	japˈonija
япрукі	japruki
яр	jar
яра	jara
яравой	jaravoj
яраслаў	jarasɫau̯
ярка	jarka
яркая	jarkoʲa
яркі	jarkʲi
яркім	ʲarkʲim
яркімі	jarkʲimʲi
яркія	jarkʲija
ярлык	jarlɨg
ярмо	jarmo
ярмолка	jarmuɫka
ярусе	jarusʲe
ярусу	jaruʂu
ярчэй	jartʂɛj
яры	jarɨ
ярыны	jarɨnɨ
ясакар	jasakaj
ясень	jasʲenʲ
яскевіч	jaskʲevʲitʂ
яскравай	jaskravaj
яскравым	jaskravɨm
яскравых	jaskravɨx
яслі	jaʂɫʲi
ясна	jasna
яснавокая	jasnavokalʲa
яснавокі	jasnavotʲi
яснае	jasnaʲe
яснай	jasnaj
яснота	jasnˈoda
ясны	jasnɨ
ясным	jasnɨm
яснымі	ʲasnɨmʲi
ясныя	jasnɨʲa
ястраб	jastrap
ястрабок	ˈjastrˈobʌk
ясьпіс	jaspʲis
ясі	jasʲi
яфім	jafʲim
яхты	jaxtɨ
яхімка	ˈjaxˈimkɑ
ячка	ˈjatʃka
ячмень	jatʂmʲenʲ
ячнай	jatʂnoj
ячэйка	jatʂɛjka
яшчарка	jaʂtʂarka
яшчаркі	jaʂtʂarkʲi
яшчэ	jaʂtʂɛ
яшчэ	jɛʂtʂɛ
яўген	jau̯ɣʲen
яўгеній	jau̯ɣʲenʲij
яўгенія	jau̯ɣʲenʲija
яўкала	jau̯kaɫɑ
яўрэй	jau̯rɛj
яўрэйскі	jau̯rɛjskʲi
яўрэі	jau̯rɪi
ё	jo
ё	joɾ
ёгай	joɣaj
ёгурт	joɣurt
ёгуртам	joɣurtam
ёгуртамі	joɣurtamʲi
ёгуртах	joɣurtax
ёгуртаў	joɣurtau̯
ёгурту	joɣurtu
ёгурты	joɣurtɨ
ёгурце	joɣurtsʲe
ёду	jodu
ёй	joj
ёлка	joɫka
ёлкі	ʲɔɫki
ёмка	jomka
ёмкім	ʲomkʲim
ён	jon
ёсцека	jostsʲika
ёсць	josʲtsʲ
ёсьць	josʲtsʲ
ёю	joju
ёю	joˈju
ёўня	jou̯nʲa
і	i˥˩
і	ji
іарданія	jiardanʲija
іван	jivan
іванава	javanova
іванава	jivanava
іваноў	jivanou̯
івацэвічы	jivatsɛvʲitʂɨ
івашкевіч	jivaʂkʲevʲitʂ
ігар	jiɣar
ігла	jiɣɫa
ігнат	jiɣnat
іголка	jiɣoɫka
ігра	jiɣra
іграць	jiɣratsʲ
ідзе	idzʲe
ідзе	jidzʲe
ідзеш	jidzʲeʂ
ідзяце	jidzʲatsʲe
ідзём	jidzʲom
ідзі	jidzʲi
ідзіце	jidzʲitsʲe
іду	jidu
іду	ˈidu
ідуць	idutsʲ
ідуць	jidutsʲ
ідучы	jidutʂɨ
ідыш	idɯʂ
ідыш	jidɨʂ
ідэю	ʲidɛju
ідэя	jidɛja
іерусалім	jijerusalʲim
ізалявана	izalɛvona
ізраіль	jizrajilʲ
ізраільскі	jizrajilʲskʲi
ікона	jikona
іконы	jikonɨ
ікра	jikra
ілам	ɨɫam
ілгаць	jiɫɣatsʲ
іллюк	ilˈluːk
ілья	jilʲja
ім	jim
імаверна	ʲimavʲernɨ
імага	ʲimaɣa
імбір	jimbʲir
імгла	imɣɫa
імгла	jimɣɫa
імглістым	imɣlʲiztɨm
імем	ʲimjem
імені	jimʲenʲi
імжыў	jimʂɨu̯
імкліва	imklʲiva
імкнецца	ɨmknʲetsːa
імкнуцца	imknutstsa
імпартны	jimpartnɨ
імперыя	jimpʲerɨja
імпрэза	imprɛza
імпрэзы	ʲimprɛzɨ
імхах	ʲimxax
імша	imːʃa
імя	jimʲa
імя	ɨmʲa
імя	ˈimæ
імёнах	jimʲonax
імёны	imʲonɨ
імёны	ʲimʲonɨ
імі	ime
імі	jimʲi
іміграцыя	jimʲiɣratsɨja
імітацыя	jimʲitatsɨja
інакш	jinakʂ
інакшай	ʲinakʂej
інакшы	ənakʂɨ
іначай	ʲinatʂoj
інаўгурацыя	jinau̯guratsɨja
інаўгурацыя	jinau̯ɣuratsɨja
інвентар	ʲinvʲentar
інгалятар	jinɣalʲatar
інданезійскі	jindanʲezʲijskʲi
інданезія	jindanʲezʲija
індзейцы	ʲindzʲejtsɨ
індывідуальнасць	ʲindɨvʲiduaɫʲnastsʲ
індывідуалізацыя	jindɨvʲidualʲizatsɨja
індый	indɨ
індыйскі	jindɨjskʲi
індык	indɨk
індыя	jindɨja
індэкс	jɪnˈdɛks
індэкса	ʲindɛksa
інжыр	ʲinʐɨr
інсталяцыі	ʲinstalʲatsɨʲi
інструменты	ʲinstrumjentɨ
інстытут	institˈut
інстытут	jinstɨtut
інтанавання	ʲintanavanʲːa
інтарэс	jintarɛs
інтарэсах	ʲintarɛsax
інтарэсу	ʲintarɛsu
інтымнай	ʲintɨmnaj
інтымны	ʲintɨmnɨ
інтэлектам	ʲintɛlʲektam
інтэлектуальныя	ʲintɛlʲigduaɫʲnɨja
інтэрв'ю	jintɛrvju
інтэрнат	jintɛrnat
інтэрнату	ɨntɛrnatu
інтэрнет	jintɛrnɛd
інтэрнэт	ʲintɛrnɛd
інтэрнэтам	jintɛrnɛtam
інтэрнэту	ʲintɛrnɛtu
інтэр’ер	intɛrjer
іну	ʲinu
інфармацыйным	ɨnfarmatsɨjnɨm
інфармацыю	jinfarmatsɨju
інфармацыя	infarmatsɪja
інфармацыя	informatsija
інфармацыя	jinfarmatsɨja
інфармацыі	jinfarmatsɨji
інфляцыя	jinflʲatsɨja
інфрачырвоны	ʲinfratʂɨrvonɨ
інфінітыў	jinfʲinʲitɨu̯
інцыдэнт	ʲintsɨdɛnt
інцыдэнту	ʲintsɨdɛntu
інцэст	jintsɛst
інцэст	ɛntsɛst
іншадумства	inʂadumstva
іншаземец	jinʂazʲemʲets
іншай	ʲinʂaj
іншамаркі	ʲinʂamarkʲi
іншаму	ʲinʂamu
іншая	ʲinsaja
іншую	ɨnsuju
іншы	jinʂɨ
іншым	ʲinʂɨm
іншымі	ʲinʂɨmʲi
іншых	ʲinʂɨx
іншыя	ʲinsɨʲa
іосіф	jiosʲif
ірак	jirak
іран	jiran
іранец	jiranʲets
іранка	jiranka
іранскі	jiranskʲi
ірваць	jirvatsʲ
ірвуцца	ʲirvutsːa
ірга	jirɣa
іржа	jirʐa
іржавець	jirʐavʲetsʲ
іржавы	jirʐavɨ
іржаць	jirʐatsʲ
іркуцк	jirkutsk
ірландзец	jirɫanʲdzʲets
ірландка	jirɫantka
ірландскі	jirɫantskʲi
ірландыя	jirɫandɨja
ірляндыя	jirlʲandɨja
ірына	jirɨna
ірэна	jirɛna
іск	jisk
іскра	jiskra
іслам	jislam
ісламскім	jisɫamskʲim
ісландскі	jisɫantskʲi
ісландыя	jisɫandɨja
існаваць	jisnavatsʲ
існаваць	ʲisnovatsʲ
існасці	ʲisnasʲtsʲi
існуе	isnuʲe
існуе	jisnuje
існуеш	jisnujeʂ
існую	jisnuju
існуюць	iznujutsʲ
існуюць	jisnujutsʲ
існуяце	jisnujatsʲe
існуём	jisnujom
існыя	ˈisnʌja
іспанскі	jispanskʲi
іспанія	ispˈɑnija
іспанія	jispanʲija
іспыт	ʲispɨt
істота	piztoda
істотнай	ʲistotnaj
істотны	jistotnɨ
істотны	ʲisdotmɨ
істотныя	ʲisdotnɨja
істоты	istotɨ
істэрыя	jiʂtɛrɨja
ісус	jisus
ісці	jisʲtsʲi
італьянец	jitalʲjanʲets
італьянка	jitalʲjanka
італьянскі	jitalʲjanskʲi
італія	itaʲːija
італія	jitalʲija
ітрый	itrɨ
ітэрбій	itɛrbi
іх	ix
іх	jix
іх	jˈix
іхны	jixnɨ
іхнюю	ʲixnʲuju
іхняя	ˈixnʌja
іхніх	ˈixnix
іхнія	jixnʲija
ішак	jiʂak
ішла	jiʂɫa
ішло	jiʂɫo
ішлі	jiʂlʲi
ішоў	iʂou̯
ішоў	jiʂou̯
ішоўшы	jiʂou̯ʂɨ
ў	u̯
ўвага	wvaɣa
ўвазе	wvazʲe
ўвасабленне	uvasablʲennʲa
ўведаць	wvʲedatsʲ
ўвесну	wvʲesnu
ўвогуле	uvoɣulʲe
ўвосень	wvosʲenʲ
ўдар	wdar
ўдараць	wdaratsʲ
ўдарыць	wdarɨtsʲ
ўжываць	wʐɨvatsʲ
ўжыць	wʐɨtsʲ
ўзрост	wzrost
ўзышло	uzɨʂɫo
ўзяць	wzʲatsʲ
ўзімку	wzʲimku
ўключаць	wklʲutʂatsʲ
ўкраінцы	wkrajintsɨ
ўладзімер	wɫadzʲimʲer
ўладзіслаў	wɫadzʲisɫau̯
ўладу	u̯ɫadu
ўласны	wɫasnɨ
ўлетку	wlʲetku
ўмалотны	umaɫotnɨ
ўмасціўся	omastsʲiu̯sja
ўмець	wmʲetsʲ
ўнікаць	wnʲikatsʲ
ўнікнуць	wnʲiknutsʲ
ўпаду	wpadu
ўпала	wpaɫa
ўплыў	uplˈɨw
ўплыў	wpɫɨu̯
ўправіцца	upravʲitstsa
ўпросіць	wprosʲitsʲ
ўсе	wʂʲe
ўслед	uzlʲed
ўсміхацца	usmixatsːa
ўставаць	wstavatsʲ
ўстаць	wstatsʲ
ўсход	wsxot
ўсходні	wsxodnʲi
ўсходу	u̯sxodu
ўсяму	wsjamu
ўсё	usʲo
ўсё	wsʲo
ўтвараць	tvaratsʲ
ўхіл	wxʲil
ўхіляцца	wxʲilʲatsːa
ўхіліцца	wxʲilʲitsːa
ўчора	wtʂora
ўчуць	wtʂutsʲ
ўчытацца	wtʂɨtatsːa
ўэльс	wɛlʲs
ґанак	ganak
ґвалт	gvaɫt
