-abel	ɑːbəl
-abelt	ɑːbəlt
-able	ˈɑbl
a	a
a	aɪ
a	ɑː
a-en	ɑːn
a-er	ɑːɛr
a-lag	aːlˈɑːk
aa	ɑː
aa-møte	ɑːˈmøːtə
aa-møter	ɑːmøːtər
aaah	ɑː
aage	ogɛ
aagot	oˀgɔt
aang	ɑŋ
aardvark	ɑːɾːvɑɾk
aaron	ɑːrʊn
aarons	ɑːrɔns
aas	ˈɔs
aayan	ɑːjɑːn
ab	op
ab	ɑːb
abaddon	ɑːbɑːdɔn
abaddonn	ɑːbɑːdɔn
abagnale	ɑːbɑgnɑːlə
abakus	abɑkɯʃ
aban	ɑːbɑn
abandonen	abandonˈon
abandonene	abandonini
abandoner	abandonɾ
abandoneringene	aːpɑndoneːɾiŋene
abandonert	abãn̪d̪oneɾt̪
abandonerte	abandonertˈe
abasiene	abasiʎe̞nɐ
abasier	abasijɯɾ
abasist	abasist
abasistene	abasistnɛ
abattoirer	abat˩˥ːua˥˩rə
abaya	abajɑ
abayen	abajon
abba	abːa
abba	æbːa
abbas	ɑbːɑs
abbed	ɑbːɛd
abbeden	ɑːbːɛdən
abbedia	abːedˈio
abbedier	abːad̥iːr
abbedissen	ɑbːədɪsn̩
abbedvigsel	abːøːdviksəl
abbey	ɑːbɪ
abbie	ɑbːɪ
abbor	abːoɾ
abbor	ɑbɔɾ
abboren	abboɾim
abborer	abːoɾe
abborer	appoɾeɾ
abborfiskere	oppoɾfjskep
abborfiskerne	appɔrfiskaˈnɑ
abborgrasa	abɔrgrasa
abbot	ɑbːɔt
abbott	ɑbːɔt
abbottabad	ˈæbətæbæd
abbrevierte	abrˈeviərtə
abby	ɑːbɪ
abbys	ɑbːʏs
abderitt	abdæɾit
abdi	ɑːbdiː
abdiser	apd̪eseɾ
abdisere	ɑbdɪˈseːɾə
abdiserende	abdiːsːeɾəna
abdisering	abdɨsˈeɾeɪŋ
abdomina	abduʋmʲna
abdominal	abdominal
abdominale	abdominal
abdul	ɑːbɖʉːl
abdullah	ɑːbduˈlɑː
abduser	apdusɛjr
abdusere	opduseˈɛr
abe	ɑːb̥ə
abed	ɑːbɛd
abel	ɑːbəl
abel	ʔabɐl
abelmoskusfiber	ʔabəlmɔskusfiːbər
abelsiner	abelsiːnər
aber	ɑːbɛr
aber	ɑːbɪr
abera	aːbara
abercrombie	ɑːbɛɾkrɔmbɪ
abernathy	ɑːbɛɳɑːti
aberrant	abɛrant
aberrante	abɛrˈantˈɛ
aberville	ɑːbɛɾˈvɪɭə
abessinier	abɛsˈiːniːr
abessinske	abəsˈinskə
abi	ɑːbɪ
abigail	ɑːbɪgɑɪl
abigails	ɑːbɪgɑɪls
abilene	ɑːbɪˈleːnə
abin	ɑːbɪn
abiogenese	albjugʲɛnʲeːsa
abiogenesen	abɨjùːgʲiːnʲeʲɛsʲɛn
abiotiske	abjotiske
abir	ɑːbɪr
abjekt	abjɛkt
abjekte	abjˈɛktə
abkhaser	æbkɑːsæɾ
ablasjoner	ablˈasʃuːnər
ablativ	ɑblɑtiv
ablative	ablativ
ablativene	abɫot̪iv̪ɛn
ablativer	ablatˈiːvər
ablativform	ɑblɑtiːfʊrm
ablativforma	ablatiːvformɔ
ablativisk	ablatːiːvɪsk
ablativiske	avlativiske
ablativt	ablativit
able	ɑːblə
ablefynter	ablofintər
ablegøye	ablɪkkjɛ
ablegøyene	ablɛkɪ̞jɪ̞næ
ablegøyer	ablægøjør
ablesin	oblɛsɪt
abner	ɑːbneːɾ
abnorm	abnɔrm
abnormal	abnuɾmon
abnormalt	abɯnɔrmɑlt
abnorme	apˈnorme
abnormskole	alnoɾmskulɛ
abnormskolen	abnɔrmskuˈn
abnormt	apnurmt
aboler	abɔleːr
aboleres	abolaɾis
abolert	abɔleːtˈ
abolisjonisme	ɑbɔliˈʃuːniːsmɛ
abominabelt	abˀumiːnabəlt
abominablest	abɔmiːnnaːblɛst
abominableste	abuminɛblɛste
abonnement	ɑːbʊnəment
abonnementet	ɑːbʊnəˈmeːnt
abonnenten	abonˈɛntˈɛn
abonnenten	ɑːbʊnˈɛntən
abonner	aːbʊnˈɛɹ
abonnere	ɑbʊˈneːɾə
abonnerer	ɑːbʊˈnɛːɾ
abonnert	abonˈeːt
aborder	abɔɾðeɾ
aborigin	abɔɾɛᵑgin
aboriginene	aboɾigʲiːnɨnɪ
aboriginer	aboriːgiːnɪ
aboriginere	abˈorɪgiːnərˌ
aboriginsk	aboɾiginsk
aboriginske	abɔrʲiːgʲiːnsʲke
abort	ɑˈbɔʈ
abort	ɑːbɔɾt
aborten	abˈorten
aborten	ɑːbɔʈən
abortene	abɔrtɛnˈe
aborter	aboɾtˈtɯd
abortere	ɑbɔˈʈeːɾə
aborteres	abɔrtɛres
aborteringen	ˈabɔɾtɛrjɪŋɛn
aborterte	ɑːbɔɾtəɾtə
abortiv	aboɾt̪ib
abortiver	abˈoɾtivər
abortivt	apɔrtivt
abortsøkeren	abˀɔrtsˈøːkərən
about	ɑːbʉːt
abra	ɑːbɾɑː
abraham	ɑːˈbrɑːm
abrahams	ɑːbɾɑːms
abrakadabra	abrakadabra
abrakadabra	ɑːbrɑːkɑːdɑːbrɑː
abramoff	ɑːbrɑːmɔf
abrams	ɑːbɾɑms
abrodder	aprɔðˈder
abrot	abrˈot
abroten	abrˈoːtən
abrupt	abrˈʉpt
abscesser	abzˈessiːr
abscisseakser	apːsissˈaksə
absenter	abzintiːr
absenteringen	ɑːbsentˈəɾɪŋin
absenterte	ɑːbsɛntɑːrtə
absint	absint
absinter	abzintiːr
absolusjon	absoˈlˈʃuːn
absolutte	abˈsolutˈe
absolvert	abzɔlvərt
absorbator	aːbsɔrbatuɾ
absorber	aːbsorbiːr
absorberende	ɑːbsɔːʂəɾɛndə
absorberer	apzɔɹbærˈɛ
absorbert	aːpsɔrbʲeɾt
abstinenser	ɑːpstɪnɛnsɛr
abstinente	apstinˈɛntə
abstiner	abstˈɪnər
abstinere	abstineɾ
abstinerer	obstjˈnˈiːr
abstineres	abstjniris
abstineringen	ɑːbstinərɪngin
abstinerte	abstjnirti
abstrahere	abstraːˈhɛr
abstraheres	ɑpstrɑhʲæːrʲɪs
abstrahert	ɑːbst̪ɾe̞he̞ɾt
abstraherte	opstrahirt
abstraksjonen	ˈɑbstɾakˌʃoːnən
abstrakt	ɑpˈstɾɑkt
abstrakta	abstrˈakto
abstrakte	ɑːpstrɑːktə
abstrakter	abstrˈaktər
absurdismene	absoːdˈismini
abu	ɑːbʉː
abuddin	ɑːbʉdin
abuelita	ɑːbʉ̀ɛlɪtɑː
acappellasang	akapːəlˀlasaŋ
acappellasanger	akapˈɛlˈasɑːŋər
acapulco	ɑkɑpʉlkuː
aces	ɑːs
acetylene	asetjlene
acetylet	asætjɪlæ
acheron	ˈɑːçəɾɔn
acke	ɑkːə
acker	ɑkːər
ackerman	ɑkəɾmɑn
acn	ɑːkn̩
acre	ɑːkɾə
acres	ɑːʈʂ
act	ɑːkt
actinium	akteniːum
actual	ɑkˈtʉːɑl
ada	adɑ
ada	ɑːdɑ
adal	ɑːdɑːl
adalind	ɑːdɑːlɪn
adalinds	ɑːdɑːlɪns
adaline	ɑːdɑːlɪnə
adalstein	ɑːdɑːlʃtaɪn
adam	ɑːd̥ɑm
adami	ɑːdɑmɪ
adams	ɑːdɑms
adamson	ɑːdɑmsɔn
adapter	ɑˈdɑptəɾ
addams	ɑːd̥ɑms
adderall	ˈɑːdɚɑːl
addere	ɑˈdeːɾə
addie	ɑːdɪ
addis	ɑdːɪs
addisjon	adːɪkɪoːn
addison	ɑːdɪsn̩
addy	ɑːdɪ
ade	ɑːd̥ə
adeccoligaen	aðekkoliːgɔn
adekvat	ɑdəˈkʋɑːt
adel	ɑːdə
adel	ɑːdəl
adela	ɑːdɛlə
adele	ɑːdələ
adelen	ɑːd̥ɛlən
adelig	ɑːdəlɪ
adelige	ɑːdəlɪgə
adelita	ɑːdəlɪtɑː
adelsmann	ɑːdəlsmɑn
adelsmenn	ɑːdəlsmɛn
adelsmennene	ɑːdəlsmɛnːə
adelsmerke	adəlsmərki
adgang	ɑːdˈgɑŋ
adgangskode	ɑːdgɑŋskɔːdə
adgangskort	ɑːdgɑŋskɔʈ
adgangskortet	ˈɑːdgɑŋskɔʈət
adhd	ɑːdhd
adieu	ɑːˈdiːʉ
adiós	ɑːdiɔːs
adjutant	ɑɟʉˈtɑn̪t
adjø	ɑːdʝøː
adjøss	ɑːdjɔʂ
adlyd	ɑːdlyː
adlyde	ˈɑːdlyːdə
adlyder	adlidiɾ
adlyder	ɑːɭɪːɖɐ
adlydt	ædlɪtt
adlød	ɑːdˈløː
adm	ɑːm
administrasjon	ɑːdmɪnɪstrɑːʃuːn
administrasjonen	ɑːdmɪnɪstrɑːʃuːn
administrative	ɑːdmɪnɪstrɑːtiːvə
administrator	ɑːdmɪnɪstrɑːtɔɾ
administrere	ɑdmɪnɪˈstɾeːɾə
administrere	ɑːdmɪnɪstɾeːɾə
administrerende	ˈædmɪnɪstrəɳə
admiral	admɨraːl
admiral	ɑːdmiˈɾɑːl
admiralen	ɑːdmiˈɾɑːlən
adolf	ɑːdɔlf
adolfo	ɑːdɔlfʉ
adonis	ɑːdɔnɪs
adopsjon	ɑːdɔpsɪʊn
adopsjonen	ɑːdɔpsjʊnə
adoptere	ɑːdɔpˈtɛːɾə
adopterer	ˈɑdɔptərər
adoptert	ɑːdɔptɛɾt
adoptiver	adoptivɪ
adrenalin	ɑːdrɛnɑlɪn
adrenalinet	ɑːdrɛlɑːnɪt
adrenalinkick	ɑːdrɛnːɑlɪŋkɪk
adressa	adˈɾessa
adressanten	adːrəsantˌɛn
adressanter	ad˦resˀantˢer
adressat	adrəsat
adressaten	adːɾɛsatˈan
adresse	adrɛsɐ
adresse	ɑˈdɾɛsə
adresse	ɑːdrɛsə
adressebok	adˢresəboˀk
adresseboken	ˈɑːdrɛsəbukɛn
adressen	ɑːdrɛʃn̩
adressene	adrɛsɪnɛ
adressene	ɑːdrɛsːə
adresser	adrˈɛsir
adresser	ɑːdrɛsər
adressere	ɑdɾəˈseːɾə
adressert	ɑːdrɛsɛɾt
adrian	ɑlɯmdaŋ
adrian	ɑːdɾiɑːn
adriana	ɑːdɾiːɑːnɑː
adrien	ɑːdriːən
adrienne	ɑːdɾîənə
adrup	ɑːdrʉp
adskilt	ɑːdskɪlt
adskilte	ɑːskɪltə
adso	ɑːdsʊ
advar	ɑːdʋɑːr
advare	ɑːdʋɑːɾə
advare	ˈɑːdʋɑːɾə
advarer	ɑːdʋɑːrɛɾ
advares	ɑːdʋɑːɾɛs
advarslene	ɑːvɑɾsleːnə
advarsler	ɑːvɑɾʃlɛɾ
advart	ɑːdvɑːrt
advart	ɑːvɑɾt
advarte	nɒtvaɾtɯɾ
advarte	ɑːdʋɑːɾtə
advent	advˈɛnt
adventist	advˈɛntɪst
adverb	ˈɑdʋæɾb
advokat	advokaːt
advokatbistand	ɑɳvɔkɑtbiˈstɑn
advokaten	ɑːvɔkɑːtən
advokatfirma	ɑːvʊkɑːtfiɾmɑː
advokatfirmaet	ɑɟvoˈkɑːtfɪɾmɑːɛt
advokatkontor	ɑːvɔkɑtkɔntʊr
adylin	ɑːdʏlɪn
aegon	æɪ̯gɔn
aella	æɛlə
aemon	æːmɔn
aere	æːrə
aerodynamisk	æɾɔdʏnɑmɪsk
aerosmith	æɛɾɔsmɪtʰ
aesir	ææsæɾ
aethelwulf	æːtəlʋʉlf
af	ɑːf
affair	ɑːfɛɾ
affekt	ˈɑfɛkt
affleck	ɑːflɛk
affære	ɑˈfæːɾə
affære	ˈɑːfɛːr
affæren	ɑfːæɾən
afghanere	ɑːfgɑːnəɾə
afghanerne	ɑːfˈgɑːnəɳə
afghanistan	ˈɑːfgɑːnɪˌstɑːn
afghansk	ɑfgɑnʃ
afghansk	ɑfˈgɑːnsk
afghanske	ɑfgɑnskə
afkhami	ɑːfˈkɑːmi
aforistisk	afɾistisk
africa	ɑːfɾɪkɑː
african	ɑːfɾɪkɑːn
afrika	afriˈka
afrika	ɑːfɾɪkɑː
afrika	ˈɑːfɾɪkɑ
afrikaner	ɑːfɾɪkɑːnər
afrikanere	ɑːfɾɪkɑːnəɾə
afrikanerne	ɑːfɾɪkɑːnəɳə
afrikansk	ɑːfɾɪkɑːnsk
afrikanske	ɑfɾɪkɑnskə
afrikas	ɑːfɾɪkɑːs
afro	ɑːfruː
afroamerikaner	ˈɑːfruːɑːmɛɪknɑːɾ
afroamerikansk	ˈɑːfruːɑ̀mɛɾɪkɑ̀ʂk
afrodisiakum	ɑːfɾʊdiˈsɑːkʊm
afrodite	ɑːfɔɾiːtə
aften	ɑftən
aften	ɑːftən
aftenbønn	ɑftənbøn
aftenen	ɑftən̩
aftenens	ɑftənɛns
aftenposten	aftɛnpˈɔstən
aftens	ɑːftəns
aftens	ˈɑftəns
after	ɑːfːɛr
afterski	afˈtəʃkiː
agamemnon	ɑːgɑːmɛnːɔn
agartha	ɑːgɑɾtʰɑ
agatha	ɑːgɑːtɑː
agda	ɑgdɑ
agder	ˈɑgdəɾ
agdestein	agɪdəstajn
age	æg
agee	ɑːgə
agenda	agˈɛnda
agenda	ˈægɛndə
agendaen	ˈægəndæːn
agent	ægənt
agentene	ˈægəntənə
agenter	ˈægəntər
agere	ɑˈgeːɾə
agere	ˈægəɾə
agerer	ˈægəɾər
aggie	ɑgɪ
aggresjonen	ˈɑgrɛʃuːn
aggressiv	ɑgrɛˈʃiːʋ
aggressiv	ˈɑgɾəsiːʋ
aggressivitet	ˈɑgrɛsɪvɪtɛt
aggressivt	ˈɑgrɛsɪvt
agha	ɑːgɑː
agn	ɑːɲ
agnes	ˈægn̩s
agneta	ˈɑ̀ɲnətɑ
agnete	ɑŋˈneːtə
agostino	ɑːgʊstɪnʊ
agra	ɑːgrɑː
agrippa	ɑgrɪpːɑ
agu	ɑːgʉː
agua	ɑːgʉ
aguilar	ɑːguɪlɑːr
aguirre	ɑːgɪr
agurk	agɾk
agurk	ɑˈgʉɾk
agurk	ɑːgʉɾk
agurken	ɑːgʉɾkən
agurker	ɑːgʉɾkɛɾ
agustin	ɑːgʉˈstiːn
agustín	ɑːgʉˈstɪn
ah	ɑː
aha	aha
aha	ɑːhɑː
ahab	ɑːhɑːb
ahh	ɑː
ahhh	ɑː
ahktar	ɑːkʈɑːr
ahm	ɑːm
ahmad	ɑːmhɑː
ahmadi	ɑːmɑːdi
ahmed	ɑːmhɛd
ahsoka	ɑːˈʂɔ́ːkɑ
ai	æɪ
aiamo	ɑɪɑmʊ
aida	ɑɪdɑ
aidan	ɑɪdɑn
aiden	ɑɪ̯d̥ɛn
aider	ɑɪdər
aidri	æɪ̯dɾɪ
aids	ɑɪds
aiene	ɑɪ̯nə
aigu	eˈgi
aii	aɪ
aiierede	æɪɪɛɾɛːdɛ
aiitid	ɑɪːtɪd
aiken	ɑɪkən
aileen	ɑːlɪn
aimee	ɑɪˈmeː
ain	æɪn
aina	æɪnɑ
air	æɪ̯
aires	æɪɾɛs
airport	æɪ̯ɾpɔɾt
airways	æɪɾʋæɪs
aisha	æɪʃə
ait	ɑɪt
aitså	æɪ̯tʂoː
aivoriig	æɪ̯vɔɾiːg
aj	aɪ
aj	æːj
ajar	ɑːɾ
ajax	ɑːjɑːʃ
ak	ɑːk
ak-47	ɑːkfɔːrtɾɑːtsɛɪ̯v
ak-ene	ɑːkəˈnə
aka	ɑːkɑ
akademi	akadɑmɪ
akademia	akadɛmɪjɑ
akademiet	ɑːkɑːˈdeːmɪət
akademiker	ɑːkɑːdɛmɪkɛr
akademikere	ɑːkɑːdemiːkʰɛːɾə
akan	ɑːkɑn
akbar	ɑkˈbɑːr
ake	ˈɑːkə
akebrett	ˈɑːkəbɾət
aker	ɑːkɛr
aker	ˈɑːkəɾ
aki	ɑːkɪ
akilles	ɑkɪlːɛs
akilleshæl	ɑkɪlːɛshæːl
aking	akːiŋ
akio	ɑːkɪuː
akk	ɑk
akkar	əkːər
akklimatisere	ɑklɪmɑtɪˈsɛɾə
akkord	ɑkˈkɔɖ
akkumulere	ɑkʉmʉˈleːɾə
akkurat	ɑkkuˈɾɑt
akkuratt	ɑkkuˈrɑt
akmal	ɑk'mɑl
ako	ɑːkʊ
akrobat	ɑkruˈbɑt
akron	ɑkrɔn
akse	ɑːksə
aksel	ɑkˈsɛl
akselen	ɑːkˈʃeːlən
akseleratoren	ɑkˈsɛləɾuːtɔɳ
akselerere	akkeˈlˈɛre
aksemaktene	æksɛmaktˢne
aksent	ɑkˈsɛnt
aksenten	ˈɑkʃɛntn̩
aksenter	ɑːkˈsɛntəɾ
akseptabel	ɑksəpˈtɑːbəl
akseptabel	ɑkʂpɛtɑbəl
akseptabelt	ɑkʃpɛtɑbɛlt
aksepter	ˈɑksɛptər
aksepterer	ˈɑksəptəɾə
aksepteres	ˈɑksəptəɾəs
akseptert	ˈɑksɛptəɾt
aksje	ɑkʂə
aksje	ˈɑkʂə
aksjeeierne	ɑːkʂɛɪːɛɾnə
aksjekursen	ˈɑkʃəˌkʉʂən
aksjemajoriteten	ˈɑkʂəmajɔrɪˌtɛːn
aksjemarkedet	ɑkʂjəˈmɑɾkədeːt
aksjemegler	ɑːʂjəmeːgləɾ
aksjen	ɑːʂjən
aksjene	ɑkʂjənə
aksjer	ɑːʂjər
aksjeselskap	ɑːkʂɛ̀lsʰkɑːp
aksjonen	akˈʃuˈnɯn
aksjonen	ɑːkʂuːn̩
aksjonsstyrken	ɑːkʂuːnsstyːɾkən
aksjonærene	ɑːkˈʂuːnæːɾn̩
aksla	akʃla
aksler	akʃlɛr
akt	akt
akt	ɑkt
akt	ɑːkt
akt	ˈakt
akta	akta
aktbilde	ˈɑktbɪldə
akte	ˈɑktə
aktede	ɑːkˈtæːd̥ə
aktelse	ɑːktɛlsə
akten	ɑːktən
akten	ˈaktən
akter	aktˈɛr
akter	ɑkˈtɛr
akterut	ɑkˈtɛɾʉt
aktet	ɑːkˈtɛ
aktiv	ˈɑktɪʋ
aktiva	ɑːkˈtiːʋɑ
aktive	aktiːv
aktiver	ɑːkˈtiːvər
aktiveres	ɑːktɪˈʋeːɾəs
aktivert	ˈɑːktɪvəɾt
aktiverte	ɑːktɪˈʋeːɾtə
aktiviser	ˈɑːktiʋiːsər
aktivist	ɑkˈtɪvɪst
aktivitet	ˈɑːktɪvɪt
aktiviteten	ˈɑːktɪvɪtən
aktivitetene	aktivitˈeːtna
aktivitetene	ˈɑːktɪvɪtəɳə
aktiviteter	aktiːvjteːtər
aktiviteter	ɑktiviːtɛɾ
aktivt	aktivt
aktivum	ɑkˈtɪvʉm
aktor	ɑːktʊɾ
aktoratet	ɑːktɔrɑtɛ
aktoren	ɑkˈtɔɳə
aktorer	ɑːktʊrɛɾ
aktors	ɑːktɔʂ
aktre	ɑːkˈtrə
aktsom	ˈɑktsɔm
aktuell	ɑktʉɛl
aktuell	ɑktʉˈɛl
aktuelle	ɑktɵlɛː
aktør	ɑːktøːr
aktørene	ɑːktøːrənə
akupunktur	ɑːkʉpʉŋktʉr
akuratt	ɑːkʉˈrɑt
akustisk	ɑˈkʉstɪsk
akutt	ɑˈkʉt
akutte	ɑˈkʉtːə
akutten	ɑˈkʉtːən
akuttlege	ɑˈkʉtləgə
akuttmottak	ɑkʉtːmɔtɑk
akuttmottaket	ɑˈkʉtːmɔtˌkɛt
akvakultur	akvakʉltˈur
akvarell	ɑkʋɑˈɾɛl
akvarellmaling	ɑkʋɑˈɾɛlmɑːlɪŋ
akvarier	akvarjak
akvariet	akvariet
akvariet	ɑkʋɑriːə
akvarium	ɑkʋɑriʉm
akvedukten	ɑːkʋeːdʉktn̩
al	ɑːl
al-awlaki	ɑːlɑːwɑːkɪ
al-fayeed	ælfɑɪːd
al-harazi	ɑːlhaɾɑːziː
al-jahwar	ɑːljɑːvɑːr
al-qaeda	ɑːlqɛːdɑː
al-qaida	ɑːlqɑɪːdɑ
al-sakar	ɑːlsɑːkɑːr
ala	ɑːlɑ
alabama	ɑːlɑːbɑːmə
alabast	ʔalaːbas
aladdin	ɑːlɑːdɪn
aladeen	ɑːlɑːdeːn
alaikum	ɑːlɑɪkʉm
alain	ɑːlɑɪn
alakay	ɑːlɑkɑɪ
alameda	ɑːlɑːmɛːdɑː
alamo	ɑːlɑːmuː
alan	ɑːlɑn
alana	ɑːˈlɑːnə
alans	ɑːlɑns
alarm	ɑlɑɾɯm
alarm	ɑːlɑːrm
alarmberedskap	ɑːlɑɾmˈbæɾɛskɑp
alarmen	ɑːlɑɾmən
alarmene	alarmene
alarmene	ɑːlɑɾmənə
alarmer	alaɾme
alarmer	ɑːlɑːmɛr
alarmerende	ɑlɑɾˈmeːɾənə
alarmerende	ɑːlɑːmɛɾɛndə
alarmsentralen	ɑːlɑɾmsɛntɾɑln̩
alarmsystem	ɑˈlɑɾmsʏsteːm
alarmsystemet	ɑːlɑɾmʏsɪtmɛt
alaska	alaska
alaska	ɑlɑska
alaskas	ɑːlɑskɑs
alastair	ɑːlɑːstɑɪr
alba	ɑlˈbɑ
albanerne	ɑlbɑnɛrnə
albania	albɑmjɑ
albania	ɑːlbaːnɪɑː
albansk	ˈɑlbɑnsk
albanske	ɑlbɑnskə
albatross	ɑːlbɑːtrɔs
albert	ɑːlbɛɾt
alberta	ælˈbɛɾtɑ
alberto	ælˈbɛɾtə
alberts	ɑːlbɛʈs
albin	ɑːlbiːn
albino	ˈɑːlbɪnʊ
albinoen	ɑlbiːnʊən
albion	ælbɪɔn
albrecht	ɑːlbrɛçt
albright	ælˈbrɑɪt
albu	ɑlbɯ̞
albue	ˈɑlbʉ
albuen	ɑːlbuːən
albuene	ɑlːbʉːnə
albuer	ɑlbʉːr
albuerom	ɑlbʉːrɔm
album	ælpʉm
albumet	ɑlbʉmət
albus	ɑːlbuːs
alcatraz	ɑːlkɑːtɾɑːs
alchemy	ælˈkɪmi
alcott	ælˈkɔt
aldeles	ɑːldəˈleːs
alden	ɑːldən
aldens	ɑːldəns
alder	ɑːldər
alder	ˈɑldəɾ
alderdom	ɑːldɛɾdɔm
alderdommen	ɑːldɛɾdɔmən
alderen	ɑːldəɾən
alderman	ɑːldɛɾmɑn
aldersforskjellen	ɑːldɛʂfɔʂkjeːln̩
aldersgrense	ɑːlɖɛʂnɛsː
aldertree	ɑːldæɾtɾeː
aldo	ɑːldʊ
aldra	altɾa
aldre	ɑːɭdɾə
aldrende	ɑːlˈdɾɛnə
aldrende	ˈɑldɾənə
aldres	ɑːlɳɛs
aldri	ˈɑldɾɪ
aldrich	ɑːlˈdrɪkʰ
aldrig	ɑːlˈdrɪː
aldrin	ɑːlˈdrɪn
aldring	ɑːldrɪŋ
ale	ɑːlɛ
alec	ɑːlɛk
aleikum	ɑːlɛɪkʉm
aleine	ɑːˈlæɪ̯nə
aleister	ɑːˈlæɪ̯stər
alejandro	ɑːlæɪˈɛndɾo
aleksander	ɑːlɛksɑːnɛɾ
aleksandre	ɑːlɛksɑndɾə
alen	ɑːlən
alene	ɑleːnə
alene	ɑːˈleːnə
alenemor	ɑːlənəˈmʊɾ
alenetid	ɑːlənɛtɪt
alessa	ɑːˈlɛsːə
alessandra	ɑːlɛsɑːndɾɑː
alessandro	ɑːlɛsɑːdɾɔ
alex	ɑːlɛks
alexa	ɑːˈlɛksɑ
alexander	alɛksɔndr
alexandre	ɑːlɛˈʃɑːnɖɾə
alf	ælf
alfa	ælfɑ
alfa-kvadranten	ælfɑkʋɑdrɑntn̩
alfabet	ælfabɛt
alfabetet	ɑlfabɛtɛ
alfabetisk	ɑlfabɛtɪsk
alfaen	ɑlfɑːn
alfaer	ælfɑːr
alfalfa	ɑlfɑlfɑ
alfhild	ælfhɪl
alfie	ælfɪ
alfons	ælfɔns
alfonso	ˈɑlfɔnsʊ
alfred	ælfɾɛ
alge	æɫgæ
algene	ɑɫgʲɪnæ
alger	ælgər
algerie	ælgəˈɾiː
algernon	ælgɛɳɔn
algie	ɑːlgiː
algoritme	ɑlgɔrɪtmə
algoritmen	ɑːlgɔrɪtmɛn
algoritmer	ɑːlgɔɾɪtmɛɾ
ali	ɑːlɪ
alias	ɑːlɪɑːs
alibi	ɑɫɯbi
alibi	ɑːlɪbɪ
alibiet	ɑːlɪˈbɪət
alice	ɑːlɪsə
alices	ɑlɪts
alicia	palikia
alie	ɑːˈliː
alien	ɑːlɪən
aliens	ɑːlɪəns
alikevel	ɑːlɪkəʋɛl
alim	ɑlɪm
alis	ɑːlɪs
alisa	ɑːlɪsɑː
alisha	ɑːlɪʃɑː
alisons	ɑːlɪˈsɔns
alissa	ɑlɪsɑ
alistair	ɑːlɪˈstɑɪɚ
alive	ɑːlɪʋə
alkohol	ɑlkɑkuːl
alkoholen	ɑlkɔhuːlɛn
alkoholfri	alkoholfrɪ
alkoholfri	ɑlkuˈhɔlfɾɪ
alkoholfritt	ɑlkʊˈhuːlfɾɪt
alkoholholdig	alkuhuːlhɔ̙ldɪ̞
alkoholiker	ɑːlkuːhɔlɪkɛɾ
alkoholikere	ɑlkuɔɔlɪkɛɾɛ
alkoholisert	ɑlkoˈhuliːʂt
alkoholisme	ɑlkuˈhɔlɪsmə
alkoholproblem	ɑːlkuːˈhɔːlprɔblɛm
alkoholproblemer	ɑlkɔˈhɔlpruːmlə
alkymisten	ælkyˈmistn̩
all	ɑːɭ
alla	ɑlːɑ
allahs	ɑlɑʰs
allahu	ɑlːɑhuː
allan	ɑlːɑn
alle	ɑlːə
alleer	alɛːr
allefall	ɑːlɛfɑːl
allegra	ɑlːɛgrɑ
allehelgensaften	ɑːləhɛlgənsɑftən
allen	ɑːlːən
allens	ɑlːəns
aller	ɑlːər
allerdyce	ɑːlɛɾdɪs
allerede	ɑləˈɾeːdə
allerede	ɑːlɛɾɛ
allergi	ɑlːɛgi
allergier	ɑlːɛɾgɪɛɾ
allergiker	allɑɾgiˈkɪɾ
allergisk	ɑlːɛɾɪsk
allergisk	ɑˈlæɾgɪsk
allergiske	ɑlːɛɾɪskə
alles	ɑlːɛs
alley	ælːɪ
allfarvei	ɑːlˈfɑːɾəɪ
allianse	ɑlːɪɑnsə
alliansen	ɑlːɪˈɑ̀n̥sən
allianser	ɑlːɪˈɑ̀nːsər
allie	ɑɭːɪ
alliere	ɑlɪˈeːɾə
alliere	ɑlɪˈɛːɾə
alliert	ɑlɪɛːɾ
allierte	ɑlːɪɛ̯tə
alliertes	ɑlɪɛːɾtɛs
alligator	alligatʊɾ
alligator	ɑlɪˈgɑtɔr
alligatoren	ɑlɪgɑtɔɾɛn
alligatorene	ɑlɪgɑtɔɾənə
alligatorer	ɑlɪgɑtɔrɛr
allikevel	ɑlːɪkəʋɛl
allinol	ɑlːɪˈnɔl
alliser	ɑlːɪsɛr
allison	ɑlɪˈʂʊn
allmektig	ɑlˈmæktɪ
allmektige	ɑlˈmeːktɪgə
allmenn	ɑːlˈmɛn
allmenn	ˈɑlmən
allmenne	ɑlːˈmɛnːə
allmennheten	ɑːlˈmɛnːhɛtən
allmennhetens	ɑlːmɛnːhɛtəns
allment	olment
allment	ɑɭːmɛnt
allo	ɑːlʊ
allright	ɑːlˈrɑɪt
allsidig	ɑlːsɪdɪ
allslags	ɑːlslɑgs
allt	ɑːɭ̥t
alltid	ˈɑlti
alltid	ˈɑltɪd
allting	ɑːɭːɪŋ
allverden	ɑːlˈvɛːɳ
allverdens	ɑːlˈvæːɳs
allvitende	ɑːlˈʋiːtənə
allyson	ɑːlɪsn̩
alm	ɑːlm
alma	ɑːlma
almeida	ælmɛɪ̯dɑ
almen	ɑlmɯn
almer	ɑɫneɾ
alminnelig	ɑːlˈmɪnəlɪ
alminnelige	ɑːlˈmɪnːəlɪgə
almisser	ɑːlˈmɪsər
almås	almov
alnabru	alnˈɑːbrʉ
alomet	ɑːlɔmɛt
alone	ɑːlʊnə
along	ælɔŋ
alonso	ɑːlɔnsuː
alonzo	ɑːlɔnsoː
aloysius	ɑːlɔɪsɪʏs
alpakka	ɑɫpɑˈkɯ
alpakka	ɑːlpɑkːɑ
alpene	ɑːlpɛnə
alpha	ɑlfə
alphonse	ɑlfɔnsə
alpin	ɑlˈpiːn
alpinist	ælpenist
alpint	alpint
alreit	ɑːlˈrɛɪ̯t
alt	alt̪
alt	ɑlt
alt	ɑːlt
alta	altɑ
altanen	ɑːlˈtɑːnən
alter	ɑltər
alter	ɑltəɾ
alter	ɑltɪ̞r
alteranerne	ɑltəɾɑnəɳə
alteret	ɑltəɾɛt
altergutt	ɑltɛɾgʉt
alternativ	ɑltəɳtiːv
alternativ	ɑlˈtæɳɑtiːʋ
alternative	ɑltɛɳɑtiːv
alternativene	ɑltəɳtiːvəneː
alternativer	altɛrnaːtivə
alternativer	ɑltəɳɑtiːvər
alternativet	ɑltəɳtiːvɛt
alters	ɑːltɛʂ
altfor	ɑːltfɔːr
altibox	alt̪iβ̞oks
altjeg	ɑltjɛg
altman	ɑltmɑn
altmann	ɑltmɑn
altmuligmann	ɑltmʉlɪgmɑn
alton	ɑːltɔn
altså	ɑːltsɔ
altså	ˈɑltsɔ
aluminium	ɑluːmɪnɪʏm
alv	ɑːlv
alv	ˈalf
alva	ɑːlʋɑ
alvar	ɑːlvɑːr
alvarado	ɑːlʋɑːɾɑːdʊ
alvarez	ɑlˈvɑɾɛs
alvdal	ɑɫbɯtɑːl
alven	ælvən
alvene	ɑːlˈʋeːnə
alver	ælvɛr
alvin	ɑːlʋɪn
alvis	ɑːlʋɪs
alvor	ɑːlvʊɾ
alvoret	ɑːlvʊɾət
alvorlig	ɑlˈʋoːɭɪ
alvorlig	ɑːlvʊɾliː
alvorlige	ɑːlvʊɾɪgə
alvorligere	ɑlˈʋoːɭɪɾə
alvorligere	ɑːlvʊɾɪgɛɾ
alvorligst	alvoːlˈɪkst
alvorligst	ɑlˈʋoːɭɪkst
alvorligste	ɑːlvʊɾlɪçstɛ
alvy	ælvɪ
always	ɑːlwɑɪs
alyssa	ɑːlʏsːɑ
alzheimer	æltsɪˈmeɪɾ
amabella	ɑmɑbɛlːɑ
amadeu	ɑːmɑːˈdeʉ
amadeus	ɑːmɑːˈdeʉs
amado	ɑːmɑːdʊ
amager	ɑːˈmɑːgər
amahl	ɑːˈmɑːl
amal	ɑːmɑːl
amalie	ɑːmɑːliː
amanda	ɑmɑnda
amanda	ɑːmɑnːdɑ
amandas	ɑmɑndɑs
amar	ɑːmɑr
amarillo	ɑːmɑɾiʝoː
amaru	ɑːmɑːrʉ
amato	ɑːmɑːtʊ
amatør	ɑmɑˈtøːr
amatører	ɑmɑˈtøːrər
amatørmessig	ɑmˈtøːɾməsɪ
amatørmessig	ɑːmɑːtøːɾmɛsɪ
amatørmessige	ɑmˈtøːɾməsɪə
amatørmessigere	ɑmˈtøːɾməsɪɾə
amatørmessigst	ɑmˈtøːɾməsɪkst
amaunet	ɑːmɑːnə
amaya	ɑːˈmɑːjɑ
amazing	ɑːmɑːzɪŋ
amazonas	amasuːnas
amazonas	ɑmɑˈzɔnɑs
ambassade	æmˈbɑsɑ
ambassade	ɑmbɑsɑːdə
ambassaden	ambasˈadɛn
ambassaden	æmˈbɑsɑd̥n̩
ambassadens	ɑmbɑsɑdn̩
ambassador	æmbɑsɑdʃɑːr
ambassadøren	ɑmbɑˈʃɑːdøːɾən
ambassadørene	ɑmbɑʃɑˈdøːɾə
ambassadørens	ɑmbɑʃɑˈdøːɾən
ambassadører	æmbɑsɑdøːɾər
amber	æmːər
ambien	æmˈbiːən
ambisiøs	ambisioz
ambisiøs	ɑmbɪsɪˈøːs
ambisiøse	æmbiʃi̯øːsə
ambisjonene	æmbiʃuːnənə
amblève	æmˈblɛːvə
ambolten	æmˈbɔltn̩
ambrose	æmˈbrʊs
ambrosia	æmˈbrʊʃiːə
ambulanse	æmbulɑnsə
ambulansefolkene	æmbulɑnsfœklə
ambulansen	æmbulɑsn̩
ambulanser	ɑmbʉ̀ːlɑnsər
amelia	ɑmɛˈliːə
amelie	aməli
amelie	ɑːˈmeːli
amen	ɑːmən
american	æməˈɾɪkɑn
americano	æmɪˈɾeːmo
amerika	ameriko
amerika	æmɪkɾɑ
amerikaner	ameɾikˈɑnɛr
amerikaner	æməɾɪkæɳɑː
amerikanere	ameriːkanre
amerikanere	æmɛɾɪkɑːnəɾə
amerikaneren	æməɾɪkɑːnəɾən
amerikanerne	æməɾɪkɑːnɛɳə
amerikanernes	æməɾɪkɑːnəɳɐs
amerikansk	æməɾɪkɑʂk
amerikansk	ɑməɾɪˈkɑːnsk
amerikansk-canadisk	ɑməɾɪkɑːnskɑnɑːdɪsk
amerikanske	æməɾɪkɑnskə
amerikas	æməˈɾɪkɑs
ames	æːmɛs
ametyst	ɑmɑtʏst
amfetamin	omfatˈmiːn
amfetamin	æmfɛtɑmɪn
amfibier	amfibeir
ami	ɑːmɪ
amico	ɑmɪkʊ
amigos	ˈæmɪgɔs
amin	ɑmɪn
amina	ɑːmɪnɑː
aminosyre	amiːjnɔsɪre
aminosyrer	ɑːmɪnʊˈʃʏːr
amir	ɑːmɪr
amira	amiːɾa
amit	ɑːmɪt
amity	ɑːmɪtʏ
amman	ɑmːn
amme	ɑmːə
amme	ˈɑmə
ammen	ɑmːən
ammer	amːər
ammer	ɑ̀mːər
ammet	amˈøːt
ammet	ɑmːət
amming	æmɪŋ
ammo	æmʊ
ammoniakk	ɑmʊˈnɪɑk
ammunisjon	ɑmʉˈnɪʃuːn
amnesti	ɑːmˈnɛsti
amnesty	ɑmˈnesti
amok	ɑːmɔk
amon-ra	ɑːˈmuːnˌɾɑː
amor	ɑːmʊr
amore	ɑˈmuːɾə
amors	ɑːmɔʂ
amorøs	amɔɾɵs
amos	ɑːmɔs
amp	æmp
amper	ˈɑmpəɾ
ampulle	æmˈpʉlə
ampuller	æmˈpʉlːər
amputasjon	ɑmpʉ̀ːtɑʃuːn
amputere	ɑmpʉˈteːɾə
amputere	ɑmpʉ̀ːtəɾə
amputert	ɑmpʉˈtøːʈ
amsterdam	æmˈstræmdn
amt	ɑmt
amulett	ɑːmʉˈlɛt
amuletten	ɑːmʉˈlɛt̪n̩
amvel	æmˈʋæɭ
amworks	æmwɔrks
amys	ɑːmʏs
amélie	ɑːmɛˈliː
amøbe	ɑːˈmøːbə
an	ɑːn
an-	ɑn
an5	ɑːn
ana	ɑːnɑ
anabole	ˈɑːnɑːbuːlə
anabolisme	anapulismf
anaconda	ɑnɑˈkɔndɑ
anafylaktisk	ˈɑːnɑːfylɑkˌtɪsk
anagram	ɑːnɑːgrɑːm
anakin	ˈɑːnɑkɪn
anal	ɑːnɑːl
analfabet	ɑːnɑːlfɑːbɛt
analog	ɑnɑˈloːg
analogien	ˈɑːnəlɔgɪən
analogisk	analogisk
analt	ɑnɑlt
analyse	ˈɑːnɑlʏs
analysen	ˈɑːnɑˌlʏsən
analysene	ɑnɑˈlysənə
analyser	ɑnɑˈlʏːsɛr
analysere	ɑnɑlʏˈseːɾə
analysere	ɑnɑˈlʏsəɾə
analyserer	ɑnɑˈlʏsərər
analyseres	ɑnɑˈlʏsəɾəs
analyserte	ˈɑːnɑˌlʏsəɾtə
analytikere	ˈɑːnɑːlʏtɪkəɾə
analytikeren	ɑnɑˈlʏtɪkəɾən
analytikerne	ˈɑːnɑːlʏtɪkəɳə
analytisk	ɑnɑˈlyːtɪsk
ananas	ɑmnɑnas
ananas	ɑːnɑːnɑːs
ananas	ˈɑnɑnɑs
ananasen	ananaːsen
anand	ɑːnɑːn
anarki	ɑmɑːrki
anarki	ɑnɑrki
anarkist	ɑːnɑɾkɪst
anarkistens	ˈɑːnɑɾkɪstəns
anarkister	ˈɑːnɑɾkɪstəɾ
anarkistisk	ɑnɑɾˈkɪstɪsk
anas	ˈɑːnɑs
anastasia	ɑnɑstɑsɪɑ
anatomi	anɑtomi
anatomi	ˈɑnətɔmɪ
anatomisk	ɑnɑtɔmɪsk
anbefale	ˈɑnbəfɑːlə
anbefalingen	ˈæmbəfæːlɪŋən
anbefalingsbrev	ˈɑːnbɛfalɪŋsbreːʋ
anbefalt	ˈæmbəlɭ̩t
anbefalte	anbəfaltˈɐ
anbrakt	ɑːnˈbrɑːkt
anbringe	anbrɪ̞ŋe
anbud	ɑːnbʉː
anchorage	æŋkɔɾɪʃ
anck-su-namun	æŋksʉˈnɑmʉn
and	ɑn
anda	ɑnda
andalusisk	andalusisk
andebu	annəbu
andeby	ɑmnɑbi
andektig	ɑnˈdɛktɪ
andektige	ɑnˈdɛktɪə
andektigere	ɑnˈdɛktɪɾə
andel	ɑːnːdəl
andelen	ɑnːdələn
andeler	ɑnˈdæːləɾ
anden	ɑnːən
anderl	ɑːnɖɛɭ
anders	ɑnːdɛʂ
andersen	ænˈdɛʂn̩
anderson	ænˈdɛʂn̩
andersons	ɑnːɖɛɾsɔn
anderton	ɑːnˈdæʈn̩
andie	ɑnːɪ
ando	ɑːn̪d̪uː
andover	ˈɑ̀nːdʊvər
andpusten	ɑːndpʉstən
andpusten	ˈɑnpʉstən
andre	ɑndɾə
andre	ɑːnˈdrə
andrea	ãn̪d̪ɾea
andreas	andrˈeas
andreas	andrˈɛ
andreas	ɑnˈdɾeːɑs
andreas	ɑːnˈdrɑːs
andrei	ɑːnˈdɾæɪ
andrej	ɑːnˈdræɪ
andremann	ɑndɾəman
andreplass	ɑːndɾəplɑs
andreplassen	ɑːndɾəplɑsːən
andres	ɑndɾɛs
andresen	ɑnˈdrɛsn̩
andrevalg	ɑndɾəvalg
andrevalget	ɑndɾəˈvɑlgət
andrew	ɑːnɖɾʉː
andrews	ɑːnɖɾʉːs
andreåret	ɑndɾəɛːɾ
andri	ɑnːɖɾɪ
andrik	anˈdɾɪk
andrine	ændriːnæ
android	ɑːndrɔɪt
andronicus	ɑndrɔnikʉs
andropov	ɑnːdrɔpɔʋ
andy	ɑːnɪ
ane	ɑn
ane	ɑːnə
ane	ˈɑːnə
aneela	ɑːnɛːlə
anekdote	ɑnɛkˈduːtə
anelse	ɑːmɛlse
anelse	ˈɑːnəlsə
anelser	ˈɑːnəlsər
anemi	ˈɑːnəmi
anerkjenne	ˈɑnæɾçɛnə
anerkjennelse	ˈɑːnəɾçɛnəlsə
anerkjent	ˈæːnəɾçɛnt
anestesi	omest̪esi
anestesilege	anɪstəsilɛgə
anette	ˈɑːnɛtə
aneurisme	ˈæːnʉːrɪsmə
anfall	ɑnˈfɑɭ
anfallene	ˈɑnfɑlənə
anfallet	ɑːnˈfɑlət
anført	ɑːnˈfœʈ
ang	æŋ
anga	ɑŋgɑ
angaende	ɑŋɑɛndə
angav	æŋgɑv
ange	ɑŋə
angela	angela
angela	æŋgəla
angeles-politiet	ˈæŋːəlɛspɔlɪˌtɪː
angelica	ˈɑŋːəlɪkɑ
angelika	ˈɑŋgəlɪkɑ
angelina	ˈɑŋgəlɪnə
angelique	æŋgəlɪk
angell	əngəl
angelo	æŋgɛloː
anger	æŋgɛr
angeren	ˈɑŋːrən
angharad	æŋgɑˈɾɑːd
angi	æŋɪ
angi	ˈɑnjiː
angier	æŋɪər
angies	æŋgɪs
angir	ɑŋɪr
angitt	ɑŋɪt
angivelig	ɑnˈjiːʋəlɪ
angiveligere	ɑnˈjiːʋəlɪɾə
angiver	ˈɑŋɪvər
angola	æŋgʊla
angor	æŋgɔr
angre	æŋgrə
angre	ˈɑŋɾə
angrep	æŋgɾæp
angrepene	æŋgɾeːpə
angrepet	angrɛpːɛ
angrepet	æŋgɾɛpət
angrer	æŋgɾɛː
angret	æŋrɛt
angrip	æŋgɾɪp
angripe	æŋgɾɪpə
angripe	ˈɑngɾiːpə
angriper	æŋgɾɪpɛɾ
angripere	æŋgɾɪpɛɾɛ
angriperen	ˈæŋgɾɪːpəɾən
angripes	æŋgɾɪpəs
angst	aŋst
angst	ɑŋst
angstanfall	æŋkstɑnfal
angstdempende	ˈæŋstdɛmpɛndə
angsten	ˈɑŋstn̩
angstskrik	aŋstsɾiːk
angstskrik	æŋstskrik
angå	aŋgo
angå	ɑŋgoː
angå	ˈɑngoː
anhold	ɑːnhɔɭ
anholde	ɑːnhɔ́ːlə
anholde	ˈɑnhɔlə
anholdelse	ɑːnhɔ̀ːldəlsə
anholdelsen	ɑːnhʊlˈdælsn̩
anholder	ɑːnhɔ́lder
anholdes	ɑːnhɔ́ldəs
anholdt	ɑːnhɔld̥
ani	ɑːnɪ
anika	ˈaːnɪkɑ
animal	ˈɑːnɪmɑːl
aniser	anlisɯr
anissa	ˈɑnɪsɑ
anita	ˈɑːnɪtɑ
anja	ɑnjɑ
anjin-san	ɑːɲɪnsɑːn
ankara	ɑlkæɾæ
ankara	ɑŋkɑɾɑ
anke	æŋkə
anke	ˈɑŋkə
ankedomstolen	ˈɑ̀ŋkədʊmstʉːlən
ankel	æŋkəl
ankel	ɑnkɪl
ankel	ˈɑŋkəl
ankelen	æŋkələn
ankelskade	ankɪlskadɑ
anken	æŋkən
anker	ankiɾ
anker	ˈɑŋkəɾ
ankeret	æŋkəɾət
ankesak	aŋkisaːk
anket	æŋkət
anket	ɑŋkeːt
anklagd	æŋkɭɑgː
anklage	ɑŋklaːgə
anklage	ˈɑŋklɑːgə
anklagede	æŋkɭɑːgədə
anklagelser	ˈɑ̀ŋklagəlsər
anklagene	æŋkɭɑːgnə
anklageren	ɑŋkɭɑɾən
anklages	ˈɑŋklagəs
anklene	æŋklən
ankler	ænklæʃ
ankler	æŋklə
ankom	ɑŋkɔm
ankomme	ɑŋkɔmə
ankomme	ˈɑŋkɔmə
ankommer	ɑŋkʊmər
ankommet	ænkɔmɛt
ankommet	ɑŋkɔmːət
ankomst	æˈmkɔmst
ankomst	ɑŋkɔmst
ankomsten	ankɔmstɛn
ankomsten	ɑŋkɔmstɛn
ankomstene	aŋkʊ̞mʊ̞stnə
ankomster	aŋkomstɯr
ankre	ankrˈe
ankre	ˈɑŋkəɾə
anla	ɑːnlə
anledning	ˈɑːnlɛdnɪŋ
anledningen	ˈɑːnlɛdɪŋən
anledninger	ɑːnˈlɛdnɪŋər
anlegg	ɑːnlɛg
anlegge	ˈɑːnlɛgə
anleggene	ˈɑːnlegːə
anlegger	ɑːnˈlɛgər
anlegget	ˈɑːnlɛgət
anliggender	ɑːnˈlɪŋənɖər
anmarsj	ɑːnˈmɑrʃ
anmeld	ˈɑːnmɛɭ
anmelde	anmˈɛlə
anmelde	ˈɑnmɛlə
anmelde	ˈɑːmmɛɭdə
anmeldelsen	ˈɑːmːɛldəlsn̩
anmeldelser	ˈɑːmlɛɖəlsɐ
anmeldt	ˈɑːmlɛlt
anmeldte	anmˈɛltˈə
anmerkning	ˈɑːnmæɾknɪŋ
anmoda	anmulda
anmode	ɑnmuɫdɯ
anmode	ˈɑnmuːdə
anmoder	anmuldi
anmodningen	ˈɑːnmɔtɲɪŋən
ann	æn
anna	anla
anna	anna
anna	ɑnːə
annabel	ˈɑnːəbɛl
annabelle	ɑnɑbɛl
annabeth	ˈɑnːəbɛt
annalise	ˈɑnːalɪsə
annapolis	ˈɑnːnɑpɔlɪs
annas	ɑnːɑ
anne	ɑnːə
anneks	ˈɑnːks
annekset	ˈɑnːkʃɛt
anneksjon	ˈɑnːɛksjʊn
annektering	anəktˈɛrɪŋ
anneli	ˈɑnːəli
annen	ɑnːn̩
annen	ˈɑnən
annenhver	ɑnːənɛʋər
annenrangs	ɑnːnɛrɑŋs
annens	ɑnːn̩s
anneriedes	ˈɑːnəɾiːdəs
annerledes	ˈɑnːərleːs
annes	ɑnːs
annet	ænːət
annethvert	ˈɑnːəɖʋæɾt
annett	ˈɑnːət
annette	ˈɑnːɛtə
anni	ɑnːɪ
annie	ɑnːɪ
annies	ˈanɪs
annika	anika
annika	annɪkːa
annika	ˈɑnːɪkɑ
anno	anˈo
annonse	ɑnɔnsə
annonsene	ˈɑnːʊnːsənə
annonsere	ˈɑnːʊnˌseːʁə
annonserte	ɑnːʊnˈsæɾtə
anns	ɑnːs
annullere	anˈʉləərə
annullere	ɑnʉlɛɾɛ
annullerer	ɑnʉlɛrɛ
annullering	ɑnʉlɪɾɪŋ
annullert	ɑnʉˈlɛɾt
anomali	ˈɑːnɔmɑːlɪ
anonym	ɑnʊˈnyːm
anonymitet	ˈɑːnɔmɪtɛt
anorakk	ɑnʊˈɾɑk
anorakkene	anurakːɪnɐ
anorakker	anːoɾokˈer
anordning	ˈɑːnɔɾdnɪŋ
anordningen	ɑːnɔɾdnɪŋ
anrop	anrˈɔp
anrop	ɑːnruːp
anropa	anrˈɔpa
anroper	ˈɑːnrʊpər
anropet	ˈɑːnrʊpət
ansar	ɑnˈsɑr
ansatt	ˈɑnsɑt
ansatte	ɑnˈstɑtə
ansattes	ˈɑ̀nstɑtəs
anse	ɑmse
anse	ˈɑnseː
anse	ˈɑnsə
anseelse	ˈɑ̀nsəlsə
anselig	ɑnˈseːlɪ
anselig	ˈɑnːsəlɪ
anseligere	ɑnˈseːlɪɾə
anselmo	ˈɑnsəlmuː
anser	ˈɑ̀nsər
anses	ˈansəs
ansett	ɑnsat
ansett	ˈɑnsɛt
ansette	ˈɑnsɛtə
ansettelse	ˈɑnːsɛtəlsə
ansettelsen	ansˌɛtəlsən
ansettelsen	ˈɑnːsɛtəlsn̩
ansetter	ˈansˌɛtːə
ansetter	ˈɑnsɛttər
ansgar	ɑ̀nʃgɑr
ansikt	ˈɑnsɪkt
ansiktene	ˈɑ̀nːsɪktnə
ansikter	ansɪktɪːr
ansikter	ˈɑnːsɪktər
ansiktet	ansˈiktə
ansiktet	ˈɑnsɪktə
ansikts	ˈɑnsɪkts
ansiktsbehandling	ˈɑ̀nsɪktsbæ̀n̪dlɪŋ
ansiktsgjenkjenning	ˈɑ̀nːsɪktsjɛŋkjenɪŋ
ansiktsløftning	ˈɑnːsɪktsløftnɪŋ
ansiktsløse	ˈɑnːsɪktsløːsə
ansiktsuttrykk	ˈɑnːsɪktsʉtʁʏk
ansiktsuttrykket	ˈɑnːsɪktsʉtʁʏkːə
ansjos	anʃoːs
ansjos	ɑnʂɔʂ
ansjosen	anˈʃˈoːsən
ansjoser	anʃoːsər
anskaffe	ˈɑnskɑfə
anskaffe	ˈɑ̀nskɑfə
anskaffet	ˈɑ̀nskɑfət
anslag	ɑːnˈslɑːg
anslo	anʃlˈuː
anslå	anʃlo
anslå	ɑnːsloː
anslå	ˈɑnʂɭoː
anslått	ɑnˈslɔt
ansnes	anˈsnəs
anson	ɑːnˈsɔn
anspent	anspˈɛnt
anspent	ˈɑnspɛnt
anspente	ɑːnˈspɛntə
anstalt	ˈɑ̀nstɛlst
anstalten	ˈɑnstɑltən
anstand	ɑnˈstɑn
anstendig	anstˈɛndə
anstendig	ɑnˈstɛnɪ
anstendig	ˈɑ̀nstɛnɪ
anstendige	ɑnˈstɛnɪə
anstendige	ˈɑ̀nstɛnɪgə
anstendigere	ɑnˈstɛnɪɾə
anstendighet	ˈɑ̀nstɛnɪgɪt
anstendigst	ɑnˈstɛnɪkst
anstendigste	ɑnˈstɛnɪkstə
anstifte	anstˈiftə
anstreng	ˈɑːnstrɛŋ
anstrenge	ˈɑnstrɛŋə
anstrenge	ˈɑnstɾɛŋə
anstrengelse	ˈanstrəŋɛlsə
anstrengelse	ˈɑnstrɛŋəlsə
anstrengelsen	ˈɑnstrɛŋəlsn̩
anstrengelsene	ˈɑːnstrɛŋəlsənə
anstrengelser	ˈɑnstrɛŋəlsər
anstrengende	ˈɑnstrɛŋn̩d̥ə
anstrengende	ˈɑnstɾɛŋənə
anstrenger	ˈɑnstrɛŋər
anstrengt	ˈanstrˌɛŋt
anstrengt	ˈɑːnstrɛŋt
anstrengte	ˈanstrˌɛŋtə
anstrengte	ˈɑ̀nstrɛŋtə
ansvar	ɑːnˈsvɑːr
ansvaret	ˈɑːnsvɑːɾət
ansvarlig	ɑnˈsvɑːrli
ansvarlige	ɑnˈsʋɑːɭɪə
ansvarlige	ˈɑnːsʋɑɭɪgə
ansvarligere	ɑnˈsʋɑːɭɪɾə
ansvarligst	ɑnˈsʋɑːɭɪkst
ansvarsfull	ˈɑnsʋɑɾsful
ansvarsfull	ˈɑnsʋɑːʂfʉl
ansvarsløs	ˈɑnsʋɑːʂɭøːs
anså	ɑnˈsoː
ant	ant
ant	ɑːnt
anta	antˈa
anta	ɑntɑ
anta	ˈɑntɑ
antagelig	ˈɑ̀ːtɑːgəlɪ
antageligvis	ˈɑ̀ntɑːgəlɪgʋɪs
antagelse	ˈɑ̀ntɑːgəlsə
antagelser	ˈɑ̀ntɑːgəlsər
antakeligvis	ˈɑ̀nːtɑːkəlɪgʋɪs
antakelse	ˈɑ̀ːtɑkəlsə
antakelsen	ˈɑ̀ntɑkəlsn̩
antakelser	ˈɑ̀ntɑkəlsər
antall	ˈɑnːtɑɭ
antallet	ˈɑnːtɑlət
antar	ɑnˈtɑr
antarktis	ˈɑ̀ntɑ̀ɾkɪs
antas	ɑnˈtɑs
antaste	antastˈe
antaste	ˈɑntɑstə
antastet	ˈɑntɑstət
antatt	ɑnˈtɑt
antatte	ɑntɑtə
ante	antˈ
ante	aːntˀ
ante	ɑːntə
antenna	ɑntɛnːɑ
antenne	antɛnne
antenne	ɑnˈtɛnə
antenne	ˈɑntɛnə
antennen	ˈɑntn̩n̩
antennene	ˈɑ̀ntɛnːnə
antenner	ˈɑntn̩ər
antennes	ˈɑ̀ntənəs
antent	ɑn̪tɛnt
anti	ɑntiː
antibiotika	ˈɑ̀ntɪbɔɪ̯tɪkɑ
antibiotikaen	ˈɑ̀ntɪbɪɔ́ːtɪkæ̀ɳ
antigua	ˈɑntɪgʉ
antikk	antˈik
antikk	ɑnˈtɪk
antikk	ˈɑ̀ntɪk
antikke	antˈɪkə
antikke	ˈɑntɪkə
antikkens	ˈɑ̀ntɪkːəns
antikkerne	ˈɑ̀ntɪkʰkənə
antikrist	antˈikrɪst
antikrist	ˈɑ̀ntɪˌkrɪst
antikt	antˈɪkt
antikt	ˈɑ̀ntɪkt
antikvarisk	antˈiːkvarɪsk
antikvarisk	ɑntɪˈkʋɑːɾɪsk
antikvitet	ˈɑ̀ntkɪvɪt
antimaterie	ˈɑ̀ntimɑ̀təɾɪ
antiokia	ˈɑ̀ntɪɔkɪɑ
antipati	antipati
antisemitt	ˈɑ̀ntsəˌmɪt
antisemittisk	antˌiːseːmiːtːiːsk
antisemittisk	ˈɑntɪsəmɪtɪsk
antistoffene	ˈɑntɪˌstɔfəŋə
antistoffer	ˈɑntɪˌstɔfər
antok	ɑntɔk
antologisk	antologisk
anton	ɑntum
anton	ˈɑntɔn
antonia	antˈoːnia
antonia	ɑnˈtʊnɪə
antonio	ɑnˈtʉ̂ːnɪo
antonius	ˈɑ̀ːntuːnɪs
antraks	ˈɑ̀ntrɑks
antrekk	antrˈɛk
antrekk	ˈɑntɾək
antrekkene	antrˈɛknˈa
antrekkene	ˈɑːntɾɛknə
antrekket	antrˈɛkə
antrekket	ˈɑntrɛkət
antropolog	ˈɑ̀ntɾʊpɔlɔg
antropologi	ˈɑ̀ntɾʊpɔlɔgi
antwerpen	ˈɑ̀ntvɛ̀rpn̩
antwone	ɑːntʋuːnə
antyde	antid̥e
antyde	ˈɑntyːdə
antyder	ˈɑ̀nːʏɖəɾ
antydet	ɑnˈtyːdɛt
antydninger	ˈɑ̀ːtn̥dɪŋər
antía	ɑnˈtiːɑ
anubis	ˈɑːnʉbɪs
anus	ˈɑːnʉs
anvende	ˈɑnʋɛnə
anvendelig	ɑːnvɛndəlɪ
anvendelse	ɑːnvɛnːəlsə
anvender	anvˈɛnər
anvendt	anvˈɛnt
anvendte	anvˈɛntə
anvise	ˈɑnʋiːsə
anvisningen	ˈɑːnʋɪsknɪŋ
anvisninger	ˈɑːnʋɪsɪŋər
anwar	ɑːnʋɑːr
anya	ɑːnʏ
anzio	ɑnˈʂiʊ
ao	ɑːʊ
ap	ɑːp
apache	ɑːpɑxə
apachen	ɑːpɑxən
apachene	ɑpɑˈçeːnə
apachenes	ɑːpɑːˈçeːnəs
apacher	ɑpɑχɛr
apanatschi	ɑːpɑːnɑːtʃi
aparte	ɑˈpɑʈə
apartheid	apartˈeɪd
apasje	ɑpɑʂjə
apasjene	ɑːpɑʃjənə
apasjer	ɑːpɑʃɛr
apati	ɑːpɑːtɪ
apatisk	ɑːpɑːtɪsk
ape	aap
ape	æːp
ape	ˈɑːpə
apegutten	ɑːpəgʉtːən
apekatt	aːpɐkat
apekatt	ɑːpəˈkɑt
apekatten	ɑːpəˈkɑːtn̩
apekatter	ɑːpəˈkɑtər
apen	ɑːpən
apenbart	ɑːpənbɑːʈ
apene	ɑːpənə
aper	apɯr
aper	ɑːpɛr
aperitiff	apɛɾitif
aperitiff	ɑːpəˈrɪtɪf
aperitiffen	apɛɾiːtiːfˈfɛn
apers	ɑːpɛʂ
apne	ɑːpne
apner	æpnər
apnet	ɑːpneːt
apokalypse	ɑpʊkɑˈlʏpsə
apokalypse	ɑːpɔkɑlʏpsə
apokalypsen	ɑpɔkɑlʏpsn̩
apokalypsens	ɑːpɔkɑlʏpsən
apokalyptisk	ɑpʊkɑˈlʏptɪsk
apokope	apokup
apollo	ɑːpɔlʊ
apollon	ɑːpɔlɔn
apostel	ɑˈpɔstəl
apostolisk	apʊstuːlˈiːsg
apotek	apot̪ek
apotek	ɑpʊˈteːk
apotek	ɑːpɔtɛk
apoteker	ɑːpɔtəˈkæɾ
app	ap
app	ɑpː
apparat	ɑpɑˈrɑt
apparat	ɑpɑˈɾɑːt
apparatene	ɑpɑˈrɑtənə
apparater	ɑpɑˈrɑːtər
apparatet	ɑpɑˈrɑːtə
appelere	ɑpəlˈleːɾə
appell	apːɛl
appellere	ɑpəˈleːɾə
appellerer	ɑpəlɛɾɛɾ
appelsin	æpəlsˈin
appelsin	ɑpəlsɪn
appelsin	ɑpəlˈsiːn
appelsinbrus	ɑpəlsɪnbrʉs
appelsinen	ɑpəlsɪnən
appelsiner	apːɛlsiːnər
appelsiner	ɑpəlsɪnər
appelsinjuice	ɑpəlsɪnjuːs
appelsinjuicen	ˈɑpəlsɪnˌjʉɪ̯sən
appelsinjus	ɑpəlsɪnjʉs
appen	ɑpːən
apper	ˈɑpːər
appetitt	ɑpəˈtɪt
appetitt	ˈɑpːətɪt
appetitten	ˈɑpːətɪtn̩
appetittlige	ɑpəˈtɪtlɪə
appetittligere	ɑpəˈtɪtlɪɾə
appetittligst	ɑpəˈtɪtlɪkst
appetittligste	ɑpəˈtɪtlɪkstə
applaudere	ɑplæʉˈdeːɾə
applaudere	ɑːplɑːˈʉːɾə
applauderer	ɑːplɔːdərɛr
applaus	ɑpˈlæʉs
applaus	ɑːpˈlɑʊ̯s
applausen	ɑːplɔʉsn̩
apple	æpəl
applebee	æpəlbiː
apples	æpəl̥s
apport	ɑːpːɔɾt
aprikos	ɑːpɾɪkɔs
april	aprˈiːl
april	ɑːpɾɪl
apropos	apropu
apropos	ɑːpɾɔpɔs
apu	ɑːpʉ
aqua	ɑːkʉ
aquaman	ɑːkuːmɑːn
ar	ɑːr
arabella	ɑːɾɑːbɛlɑː
araber	ɑɾɑbɯɾ
araber	ɑːɾɑbər
arabere	ɑːɾɑːbɛɾə
araberen	ɑːɾɑːbɛɾən
araberne	ɑːɾɑːbæɳə
arabia	ɑːɾɑːbɪɑː
arabisk	ɑːɾɑːbɪsk
arabiske	arabɪske
arabiske	ɑːɾɑːbɪskə
arafat	ɑːɾɑːfɑːt
aragon	ɑːˈɾɔkn̩
aragonitt	ʔɑragonɪt
aragorn	ɑːɾɑːgɔɳ
aram	ɑːɾɑm
arameisk	ɑːɾɑːmɛɪsk
aramis	ɑːɾɑmɪs
arbeid	ɑɾbæɪd
arbeid	ɑɾbæɪ̯
arbeide	ɑɾbæɪ̯d̥ə
arbeidende	ɑɾbæɪ̯ɛɪ̯nə
arbeidene	aɾbæjtnɪ
arbeidene	ɑɾbɑɪ̯ːnə
arbeidere	arbajð̞eɾa
arbeidere	ˈɑɾbæɪ̯dərə
arbeideren	ɑɾbæɪ̯dərən
arbeiderklassen	ɑɾbæɪɾklɑsːn
arbeiderne	arbaːjdaˈna
arbeiderne	ɑɾbæɪdərnə
arbeidernes	ɑɾbæɪðn̩s
arbeidet	ɑɾbɛɪt
arbeids	ɑːɾbæɪ̯ds
arbeidsdag	ˈɑːɾbæɪ̯dsdɑːg
arbeidsfolk	ˈɑːɾbæɪ̯dsfoːɭk
arbeidsforhold	ɑɾbæɪ̯dsfɔɾhɔɭ
arbeidsformidlingen	ˈɑːɾbæɪ̯dsfɔrmɪdliŋən
arbeidsgiver	ɑɾbæɪ̯dsgɪʋər
arbeidsgruppe	ˈɑːɾbæɪ̯dsgɾʉːpə
arbeidsgruppen	ˈɑːɾbæɪ̯dsgɾʉːpn̩
arbeidskraften	ɑɾbæɪ̯ɕkrɑftn̩
arbeidsledig	ˈɑɾbæɪdsleːdɪ
arbeidsledige	ɑɾbæɪdsˈleːgɪ
arbeidsledige	ˈɑɾbæɪdsleːdɪə
arbeidsledigere	ˈɑɾbæɪdsleːdɪɾə
arbeidsledigste	ˈɑɾbæɪdsleːdɪkstə
arbeidsleir	ɑːɾbæɪ̯dsɛɪ̯ːɾ
arbeidsløs	ɑɾbæɪ̯dsloːs
arbeidsløse	ɑɾbæɪ̯dsˈløːsə
arbeidsløst	ɑrbaɪtslɑst
arbeidsmiljø	ˈɑːɾbæɪ̯dsmiːløː
arbeidsnarkoman	ˈɑːɾbæɪ̯dsnɑ̀ɾkɔmɑn
arbeidsom	ˈɑɾbæɪdsɔm
arbeidsoppgaver	ɑɾbæɪ̯dsɔpːɑɪ̯vər
arbeidsplass	ɑɾbæɪ̯dsplɑs
arbeidsplassen	ɑːɾbæɪ̯dsplɑsːn
arbeidsrom	ɑːɾbæɪ̯dsɾʊm
arbeidsrommet	ɑɾbæɪ̯dsrɔmː
arbeidstida	ɑːɾbɛɪ̯tʃiːdɑː
arbeidstillatelse	ɑɾbæɪ̯ɖɪlɑtɛlsə
arbeidstimer	ˈɑːɾbæɪ̯tʂiːmər
arbeidsværelset	ɑːɾbæɪ̯dsʋæɾɛlʃ
arbejderpartiet	ˈɑːɾbæɪ̯ɛɾɑpɑɾˌtiː
arbogast	ɑːɾbɔgɑst
arborist	arburist
arby	ɑːɾbʏ
arc	ɑːɾ
arcadia	ɑɾkɑːdɪɑ
archer	ɑɾçɛɾ
archibald	ɑɾçɪˈbɑɾd
archie	æɾçɪ
archimedes	ɑɾçimɛdɛs
area	æɾɑ
areal	oɾeol
arealet	ariːɦaɑˈnɯ
arena	arena
arenaen	ɑːɳəɛn
arene	ɑːɾənə
aret	ɑːrɛt
arg	ɑɾg
argentina	ɑːɾçɛntɪnɑː
argentinske	ɑːɾçɛntɪnskə
argh	ɑːɾ
argo	ɑːgʊ
argument	ɑɾgʉˈmɛnt
argument	ɑːɾguːmɛnt
argumentene	ɑːɾgʉmɛntnə
argumenter	ɑːɾgʊmɛntəɾ
argumentere	ɑːɾgʉmɛntəɾɛ
argumenterte	ɑːɾgʉˈmɛntəɾtə
argumentet	ɑːɾgʉmɛntɛ
argus	ɑːgʉs
argus	ɑːɾgʉs
argyle	ɑːɾgɪːlə
arhur	ɑːɾʉː
ari	ɑːɾɪ
arial	ɑːɾɪɑːl
arias	ɑɾiɑs
aribau	ɑːɾɪbɑʉ
ariel	ɑːriːɛl
arier	ɑːrɪɛ̯r
arigato	ɑːrɪgɑːtʊ
arild	ɑːɾɪɭ
ariq	ɑːɾɪk
aris	ɑːrɪs
arisk	ɑːrɪsk
ariske	ɑːrɪskə
aristocrats	ɑrɪstɔkrɑts
aristokrat	ɑːrɪsʈɔkɑːt
aristokrater	ɑːrɪˈstɔkɾɑːtər
aristokratiet	ɑrɪstɔkrɑtiːt
ark	ɑɾk
arkaden	ɑːɾkɑːdən
arkaisk	ɑɾˈkɑːɪsk
arkansas	ɑːɾkɑnˈsɑ
arken	ɑːrkən
arkene	ɑɾkənə
arkeolog	ɑɾkəɑ̯lɔg
arkeolog	ɑɾkəʊˈloːg
arkeologen	arkʲeologʲen
arkeologene	arkʲeologɨnɐ
arkeologer	aɾkeoloːgiɾ
arkeologer	ɑɾkæɔlɔgər
arkeologi	ɑɾkəɔlɔgi
arkeologi	ɑɾkɛʊlʊˈgiː
arkeologisk	aːrkiʊnɔːgɪs
arkeologiske	ɑɾkəɔlɔgɪskə
arket	ɑːɾkət
arkham	ɑɾkɑm
arkie	ɑɾkɪ
arkitekt	paˈkitekˈ
arkitekt	ɑɾkɪtɛkt
arkitekten	arkʲitækʲtɪ̞ŋ
arkitekter	ɑɾkɪtɛktɛɾ
arkitektonisk	ɑɾkɪtəkˈtuːnɪsk
arkitektur	ɑɾkɪtɛktʉːɾ
arkitekturen	ɑɾkɪtɛkˈʉːɾən
arkivere	ɑɾkɪvəɾə
arkivere	ɑɾkɪˈʋeːɾə
arkiverer	ɑɾkɪˈvɛːɾ
arkivert	ɑɾçɪʋæɾt
arkivet	ɑɾkɪvɛt
arkivmappe	arkivmˈapːɪ
arkivverket	aɾkiːvværket
arktiske	ɑːɾˈtɪskə
arkyn	ɑːɾçʏn
arlen	ɑːɭn̩
arlena	ɑːɭəˈnɑː
arlene	ɑːɭənə
arlington	ɑːɭɪŋtɔn
arm	arm
arm	ɑɾm
arm	ɑːɾm
armacost	ɑːmɑɾkɔst
armada	ɑːɾmɑːdɑ
armageddon	ɑːɾmɑːgɛdən
armagnac	ɑːrmɑɲɑk
armakon	ɑɾmɑkɔn
armand	ɑːɾmɑn
armando	ɑːɾmɑnːu
armani	ɑːɾmɑːnɪ
armbrøst	ɑːɾmbrøst
armbrøsten	ɑːɾmˈbrøːstən
armbånd	ɑɾmˈbɔ̀ːnt
armbåndene	ɑːɾmˈbɔ̀ːnə
armbåndet	armboːnˀna
armbåndet	ɑɾmˈbɔ̀ːntət
armbåndsur	ɑːɾmˈbɔ̀ːnːsʉːɾ
armbåndsuret	ɑɾmˈbɔ̀ːntsʉːɾə
arme	ɑɾˈmeː
arme	ɑːɾmɛ
armeen	ɑːɾmeːn
armeer	ɑːɾmɛːɾ
armen	ɑːɾmən
armene	ɑːɾmənə
armenere	ɑɾmənəɾə
armenerne	ɑɾmənɛɳə
armenia	ɑːɾmɛniːɑ
armensk	ɑːɾmɛnsk
armenske	ɑːɾmɛnʃə
armer	ɑːmr̩
armere	ɑːɾməɾə
armerer	ɑːmrɛr
armerte	ɑːrmɛɾtə
armhevinger	ɑːɾmhæɪ̯vɪŋər
armhevninger	ɑːɾmhɛʋnɪŋɐʁ
armhulen	ɑːɾmhʉːlən
armhulene	ɑːɾmˈhʉːlənə
armistead	ɑːɾmɪstæɪ̯
armitage	ɑːɾmɪtɑːgə
arms	ɑːɾms
armslag	ɑːɾmslɑːg
armstrong	ɑːɾmstrɔŋ
armstrongs	ɑːɾmstrɔŋs
armus	ɑːrmʉs
army	ɑːɾmɪ
armé	ɑːɾmɛ
arn	ɑːɳ
arne	ɑɾnɑ
arnesen	ɑːɳəˈseːn
arnfrid	ˈɑːrnfrid
arnhem	ɑːɳhɛm
arnie	ɑːɳɪ
arno	ɑːɳuː
arnt	ɑɳʈ
aroma	ɑrɔːmɑ
aroma	ɑːɾʊmɑː
aron	ɑːrɔn
aronsson	ɑːrɔnsɔn
around	ɑːrʉnd
arq-en	ɑɾkən
arr	ɑɾ
arr	ɑːr
arrakis	ɑrɑkɪs
arrangementene	ɑrːɛŋˈmentn̩ə
arrangementet	ɑrːɪŋˈmentː
arrangere	ɑrːɑŋːɛr
arrangeres	ɑrɑnˈʃeːɾəs
arrangert	ɑrːɑŋəɾt
arrene	ɑːrːnə
arrest	ɑrːɛst
arrestasjon	ɑrːɛstɑʃuːn
arrestasjonen	ɑrːɛstɔʃɛn
arrestasjoner	ɑrːɛstɑsjʊnɛr
arresten	ɑrːɛstən
arrestere	ɑrːɛstɛrɛ
arrestere	ɑɾəˈsteːɾə
arresterer	ˈɑrːəstərər
arrestordre	ɑrːɛstɔdrə
arrestordren	ˈɑrːəstɔɖɾən
arrestordrer	ɑrːɛstɔɖːɾː
arret	ɑrːɛt
arriba	ɑrɪbɑ
arrietty	ɑrɪtɪ
arrius	ɑrɪʉs
arroganse	ˈɑːrʊgɑːnsə
arrogansen	ɑˈrʊgɑnsn̩
arrogant	ɑrʊˈgɑnt
arrogante	ɑrʊˈgɑ̀ntə
arroyo	ɑˈrɔʏ̯o
arrvev	arvɛv
arrvev	ɑrːvɛʋ
arryn	ɑːɾɪn
ars	ɑːʂ
arsenal	aʃenɑl
arsenal	ɑːrʂɛnɑːl
arsenalet	ɑːʂənɑːlɛt
art	ɑːɾt
artagnan	ɑːrˈtɑːɲɑːn
arte	artˈe
arten	ɑːɾtn̩
artene	ɑːɾtənə
arter	ɑːʈəɾ
arterie	ɑːdɛːria
arterie	ɑːrˈtæːrɪ
arteriene	ɑrˈtæːrɪən
arthur	ɑːɾ
artie	ɑːɾtɪ
artig	ɑːɾtɪ
artige	ɑːɾtɪgə
artige	ˈɑʈɪə
artigere	ɑːɾtɪgɛɾə
artigere	ˈɑʈɪɾə
artigst	ˈɑʈɪkst
artigste	ˈɑʈɪkstə
artikkel	ɑːɾtɪkəl
artikkelen	ɑɾtɪkəɫən
artiklene	ɑːɾtɪkləneː
artikler	ɑˈʈɪkləɾ
artikler	ɑːɾtɪkləɾ
artilleri	ɑːtɪˈlæɾɪ
artisjokk	ɑʈɪˈʂɔk
artiskokken	aːʈtiˑʃokˈiˑn
artisten	ɑːɾˈtɪsn̩
artister	ɑːɾtɪstər
artistisk	aːrˈtɪstɪs
artistisk	ɑˈʈɪstɪsk
artium	ɑːɾtiʉm
arto	ɑːɾtʉ
arts	ɑːɾts
artur	ɑːɾtʉːɾ
arturo	ɑːɾtʉɾʉ
aruba	ɑːɾʉbɑ
arv	ɑːɾʋ
arve	ɑːɾvə
arve	ˈɑɾʋə
arvegods	ɑːɾʋəgɔts
arvelig	ɑːɾvəlɪ
arvelige	ˈɑɾʋəlɪə
arveligere	ˈɑɾʋəlɪɾə
arveligste	ˈɑɾʋəlɪkstə
arveløs	arvaløz
arveløs	ɑːɾvəløːs
arven	ɑːɾʋən
arver	ɑːɾʋəɾ
arvestykke	ɑːɾˈvɛʂtʏkːə
arvet	ɑːɾʋeːt
arvet	ʔɑrvət
arvid	ɑrvʲet
arvid	ɑːɾʋɪd
arvidsson	ɑːɾvɪtsɔn
arving	ɑːɾvɪŋ
arvingen	ɑːɾvɪŋən
arvingene	ɑːɾvɪŋnə
arvinger	ɑːɾvɪŋər
arvtager	ɑːɾvtɑgər
arya	ɑːɾʏ
arytmi	ɑːɾʏtmiː
as	ɑːs
asa	ɑːʂɑː
asa-gallaen	ɑːsɑːˈgɑːlɑːn
asano	ɑːsɑːnʊ
asbest	asbˈɛst
ascot	ˈɑːʃɔt
asdal	æˈsdæl
asen	ˈɑːsn̩
asfalt	ɑːsfɑlt
asfalten	ɑːsˈfɑːltn̩
asfaltere	ɑsfɑlˈteːɾə
asgeir	æsgæɪ̞r
asger	ɑʃgɛɾ
ashburn	æʃbʉːn
ashbury	æʃbʉːr
ashby	æʃbiː
ashe	ɑːʂə
asher	ɑʃər
asheton	ˈɑːʃətn̩
ashford	æʃfɔɾ
ashitaka	ˈɑːʃɪtɑːkɑ
ashlee	æʃliː
ashley	æʃliː
ashram	ɑʃrɑm
ashton	ˈɑʃtn̩
asia	pasja
asiater	ˈɑːʃiɑːtər
asiatisk	ɑˈʃiɑtɪsk
asiatiske	os̺iaɣ̞t̪is̻ke
asjett	ɑːˈʂɛt
asjetten	æsjætːiːm
ask	æsk
ask	ɑʂk
aske	aske
askebeger	ɑskəbeːgəɾ
askebegra	askebeːgra
askebegrene	askebeːgːrnɛ
asken	ɑːʃən
askepott	ˈɑskəpɔt
asket	avskɛt
askim	bɑʃɪm
aslag	aʃla
aslak	ɑːslɑːk
aslaksen	ɑːˈslɑːksən
aslam	ɑːˈslɑːm
asort	ɑːˈsɔʈ
asosial	ɑːsɔɕɑːl
asosial	ˈɑːsʊsɪɑːl
asp	bɑsp
asparges	ɑʂpɑɾgɛs
asparges	ɑˈspɑɾgɛs
aspekt	ɑːˈspɛkt
aspekter	ˈɑːspɛktər
aspirant	æspiɾant
aspirin	aspɪrɪjɯn
aspirin	ɑspɪˈɾiːn
aspirin	ɑːspiːɾɪn
aspøya	aspɛja
asriel	ɑʃriːɛl
assad	ɑʃɑːd
assalamu	ɑsːɑˈlɑmuː
assassins	ˈɑsɑʃɪn
assen	ɑʃːn̩
assimilere	ɑsɪmɪˈleːɾə
assistent	ˈɑsɪstɛnt
assistenten	ˈɑsɪsɛntn̩
assistentene	ˈɑsɪstɛntn̩
assistenter	assistˈɛntɛr
assistenter	ˈɑsɪstɛntəɾ
assistentlege	ˈɑsːɪstɛntlɛgə
assistentleger	ɑˈʃɪstɛntˌlæɪ̯gər
assistere	ɑsɪˈsteːɾə
assistere	ˈɑsːɪstəɾə
assisterende	ˈɑsːɪstəˌɾɛn̩d̥ə
assisterer	ˈɑsːɪstəɾər
associates	ɑʃosiɑtɛs
association	ɑʃosiɑːsjɔn
assosieres	ɑʃosi̯ɛːɾ
assosiert	ɑʃʉˈʃiːɾt
assurere	ɑsʉˈɾeːɾə
asta	ɑʂtɑ
astaire	ɑːʃtɑɪ̯ɾə
asteroide	ˈɑstəɾɔɪ̯d
asteroider	ˈɑ̀stæɾɔɪ̯dɐ
astma	eˈsm
astma	ɑʂmɑ
astma	ˈɑsmɑ
astmaanfall	ɑʂːmɑːnˈfɑɭː
astmaen	ɑʂmæːn
aston	ɑstɔn
astor	ɑˈstɔr
astral	astɾaːl
astri	aːstˈrɪ
astrid	ɑstɾˈɛ
astrid	ɑːˈʈrɪt
astrofysiker	ˈɑːstɾofʏˌʃiːkəɾ
astrofysikk	ˈɑːstɾofʏsɪk
astrolog	ɑʂtrɔlɔg
astrologi	ˈɑstɾʊlɔgi
astrologisk	ɑstɾʊˈloːgɪsk
astronaut	ɑːstɾɔnɔt
astronauten	ɑːstɾɔnɔtən
astronautene	ɑːstɾɔnɔtənə
astronauter	ɑːstɾɔnɔtɛɾ
astronautikk	astronauːtˈiːk
astronom	ɑːstɾɔnɔm
astronomi	astronomji
astronomi	ɑːstɾʊnɔmɪ
astronomisk	ɑːstɾɔnɔmɪsk
astronomiske	ɑːstɾonɔmɪskə
aswang	ɑːsʋɑŋ
asylet	ɑːˈʂylət
asylsøker	æsiːlsøːkɪd
asylsøkerne	asiːlsøːkərne
at	ah
at	ɑt
at	ɑːt
atal	ˈɑːtɑːl
atari	ɑːtɑːrɪ
atcu	ɑtʃʉ
ateist	ˈɑːtæɪst
ateister	ˈɑːtɛɪstər
ateistisk	ɑtəˈɪstɪsk
atelier	ɑtˈliːɛɾ
atelieret	ɑtəlɪˈeːʈ
aten	ɑːtən
atene	ɑːtənə
aterna	ɑːtəɳə
atferd	ɑːtfɛɖ
atferden	atfærdˌn
atferden	ˈɑːtfɛɾn̩
atferder	atfɛrdər
athan	ɑːt̪hɑn
athelstan	ɑːtəlstɑːn
athelstane	ɑːtəlstɑːnə
athen	ɑːt̪hɛn
athena	ɑːtəˈnɑː
atherton	ɑːtˈhɛʈn̩
athos	ɑːtɔs
atia	ɑːtiɑː
ativan	ˈɑːtɪʋɑn
atkins	ɑtˈkɪns
atlanta	atlantɑ
atlanta	ɑːtˈlɑːntɑ
atlanteren	ɑːtləneːɾən
atlanterhavet	atlantərhˈavet
atlanterhavet	ɑːtln̩tɛɾhɑːvɛt
atlanterhavsveien	ætlantərhauːsvɛjɛn
atlantic	ɑːtˈlɑntɪk
atlantis	ɑːtlɑntɪs
atlantisk	ɑtˈlɑntɪsk
atlas	ɑtˈlɑs
atle	ˈɑtlə
atlet	atlˈeːt
atlet	ɑtˈlɛt
atleter	ɑːtləˈtæɾ
atløy	atlaj
atmosfære	ˈɑtmosfæːr
atmosfæren	ˈɑtmosfɛːrən
atmosfærene	atˈmosfæːrɛnæ
atmosfærisk	ˈɑtmosfæɾɪsk
atmosfæriske	ˈɑtmosfɛːrɪʃə
atom	ɑːtɔm
atoma	atuma
atomangrep	ɑːt̪ɔmɑŋgɾɛp
atombombe	ɑːtɔmbɔmbə
atombomben	ˈɑ̀tɔmbɔmbn̩
atombombene	ˈɑ̀tɔmbɔmbənə
atombomber	ˈɑːtɔmbɔmpər
atomene	ɑtʊmənə
atomer	ɑːtʊmər
atomet	ɑːtɔmɛt
atomkraft	ˈɑːtɔmkrɑft
atomkrig	ˈɑːtɔmkrɪg
atomrakett	ˈɑːtɔmɾɑkɛt
atomubåt	ɑːtʊmʉbɔːt
atomvåpen	ɑːtɔmˈvoːpn̩
atomvåpnene	ˈɑːtɔmˌʋøːpnənə
atreju	ɑːtɾɪjuː
atrium	ˈɑtɾɪʉm
atropin	ɑtɾʊpɪn
ats	ɑtʂ
atskillelse	ɑtʃɪlˈlɛsə
atskillig	ɑtˈʂɪlɪ
atskillig	ɑtˈʃɪlɪ
atskillige	ɑtˈʂɪlɪə
atskillige	ɑtˈʃɪɭɪgə
atskilligere	ɑtˈʂɪlɪɾə
atskilligst	ɑtˈʂɪlɪkst
atskilligste	ɑtˈʂɪlɪkstə
atskilt	ɑːtʃɪlt
atskilte	ɑːtʃɪɭtə
att	ɑtː
atta	ɑtːɑ
attakk	atˈak
atte	ɑtːə
atten	ɑtən
atten	ˈɑtːən
attende	ɑtːɛndə
attentat	ˈɑtːn̩tɑː
attentatet	ɑtəˈtɛːt
attentatforsøk	ˈɑtːəntɑfɔʂøːk
attentatmannen	ˈatːəntɑmːɑn
atter	atːi
atter	ɑtːər
attest	ɑtːɛst
attest	ɑˈtɛst
attesten	ɑtːɛstən
attester	ɑtˈʈɛstər
attestere	ɑtəˈsteːɾə
attica	ɑtɪkɑ
atticus	ɑtɪkʉs
attila	ɑtːɪlɑ
attpåtil	ɑtːpɔːtɪl
attraksjon	ɑtɾɑkʃuːn
attraksjonen	ɑtːɾɑksjʊn̩
attraksjoner	ɑtɾɑkʂjuːɳɐ
attraktiv	ɑtˈrɑktɪf
attraktiv	ˈɑtɾɑktiːʋ
attraktiv	ˈɛtʁaktiːv
attraktive	ɑtˈrɑktɪvə
attrå	ɑtːɾoː
attrå	ˈɑtɾɔ
atwood	ɑːtʋuː
au	æˈu
au	ɑʊ
au!	au
aubergine	ɑʊbɛrʒiːn
aud	ɑʉː
auda	ɔʊ̯da
audi	ɔʉːdɪ
audio	ˈɑʊdɪʉː
audiovisuell	ˈæʉdɪʊʋɪsʉɛl
auditoriet	ɔʊdɪtɔɾɪət
audreys	ɑʉːdrɛʃ
auf	ɑʊ̯f
aufidius	ɑʊ̯fɪdɪʉ̯s
augie	ɔʊ̯gɪ
august	æʊ̯gʏst
august	ɑʊ̯gʉst
augusta	ɑʊ̯ˈgʉ̯stɑ
augustin	ɑʊ̯ˈgʉ̞stɪn
augusto	ɑʊ̯ˈgʉ̯stʉ
augustus	ɑʊ̯ˈgʉstʉs
auksjon	ɔʊksjɔn
auksjon	əʊkʃoːn
aung	ɑʊŋ
aura	ɑʉrɑ
auraen	ɑʉːɾɛn
aurelia	ɑʉrɛliɑ
aurelio	ɑʉrɛlɪo
aurelius	ɑʉrɛliʉs
aurora	ɑʊ̯ˈɾʊɾɑ
auschwitz	ɑʊ̯sçʋɪʃ
austen	ɑʊ̯stən
austin	ɑʊstɪn
austlending	aʉstlɛnɫɪŋ
austra	æʊstrɑ
australbukta	auːstralbuːktˢa
australia	ɑʊstrɑlɪɑ
australias	ɑʊ̯ˈstɾɑlɪɑs
australsk	ɑʊ̯stɾɑlsk
australske	auːstralskə
australske	ɑʊ̯stɾɑlskə
autentisk	aʊtentˈɪsk
autentiske	ɑʊ̯tɛntɪskə
autisme	ɑʊ̯ˈtɪsmə
autist	ˈɑʊtɪst
auto	ɑʊ̯tʊ
autobotene	ˈɑʊ̯tɔbʊtənə
autoboter	ˈɑʊ̯tɔbʊtər
autodefensas	ˈɑʊ̯tʊdɛfɛnˌsɑːs
autograf	ˈæʊ̯tɔgɾɑf
autografen	ˈɑʊ̯tɔgɾɑfən
autografer	ˈæʊ̯tɔgrɑːfər
autoimmun	ˈɑʊ̯tɔɪ̯mʉn
automat	ɑʊ̯tɔmɑt
automaten	ɑʊ̯tɔmɑtən
automatene	ɑʊ̯tɔmɑtənə
automater	ɑʊ̯tɔmɑːtər
automatgevær	ɑʊ̯tɔmɑtgæʋæɾ
automatgir	ɑʊ̯tɔmɑtgiːr
automatisert	ɑʊ̯tɔmɑˈtiːʂtɛʁ
automatisk	ɑʊ̯tɔmɑtɪsk
automatiske	ɑʊ̯tɔmɑtɪskə
automatvåpen	ɑʊ̯tɔmɑtˈʋæːpən
automobil	ˈɑʊ̯tːʊmɔɪl
autopiloten	ˈɑʊ̯tʉˌpɪlʉtn̩
autorisasjon	ɑʊ̯tɔɾɪˈsɑːʃuːn
autorisere	æʉtʊɾɪˈseːɾə
autorisere	ɑʊ̯tɔɾiˈʃeːɾə
autoriserer	ɑʊ̯tʊˈɾiːsəɾəɾ
autoriserte	ɑʊ̯tʊˈɾɪsɛɾtə
autoritet	ɑʊ̯tʊˈɾɪtː
autoriteter	ɑʊ̯tɔɾiˈtɛːɾ
auður	ɔʊ̯ːɖʉːr
av	ɑn
av	ɑʋ
av	ɑːʋ
av	ˈɑːʋ
ava	ɑːʋɑ
avalon	ɑːvɑlʊn
avansere	ɑʋɑŋˈseːɾə
avanserer	ɑːʋɑːnˈsɛrər
avansert	avɑnsɛrt
avansert	ɑːʋɑːnˈsæɾt
avanserte	ɑːʋɑːnˈʃæɾtə
avatar	ɑːˈvɑːtɑːr
avataren	ɑːvɑːtɑːrən
avbestill	ɑːvˈbɛstɪl
avbestille	ɑːvˈbɛstɪlə
avbestille	ˈɑːʋbɛstɪlə
avbestilte	ɑːvˈbɛstɪltə
avbetale	ævbətɑlɯ̞
avbetaling	ɑːvbəˈtɑːlɪŋ
avbetalt	awbɛtɔlt
avbetalte	aːbbɪtɑɫtɯˈ
avbilde	ˈɑʋbɪldə
avbildet	ɑːvbiːldət
avbitertang	ɑːvbiːtɛɾtɑŋ
avblås	ɑːvblɔːs
avblåse	ɑːvblɔːʂə
avblåse	ˈɑːʋbloːsə
avblåst	ɑːvblɔʂt
avbrekk	avbrˈɛk
avbrekk	ɑːvbrɛk
avbrudd	ɑːvbrʉd
avbrut	ˈɑːvbrʉt
avbrutt	ɑːvbrʉt
avbryt	aːvbrit
avbryt	ɑːvbrʏːt
avbryte	aːvpɾit
avbryte	ɑːvbrʏːtə
avbryte	ˈɑːʋbɾyːtə
avbrytelse	ɑvbrɪtɪɫsa
avbrytelsen	ɑːvbrʏːtəlsn̩
avbrytelser	ɑːvbrʏːtəlsɛɾ
avbryter	ɑːvbrʏtər
avbrytes	ɑːvbrʏtəs
avbrøt	ɑːvbrøːt
avbrøt	ˈaːvbrøt
avbud	ɑːvˈbʉːd
avdanket	ɑːvˈdɑŋkət
avdekke	ɑːvdeːkə
avdekke	ˈɑːʋdɛkə
avdekker	ɑːvdeːkər
avdekkes	ɑːvdekeʃ
avdekket	ɑːvdeːkət
avdeling	ɑːvˈdæ̂ɪ̯ŋ
avdelingen	ɑːvdeːlɪŋən
avdelingene	ɑːvˈdliŋənə
avdelingens	ɑːvˈdæ̀ɪŋəns
avdelinger	ɑfdøəlɪŋiːr
avdelinger	ɑːvdeːlɪŋər
avdelingsleder	ɑːvdeːlɪŋsleːdər
avdelingslederen	ɑːvdeːlɪŋsleːdərən
avdelingssjef	ɑːvˈdæ̂ɪŋsjɛf
avdrag	ɑːvdrɑːg
avdragene	ɑːvdrɑːgnə
avdraget	avdraːgə
avduke	ˈɑːʋdʉːkə
avdukingen	ɑːvˈdʉːkɪŋən
avdød	ˈɑːʋdøːd
avdøde	avdøda
avdøde	ɑːvˈdøːə
avdødes	ɑːʋdøːdəs
ave	ɑːʋə
avenue	ɑːvəˈnøː
aveny	aːveni
average	ɑːvɛrɪʃ
averill	ɑːʋɛɭː
avery	ɑːʋæɾɪ
averys	ɑːʋɛʂ
averøy	ɑʋirej
avfall	ɑːvfɑːl
avfall	ɑːʋfɑl
avfallet	ɑːfˈfɑːlət
avfeid	ɑːvfeɪ̯ː
avfeie	ɑːvfɛɪ̯
avfyr	ɑːfˈʏr
avfyre	ɑːfˈʏːɾə
avfyrer	ɑːfˈʏːrər
avfyringen	ɑːfˈʏːrɪŋə
avfyrte	ɑːfˈʏʈə
avføring	ɑːvˈføːrɪŋ
avføring	ˈɑːʋføːɾɪŋ
avføringen	avfˈøːrɪŋən
avføringen	ɑːvˈfœːrɪŋ
avføringene	avfˈøːrɪŋənə
avføringsmiddel	ɑːvføːrɪŋsmɪɖːəl
avga	ɑːvgɑː
avgang	aːvgaːŋ
avgang	ɑːvgɑŋ
avgang	ɑːʋgɑŋ
avgangen	afgaːnjɛn
avgangen	ɑːvgɑŋən
avgangene	aːfgɑnjəˈnɛ
avganger	ɑːvgɑŋər
avgangseksamen	ɑːvˈkɑŋsɛkˈsɑːmən
avgangselev	ɑːvgɑŋsɛlɛv
avgangselever	ɑːvgɑŋsɛlɛʋər
avgangsklassen	ɑːvgɑŋsklɑsːən
avgangstid	avgˈɑːŋstid
avgi	ɑːvjɪ
avgift	avgift
avgift	ɑːvjɪft
avgiften	ɑʋɪftn̩
avgifter	avjɛftər
avgifter	ɑʋɪftər
avgifter	ɑːʋjɪftəɾ
avgir	ɑːvjɪr
avgitt	ɑːvjɪt
avgjort	ɑːvgjɔɾt
avgjør	ɑːgjœɾ
avgjøre	ɑːvgjøːɾə
avgjøre	ˈɑːʋjøːɾə
avgjørelse	ˈɑːʋjøːɾəlsə
avgjørelsen	ɑːvjœʃlən
avgjørelsene	ɑːgjøːɾɛlsənə
avgjørelser	ɑːvjœʁɛlsɐ
avgjørende	ˈɑːʋjøːɾənə
avgrense	ˈɑːʋgɾɛnsə
avgrenset	ɑːvgrɛnsɛt
avgrunn	ɑːvgrʉnː
avgrunnen	ɑːvgrʉnːən
avguder	ɑːgʉːdər
avgårde	ɑːvgoːɾdə
avhandlingen	ɑːʋhɑ̀ndlɪŋən
avhang	ɑːvˈhɑŋ
avhenge	ɑːʋhɛŋə
avhenger	ɑːʋhɛŋər
avhengig	ɑːʋhɛŋɪ
avhengig	ˈɑːʋhɛŋɪ
avhengige	ɑːʋhɛŋɪgə
avhengige	ˈɑːʋhɛŋɪə
avhengigere	ˈɑːʋhɛŋɪɾə
avhengigheten	ɑːʋhɛŋɪçɪtən
avhengighetsskapende	ɑːʋhɛŋɪˈçɛtːskɑːpənə
avhengigst	ˈɑːʋhɛŋɪkst
avhengigste	ˈɑːʋhɛŋɪkstə
avholdende	ɑːvˈhʊ̀ːləndə
avholder	ɑːvhɔldər
avholdes	ɑːvˈhʊːldəs
avholdt	ɑːvˈhɔlt
avholdt	ˈɑːʋhɔlt
avholdte	ɑːvˈhɔltə
avhopper	avhɔpːɪ
avhopper	ɑːvˈhɔpər
avhoppere	ɑːvˈhɔpːərə
avhør	ɑːvhøːr
avhør	ɑːvːøɾ
avhøre	ɑːʋʉːɾeː
avhøre	ˈɑːʋhøːɾə
avhøres	ɑːʋhøːɾəs
avhøret	ɑːvˈhøːɾət
avhørsrom	ɑːʋøːʂrʊm
avhørsrommet	ɑːvˈhøːɾsɾʊmːə
avhørte	ɑːvˈhœɾtə
avi	ɑːʋi
avigdor	ɑːvɪgdɔːr
avin	ɑːvɪn
avis	avˈis
avis	ɑˈʋiːs
avis	ɑːʋɪs
avisa	ɑːʋɪsɑ
avise	aːvisˈa
avisen	ɑʋɪsn̩
avisene	ɑːʋɪsənə
avisens	ɑːʋɪsn̩
aviser	ɑːʋɪsɛr
avismann	ɑːʋɪsmɑn
avispapir	ɑːʋɪspɑːpɪr
avisutklipp	ɑːʋɪsʉtklɪp
aviv	ɑːvɪv
aviva	ɑːvɪvɑː
avkall	ɑːvkɑlː
avkastning	ɑːvkɑːstɳiŋ
avkastningen	ɑːvkɑːstɪŋən
avkjøle	ˈɑːʋçøːlə
avkjøringen	ɑːfˈçøːɽɪŋ
avkjørsel	ɑːfˈçœʂəl
avkjørselen	ɑːvçœʂələn
avklare	ɑːvˈkɭæːɾə
avklarer	ˈɑːvklarər
avklaring	ɑːvklɑːrɪŋ
avklart	ɑːvlkɑːɾt
avkledd	ɑːʋklɛd
avkledd	ˈɑːʋklɛd
avkom	ɑːvkɔm
avkommet	ɑːvˈkɔmːə
avkrefte	ɑːvkrɛftə
avkrefte	ˈɑːʋkɾɛftə
avkrok	ɑːvkrɔk
avl	ɑːvl
avla	ɑːvlɑː
avlagt	ɑːvlɑkt
avlang	ˈɑːʋlɑŋ
avlaste	aːblastˤa
avlaste	ɑːvlɑːstɛ
avle	ɑːvlə
avle	ˈɑʋlə
avlede	ɑːvlɛːdə
avlede	ˈɑːʋleːdə
avleder	ɑːvlæɪ̯dər
avledet	ɑːvlæˈdeːt
avledningsmanøver	ɑːvlæɪ̯nɪŋsmanoːʋər
avlegg	ɑːvlɛg
avlegge	ɑːvlɛgːə
avlegge	ˈɑːʋlæɪə
avlegger	ɑːvlægər
avleggs	ɑːvlɛgs
avleire	ˈɑːʋlæɪɾə
avler	ɑːvlɛːr
avlesninger	ɑːvlɛʃnɪŋɐr
avlet	ɑːvlɛt
avlevere	ɑːvleːveːrˌa
avlevere	ɑːvlɛvəɾə
avlevere	ˈɑːʋləʋeːɾə
avling	ɑːvlɪŋ
avlingen	ɑːvlɪŋən
avlingene	ɑːvlɪŋnə
avlinger	ɑːvlɪŋər
avlive	ɑːlɪvə
avlive	ˈɑːʋliːʋə
avliver	ɑːʋlɪvər
avlukke	avlˈukːa
avlukke	ɑːvlʉkːə
avlukket	ɑːvlʉkət
avlys	ɑːvlʏs
avlyse	ɑːvlʏːsə
avlyser	ɑːʋlʏːsər
avlyses	ɑːvlʏʃɛs
avlyst	ɑːvlʏst
avlyste	ɑːvlʏstə
avlytt	ɑːvlʏt
avlytte	ɑːvlʏtːə
avlytter	ɑːvlʏtːər
avlyttes	ɑːʋlʏtːs
avlyttet	ɑːʋlʏtː
avlytting	ɑːvlʏtɪŋ
avlyttingen	ɑːvlʏtːɪŋən
avlyttingsutstyr	ɑːvlʏtɪŋsʉtʂɪr
avløp	ɑːʋlœp
avløpet	ɑːʋlœpət
avløpspumpe	avlˈøpspʊmpə
avløpspumpen	avlˈøːpspʊmpən
avløpsrør	ɑːʋlœpsrøːr
avløse	ˈɑːʋløːsə
avløser	ɑːʋløːsər
avløseren	ɑːʋløːsəɾən
avløsning	ɑːʋløːsnɪŋ
avløst	ɑːvløːst
avmagret	avmagrˈɛt
avmarsj	ɑːvmɑɾʃ
avmystifisere	aːvmɪstifisɛre
avmålt	ˈɑːʋmoːlt
avner	ɑːʋnɛr
avocado	ˈavukadu
avocet	ɑːvɔkɛt
avokado	avokado
avokado	ɑːvʊˈkɑːdʊ
avokadoen	avokadon
avon	ɑːvɔn
avreagere	ɑːvræɑːgər
avreise	ɑːʋrɛɪsə
avreisen	ɑːvrɛɪsn̩
avrunde	ˈɑːʋɾʉnə
avrundet	ɑːvrʉnːt
avrusning	ɑːvrʉʃɪŋ
avsagd	ɑːʋsɑg
avsagt	ɑːvˈsɑkt
avsatsen	ɑːʋsɑtsn̩
avsatt	ɑːfsɑt
avsatte	ɑːvˈsɑtə
avse	aːlsə
avse	ɑːʋsə
avse	ˈɑːʋseː
avsender	ɑːvsænˈnær
avsender	ɑːʋsɛnəɾ
avsenderen	ɑːfsɛndəɾən
avsette	ɑːvˈsɛtə
avsi	ˈɑːʋsiː
avsides	ɑːvsiːds
avsidesliggende	ˈɑːʋsiːdəslɪgənə
avsier	ɑːʋˈʂiːɾ
avsikre	ɑːvˈsɪːkɾə
avsindig	ɑʋˈsɪnɪ
avsindig	ɑːʋsɪndɪ
avsindigere	ɑʋˈsɪnɪɾə
avsindigst	ɑʋˈsɪnɪkst
avsindigste	ɑʋˈsɪnɪkstə
avskaffe	aːfsgofˈfa
avskaffe	ɑːfˈskɑːfːə
avskaffe	ˈɑːʋskɑfə
avskaffet	ɑːfskɑːfət
avskar	ɑːvskɑːr
avskilte	ɑːfʃɪlˈtæ
avskjeden	ɑːfɕeːdn̩
avskjeder	ɑːfˈʂçeːɖər
avskjedige	ˈɑːʋʂeːdɪgə
avskjediget	ɑːfskjeːɪtʃ
avskjedsbrev	ɑːfˈʃeːdsˌbræɪ̯ː
avskjedssøknad	ɑːfskjɛ̀ːdsøknɑː
avskjære	ɑːfˈʂæːɾə
avskjære	ˈɑːʋʂæːɾə
avskjærer	ɑːfˈʂæɪ̯ːɾəɾ
avskjæring	ɑːfskjæːɾɪŋ
avskoge	aːvskuːgə
avskoginger	aːvskuːgjɪŋiɾ
avskrekke	ɑːfskɾɛkːə
avskrekke	ˈɑːʋskɾɛkə
avskrekkende	ˈɑːʋskɾɛkənə
avskrevet	ɑːfskɾeːvət
avskriv	ɑːfskriːʋ
avskrive	ɑːfskriːʋə
avskriver	ɑːfskriːvər
avskum	ɑːfskʉm
avskummet	ɑːfskʊmːət
avsky	ˈɑːʋʂyː
avskydd	ɑːvskʏdː
avskydde	ɑːfˈʂyːdːə
avskyelig	ɑʋˈʂyːəlɪ
avskyelige	ɑʋˈʂyːəlɪə
avskyeligere	ɑʋˈʂyːəlɪɾə
avskyr	ɑːfˈʂyːr
avskåret	ɑːfskɔːɾət
avslag	ɑːfslag
avslapning	ɑːvslɑːpɪŋ
avslappet	ɑːvslɑpːət
avslappet	ˈɑːʋʂɭɑpət
avslo	ɑːfsloː
avslutning	ɑːvslʉtnɪŋ
avslutningen	ɑːvslʉtɪŋən
avslutninger	ɑːvslʉtnɪŋɐr
avslutt	ɑːvslʉt
avslutte	ɑːvslʉtə
avsluttende	ɑːvslʉtːɛn
avslutter	ɑːvslʉtɐr
avsluttes	ɑːvslʉtːəs
avsluttet	ɑːvslʉtː
avslå	apslo
avslå	ɑːvslɔː
avslår	ɑːvslɔːr
avslås	ɑːvslɔːs
avslått	ɑːfsloːt
avslør	ɑːvslœɾ
avsløre	ɑːvsløːɾə
avslørende	ɑːvsløːɾɛnə
avslører	ɑːvsløːɾə
avsløres	ɑːvløːɾəs
avsløring	ɑːvsløːrɪŋ
avsløringen	ɑːvsløːrɪŋ
avsløringer	ɑːvsløːrɪŋər
avslørt	ɑːvsløɾt
avslørte	ɑːvslœɾtə
avsnitt	ɑːfsnɪt
avspark	avspˈark
avspark	ɑːvspɑːɾk
avspeiler	ɑːʋspeɪ̯lɛɾ
avsperret	ɑːfspeːrət
avspille	avspilːə
avspilling	ɑːʋspɪŋː
avspilling	əvspˈɪlɪŋ
avspore	ɑːʋspuːɾə
avsporet	ɑːʋspuːɾət
avstamning	avstˈamnɪŋ
avstamning	ɑːfstɑːmnɪŋ
avstand	ɑːvstɑnː
avstand	ˈɑːʋstɑn
avstanden	ɑːʋstɛndn̩
avstander	ɑːvstɛndər
avstandsforhold	ɑːvstɑnsfɔrɔld
avsted	ɑːvstɛː
avstemmingen	ɑːʋstɛmɪŋən
avstemning	ɑːʋstɛmnɪŋ
avstemningen	ɑːʋstɛmɲən
avstengt	ɑːfsteŋt
avstigning	ɑːvstɪŋɪŋ
avstikker	ɑːʋstɪkːər
avsto	ɑːʋʂtuː
avstraffelse	ɑːvstrɑfəlsə
avstår	ɑːvstɔːr
avstøpning	ɑːvstøːpniŋ
avsugning	ɑːfsʉŋɪŋ
avta	aftɑ
avtaie	ɑːftæɪ
avtale	ɑːvˈtɑːlə
avtalen	ɑːʋtɑːlən
avtalene	ɑːftɑːlənə
avtaler	ɑːʋtɑːlɛɾ
avtalt	aːftalt
avtalt	ɑːʋtɑlt
avtalte	ɑːftɑːltə
avtar	ɑːvˈtɑːr
avtrekk	avtrˈɛk
avtrekker	avtˈrɛkːiɾ
avtrekker	ɑːvtrɛkər
avtrekkeren	ɑːvtrɛkɛrən
avtrykkene	ɑːvtrʏkːə
avtrykket	ɑːvtrʏkːə
avveier	ɑːvˈʋæɪ̯ːr
avveket	ɑːvɑkˈɑt
avveksling	ɑːvɛksliŋ
avvenningskur	avˌɛnniːŋsg̊uːr
avvent	ɑːvˈʋɛnt
avvente	ɑːvˈʋɛntə
avventer	ɑːʋɛntər
avverge	ɑːvːərgə
avverge	ˈɑːʋæɾgə
avvik	avˈik
avvike	ɑːʋɪkə
avviker	ɑːvbɪkɪr
avviker	ɑːvɪkɛɾ
avvikere	ɑːvˈʋiːkəɾə
avvikle	ɑːvˈviklə
avvikle	ˈɑːʋɪklə
avviklet	ɑːvɪkɭ̥ɛt
avvis	ɑːvɪs
avvise	ɑːvviːsə
avvise	ˈɑːʋiːsə
avvisende	ɑːvviːsɛndə
avviser	ɑːvˈʋiːsər
avvises	ɑːvʋiːs
avvisning	ɑːvɪsnɪŋ
avvist	ɑːvʋɪst
avviste	avvistə
avviste	ɑːvːɪstə
avvæpne	ɑːvˈvæːpnə
aw	ɑʋ
awad	ɑʋɑt
awards	ɑːʋɑːʁs
away	ɑːʋeɪ
axe	ɑːkʂ
aya	ɑːjɑ
ayala	ɑɪɑlɑ
aye	æɪ
ayers	æɪ̯ɛɾ
ayla	ɑɪlə
ayres	æɪ̯ɾ
ayrton	ɑɪɾtn̩
azkadellia	ɑskɑdɛˈliːɑ
azzurra	ɑʃʉrɑ
aν	ɑː
ba	baː
ba	bɑː
ba	ˈbɑː
baba	ˈbɑːbɑ
babadook	ˈbɑːbɑːdʉk
babbel	ˈbɑbːəl
babbitt	ˈbɑbɪt
babe	ˈbɑːb
babette	ˈbɑːbɛtə
babineaux	ˈbɑːbɪnœʊ̯
bable	ˈbɑːblə
babler	ˈbɑːbləɾ
bablet	ˈbɑːblət
babord	ˈbɑːbɔɾ
babs	bɑːps
baby	bɛbɪ
baby	ˈbɑːbʏ
babyen	ˈbɑːbʏən
babyene	ˈbɑːbʏənə
babyens	ˈbɑːbʏəns
babyer	ˈbɑːbʏər
babylon	ˈbɑːbɪlɔn
bacalao	bakalao
bacalaoer	bakalaːoːer
bacall	baˈkɑɭ
bach	baːx
bachelor	batʃlɛr
bachelor	ˈbɑːʧəl
bachman	baχman
bachmann	baχman
back-up	ˈbɑkʉp
backer	ˈbɑkər
backgammon	ˈbɑːkgɑmɔn
backhand	ˈbɑːkhɑːn
backup	ˈbɑːkʉp
bad	bɑːd
bade	baːd̥ə
bade	ˈbɑːdə
badebukse	ˈbɑːdəbʊskə
badebukser	ˈbɑːdəbʉksər
badedrakten	batˀədrakten
badedrakten	ˈbɑːdɛdrɑːktn̩
badehette	bɑːdəhɛtə
badehus	baːdɛhʉs
badehuset	baːdəˈhʉːsə
badekar	bavəkaːɾ
badekar	baːdəkɑːr
badekaret	ˈbɑːdəkɑːɾət
badekåpe	bɑːdəkoːpə
badekåpe	ˈbɑːdəkɔːpə
badekåpen	ˈbɑːdəkɔːpn̩
bader	ˈbɑːdər
badering	bɑːdəɾɪŋ
baderom	ˈbɑːdərʊm
badesalt	ˈbɑːdəsɑlt
badet	paːtɛ
badet	ˈbɑːdət
badetøy	ˈbɑːdətœʏ
badevakt	bɑːdəʋɑkt
badevannet	ˈbɑːdæˌvɑnːə
badger	ˈbɑːɖər
bading	paldɪŋ
badlands	ˈbɑːdlɑns
badminton	ˈbædmɪntən
badminton	ˈbɑːdmɪntɔn
badstua	baːstʉː
badstue	ˈbɑstʉ
baelish	ˈbæːlɪʃ
baerer	ˈbæːrər
bag	baːg
bag	bˈag
bagasje	bɑˈgɑːʂə
bagasje	ˈbɑgɑʃə
bagasjeluke	bɑˈgɑːʂəlʉːkə
bagasjen	bagaˈʃi
bagasjen	bagɑʃən
bagasjerom	bɑˈgɑːʂəɾʊm
bagasjerom	ˈbɑːgɑːʃəɾʊm
bagasjerommet	bagɑʃɛɾɔmː
bagatell	bagɑˈtɛl
bagatell	vagatˈɛl
bagateller	bagɑˈtɛlːər
bagatellisere	bɑgɑtəlɪˈseːɾə
bagdad	bagdɑː
bagel	bagəl
bagels	bagəls
bagen	baːgən
bagene	baːgənə
bager	baːgər
bagett	vagˈɛt
baggen	bagn̩
bagger	bagɛr
bagheera	bageːɾə
bagram	ˈbɑːgrɑm
bagwell	bagʋɛl
bah	baː
bahamas	baˈhɑːmɑs
baht	baːt
bai	baɪ̯
bailey	baɪl
baileys	baɪlɪs
bain	baɪn
bainbridge	baɪnbrɪdʒ
baines	baɪnəs
baird	ˈbæɪɾ
baja	bajɑ
bajie	bajiː
bajonetten	baɪ̯u̯nɔtɛn
bajor	baɪɔr
bajorans	bajɔrɑns
bak	baːk
bak	boːk
bak	bɑːk
bakdel	baːkɛɬː
bakdelen	baːkˈdɛːln̩
bakdør	baːkdøːr
bakdøra	baːkdøːɾʉ
bakdøren	baːkˈdøːɾən
bake	pake
bake	ˈbɑːkə
baken	ˈbɑːkən
bakende	ˈbɑːkənə
bakenden	ˈbɑːkənən
bakepulver	ˈbɑːkəpʉlvər
baker	ˈbɑːkəɾ
bakeren	ˈbɑːkəɾən
bakeri	bakeɾiː
bakeri	bɑːkəˈɾiː
bakeri	ˈbɑːkəɾɪ
bakeriet	ˈbɑːkəɾɪət
bakers	ˈbɑːkəʂ
bakersfield	ˈbɑːkərsfiːld
bakerste	ˈbɑːkəɾstə
bake|bakke	pakːɛbakːɛ
bakfra	baːkfrɑ
bakfull	baːkful
bakgata	baggɑːtɑ
bakgate	baːkgɑːtə
bakgaten	baːkgɑːtn̩
bakgrunn	baːkgrʉn
bakgrunnen	baːkgrʉnː
bakgrunner	baːkgrʉnːər
bakgrunnshistorie	ˈbɑːkgrʉnːsɪstɔɾɪə
bakgrunnssjekk	ˈbɑːkgrʉnsʃɛk
bakgrunnsstøy	ˈbɑːkgrʉnsˌstœʏ
bakgård	bagɔɾː
bakgården	bagɔɾːən
bakhagen	baːkɑgən
bakhodet	ˈbɑːkɔdeːt
bakhold	ˈbɑːkhɔːl
bakholdet	ˈbɑːkhʊldət
bakholdsangrep	ˈbɑːkhɔlsɑŋgrɛp
bakholdsangrepet	ˈbɑːkhɔlsɑŋʁɛːpət
baki	baki
bakk	baʰk
bakk	bɑk
bakke	baːkə
bakke	ˈbɑkə
bakken	bakːɛn
bakken	ˈbɑkn̩
bakken	ˈbɑkən
bakkene	bakːiːnˈa
bakkene	ˈbɑkːənə
bakkenivå	bɑkənɪʋoː
bakker	bakər
bakker	bokke
bakket	bˈakːɪt
bakkete	pakːetːe
bakketoppen	baˈkːətɔpːən
baklengs	baklˈɛŋs
baklengs	bɑːklɛŋs
baklengs	ˈbɑːklɛŋs
baklomma	baːklɔmːɑ
baklykt	bˈaklykt
baklykter	bakliːktər
baklys	baːklʏs
baklys	bɑːklyːs
bakom	ˈbɑːkɔm
bakover	bako˥˩ːvɛr
bakover	ˈbɑːkʊvər
bakporten	ˈbɑːkpɔɾtəɳ
bakpå	ˈbɑːkpɔ
bakre	baːkrə
bakre	bˈɑːkrə
bakrom	baːkrɔm
bakrommet	ˈbɑːkrɔmət
bakrus	baːkrʉs
bakrusen	ˈbɑːkrʉːsən
bakse	ˈbɑksə
baksete	paːksete
baksida	baˈkʂiːda
bakside	ˈbɑːksɪdə
baksiden	bɑːksiːdən
baksiden	ˈbɑːksɪdəɳ
baksnakke	ˈbɑːksnɑkə
bakspeilet	ˈbɑːkspæɪ̯lət
bakst	baks
bakst	bɑks
bakt	baːkt
bakt	bɑkt
baktale	ˈbɑːktɑːlə
baktanker	ˈbɑːktɑŋkər
bakte	baktɪ̞
bakte	baːktə
bakte	ˈbɑktə
bakterie	ˈbɑktəʁiː
bakteriell	bɑktəɾɪˈɛl
bakterien	ˈbɑktəʁiən
bakteriene	ˈbɑktəɾiən
bakterier	bˌɑktɛrjɛr
bakterier	ˈbɑktəʂɪər
baktrappen	ˈbɑːktɾɑːpn̩
baktroppen	ˈbɑːktɾɔpən
baku	ˈbɑːkʉ
bakus	ˈbɑːkʉs
bakuto	ˈbɑːkʉtʉ
bakvaske	ˈbɑːkʋɑskə
bakveien	baːkʋæɪən
bakvendt	baːkʋɛnt
bakvendt	ˈbɑːkʋənt
bakverk	baːkʋæɾk
bakverk	bɑːkʋæɾk
balam	ˈbɑːlɑm
balan	ˈbɑːlɑn
balanse	baloŋsa
balanse	ˈbɑːlɑ̀nsə
balansen	ˈbɑːlɑn̪sən
balansere	bɑlɑŋˈseːɾə
balansere	ˈbɑːlɑnˌseːɾə
balanserer	ˈbɑːlɑnˌseːɾər
balansert	bɑlɑŋˈseːʈ
balansert	ˈbɑːlɑnˌsæɾt
balboa	balbɔː
balder	baldɛr
baldrick	baltrɪk
baldwin	ˈbɑːldʋɪn
bale	baːlə
bale	ˈbɑːlə
bali	balɪ
balin	ˈbɑːlɪn
balja	baljɑ
balje	baljə
balkan	bɑɫkɑn
balkan	ˈbɑːlkɑːn
balkong	baːlkuŋ
balkong	bɑlˈkɔŋ
balkongen	ˈbɑːlkɔŋən
balkonger	bɑlkʊŋgir
ball	bal
ball	bɑl
ball	bɑːɭ̥
balla	balː
ballader	ˈbɑːlɑːdər
ballard	balɑɭː
ballast	balɑst
balle	balːə
balle	ˈbɑlə
ballen	balən
ballene	balːlənə
baller	balːɛr
ballerina	baləˈɾiːnə
ballet	balːɛt
ballets	balːts
ballett	balːɛt
ballett	bɑˈlɛt
ballettdanser	balːɛtːdɑnsər
balletten	balːɛtən
ballin	balːɪn
ballistikk	balɪstɪk
ballistiske	balɪstɪskə
ballkjole	ˈbɑlçuːlə
ballong	balɔŋ
ballongen	balːɔŋən
ballongene	balːɔŋə
ballonger	ballʊŋɪ̞r
ballonger	balːˈlɔŋər
ballou	baluː
ballroom	balːruːm
balls	bal̥ːs
ballsal	balːsɑːl
ballsal	ˈbɑlsɑːl
ballsalen	balːsɑlən
ballspill	ˈbɑlspɪl
balltre	balːtrɛ
balltreet	balːtrɛt
balltrening	ˈbɑltɾeːnɪŋ
baloo	ˈbɑːluː
balsam	balsam
balsam	balˈsɑm
balsamere	bɑlsɑˈmeːɾə
balthazar	balθaˈsɑːr
baltimore	ˈbɑːltɪmɔːr
baltisk	baltɪsk
baltus	ˈbɑltʉs
balu	ˈbɑːlʉ
bam	ˈbɑːm
bamako	ˈbɑːmɑkʊ
bambi	ˈbɑmbi
bambino	ˈbɑmbɪnʊ
bambus	ˈbɑmbʉs
bamse	ˈbamsə
bamsefar	ˈbamsəˌfɑːr
bamsen	ˈbamsn̩
bamser	ˈbamsər
ban	ban
banal	banal
banal	bɑˈnɑːl
banal	ˈbɑːnɑːl
banale	banɑːlə
banalt	banalt
banalt	ˈbɑːnɑlt
banan	bɑˈnɑːn
banan	ˈbɑːnɑn
banana	bananə
bananas	bananəs
bananen	ˈbɑːnɑːnə
bananene	ˈbɑːnənə
bancroft	ˈbɑːnkrɔft
bandasje	banˈdasjə
bandasjen	banˈdɑʃən
bandasjene	banˈdɑʃənə
bandasjer	banˈdasjər
bandasjere	banˈdɑʃəɾə
bandasjere	bɑnɑˈʂeːɾə
bande	bandə
bande	ˈbɑnə
banden	bandən
bandene	banˈdeːnə
bander	ˈbɑːndər
bandet	band̥ət
bandets	banˈdɛts
bandit	banˈdɪt
banditt	banˈdɪt
banditten	banˈdɪtən
bandittene	banˈdɪtənə
banditter	banˈdɪtər
bando	bando
bandt	ban̥t
bandy	ˈbɑndi
bane	baːnə
bane	ˈbɑːnə
banebrytende	ˈbɑːnəbɾyːtənə
banehalvdel	banəhɑldæl
banen	ˈbɑːnə
banene	ˈbɑːnənə
baner	ˈbɑːnər
banet	ˈbɑːnət
bange	baŋə
bangkok	baŋkɔk
bangladesh	baŋgɛlæʃ
bangor	ˈbɑŋgɔr
bangs	ˈbɑŋs
bangui	ˈbɑŋgʉi
banion	ˈbɑːnɪɔ̯n
banjo	banjʊ
bank	bɑŋk
bankboks	baŋkbuːks
bankboksen	ˈbɑŋkbɔksn̩
bankbokser	baŋkbuʃər
banke	pɔnkæ
banke	ˈbɑŋkə
banken	ˈbɑŋkən
bankende	ˈbɑŋkənə
bankene	baŋkənə
bankens	ˈbɑŋkəns
banker	ˈbɑŋkər
bankerott	ˈbɑŋkərɔt
banket	bɑŋkɪt
banket	ˈbɑŋkət
bankett	baŋkɛt
banketten	ˈbɑŋkətən
bankfolk	ˈbɑŋkfɾɔk
bankier	ˈbɑŋkɪər
banking	ˈbæŋkɪŋ
bankingen	ˈbɑŋkɪŋən
bankkonti	baŋkˈkʰʊntɪ
bankkonto	baŋkˈkʰɔntuː
bankkontoen	ˈbɑŋkˌkɔntʉːn
bankkontoene	ˈbɑŋkˌkɔntuːə
bankkontoer	ˈbɑŋkˌkɔntʊər
bankmann	baŋkman
bankmannen	ˈbɑŋkmanːn̩
bankmenn	baŋkmenː
bankran	baŋkɾɑn
bankraner	ˈbɑŋkɾɑnər
bankranere	ˈbɑŋkɾɑnəɾə
bankranerne	ˈbɑŋkɾɑnəɳə
bankranet	ˈbɑŋkɾɑnət
banks	baŋks
banksjefen	baŋkʃɛfən
bann	ban
banne	banː
banne	ˈbɑnə
banneord	banːɔːɾ
banner	ˈbɑnəɾ
banner	ˈbɑnːər
bannere	banːɾə
banneret	ˈbɑːnəɾɛt
bannerman	ˈbɑːnəɾman
banning	ˈbɑnɪŋ
banningen	ˈbɑnɪŋən
bannion	banːɪɔn
bannlyse	ˈbɑnlyːsə
bannlyst	banːlʏst
bannon	ˈbɑnɔn
banquo	bankʉ
banshee	ˈbɑnʃiː
baptist	ˈbɑptɪst
baptista	ˈbɑptɪstɑ
baptiste	ˈbɑptiːp
bar	baːr
bar	bɑːɾ
bara	baːɾɑ
barabbas	ˈbɑːrɑbɑs
barack	baɾɑk
baracus	ˈbɑːrɑːkʉs
baran	ˈbɑːrɑn
baratheon	ˈbɑːrɑːtɛɔn
barb	baɾb
barbados	ˈbɑːɾbɑːdɔs
barbar	ˈbɑːrbɑːr
barbara	bɑːrbara
barbara	ˈbɑːɾbɑːɾɑ
barbarella	ˈbɑːrːbɛɭə
barbaren	ˈbɑːrbɑːɾən
barbarer	ˈbɑːrbɑːrər
barbari	ˈbɑːrbɑri
barbarisk	bɑɾˈbɑːɾɪsk
barbariske	ˈbɑːɾbɑɾɪskə
barbeint	ˈbɑːɾbæɪ̯nt
barbent	ˈbɑːɾbeːnt
barbent	ˈbɑːɾbɛnt
barber	bəɾbeːɾ
barber	ˈbɑːbər
barbere	bɑɾˈbeːɾə
barbere	ˈbɑːɾbɛɾə
barberer	ˈbɑːbɛrər
barbereren	ˈbɑːbərən
barberhøvelen	barbeːrhøˀvəlˀɛn
barberhøvlene	barberhɛvlene
barberhøvler	barbeːrhøvlɛr
barbering	ˈbɑːrbərɪŋ
barberingen	ˈbɑːɾbərɪŋən
barberkniv	barberkniv
barberkniv	ˈbɑːrbərknɪʋ
barberskum	ˈbɑːɾbɛʂkʉm
barberte	ˈbɑːɾbɛɾtə
barbie	ˈbɑːɾbɪ
barbies	ˈbɑɾbɪs
barbossa	ˈbɑːrbɔsɑ
barbra	baɾbrɑ
barca	baɾkɑ
barcelona	ˈbɑːrsəlɔnə
barclay	ˈbɑːrklɑɪ
bard	baːɖ
bardehval	barɛdɛvaɫ
bardisken	baɾdɪskən
bardus	bɑˈɖʉːs
bare	baːɾə
bare	ˈbɑːɾə
bareil	baɾæɪ̯l
baren	baːɾən
baren	bɑːɳ
barene	baːɾənə
barer	baːrˈɛt
barer	ˈbɑːrər
barer	ˈbɑːɾəɾ
baret	ˈbɑːrət
barføtt	baɾføtː
barista	parista
bark	baɾk
barken	ˈbɑːrkən
barker	ˈbɑːkər
barkley	baɾkleː
barkrakk	barkrakː
barksdale	baʁkʃɑːlə
barley	baːɭɛ
barlow	baːɭɔ
barm	baːrm
barmhjertige	ˈbɑːɾmjɛɾtɪgə
barmhjertighetsdrap	ˈbɑːɾmjɛɾtɪçtsdɾɑːp
barn	bɑːɳ
barna	ˈbɑːɳɑ
barnabas	ˈbɑːrnɑːbɑs
barndom	ˈbɑːɳdɔm
barndommen	ˈbɑːɳdɔmən
barndommens	ˈbɑːɳdɔməns
barndoms	ˈbɑːɳdɔms
barndomshjemmet	ˈbɑːɳdɔmˌsjɛmət
barndomsvenn	ˈbɑːɳdɔmsˌʋɛnː
barndomsvenner	ˈbɑːɳdɔmsˌʋɛnːər
barne	ˈbɑːɳə
barnearbeid	ˈbɑːɳəɑɾbæɪ̯ɪ
barnebarn	bɑɾnɑbɑɾn
barnebarn	bɑːrnbɑːrn
barnebarn	bɑːɳəbɑːɳ
barnebarn	ˈbɑːɳəˌbɑːɳ
barnebasseng	bɑːɳəbɑsɛŋ
barnebidrag	ˈbɑːɳəbiːdrɑːg
barnebøker	ˈbɑːɳn̩bøːkər
barnefaren	ˈbɑːɳəˌfɑːɾən
barnehage	ˈbɑːɳəhɑgə
barnehage	ˈbɑːɳəhɑːgə
barnehagen	ˈbɑːɳəhɑgn̩
barneheis	bɑːɳəhæɪs
barnehjem	bɑːrnejem
barnehjem	ˈbɑːrnəjɛm
barnehjemmet	ˈbɑːɳəjɛmət
barnelege	bɑːɳəleːgə
barnelege	ˈbɑːɳəlɛgə
barnelegen	ˈbɑːɳəleːgən
barnell	baːɳɛɭ
barnemat	boːrnɛmɔd
barnemat	bɑːɳəmɑːt
barnemat	ˈbɑːɳəˌmɑːt
barnemishandling	ˈbɑːɳəmiˌʃɑ̀ːɳɫɪŋ
barnemorder	ˈbɑːɳəˌmoːɖər
barnepass	bɑːɳəpɑs
barnepass	ˈbɑːɳəpɑs
barnepasser	ˈbɑːɳəpɑsːər
barnepike	ˈbɑːɳəpɪkə
barnepiken	ˈbɑːɳəpɪkən
barnepiker	ˈbɑːɳəpɪkəɾ
barneporno	ˈbɑːɳəpɔɳo
barneporsjon	bɑːɳəpʊʂuːn
barnerim	baɾneɾim
barnerom	ˈbɑːrnəɾʊm
barnerommet	ˈbɑːrnəɾɔmət
barnerov	ˈbɑːrnəɾɔʋ
barnerumpe	ˈbɑːɳəɾʊmːə
barnes	ˈbɑːrnəʂ
barneselskap	ˈbɑːɳəʃɛlskɑp
barneseng	bɑːɳəsɛŋ
barneseng	ˈbɑːɳəseŋ
barnesjukdom	bɑːɳəʂʉːkdʊm
barneskole	ˈbɑːɳskɔːlə
barneskolen	ˈbɑːɳskʉːlən
barnesykehus	ˈbɑːɳəʃyːkəʊs
barnet	baːrnɛ
barnet	ˈbɑːrnə
barnets	ˈbɑːɳəts
barnett	ˈbɑːnət
barnevakter	ˈbɑːɳəˌvɑktəɾ
barnevogna	ˈbɑːɳnəʋɔgnɑ
barney	baːrni
barneys	ˈbɑːrnɪs
barnløse	ˈbɑːɳlœsə
barns	bɑːɳʂ
barnsben	ˈbɑːɳ̥sˌbɛn
barnslig	ˈbɑːrnsliː
barnum	ˈbɑːɳʉm
barokk	bɑˈɾɔk
baron	ˈbɑːrɔn
barone	ˈbɑːrʊnə
baronen	ˈbɑːrən
baronene	ˈbɑːrɔnənə
baronens	ˈbɑːrənəns
baronesse	ˈbɑːrənɛsə
barrel	ˈbɑːrəl
barret	ˈbɑːrət
barrett	ˈbɑːrɛt
barrie	ˈbɑrɪ
barriere	bariˈaɾa
barriere	ˈbɑːrɪəɾə
barrieren	ˈbɑːrɪən
barrierer	ˈbɑːrɪəɾːə
barrikade	ˈbɑrɪkɑːdə
barrikaden	ˈbɑrɪkɑːdən
barrikadene	ˈbɑrɪkɑːdənə
barrikader	baɾɪˈkɑːdər
barrikadere	bɑɾɪkɑˈdeːɾə
barrikadert	ˈbɑrɪkɑːdæɾt
barrington	ˈbɑːrɪŋtɔn
barris	ˈbɑrɪs
barristan	ˈbɑːrɪstɑn
barron	ˈbɑːrɔn
barrow	baːrʊ
barry	baʀɪ
barrymore	ˈbɑːrɪmɔːr
barrys	ˈbɑrːʏs
barsel	baɾsəl
barselseng	baɾsəlsɛŋ
barsk	baʂk
barsk	bɑʂk
barske	baʂkə
barsken	baʂkən
barskt	baʂkt
barslagsmål	ˈbɑːrslɑgsmoːl
barsoom	ˈbɑːrsuːm
barstow	ˈbɑːrstɔʊ̯
bart	baʈ
bart	bɑʈ
barten	ˈbɑːʈn̩
bartender	ˈbɑːtɛndər
bartendere	ˈbɑːʈənəɾə
bartenderen	ˈbɑːtɛndəɾən
barter	b̥art̥iːr
bartholomew	ˈbɑːɾtəlɔmɑːʊ
bartlett	ˈbɑːrtlɛt
bartok	baɾtɔk
barton	baːʈɔn
bartowski	ˈbɑːrtɔʊski
baryton	ˈbɑɾɪtɔn
basaren	ˈbɑːsɑːɳ
basarhall	basaːrhɑl
base	beːs
base	fasa
base	ˈbɑːsə
baseball	ˈbɑːsbɑːl
baseballkamp	ˈbɑːsəbɑːlˌkɑmː
baseballkort	ˈbɑːsəˌbɑːlˌkɔʈ
baseballspiller	ˈbɑːsəbɑːlspɪlɛr
basehopping	bɑsəhɔpɪŋ
basel	ˈbɑːsəl
baseleiren	ˈbɑːsəlɑɪ̯ːɾən
basen	ˈbɑːsən
basene	ˈbɑːsənə
basens	ˈbɑːsəns
baser	ˈbɑːsər
basere	bɑˈseːɾə
baserer	ˈbɑːsəɾər
basert	ˈbɑːsɛɾt
baserte	basɛɾtə
bashir	baʃɪɾ
basil	ˈbɑːsɪl
basilik	basɪlˈɪk
basilikum	bɑˈsiːlɪkʉm
basilikum	ˈbɑːsɪlʉm
basiller	ˈbɑːsɪɭər
basin	ˈbɑːsɪn
basis	basɪs
basis	ˈbɑːsɪs
baskerville	ˈbɑːʃkərvɛɭ
basket	ˈbɑskət
basketak	ˈbɑskətɑk
basketball	bɔskɛtbɔɫ
baskin	ˈbɑʃkɪn
bass	baʂ
bassam	baʂam
bassanio	ˈbɑːsɑːnɪoʊ
bassen	ˈbɑːsən
basseng	baˈsɛŋ
bassenger	ˈbɑːsɛŋər
bassenget	ˈbɑːsəŋn̩
bast	bˈast
basta	ˈbɑstə
bastard	ˈbɑstɑɾ
bastarden	ˈbɑstɑɾn̩
bastarder	ˈbɑstɑɖər
bastian	bɑstjɑn
bastillen	ˈbɑstɪlən
bastogne	ˈbɑstɔɲːə
bastøy	pɔstɛj
basun	bɑˈʂʉːn
bat	bɑːt
batalje	bɑˈtɑljə
bataljon	bataljoːn
bataljon	ˈbɑːtɑljɔn
bataljonen	ˈbɑːtɑljʊn̩
bataljoner	ˈbɑːtɑːljuːnər
bateman	ˈbɑːtəmɑːn
baten	ˈbɑːtən
bates	baːtɛs
bath	baːθ
bathsheba	baːtʃʃeːbɑ
batiatus	ˈbɑːtɪɑːtʊs
batista	ˈbɑːtɪstə
baton	ˈbɑːtɔn
batong	ˈbɑːtɔŋ
batongen	ˈbɑːtʊŋən
batter	ˈbɑtːər
batteri	bɑtəˈɾiː
batteri	ˈbɑtəɾɪ
batterier	ˈbɑtəɾɪəɾ
batteriet	ˈbɑtəɾɪt
battery	ˈbɑtɛɾi
battle	ˈbɑːtl̩
baudelaire-barn	boːdəlɛːɾəbɑːɳ
baudelaire-barna	boːdəlɛːɾəbɑːɳɑː
bauers	ˈbɑʉ̯ːs
bauerschwein	ˈbɑʊ̯ɛʂʋæɪ̯n
baufil	ˈbɑʊfɪl
baug	bauːk
baug	buːg
baugen	boʊ̯gn̩
baumann	ˈbɑːʊman
bauxitt	boːuksɪt
bavian	ˈbɑːʋɪɑn
bay	baɪ
bayanov	baɪɑːnɔʋ
bayard	baɪɑːɾ
bayer	baɪ̯ɛr
bayley	baɪ̯le
baylor	ˈbɑːlɔɾ
baz	baːs
bazooka	baˈzuːkɑ
bc	beːʃ
bea	beː
beale	beːlə
beam	beːm
beamen	beːmən
bean	biːn
beanie	ˈbæːnɪ
beans	biːn
bear	beːr
bearbeide	beːɾbæɪ̯d̥ə
bearbeide	ˈbeːɑɾbæɪdə
bearbeider	beːɾˈbɑɪ̯ːɖər
bearbeidet	beːɾbɛɪ̯d
bears	beːɾs
beasley	beɪsli
beast	biːst
beat	biːt
beata	beːɑːtɑː
beate	peat̪a
beatles	biːtəls
beatrice	beatɾis
beau	boː
beauchamp	ˈbæʊ̯tʃæmp
beaudry	ˈbæʊ̯driː
beaufort	ˈbæʊ̯fɔɾt
beaumont	ˈbæːmɔnt
beauregard	ˈbæʉ̯ɑːɾgɑːɾ
beav	beːʋ
beaver	beːvər
bebo	bɛˈbuː
bebodd	ˈbæːbɔt
bebodde	ˈbɛbɔdə
beboere	beˈbueɾa
beboerne	ˈbɛːbʊ̀ːɳə
bebreide	bɛˈbɾæɪdə
bebreider	ˈbæːbrɛɪːɖər
bebreidet	ˈbæːbræɪ̯tə
becca	ˈbɛkka
bechuanaland	ˈbɛçʉ̂ːnɑːlɑn
beck	beːk
becker	ˈbɛkər
becket	ˈbɛkət
beckett	ˈbɛkɛt
beckham	ˈbɛkʃæm
becks	beːks
beckwith	ˈbɛkʋɪtʰ
becky	ˈbɛki
bed	bˈɛd
beda	bˈeːba
bedagelig	bəˈdɑːgəlɪ
bedagelige	bəˈdɑːgəlɪə
bedageligere	bəˈdɑːgəlɪɾə
bedageligste	bəˈdɑːgəlɪkstə
bedervet	bəˈdæɾʋət
bedervet	ˈbeːdərʋət
bedra	beːdra
bedra	bəˈdɾɑː
bedrag	bəˈdɾɑːg
bedrager	ˈbɛːdragər
bedrageri	bɛdɾɑːgəˈɾiː
bedrageri	pətɾɔgɛriː
bedrageri	ˈbɛːdragəɾi
bedraget	ˈbɛːdragət
bedrar	ˈbɛdrɑːr
bedratt	ˈbɛdrɑt
bedre	ˈbeːdɾə
bedre	ˈbɛːdrə
bedrer	ˈbæːdrə
bedret	ˈbɛːdrət
bedrevet	ˈbɛːdrəʋɛt
bedreviter	ˈbɛːdrɛvɪtər
bedrift	bədrˈɪft
bedriften	bədrˈɪftən
bedriften	ˈbæːdɾɪptn̩
bedriftene	ˈbæːdɾɪtnə
bedriftens	ˈbæːdrɪftəns
bedrifter	ˈbɛːdrɪftər
bedring	vˈɛʁiŋ
bedring	ˈbæːdrɪŋ
bedringens	ˈbæːdɾɪŋəns
bedrings	fˈədrɪŋs
bedriten	ˈbæːdrɪtn̩
bedritent	ˈbɛːdrɪtənt
bedritne	ˈbɛːdrɪtnə
bedrive	bəˈdɾiːʋə
bedrive	ˈbeːdɾɪːvə
bedro	beːdr̥o
bedro	bɛdrˈu
bedrøvelig	bəˈdɾøːʋəlɪ
bedrøvelig	ˈbæːdrøːʋəlɪ
bedrøvelige	bəˈdɾøːʋəlɪə
bedrøveligere	bəˈdɾøːʋəlɪɾə
bedrøveligste	bəˈdɾøːʋəlɪkstə
bedt	beːt
bedt	bˈɛt
bedugga	bəˈdʉgət
bedugget	bəˈdʉgət
beduinene	ˈbæːdɪʉnə
bedårende	bəˈdoːɾənə
bedømme	bəˈdœmə
bedømme	bɛdɛmmɑ
bedømme	ˈbæ̀ːdømːə
bedømmelse	ˈbæ̀ːdømːəlsə
bedømmer	ˈbæ̀dømər
bedømmes	ˈbæ̀ːdømːəs
bedøv	ˈbæ̀ːdøʋ
bedøve	bəˈdøːʋə
bedøvelsesmiddel	ˈbæːdøʋəlsəsˌmɪɖːəl
bedøver	ˈbæ̀ːdøʋər
bee	biː
beebe	beːb
beechum	biːçʉm
beef	biːf
beekman	biːkman
been	biːn
beep	biːp
beer	biːr
beers	biːɾs
beethoven	beːtˈhɔvn̩
beethovens	beːˈtʰøːvəns
befale	tafɑla
befalhavende	ˈbɛfɑːlhɑːvɛnə
befalshavende	ˈbɛːfɑlsˌhɑːʋənə
befalt	ˈbɛfɑlt
befalte	ˈbɛfɑltə
befant	ˈbæfɑnt
befatning	ˈbɛfɑtnɪŋ
befatte	bəfˈatːa
befestede	ˈbɛfɛstədə
befinne	bəˈfɪnə
befinne	bɛˈfɪnə
befinne	ˈbæːfɪnə
befinner	ˈbæfnɪnər
befolke	bəˈfɔlkə
befolkning	ˈbæːfɔlknɪŋ
befordre	bəˈfɔɖɾə
befri	bəˈfɾiː
befri	ˈbæfriː
befridd	ˈbɛfrɪt
befrielse	pɛfriːəlsɛ
befriende	ˈbɛfrɪənə
befrir	ˈbɛfrɪr
befris	ˈbɛːfrɪs
befrukte	bəˈfɾʉktə
befruktet	ˈbɛ̀ːfrʉktət
bega	beːgɑ
begava	bəˈgɑːʋət
begavede	ˈbægɑːvədə
begavelse	ˈbægɑʋəlsə
begavet	ˈbægɑːʋət
begbie	ˈbɛgbiː
begeistring	ˈbæɪ̯gɛɪ̯stɾɪŋ
beger	pʲæːgʲɪr
begeret	ˈbɛgəɾət
begge	ˈbɛgːə
begges	begɛs
begi	beːgi
begi	bəˈjiː
begikk	begɪk
begir	beːgɪr
begir	pɛˈiʁ
begivenhet	ˈbæɪ̯ɪːvn̩hɛt
begivenheten	ˈbæɪ̯ɪvənətn̩
begjær	ˈbægjæːr
begjære	bəˈjæːɾə
begjæring	ˈbægjæːrɪŋ
begjæringen	ˈbæɪ̯gjæːrɪŋ
begjærlige	bəˈjæːɭɪə
begjærligere	bəˈjæːɭɪɾə
begjærligst	bəˈjæːɭɪkst
begjærligste	bəˈjæːɭɪkstə
begrav	begɾɑːv
begravd	ˈbægrɑːʋ
begravde	ˈbægrɑːvdɛ
begrave	bəˈgɾɑːʋə
begravelsen	ˈbæːgrɑːvləsn̩
begravelsesagenten	ˈbæːgrɑːvləsɑɪ̯ˌɛntən
begravelsesbyrå	ˈbɛːgrɑːvlɛsbyːɽɑː
begraver	bəgraːbər
begraver	ˈbægrɑːʋər
begravet	ˈbægrɑːvət
begre	pˈɛgɾa
begrene	ˈbægrənə
begrens	ˈbæɪ̯grɛns
begrensa	bəˈgɾɛnsət
begrense	bəˈgɾɛnsə
begrense	ˈbæɪ̯grɛnsə
begrensende	ˈbæɪ̯grɛnsn̩də
begrenser	ˈbæɪ̯grɛsnər
begrenset	bəˈgɾɛnsət
begrenset	regrɛnsɛt
begrenset	ˈbæːgrɛnsət
begrensning	ˈbæːgrɛnsɪŋ
begrensningene	ˈbæɪ̯grɛnsɪŋənə
begrensninger	ˈbæɪ̯grɛnsɪŋər
begrep	beːgrɛp
begrep	bəgrˈeːp
begrep	bəˈgɾeːp
begreper	ˈbægrɛːpər
begrepet	ˈbægrɛːpət
begripe	begɾiːpə
begripelig	bəˈgɾiːpəlɪ
begripelige	bəˈgɾiːpəlɪə
begripeligere	bəˈgɾiːpəlɪɾə
begripeligst	bəˈgɾiːpəlɪkst
begriper	ˈbæɪ̯ːgrɪpər
begrunne	bəˈgɾʉnə
begrunnet	ˈbægrʉnːət
begynne	ˈbæɪ̯ɲːə
begynnelse	bæjɪ̞nnælsæ
begynnelse	bɛjʏnɛlsə
begynnelse	ˈbæʝɪnːəlsə
begynner	ˈbæ̀ɪ̯nːər
begynt	ˈbæɪ̯gʏnt
begå	begoː
begå	bɛˈgoː
begå	tiko
begår	beːgoːr
behag	beːɑːg
behage	beːɑgə
behage	bæhaga
behage	bəˈhɑːgə
behagelig	bəˈhɑːgəlɪ
behagelige	bəˈhɑːgəlɪə
behageligere	bəˈhɑːgəlɪɾə
behageligst	bəˈhɑːgəlɪkst
behageligste	bəˈhɑːgəlɪkstə
behager	beːgɑːɾ
behandle	bəˈhɑnlə
behandle	b̥əhandla
behandle	ˈbænhɑːlə
behandlet	bəhˈandlət
behandling	bɒhˈanlˈiːng
behandlingen	b̥eːˀhˈandlɪŋən
behandlingen	ˈbænhɑːdlɪŋən
behandlinger	b̥ɛʁhand̪lɪŋer
behersk	ˈbæːhæɾsk
beherska	bəˈhæʂkɑ
beherske	bæhɪ̞rske
beherske	bəˈhæʂkə
beherske	ˈbæɪ̯ɛʂkə
behersker	ˈbæɪ̯ɛʂkər
behersket	bəˈhæʂkət
behersket	ˈbæɪ̯ɛʂkət
behjelpelig	ˈbæɪ̯jəlpəlɪ
behmen	beːmən
behoide	ˈbæːɔɪ̯də
beholde	bəˈhɔlə
beholde	ˈbæːhɔɭə
beholder	bɛˈhɔləɾ
beholderne	ˈbæːhɔldərnə
behov	beˈuv
behovene	beːhuːvənə
behring	beːrɪŋ
behå	beːhoː
behørig	bəˈhøːɾɪ
behørige	bəˈhøːɾɪə
behørigere	bəˈhøːɾɪɾə
behørigst	bəˈhøːɾɪkst
behørigste	bəˈhøːɾɪkstə
behøvde	ˈbæːhœʋd̥ə
behøve	bəˈhøːʋə
behøve	ˈbæːhœʋə
beige	beɪ̯gə
beige	ˈbeːʒə
beijing	beɪˈçɪŋ
beile	beɪ̯lə
beilere	beɪləɾə
bein	beːn
bein	bæɪn
beina	beɪ̀nɑ
beinbrudd	beːnbrʊd
beinene	beɪ̀nənə
beinet	beɪnət
beinete	ˈbæɪ̯nətə
beinharde	beːɲɑːɾdə
beinhardt	ˈbæɪ̯nɑɾt
beinmarg	beɪ̯nmaɾg
beinmargen	beɪ̯nˈmɑrgn̩
beirut	beɪɾʉt
beisk	bæɪsk
beist	beɪ̯st
beist	bæɪst
beist	bˈaɪst
beistene	beɪ̯stənə
beit	beɪ̯t
beit	bˈaɪt
beite	biːtə
beite	ˈbæɪtə
beiter	ˈbæɪ̯tər
bekjemp	ˈbæçːæmp
bekjempe	bəˈçɛmpə
bekjempet	ˈbæçjɛmpət
bekjenn	ˈbæçɛn
bekjenne	ˈbæçjənə
bekjennelse	ˈbæçjənəlsə
bekjent	bəʃˈɛnt
bekjent	bəˈçɛnt
bekjent	ˈbæçjənt
bekjente	bəkʃɛntˈɛ
bekjente	bɛˈçɛntə
bekjentskap	bɛˈçɛntskɑːp
bekjentskaper	ˈbæçɛntskɑpər
bekk	bˈɛk
bekkalokk	pˌɛkɜlˈoːkk
bekkasin	beːkːəsiːn
bekken	ˈbɛkn̩
bekken	ˈbɛkən
bekkener	ˈbɛknəɾ
bekkenet	ˈbɛknə
bekkenet	ˈbɛkːn̩ət
bekker	ˈbɛkːər
bekkørret	bɛkkeˈɾet
beklag	ˈbæklɑg
beklage	bəˈklɑːgə
beklage	bɛˈklɑːgə
beklage	bˈɛslaga
beklagelig	bəˈklɑːgəlɪ
beklagelige	bəˈklɑːgəlɪə
beklageligere	bəˈklɑːgəlɪɾə
beklageligst	bəˈklɑːgəlɪkst
beklagelse	beklægelse
beklager	ˈbɛklegər
bekle	bəˈkleː
beklemt	bəˈklɛmt
bekmørkt	ˈbækmœɾkt
bekoste	pɛkɔsta
bekrefte	bəˈkɾɛftə
bekreftelsen	bəkrˈɛftɪlsən
bekreftelsen	ˈbæːkɾɛftəlsn̩
bekrefter	bəkrˈɛftər
bekrefter	ˈbɛkʁɛftər
bekreftes	ˈbɛkʁɛftəs
bekreftet	bəkrˈɛftət
bekreftet	ˈbɛkrɛftət
bekvem	bəˈkʋɛm
bekvemme	ˈbæːkʋæmːə
bekvemmelighet	bəkvˈɛmlˈiːhət
bekymre	bəˈçʏmɾə
bekymre	ˈbæːkʏmɾə
bekymringsfullt	ˈbæːkʏmɾɪŋsfʊlt
bela	beːlɑ
belaste	ˈbælaste
belastningen	ˈbæləstɳɪŋ
belegg	ˈbɛlɛg
beleilige	bəˈlæɪlɪə
beleire	bəˈlæɪɾə
beleiret	ˈbæːləɪrət
beleiring	ˈbæːlæɪɳ
belest	bəˈleːst
belest	ˈbɛləst
belfort	ˈbɛlfɔʈ
belgene	bɛlgɪnˈa
belgier	bɛlgɪ̞r
belgier	ˈbæɭjɪəɾ
belgier	ˈbɛlgɪəɾ
belgisk	bɛlgˈɪsk
belgisk	ˈbɛlgɪsk
belgiske	ˈbæɭgɪskə
beliggenhet	ˈbæːlɪgn̩hɛt
beliggenheten	ˈbæːlɪgn̩hɛtn̩
belikoff	ˈbæːlɪkɔf
belikov	ˈbɛlɪkɔ
belje	balia
belje	ˈbæljə
belko	ˈbæ̀lkʊ
bella	ˈbɛlːɑ
belladonna	ˈbɛləˌdɔnə
bellagio	ˈbɛlːɑgiːo
bellas	ˈbɛlːɑs
belle	ˈbɛlə
bellefleur	ˈbɛləfluːr
bellevue	ˈbɛləvjuː
bellini	ˈbɛlːɪnɪ
bells	ɛlːs
belly	ˈbɛlːi
belme	ˈbæɭmə
belmont	ˈbæ̀lmɔnt
belson	ˈbɛlsɔn
belte	bɛltə
belte	ˈbɛltə
beltedyr	belstɔdiɾ
beltene	ˈbɛltnə
belter	ˈbɛltər
beltestedet	ˈbɛltəˌstɛːdət
beltet	bɛltə
beltet	ˈbɛltə
belyse	bəˈlyːsə
belyse	ˈbæ̀lʏ̀sə
belære	bəˈlæːɾə
belære	ˈbɛːlæɾə
belønne	bəˈlœnə
belønne	ˈbæːlœnə
belønner	ˈbæːlœnːər
belønnet	ˈbæːlœnːət
belønning	bɛˈlœnɪŋ
belønning	ˈbæːlœnɪŋ
belønningen	ˈbæːlœnːɪŋ
beløp	bɛˈløːp
beløpa	bˈɛløːpa
beløpet	ˈbæ̀løːpət
bemann	ˈbæmɑn
bemanning	ˈbæːmanɪŋ
bemerke	bəˈmæɾkə
bemerkelsesverdig	ˈbæməɾkəlsɛsˌʋæɾdɪ
bemerkelsesverdige	bəˈmæɾkəlsəsʋæɖɪə
bemerkelsesverdigst	bəˈmæɾkəlsəsʋæɖɪkst
bemerkelsesverdigste	bəˈmæɾkəlsəsʋæɖɪkstə
bemerkning	ˈbæmɛrknɪŋ
bemidlede	bɪ̞mmʲidɫædæ
bemyndige	bəˈmʏnɪgə
ben	ben
ben	beːn
ben	bˈɛn
ben-hur	ˈbɛnˌhʉːr
bena	beːnɑ
bena	bæːna
bend	ben
bende	ˈbɛnə
bendelorm	ˈbɛndəlɔɾm
bendelormer	bendiːlɔrmøɾ
bendik	benˈdik
benedict	ˈbɛnːɛkt
benedikt	ˈbɛnədɪkt
benedikte	ˈbɛnədɪktə
benekt	benɛkt
benekte	bəˈnɛktə
benekte	ˈbɛnːkə
benektet	bˈɛnəktət
benene	ˈbɛːnə
benes	ˈbɛnəs
benesch	ˈbɛnɛʃ
benet	ˈbɛnət
benfri	bˈɛnfri
benghazi	ˈbɛŋgɑːsɪ
bengt	beŋt
bengtsson	beŋtʂsɔn
bengtzon	beŋtˈsɔn
beni	beːniː
benjamin	ˈbɛnːɪmɪn
benjen	benjən
benji	ˈbɛnjɪ
benk	bɛŋk
benken	ˈbɛŋkən
benkene	tˈɛ̃ɛtˈa
benkene	ˈbɛŋkənə
benker	bˈɛŋkə
benker	ˈbɛŋkər
benkesliterne	ˈbɛŋkəslɪtəɳə
benner	benːər
bennet	benːət
bennett	ˈbɛnːət
bennie	ˈbɛnɪ
benning	ˈbɛnɪŋ
benny	ˈbɛnːɪ
bennys	ˈbɛnːʏs
bens	beːns
bensenville	ˈbɛnsn̩vɪlə
bensin	ˈbɛsn̩
bensinen	ˈbænsɪnən
bensinkanne	bɛnˈsiːnkɑnə
bensinpumpe	bɛnˈsiːnpʊmpə
bensinstasjon	ˈbæ̀nsɪnˌstɑ̀jʊn
bensinstasjonen	ˈbæ̀nsɪnstɑ̀jən
bensintanken	ˈbæ̀nsɪntɑŋkən
bente	bentə
bentley	ˈbɛntliː
bentleyen	ˈbɛntlɛɪ̯n
benton	ˈbɛntɔn
benytte	bəˈnʏtə
benytte	ˈbæɲːtə
benytter	ˈbæ̀ːnʏtːər
benyttes	ˈbæɲtəs
benyttet	ˈbæɲːət
benz	benʃ
benzen	ˈbɛnːsən
benåde	bəˈnoːdə
benåder	ˈbæ̂ːnɔːdər
benådet	ˈbæ̂nɑːdət
benådning	bəˈnoːdnɪŋ
benådning	ˈbæːnɔːdnɪŋ
beograd	beːɔgɑːɾ
beordre	bəˈɔɖɾə
beordre	ˈbɛːrdə
beordret	ˈbæːrɖrɛt
ber	beːr
berdal	baɾdol
beredskap	bɛrɛtsgɑp
beredskap	ˈbæɾɛskɑp
beredskapsstyrken	ˈbæɾɛskɑpsˌstyːɾkən
beredskapstroppen	ˈbæɾəskɑːpstrɔpːən
beredt	berɛts
beregn	ˈbæɾɛŋ
beregne	bɪrɑjnɯ
beregnende	ˈbæːɾɛŋn̩d̥ə
beregningene	ˈbæɾəŋɪŋnə
berenson	ˈbæːɾɛsn̩
beresford	ˈbɛːrɛsfɔr
beretninger	ˈbæːɾətnɪŋə
beretta	ˈbɛɾɛtɑ
berette	bəˈɾɛtə
berette	ˈbæɾːətə
berettiger	ˈbæɾətɪgəɾ
berettiget	ˈbæɾətɪtʃ
berg	beɾ
berg-og-dal-bane	beɾgɔdɑːlbɑːnə
bergamott	berˈgamotˈ
berge	ˈbæɾgə
bergen	bærgɪ̞n
bergen	bæɾgɪn
bergen	ˈbæɾgən
bergene	beɾgənə
berger	ˈbæɾgər
berget	ˈbæɾgət
berglund	ˈbæɾglʊn
bergman	beɾgman
bergningstjeneste	bɛɾgɪŋstjɛnəstə
bergsøe	beɾgsøː
bergta	ˈbæɾktɑː
beriker	væɾiːkɪ̞ɾ
beriket	berikˈet
beriket	ˈbæːrɪkət
berit	beːrˈit
berkeley	ˈbɛɾkli
berkowitz	ˈbɛ̀ɾkʊts
berlin	ˈbæɾlɪn
berlins	ˈbæɾlɪns
berman	ˈbæɾman
bermen	ˈbæɾmən
bermudatriangelet	ˈbæɾmʉːdɑːtɾiɑ̯ŋəl
berna	ˈbæɾnɑ
bernardo	ˈbæːɳɑːɾʉ
bernhard	ˈbæɾnɑɾ
bernie	ˈbæːrni
bernstein	ˈbæːɾnstɛɪn
bernt	bant
bero	bəˈɾuː
bero	fɛru
berolige	ˈbæːɾulɪgə
beroligende	ˈbæːɾɔlɪŋənə
beroliger	ˈbæːɾulɪgə
beror	ˈbæːrɔr
berserkene	ˈbæɾsɛɾkənə
bert	βæɾt
berta	ˈbɛʈɑ
berte	ˈbæɾtə
berter	ˈbɛʈər
bertie	ˈbɛɾtɪ
bertil	ˈbɛʈɪl
bertinelli	ˈbɛɾtɪnɛɭi
bertold	ˈbæɾtɔld
bertram	ˈbɛʈɾɑm
bertrand	ˈbɛʈʂɑn
bertrise	ˈbɛʈrɪsə
berusende	ˈbæːɾʉsnə
beruset	ˈbæːrʉst
berykta	bəˈɾʏktət
beryktede	ˈbæɾʏktədə
beryktet	biriːktət
beryktet	bəˈɾʏktət
berømme	bəˈɾœmə
berømmelsen	ˈbæɾømːəlsn̩
berømt	beɾəms
berømt	bəˈɾœmt
berøre	bəˈɾøːɾə
berøre	ˈbæɾœɾə
berøring	ˈbæɾøɾɪŋ
berøringen	ˈbæɾøːɾɪŋ
berørte	beːrøːrtːe
berøve	ˈbæɾøːʋə
berøvet	ˈbæɾøːʋət
bes	beːs
besatt	bəsatː
besatt	bəˈsɑt
besatt	ˈbɛsɑt
besatte	bəsatːˌɛ
besatte	ˈbɛsɑtə
beseire	bəˈsæɪɾə
beseire	ˈbɛsɛɪ̯ɾə
beseirer	ˈbɛːsɑɪ̯ːɾ
beseires	ˈbɛːsɛɪɾəs
beseiret	bɛsajrɛt
beseiret	ˈbɛsɑɪ̯ːɾət
besetning	ˈbɛsɛtnɪŋ
besetningen	ˈbɛsɛtnɪŋən
besetningens	ˈbɛsətɪŋəns
besetningsmedlem	ˈbɛːsɛtnɪŋsmɛðlɛm
besetningsmedlemmene	ˈbɛsɛtnɪŋsmɛðlɛmːənə
besetningsmedlemmer	ˈbɛːsɛtnɪŋsmɛdlɛmər
besette	bəˈsɛtə
besette	ˈbɛsɛtə
besettelse	ˈbɛsɛtəlsə
besettelsen	ˈbɛsɛtəlsən
besettelser	ˈbɛsɛtəlsər
besetter	bəsətːər
besikte	bəˈsɪktə
besiktigelse	bəˈsɪktɪgɛlsə
besinne	bæsˈnæm
besinne	bəˈsɪnə
besinnelsen	ˈbæʃɪnːəlsn̩
besitte	bəˈsɪtə
besitte	bɛssɪtːa
besitter	ˈbæʂɪtər
besittet	bəsɪtːət
besjele	beˈʃɛlə
beskatte	bəˈskɑtə
beskjed	bəˈʂeː
beskjed	ˈbɛskjɛ
beskjeden	bəˈʂeːdən
beskjeden	ˈbɛʃçeːdn̩
beskjedene	ˈbɛskjədənə
beskjedent	ˈbɛskjɛd̥ɛnt
beskjeder	ˈbɛʃçɛɖɐ
beskjedne	ˈbɛskjɛːnə
beskjeftige	bəˈʂɛftɪgə
beskjeftigelse	bəʃˈɛftɪgəlsə
beskjære	bəˈʂæːɾə
beskrev	ˈbɛʃreːʋ
beskrevet	ˈbɛskɾeːʋɛt
beskrive	bəˈskɾiːʋə
beskrive	ˈbɛskɾiːʋə
beskrivelse	ˈbɛskɾɪʋəlsə
beskrivelsen	ˈbɛskɾiːvəlsn̩
beskrivelser	b̥eskr̥iːvelsər
beskrivelser	ˈbɛskɾiːvəlsɐ
beskriver	ˈbɛskɾiːvər
beskrives	ˈbɛskɾɪvəs
beskue	bæskua
beskutt	ˈbɛskʉt
beskylder	ˈbɛskʏldər
beskyldning	ˈbɛʃʏldnɪŋ
beskyldningene	ˈbɛskʏldnɪŋənə
beskyldt	ˈbɛskʏlt
beskyldte	ˈbɛskʏltə
beskyter	ˈbɛskʏtər
beskytning	ˈbɛʃʏtnɪŋ
beskytt	ˈbɛskʏt
beskytte	bəˈʂʏtə
beskytte	ˈbɛʃʏtə
beskyttede	ˈbɛʃʏtːə
beskyttelse	ˈbɛʃʏtəlsə
beskyttelsen	ˈbɛskʏtəlsn̩
beskyttelsesfaktor	bɛˈʂʏtɛlsəsfɑktʊɾ
beskyttende	ˈbɛʃʏtːɛn̩
beskytter	ˈbɛʃʏktər
beskyttere	ˈbɛʃʏktəɾə
beskytteren	ˈbæʃkʏtəɳ
beskyttes	ˈbɛskʏtəs
beskyttet	ˈbɛʃkʏtət
beslag	ˈbæslɑg
beslagla	ˈbɛslɑglɑ
beslaglagt	ˈbɛslɑɫgɑlt
beslaglegge	bəˈʂɭɑːgləgə
beslaglegge	ˈbɛslaglɛgə
beslaglegger	ˈbɛslaglɛgər
beslekta	bəˈʂɭɛktət
beslektet	bəˈʂɭɛktət
beslutning	ˈbɛslʉtnɪŋ
beslutningen	ˈbɛslʉtnɪŋ
beslutningene	ˈbɛslʉtnɪŋnə
beslutninger	ˈbɛslʉtnɪŋər
beslutte	bəˈʂɭʉtə
beslutte	bɛʃlɛtːa
beslutte	ˈbɛslʉtə
beslutter	ˈbɛslʉtər
besluttet	ˈbɛslʉtət
besluttsom	bəˈʂɭʉtsɔm
besluttsom	ˈbɛslʉtsɔm
besluttsomme	ˈbɛslʉtsɔmːə
besok	ˈbɛsɔk
besparelser	bespɑrelsər
bess	bes
besseggen	bˈɛssɛgɪ̞n
bessie	ˈbɛʃi
best	beːst
best	bɛst
best	bˈɛst
besta	ˈbɛsta
bestakk	pɛstˈɑkk
bestand	bɛstɔn
bestanden	ˈbɛstɑn̪d̪ən
bestandig	bəˈstɑnɪ
bestandige	bəˈstɑnɪə
bestandigere	bəˈstɑnɪɾə
bestandigst	bəˈstɑnɪkst
bestandigste	bəˈstɑnɪkstə
beste	ˈbɛstə
bestefar	ˈbɛstəfɑːɾ
bestefar	ˈbɛstəˌfɑːr
bestefaren	ˈbɛstəˌfɑːɳ
bestefars	ˈbɛstəˌfɑːʂ
bestefedre	testɛfɛðræ
besteforeldre	ˈbɛstəˌfœ́ɭɖɾə
besteforeldrene	ˈbɛstəˌfœrəlˌdɾənə
besteg	ˈbɛstəg
besteget	ˈbɛstəgət
bestekompisen	ˈbɛstəˌkɔmpɪsn̩
bestem	ˈbɛstəm
bestemme	bæstæmme
bestemme	bəˈstɛmə
bestemme	ˈbɛstəmə
bestemmelse	pɪstammɛlsɑ
bestemmelse	ˈbɛstəməlsə
bestemmelsene	ˈbɛstəməlsənə
bestemmelser	bæstæmmelser
bestemmelser	ˈbɛstɛməlsər
bestemmelsessted	ˈbɛstɛməlɛsˌstɛt
bestemmelsesstedet	ˈbɛstɛməlsɛsˌstɛːt
bestemmer	ˈbɛstəmər
bestemmes	ˈbɛstɛməs
bestemor	ˈbɛstəmuːɾ
bestemor	ˈbɛstəˌmɔr
bestemora	ˈbɛstəˌmʊːɾɑ
bestemoren	ˈbɛstəˌmœːɾən
bestemors	ˈbɛstəmɔʂ
bestemt	bɪ̞stæm
bestemt	ˈbɛstæmt
bestemte	pɛstɑmta
bestemte	ˈbɛst̪m̩tə
bestemødre	bˈɛstmˈøːdra
bestemødre	ˈbɛstəˌmøːɖʐə
besten	ˈbɛstən
bestevenn	ˈbɛstəˌʋɛn
bestevennen	ˈbɛstəˌvɛnːən
bestevennene	ˈbɛstəˌʋɛnːə
bestevenner	ˈbɛstəˌʋɛnːər
bestevenninne	ˈbɛstəˌʋɛnɪnə
bestevenninnen	ˈbɛstəˌʋɛnɪn
bestevenninner	ˈbɛstənɛnɪnər
bestialsk	bəstɪˈɑːlsk
bestiger	ˈbɛstɪgər
bestikk	beːstɪk
bestikk	bˈɛstə
bestikk	ˈbɛstɪk
bestikke	bəˈstɪkə
bestikke	pɛstɪkkæn
bestikke	ˈbɛstɪkə
bestikkelse	ˈbɛstɪkəlsə
bestikkelsen	ˈbɛstɪkəlsən
bestikkelsene	ˈbɛstɪkəlsənə
bestikkelser	ˈbɛstɪkəlsər
bestikker	bˈɛstɪkːiːr
bestikker	ˈbɛstɪkər
bestikkes	ˈbɛstɪkəs
bestikket	bˈɛstikːˈ
bestikket	ˈbɛstɪkət
bestill	bˈɛstˈiːl
bestille	bəˈstɪlə
bestille	ˈbɛstɪlə
bestiller	ˈbɛstɪlər
bestilling	bɛˈstɪlɪŋ
bestilling	ˈbɛstɪlɪŋ
bestillingen	ˈbɛstɪlɪŋən
bestillinger	ˈbɛstɪlɪŋər
bestilt	ˈbɛstɪlt
bestilte	ˈbɛstɪltə
bestimmt	bəˈʂtɪmt
bestjele	pestiala
besto	ˈbɛstʉ
bestod	ˈbɛstɔd
bestrebelser	ˈbɛstrɛbləsɛr
bestride	bəˈstɾiːdə
bestrider	ˈbɛstrɪdər
bestselgende	ˈbɛstsɛlgn̩də
bestselger	ˈbɛstsɛlgər
bestukket	bɪ̞stʊkɪ̞t
bestukket	ˈbɛstʉkət
bestyrer	ˈbɛstʏːrər
bestyreren	ˈbɛstʏˌɾeːɳ
bestyrtet	ˈbɛstʏɾtə
bestå	bəˈstoː
bestå	bɛˈstoː
består	pɛstɔr
bestøve	bəˈstøːʋə
besudle	ˈbɛsʉːdlə
besudlet	ˈbɛsʉːdlɛt
besvare	bəˈsʋɑːɾə
besvare	ˈbɛsʋɑːɾə
besvarelse	bæsˌɔrəlse
besvarer	ˈbɛsʋɑːrər
besvares	ˈbɛsvɑːɾəs
besvergelse	ˈbɛsʋæɾgəlsə
besvergelsen	ˈbɛsʋæɾgəlsən
besvergelser	ˈbɛsʋæɾgəlsər
besvim	ˈbɛsʋɪm
besvime	bəˈsʋiːmə
besvime	bɛssvimɛ
besvime	ˈbɛsʋɪmə
besvimelse	bɛˈsʋiːmɛlsə
besvimer	ˈbɛsʋɪmər
besvimt	ˈbɛsʋɪmt
besvimte	ˈbɛsʋɪmtə
besvær	ˈbɛsʋæɾ
besværet	ˈbɛsʋæːɾət
besværing	bɪsvaːrɪng
besværlig	bəˈsʋæːɭɪ
besværlig	ˈbɛsʋæːɭɪ
besværligere	bəˈsʋæːɭɪɾə
besynderlig	bəˈsʏnəɭɪ
besynderlig	ˈbæʂʏnːɛɭɪ
besynderligere	bəˈsʏnəɭɪɾə
besynderligst	bəˈsʏnəɭɪkst
besynderligste	bəˈsʏnəɭɪkstə
besøk	bəˈsøːk
besøk	ˈbɛsøːk
besøke	bəsøːkən
besøke	bəsˈøːkə
besøke	bəˈsøːkə
besøke	ˈbɛsøːkə
besøkende	ˈbɛsøːkənə
besøkene	besøøkne
besøkene	ˈbɛsøːkənə
besøker	bəsˈøːkər
besøker	ˈbɛsøːkər
besøket	ˈbɛsøːkət
besøksforbud	ˈbɛsøsksfɔɾbʉː
besøkstid	ˈbɛsøːkstiː
besøkt	bəsˈøːkt
besøkt	ˈbɛsøkt
besøkte	ˈbɛsøktə
besørge	bəˈsœɾgə
bet	bˈeːt
beta	βɛtɑ
betagende	ˈbɛːtɑːgn̩d̥ə
betaie	ˈbɛːtæɪ̯
betaier	ˈbæːtɑɪ̯ɾ
betait	ˈbɛːtɑɪt
betale	betala
betale	bəˈtɑlɑ
betale	bəˈtɑːlə
betale	bɛˈtɑːlə
betale	ˈbɛːtɑːlə
betalende	ˈbɛːtɑːlənə
betaling	bɛˈtɑːlɪŋ
betalte	ˈbɛtɑltə
betasuppe	bətˈasʉpːə
betasuppen	bətˈasʉpːən
betatt	bəˈtɑt
betatt	ˈbɛtɑt
betaversjonen	ˈbɛːtɑːʋɛʂuːn
betenkelig	bəˈtɛŋkəlɪ
betenkelige	bəˈtɛŋkəlɪə
betenkeligere	bəˈtɛŋkəlɪɾə
betenkeligheter	ˈbɛːtənkəlɪheːʈəʂ
betenkeligst	bəˈtɛŋkəlɪkst
betenkeligste	bəˈtɛŋkəlɪkstə
betenkt	bətˈɛŋt
betennelse	bɛˈtɛnɛlsə
betennelse	ˈbɛtənəlsə
betennelsen	ˈbɛtənəlsn̩
betennelser	beˈtɛnilɛsir
betent	bəˈtɛnt
betente	ˈbɛtəntə
beth	β̥ɛt
bethany	ˈbɛtʰɑːnʏ
betinge	pətˈɪŋa
betingelse	bˈɛtɛŋɛlsar
betingelsen	ˈbɛːtɪŋəlsn̩
betingelsene	ˈbɛːtɪŋəlsənə
betingelser	ˈbɛːtɪŋəlsər
betingelsesløs	ˈbɛːtɪŋəlɛsløːs
betingelsesløst	ˈbɛːtɪŋəlɛsløːst
betinget	bətˈiːŋit
betinget	ˈbɛːtɪŋət
betjene	bəˈtjeːnə
betjene	ˈbɛçjənə
betjener	ˈbæɪ̯tʃənər
betjening	bɛˈtjeːnɪŋ
betjening	ˈbæɪ̯ːjənɪŋ
betjeningen	ˈbæɪ̯ːjənɪŋən
betjent	ˈbɛtjɛnt
betjente	ˈbɛçtn̩tə
betjenten	ˈbɛtjɛntən
betjentene	bətjˈɛntnˈɛ
betjenter	bətjˈɛntɛr
betjenter	ˈbɛtjɛntər
betlehem	ˈbeːtlɛm
betlehem	ˈbɛtləhɛm
beto	ˈbɛtʊ
betong	ˈbɛtɔŋ
betongen	bətˈɔŋən
betongen	ˈbɛtʊŋən
betrakt	ˈbɛtrɑkt
betrakte	bəˈtɾɑktə
betrakte	ˈbɛtrɑktə
betraktelig	bəˈtɾɑktəlɪ
betraktelige	bəˈtɾɑktəlɪə
betrakteligere	bəˈtɾɑktəlɪɾə
betrakteligst	bəˈtɾɑktəlɪkst
betrakteligste	bəˈtɾɑktəlɪkstə
betrakter	b̥ətˢraktˢər
betrakter	ˈbɛtɾɑktər
betraktet	ˈbɛtrɑktə
betrodde	ˈbɛtrɔdə
betroelse	bətrˈoːɛlsə
betror	ˈbɛtɾʊɾ
betryggende	bəˈtɾʏgənə
betryggende	ˈbɛtʁɪgn̩d̥ə
betsey	ˈbɛtsə
betsy	ˈbɛtsi
bette	ˈbɛtə
better	ˈbɛtər
bettina	ˈbɛtːɪnɑ
betty	ˈbɛtːi
bettys	ˈbɛtːʏs
betvile	bəˈtʋiːlə
betvile	ˈbɛtʋɪlə
betviler	ˈbɛtʋɪləɾ
bety	bəˈtyː
betydd	ˈbæːtʏɖː
betydde	ˈbæːtʏɖə
betydelige	ˈbæɪtʏdəlɪ
betydning	bɛˈtyːdnɪŋ
betydning	ˈbæːtʏdnɪŋ
betydninger	b̥ətiːd̥nɪŋiːɾ
betydningsfull	bəˈtyːdnɪŋsfʉl
betydningsfull	ˈbæːtʏdnɪŋsfʉl
betydningsfulle	ˈbæːtʏdnɪŋsfulə
betydningsfullt	ˈbæːtʏdnɪŋsfʉlt
betød	ˈbɛtøː
beundre	bəˈʉndɾə
beundre	ˈbæʉndrə
beundrende	ˈbæʉndrənə
beundrer	ˈbæʉndrər
beundrere	ˈbæʉndrərə
beundres	bˈeːuːndrəs
beundret	bəundrˈɛt
beundret	ˈbøʉndɾət
beundring	ˈbæʉndrɪŋ
beundringsverdig	ˈbæʉndrɪŋsvæɾdɪ
bev	beʋ
bevar	beːvɑr
bevare	bəˈʋɑːɾə
bevare	ˈbeːʋæɾə
bevarelse	davaːrɛlsa
bevarer	ˈbæʋɑrər
bevares	ˈbæʋɑːɾəs
bevaring	bˌeːvɑːrɪŋ
bevaring	ˈbæːʋɑːrɪŋ
bevart	fɛvart
bevart	ˈbæʋɑʈ
bevarte	bəvˈartə
beve	ˈbeːʋə
beveg	ˈbeːʋɛg
bevegde	ˈbeːvɛgə
bevege	bəˈʋeːgə
bevege	ˈbeːʋəgə
bevegelig	bəˈʋeːgəlɪ
bevegelig	ˈbeːʋəgəlɪ
bevegelige	ˈbæʋəgələi̯ə
bevegelighet	ˈbæʋəgəlɪgət
bevegelse	bəˈʋeːgəlsə
bevegelse	ˈbeːʋəgəlsə
bevegelsen	ˈbeːvəgəlsn̩
bevegelsene	ˈbeːvəgəlsənə
bevegelsens	ˈbeːvəgəlsən
beveger	bʲɛʋʲɛːgʲɪr
beveger	ˈbeːvəgər
beveget	ˈbeːvəgət
bever	beːvər
bever	fɛvɛr
bever	ˈbɛʋəɾ
bevere	ˈbeːvərə
beverly	ˈbɛːvərli
bevilge	bəˈʋɪlgə
bevilget	ˈbæʋɪlgət
bevilling	ðəvˈɪlɪŋ
bevilling	ˈbæʋɪlɪŋ
bevillingen	ˈbæʋɪlɪŋən
bevis	bavˈi
bevis	beːʋɪs
bevisbyrden	ˈbæʋɪsbʏɾdən
bevise	ˈbæʋɪsə
bevisene	ˈbæʋɪsənə
beviser	ˈbæʋɪsər
bevises	beːʋɪs
beviset	bavisa
bevismateriale	ˈbæʋɪsmɑtɪɾɪɑːlə
bevismaterialet	ˈbæʋɪsmaˌtɪɑːɭəɾə
bevisrommet	ˈbæʋɪsˌrʊmːə
bevisst	bəˈʋɪst
bevisst	ˈbæʋɪst
bevisste	ˈbæʋɪstə
bevisstheten	ˈbæʋɪsthɛːn
bevisstløs	bəˈʋɪstløːs
bevisstløs	ˈbæʋɪstløs
bevist	ˈbæʋɪst
beviste	ˈbæʋɪstə
bevitne	bəˈʋɪtnə
bevitne	ˈbæʋɪtnə
bevitner	ˈbæʋɪtnəɾ
bevokte	bəˈʋɔktə
bevoktede	ˈbæʋʊktə
bevoktes	ˈbæʋɔktəs
bevoktet	ˈbæʋɔktə
bevoktning	ˈbæʋɔktnɪŋ
bevrene	bevɾɐ̃nˈɐ
bexhill	ˈbɛkʃɪl
bey	beː
beyoncé	bejˈoːnse
beære	beːr
beærer	beːrər
beæret	beːɾət
bh	β̥
bh-en	βæ̀n
bi	bi
bi	biː
bia	pia
bialystock	biːɑːlɪstɔk
bianca	biɑŋkɑ
bianchi	biɑ̀ntʃi
biant	biɑ̀nt
bibel	biːbl̥
bibel	piːp˥eːl
bibel	ˈbiːbəl
bibelbeltet	piːbilbæ̝ltæ
bibelen	biːbələn
bibelen	bʲibæɫän
bibelen	ˈbiːbəln
bibelens	biːbl̥əns
bibelsk	biːˈbɛʂk
bibelsk	pipɛlsk
bibelske	ˈbɪːbl̥ʃə
bibler	biːbl̥ər
bibler	ˈbiːbləɾ
bibliotekar	ˈbɪblʲɔtɛkɑr
bibliotekaren	ˈbɪblʲøːtæˌkæɾən
bibliotekarer	bibliot̪ikare
bibliotekarer	ˈbɪblʲøːtæˌkæɾəɾ
biblioteker	ˈbɪblʲøːkər
biblioteket	biːblʲɔkɛt
biden	biːdən
bidige	biˈdiːʝə
bidra	biːdra
bidra	ˈbiːdɾɑː
bidrag	biːdɾɑːg
bidragene	biːdragn̩ə
bidraget	biːdragət
bidragsyter	biːdragsʏːtəɾ
bidrar	biːdrɑːr
bidratt	biːdrɑt
bidro	bidro
bidro	biːdroː
bie	biː
bieber	biːbɛr
bieffektene	biːfɛkˈtə
bieffekter	biːfɛktər
biegler	biːglɛɾ
bien	bˈiːn
biene	biːnə
biene	bˈiːnə
bier	biːɾ
bierko	biɛɾkuː
bifall	biˈfɑl
bifall	biːfal
bifall	bɪfɑl
bifalle	biːfællɑh
bifaller	biːfɑlːər
bifalles	biˈfɑ̀ləs
biff	bɪf
biffen	bifˈɪn
biffen	biːfən
biffene	bifˈana
biffene	biːfːənə
biffer	bifːɛr
biffer	ˈbɪfːər
bifil	biːfɪl
bigelow	biːgəlʊ
bigfoot	biːgfuːt
biggie	bigi
biggles	bigəl
biggs	bigs
bihulebetennelse	biːhʉləbəˈtɛnːəlsə
bihulebetennelse	ˈbiːhʉːləbɛtɛnɛlsə
bihulene	biːˈhʉːlənə
biide	biːdə
biider	biːd̥ər
biien	biːən
biiiy	biːj
biir	biːr
bijou	biːˈjuː
bikinien	biˈkiːnən
bikiniene	bikˈiːnənˈ
bikkja	biːkʃɑ
bikkje	biːkʲə
bikkje	ˈbɪçə
bikkjene	biːkʰjənə
bikkjer	ˈbɪkʰjər
bikube	biˈkʉːbə
bikuben	biːkʉbən
bil	biːl
bil	bˈil
bilag	biːlɑg
bilagene	biːˈlɑːgn̩
bilal	biːlɑːl
bilbelte	biːlbɛltə
bilbeltet	biːlbɛlt
bilberging	biːlbˈærgɪŋ
bilbo	biːlbuː
bilbombe	biːlbɔmbə
bilbomben	biːlbɔmbn̩
bilby	biːlby
bilde	biːlə
bilde	bˈɪld
bilde	ˈbɪldə
bildefil	bɪldefɪl
bildekk	biːldɛk
bildeler	biːldəlɛr
bildene	biːɭ̞d̪ənə
bilder	ˈbɪ̀ːd̥l̩ər
bildet	biːldət
bildøra	biːldøːɾɑ
bildøren	biːldøːɾən
bilen	biːlən
bilene	biliːn˧aː
bilene	biːˈleːnə
bilene	ˈbiːlnə
bilens	biːləns
biler	biːləɾ
biler	piːmeɾ
bilister	biːlɪstər
biljakt	biːlˈjɑkt
biljardbord	biːljarɖbɔɾː
biljardbordet	biːljarɖbɔɖət
biljekk	biːljɛk
bilkortesjen	biːlkɔɾtɛʃɛn
bilkø	biːlkuː
bill	biːl
bille	biːlə
billede	ˈbɪlədə
billedhogger	bɪlɛdhɔgəɾ
billedhugger	ˈbɪlədhʉgəɾ
billedlig	ˈbɪlədlɪ
billedlige	ˈbɪlədlɪə
billedligere	ˈbɪlədlɪɾə
billedligst	ˈbɪlədlɪkst
billedligste	ˈbɪlədlɪkstə
billee	biːlə
billen	bilən
biller	ˈbɪləʂ
billett	bilɛt
billett	bɪˈlɛt
billetten	ˈbɪlətən
billettene	biˈlɛtːə
billetter	bɪlˈɛtːiːɾ
billetter	ˈbɪlətə
billettluke	bɪˈlɛtlʉːkə
billettmaskin	bɪˈlɛtmɑʂiːn
billettpris	bɪˈlɛtpɾiːs
billie	biːʎː
billig	biːlɪg
billig	ˈbɪlɪ
billige	ˈbɪlɪə
billige	ˈbɪlːɪgə
billigere	ˈbɪləgəɾə
billigere	ˈbɪlɪɾə
billigst	ˈbɪlɪkst
billigste	bʲɪlʲɪksta
billigste	ˈbɪlɪkstə
billinger	biːlɪŋər
billings	biːlɪŋs
billion	ˈbɪljən
billioner	ˈbɪljʊnər
bills	biɭs
billy	ˈbɪlːɪ
billøp	biːlœp
bilmekaniker	biːlmɛkɑːnɪkɛr
bilnummer	biːlnʉmər
bilnummeret	biːlnʉməɾət
bilnøkkelen	biːlnœkələn
bilnøklene	biːlnœːklə
bilnøkler	biːlnøːklər
bilopphuggeri	biːlɔphʉgːɛrɪ
bilradio	biːlɾɑːdɪu
bilratt	pˈiːlrɔtː
bilselger	biːlsɛlgər
bilsete	biːlseːtə
bilskilt	biːlskɪlt
bilskiltet	biːlskɪltət
bilson	biːlsɔn
bilsyk	biːlʂʏk
biltilsynet	biːltɪlˈsyːnət
biltog	biːltɔg
biltur	ˈbɪltʉːr
bilturen	ˈbɪltʉːɳ
biltyver	ˈbɪltʏvər
biltyveri	ˈbɪltʏvəɾɪ
biltyverier	ˈbɪltʏˌʋeːɾɪəɾ
bilulykke	biːlʉɭkə
bilulykken	biːlʉɪkːən
bilulykker	biːlʉɭʏkːər
bilvask	biːlvɑʃ
bilvasken	biːlvɑʃkən
bilvelt	bilvˈɛlt
bilverksted	biːlvɛrskstɛd
bilvinduet	biːlvɪndʉː
bilvrak	biːlvɾɑːk
bimbo	ˈbɪmbuː
bimse	biːmsə
bin	biːn
bin-khalid	ˈbɪnkɑːlɪd
bind	bɪn
binde	biːndə
bindehinne	bˈɪnəhˈɪnə
bindende	ˈbɪndn̩də
binder	bitˈnɯr
binder	ˈbɪndər
bindes	ˈbɪndəs
bindet	ˈbɪntə
binding	pinning
bing	biŋ
bingen	ˈbɪŋən
bingham	biŋgɑm
binghamton	ˈbɪŋhæmtɔn
bingley	biŋlɛ
bingo	biŋguː
bingofest	biŋguˈfɛst
binne	bɪ̞nmɑ
binære	ˈbɪnæːɾə
biod	biːɔː
biodet	biːɔːdɛt
biogeografi	bioˌɣeɔgɾɔfi
biografi	biːogrɑfi
biografien	biːogrɑfɪən
biokjemi	biːɔkʰɪmiː
biolog	biːɔlɔg
biologi	biologi
biologi	biːɔlɔgiː
biologien	biːoˈlɔgɪən
biologisk	biːɔlɔgɪsk
biologisk	bɪʊˈloːgɪsk
biologiske	biːoˈlɔgɪskə
biomasse	biomassa
biometrisk	bjometrɪsk
biopsi	biːˈɔpsɪ
biopsien	biːɔpsɪən
biotisk	bjutisˈk
biovåpen	biːɔʋæːpən
bipolar	biːpɔlɑːr
biprodukt	biːprodykt
birch	biɾç
bird	biːɾ
birdie	biɾːi
birds	biːɾs
birdwell	biːɾdʋɛl
birdy	biːɾː
birger	biɾgər
birgersson	ˈbɪrçɐʂːɔn
birgit	biɾgɪt
birgitta	ˈbɪrjɪtɑ
birgitte	bɪrgjttæ
birgitte	ˈbɪɾgɪtə
birk	biɾk
birkeland	ˈbɪ̀ːɭkəlɑn
birmingham	ˈbɪɾɪŋɛm
birolle	biːɾɔlə
birthe	biɾtə
birøkt	b̥iːrakt
bis	bɪs
bisarr	biˈsɑr
bisarr	bɪˈsɑɾ
bisart	biˈsɑːɾt
bisbee	ˈbɪsbiː
biscuit	ˈbɪskɪt
biseksuell	biːˈsɛkʃʉɛl
bisgaard	ˈbɪsgɑːɾ
bishop	ˈbɪʃɔp
bishops	ˈbɪʃpɔs
bisk	biʃk
bisk	bɪsk
bisken	ˈbɪskn̩
biskop	ˈbɪskɔp
biskopens	ˈbɪskɔpəns
biskoper	ˈbɪskʊpər
bislet	bislatː
bismak	bismak
bismarck	ˈbɪsmɑɾk
bissel	ˈbɪsəl
bistand	biˈstɑn
bister	ˈbɪstər
bister	ˈbɪstəɾ
bistro	bistru
bistro	biʂtʁʊ
bistroer	bistruːɛɾ
bistå	pisto
bistår	biʂtaːr
bit	biːt
bitche	bɪtʃːa
bitchen	ˈbɪçn̩
bitches	biːtʃəs
bitcoin	ˈbɪtkɔɪn
bite	biːtə
bite	ˈbiːtə
biten	biːtən
bitende	biːtɛndə
bitene	biːtənə
biter	bijtɯ̞r
biter	biːtər
biting	biːtɪŋ
bitre	biːtɾə
bitre	bˈɪtɾa
bitre	ˈbɪtɾə
bitrere	ˈbɪtɾəɾə
bitrest	ˈbɪtɾəst
bitt	bit̪
bitt	bˈɪt
bitte	biːtə
bittelite	ˈbɪtəlɪtə
bitteliten	ˈbɪtəlɪtən
bittelitt	ˈbɪtəlɪt
bitten	ˈbɪtːən
bitter	ˈbɪtəɾ
bitter	ˈbɪtːər
bitterhet	ˈbɪtːərhɛt
bitterheten	ˈbɪtːəɾɛːtən
bitterman	ˈbɪtːɛrman
bittert	bit˦˥tˢe˧˥ʁˀ
bittert	ˈbɪtəʈ
bittert	ˈbɪtːər̥
bittesmå	ˈbɪtːəˌsmoː
bittet	ˈbɪtːə
bivirkning	ˈbiːʋɪrknɪŋ
bivirkningene	biːvɪrknɪŋːə
bivirkninger	biːvɪrknɪŋɐ
bivåne	ˈbiːʋoːnə
biå	biːɑ
bj	ɓʏː
bjarke	bjɑːrkə
bjarne	bjɑːrnə
bjeff	ɕɛf
bjeffe	ˈbjɛfə
bjeffer	biːfɛr
bjelke	blɛkə
bjelkebro	bielkebru
bjelkene	blɛkənə
bjella	buːʎːə
bjelle	bjɛlə
bjelle	bjˈɛl
bjellen	bjɛlən
bjeller	bjɛlːər
bjerk	bˈiək
bjerke	bjergæ
bjorn	buːrn
bjurman	byːrmɑn
björk	bjœrk
björn	bjœːɳ
bjørk	bjœɾk
bjørkely	ˈbjøːrkeːlʏ
bjørkheim	ˈbjøːrkʰæɪ̯m
bjørn	buːrn
bjørnen	ˈbjøːrn̩
bjørnene	ˈbjøːrnənə
bjørner	ˈbjøːnər
bjørnøya	ˈbjøːrnœʏə
bjørshol	ˈbjœʂːɔl
bl	bl̥ʉː
bla	blɑː
bla	plˈɑ̃
bla-bla	blɑːblɑː
black	blɑk
blackburn	blɑːkˈbɾʉːn
blackfish	blɑːkfɪʃ
blackie	blɑːkɪ
blackjack	blɑːkʃɑk
blackout	blɑːkʰɔʊ̯t
blacks	blɑkʂ
blackthorne	blɑːkθɔːn
blackwater	blɑːkʋɛːtɑːr
blackway	blɑːkʋɑːj
blackwell	blɑːkɛl
blackwood	blɑːkʋuː
blad	blood
blad	blɑːd
bladde	blɑːd̥ə
blade	blɑːd̥ə
bladene	blɑːd̥ənə
blader	blɑːdər
bladet	blɑːdət
blaff	blaf
blaffen	blɑfːən
blaffer	blaffɛr
blafre	ˈblɑfɾə
blaine	blæɪnə
blairs	blæɪɾs
blake	blɑːkə
blakelock	blɑːkəlɔk
blakk	blɑk
blakk	brakː
blakke	blɑkːə
blalock	blɑlɔk
blanc	blɑŋk
blanchard	blɑ̀ːnʃɑːɖ
blanche	blɑ̀ntʃə
blanco	blɑŋkʊ
blanda	blɑnda
blande	blɑːndə
blande	ˈblɑnə
blandede	blɑːnːdɛː
blander	blɑnːdər
blandes	blɑndəs
blandet	blɑnət
blandet	blɛndət
blanding	blɑndɪŋ
blandingen	blɑːnˈdiŋən
blandon	blɑndɔn
blandt	blɑnt
blaney	blæneɪ
blank	blɑŋk
blanka	blɑŋkɑ
blanke	blɑŋkə
blankett	blɑŋˈkɛt
blanketten	blɑŋkɛtːən
blant	blɑnt
blant	blɑ̀nt
blant	ˈblɑnt
blar	blɑːr
blart	blɑːɾt
blas	blɑːs
blaser	blɑːsər
blasert	blɑːsɛɾt
blasfemi	blɑːsfɛmɪ
blass	blɑs
blaster	blɑstər
blaut	blˈaʊt
blautfisk	blɔʈfɪsk
blaze	blɑːjə
blazer	blɑːsɛr
blazere	blaesra
ble	ble
ble	blɛː
bleeker	blɛkɐr
blei	blɛɪ
bleia	blæɪ̯ɑ
bleie	blaie
bleie	blæɪə
bleie	blæɪəɾ
bleien	blæɪən
bleien	blˈeːən
bleiene	blæɪ̯ənə
bleier	blæɪər
bleik	blɛɪk
bleikfis	blæɪkfɪs
blek	bleːk
blek	blɛk
blek	blˈɛk
bleke	ˈbleːkə
blekemiddel	blɛːkəˈmɪɖːəl
bleket	blɛkət
bleket	plˈɛkət
blekk	blɛk
blekksprut	blɛkspʁʉt
blekkspruten	blɛkspʁʉːtən
blekkspruter	blɛksprʉːtər
blekne	blɛknə
blekner	blɛknər
bleknet	blɛkn̩
blekt	blɛkt
blemme	blɛmə
blemme	plˈɛmmi
blemmer	blɛmːər
blemmer	blˈɛmmər
blende	blãnˈðˈa
blende	blɛndə
blende	ˈblɛnə
blendende	blɛndn̩d̥ə
blender	blɛndər
blender	blˈɛndər
blenderen	blɛndəɾən
blendet	blɛndət
bless	blɛs
blest	blɛst
blest	plˈɛst
bletch	blɛtʃ
bletchley	blɛtʃleɪ
bleu	bløː
blev	blɛʋ
bli	bliː
bli	blɪ
bli	ul̪j
bliadze	blɪɑːdsə
blide	blɪːdə
blidgjøre	blɪgjøːɾə
blikk	blɪk
blikk	blˈɪk
blikkboks	blɪkːbɔks
blikkboksen	blɪkːbɔksn̩
blikkene	blɪkːənə
blikket	blɪkːə
blikket	blˈɪkːa
blikkstille	ˈblɪkstɪlə
blind	blɪn
blind	blˈɪn
blinde	blɪndə
blinde	plˈɛnə
blinde	ˈblɪnə
blindehund	blɪnəhʉn
blinder	blɪndər
blindeskrift	blɪnəskɾɪft
blindestokk	blɪnəstɔk
blindet	blɪndət
blindgate	blɪndgɑːtə
blindgjenger	blɪndgæɪŋər
blindhet	blɪnːd̥hɛt
blindhet	blˈɪnhət
blindpassasjer	blɪnːpɑsɑʃɛr
blindspor	blɪnːdspɔːr
blindt	blɪnt
blindt	blˈɪnt
blindtarm	blɪntɑːɾm
blindtarmbetennelse	blɪntɑɾmbəˈtɛnəlsə
blindtarmen	blɪndtɑːrm̩
blindvei	blɪnːdʋæɪ
blindvei	plˈɪnvaj
bling	blɪŋ
bling	bˈaɪŋ
blings	blˈɪŋs
blingse	plˈɪŋsˈˈ
blinke	blɪŋkə
blinke	ˈblɪŋkə
blinken	blɪŋkən
blinkende	blɪŋkɛndə
blinker	blɪŋkər
blinket	blɪŋkət
blinklys	blinklɪss
blinklys	blɪŋklyːs
blinklyset	blɪŋklysɛt
blinkskudd	blɪŋkʃʉt
blir	blɪɾ
blir	blˈiɹ
blirjeg	blɪɾjɛg
blithe	blɪːtə
blits	blɪts
blits	blˈɪts
blitt	blɪt
blitt	blˈɛt
blitzen	blɪtsən
blivende	blɪvənə
bll	bl̥ɑːl
bllr	bl̥ːɾ
bloc	blɔk
block	blɔk
blod	blɔːd
blodbad	blɔd̥bɑː
blodbadet	blɔdbɑːt
blodbank	blɔdbɑŋk
blodbanken	blɔdbɑŋkən
blodbryllupet	blɔdbɾʏlːʉpɛt
blodceller	blɔdʃɛlːər
blodet	blɔdət
blodets	blɔdət
blodflekkene	blɔdflɛkːənə
blodflekker	blɔdfleːkər
blodfortynnende	blɔdfɔʈnɪŋə
blodhund	blɔːdhʊn
blodig	blʊːdɪ
blodigste	blɔdɪstɛ
blodkar	blɔdkɑːr
blodkarene	blɔːkɑːrənə
blodlegemer	blɔdləgəmər
blodmånen	blɔdmɔːn̩
blodomløpet	bluːʊmløːpə
blodomløpet	blɔdɔmˈløːpət
blodoverføring	blɔːd̥ɔvərføːrɪŋ
blodpengene	blɔːdpɛŋən
blodpenger	blɔdpɛŋgər
blodpropp	blɔːpʁɔp
blodprøve	blɔːpʁøːvə
blodprøven	blɔːdprøːvən
blodprøvene	bluːpɾøːvənə
blodprøvene	blɔːdprøːvə
blodprøver	blɔːdprøːʋər
blodpøl	blɔd̥pœl
blodrøde	blɔːdrøːdə
blods	blɔs
blods	pruts
blodsbror	blɔtsbrɔr
blodsbrødre	blɔtsbrœːɖɾə
blodsbånd	blɔtsbɔnt
blodspor	blɔʂpɔr
blodsprut	blɔːsprʉːt
blodstrupmoen	blɔːstɾʉːmøːn
blodstrømmen	blɔːstɾœmn̩
blodsugende	blɔdsʉgn̩d̥ə
blodsuger	blɔdsʉgər
blodsugere	blɔdsʉgəɾə
blodsugerne	blɔːdsʉgn̩
blodsukker	blɔdsʉkːər
blodsukkeret	blɔdsʉkːər
blodsutgytelse	blɔdsʉtˈçylsə
blodsutgytelser	blɔdsʉtçʉːlsɛɾ
blodtap	blɔtːɑp
blodtapet	blɔtːapɛt
blodtilførselen	blɔtːɪlˈfœːɾsələn
blodtrykket	blɔːtʁʏkːə
blodtype	blɔtˈtyːpə
blodtypen	blɔtˈtyːpən
blodtørst	blɔːtɔʂː
blodtørstig	blɔːtœɾstɪ
blodtørstige	blɔːtœʂɪst
blodåren	blɔdɔːɾɛn
blodårene	blɔːɖɔːɾn̩
blodårer	blɔdɔːr
blogg	blɔg
blogge	blɔgə
blogge	blˈɔgːə
bloggen	blɔgn̩
blogger	blɔgər
blogger	bɾoːgːiɾ
blokade	blɔkɑːdɛ
blokaden	blɔkɑdən
blokk	blɔk
blokka	blɔkɑ
blokke	plˈokːa
blokken	blɔkːən
blokkene	blɔkːə
blokker	blɔkːər
blokker	bˈɾokːɪr
blokkere	blɔkːɛɾə
blokkere	blɔˈkeːɾə
blokkerer	blɔkəɾːɛr
blokkeringen	blɔkəɾɪŋən
blokkert	blɔkːɛɾt
blokkerte	blɔkːɛʈə
blom	blɔm
blomkvist	blɔmkvɪst
blomkål	blɔmkoːl
blomst	blɔmst
blomst	plums
blomsten	blɔmstɛn
blomstene	blɔmnstənə
blomster	blɔmstɛr
blomster	ˈblɔmstəɾ
blomsterbutikk	blɔmstɛrˈbʉtɪk
blomsterbutikk	ˈblʊmstəɾbʉtɪk
blomsterbutikken	blɔmstɛɾbʉtɪkʰən
blomsterhandler	blɔmstɛɾhɑndlɑr
blomsterhandleren	blɔmstərˈhɑ̀ndərən
blomstre	blɔmstrə
blomstre	ˈblɔmstɾə
blomstrende	blɔmnstɾɛnə
blomstrende	ˈblɔmstɾənə
blomstrer	blɔmstrər
blomstret	blɔmstrɛt
blomstret	blˈɔmstrɪt
blomstrete	blɔmstrɛːtə
blomstrete	bromstrətə
blond	blɔn
blonde	blɔndə
blonde	blˈɔndə
blondekrager	blˈɔndəkrajɛr
blonder	blɔnːɛr
blonder	blˈɔndər
blondie	blɔnːdi
blondina	blɔndiːna
blondine	blɔndiːnə
blondinen	blɔndɪnɛn
blondt	blɔnt
bloodwine	blʊːdʋɪn
bloody	blɔːdi
bloom	bluːm
bloomberg	blɔmbɛɾg
bloomfield	blumfɛlt
bloomingdale	blʊmɪŋdɑːl
bloomwood	bluːmwɔː
blore	blɔːɾə
blossom	blɔsɔm
blott	blɔt
blotte	blɔtːə
blotte	ˈblɔtə
blotter	blɔtər
blottet	blɔtət
blotting	blɔtɪŋ
blottlegge	blɔtːlɛgːə
blow	bluː
blu	bluː
blu-ray	blʉːrɛɪ
blue	bluː
blues	bluːs
blues	blʉːs
bluey	blɔɪ
bluff	blʉf
blund	blʉnː
blunde	ˈblʉnə
blunk	blʉŋk
blunke	blʉŋkə
blunke	plunka
blunke	ˈblʊŋkə
blunker	blʉŋkər
blunket	blʊŋkət
blunt	blʉnt
blur	blʉːr
bluse	blʉːsə
blusen	blʉːsən
blusen	bˌyːsən
bluss	blʉs
blusse	plˈɛsa
blusse	ˈblʉsə
blusser	blʉʃːər
blusset	blʉʃːət
blutbad	blʉːtˈbɑːd
blutbaden	blʉtˈbɑːdən
bly	blʏː
blyant	blʏɑːnt
blyanten	blʏɑ̀tn̩
blyantene	blʏɑ̀ntnə
blyanter	blʏanˈtɛr
blyet	blʏɛt
blyg	blyːg
blyg	blʏːg
blyge	blʏgə
blythe	blʏːtə
blå	bloː
blå	blɔː
blå	lˈoː
blåbær	blɔːbæːr
blåbær	ˈblɔbæɾ
blåbærpannekaker	blɔːbæːɾpɑːnəkɑːkər
blåfrossen	ˈbloːfɾɔsən
blålys	blɔːlys
blåmerke	blɔːməɾkə
blåmerkene	blɔːməɾkənə
blåmerker	blɔːmɛɾkər
blåmerket	blɔːmɛrkət
blåne	ˈbloːnə
blås	blɔːs
blåse	blɔːsə
blåse	ˈbloːsə
blåselampe	blɔːsəlɑ̀mpə
blåser	blɔːsər
blåser	ˈbloːsəɾ
blåses	blɔːsəs
blåst	blɔst
blåste	blɔːʂtə
blått	blɔt
blåveis	blɔʋæɪs
blåveis	ˈbloːʋæɪs
blåveisen	blɔːʋæɪ̯sɛn
blåøyd	blɔʏː
blåøyd	ˈbloːœjd
blåøyde	blɔʏːd
blæra	blæːɾɑ
blære	blæːɾə
blæren	blæːɾən
blærete	blæːɾətə
blærete	ˈblæːɾətə
blø	blø
blø	bløː
blødd	blœd
blødde	blœd̥ə
blødende	bløːdənə
blødning	bløːdnɪŋ
blødning	blœdnɪŋ
blødningen	blœdnɪŋ
blødningene	blœdnɪŋənə
blødninger	bløːdnɪŋɐ
bløff	blœf
bløffe	blɘfːə
bløffe	ˈblœfə
bløffen	blɘfːn
bløffer	blœfɛr
bløffet	blœfː
bløffmaker	blœfmakɛr
blør	blœːr
bløt	bløːt
bløt	blˈœt
bløt	bl̥øt
bløte	bløːtə
bløtgjøre	ˈbløːtjøːɾə
bløtkake	blœːtˈkɑːkə
bløtt	blœt
bo	pu
boa	bua
boarding	boːɾɪŋ
boardman	boːɾman
boat	boːt
bob	buːb
boba	boːbɑ
bobbi	ˈbɔbɪ
bobbie	ˈbɔbɪ
bobbo	ˈbɔbːʊ
bobby	ˈbɔbʏ
bobil	ˈbuːbəl
bobilen	ˈbʊːbəlɪn
boble	poplˈa
boble	ˈbɔblə
boblebad	po˥˩ːblə˥˩ba˥˩d
boblebad	ˈbɔbl̩bɑː
boblen	bo˩˥ːblɛn
boblen	ˈbɔblən
boblene	boplɛmɛ
boblene	ˈbɔblənə
bobler	ˈbɔbləʂ
boblevann	ˈbɔblɛˌvɑn
bodd	bɔt
bodde	buːd̥ə
boddy	buːdi
bodega	ˈbuːdʒə
boden	boːdən
bodhi	boːði
bodie	buːdi
bodil	ˈbʊdəl
body	bɔdy
boende	buɫɯ̞nda
boende	buːndə
boer	bua
boffano	boːfɑːnʊ
boform	buːfəɾm
bog	buːg
bogardus	bugɑɾus
bogart	buːgɑːɾt
bogdan	bugdɑn
boger	bogɪr
bogotá	boːgoːta
bogue	buːgə
bohannon	boːˈhɔn̩
bohem	boːhæm
boikott	boɪkɔt
boikotte	boɪkɔtə
boikotte	ˈbɔjkɔtə
boka	buːkɑ
boka	puka
bokbad	pukpad
boken	ˈbukən
bokettersyn	ˈbukətəʃʏn
bokføring	buːkføːrɪŋ
bokføringen	ˈbɔkføːrɪŋ
bokhandel	bukandæl
bokhandel	buːkhandəl
bokhandel	puːkandəl
bokhandler	ˈbɔkhɑ̀ɳdl̩
bokholder	ˈbɔkhʊldər
bokholderen	ˈbɔkhʊɫdərən
bokhylla	buːkhyːɭ̞ɑ
bokhylle	buːkɥɪlə
bokhyllen	ˈbɔkhyːln̩
bokklubb	buːkklʉb
bokklubben	buːkklʉbːən
boko	buːkʊ
boks	bɔks
boks	bˈɔks
bokse	toksa
boksekamp	poksɑkamp
boksekamp	ˈbɔksəkɑmp
boksen	ˈbɔksən
boksene	boːkʰsənə
bokser	boksə
bokser	ˈbɔksər
bokser	ˈbɔksɛɾ
boksere	ˈbɔksəɾə
bokseren	ˈbɔksəɾən
bokserne	ˈbɔksəɳə
boksershorts	ˈbɔksɐʃɔʈs
bokset	bˈɔksət
bokset	ˈbɔksɛt
boksing	ˈbɔksɪŋ
boksingen	ˈbɔkʃɪŋə
bokstav	bukstɑːb
bokstav	ˈbɔkstɑːv
bokstavelig	bʊkˈstɑːʋəlɪ
bokstavelig	ˈbɔkstɑːlɪ
bokstavelige	bʊkˈstɑːʋəlɪə
bokstaveligere	bʊkˈstɑːʋəlɪɾə
bokstaveligst	bʊkˈstɑːʋəlɪkst
bokstaven	ˈbɔkstɑːʋən
bokstavene	ˈbɔkstɑːʋnə
bokstaver	ˈbɔkstɑːʋər
bokstavlig	ˈbɔkstɑːvlɪ
bokstroll	buːkstɾɔlː
boksåpner	bɔksoːpnəɾ
bola	buːlɑ
boletta	buːlɛtɑ
bolette	bulˈɛtːa
bolette	buːlətə
boligen	buːlɪgən
boligere	ˈbuːlɪɾə
boligpris	bùːlʲiprʲiːs
bolivia	ˈbɔlɪviə
bollen	bo˥˩ːlɨŋ˧˥
bollen	ˈbɔlːən
bollene	bolːə
boller	buːler
bologna	ˈbɔlɔɲɑ
bolsjevikene	bolʃɛʋɪkənə
bolsø	bɔlsɯ̞
bolte	ˈbɔltə
boltet	ˈbɔltə
bolton	buːltɔn
boltonene	ˈbɔltənə
bom	boːm
bom	bu
boman	buːman
bomb	bɔmp
bomba	ˈbɔmba
bombardere	bʊmbɑˈɖeːɾə
bombardert	ˈbɔmbɑɾtɛɾ
bombay	ˈbɔ̀mbɑɪ
bombe	ˈbɔ̀mbə
bombe	ˈbʊmbə
bombeangrep	ˈbɔ̀məŋʁɛp
bombefly	ˈbɔmbəfly
bombeflyene	ˈbɔmbəflyːənə
bombekastere	ˈbɔmbəkɑstəɾə
bomben	ˈbɔmn̩
bombene	ˈbɔmbənə
bomber	ˈbɔmbər
bomberen	ˈbɔmbəɾən
bomberom	ˈbɔmbəɾɔm
bomberommet	ˈbɔ̀mːɛɾɔmːə
bombesikker	ˈbɔmːəsɪkːər
bombesikkert	ˈbɔmbəsɪkəɾt
bombet	ˈbɔmbət
bombetrussel	ˈbɔmbəˌtrʉʃəl
bombing	ˈbɔmbɪŋ
bombingen	ˈbɔmbɪŋən
bombingene	ˈbɔmːɪŋnə
bomma	ˈbɔmːə
bomme	ˈbɔmːə
bomme	ˈbʊmə
bommen	ˈbɔmən
bommer	ˈbɔmːər
bommert	ˈbɔmːəɾt
bommet	ˈbɔmːət
bompenger	ompeːŋeːr
boms	boːms
bomsen	ˈbɔmsn̩
bomsene	ˈbɔmsənə
bomser	ˈbɔmsər
bomtur	ˈbɔmtʉːr
bomull	ˈbûːmʉl
bomullen	ˈbûːmʉln̩
bomvegene	punveːgɛnɛ
bomvei	buːmvaj
bonanza	ˈbûːnɑ̀nsa
bonde	ˈbɔ̀ndə
bondegutt	ˈbɔ̀ːnːəgʉtː
bondegård	ˈbɔ̀ːndəgɔːɾ
bondegård	ˈbʊnəgoːɾ
bondejente	ˈbɔndəjɛntə
bondeknøl	ˈbɔndəknœl
bondeknølen	ˈbɔndəknœlən
bondelandet	ˈbɔndəlænt
bonden	ˈbɔ̀ːdn̩
bondens	ˈbɔ̀ːndəns
bondetamp	ˈbɔnːəˌtɑmp
bondetamper	ˈbɔ̀ːnəˌtæmpər
bondo	ˈbɔ̀nːoʊ
bone	buːn
bonell	ˈbûːnəl
bones	buːn̩s
bong	boŋ
bongo	ˈbɔŋguː
bonjour	ˈbɔ̀ːɲʊʂ
bonn	bon
bonnaire	ˈbɔ̀nːɑːɾ
bonner	ˈbɔnːər
bonnet	ˈbɔnːət
bonneville	buːnəvilː
bonney	ˈbɔnə
bonnie	ˈbɔnɪ
bonnies	ˈbɔnɪs
bono	buːnʊ
bonsai	buːnˈsɑiː
bonus	buːnʊs
bonuser	ˈbûːnʉsər
bonuspoeng	ˈbûːnʊspoŋ
bonzo	buːnsoː
boo	buː
booboo	buːbuː
boog	buːg
boogie	buːgiː
book	buːk
booke	bukːɛ
booke	buːkə
booker	buːkər
booket	buːkət
bookmaker	buːkmeɪkər
boom	buːm
boomer	buːmər
booms	buːms
boon	buːn
boone	buːn̩
booster	buːstər
boot	buːt
boots	buːts
bop	buːp
bopel	ˈbʊpəl
bor	buːr
bora	buːɾɑ
borat	ˈbɔːrɑt
bord	bɔɖ
bordbønnen	buːɖbœnː
bordduk	pˈoːrdˈʉk
bordeaux	ˈbɔːɾdeɔ
bordell	buð̞ell
bordell	buːɾdɛɭ
bordeller	ˈbɔːɖəlɛɾ
bordellet	ˈbɔ̀ːɾdələt
borden	ˈbɔ̀ːɳən
bordene	buːɾd̥ənə
border	ˈbɔ̀ːdər
bordtennis	ˈbɔːɾtɛnɪs
bordvin	buːɾvin
bore	ˈbɔɾə
borer	ˈbɔːrər
borg	borig
borg	bɔɾg
borgemester	ˈbɔ̀ːrgəmɛstə
borgemesteren	ˈbɔrgəˌmɛstəɾən
borgen	ˈbɔrgən
borgene	ˈbɔrgənə
borgere	ˈbɔ̀ɾçərə
borgerkrig	ˈbɔrjərkrɪg
borgerkrigen	ˈbɔrjərkrɪgən
borgerlig	ˈbɔrjərlɪ
borgerlig	ˈbɔɾgəlɪ
borgerlige	ˈbɔɾgəlɪə
borgerligere	ˈbɔɾgəlɪɾə
borgerligst	ˈbɔɾgəlɪkst
borgerligste	ˈbɔɾgəlɪkstə
borgermester	ˈbɔrjəˌmɛstə
borgermesteren	ˈbɔrjəˌmɛstəɾən
borgermesterens	ˈbɔrjəˌmɛstəɳ
borgernes	ˈbɔrgənəʂ
borgerrettighetsbevegelsen	ˈbɔrjərʁætighɛtsbæɪ̯vəlsən
borgerskapet	ˈbɔrgəʂkæpə
borgervern	ˈbɔrjərvɛːn
borggården	buʂgoːɾd̥n̩
borghild	burghil
borgia	buɾgia
boringen	ˈbɔːrɪŋən
borkman	bˈɔrkmən
borknagar	burgnàːgɔr
borneo	ˈbɔːɳoʊ
bornert	buneɾt̪
boromir	ˈbʊːruˌmɪɾ
borrelås	ˈbɔrːəlɔs
borstein	ˈbɔːʂtæɪ̯n
bort	buːɾ̥t
bortenfor	ˈbɔʈənfɔʁ
bortforklare	ˈbɔʈfɔɭkɭæɾə
bortføre	ˈbɔɾtføːɾə
bortføre	ˈbʊʈføːɾə
bortføringen	ˈbɔʈfœːɾɪŋ
bortført	ˈbɔɾtføɾt
bortgang	ˈbɔɾtgɑŋ
bortgjemt	ˈbɔʈjɛmt
borti	ˈbɔɾtɪ
bortimot	ˈbɔʈɪmɔt
bortkasta	ˈbɔʈkɑstə
bortkasta	ˈbʊʈkɑstɑ
bortkastede	ˈbɔʈkɑstə
bortkastet	ˈbɔʈkɑst
bortkommen	ˈbɔɾtkɔmən
bortkommet	ˈbɔʈkɔmət
bortkomne	ˈbɔʈkɔmnə
bortom	ˈbɔ̀ːrtɔm
bortover	ˈbɔ̀ːrtɔʋər
bortreist	ˈbɔʈɾæɪst
bortreist	ˈbʊʈɾæɪst
bortskjemt	ˈbɔʈʃæɪ̯mt
bortskjemt	ˈbʊʈʂəmt
bortskjemte	ˈbɔʈʃæɪ̯mtə
bortvist	ˈbɔʈʋɪst
borøy	bʊɾɛj
bosatt	buːsɑt
bosatte	buːˈsɑtə
bosch	buʃ
bosetning	buːsatniːn˧
bosetningen	ˈbuːsətɪŋən
bosette	puːsˈɛtːa
bosette	ˈbuːsɛtə
bosetterne	buːsɛtɛʁnə
bosetting	ˈbûːsɛtɪŋ
bosnia	buʃniːə
bosnier	poˈsnˈɛ
bosniske	buʃnisçə
boss	buʂ
bosse	bˈɔsse
bosse	ˈbœsə
bosse	ˈbɔʂːə
bossen	ˈbɔsn̩
bosted	buʃtɛd
bosted	puːstæd
boston	postnˈ
boston	ˈbɔstɔn
bostons	ˈbɔstɔns
bot	buːt
botaniker	ˈbɔtɑnɪkəɾ
botanisk	bʊˈtɑːnɪsk
botanisk	ˈbɔtɑnɪsk
bote	ˈbøːtə
botemiddel	ˈbuːtəˌmɪɖːəl
botemiddelet	ˈbɔtəˌmɪdlə
botox	buːtɔks
botsøvelse	ˈbuːtsøːʋəlsə
botsøvelse	ˈbɔtsøʋəlsə
bottom	ˈbɔtːm̩
bouchard	buːˈʃɑːɾ
boudreau	buːdrɔ
boulder	buːlɖɐr
boulis	buːlɪs
bourbon	buːɾbʊn
bow	buː
bowden	buːdən
bowen	buːən
bowers	buːɾs
bowie	buːʋɪ
bowle	buːlə
bowle	pɔfnɑ
bowler	buːlɛr
bowles	buːləs
bowlet	buːlɛt
bowling	buːlɪŋ
bowling	ˈbɔʊlɪŋ
bowlinghallen	buːlɪŋhɑlːn
bowman	buːman
boyd	buːɪ
boyka	buːjka
br	br̥
bra	bra
bra	brɑː
bra	bɾɑː
braavos	brɑːɾɔʋs
brad	brɑːd
bradbury	brɑːdˈbʉːrʏ
braddock	brɑdɔk
braden	brɑːdən
bradley	brɑːdliː
brads	brɑːds
bradstone	brɑːtstʉːn
brady	brɑːdʏ
braga	brɑːgɑ
bragd	bɾɑgd
bragder	brɑgdər
brageprisen	brɐgɪprɪsɪn
bragg	brɑg
bragt	brɑkt
bragte	brɑːktə
brahms	brɑːms
brain	bræɪn
brak	brɑːk
brake	ˈbɾɑːkə
brakebills	brɑːkɛbɪls
braker	brɑːkər
braket	brɑːkɛt
brakk	brɑk
brakka	brɑkːɑ
brakke	brɑkːə
brakke	ˈbɾɑkə
brakkene	brɑkːə
brakker	brɑkːər
brakt	brɑkt
brakt	brˈakt
brakte	brɑːktə
bram	brɑːm
bran	brɑːn
branch	brɑːnʃ
brand	brɑn
brandi	brɑndi
brando	brɑːnːu
brandon	brɑːnːɔn
brandons	brɑnˈdɔns
brandt	brɑːnt
brandy	brɑːndi
brandyen	brɑːndiːən
branko	brɑːnkoː
brann	brɑn
brann	bɾɑn
brannalarm	brannalærm
brannalarm	brɑnːɑlɑrm
brannalarmen	brɑnːɑlɑɾm̩
brannbil	brɑːnːbɪl
brannbilen	brɑːnːbɪlən
brannbilene	brɑːnːbɪːlənə
brannbiler	brɑːnːbɪːlɐ
brannen	brɑnːn̩
brannene	brɑnːnə
branner	brɑnːɾ
brannfarlig	brɑːnnfɑːlɪ
brannfarlig	ˈbɾɑnfɑːɭɪ
brannfolk	brɑnːfɔk
brannigan	brɑnɪgɑn
brannmann	brɑnːmɑn
brannmann	ˈbɾɑnmɑn
brannmannen	brɑnːmɑnː
brannmenn	brɑnːmɛn
brannmennene	brɑnːmɛnːə
brannmur	brɑːnmʉːr
brannmuren	brɑːnːmʉːrɛn
brannsalve	ˈbɾɑnsɑlʋə
brannsjefen	brɑnʃɪfɛn
brannskader	brɑnʃkɑːdər
brannslokker	ˈbɾɑnʂɭɔkəɾ
brannstasjon	brɑnːstɑʃuːn
brannstasjonen	brɑnstɔʃɛn
brannstiftelse	brɑnstiftlɛs
brannstifter	brɑnstɪftər
brannstigen	brɑnstɪgən
brannsår	brɑnːsɔːr
branntrappen	brɑnːtraːpːən
brannvesen	brɑnˈʋeːsən
brannvesen	ˈbɾɑnʋeːsən
brannvesenet	brɑnːvɛsɛn
brannøvelse	brɑnːøʋəlsə
bransje	brɑnʃə
bransjen	brɑnʃən
bransjens	brɑnʃɛns
brant	brɑnt
brant	brˈant
brantley	brɑːntlɑɪ
brase	brɑːsə
brasende	ˈbrɑːsənə
brasene	brɑːsənə
braser	brɑːsər
brasil	brɑːsɪl
brasiliansk	ˈbrɑːsɪlɪɑ̯nʃ
brasilianske	brɑːsɪlɪɑ̯nsə
brasmen	brˈɑsmɛn
brasserier	brasɪrˈiːr
brast	brɑst
braste	brɑːstɛ
bratislava	brɑtɪslaʋa
bratsj	bratʃ
bratsjist	bratʃɪst
bratt	brat
bratt	brɑt
bratt	bɾɑt
bratte	bratːə
bratte	brɑtːə
bratva	brɑːtʋɑː
bratwurst	brɑːtwʊʂt
braun	brɑʊ̯n
braute	ˈbɾæʉtə
brautende	brɑʉːtɛndə
brava	brɑːʋɑ
brave	brɑːvə
bravo	brɑːʋo
brawne	brɔːnə
braxton	brɑːkstɔn
bray	brɛɪ̯
bre	brɛ
bre	bɾeː
brea	brɛː
break	brɛːk
breaker	ˈbɾæɪkəɾ
breakfast	brɛkfɑːst
breaking	brɛɪkɪŋ
breck	brɛk
bred	pre
bredd	brɛd
bredde	brɛdːə
bredde	ˈbɾɛdə
breddegrad	brɛdːəgrɑːt
bredden	brɛdən
bredder	brɛdːər
brede	brɛːdɛ
bredere	brɛːdərɛ
bredt	bɾɛt
bree	brɛː
breen	brɛːn
breer	ˈbɾeːəɾ
brees	brɛːs
breeze	brɛs
brei	brɛj
brei	bɾæi
breke	ˈbɾeːkə
brekk	brɛk
brekkbønner	brˈɛkbˈɛnər
brekke	brɛkːə
brekke	brˈɛkə
brekke	ˈbɾɛkə
brekker	brɛkːər
brekket	brɛkːət
brekkjern	brɛkjɛrn
brekkjernet	brɛkjɛnnət
brekkjernet	brˈɛkjɛrnˌeː
brekt	brɛkt
brekte	brɛktə
bremen	brɛmən
bremer	brɛmɛr
brems	bræms
brems	bɾɛms
bremse	brɛmsə
bremse	ˈbɾɛmsə
bremsen	brɛmsən
bremsene	brɛmsənə
bremser	brɛmsər
bren	brɛn
brenda	brɛnda
brendan	brɛnːən
brendans	brɛndɑns
brendas	brɛndɑs
brenn	brɛn
brennan	brɛnːɑn
brennbar	brɛnːbɑːr
brennbart	brɛnːbɑːɾt
brenne	brɛnːə
brenne	ˈbɾɛnə
brennemerke	brɛnːəˈmæɾkə
brennemerket	brɛnːəˈmæʂkət
brennende	brɛnːɛndə
brenner	brɛnər
brenner	brɛnːər
brenneren	brɛnːɛɾən
brenneri	pɾɛnɪri
brennes	brɛnːs
brennesle	brɪ̞nːɪ̞ʃlæ
brennevin	brɛnːəʋɪn
brennevinet	brɛnəˈʋiːnət
brennheit	brɛnːheit
brennhet	brɛnhɛt
brenning	brɛnɪŋ
brennmanet	brˈɛnmanət
brennmerker	brɛnːmɛrkər
brennmerket	brɛnːmɛrçɛ
brennstoff	brɛnstɔf
brensel	brɛnsəl
brent	brɛnt
brente	brɛntə
brente	brˈɛntə
brentwood	brɛntwʊt
brer	bɾeːɾ
bresjen	brɛʃən
breslin	br̥ɛslɪn
bressler	brɛsləɾ
bret	brɛt
brett	brɛt
brett	brˈɛt
bretta	brˈɛtːa
brette	brɛtːə
brette	ˈbɾɛtə
bretten	brˈɛtən
brettene	brɛtːn̩
bretter	brətːər
bretter	brɛtɾ̥
brettet	brˈɛtət
brettspill	brətːspiːl
bretur	brətˈʉr
brev	brɛʋ
brev	bɾeːʋ
brevdue	brɛvdʉː
brevene	brɛːvən
brevet	brɛːʋət
brevkort	prəvkˈoːrt
brewer	brɛvər
brewers	brɛʋɾs
brewster	brɵstər
bri	brɪ
brian	brɪɑn
briana	ˈbɾiɑːnə
brianna	ˈbɾiɑnə
brians	biːɑns
briar	brɪɑːr
brick	brɪk
bridge	brɪgə
bridger	brɪɖər
bridget	brɪgət
briefe	brɪːvə
briefet	brɪfːət
briefingen	brɛɪfɪŋən
brien	brɪən
brienne	brɪənə
briens	brɪəns
brife	brɪ́ːvə
brifer	brɪfɛr
brifet	brɪfɛt
brifing	brɪfɪŋ
brigade	brɪgɑːd
brigadegeneral	brɪgɑːdɛgɛnʃəl
brigaden	brɪgɑːdən
brigader	brɪgɑːdər
brigance	brɪgɑːns
briggs	brɪgs
brigham	brɪgɑm
brighton	brɑɪtɔn
brigitte	brɪgɪtə
brikke	brɪkːə
brikken	brɪkːən
brikkene	brɪkːənə
brikker	brɪkːər
briljant	brˈɪljant
briljere	brɪljɛːrɛ
brille	brɪlːə
brillefin	brɪlːɪfˈiːn
brillene	brˈɪlˈn
brilleslange	ˈbrɪləslɑŋə
bring	brɪŋ
bringe	brɪŋə
bringe	bɾɪŋə
bringe	ˈbɾɪŋə
bringebær	brɪŋəˈbæːr
bringebær	bɾiŋɪbæːr
bringen	ˈbɾɪŋən
bringer	ˈbɾɪŋər
bringes	brɪŋəs
bris	brɪs
bris	bɾiːs
brisbane	bɚˈɪstbeɪn
briseis	ˈbɾiːseɪs
brisen	brɪsn̩
briskeby	briskiby
brislingen	brˈɪʃlɪŋɛn
brist	brɪst
briste	bristɛ
briste	brɪstə
briste	ˈbɾɪstə
bristepunktet	brɪstəpʰʉŋktɛ
brister	brɪstər
brister	brˈɪstər
bristet	brɪstɛ
bristet	brˈɪstət
bristol	bristul
bristol	brɪstɔl
brit	brɪt
britannia	ˈbɾɪnɪɑː
brite	britˈa
brite	brɪtə
britene	brɪtənə
briter	ˈbɾɪtər
british	brɪtɪʃ
britisk	brikist
britisk	ˈbɾiːtɪsk
britiske	priːfɪskɛ
britiske	ˈbɾɪtɪskə
britney	ˈbɾɪtneɪ
britt	brit
britt	brɪt
britta	brɪtːɑ
brittany	brɪtɑːn
bro	ʒˈu
broa	brua
broa	brɔː
broadchurch	brɔːɾtʃʉːɾ
broadway	brɔːdveɪ
broch	brɔx
brock	brɔk
brockie	brɔkɪ
brod	brɔːd
brodd	brɔd̥
brodden	brɔdən
broder	brudɪr
broder	brɔːdər
brodere	bɾʊˈdeːɾə
broderi	bɾɔdɛˈɾiː
broderick	brɔːɾɛɪk
brodern	brɔːɖn̩
broderskapet	brɔdɛʃkɛp
brody	brɔːdʏ
brodys	brɔdʏs
broen	br̥uːn
broen	bɾuːwn
brohode	brɔhʊd̥ə
brokar	ɦɛrʊkəɾ
brokeback	brɔkɛbɑk
broken	brɔkːn̩
broker	brɔkər
brokk	brɔk
brokken	b̥rokːɪ̞n
brokkoli	brɔkɔlɪ
brom	brˈʊm
broms	brɔms
bron	brɔn
bronco	brɔŋkʊ
broncoen	brɔŋkɔɛn
bronkie	prɔmkjɛ
bronkiene	pronkjena
bronkitt	brɔŋkɪt
bronkitt	bɾʊŋˈkɪt
bronn	brɔn
bronse	brɔnsə
bronse	ˈbɾɔŋsə
bronson	brɔnsɔn
bronx	brɔnks
brook	brɔk
brooke	brʊkə
brooklyn	brɔːkliːn
brooklyns	brɔkəlɪns
brookmire	brɔkmɪːɾ
brooks	brɔkʰs
broom	brʊm
broome	brumː
broomhilda	brʊmhɪlda
brophy	brɔfɪ
bror	rˈuːr
broren	brɔːrən
brorens	brɔːrɛns
brors	brɔʂ
brorskap	brɔʂkɑp
brorskapet	brɔʂkɑːpə
bros	brɔʃ
brosje	brɔʃə
brosje	brɔʃɛ
brosjen	brɔʃən
brosjyre	brɔʃʏːɾə
brosjyre	bɾʊˈʂyːɾə
brosjyren	brɔʃʏːɾən
brosjyrene	brɔʃʏːɾən
brosjyrer	brɔʃʏːɾ
brosjyrer	brʊsʃiːrər
brosme	brosˈma
brosme	ˈbɾɔsmə
brosmen	bɾˈɔsmən
brosmene	bɾˈɔsmɛnə
brossard	brɔsɑːɾ
brother	brʊðər
broud	brɔʉː
broussard	brɔʊ̯ˈsɑːɾ
brow	brɔʊ
brown	brɔn
brownie	brɔuni
brownies	brɔʊ̯nɪs
brownsville	brɔnsvɪl
bru	brʉː
bru	bɾʉː
brua	brʉːɑ
brubaker	brʉːbɑkər
bruce	brʉːs
brud	bryd
brud	brʉːd
brudd	brʉd
brudd	bɾʉd
bruddene	brʉːdənə
bruddet	brʉdːə
bruddet	brʉtː
bruddstykker	brʉːdstɪkːər
brudekjolen	ˈbrʉːdəkjʉːlən
bruden	brʉːdən
brudens	brʉːdəns
brudeparet	ˈbrʉːdəpæɾət
brudepike	brudəpjkæ
brudepike	ˈbrʉːdəpɪkə
brudepiken	ˈbrʉːdɛpɪkn̩
brudepikene	ˈbrʉːd̥əpɪkənə
brudepiker	ˈbrʉːdɛpɪkəɾ
bruder	brʉːdər
brudgom	brʉːdgɔm
brudgommen	brʉːdgɔmən
brudgommens	brʉːdgɔməns
bruer	brʉːɾ
brugata	brʲigata
brugge	brʉgːə
bruin	brʉɪn
bruiser	brʉɪsɛr
bruk	brʉk
brukbar	brʉkːbɑːr
brukbar	ˈbɾʉːkbɑːɾ
bruke	brʉːkə
bruke	brˈʉka
bruke	ˈbɾʉːkə
bruken	brʉːkən
bruken	brˈʉkən
bruker	brʉːkɛr
brukere	brʉːkəɾə
brukeren	brʉːkəɾən
brukernavn	brʉːçɛɳɑvn
brukerne	brʉːkɳə
brukes	brʉːkəs
bruket	brʉːkət
brukket	brʉkːət
brukket	bɾʊkət
brukne	brʉknə
bruksanvisning	brʉksɑnvisɪŋ
bruksanvisningen	brʉksɑnvisɪŋən
brukt	brʉkt
brukt	brˈukt
bruktbil	brʉktbɪl
bruktbutikk	brʉktbʉtɪk
brukte	brʉktə
brukthandel	ˈbɾʉkthɑnəl
brumbaugh	brʉmˈbɑʊ
brumm	brʊm
brumme	ˈbɾʊmə
brun	brʉn
brun	bɾʉːn
brunch	brʊnʃ
brune	brʉːnə
brune	ˈbɾʉːnə
bruner	brʉːnɛr
brunette	brʉnɛt
brunetten	ˈbrʉːnətən
brunetter	brʉnɛtɛr
brunfarge	brʉnˈfɑːɾʉ
brunfargen	brʉnˈfɑɾgn̩
brunhild	brʉːnhɪɭ
bruni	brʉːnɪ
bruno	brʉːnʊ
brunsj	brʉnʃ
brunsjen	brʉnʃɛn
brunt	brʉnt
brura	brʉːɾɑ
brus	brʉːs
brus	bɾʉːs
bruse	brʉːsə
bruse	ˈbɾʉːsə
brusen	brʉːsən
bruser	brʉːsɛr
brusk	brʉsk
brussel	brʉsːəl
brutal	brʉːtal
brutal	bɾʉˈtɑːl
brutale	brˈʉtalə
brutalitet	brʉːtɑlɪtɛt
brutaliteten	ˈbrʉːtɑːlɪtən
brutalt	brʉːtɑlt
brute	brʉːtə
brutt	brʉtː
brutte	brʉtːə
brutter	brʉtːər
bruttern	brʉtːn̩
brutto	brʉtːo
brutto	brʉtːʊ
brutus	brʉtʉs
bruun	br̥ʉːn
bry	brʏː
bry	bɾyː
bryan	brɪɑːn
bryant	brʏɑnt
bryce	brʏs
brydd	brid
brydd	brʏd̥
brydde	bridˈa
brydde	brʏdːə
bryderi	brʏːdərɪ
bryderiet	brʏːdɛɪ̯
bryet	brʏət
brygg	brʏgː
brygga	brʏgːɑ
brygge	brʏgːə
brygge	ˈbɾʏgə
bryggen	brʏgːən
brygger	brʏgːər
bryggeri	brʏgəˈriː
bryggeriet	brʏgəˈriːə
brygget	brʏgːət
bryllup	brʏlːʉp
bryllup	bɾʏlʉp
brylluper	brʏlːʉpɛr
bryllupet	brʏlːʉpət
bryllups	brʏlʊps
bryllupsdag	ˈbryːlʊpsdɑːg
bryllupsdagen	ˈbryːlʊpsdaːgn̩
bryllupsfest	brʏlʊpsfɛst
bryllupsgave	brʏlʊpsgɑːvə
bryllupskake	ˈbrʏlʊpskaːkə
bryllupsnatta	ˈbrʏlːʉpsˌnɑtːɑ
bryllupsnatten	brʏlʊpsnɑtːn
bryllupsplanene	ˈbryːlʊpsplɑːnə
bryllupspresang	ˈbryːlʊpspræːsŋ
bryllupsreisen	ˈbrʏlsʉpsɾæɪ̯sən
bryllupssuiten	ˈbrʏlsʉpsːʉɪn
bryn	brʏn
bryn	pɾin
brynjar	brɪnjɛːr
brynn	brʏn
brynseng	triːnsɛŋ
bryr	brʏːr
bryr	driːr
brysk	brʏʃ
brysk	bɾʏsk
brysom	brˈyːsum
brysom	ˈbɾyːsɔm
bryson	brʏʃɔn
bryst	brʏst
bryst	bɾʏst
bryst	rˈɪst
brystben	brʲɪstbæn
brystene	brʏstən
bryster	brʏstər
brystet	brʏstət
brystet	brʲista
brysthinne	brʲysthʲiːnna
brystkassa	brʏstkɑsːə
brystkasse	brʏstkɑsːə
brystkassen	brʏstkɑsːn
brystkassen	brʏ̞stkassɛn
brystkreft	brʏstkræft
brystmusklene	brʏstmʉsklənə
brystsmerter	brʏstsmɛʈər
brystvernet	brʏstˈvɛːɳ
brystvorte	brʏstˈvɔɾtə
brystvorte	ˈbɾʏstʋʊʈə
brystvorten	brʏstˈvɔʈn̩
brystvortene	brʏstˈvɔɾtənə
brystvorter	brʏstˈvɔʈəʁ
bryt	brʏːt
bryte	brʏːtə
bryte	bɾyːtə
brytekamp	ˈbryːtəˌkɑmː
bryter	brʏtər
bryter	brˈyːtər
brytere	brʏːtəɾə
bryteren	brʏːtɛɳ
bryterne	brʏʈɛnə
bryterne	brˈyːtarnə
brytes	brʏtəs
bryting	brʏːtɪŋ
bryting	brˈyːtɪŋ
brytning	prid̪niŋ
brå	brɔː
brå	bɾoː
bråk	brɔk
bråk	brˈoːk
bråk	bɾoːk
bråke	brɔːkə
bråke	ˈbɾoːkə
bråker	brɔːkər
bråket	brɔkət
bråket	brˈoːkət
bråkete	brɔːkətə
bråkete	ˈbɾoːkətə
bråkjekk	brɔːkˈjɛk
bråkjekk	ˈbɾoːçɛk
bråkmaker	brɔːkmɑkər
bråkmakere	brɔːkmɑːkərɛ
bråkmakeren	brɔːkmɑːkɛɾən
bråkte	brɔktə
bråte	brɔːtə
brått	brɔt
brézé	brɛːsə
brød	brøː
brød	bɾøː
brødene	brøːdənə
brødet	brœdət
brødfrukt	brœːdfrʉkt
brødfø	brœːdføː
brødre	brœːɖɾə
brødre	brˈøːdra
brødrene	brøːɖrənə
brødrenes	brœːrənɛs
brødres	brœːɖʁɛs
brødrister	brøːdɾɪstər
brødrister	bɾøːɾɪstəɾ
brødristere	brøːdɾɪstəɾə
brødristeren	brøːdɪstɛɾən
brødskiver	brœːskɪvər
brøkdel	brœkdel
brøl	brœl
brøle	br̥ʊlə
brøle	ˈbɾøːlə
brølende	brœːləndə
brøler	brœ̞lɛ́ɾ
brølet	brœlət
brølte	brœltə
brøndby	brœ̞nd̪bʏ
brønn	brœn
brønn	bɾœn
brønnen	brœnːən
brønnene	brœnːə
brønner	brœnːər
brøt	brøːt
brøynes	brøjnɛs
brøyt	brœʏ̯t
brøyte	ˈbɾœjtə
bti	btɪ
bu	bʉː
bua	bua
bub	buːb
bubba	ˈbʉbːɑ
bubber	ˈbʉbːər
bubbles	ˈbʉ̀bl̩s
bubbs	ˈbʉps
bubby	ˈbʉbːʏ
bubs	buːps
buch	buːx
buchan	buːxɑn
buchanan	ˈbʉːxɑn
buchenwald	ˈbʉːçənvɑːlt
bucket	ˈbʉkət
buckingham	ˈbʉkɪŋhæm
buckland	ˈbʉklɑn
buckner	ˈbʉknər
bucks	buːks
bucky	ˈbʉkɪ
bud	buːd
bud	bøt
bud	bʉːd
budahas	buːðaːs
budapest	ˈbʉːdæpɛst
budbringer	buːdbrɪŋər
budbringere	buːdbrɪŋːər
budbringerne	ˈbʉːdbrɪŋənə
budbærer	buːdˈbæːrər
budbæreren	ˈbʉːdˌbæːrən
budde	bɪ̞dːɛ
buddhist	ˈbʉːdɪst
buddhister	ˈbʉːdɪstər
buddhistisk	bʉˈdɪstɪsk
buddhistisk	ˈbʉːdɪstɪsk
buddy	ˈbʉːd̥y
budene	buːd̥ənə
budet	buːdət
budkrig	buːɖkrɪg
budrunden	ˈbʉːdrʉndn̩
buds	buːds
budsjett	bʉdˈʂɛt
budsjett	ˈbʉːɕɛt
budsjetter	ˈbʉʂçɛtər
budsjettere	bʉdʂəˈteːɾə
budsjettkutt	ˈbʉːɕɛtˌkʉtː
budskap	buːʂkɑːp
budskapet	bʉdskapːe
budweiser	ˈbʉːdˌʋæɪ̯sər
bue	bʉːə
buen	buːən
buenas	buːɛnɑs
bueno	ˈbʉ̂ːnə
buenos	ˈbʉ̂ːnɔs
buer	buːɾ
bueskytter	buːʃʏtːər
bueskyttere	buːʃʏtːɛɾə
bueskytterne	buːʃʏʈːɛɳə
buffalo	buːfɑːloː
buffeen	ˈbʉfən
buffer	ˈbʉfər
buffet	ˈbʉfɛt
buffeten	ˈbʉfːən
buffett	buˈfɛt
buffy	ˈbʊfi
buford	buːfɔɾ
bugenhagen	ˈbʉːgənˌhɑːgən
bugne	ˈbʊŋnə
bugs	buːgs
buicken	buːkɪn
building	ˈbʉːldɪŋ
buk	buːk
buken	ˈbʉːkən
bukett	bykˈɛt
bukett	bʉˈkɛt
bukett	ˈbʉkɛt
buketten	ˈbʉkətən
bukk	buk
bukke	puːkːen
bukke	ˈbʉkːə
bukke	ˈbʊkə
bukken	ˈbʉkːən
bukkene	ˈbʉkːənə
bukker	buːkɛr
bukket	ˈbʉkət
bukowski	ˈbʉːkɔʃki
buksa	buːpsa
buksa	ˈbʉksɑ
bukse	ˈbʉːksə
buksen	ˈbʉksən
buksene	ˈbʉksənə
bukser	bʊksɯr
bukser	ˈbʉksər
bukseseler	ˈbʉksəsəlɛɾ
bukspyttkjertelen	ˈbʉkspʏtçɛɾtələn
bukt	bʉkt
bukt	ɓʉkt
bukta	ˈbʉktɑ
buktaler	ˈbʉktɑːlɐ
bukte	ˈbʊktə
bukten	ˈbʉktn̩
buktet	buktɛt
buktete	buktɛtɛ
bula	buːlə
bular	buːlɑr
bulder	buːldər
bulder	byldær
buldre	ˈbʉldɾə
bule	buːlə
bule	ˈbʉːlə
buler	byːlər
buler	ˈbʉːlɐ
bulgaria	bʊlgaˈria
bulgaria	ˈbʉlgɔɾiɑ
bulgarsk	ˈbʉlgɑːʂk
buljong	buːljɔŋ
bulk	bulk
bulke	ˈbʉlkə
bulker	ˈbʉɭkər
bulket	ˈbʉlkət
bull	buːl
bullard	buːlɑːɾ
bulldog	ˈbʉːldɔg
bulldogg	buldɔg
bulldoser	ˈbʉːldusər
bulldoseren	ˈbʉːldosəɾən
bullet	ˈbʉlːət
bulletin	ˈbʉltəlɪn
bullingdon	buːlɪŋdɔn
bullit	buːlɪt
bullock	buːlɔk
bulls	bul̥s
bumblebee	ˈbʊml̩biː
bump	bump
bumper	ˈbʊmpər
bunad	ˈbʉːnɑːd
bunchy	ˈbʊnʃi
bundet	ˈbʉnːət
bundsch	ˈbʉnʃ
bundy	ˈbʉnːy
bungalow	ˈbʊŋɑːlɔʊ
bunk	bʊŋk
bunke	ˈbʉŋkə
bunke	ˈbʊŋkə
bunker	ˈbʊŋkər
bunkere	ˈbʊŋkəɾə
bunkersen	ˈbʊŋkəɾsən
bunkie	ˈbʊŋkɪ
bunn	bʉn
bunnen	ˈbʉnːən
bunnløs	ˈbʊnːløs
bunns	bʉnːs
bunny	ˈbʉnɪ
bunt	buːnt
bunt	bɔnt
bunte	ˈbʉntə
bunten	ˈbʉntn̩
bunter	ˈbʉ̀nːtər
bunting	ˈbʉnːɪŋ
buon	buːn
buona	buːnɑ
bur	byːr
buran	ʉran
burbank	ˈbʉːɾbæŋk
burde	buːɾd̥ə
burdette	ˈbʉːɾdətə
bure	buːɾə
buren	ˈbʉːrən
bures	buːɾɛs
buret	ˈbʉːɾət
burgade	ˈbɵ̀gɑːd(ə)
burger	ˈbʉgər
burgeren	ˈbʉgəɾən
burgerne	ˈbʉgəɳə
burgess	ˈbɜɾgɛs
burgunder	ˈbʉɾgʉndər
burke	ˈbʉːrke
burkhardt	ˈbʉːrkʰɑːɾt
burma	ˈbʉːɾmɑ
burn	buːɳ
burnett	ˈbʉːnət
burning	ˈbʉːrɪŋ
burns	buːrn̩s
buros	buːɾɔs
burr	buːr
burris	buːrɪs
burrito	ˈbʉːrɪtɔ
burritos	ˈbʉːrɪtɔs
burroughs	ˈbʉːrɔs
burrows	ˈbʉːrɔʃ
bursdag	ˈbʉʂdɑg
bursdagen	ˈbʉʂdaːgən
bursdager	ˈbʉʂdɑɪ̯ɪr
bursdagsbarnet	ˈbʉʂdɑːksbɑːɳə
bursdagsfest	ˈbʉʂdɑgsˌfɛst
bursdagsfesten	ˈbʉʂdɑgsˌfɛstən
bursdagsgave	ˈbʉʂdɑgsgɑːvə
bursdagsgaven	ˈbʉʂdɑgsgɑʋn
bursdagsjenta	ˈbʉʂdɑgsjɛntɑ
bursdagskake	ˈbʉʂdɑgskɑːkə
bursdagskort	ˈbʉʂdɑgskɔʈ
bursdagspresang	ˈbʉʂdɑgsˌprɛsɑŋ
bursdagsselskap	ˈbʉʂdɑgsɛlskɑp
bursdagsselskapet	ˈbʉʂdɑgsɛlskæpə
burset	ˈbʉʂːət
burt	buːɾt
burtie	ˈbʉʈɪ
burton	ˈbʉʈːɔn
busa	buːsɑ
busan	buːsɑn
buse	buːsə
busemann	ˈbʉːsəman
busemannen	buːsəˈmenːən
busemenn	buːsəmenː
buser	ˈbʉ̂sər
busette	byusatːə
bush	buʃ
bushen	buʃən
bushwick	buʃwɪk
business	ˈbɪsnɪs
businessen	ˈbɪsnɪsən
busk	buʂk
buskap	ˈbʉʃkɑp
buskapen	ˈbʉʃkɑːpən
buskaset	ˈbʉskɑsɛt
busken	buʃkən
busken	bʏskɪ̞n
buskene	bʏ̞skʲɪnʲɛ
buskene	ˈbʉskənə
busker	buʃkər
busker	bʏ̞skɪ̞ɾ
buss	buʂ
buss	bʉs
bussbillett	buʂbɪlɛt
bussen	ˈbʉsːən
bussene	buːsːənə
busser	ˈbʉʂːər
bussholdeplass	buʂhɔldəplɑsː
bussholdeplassen	buʂhɔldəplɑsən
bussjåfør	buʂːjɔːfɪr
bussjåføren	buʂːjœːfœɾən
bussterminalen	ˈbʉ̂sːtæɾmɪnɑːlən
busstur	bˈɛstʊɾ
bust	buʃt
buster	ˈbʉstər
bustete	ˈbʉstətə
butan	buːtɑn
butch	buːtʃ
butcher	ˈbʉʃər
butikk	ˈbʉːtɪk
butikkeieren	ˈbʉtɪkəɪɾən
butikken	ˈbʉːtɪkən
butikkene	ˈbʉtɪkːənə
butikkens	ˈbʉːtɪkəns
butikker	ˈbʉːtɪkər
butikktyveri	ˈbʉːtɪkːtʏːʋəɾɪ
butleren	ˈbʉ̂ːltəɾən
butt	bʉt
butte	buːtə
butter	ˈbʉtːər
butterfield	ˈbʉtɾfɛɭ
butterfly	ˈbʉtəlɾʏ
button	ˈbʉtːn̩
bwana	buːʋɑː
by	byː
byamba	byːmba
bybuss	ˈbyːbʉs
bydd	bint
bydd	byː
bydde	bintðæ
bydel	byːdəl
bydel	ˈbyːdeːl
bydelen	byːdəlɛn
byen	bjɛn
byen	byːn
byene	byːənə
byens	byːəns
byer	byːɾ
byer	bˈiːr
byer	ˈbyːjəɾ
byers	byːɾs
byfolk	byːfɔk
bygd	bygː
bygd	bʏgd
bygda	bygda
bygde	bygdɛ
byge	byːgə
bygg	byg̊
bygg	bʏg
bygga	bigˈa
bygge	bygːə
bygge	ˈbʏgə
byggebransjen	bygːəbrɑnʃən
byggefirma	bygːəfɪɾmɑ
byggen	bʲigɪ̞n
byggeplass	bygːəplɑsː
byggeplass	ˈbʏgəplɑs
byggeplassen	bygːəplɑsːən
bygger	beːgːiɾ
bygger	ˈbʏgːər
bygges	bygːəs
bygget	bygːət
bygging	bygɪŋ
byggmestre	bigmˈɛstra
byggverk	ˈbʏgʋæɾk
bygning	bygnɪŋ
bygning	pʲiʲːiŋ
bygning	ˈbʏgnɪŋ
bygningen	bygnɪŋən
bygningen	bʲignʲiŋʲin
bygningene	bygnɪŋənə
bygninger	bygnɪŋər
bygningsarbeider	ˈbʏːɲɪŋsɑɾˌbæɪ̯dər
bygrensen	byːgrɛsn̩
bygutt	bygʉt
bygård	biːgoɾ
bygårder	biːgoːrəɾ
bykart	ˈbyːkɑʈ
bykse	ˈbʏksə
byll	byːl
byll	bʏl
byll	bˈɪl
byllen	bɪlˈjən
byller	byːl̩ɛ
bymur	ˈbyːmʉːɾ
bynum	ˈbynʊm
bypass	ˈbɑɪpɑːs
byporten	byːpɔɾtən
byr	bijɾ
byr	byːr
byr	byːɾ
byrd	byːɾ
byrde	byːɾd̥ə
byrden	byːɾd̥n̩
byrival	biriːval
byrnes	byːrn̥s
byron	ˈbʏːrɔn
byrå	byːra
byråd	byːɽɑː
byrådsmedlem	byːɾɔːmsmɛɭm
byråene	byːɾɑːnə
byråkrat	ˈbyːrɔkɾɑt
byråkrater	ˈbyːrɔkʰɾɑːtər
byråkrati	ˈbyːrɔkɾɑːtɪ
byråkratiet	ˈbyːrɔkɾɑːtɪə
bys	byːs
bysentrum	ˈbyːsɛntɾʉm
byssa	ˈbʏʂːɑ
bysta	bʏ̞stɑ
byste	byːʂtə
bysten	byːʂn̩
bystyremedlem	ˈbʏstʏɾɛmɛɫm
bystyret	ˈbʏstʏrɛt
bytt	byːt
bytta	byːt̪ːa
bytte	byːtə
bytte	ˈbʏtə
byttehandel	bytːəhandəl
byttehandel	ˈbʏtːəˌhɑːnːəl
byttehandelen	ˈbʏtːəˌhɑːnːəl̩
bytter	bytːe
bytter	byːtːər
byttes	ˈbʏtːəs
byttet	ˈbʏtːə
bytteøkonomi	pɪstɛrkɔnɔmɪ
bytting	ˈbʏtːɪŋ
byttingen	ˈbʏtːɪŋən
byttinger	ˈbʏtɪŋər
bã	baː
bäckström	ˈbɛkstrøm
både	boːd̥ə
både	ˈboːdə
båe	ˈboːə
bål	boːl
bålene	boːlənə
bålet	boːla
bålet	boːlət
båndet	ˈbɔ̀ːntət
båndopptaker	ˈbɔ̀ːntɔpˌtɑkər
båndopptakeren	ˈbɔ̀ːntɔpːtɑkəɾən
bånn	bon
bånnski	bonʃi
bård	boːɾ
båre	boːr
båre	ˈboːɾə
båren	boːrən
bårer	bɔɾɪt
båret	boːrət
bås	boːs
båsen	boːsən
båser	boːsər
båt	boːt
båten	boːtən
båtene	boːtənə
båtene	ˈboːtnə
båtens	boːtəns
båter	boːtər
båthuset	boːtʃʉːs
båtsmann	boːtsman
båttur	boːtʉːr
båtturen	boːtʉːɾən
båtulykke	boːtʉlykːə
bæra	bara
bærbar	beːɾbɑːɾ
bærbar	boːrboːr
bærbar	bæɾbɑː
bærbar	ˈbæːɾbɑːɾ
bærbare	beːrbaːr
bærbare	bɾbɑːr
bære	ˈbæːɾə
bærekraftig	ˈbæːrəkɾɑftɪ
bærende	ˈbæːɾdɪŋ
bærene	ˈbæːrənə
bærer	ˈbæːrər
bæreren	ˈbæːrən
bæres	ˈbæːɾəs
bæret	ˈbæːɾət
bæretillatelse	ˈbæːrətɪlɑtɛlsə
bærtur	ˈbæːɾtʉːɾ
bæsje	ˈbɛʂjə
bæsjen	ˈbæʃən
bæsjer	ˈbɛʃər
bæsjet	ˈbɛʃət
börje	buːrjə
bø	boː
bø	bɛ
bøddel	ˈbœ́ːdəl
bøddelen	boːɖələn
bødlene	buːɭənə
bødler	ˈbœ̞ɖlɐ
bøe	buː
bøffel	ˈbœfːəl
bøffer	ˈbœfər
bøflene	ˈbøːflənə
bøfler	boːfl̩r
bøken	pøːkən
bøkene	ˈbøːkənə
bøker	buːkər
bøker	ˈbøːkəɾ
bøkker	bəkːir
bølge	blœgə
bølge	ˈbœlgə
bølgelengde	ˈbœ́lgəlɛŋdə
bølgen	ˈbœ̂lgən
bølgene	buːlgənə
bølger	boljər
bølget	bʉlgət
bølingen	ˈbøːlɪŋə
bølle	bˈølla
bøllene	ˈbœ̂ləne
bøller	boːɭːər
bøllete	ˈbœlətə
bøllete	ˈbœ́ɭːtə
bøndene	ˈbœ̂nːənə
bønder	bɛnlir
bønder	ˈbœnəɾ
bønder	ˈbœ̂nːər
bønn	boːn
bønn	bœn
bønne	ˈbœnə
bønne	ˈbœnːə
bønnen	ˈbœnːən
bønnene	ˈbœnənə
bønnene	ˈbœnːənə
bønner	bœnəɾ
bønner	pɛnnær
bønner	ˈbœnːər
bønnfalle	ˈbœnfɑlə
bønnfalle	ˈbœnːfɑlə
bønnfaller	ˈbønːfɑlːər
bønnhørt	ˈbœ̂ːnhœɾt
bør	ˈbœ̞r
børli	bˈœrli
børse	ˈbœʂə
børsen	ˈbœʂən
børsene	ˈbœʂənə
børsmegler	ˈbœʂmægləɾ
børsnoteringen	ˈbœʂnʊtəɾɪŋəɾ
børsnotert	ˈbœʂnʊtəɾ
børst	boːʂt
børste	ˈbœʂtə
børsten	ˈbœʂtən
børster	ˈbœʂtər
børstet	ˈbœʂtə
bøte	ˈbøːtə
bøtene	buːtənə
bøtene	bøːtnˈa
bøter	buːtər
bøter	ˈbøːtəɾ
bøtta	buːtɑ
bøtte	buːtə
bøtten	bøtːn
bøttene	buːtːənə
bøyd	buːɪ̯
bøyd	pejt
bøyde	bøjd̪a
bøye	buːjə
bøye	ˈbœjə
bøyer	bøjɛ
bøyes	buːjəs
bøyg	bøg
břr	br̥ːr
c	se
ca	kaː
caa	kaː
caan	kaːn
cab	kɑːb
cabe	kaːb
cabiria	kɑbɪɾɪɑ
cable	ˈkɑːblə
cabo	kɑːbʊ
cabot	kaːbɔt
cabriolet	kaːbɾi̯uːlɛt
cabrón	ˈkɑːbrɔn
cactus	ˈkɑktʉs
caddie	ˈkɑdiː
caddy	ˈkɑdi
cade	kaːd̥ə
cadillac	ˈkɑːdɪlæk
cadmus	ˈkɑːdmʉs
cady	ˈkɑːdʏ
cafe	ˈkɑːfə
caffrey	kafreɪ
café	ˈkɑːfeː
cage	kaːgə
cahill	ˈkɑːhɪl
caiifornia	kaɪˈfɔːɾiɑ
caine	kaɪnə
cairo	kaɪɾuː
caitlin	kaɪtliːn
caius	kaɪ̯ʉs
caivin	ʃæɪʋɪn
cajun	ˈkɑːjʉn
cake	kaːk
cal	kɑːl
calais	kaˈlɛɪs
calcutta	ˈkɑːlktɑ
calder	ˈkɑːldər
calderon	ˈkɑːldəɾɔn
caldwell	kɑːldwɛl
cale	kaːlə
caleb	ˈkɑːləb
calgary	kɑːlgɑːrɪ
calhoun	kɑːlhuːn
cali	ˈkɑːli
cali-kartellet	ˈkɑːlɪkɑɾtələt
caliban	kɑlɪbɑn
californias	ˈkɑːlɪfɔɳiɑːs
caligula	kɑlɪgʉlɑ
caliphate	ˈkɑːlɪˌfɑːtə
calista	ˈkɑːlɪsta
call	kɑl
callaghan	kɑːlɑːgɑːn
callahan	ˈkɑːləhɑːn
callan	kɑlːɑn
calle	kalːə
callie	ˈkɑɭːɪ
callo	kɑlːo
calloway	ˈkɑːlɔʋɑɪ
callum	kɑːlʉm
calpurnia	ˈkɑːlpʉːniːə
calumet	ˈkɑːlʉmɛt
calvary	kalvɛɾi
calvera	ˈkɑːlvəɾə
calvert	kɑːlvɛɾt
calvin	kɑːlʋɪn
cam	kaːm
camaro	ˈkɑːmɑːrʊ
cambridge	ˈkæmbɪdʒ
camden	ˈkɑːmdən
camel	ˈkɑːməl
camelot	kæməlɔt
camembert	kamambaɾ
cameron	kɑːməɾɔn
camerons	ˈkɑːməɾɔns
cami	kami
camille	kaˈmɪlə
camilles	ˈkɑmɪlə
camino	ˈkɑːmɪnʊ
cammy	ˈkɑmɪ
camp	kæmp
camp	kɑːmp
campbells	ˈkæmpəls
campe	kæmpa
campe	ˈkæmpə
campe	ˈkɑmpə
camper	kampər
camper	ˈkɑmpər
campet	ˈkɑmpət
camping	kɛmpiŋ
camping	ˈkæmpɪŋ
camping	ˈkɑːmpɪŋ
campingbilen	ˈkɑmpɪŋbɪlən
campingplass	ˈkɑ̀mpɪŋplɑsː
campingtur	ˈkɑmpɪŋtʉːr
campingvogn	ˈkɑmpɪŋvɔŋ
campingvogna	ˈkɑmpɪŋvɔŋɑ
campingvognen	ˈkɑmpɪŋvɔɳən
campo	ˈkɑmpʊ
campus	ˈkɑmpʉs
camrose	ˈkɑːmrʊs
can	kɑːn
canada	kɑmɑdɑ
canada	kɑnɑdɑ
canada	ˈkɑnɑdɑ
canadas	kɑnɑdɑs
canadian	ˈkɑːnədiən
canadisk	kɑnɑdɪsk
canadisk	kɑˈnɑːdɪsk
canadiske	kɑnɑdɪskə
canal	kaːnal
canary	kɑːnɑːɾi
canaveral	kɑnɑvɛɾɑl
candace	ˈkɑndɑs
candie	çɑndiː
candyman	ˈkɑːndʏmɑːn
cane	kɑːnə
cannabis	ˈkɑnːabɪs
cannoli	ˈkɑnːɔlɪ
cannon	ˈkɑnːɔn
cantara	ˈkɑntɑɾɑ
cantina	ˈkɑ̀ntɪnɑ
canton	kɑntɔn
cantor	ˈkɑntʊɾ
cantwell	ˈkɑːntwɛl
cap	kɑːp
capa	ˈkɑːpɑ
capisce	ˈkɑpɪsə
capital	ˈkɑpɪtɑːl
capitan	ˈkɑːpɪtɑːn
capitol	ˈkɑpɪtɔl
caplan	ˈkɑːplɑn
capo	kɑːpʊ
capone	ˈkɑːpʊnə
capones	ˈkɑːpʊnəs
capote	ˈkɑːpʊtə
cappella	kapːˈɛlla
cappella	ˈkɑpələ
cappella-kor	kapːɛllakʰuːr
cappella-kora	kapˈɛllakʊra
cappella-korene	kapˈɛllakˈuːrəna
cappuccino	ˈkɑpʉtsiːnʊ
capra	ˈkɑːpɾɑ
caps	kaps
caps	ˈkɑps
capsen	ˈkɑːpsən
captain	ˈkɑːptɪn
capua	ˈkɑpʉɑ
caputo	kɑpʉtʉ
caracas	ˈkɑːɾɑːkɑːs
carbo	kɑːɾbʊ
carbonara	ˈkɑːrbɔ́ːnaɾɑ
card	kaːɖ
cardassia	kaɾˈdɑʃɑ
cardassierne	ˈkɑːɾdɑˌʃɪɳə
cardassisk	ˈkɑːɾdɑsɪsk
cardassiske	kaɾdɑsɪskə
carden	ˈkɑːɖn̩
cardiff	ˈkɑːɾdɪf
cardinal	kaɾdiːnɫ
cardinals	ˈkɑːɾdɪnɑːls
carey	ˈkæːɾɪ
cargo	kaːɾguː
cari	ˈkɑːɾi
carina	ˈkɑːrɪnɑ
carla	ˈkɑːɭə
carli	ˈkɑɭːɾɪ
carlin	ˈkɑːɭɪn
carlito	ˈkɑːɭɪtʊ
carlitos	ˈkɑːɭɪtɔs
carlos	karlos
carlos	kɑːɭuːs
carlotta	ˈkɑːɭɔtɑ
carls	ʃɑːɭs
carlson	kɑːɭsn̩
carlsson	ʈʃɑɭsɔn
carm	kɑːm
carmel	kɑɾməl
carmela	ˈkɑːrmɛlə
carmen	ˈkɑːɾmən
carmichael	kɑːɾmɪˈçæɫ
carmilla	kɑɾmɪlɑ
carmine	ˈkɑːrmiːnə
carnegie	ˈkɑːrnɛgi
carney	ˈkɑːrn̩i
carol	ˈkɑːrəl
carole	ˈkɑːɾʊlə
caroline	kaːɾɔlɪn
carols	kaːɾɔls
carolyn	ˈkɑːɾulɪn
carpe	ˈkɑːɾpə
carpenter	ˈkɑːrpɛntər
carpentier	kɑːrpɛntiːɛ
carr	kaʂ
carraway	ˈkɑːrɑːʋɑːj
carrie	ˈkɑːrɪ
carries	ˈkæɾiːs
carrigan	ˈkɑːrɪgɑːn
carrillo	ˈkɑːrɪloː
carrington	ˈkɑːrɪŋtɔn
carroll	ˈkɑːɾɔl
carruthers	kɑːrʉtɛʂ
carson	ˈkɑːʃn̩
carsons	ˈkɑːrsɔns
carstairs	kɑːʃtraɪ̯ʃ
cartagena	kɑːrtɑːˈɛnə
carte	kaːɾtə
carter	ˈkɑːʈər
carters	ˈkɑːʈəʂ
cartier	kɑːʈɪɛɾ
cartman	kɑːɾtmɑːn
carver	kɑːʋər
cary	kaːɾʏ
cas	kɑːs
casa	kɑːsɑː
casablanca	ˈkɑːsɑblɑŋkɑ
casanova	ˈkɑːsɑːnɔʋɑ
case	kɑːsə
casey	ˈkɑːsɛɪ
caseys	ˈkɑːsɛɪs
casino	ˈkɑːsɪnʊ
casper	kɑspɛɾ
caspere	ˈkɑːspɛɾə
casperes	ˈkɑːspəɾəs
caspian	ˈkɑːspɑɪ̯n
cassidy	ˈkɑsiː
cassie	ˈkɑsi
cassius	ˈkɑʃʉs
casterly	ˈkɑːstərliː
castevet	ˈkɑːstɛʋɛt
castiel	ˈkɑstiːəl
castillo	ˈkɑstɪloː
castleroy	ˈkɑːstləɾɔɪ
castor	ˈkɑstʊr
castro	ˈkɑstɾʊ
caswell	kɑːsvɛl
cat	kɑːt
catalina	katɑˈlɪnɑ
catco	kɑtʃo
cate	kɑːtə
catedral	ˈkɑːtɛɾɑːl
catelyn	ˈkɑːtəlɪn
caterina	ˈkɑːtɛɾɪnə
catering	ˈkɑːtəɾɪŋ
cateringfirma	ˈkɑːtəɾɪŋfɪɾmɑ
cates	katəs
catharine	ˈkɑːtʰɑɾɪnə
cathedral	ˈkɑːtɛɾɑːl
catherina	ˈkɑːtəɾiːnə
catherine	ˈkɑːtʁinɑ
cathleen	kɑtˈliːn
cathrine	katr̝inɛ
cathy	ˈkɑːtʏ
catlin	ˈkɑːtliːn
catrina	ˈkɑːtrɪnɑː
cats	katʂ
catskills	katʃɪl
catti	ˈkɑtɪ
caulder	kɑʊ̯ldɛɾ
cause	kɔːs
causley	ˈkɔʏ̯slɪ
cava	kava
cavalry	ˈkɑːvɑːlɾi
cavanaugh	ˈkɑːvənɑː
cave	kɑːvə
cavendish	ˈkɑːvənɪʃ
caylee	kɑɪli
caymanøyene	kʰɑɪ̯mɑnˈø̞ːnə
cd-spiller	ceːdeːspɪləɾ
cecilie	sasiːliː
celine	sɛɫɪnɛ
celle	ʃɛlə
cellegift	ʃɛləgɪft
cellegiftbehandling	ʃɛləgɪftbɛnhɑːldɪŋ
cellegiften	ʃɛləgɪftn̩
cellekamerat	ʃɛləkaˈmæːɾɑt
cellelegeme	sˈɛllˈɛgmə
cellen	ʃɛlːən
cellene	ʃɛlːə
celler	selleɾ
celler	ʃɛlːər
cello	ʃɛllˈu
cengiz	ʃeŋgɪs
cent	sˈɛnt
cent	ʃɛnt
centavo	sˈɛntavu
centcom	sɛntˈkɔm
center	sɛntər
centerpartiet	sɛntərpɑːrɪt
centi-	sˈɛntɪ
centime	saŋtiːm
centimeter	sɛntimɛtɛr
cents	ʃɛnts
centurion	sɛntʉˈɾɪɔn
century	sɛntʉʁ
cesar	ʃɛsɑr
cesare	ʃɛːsɑːɾə
ceylon	ʃɛɪˈlɔn
ch	ç
chabi	ʃɑːbɪ
chablis	ʃɑːbˈlɪs
chacon	ʃɑːkɔn
chadway	ʃɑːdʋæɪ
chadwick	ʃɑːdʋɪk
chai	çɑɪ
chaim	çæɪm
chakotay	ʃɑːkʰʊˈtɑɪ̯
chale	ʃɑːlə
challenger	ʃalɛŋər
chalmers	çɑːlmɛʂ
chambers	ʃæmbɾs
champagne	ʂɑmˈpɑnjə
champagnen	ʃɑmpɑɲən
champion	ʃæmpi̯ɔn
championship	ʃæmpjɔŋ
chance	ʃɑnsə
chandler	çɑːnləɾ
chandra	çɑnːɑ
chanel	ʃɑːnəl
chang	ʃɑŋ
changs	ʃɑŋs
chaos	ʃɑːɔs
chapel	çæpəl
chapelle	ʃɑːpɛlːə
chapin	ʃɑːpɪn
chapo	ʃɑːpʊ
chapos	ʃɑːpɔs
chardonnay	ʃɑːɾdɔnɛ
chariie	ʃɑːɾɪː
charlene	ʃɑːɭəˈnɛː
charles	ʃɑːɭs
charleston	ʃɑːɭɛsˈtɔn
charlie	ʃɑːɭiː
charlotte	ʃɑːɭɔtə
charlottes	ʃɑɭɔtə
charlton	ʃɑːɭtn̩
charly	ʃɑːɭiː
charmaine	ʃɑːɾmɑɪn
charming	ʃɑːɾmɪŋ
charon	ʃɑːrɔn
charter	ʃɑːtɛr
chase	tʃɑːs
chasseron	ʃɑsɛɾɔn
chassiset	ʃɑsɪsɛ
chastity	ʃɑstɪtɪ
chat	ʃɑːt
chat	ʃˈat
chatte	ʃɑtə
chatte	ʃˈɛtːə
chatter	çɑtɾ̥
chattet	ʃatːə
chatwin	ʃɑːtwɪn
chau	ʃæʉ
chauncey	tʃæʊnsi
chavis	çɑːʋɪs
chaz	ʃɑs
chazz	ʃɑs
che	ʃeː
check	tʃɛk
cheddar	ʃɛdɑːr
cheerleadere	tʃiːɭiːdɛɾ
cheeseburger	tʃiːsˈbʉːgɑːɾ
cheesecake	tʃiːsəkeɪk
cheeta	tʃeːtɑ
cheetah	tʃiːtɑ
chef	ʃɛf
chelios	çɛlɪɔs
chelse	çɛlsə
cheney	ʃɛnɪ
cherbourg	ʃæɾˈbʉːɾ
cheri	ʃæɾɪ
chesapeake	ˈtʃɛsəˌpiːk
chester	ʃɛstər
chestnut	ʃɛstnʉt
cheswick	çɛsʋɪk
chet	çɛt
cheung	tʃæʊŋ
chev	ʃɛʋ
chevalersk	ʃˈɛvalɛʃk
chevrolet	ʃɛvʁoˈlɛ
chevron	ʃɛvɾɔn
chewbacca	ʃæʋbɑkɑ
chewie	tʃæʉi
cheyennene	ʃæɪˈɛnːə
cheyne	ʃæɪ̯n
cheyton	ʃæɪ̯tɔn
chi	çɪ
chiang	ʧīaŋ
chianti	ʃɑ̀ɪ̯ɑ̀nti
chic	ʃɪk
chicagos	ʃɪˈkɑːgɔs
chick	ʃɪk
chicken	çɪkən
chicks	çɪks
chicky	çɪkɪ
chico	ʃɪkʊ
chiffre	ʃɪfɾə
chihiro	çɪˈhɪɾʊ
chihuahua	çɪˈʉaʋɑ
chika	çɪkɑ
children	çɪldɾən
childress	ʃɪlˈdrɛs
chile	çɪlə
chiles	çɪləs
chilien	ʃɪˈliːən
chill	çɪl
chiller	çɪlːɐ
chilton	çɪltɔn
chim	çɪm
chimera	çɪˈmeːɾə
chin	tʃɪn
china	ʃɪnɑ
chinaski	çɪnɑskiː
chinatown	tʃɪnəˈtɑʊn
ching	ʃɪŋ
chinkin	ʃɪŋkɪn
chip	çɪp
chip	ʃɪp
chipen	çɪpən
chippen	çɪpːən
chips	çɪps
chips	ʃˈɪps
chipsen	çɪpsn̩
chisum	çɪsʉm
chlo	ʃlɔ
chloes	kløːs
cho	ʃʊ
chocolate	ʃɔkʰlɑːt
choi	ʃɔɪ
choice	ʃoɪs
choke	ʂoːk
chon	ʃɔn
chong	tʃɔŋ
chop	ʃɔp
chopin	ʃɔpɪn
chopper	ʃɔpɚ
chopra	ʃɔpɾɑ
chou	ʃuː
chowder	ʃɔʋɖɛɾ
choya	ʃɔʏɑ
chrisann	krɪsɑn
chrissie	çɾɪʃi
chrissy	ʃɾɪsː
christ	krɪst
christa	çɾʉːsʈa
christensen	krɪstənsən
christer	çʁɪstər
christian	krɪsˈtɪɑːn
christiansborg	krɪstjɑnsbɔɾ
christiansen	ˈkɾɪstjɑnsən
christie	çɾɪstɪ
christina	krɪstiːnaː
christine	krɪsˈtin
christmas	krɪstmɑs
christo	çɾɪstɔ
christoffer	çɾɪstɔfɛr
christoph	krɪstɔf
christophe	krɪstɔfɛ
christopher	krɪstɔfɛr
christophers	ˈkrɪstɔfɐs
christos	krɪstɔs
christy	krɪstɪ
chronicle	krɔnɪklə
chronos	krɔnɔs
chrysler	krʏʃlɛr
chu	ʃʉː
chuckie	ʃʉki
chucks	ʃʉks
chucky	ʃʉki
chulak	ʃʉlɑk
chun	ʃʉːn
chuncho	ʃʉnːʃʉ
chung	ʃʉŋ
chupacabra	ʃʉpɑkɑbɾɑ
church	çʉːɕ
churchill	ʃɪrˈtʃɪl
chutsky	çʉʂkʏ
chuy	çʉɪ
chérie	ʃəˈɾiː
cicerone	sjsɛɾun
ciello	ʃɪɛ̯ːɭ̞o
cilla	ʃɪlːə
cim	çɪm
cindy	ʃɪndi
cinnamon	ʃɪˈnɑːmɔn
circa	sˈirka
cirka	ˈsɪɾkɑ
cissi	ʃɪsɪ
citadellet	ˈsɪtɑːdəlɛt
citizen	ʃɪˈtɪən
cj	tʃiː
cla	klɑː
claes	klæːs
clair	klɑɪːr
claire	klɛːɾ
clan	klɑːn
clapton	klɑptɔn
clara	klɑːɾɑ
clare	klɑːɾə
clarence	klɑːɾɛns
clariss	klɑːrɪs
clarissa	klɑːɾɪsɑ
clarisse	klɑːrɪs
clark	klɑːɾk
clarke	klɑːɾkə
clarks	klɑːɾks
clarkson	klɑɾkn̩
clary	klɑːɾɪ
clas	klɑs
clash	klɑʂ
class	klɑs
classic	klɑsɪk
claudette	klɑu̯ˈdɛtə
claudia	klɑuːdiɑ
claudio	klɑːdiʊ̯
claudius	klɑuːdɪʉs
claus	klɑʊs
claw	klɔː
clay	klɛɪ
clays	klæɪ̯s
claythorne	klɑɪθɔːn
clayton	klɑɪtn̩
clean	klɛːn
clear	klɛːɾ
clearwater	klɛːrvɔtɑːr
cleary	klæɾiː
cleaver	klɛːvər
cledus	klɛːdʉs
clegane	klɛgɑːnə
clem	klɛm
clemens	klɛmːəns
clementine	klɛmˈtɪnə
clenna	klɛnːə
clennon	klɛnːɔn
cleo	kleːo
cletus	ˈkleːtʉs
cleve	klɛːvə
cleveland	klɛːvəlæŋ
cliff	klɪf
clifford	klɪfɔɾ
clifton	klɪftɔn
clinch	klɪnʃ
cline	klɪnə
clint	klɪnt
clinton	klɪtɔn
clipper	klɪpər
clive	klɪːv
clock	klɔk
clouds	kluːds
clough	klɔʊ̯
club	klʉb
clubber	klʉbɛr
clutchen	klʉtʃən
clutcher	klɛttʃer
clyde	klʏːd
clyne	klʏːnə
coach	koːtʃ
coady	kɔɑːdɪ
coal	kɔːl
cobain	koːbɑɪn
cobains	ˈkɔːbɑɪns
cobalt	kɔˈbɑːlt
cobb	kɔb
cobra	ˈkɔbɾɑ
coby	kɔbʏ
coca	kɔkɑ
coca-cola	koːkɑːˈkuːlə
cochise	kɔˈʂiːsə
cochran	kɔkrɑːn
cochrane	kuːxɾɑːn
cockpit	ˈkɔkpɪt
cockpiten	kɔkpɪtən
cocktail	ˈkɔktɑɭ
cocktailer	ˈkɔkːtɑɭɛɾ
cocktails	ˈkɔktɑɪ̯ls
coco	kɔkʊ
cocoa	kɔkɑ
cody	kɔdi
cofell	kɔfɛɭ
coffee	kɔfɛ
coffin	ˈkɔfɪn
cogburn	kɔgbʉːn
cognac	koːɳɑːk
cohaagen	kɔhɑːgən
cohill	kɔhɪl
cohle	kɔːlə
coin	kɔɪn
cojones	koˈjones
coke	kɔkə
cola	kɔlə
colaboks	koːlaːboːk
colada	kɔˈlɑːdɑ
colaen	kɔlæːn
colbert	kɔlbɛɾt
colborn	kɔlbɔrn
colby	kɔlbɪ
coldwater	kɔldvɑːtɾ
cole	kɔlə
coleman	kɔlɛmɑn
colette	kɔˈlɛt
coley	kɔlə
colin	kɔlɪn
coliseum	kɔlɪˈseːʉm
colleen	kɔˈleːn
college	ˈkɔlɑg
colleger	kɔlɛg̊ɛɾ
colleget	kɔlːɛg̊ɛt
collie	kɔɭɪ
collier	kɔˈlɪər
collin	kɔlːɪn
collingwood	kɔlɪŋvʉː
collins	kɔlɪns
colm	kɔlm
colombia	ˈkɔlʊmbiɑ
colombianere	ˈkɔlʏmbiɑnəɾə
colombianerne	ˈkɔlʏmbi̯ɑːnəɳə
colombiansk	ˈkɔlʏmbɪɑ̯nʃ
colombianske	kɔlʊmbɪɑːnskə
colombo	ˈkɔlʊmbʊ
colorado	kɔrloɾalu
colossal	kɔˈlɔsal
colson	kɔlsɔn
colt	kɔlt
colten	kɔltn̩
colton	kɔltɔn
coltrane	kɔltʁɑːnə
colts	ʃɔlt
colum	kɔlʉm
columbia	kɔlʉmbiːə
columbine	kɔlʉmbiːn
columbo	kɔlʉmbʉ
columbus	kɔlʉmˈbʉs
colville	kɔlvɪl
colvin	kɔlvɪn
colwyn	kɔlʋɪn
com	kɔm
comanche	koˈmæntʃə
comanchene	ˈkɔ̀ːmɑnˌçeːnə
comancher	ˈkɔmɑnçər
comeback	kɔməbæk
comedy	kɔmɛdi
comes	koːm
coming	kɔmɪŋ
command	ˈkɔmmɑːn
comme	kɔmə
commodore	kɔmʊˈdɔːr
commodus	kɔmmuːdʉs
community	ˈkɔmʉːnɪti
compadre	kɔmpɑːdɾə
compound	kɔmˈpɔ̀ʊ̯n
comprende	kɔmprɛndə
compton	ˈkɔmptɔn
computere	ˈkɔmpʉtæɾə
comte	ˈkɔ̀mtə
con	kɔn
conagher	kɔnɑːgɛɾ
conan	kɔnɑːn
condor	kɔnˈdɔr
coney	kɔnɛɪ
conformed	kɔnfɔrmd
congo	kɔŋɔ
conklin	kɔnklɪn
conlan	kɔnlan
conley	kɔnˈlɛ
conlon	kɔnˈlʊn
conn	kɔn
connally	kɔnɑlɪ
connecticut	ˈkɔnɛktɪkʊt
connell	kɔnɛɭ
connelly	kɔnɛli
conner	kɔnːɛr
conners	ˈkɔnərs
connery	ˈkɔnəɾi
connie	ko˥˩ːmne
connie	kɔnɪ
connolly	kɔnɔlɪ
connor	kɔnːɔɾ
connors	kɔnːɾs
conny	kɔnː
conor	kɔnɔɾ
conrad	kɔnˈɾɑː
conroy	kɔnɾɔɪ
constance	ˈkɔnstɑns
constantine	kɔnstɑntiːn
constantino	kɔnstɑntiːno
consuelo	kɔnˈsɛʉ̯ː
containere	kɔntɑɪˈnæɾə
containeren	ˈkɔntnɛɾən
containerne	ˈkɔntnɛɳə
conte	kɔntə
continental	ˈkɔntɪnɛntɑːl
contreras	ˈkɔ̀ntɾeɾɑs
control	kɔntɾɔl
conway	kɔnvɑː
coogan	kuːgɑn
cookies	kuːkɪs
cool	kʰuːl
cooter	kuːtər
cop	kɔp
copper	ˈkɔpər
copperfield	kɔpɛɳfɪld
copycat	kɔpɪˈkɑːt
coq	kɔk
cor	kɔːɾ
cora	kɔːɾɑ
coral	koːɾɑːl
coraline	kɔɾɑːlɪn
corazon	kɔɾaˈsɔn
corbeau	kɔːrbo
corbett	kɔrbɛt
corbin	kɔɾbɪn
corbit	kɔɾbɪt
cordelia	kɔɾdeˈliːa
cordell	kɔɖɛɭ
cordon	ˈkɔːɖɔn
corey	kɔːɾɛ
corinne	kɔˈɾɪnːə
coriumet	kɔɾiʉmɛt
cork	kɔɾk
corky	kɔɾkɪ
corleone	kɔɭˈleːnə
corliss	kɔɭɪs
cormier	kɔʁmɪɛɾ
corn	kɔːɳ
cornelia	kɔrnɛlía
cornelis	kɔrnɛlis
cornelius	kɔrnɛliʏs
cornell	ˈkɔːnəl
corningstone	kɔːɳɪŋstɔːn
cornwall	ˈkɔːnwɔːl
coronado	kɔɾɑnʊdʊ
corp	kɔɾp
corps	kɔɾps
corpus	kɔɾpʉs
corrado	kɔrɑːdʊ
corral	kɔrɑːl
corrie	kɔɾɪ
corrigan	kɔrɪˈgɑːn
corrine	kɔrɪnə
cortex	kɔɾtɛks
corvette	kɔˈʁɛt
corvetten	ˈkɔrvɛtən
corvin	kɔrvɪn
corvus	kɔrvʉs
corwin	kɔɾʋɪn
cory	ˈkɔɾʏ
cosa	ˈkɔsɑ
cosmo	ˈkɔsmə
costa	kɔstə
costanza	kɔstɑnsa
costas	ˈkɔstɑs
costco	kɔstkuː
costel	kɔstɛl
costello	kɔstɛlo
costigan	ˈkɔstɪgɑn
cota	koːtɑ
cotton	ˈkɔtən
cottonmouth	ˈkɔtənmʉːʃ
cougar	kuːgɑːr
cougars	kuːgɑːʂ
coulson	kɔʊlsn
coulter	kuːltər
course	kuːʂ
courtney	kɔːtni
couture	kuːtʉːɾ
coveret	ˈkuːvəɾət
covidiot	kuːveːdiːut
covington	ˈkɔːvɪŋtn̩
cowboyen	ˈkuːbɔɪən
cowboyene	kuːbɔɪənə
cowboyer	kuːbɔɪ̯ɾ
cowboyhatt	kuːbɔɪhɑtː
cowboyhatten	ˈkuːbɔɪˌhɑtən
cowpoke	kuːpʰoːk
coyote	koʊoʊt
coyoter	koʏo̞tər
crab	kræːp
crabtree	kræbtrɛ
crack	krɑk
cracken	krɑkːən
cracker	krɑkər
craden	krɑːdən
craig	krɑɪ
craigslist	krɑɪkslɪst
crain	kʁæɪn
crane	krɑːnə
cranston	krɑnstɔn
crap	krɑːp
crassus	krɑsʉs
craster	krɑstɛr
cravat	krɑːvɑːt
craven	krɑːvn̩
crawford	krɑːvɾɔː
crawfords	krɑːvɾɔs
crawley	krɑːlɑː
cray	kʁæɪ
cream	krɛːm
creasy	krɛɪsi
creature	krɛɾʉːɾə
creb	krɛb
credit	krɛdɪt
creech	kɾeːtʃ
creek	krɛk
creighton	kɾæɪtn̩
crenshaw	krɛnʃɑː
crescent	krɛʃɛnt
crest	krɛst
crew	krʉː
crewe	krɛʋə
crick	krɪk
cricket	krɪkɛt
crime	krɪm
crimson	krɪmsɔn
crispin	krɪspɪn
criss	krɪs
cristabel	krɪstaˈbɛl
cristal	krɪstaːl
cristina	krɪstɪnə
cristo	krɪstʊ
cristobal	krɪstɔbɑːl
criswell	krɪsvel
crixus	krɪksʉs
croatoan	kɾoɑːtʉɑːn
crocker	krɔkər
crockett	krɔkɛt
croft	kɾɔft
crohne	kɾɔːnə
croissanter	krɔisɑntɛr
croker	krɔkər
cromwell	kɾɔmvl
cronut	krɔnʉt
cronyn	krɔnʏn
crook	krʊk
crosby	kɾɔʊsbi
cross	krɔs
crossing	krɔsɪŋ
crow	krɔː
crowe	krɔʋə
crowley	krɔʏlɛ
crows	krɔʊs
cruces	krʉːsɛ
cruiser	krʉɪsɐ
cruiseskip	krʉɪsɛʃɪp
cruiset	kɾʉiːsɛt
crunch	krʉnʃ
crush	krʉʂ
crusher	krʉʃər
crutze	krʉːtsə
cruz	krʉs
crystal	krɪstɑːl
crème	krɛːm
cuba	kuːbɑ
cubanere	kuːbɑːnəɾə
cubanerne	kuːbɑːnəɳə
cubansk	kuːbɑːnsk
cubanske	ˈkʉːbɑnskə
cube	kuːb
cuervo	ˈkʰʉːʋʉː
culebras	ˈkʉləbrɑs
culiacán	kʉliɑˈkaːn
cullen	ˈkʉːlən
culloden	kʉlːɔdən
culluh	kʉɭʉ
culpa	kʉlpɑ
culpepper	ˈkʉːlpɛpɑr
culper	kʉlpɛɾ
culver	kuːlvər
cum	kʉːm
cumberland	ˈkʰʉːmbrəlm
cummings	kʊmɪŋs
cummins	kʉmɪns
cunningham	kʉnɪŋg
cupcake	kʉpˈkɑːk
cupen	kuːpən
curie	ˈkʉːriː
curley	kʉːɭi
curling	ˈcœɭɪŋ
custer	kʉstər
custers	ˈkʰʉstərs
cut	kʉt
cuthbert	kʉtˈhbɛɾt
cutter	ˈkʰʉtːər
cutty	ˈkʉtːi
cy	ʃʏː
cyan	siaːm
cylonene	ʃʏlɔnə
cymbal	simˀbɔːl
cynhia	çʏnjɑ
cynthia	ˈsɪntʰjɑ
cyste	çʏsteː
d-dagen	ˈdɑːgn̩
da	daː
da	dɑː
dabbe	ˈdɑbə
dabo	daːbuː
dachau	daːˈχɑʊ̯
dad	dɑː
dada	ˈdɑːdɑ
dadda	ˈdɑ̀dːɑ
daddel	daldɯ̞r
daddelen	tadtɑlˈin
daddy	ˈdɑːdi
dade	daːd̥ə
dadlene	tətlɛnɑ
dadler	tadlær
dae-su	daːsʉ
daedalus	ˈdæɪdælʊs
daenerys	ˈdæːnəɾʏs
daffy	daːfɪ
dag	daːg
dag	dɑːg
dag	dɒg
dag	tɑːk
dag	ɖɑːg
dag	ˈdɑːg
dagbok	daːgbɔk
dagboka	daːgbɔkɑ
dagboken	daːgbɔkən
dagbøkene	daːgbøːkənə
dagbøker	daːgbøːkər
dagdrøm	dˈagdrøm
dagdrøm	ˈdɑːgdɾœm
dagdrømme	dagd̥rømmə
dagdrømme	ˈdɑːgdɾœmə
dagdrømmer	dagdrømər
dage	daːgə
dagen	daːgən
dagen	ˈdɑːgən
dagene	daːgənə
dagene	taːgine
dagens	ˈdæɪ̯gn̩s
dagens	ˈdɑːgəns
dager	daːgəɾ
dager	dɐgɪr
dagers	daːgɛʂ
dagevis	daːgəʋɪs
daggett	dagɛt
daggry	dagrʏ
daggry	ˈdɑːgɾy
daglig	daːglɪ
daglig	ˈdɑːglɪ
dagligdags	daːɫɪgdɑːks
dagligdags	ˈdɑːglɪdɑks
dagligdagse	daːglɪgdɑːsə
daglige	daːgliːgə
daglige	ˈdɑːglɪə
dagligere	ˈdɑːglɪɾə
dagliglivet	daːglɪglɪvət
dagligst	ˈdɑːglɪkst
dagligstuen	daːɫɪgstuːn
dagligvareforretning	dɑːglɪʋɑːɾəfɔɾɛtnɪŋ
dagligvarehandel	dɑːglɪʋɑːɾəhɑnəl
dagligvarer	daːglɪvɑːrɛr
dagmamma	daːgmɑmːɑ
dagmar	daːgmɑːr
dagny	daːgni
dagný	daːɲː
dags	daːks
dagskiftet	daːgskɪft
dagskort	ˈdɑkskɔʈ
dagslys	daːgslʏs
dagslys	ˈdɑkslyːs
dagslyset	daːgslyːsɛt
dagsorden	daːgsɔɾn̩
dagsorden	ˈdɑksɔɖən
dagsordenen	daːgsɔɾːən
dagstur	daːgstʉːr
dagstur	dɑkstʉɾ
dagsverk	dˈaksværk
dagtid	dɒgtiːd
dahl	daːl
dahlia	daːlɪ́ə
dahmer	daːmɛr
dai	daɪ
daile	daɪ̯lə
daily	daɪlɪ
daimon	daɪˈmuːn
dairy	daɪ̯ːɾ
daisy	daɪsi
daisys	daɪsɪs
dajeg	dajɛg
dakota	ˈdɑːkɔtɑ
dal	daːl
dal	dol
dal	dɑːl
dalai	daːlɑɪ
dalbanen	daːlbaːnən
dalby	daːlbʏ
dale	dala
dale	daːlə
dale	ˈdɑːlə
dalen	daːlən
dalen	dɑːɳ
dalene	daːlənə
daler	daːlɛr
daley	daːlɛɪ
dalia	daːliː
daliyah	ˈdɑːliʏɑ
dallas	ˈdɑːɭɑːs
dalton	daːltɔn
daly	daːlʏ
dam	daːm
dam	dɑm
dam	dɔm
dama	ˈdɑːmɑ
damar	ˈdɑːmɑr
damaskus	ˈdɑːmɑskʉs
dame	daːmə
damefrisør	damefˈrɪsør
dameklær	daːməklæːr
damelag	damlˈɑːg
damen	daːmən
damenes	ˈdɑːmənəs
damens	ˈdæːməns
damer	ˈdæ̀ːmər
dames	daːməs
damevenn	daːməʋɛn
damian	ˈdæːmɪɑːn
damien	ˈdæːmɪən
damme	daːmə
dammen	ˈdɑ̀mːən
dammer	ˈdɑ̀mːər
damn	ðæ̀m
damon	daːmɔn
damp	dɑmp
damp	tɑm
dampe	tampˈ
dampe	ˈdɑmpə
dampen	dampən
dampen	dɑmpən
dampende	ˈdɑ̀mpəndə
damper	ˈdɑ̀ːmpər
dampet	tampa
dampet	ˈdɑːmpət
dampkoker	tampkɔkɪ̞r
dan	daːn
dan4jem	daːnɪəm
dana	daːnɑ
danara	daːˈnɑːɾɑ
dance	daːns
dandere	dɑnˈdeːɾə
dandridge	ˈdɑːnɖrɪs
dandy	ð̞anð̞e
dane	daːnə
danforth	daːnfoːɾ
dani	daːnɪ
daniel	daːnɪɛ̯l
daniel	tɑːmjɛl
daniel-san	ˈdɑːnɪəlˈsɑːn
daniele	daːniːlə
daniella	ˈdɑːnɪɛlə
danielle	dˈanjəlːə
danielle	ˈdæniːɛ̯lə
danilo	daːnɪluː
danishbits	ˈdæːnɪsbɪts
dank	daŋk
danke	daŋkə
danko	daŋkʊ
danmark	dammærk
danmark	dɑnmæɾk
danmark	ˈdɑ̀ːnˌmɑrk
danmarks	ˈdɑ̀ːnˌmɑrks
dann	daːn
danne	daːnə
danne	toɳna
danne	ˈdɑnə
dannelse	ˈdɑnːəlsə
dannelsen	ˈdɑnəlsən
danner	ˈdɑnːər
dannes	ˈdɑnːs
dannet	ˈdɑnət
dannet	ˈdɑnːət
dannevirke	ˈdɑːnəʋɪɾkə
danni	daːnɪ
danning	ˈdɑnɪŋ
dannys	ˈdɑnːɪs
dans	daːns
dans	dɑns
dans	dˈans
danse	daːnsə
danse	ˈdɑnsə
dansegulv	ˈdɑːnsəgʉːl
dansegulvet	ˈdænsəgʉlvət
dansen	dˈansən
dansen	ˈdɑnsən
dansende	ˈdɑ̀nsn̩d̥ə
dansene	dˈansənə
danseorkester	dɑnsəɔɾkɛstəɾ
danser	dɑnsəɾ
danser	tɑnsɯr
danser	ˈdɑnsər
dansere	ˈdɑ̀nsəɾə
danserinne	dɑnsəɾɪnə
danserinne	ˈdɑnsəɾɪnə
danserne	ˈdɑnsəɳə
dansernes	ðansɛrnəs
danseskoene	ˈdɑ̀nsəskuːən
danseskole	ˈdæ̀nsəʃkuːlə
danseteater	dɑnsɛteːɑtəɾ
dansetimer	ˈdæ̀nsəˌtɪmər
dansetrinn	ˈdæ̂nsətrɪn
dansing	ˈdɑnsɪŋ
dansingen	ˈdɑnːsɪŋən
dansk	dɑnsk
danske	ˈdɑnskə
danske	ˈdɑ̀ŋkə
dansken	ˈdɑ̀nʃkən
danskene	danskina
danskene	ˈdɑ̀ːsknə
dansker	d̥an̪sg̊ɪ̞r
dansker	ˈdɑ̀nʃkəɾ
danson	ˈdɑ̀nsɔ́ːn
dantana	ˈdɑ̀ːn̪tɑ̀ːn̪ɑ
dante	ˈdɑ̀ːntə
dantes	ˈdɑ̀ntəs
danton	ˈdɑntɔn
danvers	daːnvərs
dany	daːnʏ
daphne	ˈdɑːfːə
dar	daːr
darby	daːɾbʏ
darcy	daɾʃ
darden	daːɾn̩
dardo	daːɾduː
darhk	ɖɑɾk
darian	ˈdɑːrɪɑːn
darin	ˈdɑːrɪn
dario	ˈdɑːrioː
darius	ˈdɑːrɪʉs
dark	dɑːɾk
darkh	ɖɑːɾk
darko	daɾkʊ
darkseid	daɾkˈsæɪ̯d
darla	ˈdɑɭɽɑ
darlene	ˈdɑːɭənə
darlige	daːɭɪgə
darling	daːɭɪŋ
darmody	daːɾmɔɪ
darnell	ˈdɑːɳɛɭ
darpa	daɾpɑ
darrel	daːɾɛl
darrell	ˈdɑːrəl
darren	ˈdɑːrən
darrin	ˈdɑːrɪn
darrow	ˈdɑːrʊ
darryl	ˈdɑːɾəl
dart	daːɾt
darth	daːɾt
dartmouth	daːɾtmɔʏ
darwin	ˈdɑːɾʋɪn
darwins	ˈdɑːɾʋɪns
darwyn	ˈdɑːrvɪn
darya	ˈdɑːɾʏ
daryl	ˈdɑːɾɪl
daryll	daɾʏl
das	daːs
dashbordet	daʂbɔɾdət
dashiell	ˈdɑːʃɪɛ̯l
dask	daʂk
daske	daʂkə
dasket	ˈdɑskət
dass	daʂ
dassen	ˈdɑsən
dassey	ˈdɑsə
dasseys	ˈdɑsəʏ̯s
dastan	ˈdɑːstɑn
data	ˈdɑːtɑ
database	tɑtɑbɑɢsɑ
databasen	ˈdɑːtɑːbɑːsn̩
databasene	ˈdɑːtɑːbɑːsənə
databaser	ˈdɑːtɑːbɑːsər
dataen	ˈdɑːtɑːn
dataene	ˈdɑːtɑːnə
datainnbrudd	datajɛnbrʉd
datakriminalitet	datakr̝ɪmialiːtˢət
datamangler	datamˈɑŋlər
datamaskin	ˈdɑːtɑːmɑʃkɪn
datamaskinen	ˈdɑːtɑːmɑskɪnən
datamaskinene	ˈdɑːtɑːmɑːʃkɪnə
datamaskiner	ˈdɑːtɑmɑʃkiːnər
datan	ˈdɑːtɑn
datas	ˈdɑːtɑːs
dataspill	datasbˈɪl
dataspill	ˈdɑːtɑːspɪl
date	dɑːtə
dateline	ˈdɑːtəlɪn
daten	ˈdɑːtən
datene	ˈdɑːtənə
dater	ˈdɑːtər
datere	dɑˈteːɾə
datert	ˈdɑːtəɾt
dathan	ˈdɑːtʰɑn
datidens	dˈɑtɪdəns
datidens	ˈdɑːtɪdəns
dato	ˈdɑːtu
datoen	ˈdɑːtʉːn
datoer	tatʏər
datt	dot˦
datter	ˈdɑtəɾ
datter	ˈdɑtːər
dattera	ˈdɑtəɾɑ
datteren	ˈdɑtəɾən
datterens	ˈdɑtːɾəns
datters	ˈdɑtəʂ
datterselskap	ˈdɑtːərsɛlskɑp
dau	daʊ̯
daue	daʉ̯
daugherty	daʊɛɾti
dauing	daʉɪŋ
dave	daːʋə
davenport	ˈdɑːvənpɔːʈ
daves	daːʋɛs
davey	daːʋɑː
davian	daʋiɑn
david	ˈdɑːvɪt
david	ˈdɑːʋɪd
davide	daʋiːdə
davidson	ˈdɑːvɪtsɔn
davie	daʋiː
davies	daʋiːs
davina	ˈdɑːʋɪnɑ
davinier	daːʋiːnɪɛr
davor	ˈdɑːvɔr
davos	ˈdɑːvɔs
davus	daʋʉs
davy	daʋiː
dawg	daʊ̯g
dawkins	ˈdɑʋkɪns
dawn	daʊ̯n
dawson	daʊsn̩
dax	daːks
daya	daja
days	daɪ̯s
dayton	daɪ̯tɔn
ddrs	ɖɾːs
de	dˈi
deadline	ˈdeɪ̯dlaɪ̯n
deadshot	ˈdeːɑːʃɔt
deakins	dekɪns
deaktiver	ˈdæɑktɪveːr
deaktivere	dˈeːaktiːvɛːrə
deaktivere	ˈdæktɪvɪr(ə)
dealen	ˈdeːlən
dealer	ˈdæɑ̯ːɭ̞ər
dealeren	ˈdæɑ̯ːləɾən
dean	deːn
deanna	ˈdeːɑnːə
deans	denːs
dear	deːɾ
debattant	dəbˈtˈant
debatter	tˢeˢbatˢtˢe
debatter	ˈdɛbɑtər
debbie	ˈdɛbɪ
debby	ˈdɛbːʏ
debi	ˈdæːbɪ
debora	dɛbɔra
deborah	ˈdɛːbʊɑː
debra	ˈdɛːbrɑ
debriefingen	ˈdɛːbrɪfɪŋən
debutant	ˈdɛːbʉːtɑnt
debutere	dəbʉˈteːɾə
debuterte	ˈdɛːbʉːʈə
deck	dek
deckard	ˈdɛkɑːɾ
decker	ˈdɛkːər
decourcy	ˈdɛkʉːrsi
dedikerte	ˈdeːdɪkəɾtə
dedisere	dədɪˈseːɾə
dediserte	tɛdɪsɛrtɔ
deena	ˈdiːnə
deep	ɖæɪ̯p
deepak	ðɛːpɑk
deepcore	ˈdiːpˌkɔɾə
deepwater	ðɛːpvɑːtɑːr
deerfield	ˈdeːɾfɪːld
defcon	ˈdɛfkɔn
defekt	ˈdɛfɛkt
defekte	ˈdɛfɛktə
defekter	ˈdɛfɛktər
defensiv	ˈdæfənsɪv
defibrillatoren	ˈdeːfɪbrɪˌlɔːɾən
defilere	dəfɪˈleːɾə
definer	ˈdeːfɪnər
definere	dəfɪˈneːɾə
definere	ˈdɛːfɪnəɾə
definerer	ˈdeːfɪnəɾər
definerte	ˈdæfɪnəɾtə
definisjon	ˈdæfɪnɪˌʃuːn
deflorere	d̪efloɾeɾa
deg	dæi
deg	tˈɛg
degenerere	ˈdeːgənəɾeːɾə
degradert	ˈdeːgɾɑːɾət
dehydrert	ˈdæɪ̯ʰʏdɾɛɾt
dei	daɪ̯
deichman	dajtʃma
deier	ˈdæɪ̯ːər
deig	tɑjˈ
deigen	ˈdæɪ̯ən
deigene	dajgʲiːnɑ
deiger	dɐ̃jgɪr
deiiig	ɖæɪ̯ɪg
deilig	tajli
deilig	ˈdæɪ̯lɪ
deilige	ˈdæɪ̯ləgə
deiligste	ˈdæɪ̯lɪgstə
deion	ˈdæɪ̯ɔn
deirdre	ɖæɪɾɖɾə
deit	daɪt
deja	ˈdeːjɑ
dekaan	ˈdeːkɑːn
dekadent	dəkɑˈdɛnt
dekan	ˈdeːkɑn
dekanen	ˈdeːkɑːnə
dekanus	ˈdeːkɑnʉs
dekar	d̥e̝kɒr
deke	dekə
dekk	dek
dekke	dekːə
dekke	ˈdɛkə
dekkende	ˈdɛkːənə
dekkene	ˈdɛkːənə
dekker	ˈdɛkːər
dekkes	dekːəs
dekket	dˈɛkːə
dekket	ˈdɛkət
dekkhistorien	ˈdɛkːɪstɔɾɪən
dekknavn	dek'nævn
dekknavn	dˈɛknavn
dekkoperasjon	ˈdɛkːʊpɛrɔˌʃuːn
deklamatorisk	dɛklamatorˈɪsk
deklamere	dəklɑˈmeːɾə
deklarere	dəklɑˈɾeːɾə
dekningsild	ˈdæ̀knɪŋsɪɭ
dekodet	ˈdɛkɔtət
dekorasjonene	ˈdɛkʊɾɑːʃuːnə
dekorere	dəkʊˈɾeːɾə
dekorere	ˈdɛkʊˌɾeːɾə
dekret	dəˈkɾeːt
dekret	dɛˈkɾeːt
dekret	ˈdɛkrət
dekretere	dɛkɾəˈteːɾə
dekselet	dekseːlət
dekt	dekʈ
dekte	dek'tə
del	deːl
del	dɛl
del	tɛl
delacroy	ˈdæləkrɔʏ
delaktig	deːlˈɑktɪ
delaktig	ˈdæːlɑktɪ
delaktige	deːlˈɑktɪə
delaktighet	ˈdæːlɑkːɪçt
delaktigst	deːlˈɑktɪkst
delaktigste	deːlˈɑktɪkstə
delaware	ˈdɛləwɛɹ
delbert	ðɛlbɛɾt
dele	tɛla
dele	ˈdeːlə
delegatene	ˈdæləgɑtənə
delegater	d̪eleˈgat̪ər
delegere	dələˈgeːɾə
deleier	ˈdeːləi̯ər
delen	ˈdeːlən
delene	dˈɛlnˈa
delene	ˈdeːləne
deles	ˈdeːlə
delfinen	ˈdælfɪnən
delfinene	tɛlˈfɪnana
delfiner	dɛlfineɾ
delfiner	ˈdɛlfɪnər
delfino	ðɛlfɪnʊ
delgado	ˈdɛlgɑː
delgros	ðælgɾɔs
delhi	ðæɭiː
delikat	dəlɪˈkɑːt
delikatesseforretning	dɛlɪkɑtɛsəfɔɾɛtnɪŋ
delikatesser	ˈdeːlɪkɑtɛsər
delincuentos	ˈdælɪŋkʉntɔs
delirisk	dəˈliːɾɪsk
delirium	ˈdeːlɪɾɪʊm
delkasko	deːlkɑsku
dell	ɖæɭ
delle	ɖɛlə
delorean	ˈdæləɾɑn
delores	ˈdɛːlɔɾəs
deloris	ˈdæːlɔɾɪs
delphine	ˈdælpɪnə
dels	tʲeːls
dels	ðɛls
delstat	ðælˈstɑːt
delstaten	ðæ̀lstɑːtn̩
delstatene	ðælˈstɑːtənə
delstatens	ðɛlˈstɑːtn̩s
delstater	ðæ̀lstɑ̀tər
delt	dælt
delt	dˈɛlt
delta	ˈdɛltɑ
delta-kvadranten	ˈdɛltɑˌkʋɑːdɾɑntn̩
deltagelse	ˈdæltɑːgəlsə
deltager	ˈdæltɑːgər
deltagere	ˈdæltɑːgərə
deltagerne	ˈdæltɑːgəɳə
deltaker	ðɛltɑkər
deltar	d̥eːltˢar
deltar	ðɛltɑːr
deltatt	dəltˢatˢ
delte	delt
delte	ɖæltə
deltid	ðeːltːiːd
deltid	ðɛltɪt
deltidsjobb	ˈdæltɪtsˌjɔb
deltok	ðɛltɔk
dem	dɛm
dem	ðæm
dem	ðæ̀m
dembe	ˈdæmbə
demelza	ˈdɛːməlsa
demens	ðəmenˈs
demens	ˈdæːməns
dement	dəˈmɛnt
demetrius	ˈdæːmɛtriʊs
demme	tɛmmə
demme	ˈdɛmːə
demning	tɛmmnɛŋ
demning	ˈdæmɪŋ
demningen	ˈdæ̀mːɪŋən
demo	ˈdæːmuː
demokrat	d̥emˈoːkrat
demokrat	ˈdæmokrɑːt
demokratenes	ˈdæmkrʌtənəs
demokrater	ˈdæ̀ːmɔkɾɑːtər
demokrati	demokroti
demokratiene	d̥ɛmokratˈiːnə
demokratisk	dəmʊˈkɾɑːtɪsk
demonen	ˈdæːmʊn̩
demonens	ˈdæːmənəʂ
demonstrere	dəmʊnˈstɾeːɾə
demonstrerer	ˈdæ̀mʊnstrəɾəɾ
demp	dɛmp
dempe	tɑmpa
dempe	ˈdæ̀mːə
dempe	ˈdɛmpə
dempes	ˈdæ̀mpəs
dempet	dɛmpət
dempsey	ˈdɛmpsɪ
demre	sɛmrɛ
demre	ˈdɛmɾə
dems	ðæms
den	den
den	dɛn
den	san
den	ˈdɛn
dene	denə
deng	den
dengang	dengɑŋ
denge	ðæŋə
denge	ˈdɛŋə
denger	ˈdɛŋər
dengte	dengtə
denis	ˈdeːnɪs
denise	ˈdeːnɪsə
denisov	ˈdeːnɪsɔʋ
denistoun	ˈdeːnɪˌstoːn
denn	dɛn
denna	ˈdæ̂nːɑ
denne	denːə
denne	dɛnəˈ
denne	ˈdɛnə
denning	denːɪŋ
dennis	ˈdɛnɪs
denny	denː
dens	denːs
denslags	denˈslɑgs
dent	denːt
dental	dentˈɑl
dentin	dˈɛntɪn
denton	ˈdæntɔn
denver	ðenvɪ̞r
denver	ˈdɛnvər
denys	ˈdæɲs
denzel	ˈdɛnsəl
deodorant	dɛʊdʊˈɾɑnt
deon	ðeːɔn
departement	ˈdæːpɾəˌmɛnt
departementet	ˈdæːpɾɛmɛntət
deponere	dəpʊˈneːɾə
deponi	depəni
deportere	ˈdæ̀ptəɾə
deposita	d̪epʊsˈita
depositum	ˈdɛːpɔsɪtʉm
depositumet	ˈdɛːpɔsɪtʉmət
depper	ˈdɛpːər
depresjon	ˈdæːpɾɛʃuːn
depresjoner	ˈdɛprɛʃuːɾ
deprimerende	dæpprɪmɛrɪnæ
deprimerende	ˈdæ̀ːmprɪːnəɳə
deprimert	dəpɹimˈɛrt
der	daːr
der	dæːɾ
derav	dˈɾav
derav	ˈdæːɾɑːʋ
dere	deːɾə
dere	dæɾ
derek	ˈdɛrək
deres	deːɾəs
deres	ðˈɛrs
deres	ˈdeːrəs
derfor	tˈaɾfʊr
derfor	ðɛɾfɔɾ
derforjeg	ˈdæɾfɔɾjæɪ
derfra	taɾifra
derfra	ðɛrfɾɑː
deri	ˈdeːɾɪ
derifra	daːriːfra
derifra	ˈdæɾɪfra
derimot	ˈdæːɾɪmɔt
derjeg	ˈdæɾjɛg
derna	ˈdæ̀ɳɑ
dernest	dˈɑɾnɛst
derpå	ðɛɾˈpoː
derre	ðæɾːə
derrick	ˈdæɾɪk
dersom	ðɛʂɔm
dersom	ˈdɛʂɔm
dertil	ˈdæɾtɪl
derved	ˈdæɾvɛɾ
des	des
desarmere	dessaːrmera
desarmerer	ˈdæːsɑːmərər
desarmert	ˈdæɾmɑːɾt
desember	dəˈsɛmbəɾ
desember	d̪ɪ̞sæmbɪ̞r
desember	ˈdeːsəmər
desertere	dəsæˈʈeːɾə
deserterer	ˈdɛsɛɾtər
desertert	ˈdɛsɛʈəɾt
deserterte	ˈdɛsɛʈəɾtə
desertør	ˈdɛsɛʈœʁ
desi	ˈdeːʃi
desidert	dakidɛrt
desidert	dəsɪˈdeːʈ
designe	tɛzajɛn
designen	ˈdeːgɪnə
designere	ˈdæɪ̯snəɾə
designeren	ˈdæɪ̯sɪ̯nəɾən
designet	ˈdæɪ̯sn̩ət
desillusjonert	ˈdæʃɪlʉʃɪɔ̯nəɾt
desimal	dəsɪˈmɑːl
desimal	d̪esimol
desmond	ˈdɛsmɔn
desorientert	ˈdɛsɔɾɪənteːʈ
desperasjon	ˈdɛspæɾɑʃuːn
desperat	dəspəˈɾɑːt
desperat	dɛspiɾat
desperat	ˈdɛspəɾɑt
despotisme	dɛspʊˈtɪsmə
dess	dˈɛs
dess	ðɛs
dessert	ˈdɛsːɛɾ
desserten	ˈdɛsːəɾn̩
desserter	ðəsɑːrˈˈɛt
desserter	ˈdɛsːɛʈəʁ
dessler	ˈdɛslər
dessuten	ˈdɛsʉːtən
dessuten	ˈdɛsːʉtn̩
dessverre	dɛsˈʋæɾə
dessverre	ˈdɛsːvɛɾːə
destillert	ˈdæstɪlːəɾt
destinasjon	ˈdæstɪnɑsjɔn
destinasjonen	ˈdæstɪnɑːʃʉn
desto	testo
desto	ˈdɛstʊ
destroyer	ˈdɛstrɔɪ̯ər
destroyere	ˈdæstrɔɪ̯ːɾə
destroyeren	ˈdɛstrɔɪ̯ːrən
destruere	dəstɾʉˈeːɾə
destruere	ˈdɛstrʉːɾə
destrueres	ˈdæstrʉːrəs
destruktiv	ˈdɛstrʉktɪʋ
destruktiv	ˈdɛstɾʉktiːʋ
destruktive	ˈdɛstrʉktɪvə
det	dɛ
det	ɖɛ
detalj	ˈdɛːtɑːl
detaljene	ˈdɛtɑljənə
detaljer	ˈdɛtɑljəɾ
detaljert	dətɑlˈjeːʈ
detaljerte	ˈdɛtɑljɛɾtə
detektiv	dˈɛktˈɪv
detektiv	ˈdɛtəktiːʋ
detektiv	ˈdɛtɛktɪʋ
detektivarbeid	ˈdɛtɛktɪʋɑɾbæɪ̯
detektivbyrå	ˈdɛtɛktɪvbyːɽɔ
detektivene	ˈdɛtɛktɪʋənə
detektiver	ˈdɛtɛktɪvər
detfra	dˈɛsta
detikke	ˈdɛtɪkə
detjeg	ˈdɛtjɛg
detonere	ˈdɛtunəɾə
detonerer	ˈdɛtʊnəɾɛɾ
dets	ðɛʈs
dette	ˈdɛtə
detter	ðˈɛtər
detter	ˈdɛtːər
detvar	ðɛtʋɑːr
deucalion	ˈdæʉ̯kɑlɪɔn
deutsche	ˈdøːçə
deva	ðɛʋɑ
deveraux	ˈdeːvəɾɔ
devil	ɛɪ̯vɪl
devils	ˈdeːvəls
devin	ˈdeːvɪn
devine	ˈdeːʋɪnə
devlin	ˈdɛʋlɪn
devon	ˈdeːvɔn
dew	duː
dewald	ˈdæʋɑɭ
dewar	ˈdeːʋɑːr
dewayne	ˈdæʋæɪn
dewey	ˈdeːʋə
dhabi	ðɑːbiː
dharma	ðɑːɾmɑː
di	diː
diabetes	ˈdiːbɛtɛs
diabetiker	dɪɑˈbeːtɪkəɾ
diabetiker	ˈdɪːbɛtɪkər
diagnose	djagnʊs
diagnosen	ˈdɪɑ̀ːgn̩sən
diagnoser	ˈdɪɑ̀ːgn̩sər
diagnostikk	ˈdɪgnɔstɪk
diagonal	dɪɑgʊˈnɑːl
diagrammene	ˈdiːɑgɾɑmənə
diagrammer	ˈdɪɑːgrɑmər
diagrammet	djagramˈmˈe
diagrammet	ˈdɪɑːgɾɑmət
diakon	ˈdiɑːkɔn
diakonen	ˈdɪɑːkʊn̩
dialekt	diɑˈlɛkt
dialekten	ˈdiɑːlɛktn̩
dialekter	djaˈlɛktər
dialekter	ˈdɪɑːlɛkʈɛr
dialog	dialoːn
dialogen	diɑˈluːgən
dialogisk	dialˈoːgisk
dialyse	diɑˈlysə
dialyse	dɪjɑˈlyːsə
diamant	ˈdiɑːmɑnt
diamanten	ˈdɪɑːmɑntn̩
diamanter	ˈdɪɑ̀ːmɑ̀tər
diamantring	ˈdɪɑːmɑ̀ːntrɪŋ
diameter	tiːæmetːiɾ
diamondback	ˈdɪɑːmɔntˌbɑk
diane	ˈdɪɑːnə
dianne	ɟæɪnə
diaré	ˈdiɑːrɛ
dias	diːɑs
dick	ɖɪk
dickens	ɖɪkɛns
dickie	ɖɪkɪ
dickies	ˈdɪkɪs
dicks	ɖɪkʰs
dicky	ɖɪkʰ
dico	dɪkɔ
didaktisk	tidɔkɛtɛsk
diddy	ˈdɪdi
diderik	dˈɪdrək
didi	ˈdɪdɪ
didn	diːn
dido	diːduː
didrich	diːɖɾɪç
dieppe	diːpə
diesel	ˈdiːsəl
dieter	ˈdìːtər
dietrich	ˈdiːtɾɪç
diett	djət˥
diett	dɪˈɛt
dietten	diːt̪n̩
dietz	diːts
dieu	ɖæʉ̯
diffus	dɪˈfʉːs
difteri	dɪftəˈɾiː
diftong	dɪfˈtɔŋ
dig	diː
digby	diːgbiː
diger	d̥iːg̊ɪ̞r
diger	ˈdiːgəɾ
diger	ˈdɪgər
digert	diːgəɾt
digg	dɪg̊
digga	dɪgːɑ
digge	dɪgːə
digge	tˈɪŋa
digger	dɪg̊ər
digget	dɪgːət
diggle	dɪglə
diggs	dɪgs
digicorp	ˈdɪgɪkɔɾp
digital	dɪgɪˈtɑːl
digital	ˈdɪgɪtɑːl
digitale	ˈdɪgɪtɑːlə
digitalt	ˈdɪgɪtɑːlt
digre	diːgrə
dike	ˈdiːkə
diket	ˈdɪkət
dikt	dɪkt
dikt	dˈɪkt
dikt	ɖɪkt
diktat	ˈdɪktɑt
diktator	d̥ɪktat̪oːr
diktator	ˈdɪktɑtʊr
diktatoren	ˈdɪktɔɾən
diktatorisk	diktaturˈɪsk
diktatur	ˈdɪktɑtʉr
dikte	ˈdɪktə
dikter	nektiɾ
diktere	dɪkˈteːɾə
diktere	ˈdɪktəɾə
dikteren	diktˈˈɛrn
dikteren	ˈdɪktəɾən
dikterer	ˈdɪktərər
dikterisk	ˈdɪktəɾɪsk
dikterte	ˈdɪktəɾtə
diktet	ɖɪktə
diktning	ɖɪktnɪŋ
dil	diːl
dilaurentis	ˈdiːlɑːrɛntɪs
dildo	dildo
dildo	ˈdɪldə
dildoen	ˈdɪldʊən
dildoer	ˈdɪldʊər
dilemma	ˈdɪləmːə
dilemmaet	ˈdɪləmːɑː
dilettant	diːnətˈɑnt
diligence	ˈdɪlɪgəns
diligencen	ˈdɪlɪgənsən
dill	d̪ɪl
dill	ɖɪlː
dillard	ˈdɪlɑɭː
dillen	djˈlˈɪn
dillfrø	dilːtˈø
dillinger	ˈdɪlɪŋər
dillon	ˈdɪlɔn
dilte	tɪltˀɑm
dilte	ˈdɪltə
dilter	tiltɑːr
dim	dɪm
dima	ˈdɪmɑ
dimaggio	ˈdɪmɑgo
dimas	ˈdɪmɑs
dimensjon	tiːmənʃˈuːn
dimensjon	ˈdɪmənʃuːn
dimensjonen	ˈdɪmənʃən
dimensjonene	ˈdɪmənsjuːnə
dimensjoner	ˈdɪmənsjŏːnər
dimitri	ˈdɪmɪtɾɪ
dimitrij	ˈdɪmɪtrɪ
dimittert	ˈdɪmɪtɛʈ
dimme	ˈdɪmə
dimple	ˈdɪmbl̩
din	din
din	diːn
din	tiːm
dina	diːnɑ
dinah	dinɑ
dinarer	ˈdɪnɑːrər
dine	diːne
dine	diːnə
dine	t̪ina
dineen	diːnə
dinesh	ˈdɪnəʂ
ding-dong	ɖɪŋdɔŋ
dingaan	ɖɪŋgɑːn
dingle	tˈɪŋlˌa
dingle	ɖɪŋlə
dingle	ˈdɪŋlə
dinglende	ɖɪŋlɛndə
dingler	ɖɪŋɭər
dinglet	ɖɪŋɭə
dings	dɪŋs
dings	ɖɪŋs
dingsen	ðɪŋsən
dingsene	ɖɪŋsənə
dingser	ɖɪŋsər
dink	dɪŋk
dino	diːnuː
dinosauren	ˈdɪnʊsɔːrən
dinosaurer	ˈdɪnʊsɔːɾ
dio	diːʊ
dion	diːɔn
diondra	ˈdiːɔndɾɑ
dionna	diɔnːa
dios	diːɔs
diplom	ˈdɪplɔm
diplomat	ˈdɪplʊmɑːt
diplomater	ˈdɪploːmɑːtər
diplomati	diplomatˈi
diplomati	ˈdɪploːmɑːtɪ
diplomatiet	ˈdɪplʊmɑtɪə
diplomatisk	ˈdɪplʊmɑtɪsk
diplomatiske	ˈdɪplʊmɑtɪskə
diplomet	ˈdɪplʊmɛt
dipp	dɪp̥
dir	diːr
direkt	dɪˈɾɛkt
direkte	diʁˈɛktə
direkte	dɪˈɾɛktə
direkte	ˈdiːɾɛktə
direktelinje	ˈdɪɾɛktəlɪŋə
direkten	ˈdɪɾɛkn̩
direktesending	diɾˈɛktəsˈɛnɪŋ
direktesending	ˈdiːɾɛktəsɛŋɪŋ
direktesendt	ˈdiːɾɛktəsɛnt
direktiv	dirɛktˈiv
direktiv	dɪɾəkˈtiːʋ
direktiver	ˈdiːɾɛktɪʋəɾ
direktivet	ˈdɪɾəktɪvət
direktør	diɾektøɾ
direktør	ˈdɪɾɛktøɾ
direktørens	ˈdiːɾʉktøːɳ
dirigent	tiɾɪgɛnt
dirigenten	ˈdɪrɪgəntən
dirigerer	ˈdiːɾɪgəɾ
dirigerte	ˈdɪːrɪgəɾtə
dirke	diɾkə
dirke	ˈdɪɾkə
dirket	ɖɪɾkət
dirrer	ˈdɪrːər
dirty	dɪɾtʏ
dis	diːs
dis	dˈiːs
disa	diːsɑ
disc	ˈdɪsk
disige	ˈdiːsɪə
disiplene	ˈdɪsɪplənə
disipler	ˈdɪsɪpləɾ
disiplin	ˈdɪsɪplɪn
disiplinen	ˈdɪsɪplɪn
disiplinere	dɪsɪplɪˈneːɾə
disiplinert	ˈdɪsɪplɪnəɾt
disiplinerte	ˈdɪsɪplɪnəɾtə
disiplinær	dɪsɪplɪˈnæːɾ
disippel	ˈdɪsɪpəl
disk	dəsk
disk	dɪsk
disken	d̥ɪskɛn
disken	ˈdɪskn̩
disker	ðɪskɪ̞r
disko	ˈdɪskʊ
diskos	diskˈɔs
diskotek	dɪskʊˈteːk
diskret	diskɾeːt
diskriminering	dɪskɾɛmɪnɛrɪŋ
diskriminering	ˈdɪskɾɪminɪŋ
diskré	dɪskɾɛ
diskusjon	ˈdɪskʉʃuːn
diskutabel	dɪskʉˈtɑːbəl
diskuter	ˈdɪskʉtər
diskutere	dɪskʉˈteːɾə
diskutere	ˈdɪskʉtəɾə
diskuterer	diskutere
diskuteres	ˈdɪskʉtəɾəs
diskuterte	ˈdɪskʉtəɾtə
diskvalifisert	ˈdɪskʋɑlɪˌfiːʂt
disneyland	ˈdɪsnɑɪlɑnd
dispensasjon	ˈdɪspɛnsɑʃuːn
display	dɪspleɪ
disponent	dispɔment
disponere	dɪspʊˈneːɾə
disputere	dɪspʉˈteːɾə
disputt	ˈdɪspʉt
disse	ˈdɪsə
dissekere	dɪsəˈkeːɾə
dissekere	ˈdɪsəˌkeːɾə
dissidenter	ˈdɪsɪdɛntər
distanse	dist̪onts
distanse	ˈdɪstɑnsə
distansen	ˈdɪstɑnsən
distansere	dɪstɑnˈseːɾə
distansere	ˈdɪstɑnseːɾə
distingvert	ˈdɪstɪŋvɛɾt
distraher	ˈdɪstrɑːhər
distrahere	dɪstɾɑˈheːɾə
distrahere	ˈdɪstrɑːrɑ
distraherer	ˈdɪstrɑːhərər
distraheres	ˈdɪstrɑːhərəs
distrahert	ˈdɪstrɑːrət
distraherte	ˈdɪstrɑːɦəɾtə
distraksjon	ˈdɪstrɑkʃuːn
distraksjoner	ˈdɪstrɑkʃənɐ
distribuere	dɪstɾɪbʉˈeːɾə
distribuere	ˈdɪstɾibʉ̂ːɾə
distribusjon	ˈdɪstrɪbʉʃuːn
distrikt	ˈdɪstrɪkt
distriktene	ˈdɪstrɪktənə
distrikter	ˈdɪstrɪktər
distriktet	ˈdɪstɾɪktət
distriktsadvokat	ˈdɪstrɪktsɑdvɔkɑt
distriktsadvokaten	ˈdɪstrɪktsɑdvɔkɑtn̩
distré	dɪˈstɾeː
distré	ˈdɪstrə
dit	diːt
dit	dˈit
ditlev	ˈdɪtləʋ
ditover	diːtɔʋər
ditt	dɪt
ditt	ɖɪt
ditte	ˈdɪtːə
ditto	dɪtːʊ
diva	ˈdɪʋɑ
diverse	dɛvɛʁsɛ
dividert	divjdət
dividerte	dividetːa
diwata	ˈdiwɑtɑ
dix	ɖɪks
dj	d̪ʒɪ
dj	ðɛiː
dj-en	ɟeːn
djengis	dʒeŋgɪs
djerv	djæɾʋ
djerv	ɖjɛɾʋ
djerve	ɖɪ́ɛ̯və
djevel	ɖɛʋəl
djevel	ˈdjeːʋəl
djevelen	ɖæʋələn
djevelsk	ɖɛʋəlsk
djevelsk	ˈdjeːʋəlsk
djevelske	ɖɛʋəlʃkə
djevlene	jeːvlənə
djinn	ɟɪn
djup	ɪˈup
djupvik	ɟʉːpʋɪk
dl	ɖl
dmitri	ˈdmɪtɾɪ
dna	dnɑː
dna-analyse	ˈdnaːɑ̀nlɑjsə
dna-bevis	ˈdnaːbɛʋɪs
dna-et	ˈdnaːɛt
dna-prøve	ˈdnaːˌproːvə
dna-prøven	ˈdnaːˌproːʋən
dna-prøvene	ˈdnaːˌproːvə
dna-prøver	ˈdnaːˌproːʋər
dna-test	ˈdnaːtɛst
dna-testen	ˈdnaːˌtɛstən
do	duː
do	dˈo
doakes	doːkəs
dobbel	ðɔbːəl
dobbel	ˈdɔbəl
dobbelbooke	dobːɪlbokːə
dobbeldate	ˈdɔbːəlˌdɑːtə
dobbelt	dɔbːɛlt
dobbelt	dˈɔbːəlt
dobbelte	ˈdɔbl̥tə
dobbeltgjenger	ˈdɔbl̥tˌjæŋgər
dobbeltgjengeren	ˈdɔbl̥tˌjɛŋːərən
dobbeltliv	ˈdɔbl̥tliːʋ
dobbeltmord	ˈdɔbːəltmoːr
dobbeltrom	ˈdɔbːəɭtɾʊm
dobbeltseng	dˈɔbːəltsˈɛŋ
dobbeltsjekk	ˈdɔbːəltsçɛk
dobbeltsjekke	ˈdɔpːəltsçɛkːə
dobbeltsjekker	ˈdɔbːəltsçɛkːər
dobbeltsjekket	ˈdɔbːəltsçɛkət
dobbeltspill	ˈdɔbːəɭtˌspɪl
dobbin	ˈdɔbɪn
dobermann	ˈdɔːbɛrmæn
doble	topla
doble	ðɔblə
doble	ˈdɔblə
dobles	ˈdɔ̀bləs
doblet	ˈdɔblət
dobson	ˈdɔpsən
doc	dɔk
dock	dɔk
dodd	ɔd̥ː
dode	doːdə
dodee	doːdeː
dodekaeder	dudɛkaːjɛdr
doden	doːdən
dodger	doːgər
dodgers	ˈdɔɖərs
dodi	doːdiː
dodraug	toːdˈrʉk
dody	doːdy
doen	ðøːn
doene	duːnə
doer	duur
doffen	ˈdɔfən
dog	doːg
dog	dɔg
dogen	doːgən
dogg	dɒlgj
dogg	dɔg
doggen	dˈɔgːən
doggett	dogət
dogmatiker	dɔgmaːtɪkɪr
dogme	ˈdɔgmə
dogs	doːgs
doherty	doːhɛɾtiː
doi	doi
doiiar	doɪ̯aɾ
dokk	dɔk
dokka	dˈɔkːa
dokke	dɔkːə
dokke	tukːæ
dokken	ðɔkən
dokkene	ˈdɔkːənə
dokker	ˈdɔkər
dokter	ˈdɔktər
dokteren	ˈdɔktəɳ
doktoren	ˈdɔktʊrən
doktorene	doktoːrɛnˀə
doktorene	ˈdɔktəɾənə
doktorens	ˈdɔktəɾəns
doktorer	ðoktɔrɪr
doktorgrad	ˈdɔktʊrgɾɑː
doktorgrader	ˈdɔktʊɾgɾɑːdər
doktrinær	dɔtɾɪˈnæːɾ
dokument	dokumˈɛn
dokument	ˈdɔkʊmɛnt
dokumentar	ˈdɔkʊmɛntɑːr
dokumentaren	ˈdɔkʊmɛntɑːɳ
dokumentarer	ˈdɔkʉmɛntɑːr
dokumentarfilm	ˈdɔkʊmɛntɑɾfɪlm
dokumentasjon	ˈdɔkʊmɛntɑʃuːn
dokumentene	ˈdɔkʉmɛntnə
dokumenter	ˈdɔkʉmɛntər
dokumentere	dʊkʉmənˈteːɾə
dokumentere	ˈdɔkʊmɛntəɾə
dokumenterer	ˈdɔkʉmɛntəɾə
dokumenterte	ˈdɔkʉmɛntəɾtə
dokumentet	ˈdɔkʉmɛntət
dokumentmappe	dokumɛntmapɛ
dokumentmappe	ˈdɔkʊmɛntˌmɑpə
dokumentmappen	ˈdɔkʊmɛntmɑpːən
dolan	doːlɑn
dolce	doːlse
dole	doːlə
dolk	dɔlk
dolke	tˈoːlka
dolken	ˈdɔ̀lkən
dolker	doːlkɛr
dolket	ɔlkeːt
doll	ɔlː
dollar	ðɔlɑr
dollaren	ðɔlɑːrən
dollarene	ˈdɔləɾənə
dollars	ðɔlɑːʂ
dollarsedler	ˈdɔlɑʂəlɛɾ
dollie	ðɔɭːɪ
dolls	ɔl
dolly	ˈdɔlːi
dolores	ˈdɔ̀luːɾɛs
dolph	ðɔlf
dolphin	ðɔlpʰɪn
dom	dɔm
dom	dˈom
dome	doːmə
domene	dumˈeːn
domene	ˈdʊ̂məːnə
domfellelse	ˈdɔmfɛlləʂ
domfelt	dɔmˈfɛlt
dominans	ˈdɔmɪnɑns
dominant	dʊmɪˈnɑnt
dominant	ˈdɔmɪnənt
dominante	ˈdɔmɪnɑntə
dominere	dʊmɪˈneːɾə
dominere	ˈdɔmɪnəɾə
dominerende	ˈdɔmɪnəɾɛnə
dominerer	ˈdɔmɪnəɾːɛr
dominert	ˈdɔmɪnəɾt
dominerte	ˈdɔmɪnəɾtə
domingo	ˈdɔ̀mɪŋo
dominguez	doʊmɪŋgeːs
domini	tʊmɪnæ
dominic	ˈdɔmɪnɪk
dominick	ˈdɔmɪnɪk
dominikanere	ˈdɔmɪnɪkɑnəɾə
dominikanerne	ˈdɔmɪnɪkɑːnəɳə
dominikanske	ˈdɔmɪnɪkɑnskə
dominion	ˈdɔmɪɔn
domino	ˈdɔmɪnʊ
dominus	ˈdɔmɪnʊs
dommedag	dɔmːədaː
dommedagen	ðɔmːədɑɪən
dommen	dɔmːən
dommene	ˈdɔmːənə
dommens	dɔmn̩s
dommer	dɔmːər
dommer	ˈdɔməɾ
dommere	dɔməʁə
dommeren	ˈdɔmːɾən
dommerens	ˈdɔ̀mːəɳ
dommerne	ˈdɔmːəɳə
doms	dɔms
domsbasun	d̥omˀsbasˀˀːyn
domstol	dɔ̀mstɔ̀l
domstolen	dɔ̀mstʉːlɛn
domstolene	dɔ̀msˌtʰuːlə
domstoler	dɔ̀msˈtʉːlɛr
don	doːn
donaghy	ˈdɔːnəɣiː
donald	dɔnɔɭ
donaldson	ˈdɔnɑlsən
donasjon	ˈdɔ̂nɑʃuːn
donau	ˈdɔ̀ːnɑʊ̯
doncaster	ˈdɔŋkɑstər
done	dʊnə
donere	dʊˈneːɾə
donere	ˈdûːnəɾə
donert	ˈdɔnəɾt
donerte	ˈdɔ̀ːnəɾtə
dong	ðɔŋ
dongeri	toŋri
donnager	ˈdɔnːɑgər
donnas	ˈdɔnːɑs
donnell	ˈdɔnːɛɭ
donnelly	ˈdɔnɛlɪ
donner	ˈdɔnːər
donnie	ˈdɔnɪ
donnies	ˈdɔnɪs
donor	ˈdɔnʊʁ
donoren	ˈdɔ̀ːnɔ́ːrən
donovan	ˈdɔːnəʋɑːn
dons	ðɔns
donut	ˈdɔnʉt
donuts	ˈdɔnʉts
doo	duː
doodle	duːɭə
dooku	duːkʉ
doom	doːm
door	doːr
dop	dɔp
dopa	doːpɑ
dopamin	doʊpɑmɪn
dopapir	duppapiɾ
dopapir	ˈdɔːpɑːpɪr
dope	doːpə
dope	ˈduːpə
dopen	doːpən
doper	doːpɛr
dopet	doːpɛt
dophue	ðɔ̀fʉː
dophuer	ðɔfʏːr
doping	doːpɪŋ
doping	dupˈiŋ
dopingdømt	dupˈɪŋdəmt
dopingtest	dupˈiŋtɛst
dopingutestengelse	duːpˈiːnˈʉtəstˈɛŋɛlsə
doplanger	ˈdɔːplɑŋər
doplangere	ˈdɔːplɑŋnəɾə
doppelt	ˈdɔpl̩t
dor	doːr
dora	ˈdɔːɾɑ
doran	doːɾan
dorchester	ˈdɔːʃtɛʃɚ
doren	doːɾən
dorfman	ɔɾfman
dorian	ˈdɔrɪɑn
doris	dʊrʲɪs
doris	ˈdɔrɪs
dorisk	duːɾˈɪsk
dormammu	doːɾmɑmːʉ
dorme	ˈdɔɾmə
dormer	doːmr̩
dorn	doːɳ
doron	doːɾɔn
dorothy	ˈdɔːɾɔtʏ
dorsa	ɔʂɑː
dorset	ˈdɔʂːɛt
dorsey	ˈdɔʂeː
dorsk	dɔʂk
dort	dɔʈ
dorte	doːɾtə
dorthe	ˈdɔʈə
dorullene	d̥uːrjɪlːne
dory	doːɾi
dos	doːs
dose	doːsə
dosen	doːsən
dosen	tʊ̞sʲtʊ̞n
dosene	ˈdusənə
doser	doːsər
doser	tʊsʲɛ
dosere	dʊˈseːɾə
dosering	tuːseːrɪn
doseringen	ˈdɔʂəɾɪŋ
doss	dos
dostojevskij	ˈdɔstɔjɛfskɪ
dot	ɔt
dothraki	ðɔtʁɑkɪ
dothrakiene	ðɔtʰɾɑːkiːnə
dotten	ɔtːən
dotter	tˈɔtːiːɾ
dottie	ˈdɔtːɪ
double	duːbl̥
douche	duːʃə
doug	duːg
dougal	duːgɑːl
dougherty	ˈdɔːhɛɾti
dougie	duːgiː
douglas	duːglɑs
dougs	duːks
dov	døːʋ
dove	duːvə
doven	doːvən
doven	ˈdoːʋən
dovendyr	doːʋənɪɾ
dovent	tɔvənt
dovne	doːvnə
dovrefjell	dˈɔvrəfjˈɛl
dow	doʊ
down	daʊ̯n
downey	doʊnɪ
downs	doʊns
downtown	ˈdɔʊntaʊn
doyle	doʊ̯l
doyles	doʊ̯ləs
dr	dr̥
dra	dro
dra	drɑː
dra	dɾɑː
draal	drɑːl
drabble	ˈdrɑːblə
drabelig	ˈdrɑːbəlɪ
drac	drɑk
draco	drɑːkʊ
dracula	ˈdrɑkʉlə
draculas	ˈdrɑːkʉlɑs
dradd	drɑd
drag	drɑːg
dragan	drɑːgɑːn
drage	drɔga
drage	ˈdraːgə
drageglass	ˈdraːgəglɑs
dragekriger	ˈdraːgəˌkɾɪgə
dragen	ˈdrɑːgn̩
dragene	drɑːgnə
dragenes	ˈdrɑːgənəs
dragens	ˈdrɑːgəns
drager	drɑːgər
draget	drɑgət
dragning	drɑːgnɪŋ
drago	drɑːguː
dragon	ˈdrɑgɔn
dragonfire	ˈdrɑːgɔnˌfɪːɾə
dragons	ˈdrɑgɔns
dragovic	drɑːgɔvɪtʃ
dragsholm	drɑːgsɔlm
dragsuget	drɑgsʉg
draineren	ˈdɾæɪnəɾən
drakan	drɑːkɑːn
drake	tˈrɑːkə
drake	ɖrɑːkə
draken	drɑːkən
drakh	ɖrɑːk
drakk	ɖrɑkː
drakmer	ˈdɾɑːkmæɾ
drakt	drɑːkt
drakt	drˈakt
drakt	dɾɑkt
drakta	ɖrɑktɑ
drakten	draːktˀn
drakten	ˈdrɑːktən
draktene	ˈdrɑːktənə
drakter	draktər
drakter	ˈdrɑːktər
dram	drɑːm
drama	dramˈa
drama	drɑːmɑː
dramatiker	d̪raːmːat̪iːkər
dramatikk	dramatik
dramatikk	dɾɑmɑˈtɪk
dramatikk	ˈdrɑːmɑtɪk
dramatikken	dramatˈiːkən
dramatikken	ˈdrɑːmɑtɪkən
dramatisk	dramatˈesk
dramatisk	ˈdrɑːmɑtɪsk
dramatiske	ˈdrɑːmɑtɪskə
drammen	drɑmːən
drammen	ləamən
drammenselva	drammənsɛlvɑː
dranker	drɑŋkər
drap	drɑːp
drap	dɾɑːp
drapene	ˈdrɑːpənə
draper	drɑːpər
drapet	drɑːpət
draps	drɑps
drapsavdelingen	drɑpsɑvdelɪŋ
drapsetterforsker	drɑːpsɛtɛɾfɔʂkɛɾ
drapsetterforskning	drɑpsɛtɛɾfɔʂkŋ
drapsforsøk	drɑpsfɔʂøk
drapsforsøket	drɑpsfɔʂʃuːk
drapskvelden	drɑpskʋɛldn̩
drapsmann	drɑpsman
drapsmann	trapsmɔn
drapsmannen	drɑpsmɑnː
drapsmannens	drɑpsmɑn̩s
drapsmaskin	drɑpsmɑʂkɪn
drapsmaskiner	drɑpsmɑskɪnər
drapsmenn	drɑpsmɛn
drapsmennene	drɑpsmɛnːə
drapsmistenkt	drɑpsmɪstɛŋkt
drapsnatten	drɑpsnɑtːn̩
drapssak	draːpsak
drapssak	drɑpssɑk
drapssaken	drɑpsːɑkn̩
drapssaker	drɑpsːɑkər
drapstiltale	drɑːpstɪltɑːlə
drapsvåpen	drɑpsʋøːpn
drapsvåpenet	drɑpsʋøːpənət
drar	drɑːr
drar	ðˈɾˈ
dras	drɑːs
drasse	ˈdrɑsə
drasse	ˈdɾɑsə
drastisk	drastɪsk
drastisk	drɑstɪsk
drastisk	ˈdɾɑstɪsk
drastiske	ˈdrɑstɪskə
dratt	drɑt
drax	drɑːks
drayton	drɑɪtn̩
drazen	drɑːsɛn
dre	drɛ
dream	dræɪm
dreams	dræɪ̯ms
drebin	drɛbɪn
drecker	ˈdrɛkːər
dreie	drɛɪ
dreie	ˈdɾæɪə
dreier	drɛɪ̯ɛr
dreit	drai
drekkadag	ðˈɛkkaːdɑːg
drektig	ˈdɾɛktɪ
drektige	ˈdɾɛktɪə
drektigste	ˈdɾɛktɪkstə
dren	drɛn
drenere	dɾəˈneːɾə
drep	drɛp
drepe	drɛːpə
drepe	ˈdɾeːpə
drepen	drɛːpən
dreper	drɛpɛr
dreperjeg	drɛpɛɾjɛg
dreping	drɛpɪŋ
drept	drˈɛkt
drept	ɖrɛpt
drepte	ɖrɛptə
dresden	ˈdrɛsn̩
dress	dɾɛs
dress	trˈɛst
dress	ɖrɛs
dressen	dresˈn
dressen	ˈdrɛsn̩
dressene	ˈdrɛsənə
dresser	ˈdrɛsər
dressere	dɾəˈseːɾə
dressert	ˈdrɛsːəɾt
dressing	ˈdrɛsɪŋ
dressing	ˈdɾɛsɪŋ
dressingen	drɛsɪsɪnɛn
dressinger	drəssiːŋeːr
dressur	drəsʉr
drev	drɛʋ
dreven	drˈɛvən
dreven	ˈdrɛːʋən
dreven	ˈdɾeːʋən
drevet	drɛvɛt
drew	drøː
dreyer	ˈdɾæɪ̯ːɾ
dreyfus	dræɪfʉs
dreyfuss	ˈdɾæɪ̯fʉs
dreyman	dræɪ̯mɑn
drible	ˈdɾɪblə
drift	drɪft
drift	tˈɪft
drifta	ˈdɾɪftɑ
driften	ˈdrɪftn̩
driftende	drɪftənə
driftene	ˈdɾɪftnə
drifter	ˈdɾɪftər
driftig	drɪftɪ
driftig	ˈdɾɪftɪ
driftigere	ˈdɾɪftɪɾə
drikk	dɾɪk
drikk	ɖrɪkː
drikke	trɪkkjæ
drikke	ɖɾɪkːə
drikke	ˈdɾɪkə
drikkekammerat	drˈɪkəkˈamːeːrat
drikkelek	trɪkːalək
drikker	ðrikːər
drikker	ɖɾɪkːər
drikkes	ɖɾɪkːəs
drikkevann	ˈdɾɪkːəʋɑn
drikkevannet	ˈdɾɪkːəʋɑnːə
drikkevarene	ˈɾɪkːəʋɑːɳə
drikkevarer	ˈdɾɪkːəʋɑːɾəɾ
drikking	ɖɾɪkɪŋ
drikkingen	ɖɾɪkːɪŋən
driks	drˈiks
driks	ɖɾɪks
driksen	driksˈɛn
driksen	drɪskən
drill	tʁˈɪl
drill	ɖɾɪlː
drille	tɾjlla
drille	ˈdɾɪlə
drillen	ˈdɾɪlːən
driller	drɪlːər
drin	dɾɪn
dringend	ˈdɾɪŋənt
drinken	ˈdrɪŋkən
drinkene	ˈdɾɪŋkənə
drinker	ˈdrɪŋkər
driscoll	ˈdrɪsˌkɔl
driss	drɪs
driste	ˈdɾɪstə
dristig	ˈdrɪstɪ
dristig	ˈdɾɪstɪ
dristige	ˈdrɪstɪgə
dristige	ˈdɾɪstɪə
dristigere	ˈdɾɪstɪɾə
dristighet	ˈdrɪstɪgət
dristigste	ˈdɾɪstɪkstə
drit	drɪt
drita	drɪtɑ
dritbra	drɪtbrɑː
dritdårlig	drɪtˈdoːɭɪ
drite	ɖɾɪtə
driten	drɪtən
driter	ˈdɾɪtər
dritfett	drɪtˈfɛt
dritfin	drɪtːfɪn
dritgøy	drɪtgøː
driti	drɪtɪ
dritkul	drɪtkʉːl
dritkult	drɪtkʉlt
dritredd	drɪtˈrɛd
dritsur	drɪtˈsʉːr
dritt	brˈɛt
dritt	drɪt
drittarbeid	drɪtːɑɾbæɪ̯
drittarbeidet	drɪtːɑɾbæɪ̯ɪt
drittbil	drɪtːbɪl
drittbyen	drɪtːbʏːn
drittdag	drɪtːdɑː
dritten	ˈdrɪtən
dritter	driftər
drittjobb	drɪtːjɔb
drittjobben	drɪtːjɔbːən
drittjobbene	drɪtːjɔbːən
drittkjerring	drɪtːçɛrɪŋ
drittlei	drɪtːlæɪ
drittprat	drɪtːpɾɑːt
drittpraten	drɪtːpɾɑːtən
drittpratet	ˈdrɪtːpɾɑːt
drittpreik	drɪtːpɾæɪk
drittpreiket	drɪtːpɾæɪ̯kət
drittsekk	drɪtːsɛk
drittsekken	drɪtːsɛkːən
drittsekkene	drɪtːsɛkːənə
drittsekker	drɪtːsɛkːər
drittsted	drɪtstɛd
drittstedet	drɪtːstɛːd̥
drittstøvel	drɪtːsˈtøːvl̩
drittunge	driktʊŋeː
drittunge	drɪtʉŋə
drittungen	drɪtːʉŋː
drittungene	ˈdrɪtʉŋənə
driv	drɪv
drive	drɪvə
drive-in	ˈdɾɪːʋɪn
drivende	ˈdɾiːʋənə
driver	ˈdrɪvər
drivhus	ˈdɾɪvhʉs
drivhuset	ˈdɾɪvhʉːs
drivkraft	ˈdɾɪvkɾɑft
drivkraften	ˈdɾɪːvˌkrɑftən
drivstoff	triːvstɔf
drivstoff	ˈdɾɪfstɔf
drivstoffet	ˈdɾɪfsːtɛ
dro	druː
drodle	trɔble
drog	droːg
drogo	drɔguː
droide	drɔɪ̯d̥ə
droiden	droɪdən
droidene	droɪ̯dɛnə
droider	drɔɪdər
dromedaren	druːmɛdɔrn
droneangrep	drɔːnæŋgrɛp
dronen	drɔnən
dronene	ˈdrɔnənə
droner	drɔnər
dronning	drɔnɪŋ
dronning	dɾɔnɪŋ
dronninga	drɔnɪŋɑ
dronningens	ˈdrɔnɪŋəns
dronninger	dronnˌiŋˌɛ
dronninger	ˈdrɔnɪŋər
dronningmoren	drɔnɪŋmɔːɳ
drop	drɔp
dropp	drɔp
droppe	drɔpːə
droppe	ˈdɾɔpə
dropper	ɖrɔpːər
droppes	drɔpːs
droppet	drɔpət
drops	drɔps
drops	drˈɔps
drosja	drɔfʃa
drosja	drɔʃa
drosjen	drɔʃən
drosjer	drɔʃər
drosjesentral	truʃatsɛntraɫ
drosjesjåfør	ˈdrɔʃəʃæɪːfɪr
drosjesjåføren	drɔʃəʃøːɾən
drover	drɔʋər
drucker	drʉkər
drue	drʉː
druene	drʉːnə
druer	drʉɣ̞ər
druer	drʉːɾ
druesukker	ˈdɾʉəsʉkəɾ
druide	ˈdrʉɪ̯ːdə
druidene	ˈdrʉːɪənə
drukken	ˈdɾʊkən
drukkenbolt	ˈdrʉkənbɔlt
drukket	druːkːit
drukket	ɖrʉkːət
drukne	ɖrʉknə
drukne	ˈdɾʊknə
druknede	ˈdrʉknə
drukner	ɖrʉknɛɾ
druknet	drʉkn̩t
drukning	drˈʌkning
drummond	drʉmɔn
drusse	drʉsːə
drusus	drʉːsʉs
dry	drʏː
drypp	drøpp
drypp	drʏp
dryppe	drʏpːə
dryppe	ˈdɾʏpə
dryppende	drʏpːənə
drypper	drʏpːər
dryppert	drʏpːɾ̥
drysse	ˈdɾʏsə
dråpe	drɔːpə
dråpe	dɾoːpə
dråpen	drɔːpən
dråpen	drˈoːpən
dråpene	drɔːpənə
dråper	ðrɔːpər
drøfte	drœftə
drøfte	ˈdɾœftə
drøfter	drœftər
drøftet	drøftet
drøm	drøm
drøm	dɾœm
drøm	trœ̃n
drømme	ɖrømːə
drømme	ˈdɾœmə
drømmeaktig	ˈdɾœmɑktɪ
drømmehuset	ˈdrømːəʊsʉt
drømmejenta	ɖrømːjɛntɑ
drømmejobben	drœmjɔbən
drømmekvinnen	ˈdrømːkʋɪnːən
drømmemannen	drømːəmanːən
drømmen	drœmən
drømmende	drømːənə
drømmene	drømːə
drømmeprins	ˈdrœ̀mːəˌprɪns
drømmeprinsen	ˈdrømːəˌprɪsn̩
drømmere	ˈdrømːɾə
drømmeren	ˈdrømːrən
drømmeverden	drœmːəʋæɾn
drømt	drøːmt
drømte	ɖrœ̂ːmtə
drønne	ˈdɾœnə
drøss	drœs
drøvel	ˈdɾœʋəl
drøy	dɾœj
drøyde	drœʏ̯d̥ə
drøye	drœʏə
drøye	ˈdɾœjə
drøyer	drøʏ̯ər
drøyt	drøɪ̯t
du	duː
du	dʉː
du	dʑi
du	tˈu
dua	dˈʉə
duane	duːɑːnə
dubai	duːbɑɪ
dubaku	duːbɑkuː
dublin	ˈdʉːblɪn
duchess	ðʉˈʃɛs
duck	ɖʉk
ducks	ðʉks
duddits	ˈdʉːdɪts
dude	duːd̥ə
dudley	duːdliː
due	ˈdʉːə
duell	duˈɛl
duell	duːɛl
duellen	duːlən
duellen	tʉəlˌnɪn
dueller	duːləɾ
dueller	dˈʉˈɛlər
duen	duːən
duen	døən
duer	dyːr
dues	dʏəs
duett	duːɛt
duff	duːf
duffy	duːfɪ
duflot	duːflɔt
dufresne	duːfrɛsnə
duft	duːft
duft	dˈʌft
dufte	ˈdʉftə
duften	duːftən
duftende	duːftɛnːə
dufter	duːftər
duftlys	duːftlʏs
dugan	duːgɑn
dugd	dukkd
dugde	duːgːə
duge	dyːgə
duge	ˈdʉːgə
duger	duːgər
dugg	ɖʉg̊
duggan	dugɑn
dugge	ˈdʉgə
dugnad	dugnˈad
dugnad	ˈdʉːgnɑːd
duk	duːk
duk	dʉːk
duk	tˈʉk
dukat	duːkɑt
dukater	duːkɑːtər
duke	duːkə
duke	dˈʉka
duken	tˈukən
duken	ðʉkən
duker	duːkɛr
duker	dʉkˈe
dukes	duːkəs
dukka	dukka
dukke	dukə
dukke	ˈdʉkə
dukkehus	dukəhus
dukkene	dˈʉkːana
dukkene	ðʉkːənə
dukker	dukɛr
dukkert	ˈdʊkəʈ
dukket	dukːət
dukket	tukˈa
dukketeater	dukːətɛɑːtər
duko	duːkʊ
dulle	ɖʉlə
dulles	duːlləs
dulte	tjulta
dulte	ˈdʉltə
dum	dʉːm
dum	dʊm
duman	duːman
dumas	duːmɑs
dumdristig	dʊmˈdɾɪstɪ
dumdristig	ˈdʉ̀ːmdɾɪstɪç
dumdristige	dʊmˈdɾɪstɪə
dumdristige	ˈdʉ̀mdɾɪstiːgə
dumdristigste	dʊmˈdɾɪstɪkstə
dumhet	ˈdʉːmhɛt
dumheten	ˈdʉːmhətn̩
dumhetene	ˈdʉ̂ːmhɛtən
dumheter	ˈdʉ̂ːmhɛtər
dumm	dɔm
dumma	ðʊmːɑ
dumme	tumma
dumme	ˈdʊmə
dumme	ˈdʊmːə
dummen	ðʉmːən
dummer	ˈdʉmːər
dummere	ˈdʉməɾə
dummeste	tummɛsta
dummeste	ðʉmːəstɛ
dummet	ðʊmːət
dumming	ˈdʉmɪŋ
dummingen	ðʉmɪŋən
dumminger	ˈdʉmɪŋər
dumont	ˈdʉ̂ːmʊnt
dump	dʊmp
dumpa	dʉmpɑ
dumpe	ˈdʉ̀mpə
dumpe	ˈdʊmpe
dumper	ˈdʉ̀ːmpər
dumpes	ðʉmpəs
dumpet	dʉmpət
dumping	duːmpˈɛn
dumrian	ˈdʉ̂ːmriːɑn
dumskalle	duːmskɑ̀lːə
dumskap	ˈdʉmskɑːp
dumt	ɖʉ̂ːmt
dun	dʉn
dunbar	ˈdʉːnbɑːr
duncan	ˈdʉ̂ksɑn
duncans	ˈdʊŋkəns
dundee	duːnːi
dunder	ˈdʉ̂nːər
dundre	ˈdʉndɾə
dundrende	ðʉnːɖɾɛnːə
dundrer	ˈdʉ̂nːɾəɾ
dunham	ˈdʉːnhæm
dunk	dʉŋk
dunke	dʉŋkə
dunke	tˈunkə
dunke	ˈdʊŋkə
dunkel	ˈdɔŋkl̩
dunkel	ˈdʊŋkəl
dunket	dˈɵnkət
dunket	ˈdʉŋkət
dunlear	ˈdʉːnˌleːɑːr
dunlop	ˈdʉ̂ːnlɔp
dunn	ðʉn
dunne	ðʉnːə
dunnegan	ˈdʉnːəgɑn
dunnison	ˈdʉnːɪsn̩
dunson	ˈdʉ̂nsɔn
dunste	ˈdʉnstə
duoen	duːən
duper	duːpɛr
duplisere	dʉplɪˈseːɾə
duplo	ˈdʉːplu
dupont	dʉpɔnt
duppet	duːp̩ət
dupree	duːˈpɾeː
duque	duːkə
dur	duːr
durabelig	dʉˈɾɑːbəlɪ
durabelige	dʉˈɾɑːbəlɪə
durabeligere	dʉˈɾɑːbəlɪɾə
duran	ˈdʉːɾɑn
durand	duːɾɑn
durant	ˈdʉːrɑnt
durativ	dʉratːiv
dure	ˈdʉːɾə
duren	ˈdʉːrən
durkdreven	ˈdʉɾkdɾeːʋən
durst	ðʏʂt
dus	duːs
dus	dˈus
dusin	duːsɪn
dusin	dʉˈsiːn
dusinet	duːsɪnɛt
dusinvis	duːsɪnvɪs
dusj	duʃ
dusje	duːʃə
dusje	ˈdʉʂə
dusjen	duʃən
dusjene	ˈdʉʃənə
dusjer	duːʃər
dusjet	duʃɛt
dusjet	dʉshˈt
dusjrom	dʉsrˈum
dust	tʏ̞st
dustemikkel	duːstəmiˈkɛl
dusten	ðʉstən
dustene	duːstənə
duster	ˈdʉstər
dustete	ˈdʉstəteː
dustin	ˈdʉstɪn
dusty	duʃti
dusør	duːˈsœɾ
dusøren	duːˈsøːɾən
dusørjeger	duːˈsœɾjæɪ̯gər
dusørjegere	duːˈsøːjəgəɾə
dusørjegeren	duːˈsøːjəgən
dutch	ðʏtʃ
dutchman	ðʊtʃman
dutton	ˈdʉtːɔn
duval	duːval
duvander	duːvɑnːɛr
duve	ˈdʉːʋə
dvale	daʋlə
dvale	dvɔɫ
dvd-en	ðʋeːn
dvele	ˈdʋeːlə
dveler	ðʋeːlɐ
dverg	tvarɨg
dverg	ɖʋæɾg
dvergen	ɖʋæɾgən
dverger	ˈdʋæɾgər
dvs	ɖʋs
dwayne	ˈdʋæɪnə
dwyer	ɖʋeɪɾ
dy	dyː
dy	dˈiː
dybbøl	dyːbɔɭ
dybde	dyːbːə
dybde	tɪpdɛ
dybde	ˈdʏbdə
dybderor	dyːbːɛɾɔɾ
dyden	dyːdən
dyder	dyːɖər
dydig	dyːdɪg
dydigere	ˈdyːdɪɾə
dyer	dyːɾ
dyke	dyːkə
dykk	dyk
dykke	dykə
dykke	ˈdʏkə
dykker	dikːe
dykker	dykɛr
dykkere	dykːɛɾə
dykkeren	dykəɳ
dykket	dykːət
dykking	dykɪŋ
dyktige	dyːkˈtiːgə
dyktige	ˈdʏktɪə
dyktigere	dyktɪgəɾə
dyktigere	ˈdʏktɪɾə
dyktighet	dyktɪçɪt
dyktigste	dyktɪstɛ
dyktigste	ˈdʏktɪkstə
dylans	ˈdʏlɑns
dyna	dyːnɑ
dynamikk	dyːnɑˈmɪk
dynamisk	d̪iːnamˈisk
dynamiske	ˈdʏːnəˌmɪskə
dynamitten	ˈdʏːnəˌmɪtən
dynasti	dʏnɑˈstiː
dynasti	ˈdʏnɑsti
dynastiet	ˈdʏnæstsiːt
dyne	dyːnə
dynen	dyːn̩
dynene	diːnine
dyner	ɟijneɾ
dynga	dyŋgɑ
dynke	dyŋkə
dynke	ˈdʏŋkə
dynket	dyːŋkət
dyp	dyːp
dype	dyːpə
dypest	dyːpɛst
dypeste	dyːpəst
dypet	dyːpət
dypfryst	dyːpfryst
dyppe	ðʏpːə
dyppe	ˈdʏpə
dyppet	dyːpət
dypsindig	dyːpsɪŋɪ
dypt	dyːpt
dypt	dɪpt
dypt	dʏpt
dyr	dyːɾ
dyra	dyːɾɑ
dyre	dyːɾə
dyrearter	dyːɾæɾtɛ
dyrebar	dyːɾəˈbɑːr
dyrebar	ˈdyːɾəbɑːɾ
dyrebart	ˈdyːrəbɑːʈ
dyrebeskyttelsen	ˈdyːɾəbɛʃʏtələn
dyrebutikk	dyːɾəˈbʉtɪk
dyrehage	dyːɾəhɑːgə
dyrehagen	ˈdyːɾəhɑːgən
dyreliv	dyːɾəlɪʋ
dyrelivet	dyːɾəlɪːv
dyrene	dyːɾənə
dyrepark	dyːɾəpɑːk
dyreparken	dyːɾəpɑɾkən
dyrere	dyːɾə
dyrere	ðiʲiɾær
dyreriket	dyːrɛɾɪkət
dyreste	dyːɾɛstə
dyret	dyːrət
dyrisk	dyːrɪsk
dyriske	ˈdyːrɪskə
dyrk	dyːɾk
dyrke	dyːɾkə
dyrke	ˈdʏɾkə
dyrker	dyːr̥kɛr
dyrkes	dyːɾkəs
dyrket	dyːɾkət
dyrking	dyːɾkɪŋ
dyrking	tirkːink
dyrlege	dyːɭɛːgə
dyrlegen	dyːɭɛgn̩
dyrs	dyːɾs
dyrt	dyːɾ̥t
dyrøya	ðireio
dysenteri	ˈdʏsɛntəɾiː
dysfunksjon	ˈdʏsfʊŋkʃuːn
dyskalkuli	diskalkyli
dyson	ˈdʏsn̩
dysse	dyːsə
dysse	tysse
dysse	ˈdʏsə
dysset	dʏsːə
dyster	dˈystər
dyster	ˈdʏstəɾ
dyster	ˈdʏstəʁ
dystert	ʏstɛɾt
dytt	dyːt
dytt	dˈɪt
dytta	dyːtːa
dytte	dyːtə
dytte	ˈdʏtə
dytter	dyːtːər
dytter	løttir
dyttet	dyːt̪ːə
dyttet	tʏ̞tːət
dyvåt	ˈdyːʋoːt
då	daː
dåd	daː
dåd	nod
dåden	daːdən
dåder	daːɖər
dåne	ˈdoːnə
dåner	doːnɛr
dånet	dˈoːnət
dåp	doːp
dåpen	doːpən
dåpshandling	ˈdoːpshɑndlɪŋ
dåre	daːɾə
dåre	ˈdoːɾə
dårehuset	daːɾəˈhʉːsə
dårer	doːɾə
dåriig	daːrɪg
dårlig	doːɭɪ
dårlige	daːɭɪgə
dårlige	ˈdoːɭɪə
dårligere	doːɭɪgəɾə
dårligst	ˈdoːɭɪkst
dårligste	ˈdoːɭɪkstə
dårskap	doːɾʃɑp
dåsa	daːsɑ
dåse	daʊ̯sə
dæsken	daːʃkən
dæven	ðavən
dæven	ðæːvn̩
dèt	ˈdæːt
déjà	ˈdeːʃaː
dø	døː
dø	dˈø
dø	ðøː
død	døːd
død	dˈød
dødbringende	ˈdœ́ːdbrɪŋənə
dødd	ðœd̥
døddrukken	ðœd̥rʉkːən
døde	doːd̥ə
døde	tøød
dødelig	døːdlˈi
dødelig	ˈdøːdəlɪ
dødelige	ˈdøːdəlɪə
dødeligere	ˈdøːdəlɪɾə
dødeligste	ˈdœ̂ːdəlɪstə
døden	doːdən
dødens	doːəns
dødfødt	ðœfdøːt
døds	ðɔs
dødsannonsen	ðœsɑnɔnːsən
dødsbo	ðɔsbuː
dødsbra	tətspra
dødsbra	ðøsbra
dødscelle	doːʂɕɛlːə
dødsdag	ðɔsdɑː
dødsdom	ðœsːdɔm
dødsdømt	ðœsdœmt
dødsdømte	døtsdømtə
dødsdømte	ðœsdœm̥tə
dødsengel	dˈøtsəŋɛl
dødsengelen	ðœsːɛŋələn
dødsens	ðœsɛns
dødsfall	ðɔsːfɑɭ
dødsfallene	ðɔsːfɑlːə
dødsfallet	ðɔsːfalət
dødsfelle	ðɔsfeːlə
dødshjelp	ˈdœʂjælp
dødskul	ˈdœʂkʉːl
dødskult	doːskʉlt
dødslei	ðøːsleiː
dødslisten	ðɔsːlɪstən
dødsriket	ðœsːrɪkət
dødsstjernen	ðœsːtʃæɳɐ
dødsstraff	ðœsːʂtrɑfː
dødsstraffen	ðœsːstræfːn̩
dødsstøtet	ðœsːstœtə
dødssynd	doːsːʏn
dødsårsak	ðœsːɔɾsɑk
dødsårsaken	ðœsɔɾsɑkən
dødsønske	ðœsøŋskə
dødsøyeblikket	ðøsøjɛblɪkːə
dødt	døt
dødt	ðœt
dødvekt	doːvɛkt
døende	ðœ̀ːn̩d̥ə
døgenikt	ˈdœ̂ːgənɪkt
døgn	dœjn
døgn	ðœɲ
døgnet	ðœgn̩t
døgnflue	ðœgnfluː
døgnåpen	ðœgnɔːpən
dølge	ˈdœlgə
døm	øm
dømme	ðœmə
dømme	ˈdœmə
dømmekraft	ˈdœ̂ːməkʁɑft
dømmekraften	ˈdœ̂məˌkrɑftən
dømmende	ømːɛn̩d̥ə
dømmer	ɔmːər
dømmes	ðœmːəs
dømt	doːmt
dømte	ømtə
dønn	dʒən
dønn	ðœn
dønski	ð̞onsi
døp	ðœp
døpe	ðøːpə
døpe	ˈdøːpə
døper	ˈdøːpər
døpere	døprə
døperen	ˈdøːpəɾən
døperne	dˈøːpərna
døpes	ˈdœ̂ːpəs
døpt	dˈøpt
døpt	ðœpt
døpte	ˈdœ̀ptə
dør	døːt
dør	døːɾ
dør	ɔːr
døra	døːra
døra	ðœːɾɑ
døren	døːr̥˩ɛn
døren	ðœːɾən
dørene	ˈdøːrənə
dører	ˈdœ̂ːɾə
dørhåndtaket	ˈdœ̂ːɾhɔ̀ːnttɑːkət
dørkarmen	ɔːɾkɑːɾmən
dørmatte	døːrmɑːtːə
dørmatte	ðœɾmɑtːə
dørslag	ˈdœʂɭɑːg
dørstokk	døːʂtɔk
dørstokken	ɔːɾstɔkən
døråpningen	ˈdøːrɔpneɪn
døse	ˈdøːsə
døsig	ˈdøːsɪ
døsige	ˈdøːsɪə
døsigere	ˈdøːsɪɾə
døsigst	ˈdøːsɪkst
døtre	ðøːʈə
døtrene	tøtːrɛnø
døtrene	ðœtɾənə
døtte	ðœt̪ːə
døv	døv
døv	døːʋ
døv	ðøʋ
døve	ðøːvə
døvhet	døːvhˈət
døvstum	ðø̀ːʋstuːm
døvt	tˈœft
døyt	jøɪ̯t
døyve	dajɯvɑ
døyve	ɔʏʋə
døyve	ˈdœjʋə
dřde	ɖʉːɖə
e	ɛ
e-mail	ɛːˈmɛɪl
e-post	əˈpɔst
e-postadresse	əˈpɔstɑdɾɛsə
e-postadressen	ɛːˈpɔstɑˌdrɛsn̩
e-posten	ɛpɔstɛn
e-postene	ɛːˈpɔstənə
e-poster	ɛpɔstɛr
e-tjenesten	ɛːˈtʃæɪ̯nəˌsɛn
eagles	ægl̩s
ealdor	æːldɔr
earl	ɛːɭ
earle	æːɭə
early	ɛːɭi
earp	æːɾ̥p
easter	ɛstər
eastman	ɛːstman
easton	ɛːstɔn
easy-kompaniet	ˈɛɪ̯siːkɔmpænɪɛt
eb	æːb
ebay	ɛːbɑɪ
ebba	ɛbːɑ
ebbe	ɛbːə
ebbe	ˈɛbə
eben	ɛːbən
eberlin	ɛbɛɭɪn
ebert	æbɛɾt
ebola	ˈɛːbʊla
eboshi	ˈɛːbɔʃi
eccu	ɛkːʉ
eckhart	ɛkʰɑːɾt
ecuador	ɛkʋɑːdʊr
ed	ˈed
eddard	ɛdːɑɾ
edderkopp	ɛdːɛɾkɔpː
edderkoppen	ɛdɖɛkɔpːən
edderkoppen	ɛðːəɾkopːən
edderkoppene	ˈɛdːəɾkɔpːənə
edderkopper	æðlæɾkɔpˈlæɾ
edderkopper	ˈɛdːərkɔpːər
eddie	ɛdːɪ
eddik	ədːik
eddik	ɛdɪk
eddik	ˈɛdɪk
eddington	ɛdɪŋtn̩
eddy	ɛd̥iː
edel	edæl
edel	ɛːdəl
edel	ˈeːdəl
edelhet	ɛːdəlhɛt
edelsteiner	ˈɛ̀ːdəlsteɪnər
edelstener	ɛːdəlstənər
edelt	ɛːd̥ɛlt
edelt	ɛːːdəlt
edelweiss	ˈɛːdəlʋæɪs
eden	ˈeːdən
edens	ˈeːdəns
eder	ɛːd̥ər
edgar	ɛdgɑr
edgeøya	etkæˈjɑ
edgware	ɛɖʋɑːɾ
edie	ɛːdɪ
edies	ɛːdɪs
edinburgh	ˈɛdɪnbʉːɾ
edison	ˈeːdɪsn̩
edle	ɛdla
edle	ɛɭə
edmond	ɛdmɔn
edmund	ɛdmʉn
edmure	ɛdmʉːr
edna	ɛdna
edru	ɛdruː
edru	ˈeːdɾʉ
edruelig	ɛˈdɾʉːəlɪ
edruelige	ɛˈdɾʉːəlɪə
edrueligere	ɛˈdɾʉːəlɪɾə
edrueligst	ɛˈdɾʉːəlɪkst
edta	ɛtɑː
eduardo	ɛˈdʉ̀ːɾɔ
edvald	ɛdvaɫ
edvard	ɛdʋɑɾ
edvard	ˈɛdʋɑɖ
edvard	ˈɛdʋɑʈ
edward	ɛdʋɑːɾ
edwards	ɛɖvɑɾs
edwina	ɛdʋɪnɑ
eeg	ɛːg
eep	ɛːp
effekt	ɛfɛkt
effekt	ˈefekt
effekten	ɛfɛkʈən
effekten	ˈefɛktən
effektene	ɛfɛkˈtənə
effekter	ɛfɛktər
effekter	ˈɛfəktər
effektiv	ɛfɛkˈtiːʋ
effektiv	ˈɛfəktiːʋ
effektive	ɛfɛkˈtiːʋə
effektivitet	ɛfɛktɪvɪtɛt
effektiviteten	ɛfɛkˈtɪvɪtən
effektivt	ɛfɛktɪʋt
efraim	ɛfˈrɑɪm
eføy	ɛfɔɪ
egan	ɛgɑn
egbert	ɛgbɛɾt
egen	æ̹gʲɛm
egen	ˈeːgən
egenandel	æːgʲɛnɔnbɛl
egenhendige	ˈeːgənhɛnɪə
egenhendigere	ˈeːgənhɛnɪɾə
egenhendigst	ˈeːgənhɛnɪkst
egenhendigste	ˈeːgənhɛnɪkstə
egenhånd	ˈæɪ̯ːn̥hoːn̥
egeninteresse	ˈæɪ̯ːənɪntəˌɾɛsə
egennavn	æe̞kẽːnævn
egennyttig	ˈeːgənʏtɪ
egennyttige	ˈeːgənʏtɪə
egennyttigere	ˈeːgənʏtɪɾə
egennyttigst	ˈeːgənʏtɪkst
egennyttigste	ˈeːgənʏtɪkstə
egenrådig	ˈeːgənɾoːdɪ
egenrådig	ˈɛgn̥ɾɔːdɪ
egenrådige	ˈeːgənɾoːdɪə
egenrådigere	ˈeːgənɾoːdɪɾə
egenrådigst	ˈeːgənɾoːdɪkst
egenrådigste	ˈeːgənɾoːdɪkstə
egenskapen	ɛʲginskɑːpbɯ̞n
egenskaper	eːginskapːɯ
egentiig	ɛgənˈtiː
egentlig	ɛgəntlɪ
egentlig	ˈeːgəntlɪ
egentlige	ˈeːgəntlɪə
egentligere	ˈeːgəntlɪɾə
egentligst	ˈeːgəntlɪkst
egentligste	ˈeːgəntlɪkstə
eget	æˈgæ
eget	ɛgət
egg	ɛg
egg	ˈɛg
egga	ɛgːɑ
egge	akːˈa
egge	ɛgːə
eggedosisene	aegidusisina
eggelikør	ɛggilikøɾ
eggelikør	ɛgːəlɪˈkøːr
eggen	ɛgːən
eggene	ɛgːn̩
egger	ɛgːər
eggerøre	ɛgːəɾœːɾə
eggeskall	ɛgːəʃkɑɭː
egget	ægːæ
egget	ɛgːət
eggstokkene	ɛgstɔkːənə
eggstokker	ɛgstɔkər
eggsy	ɛgʂ
egil	ægim
egil	ɛgɪl
egle	ˈæɪlə
egner	ɛgnɛr
egnet	ɛgn̩t
ego	ɛːguː
egoer	ˈɛgʊəɾ
egoisme	ˈɛgɔɪsmə
egoisten	agoistɪ
egoister	egoiste
egoistisk	ˈɛguɪstɪsk
egoistiske	ˈɛguɪstɪskə
egon	ɛgɔn
egypter	ɛgʏptər
egyptere	ɛgʏpˈtæɾə
egypterne	ɛg̊ʏptəɳə
egyptisk	ɛgiptitsk
egyptisk	ɛˈgʏptɪsk
egyptologi	ɛgjptologɪ
ehm	ɛm
ei	æi
ei	æɪ
ei	æɪʉːkə
ei	ɛɪ
ei	ˈeɪ
eichen	æɪ̯çən
eichhorst	æɪ̯çhɔʂt
eichmann	æɪ̯çman
eichorst	æɪ̯çɔʂt
eid	ɛɪ̯d
eide	ɛɪ̯d̥ə
eidem	æjðɑm
eidsdal	aɪtsdɔ
eie	æɪ̯
eie	ɑjɯ
eiena	ɛɪnə
eiendel	æɪ̯ɛndəl
eiendelene	æɪ̯n̩dələnə
eiendeler	æɪ̯n̩d̥ɛlɐr
eiendom	æɪ̯əˈnɔm
eiendom	ˈæɪənɔm
eiendommelig	æɪ̯n̩dɔmlɪ
eiendommene	æɪ̯n̩dɔmːnə
eiendommer	æɪ̯əˈnɔmːər
eiendomsbransjen	æɪ̯ɛndɔmsbrɑnʃən
eiendomskrenkelse	ɛɪnɔmskɾɛŋkəlsə
eiendomsmarkedet	æɪ̯n̪d̪ɔmsmɑɾkədeːt
eiendomsmegler	ɛɪ̯nːɔmsmæglɛr
eiendomsmeglere	ɛɪ̯n̩dɔmsmæɭ̊ərə
eiendomsmegleren	æɪ̯n̩dɔmsmægləɾən
eiendomsmegling	ɛɪnːɔmsmæɭɪŋ
eiendomsrett	ajˌnðɔmsrətː
eiendomsrett	æɪ̯n̪d̪ɔmsrɛt
eier	æɪəɾ
eier	ɛɪ̯ər
eiere	æɪ̯ːr̥ə
eieren	ajˈɛn
eieren	æɪ̯ɛɾ̥n̩
eierens	ɛɪɛɾən
eierne	ɛɪ̯ɛɾnə
eierskap	æɪ̯ɛʂkɑp
eierskapet	æɪ̯ɛʂkæp
eies	ɛɪ̯s
eiffeltårnet	æɪfəlˈtɔːn̩
eiger	ɛɪ̯gər
eigil	æjgjɾ
eiien	æɪ̯ɛn
eiier	æɪːɐ
eiiers	æɪ̯ɛrs
eik	æjk
eik	ɛɪk
eika	ajkɑ
eika	ɛɪkɑ
eikegata	ajkgata
eiken	æjkæn
eiken	ɛɪkən
eikene	æikæˈnæ
eikenskjold	æɪ̯kənʃɔʏ̯l
eikenøtt	ɛɪkənœt
eikenøtter	ɛɪkənœʈːər
eiker	æjkɪ̞ɾ
eileen	ɛɪlən
eilert	ai̯lət
eiling	æɪlɪŋ
eilis	æɪlɪs
ein	ɛɪ̯n
einar	ɛɪnɑːr
einstein	ˈæɪnstaɪn
einstøing	æɪnstøɪŋ
eira	ɛjrɑ
eirene	æɪrɛnə
eirik	æɪrɪk
eirin	aːjriːn
eisenhower	ˈɑɪ̯sənˌhɔʊ̯kər
eiske	æɪ̯skə
eiskede	æɪskɛːdə
eisker	æɪ̯skər
eisket	æɪskət
eiskiing	æɪ̯skɪŋ
eivind	æɪvɪnt
eje	ɛɪ̯
ek	ɛk
ekdahl	ɛkˈdɑːl
ekkel	ɛkːəl
ekkel	ˈɛkəl
ekkelt	əkkelt
ekkelt	ɛkːɛlt
ekko	ɛkkuː
ekkoet	ɛkːua
ekkoet	ˈɛkːʊɛt
ekkokammer	ɛkːʊkɐmːær
ekle	ɛklə
eklere	ɛˈklæːɾə
ekleste	ɛklɛstə
ekling	ɛklɪŋ
eklingen	ɛkliŋən
eko	ɛkʊ
ekorn	kʰoːn˨˩
ekorn	ɛkɔɳ
ekornene	ˈeːkɔɳnə
ekornes	akːkɔnɛs
ekornet	ˈeːkɔɳn̥ɛt
ekr	ɛkr̥
eks	ɛks
eks-forloveden	ɛksfɔɭlʊvdən
eks-kjæresten	ɛkʂˈçæːɾəstən
eks-kona	ɛkʂkɔnɑ
eks-kone	ɛkskʰʉːnə
eks-mannen	ɛksˈmɑnːn̩
eksakt	ɛksakt
eksakt	ɛkˈsɑkt
eksakte	ˈɛksɑktə
eksaltert	ɛksɑlˈteːʈ
eksamen	ɛkˈsɑːmən
eksamenen	ˈɛksɑmənə
eksamenene	ɛkˈsɑːmənə
eksamener	ˈɛksɑmənər
eksamensfesten	ˈɛksɑmənsˌfɛstən
eksamenskandidat	əksamɛnskandidˈat
eksaminere	əksamɪnəˈre
eksaminere	ɛksɑmɪˈneːɾə
eksekusjonspelotong	ɛkʂɛˈkʉːsn̥sˌpæləˌtɔŋ
eksellense	əksˈɛlənsə
eksellense	ˈɛksɛllənsə
eksem	ekseːm
eksem	ˈɛksəm
eksempel	ɛkˈsɛmpəl
eksempel	ˈɛksəməl
eksempelet	əksˈɛmpələ
eksempelet	ˈɛksəmpələ
eksemplar	ˈɛksɛmplɑːr
eksemplarene	ˈɛksɛmplɑːɾənə
eksemplarer	ˈɛksɛmplɑːrər
eksempler	eksemple
eksempler	ˈɛksɛmplə
eksen	ɛksən
eksene	ɛksənə
eksentrisk	ɛkˈsɛntɾɪsk
eksentrisk	ˈɛksɛntrɪsk
eksentriske	ɛkˈsɛntɾɪskə
eksepsjonell	ɛksəpʂʊˈnɛl
eksepsjonell	ˈɛksəpsjunəl
eksepsjonelle	ˈɛksəpsjunəllə
eksepsjonelt	ˈɛksəpsjuːnəl
ekser	ɛkˈsæɾ
eksil	ˈɛksɪl
eksistens	ˈɛksɪstəns
eksistensen	ˈɛksɪstənsən
eksistensiell	ɛksɪstənsɪˈɛl
eksistensiell	ˈɛksɪstɛnsɪɛɭ
eksistere	ɛksɪˈsteːɾə
eksistere	ˈɛksɪstəɾə
eksisterende	ˈɛksɪstəɾɛndə
eksisterer	ˈɛksɪstəɾəɾ
eksistert	əksistˈeːt
eksistert	ɛkˈsɪstəɾt
eksisterte	ˈɛksɪstəɾtə
ekskjæreste	ˈɛkʃæɾɛstə
ekskjæresten	ˈɛkʃçæɾɛstən
ekskjærester	ˈɛkʃæɪ̯ɛstər
ekskludere	ɛksklʉˈdeːɾə
ekskludert	ɛkskluːd̥ɛɾ
eksklusiv	ɛkskluːsɪʋ
eksklusiv	ˈɛksklʉsɪʋ
eksklusive	ɛkskluːvɪsə
ekskona	ˈɛkskʊnɑ
ekskone	ɛkskɔnə
ekskoner	ɛkskʊnɛr
ekskones	ɛkskɔnɛs
ekskursjon	ˈɛkskʉʂɕʊn
ekskursjonen	ɛkskʉʂuːʒɔn
eksmann	ɛksman
eksmannen	ˈɛksmannən
eksorsisme	ɛkˈsɔʂɪsmə
eksorsismen	ˈɛksɔʂɪsmən
eksorsist	ɛkˈsɔʂɪst
eksorsisten	ˈɛksɔrsɪstən
eksos	ɛkˈsɔs
eksosrøret	ɛksusrøːrə
eksosrøret	ˈɛksɔsrøːɾət
eksotisk	eksoːtisk
ekspandere	ɛkspɑndəɾə
ekspandere	ɛkspɑŋˈdeːɾə
ekspanderer	ɛkspɑndəɾər
ekspansjon	ɛkˈspɑːnʃuːn
ekspedere	əkspeˈdeɾ
ekspedert	ɛkʂpɛdɛɾt
ekspedisjonen	ɛkspɛdɪʃʉn
ekspedisjoner	ˈɛkspɛdɪʃuːɳər
ekspeditør	ɛkspediˈtøːr
ekspeditør	ɛkspeːdiːtøːr
ekspeditøren	ɛkspɛdɪtøːɾən
eksperiment	ɛkspəɾɪˈmɛnt
eksperiment	ɛkspɪˈmɛnt
eksperimentell	ɛkspəɾɪmənˈtɛl
eksperimentell	ˈɛkspɛɾmɛntɛl
eksperimentelle	ɛkspɛrimɛntɛlːə
eksperimentelt	ɛkspɛrimɛntɛlt
eksperimentene	ˈɛkspɛɾmɛntnə
eksperimenter	ˈɛkspɛɳmɛntər
eksperimentere	ɛkspəɾɪmənˈteːɾə
eksperimentere	ɛkspɛrimeːntɛre
eksperimentere	ˈɛkspɛɾmɛntəɾə
eksperimenterer	ɛkspɛmɛntɛrɛr
eksperimentert	ˈɛkspɛɾmɛntɛɾt
eksperimenterte	ɛkspɛrimɛntɛʁtə
eksperimentet	ˈɛkspɛrɪmɛntət
ekspert	əkspˈart
eksperten	ɛkspɛːtːən
eksperten	ɛkʂpæɾtn̩
ekspertene	ˈɛkʂpæɾtnə
eksperter	ɛkˈʃpɛʈər
ekspertise	ɛkˈʂpɛɾtɪsə
ekspertisen	ˈɛkspɛɾtɪsn̩
eksplodere	ɛksplʊˈdeːɾə
eksplodere	ɛkˈsplʊːdərə
eksplosiv	ɛkˈsplʊːsɪʋ
eksplosiv	ˈɛksplʊsiːʋ
eksplosive	ɛkspluːˈsɪvə
eksplosiver	ɛkspɫɔsɪvər
eksplosivt	ɛkspɫɔsɪvt
eksplosjon	ɛksplosjˈon
eksplosjon	ɛkspɭɔʃuːn
eksplosjoner	ɛkˈsplʊʃuːɾə
eksponert	ˈɛkspʊnəɾt
eksport	ɛkspɔrt
eksportere	ɛkspɔˈʈeːɾə
eksportere	ˈɛkspɔtəɾə
eksporterer	ˈɛkspɔtəɾəɾ
ekspres	ɛkspɾɛs
ekspress	ɛkspɾɛs
ekspressbuss	ɛksˈpɾɛsbʉs
ekspressen	ɛkˈʂrɛsn̩
ekstase	ɛkstɑsə
ekstatisk	ekstˈɑːtisk
ekstatisk	ɛkstɑtɪsk
ekstatisk	ɛkˈstɑːtɪsk
ekstensiv	ˈɛkstənsiːʋ
eksteriør	əkstɛrjør
ekstern	ɛkstɛɳ
ekstern	ˈɛkstɜrˈn
eksterne	ˈɛkstɛɳə
eksternt	ˈɛkstɛɳt
ekstra	ɛkstɾɑ
ekstra	ˈɛkstrə
ekstra	ˈɛkstɾɑ
ekstranummer	ɛkstɾɑnʉmɛɾ
ekstranøkkel	ˈɛkstɾɑnœkəl
ekstraordinær	ˈɛkstrɔɾdiːnæɾ
ekstraordinær	ˈɛkstɾɑɔɖɪnæːɾ
ekstrapoeng	ˈɛkstrɔˌpøŋ
ekstrasending	ˈɛkstɾɑsɛnɪŋ
ekstravagant	ˈɛkstɾɑːvɑgɑnt
ekstrem	ɛkstɾˈem
ekstrem	ɛkˈstɾeːm
ekstreme	ˈɛkstrəmeː
ekstremistene	ˈɛkstrəˌmɪstənə
ekstremister	ˈɛkstrəˌmɪstər
ekstremt	ɛkstɾæɱt
ekström	ɛkstrøm
ekte	əkta
ekte	ɛktə
ekte	ˈɛktə
ektefelle	ɛktəˈfɛlə
ektefellen	ɛktəˈfɛln̩
ektefeller	ɛktəˈfɛlɐr
ektefolk	ɛktəfoːk
ektemake	ˈɛktəˌmɑːkə
ektemann	ɛktəmɑn
ektemann	ˈɛktəmen
ektemannen	ˈɛktəˌmæːnən
ektemannens	ɛktəˈmæːnəns
ektemanns	ɛktəˈmæns
ektemenn	æktʲɪmæn
ektemenn	ɛktəˈmɛnː
ektemennene	ɛktəˈmɛnːə
ektepar	ɛktəpɑːr
ektepar	ɛktəpɑːɾ
ekteparene	æktɪ̞pɑːrɯ̞næ
ekteparet	ɛktəpɑːrət
ekter	ɛktəɾ
ekteskap	ˈɛktəskɑp
ekteskap	ˈɛktəskɑːp
ekteskapelig	ˈɛktəskɑːpəlɪ
ekteskapelige	ˈɛktəskɑːpəlɪgə
ekteskapet	eːktɛskapːɛ
ekteskapet	ˈɛktəʃkɑpə
ekteskapsbrudd	ˈɛktəʃkɑpsbrʉt
ekteskapsløftene	ˈɛktəʃkɑpsløftənə
ekteskapsløftet	ˈɛktəʃkɑpsløftət
ektet	ɛkˈtɛt
ekthet	əktˈət
ekthet	ɛktə
ektoplasma	ɛktɔplɑzmɑ
ekvator	kvat̪oːr
ekvator	ɛkʋɑtʊr
ekvatorial	ekatorial
el	ɛl
elaine	ɛlæɪnə
elanna	ɛlɑnːɑ
elastisk	ɛlɑstɪsk
elastisk	ɛˈlɑstɪsk
elba	ɛlba
eldar	ldaɾ
elde	ˈɛldə
elder	ɛldər
elderman	ɛldɛɾman
eldes	ænkæs
eldes	ɛlˈdɛs
eldes	ˈɛldəs
eldgamle	ɛldgɑːmlə
eldgammel	ɛldgɑmːəl
eldgammelt	ɛldgɑmːəl
eldorado	ɛldɔɾɔdu
eldre	ɛldɾə
eldre	ˈɛldɾə
eldridge	ɛldɾɪg
eldritch	ɛldɾɪtʃ
eldst	ɛldst
eldste	ɛld̥steː
elea	ɛlæː
eleanor	ɛlɛɑnœʁ
electra	ɛlɛkˈtrɑ
electric	ɛlɛkˈtrɪk
electronics	ɛlˈɛktrɔnɪks
elefant	ɛləˈfɑnt
elefantene	ɛləˈfɑ̀ntnə
elefantene	ˈɛləfantene
elefanter	ælæfantʊ̞r
elefanter	ɛlɛfɑntər
eleganse	ɛlɛgɑnsə
elegant	ɛləˈgɑnt
elegant	ɛlɪgɑnt
elegante	ɛlɛˈgɑntə
elektriker	ɛlɛkˈtrɪkɛɾ
elektrikere	ɛlɛkˈtrɪkʰɛɾə
elektrikeren	ɛlɛkˈtɾiːkəɾən
elektrisitet	ɛlæktɾɪsɪtɛ
elektrisiteten	ɛlæktɾɪsɪtən
elektrisk	eləktɾˈɛsk
elektrisk	ɛˈlɛktɾɪsk
elektriske	ɛˈlæktɾɪskə
elektriske	ɛˈlɛktɾɪskə
elektrodene	ɛlɛkˈtrʊdənə
elektroder	ɛlɛktɾʊdɛɾ
elektromagnetiske	ɛlɛktromægnɪstkə
elektroner	ɛlɛkˈtrɔnər
elektronikk	ɛlɛkˈtrɔnɪk
elektronikken	elektʁonikˈe
elektronikken	ɛlæktɾɔnɪkːn̩
elektronisk	ɛlæktɾuːnɪsk
elektroniske	ɛlæktɾuːnɪskə
elektrosjokk	ɛlɛktɾɔʃɔk
element	ɛləˈment
elementary	ɛlmɛntɑːɾi
elementer	ɛləˈmentər
elementær	ɛləmənˈtæːɾ
elena	ɛlɛnə
elendig	əlendi
elendige	ɛˈlɛndɪgə
elendige	ɛ̀lɛnˈdɛːa
elendigere	ɛˈlɛnɪɾə
elendighet	ɛːˈlɛndɪçɑː
elendigheten	ɛːˈlæ̀nːdɪç(h)ən
elendigste	ɛˈlɛnɪkstə
elev	ɛlɛv
elev	ɛlˈev
eleven	æleːvən
eleven	ɛlˈleːʋən
elevene	ɛlɛvənə
elevenes	ɛlɛnɛns
elever	ɛlvər
elever	ɛlːɛʋər
elevråd	ɛlˈɛvrod
elevrådet	ˈɛləʋɾɔːdət
elevrådsformann	ɛlɛvrɔːdsfɔrmɑn
elf	ɛlf
elfenben	ɛlfənbɛn
elfrid	ˈɛlfrid
elg	aʁː
elg	ælg
elg	ˈɛlg
elgen	ɛlgən
elgin	ɛlgɪn
eli	ɛlɪ
elia	ɛlɪɑ
elias	ɛlɪɑs
elias	ˈɛlɪas
elier	ɛˈlɪər
elig	ɛlɪg
elihas	ɛlɪˈhɑs
elijah	ɛlɪjɑ
eliksir	ɛlɪkˈsɪr
eliksiren	ɛlɪkˈsɪːɾən
eliminere	ɛlɪmiˈneːʁə
eliminere	ɛlɪmɪˈneːɾə
eliminerte	ɛlɪmiˈnæɾtə
elin	eːlim
elin	eːlən
elin	ɛlɪn
elina	ɛlina
eline	ɛliːn
elinor	ɛlɪˈnuːɾ
eliot	ɛlɪɔt
elisa	ɛlɪsɑ
elisabet	ɛlɪsɑbɛt
elisabeth	ɛlɪsɪˈbɛtʃ
elise	elˈɪsa
elise	ɛlɪsə
elise	ɛˈliːsə
elissa	ɛlɪsɑ
elite	alitˈe
elite	ɛlɪtə
eliten	ɛlɪtən
eliteserien	ɛˀlɪtjɛsɛˀrɛn
elitesoldat	ɛlɪtəˈsɔltɑt
elitesoldater	ɛlɪtəˈsɔldɑːtər
elitestyrke	ɛˈlɪtəˌstʏɾkə
eliza	ɛlɪzɑ
elizabeth	ɛlɪsɑbɛtʰ
elizalde	ɛlɪsɑldə
elk	ɛlk
elkins	ɛlkɪns
ell	ɛɭ
ella	ɛlːɑ
ellas	ɛlːɑs
elle	ɛlə
elle-marja	ɛləˈmɑɾjɑ
ellef	ælːɛf
ellen	ɛln̩
ellens	ɛlːəns
eller	æ̹lˈlæɾ
eller	ɛlːɐɾ
eller	ˈɛləɾ
ellers	ɛlɚs
elleve	ˈɛlve
elleve	ˈɛlʋə
ellevill	ˈɛləʋɪl
ellevte	ɛləvtə
ellie	ɛlːɪ
ellies	ɛlːɪs
elling	ɛlɪŋ
elling	ˈɛlleːn
ellington	ɛlɪŋgɔn
elliot	ɛlɪɔt
elliots	ɛlɪɔts
elliott	ɛlɪɔt
ellis	ɛlɪs
ellison	ɛlɪsɔn
elly	ɛlːɪ
elm	ɛlm
elmer	ɛlmər
elmo	ɛlmɔ
eloise	ɛlɔɪsə
elroy	ɛlruːɪ
elsa	ɛlsɑ
elsa	ˈɛlfa
else	ɛlsə
elsie	ɛlʃɪ
elsjokk	ɛlʃɔk
elsk	ɛlʃ
elska	alʃːa
elske	ɛlʃə
elske	ˈɛlskə
elskede	ælsgˈɾˈɑ
elskede	ɛlˈʃeːdə
elskedes	ɛlˈʃeːdəs
elskelige	ɛlʃəliːgə
elskende	ɛlˈʃɛn̩d̥ə
elsker	ɛlʃkɛr
elsker	ˈɛlskəɾ
elskere	ɛlʃəɾə
elskeren	ɛlʃəɾən
elskerinne	ɛlʃəˈɾɪnə
elskerinnen	ɛlʃəˈɾɪnə
elskerinner	ɛlʃəɾɪnər
elskerne	ɛlʃkɛɳə
elskes	ɛlʃɛs
elsket	ɛlʃkɛt
elskling	ɛlsklɪŋ
elskling	ɛlʃlɪŋ
elskling	ˈɛlsklɪŋ
elsklingen	ɛlsklɪŋən
elsklinger	ɛlsklɪŋər
elskov	elskou
elskov	ɛlʃɔk
elskverdig	ɛlskˈʋæɖɪ
elskverdige	ɛlskˈʋæɖɪə
elskverdigere	ɛlskˈʋæɖɪɾə
elskverdigst	ɛlskˈʋæɖɪkst
elskverdigste	ɛlskˈʋæɖɪkstə
elspeth	ɛlˈspeːt
elsykkel	ɛlsɛkːil
elte	ˈɛltə
eltet	ltˈeːt
elton	ɛltɔn
elv	ælʋ
elv	ɛlv
elv	ɛlˈv
elva	ɛlvɑ
elvebredden	ɛlvəbrɛdən
elveleie	ɛlvəleːɪ
elveleiet	ɛlvəleɪət
elven	ɛlvən
elvene	ɛlˈʋeːnə
elver	ɛlvɛr
elvesving	alvɪsvɪŋ
elvira	ɛlˈʋiːɾɑ
elvis	ɛlvɪs
elway	ɛlʋɑː
elwood	ɛlvuː
elysium	ɛlʏˈsɪʊm
em	ɛm
em	ɛːlm
emajogi	ɛmajɔʁi
emanuel	əˈmɑːnʉːəl
emballere	ɛmbɑˈleːɾə
ember	ɛmbɛr
emberly	ɛmbɛɭiː
embetet	æmˈbɛtə
embetsmann	æmˈbɛtsmɑn
embetsmenn	ɛmbɛtsmɛnː
emblemet	ˈɛmbləmeːt
embryo	ɛmbɾjʊ
emelie	əˈmeːliː
emelie	ɛmælæ
emerald	ɛməˈɾɑːl
emerson	ˈɛːmərsɔn
emery	ɛmɛrʏ
emf	æmf
emfysem	æmˈfysːm
emigrere	ɛmɪˈgɾeːɾə
emil	ɛmɪl
emile	ɛmɪlə
emilia	ɛmɪlɪɑ
emiliano	ɛmɪˈliːɑːnə
emilie	ɛmiljɛ
emilie	ɛmɪˈliːə
emilien	ɛmɪliən
emilies	ɛmɪˈliːs
emilio	emilio
emilio	ɛmɪlɪɔ
emils	ɛmɪls
emily	ɛmɪlɪ
emilys	ɛmɪlɪs
eminem	ɛmɪˈnɛm
eminence	ɛmɪnɛns
eminent	ɛmɪˈnɛnt
emir	ˈɛmɪr
emirater	əmɪratɛr
emiren	əˈmɪːɾən
emissary	əˈmɪʃəɾɪ
emma	ɛmːɑ
emmanuelle	æmːɑnuɛlːə
emmas	ɛmːɑs
emme	ɛmːə
emmen	ˈɛmən
emmet	ɛmːət
emmett	ɛmːət
emmi	ɛmːɪ
emmit	ɛmːɪt
emmitt	ɛmːɪt
emne	æmnə
emne	ɛmnɑ
emne	ˈɛmnə
emneknagg	ɛmnəknɑg
emner	æmnər
emning	ɛmnɪŋ
emosjonell	ɛmʊʂʊˈnɛl
emosjonell	ˈæːmʊʃuːnəl
emosjonelle	ˈæːmɔʃʊnəlːə
emp	æmp
empati	ɛmˈpɑːtɪ
empatisk	ɛmˈpɑːtɪsk
empirisme	empirisma
empress	ɛmˈprɛs
en	eːn
en	ɛn
enarmede	ˈɛnɑɾmɛ
enarmet	ɛnɑrmɛt
enda	ɛndɑ
enda	ɛnɑ
ende	ɛndə
ende	ˈɛnde
ende	ˈɛnə
endeiig	ɛndæɪɪ
endekløft	ˈɛnəklˈœft
endel	ɛnːəl
endelig	andəli
endelig	ˈɛnəlɪ
endelige	ˈɛndəlɪgə
endelige	ˈɛnəlɪə
endeligst	ˈɛnəlɪkst
endeligste	ˈɛnəlɪkstə
endelse	enˈalsˈ
endelse	ˈɛnəlsə
endelser	ɛnnˈɛlsɪt
endeløs	ˈɛnəløːs
endeløs	ˈɛ̀nːəløːs
endeløse	ˈɛ̀nːəløːsə
endeløst	ˈɛ̀nːəløʃt
enden	ɛnːən
endene	ˈɛndne
ender	nˈnˈɛ
ender	ɛnd̥ər
ender	ˈɛndɛr
ender	ˈɛnəɾ
endes	ænðˈɪs
endestasjon	ɛnəstɑʂuːn
endestasjon	ˈɛndəˌstɑːjɔn
endestasjonen	ˈɛndəʃɑːjɔn
endevende	ˈɛnəʋɛnə
endevendte	ɛndəˈʋɛntə
endog	ɛndɔg
endokrin	ɛndʊkajn
endokrine	ænduːkɾiːn
endorfiner	ˈɛ̀ndɔɾfɪnər
endr	endɾ
endra	ˈɛndra
endre	ɛndrɛ
endre	ˈɛndɾə
endrede	enð̞ɾeð̞a
endrede	ˈɛ̀ndɾə
endrer	ˈɛndrɛ
endrer	ˈɛ̀nːər
endres	ɛndɾɛs
endret	ɛndɾet
endret	ˈɛndrat
endring	ɛndrɪŋ
endring	ˈɛndɾɪŋ
endringen	ˈɛndrɪŋən
endringene	ˈɛ̀nːrɪŋnə
endringer	ˈɛndriŋgə
endringer	ˈɛndrɪŋər
endt	ɛnt
endt	ˈɛnt
endte	ɛntə
endte	ɛntˈɛ
endte	ˈɛnte
ene	ɛːnə
enearving	ˈɛːnɑːɾʋɪŋ
enebarn	ˈeːnəˌbɑːɳ
eneboer	ˈɛːnəbøːr
eneggede	ˈeːnəgədeː
eneren	ˈɛːnəɾən
enerett	ˈeːnəˌrɛt
energi	ɛnɛrgii
energi	ˈɛnəɾɪ
energidrikk	ˈɛnːəɾɪdɾɪk
energifelt	ˈɛnəɾɪfɛlt
energiminister	enaɾʃiministeɾ
energiministeren	ˈɛnəɾgimɪnɪstɛɾən
energisk	ˈɛnəɾɪsk
energy	ˈɛngɾiː
enerom	ˈɛːnəɾɔm
enerverende	ɛnæɾˈʋeːɾənə
enerådende	ˈeːnəɾoːdənə
enes	ɛːnəs
enestående	ˈeːnəstoːənə
enfoldig	ɛnˈfɔldɪ
enfoldig	ɛnˈfɔːlɪ
enfoldige	ɛnˈfɔldɪə
enfoldige	ˈɛnfɔlːɪgə
enfoldigere	ɛnˈfɔldɪɾə
enfoldigste	ɛnˈfɔldɪkstə
eng	ɛŋ
enga	ɛŋgɑ
engang	ɛŋgɑŋ
engangs	ɛŋgɑŋs
engangsgreie	ɛŋgɑŋsgɾæɪ̯
engangsplast	eːŋaŋsplˈast
engangstilfelle	ɛŋgɑnstɪlˈfɛlə
engasjement	ɛŋgɑʃəˈment
engasjementet	ɛŋgɑʃəˈmentə
engasjere	ɛŋgɑˈʂeːɾə
engasjerer	ɛŋgɑˈʃeːɾər
engasjerte	ɛŋgɑʃɛɾtə
enge	ˈɛŋe
engeisk	ɛŋɛɪsk
engel	ænjɪl
engel	ɛŋːəl
engelen	æŋʲilæn
engelen	ɛŋːələn
engels	ɛŋːəls
engelsk	ɛŋkəlʃ
engelsk	ˈɛŋəlsk
engelske	ɛŋgəlʃkə
engelsken	ɛŋgəlʃkən
engelsklærer	ɛŋːəlsklæːɾər
engelsklæreren	ɛŋːəlsklæːrən
engelskmann	ɛŋəlskmɑn
engelskmannen	ɛŋəlskmɑnː
engelskmenn	ɛŋəlskmɛn
engelskmennene	ɛŋgəlskmɛnːə
engelsktalende	ɛŋəlskˈtɑːlnə
engelsviken	ˈɛŋilsvˈɪkən
engen	hẽŋnʲɪn
engen	ɛŋn̩
engene	ænjɪnɑ
engene	ɛŋːnə
enger	enʲɪr
enger	ɛŋːər
engineering	ɪŋɛnɪrɪŋ
england	ɛŋglɑn
englands	æŋlɑns
englene	ɛŋgləɳə
englenes	ɛŋlənəs
engler	ɛŋːləɾ
english	ɪŋglɪʃ
engst	ɛŋʃt
engste	ɛŋstə
engste	ˈɛŋstə
engstelig	ˈɛŋstəlɪ
engstelige	ɛŋstɛlɪgə
engstelige	ˈɛŋstəlɪə
engsteligere	ˈɛŋstəlɪɾə
engsteligst	ˈɛŋstəlɪkst
engsteligste	ˈɛŋstəlɪkstə
engstelse	ɛŋstɛlsə
engster	ɛŋstər
engstet	ɛŋʃtɛ
enhet	ɛnːət
enhetene	ɛnˈhɛːtən
enheter	ənhətˌɛɾ
enhetlig	ˈeːnheːtlɪ
enhetlige	ˈeːnheːtlɪə
enhetligere	ˈeːnheːtlɪɾə
enhetligst	ˈeːnheːtlɪkst
enhjørning	ˈænhjœɳɪŋ
enhjørningen	ˈænhjœɾnɪŋən
enhjørninger	eːnjøɾnɪŋer
enhjørninger	ɛnˈjœɳɪŋər
enhver	ɛnˈʋæːɾ
enhver	ɛnːʋæɾ
enid	ɛnɪd
enig	ˈeːnɪ
enigere	ˈeːnɪɾə
enighet	ˈeːnɪçət
enigma	ɛnɪgmɑ
enka	ɛŋkɑ
enke	ɛŋkə
enkefru	ɛŋkəfrʉ
enkeit	ɛŋkɑɪt
enkel	ɛŋkəl
enkel	ˈɛŋkəl
enkelhet	ɛŋkəlhɛt
enkelt	ænkɪlt
enkelt	ɛŋkɛlt
enkelt	ˈɛŋkəlt
enkelte	ɛŋkɛltə
enkeltpersoner	ˈɛŋkəlˌpɛrsənər
enkeltrom	enkelð̞ɾum
enkeltrom	ˈɛŋkəltrʊm
enkeltstående	ˈɛŋkəltstoːənə
enkemann	ɛŋkəmɑn
enkemann	ɛŋkəˈman
enkene	ˈɛŋkənə
enker	ɛŋkər
enklave	enklava
enkle	ɛŋklə
enkle	ˈɛŋklæ
enkle	ˈɛŋklə
enklere	ˈɛŋkləɾə
enklest	ɛŋklɛst
enklest	ˈɛŋkləst
enn	ɛn
enn	ɛnː
enna	ɛnːɑ
ennis	ɛnɪs
ennä	ɛnːɑ
ennå	anna
ennå	ɛnːɔ
enoch	ˈeːnɔk
enoia	ˈeːnɔɪə
enorm	ɛˈnɔɾm
enorm	ˈnɔ̀ːrm
enorm	ẽn̪oɾm
enorme	ˈnɔ̀ːrmə
enormt	ənˈɔrmt
enough	ɛnʊf
enrico	ɛnˈʁɪkʰʊ
enrique	ɛnˈrɪkə
ens	eːns
ens	ɛns
ensarta	ˈeːnsɑːʈɑ
ensartet	ˈeːnsɑːʈɑ
ensbetydende	ˈeːnsbətyːdənə
ense	anˈsa
ense	ˈɛnsə
ensenada	ˈɛnsənada
enser	ˈɛnsər
enset	ˈɛnsət
ensfarga	ˈeːnsfɑɾgɑ
ensfarget	ˈeːnsfɑɾgɑ
ensformig	ˈeːnsfɔɾmɪ
ensformige	ˈeːnsfɔɾmɪə
ensformigere	ˈeːnsfɔɾmɪɾə
ensformigst	ˈeːnsfɔɾmɪkst
ensformigste	ˈeːnsfɔɾmɪkstə
ensidig	æ̹nsiːðɪ̞
ensidig	ˈeːnsiːdɪ
ensidig	ˈɛnsɪdɪ
ensidige	ˈeːnsiːdɪə
ensidigste	ˈeːnsiːdɪkstə
enslig	ɛnsliː
enslig	ˈeːnʂɭɪ
enslige	ˈeːnʂɭɪə
ensligere	ˈeːnʂɭɪɾə
ensom	ɛnˈsɔm
ensom	ˈeːnsɔm
ensomheten	ˈɛ̀sn̩hæɪ̯tn̩
ensomme	ɛnˈsɔmə
ensomt	ɛnsɔmt
enstemmig	enstˌɛmmiː
enstemmig	ɛnstɛmmiː
ent	ɛnt
entall	æntæl
enten	ˈɛntən
enter	ˈɛntər
enterprises	ˈɛntəɾɛnsɪs
entre	ɛntɾə
entre	ˈɛntɾə
entreen	ˈɛntɾeːn
entreprenør	ˈɛntɾəpɳøːr
entreprenøren	ˈɛntɾəpɳøːɾən
entreprenører	ˈɛntɾəpənøːɾ
entrer	ˈɛntɾə
entret	ɛntˈrɛt
entusiasme	entusiasme
entusiasme	ˈɛntʉʃɑsmə
entusiasmen	ˈɛntuʃjɑsmən
entusiastisk	ɛntʉsɪˈɑstɪsk
entusiastisk	ˈɛntʉsiɑstɪsk
entydig	ˈɛntʏdɪg
enveis	ɛnˈʋæɪs
enveisbillett	ɛnˈʋæɪ̯sbiˌlɛt
enveiskjørt	ɛnˈʋæɪ̯ʃʧøɾt
enzymer	ˈɛnsʏmər
enzymet	ˈɛnsʏmət
enøyde	ɛnˈœʏ̯dɛ
epa	ɛpɑ
eph	ɛːf
ephraim	ɛfˈrɑɪm
epikrise	ɛpikrisʊ
epilepsi	ɛpɪˈlæpsɪ
epileptiker	epilɛptɪkjɛ
epileptiker	ɛpɪˈlɛptɪkər
epileptikere	epilɛptikːɾe
epileptisk	epɪleptˈisk
epileptisk	ɛpɪˈlɛptɪsk
epinefrin	ɛpɪˈnɛfrɪn
episk	episk
episk	ɛpɪsk
episk	ˈeːpɪsk
episke	ˈɛpɪskə
episode	epis̺ude
episode	ɛpɪsuːdə
episoden	ˈɛpɪsɔdən
episodene	ˈɛpɪsɔdənə
episoder	ˈɛpɪsɔːɖər
epistemologi	epistemologi
eple	ep̞ɾe
eple	ɛːplə
eple	ˈɛplə
eplejuice	ɛpləjuːsə
eplekake	ɛːpləˈkɑːkə
eplekjekk	ˈɛpləçɛk
eplepai	ɛpləpæɪ
epler	ɛplər
eplesaft	æpləsˈaft
epoke	ɛpuːkə
epos	epus
epost	ˈɛpɔst
epps	æpːs
epsilon	ɛpsiˈlɔn
epstein	ɛpˈʃtɪn
er	a
er	æːɾ
er	ɑːr
er	ɛɾ
eragon	ɛˈɾɑːgɔn
erasmus	ˈeːɾɑsmʊs
erdet	ɛɾːd̥
erdogan	ɛɾdugɑn
erdu	ɛɾduː
erebor	ɛːɾɛbɔɾ
ereksjonen	ɛɾɛkʂuːn
eren	ɛːɾən
erfare	arfɔɾɐ
erfare	æɾˈfɑːɾə
erfare	ɛɾfɑːɾə
erfaren	æɾˈfɑːɾən
erfaren	ɛɾfɑːɾən
erfarer	ɛɾfɑːrɛɾ
erfaring	æɾˈfɑːɾɪŋ
erfaring	ɛɾfɑɾɪŋ
erfaringen	ɛɾfɑɾɪŋən
erfaringen	ˈɛrfarɪŋən
erfaringene	ɛɾfɑɾɪŋnə
erfaringer	ɛɾfɑɾɪŋɐ
erfarne	ɛɾfɑːɳə
erfart	æɾfɑːt
erfor	ɛɾfɔɾ
ergerlige	ˈæɾgəlɪə
ergerligere	ˈæɾgəlɪɾə
ergo	ɛɾguː
ergre	arɛgrɛ
ergre	æɾgɾə
ergre	ɛɾgrɛ
ergrer	ɛrgrɛr
ergret	ɛɾgɾet
eri	ɛɾɪ
eric	ɛrɪk
erica	ɛrɪkɑ
erich	ɛrɪç
erichs	ɛɾɪks
erics	ɛrɪʂ
erie	ɛɾɪ
erik	ɛrɪk
erik	ɛˈriːk
erika	ɛɾɪkɑ
erikke	ɛrɪkə
eriks	ɛɾɪks
eriksen	ɛɾɪkʰsən
eriksson	ˈeːrɪkˌsɔn
erin	ɛɾɪn
erindre	æˈɾɪndɾə
erindrer	eɾaiŋdɾeɾ
erindret	ɛːrˈɪndrət
erindring	ˈɛɾɪndɾɪŋ
erindringer	ɛɾɪndɪŋgɐ
erjeg	ɛɾjɛg
erjenta	ɛɾjɛntɑ
erjobben	ɛɾˈjɔbən
erkebiskop	arkibɪskɔpː
erkebiskop	ɛɾkəˈbɪskɔp
erkeengel	ærkeːɛïːnɢil
erkeengel	æɾkəɪŋːəl
erkeengelen	ɛɾkəɛŋgələn
erkefiende	ɛɾkəˈfɪ̂ɛ̯nə
erkjenne	æɾˈçɛnə
erkjennelse	ɛɹkjeːnəlsə
erkjenner	ɛɾknɛ̂ɾ
erkjent	ɛɾçɛnt
erklære	æˈklæːɾə
erklærer	ɛɭkɭæɾ
erklæres	ɛɭkɭæːɾəs
erklæring	ɛɭkɭæːɾɪŋ
erklæringen	ɛɭkˈlæːɾɪŋ
erlandsson	ɛːɭɑnˈsɔn
erlik	ɛɭɪk
erling	aliŋ
erling	ɛɭɪŋ
erme	auɾmɑ
erme	æɾmə
erme	ɛɾmɛ
ermene	ɛɾˈmeːnə
ermer	ɛrmər
ermet	ɛrmɛt
ern	ɛrn
erna	ana
erna	ɛrnɑ
ernest	ɛrnɛst
ernesto	ˈɛrnəstoː
ernie	ɛrnɪ
ernst	ɛrnst
ernst	ɛɳst
ernære	æˈɳæːɾə
erobre	ɛrɔbɾə
erobrer	ɛːroːbrər
erobrer	ˈɛɾɔbɾər
erobreren	ˈæɾɔbɾən
erobret	ɛːrɔbrɛt
erobring	ˈɛɾɔbɾɪŋ
erobringen	ˈɛɾɔbɾɪŋən
eros	ˈɛɾɔs
errol	ɛrɾɔl
ershon	ɛʂɔn
erstatning	ɛʂtɑːnɪŋ
erstatninger	ɛʂtɑŋnɪgɐ
erstatte	æˈʂtɑtə
erstatte	ɛʂtɑtə
erstatter	ɛrˈstɑtər
erstatteren	ɛrˈstɑtəɾən
erstattes	ɛʂtɑtɛs
ert	at
ert	æʈ
ert	ɛɾt
erta	eʈː
erte	ætːɑ
erte	ɛːɾtə
erte	ˈæʈə
erten	ərtɯn
ertene	ɛɾtənə
erteris	ɛɾtɛɾɪs
ertesuppe	ɛɾtəˈsʉpːə
ertet	æˈtːøːt
erting	ɛːɾtɪŋ
erverve	æɾˈʋæɾʋə
erwin	ɛɾʋɪn
es	ɛs
escalante	ɛskɑlɑntə
escobar	ˈɛskɔbɑːr
escobars	ɛskɔbɑːʂ
escorpion	ɛʃkɔʁpɪɔn
ese	ˈeːsə
eselet	ˈeːsəlɛt
eshel	ɛʃːəl
eska	ɛska
eska	ɛʃkɑ
eskadre	ɛˈskɑːdɾə
eskalere	eskalera
eskalere	ˈɛskɑːləɾə
eskalerer	ɛskɑlɛrɛr
eskalerte	ɛskɑˈlɛɾtə
eskariolsalat	ɛskariːˈɔlsalat
eske	ɛʃkə
esken	æskɪ̞m
esken	ɛʃkən
eskene	ɛskɪ̞nʲɪ
eskene	ɛʃkənə
esker	ɛskɪ̞r
esker	ɛʃkər
eskild	ɛʃkɪɭ
eskimo	ˈɛskɪmoʊ
eskorte	ɛskɔʈə
eskorten	ˈɛskɔʈən
eskortepike	ˈɛskɔɾtəpɪkə
eskorter	ɛskɔtər
eskortere	ˈɛskɔtəɾə
eskorterer	ɛskɔtəˈɾeːɾ
eskortert	ɛskɔtɛɾt
eslet	asla
esmeralda	ɛsməɾɑlda
esperanza	ɛspɛˈɾɑ̀nsa
espinosa	ɛspɪnɔsɑ
espresso	ɛʃˈpɛsʉ
espressomaskin	ɛsprɛsɔmɑskɪn
ess	ˈɛs
essay	ɛsːɑː
essens	ɛsːɛn
essensiell	ɛsənsɪˈɛl
essensiell	ɛˈʃɛnsiɛl
essensielt	ˈɛsːənsiːlt
esset	ɛsːət
essex	ɛsː
essie	ɛʃːɪ
esta	ɛʃtɑ
este	ɛʂtə
estefania	ɛstɛfɑːnɪɑː
ester	estɪ̞r
ester	ˈɛstə
estes	ˈɛstəs
estetisk	ˈɛstɛtɪsk
esther	ˈɛstər
estland	ɛstlɑn
estlending	ɛstlændiŋ
et	t̪
et	ɛt
et-eller-annet	ɛtˈæɭːɛɾˈɑnːət
eta	ɛːtɑ
etablere	ɛtɑbləɾə
etablere	ɛtɑˈbleːɾə
etablerer	ˈɛtɑbləɾər
etablering	ˈɛtablɛːrɪŋ
etablerte	ɛtɑblɛɾtə
etablissementet	ɛtɑblɪʃmɛntɑ
etappe	ɛtɑpə
etappen	ɛtɑpːən
etapper	ætɑpːʊɾ
etasje	ɛˈtɑːʂə
etasje	ˈeːtɑʃə
etasjen	ˈɛtɑʃən
etasjene	ˈɛtɑʃʏnə
etasjer	ˈɛtɑʃər
etasjeseng	ɛˈtɑːʂəsɛŋ
etat	ɛtɑt
etaten	ɛtɑtən
etater	ɛtɑːtər
ete	ɛːtə
eter	ˈeːtər
eter	ˈeːtəɾ
eteren	ˈeːtəɾən
ethan	ɛtʰɑn
ethne	ɛtn̩
ethvert	ɛtʋɛɾt
etienne	ɛtˈjɛn
etikette	ɛtɪkɛtːə
etiketten	ˈɛtɪkɛtn̩
etiketter	ɛtɪkɛtɛr
etikk	ɛtɪk
etikken	ˈɛtɪkən
etiopia	ˈɛtɪɔpɪɑ
etisk	ɛtɪsk
etisk	ˈeːtɪsk
etiske	ɛtɪskə
etnisk	ɛtnɪsk
etnisk	ˈɛtnɪsk
etniske	ˈɛtnɪʃkə
eton	ˈeːtn̩
etsende	ˈɛtsn̩də
etser	ɛtʂɛr
ett	ət
ett	ɛt
ett	ɛtː
etter	ɛtɾ
etter	ˈɛtəɾ
etterbarberingsvann	ˈɛtərbɑːbɛrɪŋsvɑn
etterforske	ˈɛtərfɔʂkə
etterforske	ˈɛtəɾfɔʂkə
etterforsker	ˈɛtərfɔʂkər
etterforskere	ˈɛtərfɔʂkərə
etterforskeren	ˈɛtərfɔʂkəɾən
etterforskerne	ˈɛtərfɔʂkənə
etterforskes	ˈɛtərfɔʂkəs
etterforsket	ˈɛtərfɔʂkə
etterforsking	ˈɛtərfɔrʃɪŋ
etterforskingen	ˈɛtərfɔrʃɪŋən
etterforskning	ˈɛtərfɔʂkŋ
etterforskningen	ˈɛtərfɔʂkən
etterforskninger	ˈɛtərfɔʂkŋɪ
etterfulgt	ˈɛtərˌfʉlt
etterfølge	ˈɛtərføːɽgə
etterfølge	ˈɛtərfˈøːlga
etterfølger	ˈɛtərføːlgər
etterfølgeren	ˈɛtərˌfœlgərən
etterhvert	ˈɛtərhʋæɾt
etterkant	ˌeːtərkant
etterkomme	ˈɛtərkɔmə
etterkomme	ˈɛtəɾkɔmə
etterkommer	ˈɛtərkʰɔmər
etterkommere	ˈɛtərkɔməɾə
etterkommerne	ˈɛtərkʰɔmərnə
etterlat	ɛtɾlɑt
etterlate	ɛtərˈlɑːtə
etterlate	ˈɛtəɭɑːtə
etterlater	ˈɛtərˌlæːtər
etterlater	ˈɛtɛlɑːtər
etterlatt	ˈɛtərˌlɑt
etterlatte	ˈɛtərˌlɑtə
etterlengtet	ˈɛtərˌlɛŋt
etterligne	ˈɛtərliːɲə
etterligne	ˈɛtəɭɪŋnə
etterligne	ˈɛtɜlˌɪgna
etterligner	ˈɛtərliŋər
etterligning	ˈɛtərˌlɪŋɪŋ
etterlivet	ˈɛtəlɪʋət
etterlot	ˈɛtərˌlɔt
etterlys	ˈɛtərlys
etterlyse	ˈɛtərlyːsə
etterlyse	ˈɛtəɭyːsə
etterlyser	ˌɛtɛrlyːsər
etterlysning	ˈɛtərˌlʏʃnɪŋ
etterlysningen	ˈɛtərˌlʏʃnɪŋən
etterlyst	ˈɛtərˌʏst
etterlyste	ˈɛtːɾʏstə
ettermiddag	ɛtːəˈmɪɖɑː
ettermiddag	ˈɛtøːrmˈɪdɑːg
ettermiddag	ˈɛtəɾmɪdɑːg
ettermiddagen	ɛtɾəˈmɪdaːgən
ettermæle	ˈɛtɾmæːlə
etternavn	ɛtːɛɳɑvn
etternavn	ˈɛtəɳɑʋn̩
etternavnene	ˈɛtɾɛnɑːvnˈɯnˈɑ
etternavnet	ɛtːərnavnˈɛ
etternavnet	ɛtːɛɳɑvnɪt
etterpa	ɛtːɛrpaː
etterpåklok	ˈɛtəɾpɔkluːk
etterretning	ˈɛtərˌrɛtnɪŋ
etterretning	ˈɛtɛrˌɛtnɪŋ
etterretningen	ˈɛtərˌrɛtnɪŋə
etterretninger	ˈɛtərˌrɛtnɪŋər
etterretnings	ˈɛtərˌrɛtnɪŋs
etterretningsagent	ˈɛtːəɾetɪŋsɑɪˌɛnt
etterretningsoffiser	ˈɛtərˌrɛtnɪŋsɔfɪsər
etterretningstjeneste	ˈɛtərˌrɛtnɪŋstjɛnəst
etterretningstjenesten	ˈɛtərˌrɛtnɪŋstjɛnəsn̩
etterse	ˈɛtəʂeː
ettersende	ɛtəʂɛnə
etterskjelv	ɛtɾskjɛlv
etterskudd	ɛtɾskʉd
etterspurt	ˈɛtərspʉʈ
etterspørsel	ˈɛtərspøːʃːəl
etterspørsel	ˈɛtərspœʂəl
etterspørselen	ˈɛtərspœʂələn
ettersyn	ˈɛtɐsʏn
ettersøke	ˈɛtəʂøːkə
ettersøkt	ˈɛtɛrsˌøːkt
ettersøkte	ˈɛtɛrsøːktˌa
ettertanke	ˈɛtərtˈɑnkə
ettertanke	ˈɛtɾtɑŋkə
ettertenksom	ɛtəˈʈɛŋksɔm
ettertid	ɛtɾtɪd
ettertiden	ˈɛtːəɾˌtiːn̩
ettertraktede	ˈɛtːɾɑktə
ettertraktet	ˈɛtərˌtrɑktə
ettertrykkelig	ˈɛtərtrʏkəlɪ
ettertrykkeligere	ɛtəˈʈɾʏkəlɪɾə
ettertrykkeligst	ɛtəˈʈɾʏkəlɪkst
ettertrykkeligste	ɛtəˈʈɾʏkəlɪkstə
ettroms	ɛtːrɔms
ettroms	ˈɛtɾʊms
eu	el
eu	øʉ
eu-borger	ɛʉbɔɾgəɾ
eufemisme	øːfəˈmɪsmə
eufori	øːfɔrɪ
eugene	øguːnə
eugenie	øʝəˈniː
euro	ɛʊro
europaliga	aɪrɔːpɔlɪga
europas	øɾuˈpɑs
europavei	au̯roːpavaj
european	øːɾɔpɑn
europeer	æʉɾʊˈpeːəɾ
europeerne	øːˈrøːpəɳə
europeisk	æʉɾʊˈpeːɪsk
europeisk	øːɾupɑɪsk
europol	øːɾupɔl
eustis	øʊstɪs
eutanasi	autənasˈi
eutanasien	auːtɑːnˀɑːsˈiːən
ev	ɛʋ
eva	eva
eva	ɛʋɑ
evadrakt	ɛːvadrˈakt
evakuer	ɛʋɑku̯eɾ
evakuere	evakueɾa
evakuere	əʋɑkuːɾə
evakuere	ɛʋɑkʉˈeːɾə
evakuerer	ɛʋɑku̯eɾɛɾ
evakueres	ɛʋɑkuːɾɛs
evakuering	ɛʋɑkuːɾɪŋ
evakueringen	ɛʋɑku̯ɛɾɪŋ
evakuert	ɛvɑkuːɾt
evakuerte	ɛʋɑˈkʉːɾə
evaluere	evalyere
evaluere	ævlʉːɾə
evaluere	ɛʋɑlʉˈeːɾə
evaluering	ɛʋɑːˈlʉːrɪŋ
evalueringen	ɛʋɑˈlʉːɾɪŋən
evaluert	ævluːɾt
evan	ɛʋɑn
evander	ɛʋɑndər
evangeliet	ɛʋɑŋgɛˈliːə
evangeline	ɛʋɑŋɛlɪnə
evangelium	evangiliːum
evangelium	ɛʋɑŋɛlɪʊm
evans	ɛʋɑns
evas	ɛʋɑs
eve	ɛːvə
evelyn	ˈɛʋlʏn
even	ɛːvən
even	ɛːvɛn
evening	ɛʋnɪŋ
event	ɛʋɛnt
eventuell	ɛʋəntʉˈɛl
eventuell	ɛʋɛntʉl
eventuelle	ɛʋɛntʉlːə
eventuelt	ɛʋɛntuːɛlt
eventyr	ˈeːʋntyːɾ
eventyr	ˈeːʋəntyːɾ
eventyrere	ˈɛːvəntʏːɾə
eventyret	ɛʋɛntyːɾ
eventyrlig	ɛʋənˈtyːɭɪ
eventyrlige	ɛʋənˈtyːɭɪə
eventyrligste	ɛʋənˈtyːɭɪkstə
eventyrlysten	ˈeːvəntʏːɭʏstən
ever	ɛvər
everdeen	ˈɛːvərdeːn
everest	ɛʋɛɾɛst
everett	ˈɛːvərɛt
evers	ɛʋɛʂ
evert	ɛʋɛɾ
every	ɛvrɪ
evey	æɪ
evie	ɛʋɪ
evig	ˈeːʋɪ
evige	ɛʋɪgə
evige	ˈeːʋɪə
evigere	ˈeːʋɪɾə
evighet	ˈeːʋɪgət
evighetens	ˈeːʋɪgətəns
evigst	ˈeːʋɪkst
evil	ɛʋɪl
evils	ɛʋɪls
evinnelig	ɛˈʋɪnəlɪ
evinnelige	ɛˈʋɪnəlɪə
evinneligere	ɛˈʋɪnəlɪɾə
evinneligst	ɛˈʋɪnəlɪkst
evne	avna
evne	ɛvnə
evne	ˈɛʋnə
evnen	ɛʋn̩
evnene	ɛʋnənə
evner	ɛʋnər
evner	ˈɛvnər
evnet	ɛvnøt
evnet	ɛvnɑ
evneveik	ɛvnəʋæɪk
evneveike	ɛvnəˈʋæɪ̯kə
evnukk	ɛvnʉk
evolet	ˈɛʋuːlət
evolusjon	ɛʋʊlʉʃɪɔn
evora	ɛʋuɾɑ
ewa	ɛʋɑ
ewell	øʋəl
ex	ɛks
excalibur	ɛkskɑlɪbʉr
extra	ɛkstɾɑ
eyeliner	ɑɪlɪnɛɾ
eyes	ɔɪs
eyre	æɪ̯ːr
eyrie	æɪrɪ
eystein	aːiːstaɪn
ezekiel	ɛskɛɪl
ezequiel	ˈɛːsɛkɪɛl
f	feː
f-18	feːɔtɛn
f0r	foːr
fa	faː
faa	faː
fab	fæːb
fabel	fabl
fabelaktig	faːblˈakti
fabelaktig	ˈfɑːbəlɑktɪ
fabelaktig	ˈfɑːbəlɑkˌtiː
fabelaktige	ˈfɑːbəlɑktɪə
fabelaktige	ˈfɑːbəlɑkˌtiːjə
fabelaktigere	ˈfɑːbəlɑktɪɾə
fabelaktigst	ˈfɑːbəlɑktɪkst
fabelaktigste	ˈfɑːbəlɑktɪkstə
fabeldyr	fɑːbəldiːr
faber	ˈfɑːbər
fabian	ˈfɑːbi̯ɑn
fabio	faːbɪuː
fabious	ˈfɑːbɪʊs
fable	fɑːblɑ
fable	ˈfɑːblə
fabrikant	fɑbɾɪˈkɑnt
fabrikk	fɑˈbɾɪk
fabrikk	fˈabriːkk
fabrikken	ˈfɑːɾɪkən
fabrikkene	fˈabrikːɛnə
fabrikkene	ˈfɑːɾɪkəne
fabrikkens	ˈfɑːɾɪkəns
fabrikker	fˈabrikkər
fabrikker	ˈfɑːɾɪkər
fabrikkere	fɑbɾɪˈkeːɾə
fabrikkere	ˈfɑːɾɪkəɾə
fabrikkert	ˈfɑːɾɪkɛɾt
fabrikkerte	ˈfɑːɾɪkɛʈə
fabrizi	faːbɾiːsiː
face	feːs
facebook	ˈfɑːkəˌbʊk
facebook-side	ˈfɑːbɛɔkˌsiːd
facebook-siden	ˈfɑːbɛɑːkˌsiːdn̩
factory	ˈfɑːktɔɪ
fadder	fad̥ɛr
fadderen	ˈfɑd̥əɾən
fader	faːd̥ər
faderen	ˈfɑːdərən
faderens	faːdɛɾəns
faderlig	faːdɛɭi
faderlige	faːdɛɭi
fadervår	faːdɛɾvoːr
faen	feːn
faen	fɑːr
faen!	fɑːn
faenmeg	feːnmeːg
faenskap	feːʃkɑn
faenskapet	feːˈʃɑːnspət
fag	faːg
fag	sak
fagbrev	faːbrɛv
fagene	faːgnə
fagene	fog̊ɪnˈɑ
fager	faːgɛɾ
fager	ˈfɑːgəɾ
fagerborg	fagʲirbɔrg
faget	fagət
faget	fagˈa
fagfeltene	fagfˈɛltnˀə
fagfolk	fagfɔlg
fagforening	faːgfɔɾɛnɪŋ
fagforeningen	fagfɔɾɛnɪŋən
fagforeningene	fagfɔɾɛnɪŋənə
fagforeninger	fagfɔɾɛnɪŋər
fagin	fagɪn
faglig	fagli
faglig	faːgliː
faglig	ˈfɑːglɪ
faglige	fagliːgə
faglige	ˈfɑːglɪə
fagligere	ˈfɑːglɪɾə
fagligst	ˈfɑːglɪkst
fagmann	faːgman
fagområde	fagumroda
fagre	faːgrɛ
fagre	fˈagra
fahim	faːɪm
faii	faɪ
faiier	faɪ̯ːɛ̯r
fair	feːr
fair	fæːɾ
fairbanks	feɪɾbæŋks
fairfax	feɪɾfɑks
fairview	feːɾʋɪː
faisal	faɪˈsɑːl
faisel	faɪ̯səl
fait	feɪ̯t
fajanse	fɑˈjɑnsə
fake	feɪk
faket	faːkɛt
fakk	faːk
fakke	faːkə
fakke	fokka
fakke	ˈfɑkə
fakkel	fakəl
fakkel	fɑgkɪl
fakkel	ˈfɑkəl
fakkelen	faˈkːələn
fakker	faːkɛr
fakket	faket
faklene	faːklnə
fakler	faːklɛr
faks	faks
faks	fæks
fakse	faksˈa
fakse	faːksə
fakse	ˈfɑksə
faksen	faːksn̩
faksen	fˈɑksən
faksene	faksnɛ
fakser	fagsər
fakset	faːkʂɛt
fakta	fɑkta
fakta	fˈakːa
faktaene	faktˈanə
faktaene	ˈfɑːktaːnə
fakter	ˈfɑktəɾ
faktisk	faktˈiːsk
faktisk	ˈfɑktɪsk
faktisk	ˈfɑːktɪsk
faktiske	ˈfɑːktsɪskə
faktor	ˈfɑːktɔɾ
faktoren	ˈfɑːktsən
faktum	faktˈɵm
faktum	ˈfɑːktʉm
faktumet	ˈfɑːktʉmɛ
faktura	faktˈura
faktura	ˈfɑːktʉːɾɑ
fakturaen	ˈfɑːktʉɾɑən
fakturaene	ˈfɑːktʉɾɑːnə
fakultet	fɑːkʉltˢət
fakultetet	ˈfɑːkʉlʉtət
falafel	ˈfɑːlɑːfɛl
falang	flɑŋ
falck	fæɭk
falco	ˈfɑːlkoː
falcon	ˈfɑːlkʊn
falcone	ˈfɑːlkoːnə
falk	faɭk
falkeid	falkaɪn
falken	faɭkən
falken	fɔɫkiːn
falker	faɭkər
falleferdig	ˈfɑləfæːɖɪ
falleferdig	ˈfɑːləfɛɾɪ
falleferdige	ˈfɑləfæːɖɪə
falleferdigere	ˈfɑləfæːɖɪɾə
falleferdigst	ˈfɑləfæːɖɪkst
falleferdigste	ˈfɑləfæːɖɪkstə
fallen	fallˈɯn
fallen	ˈfɑːlən
fallende	fæˈlɛndə
fallera	ˈfɑːləɾɑ
fallet	ˈfɑːlət
falling	foːlɪŋ
fallitt	fallitː
fallitt	fɑˈlɪt
fallon	foːlɔn
falls	fæɭs
fallskjerm	fæɭskjæɭm
fallskjermen	fæɭskjæɾmən
fallskjermer	fæɭʃçæɭmər
fallskjermhopping	ˈfɑːlʃjɛɾmˌhɔpɪŋ
fallskjermjeger	fæɭskjæɾmjægər
fallskjermjegere	ˈfɑlːʃjɛɾməjæɪ̯ɾə
fallujah	ˈfɑlʉjɑ
falme	ˈfɑlmə
falmer	ˈfɑːlmər
falmet	faːlmɛt
falsk	falsk
falsk	fæʂk
falsk	fɑlsk
falske	fˈalskə
falske	ˈfɑlskə
falskhet	ˈfɑːlskhɛt
falskt	fɑlʃkʉ
falt	faːlt
fame	faːmə
famiiie	faˈmiːə
famiiien	faˈmiːən
familie	fɑˈmiːlɪə
familieanliggende	ˈfɑːmɪliːənlɪŋgə
familiebedrift	ˈfɑmːɑlɪbɛˌdrɪft
familiebedriften	ˈfɑːmɪliːbɛdɾɪŋən
familiebilder	ˈfɑːmɪliːbɪɭdər
familiefar	ˈfɑ̀mɪliːfɑːr
familiefirmaet	ˈfɑ̀mɪliːfɪɾmɑːɛt
familiegreie	ˈfɑmːʉlɪˌgrɛɪ̯ə
familiekrangel	faˈmɪləˌkɾɑŋːəl
familiekrise	ˈfɑ̀mɪliːkɾɪsə
familieliv	ˈfɑːmɪliːˌlɪʋ
familielivet	ˈfɑːmɪliːlɪʋət
familiemann	ˈfɑːmɪli̯əˌmæn
familiemedlem	ˈfɑmɪliːmɛdlæm
familiemedlemmene	ˈfɑ̀mɪliːmɛdləˌmɛːnə
familiemedlemmer	ˈfɑ̀mɪliːmɛdlɛmər
familiemiddag	ˈfɑ̀mɪliəˌmɪtɑː
familiemøte	ˈfɑmɪliːmøːtə
familien	famˈiːlən
familien	ˈfɑːmɪliən
familienavnet	ˈfɑːmɪliːənɑʋn̩
familiene	ˈfɑ̀mɪli̯ənə
familiens	ˈfɑmɪliəns
familier	famɪlɪə
familier	ˈfɑmɪliːɾ
families	ˈfɑmɪliːs
familiesak	ˈfɑmɪliːsɑk
familieselskap	famˈiːləsælskap
familietradisjon	ˈfɑ̀mɪliːətrɑ̀dɪʃuːn
familiær	fɑmɪlɪˈæːɾ
family	fæmɪlɪ
famle	fˈamlˈ
famle	ˈfɑmlə
famler	fæml̩
fan	fæ̀ːn
fan	san
fanatiker	ˈfɑːnɑˌtɪkəɾ
fanatikere	ˈfɑːnɑːtɪkəɾə
fanatisk	fɑˈnɑːtɪsk
fanatisk	ˈfɑːnɑːtɪsk
fanden	fandɯn
fanden	ˈfɑːnːən
fandens	ˈfɑːnəns
fane	faːnə
fane	ˈfɑːnə
faner	faːnər
faner	faːnɛr
fang	faŋ
fange	faŋːə
fange	ˈfɑŋə
fangehull	faŋəhul
fangehullene	faŋəˈhʉlə
fangehullet	faŋəˈhʉlət
fangeleir	faŋːləɪːr
fangeleiren	faŋəlɛɪ̯ːɾ̥
fangen	faŋən
fangene	faŋːənə
fangenes	faŋənɛs
fangens	faŋəns
fangenskap	fangənskˈap
fangenskap	faŋgɛskɑp
fanger	faŋgər
fanger	fæŋiɾ
fanget	faŋːət
fangetransport	faŋətrɑnspɔrt
fangeutveksling	faŋəʊ̯tʋægslɪŋ
fangevokter	faŋɛvɔktɛr
fangevokteren	faŋəvɔktəɳ
fangst	faŋst
fangsten	faŋstən
fangtasia	faŋtɑsiɑ
fanken	faŋkən
fankens	faŋkəns
fanklubb	faŋklʉb
fanklubben	faŋklʉbən
fanning	ˈfɑnɪŋ
fanny	famni
fanny	faːnɪ
fans	fæns
fansen	faːn̥s̬n̩
fant	fɑnt
fant	fˈɑnt
fanta	fantˈa
fantasere	fɑntɑˈseːɾə
fantasere	ˈfɑntɑsəɾə
fantaserer	ˈfɑntɑʃeɾeːr
fantasert	ˈfɑntɑsæɾt
fantaserte	ˈfɑntɑsæɾtə
fantasi	ˈfɑntɑʃi
fantasia	ˈfɑ̀ntɑ̀sɪɑ̀
fantasien	ˈfɑntɑʃɪən
fantasiene	fantˈɛsiːne
fantasiene	ˈfɑntɑʃiən
fantasier	ˈfɑntɑʃiər
fantasifoster	ˈfɑntɑsiˌfɔstər
fantasifull	ˈfɑntɑsifʉl
fantasifulle	ˈfɑntɑsiɾʉlə
fantasiverden	ˈfɑntɑsiʋæɾdn̩
fantastic	ˈfɑ̀ntæstɪk
fantastisk	fantastˈɛsk
fantastisk	fɑnˈtɑstɪsk
fantastisk	ˈfɑntɑstɪsk
fantastiske	ˈfɑntɑstɪskə
fanteri	ˈfɑːntəɾɪ
fantes	fˈantəs
fantes	ˈfɑ̀ntəs
fantom	ˈfɑ̀ntɔm
fantomene	ˈfɑ̀ːtɔmənə
fantomer	ˈfɑ̀ntʊmər
fantomet	ˈfɑ̀ːntɔmɛt
fantomtegning	ˈfɑ̀ntɔmˌteːgɪŋ
far	faːr
far	fɑːɾ
fara	faːɾɑ
faraday	faːɾɑːdeː
faraldo	faːɾɑldɔ
faramir	faːɾɑːmɪɾ
farang	faːɾɑŋ
farao	bɑːrɑːuː
farao	ˈfɑːrɔ
faraoen	faːɾɑːʉn
faraos	ˈfɑːrɔːs
faraway	ˈfɑːrɑːʋɑː
fare	faːɾə
fare	ˈfɑːɾə
faren	faːɾən
faren	fɑːrn
farende	faːɾɛn̩d̥ə
farene	faːrənə
farens	faːrəns
farer	faːrɛr
faresonen	faːɾɛsɔn̩
farfar	faːrfɑːr
farfaren	faɾfaɾən
farfars	faɾfaʂ
farga	ˈfɑɾgət
farge	faːɾgə
farge	fʊ̞rgæ
farge	ˈfɑɾgə
fargeblind	faɾgəblɪnd
fargeblind	ˈfɑɾgəblɪn
fargede	faɾgeːd̥ə
fargehandel	fɑɾgəhɑnəl
fargen	faɾgn̩
fargen	fɑːrˈten
fargene	faɾgənə
fargeprakt	fargɛprˈakt
farger	faɾgəɾ
fargerik	faɾgəɾɪk
fargerik	ˈfɑɾgəɾiːk
fargerike	faɾgəɾɪkə
fargerike	parkʲɪrʲɪkʲæː
fargerikt	faɾgəɾɪkt
farget	ˈfɑɾgət
farget	ˈfɑːɾət
fargo	faɾguː
farhad	fæɾˈhɑːd
farid	faːrɪd
fariig	faɾiɪg
farik	faɾɪk
faris	faːrɪs
farkost	faɾkɔst
farkosten	faɾkɔstən
farlig	ˈfɑːɭɪ
farlige	faɭigə
farlige	ˈfɑːɭɪə
farligere	ˈfɑːɭɪgəɾə
farligst	ˈfɑːɭɪkst
farligste	faɭɭɪstə
farligste	ˈfɑːɭɪkstə
farløse	faɭˈløːsə
farm	fɑːɾm
farmasi	farmˈɑsi
farmasøyt	ˈfɑːrmɑːsœʏ̯t
farmasøytiske	ˈfɑːɾmɑːsyːtɪskə
farmen	faːɾmən
farmen	fɑːrmˈɛn
farmer	faːmər
farmor	faːmɔr
farmora	frmɔra
farmoren	faɾmɔɾən
farmoren	formulæn
farmors	ˈfɑːrmɔʂ
farms	faːms
farmødrer	fɑːrmøːdrœr
farouk	faːɾʉk
farpoint	faːɾpɔɪnt
farr	faɾ
farrah	faɾɑ
farrel	fæɾːəl
farrell	faʂɛɭ
farris	faʂɪs
farrow	foːruː
farsdag	faʂdag
farse	faɾsə
farsen	faʂn̩
farsfigur	faʂfɪgʉɾ
farsi	faʂiː
farsott	faɾsɔt
fart	faːɾt
fart	fɑʈ
farta	faɾtɑ
farte	ˈfɑʈə
farten	faːʈn̩
fartsbot	faʈʂbɔt
fartsgrensen	faʈʂgɾɛsn̩
fartsholder	fartshælˈeɾ
fartsmåler	ˈfɑʈsmoːləɾ
fartøy	faːrtɔʏ
fartøyene	faɾtœʏənə
fartøyer	faːrtøɪ̯ər
fartøyet	faːɾtøʏ̯
farvann	faɾˈvanː
farvannene	faɾˈvanːə
farvannet	faɾvɑnː
farvei	faɾˈveɪ
farvel	faɾvəl
farvell	faɾvɛl
fasade	fɑsɑːdə
fasade	ˈfɑːsɑːd̥ə
fasaden	faˈsɑːd̥n̩
fasan	fasaːn
fasan	faˈsɑn
fasaner	fasanər
fascinere	fɑsɪˈneːɾə
fascinerer	ˈfɑʃɪnəɾər
fascinert	ˈfɑːʃɪnəɾt
fascinerte	ˈfɑʃɪnəɾtə
fascist	ˈfɑʃɪst
fascistene	ˈfɑʃɪstənə
fascister	ˈfɑʃɪstər
fascistisk	fɑˈʂɪstɪsk
fascistiske	ˈfɑʃɪstɪskə
fase	faːsə
fase	ˈfɑːsə
fasen	faːs̬n̩
faser	ˈfɑːsər
fasere	faːʃəɾə
faserne	ˈfɑːʃn̩
fashion	ˈfɑːʃən
fasilitetene	ˈfɑːsɪlɪtəne
fasiliteter	ˈfɑːsɪlɪtəɾ
fasit	fɑːsˈɛt
fasong	faːsɔŋ
fast	faʂt
fast	fɑst
fast	fˈast
fastboende	faʂbøːnə
fastbundet	fæʂbʉnːd̥
faste	faːstə
faste	ˈfɑstə
fastelavn	fɑstəlɑʋn̩
fasten	fæʂtn̩
fastende	fɑstənə
faster	fastɛr
faster	ˈfɑːstər
fastere	ˈfɑːstərə
fasteren	fˈastdˈɛn
fasthet	faʂtɛt
fastholde	ˈfɑsthɔlə
fastland	ˈfɑstlɑn
fastlandet	faʂːlɛntə
fasto	faʂtʊ
fastra	fˈastɾa
fastre	fˈastrə
fastrene	fastrənɛ
fastrer	fastrɛr
fastsatt	fæːstɑt
fastsette	fæʂˈʃɛtə
fastsette	ˈfɑstsɛtə
fastsetter	fæʂˈsɛtər
fastslå	faʂːsloː
fastslår	faʂˈʂlɔr
fastslått	faʂːslɔt
fastspent	ˈfɑːstspɛnt
fasttelefon	fæʂtəleːfɔn
fasttelefonen	faʂtɛlɛfɔnən
fat	fart
fat	fɑːt
fatal	fataw
fatal	fɑˈtɑːl
fatal	ˈfɑːtɑːl
fatale	faːtɑːlə
fatalisme	fatːalismi
fatene	vatana
fatene	ˈfɑːtənə
fater	fɑːt�øːr
fatet	fatˈeːt
father	faːtɾ
fatima	faːtɪmɑ
fatle	ˈfɑtlə
fatning	ˈfɑːtnɪŋ
fatningen	ˈfɑːtnɪŋən
fats	fæʈs
fatt	fokːtˀ
fatt	fæʈ
fatta	fˈatːo
fatte	fæ̀tːə
fatte	fˈɑtːə
fatte	ˈfɑtə
fatteevne	ˈfɑtːəɛvnə
fatter	faːtɾ
fatter	fˈatːər
fatter	fˈatːɛr
fatteren	faːtəɳ
fattes	fæːtəs
fattet	ˈfɑtət
fattet	ˈfɑtːə
fattigdom	ˈfɑtɪgdɔm
fattigdommen	ˈfɑtɪgdɔmən
fattige	ˈfɑtɪgə
fattige	ˈfɑtɪə
fattigere	ˈfɑtɪgəɾə
fattigere	ˈfɑtɪɾə
fattigfolk	ˈfɑtɪggɔlk
fattighuset	ˈfɑtɪgʉːs
fattigsligere	ˈfɑtɪʂɭɪɾə
fattigst	ˈfɑtɪkst
fattigste	fˈatːiːkstə
fattigste	ˈfɑtɪkstə
faulkner	foːlknɛr
faun	fæwn
favelaen	faʋæˈlæːn
favn	faʋn
favnen	fæʋn̩
favner	faʋnɛr
favor	fæˈvuːɾ
favorisere	fɑʋʊɾɪˈseːɾə
favoriserer	ˈfɑːvɔɾɪsɛrɛr
favoritt	ˈfɑːvʊrɪt
favoritten	ˈfɑːvɔrɪtən
favorittene	ˈfɑːvɔrɪtənə
favoritter	fɑvoːrɪtːər
favoritter	ˈfɑːvʊrɪtər
favorittfargen	fɑˀfɔrɪtːfargən
favorittfargen	ˈfɑːvʊrɪtˌfɑːɾgn̩
favorittfilm	ˈfɑːvɔrɪtːfɪlm
favorittsangen	ˈfɑːvʊrɪtsɑŋən
favorittsted	ˈfɑːvɔrɪtstɛt
favorittstedet	ˈfɑːvʊrɪtstɛːdət
favør	faːvœɾ
fax	fægs
faye	faɪ̯
fayed	feː
fayeed	faɪːd
fbi-agent	feːˈbɑɪˈægn̩t
fbl-agent	feːbl̥ˈægn̩t
fe	feː
fear	feːr
feather	feːtɾ
feb	feːb
feber	feːbɛr
feber	fɛbɪ̞r
feberen	feːbɛɾən
febrene	fɛbɾene
febrilsk	feːbrɪlsk
febrilsk	fəˈbɾiːlsk
februar	feːbʉɑːr
februar	fəbɾʉˈɑɾ
fedd	fˈɛn
feddene	fˈadmˈɑ̃
federal	feːdɛɾɑːl
federov	feːd̥əɾɔʋ
fedex	feːdɛks
fedme	feːdm̩
fedme	fɛdm
fedme	ˈfɛdmə
fedmeekspert	fɛdmərkspart
fedre	fˈɛdɾa
fedrene	feːɖrənə
fedres	feːdɾɛs
fee	fiː
feebles	feːbl̥s
feed	fiː
feel	feːl
feen	feːn
feene	feːnə
feer	feːr
fehlen	ˈfeːlən
fei	feː
feid	feɪ̯
feide	ˈfæɪdə
feiden	feːdən
feider	feɪ̯d̥ər
feie	fɛj˧˥e˧˥
feier	feːɛ̯r
feiet	feːət
feig	feɪ̯k
feig	fæɪg
feige	feɪ̯gə
feige	fæɪgɪə
feiger	feɪgər
feigere	fæɪgɪɾə
feiget	feɪgət
feighet	feɪɪgət
feiging	feɪɪŋ
feigingen	feɪɪgɪŋən
feigingene	feɪɪŋənə
feiginger	feɪɪŋər
feil	feɪ̯l
feil	fæɪl
feil	fˈaɪl
feilaktig	fajlakt̪j
feilaktig	feɪ̯lɑkːtɪ
feilaktig	fæɪlˈɑktɪ
feilaktige	fæɪlˈɑktɪə
feilaktigere	fæɪlˈɑktɪɾə
feilaktigste	fæɪlˈɑktɪkstə
feilbedømt	feɪlbɛdømt
feilbedømte	feɪlbədømːtə
feile	feːlə
feilen	feːlən
feilene	feɪ̯lənə
feiler	feɪləɾ
feilet	feːlət
feilfri	feɪlfriː
feilfri	ˈfæɪlfɾiː
feilfrie	feɪlfriː
feilfritt	feɪlfɾɪt
feilgrep	feːlgrɛp
feilinformert	feɪlɪnˈfɔrməɾt
feilmargin	feːlmaɾɪŋ
feilplassert	feɪ̯lplɑsɛʈ
feilskjær	feɪlʃçæːr
feilslått	feɪlsɭɔt
feilslått	ˈfæɪlʂɭɔt
feilstavet	feːlstɑvət
feilsteg	feːlstɛg
feiltagelse	feɪltɑːgəlsə
feiltagelse	fæɪltɑːgɛlsə
feiltakelse	feɪltɑkɛlsə
feiltakelser	feɪltɑkəlsɐ
feilte	feɪltə
feiltolket	feɪltɔlket
feiltrinn	feɪlˈtrɪn
feilvurdering	feɪlvʉːɖəɾɪŋ
feilvurderte	feɪlvʉɾdɛ
feira	fˈaɪɾɑː
feire	feːɾə
feire	ˈfæɪɾə
feirer	fajrɛt
feirer	feɪɾɛɾ
feires	fajrɛs
feires	feɪ̯ɾəs
feiret	fajrɛt
feiret	feɪ̯ɾət
feiring	feɪɾɪŋ
feiringen	feɪrɪŋən
feis	feɪs
feit	feɪ̯t
feit	fæɪt
feit	fˈaɪt
feite	feːtə
feiten	feːtən
feitere	feɪ̯təɾə
feitingen	feɪtɪŋən
feks	feːks
fekte	feːktə
fekte	fˈɛktə
fekte	ˈfɛktə
fekting	feːktɪŋ
fel	feːl
fela	feːlə
feldman	feːldman
fele	feːlə
felg	fˈɛlg
felicia	feːlɪsɪa
felipe	feːˈlɪpə
fell	feːɭ
fella	feːɭɑ
felle	feːlə
felle	ˈfɛlə
fellen	feːlən
fellende	feːləndə
fellene	feːləneː
feller	feːɭɛr
felles	feːls
felles	ˈfɛləs
fellesskapet	ˈfɛlɛʃkɛp̜
fellesstart	fˈɛllɛstˌaɾt
fellestrekk	feːləstɾɛkː
fellow	feːloː
fellowes	feːlɔʃ
felt	feːlt
felt	fɛlt
felt	fˈalt
feltarbeid	feːltɑːrbæɪ̯
felten	feːltn̩
feltene	feːltn̩
felter	fæltɪ̞r
feltet	feːltət
feltmarskalk	feːltmɑrʃɑlk
feltmarskalken	feːltmɑrʃɑlkn̩
feltsengen	fˈɛltsæŋən
feltsenger	fəltsæŋiɾ
feltsykehus	feːltˈsyːkʰʉs
feltsykehus	fæltsiːkiːnˀ˩ːs
felttog	feːltɔg
felttoget	feːltɔgət
feltz	feːɭs
fem	feːm
fem	fɛm
fem-seks	feːmsɛks
fema	feːma
femdoble	femɾobla
femi	feːmiː
feminin	feminin
feminin	feːmiˈniːn
feminine	ˈfɛmɪnɪn
feminisme	sɛmɪnɪsmɛ
feminister	ˈfɛːmɪnɪstər
femmer	feːmːər
femmere	feːməɾə
femmeren	feːmːərən
femmila	semmila
femstjerners	feːmstjɛːnɛʂ
femte	feːmtə
femten	feːmtən
femten	fɛmtən
femtende	feːmtɛndə
femteplass	feːmtəplɑsː
femti	feːmtɪ
femti	ˈfɛmti
femtiden	feːmtiːdən
femåring	feːmɔːɾɪŋ
fen	feːn
fender	feːn̩d̥ɛr
feng	feŋ
fengende	feŋːənə
fengsei	feŋʃæɪ
fengsel	feŋːsəl
fengsel	ˈfɛŋʂəl
fengselet	feŋsɛlət
fengselets	feŋsəlɛts
fengselsbetjent	feŋsl̥sbɛçtʃɛnt
fengselsdirektør	feŋsəlsdiɾɛktøːɾ
fengselsdirektøren	feŋsɛlsdiɾɛktøːɾən
fengselsfugl	feŋsl̥sfʉɭ
fengselsstraff	feŋsl̥sstraːf
fengselssystemet	feŋsəlsystːemː
fengselsvesenet	feŋsəlsvɛsɛn
fengsle	feŋʃlə
fengsle	ˈfɛŋʂɭə
fengslende	feŋslɛndə
fengslende	fˈɛŋʃlˌeːnə
fengslene	feŋsleːnə
fengsler	feŋslɛr
fengsler	fɛŋʃlɪ
fengslet	feŋsl̥t
fengsling	feŋʃlɪŋ
fengslingen	feŋʃlɪŋə
fennikel	fenˈigil
fennikel	ˈfænɪkəl
fennikler	fˈɛnɪklˌeːr
fenomen	fanumɛn
fenomen	feːnʊmɛn
fenomenal	feːnʊmɛnɑːl
fenomenal	fɛnʊməˈnɑːl
fenomenalt	ˈfenoːmɛnɑlt
fenomener	ˈfɛːnʊmənər
fenrik	feːnɾɪk
fenster	fenstɛr
fenton	feːtn̩
fenwick	feːnvɪk
feraud	feːɾɑʊ̯d
ferd	fauːrð
ferd	feːɖ
ferden	fˈaɾɨdɨŋ
ferdene	farɛtnɐ
ferder	færdø̞r
ferdes	ˈfæɖəs
ferdes	ˈfɛ̀ɾdəs
ferdighet	fərðiːhˈit
ferdigkokt	fæːɖɪkʊkt
ferdigmat	fæːrliːmɑːt
ferdigmat	ˈfɛɾdɪmɑt
ferdigste	ˈfæːɖɪkstə
ferdinand	ˈfɛrdiˌnɑːt
ferengi	ˈfɛrɛŋi
ferengiene	ˈfɛːrɛŋɪənə
ferengierne	ˈfɛrɛŋjɪɳə
ferenginar	ˈfɛrɛŋɪnɑːr
ferga	feːɾgɑ
ferge	feːɾgə
ferge	ˈfæɾjə
fergemannen	ˈfɛɾgəmanːən
fergen	feːɾgən
fergen	frɛgin
ferger	feɾgər
ferger	feɾjɟi
fergetur	färgətˈʉr
fergus	feːɾgʉs
ferguson	ˈfɛrgʉsn̩
fergusons	ˈfɛrgʉns
ferie	feɾe
ferieavløser	fɛːrjeːˈɑːvløːsər
feriedager	ˈfɛːɾɪɑːgɛɾ
ferien	ˈfɛːrɪən
feriepengar	fæˈrɛpæ̝ːŋɑːr
feriepenger	fˈeːrəpˈɛŋər
ferier	feˈɾeɾ
feriested	ˈfɛːrɪəstɛt
ferja	feːɾjɑ
ferje	feːɾjə
ferje	fæɾjə
ferjene	farjænæ
ferjer	farje
fernando	ˈfɛrnɑːdoː
feromoner	ˈfɛːɾumʊnəɾ
feron	feːɾɔn
ferragamo	ˈfɛrːɑːmoʊ
ferrara	feːɾɑː
ferrari	feːraːriː
ferrarien	ˈfɛrɑːrɪən
ferrars	feːɾɑʂ
ferren	feːɾːən
ferrie	feʁiː
ferris	ˈfɛrɪs
ferry	ˈfɛrɪ
fersk	feʂk
fersk	fæʂk
ferska	feʂkɑ
ferske	feʂkə
fersken	feʂkən
fersken	ˈfæʂkən
ferskener	feʂkənɛr
ferskener	fær̝sk̟ɪnɛ
ferskere	fasʃkɛɾa
fersket	feʂkɛt
fersking	feʂkɪŋ
ferskingen	feʂkɪŋən
ferskinger	feʂkɪŋɛr
ferskt	feʂkt
ferskvann	ˈfɛʂkʋɑn
ferten	feːɾtən
fes	fˈeʃ
festa	feːs̪tɑ
feste	feːstə
feste	fɛstˈe
feste	ˈfɛstə
festen	ˈfɛstən
festene	feːstənə
fester	feːstər
festes	feːstəs
festet	fæʃt
festet	fˈɛstət
festing	feːstɪŋ
festival	fɛstɪˈʋɑːl
festival	fˌɛstival
festivalen	ˈfɛstɪvaln̩
festlig	feːʂliː
festlig	ˈfɛstlɪ
festlige	ˈfɛstlɪə
festligere	ˈfɛstlɪɾə
festlighetene	fæstlɪɣətnə
festligheter	feːstliːgheːtɑr
festligst	ˈfɛstlɪkst
festligste	ˈfɛstlɪkstə
festmåltid	fæstˈmɔltiː
festning	fæʂtnɪŋ
festning	fɛstnɪŋ
festningen	fˈɛstnɪŋən
festningene	festnˈiŋine
festsal	fɪftsal
fet	feːt
fetaost	fʲatɑːlost
fete	feːtə
fetisj	feːtɪʃ
fett	fét̪
fett	fɛt
fetter	ˈfɛtːər
fettere	ˈfɛtəɾə
fetteren	ˈfɛtːəɳ
fettern	fɛtæɳ
fetterne	ˈfɛtːɛɳə
fettet	fˈɛtːa
fettete	ˈfɛtːə
fettsuging	feːtsyːgɪŋ
fever	feːvɛr
fez	feːs
fi	fiː
fiagget	fiɑgːət
fiasko	fiasko
fiaskoen	fiɑskuːn
fiaskoer	ˈfiaskøɾ
fiat	fiɑːt
fiberkabel	fiːbɪrˈkɑːbɪl
fibre	fiːbrə
fiction	ˈfɪkʃʊn
fido	fiːd̥o̞
fie	fiː
fiende	fiːndə
fiendeland	fiːnəland
fiendene	fiːnd̥ənə
fienders	fiːnɑ̀ɳɑ̀ʂ
fiendskap	fīɛ̯nʃkɑːp
fiendtlig	fiːntlɪ
fiendtlig	ˈfiːəntlɪ
fiendtlige	fiːntlɪgə
fiendtlige	ˈfiːəntlɪə
fiendtligere	ˈfiːəntlɪɾə
fiendtlighet	fˈɪntlˈiːghˈt
fiendtligste	ˈfiːəntlɪkstə
fieste	fiːstɛ
fiffige	ˈfɪfɪə
fiffigere	ˈfɪfɪɾə
fiffigst	ˈfɪfɪkst
fiffigste	ˈfɪfɪkstə
fifi	fiːfi
figaro	figɑro
fight	faɪ̯t
fighter	fiːgɛɾ
fighting	faɪ̯ŋtɪŋ
figueroa	figʉˈɾɔ
figur	fɪgˈuɾ
figur	ˈfɪgʉɾ
figuren	ˈfɪgʉːɳ
figurene	ˈfɪgʉɾənə
figurer	ˈfɪgʉːr
fiikk	fiːk
fiimen	fiːmən
fiinne	fiːnːə
fiji	fiːj
fik	fiːk
fike	fiːkə
fiken	fiːkən
fiken	piːkæn
fiken	ˈfiːkən
fikener	fˈiːknər
fiker	fiːkɛr
fiket	fiːkət
fikkjeg	fɪkɪg
fikle	fiːklə
fikler	fiːklɛr
fiklet	fiːkɭət
fiks	fɪks
fiksa	fiːkʂɑ
fikser	fiksˈe
fikser	ˈfɪksər
fiksert	ˈfɪkʂər
fikses	ɟɪkˈsɛs
fikset	fiːkˈsɛt
fiksjon	ˈfɪkʂuːn
fiktiv	ˈfɪktɪʋ
fiktive	ˈfɪktɪvə
fil	fil
fil	fˈil
fila	filɑ
filantrop	filɑnˈtrɔp
fildeling	fildˈɛlˈɛŋ
filen	filən
filene	filːnə
filer	filɛr
filet	filɛt
filialen	fiːliːɑːlən
filii	fiːliː
filip	filɪp
filippinene	filɪpɪnənə
filippinsk	filɪpɪnsk
filippinske	filɪpɪnskə
filippo	filɪpːʊ
filla	filːɑ
fille	filːə
fille	ˈfɪlə
fillebiter	filːbɪtɛr
filleliv	filːɛlɪv
fillene	filːə
filler	filːɾ̥
fillern	filːɛɳ
fillete	filːtə
fillete	ˈfɪlətə
filleting	filːtɪŋ
fillory	filɔɾɪ
film	film
film	fɪlm
filmanmeldelse	fˈɪlmanmˈɛdəlsə
filme	filmɛ
filme	ˈfɪlmə
filmen	filmən
filmene	filmənə
filmens	filməns
filmens	fˈɪlməns
filmer	filmɛr
filmes	filməs
filmet	filmət
filmfestival	filmfɛstɪval
filmfestivalen	filːmfɛstɪvaˑlɛn
filmfølsomhet	ˈfɪlmfœlsɔmheːt
filming	filmɪŋ
filmingen	filmɪŋən
filmmaker	fɪlmmakːiːr
filmselskap	filmˈsɛlskɑp
filmskaper	filmskaːpər
filmskolen	filmskɔlən
filmskuespiller	ˈfɪlmskʉːəspɪləɾ
filmstjerne	filmstjɛːnə
filmstjernen	filmstjɛːɳ
filmstjerner	filmstjɛnər
filmtekniker	ˈfɪlmtɛknɪkəɾ
filmteknikker	ˈfɪlmtɛknɪkəɾ
filmtekst	filmˈtɛkst
filosof	filɔsɔf
filosofi	filuˈsoːfi
filosofisk	filuˈʃoːfɪsk
filosofiske	ˈfɪləʊsɪskə
filt	filːt
filteraktig	ˈfɪltəɾɑktɪ
filteret	filˈtɛːɾət
filtrat	fɪlˈtɾɑːt
filtre	filtrə
filtrene	filtr̥ənə
filtrere	filtrəɾə
filtrerer	filtrəɾəɾ
fin	fiːn
final	fiːnal
finale	fiːnɑːlə
finalen	fiːˈnɑːlən
finalist	fiːnɑːlɪst
finalistene	fiːnalɪstənə
finalistisk	finalistˈɪsk
financial	fiːnɑːnsiɑːl
finans	finɑns
finansdepartementet	ˈfɪnɑnsdepɑɾˌmɛntɑɾ
finansene	fiːnɑnsn̩
finanser	fɪnɑnsɛr
finansiell	finɑnˈʃiɛl
finansielle	fiːnɑnˈsiːlə
finansielt	fiˈnɑnsiːlt
finansiere	fɪnɑnsɪˈeːɾə
finansiere	ˈfɪnɑnsiɛɾə
finansierer	ˈfɪnɑnsiɛr
finansieres	fiːnɑnsɪɛːɾɛ
finansiering	fiːnɑnsɪɛɾɪŋ
finansieringen	ˈfiːnɑnsiəɾɪŋə
finansiert	fiːnɑnsɪːɾt
finanskrisen	ˈfiːnɑnˌskriːsən
finansmann	finɑnsman
finansministeren	fiˈnɑnsminɪstɛːɾən
finanstilsynet	fiːnɑnstɪlˈsyːn
finch	fiːnʃ
fine	fina
fine	fiːnə
fineman	fiːnəman
finere	fiːnəɾə
finest	fiːnɛst
fineste	fiːnɛst
finfint	fiːnːfɪnt
finger	ˈfɪŋəɾ
fingeravtrykk	fɪŋgərɑːvtrʏk
fingeravtrykkene	fɪŋgɛɾɑːvtrɪkːə
fingeravtrykket	ˈfɪŋːərɑːvtrʏkːə
fingere	fiŋgəɾə
fingeren	fɪŋgərən
fingermøll	fˈɪŋrmˈœll
fingerneglene	ˈfɪŋnəgnələ
fingerpute	fˈɪŋɪlpuːtə
fingers	fɪŋːɐs
fingert	fɪŋgəɾt
fingerte	ˈfɪŋgəɾtə
fingra	fɪŋgɾɑ
fingre	fɪŋːrɛ
fingre	ˈfɪŋɾə
fingrene	fɪŋgrənə
fingrer	fɪŋgɾɛɾ
fingret	fiŋgɾət
fini	fiːni
finish	ˈfɪnɪʂ
finkelman	ˈfɪŋkəlman
finkjemme	finkjɛmmə
finkjemmer	fiŋˈçæmːər
finkjemmet	ˈfɪŋkjɛmət
finland	fiːnlant
finlands	fiːnɭ̥s
finley	fiːnleː
finn	fiːn
finn	fˈɪl
finne	finːə
finne	ˈfɪnə
finnegan	ˈfɪnːəgɑn
finnen	finːn̩
finnene	finːənə
finner	finːɛr
finner	ˈfɪnəɾ
finneren	finːɛrɛn
finnerjeg	finɛrjɛg
finnes	finːs
finnes	fɪnəs
finnes	ˈfɪnəs
finney	fiːnɪ
finnick	finɪk
finnmark	finmark
finns	fin̥s
finnsnes	fˈɛnsnˈɛs
finpusse	fiːnpʉsːə
fins	fiːns
fins	fɪns
finsk	fɪnsk
finsk	fɪnʃ
finske	finskə
finstasen	fɪnstaːsən
fint	fint
fint	fiːnt
finte	fintə
finte	fintˌɛ
finter	fin̩tɛr
finurlig	fiːnʉɭiː
fiol	fiɔl
fioler	fiɔlɛɾ
fiolett	fiɔlɛt
fiolett	fɪɔˈlɛt
fiolette	fiɔlɛtə
fiolin	fiolin
fiolin	fiuːlɪn
fiolinen	fiɔlˈɪn
fiolinen	ˈfiːlɪnən
fiolinist	fiolinist
fiolinist	fɪʊlɪˈnɪst
fiona	fiːɔn
fionas	fiɔnɑs
fiott	fiɔt
fir	fiːr
fire	fiːɾə
firenze	fiːɾɛnə
firer	fiːr
fireren	ˈfiːrən
fireåring	fiːɾæɾɪŋ
firkant	fiɾkɑnt
firkanta	ˈfɪɾkɑntɑ
firkanten	ˈfɪrkɑntn̩
firkanter	ˈfɪ̀ːkɑ̀n̩tər
firkantet	ˈfɪrkɑntət
firkantet	ˈfɪɾkɑntɑ
firma	fɪɾmɑ
firma	ljɯɾma
firma	ˈfɪɾmɑ
firmabil	fɪɾmɑbɪl
firmaene	fɪrˈmana
firmaene	fɪɾmɑːnə
firmaer	fiːrmɑːr
firmaer	ˈfɪɾmɑːɾ
firmaet	fɪɾmɑː
firmaets	fɪɾmɑːɛts
fis	fiːs
fis	fˈis
fischer	ˈfɪʃər
fise	fiːsə
fisefin	fiːsɛ̀ɪ̯n
fiser	fiːsər
fiser	fiːsˈɛr
fish	fɪʂ
fisher	ˈfɪʃər
fishman	fɪʃman
fisk	fɪsk
fisk	fɪʂk
fiske	fiʃkə
fiske	ˈfɪskə
fiskebein	fɪskəbeɪn
fiskebein	fɪskəbæɪn
fiskebruket	ˈfɪskəbrʉkət
fiskebåt	ˈfɪskəˌbɔːt
fiskehandel	fɪskəhɑnəl
fiskehavn	fɪskəhɑʋn̩
fiskekort	fɪskəkʊʈ
fiskemat	fɪskəˈmɑːt
fisken	fɪskn̩
fiskene	fɪsknə
fisker	fɪʃər
fiskere	fɪskəɾə
fiskeren	fɪskəɳ
fiskerne	fɪskɛɳə
fiskestang	fɪskəstɑŋ
fiskesuppe	fiskˈɛsˈɵpə
fiskesuppe	ˈfɪskəsʉpə
fisket	fɪskət
fisketur	fɪskəˈtʉːr
fisketuren	ˈfɪskətʉːɳ
fiskevær	fɪskəʋæːɾ
fisking	fɪʃkɪŋ
fiskingen	fɪskɪŋən
fist	fɪst
fiste	fˈiːst
fistel	fˈɪstə
fit	fiːt
fit	fɪt
fitch	ftʃ
fitjar	fikˈar
fitnessenter	ˈfɪtnɛsɛntəɾ
fitta	ftɪtɑ
fitte	ftɪtə
fitte	fˈɪtːa
fittene	ftɪtːə
fitter	ˈfɪtːər
fittetryne	ˈfɪtːəˌtrynə
fitz	fts
fitzie	ftsɪ
five	fiːʋ
fix	fɪks
fiyet	fiːet
fiytte	fiːtːə
fiyttet	fiːtː
fjell	fjæl
fjella	fjˈɛlla
fjellbekk	fjˈɛlbɛk
fjellene	feʎːə
fjellets	ˈfjɛlləʈ
fjellklatrer	fjˈɛlklˈatrər
fjellklatring	fjɛlklɑtɾɪŋ
fjellklatring	fjˈɛlklˈatrɪŋ
fjellklatring	fl̥ɛkl̥ɑːtɾɪŋ
fjellknaus	fjˈɛlknˈʉs
fjellmassiv	fjˈɛlmasˈiv
fjelltopp	fjæltɔp
fjellvegg	fjælʋæg
fjern	fjˈɑːn
fjern	fçæːɳ
fjerne	feːɳə
fjerne	ˈfjæɳə
fjernere	gɛːɳəɾə
fjernes	gjæɳɛs
fjerneste	feːrn̥əsteː
fjernet	feːrn̥ət
fjernet	fiʝaɾnɛt
fjernkontrollen	ˈfjɛ̂ːɳkɔntɾulən
fjernsyn	gjæɳsʏn
fjernsynsrom	fjæːɳsyːnsɾʊm
fjernt	fjant
fjes	feːs
fjesene	feːsəne
fjeset	feːsɛt
fjollete	ɸjɔlətə
fjollete	ˈfjɔlətə
fjols	foːls
fjolset	ɸɔlsɛt
fjonge	ɸjɔŋə
fjord	fjuɾ
fjord	fjuːɾ
fjorten	fjʊʈən
fjortende	ˈfjɔ̀ːrtn̩d̥ə
fjortisene	fjutːɪ̞sˌnɛ
fjorår	fjuɾoɾ
fjære	ˈfjæːɾə
fjør	fjuːɾ
fjøset	fjøsɛt
flaca	flɑːkɑ
flaco	flɑːkuː
flag	flɑg
flagg	flɑg
flagge	ˈflɑgə
flaggene	flɑgn̩
flaggermus	flɑgəmuːs
flaggermusa	flɑgəɾmʉːsɑ
flaggermusen	flɑgəɾmʉːsn̩
flaggermusene	flɑgəˈmʉːsənə
flagget	flɑgːət
flaggkvartermester	flɑgkʋɑɾtəˈmɛstəɾ
flaggskip	flɑgːʂkɪp
flaggstangen	flɑgstɑŋn̩
flagre	ˈflɑgɾə
flagrer	flɑgɾər
flagstaff	flɑːgstɑf
flaherty	flɑːhɛɾti
flak	flɑːk
flakke	flˈakːa
flakke	ˈflɑkə
flaks	flɑks
flakse	flɑksə
flakse	ˈflɑksə
flaksen	flɑksən
flaksen	flˈɑːksən
flakser	flɑkʂər
flamingo	flæmɪŋo
flamme	flɑmːə
flamme	ˈflɑmə
flammekasteren	flɑmːkɑstərən
flammen	flɑmːən
flammende	flɑmːənə
flammene	flɑmːənə
flammer	flɑmːər
flamsk	flɑmsk
flanagan	flɑːnɑːgɑːn
flanke	flɑŋkə
flanken	flɑŋkən
flankene	flɑŋkənə
flanker	flæŋkər
flaps	flɑps
flash	flɑʂ
flashback	flɑʂbɑk
flashpoint	flɑʂpɔɪnt
flaska	flɑskɑ
flaske	flɑskə
flaske	ˈflɑskə
flasken	flɑʂkən
flaskene	flɑʃkənə
flaskevann	flɑskəvɑn
flaskeåpner	flɑskəoːpnəɾ
flass	flɑs
flasse	ˈflɑsə
flat	flɑːt
flatbush	flɑːtˈbʉʃ
flate	flɑːtə
flate	flˈɑːtə
flate	ˈflɑːtə
flater	flɑːtər
flatlandet	flɑːtˈlæ̂nːd̥
flatlus	flɑtlʉs
flats	flɑts
flatskjerm	flɑtsçæɾm
flatt	flɑt
flatterende	flɑtəɾɛndə
flatterende	flɑˈteːɾənə
flau	flæʉ
flau	flɔː
flaue	flɔʉ̯
flaut	flɑʉt
flavius	flɑːviʊs
flay	flɛɪ
flea	flɛː
fleece	flˈeːs
flein	flaɪn
fleina	flˈaɪnɜ
fleine	flajnɛ
fleinen	flajnə
fleinene	flajnɛnə
fleinet	flajnɛ
fleip	flæɪp
fleipe	flæɪpə
fleipe	ˈflæɪpə
fleiper	flajtpɛ
fleiper	flæɪpər
fleipet	flæɪpət
fleipet	flˈaɪpət
fleisen	flæɪ̯sən
flekk	flɛk
flekk	flˈɛk
flekken	flɛkkn̩
flekkene	flɛkːənə
flekker	flɛkər
flekkerøy	flˈɛkːrˌøːj
flekkete	flɛkːətə
flekkete	flˈɛkətə
fleksibel	flɛksɪbəl
fleksibilitet	flɛksibɪletɛt
fleksible	flɛkˈsɪblə
fleming	flæmɪŋ
flemming	flæmɪŋ
fleng	flɛŋ
flenge	flɛŋə
flenge	ˈflɛŋə
flenger	flɛŋər
fler	flæɾ
flere	flɛːrɛ
flere	flˈɛra
flerret	flɛrɛt
flertall	flɛɾtɑlː
flertallet	flɛɾtɑlət
flesh	flɛʂ
flesk	flɛsk
flesket	flɛskət
flesket	flˈɛskə
flest	flɛst
flest	flˈɛst
fleste	fl̥ɛstə
flesteparten	flɛstəpɑːɾtn̩
fletch	flɛtʃ
fletcher	flɛçtər
flett	flɛt
flette	flɛtə
flette	flˈɛtːə
flette	ˈflɛtə
flettene	flɛtːn̩
fletter	flɛtər
flettet	flɛtː
fleur	fløːr
flicka	flɪkka
flid	flɪːd
flidd	flɪd
flik	flɪk
flik	flˈiːk
flikke	ˈflɪkə
flimre	ˈflɪmɾə
flink	flɪŋk
flinke	flɪŋkə
flinkere	flɪŋkəɾə
flinkere	frɪŋkɾˈa
flinkest	flɪŋkɛst
flinkest	plinkɛst
flinkeste	flɪŋkəsteː
flint	flɪnt
flints	flɪnts
flintskalla	ˈflɪntskɑlət
flintskallet	ˈflɪntskɑlət
flip	flɪp
flipp	flɪp
flippe	flɪpːə
flipper	flɪpːər
flipperspill	flɪpɾɑspɪl
flippet	flɪpːət
flir	flɪɾ
flirer	flɪːɾə
flis	flɪs
flis	flˈiːs
flisene	flɪsənə
fliser	fliːsak
fliser	flɪsər
flittig	flɪtɪg
flittige	flɪtːɪgə
flittige	ˈflɪtɪə
flittigere	ˈflɪtɪɾə
flittigst	ˈflɪtɪkst
flittigste	ˈflɪtɪkstə
flo	fl̥oː
flodbølge	flɔdbø̀ljə
floden	flɔdən
flodhest	flɔhɛst
flodhesten	flɔːhɛstən
flodhester	flɔdˈhɛstə
floke	fl̥ɔkə
floke	ˈfluːkə
floki	flɔki
flokk	flɔk
flokk	flˈokk
flokke	ˈflɔkə
flokken	flɔkən
flokken	flˈoːkːan
flokkene	flɔkːənə
flokkens	flɔkŋ̍s
flokker	flɔkər
flokker	flˈokːar
flokket	flɔkət
flom	flɔm
flom	flˈɔm
flomme	flɔmə
flomme	ˈflɔmə
flommen	flɔmːn̩
flommer	flɔmːər
flommer	flˈommer
flommet	flɔmət
flopp	flɔp
flor	flɔːr
florence	flɔːrɛns
florere	flʊˈɾeːɾə
florerer	fluːɾəɾ
flores	fluːɾəs
florian	fluːɾi̯ɑn
flosshatt	flɔʃɑt
flott	flɔt
flotte	flɔtə
flottere	flɔtə
flotteste	flɔtːə
flower	fluːɾ
floyd	flɔɪ
flua	fluː
flue	fluː
flue	flʉːə
fluefiske	fluːfɪskə
fluen	fluːən
fluene	fluːnə
fluenes	fluːnəs
fluer	fluːɾ
fluffy	flʉfɪ
flukt	flʉkt
fluktbil	flʉktbɪl
flukten	fluːktən
fluktforsøk	fluːktfɔʂøːk
fluktplan	flʉktplan
fluktrute	flʉkˈtrʉːtə
fluktvei	fluːktʋæɪ
flush	flʉʂ
flust	fluːʂt
fly	fli˥˩
flyangrep	flʏɑŋrɛp
flybase	flʏbɑːsə
flybasen	flʏbɑːsən
flybillett	flʏbɪlət
flybilletten	flʏbɪlɛtːn̩
flybillettene	flʏbɪlɛtːn̩
flybilletter	flʏbɪlɛtɐ
flybombe	friːbumba
flybårne	flʏbɔːrnə
flydd	flʏd
flyene	flʏːnə
flyet	fliːre
flyet	fluːɛt
flyets	fluːɛts
flyforbud	flʏfɔɾbʉːd
flyge	flyːgə
flygeblad	fluːgəblɑːd
flygebladene	fluːgəblɑːdənə
flygeblader	fluːgəˈblɑːdər
flygebladet	flʏgəˈblɑːdət
flygel	flɪgɪl
flygende	flʏŋd̥ə
flyger	flʏgə
flyger	flˈyːgər
flyger	ˈflyːgəɾ
flygere	flʏg̊ɛrɛ
flygeren	flʏgəɾən
flygerne	flʏgəɳə
flygerne	flˈyːgarna
flygingen	flʏgɪŋən
flygningen	fluːgnɪŋən
flykrasj	fluːkrɑːʂ
flykt	flʏkt
flykt	fˈlykt
flykte	flʏktə
flykte	ˈflʏktə
flykter	flʏktəɾ
flyktet	flʏktɛ
flyktig	flʏktɪ
flyktig	ˈflʏktɪ
flyktige	flʏçtiːgə
flyktige	ˈflʏktɪə
flyktigere	ˈflʏktɪɾə
flyktigste	ˈflʏktɪkstə
flyktning	flʏktnɪŋ
flyktning	ˈflʏktnɪŋ
flyktningene	flʏktnɪŋɛnɛ
flyktninger	flʏktnɪgə
flyktningleir	flʏktnɪŋlæɪ̯r
flymaskin	fluːmɑskɪn
flyndrene	flˈyndrənə
flynns	flʏns
flypass	fliːβˈɛs
flyplass	fluːplɑsː
flyplassavgift	ˈflyːplɑsɑʋjɪft
flyplassen	flʏplɑsːn̩
flyplasser	fluːplɑsːər
flyr	flʏr
flyreisen	flʏɾæɪ̯sən
flys	flʏs
flyselskap	flʏsɛlʃkɑp
flyselskap	flˈyːsəlskap
flyselskap	ˈflyːsɛlskɑːp
flyselskapene	flyːsəlʃɑːpə
flyselskapet	flʏsɛlskæpɪt
flyskrekk	fluːʂkrɛkː
flysoldat	flʏsɔldɑt
flystripe	flʏsˈtrɪpə
flystripen	flʏsˈtrɪːpən
flystyrt	flʏstʏɾt
flystyrten	flʏstʏʁtən
flystøtte	flʏstœtːə
flyt	flʏt
flyte	flʏːtə
flyte	ˈflyːtə
flyten	flʏːtən
flytende	flyːtənə
flytende	flʏtɛnːə
flyter	flʏtər
flytid	flʏtɪt
flytt	flyːt
flytta	flʏtːɑ
flytte	flʏtːə
flytte	ˈflʏtə
flyttebil	fluːtəbiːl
flyttebilen	flʏtəbiːlən
flyttebyrå	flʏtəbyːɾɑ
flyttefolkene	flʏtːəfoːkə
flytter	flʏtːər
flyttes	flʏtːs
flyttes	flˈʏtːəs
flyttet	fluːtə
flytting	flʏtɪŋ
flytting	flˈɪtːɪŋ
flyttingen	flʏtːɪŋən
flytur	flʏtʉːr
flyturen	fluːtʉːɾən
flyulykke	fluːlykːə
flyvende	flʏʋɛndə
flyver	flʏvər
flyvert	flˈyːvart
flyvert	ˈflyːʋæʈ
flyvertinne	flʏːʋɛɾtɪnːə
flyvertinne	ˈflyːʋæʈɪnə
flyvertinnen	flʏʋɛɾtɪnːən
flyving	flʏʋɪŋ
flyvning	flʏvnɪŋ
flyvningen	flʏvnɪŋ
flyvningen	flˈyːvnɪŋən
flyvåpen	flʏvɔpɛn
flyvåpenbase	flʏvɔːpənbɑːs
flyvåpenet	fluːvɔːpənət
flå	floː
flå	flɔː
flådde	flɔːd̥ə
flådde	ˈflɔdə
flår	flɔːr
flåte	flɔːtə
flåte	flˈoːtə
flåten	flɔːtən
flåtene	flɔːtənə
flåtens	flɔtəns
flåter	flɔːtər
flørt	flœɾt
flørte	flœɾtə
flørte	ˈfløːʈə
flørten	flœɾtən
flørtene	fˈøːrtnˈɛ
flørter	flœʈər
flørtet	flœɾtə
flørtete	flœɾtə
flørting	flœɾtɪŋ
flørtingen	flœɾtɪŋən
fløt	fløːt
fløte	fløːtə
fløte	ˈfløːtə
fløten	fløːtən
fløten	fløːtːen
fløtt	flœt
fløy	flœj
fløyel	fløːjəl
fløyel	ˈflœjəl
fløyen	fløːən
fløyet	fløːjət
fløyta	flˈœjta
fløyte	fløːʏtə
fløyte	ˈflœjtə
fløyten	flœʏtən
fløytene	flˈœjtanə
fløyter	flœʏ̯tɛr
fm	ɛm
fn	fn̥
fn-bygningen	fn̥bygnɪŋən
fnise	fnɪsə
fniser	fnɪsər
fnugga	fnygˈa
fnyse	fnisˈa
fnyse	ˈfnyːsə
fnyser	fnʏsər
fo	foː
foajeen	foːɑjɛn
fobi	foːbɪ
focker	fogə
fodt	foːt
fogarty	foːgɑɾtiː
fogd	fogd
fogell	foːgəl
fogg	foːg
foggy	fogi
foie	foːɪ
foiey	foj
foik	foɪk
foikens	foɪkəns
foix	foɪkʂ
fokus	fɔkʉs
fokuser	fʊkʉsɛr
fokusere	ˈfɔkʉsəɾə
fokuserer	fɔkʉˈʃeːɾ
fokusert	fɔkʉsæɾt
fokuserte	ˈfɔʊ̯kʉʂəɾtə
fokuset	ˈfɔkʉst
fokusgruppe	fɔkʉsgɾʉpə
fokusér	fɔkʉsɛːr
fold	foːɭ
folde	foːɭd̥ə
folder	foːldər
foldet	foːɭdət
fole	foːlə
fole	kula
foler	foːlɛr
foles	foːləs
folge	foːɫgə
folger	foːɭər
folk	foːɭk
folk	fɔlk
folk	fˈɔlk
folka	foːɭkɑ
folke	foːɭkə
folkedans	foːɭkəˈdɑːns
folkehav	fɔlkəħav
folkehavene	fˈɔlkəhavənə
folkekjær	ˈfɔlkəçæːɾ
folkelig	ˈfɔlkəlɪ
folkelige	ˈfɔlkəlɪə
folkeligere	ˈfɔlkəlɪɾə
folkeligste	ˈfɔlkəlɪkstə
folkemassen	foːɭkəˈmɑsːn̩
folkemengde	foːlˈkæmɛŋə
folkemengden	foːlˈkæmɛŋdən
folkemengder	foːɭkəmeŋgɑɾ
folkemusikk	fɔlkəmʉˈsɪk
folkene	folkənə
folkens	folkəns
folkerett	folkarət
folkeskikk	foːlkeʃɪk
folkeslag	foːɭkəˈslɑg
folket	foːɭkət
folketinget	foːlkeˈtiŋː
folkets	folkɛts
folkevalgt	foːɭkəɑ̀lxt
folkevalgte	foːɭkəɑ̀ɭtçə
folklore	fɔlkloːɾ
folkloreaften	fɔlkˈloːɾɑftən
folks	foːɭs
folksom	ˈfɔlksɔm
folksomt	foːlksɔmt
folsom	foːlsɔm
folte	foːltə
fon	foːn
fond	fɔn
fonda	foːn̥d̥ɑ
fondue	ˈfɔ̀ndøʊ̯
fondy	fɔndˈy
fong	foŋ
font	foːnt
font	fˈɔnt
fontaine	foːntɑːjnə
fontene	ɸɔntənə
fontenen	fɔntn̩
foofie	fuːfɪ
foot	fuːt
footit	fuːtɪt
for	foːr
for	fɔ
for	fɔɾ
for	fɔˈ
forakt	foːɾɑkt
forakte	foːɾɑktə
forakte	fɔɾˈɑktɛ
forakte	fɔˈɾɑktə
foraktelig	foːɾɑːktəlɪ
foraktelig	fɔˈɾɑktəlɪ
foraktelige	fɔˈɾɑktəlɪə
forakteligere	fɔˈɾɑktəlɪɾə
forakteligst	fɔˈɾɑktəlɪkst
forakter	foːɾɑkˈtɛr
foraktet	foːɾɑktət
foran	foɾan
foran	foːɾɑn
foran	ˈfɔɾɑn
forandra	foːˈɾɑndɾɑ
forandre	fɔˈɾɑndɾə
forandrer	foːɾɑndɾɛː
forandres	ˈfɔːrɑndrəs
forandring	foːɾɑnːɪŋ
forandring	fɔˈɾɑndɾɪŋ
forandringene	ˈfɔːrɑnɖɪŋə
forandringens	ˈfɔːrɑnɖiŋəns
forandringer	ˈfɔːrɑndɪŋər
forankret	foːɾɑŋkɾet
forarge	fɔˈɾɑɾgə
forarget	foːɾɑɾɛt
forarget	fɔrˈɑrgɪt
forbandt	foɾˈbant
forbanna	foɾˈbɑnːə
forbanna	fɔɾˈbɑnət
forbanne	foɾˈbɑnːə
forbanne	fɔɾˈbɑnə
forbanne	fɔˈbɑnə
forbannede	foɾbɑnːə
forbanneisen	foːɾbɑnəiːsn̩
forbannelse	ˈfɔ̀ːɾbɑnːɛsə
forbannelsen	foɾbɑnəlsən
forbanner	foːrbanɛr
forbannet	fɔɾˈbɑnət
forbannet	ˈfɔ̀ːbɑnːət
forbannete	foɾbɑnːtə
forbarme	foɾbɑɾmɛ
forbarme	fɔɾˈbɑɾmə
forbaska	foɾbɑska
forbaskede	foɾbɑskɛːdə
forbaskete	foɾbɑskɛtə
forbause	foɾbɑʉsə
forbause	fɔɾˈbæʉsə
forbauselse	foɾbɑʉ̯ːslə
forbauselse	fɔɾˈbæʉsəlsə
forbausende	foɾˈbɑʉ̯sn̩d̥ə
forbauser	foɾˈbɑʉ̯sər
forbauser	kɔrpæusɪ̞r
forbauset	foɾbæʏsɪt
forbauset	foɾbɑʉsɛt
forbedre	fɔɾˈbeːdɾə
forbedre	fɔˈbeːdɾə
forbedrede	ˈfɔ̀ːɾbɛ̀ːɾdɛ
forbedrer	foːɾbɛdɾɛ
forbedret	foɾbɛɖɾɛt
forbedret	fɔɾbəbɾət
forbedringer	ˈfɔ̀ːrbæɪ̯ðɪŋər
forbehold	foɾbəhɔld
forbeholde	ˈfɔɾbəhɔlə
forbeholdt	foɾbəhɔlt
forbered	foːbrɛːd
forberede	ˈfɔɾbəɾeːdə
forberedelsene	foːrbəɾɛːdəlsənə
forberedelser	ˈfɔ̀ːɾbærədəlsɐ
forberedt	foːrbɛrɛt
forberedte	foːrbɛrɛtə
forbes	foːrbes
forbi	forbi
forbi	foɾbiː
forbi	fɔɾˈbi
forbi	fɔɾˈbiː
forbifarten	ˈfɔ̀ɾbɪfɑːɾtn̩
forbigå	foɾbigo
forbigående	foːɾbɪˈgæɪ̯nə
forbigått	foɾbɪˈgɔt
forbilde	foɾbɪldə
forbildene	fɒːrb̥ɪldnˀə
forbilder	ˈfɔːrbɪldəɾ
forbildet	foːɾbɪldət
forbilledlig	fɔɾˈbɪlədlɪ
forbilledligere	fɔɾˈbɪlədlɪɾə
forbilledligst	fɔɾˈbɪlədlɪkst
forbilledligste	fɔɾˈbɪlədlɪkstə
forbinde	foɾbɪndə
forbindelse	fɔɾˈbɪnəlsə
forbindelse	ˈfɔɾbɪndəlsə
forbindelsen	førbˈɪnəlseːn
forbindelsen	ˈfɔːɾbɪndəlsn̩
forbindelser	ˈfɔɾbɪndəlsər
forbinder	foɾbɪndər
forbindes	ˈfɔɾbɪndəs
forbipasserende	foɾbɪpɑsɛɾɛn
forble	foːɭɛ
forbli	foːɭiː
forbli	fɔrbli
forblindet	foːrblɪnd̥
forblir	foːɾblɪɾ
forblø	foːɭbløː
forblø	fɔɾˈbløː
forblødde	foːrblœd̥ə
forbløffe	foːrblœfːə
forbløffe	fɔɾˈblœfə
forbløffende	foːrblœfːɛnːə
forbløffende	fɔɾˈblœfənə
forbløffer	foːrblœfːər
forbløffet	foːrblœfː
forblør	foːɾblœːr
forbrenne	fɔɾˈbɾɛnə
forbrenner	ˈfɔ̀ːrbrɛnər
forbrenning	foɾbɾɛnɪŋ
forbrenning	fɔɾˈbɾɛnɪŋ
forbrent	foːbrɛnt
forbruk	foɾbrʉk
forbruk	ˈfɔɾbɾʉːk
forbruke	fɔɾˈbɾʉːkə
forbruker	foːɾˈbʉːkəɾ
forbrukere	foɾbrˈʉkərə
forbrukere	foːɾbɾʉːkəɾə
forbrukerne	foːɾbrʉːkənə
forbruket	ˈfɔ̀ːbrʉkət
forbrytelse	fɔɾˈbɾyːtəlsə
forbrytelse	ˈfɔ̀ːɾbryːtəlsə
forbrytelser	foɾˈbryːtəlsɐ
forbryter	ˈfɔ̀ːrbrʏtər
forbrytere	ˈfɔːbrʏːtərə
forbryteren	foɾˈbryːtəɾən
forbryterne	foːrbrʏʈnə
forbud	foɾˈbʉːd
forbud	ˈfɔɾbʉːd
forbudet	ˈfɔ̀ːbʉːt
forbudstiden	ˈfɔ̀ɾbʉːstɪːn
forbudt	foɾbʉːt
forbudt	fɔɾˈbʉt
forbudte	ˈfɔ̀ɾbʉːtə
forbund	foɾbʉn
forbundet	foɾbʉndət
forbundsfeller	ˈfɔ̀ːɳbʊnsfɛlɛr
forby	foːɾbyː
forbys	foːɾbʏs
forbyttet	foːɾˈbʏtːə
forbød	foɾbøð
ford	foːɖ
fordampe	fɔˈɖɑmpə
fordampet	foːɾdɑmːpət
fordekt	foːɾdɛkt
fordel	foɖɛl
fordel	k�ːt˧dˈl
fordelaktig	foːɖəlɑktɪ
fordelaktige	ˈfɔɖeːlɑktɪə
fordelaktigst	ˈfɔɖeːlɑktɪkst
fordele	foːɾdeːlə
fordele	fɔˈɖeːlə
fordelen	foɾdeːlən
fordeler	foɖəlɛɾ
fordeles	foɾdɛləs
fordeling	foːɾdæiŋ
fordelingen	foɾdəlɪŋ
fordelt	foːɾd̥ɛlt
fordelte	fɒtdˈɛltə
forden	foːɖn̩
forderve	foːɖəɾvə
forderve	fɔˈɖæɾʋə
fordervede	foɾdɛɾvɛːdɛ
fordervelse	foɾdɛɾʋəlsə
fordervelsen	foɾdɛɾvəlsn̩
forderver	foːɖɛɾʋæɾ
fordervet	foːɖɛɾvɛt
fordham	foːɾːɑm
fordi	foɾdˈiː
fordi	foɾiː
fordoble	foːɾˈdɔblə
fordobler	foːɾˈdɔbləɾ
fordoblet	foːɖɔblɛt
fordom	foːɾɔm
fordommene	foɾˈdɔmːənə
fordommer	foːɾdɔmɛr
fordomsfri	foːɾɔmsfɾɪ
fordomsfri	ˈfɔɖɔmsfɾiː
fordomsfull	foːɾɔmsfʉl
fordomsfull	ˈfɔɖɔmsfʉl
fordra	foːɖɾɑː
fordra	fɔdˈra
fordra	fɔˈɖɾɑː
fordrar	foːɖɾɑːr
fordre	ˈfɔɖɾə
fordrer	foːɖɾeːɾ
fordrev	foːɖɾæʋ
fordrevet	foːɖɾɛːvɛt
fordringsfull	ˈfɔɖɾɪŋsfʉl
fordringsløs	ˈfɔɖɾɪŋsløːs
fordriver	foːɖriːvər
fordrukken	foːɖɾʉkən
fordrukne	foːɖɾʉknə
fords	foːɖs
fordufte	foːɖʉftə
fordufte	fɔˈɖʉftə
fordufter	foɾduːftər
forduftet	foːɾˈdʉftət
fordums	foːɖʉms
fordums	ˈfɔɖʉms
fordypet	foːɖʏpət
fordøm	foːɾdøm
fordømme	foːɾdœmə
fordømmelse	foːɾˈdømːəlsə
fordømmende	foːɾˈdømːənə
fordømmer	foːɖømər
fordømt	foːɾdømt
fordømte	foːɾdœmtə
fordøyd	foːɖøɪ̯
fordøye	foːɾˈdøʏə
fordøye	fɔˈɖœjə
fordøyelse	fɔˈɖœjɛlsə
fordøyelsen	foːɾˈdø̞ʏ̯əlsn̩
fordøyer	foːɾˈø̞ʏ̯ə
fore	foːr
forebygge	foːɾəbygə
forebygge	ˈfoːɾəbʏgə
forebyggende	foːɾəbygɛndə
foredle	fɔɾˈeːdlə
foredraget	ˈfɔːɾədɾɑːgə
foregar	foːɾɛgɑːr
foregi	ˈfoːɾəjiː
foregripe	ˈfoːɾəgɾiːpə
foregå	foːɾɛgoː
foregå	ˈfoːɾəgoː
foregående	foːɾɛgɔːɪŋə
foregående	ˈfoːɾəgoːənə
foregår	foːɾɛgoːr
foreisket	foːɾæɪskət
forekom	foːɾɛkɔm
forekomme	foːɾəˈkɔmə
forekomme	ˈfoːɾəkɔmə
forekommet	foːɾɛkɔmət
forelda	fɔɾˈɛldət
forelder	fɔɾˈɛldəɾ
forelder	ˈfɔːɾɛldəɾ
forelderen	ˈfɔːɾəlɛɾən
foreldet	fɔɾˈɛldət
foreldet	fɔːɾɛldət
foreldet	fˈoːrəldət
foreldre	fɔɾˈɛldɾə
foreldreløs	ˈfɔːɾældɾəløs
foreldreløse	ˈfɔːɾɛldɾəløːsə
foreldremøtet	ˈfɔːɾəɫdɾømøːt
foreldrene	ˈfɔːɾəɫnə
foreldrenes	ˈfɔːɾəɫnəs
foreldrerett	foːɾɛldɾɛt
foreldreretten	foːɾɛldɾɛtən
foreldres	ˈfɔːɾæɫdɾɛs
forelese	ˈfoːɾəleːsə
foreleser	ˈfɔːrəlɛsər
forelesningen	foːɾəlɛsːn̩
forelesningene	ˈfɔːrəlɛsnɪŋnə
forelesninger	ˈfɔːɭəsleŋəɾ
foreligge	ˈfoːɾəlɪgə
foreligger	ˈfɔːɾəlɪgər
forelsk	foːɾɛlsk
forelska	ˈfɔːɾəlska
forelske	foːɾɛlʃə
forelskede	ˈfɔːɾɛlskə
forelskelse	foːɾɛlskɛlsə
forelskelsen	ˈfɔːɾɛlskəlsn̩
forelsker	foːɾɛlʃkəɾ
forelsket	fɔ̙rɛlsg̊ɪt
forelsket	ˈfɔːɾəlskət
foreløpig	ˈfoːɾəløːpɪ
foreløpige	ˈfoːɾəløːpɪə
foreløpigere	ˈfoːɾəløːpɪɾə
foreløpigst	ˈfoːɾəløːpɪkst
foreløpigste	ˈfoːɾəløːpɪkstə
foreman	foːɾɛm
foren	foːɾən
forene	foːɾənə
forene	fɔˈɾeːnə
forenede	ˈfɔːɾənəɛ
forenes	foːɾenɛs
forenet	ˈfɔːɳet
foreningen	ˈfɔːɾənɪŋən
foreningens	ˈfɔːɾənɪŋəns
forenkle	foːɾɛŋklə
forenkle	fɔˈɾɛŋklə
forenkler	foːˈɾæŋkɭɛɾ
forenlig	fɔˈɾeːnlɪ
forenlige	fɔˈɾeːnlɪə
forenligere	fɔˈɾeːnlɪɾə
forent	foːɾɛnt
forente	foːɾen̥tə
forer	foːrɛr
foresatt	ˈfoːɾəsɑt
foresatte	foːɾɛˈsɑtə
foreskrevet	ˈfɔːɾəskɾeːvət
foreslo	fɔːrəsluː
foreslå	foːɾɛsloː
foreslå	ˈfoːɾəsloː
foreslår	foːɾɛsloːr
foreslått	foːɾɛslɔt
foreslåtte	ˈfɔːɾəslɔtə
forespeile	ˈfoːɾəspæɪlə
forespørselen	ˈfɔːɾəspœːɾələn
forespørsler	ˈfɔːɾəʃœɭəɾ
forestill	ˈfɔːrʃtɪl
forestille	foːɾɛsːɪlə
forestille	ˈfoːɾəstɪlə
forestilling	foːɾəstɪlɪŋ
forestillingen	ˈfɔːʂəˌstɪŋɪŋən
forestillingene	ˈfɔʂːəstɪŋənə
forestillinger	ˈfɔːrʃtɪlɪŋər
forestilt	foːɾɛstɪlt
forestå	ˈfoːɾəstoː
foresveve	ˈfoːɾəsʋeːʋə
foret	fɔːɾət
foreta	ˈfoːɾətɑː
foreta	ˈfœ́ːɾətɑ
foretak	foːɾɛtɑk
foretaket	ˈfɔːɾətɑkət
foretaksom	ˈfoːɾətɑːksɔm
foretar	ˈfɔ̀ːrətɑːr
foretas	foːɾɛtɑs
foretatt	ˈfɔ̀ːɾətɑt
foretok	ˈfɔ̀ːrətɔk
foretrakk	ˈfɔːɾətɾɑk
foretrekke	ˈfoːɾətɾɛkə
foretrekke	ˈfɔːrətɾɛkə
foretrekker	ˈfɔːɾətɾɛkər
foretrukket	ˈfɔ̀ːrətɾʉkət
foretrukne	ˈfɔ̀ːrətɾʉknə
forevige	fɔɾˈeːʋɪgə
forfall	foːrfɑɭ
forfall	ˈfɔɾfɑl
forfalle	foːrfɑlə
forfalle	fɔɾˈfɑlə
forfallen	fɔɾˈfɑlən
forfallet	foːɾfɑlət
forfalske	fɔɾˈfɑlskə
forfalskede	foːɾfɑlˈʃeː
forfalsker	foːɾfɑlʃkəɾ
forfalsket	foːɾfɑlʃkət
forfalskning	foːɾfɑɫʃŋ
forfalskningen	ˈfɔːɾfɑːlsknɪŋ
forfalskninger	ˈfɔːɾfɑːlʃknɪɐ̯ə
forfalt	foːɾfɑlt
forfar	foːrfɑːr
forfatning	foːɾfɑtːɪŋ
forfatningen	ˈfɔːɾfɑtːnɪŋ
forfatte	fɔɾˈfɑtə
forfatter	fɔɾˈfɑtəɾ
forfatter	ˈfɔʈɾɑtər
forfatteren	ˈfɔʈɾətəɳ
forfatterens	ˈfɔʈɾɑnəɳ
forfedre	foːɾˈfeːɖɾə
forfedrene	ˈfɔɾfɛːɖɾənə
forfedres	ˈfɔ̀ːɾfedɾəs
forfengelig	fɔɾˈfɛŋəlɪ
forfengelige	foːɾfɛŋəlɪ
forfengelige	fɔɾˈfɛŋəlɪə
forfengelighet	ˈfɔ̀ːɾfɛŋəlɪçhɛt
forfengeligst	fɔɾˈfɛŋəlɪkst
forfengeligste	fɔɾˈfɛŋəlɪkstə
forferdelig	fɔɾˈfæɖəlɪ
forferdeligere	fɔɾˈfæɖəlɪɾə
forferdeligst	fɔɾˈfæɖəlɪkst
forferdelse	foːrfɛɾdəlsə
forferdet	fʊ̞rfaɾtɪ̞t
forfinet	foːɾfiːnət
forfjamset	fɔɾˈfjɑmsət
forflytning	foːɭɭʏtnɪŋ
forflytningen	ˈfɔːɭʏtɳɪŋə
forflytte	fɔɾˈflʏtə
forflytte	fɔ̝r̥flʉtːa
forflytte	ˈfɔːɭʏtə
forflytter	ˈfɔːɭʏtːər
forflyttes	ˈfɔːɭʏtəs
forflyttet	ˈfɔːɭyːtət
forfra	foːɾfɾɑː
forfremme	foːɾfrɛmːə
forfremme	fɔɾˈfɾɛmə
forfremmelsen	foɾfræməlsən
forfremmer	foɾfræmər
forfremmet	foːɾfræmːət
forfriskende	ˈfɔ̀ːɾfɾɪʃn̩d̥ə
forfriskning	foːɾfɾɪskŋ
forfriskning	fɔɾˈfɾɪsknɪŋ
forfriskninger	ˈfɔːrfrɪsknɪŋər
forfrossen	fɔɾˈfɾɔsən
forfulgt	foːɾfʉɭt
forfølge	foːɽʉːgə
forfølge	fɔɾˈfœlə
forfølgere	ˈfɔːɾføːlgəɾə
forfølges	ˈfɔːɾfœlgɛs
forfør	foːɾføɾ
forføre	foːɾʉːɾə
forføre	førføːre
forføre	fɔɾˈføːɾə
forførelse	ˈfɔːrføːrəlsə
forførende	ˈfɔːrfjæɪ̯əndə
forførerisk	ˈfɔːrføːɾɪsk
forførte	ˈfɔɾtøɾtə
forgapt	foɾgɑpt
forgasser	foːɾˈgɑsːər
forgasseren	foːɾgɑsːɛɾən
forge	foːɾgə
forgifte	foːɾgɪftə
forgifter	foɾgɪftəɾ
forgifter	foɾˈiftər
forgiftet	fɔɾjˈiftət
forgiftning	foːɾgɪftnɪŋ
forgjengelig	fɔɾˈjɛŋəlɪ
forgjengeligere	fɔɾˈjɛŋəlɪɾə
forgjengeligste	fɔɾˈjɛŋəlɪkstə
forgjenger	foːɾˈjɛŋər
forgjeves	foːɾjɛʋɛs
forglemmelse	foːɾglɛmːɛlsə
forgreine	fɔɾˈgɾeːnə
forgrep	foːɾgɾæp
forgripe	fɔɾˈgɾiːpə
forgude	fɔɾˈgʉːdə
forguder	foːɾgʉːd̥ər
forgudet	foɾgʉt
forgå	foːɾgoː
forgår	foːɾgoːr
forhandle	foɾˈhandlə
forhandle	fɔɾˈhɑnlə
forhandler	fɔɾˈhɑnləɾ
forhandler	ˈfɔrhɑndl̩
forhandleren	ˈfɔ̀ːrhɑ̀ndərən
forhandlerne	fɔːhandlærne
forhandles	foːɾhɑ̀ndəls
forhandlet	ˈfɔːɾhɑndl̩t
forhandling	fɔɾˈhɑnlɪŋ
forhandling	ˈfɔ̀ːrhɑ̀ndlɪŋ
forhandlingen	foːɾhɑndlɪŋə
forhandlingene	ˈfɔːrhɑ̀ndlɪŋən
forhandlinger	foːɾhɑ̀ndlɪŋɐ
forhandlingsbart	ˈfɔːrhɑndlɪŋsbɑːʈ
forhandlingsbordet	ˈfɔːɾhɑndlɪŋsˌbɔɾtə
forhandlingsposisjon	foɾhɑndlɪŋspɔsɪʃuːn
forhast	foːɾhɑst
forhaste	fɔɾˈhɑstə
forhastede	foːɾhɑstɛːdə
forhaster	foːɾˈhɑstəɾ
forhastet	foːɾhɑstət
forhatt	fɔɾˈhɑt
forhatte	foːɾˈhɑtə
forhekse	foːɾˈhɛksə
forhekse	fɔɾˈhɛksə
forheksede	foːɾˈhɛksə
forhekselse	foːɾhɛksəlsə
forhekselsen	foːrhekˈsəlsn̩
forhekser	foːɾˈhɛksər
forhekset	foːɾˈhɛksət
forheng	foːɾhɛŋ
forhenget	ˈfɔːrheŋət
forhenværende	foːɾhɛnˈvɛːɳə
forherlige	fɔɾˈhæːɭɪgə
forhindre	foːɾhɪndɾə
forhindre	fɔɾˈhɪndɾə
forhindrer	foːɾˈhɪndɾər
forhindres	fɔɾˈhɪndɾəs
forhindret	fɔɾhɪnːdɾet
forhistorie	foːrɪsˈtɔːɾɪə
forhistorisk	foɾhjstˈɔrisk
forhistoriske	ˈfɔːɾhɪstɔɾɪskə
forhjulet	foɾˈjulˈɑ
forhold	ˈfɔɾhɔl
forhold	ˈfɔ̀ːrhɔld
forholder	foːɾhɔldər
forholdet	ˈfɔːɽhɔldət
forholdsregel	foːɾhœlsˈreːgəl
forholdsregler	foːɾhɔlsɾeːglɛɾ
forholdsvis	ˈfɔ̀ːɽhɔlsvis
forholdt	ˈfɔːɽɔlt
forhånd	foːɾhɔnd
forhånd	ˈfɔɾhɔn
forhåndsvisning	foːɾhɔ̀ːnsvisɪŋ
forhåpentlig	foːɾhɔpəntlɪ
forhåpentligvis	fɔɾˈhɔpəntliːʋiːs
forhåpninger	foːɾhɔpŋɪɾə
forhåpningsfull	fɔɾˈhoːpnɪŋsfʉl
forhør	foːɾhøɾ
forhøre	foːɾhøːɾə
forhøre	fɔɾˈhøːɾə
forhørene	foːˈɾøːɳə
forhører	foːɾhøːɾ
forhøres	foːɾhøːɾəs
forhøret	foːˈrøːɾət
forhørt	foːɾhøɾt
forhøye	fɔɾˈhœjə
forhøyet	foːɾˈhø̞yːt
foriate	foːɾiɑːtə
foriater	foːɾiɑːtɛɾ
foriot	foːɾɪɔt
forjævlig	foːɾjæʋlɪg
fork	foːɾk
forkant	foːɾkɑnt
forkant	frˈʌkant
forkaste	fɔɾˈkɑstə
forkastelig	foːɾkɑsteːlɪ
forkastelig	fɔɾˈkɑstəlɪ
forkastelige	fɔɾˈkɑstəlɪə
forkasteligere	fɔɾˈkɑstəlɪɾə
forkasteligst	fɔɾˈkɑstəlɪkst
forkasteligste	fɔɾˈkɑstəlɪkstə
forkaster	foːɾkɑstər
forkastet	foɾkɑstɛ
forkiare	foɾˈçɑːɾə
forkjemper	foːɾˈçæmpər
forkjærlighet	foɾkçæɾlɪgʰɪt
forkjølelse	fɔɾˈçøːlɛlsə
forkjølelsen	foːɾkjøːləɛ̯sn̩
forkjølet	foːɾˈçøːlət
forkjølt	foːɾkjøːlt
forklar	foːɭkɭɑːr
forklare	foːɭɑːɾə
forklare	fɔɾˈklɑːɾə
forklare	fɔˈklɑːɾə
forklarer	foːɭkɭɑːɾɛɾ
forklares	foːɭkɭaːɾəs
forklaring	foːɭkɭɑːɾiŋ
forklaring	fɔɾˈklɑːɾɪŋ
forklaringen	foːɭkɭɑːɾɪŋən
forklaringen	fʊ̞rklɑrɪ̞ŋæn
forklaringene	foːɭkɭɑːɾiŋnə
forklaringene	fuɾklariŋine
forklaringer	foːɭklaɪngɐ
forklart	foːɭɑːɾt
forklarte	foːɭkɭɑːɾtə
forkle	foːɭkɽe
forkle	ˈfɔɾklə
forkledde	foːɭkɭɛdːə
forkledning	foɾkɭɛnɪŋ
forkledningen	foɾkleːdɪŋən
forkledninger	foɾkleːdnɪŋɐ
forkleet	foːɭkleːt
forkludre	fɔɾˈklʉdɾə
forkludret	foːɭʉːdrɛt
forknytt	fɔɾˈknʏt
forkommen	fɔɾˈkɔmən
forkorte	foɾkɔɾtə
forkorte	fɔɾˈkɔʈə
forkortelse	foːɾkɔɾtəlsə
forkortelse	fɔɾˈkɔʈəlsə
forkortet	foːɾkɔɾtət
forkrøplet	foːkrœ̞pl̥ət
forks	foːɾk
forkullede	foːɾkʉɭə
forkullet	foːɾkʉlːət
forkynne	foːɾkʏnə
forkynne	fɔɾˈçʏnə
forkynner	foːɾˈçynːər
forlag	foːɭɑːg
forlaget	foːɽɑgət
forlange	foːɭaŋgə
forlange	fɔˈɭɑŋə
forlanger	foːɭɑŋər
forlangt	foːɭɑŋt
forlangte	foːɭɑŋtə
forlate	foːɭaːtə
forlate	fɔˈɭɑːtə
forlate	poɾlɛta
forlatelse	foːɭɑːtəlsə
forlater	foːɭɛtər
forlatt	foːɭɑt
forlede	fɔˈɭeːdə
forleden	foːɭən
forleden	fɔˈɭeːdən
forledet	foːɭəˈdɛt
forlegen	foːɭɛgn̩
forlegen	fɔˈɭeːgən
forlegenhet	ˈfɔːɭəgənhɛt
forlegningen	foːɭɛŋnɪŋ
forlenge	foːɭnɛŋgə
forlenge	fɔˈɭɛŋə
forlengede	foːɭeŋːə
forlengelse	foːɭeŋəlsə
forlenger	foːɭeŋər
forlenges	foːɭengəs
forlenget	foːɭnɛkt
forlengst	foːɭɛŋst
forlik	foːɭɪk
forliste	foːɭɪstə
forlodds	ˈfɔɭɔds
forlokkende	fɔˈɭɔkənə
forlorent	fɔɾlˈɔrənt
forlot	foːɭɔt
forlove	foːɭʋeː
forlove	po˥˩ːlɔva˥˩
forlovede	fɔlɔʋədə
forlovede	ˈfɔ̀ːɭʊvə
forloveden	ˈfɔ̀ːɭɔʋeːdn̩
forlovedes	foːɽʊ̀vɛs
forlovelsen	ˈfɔ̀ːɭʊ̀ːvəlsn̩
forlovelsesring	ˈfɔːɭʊ̀ːəlsɛsɾɪŋ
forlover	fɔːlˈoːvər
forloveren	foːɭuːvəɾən
forlovet	fɔːlˈoːvət
forløp	foːɭøːp
forløpe	fɔˈɭøːpə
forløpet	foːɭøːpət
forløsning	foːɭøːsnɪŋ
forløst	foːɭøːst
form	foːɾm
form	fɔɾm
forma	fˈɔrmɑ
formaldehyd	foːɾmɑldəhɪd
formalitet	foːrmaliːtɛt
formaliteter	fɔɭmɑlɪtɛːɾ
forman	foːrmɑn
formane	fɔɾˈmɑːnə
formann	foːrmɑn
formannen	foːrmɑnːən
formannskapet	foːrmɑnːskɑpət
formasjon	foːrmɑʃuːn
formaste	fɔːmˈɑsta
format	foːrmɑt
forme	foːmə
forme	ˈfɔɾmə
formel	fɔʁməl
formel	ˈfɔɾməl
formelen	foːɾmələn
formelig	fɔːmləɪ
formell	formˈɛl
formell	foːmɛɭː
formell	fɔɾˈmɛl
formelle	foːɾmɛlːə
formelt	fɔːml̩t
formelt	fˈorməlt
formen	fɔrmøn
formene	foːɾmənə
former	foːməɾ
former	fˈɔrmər
formere	foːɾˈmeːɾə
formere	fɔɾˈmeːɾə
formes	foːrmɛs
formet	foːrmet
formet	fˈoːrmət
formidabel	foːrmidɑːbəl
formiddag	fɔɾmɪdɑg
formiddag	fɔːmɪˈdaː
formiddagen	foːrmɪdaːgən
formiddagen	fɔɾmɪdɑgən
formidle	foːrmɪdlə
formidle	fɔɾˈmɪdlə
formidler	fɔrmɪdlɛɾ
formidlet	fɔɾmɪdlət
formildende	fɔːrmɪlːɛnə
forming	foɣəmɪŋ
forminske	fɔɾˈmɪnskə
formler	fɔːmləɾ
formodentlig	fɔɾˈmuːdəntlɪ
formodentlig	ˈfɔ̀ːrmɔdɛntlɪ
formodentlige	fɔɾˈmuːdəntlɪə
formodentligere	fɔɾˈmuːdəntlɪɾə
formodentligst	fɔɾˈmuːdəntlɪkst
formodentligste	fɔɾˈmuːdəntlɪkstə
formskifter	fɔrmskɪftɛr
formue	foːʋʉː
formuen	fɔːmʉːn
formuende	foːrmɔɪnə
formuer	foːɾmʉːɾ
formular	fɔɾmʉˈlɑːɾ
formulere	foːmʉˈleːʁə
formulere	fɔɾmʉˈleːɾə
formulert	fɔʁmʉlæɾt
formynder	foːrmʏndər
formål	foːrmɔːl
formål	fɔrmɔɫ
formålet	foːɾmɔːlət
formørkelsen	foːrmørkəlsn̩
formørket	foːɾmørçɛt
fornavn	foːɳɑːn
fornavn	ˈfɔɳɑʋn̩
fornavnet	fornavna
fornavnet	ˈfɔːrnɑːnə
fornebu	boːrnəbuː
fornedre	fɔˈɳeːdɾə
fornedret	foːɳəɖrɛt
fornekt	foːɳɛkt
fornekte	foːɳɛkˈtə
fornektelse	foːɳɛktəlsə
fornekter	foːɳɛkˈtɛr
fornektet	foːɳɛkt
fornemme	foːɳɛmːə
fornemme	fɔˈɳɛmə
fornemmelse	foːɳɛmːəlsə
fornemmer	foːɳmɛr
fornes	fones
fornuft	foːɳʉft
fornuften	ˈfɔːrnʉftn̩
fornuftens	foːɳʉftəns
fornuftig	foːɳʉftɪ
fornuftige	ˈfɔːrnʉftɪgə
fornybart	foɾnˈyːbɑːrt
fornye	foːɳeː
fornye	fɔˈɳyːə
fornyes	foːɳeːs
fornyet	foːɳet
fornærm	foːɳæɾm
fornærme	foːɳæːɾmə
fornærmelse	foːɳæɾmɛlsə
fornærmelse	fɔˈɳæɾmɛlsə
fornærmelsen	foɾnærmilsen
fornærmelsen	foːɳæɳməlsn̩
fornærmelsene	foːɳæɾmɛlsənə
fornærmelser	foːɳæɳməlsɐ
fornærmer	foːɳæːməɾ
fornærmet	foːɳæɾmɛt
fornøyd	foːɳøɪ̯
fornøyd	fɔˈɳœjd
fornøyde	foːɳøjd
fornøyelig	foːɳøɪlɪ
fornøyelig	fɔˈɳœjəlɪ
fornøyelige	fɔˈɳœjəlɪə
fornøyeligere	fɔˈɳœjəlɪɾə
fornøyeligst	fɔˈɳœjəlɪkst
fornøyeligste	fɔˈɳœjəlɪkstə
fornøyelse	foːɳøʏəlsə
fornøyelse	fɔˈɳœjɛlsə
fornøyelsen	ˈfɔːrnœʏəlsn̩
fornøyelser	foːɳøɪ̯ɛlsɛɾ
fornøyelsespark	fɔˈɳœjɛlsəspɑɾk
fornøyelsesparken	foːɳøːəlɛsparkn̩
forord	fɔɾuːɾ
forordne	fɔɾˈɔɖnə
forover	foːɾɔvər
forpeste	fɔɾˈpɛstə
forpester	foːrˈpɛstər
forpint	foːɾpɪnt
forplante	foːɾplɑntə
forplantning	foːɾplɑntɪŋ
forpleining	fɔɾˈplæɪnɪŋ
forplikte	foːɾˈplɪktə
forplikte	fɔɾˈplɪktə
forpliktelse	foːɾˈplɪktləs
forpliktelsen	foɾˈplɪktəlsn̩
forpliktelsene	foɾˈplɪktəlsənə
forpliktelser	foːɾˈplɪktəlsɐ
forplikter	foːɾˈplɪktər
forpliktet	foːɾˈplɪktət
forpult	foːɾpʉlt
forpulte	foːɾpʉltə
forpurre	foːɾpʉːɾə
forpurre	fɔɾˈpʉɾə
forrest	ˈfɔɾəst
forreste	foːrˈrɛstə
forresten	fɔˈɾɛstən
forresters	ˈfɔrːɛstərs
forretning	foːrɛtnɪŋ
forretning	fɔˈɾɛtnɪŋ
forretningen	ˈfɔrːətnɪŋə
forretningene	ˈfɔrːətnɪŋnə
forretninger	ˈfɔrːətnɪŋər
forretnings	ˈfɔrːətnɪŋs
forretningsavtale	ˈfɔrːətnɪŋsɑːvˌtɑːlə
forretningsfolk	ˈfɔrːənɪŋsfoːk
forretningsforbindelse	ˈfɔrːətnɪŋsfɔɾbɪndəlsə
forretningsforbindelser	ˈfɔrːənɪŋsfɔɾbɪndəlsər
forretningsforslag	ˈfɔrːətnɪŋsˌfɔʂlɑg
forretningskvinne	ˈfɔ̀ːrːətnɪŋskʋɪnːə
forretningslivet	ˈfɔrːətnɪŋsliːʋət
forretningsmann	ˈfɔrːətnɪŋsmɑn
forretningsmannen	ˈfɔrːətnɪŋsmɑnːən
forretningsmenn	ˈfɔ̀ːrːətnɪŋsmɛn
forretningsmessig	ˈfɔrːənɪŋsmesɪ
forretningsmessige	ˈfɔ̀ːrɾeːnɪŋmɛsɪgə
forretningsmulighet	ˈfɔ̀ːrːɛtnɪŋsmʉːlɪçt
forretningsmøte	ˈfɔrːətnɪŋsmøːtə
forretningspartner	ˈfɔrːətnɪŋspɑːtner
forretningspartnere	ˈfɔrːətnɪŋspɑʈnəɾə
forretningsplan	ˈfɔːrɛtnɪŋsplan
forretningsreise	ˈfɔrːətnɪŋsɾæɪ̯sə
forretningsreiser	ˈfɔrːətnɪŋsɾæɪ̯sər
forretningssans	ˈfɔrːətnɪŋˌsɑns
forrett	foːˈrɛt
forrett	ˈfɔɾət
forretten	ˈfɔrːɛtn̩
forrettene	ˈfɔrːɛtnə
forretter	fɔɾlˈɛtər
forretter	ˈfɔrːɛtər
forringe	fɔˈɾɪŋə
forrykende	fɔˈɾyːkənə
forrykt	foːɾʏkt
forrykt	fɔˈɾʏkt
forråd	foːˈroːɾ
forråd	fɔɾoːd
forråde	foːɾɔːɖə
forråde	fɔˈɾoːdə
forrådet	foːˈɾɔːdət
forrådt	fɔˈɾɔt
forrådte	ˈfɔːrɾɔːtə
forråtnelse	foːˈɾɔːtnəlsə
forråtnelsen	foːˈɾɔːtnəlsən
forræder	foːɾæɪ̯dər
forrædere	ˈfɔːrɛːdərə
forræderen	foːɾæːɾədən
forræderne	ˈfɔːrɛːdərnə
forræders	ˈfɔːrɛːdɛʂ
forrædersk	fɔˈɾeːdəʂk
forrædersk	ˈfɔːrɛːɖɛʂk
forræderske	foːɾæːɾɛɾskə
fors	foʂ
forsagt	fɔˈʂɑkt
forsake	fɔˈʂɑːkə
forsaket	ˈfɔʂɑkət
forsalg	fɔʂɑlg
forsamling	ˈfɔ̀ːʂɑ̀lɪŋ
forsamlingen	ˈfɔʂalmɪŋən
forsatt	foːʂɑt
forseelser	foːɾsɛɫsɛɭ
forsegl	foːɾsɛgl
forsegle	foːɾsɛglə
forsegler	foːɾsɛgləɾ
forsegles	foːɾˈsægəls
forseglet	foːɾˈseːglət
forseglingen	foːɾˈsɛglɪŋə
forsendelse	foːɾˈsɛndəlsə
forsendelser	foːɾˈsɛndəlsər
forsent	foʂɛnt
forsere	foʂːəɾə
forsett	foːʂɛt
forsette	ˈfɔʂːətə
forsetter	foʂːtər
forsettlig	foːʂɛtːlɪ
forsida	foʂiːda
forside	foːɾˈsiːdə
forsidene	foʂiˈdeːnə
forsider	fosʃid̥er
forsikre	fɔˈʂɪkɾə
forsikre	ˈfɔʂɪkɾə
forsikret	foʂɪkɾɛt
forsikring	fɔˈʂɪkɾɪŋ
forsikring	ˈfɔʂɪkɾɪŋ
forsikringen	ˈfɔʂɪkɾɪŋə
forsikringer	ˈfɔʂɪkɪŋər
forsikringsbransjen	ˈfɔʂɪkɾɪŋsˌbrɑnʃən
forsikringskort	fɔˈʂɪkɾɪŋsˈkɔʈ
forsikringspengene	ˈfɔʂkɾɪŋspɛŋnə
forsikringspenger	ˈfɔʂɪkɾɪŋspɛŋəʂ
forsikringspolise	ˈfɔʂɪkɾɪŋspɔlɪsə
forsikringsselskap	ˈfɔʂɪkɾɪŋsɛlskɑp
forsikringsselskapene	ˈfɔʂɪkɾɪŋsɛlskaːpənə
forsikringsselskapet	ˈfɔʂɪkɾɪŋsɛlʃæpə
forsikringssvindel	ˈfɔʂɪkɾɪŋsʋɪndəl
forsiktig	fɔˈʂɪktɪ
forsiktig	ˈfɔʂɪktɪ
forsiktige	fɔˈʂɪktɪə
forsiktige	ˈfɔʂɪktɪgə
forsiktigere	fɔˈʂɪktɪɾə
forsiktigere	ˈfɔʂɪktɪgərə
forsiktighet	ˈfɔʂɪkˌtiː
forsiktigst	fɔˈʂɪktɪkst
forsiktigste	fɔˈʂɪktɪkstə
forsinke	foʂɪŋkə
forsinke	fɔˈʂɪŋkə
forsinkelse	foːɾˈsɪŋəlsə
forsinkelse	fɔˈʂɪŋkɛlsə
forsinkelsen	foʂɪŋkəlsn̩
forsinkelser	foːɾsɪŋkəlsɛɾ
forsinker	ˈfɔʂɪŋkər
forsinket	ˈfɔʂɪŋkət
forskanset	foʂkɑnˈsɛt
forske	foʂkə
forske	ˈfɔʂkə
forskere	foʂkɛɾə
forskeren	ˈfɔʂkəɾən
forskerne	ˈfɔʂkəɳə
forsking	foʂkɪŋ
forskjellen	foʂkjeːln̩
forskjellene	ˈfɔʂːɛlənə
forskjeller	fɔʂɕɛlːər
forskjellig	foʂˈçæjəlɪg
forskjellig	fɔˈʂɛlɪ
forskjøvet	foʂkjuːvət
forskning	foʂkniŋ
forskning	ˈfɔʂknɪŋ
forskningen	foʂkŋən
forsknings	fs̬ʃniŋs
forskningsprosjekt	ˈfɔʂknɪŋspɾɔʂjɛç
forskningssenter	foʂkniŋsɛntər
forskrekkelig	ˈfɔʂkrɛkəl
forskrift	fɔʂkɾɪft
forskriftene	fɔʂkɾɪtnə
forskrifter	foʂkɾɪftər
forskrudd	foʂkrʉd
forskrudd	fɔˈʂkɾʉd
forskrudde	ˈfɔʂkrʉːd̥ə
forskuddet	foʂkʉdːə
forskyve	fɔˈʂyːʋə
forslag	foʂlɑg
forslag	ˈfɔʂɭɑːg
forslagene	fslagənə
forslaget	ˈfɔʂlɑg
forslitt	fɔˈʂɭɪt
forsmak	fʊ̞ʃmɑːk
forsnakke	fɔˈʂnɑkə
forsok	foʂɔk
forsone	foʂˈsɔnə
forsonet	ˈfɔʂnət
forsoning	foːɾˈsɔnɪŋ
forsoning	fɔrʃuːnɪŋ
forsoningsgave	ˈfɔʂɔnɪŋsgɑːvə
forsov	foʂːɔʋ
forsove	fɔˈʂoːʋə
forsovet	foʂsɔʋɛt
forspill	fsɔʂpil
forspille	fɔˈʂpɪlə
forspillet	fsɔʂpɪlt
forspilt	fsɔɾpɪlt
forspilte	ˈfɔʂːpɪltə
forst	foːʂt
forsta	foʂtɑː
forstad	foːrʂɑːt
forstand	foːɾˈstɑn
forstanden	foːɾˈstɑnːə
forstandig	fɔˈʂtɑnɪ
forstandig	ˈfɔ̀ːrstɑːnɪ
forstandige	fɔˈʂtɑnɪə
forstandigst	fɔˈʂtɑnɪkst
forstandigste	fɔˈʂtɑnɪkstə
forstar	foːʂtɑːr
forstatt	foːrˈʈɑt
forste	foːr̥ʂə
forstedene	foːrˈsteːnə
forsteinet	foːrʃtæɪnət
forster	foʂtər
forsterk	foʂtæɾk
forsterke	fɔˈʂtæɾkə
forsterke	ˈfɔʂtæɾkə
forsterker	foːʂtɛɲkɛr
forsterkeren	ˈfɔʂtæɾkəɾən
forsterkes	ˈfɔʂtæɾkəs
forsterket	foʂtæɾkɛt
forsterkning	foʂtæɾkŋ
forsterkningen	ˈfɔʂtæɾknɪŋ
forsterkningene	ˈfɔʂtæɳkɪŋənə
forsterkninger	ˈfɔʂtæɾkniːgə
forsto	foʂtoː
forstoppelse	foːɾˈstɔpːəlsə
forstoppelse	fɔˈʂtɔpɛlsə
forstoppet	fɛrʃtɔpːɪt
forstoppet	ˈfɔʂtɔpət
forstrekning	fɔˈʂtɾɛknɪŋ
forstuet	fɔˈʂtʉːət
forstumme	fɔˈʂtʉmə
forstyrr	foːrstʏrː
forstyrre	foːrstʏɳɑː
forstyrre	fɔˈʂtʏɾə
forstyrrede	ˈfɔʂʈʏɾːɛː
forstyrrelse	ˈfɔʂʏɭɽɛsə
forstyrrelsen	ˈfɔʂtʏɾlən
forstyrrelsene	ˈfɔʂʈʏɾləsənə
forstyrrelser	ˈfɔʂʈʏɾːɛlsɐ
forstyrrende	ˈfɔʂʏˌɾɛnə
forstyrrer	ˈfɔʂtʏrər
forstyrres	foːrˈʈʏːɾəs
forstyrret	ˈfɔʂʈʏrɛt
forstå	foːrˈʈɔː
forstå	fɔˈʂtoː
forståelig	fɔˈʂtoːəlɪ
forståelig	ˈfɔʂtæɪəl
forståelige	fɔˈʂtoːəlɪə
forståeligere	fɔˈʂtoːəlɪɾə
forståeligst	fɔˈʂtoːəlɪkst
forståeligste	fɔˈʂtoːəlɪkstə
forståelsen	foːrˈʈæːlsən
forståelsesfull	fɔˈʂtoːəlsəsfʉl
forståelsesfull	ˈfɔʂtæːəlsəsfʉl
forståelsesfulle	ˈfɔʂtæːəlsɛsfʉːlə
forstårjeg	foːɾstɔɾjɛg
forstått	foːrˈʈɔt
forstørr	foːrstørː
forstørre	fɔˈʂtœɾə
forstørrelse	foːrstøːɽləsə
forstørrelsesglass	foːrstøːɾəlsɛsgɭɑs
forstørrer	foːrstøːrər
forstørret	foːrstøːrɾət
forstĺr	foːrstɭ̥ɑːr
forsvar	fsɔʂʋɑːr
forsvare	fɔˈʂʋɑːɾə
forsvarer	fsɔʂvɑːɾɛɾ
forsvarere	foɾʃvardɛda
forsvarere	fsɔʂvɑːɾə
forsvareren	ˈfɔʂʋɑːɾən
forsvarerne	ˈfɔʂvɑːɾn̩
forsvares	ˈfɔʂʋɑːɾəs
forsvaret	fsʋɑːɾət
forsvarets	ˈfɔʂʋɑːɾəʂ
forsvarlig	foʂˈvɑːɭɪ
forsvarlig	fɔˈʂʋɑːɭɪ
forsvarlige	fɔˈʂʋɑːɭɪə
forsvarligst	fɔˈʂʋɑːɭɪkst
forsvarligste	fɔˈʂʋɑːɭɪkstə
forsvars	fsɔɾsvaʂs
forsvarsadvokat	ˈfɔʂʋɑːrsɑːdvɔkɑːt
forsvarsdepartementet	ˈfɔʂʋɑːɾsdɛpɑ̀ːmentɛt
forsvarslinje	ˈfɔʂːʋɑːɭsliːnʝɛ
forsvarslinjen	ˈfɔʂːʋɑːɭɪnː
forsvarsløs	ˈfɔʂːʋɑːɽsløːs
forsvarsløse	ˈfɔʂːʋɑːɭsloːsə
forsvarsløst	ˈfɔʂːʋɑːɭsløːst
forsvarsminister	ˈfɔʂːʋɑːɾsmiˌnɪstəɾ
forsvarsministeren	ˈfɔʂːʋɑːɾsminɪˌsteːɳ
forsvarsposisjon	ˈfɔʂːvɑːɾspɔˌʂiːsjɔn
forsvarssystem	ˈfɔʂʋɑʂˌsʏmː
forsvart	foʂʋɑːɾt
forsvarte	ˈfɔʂʋɑːɾtə
forsvinn	fsʋɪn
forsvinne	fɔˈʂʋɪnə
forsvinningen	ˈfɔʂːʋɪnɪŋ
forsvinninger	ˈfɔʂʋɪnɪŋər
forsvinningspunktet	ˈfɔʂʋɪŋsˌpʰʉŋktət
forsvunne	fsʋʉnː
forsvunnet	fsʋʉnːt
forsyn	fsyn
forsyne	foːɾˈsyːnə
forsyne	fɔˈʂyːnə
forsyner	foʂˈsyːnəɾ
forsyning	ˈfɔʂːyŋ
forsyningen	ˈfɔʂʏnɪŋən
forsyningene	ˈfɔʂʏːnɪŋnə
forsyninger	ˈfɔʂsyːnɪŋər
forsyningsskip	ˈfɔʂsyːnɪŋsskɪp
forsynt	foːɾsʏnt
forsynte	fsyn̩tə
forsythe	foʂyːtə
forsøk	foʂøk
forsøk	ˈfɔʂøːk
forsøke	foːʂøːkə
forsøke	fɔˈʂøːkə
forsøkene	foʂøːkənə
forsøker	ˈfɔʂøːkər
forsøket	foʂøkət
forsøksdyr	ˈfɔʂːksdʏɾ
forsøkskaniner	ˈfɔʂøksˌkɑːnɪɳər
forsøksperson	ˈfɔʂøksˌpæɾsɔn
forsøkspersoner	ˈfɔʂøksˌpæɾsɔnər
forsøkt	fɔːʃøːkt
forsøkt	ˈfɔʂøkt
forsøkte	ˈfɔʂːøktə
forsømme	fɔˈʂœmə
forsømmelse	ˈfɔʂːœmlə
forsømmer	foːɾsømːər
forsømte	fsør̥mtə
forsørge	foːɾsœɾgə
forsørge	fɔˈʂœɾgə
forsørget	foːɾˈʂœgət
fort	fɔʈ
fort	fʊʈ
fortait	foɾˈtɑɪt
fortaite	foːɾtɑɪ̯tə
fortalt	fɔrtɑlt
fortalte	fɔɾtɑltə
fortapelse	fɔtˈaːpəlsˈeː
fortapelse	fɔːtɑːplɛsə
fortapt	fɔɾtɑpt
fortapte	foːɾˈtɑːptə
fortau	fɔʈɑʉ
fortau	ˈfɔʈæʉ
fortauet	foːɾtɑʉːə
fortauskanten	foːɾtɔʊskɑːntn̩
forte	fɔ́ːrtə
forteii	fɔʈəɪ
forteiie	foːɾˈtæɪ̯ɪ
forteiier	foːɾˈtæɪ̯ɪɛ̯ɾ
fortell	fɔɾtɛɭ
fortelle	foːɾtɛɭː
fortelle	fɔˈʈɛlə
fortelle	fɔːˈtːɛlə
forteller	ˈfɔʈəlæɾ
fortelles	ˈfɔʈələs
fortelling	ˈfɔ̀ːɾtəlɪŋ
fortellingen	fɔrtɛlɪŋən
fortellingene	ˈfɔ̀ːʈlɪŋnə
fortellinger	fɔrtɛlɪŋər
fortere	foːɾtəɾə
fortest	fɔɾtɛst
fortgang	foːɾtgɑŋ
fortid	foːɾtɪd
fortid	ˈfɔʈiːd
fortida	ˈfɔrtida
fortiden	foɾtiːdən
fortidens	fɔɾtɪdən
fortiori	fortjori
fortitude	foːɾtɪˈtyː
fortjener	fɔʈːɛnɛʂ
fortjeneste	ˈfɔʈjənəstə
fortjenestene	fʊɾtjɛːnɪsteːnɛ
fortjent	fɔɾtʃɛnt
fortjente	ˈfɔʈʂən̩tə
fortløpende	foːɾˈløːpənə
fortløpende	ˈfʊʈløːpənə
fortreffelig	fɔʈɾɛfəlɪ
fortreffelige	fɔˈʈɾɛfəlɪə
fortreffeligere	fɔˈʈɾɛfəlɪɾə
fortreffeligst	fɔˈʈɾɛfəlɪkst
fortrenge	fɔˈʈɾɛŋə
fortrenger	ˈfɔʈʁɛŋgər
fortrengt	ˈfɔʈɾɛŋt
fortrinn	fɔrtˈrˈin
fortrinnsvis	foːtrɪnsvis
fortrolig	foɾtɾuːli
fortrolig	fɔʈɾʊlɪ
fortrolige	foːɾˈtɾuːlɪgə
fortrolige	fɔˈʈɾuːlɪə
fortroligere	fɔˈʈɾuːlɪɾə
fortrolighet	foːɾtɾʉːlɪgət
fortropp	fɔʈrɔp
fortroppen	foːɾtrɔpːən
fortryllelse	ˈfɔʈʁʏlːɛlsə
fortryllelsen	ˈfɔʈʁʏləɫsən
fortryllende	fɔʈʁʏlːɛn
fortsette	ˈfɔʈsətə
fortsettelse	ˈfɔʈʂɛtəlsə
fortsettelsene	furtʃɛtklɛsɛne
fortumlet	fɔrtʉmlɛt
fortuna	fɔrtʉna
fortvila	fɔˈʈʋiːlɑ
fortvile	fɔˈʈʋiːlə
fortvilet	foɾtviːlə
fortvilt	fɔʈʋɪlt
fortvilte	ˈfɔʈʋɪltə
fortærer	fɔɾˈtæːɾəɾ
fortærte	foɾˈtæɾtə
fortøye	fɔˈʈœjə
forulempet	foːɾʉːləmpət
forum	fuːrˈʉm
forum	fɔːrʉm
forunderlig	fɔɾˈʉnəɭɪ
forunderlig	ˈfɔ̀ːʉndərliː
forunderlige	fɔɾˈʉnəɭɪə
forunderligere	fɔɾˈʉnəɭɪɾə
forunderligst	fɔɾˈʉnəɭɪkst
forunderligste	fɔɾˈʉnəɭɪkstə
forundersøkelsen	foːɾʉnːɛɾˈsøːkələn
forundre	foːɾʉndɾə
forundre	fɔɾˈʉndɾə
forundrer	foːɾʉndɾɛː
forundret	foːɾʉndɾet
forurense	foːɾʉːɳsə
forurense	ˈfɔɾʉɾɛnsə
forurenser	foːɾʉːnɛsɛɾ
forurenset	ˈfɔ̀ːrʉːnəʃɛt
forurensing	ˈfɔ̀ːrʉːrɛsɪŋ
forurensning	foːɾʉːnːsɪŋ
forurensning	ˈfɔɾʉɾɛnsnɪŋ
forurolige	ˈfɔɾʉɾuːlɪə
foruroligende	ˈfɔɾʉɾuːlɪənə
forus	fuɾus
forut	foːɾʉt
forutanelse	ˈfɔ̀ːrʉtæln̩sə
forutbestemt	foːɾʉtˈbɛstɛmt
foruten	foːɾʉtən
forutinntatt	ˈfɔɾʉtɪntɑt
forutinntatt	ˈfɔ̀ːrʉtn̩tɑt
forutsa	foːɾʉtsɑ
forutsagt	foːɾʉtsɑkt
forutsatt	ˈfɔ̀ːrʉtsɑt
forutseende	ˈfɔ̀ːrʉtsæɛn̩d̥
forutser	ˈfɔ̀ːrʉtseːr
forutsetning	ˈfɔ̀ːrʉtsetnɪŋ
forutsetningene	ˈfɔ̀ːrʉtsetnɪŋnə
forutsett	ˈfɔ̀ːrʉtsɛt
forutsette	ˈfɔɾʉtsətə
forutsetter	ˈfɔ̀ːrʉtsɛtər
forutsi	foːɾʉtɕiː
forutsier	ˈfɔ̀ːrʉtˌsiːɾ
forutsigbar	ˈfɔ̀ːrʉtsɪgbɑːr
forutsigbare	ˈfɔ̀ːrʉtsɪgbɑːrɛ
forutsigelig	ˈfɔ̀ːrʉtsiːgəl
forutsigeligste	fɔɾʉtˈsiːgəlɪkstə
forutså	foːɾʉtsɔ
forvalte	foːɾvɑːltə
forvalte	fɔɾˈʋɑltə
forvalter	ˈfɔːrvɑltər
forvalteren	foɾvɑltəɾən
forvandle	foːɾvanɖlə
forvandle	fɔɾˈʋɑnlə
forvandles	ˈfɔːɾvɑndəls
forvandlet	ˈfɔːrʋɑːnlət
forvandling	foːɾvɑndlɪŋ
forvandlingen	ˈfɔːɾvɑndlɪŋə
forvaring	ˈfɔrvɑːɾɪŋ
forvarsel	fɔrvɑrsəl
forvarsler	foːrvɑːʂːlɛr
forveksle	fɔɾˈʋɛkʂɭə
forveksler	foɾˈʋægsləɾ
forveksles	foɾvɛksləs
forvekslet	ˈfɔ̀ːɾvɛkslət
forvelle	fɔɾˈʋɛlə
forvent	foɾˈʋɛnt
forvente	fɔɾˈʋɛntə
forventer	ˈfɔːʋɛntər
forventes	ˈfɔːʋɛntəs
forventet	foːɾˈʋɛntət
forventning	foːɾˈʋɛntnɪŋ
forventningene	ˈfɔːʋɛntnɪŋnə
forventninger	ˈfɔːʋɛntnɪŋər
forventningsfull	fɔɾˈʋɛntnɪŋsfʉl
forverre	foːvrɛ
forverre	fɔɾˈʋæɾə
forverrer	foːrˈvɛrːər
forverret	foːvrɛʈ
forville	fɔɾˈʋɪlə
forvillet	foːɾvilət
forvirra	fɔɾˈʋɪɾɑ
forvirra	ˈfɔːʋɪrɑ
forvirre	fɔɾˈʋɪɾə
forvirre	ˈfɔːʋɪrːə
forvirrede	ˈfɔːʋɪɾːə
forvirrende	ˈfɔːʋɪrːənə
forvirrer	foːɾˈʋɪrːər
forvirring	ˈfɔːʋɪrɪŋ
forvirringen	ˈfɔːrvɪrɪŋən
forvise	foːɾviːsə
forvise	fɔɾˈʋiːsə
forvisning	foːɾˈʋiːsɲ
forvisse	foːɾˈʋɪsːə
forvisse	fɔɾˈʋɪsə
forvist	foːɾʋɪst
forvitre	fɔɾˈʋɪtɾə
forvokste	foɾvɔkstə
forvoldt	foːɾvɔlt
forvrenge	foːɾˈvɾɛŋə
forvrenger	foːɾˈʋɾɛŋər
forvrengning	foːrvɾæŋɪŋ
forvrengte	foːrvɾɛŋtə
forvridd	foːrvɾɪd
forvridde	foːɾˈvrɪdːə
forvrir	fɔlvɾiːr
forward	foːɾvɑːɾ
forårsake	foːɾɔːɾsɑːkə
forårsake	ˈfɔɾɔʂɑːkə
forårsaker	foːɾoːɾsɑkɛɾ
forårsakes	foːɾoːɾsɑkəs
forårsaket	ˈfɔːɾɔːʂɑkət
fosfor	foʂfɔr
foss	fɔs
fosse	fossa
fosse	ˈfɔsə
fossefall	foʂəɛɭ̞
fossen	foʃːn̩
fosser	foʂːər
fossil	fɔˈsiːl
fossilbil	fosˈiːlbil
fossiler	ˈfɔsːɪɭər
foster	foʃtər
fosterbarn	foʂtərbɑːɳ
fosterfamilie	ˈfɔstərfɑmɪˌliːə
fosterfar	ˈfɔstəˌfɑːr
fosterfaren	ˈfɔstərfɑːrən
fosterhjem	foʂtɛɾjɛm
fostre	foʂtrə
fostre	ˈfʊstɾə
fostret	fsɔʈrɛt
fot	foːt
fotavtrykk	foːtɑːvtrœk
fotavtrykkene	foːtɑːvtrœkːənə
fotball	foːtbal
fotball	fuːtbɑl
fotball	fʊtbal
fotballag	ˈfɔtbalɑg
fotballaget	ˈfɔtbalɑgət
fotballbane	ˈfɔtbalbɑːnə
fotballbanen	foːtbalːbɑːn̩
fotballen	foːtbalːən
fotballkamp	foːtbalːkɑmː
fotballkamp	fuːtbɑlkɑmp
fotballkamp	fɔt̚bɔɫɯ̞kɑːmp
fotballkampen	ˈfɔtbalˌkɑmpən
fotballkamper	ˈfɔtbalˌkɑmpər
fotballspiller	foːtbalspɪler
fotballspillere	ˈfɔtbalspɪləʁə
fotballspilleren	ˈfɔtbalspɪləɾən
fotballtrener	foːtbalːtrɛnər
fotballtrening	ˈfɔtbalːtrɛɲɪŋ
fote	foːtə
foten	foːtən
fotfeste	foːtˈfɛstə
fotfestet	foːtfɛst
fotgjenger	foːtgæŋgər
fotgjenger	fuːtjɛŋəɾ
fotgjengere	foːtgɛŋgəɾə
fotlenke	foːtˈlɛŋkə
fotlenken	foːtlɛŋk
fotmassasje	foːtmasɑʃə
fotnote	foːtn̥øːtə
foto	foːtʊ
foto	fɔːtɔ
fotoalbum	fotoalbum
fotoene	foːtʊənə
fotoet	foːtʊɛt
fotoforretning	ˈfʊtʊfɔɾɛtnɪŋ
fotogen	foːtʊgɛn
fotogen	fʊtogˈɛn
fotograf	foːtʊˈgɾɑːf
fotografene	ˈfɔtɔgrɑfənə
fotografer	foːtɔgɑːfɛ̂ːr
fotografere	fʊtʊgɾɑˈfeːɾə
fotograferer	foːtɔgɑːfɛɾɛː
fotograferes	foːtɔgɑːfɛɾɛs
fotografering	foːtɔgɑːfɛɪŋ
fotografering	fʊtʊgɾɑːˈfɛɾɪŋ
fotograferingen	foːtɔgɑːfɛɾɪŋən
fotografert	foːtɔgrɛːɾt
fotograferte	foːtɔgɑːfɛɾtə
fotografi	foːtɔgɾaːfɪ
fotografi	kotoːgrafiː
fotografiene	ˈfɔtɔgrɑfɪənə
fotografier	foːtɔgrɑfɪə
fotografiet	foːtɔgrɑfɪət
fotografisk	fɔtɔgɾafik
fotografisk	ˈfɔtɔgrɑfɪsk
fotokopiere	futʊkupiɛɾa
fots	foʈs
fotsid	fuːtsiː
fotsidt	fuːzsˈɛt
fotsoldat	foːtsɔlˈdɑːt
fotsoldater	foːtsɔlˈdɑːtər
fotsopp	foːtsɔpː
fottrinn	foːtɾɪn
fottur	foːtʉːr
fotturer	foːtʉːr
foul	fuːl
foundation	ˈfɔʊndʃən
foyle	foʏlə
fr	fr̥
fra	frɑː
fra	frˈɑ
fra	fɾɑː
frafalle	frɑfɑlːə
frafalle	ˈfɾɑːfɑlə
frafallen	frɑːfɑːlən
frafaller	frɑfɑlɛr
frafalt	frɑːfɑlt
fraga	frɑgɑ
fragancia	frɑːgɑːnsɪ
fragment	frɑ̀gmɛnt
fragmentene	frɑ̀gmentnə
fragmentering	frɑ̀gmentæɾɪŋ
fraida	frɑɪ̯dɑ
frakk	frɑk
frakk	fɾɑk
frakken	frɑkːən
frakkene	frakːina
frakkene	frɑkːənə
frakker	frɑkɛr
frakker	frˈɑkːiɾ
frakoble	frakːobla
frakoblet	frɑːkɔːblɛt
fraksjonene	frɑkˈʂuːnə
frakt	frɑkt
frakt	frˈɑkt
frakte	frɑktə
frakte	ˈfɾɑktə
frakter	frɑktər
fraktes	frɑktɛs
frakteskip	frɑːktɛskɪp
fraktet	frɑːktɛ
fraktskip	frɑːkʂçɪp
fram	frɑm
fram	fɾɑm
fram	ˈfɾɑm
framdrift	frɑːmdɾɪft
frame	frɑːm
framfor	frɑːmfɔːr
framføre	frɑːmføːr
framgang	frɑːmgɑŋ
framgangen	frɑmgɑŋən
framgangsmåte	frɑmgɑŋsmøːtə
framgangsmåten	frɑmgɑŋsmøːtən
framgangsrik	frɑːmgɑŋsriːk
framkalle	frɑːmˈkɑːlə
framkalle	ˈfɾɑmkɑlə
framkalt	frɑːmkɑːlt
framme	frɑmːə
framme	fɾɑmə
framover	frɑːmɔʋər
framover	ˈfɾɑmoːʋəɾ
frampå	frɑmˈpoː
framsette	ˈfɾɛmsɛtə
framsiden	frɑmˈsiːdən
framskritt	frɑmskɾɪt
framskrittene	frɑmskrɪtənə
framskrittet	frɑmskritːə
framskynde	frɑmʃʏːnə
framskynder	frɑmʃʏndər
framskyndet	frɑmʃyːn̥d̥
framstille	frɑmstɪlə
framstiller	frɑmstɪlɛr
framstilt	frɑmstɪlt
framsto	frɑmstʊ
framstå	frɑmstoː
framstår	framstɔr
framstår	frɑmstɔːr
framsynt	framzint
framtida	frɑːmtiːdɑː
framtiden	frɑːmtɪən
framtidens	frɑːmtɪəns
framtidige	frɑːmtɪɪ̯ɪ
framtre	ˈfɾɛmtɾeː
fran	frɑːn
franc	frɑŋk
france	frɑːnsə
francesca	frɑnˈʃɛskɑ
francesco	frɑnˈʃɛskɔ
francis	frɑnʃɪs
francisco	frɑnˈtʃiːskʊ
franck	frɑŋk
franco	frɑŋkʊ
francoise	frɑŋˈʃɑːs
francos	frɑŋkɔs
francs	frɑns
frank	fræŋk
franke	frɑŋkə
frankel	fræŋkəl
franken	frɑŋkən
frankenstein	frɑŋkənʃtaɪn
frankensteins	frɑŋkənstɑɪns
frankfurt	fræŋkfɔɾt
frankie	fræŋki
frankies	fræŋkɪs
franklin	frɑnklɪn
franklins	frɑŋklɪns
franko	frɑŋkʊ
frankrike	fræŋkɾɪkə
frankrikes	fræŋkɾiːkəs
franks	frɑŋks
franky	frɑŋkɪ
frannie	frɑnɪ
franny	frɑnː
frans	frɑnːs
frans	frˈɑns
fransisco	frɑnˈʃɪskɔ
fransk	frɑ̀ːnʃ
fransk	fɾɑnsk
fransk	fˈansk
franskbrød	ˈfɾɑnskbɾøː
franske	frɑ̀nskə
fransken	frɑ̀nʃkən
franskmann	frɑ̀nskman
franskmann	ˈfɾɑnskmɑn
franskmannen	frɑ̀ːnskmɑ̀nːn
franskmenn	frɑ̀nskmɛn
franskmennene	frɑ̀nskmɛnːə
fransson	frɑ̀sn̩
franz	frɑnːs
franz	frˈɑns
françois	frɑ̀nswɑ́
fraråde	frɑːɾɔːdə
fraråde	ˈfɾɑːɾoːdə
fraråder	frɑːrɔɖɛr
frarådet	frɑːˈɾɔːt
frarøvet	frɑːˈɾøːvɛt
frase	frɑːsə
frase	frˈasa
frase	ˈfɾɑːsə
frasen	frɑːsən
fraser	frɑːsər
frasi	frɑʃiː
frasi	frɑːsi
frasier	frɑːʃɪɛ̯r
fraskilt	frɑʃçɪlt
fraskilte	frɑːʃkɪltə
frastjålet	frɑːstʃɔːlət
frastøtende	frɑstøːtɛn
frastøtende	ˈfɾɑːstøːtənə
frastøter	frɑstøːtər
frata	frɑːtɑː
frata	frˈatə
fratar	frɑːtɑːr
fratas	frɑtɑs
fratatt	frɑtɑt
fratok	frɑːtɔk
fratre	frɑːtɾə
fratredelsen	brantrðlɛsd̪n
frau	frɑʉ
fravek	frˈɑːvək
fravær	frɑːvɛːr
fravær	ˈfɾɑːʋæːɾ
fraværende	frɑːvæːɳdɪ
fraværet	frɑːvɛːɾ
frayerling	frɑɪɛɾlɪŋ
frayle	frɑɪlə
frazer	frɑːsər
frazier	frɑiːsɛr
freak	frɛɑːk
freaker	frɛɪkər
freamon	fræːmɔn
fred	frˈed
fred	fɾeːd
freda	frɛːdɑ
fredag	frɛdɑː
fredag	srʲeːdog
fredag	ˈfɾeːdɑg
fredagen	frɛːdagən
fredager	frɛdɑgər
fredagskveld	frɛdɑgskʋæɭ
fredagskvelden	frɛdɑgskʋɛldn̩
freddie	frɛdɪ
freddies	frɛdɪs
freddo	frɛdːo
freddy	fredˈe
freddy	frɛdɪ
freddys	frɛdɪs
frede	frɛːdə
frede	ˈfɾeːdə
fredelig	frɛːdəlɪ
fredelig	ˈfɾeːdəlɪ
fredelige	fɾɛːdəlɪgə
fredelige	ˈfɾeːdəlɪə
fredeligere	ˈfɾeːdəlɪɾə
fredeligst	ˈfɾeːdəlɪkst
fredeligste	frˈɛdlˌɪkstə
freden	frɛdən
fredens	fɾeːdəns
frederic	frɛdɛɾɪk
frederica	frɛdɛɾɪkɑ
frederick	frɛdʁɪk
fredericks	fɾeːdɾɪks
frederik	fɾeːdɛɾɪk
fredet	frɛdət
fredfullt	frɛd̥fʉlt
fredløs	frɛɖløːs
fredløse	frɛːɭøːsə
fredo	fɾeːdɔ
fredrick	fɾæɖɾɪk
fredrik	frɛdrɪk
freds	frɛds
fredsavtale	frɛdsɑːvtɑːlə
fredsavtalen	frɛdsɑːvtɑːlɛn
fredsbevarende	frɛːdsbeːvɑːrɛnɑ
fredselskende	fɾædsɛlskɛnə
fredsforhandlingene	frɛdsfɔɾhɑ̀ndlɪŋnə
fredskorpset	frɛtskɔrpsɛt
fredsommelig	fɾeːdˈsɔməlɪ
fredsommelige	fɾeːdˈsɔməlɪə
fredsommeligere	fɾeːdˈsɔməlɪɾə
fredsommeligst	fɾeːdˈsɔməlɪkst
fredspris	frɛdsˈprɪs
fredspris	fɾæːsprɪs
fredsprosessen	frɛːsproːsɛn
free	frɛ
fregatt	frɛgɑt
fregne	frˈaɪn
fregnefjes	frɛgnɛfjɛs
fregner	frɛŋn̩
frei	fraj
freia	fræɪ̯ɑ
freia	frɛjːo
freidig	frɛɪdɪk
freidige	ˈfɾæɪdɪə
freidigere	ˈfɾæɪdɪɾə
frej	fræɪ
frekk	frɛk
frekk	frˈɛk
frekk	fɾɛk
frekkas	frɛkːɑs
frekke	frɛkː
frekke	frɛkːə
frekkhet	frɛkːət
frekkheten	frɛkːətɛn
frekt	frɛkt
frekvens	frɛkˈvens
frekvensen	frɛkˈvensn̩
frekvenser	frɛkˈvensər
frels	fræls
frelse	flɛlsə
frelse	ˈfɾɛlsə
frelsen	fræɭsən
frelseren	fræɭsəɾən
frelses	frɛlsəs
frelsesarmeen	frælsɛsɑrmɛːn
frelst	frælst
frelste	frælstə
frem	fræm
fremad	frɛˈmɑː
frembringe	fræmbrɪŋə
frembringe	ˈfɾɛmbɾɪŋə
frembrudd	fræmbrʉt
fremdeies	fræmdɛɪ̯s
fremdeles	frɛmdeːləs
fremdeles	fɾəmˈdeːləs
fremdrift	fræmdɾɪft
fremdriften	frɛmˈdrɪftn̩
fremfor	fræmfɔr
fremføre	fræmˈføːrɛ
fremfører	frɛmfœʏ̯ɾ
fremfører	frˈɛmføːrər
fremgang	frɛmgɑŋ
fremgang	ˈfɾɛmgɑŋ
fremgangen	frɛmgɑŋn̩
fremgangsmåte	fræmgɑŋsmøːtə
fremgangsmåten	fræmgɑŋsmøːtən
fremgangsrik	fræmgɑŋsɾɪk
fremgangsrik	ˈfɾɛmgɑŋsɾiːk
fremgå	frɛmgɔ
fremgår	fræmgoːr
fremheve	fræmˈhæʋə
fremheve	ˈfɾɛmheːʋə
fremholde	ˈfɾɛmhɔlə
fremkalle	fræmˈkɑlə
fremkalle	frɪ̞mkɑɫˈɫɯ̞
fremkalle	ˈfɾɛmkɑlə
fremkaller	fræmˈkɑlːər
fremkalt	fræmˈkɑːlt
fremkalte	frɛmˈkɑːltə
fremkomme	frɛmkɔmm
fremkomstmiddel	fræmkɔmstmiðːil
fremlagt	frɛmˈlɑgt
fremlegge	frɛmlɛgːə
fremlegges	fræmlɛgjɛs
fremme	fræmːə
fremme	ˈfɾɛmə
fremmed	frɛmːɛ
fremmed	frˈɛmməd
fremmed	fɾɛməd
fremmed	ˈfɾɛməd
fremmede	frɛmːə
fremmedhat	fræmmɛdhap
fremmer	fræmə
fremmet	fræmːət
fremont	fræˈmɔnt
fremover	fræməɾ
frempå	fræmpoː
fremragende	frɛmrɑgɛndə
fremragende	frˈɛmrɑːgandə
fremragende	ˈfɾɛmɾɑːgənə
fremre	fræmre
fremsatte	frəmsatːə
fremsette	ˈfɾɛmsɛtə
fremsiden	fræmˈsiːdən
fremskaffe	fræmskɑfːə
fremskreden	fræmskɾɛn
fremskreden	ˈfɾɛmskɾeːdən
fremskritt	frɛmskɾɪt
fremskritt	ˈfɾɛmskɾɪt
fremskrittene	frɛmskrɪtənə
fremskynde	frɛmskʏndə
fremskynde	ˈfɾɛmʂʏnə
fremskyndet	fræmskʏnt
fremst	fræmst
fremste	fræmstɛ
fremstille	fræmstɪlə
fremstille	ˈfɾɛmstɪlə
fremstiller	fræmstɪlːər
fremstilles	fræmstɪləs
fremstilling	fræmstɪlɪŋ
fremstilt	fræmstɪlt
fremstå	fræmstoː
fremstå	fræmstɔ
fremstående	ˈfɾɛmstoːənə
fremstår	fræmstɔːr
fremstøt	fræmstøːt
fremt	fræ̀mt
fremtid	frɛmtiː
fremtidens	frɛmˈtiːdəns
fremtidig	fræmˈtiːdɪ
fremtidige	fræmˈtiːɪ̯ə
fremtre	ˈfɾɛmtɾeː
fremtredende	fræmtrɛːdənə
fremtredende	ˈfɾɛmtɾeːdənə
french	frɛnʃ
frenchie	frɛnʃi
frenchy	frɛnʃi
frende	frɛ̀ndə
fres	frɛs
frese	ˈfɾeːsə
freser	frɛsər
fresk	frɛsk
fresk	frˈɛsk
fresno	frɛsnːo
fresno	frɛsn̩o
frey	frɛɪ
freya	fræɪ̯ɑ
freya	srɛja
freyja	frˈøja
fri	frɪ
fri	fɾiː
friberg	frɪbærg
fribillett	frɪbɪlət
fribonde	fribunda
frida	frɪːdɑ
fridag	frɪdɑː
fridagen	frɪːdaːgn̩
fridager	frɪˈdɑːgər
fridd	frid
frie	frɪː
fried	frɪːd
frieda	frɪːdə
friedman	frɪːdman
friedrich	frɪɛɖʁɪç
friendly	frɛɪndlɪ
frier	frɪːɾ
friere	frɪːɾə
frieren	ˈfɾiːɾən
frieri	frjɛri
frieri	frɪːɾɪ
frieriet	frɪːɾɪɛt
frifinne	ˈfɾiːfɪnə
frifinnelse	frɪˈfɪnːəlsə
frifot	frɪfɔt
frigg	frɪg
frigi	frɪgiː
frigid	frɪgɪt
frigir	frɪgɪɾ
frigis	frɪgɪs
frigitt	frɪgɪt
frigjorde	frɪgjʊɾə
frigjort	frɪgjɔɾt
frigjør	frɪgjør
frigjøre	frɪgjøːɾə
frigjøre	ˈfɾiːjøːɾə
frigjørende	frɪgjørɛnːə
frigjøres	frɪgjøːɾəs
frigjøring	frɪgjøːɾɪŋ
frigjøringen	frɪgjøːrɪŋ
frihavnen	frɪˈhɑvn̩
frihedspartiet	frɪhɛdsˈpɑːɾɪt
frihet	frɪhɛt
frihet	ˈfɾiːheːt
friheten	frɪːˈheːtn̩
frihetene	frˈiːhɛtna
frihetens	frɪˈheːtəns
friheter	frɪˈheːtər
friheter	fr̝iːhˈɛtər
frihetsberøvelse	frɪːhɛtsbærøːvləs
frihetsgudinnen	frɪhɛtsgʉːdɪn̩
frihetskjemper	frɪːhɛtsçæmpər
frihetsstatuen	frɪhɛtsstɑːʉn
friidrett	frɪɪˈdrɛt
friidrett	frˈiːdrət
friidrett	ˈfɾiːiːdɾɛt
friis	frɪɪs
frik	frɪk
frikast	frˈiːkast
frike	frɪkə
friken	frɪkən
friker	frɪkɛr
friket	frɪkɛt
frikjenne	frɪkjenə
frikjenne	ˈfɾiːçɛnə
frikjennelse	frɪkjeˈnɛlsə
frikjenner	frɪkjenːər
frikjent	frɪkçɛnt
friklatring	ˈfɾiːklɑtɾɪŋ
frikort	frɪkɔɾt
frikveld	frɪkʋæɭ
frilans	frɪˈlɑns
frilanser	frɪˈlɑ̀nsər
frimerka	frɪmɛrkˈɛ
frimerke	frɪˈmæɾkə
frimerke	ˈfɾiːmæɾkə
frimerkene	frɪməɾkənə
frimerker	frɪmæɾkər
frimerket	frɪˈmæɾkət
frimodig	fɾiːˈmuːdɪ
frimodige	fɾiːˈmuːdɪə
frimurer	frɪmʉːr
frimurerne	frɪmʉːɾnə
fring	frɪŋ
frisbee	frɪsbiː
frisco	frɪskɔ
friseddel	frɪsjɛdɑl
frisere	fɾɪˈseːɾə
frisk	frɪsk
frisk	fɾɪsk
frisk	rˈɪsk
friske	frɪʃkə
frisker	frɪskər
friskere	frɪʃə
friskt	frɪskt
frispark	frɪˈspɑːrk
frispark	frˈiːspark
frist	frɪst
frist	frˈɪst
friste	frɪstə
friste	ˈfɾɪstə
fristed	frɪstɛd
fristedet	frɪstɛdət
fristelse	frɪstɛlsə
fristelsen	frɪstəlsn̩
fristelsene	frˈiːstəlsna
fristelser	frɪstɛlsɛr
fristen	frɪstən
fristen	fɹistˈe
fristende	frɪˈstɛndə
fristende	frˈɪstəndə
fristene	fristnˈa
frister	fristˈe
frister	frɪstər
fristerinne	frɪstɛˈɾɪnə
fristes	frɪstɛs
fristet	frɪstɛt
frisyre	frɪˈsyːr
frisyren	frɪˈʃyːɾən
frisyrer	frɪˈsʏrər
frisør	frɪˈsøːr
frisøren	frɪˈsøːɾən
frisørsalong	frɪˈʂøːɾsɑ̀lɔŋ
frisørsalongen	frɪˈʂøːɾsɑˌlɔŋə
frita	frˈiːta
frita	ˈfɾiːtɑː
fritak	frɪˈtɑːk
fritar	frɪtɑːr
fritatt	frɪˈtɑt
fritert	frit˩˥ːɛɾt
fritert	frɪtɛɾt
friterte	frɪtɛɾtə
frites	frɪtəs
fritid	frɪˈtiː
fritid	fˈitɪd
fritid	ˈfɾiːtiːd
fritida	frɪtɪdɑ
fritiden	frɪtɪdən
fritidspark	ˈfɾiːtɪdspɑɾk
fritt	frɪt
fritt	fɾɪt
frittgående	frɪtgɔːɳd
frityrstekt	frɪtʏrstɛkt
fritz	frits
fritz	frɪts
frivillig	frɪˈʋɪlːɪ
frivillig	fɾiːˈʋɪlɪ
frivillige	frɪˈʋɪljə
frivillige	fɾiːˈʋɪlɪə
frivilligere	fɾiːˈʋɪlɪɾə
frivilligst	fɾiːˈʋɪlɪkst
frivilligste	fɾiːˈʋɪlɪkstə
friår	frɪɑːr
frk	fr̥k
frode	frɔːd̥ə
frodig	frɔdɪ
frodige	frɔdɪgə
frodo	frɔːduː
frog	frɔg
froken	frɔkən
frokost	frɔkɔst
frokostblanding	frɔkɔstblɑndɪŋ
frokostblandingen	frɔkɔstblɑndɪŋən
frokostbordet	frɔkɔstbɔɾː
frokosten	frɔkɔstən
frokostene	fruːkɔstmɛ
frokostrom	ˈfɾuːkɔstɾʊm
frollo	frɔlːʊ
from	frɔm
from	frˈom
from	fɾɔm
fromhet	frɔmhɛt
fromm	frɔmː
fromme	frɔmːə
fronsac	frɔnsɑk
front	frɔnt
front	frˈɔnt
frontalangrep	frɔntɑlɑŋrɛp
fronten	frɔntn̩
fronter	frɔntər
frontfigur	frɔntfɪgʉɾ
frontlinjen	frɔntlɪnjən
frontlinjene	frɔntlɪnjə
frontruta	frɔntrʉːtɑ
frontruten	frɔntrʉːtən
frosk	frɔsk
frosk	frˈɔsk
frosken	frɔskn̩
froskene	frɔsknə
frosker	frɔʃkər
frosne	frɔsnə
frossen	frɔsən
frossen	ˈfɾɔsən
frossent	frɔsːn̩t
frosset	frɔsːɛt
frost	frɔst
frost	frˈɔst
frost	fɾɔst
frostating	frˈɔstətɪŋ
frosten	frɔstən
frosthardr	frosthɑrdtr
frostskade	frˈɔstskadə
frostvæske	fɾɔstʋɛskə
frosty	frɔstɪ
frottere	ˈfɾɔteːɾə
frou	frʉː
froy	frɔʏ
fru	frʉː
fru	fɾʉː
frua	frʉːa
frue	frʉː
fruen	frʉːən
fruens	frʉːəns
fruer	frʉːɾ
frukt	fɾʉkt
frukt	fʁʉkt
fruktbar	frʉktbɑːr
fruktbar	ˈfɾʉktbɑːɾ
fruktbare	frʉktbɑːr
fruktbarhet	frʉktbɑːrhet
fruktbart	fʁʉktbɑːʈ
frukten	frʉːk'tn̩
fruktene	frʉːktənə
fruktene	frˈuktana
frukter	frʉktər
frukter	frˈʉktər
fruktesløs	ˈfɾʉktəsløːs
frukthage	frˈʉkthagə
fruktkake	fɾʉktkɑkə
fruktsalat	frʉːktsɑlɑt
frustrasjon	frʉstɾɑʃuːn
frustrasjonen	frʉstɾɑʃɪɔn
frustrerende	frʉˈstrɛːɳə
fry	frʏ
fryd	frʏː
fryd	fɾyːd
fryd	kɾiːd
fryde	frʏːdɛ
fryde	ˈfɾyːdə
fryder	frʏːdər
frye	frʏː
fryer	frʏːr
frykt	frʏkt
frykt	fɾʏkt
frykt	rɪkt
frykte	frʏktə
frykte	ˈfɾʏktə
fryktede	frʏktə
fryktelig	frʏktəlɪg
fryktelig	ˈfɾʏktli
fryktelig	ˈfɾʏktəlɪ
fryktelige	frʏktəlɪgə
fryktelige	ˈfɾʏktəlɪə
frykteligst	ˈfɾʏktəlɪkst
frykteligste	frʏktəlɪçstɛ
frykteligste	ˈfɾʏktəlɪkstə
frykten	frʏktən
fryktens	frʏktn̩s
frykter	frʏktər
frykter	fʁəktaˈ
fryktet	frʏçtɛt
fryktinngytende	frʏktɪŋgʏtɛn
fryktløs	frʏktløːs
fryktløse	frʏktløːsə
frynse	ˈfɾʏnsə
frynsegode	frɪnˈseːgɔːdə
frynsegodene	frʏnˈseːgoːd̥ənə
frynsegoder	frɪnˈseːgɔɖər
frynsete	ˈfɾʏnsətə
frys	frʏs
fryse	frɪsa
fryse	ˈfɾyːsə
fryseboksen	frʏːsəbɔksn̩
fryser	frisi
fryser	frʏsɛr
fryseren	frʏsɛɾən
frysninger	frˈyːsnɪŋiːr
frysninger	fr̥ʂnɪŋɐ
fryst	frʏst
fräulein	fræʉlæɪn
fråde	ˈfɾoːdə
fråtse	frɔːtse
fråtse	ˈfɾɔtsə
frø	frøː
frø	fɾøː
frøene	frøːnə
frøken	frøːkən
frøken	ˈfɾøːkən
frøkenen	frøːkən
frøkner	frˈøːknər
frøs	frøs
frøya	frøja
frøya	frøjɑ
frøya	frɛja
fsb	fsb
fsr	fsr
ft	ft
fte	ftɛ
fuchsbau	ɸʊksbɔʉ
fuck	ɸʊk
fucked	ɸʊkː
fucking	fʊkɪŋ
fudge	ɸʊgə
fuentes	ˈfʉ̂ɛntəs
fugl	fuːɭ
fugl	fʉːl
fuglekvitter	ˈfʉːgləkvɪtər
fuglen	ɸʉːglən
fuglene	ɸʉːglənə
fugler	fʉgləɾ
fuglesang	ˈfʉːgləˌsɑŋ
fuhrman	ʋʉːɾman
fuii	ʋɪɪ
fukte	ˈfʊktə
fukten	ɸʉktən
fuktet	ɸʉktə
fuktige	ɸʉktɪgə
fuktige	ˈfʊktɪə
fuktigere	ˈfʊktɪɾə
fuktighet	ɸʉktɪçɪt
fuktighetskrem	ɸʉktɪçtskræm
fukushima	ˈfʉːkɪʃʉmɑ
ful	fʉːl
fulcrum	fulkrʊm
fulgt	fulkt
fulgt	fylkt
fulgte	fulgtə
full	ful
full	fʉl
fulladet	fulˈlɑːt
fullastet	fulˈlɑstət
fullbefaren	ˈfʉlbəfɑːɾən
fullblods	fulblɔs
fullbooket	fulˈbukət
fullbyrde	ˈfʉlbʏɖə
fullbyrdet	fulbʏɾːɛt
fulle	fulː
fulle	fʉlːə
fullendt	fʉlˈlænt
fullendte	fulˈlɛntə
fuller	fullər
fullere	fʉləɾə
fullfør	fʉlˈfjøːɾ
fullføre	fulːɾøːɾə
fullføre	ˈfʉlføːɾə
fullfører	fʉlføːrər
fullkommen	fulk'mæːn
fullkommen	ˈfʉlkɔmən
fullkommenhet	fulkɔmənhɛt
fullkomment	fulkɔmːnt
fullkomne	fulkɔmnə
fullmakt	fulmɑkt
fullmakten	fulmɑktn̩
fullmakter	fulmɑktər
fullmektig	fulˈmæktɪ
fullmåne	fulˈmoːnə
fullmånen	fulˈmoːnən
fullpakket	fʉlːpɑkːət
fullsatt	fulsɑt
fullstappet	fulˈstɑpːət
fullstendig	fulstɛndɪ
fullstendig	fʉlˈstɛnɪ
fullstendige	fulˈstɛndɪgə
fullstendige	fʉlˈstɛnɪə
fullstendigere	fʉlˈstɛnɪɾə
fullstendigst	fʉlˈstɛnɪkst
fullstendigste	fʉlˈstɛnɪkstə
fullt	fult
fulltid	fʊlˈtiːd
fulltidsjobb	fultɪtsjɔb
fulltreffer	fultrɛfɛr
fullvoksen	fulˈvɔksn̩
fullvoksne	fulˈʋɔksnə
fult	fult
fult	fʉːlt
fun	fʉːn
fundament	fˈʉndamənt
fundamentalistisk	fʉnɑməntɑˈlɪstɪsk
fundamentalt	ˈfʉ̂nːdʉmɛntɑːlt
fundere	ˈfʉ̂nːɾə
funderer	ˈfʉ̂nːəɾəɾ
funderte	ˈfʉ̂nːtərə
fung	fʊŋ
fungere	ˈfʉŋːərə
fungerende	ˈfʉŋəɾənə
fungerer	ˈfʉ̂ŋəɾər
fungert	kungˈæt
fungert	ˈfʉŋəɾt
fungerte	ˈfʉŋːəɾtə
funk	fʊŋk
funka	fʉŋkɑ
funke	fʉŋkə
funker	fʉŋkər
funker	fˈunkər
funket	fʉŋkət
funkle	ˈfʊŋklə
funklende	fʉŋklɛndə
funksjon	fʉŋkʃuːn
funksjonen	fʉŋkʃuːnən
funksjonene	fʉŋskʃuːnə
funksjoner	fʉŋkʂuŋɳɐr
funksjonsfeil	fʉŋksjɔnsfɛɪ̯l
funksjonshemmede	fʉŋkˈʂuːnshɛmədə
funksjonær	fʊŋkʂuˈnæɾ
funn	fʉn
funn	fʉnː
funne	fʉnːə
funnene	fʉnːə
funnet	fʉnːt
funnstedet	fʉnːstɛdət
fure	ʋʉːɾə
fure	ˈfʉːɾə
furhage	ˈfʉːɾhɑgə
furio	ˈfʉːrio
furlong	ˈfʉːrlɔŋ
furtne	fʲɪrtna
furu	fuːɾʉ
furu	ˈfʉːɾʉ
furuset	fˈʉrusət
fus	fuːs
fusjon	ˈfʉʃʊn
fusjonen	fuʃʏn
fuske	fsʉkə
fuske	ˈfʉskə
fusker	ˈfʉʃkər
fusket	fsʉʈ
fuss	ɸʉsː
future	ˈfʉːtʉr
futuristisk	ˈfʉːtʉɾɪstɪsk
fyke	ˈfyːkə
fyken	fyːkən
fyker	fyːkɛr
fyldig	fyːɭdɪ
fyldig	ˈfʏldɪ
fyldige	fyːɭɪgə
fyldige	ˈfʏldɪə
fyldigere	ˈfʏldɪɾə
fyldigste	ˈfʏldɪkstə
fylingdales	ˈfylɪŋdɑːləs
fylke	gʏlkə
fylke	tʏlkæ
fylke	ˈfʏlkə
fylkene	fɪlkeːnɛ
fylker	ˈfylkər
fylkesgrense	fɪlkjsgrɛnsɛ
fylket	fɪlke
fylket	ˈfylkət
fyll	fɪl
fyll	ɸylː
fylla	fyːlːə
fylle	ɸylːə
fylle	ˈfʏlə
fyllekjører	ˈfylːkjøːrər
fyllekjøring	ˈfylːkœɾɪŋ
fyller	fʏlːur
fyllesjuk	fyːləʃʉːk
fyllest	fyːlɛst
fyllesvin	ˈfylːəsʋɪn
fyllesyk	fyːləʂʏk
fylliken	ˈfʏlɪkən
fylliker	fyːlɪkɛr
fyllinga	ɸʏlɪŋɑ
fyllt	ɸylːt
fylt	fylt
fylt	fʏlt
fyn	fʏn
fyr	fyːr
fyr	fyːɾ
fyrbøter	fyrbøːtər
fyre	fyːɾə
fyre	ˈfyːɾə
fyrene	ˈfʏːɾənə
fyrens	ˈfʏːrəns
fyrer	fiːrˈɛ
fyrer	ˈfyːɾəɾ
fyrer	ˈfʏːrər
fyret	fyːɾət
fyrrommet	ˈfʏrɾɔmːə
fyrs	ʋyːʂ
fyrst	ʋʏʁst
fyrste	fiʃtɛ
fyrstelig	ˈfʏʂtəlɪ
fyrstelige	ˈfʏʂtəlɪə
fyrsteligere	ˈfʏʂtəlɪɾə
fyrsteligst	ˈfʏʂtəlɪkst
fyrsten	ˈfʏʂtən
fyrstikk	ʋʏɾstɪk
fyrstikk	ˈfyːʂtɪk
fyrstikke	fyʃtikːe
fyrstikken	ˈfʏrstɪkən
fyrstikkene	ʋʏɾstɪkːənə
fyrt	fyːɾt
fyrte	ʋʏɾtə
fyrtårn	ˈfʏɾtɔːɳ
fyrtårnet	ˈfʏʈɔːɳə
fyrverkeri	ˈfʏːɾvɛɾɪ
fyrverkeriet	ˈfʏːʋæɾkəɾɪt
fysiker	ˈfʏsɪkəɾ
fysikere	ˈfʏsɪkəɾə
fysikk	ˈfʏsɪk
fysikken	ˈfʏsɪkən
fysikkens	ˈfʏsɪkəns
fysiologi	fusiologi
fysiologi	ˈfʏsioˌlogi
fysioterapeut	ˈfʏsjɔtɑˌrɛpɛt
fysioterapeuten	ˈfysjoːtæɾɛːʉn
fysioterapi	ˈfysjɔtæɾɑpɪ
fysiske	ˈfʏːsɪkə
fysj	fyːʂ
fysne	fʲiːsn
fytte	fyːtːə
fytti	fyːtːi
fà	faː
fá	faː
fábio	faːbioː
fâ	faː
fã	faː
fä	feː
fär	feːr
fätt	fæːt
få	foː
få	fɔ
få	fɔː
fåfengt	foːfɛŋt
fåfengt	ˈfoːfɛŋt
får	foːr
får	foːɾ
får	fɔː
fåreklær	foːɾəklæːɾ
fårete	ˈfoːɾətə
fårjeg	foːrjɛg
fås	foːs
fåtall	foːtal
fæl	fæːl
fæle	feːlə
færreste	feːɾstə
færreste	fˈɛrɪstɪ
færøyene	feːɾœʏənə
færøysk	ˈfæːɾœjsk
fòr	foːɾ
fór	foːr
fór	fuːɾ
fôr	foːr
fôre	fɔːɾə
fôrer	foːrər
fôret	fɔːɾət
fø	føː
fø	fɯə
føde	foːd̥ə
føde	ˈføːdə
fødeavdeling	føːdˌɑːvdəlˌɪŋ
fødeavdelingen	føːdəɑːvːəlɪŋ
fødekvinne	fˈøːdəkvˈɪnə
føden	føːdən
føder	føːd̥ər
føder	føːd̪ɪ̞r
føderal	føːd̥ɛɑːl
føderal	fədəɾaːl
føderale	føːdæɾɑːlə
føderalt	føːdæɭt
føderalt	fˌɛdɚˈɑlt
føderasjon	føːdæɾɑˈʃuːn
føderasjonen	føːdæɾɑsɔn
føderasjonens	fœdæraʃuŋən
fødes	føːdəs
fødested	føːdəsteːd
fødested	fœdɛstɛt
fødestedet	føːdɛstɛt
fødsel	ˈfœtsəl
fødselen	føːɬsələn
fødselsattest	fødsəlsˈɑtːəʃ
fødselsattesten	fødsəlsˈɑtːəstən
fødselsdag	fødsəlsdaː
fødselsdag	ˈfœtsəlsdɑːg
fødselsdagen	fødsəlsdaːgən
fødselsdager	fødsəlsdaɪ̯ər
fødselsdagsfest	fødsəlsdɑgsfɛst
fødselsdagsgave	fødsəlsdaːgæʋə
fødselsdato	fødsəlsdaːtuː
fødselsdatoen	fødsəlsdɑːtʉn
fødselskirka	fødsəlʃçɪɾkɑ
fødselsmerke	fødsəlsˈmæɾkə
fødselsmerket	fødsəlsˈmæɾkət
fødselsrett	fødsəlsʁet
fødsler	fˈøtslər
født	fœt
født	fˈɛt
fødte	føːtə
føflekk	føːflak
føflekk	føːflɛk
føflekken	føːflɛkːən
føier	føɪ̯ər
føies	fœjəs
føig	føɪ̯k
føige	føɪ̯gə
føiger	føɪ̯gər
føite	føːtə
føkk	føk
føkk	fˈɛk
føkka	foːkka
føkker	føkːər
føkket	fˈɛkat
føl	fœl
føle	føːlə
føle	ˈføːlə
følelse	føːləɬsə
følelse	ˈføːləlsə
følelsen	føːləsn̩
følelsene	føːləlsənə
følelser	føːləɫsər
følelsesladet	føːləɬɛsɛɭɛt
følelsesløs	føːləɬɛsloːs
følelsesløs	ˈføːləlsəsløːs
følelsesmessige	føːləɫɛsmesiː
føler	føːlə
følerjeg	føːləjɛg
føles	føːləs
følg	føɭ
følg	fœl
følge	føːɭgə
følge	ˈfœlə
følgelig	føːɭgəlɪ
følgende	føːgləŋə
følgene	føːgənə
følger	føːɭgər
følgere	føɭgəɾə
følgerne	føːɭgəɳə
følges	føːɭgəs
følgesvenn	fœlgəsvɛn
følgesvenner	foːlgɛsvɛnːər
følget	fœlgət
føll	føl
føllet	fœlːət
følsom	føːlsɔm
følsom	ˈføːlsɔm
følsomhet	føːlsɔmhɛt
følsomme	føːlsɔmə
følsomt	foːlsɔmt
følt	følt
følt	fˈøːlt
følte	fœltə
føltes	føltes
føn	føːn
føn	søːn
føne	ˈføːnə
føniks	føːnɪks
fønsmark	fœnsmark
før	føːr
før	føːɾ
førde	furta
føre	føːr
føre	ˈføːɾə
fører	føːrɛr
førere	føːrɛːɾə
føreren	føːrən
førerens	ˈfœːrəns
førerkort	føːɾɛgɔɾt
førerne	føːrənə
føres	føːɾəs
føringen	føːrɪŋə
førjeg	føːrjɛg
førskole	føːɾskɔːlə
førskolen	føːɾskɔlən
først	føɾst
først	fœʂt
første	føːʂtə
første	fœʂtə
første-orden	føːrsteɔɾdn̩
førstebetjent	føːrstəbæɪ̯çɛnt
førstebetjenten	føːrstəbæɪ̯ˈçɛntn̩
førstedame	føːɾstədæːmə
førstefødte	føːrstəføːtə
førstehjelp	føːrstejɛlp
førstehjelp	ˈfœʂtəjɛlp
førstehjelpsskrin	føːrstejɛlpsskriːn
førstehjelpsskrinet	føːrstejɛlpsskriːnət
førstehjelpsutstyr	føːrstejɛlpsʉtʃʉːr
førstehånds	ˈfœʂtəhɔns
førsteinntrykket	føːrsteːntrʏkːə
førsteklasse	føːrsteklɑsːə
førsteklasses	ˈfœʂtəklɑsəs
førsteklassinger	føːrstɛklɑsɪŋər
førstelaget	føːrstəlægət
førstemann	føːrstəman
førsteoffiseren	føːrsteɔfɪsɛɾən
førsteplass	føːrʂtəplɑs
førsteplassen	føːrʂtəˈplɑsːn̩
førstepremien	føːrstɛpɾɛmɪən
førsteprioritet	føːrstɛpʁiɔːɾɪtɛt
førsterett	føːrstɛʈ
førsteretten	føːrstɛrɛtn̩
førstesersjant	føːrstɛsɛrʃɑnt
førstesiden	føːrstəsɪdən
førsteutgave	føːrstɑːtgɑːvə
førsteåret	føːrsteːɑːrɛt
førsteårsstudent	føːrstæɾsstuːdent
ført	foːɾt
førte	ʏːɾɛ
førti	føːɾtɪ
førti	ˈfœʈi
førtifem	foːrtiːfɛm
føttene	føtːn̩
føtter	føtːər
føtter	fˈøtːər
føy	fœʏ
føye	føːjə
føye	ˈfœjə
føyelig	føʏəlɪg
føyelig	ˈfœjəlɪ
føyelige	føjəliːgə
føyelige	ˈfœjəlɪə
føyeligere	ˈfœjəlɪɾə
føyeligste	ˈfœjəlɪkstə
føyer	føɪ̯ɛɾ
führeren	fyːrən
führerens	ˈfʏːləʁəns
fĺ	fl̥
fĺr	fl̥ɾ
fĺtt	fl̥t
fřler	fr̥lɛɾ
fřr	fr̥ː
fřrste	fr̥ʂtə
g	g
g	gɛː
g-er	gɛːr
g-krefter	gkrɛftər
g-punktet	g̊pʉŋktɛt
g-streng	gʂtrɛŋ
ga	gɑː
gabbro	ˈgɑbɾu
gabby	gɑbɪ
gabe	gɑːb̥ə
gable	gɑːblə
gables	gɑːbl̥əs
gabriel	gɑːbɾiɛ̯l
gabriela	gɑːbɾíɛ̯lɑ
gabriella	gabriˈɛlla
gabriella	gɑːbɾi̝ɛlɑː
gabrielle	gabriˈɛl
gabrielle	gɑːbɾiˈɛlːə
gabriels	gɑːbɾiəls
gaby	gɑːbʏ
gacha	gɑːχɑː
gadd	gad
gadd	gɑːd
gaddafi	gɑdɑfi
gadget	gɑːdgɛt
gadreel	gɑːdɾeːl
gadze	gɑːdsə
gael	gæɛl
gaffateip	gɑfːɑteɪp
gaffel	gɑfəl
gaffel	kaffel
gaffel	ˈgɑfəl
gaffelen	gɑfələn
gaffeltruck	gɑfəltrʉk
gaffney	gɑfni
gafler	gaflɛr
gafler	gɑːflər
gaga	gɑːgɑː
gagarin	gɑːgɑːrɪn
gagn	gɑːɲ
gagne	gɑːɲə
gagne	ˈgɑŋnə
gagner	gɑːɲər
gagnet	gɑːnːət
gai	gæɪ
gaia	gæɪ̯ɑ
gaide	ka˩˥ːn
gail	gæɪ̯l
gaines	gæɪ̯nəs
gait	gæɪt
gaius	gæɪʉs
gal	gɑːl
galactica	gɑˈlɑktɪkɑ
galahad	gɑːlɑːhɑːd
galakse	gɑˈlɑksə
galaksen	gɑˈlɑksən
galaksens	gɑlɑkˈsɛns
galakser	gɑˈlɑkʂər
galaktisk	gɑlɑkˈtɪsk
galaktiske	gɑlɑkˈtɪskə
galant	gɑˈlɑnt
galant	gɑːlɑnt
galante	gɑˈlɑ̀ntə
galasso	gɑˈlɑso
galavant	gɑːlɑːvɑːnt
gale	gɑːlə
gale	ˈgɑːlə
galeano	gɑːlæˈnɔ
galehus	gɑːləhʉs
galehuset	gɑːləˈhʉːsə
galella	gɑːlɛlɑː
galen	gɑːlən
galer	gɑːlɛɾ
galer	gˈɑlid
galere	gɑːˈleːɾə
gales	gɑːlɛs
galeste	gɑːˈlɛstə
galgen	gɑːlgən
gali	gɑːlɪ
galileo	gɑlɪˈleːu
galimatias	golimɔtias
galina	gɑːlɪnɑː
galing	gɑːlɪŋ
galla	gala
galla	gɑlːɑ
gallaen	gɑlːɛn
gallagher	gɑlɑɾ
gallano	gɑlːɑnʊ
galle	gɑːlə
galleblæren	gɑlːəˈblæːɾən
gallere	gɑˈlːɛɾə
galleri	gɑləˈɾiː
galleri	gɑlːɛɾɪ
gallerier	gɑˈlɛɾɪɛɾ
galleriet	gɑˈlæɾɪt
gallery	gæˈlɛːɾi
gallia	gɑlːɪɑ
gallinger	gɑlɪŋər
gallipoli	gɑlɪˈpɔlɪ
gallo	gɑːlːuː
gallon	gɑlːɔn
galloway	gɑˈlɔɑː
gallup	gɑlːʉp
gally	gɑlːi
galne	gɑːlnə
galning	gɑːlɪŋ
galningen	gɑːlɲɪŋən
galningene	gɑːlɪŋənə
galninger	gɑlŋiŋiɾ
galninger	gɑːlɲɪŋər
galopp	gɑlɔp
galopp	gɑˈlɔp
galoppere	gɑlɔˈpeːɾə
galoppere	kaluppæːræː
galskap	gɑːlʂkɑːp
galskap	ˈgɑːlskɑːp
galskapen	gɑːlʂkɑːpən
galt	gɑːlt
galte	gˈaltɑ
galtvort	gɑːltvɔɾt
galvatron	gɑlvɑtɾɔn
galveston	gɑːlʋɛstɔn
galvez	gɑːlvɛs
galvin	gɑːlʋɪn
galán	gɑːlɑːn
gamasjer	gamɑːʃɪr
gambit	gɑmˈbɪt
gamble	gambɾa
gamble	gɑmbl̩
gambler	gɑmblɛr
gamblere	gɑmblɛːɾə
gamblet	gɑmblɛt
gambling	gæmblɪŋ
gamblingen	gɑmblɪŋən
gamby	gɑmbiː
game	gæːm
games	gæːmz
gamet	gɑːmɛt
gamie	gɑːmɪ
gamla	gɑːmlɑ
gamle	gɑːmlə
gamle	kɐ̃mlɛ
gamlebyen	gamlʲɪbʲijən
gamlebyen	gɑmləbyːən
gamlebyen	gɑːmləbyːn
gamledager	gɑːmləˈdeːgər
gamlefar	gɑːmləˈfɑːr
gamlehjem	gamlʲijæm
gamlehjem	gɑːmlɛːjɛm
gamlehjemmet	gɑːmlɛːjɛmːə
gamlekjæresten	gɑːmlɛçæɾɛstən
gamlelandet	gɑːmləˈlæɪ̯tə
gamlemor	gɑːmləmoːr
gamlemåten	gɑːmləˈmøːtən
gamles	gɑːml̥s
gamling	gamlˈiŋ
gamling	gɑːmlɪŋ
gamlingen	gɑmˈlɪŋə
gamlingene	gɑːmliŋɛnə
gamlingens	gɑːmlɪŋəns
gamlinger	gɑmˈlɪŋər
gamma	gɑmːə
gammal	gɑːmɑːl
gammei	gɑmːɛɪ
gammel	gɑmːəl
gammel	ˈgɑmɑl
gammel	ˈgɑməl
gammeldags	gɑmbɛldɑks
gammeldags	gɑmːəlˈdɑːks
gammeldags	ˈgɑməldɑks
gammeldagse	gɑmːəlˈdɑgsə
gammelsmurf	gɑmːəlsmʉɾf
gammelt	gɑmːl̩t
gammen	gɑmːn̩
gammer	gɑmɛr
gammern	gɑmːɳ
gamp	gɑmp
gandalf	gɑːnˈdɑːlf
gandalv	gɑnːdɑlv
gane	gaːnə
gane	ˈgɑːnə
ganen	gɑːnən
ganesh	gɑːnɛʃ
gang	gɑŋ
gang	kãŋ
gang	ˈgɑŋ
gangavstand	gɑŋgɑvstɑn
gangbro	kˌɑŋbɹu
gangbroen	gɑŋbrœn
gangbru	gɑŋbɾʉː
gange	gɑŋːə
gange	ˈgɑŋə
gangen	gɑŋn̩
gangen	gɑŋən
gangen	ˈgɑŋən
gangene	gɑŋnə
ganger	gɑŋːər
ganget	gɑŋːət
gangfelt	kəngfɛl
ganglaget	gɑŋlɑgət
gangs	gɑŋs
gangsta	gɑŋsta
gangster	gɑŋstɛr
gangster	kæŋstɪ̞r
gangstere	gæŋʲstɾæ
gangstere	gɑŋstɛɾə
gangsteren	gɑŋstɛɾən
gangsterne	gɑŋstɛɳə
gangvei	gɔngvaj
ganja	gɑnjɑ
gann	gɑn
gannon	gɑnɔn
ganske	gɑːnʃə
ganske	ˈgɑnskə
gant	gɑːnt
ganz	gɑnː
gao	gɔ
gap	gɑːp
gape	gɑːpə
gape	gˈaːpa
gape	ˈgɑːpə
gapende	gɑːpənə
gaper	gɑːpɛr
gapestokken	gɑːpəˈstɔkən
gapet	gɑːpət
gar	gɑːr
garak	gɑːrɑk
garantere	gɑɾɑnˈteːɾə
garantere	gɑːnɑˈtɛːɾə
garanterer	gɑːnɑˈtɛrər
garantert	gɑːnɑːˈtɛːɾt
garanterte	gɑːnɑtɛɾtə
garanti	gɑrˈantiː
garanti	gɑɾɑnˈtiː
garanti	gɑːˈrɑnti
garantien	gɑˈrɑntɪən
garantien	k̚ˀɑːrant̪iːˀ˩ɛn
garantier	gɑˈrɑntɪə
garantier	kaɾantjeː
garasje	garaːʃə
garasje	gɑːɾɑʃə
garasjen	gɑːɾɑʃɛn
garasjer	gɑːɾɑʃɛɾ
garasjesalg	gɑːɾɑːʃɛsɑːlg
garber	gɑːrbɛr
garbo	gɑɾbuː
garcia	gɑɾtʃɑ
gard	gɑːɖ
gardbruker	gaːrˈbrʉkər
garde	gɑːɖə
garde	ˈgɑɖə
garden	gɑːɖn̩
gardenia	gɑːɾdiːniːə
gardens	gɑːɾdɛns
gardere	gɑˈɖeːɾə
gardermoen	gɑːɾd̥əˈmuːn
garderobe	gɑɖəɾoːbə
garderobeskap	gɑːɾdɛɾuːbɛskɑːp
gardin	gɑɾdɪn
gardin	gɑˈɖiːn
gardinen	gɑɾdiːn̩
gardinene	gɑɾdɪnə
gardiner	gɑːɾɪnɛɾ
gardinet	gʌrdˈiːnət
gardist	gɑˈɖɪst
gardner	gɑːɳɳər
gare	gɑːɾə
gareth	gɑːɾɛt
garfield	gɑːɾfɪld
garfunkel	gɑːɾfʉŋkəl
gargamel	gɑːɾgɑːmɛl
garibaldi	gɑːrɪbɑːlɪ
garn	gɑːn
garn	gɑːɳ
garner	gɑːnɛɾ
garnett	gɑːnɛt
garret	gɑrːɛt
garrett	gɑrɛt
garrigan	gɑrɪgɑn
garroway	gɑˈɾɔʋɑɪ
garry	gɑrɪ
garsiv	gɑːɾsɪf
garson	gɑːɾsɔn
gartner	gɑːʈn̩
gartner	gəɹtnər
gartnere	gɑːʈnəɾə
gartneren	gɑːtnəɾən
garver	gɑːʋər
garvey	gɑːɾvɑɪ
garvin	gɑːɾʋɪn
gary	gɑːɾiː
garys	gæɾɪs
gas	gɑːs
gasbind	gɑːsbɪn
gasbind	gˈaspˈɪn
gascoigne	gɑːʃkɑɪn
gaselle	gɑˈsɛlə
gashade	gɑːˈʃɑːd̥ə
gaspar	gɑːspɑːr
gass	gɑsː
gasse	gɑsə
gasse	ˈgɑsə
gassen	gɑsːn̩
gasser	gɑsːər
gasset	gɑsɛt
gassflaske	ˈgɑsflɑskə
gassindustrien	gɑsɪndʉˈstrɪən
gasskammeret	gɑsːkɑmːər
gasslekkasje	gɑsːlɛkːɑʃː
gassmaske	gɑsːmɑskə
gassmasker	gɑsːmɑskər
gasspedal	gaspedɑl
gasspedalen	gɑsːpɛdɑlən
gassplanet	gasplanət
gast	gˈast
gaston	gɑstɔn
gastronomisk	gastronˈomɪsk
gata	gɑːtɑ
gate	gɑːtə
gate	ˈgɑːtə
gateau	gɑːtəʊ
gategutt	gɑːtəgʉtː
gatelangs	gɑːtəlɑŋs
gaten	gɑːtən
gaten	kaˈt
gatene	gɑːtənə
gater	gatˢɛr
gater	gɑːtər
gates	gɑːtəs
gatewood	gɑːtəʋuː
gatiss	gɑtɪs
gatlin	gɑːtliːn
gator	gɑːtɔr
gatorade	gɑːtɔɾɑːd
gauk	gæwk
gaule	ˈgæʉlə
gaulle	gɔlːə
gaunt	gɑʊ̯nt
gaupe	gæʉ̯pə
gaupe	ˈgæʉpə
gaut	gɑʉ̯t
gautam	gɑʉ̯tɑm
gav	gɑːʋ
gave	gɑːʋə
gave	ˈgɑːʋə
gavebutikken	gɑːvəˈbʉːtɪkən
gavekort	gɑːʋəˈkɔʈ
gaven	gɑːʋən
gavene	gɑːʋənə
gaver	gɑːʋər
gavin	gɑːvɪn
gaviria	gɑːʋɪɾɪɑː
gavl	ˈgɑʋl̩
gavling	gɑːvlɪŋ
gavmild	ˈgɑːʋmɪl
gavmilde	gɑːvmɪldə
gavmildhet	gɑːvmɪldhɛt
gavmildt	gɑːvmɪlt
gawain	gɑːˈʋæɪn
gay	gæɪ
gaye	gæɪ̯
gayle	gæɪ̯l
gaza	gˈɑsa
gebiss	gəbɪs
gebisset	gəˈbɪsː
geboren	gəˈboːɾən
gebrokken	gəˈbɾɔkən
gebyr	geːbʏɾ
gebyr	gəˈbʏr
gebyr	kebiɾ
gecko	gɛkːʊ
gedigen	gəˈdiːgən
gee	geː
geek	gɛɪk
gehen	ˈgeːən
gehør	gøːr
geiger	gæɪ̯gɛ́ɾ
geillis	gæɪlɪs
geilo	jai̯lo
geipe	jˈaɪp
geir	gajr
geir	gæɪ̯r
geiranger	gajroŋer
geirmundur	çæɪ̯rmʉnːʉr
geirr	gæɪr
geistlig	gæɪstlɪ
geistlig	kajsklɪm
geistlig	ˈgæɪstlɪ
geistlige	gæɪstliːgə
geistlige	ˈgæɪstlɪə
geistligere	ˈgæɪstlɪɾə
geit	gæɪ̯t
geit	jæɪt
geit	jˈajt
geita	gæɪ̯tɑ
geita	jæɪtɑ
geitemannen	gæɪ̯təˈmanːən
geitemelk	gæɪ̯təmelk
geiten	gæɪ̯tən
geiten	jæ̝itːɛn
geitene	gæɪ̯tənə
geiter	gæɪ̯tər
geiter	jæ̝jtɪ̞r
geitost	gæɪ̯tɔst
geitost	jajtʊst
geitost	jæɪtʊst
gekko	gekːˈo
gele	jeːlə
gele	ʃɛleː
geledd	gɛlɛd
geleen	geːlən
gelender	gæ̹lændɪ̞r
gelenderet	gɛlɛndəɾɛt
geller	gɛlːər
gellhorn	gɛlːhɔrn
gelula	gɛlʉlə
gelé	gɛːlə
gem	gæm
gemakker	gəˈmɑkːər
gemen	gəˈmeːn
gemene	gəˈmeːnə
gemma	gɛmːɑ
gen	gˈɛn
gena	gæːnə
gendry	gɛnːrʏ
gene	gæːnə
genene	ˈgeːnə
gener	gɛnɛr
generai	gɛnəɾɑɪ
general	gənɛɾɛl
generaladvokaten	gənɛɾɑlɑdʋuˈkɑtən
generalen	gəˈnæːrələn
generalene	gənɛɾɑlɛnə
generalens	gəˈnɛːɫəns
generaler	genəɾɑlɛɾ
generalfeltmarskalk	genəɾɛlˈfɛltmɑʂkɑɭk
generalforsamlingen	gəˈnæːɾəlˌfoːʂɑmˈlɪŋən
generalisere	gɛnəɾɑlɪˈseːɾə
generalprøve	gənɛɾɛlˈproːvə
generalprøven	gəˈnɛːɫprøːʋən
generals	gɛnəɾɑːls
generalsekretæren	gəˈnɛːɾɑːlseˌkɾɛːtæːɾən
generasjon	gɛnəɾɑʃuːn
generasjonen	genəɾaʃən
generasjons	gəˈnɛɾɑˌsjuːns
generator	gənərator
generatoren	gənəratuːrn
generatoren	gɛnəɾaˈtɔɳəɾ
generatorene	gənəratɔɾnə
generell	genəˈrɛɭ
generelle	gənərˈɛlə
generelle	gənəˈɾɛlə
generere	gɛnəˈɾeːɾə
genererer	gæˈnɛːrər
generisk	gʲɛnɛːrʲɪsk
genesis	ˈgeːnəs
genest	gəˈnɛst
genet	gəˈnɛt
genetikk	gəˈnɛtɪk
genetisk	gəˈnɛtɪsk
genetiske	gəˈnɛːtɪskə
geneve	gəˈnɛːvə
genevieve	gɛːnəˈviː
geni	gæːnɪ
genial	gənɪˈɑːl
genial	gəˈniːɑːl
genial	knˈiːal
geniale	gəˈniːɑ̯lə
genialt	gəˈniːɑlt
genie	gəˈniː
geniene	gæɪnɪənə
genier	gəˈniːɾ
geniet	gəˈniːt
genistrek	gəˈnɪstɾɛk
genmodifisert	gæ̀ːnmʊdɪfɪʂtɛʁ
gennaro	gɛnːɑːɾʊ
genny	gæɲː
genoa	gəˈnʊɑ
genomet	gəˈnuːmət
genova	gəˈnʊːvə
genova	gʲiːɛnɔva
genser	gʲɪnsiɾ
genser	ˈgɛnsəɾ
genseren	gɛnˈsæːɾən
genseren	ˈgɛnsæɳ
genserne	gɛnsæɳə
gentlemannen	gɛntləˈmanːən
gentlemen	gentlemən
gentlemen	ʒɛntləmɛn
genug	gəˈnuːk
genuin	gənʉˈiːn
genuin	gəˈnʉɪn
geoff	gæʊf
geoffrey	gɛɔfriː
geografien	gɛɔˈgrɑfɪən
geolog	gæʊ̯ˈlɔg
geolog	kʲeɔlɔk
geologi	keuluki
geometri	gəʊˈmɛːtʀiː
georg	gɛork
georges	gœɾɪgs
georgette	gœrgɛtə
georgi	gœʁgi
georgia	gæɾgiːə
georgie	gœrgiː
gepard	gepaɾid
gepard	gæpɑɾt
geppetto	gɛpɛtə
ger	gæɾ
gerak	gæɾɑk
gerald	gæɾˈɛɭ
gerald	gˈɛralt
geraldine	gæɾlɑːdɪn
geraldo	gæɾɑldɔ
gerard	gæɾɑːɾ
gerber	gæɾbɛɾ
gerda	gæɾdɑ
gere	gæːɾə
gergich	gæɾçɪç
gerhard	gæɾˈhɑɾ
gerhardt	gæɾt
geri	gæɾiː
gerilja	gɛɾɪlja
gerilja	gɛˈɾɪljɑ
geriljaen	gæɾɪlʲɑːn
geriljagruppe	kɛrilɪɔgrupːɛ
german	gæɾmɑn
germania	gæɾˈmɑːnɪə
germanicus	gæɾmɑnɪkʉs
germanske	gæɾˈmɑ̀ʂkə
gerner	gæɳn̩ɾ
geronimo	gæɾoˈnɪmo
gerri	gæɾːɪ
gerry	gæʁː
gerstein	gæɾˈʃæɪ̯n
gert	gæɾt
gertie	gæɾtɪ
gerty	gæɾti
gervais	gɛɾˈʋæɪs
gesims	gɛˈsɪms
gesims	kæsimis
geskjeft	gɛʃçɛft
geskjeften	gɛʃçɪftən
geskjeftig	gəˈʂɛftɪ
geskjeftige	gəˈʂɛftɪə
geskjeftigst	gəˈʂɛftɪkst
geskjeftigste	gəˈʂɛftɪkstə
gest	gɛst
gestapo	gɛsˈtɑːpʰo
gesten	gɛstən
gester	gɛstər
get	gɛt
gettin	gɛtɪn
getting	gɛtɪŋ
getto	getːu
getto	gɛtːʊ
gettysburg	gɛtɪsbɜːɾg
getz	gɛts
gevant	gəvˈant
gevinst	geːˈʋɪnst
gevinst	gəʋɪnst
gevinsten	gəʋɪnstən
gevinster	gæʋɪnstɛr
geviret	gəˈʋiːɾət
gevær	gɛˈʋæːr
geværene	gɛːʋæːɳə
geværer	gɛˈvɛːɾ
gewinnen	gəˈʋɪnən
gg	gː
ghani	gɑːnɪ
ghetto	gɛtə
ghettoen	gɛt̪ːʉːn
ghostbusters	gɔstbʉstərs
ghovat	gɔvɑt
ghul	gʉːl
gi	giː
gi	jiː
gi	jɪ
giad	giɑːd
giambi	giɑmbi
giancarlo	gɪɑːnˈkɑːɭoʊ
gianna	gɪɑnːə
giants	giɑ̀nts
giass	gɪɑsː
gibbins	gɪbɪn
gibbons	gɪbːɔn̥
gibert	gɪbɛɾt
gibraltar	gɪbɾɑˈlɑːɾ
gibson	gɪbsʊn
gick	gɪk
gid	giːd
gidde	gɪdːə
gidde	ˈgɪdə
giddeløs	ˈgɪdəløːs
gidder	gɪdːər
giddet	gɪdət
giddy	gɪdɪ
gideon	giːˈðɔn
giem	giːm
giemme	gɪ̀ːmə
giemmer	giːmːər
giemt	gíəmt
giemte	gi̯ɛ̝mtə
gift	gɪft
gift	jɪft
gifta	gifta
gifta	gɪftɑ
gifte	gɪftə
gifte	ˈjɪftə
giftekniv	gɪftəknɪv
giftemål	gɪftəmoːl
giften	gɪftn̩
gifter	gɪftər
giftering	gɪftəɾɪŋ
gifteringen	gɪftəɾɪŋə
giftermål	gɪftəɾmɔːl
giftermålet	gɪftəɾmɔːlə
giftes	gɪftəs
giftet	giftet
giftet	gɪftə
giftig	jɪftɪ
giftig	ˈjɪftɪ
giftige	gɪftɪgə
giftstoffer	gɪftˈstɔfər
gig	gɪg
gigante	gɪˈgɑ̀ːn̩tə
giganter	gɪgɑntər
gigantisk	gɪˈgɑntɪsk
gigantiske	gɪˈgɑ̀ntɪskə
gigen	giːgən
gigi	giːgiː
gigolo	gɪgɔluː
gigs	gɪks
giipp	gɪpː
gikt	gɪkt
gil	gɪl
gilbert	gɪlbɛɾt
gilberts	gɪlbɛʂ
gilcrest	gɪlkrɛst
gilda	gɪlda
gilfoyle	gɪlfɔɪ̯l
giljotinen	gɪljɔtɪn̪ən
gill	gɪlː
gillespie	gɪlˈspiː
gilliam	gɪlɪɑːm
gillian	gɪlɪɑːn
gilligan	gɪlɪˈgɑn
gillingham	gɪlɪŋhæm
gillom	gɪlːɔm
gillon	gɪlɔn
gilly	gɪlːə
gilman	gɪlmɑn
gilmore	gɪlˈmʊːɾə
gilroy	gɪlˈrɔɪ
gilt	gɪlt
gimmick	gɪmɪk
gin	dʑin
gin	gɪn
gina	giːnɑ
ginas	gɪnɑs
ginger	gɪŋːər
ginny	gɪnːi
gino	gɪnʊ
ginsberg	gɪnsbær
giosué	gɪu̯ˈsʉːə
giovanni	gɪɔˈvɑnːɪ
gips	gɪps
gips	ljps
gipse	ˈjɪpsə
gipsen	gɪpsən
gipsy	gɪpʂi
gir	giːr
gir	giːɾ
gira	giːɾɑ
gire	giːɾə
girer	giːɾə
giret	giːɾət
giret	gjˈɾæ
girkassa	giɾˈkɑsːə
girkasse	giɾkɑsə
girkasse	ˈgiːɾkɑsə
girkassen	gɪɾkɑs̬n̩
girl	gɪɭ
girls	gɪɭs
giro	ʃiːrɔ
girspaken	gɪɾspɑːkən
gis	giːs
gisela	giːsɛlə
gisgis	gɪsçɪs
gislaug	gʲiʃlɔg
gisle	gɪslə
gisle	gʲɛslɛ
gislene	gɪsˈleːnə
gislene	kesliˈnɯ
gisler	gisleːr
gisler	gɪsləɾ
gisp	gɪsp
gisp	jˈɪsp
gispe	gɪspə
gispe	ˈjɪspə
gisper	gɪspər
gispet	gɪspɛt
gissel	gisˈl
gissel	gɪsːəl
gissel	ˈgɪsəl
gisseldrama	gɪsəlˈdrɑːmɑ
gisseldrama	jisseldramə
gisselet	gɪsːəlɛt
gisselsituasjon	gɪsəlsɪtʉɑːʃuːn
gitar	gɪˈtɑːr
gitaren	gɪˈtɑːɾən
gitarene	gɪˈtɑːɾənə
gitarer	gɪˈtɑːɾəɾ
gitarist	gɪˈtɑːrɪst
gitarist	kitˈaɣˈist
gitaristen	gitarɪstɪn
gitaristen	gɪtɑɾɪstən
gitarister	gitɑristɛr
gitle	jɪtlæ
gitmo	gɪtmoː
gitrene	gjt̪r̥ɪ̞nʌ
gitt	gɪtː
gitt	jˈɛt
gitte	gɪtːə
gitter	gjtːɪ̞r
gitter	gɪtːəɾ
gitteret	gitːiɾa
gitteret	gɪtəɾət
gittes	gɪtːə
giuseppe	giʉˈsɛpə
giv	giːʋ
givakt	gɪˈvɑkt
givende	giːvənə
givende	jˈɪvəndə
giver	giːvər
givere	giːʋəɾə
giveren	gɪːʋəɾən
giza	giːsɑ
gj	gɪ
gjedde	gjɛ́ːd̥ə
gjeider	gjæɪ̯dər
gjeld	bjˈɛl
gjeld	gjɛld
gjeld	jɛl
gjelda	gjɛlda
gjelde	gjɛ́ldə
gjelden	gjɛldən
gjeldende	gjɛlːdɛn̩
gjelder	gjɛldər
gjelds	gjɛlds
gjeldsbrevet	gjɛldsbrɛːvət
gjelle	ˈjɛlə
gjem	gjæm
gjeme	gʏ̂ːmə
gjemme	gjɛmːə
gjemme	ˈjɛmə
gjemmer	gjɛmːər
gjemmes	gjɛmːəs
gjemmested	gjɛmːəstɛt
gjemmesteder	gjɛməsteːdər
gjemmestedet	gjɛmːəˈstɛːt
gjemsel	gjemsəl
gjemt	gjæmt
gjemt	kjemts
gjemte	gjɛ̀ːmtə
gjen	gjɛn
gjenbruk	gjɛnbrʉk
gjenerobre	gjɛnəˈruːbrə
gjenferd	gjɛnˈfɛɾ
gjenferdet	gjɛnˈfɛɾːət
gjenforene	gjɛnfuːrənə
gjenforeningen	gjɛ̀ːnfuːɾɛɪŋən
gjenforent	gjɛnfuːɳt
gjenfødelse	gjɛnˈføːdləsə
gjenfødes	gjɛnˈføːds
gjeng	gjæŋ
gjenganger	gjɛŋgɑŋər
gjengangere	gjɛŋgɑŋɛɾə
gjengangerne	gjɛŋgɑ̀ŋn̩ɾə
gjenge	ˈjɛŋə
gjengen	gɪ̀ɪŋən
gjengene	gjɛŋːə
gjenger	gjɛŋər
gjengi	ˈjɛnjiː
gjengjeld	gjɛŋgɛld
gjengjelde	gjɛŋgɛldə
gjengjeldelse	gjɛŋjɛlˈdælsə
gjengjelder	gjɛŋjɛɭdər
gjengjeldt	gjɛŋgjɛlt
gjengjeldte	gjɛŋgɛltə
gjengmedlem	gjɛŋmɛdlɛm
gjengmedlemmer	gjɛŋmɛdlɛmːər
gjeninnføre	gjɛnɪnføːɾə
gjeninnsatt	gjɛnɪnsɑt
gjeninnsette	gjɛnɪnˈsɛtə
gjenkjennelig	gjɛnçɛnəlɪg
gjenkjenner	gjɛnˈçæ̂nːər
gjenkjent	gjɛnçɛnt
gjenkjente	gjɛnçɛntə
gjenklang	gjɛnˈklɑŋ
gjenkomst	gjɛnˈkɔmst
gjenlyd	gjɛnˈlyː
gjennom	gɪnːʊm
gjennom	ˈjɛnɔm
gjennomboret	gjɛnɔmbɔːɾət
gjennombruddet	gjɛnːɔmˈbrʉtː
gjennomførbart	gjɛnːɔmfœɾːbɑɾt
gjennomføre	ˈjɛnɔmføːɾə
gjennomfører	gjɛnːɔmˈføːrər
gjennomføres	gjɛnːɔmfœːɾəs
gjennomført	gjɛnːʊmfʏːʈ
gjennomført	jennˈɔmføːrt
gjennomførte	gjɛnːʊmfʉtʃə
gjennomgang	gjɛnːɔmgɑŋ
gjennomgangen	gjɛnːɔmˈgɑŋə
gjennomgikk	gɪnːʊmgɪkː
gjennomgå	gjɛnːʊmgoː
gjennomreise	gjɛnːʊmˈɾæɪ̯sə
gjennomreise	jɛnʊmɾæɪsə
gjennomsiktig	gjɛnːʊmˈsɪktɪ
gjennomsiktige	gjɛnːʊmˈsɪktɪgə
gjennomsiktigst	ˈjɛnɔmsɪktɪkst
gjennomsiktigste	ˈjɛnɔmsɪktɪkstə
gjennomskue	gjɛnːʊmˈʃʉːə
gjennomskue	ˈjɛnɔmskʉːə
gjennomskuer	gjɛnːʊmˈʃʉːɾ
gjennomskuet	gjɛnːɔmskʉːt
gjennomsnitt	gjɛnːʊmˈsɪt
gjennomsnittet	gjɛ̀nːʊmˈsɪtət
gjennomsnittlig	gjɛnːʊmˈsɪtlɪ
gjennomsnittlige	gjɛnːʊmˈsɪtlɪgə
gjennomsnittligste	ˈjɛnɔmsnɪtlɪkstə
gjennomstekt	ˈjɛnʊmsteːkt
gjennomsøk	gjɛnːʊmsøːk
gjennomsøke	gjɛnːʊmsøːkə
gjennomsøker	gjɛnːʊmˈsøːkər
gjennomsøkt	gjɛnːʊmsøːkt
gjennomsøkte	gjɛnːʊmsøːktə
gjennomtenkt	gjɛnːʊmˈtæŋk
gjennomtrengende	gjɛnːʊmˈtrɛŋn̩d̥ə
gjennomtrengende	ˈjɛnɔmtɾɛŋənə
gjennomvåt	gjɛnːɔmʋoːt
gjenoppbygd	gjɛ̀nɔpːbʏg
gjenoppbygge	gjɛ̀nɔpbygːə
gjenoppbygger	gjɛ̀ːnɔpːbyːgər
gjenoppbyggingen	gjɛ̀ːnɔpˈbʏgɪŋən
gjenoppleve	gjɛ̀ːnɔpːlɛːvə
gjenopplever	gjɛ̀ːnɔplɛʋər
gjenopplive	gjɛ̀ːnɔpːlɪːʋə
gjenopplive	ˈjɛnɔpliːʋə
gjenoppliver	gjɛ̀ːnɔplɪvər
gjenopplivet	gjɛ̀ːnɔplɪvɛt
gjenoppliving	gjɛ̀ːnɔpːlɪŋ
gjenopprett	gjɛ̀ːnɔpʁɛt
gjenoppretter	gjɛ̀ːnɔpːrɛtər
gjenopprettes	gjɛ̀ːnɔpːrɛtəs
gjenoppstandelsen	gjɛ̀ːnɔpːstɑːnəlsən
gjenoppstå	gjɛ̀nɔpːstɔ
gjenoppstår	gjɛ̀nɔpːstɔːr
gjenoppta	gjɛ̀ːnɔpːtɑ
gjenoppta	ˈjɛnɔptɑː
gjenopptar	gjɛ̀ːnɔptɑːr
gjenopptatt	gjɛ̀ːnɔptɑtː
gjenreise	gjɛnˈɾæɪ̯sə
gjensidig	gjensɪdiː
gjensidige	gjensɪdɪgə
gjensidige	jənˈsiːdɪə
gjensidigere	jənˈsiːdɪɾə
gjensitting	gjensɪtɪŋ
gjensittingen	gjensɪtɪŋən
gjenskape	gjɛnˈskæːpə
gjenskapt	gjɛnˈskɑpt
gjenspeiler	gjenspæɪləɾ
gjenstand	gjɛnstɑn
gjenstand	jɛnstɑn
gjenstanden	gjɛnstɑn
gjenstandene	gjɛnstɑndnə
gjenstander	gjɛnstɑːnɑːr
gjensto	gjɛnstʊ
gjenstår	gjɛnstɔːr
gjensyn	gjensʏn
gjenta	ˈjɛntɑː
gjentagelse	gjɛntɑːgəlsə
gjentakelse	gjɛntɑːkəlsə
gjentar	gjɛntɑr
gjentar	jɛntɑːr
gjentas	gjɛntɑs
gjentatt	gjɛntɑt
gjentatte	gjɛnˈtɑtə
gjentjeneste	gjɛntjɛnɛstə
gjentjenester	gjɛntjɛnɛstər
gjentok	gjɛnˈtɔk
gjenvalg	gjɛnˈvɑːl
gjenvalgskomiteen	gjɛnvɑlkskɔmɪtən
gjenvalgt	gjɛnˈʋɑːlgt
gjenvinne	gjɛnˈʋɪnːə
gjenvinne	ˈjɛnʋɪnə
gjenvinner	gjɛnˈʋɪnːər
gjenvinning	gjɛnˈʋɪnɪŋ
gjenvunnet	gjɛnˈvʉnːət
gjenværende	gjɛnˈʋæʁɪŋə
gjenåpne	gjɛnɔːpnə
gjenåpner	gjɛnɔpnər
gjenåpnet	gjɛnɔːpnət
gjerde	gjɛɾd̥ə
gjerde	ˈjæːɾə
gjerdene	gjɛɾˈd̥eːnə
gjerdene	jˈɑrɪnˈe
gjerder	gjɛɖɾ
gjerdet	gjɛɾd̥ɛt
gjerne	gʏːɳə
gjerne	jæːɳə
gjerning	gjæɳɪŋ
gjerningen	gjɛɳɪŋən
gjerningene	gjɛɳɪŋnə
gjerninger	gjɛɳɪŋɐ
gjerningsmann	gjæɳɪŋsmɑn
gjerningsmannen	gjæɳɪŋsmɑnːən
gjerningsmannens	gjæɳɪŋsmɑnːn̩
gjerningsmenn	gjɛɳɪŋsmɛnː
gjerningsmennene	gjɛɳɪŋsmɛnːə
gjerningssted	gjæɳɪŋsstɛː
gjerningsstedet	gjæɳɪŋsˈstɛːt
gjerrig	gjɛrɪg
gjerrige	gjɛrɪgə
gjerrige	ˈjæɾɪə
gjerrigere	ˈjæɾɪɾə
gjerrigknark	gjɛrɪkˈnɑrk
gjerrigknark	ˈjæɾɪknɑɾk
gjerrigst	ˈjæɾɪkst
gjesp	gjɛsp
gjesp	jɛsp
gjesper	çɛspɛr
gjess	gjɛs
gjessene	gjɛsːənə
gjest	gjɛst
gjest	jɛst
gjestehus	gjɛstəhʉs
gjestehuset	gjɛstəhʉst
gjestelista	gjɛstəlɪsta
gjesteliste	gjɛstəlɪstə
gjestelisten	gjɛstəlɪstən
gjesten	gjɛstən
gjestene	gjɛstənə
gjester	gjɛstər
gjesterom	gjɛstəɾɔm
gjesterommet	gjɛstəɾɔmːət
gjestfri	gjɛstfɾiː
gjestfri	jˈɛstfɹiː
gjestfri	ˈjɛstfɾiː
gjestfrie	gjɛstfriː
gjestfrihet	gjɛstfɾiːhɛt
gjestfrihet	jɛstfɾiːheːt
gjestfriheten	gjɛstfɾiːtə
gjestgiveriet	gjɛstgɪʋəɾɪt
gjete	gjɛ̂ːtə
gjeter	gjɛtər
gjeter	jˈɛːtər
gjetere	gjɛtəɾə
gjeteren	gjɛtəɾən
gjetning	gɛtnɪŋ
gjetning	jətnˈiːŋ
gjetninger	gjɛtnɪŋər
gjette	gjɛtːə
gjette	ˈjɛtə
gjetter	gɛtːər
gjetting	gjɛtɪŋ
gjetting	jˈɛttˈɛŋ
gjettverk	jətːvərk
gjevt	jˈɛft
gjorde	gœɾd̥ə
gjore	gœ́ːɾə
gjort	gœɾt
gjre	gʏːɾə
gjã	gjæː
gjær	gjæːr
gjær	jæːɾ
gjære	gæɪ̯ːɾə
gjéør	gjœːr
gjødsel	gœsd̥səl
gjøe	gœʏ̯
gjøk	gœk
gjøk	jøk
gjøken	gœʈçən
gjøn	gœn
gjør	gœʏ̯ː
gjøre	gœ́ːrə
gjøremål	gøːɾəˈmoːɽ
gjøres	gœ́ːɾəs
gjørjeg	gœɾjɛː
gjørma	gœɾmɑ
gjørme	gœːɾmɛ
gjørme	ˈjœɾmə
gjørmen	gœːɾmɛn
gjørmete	gœɾmɛtə
gjørt	gœʈ
gjřre	gjɛːɾə
gla	glɑː
glad	glɑːd
glad	ˈglɑː
glade	glɑːd̥ə
gladelig	glɑːdəlɪ
gladere	glɑːdɛːɾə
glades	glæːdəs
gladiator	glɑːdiɑːtɔɾ
gladiatorene	glɑːdiɑːtɔɾənə
gladiatorer	glɑːdiɑːtɔːɾ
gladstone	glɑːtstɔːn
gladys	glɑːdʏs
glamorøs	glɑːmʊˈɾøːs
glamorøse	glɑːmʊˈɾøːsə
glamorøst	glɑːmʊˈɾœst
glamour	glɑːmʊr
glane	glɑːnə
glane	ˈglɑːnə
glaner	glɑːnəɾ
glans	glɑns
glans	klˈɑns
glansen	glɑnsən
glante	glantə
glapp	glɑpː
glasgow	glɑːsgɑu
glass	glɑs
glassene	glɑsːə
glasset	glɑsɛt
glassfiber	glɑsːfiːbər
glasshus	glɑːsːhʉs
glasskår	glɑʂkɔːr
glasur	glɑːsʉːr
glasuren	glɑːsʉːɾən
glatt	glɑt
glattbarbert	glɑtːbɑːrbəɾ
glatte	glɑtːə
glatte	ˈglɑtə
gleason	glɛːsɔn
gled	gleːd
gleda	glˈɛːdɑː
glede	gleːdə
glede	glɛːd̥ə
glede	klˈɛda
glede	ˈgleːdə
gledelig	glɛːdəlɪ
gledelig	ˈgleːdəlɪ
gledelige	glɛːdəlɪgə
gledelige	ˈgleːdəlɪə
gledeligere	ˈgleːdəlɪɾə
gledeligst	ˈgleːdəlɪkst
gledeligste	ˈgleːdəlɪkstə
gleden	glɛːdən
gleden	glˈɛdən
gledene	glɛːdənə
gledene	glˈɛdəna
gledens	gleːdəns
gleder	glæːdər
gleder	glˈeːdər
gledes	glɛːdəs
gledesdreper	gɭɛːləsdɾæːpɐ
gledeshyl	ˈgleːdəshyːl
gledestrålende	ˈgleːdəstɾoːlənə
gledet	glɛːdət
gledet	klæːdæt
glefse	ˈglɛfsə
gleie	klaˈe
glem	glæ̀m
glem	glˈɛm
glemme	glɛmːə
glemme	ˈglɛmə
glemmer	glɛmːər
glemmes	glɛmːəs
glemsel	glɛmsəl
glemselen	glemˈsɛln̩
glemsk	glɛmsk
glemsom	ˈglɛmsɔm
glemt	glæmt
glemte	glɛmtə
glen	glɛn
glenda	glɛndɑ
glendale	glendɑːl
glendenning	glɛndnɪŋ
glenn	glɛn
glennister	glɛnɪstər
gli	dˈi
gli	gliː
glid	gliːd
glidd	glɪd
glidelås	gliːdəlɔːs
glidelåsen	gliːdəlɔːsn̩
glidemiddel	glidɛmɪðəl
glidemiddel	gliːd̥əˈmɪɖːəl
glime	kɾimɛ
glimen	kɾiːmən
glimer	kɾimɪ̞r
glimre	ˈglɪmɾə
glimrende	glɪmˈɾɛndə
glimrende	ˈglɪmɾənə
glimrer	klimˈne
glimt	glɪmt
glimte	ˈglɪmtə
glimtet	glɪmtɛ
glinda	glɪndɑ
glinse	ˈglɪnsə
glinsende	glɪnˈsɛndə
glipe	ˈgliːpə
glipp	glɪp
glippe	glɪpːə
glippe	ˈglɪpə
glipper	glɪpːər
glir	gliːr
glis	gliːs
glis	gɹis
gliser	gliˈseːɾ
gliset	gliːsɛt
glissen	ˈglɪsən
glistrup	glɪstɾʉp
glitch	glɪtʃ
glitre	glɪtɾə
glitre	ˈglɪtɾə
glitrende	glɪtɾɛnə
glitrende	ˈglɪtɾənə
glitrer	glɪtːər
glitret	glˈɪtret
glitter	blˈɪtər
glitter	glɪtːər
glitteret	glɪtəɾət
glo	glʊ
glo	glˈu
global	glʊbɑl
global	glʊˈbɑːl
globale	glʊˈbɑːlə
globale	kluːbbaːla
globalt	globalts
globe	glɔːb
globo	glɔ́buː
glock	glɔk
glodd	klud
glodde	glɔdːə
glor	glɔːr
gloria	glʊːɾiːə
glorias	glɔɾi̯ɑs
glorie	glɔːɾiː
glory	glɔʏ
glovarm	glɔʋɑɾm
glovarmt	glɔʋɑɾmt
glover	glʊvər
glukose	glʉːkɔsə
glup	glʉp
glup	glʉːp
glupe	gluːpə
glupere	glʉːpɛɾə
gluping	glʉːpɪŋ
glupsk	glʉpsk
glupske	glʉpskə
gluten	glʉːtən
glyn	glyːn
glåmlia	gromliːa
glød	glœd
gløde	glœːd̥ə
gløde	ˈgløːdə
gløden	gløːdən
glødende	glœːdənə
gløder	glœːdər
gløder	gɾøðər
glødet	gløːdət
glødet	glˈøːdət
gløgg	gløg
gløgg	glœg
gløgge	gløgːə
gløggen	kləggin
glør	glœːr
glør	glˈœr
gløtte	ˈglœtə
gm	gm
gnagd	gnɑgː
gnage	gnɑːgə
gnage	ˈgnɑːgə
gnager	gnɑgər
gnagere	gnɑːgəɾə
gnagsår	gnɑgsɔːr
gnagsår	kʲnag̊sɔr
gned	gnɛː
gneldre	gɪ̞nəldɾɛ
gneldre	ˈgnɛldɾə
gni	gniː
gnidd	gnɪd
gnidd	gnˈiːd
gnier	gniːr
gnier	ˈgniːəɾ
gnikke	ˈgnɪkə
gnisninger	gnɪʃɪŋɐ
gnisse	gnˈɪs
gnisse	ˈgnɪsə
gnist	gnɪst
gnisten	gnɪstən
gnistene	gnɪstənə
gnister	gnɪstər
gnistre	ˈgnɪstɾə
gnistrer	gnɪstɾɛɾ
gnom	gnɔm
gnomen	gnɔmən
gnomer	gnɔmər
gnu	gnʉː
gnåle	gnɔːlə
gnåle	ˈgnoːlə
gnåler	gnɔːləɾ
go	guː
goa	guː
goblin	gɔblɪn
god	gu
godartet	gɔːˈdɑːɾtə
godbiter	gɔdˈbɪtər
goddag	gɔdɑː
goddard	gɔdɑɾ
godes	guːds
godgjøre	ˈguːjøːɾə
godhet	gɔːhɛt
godheten	gɔːdheːtn̩
godhjertede	gɔːjɛɾtə
godhjertet	gɔːɖˈhjɛːɾət
godkjenne	gɔgçɛnə
godkjenne	ˈguːçɛnə
godkjennelse	gɔɕɛnəlsə
godkjenner	gɔgçɛnər
godnatt	gɔːnɑtː
godnatthistorie	gɔːnɑːtɪˈstɔɾɪə
godnattkyss	gɔːdnɑːtkʏsː
godric	gɔːɖrɪk
godsakene	gɔːsɑːkənə
godsaker	gɔːsɑkər
godseier	gɔːʂɛɪ̯ɾ
godslig	ˈgʊʂɭɪ
godsligst	ˈgʊʂɭɪkst
godstog	gutstəg
godstog	gɔːstɔːg
godsvogn	ˈgʊdsʋɔŋn
godt	gɔt
godta	gɔtɑ
godtar	gɔtːɑr
godtas	gɔtːɑs
godtatt	gɔtɑt
godte	gɔːtə
godte	ˈgɔtə
godter	gɔtːəɾ
godteri	gɔtəɾɪ
godteria	gɔtːɪrɪa
godteriene	gɔtɪrˈiːnɛ
godterier	gɔtəɾɪɛɾ
godteriet	gɔːtəɾɪət
godtfolk	gɔtfɔk
godtgjøre	gɔtːjœːɾə
godtgjørelse	gɔtːjœːɭə
godtok	gɔːtɔk
godtroende	gɔːtˈruːnə
godtroende	ˈguːtɾuːənə
godvilje	gɔːvɪljə
godzilla	gɔdːɪlːɑ
goebbels	gœbːəls
goff	gɔf
gogh	gɔʏ
gogo	guːguː
goin	gɔɪn
goines	guɪnəs
going	gɔɪŋ
gokart	guːkɑːɾt
gokk	gɔk
gold	gɔːɭ
golde	konɾa
golden	gɔːɭən
goldfarb	gɔldfɑːɾ
goldfine	gɔldfɪnə
goldie	gɔlːɪ
goldman	gɔldman
goldwater	gɔːldvɑːtər
goldzilla	gɔlːdɪsɑ
golf	gɔlf
golfballer	gɔlfbalɛr
golfbane	gɔlfbɑːnə
golfbanen	gɔlfbɑːnə
golfen	gɔlfən
golfklubb	gɔlfklʉb
golfklubben	gɔlfklʉbːn̩
golfkrigen	gɔlfkɾiːgən
golfkølle	gɫfkøllæ
golfkølle	ˈgɔlfkœlə
golfkøllene	gɔlfkœlːə
golfkøller	gɔlfkœlːər
golfspiller	gɔlfspɪlɐr
golfstrømmen	gɔlfstrœmn̩
golgiapparat	golgiɑpɑrat
goliat	gʊˈliɑːt
goliath	gʊlɪɑːt
gollum	gɔlːʉm
golv	gɔlv
golv	gɔlʋ
golvet	gɔlˈvɛt
gomez	gʊmɛs
gomle	ˈgʊmlə
gomorra	gʊˈmɔrɑ
gomper	gɔmpər
gondor	gɔndʊr
gondors	gɔnˈdɔʂ
gone	guːnə
gong	gɔŋ
gongongen	gɔŋɔŋən
gonna	gɔnː
gonzo	gɔn̥sɔ
goo	gʉː
goober	gʉːbɛr
goodbye	gʊːdbaɪ
goodman	gʊːdman
goodnight	gʊːtnɪt
goodweather	gʊːdʋæːɳɑːr
goofy	gʊfɪ
google	guːgəl
googlet	guːgl̩t
gooper	gʊpːər
goose	gʉːs
gora	guːɾɑ
goran	guːɾɑn
gorbatsjov	gɔɾbɑtɕɔʋ
gordie	gɔɾdi
gordon	gɔɖn
gordons	gɔɖns
gore	guːɾə
gorgene	gɔɾçənə
gorilla	guːrila
gorilla	gɔɾɪlɑ
gorillaene	gɔrɪˈlæːnə
gorillaer	gɔrɪlɑːr
gorkon	gɔɾkɔn
gorman	gɔmn̩
goro	guːɾu
gosh	gɔʃ
gosling	gɔʃlɪŋ
gossa	gossa
gossip	gɔsɪp
got	gɔt
goth	gɔt
gotham	gɔtʰɑm
gothams	gɔtːɑms
gothia	gɔːtɪɑː
gotikk	gʊˈtɪk
gotiske	gɔtɪskə
gotland	gɔtˈlɑn
gotta	gɔtə
gourmet	gʊɾˈmɛt
gower	gʊːɾ
gowron	gɔʋrɔn
goy	gɔʏ
goya	gʊɑː
gps-en	gæːpsən
gq	gʉː
gr	gr
gra	gɾɑː
gracchus	gɾɑkʰʉs
graces	gɾɑːsɛs
gracia	gɾɑːsɪə
gracias	gʁɑsiɑs
gracie	gɾɑːʂiː
grad	gɾɑːd
grad	kʰaːt
graden	gɾɑːd̥ən
gradene	gɾɑːd̥ənə
grader	gɾɑːdər
grader	kɯɾaʁdɯɾ
gradere	gɾɑˈdeːɾə
graders	gɾɑːdɛʂ
gradert	gɾɑːdɛɾt
graderte	gɾɑːdɛɾtə
gradvis	gɾɑːdʋɪs
grady	gɾɑːdʏ
graeme	gɾæɪ̯m
graff	grɑf
graffiti	gɾɑfɪtɪ
graffitien	grɑfɪtɪən
grafikk	gɾɑfɪk
grafikk	gɾɑˈfɪk
grafikken	gɾɑfɪkən
grafisk	gɾɑfɪsk
grafisk	ˈgɾɑːfɪsk
grafitt	kroːfit
grafse	ˈgɾɑfsə
grafton	grɑftɔn
graham	gɾɑːm
grahams	gɾɑːms
grainger	grɛɪŋər
gral	gɾɑːl
gralen	gɾɑːlən
gram	gɾæm
gram	gɾɑm
gramm	gɾɑm
grammatikalitet	gɾɑmɑtɪkɑlɪˈteːt
grammatikalsk	gɾɑmɑtɪˈkɑːlsk
grammatikk	grammatˈik
grammatikk	gɾɑmɑtɪk
grammatikken	gɾɑmɑˈtɪkn̩
grammatisk	gɾɑmɑtɪsk
grammatisk	gɾɑˈmɑːtɪsk
grammofonen	gɾɑmːʊfʊn̪ː
grammy	gɾɑmɪ
gramps	gɾɑmps
gran	gɾɑːn
grana	grana
granada	gɾɑnɑdɑ
granat	gɾɑːnɑt
granaten	gɾɑːnɑːtən
granatene	gɾɑːnɑːtəɳə
granateple	granaːtˢæplˀɛ
granater	gɾɑːnɑːtɛɾ
granatkaster	gɾɑːnɑːtˈkɑːstər
granatsplinter	gɾɑːnɑtsplɪntər
grand	grɑːn
grande	gɾɑndə
granderson	gɾɑnːəɳʃɔn
grandi	gɾɑndiː
grandin	gɾɑnːɪn
grandmaster	grɑːnˈmɑːstər
grandonkel	gɾɑːdənkɛl
grandtante	grɑːntɑːntə
grang	gɾɑŋ
granger	grɑŋːər
granitt	gɾɑːnɪt
grann	grɑnː
grann	gɾɑn
granne	gɾɑnə
grannemann	grɑnːəmen
gransk	grɑːnʃ
granske	grɑnʃə
granske	ˈgɾɑnskə
gransker	gɾɑnʃkɛɾ
granskes	grɑ̀nʃɛs
gransket	gɾɑnʃkɛt
gransking	grɑːnʃɪŋ
granskingen	grɑːnˈʂiŋən
granskning	grɑ̀ːsknɪŋ
granskningen	grɑːnʃknɪŋ
grant	grɑnt
grantham	grɑnˈtɑm
grantopper	kɾaːntˈopːiɾ
grants	grɑnts
granulasjon	gɾanʉlasʃoːn
granville	gɾɑːnvɪlːə
grape	gɾæːp
grapefrukt	grɑːpəfrʉkt
gras	gɾɑs
graset	gɾɑsɛt
grasiøs	gɾɑˈʃøːs
grasplen	gɾɑːspleːn
grass	gɾɑsː
grasshopper	gɾɑʂːɔpɛr
grat	grɑːt
grate	gʁɑːtə
grate	ˈgɾoːtə
grater	gɾɑːtər
gratinert	gɾɑtɪˈneːʈ
gratis	gɾɑːtɪs
gratis	ˈgɾɑːtɪs
gratuierer	gɾɑtʉɪɛɾ
gratuler	gɾɑːtʉˈlæɾ
gratulere	gɾɑtʉˈleːɾə
gratulere	gɾɑtʉˈlæɾə
gratulert	gɾɑtʉˈlæɾt
gratulerte	gɾɑːtʉˈlʉɾtə
grau	gɾɑʉ
grav	gɾaf
grav	gɾɑːf
grav	gɾɑːʋ
grava	gɾɑːʋɑ
gravd	grˈaft
gravde	gɾɑːʋə
grave	gɾaːvɯ
grave	gɾɑːvə
grave	ˈgɾɑːʋə
gravely	gɾɑːvəlɪ
graven	graːvən
graven	gɾɑːʋən
gravene	grovana
gravene	gɾɑːvən
graver	gɾɑːʋəɾ
graveren	gɾɑːʋəɾən
graverende	gɾɑˈʋeːɾənə
gravert	grɑːʋəɾt
graves	gɾæʋəs
gravet	grˈɑːvət
gravid	gɾɑˈʋiːd
gravid	gɾɑːʋɪd
gravide	gɾɑːʋɪːd̥ə
graviditet	gɾɑʋɪdɪˈteːt
graviditet	gɾɑːʋɪdɪtɛt
graviditeten	gɾɑːʋɪdɪtɛn
graviditetstest	gɾɑːʋɪdɪtɛst
graving	gɾɑːvɪŋ
gravingen	gɾɑːʋɪŋən
gravitasjon	gɾɑːʋɪtɑːʃuːn
gravitasjonen	gɾɑːʋɪtɑːʃuːn
gravkammer	gɾɑːvkɑmːər
gravkammeret	grɑːvkɑːmːərɛt
gravla	gɾɑːvlɑ
gravlagt	gɾɑːvlɑːkt
gravlaksen	grɑːvlaːksnˈ
gravlakser	grɑːvnˈɑksɛr
gravlegge	grɑːvlɛgːə
gravlegge	ˈgɾɑːʋlæɪə
gravlund	grɑːvlʉnː
gravplass	grɑːvplɑsː
gravplassen	gɾɑːvplɑsːən
gravsted	grɑːʋstɛː
gravstedet	grɑːʋstɛːd
gravstein	gɾɑːvʃtæɪn
gravstein	gɾˈɑvsteɪn
gravstein	ˈgɾɑːʋstæɪn
gravsteinen	grɑːʋsteːɪn
gravsteiner	grɑːʋsteɪnər
gray	gɾæɪ
grayson	gɾæɪ̯sɔn
gre	grɛ
gre	gɾeː
grease	gɾeɪs
great	grɛːt
greco	gɾɛkɔ
gredenko	gɾeːdənkuː
greek	gɾiːk
greeley	gɾɛːlɪ
green	gɾiːn
greenberg	gɾeːnbɛɾ
greendale	grɛndɑːlə
greene	gɾeːnə
greenshaw	gɾeːnʃɑʊ̯
greenville	grɛɛnvɪl
greenwald	gɾeːnvɑːld
greenwich	gɾeːnɪtʃ
greenwood	gɾiːnʋuː
greer	gɾeːɾ
grefsen	græfˈsin
greg	grɛg
gregg	grɛg
greggs	grɛgs
gregor	grɛgɔr
gregorian	gɾɛgɔɾiɑn
gregory	gɾɛgɔɾi
gregs	gɾægs
gregson	gɾɛgsɔn
grei	gɾæɪ
greia	grɛɪ̯ɑ
greid	grɛːˈid
greid	gɾæɪ̯ː
greide	gɾæɪ̯də
greie	grɛɪ̯ə
greie	ˈgɾæɪə
greien	grɛɪən
greien	krˈaɪɛn
greiene	grɛɪnə
greier	grɛɪ̯ər
greiere	grɛɪərə
grein	gɾæɪn
greina	grɛɪnɑ
greinen	grɛɪnən
greinene	gɾæɪ̯nə
greiner	grɛɪnər
greip	grɛɪp
greit	grɛɪt
greker	gɾɛkɛɾ
grekere	grɛkɛre
grekere	gɾɛːkəɾə
grekeren	gɾɛkəɾən
grekerne	grɛçɾən
grell	gɾɛl
gremme	ˈgɾɛmə
gren	gɾæ̂ːn
gren	gɾẽn
grend	grˈen
grendel	gɾɛndəl
grenen	grˈɛn
grenen	gɾɛnː
grenene	gɾeːnə
grenene	gʲɪrʲɪnːɐ
grener	grˈeːnər
grensa	grɛnsɐ
grensa	grɛnsɑ
grense	grɛnsə
grense	krensæ
grense	ˈgɾɛnsə
grensekontrollen	grɛnsəˈkʰɔntɾələn
grenseland	gɾɛnsɛln̩
grenseløs	gɾɛnsəløːs
grenseløs	krenseles
grenseløs	ˈgɾɛnsəløːs
grenseløse	gɾɛnsəløːsə
grenseløst	grɛnsəløs
grensen	grɛsn̩
grensene	gɾɛsnə
grenseovergang	gɾɛnsəoːʋəɾgɑŋ
grensepolitiet	grɛnsəpoliˈtiː
grenser	grɛsnər
grenser	gʲɾensɪ̞ɾ
grensesnitt	grɛnsɛnɪt
grensesnittet	grɛnsəʃnɪtː
grep	gɾæp
grepa	gɾæːpɑ
grepa	krepa
grepa	ˈgɾeːpɑ
grepet	grɛpət
gresk	gɾeːsk
gresk	gɾæsk
gresk	kreski
greske	gɾɛskə
gress	gɾɛs
gresse	ˈgɾɛsə
gresselig	ˈgɾɛsəlɪ
gresselige	ˈgɾɛsəlɪə
gresseligere	ˈgɾɛsəlɪɾə
gresseligst	ˈgɾɛsəlɪkst
gresseligste	ˈgɾɛsəlɪkstə
gresset	gɾɛsːə
gresshoppe	græsshˈoːppə
gresshoppe	grɛsːɔpːə
gresshoppene	grɛsːhɔpːənə
gresshopper	gɾɛsːɔpɛr
gresskar	grɛʂkɑːr
gresskar	gɾɛskɑːɾ
gresskara	grɛskaːra
gresskaret	grɛskɑːɾ
gressklipper	gɾɛsːklɪpːər
gressklipperen	grɛsklɪpəɾən
gressløken	gresløkɛn
gressløker	kræsløːkər
gresstrå	grɛstrɔː
greta	gɾeːtɑ
gretar	grɛːtɑːr
gretchen	grɛtçən
gretel	gɾeːtəl
grethe	gɾɛːtə
gretne	gɾɛtnə
gretten	grɛtːn̩
gretten	ˈgɾɛtən
grev	gɹˈɛv
grev	gɾæɪ̯ː
greve	gɾeːʋə
greven	gɾeːʋən
grevens	grɛːvn̩s
grevinne	grɛːvɪnːə
grevinnen	gɾæʋɪnən
grevinnens	gɾæʋɪnəns
grevling	gɾæʋlɪŋ
grevling	gˈrɛvling
grevlingen	gɾæɪ̯vlɪŋən
grevlinger	grəvliˈŋeˈ
grevskapet	gɾæɪ̯skɑːpət
grey	grɛɪ̯
greyjoy	gɾæɪjɔʏ
greystoke	grɛɪ̯sˈtʰoʊkə
gribb	gɾip
gribb	gɾɪb
gribben	gɾɪbːən
gribbene	gɾɪbːə
gribber	gɾɪbːər
griet	gɾiːt
grievous	gɾiːvʉs
griff	gɾɪf
griffel	grifːɛl
griffen	gɾɪfːən
griffin	gɾɪfɪn
griffing	gɾɪfɪŋ
griffith	gɾɪfɪt
griffiths	gɾɪfɪts
griggs	gɾɪgs
grigory	gɾiguɾi
grill	gɾɪl
grill	gɾɪlː
grilla	gɾɪlːɑ
grille	grɪlːæ
grille	gɾɪlə
grille	ˈgɾɪlə
grillede	gɾɪləɖə
grillen	gɾɪlːən
grillende	gˈrɪlˌnˈa
griller	gɾɪlːɛɾ
grilles	gɾɪləʂ
grillet	grˈɪllət
grillet	gɾɪlət
grillfest	gɾɪlːfɛst
grillfesten	gɾɪlˈfɛstən
grilling	gɾɪlɪŋ
grillmat	gɾɪlːmɑːt
grillstekt	grillstˈɛkt
grilltenner	ˈgɾɪltɛnəɾ
grim	gɾɪm
grimar	kriːmar
grimase	grimos
grimase	gɾɪˈmaːsə
grimaser	gɾɪˈmɑːsəɾ
grimaud	gɾɪmɑʊ̯ː
grimes	gɾiːməs
grimhold	gɾɪmːɔɭ
grimm	gɾɪm
grimme	ˈgɾɪmə
grimmen	gɾɪmːən
grimmer	gɾɪmːɛɾ
grimsbu	grimsby
grimsrud	gɾɪmsɾʉː
grin	gɾiːn
grinch	gɾɪnç
grinchen	gɾɪŋçən
grinda	gɾɪndɑ
grinden	gɾɪnd̥n̩
grinder	gɾɪndəɾ
grindr	gɾɪndɾ
grine	gɾiːnə
grine	kriːn˩˥ː
grine	ˈgɾiːnə
griner	gɾiːnɛɾ
griner	gɾiːðər
grinete	gɾiːnə
grinete	ˈgɾiːnətə
gringo	gɾɪŋgo
gringoen	grɪŋguːn
gringoene	gɾɪŋguːnə
gringos	gɾɪŋgɔs
grinte	griːntˢa
grip	gɾɪp
gripe	gɾɪpə
gripe	kriːpːe
gripefinger	gɾiːpəfˈɪŋər
gripende	gɾɪpːn̩d̥ə
gripende	ˈgɾiːpənə
griper	gɾɪpɛɾ
gripes	gɾɪpəs
gris	gɹˈis
gris	gɾiːs
grise	gɾiːsə
grisebank	gɾiːsəbank
grisebanke	gɾiːsəˈbɑ̀ŋkə
grisebingen	gɾiːsəbɪŋən
griselda	gɾɪsɛlda
grisen	gɾiːsən
grisen	ˈgɾiːsn̩
grisene	gɾiːsənə
griseprat	gɾiːsəprɑːt
griser	gɾiːsər
griseri	gɾiːsəɾɪ
grisete	gɾiːsɛtə
grisete	ˈgɾiːsətə
grisk	gɾɪsk
griske	gɾɪskə
griskhet	gɾɪskhɛt
grissom	gɾɪsːɔm
grisunge	gɾɪsʉŋə
grizzlybjørn	gɾɪslɪbjøːɳ
gro	grʊ
gro	kˈɾu
grobunn	gɾuːbʉnː
grodd	grɔd
grodde	gɾɔdə
grogan	gɾuːgɑn
grogg	grɔg
groggy	grɔgiː
grom	gɾʊm
gromit	gɾʊmɪt
groot	gruːt
grop	gɾɔp
gropa	gɾɔpɑ
gross	grɔs
grossisten	grosˈistˈan
grossister	groʊsistər
grossman	gɾɔsmɑn
grotesk	gɾɔtɛsk
grotesk	gɾʊˈtɛsk
groteske	gɾɔtɛskə
grotta	gɾɔtːɑ
grotte	gɾɔtə
grotte	gɾɔtːə
grotte	kɾatːa
grotten	grɔtːən
grottene	grɔtːnə
grotter	gɾɔtːɛr
group	grʉːp
groupier	gruːpɪɛːr
grov	gɾoːʋ
grov	gɾɔʋ
grov	kroːm
grovarbeidet	grɔvɑɾbɑɪ̯t
grove	gɾuːvə
grover	gɾuːʋəɾ
groveste	gɾʊ̀ʋəʃtə
grovt	gɾɔft
grovt	gɾɔʋt
grovt	gɾˈɔft
growling	gɾulɪŋ
grozin	grɔsɪn
gru	gʉː
gruble	gɾʉːblə
gruble	ˈgɾʉblə
grubler	grʉːbləɾ
grublet	gɾʉːblɛt
grubstake	grʉbstɑːk
grue	gɾʉː
grue	ˈgɾʉːə
gruer	gʉːɾ
grufull	grʉfʉl
grufulle	grʉːfʉːlə
grufullt	gɾʉfʉlt
grug	grʉːg
grums	grʉms
grums	gɾʊms
grumsete	ˈgɾʊmsətə
grundige	grʉnːdɪgə
grundige	ˈgɾʉnɪə
grundigere	grʉnːdɪgəɾə
grundigere	ˈgɾʉnɪɾə
grundigst	ˈgɾʉnɪkst
grundigste	ˈgɾʉnɪkstə
grundy	grʉnːi
gruner	grʉːnəɾ
grunion	gʁʉˈsjʊn
grunn	grʉnː
grunn	gɾʉn
grunne	grʉnːə
grunne	krynːa
grunne	ˈgɾʉnə
grunnen	grʉnːn̩
grunnene	grʉnːə
grunner	grʉnːər
grunnere	grʉnːɛɾə
grunnet	grʉnːət
grunnet	kriːnnæt
grunngi	ˈgɾʉnjiː
grunnla	grʉnːlaː
grunnlag	grʉnːlɑg
grunnlag	ˈgɾʉnlɑːg
grunnlaget	grʉnːlagət
grunnlagt	grʉnːlɑkt
grunnlegge	grʉnːlɛgːə
grunnlegge	ˈgɾʉnlæɪə
grunnleggende	grʉnːlɛgːən̩
grunnleggende	ˈgɾʉnlæɪənə
grunnlegger	grʉnːlɛgər
grunnleggere	grʉnːlɛgə
grunnleggeren	grʉnːlɛgːərən
grunnleggerne	grʉnːlɛgːərnə
grunnlov	grʉnːlɔʋ
grunnloven	grʉnːlɔʋn̩
grunnlovstillegg	grʉːnːlɔʋstɪləg
grunnløs	ˈgɾʉnløːs
grunnløse	grʉnːløːsə
grunnmuren	grʉnːmʉːɾən
grunnregler	grʉnːrɛgləɾ
grunnskole	grʉnːskɔːlə
grunnskolen	grʉnːskɔlən
grunnstoff	gruːnstˈɔff
grunnvannet	grʉnːʋɑnː
grunt	grʉnt
grunts	grʊnst
grunvald	grʉnvalː
gruppa	gɾʉpːɑ
gruppe	griːpːə
gruppe	gɾʉpə
gruppe	gɾʉːpə
gruppearbeid	grʉpːəˈaɾbæjd
gruppebilde	gɾʉːpəbiːlə
gruppeklem	gɾʉːpəklɛm
gruppeleder	gɾʉːpəˈleːɖəɾ
gruppemøte	grʉpəˈmøːtə
gruppen	gɾʉːpən
gruppene	gɾʉpːənə
gruppens	grʉpːən̩
grupper	gɾʉpːər
gruppere	gɾʉˈpeːɾə
gruppering	gɾʉpːɛɪŋ
gruppesex	grʉpəˈsɛkʂ
gruppeterapi	grʉpːəˈtæɾɪpɪ
grus	grʉs
grusen	gʁʉːsən
grusom	gɾʉːsɔm
grusom	ˈgɾʉːsɔm
grusomhet	gɾʉːsɔmhɛt
grusomheten	grʉːsɔmhɛtn̩
grusomheter	gɾʉːsɔmhɛtɛʁ
grusomste	gɾʉːsɔmstɛ
grusvei	grʉːsveɪ
gruva	gɾʉːvɑ
gruve	gɾʉːvə
gruvearbeider	grʉːvəɑɾˈbæɪ̯ɑ̯ɾ
gruvearbeidere	grʉːvəɑɾˈbæɪ̯dər
gruvearbeiderne	gɾʉːvəɑɾbɛɪ̯dɛɳə
gruvedrift	grʉːvədrɪft
gruven	grʉːvn̩
gruvene	grʉːvənə
gruver	gɾʉːvər
gry	gɾyː
gry	gɾˈi
gryder	gʁʏːdər
gryende	gʁʏndə
gryn	grʏn
gryn	gɹiːn
gryna	gʁʏnɑ
grynet	grina
grynet	gʁʏnət
gryningen	gʁʏːnɪŋən
grynt	grʏnt
grynte	ˈgɾʏntə
gryntende	grʏnˈtɛndə
grynter	gʁʏntə
gryta	gʁʏːtɑ
gryte	griːtə
gryten	gʁʏːtən
gryter	gʁʏtər
gryterett	gʁʏtəˈrɛt
grytestek	gʁʏstɛk
grytestekt	gɾyːtəsteːkt
grå	gɾoː
grådig	ˈgɾoːdɪ
grådige	gɾɑːdɪgə
grådige	ˈgɾoːdɪə
grådigere	ˈgɾoːdɪɾə
grådighet	gɾoːdɪçət
grådigheten	groːdɪçɛn
grådigste	ˈgɾoːdɪkstə
gråhåret	groːhœɾ
grålysningen	gɾoːlʏʃɪŋən
gråne	ˈgɾoːnə
gråsone	gɾoːsʊnə
gråsoner	gɾoːsʊnər
gråstein	grostajn
gråt	grˈoːt
gråte	groːtə
gråte	ˈgɾoːtə
gråten	groːtən
gråtende	gɾøːtən̩
gråter	groːtər
gråting	groːtɪŋ
gråtingen	gɾoːtɪŋən
grått	gɾɔt
grøft	grœft
grøfta	gɾøftɑ
grøftefyllen	grœfttɛfɪllɛn
grøftefyller	grœftəfɪllʉr
grøften	gɾøftən
grøftene	grœftə
grøfter	gɾøftəɾ
grønland	grœnˈlɑn
grønlandsk	ˈgɾœnlɑnsk
grønn	gɾøːn
grønn	gɾœn
grønne	grønne
grønne	gɾœnə
grønne	gɾœnːə
grønnere	gɾønːɛɾ
grønnkål	grœnːkɔːl
grønnlig	ˈgɾœnlɪ
grønnsak	grœnːsɑk
grønnsak	gɾœnsɑːk
grønnsakene	grœnːsɑkənə
grønnsaker	grœnːsɑkər
grønnskolling	gruːnːskɔlɪŋ
grønske	ˈgɾœnskə
grønt	grøːnt
grønt	grˈʌnt
grønt	ˈgɾœnt
grøsse	gɾøsːə
grøsse	ˈgɾœsə
grøsser	gɾœsːɛɾ
grøt	gɾøːt
grøten	grøːtˢˌiːn
grøten	gɾøːtən
grøter	grˈøːtər
grøtete	ˈgɾøːtətə
gu	gʉː
guacamole	gʉɑkɑˈmɔlə
guadalajara	gʉɑːdɑːlɑːhɑːrɑː
guadalcanal	gʉɑːdɑːkɑːnɑːl
guadalupe	gʉɑˈdɑluːpə
guam	gʉ̂ːm
guambilua	gʉmˈbɪlʉa
guantanamo	gʉ̀ːtɑnɑmɔ
guapo	gʉɑːpʉ
guard	gʊɑːɖ
guarden	gʉɑɖn̩
guardi	gʊɑɾdiː
guardia	gʊɑɾdiːə
guardian	gɑːɾdiːən
guatemala	gʉːtæmælə
gubbe	gʉbːə
gubbe	ˈgʉbə
gubben	gʉbːən
gubbene	gʉbːnə
gubber	gʉbːər
gucci	gʉtʃiː
gud	gʉːd
gudbrand	gʊdbrʲaɪn
guddom	gʉːd̥d̥ɔm
guddommelig	gʉˈdɔməlɪ
guddommelig	gʉːdɔmːəlɪ
guddommelige	gʉˈdɔməlɪə
guddommelighet	gʉːdɔməlɪçɛt
guddommeligst	gʉˈdɔməlɪkst
guddommeligste	gʉˈdɔməlɪkstə
gudegave	gʉːdɛgɑːvə
guden	gʉːdn̩
gudene	gʉːdənə
gudenes	gʉːdənɛs
guder	gʉːd̥ər
guders	gʉːdɛʂ
gudfar	gʉːdfɑːr
gudfaren	gʉːdfɑːɾən
gudfryktig	gudfrˈykːtə
gudfryktig	gʉːdfɾʏktɪ
gudfryktige	gʉːdfɾʏktɪgə
gudinne	gʉːdɪnːə
gudinnen	gʉːdɪnən
gudløse	gʉːɭøːsə
gudmor	gʉːmɔr
gudny	gʏ̞dni
gudrun	gʉːdrʉːn
gudsforlatt	gʉːdsfɔːlət
gudsforlatte	gʉːdsfɔ́ɭɑtːə
gudskjelov	gʉːskjæ̀ləʋ
gudstjeneste	gʉːstʃɛnəstɛ
gudstjenesten	gʉːstʃɛɪnɛsn̩
guerrero	gæʉ̯ɛro
guffe	gʉfːə
guffen	gʉfːən
guffen	ˈgʉfn̩
guffen	ˈgʉfən
guffent	gʉ̀fːənt
guggenheim	gʉgənˈhɑɪm
gui	gʉiː
guide	gɑɪd
guide	gɪ́ːd̥ə
guide	gˈaɪd
guiden	gʉɪdn̩
guider	gʉɪ̯dər
guidet	gʉɪ́ːd̥
guido	gʉɪ̯dʊ
guii	gʉɪ
guiiet	gʉiːət
guilford	gʉɪlfɔɾ
guillaume	gɪlˈmɑː
guillermo	gʉlˈjɛmʉ
guinea	gʉiːnə
guineas	gʉiːnəs
guinness	gʉɪnɪs
guiseppe	gʉiˈsɛpə
guitar	gʉiˈtɑːr
guivet	gʉi̯vət
gul	gʉːl
gulag	gʉːlɑg
gule	gʉːlə
guleng	gˈʉlˈɛŋ
gulf	gʉlf
gulfen	gʉlfən
guling	gʉːlɪŋ
gulingen	gʉːlɪŋən
gulingene	gʉlɪŋənə
gulinger	gʉːlɪŋər
gull	gʉl
gull	gʉlː
gulla	gʉlːɑ
gullalder	gʉlˈɑːldər
gullbarrer	gʉlˈbɑrːər
gullbyen	gʉlːbʏən
gullende	gʉlːənə
gullet	gʉlɛt
gullfisk	gʉlːfɪsk
gullfisken	gʉlːfɪskn̩
gullgraver	gʉlːgɾɑːʋər
gullgraverne	gʉlːgɾɑːʋəɳə
gullgruve	gʉlːgɾʉːvə
gullgruven	gʉlːgɾʉːən
gullgutt	gʉlːgʉtː
gullgutten	gʉlːgʉtːən
gullhår	gʉlˈhɔːr
gullklokke	gʉlːklɔkːə
gullklump	gʉlːklʉmp
gullmedalje	gʉlːmɛɖɑːɭjə
gullmedaljen	gʉlːmɛdɑːlʏn
gullmedaljer	gʉlːmɛɖɑːlʝɛr
gullmynt	gʉlːmʏnt
gullmynter	gʉlˈmʏntər
gulloy	gʉlɔʏ
gullsmed	gʉlːsmeː
gullsmeden	gʉlːsˈmeːdən
gullstjerne	gʉlˈʃtjɛːɳə
gulltopp	gʉ̀lːtɔpː
gullungen	gʉlːʉŋː
gulpe	gʏlpɛ
gulpe	ˈgʉlpə
gulrot	gʉlɾuːt
gulrot	gʉlˈrɔt
gulroten	gʉːlrɔtən
gulrøttene	gʉːlrøːtːənə
gulrøtter	gʉːlrøːtːər
gulset	gylsət
gulsott	gʉlsɔt
gult	gʉlt
gult	gʉːʈ
gulv	gʉlv
gulv	gʉlʋ
gulv	gʏlv
gulvene	gʉlʋənə
gulvet	gʉlˈvɛt
gulvplankene	gʉlvplɑŋkənə
gulvteppe	gylvtˈɒpˈɒˈ
gumbo	gʊmbuː
gummer	gʊmːər
gummi	gʉmːɪ
gummibjørner	gʉmːɪbjøːnər
gummien	gʉmɪən
gummihansker	gʉmːɪˈhɑ̀ːnskər
gummistøvler	gʉmɪstøʋlɛr
gump	gʊmp
gun	gʉn
gunda	gʏ̞nda
gunder	gʏ̞ndær
gundersen	gʉnˈdæʃn̩
gunderson	gʉnˈdɛɾsɔn
guni	gʉːnɪ
gunilla	gʉnɪlə
gunmar	gʉmnɑːr
gunmars	gʉmnɑɾs
gunn	gʉnː
gunnar	gʉnːɑr
gunnar	gʏnːar
gunner	gʉnːər
gunns	gʉnːs
guns	gʉnːs
gunst	gʉnst
gunst	gʏnst
gunstig	gʉnstɪ
gunstig	ˈgʉnstɪ
gunstige	gʉnstɪgə
gunstige	ˈgʉnstɪə
gunstigere	ˈgʉnstɪɾə
gunstigste	ˈgʉnstɪkstə
gunther	gʉnːtɛɾ
gunvald	gʉnˈvɑɭ
gupta	gʉptɑ
gurgle	ˈgʉɾglə
guri	gʉːɾɪ
gurimalla	gˈʉriːmalla
gurre	gʏ̞rɾʲɛ
guru	gʉːɾʉ
guruen	gʉːɾʉːən
gus	gʉʂ
gustaf	gʉstɑf
gustav	gʉstɑv
gustave	gʉstɑːvə
gustavo	gʉstɑʋʉ
gusteau	gʉstɛɑː
gusten	gʉstən
gusten	ˈgʉstən
gut	guːt
gut	gʉːt
guten	gʉtən
guthrie	gʉtʁiː
gutierrez	gʉtiɛrɛs
guts	gʉts
gutt	gʉt
gutt	gʉt̪ː
gutta	gʉt̪ːɑ
gutta	kytːɑ
guttas	gʉtːɑs
guttebarn	gʉtːəbɑːɳ
gutteklubben	gʉtːəklʉbːən
gutten	gʉtːən
guttenavn	gʉtːnɑːn
guttene	gʉtːənə
guttenes	gʉtːənɛs
guttens	gʉtːən̩s
gutter	gʉtːə
gutter	gʉtːɪ̞ɾ
gutterie	gʉtəɾɪ
gutters	gʉtːərs
gutts	gʉtːs
guttunge	gʉtːʉŋːə
guttungen	gʉtːʉŋː
guvernanten	gʉːvɛɳɑntn̩
guvernør	gʉˈvɛ̂ːnœɾ
guvernøren	gʉːvɛɳøːɾən
guvernørene	gʉːvɛɳøːɾənə
guvernørens	gʉːvəɳøːɳ
guvernører	gʉːvɛɳøːɾ
guys	gʉɪs
guzman	gʉsman
gw	gʊ
gwen	gʋɛn
gwendolyn	gʋɛnːɔlʏn
gwyneth	gʋiːnɛt
gyda	gʏːdɑ
gyda	jida
gylden	gʏldn̩
gyldenlem	gʏldənlæm
gyldig	gʏlːɪ
gyldige	gʏlˈdiːgə
gyldige	ˈjʏldɪə
gyldigere	ˈjʏldɪɾə
gyldne	gʏldnə
gyllen	gʏlːən
gyllen	ˈjʏlən
gyllent	gʏlːɛnt
gylne	gʏlnə
gym	gʏm
gymlærer	gʏmˈlæːrər
gymlæreren	gʏmˈlæːrən
gymmen	gʏmːən
gymnas	gim˩˥nɑːs
gymnas	gʏmˈnɑːs
gymnaset	gʏmˈnɑːsɛt
gymnastikk	gimnastˈɪk
gymnastikk	gʏmnɑstɪk
gymnastikk	gʏmnɑˈstɪk
gymsal	gʏmˈsɑːl
gymsalen	gʏmˈsɑːlən
gymtimen	gjmt̪iːmən
gynekolog	gʏnəˈkɔlɔg
gynekologen	gʏnəˈkɔgən
gynekologi	gnəkɔlɔgiː
gynekologisk	gʏnəkʊˈloːgɪsk
gynge	gʏŋːə
gynge	ˈjʏŋə
gynger	gʏŋːər
gyngestol	gʏŋːəstɔl
gynget	gʏŋːət
gynt	gɪnt
gyp	gʏp
gypsy	gʏpsi
gyselig	gʏˈsɛlɪ
gyte	gjɪtæ
gyting	jˈɪtɪŋ
gá	gɑː
gár	goːr
gâ	gɑː
gâr	gæːr
gã	gɑː
gäng	gæŋː
gär	gæːr
gätt	gæt̪ː
gå	goː
gå	gɔ
gåen	goːən
gåen	ˈgoːən
gågate	gogatːa
går	goːr
går	ˈgoːɾ
gårde	goːɾd̥ə
gården	gɔːɾn̩
gårdene	goːɾd̥ənə
gårdshuset	goːʂhʉsə
gårdsplassen	goːɾsplɑsːn
gårjeg	goːrjɛ
gårsdagen	goːɾsdɑːgən
gårsdagens	goːɾsdɑɪ̯ns
gås	goːs
gås	hos
gåsa	goːsɑ
gåsen	koˈsno
gåsunge	kosuŋja
gåte	goːtə
gåtefull	goːtəful
gåtefull	ˈgoːtəfʉl
gåtefulle	goːtəfulə
gåtefullt	goːtəfult
gåten	goːtən
gåtene	goːtənə
gåter	goːtər
gått	gɔt
gåtur	goːtʉːr
gæern	gæːɳ
gæren	gæːɾən
gærent	gæːrɛnt
gærn	gæːɳ
gærne	gæːɳə
gærning	gæːɳɪŋ
gærningen	gæːɳɪŋ
gærninger	gæːɳɪŋər
göran	gœːɾɑn
göransson	gœːɾɑnːsɔn
göring	gœːɾɪŋ
götaland	gøːtɑːlɑn
göte	gʊtə
göteborg	gœʈɛbɔɾg
gød	gœd
gødt	gøːt
gør	gœːr
gøre	gœːɾə
gøril	køːrˢeːl
gørr	gœɾ
gørra	gœrːɑ
gøtt	gœt
gøy	gœj
gøy	gœʏ
gøyal	gøːal
gøyal	ˈgœjɑl
gøyale	gøːɑːlə
gøyalt	gœʏ̯ɑlt
gøyere	gœʏərə
güero	gʉ́ɛɾo
günther	gʉnːtər
gĺ	gɛː
h2o	hʊɔ
ha	haː
ha	hɑː
ha	hˈɑ
ha-ha	haːhaː
ha-ha-ha	hahaha
haag	haːg
haas	haːs
habeas	ˈhɑːbɛɑs
habib	ˈhɑːbɪb
habil	hɑˈbiːl
habitat	hɑːbɪtˈat
habla	ˈhɑːbla
hachi	haʈʃi
hack	hak
hacke	hakeː
hacke	hˈakːa
hacker	hakːiːr
hacker	ˈhɑkər
hackere	ˈhɑkəɾə
hacket	ˈhɑkət
hacking	ˈhɑkɪŋ
hackus	hagʉs
had	haːd
hadar	haːdɑːr
hadass	haˈdas̠
hadde	haːd̥ə
haddejeg	ˈhɑːdːəjæg
haddock	ˈhɑdɔk
hade	haːd̥ə
hades	haːdəs
hadet	haːd̥ət̪
hadji	haɟi
hadley	ˈhɑːdlə
hadseløya	hatsɛlɛja
hafrsfjord	hafˈsfjɔr
hafstad	hafstɑ
hagahuset	hagaˈhʉːstə
hagan	hagɑn
hage	agə
hage	haːgə
hage	ˈhɑːgə
hagearbeid	haːgəɑːɾbæɪ̯
hagen	haːgn̩
hagene	haːgnə
hager	haːgəɾ
hagerup	hagrɛp
hageslange	hagislˈange
haggis	hagɪs
hagl	hagl
hagl	hæk
hagla	haglə
hagle	haglə
hagle	ˈhɑglə
haglen	haːglɛn
hagler	haglɛɾ
hagman	hagman
hah	haː
haha	haː
hai	haɪ
hai	hæɪ
haien	ˈhæɪ̯ən
haiene	ˈhæɪ̯nə
haier	haɪ̯ɛɾ
haiio	haɪɔ
haik	haɪk
haike	haɪkə
haike	ˈhæɪkə
haiker	hæjkːi̠r
haiker	ˈhæɪ̯kər
haikere	haɪkəɾə
haiket	hæjkˌɛt
haiket	ˈhæɪ̯kət
hail	haɪ̯l
hailey	ˈhæɪli
haines	haɪnəs
haiti	haɪti
haiv	haɪ̯v
haka	haka
hakan	ˈhɑːkɑn
hake	haːkə
hake	ˈhɑːkə
hakeem	haːkɪm
hakekors	haːkɛkɔʂ
haken	haːkən
haken	hˈɑːkən
hakim	ˈhɑːkɪm
hakk	hak
hakk	hɑk
hakke	hake
hakke	hakkə
hakke	ˈhɑkə
hakkemat	ˈhɑkːəmat
hakker	hakə
hakkespett	ˈhɑkːəˌspɛt
hakket	hakət
haku	hakuː
hakuna	ˈhɑːkʉnɑ
hal	hal
halbach	halbɑx
halbachs	halbɑks
halbo	halbuː
halbridge	halbrɪgd
halcyon	halˈsjuːn
haldeman	haldəmɑn
halden	haldən
haldol	haldoʊl
hale	halə
hale	ˈhɑːlə
halen	halən
haler	halɛr
haleys	halɛʏs
half	halv
halgate	halgɑːtə
hall	hal
hall	hɑl
halla	halːɑ
halle	halːə
halleluja	haləˈluːja
hallelujah	haləˈluːjʊ
hallen	halən
haller	halːɛr
hallet	halət
halley	halːɛ
halliday	halɑɪdeɪ
hallie	halɪ
hallik	halɪk
halliken	halɪkɛn
halliker	halɪkɛr
hallingdal	hælːɪngdɑːr
halliwell	halɪˈvɛl
hallo	haluː
hallo	hælo
hallo	həˈluː
halloran	halɔɾɑn
hallowes	haluːs
hallusinasjonene	halʉʃʉnɑsjʉnɛn
hallusinasjoner	halʉʃʉnɑsjʉnɑr
hallusinere	halʉˈʃiːnəɾə
hallusinere	hɑlʉsɪˈneːɾə
hallusinerer	halʉɕɪˈnɛːɾər
hallusinerte	halusiˈnɛːɾtə
hallusinogen	halʉsɪnɔgɛn
hallå	halɔ
halm	halm
halmi	halmɪ
halmstrå	halmstɾoː
halo	halo
halo	haluː
halpern	halpɛrn
hals	halʂ
hals	hɑls
hals	pals
halsbetennelse	hal̥sbɛtənɛlsə
halsbetennelse	hɑlsbɛtɛnɛlsə
halsbrann	hal̥sbrɑnː
halsbrann	hɑlsbɾɑn
halsbrekkende	hˈalsbrˈɛkəndə
halsbrekkende	ˈhɑlsbɾɛkənə
halsbåndet	hal̥sˈbɔ̀ːntət
halsen	halsən
halsesyke	halsesʏkːe
halsesyken	halsesʉkɛn
halsey	halsəj
halshogd	halʃɔg
halshogge	halʃɔgə
halshugd	halʃʉg
halshugge	halʃhʉgːə
halshugget	halʃhʉgː
halshugging	halʃhʉgɪŋ
halskjede	halʃçeːd
halskjedet	halʃçɛːd̥
halspulsåren	halspʉlsɔːɳ
halt	hal̥t
halt	hɑlt
halte	haltə
halte	haltˢe
halte	ˈhɑltə
haltende	halˈtɛndə
halter	hal̥tər
haltet	haltə
halv	halv
halv	hɑl
halvan	halvɑn
halvannen	halvɑnːn
halvannet	halvɑnːət
halvautomatisk	halvɑu̯tɔmɑtɪsk
halvblods	halbɭɔds
halvbror	halb̥br̥uːr
halvbroren	halvbrɔːrən
halvdel	halvdel
halvdelen	halvdeːlən
halve	halvə
halvere	hɑlˈʋeːɾə
halvering	halveriŋ
halvert	halvɛɾt
halvferdig	halvfɛrdi
halvfull	halfʉl
halvfullt	halfʊlfːɭ̥t
halvgud	halvgʉːd
halvkilo	halvkiːluː
halvkule	halvkuːlə
halvliter	halvliːtər
halvlitere	halvliːtə
halvmeter	halvˈmeːtər
halvnaken	halvn̥ɑkən
halvnakne	halvn̥aknə
halvorsen	halvɔʃn̩
halvpart	halvpaɾt
halvpart	hælpˈɑɾt
halvparten	halvˈpɑːʈən
halvpensjon	hɑlpɑŋʂuːn
halvsøster	halfsøʃtər
halvsøsteren	halfsøːstɛɾən
halvt	halvt
halvtime	halvˈtimə
halvtimen	halvtiːmən
halvtom	halv̥tɔm
halvtomt	halv̥tɔmt
halvtørr	hɑltœɾ
halvveien	halvviːən
halvveis	halvˈʋæɪ̯s
halvår	halvɔːr
halvår	ˈhɑloːɾ
halvåret	halvɔːɾ
halvøy	ˈhɑlœj
halvøya	halvøʏɑ
ham	am
ham	ham
ham	haːm
hamar	hemoɾ
hamas	hamɑs
hamburg	ˈhæmbʉɾg
hamburger	ˈhæmbʉgɐ
hamburgere	ˈhæmbʉɾgəɾə
hamburgeren	ˈhɑmbʉgəɾən
hamburgerne	ˈhɑmbʉgɛɳə
hamid	haˈmiː
hamilton	ˈhæmlɪtɔn
hamish	haːmɪʂ
hamle	hamlə
hamle	ˈhɑmlə
hamlet	hamlɛt
hamlin	hamˈliːn
hamm	ham
hammar	hamɑr
hammer	hamɛr
hammer	ˈhɑməɾ
hammere	ˈhɑ̀mːərə
hammeren	ˈhɑ̀ːmərən
hammerschmidt	ˈhɑmːɾ̥ʃmɪt
hammett	hamɛt
hammond	ˈhɑ̀mɔn
hamn	ˈɑm
hamnøya	hamnæja
hamp	hamː
hampshire	ˈhæmpsɪr
hampstead	ˈhæmpstɛɪ̯d
hamptons	ˈhɑmptɔns
hamre	hamrɛ
hamre	ˈhɑmɾə
hamrene	hamrɛnæ
hamrer	hamrir
hamrer	hamːrɛr
hamret	hamrɛt
hamster	hamstɛr
hamster	ˈhɑmstəɾ
hamsteren	ˈhɑːmstərən
hamstre	hamʂtrə
hamstre	ˈhɑmstɾə
hamstret	hamʃtrɛt
hamstret	hˈamstrət
hamsun	haːmsʉn
hamunaptra	hamʉnɑptɾɑ
han	han
han	hɑn
hana	haːnɑ
hanaki	haˈnɑːkɪ
hanbei	hanbæɪ
handa	ˈhɑnda
handel	handɛl
handel	ˈhɑːndəl
handelen	handɯlˈn
handelen	ˈhɑːndələn
handelsbalanse	handəlsbalaŋsə
handelsflåten	ˈhɑ̀ːnəlsˌflɔːtn̩
handelskammeret	ˈhɑːnːəlskaˌmɛːɾ
handelsmenn	ˈhandəlsmenː
handelsskip	ˈhɑːnəlsçɪp
handen	handən
handgripelig	hɔnˈgɾiːpəlɪ
handgripelige	hɔnˈgɾiːpəlɪə
handgripeligere	hɔnˈgɾiːpəlɪɾə
handgripeligst	hɔnˈgɾiːpəlɪkst
handgripeligste	hɔnˈgɾiːpəlɪkstə
handhilse	ˈhɔnhɪlsə
handikapp	ˈhɑːndɪkɑp
handla	hˈandla
handlaga	ˈhɔnlɑːgət
handlaget	ˈhɔnlɑːgət
handle	handle
handle	ˈhɑnlə
handle	ˈhɑːndlə
handlene	handleːnə
handler	ˈhandlɛr
handlet	hˈandlət
handlet	ˈhandl̥ət
handletur	handlətˈʉr
handling	ˈhɑndlɪŋ
handling	ˈhɑːndlɪŋ
handlingen	ˈhɑːndlɪŋən
handlingene	ˈhɑ̀ːnɖlɪŋnə
handlinger	ˈhɑːndlɪŋər
handlingslammet	ˈhɑːndlɪŋslɑmːə
hands	hanʃ
handtere	ˈhɑndəɾə
hane	haːnə
hane-george	haːnəgɔ́ːɾgə
hanegal	hɑnɛgɑr
hanekamp	haːnɛkɑmp
hanen	hanən
haner	haːnɛr
haner	hɑˀnər
hang	haŋ
hangar	haŋgɑr
hangaren	haŋɑrɛn
hangarskip	haŋgɑɾʃɪp
hangarskipene	haŋgɑɾʂkiːpənə
hangarskipet	haŋgɑɾʂkɪpət
hangle	ˈhɑŋlə
hank	haŋk
hankjønn	haŋkjøn
hanks	haŋks
hankø	hanka
hanley	hanlɛɪ
hanlig	ˈhoːnlɪ
hanligere	ˈhoːnlɪɾə
hanligst	ˈhoːnlɪkst
hann	han
hann	hɑn
hanna	ˈhɑnːə
hannah	hanɑ
hannahs	ˈhɑnːs
hannas	hanːɑs
hanne	hanːə
hannen	hanən
hannene	hanːə
hanner	ˈhanːər
hannes	hanːəs
hannibal	hanɪbɑːl
hannigan	hanɪgɑn
hannkjønn	ˈhɑnçœn
hannover	hanɔvɛr
hanoi	ˈhɑːnɔɪ
hanover	ˈhɑːnəʋər
hanrei	hanreː
hans	hɑns
hans	hɑnːs
hans	ɦans
hansel	haːnsɛl
hansen	ˈhɑːsn̩
hansens	hansəns
hanske	hanskə
hanske	hˈanskə
hanske	ˈhɑnskə
hansken	hanskən
hansken	haːnʃkən
hanskene	ˈhɑ̀nʃənə
hansker	haːnʃkər
hanskerommet	ˈhɑːnskəɾɔmmət
hanskes	ˈhɑnskəs
hanskes	ˈhɑːnʃɛs
hanson	ˈhɑːsn̩
hanssen	ˈhɑnsn̩
hansson	ˈhɑ̀nsɔn
hanukka	hanukka
hanzo	hantsoː
hap	hɑːp
haper	ˈhɑːpər
hapet	ˈhɑːpət
happy	ˈhɑːpɪ
hapstall	ˈhɑːpstɑːl
haqqani	haqɑːni
har	haːr
har	hɑːɾ
hara	haːɾɑ
harakiri	haɾakiɾi
harald	haːɽɑːɭ
harald	ˈhɑɾɑl
haram	haˈɾɑm
harbinger	ˈhɑːrbɪŋər
harbor	haːbɔr
harbour	haːbɔr
harcourt	haɾkuːɾt
hardbarka	ˈhɑːɾbɑɾkɑ
hardbarket	ˈhɑːɾbɑɾkət
harddisk	haɾdɪsk
harddisk	hˈɑːrðˈɪsk
harddisken	ˈhɑːɾdɪskn̩
harddiskene	ˈhɑːɾdɪsknə
harddisker	haɾdɪskər
harde	harə
harde	haɾːə
hardere	ˈhɑːɾdərə
hardeste	haɾˈdɛstə
hardfør	haɾdføɾ
hardhendt	haɾːdˈhɛnt
hardhendt	ˈhɑːɾhɛnt
hardin	haɾːdɪn
harding	ˈhɑːɖɪŋ
hardkokte	ˈhɑːɾdkɔktə
hardnakket	ˈhɑːɳɑkət
hardporno	harpʊrno
hardrocker	hɑːrd̥ɾokːiːr
hardtarbeidende	ˈhɑːɖɑɾbæɪ̯ɛɪ̯nə
hardu	haɖuː
hardwick	ˈhɑːɾdʋɪk
hardwicke	ˈhɑːɾdʋɪkə
hardy	haɾdi
hare	haːɾə
hare	hˈarə
harelabben	haːɾəlæbːən
harem	ˈhɑːrəm
haremet	haːɾəmeːt
haren	haːɾən
harene	hɑˀrɛnˀne
harepus	haːrepˈus
harer	haːɾɛɾ
harer	hɑːrˈæt
haret	haːɾət
harford	haɾfɔɾ
harfunnet	haɾˈfʉnːət
harfått	haɾfɔt
hargitay	ˈhɑːrgitɑːj
hargrave	haɾgɾæɪ̯və
hari	haɾiː
hariand	haɾiɑn
harikke	haɾɪkə
harjeg	haɾjɛg
harjobbet	haɾˈjɔpːət
harke	ˈhɑɾkə
harken	ˈhɑːrkən
harker	haʈɛɾ
harkness	haɾknɪs
harlan	haɭɑn
harlee	haɾˈleː
harley	haːɭɛɪ
harley-davidson	ˈhɑːɭiˈdæɪvɪsn̩
harlow	ˈhɑːlɔ
harm	hɑɾm
harme	haʁmɛ
harme	ˈhɑɾmə
harmløs	haɾmˈløːs
harmløs	ˈhɑɾmløːs
harmløse	haɾmˈløːsə
harmløst	haɾmˈløːst
harmoni	harmoniː
harmoni	haɾˈmoːnɪ
harmonien	haɾˈmuːnɪən
harmonisk	ˈhɑːrmunɪsk
harold	haːɾɔɭ
haroon	ˈhɑːrʊn
harp	haɾp
harpe	haɾpə
harpe	ˈhɑɾpə
harper	haːpɛr
harpiks	haɾpɪks
harpo	haɾpʊ
harpun	ˈhɑːrpʉn
harpuner	ˈhɑːrpʉːnəɾ
harpyens	haɾˈpʏns
harrenhal	haɾːənˈhɑːl
harriet	haɾɪɛt
harriets	haːriːts
harris	haʂɪs
harrisburg	ˈhæɾɪsbʉːɾ
harrison	ˈhɑːrɪˌsɔn
harry	hariː
harry	hɑɾɾː
harry	ˈhɑɾɪ
harrys	ˈhɑrːʏs
harselere	hɑʂəˈleːɾə
harsk	hɑʂk
hart	haːɾt
hartatt	haɾtɑt
hartley	ˈhɑːrtliː
hartman	haʈman
hartmann	haːɾtman
harv	haɾv
harvard	haɾvɑɾ
harve	haɾvə
harvey	haɾveɪ
harveys	haɾˈβæɪ̯s
has	haːs
hasan	haːsɑn
hasardiøs	hɑsɑɖɪˈøːs
hasardspill	haːsɑɾdspɪl
hashem	hasɛm
hashtag	ˈhæʃtɑːg
hasil	ˈhɑːsɪl
hasj	haʂ
hasj	hɑːs
hasjen	haʂjən
hasmukh	ˈhɑːsmʉk
hassan	has̬sɑn
hasse	hasə
hassel	ˈhɑsəl
hasselhoff	ˈhɑʃəlɔf
hasselnøtt	hasˈlnøːtː
hasselnøtt	ˈhɑsəlnœt
hasselnøtt	ˈhɑsəlˌnœt
hasselnøtta	hasˈɛlnˈøtːa
hasta	hɑstɑ
haste	hastˈ
haste	ˈhɑstə
haster	ˈhɑːstər
hastesak	ˈhɑːstəsɑk
hastet	ˈhɑstət
hastig	ˈhɑstɪg
hastighet	ˈhɑːstiɛɪ̯t
hastigheten	hastjˈɛrtən
hastigheter	hastihˈeːtər
hastings	ˈhɑːstɪŋs
hastverk	ˈhɑstʋæɾk
hastverket	ˈhɑːstˌværçə
hasty	ˈhɑːstɪ
hat	haːt
hat	hɑːt
hat	hɒt
hatch	ɑtʃ
hatcher	ˈhɑtʃər
hate	haːtə
hate	ˈhɑːtə
hatefull	haːtɛful̥
hatefulle	ˈhɑːtəlʉː
hater	hatɛr
hater	haːtər
hatet	hatet
hatfield	hatfɪld
hathaway	haːtɑːveɪ
hathorne	haːtɔrnə
hats	hatʂ
hatsk	hatʃk
hatsk	hɑtsk
hatt	hat
hatteberg	hatːəberg
hattemaker	hatəˈmeːkər
hattemakeren	hatəmaːkəɾən
hatten	hatn̩
hatten	hatːɑ
hatten	ˈhɑtn̩
hattene	hatːənə
hatter	hatɛr
hattie	hatɪ
hatton	hatːɔn
hatytring	hˈatɪtrɪŋ
haug	hæʉ
haug	hɔʊ̯g
haugan	halgɑn
hauger	ˈhɔʊ̯gər
haugevis	ˈhɔʊ̯gəʋɪs
haugli	hɑʊ̯gli
hauk	hæwk
hauk	hɔʊk
hauken	hæʊkɪ̞n
hauken	ˈhɔʊkən
hauker	ˈhɔʊ̯kər
hauru	ˈhæʉ̯ːrʉ
hauser	hoʊsər
hausse	ˈhæʉsə
hav	hav
hav	haʋ
hav	hɑːʋ
havabbor	ˈhɑːʋɑbːʊr
havanna	ˈhɑːvɑnə
havarere	hɑʋɑˈɾeːɾə
havarerte	ˈhɑːvɑːɾɛtə
havari	kabɑri
havbunn	havbun
havbunnen	ˈhɑːvbʉnən
have	haːʋə
haven	ˈhɑːʋn̩
havene	ˈhɑːʋənə
havens	haʋəns
haverford	ˈhɑːvərfɔɹ
havet	ˈhɑːʋət
havets	ˈhɑːvəts
havfrue	haʋfrøː
havfrue	ˈhɑːʋfɾʉːə
havfruen	ˈhɑːvfrʉːn
havfruer	haʋfryːɾ
havn	havn
havn	haʋn
havn	hɑʋn̩
havna	ˈhɑʋnɑ
havne	havnɛ
havne	ˈhɑʋnə
havne	ˈhɑːvnə
havnen	ˈhɑvn̩
havnene	haʋnə
havnepolitiet	ˈhɑːvnəpʊlɪtɪt
havner	avneɾ
havner	ˈhɑːvnər
havnesjefen	ˈhɑːvnəsjɛfən
havneslakteren	ˈhɑvnəsˌlɑktəɾən
havnet	hɑːvnɑːt
havnet	ˈhɑvnət
havnviken	havnvikˌɛn
havre	haʋɾə
havre	ˈhɑʋɾə
havregryn	havrgrˈyn
havregryn	haʋɾəgɾʏn
havregryn	hɑʋɾəgɾyːn
havregrøt	havrɛgrøːt
havregrøt	haʋɾɛgɾøːt
havrer	havrɪ̞r
havs	haʋs
havsalt	havsalt
havskorpe	havskorpə
hawaii	haʋaɪ
hawaiian	ˈhɑːwɑɪɑn
hawk	hoːk
hawkes	hoːkʃ
hawking	hoːkɪŋ
hawkins	haʋkɪns
hawks	ʰɔʊks
hawthorne	hoːtɔːɳ
hayes	heɪs
haymitch	ˈhæɪmɪtʃ
haynes	haɪnəs
hayward	heɪvɑːɾ
hayworth	ˈhæɪwɔːɹ
haze	haːs
hazel	haːsəl
hazen	haːsən
he	heː
head	hɛːd
heads	heːds
healer	heːlɑːr
healing	hˈiːlɪŋ
healy	heɑːlʏ
heard	ɛːɾ
hearpe	heːɾpə
hearst	heːɾst
heart	hɛːɾ
heat	ʰeːt
heath	heːθ
hebraisk	həˈbɾɑːɪsk
hebraisk	ˈhɛːbɾɑɪsk
hebraiske	ˈhɛːbrɑɪskə
hebreer	heːbɾeːɾ
hecate	heˈkɑːtə
heck	hek
hector	ˈhɛktɔr
hectors	ˈhɛktɔʂ
hedberg	heːbɛɾg
hedda	heːd̥ɑ
hedda	hætda
heden	heːdən
hedensk	heːdɛnsk
hedenske	ˈheːdənskə
heder	heːd̥ər
heder	ˈheːdəɾ
hederlig	hˈeːdəli
hederlig	ˈheːdəɭɪ
hederlige	ˈheːdəɭɪə
hederligere	ˈheːdəɭɪɾə
hederligst	ˈheːdəɭɪkst
hederligste	ˈheːdəɭɪkstə
heders-brudepike	ˈheːdɛɾsˌbrʉːdɛpɪkə
hedersmann	heːdɛʂman
hedning	ˈhɛdnɪŋ
hedningene	ˈhɛdənɪŋə
hedninger	ˈhɛdnɪŋər
hedre	hˈədra
hedrer	ˈhɛ̀ːdrər
hedret	ˈhɛːdrət
heep	heːp
hef	heːf
hefner	ˈhɛfn̩ər
hefte	heːftə
hefte	hɛftˈe
hefte	ˈhɛftə
hefter	ˈhɛftər
heftet	haftah
heftet	ˈhɛftət
heftig	ˈhæftɪ
hege	heːgə
hegn	hain
hei	hei
hei	hæ
hei	hæi
hei	hˈeɪ
hei	hˈɑːl
heia	heɪʏ
heiagjeng	ˈhæɪɑːgjɛŋ
heiagjengen	heɪɑgjɛŋn̩
heiagjengleder	ˈhæɪɑːgjɛŋlɛɖɐ
heid	hejd
heidi	ˈhæɪ̯dɪ
heidundrende	hæɪˈdʉndɾənə
heie	hæjˌe
heie	ˈhæɪə
heien	hiːən
heier	hiːɛ̯r
heier	hæjːɪ̞r
heiet	hiːət
heihachi	heɪhɑtʃi
heiier	hei̯ɛr
heiiige	heiːgə
heikki	heiki
heil	hei̯l
heimdall	heimdal
heimert	həjmət
heimevernet	ˈhæɪ̯mɛˌʋæɾn̩
heineken	ˈhæɪnəkɛn
heinrich	haɪˈnɾɪk
heinz	haɪnz
heis	heɪs
heis	hæɪs
heisan	heɪ̯sɑn
heisann	heɪsɑn
heise	hiːsə
heise	ˈhæɪsə
heisen	heɪ̯sən
heisen	hˈaɪsən
heisenberg	ˈhæɪ̯sənbɛɾg
heisene	heɪ̯sənə
heiser	həjsɯˈr
heiser	ˈhæɪ̯sər
heissjakten	ˈhæɪ̯sjɑktn̩
heist	fãˈist
heist	heɪst
heit	hæɪ̯t
heit	hˈaɪt
heite	hiːtə
heiteste	hiːtəsteː
heiv	heɪ̯v
heiv	hˈeɪv
heivete	heɪvətə
hekk	hek
hekk	hɛk
hekken	ˈhɛkːən
hekker	ˈhɛkːər
hekle	ˈhɛklə
heks	hɛks
heksa	hɛksɑ
heksejakt	ˈhɛksəjɑkt
heksejakten	ˈhɛksəjɑktən
heksekunster	ˈhɛskʉnstɐ
heksen	hæks̺ɪl
heksen	ˈhɛksən
heksene	hɛksəˈnə
heksenes	heksənɛs
heksens	heksəns
hekser	heksər
hekseri	ˈhɛksəɾi
hekseskudd	hɛksəskʉd
hekt	hɛkt
hekta	hekta
hektar	ˈhɛktɑːr
hekte	hektə
hekte	hektˈɛ
hekte	ˈhɛktə
hektene	ˈhɛktənə
hekter	ˈhɛktər
hektet	ˈhɛktət
hektisk	ˈhɛktɪsk
hekto	hæktˈ
hektor	ˈhɛktɔr
hel	hel
hel	heːl
hela	heːlə
helan	helɑn
helbred	helbrɛd
helbrede	helbreːdə
helbrede	helbræd
helbrede	həlˈbɾeːdə
helbredelsen	helbreːdəlsn̩
helbredende	ˈhɛlbrəˌdɛnə
helbreder	helbreːdər
helbrederen	helbreːdərən
helbredes	helbreːdəs
helbredet	helbreːdət
heldig	heldˈe
heldig	ˈhɛldɪ
heldige	helːdigə
heldige	ˈhɛldɪə
heldigere	ˈhɛldɪɾə
heldigere	ˈhɛlːɪgəɾə
heldiggrisen	ˈhɛlːɪgrɪsn̩
heldigst	ˈhɛldɪkst
heldigste	ˈhɛldɪkstə
heldigvis	ˈhɛlːɪgʋɪs
hele	helə
hele-tatt	ˈhɛːləˌtɑt
helen	helən
helena	heləna
helenas	heləˈnɑs
helene	elˈeːnˈɜ
helene	heləne
helens	heləns
heles	heləs
helg	helg
helg	hɛlg
helga	helgɑ
helge	halga
helge	helgə
helgedag	hˈɛlgdɑːg
helgen	helgən
helgen	ˈhɛlgən
helgene	helgənə
helgenen	helgən
helgenene	helgənə
helgener	helˈgeːnər
helgens	helgəns
helgepris	hælgəpɾiːs
helger	helgər
helgetur	helgɛtʉːr
helhet	helhɛt
helheten	helːhɛtn̩
helhjertet	heljɛrt
helikopter	həlɪˈkɔptəɾ
helikopter	ˈhɛlɪkɔptər
helikoptere	ˈhɛlɪkʰɔpɾɛ
helikopteret	ˈhɛlɪkɔptɛrət
helikopterne	ˈhɛlɪkɔptɛɳə
helikoptre	ˈhɛlɪkɔptɾə
helikoptrene	ˈhɛːlɪkɔpˌtrənə
helikoptret	ˈhɛlɪkɔptɾə
heliumet	ˈhɛːlyuːmət
hell	ɛlː
hellboy	ɛlːbɔɪ
helle	hella
helle	ɛlːə
helle	ˈhɛlə
heller	hel̥ːɾ̥
heller	ˈhɛləɾ
hellet	helːət
hellfjord	ɛlfjɔɾ
hellidagen	hˌɛlˌid̥ɑːgən
hellidagene	tælildaːgɪnːe
hellidager	hælːidɑgɪ̞r
hellig	helɪg
helligdag	helɪgdɑː
helligdager	ˈhɛlɪgdɑɪ̯ɪr
helligdom	helɪgdɔm
helligdommen	helɪgdɔmən
hellige	helːɪgə
hellige	hˈɛljˈa
hellige	ˈhɛlɪə
helliger	helɪgər
helliget	helɪgət
hellighet	ˈhɛlɪgət
helligst	ˈhɛlɪkst
helligste	ɛlɪgstɛ
helligste	ˈhɛlɪkstə
hellman	helman
hello	hɛlo
helm	helm
helmaks	helmɑks
helmer	helmɛr
helmer	ˈhɛlməɾ
helmut	helmʉt
help	hɛlp
helpensjon	heːlpɑŋʂuːn
helsa	helsɑ
helse	helsə
helse	hɛlso
helse	ˈhɛlsə
helsedepartementet	helsədepaɾəˈmɛntət
helsefarlig	helsəˈfɑːlɪ
helseforsikring	helsəˈfɔʂkɾiŋ
helseløs	helsəˈløːs
helsemessig	helsɛmɛssi
helseministeren	helseminɪstɛɾən
helsen	helsən
helseorganisasjon	helsəɔgɑnɪsɑʃuːn
helseproblemer	helsəpɾuːləmər
helseskadelig	ˈhɛlsəskɑːdlɪ
helseskadelige	ˈhɛlsəskɑːdlɪə
helseskadeligere	ˈhɛlsəskɑːdlɪɾə
helseskadeligst	ˈhɛlsəskɑːdlɪkst
helseskadeligste	ˈhɛlsəskɑːdlɪkstə
helsestell	hˈɛlsˈɛstəl
helsestudio	helsɛstuːdio
helsesøster	helsəˈsœʃtər
helsetilsynet	helsəˈtɪlsʏnə
helsevern	hˈɛlsvarn
helsevesen	he̝lˀse̝ʋeːˀs̺ɛn
helsevesenet	helsəˈʋeːsən
helsike	helsiːkə
helsikes	helsiˈkeːs
helsing	helsɪŋ
helsingfors	helsɪŋfɔʂ
helsingør	helsɪŋɔɾ
helsinki	helsɪŋki
helskinnet	hel̥ʃɪnːət
helspenn	helspɛn
helsprø	helsprø
helst	helst
helst	hælˈst
helst	hɛlst
helstekt	hˈɛlstəkt
helt	heːlt
helt	hɛlt
helt	əlt
helte	hel̥tə
heltedåd	heltedɔd
heltedåd	helteˈdɔː
heltedåder	hɛltəˈdɔːɾ
heltemodige	hel̥təˈmɔɪ̯jə
heltemodigere	ˈhɛltəmuːdɪɾə
heltemodigst	ˈhɛltəmuːdɪkst
heltemodigste	ˈhɛltəmuːdɪkstə
heltemot	ɛltəˈmɔt
helten	hel̥tən
helten	hɛltɪ̞ŋ
heltene	hel̥tənə
helter	hel̥tər
heltid	heːltˈiːd
heltidsjobb	hɛltɪtsjɔb
heltinne	helteˈnnɯ
heltinne	hɛltɪnːə
heltinnen	hɛltɪnːə
helts	helts
helv	helv
helvete	halʋet̪e
helvete	helvɛtə
helvete	ˈhɛlʋətə
helvete!	halveta
helvetes	helvɛtəs
helvetes	ˈhɛlʋətəs
helveteshund	helvɛtɛsɔnd
helvetesild	helvɛtɛsɪld
helvetet	helvɛtɛt
helvetets	helvɛtɛs
helvette	helvɛtə
helvette	hɛlvetə
helén	helən
hem	hɛm
hemi	ˈhæːmɪ
hemlock	hemlɔk
hemme	ˈhɛmə
hemme	ˈhɛmːə
hemmelig	ˈhɛməlɪ
hemmelige	ˈhɛməlɪə
hemmeligere	ˈhɛməlɪɾə
hemmelighet	ˈhɛmːəlɪgʉt
hemmeligheten	ˈhɛməlɪghɛtən
hemmelighetene	ˈhɛmːəlɪgəˌteːn
hemmeligheter	ˈhɛmːəlɪgəɾ
hemmelighetsfull	ˈhɛmːəlɪgɛtsfʉl
hemmelighetsfulle	ˈhɛmːəlɪgɛtsfʉlə
hemmelighetskremmeriet	ˈhɛməlɪghɛstsˌkrɛmːərɪət
hemmeligholde	ˈhɛməlɪhɔlə
hemmeligholde	ˈhɛməlɪˌgɔlə
hemmeligholdes	ˈhɛmːəlɪˌgɔldəs
hemmeligst	ˈhɛməlɪkst
hemmeligste	ˈhɛməlɪkstə
hemmeligstemplede	ˈhɛməlɪgstɛmplə
hemmer	hemːər
hemmet	ˈhɛmət
hemningene	ˈhæmnɪŋənə
hemningsløs	ˈhɛmnɪŋsløːs
hemoroider	hem̝o̞ɾo̞iːðiːr
hemp	hɛm
hen	hen
hench	henʃ
henda	henda
hende	hendə
hende	hˈɛn
hende	ˈhɛnə
hendelig	ˈhɛnəlɪ
hendelige	ˈhɛnəlɪə
hendeligere	ˈhɛnəlɪɾə
hendeligst	ˈhɛnəlɪkst
hendeligste	ˈhɛnəlɪkstə
hendelse	henˈdəlsə
hendelsen	ˈhɛ̀ndəlsən
hendelsene	ˈhɛndəlsənə
hendelser	henˈdəlsər
hendelsesforløpet	ˈhɛ̀ndəlsɛsfoːɭœp
hendene	hendənə
hender	hennɪ
hender	ˈhɛ̀ːnəɾ
henderson	ˈhɛ̀ndsɔn
hendersons	ˈhɛ̀ndərsɔns
hendig	hendɪg
hendigst	ˈhɛnɪkst
hendigste	ˈhɛnɪkstə
hendrick	ˈhɛntrɪk
hendricks	ˈhɛntrɪks
hendrik	henˈdrɪk
hendrix	ˈhɛndrɪks
hendry	hendʁiː
hendt	hˈɛnt
hendte	henːtə
hene	henə
henføre	ˈhɛnføːɾə
henført	henføːt
heng	heŋ
henga	hengɑ
henge	hengə
henge	ˈhɛŋə
hengebru	hˈɛŋɛbrʉ
hengekøya	heŋˈgøːja
hengekøye	hengəˈkœʏə
hengelås	hengəloːs
hengelåsen	heŋəlɔːsn̩
hengende	heŋn̩d̥ə
henger	heŋgər
henger	heŋir
hengeren	heŋgɛrən
henges	hengəs
hengi	hengiː
hengi	ˈhɛnjiː
henging	ˈhɛŋɪŋ
hengingen	hengɪŋən
hengiven	hengɪvn̩
hengivenhet	hengɪvənhɛt
hengivenheten	hengɪˈʋeːnə
hengivne	hengɪvnə
hengning	heŋːɪŋ
hengningen	heŋgɪŋən
hengslene	hengslənə
hengslete	ˈhɛŋʂɭətə
hengt	heŋt
hengte	hengtə
henhold	henˈhɔɭ
henkel	henkəl
henlagt	henˈlɑkt
henlede	ˈhɛnleːdə
henlegge	henˈleːgə
henlegge	ˈhɛnlæɪə
henley	henlɛɪ
henne	henːə
henne	hɛnə
henne	hˈɛnə
hennes	henːs
hennes	ˈhɛnəs
hennessey	ˈhɛnːɛsi
hennessy	ˈhɛnɛsi
henning	henɪŋ
henning	hˈɛnniːŋ
henny	heni
henny	hˈɛnmi
henrett	henrɛt
henrette	henrɛtə
henrette	ˈhɛnɾɛtə
henrettelse	henrɛtəlsə
henrettelsen	henrɛtəlsn̩
henrettelsene	henrɛtəlsən
henrettelser	henrɛtˈʂɛlsɐ
henretter	henˈrɛtːər
henrettes	henˈrɛts
henri	henriː
henrickson	henˈrɪkːsɔn
henrik	henɾɪk
henrik	ˈhɛnɾɪk
henriks	henɾɪks
henriksen	henˈɾɪksən
henrivende	henˈɾiːʋənə
henry	henri
henry	hˈɛnri
henrykke	ˈhɛnɾʏkə
henshaw	henʃɔ
hensikt	henˈsɪkt
hensikten	henˈsɪktn̩
hensiktene	henˈsɪktnə
hensikter	henˈsɪktər
hensiktsmessig	ˈhæ̀nsɪktsmɛsɪ
hensiktsmessig	ˈhɛnsɪktsmɛsɪ
hensiktsmessige	ˈhɛnsɪktsmɛsɪə
hensiktsmessigere	ˈhɛnsɪktsmɛsɪɾə
hensiktsmessigst	ˈhɛnsɪktsmɛsɪkst
hensiktsmessigste	ˈhɛnsɪktsmɛsɪkstə
henson	ˈhɛsn̩
henstille	ˈhɛnstɪlə
hensyn	henˈsʏn
hensyn	hɛnsyːn
hensynsfull	henˈsʏnsfʉl
hensynsfull	ˈhɛnsyːnsfʉl
hensynsløs	henˈsʏnsloːs
hensynsløs	ˈhɛnsyːnsløːs
hent	hen̥t
henta	hènta
henta	hˈɛnta
hente	hentə
hente	hentˢe
hente	ˈhɛntə
henter	hentɛr
hentes	hentəs
hentet	hentet
henting	hentɪŋ
hentyde	ˈhɛntyːdə
henvend	henvɛn
henvende	henˈvɛnə
henvender	henvɛndər
henvendte	henvɛntə
henvise	ˈhɛnʋiːsə
henvist	henvɪst
henviste	ˈhæ̀nvɪstə
hepatitt	heːpɑtɪt
hepburn	heːbɾʉn
hepp	hɛp̚
hepzibah	hepsiβa
her	hæːɾ
her	tɛr
hera	heːɾɑ
herald	heːɾɑːɭ
herav	haːræv
herbert	ˈhɛɾbɛɾt
herbie	ˈhæɾbɪ
herc	ɛɹk
hercule	ˈhɛ̀ɾkʉːlə
hercules	ˈhɛɾkələs
herde	ˈhæɖə
herdet	ˈhɛ̀ɾdət
heretter	ˈhɛːɾətər
herfra	heːɾfɾɑ
herfra	hærfra
heri	heːɾɪ
herifra	heːɾɪfɾɑ
herje	harjɑ
herje	heːɾjə
herje	ˈhæɾjə
herjer	hætd̪iːt
herjer	ˈhæɾjər
herjet	heːɾjɛt
herk	ɛɾk
herkomst	heɾkɔmst
herkomst	hɛrkˈɔmst
herkules	ˈhæɾkʉləs
herlig	ˈhæːɭɪ
herlige	heːɭɪgə
herlige	ˈhæːɭɪə
herligere	ˈhæːɭɪɾə
herligst	ˈhæːɭɪkst
herligste	ˈhæːɭɪkstə
herlitz	heːɭɪts
herlovsen	hɛrloːvzən
herm	ɛɾm
herman	ˈhæːrmɑn
hermanos	ˈhæːɾmanɔs
hermansen	ˈhæːɾmansən
hermansverk	hɛrmansvˈɛrk
herme	hærmɯ̞
herme	ˈhæɾmə
hermes	heːɾmɛs
hermet	hæremət
hermetikk	həɾmɛˈtɪk
hermetikk	hɛrmətˈiːk
hermetisere	hæɾmətɪˈseːɾə
hermie	ɛʁmɪ
hermine	fərmina
hermosa	ˈhæɾmʊsɑ
hernes	hɑɹnɛs
herning	harˈnɪŋ
herning	heːɳɪŋ
heroin	ˈhɛːrɔɪn
heroinen	ˈhɛːrʉɪn
heroinet	ˈhæːɾʊɪnə
herold	heːɾɔɭ
heromkring	ˈhæɾɔmkrɪŋ
herover	ˈhɛːrʋɛr
herpa	heɾpa
herpes	heːɾpə
herr	hɛr
herre	ɛrːə
herre	ˈhæɾə
herredømme	ˈhæɾəˌdœmːə
herredømmet	ˈhæɾəˌdœmət
herregud	ˈhæɾːəgʉː
herregård	ˈhæɾəgoːɾ
herregården	ˈhæɾːəgoːɾdn̩
herrejesus	ˈhæɾːəjəˌsʉs
herreløs	ˈhæɾəløːs
herremann	ˈhæːɾəman
herremannen	ˈhæːɾəˌmɑnːən
herren	ˈhæːrən
herrene	ˈhæɾːənə
herrenes	ˈhæːrənəs
herrens	heːrəns
herrer	hɛɾəɾ
herrer	ˈhæɾːəɾ
herrera	ˈhɛrəɾə
herres	heːɾəs
herschel	ˈhɛʃəl
herse	heːɾsə
herse	ˈhæʂə
hersens	heːɾsən
herser	heːʂər
herset	ˈhɛʂət
hershel	heːʂɛl
hersk	hæɾʃ
herskap	heːʂkɑːp
herskapelig	hæˈʂkɑːpəlɪ
herskapelige	hæˈʂkɑːpəlɪə
herskapeligere	hæˈʂkɑːpəlɪɾə
herskapeligst	hæˈʂkɑːpəlɪkst
herskapeligste	hæˈʂkɑːpəlɪkstə
herskapet	ˈhæʂkəpə
herskapshus	heːʂkɑːpʂhʉs
herskapshuset	heːʂkɑːpʂhʉːs
herske	heʂkə
herske	hæˈʃkə
herske	ˈhæʂkə
herskedal	hæɾsg̊ɛd̥aːlˀ
hersker	ˈhæʂkər
herskere	ˈhæɾʃəɾə
herskeren	ˈhæʂkəɾən
herskerinne	ˈhæʂkəɾɪnə
herskerinnen	ˈhæʂkəɾɪnə
hersket	ˈhæʂkət
hertug	ˈhɛʈʉːg
hertugen	ˈhɛʈʉːgn̩
hertugens	ˈhɛʈʉːgən
hertuginne	ˈhɛ̀ːtʉgɪnə
hertuginnen	ˈhɛrtʉgɪnə
hertz	hɛʈs
herved	ˈhɛːɾəɛ
hes	heːs
hesh	heʃ
hespetre	ˈhɛspətrə
hess	hes
hesse	hesːə
hesselboe	ˈhɛsəlbuː
hessler	heslɛr
hest	heːst
hest	hɛst
hestehale	ˈhɛstəˌhɑːlə
hestehalen	ˈhɛstəˌhɑːlən
hestekjøtt	ˈhɛstəˌçøːt
hestemøkk	heːstəˈmœkː
hesten	hɛstən
hesten	hˈɛstɛn
hesten	ˈhɛstən
hestene	heːsˈtənə
hestens	ˈhɛstəns
hester	ˈhɛstə
hesterase	hɛstɛɾase
hesteryggen	ˈhɛstəɾʏgn̩
hestesko	ˈhɛstəskuː
hestetyv	heːstətyːʋ
hestetyver	ˈhɛstəˌtʏːʋər
hesteveddeløp	ˈhɛstəʋɛdlœːp
heston	ˈhɛstɔn
hestpeis	tˈɪpˈeɪs
hests	heʂs
het	heːt
het	hɛt
hete	heːtə
hete	ˈheːtə
heten	heːtən
heter	ˈhɛtər
hetero	ˈhɛtəɾuː
heterofil	hətˈɾuːfˈiːl
heterofil	ˈhɛtəɾɔfɪl
heterofile	ˈhɛtəɾofɪlə
heteroseksuell	ˈheːtəɾʊsəksʉɛl
heteroseksuell	ˈhɛːtəɾɔsɛkʉɛl
hetetokter	ˈhɛːtətɔktər
hetse	ˈhɛtsə
hett	het
hetta	het̪ːa
hette	hetə
hettegenser	heːtəgənsər
hetten	het̪ːən
hetten	hætːən
hettene	heːtːən̩
hettene	hˈɛtnˌa
hetter	het̪ːər
hev	hev
hev	hˈæv
hevd	hevː
hevd	hɛʋd
hevde	hevdə
hevde	hævdæ
hevde	ˈhɛʋdə
hevder	ˈhɛ̀ːvɑɾ
hevdet	hˈɛvdət
hevdet	ˈhɛvdət
heve	heːʋə
hevelse	heːʋɛlsə
hevelse	hæˈvɛlse
hevelse	ˈhæʋəlsə
hevelsen	hɛvylsən
hevelsen	ˈhæʋəlsn̩
hevelser	heːvelser
hevelser	ˈhæʋəlsər
hever	hɛvər
hever	ˈhæʋər
heves	heːʋəs
hevet	hɛvət
hevet	ˈhɛːʋət
hevets	ɛːvɛts
hevn	heːvn
hevn	ˈhɛʋn̩
hevne	hevnɑ
hevne	ˈhævnə
hevne	ˈhɛʋnə
hevnen	ˈhɛvnən
hevnens	heːvn̩s
hevner	ˈhɛʋnər
hevneren	ˈhɛʋnəɾən
hevnerne	ˈhæʋnəɳə
hevnes	hevnəs
hevnet	ˈhɛʋnət
hevngjerrig	ˈhæʋnjɛrɾɪ
hevngjerrige	ˈhɛʋnjæɾɪə
hevngjerrigst	ˈhɛʋnjæɾɪkst
hevngjerrigste	ˈhɛʋnjæɾɪkstə
hevnlyst	heːvnlysʈ
hevnlyst	hævnlyst
hevnlysten	hævnlystən
hevnlysten	ˈhævnlyːstən
hevntokt	hevn̩tɔkt
hewitt	ˈhɛvɪt
hex	hɛks
heydar	heɪ̯daɾ
heywood	heɪwʊd
hi	hiː
hickok	ˈhɪkɔk
hidalgo	hiˈdɑːɭo
hidra	kiːtrˈa
hierarki	iːɛɾɑɾki
hierarkisk	hɪəɾˈɑɾkɪsk
hiet	hiːt
hige	ˈhiːgə
higer	hiːgər
higgins	ˈhɪgɪns
high	haɪ
high-five	haɪfɑɪv
highgarden	haɪgɑːɾn̩
highland	haɪlɑːnd
highlanders	haɪˈlɑnːdərs
hightower	haɪtɔʋər
hikke	ɥɪkːə
hikke	ˈhɪkə
hikken	hiːkːən
hikker	hˈɪkːa
hikket	ikːɛt
hikste	ˈhɪkstə
hil	hiːl
hilary	hiˈlɑɾi
hild	hild
hilda	hiːlda
hilde	hiːlə
hildegarde	hiːldɛgɑːɾdɛ
hildur	hiːɭʉːɾ
hill	hil
hillary	ˈhɪlɪɐ̯i
hillcrest	hlɪskrɛst
hiller	hilə
hillman	hilman
hills	ɪlːs
hilltop	hilːtɔp
hils	hiːɬ
hilse	hiːɭsə
hilse	hɪlsə
hilse	ˈhɪlsə
hilsen	hiːlsən
hilsen	ˈhɪlsn̩
hilsener	hiːlseːnər
hilser	hilset
hilser	hiːɭsər
hilsninger	hiːlʂɪŋɛr
hilst	hlɪst
hilst	hˈɪlst
hilste	hiːlstə
hilton	ˈhɪltɔn
him	hɪm
himalaya	hiˈmɑːlɑ
himkoken	hiːmkoːkiːn
himla	hɪmlɑ
himla	hɪ̞mla
himle	ˈhɪmlə
himlen	hɪmːlən
himlene	himlinˈɛ
himler	ɪmːləɾ
himling	hˈɪmlɪŋ
himmeien	ɪmːəɪ̯n
himmel	ˈhɪməl
himmelen	ˈhɪmːələn
himmelens	ˈhɪmələns
himmelfallen	ˈhɪməlfɑlən
himmellegeme	himˈmlˈeːgmə
himmelrike	ˈhɪməlɾɪkə
himmelriket	ˈhɪməlˌriːkət
himmels	ˈhɪməls
himmelsk	ˈhɪməlsk
himmelsk	ˈhɪmːəlsk
himmelske	ˈhɪməlskə
himmler	ˈhɪmlər
himmlers	ˈhɪmləʂ
himuro	hiˈmʉːɾʊ
hind	hɪnː
hind	hɪ̞n
hindenburg	ˈhɪ̀ːdənbʉɾg
hinder	hĩŋd̪eːr
hinder	ˈhɪndər
hinderet	ˈhɪndəɾət
hindi	ˈhɪndi
hindre	ˈhɪndrə
hindre	ˈhɪndɾə
hindrene	ˈhɪ̂ndɾənə
hindrer	ˈhɪndrər
hindres	ˈhɪndrəs
hindret	ˈhɪnːrət
hindringer	ˈhɪnːɪŋər
hinds	hiːns
hindu	hˈɪndʉ
hindu	ˈhɪndʉ
hinduistisk	hɪnʉˈɪstɪsk
hines	hiːnɛs
hingst	hĩŋst
hingst	ɪŋst
hingsten	ɪŋstən
hingster	ɪŋstər
hinkley	ˈhɪŋklə
hinne	hinnɯ
hinrika	hiˈnɾɪkɑ
hinsides	hiːnˈsiːdəs
hinsidige	ˈhɪnsɪdɪgə
hint	hɪnt
hint	hˈɪnt
hinter	ˈhɪntər
hintet	hɪntət
hip	hiːp
hip-hop	ɪpːɔpː
hiphop	hiːphɔp
hipp	hɪp
hippe	ɪpːə
hippiene	ɪpːɪən̩
hipster	hiːpstɛr
hiraki	hiˈɾɑːkɪ
hiram	hiːɾɑm
hiro	hiːɾuː
hiroshima	hiːɾɔʃɪmɑ
hirsch	çɪʂ
hirse	hjsʃa
hirsene	hˈisnˈɑ
his	hiːs
hisse	hiːsə
hisse	ˈhɪsə
hisser	ˈhɪsːər
hisset	ˈhɪsət
hissig	hissi
hissige	ˈhɪsɪ
hissige	ˈhɪsɪə
hissigpropp	ˈhɪsːɪpɾɔpː
hissigste	ˈhɪsɪkstə
historie	ˈhɪstɔɾiː
historiebøkene	ˈhɪstɔɾiəˌbøːkənə
historielærer	ˈhɪstɔɾiəlæːɾ
historien	ˈhɪstɔɾɪən
historiene	hʲɪstɔːrʲiːænɐ
historiene	ˈhɪstɔɾiənə
historiens	ˈhɪstɔɾiəns
historier	ˈhɪstɔɾɪəɾ
historietimen	ˈhɪstɔɾiːtɪmən
historiker	histoːriːkːi
historikere	ˈhɪstɔɾɪkəɾə
historisk	histoːrˈisk
historisk	ˈhɪstɔɾɪsk
historiske	ˈhɪstɔɾɪskə
hit	hiːt
hitch	çɪç
hitler	ˈhɪtləɾ
hitman	ˈhɪtman
hitomi	hiˈtɔmɪ
hitover	hiːtoˈvɛr
hitover	hiːtɔʋər
hitra	hitˢra
hittebarn	ˈhɪtːəˌbɑːɳ
hittegods	kikt̪egʊks
hittil	ˈhɪtɪl
hittil	ˈhɪtːɪl
hiv	hiːʋ
hiv	xiv
hivd	hɪvˈd
hivde	hevda
hive	hiːv
hive	ˈhiːʋə
hiver	hivɛr
hiver	hiːvər
hjalmar	jɑlmɑr
hjalp	jɑːlp
hjeipe	çæɪ̯pə
hjeiper	çɛɪpɛr
hjel	jɛl
hjelm	jɛlm
hjelmen	jɛlmən
hjelmene	jɛlmənə
hjelmer	jɛlmɑɾ
hjelp	jɛlp
hjelp	ˈjɛlp
hjelpa	jɛlpɑ
hjelpe	jɛlpə
hjelpeløs	jɛlpəløːs
hjelpeløse	jɛlpəløːsə
hjelpeløst	jɛlpəløst
hjelpemann	jɛlpəmenː
hjelpemiddel	jɛlpəˈmɪɖəl
hjelpemidler	jɛlpəˈmɪɭər
hjelpen	jælpən
hjelpere	jɛlpəɾə
hjelperen	jɛlpəɾən
hjelperne	jɛlpɛɳə
hjelpes	jɛlpə
hjelpesenter	jɛlpəsɛntəɾ
hjelpesløs	jɛlpəˈsløːs
hjelpsom	jælpˈsɔm
hjelpsomme	jælpˈsɔmːə
hjelpsomt	jælpˈsɔmt
hjembrenten	jæmbræntæn
hjemkomst	çɪmkɔmst
hjemlandet	çɪmˈlæ̀nːət
hjemlengsel	çɛmˈlæŋsəl
hjemlig	çæɪ̯mliː
hjemligst	ˈjɛmlɪkst
hjemligste	ˈjɛmlɪkstə
hjemløs	çɪmˈløːs
hjemløse	çɪmˈløːsə
hjemme	dʒamme
hjemme	jɛmə
hjemmebane	çɪmːbɑːnə
hjemmebesøk	çɪmːəˈbøːk
hjemmel	jɛmmɛl
hjemmelagde	jɛmmɛlɑːgðə
hjemmelagde	çɪmːəlɑgə
hjemmelaget	çɪmːəlɑːgət
hjemmelaget	ˈjɛməlɑːgət
hjemmeleksa	çɛmːlæksɑ
hjemmeleksene	çɛmːlækseːnə
hjemmene	jæmmænæ
hjemmene	çɛmːən
hjemmenummeret	çɪmːənʉmːɛɾ
hjemmeseier	kemmɛssajiːr
hjemmet	çɪmːə
hjemover	çɛ̀ːmɔʋər
hjemplanet	çɪmˈplɑːnɛt
hjemplaneten	çɪmplɑnɛtən
hjemreise	jɛmɾæɪsə
hjemreisen	çɪmˈɾæɪ̯sn̩
hjemsted	jɛmsteːd
hjemsted	çɪmˈstɛː
hjemstedet	çɪmˈstɛːd̥
hjemsøker	çjɛmsøːkər
hjemsøkte	çɪmsøːkʰtə
hjemveien	çɪmˈʋæɪ̯ən
hjerne	ˈjæːɳə
hjerneaktivitet	çɪrnəɑktɪvɪtɛt
hjernebarken	çɛːɳəbɑːʀkən
hjernebølger	çɛːɳəˈbœ̞ɭːər
hjernedød	çɛːɳəˈdøː
hjernedøde	çɛːɳəˈdøːə
hjernehinnebetennelse	çɛːɳɛhɪnːəbetn̥ɛlsə
hjernekirurgi	çɛːɳəˈkɪrʉɾɪ
hjernemasse	çɛːɳəˈmɑsːə
hjernemassen	çɛːrnəˈmɑsːn̩
hjernen	çɪːɳəɳ
hjernene	çɛːrnənə
hjernens	çɛːnəns
hjerner	çæɳɐɾ
hjernerystelse	ˈjæːɳəɾʏstəlsə
hjernerystelsen	çɪnɛɾˈʂʏstəl̩n
hjerneskader	çɛːɳəʃkɑːdər
hjerneskadet	çɛrnɛskɑt
hjerneslag	jæːɳəʂɭɑːg
hjernestammen	çɛrnəstɑmːən
hjernevaske	ˈjæːɳəʋɑskə
hjernevasket	çɛːɳʋɑskət
hjerteanfall	jæʈəɑnfɑl
hjerteanfall	çɛːɾtæɑ̯fɑl
hjerteattakk	hjˈɛtːatˈak
hjerteattakk	çɛ́ːɾtɑtɑk
hjerteinfarktet	çɛːɾtɪnˈfɑːɾktə
hjerteklapp	çɛ́ːɾtklɑpː
hjerteknuser	çɛ̀ɾtəknʉsɛɾ
hjertelig	çɛɾtəlɪ
hjertelig	ˈjæʈəlɪ
hjerteløse	çɛɾtəløːsə
hjertemassasje	çɛ̀ɾtəˈmasːɑʃə
hjertens	çɛ̀ːɳ̥s
hjertens	ˈjæʈəns
hjerteproblemer	çɛ́ːɾtəpɾuːbləɾ
hjerterytmen	çɛ̀ːɾtɛɾʏmːən
hjerteskjærende	ˈjæʈəʂæːɾənə
hjerteslag	çɛɾtəslɑg
hjerteslagene	çɛːɾtəˈslɑːgn̩ə
hjertesorgen	çɛɾtəˈsɔɾn̩
hjertestans	çɛɾtɛstɑns
hjertestarteren	çɛɾtɛstɑtəɾən
hjertestopp	çɛɾtəʃtɔpː
hjertesvikt	çɪ́ɾtɛsvɪkt
hjertesykdom	çɛːɾtəˈsyːkɔm
hjortejegeren	joːɾtəjɛːgəɾən
hjulbent	ˈjuːlbeːnt
hjulet	çʉːlət
hjulpet	çʉlˈpɛt
hjulspor	çʉːlspɔːr
hjördis	çøːɾɪs
hjørne	çœːrn̩
hjørnene	çøːrn̥n̥ə
hjørner	çœːnɛɾ
hjørnesteinen	çœ̃ːɳəˈsteːɳə
hm	ɑːm
hmm	ɑːm
hmmm	hɔm
hms	hɔms
ho	hoː
hobart	ˈhɔbɑːɾt
hobbes	ˈhɔbːs
hobbit	ˈhɔbɪt
hobbiten	ˈhɔbːɪtən
hobbiter	ˈhɔbːɪtər
hobbs	ɔbːs
hobby	ˈhɔbɪ
hobbyen	ˈhɔbːʏən
hobbyene	ˈhɔbːʏənə
hobbyer	ˈhɔbːʏər
hobson	ˈhɔpsən
hobsonville	ˈhɔpsɔnvɪlə
hockey	ˈhɔkɪ
hockney	ˈhɔkneɪ
hodder	ɔd̥ːər
hode	tɔda
hodeløs	ˈhʊdəløs
hodeløse	ˈhʊdəløːsə
hodene	hoːdənə
hodepine	hoːd̥əpɪnə
hodepine	puːdəpiːnɛ
hodepinene	huːdˈəpɪnna
hodepiner	huːdbˈiːnər
hoder	hoːd̥ər
hodeskade	hoːdɛskɑːd̥ə
hodeskader	ˈhuːdəsˌkɑːdər
hodeskalle	hoːdɛskɑːlə
hodeskallen	ˈhuːɖəskaɭːn̩
hodeskallene	hoːdɛskaːlːənə
hodeskaller	ˈhuːɖɛskɑlːər
hodeskudd	ˈhuːdɛskʉt
hodestups	hoːdɛstuːps
hodetelefonene	ˈhɔːdətəlɛfʊˌnɛn
hodetelefoner	ˈhʊdətəˌlɛfʊnər
hodges	hoːgəs
hodor	hoːd̥uːr
hoelstad	hœlˈstɑːt
hoff	hoːf
hoffa	hoːfɑ
hoffdame	hoːfdaːmə
hoffdamene	hoːfdaːmənə
hoffdessert	hoffdˈɪsɛr
hoffene	hoffinæ
hoffet	hoːfət
hoffman	hofman
hoffmann	ˈhɔfman
hoffnarr	hofn̩ɑr
hoffner	hofn̩
hofstadter	hoːfstɑːtər
hoft	ˈɔft
hofte	ʰɔftə
hofte	ˈhɔftə
hoften	hˈɔftən
hoften	ʰɔftən
hoftene	ʰɔftənə
hofter	ɔftər
hog	ɔg
hogan	ˈhɔgɑn
hogarth	ˈhɔgɑːɾ
hogd	ogd
hogde	ogd̪e
hogg	ɔg
hogge	hokke
hogge	ɔgə
hogge	ˈhɔgə
hogger	ˈhɔgər
hogget	ˈhɔgət
hoggtennene	ˈhɔgtənnə
hoggtenner	ˈhɔgtənər
hogue	huːgə
hoi	hoɪ
hoid	hoɪ̯d
hoide	hoɪ̯d̥ə
hoider	ˈhœɪ̯dər
hoidt	hoɪ̯t
hoie	ˈhʊjə
hokus	ˈhɔkʉs
hokuspokus	ˈhɔkʉspɔkʉs
hola	hoːlɑ
holberg	holbɛɾ
holbrook	ˈhɔlbrʊk
holck	holk
hold	hɔl
hold	hɔɭː
holdbar	ˈhɔlbɑːɾ
holdbart	hɔldbɑːɾt
holde	hoːɭə
holde	ˈhɔlə
holden	hɔldm
holden	ˈhɔldən
holden	ˈhɔːldən
holdeplass	ˈhɔ̀ldəplɑs
holdeplassen	holdeˈplɑsːn̩
holder	hoːɭdər
holdes	hoːlə
holding	ˈhɔlɪŋ
holdings	hoːlɪŋs
holdingselskap	ˈhɔːlɪŋsɛlskɑp
holdning	hoːlnɪŋ
holdning	ˈhɔldnɪŋ
holdningen	ˈhɔldnɪŋ
hole	hoːl
holger	ɔlgər
holiday	ˈhɔlɑɪ
holland	hɔllɑn
holland	ˈhɔlɑn
hollander	ˈhɔllɑndər
hollands	holːɑns
hollandsk	ˈhɔlɑnːsk
hollandske	holːɑnske
hollender	ˈhɔlːənɛɾ
hollenderen	ˈhɔlːəndəɾən
holliday	holɑɪ
hollis	holɪs
hollister	holɪstɛr
hollow	holuː
holloway	ˈhɑːlɔʏ
holly	ɔlːɪ
hollywood	ˈhɔlɑˌlʉiː
holm	hɔlm
holman	holman
holmes	holmɛs
holocaust	ˈhɔluːkɔst
holodekket	ˈhʊːlɔdɛkət
holografisk	ˈhɔlugrɑfɪsk
hologram	ˈhɔlugɾɑm
holosuite	ˈhɔːlɔsɪtə
holst	holst
holt	hɔlt
holt	hɔ̃lt
holtz	ɔltʂ
hombre	ˈhɔmbɾə
home	hʊm
homer	hoːmɛr
homerisk	humərˈisk
homerun	ˈhʊːmərʉːn
homes	hoːm̥s
homestead	hɔmːstɛːd
homie	hoʊmiː
hommelvik	huːmːuːlvɪk
homo	huːmuː
homoer	ˈhʊːmʊər
homofil	hʊmʊˈfiːl
homofil	ˈhʊːmufɪl
homofili	hʊmʊfɪˈliː
homofili	ˈhʊːmufɪlɪ
homoseksualitet	ˈhʊːmʊsɛkʃʉɑˌlɪtɛt
homse	hɔmsə
homsebar	ɔmsəbɑːr
homsen	hoːm̥sn̩
homsene	hoːmseːnə
homseporno	ˈhɔmsəpɔrnʊ
homser	ɔmˈsæɾ
homsete	ˈhɔmsətə
hon	hoːn
honda	hoʊndɑ
honda	huːmda
honduras	ˈhɔndʊɾɑs
honecker	ˈhʊnɛkɐ
honey	ɔnɪ
honeychurch	ˈhʊnɪtʃʉːɾʃ
hong	hoŋ
hongkong	ˈhɔŋkɔŋ
hongkongs	ˈhɔŋkɔŋs
honning	hoːnɪŋ
honning	ˈhɔnɪŋ
honningbie	hoːnɪŋbɪ
honningen	ˈhɔnːɪŋən
honningmelon	hɔnɪŋmɛluːn
honnør	ˈhɔnːœʁ
honnørbillett	hunˈøːrbˈɪlət
honolulu	hɔnolʉːnu
honoraret	ˈhɔnʊrɑːrɛt
honorere	hʊnʊˈɾeːɾə
hoo	huː
hood	huːd
hook	huːk
hooka	huːkɑ
hooke	huːkə
hooker	ˈhʊkər
hooks	hʊks
hooli	huːlɪ
hoop	huːp
hooper	huːpər
hoover	huːvər
hop	hup
hoper	ˈhɔpər
hopetall	ˈhɔpəˌtɑɭː
hopkins	ˈhɔpkɪns
hopp	hɔp̚
hoppe	ˈhɔpə
hoppende	ˈhɔpːənə
hopper	ˈhɔpːər
hopperen	ˈhɔpəɾən
hoppeskipet	ˈhɔpəˌʃɪpət
hoppeslott	ɔpːəʃlɔt
hoppeslottet	ɔpːəslɔtət
hoppet	ɔpːət
hopping	ˈhɔpɪŋ
hoppla	ɔplɑ
hoppsann	ɔpsɑn
hor	huːɾ
hora	huːɾɑ
horatio	ɔɾɑtɪɔ
horden	ɔːɳ̥d̥
horder	hoːɖəɾ
hore	ˈhuːɾə
horebukk	ˈhɔːrəbʉk
horehus	ˈhɔːɾəhʉs
horehuset	ˈhɔːrəhʉːsə
horen	ʰuːɾən
horene	ˈhʊːrənə
horer	ˈhʊrər
hores	hoːɾəs
horestrøk	huːɾəsdrøːk
horeunge	ˈhʊːrœŋə
horik	ˈhɔrɪk
horisont	ˈhʊ̂ːrɪsɔnt
horisontal	hɔɾɪsɔnˈtɑːl
horisonten	ˈhɔːrɪsɔntn̩
hork	pɔrk
hormonene	ˈhɔːmɔnənə
horn	hoːɳ
horn	huːɳ
hornblower	hoːɳblɔːʋɑː
horne	ʰɔːɳə
hornene	hoːɳənə
hornet	ʰɔːnət
hornigold	ˈhɔːnɪgɔːl
horribel	huɾiːbəl
horribel	hɔˈɾiːbəl
horror	ˈhɔrʊr
hors	ʰɔʂ
horse	ɔʂə
horst	ʰɔʂː
horte	ɔ́ʈːə
horton	ˈhɔʈn̩
horunge	ɔrʉŋə
horus	ɔɾʉs
horvath	ɔɾvɑːt
hos	hoʂ
hos	hʊs
hoskins	hoʃkɪns
hospital	ˈhɔspɪtɑːl
hospitalet	ˈhɔspɪtɑːlət
hospits	ˈhɔspɪts
hoss	hoʂ
host	hɔst
hoste	ˈhʊstə
hosten	hoʊ̯stən
hoster	ˈhɔstər
hostesaft	hʊstəsɑft
hostesaft	ˈhʊstəsɑft
hostet	hɔstət
hostetler	ˈhɔstəlɛɾ
hot	huːt
hotel	ˈhɔtəl
hotell	hoˈtɛl
hotellene	hoˈtɛlːə
hoteller	ˈhuːtəlæɾ
hotellet	ˈhɔtələt
hotellets	ˈhɔtələt
hotellgarasje	huːtɛlgɑɾɑʂə
hotellrommet	ˈhɔtəlˌrʊmːə
hotte	ɔtːə
hotteste	ˈhɔtːəste
houdini	ˈhʉːdini
house	huːs
houseman	ˈhʉːsman
houston	ˈhʊstən
houten	ˈhuːtən
hov	huːv
hove	huːvə
hoved	huːvɛ
hovedattraksjon	ˈhʊːvədɑtˌrɑkʃuːn
hovedbryteren	ˈhʊːvɛbɾʏːtən
hoveddelen	ˈhʊːvɛɖɛln̩
hoveddirektivet	ˈhʊːvɛdɪɾɪktɪvɛt
hoveddøra	ˈhʊːvɛɖœɾɑ
hovedfag	huːvɛfɑːg
hovedfelt	hoːvɪdfˈəlt
hovedgate	huːʋədgɑːtə
hovedgaten	ˈhʊːvɛgɑːtn̩
hovedgrunnen	ˈhʊːvɛgrʉnːən
hovedhuset	ˈhʊːvəˌhʉːsə
hovedinngangen	ˈhʊːvədɪŋgɑn
hovedkontor	ˈhʊːvɛkɔntʊr
hovedkontoret	ˈhʊːvɛkɔntʉːr
hovedkvarter	ˈhʊːvɛgkʋɑːʈəʁ
hovedkvarteret	ˈhʊːvɛkʋɑːʈəɾət
hovedmistenkt	ˈhʊːvɛmɪstɛkt
hovedmistenkte	ˈhʊːvɛmɪstɛŋkə
hovedmål	huːvɛmɔːl
hovedmålet	ˈhʊːvəˌmɑːlət
hovednummeret	huːvɛnːʉmɛɾət
hovedpersonen	ˈhʊːvəpɛrsʉn
hovedpoenget	ˈhʊːvɛpʰœŋk
hovedrett	huːvɛrɛt
hovedretten	ˈhʊvɛɾɛtn̩
hovedrolle	ˈhʊːvɛɾɔlə
hovedrot	ho˩˥ːvɛdrut
hovedsak	huːvɛsɑk
hovedsak	hɔ̀uβeðsak
hovedsakelig	hʊʋədˈsɑːklɪ
hovedsakelig	ˈhʊːvɛsɑːkəlɪ
hovedsakelige	hʊʋədˈsɑːklɪə
hovedsakeligere	hʊʋədˈsɑːklɪɾə
hovedsakeligst	hʊʋədˈsɑːklɪkst
hovedsakeligste	hʊʋədˈsɑːklɪkstə
hovedsaken	ˈhʊːvɛsɑkn̩
hovedsaklig	ˈhʊːvɛsɑklɪ
hovedstad	huːʋədstɑːd
hovedstad	ˈhʊːvəˌstɑː
hovedstadsborger	huːvɪdstatsbɔrgir
hovedsteder	huːvətəzˈɛdə
hovedsteder	ˈhʊːvəsteːɖəɾ
hovedveien	ˈhʊːvɛɪ̯ən
hovedvitne	ˈhʊːvɛɾʋɪtnə
hovedvitnet	ˈhʊːvɛɾʋɪtn̩
hoven	hoven
hoven	ˈhoːʋən
hovene	ˈhʊːvənə
hovent	hˈoːvənt
hovere	hɔˈʋeːɾə
hovere	ˈhʊvəɾə
hovmester	ˈhʊvmɛstə
hovmesteren	ˈhʊvmɛstəɾən
hovmod	ˈhɔvmɔt
hovmodig	hɔʋˈmuːdɪ
hovmodig	ˈhɔvmɔdɪ
hovmodige	hɔʋˈmuːdɪə
hovne	hoven
hovne	pɔvna
hovne	ˈhɔʋnə
hovner	hovenɾ
hovnet	ʋuːnɛt
howard	huːɑːɾ
howdy	haʊdi
howie	ˈhʉːɪ
howland	ˈhʉːlɑn
howser	huːʂɛr
hoy	hɔʏ
hoyere	hoʏɛrɛ
hoyre	hoʏ̯ɾə
hoyt	ɔʏt
hrafn	ʁɑfn
hrothgar	ɾɔtgɑɾ
hubba	ʉbːɑ
hubbard	ʉːbɑɾː
huber	ʏˈbɛːr
hubert	ˈhʉːbɛɾt
hud	huː
hud	hʉːd
hudceller	huːdʃɛlːər
huden	ʉːdən
huder	hˈʉdər
hudfarge	huːdfɑːɾgə
hudfargen	huːdfɑrgn̩
hudflette	ˈhʉːdflɛtə
hudkreft	huːdkɾæft
hudkrem	huːdkɾæɪm
hudlege	huːdˈleːgə
hudson	ˈhʉːsn̩
hue	ʉː
huevos	ˈhœʋɔs
huey	ʉː
huff	ʰʉf
hugge	ʉgːə
hugger	ʉgːər
hugges	ɥʉgːɛs
hugget	ʉgːə
huggtennene	ˈhʉgːtn̩n̩
huggtenner	ˈhʉgtənnər
hughie	çuːɪ
hugin	hʉɣˈin
huie	ˈhʉjə
huk	ɥʉk
huke	hˈʉkə
huke	ʉːkə
huke	ˈhʉːkə
huker	hˈʉkər
huket	hˈʉkət
huket	ʰʉkət
huki	ʰʉːkɪ
hukommelse	hʉˈkɔməlsə
hukommelse	ˈhʉkɔməlsə
hukommelsen	ˈhʉkɔmːəlsn̩
hukommelsestap	ˈhʉkɔməlsəstɑːp
hukommelsestapet	ˈhʉkɔməlsɛˌstɑːpət
hul	hul
hul	hʉːl
hula	huːlə
hulda	hulda
hule	hˈʉla
hule	ɽʉːlə
hule	ˈhʉːlə
huleboer	ˈhʉːləˌbøːr
hulen	ʉːlən
hulene	hulənə
huler	hˈʉlər
huler	ɥʉːləɾ
huleste	ˈhʉːləste
hulk	hul̥k
hulka	hulka
hulke	ˈhʉlkə
hulken	ɽʉkən
hulker	hulkər
hulket	hulket
hull	hul
hull	hʉl
hullene	hulːnə
huller	hullə
huller	huˈlleːr
hullet	ɽʉlːət
hullete	ˈhʉlətə
hulme	hulmɛ
hulrom	hulruːm
hult	ɽʉlt
huma	huːma
human	hʉˈmɑːn
humanist	ˈhʉːmənɪst
humanitære	ˈhʉːmɑnɪtæːɾə
humboldt	ˈhʉmbʊlt
humla	ɔʊ̯mlɑ
humle	ɽʉːmlə
humle	ˈhʊmlə
humlen	hˈumlən
humlesnurr	ɔməlsnʉʁ
hummel	ɑmːəl
hummer	ˈhʊmːər
hummeren	huːmˈmæn
hummeren	ˈhʊmːərən
hummerne	hummane
hummus	ˈhʉmʉs
humoristisk	hʉmʊˈɾɪstɪsk
humoristiske	ˈhʉːmʊɾɪstɪskə
hump	ʰʉmp
humpe	ʰʉmpə
humpe	ˈhʊmpə
humper	ˈhʊmpər
humpete	ɑmˈpɛtə
humpete	ˈhʊmpətə
humphrey	ɔʊ̯mˈfɾæɪ̯
humps	ʰʊmps
humre	ˈhʊmɾə
humu	ˈhʉːmʉ
humvee	ˈhʉmʋeː
humveen	ˈhʊmʋeːn
humørsvingninger	ˈhʉ̂ːmœʂˌsvɪŋːɪŋɐ
hun	hʉn
hund	hʉn
hund	hʊnː
hunde	ˈhʊndə
hundebæsj	ˈhʉndəbæʂ
hundedritt	ˈhʊnːəˌdɾɪt
hundekjeks	ˈhʊnːəçæɪks
hundemat	ˈhʊnːəmaːt
hundemøkk	ˈhʉ̂nːəˌmœkː
hunden	ˈhʊnːən
hundene	ˈhʉnːənə
hundens	ˈhʉnːəns
hunder	hʉnəɾ
hunder	ˈhʉ̂nːər
hundevalp	ˈhʊnːəvalp
hundre	kundra
hundre	ˈhʉndɾə
hundrede	ˈhʉnːɾədə
hundrelapper	ˈhʊnɳɾɛlɑpər
hundreogen	hʉndɾəɔˈeːn
hundretusener	ˈhʊnːrətʉːsənər
hundretusenvis	ˈhʊnːrətʉːsnɪs
hundrevis	ˈhʊnɖɾɛʋɪs
hundreår	hʉndɾəoːɾ
hundreår	hˌɵndrˈoːr
hundrings	ˈhʊnrɪŋs
hundse	ˈhʉnsə
hunger	ˈhʊŋːər
hungersnød	ˈhʊŋːɜʂnøː
hungersnøden	ˈhʊŋːɜʂnœːdən
hungre	ˈhʊŋɾə
hungrer	ˈhʊŋnɾɐ
hunkjønn	ˈhʊŋkjøn
hunn	hʉn
hunn	ʰʉnː
hunnen	ˈhʉnːn̩
hunnene	ˈhʉnːə
hunner	ˈhʉnːər
hunt	hʊnt
hunter	ˈhʉ̂n̪tər
huntington	ˈhʊntɪŋtn̩
huntley	ˈhʊntlɑɪ
hunts	hʉns
huntsville	ˈhʊntsˌvɪl
hur	ʉːɾ
hurley	ˈhʉːɭə
huron	ˈhʉːrɔn
hurpa	ʰʉɾpɑ
hurpe	ˈhʉɾpə
hurper	ʰʉːpɛɾ
hurpete	ʰʉɾpɛtə
hurra	ˈhʉrɑ
hurtig	ˈhʉʈɪ
hurtige	ˈhʉʈɪə
hurtige	ˈhʉːtɪgə
hurtigere	ˈhʉʈɪɾə
hurtigruten	hʉrtˢiːrˈʉtən
hurtigst	ˈhʉʈɪkst
hurtigste	ˈhʉʈɪkstə
hurven	ʋɔːɳ
hus	huːs
hus	hʉːs
husarbeid	husɑɾbæɪ̯
husarbeidet	husɑɾbɛɪt
husarrest	huːsɑrːɛst
husarresten	huːsɑrːɛstən
husbond	ˈhʉ̂sˌbɔ̀nː
husbråk	husˈbrɔk
husdyr	husdʏr
husdyr	hʉsdʏɾ
husdyrhold	hʉsd̥iːɾhɔl
huse	husə
huse	ˈhʉːsə
huseiere	ˈhʉːsəɪərə
huseieren	ˈhʉːsɑɪ̯ɛɾən
husene	husəne
huset	husɛt
husets	huːsɛts
husfruen	ʰʉʂfɾʉːn
husfusel	hʉsfyːsəl
hushjelp	ʰʉʂjɛlp
hushjelpen	ʰʉʂjɛlpən
hushjelper	ʰʉʂjɛlpɐr
husholderske	ˈhʉʂːɔldəɾʃə
husholdersken	ˈhʉʂːhɔldɛʃkən
husholdning	huːʂɔldniŋ
husholdningen	ˈhʉːshɔldnɪŋən
husholdningsartikler	hʉshɔldnɪŋsɑʈɪkləɾ
hushovd	hˈʉshoːvd
husj	husj
huska	hʊ̞sga
huska	ʰʉʂkɑ
huske	ˈhʉskə
husken	ʉskɛn
husken	ˈhʉskn̩
husker	ˈhʉʃkər
huskerjeg	ˈhʉʃkəɾjɛg
huskes	ʰʉʃkə
husket	ˈhʉskət
husleia	husleɪə
husleie	husleː
husleien	husleːən
husleiene	hʉzlˈaɪnə
huslån	husloːn
huslånet	huslɑːnət
husmor	husmʊr
husnummer	hʉːsnʊməɾ
husransakelse	ˈhʉːsɾɑnˌsɑkəlsə
husrom	husruːm
huss	hus
hustakene	ˈhʉstɑkənə
hustle	ˈhʉʃəl
hustler	ˈhʉstləɾ
huston	ˈhʉstɔn
hustru	ˈhʉstɾʉ
hustruen	ˈhʉstɾʉən
hustruer	ˈhʉstɾʉəɾ
hustrus	ˈhʉstɾʉs
husverten	huːsvɛʈn
husvogn	husvɔgn
husvogna	husvɔŋnɑ
husvognen	huːsvɔɲn̩
hut	ɥʉt
hutch	ʉtʃ
hutre	ˈhʉtɾə
hutt	ʰʉtː
hutton	ˈhʉtːʉn
hva	ʋɑː
hva	ˈʋɑː
hvajeg	ʋɑjɛg
hvalen	ʋɑːlən
hvalene	ʋɑːlənə
hvaler	ʋɑːlɛɾ
hvalp	ʋɑːlp
hvalrossen	ʋɑːlˈrɔʃən
hvelv	ʋæɭv
hvelvet	ʋɛlvɛt
hvem	kˈæm
hvem	ʋæm
hvems	ʋæms
hver	ʋæːɾ
hverandres	ʋæɾˈɑndɾəs
hverdag	ʋæɾdɑg
hverdagen	ʋæɾdagn̩
hverdager	ʋæɖɑːgəɾ
hverdager	ʋæɾdɑɪ̯gəɾ
hverdagslig	ˈʋæːɖɑkʂɭɪ
hverdagslige	ˈʋæːɖɑkʂɭɪə
hverdagsligst	ˈʋæːɖɑkʂɭɪkst
hvert	ʋæɾt
hvese	ˈʋeːsə
hvete	ʋeːtə
hvete	ˈʋeːtə
hvetebrød	ʋeːtəbrøː
hvetebrødsdager	ˈvɛːtəbrœdsdaːgər
hveten	ʋeːtən
hveter	vətər
hviie	ʋiː
hviike	ʋɪɪkə
hviiket	ʋɪɪkət
hvil	ʋɪl
hvile	ʋiːləˈ
hvilen	ʋɪləŋ
hvilested	ʋɪləˈstɛt
hvilke	ʋɪlkə
hvilken	ʋɪlçən
hvilte	ʋɪltə
hvis	ʋɪs
hvisjeg	ʋiːʃjɛg
hvisk	ʋɪsk
hviske	ʋɪʃkə
hviske	ˈʋɪskə
hvisken	ʋɪʃkən
hviskende	ʋɪskn̩d̥ə
hvisket	ʋɪskɛt
hvisking	ʋɪskɪŋ
hvit	ʋiːt
hvit	ʋɪt
hvite	ʋɪtə
hvitere	ʋɪtəɾə
hviterussland	ʋɪtəɾʉʂlɑn
hvites	ʋiːtəs
hviteste	ʋɪtəstə
hvitevandrerne	ˈvɪtəʋɑndrɛɳə
hvitevarer	ʋɪtəˈʋɑːɾəɾ
hvithai	ʋɪtːɑɪ
hvitingen	ʋɪtɪŋən
hvitløk	ʋiːtløːk
hvitløk	ʋɪtlœk
hvitmaling	ˈʋiːtmɑːlɪŋ
hvitserk	ʋɪtsæɹk
hvitt	ʋɪt
hvitvaske	ʋɪtʋɑskə
hvitvasker	ʋɪtʋɑskər
hvitvasket	ʋɪtʋɑskət
hvitvasking	ʋɪtʋɑʃɪŋ
hvitvin	ʋɪtˈʋɪn
hvitvin	ˈʋiːtʋiːn
hvitøyet	ʋɪtœʏət
hvor	ʋuːɾ
hvorav	ʋoːɾɑːv
hvordan	kˈudːan
hvordan	ʋɔɾd̥ɑn
hvorfor	ʋɔɾfɔɾ
hvorforjeg	ʋɔɾfɔɾjɛg
hvorfra	ʋɔɾfrɑ
hvorhen	ʋuːɾhɛn
hvorjeg	ʋoɾjɛg
hvorpå	ʋoːɾpoː
hvortor	ʋɔɾtɔɾ
hvu	ʋuː
hvør	ʋœɾ
hvørdan	ʋœɾdɑn
hy	hyː
hyah	hyː
hyatt	ˈhʏɑt
hybel	heːbəl
hybelen	ˈhyːbələn
hybelkanin	hiːpɪlkæniːn
hybler	hiːbler
hybrid	ˈhʏːbɾɪd
hyde	hyːd̥ə
hyder	ˈhyːdər
hydra	hyːdrɑ
hydras	ˈhydrɑs
hydraulikk	ˈhydrɑːlʉɪk
hydraulikken	ˈhydrɑːlʉɪkən
hydro	hyːdrʊ
hydrogenbombe	ˈhʏːdɾɔgənbɔmbə
hyene	hjˈɛn
hyene	ˈhyːənə
hyenene	ˈhyːənə
hyener	ˈhyːənər
hygg	çʏg
hygge	hʏ̞gːæ
hygge	ɥɪgə
hygge	ˈhʏgə
hyggeiig	ˈhʏgːəɪ
hyggelig	ˈhʏgəlɪ
hyggelige	ˈhʏgəlɪgə
hyggelige	ˈhʏgəlɪə
hyggeligere	ˈhʏgəlɪgərə
hyggeligere	ˈhʏgəlɪɾə
hyggeligst	ˈhʏgəlɪkst
hyggeligste	ˈhʏgəlɪkstə
hyggeligste	ˈhʏgəlɪstə
hygget	ˈhygːət
hygienen	ˈhyːgiːən
hygieniker	hʲigʲiɛnʲɪkɪ̞ɾ
hygienisk	higiˈɛnəsk
hygienisk	hʏgɪˈeːnɪsk
hyklere	ˈhʏːkləɾə
hykleri	ˈhʏkləɾi
hykleriet	ˈhʏkləɾiət
hyklersk	ˈhʏklæʂk
hyklersk	ˈhʏkləʂk
hyklerske	ˈhʏːkləʂkə
hyl	hyːl
hyl	ʏːl
hyle	ʃiːle
hyle	ˈhyːlə
hylende	ˈhylənə
hyler	ˈhyːlɛr
hyll	hɪl
hylla	hyːlːə
hylle	ylːə
hylle	ˈhʏlə
hyllen	ˈhʏlən
hyllene	ʏlːə
hyller	ˈhʏlːər
hyllest	ʏlːɛst
hyllesten	ɥɪlːəstən
hylsene	lysə
hylser	lysər
hylster	ʏlstɛr
hylster	ˈhʏlstəɾ
hylsteret	ʏlstərət
hylt	hyːlt
hylte	hiːltˢə
hylte	ˈhyːltə
hyman	ˈhʏːmɑn
hymie	ˈhʏːmɪ
hymne	hemnɑ
hyper	ˈhʏpər
hyperaktiv	ˈhyːpəɾɑktiːʋ
hyperaktiv	ˈhʏpəɾɑkˌtiːʋ
hyperion	ˈhʏpəɾɪɔn
hypermoderne	ˈhyːpəɾmʊdæːɳə
hyperrommet	ˈhʏpəɾɔmːə
hyperventilerer	ˈhʏpəʋɛntɪˌleːrər
hypnotisere	ˈhʏpnoˌtɪsəɾə
hypnotisk	ˈhʏpnoːtɪsk
hypokonder	hʏpʊˈkɔnəɾ
hypokonder	ˈhyːpɔkɔndər
hypotermi	ˈhʏpətæɳmi
hypotese	hɪpɔtɛsɑ
hypotese	ˈhʏpətɛsə
hypotesen	ˈhyːpɔtəˌseːn
hypotetiske	ˈhʏpətɛtɪskə
hyppige	ˈhʏpɪgə
hyppigere	ˈhʏpɪɾə
hyppigst	ˈhʏpɪkst
hyppigste	ˈhʏpɪkstə
hyrde	ˈhʏɾdə
hyre	hyːɾə
hyre	ˈhyːɾə
hyrer	ˈhyːrər
hyret	ˈhyːɾət
hyse	kisa
hysj	ʏʂ
hyssing	ʏʂɪŋ
hysteri	kɪstɪri
hysteri	ˈhʏstɛɾi
hysteriet	ˈhʏstəɾɪət
hysteriker	hist̪eːrikir
hysterisk	hʏˈsteːɾɪsk
hysterisk	hʏ̞stæˈrɪsk
hysterisk	ˈystəɾɪsk
hysteriske	ˈhʏstəɾɪskə
hytta	ˈhʏtɑ
hytte	hytːɑ
hytte	çʏt̪ːə
hytte	ˈhʏtə
hytten	ˈhʏtːən
hyttene	ˈhʏtːn̩
hytter	ˈhʏtːər
hyun-seo	ˈhyːnsøː
hã	haː
här	ær
hå	hoː
håkan	hoːkɑn
håkon	hoːkɔn
håkon	ˈhoːkɔn
hålke	hɔlkə
hån	hoːn
hånd	hoːn
hånda	hoːnda
hånda	tɔnla
håndarbeid	hoːnːɑɾˈbæɪ̯ː
håndavtrykk	hoːnːɑːvtrɪk
håndbagasje	hoːnːdbagasjə
håndbak	hoːnːbɑk
håndball	hɔnbɑl
håndbok	hoːndbɔk
håndboka	hoːnːdbuːka
håndboken	hoːntoːkɑn
håndbrekket	hoːnːbrɛkːə
hånden	honnæm
hånden	hoːn̩d̥ən
håndens	hoːnːəns
håndfast	hoːnːfɑst
håndfast	ˈhɔnfɑst
håndfaste	hoːnːd̥fɑstə
håndflaten	hoːnːflɑːtən
håndflatene	hoːnːflatn̩
håndfull	hoːnːfʉl
håndgemeng	hoːngəˈmeŋ
håndgranat	hoːngrɑːnɑt
håndgripelig	hoːndgɾipəlɪ
håndgripelig	hɔnˈgɾiːpəlɪ
håndgripelige	hɔnˈgɾiːpəlɪə
håndgripeligere	hɔnˈgɾiːpəlɪɾə
håndgripeligst	hɔnˈgɾiːpəlɪkst
håndheve	hoːnːdheːʋə
håndheve	ˈhɔnheːʋə
håndhever	hoːnˈheːʋər
håndheves	hoːnd̥eːʋəs
håndhilse	ˈhɔnhɪlsə
håndhilste	hoːnːhilste
håndjager	hoːnɳjægər
håndjern	hoːnːjɛɳ
håndjerna	hoːnɳɪɳɑː
håndkle	hoːndkleː
håndkleet	hoːndkleːt
håndklær	hoːnklæːr
håndkrem	hɔnkɾæm
håndlag	hoːnːlɑg
håndlaga	ˈhɔnlɑːgət
håndlagde	hoːndlɑgdɛ
håndlaget	hoːnːlɑgət
håndlaget	ˈhɔnlɑːgət
håndlanger	hoːnːdlaŋgər
håndlangere	hoːndlæŋɛɾə
håndledd	hoːnːlɛd̥
håndleddene	hoːnːlɛdːənə
håndlist	hɔnlɪst
håndplukket	hoːnplʉkʰɛt
hånds	hoːnts
håndskrevne	hoːnʃkrɛvnə
håndskrift	hoːnʂkrɪft
håndskriften	hoːnʃkrɪtn̩
håndsopprekning	hoːnːsɔpːrɛknɪŋ
håndsrekning	hoːndsˈrɛŋkɪŋ
håndtak	hoːntɑk
håndtak	hɔntɑːk
håndtakene	hoːntɑkənə
håndter	hoːntɛr
håndtere	hoːnːtəɾə
håndtere	hɔnˈteːɾə
håndterer	hoːntˈteːɾər
håndteres	hoːnːtəɾəs
håndtering	hoːntəɳɪŋ
håndtrykk	hoːntrɪk
håndtrykket	hoːntrɪkːə
håndverk	hoːnːvɛɾk
håndverker	hoːnːvɛɾkɛr
håndverkere	hoːnːvɛrkeːɾə
håndverkeren	hoːnːvɛɾkəɾən
håndverkerne	hoːnːvɛrçənə
håndveska	hoːnvɛʃkɑ
håndveske	hoːnvɛskə
håndvesken	hoːnvɛskn̩
håndvesker	hoːnvɛskər
håndvåpen	hoːnːvɔːpn̩
håne	hoːnə
håne	ˈhoːnə
håner	hoːnər
hånet	hoːnət
hånflire	ˈhoːnfliːɾə
hånlig	hoːnli
hånlig	ˈhoːnlɪ
hånlige	ˈhoːnlɪə
hånligere	ˈhoːnlɪɾə
hånligst	ˈhoːnlɪkst
hånligste	ˈhoːnlɪkstə
hånte	hoːntə
håp	hoːp
håpe	hoːpə
håpe	ˈhoːpə
håpefull	hoːpəful
håpefull	ˈhoːpəfʉl
håpefulle	hoːpəfulə
håper	hoːpɛr
håperjeg	hoːpərjɛg
håpet	hoːpət
håpets	hoːpɛts
håpløs	hoːpløs
håpløs	hoːpləs
håpløs	ˈhoːpløːs
håpløse	hoːpløːsə
håpløshet	hoːpløʃhɛt
håpløst	hoːpløst
håpte	hoːptə
hår	hoːr
hår	hoːɾ
hår	xoːr
hår	ˈhoːɾ
hårball	hoːɾbɑɭː
hårbånd	hoːɾbɔɪ̯n
hårbørste	hoːɾbœʂtə
hårbørsten	hoːɾbœʂtən
hårdesigner	hoːɾlæsajnɪd
hårek	hoːɾək
hårene	hoːɾənə
håret	hoɾæ
håret	hoːɾət
hårete	hoːɾətə
hårete	ˈhoːɾətə
hårfarge	hoːɾfɑɾgə
hårfargen	hoːɾfɑɾgn
hårfin	hoːɾfin
hårfin	ˈhoːɾfiːn
hårlokk	hoːɭɔk
hårreisende	hoːɾɛɪ̯ˈsɛn̩d̥ə
hårspray	hoːɾspɾæɪ
hårstrå	hoːɾstrɔː
hårsår	hoːrʃoːr
hårsår	hoːɾsɔːr
hårtørker	ˈhɔːɾtœɾkəɾ
håvard	hoːvɑɾ
håve	hoːvə
håve	ˈhoːʋə
håver	hoːvɛr
hæ?	hɑ
hæh	heː
hæl	hel
hælen	helən
hælen	hjɛln
hælene	hɛlmˈe
hæler	heːlɛr
hælvete	ˈhæɭvətə
hær	hæːɾ
hær	hɑːr
hærene	heːɾənə
hærer	ˈhæːrər
hærfører	heːɾføːɾɪɾ
hærs	heːʂ
högberg	hoːgbærg
höre	hœːɾə
hörer	øːr
höst	hœʃt
høeg	hoːg
høflig	hoːflɪ
høflig	ˈhœflɪ
høflige	²øːflɪgə
høflige	ˈhœflɪə
høflighet	hoːfligət
høflighetsvisitt	ˈhøːflɪçtsˌʋɪsɪt
høfligst	ˈhœflɪkst
høfligste	ˈhœflɪkstə
høgd	hʏ̞gd
højre	hoɪ̯ɾə
høl	œl
høld	øːɭ
hølet	ˈhøːlət
hølje	ˈhœljə
høna	hˈøːna
høna	²øːnɑ
høne	hoːnə
høne	høːmə
hønene	ˈhøːnə
høner	hˈøːnər
høner	²øːnər
høns	hoːns
hønsehjerne	hoːnːsɛɪːɳə
hønsehus	ˈhœnːsəʊs
hør	ʰœʁ
hørbar	hˈøːrbar
høre	høːɾə
høre	ʰœʁə
høre	ˈhøːɾə
høreapparat	ˈhøːɾəʔɑpɑˌɾɑt
høreapparatet	ˈhøːɾəɑpɑˌɾɛt
hører	ˈhøːrər
høres	ʰœʁɛs
høretelefonene	ˈhøːɾəteːlufɔnənə
høring	øːɾiŋ
høringen	øːɾɪŋ
høringene	øːɾiŋnə
høringer	ˈhøːrɪŋər
hørsel	ʰœʂəl
hørsel	ˈhœʂəl
hørselen	ʰœʂələn
hørselskadet	ˈhœʂəlskɑːdət
hørt	hørt
hørt	hœʈ
hørt	ʰœʈ
hørte	ʰœʈə
hørte	ˈhœʈə
høsbjør	høːsbjˈør
høst	hest
høst	hœst
høst	hœʂt
høst	tɛst
høst	øst
høstdag	kastˈak
høste	høstø
høste	ˈhœstə
høste	ˈhœ̂stə
høsten	təskˈə
høsten	ˈhœ̂stən
høstens	ˈhœ̂stəns
høster	høstɛr
høster	ˈhœ̂stər
høstet	hoːstet
høsting	høstˈɪŋ
høstjevndøgn	høstjævndøŋ
høsttakkefest	ˈhœsttɑkfɛst
høsttakkefesten	ˈhœsttɑkkəfɛstən
høvding	ˈhœʋdɪŋ
høvdingen	ˈhœʋdɪŋən
høvdingens	ˈhœʋdɪŋəns
høvdinger	ˈhœʋdɪŋər
høve	ˈhøːʋə
høvel	ˈhœʋəl
høvelig	ˈhøːʋəlɪ
høvelige	ˈhøːʋəlɪə
høveligere	ˈhøːʋəlɪɾə
høveligst	ˈhøːʋəlɪkst
høveligste	ˈhøːʋəlɪkstə
høvisk	ˈhøːvɪsk
høy	hœj
høy	hœʏ
høyadel	hejɑːd̪al
høyblokkene	hoʏblɔkːə
høyborg	²øɪ̯bɔɾg
høyde	hoʏ̯d̥ə
høyde	hœjdə
høyde	tejdæ
høydeformat	hœɪdəfuːmɑːt
høyden	ˈhœʏdn̩
høydene	hoʏ̯dn̩
høydepunkt	hoʏ̯d̥əpʰʉŋk
høydepunkt	hœɪdəpʊnkt
høydepunktene	hoʏ̯d̥əpunkn̩ə
høydepunktet	hoʏ̯d̥əpʰʉŋkʰt̪
høyder	hoʏ̯dɛr
høydeskrekk	ˈhœʏ̯dəʃɾɛkː
høye	højje
høye	ˈhø̂ʏə
høyere	hoʏ̯ɛɾə
høyest	hoʏɛst
høyeste	høʏ̯ɛ̝stə
høyesterett	hoʏɛstɛt
høyet	²øjət
høyforræderi	hoʏfɔræɾɛɾɪ
høyhet	hoʏːhɛt
høyhus	hœʏ̯ːs
høyhælte	højheltə
høylandet	ˈhœʏːlændət
høylydt	hoʏlʏt
høylytt	hoʏˈlʏt
høylytte	hoʏˈɭʏtːə
høyne	ˈhø̂ynə
høyne	ˈhœjnə
høyner	hoʏnər
høynet	hoʏnət
høyre	højre
høyre	hœjɾə
høyre	øʏ̯ɾə
høyre	ˈhœjɾə
høyrearmen	ˈhøʏ̯ɾæɑ̯ɾm̩
høyrehendt	ˈhœjɾəhɛnt
høyrehånden	ˈhœʏːɾəhɔːnən
høyreklikk	hˈøjrəklˈɪk
høyresiden	hoʏɾəsɪdn̩
høyrøstet	ˈhœʏ̯rœstət
høysikkerhet	hoʏsɪkːəhɛt
høysikkerhetsfengsel	ˈhøɪsɪkːərɛtsfɛŋsəl
høyskole	hoːʏskɔlə
høyskole	hʏ̞jskuːlɛ
høyskole	ˈhœjskuːlə
høyskolen	hoʏskʉlən
høyspenning	hœɪspənɪŋ
høyspenning	ˈhœʏ̯spæŋɪŋ
høyspurven	hoʏspʉːʋn
høyst	højst
høyst	hœjst
høyst	hœʏ̯st
høystakk	hœʏ̯stɑkː
høystakken	ˈhœʏ̯stɑkən
høystbydende	ˈhœʏstˌbʏːdn̩ə
høyt	høɪ̯t
høyt	hˈiːt
høyteknologisk	²øːjtəknɔlɔgɪʃ
høyteknologiske	²øjtəˌknɔlɔgɪskə
høytid	hoːjtɪd
høytidelig	hœjˈtiːdəlɪ
høytidelig	ˈhœʏtɪdəlɪ
høytidelige	ˈhœʏtɪdəlɪgə
høytideligere	hœjˈtiːdəlɪɾə
høytiden	hoɪtɪd̥n̩
høytidene	hoɪtɪdɛn
høytidene	højtidnøg
høytider	hoɪtɪdər
høytider	højtid̥e
høytrykk	hoʏˈtrʏk
høytstående	hoɪ̯tˈʈæɪ̯n̩d̥ɛ
høyttaler	ˈhœjtɑːləɾ
høyttalere	ˈhœʏ̯tːɑːlæɾə
høyttaleren	hoʏtːɑːlɛrɛn
høyttalerne	ˈhœʏ̯tːɑːləɳə
høyvann	ˈhœɪ̯ʋɑn
hĺper	hlæpər
hνis	hiːs
hνorfor	ɔːɳɔɾfɔɾ
i	iː
i	i˥˩
i	ɪ
i-en	iːən
i0	iː
i1	iː
iage	iːɑːgə
iager	ɪɑgɛɾ
iaget	iɑgət
iaktta	i̯ɑkʈːɑ
iaktta	ɪˈɑktɑː
iakttar	ɪɑktɑr
iakttatt	ɪɑktɑt
iakttok	ɪɑktːɔk
iallefall	iːɑːləfɑːl
ian	iːɑːn
iandet	iːɑnːd̥
iang	iːaŋ
iangt	iːŋt
iar	iɑːr
iben	ɪbən
iberegne	ˈiːbəɾæɪnə
ibiza	iβɪzɑ
iblant	iːblɑnt
iblant	ɪˈblɑnt
ibn	ɪbn̩
ibo	ɪbʊ
iboende	ibwɛnða
iboende	ɪbuːɛndə
ibrahim	ɪbɾɑːɪm
ibrahimovic	ɪbɾɑːhɪmɔʋɪtʃ
ibsen	epsin
ibsen	ɪbːsən
ibuprofen	ɪbʉˈproːfən
icarus	ɪkɑɾʉs
ich	ɪç
ichabod	iːˈçɑːbɔːd
ico	ɪkɔ
id	id
id	iːd
id-en	iːdən
id-kort	iːdkɔɾt
id-kortet	iːdkɔɾtət
id-papirer	iːdpɑpɪrɛr
ida	ið̞a
ida	iːdɑ
idag	iˈdaː
idaho	iːdɑːhuː
ide	iːdə
ideal	jteol
ideal	ɪdəˈɑːl
idealene	iːd̥æ̀lən
idealer	iːdæɭɛɾ
idealisere	ɪdəɑlɪˈseːɾə
idealisme	iːdeːalɪsm̩
idealist	iːdeːalɪst
idealistisk	ɪdəɑˈlɪstɪsk
ideell	iːdɛɛl
ideelle	iːd̥ɛlːə
ideelt	iːdɛlt
ideen	idˈæn
ideen	iːdeːn
ideene	iːdeːnə
ideer	iːdeːr
identifiser	ɪdɛntɪfɪsɛr
identifisere	ɪdəntɪfɪˈseːɾə
identifisere	ɪd̥ɛntɪfɪsɛːɾə
identifiserer	ɪdɛntɪfɪsɛrɛr
identifiseres	ɪdɛntɪfɪsəɾəs
identifisering	ɪdɛntɪfɛʃɪŋ
identifiseringen	ɪd̥ɛntɪfɪsəɾɪŋ
identifisert	ɪdɛntɪfɪʂɛɾ
identifiserte	iːdɛntifɪsɛɾtə
identisk	ɪd̥ɛntɪsk
identisk	ɪˈdɛntɪsk
identiske	ɪd̥ɛntɪskə
identitet	ɪdɛntɪtɛt
identiteten	i̯d̪ɛntɪd̪e̞ːt̪n̩
identiteten	ɪ̞ðənttɛtɛn
identitetene	iːdɛntɪtɛnə
identiteter	ɪd̥ɛntɪtɛʈ
identitetstyveri	ɪdɛntɪtɛtˈsʏːʋəɾɪ
ideologi	iːd̥ɛɔlɔgi
ideologisk	ɪdəʊˈloːgɪsk
idgie	iːdɪ
idiot	idiːoːt
idiot	iːdɪɔt
idioten	iːdɪɔtən
idiotene	ˈɪdɪɔtənə
idioter	id̪iut̪ər
idioter	ɪdɪɔtər
idioti	ɪdɪɔtɪ
idiotiske	iːdɪɔtɪskə
idiotsikker	iːdɪɔtsɪkːər
idiotsikkert	iːdɪɔtsɪkɛɾt
idjen	iːdjən
idol	ɪˈdɔːl
idolet	iːdɔlɛt
idrett	idɾət
idrett	iːdrɛt
idretten	iːdɾøːtːɛn
idretten	ɪdrɛtːn̩
idretter	iːdrɛtər
idrettsfolk	ɪdrɛtːsfɔlk
idrettskvinne	iːdɾɛtskʋɪnə
idrettsmann	iːdrɛtsman
idrettsmann	iːdɾɛtsmɑn
idrettsmann	iːtɾˈɛtsmɑn
idrettsmenn	iːdrɛtsmɛn
idrettsplass	iːdɾɛtsplɑs
idrettsutøver	iːdrɛtsʉtøːʋər
idrettsutøvere	iːdrɛtsʉtøːʋə
idris	ɪdɾɪs
idyll	ɪ̞d̪ɪ̞l
idyllisk	iːdɪlɪsk
idyllisk	ɪˈdʏlɪsk
idè	iːˈdeː
idé	iːdeː
idé	ɪˈdeː
idéene	iːdeːnə
idéer	iːˈdeːɾ
iegge	iːgːə
iegger	iːgːər
ienge	iːŋɛ
ienger	iːŋgər
iese	iːsə
iest	iːst
iete	iːtə
ieter	iːtɛr
iett	iːt
iette	iːtə
ieve	iːvə
ievende	jeːvɛndə
iever	iːvər
if	ɪf
ifjor	ɪfjuːr
ifra	ifraː
ifra	ɪfɾɑː
iføige	iːfœɪgə
ifølge	iːfˈœlgə
ifølge	ɪˈfœlgə
iført	ɪˈføːʈ
ig	iːg
igang	iːgɑŋ
igangsatt	igɑŋsɑt
ige	iːgə
igen	iːgən
iggy	iːgi
igien	iːgiːən
igjen	iːgɛn
igjen	iːg̊ɛn
igjen	ɪˈjɛn
igjennom	iːgn̩ːɔm
igle	iːglə
igle	ˈɪglə
igler	iːglɛɾ
ignacio	iːɲaɕio
ignorant	iːgnɔrɑnt
ignorere	ignɔˈɾeːɾə
ignorere	ɪgnʊˈɾeːɾə
ignorerer	iːgnʊˈɾeːɾ
igor	igɔɾ
igt	iːgt
igår	igoːr
ihab	iːhɑb
iherdig	iːˈhæɾdɪ
iherdig	ɪˈhæɖɪ
iherdige	ɪˈhæɖɪə
iherdigst	ɪˈhæɖɪkst
iherdigste	ɪˈhæɖɪkstə
ihjel	iːjɛ́ɭ
ihop	iːˈhɔp
ihvertfall	iːvɾtɑl
iigge	iːgːə
iigger	iːgər
iigner	iːgn̩
iiie	iː
iike	iːkə
iiker	iːkɛɾ
iikevei	iːkəʋæɪ
iiksom	iːksɔm
iikte	ɪɪ̯ktə
iite	iːtə
iiten	iːtən
iive	iːvə
iivet	iːvət
ik	iːk
ikaros	iːkaːɾɔs
ike	ɪkə
ikea	ikːeɾ
ikea	iːkæ
ikk	ɪkː
ikke	
ikke	ikːɛ
ikke	ɛkːa
ikke	ɪkə
ikke-røkere	ɪkəɾøːkəɾə
ikke-røykere	ɪkəɾøːkəɾə
ikke-troende	ɪkəˈtrøːnə
ikkejeg	ɪkəjɛg
ikkesant	iːkəˈsɑnt
ikledd	iːklɛd
ikon	iːkɔn
ikoniske	iːkɔnɪskə
ikveld	ɪkˈʋæɭ
il	iːl
ila	iːlə
ild	ilˈe
ild	ɪld
ilden	ɪldn̩
ildens	ɪldəns
ilder	illɛr
ilder	ɪldər
ilderen	ɪlːəɾən
ildfluer	ɪldfluːɾ
ildgivning	ɪldgɪvnɪŋ
ildkraft	ɪldkrɑft
ildkule	ɪldkʉːlə
ildnasjonen	ɪldnɑʃɪɔn
ildopphør	ɪldɔphøːr
ildprøve	ɪldprøːvə
ildsprutende	ɪldsprʉːtənə
ildstedet	ɪldˈstɛːd
ildstorm	ɪldstɔrm
ildvann	ɪldvɑn
ile	ˈiːlə
ilia	iːliː
iljas	iːljɑs
ill	ɪlː
ille	ilne
ille	ɪlə
ille	ˈɪlə
illegal	ɪlˈleːɑːl
illegal	ˈɪləgɑːl
illegale	ɪlːɛgɑːlə
illegalt	ɪlːɛgɑlt
illeluktende	ɪləˈlʉktn̩d̥ə
illinois	ɪˈlɑːnɔɪ
illojal	ɪlːʊjɑːl
illojal	ˈɪlʊjɑːl
illojale	ɪlːɔjɑːlə
illojalitet	ɪlːɔjɑlɪtɛt
illsint	ilsˈɪnt
illsint	ɪlˈsɪnt
illuminati	ɪlʊmiˈnɑːtɪ
illusjon	ɪˈlʉʃːɔn
illusjonen	ɪˈlʉʃuːn
illustrasjon	jlˌʉstɾaʃˈuːn
illustrated	ɪlʉˈʃʈɑːd
illustrere	ɪlʉˈstɾeːɾə
illustrere	ɪlʉˈʃtʉːɾə
illustrerer	ɪˈlʉstəɾəɾ
ilsa	ɪlsɑ
ilter	ˈɪltəɾ
iløpet	iːløːpət
image	iːmɑɪ̯
imaginær	ɪmɑgɪˈnæːɾ
imam	ɪˈmɑːm
imamen	ɪˈmɑːmən
imellom	iːməɭɔm
imens	ɪməns
imf	iːmf
imhotep	iːmˈhuːtɛp
imitator	iːmɪˈtɑːtɔɾ
imitere	imitæra
imitere	iːmɪtəɾə
imitere	ɪmɪˈteːɾə
imiterer	ɪmɪˈtæːɾəɾ
imiterte	ɪmɪˈɾtə
imma	ɪmːɑ
immatrikulere	ɪmɑtɾɪkʉˈleːɾə
immigrant	ɪˈmɪgrɑːnt
immigranter	ɪˈmɪgrɑn̪təʁ
immigrasjon	ɪmːɪgrɑʃuːn
immigrasjonsmyndighetene	ɪmːɪgrɑʃɪʊnsˈmʏɲɪçːənə
immortals	ɪˈmɔɾtɑːls
immun	ɪˈmʉːn
immune	iːˈmʉːnə
immunforsvar	ɪˈmʉːnːfɔʂːvɑr
immunforsvaret	ɪˈmʉːnːfɔʂʋɑːɾ
immunitet	ɪˈmʉːnɪtɛt
immuniteten	ɪˈmʉːnɪtən
immunsystem	ɪˈmʉnːsysteːm
immunsystemet	ɪˈmʉ̂nːsʏˌstɛmːət
imorgen	iˈmɔrgn̩
imot	ɪˈmɔt
impala	ɪmˈpɑːlə
imperativ	ɪmpæɾɑˈtiːʋ
imperial	ɪmpɾiɑːl
imperialist	impeˈrjalist
imperier	ɪmpəˈɾiːər
imperiet	ɪmpəˈɾiːət
implantat	implantˈat
implantat	ɪmplɑntɑt
implantatene	ɪmplɑntɑtənə
implantater	implantˈatər
implantater	ɪmplɑntɑtɛr
implantatet	ɪmplɑntɑtɛ
implementering	implɛmɛntɛɾiːŋ
implisere	ɪmplɪˈseːɾə
imponer	ɪmˈpʊnər
imponere	ɪmpʊˈneːɾə
imponert	iːmpɔnɛɾt
import	iːmˈpɔrt
import	ˈɪmpɔrt
importere	ɪmpɔˈʈeːɾə
importere	ɪmpɔ̀ːtəɾə
importert	iːmˈpɔʈəɾ
importerte	impoˈtet̪ːa
importerte	ɪmpɔrtəɾtə
impossible	ɪmˈpɔsbl̩
impregnere	impriŋneɾe
impregnert	imprɨiŋertˈ
improviser	ɪmprɔˈʋiːsər
improvisere	ɪmprɔvɪsɛːɾə
improviserer	ɪmprɔvɪsɛrɛ
improvisering	iːmprʊvɪsɛɪŋ
improviserte	ɪmprɔvɪsɛʈə
impuls	ɪmˈpʉls
impulsene	ɪmˈpʉlsənə
impulser	ɪmˈpʉːlsər
impulsiv	ɪmˈpʉlsiːʋ
impulsiv	ˈɪmpʉlsiːʋ
impulsive	ɪmˈpʉlːsɪvə
impulskontroll	ɪmˈpʉːlskɔntɾɔl
impulskraft	ɪmˈpʉːlskɾɑft
imøtegå	ɪˈmøːtəgoː
imøtekomme	ɪˈmøːtəkɔmə
imøtekomme	ɪˈmøːtəˌkɔmə
imøtekommende	iːməʊtəˈkɔmə
in	iːn
ina	iːnɑ
inaktiv	iːnɑktɪf
incest	insest
incheon	iːnˈtʃeːn
incorporated	ɪŋkɔrˈpɔːɾeɪ̯d
increase	iːnkrɛs
inder	iːndɒg
indere	ˈɪndəɾə
inderlig	ind̪ɐ̃liː
inderlig	ˈɪnəɭɪ
inderlige	ˈɪnəɭɪə
inderligere	ˈɪnəɭɪɾə
inderligst	ˈɪnəɭɪkst
inderligste	ˈɪnəɭɪkstə
indi	ɪnɪ
india	iːnɳi
indiana	iːnˈdiːanə
indianapolis	iːnɪɑːnɑːpɔlɪs
indianer	iːnɳɑːnər
indianere	iːnɳíːnəɾə
indianerne	ˈɪndɪɑːnəɳə
indiansk	iːnˈdiənsk
indiansk	jndʲiænsk
indianske	iːnˈdiːanskə
indikasjon	iːnɳɪkɑːʃuːn
indikerer	ˈɪndɪkəɾər
indikerte	iːndɪkɛɾtə
indirekte	indiˈrɛktɛ
indirekte	iːnɖiɾɛktə
indirekte	ˈɪnɪɾɛktə
indisier	ˈɪndɪsɪər
indisk	intiˈsk
indisk	iːnˈdɪsk
indisk	ˈɪnɪsk
individer	indiviːdˈiːr
individet	ɪndɪviːdət
individuell	ɪndɪˈvjuːɑɭ
individuell	ɪnɪʋɪdʉˈɛl
indoktrinere	ˈɪnɔktɾɪneːɾə
indonesia	iːndɪnɛsiə
indre	ɪnɖrɛ
indre	ˈɪndɾə
industri	iːndʊˈstriː
industriell	iːndʊsˈtrɪɛl
industriell	ɪnʉstɾɪˈɛl
industrielle	iːndʊstrɪɛlːə
industrien	iːndʊˈstriːn
industries	iːndʊstrɪ
industriområde	iːndʉstriːʊmɾɔːdə
industrispionasje	ˈɪ̀ndʉstɾɪspiɔ̀nɑ̀ʃə
ineffektiv	iːnɛfɛktɪv
ineffektiv	ˈɪnɛfəktiːʋ
ineffektive	iːnɛfɛktɪvə
ines	iːnɛs
inez	iːnɛs
infam	ɪnˈfɑːm
infanteri	ɪnˈfɑntəɾi
infanteriet	ˈɪnfantəɾɪɛt
infarkt	ɪnˈfɑːɾkt
infeksjonen	ɪnˈfɛkʃʉːn
infiltrasjon	iːnfiltrɑʃuːn
infiltratør	ˈɪnfɪltɾɑːtœʁ
infiltrere	ɪnfɪlˈtɾeːɾə
infiltrerer	ˈɪnfɪltɾəɾ
infinitiv	nfinitiv
infinitiven	ɪnfɪnɪtɪvən
infinitivene	ɪnfɪnjtiːvənə
infinitiver	ɪnfɪnɪtɪvɪr
infisere	ɪnfɪˈseːɾə
infiserte	ˈɪnfɪsəɾtə
influensa	ɪnflˈʉənsa
influensa	ˈɪnfluːnsa
influensaen	iːnfluːənsæːn
info	ɪnfo
info	ɪnˈfɔ
informant	ɪnfɔɾmɑnt
informanten	ɪnˈfɔrmɑntən
informantene	ɪnfɔɾˈmɑntənə
informasjonen	ɪnfɔɾˈmɑːʃənə
informativ	ɪnˈfɔɾmɑtiːʋ
informativt	ɪnfɔrmatɪt
informer	ɪnˈfɔʁmər
informere	ɪnfɔˈmɛɾə
informerer	iːnfoːməˈɾeːɾ
informeres	ɪnfɔɾˈmeːɾəs
informert	ɪnˈfɔrməɾt
informerte	ɪnfɔrmæɾtə
informieren	ɪnfɔɾˈmiːɾən
infrarød	ˈɪnfrɑːrøː
infrarøde	iːnfrɑːɾøːdə
infrarødt	ˈɪnfrɑːɾøːt
infrastruktur	ˈɪnfrɑstruktʉːr
infusjon	ɪnfʉˈʂuːn
inga	iŋgɑ
ingalls	ɪŋgɑːls
inge	inge
inge	iːŋə
ingeborg	iŋgəˈbɔr
ingefær	iŋəfeːr
ingefæren	iŋɛfæːrn
ingefærene	iːnjəfarˈna
ingefærøl	iŋgəˈfœːɽɔːl
ingelise	ɪŋgəˈlɪsə
ingemar	iŋgəmaɾ
ingen	iŋən
ingen	ɪŋən
ingen	ˈɪŋən
ingeniør	iŋgənøːɾ
ingeniøren	iŋgənɪøːɾən
ingeniørene	iŋgəˈnøːɾənə
ingeniører	iŋgəˈnøːʏ̯ʁ
ingeniørkunst	iŋɛniːɾkʰʏnst
ingenmannsland	iŋənmanːlsland
ingens	ɪŋn̩s
ingensteder	iŋənstɛːdər
ingensteds	iŋənstɛs
ingenting	iŋgəntɪŋ
ingenting	ɪŋəntɪŋ
inger	iŋgɪ̞r
inger	ɪŋːər
ingfrid	ĩŋfɾiːd
inglewood	ɪŋgəlʋuː
ingmar	iŋmar
ingram	ɪŋgɾɑm
ingrediensen	iŋgɾeːdi̯ɛnsən
ingredienser	ɪŋgɾəˈdi̯ɛnsər
ingrid	iːŋgɾiː
ingstad	ɪŋˈstɑː
ingvar	ɪŋgʋɑːr
ingvild	iŋvɪld
inhabil	ˈɪnhɑbiːl
inhalator	iːnɑːlɑːtɔɾ
inhalerbar	ˈɪnhalərbar
inhalere	ˈɪnhɑleːɾə
inhalerte	iːnˈhɑːɭəɾtə
inhuman	iːnˈhʉːn
inhumans	iːnɔmɑns
initialer	iˈnɪɑːlɛɾ
initiativ	iːnitɪɑːv
initiative	ɪniˈtɪatɪvə
initiativet	ɪniˈtɪɑːvɛt
initiere	ɪnɪtsɪˈeːɾə
injeksjon	iːnjɛkʃuːn
injeksjoner	iːnjɛkʂuːnɛr
injisere	iːnjɪsəɾə
injisere	ɪnjɪˈseːɾə
injiserer	iːnjɪsɛrɛr
injisert	iːnjɪsːɛɾ
injiserte	iːnjɪsɛɾtə
injurier	iːnjʉˈɾiːɾ
inkludere	ɪnklʉˈdeːɾə
inkludere	ɪŋkɭʉˈdæɾə
inkluderer	ˈɪŋklʉːdər
inkludert	ɪnklʉˈdɛʈ
inkludert	ɪŋklʉd̥ɛɾt
inklusiv	ˈɪnklʉsiːʋ
inklusive	ɪŋklʉsiː
inkognito	ɪŋkɔgnɪtʉ
inkognitogata	inkogniːtuːgata
inkoherente	inkoːɦeːrˈɛntə
inkompatibel	ˈɪnkʊmpɑtiːbəl
inkompetanse	ɪŋkɔmpɛˈtɑːnsə
inkompetent	ɪŋkɔmpɛtɛnt
inkompetent	ˈɪnkʊmpətɛnt
inkompetente	ɪŋkɔmpɛtɛntə
inkonsekvent	ˈɪnkʊnsəkʋɛnt
inkriminerende	ɪŋkɾɪmiˈneːɾənə
inkvisisjonen	ɪŋkʋɪsɪʃuːn
inn	iːn
inn	ɪn
inn	ɪ̞n
inn	ˈɪn
innabords	ɪnːɑbɔɾs
innadvendt	iːnɑːdʋɛnt
innadvendt	jˈɛnadvˈɛnt
innadvendt	ˈɪnɑdʋɛnt
innafor	ɪnːɑːfɔr
innarbeide	ˈɪnɑɾbæɪdə
innavl	ɪnːɑvl
innavlede	iːnɑːvlæi̯
innbakt	ˈɪnbɑkt
innbefatte	ɪnb̥ɛfatːə
innbefatte	ˈɪnbəfɑtə
innbefatter	ɪnːbəfɑtər
innbill	ɪnˈbɪlː
innbille	ɪnːbɪlə
innbille	ˈɪnbɪlə
innbiller	ɪnːbɪlːər
innbilning	ɪnːbɪlnɪŋ
innbilning	ˈɪmbɪlnɪŋ
innbilsk	ɪnːbɪlsk
innbilsk	ˈɪnbɪlsk
innbilske	ɪnːbɪʂkə
innbilt	ɪnːbɪlt
innbilte	ɪnːbɪltə
innbitt	ɪnːbɪtː
innbitt	ˈɪnbɪt
innblandes	ɪnblɑndəs
innblandet	ɪnːblɑːnt
innblanding	ɪnːbɭæɲ
innblikk	ɪnːblɪkː
innblikk	ˈɪnblˌɪk
innbo	nˈɯːbˈu
innboksen	ɪnːbɔksn̩
innbrakt	ɪnːbrɑːkt
innbringende	ɪnːbɾɪŋənːə
innbringende	ˈɪnbɾɪŋənə
innbrudd	ɪnːbɾʉː
innbruddene	ɪnːbrʉːdənə
innbruddstyv	ɪnːbrʉːdstʏːʋ
innbruddstyven	ɪnːbɾʉːtstʏːʋn
innbruddstyver	ɪnːbɾʉːʈʃʏːʋəɾ
innby	ˈɪnbyː
innbydende	ɪnːbyːdənə
innbydende	ˈɪnbyːdənə
innbygger	ɪnbʏgəɾ
innbygger	ɪnːbʏgər
innbyggere	ɪnˈbygːərə
innbyggerne	ɪnːbʏg̊ɛʁnə
innbyr	iːnbyːɾ
innbyrdes	ɪnːbʏɾːɛs
innbyrdes	ˈɪnbʏɖəs
innbytter	ˈɪmbʏtəɾ
inndra	iːnːdra
inndratt	ɪnːdrɑtː
inndrive	iːnːdɾiːvə
inne	iːnːə
inne	ɪnə
innebandy	iːnːibende
innebar	ɪnːəˈbɑːr
innebygd	iːnəbʏg
innebygget	iːnːəˈbʏgːət
innebære	ˈɪnəbæːɾə
innebære	ˈɪ̂nːəˌbæɾə
innebærer	iːnəˈbæːɾ
innefra	ɪnˈnæfrɑː
innefra	ɪnːəfrɑ
inneha	iːnːə
inneha	ˈɪnəhɑː
innehar	iːnəˈhɑːr
innehav	iːnəˈhɑːv
innehaver	iːnəˈhæːvər
innehaveren	iːnəˈhɑːʋərən
inneholde	iːnːəˈhɔːɭə
inneholde	ˈɪnəhɔlə
inneholder	ˈɪnːəˌhoːlɑɾ
inneholdt	iːnːəɦɔlt
innelåst	ɪnːəɭɔst
innen	iːnən
innen	ˈɪnən
innendørs	iːnnɛndøʃ
innendørs	ɪnːəɳdøʂ
innenfor	iːnənfɔɾ
innenfor	ɪnənfɔɾ
innenfra	iːnːənfrɑ
innenlands	ˈɪnənlɑns
innenriks	ˈɪnənɾɪks
innenriksdepartementet	ˈɪnənˌrɪkʂdæɾɪˌmentɛt
innenriksminister	ˈɪnənˌrɪkʂmɪnstɛr
innenriksministeren	ˈɪnənˌrɪkʂmɪnstɛːɾən
inner-vikna	iːnːiːrg̊vɪknˀɑ
innerst	iːnːɛʂ
innerste	ɪnːɛʂtə
innersvingen	ˈɪnːəɾˌsʋɪŋən
innertak	ɪnəʈɑːk
innesko	iːnnɛsku
inneslutta	ˈɪnəʂɭʉtət
innesluttet	ˈɪnəʂɭʉtət
innesluttet	ˈɪnːəʃlʉtː
innestengt	ɪnːəʃtæŋt
innestengt	ˈɪnɪztˌɛŋt
inneværende	ˈɪnəʋæːɾənə
innfall	ɪnːfɑɭː
innfallsvinkel	ɪnːfɛlsʋɪŋkəl
innfinne	ɪnːfɪnːə
innfinne	ˈɪnfɪnə
innflyging	ɪnːflygɪŋ
innflytelse	ɪnˈflyːtəlsə
innflytelse	ɪnːflyːtəlsə
innflytelsen	ɪnflyːtəlsn̩
innflytelsesrik	ɪnˈflyːtəlsəsɾiːk
innflytelsesrike	ɪnflyːtəlɛsriːkə
innfløkt	ˈɪnflœkt
innfore	ˈɪnføːɾə
innforstått	ɪnːfɔɾˈstɔt
innfri	ɪnfɾi
innfri	ɪnːfɾɪ
innfri	ˈɪnfɾiː
innfridd	ɪnːfrɪt
innfrir	ɪnːfɾɪɾ
innfødt	ˈɪnfœt
innfødte	ɪnːføːtə
innføre	ɪnːføːɾə
innføre	ˈɪnføːɾə
innfører	ɪnːfœːrər
innføres	ɪnːføːɾəs
innføring	ɪnːføːrɪŋ
innføring	ˈɪnføːrɪŋ
innføring	ˈɪɱføːɾɪŋ
innførsel	ˈɪɱfœʂəl
innført	iːnfoːt
innført	ɪnˈføːtː
innførte	ɪnːˈfʈøːɾə
inngang	iːŋgɑŋ
inngang	ˈɪngɑŋ
inngangen	iːŋgɑŋn̩
inngangene	ɪŋːgɑŋnə
innganger	ɪŋːgɑŋər
inngangsbillett	ɪngɑŋsbɪlɛt
inngangsdøra	ɪŋːgɑŋsˈdøːɾʉ
inngangsdøren	ɪŋːgɑŋsˈdøːɾən
inngangspenger	ɪngɑŋspɛŋəɾ
inngangspenger	ɪŋːgɑŋspɛŋgər
inngi	ɪŋːɪ
inngikk	iːŋgɪk
inngir	iːŋgɪɾ
inngjerdet	iːŋjɛɾːət
inngrep	jngrəp
inngripen	ɪŋːgɾɪpən
inngripen	ˈɪŋgɾiːpn̩
inngå	iːŋgoː
inngå	ˈɪngoː
inngående	ˈɪngoːənə
inngår	iːŋgoːr
inngått	ɪŋgɔʈː
innhegning	ɪnːhɛgnɪŋ
innhegningen	ɪnːhɛgnɪŋən
innhente	iːnːhɛntə
innhente	ˈɪnhɛntə
innhenter	iːnːɛntər
innhentet	ɪnːˈhɛntə
innherad	ɪnːhɛrɑː
innhold	ɪnːˈhɔɭː
innholdet	ɪnːˈhɔɭːə
innholdsløs	ˈɪnhɔlsløːs
innholdsrik	ˈɪnhɔlsɾiːk
innhyllet	ɪnːˈhylːət
innhøste	iːnhøstæ
innhøsting	iːnˀnhœstiːŋ
innhøsting	ˈɪnhøːstɪŋ
innhøstingen	iːnːøʃtiŋg
inni	iːnːi
innimellom	ĩːnnimællɛm
innimellom	ɪnːɪˈmæɭːɔm
innkall	ɪnːkɑɭː
innkalle	ɪnːkɑɭː
innkaller	ɪnːkɑlːər
innkalles	ɪnːkɑlːəs
innkalling	ɪnːkɑlɪŋ
innkalt	ɪnːkɑlt
innkalte	ɪnːkɑːltə
innkassere	ɪnːkɑˈʃːərə
innkassere	ˈɪnkɑseːɾə
innkasserer	ɪnːkɑsɛrɐr
innkjøp	ɪnːkjøːp
innkjørsel	ˈɪnçœʂəl
innkjørselen	ɪnːçœʂələn
innkommende	ɪnˈkɔmːənə
innkreve	ɪnːkɾeːʋə
innkvartere	ˈɪnkʋɑʈeːɾə
innkvartering	ɪnːkʋɑːɾəɾɪŋ
innkvarteringen	ɪnːkʋɑːʈəɾɪŋ
innkvartert	ɪnːkʋɑːɾt
innlagt	ɪnːlɑgt
innlandet	ɪnːlɑːtə
innlandsklima	ˈɪnlandskliːmˌa
innlate	ˈɪnlɑːtə
innlede	iːnˈleːd̥ə
innlede	ˈɪnleːdə
innledende	ɪnːlɛːdənə
innleder	ɪnːˈleːdər
innledes	ɪnːlæːdəs
innledet	iːnːlɛdət
innledning	ɪnːlɛdnɪŋ
innledning	ˈɪnlˌeːdnɪŋ
innledningen	ɪnːlɛdɪŋən
innledningsvis	ˈɪnlədnɪŋsviːs
innlegg	ɪnːlɛgː
innleggelse	iːnˈlɛgəlsə
innlegget	ɪnːlɛgːə
innleid	ɪnːlæɪ̯ː
innleide	iːnˈlæɪ̯ːdə
innlemme	ˈɪnlɛmə
innlemmet	ɪnːlɛmːət
innlevere	innˈɛveːra
innlysende	iːnˈlʏːsənə
innlysende	ˈɪnlyːsənə
innlåst	ɪnːlɔʂt
innløse	ɪnːløːsə
innmari	imˈmɔri
innmari	ɪnːmɑːrɪ
innmari	ˈɪnmɑːɾɪ
innmat	ɪnmˈat
innmaten	ɪnːmɑːtən
innom	ɪnːɔm
innordne	ˈɪnɔɖnə
innovasjon	inːoːvaʃoːn
innovasjon	ɪnʊvɑʃuːn
innovative	iːnɔvɑtɪv
innover	iːnːʊʋər
innpakket	ɪnːpɑkːət
innpakning	ˈɪnpaknɪŋ
innpakning	ˈɪnpɑknɪŋ
innpass	ɪnːpɑs
innpisker	ɪnːpɪskər
innprente	ˈɪnpɾɛntə
innpå	ɪnːpɑː
innrammet	ɪnːrɑmːət
innrede	ɪnːrɛːdɛ
innrede	ˈɪnɾeːdə
innreder	ɪnːrɛːɖər
innredning	ɪnːrɛdnɪŋ
innredningen	ɪnːrɛdnɪŋ
innreise	ɪnɾæɪsə
innreise	ɪnːrɛɪsə
innretning	ɪnːrɛtnɪŋ
innretning	ˈɪnrˌɛtnɪŋ
innretningen	ɪnːrɛtnɪŋ
innretningen	ˈɪnrˌɛtnɪŋən
innretningene	ɪnːrɛtnɪŋənə
innretninger	ɪnːrɛtnɪŋɐ
innrette	ɪnːrɛtːə
innrette	ˈɪnɾɛtə
innrettet	ɪnːrɛkt
innringer	ɪnːrɪŋər
innringeren	ɪnːrɪŋəɾən
innrøm	inrøm
innrøm	ɪnːrøm
innrømme	ɪnːrømːə
innrømmelse	ɪnːrømːɛɭsə
innrømmelser	ɪnːrœmːəlsər
innrømmer	ɪnːrømːər
innrømmet	ɪnːrœmːə
innrømmet	ˈɪnrˌɛmət
innrømt	ɪnːrømt
innsamling	ɪnːsɑmːlɪŋ
innsamlingen	ɪnːsɑmːlɪŋ
innsats	ɪnːsɑts
innsatsen	ɪnzˈɑtsən
innsatsen	ɪnːsɑtsn̩
innsatsene	nɛˈsatsnɛ
innsatsene	ɪnːsɑtsə
innsatser	ɪnːsɑtːsər
innsatsstyrke	ɪnːsɑtsˈstyɽkə
innsatsstyrken	ɪnːsɑtsˈstyːɾkən
innsatt	ɪnːsɑtː
innsatte	ɪnːsɑtːə
innse	ɪnːsə
innse	ˈɪnseː
innser	ɪnːsɛr
innsett	insˈɛt
innsett	ɪnːsɛt
innsettelsen	ɪnˈsɛtələn
innsida	ɪnːsɪɑː
innside	inːiːiːde
innsidehandel	ɪnːsɪːdæɛ̯ɛ̯l
innsideinformasjon	ɪnːsɪdɪŋfɔrmɑsksjɔn
innsiden	insidˈen
innsiden	ɪnːsɪdən
innsider	insajdɯˈɾ
innsigelse	ɪnːsɪgəlsə
innsigelser	ɪnsɪgəlsɛɾ
innsikt	ɪnːsɪkt
innsikten	ɪnːsɪktn̩
innsiktet	ɪnːsɪktə
innsiktsfull	ɪnːsɪktsfʉlː
innsjekking	ˈɪnʂɛkɪŋ
innsjø	ɪnːsjuː
innsjø	ˈɪnʂøː
innsjøen	ɪnːsjøːn
innsjøer	ɪnːsjøːr
innskrenke	ˈɪnskɾɛnkə
innskrenket	ɪnːskɾɛŋkʰ
innskrenkning	ˈɪnskrˌɛŋknɪŋ
innskrevet	ɪnːskɾeːvət
innskrift	ˈɪnskɾɪft
innskudd	ɪnːʂkʉd
innskuddet	ɪnːʃʉdːə
innskytelse	ɪnːʃʏːtəlsə
innslag	ɪnːsɭɑg
innslaget	ɪnːslagət
innsmigre	ˈɪnsmɪgɾə
innsmurt	ɪnːsmʊʈ
innsparing	ɪnspˈɑɹɪŋ
innspill	ɪnːspl̥ɪlː
innspillingen	ɪnːsplɪŋən
innspilt	ɪnːspɪlt
innstendig	ɪnˈstɛnɪ
innstendig	ɪnːˈstɛ̀nːɪ
innstendige	ɪnˈstɛnɪə
innstendigere	ɪnˈstɛnɪɾə
innstendigste	ɪnˈstɛnɪkstə
innstill	ɪnstɪl
innstille	nˈistˈɪlə
innstille	ɪnːstɪlə
innstille	ˈɪnstɪlə
innstiller	ɪnːstɪlːər
innstilling	ɪnːstɪlɪŋ
innstillingen	ɪnːstɪlɪŋən
innstillingen	ˈɪnstəlˌɪŋən
innstillingene	ɪnːstɪlɪŋən
innstillinger	ɪnstɪlɪŋɐ
innstilt	iːnstɪlt
innstilte	ɪnːstɪltə
innsyn	iːnsʏn
innså	iːnsoː
innta	ɪnːtɑ
innta	ˈɪntɑː
inntak	ɪnːtɑk
inntaket	ˈɪntɑkət
inntar	ɪntɑːr
inntatt	ɪnˈtɑtː
inntekt	ɪnːtɛkt
inntektene	ɪnːtɛkːnə
inntekter	ɪnːtɛkːər
inntektskilde	ɪnːtɛkstʃɪldə
inntil	ɪnːtɪlː
inntil	ˈɪntɪl
inntok	ɪnːtɔk
inntraff	ɪnːtrɑfː
inntre	intrɛ
inntreden	ɪntɾˈɛːtən
inntreffe	ˈɪntɾɛfːə
inntreffer	ˈɪntreːfər
inntrenger	ɪnːtrɛŋər
inntrengere	ɪnːtrɛŋɛɾə
inntrengeren	ɪnːtrɛŋːərən
inntrengerne	ɪnːtɾɛŋnə
inntrenging	ɪnːtrɛŋɪŋ
inntrengning	ɪnːtrɛŋɪŋ
inntruffet	ɪnːtrʉfːɛt
inntrufne	ɪnːtrʉfːnə
inntrykk	ˈɪntɾʏk
inntrykket	ɪnːtrʏkːə
inntrykket	ɪ̞nɪ̞tɾɪkːe
inntrykksfull	ɪntɾʏksfʉlt
innvandre	ˈɪnvandrə
innvandrer	ɪnːʋɑnːdɾɛɾ
innvandrere	ɪnːʋɑndrɛrɛ
innvandrerne	ɪnːʋɑnːdɾɛɾnə
innvandret	ˈɪnvandrat
innvandring	ɪnːʋɑnːdɾɪŋ
innvandring	ˈɪnvɑndəɾɪŋ
innvende	ˈɪnʋɛnə
innvendig	ɪnːˈʋæɲː
innvendig	ˈɪnʋɛnɪ
innvendigere	ˈɪnʋɛnɪɾə
innvendigst	ˈɪnʋɛnɪkst
innvendinger	ɪnːʋɛndɪŋər
innvie	iːnˈviː
innvie	ˈɪnʋiːə
innvielse	jˈnvjəlsˈa
innvielse	ɪnːʋiːɛlsə
innvielsen	ɪnːʋiːlsən
innviet	ɪnːviːt
innvikla	ˈɪnʋɪklɑ
innviklet	ɪnːʋɪklət
innvilge	ɪnːʋɪɭgə
innvilge	ˈɪnʋɪlgə
innvilger	ɪnːʋɪlgər
innvilges	ɪnːʋɪlgəs
innvilget	ɪnːʋɪlgət
innvirke	ˈɪnʋɪɾkə
innvirkning	iːnʋɪrkŋ
innvollene	ɪnːʋɔlə
innvoller	ɪnːvɔlːər
innvortes	ˈɪnʋɔʈəs
innynde	iːnːɪ
innynde	ˈɪnʏnə
innøvd	iːnɔʋ
input	ɪnˈpʉːt
insekt	ɪnsɛkt
insektene	iːnsɛktnə
insektene	nsˈɛktnˈ
insekter	iːnˈsɛktər
insekter	ɪnsɛkter
insektet	iːnˈsɛktət
insider	ˈɪnsiːdər
insinuasjoner	ˈɪnsiːnʉɑːsjʊnər
insinuere	ensinueɾa
insinuerer	ˈɪnːsɪnuːɾəɾ
insinuerte	insinʉeːteː
insistere	insistere
insistere	ɪnˈsɪstəɾə
insisterer	ɪnˈsɪstəɾəɾ
insistert	ɪnˈsɪstəɾt
insisterte	ɪnˈsɪstəɾtə
inskripsjonen	ˈɪnskɾɪpsɕuːn
inspector	ɪnˈspɛktəʁ
inspeksjon	ˈɪnspɛkʃuːn
inspeksjoner	ɪnˈʂæksjʊnəɾ
inspektor	iːnspeːktɔr
inspektør	iːnsɛkˈʈøːɾ
inspektøren	ˈɪnspɛktœɾən
inspektører	ˈɪ̀nspɛktøːɾə
inspirasjonen	ˈɪnspɪrɑːʃən
inspirasjonskilde	ɪnspɪˈɾɑːʃuːnsçɪɭd̥ə
inspirerende	ˈɪnspɪrɛɾɛnə
inspirerer	ˈɪnspɪrɛr
inspisere	ˈɪnspɪsɛɾə
inspisert	iːnspiːsɛɾt
inspiserte	inspiseɾte
instagram	ɪnstɑgrɑm
installasjonen	ɪnstɑlɑˈʃuːn̩
installere	instalˈere
installere	ɪnstɑˈleːɾə
installere	ɪnstɑˈlæːɾə
installerer	ɪnstɑlˈleːɾə
installert	ɪnstɑˈlæɾt
installerte	iːnstɑlˈeːʈə
instans	iːnˈstɑ̀ns
instinkt	ɪnˈstɪŋkt
instinktiv	ɪnstɪŋkˈtiːʋ
instinktiv	ɪnstɪŋˈtiːʋ
instinktivt	iːnstɪŋktɪvt
institusjon	ɪnstɪtʉˈʃuːn
institusjonen	ɪnstɪtʉʃuːn
institusjoner	ɪnstɪtʉʃuːnər
institute	ɪnstitʉːt
institutt	iːnstitʉt
instituttet	iːnstitʉt
instruere	iːnstɾʉːɾə
instruere	ɪnstɾʉˈeːɾə
instruerer	iːnstrʉːɾɛːɾ
instruert	iːnstrʉːɾt
instruks	iːnstruks
instruksen	iːnstɾʉksn̩
instruksene	iːnstɾʉkˈʃeːnə
instrukser	iːnstɾʉksər
instruksjon	iːnstɾʉkʃuːn
instruksjoner	iːnstrʉkʃuːnɐ
instruktiv	ˈɪnstɾʉktiːʋ
instruktøren	iːnˈstrʉkʃuːɾən
instrument	ɪnstrʉˈment
instrumental	ɪnstɾʉmənˈtɑːl
instrumentene	ɪnˈstrʉmɛntnə
instrumenter	ɪnstrʉˈmentər
instrumentet	ɪnstrʊˈmentət
insulin	ˈɪnsʉlɪn
insulinet	ˈɪnsuːlɪnət
intakt	iːnˈtɑːkt
intakt	ɪnˈtɑkt
intakte	iːntɑːktə
inte	iːntə
integrere	eintɛgrɛɾɐ
integrere	ɪntəˈgɾeːɾə
integrering	intɛgɾɛɾɪŋ
integreringen	ˈɪntɛgrəriːŋən
integrert	iŋˈgʈæɾt
integrerte	integrˈɛta
integritet	ˈɪntgrətɪt
integriteten	ˈɪntgrɛtɪtn̩
intel	iːntɛl
intellekt	ɪntɛˈlɛkt
intellektet	iːntɛlɛktɛ
intellektuell	iːntɛlɛkɛʉl
intellektuell	ɪntələktʉˈɛl
intellektuelt	iːntɛlɛktʉːɛlt
intelligence	ɪntɛlɪˈgɛns
intelligens	ɪntɛlɪˈgɛns
intelligensen	iːntelɪˈgɛnsn̩
intelligent	intˈɛliːgˌɛnt
intelligent	iːntɛlɪˈgɛnt
intelligent	ɪntəlɪˈgɛnt
intelligente	ɪntɛlɪˈgɛntə
intendant	ɪntɛntɑnt
intens	ɪnˈtens
intens	ɪnˈtɛns
intens	ˈɪntɛns
intense	ˈɪntɛnsə
intensitet	ˈɪntɛnsiːt
intensiteten	iːntɛnsiˈteːn
intensiv	iːntɛnˈsiːv
intensiv	ɪnˈtensɪv
intensivavdelingen	ˈɪntənsɪvɑɫdɪŋən
intensive	intensiva
intensiven	ˈɪntɛnsiːʋən
intensivere	ɪntənsɪˈʋeːɾə
intensivert	intensivare
intensjonene	ˈɪntənsjuːnə
intenst	iːntɛnst
inter	iːn̪tɛr
interaksjon	iːntəɾɑkˈʂuːn
interaktiv	ˈɪntəɾɑktiːʋ
interessant	interˈsant
interessant	intˈɛrəsant
interessant	ɪntəɾɛˈsɑnt
interessante	ɪntəˈrɛsɑntə
interesse	ˈɪntəɾɛsə
interessekonflikt	ɪntəˈrɛsəˌkɔnflɪkt
interessen	intɛrɛsˈsɛn
interessen	ɪntəɾəˈsɛn
interessene	ɪntəˈɾɛsnə
interesser	intɛrˈɛsər
interesser	ɪntəɾɛsɐ
interessere	ɪntəɾəˈseːɾə
interessere	ɪntəɾɛˈseːɾə
interessere	ɪntəˈrɛsə
interesserer	ɪntəɾɛsəɾ
interessert	ɪntəˈrɛsːɾ
interesserte	ɪntəˈrɛsːɛɾtə
interessieren	ɪntəɾɛˈsiːɾən
interferens	ɪntɛrfɛˈɾɛns
interferon	ɪntɛrfɛɾɔn
intergalaktisk	ɪntɛɾgɑlɑktɪsk
intergalaktiske	ɪntɛrgɑlɑkˈtɪskə
interimistisk	interimistisk
interiør	ɪntəɾɪˈøːɾ
interiør	ˈɪntəɾøːr
interiørarkitekt	ˈɪntəɾøːɑɾkɪtɛkt
interiøret	intɛrjœre
interiøret	ˈɪntəɾøːɾət
intern	ˈɪntɛrn
intern	ˈɪntˈɚn
internasjonal	ɪntəɳɑʃɲɔɑːl
internasjonale	ˈɪntəɳɑˌʃuːnələ
internasjonalisere	ɪntəɳɑʂʊnɑlɪˈseːɾə
international	ɪntɛrnɑtʃɔnal
internatskole	ˈɪntəɳɑtskɔlə
internavdelingen	ˈɪntəɳɑːvdeˌlɪŋən
interne	ˈɪntəɳə
internert	ˈɪntəɳəɾt
internet	ɪntɛɳɛt
internett	ɪntɛˈnɛt
internettet	internətːə
internt	ˈɪntəɳt
interpol	ɪntɛɾpʰoːl
interrail	ˈɪntəɾæɪl
intervaller	ɪntɛɾˈvɑlːər
intervensjon	ɪntəɾvensjɔn
intervju	ˈɪntəɾʋjuː
intervjue	ɪntəɾˈʋjʉːə
intervjue	ɪntɛɾʋjuː
intervjuene	ɪntɛɾʋjuːə
intervjuer	ˈɪntəɾʋjuːɾ
intervjues	ɪntɛɾʋjuːs
intervjuet	ɪntɛɾvjuː
intet	ɪntɛt
intetanende	iːntetɑnɛnːə
intetsigende	ˈɪntətsiːgənə
intim	ɪntɪm
intim	ɪntˈɪm
intim	ɪnˈtiːm
intime	iːntiːmə
intimitet	ɪntɪmɪtɛt
intimt	ɪntˈiːmt
intimt	ˈɪntɪmt
into	ɪntʊ
intoleranse	iːntʊlæɾɑnsə
intolerant	ˈɪntɔləɾɑŋ
intravenøs	ˈɪntɾɑːvəˌnøːs
intravenøst	ˈɪntɾəvɛnøːst
intriger	iːntrɪgər
intrikat	iːntɾɪkɑt
intrikat	ɪntɾɪˈkɑːt
intrikat	ɪnˈtriːkat
intro	ɪntrʊ
introduksjon	ɪntɾʉˈkʉʂːjɔn
introduksjonen	ɪntɾʉkˈʉʃuːn
introduser	ɪntɾɔduːsər
introdusere	ɪntɾʊdʉˈseːɾə
introduserer	ɪntɾɔduːsəɾɛɾ
introen	ˈɪntɾʉːən
intubere	iːntʉˈbeːɾə
intuisjon	iːntʉɪʃuːn
intuisjonen	iːntʉiːʃɔn
intuitiv	iːntʉiːtɪv
invadere	iːnvɑːdərə
invadere	ɪnʋɑˈdeːɾə
invaderer	iːnvɑːdərɛːɾ
invadert	ɪnʋɑːdæɾt
invaderte	ɪnvɑːdɛʈə
invasjon	iːnvɑsjuːn
invasjonen	ɪnvɑsʃuːn
inventar	iːnvɛntɑːr
inventaret	iːnvɛntɑːɾɛt
inverness	iːnvərnɛs
invest	ɪnˈvɛst
invester	ɪnvɛstər
investere	iːnvɛsˈtæɾə
investere	ɪnʋəˈsteːɾə
investerer	ɪnvɛstərər
investering	iːnvɛstæɾiŋ
investeringen	iːnvɛstəɾɪŋ
investeringene	iːnvɛstæɾɪŋnɛ
investeringer	iːnvɛstæɾɪŋɐʁ
investert	ɪnvɛsˈtæɾt
investerte	ɪnvɛstɛʁtə
investoren	iːnvɛsˈtøːɳ
investorene	ˈɪnvɛstɔrənə
investorer	ɪnvɛstɔrɛr
invitasjonen	ɪnvɪtɑʃuːnə
invitasjonene	ɪnvɪtɑːʃuːnənə
invitasjoner	ɪnvɪtɑːʃuːnər
inviter	ɪnˈʋɪtər
inviterte	iːvnɪtʋiːt
involver	ɪnvɔlʋər
involvere	involveːə
involvere	iːnvɔlʋeːɾə
involverer	ɪnvʊlʋəɾɛɾ
involvert	iːnvɔlvəɾt
involverte	ɪnvɔlˈvɛːɾtə
io	iːo
ioa	iːɔ
ion	iːuːn
iona	iːɔnə
iorden	iɔɾn̩
iosava	iːɔsɑvɑ
iot	iːɔt
iov	ɪɔʋ
ioven	iɔvn̩
iover	iːvər
iovet	iɔʋɛt
iowa	iːoʊ
ip	iːp
ip-adresse	iːpɑːdrɛsə
ip-adressen	iːpɑːdrɛsːən
ipad	iːpɑːd
ipaden	iːˈpɑːdən
iphone	iːfɔn
iphonen	iːfoːnən
ipod	ipod
ipod	iːpɔd
ipoden	iˈpoːdən
ipswich	ɪpsɪtʃ
iq	ɪk
ira	iːɾɑ
irak	iːrak
irak	ɪˈrɑːk
iraker	ɪˈrɑːkər
irakere	ɪˈɾɑːkəɾə
irakerne	ɪɾɑːkənə
irakisk	iːrɔːkɪsk
irakisk	ɪˈɾɑːkɪsk
irakiske	ɪˈɾɑːkɪskə
iraks	ɪˈɾɑks
iran	ɪɾɑn
irans	ɪɾɑns
iransk	iːɾˈɑnsk
iransk	ˈɪrɑnsk
iranske	ɪˈɾɑnskə
irby	ɪrby
ire	iːɾa
ire	iːɾ̥ə
iren	ɪɾən
irena	iːˈɾeːna
irene	iːɾeːno
irettesette	iːɾɛtəˈsɛtə
irettesette	ɪˈɾɛtəsɛtə
irina	ɪˈɾɪnə
iris	ɪɾɪs
irish	ɪɾɪʂ
irland	ɪrlaːn
irma	ɪɾmɑ
iron	ɪɾɔn
ironi	iːɾɔnɪ
ironien	iːɾʉnɪən
ironisk	iːruːnɪsk
ironisk	iːɾoːnɪsk
ironiske	iɾʉnɪskə
irons	ɪɾʊns
irrasjonell	ɪrɑˈʃuːnɛl
irrasjonelle	ɪrɑˈʂuːnələ
irrasjonelt	ɪˈrɑʃjʊˌnɛlt
irre	ˈɪɾə
irrelevant	irrelevant
irrelevant	ɪrɛlɛvənt
irrelevant	ˈɪɾələʋɑnt
irrelevante	ɪrɛlɛˈʋɑntə
irritabel	ɪɾɪˈtɑːbəl
irritabel	ɪˈʁɪtɑːbl̩
irritasjon	ɪˈrːɪtɑˑʃuːn
irriter	ɪˈrːɪtər
irritere	ɪˈʁɪtəɾə
irriterende	ɪˈrːɪtəɾɛnə
irriterer	ɪˈrːɪtəɾːə
irritert	iːrɪtɛrt
irritert	ɪˈʁɪtəɾt
irriterte	ɪˈrːɪtəɾtə
irs	ɪʂ
irsk	iːʂk
irsk	ɪʂk
irske	ɪʂkə
irv	ɪɾʋ
irving	ɪrʋɪŋ
irwin	ɪɾʋɪn
is	iːs
isa	ɪsɑ
isaac	iːsɑk
isaacs	iːsɑks
isabel	iːsɑbɛl
isabella	isabella
isabella	ɪsɑbɛlɑ
isabelle	isabell
isabelle	iːsɑbɛl
isaiah	ɪˈsɑɪɑ
isak	isak
isak	ɪˈsɑk
isaksen	iːsakʃiːn
isbar	iːspɔr
isbergsalaten	iːsbɛʁgsalatːɛn
isbergsalater	ˈɪsbərksalatər
isbilen	ɪsˈbɪːlən
isbilmorderen	ɪsbɪlmʊɖəɾən
isbiter	ɪsbɪtər
isbjørn	ɪsbjœːɳ
isbjørnen	ɪsbjœʏn̩
isbjørnene	ɪsbjœːrənə
isbjørner	iːsbjɔɾneɾ
isbjørner	ɪsbjœʏnər
isbre	isbɾe
isbre	iːsbrɛ
isbreen	iːsˈbreːn
iscenesette	ɪʂːənəˈsɛtə
iscenesettelse	ɪseːnəsɛtɛlsə
isen	iːs̬n̩
isfiske	ɪsfiːʃkə
isfjell	ɪsfjɛɭ
isfjellet	ɪsfjɛlːət
isflak	iːsflˈak
ishani	ɪˈʃɑːnɪ
ishido	ɪʃɪdoː
ishmael	ɪʃˈmæɛl
ishockey	ishoːkˈke
ishockey	iːshɔki
ishockey	ɪˈʂɔkə
isi	ɪʂɪ
isis	ɪsɪs
iskald	ɪskɑːɭ
iskald	ˈiːskɑl
iskalde	ɪskɑːldə
iskaldt	ɪskɑlt
iskrem	ɪskɾæɪm
iskremen	iːskrˈɛmən
iskremen	ɪskɾɛmən
iskremene	iːskrˈɛmna
iskremer	iːskrˈɛmər
isla	ɪsla
islamist	izlɑmist
islamsk	izlɑːmsk
islamsk	ɪsˈlɑmsk
islamsk	ɪˈslɑːmsk
islamske	ɪsˈlɑːmskə
island	iːslɑn
islands	ɪsˈlɑns
ismael	ɪsmaɛl
ismaskinen	ɪsmɑskɪnə
isobel	iːsɔbɛl
isolasjon	iːsɔlɑsjɔn
isolasjonen	iːsɔlɑsjɔn
isolat	iˈsɔlɑt
isolatet	iːsɔlɑt
isolde	ɪˈsɔ̀ldə
isoler	ɪsɔlɛr
isolere	iswleɾa
isolere	ɪsʊˈleːɾə
isolerer	iːsɔləɾɛɾ
isolerte	iˈsɔɭəɾtə
ispinne	ɪsˈpɪnːə
ispinner	ɪspɪnɛr
israel	ɪsˈɾæɛ̯l
israelere	ˈɪsɾɑləɾə
israelerne	ˈɪsɾæɛ̯ləɳə
israelittene	iːsɾæɛlɪtənə
israels	ˈɪsrɑːəls
israelsk	ɪsɾɑˈeːlsk
israelsk	ɪsˈɾæɫsk
israelske	ˈɪsɾæːɛ̯lsɪ
iss	ɪsː
issa	ɪsːɑ
istanbul	ɪstɑnbʊl
istand	iːˈstɑn
iste	iːste
isteden	istˈeːtən
isteden	ɪˈstɛːdən
istedenfor	iːstˢɛdˢenfˈɔɾ
istedenfor	ɪstɛdənfɔr
ister	ɪstər
istykker	ɪstʏkːər
isvann	iːsvɑn
isåfall	ɪsɔfɔl
især	iːsæɾ
it	iːt
it-fyren	ɪtˈfʏːɳ
italia	iːtˈɑliːɑ
italia	ɪˈtɑːlɪ̯ɑ
italian	ɪtɑˈliən
italias	iˈtɑːliɑs
italiener	itˈɑljənər
italiener	ɪtɑlˈjeːnəɾ
italiener	ɪtɑˈliːnər
italienerne	ɪtɑˈliːnɛ́ɾn̩
italiensk	kˈaliɛnsk
italiensk	ɪtɑlˈjeːnsk
italiensk	ɪtɑˈli̯ɛnsk
italienske	ɪtɑˈli̯ɛnskə
item	ɪtːə
iterativ	ɪtɛrɑtʲɪv
ito	ɪtʊ
itunes	iːtʉːnz
iukter	iʊ̯kʰtɛɾ
iunsj	iʉnʃ
iure	iʉ̯ɾə
iurer	iʉr
iurte	iʉ̯ʁtə
iv	ɪʋ
ivan	ivon
ivan	iːvɑn
ivanov	ɪvɑnɔv
ivar	ɪvɑɾ
ivareta	ɪvɑːɾɛtɑː
ivareta	ɪˈʋɑːɾətɑː
ivaretar	ɪvɑːɾɛtɑːɾ
ivaretatt	ɪvɑːɾətɑt
ivei	iːʋɛɪ
iver	iːvɪ̞ɾ
iver	ɪʋər
iverksatte	ˈiːʋəɾkʰɑtə
iverksett	ˈiːʋəɾkʂɛt
iverksette	ɪˈʋæɾksɛtə
iverksettelse	iːvˈɛrksɛtːilse
iverksetter	ˈiːʋəɾsɛtəʁ
iverksettes	ˈiːʋəɾsɛtəs
ives	ɪvəs
ivey	iːvə
ivo	iːvɔ
ivor	ɪvɔr
ivre	ivrˈa
ivrer	ɪvrər
ivrig	ivri
ivrig	ˈiːʋɾɪ
ivrige	ivriːe
ivrige	ɪvrɪgə
ivy	ɪʋ
iwo	iːʋoː
iyve	iːvə
iz	ɪs
iære	iɛːɾə
iærer	iɛːr
iøs	iøs
iøynefallende	ɪˈœjnəfɑlənə
j	j
ja	dʒo
ja	jɑ
ja	jɑː
jaa	jɑː
jaaa	jɑː
jabb	jɑb
jabben	ˈjɑbːən
jackies	ʒɑkɪs
jackpot	ʒɑkˈpɔt
jackson	ˈjɑksən
jacksons	ʒɑksɔns
jacky	ʒɑkɪ
jacob	ˈjɑːkɔp
jacobo	jaˈkɔbʊ
jacobs	jɑkɔps
jacoby	jɑˈkɔbʏ
jacov	jaˈkuː
jacqueline	jaʃkəˈliːn
jacques	jakə
jacs	jɑːʂ
jada	jaːda
jade	jaːd̥ə
jadzia	jaːdsiː
jaeger	jæːgər
jaevel	jæʋəl
jaevla	jæɛ̯vlə
jafar	jɑːfɑr
jafet	jɑːfɛt
jaffa	jafɑ
jaffaene	jɑfːɑnə
jaffaer	jafɑːɾ
jaffe	jɑfːə
jafs	jɑfs
jag	jɑːg
jagd	jɑg
jagd	jˈɑgd
jagde	jɑgdə
jage	jɑːgə
jage	ˈjɑːgə
jager	jægɪ̞r
jager	ˈjɑːgər
jagere	jagəɾə
jageren	ˈjɑːgəɾən
jagerfly	ˈjɑːgərfly
jagerflyene	ˈjɑːgərflyːə
jagerne	ˈjɑːgəɳə
jages	jeːgəs
jaget	jɑgət
jagger	ˈjɑgər
jaggu	jɑgːʉ
jaguar	ˈjɑːgʉɑːr
jaguaren	ˈjɑːgʉɑːɾən
jah	jɑː
jaha	jaːhɑ
jai	jaɪ̯
jaime	jɑɪ̯m
jaipur	jɑɪpʉɾ
jairo	jaɪ̯ɾoː
jaja	jɑːjɑː
jakarta	ˈjɑːkɑːrta
jake	jaːkə
jakes	jaːkɛs
jakey	jaːkə
jakk	jak
jakka	jakːɑ
jakke	jɑkə
jakke	jɑkːə
jakke	jˈakːə
jakkelommen	jaglɔmən
jakken	jakːɛn
jakken	jɑkːən
jakkene	jakːə
jakker	jɑkːər
jakku	jakʉ
jakob	jaˈkuːb
jakov	ˈjɑːkɔʋ
jakt	jɑkt
jakta	jaktar
jakta	jɑkta
jakte	jɑːktə
jakte	ˈjɑktə
jakten	jɑːktən
jaktet	jaktət
jaktet	jɑːktɛt
jakthund	jɑːkthʉnː
jakthytta	jaːkthʏtːɑ
jakthytte	jɑːkthʏtːə
jaktkniv	jɑːktknɪv
jaktmarker	jɑktmɑkɾɑ
jaktsesongen	jaːktsɛsɔŋn̩
jaktulykke	jɑktʉlʏkːə
jalla	jɑlɑ
jam	jɑːm
jamaica	ˈjɑːmɑɪkə
jamal	ˈjɑːmɑːl
jamals	ˈjɑːmɑls
jamarcus	jɑmɑɾkʉs
jamba	jɑmba
jamen	jæmən
jameson	ˈjæːməsɔn
jamey	jɛːmɛɪ
jamføre	ˈjɑmføːɾə
jamie	jɑːmɪ
jamies	jɑːmɪəs
jamieson	jɑːmɪɛsn̩
jamil	ˈjɑːmɪl
jamile	jɑːmɪlə
jamison	jɑmɪsɔn
jamm	jɑm
jamme	dʒammɛ
jamme	jɑːmːə
jammen	ˈjɑmːən
jammer	ˈjɑmːər
jamre	ˈjɑmɾə
jamrer	jɑːmrər
jan	jan
jan	jɑn
jan	jɑːn
jan-ove	jɑːnɔʋə
jana	jɑːnɑː
jane	jeːn
janek	jɑːnɛk
janelle	ˈjɑːnələ
janes	jeːnɛs
janet	ˈjɑːnɛt
janeway	jɑːnəʋæɪ
janey	jeːnɪ
janine	ˈjɑːnɪnə
janis	ˈjɑːnɪs
janko	jæŋkʊ
janne	jɑnːə
janni	jɑnɪ
jannik	jɑnːɪk
janos	ˈjɑːnɔs
jansen	jɑːnsən
jansson	jɑnsɔn
januar	jɑnʉˈɑːɾ
januar	ˈjɑːnuɑːr
januarsalg	januaɾsalg
janus	jɑːnʉs
janusz	jɑnʉʃ
japan	jɑˈpɑn
japan	ˈjɑːpɑn
japaner	japɑnɛr
japaner	ˈjɑːpɑːnər
japanere	ˈjɑːpɑːnəɾə
japaneren	ˈjɑːpɑːnəɳən
japanhavet	japanhava
japans	ˈjɑːpɑns
japansk	ˈjɑːpɑnsk
japanske	ˈjɑːpɑnskə
japp	jɑp
jappeloup	ʝɑpəlʊp
japse	jɑpsə
japsen	jæːpsən
japsene	jæpsənə
japser	jɑpsər
jaqobis	jɑːkɔbɪs
jar	jɑːr
jarek	jæɾɛk
jari	jɑːɾɪ
jarl	jɑːɭ
jarle	ʝɑːɭə
jarlen	ʝɑːɭn̩
jarlsberg	jaˈlspælk
jarrad	jɑːɾːɑː
jarrah	ˈjɑːrɑ
jarrod	ˈjɑːrɔː
jarvis	ʝɑɾʋɪs
jas	jɑːs
jasa	jɑːsɑ
jase	jɑːsə
jasmin	ˈjɑsmɪn
jason	jɑːsɔn
jasons	ˈjɑːsɔn
jasper	ˈjɑːspər
jasså	jassa
jasså	jɑsɔ
jaså	jasɔ
jatt	jɑt
jatte	ˈjɑtə
java	jɑːʋɑː
javel	jɑːvəl
javert	jɑːvɛɾt
javi	jɑːʋi
javia	ˈjɑːʋiɑ
javier	ˈjɑːvjɛɾ
javisst	jɑˈʋɪst
jaws	joːs
jax	jɑːʂ
jayden	ʝæɪ̯dɛn
jaye	jeː
jayne	jæɪ̯n
jays	jeːs
jazz	jɑs
jazzer	jaʃːər
jb	jɔːb
jc	jɛː
jd	jɔː
je	jeː
jean-claude	ʒæːnˈklɔːd
jean-louis	ʒæːnluːɪ
jean-luc	ʒæːnˈlʉk
jean-pierre	ʒæ̀ːnpiːɛ́ːʁ
jeanette	jeːnɛtə
jeanie	jæːnɪ
jeanine	jæinɪn
jeanne	jɛːnə
jeannie	jɛ̀ːnɪ
jeans	jæːns
jeans	jˈins
jeansene	jɛ̂ːn̩sənə
jeb	jɛb
jeddak	jeðɑk
jedediah	jɛdɛdiɑː
jedi	jeːdɪ
jedien	jeːdɪən
jediene	jeːdɪənə
jeem	jeːm
jeep	jɛːp
jeepen	jɛːpən
jeeter	jeːtər
jeez	jeːs
jefe	jeːf
jeff	jɛf
jefferis	jeːfɛʁɪs
jefferson	ʝɛfɐsɔn
jeffersons	ˈjɛfərsəns
jeffries	jɛfriːs
jeffs	jɛfs
jeg	jæj
jeg	jæɪ
jeg	jɛg
jeg-jeg	jɛgjɛg
jeger	jɛgər
jegere	jɛg̊ɛɾɛ
jegeren	jɛgərən
jegerne	jeːgəɳə
jegvetikke	jɛgvɛtɪkɛ
jegvil	jɛgʋɪl
jehova	jɛˈhɔʋɑ
jehovas	jɛɰɔʋɑs
jekel	jeːkəl
jekk	jɛk
jekke	jɛkke
jekke	ˈjɛkə
jekken	jɛkːən
jekyll	jeˈkɪl
jelco	jɛlko
jelena	jɛˈleːnə
jellicle-katter	ʝɛ́lɪkəˌkɑtːər
jellicles	ʝɛlɪkəls
jelly	jɛlː
jellystone	jɛlɪstɔn
jem	jɛm
jemen	jəˈmɛn
jemini	jəˈmiːni
jemma	jɛmːɑ
jen	jɛn
jena	jeːnɑ
jenke	ˈjɛŋkə
jenkins	ʝɛŋkɪns
jenn	jɛn
jenna	jɛnːa
jennas	jɛnːɑs
jenner	jeːnːər
jennie	jeːnɪ
jennifer	jɛnɪfɛɾ
jennings	jɛnɪŋs
jenny	jɛnːi
jennys	jɛnːs
jens	jɛns
jens	jˈɛns
jensen	jɛnsɛn
jenta	jɛntɑ
jenta	ˈjɛntɑ
jentas	jeːntɑs
jente	jɛ́ntə
jente	jˈɛnt
jente	ˈjɛntə
jentegreier	jeːntəgreɪːr
jentekveld	jēntəkvɛld
jenten	jɛntn̩
jentenavn	jeːtnɑːvn
jentene	jēnt̪ən̩
jentenes	jeːntənəs
jenteprat	jɛ́ntəprɑːt
jenter	jɛntər
jenter	jˈɛntər
jenters	ˈjɛntəɾs
jentete	jeːntə
jentunge	jæntuŋɪ̞
jentunge	jɛntʉŋə
jentungen	jɛntʉŋ
jentunger	jɛntʉŋgər
jeopardy	jɛɔpɑɾdi
jepp	jɛp
jepp	jˈɛp
jepp	jˈɛt
jeppe	jeːp̚
jer	jɛɾ
jere	jɛːɾə
jeremiah	jəˈɾæːmɪɑ
jeremy	jəˈmɛɾi
jeremys	jəˈɾæmɪs
jeri	jeːɾɪ
jericho	jɛɾɪkɔ
jeriko	jeriko
jern	jɛrn
jernalder	jɑɾnɑɫdɯɾ
jernbane	jɛrnbaːnə
jernbanen	jɛrnbanən
jernbanene	jarnponˈnˈɯ
jernbaner	jɛɳbɑːnər
jernbanestasjon	jæɳbɑːnəstɑʂuːn
jernbanestasjon	jɛɳbɑːnəstɑːʃuːn
jernbanestasjonen	jɛrnbanəstɔʃən
jernbanken	jɛːɳbɑŋkən
jernet	jɛrn̥ət
jernhånd	jɛrn̥hɔːn
jernkorset	jɛrnkɔʂɛt
jernneven	jɛrnneːvn
jernside	jɛːnsɪdɛ
jernteppe	jɛrn̥tɛpːə
jerntronen	jɛːrntrɔn
jernvarehandel	jɛrnʋɑːɾəˈhɛːdl̩
jernvarehandelen	jɛrnvaːɾəhandələn
jerome	jəɾʊm
jerret	jɛr̥ːt
jerry	jeʁi
jerrys	ʝæɾːʏs
jerty	jɛɾtʏ
jerusalem	jeːɾʉˈsæɫɑm
jesper	jɛspɛr
jess	jeʃ
jessa	jeʃːɑ
jesse	jeʃːə
jesses	jeʃːɛs
jessica	ˈjɛsɪkɑ
jessicas	ʝɛsɪkɑs
jessie	ʝɛsɪ
jessup	jeʃʉp
jesu	jɛsʉ
jesuittene	jeːsɪtːənə
jesus	jeːsʉs
jesusbarnet	jɛsʉsbɑːɾn̩t
jesús	jeːsʉs
jet	jeːt
jeter	jeːtɛr
jetfly	jeːtfliː
jetfly	jətˈfly
jetflya	jətˀflˈyːə
jetflyet	jeːtflyːə
jethro	jɛθrʊ
jetlag	jeːtˈlɑːg
jetrel	ʝɛtɾəl
jets	jeːʂ
jetski	jeːtʃki
jett	jeʈː
jette	jɛt̪ːə
jettflyene	jətːflˈyːgna
jevn	jɛvn
jevn	jɛʋn̩
jevnaldrende	jevnɑldrɛnə
jevnbyrdige	jɛvn̥bʏɾɪgə
jevne	jeʋnə
jevne	jɛvnɛ
jevne	ˈjɛʋnə
jevner	jɛvnər
jevnere	jevnəɾə
jevnet	jɛvn̥ət
jevnføre	ˈjɑmføːɾə
jevngammel	ˈjɛʋngɑməl
jevngod	ˈjɛʋnguː
jevnlig	jɛvnli
jevnt	jɛvn̥t
jevnt	jˈavnt
jewel	jeːʋəl
jfk	jɛfːk
jg	jg
jia	jɑː
jiggetts	jɪgɛts
jihad	jiˈhɑː
jiji	jɪjɪ
jill	jɪl
jillian	jɪlːɑn
jilly	jɪlɪ
jim	jɪm
jima	jɪmɑ
jimbo	jɪmbɔ
jimi	jɪmɪ
jimmie	jɪmɪ
jimmy	jɪmɪ
jimmys	ʝɪmɪs
jims	jɪms
jin	jɪn
jin-seok	çɪnsɔk
jing	jɪŋ
jingim	jɪŋɪm
jippi	jɪpɪ
jn	jɔn
jo	jo
jo	joː
jo	juː
jo-jo	joːjoː
joakim	joːkɪm
joan	joːn
joanie	jɔ̀ːnɪ
joanna	jɔʊ̯anːə
joaquin	joɑːkɪn
joaquín	joɑˈkʉːn
joar	juːwɒɾ
job	jɔb
jobb	jɔb
jobba	jɔbːɑ
jobbe	jɔbːə
jobbe	jˈobːa
jobbe	ˈjɔbə
jobben	jobːɯm
jobben	joːb̥ən
jobbene	joːbːənə
jobbens	jɔbːəns
jobber	joːbɛr
jobbes	joːb̥əs
jobbet	joːbːət
jobbhistorikk	jɔbːhɪstɔrɪk
jobbintervju	jɔbːɪntɛɾvjuː
jobbintervjuer	jɔbːɪntɛɾʋjʉːɾ
jobbintervjuet	jɔbːɪntɛɾvjʉː
jobbrelatert	jɔbrɛˈlɑːtəɾ
jobbtilbud	jɔbːtɪlbʉː
jobbtilbudet	jɔbːtɪlːbʉːd
jobs	jɔps
jock	jɔk
jocke	jɔkːə
jockey	jɔkːi
jod	jɒbd
jod	jɔd
jod	jɔː
joda	jɔːdɑ
jodi	jɔɖɪ
jodie	jɔɪ̯dɪ
jody	joːdi
joe	joː
joel	jøːl
joes	joːs
joey	jɔɪ
joeys	jœʏs
joffrey	jɔfɾɛɪ
joffreys	jɔfɾeɪs
jogeva	jɔgɛvɑ
jogg	jɔg
jogge	jɔgə
jogge	ˈjɔgə
joggebukse	jɔgəˈbʉksə
joggebukser	jɔgəbʉksɛr
jogger	jogɛr
joggesko	jɔgəʃku
joggesko	ˈjɔgəskuː
joggeskoene	jɔgəʃkuːnə
jogget	jɔgːət
jogging	jɔgɪŋ
jogurt	jɔgʉʈ
johan	joːhɑn
johann	jɔhɑn
johanna	jɔˈhɑːnə
johanne	johannˈe
johanne	jɔhɑnə
johannes	jɔˈhɑnəs
johannesburg	jɔhɑnɛsbɔɾg
johans	joːhɑns
johansen	jɔˈhɑːsn̩
johanssen	jɔːhɑnsn̩
johansson	jɔhɑnsɔn
john	jɔn
johnnie	jɔnɪ
johnno	jɔnː
johnny	jɔnɪ
johnnys	joːnɪs
johns	jɔns
johnse	jɔnsə
johnsen	jɔn̥sn̩
johnson	jɔnsɔn
johnsons	joːnsɔn
johnston	joːnstɔn
joike	jɔikːɛ
joike	ˈjɔjkə
joiken	jɔjkɪ̞n
jointer	jɔɪntər
joker	joːkɛr
jokeren	jɔkəɳən
jokke	jɔkːə
jolie	jɔ́li
jolla	jɔlə
jolle	jɒlˈlɒˈ
jolle	jɔlə
jolly	jɔlːi
jolson	joːlsɔn
jomar	jɔmɑːr
jomfru	jɔmfrʉ
jomfrudom	jɔmfrʉdɔm
jomfrudommen	jɔmfrʉdomn̩
jomfruen	jɔmfrʉən
jomfruene	joːmfrʉːnə
jomfruens	jɔmfrʉəns
jomfruer	jɔmfrʉːɾ
jomfruhinne	jomfˈruːhinnə
jommen	jɔmːən
jompa	jɔmpɑ
jon	joõ
jon	jɔn
jonah	jɔnɑ
jonas	jɔnɑs
jonatan	jɔnɑtɑn
jonatan	jɔːnɔtɔn
jonathan	joːnəˈtʰɑːn
jonathans	jɔnɑtʰɑns
jone	juːnɑ
jones	jɔnɛs
jonesey	jɔnəseː
jonesy	jɔnɛsɪ
jong	jɔŋ
joni	jɔnɪ
jonjo	jɔnjɔ
jonny	jɔnːi
jonquil	jɔŋkɪl
jons	jɔns
jonsson	jɔnsɔn
joon	jʉːn
jor-el	joːɾɛl
jorah	joːɾɑː
jord	jɔɾː
jorda	joːda
jorda	joːɾda
jordan	joːɾdan
jordandalen	jɔːɾandɑːln̩
jordans	joːɾans
jordas	joːɾas
jordboer	joːɾbuːɾ
jordboere	joɾˈbuːɾə
jordbruk	joːɖbrʉk
jordbær	ˈjʊɾbæːɾ
jorde	joːɾd̥ə
jordekorn	jɔɖɛkɔɳ
jorden	joːɳən
jordene	joːɾd̥ənə
jordens	joːɾəns
jorder	jɔːɖəɾ
jordet	joːɾɛt
jordisk	joːɾɪsk
jordiske	joɾːɪskə
jordkloden	jɔɾˈklɔdn̩
jordmoren	joːɖmɔɾən
jordnær	joːɾnæɾ
jordnær	ˈjuːɳæːɾ
jordskjelv	joːɾʃɛlv
jordy	joːɾʏ
jorek	jɔrɛk
jorge	joːɾgə
jorte	ˈjɔʈə
jos	jɔs
jose	joʃə
josef	joʃɛf
josefin	joʃe̞fiːn
josefine	joʃəfiːnə
josefine	jʊsʲɑfʲiːnˈæ
josefines	joːʃəfiːnəs
joseph	jɔspʰ
josephine	jəʊˈfɪːnə
josey	joʃeɪ
josh	jɔʃ
joshua	jɔʂʉ
joshy	jɔʃi
josiah	jɔsiɑ
josie	jɔʃi
joss	jɔs
josva	jɔsvɑ
josé	joʃeː
jotner	jɔtn̩
jour	juːɾ
journalen	ʒʊɳɑːlɛn
journalene	ʒʊɳɑɭɛnə
journalist	ʝuːɳɑːlɪst
journalistene	ʒʊɳɑːlɪsˈteːnə
journalister	ʒʊɳɑːlɪstɛɾ
journalistikk	ʝuɳɑɭɪstɪk
journalistisk	ʒʊɳɑɭɪstɪsk
journalistiske	ʃurnalistiske
jovan	jɔʋɑn
jovi	jɔʋɪ
jovial	jʊʋɪˈɑːl
jovisst	jɔʋɪʂː
joyce	jɔɪs
joyner	jɔɪnər
jp	jɔːp
jr	jɔːɾ
jr	jɾ
jsoc	jʃɔk
ju	juː
juan	juːɑn
juana	juːnɑ
juanita	juːaːnɪtɑː
juanito	juːaːnitoː
jubel	jʉːbəl
jubel	ˈjʉːbəl
jubelen	jʉːbələn
jubileet	jubiˈleːt
jubilere	jʉbɪˈleːɾə
jubileum	jʉbɪˈlæʉm
juble	jʉːblə
juble	ˈjʉːblə
jublende	jʉːblɛndə
jubler	jʉːbl̩
jublet	jʉblɛt
juda	jʉːdɑ
judah	jʉːdɑ
judas	juːdɑs
judd	jʉd̥
jude	jʉːd̥ə
judea	judˈeːɑ
judea	jʉːdə
judge	jʉːgə
judi	jʉːdɪ
judith	jʉːdɪt
judo	juːduː
judson	jʉːdsɔn
jug	jʉg
juge	jʉːgə
juger	ˈjʉːgər
juggel	jʉgəl
jugoslavia	jugɔslɑvɪɑ
juha	jʉːhɑ
juhu	jʉːhu
jui	juːɪ
juice	jʉɪ̯s
juicen	jʉɪ̯sɛn
juicer	juːsˈɪt
jukeboksen	jʉkəˈbɔksn̩
juks	jʉks
jukse	jʉksə
jukse	ˈjʊksə
juksemaker	jʉksəˈmeːkər
juksemakere	ʝʉksəˈmɑːkərə
jukser	jʉksər
jukser	jˈuksɪ̞ɾ
jukset	jukset
jukset	jʉkˈsɛt
juksing	jʉksɪŋ
jul	jʉːl
jul	ʝʉːl
jula	juːlə
julaften	jʉlɑftn̩
julaften	jʉlɑftən
jule	juːlə
julebord	ʝʉːləbuːɖ
juledag	jʉːləɖɑː
juleferien	juleferiən
julefest	julefest
julefesten	ˈjʉːləˌfɛ̂stən
julegave	ʒuːlˈɛgavɛ
julegave	ˈjʉːləgɑːvə
julegaven	ˈjʉːləgɑːʋən
julegavene	ˈjʉːləgɑːʋənə
julegaver	ˈjʉːləgɑːʋər
juleglede	ˈjʉːləgleːdə
julekort	ʝʉːləkuʈ
julekortet	ˈjʉːləˌkɔʈə
julemiddag	ˈjʉːləˌmɪtɑː
julemirakel	ˈjʉːləˌmɪɾɑkəl
julen	jʉːlən
julenisse	ˈjʉːlənɪsə
julenissen	ˈjʉːlənɪsn̩
julenissens	ˈjʉːlənɪsn̩s
julens	ˈjʉːləns
julepresang	ʝʉːləpɾɛsɑŋ
julepynt	julepynt
juler	ʝʉːlɛr
jules	jʉːləʂ
julesanger	jʉːlə̀sæŋgər
julestemning	ˈjʉːləstɛmnɪŋ
julestjerne	ˈjʉːləstjæːɳə
juletider	jʉːləˈtiːɖəɾ
juletre	jʉːlətɾə
juletreet	jʉːlətrɛː
juletrær	juːlətræːr
juli	jɯˈli
juli	jʉːlɪ
juli	ˈjʉːlɪ
julia	jʉlɪɑ
julian	jʉːli̯ɑn
juliana	ˈjʉːliɑːnə
juliane	juliʔɑnli
julianna	ˈjʉːli̯ɑnːɑ
julianne	ˈjʉːli̯ɑnə
julias	ˈjʉːliɑs
julie	jʉːliː
julien	ˈjʉːliən
julies	ʝʉ̀ːɪ̯s
juliet	jʉˈliːɛt
julieta	ˈjʉːli̯ɛtɑ
juliette	ʝʉˈlɪtə
juling	jˈʉlɪŋ
julingen	jʉːlɪŋən
julio	jʉːliʊ
julius	jʉːliʉs
julte	jʉltə
july	jʉːlʏ
juma	jʉːma
jumbo	jʉmbo
jump	jʉmp
jun	jʉn
june	jynæ
june	jʉːn̩
jung	jɔŋ
jung	jʉŋ
jungel	jʊŋˈi
jungel	ʝʉŋːəl
jungelen	ʝʉŋːəlɛn
jungelens	ˈjʉŋːələns
jungle	ʝʉŋlə
jungler	ʝʊŋgɭ̞ɛr
juni	jʉ̀ni
juni	ˈjʉːnɪ
juniors	jʉniɔʃ
juniper	jʉnɪpɛɾ
junk	jʉŋk
junkie	jʉŋkɪ
junkien	jʉŋkɪən
junkier	jʉŋkɪɛ̯
juno	jʉːnɔ
juntao	ˈjʉntɑː
junuh	jʉ̀nʉ
jupiter	jʉpɪtɛr
jura	jʉːɾɑ
jurassic	jʉˈɾɑsɪk
juridisk	jʉˈɾiːdɪsk
juridisk	jʉːrɪdɪsk
juridiske	jʉːɾɪdɪskə
jurij	jʉːrɪ
jurist	juːrist
jurist	jʉˈɾɪst
juristen	jʉːrɪstɛn
juristene	jʉˈɾɪstənə
jurister	jʉːrɪstɛr
jury	jʉːɾʏ
jury	jʏri
juryen	jʉːʁɪən
jurymedlem	jʉːrʏmɛdlæm
jurymedlemmene	jʉːɾʏmɛdlɛmːənə
jurytjeneste	jʉːɾʏtʰjɛnɛstə
jus	jʉs
jusen	jʉ̀sən
juser	jˈʉsər
juss	jʉs
juss	jˈɪs
jussen	jʉsːn̩
jussi	jʉʂːɪ
jusstudiene	jʉsstyːdɪənə
jusstudiet	jʉsstuˈdʉɪ̯t
juster	ˈjʉstər
justerbar	jʉˈsteːɾbɑːɾ
justere	jʉˈsteːɾə
justere	ʝʉʃtəɾə
justerer	ˈjʉstəɾər
justeres	ˈjʉ̂stərəs
justering	ˈjʉːstərɪŋ
justeringer	ˈjʉːstərɪŋəʂ
justert	ʝʉstɛɾt
justerte	jʉˈʃtæɾtə
justesen	ʝʉstɛsn̩
justin	ʝʉstɪn
justine	ʝʉstɪnə
justis	ʝʉstɪs
justisdepartement	ʝʉstɪsdepɛʁmɛnt
justisdepartementet	ʝʉstɪsdepɛɾəˈmɛntɪt
justisminister	jʊ̞sˈtʲiːsmʲɪnɪ̞stɪ̞r
justisminister	ʝʉstɪsmɪnɪstɛr
justisministeren	ˈjʉstɪsmɪnɪstɛɾən
justisministerens	ˈjʉːstɪsmɪnɪstɛns
justismord	ʝʉstɪsmɔɾ
justitiarius	ˈjʉstɪtɪɑːrʉs
juul	jʉːl
juuso	juːsuː
juvel	jʉvəl
juvel	jˈʉvɛːl
juvelen	jʉvələn
juvelene	jʉvələnə
juveler	jʉvəlæɾ
juveler	jʉʋəˈleːɾ
juvelere	jʉvæːlera
juvelerne	jʉvæːlæːrnɑː
juvet	jʉvɛt
jyn	jʏn
jypling	jʏplɪŋ
jyplingen	jʏplɪŋən
jytte	jɪ̞tːæ
jytte	jʏtːə
jã	jɑː
jäger	jeːg̊ər
jåle	ˈjoːlə
jålete	jɑːlətə
jålete	ˈjoːlətə
jæ	jeː
jækla	jɛklɑ
jæv	jɛʋ
jævei	jeɪ̯vɛɪ̯
jævel	jeːvl̩
jævelen	jeːvlən
jævelens	jeːvl̥əns
jævelskap	jɛːvəlʃɑp
jævelskapen	ˈjæːvəlskaːpən
jævia	jeːvɪ́ɑ
jævla	jɛʋlə
jævlene	jɛʋləne
jævler	jɛvl̩
jævli	jeːʋli
jævlig	jɛʋlɪ
jævlig	ˈjæːʋlɪ
jævlige	ˈjæːʋlɪə
jævligere	ˈjæːʋlɪɾə
jævligst	ˈjæːʋlɪkst
jævligste	jeːʋlɪgsteː
jón	jɔn
jónsson	jɔnsɔn
jörgen	jɔːɾgən
jø	jø
jøde	jøːdə
jødedom	jø̞ndʒuːm
jødedommen	jœːdɛdɔmːən
jøden	jœdən
jødene	jøːdənə
jødenes	jøːdənɛs
jøder	jøːdøːr
jøder	jøːdər
jødesvin	jœ̀dɛsvɪn
jødisk	jøːdɪsk
jødisk	ˈjøːdɪsk
jødiske	jødiske
jøje	jœjə
jølsrud	jɘːlsrʉː
jønas	jøːnas
jørgen	jɔːgən
jørgensen	jɔrgənsən
jørn	jøːɳ
jørn-are	jɔːɳæɾɛ
jørund	jørun
jøss	jɘs
jøssda	jɔsːda
jøsse	jɘsːə
jøssenam	jɘsːn̥ɑm
jøssenavn	jɘːsɛnɑːvn
jøsses	jɔsːɛs
jøye	jøːjə
jćvla	ʝɕʋla
k2	kuː
ka	kɑː
kaan	kaːn
kab	ˈkɑːb
kabaret	kɑbɑˈɾeː
kabaretscene	kɑbɑˈɾeːseːnə
kabel	ˈkɑːbl̩
kabel-tv	ˈkɑːbəlˈtʋ
kabelen	ˈkɑːblən
kabelmannen	ˈkɑːbl̥ɑnən
kabinbagasje	kapiːnbaːgaʃɛ
kabinen	ˈkɑːbɪn̪ən
kabinett	ˈkɑːbɪnɛt
kabinettet	ˈkɑːbɪnətɛt
kablene	ˈkɑːblənə
kabler	kabler
kabler	ˈkɑːblər
kabriolet	ˈkɑːbɾiʉˌlɛt
kabrioleten	ˈkɑːbrɪuːlɛtn̩
kabul	ˈkɑːbʉl
kachinsky	kaʂɪnʂiː
kadar	ˈkɑːdɑr
kadaver	ˈkɑːdɑːvər
kadaveret	ˈkɑːdɑːvəɾə
kadavre	ˈkɑːdɑːvrə
kadett	ˈkɑdɛt
kadettene	ˈkɑːdətənə
kadetter	ˈkɑːdətər
kady	ˈkɑːdiː
kafe	ˈkɑːfə
kafeen	ˈkɑːfən
kafeer	ˈkɑːfɛər
kafeteria	ˈkɑːfətɛɾiɑ
kafeteriaen	ˈkɑːfətɛɾɪən
kaffe	ˈkɑfə
kaffe	ˈkɑfːə
kaffeautomat	kaffɛauːtːomat
kaffebar	ˈkɑːfəbɑːr
kaffebaren	ˈkɑfːəˌbɑːɳ
kaffebønner	ˈkɑfəbønər
kaffekjele	kaffɛkeele
kaffekopp	ˈkɑfːəˌkɔp
kaffekoppen	ˈkɑfːəˌkɔpːən
kaffemaskin	ˈkɑːfəˌmɑʂkɪn
kaffen	ˈkɑːfən
kaffepause	ˈkɑfəpæʉsə
kaffepause	ˈkɑfːəpɔʉ̯sə
kaffeplanter	kaffɛplˈantˀɛr
kaffetrakter	ˈkɑfətɾɑktəɾ
kaffetrakteren	kaffətraktɛrˈn
kaffetrakterne	kaffɛtraktɛrnɛ
kafé	kaːfeː
kafé	kɑˈfeː
kaféen	ˈkɑːfeːn
kaféer	kafˈær
kahn	kaːn
kaholmen	kohɔlmɯn
kahytten	kaːʏt̪ːən
kai	kaɪ̯
kai	kæɪ
kaia	ˈkæɪ̯ɑ
kaida	ˈkæɪ̯dɑ
kaidt	kaɪ̯t
kaidu	ˈkæɪ̯dʉ
kaien	ˈkæɪən
kaiene	ˈkæɪ̯ənə
kaiie	kaɪ̯ɪ̯
kaiier	kaɪ̯ːɛ̯r
kain	kaɪn
kains	kaɪns
kairo	kaɪ̯ɾuː
kairos	kaɪɾɔs
kaitlyn	kaɪtlynn
kaito	kaɪ̯tɔ
kaiya	kaɪja
kaja	ˈkɑjɑ
kajakk	kajak
kajakk	kɑjɑk
kajakk	ˈkɑjɑk
kaka	ˈkɑːkɑ
kakao	kako
kakao	ˈkɑːkɑʊ̯
kakaoen	kakauːən
kakaoen	ˈkɑːkɑu̯ən
kakaoer	kʰakɑoe̞r
kake	ˈkɑːkə
kakeboksen	ˈkɑːkəˌbɔksən
kakeform	kakfɔrm
kaken	ˈkɑːkən
kakene	ˈkɑːkənə
kakerlakk	ˈkɑːkəɭɑk
kakerlakken	ˈkɑːkəɭɑkən
kakerlakker	ˈkɑːkəlɑkər
kakespade	kakɛspadr
kakestykke	ˈkɑːkəstyːkə
kakkelovn	kakkiloːˈn
kakle	ˈkɑklə
kakse	ˈkɑksə
kaktus	ˈkɑktʉs
kaktusen	ˈkɑktʉsən
kal	kal
kal-el	kalɛl
kala	kalɑ
kalas-strandas	ˈkɑːlɑsˌstrɑndɑs
kald	kɑːl
kaldblodige	kalblɔɪjə
kaldblodigere	ˈkɑlbluːdɪɾə
kaldblodigst	ˈkɑlbluːdɪkst
kalddusj	kaldusj
kalde	kaldə
kaldere	kaldəɾə
kaldest	kalˈɛɬɪst
kaldeste	kald̥estə
kaldsvette	ˈkɑlsʋɛtə
kaldt	kal̥t
kaldt	kɑlt
kale	ˈkɑːlə
kaledonerne	kaləˈdeːnəɳə
kalender	ˈkɑːlənɛɖɐ
kalendere	kalendera
kalendere	kalɛndəɾə
kalenderen	kalɛndəɾən
kalenderen	kæɫɛndɪ̞rɪ̞n
kalendre	kalendr
kalesjen	kalɛʃɛn
kaley	ˈkæːlʏ
kali	ˈkɑːli
kaliber	kɑˈliːbɾ
kaliber	ˈkɑːlibəɾ
kalibrere	kɑlɪˈbɾeːɾə
kalibrere	ˈkɑːlɪbɾeːɾə
kalifat	kallefat
kalifatet	ˈkɑːlɪfɑtə
kalium	ˈkɑːliʊm
kalk	kal̥k
kalk	kɑlk
kalken	kalkən
kalkulator	kalkuˈluːtɔr
kalkulerer	kalkuˈleːɾər
kalkulert	kalkuləɾt
kalkulerte	kalkuləɾtə
kalkun	kalkʉn
kalkunen	kalkunən
kalkuner	kalkuːnər
kall	kal
kalle	kalːə
kalle	ˈkɑlə
kallelse	kallelsæ
kallen	kalːən
kallenavn	kalːənɑn
kallenavnet	kalːənɑvn̩t
kaller	kallə
kaller	kɐlːɪ̞r
kalles	kallə
kallesignal	kaləsignaɭ
kallet	kalːət
kalman	kalman
kalori	kaloːri
kalorier	kaloˈriːə
kalorier	ˈkɑːlɔɾɪɛɾ
kalosje	kɑˈlɔʂə
kalsitt	kalsɪt
kalsium	kalˈsiːʊm
kalt	kɑlt
kalte	kaltə
kaltenbach	ˈkɑːltənbɑx
kaltes	kaltes
kalv	kalv
kalv	kɑlʋ
kalvbent	ˈkɑlʋbeːnt
kalve	ˈkɑlʋə
kalven	kalvən
kalven	kɑːrvɛn
kalvene	kalvənə
kalver	kalvɛr
kam	kɑm
kam	kɑːm
kam	kɔm
kamal	ˈkɑːmɑːl
kambium	kambjɔm
kambodsja	ˈkɑmbɔtsjɑ
kamel	kameˈl
kamel	kɑmɛl
kamel	kɑˈmeːl
kamelen	ˈkɑːmələn
kamelene	ˈkɑːmələnə
kameleon	ˈkɑːməlʉːn
kameler	kɑˈmeːlɛɾ
kamera	ˈkɑːməɾɑ
kameraene	ˈkɑːmɑːɾənə
kameraer	ˈkɑːməɾɛɾ
kameraet	ˈkɑːmɛɾɑː
kameramann	ˈkɑːməɾɑːmɑn
kameramannen	ˈkɑːməɾɑˌmɑnːən
kamerat	kɑməˈɾɑːt
kamerat	ˈkɑːməɾɑːt
kameraten	ˈkɑːməɾɑːtən
kamerater	kamˈeːratər
kamerater	ˈkɑːməɾətɛɾ
kameratslig	kɑməˈɾɑːtʂɭɪ
kameratslige	kɑməˈɾɑːtʂɭɪə
kameratsligere	kɑməˈɾɑːtʂɭɪɾə
kamerun	ˈkɑːməɾʉn
kamfer	ˈkɑɱfəɾ
kamfjord	kɑːmfjuːɾ
kamilla	kamila
kamilla	ˈkɑmɪlɑ
kamille	ˈkɑːmɪlə
kamillete	ˈkɑːmɪlːɛtə
kamin	kʌmin
kaminen	ˈkɑːmɪnən
kaminsky	kɑˈmɪnski
kamma	ˈkɑmːɑ
kamme	ˈkɑmə
kammen	ˈkɑmːən
kammer	ˈkɑməɾ
kammer	ˈkɑmːər
kammerat	ˈkɑːmərɑt
kammeret	ˈkɑməɾɛt
kammerherre	ˈkɑmːərhæɾə
kammerpike	ˈkɑːmɚpɪkə
kammerset	kɑmːəʃɛt
kammertjener	ˈkɑːməɾtʃeːnər
kammertjeneren	ˈkɑmːəɾtʃeːnəɾ
kamp	kɑmp
kamp	ˈkɑmːp
kampanje	ˈkɑ̀mpæɲjə
kampanjeleder	ˈkɑmpɑnjəˌleːder
kampanjen	ˈkɑmpɑnjən
kampanjer	ˈkɑmpɑnjər
kampdyktig	kampdʏktʲɪ
kampen	kampən
kampen	ˈkɑmpən
kampene	ˈkɑ̀mːənə
kampens	ˈkɑ̀mpəns
kamper	kamˈpˈe
kamper	ˈkɑmpər
kampklare	ˈkɑmːkɭɑːɾə
kamprad	ˈkɑːmprɑːd
kampsport	ˈkɑmspɔʈ
kampstasjonene	ˈkɑmpstɑːʃuːnə
kamre	ˈkɑːmrə
kamuflasje	ˈkɑːmʉflɑːʃə
kamuflasjen	ˈkɑːmʉflɑʃən
kamuflere	kɑmʉˈfleːɾə
kamuflere	ˈkɑːmʉfləɾə
kamuflert	ˈkɑːmʉflæɾt
kan	kɑn
kanaan	kɑˈnɑːn
kanadier	kɑnɫɑdiːeɾ
kanadier	ˈkɑːnɑɪ̯dɛɾ
kanadiere	ˈkɑːnɑːdɪəɾə
kanadisk	kɑnɑdɪsk
kanadisk	kɑˈnɑːdɪsk
kanadiske	kɑnɑdɪskə
kanal	kaːnal
kanal	ˈkɑnɑl
kanalen	kaːnɑːlən
kanalene	kanoːrnːɑ
kanalene	ˈkɑːnɑːlənə
kanalens	ˈkɑːnɑːləns
kanaler	ˈkɑːnɑːlɛɾ
kanalisere	kɑnɑlɪˈseːɾə
kanan	ˈkɑːnɑn
kananga	ˈkɑːnɑŋɑ
kanarifugl	ˈkɑːnɑɾɪfʉɭ
kanarifugler	ˈkɑːnɑɾifʉgəlɑɾ
kanarigul	kanɑːrʲiːgʏl
kanariøyene	ˈkɑːnɑɾiˌø̂ʏnə
kandahar	ˈkɑːndɑːɑːr
kandi	ˈkɑndi
kandidat	ˈkɑːnɪdɑːt
kandidatene	ˈkɑːnɪdɑːtənə
kane	kaːnə
kanel	ˈkɑːnəl
kanelboller	ˈkɑːnəlˌbɔləʂ
kanelen	kaneˈl
kanes	kaːnəs
kang	kaŋ
kaniel	kaːniɛ̯l
kanin	kɑnˈiːn
kanin	ˈkɑːnɪn
kaninbur	k̝aniːnbur
kaninen	ˈkɑːnɪn̩
kaninene	ˈkɑːnɪnə
kaniner	ˈkɑːnɪnər
kaninhullet	ˈkɑːnɪˌhʉlːət
kanjeg	kɑnjɛ
kanna	knɑnː
kannen	ˈkɑnːən
kanner	kanne
kanner	ˈkɑnːər
kannibal	ˈkɑnɪbɑl
kannibalen	ˈkɑnɪbɑːlən
kannibaler	ˈkɑnɪbɑːlɛɾ
kannibalisme	ˈkɑnɪbɑlɪsmə
kano	ˈkɑːnu
kano	ˈkɑːnʊ
kanoen	ˈkɑːnʉːn
kanoene	ˈkɑːnuːnə
kanon	ˈkɑːnɔn
kanonball	ˈkɑːnɔnbal
kanonen	ˈkɑːnɔn̩
kanonene	ˈkɑːnɔnə
kanoner	ˈkɑːnʊnər
kanonføde	ˈkɑːnɔnˌføːdə
kansas	ˈkɑːnəs
kansellere	kɑnsəˈleːɾə
kansellere	ˈkɑnsɛləɾə
kansellert	ˈkɑnsɛləɾt
kansellerte	ˈkɑnsɛlʈə
kansje	ˈkɑ̀nʂə
kanskje	ˈkɑːnʃə
kansler	kˈanslər
kansler	ˈkɑ̀nslə
kansleren	ˈkɑnsləɾən
kant	kɑnt
kant	kɑːnt
kant	kˈant
kantareller	kantarellɛ
kanten	ˈkɑːntən
kantene	ˈkɑːtnə
kanter	kantˀɛr
kanter	ˈkɑːntər
kantina	kantˀiːna
kantina	ˈkɑːntɪnɑ
kantine	ˈkɑːntiːnə
kantinen	ˈkɑːntɪn̩
kantre	kantrˈe
kantre	ˈkɑntɾə
kantret	ˈkɑːntrɛt
kanyler	ˈkɑːnʏləɾ
kaos	ˈkɑːɔs
kaos-morderen	kɑːɔ́ːsmɔ́ːɾən
kaoset	kɑːɔsɛt
kaotisk	kɑˈuːtɪsk
kaotisk	ˈkɑːu̯tɪsk
kap	kap
kapabel	kɑˈpɑːbəl
kapabel	ˈkɑːpɑːbəl
kapable	ˈkɑːpɑːblə
kapasitet	ˈkɑːpɑsɪtɛt
kapasiteten	kɑpɑsɪtɛn
kapell	kapˈæl
kapell	kɑˈpɛl
kapell	ˈkɑːpɛɭ
kapellet	ˈkɑːpələt
kapillar	koːˈpilˌɔɾ
kapital	kɑpɪˈtɑːl
kapital	ˈkɑːpɪtɑːl
kapitalisme	ˈkɑːpɪtɑːlɪsmə
kapitalismen	ˈkɑːpɪtɑːlɪsm̩
kapitalist	ˈkɑpɪtɑlɪst
kapitalister	ˈkɑːpɪtɑːlɪstər
kapitalistisk	kapitalˈɪstisk
kapitalistisk	kɑpɪtɑˈlɪstɪsk
kapitel	ˈkɑːpɪtəl
kapitlene	ˈkɑːpɪtləne
kapitler	kapiˈlɪɾ
kapitler	ˈkɑpɪtlər
kapitlet	ˈkɑːpɪtl̩
kapittel	ˈkɑːpɪtəl
kapittelet	ˈkɑpɪtəl
kapitulasjon	kɑpɪtʉlɑʃuːn
kapitulere	kɑpɪtʉˈleːɾə
kapitulere	ˈkɑːpɪtʉˌɭæɾə
kapitulerer	ˈkɑːpɪtʉˌlæɾər
kapitulert	ˈkɑːpɪtʉˌlæɾt
kapitulerte	ˈkɑːpɪtʉˌlæɾtə
kaplan	ˈkɑːplɑn
kapoor	ˈkɑːpʉːr
kapp	kap
kapp	ˈkɑpː
kappa	ˈkɑpːə
kappe	ˈkɑpə
kappe	ˈkɑpːə
kappen	kappən
kappen	ˈkɑpːən
kapper	kapːɛ
kapper	ˈkɑpːər
kappes	ˈkɑpəs
kappet	ˈkɑpət
kappkjøre	ˈkɑpçøːɾə
kappkjøre	ˈkɑpːkjøːɾə
kappløp	kapaløp
kappløp	ˈkɑpløːp
kappløp	ˈkɑːplœp
kappløpet	ˈkɑːplœːpət
kappverdisk	kapˀværdisk
kapre	ˈkɑːprə
kapre	ˈkɑːpɾə
kaprer	ˈkɑːprər
kapreren	ˈkɑːprəɳ
kaprerne	ˈkɑːprəɳə
kapret	kapɾet
kapret	ˈkɑːrɾət
kapring	kɐpriːnˈ
kapring	ˈkɑːrɪŋ
kapringen	ˈkɑːpɾɪŋən
kaps	kapˈs
kapsel	kapsɛl
kapsel	ˈkɑpsəl
kapselen	ˈkɑpsələn
kapslene	kapʂlənə
kapsler	ˈkɑːpslɛr
kaptein	kɑpˈtæɪn
kapteinen	ˈkɑːptəɪn
kapteinene	ˈkɑːptæɪ̯nənə
kapteinens	ˈkɑːptæɪnəns
kapteiner	ˈkɑːptəɪnər
kaputt	kɑˈpʉt
kaputt	ˈkɑpʉt
kar	kaːr
kar	kɑːɾ
kara	ˈkɑːɾɑ
karaffel	kɑˈɾɑfəl
karafler	karaflɛr
karakorum	ˈkɑːɾɑkɔɾʉm
karakter	kɑrɑktɛr
karakterene	ˈkɑːɾɑkˌteːɾənə
karakterer	ˈkɑːɾɑkˌtæɾər
karakurt	ˈkɑːɾɑːkʉʈ
karamell	karamɛl
karamell	ˈkɑːɾɑmɛɭ
karameller	kɑramelleɾ
karameller	ˈkɑːɾamɛlɐr
karantene	ˈkɑːrɑntn̩ə
karantenen	ˈkɑːrɑntn̩n̩
karasjok	karaʃok
karat	ˈkɑːrɑt
karate	ˈkɑːɾɑːtə
karavane	kɑːɾɑːvɑːnə
karavanen	kaːɾaːvɑːn̩
karbon	karbun
karbon	kɑɾbɔn
karbondioksid	kɑːɾbɔnˈdiːɔksɪt
karbonfiber	kɑɾbɔnfiːbɛ́ɾ
karbonmonoksid	kaːrbuːnˈmɔnoksid
kardashian	ˈkɑːɾdɑːʃɪɑːn
kardinal	ˈkɑːɾdɪnɑːl
kardinalen	ˈkɑːɾdɪnɑːlən
kardinalene	ˈkɑːɾdɪnələnə
kardinalens	ˈkɑːɾdɪnələns
kardinaler	ˈkɑːɾdɪnɑːlɛɾ
kardiolog	kɑɾdiɔlɔg
kare	kara
kareem	ˈkɑːɾeːm
kareena	ˈkɑːɾeːnɑ
karen	ˈkɑːɾən
karene	ˈkɑːrənə
karens	kɑːrəns
karenslyst	karənslyst
karer	kɑːrɛɾ
karet	ˈkɑːɾət
kari	kɑːɾɪ
karianne	ˈkɑːrɪɑːnə
karibia	ˈkɑːriːbɪɑ
karibien	ˈkɑːrɪbɪən
karibiske	ˈkɑːrɪbɪskə
karikatur	kaɾikatɯɾ
karikere	kɑɾɪˈkeːɾə
karim	ˈkɑːrɪm
karin	ˈkɑːrɪn
karina	karima
karina	ˈkɑːrɪnɑ
karine	ˈkɑːrɪnə
karisma	ˈkɑːrɪsma
karismatisk	kɑɾɪsmaˈtɪsk
karl	kaːɭ
karla	kaʂla
karls	kɑɭs
karlsson	kɑːɭsɔn
karlyna	ˈkɑːɭʏnɑ
karma	ˈkɑɾmɑ
karmaen	kɑɾmɑən
karnas	ˈkɑːrnɑs
karneval	ˈkɑːɳəʋɑl
karneval	ˈkɑːɳəʋɑːl
karnevalet	kɑːɳəˈvɑːlɛt
karosseriet	ˈkɑːrʊsəɾɪt
karpe	ˈkɑːɾpə
karpen	kɑˈrɯpɯn
karpov	ˈkɑːɾpɔʋ
karras	ˈkɑrːɑs
karri	ˈkɑrɪ
karriere	ˈkɑːrɪəɾːə
karrierejeger	kʲɛrʲiːjæːrɪ̞jɛ̞gɪ̞r
karrieren	ˈkɑːrɪɛːɳ
karrierene	ˈkɑːrɪəɾənə
karrierer	kɑˈʁiːɛɾ
karrige	ˈkɑɾɪə
karrigere	ˈkɑɾɪɾə
karrigst	ˈkɑɾɪkst
karrigste	ˈkɑɾɪkstə
karstark	kɑːrʂtaɾk
karsten	ˈkɑːʂtən
kart	kɑʈ
kart	kɑːɾt
kartell	ˈkɑːrtɛɭ
kartellene	ˈkɑːrtələnə
karteller	kɑːrtɛlɛr
kartellet	ˈkɑːɾtələt
kartene	ˈkɑːɾtənə
kartet	kɑtˈtə
kartet	ˈkɑːɾət
kartlagt	kɑːɾtlɑːgt
kartlegge	kɑːɾtˈlegːə
kartlegge	ˈkɑʈlæɪə
kartlegger	ˈkɑːɾtlegːər
kartlegging	ˈkɑːɾtləgɪŋ
kartografi	kaːʈograːfe
kartong	kɑːrtɔŋ
kartongen	katrɔŋin
kartongen	ˈkɑːʈɔŋn̩
kartonger	kart̪oŋɪr
kartonger	ˈkɑːrtɔŋə
karusell	ˈkɑːrʉsɛl
karusellen	ˈkɑːrʉsələn
karuseller	ˈkɑːrʉsɛlɐr
karve	kɑɾʋə
karyatide	karjatida
kasakhstan	ˈkɑːsɑːkʰstɑːn
kaserne	kassaːne
kasernen	kasa˩˥ːni
kasernen	ˈkɑːʃəɳəɳ
kaserner	kasaneɾ
kashmir	ˈkɑʃmɪr
kasidy	ˈkɑsidy
kasim	ˈkɑːsɪm
kasino	ˈkɑːsɪnʊ
kasinoene	ˈkɑːsɪnʊənə
kasinoet	ˈkɑːsɪnʊɛt
kasjotten	ˈkɑʃɔtən
kask	kask
kasper	kɑspɯr
kasper	ˈkɑːspər
kaspihavet	kaspihavɛ
kassa	kassa
kassa	ˈkɑsːɑ
kassaapparatet	ˈkɑsɑɑpɑɾət
kassandra	ˈkɑsɑðrɑ
kassasuksess	kassasʉksˈɛ
kasse	kɑsːə
kasse	ˈkɑsə
kassedame	kaszadaːma
kassen	ˈkɑsən
kassene	ˈkɑsːənə
kasser	ˈkɑsər
kassere	kɑˈseːɾə
kasserer	kɑˈseːɾəɾ
kasserer	ˈkɑsəɾə
kasserere	kassiɛrvæ
kassereren	ˈkɑsəɾən
kassert	kassɛrt
kassett	ˈkɑsət
kassett	ˈkɑsɛt
kassetten	ˈkɑsɛtn̩
kassettene	ˈkɑsɛtənə
kassetter	ˈkɑsɛtər
kassettspiller	kɑˈsɛtspɪləɾ
kassie	ˈkɑsiː
kast	kast
kast	kɑʂ
kasta	ˈkɑstə
kastanjene	kastɑnjænæ
kastanjer	ˈkɑstɑnjər
kaste	ˈkɑstə
kaster	ˈkɑstər
kaster	ˈkɑstəɾ
kasteren	ˈkɑːstərən
kastes	ˈkɑstəs
kastet	ˈkɑstət
kastrere	kɑˈstɾeːɾə
kastrere	ˈkɑːstrəɾə
kastrering	ˈkɑːstrɛɳ
kastrert	ˈkɑːstrəɾt
kastrerte	ˈkɑːstrəɾtə
kat	kɑːt
katakombene	ˈkɑːtɑːkɔmbənə
katalog	ˈkɑːtɑɭɔg
katalogen	ˈkɑːtɑːlɔgən
katalogisere	kɑtɑlɔgɪˈseːɾə
katalysator	ˈkɑːtɑlʏsɑtʊr
katalysatoren	ˈkɑːtɑlʏsɑtɔɳ
katana	ˈkɑːtɑːnɑː
katapult	ˈkɑːtɑpʉlt
katarina	ˈkɑːtɑːrɪnɑː
katastrofal	kɑtɑstɾʊˈfɑːl
katastrofal	ˈkɑːtɑstrɔfɑːl
katastrofale	kɑtɑstɾɔfɑlɛ
katastrofe	katastroːfɛ
katastrofe	ˈkɑːtɑstrɔːfə
katastrofer	katastroːfˈi
katastrofer	ˈkɑːtɑstrʊfər
katatonisk	ˈkɑːtɑːtɔnɪsk
kate	katə
katedral	kɑtəˈdɾɑːl
katedral	ˈkɑːtɛɖɑːl
katedralen	ˈkɑːtɛɾɑːlən
kategori	katəguːriː
kategori	ˈkɑːtəgɔːɾiː
kategorien	katəgʊriːˈɛn
kategorien	ˈkɑːtəguːrɪən
kategorisk	kɑtəˈguːɾɪsk
katelin	ˈkɑːtəlɪn
katerina	ˈkɑːtəɾɪnə
kates	katəs
kateter	ˈkɑːtəɾ
kateteret	ˈkɑːtətəɾət
katharina	katarina
katharina	ˈkɑːtʰɑɾɪnɑ
katharine	ˈkɑːtʰɑɾɪn
katherine	ˈkɑːtʁɪn
kathie	ˈkɑːtɪ
kathleen	ˈkɑːtliːn
kathrine	katsrina
kathrine	ˈkɑːtʁɪnə
kathryn	ˈkɑːtɾɪn
kathy	ˈkɑːtʏ
katia	ˈkɑːtɪə
katie	ˈkɑːtɪ
katies	ˈkɑːtɪəs
kation	katio
katja	ˈkɑtjɑ
katniss	ˈkɑːtnɪs
kato	ˈkɑːtʊ
katolikkene	ˈkɑːtulɪkənə
katolikker	ˈkɑtɔlɪkər
katolsk	kɑˈtuːlsk
katolske	ˈkɑːtɔlʃə
katrina	ˈkɑːtrɪnɑ
katrine	ˈkɑːtɾɪnə
kats	katʂ
katsumoto	katˈsʉmʊtʊ
katt	kat
katt	kok
katt	kɑt
katt	kɑtː
katta	kɑtːɑ
katta	kˈatta
katte	katə
katte	kˈatːə
katte	ˈkɑtə
kattegat	ˈkɑtːəgɑt
kattemat	ˈkɑtːəmaːt
katten	katn̩
kattene	katːənə
kattepus	katəpʉs
katter	kattɯ̞r
katter	ˈkɑtːər
katthult	katːʉlt
kattunge	katːʉŋə
kattungen	katːʉŋː
kattungene	ˈkɑtʉŋnə
kattunger	ˈkɑtʉŋər
katy	katɪ
katya	ˈkɑːtʏɑ
katz	katʂ
kaufman	ˈkɑʊ̯fman
kaulder	ˈkɑʊ̯lɖɛɾ
kaunas	kauːnas
kausjon	ˈkɑʊ̯ʂuːn
kausjonen	kuːsjɔn̩
kautokeino	kaʏtʊkajnu
kavaler	ˈkɑːʋɑːlɛɾ
kavaleren	ˈkɑːvəlæɾən
kavaleri	ˈkɑːvəlæɪ̯ɾɪ
kavaleriet	ˈkɑːʋɑːləɾɪət
kavalerist	ˈkɑːʋɑːlɛɾɪst
kave	ˈkɑːʋə
kaviar	kavɯjaɾ
kaviar	ˈkɑːʋɪɑːr
kavring	kavrˈiŋ
kavringen	kavrinˈgin
kavringer	kavrɪŋər
kay	kaɪ̯
kaya	ˈkɑːjɑ
kaye	kaɪ̯
kayla	ˈkɑɪlə
kaylee	ˈkæɪli
kayleigh	ˈkæɪlɛɪ
kazakhstan	kaˈzɑːxstɑːn
kazon-skip	ˈkɑːsɔnˌʂɪp
keating	ˈkeɪtɪŋ
keaton	ˈkeɑːtn̩
keats	keːts
keefe	keːf
keefer	çæɪfɐ
keegan	ˈkeːgən
keeler	ˈkeːlɐr
keeley	ˈkeːlːə
keen	kiːn
keen	kʰiːn˥˥
keene	ˈkæːnə
keens	çeːns
keep	kiːp
keeper	ˈkeːpər
kefir	kafi
kefir	tɛfɪr
kehoe	ˈçøː
keiko	çæɪkʊ
keiser	kajsɯ̞r
keiserinne	çæɪsəɾɪnə
keiserinne	ˈçæɪ̯səɾɪnə
keiserinnen	ˈçæɪ̯səɾɪnə
keiserinnens	ˈçæɪ̯səɾɪnən
keiserlige	ˈçæɪ̯sɛɭjə
keiserriket	ˈçæɪ̯sərɪkət
keisersnitt	ˈçæɪ̯ːsəɾnɪt
keisha	ˈçæɪʃɑ
keitete	ˈçæɪtətə
keith	çæɪθ
keiths	çæɪts
kel	kɛl
keld	çæɭ
kellen	ˈkɛlːən
kellerman	ˈkɛlərmɑn
kelley	ˈkɛlə
kelli	ˈkɛlːɪ
kellogg	ˈkɛlɔg
kelly	çɛlːi
kelner	çɛlnər
kelner	ˈkɛlnəɾ
kelnere	kelnere
kelnere	çɛlnəɾə
kelneren	çælnəɾən
kelso	çælsɔ
kelterne	çɛltn̩ɾə
keltisk	çɛltɪsk
kelvin	ˈkɛlvɪn
kemneren	çæmnəɾən
kemp	çæmp
ken	çæ̀n
kenai	ˈçæːnɑɪ
kendall	ˈkɛndɑːl
kenguru	ˈçæŋːʉɾʉ
kenguruer	ˈçæŋgʉːɾʉːɾ
kenji	çæɲi
kenna	çɛnːɑ
kennedy	ˈkɛnːɪ
kennedys	ˈçɛnːɛs
kennel	ˈkɛnəl
kennen	ˈkənən
kenner	çɛnːər
kenny	kenne
kensington	ˈkɛnsɪŋtən
kent	çænt
kentley	çɛntlæɪ
kents	çɛnʈs
kentucky	ˈkɛntʉki
kenyon	çæjnɔn
keramikk	kɛːrˈaːmˈɪk
keramikk	çɛɾɑːmɪk
keramiske	sɛɾamɪsgæ
kermit	çæɾmɪt
kern	kɛɳ
kerouac	ˈkæɾuɑk
kerr	çæɾ
kershaw	çæɾˈʂɑːʋ
kesse	ˈkɛsːə
kessler	ˈkɛsləɾ
ketamin	kɛtɑmɪn
ketcham	ˈkɛtʃʰɑm
ketchup	çɛtʃʉp
ketsjup	çɛʃʉp
kettleman	ˈkɛtləman
kev	çæʋ
kevins	çæʋɪns
kevlar	ˈkeːvlɑːr
kevorkian	ˈkeːvɔrkɪɑn
keyshawn	ˈkeɪʃɔːn
kfc	kɛfː
kgb	kgɛb
khaled	ˈkɑːlɛd
khaleesi	ˈkɑːlɛːsɪ
khalek	ˈkɑːlɛk
khalid	ˈkɑːliː
khalil	ˈkɑːlɪl
khama	ˈkʰɑːmɑ
khan	çɑːn
khanbalik	çɑnbɑlɪk
khanbaliq	çɑːnbalɪk
khanen	ˈkʰɑːnən
khaner	çɑːnər
khans	çɑːns
khartoum	ˈkɑːrtʉm
kharun	çɑːɾʉn
khrusjtsjov	krʉʃːɕɔʋ
khuram	çʉːɾɑm
kia	tio
kia	çɪɑː
kiar	çɪɑːr
kiarer	çɪɑːɾə
kibbutz	ˈkɪbʉts
kiberg	ʃiːbæɾk
kick-ass	çɪkʰɑsː
kicking	ˈkɪkɪŋ
kidd	çɪd
kidnappe	ˈkɪdnɑpə
kidnapper	kje̞nopper
kidnapper	çɪdˈnɑpər
kidnappere	çɪˈnapəɾə
kidnapperen	çɪd̥nɑpːɛɾən
kidnapperne	çɪdnapɛɾnə
kidnapping	çɪdnɑpɪŋ
kidnappinger	çɪdnɑŋɪŋɐ
kiel	çɪɛ̯l
kikert	çiːkɛʈ
kikhoste	çiːkhʊstə
kikhoste	çɪkˈhɔstə
kikker	çɪkːər
kikkert	çɪkːəɾt
kikket	çɪkːə
kilde	ʃuɫna
kildekode	kildakoda
kilden	siɫtɪ̞ŋ
kildene	çɪldənə
kilder	ʃiːlˈdæɾ
kile	çɪlə
kilen	çɪlən
kiler	skiːlər
kiley	ˈkɪlə
kilgrave	çɪlˈgɾɑːvə
kili	çɪlɪ
kilimanjaro	ˈkɪlɪmɑnˌdʒɑːɾuː
kill	çɪl
killian	çɪlɪɑːn
killing	ʃælˈlɪŋ
killing	ˈkɪlɪŋ
kilo	kiːloː
kiloen	kiːlɔən
kiloene	kiːloːnə
kilometer	ˈkɪləmeːtər
kilometers	kiːlɔmɛːɾs
kilt	kjlt
kilte	siːlta
kim	kim
kim	çɪm
kima	çɪmɑ
kimba	çɪmba
kimberly	çɪmbɛɭi
kimble	çɪmblə
kime	siːma
kimmel	çɪməl
kimmo	çɪmːʊ
kimmy	çɪmɪ
kims	çɪms
kimære	kɪˈmæːɾə
kina	çɪnɑ
kinaputt	çɪnɑpʉtː
kinaputter	çɪnɑpʉtːər
kinarestaurant	çɪnɑːrɛstɔrɑːnt
kincaid	çɪnˈkɛɪ̯ː
kine	kina
kineser	çɪˈnɛsər
kineser	ʃiːnɪsˈɪɾ
kinesere	çinɛsɛrɛ
kineseren	çɪnəsɛrən
king	çɪŋ
kingmaker	çɪŋmɑkɑr
kingo	çɪŋɔ
kingsley	çɪŋsleɪ
kingston	ˈkɪŋstɔn
kinkige	ˈçɪŋkɪə
kinky	çɪŋkɪ
kinn	ɕjɛn˥˥
kinnbein	sɪnˈbaɪn
kinnbein	çɪnːbæɪ̯n
kinnskjegget	çɪnːskjɛgːə
kino	kino
kinoer	çɪnʊər
kinshasa	kinsasa
kiosken	kiˈɔskn̩
kiosker	kʰoːskɛr
kiowa	ˈçɪʊɑ
kiowaene	ˈçiu̯ɑːnə
kip	çɪp
kiras	ˈkiːɾɑs
kirchner	çɪrçnɛr
kirka	çɪɾkɑ
kirke	ʃi̠rʲɪkæ
kirkegata	sirkegata
kirkegjenger	çɪɾkəgjɛŋər
kirkegulvet	çɪrkəgʉlvət
kirkegård	çɪɾkəgoɾ
kirkegård	çɪɾkəgoːɾ
kirkegårder	çɪɾkəgoːɾdər
kirkeklokkene	çɪɾkəklɔkːə
kirken	ɕirkæn
kirker	si̠ɾkɪ̞ɾ
kirker	çɪr̥kər
kirkes	çɪɾkə
kirketårnet	çɪrkəˈtoːn̥
kiropraktor	çɪɾɔpɾɑktɔɾ
kirsebær	ˈçɪʂəbæːɾ
kirsebærpai	çɪɾsəˈbæɾpæɪ
kirurg	çɪɾʉɾg
kirurg	çɪɾˈʉɾg
kirurgen	çɪrʉɾgən
kirurgene	çɪˈɾʉgənə
kirurger	çɪˈrʉgəɾ
kirurgi	çɪˈrʉgi
kirurgiske	çɪˈrʉgɪskə
kis	kˈiːs
kisen	çɪsn̩
kiste	çɪstə
kiste	ˈçɪstə
kisten	ʃistˈiːn
kistene	çɪstənə
kister	çɪstər
kitai	çɪtɑɪ
kittel	tjttil
kittredge	çɪtɾɛɪ̯g
kiwi	çɪʋɪ
kiyoko	kiːjɔkɔ
kjaere	çæɪ̯ːɾə
kjaereste	çæɾɛstə
kjake	ˈçɑːkə
kjappe	ˈçɑpə
kjappere	çæpːɛɾə
kjappis	çɑpɪs
kjare	çæɾə
kje	çeː
kjedelig	ˈçeːdəlɪ
kjedelige	çɛːdəlɪgə
kjedelige	ˈçeːdəlɪə
kjedeligste	kjˈɛdlɪkstə
kjedeligste	çeːdəlɪçstɛ
kjeden	çɛːdn̩
kjedene	çɪːd̥ənə
kjedsomhet	çæɪ̯sɔmhɛt
kjedsomheten	çeːsɔmhɛtən
kjeft	çæft
kjeft	çɛft
kjefte	kjeftə
kjefte	çɛftə
kjefte	ˈçɛftə
kjeften	çɛftn̩
kjefter	kʲɛftər
kjeftet	kjeftɛd
kjeftet	çɛft̪ə
kjeglene	çɛgləˈnə
kjekkas	çɪkɑs
kjekkasen	çɪkɑsɛn
kjekken	çɪkːən
kjekkere	çɪkəɾə
kjekkest	sʃɛkːɛst
kjekkeste	çɪkːəstɛ
kjeks	çæɪks
kjeks	çɛks
kjeksen	çɛksn̩
kjeksene	çɛksnə
kjeldsen	çɛlsən
kjele	çɛlə
kjelen	çɛlən
kjelke	çɛlkə
kjell	çɛɭ
kjeller	ˈçɛləɾ
kjellfrid	sjˈɛlfrid
kjeltring	çɛ́lːtrɪŋ
kjeltringen	çɛlːtrɪŋən
kjeltringer	çɛ́lːtrɪŋər
kjemi	çɪmɪ
kjemien	çəˈmɪən
kjemikalie	çɛmɪkɑˈliː
kjemikaliene	çɛmɪkɑlɪən
kjemikalier	çɛmɪkɑˈliːər
kjemiker	çɪmɪkɛr
kjemiker	ˈçeːmɪkəɾ
kjemikeren	çəˈmɪkəɾən
kjemmet	çɛmːət
kjemoterapi	çɛ̀mɔtɛrɑpɪ
kjemp	çæmp
kjempe	çɛmpə
kjempe	ˈçɛmpə
kjempebra	çɛ̀mpəbɾɑ
kjempedårlig	çæmpɛdɔːlɪ
kjempefest	çæmpəfɛst
kjempefin	çɛ̀mpəfɪn
kjempefine	çæmpəfiːnə
kjempefint	çæmpəfɪnt
kjempeflott	çɛ̀mpəflɔtː
kjempefort	çæmpəfɔʈ
kjempeglad	çɛmpəgɭɑː
kjempegodt	çæmpɛgɔt
kjempegrei	çæmpəgɾæɪ
kjempegøy	çɛmpɛgøː
kjempeidiot	çɛmpəiːdɪɔt
kjempeidé	çæmpeˈiːdə
kjempejobb	çæmpəjɔb
kjempekul	çæmpəkuːl
kjempekult	çɛmpəˈkʉlt
kjempelenge	çæmːpəlɛŋə
kjempemorsom	çjɛmpəmɔʂsɔm
kjempemorsomt	çjɛmpəˈmɔrsɔmt
kjempen	çæmpən
kjempende	çɛmpɛndə
kjemper	çæmpɛr
kjempes	çæmpəs
kjempesint	çæmpəˈsɪnt
kjempesmart	çæmpəsmɑːɾt
kjempespennende	çjɛmpəspɛndə
kjempestor	çæmpəstɔr
kjempestort	çæmpəstɔɾt
kjempesuksess	çæmpəsʉksɛs
kjempesulten	çæmpəsʉltən
kjempesur	çæmpəsʉːr
kjempesøt	çæmpəˈsøːt
kjempesøtt	çæmpəˈsœt
kjempetabbe	çjɛmpəˈtɑbːə
kjempetrøbbel	çæmpətrœbəl
kjempevanskelig	çæmpəʋɑːnskiːlɪ
kjendis	çɛnːɪs
kjendisene	çɛndɪsən
kjenne	çɛnːə
kjennelse	çɛnːɛlsə
kjennelsen	çɛnːəlsən
kjennemerke	ˈçɛnəmæɾkə
kjennerjeg	çɛnːɛrjɛg
kjennetegn	çɛnːətæɪŋ
kjennetegner	çɛnːətɛŋnər
kjennetegnet	çɛnːətɛgn̩
kjennskap	çɛnːʃkap
kjensgjerningene	çɛnsgjɛɳɪŋɛnə
kjent	çɛnt
kjentes	çɛnts
kjepp	çɛp̚
kjepper	çɪpːər
kjepphøy	çɛphøɪ
kjer	ʃˈɑɹ
kjerne	çæɳə
kjerne	ˈçæːɳə
kjernefysiske	çɛːɳəfiˈsɪskə
kjernekar	çæɳkɑːr
kjernemelk	ˈçæɳəmɛlk
kjernemjølk	ˈçæɳəmjœlk
kjernen	çɛːɳəɳ
kjernesunn	ˈçæːɳəsʉn
kjerra	çæɾːɑ
kjerringene	çæɳɪŋɛnə
kjerringer	çɛ́ːrɪŋɛr
kjetter	çɛt̪ːər
kjetterske	çɛtɾ̥sɛ
kjeve	sjæva
kjeven	çɛʋən
kjevene	çɛːvən
kjevle	ˈçɛʋlə
kjip	ʃˈip
kjokkenet	çɔkːənɛt
kjolen	çʉːlən
kjoper	çʉpɛr
kjã	çæ
kjæft	çæft
kjæle	çæːlə
kjæledegge	çæ̀ːlədegːə
kjæledyr	çæːlədyːr
kjæledyrene	çæːlədyːɾən
kjælenavn	çæːlənɑːvn
kjælenavn	ˈçæːlənɑʋn̩
kjælenavnet	çæːlənɑʋn̩
kjære	çæɪ̯ːɾə
kjære	ˈçæːɾə
kjæreste	çæːɾɛstə
kjæreste	ˈçæːɾəstə
kjæresten	çæːɾɛstən
kjærestene	çæːɾəstənə
kjærestens	çæːɾɛsn̩
kjærester	çæɪ̯ːɛstə
kjærestes	çæɾɛstəs
kjæriighet	çæɾɪɪgʰøt
kjærkommen	ˈçæːɾkɔmən
kjærlig	çæɭɪg
kjærlige	çæɭɪgə
kjærlighet	çæɭɪgʰɪt
kjærlighet	ˈçæːɭɪheːt
kjærlighetshistorie	çæɭɪghɛtshɪstɔɪ̯ə
kjærlighetshistorier	çæɭɪghɛtshɪstɔɪɾɪ
kjærlighetsliv	çæɭɪghɛtslɪʋ
kjærlighetslivet	çæɭɪghɪtslɪvət
kjærlighetssang	çæɭɪgɑtsːɑŋ
kjært	çæːɾ̥t
kjærtegne	çæɾˈteːɲə
kjød	çøː
kjødelig	çøːdəlɪ
kjødelig	ˈçøːdəlɪ
kjødelige	çøːdəlɪgə
kjødelige	ˈçøːdəlɪə
kjødeligere	ˈçøːdəlɪɾə
kjødeligst	ˈçøːdəlɪkst
kjødeligste	ˈçøːdəlɪkstə
kjøkken	çʉkːən
kjøkken	ˈçœkn̩
kjøkken	ˈçœkən
kjøkkenbordet	çʉkːənbɔɾː
kjøkkenet	çʉkːənət
kjøkkengulvet	çøkːəŋgʉlt
kjøkkenkniv	çʉkːənknɪʋ
kjøle	ˈçøːlə
kjøleelement	çøːləɛlɛmɛnt
kjøler	çøːləɾ
kjøler	çʉ̂ːlɛr
kjølerom	çʉːləɾʊm
kjøleskap	çøːləskɑːp
kjølig	ˈçøːlɪ
kjølige	ˈçøːlɪə
kjøligere	çøːlɪgə
kjøligere	ˈçøːlɪɾə
kjøligst	ˈçøːlɪkst
kjøligste	ˈçøːlɪkstə
kjølvannet	çɔlvɑnːət
kjønn	çœn
kjønnet	çœnːə
kjønnsmoden	ˈçœnsmuːdən
kjønnsorganene	çœnːsɔrgɑnə
kjøpe	ˈçøːpə
kjøper	çøːpɛr
kjøpere	çøːpəɾə
kjøperen	çøːpəɾən
kjøpes	çøːpəs
kjøpesenter	çøːpəˈsɛntər
kjøpesenteret	çøːpəsɛntəɾət
kjøpesentre	çøːpəˈsɛntɾə
kjøpesentret	çøːpəˈsɛntɾə
kjøpet	çøːpət
kjøpmann	çøːpmɑn
kjøpmann	ˈçøːpmɑn
kjøpmannen	çøːpmɑnːən
kjøpmenn	køːpmɛn
kjøpslå	çøpslɔː
kjøpslå	ˈçøːpʂɭoː
kjøpslår	çʉpslɔːr
kjør	çøːr
kjørbar	kʰøːrbar
kjøre	çʊːɾə
kjøre	ˈçøːɾə
kjørende	çœɾɛndə
kjører	çøːɾəɾ
kjører	çœːɾə
kjøres	çʉːɾɛs
kjøretøyene	ˈçøːɾətœʏənə
kjøretøyer	ˈçøːɾətœʏ̯ɾ
kjøring	kʉøːrɪŋ
kjøring	çøːɾiŋ
kjøringen	çøːɾɪŋ
kjørsel	ˈçœʂəl
kjørte	çœːɾtə
kjøss	çʉsː
kjøter	çøːtər
kjøtere	kjøːtə
kjøteren	çøːtəɾən
kjøterne	çøːtəɳə
kjøtt	çœt
kjøttbollene	çøtːbɔlːə
kjøttboller	çʏtːbɔlːər
kjøttdeig	çʉtːdæɪ
kjøttdeig	ˈçœtdæɪ
kjøtthue	kɔtːhʉ
kjøttkaker	çʏtːkɑːkər
kjøttpuddingen	çʉʈpʉdɪŋən
kjøttstykke	çʉtːstʏkːə
kjøttsår	çɔtːsɔːr
kk	kː
kke	çː
kkk	kː
kl	kl
kl	kl̥
kladde	ˈklɑdə
klaer	klæːr
klaerne	klæːɳə
klaffe	ˈklɑfə
klaffen	klɑfːən
klaffene	klɑfːənə
klaffer	klɑfːər
klag	klɑːg
klagde	klɑːgdɛ
klage	klɑːgə
klage	kɾaːge
klage	ˈklɑːgə
klagen	klɑːgən
klagen	kɾagɛn
klagende	klɑːgənə
klagene	klɑːgənə
klagene	kɾaːgɪnɛ
klager	klɑːgəɾ
klaget	klɑːgət
klagingen	klɑːɪŋən
klaksen	klaksn̩
klam	klɑm
klam	klɑːm
klam	klˈam
klamme	ˈklɑmə
klammeri	klɑmːɛɾɪ
klampen	klɑmpən
klamre	klamre
klamre	klɑːmrə
klamre	ˈklɑmɾə
klamrer	klamrɛ
klamrer	klɑːmrɛr
klamret	klɑːmrɛt
klamt	klɑmt
klamt	klˈamt
klamydia	klɑːmɪdiːə
klan	klɑːn
klander	klˈandər
klandre	klɑːndrɛ
klandre	ˈklɑndɾə
klandrer	klɑnːɾər
klandres	klɑndɾɛs
klandret	klɑndɾeːt
klanen	klɑːnən
klanene	klɑːnənə
klanens	klɑːnəns
klaner	klɑːnər
klang	klɑŋ
klangen	klɑŋn̩
klapp	klɑp
klappe	klɑpːə
klappe	ˈklɑpə
klapper	klapːɯ̞r
klapper	klɑpɛr
klapper	ˈklɑpəɾ
klapperslanger	klɑpːɾslaŋːər
klappet	klapːɛt
klappet	klɑpːət
klapre	klapʁa
klapre	ˈklɑpɾə
klaps	klaps
klar	klɑːr
klar	klɑːɾ
klar	klˈaɾ
klara	klɑːɾɑ
klare	klɑːɾə
klare	klˈaɾə
klare	ˈklɑːɾə
klarer	klɑːɾər
klarer	klˈɑːrər
klarere	klɑːrɛːɾə
klarering	klɑːɾəɾiŋ
klareringen	klɑːɾəɾɪŋ
klarerjeg	klɑːrɛjɛ
klarert	klɑːrɛɾt
klarerte	klɑːɾeɾtə
klarest	klˈɑrest
klareste	klɑːɾɛst
klargjort	klɑːɾgjɔɾt
klargjør	klɑɾgjœːɾ
klargjøre	klɑɾgjøːɾə
klargjøre	ˈklɑːɾjøːɾə
klarhet	klɑːrheːt
klarhet	klˈɑrhet
klarinett	klarinˈɛt
klarinett	klɑːrɪnɛt
klarinetten	klɑːɾɪnɛtːn̩
klaring	klɑːɾɪŋ
klarne	klɑːrnə
klarner	klɑːnr̩
klarnet	klɑːrˈnɛt
klarsignal	klɑːɾsɪŋgɑːl
klarsignalet	klɑːɾsɪŋn̥ɛl̥
klarsyn	klɑːɾsʏn
klarsynt	klɑːɾsʏnt
klart	klɑːɾt
klarte	klɑːɾtə
klartekst	klɑːɾtɛkst
klartil	klɑːɾtɪl
klas	klɑs
klase	klˈase
klase	ˈklɑːsə
klask	klɑʃ
klaske	klɑʃkə
klaske	klˈaska
klaske	ˈklɑskə
klasker	klɑʃkər
klasket	klɑskɛt
klasse	klosso
klasse	klɑsə
klasse	ˈklɑsə
klassefest	klɑsːəfeːst
klassekamerat	klɑsəˈkɑːməɾɑt
klassen	klɑsːn
klassene	klɑsːnə
klassens	klɑsːəns
klasser	klɑsːər
klasserom	klasˈrˈum
klasserom	klɑsəɾʊm
klasserommene	klɑsəɾɔmːənə
klasserommet	klɑsəɾɔmət
klassifisere	klɑsɪfɪˈseːɾə
klassifiserte	klɑʂɪfɪsɛʁtə
klassiker	klɑsɪkəɾ
klassiker	klɑˈʂɪkɛɾ
klassikere	klɑsɪkəɾə
klassikerne	klɑˈʂɪkəɳə
klassisisme	klɑsɪˈsɪsmə
klassisk	klɑʂɪsk
klassisk	ˈklɑsɪsk
klassiske	klɑʂɪskə
klatre	klɑːtɾə
klatre	ˈklɑtɾə
klatrer	klɑtɾər
klatrer	ˈklɑtɾəɾ
klatret	klɑːtrɛt
klatring	klɑːtrɪŋ
klatring	klˈatrɪŋ
klatringen	klɑtɾɪŋə
klaus	klɑʉs
klaustreich	klɔʊ̯strɪç
klaustrofobi	klɔʊ̯stɾʊfoːbɪ
klaustrofobisk	klɑʊstɾɔfɔbɪsk
klausul	klɑʉ̯sʉl
klauv	klæwʋ
klaven	klɑːvən
kle	kleː
kle	klɛ
kle	klˈɛ
klebe	ˈkleːbə
klebrig	klɛːbrɪç
klebrig	ˈkleːbɾɪ
klebrige	klɛːbrɪgə
klebrigere	ˈkleːbɾɪɾə
klebrigste	ˈkleːbɾɪkstə
kledd	kled
kledd	klɛd
kledde	klɛdːə
kledde	kʲɛðːæ
klede	klɛda
kledelig	klɛːdəlɪ
kledelig	ˈkleːdəlɪ
kledelige	ˈkleːdəlɪə
kledeligst	ˈkleːdəlɪkst
kledning	klˈɛdnɪŋ
kledt	klɛːt
kleenex	klɛːnɛks
klein	klajn
klein	klæɪn
kleinfeld	klæɪ̯nfel
kleinfelter	klæɪnˈfɛltər
kleinman	klæɪ̯nman
kleint	klæɪ̯nt
klekkelig	ˈklɛkəlɪ
klekkeligere	ˈklɛkəlɪɾə
klekkeligst	ˈklɛkəlɪkst
klekkeligste	ˈklɛkəlɪkstə
klekker	klɛkːər
klekkes	klɛkːəs
klekket	klɛkːət
klem	klɛm
klemma	klɛmːə
klemme	klɛmə
klemme	ˈklɛmə
klemmen	klɛmən
klemmer	klɛmmər
klemmer	kɾæmˈɪ̞r
klemming	klɛmɪŋ
klemt	klɛmt
klemt	klˈamt
klemte	klɛmtə
klenge	ˈklɛŋə
klengenavn	klɛŋənɑːn
klengenavnet	klɛŋənɑvnət
klengete	klɛŋːtə
klengte	klˈɛŋtə
kleopatra	klɛɔpɑtɾɑ
klepp	klap
kleptoman	kləptʊˈmɑːn
kleptoman	klɛptɔman
kler	klɛːr
klerk	klɛɾk
klesbutikk	klɛsbuːtɪk
kleshenger	kleːshɛŋəɾ
kleshenger	klɛʃɛŋər
klesplagg	klɛsplɑg
klesplagget	klæsplagːe
klesskap	kləskap
klesskap	klɛsːkɑp
klesskapet	klɛʃkɑp
klesskift	klɛʃçɪft
klesvask	klɛːsvɑʂ
klesvasken	klɛːsvɑʃn̩
klient	klɪɛnt
klient	klˈiːənt
klientell	klɪɛntɛɭ
klienten	klɪɛntən
klientene	klɪe̯ntnə
klientens	klɪɛntəns
klienter	klɪɛntər
klienters	klɪɛntərs
klients	klɪɛnts
klikk	klɪk
klikk	klˈɪt
klikka	klɪkːɑ
klikke	klɪkə
klikke	klˈɪkə
klikke	ˈklɪkə
klikker	klɪkːər
klikket	klɪkːə
klima	klim
klima	klɪmɑ
klima	ˈkliːmɑ
klimaanlegg	kliːmɑɑnlɛgə
klimaanlegg	klɪmɑːnˈlɛg
klimaanlegget	kliːmaːænlɛgjɛ
klimaanlegget	klɪmɑːnˈlɛgət
klimaks	klɪˈmɑks
klimakteriet	klɪmɑkˈtɛɪ̯ɛt
klimapolitikk	klimapolitˈik
klimatisert	klimatisˈɛrt
klimatisk	klɪˈmɑːtɪsk
klimpre	ˈklɪmpɾə
klin	kleːn
klin	klɪn
kline	klɪnə
kline	kɾina
kliner	klɪnər
kling	klɪŋ
klinge	klɪŋə
klinge	klˈɪŋə
klinge	ˈklɪŋə
klingen	klɪŋən
klingende	klɪŋənɛ
klinger	klɪŋːər
klingon	klɪŋɔn
klingonene	klɪŋɔnɛnə
klingoner	klɪŋgɔnər
klingonsk	klɪŋɔnʃ
klingström	klɪŋstɾøm
klinikk	klinik
klinikk	klɪnɪk
klinikken	klɪnɪkːən
klinikker	klɪnɪkːər
klining	klɪŋɪŋ
klinisk	klɪnɪsk
kliniske	klɪnɪskə
klinkekuler	klɪnkekuːlə
klinkende	klɪŋkənə
klint	klɪnt
klint	kɾint
klinte	klɪntə
klinte	klɪntˈɛ
klinten	klɪntən
klipp	klɪp
klipp	klˈɪp
klippe	klɪpːə
klippe	klˈɪpa
klippe	ˈklɪpə
klippen	klɪpːən
klippene	klɪpːənə
klipper	klipːɛ
klipper	klɪpːər
klippes	klɪpːəs
klippet	klipːɛt
klippet	klɪpːət
klippfisker	klˈɪpːfɪskər
klipping	klɪpɪŋ
klips	klˈɪps
klipt	klɪpt
klipte	kliptˈa
klipte	klɪptə
klirre	ˈklɪɾə
klirrer	klɪrːɛr
klisjeen	klɪʃeːn
klisjeer	klɪʃeːr
klisjé	klɪˈʃeː
kliss	flˈɪs
kliss	klɪs
klissete	klɪsːə
klissete	ˈklɪsətə
klissvåt	klɪsːʋɔːt
klissvåt	ˈklɪsʋoːt
klister	klɪstər
klister	klˈɛstər
klisteret	klɪstərət
klistre	klɪstɾə
klistre	ˈklɪstɾə
klistremerke	klɪstɾəˈmæɾkə
klistremerker	klɪstɾəˈmæɾkər
klistremerker	klˈɪstrmərkˈɛr
klistrer	klistrə
klistrer	klɪʂːɾə
klistret	klɪstɾɛt
klistret	kristrɛt
klitoris	klɪˈtɔːrɪs
klo	kloː
klo	kluː
klo	klɔː
kloa	klɔː
kloakk	kloak
kloakk	klɔɑk
kloakk	klʊˈɑk
kloakken	klɔɑkːən
kloakkene	klɔɑkːənə
kloden	klɔdən
kloden	kruːdnˈ
kloen	kløːn
klok	klɔk
kloke	klɔːkə
klokere	klɔːkəɾə
klokest	klɔkɛst
klokeste	klɔkəsteː
klokhet	klɔkhət
klokka	klɔkka
klokka	klɔkɑ
klokke	klɔkə
klokke	ˈklɔkə
klokken	klɔkːən
klokkene	klɔkːənə
klokkene	krokːɪ̞nˀɛ
klokker	klokːiːr
klokker	klɔkːər
klokkeslett	klɔkəslɛt
klokkeslettet	klɔkslɛttə
klokketårn	klɔkəˈtɔːɳ
klokketårnet	klɔkːəˈtoːɳ
klokskap	klugskap
klokskap	klɔkʃɑp
klokt	klɔkt
klon	klɔn
klondike	klɔnˈdiːkə
klone	klʊːnə
kloner	klɔːnər
klonet	kluːnət
kloning	kluːnɪŋ
klor	klɔːr
klore	klɔːɾə
klorer	kluːɾə
kloret	klɔːɾət
klorin	klɔɾɪn
kloroform	klɔːɾʊfɔɾm
kloroplast	kloroplˈast
klort	klɔʈ
klorte	klɔ́ːɾtə
kloss	klɔs
klossene	klɔsːənə
klossete	klosˈɛta
klossete	ˈklɔsətə
klossethet	klosˈɛtːeːt
klossmajor	klɔsːmɑjɔr
kloster	klɔstər
kloster	ˈklɔstəɾ
klosteret	klɔstəɾɛt
klostret	klɔstɾɛt
klovn	klɔvn
klovnen	klɔvn̩
klovnene	klɔvnə
klovner	klovnər
klovner	klɔvnər
klu	klʉː
klub	klɛb
klubb	klʉb
klubbe	klʉbːə
klubbe	ˈklʉbə
klubben	klʉbːn̩
klubbene	klʉbːnə
klubbens	klʉbːən
klubber	klʉbːər
klubbhus	klʉbːʉs
klubbhuset	klʉbːʉʃ
kludd	klʉd
kludre	ˈklʉdɾə
klug	kluːk
klukk	klʉk
klukke	ˈklʊkə
klump	klʊmp
klump	klˈʉmp
klumpe	ˈklʊmpə
klumpen	klʉmpn̩
klumper	klʉmpər
klumpete	klʉmˈpɛtə
klumpfot	klˈʌmpfuːt
klumsete	klʉmˈseːtə
klunk	klʉŋk
klunke	ˈklʊŋkə
kluss	klʉsː
klusse	ˈklʉsə
klut	klʉt
klut	klˈʉt
kluten	klʉːtən
kluter	klʉːtər
klux	klʉks
klynge	klʏŋə
klynge	klˈɪŋə
klynge	ˈklʏŋə
klynger	klʏŋːər
klynk	klʏŋk
klynke	klʏŋkə
klynke	ˈklʏŋkə
klynkende	klʏŋkɛndə
klynker	klʏnkə
klyp	klʏp
klype	klʏpə
klyper	klʏpɛr
klysa	klʏːsɑ
klyse	klʏːsə
klyster	klʏstɛr
klyv	klʏːv
klå	kloɾ
klå	kloː
klå	klɔː
klådde	klɔːd̥ə
klåe	kloː
klåfingret	ˈkloːfɪŋɾət
klår	klɔːr
klæbo	klabo
klær	klæːr
klær	klæːɾ
klærne	klarna
klø	kløː
klødd	kløːd
klødde	kløːdə
kløe	kløː
kløe	ˈkløːə
kløen	kløːn
kløen	klˈɵən
kløft	kløft
kløft	klœft
kløfta	kløfta
kløften	klœftn̩
kløkt	kløkt
kløktig	kløktɪg
kløne	kløːnə
kløne	ˈkløːnə
klønete	kløːnətə
klønete	ˈkløːnətə
kløp	kløːp
kløpet	kløpˈet
klør	kluːr
klør	kløːr
klørne	kløːɳə
kløtsjen	kløttʃən
kløve	klˈøːva
kløver	kløːvər
kløyve	kløːvə
kløyve	ˈklœjʋə
kna	knaˈ
kna	knɑː
knabbe	ˈknɑbə
knabbet	knɑbːət
knadde	knodːə
knake	ˈknɑːkə
knaker	knɑkɛr
knakk	knɑk
knall	knol˩
knall	knɑl
knallbra	knɑlbrɑ
knalle	knall
knallgod	knɑɭgɔd
knallrød	knallrøː
knaost	knaːst
knapely	knɑːpəlɪ
knapp	knopː
knapp	knɑp
knappe	knɑpːə
knappe	knˈapːa
knappe	ˈknɑpə
knappen	knɑpːn̩
knappen	knˈapːən
knappene	knapːɛnɛ
knappene	knɑpːə
knapper	knɑpːər
knapt	knɑpt
knapt	knˈapt
knar	knar
knark	knɑɾk
knarker	knɑɾkɛɾ
knarket	knɑrkət
knas	knɑs
knas	knɑːs
knask	knɑʂ
knaske	knɑʃkə
knaske	knˈaskə
knaske	ˈknɑskə
knaus	knau̯s
kne	kneː
kne	kn̥eː
knebel	knʲæbɨl
kneble	knɛblə
kneble	ˈkneːblə
kneblet	knɛbl̥ət
kneet	kn̥eːt
knekk	knɛk
knekke	knɛkːə
knekke	ˈknɛkə
knekken	knɛkːən
knekker	knakˈa
knekker	knɛkːər
knekkes	knɛkːəs
knekket	knɛkːət
knekt	knɛkt
knekte	knɛktə
knekter	knɛktər
knel	kn̥æɭ
knele	kn̥eːlə
knelte	kn̥ɛltə
knep	knep
knep	knɛp
knepen	knˈɛpən
knepen	ˈkneːpən
knepene	knɛːpənə
knepet	knɛpət
knepp	knep
knepp	knɛp̥
kneppe	knɛpːə
knepper	knɛpːər
kneppet	knɛpːət
knert	knɛɾt
knerta	knɛɾtɑ
knerte	knɛɾtə
knerten	knɛɳtɛɳ
knerten	knˈatən
knerter	kn̥ɛʈɛʁ
knertet	knɛʈə
kneskålene	knɛ̀skɔːlənə
knicks	knɪkʂ
knife	knɪf
knight	knɪtʃ
knights	knɪçtʃ
knip	knip
knip	knɪp
knipa	knɪpɑ
knipe	knɪ́ːpə
knipe	ˈkniːpə
knipen	knɪpən
kniper	knɪpɛr
knipetang	kniːbdˈaŋ
kniplinger	knɪplɪŋər
knippe	knipː
knippe	knɪpːə
knippe	ˈknɪpə
knips	knɪps
knipse	knɪpsə
knipse	ˈknɪpsə
knipser	knɪpsər
knipset	knɪpːsɛt
knirk	n˩˩˦irk˥
knirke	ˈknɪɾkə
knirkefri	ˈknɪɾkəfɾiː
knirkefritt	knɪɾkəfrɪt
knirker	knɪrkər
knitre	ˈknɪtɾə
kniv	kniːʋ
kniv	knɪːv
knivblad	knɪvblɑː
knivbladet	knɪvblɑːd
knive	ˈkniːʋə
kniven	knɪvən
knivene	knivˈeːne
knivene	knɪvə
kniver	knɪvər
knivinnsats	knivintsots
knivstakk	knɪfsˈtak
knivstikk	knɪfsʈɪk
knivstikke	knɪfsʈɪkə
knivstikker	knɪfsʈɪkːər
knivstikking	knɪfsʈɪkɪŋ
knivstukket	knɪvstʉkːət
knockout	knɔkʉt
knokene	knɔkənə
knokkelbrudd	ˈknɔkəlbɾʉd
knoklene	knɔklənə
knokler	knɔkləɾ
knoll	knɔl
knollen	knɔlːən
knop	knɔp
knope	knɔpə
knopp	knɔp
knoppen	knɔpən
knopper	knɔpːər
knote	knut
knott	knɔt
knotten	knɔtːən
knotts	knɔtʂ
knowles	knɔːləs
knox	knɔʂ
knud	knʉːd
knudrete	ˈknʉdɾətə
knudsen	knʉːsən
knuge	ˈknʉːgə
knull	knʉl
knulla	knʉlɑ
knulle	knʉlə
knuller	knʉlːər
knulles	knʉ̀ls
knullet	knʉlət
knulling	knʉlːɪŋ
knullingen	knʉlɪŋən
knupp	knʉpː
knurre	ˈknʉɾə
knurrer	knʉrːɛr
knus	knʉs
knuse	knʉːsə
knuse	knˈʉsə
knuse	ˈknʉːsə
knusende	knʉːsɛndə
knuser	knʉːsɛr
knuses	knʉ̂sə
knuses	knˈuːsɛs
knust	knʉst
knust	knˈʉst
knuste	knʉstə
knuste	knˈʉstə
knut	knʉt
knut	knˈʉs
knute	knʉːtə
knute	ˈknʉːtə
knuten	knʉːtən
knutene	knʉtənə
knutepunkt	knʉtəpʉŋk
knuter	knʉtər
knuter	knˈʉtər
knyst	knʏst
knyt	knʏt
knyte	knʏtə
knyter	knʏtər
knytt	knʏt
knytte	knʏtːə
knytte	ˈknʏtə
knytter	knʏtːər
knyttes	knʏtːs
knyttet	knʏtːə
knyttet	knˈɪtət
knyttneve	knʏtːnɛːvə
knyttneven	knʏtːnɛvn̩
knyttneven	knˈɪtnəvən
knyttnevene	knʏtneːvə
knyttnever	knʏtˈnɛvr
knyttnever	knʲiktnɛvɪ̞r
knær	knæːr
knær	knæːɾ
knærne	knæːɳə
knøl	knøːl
knøtt	knøːt
knøttliten	knœtːlɪtən
ko-ko	kɔkɔ
koala	kʊˈwɑːlɑ
koala	kʰuɑːlɑ
koalabjørn	kuaːlabjɔɾn
koalisjon	koːalɪʃuːn
koba	ˈkɔːbɑ
kobayashi	ˈkɔbɑjɑbɪ
kobba	ˈkɔbːa
kobber	ˈkɔbːər
kobberet	kɔpbɪrɛ
kobe	kɔːbɛ
koble	kɔpla
koble	ˈkɔblə
kobler	ˈkɔbləɾ
kobles	ˈkɔbləs
koblet	ˈkɔblət
kobling	ˈkɔːblɪŋ
koblingen	ˈkɔblɪŋə
koblingene	ˈkɔːblɪŋnə
koblinger	ˈkɔblɪŋər
kobra	ˈkɔ̀ːbra
koch	kuːx
koda	koːða
kode	koːd̥ə
kode	kudˈa
kodein	kɔːdeɪn
kodeks	kɔːdɛks
koden	koːdən
koden	kɔ̃dˈi
kodenavnet	koːdənɑʋn̩
kodene	kɔːdənə
kodeordet	koːdeɔɾː
kodet	kɔdət
kodingen	ˈkɔːdɪŋən
kodmani	kɔːdmanɪ
koffein	kɔfɛɪn
koffeinfri	kɔfəˈiːnfɾiː
koffeinfri	ˈkɔfːənfɾɪ
koffert	kʊffərtˀ
koffert	ˈkɔfɛɾt
koffert	ˈkʊfəʈ
koffertene	ˈkɔfɛɾtənə
kognitiv	ˈkɔgnɪtiːv
kognitiv	ˈkɔgnɪtiːʋ
kohl	kɔːl
kohler	kuːlɛr
kohn	kɔːn
koie	kojˈe
kojak	kuˈʃɑk
kok	kɔk
kokachin	kɔkɑʃɪn
kokain	kɔkɑɪn
kokainen	kɔkɑɪn
kokainet	kɔkɑɪnɛt
kokebok	kuːkəbuːk
kokende	kɔkɛndə
koker	kukɐʎ
kokes	kuːkɛs
kokett	kɔkɛt
kokett	kʊˈkɛt
kokk	kokː
kokk	kɔk
kokka	kɔkka
kokka	kɔkːa
kokke	kɔkə
kokke	kɔkːə
kokke	kˈɔkːə
kokkelere	kɔkəˈleːɾə
kokken	ˈkɔkːən
kokkene	kokkina
kokkene	kɔkːənə
kokkens	ˈkɔkəns
kokker	kokke
kokker	kɔkːər
koko	kɔkɔ
kokong	kɔkɔŋ
kokongen	kɔkɔŋɛn
kokos	kɔkɔs
kokos	ˈkʊkʊs
kokosnøtt	kɔkɔsnœt
kokosnøtter	kɔkʊsnœtːɛr
koks	kɑks
kokt	kukt
kokt	kɔkt
kokt	kʊkt
kokte	kokˈta
kokte	kɔktə
kol	kɔl
kola	kɔlə
kolben	kɔlpən
kolbotn	kɔɫbɔtɯ̞n
kolbrún	kɔlbɾuːn
koldbrann	koːlbɾɑn
koldo	ˈkɔldʊ
kolera	kɔˈleːɾə
kolerisk	kʊˈleːɾɪsk
kolesterol	kɔlɛstɛrɔl
kolesterolet	kɔlɛstɛrɔlɛt
kolibri	kɔlɪbɾɪ
kolikk	kɔlɪk
kolikk	kʊˈlɪk
kolima	kɔlɪmɑ
kollaboratører	kɔlɑbɔrɑtøːɾ
kollaps	kɔlˈaps
kollapse	kɔlˈɑpsə
kollapse	kʊˈlɑpsə
kollapsen	kɔlˈlæpsn̩
kollapser	ˈkɔlɑpsər
kollapset	kɔlɑpˈsɛt
kollega	kolleːgˈa
kollega	kɔlˈleːgɑ
kollega	kʊˈlɛgɑ
kollegaen	kɔlɛgæɛn
kollegaer	kɔlɛgæɾ
kollegene	kɔlgəɳə
kolleger	kɔlgɛɾ
kollekten	kɔlˈlɛktn̩
kollektiv	kɔlɛktɪv
kollektiv	kɔlˈlɛktiv
kollektiv	ˈkɔləktiːʋ
kollektive	kɔlɛktɪvə
kollektivet	kɔlɛktɪvɛt
kollidere	kɔlɪˈdɛɾə
kolliderer	ˈkɔlːɪdərər
kollisjonskurs	kɔlɪʃɔnsˈkʉʃ
koloni	kɔlʊni
koloni	kʊlʊˈniː
kolonial	kɔluniɑːl
kolonialen	kɔluniɑlən
kolonien	kɔlɔni̯ən
koloniene	kɔlʊniːnə
koloniens	kɔlʊníəns
kolonisere	kʊlʊnɪˈseːɾə
kolonistene	kɔlʊnɪstənə
kolonister	kɔlɔnɪstɛr
kolonne	kɔˈlɔnːə
kolonnen	kɔlɔnː
kolonner	kɔlɔnɛɾ
koloskopi	kɔlɔʃkɔpɪ
kolossal	kɔlɔsɑːl
kolossal	kʊlʊˈsɑːl
kolossalt	kɔlɔsɑlt
kolstad	kɔlsta
kolsås	koʊsos
kolt	kɔlt
kom	kɔm
koma	kuːma
komarov	kɔmɑɾɔ
kombinasjonen	ˈkɔmbɪnɑsjʊn
kombinasjoner	ˈkɔmbinɑsjɔːɾ
kombinatorisk	kombinatuːrɪsˈk
kombinere	kumbiniːra
kombinere	ˈkɔmbɪnəɾə
kombinerer	ˈkɔmbɪnəɾər
kombinert	ˈkɔmbɪnəɾt
kombinerte	ˈkɔmbɪnəɾtə
komedie	kɔmɛdɪ
komedien	komedjɛn
komedien	kɔmɛdiːən
komet	kɔmɛt
kometen	kɔmɛtən
komfort	kumfoːr
komfort	kɔmfɔʈ
komfort	kɔmˈfoːɾ
komfortabel	kɔmfɔɾtɑbəl
komfortabel	kɔmfɔˈʈɑːbəl
komfortabelt	kɔmfɔɾtɑːbɛlt
komfortable	kɔmfɔɾtɑblə
komfyr	kʊmˈfyːɾ
komfyr	ˈkɔmfyːr
komfyren	ˈkɔmfʏːɾɛn
komiker	kuːmɪkkɪ̞r
komiker	ˈkɔmɪkər
komikere	ˈkɔmɪkəɾə
komikeren	kɔmɪkəɳ
komisk	koˀˀmɪsk
komisk	kɔmɪsk
komiske	koːmisˈke
komiske	kɔmɪskə
komite	komitˈɛ
komiteen	kɔmɪtæːn
komiteer	komitˈɛr
komité	kɔmite
komitéen	kɔmiˈteːən
komitéer	komitˈɛr
komm	kɔm
komma	kɔmmˀa
komma	ˈkɔmːə
kommaer	kommer
kommandant	ˈkɔmːandɑnt
kommandanten	ˈkɔmːandɑntn̩
kommandantens	ˈkɔmːɑndɑntəns
kommandere	ˈkɔmmandəɾə
kommanderende	ˈkɔmːandəɾənə
kommanderer	ˈkɔmmandəɾə
kommando	kʊˈmɑndu
kommando	ˈkɔmːɑːn̩d̥o
kommandoen	ˈkɔmːɑnʊən
kommandoer	ˈkɔmːɑnʊər
kommandopost	ˈkɔmmanðopɔst
kommandoposten	ˈkɔmːɑnːɔpɔstən
kommandosenter	ˈkɔmːandɔsɛntər
kommandosenteret	ˈkɔmmandaːsɛntəɾət
kommandosentral	ˈkɔmmandasɛntɾɑːl
kommandosentralen	ˈkɔmmandasɛnˈtɾɑːlə
kommandosentret	ˈkɔmmandasɛntɾeː
kommandosoldat	ˈkɔmmandɔˌsɔldɑt
kommandosoldater	ˈkɔmːɑnːɔsɔltɑːʈəʁ
kommandør	ˈkɔmmandøɾ
kommandørens	ˈkɔmmandøːɾəns
kommandørkaptein	ˈkɔmːɑnːɔːɾkɑːptæɪn
komme	kɔmə
komme	ˈkɔmə
komme	ˈkɔmːə
kommen	ˈkɔmən
kommende	ˈkɔmːənə
kommene	kummɛnə
kommentar	kɔmˈkæntɑːr
kommentaren	kɔmɛntɑːrən
kommentarene	kommentarne
kommentarene	kɔmmentaːrənə
kommentarer	kuməntareɾ
kommentarer	kɔmmentɑːr
kommentator	kɔmɛntɑtɔr
kommentere	kʊmənˈteːɾə
kommentere	ˈkɔmːəntəɾə
kommenterer	ˈkɔmənteːrər
kommentert	kɔmɛntɛɾt
kommenterte	kɔmɛntɛʈə
kommer	ˈkɔməɾ
kommerjeg	ˈkɔməɾjɛ
kommersiell	kʊmæʂɪˈɛl
kommersiell	ˈkɔmɛʂɪɛl
kommersielle	ˈkɔmɛɾˌʃɪɑ̯lə
kommertil	kɔmːəɾtɪl
kommertilbake	ˈkɔməɾtɪlbɑːkə
kommet	ˈkɔmət
kommisjon	koːm˧miːˌʃoːn˥
kommisjon	ˈkɔmɪʃɪɔn
kommisjonen	ˈkɔmɪʃɪən
kommissær	ˈkɔmɪsæɾ
kommissæren	kɔmɪˈʂæːɳ
kommode	ˈkɔmːʉː
kommunal	kɔmʉˈnɑːl
kommunal	kʊmʉˈnɑːl
kommunale	ˈkɔmʉnɑːlə
kommune	ˈkɔmːʉnə
kommunen	kɔmʉnːən
kommunens	kɔmʉnəns
kommuner	kɔmʉˈnəɾ
kommuner	kɔmˈʉne
kommunestyret	kɔmʉnəˈstʏːr
kommunikasjon	ˈkɔmːʉnɪkɑːʃuːn
kommunikasjonen	kɔmʉnɪkɑʃən
kommunikasjons	kɔmʉnɪkɑsjɔns
kommunisere	kʊmʉnɪˈseːɾə
kommunisere	ˈkɔmːʉnɪsəɾə
kommuniserer	kɔmʉnɪsɛrɛ
kommunisert	kɔmʉˈniːsɛʈ
kommuniserte	kɔmʉnɪsɛʁtə
kommunisme	kɔmʉˈnɪsmə
kommunismen	ˈkɔmːʉnɪsm̩
kommunist	kɔmʉˈnɪst
kommunistene	kɔmʉˈnɪstəne
kommunister	kɔmʉˈnɪstə
kommunistisk	ˈkɔmʉnɪstɪsk
kommunistiske	ˈkɔmːʉnɪstɪskə
kommunistpartiet	ˈkɔmːʉnɪstpɑːɾɪt
kompakt	kompˈakt
kompakt	kɔmpɑkt
kompakt	kʊmˈpɑkt
kompani	ˈkɔmpæni
kompaniet	ˈkɔmpænɪət
kompanisjef	ˈkɔmpænɪʃɛf
kompanisjefen	ˈkɔmpænɪʃɛfən
kompaniskap	ˈkɔmpænɪskɑːp
kompanjong	ˈkɔmpæɲjɔŋ
kompanjonger	ˈkɔmpɑnjɔŋər
komparativ	kʊmˈpɑɾɑtiːʋ
kompass	kɔmpɑs
kompass	kʊmˈpɑs
kompasset	kɔmpɑsːə
kompatibel	kɔmpatɪbəl
kompatibel	kʊmpɑˈtiːbəl
kompatible	kɔmˈpɑːtɪblə
kompensasjon	kɔmpɛnsɑʃɔn
kompensere	kompensˈeːr
kompensere	kʊmpənˈseːɾə
kompenserer	kɔmpɛnsɛɾɛɾ
kompetanse	kɔmpeˈtɑːŋsæ
kompetanse	kɔmpɛtɑnsə
kompetent	kompətˈɛnt
kompetent	kɔmpɛtɛnt
kompetente	kɔmpɛtɛntə
kompis	kɔmˈpiːs
kompisen	kɔmˈpiːsn̩
kompisene	ˈkɔmpɪsənə
kompiser	kɔmˈpɪsər
kompleks	komplˈɛks
kompleks	kʊmˈplɛks
kompleks	ˈkɔmplɛks
komplekse	ˈkɔmplɛksə
komplekser	kɔmplɛkʂɛr
komplekset	kɔmplɛksɛt
komplekst	kɔmplɛkst
komplementar	kɔmplimɛntɑr
komplett	komplˈɛt
komplett	kɔmplɛt
komplett	kʊmˈplɛt
komplette	komplˈɛtːə
komplette	kɔmplɛtə
komplettere	kʊmpləˈteːɾə
komplikasjon	kɔmplɪkɑʃɔn
komplikasjoner	kɔmplɪkɑˈʃuːnər
kompliment	kɔmplɪment
komplimenten	ˈkɔmplɪmentən
komplimentene	kɔmplimɛntnə
komplimenter	kɔmplimɛntər
komplimentere	kumplimentera
komplimentet	kɔmplimɛntɛt
komplisere	kumplisˈɛr
kompliserer	ˈkɔmplɪsəɾəɾ
komplisert	komplisɛrt
komplisert	kɔmplɪˈseːʈ
kompliserte	kɔmplɪsɛʈə
komplott	ˈkɔmplɔt
komplottet	kɔmplɔtː
komponent	kompˈoːnənt
komponent	kɔmˈpɔnt
komponenten	kɔmponentn̩
komponentene	ˈkɔmpʉ̀ntənə
komponenter	kɔmponentɛr
komponere	kʊmpʊˈneːɾə
komponere	ˈkɔ̀mpʊnəɾə
komponerte	kɔmpʊˈnæɾtə
komponist	kompˈonist
komponist	kɔmpʊˈnɪst
komponist	kʊmpʊˈnɪst
komposisjon	kɔmpɔsɪʃɔn
kompost	ˈkɔ̀mpɔst
kompostere	komposteːr
kompott	kɔmpɔt
kompress	kɔmprɛs
kompressoren	kɔmprɛsɔrɛn
komprimere	kʊmpɾɪˈmeːɾə
kompromiss	ˈkɔ̀mprɔmɪs
kompromisse	kɔmprɔmɪs
kompromisser	kɔmprɔmɪsɛr
kompromittere	ˈkɔmprɔmɪtəɾə
komtesse	kɔmˈtɛsə
kon	kɔn
kona	kuːnˈɑ
kona	kɔnɑ
konas	kɔnɑs
kondensere	kʊnənˈseːɾə
kondis	kunðes
kondisjon	kondɛsʃuːn
konditori	konditʃori
konditori	kʊnɪtʊˈɾiː
kondolanser	kɔndulɑnsər
kondolere	kunðolɛrˈa
kondolere	kɔndulɛːɾɛ
kondolerer	kunnulæræ
kondolerer	kɔnduləɾə
kondom	kɔnduɣum
kondom	kɔndɔm
kondomer	kɔndɔmər
kondomet	ˈkɔ̀nːd̥ʊmɛt
kondor	kɔnˈdɔr
konduktør	kɔndʉktøːr
konduktøren	kɔndʉktøːɾən
konen	kɔnən
konene	koːnuna
konene	kɔnːə
koner	kɔnɛɾ
koner	kʰonɛr
kones	kuːnəs
konfekt	koːnfˈɛkt
konfekt	kɔnfɛkt
konfektene	koːnfˈɛktnˈɛ
konferanse	kɔnferɑnsə
konferansen	kɔnfɛrɑːsn̩
konferanser	kɔnfɛrɑnsɛɾ
konferanserom	kɔnfɛrɑnsɛɾɔm
konferanserommet	kɔnfɛrɑnsɛɾɔmːət
konferansier	kɔnfeɾɑnˈʃiːɛ
konferere	kɔnfeˈrɛː
konfetti	kunsetːi
konfetti	kɔnfɛtɪ
konfidensiell	kɔnfiˈdɛnsiɛɭ
konfidensiell	kʊnfɪdənsɪˈjɛl
konfidensielle	kɔnfiˈdiːn̥sɪɛ̯lːə
konfidensielt	kɔnfiˈdiːn̥sɪɛlt
konfigurere	kʊnfɪgʉˈɾeːɾə
konfirmasjonen	kɔfnfɪrmaːʃən
konfirmere	kʊnfɪɾˈmeːə
konfiskere	kɔnfɪskəɾə
konfiskere	kʊnfɪˈskeːɾə
konfiskerer	kɔnfɪskɛrɛ
konfiskert	kɔnfɪskæɾt
konfiskerte	kɔnfɪskɛʈə
konflikt	kɔnˈflɪkt
konflikten	kɔnfɾiktɪn
konflikter	ˈkɔnflɪktər
konform	kʊnˈfɔɾm
konfrontasjon	kɔnfrʊntɑʃɔn
konfrontasjonen	kɔnfrʊntasjɔn
konfrontasjoner	kɔnfrʊntasjɔnər
konfrontere	kɔnfɾɔntəɾə
konfrontere	kʊnfɾɔnˈteːɾə
konfronterer	kɔnfʁɛntəɾeɾ
konfronteres	kɔnfrʊnˈteːʁəs
konfrontert	kɔnfrɔntɛɾ
konfronterte	kɔnfʁɛntɛʁtə
konføderasjonen	kɔnfødeɾaˈsɔn
konføderasjonens	kɔnfødeɾɑsjɔnɛn
kong	kɔm
kong	kɔŋ
konge	kɔŋə
konge	ˈkɔŋə
kongedømmene	ˈkɔŋəˌdømənə
kongedømmer	kɔŋɛdømər
kongedømmet	kɔŋːədømːət
kongefamilien	kɔngəˈfɑ̀mɪliən
kongehuset	kɔngəhʉsət
kongekrabbe	ˈkɔŋkɛgɾɑbːə
kongelig	kɔŋlɪg
kongelig	ˈkɔŋəlɪ
kongelige	kɔŋgəlɪ
kongelige	ˈkɔŋəlɪə
kongeligere	ˈkɔŋəlɪɾə
kongeligst	ˈkɔŋəlɪkst
kongeligste	ˈkɔŋəlɪkstə
kongen	ˈkɔŋn̩
kongene	kɔŋːnə
kongenes	kɔŋːənɛs
kongens	kɔŋəns
konger	ˈkɔŋər
kongerike	ˈkɔŋːrɛɪk
kongerikene	ˈkɔŋəɾɪkənə
kongeriker	ˈkɔŋəɾɪkɐr
kongerikes	ˈkɔŋgərɪkəs
kongeriket	ˈkɔŋjəɾɪkɛt
kongers	kɔŋs
konges	kɔŋs
kongle	koŋla
kongle	ˈkɔŋlə
kongo	ˈkɔŋguː
kongress	ˈkɔŋrɛs
kongressen	kɔŋgrɛsən
kongressen	kˈɔŋrɛssən
kongressens	ˈkɔŋrɛsəns
kongresskvinne	ˈkɔŋrɛsˌkʋɪnːə
kongressmann	kɔŋrɛsman
kongressmannen	ˈkɔŋrɛsmanːn
kongressmedlem	kɔŋgrɛsˈmɛɖlɛm
kongressmedlemmer	kɔŋrɛsˈmɛɖlɛmər
kongressmenn	ˈkɔŋrɛsˌmɛnː
kongressvalget	kɔŋrɛsvalgɛ
kongsberg	koŋspar
kongshavn	koŋshavin
kongshavn	kɔŋsˈhɑvn
konjakk	kɔnˈjɑk
konjakken	kɔnˈjɑkən
konk	kʊnk
konkav	kɔnˈkɑːʋ
konklavet	kɔŋklɑvɛt
konkludere	kɔŋkludəɾə
konkludere	kʊnklʉˈdeːɾə
konkluderer	kɔŋkludəɾɛɾ
konkludert	kɔŋklʉd̥ɛɾt
konklusjon	kɔŋklʉʃɪɔn
konklusjonen	kɔŋklʉʃɪən
konklusjoner	kɔŋklʉʃuːɾ
konkret	kɔŋkrɛt
konkret	kʊŋˈkɾeːt
konkrete	kɔŋkrˈɛta
konkrete	kɔŋkˈreːtə
konkubine	kɔŋkʉbɪnə
konkubiner	kɔŋkʉbɪnər
konkurranse	kɔŋkʉˈʁɑnse
konkurranse	kʊŋkʉˈɾɑŋsə
konkurransedyktig	kʊnkʉˈɾɑŋsədʏktɪ
konkurransedyktige	kʊnkʉˈɾɑŋsədʏktɪə
konkurransedyktigere	kʊnkʉˈɾɑŋsədʏktɪɾə
konkurransedyktigst	kʊnkʉˈɾɑŋsədʏktɪkst
konkurransedyktigste	kʊnkʉˈɾɑŋsədʏktɪkstə
konkurransen	kɔŋkʉrɑːsn̩
konkurranser	kɔŋkʉˈʁɑnsər
konkurrent	kɔŋkʉrɛnt
konkurrenten	kɔŋkʉrɛntn̩
konkurrentene	kɔŋkʉrɛntn̩
konkurrenter	kɔŋkʉrɛntɛr
konkurrere	kɔŋkʉˈrɛːɾə
konkurrerende	kɔŋkʉˈrɛːn̩d̥ə
konkurrerer	kɔŋkʉrɛr
konkurrerte	kɔŋkʉˈrɛʈə
konkurs	kɔŋkʉʂ
konkursen	kɔŋkʉʂn̩
konkylien	kɔŋkʏlɪən
konrad	kɔnˈɾɑː
konrad	kˈɔnrad
konrad	ˈkɔnɾɑd
konradsen	konɾatɕsɯn
konsekvensen	kɔnʃɛkvənsən
konsekvensene	kɔnʃɛkvn̩sɛnə
konsekvenser	kɔnʃɛkˈvensər
konsekvent	kɔnˈsɛkvənt
konsekvent	kʊnsəˈkʋɛnt
konsentrasjonen	kɔnsɛntɾɑʃuːn
konsentrasjonsleir	ˈkɔnsɛntɾɑsjuːnslæɪ̯ɾ
konsentrer	ˈkɔnsɛntɾeːɾ
konsentrere	kɔnseŋtɾera
konsentrere	kʊnsənˈtɾeːɾə
konsentrere	ˈkɔnsɛntreːʁə
konsentrerer	konsentɾere
konsentrerer	kɔnsɛntɾeːɾ
konsentrert	kɔnsɛnˈtræɾt
konsentrerte	ˈkɔnsɛntreːɾə
konsept	kɔnˈsɛpt
konsept	kɔ̃sˈɛpt
konseptene	kɔnˈsɛptənə
konsepter	kɔnˈsɛptər
konseptet	kɔnˈsɛptə
konsern	konsɑn
konsernet	kɔnʃɛɳ
konsert	kɔnsɛɾt
konserten	konsertˈi
konserten	kʰɔnsɛʁn
konsertene	kɔnˈsɛɳtənə
konserter	konsertˈɾɛ
konserter	ˈkɔnsəʈəʁ
konserthuset	ˈkɔnsɛɾtʉːs
konservativ	ˈkɔnsɛɾvatɪv
konservative	kɔnsɛɾˈʋɑːɾ
konservativt	kɔnʃɛɾˈvɑːt
konservere	kʊnsæɾˈʋeːɾə
konsis	konsiis
konsis	kʊnˈsiːs
konsist	ˈkɔnsɪst
konsistens	kɔnˈsɪstəns
konsolidere	kʊnsʊlɪˈdeːɾə
konsoll	kɔnsɔl
konsollen	kɔnsɔln̩
konsonant	konsulɑn̪t̪
konsortium	kɔnsɔʈʂɪʊm
konspirasjoner	ˈkɔ̀nspɾɑːʃuːnər
konspirasjonsteori	kɔnsʋiɾɑʃuːnsteːɾi
konspirerer	kɔnspiˈɾeːɾ
konspirert	ˈkɔnspɪrət
konspirerte	ˈkɔnspɪˌɾeːɾtə
konstabel	kɔnstɑbəl
konstabel	kɔːsɑːbɛl
konstabelen	kɔnstɑbɛlən
konstablene	kɔnstɑblɛnə
konstabler	kɔnstɑblɛr
konstans	kɔnstɑns
konstant	kɔnstɑnt
konstant	kɔnstˈant
konstant	kʊnˈstɑnt
konstante	kɔnˈstɑntə
konstantin	kɔnstɑntiːn
konstantinopel	kɔnstɑntɪnɔpɛl
konstatere	kɔnstɑtəɾɛ
konstatere	kʊnstɑˈteːɾə
konstatert	kɔnstɑˈteːʈ
konstituere	kʊnstɪtʉˈeːɾə
konstituert	kɔnstituːɾt
konstitusjonell	kʊnstɪtʉʂʊˈnɛl
konstruere	kɔnstrʉːɾə
konstruerte	kɔnstrʉːʈə
konstruksjonen	kɔnstrʉkʃuːn
konstruksjoner	kɔnstrʉkˈʃuːnɛr
konstruktiv	kɔnstrʉktɪf
konstruktiv	ˈkʊnstɾʉktiːʋ
konstruktivt	kɔnstrʉktɪft
konsul	kɔnsʉl
konsulat	kʊnsʉˈlɑːt
konsulat	ˈkɔnsʊlɑt
konsulatet	kɔnsʉlɑt
konsulen	kɔnsʉlɛn
konsulent	ˈkɔnsʉlɛnt
konsulenten	ˈkɔnsʉlən
konsulenter	ˈkɔnsʉləntər
konsultasjon	ˈkɔnsʉltaʃuːn
konsultasjoner	konsuːltasjˈonɛr
konsultere	kɔnsuˈlʉːʁə
konsulterer	kʰɔnsʉltəɾəɾ
konsultert	kɔnsʉltəɾ
konsumere	kʊnsʉˈmeːɾə
kontaineren	kɔntɑːnɛɾɛn
kontakt	kʊnˈtɑkt
kontakt	ˈkɔntɑkt
kontakte	kuntakte
kontakte	kʊnˈtɑktə
kontakte	ˈkɔntɑktə
kontakten	kɔntaktən
kontaktene	ˈkɔntɑktnə
kontakter	kuntaːktiːr
kontakter	ˈkɔntɑktər
kontaktes	kɔntɑktɛs
kontaktet	kˈɔntaktət
kontaktet	ˈkɔntaktət
kontaktinformasjon	ˈkɔntɑktɪnfɔrmɑˌʃuːn
kontaktinformasjonen	kɔntɑktɪnfɔʁmɑʃən
kontaktlinse	kontaktlinsa
kontaktlinser	kɔntɑktlɪnsər
kontaktperson	kɔntɑktpɛrsɔn
kontaktpersonen	kɔntɑktpɛrsɔn
kontant	kontent
kontant	kʊnˈtɑnt
kontant	ˈkɔntɑn̥t
kontantene	ˈkɔntɑntnə
kontanter	kʊnˈtɑntəɾ
kontanter	ˈkɔntantər
konteiner	kɔntɑɪnɛɾ
konteinere	kɔntæjnɛɾɛ
konteineren	kɔntæjnəɳ
kontekst	kontˈɛkst
kontekst	kɔntɛkst
konteksten	kɔntɛkstɛn
konti	kɔnti
kontinent	kont̪inant̪
kontinent	kɔntiˈnɛt
kontinentale	kɔntinɛntɑːlə
kontinenter	kɔntinɛntər
kontinentet	ˈkɔntɪnəˌtɛt
kontinuerlig	kɔntinˈʉːɾlɪ
kontinuerlig	kʊntɪnʉˈeːɭɪ
kontinuerlige	kʊntɪnʉˈeːɭɪə
kontinuerlige	ˈkɔntinʉːɾlɪgə
kontinuerligere	kʊntɪnʉˈeːɭɪɾə
kontinuerligst	kʊntɪnʉˈeːɭɪkst
kontinuerligste	kʊntɪnʉˈeːɭɪkstə
kontinumtransfusjoneren	kɔntɪnʊmtrɑnsfʉʃjɔʁən
kontinuumet	kɔntinʉːmɛt
konto	kɔntu
konto	ˈkɔntu
kontoen	kɔntuən
kontoene	kɔntuːənə
kontoer	kɔ́ntʊər
kontonummer	kɔntɔnʉmɛɾ
kontorarbeid	ˈkɔ̀ntɔɾɑːbæɪ̯d
kontorene	kˈʊntuːrana
kontorene	ˈkɔ̀ntʊɾənə
kontoret	kontuːrˈe
kontoret	kɔntɔɾət
kontorist	ˈkɔntʊɾɪst
kontorjobb	kɔntɔɾjɔb
kontorrotte	ˈkɔntɔɾɔtə
kontortid	ˈkɔntɔɾtɪd
kontra	kontra
kontra	ˈkɔntɾɑ
kontrakt	kɔntɾɑkt
kontrakt	kʊnˈtɾɑkt
kontrakten	kɔntɾɑktn̩
kontraktene	kɔntɾɑktnə
kontraspionasje	ˈkɔ̀ntɾɑspɪɔnɑʃə
kontrast	kɔntrɑst
kontroll	kɔntɾɔl
kontrollen	kɔntɾɛln̩
kontrollene	kɔntɾɔlːə
kontroller	kɔntɾɛlɛɾ
kontroller	kˈɔntrɔllər
kontrollere	kʊntɾɔˈleːɾə
kontrollere	ˈkɔntɾɔlːəɾə
kontrollerende	kɔntɾulɛɾɛn
kontrolleres	kɔntɾuləɾɛs
kontrollert	kɔntɾɔlːɛɾt
kontrollerte	ˈkɔntɾulɛʈə
kontrollfrik	ˈkɔntɾɔlfɾɪk
kontrollieren	kɔntɾɔˈliːɾən
kontrollpanelet	kɔntɾɔlpɑnɛlət
kontrollpost	ˈkɔntɾɔlˌpɔst
kontrollrom	ˈkɔntɾɔlːɾʊm
kontrollrommet	kɔntɾɔlːɾʊmː
kontrollsenter	ˈkɔntɾɔlsɛntər
kontrollsenteret	ˈkɔntɾɔlsɛntəɾ
kontrolltårnet	ˈkɔntɾɔltɔːɳə
kontrollør	kʊntɾʊˈløːɾ
kontroversiell	kʊntɾʊʋæʂɪˈjɛl
kontroversielle	ˈkɔntɾovɛɾɪɛ
kontroversielt	kɔntɾovɛɾɪɛlt
konturene	ˈkɔntʉːɾənə
konveks	kɔnˈʋɛks
konvensjonell	kɔnvɛnʃuˈnɛɭ
konvensjonell	kɔnʋənʂʊˈnɛl
konvensjonelle	kɔnvɛnʃuːnəl
konvensjoner	kɔnvɛnʃuŋɛr
konversasjon	kɔnvəɾˈʃɑːsɪɔn
konversasjonen	kɔnvɛʃɔsɛn
konversere	kɔnvəʃəɾə
konversere	kʊnʋæˈʂeːɾə
konverserer	kɔnvɛʃəɾ
konvertere	kɔnvɛtəɾə
konvertert	kɔnvɛtɛɾt
konverterte	kɔnvɛrtə
konvoi	kɔnvɔɪ
konvoien	kɔnvuɪən
konvolutt	kɔnvʊluːt
konvolutt	kɔnʋɔˈlʉt
konvolutten	kɔnvʉlʉt
konvoluttene	kɔnvʉlʉtːn̩
konvolutter	kɔnvʉlʉtɛr
kool	kɔːl
koontz	kuːnts
koopa	kuːpɑ
koordinasjon	kɔɾdiːnɑsjɔn
koordinat	kɔɔdiˈnɑt
koordinatene	kɔʊdɪnɑtənə
koordinater	kɔɾdiːnɑtɛɾ
koordiner	kɔɾdiːnər
koordinerer	ˈkuːɾdiːnəɾɛɾ
koordinert	kuːɾdiːnəɾt
koordinerte	kɔɾdiːnɛʈə
koothrappali	kuːtraːpɑːlɪ
kopi	kupi
kopi	kɔpɪ
kopi	kʊˈpiː
kopier	kɔpɪɛɾ
kopiere	kupiˈɛra
kopiere	kʊpɪˈeːɾə
kopierer	kupːjˈɛr
kopiering	ˈkʰʉːpɪɛɪŋ
kopierte	kɔpɪ́ːɾtə
kopimaskin	kɔpɪmɑʃkɪn
kopimaskinen	kopimaskɪnən
kopirommet	ˈkʰuːpɪɾʊmːə
kople	kɔplə
kople	ˈkɔblə
kopler	kɔpləɾ
koplet	kɔplət
kopling	kɔplɪŋ
koplingen	ˈkɔ̀ːplɪŋən
kopp	kɔp
koppen	kɔpːən
koppene	kopːə
kopper	ˈkɔpər
kor	kuːɾ
kor	kɔr
korallene	ˈkɔrɑlːənə
koraller	ˈkɔːɭəɾ
koranen	ˈkɔːrɑːnən
korben	kɔrˈbɛn
kord	kɔɖ
korea	koɾeːɛɔ
korea	kɔːɾæ
koreanerne	ˈkøːrɑːnəɳə
koreansk	kuːɾæɪ̯sk
koreanske	kuːɾɛɑ̀nskə
koreograf	kɔɾeɔgɾɑːf
koreografi	kɔɾeɔgɾafi
koreografien	kɔːɾeɔgɾafiən
korg	kˈɔrg
korger	kɔrgɪr
korgutt	kɔɾgʉt
koriander	ˈkɔːɾiɑ̀nɖər
kork	koɾk
kork	kɔɾk
korka	koːɾka
korken	kɔɾkən
korkene	kørkʲiˈnɯ
korketrekker	kɔrkɛtɾɛkɛɾ
korketrekker	kɔɾkətɾɛkəɾ
korn	kuːn
korn	kɔɳ
kornet	kɔrn̥
koronasmittede	koˀˢrʉnɛsmitːɛdɛ
koronasyk	kowronasyk
korporal	ˈkɔʁpɔɾɑːl
korporalen	ˈkɔʁpɔrɑːlən
korps	kɔɾps
korps	kɔʁps
korpset	kɔɾpsɛt
korpulent	kɔɾpʉˈlɛnt
korrekt	kɔrɛkt
korrekt	kʊˈɾɛkt
korrekte	kʰɔʁˈɛktɛ
korrektur	ˈkɔrɛktʉːr
korrespondanse	kɔʁːspɔnˈdɑnsə
korridor	ˈkɔrdiːɾ
korridoren	ˈkɔrɪdɔɾən
korridorene	ˈkɔrdiːɾənə
korridorer	ˈkɔrɪdɔr
korriger	kɔrɪˈgeːr
korrigere	kʊɾɪˈgeːɾə
korrigere	ˈkɔrɪˌgeːɾə
korrigering	kɔrɪˈgeːɳ
korrumperer	ˈkɔrʉmːɛrɛr
korrupsjon	kɔrʉpsɪɔn
korrupsjonen	kɔrʉpsɪʊn
korrupt	kɔrʉpt
korrupt	kʊˈɾʉpt
korrupte	kɔrʉpːtə
kors	kɔʂ
korsben	kɔʃbɛn
korsene	ˈkɔʂənə
korset	ˈkɔʂət
korsett	ˈkɔʂːət
korsfarer	ˈkɔʂfɑːr
korsfarere	ˈkɔʂfɑːɾə
korsfarerne	ˈkɔʂfɑːrənə
korsfest	ˈkɔʂfæst
korsfeste	kɔʂˈfɛstə
korsfeste	ˈkɔʂfɛstə
korsfestelse	ˈkɔʂfɛstəlsə
korsfestet	ˈkɔʂfɛst
korsgang	kɔʂgɑŋ
korshak	ˈkɔʂhɑk
korsryggen	ˈkɔʂʁʏgːən
korstog	ˈkɔʂtɔg
korstogene	kɔʂtʊgn̩
korstoget	ˈkɔːʂtɔgə
korsvei	ˈkɔʂʋæɪ
kort	kɔɾt
kort	ˈkɔʈ
korte	kɔɾtə
korte	ˈkɔʈə
kortene	kɔɾtənə
kortere	ˈkɔ̀ʈːəɾə
korterma	ˈkɔʈæɾmət
kortermet	ˈkɔʈæɾmət
korteste	kɔɾtɛs
kortfatta	ˈkɔʈfɑtət
kortfattet	kɔʈfɑtət
kortfattet	ˈkɔʈfɑtət
kortfilm	kɔʈfɪlm
korthet	kɔɾtɛt
kortison	kɔʁtɪsɔn
kortsiktige	kɔʈʂɪçtiːjə
kortslutning	kɔʈʂlʉtnɪŋ
kortspill	kɔʈʂpɪl
kortstokk	kɔʈʂtɔk
kortstokken	kɔʈʂtɔkːən
korttenkt	ˈkɔʈtɛŋkt
korttenkt	ˈkɔʈtɛŋt
korttriks	kɔʈʈrɪks
kortvarig	kɔʈʋɑɾi
kortvarige	ˈkɔʈʋɑːɾɪə
kortvarigere	ˈkɔʈʋɑːɾɪɾə
kortvarigst	ˈkɔʈʋɑːɾɪkst
kortvarigste	ˈkɔʈʋɑːɾɪkstə
kortvokst	ˈkɔʈʋɔkst
korv	kɔrov
korver	kɔrvɨr
korwin	kɔɾʋɪn
kos	kʰɔs
kosebukse	kʉsɛbuksɛ
kosedyr	kɔsɛdir
kosegruppa	kuːʃəgɾʉpː
koselig	koːsˈɛlˈɛ
koselige	kɔsɛlɪgə
koser	ˈkûːsər
kosher	kɔʃkɛ
kosher	ˈkʰɔʃər
koskov	ˈkɔskɔʋ
kosmetikk	kɔsmɛtɪk
kosmetisk	kɔsmɛtɪsk
kosmetisk	kʊsˈmeːtɪsk
kosmiske	kɔsmɪskə
kosmologi	kosmologi
kosmonaut	kɔsmɔnɑʊt
kosmos	kɔsmɔs
kost	kɔst
kosta	kɔstɑ
kostbar	kɔstbɑːr
kostbar	ˈkɔstbɑːɾ
kostbare	ˈkɔstbɑːɾə
kostbart	kɔstbɑːrt
koste	kɔstə
koste	ˈkɔstə
kostelig	ˈkɔstəlɪ
kostelige	ˈkɔstəlɪgə
kostelige	ˈkɔstəlɪə
kosteligst	ˈkɔstəlɪkst
kosteligste	ˈkɔstəlɪkstə
kosteligste	ˈkɔstəlɪçstɛ
kosten	ˈkɔstən
koster	kɔstɪ
koster	ˈkɔstər
kosteskaft	ˈkɔstɛskɑft
kostet	kɔstɛt
kosthold	ˈkɔsthɔl
kostholdet	ˈkɔsthʊldət
kostnad	ˈkɔstnɑːd
kostnaden	ˈkɔstnalən
kostnadene	kɔstˈnɑːdənə
kostnader	ˈkɔstnɑːdər
kostnadsfri	kɔstnɑːdsfɾiː
kostyme	kɔstʏmɛ
kostymeball	kɔstʏmæbɑːl
kostymene	ˈkɔstʏmənə
kostymer	ˈkɔstʏmər
kostymet	ˈkɔstʏmɛt
kotelett	koˀtːɛlətː
kotelett	kʊtəˈlɛt
kotelett	ˈkɔtəlɛt
kotelettene	kotːelˈɛtna
koteletter	kɔtəˈlɛtər
kotov	kɔtɔv
kott	kɔtː
kottet	ˈkɔtət
koufax	kuːfaks
kovach	kɔvaχ
koval	kuːval
kowalski	kuɔɑlski
kr	kr
kra	krɑː
krabat	krabːat
krabaten	krɑːbɑːtən
krabb	krɑb
krabbe	krɑːbːə
krabbe	ˈkɾɑbə
krabben	krɑbːən
krabben	krˈabːən
krabbene	krabːnˈe
krabbene	kræːbənə
krabber	krɑbːər
krabbet	kraːbːət
krabbet	krɑbːət
krabs	kræps
krafse	ˈkɾɑfsə
kraft	krɑːft
kraft	kɾɑft
kraften	krɑːftən
kraften	krˈɑftən
kraftens	krɑːftəns
kraftfelt	kɾɑftfɛlt
kraftfeltet	krɑːftfɛltət
kraftfull	krɑːftfʉl
kraftfulle	krɑːftfʉlə
kraftfullt	krɑːftfʉlt
kraftig	ˈkɾɑftɪ
kraftige	krɑːftɪgə
kraftige	krˈɑftijə
kraftige	ˈkɾɑftɪə
kraftigere	krɑːftɪgəɾə
kraftigere	ˈkɾɑftɪɾə
kraftigst	ˈkɾɑftɪkst
kraftigste	ˈkɾɑftɪkstə
kraftkilde	krɑftçɪldə
kraftløs	krɑːftloːs
kraftstasjonen	krɑfstɔʃɛn
kraftuttrykk	ˈkɾɑftʉtɾʏk
kraftverk	krɑːftvɛrk
kraftverk	krˈaftvərk
kraftverket	krɑːftfɛrçɛt
krage	krɑːgə
krage	krˈɑga
krage	ˈkɾɑːgə
kragebein	krɑːgəˈbæɪ̯n
kragebeinet	kraːgɛbai̯na
kragebeinet	krɑːgəbæɪ̯n
kragen	krɑːgn̩
kragen	krˈɑgən
krager	krˈɑgɪr
krajina	krɑjɪnɑ
krake	ˈkɾoːkə
kraken	krɑːkən
krakk	krak
krakk	krɑk
krakken	krɑkːən
krakken	krˈakːɛn
krakow	krɑːkɔʊ̯
krakozhia	krɑːkɔʃɪ́ɑ
kraler	krɑːlɛr
krall	krɑːl
kram	kɾɑm
kramer	krɑːmɛr
krampe	krɑmpə
krampe	kɾɑmpə
kramper	krɑmpər
krampus	krɑmpʉs
kran	kram
kran	krɑːn
krana	krɑːnɑː
kranbil	krɑːnˈbɪl
kranen	krɑːnən
kranene	krɑːnə
kraner	krɑːnər
krangel	kræŋgəl
krangel	ˈkɾɑŋəl
krangelen	krɑŋːəlɛn
krangle	krɑŋlə
krangle	ˈkɾɑŋlə
kranglene	kranʁlana
kranglene	krɑŋləne
krangler	krɑŋlɛr
kranglet	krɑŋlɛt
kranglet	krˈaŋlɛt
kranglete	krɑŋlɛtə
kranglete	ˈkɾɑŋlətə
krangling	krɑŋlɪŋ
kranglingen	krɑŋlɪŋl̩
kraniebrudd	krɑːniːbrʉt
kraniet	krɑːniɛt
kranium	krɑːniːʉm
krans	krɑːns
krans	kɾˈɑns
kransarterie	kronˀsartˀɛːrja
kransen	krɑːnsən
kranser	krˈansər
krantz	krɑnts
krapp	kɾɑp
krapyl	krɑːpʏːl
krasj	krɑʂ
krasje	krɑʂjə
krasje	ˈkɾæʂə
krasjen	krɑʃən
krasjer	krɑʃər
krasjet	krɑʃɛt
krasjlandet	krɑʃlɛnd
krasnevin	krɑːsneːʋɪn
krasny	krɑːsnʏ
krass	kɾɑs
krassner	krɑsːnɛr
krater	krɑːtər
krateret	krɑːtəɾɛt
kratt	krɑt
kratt	kɾatː
kratta	kɪraːtːa
krattet	krɑtːə
krattet	kɾatːe
kratz	krɑtːs
krauss	krɔʊs
krav	kraːb
krav	krɑːv
krave	kraːv
kraven	krɑːvən
kravene	krɑːvənə
kravet	krɑːʋət
kravle	krɑːvlə
kravle	ˈkɾɑʋlə
kravler	krɑvl̩
kravlere	krɑːvlɛːɾə
kravlerne	krɑːvl̩nə
kravlet	krɑːvl̥ɛt
kravstor	krɑːvstɔːr
kravstor	ˈkɾɑːʋstuːɾ
kray	kʁæɪ
krays	kræɪs
kreativ	kriːˈɑːtɪv
kreativ	krɛɑːtɪf
kreativ	ˈkɾeːɑtiːʋ
kreative	kɾæɪˈtiːvə
kreativitet	kɾæːtɪvɪtɛt
kreativiteten	krɛːɑːtɪvɪtɛn
kreativt	krɛɑːtɪft
kreditere	kɾədɪˈteːɾə
kreditorene	krɛdɪtɔɾənə
kreditorer	kɾˈdiːtʌɾˈiɾ
kreditt	krɛdɪt
kreditt	kɾˈɛdɪt
kreditten	krɛdɪtːən
kredittilsynet	krɛdɪtɪlˈsyːnət
kredittkort	krɛdɪtˈkɔʈ
kredittkort	kɾɛˈdɪtkɔʈ
kreere	kɾəˈeːɾə
kreft	krɛft
kreft	krˈɛft
kreft	kɾɛft
kreften	krɛftn̩
kreftene	krɛftn̩
krefter	kɾɛftəɾ
krefter	kʁæftər
krefter	ˈkɾɛftəɾ
kreftfremkallende	krɛftfræmkalːən
kreftsvulst	krɛftsʋʉlst
kreftsyk	krˈɛftsiːg
krei	krɛɪ̯
krek	krɛk
krekene	krɛkənə
kreket	krɛkət
krem	krɛm
krem	kɾeːm
krematorium	krɛmɑtɔʀiʊm
kremen	krɛmɛn
kremer	kɾəmˌɯ
kremere	krɛməɾə
kremere	kɾəˈmeːɾə
kremeres	krɛməˈɾɛs
kremert	krɛməɾt
kremet	krɛmət
kremfløte	ˈkɾæmfløːtə
kreml	krɛml̥
kremte	ˈkɾɛmtə
kremter	krɛmtər
krenke	krɛŋkə
krenke	ˈkɾɛŋkə
krenkelse	krɛŋkəlsə
krenkende	krɛŋkənə
krenker	krɛŋkər
krenker	kr̝ɛnkir
krenket	krenkˈɪt
krenket	krɛŋkət
kreol	kɾɛˈuːl
krepere	krɛpɛrɛ
kreperer	krɛpəɾəɾ
kreps	krɛps
kreps	kɾɛps
kresen	kræːsən
kresen	krɛsɛn
kresen	ˈkɾeːsən
kresne	krɛsnə
kresten	kr̥eʃt̪n̩
kreta	krɛːtɑ
krets	kres
krets	krɛts
kretse	kretsːa
kretse	ˈkɾɛtsə
kretsen	krɛtsn̩
kretsene	krɛtsənə
kretser	kratsə
kretser	krɛtsər
kretsfengsel	krɛtsfɛŋsl̩
kretskort	krɛtskɔɾt
kretskortet	krɛtskɔɾt
kretsløp	krɛtsløːp
kretsløp	ˈkɾɛtsløːp
kretsløpet	krɛtsløːpət
krev	krɛʋ
krevd	krɛvd
krevd	kɾevt
krevde	krɛvdə
krevdes	krɛvdəs
kreve	krɛːvə
kreve	kɾeva
krevende	kravimda
krevende	krɛʋɛndə
krever	krɛvər
kreves	krɛʋəs
krible	ˈkɾɪblə
kribler	krɪbləɾ
krieger	krɪɛːgər
krig	krɪg
krige	kriga
krige	krɪːgə
krige	ˈkɾiːgə
krigen	krɪgən
krigene	krɪːgənə
krigens	krɪgən
kriger	krɪgəɾ
krigere	krɪgəɾə
krigeren	krɪgəɾən
krigerens	krɪgəɾən
krigerne	krɪgəɳə
krigers	krɪgɛʂ
krigersk	kriːgɪ̞ʃk
krigerske	kriːgɪ̞ʃkæ
krigerske	krɪgɛʂkə
kriget	krɪːgət
krigføring	krɪgføːɾɪŋ
krigs	krɪgs
krigsbytte	krɪgsˈbʏtːə
krigserklæring	krɪgsæɾklæːɾɪŋ
krigsfange	krɪgsfɑŋə
krigsfangene	krɪgsfaŋnə
krigsfanger	krɪgsfɑŋər
krigsforbrytelser	krɪgsfɔɾˈbrʏtəlsɛɾ
krigsforbryter	krɪgsfɔɾˈbryːtər
krigsforbrytere	krɪgsfɔɾˈbryːtər
krigshandling	krɪgsˈhandlɪŋ
krigsherre	krɪgsˈhærə
krigsherren	krɪgsˈhæʂn̩
krigsherrene	krɪgsˈhærənə
krigsherrer	krɪgsˈhærːə
krigsinnsatsen	krɪgsɪnsɑtsn̩
krigsmaskinen	krɪgsmɑʃɪn
krigsministeriet	krɪgsmɪnɪstɛɪ̯
krigsrett	krɪgsʁet
krigsretten	krɪgsˈrɛtːn
krigsråd	krɪgsroːl
krigsskade	krɪgsgɑːdə
krigsskip	krɪgsːɪp
krigsskipet	krɪgsːɪpət
krigssone	krɪgsɔnə
krigsstien	krɪksstiːn
krigstid	krɪgstɪː
krigstider	krɪgstɪːɖɐ
krigsveteran	krɪgsʋɛtəɳ
krigsveteraner	krɪgsʋetəˈnɛːr
krill	krɪl
krim	krɪm
kriminalassistent	krɪmɪnaˈlɑsɪstɛnt
kriminalbetjent	kɾimɪnalbɛçɛnt
kriminaletterforsker	krɪmɪnaˈlɛtɛɾfɔʂkər
kriminalinspektør	kɾimɪnalɪnsɛkˈtøːɾ
kriminalitet	krɪmɪnɑlɪtɛt
kriminaliteten	krɪmɪnɑlɪtɛn
kriminalomsorgen	krɪmɪnaːlɔmsɔɾɪn
kriminalpolitiet	krɪmɪnaːlpɔlɪˈtiː
kriminalroman	kɾɪmɪˈnɑːlɾʊmɑːn
kriminalsjef	krɪmɪnalʃɛf
kriminaltekniker	kɪˈmiːnɑltɛknɪker
kriminalteknikerne	krɪmɪnɑːltɛknɪkɛɾnə
kriminalteknisk	krɪmɪnaltekniʃ
kriminaltekniske	krɪmɪnɑːltekniːskə
kriminell	krɪmɪnɛɭ
kriminell	kɾiminell
kriminell	kɾɪmɪˈnɛl
kriminelle	kriːminella
kriminelle	krɪmɪnɛlə
kriminelt	krɪmɪnɛlt
krimskrams	krɪmskrɑːms
krimtekniker	kɾimtɛkniˈkiɾ
krimteknisk	krɪmˈtæknɪsk
kringkaste	krɪŋkɑstə
kringkaste	ˈkɾɪŋkɑstə
kringkaster	krɪŋkɑstər
kringkasting	krɪŋkɑstɪŋ
kringle	kriːnˈlˈa
kringle	krɪŋlə
kringlene	kɾiŋlana
kripke	krɪpkə
kripos	kriːp˥oːs
kripos	krɪpɔs
kris	krɪs
krise	krɪsə
krise	kɾjˈs
krisemøte	krɪsəˈmøːtə
krisen	krɪsən
krisen	kɾiːsen
krisene	kriːsˈɛn
krisepakke	krisɛpˢˀakːə
kriser	krɪsər
krisesituasjon	krɪsɪsʉɪɑːʒɔn
krish	krɪʂ
krishna	krɪʃn̩
krispin	krɪspɪn
krissi	krɪsːi
krista	krɪsta
kristelig	ˈkɾɪstəlɪ
kristelige	ˈkɾɪstəlɪə
kristeligere	ˈkɾɪstəlɪɾə
kristeligste	ˈkɾɪstəlɪkstə
kristen	krɪstən
kristen	kɾistˈiŋ
kristen	ˈkɾɪstən
kristendommen	krɪstənˈdɔmən
kristent	krɪstɛnt
krister	krɪstər
kristi	krɪstɪ
kristian	krɪstiɑːn
kristiane	kɾɪstɪaːmɛ
kristin	krɪstɪn
kristin	kɾɪstɪm
kristin	ˈkɾɪstɪn
kristina	krɪstɪnɑ
kristine	krɪstiːnə
kristne	krɪstnə
kristoff	krɪstɔf
kristoffer	krɪstɔfɛr
kristoffer	kɾɪˈstɔfəɾ
kristofferson	krɪstɔfɛʂɔn
kristopher	krɪstɔfɛr
kristus	krɪstʉs
krita	krɪtɑ
kriteriene	ˈkɾiːtəɾiːən
kriterier	ˈkɾɪtəɾɪəɾ
kriterium	kriterɪim
kriterium	ˈkɾiːtəɾɪʊm
kritiker	krɪtɪkɛɾ
kritiker	kɾitikɪ̞r
kritikere	krɪtɪkəɾə
kritikerne	krɪtɪkəɳə
kritikk	kɾɪtɪk
kritikk	kʁitˈik
kritikken	krɪtɪkən
kritikker	krɪtɪkər
kritikkverdige	kɾɪˈtɪkʋæɖɪə
kritikkverdigst	kɾɪˈtɪkʋæɖɪkst
kritikkverdigste	kɾɪˈtɪkʋæɖɪkstə
kritiser	kɾiːtɪsɛɾ
kritisere	krɪtɪsɛːɾə
kritiserer	krɪtɪsɛr
kritisert	krɪtɪsɛɾt
kritiserte	krɪtɪsɛɾtə
kritisk	krɪtɪsk
kritiske	krɪtɪskə
kritt	krɪt
kritt	krˈɛt
kro	kɾuː
kro	kʁuː
kroa	krɔː
kroatia	kɾɔɑtiɑ
kroatisk	kɾʊˈɑːtɪsk
kroen	krøːn
kroene	kruːɐnɐ
kroer	kruːr
krogstad	krɔgstɑːd
krok	kruːk
krok	kɾɔk
krok	kɾʊk
kroke	ˈkɾøːkə
kroken	kruːkən
kroken	krɔkən
krokene	krɔkənə
kroker	kruːkˈiːr
kroker	kɾʊkər
krokete	krɔkɛtə
kroki	kɾukːi
krokodilla	krokodila
krokodille	kɾʊkɔdɪlə
krokodillen	krɔkɔdɪln̩
krokodillene	krɔkɔdɪlːə
krokodiller	kɾʊkɔdɪlɛɾ
krokus	krʊkəs
kroll	kɾɔɭ
krom	kɾɔm
kromosfære	kruːmosfaːra
kromosomer	krʊmɔsɔmər
kron	krɔn
krona	krɔnɑ
krona	krˈona
krone	krɔnə
kronen	krɔnən
kronene	kruːnuna
kronene	krɔnːə
kronens	krɔnəns
kroner	krɔnər
krones	krɔnəs
kronet	krɔnət
kronikk	kronˈɪk
kroning	krɔːnɪŋ
kroningen	krɔnɪŋən
kronisk	kruːnɪsk
kronisk	krɔnɪsk
kroniske	krɔnɪskə
kronjuvelene	krɔnjʉvələ
kronk	krɔŋk
kronologi	kʁonologˈi
kronologisk	krɔnulɔgɪsk
kronos	krɔnɔs
kronosfæren	krɔnɔsfæːɾən
kronprins	krɔːnˈprɪns
kronprinsen	krɔnːprɪsn̩
kropp	krɔp
kropp	kɾɔp
kroppen	krɔpːən
kroppene	kropːəna
kroppene	krɔpːə
kroppens	krɔpːən̩
kropper	krɔpːər
kropps	krɔps
kroppsbygging	ˈkɾɔpsbyːgɪŋ
kroppsbygning	kɾɔpsbʏŋ
kroppsdel	krɔpsdɛl
kroppsdelene	krɔpsdɛːlənə
kroppsdeler	krɔpsdɛlɛr
kroppsfett	krɔpsfɛt
kroppshetse	kropːshətːsˀ
kroppslig	kɾɔpslɪ
kroppslige	krɔpsliːgə
kroppslige	ˈkɾɔpʂɭɪə
kroppsligst	ˈkɾɔpʂɭɪkst
kroppsligste	ˈkɾɔpʂɭɪkstə
kroppsspråk	krɔpsprɔk
kroppsspråket	krɔpsprɑːkɛt
kroppstemperatur	krɔpːstɛmpəɾʊːɾ
kroppstemperaturen	krɔpːstɛmpəˈɾʉːn
kroppsvarme	krɔpsvɑɾmə
kroppsvisiter	krɔpsvɪsɪtər
kroppsvisitere	krɔpsvɪsɪtəɾə
kroppsvæsker	krɔpsvɛskər
krosigk	krɔsɪg
krotekaker	kruːt˦iː˧kakaːr˧
krueger	krʉːgər
krug	krʉːg
kruger	krʉgə
krukka	krʉkːɑ
krukke	krʉkːə
krukken	krʉkːən
krukker	krʉkːər
krum	krum
krum	krʉm
krum	kɾʊm
krumme	krʉmːə
krummer	krʉmːər
krus	krʉs
kruse	kruːsə
kruset	krʉːsɛt
krusifiks	krʉːsɪfɪks
krutsjov	krʉʂɔv
krutt	krʉt
kruttet	krʉtː
kruttslam	krʉtslam
kruttønne	krʉtːɔnə
kry	kɾyː
krybbe	krʏbːə
krybben	krɪbːən
krydde	krɪdə
krydder	krʏdːər
krydder	ˈkɾʏdəɾ
kryddere	kɾidːara
krydderet	krʏdːərɛt
krydderne	kɾiːtzɑɾnɑ
krydra	kɾɪddra
krydre	krʏːɖɾə
krydre	ˈkɾʏdɾə
krydret	krʏːɖɾɛt
krydret	kɾidɾet
krykke	krʏkːə
krykke	ˈkɾʏkə
krykkene	krʏkːənə
krykker	krɪkːər
krympe	krʏmpə
krympe	ˈkɾʏmpə
krymper	krɪmpər
krympet	krʏmpət
kryp	krɪp
krype	kriːp
krype	krʏpə
krype	ˈkɾyːpə
krypende	krʏpən̩dɛ
krypende	krʲipːɛnˈa
krypene	krʏpənə
kryper	krʏpɛɾ
krypet	krʏpət
krypinn	krʏpɪn
krypskytter	krʏpsçʏtːər
krypskyttere	krʏpsçʏtʰɛɾə
krypskytterne	krʏpsçʏtɛʁnə
krypt	krʏpt
krypt	kɾʏpt
krypten	kɾʏptn̩
kryptering	krʏpˈtæːɾɪŋ
krypteringen	krʏptəɾɪŋ
kryptert	krʏptæɾt
kryptisk	krʏptɪsk
kryptisk	ˈkɾʏptɪsk
krypton	krʏptɔn
kryptonitt	krʏptɔnɪt
kryptonitten	kɾʏptɔnɪtːən
kryr	krɪːr
krysning	krʏsnɪŋ
kryss	krʏsː
kryss	kɾʏs
krysse	krʏsːə
krysse	ˈkɾʏsə
krysser	krʏʂːər
krysses	krʏsː
krysset	kryssət
krysset	krɪsːɛt
kryssforhør	krʏsːfɔɾhøɾ
kryssforhøre	krɪsːfɔːrøːɾə
kryssilden	krʏsɪldn̩
kryssord	krɪsːɔɖ
kryssordet	krʏsːɔɾː
krystal	krystɑl
krystall	kristɑl
krystall	krɑstɑl
krystall	kɾʏsˈtɑl
krystallen	krɪstɑlːn̩
krystallene	krɪstɑlːənə
krystaller	krʏstɑlːər
krystallklar	krɑstɑlklɑːr
krystallkule	krɪstɑlkuːlə
kryste	ˈkɾʏstə
kråke	krokke
kråke	krɔːkə
kråkene	krɔːkənə
kråker	kroːkˈeːr
kråker	krɔːkər
kråle	ˈkɾoːlə
kræsje	kræʃə
kræsjer	kræɕər
kræsjet	krɛʃːət
krøke	ˈkɾøːkə
krøll	krøl
krøll	krœl
krølle	krœlə
krølle	ˈkɾœlə
krøllene	krøːləne
krøller	krøːlə
krøllet	krøːlət
krøllet	krˈœllət
krøllete	krøːlətə
krøp	krøːp
krøpet	krøːpət
krøpling	krœplɪŋ
krøplingen	krøplɪŋ
krøplinger	krøplɪŋər
krøtter	kratːər
krøyer	krøjɛr
krøyp	kɾæjp
krüger	kɾyːgər
ku	kjuː
ku	kuː
ku	kʉː
kua	kua
kua	kuːɑ
kubansk	kuːbɑnsk
kubanske	ˈkʉːbɑnskə
kubbe	ˈkʉbə
kube	ˈkʉːbə
kubein	kuːbɛɪn
kubelik	kuːbɛlɪk
kuben	kuːbən
kubik	kʉbɪk
kubikkmeter	kuːbɪkːmɛtɾ
kublai	kuːblaɪ
kubra	kuːbrɑ
kubrick	kuːbɾɪk
kue	ˈkʉːə
kuene	ˈkʉːnə
kuer	kʉr
kuer	ˈkʉːr
kujon	kʉjɔn
kujoner	kuːjɔnɛr
kuk	kʉk
kuken	kuːkən
kuker	kuːkɛr
kukk	kʉk
kukken	ˈkʉkːən
kukker	kuːkɛr
kukksuger	kuːksʉgər
kuklinski	kuːkliŋski
kul	kuːl
kul	kʉːl
kula	kuːlə
kulda	kuːlda
kulde	kuːldə
kuldegrader	kuːldəgɾɑːdər
kulden	kuːldn̩
kule	kuːlə
kule	ˈkʉːlə
kulehull	kuːləhul
kulehullene	kuːləhulə
kulen	kuːlən
kulene	kuːlənə
kulepenn	kuːləpɛn
kulepenn	kʉːləpɛn
kuler	kuːlə
kulere	kuːləɾə
kulere	kˈʉlərə
kulest	kʉːlˈɛst
kuleste	kuːlɛstɛ
kuli	kuːliː
kulinarisk	kʉlɪˈnɑːɾɪsk
kuling	kʉlɪŋ
kulissene	kuˈlɪsːə
kull	kʉl
kullet	kʉlːət
kullgruve	kʉlgɾʉvə
kullsvart	ˈkʉlsʋɑːɾt
kullsyre	kʉlsʏɾə
kulminere	kʉlmɪˈneːɾə
kult	kilt
kult	kʉlt
kult	kʉt
kulten	ˈkʉltn̩
kulter	kuːltər
kultivere	kʉltɪˈʋeːɾə
kultivert	ˈkʉltɪʋəɾt
kultiverte	ˈkʉltɪvəɾtə
kultur	kultˈʉr
kultur	kʉlˈtʉːɾ
kultur	ˈkʉltʉɾ
kulturell	kʉltʉˈɾɛl
kulturell	ˈkʉltʉɾɛɭ
kulturelle	ˈkʉltʉɾlə
kulturelt	ˈkʉltʉɾɛlt
kulturen	kʉltʉɳ
kulturer	kʉltʉɾ
kulturmelken	kʉltˀʉrməlk̊in
kulørt	kʉˈløːʈ
kumar	ˈkʊːmɑːr
kumbaya	kʉmˈbɑjɑ
kumle	kumla
kumlene	kumləˈna
kummerlig	ˈkʊməɭɪ
kummerlige	ˈkʊməɭɪə
kummerligere	ˈkʊməɭɪɾə
kummerligst	ˈkʊməɭɪkst
kummerligste	ˈkʊməɭɪkstə
kumøkk	ˈkʉ̂ːmœk
kun	kʉːn
kun	kʏ̞n
kunde	kʉndə
kunde	ˈkʉndə
kundene	ˈkʰʉnːə
kundenes	ˈkʉːdnəs
kundens	ˈkʰʉnːəns
kunder	ˈkʉːnəɾ
kundeservice	ˈkʉnəˌsɛɾvɪs
kung	kʊŋ
kunne	kynne
kunne	kʉnːə
kunne	ˈkʉnə
kunnet	kʏ̞nne̞t
kunnet	ˈkʉnːət
kunngjorde	ˈkʉŋjɔːɾə
kunngjort	ˈkʉŋjɔʈ
kunngjør	ˈkʰʉŋjœɾ
kunngjøre	ˈkʉnjøːɾə
kunngjøre	ˈkʰʉŋjœɾə
kunngjøres	ˈkʉŋjøːɾəs
kunngjøring	ˈkʉŋjøːrɪŋ
kunngjøringen	ˈkʰʉŋjœɾɪŋ
kunngjøringer	ˈkʉŋjøːrɪŋər
kunnskap	ˈkʰʉnːskɑp
kunnskapen	ˈkʉnːskaːpən
kunnskapene	ˈkʰʉnːskɑpənə
kunnskaper	ˈkʰʉnːskɑːpər
kunst	kʉnst
kunst	kʏnst
kunstakademiet	ˈkʰʉnstɑkɑˌdeːmiːə
kunsten	ˈkʉːstən
kunstens	ˈkʰʉnstəns
kunstform	ˈkʰʉnstfɔrm
kunstgalleri	ˈkʰʉnstgɑˌlæɾɪ
kunsthandler	ˈkʉnsthɑnləɾ
kunsthistorie	kʰʉnstɪshˈtɔɾi
kunsthåndverk	ˈkʉnsthɔnʋæɾk
kunstig	kynstij
kunstig	ˈkʉnstɪ
kunstige	ˈkʉnstɪə
kunstigere	ˈkʉnstɪɾə
kunstigst	ˈkʉnstɪkst
kunstigste	ˈkʉnstɪkstə
kunstnere	ˈkʰʉnstnəɾə
kunstneren	ˈkʰʉnstnəɾən
kunstnerens	ˈkʰʉ̂nstnəɾəns
kunstnerisk	ˈkʉnstnəɾɪsk
kunstnerne	ˈkʰʉ̂nstnəɾnə
kunstskole	ˈkʰʉnsːkʰuːlə
kunstskolen	kʰʉnstʃʉːlən
kunstverdenen	ˈkʰʉnsːtʋæɾdən
kunta	ˈkʉntɑ
kupeen	ˈkʉːpən
kupert	gypɛrt
kupong	kuːpɔŋ
kupongen	kuːpɔŋə
kupongene	kuːpɔŋənə
kuponger	kuːpɔŋgər
kupp	kʉpː
kuppe	kʏ̞pːæ
kuppel	ˈkʉpəl
kuppelen	ˈkʉ̀ːplən
kuppelens	ˈkʉ̀pələns
kuppet	ˈkʉpət
kupé	kuːpɛ
kupé	kʉˈpeː
kurant	kʉˈɾɑnt
kurator	ˈkʉːrɑtɔr
kurder	ˈkʰʉːɖəɾ
kurdistan	ˈkʰʉːɾdɪˌstɑːn
kuren	ˈkʉːɾən
kurere	ˈkʉːrərə
kureren	kuːɾən
kurerer	ˈkʉːrərər
kurert	kuːɾət
kurerte	ˈkʉːɾəɾtə
kurian	kuːɾi̯ɑn
kuriøs	kʉɾɪˈøːs
kurs	kuʂ
kurs	kʉːʂ
kursen	kuʂn̩
kursendring	kʉʂsɛndɾiŋ
kursene	ˈkʰʉʂənə
kurset	ˈkʰʉʂːət
kursiv	kʉˈʂiːʋ
kurt	kʉʁt
kurtisane	kʉʁtɪsɑːnə
kurtisere	kʉʈɪˈseːɾə
kurtwell	kʉʈʋæɭ
kurtz	kuʂ
kurv	kurv
kurv	kʉɾʋ
kurve	kurvə
kurve	ˈkʉɾʋə
kurven	ˈkʉːʋən
kurvene	ˈkʉːɾʋənə
kurver	kurvɛr
kurvet	kʉrvˈət
kurwa	kuːɾʋɑ
kurér	kuːˈɾeːɾ
kuse	kuːsə
kush	kuʃ
kusina	ˈkʉːsɪnə
kusine	kʉsiːnə
kusinen	ˈkʉːsɪnən
kusiner	ˈkʉːsɪnər
kusines	ˈkʉːsɪnəs
kusk	kuʂk
kusken	ˈkʉskn̩
kusma	ˈkʉsmɑ
kusma	ˈkʉʂma
kutt	kʉt
kutt	kʉt̪ː
kutta	ˈkʉtːa
kutte	kuːt̪t̪ə
kutte	kʏ̞tːɪ̞
kutte	ˈkʉtə
kuttene	kuːtːən̩
kutter	kytːɪ̞r
kutter	ˈkʉtːər
kuttes	kuːtəs
kuttet	kʏ̞tːɪ̞t
kuttet	ˈkʉtːə
kutting	kɵtːiŋ
kuttut	ˈkʉtːʉt
kuwait	kʉɑːʋɛɪ̯t
kuzco	kʉtskʉ
kuøye	kyːøjeː
kvadrant	kvɑːdɾɑnt
kvadranten	kvɑːdɾɑn̩t̪
kvadrat	ˈkʋɑːdɾɑt
kvadratisk	kʋɑˈdɾɑːtɪsk
kvadratkilometer	ˈkʋɑːdɾɑtˌkɪlɔmɛːɾ
kvadratmeter	kʋɑˈdɾɑːtmeːtəɾ
kvae	kvar
kvae	ˈkʋɑːə
kvakk	kvɑk
kvakksalver	ˈkʋɑksɑlvər
kvakksalveren	ˈkʋɑksɑlvəɾən
kvaler	ˈkʋɑːləɾ
kvalifikasjonene	ˈkʋɑːlɪfɪkɑːʃuːnə
kvalifisere	ˈkʋɑːlɪfɪsəɾə
kvalifisert	ˈkʋɑːlɪfɪʂt
kvalifiserte	kvalifjzɛrtɛ
kvalifiserte	ˈkʋɑːlɪfɪsəɾtə
kvalitativ	ˈkʋɑlɪtɑtiːʋ
kvalitet	kvaliːtˈɛːt
kvalitet	kvɑːlɪtɛt
kvalitet	kʋɑlɪˈteːt
kvaliteten	ˈkʋɑːlɪtən
kvaliteter	kvˈɑlɪtɛtɛr
kvaliteter	ˈkʋɑːlɪtətər
kvalitetstid	ˈkʋɑːlɪtɛstɪː
kvalm	kwɑːlm
kvalm	kʋɑlm
kvalme	kvɑlmə
kvalme	ˈkʋɑlmə
kvalmen	ˈkʋɑːlmən
kvalmende	kvɑlmɛndə
kvalmt	kwɑːlm̩t
kvalt	kvˈɑːlt
kvalte	kvɑːltə
kvam	kvˈam
kvann	kfɑn
kvantefysikk	ˈkʋɑ̀ːntəˌfʏsɪk
kvantitativ	ˈkʋɑntɪtɑtiːʋ
kvantitet	kvɑntiːtɛ
kvantum	kvɑntʉm
kvark	kvarjk
kvark	kʋɑɾk
kvarken	kvarkɛˈn
kvart	kvɑːɾt
kvart	kʋɑʈ
kvartal	ˈkʋɑːʈɑːl
kvartalene	kvɑːɾtɑːlənə
kvartaler	ˈkʋɑːrtɑːlɛr
kvartalet	ˈkʋɑːɾtɑːlɛt
kvarter	kvɑːtər
kvartermesteren	kvɑɾtəˈmeːstɛɾən
kvarters	ˈkʋɑːʈəʂ
kvartfinale	kvartˀfɪnalə
kvass	kʋɑs
kvast	kvˈast
kvede	kvʲeda
kveget	kvɛgət
kveid	kvæɪ̯d
kveiden	ˈkʋæɪ̯ːdən
kveik	kvˈəik
kveile	ˈkʋæɪlə
kveite	kvajit
kveite	ˈkʋæɪ̯tə
kveker	kvɛkər
kvekke	ˈkʋɛkə
kvel	kvɛl
kveld	kvɛld
kveld	kvˈɛl
kveld	kʋɛl
kveld	ˈkʋɛl
kvelden	kvˈɛlən
kvelden	ˈkvɛ̀ldn̩
kvelden	ˈkʋɛlən
kveldene	kvɛldənə
kveldens	kvɛldəns
kvelder	kvɛldər
kvelder	kvˈɛllˈøː
kvelds	kvɛ́lds
kveldsdrink	kvɛldsdrɪŋk
kveldsmat	kvɛ́ːlsmɑːt
kveldsmaten	kvɛlsmaːtən
kveldsmaten	kvˈɛlsmɑːt�en
kveldsnyhetene	kvɛ́lsnʏ̀ːtə
kveldsskole	ˈkʋɛlskuːlə
kveldstid	kvɛlstɪː
kvele	kvˈeːl
kvele	ˈkʋeːlə
kvelende	ˈkʋæːləndə
kveler	ˈkʋɛːləɾ
kvelertak	ˈkʋɛːləˌtɑːk
kveles	ˈkʋeːlə
kvelning	kvɛlnɪŋ
kvelte	kvɛltə
kveppe	ˈkʋɛpə
kverk	çʋɛɾk
kverka	ˈkʋæɾkɑ
kverke	ˈkʋæɾkə
kverken	ˈkʋæɾkən
kverker	ˈkʋæɾkər
kverket	çʋɛɾkət
kverna	kvɛɳə
kverner	kværneɾ
kverulere	kʋæɾʉˈleːɾə
kvesse	ˈkʋɛsə
kveste	ˈkʋɛstə
kvie	kvˈeː
kvie	ˈkʋiːə
kvige	kvig
kvikk	kvikː
kvikk	kʋɪk
kvikk	çʋɪk
kvikke	kvɪkːə
kvikksand	kvɪksːɑnd
kvikksølv	kvɪksːœlv
kvikt	çʋɪkt
kvinna	kvɪnːə
kvinna	kvˈɛnna
kvinne	kvinnɛ
kvinne	kvɪnːə
kvinne	ˈkʋɪnə
kvinnebedårer	kvɪnːəbeˈdɔːɾ
kvinnefengsel	kvɪnːəfeŋːsəl
kvinnehater	kvɪnəˈhɑːtər
kvinneklær	kvɪnːəklæːr
kvinnelig	ˈkʋɪnəlɪ
kvinnelige	ˈkʋɪnəlɪə
kvinnelige	ˈkʋɪnːəlɪgə
kvinneligere	ˈkʋɪnəlɪɾə
kvinneligst	ˈkʋɪnəlɪkst
kvinneligste	ˈkʋɪnəlɪkstə
kvinnen	ˈkʋɪnːən
kvinnenes	ˈkʋɪnənəs
kvinnens	ˈkʋɪnəns
kvinner	kvɪnːər
kvinner	kvˈɪnər
kvinners	ˈkʋɪnːɐs
kvinnes	ˈkʋɪnːə
kvinnfolk	kvɪnːfɔk
kvinnfolka	kvɪnːfɔlka
kvinnfolket	kvɪnːfɔlːk
kvinnherad	kvˈɪnhərad
kvise	kvˈiːs
kvise	ˈkʋiːsə
kvisene	ˈkʋiːsənə
kviser	ˈkʋiːsər
kvisete	ˈkʋiːsətə
kvist	kvɪst
kvist	kvˈɛst
kvisten	çʋɪstɛn
kvister	ˈkʋɪstə
kvitre	kvˈɪtrə
kvitre	ˈkʋɪtɾə
kvitrer	kvɪtrər
kvitt	kvɪt
kvitt	kʋɪt
kvitte	ˈkʋɪtə
kvitte	ˈkʋɪtːə
kvitter	ˈkʋɪtːər
kvittere	kʋɪˈteːɾə
kvittere	ˈkʋɪtːəɾə
kvittering	ˈkʋɪtəɾɪŋ
kvitteringen	ˈkʋɪtəɾɪŋən
kvitteringene	ˈkʋɪtːəɾɪŋnə
kvitteringer	ˈkʋɪtːɪŋər
kvittet	kvɪtːə
kvote	ˈkʋoːtə
kvoten	ˈkʋoːtən
kvotere	kʋʊˈteːɾə
kvällspressen	kvæ̀lsprɛ̀sːn̩
kw	kw
kwan	kʋɑn
kwenthrith	kwɛntʁiːθ
kwon	kwɔn
kye	çʏ
kygo	kigo
kyi	çʏɪ
kyles	çʏləs
kylie	çʉɭiː
kylling	kjllɪŋ
kyllingbein	çʏlɪŋbæɪ̯n
kyllingen	çʏlɪŋən
kyllingene	çʏlɪŋnə
kyllinger	çʏlɪŋːər
kyllingsalat	çʏlɪŋsɑlɑt
kynaston	knɪ̂stsɔn
kyndigere	ˈçʏnɪɾə
kyndigst	ˈçʏnɪkst
kyndigste	ˈçʏnɪkstə
kyniker	çʏnɪkɛɾ
kyniker	ʃiːnɪkɪ̞ɾ
kynisk	çʏnɪsk
kynisk	ʃiːnɪsk
kyniske	çʏnɪskə
kynisme	ʃiːnism
kyoto	kʏɔtʊ
kypriot	kipriut
kyprioten	kipriotun
kypriotisk	kipriutesk
kypros	kiprof
kypros-opptaket	kʏpɾɔsːɔptɑkɛt
kyr	çyːɾ
kyr	ʃiːr
kyra	çʏɾɑ
kyrne	kʏːɳə
kyse	çʏsə
kyss	çʏs
kyssa	çʏsːɑ
kyssene	çʏsːə
kysser	çʏsːɛr
kysser	ʃiːʃsɪb
kyssesyken	çʏsːɛʏkːn
kysset	ʃusˈtˈ
kyssingen	çʏsɪŋən
kysten	çʏstən
kysten	ʃɪstɪ
kystklima	ʃiʃtklima
kystlinjen	çʏstˈlɪnjən
kystvakt	çʏstʋɑkt
kystvakten	çʏstˈvɑktən
kågen	kog̝ɛn
kåk	koːk
kåk	pok
kåken	koːkən
kål	koːl
kål	poɫ
kålen	koːlləŋ
kålen	koːlən
kålrot	koːɭrɔt
kåpa	koːpɑ
kåpe	koːpə
kåpen	kˈoːpən
kår	koːr
kåre	ˈkoːɾə
kåret	ˈkæːɾət
kåsere	kɔˈseːɾə
kåt	koːt
kåte	koːtə
kø	køː
kø	ˈkøː
køben	ʃøbʲɪn
københavn	çœbnˈhɑʋn̩
københavns	ˈkøb̥ənʰʋɑns
kødda	ˈkœd̥ɑ
kødde	kuːðə
kødde	kɛdːɑ
køddene	kuːdənə
køddet	ˈkœdət
køen	kuːən
køer	kuːɾ
kølla	kœlə
kølle	kœlː
køllene	kœlːənə
køln	kœln
køm	køm
kømmer	ˈkœmːər
køya	kuːjɑ
køye	kuːjə
køye	ˈkœjə
køyen	køjjən
køyer	ˈçøʏɾ
køyeseng	kuːjəsɛŋ
køyesengene	køːjeːsɛŋine
la	la
la	laː
la	lɑː
la	lɔ
la-politiet	laːpɔlɪtɛt
laaa	laː
lab	ɭɑːb
labb	lɑb
labb	ɭɑb
labbe	ˈlɑbə
labben	ɭɑbːən
labbene	ɭɑbːənə
labber	ɭɑbːər
laben	laːb̥ən
labene	ˈlɑːbənə
laber	laːbɛr
laber	ˈlɑːbəɾ
laboratoriene	ˈlɑːbɔrɑtɔɾɪənə
laboratoriet	ˈlɑːbɔɾɑtɔɾiːt
laboratorium	ˈlɑːbɔɾɑːtɔɾiʏm
laboratoriumet	ˈlɑːbɔrɑːtɔɾiʉmɛt
labour	laːbuːr
labrador	ˈlɑːbɾɑːdɔɾ
labresultatene	ləbɾesʉlˈtɑːtənə
labyrint	ˈlɑːbʏrɪnt
labyrinten	ˈlɑːbʏɾɪntn̩
lachlan	laχlɑn
lacrosse	ˈlɑːkrɔs
lad	laːd
ladd	lod
ladd	ɭɑd
laddie	ˈlɑdiː
lade	laːd̥ə
lade	ˈlɑːdə
laden	ˈlɑːdən
ladens	ˈlæːdəns
lader	laðe
lader	lɑːdɛɾ
lader	ˈlɑːdər
laderen	ˈlɑːdərən
lades	laːdəs
ladet	ˈlɑːdət
ladgerda	ˈlɑːgəɾda
ladies	ladiːs
ladning	laːdnɪŋ
ladningen	laːdŋən
ladningene	ˈlɑːdnɪŋənə
ladninger	laːdnɪŋər
laere	ˈlæːɾə
laerer	ˈlæːrər
laerte	leːɾtə
laertes	ˈlæːɾtəs
lafayette	ˈlɑːfɛɪt
lafe	laːf
lafleur	laːfløːr
lafte	ˈlɑftə
lag	laːg
lag	lɑːg
lag	lɔːk
laga	lɑːgə
laga	lˈaga
lagana	laːgaːnə
lagarbeid	laːgɑɾbæɪ̯
lagarde	laːgɑːɾdɛ
lagd	lag
lagde	lagd̥ə
lage	laːgə
lage	lɑːgə
lage	ˈlɑːgə
lagelig	ˈlɑːgəlɪ
lagelige	ˈlɑːgəlɪə
lageligst	ˈlɑːgəlɪkst
lageligste	ˈlɑːgəlɪkstə
lagen	lˈɑːgən
lagene	laːgnə
lagene	lˈɑːgənə
lager	lagər
lager	lɑːgir
lager	lˈɑːgər
lagerbygning	lagiːrbʲignʲiŋ
lagerbygningen	ˈlɑːgərbygnɪŋən
lageret	laːgəɾət
lagerhus	lagərhʉs
lagerhuset	lagəɾhusɛt
lagerlokale	laːgɛɭɔkɑːlə
lagerplass	laːgɛrplɑsː
lagerrom	lagəɾʊm
lagerrommet	lagəɾʊmː
lagertha	ˈlɑːgəɾtɑ
lages	lagəs
laget	lagət
lagets	laːgəʂ
lagfører	laːgfœɾər
lagkamerat	laːgkɑːmɛrɑːt
lagkameratene	lagkɑmɛrɑtənə
lagkamerater	laːgkɑːmɛɾɑːtɛɾ
lagkaptein	laːgkɑːptæɪn
lagleder	lagleːðːi
lagleder	laːglɛːdər
lagnad	lˈɑːgnad
lago	laːguː
lagos	laːgɔs
lagre	laːgrə
lagre	lˈagrə
lagre	ˈlɑːgɾə
lagrene	lagɾənə
lagrene	lˈagɹənə
lagrer	lagrɛːr
lagres	lagrɛs
lagret	lagrɛt
lagring	lagrɪŋ
lagring	lˈagɾɪŋ
lags	lags
lagsarbeid	ˈlɑːgsɑɾbæɪ
lagspiller	laːgspɪlə
lagt	lagt
laguardia	laguɑɾdiɑ
laguerta	laːgʉːɾtə
laguna	lagʉnə
lagune	laːgʉːnə
lagunen	laːgʉːn̩
lagånd	laːgɔnt
lahey	laːhɛɪ
lai	laɪ
laila	læɪlə
laine	laɪnə
lake	laːk
lake	ˈlɑːkə
lakei	laːkɛɪ
lakeier	laːkɛɪ̯ːr
laken	ˈlɑːkn̩
laken	ˈlɑːkən
lakenene	ˈlɑːkənə
lakener	ˈlɑːkənər
lakenet	ˈlɑːkənət
lakes	laːkɛs
lakk	ɭɑkː
lakke	ˈlɑkə
lakken	ɭɑkːən
lakkene	lakːene
lakker	laːkːɪ̞r
lakkere	lɑˈkeːɾə
laknene	laːkneːnə
lakris	lakɾˈis
lakris	laːkɾɪs
lakrisene	lakristna
laks	laks
laks	laːks
laks	loks
laks	lɑks
laks	lɔks
laksativ	lˈaksatˈv
laksen	ɭɑːkʂən
laksen	ˈlɑksn̩
laksene	ˈlɑksnə
lakser	ˈlɑksəɾ
laktose	ˈlɑːktʊsə
laktoseintolerant	ˈlɑːktʊsəɪntʊˌlæɳt
lala	laːlɑ
lallybroch	laɭɪbrox
lam	lɑm
lam	lɑn
lam	lɑːm
lama	laːma
lama	lma
lamaer	laːmæːr
lamar	laːmɑr
lambda	læmˈbɑ
lamborghini	ˈlæmbɔɾgɪnɪ
lamia	laːmiː
lamme	ɭɑmːə
lamme	ˈlɑmə
lammekjøtt	ɭɑmːkøçː
lammekoteletter	ˈlæ̀mːəkɔtəˌlɛtər
lammelse	lɑmɛlsə
lammelse	ɭɑmːɛɬsə
lammelsen	ɬɑmːəlsən
lammelår	lammlˈɔr
lammende	lamːənə
lammene	lamːənə
lammene	lamːɛnɛ
lammer	ɭɑmːər
lammet	lamˈma
lammet	ɭɑmːət
lammeull	lammɛuːl
lamont	laːmɔnt
lampa	lɑmpɑ
lampe	lampːa
lampe	lɑmpə
lampe	ɭɑːmpə
lampen	ɭɑmːpən
lampene	lamˈpənə
lamper	lampɛr
lamper	ɭɑmpər
lamslått	ɭɑmsɭɔt
lan	lɑːn
lana	ɭɑːnɑ
lanagin	ˈlɑːnɑgɪn
lancaster	ˈlæŋkəstər
lancelot	ˈlɑ̀nsəlɔt
landa	lɑnːdɑ
landau	lanˈdɔʊ
landbruk	lɑnːdbrʉk
lande	landə
lande	lˈandə
lande	ˈlɑnə
landego	lɑŋdɛgu
landene	lanːd̥ənə
lander	lanːdər
landet	landə
landets	lanet̪s
landets	lɑndəts
landeveg	lɑnəʋæi
landevei	lɑnəʋæi
landevei	ˈlɑːnəˌveː
landeveien	ˈlɑ̀ːnəˌveːən
landeveisrøvere	ˈlɑːnəˌʋæɪ̯sˌɾøːʋərə
landgang	langɑŋ
landgangen	langɑŋɑ
landhandel	lɑnːdˈhɑndəl
landing	ˈlɑːnɪŋ
landingen	ˈlɑndɪŋə
landingsplassen	ˈlɑːnɪŋsplɑsːən
landingssonen	ˈlɑ̀ːɳɪŋsɔn̺
landingstillatelse	ˈlɑːnɪŋstɪlɑːtɛlsə
landlig	ˈlɑnlɪ
landlige	lɑnːdliːgə
landlige	ˈlɑnlɪə
landligere	ˈlɑnlɪɾə
landligst	ˈlɑnlɪkst
landligste	ˈlɑnlɪkstə
landlov	lɑnːd̥lɔʋ
landmine	lɑnːmɪnə
landminer	lanːdmiːnər
lando	lanːdu
landområder	lanːdɔmˈrɑːdər
landon	lanˈdɔn
landry	lɑnːdrʏ
lands	lɑns
landsby	lɑnsbʏ
landsby	ˈlɑnsbyː
landsbyen	lɑnsbʏən
landsbyene	lɑnsbʏənə
landsbyens	lɑnsbʏən
landsbyer	lɑnsbʏːɾ
landsdekkende	ˈlɑnsdɛkkəndə
landsens	lɑnsɛn
landskap	lɑnːdskɑp
landskap	ˈlɑnskɑːp
landskapet	lɑnːdskɑpət
landslaget	lanːslag
landsmann	lanˈsman
landsmenn	lɑnsmɛn
landsmøte	lanːsmøːtə
landsmøtet	lanːsmøːt
landsted	lanːtstɛd
landstedet	lanːd̥stɛːd̥
landstryker	lanːstɾʏkəɾ
landstrykere	lanːstɾʏkəɾə
landstrykeren	lanːstɾʏkəɾən
landy	lanɪ
lane	laːnə
lanes	laːnəs
lang	lŋ
lang	lɑŋ
langbein	laŋbæɪn
langdistanse	laŋdɪstɑnsə
langdistanseforhold	laŋdɪstɑnsəfɔɾɽ
langdon	lɑŋdɔn
lange	laŋə
lange	lonka
lange	ˈlɑŋə
langer	laŋgər
langer	lɑŋiɾ
langere	laŋːɛɾə
langeren	laŋːɛɾɛn
langerne	laŋnɛr
langet	laŋːət
langfinger	lˈaŋfɪŋər
langfingeren	laŋfɪŋɛrən
langfingra	ˈlɑŋfɪŋɾət
langfingret	ˈlɑŋfɪŋɾət
langford	laŋfɔɾ
langfredag	lɑŋˈfɾeːdɑːg
langhelg	lɑŋhɛlg
langhåra	ˈlɑŋhoːɾət
langhåret	ˈlɑŋhoːɾət
langing	laŋɪŋ
langley	laŋgliː
langs	lanks
langs	laŋs
langsiktig	laŋsɪktɪ
langsiktig	ˈlɑŋsɪktɪ
langsiktige	laŋsɪktɪgə
langsiktige	ˈlɑŋsɪktɪə
langsiktigere	ˈlɑŋsɪktɪɾə
langsiktigst	ˈlɑŋsɪktɪkst
langsiktigste	ˈlɑŋsɪktɪkstə
langsint	laŋsɪnt
langsom	lɑŋsɔm
langsom	ˈlɑŋsɔm
langsomme	laŋsɔmə
langsommere	laŋsɔməɾə
langsomt	laŋsɔmt
langston	ˈlæŋstɔn
langstrømpe	laŋˈstrœmpə
langsynt	ˈlɑŋsyːnt
langt	læŋt
langt	lˈɑːŋt
langtekkelig	ˈlɑŋtɛkəlɪ
langtekkelige	ˈlɑŋtɛkəlɪə
langtekkeligere	ˈlɑŋtɛkəlɪɾə
langtekkeligst	ˈlɑŋtɛkəlɪkst
langtekkeligste	ˈlɑŋtɛkəlɪkstə
langtfra	lɑŋtfɾɑ
langtrekkende	laŋtrɛkːə
langvarig	lɑŋvɑrɪ
langvarig	ˈlɑŋʋɑːɾɪ
langvarige	lɑŋvɑɾiːʝɛ
langvarige	ˈlɑŋʋɑːɾɪə
langvarigere	ˈlɑŋʋɑːɾɪɾə
langvarigst	ˈlɑŋʋɑːɾɪkst
langvarigste	ˈlɑŋʋɑːɾɪkstə
langveis	laŋʋɛɪs
langveisfra	laŋvɛɪsfraː
lani	laːnɪ
lanka	lɑŋkɑ
lanken	laŋkən
lanning	ˈlɑnɪŋ
lannister	lanːɪstər
lannisterene	ˈlɑnːɪstərənə
lannisters	ˈlɑnːɪstərs
lannon	ˈlɑnɔn
lanse	lansə
lansen	ˈlɑ̀nsən
lansere	ˈlɑ̀nsəɾə
lanserer	ˈlɑːnseːɾə
lanseres	ˈlɑ̀nsəɾəs
lanseringen	ˈlɑ̀nsəɾɪŋə
lansert	lˈɑnsɛʁt
lansert	ˈlɑnsəɾt
lanserte	ˈlɑ̀nsːɛɾtə
lansing	ˈlɑːnsiŋ
lansky	lɑːnʃʏː
lantern	ˈlɑːntəɳ
lanterne	lanˈtɛːɳə
lanzer	lanˈtsɛr
lao	loː
laos	loːs
lap	ɭɑːp
lapp	lɑp
lapp	ɭɑpː
lappe	ɭɑpːə
lappe	ˈlɑpə
lappen	ɛlɑpːən
lappene	ɭɑpːənə
lapper	ˈlɑpər
lappet	ɭɑpːət
lapskaus	ɬɑːpskɑʊ̯s
laptop	ˈlæptɔp
lar	laːr
large	laɾgə
largo	laɾgo
larissa	ˈlɑːrɪsɑ
larm	lɑɾm
larocca	ˈlɑːrɔkɑ
larrabee	ɭɑːɾɑːbɪ
larrys	ɭɑːɾɪs
lars	laʂ
lars-ove	laʂˈuːvə
larsen	laʂn̩
larsens	laːɾsəns
larson	laʂɔn
larssen	ɭɑːʂən
larsson	ɭɑːɾsɔn
larue	ˈlɑːrʉː
larusso	ˈlɑːɾʉsʉ
larve	ɭɑːʋə
larvene	ˈlɑːrvnə
larver	ɭɑːvr̥
larvik	nˈɑrvik
las	lɑːs
lasagne	ˈlɑːsɑːɲə
lasagnen	ˈlɑːsɑɲən
lasarettet	ˈlɑːsɑːɾɛt
lasarus	ˈlɑːsɑːɾʉs
lase	ˈlɑːsə
laser	ˈlɑːsər
laser	ˈlɑːsəɾ
lasere	ˈlɑːsəɾə
laseren	ˈlɑːsəɳ
laserstråler	ˈlɑːsərstrɔːləɾ
lash	laʂ
lasky	ɬɑːʃɪ
lassen	ˈlɑsːən
lasset	lasɛt
lassiter	ˈlɑsːɪtər
lasso	lɑsːʉ
last	last
last	lˈast
lasta	lastɑ
lastbilen	lastbɪlən
laste	ɭɑːstə
laste	ˈlɑstə
lastebil	ˈlɑːstəˌbɪl
lastebilene	ˈlɑːstəbiːlənə
lastebiler	ˈlɑːstəˌbɪləʂ
lastebilsjåfør	ˈlɑstəbɪlʃøːfɪr
lastebilsjåfører	ˈlɑːstəˌbɪlʂæɪ̯ˌfœɾər
lasten	lastn̩
lasteplanet	ˈlɑstəˌplɑnə
laster	laste
laster	ˈlɑstəʈ
lasterampen	ˈlɑːstəɾɑmpən
lasterom	ˈlɑːstəɾɔm
lasterommet	ˈlɑːstəɾɔmət
lasteskip	ˈlæstəʃɪp
lasteskipet	ˈlæstəˌʃiːpət
lastet	lastət
lastet	ˈlɑstət
lat	laːt
lat	lɑːt
lat	nˈat
late	laːtə
late	lɑːtə
late	ˈlɑːtə
latent	lɑˈtɛnt
latent	ˈlɑːtənt
later	laːtər
lathansene	laːtˈansnˈe
lathanser	latˈansər
latif	ˈlɑːtɪf
latimer	ˈlɑːtɪmər
latimore	ˈlɑːtɪmɔːr
latin	latˈeːn
latin	ˈlɑːtɪn
latin-amerika	ˈlɑːtɪnɑːmɛɾɪkɑ
latinamerikanere	ˈlɑːtɪnɑːmɛɾɪkɑːnəɾə
latinamerikansk	ˈlɑːtɪnɑːmɛɾɪkɑʂk
latinamerikanske	ˈlɑːtɪnɑːmɛɾɪkɑnskə
latiner	ˈlɑːtɪnər
latineren	ˈlɑːtɪnəɳ
latinske	latˈiːnskə
latinske	ˈlɑːtɪnskə
latinum	ˈlɑːtɪnʊm
latour	ˈlɑːtʉːr
latrine	ˈlɑːtɾiːnə
latsabb	latsab
latsabb	ˈlɑtsɑb
latsabber	ˈlɑːtsɑbər
latskap	ɭɑtʃkɑp
latt	ɭɑtː
latte	ɭɑːtə
latter	latər
latter	lˈatːər
latter	ˈlɑtəɾ
latteren	ˈlɑtːəɳ
latterlig	ˈlɑtəɭɪ
latterlig	ˈlɑtːərliː
latterlige	ˈlɑtərliːgə
latterlige	ˈlɑtəɭɪə
latterligere	ˈlɑtəɭɪɾə
latterliggjort	ˈlɑtːəɭɪgjɔɾt
latterliggjør	ˈlɑtːərligjœʂ
latterliggjøre	ˈlɑtərligjøːr
latterliggjøre	ˈlɑtəɭɪjøːɾə
latterligst	ˈlɑtəɭɪkst
latterligste	ˈlɑtəɭɪkstə
latterligste	ˈlɑtːərliːgste
lattermild	ˈlɑtəɾmɪl
latvia	lɑtviɑ
latvisk	ˈlɑtʋɪsk
lau	loʊ
laud	læwd
lauda	luːda
laudanum	loʊdɑnʊm
lauder	loʊ̯dər
lauderdale	ˈloːɾəɖæɭə
laugesen	loːgəsɛn
laugesens	loːgəsɛns
laura	laura
laura	luɑːɾʉ
lauras	loːɾɑs
laurel	loːɾuːl
lauren	loːɾən
laurence	loːɾɛns
laurent	loːɾɛnt
laurie	ɭɔɾiː
laurits	laʊrɪts
lav	laʋ
lav	lɑːʋ
lava	ɭɑːʋɑ
lavaen	ˈlɑːʋən
lavasøyle	laːvasɛjlæ
lavblokkene	ɭɑːʋblɔkːənə
lave	laːʋə
lave	ˈlɑːʋə
lavendel	lɑˈʋɛndəl
lavendel	ˈlɑːʋənɛl
lavendler	lavˈɛnler
lavere	lɑvɛra
lavere	ˈlɑːʋərə
laverestående	ˈlɑːʋəɾɛsˌtœɪ̯ŋə
laverne	laːʋɛːɳ
lavest	laːʋɛst
laveste	la'ʋɛstə
lavinia	ˈlɑːʋɪnɪɑː
lavmål	ɭɑːvmɔːl
lavmælt	laʊ̯mælt
lavmælt	ˈlɑːʋmeːlt
lavonia	ˈlɑːvʊnɪə
lavslette	lavslˈɛtːə
lavt	lɑft
lavt	ɭɑːʋt
lavvann	ɭɑvɑn
lawless	loʊlɛs
lawrence	loʊˈɾɛs
lawson	loːsɔn
lawton	loːtɔn
layla	laɪlə
lazar	laːzɑr
lazaro	laːzɑːrʊ
lazlo	laːʂloː
lda	ɭɑ
ldiot	ɭdiɔt
ldioter	ɭdiɔtər
le	leː
lea	leː
lea	leːɾ
leader	leːdɑː
leafs	leːfs
lealaus	leales
lealaus	li̠alau̯s
leander	ˈlæ̀ːnɑɾ
leann	leːn
leanne	leːnːə
lear	leːr
leary	leːɾʏ
lebech	ˈlæːbɛç
leblanc	leːˈblɑŋk
leboeuf	leːbuːf
lebowski	leːbɔʃkiː
lechero	leːˈçæːɾʊ
leckie	leːkɪ
lecter	leːtər
led	leː
led	lˈɛd
leda	leːda
ledd	lɛd
ledd	lɛd̥
leddbånd	
leddet	ladˈˈ
leddet	ˈlɛdət
leddgikt	ledgɪkt
leddgikt	lˈɛddɪkt
lede	leːdə
lede	ˈleːdə
ledelse	ˈlæ̀ːdəlsə
ledelsen	ˈlæːdəlsn̩
ledende	ˈlæːdɛnə
leder	ˈleːdər
lederartikkel	lədˢeˀˈɑːrtikːəl
ledere	lˈɛdrˌa
lederegenskaper	ˈleːdərəgənˌskɑːpər
lederen	lˈiːɜdˈan
lederen	ˈleːdərən
lederne	lˈeːdarna
lederne	ˈleːdərnə
lederrolle	læðæːrːɐlla
lederskap	ˈleːdɛʂkɑːp
lederskapet	ˈleːdɛʂkæp̩
ledes	ˈleːdəs
ledet	nˈɛdat
ledet	ˈleːdət
ledetråden	ˈleːdətɾɔːn
ledetråder	ˈleːdətɾɑːdər
ledger	leːgər
ledige	ˈleːdɪə
ledigere	ˈleːdɪɾə
ledning	leːdnɪŋ
ledning	ˈleːdnɪŋ
ledningen	ˈlɛdɲən
ledningene	ˈlædnɪŋənə
ledninger	lˈeːdnɪŋər
ledninger	ˈlædnɪŋər
ledoux	leːdɔʊ̯
ledsage	ˈleːdsɑgə
ledsage	ˈleːdsɑːgə
ledsager	leːdsɑgər
ledsager	leːdsɑːgəɾ
ledsageren	leːdsɑgəɾən
ledtog	leːtɔg
lee	ˈleːə
leela	leːlə
leende	leːn̩d̥ə
leer	leːr
lefkowitz	ˈlɛfkoʋɪts
lefroy	leːfrɔɪ
lefse	lˈɛfse
lefsen	næfsɪm
left	lɛft
lefty	lefː
leg	læg
legal	ləˈgɑːl
legalisere	leːgɑlɪsəɾə
legalisere	ləgɑlɪˈseːɾə
legalisering	leːgɑlɪsɪŋ
legalisert	leːgɑlɪsɛʁ
legalt	legɑlt
legat	lˈɛgat
legat	ˈleːgɑt
legatet	ˈlægatə
lege	leːgə
lege	læga
lege	lˈeːg
lege	ˈleːgə
legeme	ˈleːgəmə
legemer	ˈleːgəmer
legemet	ˈleːgəmət
legemiddel	ˈleːgəˌmɪɖəl
legemiddelindustrien	ˈlægəˌmɪdlɪndʊˌstriːn
legemidlene	ˈleːgəˌmɪdlənə
legemidler	ˈleːgəmɪɭːər
legemlig	ˈleːgɛmlɪ
legen	leːgən
legend	ˈlɛgn̩d
legendarisk	ˈlægənɑɾɪʃ
legendariske	ˈlægənɑɾɪskə
legenden	ˈlægəˌdɛn
legendene	ˈlɛgənə
legender	ləkɛndaɾ
legender	ˈlægn̩dər
legene	leːgn̩
legens	ˈleːgəns
leger	leːg̊ər
leger	nˈɪt
legering	ˈleːgəɾɪŋ
leges	leːgɛs
legesenteret	leːgəˈsentəɾət
legestudiet	ˈleːgəstuːdiː
leget	ˈlægət
legeteam	ˈlægəˌtæɪm
legetilsyn	ˈlægəˌtɪlsʏn
legevakta	leːgəˈvɑːkta
legg	leːg
legg	lɛg
legge	lɛgːə
leggen	legːən
leggene	leːgn̩
legger	ˈlɛgər
legges	legːɛs
leggetid	ˈlɛgətɪː
leggings	ˈlægɪŋs
legion	leːgɪɔn
legitim	ləgɪˈtiːm
legitim	ˈlægitɪm
legitimasjon	ˈlɛgitɪmɑʃuːn
legitimasjonen	ˈlɛgitɪmɑʃuːn
legitimere	ləgɪtɪˈmeːɾə
legitimitet	ˈlægɪmɪtɪtɛ
legning	leːgnɪŋ
lego	leːguː
legolas	ˈleːgɔlɑs
leh	leː
lehman	leːmɑn
lei	leː
lei	læɪ
leia	lei̯ɑ
leicester	leɪsɛstər
leid	leiː
leide	lei̯d̥ə
leide	lˈeɪd
leie	læɪə
leieavtalen	ˈlæɪəɑftɑːlən
leiebil	ˈlæɪ̯ːbɪl
leiebilen	ˈlæɪ̯ːbɪlən
leieboer	liːəbuːr
leieboeren	ˈlæɪ̯əbuːɾən
leieboerne	ˈlæɪ̯əbuːɳə
leiegård	ləiːeːgoːr
leiekontrakten	ˈlæɪ̯kɔntɾɑktn̩
leiemord	ˈlæɪ̯əmɔɾ
leiemorder	ˈlæɪ̯əmuːɖəɾ
leiemordere	ˈlæɪ̯əmuɾːə
leien	lei̯ən
leiepris	laiepres
leier	lajˈr
leier	ˈlæɪər
leies	lei̯s
leiesoldat	lei̯sɔldɑt
leiesoldatene	ˈlæɪ̯sɔldɑtənə
leiestallen	lei̯əstɑlːən
leiet	lei̯ɛt
leif	laɪf
leif	leiːf
leifur	lei̯fʊr
leigh	lei
leikanger	lajkɔŋeɾ
leikny	lajkne
leila	leiːlə
leilighet	læɪlɪheːt
leilighet	læɪlɪˈheːt
leiligheter	ləjljɛthətˀɾ
leipzig	leɪpʃ
leir	leːɾ
leir	læɪɾ
leirbål	leiːɾbɔːl
leirbålet	leiːɾbɔːl
leire	lai̯r
leire	lei̯ɾə
leire	ˈlæɪɾə
leirekurv	ˈlæɪ̯ːrəkʉɾʋ
leiren	lajˈen
leiren	ˈlæɪ̯ːɾən
leirene	leɪ̯ɾənə
leirens	leɪɾəns
leirer	ˈlæɪ̯ːrər
leirskole	leɪɾskɔlə
leirskolen	leɪ̯ʂkɔlən
leit	leɪ̯t
leite	lei̯tə
leiter	leɪtər
leiter	lˈaɪtɚ
leitet	lˈaɪtət
lek	leːk
lek	lˈeːk
leka	leka
leke	leːkə
leke	ˈleːkə
leken	leːkən
leken	lˈɛkən
leken	ˈleːkn̩
leken	ˈleːkən
lekende	leːkɛndə
lekende	lˈɛkənə
lekene	leːkənə
lekepistol	ˈleːkəpɪstɔl
lekeplass	leːkəplɑs
lekeplassen	leːkəplɑsːən
leker	leːkər
lekerom	lɛkɛrˈʊm
leketøy	leːkətœj
leketøy	ˈleːkəˌtœʏ
leketøyer	ləkətˈœjər
leketøyet	ˈlæ̀ːkəˌtœʏ̯ə
lekk	lek
lekk	lɛk
lekkasje	ləˈkɑːʂə
lekkasje	ˈlɛkːɑʃə
lekkasjen	lekʰɑʃɛn
lekkasjer	lekʰɑʃər
lekke	lɛkkə
lekke	ˈlɛkə
lekker	ˈlɛkɐ
lekker	ˈlɛkəɾ
lekkerbisken	ˈlæ̀kɪbɪʃn̩
lekkert	lekːɛɾt
lekkert	lˈɛkət
lekket	lekːət
lekket	lˈɛkːit
lekmann	leːkman
lekre	lakʁˈɛ
lekre	leːkɾə
lekreste	leːkr̥ɛstə
leksa	leːkʂɑ
leksa	lˈɛksɑː
lekse	ˈlɛksə
lekselv	lˈɛksəlv
leksem	ləksˈɛm
leksen	lˈɛksən
leksene	leːkʂənə
leksikal	lˈɛksɪkal
leksikon	lˈɛksɪkɔn
leksjon	læksoːn
leksjonen	ˈlæksjʊnə
lekt	lɛkt
lekte	lɛktə
lekte	lˈɛktə
lekteren	ˈlæktəɳ
lektor	ˈleːktɔr
lektorer	lˈɛktorər
leland	leːlɑn
lem	lem
lemleste	lemˈlɛstə
lemleste	ˈlɛmlɛstə
lemlestede	lemːlɛstɛːdə
lemlestelse	lemːlɛstəlsə
lemlester	lemˈlɛstər
lemlestet	lemːlɛstət
lemmen	lemːən
lemmene	lemːənə
lemmer	lemːər
lemmer	læmmɯ̞r
lemoine	lemuːn
lemon	lemːʊn
lemonade	lemʊˈnɑːd
lempe	læmpə
lempe	ˈlɛmpə
len	lɛn
lena	leːnɑ
lena	ləma
lend	lˈɛn
lende	lɛndə
lender	ˈlɛndər
lene	lɛːnə
lener	ˈleːnəɾ
lenestol	ˈlæːnəstɔːl
lenestolen	ˈlæːnəˌstɔːlən
lenet	lˈeːnət
lengde	læŋd̥ə
lengde	lɛŋdə
lengde	lˈɛŋdə
lengdegrad	leŋgdægɾɑː
lengden	leŋːd̥n̩
lengder	leŋgdɛr
lengdesnitt	lˈɛŋdəsnɪt
lenge	lˈɛŋə
lenge	ˈlæŋə
lenge	ˈlɛŋə
lenger	leŋgər
lengere	leŋːɛrɛ
lengre	leŋgɾə
lengre	lˈɛŋrə
lengsel	leŋsəl
lengselen	leŋˈsɛːlən
lengst	lɛŋst
lengst	lˈɛŋst
lengste	læŋʃtə
lengste	lˈɛŋstə
lengte	leŋtə
lengte	lˈɛŋtə
lengte	ˈlɛŋtə
lengter	leŋtər
lengter	lˈɛŋtər
lenin	leːnɪn
lenk	lɛŋk
lenk	lˈɛŋk
lenka	lɛŋkɑ
lenke	lɛŋkə
lenke	ˈlɛŋkə
lenken	lɛŋkən
lenkene	leŋkənə
lenker	leŋkər
lenket	lɛŋkət
lennart	lənnaːt
lennart	ˈlɛnːɑɾt
lennie	ɬɛnɪ
lennon	ˈlɛnːɔn
lenny	lɛnːɪ
leno	leːnʊ
lens	lɛns
lensherre	leːnʃɛrɛ
lensmann	leːnsman
lensmannen	lenːsmanːn
lent	lˈeːnt
lente	lɛntə
lente	lˈɛnta
lentz	lɛnts
leo	leːʊ
leo	lˈeɔ
leogate1968	løːgɑːtə1968
leon	leon
leon	leːɔn
leonard	leːɔnɑːɾ
leonardo	leːɔnɑːɾʉ
leonards	leːɔnɑːɾs
leonidas	leːʊnɪdɑs
leonora	leˈonura
leonora	leːu̯nɔːɾɑ
leonowens	ˈleːnəʊəns
leopard	leːɔpɑːɾ
leopold	ˈlæ̀ːpɔlt
leos	leːɔs
leppa	lɛpːɑ
leppe	lɛpːə
leppe	lˈɛpa
leppe	ˈlɛpə
leppen	lɛpːən
leppen	lˈɛpən
leppene	lɛpːə
leppepomade	lɛpəpɔmɑːdɛ
lepper	lɛpːər
lepper	lˈɛpːɚ
leppestift	lɛpəstift
leppestiften	lɛpəstiftn̩
lepra	ˈleːpɾɑ
lerke	ɭæɾkə
lerkendal	lærkʲɪnˈdal
leroy	ˈlæɾɔʏ
lerret	laɾet̪
lerret	ɭæɾː
lerretet	ɭæɾːət
les	lɪv
lesbe	leʃbɛ
lesbene	leːsbɛnə
lesbisk	lespisk
lesbisk	leːsbɪsk
lesbiske	lespizke
lesbiske	leʃbɪskə
lese	leːsə
lese	ˈleːsə
leselig	ˈleːsəlɪ
leselige	ˈleːsəlɪə
leseligere	ˈleːsəlɪɾə
leser	leːsər
leserbrev	lɛsirbrɛv
lesere	leːsəɾə
lesere	lˈəsrˌa
leserne	leːʃəɳə
leses	leːs
lesestoff	ˈleːsəstɔf
lesingen	leːsɪŋən
lesja	lˈasʃa
leske	ˈlɛskə
leskedrikkene	leskɪdrɪkkɪd̥e
leskedrikker	leskɪdrɪkkir
lesley	leːʃliː
lesli	leːʃliː
leslie	leːʃliː
lespe	ˈlɛspə
less	lɛs
lesse	lɛsə
lesse	ˈlɛsə
lessing	lɛsɪŋ
lest	lɛst
lestat	ˈlɛstɑt
leste	lɛstə
leste	lʲesta
lester	lˈɛstər
lester	ˈlɛstər
lesters	ˈlɛstərs
lestrade	ˈlɛstrɑːd
let	leːt
lete	ˈleːtə
letet	ˈlɛtət
leticia	ˈlɛtɪsiə
leting	lɛtɪŋ
lett	lˈɛt
lettbent	lˈɛtbˈɛnt
lettbrus	lɛtːbrʉːs
lettbrus	lˈɛtbrʉs
lette	lɛtːə
lette	nˈəta
lette	ˈlɛtə
lettelse	ˈlɛtəlsə
letter	lɛtər
letter	lˈɛtər
letterman	ˈlɛtərman
lettest	lətˌest
lettest	ˈlɛtːəst
letteste	ˈlɛtːəste
lettet	lɛtːə
lettfattelig	lətˈfɑtəlɪ
lettfatteligere	lətˈfɑtəlɪɾə
lettfatteligst	lətˈfɑtəlɪkst
lettfatteligste	lətˈfɑtəlɪkstə
letthet	lɛtːhɛt
lettie	lɛtɪ
lettisk	lˈɛtːiːsk
lettjente	ˈlɛtçɛntə
lettlagd	lˈɛtlˈɑːgd
lettlurt	lɛtːlʊʈ
lettlurte	ˈlɛtlʉʈtə
lettmelk	lɛtmjœlk
lettmelk	lɛtmɛlk
lettmelk	lɛtːmɛlk
lettpåvirkelig	lɛtːpɔɾˈʋɪklɪg
lettrørt	ˈlɛtɾøːʈ
lettsindig	lətˈsɪnɪ
lettsindige	lətˈsɪnɪə
lettsindigste	lətˈsɪnɪkstə
lettskremt	lɛtːskɾæɪ̯m̥t
lettskremte	ˈlɛtskrɛmtə
lettvekter	lɛtˈʋɛktər
lettvint	lɛtˈʋɪnt
lettvint	ˈlɛtʋɪnt
letty	lɛtː
lev	leːʋ
levander	ˈleːʋɑnːər
levar	leːʋɑːr
levd	lˈɛvd
leve	leːʋə
leve	lɛvɛ
leve	ˈleːʋə
levedyktig	ˈleːvədʏktɪ
leven	leːvən
leven	ˈleːʋn̩
levende	ˈleːʋənə
levendes	ˈleːʋənəs
levenstein	ˈleːvənʃtaɪn
lever	levr
lever	leːvər
lever	ˈlɛʋəɾ
leveranse	ˈlæʋərɑnsə
leveransen	ˈlæʋərɑnsn̩
leveranser	ˈlæʋəɳsər
levere	lɛˈʋeːɾə
levere	ˈleːʋəɾə
leveren	ˈlæʋəɾən
leverer	ˈlæʋərər
leveres	ˈlæʋəɾəs
levering	ˈleːvərɪŋ
leveringen	ˈlæʋəɾɪŋ
leverne	lɛvɛrna
leverpostei	ˈleːʋəɾpʊstæi
levert	ləveːrt
leverte	levˈɛːrta
leves	leːʋəs
levesett	ˈleːʋəˌsɛt
levetid	ləvətˈiːd
levi	leːʋiː
levin	leːʋɪn
levine	leːʋɪnə
levinson	leːʋɪsn̩
levne	ˈlɛʋnə
levning	leːvnɪŋ
levningene	ˈleːvnɪŋənə
levninger	ˈlæʋnɪŋər
levra	leːvra
lew	luː
lewis	luːɪs
lex	lɛks
leyla	lei̯lɑ
lgjen	ɬgɛn
lhasa	ɬɑːsɑ
lhl	ɬɑːl
li	liː
liam	liːɑ̀m
liam	ljˈɑm
liams	liːms
lian	liːɑn
libanon	liːbaːn
libby	lɪbːʏ
liberal	liːbeˈran
liberal	liːbɛɾɑːl
liberal	lɪbəˈɾɑːl
liberale	liːbɛɾɑːlə
liberaler	liːbəralər
liberalisere	lɪbəɾɑlɪˈseːɾə
liberalisme	liːbɛɾɑːljsme
liberalistisk	lɪbəɾɑlɪstɪsk
liberia	liːbɛɾiɑ
liberty	ˈlɪbæɾɪ
libretto	libretːo
libya	liːbʏɑ
lichtenstein	liːtʃəˈstɑɪ̯n
lidd	lˈɪnd
liddell	liːdəl
liddy	liːd̥ʏ
lide	liːdˈa
lide	liːd̥ə
lide	ˈliːdə
lidelse	liːdəlsə
lidelsen	liːdəlsn̩
lidelsene	liːdəlsənə
lidelser	liːdəlɛʂ
lidelser	liːdɪlsər
lidende	liːdənə
lidenskap	liːdˈɛnskap
lidenskap	liːd̥ɛskɑp
lidenskapelig	liːdɛŋkɑspæɪ̯l
lidenskapelig	lɪdənˈskɑːpəlɪ
lidenskapelige	liːdɛŋkɑːpəlɪ
lidenskapelige	lɪdənˈskɑːpəlɪə
lidenskapeligere	lɪdənˈskɑːpəlɪɾə
lidenskapeligst	lɪdənˈskɑːpəlɪkst
lidenskapeligste	lɪdənˈskɑːpəlɪkstə
lidenskapens	liːd̥ɛŋskɑːpəns
lidenskaper	liːd̥ɛnˈskɑːɾ
lidia	liːdiɑ
lidt	liːt
lidt	lˈɛt
lie	liː
lieberman	liːbɛɾman
liebgott	liːbgɔt
lien	liːn
lier	liːɾ
liesel	liːsəl
liesl	liːsəl
lift	liːft
liga	liːgɑ
ligaen	liːgæːn
ligaens	liːgæns
lige	liːgə
ligg	liː
ligge	liːgə
ligge	ˈlɪgə
liggende	lign̩ə
ligger	liːgər
ligger	lɪŋgɪr
ligget	ligət
ligget	lˈɪgːət
liggevogn	lɪgəʋɔŋ
light	lɪçt
lighteren	liːgəɾən
lightning	lɪçtnɪŋ
ligne	liːnə
ligne	ˈlɪŋnə
lignelse	liːɲəlsə
lignende	liːɲənə
lignende	lˈɪŋɪnə
lignende	ˈlɪŋnənə
ligner	liːɲər
lignet	liːgn̩t
lignet	lˈɪŋna
lignet	lˈɪŋnət
ligning	liːɲɪŋ
ligningen	liːɲɪŋən
ligninger	liːɲɪŋər
lik	liːk
lik	lˈiːk
likblek	liːkblɛk
like	liːkə
likefrem	liːkəfræm
likefrem	ˈliːkəfɾəm
likefullt	liːkfʉlt
likeglad	liːkɛglɑːd
likeglad	ˈliːkəglɑː
likeglade	liːkɛglɑːdɛ
likegodt	liːkəgɔt
likegyldig	liːkəgʏldɪ
likegyldig	ˈliːkəjʏldɪ
likegyldige	liːkəgʏldɪgə
likegyldighet	liːkəgʏldɪghɪt
likeledes	lʲiːkʲɪlʲeːdɐs
likemann	liːkəmenː
likemenn	liːkəmenː
likene	liːkənə
liker	liːkɛr
likerjeg	liːkɛrjæɪ
likes	liːkʰs
likesinnede	liːkəˈsɪnːə
likesom	liːkəˈsɔm
likestilt	liːkəstɪlt
likestilte	liːkəstɪltə
likeså	liːkəsoː
liket	liːkət
likevekt	liːkəʋɛkt
likevel	liːkəʋæɭ
likevel	liːkəʋɛl
likeverdige	liːkəˈʋæɾdɪgə
likhet	liːkˈhæɪ̯t
likhet	lˈiːkət
likheten	liːkheːtn̩
likhetene	liːkˈheːtən
likheter	liːkheːtər
likhus	liːkʰʉʂ
likhus	liːkˈʏs
likhuset	liːkʰʉːsɛt
likkiste	liːkʰɪstə
likne	liːkne
liknende	liːkneːnə
liknende	lɪŋnənə
likner	liːkneɾ
liknet	liːkneːt
liknet	lˈɪŋnət
likposer	liːkpʰøːsər
liksom	liːkʂɔm
liksom	ˈlɪksɔm
likså	liːksoː
likt	liːkt
likt	lˈɪkt
likte	liːk'tə
likvake	liːkʋɑːkə
likvaken	liːkʋɑːkən
likvide	liːkviːdɛ
likvidere	liːkʋiːdərə
likvidert	liːkʋiːd̥ɛɾt
likør	liːkœɾ
lil	liːl
lila	liːɑ
lilas	liːlɑs
lili	liːliː
lilian	liːli̥ɑn
lilith	liːlɪθ
lilje	liːjə
lilje	ljnnæ
liljene	liːjə
liljer	liːjər
lill	lɪl
lill	lɪlː
lilla	lila
lilla	ˈlɪlɑ
lille	liːlə
lille-jerry	liːləjæɾː
lillebakken	lˈɪləbakːən
lillebror	liːləbrɔr
lillebror	ˈlɪləbɾuːɾ
lillebroren	liːləbrʊːrən
lillebrødre	lˈɪləbrˈøːdrə
lillefinger	liːləfɪŋːər
lillefinger	lˈɪləfˈɪŋər
lillefingeren	liːləfɪŋːərən
lillegutt	liːlgʊtː
lillehammer	liːləˈhɑ̀ːmər
lillemann	liːləman
lillesand	ljllæsann
lillesøster	liːl̥sœʃtər
lillesøster	ˈlɪləsœstəɾ
lillesøstera	liːləˈsøːstəɾə
lillesøsteren	liːl̥søːstɛɾən
lillesøstre	lˈɪləsˈœstra
lillesøstrer	lˈɪləsˈœstrər
lilli	liːliː
lillian	liːɬʏ̂n
lilly	liː
lilo	liːloː
lilys	liːlys
lim	liːm
lim	lɪm
lima	liːmɑ
limbo	lɪmbɔ
limbånd	ˈliːmbɔn
lime	liːmə
limer	limiːr
limer	liːmər
limerick	ˈlɪməɾɪk
limet	liːmɛt
limfarge	ˈliːmfɑɾgə
limited	ˈlɪmɪtɪd
limkrukke	ˈliːmkɾʊkə
limo	liːmoː
limoen	liːmuːn
limonade	liːmʊnɑːdɛ
limousin	liːmuːsɪn
limousine	liːmuːsɪn
limousinen	liːmuːsɪnən
limousiner	liːmuːsɪnər
limt	lɪmt
limt	lˈiːmt
limte	lɪmtə
limón	liˈmoːn
lin	liːn
lina	liːnɑ
lina	lˈiːnɑː
linc	liŋk
lincoln	lɪŋkɔn
lincolns	liŋkɔlns
lind	lˈɪnd
lindas	liːndɑs
lindberg	liːnˈbæɾɪ
lindbergh	lɪndəbæɾ
lindboe	lɪnˈbu
lindbæk	lˈɪnbək
linden	liːn̩d̥
linder	lindɛr
linderman	liːndəɾmɑn
lindholm	liːnˈdɔlm
lindre	lɪndrɛ
lindre	ˈlɪndɾə
lindrende	liːnrɛndə
lindrer	liːnrər
lindring	liːnɖɾiŋ
lindsay	liːnʃæɪ
lindy	lɪndi
lindøy	lˈɪnˈøːj
lindøya	linˈøːja
line	liːnə
linebacker	liːnɛbɛkɚ
linen	liːn̪n̩
lineær	liːˈneːɾ
ling	lɪŋ
linguini	liŋguːni
lingvistikk	lˈɪŋvistˌɪk
linja	liːnjɑ
linjal	liŋːɑl
linjal	lʲinjoː˧
linje	liːnjə
linje	lˈɪnjə
linje	ˈlɪnjə
linjen	liːnjən
linjen	lˈɪnjən
linjene	liːnjə
linjer	linjeɾ
linjer	liːnʝɛr
link	lɪŋk
linken	lɪŋkən
linley	liːnlə
linn	lɪn
linn	lɪnː
linnea	liːnə
linnet	liːnːət
lins	liːns
linse	liːnsə
linse	lɪnsə
linse	lɪnˈsæ
linsen	liːnsən
linsene	liːnseːnə
linser	linsɪ̞r
linser	liːn̥sər
linton	ˈlɪntɔn
linus	liːnʊs
linwood	liːnvʊː
linz	liːnʂ
lion	liːɔn
lionei	liːˈnæɪ
lionel	liːɔnɛl
lip	liːp
lipper	liːpːər
lippestad	liːppɛstad
lips	liːps
lipton	lɪptɔn
lipwig	liːpʋɪk
lir	liːr
lire	liːɾə
lirke	ɭɪɾkə
lirke	ˈlɪɾkə
lis	liːs
lisa	liːsɑ
lisas	liːsɑ
lisbeth	liːsbɛt
lisbeth	lˈɪspət
lisboa	liʂbuː
lise	liːsə
lisens	liːsɛns
lisensen	liːsɛn̩s
lisenser	lisense
lisensiert	liːsənˈsiːɾt
lisowska	liːsɔʋa
lisse	lˈɛssə
lisse	ˈlɪsə
lissene	liːsːənə
lisser	liːsɛr
lissom	liːsɔm
list	lɪst
lista	lɪstɑ
liste	liːstə
liste	ˈlɪstə
listene	liːstənə
lister	liːstər
listig	liːstɪg
listige	liːstɪgə
listige	ˈlɪstɪə
listigere	ˈlɪstɪɾə
liston	liʂtɔn
lists	lɪsts
lit	liːt
lit	lˈiːt
lita	liːtɑ
litauen	liˈtæʉ̯n
litauisk	ˈlɪtæʉɪsk
litchi	litʃi
lite	liːtə
litegrann	liːtəgrɑn
liten	liːtən
liten	lɪ̞kːn
liten	ˈliːtən
liter	liːtər
liter	ˈliːtəɾ
literne	lˈitənə
liters	liːtɛʂ
litium	liːtiːʊm
lito	liːtə
litt	lɪt
litt	lˈɪt
litte	liːtə
littegrann	liːtɛgrɑn
litteratur	lɪtəɾɑˈtʉːɾ
litteratur	ˈlɪtəˌtɑːr
litteraturen	ˈlɪtəɾɑːɾʉn
little	lɪtəl
littlefinger	ˈlɪtəlfiŋgər
littlejoe	lɪtəljuː
littleton	ˈlɪtəltn̩
liu	liʊ̯
liv	liːʋ
livaktig	liːvɑkːtɪ
livaktig	ˈliːʋɑktɪ
livaktige	ˈliːʋɑktɪə
livbåt	liːvboːt
livbåten	liːvˈboːtn̩
livbåtene	liːvˈboːtənə
live	liːʋə
livene	liːvənə
liverpool	liːvərpuːl
livesey	liːvəsɛɪ
livet	liːʋət
livets	liːʋɛts
livewire	liːʋɪɾ
livgarde	liːvgɑːɾdɛ
livia	liːʋiɑ
livilla	liːvɪlːə
living	liːvɪŋ
livingston	ˈlɪvɪŋstɔn
livingstone	ˈlɪvɪŋstɔn
livius	liːʋɪʉs
livlig	liːvlɪ
livlig	ˈlɪʋlɪ
livlige	liːvlɪgə
livlige	ˈlɪʋlɪə
livligere	ˈlɪʋlɪɾə
livligst	ˈlɪʋlɪkst
livligste	ˈlɪʋlɪkstə
livline	liːvliːnə
livløs	liːvløːs
livløse	liːvløːsə
livmor	liːvmɔːr
livmoren	liːvmɔːɾən
livmorhalsen	liːvmɔːrɑlsən
livnære	liːvnæːɾə
livnærer	liːvnæːr
livredd	liːvrɛd
livredd	ˈliːʋɾɛd
livredde	liːvrɛdːə
livredder	liːvrɛd̥ər
livretten	liːvrɛtːn̩
livs	liːʋs
livserfaring	liːʋsæɾfɑːɾɪŋ
livserfaring	ˈlɪfsæfɑːɾɪŋ
livsfare	liːfsfaːr
livsfarlig	liːfsfaːlɪ
livsfarlig	ˈlɪfsfɑːɭɪ
livsfarlige	ˈlɪfsfɑːɭɪə
livsfarligst	ˈlɪfsfɑːɭɪkst
livsfarligste	ˈlɪfsfɑːɭɪkstə
livsform	liːfsfɔrm
livsformen	liːfsfɔrmn̩
livsformer	liːfsfɔrmər
livsforsikring	liːfsfoːʃɪŋ
livsforsikringen	liːfsfoːʂɪkɾɪŋən
livsglad	ˈlɪfsglɑː
livsglede	liːʋsgleːdə
livskiten	liːvskɪtən
livskraft	liːfskrɑft
livskraften	liːvskrɑftən
livslang	liːvlɑŋ
livslengde	liːvsleŋgə
livsstil	lɪfˈsstiːl
livsstilen	liːfsstiːlən
livssyn	lift̪sʏn
livstegn	liːvsteːgn
livstegn	lɪfstaɪn
livstegnene	liːvsteːgn̩ə
livstid	liːvstɪː
livstid	lɪfsti
livstidsdom	liːvstɪdsdɔm
livstidsdommer	liːvstɪdsdɔmər
livstidsstraff	liːvstɪdsstrɑfː
livstruende	liːvstrɵnːə
livstruende	ˈlɪfstɾʉːənə
livsverk	liːfsʋæɹk
livsviktig	ˈlɪfsʋɪktɪ
livsviktige	ˈlɪfsʋɪktɪə
livsviktigere	ˈlɪfsʋɪktɪɾə
livsviktigst	ˈlɪfsʋɪktɪkst
livsviktigste	ˈlɪfsʋɪktɪkstə
livvakt	lˈiːvakt
livvakt	ˈliːʋɑkt
livvakten	liːvˈvɑktən
livvaktene	liːvʋɑktn̩
liz	liːs
liza	liːʃɑ
lizard	liːsɑːɾ
lizzie	liːʃiː
lj	ʎ
ljug	ʎʉg
ljuge	ʎʉgə
ljuger	ʎʉgəɾ
ljå	ʎoː
ljåen	ljoːən
lke	ɭkə
lkk	ɭkː
lkke	ɭkːə
ll	ɬː
lld	ɬʉː
llewyn	ɬɛʋɪn
lndia	ɭɪndɑ
lndiana	ˈlɑ̀ndiɑ̀nə
lndianere	ˈlɪndɪɑːnərə
lngen	lŋən
lnman	ɭnman
lnn	ɭ̥n̥
lnnen	ɪnːən
lnnta	ɭ̊nːtɑ
lnspektør	ɑːnˈʂpɛktøːr
lnteressant	ˈɪntəɾɛsɑnt
lnternett	ɪnˈtɛrnɛt
lnterpol	ɪntɛɾpɔl
lntet	læntət
lo	lɔ˥
lobby	lɔbɪ
lobbyen	ˈlɔbːyən
lobbyist	ˈlɔbɪst
lobbyistene	ˈlɔbɪstənə
lobbyister	ˈlɔbɪstər
lobbyvirksomhet	ˈlɔbːyʋɪɾskɔməɛt
lobo	luːbuː
lobotomi	luːbɔtɔmɪ
lobster	ɭɔbstɛr
lock	lɔk
locke	lɔkə
lockerbie	ˈlɔkəɾbɪ
lockhart	lɔkʰɑːrt
locksley	ɭɔksleɪ
lockwood	ɭɔkʋɔː
lodbrok	loːdbɾɔk
lodbroks	luːɖbrɔks
lodde	ˈlɔdə
lodden	loːdən
lodden	ˈlɔdən
loddet	loːd̥ːə
loddrett	ˈlɔdɾɛt
lodne	luːdnə
loera	luːɛɾɑ
loff	lʊf
loft	luːft
loft	lˈɔft
logan	loːgɑn
logans	loːgɑns
loggbok	logbɔk
loggboka	logbɔkɑ
loggboken	logbukɛn
logge	logː
logge	logːə
loggen	logn̩
loggene	logne
logger	logɛr
logget	logːə
loggføre	logføːre
loggført	logfœɾt
logikk	logɪk
logistikk	lugɪstɪk
logistikken	logɪstɪkən
logo	loːguː
logo	lˈɔgo
logoped	lˈoːgɔpət
logre	ˈlɔgɾə
lohan	luːhɑn
lojal	lɔˈjɑːl
lojale	luːjɑːlə
lojalitet	luːjɑlɪtɛt
lojaliteten	luːjɑːlɪtɛn
lok	luk
loka	luːkˈo
lokal	luːkɑːn
lokal	lʊˈkɑːl
lokalavisen	loːkɑlɑˈʋiːsn̩
lokalbefolkningen	ˈlɔkɑlbəˌfɔlkɪŋ
lokale	lˈoːkala
lokalene	ˈlɔkɑləne
lokaler	luːkɑlɛɾ
lokaliser	lɔkɑlɪˈsɛːɾ
lokalisering	loːkɑlɪsɪŋ
lokalpolitiet	loːkɑlpoːlɪtɪ
lokalsamfunn	luːkɑlsɑmfʉn
lokalt	lˈoːkalt
lokaltog	lʊˈkɑːltoːg
lokasjon	luːkɑskɪɔn
loke	luːkˈɛ
loket	lˈɔ̃kət
lokføreren	luːkfœɾɪən
lokk	ɭɔkː
lokke	lˈɔkːə
lokke	ɭɔkːə
lokke	ˈlɔkə
lokkemat	luːkəmat
lokkematen	ɭɔkəˈmɑːtən
lokkemiddel	luːkəˈmɪɖːəl
lokkende	lɔkːənə
lokker	lɔkːər
lokker	lˈokːer
lokkes	ɭɔkːəs
lokket	ɭɔkːət
lokomotivet	luːkɔmɔtɪvɛt
lol	loːl
lolabelle	loːlɑbəl
lolita	luːlɪtɑ
lolly	lɔɭiː
loman	luːman
lombard	lɔmbɑɾ
lombardo	lɔmbɑːɾʊ
lomma	lɔmːɑ
lomme	lumˈma
lomme	ɭɔmə
lomme	ˈlɔmə
lommebok	ɭɔ̀mːəbuːk
lommeboka	ɭɔ̀mːəbuːkɑ
lommeboken	ɭɔ̀mːəbuːkən
lommebøkene	ɭɔ̀mːəbuːkənə
lommebøker	ɭɔ̀mːəbuːkər
lommekjent	ˈlʊməçɛnt
lommekniv	ɭɔ̀mːəknɪf
lommekniven	ɭɔ̀mːəknɪʋən
lommelun	lɔmːəɭʉn
lommelykt	lɔmːəɫʏkt
lommelykten	lɔmːəɫʏktn̩
lommelyktene	lɔmːəɫʏktnə
lommelykter	ɭɔmːəɫɪktɛɾ
lommen	ɭɔmːən
lommene	lɔmːənə
lommepengene	ɭɔ̀mːəpɛŋənə
lommepenger	ɭɔ̀mːəpɛŋgər
lommer	ɭɔmːər
lommerusk	ɭɔmːɾʉʂk
lommetyv	lɔməˈtyːʋ
lommetørkle	ɭɔmːətœʁklə
lommetørkleet	ɭɔmːətœʁkɛːt
lommetørklær	ɭɔmːətœʁkɭæːr
lommeur	ɭɔ̀mːəʉ̯ɾ
lompe	lumpa
london	lʊnːɔn
londons	lɔnˈdɔns
long	lɔŋ
longley	loŋlɛɪ
longo	lɔŋɔ
longyearbyen	lʊ̞ŋjˈɛrbjɪn
lonnegan	lonːɛgɑn
lonnie	lonːi
loo	luː
look	luːk
loomis	luːmɪs
loompa	luːmpɑ
loop	luːp
loope	lˈɔːpˈˀ
loopen	luːpən
looper	luːpər
loppa	lɔpːɑ
loppa	lˈopːa
loppe	loppa
loppe	loːpə
loppe	ˈlɔpə
loppemarked	loːpəˈmɑːrkɛd
loppemarked	lɔpəmɑɾkɛd
loppemarkedet	lɔpəˈmɑːrkədeːt
loppene	lɔpːənə
lopper	loːpːər
loppet	lɔpət
lorca	loːɾkɑ
lorden	loːɾn̩
lordene	loːɾd̥ənə
lordsburg	ɭɔɾsˈbʉɾg
lorelei	loːɾɛːlɑɪ
lorena	luːˈɾeːnə
lorens	luːrɛns
lorentz	lʊɾˈɛnts
lorenz	loːrɛns
loretta	loːˈɾɛtɑ
lorgen	loːɾgən
loring	luːɾɪŋ
lorna	loːɳa
lorås	luroːs
losje	luːʃə
losjen	loːʃən
loss	loʃ
losse	ˈlɔsə
losser	luʃːər
losserampe	lossɛrampe
losset	loʂː
lost	lɔʃt
lotta	lɔtɑ
lotte	ɭɔtːə
lotteri	ˈlɔtəɾɪ
lotteriet	ɭɔtəɾɪət
lottie	ɭɔtɪ
lotto	lˈɔtːo
lotto	ɭɔtə
lotus	luːtʊs
louanne	luːɑnə
louche	luːʃə
loudon	luːdɔn
louie	luːi
louiee	luːɪ
louis	luːɪs
louis	ˈlʉːɪs
louisa	luːɪsɑ
louises	luːɪsɛ
louisiana	luːiˈzɑːnə
louisianas	luːɪsɑːnɑːs
louisville	luːɪsˈvɪl
lounds	luːns
lourdes	luːɾuːs
louvre	luːvrə
lov	loːʋ
lov	luːv
lov	ˈloːʋ
lovbrudd	loːvbrʉd
lovbrudd	luːb̥brʉt
lovbruddet	luːb̥brʉtː
lovde	luːvd̥ə
love	luːv
lovecraft	luːvəkrɑft
loveless	luːvəlɛs
lovell	luːvɛɭ
lovende	ˈloːʋənə
lovene	luːvənə
lovene	lʊvˈna
lovens	luːvəns
lover	luːvər
loves	luːʋs
lovet	luːvət
lovforslag	luːfɔʂlɑg
lovforslaget	luːfɔʂlɑg
lovgiver	loːvˈiːvər
lovgivning	luːvgɪvnɪŋ
loving	luːvɪŋ
lovisa	luːvɪsɑ
lovise	luːvis
lovlig	ˈloːʋlɪ
lovlige	ˈloːʋlɪə
lovligere	ˈloːʋlɪɾə
lovlydig	luːvlʏg
lovlydige	luːvlʏiː
lovlydigere	ˈloːʋlyːdɪɾə
lovløs	luːvløs
lovløse	luːvløːsə
lovmann	luːvmɑn
lovnad	lˈoːvnad
lovord	luːvɔɾ
lovstridig	luːʋstriːdɪ
lovstridig	ˈloːʋstɾiːdɪ
lovstridige	ˈloːʋstɾiːdɪə
lovstridigere	ˈloːʋstɾiːdɪɾə
lovstridigste	ˈloːʋstɾiːdɪkstə
lowe	luːʋə
lowell	luːɛl
lowenstein	luːvɛinstɪn
lowrey	luːɾeɪ
lowrys	luːɾʏs
lrak	ɭɾɑk
lran	ɭɾɑn
lrene	ɭæːɳə
lsu	ɬʉː
ltalia	ɪtˈɑːlɪɑː
lu	luː
lubben	ɭʉbːən
lubben	ˈlʉbn̩
lubben	ˈlʉbən
lubbock	luːbɔk
lube	luːb
lubne	luːbne
luca	luːkɑ
lucas	luːkɑs
lucia	luːtʃia
lucie	lysˈi
lucilla	luːtʃɪlːə
lucille	luːˈʃɪlːə
lucius	luːsiː
luck	ɭʉkː
lucky	luːkʏ
ludder	luːdɛr
luddere	luːdɛːɾə
ludderet	ˈlʉdːɛʈ
ludlow	luːdloː
ludvig	luːdʋɪg
ludwig	luːdʋɪg
lue	lˈʉa
lue	ˈlʉːə
luen	luːn
luene	luːnə
luer	luːɾ
luft	luːft
luft	lʉft
lufta	luːftɑ
luftangrep	luftɑŋrɛp
luftangrepet	luːftɑŋrɛpət
luftballong	luːftbɑːlɔŋ
luftbåren	luftbɔːrən
lufte	luːftə
lufte	ˈlʉftə
luftegården	luːftɛgoːɾdn̩
luften	ɭʉftn̩
lufter	ɭʉftəɾ
luftes	luːftəs
luftetur	luːftəˈtʉːr
luftfartsverket	luːftfɑɾtsvɛɾk
luftforsvar	luːftfɔʂʋɑr
luftforsvaret	luːftfɔʂvɑːr
luftforurensning	ˈlʉftfɔɾʉɾɛnsnɪŋ
luftgevær	luftgæʋæːr
lufthavn	luːfthɑːvn
lufthavnen	luːfthɑvn̩
luftpost	lˈʉftpɔst
luftrom	luːftroːm
luftrommet	luːftrɔmː
luftrøret	luːftroːrət
luftskip	luːftʃɪp
luftskipet	luːftˈʂɪpət
luftsluse	luːftslyːsə
luftslusen	luːftslyːsən
luftspeiling	luːftspæɪ̯lɪŋ
luftstøtte	luftstøːtə
lufttrykk	luːftʈrʏkː
lufttrykket	luftˈtrʏkː
luftveiene	luftveːʋæɪnə
luftvåpenet	luftvɔːpənət
lugar	luːgɑːr
lugar	lʉˈgɑːɾ
lugaren	luːgɑːɾɛn
lugarene	luːgɑːrənə
luger	luːgɛɾ
lugge	ˈlʉgə
luggen	luːgn̩
lugo	luːguː
luguber	lʉˈgʉːbəɾ
luigi	luːɪ
luis	luːɪs
luisa	luːɪsɑ
luiz	luːɪs
luka	luːkɑ
lukas	luːkɑs
luke	luːkə
luke	lˈʉkə
luke	ˈlʉːkə
luken	luːkən
lukene	luːkənə
luker	luːkɛr
lukes	luːkəs
lukk	ɭʉkː
lukka	luħːa
lukke	lukːa
lukke	ɭʉkːə
lukke	ˈlʊkə
lukkede	luːkːə
lukker	luːkɛr
lukkes	lukːɛs
lukkes	ɭʉkːəs
lukket	luːkˈɪt
lukket	ɭʉkːət
lukkøye	luːkœʏ̯
lukrativ	luːkrɑtɪf
lukrativ	ˈlʉkɾɑtiːʋ
lukrative	luːkrɑtɪvə
luksuriøs	lʉksʉɾɪˈøːs
luksuriøse	luːkʂuɾiøːsə
luksusen	luːkʂʉsn̩
luksushotell	luːkʂʉshɔtɛl
lukt	lʉkt
lukt	lˈʉkt
lukt	ɭʉkt
lukta	luːkta
lukte	luːktə
lukte	lˈuktə
lukte	ˈlʊktə
lukten	luːk'tən
luktene	luːk'tnə
lukter	luːk'tər
lukter	lˈuktər
luktesalt	luːktəˈsɑlt
luktesans	luːktɛsɑns
luktesansen	luːktəsɑ̀n̩s
luktet	lˈuktət
luktet	ɭʉktə
lula	luːlɑ
luleå	luːləɑː
lulu	luːluː
lumen	luːmən
lummer	ˈlʊməɾ
lummert	ˈlʊməʈ
lumpen	ˈlʊmpən
lumpur	lʊmpʉːr
lumsk	luːmsk
lumsk	lʊmsk
lumske	luːmʃə
lun	luːn
lun	lʉːn
luna	luːnɑ
lunch	lʊnʧ
lund	lʊnː
lundberg	ɭʉnːbæɾg
lunde	lunda
lunde	ˈlʉndə
lundgren	ɭʉnːgɾɛn
lundmark	lʉnːmɑrk
lundys	luːnɪs
lune	luːnə
lune	ˈlʉːnə
lunefull	luːnəfuːl
lunefull	ˈlʉːnəfʉl
lunefulle	luːnəfuːlə
luner	luːnɛr
lung	luŋ
lunge	luŋːə
lunge	lˈʉŋə
lunge	ˈlʊŋə
lungebetennelse	luŋgəˈbɛtənləsə
lungebetennelse	lʊŋəbɛtɛnɛlsə
lungekreft	luŋəkrɛft
lungen	luŋn̩
lungen	lˈʉŋan
lungene	luŋːnə
lungepest	lʊŋpəst
lunger	luŋːər
lunken	ˈlʊŋkən
lunsford	luːnsfɔɾ
lunsj	lœnʂ
lunsj	lʉnʂ
lunsjavtale	ɭʉnsjɑvtaːlə
lunsje	lʉ̂nʃə
lunsjen	lʉnʃən
lunsjer	ɭʉnʂɪ
lunsjpause	lʉnʂpɔus
lunsjpausen	lʉnʂpɑʉsn̩
lunsjpenger	lʉnʃpɛŋgɐ
lunsjtid	lʉnʃtɪː
lunt	ɭʉnt
lunta	lʉ̂ntɑ
lunte	luːntə
lunte	ˈlʉntə
lunten	ɭʉntn̩
luntene	ɭʉnːtənə
lupe	luːpə
lupita	luːpɪtɑ
lupo	luːpʊ
lupus	luːpʉs
lur	lʉːɾ
lur	lˈʉr
lure	luːɾə
lure	ˈlʉːɾə
luremus	luːɾəˈmʉs
luren	luːɾən
lurendreier	luːɾɛndɾæɪ̯ɾ
lurer	luːɾə
lurere	luːɾɛɾɛ
lureri	luːɾəɾɪ
lures	luːɾəs
lurespørsmål	luːɾəʂpœʂmoːl
lureste	luːɾɛst
luring	luːdɪŋ
luring	luːɾɪŋ
luringen	luːɾɪŋən
lurken	luːɾkən
lurvete	ˈlʉɾʋətə
lus	luːs
lusa	luːsɑ
luschek	luʃk
luscious	luːʃɪɔs
luse	ˈlʉːsə
lusen	luːsən
lusen	ˈlʉːsən
lusene	luːsənə
lusent	luːsənt
lusing	luːsɪŋ
luske	luːʃkə
luske	ˈlʉskə
lusker	luʂkər
lusket	luʂkət
lut	luːt
lut	lˈʉt
luta	luːtɑ
lutan	luːtɑn
lute	ˈlʉːtə
lutfattig	luːtˈfɑtɪ
luther	luːtɛr
lutrygga	ˈlʉːtɾʏgət
lutrygget	ˈlʉːtɾʏgət
lutter	ɭʉtːɛr
lutz	ɭʉts
lux	luːks
luxembourgsk	ˈlʉksəmbʉɾksk
luz	luːs
lv	ɭʉː
ly	lyː
ly	lˈi
lyanna	lyɑnːə
lycus	lyːkʉs
lyd	lid
lyd	lyːd
lydbånd	lyːd̥bɔ̀ːnt
lyddemper	lyːd̥d̥ɛmpər
lyde	lyːd̥ə
lyden	lyːdn̩
lydene	lyːdənə
lyder	lʏðər
lydia	lyːdɪa
lydia	lʲidja
lydig	lyːdɪg
lydige	lyːdɪgə
lydigere	ˈlyːdɪɾə
lydisolert	lyːdɪsɔlɛɾt
lydløs	lyːdløːs
lydløse	lyːdløːsə
lydløst	lyːdløst
lydmuren	lyːd̥mʉːɾən
lydopptak	ˈlʏːdɔpːtɑk
lydtett	lyːtɛt
lyg	lyːg
lyge	lyːgə
lyge	lʲigæ
lyger	lyːgər
lygia	lyːgiɑ
lykantrop	lyːkɑnˈtrɔp
lykantroper	lyːkɑntrɔpər
lykke	lykkæ
lykke	lʏkə
lykke	ɭʏkːə
lykkeamulett	lykəˈmʉlət
lykkebringende	ɭʏkːəbrɪŋənə
lykkedag	lykːədaː
lykkedagen	lykədagən
lykkejeger	lykːəjægər
lykkekake	lykəkaːkə
lykkekaker	lykəˈkɑːkər
lykkelig	lykːəlɪ
lykkelig	ˈlʏkəlɪ
lykkelige	lykːəlɪ
lykkelige	ˈlʏkəlɪə
lykkeligere	lykːəlɪgərɛ
lykkeligere	ˈlʏkəlɪɾə
lykkeligst	lykːəlɪçst
lykkeligst	ˈlʏkəlɪkst
lykkeligste	lykːəlɪçstɛ
lykkeligste	ˈlʏkəlɪkstə
lykken	lykːən
lykkens	lykːəns
lykkepiller	lykkipiːlːiɾ
lykkes	lykːəs
lykkes	ˈlʏkəs
lykketallet	lykəˈtɑlət
lykketreff	lykətrɛf
lykkeønskning	lʏkœnsknɪŋ
lykt	lyːkt
lykta	lyːkta
lykten	lyːktən
lyktene	lyːktənə
lykter	lyktər
lykter	lyːktər
lyktes	lyktəs
lyktestolpe	lyktøstolpa
lyla	lyːlɑ
lyle	lyːlə
lyman	lyːman
lyn	lyːn
lyn	lʏn
lynch	lʏnʧ
lynda	lʏndɑ
lynde	lyːnə
lyndon	lyːn̪d̪ɔn
lyndsey	lʏndʂɑɪ
lyne	liːnˈa
lyne	ˈlyːnə
lynene	lyːnːə
lynet	lyːnət
lynets	lyːnəʈs
lynette	lyːnɛtːə
lyng	lɪŋ˧˥
lyngen	lʏŋn
lyngen	lˈɪŋən
lynkurs	lʏŋkʉʂ
lynn	lʏnː
lynne	lʏnːə
lynrask	lyːnrɑʂk
lynraskt	lyːnˈrɑʂkt
lynsje	lʏnʂə
lynsje	ˈlʏnʂə
lynsjet	lʏnʃɛt
lynsjing	lʏnsçɪŋ
lyon	liːɔn
lyra	lyːɾɑ
lyriker	lyːriːkːiːr
lyrisk	lyːʂk
lyritrol	lyːɾɪtɾɔl
lys	lyːs
lysa	lisa
lysa	lyːsɑ
lysaker	liːsɑːkɪr
lysbryter	lyːsbɾyːtəɾ
lysbryteren	lyːsbɾʏːtɛɾən
lyse	lisa
lyse	lyːsə
lyseblå	lyːsə
lyseblå	lyːsəblɔː
lysekronen	lyːsəkrʊnə
lysende	lyːsɛndə
lysene	lyːsəneː
lyser	lyːsɛr
lyser	lʲiːsir
lysere	lyːsəɾə
lyserøde	lyːsəɾøːdə
lysestake	lyːsəstɑːkə
lyset	lyːsɛt
lysets	lysɛts
lysglimt	lyːsglɪmt
lyshåret	lyːʂɑːɾɛt
lysingen	lˈyːsɪŋən
lyskaster	lyːskɑstəɾ
lyskasteren	lyskɑstəɾən
lyskasterne	lyskɑstɛɳ
lyske	lˈyska
lyske	ˈlʏskə
lyskebrokk	lʏskəbɾɔk
lysken	lyskən
lysmåler	lʏsmoːləɾ
lysner	lysnɛr
lysningen	lysnɪŋən
lyspære	ʎʏsˈpæɾə
lyspæren	lyspæːɾən
lyssky	lysːʃyː
lyst	lyːst
lyst	lɪst
lyst	lʏst
lystbetont	ˈlʏstbətuːnt
lyste	lystə
lysten	lyːstən
lysten	ˈlʏstən
lystene	lyːstənə
lyster	lyːstɛr
lystgass	lyːstgɑsː
lysthuset	lystʉːs
lystig	ʎʏstɪ
lystig	ˈlʏstɪ
lystige	ˈlʏstɪə
lystigere	ˈlʏstɪɾə
lystre	ˈlʏstɾə
lystrer	lystɛr
lysår	lyːsɔːr
lyter	lyːtər
lytt	lʏtː
lytte	lʏtːə
lytte	ˈlʏtə
lytter	lyːtər
lytter	lˈɪtər
lytter	ˈlʏtəɾ
lyttere	lyːtːɛrɛ
lyttet	lytːə
lyttet	lˈytːat
lyv	lyːv
lyve	lyːvə
lyver	liːvɪ
lyver	lyːvər
lå	loː
lå	lˈoː
låg	loːg
lån	loːn
lån	nom
låne	lona
låne	loːnə
låne	ˈloːnə
lånehai	loːnɛhɑɪ
lånene	loːnənə
låner	loːnər
lånet	loːnət
lånt	loːnt
lånte	lonːtə
lår	loː
lår	loːɾ
lårene	loːrən
lårene	loːrənə
låret	loːrɛt
lås	loːs
låse	loːsə
låse	ˈloːsə
låsen	loːsən
låsene	loːsə
låser	loːsər
låses	loːsəs
låsesmed	loːsəsmɛː
låste	loːstɛ
låste	lˈoːstə
låt	loːt
låt	lˈoːt
låta	loːtɑ
låte	loːtə
låte	ˈloːtə
låten	loːtən
låtene	loːtənə
låter	loːtər
låven	loːvən
lærd	læɖ
lærde	leːɾd̥ə
lærdom	leːɾdɔm
lære	leːɾə
lære	ˈlæːɾə
lærebok	ˈlæːɾəˌbɔk
læreboka	ˈlæːɾəˌbɔːkɑ
læremester	ˈlæːɾəmɛstə
læremiddel	lərəmˈɪdəl
læren	ɭæːɾən
lærer	laːdir
lærere	leːrːə
læreren	leːrɛɾən
lærerens	ˈlæːrəns
lærerik	ˈlæːrərɪk
lærerinne	lærɪrɪnːa
lærerne	ˈlæːrənə
læret	ˈlæːɾət
lærevansker	ˈlæːɾəʋɑnskər
lærevillig	ˈlæːɾəʋɪlɪ
lærevillige	ˈlæːɾəʋɪlɪə
lærevilligst	ˈlæːɾəʋɪlɪkst
lærevilligste	ˈlæːɾəʋɪlɪkstə
lærke	leːɾkə
lært	ɭæːɾ̥t
læsnæs	leːsneːs
léa	leː
léo	leːo
lópez	luːpɛs
lø	løː
lødingen	lˈøːdɪŋən
løft	løft
løft	lˈœft
løfte	luːftə
løfte	ˈlœftə
løftene	løftə
løfter	løftər
løfter	lˈœftər
løftes	løftəs
løftet	lˈœftət
løgn	løːɲ
løgn	lœjn
løgn	lœ̃n
løgnaktig	løːgn̥ɑktɪ
løgnaktige	løːgnɑːktɪgə
løgnaktighet	løːgn̥ɑːçtiːghɛt
løgndetektor	løːɲdətɛktɔr
løgndetektoren	løːɲdətɛktɔːrən
løgndetektortesten	løːɲdətɛktɔɾtɛstən
løgnen	løːgn̩
løgnene	løːɲənə
løgner	løːɳər
løgneren	løːɳəɾən
løgnhals	løːɲhɑːls
løk	luːk
løk	løːk
løk	lˈœk
løken	løːkən
løker	lˈøːkir
løkka	luːkka
løkke	luːkə
løkken	løkʰkən
løkringer	løːkɾiŋər
løksuppen	løksupˈɛn
lømler	luːmlər
lømmel	løːməl
lønn	løːn
lønn	lœn
lønna	løːnə
lønne	loːnə
lønne	ˈlœnə
lønnen	løːnːn̩
lønner	løːnːər
lønnesirup	løːnːəˈsɪrʉp
lønnet	løːnːət
lønning	løːnɪŋ
lønningen	loːnːɪŋ
lønningene	løːnɪŋːə
lønninger	løːnɲeːɾ
lønningsdag	løːnɪŋsdɑː
lønningslista	løːnɪŋsliːsta
lønningsliste	løːnɪŋsliːstə
lønningslisten	løːnɪŋslistn̩
lønnsforhøyelse	løːnːsfɔːɾˈhøɪ̯ːɛlsə
lønnsom	loːnːsɔm
lønnsomme	løːnsɔmə
lønnsomt	løːnːsɔm
lønnspålegg	luːnspɔːlɛg
lønnsslippen	lønsːslɪpːən
lønnstrinn	løːnːstrɪnː
lønnsøkning	løːnsøknɪŋ
lønte	luːntə
løp	luːp
løp	løːp
løpe	lɛpə
løpe	ˈløːpə
løpegutt	luːpgʉt
løpende	luːpɛnə
løpende	ˈløːpnə
løper	luːpɛr
løpesedlene	luːpəsɛdl̥nə
løpesedler	luːpəsɛdlɛr
løpet	løːpət
løping	luːpɪŋ
løping	lˈøːpɪŋ
løpingen	lˈøːpɪŋən
løpsk	lœpsk
løpstikka	lˈøːpstˈɪka
løpt	løːpt
lørdag	løːɾdaː
lørdag	ˈløːɖɑg
lørdagen	løːɾdaːgən
lørdager	løːdˈɑgɪ
lørdager	løːɖɑgəɾ
lørdager	ˈløːɖɑːgəɾ
lørdagskvelden	løːɖɑgskʋæɭn
løs	løs
løs	løːs
løsaktige	luːsɑktɪgə
løse	luːsə
løse	løsˈ
løse	ˈløːsə
løsepenger	luːsəˈpeŋəɾ
løsepenger	lˈøːsepˌɛŋər
løser	løːsid
løser	løːsər
løses	luːsəs
løsesummen	luːsəˈsʉmn̩
løsgjengere	luːsjɛŋgəɾə
løsgjengeri	løːsjɛŋːɛɾi
løskrutt	luːʂkrʉt
løslate	luːslaːtə
løslate	ˈløːslɑːtə
løslatelse	luːslɑtɛs
løslatelsen	luːslaːtəsən
løslater	luːslaːtər
løslates	luːslaːtəs
løslatt	løːsɭɑt
løslot	løʂlɔt
løsmunnet	luːsmʉnː
løsne	løːsnə
løsner	løːsnɛr
løsnet	luːsnet
løsnet	lˈœsnət
løsning	lˈøːsnɪŋ
løsningen	luːsnɪŋən
løsningen	lˈøːsnˈɪŋən
løsningene	lˈøːsnɪŋənə
løsninger	lˈøːsnɪŋər
løsrive	luːsriːʋə
løsrive	ˈløːsɾiːʋə
løsskudd	løʂkʉd
løssluppen	løsːslʉpːən
løssluppen	ˈløːsʂɭʊpən
løste	løːstə
løstenner	ˈløːsthɛnəɾ
løsunge	luːsʉŋə
løten	lˈøːtən
løv	luːv
løv	lˈøv
løve	luːʋə
løve	lˈøːvə
løvehjerte	luːvɛɾtə
løven	luːʋn
løvene	luːvən
løvenes	luːvənɛs
løvens	luːʋəns
løver	luːvər
løvet	luːvɛt
løvinne	luːvɪnːə
løvtynn	løvtɪn
løye	laja
løye	ˈlœjə
løyet	løjət
løyner	luːjnər
løypa	luːʏpɑ
løype	luːʏpə
løype	løjpːa
løype	ˈlœjpə
løypemage	løɪpəmaːgeː
løytnant	løːtnant
løytnanten	løʏtn̥ɑntən
løytnantens	løʏtnɑntɛns
løytnanter	løʏtn̥antər
løyve	løːvə
løyve	ˈlœjʋə
lшytnant	lyːtn̥ant
m	ɛm
ma	maː
mac	maːk
macallan	ˈmɑːkɑːlɑːn
macao	ˈmɑːkɑʊ̯
macarthur	ˈmɑːkɑːrtʉːr
macavity	ˈmɑːkɑːvɪtɪ
macbeth	ˈmɑːkbɛtʰ
macchiato	ˈmɑtʃɑtɔ
maccready	ˈmɑːtʃrɛɪdi
macdonald	ˈmɑːkɔnɛɭ
macduff	ˈmɑːtʃduːf
macgregor	ˈmɑːkgrɛgʊːr
macgruber	ˈmɑːkgrʉːbər
macgyver	ˈmɑːkgɪːvər
mach	maχ
machete	ˈmɑːtʃɛːtə
macheten	ˈmɑːçɛtən
machiavelli	ˈmɑːkɪɑ̯vɛlɪ
machin	ˈmɑːtʃɪn
machine	maˈʃiːnə
macho	ˈmɑːtʃoʊ
macintosh	ˈmɑːtʃɪnɔʃ
mack	mek
mackenzie	ˈmækɪˌniː
mackey	ˈmɑkə
maclaine	ˈmɑːklaɪnə
maclaren	ˈmɑːklæːɾən
macleish	ˈmɑːkəlɪʃ
macleod	ˈmɑːkliːɔː
macrae	ˈmɑːkɾæ
mad	mɑːd
madagaskar	ˈmɑːdɑgɑskɑr
madalena	ˈmɑːdələnə
madame	ˈmɑːdæm
madcon	matkon
madden	ˈmɑːdən
maddie	ˈmɑdiː
maddy	ˈmɑdi
made	ˈmaːd̥ə
madea	ˈmɑːdeː
madeira	matae̞ra
madeleine	ˈmɑːdəlɛn
madeline	ˈmɑːdəlɪn
mademoiselle	ˈmɑːdmoʃɛl
madero	ˈmɑːdæɾo
madge	maɖː
madi	ˈmɑːdɪ
madigan	ˈmɑːdɪgɑːn
madison	ˈmɑːdɪsn̩
mado	ˈmɑːdʊ
madonna	ˈmɑːdɔnə
madonnaen	ˈmɑːdɔnən
madrass	madras
madrass	mɑˈdɾɑs
madrass	ˈmɑːdrɑʂ
madrassen	ˈmɑːdrɑːsn̩
madrassene	ˈmɑːɖɑːsə
madrasser	ˈmɑːdrɑsər
madre	ˈmɑːdɾə
madrid	ˈmɑːdrɪt
mads	mˈats
madsen	mˈatsən
madsen	ˈmɑːsən
madshus	matsus
madshus	matsˈʌs
mae	maː
maester	ˈmæːstər
maestroen	ˈmæːstɾøːn
maeve	ˈmeːvə
mafeking	ˈmɑːfɛkɪŋ
mafia	ˈmɑːfia
mafiaen	ˈmɑːfɪən
mafiaens	ˈmɑːfɪəns
mafioso	ˈmɑːfɪuːsʉ
mag	mag
magasin	ˈmɑːgɑːsɪn
magasinene	ˈmɑːgɑːsɪnə
magasiner	ˈmɑːgɑːsɪnər
magasinet	ˈmɑːgɑːsɪnə
magda	ˈmɑgdɑ
magdalena	magdalˈena
magdalena	magdaˈleːna
mage	maga
mage	maːgə
mage	ˈmɑːgə
magefølelse	ˈmɑːgəføːəlsə
magefølelsen	ˈmɑːgəføːləˌsn̩
magekatarr	maːgʲiːkaːtar
magekatarrer	maːgikatarleɾ
mageknip	magiknˈip
mageknip	magəknɪp
magekrampe	maːgkramˀpə
magekreft	maːgkrˈɛft
magemusklene	ˈmɑːgəˌmʉskləˌnə
magemuskler	ˈmɑːgəˌmʉʃlɛr
magen	maːgin
magen	mɑːgən
magen	ˈmɑːgn̩
magene	mɑgɪnˈɛ
magene	ˈmɑːgənə
magenta	magɛnta
magenta	ˈmɑːgəntɑ
mager	ˈmɑːgər
mager	ˈmɑːgəɾ
magerholm	mɑːgɪrhalm
magert	ˈmɑːgəɾt
magesekk	magɛsɛkː
magesekken	mˈɑːgəsˈɛkən
magesekken	ˈmɑːgəˌsɛkən
magesmerter	magsˈmɛʈɾ
magesår	magəˈsoːr
magesår	mogɛsɔr
maggi	ˈmɑgi
maggie	magi
maggies	magiːs
magi	ˈmɑgi
magic	ˈmɑːgɪk
magien	ˈmɑgiən
magiens	ˈmɑːgɪəns
magiker	ˈmɑːgɪkər
magikere	ˈmɑgɪkəɾə
magikeren	ˈmɑgɪkəɳ
magisk	magisk
magisk	ˈmɑːgɪsk
magiske	ˈmɑːgɪskə
magister	mɑˈgɪstəɾ
magistrat	ˈmɑgɪstrɑt
magma	magma
magna	ˈmɑŋnɑ
magnar	maŋiːnɑɾ
magne	ˈmɑ̀ːɲə
magnet	ˈmɑŋnət
magneten	ˈmɑ̀ŋnətən
magnetfeltet	ˈmɑŋnətˌfɛltət
magnetisk	ˈmɑŋnətɪsk
magneto	ˈmɑŋnɛtʊ
magnum	ˈmɑ̀ːgnʉm
magnus	magnʲis
magnus	ˈmɑ̀ŋnʉs
magnussen	ˈmɑ̀ːɳʉsn̩
magnusson	ˈmɑ̀ːɳʉsn̩
magre	magrɛ
magruder	ˈmɑːgrʉːdər
mags	mags
magua	ˈmɑ̀gʉɑ
maguire	ˈmɑːgɪɾə
mahal	ˈmɑːhɑːl
mahalo	ˈmɑːhɑːlʊ
maharajaen	ˈmɑːhɑːɾɑːjɑːn
mahdi	ˈmɑːdi
mahdien	ˈmɑːdiːən
mahler	ˈmɑːlɐ
mahmoud	ˈmɑːmuː
mahogni	ˈmɑːhɔgnɪ
mahon	ˈmoːn
mahone	ˈmoːnə
mai	maɪ
mai	ˈmɑːi
maia	maja
maigret	maɪgrɛt
maiken	maekɪ̞n
maiken	ˈmæɪkən
maiko	maɪkʊ
mail	maɪ̯l
maile	maɪ̯lə
mailen	maiːlən
mailene	maɪ̯ˈleːnə
mailer	maɪ̯ɭər
mailet	maɪlət
main	maɪn
maine	maɪ̯nə
mainwaring	maɪnˈʋɑːɾɪŋ
mais	maɪs
mais	ˈmɑːɪs
maisbrød	maɪ̯sbrœː
maisen	maɪsən
maisie	maɪˈsiː
maison	maɪsɔn
maissirup	maɪsɪɾʉp
maisy	maɪsi
maisåkeren	maɪ̯sɔkəɾən
maitland	maɪtˈlɑn
maj	maɪ
maja	ˈmɑːjɑ
maje	maːjə
majestet	majəztɛt
majestet	ˈmɑjɛstɛt
majestetisk	mɑjəˈsteːtɪsk
majestetiske	ˈmæjəstɛtɪskə
majestets	ˈmɑjɛstɛts
majestic	majɛstɪk
majeure	ˈmɑːjʏr
majid	magɪd
majka	majka
majmun	majmʉn
majones	majɔnɛs
majones	mɑjʊˈneːs
major	majuːr
majoren	ˈmɑːjɔːɾən
majoriteten	ˈmɑːjɔɾɪˌteːn
majors	majɔʂ
mak	mək
makaber	mɑˈkɑːbəɾ
makan	ˈmɑːkɑn
makaroni	ˈmɑːkɑːrɔnɪ
make	mək
make	ˈmɑːkə
make-up	maːkʉp
makelig	ˈmɑːkəlɪ
makelige	ˈmɑːkəlɪə
makeligere	ˈmɑːkəlɪɾə
makeligst	ˈmɑːkəlɪkst
makeløs	ˈmɑːkəløːs
makeløse	ˈmɑːkəløːsə
makeløst	ˈmɑːkəløsːt
maken	ˈmɑːkən
maker	ˈmɑːkər
makeup	ˈmeɪkʉp
makhija	ˈmɑːçɪjɑ
makin	ˈmɑːkɪn
makker	ˈmɑkːər
makkere	ˈmɑkːərə
makkeren	ˈmɑkːəɾən
mako	ˈmɑːkʊ
makrell	mɑˈkɾɛl
makrell	ˈmɑːkɾɛɭ
makreller	makrɛllər
maks	makʂ
maks	mˈaks
maksimal	maːksimaːl
maksimal	mɑksɪˈmɑːl
maksimal	ˈmɑksɪmɑl
maksimale	ˈmɑksɪmɑːlə
maksimalt	ˈmɑksɪmɑlt
maksimere	ˈmɑksɪməɾə
maksimum	maksimum
maksimum	ˈmɑksɪmʊm
makt	makt
makt	mɑkt
makt	məkʈ
makta	məkta
maktbalansen	ˈmɑːktbɑːlɑn̥sən
maktbruk	ˈmɑːktbɾʉk
makte	mˈaktə
makte	ˈmɑktə
makten	makːnˈuː
makten	ˈmɑːktən
maktens	ˈmɑːktəns
makter	mˈaktər
makter	ˈmɑktəʂ
maktesløs	ˈmɑktəsløːs
maktesløse	ˈmɑktəsløːsə
makthaverne	ˈmɑːkthɑːʋəɳə
maktkamp	ˈmɑːktkɑmː
maktmisbruk	ˈmɑːktmɪsbruːk
maktpåliggende	ˈmɑktpɔlɪgənə
maktsyk	maːktsʏk
makulere	mɑkʉˈleːɾə
mal	maːl
mal	mɔːl
malachai	ˈmɑːlɑxɑɪ
malachi	ˈmɑːlɑxɪ
malachy	ˈmɑːlɑxʏ
malariaen	malɑːriːɑːn
malarkey	ˈmɑːlɑɾkɑɪ
malcolms	ˈmɑːlkɔlms
maldivene	ˈmɑːldɪvənə
male	mala
malekith	ˈmɑːlɛkɪt
malen	ˈmɑːlən
malena	ˈmɑːlənə
malene	malɛna
malene	ˈmɑːlənə
maler	ˈmɑːləɾ
malere	mˈɑːlərə
malere	ˈmɑːləɾə
maleren	ˈmɑːləɾən
maleri	mɑləˈɾiː
maleri	ˈmɑːləɾɪ
maleriene	ˈmɑːləɾɪən
malerier	ˈmɑːləɾɪəɾ
maleriet	ˈmɑːləɾɪət
malet	ˈmɑːlət
malfang	ˈmɑːlfɑŋ
malhotra	ˈmɑːlhɔtɾɑ
mali	malɛ
mali	ˈmɑːlɪ
malia	ˈmɑːliɑ
malick	ˈmɑːlɪk
malik	ˈmɑːlɪk
malin	ˈmɑːlɪn
malina	ˈmɑːlɪnɑ
maling	ˈmɑːlɪŋ
malingen	ˈmɑːlɪŋən
malinger	mˈɑlˈɛŋiːr
malkovich	ˈmɑːlkɔɪtʃ
mall	maɭː
malle	malla
malle	ˈmɑːlə
malleson	ˈmɑːləsɔn
mallet	ˈmɑːlːət
malley	maɭː
mallo-familien	ˈmɑːlːoːfɑmɪˌliːən
mallorca	maˈlɔɾka
malloy	maɭɔʏ
malm	maɭm
malm	mɑlm
malm	mɑɫɯm
malmen	ˈmɑːlmən
malmö	ˈmɑːlmøː
malone	ˈmɑːlɔnə
maloney	ˈmɑːlɔnəɪ
malou	ˈmɑːluː
malplassert	ˈmɑlplɑseːʈ
malplassert	ˈmɑːlplɑʂːɛʈ
malstrøm	malstrøm
malt	maɭt
malta	ˈmɑːltɑ
malte	maɭtə
maltese	ˈmɑltɛs
maltgroe	maltgrua
maltodekstrin	mɑɫtutɛkstɾiŋ
malum	ˈmɑːlʊm
malvin	mˌɑlvɪn
malvo	maɭvʊ
mama	ˈmɑːmɑ
mamacita	ˈmɑːmɑːsɪtɑː
mamba	ˈmɑmba
mambo	ˈmɑmːbʊ
mamelukk	mamlˈʉk
mami	ˈmɑːmɪ
mamma	ˈmɑmɑ
mamma	ˈmɑmːɑ
mammadalt	ˈmɑmɑdɑlt
mammaen	mamːam
mammaen	ˈmɑmːən
mammaer	ˈmɑmɑɾ
mammagutt	ˈmɑmːɑgʉt
mammaklær	mammɑklær
mammaperm	mamːapˈɛrm
mammas	ˈmɑmːɑs
mammut	mammət
mammut	ˈmɑmːʉt
mammuten	ˈmɑmːʉtn̩
mammy	ˈmɑmi
mams	maːms
mamsen	ˈmɑːmsn̩
man	mam
man	man
man	mɑːn
management	ˈmɑːnɑgˌment
manager	ˈmɑːnɑːgəɾ
managere	ˈmɑːnɑgərə
manageren	ˈmɑːnɑːgəɾən
mance	mansə
manchac	mantʃɑk
manchester	ˈmæŋkɪstə
mandag	mɑndɑd
mandag	ˈmɑndɑg
mandagen	ˈmɑːndɑgən
mandager	ˈmɑ̀ːnɑgər
mandal	mantɑl
mandala	ˈmɑːndɑːlə
mandarin	mandaɾiːn
mandarin	mɑndɑˈɾiːn
mandarin	ˈmɑ̀ndrɪn
mandat	mɑndad
mandat	ˈmɑndɑt
mandater	ˈmɑ̀ːn̥dɑːtər
mandel	mandəl
mandel	ˈmɑndəl
mandel	ˈmɑ̀ːnːəl
mandela	ˈmɑ̀ːndəlɑ
mandelbetennelse	ˈmɑnəlbɛtɛnɛlsə
mandelen	mandəlˈin
mandig	ˈmɑnɪ
mandig	ˈmɑnːdɪ
mandige	ˈmɑːnɪgə
mandighet	ˈmɑːnɪçət
mandigst	ˈmɑnɪkst
mandigste	ˈmɑnɪkstə
mandlene	ˈmɑndlənə
mandler	mˈandlər
mandler	ˈmɑ̀ːnlɐ
mandrake	ˈmɑ̀ndɾɑːkə
mandy	ˈmɑndi
mandys	ˈmɑnːɪs
mane	ˈmɑːnə
maned	ˈmɑːnə
maneder	ˈmɑːnəɖər
manen	mɑːn
manen	ˈmɑːnən
manene	ˈmɑːnə
maner	ˈmɑːnəɾ
manerene	ˈmɑːnəɾənə
manerer	ˈmɑːnəɾəɾ
manescu	ˈmɑːnəʃuː
manet	ˈmɑːnət
maneten	manətˈɛn
maneter	maneːtˢər
maneter	ˈmɑːnətər
manfred	ˈmɑːnfreː
mang	maŋ
mang	mˈɑŋ
manga	mangã
mange	ˈmɑŋə
mangel	mɐŋɪl
mangel	ˈmaŋːəl
mangelen	ˈmaŋgələn
mangelvare	ˈmaŋːəlʋɑːɾə
manger	ˈmɑŋər
manges	ˈmɑŋːs
mangesidig	ˈmɑŋəsiːdɪ
mangesidige	ˈmɑŋəsiːdɪə
mangesidigere	ˈmɑŋəsiːdɪɾə
mangesidigst	ˈmɑŋəsiːdɪkst
mangesidigste	ˈmɑŋəsiːdɪkstə
mangfold	mangfɔl
mangfold	ˈmaŋfɔlt
mangfoldig	mɑŋˈfɔldɪ
mangfoldige	mɑŋˈfɔldɪə
mangfoldige	ˈmɑŋfɔldɪgə
mangfoldigere	mɑŋˈfɔldɪɾə
mangfoldigst	mɑŋˈfɔldɪkst
mangfoldigste	mɑŋˈfɔldɪkstə
mangle	ˈmaŋlə
mangle	ˈmɑŋlə
manglende	ˈmaŋləndə
manglene	mænlænæ
manglene	ˈmaŋləne
mangler	mˈɑŋlɛr
manglet	maŋglət
manglet	mˈaŋlət
mango	maŋ˧˥kɤ˥˩
mangoer	manguɨr
mangoer	ˈmɑŋgœɾ
mangt	ˈmaŋt
manhattans	ˈmɑːnɑtɑns
manheim	manhɛɪm
mani	ˈmɑːnɪ
manifest	ˈmæ̀nɪfest
manifestasjon	ˈmɑ̀nɪfɛstʃɑːn
manikyr	ˈmɑːnɪkʏɾ
manila	ˈmɑːnɪlə
manion	ˈmɑːnɪɔ̯n
manipulasjon	ˈmɑːnɪpʉlɑːʃuːn
manipulere	ˈmɑːnɪpʉˌlæɾə
manipulerer	ˈmɑːnɪpʉˌlæɾər
manipulering	ˈmɑːnɪpʉˌɭæɾɪŋ
manipulert	manˈɪpuləːt
manipulerte	ˈmɑːnɪpʉˌlɛɾtə
manisk	ˈmɑːnɪsk
manitowoc	ˈmæːnɪtəwɔk
mankato	ˈmɑŋkɑtʊ
manke	maŋkːɛ
manler	manlɛr
manley	ˈmɑːnləɪ
mann	man
manna	ˈmɑnːə
manndom	manːdɔm
manndommen	manːdɔmən
manne	manː
mannehore	ˈmɑːnːəhɔːɾə
mannen	manːn̩
mannens	manːn̩s
mannes	manːs
mannfolk	manːfɔɭk
manning	ˈmɑnɪŋ
mannlig	manlɪ
mannlige	manlɪgə
mannlige	ˈmɑnlɪə
mannligere	ˈmɑnlɪɾə
mannligst	ˈmɑnlɪkst
mannligste	ˈmɑnlɪkstə
manns	manːs
mannskap	manːˈskɑp
mannskap	mɑnskɑːp
mannskapene	ˈmɑnːskɑpənə
mannskaper	manːskɑːpɛr
mannskapet	ˈmɑnːskɑpət
mannskapets	manːskɑpət
mannys	manːʏs
mano	ˈmɑːnʊ
manolo	ˈmɑːnɔluː
manon	ˈmɑːnɔn
manor	ˈmɑːnʊr
mans	mans
mansfield	ˈmɑːnsfɛlt
mansjettknapper	ˈmɑːnʃɛtˌknɑːpər
manson	ˈmɑːsn̩
mantel	mantˀɛl
mantis	ˈmɑntɪs
mantle	ˈmɑːntlə
mantra	ˈmɑntra
manu	ˈmɑːnʉ
manual	ˈmɑːnʉɑːl
manualen	ˈmɑ̀ːnʉɑːlən
manuell	mɑnʉˈɛl
manuell	ˈmɑːnʉɛl
manuelle	ˈmɑːnʉːlə
manuelt	ˈmɑːnʉːlt
manus	manˈus
manuset	ˈmɑːnʉːsɛt
manusforfatter	ˈmɑːnʉsfɔtˌlæɾ
manuskriptet	ˈmɑːnʉskɾɪptə
manwaring	ˈmɑːnʋɑːɾɪŋ
manøver	ˈmɑ̀ːnøʋər
manøveren	ˈmɑ̀ːnœʋəɾən
manøvrer	ˈmɑːnœvrə
manøvrere	mɑnœʋˈɾeːɾə
manøvrere	ˈmɑːnœʋrɛːɾə
mao	moː
maple	ˈmɑːplə
mappa	ˈmɑpːə
mappe	ˈmɑːpə
mappen	ˈmɑːpːən
mappene	ˈmɑːpːənə
mapper	mapːah
mapper	ˈmɑpər
maquiserne	ˈmɑːkɪsɛɳə
mar	maːr
mar	ˈmɑːr
mara	ˈmɑːɾɑ
marady	ˈmɑːɾɑːdʏ
marathon	ˈmɑːrɑːtɔn
maraton	maːɣatɔn
maraton	ˈmɑːrɑtɔn
marburg	ˈmɑːrbʉɾg
marc	maʁk
marcato	ˈmɑːrkoːtɔ
marcel	ˈmɑːʈɛl
marci	ˈmɑɾtʃi
marcia	ˈmɑɾʃiː
marcie	maɾtʃi
marco	ˈmɑːɾkʊ
marcos	ˈmɑːrkɔʂ
marcus	ˈmɑːrkʉs
marczewski	ˈmɑːrtʃɛfski
mardon	ˈmɑːɾɔn
mare	maːɾə
marek	ˈmɑːrək
mareritt	ˈmɑːrərɪt
mareritta	morɛdɪtːo
marerittene	ˈmɑːrɛˌɾɪtənə
marerittet	ˈmɑːrərɪtː
marg	marg
marg	maɾg
marg	mɑɾg
margaery	ˈmɑːɾgæɪ̯
margaret	ˈmɑːɾgəɾɛt
margareta	ˈmɑːɾgɑːɾə
margarin	mɑɾgɑˈɾiːn
margarin	ˈmɑɾgɑɾɪn
margarinen	margariːnən
margarita	ˈmɑɾgɑɾiːtɑ
margaritaer	ˈmɑɾgɑɾiːtɑɾ
margaritas	ˈmɑɾgɑrɪtɑs
margate	ˈmɑːɾgɑːtə
margaux	ˈmɑɾgɑʊs
marge	maɾgə
margen	ˈmɑɾgən
margene	ˈmɑːɾgənə
margido	ˈmɑɾgɪdʊ
margie	maɾgiː
margin	ˈmɑːɾɪn
margit	ˈmɑɾçɪt
margolis	ˈmɑːɾgɔlɪs
margot	margˈot
margot	maɾgɔt
margrete	margˈɾətə
margrethe	ˈmɑːɾgreːtə
mari	mare
mari	ˈmɑːrɪ
maria	mˈɑriːə
maria	ˈmɑːɾiɑ
mariah	ˈmɑːɾiɑ
mariakirken	marii̯aʃirkin
marian	miɑˈɾɑn
mariana	ˈmɑːɾɪɑːnɑ
mariann	ˈmɑːrɪɑn
marianne	ˈmɑːrɪɑːnə
marias	miɑɾiɑs
marichen	marˈiːkən
maricruz	ˈmɑːrɪkruːs
marie	marˈiː
marie	ˈmɑːriː
marielle	ˈmɑːɾɪɛ̯lə
maries	ˈmɑːrɪəs
marigold	ˈmɑːrɪgoʊl
marihuana	ˈmɑːɾɪhʉɑːnɑ
marihuanaen	ˈmɑːrɪhʉɑːnə
marihøne	marjhœne
marihøne	ˈmɑːɾɪˌhøːnə
marijuana	ˈmɑːɾɪuɑːnɑ
marika	ˈmɑːrɪkɑ
mariko	ˈmɑːrɪkʊ
marilla	ˈmɑːrɪlːə
marilyn	ˈmɑːrɪln
marin	ˈmɑːrɪn
marina	marɪna
marina	ˈmɑːrɪnɑ
marinaden	marinatn
marinader	marinadɪ̞r
marinaen	ˈmɑːrɪnɑːn
marine	ˈmɑːrɪnə
marineblå	ˈmɑːrɪnəˌblɔː
marineinfanteriet	ˈmɑːrɪnɪŋfɑnˌtɛːɾ
marinejeger	ˈmɑːrɪnəjɛgər
marinejegere	ˈmɑːrɪnəjɛgərə
marinejegerne	ˈmɑːrɪnəjɛgn̩
marinekorpset	ˈmɑːrɪnəkuːrpsət
marinen	ˈmɑːrɪnə
marinens	ˈmɑːrɪnəns
marineoffiser	ˈmɑːrɪnəʊfɪsər
mariner	ˈmɑːrɪnər
marinerer	marineːre
marinert	ˈmɑːrɪnəɾt
marinerte	marineːt̪ːɐ
marinesoldat	ˈmɑːrɪnəˌsɔltɑːt
marinesoldatene	ˈmɑːrɪnəˌsɔldɑːtənə
marinesoldater	ˈmɑːrɪnəˌsɔltɑːtər
marino	ˈmɑːrɪnʊ
mario	mˈaɾjʊ
mario	ˈmɑːrioː
marion	ˈmɑːrɪɔːn
marionett	ˈmɑːrɪɔnɛt
marionetter	ˈmɑːrjɔnɛtɛr
maris	ˈmɑːrɪs
marisa	ˈmɑːrɪsɑ
mariska	ˈmɑːrɪska
marisol	ˈmɑːrɪsɔːl
marissa	ˈmɑːrɪsɑ
marit	ˈmɑːrɪt
marit	ˈmɑːɾɪt
marita	marˈiːta
maritim	mɑɾɪˈtiːm
maritza	ˈmɑːrɪtsɑ
marius	ˈmɑːrɪʉs
marja	maɾjɑ
marjorie	ˈmɑːrgɔrɪ
mark	mɑɾk
mark	mɑːɾk
marka	ˈmɑːrka
markant	mɑɾˈkɑnt
markant	mˌaɾkant
markant	ˈmɑːrkɑnt
marke	ˈmɑɾkə
marked	mɑɾkɛd
marked	ˈmɑːɾkəd
markedene	ˈmɑːɾkədənə
markeder	ˈmɑːɾkədər
markedet	ˈmɑːɾkədɛt
markedsføre	ˈmɑɾkədsføːɾə
markedsføre	ˈmɑːɾkɛtsføːɾə
markedsføring	ˈmɑɾkədsføːɾɪŋ
markedsføring	ˈmɑːɾkɛtsføːɾɪŋ
markedsføringen	ˈmɑːɾkɛtsfœːɾɪŋ
marken	marki
marken	ˈmɑːrkən
marker	ˈmɑːkəɾ
markere	maɾkeˈɾa
markere	mɑɾˈkeːɾə
markere	ˈmɑːrkeːɾə
markerer	ˈmɑɾkəɾə
markering	ˈmɑːɾkəɾɪŋ
markeringene	ˈmɑːɾkəɾɪŋnə
markert	ˈmɑːrkʈɾ
markerte	ˈmɑːrkɾtə
market	ˈmɑːrkət
markham	ˈmɑːrkhɑːm
marki	maɾkɪ
markie	ˈmɑɾkɪ
markien	ˈmɑːrkiən
markisen	ˈmɑɾkɪsn̩
marko	ˈmɑːrkoː
marks	maʂk
markum	maɾkʊm
markus	ˈmɑːrkʉs
markør	ˈmɑːɾkœɾ
markøren	ˈmɑɾkøːɾən
markører	ˈmɑːɾkœɾɜː
marla	ˈmɑːɭa
marlboro	ˈmɑːɭbɔː
marlena	ˈmɑːɭənə
marlene	ˈmɑːɭənə
marley	ˈmɑːɭiː
marlin	ˈmɑːɭɪn
marlo	ˈmɑːɭuː
marlon	ˈmɑːɭʊn
marlow	ˈmɑːɭɔ
marmelade	marmˌeːladə
marmelade	ˈmɑːrməlæːd
marmeladene	marmeladnˈe
marmelader	mˈaɾməladər
marmor	mɐrmʊr
marnie	ˈmɑːrniː
marokkansk	mɑɾʊˈkɑːnsk
marokkansk	mˌɑruːkˈɑnsk
marokkansk	ˈmɑːrɔkɑnsk
marokko	ˈmɑːrɔkɔ
maroney	ˈmɑːrʊnɪ
marple	ˈmɑːrplə
marquis	ˈmɑːrki
marrakech	ˈmɑːrɑkɛʃ
marren	ˈmɑːrən
marriott	ˈmɑːrɪɔt
marrot	ˈmɑːrɔt
mars	maʂ
mars	mos
mars	mɑʂ
marsboer	maʂbuːr
marsboere	maʂbuːɾə
marseilles	ˈmɑːrsɛ̂ɫ
marsellus	ˈmɑːʂəlʉs
marsh	maʂ
marsha	maʂːa
marshal	maʂɑːl
marshalen	ˈmɑːʂlən
marshallen	maʂɑlːən
marshalls	maʂɑɭs
marshals	maʂɑːɫs
marshmallow	maʂːmɑːloʊ
marshmallows	maʂˈmɑːlɔʃ
marshwood	maʂʈʉː
marsj	maʂː
marsjen	maʂçən
marsjer	maʂɛr
marsjere	maʂˈʃæɾə
marsjere	mɑˈʂeːɾə
marsjerende	ˈmɑʂjəɾnə
marsjerer	ˈmɑʂjərər
marsjert	maʂɛɾt
marsjerte	maʂɛɾtə
marskalk	maʂkɑɭk
marskalken	ˈmɑːrskɑːlkən
marston	ˈmɑːʂtn̩
marsvin	maʂʋɪn
marsvin	mɑːsvin
marsvinet	maʂˈʋiːnət
mart	maɾt
marta	ˈmɑːɾtɑ
marte	maɾtə
martel	ˈmɑːɾtəl
martell	ˈmɑːʈəl
marten	ˈmɑːʈn̩
martha	ˈmɑːɾtɑ
marthas	ˈmɑɾtɑs
marthinsen	ˈmɑːɾtʰɪsn̩
martial	ˈmɑːɾtɪɑːl
martin	mattˈɛ̃
martin	ˈmɑːɾtɪn
martina	ˈmɑːrtiːnɑ
martine	maɾtinɛ
martini	maɾˈtiːni
martinier	ˈmɑːrtɪnɪɛ̯r
martins	ˈmɑːrtɪns
martinsson	ˈmɑːɾtɪnˌsɔn
martius	ˈmɑːrʈʉːs
martok	ˈmɑːtɔk
martti	maʈːɪ
marty	maɾtʏ
martyr	ˈmɑːʈʏʁ
martys	ˈmɑːrtʏs
maru	ˈmɑːɾʉ
marusya	ˈmɑːrʉʃɑ
marv	maɾv
marvel	ˈmɑːɾvəl
marvin	ˈmɑːrvɪn
marwan	ˈmɑːrvɑːn
marx	maɾkʂ
mary	ˈmɑːɾʏ
maryann	ˈmɑːɾiɑn
maryk	ˈmɑːʁɪk
marys	ˈmæɾʏs
maría	ˈmɑːriːɑ
mas	maːs
mas	mɑːs
masaka	ˈmɑsɑka
masasje	mɑˈsɑːʂə
mascara	mɑsˈkɑːɾɑ
mase	masa
mase	maːsə
mase	ˈmɑːsə
maseo	ˈmɑːsəʊ
maser	ˈmɑːsər
maserati	ˈmɑːsəɾɑːtɪ
maset	ˈmɑːsɛt
masete	ˈmɑːsətə
masha	ˈmɑːʃɑ
masja	maʂja
mask	mask
maska	ˈmɑska
maskara	maskara
maskara	ˈmɑskɑrɑ
maske	mˈaska
maske	ˈmɑskə
masken	maskn̩
maskene	masknə
masker	maskəɾ
masker	mask̝ɛr
maskerade	ˈmɑːskɑːɾədeː
maskeradeball	ˈmɑskɑɾɛːdɑbɑːl
maskeraden	ˈmɑskəɾɑːn
maskere	maskɛɾ
maskering	ˈmɑːʃəɾɪŋ
maskert	ˈmaskəɾt
maskerte	maskɛʈə
maskin	mɑˈʂiːn
maskin	ˈmɑʃkɪn
maskinell	mɑʂɪˈnɛl
maskinen	maskɪnən
maskinene	ˈmɑʃcɪnə
maskiner	ˈmɑʃkɪnər
maskineri	ˈmaskɪnəɾɪ
maskingevær	ˈmɑskɪŋɛvɛːr
maskingeværer	ˈmɑskɪŋɛvɛːr
maskingeværet	ˈmaskɪŋvɛːɾ
maskinist	ˈmɑːskɪnɪst
maskinisten	ˈmɑʃkɪnɪstən
maskinpistol	ˈmɑʃkɪnˌpɪstɔl
maskinpistolen	ˈmɑʃkɪnˌpɪstɔlən
maskinrom	ˈmɑːʃɪnˌrʊm
maskinskriving	ˈmɑʃkɪnˌskɾiːʋɪŋ
maskorama	maskorama
maskot	maskotː
maskot	ˈmɑskɔt
maskoten	ˈmɑskʊtn̩
maskulin	mɑskʉˈliːn
maskulin	ˈmɑskʉlɪn
maskuline	ˈmɑskʉlɪnə
maskulint	ˈmɑskʉlɪnt
mason	ˈmɑːsɔn
masons	ˈmɑːsɔns
mass	ˈmɑs
massa	ˈmɑsːə
massachusetts	ˈmæsəˌtʃuːsɪts
massai	ˈmɑsɑɪ
massakre	ˈmɑsɑkɾə
massakren	ˈmɑsɑkɾən
massakrer	ˈmɑsɑkɾeːr
massakrere	mɑsɑˈkɾeːɾə
massakrert	ˈmɑsɑkʁæɾt
massakrerte	ˈmɑsɑkɾeːʈə
massas	ˈmɑsɑs
massasje	ˈmɑsɑʃə
massasjen	ˈmɑsɑʃən
masse	ˈmɑsə
massegrav	ˈmɑsːəgrɑːʋ
massehysteri	ˈmɑːsəhʏˌstɛːɾi
massemord	ˈmɑːsəˌmɔɾ
massen	ˈmɑsən
massene	ˈmɑsːənə
masseprodusere	ˈmɑsəpɾʊdʉseːɾə
masseprodusere	ˈmɑːsəpɾʉːsəɾə
masser	ˈmɑsər
massere	ˈmɑseːɾə
massere	ˈmɑsəɾə
masserer	ˈmasəʂər
masseria	ˈmɑsəɾiɑ
masserias	ˈmɑsəɾiɑs
masserte	ˈmasːɾtə
massevis	massevis
massevis	ˈmɑsːəʋɪs
massimo	ˈmɑsːɪʊ
massiv	mɑˈsiːʋ
massiv	ˈmɑsɪv
massivt	ˈmɑsɪvt
massør	ˈmɑːsœʁ
mast	mˈʌst
maste	ˈmɑːstə
masten	ˈmɑstən
mastene	ˈmɑstənə
master	ˈmɑːstər
mastercard	ˈmɑːstɛɾkɑːɾd
mastergrad	ˈmɑːstərgrɑː
masteroppgave	maːstɛrɔpgɑvɛ
masters	ˈmɑːstərs
masterson	ˈmɑːstərsɔn
masuka	ˈmɑsʉka
mat	ma
mat	maːt
mat	mɑːt
mat	ˈmɑːt
mata	ˈmɑːtɑ
matata	ˈmɑːtɑːtɑ
matbit	mɑːtbiːt
matbit	ˈmɑːtbɪt
matboks	mɑːtboks
matboksen	ˈmɑːtbɔksən
matbutikk	ˈmɑːtbʉtɪk
matbutikken	ˈmɑːtbʉːtɪkkn̩
matche	ˈmɑttʃə
matchen	ˈmɑtçən
matchende	ˈmɑtçənə
matcher	ˈmɑtʃər
matchet	ˈmɑtçɛt
mate	matˈe
mate	ˈmɑːtə
matematiker	mat̪omat̪iːkɪ̞r
matematiker	mɑtəˈmɑːtɪkəɾ
matematikere	ˈmɑːtəmɑːkɪɾə
matematikken	ˈmɑːtəmɑɪkən
matematisk	mat̪əmatːisk
matematiske	ˈmɑːtəmaˌtɪskə
maten	mɒtˈmˈ
maten	ˈmɑːtən
mateo	ˈmɑːtæʊ
mater	ˈmɑːtər
materiale	mɑtəɾɪˈɑːlə
materiale	ˈmɑːtɪɑːɭə
materialer	ˈmɑːtɪɑːɭəɾ
materialistisk	mɑtəɾɪɑˈlɪstɪsk
materie	mɑˈteːɾɪə
materie	ˈmɑːtəɾɪə
materiell	mɑtəɾɪˈɛl
materiell	ˈmɑːtəɾɪɛl
materielle	ˈmɑːtəɾɪɛ̯lə
materien	ˈmɑːtəɾɪən
mates	maːtəs
matet	mˈatet
matet	ˈmɑːtə
matforgiftet	ˈmɑːtfɔrgɪft
matforgiftning	mɑːtfɔɾjɪftnɪŋ
matforgiftning	ˈmɑːtfɔɾgɪftɳɪŋ
mathayus	ˈmɑːtɑjʉs
mather	ˈmɑːtər
matheson	ˈmɑːtɛsn̩
mathias	ˈmɑːtɪɑːs
mathilda	ˈmɑːtɪlda
mathison	ˈmɑːtɪsn̩
matias	ˈmɑːtɪɑ̯s
matilda	ˈmɑːtɪlda
mating	mˈatɪŋ
matisse	ˈmɑtɪsə
matkroken	matkrokˌən
matkuponger	ˈmɑːtkuːpɔŋər
matlagingen	ˈmɑːtˌlɑɪ̯gɪn
matlock	ˈmɑːtˌlɔk
matlyst	ˈmɑːtlʏst
matlysten	ˈmɑːtlʏstən
mato	ˈmɑːtʊ
matpakka	ˈmɑːtpɑkka
matpakke	ˈmɑːtpɑkə
matpakken	ˈmɑːtpɑkən
matpakker	mɑːtpɑkːir
matrise	ˈmɑːtrɪsə
matros	ˈmɑːtrɔs
mats	mats
mats	maːts
matsalen	ˈmɑːtsɑːlən
matskattdag	matskatːaːg
matskribent	matskrɪbˈɛnt
matspaltist	matspaltɪst
matt	ˈmɑt
matta	ˈmɑtːɑ
matte	mˈɑtːə
matte	ˈmɑtə
matte	ˈmɑtːə
mattei	ˈmɑtːɛɪ
mattelærer	ˈmɑtəlæːr
matten	ˈmɑtːən
matteprøven	ˈmɑtːəˌprøːʋən
matter	ˈmɑtər
matteus	mˈɑtˈɛus
matteus	ˈmɑtəʊs
matthew	ˈmɑtːʉ
matthias	ˈmɑtːiɑs
matti	ˈmɑti
mattias	ˈmɑtːɪɑs
mattie	ˈmɑtiː
mattiece	ˈmɑtːiːsə
mattilsynet	ˈmɑtːɪlˌsyːnət
mattis	matːɪs
mattis	ˈmɑtɪs
matts	ˈmɑts
mattson	ˈmɑtsɔn
matty	ˈmɑtiː
matvare	matvare
matvarene	ˈmɑːtʋɑːɳə
matvarer	ˈmɑːtʋɑːrər
maudette	ˈmoːdətə
maudie	ˈmɔʉ̯ːɪ
maui	ˈmæʉɪ
maule	ˈmæʉlə
maur	mæwɾ
maur	ˈmæʋəɾ
maur	ˈmɑʉr
maura	ˈmɑʊ̯ɾɑ
maureen	ˈmɑʉrən
mauren	ˈmɑʉrən
maurene	ˈmɑʉ̯ːrənə
maurer	ˈmɑʉrər
maurtue	ˈmɑʊ̯rtʉːə
maury	ˈmɔʏɾi
mauser	ˈmɔʊ̯sər
mausoleet	ˈmɑʊ̯sʉːlɛːt
mave	mav
maverick	ˈmɑːvərɪk
mavis	maʋɪs
maxwell	ˈmæksəl
may	mai
maya	ˈmɑːjɑ
mayaene	ˈmɑːjɑːnə
maybelle	maɪˈbɛlːə
mayer	ˈmɑːjəɾ
mayers	mai̯ɛʂ
mayfair	maɪfeːr
mayflower	maiːflɔː
mazda	mastˈ
mazda	maʂda
mc	ns
mc	ˈmɛːk
mcbride	ˈmɛːkbrɪːd
mccandless	ˈmɛkʰɑːnɫɛs
mccarthy	ˈmɛkɑɾti
mcclane	ˈmɛkˌklɑːnə
mccloud	ˈmɛkklʉː
mccool	ˈmɔkʉːl
mccord	ˈmɔkɔɾ
mccormack	ˈmɛkɔɾmæk
mccormick	ˈmɛkɔrmɪk
mccullen	ˈmɛkʉlən
mccullough	ˈmɛkʉloʊ
mcdonald	ˈmɛkdɔnɑːl
mcdonalds	ˈmɛkdɔnɑːldz
mcdowell	ˈmɛːdɔuɛl
mcgantry	ˈmɛgɑntrɪ
mcginty	ˈmɛgɪnti
mcgraw	məgɾɑːw
mcguire	ˈmɛgɪɾə
mckay	ˈmɛkɑɪ
mckenna	ˈmɛknə
mckinley	ˈmɛkɪnliː
mckinney	ˈmɛkɪniː
mckussic	ˈmɔkʉʃɪk
mclaughlin	ˈmɛlɑːklɪn
mcmanus	ˈmɛkmɑnʉs
mcnamara	ˈmɛknəˌmɑːɾɑ
mcneil	ˈmɛnɛɪl
mcvitie	ˈmɕʋiːtɪ
mdr	ɛmːɾ
meachum	miːˈçʉm
meal	miːl
mean	miːn
meat	miːt
mecha	ˈmeːtʃɑ
mechs	mekʂ
med	mɛ
medal	ˈmeːdɑːl
medalje	mətɔllɪ
medalje	ˈmeːdɑːljə
medaljen	ˈmeːdɑːljən
medaljene	ˈmeːdɑːljə
medaljer	ˈmeːdɑljəɾ
medaljong	ˈmeːdɑljɔŋ
medaljongen	ˈmeːdɑːljɔgn̩
medarbeider	ˈmeːɑːɾbɛɪ̯ɖɐ
medarbeidere	ˈmeːdɑɾbɛɪ̯dər
medarbeideren	ˈmeːɑːɾbɛɪ̯ɖəɾən
medarbeiderne	ˈmæːɖɑːɾbɑɪ̯dɛɳə
medborger	ˈmeːbɔrjər
meddel	ˈmɛ̀dːəl
meddele	medelˈa
meddele	ˈmeːdeːlə
meddele	ˈmɛdːələ
meddelelse	ˈmɛdːəlɛlsə
meddeler	ˈmɛːdələr
meddelt	mˈeːdəlt
meddelt	ˈmɛdəl̥t
medeier	ˈmeːdæɪ̯ər
medellin	ˈmeːdəlɪn
medellín	ˈmeːdəlɪn
medfart	ˈmɛːdfɑːʈ
medfødt	ˈmeːdfœt
medfødt	ˈmeːdʉft
medfødt	ˈmeːfœt
medfødte	ˈmɛːdføːtə
medfølelse	ˈmeːdføːəlsə
medfølelsen	ˈmɛːdføːləːsn̩
medfører	ˈmɛːdˌfœɾər
medført	ˈmeːdʉːɾt
medførte	ˈmæɪ̯dføːɾə
medgi	ˈmeːdjiː
medgift	ˈmeːgɪft
medgiften	ˈmeːdgɪftn̩
medgjørlig	mədˈjøːɭɪ
medgjørlig	ˈmæɪ̯ːgjœ̞ɭɪ
medgjørlige	mədˈjøːɭɪə
medgjørligere	mədˈjøːɭɪɾə
medgjørligst	mədˈjøːɭɪkst
medgjørligste	mədˈjøːɭɪkstə
medhjelper	ˈmeːjɛlpər
medhjelperen	ˈmæɪ̯jɛlpəɾən
medhjelperne	ˈmeːjɛlpəɳə
medical	ˈmeːdɪɑːl
mediene	ˈmeːdiːnə
mediet	ˈmeːdiːt
medikament	mɛdɪkɑˈmɛnt
medikament	ˈmeːdɪkɑmɛnt
medikamentene	ˈmeːdɪkɑmɛntnə
medikamenter	ˈmeːdɪkɑmɛntər
medikamentet	ˈmeːdɪkɑmɛntət
medina	ˈmeːdɪnə
medisin	mədɪˈsiːn
medisin	mɛdɪˈsiːn
medisin	ˈmeːdɪsɪn
medisinen	ˈmeːdɪsɪn̩
medisinene	ˈmeːdɪsɪnə
medisiner	ˈmeːdɪsɪnər
medisineringen	ˈmeːdɪsɪnɪŋən
medisinert	ˈmeːdɪsɪnəɾt
medisinmann	ˈmeːdɪsɪnˌmɑn
medisinmannen	ˈmeːdɪsɪnˌmɑnːn̩
medisinsk	mədɪˈsiːnsk
medisinsk	ˈmeːdɪsɪŋk
medisinskapet	ˈmeːdɪsɪnʃkɑːpə
medisinske	ˈmeːdɪsɪŋkə
medisinstudiet	ˈmeːdɪsɪnstuːdɪt
medisonus	ˈmeːdɪsɔnʊs
meditere	mədɪˈteːɾə
medkandidat	ˈmɛtkanidaːt
medlem	ˈmeːdləm
medlemmene	ˈmɛdlɛmːənə
medlemmer	ˈmɛdlæmər
medlemmet	ˈmɛdlɛmːə
medlemskap	ˈmeːdləmskɑːp
medlemskapet	ˈmɛdlɛmskɑpət
medlidenhet	ˈmɛːdliːdənhɛt
medmenneskelighet	ˈmɛːdmɛnːɛskəlɪgɛt
medmindre	ˈmɛːdmɪndɾə
medregnet	ˈmeːdrɛgn̩t
medsammensvoren	ˈmædsɑmənsˌvœːɾən
medsammensvorne	ˈmædsɑmənsˌvɔːɳə
medskyldig	ˈmeːdʂʏldɪ
medskyldige	ˈmeːdʂʏldɪə
medskyldige	ˈmeːɕʏɭiːgə
medskyldigere	ˈmeːdʂʏldɪɾə
medskyldigste	ˈmeːdʂʏldɪkstə
medspiller	ˈmɛtspɪɭːər
medtatt	ˈmɛtɑt
medusa	ˈmeːdʉsɑ
medvirke	ˈmeːdʋɪɾkə
medvirke	ˈmɛːdʋɪɽkə
medvirkende	ˈmæɖʋɪɽkənə
medvirket	ˈmæɖʋɪɾkət
medvirkning	ˈmeːɖʋɪrkɪŋ
medvirkningen	mˈeːdvɪrknˈɪŋən
medynk	ˈmeːdʏŋk
meechum	miːˈçʉm
meehan	miːhɑn
meeja	miːjɑ
meeks	miːks
meemaw	miːˈmɑːʋ
meera	miːɾɑ
meereen	ˈmeːrən
meesh	miːʃ
meet	miːt
meg	məg
meg	mˈaɪ
megafon	ˈmeːgɑːfɔn
megahertz	ˈmeːgɑːɾts
megahjerne	ˈmeːgɑɪ̯ːɳə
megan	ˈmeːgɑn
megatron	ˈmeːgɑːtrɔn
meget	ˈmeːgət
megga	ˈmɛgːɑ
megge	ˈmeːgːə
megger	ˈmɛgər
meggie	ˈmɛgi
meghan	ˈmeːgɑn
meghann	ˈmeːgɑn
megiddo	ˈmeːgɪdoː
megle	ˈmeːglə
megle	ˈmɛglə
megler	ˈmɛgləɾ
meglere	mˌeɣlɜɾˈɑ
meglere	ˈmeːgləɾə
megleren	ˈmeːgləˌɾən
megling	ˈmɛglɪŋ
megs	ˈmægs
mei	miː
meie	ˈmæɪə
meier	ˈmæɪ̯ər
meieri	majˈri
meieriprodukter	ˈmæɪɪɾɪpʊɖʉˌkʰɛːtə
meik	miːk
mein	maɪ̯n
meine	majna
meisel	ˈmæɪ̯səl
meisling	ˈmæɪ̯slɪŋ
meisner	maɪsnɛr
meitemark	miːtəˈmɑrk
meivin	miːʋɪn
mekaniker	ˈmeːkɑːnɪkər
mekanikerne	ˈmeːkɑnɪkəɳə
mekanikk	ˈmeːkɑnɪk
mekanisk	məˈkɑːnɪsk
mekanisk	ˈmeːkɑnɪsk
mekaniske	ˈmeːkɑnɪskə
mekanisme	mɛkɒnːiʃmɛ
mekanisme	ˈmeːkɑnɪsmə
mekanismen	ˈmeːkɑnɪsmən
mekka	ˈmɛkka
mekke	mˈɛkə
mekker	mekːər
mekket	mˈɛkːit
mekler	ˈmækləʁ
mekre	ˈmɛkɾə
meksikaner	ˈmæksɪkæːnər
meksikanere	ˈmæksɪkɑːnəɾə
meksikaneren	ˈmeːkʂɪkɑːnəɾən
meksikanerne	ˈmæksɪkɑːnəɳə
meksikansk	ˈmæksɪkɑʃ
meksikanske	ˈmeːksɪkɑnkeː
mektig	mˈɛkdi
mektig	ˈmɛktɪ
mektige	ˈmɛktɪə
mektigere	ˈmæktɪgərə
mektigere	ˈmɛktɪɾə
mektigst	ˈmɛktɪkst
mel	meːl
mel	mæɭ
mel	mˈɛ
melanie	ˈmɛlɑːnɪ
melankoli	mélˈankoːlˈi
melankolsk	məlɑnˈkuːlsk
melasse	ˈmæ̀lɑsə
melboller	ˈmæ̀lbɔlːər
melbourne	ˈmɛlbʊrn
melbu	mæ̹lbʲɪ
meld	mɛld
melde	ˈmæɭd̥ə
melder	ˈmæɭdər
meldes	ˈmɛ̀ldəs
melding	ˈmældɪŋ
meldinga	mɛlːɪŋa
meldinga	ˈmældɪŋɑ
meldingen	mˈɛlːɪŋɪn
meldingen	ˈmældɪŋən
meldingene	mˈɛlːɪŋənə
meldingene	ˈmældɪŋnə
meldinger	mˈɛnliːngər
meldinger	ˈmældɪŋər
meldingslyd	ˈmældɪŋslyː
meldt	mɛlt
meldt	mˈɛlt
meldte	mæltæ
meldte	mɛltə
melert	məˈleːʈ
melina	ˈmɛːlɪnə
melisandre	ˈmɛːlɪsɑndɾə
melissa	ˈmɛlɪsɑ
melk	mæɭk
melk	mɛlk
melka	mɛlka
melka	ˈmæɭkɑ
melke	mɛlkke
melke	ˈmæɭkə
melke	ˈmɛlkə
melkemannen	ˈmælkəˌmɑnːən
melken	mɛlkɪ̞n
melken	ˈmæ̀ɭkən
melkepulver	mɛlkipylvir
melker	mɛlkɛ
melker	ˈmæɭkər
melkesjokolade	mɛlkkɛʃɔkɔlɑdɑ
melket	ˈmæɭkət
melkeveien	ˈmæɭkəʋæɪən
mellberg	ˈmɛlbæɾ
mellis	ˈmæ̀lɪs
mellom	ˈmæ̀lːɔm
mellom	ˈmɛlɔm
mellomgulvet	ˈmæ̀lmɔgʉlʋɛt
mellomlanding	ˈmɛlɔmlɑnɪŋ
mellommann	ˈmæ̀lːɔmˌmɑnː
mellommannen	ˈmæ̀lːɔmˌmɑnːn̩
mellommenn	ˈmæləmən
mellomrom	mɛllumrum
mellomrom	ˈmæləmɾʊm
mellomtiden	mellumtʃiːdən
mellomvekt	ˈmæ̀lːɔmˌʋɛkt
mellon	ˈmæ̀lːɔn
melly	ˈmæɭː
melman	ˈmæ̀ːlmɑn
melodi	melodii
melodi	ˈmɛlʊdɪ
melodien	ˈmɛlʊdiːən
melodier	ˈmæləuɪ̯ər
melodiøs	melodius
melon	mɛluːn
melon	ˈmeːlɔn
melonen	ˈmeːlən
melville	ˈmɛlvɪlə
melvin	ˈmɛlvɪn
mem	mɛm
membran	membron
memnet	ˈmæ̀ːmn̩
memoet	ˈmæːmuːt
memorial	ˈmɛmɔɾiɑːl
memphis	ˈmɛmfiːs
men	men
men	meːn
mendez	ˈmɛnds
mendoza	ˈmɛndsɑ
mene	ˈmeːnə
menelaos	ˈmɛnəˌlɔs
menendez	ˈmɛnɛndəs
mener	ˈmeːnər
menerjeg	ˈmɛːnərjɛg
menes	ˈmɛːnəs
mengde	mˈɛŋd
mengde	ˈmɛŋdə
mengden	ˈmɛŋdən
mengder	mæŋdæɾ
mengder	ˈmɛŋdər
menge	ˈmæŋə
mengele	ˈmɛŋːələ
menger	ˈmɛŋər
menig	ˈmeːnɪ
menige	ˈmeːnɪ̂ə
menighet	ˈmeːnɪçət
menigheten	ˈmeːnɪçhɛtn̩
mening	meːnɪŋ
meningen	mˈeːnɪŋən
meningen	ˈmeːnɪŋən
meningene	mˈeːnɪŋənə
meningene	ˈmeːnɪŋənə
meninger	ˈmeːnɪŋər
meningitt	ˈmeːnɪŋɪt
meningsfull	ˈmæːnɪŋsfʉɭ
meningsfulle	ˈmæːnɪŋsfulə
meningsfullt	ˈmeːnɪŋsfʉlt
meningsfylt	ˈmeːnɪŋsˌfylt
meningsløs	ˈmeːnɪŋsløːs
meningsløse	ˈmeːnɪŋsløːsə
meningsløst	ˈmeːnɪŋsløːst
meningsmåling	miːɹnɪŋsmɔːlɪŋ
meningsmåling	ˈmeːnɪŋsmoːlɪŋ
meningsmålingene	ˈmeːnɪŋsmoːlɪŋə
meningsmålinger	ˈmeːnɪŋsmoːlɪŋər
menjeg	ˈmɛnjɛ
menn	menː
menn	mɛn
mennene	menːnə
mennene	mʲanlɪ̞næ
mennene	ˈmɛnənə
mennenes	ˈmɛnːənəs
mennesk	ˈmɛnːɛsk
menneske	ˈmɛnskə
menneske	ˈmɛnəskə
menneske	ˈmɛnəʃkə
menneskeape	mˈɛnəskˌaːpə
menneskebarn	ˈmɛnːəʃkəˌbɑːɳ
menneskeblod	ˈmɛnːəʃkəˌblɔː
menneskeetende	ˈmɛnːəʃkəˌtɛndə
menneskehandel	ˈmɛnːəʃkəˌhɑːnl̩
menneskehet	mˌɛnəskəhˌeːt
menneskeheten	ˈmɛnːəʃkəˌheːtn̩
menneskehetens	ˈmɛnːəʃkəhæɳ
menneskehjernen	ˈmɛnːəʃkəhjɛːɳ
menneskehår	ˈmɛnːəʃkəhɑːr
menneskejakt	ˈmɛnːəʃçɑkt
menneskekjøtt	ˈmɛnːəʃkœt
menneskekropp	ˈmɛnːəʃkɾɔpː
menneskekroppen	ˈmɛnːəskeˌkrɔpːən
menneskelandsbyen	ˈmɛnːəʃəlɑnsˌbʏːən
menneskelig	ˈmɛnəskəlɪ
menneskelig	ˈmɛnːəʃəlɪ
menneskelige	ˈmɛnəskəlɪə
menneskelige	ˈmɛnːəʃlɪgə
menneskeligere	ˈmɛnəskəlɪɾə
menneskelighet	ˈmɛnːəʃlɪgɛt
menneskeligheten	ˈmɛnːəʃəlɪçɛtən
menneskeligst	ˈmɛnəskəlɪkst
menneskeligste	ˈmɛnəskəlɪkstə
menneskeliv	ˈmɛnːəʃəlɪʋ
menneskene	ˈmɛnːəʃkənə
menneskenes	ˈmɛnːəʃnəs
mennesker	ˈmɛnːəʃkər
menneskerasen	ˈmɛnːəʃkəɾɑːsən
menneskerettighetene	ˈmɛnːəsɛˌrɛtɪɑ̯ːɛnə
menneskers	ˈmɛnːəʃkɐs
menneskes	ˈmɛnːəʃəs
menneskeskapt	ˈmɛnːəʃkɑpt
menneskeskapte	mˌɛnəskəskˈaptə
menneskesmugling	ˈmɛnːəʃkəˌsmʉːlɪŋ
mennesket	ˈmɛnːəʃkət
menneskets	ˈmɛnːəʃkət
menneskeunge	ˈmɛnːəʃkəʉŋə
menneskevenn	ˈmɛnːəʃkəʋɛn
menns	menːs
mens	mens
mens	mɛns
mensen	ˈmɛnsən
menstruasjon	mɛnstɾʉɑˈʂuːn
menstruasjon	ˈmɛnstruɑːʃuːn
ment	menːt
ment	mˈɛnt
mental	mənˈtɑːl
mental	mɛntal
mental	ˈmɛntɑːl
mentale	ˈmɛntɑːlə
mentalsykehus	ˈmɛntɑlˌsyːkəˌhʉːs
mentalsykehuset	ˈmɛntɑlsʏkəhʉːsə
mentalt	ˈmɛntɑlt
mente	ˈmɛntə
mentol	ˈmɛntɔl
mentor	mɛntuɾ
mentor	ˈmɛntʊɾ
mentoren	ˈmɛntʊrən
meny	mɛˈnyː
menyen	ˈmæ̂nʏn
menyene	mʲenmɪ̞næ
menyene	ˈmeːnʏənə
menyer	ˈmæ̀ːnʏːr
mer	meːɾ
mer	məɾ
merc	ˈmæɾk
merch	ˈmɛɾtʃ
merchant	ˈmɛrçɑːnt
merde	ˈmæɾd̥ə
meredith	ˈmeːɾədɪt
merete	ˈmeːɾətə
merida	ˈmæɾɪda
meridian	ˈmeːɾiːan
merk	mɛɾk
merk	mˈɛʁk
merkantil	mæɾkɑnˈtiːl
merkbar	məkˈbɔr
merkbar	mɛr̥kːɑɾ
merkbar	ˈmæɾkbɑːɾ
merkbart	mɛr̥kpɑːrt
merke	mæɾkə
merke	ˈmæɾkə
merkede	ˈmæɾkədə
merkeiig	ˈmæɾkæɪ̯ɪg
merkelapp	ˈmæɾkəlɑp
merkelappen	ˈmæɾkəlɑpːən
merkelapper	ˈmæʈləpər
merkelig	ˈmæɾkəlɪ
merkelige	ˈmæɾkəlɪgə
merkeligere	ˈmæɾkəlɪgəɾə
merkeligst	ˈmæɾkəlɪkst
merkeligste	ˈmæɾkəlɪkstə
merkeligste	ˈmæɾkəlɪ̂gə
merkene	ˈmæɾkənə
merker	mærkɪ̞r
merkes	ˈmæɾkəs
merket	mɛɾkˈit
merket	ˈmæɾkət
merking	mɛrkiːm
merkur	mærkʲyr
merkverdig	mæɾkˈʋæɖɪ
merkverdige	mæɾkˈʋæɖɪə
merkverdige	ˈmæɾkʋæɾdɪgə
merkverdigst	mæɾkˈʋæɖɪkst
merle	ˈmæɾlə
merlot	ˈmæɾlɔt
merlotte	ˈmæ̀ɾlɔtə
merlyn	ˈmæɾlyn
merr	ˈmæɾ̥
merrick	ˈmæɾɪk
merrill	ˈmæɾɪl
merry	ˈmæɾiː
merville	ˈmæɾvəlɪ
meryl	ˈmæɾɪl
meryton	ˈmæɾʏtn̩
mes	mɛs
mesa	ˈmeːsɑ
mesanin	mɛsɑ̃ˈin
meskalin	ˈmɛskɑlɪn
meslingene	mˈɛʃlɪŋənə
meslinger	ˈmɛslɪŋər
mesopotamisk	mɪsəpəkomis
messa	ˈmɛsːə
messaia	ˈmɛsɑɪə
messala	ˈmɛsɑlɑ
messalina	ˈmɛsɑlɪnɑ
messe	mˈɛs
messen	ˈmɛsən
messer	ˈmɛsəʂ
messesenter	məsʃesɛntɪr
messiansk	mɛsˈiɑːnəs
messias	ˈmɛsɪɑs
messina	ˈmɛsɪnɑ
messing	ˈmɛsɪŋ
messingen	ˈmɛsɪŋən
messinger	ˈmɛsɪŋər
mest	məst
meste	ˈmɛstə
mestepart	mˈɛstɜpˈart
mesteparten	ˈmɛstəpɑːɾtn̩
mester	mˈɛstɚ
mester	ˈmɛstə
mester	ˈmɛstəɾ
mestere	ˈmɛstəɾə
mesteren	ˈmɛstəɾən
mesterens	ˈmɛstəɳ
mesterhjerne	ˈmɛstərjɛːnə
mesterlig	mˌɪstəli
mesters	ˈmɛstəʂ
mesterskap	ˈmɛstəʃkɑːp
mesterskapet	ˈmɛstəʂkæːpə
mesterstykke	ˈmɛstɛʂtʏkːə
mesterverk	mˈɛstərvərk
mesterverk	ˈmɛstəʋæɾk
mestre	mˈɛstɾə
mestre	ˈmɛstrə
mestre	ˈmɛstɾə
mestrene	məstɾənə
mestret	məstɾɛt
mestret	mˈɛstrət
met	məːt
meta	ˈmeːtɑ
metaer	ˈmeːtæɾ
metaforen	ˈmeːtafoːrən
metaforer	ˈmeːtɑːfʊrər
metaforisk	ˈmeːtɑːfɔrɪʃ
metafysisk	mətɑˈfyːsɪsk
metal	ˈmeːtɑːl
metall	ˈmɛtɑlː
metalldetektor	ˈmɛtɑldətɛkʈɔr
metalldetektoren	ˈmɛtɑldɛtɛkʰtʉːrɛn
metaller	ˈmɛtɑlːər
metallet	ˈmɛtɑlət
metallica	ˈmɛtɑlɪkɑ
metallisk	ˈmɛtɑlɪsk
metamenneske	ˈmeːtɑˌmɛnəʃkə
metamennesker	ˈmeːtəˌmɛnəʃkər
metamfetamin	ˈmɛːtɑːmfɛːtɑːmɪn
metan	ˈmeːtɑn
metatron	ˈmeːtɑːtrɔn
metcalf	ˈmɛtʃɑlf
meteor	ˈmeːtəɾ
meteorer	ˈmeːtœɾəɾ
meteoritt	ˈmeːtəɾɪt
meteoritten	ˈmeːtəɾɪtən
meteorolog	mətəʊɾʊˈloːg
meteorolog	ˈmeːtəɾɔlɔg
meteorologen	ˈmeːtəɾɔlɔgən
meteorsverm	mɛtɛuːʃvɛrm
meter	ˈmeːtəɾ
metode	matura
metode	ˈmɛtʊdɛ
metodene	ˈmeːtʊdənə
metoder	ˈmɛtʊdər
metodisk	ˈmɛtɔdɪsk
metromann	ˈmɛtrɔˌmɑn
metropolis	ˈmɛtrɔˌpɔlɪs
metropolitan	ˈmɛtrʊpɔˌliːtɑn
mets	ˈmæts
mett	mɛt
mett	ˈmɛt̪ː
mette	ˈmɛtːə
mettet	ˈmɛtət
metz	ˈmæts
metzger	ˈmɛtsgər
mexicaner	ˈmeːksɪanər
mexicanske	ˈmækʃɑnskə
mexico	mɛksiko
mexicogolfen	mɛksɪkugɔlfɔn
mexikanske	ˈmæksɪkɑnskə
meyer	ˈmeɪə
meyers	ˈmeːjərs
mhm	ɑːm
mi	miː
mi6	miː
mia	miː
miami	miːˈami
miamis	miːˈmis
mias	miɑs
mica	miːtʃɑ
micah	miˈkɑ
michael	ˈmɪkɑːl
michaela	ˈmɪkʰɑːlə
michaels	ˈmɪkɑːɫs
michel	miˈʃɛl
michelangelo	ˈmɪkəlæŋgəlø
michele	ˈmɪχələ
micheletto	ˈmɪçəˌlɛtə
michelle	miˈʃɛl
michelles	miˈʃɛls
michener	miˈçeːnər
michi	miːçɪ
michigan	ˈmɪtʃɪgæn
michigans	ˈmɪçɪgɑns
michima	miˈçɪmɑ
michoacán	ˈmɪçoːaːkɑːn
michonne	miˈʃɔnə
michèle	miˈʃɛːl
mick	miːk
micke	miːkə
mickey	ˈmɪkːi
mickeys	ˈmɪkɪs
micky	ˈmɪkːʏ
microsoft	ˈmɪkroʊsɔft
midas	miːdɑs
midd	miɖː
midd	mɪd
midd	mˈid
middag	mintok
middag	ˈmɪdɑːg
middagen	ˈmɪdagən
middagene	ˈmɪdaːgənə
middager	ˈmɪdagəɾ
middagsbordet	ˈmɪdɑgsˌbɔɾːət
middagsplaner	ˈmɪdɑgsˌplɑːnər
middagsrester	mildˌaːksrəstər
middagsselskap	ˈmɪdɑgsɛlskɑp
middagstid	ˈmɪdɑgstɪː
middagstider	ˈmɪdɑgstɪːɖəɾ
middel	mˈɪtəl
middel	ˈmɪdəl
middel	ˈmɪdːəl
middelalder	ˈmɪdəlɑldəɾ
middelalder	ˈmɪɖəlɑːɖɛɾ
middelalderen	ˈmɪɖəlɑːɖəɾən
middelaldersk	ˈmɪɖəlɑlːɖɛʂk
middelaldrende	ˈmɪdəlɑldɾənə
middelaldrende	ˈmɪðəlɑldrɛndə
middelet	miːɖːəl
middelhavet	ˈmɪdːəlhɑːvət
middelklasse	ˈmɪdəlklɑsgə
middelklassen	ˈmɪdəlklasən
middelmådig	ˈmɪ̀ːdəlˌmoːdɪ
middelmådige	ˈmɪdəlmoːdɪə
middelmådige	ˈmɪdəlˌmoːɪ̯jə
middelmådigere	ˈmɪdəlmoːdɪɾə
middelmådighet	ˈmɪ̀ːdəlˌmoːdɪçət
middelmådigst	ˈmɪdəlmoːdɪkst
middelmådigste	ˈmɪdəlmoːdɪkstə
middels	mjˈtəls
middels	ˈmɪdəls
middleton	ˈmɪtəltn̩
midje	mˈɪdjə
midje	ˈmɪdjə
midland	miːdlɑn
midlene	miːdlənə
midler	miːɭɛr
midlertidig	ˈmɪɖləɾtɪg
midlertidige	ˈmɪdlæɾɪtɪgə
midlertidige	ˈmɪdləʈiːdɪə
midlertidigere	ˈmɪdləʈiːdɪɾə
midlertidigst	ˈmɪdləʈiːdɪkst
midlertidigste	ˈmɪdləʈiːdɪkstə
midlet	mˈɪdlə
midnatt	ˈmɪdnɑt
mido	miːduː
midori	miˈdɔɾi
midt	mˈɪt
midt-østen	ˈmɪtːˈøːstən
midtbane	mɪtbanə
midtbanen	ˈmɪtːbɑːnə
midte	miːtə
midte	mɪtə
midten	miːtən
midten	mˈɪtən
midterste	miːtɾ̥ʂtə
midtgangen	mˈɪtgˈɑŋɛn
midtgangen	ˈmɪtgɑŋən
midtlivskrise	ˈmɪtːlɪfsˌkɾiːsə
midtown	ˈmɪ̀ːtɔʊn
midtpunkt	ˈmɪtːpʉŋk
midtpunktet	ˈmɪtːpʉŋkət
midtre	miːdrə
midtre	mˈɪtːrə
midtskips	miːtʃɪps
midtsommer	miːtsɔmːər
midtspill	mˈɪtʃbˈɪl
midtveis	mˈɪtvˈaɪs
midtvesten	ˈmɪtʋɛstən
midtøsten	mˈɛtɜstən
midtøsten	ˈmɪtːøstən
midway	miːdwaɪ
mie	miː
mieke	miːkə
miep	miːp
miette	miˈɛtə
mifflin	miːflɪn
mifune	miːfʉːnə
mig	mik
miggs	migs
mignon	miˈgn̩
migrene	migrˈeːna
migrene	migɾənə
migrene	mɪgɾeːnə
migrenen	miːgrɛnən
miguel	miːguːl
miguels	miːguːɛls
miho	miːhuː
miiiion	miːɔn
mija	miːjɑ
mika	miːkɑ
mikael	mikan
mikael	ˈmɪkɑɛl
mikaela	miːkæːlə
mikaelson	ˈmɪkɑːsl̩n
mikaelson-familien	ˈmɪkɑːslɔnfɑmɪˈliːən
mike	miːk
mikes	miːkəs
mikey	miːkɪ
mikhail	miːˈçɑɪl
mikke	ˈmɪkːə
mikkel	mikːil
mikkel	ˈmɪkəl
mikkelsen	ˈmɪkəlsən
mikken	ˈmɪkːn̩
miklo	miːkloː
mikro	mikɾo
mikro	ˈmɪkɾʊ
mikrobiologi	mikromɪologi
mikrobrikken	ˈmɪkɾʊpɾɪkən
mikrobølgeovn	ˈmɪkɾoːbøːɫəˈɔvn
mikrobølgeovnen	ˈmɪkɾoːbøːɫəˈɔvn̩
mikrobølger	ˈmɪkɾoːbœlgər
mikroen	ˈmɪkruən
mikrofilmen	ˈmɪkruːfɪlmən
mikrofon	ˈmɪkrʊfɔn
mikrofonen	ˈmɪkruːfʊnən
mikrofoner	ˈmɪkrʊfɔnər
mikroplast	mikroprast
mikroskopet	ˈmɪkɾʊskɔpət
mikroskopisk	mɪkɾʊˈskuːpɪsk
mikroskopiske	ˈmɪkɾʊskɔpɪskə
miks	miːks
mikse	mʲiksa
mikse	ˈmɪksə
miksen	ˈmɪksən
mikser	ˈmɪksər
mikseren	ˈmɪksəɾən
mikset	miksˌ
mikset	ˈmɪksət
mikstur	miːkstʉːr
mil	miːl
mil	mˈɪl
mila	mila
mila	miːlə
milan	miˈlɑn
milano	milˈano
milano	miˈlɑːnʊ
milas	miːlɑs
mild	miːld
mild	mɪl
mild	mɪlː
milde	miːldə
mildere	miːɭdɛɾə
mildne	miːldnə
mildred	mildrad
mildred	miːldɾɛ
mildrid	mildred
mildt	miːlt
mildt	mˈɪlt
mile	miːlə
milene	miːˈleːnə
milepæl	miːləpæːl
miles	miːləs
milevis	miːləʋɪs
miley	miːlə
milf	miːlf
milisen	miˈliːsən
milits	miːlɪts
militsen	miːlɪtsən
militssoldat	mɪltˈsˈɔldat
militærbase	miliˈteːɾbɑːsə
militærbasen	miliˈteːɾbɑːsən
militære	miliːtare
militæret	militeːɾɛt
militærets	ˈmɪlɪtæːɾəts
militærnekter	miliˈteːɾnɛktər
militærpoliti	militeːɾpuliːti
militærpolitiet	miˈliːtæːɾpoliˈtiː
militærskole	miliˈteːɾskuːlə
milja	miːljɑ
miljø	miːljø
miljø	mɛ̃ˀljøː
miljø	mɪlˈjøː
miljøer	miːljuːər
miljøgift	mɪlgˈøːgift
miljøpartiet	miːljøːpɑːrtɪt
miljøvennlig	miːljøʋɛnːlɪ
miljøvennlig	mɪlˈjøːʋɛnlɪ
miljøvennlige	mɪlˈjøːʋɛnlɪə
miljøvennligere	mɪlˈjøːʋɛnlɪɾə
miljøvennligst	mɪlˈjøːʋɛnlɪkst
miljøvennligste	mɪlˈjøːʋɛnlɪkstə
milk	miːɭk
mill	miɭː
mill	miːɭ
milla	miːɭː
mille	miːlə
miller	miːlɛr
millers	miɭːɾs
millian	miːlɪɑːn
milliard	ˈmɪlɪɑːɾ
milliarder	ˈmɪlɪɑːɖər
milliardær	ˈmɪlɪɑːɖɑːr
milliardæren	ˈmɪlɪɑːɾæɾn̩
millicent	ˈmɪlɪsɛnt
millie	miliː
milligan	ˈmɪlɪgɑn
milligram	ˈmɪlɪˌgɾæm
milliliter	ˈmɪlɪˌlɛtər
millimeter	ˈmɪlɪmeːtəɾ
million	miljˈun
million	ˈmɪlɪɔn
millionen	ˈmɪlɔnən
millionene	ˈmɪljʊnə
millioner	milˈiːoːne
millioner	ˈmɪlɪuːnər
millionær	ˈmɪljoːnæɾ
millionæren	ˈmɪljʊnæːɾən
millionærer	ˈmɪljoːnæɾ
mills	miɭs
millstone	ˈmɪlstn̩
millwall	miɭːɑːɭː
milly	miɭː
milner	miːlnər
milo	miːluː
milord	miːlɔɾ
milos	miːlɔʃ
mils	miːls
milt	miːlt
miltbrann	miːltˈbrɑn
milten	miːl̥tən
milton	miːltɔn
mim	miːm
mime	mimæ
mime	miːm
mimer	miːmɛr
mimi	miːmiː
mimica	miːmɪkɑ
mimikk	mimik
mimre	miːmrə
min	miːn
min	mɪn
min	mˈɪn
min-woo	miːnuː
mina	miːnɑ
minas	miːnɑs
mindre	mˈɪndrə
mindre	ˈmɪndrɛ
mindretall	miːnˈdrɛtɑːl
mindreverdige	ˈmɪndrɛʋəɾɪgə
mindreverdige	ˈmɪndɾəʋæɖɪə
mindreverdigst	ˈmɪndɾəʋæɖɪkst
mindreverdigste	ˈmɪndɾəʋæɖɪkstə
mindreårig	ˈmɪndrɑːrɪk
mindreårig	ˈmɪndɾəoːɾɪ
mindreårige	ˈmɪndrɑɾiːgə
mindreårige	ˈmɪndɾəoːɾɪə
mindreårigere	ˈmɪndɾəoːɾɪɾə
mindy	ˈmɪndi
mine	miːnə
minefelt	miːnəfelːt
minefeltet	miːnəfelːt
minelagt	miˈnæˑlɑkt
minen	miːn̪n̩
miner	miːnər
mineral	mjnəraːl
mineral	ˈmɪnəɾɑːl
mineralvann	mɪnəˈɾɑːlʋɑn
mineralvann	ˈmɪnɛɾɑlvɑn
minerva	miˈnɛʋɾə
ming	miŋ
mingle	miŋːlə
mingo	miŋguː
minho	miːnɔ
miniatyr	miːniɑːtʏr
minibank	ˈmɪnɪbɑŋk
minibanken	ˈmɪnɪbɑŋkən
minibanker	ˈmɪnɪbɑŋkər
minibar	miniːˈbɑːr
minibar	ˈmɪnɪbɑːɾ
minibaren	ˈmɪnɪbɑːrən
minibuss	ˈmɪnɪbʉs
minibussen	ˈmɪnɪbʉsn̩
minigolf	ˈmɪnɪˌgɔlf
minimal	miˈniːɑːl
minimale	ˈmɪnɪmɑːlə
minimalisme	minimalism
minimalt	ˈmɪnɪmɑlt
minime	ˈmɪnɪmɛ
minimere	menime̞ɾa
minimum	minimum
minimum	ˈmɪnɪmʊm
miniskjørt	ˈmɪnɪˌʃɕœɾt
minister	mɪˈnɪstəɾ
minister	ˈmɪnɪstər
ministeren	ˈmɪnɪstɛːɾən
ministre	ˈmɪnɪstɾə
ministrene	ˈmɪnɪˌstɾənə
minivan	miniːʋɑːn
minivanen	miˈniːvɑːnə
mink	miŋk
mink	mɪŋ
minke	ˈmɪŋkə
minken	ˈmɪŋkən
minker	ˈmɪŋkər
minn	min
minn	miːn
minna	miːnːa
minne	miːnːə
minne	mɪnə
minne	ˈmɪnə
minneapolis	ˈmɪnniːpəlɪs
minnedag	minnədag
minnekortet	ˈmɪnːəˌkɔʈːə
minnene	ˈmɪnːənə
minnepinne	ˈmɪnːəˌpɪnːə
minnepinnen	ˈmɪnːəpɪnːə
minner	mˈɪnər
minner	ˈmɪnːər
minnes	ˈmɪnəs
minnes	ˈmɪnːəs
minnesmerke	mɪnɛsmæɾkə
minnesmerke	ˈmɪnːəsmeːrke
minnesmerket	ˈmɪnːəʃmæɾkət
minnesota	ˈmɪnnəsoʊtə
minnestund	ˈmɪnːəstʉn
minnestunden	ˈmɪnːəstʉnːə
minnet	miːnːət
minnetale	ˈmɪnːəˌtɑːlə
minnetalen	ˈmɪnːəˌtɑːlən
minneverdig	ˈmɪnəʋæɖɪ
minneverdige	ˈmɪnəʋæɖɪə
minneverdige	ˈmɪnːəˌʋæɾiːə
minneverdigere	ˈmɪnəʋæɖɪɾə
minneverdigst	ˈmɪnəʋæɖɪkst
minneverdigste	ˈmɪnəʋæɖɪkstə
minnie	miˈnɪ
minor	miːnɔr
minoritet	ˈmɪnʊɾɪtɛt
minoriteter	ˈmɪnʊɾɪtətəɾ
minotaur	miːnʊˈtɔːr
minsk	miːnʃ
minsk	mˈɛnsk
minske	mˌinskə
minske	ˈmɪnskə
minske	ˈmɪŋskə
minsker	ˈmɪŋʃkər
minsket	miːnʃkət
minst	miːnst
minst	mɪnst
minst	mˈɪnst
minste	miːnste
minste	mɪnstə
minstelønn	ˈmɪnstəlœn
minstepris	mɪnstɛpɾeːs
mint	miːnt
minte	miːntə
minton	ˈmɪntɔn
minus	minˈus
minus	ˈmɪnʉs
minusgrader	ˈmɪnʉsˌgɾɑːdər
minutt	mi'nʉt
minutt	mɪˈnʉt
minutta	minˈutːa
minutter	miˈnʉtər
minutter	mɪˈnʉtə
minutters	ˈmɪnʉtərs
minuttet	miˈnʉtː
minutts	ˈmɪnʉts
mira	miːɾɑ
mirabelle	miːɾɑbɛlːə
mirage	miːɾɑːgə
mirakel	miːɾɑkəl
mirakel	mˈiɾakəl
mirakelet	ˈmɪɾɑkəlɛt
miraklene	miˈɾɑːklənə
miraklenes	miːɾɑkˈleːnəs
mirakler	miˈɾɑːkləɾ
mirakuløs	miːɾɑkʉløːs
mirakuløs	mɪɾɑkʉˈløːs
mirakuløse	ˈmɪɾɑkʉløːsə
mirakuløst	ˈmɪɾɑkʉˌløːst
mirakuru	miːɾɑkuːɾʉ
miranda	miˈɾɑnːdɑ
mirando	miːɾɑnːu
mireles	miːɾɛlɛs
miri	miːɾiː
miriam	miˈɾiːɑm
miriams	miːɾiɑms
mirush	miːɾʉʂ
mis	miːs
misbruke	ˈmɪsbɾʉːkə
misbruker	ˈmɪsbɾʉkeɾ
misbrukere	ˈmɪsbruːkərə
misbrukes	ˈmɪsbɾʉːkəs
misbruket	ˈmɪsbɾʉːkət
misbrukt	ˈmɪsbɾʉkt
mischa	miʃːɑ
misdannet	ˈmɪsdɑnːə
miserabel	ˈmɪsəɾɑːbəl
miserabelt	miˈsæɾɑːbl̩t
miserable	miˈsɛɾəbəl
misfornøyd	ˈmɪsfɔɳøɪ̯
misfornøyd	ˈmɪsfɔɳœjd
misfornøyde	ˈmɪsfɔɳøːdə
misforsto	ˈmɪsfɔʂtʉ
misforstå	ˈmɪsfɔʂtoː
misforstå	ˈmɪsfɔʈʂoː
misforståelse	ˈmɪsfɔʈæːlsə
misforståelsen	ˈmɪsfɔʈæːsən
misforståelser	ˈmɪsfɔrˌstøːəlsɛɾ
misforstår	ˈmɪsfɔʂtɔːr
misforstås	ˈmɪsfɔrˌstøːs
misfoster	ˈmɪsfɔstər
misfosteret	ˈmɪsfɔstərət
misfostre	ˈmɪsfɔstrə
misfostrene	ˈmɪsfɔstrənə
misha	miʃɑ
mishandle	miˈʃɑːndlə
mishandle	ˈmɪshɑnlə
mishandler	miʂɑ̀ndlɐ
mishandlet	miˈshɑ̀ːn̥dl̥
mishandling	mˈɪshandlɪŋ
mishandlingen	miˈshɑ̀ːndlɪŋə
mishima	miˈʃiːma
misjon	mˈɪçəlˈ
misjonsstasjonen	ˈmɪsjʊnsˌstɔjən̯ən
misjonær	ˈmɪʃʊnɑːr
misjonærer	ˈmɪʃʊnæːr
miskunn	miʂkʉnː
mislike	ˈmɪsliːkə
misliker	ˈmɪsliˌkeːɾ
mislikt	ˈmɪslikt
mislikte	ˈmɪsːlɪktə
mislykka	ˈmɪslʏkɑ
mislykkede	ˈmɪslykəde
mislykkes	mˈɪslykkəs
mislykkes	ˈmɪslykːəs
mislykkes	ˈmɪslʏkəs
mislykket	mˈɪslykkət
mislykket	ˈmɪslykət
mislykket	ˈmɪslʏkət
mislyktes	ˈmɪslyktəs
misnøye	ˈmɪsnœʏə
misnøyen	ˈmɪsnœʏən
missak	ˈmɪsɑk
missandei	ˈmɪsːɑnəi
misse	ˈmɪsə
missekåring	missəkorinɣ
misser	ˈmɪsər
misset	ˈmɪsːət
missil	ˈmɪsɪl
missilen	ˈmɪsɪlən
missilene	ˈmɪsɪlənə
missiler	misiːlˈɛr
missilet	ˈmɪsːələt
missing	ˈmɪsɪŋ
mission	ˈmɪʃuːn
mississippi	ˈmɪsɪˌsɪpɪ
missouri	ˈmɪsuːri
missus	ˈmɪsʉs
missy	ˈmɪsi
mist	miʂt
mist	mˈɪst
mista	mistˈa
mista	miʂtɑ
mistak	miˈstɑk
mistanke	ˈmɪstɑŋkə
mistanken	miˈstɑŋkən
mistankene	miˈstɑŋkənə
mistanker	miˈstɑŋkər
miste	miːstə
miste	ˈmɪstə
misteltein	miːstəlˈtæɪn
mistelteinen	miːstəlˈtiːnə
mistenke	ˈmɪstənkə
mistenkelig	ˈmɪstənkəlɪ
mistenkelige	ˈmɪstənkəlɪgə
mistenker	ˈmɪstənkəɾ
mistenkes	ˈmɪstənkəs
mistenksom	mɪsˈtɛŋksɔm
mistenksom	ˈmɪstənksɔm
mistenksomhet	ˈmɪstənkˌsɔmhɛt
mistenksomme	ˈmɪstənksɔmə
mistenksomt	ˈmɪstənksɔmt
mistenkt	ˈmɪstɛkt
mistenkte	mistsiŋkta
mistenkte	ˈmɪstɛŋkə
mister	miʂtər
mister	mɪ̞stɪ̞r
mistet	miːstət
mistillit	miʂtɪˈlɪt
mistress	ˈmɪstrəʃ
mistrives	miˈstrɪʋəs
mistrives	ˈmɪstɾiːʋəs
mistro	miʂtrʊ
mistro	nistru
mistroisk	mistrʊɪsʲk
mistror	miʂtrɔr
misty	miʂː
misunne	mɪˈsʉnə
misunne	ˈmɪsʉnə
misunnelig	ˈmɪsʉnəlɪ
misunnelige	mɪˈsʉnəlɪə
misunnelige	ˈmɪsʉnəlɪgə
misunneligere	mɪˈsʉnəlɪɾə
misunneligst	mɪˈsʉnəlɪkst
misunneligste	mɪˈsʉnəlɪkstə
misunnelse	mɪˈsʉnəlsə
misunnelse	ˈmɪsʉnːəlsə
misunner	miˈsʉnːər
misunte	ˈmɪsʉntə
misvisende	ˈmɪsʋɪsɛnə
mit	miːt
mit	mɪt
mitch	miːtʃ
mitcham	ˈmɪtʃɑm
mitchel	ˈmɪtʃəl
mitchell	ˈmɪtʃəl
mitchells	ˈmɪtsəls
mitchum	miːtʃʉm
miter	miːtər
mitt	mɪt
mittens	ˈmɪtːəns
mitya	miːtʰjɑ
mitzi	miːtse
mitzvah	miːtsvɑ
miyagi	miːˈjɑɪ
miyuki	miːˈjʉːkɪ
mjau	mīau̯
mjau	mjau
mjaue	ˈmjæwə
mjauer	ˈmjæʉ̯ːr
mjolnir	mjɔlnæɾ
mjød	mjøːd
mjødm	mjɔdm
mjødma	mjɔdma
mjøl	mjæːɽ
mjølker	mjʏ̞lkɪ̞ɾ
mlne	ɛlne
mm-hm	ɛmː-ɛm
mm-hmm	ˈmː-ʔʌm
mmm	ɛm
mmm-hmm	ɛmːhɑːm
mnd	mn̥d̥
mobb	mɔb
mobbe	ˈmɔbə
mobbe	ˈmɔbːə
mobben	ˈmɔbːən
mobber	ˈmɔbːər
mobbere	ˈmɔbːərə
mobberen	ˈmɔbːərən
mobbet	ˈmɔbːət
mobbing	ˈmɔbɪŋ
mobbingen	ˈmɔbɪŋən
mobil	nobil
mobil	ˈmuːbɪl
mobildekning	mobildækniːŋ
mobile	mobila
mobile	ˈmɔːbɪl
mobilen	ˈmuːbɪlən
mobilene	ˈmʊbɪlənə
mobiler	mobila
mobiliser	ˈmɔbɪlɪsəɾ
mobilisere	ˈmɔbɪlɪsəɾə
mobiliserer	ˈmɔbɪlɪsəɾɛɾ
mobilisering	ˈmɔbɪlɛʃɪŋ
mobilnummeret	ˈmuːbɪlˌnʉməɾət
mobilt	mob̥iːlt
mobiltelefon	ˈmɔbɪlteleˌfoːn
mobiltelefonene	ˈmɔːbɪlteːlɛfɔnə
mobiltelefoner	ˈmɔbɪlteːlɛfɔnər
moby	ˈmɔ̀ːbʏ
mockingbird	ˈmɔkɪŋbɪɾd
moco	ˈmɔkʊ
modalitet	modaɫitˈɛt
modalverb	mʊdɑːlwɛrb
mode	muːd̥ə
model	ˈmɔ̀ːdəl
modell	moːd̪əl
modell	mʊˈdɛl
modell	ˈmʊdəl
modellen	ˈmʊdələn
modellene	ˈmʊdələnə
modellere	mʊdəˈleːɾə
modellfly	ˈmʊdəlˌflyː
modem	ˈmɔdːm
moden	muːðən
moden	ˈmuːdən
modenhet	ˈmuːdənhɛt
modent	ˈmʊdən̩
moder	ˈmʊdər
moderat	mʊdəˈɾɑːt
moderat	ˈmɔdɛrɑt
moderlig	ˈmʊ̀ːdərliː
modernisere	ˈmɔ̀ːdnɪsəɾə
modernisme	modaɾnjsmə
moderskipet	ˈmʊ̀ːdɛʂkɪpət
modesto	ˈmɔdɛstoː
modesty	ˈmɔdɛstʏ
modifisere	mʊdɪfɪˈseːɾə
modifisere	ˈmɔdɪfɪsəɾə
modifiserte	ˈmɔdɪfɪʃəɾə
modige	ˈmɔdɪgə
modigere	ˈmʊdɪgəɾə
modisane	ˈmɔːdɪsɑːnə
modne	muːdna
modne	ˈmɔdnə
modnes	ˈmɔdnəs
modnet	ˈmɔdn̩t
modul	modˈʉl
modul	ˈmɔdʉl
modulen	ˈmɔdʉːlən
modulf	ˈmɔdʉlf
moelv	muːlˈv
mogadishu	ˈmɔgɑdɪʃuː
mogens	ˈmɔgəns
mogge	ˈmɔgːə
mohammed	ˈmɔhæməɖ
moi	moɪ
moines	muːɪnəs
moira	ˈmûɾa
mojo	ˈmuːʝuː
mokaschi	ˈmɔkɑʃi
mokka	ˈmɔkka
mokkerkalfe	mokkjrkalfæ
molbeck	ˈmɔlbɛk
molde	molda
molde	mˈɔldɑ
moldova	molˈdɯɔvɑ
moldvarp	ˈmɔldvɑːrp
molekyl	mulekial
molekyl	ˈmɔləˌkʏl
molekylene	ˈmɔləkyːnə
molekyler	ˈmɔləkʏːlɛr
molekylet	mulɛkile
molekylære	ˈmɔləgʏlæːɾə
molesley	ˈmɔːləsleɪ
molina	ˈmʊːlɪnə
moll	ˈmɔɭː
moller	mˈɔllər
molloy	ˈmɔləʏ
mollström	ˈmɔlstrøm
molly	ˈmɔlɪ
mollys	ˈmɔlɪs
moltisanti	ˈmɔltɪsɑnti
molto	ˈmɔltuː
mombasa	ˈmɔmbɑsɑ
moment	mˌoːmənt
momentan	momento
momentan	mʊmənˈtɑːn
momentant	ˈmɔmɛntɑnt
momma	mɔmːə
momo	mɔmʊ
moms	mɔms
moms	mʊms
mon	mɔn
mon-el	ˈmɔnːəl
monaco	ˈmɔ̂nɑ̀kɔ
monark	ˈmûːnɑrk
monarken	ˈmûːnɑrkn̩
monarki	munärkiː
monarkiet	ˈmɔnɑɾkiːə
monarkisme	monarkismi
monberg	ˈmɔ̀ːnbæɾ
moncada	ˈmɔŋkɑːdə
money	ˈmɔnɪ
moneypenny	ˈmʊnɪpɛn
mongo	ˈmɔŋo
mongol	ˈmɔŋgɔl
mongolene	ˈmɔŋgulənə
mongoler	ˈmɔŋgələr
mongolsk	ˈmɔŋgɔlsk
mongolske	ˈmɔŋgɔʂkə
monique	ˈmɔnɪk
monitorene	ˈmʊnɪtɔrənə
monk	ˈmɔŋk
monkey	ˈmɔŋkɪ
monkford	ˈmɔŋkfɔɾ
monne	ˈmɔnə
monogam	ˈmûːnɔgɑm
monolitt	monolitˈ
monolitter	monoljtːar
monologen	ˈmuːnɔgən
monoton	manʊtʊn
monroe	ˈmɔnruː
mons	mɔns
mons	mˈɔns
monsen	mˈɔnsən
monsieur	ˈmɔ̀nsiœʁ
monsignor	ˈmɔ̀nsignɔːr
monster	mˈɔnstər
monster	ˈmɔnstər
monstere	ˈmɔnstɛɾə
monsteret	ˈmɔnstərət
monstermast	mˈɔnstɛrməst
monstre	ˈmɔ̀nstrə
monstrene	ˈmɔnstrənə
monstret	ˈmɔnstrət
mont	mɔnt
montag	ˈmɔntɑːg
montague	ˈmɔ̀ntɑːg
montana	ˈmɔntanɑ
montasje	ˈmɔntɑʃə
montauk	ˈmɔntɑʊk
monte	ˈmɔ̀ntə
montenegro	mˌũŋtɨnˈɛgɹʊ
montenegro	ˈmɔ̀ntənɛgɾu
montere	mɔnˈteːɾə
monterer	ˈmûːntəɾəɾ
monteres	ˈmɔnəɾəs
monterey	ˈmɔntəɾɛɪ
montering	ˈmûːntərɪŋ
montero	ˈmɔ̀ntəɾʊ
montert	ˈmɔntəɾt
monterte	ˈmɔ̀ntəɾtə
montez	ˈmɔntəs
montillac	ˈmɔ̀ntɪlɑk
monty	ˈmɔnti
monument	ˈmɔnʊmɛnt
monumenter	ˈmʊnʊmɛntər
monumentet	ˈmûːnʉmɛntət
moo	muː
moogie	muːgi
moon	muːn
mooney	muːnɪ
moonlight	muːnlaɪt
moonraker	muːnraːkər
moons	muːnʂ
moony	muːnɪ
moore	muːɾə
moores	muːɾəs
mopeden	mupˈɛdɔn
mopp	mɔp
moppen	ˈmɔpːən
mopper	ˈmɔpər
mor	mˈoɾ
mora	murat
mora	ˈmʊːɾɑ
moral	muɾˈal
morales	ˈmʊɾɑːlə
moralsk	mʊˈɾɑːlsk
moralsk	ˈmɔɾɑːlsk
moralske	ˈmɔɾɑːʂkə
moran	ˈmɔrɑn
mord	mʊɖ
mordbrann	ˈmɔɾ̥bɾɑn
mordecai	ˈmɔ́ːɾdɛkɑɪ̯
mordechai	ˈmɔɾdæçɑɪ
mordekai	ˈmɔ̀ɾdəkaɪ
mordene	moːrˈdɯnə
mordene	ˈmɔɖənə
morder	mudɛr
mordere	ˈmɔ̀ɖəɾə
morderisk	ˈmɔ̀ɖəɾɪsk
morders	ˈmɔ̀ɳːɾs
mordet	muːrdæ
mordetterforskning	ˈmɔɾdətɛɾfɔʂkŋ
mordforsøk	ˈmɔɾdfɔʂøːk
mordkommisjonen	ˈmɔɾkɔmɪˌʃiːən
mordkvelden	ˈmɔɾdkʋɛldn̩
mordor	ˈmɔ̀ɖɔɾ
mordors	ˈmɔ̀ɖɔʂ
mordvåpen	ˈmɔɖʋæːpən
mordvåpenet	ˈmɔɖʋæːpənət
more	muːɾə
moreau	ˈmʊrɔ
morel	ˈmɔːrəl
morell	mˌoɾˈɛl
morello	ˈmʊrəlʊ
morene	muɾenɐ
moreno	ˈmuːrənuː
morens	ˈmʊːrəns
moretti	ˈmɔ́ːrɛtɪ
morfar	muɾf̪aːr
morfar	ˈmɔɾfɑːr
morfaren	ˈmɔɾfɑːɾən
morfedrene	murfɛdrana
morfin	ˈmɔɾfɪn
morfinen	ˈmɔɾfɪnən
morg	ˈmɔrg
morgan	mɔrɪgɑn
morgan	ˈmɔrgɑn
morgana	ˈmɔrganə
morgans	ˈmɔrgɑns
morgause	ˈmɔ̀ːgɑːsə
morgen	moːɳ
morgen	ˈmɔrgən
morgenavisen	ˈmɔɾgənɑˌʋiːsn̩
morgenen	moːɳən
morgenen	ˈmɔrgən
morgenens	ˈmɔrgənəns
morgener	ˈmɔrgənər
morgengry	ˈmɔrgəngʁʏ
morgenkvalme	ˈmɔrgənkʋɑːlə
morgenkåpe	ˈmɔrgənˌkɔːpə
morgenluft	ˈmɔrgənlʉft
morgensolen	ˈmɔrgənˌsɔlən
morgenstund	ˈmɔrgənstʉn
morges	ˈmɔrgəs
morghulis	ˈmɔrgʉlɪs
moriarty	ˈmɔːrɪɑːɾti
morisaki	ˈmɔːrɪsɑkɪ
mork	mˈɔɾk
morkaken	ˈmɔɾkɑkən
morkel	mʊɾkɪl
morken	ˈmɔɾkən
morley	ˈmɔːɭə
mormon	ˈmɔɾmʊn
mormoner	ˈmɔmnər
mormor	murmuɾ
mormor	ˈmɔ̀ːrmɔr
mormora	mʊɾmʊɾa
mormors	ˈmɔ̀ːrmɔʂ
mormødrer	muɾmødræɾ
morn	mon
morn	ˈmɔrn
morna	monne
morna	ˈmɔʁnə
morning	ˈmɔːɳɪŋ
mornings	ˈmɔrnɪŋs
morningstar	ˈmɔːrɪŋstaːr
moro	murˈu
moroklumpen	ˈmɔ̀ɾɔklʉmpn̩
moromann	ˈmɔːrɔmɑn
morpheus	ˈmɔʁfɛʊs
morra	ˈmɔrːɑ
morris	ˈmɔrɪs
morrissey	ˈmɔrɪsi
morro	ˈmɔrːʊ
morsdag	ˈmɔʂdɑː
morsdagen	ˈmɔʂdaːgən
morse	ˈmɔʂə
morsekode	ˈmɔʂkɔːdə
morsk	mʊʂk
morsmelk	muːʃməlk
morsmelk	ˈmɔʂmɛɭk
morsmelkerstatning	ˈmɔʂmɛɭkərˌstɑːtɪŋ
morsmål	ˈmɔʂmoːl
morsmålet	ˈmɔʂmɔːlət
morsom	ˈmɔ̀ʂɔm
morsom	ˈmʊʂɔm
morsomme	ˈmɔʂːmə
morsommere	ˈmɔʂːmərə
morsomste	ˈmɔ̀ʂɔmste
morsrollen	ˈmɔʂɾɔlːən
mort	ˈmɔʈ
mortdecai	ˈmɔːɾtɛˌkɑɪ
mortem	ˈmɔʈːə
morten	ˈmɔʈən
mortimer	ˈmɔʈmɪɾ
morton	ˈmɔʈn̩
mosebok	ˈmuːsəˌbɔk
mosen	muːsən
moshe	muʃə
moskeen	ˈmɔskɛɪn
moskus	mʊ̞skʏ̞s
moskusrotte	muskusrˈɔtːa
moskva	mɔskvɔ
moskva	ˈmɔskʋɑ
moské	ˈmɔskə
mosley	ˈmɔslə
mossad	ˈmɔsːɑː
moste	ˈmɔstə
moster	mustɛr
mosteren	mustɛrɛn
mostrene	mustr̝ɛnɛ
mostrer	mustrœr
motangrep	ˈmʊtɑŋgɾæɪ̯p
motarbeide	ˈmuːtɑɾbæɪdə
motarbeide	ˈmɔtɑɾbæɪ̯dɛ
motarbeider	ˈmɔtɑɾbɛɪdər
motarbeidet	ˈmɔtɑɾbæɪ̯ɪt
motbevise	ˈmɔtbəviːsə
motbevist	ˈmɔtbæʋɪst
motbydelig	mʊtˈbyːdəlɪ
motbydelig	ˈmɔtbyːdəlɪ
motbydelige	ˈmɔtbyːdəlɪə
motbydeligere	mʊtˈbyːdəlɪɾə
motbydeligst	mʊtˈbyːdəlɪkst
motbydeligste	mʊtˈbyːdəlɪkstə
mote	muːta
motell	mʊˈtɛl
moteller	ˈmʊtəlɛr
motellet	ˈmʊtələt
motellrom	ˈmʊtəlˌrʊm
moteriktig	ˈmuːtəɾɪktɪ
moteriktige	ˈmuːtəɾɪktɪə
moteriktigste	ˈmuːtəɾɪktɪkstə
motesmykke	muːtəsmʏkə
motet	ˈmuːtə
motforestillinger	ˈmɔtfɔʂtɪllɪŋgər
motgang	ˈmɔtgɑŋ
motgift	ˈmɔtˌgɪft
motgiften	ˈmɔtgɪftən
motherfucker	ˈmɔtɐfʉkɐ
motiv	motˈiv
motiv	ˈmʊtɪv
motivasjon	mʊtɪvɑːʃʊn
motivasjon	ˈmɔtɪvasjɔn
motivasjonen	ˈmʊtɪvasjʊn̩
motivene	ˈmʊtɪʋənə
motiver	ˈmʊtɪʋər
motivere	motivera
motivere	mʊtɪˈʋeːɾə
motivere	ˈmʊtɪvəɾə
motiverende	ˈmʊtɪvəɾɛnə
motiverte	ˈmʊtɪʋəɾtə
motivet	ˈmʊtɪvət
motløs	ˈmuːtløːs
motløs	ˈmɔtˌløːs
motor	mutur
motor	mʊˈtuːɾ
motorbåt	ˈmɔtɔɾbɔːt
motorene	ˈmʊtʊrənə
motorer	ˈmuːtʊɾə
motorikk	ˈmʊtɔrɪk
motorkraft	ˈmɔtɔrkʁɑft
motorolje	ˈmʊtʊɾɔljə
motorrommet	ˈmʊtːɔɾɾɔmːə
motors	ˈmɔtʊʂ
motorsag	ˈmɔtʊʂɑːg
motorstopp	ˈmɔʈʏrstɔp
motorsykkel	ˈmuːtʊʂʏkəl
motorsykkel	ˈmɔtːɔʂʏkːəl
motorsykkelen	ˈmɔtːɔɾsyklən
motorsyklene	ˈmɔtːɔɾsʏklənə
motorsykler	ˈmɔtʊʂʏkləɾ
motorveger	muːtuːrvægæɾ
motorvei	mutʊrvaj
motorvei	ˈmuːtʊɾʋæi
motorvei	ˈmʊtʊɾvɛɪ
motorveien	ˈmɔtʊɾvɛɪən
motparten	ˈmɔtːpɑːɾtn̩
motsatt	mutsat
motsatt	ˈmɔtsɑt
motsatte	mˈoːtsatːə
motsatte	ˈmɔtsɑtə
motsetning	ˈmɔtːsɛtnɪŋ
motsetning	ˈmʊtsɛtnɪŋ
motsetninger	ˈmɔtsɛtŋɪɾə
motsette	ˈmuːtsɛtə
motsette	ˈmɔtsɛttə
motsetter	ˈmɔtːsɛtər
motsi	muːtsiː
motsi	ˈmɔtʂi
motsigelse	muːtsiːkɪlsæ
motsigelser	ˈmɔtsɪgəlsər
motspiller	ˈmɔtspɪllər
motstand	ˈmuːtstɑn
motstand	ˈmɔtstɑn
motstanden	ˈmɔtstɑndn̩
motstander	ˈmɔtstɑndər
motstandere	ˈmɔtstɑndəɾə
motstanderen	ˈmɔtstɑndəɾən
motstanderens	ˈmɔtstɑndərəns
motstanderne	ˈmɔtstɑndəɳə
motstands	ˈmɔtstɑns
motstandsbevegelse	ˈmɔtstɑnsbæɪ̯ʋæɪ̯əlsə
motstandsbevegelsen	ˈmɔtstɑnsbæɪ̯ʋɛːgəlsən
motstandsdyktig	ˈmuːtstɑnsdʏktɪ
motstandsdyktigere	ˈmuːtstɑnsdʏktɪɾə
motstandsfolk	ˈmɔtstɑnsfɔlk
motstandskraft	ˈmɔtstɑnʃkɾɑft
motstridende	ˈmɔtstrɪdənə
motstykke	ˈmɔtstʏkçə
motstå	ˈmɔtstøː
motstår	ˈmɔtstɑːr
mott	mɔtː
motta	ˈmɔtːɑ
mottagelse	ˈmɔttɑːgəlsə
mottagelsen	ˈmɔttɑgəlsən
mottak	ˈmɔtkɑː
mottakelig	ˈmɔtkælɪ
mottakelige	ˈmɔtkæləɪ
mottakelse	ˈmɔtkælsəl
mottakelsen	ˈmɔtkæɫsən
mottaker	ˈmuːtɑkəɾ
mottaker	ˈmɔtːɑkər
mottakeren	ˈmɔtːakəɾən
mottaket	ˈmɔtkət
mottar	ˈmɔtːɑr
mottas	ˈmɔtːɑs
mottat	ˈmɔtːɑt
mottes	ˈmɔtːə
mottiltak	ˈmɔtːɪlɑk
motto	mutːo
motto	ˈmɔtːʊ
mottoet	ˈmɔtːə
mottok	ˈmɔtːɔk
motvekt	ˈmɔtˌʋɛkt
motvilje	ˈmɔtʋɪljə
motviljen	ˈmɔtʋɪljən
motvillig	ˈmuːtʋɪlɪ
motvillig	ˈmɔtʋɪlɪg
motvillige	ˈmuːtʋɪlɪə
motvillige	ˈmɔtʋɪlɪgə
motvilligst	ˈmuːtʋɪlɪkst
motvind	ˈmɔtʋɪn
motvirke	ˈmɔtʋɪɾkə
motvirker	ˈmɔtʋɪɾkəɾ
mount	muːnt
mountains	muːntɛns
move	muːv
movie	muːvɑɪ
mowgli	muːlgi
mozzarella	mʊsarella
mozzarella	ˈmɔtsɑrɛlə
mozzie	muːʃiː
mpondo	mpɔnːu
mrd	ʋɔːɾ
ms	ms
mu	muː
muchacho	ˈmʊtʃɑːxɔ
muchachos	ˈmʉtʃɑʃɔ
muchas	ˈmʉkʰɑs
mucho	ˈmʉkʰʊ
mudder	ˈmʉːdər
mueller	ˈmœʉlɐ
muerte	ˈmʉːʈə
muffens	ˈmʉfəns
muffin	ˈmʉfɪn
muffins	ˈmʉfɪns
muffinsen	ˈmʉfsɪn̩
muffinsene	ˈmʉfɪnːsənə
mugg	ɱʉg
mugge	ˈmʉgə
mugge	ˈmʉgːə
muggen	ˈmʉgən
muggen	ˈmʉgːən
muggene	ˈmʉgːnə
muggent	ˈmʉgn̩t
mugger	ˈmʉgər
muggsopp	ˈmʉgːɔp
muhammad	ˈmʊɑˌhæmdɑ
muiig	muːɪg
muir	ˈmʉɪr
mujahedin	ˈmʉjɑhedɪn
mukhtar	ˈmʊktɑr
mulan	ˈmʉːlɑn
mulcahy	ˈmʉːlkaɪ
mulder	ˈmʊldər
muldoon	ˈmʉːldʉːn
muldvarp	ˈmʉːldvɑːɾp
muldvarpen	ˈmʉːldvɑːrpn̩
muldyr	mˈʉldiːr
muldyr	ˈmʉːɭdʏɾ
muldyra	ˈmʉːɭdʏːɾɑ
muldyrene	ˈmʉːɭdʏːɾənə
muldyret	ˈmʉːɭdʏrɛt
mulgarath	ˈmʉlgɑrɑt
mulholland	ˈmʉːlhɔlɑn
mulig	ˈmʉːlɪ
mulige	ˈmʉːlɪgə
mulige	ˈmʉːlɪə
muligens	ˈmʉːlɪgəns
muligere	ˈmʉːlɪɾə
muliggjøre	ˈmʉːlɪjøːɾə
mulighet	ˈmʉːlɪgət
mulighet	ˈmʉːlɪheːt
muligheten	ˈmʉːlɪgəhɛn
mulighetene	ˈmʉːlɪgətnə
muligheter	ˈmʉːlɪçtəɾ
mulkt	mʉlkt
mulla	muːɭɑ
mulle	ɑlːə
mullen	ˈmʉlːən
muller	ˈmʉlːər
mulligan	ˈmʉlɪgɑn
mullins	ˈmʉːlɪns
multer	multe
multifaktoriell	multifˈaktoːriːˈɛl
mulwray	ˈmʉːlʋɾæɪ
mumbai	ˈmʊmbɪ
mumford	ˈmʊmfɔɾ
mumie	ˈmʉ̂ːmɪ
mumien	ˈmʉːmɪən
mumier	ˈmʉːmɪəɾ
mumle	ˈmʉːmlə
mumle	ˈmʊmlə
mumler	ˈmʉːmləɾ
mumlet	ˈmʊmlət
mumling	ˈmʊmlɪŋ
munch	ˈmʊnʧ
muncie	ˈmʊntʃiː
mundson	ˈmʊnsɔn
mungo	ˈmʊŋgʊ
munin	myˀnɪ̞n
munk	mʉŋk
munken	ˈmʉŋkən
munkene	ˈmʊŋkənə
munker	mʊ̞ŋkʲɪr
munn	mʉn
munn	mʉnː
munne	ˈmʉnə
munnen	ˈmʉnːən
munnene	ˈmʉnːnə
munner	ˈmʉnːər
munnfull	ˈmʉnːfʉl
munning	mʉnɪŋ
munningen	ˈmʉːnɪŋən
munnkurv	ˈmʉːnːkʉɾʋ
munnsex	ˈmʉnːsɛkʂ
munnspill	ˈmʊnːspɪl
munnspillet	ˈmʉnːspilə
munnstykket	ˈmʊnːstʏkːə
munnsår	ˈmʉnːsɑːr
munnvann	ˈmʊnːʋɑn
munro	ˈmʉːnruː
munson	ˈmʊnsɔn
munter	ˈmʉntəɾ
munter	ˈmʉ̂nːtər
munterhet	ˈmʉ̂nːtərhɛt
muntert	ˈmʉ̂nːtəɾ
muntlig	ˈmʉntlɪ
muntlig	ˈmʊntlɪ
muntlige	ˈmʉntlɪə
muntligere	ˈmʉntlɪɾə
muntligste	ˈmʉntlɪkstə
muntre	ˈmʊntɾə
muntrer	ˈmʊntər
muntret	ˈmʊntrɛt
muppetene	ˈmʉpːətənə
mur	mʊr
murder	ˈmʊːɖər
murdoch	ˈmʊɾɔk
murdock	ˈmʊɾdɔk
mure	mˈʉrə
muren	ˈmʉːrən
murene	muːɾənə
muriel	ˈmʉːrɪɛl
murmansk	ˈmʊɾmɑŋsk
murmeldyr	myrmældir
murmeldyr	ˈmʊɾmɛldʏɾ
murph	ɱʉɾf
murphyen	ˈmʊrfiən
murray	ˈmʊrɑɪ
murrays	ˈmʊrɛs
murre	ˈmʉɾə
murrell	ˈmʉrəl
mursteinene	ˈmʉːrˌʃtaɪnə
murtaugh	ˈmʊʈɑː
murvegg	ˈmʉːɾʋɛgː
mus	muːs
musa	muːsɑ
muscle	ˈmʉʃəl
muse	muːsə
museer	ˈmʉːsəɾ
museet	ˈmyːsət
musen	ˈmʉːsən
musene	ˈmʉ̂sənə
musestille	ˈmʉːsəstɪlə
museum	mʉsˈɛʉm
museum	mʉˈseːʉm
museumet	ˈmʉːsɪʉ̯mət
mush	muʂ
mushu	muːʃuː
musical	ˈmjʉːsɪkəl
musical	ˈmʉʃɪkəl
musikal	ˈmʉʃɪkɑːl
musikalen	ˈmʉːsɪkɑːlən
musikaler	ˈmʉːsɪkɑːlɛɾ
musikalsk	mʉsɪˈkɑːlsk
musikalske	ˈmʉːsɪkɑːlʃə
musiker	mʏ̞sʲiçɪ̞r
musiker	ˈmʏskəɾ
musikere	musikɪ̞ɾɛ
musikere	ˈmʉsɪkəɾə
musikeren	ˈmʉːsɪkəɾən
musikerne	ˈmʏskəʁnə
musikk	mʉˈsɪk
musikk	ˈmʉʂɪk
musikkbransjen	ˈmʉʂɪkˌbrɑnʃən
musikken	mʉsɪkːin
musikkens	ˈmʉʂɪkəns
musikkforretning	mʉːˈsɪkfɔɾətnɪŋ
musikkorps	musikkorps
musikksmak	ˈmʉːkʰsmaːk
musikkvideo	ˈmʉʂɪkˈviːdøː
musk	ʊʂk
muskat	mʉskatː
muskat	ˈmʉskɑt
muskatnøtt	ˈmʉskɑtnœt
muskatnøtta	myskatˑnøtːa
muskatnøtten	mʉskadnø̞tːən
muskatrasp	mʲiskatrosp
muskel	ˈmʉskəl
muskel	ˈmʉʃəl
muskelavslappende	ˈmʉskəlɑːvslɑːpɛn̩d̥ə
muskelbunt	ˈmʉskəlbʉnt
muskelen	ˈmʉskələn
musketer	ˈmʉskətər
musketeren	ˈmʉskətəɾən
musketerene	ˈmʉskətəˌɾənə
muskett	ˈmʉskɛt
muskulær	mʉskʉˈlæːɾ
muskuløs	mʉskʉˈløːs
muskuløs	ˈmʉskʉlœs
muskuløse	ˈmʉskʉlœsə
musli	ˈmʉsli
muslim	ˈmʉʂlɪm
muslimene	ˈmʉʂlɪmənə
muslimsk	mʉˈsliːmsk
muslimske	ˈmʉʂlɪskə
musling	ˈmʉːslɪŋ
muslingen	mˈʉʃlˈɪŋən
muslingene	ˈmʉ̂sliŋənə
muslinger	ˈmʉʂlɪŋər
mussolini	ˈmʉ̂sːʉlɪnɪ
must	ʋʉʃt
mustafa	ˈmʉstɑfɑ
mustang	ˈmʉstɑŋ
mustangen	ˈmʉstɑŋn̩
mustanger	ˈmʉstɑŋər
mustapha	ˈmʉstɑfɑ
mustasje	ˈmʉstɑʃə
mutant	ˈmʉːtɑnt
mutanten	ˈmʉtɑntən
mutantene	ˈmʉːtɑntənə
mutanter	ˈmʉtɑntər
mutasjon	ˈmʉːtɑsjɔn
mutasjoner	ˈmʉːtɑsjʊnəɾ
muterer	ˈmʉːtərər
mutert	ˈmʉːtəɾt
muterte	ˈmʉːtəɾtə
mutt	ʋʉtː
muttaqi	ˈmʉttɑki
mutter	ˈmʉtːər
muttern	ˈmʉtːɳ
muy	muːʏ
mycroft	ˈmʏkrɔft
mye	migɛ
mye	miː
mye	ˈmyːə
mygg	mʏg
myggen	ˈmʏgːən
myggene	mʲekːʲiːnæ
myk	myːk
myk	ʏk
myke	ˈmyːkə
mykere	ˈmyːkərə
mykeste	ˈmʏkəstə
mykne	ʏknə
myknet	ʏkˈnɛt
mykost	myːkʊst
mykporno	mikpuɾno
mykt	ʏkt
mylady	ˈmʏlɑːdʏ
mylder	mɪldˈir
myldre	ˈmʏldɾə
mylene	ˈmʏːlən
myndig	ˈmʏndɪ
myndige	ˈmʏnɪə
myndigere	ˈmʏnɪɾə
myndighet	ˈmʏnɪheːt
myndigheten	ˈmʏndɪghətn̩
myndighetene	ˈmʏ̀ːndɪçətə
myndighetenes	ˈmʏndɪghətənəs
myndigheter	ˈmʏndɪçtəʁ
myndigst	ˈmʏnɪkst
myndigste	ˈmʏnɪkstə
myndling	ˈmʏndlɪŋ
mynt	ment
mynt	mʏnt
mynta	mintˈa
mynte	ʋʏntə
mynte	ˈmʏntə
mynten	ˈmʏntn̩
myntene	ˈmʏntənə
mynter	ˈmʏntər
myntet	ˈmʏntət
myntvaskeri	ˈmʏntʋɑskəɾiː
myr	mig
myr	myːɾ
myrcella	ˈmʏɾtʃɛlːə
myrde	ˈmʏɾdə
myrder	ˈmʏːɖəɾ
myrdes	ˈmʏːɾdəs
myrdet	ˈmʏɾdət
myrna	ˈmʏːrna
myron	ˈmyːrɔn
myrtle	ʏːɾtlə
myse	misa
myse	ˈmyːsə
mysen	mɪsən
myshkin	ˈmʏʃkɪn
mysost	misust
myspace	ˈmʏspɛɪs
mysteriekammeret	ˈmʏstɛɾiːkɑmɛɾ
mysteriene	ˈmʏstəɾiənə
mysterier	mistiˈɾi
mysterier	ˈmʏstəɾɪəɾ
mysteriet	ˈmʏstəɾiːə
mysterium	ˈmʏstəɾiʊm
mystery	ˈmʏstɛʁi
mystikk	ˈmʏstɪk
mystikken	ˈmʏstɪkən
mystisk	ˈmʏstɪsk
mystiske	ˈmʏstɪskə
myte	myːtə
myten	ˈmʏtən
mytene	ˈmʏtnə
myter	ˈmʏtər
mytisk	ˈmʏtɪsk
mytiske	ˈmʏtɪskə
mytologi	ˈmʏtɔlɔgi
mytologisk	mitologis
mytologisk	mʏtʊˈloːgɪsk
mytteri	ˈmʏtːəɾɪ
mytteriet	ˈmʏtːəɾɪt
mà	maː
má	maː
må	moː
måde	moːd̥ə
måfå	ˈmoːfɔ
måiet	ˈmoːjət
måke	ˈmoːkə
måke	ˈmɔːkə
måken	mˈoːkən
måken	ˈmôːkən
måkene	ˈmɔːkənə
måker	ˈmoːkər
mål	moːl
målbar	mɔɫbaːr
målbevisst	moːlbɛʋɪʃt
målbevisst	ˈmoːlbəʋɪst
måle	moːlə
måle	ˈmoːlə
målene	moːləne
målene	ˈmoːlənə
måler	ˈmoːləɾ
måleren	moːləɾən
måles	moːləs
målestokk	moːləstɔk
målestokken	moːləstɔkən
målet	molːə
målet	moːlət
målet	ˈmoːlə
målets	moːlɛs
måling	moːlɪŋ
målingene	moːlɪŋənə
målinger	ˈmoːlɪŋər
mållinjen	ˈmɔlːɪnʏːn
målmann	moːlmɑn
målområdet	moːlɔmʁɔːd
målrettet	ˈmoːlɾɛtət
målskive	moːɭskɪʋə
målskiven	moːɭskɪʋn
målstreken	moːlstɾɛkn̩
målt	moːlt
målte	moːltə
måltid	moːltiːd
måltidene	moltiːðˈne
måltidene	moːltiːdən
måltider	moːltiːɖər
måltidet	moːltiːd̥
måne	moːnə
måne	ˈmoːnə
måned	mˈoːnəd
måned	ˈmoːnə
måned	ˈmoːnəd
måneden	ˈmoːnəɳ
månedens	ˈmoːnəɳ
måneder	ˈmoːnəɖəɾ
måneders	ˈmoːnədəʂ
månedlig	ˈmoːnəɫ
månedlige	ˈmoːnədlɪə
månedlige	ˈmoːnɛldɪgə
månedligere	ˈmoːnədlɪɾə
måneds	ˈmøːnəʂ
månedsvis	ˈmøːnəɖsʋiːs
månelandingen	ˈmɔːnəlɑnˌdiŋən
månelys	ˈmɔːnəlʏs
månelyset	ˈmoːnəlɪsɛt
månelyst	monelist
månen	ˈmoːnən
månene	ˈmoːnənə
måner	ˈmɔːnər
måneskinnet	ˈmɔːnəsçɪnət
månestein	ˈmoːnəʃtaɪn
måns	mans
måpe	ˈmoːpə
mår	moːr
måse	moːsə
måsen	mˌɔːsən
måte	moːtə
måte	ˈmoːtə
måten	moːtən
måtene	moːtənə
måter	moːtər
måtte	moːtə
mæle	ˈmæːlə
mø	mø
møbel	møbəl
møbel	ˈmøːbəl
møbelsnekkerne	mˈøːbəlsnˈɛkarnə
møblene	ˈmœblənə
møbler	møbler
møbler	ˈmœbləɾ
møblere	mœˈbleːɾə
møblert	ˈmœbləɾt
mødre	mødrø
mødre	ˈmœ́ːdrə
mødrene	møðrɛnø
mødrene	ˈmøːɖɾənə
møkk	mœk
møkka	mœkka
møkkete	ˈmœkətə
møkkete	ˈmœkːətə
mølet	ˈmøːlət
mølla	ˈmœlə
mølle	mˈølːə
mølle	ˈmœ̂lə
møllen	ˈmœ̂lən
møller	ˈmœ̂lːər
møllkuler	ˈmœlːkʉːlɛ
møne	ˈmøːnə
mønje	ˈmœnjə
mønster	mˈœnstɪr
mønster	ˈmœnstər
mønster	ˈmœnstəɾ
mønsteret	ˈmœnstərət
mønstre	ˈmœnstɾə
mønstrene	mʏ̞nʂtʲrʲɪnʲɪ
mønstrene	ˈmœnstɾənə
mønstret	mˈɵnstrət
mønstret	ˈmœnstrət
mør	møːɾ
mør	mœɾ
mørbanket	ˈmœɾbɑŋkət
mørgen	ˈmørgn̩
mørk	mœɾk
mørke	ˈmørkə
mørke	ˈmœɾkə
mørkeblå	mœɾkə
mørkere	ˈmœɾkəɾə
mørkeredd	ˈmørkəɾɛd
mørkerommet	ˈmørkəɾʊmət
mørkest	ˈmœɾkəst
mørkeste	ˈmœ́rkəstə
mørket	ˈmørkət
mørkets	ˈmœ́ːrkəts
mørkhudet	ˈmœɾkʰʉːt
mørkhåret	ˈmœ́rçɑːɾɛt
mørklegge	ˈmœɾklæɪə
mørkleggelsen	ˈmœ́ɾklegəlsən
mørklegging	ˈmœɾkəlɪŋ
mørkredd	ˈmœɾkɾɛd
mørkt	mœɾkt
mørt	ʋœɾt
møt	møːt
møte	ˈmøːtə
møtene	ˈmøːtənə
møteplass	ˈmøːtəplɑs
møteplassen	ˈmøːtəˌplɑsːn̩
møter	møːtˢeːr
møter	ˈmøːtər
møterom	ˈmøːtəɾʊm
møterommet	ˈmøːtəɾɔmːə
møtes	mˈøtəs
møtes	ˈmøːtəs
møtested	ˈmøːtəstɛː
møtet	ˈmøːtə
møtt	møːt
møtt	mœt
møtte	mœtə
møttes	ˈmœtəs
møydommen	ˈmøɪ̯dɔmən
møysommelig	mœjˈsɔməlɪ
møysommelige	mœjˈsɔməlɪə
møysommeligst	mœjˈsɔməlɪkst
møysommeligste	mœjˈsɔməlɪkstə
münchen	ˈmœ̂nçən
münchhausen	ˈmœ̂ntʃɑ̊ʊ̯sən
müntze	mʉ̂nʈsə
n	n
n	n̩
n-ordet	ˈnɔɾdət
n-woo	nuː
n0e	nøː
na	nɑ
naberius	ˈnɑːbərɪʊs
nabil	ˈnɑːbɪl
nabo	ˈnɑːbʊ
naboen	ˈnɑːbʊən
naboer	ˈnɑːbʊər
nabogutten	ˈnɑːbɔgʉtːn̩
nabohuset	ˈnɑːbʊsət
nabokona	naːbukuːna
nabokoner	nabukuːnɯ̞r
nabolagene	ˈnɑːbʊlɑːgn̩ə
nabolagets	ˈnɑːbʊlɑːgəts
naboo	ˈnɑːbuː
naboområde	naːbuːʊmroːda
naborommet	ˈnɑːbʊrɔmət
nacho	nɑço
nachspiel	nɑːçʃpiːl
nadal	ˈnɑːdɑl
nade	ˈnɑːd̥ə
nadia	natja
nadia	ˈnɑːdiɑ
nadine	nɑːdɪnə
nadja	ˈnɑɖjɑ
naer	neːɾ
naermere	ˈnæːməɾə
nag	naːg
nagasaki	ˈnɑːgɑːsɪkɪ
nagata	ˈnɑːgɑːtɑ
nagel	ˈnɑːgəl
nagle	naːglə
nagle	ˈnɑglə
naglene	ˈnɑːgləne
nagler	ˈnɑːɭər
naglet	nɑglɛt
nagus	ˈnɑːgʉs
nah	naː
naian	ˈnæɪən
naihla	nai̯ɬa
naile	neiʝɑ
naima	nɑɪma
naiv	naʲiu
naiv	nɑˈiːʋ
naiv	ˈnæɪːʋ
nakagawa	ˈnɑːkɑːgɑːʋɑ
nakamoto	ˈnɑːkɑːmɔtʊ
nakamura	ˈnɑːkʊmɑːɾʉ
naken	nˈakən
naken	ˈnɑːkn̩
naken	ˈnɑːkən
nakenbilder	ˈnɑːkəmbɪɖər
nakenhet	ˈnɑːkənhɛt
nakent	nɑːknt
nakent	ˈnɑːkənt
nakke	nakə
nakke	nʊ̞kːɪ̞
nakke	ˈnɑkə
nakken	nakn̩
nakkene	nɑkgʏ̞nɑ
nakne	naknə
nakne	ˈnɑːknə
naknere	ˈnɑːknəɾə
naknest	ˈnɑːknəst
nam	nam
nam-nam	nɑːmnɑːm
namdalen	naːm˧˥tɔːŋ˧
name	neːm
namsos	namsos
nan	nɑːn
nana	ˈnɑːnɑ
nanahara	ˈnɑːnɑːrɑː
nanaka	ˈnɑːnɑkɑ
nanda	ˈnɑnda
nando	ˈnɑ̀ːn̪d̪uː
nanittene	ˈnɑːnɪtənə
nanitter	ˈnɑːnɪtər
nanjing	ˈnɑ̀ŋkɪ
nanna	nˈanna
nanna	ˈnɑnːə
nanny	ˈnɑnːi
nano	ˈnɑːnʊ
nansen	naːnsˌ
nantucket	ˈnæntʊkɛt
naomi	ˈnɑːʊmɪ
napa	nɑːpɑ
napalm	napɑlm
napapijri	nopapiri
napier	ˈnɑːpɪɚ
naples	naplɛs
napoieon	ˈnɑːpɔɪən
napoleon	ˈnɑːpɔ̀ləʊ̯n
napoli	ˈnɑːpuli
napp	nap
nappe	ˈnɑpə
napper	napːr
nappet	napːt
napster	nɑpstɛr
nar	nɑːr
narcisse	ˈnɑɾsɪsə
naritsugu	ˈnɑːrɪtsgʉ
narkis	ˈnɑɾkɪs
narko	ˈnɑrkoː
narkobaron	narkuparun
narkobaron	ˈnɑrkoˌbɑːrɔn
narkoen	ˈnɑːrkoːən
narkohaiene	ˈnɑːɾkohæɪ̯nə
narkohaier	ˈnɑɾkʰoɑɪ̯ɾ
narkohandel	ˈnɑrkoˌhɑːnəl
narkohandelen	ˈnɑrkoˌhɑndələn
narkohandler	ˈnɑːrkoˌhɑ̀ndlɐ
narkohandlere	ˈnɑːrkoˌhɑːnləɾə
narkolanger	norkulaŋgeɾ
narkolanger	ˈnɑːrkoˌlɑŋər
narkoman	norkumɔn
narkoman	nɑɾkʊˈmɑːn
narkoman	ˈnɑːɾkɔmɑn
narkomane	ˈnɑɾkʊmɑːnə
narkopenger	ˈnɑːrkɔpɛŋər
narkopolitiet	ˈnɑːrkoˌpɔlɪtɛ
narkoreir	ˈnɑːrkoɾæɪ̯ɾ
narkose	ˈnɑɾkʊsə
narkoselege	narkosɛlɛgjɛ
narkosen	ˈnɑɾkʉsn̩
narkosmugler	naɾkʊsmʲɪgːɪ̞r
narkosmuglere	ˈnɑːrkɔsmʉgləɾə
narkosmugling	ˈnɑːrkɔsmʉglɪŋ
narkotika	ˈnɑːrkɔtɪka
narkotikaavdelingen	ˈnɑːrkɔtikaɑːvdəlɪŋ
narkotikaen	ˈnɑrkɔtɪkaːn
narkotikahandel	ˈnɑːrkɔtiːkɑˈhɑːndəl
narkotikahandelen	ˈnɑːrkɔtikaˌhɑːndələn
narkotikapolitiet	ˈnɑːrkoːtɪkɑːpɔlɪtɪə
narkotikasmugler	ˈnɑːrkɔtiːksmʉːglər
narkotikum	ˈnɑːrkɔtɪkʉm
narkovrak	ˈnɑːrkɔvrɑk
narnia	ˈnɑːrniːə
narr	nɑɾ
narr	ˈnɑrː
narre	ˈnɑrːə
narre	ˈnɑɾə
narren	ˈnɑrən
narrer	ˈnɑrːər
narrespill	ˈnæːɾəspɪl
narret	ˈnɑːrət
narsissist	naʃisˈɪst
narsissist	ˈnɑːrsɪsɪst
narsissistisk	ˈnɑɾsɪsɪstɪsk
narvik	nˈɑrvik
nas	nɑːs
nasa	ˈnɑːsɑ
nasaret	ˈnɑːsɑːɾɛt
nasas	ˈnɑsɑs
nascimento	ˈnɑːsmɪʃu
naseri	ˈnɑːsəɾɪ
nashville	ˈnæʃvɪl
nasir	ˈnɑːsɪr
nasjon	ˈnɑʃuːn
nasjonal	naʃˈɔnal
nasjonal	nɑʂʊˈnɑːl
nasjonal	ˈnɑʃnɑl
nasjonalbanken	ˈnɑʃnɑlˌbɑŋkən
nasjonaldag	ˈnɑʃʊnɑlˌdɑg
nasjonaldagen	ˈnɑʃʊnɑlˌdaːgən
nasjonaldrakt	naʃonaɫdrakt
nasjonale	ˈnɑʃʊnɑːlə
nasjonalgarden	ˈnɑʃnɑlgɑɾən
nasjonalitet	ˈnɑʃnɑlɪˌheːt
nasjonalpark	nɑʂʊˈnɑːlpɑɾk
nasjonalsangen	ˈnɑʃʊnɑlˌsɑŋn̩
nasjonalskatt	ˈnɑʃʊnɑlˌskɑt
nasjonalt	ˈnɑʃʊnɑlt
nasjonen	ˈnɑʃjʊnə
nasjonene	ˈnɑʃʉnəne
nasjonens	ˈnɑʃʉnəns
naske	ˈnɑskə
naske	ˈnɑʃkə
nasket	ˈnɑskət
nasking	ˈnɑʃɪŋ
nassar	ˈnɑsɑr
nassau	ˈnɑːsɑʊ
nassaus	ˈnɑːsɔʂ
nasse	nasə
nasser	ˈnɑsər
nassrin	ˈnɑʂrɪn
nat	nat
natalia	ˈnɑːtɑːlɪɑː
natalie	ˈnɑːtɑːliː
natalya	ˈnɑːtɑljɑ
natasha	ˈnɑtɑʃɑ
natasja	ˈnɑtɑʃɑ
nate	natə
nately	ˈnæːtli
nates	nɑtəs
nathalie	ˈnɑːtli
nathan	ˈnɑːtʰɑn
nathaniel	ˈnɑːtʰɑːni̯ɛl
nathans	ˈnɑːtʰɑns
nathe	ˈnɑːtə
nato	ˈnɑːtʊ
natos	ˈnɑtɔs
natrium	ˈnɑːtriʊm
natron	ˈnɑːtrɔn
natta	natːa
nattakos	nattakuz
nattbord	nɑtbuːɾ
nattehimmelen	ˈnɑːtəhɪˌmələn
natten	ˈnɑtːən
nattens	ˈnɑtːən̩s
nattergal	ˈnɑtːɛgɑːl
nattergalen	ˈnɑtːəgɑːlən
nattestid	ˈnɑtːəstɪd
nattesøvnen	ˈnɑtːsœʋn̩
nattevakt	ˈnɑtːəʋɑkt
nattevakten	ˈnɑtːəʋɑktən
nattflyet	ˈnɑtːflyːə
natti	ˈnɑtɪ
nattkjolen	ˈnɑtʃʉːlən
nattklubb	nɑtklʉb
nattklubb	ˈnɑtːklʉb
nattklubben	ˈnɑtklʉbən
nattklubber	ˈnɑtklʉbər
nattlig	ˈnɑːtlɪ
nattlige	ˈnɑtːlɪgə
nattmat	natmɑt
natts	natʂ
nattskift	ˈnɑtːʃɪft
nattskiftet	ˈnɑtːʃɪftə
nattsyn	natːsʏn
nattverd	ˈnɑtːʋæɾ
nattverden	ˈnɑtːvɛɾn̩
natur	ˈnɑtʉʁ
naturen	ˈnɑʈʉːn
naturene	natˈuːrənə
naturens	ˈnɑtʉːn̩s
naturfag	ˈnɑːtʉɾfɑːg
naturgass	ˈnɑːtʉgɑs
naturiigvis	ˈnɑtʉɾiːgʋiːs
naturkostbutikk	nɑˈtʉɾkɔstbʉtɪk
naturkraft	ˈnɑːtʉrkrɑft
naturlig	nɑˈtʉːɭɪ
naturlige	nɑˈtʉːɭɪə
naturlige	ˈnɑːtʉːlɪgə
naturligere	nɑˈtʉːɭɪɾə
naturligste	nɑˈtʉːɭɪkstə
naturligvis	nɑˈtʉːɭɪʋiːs
naturlovene	ˈnɑːtʉlɔʋənə
naturtalent	ˈnɑːtʉɾtɑːlɛnt
nauer	nuːɾ
naut	næwt
nautilus	ˈnɑʉtɪlʊs
nautiske	ˈnɔʉtɪskə
nav	nɑːv
navabi	ˈnɑːvɑːbɪ
navarra	ˈnɑːvɑrɑ
navarro	ˈnɑːvɑroː
naveed	ˈnɑːʋeː
naveen	ˈnɑːvən
navet	ˈnɑːvət
navid	ˈnɑːvɪd
navigasjon	ˈnɑːʋɪgɑːʃuːn
navigatør	ˈnɑːʋɪgɑːtøːr
navigatøren	ˈnɑːʋɪgɑːtøːɾən
navigere	nɑʋɪˈgeːɾə
navigere	ˈnɑːvɪgəɾə
navigerer	ˈnɑːʋɪgəɾəɾ
navigeringssystem	nɔʋigɛrɪŋsʏstɛm
navle	ˈnɑʋlə
navle	ˈnɑːvlə
navlebeskuende	ˈnɑʋləbəskʉːənə
navlen	ˈnɑːvlən
navlestrengen	ˈnɑːʋləstrɛŋn̩
navn	nɑvn
navn	nɑʋn̩
navne	navnɑ
navnedag	ˈnɑːʋnəˌdɑːg
navnekort	nɑvnɛkɔtː
navneskilt	ˈnæʋnəʃkɪlt
navnet	ˈnɑːvn̩t
navnga	ˈnɑʋŋɑ
navngi	ˈnɑʋnjiː
navngi	ˈnɑʋŋi
navngir	nɑvngiɾ
navngitt	ˈnɑːvngɪt
navnløs	ˈnɑːvnluːs
navnløse	ˈnɑːvnløːsə
navorski	ˈnɑːvɔʃkɪ
nayan	ˈnɑːjɑn
naz	naːs
nazir	ˈnɑːtsɪr
nazirs	ˈnɑːsɪʂ
nazismen	ˈnɑʃɪsm̩
nazist	ˈnɑsɪst
nazistene	nɔsistnɛ
nazistene	ˈnɑsɪstənə
nazistenes	ˈnɑʃɪtənəs
nazister	ˈnɑʂɪstɛr
nazistiske	ˈnɑːsɪstɪskə
nb	nb
nb-sub	nb̥ʉb
nba	nbɑː
neai	neːɪ
neal	neːɭ
neals	neːɬs
neandertaler	ˈnæ̀ːndɛɾtɑːlɛɾ
neary	neːɾʏ
neb	neb
nebb	neːb
nebb	nɛb
nebbet	neːbət
nebbete	næbːɪ̞tə
nebraska	ˈneːbɾɑska
ned	neːd
ned	nˈɛt
nedbetale	nɛdbɛˈtɑːlə
nedbetaling	ˈnɛːbətɑːlɪŋ
nedbetalt	ˈnɛːbətɑlt
nedbrent	ˈnɛːbɾɛnt
nedbrutt	nɛdbʁʉt
nedbrutt	ˈneːdbɾʉt
nedbrøt	nˈɛbrøt
nedbør	ˈnɛːbøːr
neddopet	ˈnɛːd̥ʊpət
neddy	neɪɛ
nede	nedˈɑ
nede	neːdə
nede	neːd̥ə
nedenfor	neːdənfɔɾ
nedenfra	ˈneːdənfra
nedenom	nɛːdənɔm
nedentil	nˈeːdntˈɪl
nedenunder	ˈneːdənʉnːər
nederlag	ˈneːdərlɑg
nederlaget	ˈneːdərɑlɛkt
nederlandsk	nɛdɛrlɑnˈtsk
nederlandsk	ˈneːdəɭɑnsk
nederlandske	ˈneːdəlɑnskə
nederlender	nˈɛdɛlˌeːnər
nederlenderne	ˈneːdəlɛndəɳə
nederlending	nˈɛdːɛlənnɛŋ
nederst	nɛðist
nederst	ˈneːdɛʂ
nederste	ˈneːdɛʂtə
nedfall	ˈnɛːfal
nedfallet	ˈnɛɛ̯fɑlət
nedfor	ˈnɛːfɔːr
nedgang	nɛgɑŋ
nedgangen	ˈnæɪ̯gən
nedgangstider	ˈnɛːgɑŋstɪːɖəɾ
nedgravd	ˈnɛːgrɑːʋ
nedgravet	nɛgraːvət
nedi	neːdɪ
nedkjempe	nˈɛkˈɛmpə
nedkjempe	ˈnæɪ̯çjæmpə
nedkjempet	ˈnæɪ̯çjɛmpət
nedlagte	ˈnæːlɑgtə
nedlasting	ˈnæːɭˌstɑŋ
nedlate	ˈneːdlɑːtə
nedlatende	ˈneːdlɑːtənə
nedlatende	ˈnæːɭɑːtənə
nedover	nɛːd̥ɔvər
nedoverbakke	ˈnæːd̥oːvərbɑkːə
nedre	nɛɖɾə
nedre	nˈɛdra
nedrig	nɛɖrɪ
nedrige	ˈnæɖɾɪːgə
nedrykk	nˈɛdrɪk
nedsette	ˈneːdsɛtə
nedskjæringene	ˈnɛtskjæːɾɪŋnə
nedskrevet	ˈnæɪ̯skɾeːʋət
nedslaget	ˈneːslagət
nedslitt	nətslətˈ
nedslående	ˈneːdʂɭoːənə
nedslått	ˈnɛːslɔt
nedsmelting	ˈnæ̀ːsmɛltɪŋ
nedstemme	ˈneːdstɛmə
nedstemt	ˈneːdstɛmt
nedstemt	ˈnæ̀ːstɛmt
nedstigningen	ˈnæːstɪŋɪŋ
nedstrøms	ˈnɛːstɾøːms
nedtelling	nˈɛtælˈlɪŋ
nedtelling	ˈnɛtːlɪŋ
nedtrykt	ˈnæːdrʏkt
nedturen	ˈnæːtʉːɾən
nedturer	ˈnæːtʉːr
nedverdige	nˈɛværdigɐ
nedverdige	ˈneːdʋæɖɪgə
nedverdigende	nˈeːvɛɾdɪgɪnˈeː
nedverdigende	ˈnɛːvərdiːgənə
nedverdiget	ˈnɛːvərdiːgət
needle	niːɭə
needles	niːdəl̥
neeei	neː
neelix	neːlɪks
neely	neːɭɪ
nef	neːf
negativ	ˈneːgɑtɪʋ
negative	nɛgɛtɪvɛ
negative	ˈnɛgətɪv
negativiteten	ˈneːgatɪvɪtən
negativt	ˈneːgɑtɪft
neger	neːgər
neger	nẽːgʲiːr
negere	ˈneːgəɾə
negeren	ˈneːgəɾən
negl	neːgl
negl	nɑjl
negleklipperne	najlˈeːkliːpparna
neglen	neːglɛn
neglene	neːglənə
negler	neːgləɾ
neglisje	nɛgliʃe
neglisjere	nəglɪˈʂeːɾə
neglisjert	neːglɪʃɛɾt
negre	neːgrɛ
negrer	neːgrər
negro	neːgrʊ
nei	naj
nei	næɪ
neida	neɪ̯da
neie	neːə
neil	neɪl
neill	neɪl
neils	neɪls
neiman	neɪ̯man
neimen	neːmən
nein	neːn
neivel	neɪ̯vəl
nej	neː
nek	neːk
nekrolog	neːkɾɔlɔg
nekt	neːkt
nektar	neːkʰtɑːr
nektariner	nɛktaːriːnər
nekte	nakta
nekte	neːktə
nekte	ˈnɛktə
nektes	neːk'tɛs
nektet	nˈɛktət
nektet	ˈnɛktət
nell	nɛɭ
nella	neːɭɑ
nellie	neɭː
nellik	ˈnɛlːɪk
nelliker	nɛlːɪkɛɾ
nelly	nɛlːi
nels	nɛls
nelson	nɛlsɔn
nelsons	ˈnɛlsɔns
nemerov	ˈnɛːməɾɔʋ
nemesis	ˈnɛːmɛsɪs
nemeton	ˈnɛːmətɔn
nemlig	nɛmlɪ
nemnd	nɛmd
nemos	nemos
nemt	nˈɛmt
nena	ˈnæːnɑ
nenne	ˈnɛnːə
neo	neːʊ
neolusjonen	ˈnæʊ̯ːlʉʃʉn
neon	neːɔn
neonskilt	nøːnskɪlt
nepal	neːpɑːl
nepen	nˈɛpən
neper	neːpər
neper	nɛːpɨr
nepotisme	nɛpɔtismɛ
nepotisme	ˈnɛːpɔtɪsmə
neppe	neːp̚pə
neptun	neːptʉn
neptun	nɛptɛn
neptune	nɛptʉːn
neptuns	nɛptʊns
ner	neːr
nerd	neːɖ
nerdene	ˈnæɾdənə
nerdete	ˈnæɾdətə
neri	neːɾɪ
nermin	ˈnæɾmɪn
nero	neːɾuː
neros	ˈnæːɾɔs
nerve	neːɾvə
nerve	næɾʋə
nervebanene	ˈnæɾvəbɑːnə
nervegass	ˈnæːɾʋægɑs
nerven	ˈnæɾʋən
nervene	ˈnɛʋnə
nervesammenbrudd	ˈnæɾvəˌsɑmbɾʉː
nervesystem	ˈnæɾvəˌsystm
nervevrak	nɛrvɛvrɑːk
nervevrak	ˈnæɾvəʋɾɑk
nervøs	næɾˈʋøːs
nervøse	nˈɛrvøːsa
nervøse	ˈnæɾvøːsə
nervøsitet	ˈnæɾʋøːsɪtə
nervøst	nʲɛrˈvøːst
nervøst	ˈnæɾvøst
nerys	ˈnæɾʏs
nesa	neːsɑ
nesa	nˈɛsa
nesbru	nˈɛsbrʉ
nese	neːsə
nese	nˈeːs
nese	ˈneːsə
nesebein	nesɛbˈaɪn
neseblod	ˈneːsəblɔː
nesebor	ˈneːsəbuːɾ
nesebor	ˈneːsəˌbɔːr
neseborene	ˈneːsəˌbuːrənə
nesen	neːsən
nesene	neːsənə
nesene	nɛsnɛ
neser	neːsər
neser	nɛsɨr
neset	nˈɛsˈa
nesevis	ˈneːsəʋiːs
nesevis	ˈneːsəʋɪs
neshorn	neːʃɔɳ
neshorn	ˈneːshuːɳ
neshov	neːʃɔʋ
nesib	neːsɪb
nesle	mæʃlæ
neslene	nɛʃlɛnɛ
ness	nɛs
nest	nˈɛst
neste	nɛstə
nestekjærlighet	ˈnɛstəçæɭɪgɛt
nestemann	nɛstɛman
nesten	nɛstən
nesten	ˈnɛstən
nestes	nestə
nestleder	ˈnɛsləɖəɾ
nestor	ˈnɛstɔr
nestsiste	ˈnɛstsɪstə
nestsjef	nesɕɛf
net	nɛt
nete	nɛːtə
netflix	ˈnɛtflɪks
netherfield	ˈnɛːtɛɾfɪld
neto	nɛtʊ
netopp	ˈnɛtɔp
nett	nɛt
nettbrett	nɛtbrɛt
nettbrettet	ˈnɛtbrɛt
nette	nɛt̪ːə
nettene	nɛtːnə
netter	nɛt̪ːɛr
netter	nˈɛtər
nettet	nˈɛtlˈɛ
nettet	ˈnɛtːə
netthandel	nˈɛthandəl
netthinne	nˈɛthˈɪnə
nettie	ˈnɛtːɪ
nettkort	nˈɛtkˈoːrt
nettmøte	nˈɛtmˈøːtə
netto	nɛtːo
netto	nˈɛtːo
nettop	nɛtɔp
nettopp	ˈnɛtɔp
nettprat	nˈɛtprat
nettprate	nətːpratːə
nettsamfunn	nˈɛtsamfˈɛn
nettselskap	nətːsəlskaːp
nettside	ˈnɛtsiːdə
nettside	ˈnɛtsɪdɛ
nettsiden	ˈnɛtːsɪdən
nettsider	ˈnɛtsɪdər
nettsted	ˈnɛtːstɛː
nettsteder	ˈnɛtstəðəɾ
nettstedet	nɛtstɛdət
nettverk	nˈɑtværk
nettverk	ˈnɛtːʋæɾk
nettverket	nˈɛtvərkˈɛ
nettverket	ˈnɛtːʋæɾk
neumann	nøːman
nevada	nevaːda
neve	neːʋə
neve	nˈɛva
neven	neːvən
nevenyttig	nɛːvɛnɪtːi
nevenyttig	ˈneːʋənʏtɪ
nevenyttig	ˈneːʋəˌnʏtːɪ
nevenyttigere	ˈneːʋənʏtɪɾə
never	nɛvər
never	ˈneːvər
neville	ˈnɛvəlɪ
nevins	neːʋɪns
nevn	neːvn
nevne	neːʋnə
nevner	neːʋnɛr
nevner	nˈɛvnər
nevnes	neːʋn̩s
nevnt	neːʋn̩t
nevnte	navnta
nevnte	neːʋn̩tə
nevrolog	ˈnæʋɾolɔg
nevrologisk	ˈnæʋɾolʊgɪsk
nevrologiske	ˈnæʋɾolɔgɪskə
nevrotisk	nɛvruːtɪsk
nevø	neːʋøː
nevøen	ˈnæʋøːən
nevøer	ˈnæʋøːr
newark	nuːɑrk
newcastle	nuːʃɛl
newell	nuːɛl
newland	nuːlɑn
newlin	nuːlɪn
newman	nuːmɑn
newport	nuːpɔʈ
news	nuːs
newsweek	nuːsʋiːk
newt	nuːt
newton	nuːtn̩
newtons	nuːtsɔn
next	nɛkst
nexus	neːkʉs
nez	neːs
ngo	ŋɔ
nguyen	ŋʉɪən
ni	niː
niagara	niːɑːgɑːɾ
niamh	niːɑːm
nic	niːk
nica	niːtʃɑ
nicaragua	nikɑɾuɑgʉ
niccolo	ˈnɪkəluː
nicholas	ˈniːkɔlɑs
nichols	niːxɔls
nicht	niçt
nick	niːk
nickerson	ˈnɪkəɾsɔn
nicki	ˈnɪkʃi
nicklas	ˈnɪklɑs
nicks	ɳɪkʰs
nico	niːkʊ
nicolas	ˈnɪkɔlɑs
nicole	niˈkuːlə
niebaum	niːbɑʊ̯m
niels	niːɛls
nielsen	niːlsən
nier	niːɾ
niere	niːɾə
niese	niːsə
niese	nˈes
niesen	niːsən
nieser	niːsər
nieses	niːsəs
niflheim	niːfl̥hæɪm
nifs	niːfs
nifs	nɪfs
nifse	niːfsə
nifst	niːfst
nifst	nˈɪfst
nige	niːgə
nigel	niːgəl
niger	nigɛr
niger	niːgɛɾ
niggas	nigɑs
nigger	ŋɪgər
niggeren	ˈnɪgəɾən
night	naɪt
nightingale	naɪtʃɪŋl
nightingale-morderen	ˈnɑɪ̯tçæɪ̯l̩ˌmoːɾən
nightmare	ˈnɑɪ̯tmeɪ̯ɾ
nights	naɪts
nik	niːk
nika	niːkɑ
nike	niːkə
niki	niːkɪ
nikita	ˈnɪkɪtɑ
nikk	nik
nikke	nikːə
nikke	nˈɪkːə
nikke	ˈnɪkə
nikkedukke	nikdɔkʉ
nikkel	nikːl
nikkel	ˈnɪkəl
nikker	nikːər
nikker	nˈɪkːɪd
nikket	nˈɪkːɪt
nikki	niːkɪ
niklas	niːklɑs
niklaus	ˈnɪklɑʊs
niko	niːkɔ
nikolai	niːkoːlɑːn
nikolai	ˈnɪkʊlɑɪ
nikolaj	ˈnɪkʊlɑɪ
nikolaus	niˈkɔ́ːlɔs
nikos	niːkɔs
nikotin	ˈnɪkɔtɪn
niks	niːks
nilaa	niːlaː
nilen	niːlən
niles	niːləs
niller	niːlɛr
nils	niːls
nilsen	niːlsən
nilsson	niːlsɔn
nilus	niːlʊs
nimbus	nimbʊs
nimitz	nimɪts
nimoy	nimɔʏ
nina	niːnə
ninas	niːnɑs
nine	niːn
niners	niːnɛʂ
ning	ŋɪŋ
ninja	niːɲa
ninjaer	ˈnɪnʃɑːr
ninni	niːni
nino	niːnʊ
nintendo	ˈnɪntɛnduː
niobe	niːɔ́ːbə
nippe	niːpə
nippe	ˈnɪpə
nipper	ˈnɪpːər
nippet	ˈnɪpət
nips	niːps
niro	niːɾʊ
nirvana	ˈnɪɾʋɑːnə
nise	nˈis
nishi	niʃi
nisje	nˈɪsa
nissan	ˈniːsɑn
nisse	nisə
nisse	ˈnɪsə
nissefar	nisəfaɾ
nissen	nisn̩
nissene	nisːə
nissens	nisːən
nisser	nisːɾ
niste	niːstə
nita	niːtɑ
nitiden	niːtɪdən
nitro	ˈnɪtɾʊ
nitrogen	ˈnɪtɾoːgən
nitroglyserin	ˈnɪtɾʊglʏsəɾɪn
nitroglyserinen	ˈnɪtɾʊglysəɾɪn
nitten	niːt̪n̩
nitten	nɪtən
nitti	nɪtɪ
nitti	ˈnɪti
nittini	ˈnɪtːɪnɪ
nivå	niːvoː
nivå	nɪˈʋoː
nivåene	niːvɔːənə
nivåer	ˈniːvɔːr
nivået	niːvoːt
nixons	ˈnɪksɔn
nizam	niːzɑm
niåring	niːɾɪŋ
nja	ɲɑ
njet	ɲɛt
nk	ŋk
no	nuː
noa	noː
noah	noː
noahs	nuːɑʃ
noas	noːs
nobby	ˈnɔbːə
nobelpris	nubɛlpris
nobelprisen	ˈnʊːbəlpriːsn̩
noble	nuːblə
nod	nɔː
nodene	nɔːdənə
nodt	nuːt
noe	nuːə
noel	nuːɛl
noelle	nuːɛlə
noen	nuːən
noen	nøːən
noen	ɳuːən
noengang	nøːŋɑŋ
noenlunde	nuːnˈlʉ̂nːə
noens	nuːns
noensinne	nøːsɪnə
noenting	nuːɛntɪŋ
nogales	nuːgɑːləs
nogitsune	ˈnɔgɪtsʉnə
nogitsunen	nugɪtsʉn
nok	nɔk
nok	nˈɔk
nokkelen	nɔkːəlɛn
nokså	nɔkˈsɔ
nola	nuːlə
nolan	nuːlɑn
noldus	nɔldʊs
nom	nɔm
nomad	ˈnɔmɑːd
nomader	ˈnɔ̀ːmɑːdər
nomar	ˈnʊmɑːr
nome	nomː
nomi	nomi
nomine	ˈnʊmɪnə
nominere	nʊmɪnɛɾɐ
nominerte	ˈnûːmɪnəɾtə
non	nɔn
nong	nɔŋ
nonne	ˈnɔnə
nonnegian	ˈnɔnəgɪɑn
nonnen	ˈnɔnːən
nonnene	ˈnɔnːənə
nonner	ˈnɔnːər
nonsens	nɔnsɛns
noodle	nuːdl̩
noonan	nuːn̥ɑn
noora	nuːɾɑ
noora	nʊra
nootka	nuːtka
nope	nuːp
nora	nurˈa
nora	nuːɾɑ
norad	ˈnɔːrɑːd
norbert	nɔɾbɛɾt
norbit	ˈnɔɾbɪt
norby	nurbe
norbye	nuːrbˈe
nord	nurʲ
nord	nuːɖ
nord-afrika	nuːɾd̥ɑːfɾɪkɑ
nord-amerika	nuɾd̥ɑmɛɾɪkɑ
nord-irland	nɔɾiɾlɑn
nord-nordvest	ˈnɔɾdnɔɾvest
nordamerikanske	ˈnɔ̀ːɾdɑmɛɾɪkɑŋkə
nordavinden	nɔɖɑviːn
nordenden	nuɾdɛnː
nordfra	nuɾɖfɾɑː
nordgående	nuːɾdgoːɳə
nordisk	nuɾdɪsk
nordisk	ˈnʊɖɪsk
nordiske	nuɾdiːskə
nordkapp	nuːɾkɑpː
nordkoster	nuɾkɔstər
nordlig	nɔɖlɪ
nordlige	nɔɖlɪgə
nordlyset	nɔɾɭʏsɛt
nordmann	nuːɾdmɑn
nordmannen	nuːɾmanːən
nordmark	nɔɾmɑɾk
nordmenn	nuːɾmɛn
nordmennene	ˈnɔɖmɛnːə
nordover	ˈnɔɖɔʋəɾ
nordre	ˈnɔɖɾə
nordsiden	nuːɾsɪdən
nordstrom	nuːɾ̥ʂtrɔm
nordvest	nɔɾdʋɛst
nordvestlige	ˈnɔɖʋɛstliːgə
nordvestre	nɔɾdʋɛstɾə
nordøstlige	ˈnɔɾdœʃliːgə
nordøstre	nuːɾdøːʂʈə
noreg	ˈnoːɾeːg
norfolk	ˈnɔɾfɔɭk
norge	morga
norge	nˈɔɹgɑ
norges	nuːɾgəs
noriega	ˈnɔːrjɛgɑ
norlander	ˈnɔːɭn̩dər
norm	nɔɾm
norma	nɔʁmɑ
normal	nɔrmɑːl
normal	nʊɾˈmɑːl
normale	ˈnɔ̀mɑːlə
normalen	ˈnɔ̀ːrmɑːlən
normalisere	nʊɾmɑlɪˈseːɾə
normalt	nʊɾˈmɑːlt
normalt	ˈnɔ̀ːml̩t
norman	ˈnɔmn̩
normandie	ˈnɔ̀ːrmɑndi
normen	ˈnɔ̀ːmn̩
normer	nɔʁmər
normere	nɔɾˈmeːɾə
norris	ˈnɔrɪs
norrland	ˈnɔrlɑn
norsk	nɔʂk
norsk	nʊ̞ʃk
norsk	nˈɔʁsk
norsk	ˈnɔʂk
norske	ˈnɔʂkə
norsub	ˈnɔʂʉːb
northman	ˈnɔɾtman
northmoor	nɔɾtmuːɾ
northwest	nɔɾtʋɛs
norton	ˈnɔʈn̩
norvegia	nʊɾvjɐgjɑ
norweglan	ˈnɔ̀ːrvɛglɑn
nostalgi	nɔstɑlgi
nostalgisk	nʊˈstɑlgɪsk
nostalgisk	ˈnɔstɑlɪʃ
nostradamus	nɔstrɑdɑmʉs
notarius	ˈnɔtɑɾɪʉs
notat	ˈnʊtɑt
notatbok	ˈnʊtɑtbɔk
notatet	ˈnɔtətə
notene	ˈnʊtənə
noter	ˈnʊtər
notere	nʊteˈrˈ
notere	ˈnʊtəɾə
notert	ˈnʊtəɾt
notis	ˈnʊtɪs
notisboken	ˈnʊtɪsbʊkən
notodden	nuːtɔtˈdan
notorious	ˈnɔtʊɾiɔs
notorisk	ˈnɔtʊɾɪsk
notre	ˈnɔ́tɾə
notre-dame	ˈnɔtʁəˌdæːm
notte	nɔtːə
nottingham	ˈnɔtɪŋhæm
notér	ˈnɔtəɾ
nov	nuːʋ
nova	nuːvɑ
nova	nˈoːvɑ
novak	nuːvɑk
novelle	novˈɛlə
novelle	nuˈvɛlə
novellen	nuːvələn
november	nˈɔvɛmbər
novick	nuːvɪk
novise	nuːvɪsə
nowhere	nuːʋɛɾ
noyaktig	ˈnœʏɑktɪ
noye	nuːjə
np	np
npr	npɾ
nr	nɾ̥
ns	ns
nsa	nsa
nsas	nsɑs
nt	nt
nts	nts
ntsb	ntsʉːb
nu	nuː
nuck	nʉk
nucky	nuːkʰi
nucleus	ˈnʉkleʉs
nudiststrand	nʉˈdɪststɾɑn
nudlene	nuːdl̥nə
nudler	nuːɭɛr
nuet	nuːt
nugent	nuːgənt
nugget	nugːət
nuggets	nugts
nuke	nuːk
null	nʉl
nullah	nʉlɑ
nulle	ˈnʉlə
nullene	nʉlːə
nullet	ˈnʉlːət
nullpunktet	nʉlpʉŋktə
nullstille	nʉlːstɪlə
nulltoleranse	nʉlːtʊlɛɾɑnsə
number	ˈnʉmbr̩
nummen	nʉmːən
nummer	ˈnʉmər
nummer	ˈnʊməɾ
nummerere	nʊməˈɾeːɾə
nummerert	ˈnʉməɾː
nummeret	nʉmɛrət
nummerskilt	ˈnʉmərskɪlt
nummerskilt	ˈnʊməʂɪlt
nummerskiltet	ˈnʉmːərskɪltət
numne	numːə
numra	nˈumra
numre	nˈumrˈ
numre	ˈnʉːmrə
numrene	ˈnʉmːrənə
nur	nuːr
nurit	nuːɾɪt
nuru	nuːɾʉ
nuss	nˈɛ
nuys	nuːʏs
ny	niː
ny	nyː
ny-guinea	nyːgɪˈnøːə
nyah	ɲɑː
nyankomne	ɲɑŋkɔmnə
nyanse	ˈnŷnsə
nyanser	ˈnyɑ̀nsər
nyansert	nɪːansˈɛt
nyansert	ˈnyːansɛɾt
nybakt	nybɑkt
nybakte	nyːbɑːktə
nybegynnere	ˈnʏːbæɪ̯nɪɾə
nybegynnerfeil	ˈnʏːbæɪ̯nːərfɛɪ̯l
nybegynnerflaks	ˈnʏːbæɪ̯nːərflɑks
nyberg	nyːbær
nyborg	nyːbɔɾg
nyborgs	ˈnʏːbɔrks
nybygger	ˈnyːbʏgːər
nybyggere	ˈnyːbʏgərə
nydelig	nyːdəlɪ
nydelig	ˈnyːdəlɪ
nydelige	nyːdəlɪgə
nydelige	ˈnyːdəlɪə
nydeligere	ˈnyːdəlɪɾə
nydeligste	nyːdəlɪçstə
nydeligste	ˈnyːdəlɪkstə
nye	nyː
nye	nyːə
nye	nˈiː
nyere	nyːɾə
nyeste	nyːɛst
nyfødte	nyːføːtə
nygaard	nʏgɑːɾ
nygift	nyːgɪft
nygifte	nyːgɪftə
nyheim	nˈyːhaɪm
nyhet	nyːhɛt
nyheten	nyːçtn̥
nyhetene	nyːhətən
nyheter	nyːˈhɛtər
nyhetsanker	niːhæːtsænkɪ̞r
nyhetsanker	nyːçtsɑŋkər
nyhetsbrev	nyːçtsbrɛːʋ
nyhetsbyrå	niːhɛtsbilo
nykker	ɳʏkːər
nykomling	ˈnyːkɔmlɪŋ
nykomlingen	ˈnyːkɔmlɪŋə
nykommer	nyːkʰɔmər
nykommere	ˈnykɔməɾə
nykommeren	ˈnyːkʊmərən
nykommerne	nyːkɔmɛʂnə
nykter	nyːktər
nylig	nyːlɪg
nylig	ˈnyːlɪ
nylige	nyːlɪgə
nylige	ˈnyːlɪə
nyligere	ˈnyːlɪɾə
nylon	ˈnʏlɔn
nymalt	nymɑlt
nyman	nymːan
nymfoman	nymfoman
nymotens	ˈnʏːmətəns
nynne	nyːnə
nynne	ˈnʏnə
nynner	ˈnʏːnːər
nynorsk	niːnɔʃk
nynorsk	ˈnyːnɔʂk
nyp	nʏp
nyra	nyːɾɑ
nyre	nyːɾə
nyrebelte	nyːɾəbɛltə
nyrebetennelse	nyːɾəbɛtɛnɛlsə
nyren	nyːɾən
nyrene	nyːɾənə
nyrer	nyːɾ
nyrestein	nyːrɛstɛɪn
nyrestein	nyːɾəstæɪn
nyresvikt	nyːɾəsvɪkt
nyrike	nyːɾɪkə
nys	nɪs
nys	nʏs
nyse	ˈnyːsə
nyser	ˈnʏːsər
nysgjerrigst	nʏˈʂæɾɪkst
nyskapende	ˈnʏːskɑːpənə
nyskilt	nyːʃɪlt
nyss	nʏs
nyss	nʏsː
nyssa	nyːsɑ
nyt	nyːt
nyte	nitˈæ
nyte	nyːtə
nyte	ˈnyːtə
nytelse	nitelsɛ
nytelse	nyːtəlsə
nytelsen	nyːtəlsn̩
nytelser	nyːtɛlsɐr
nyter	lɪːtr
nyter	nyːtər
nytt	nyːt
nytte	ɲʏtːə
nytte	ˈnʏtə
nytteløs	nyːtəløːs
nytteløse	ˈnʏtəløːsə
nytten	nyːt̪ːən
nytter	nyːt̪ːər
nyttet	nyːtː
nyttig	nyːtɪg
nyttig	ˈnʏtɪ
nyttige	nyːtɪgə
nyttige	ˈnʏtɪə
nyttigst	ˈnʏtɪkst
nyttigste	ˈnʏtɪkstə
nyttår	nyːtɔːr
nyttår	ˈnʏtoːɾ
nyu	nyː
nyvasket	nyːʋɑskɛt
nyx	nyder
nyår	njˈɔːr
nà	naː
nàr	ˈnɑːr
ná	naː
nár	naːr
nâ	naː
nã	ˈnɑː
nä	neː
när	neːr
nå	noː
nå	nɔ̃
nå	ˈnoː
nådd	ˈnɔd
nåde	ˈnoːdə
nåde	ˈnoːɖə
nådeløs	ˈnoːdəløːs
nådeløs	ˈnɔːdəløs
nådeløse	ˈnɔːdəløːsə
nådeløst	ˈnɔːdəløst
nåden	ˈnɔːdən
nådens	ˈnoːəns
nådes	ˈnoːds
nådestøtet	ˈnɔːɖəstœtə
nået	ˈnøːət
nåja	ˈnoːjɑ
nål	naːl
nål	noːl
nål	nɔːl
nålbinding	nɔːlvˈɪnɪŋ
nålestikk	ˈnoːləstɪk
når	naːr
når	nɔɾ
nårjeg	ˈnɑːrjɛg
nås	nos
nåtid	ˈnɔːtɪ
nåtida	ˈnoːtɪa
nåtiden	ˈnɔːtɪdən
nåtidens	ˈnɔːtɪdəns
nåvel	ˈnɔːʋəl
nåværende	ˈnoːʋæːɾənə
næ	næ
nær	neːr
nær	næːɾ
nære	ˈnæːɾə
nærer	ˈnæːrər
nærere	neːrɛrɛ
næret	ˈnæːɾət
nærgående	ˈnæːɾgoːənə
nærhet	neːɾhɛt
nærheten	neːɾhətən
nærheter	næːrhˈɛtər
næring	næːɾɪŋ
næring	ˈnæːɾɪŋ
næringen	ˈnæːrɪŋə
næringsdrivende	nærjɪŋsdrʲivəndə
næringsdrivende	ˈnæːrɪŋsdrɪʋɛn
næringskjeden	neːrɪŋskjɛːn
næringsliv	neːrɪŋslɪv
næringslivet	ˈnæːrɪŋslɪvət
næringsrik	neːrɪŋsriːk
næringsrik	ˈnæːɾɪŋsɾiːk
næringsrikt	neːrɪŋsɾɪkt
næringsstoffer	neːrɪŋstoːfər
nærkontakt	neːɾkɔŋtɑkt
nærliggende	ˈnæːɭɪgn̩d̥ə
nærliggende	ˈnæːɭɪgənə
nærmar	nəɾmaɾ
nærme	neːɾmə
nærme	ˈnæɾmə
nærmer	neːrmər
nærmere	ˈnæːməɾə
nærmeste	ˈnæɾməstə
nærmet	ˈnæːmət
nærområdet	ˈnæːɾɔmɾøːt
nærsynt	nɛːrsiːnt
nærsynt	ˈnæːʂyːnt
nærtagende	ˈnæːɾtɑːgn̩d̥ə
nærtagende	ˈnæːʈɑːgənə
nærvær	ˈnæɾʋæɾ
nærværende	ˈnæːɾʋæɳdɪŋ
nærværet	ˈnæɾʋæːɾ
nø	nø
nød	nøː
nød	nˈɚd
nødanrop	nøːdənɾɔp
nødbremsen	nuːbʁæmsn̩
nødbremsene	nøːdbrəmsnˈe
nøden	nøːdən
nødhjelp	nøːdjɛlp
nødig	nøːdɪ
nødnummeret	nuːdˈnʉməɾət
nødsentralen	nødsentralen
nødsfall	nøːfsfal
nødsfall	ˈnøːdsfɑl
nødsignal	nøːɖsɪgn̥ɑːl
nødsignalet	nøːdsɪŋn̥ɑːlət
nødsituasjon	nøːdsiˈtʉɑːgɑn
nødssituasjoner	nuːsːɪtʉɑːgʉːnɑːɾ
nødstilfelle	nøːd̥stɪl̥fɛlə
nødt	nøːt
nødt	nœt
nødtelefon	nøːtəleːfɔn
nødtelefonen	nuːtəˈtɛləˌfoːnən
nødutgangene	nøːtʉtkaŋən
nødvendige	nuːɛ̯ɳɛndɪgə
nødvendige	nœdˈʋɛnɪə
nødvendigst	nœdˈʋɛnɪkst
nødvendigste	nœdˈʋɛnɪkstə
nødvendigvis	nøːɖʋɛnɪgʋɪs
nødverge	nøːɖʋæɾgə
nøe	nøː
nøen	nuːən
nøk	nøːk
nøkiene	nuːkɪənə
nøkkel	ˈnœkəl
nøkkelen	nøkˈkɛln
nøkkelhull	nuːkəlhul
nøkkelhullet	nøkˈkɛlʉt
nøkkelkort	ˈnœkəlkɔɾt
nøkkelkortet	ˈnœkəlˌkɔʈət
nøkkelord	nokːeːluːr
nøkkelord	nøːkəlɔɾ
nøkkelordet	nøkɛlɔɾɛt
nøkkelring	ˈnœkəlˌrɪŋ
nøkkelringen	ˈnœkəlˌrɪŋə
nøkken	nøkːæm
nøkleby	nɛklɛbi
nøklene	nøːkˈleːnə
nøklene	nˈøklana
nøklene	ˈnœklənə
nøkler	nøklɛɾ
nøkler	nˈøklər
nøktern	nøktɛɳ
nøktern	ˈnœktæɳ
nøl	nøːl
nøle	nøːlə
nøle	ˈnøːlə
nølende	nøːlɛndə
nøler	nøːləɾ
nøling	nøːliŋ
nølt	nøːlt
nølte	nuːltə
nøste	nøːste
nøste	ˈnœstə
nøt	nøːt
nøtt	nœt
nøtta	nøːtə
nøtta	nˈøtːa
nøtten	nøtːen
nøttene	nuːtːənə
nøtter	nøtːiːr
nøtter	nøːtɾ̥
nøtteskall	ˈnœʈːəʃkɑɭ
nøyaktig	nœjˈɑktɪ
nøyaktig	nɔɪɑktɪ
nøyaktige	nœjˈɑktɪə
nøyaktige	nɔɪɑktɪgə
nøyaktigere	nœjˈɑktɪɾə
nøyaktigst	nœjˈɑktɪkst
nøyd	nuːɪ
nøye	nøjə
nøye	ˈnœjə
nøyere	nuːjərə
nøytral	nœjˈtɾɑːl
nøytral	nɔjtɾal
nøytral	nɔɪ̯ˈtrɑːl
nøytralisere	ˈnœʏ̯tɾɑːlɪsəɾə
nøytralsonen	ˈnœʏ̯trɑːlsɔnə
nøytralt	nuːɾɑlt
nе	neː
o	ɔ
oak	ɔk
oakland	ɔːkˈlɑːn
oakley	ɔːkliː
oasen	ɔʉsən
oasis	ɔɑːsɪs
oates	ɔːtəs
obama	ˈɔːbɑːmɑ
obduksjon	ɔbɖʉksjɔn
obduksjonen	ɔbɖʉksjʉnə
obduksjonsrapport	ɔbɖʉksjɔnsrɑpɔʈ
obduksjonsrapporten	ɔbduksjʊnsrɑpɔʈən
obdusere	ʊbdʉˈseːɾə
obdusert	ɔbduːsɛɾt
obersten	ˈʊbɛʂtn̩
oberstløytnant	ˈʊbɛʂˌløʏtnɑnt
obi-wan	ɔbɪˈʋɑːn
objekt	ɔbgɛkt
objektene	ɔbgɛktnə
objekter	ɔbgɛktər
objektet	objˈɛktə
objektet	ɔbgɛktət
objektiv	ʊbjɛkˈtiːʋ
objektive	ɔbgɛktɪvə
objektivt	ɔbgɛktɪf
obligatorisk	ɔblɪgɑtɔɾɪsk
obligatoriske	ɔblɪgɑtɔˈɾɪskə
obo	ɔ̀bʊ
obs	ops
observasjon	ɔbˈsɛʋɑːʃuːn
observasjoner	ɔbsɛrvaːʃuːnər
observatoriet	ɔbsɛrvaˈtɔːrɪt
observatør	ɔbsɛrvaːtœʁ
observere	ɔbˈsɛːʋəɾə
observerer	ɔbˈsɛvəɾɛːɾ
observert	ɔbˈsɛrvəɾt
observerte	ɔbˈsɛʋtə
obskur	ɔpskuːr
obskønt	ɔbskøːnt
obstruksjon	ɔpstrʉkʃuːn
ocampaene	ɔkɑmpɑːnə
ocean	ɔkɛn
och	ɔç
ocho	ɔkɔ
ochoa	ɔχɔ
ocre	ɔkə
octavia	ɔktɑvɪɑ
octavian	ɔktɑvɪɑn
octavius	ɔktɑːviʉs
oculus	ɔkʉlʉs
oda	uːda
odde	ˈɔdə
odden	ɔdən
oddetall	otdɛtaɫ
oddmar	oːdmaːr
oddrun	odːɾyn
odds	ods
odds	ɔds
oddsen	ɔd̥sən
oddsene	ɔdsɛnə
oddvar	otvɑːr
oddvin	otvɪn
odelagt	ʊdəlɑkt
odell	ɔdɛɭ
odelle	ɔd̥ɛlːə
odense	ulɯnse
odin	ɔdɪn
odins	ɔdɪns
odo	uːduː
odone	ʊdʊnə
odyssevs	ˈɔdʏsːɛfs
oen	œn
of	ɔf
off	ɔf
offa	ɔfːɑ
offensiv	offaŋsiv
offensiv	ɔfɛnˈsiːʋ
offensiv	ˈɔfɑŋsiːʋ
offensive	ɔfɛnˈsɛɪ̯n
offensiven	ɔfɛnˈʃɪvn̩
offensivt	ɔfɛnˈsiːft
offentlig	ɔfɛntlɪg
offentlig	ˈɔfɛntlɪ
offentlige	ɔfɛntlɪgə
offentlige	ˈɔfəntlɪə
offentligere	ˈɔfəntlɪɾə
offentliggjort	ɔfɛntlɪgjɔʈ
offentliggjør	ɔfɛntlɪgjœʁ
offentliggjøre	ɔfɛntlɪgjøːɾə
offentliggjøres	ɔfɛntlɪgjøːɾəs
offentlighet	ɔfɛntlɪçɛt
offentlighet	ˈɔfəntlɪheːt
offentligheten	ɔfɛntlɪçɛt
offentlighetens	ɔfɛntlɪçɛns
offentligst	ˈɔfəntlɪkst
offentligste	ˈɔfəntlɪkstə
offer	ɔfːər
offer	ˈɔfəɾ
offeret	ɔfːəɾət
offerets	ˈɔfːəɾəts
offergave	ɔfɛrgɑːvə
officer	ɔfɪʃər
offiser	ɔfɪʃər
offiseren	ɔfɪsəɳ
offiserene	ɔfɪˈʃeːɾənə
offiserer	ɔfɪˈʃeːɾ
offisiell	ɔfɪˈʃɪɛ̯l
offisielle	ɔfɪʃɛlə
offisielt	ɔfɪʃɪlt
offline	ɔflɪn
offside	ɔfˈsiːd
offside	ˈɔfsɑɪd
ofre	ɔfɾə
ofre	ˈɔfɾə
ofrene	ʊˈfrənə
ofrenes	ʊfrɛnɛs
ofrer	ɔfrər
ofres	ɔfrɛs
ofret	ʊfɾɛt
ofret	ˈɔfret
ofring	ʊfrɪŋ
ofringen	ʊfɾɪŋən
ofringer	ʊfɾɪŋər
oft	ɔft
ofte	ɔftə
ofte	ˈɔftə
oftere	ɔftəɾə
oftest	ɔftɛst
og	og
og	ɔg
ogden	ɔgd̥n̩
ogjeg	ɔgjɛg
ogs	ɔgs
ogsa	ɔgsɑ
ogsá	ɔgsɑː
ogsâ	ɔgs
ogsä	ɔgsæ
ogsĺ	ɔgsl
oher	ɔhɛɾ
ohio	oːhio
ohlsson	ɔːlˈsʊn
ohoi	ɔːhɔɪ
ohrvik	ɔɾvɪk
oi	ɔɪ
oie	ojjæ
oil	ɔɪl
oj	ɔj
oj	ɔɪ
ojai	ɔjɑɪ
ok	ɔk
oka	ɔkɑ
okay	ɔkɑɪ
okei	ˈʊkæɪ
okey	ɔkə
okey-dokey	ɔkɛɪdɔkɛɪ
okinawa	ɔkɪnɑwɑ
okja	ɔkjɑ
okkult	ɔkʰʉlt
okkupasjonen	ɔkʉpɑˈsɪən
okkupasjonsmakten	ɔkʉpɑsjɔnsmɑktn̩
okkupere	ukːypɛra
okkupere	ɔkʉpɛrɛ
okkupere	ɔkʉˈpeːɾə
okkuperer	ɔkʉpəˈɾeːɾ
okkuperte	ɔkʉˈpɛɾtə
oklahoma	ɔklɑˈhɔmɑ
okra	ɔkɾɑ
okse	ɔksə
oksen	ɔksən
oksene	ɔksənə
oksygen	ɔkˈsyːgn̩
oksygenet	ɔkˈsyːgn̩ət
oksygenmangel	oksigjænmɑŋɪl
oksygennivå	ʊkˈsyːgɛnɪvaː
oksygennivået	ʊkˈsʏgnɪˌvoːə
oksykodon	ɔkʂʏkɔdɔn
oktav	ɔktɑːv
oktober	ɑktuːbər
oktober	ɔkˈtoːbəɾ
okular	okkulaɾ
ol	ɔːl
ol-laget	ɔlːɑgət
ola	bona
ola	uːla
ola	ɔːlɑ
olabil	ʊrabɪl
olaf	ɔlɑf
olaf	ˈuːlɑf
olai	ɔlɑɪ
olalla	ɔlɑlɑ
olav	uːlɑv
olav	ɔlɑːv
olavsen	ɔlɑvsɛn
oldefar	oldɛvaɾ
oldefar	ɔlːdæfɑːr
oldefaren	ɔldəˈfɑːrən
oldemor	ɔːlːəˈmɔr
olding	ɔlɪŋ
oldroyd	ɔldrɔɪ
oldtiden	ɔltiːdən
oldtidens	ɔːltɪdəns
ole	uːlaː
oleander	ʊlændər
oleg	ɔləg
olenna	ɔlɛnːə
olenska	ɔlɛnska
oleson	uːlɛsɔn
olga	ɔlgɑ
olga	ɔɫgɑh
olive	ɔlɪvə
oliven	uɫiːvɪn
oliven	ɔlɪvən
olivener	oˀliːvənə
olivenolje	ʊlɪvənɔljə
oliver	ulɪvær
oliver	ɔlɪvər
olivia	ɔlɪviɑ
olivias	ɔlɪviɑs
olivier	ɔlɪviɛr
olja	ɔljɑ
olje	ɔljə
olje	ˈɔljə
oljebransjen	ɔljəbrɑnʃən
oljefelt	ɔljəˈfɛlt
oljefeltene	ɔljəˈfɛltn̩
oljefondet	oːljeːfɔnˈa
oljelund	ɔljəlʉnː
oljemaleri	ɔljəmɑːləɾiː
oljen	ɔljən
oljer	ɔljɛɾ
oljerigg	ɔɫjeɾiŋ
oljeselskap	ɔljəʃɛlskɑp
oljet	ɔljɛt
olle	ɔlə
ollie	ɔlːɪ
olly	ɔlːɪ
olmo	ɔlmʊ
olof	ɔlɔf
olsen	ɔlsn̩
olson	ʊlsɔn
olsson	ɔlsɔn
olve	olvɑ
olympia	ɔlʏmˈpiːɑ
olympiaden	ɔlʏmˈpiːɑːdɛn
olympic	ɔlʏmˈpɪk
olympisk	ɔlʏmˈpɪsk
olympisk	ʊˈlʏmpɪsk
olympiske	ɔlʏmˈpɪskə
olympus	ɔlʏmːʏs
olyphant	ɔlʏpʰɑnt
olé	oːlə
om	æm
om	ɔm
om	ʊm
om	ˈʊm
omaha	ɔ̀mɑ̀hɑ̀
omalu	ɔmɑluː
oman	ɔmɑn
omar	ɔmɑːr
omars	ɔmɑɾs
ombestemme	ˈɔmbəstɛmə
ombestemme	ˈɔmbɛstɛmːə
ombestemmer	ʊmˈbɛstɛmər
ombestemt	ʊmˈbɛstɛmt
ombestemte	ʊmˈbɛst̪m̩tə
ombestille	ˈɔmbɛstɪlə
ombo	ɔ̃bɔ̃
ombord	ombuːr
ombord	ɔmbɔɾ
ombordstigning	ʊmˈbɔɾdsˌtiŋɪŋ
ombruk	ˈɔmbruk
ombygd	ɔmbʏg
omdiriger	ɔmdiˈɾɪgəɾ
omdirigere	ˈʊmdiɾɪgəɾə
omdirigerer	ˈʊmdiɾɪgəɾəɾ
omdiskutert	omdiskutert
omdreininger	ʊmdɾæɪŋər
omdømme	ɔmˈdømːə
omdømmet	ɔmˈdœmːət
omegn	ʊmɛŋ
omelett	ɔməˈlɛt
omeletten	ʊməlɛt̪n̩
omen	ʊmən
omer	ɔmɛr
omfang	umfˈaŋ
omfang	ɔmfɑŋ
omfang	ɔmˈfɑŋ
omfanget	ɔmˈfɑŋət
omfangsrik	ˈɔmfɑŋsɾiːk
omfatte	ɔmˈfɑtːə
omfatte	ˈɔmfɑtə
omfattende	ɔmˈfɑstənə
omfattende	ˈɔmfɑtənə
omfattet	ɔmˈfɑʈːə
omfavn	ɔmfɑvn
omfavne	ɔmn̩fɑvnə
omfavne	ˈɔmfɑʋnə
omfavnelse	ɔmfɑvnəlsə
omfavner	umfɑːvnˈa
omfavner	ɔmfɑvnər
omfavnet	ɔmn̩fɑvn̩t
omformulere	ɔmfɔrmʉˈlæɾə
omg	oʊmg
omgang	ɔmˈgɑŋ
omgangen	ɔmˈgɑŋən
omganger	ɔmˈgɑ̀ŋər
omgangskrets	ɔmˈgɑŋskɾeːs
omgi	omji
omgi	ɔmjɪ
omgi	ˈɔmjiː
omgikk	ɔmgɪk
omgikkes	ɔmgɪkːəs
omgir	ɔmgiːr
omgis	ɔmgɪs
omgitt	ɔmjɪt
omgivelsene	ɔmgɪʋəlsənə
omgivelser	ɔmjiːʋɛlsəɾ
omgjengeligere	ɔmˈjɛŋəlɪɾə
omgjengeligst	ɔmˈjɛŋəlɪkst
omgjengeligste	ɔmˈjɛŋəlɪkstə
omgjort	ɔmgjɔʈ
omgjøre	ɔmˈgjœːɾə
omgrupper	ɔmgrʉpːər
omgruppere	ɔmgrʉpɛʁə
omgrupperer	ɔmgrʉpəɾɛɾ
omgå	ɔmgoː
omgå	ˈɔmgoː
omgående	ɔmgɔɪ̯nə
omgående	ˈɔmgoːənə
omgås	ɒmgoːs
omgås	ɔmgoːs
omhandle	ˈɒmhandlˈɒ
omhandler	ɔmn̩ˈhandər
omhu	ɔmːʉ
omhyggelig	ɔmhygəlɪ
omhyggelig	ɔmˈhʏgəlɪ
omhyggelige	ɔmˈhʏgəlɪə
omhyggeligere	ɔmˈhʏgəlɪɾə
omhyggeligst	ɔmˈhʏgəlɪkst
omhyggeligste	ɔmˈhʏgəlɪkstə
omkamp	ɔmkɑmp
omkledningsrommet	ɔmklɛɖɪŋsɾɔmː
omkom	umkum
omkom	ɔmˈkʰʊm
omkomme	ˈɔmkɔmə
omkommer	ɔmˈkœmər
omkommet	ɔmˈkɔmət
omkomne	ɔmˈkɔmnə
omkostninger	ɔmkɔstnɪŋəɾ
omkrets	ɔmkrɛts
omkretsen	ɔmkrɛstsən
omkring	oŋkɾiŋ
omkring	ɔmkrɪŋ
omkring	ɔmˈkɾɪŋ
omlag	ɔmlɑg
omløp	ɔmlœp
omløpsbane	ɔmlœpsbɑːnə
omme	ɔmːə
ommer	ɔmːər
omorganisere	ˈʊmɔrgɑnɪˌseːʁə
omplassere	ɔmplɑsəɾə
omplassering	ɔmplɑsɛɾɪŋ
omplassert	ɔmplɑsɛʂ
omprogrammere	ɔmprɔgɾɑmɛɾe
omprogrammert	ɔmprɔgɾɑmɛɾt
omprogrammerte	ɔmprɔgɾɑmɛɾtə
omradet	ɔmˈɾɑːdət
omregning	omrˈaɪnɪŋ
omreisende	ɔmˈrɛɪ̯sn̩də
omring	ɔmˈrɪŋ
omringe	ɔmˈrɪŋə
omringe	ˈɔmɾɪŋə
omringer	ɔmˈrɪŋər
omringet	ɔmˈrɪŋət
område	ɔmˈrɔːdə
område	ˈɔmɾoːdə
omsatt	ɔmˈsɑt
omsetning	ɔmˈsɛtnɪŋ
omsetningen	ɔmˈsɛtnɪŋən
omsette	ˈɔmsɛtə
omsetter	ɔmˈsɛtər
omsider	ɔmˈsiːɖəɾ
omskjæring	ɔmˈʂæːɾɪŋ
omskrive	ɔmskriːʋə
omskriver	ɔmskriːvər
omskåret	ɔmskɑːɾət
omslag	ɔmˈslɑg
omslaget	ɔmslɑglɪt
omsluttet	ɔmˈslʉtət
omsorg	omsˈɔɾg
omsorg	ɔmˈsɔrg
omsorgen	ɔmˈsɔrgn̩
omsorgsbolig	omsoːrg̊spuːlɪ
omsorgsfull	ɔmˈsɔɾgsfʉl
omsorgsfulle	ˈʊmsɔɾgsfulə
omspill	umspiːl
omstart	ɔmˈstɑːɾt
omstendelig	ɔmstɛndəlɪ
omstendelig	ɔmˈstɛnəlɪ
omstendeligere	ɔmˈstɛnəlɪɾə
omstendeligst	ɔmˈstɛnəlɪkst
omstendeligste	ɔmˈstɛnəlɪkstə
omstendighet	ɔmˈstɛnɪheːt
omstendighetene	ɔmstɛndɪheːə
omstilling	ʊmstɪlɪŋ
omstreifer	ɔmstræɪfər
omstreifere	ɔmstræɪfər
omstridt	ɔmstrɪt
omstridt	ˈɔmstɾɪt
omstridte	ɔmstrɪtə
omsvøp	ɔmsvøp
omtale	ɔ̀mtɑːlə
omtale	ˈɔmtɑːlə
omtalen	ɔmtɑːlən
omtaler	ɔmˈtɑːləɾ
omtales	ɔmtɑːləʂ
omtalt	ɔmtɑlt
omtalt	ɔmtˈalt
omtalte	omtɑɫtɑ
omtalte	ɔmtɑltə
omtanke	ɔmˈtɑŋkə
omtanken	ɔmtɑŋkən
omtenksom	ɔmˈtɛŋksɔm
omtenksom	ʊmˈtæŋkˌsɔm
omtenksomme	ɔmn̥tɛŋksɔmə
omtenksomt	ɔmˈtæŋksɔmt
omtrent	ɔmˈtrɛnt
omtrent	ɔmˈtɾɛnt
omtrentlig	omtrəntˀliː
omtrentlig	ɔmˈtrɛntlɪ
omtåket	ɔmˈtɔkət
omveg	ɔmʋæi
omvei	ɔmʋæi
omvei	ɔmˈʋæɪ
omveien	ɔmˈʋæɪən
omveier	ɔmˈʋæɪ̯ər
omveltning	ɔmˈvɛltnɪŋ
omvende	ɔmˈʋɛndə
omvende	ˈɔmʋɛnə
omvender	ɔmn̥vɛndər
omvendt	ɔmʋənt
omvendt	ɔmˈʋænt
omvendte	ɔmnvɛntə
omverden	omvartˈen
omverden	ʊmʋæɖən
omverdenen	ɔmnvɛɾnən
omvisning	ɔmˈʋɪsnɪŋ
omvisningen	ɔmˈʋɪʂn̩
on	ɔn
on-line	ɔːnliːnə
onanere	ɔnɑnɛːrɛ
onanere	ʊnɑˈneːɾə
onanerer	ɔnɑˈnɛrər
onanert	ɔnɑnæɾt
onanerte	ɔnɑnɛɾtə
onani	ɔnɑːnɪ
onassis	ɔnɑsɪs
onda	ɔnda
ondartet	ɔnˈdɑːɾət
onde	ʊndə
onder	ɔnːɛɾ
ondeste	ɔnˈdɛstə
ondsinnede	ɔnˈsɪnə
ondskap	ɔnːʃkɑːp
ondskapen	unˈskˈapən
ondskapen	ɔnːskɑːpən
ondskapens	ɔnːʃkɑːpəns
ondskapsfull	ɔ̀nːskɑpsfʉlː
ondskapsfull	ˈʊnskɑːpsfʉl
ondskapsfulle	ɔnːskɑpsfʉlə
ondskapsfullt	ɔnːskɑpsfʉlt
ondt	ɔnt
one	ɔːnə
ones	ʊnəs
ong-bak	ɔŋˈbɑk
onkei	ɔŋkæɪ
onkel	ɔŋkəl
onkel	ˈʊŋkəl
onkelen	ʊŋkələn
onkels	ɔŋkəls
onklene	ɔŋklənə
onkler	ɔŋklɛɾ
onkolog	ɔŋkɔlɔg
onkologi	unkoloki
onn	ɔn
onsaker	unsɑːkɪr
onsdag	unstog
onsdag	unstænk
onsdag	ɔnsdɑg
onsdag	ˈʊnsdɑg
onsdager	ɔnsˈdɑɪ̯ər
onske	ʊnʃə
onsker	ʊnʃkər
onsket	ʊnʃkət
ontario	ɔntɑːrio
ontologi	untologiː
ontologisk	untologisk
oogway	uːgʋɑɪ
oompa	uːmpɑ
oops	ɔʊ̯p̚s̪
oozma	uːsma
op	ɔp
opa	ɔpɑ
opal	ɔpɑl
ope	ʊpə
open	ɔpən
openshaw	ˈɔːpənʃɑː
opera	upra
operasjon	ʊpəɾɑˈʂuːn
operasjonsbase	ˈɔːpəɾɑːʂbɑːsə
operasjonsbordet	ˈʊpəɾɑːʃuːnsbɔɾt
operasjonsrommet	ˈʊpəɾɑːʂuːnsɾʊmː
operasjonsstuen	ˈʊpəɾɑʂuːnsstuːən
operation	ɔpɛɾɑˈsjʊn
operativ	ˈɔpəɾɑtiːʋ
operative	ɔpɛˈɾɛːtɪ
operatører	ˈʊpəɾɑtøːɾə
opererer	opeɾeɾe
opererte	ˈʊpəɾeːtə
operette	ʊpəɾɛtə
opie	ɔpɪ
opium	ɔpɪʊm
opp	ɔpː
opp	ˈɔp
opp-ned	ɔpːˈnɛː
oppakning	ɔpːɑknɪŋ
opparbeidet	ɔpːɑɾbæɪ̯ɪt
oppasser	ɔpˈpasər
oppbevare	ɔpːbɛːʋæɾə
oppbevare	ˈɔpbɛʋɑːɾə
oppbevare	ˈɔpəʋɑːɾə
oppbevarer	ɔpːbɛˈʋɑːrər
oppbevares	ɔpːbɛˈʋɑːɾəs
oppbevaring	ɔpːbæˈʋɑːrɪŋ
oppbevaringsboks	ɔpːbæʋɑɾɪŋsbɔks
oppbevarte	ɔpːbæʋɑɾtə
oppblåsbar	opːblosbaɾ
oppblåsbar	ɔpːblɔːsɑːr
oppblåst	ɔpːblɔʂt
oppblåste	ɔpːblɔʂtə
oppbrakt	ɔpˈbrɑkt
oppbrukt	ɔpːbrʉkt
oppbud	ɔpːbʉːd
oppbyggelig	ɔpˈbʏgəlɪ
oppbyggelige	ɔpˈbʏgəlɪə
oppbyggeligere	ɔpˈbʏgəlɪɾə
oppbyggeligst	ɔpˈbʏgəlɪkst
oppbyggeligste	ɔpˈbʏgəlɪkstə
oppdage	ɔpːdɑːgə
oppdage	ˈɔpdɑːgə
oppdagelse	ɔpːdɑːgəlsə
oppdagelsen	ɔpdagəlsn
oppdagelser	ɔpːdɑːgəlsər
oppdagelsesferd	ɔpːdɑgəlɛsfɛɾ
oppdages	ɔpːdɑgəs
oppdaget	ɔpːdɑːgət
oppdater	ɔpːdɑːtər
oppdatere	ɔpːdɑːtəɾə
oppdatere	ˈɔpdɑteːɾə
oppdaterer	ɔpːdɑːtəɾər
oppdateres	ɔpːdɑːtəɾəs
oppdatering	ɔpːdɑːtəɾɪŋ
oppdateringen	ɔpːdɑːtəɾɪŋən
oppdateringer	ɔpːdɑːtəɾɪŋər
oppdatert	ɔpːdɑːtəɾt
oppdaterte	ɔpːdɑːtəɾtə
oppdelt	ɔpːdælt
oppdikta	ˈɔpdɪktət
oppdiktede	ɔpˈdɪktə
oppdiktet	ɔpːdɪktə
oppdiktet	ˈɔpdɪktət
oppdra	ɔpːdrɑː
oppdra	ˈɔpdɾɑː
oppdrag	ɔpːdrɑg
oppdragelse	ɔpːdrɑgəlsə
oppdragelsen	ɔpːdrɑgəlsn̩
oppdragene	ɔpːdrɑgnə
oppdraget	ɔpːdrɑgət
oppdragets	ɔpːdrɑːgɛs
oppdragsgiver	ɔpːdrɑgsgiːʋər
oppdragsgiveren	ɔpːdrɑgsɪvəɾən
oppdrar	ɔpːdrɑːr
oppdras	ɔpːdrɑs
oppdratt	ɔpːdrɑtː
oppdrettet	opːdretːə
oppdrettslaks	opːdretːslag
oppdrift	ɔpːdrɪft
oppdrive	ɔpːdɾɪvə
oppdro	ɔpːdrʊ
oppe	ɔpːə
oppe	ˈɔpə
oppegård	opːeːg̊oːr
oppenheimer	ˈɔpːənˌhæɪ̯mər
oppetter	ɔpːətər
oppfanget	ɔpːfɑŋːət
oppfant	opfant
oppfant	ɔp̚fɑnt
oppfarende	ɔpːfɑːrɛnə
oppfatning	ɔpːfɑːtnɪŋ
oppfatningen	ɔpːfɑtːnɪŋ
oppfatninger	ɔpːfɑtŋər
oppfatte	ɔpːfɑtə
oppfatte	ˈɔpfɑtə
oppfattelse	ɔpːfɑtəlsə
oppfatter	ɔpːfɑtər
oppfattes	ɔpːfɑtːəs
oppfattet	ɔpːfɑtːə
oppfinne	ɔpːfɪnːə
oppfinne	ˈɔpfɪnə
oppfinnelse	ɔpːfɪnːəlsə
oppfinnelsen	ɔpˈfɪnːəl̥sən
oppfinnelsene	ɔpːfɪnəlsənə
oppfinnelser	ɔpːfɪnːəlsɐ
oppfinner	ɔpːfɪnər
oppfinnere	ɔpːfɪnəɾə
oppfinneren	ɔpːfɪnəɾən
oppfinnsom	ɔpːfɪnsɔm
oppfinnsomhet	ɔpːfɪnːsɔmhɛt
oppfinnsomt	ɔpːfɪnsːmɔt
oppfordre	ɔpːfɔɖɾə
oppfordre	ˈɔpfɔɖɾə
oppfordrer	ɔpːfɔʈrər
oppfordres	ɔpːfɔ́ɖrəs
oppfordret	upˈfɒɾɒtˈɾˈɒt
oppfordret	ɔpːfɔɖɾet
oppfordring	ɔpːfɔɖɾɪŋ
oppfostre	ɔpːfɔstrə
oppfostre	ˈɔpfʊstɾə
oppfostrer	ɔpːfɔstrəɾ
oppfostret	ɔpːfɔstrɛt
oppfriskende	ɔpfrɪʃn̩d̥ə
oppfunnet	ɔpːfʉnːt
oppfylle	ɔpːfylə
oppfylle	ˈɔpfʏlə
oppfyllelse	ɔpːfylːɛlsə
oppfyller	ɔpːfʏɭər
oppfylles	ɔpːfʏlːɛs
oppfylt	ɔpːfʏlt
oppfylte	opːfylte
oppfylte	ɔpːfyltə
oppfølger	ɔpˈfœʎgər
oppfølger	ˈɔpfœləɾ
oppfølgeren	ɔpːføːɭgəɾən
oppfølging	ɔpːføːlgɪŋ
oppfør	ɔpːfœɾ
oppføre	ɔpːføːɾə
oppføre	ˈɔpføːɾə
oppførelse	ˈɔpføːɾɛlsə
oppfører	ɔpːfœɾɐ
oppførsel	ɔpːfœʂəl
oppførselen	ɔpːfœɾːsələn
oppførte	ɔpːfɔʈɾə
oppga	ɔpːgɑː
oppgang	ɔpːgɑŋ
oppgangen	ɔpːgɑŋn̩
oppgav	ɔpːgɑːʋ
oppgave	oppkaːva
oppgave	ɔpːgɑːʋə
oppgaven	ɔpːgɑːvn̩
oppgavene	ɔpːgɑːʋənə
oppgaver	ɔpːgɑːʋər
oppgi	ˈɔpjiː
oppgir	ɔpːgiːr
oppgitt	ɔpːgɪt
oppgjør	ɔpgjœʁ
oppgjøret	ɔpːgjøːɾət
oppgjørets	ɔpːgjøːɾɛs
oppglødd	ɔpːgløːd
oppgradere	uːfˈgradərə
oppgradere	ɔpgrɑːdərɛ
oppgradere	ˈɔpgɾɑdeːɾə
oppgradering	ɔpgɾɑːdɛɪŋ
oppgraderingen	ɔpːgɾɑːdərɪŋ
oppgraderinger	ɔpgɾɑːdɛɪŋɐ
oppgradert	ɔpgɾɑːdət
opphav	ɔpːhɑːʋ
opphavet	ɔpːhɑːʋət
opphavsrett	oˈpːaʋsrɛt
opphavsrett	ɔpːhɑːvːsɾet
opphavsretten	ɔpːhɑːvsɾetn̩
opphengt	ɔpːhæŋt
opphetet	ɔpːhɛtɛ
opphev	ɔpːhɛʋ
oppheve	ɔpːhɛːvə
oppheve	ˈɔpheːʋə
opphever	ɔpːhɛvər
oppheves	ɔpːhɛʋɛs
opphevet	ɔpːhɛʋɛt
opphisselse	ɔpːhɪsəlsə
opphissende	ɔpːhɪsn̩də
opphold	ɔphɔl
opphold	ɔpːhɔld
oppholde	upˈhɔlˈlɯp
oppholde	ɔphɔlə
oppholde	ɔpːhɔldə
oppholde	ˈɔphɔlə
oppholder	ɔpːhɔldər
oppholdet	ɔpːhɔldət
oppholdsrom	ɔphɔlsɾʊm
oppholdssted	ɔpːhɔlsˈstɛː
oppholdstillatelse	ɔpːhɔldstɪlɑtɛlsə
oppholdt	ɔpːhɔlt
opphør	ɔpːhør
opphøre	ɔpːhøːɾə
opphøre	ˈɔphøːɾə
opphører	ɔpːhøːr
opphørssalg	ɔpːhœɾːsɑl
opphørt	ɔpːhøɾt
opphørte	ɔpːhœɾtə
opphøyd	ɔpːhøɪ̯ː
opphøyde	ɔpːhœʏ̯d̥ə
opphøyet	ɔpːhøɪ̯ː
oppi	oppe
oppi	ɔpːɪ
oppildnet	ɔpɪldnɛt
oppjaget	ɔpˈjɑgət
oppkall	ɔpːkɑɭː
oppkalle	ɔpːkɑlə
oppkaller	ɔpːkɑlːər
oppkalt	ɔpːkɑlt
oppkalte	ɔpːkɑltə
oppkast	upkast
oppkast	ɔpːkɑst
oppkastet	ɔpːkɑst
oppkjøp	ɔpːkjøːp
oppkjørsel	ɔpçøːɬɛl
oppkjørselen	ɔpçɔʂələn
oppklare	ɔpːkɭɑːɾə
oppklare	ˈɔpklɑːɾə
oppklarer	ɔpːkɭɑːɾər
oppklaring	ɔpːkɭɑːɾɪŋ
oppklart	ɔpːkɭɑːɾt
oppklarte	ɔpːkɭɑːɾtə
oppkomling	ɔpːkɔmlɪŋ
oppkvikkende	ɔpːkʋɪkːən̩d̥
oppkvikker	ɔpːkʋɪkːər
oppladet	ɔplɑːt
opplag	ɔplɑg
opplagt	ɔplɑkt
opplagt	ˈɔplɑkt
opplagte	ɔplɑktə
oppland	ɔplɑn
opplasting	ɔplɑstɪŋ
opplegg	ɔplɛg
opplegget	ɔplɛgːə
opplev	ɔplɛʋ
opplevde	ɔplɛvdɛ
oppleve	ɔpləvə
oppleve	ˈɔpleːʋə
opplevelse	ɔplɛvlɛsə
opplevelse	ɔpˈleːʋəlsə
opplevelsen	ɔpl̥lɛʋl̥sn̩
opplevelsene	ɔpl̥ɛl̥ɛsn̩
opplevelser	ɔpləlevsər
opplever	ɔpləvər
oppleves	ɔplɛʋɛs
opplys	ɔpːlyːs
opplyse	ɔpːlyːsə
opplyse	ˈɔplyːsə
opplysende	ɔpːlyːsn̩d̥ə
opplyser	ɔpːlyːsər
opplysning	ɔplɪʂnɪŋ
opplysning	ɔpˈlyːsnɪŋ
opplysningen	ɔpːlyːsŋ̩
opplysningene	ɔpːlyːʂnɪŋnə
opplysninger	opːlyznɪŋiːr
opplysninger	ɔpːlyʂnɪŋɐr
opplyst	ɔplʏst
opplyst	ˈɔplyːst
opplyste	ɔpːlyːstə
oppløftende	ɔplœftəɳə
oppløse	ɔpløːsə
oppløser	ɔpløːsər
oppløser	ˈɔpːløːsər
oppløses	ɔpløːsə
oppløsning	ɔpløːsnɪŋ
oppløsningen	ɔpløːsnɪŋ
oppløst	ɔplœʂt
oppløste	ˈɔpːløːstə
oppmerksom	ɔpˈmæɾksɔm
oppmerksomhet	ɔpˈmæɾksɔmheːt
oppmerksomheten	ɔpːmæɾkʰsɔmhɛtən
oppmerksomme	ɔpːmæɾkʰsɔmə
oppmuntre	ɔpːmʉntrə
oppmuntre	ˈɔpmʉntɾə
oppmuntrende	ɔpːmʉnːtrɛnːə
oppmuntrer	ɔpːmʉnːtɾər
oppmuntres	ɔpːmʉntrɛs
oppmuntret	ɔpːmʉnːtrɛt
oppmuntring	ɔpːmʉntrɪŋ
oppmuntringen	ɔpːmʉːntrɪŋən
oppmøte	ɔpːmøːtə
oppmøtet	ɔpːmøːtə
oppnevne	oppnevnˈi
oppnå	ɔpnɑː
oppnå	ˈɔpnoː
oppnådd	ɔpˈnɔd
oppnådde	ɔpnɑːdːə
oppnår	ɔpnɑːr
oppofrelse	ɔpɔflɛsə
oppofrelsen	ɔpɔfrɛlsən
oppofrelser	ɔpɔfrɛɭʃər
oppofrende	ˈɔpɔfɾənə
oppofringer	ɔpːɔfrɪŋər
opposisjon	ɔpɔsɪˈʃuːn
oppover	ɔpːɔʋɛʁ
oppover	ˈɔpoːʋəɾ
oppoverbakke	opːoːvˈeːbakːɛ
oppreist	ɔpːrɛɪst
oppreist	ˈɔpɾæɪst
opprett	ɔpˈrɛt
opprette	ˈɔpɾɛtə
oppretter	oppɾətːiɾ
opprettet	ɔpˈrɛtː
oppretthold	ɔppræɾthɔɭ
opprettholde	ˈɔpɾəthɔlə
opprevet	ɔpːrɛvɛt
oppriktig	ɔpˈrɪktɪ
oppriktig	ɔpˈɾɪktɪ
oppriktige	ɔpˈrɪktɪgə
oppriktige	ɔpˈɾɪktɪə
oppriktigere	ɔpˈɾɪktɪɾə
oppriktighet	ɔpːrɪçtɪgɛt
oppriktigst	ɔpˈɾɪktɪkst
oppriktigste	ɔpˈɾɪktɪkstə
oppringning	ˈɔpːrɪŋɪŋ
oppringningen	ˈɔprɪŋgnɪŋ
oppringningene	ˈɔpːrɪŋːɪŋə
oppringninger	ɔpˈrɪŋgɪŋər
oppringt	ɔpˈrɪŋt
opprinnelig	ɔpˈrɪnəlɪ
opprinnelig	ɔpˈɾɪnəlɪ
opprinnelige	ɔpˈrɪnəlɪgə
opprinnelige	ɔpˈɾɪnəlɪə
opprinneligere	ɔpˈɾɪnəlɪɾə
opprinneligst	ɔpˈɾɪnəlɪkst
opprinneligste	ɔpˈɾɪnəlɪkstə
opprinnelse	upriːnːɛlsæ
opprinnelse	ɔpˈrɪnəlsə
opprinnelsen	ɔpˈrɪnələn
opprivende	ɔpprɪˈvɛnə
opprop	ɔpːrɔpː
oppropet	ɔpːrɔpət
oppryddingen	ɔpːrɪdɪŋən
opprydning	ɔpːrʏdnɪŋ
opprømt	ɔpːrøːmt
opprømte	ɔpːrœmtə
opprør	ɔpːrøːr
opprøre	ɔpːrøːɾə
opprøre	ˈɔpɾøːɾə
opprørende	ɔpːrøːɾɛnə
opprørene	ɔpːrøːɾənə
opprører	ɔpːrøːɾ
opprørere	ɔpːrøːɾə
opprøreren	ɔpːrøːɾən
opprørerne	ɔpːrøːɳə
opprøret	ɔpːrøːɾət
opprørsk	ɔpːrøːʂk
opprørske	ɔpːrøʂkə
opprørt	ɔpːrøɾt
opprørte	ɔpːrœɾtə
oppsagt	ɔpˈsɑkt
oppsatt	ɔpːsɑtː
oppsetning	ɔpsɛtnɪŋ
oppsetningen	ɔpːsɛtnɪŋ
oppsett	ɔpˈʃɛt
oppsigelse	ɔpˈsɪgəlsə
oppsigelsen	ɔpˈsɪgəlsən
oppsigelser	ɔpsɪgəlsər
oppsikt	ɔpˈsɪkt
oppsiktsvekkende	ɔpːsɪktsvɛkːənə
oppskaket	ɔpskɑkət
oppskrift	ɔpˈʂkrɪft
oppskriften	opːskrɪftən
oppskriften	ɔpˈʂkrɪpn̩
oppskrifter	ɔpskrɪftər
oppskrytt	ɔpskrʏt
oppskyting	ɔpːʃʏːtɪŋ
oppskytingen	ɔpːʃʏːtɪŋən
oppskytning	ɔpʰskʏtɳɪŋ
oppskåret	ɔpˈʂkæːɾət
oppslag	ɔpslɑg
oppslukt	ɔpslʉkt
oppslutning	ɔpslʉtnɪŋ
oppslutning	ˈɔpːslʉtnɪŋ
oppspilt	ɔpːsplɪt
oppspilte	ɔpːspɪltə
oppspist	ɔpspɪst
oppsporet	ɔpspuːɾət
oppstand	ɔpːstɑn
oppstandelse	ɔpːstɑndəlsə
oppstandelsen	ɔpːstɑndəlsn̩
oppstanden	ɔpːstɑnːd̥
oppstart	ɔpːstɑːɾt
oppstemt	ɔpːstɛmt
oppstigning	ɔpːstɪŋɪŋ
oppstigningen	ɔpːstɪŋən
oppstilling	ɔpːstɪlɪŋ
oppstillingen	ɔpstɪlɪŋən
oppstilt	ɔpstɪlt
oppsto	ɔpːstoː
oppstuss	ɔpːstʉsː
oppstyr	ɔpstʏɾ
oppstyret	ɔpːstyːɾət
oppstår	ɔpːstɔːr
oppstått	ɔpːstɔt
oppsummere	ɔpˈsʉmːərə
oppsummere	ˈɔpsʉmeːɾə
oppsummerer	ɔpsʉmɛrɛr
oppsummering	ɔpsʉmɛɾɪŋ
oppsvulmet	ɔpsvʉlmət
oppsvulmet	ˈɔpsʋʉlmət
oppsyn	opˈsin
oppsynsmann	ɔpːsʏnsman
oppsøk	ɔpˈsøːk
oppsøke	ɔpˈsøːkə
oppsøkende	ɔpsøːkɛndə
oppsøker	ɔpˈsøːkər
oppsøkt	ɔpˈsøkt
oppsøkte	ɔpˈsøːktə
oppsøkte	ˈɔpːsøːktə
oppta	ɔptɑː
oppta	ˈɔptɑː
opptak	ɔptɑk
opptakene	ɔptɑkənə
opptaker	ɔptɑkər
opptakeren	ɔptɑkəɾən
opptaket	ɔptɑkət
opptakseksamen	opptakseːksamən
opptaksprøve	ɔptɑksprøːʋə
opptaksprøven	ɔptɑksprøːvən
opptar	ɔptɑːr
opptatt	ɔptɑtː
opptatt	ˈɔptɑt
opptatte	ɔptɑtə
opptegnelser	ɔpːtæɪŋəlsər
opptelling	ɔptɛlɪŋ
opptellingen	ɔptɛlɪŋən
opptellingslokale	opːtˢəlˌiŋsloːkˈɑːlə
opptil	ɔptɪl
opptjent	uptjɛnt
opptog	ɔptɔg
opptoget	ɔptugət
opptre	optre
opptre	ɔptɾɛ
opptre	ˈɔptɾeː
opptredenen	ɔptɾəˈdeːn̩
opptredener	ɔptɾəˈdeːnər
opptrer	ɔpːtɾæɾ
opptrinn	ɔpːtɾɪnː
opptrådt	ɔpːtɾɔːt
opptrådte	ɔpːtɾɔːtə
opptur	ɔpːtˈʉɾ
opptøyene	ɔptøʏənə
opptøyer	ɔptøɪər
oppunder	ɔpːʉndər
oppussing	ɔpʉʃɪŋ
oppussingen	ɔpːʉʃɪŋə
oppvakt	ɔpvɑkt
oppvakt	ˈɔpʋɑkt
oppvarmer	ɔpːvɑːrmər
oppvarmet	ɔpːvɑrmet
oppvarming	ɔpːvɑːrmɪŋ
oppvarminga	oːpvaːrmɪŋa
oppvarmingen	ɔpːvɑɾmɪŋən
oppvarte	ɔpːʋɑːɾtə
oppvarte	ˈɔpʋɑʈə
oppvartet	ɔpːvɑɾtət
oppvask	opvask
oppvask	ɔpvɑʂ
oppvaskbørste	ɔpʋɑskbœʂtə
oppvasken	ɔpˈʋɑʃn̩
oppvaskene	opːvaskˌɛnə
oppvaskklut	ɔpʋɑsklʉt
oppvaskkum	ɔpʋɑskʊm
oppvaskmaskinen	ɔpˈʋɑʃmɑskɪn
oppvaskmiddel	ɔpʋɑskmɪdəl
oppveie	ɔpˈʋæɪ̯ə
oppveier	ɔpːʋæɪər
oppvekst	ɔpˈʋægst
oppveksten	ɔpːʋægstən
oppvigler	ɔpːʋɪgləɾ
oppvigleri	wpˈvɪkleɾiː
oppvigleri	ɔpːʋɪgləɾɪ
oppvisningen	ɔpːʋɪʃn̩
oppvokst	upːʋˌɔkst
oppvokst	ɔpːvɔkst
oppvåkning	ɔpvɔknɪŋ
oppå	ɔpːɑː
opr	ɔpɾ
oprah	ɔpɾɑ
opry	ɔpɾʏ
ops	ɔps
opsjon	opʃoːn
opsjoner	ɔpsɲøːɾ
optiker	ˈɔptɪkəɾ
optikk	ɔptˈɛk
optimal	ɔptimaːl
optimal	ɔptɪmɑːl
optimal	ɔptɪˈmɑːl
optimalt	ɔptɪmɑlt
optimisme	optimizmɛ
optimisme	ɔptɪˈmɪsmə
optimismen	ɔptɪmɪsmn̩
optimist	ɔptɪmɪst
optimistisk	optimistˈisk
optimistisk	ɔptimiˈʃtɪsk
optimistisk	ɔptɪˈmɪstɪsk
optimistiske	ɔptimiˈʃiːskə
optimus	ɔptɪmʊs
optisk	uptisk
optisk	ɔptɪsk
optiske	ɔptɪskə
opus	ɔpʉs
ora	ɔːɾɑ
orakel	ɔːɾɑkəl
orakel	ʊːraːkl
orakelet	ɔːɾɑːkɛlɛt
oraklet	ɔrɑklɛt
oral	ɔɾɑːl
oralsex	ɔɾɑlsɛks
oralt	ɔɾɑlt
orange	ɔɾɑŋə
orange	ɔˈɾɑŋʂə
orangutang	urangɯtɑŋ
orangutang	ɔrɑŋʉtɑŋ
oransje	ɔɾanʃə
oransje	ʊˈɾɑnʂ
orb	ɔɾb
ord	uɾ
ord	ɔɖ
orda	uːra
ordan	ɔɾd̥ɑn
ordbok	uɣɛɾbuk
ordbok	ɔɾd̥bɔk
ordboka	ɔɖbɔkɑ
ordboken	ɔɾd̥bɔkən
orde	ɔɖə
orden	ˈɔɖn̩
ordene	uːrðˈna
ordene	ɔɾnə
ordenen	ˈɔɖn̩
ordener	ˈɔɖnəɾ
ordenstall	ɔrtənʃtɑːl
ordentlige	ɔɾd̥ɛntlɪ
ordentligere	ˈɔɳtlɪɾə
order	ɔːɖəɾ
ordet	ɔɾdət
ordets	ɔɾdɛs
ordforråd	ɔɖfɔɾæɽ
ordforrådet	ɔɖfoːɽɑːt
ordfører	ɔɾːfœɾɛɾ
ordføreren	ɔɾːfœɾən
ordførerens	ɔɾːfœɾɛns
ordinær	ɔɖɪˈnæːɾ
ordinær	ɔɾdiˈnæɾ
ordinære	ɔɾdiˈnæːɾə
ordinært	ɔɾdiˈnæɾt
ordkløveri	ɔɾ̥kløːvəɾɪ
ordlegge	ˈuːɭæɪə
ordne	ɔːɳə
ordne	ˈoːɳə
ordner	ɔːɳɛɾ
ordningen	ɔɖnɪŋən
ordre	ɔɖɾə
ordren	ɔːɖɾən
ordrene	ɔɖɾənə
ordrenekt	ɔːɖɾənɛkt
ordspill	ɔɖʂpɪl
ordspråket	ɔɾdsprɑːkət
ordstyrer	ɔɾːʈʏɾːɛɾ
ordvalg	ɔɾdˈvɑːl
ordvalget	ɔɾdˈvalgət
ore	ɔːɾə
oregano	oræːkæno
oregano	ɔɾɛˈgɑːnɔ
oregon	ɔɾɛgɔn
oren	ɔɾən
organ	ɔgɾɑn
organene	ɔgɑnənə
organene	ɔrgaːnana
organer	ɔgɾɑnɛɾ
organet	ɔgɑnɛt
organisasjon	ɔgɑnɪsɑʃuŋ
organisasjonen	ɔgɑnɪsɑʃɔnə
organisasjonene	ɔgɑnɪsɑˈʃuːnə
organisasjoner	ɔgɑnɪsɑʃuŋnɛr
organisator	ɔgɑnɪˈsɑtɔɾ
organisere	ɔgɑnɪsɛːɾə
organiserer	ɔgɑnɪsɛɾɛɾ
organisering	ɔgɑnɪʃɛɾɪŋ
organisert	ɔgɑnɪʃeːɾ
organiserte	ɔgɑnɪˈsɛːɾtə
organisk	ɔgɑnɪsk
organisk	ɔɾˈgɑːnɪsk
organiske	ɔgɑnɪskə
organisme	ɔgɑnɪsmə
organismen	ɔgɑnɪsmɛn
organismer	ɔgɾɑnɪsmɛɾ
orgasme	ɔrgɑsmə
orgasme	ɔrgˈɑsmɛ
orgasmen	ɔrgɑsmən
orgasmen	ɔrgˈasmɛn
orgasmer	orˈgasmɛr
orgasmer	ɔrgɑʃmər
orgel	ɔɾgəl
orgel	ˈɔɾgəl
orgelet	ɔɾgəlɛt
orgie	ɔɾgɪ
oriene	ɔɾiːnə
orienes	ɔɾiɛnɛs
orientalsk	ɔɾiɛntɑlsk
orientalske	ɔɾiɛntɑlskə
orienten	ɔɾiˈɛntn̩
orientere	ɔɾiɛntəɾe
orientering	ɔɪɾɛntɛɾiŋ
orienteringen	ɔɾiɛntəɾɪŋ
original	ɔɾɪgɪnɑːl
original	ɔɾɪgɪˈnɑːl
originale	ɔɾɪgɪˈɑːlə
originalen	ɔɾigɪnɑlɛn
originalene	ɔɾɪgɪˈɑːlənə
originalitet	ɔɾɪgɪnɑlɪtɛt
originals	ɔɾigɪnɑːl
originalserie	ɔɾɪgɪnɑlˈsɛɾɪ
originalt	ɔɾɪgɪnɑɭ
originalversjon	ɔɾɪgɪˈnɑːlʋɛʂuːn
orin	ɔɾɪn
orion	ɔɾɪɔn
orions	ɔɾɪɔns
ork	ɔrk
orkan	ɔɾkɑn
orkanen	ɔɾkɑnə
orkaner	ɔɾkɑnɛɾ
orke	ɔɾkə
orke	ˈɔɾkə
orkene	ɔɾkənə
orkester	ɔɾkɛstɛɾ
orkester	ɔɾˈkɛstəɾ
orkesteret	ɔɾkɛstɛɾ
orkestre	orkeˈstɾa
orkestrene	ɔɾkestɾiˈnɯ
orket	ɔrkɛt
orkideer	ɔɾkɪdeːɾ
orkidé	ɔɾkɪdeː
orlando	ɯrˈlɑndu
orleans	ɔɭeːln
orlogskaptein	ɔːɭɔgskɑːptæɪn
orlov	ɔɭɔv
orm	ɔɾm
orm	ɔʁm
ormehull	ɔːməˈhʉl
ormehullet	ɔːməˈhʉlː
ormen	ɔːmn̩
ormene	ɔɾmənə
ormer	ɔʁmər
ormeyngelen	oɾmejɯŋele
ornitolog	ɔːɳɪtɔlɔg
orr	ɔr
orsini	ɔʂɪni
ortiz	ɔɾtɪs
orton	ɔʈn
orville	ɔɾvɪlə
orwell	ɔɾʋɛɭ
osage	ˈɔːsɑgə
osaka	usaka
osaka	ɔsɑkɑ
osborn	ɔʂbɔɳ
osborne	ɔʂbɔʂnə
osbourne	ɔʂbʉːn
oscar	ɔʃkɑːr
oscar-utdelingen	ˈɔʂkɑːɾʉːtdeːlɪŋən
oscorp	ɔʃkɔɾp
oseania	ʊsɛjɑːnɯjɑ
osip	ɔʂɪp
oskar	ɔʂkɑːr
oslo	bɔslo
oslo	ɔʂlʉ
oslo	ʊɣlʊ
osman	ɔsmɑn
osmond	ɔsmɔn
oss	os
oss	ɔs
oss	ɔsː
ost	ust
ost	ɔʂt
ost	ɾʊst
ost	ʊst
osteburger	ˈʊstəbʉgər
ostehøvel	ʊstəhøvɛln
osten	uʃti
ostene	ɔstɛna
osteologi	usteologi
ostepop	ʊʃtəpɔp
oster	uztiɾ
osterberg	ˈuːstəˌbær
ostesmørbrød	ʊstɛsmøɾbrœː
osvald	usval
oswald	ɔʂvɑɭ
oswalds	ɔʂʋɑls
oter	ʊtər
othello	ɔtˈhɛlə
other	ɔtər
othilie	ʊtːjilə
otis	ɔtɪs
ottawa	ɔtɑːvɑː
otter	ɔtːər
otterton	ɔtːɛɾtn̩
otto	ɔtə
ouija-brett	uːjɑːbrɛt
our	ɔʊɾ
outer	ʉːtər
outsider	ʉːtˈsiːdər
oval	ʊˈʋɑːl
ovale	ɔʋɑːlə
ove	ʊvə
oven	ɔʋn̩
ovenfor	ɔʋn̩fɔr
ovenfra	ɔʋnfrɑ
ovenpa	ʊvənpɑː
ovenpå	ɔʋənpɔ
over	oːvɨd
over	oːʋəɾ
overait	ˈʉːvərɑɪt
overalt	oːʋəˈɾɑlt
overanstrenge	ˈoːʋəɾɑnstɾɛŋə
overasket	ˈʉːvərɑskət
overbelaste	ˈʊːvərbəlɑstə
overbelaster	ˈʉːvərbəlɑstər
overbelastet	ˈʉːvərbəlɑstət
overbeskyttende	ˈʉːvərbɛskʏtːənə
overbevis	ˈʊːvərbɛʋɪs
overbevise	ˈoːʋəɾbəʋiːsə
overbevisende	ˈʉːvərbɛvɪsɛn(də)
overbeviser	ˈʉːvərbɛʋɪsər
overbevisning	ˈʉːvərbɛʋɪʃnɪŋ
overbevisningen	ˈʉːvərbɛʋɪsɪŋən
overbevist	ˈʊːvərbɛʋɪst
overbeviste	ˈʉːvərbæʋɪstə
overbord	ˈʊːvərbuːɖ
overborgermesteren	ˈʉːvərbɔrgəˌmɛstəɾən
overbrakte	oːvɛbraktə
overbringe	oːvərbˈɾiːnge
overbærende	ˈʊːvərbæːɾɛnðə
overbærenhet	ˈœʋərbæːrənhɛt
overdra	ˈʉːvərdrɑː
overdrev	ˈʊːvərdræɪ̯
overdreven	ˈʉːvərdrɛːʋn̩
overdrevent	ˈʊːvərdræɪ̯ːn̩t
overdrevet	ˈʊːvərdrɛːvət
overdriv	ˈʉːvərdrɪʋ
overdrive	ˈʊːvərdrɪv
overdrivelse	ˈʊːvərdrɪvləsə
overdøve	ˈoːʋəɖøːʋə
overende	ˈʊvərɛndə
overens	ˈʊːvərəns
overenskomst	ˈʉːvərənskɔst
overenskomsten	ˈʉːvərənskɔmstən
overetasjen	ˈʊvərətɑʃn̩
overfall	oːʋəɾfɑl
overfalle	ˈoːʋəɾfɑlə
overfalle	ˈʉːvərfɑlə
overfallet	ˈʉːvərfɑlət
overfallsmannen	ˈʉːvərfalsmɑnən
overflaten	ˈʊːvərflaːtən
overflatisk	ˈʊːvərflɑːtɪsk
overflytting	ˈʉːvərflytɪŋ
overflødige	ˈʊːvərfluːdɪgə
overfor	ˈoːʋəɾfɔɾ
overfor	ˈʉːvərfɔr
overfylte	ˈʉːvərfyltə
overføre	ˈoːʋəɾføːɾə
overføre	ˈœvərføːr(ə)
overfører	ˈʉːvərføːrɛr
overføres	ˈʊvərføːɾəs
overføring	ˈoːʋəɾføːɾɪŋ
overføring	ˈʉːvərføːrɪŋ
overføringene	ˈœvərføːrɪŋnə
overføringer	ˈœʋərføːrɪŋər
overført	ˈoːʋəɾføːʈ
overført	ˈʊvərøɾt
overførte	ˈʉːvərftɾøːɾə
overga	ˈʊvərgɑ
overgang	ˈoːʋəɾgɑŋ
overgang	ˈʊvərgɑŋ
overgangen	ˈʊvərgɑŋən
overgangsalderen	ˈʉːvərgɑŋsɑɫːɛɾən
overgi	ˈʊvərjɪ
overgir	ˈʊvərjɪr
overgitt	ˈʉːvərjɪt
overgivelse	ˈʊvərgɪʋəlsə
overgrep	ˈʉːvərgrɛp
overgå	ˈoːʋəɾgoː
overgår	ˈʊvərgoːr
overhaling	ˈʊvərhɑːlɪŋ
overhode	ˈʊvərhʊːd̥ə
overhodet	ˈʉːvərhʊdət
overholde	ˈoːʋəɾhɔlə
overholder	ˈʊːvərhɔldər
overholdt	ˈʊːvərhɔlt
overhånd	ˈʊːvərhɔ́ːn
overhøre	ˈoːʋəɾhøːɾə
overhøre	ˈʉːvərhøːɾə
overhørte	ˈœʋərhœɾtə
overilt	ˈʉːvərɪlt
overkant	ˈʊvərkɑnt
overkill	ˈʉːvərkɪl
overkjøre	ˈoːʋəɾçøːɾə
overklassen	ˈʊvərklɑsən
overkommando	ˈʊvərkɔmando
overkommelig	ɔʋəɾˈkɔməlɪ
overkommelig	ˈʊːvərkɔməlɪ
overkommelige	ɔʋəɾˈkɔməlɪə
overkommeligst	ɔʋəɾˈkɔməlɪkst
overkommeligste	ɔʋəɾˈkɔməlɪkstə
overkropp	ˈʉːvərkrɔp
overkroppen	ˈʉːvərkrɔpən
overlagt	ˈʉːvərlɑkt
overlappe	ˈoːʋəɭɑpə
overlapper	ˈʊvərlɑpər
overlate	ˈoːʋəɭɑːtə
overlater	oːvˈlɑtɛr
overlater	ˈʊvərˌlɛːtər
overlates	ˈʊːvərlæːtəs
overlatt	ˈʊvərlɑt
overlegen	ˈoːʋəɭeːgən
overlegg	ˈʊːvərleg
overlegne	ˈʊːvərleːgnə
overleppen	ˈʉːvrleːpən
overlev	ˈʊːvərleːʋ
overlevde	ˈʊːvərˌlɛvdə
overleve	ˈʉːvrleːʋə
overlevelse	ˈʉːvərˌlɛvəlsə
overlevelsesinstinkt	ˈʊvərleʋəlsəsɪnstɪŋk
overlevere	ˈoːʋəɭəʋeːɾə
overleveres	ˈʊːvərleːʋərəs
overleveringen	ˈʊvərˌlæʋəɾɪŋ
overlevert	oːvɛrleːveːrt
overleverte	ˈʊːvərleːʋtə
overlistet	ˈʉːvərlistət
overlykkelig	ˈʉːvɾəlʏkəlɪ
overmann	ˈʊːvərman
overmanne	ˈoːʋəɾmɑnə
overmanne	ˈʉːvərmanːə
overmenneskelig	ˈʉːvərˌmɛnːəˌʃeːlɪç
overmodig	ˈʊːvərˌmuːdɪ
overmorgen	ˈoːʋəɾmoːəɳ
overmorgen	ˈʉːvərmɔɾgən
overmot	ˈʊːvərmɔt
overnatte	ˈoːʋəɳɑtə
overnatter	oːvɛrnɔtːe
overnatter	ˈʊvnɑtər
overnattet	ˈʊʋn̩atː
overnatting	ˈoːʋəɳɑtɪŋ
overnatting	ˈʊʋəɳatɪŋ
overnattingsfest	ˈʊːʋnɑtɪŋsfɛst
overnattingssted	oːʋəɳɑtɪŋste
overnattingssted	oːʋəɳɑtɪŋstɛd
overnaturlig	ˈoːʋəɳɑtʉːɭɪ
overnaturlig	ˈʊvnɑtʉːʁlɪg
overnaturlige	ˈoːʋəɳɑtʉːɭɪə
overnaturlige	ˈʊvnɑtʉːɭɪgə
overnaturligere	ˈoːʋəɳɑtʉːɭɪɾə
overnaturligst	ˈoːʋəɳɑtʉːɭɪkst
overnaturligste	ˈoːʋəɳɑtʉːɭɪkstə
overopphetet	ˈʉːvərʊpːhɛt̪
overordnede	ˈʊːvərɔɳə
overordnet	ˈʉːvərɔɾd̥n̩t
overraske	ˈoːʋəɾɑskə
overraske	ˈʊvərɑʂkə
overraskelse	ˈʉːvrɑskəlsə
overraskelsen	ˈoːvərˈaskilsən
overraskelsen	ˈʉːvrɑskəlsn̩
overraskelsesfest	ˈʉːvrɑskəlsɛsˌfɛst
overraskelsesmomentet	ˈʊvərɑskəlsɛsmʊntɛt
overraskende	ˈʉːvrɑskn̩d̥ə
overrasker	ˈʊːvrɑʃkər
overraskes	ˈʊːvrɑskəs
overrasket	oːʋəɾɑskət
overreagere	ˈʊːvrəɾɛɑːgəɾə
overreagerer	ˈʊvərɾæɪ̯gər
overrekke	ɔʋəˈɾɛkə
overrekker	ˈʊvərrɛkər
overrumple	ɔʋəˈɾʊmplə
overrumple	ˈʊːvrʉmplə
overrumplet	ˈʉːvrʉmplɛt
overs	ˈoːʋəʂ
oversatte	ˈʉːʃɑtə
overse	ˈoːʋəʂeː
oversett	ˈoːvərʃˌɛt
oversette	ˈoːʋəʂɛtə
oversettelse	ˈoːʋəʂɛtəlsə
oversettelse	ˈʉːʃɛtəlsə
oversettelsen	ˈʉːʃɛtələn
oversetteren	ˈʉːʃːɛtərən
oversettes	ˈʉːʃɾɛtsə
oversikt	ˈʊːɾsɪkt
oversiktlige	ˈoːʋəʂɪktlɪə
oversiktligere	ˈoːʋəʂɪktlɪɾə
oversiktligst	ˈoːʋəʂɪktlɪkst
oversiktligste	ˈoːʋəʂɪktlɪkstə
overskride	ˈoːʋəʂkɾiːdə
overskrider	ˈʊːʃkɾiːdər
overskrift	ˈoːʋəʂkɾɪft
overskrift	ˈʊːʃkrɪft
overskriften	oːvɛʃkrɪftɛn
overskriftene	ˈʊːʂkrɪftnə
overskrifter	ˈʉːʃkrɪftər
overskuelig	ˈoːʋəʂkʉːəlɪ
overskuelige	ˈoːʋəʂkʉːəlɪə
overskueligere	ˈoːʋəʂkʉːəlɪɾə
overskueligst	ˈoːʋəʂkʉːəlɪkst
overskueligste	ˈoːʋəʂkʉːəlɪkstə
overskyet	ˈoːʋəʂyːət
overskygge	ˈʉːʃʏkʏgːə
overskygget	ˈʉːʃkʏgət
overstyr	ˈʉːvərstyːr
overstyre	ˈʉːvərstyːr
overstyrer	ˈʊːvərstyːrər
oversvømme	ˈʊːʈʂvømːə
oversvømmelse	ˈʊːʃvœməlsə
oversvømmelsen	ˈʉːʃvømːəlsn
oversvømmelser	ˈʊːʈʂvœmːəlsɐ
oversvømmes	ˈʊːʃvœmːəs
overta	ˈoːʋəʈɑː
overtak	ˈʊːvərtɑk
overtakelse	ˈʉːvərtɑːkəlsə
overtaket	ˈʉːvəɾtɑkət
overtal	ˈʉːvəɾtɑːl
overtale	ˈoːʋəʈɑːlə
overtalelse	ˈʉːvəɾtɑːlɛsə
overtalende	ˈʉːvəɾtɑːlənə
overtaler	ˈʊːvərˌtɑːlər
overtales	ˈʊːvərˌtɑːls
overtalt	ˈʉːvərtaɭt
overtar	ˈʊːvəɾɑːr
overtiden	ˈʊːvəɾtɪːn
overtok	ˈoːvərtoːk
overtredelse	ˈʉːvərtrɛːləʂə
overtroisk	ˈoːʋəʈɾuːɪsk
overtroisk	ˈʊːvərtrøɪsk
overtroiske	ˈʊːvərtrʉiskə
overtrukket	ˈʉːvətrʉkət
overveide	ˈʉːvərʋeɪ̯d̥ə
overveie	ˈoːʋəɾʋæɪə
overveie	ˈʊvərˌʋiːə
overveiende	ˈoːʋəɾʋæɪənə
overveier	ˈʉːvərˌʋæɪ̯ːr
overvektig	ˈoːʋəɾʋɛktɪ
overvektig	ˈʉːvrɛktɪ
overvektigere	ˈoːʋəɾʋɛktɪɾə
overvektigste	ˈoːʋəɾʋɛktɪkstə
overvelde	ˈoːʋəɾʋɛldə
overvelde	ˈʉːvərˌʋɛɭd̥ə
overvelder	ˈʉːvərvelːər
overvinne	ˈoːʋəɾʋɪnə
overvinner	ˈʉːvərˌʋɪnːər
overvurderer	ˈʊːvərʋʉːdərər
overvurdert	ˈʉːvɾʉɖəɾt
overvåke	ˈoːʋəɾʋoːkə
overvåke	ˈʊːvərʋɑːkə
overvåker	ˈʊːvərʋɑːkər
overvåking	ˈʊːvərʋɑːkɪŋ
overvåkingen	ˈʉːvɾɔkɪŋən
overvåkingskamera	ˈʉːvɾɔkɪŋskɑmɛɾɑ
overvåkingskameraene	ˈʉːvɾœkɪŋskɑːmɛɾɛn
overvåkning	ˈʊːvɛɾˌʋɔːkŋ
overvåkningsbilder	ˈʊːvərʋɔknɪŋsˌbɪɭdər
overvåkningskamera	ˈʉːvɾɔknɪŋskɑːmɑːɾɑ
overvåkningskameraer	ˈʊːvərʋɔknɪŋsˌkɑːmɑːɾɛɾ
overvåkningskameraet	ˈʉːvɾɔkɳɪŋskɑːmɑːɾɑ
overvåkningsvideoen	ˈʉːvɾɔkɳɪŋsviˌdeːoʊən
overvære	ˈoːʋəɾʋæːɾə
overøse	ˈoːʋəɾøːsə
ovn	ovɛn
ovn	ɔvn
ovnen	oβ̞næn
ovnen	ɔvn̩
ovnene	ɔvnəne
ovner	ɔvne
ovner	ɔvnɛr
ovnstermometer	ʁovɳstɛrmometer
ovo	ovo
ow	ɔʋ
owen	ɔʋn
owens	ɔʋn̩s
owynn	ɔʋɪn
ox	ɔks
oxley	ɔkslɛ
oxy	ɔʏ
oy	ɔʏ
oye	ɔʏ
oyeblikk	ɔʏ̯bɭɪk
oyne	ɔɪnə
oyster	ɔɪstɾ
oz	ɔs
ozon	uzun
ozzie	ɔʃɪ
p	peː
p	pɔː
p-pille	pɛːpɪlːa
p-plass	ˈpːlɑsː
p-plassen	ˈpːlɑsːən
pa	pɑː
pablito	paːblɪtʊ
pablo	ˈpɑːbluː
pablos	ˈpɑːblɔs
pac	pɑːk
pac-man	pɑːtʃmɑːn
pacho	pɑço
pack	pɑk
packard	pɑkɑɾ
packer	pɑkɛr
paco	pɑːkʊ
padawan	ˈpɑːdɑʊ̯n
padde	fattæ
padde	paːdə
padde	ˈpɑdə
padden	ˈpɑːdən
padder	ˈpɑdər
paddington	pɑdɪŋtɔn
paddle	pɑdlə
paddy	ˈpɑdi
paden	ˈpɑːd̥n̩
padle	padlæ
padle	paːdlə
padle	ˈpɑdlə
padler	paːdləɾ
padlet	ˈpɑːdlɛt
padmé	ˈpɑːdmə
padre	paːdɾə
padrone	ˈpɑːdrʊnə
padua	pɑːdʉɑ
paff	pɑf
pah-gjenferdene	paːgjɛnˈfɛːdənə
pai	pæɪ
paiene	ˈpæɪ̯ːnə
paier	poɪ̯ɛr
paige	poːɪ̯ɪ
pain	peːn
paine	ˈpæɪnə
paintball	peɪntbɔl
painter	peɪnːtər
pakistan	ˈpɑːkɪstɑːn
pakistaner	pɑkɪstɑnɛɾ
pakistaneren	pɑkɪstɑˈlɛrn
pakistanerne	pɑkɪstɑnɑrnæt
pakistanerne	pɑkɪstɑnɛɳ
pakistans	pɑˈkɪstɑns
pakistansk	pɑkɪˈstɑnsk
pakistansk	pɑkɪˈstɑːnsk
pakistanske	pɑkɪstɑnskə
pakk	pag̊
pakka	pɑkːɑ
pakke	paːkə
pakke	pɑkə
pakke	ˈpɑkə
pakken	paːkːən
pakkene	paˈkːənə
pakker	pakər
pakkes	paːkʰs
pakket	pakkɛt
pakket	pakətə
pakkingen	ˈpɑkçɪŋən
pakkis	pakɪs
pakningen	pɑːkŋɪŋ
pakt	pɑkt
pakten	paːktn̩
paktens	pɑːktəns
pal	pɑːl
palace	paːlɑs
palass	pɑˈlɑs
palass	ˈpɑːlɑs
palasset	pɑlɑsɛt
pale	ˈpoːlə
palermo	palɛrmo
palermo	pæˈlæːmɔ
palestina	palastˈiːna
palestina	paˈlæstɪnɑ
palestinere	ˈpæləstɪnəɾə
palestinerne	ˈpæləstɪnəɳə
palestinsk	pæləˈstɪŋk
palestinske	pæˈlæʃtɪnskə
palin	paːlɪn
pall	paɭː
pallen	palːən
palm	paːlm
palme	paːlmə
palme	ˈpɑlmə
palmer	paːlmər
palmers	paːlmɛʂ
palmetre	palˀmˀɛtr̩˥
palmetto	pælmɛtə
palms	paːlms
paloma	pɑlɔmɑ
palpatine	pɑːlpɑːtɪn
pam	pɑːm
pamela	pɑˈmɛlə
pamuk	ˈpɑːmʉk
pan	pan
pancho	pɑntʃu
panda	pʰɑnːdɑ
pandaen	panˈdeːn
pandaer	pandæɾ
pandemi	pɑndɛmi
pandemier	pandəmˈiːa
pandora	pɑnˈdɔːɾɑ
pandoras	pɑnˈdɔːɾɑs
panel	pɑːnɛl
panelene	panɛlənə
paneler	panˀeːlər
paneler	pæˈnæɭər
panelet	panɛlət
panelet	panˈɛl
panem	panem
panert	panˈɛːrt
pang	pɑŋ
pangstart	pˈaŋstɑːɹt
panikk	panˈɪk
panikk	pɑnɪk
panikkanfall	pɑːnɪkːɑnfɑl
panikken	pɑːnɪkːn̩
panisk	pɑːnɪsk
panne	hannə
panne	panː
pannekake	panːkɑːkə
pannekake	ˈpɑnəkɑːkə
pannekakeis	panːəkakːiz
pannekaken	pɑnˀːɛkakɪ̞n
pannekakene	pænːkɑˈkeːnə
pannekaker	panːkɑkər
pannelugg	panˀɛlˌʉg
pannelugg	pɑnəlʉg
pannen	pan̪n̩
panner	panɛr
pannerett	pɑnəɾɛt
panser	pansər
panser	ˈpɑnsəɾ
panserbrytende	panˈsæɾbryːtənə
panseret	panˈsɛrət
panservogn	panˈsæɾvɔŋ
pansrede	panˈʂɾeː
pansret	pɑnsreːt
pant	pan̥t
pant	pɑnt
pante	panta
pante	ˈpɑntə
pantelåner	ˈpɑ̀ntəlɔːnər
pantelåneren	panˈtælnæɾən
panter	pɑntɛr
panter	pˈantər
panteren	pan'tɛrən
panteren	pantˈrˈun
pantet	pantat
pantet	pɑntɛt
panther	pʰɑ̀ntər
panthers	panθɛʂ
pants	panʈs
pantsatt	panˈtsɑt
pantsatte	panˈstɑtə
pantsette	panˈtsɛtə
pantsette	ˈpɑntsɛtə
paolo	poːluː
papa	pɑpɑ
papaji	pɑpɑɕi
papale	pɑpɑlə
paparazziene	ˈpɑːpɑɾɑˌsiːənə
paparazzier	ˈpɑːpɑrɑˌsiːər
papaya	pɑpɑjɑ
papayaen	papajˈan
papegøye	papagajɐ
papegøye	poːpɛgøʏə
papegøyer	paːpɛgøɪ̯ɾ
paper	pɑːpər
papet	pɑpɛt
papi	papi
papill	papˈil
papillon	pɑpɪlɔn
papir	pɑˈpiːɾ
papir	pɑːpɪr
papirarbeid	pɑːpɪɾɑːrbæɪ̯
papirarbeidet	pɑpɪɾɑɾbɛɪt
papirene	pɑːpɪɾənə
papirer	pɑpɪɾɛɾ
papiret	pɑpɪrɛt
papirhandel	pɑˈpiːɾhɑnəl
papirkurven	pɑːpɪɾkʉːʋən
papirlapp	papˈiːrlapp
papirlapp	ˈpɑːpɪɭɑp
papirpose	pɑːpɪɾpɔːsə
papito	pɑpɪtʊ
papp	pɑpː
pappa	pɑpːə
pappa	ˈpɑpɑ
pappaen	pappɑˀn
pappaen	pɑpːən
pappaer	pɑpɛːɾ
pappas	ˈpɑpːɑs
pappeska	papˈeska
pappesker	ˈpɑpəʃkər
pappmasjé	ˈpɑpːmɑʃeː
papprizzio	papɾiˈtsiɔ
pappskalle	ˈpɑpskɑlə
pappy	ˈpɑpːi
paprika	pɑpɾika
paprika	ˈpɑːprikɑː
paprika	ˈpɑːpɾɪkɑ
paps	pɑps
papsen	papsən
paquita	paˈkita
par	pɑːɾ
para	para
para	pɑːɾɑː
parabatai	paɾaβɑːtɑɪ̯
parabol	pare̞bûːl
parabolen	pɑːɾɑːbɔːlən
parade	paːɾɑːdɛ
paraden	paːɾadən
parader	paːɾɑːdɛɾ
paradere	pɑɾɑˈdeːɾə
paradigme	paradigma
paradis	pɑɾɑdɪs
paradise	ˈpɑːrɑːdɪs
paradiset	paradisa
paradiset	paːɾaˈdɪsət
paradoks	pɑɾɑdɔks
paradoksal	pɑɾɑdɔkˈsɑːl
parafin	parafiːn
parafin	pɑːɾɑːfɪn
paragraf	paɾagɾɑf
paraguay	paɾagʉɪ
parallell	pɑɾɑˈlɛl
parallell	ˈpɑːrɑlɛl
parallelle	ˈpɑːrɑlɛɭə
paralysere	pɑɾɑlʏˈseːɾə
paralysert	paːɾalʏsɛɾt
paramilitære	ˈpɑːrɑmɪlɪˌtæːɾə
paramount	ˈpɑːɾɑmʊnt
paranoia	pɑːrɑːnɔɪɑ
paranoid	ˈpɑːrənɔɪt
paranoide	paˈɾɑːnɔɪ̯d̥ə
paranormal	paːɾanɔɾmɑːl
paranormale	paːɾanʊmɑːlə
paraply	hoɾaplʲi
paraply	pɑɾɑˈplyː
paraply	ˈpɑːrɑply
paraplyen	paraplʏn
paraplyer	ˈpɑːrɑpʰlyːər
parasitt	ˈpɑːrɑsɪt
parasitten	ˈpɑːrɑsɪt̪n̩
parasittene	ˈpɑːrɑsɪtənə
parasitter	ˈpɑːrɑsɪtər
parasoll	paɾɑsɔl
parat	paːɾɑt
parat	pɑˈɾɑːt
parbat	pɑɾbɑt
pardillo	paɾdiɭo
pardon	pɑɖn
pare	paːɾə
pare	ˈpɑːɾə
parene	paːɾənə
parene	pɑɾinɐ
parentes	pæˈɾɛntəs
parer	paːɾ
paret	paːɾət
parforhold	paɾfɔɾhɔld
parfyme	parfymˈa
parfyme	paɾfʏmːə
parfyme	pɑɾfyːmə
parfymen	paɾfʏmən
parfymer	paɾfʏmɛr
parfymeri	pɑɾfʏməˈɾiː
parfymert	parfʲimɛt
paria	paˈɾiːə
paring	paːɾɪŋ
paris	paːɾɪs
pariserhjul	ˈpɑːrɪsərɪjʉːl
pariserhjulet	ˈpɑːrɪsɛɾjʉːlə
parisisk	parisˈɛk
park	pɑɾk
park	pɑːɾk
parken	paɾkən
parkene	paɾkənə
parker	pʊ̞rkɪ̞r
parkere	paʁkəɾə
parkerer	paɾkəɾɛɾ
parkerer	pˌaːɾkeːrər
parkeringen	paɾkəɾɪŋ
parkerings	paɾkəɾiŋs
parkeringsbot	paɾkəɾiŋsbuːt
parkeringshus	paɾkəɾiŋsɪs
parkeringshuset	ˈpɑːɾkəɾɪŋsɑʊ̯s
parkeringskjelleren	ˈpɑːrkəɾɪŋsçæɪləɾən
parkeringsplass	paɾkəɾiŋsplɑsː
parkeringsplass	pɑɾˈkeːɾɪŋsplɑs
parkeringsplassen	ˈpɑːrkəɾɪŋsplɑsən
parkeringsplasser	ˈpɑːrkəɾɪŋsplɑsːər
parkeringsvakt	paɾkəɾiŋsvɑkt
parkers	paːkɛʂ
parkert	paːɾkɛɾt
parkerte	paɾkɛɾtə
parketaten	paɾkəˈtɑːtən
parkett	pɑɾˈkɛt
parkinsons	paɾkɪnsɔns
parkman	paʁkman
parkometer	pɑɾkʊˈmeːtəɾ
parks	paʂks
parkway	paɾkʋɑː
parlamentet	paɽɑmɛntɛt
parløp	pɑːɭøːp
parmesan	paɾmɛsɑn
parnell	pɑːɳɛɭ
parodi	aɾodi
parre	paʂːə
parris	paʁɪs
parrish	paʂː
parson	paʂːɔn
parsons	paʂsɔn
part	paːɾt
parten	pɑːɾtn̩
partene	paɾtənə
parterapi	paʈəɾɑːpɪ
partere	paʈɾə
parterer	paʈəɾəɾ
partert	pɑːɾtɛɾt
parti	pɑɾtɪ
partiene	paɾtɪənə
partiene	pɑˀrtˈiːənə
partier	paɾˈtiːɾ
partiet	partˈiː
partiet	paˈɾiːtə
partiets	paɾtiːts
partikkel	pɑɾtɪkəl
partikkelakseleratoren	pɑɾtɪkɛləksɛlʊɾɑtɔɾɛn
partiklene	paɾtɪkˈlənə
partikler	pɑːtɪkləɾ
partileder	paɾtiˈleːɖɛ́ɾ
partimedlem	pɑːɾtɪˈmɛɫm
partisanene	paɾtɪˈsɑːnə
partisaner	ˈpɑːrtisɑːnər
partisk	paɾtɪsk
partner	ˈpɑːtnər
partnere	pɑːʈnɛɾɛ
partneren	ˈpɑːtn̩ʁən
partnerne	ˈpɑːtn̩ʁnə
partners	paʈn̩s
partnerskap	paʈːnɛʂkɑːp
partnerskapet	ˈpɑːrtn̩ʃkɛːpə
party	paɾti
partyet	pɑːɾtˈyː
parykk	paɾʏk
parykk	pɑˈɾʏk
parykken	paɾɪkːn
parykken	pʊ̞rɪ̞kːɪ̞n
parykkene	paɾɪkːənə
parykker	paɾɪkːər
pas	pɑːs
pasa	paːsɑ
pasadena	pɑsɛdɛnə
pascal	ˈpɑskɑl
pasha	paʃa
pasienten	pɑˈsi̯ɛntn̩
pasientene	ˈpɑːʃɪəntnə
pasienttaxi	pasiːˈntˈaksi
pasifist	ˈpɑːsɪfɪst
pasifister	pɑˈsɪfɪstər
pasja	paʂjɑ
pasning	pɑʃnɪŋ
pasquinel	pɑskɪnəl
pass	pɑs
passa	fassa
passa	paʂːɑ
passasje	ˈpɑsɑʃə
passasjen	ˈpɑsɑʃən
passasjer	pɑsɑʃɛr
passasjer	pɑsɑˈʂeːɾ
passasjeren	pɑsɑʃɛɾɛn
passasjerene	ˈpɑsɑʃəɾənə
passasjerer	ˈpɑsɑʃəɾ
passasjerfly	pɑsɑʃɛɾfly
passasjerlisten	ˈpɑːsɑʃɛːrˌlɪstən
passasjersetet	ˈpɑːsɑʃɪɛ̯ɾɛsɛt
passe	past̪s̺
passe	pɑsə
passe	ˈpɑsə
passelig	ˈpɑsəlɪ
passelige	ˈpɑsəlɪə
passeligere	ˈpɑsəlɪɾə
passeligst	ˈpɑsəlɪkst
passeligste	ˈpɑsəlɪkstə
passende	pɑsənə
passende	pɑsˈsɯndɯ
passende	ˈpɑːsənə
passene	ˈpɑsːənə
passepartout	ˈpɑːsəpɑːrtuː
passer	paʂːər
passere	ˈpɑsəɾə
passerende	ˈpɑsəɾɛndə
passerer	pɑˈʃeːɾə
passerseddel	ˈpɑsəʃɛɖəl
passert	pɑˈʂːɛʈ
passerte	pasˈeːrt
passet	ˈpɑsːət
passiv	ˈpɑsɪʋ
passivt	ˈpɑːsɪvt
passkontroll	ˈpɑskʊntɾɔl
passkontrollen	ˈpɑːskɔntɾɑln̩
passord	pɑʃɔɾ
passordbeskyttet	pɑʃɔɾdbɛskʏtː
passordene	ˈpɑːsɔɾnə
passordet	pɑʃɔɾɛt
passé	pɑˈseː
pasta	pasta
pasta	ˈpɑstɑ
pastaen	pastˈan
pastaen	ˈpɑstɑːn
pastaer	pastˀɑːr
pastill	pɑstɪl
pastor	ˈpɑstʊʂ
pastoren	ˈpɑːstɔːrən
pastorens	ˈpɑstɔɾəns
pastrami	pɑstrɑmi
pat	pɑt
patch	pɑtʃ
patel	ˈpɑːtəl
patent	pɑtɛnt
patent	pɑˈtɛnt
patenter	ˈpɑːtəntər
patentet	pɑtɛntɛt
pater	ˈpɑːtər
patetisk	pɑtɛtɪsk
patetisk	pɑˈteːtɪsk
patetiske	pɑtɛtɪskə
patmore	pɑtˈmuːɾə
patogen	pɑtɔgən
patogenet	pɑtɔˈgeːnət
patolog	pɑtɔlɔg
patologen	ˈpɑːtulɔgən
patologi	pɑtɔlɔgi
patricia	patrisja
patrick	ˈpɑːtʁɪk
patricks	ˈpɑːtrɪks
patrik	pɑtɾɪk
patriot	ˈpɑːtɾɪɔːt
patrioter	ˈpɑːtrɪu̯təɾ
patriotisk	ˈpɑːtɾiɔːtɪsk
patriotisme	patriɔtɪsmə
patris	paːtɾɪs
patronen	ˈpɑːtrʊnən
patronene	ˈpɑːtrunənə
patrulja	ˈpɑːtrʉlja
patrulje	ˈpɑːtrʉːjə
patruljebil	ˈpɑːtrʉjəbɪl
patruljen	ˈpɑːtrʉlʏn
patruljere	pɑtɾʉlˈjeːɾə
patruljere	ˈpɑːtrʉɫjæɾə
patruljerte	ˈpɑːtrʉɫjɛɾtə
patsy	paːtʃiː
patte	pˈatːə
patte	ˈpɑtə
pattedyr	patədyːr
patter	patɛr
patterson	ˈpɑːtəʃən
patti	patɪ
patton	ˈpɑtːɔn
pattons	patːɔns
patty	patɪ
paul	pou̯
paul	poːl
paula	puɑːlɑ
paulette	poʊˈlɛtə
paulie	pɑʉ̯ːli
paulines	pɑʉ̯lɪnɛs
paulo	poːlʊ
pauls	poːls
paulson	paʊlsɔn
paulus	poːlʉs
pauly	poʊlʏ
pause	pɔʉ̯s
pausen	puːsən
pausene	poʊ̯sənə
pauserommet	ˈpɑʉ̯səɾɔmːə
pave	poːvə
pavel	pɑːvl̩
pavelig	poːvəlɪ
pavelige	ˈpɑːvəlɪgə
paven	ˈpɑːvən
pavens	pɑːvəns
paver	poːvər
paviljongen	ˈpɑːvɪljɔgn̩
pavlovich	poːvlɔʋɪç
pavri	poːʋɾiː
pawley	poʊlɛɪ
pawnees	pɔʋneːs
pawter	poːtɛr
pax	paːks
payton	peɪtɔn
pc-ene	pːsɛnə
pcen	peːʃn̩
pe	peː
pea	peː
peaches	peːtʃ
peak	piːk
peanøttene	peːˈnœʈːə
peanøtter	peːnɔtːər
peanøttsmør	peːˈnœʈsmœɾ
pearlman	peːɭmɑn
pearson	peːɾsɔn
pecos	peːkɔs
pedagogisk	pæðəgogʲisk
pedalen	ˈpæːdələn
pedalene	pɛdalˈnˈ
pedaler	pedale
pedantisk	pəˈdɑntɪsk
peder	peːd̥ər
pedikyr	ˈpæːdɪkʏːr
pedo	pɛːdʊ
pedofil	ˈpæːd̥oːfɪl
pedro	ˈpɛdrʊ
pedrosa	ˈpɛdrʊsɑ
pee	piː
pee-wee	piːˈʋeː
peek	piːk
peep	piːp
peer	piːr
peeta	peːtɑ
peg	peːg
pegasus	peːgɑsʉs
peiler	pei̯lɛ́ːr
peilet	peːlət
peiling	ˈpæɪlɪŋ
peis	pei̯s
peisen	pei̯sən
peisen	pˈaɪzən
peishyllen	peɪʃʏlːən
pek	peːk
peke	peːkə
peke	pˈɛkə
peke	ˈpeːkə
pekefinger	pˈɛkəfˈɪŋer
pekefinger	ˈpɛːkəfɪŋər
pekefingeren	peːkəfiŋəɾən
pekepinn	peːkəpɪn
peker	pɛkɛɾ
peking	pɛkɪŋ
pekka	peːkːɑ
pekt	pɛkt
pekte	pˈɛktə
pelham	pɛlhɑm
pell	pɛɭ
pelle	peːlə
pellit	peɭːɪt
pels	pel̥s
pels	pˈɛls
pelsen	peːlsən
pelsene	pelsnˈe
pelsene	peːlsənə
pelser	peːlsər
pelslue	pɛlsløːə
pelsvegg	pelʃvɛg
pelé	pɛˈleː
pemberley	ˈpæ̀ːmbɛɭɛɪ̯
pemberton	ˈpæmbəɾtn̩
pembroke	pɛmbɾuk
pen	peːn
pen	pɛn
pena	peːnɑ
pence	ˈpɛnsə
pendle	ˈpɛndlə
pendle	ˈpɛnlə
pendleton	pɛndlɛtn̩
pendragon	pɛndɾɑːgɔn
pendry	ˈpɛndʁʏ
pene	pɛːnɑ
penelope	pɛnɛˈlɛpə
penere	ˈpɛːnəɾə
penetrere	ˈpɛnətɾəɾə
penetrering	pɛnɛtɾeɾɪŋ
peng	peŋ
penga	peŋgɑ
penge	pˈɛŋə
penge	ˈpɛŋə
pengeanvisning	pɛŋəɑnʋiːsnɪŋ
pengeinnsamling	ˈpɛŋəɪnːsɑːlɪŋ
pengelens	peŋːəlɛns
pengene	peŋːənə
pengenes	peŋːənɛs
pengeproblemer	ˈpɛŋəpɾɔbləmeɾ
pengepung	pɛŋəpʊŋ
penger	hæŋˈɛ
penger	pæŋɪr
penger	pɛŋəɾ
penger	ˈpeŋəɾ
pengeseddel	pɛŋəsɛdəl
pengesedler	pˌɛŋɪsədˌɛɾ
pengesekken	peŋɛsɛkɛn
pengeskap	ˈpɛŋəʃkɑːp
pengeskapet	ˈpeŋəʃkɑːpət
pengesum	ˈpɛŋəˌsʉm
pengetransport	ˈpɛŋətrɑnspɔrt
pengetransporten	ˈpɛŋətrɑnspɔɾtən
pengeutpressing	ˈpɛŋəʉtˌprɛsɪŋ
penicillin	ˈpɛnɪsɪlɪn
penisen	ˈpeːnɪsn̩
penisene	ˈpɛːnɪsənə
peniser	ˈpæːnɪsər
penn	pɛn
penn	ˈpæ̂n
pennen	ˈpɛnːn̩
pennene	ˈpɛnːə
penner	pˈɛnnɛt
penner	ˈpɛnːər
penney	ˈpɛnːi
pennisi	ˈpɛnːɪsɪ
penny	ˈpɛnːi
pennys	ˈpɛnːs
pensacola	ˈpɛnsəkoʊlə
pensel	pensiɾ
pensel	ˈpæ̀n̥səl
pensjonat	ˈpæ̂nʃʊnɑt
pensjonatet	pɛnʃʊnɑt
pensjonerer	ˈpɛnʃunəɾə
pensjonerte	ˈpæ̀nʃʊnəɾtə
pensjonist	ˈpæ̀nʃʊnɪst
pensjonisttilværelsen	ˈpæ̀nʃʊnɪstːɪlˌvæːɾəl̩n
pensjonsfond	ˈpæ̀nʂɔnsfɔn
pensjonsfondet	pɛnʃɔnsfɔnt
pensle	ˈpɛnslə
pensum	pɛnsɪm
pensum	ˈpæ̀nsʉm
pent	pɛnt
pentagon	ˈpɛntɑgɔn
penthouse	pɛntʰʉs
pep	pep
pepe	peːpə
pepes	peːpəs
pepito	ˈpæpɪtʊ
pepper	pˌɛpər
pepper	ˈpɛpəɾ
pepper	ˈpɛpːər
peppermynte	ˈpɛpəˌmʏntə
peppermø	pepɛrmøː
pepperoni	ˈpɛpəˌɾuːnɪ
pepperspray	ˈpɛpəʂpɾɑɪ
peppersprayen	ˈpɛpəʂpɾæɪən
pepre	ˈpɛpɾə
peprer	petriɾ
pepret	ˈpæːpɾət
pepsi	peːpsi
peptalk	pɛptɑːk
per	peːɾ
per	pɛɾ
per	tɪ̞r
peralta	pɛɾɑltɑ
perd	pɛɾ
perdy	peɾdy
perez	peːɾɛs
perfect	pɛɾfɛkt
perfeksjonist	ˈpæɾfɛkʃnɪst
perfekt	pæɾˈfɛkt
perfekt	pɛɾfɛkt
perfekt	pɛʁfˈɛkt
perfekte	ˈpæɾfɛktə
perfektiv	pɛrfɛktiv
perforere	pɾefurɛɾa
pergament	ˈpæɾgɑmɛnt
perimeteret	ˈpæːrimɪˌɾeːt
periode	ˈpæːrɪəˌdeː
perioder	pæɾˈioːdər
periskop	ˈpæɾiskɔp
perk	pɛɾk
perkin	ˈpæɾkɪn
perkins	ˈpæːrkɪns
perle	pɛɭə
perle	ˈpæːɭə
perlekjede	pɛɭkəgəiː
perlen	ˈpæɾlən
perlene	ˈpæɭnə
perleporten	ˈpæɾləˌpɔɾtn̩
perler	ˈpæɭər
perm	pæɾm
permanent	pæɾmɑˈnɛnt
permanente	pɛrmanent̪ɛ
permanente	pɛrmɑnɛntə
permen	ˈpæːrmən
permene	pærmɪnø
permisjon	pɛɾmɪsjɔn
permisjonen	ˈpæɾmɪʃuːn
permitteringen	pæɾmjɪtɪ̞rɪ̞ŋɪ̞n
permitteringer	pɜːrmjɪteːrjɛŋir
pernilla	peːɳɪlːə
pero	pɛɾʊ
peron	pæɾɔn
perpleks	pæɾˈplɛks
perrong	pɛɾɔŋ
perrong	ˈpæɾɔŋ
perrongen	ˈpæɾʊŋən
perronger	pˈɛrʊŋər
perry	peːɾʏ
pers	pɛʂ
pershing	ˈpæʂɪŋ
persia	ˈpæʂɪə
persiennene	ˈpæɾsɪənə
persille	pɛʂɪlə
persille	ˈpæɾsɪlə
persisk	ˈpæʂɪsk
perski	ˈpæʂkɪ
person	pæˈʂuːn
person	pɛʂn̩
personalavdelingen	ˈpæːrsənɑːɫɑːvdeːlɪŋən
personalet	ˈpɛrsɔnɑlɛt
personalia	pɛʂɔˈnɑlɪɑ
personell	pɛrsɔnɛɭ
personen	ˈpɛrsɔn̩
personer	pɛʂˈnɛɾ
personiig	ˈpɛrsɔnɪg
personlig	pæˈʂuːnlɪ
personlige	pæˈʂuːnlɪə
personlige	ˈpɛʂːnliːgə
personligere	pæˈʂuːnlɪɾə
personlighet	ˈpæʂːnliːghɛt
personligheten	pɛʂnlighɛtn̩
personligheter	pɛʂnligˈheːtər
personligste	pæˈʂuːnlɪkstə
personnummer	ˈpɛʂːnːʉmɛɾ
personnummeret	ˈpæɾsɔnˌnʉməɾət
personsøkere	ˈpæɾsɔnˌsøːkəɾə
perspektivene	pɛrʃpɛktʲivɪn
perspektivet	pɛrʃpɛktjvæ
persson	ˈpæʂːɔn
pertentlig	pæˈʈɛntlɪ
pertentlige	pæˈʈɛntlɪə
pertentligere	pæˈʈɛntlɪɾə
pertentligst	pæˈʈɛntlɪkst
perth	pɛɾt
peruaner	pɛrʉanɛr
pervers	pæɾˈʋæʂ
perversjon	pɛɾˈʋæʂjɔn
perverst	pɛɾˈʋæɾst
pervo	pɛɾʋo
pervoen	pɛɾʋuːən
pervoer	ˈpæːrvœɾ
pes	peːs
pese	ˈpeːsə
pesende	peːsɛndə
peser	peːsər
peshawar	peʃɑʋɑːr
pesos	peːsɔs
pessimist	ˈpɛsɪmɪst
pessimistisk	pəsɪˈmɪstɪsk
pessimistisk	ˈpɛsɪmɪstɪsk
pest	peʃt
pest	pˈɛst
pesten	peːstən
pesten	pˈɛst
pesto	peʃtʊ
pet	peːt
petal	peːtɑːl
pete	peːtə
peter	peːtər
peters	peːtɛʂ
petersburg	ˈpɛːtərsbʉːɾ
petersen	peːtɛɾsən
petes	peːtəs
petey	peːtɪ
petra	peːtɾɑ
petrelli	ˈpɛtrɛliː
petrina	ˈpɛtɾɪnɑ
petrologi	pɛtrʊnogii
petrov	pɛtɾɔv
petrovich	ˈpɛːtroʋɪç
petruccio	ˈpɛtrʉʃo
petrus	ˈpɛːtrʊs
petter	pˈetir
petter	ˈpɛtər
petterson	ˈpɛtːɛsn̩
pettersson	ˈpɛtɛʂːɔn
petula	ˈpɛtʉlə
petunia	ˈpɛtʉːnɪə
petyr	peːtʏɾ
peyton	peɪtɔn
peña	peːnɑ
pfeifer	pfɛɪvər
pfeiffer	pfɛɪfər
pg	pg
pga	pgɑ
pga	pgɑː
phares	faːɾəs
phelan	feːlɑn
phelps	feːls
phi	fiː
phil	fil
philby	filbi
phileas	filɑs
philibert	filɪbɛɾt
philip	filɪp
philippe	filɪpːə
philips	filɪps
phillies	filɪs
phillip	filːɪp
phillippe	filɪp
philly	filʏ
philomena	filuːmɛnə
phils	filʃ
pho	foː
phoebe	foːb
photoshop	foːtɔʃɔp
pi	piː
pia	pˈia
pian	piːɑːn
pianist	pɪɑˈnɪst
pianisten	piˈɑːnɪstən
piano	piˈɑːnʊ
piano	pɪˈjɑːnu
pianoet	piːɑːnə
pianotimer	piːɑːnɔtɪmər
piass	piɑs
piazza	piɑsːɑ
picasso	ˈpɪkɑsɔ
piccadilly	ˈpɪkɑdɪl
pickett	pɪkət
pickle	pɪkəl
pickles	piːkəls
pickup	pɪkʉp
pickupen	pɪkʉpən
pickuper	pɪkʉpɛr
picture	ˈpɪktʃə
pictures	ˈpɪktʃərs
pid	piːd
pidestall	piːdɛstɑːl
pie	piː
pied	piːɛ
piedra	piːɛdrɑ
pieier	piːɛr
pier	piːr
pierce	piːɾs
piercing	piːɾʃɪŋ
piercing	pˈiɹzɪŋ
pierre	piːɾːə
piers	piːɾs
pierson	piːɛsɔn
pietari	piːˈtɑːrɪ
pieter	piːtər
pietro	piːtr̥o
piffe	ˈpɪfə
pig	piː
pigeon	piːgn̩
pigg	pig
pigg	pɪg
pigg	pˈɪŋ
pigge	piːgə
piggene	piːgənə
pigger	pigːər
piggtråd	pigːtrɔː
piggtråden	pigːtrɔːdən
piggy	piːgi
pikachu	piːkaʈʃuː
pikant	piːkɑnt
pikant	pɪˈkɑnt
pike	piːkə
piken	piːkən
pikenavn	piːkəˈnɑːn
pikenavnet	piːkənɑvnət
pikene	piːkənə
pikenes	piːkənɛs
pikens	piːkəns
piker	piːkɛr
pikes	piːkəs
pikk	pik�a
pikk	pɪkː
pikkels	piːkəls
pikken	piːkən
pikkene	piːkəne
pikker	piːkːər
pikkhue	piːkʰʉː
pikkolo	ˈpɪkːɔluː
piknik	piːkniːk
pikniken	piːkniːkən
piksel	pˈɪksəl
pil	piːl
pil	pˈeːl
pila	piːlə
pilar	piːlɑːr
pilates	piːˈlɑːtəs
pilatus	piːˈlɑːtʉs
pilcher	piːlçɛr
pile	pˈiːl
pilegrim	piːlɛgɾɪm
pilegrimen	piːlɛgrɪmən
pilegrimene	piːlɛgɾɪmənə
pilegrimer	piːlɛgrɪmɛr
pilegrimsferd	piːlɛgrɪmsfɛɾ
pilen	piːlən
pilene	piːˈleːnə
piler	piːlə
pilgrim	piːlgɾiːm
pilkington	piːlkɪŋtn̩
pill	piːɭ
pillar	pilɑr
pille	piːlə
pille	ˈpɪlə
pillen	piːlən
pillene	piːləne
piller	piːl̥ər
piller	pˈɪlər
pilot	piːlɔt
piloten	piloːtˢ˥mˌ
piloten	piːlɔtən
pilotene	piːlɔtənə
piloter	piːlʊtər
pils	piːls
pilsner	filsnæt
pilten	piːltn̩
pin	pɪn
pina	piːnɑ
pinadø	piˈnɑːdøː
pincus	piŋkʉs
pine	piːnə
pinebenk	pˈɪnbˈɛŋk
pinebenken	piːnəˈbɛŋk
pinefull	piːnəful
pinehearst	piːnəɛʂt
piner	piːneɾ
piner	piːnɛr
pines	piːnəs
piney	piːnə
ping	pɪŋ
ping-pong	piŋˈpoŋ
pingla	piŋlə
pingle	piŋːlə
pinglen	pˈɪŋlˈɛn
pingler	pˈɪŋlər
pinglete	piŋglɛtə
pingvin	piŋgʋiːn
pingvinen	piŋvɪnən
pingvinene	piŋˈviːnə
pingviner	piŋˈviːnər
pink	piŋk
pinkberry	piŋkˈbɛrɪ
pinkman	piŋkman
pinky	piŋkɪ
pinlige	piːnliːgə
pinlige	pˈiːnlˈɛː
pinligere	ˈpiːnlɪɾə
pinne	pinni
pinne	piːn̩
pinne	ˈpɪnə
pinnen	piːnːə
pinnene	piːnːə
pinner	piːnɛr
pinner	pˈɪnər
pinnsvin	pɪnːsvɪn
pino	pɪnʊ
pinocchio	pɪˈnɔkjo
pinot	piːnɔt
pinse	pins
pinse	ˈpɪnsə
pinsett	pɪnˈsɛt
pinsler	pɪnsləɾ
pint	piːnt
pinte	pɪntə
pinto	pɪntuː
pioner	pionɛr
pioner	piˈɔnər
pip	piːp
pip	pˈiːp
pip-pip	piːppiːp
pipa	piːpɑ
pipe	piːpə
pipe	pˈip
pipelyd	piːpəlɪː
pipen	piːpən
piper	piːpɛr
pipers	piːpɛʂ
pipes	piːpəs
pipet	piːpɛt
pipetonen	piːpətɔn̩
pipetter	pʲɪpɛtːɪ̞r
piple	ˈpɪplə
pippa	piːpːɑ
pippi	pɪpɪ
pippin	piːpɪn
pir	piːr
pirat	piːɾɑt
pirate	piːɾɑːtə
piraten	piːˈɾɑːtən
piratene	piːɾɑtənə
pirater	piːˈɾɑːtər
piren	piːɾən
pirk	piːɾk
pirke	piːɾkə
pirke	ˈpɪɾkə
pirker	piːɾkɛɾ
pirkete	piːɾkɛtə
pirko	piɾkʊ
piroger	piːɾʊgəɾ
pirre	ˈpɪɾə
pirrende	piːɾːɛn̩d̥
piruett	piːˈɾœt
pisa	piːsɑ
piscatella	piʃkɑtɛlɑ
pisk	piʂk
pisk	pˈisk
piske	piːʃkə
pisken	piʃkən
pisker	piʃkər
piskes	piːʃəs
piskeslag	piʃkəslɑːg
pisket	piʃkət
pisking	piʃkɪŋ
pisking	piːskiːm
piss	pˈis
pissa	pisːɑ
pisse	piːsə
pisse	pˈɪs
pisser	piːsɛr
pisset	piˈsɛt
pissoar	pɪsʊɑːɾ
pissprat	piʂprɑt
pisspreik	piʂˈpɾæɪ̯k
pisspreiket	piʂˈpɾæɪ̯kət
pistasj	piˈstaʃ
pistoien	piʃtuɪ̯ən
pistol	piʃtɔl
pistolen	piˈstɔln̩
pistolene	ˈpɪstlʉnə
pistoler	piˈstʉːlɛɾ
pistolskudd	ˈpɪstɔlskʉt
pit	piːt
pita	piːtɑ
pitbull	piːtbul
pitcher	piːçər
pitka	piːtka
pitt	pɪt
pittman	piːtman
pitts	piʂs
pittsburgh	ˈpɪtsbʊɾg
piuss	piʉs
pizza	piːtsɑ
pizzaen	piːtsɑən
pizzaost	pitsaust
pizzeria	piˈʂeːɾiɑ
piña	piːnɑ
pj	pj
pjatt	pjat˥
pjatt	pjɑt
pjatte	pjatːa
pjokk	pjɔk
pjokk	pçɔk
pjokken	pjokːiːn
pjusk	pjʉsk
place	plɑːs
placebo	plasˈɛbo
pladask	ˈplɑːdɑʂk
plaffe	ploːfɛ
plaffer	ploːfɛr
plaffet	plɑfːət
plag	plɑːg
plage	ploːgə
plage	ˈplɑːgə
plagede	plogəɛː
plagen	ploːgən
plagene	ploːgənə
plager	ploːgər
plaget	plogət
plageånd	ploːgæɲː
plaggene	plˈɑːgjana
plagiere	plɑgɪˈeːɾə
plagsom	ploːgsɔm
plagsomme	plogˈsɔmːə
plagsomt	plogsɔmt
plain	plæɪn
plains	plæɪns
plait	plɛɪt
plakat	ploˈkɑt
plakat	plɑˈkɑːt
plakatene	ploˈkɑːtənə
plakater	plakːatər
plakater	ploːkɑːtər
plaketten	ˈplɑːkɛtən
plan	plɑːn
planen	plɑːnən
planene	planəne
planer	planɛɾ
planet	plɑːnɛt
planeten	plɑːnɪtɛn
planetene	planˈeːtnə
planetene	ˈplɑːnətənə
planetens	ˈplɑːnətəns
planeter	planɛtər
planets	plɑːnɛts
plank	plɑŋk
planke	plankə
planke	plˈankə
planke	ˈplɑŋkə
plankekjøring	plankeːkɔːɾɪŋ
planken	plɑŋkən
plankene	plɑŋkənə
planker	ˈplɑŋkər
plankton	ˈplɑŋktɔn
planla	planlɑ
planlagt	plɑːnˈlɑːkt
planlagte	planlɑgtə
planlegg	planlɛg
planlegge	planlɛgə
planlegge	ˈplɑːnlæɪə
planlegger	planlɛgər
planlegges	planlɛgːəs
planlegging	planlɛgɪŋ
planlegging	ˈplɑːnlæjɪŋ
planleggingen	planlɛgɪŋ
plant	plɑːnt
planta	plɑntɑ
planta	pranta
plantasje	plɑntɑʃə
plantasjen	plɑntɑʃɛn
plante	plɑ̀ntə
plante	plˈantə
plante	ˈplɑntə
plantebasert	plantəˈbɑːsæɾt
plantegningene	ˈplɑ̀ːntəgnɪŋə
plantegninger	plɑ̀ntəgnɪŋər
planten	plɑːntən
plantene	plɑntnə
planter	plɑn̪tər
planter	plˈantɛr
plantespiser	plˈantəspiːsər
plantet	plantˈe
plantet	plɑntət
plapre	plɑːprə
plaprer	plɑːprə
plaske	plˈaska
plaske	ˈplɑskə
plasma	ˈplɑːsma
plasmaen	ˈplɑːsmaːn
plass	plɑs
plass	plɑsː
plassbillett	ˈplɑsbɪlɛt
plassen	plɑsːn̩
plassene	plɑsːə
plasser	ˈplɑsər
plassere	plɑsːɛr
plassere	plɑˈseːɾə
plasserer	plasˈiːrˈi
plasserer	ˈplɑsəɾə
plasseres	ˈplɑsəɾəs
plasseringen	plɑsːəɾɪŋ
plasserte	ˈplɑsːɾtə
plassér	ploʂːɛr
plast	plas
plast	plɑst
plasten	ˈplɑstən
plaster	ˈplɑstər
plaster	ˈplɑstəɾ
plasteret	ˈplɑstərət
plastfolie	ˈplɑstfuːlɪə
plastikk	plɑstɪk
plastisk	plɑstɪsk
plastisk	plˈastɪsk
plastisk	ˈplɑstɪsk
plastiske	ˈplɑstɪskə
plastmappe	plastmˈapːɛ
plastpose	plɑstpɔsə
plastpose	ˈplɑstpuːsə
plastposen	plɑstpɔsən
plastposer	ˈplɑstpɔʃər
plata	plɑːtɑ
plate	plɑːtə
plate	ˈplɑːtə
platebransjen	ˈplɑːtəbrɑnʃən
platebutikk	plɑːtəbʉtɪk
platekontrakt	platəkˈɔntrakt
platekontrakt	ˈplɑːtəˌkɔ́ntɾɑkt
platen	ˈplɑːtən
platene	ˈplɑːtənə
plater	ˈplɑːtər
plateselskap	ˈplɑːtəsɛlskɑp
plateselskapene	ˈplɑːtəsɛlskɑːpənə
plateselskapet	ˈplɑːtəsɛlskæpət
platespiller	ˈplɑːtəspɪləʂ
platina	ˈplɑːtɪnɑ
platon	ploːtɔn
platonisk	ploːtɔnɪsk
platt	plɑt
platt	plɑtː
platte	pltə
plattform	plɑtːfɔm
plattformen	ˈplɑtːfɔmən
plattformer	plɑtːfɔmər
plattfot	plɑtːfɔt
plattfot	ˈplɑtfuːt
platået	ploːtæ
plautius	ploːtɪʊs
play	plɑːɪ
player	plɛjːɐ
playstation	plɛɪˈstɛɪʃn̩
pleasant	pleːsənt
pleasantville	ˈplɛsəntvɪl
please	plɛs
pledd	plɛd
pledd	plˈɛd
pleddet	plɛdət
plei	plˈaɪ
pleide	plæɪ̯d̥ə
pleie	plæɪə
pleie	plˈaɪɚ
pleie	ˈplæɪə
pleieassistent	plˈaɪəsˈɪstənt
pleiehjem	ˈplæɪəjɛm
pleiehjemmet	ˈplæɪəjɛmət
pleien	plæɪən
pleier	plæɪər
pleiere	pleːɾə
pleieren	pleːɪɛ̯n
pleierne	plæɪ̯ːɳə
pleiersken	ˈplæɪ̯ɛʂkən
pleiet	plæɪ̯ɪt
pleietrengende	plæɪətɾɛŋənə
plekter	plɛktɛr
plekteret	plɛktəɾət
plen	fleːn
plen	pleːn
plen	plɛn
plenen	plˈɛn
plett	plɛt
pletten	plɛtːən
pletten	plˈɛtːə
plettfri	plɛtfɾɪ
plettfrie	plɛtfriː
plettfritt	plɛtˈfɾɪt
plikt	lˈɪkt
plikt	plɪkt
plikten	plɪktn̩
plikten	plˈɪktən
pliktene	plɪktnə
pliktene	pˌɾˈɪkna
plikter	plɪkʈɛr
plikter	pɾiktæɾ
pliktig	ˈplɪktɪ
pliktige	ˈplɪktɪə
pliktigere	ˈplɪktɪɾə
pliktigst	ˈplɪktɪkst
pliktigste	ˈplɪktɪkstə
pliktoppfyllende	plɪktɔpfʏlnə
pling	plɪŋ
plinger	plɪŋːər
plissken	ˈplɪskn̩
plo	ploː
plog	ploːg
plogen	plogən
plombere	plombɛra
plomme	plɔmːə
plomme	plʊmə
plommen	plomːən
plommer	ploːmər
plopp	plɔp
plott	ploʈː
plottet	plótət
plough	ploʊ̯
plover	ploːvər
pludre	ˈplʉdɾə
plugg	plʉg
plugge	plʊgːə
pluggen	plʊgn̩
plugger	plʊgər
plugget	plʊgːət
plukk	plʉk
plukka	plʊkka
plukke	plʉkːə
plukke	ˈplʊkə
plukker	plʊkːər
plukkes	plʉkːəs
plukket	plʊkːət
plum	plʉːm
plummer	ˈplʉmːər
plump	plʊmp
plumpe	ˈplʊmpə
plus	plʉs
pluss	plʊs
pluto	plʉːtʉ
plutselig	plʉtsəlɪ
plutselig	ˈplʉtsəlɪ
plutselige	plʉtsəlɪgə
plutselige	ˈplʉtsəlɪə
plutseligere	ˈplʉtsəlɪɾə
plutseligst	ˈplʉtsəlɪkst
plutseligste	ˈplʉtsəlɪkstə
plyndre	ˈplʏndɾə
plyndrer	plʏndrɛr
plyndrere	plʏndrɛːrɛ
plyndrerne	ˈplʏndrɛɳə
plyndret	plʏndɾət
plyndring	plʏndrɪŋ
plyndringen	plʏndrɪŋ
plystre	plʏstɾə
plystre	ˈplʏstɾə
plystrer	plʏstʂɛɾ
plystret	plʏstɾɛt
pløsete	ˈpløːsətə
pløyd	ploːyd
pløye	pløːjə
pløye	ˈplœjə
pløyer	ploʏɾ
pms	pm̥s
pne	pn̥eː
po	po
podiet	pɔdɪət
podrick	pɔdrɪk
poe	pøː
poeng	pøːŋ
poeng	pɔˈɛŋ
poengene	poːŋənə
poenger	poːŋgər
poenget	poːŋgət
poengløst	poːŋgløːst
poengsum	pøŋsʉm
poengtere	poŋgtæɾə
poengtere	pɔəŋˈteːɾə
poesi	poːsɪ
poesien	poːsɪən
poetisk	poːtɪsk
poff	pɔf
poiitiet	poɪtɪt
poiitimester	poɪtɪmɛstɛr
point	pɔɪnt
pointcorp	pɔɪntkɔɾp
poison	poɪsɔn
pokal	pɔkɑl
pokalen	poːkɑːlən
poker	poːkɛr
poker	pˈoːkər
pokerfjes	poːkɛɾfjɛs
pokerkveld	ˈpʰuːkɛɾkʋæɭ
pokerspill	ˈpʰɔkəɾspɪl
pokerspillet	ˈpʰɔkəɾʃpɪlə
pokker	poːkːər
pokker	pˈɔkːiːr
pokkers	pɔkɛʂ
pokus	puːkʉs
pokémon	pokemon
pol	pɔl
polakk	poˈlɑk
polakken	poːlɑkən
polakkene	poˈlɑkːənə
polakker	poːlɑkər
polanski	poˈlɑnski
polanskis	pɔlɑnski
polar	pʊˈlɑːɾ
polarbjørn	puɫaribjoɾn
polarlys	ful̪aɾl̪is
polarsirkelen	poːlɑɾsɪrkələn
poldark	pɔldɑɾk
pole	poːlə
polen	poːlən
polene	pɔˈleːnə
polens	poːlɛns
polere	poːˈleːɾə
polere	pʊˈleːɾə
polert	pɔlæɾt
polerte	poːˈlɛɾtə
polesie	puleˈsjɐ
polfarer	fuːlfarər
polin	pɔlɪn
polio	poːliː
poliomyelitt	pʊlɪʊmʏəˈlɪt
polise	polis
polise	poːlɪsə
polisen	ˈpɔːlɪsən
politi	ˈpɔlɪtɪ
politiarbeid	ˈpɔlɪtiɑːɾbæɪ̯d
politiarbeidet	ˈpɔlɪtiɑːɾbæɪ̯ɪt
politiavdeling	ˈpɔlɪtɑɑvɛlɪŋ
politibeskyttelse	ˈpɔlɪtibɛskʏtəlsə
politibil	ˈpɔlɪtɪbɪl
politibilen	poltˈibiliːn
politibiler	pulitiːbiːlɪ̞r
politibiler	ˈpɔlɪtɪbɪːɽ
politidirektøren	ˈpɔlɪtɪdɪˌrɛktøːɳ
politidistrikt	ˈpɔlɪtɪdɪˌʃtrɪkt
politien	ˈpɔlɪtɪən
politieskorte	pɔlɪtɪskɔʈə
politiet	politˈiːa
politiet	ˈpɔlɪtɪə
politiets	pɔlɪtɪɛs
politietterforsker	ˈpɔlɪtɪtɛɾfɔʂkəɾ
politietterforskning	ˈpɔlɪtɪtɛɾfɔʂkŋ
politifolk	ˈpɔlɪtifɔlk
politifolka	ˈpɔlɪtifɔlka
politifolkene	ˈpɔlɪtifɔlkənə
politihuset	ˈpɔlɪtɪˌhʉːsə
politihøyskolen	ˈpɔlɪtɪˌhøɪskɔlən
politiinspektør	pɔlɪtɪɪnˈʃɛktøːɾ
politikammer	ˈpɔlɪkɪkɑmər
politikammeret	ˈpɔlɪkɪkɑmɛʁət
politiker	ˈpɔlɪtɪkəɾ
politikere	ˈpɔlɪkɪɛɾə
politikeren	ˈpɔlɪkɪɾən
politikerne	ˈpɔlɪtɪkəɳə
politikk	pʊlɪˈtɪk
politikken	pɔlɪˈtɪkən
politikkens	ˈpɔlɪtɪkəns
politikonstabel	ˈpɔlɪtɪkɔnstɑːbl̥
politikvinne	poːlitsiːkvˈɪnə
politikvinne	ˈpɔlɪkɪˌkʋɪnə
politimann	pʊlɪˈtiːmɑn
politimann	ˈpɔlɪtɪˌmɑn
politimannen	ˈpɔlɪtɪˌmɑnːən
politimanns	ˈpɔlɪtɪmans
politimenn	ˈpɔlɪtɪˌmɛn
politimennene	ˈpɔlɪtɪˌmenːə
politimester	ˈpɔlɪtɪmɛstər
politimesteren	pɔlɪtɪmɛstəɾən
politimorder	ˈpɔlɪtɪmɔɖər
politipatruljen	ˈpɔlɪtiˌpɑːtrʉːən
politiradio	ˈpɔlɪtɪˌɾɑɪ̯dɔ
politiradioen	ˈpolitiɾɑːdiɔən
politirapport	ˈpɔlɪtɪˌrɑpɔʈ
politirapporten	ˈpɔlɪtɪˌrɑpɔʈən
politisak	ˈpɔlɪtisɑk
politisjef	ˈpɔlɪtɪʃɛf
politisjefen	ˈpɔlɪtɪʃjɛfən
politiske	ˈpɔlɪtɪskə
politiskilt	ˈpʰɔ̀lɪtɪskɪlt
politiskiltet	ˈpɔlɪtɪskɪlt
politiskolen	ˈpɔlɪtɪskɔln̩
politistasjon	ˈpɔlɪtɪstɑʃuːn
politistat	ˈpɔlɪtɪstɑːt
politistyrken	ˈpɔlɪtɪˌstʏɾkn̩
politivold	ˈpɔlɪtɪvɔɭ
polka	poʊlka
pollard	poːɭɑːɾ
pollen	poːln̩
pollen	pɔln
pollinering	pɔlɪŋɪæˈrɪŋ
pollo	poːɭːo
pollock	poːɭɔk
pollux	puːˈlʊks
polly	poʊlɪ
pologenser	puːlˀjˈansiɾ
polos	pɔlɔs
polsk	poːʂk
polske	poʂkə
polstret	pɔlstɾet
poltergeist	pɔltɛɾgɛɪst
polyester	ˈpɔlɪˌɛstəɾ
polymer	pɔlɪmɛɾ
polynesia	ˈpɔːlʏˌneːʃə
pom	pɔm
pommes	pɔmːə
pomona	pɔˈmuːnɑ
pomp	pɔmp
pompeii	poʊmpeɪ
pompeius	pɔmpeɪʊs
pompey	pɔmpe
pompøs	pɔmpøs
pompøs	pʊmˈpøːs
pompøse	pɔmˈpøːsə
ponch	pɔŋʃ
poncho	pɔŋkɔ
pong	pɔŋ
pongo	pɔŋɔ
ponni	poːnɪ
ponnien	poːnɪən
ponnien	pɔnˈin
ponniene	pɔnːɪənə
ponnier	poːnɪr
pont	pɔnt
pontiac	ˈpɔntiɑk
pontus	pɔntʉs
ponyboy	ˈpɔnɪbɔɪ
pool	puːl
poole	puːlə
poolen	puːlən
poor	puːr
pop	pɔp
pope	poːpə
popkorn	poːpkɔɳ
popkornet	poːpkɔːnə
poppe	pópːə
poppel	ˈpɔpəl
popper	pɔpːər
poppet	poːpːət
poppins	poːpʰɪns
pops	poʊps
popstjerne	pɔpstjɛːnə
popularisator	pʊpːʉlarisɑːtˢoɾ
popularitet	ˈpɔpʉlɑrɪtɛt
populariteten	ˈpɔpʉlɑɾɪtən
populær	pupulaɾ
populær	pʊpʉˈlæːɾ
populær	ˈpɔpʉlæɾ
populære	ˈpɔpʉˌlæːɾə
populært	ˈpɔpʉlæːʈ
por	poːr
porene	pɔːrənə
porfyr	pɔɾfiɾ
pork	poːɾk
porno	poːɳoː
porno	puno
pornobransjen	pɔːnɔbɾɑnʃən
pornoen	poːɳʉːn
pornofilmer	ˈpɔːrnɔfɪlmər
pornografi	poːɳogɾafi
pornografisk	ˈpɔːɳɔgrɑfɪʃ
pornostjerne	puːɳɔʂʈæɳə
pornostjerner	poːɳʊsʈjɛɳɐ
porsche	poʂçə
porschen	poʂçən
porselen	poʂːɛlɛn
porselen	pʊʂəˈleːn
porselenet	poʂːɛlənɛt
porsjon	poʂʂɔn
porsjon	pʊˈʂuːn
porsjonere	pʊʂʊˈneːɾə
port	pɔʈ
port	pʊʈ
portal	pɔɾtɑːl
portal	pʊˈʈɑːl
portalen	poɾˈtɑːlən
portaler	pɔʈɑːlə
portefølje	poːɾtəføːljə
porteføljen	poːrtɛføːljən
porten	pɔʈn̩
portene	poɾtənə
porter	pɔtər
portforbud	pɔʈfɔɾbʉːd
portforbudet	pɔʈfɔɾbʉːd
porthos	pɔɾtɔs
portier	pʊʈɪˈeːɾ
portland	pɔʈlɑnt
portland-politiet	pɔʈlɑn̩pɔlɪtɛt
portman	pɔʈmɑːn
portner	putnɪ̞r
porto	poɾtʊ
porto	putːo
portrett	pˈɔrtrˌɛt
portretter	poːɾtɾɛtː
portugal	poːɾtʊgɑːl
portvakt	pɔrtvɑkt
portvakten	pɔʈʋɑktn
portvin	pɔrtʋiːn
portvinene	puɾtvinnɐ
portør	pɔrtøɾ
portør	pɔtøɾ
porøs	pʊˈɾøːs
pos	pɔs
pose	poːsə
poseidon	poːˈseɪdən
posen	poːsən
posene	poːsənə
posere	pusˈɛɾɐ
posere	pʊˈseːɾə
poserer	poːsəɾ
posey	poʊsə
posisjonen	poʃɪsjɔn̩
posisjonene	poʂiˈʃuːnə
posisjoner	poːsɪʃuːnər
positiv	posiˈtiːv
positive	ˈpɔsɪtɪv
positivisme	positivism
positivt	ˈpɔsɪtɪf
posjerte	poʂɛɾtə
post	pˈɔst
postboks	poʊstbɔks
postboks	pˈɔstbʊks
postboksen	poʊstbɔksn̩
postbud	poʊstbʉː
postbud	pˈɔstbud
poste	poʊ̯stɛ
poste	pɔstə
poste	ˈpɔstə
postei	poʊ̯ˈsteː
postei	pustaj
posteien	pustajɛn
posten	poʊ̯stən
posten	pɔstɯn
postene	poʊ̯stənə
poster	poʊ̯stɛr
poster	pɔstɪr
posteriori	postaˈriːɔri
postern	poːstɛɳ
postet	poʃtɛ
postkassa	poʊstkɑsɑ
postkasse	poʊstkɑsə
postkasse	ˈpɔstkɑsə
postkassen	postˈkɑˈsən
postkassen	poʊstkɑsːn
postkontor	poʊstkɔntʊr
postkort	poʃkɔɾt
postkort	ˈpɔstkɔʈ
postkortene	poʊstkɔɾtənə
postkortet	poʃkɔʈət
postmann	pɔstman
postmannen	pɔstmanːn
postnummer	poʊstˈnʉmər
postnummer	ˈpɔstnʊməɾ
postrommet	poʊstrɔmː
poststemme	poststɛmmɛ
posttraumatisk	poʊstˈtrɑːmɑtɪsk
postumus	poːstʉmʉs
postvesenet	pɔstʋɛsɛnɛt
pot	poːt
pote	pɔtə
poten	poːt̪n̩
potene	poːtənə
potensial	potensiːl
potensial	pɔtɛnʃɑɫ
potensial	pʊtənsɪˈɑːl
potensiale	pɔtɛnʃɑɭə
potensialet	ˈpɔtənsiɑːlɛt
potensiell	pot̪ensjel
potensiell	pɔtɛnˈʃɛɭ
potensiell	pʊtənsɪˈɛl
potensielle	pɔtɛnʃɪɛ
potensielt	pɔtɛnʃiɛlt
potent	pɔtɛnt
poter	pɔtər
poter	pˈɔtər
potet	poːtət
potet	pʊˈteːt
poteten	pɔtətn̩
poteter	pɔtəɾ
potetgull	poːtɛtgʉlː
potetgullet	pɔtətgʉlə
potethode	pɔtəhɔdə
potetmos	poːtətmɔs
potetsalat	ˈpɔtətsɑlɑt
potetstappe	poːtɛtˈstɑpːə
potpurri	poːtpʉriː
pott	poʈː
potta	pɔtːa
potte	poːt̪ːə
potte	ˈpɔtə
potten	poːt̪n̩
potter	poːtər
potts	pɔtːs
poul	puːl
poulsen	puːlsən
pounds	puːnːs
powell	pɔʋɛl
powells	puːvəls
powers	puːɾs
powers-avsnittet	poʊ̯ːɾsɑfsnɪtː
pp	p̥ː
pr	pr̥
pr-agent	prɑːgˈɛnt
pr-avdelingen	prɑːvdeːlɪŋ
prada	prɑːdɑ
prado	prɑːdʊ
pragmatisk	prɑgmɑtɪsk
praha	prɑːhɑ
praha	prɔhɔ
prairie	prɑːrɪ
prakket	prɑkːət
praksis	prɑkˈsɪs
praksisen	prɑkˈsiːsn̩
praksisen	pɾaksɪsen
praksisplass	prɑkˈsɪsplɑs
praksisplassen	prɑkˈsɪsplɑsːən
prakt	prɑkt
prakteksemplar	prɑːktɛksɛmˈplɑːr
praktfull	prɑktfʉl
praktfull	ˈpɾɑktfʉl
praktfulle	prɑːktfʉlə
praktfullt	prɑktfʉlt
praktikant	prɑːktɪkɑːnt
praktikant	prˈaktiːkant
praktikanten	prɑːktɪkɑːntn̩
praktikantene	prɑːktɪkɑːntnə
praktikanter	prɑːktɪkɑːntər
praktisere	prɑːktɪsəɾə
praktiserende	prɑːktɪˈseːɳə
praktisert	prɑːktɪsɛɾ
praktiserte	prɑːktɪsɛːɾtə
praktisk	prɑːktɪsk
praktisk	ˈpɾɑktɪsk
praktiske	prɑːktɪskə
pram	prɑːm
prammen	prɑmːn̩
pran	prɑn
prancer	prɑ̀nsər
prange	ˈpɾɑŋə
prangende	prɑŋənɛ
prat	prat
prat	prɑːt
prata	prɑːtɑː
prate	prɑːtə
prate	ˈpɾɑːtə
praten	prɑːtən
prater	prɑːtər
prater	prˈɑːtər
prates	prɑːtɛs
pratet	pratˢət
pratet	prɑːtə
prating	prɑːtɪŋ
pratingen	ˈprɑːtɪŋən
pratsom	prɑːtsɔm
pratsom	ˈpɾɑːtsɔm
pratt	prɑtː
preben	prɛːbən
prebiotika	prebjutika
predator	prɛˈdɑːtʊʁ
predikant	ˈpɾæːdɪkɑnt
predikanten	ˈprædɪkɑntən
predikat	pɾɛðikˈat
predikata	predikata
preeti	prɛːtɪ
prefekt	prɛfɛkt
preferanse	preferense
prefiks	pɾəfˈiks
preg	prɛg
preg	tr̝ɛk
prege	prɛːgə
prege	ˈpɾeːgə
preger	prɛgər
preget	prɛgət
preik	præɪk
preike	prɛɪ̯kə
preiker	prɛɪkər
preiket	præɪ̯kət
prek	prɛk
preke	prɛkə
preke	ˈpɾeːkə
preken	prɛːkən
preken	p̚ɛkjɛn
prekenen	prɛːkən
prekenene	ˈpɾæːkənə
prekener	prɛkənər
preker	prɛkɛr
prekestolen	prɛkɛsˈtɔln̩
preket	prɛkət
prekognitive	prɛkɔgnɪtɪv
prekrim	prɛkɾiːm
prektig	prɛktɪg
prektig	ˈpɾɛktɪ
prektige	prɛktɪgə
prektigere	ˈpɾɛktɪɾə
prektigste	ˈpɾɛktɪkstə
prekær	prekaːr
prekær	prɛkæːr
prekær	pɾəˈkæːɾ
prelle	ˈpɾɛlə
preller	prɛlə
preller	ɾɛllɛr
premie	prɛˈmiː
premie	ˈpɾeːmɪə
premien	prɛˈmiːən
premiene	prɛˈmiːnə
premieren	prɛmiːɾən
premieskap	prɛmjɛskap
premiss	prɛmɪs
premisser	ˈpræmɪsə
prentice	ˈprɛntsə
prentiss	prɛntɪs
prep	prɛp
preparat	prɛpɑˈrɑt
preposisjon	pɾəpʊsɪˈʂuːn
presang	prɛˈsɑŋ
presang	pɾəˈsɑŋ
presang	χˈesˈɛŋ
presangen	prasongen
presangen	ˈprɛsɑŋən
presangene	ˈprɛsɑŋənə
presanger	prɛsɑŋər
prescott	prɛʃkɔt
presedens	pɾɛsidɛnts
presedens	ˈpɾɛsədəns
presenningen	ˈprɛsənɪŋən
presens	pɾɛsʃens
presentabel	prɛsɛntɑbəl
presentasjon	prəsˈɛntasjon
presentasjonen	ˈprɛsɛntɑːʃʉːn
presenter	ˈprɛsːəntər
presentere	prɛsɛnˈteːʁə
presenterer	ˈprɛsːɛnəɾə
presenteres	ˈprɛsɛntəɾəs
presenterte	prɛsɛntəɾtə
president	ˈprɛsɪdɛnt
presidente	prɛsɪˈdɛntə
presidentembetet	ˈprɛsɪdɛntəmbɛt
presidenten	prɛsidɛntɛn
presidenten	ˈprɛsɪdɛntn̩
presidentene	prɛsidɛntnɛ
presidentene	ˈprɛsɪdɛntn̩ə
presidentens	ˈprɛsɪˌdɛntəns
presidenter	prɛsidɛntɛr
presidentkandidat	ˈprɛsɪdɛntkɑnɪˌdɑt
presidentsuiten	ˈprɛsɪdɛntsʉɪtn̩
presidentvalg	prɛsʲɪdʲɛntvˈɑlg
presidentvalg	ˈprɛsɪdɛntˌvɑːl
presidentvalget	ˈprɛsɪdɛntˌvɑːlgət
presis	prɛsɪs
presis	pɾɛˈsiːs
presise	prɛˈsiːsə
presisere	pɾəsɪˈseːɾə
presisere	ˈprɛsɪsəɾə
presisjon	prɛsɪˈʂuːn
presist	prɛˈsɪst
preskriptiv	pɾɛskriptiv
presley	ˈpɾɛslɑː
press	prɛs
press	prˈɛs
pressa	prɛsːɑ
presse	prɛsːə
presse	ˈpɾɛsə
pressefolk	prɛsəfoːk
pressefrihet	prɛʃfɾiːhɛt
pressekonferanse	prɛsəkɔnfəˈrɑːnsə
pressekonferansen	prɛsəˈkɔnfəˌrɛnsən
pressekonferanser	prɛsəkʰɔnfɛrsɑːr
pressekort	ˈprɛsːəˌkɔʈ
pressemelding	prɛsəˈmɛlɪŋ
pressemeldingen	prɛsəˈmɛldɪŋən
pressemeldingene	prəssˈəmˈˈlˈɪŋnˌ
pressemeldinger	prɛsəˈmɛldɪŋər
pressemøte	prɛsəˈmøːtə
pressen	prɛsːn̩
pressens	prɛsən̩
presser	prɛsːər
presserende	prɛsəɾɛnə
presserende	pɾɛˈseːɾənə
presses	prɛsː
pressesekretær	prɛsəˈʃɛkrɛːr
presset	prɛsːa
presset	prɛsːə
pressetribune	prəssɛtr̥ɪbʉnˈa
pressmiddel	prɛsˈmɪdl̩
prest	prɛst
prest	pɾɛst
prestasjon	prɛstaʃuːn
prestasjonene	prɛstaˈʃuːnə
prestasjonsfremmende	ˈprɛstaːʂɪɔnsfræmːɛnə
prestegården	prɛstɛgɔːɳ
prestekrage	prɛstɪ̞krɑgɪ̞
presten	prɛstən
prestene	prɛstənə
prestens	prɛstəns
prester	pɾɛstɪ̞r
prester	ˈprɛstər
prestere	prɛstɛrɛ
prestere	pɾəsˈteːɾə
presterer	ˈprɛstəɾəɾ
presteskapet	prɛstɛskɑpət
prestinne	prɛstɪnːə
prestisje	ˈprɛstɪʃə
preston	prɛstɔn
pretensiøse	ˈprɛtənsiøːsə
pretensiøst	ˈprɛtənsiøʃt
preussen	prɔysn̩
prevensjon	prɛːvənʃuːn
prevensjon	pɾeːʋənˈʂuːn
prevensjonspiller	pr̝ɛvans̺iːoːnspilːər
preventiv	ˈpɾɛʋɑŋtiːʋ
prez	prɛs
priamos	prɪɑːmɔs
price	prɪs
pride	prɪːd
prikk	plˈɪk
prikk	prɪk
prikke	prɪkːə
prikke	ˈpɾɪkə
prikken	prɪkːən
prikkene	prɪkːənə
prikker	prɪkːər
prikket	prˈɪkət
prikkete	prɪkːə
prim	prim
prim	prɪm
prima	prɪmɑ
prima	ˈpɾiːmɑ
primadonna	ˈpɾiːmɑdɔnɑ
primat	pˈɾɪmɑːt
primat	ˈpɾiːmɑt
primater	prɪˈmɑːtər
primitivitet	primitivitˈət
primitivt	ˈpɾiːmɪtɪft
primm	prɪm
primo	primo
primtall	prɪmtɑlː
primær	pɾɪˈmæːɾ
primære	ˈpɾiːˌmæɾə
primærfokus	primärfokus
prince	prɪns
princess	prɪnˈsɛs
prins	prɪns
prins	pɹˈins
prinsen	prɪnsn̩
prinsene	prɪnsənə
prinsens	prɪnsn̩
prinser	prinsɪ̞r
prinser	prɪnsər
prinsessa	prɪnsɛsɑ
prinsesse	prɪnsɛsə
prinsessen	prɪnˈsɛsn̩
prinsessene	prɪnsɛsənə
prinsessens	prɪnˈsɛsən
prinsesser	prɪnˈsɛsər
prinsipiell	pɾɪnsɪpɪˈɛl
prinsipp	prɪnˈʃɪp
prinsipper	prɪnˈsɪpər
prinsippet	prɪnˈʂɪpət
prinsippfast	prɪnsɪpːfɑst
prinsippsak	prɪnˈsɪpsɑk
print	prɪnt
printe	ˈpɾɪntə
printer	prɪntər
printeren	ˈpɾɪntəɾən
prioren	prɪu̯ɾən
prioritere	prioritæra
prioritere	pɾɪʊɾɪˈteːɾə
prippen	prɪpːən
prippen	ˈpɾɪpən
pris	prɪs
pris	pɹˈis
pris	pɾiːs
priscilla	ˈpɾiːsɪlːə
prise	prɪsː
prisen	prɪsən
prisene	prɪsə
priser	pɾˈesə
priset	ˈpɾiːsət
prisgi	priːsjɛ
prislapp	prɪslapp
prislapp	prɪslɑp
prislappen	prɪsˈlɑpːən
prisnedsettelse	prɪsnˈɛsɛtːilsɛ
prisutdelingen	prɪsʉtˈdæːlɪŋ
prisverdig	prɪsˈvæɾdɪ
prisvinnende	ˈpɾɪsːvɪnːɛn(ː)dɛ
prisøkning	prˈiːsøːkning
pritchard	prɪtʃɑːɾ
pritchett	prɪtʃɛt
prius	prɪʉs
privat	privˈat
privat	prɪˈvɑːt
privat	pɾɪˈʋɑːt
privatdetektiver	prɪvɑːtədɛktɪvər
private	privˈata
privatetterforsker	ˈpɾiːvɑtɛtɛɾfɔʂkɛɾ
privatfly	ˈpɾiːvɑtflyː
privatisere	pɾɪʋɑtɪˈseːɾə
privatisering	privatiseriŋ
privatliv	ˈpɾiːvɑːtlɪʋ
privatlærer	ˈprɪvɑːtlæːrər
privatnummeret	prɪvɑːtnʉmɛːr
privatsak	prɪˈvɑːtsɑk
privatskolen	prɪˈvɑːtskuːlən
privatskoler	prɪˈvɑːtskuːlɛɾ
privattimer	prɪˈvɑtːɪmər
privilegier	ˈpɾiːʋəlɪgɪəɾ
privilegiet	ˈpɾiːvəlɪgiːə
prix	prɪç
priya	prɪɑ
pro	prɔː
probiem	prɔbɪɛm
probiemer	pɾʊbɪ̀ɛmɛɾ
probiemet	prɔbɪəˈmeːt
probiotisk	propjutˈiːsk
problem	prɔblɛm
problem	prɔblˈeːm
problemene	prɔblɛmənə
problemer	prɔbləmeɾ
problemer	pɾʊˈbleːməɾ
problemet	pɾɔbləmet
problemets	pɾɔbl̥ɛmɛts
problemstilling	pɹɔblɛmsɪlˈlɪŋ
proctor	prɔktʃ
proctors	prɔktɔʂ
producer	ˈprɔdʉsɛr
productions	ˈprɔdʉkˌsɪən
produksjon	ˈprɔdʉksjʊn
produksjonen	ˈprɔdʉksjən
produkt	pɾʊˈdʉkt
produkt	ˈprɔdʉkt
produktene	ˈprɔdʉktənə
produkter	ˈprɔdʉktəɾ
produktet	ˈprɔdʉktət
produktiv	ˈprɔdʉktɪf
produktive	ˈprɔdʉktɪʋə
produktivt	ˈprɔdʉktɪft
produsent	prɔduːsɛnt
produsenten	prɔdʉsəntən
produsentene	prɔdʉsɛntn̩
produsenter	ˈprɔdʉsəntər
produsere	pɾʊdʉˈseːɾə
produserer	ˈprɔdʉˌsɛːr
produseres	ˈprɔdʉsəɾəs
prof	prɔf
profesjon	prɔfɛʃuːn
profesjonalitet	prɔfɛʃʊnalɪtɛt
profesjonell	prɔfɛʃuˈnɛl
profesjonell	pɾʊfəʂʊˈnɛl
profesjonelle	prɔfɛʃʉnɛlə
profesjonelt	prɔfɛʃuːnɛlt
professor	ˈpɾɔfɛsɔr
professorene	ˈpɾɔfɛsɔɾənə
professorens	pɾɔfɛsɔɾɛns
professorer	ˈpɾɔfɛsɔrɛɾ
profet	pruːfˈeːt
profet	prɔfɛt
profeten	prɔfɛtən
profetene	ˈprɔfətənə
profetens	ˈpɾɔfətəns
profeter	prɔfɛtər
profetien	prɔfɛtɪən
profetiene	ˈprɔfətɪənə
profetier	ˈprɔfətɪəɾ
proff	prɔf
proff	pɾʊf
proffe	prɔfːə
proffen	prɔfːən
proffene	prɔfːənə
proffer	prɔfːər
profil	prɔfɪl
profilen	prɔfɪlən
profiler	pɾɔfɪlɛɾ
profilere	pɾufjlɨiɾa
profit	prɔfɪt
profitt	prɔfɪt
profitten	pʁɔfɪtən
profittere	pɾʊfɪˈteːɾə
proft	prɔft
progeria	prɔgəɾiːə
prognose	prɔgnʊsə
prognosen	prɔgnɔsn̩
prognosene	prɔgnʊˈseːnə
prognoser	prɔgnʉːsɛr
program	pɾʊˈgɾɑm
programhefte	pɾʊˈgɾɑmhɛftə
programmene	ˈpɾogɾɑmənə
programmer	ˈpɾogɾɑməɾ
programmere	ˈpɾogɾɑməɾə
programmerer	ˈpɾogɾɑməɾɛːɾ
programmering	ˈpɾoːgɾaməɾɪŋ
programmeringen	ˈpɾogɾɑməɾɪŋən
programmert	ˈpɾogɾɑməɾt
programmerte	ˈpɾogɾɑməɾtə
programmet	ˈpɾogɾɑmə
programmets	ˈpɾogɾɑməts
programvare	ˈpɾogɾɑmvɑɾə
progressiv	prɔgrɛˈsiːʋ
progressiv	ˈpɾʊgɾəsiːʋ
progressive	prɔgrɛˈsiːv
progressivt	prɔgrɛˈsiːft
projeksjon	prɔɪkʃsɪɔn
proklamere	pɾʊklɑˈmeːɾə
prokrastinere	pɾˈokrɑstɪnɛːrɛ
promenade	prɔmənɑːd
promenaden	prɔmənɑːn
prometevs	prɔmɛtɛfs
prometheus	prɔmɛtʰøːs
promille	prɔmɪlə
promille	pɾʊmɪlə
promise	prɔmɪs
promotere	pɾʊmʊˈteːɾə
promp	prɔmp
promp	rˈɔmp
prompe	prɔmpə
promper	prɔmpər
prompet	prɔmpɛt
pronto	prɔntuː
propagandaen	ˈpɾʊpɑgɑnəɳ
propan	prɔpɑːn
propell	ˈpɾɔpəl
propellen	prɔpɛlːən
proponent	proponˈɛnt
proporsjonal	pɾʊpʊʂʊˈnɑːl
propp	prɔpː
proppe	rˈɔpːə
proppe	ˈpɾɔpə
proppen	prɔpːən
propper	prɔpːər
prosaisk	pɾʊˈsɑːɪsk
prosedyre	ˈproʃədyːɾə
prosedyrene	prɔʃəˈdʏːrən
prosedyrer	prɔsəˈdʏːrər
prosent	prɔʃɛnt
prosent	pɾʊˈsɛnt
prosentandel	prɔsɛntɑndəl
prosentdel	pɾuzˈɛntɛl
prosenten	prɔʃɛnt̪
prosentene	prɔʃɛntnə
prosenter	pɾɔsˈɛntɛ
prosents	prɔˈsɛnts
prosentvis	prosentris
prosesjonen	prɔʃɛʃuːn
prosess	prɔˈsɛs
prosess	pɾʊˈsɛs
prosessen	prɔˈsɛsn̩
prosesser	prɔsɛsɛr
prosessere	ˈpɾɔsɛsəɾə
prosessor	ˈpɾɔsɛsɔɾ
prosessoren	ˈpɾʊsɛsɔɾən
prosit	prɔsɪt
prosjekt	prɔʃɛkt
prosjektene	prɔʃɛktnə
prosjekter	prɔʃɛktər
prosjektere	pɾʊʂɛkˈteːɾə
prosjektet	prɔʃɛçtɛ
prosjektil	prɔʃɛktɪl
prosjektleder	prɔʃɛçtlɛːdɛr
prospektet	prɔspɛktət
prost	prɔst
prostata	prusdata
prostata	prɔstɑːtɑ
prostataen	prɔstɑtæɛn
prostatakreft	prɔstaˈtɑːkɾæft
prosten	prɔstən
prosti	prosti
prostituere	pɾʊstɪtʉˈeːɾə
prostituert	prɔstɪˈtʉːɾ
prostituerte	prɔstɪˈʉːʈə
prostitusjon	prɔstɪʃʉːn
prot	prɔt
protein	prɔtɛɪ̯n
proteiner	ˈpɾʊtæɪnər
proteinet	pɾotəiːnɛt
protese	pɾʊteːsə
protesen	prɔtəʃən
proteser	prɔtɛsɛr
protesjeen	prɔtɛsjɛn
protesjé	pɾotɛˈʃeː
protest	prɔtɛst
protestant	prɔtɛstɑnt
protestantene	prɔtɛstɑntn̩
protestanter	pɾɔtɛstɑntɛɾ
protestantisk	prɔtɛstɑntɪsk
protestantisk	pɾʊtəˈstɑntɪsk
protestantiske	prɔtɛsˈtɑ̀ːnɪskə
protesten	prɔtɛstən
protesten	pɾɔtɛstɪ
protestene	prɔtɛsˈteːnə
protester	prɔtɛstɛr
protester	pˈɾɔtɛstər
protestere	prɔtɛsˈteːʁə
protestere	pɾʊtəˈsteːɾə
protesterer	prɔtɛstɛrɛ
protesterte	pɾɔtɛʃtɛɾɛ
proteus	pɾʊˈteʉs
protokoll	prɔtʊkɔl
protokollene	prɔtʊkɔlːə
protokoller	ˈproːtʊkɔlɛɾ
proton	ˈpɾuːtɔn
prototype	pɾɔtɔˈtiːp
prototyper	ˈpɾɔtətʏːɾ
proust	prɔʊst
prov	prɔʋ
provd	prɔʋː
provde	prɔvde
prove	prʊvə
prove	ˈpɾøːʋə
provence	prɔvɛns
prover	prɔvɛr
proviant	prɔviɑnt
provianten	prɔviˈɑːntn̩
providence	prɔviˈdɛns
provins	prɔʋɪns
provinsen	prɔvɪsn̩
provinsene	prɔvɪnsəneː
provinser	prɔʋɪnsər
provisjon	prɔvɪʃuːn
provisjonen	prɔvɪʃuːn
provisorisk	prɔvɪsɔɾɪʃ
provo	prɔvʉ
provocatus	pruvukɔtʊs
provokasjon	prɔvʊkɑʃuːn
provoser	ˈproːvʉːsər
provosere	pɾʊʋʊˈseːɾə
provoserende	ˈproːvʉːsəɾənə
provoserer	prɔvʊˈʃeːɾ
provoserte	ˈpɾuːvɔʃɛɾə
prozac	prɔsɑk
prue	prʉː
pruitt	prʉɪt
prusseluskan	prʉsəlʉskɑn
prute	prʉːtə
prute	prˈʉta
prute	ˈpɾʉːtə
pryde	ˈpɾyːdə
prydmøll	prʲiːtmøn
pryl	prʏl
pryle	prʏlə
pryle	ˈpɾyːlə
pryor	pruːɾ
prærien	præːriən
prærieulv	prɛːɾiːʉlv
prærieulven	prɛːɾiːʉlvən
prærieulvene	præːɾɪuːlvə
prærieulver	præːɾiːʉlvər
prøv	prœʋ
prøvd	prøːv
prøvde	prœʋɖə
prøve	prøːvə
prøve	ˈpɾøːʋə
prøvekanin	prøːvəkanɪn
prøvekjøre	prøːvəˈçʊːɾə
prøvelse	prøːʋəlsə
prøvelsen	prøːvl̥sn̩
prøvelsene	prøːvəlsənə
prøvelser	prøːvəlsər
prøveløslatelse	prøːvəløːslɑːtɛlsə
prøveløslatelsen	prøːvəløːslɑːtəlsn̩
prøveløslatt	prøːvəløːslɑt
prøven	prøːvən
prøvene	prøːvənə
prøver	prøːvər
prøveresultatene	prøːʋərɛsʉltɑːtənə
prøverør	prøːvərøːʁ
prøves	prøːvəs
prøvespille	prøːvəspɪlə
prøvespiller	prøːvəʂpɪlə
prøvespillingen	prøːvəʃpɪlɪŋən
prøvespilte	prøːvəspɪltə
prøvesvarene	prøːvəʃʋɑːrənə
prøvet	prøːvət
prøvetid	prøːvətiː
prøvetiden	prøːvətiːdən
prøysserne	prøʏʃːɛɳə
prøyssiske	prøɪsɪskə
ps	ps
pseudonym	səʋdʊˈnyːm
psi	psɪ
psst	ps̠st
pst	ps̪t̪
psycho	psɪkʰoː
psyke	psʏkə
psyke	ˈpsyːkə
psyke	ˈsyːkə
psyken	psʏkən
psykiater	psʏkiˈɑːtər
psykiatere	psʏkiɑtɛrɛ
psykiateren	psʏkiɑtəɾən
psykiatri	psʏkɪɑːtʁɪ
psykiatrien	psʏkɪɑːtɾɪən
psykiatrisk	psʏkɪɑːtrɪsk
psykiatrisk	sʏkɪˈɑːtɾɪsk
psykiatriske	psʏkiɑːtɾɪskə
psykisk	psʏkɪʃ
psykisk	ˈpsʏkɪsk
psykisk	ˈsʏkɪsk
psykiske	psʏkɪskə
psyko	psʏkʊ
psykolog	psʏkɔlɔg
psykologen	psʏkɔgɛn
psykologer	psʏkɔlɔgəɾ
psykologi	psʏkɔlɔgi
psykologien	psʏkɔlɔgɪən
psykologisk	psʏkɔlɔgɪʃ
psykologiske	psʏkɔlɔgɪskə
psykopat	psʏkɔpɑt
psykopaten	psʏkɔpɑːtən
psykopatene	psʏkɔpɑtənə
psykopater	psʏkɔpɑːtər
psykopatisk	psʏkɔpɑtɪʃ
psykopatiske	psʏkɔpɑtɪskə
psykose	psʏkɔsə
psykosomatisk	psʏkɔsʊmɑtɪsk
psykotisk	psʏkɔtɪsk
psykotiske	psʏkɔtɪskə
ptolemaios	ˈptɔləmaɪ̯ɔs
ptro	ptroː
pu	pu
pub	puːb
puben	puːbən
puber	puːbɛr
puberteten	pʉ̀bɛɾtətɛn
public	ˈpʉblɪk
publikum	ˈpʉblɪkʉm
publikumet	ˈpʉblɪkʉmət
publikummet	ˈpʰʉblɪkʉmət
publikums	ˈpʉblɪkʊms
publisere	publisera
publisere	pʉblɪˈseːɾə
publisere	ˈpʉːblɪsəɾə
publiserer	pʉblisˈɛːrˈ
publiserer	ˈpʉːblɪsəɾəɾ
publisert	ˈpʉːblɪʂt
publiserte	ˈpʉːblɪʃəɾtə
publisitet	ˈpʉːblɪsɪtɛ
publisiteten	ˈpʉːblɪsɪtən
pucci	puːtʃi
puck	puːk
pucken	puːkɛn
puddel	puːd̥əl
pudder	puːd̥ər
pudder	ˈpʉdəɾ
puddera	pudːɛra
pudding	puːdɪŋ
puddingen	puːdɪŋən
puddingen	pʏddingin
puddinger	pʏddʲiŋʲɪd
pudre	ˈpʉdɾə
puertoricanere	ˈpʉ̂ɛ̯tɔɾɪˌkɑːnəɾə
puff	pʉf
pugge	pugːə
pugge	ˈpʉgə
pugger	pugːər
pugget	pugːət
puh	pʉ
puk	puːk
pukkel	ˈpʊkəl
pukkelen	puːkːələn
pukkelryggen	puːkəlˈryːgən
pul	pʉːl
pule	puːlə
pule	puːrˀˀa
pulk	pʉɽk
pullo	pʉɭʉ
puls	pʉls
pulsar	pʉlsaɾ
pulsen	puːlsən
pulsere	pʉlˈseːɾə
pulserende	pulsəɾɛndə
pulserer	puːlseˈɾeːɾ
pulsåren	pulsɑːɾən
pult	puːlt
pult	pʉlt
pulte	puːltə
pulten	puːltn̩
pultene	puːltəne
pulver	pʉlvɛr
pulver	pʉlvɛɾ
pulver	ˈpʉlʋəɾ
pulveret	puːlvəɾɛt
pulverisert	pʉlvəɾiːʂt
pulverkaffe	pʏlvɪ̞rkaffæ
puma	puːma
pumaen	puːmæːn
pumbaa	pʉmbaː
pump	pʰʉmp
pumpa	pʊmpɑ
pumpe	puːmpə
pumpe	ˈpʊmpə
pumpen	puːmpən
pumpen	pˈumpən
pumpene	pʉmpənə
pumper	pumpeɾ
pumper	ˈpʊmpər
pumpes	pʊmpəs
pumpet	pʊmpət
pumpkin	pʊmːkɪn
punch	puːnʃ
pundene	puːnːə
pundet	puːnət
pung	puŋ
punge	puŋə
pungen	puŋn̩
pungrotte	puŋˈgɾɔtːə
pungulv	puŋuɾv
punisher	ˈpʉːnɪʃər
punk	puŋk
punkt	pʊŋkt
punkt	pʊŋt
punkterer	pʊŋktɛjər
punktert	pʉŋkʈæɾ
punktert	pʊŋtɛʈ
punkterte	ˈpʊŋktəɾtə
punktet	pʉŋktət
punktlig	ˈpʉŋktlɪ
punktlige	pʉŋktliːgə
punktlige	ˈpʉŋktlɪə
punktlige	ˈpʉŋtlɪə
punktligere	ˈpʉŋktlɪɾə
punktligere	ˈpʉŋtlɪɾə
punktlighet	pʊŋgəlˈɪhət
punktlighet	pʊŋktlɪçɛt
punktligst	ˈpʉŋktlɪkst
punktligst	ˈpʉŋtlɪkst
punktligste	ˈpʉŋtlɪkstə
punktum	pʊŋktʊm
punsj	puːnʃ
punsjen	puːnʃən
pupillene	puːpɪlːə
pupiller	puːpɪlɛr
pupp	pʉp
pupp	pʏpː
puppe	puːpə
puppen	puːpən
puppene	ˈpʉpːənə
pupper	puːpɚ
purcell	puːɾtʃɛɭ
purgatory	puːɾgɑːtɔɾiː
puritansk	ˈpʉːrɪtɑːnʃ
puritanske	ˈpʉːrɪtɑnskə
purk	pʉɾk
purke	puːɾkə
purke	ˈpʉɾkə
purkejævel	puːɾkæɪ̯vəl
purken	puːɾkən
purkene	puːɾkənə
purker	puːrkər
purkesvin	puːɾkəʃʋɪn
purple	puːɾpl̩
purpurfarget	pʉrpʉrfargɪ̞t
purre	puːɾːə
purre	ˈpʉɾə
purvis	puːɾʋɪs
puréen	pʉrˈɛn
pus	pʉs
pusekatt	puːsəˈkɑtː
pusekatten	puːsəkɑtːən
pusen	puːsən
pusene	pʉsne
puser	tʉsir
pusher	puːʃər
pushere	puːʃəɾə
pushkin	puʂkin
pushy	puʃi
pusle	pʏ̞ʂɫɛ
pusle	ˈpʉʂɭə
puslespill	puːʂləʂpɪl
puslespillet	puːʃəlspɪlː
puss	puʂ
pussa	puʃːə
pussa	ˈpʉsɑ
pusse	puʃːə
pusse	pʉsˈɛ
pusse	ˈpʉsə
pusser	puʃːər
pusset	puʃːət
pussig	ˈpʉsɪ
pussige	puːsɪgə
pussige	ˈpʉsɪə
pussigere	ˈpʉsɪɾə
pussigst	ˈpʉsɪkst
pussigste	ˈpʉsɪkstə
pussy	puʃ
pust	puʂt
puste	puːste
puste	ˈpʉstə
pusten	puːstən
pustende	pʉstɛn̩d̥ə
pusteproblemer	puːstəproːbləmeːɾ
pusterom	puːstɛɾɔm
pustet	pʉstɛt
pustevansker	puːstevɑnʃkɛr
pusting	puʂtɪŋ
pustingen	pʉstɪŋən
put	puːt
puta	puta
puta	puːtɑ
pute	puːtə
putekrig	puːtəkrɪg
puten	puːtən
putene	puːtənə
puter	puːtər
putevar	puːtəvaɾ
putin	puːtɪn
putnam	puːtn̩
putre	ˈpʉtɾə
putt	puʈː
putte	puːt̪ːə
putte	ˈpʉtə
putter	puːtɾ
puttet	puːtət
pycelle	ˈpʏtʃələ
pygar	puːgɑːr
pyjamas	pjamas
pyjamasen	pjamasɛn
pym	pʏm
pynt	pʏnt
pynte	pintˈe
pynte	pʏ̂nte
pynte	ˈpʏntə
pyntelig	ˈpʏntəlɪ
pynten	ˈpʏntn̩
pynter	ˈpʏn̥tər
pyntet	ˈpʏntət
pyramide	ˈpʏɾɑmɪːdɛ
pyramiden	ˈpʏrəmɪdən
pyramidene	ˈpʏɾamɪdənə
pyramider	ˈpʏrɑmɪdər
pyreneene	pʲirɪ̞nɪ̞jɐnɐ
pysa	ˈpʏːsɑ
pysete	ˈpyːsətə
pysete	ˈpʏːsətə
pysj	pʏ̞s
pysjamas	ˈpʏʃjɑːmɑs
pysjen	psjɛn
pyton	ˈpʏtn̩
pà	poː
pâ	pɑː
på	po
på	poː
på	pɔ
på	pɔː
på	ˈpoː
påbegynt	pɔːbæɪ̯ɪnt
påberope	pɔːbɛrɔpə
påberoper	pɔːbærɔpɛr
påbud	pɔːbʉː
påbud	ˈpoːbʉːd
påbudet	pɔːbʉːd
påby	ˈpoːbyː
pådra	poːdra
pådra	ˈpoːdɾɑː
pådratt	pɔdrɑt
påfallende	pɔːfɑːlɛnɑː
påfallende	ˈpoːfɑlənə
påfugl	pɔːfʉːl
påfunn	pɔfʉn
påfølgende	ˈpoːfœlgənə
påføre	pɔːfœːɾə
påfører	pɔːfœɾɛɾ
påførte	pɔːrfɛːɾə
pågangsmot	pɔːŋsmɔt
pågikk	poːgɪk
pågrep	pɔːgrɛp
pågrep	pˈoːgɾəp
pågrepet	kogɾəpˀit
pågrip	poːgɾɪp
pågripe	poːgɾɪpə
pågripelse	poːgɾɪpəlsə
pågripelsen	poːgɾɪpəlsn̩
pågripelser	poːgɾɪpəlsɛɾ
pågriper	poːgɾɪpər
pågripes	poːgɾɪpəs
pågå	pogo
pågå	poːgoː
pågå	ˈpoːgoː
pågående	poːgoːɪŋə
pågående	ˈpoːgoːənə
pågår	poːgoːr
påholden	ˈpoːhɔlən
påkalle	pɔkɑlːə
påkaller	poːkɑlːər
påkalt	poːkɑlt
påkalte	pɔːkɑːltə
påkjenning	pɔkçɛnɪŋ
påkjørsel	pɔkçøːsəl
påkjørt	poːkjøːɾt
påkledd	poːkɭɛd
påkledning	pɔklɛdnɪŋ
påkledning	ˈpoːkleːdnɪŋ
påkrevd	pɔːkræɪ̯v
pål	pɔːl
pålagt	pɔːlɑkt
påle	pɔːlə
pålegg	poːlɛg
pålegg	pɔːlɛg
pålegger	pɔːlɛgər
pålen	pɔːlən
påler	pɔːlɛɾ
pålitelig	pɔˈliːtlɪ
pålitelige	paːlɪtəlɪgə
pålitelige	pɔˈliːtlɪə
påliteligere	pɔˈliːtlɪɾə
pålitelighet	poːlɪtəlɪgɛt
påliteligste	pɔˈliːtlɪkstə
påmelding	pɔːmɛldɪŋ
påmeldt	pɔːmɛlt
påminne	pɔmɪnːə
påminnelse	pɔmɪnːəlsə
påminnelsen	pɔmɪnːəl̥sən
påminnelser	pɔmɪnːəlsər
påminnet	pɔmɪnːt
påpasselig	pɔpɑsəlɪ
påpasselig	pɔˈpɑsəlɪ
påpasselige	pɔˈpɑsəlɪə
påpasseligere	pɔˈpɑsəlɪɾə
påpasseligst	pɔˈpɑsəlɪkst
påpeke	pɔːpɛkə
påpeke	ˈpoːpeːkə
påpeker	pɔːpɛkər
påpekt	pɔːpɛkt
pårørende	poːˈrøːrɛnə
påske	pɔskɛ
påskeegg	poːʃkɛɛg
påskeharen	pɔʂkəˈhɑːɳ
påsken	pɔʂkən
påskudd	pɔʂkʉd
påskuddet	pɔʂkʉt
påskynde	pɔʂçynə
påskynde	ˈpoːʂʏndə
påskynde	ˈpoːʂʏnə
påstand	ˈpoːstɑn
påstanden	pɔːˈstɑn
påstandene	pɔːˈstɑnːə
påstigning	pɔstɪŋ
påstigningshjelp	ˈpoːstiːgnɪŋsjɛlp
påstod	posto
påstå	posto
påståelig	pɔˈstoːəlɪ
påståeligere	pɔˈstoːəlɪɾə
påståeligste	pɔˈstoːəlɪkstə
påstår	postaɾ
påstår	pɔːʂtoːɾ
påsyn	poːsʏn
påtalemakten	pɔːtɑːləmɑːktn
påtalemyndighetens	pɔːtɑːləmʏɲɪçhɛtɛns
påtatt	pɔtɑt
påtatt	ˈpoːtɑt
påtok	pɔːtɔk
påtvunget	pɔːtʋʉŋt
påvente	po˥˩vˈɛntɛ
påvente	pɔːʋɛntə
påvirke	pɔʋɪɾkə
påvirke	ˈpoːʋɪɾkə
påvirker	pɔʋɪɾkər
påvirkes	pɔʋɪɾkəs
påvirket	pɔʋɪɾkət
påvirkning	pɔːvrɪknɪŋ
påvirkningen	pɔʋɪrkŋɪn
påvise	povisa
påvise	pɔːviːsə
påvise	ˈpoːʋiːsə
påviser	pɔːʋɪsər
påvist	pɔʋɪst
pæra	peːɾɑ
pære	peːɾə
pære	pæːɾə
pærer	peːrər
pøbel	pøːbøl
pøbelen	poːbələn
pøblene	puːblənə
pøbler	poːblər
pølitiet	poːlɪtɪt
pølsa	puːlsa
pølse	puːɬsə
pølse	pˈølsə
pølse	ˈpœlsə
pølsen	puːlsən
pølsene	poːlʂənə
pølsevev	puːlsəveː
pønske	poːnʃə
pønske	ˈpœnskə
pønsker	poːnʃkər
pønsket	poːnʃɛt
pе	peː
q-tip	ˈkɔtɪp
qadir	ˈkɑːdɪr
qaida	ˈqɑɪːdɑ
qasim	ˈkɑːsɪm
qatar	ˈkɑːtɑr
qi	çɪ
qin	çɪn
qu	kw
quad	kvɑːd
quaid	kwɑɪd
quake	ʋɑːk
quan	kwɑːn
quanah	kwɑːnɑː
quangel	ˈkʰʉŋːəl
quantrell	ˈkvɑ̀ntɾɛl
quark	ʋɑːɾk
quarter	kvɑːtɾ
quarterbacken	ˈkvɑːtərbɑkən
quartermain	kvɑːtɾmɑɪn
quawntay	kwɔntɑɪ
quayle	kwɑɪlə
quebec	kwɛbɛk
queen	kʰʉːn
queenan	ˈkʰʉːən
quentin	ˈkvɛ̀ːtɪn
quest	kwɛst
quiche	ʧɪxə
quigley	kwɪgliː
quill	kwɪl
quinlan	ˈkʰɪnlɑn
quint	kwɪnt
quintana	kwɪntɑːnɑ
quintero	ˈkʰʉ̂ntəɾuː
quinton	ˈkvɪntɔn
quintus	kwɪntʊs
quist	kvɪst
r	ar
r	ɾ
r2	ɾː
r2-d2	ɾuːdɔː
ra	ɾɑː
rabalder	ɾaːbaːɫdæɾ
rabalder	ɾɑːbɑːldɛɾ
rabarbra	rabaɾvra
rabarbra	ɾɑːbɑɾbɾɑ
rabarbraen	raːpaːrbɾˈan
rabatt	ɾɑˈbɑt
rabatt	ˈɾɑːbɑt
rabbi	ɾɑbɪ
rabbien	ɾɑbɪən
rabbiner	ˈrɑbːɪnər
rabbineren	ˈrɑbɪnəɳ
rabbits	ɾɑbɪts
raben	ɾɑːb̥n̩
rabiat	ɾɑːbɪɑːt
rabies	ɾɑːbjes
rabies	ɾɑːbɪs
rabiesen	taːbjɛ̀sæːn
rabin	ɾɑːbɪn
rable	ˈɾɑblə
rabler	ɾɑːblɛɾ
rablet	ɾɑːblɛt
rac	ɾɑːk
raccoon	ɾɑkʰuːn
race	ɾɑːsɛ
racerbil	ɾɛsˈɛbɪɹ
racerbil	ˈɾɑːsɛɾbɪl
racerkjører	ˈɾɑːtʃɛɾˌçøːɾə
racersykkel	ˈɾæːsɛʂʏkəl
rach	ɾɑx
rachael	ɾɑːˈçæɛ̯l
rachel	ɾɑːçəl
rachels	ɾɑːçəls
racket	ɾɑkɛt
racket	ˈɾækət
racketen	ɾɑkːəɳ
rackham	ɾɑkːɑm
rad	ɹɑːd
rada	ɾɑːdɑ
radar	ɾɑːdɑːɾ
radaren	ɾɑːdɑːɾɛn
radcliffe	ɹɑːdlɪf
radek	ɾɑːdɛk
raden	ɾɑːd̥n̩
rader	ɾɑːdɛɾ
radering	ɾɑˈdeːɾɪŋ
radikal	ˈɾɑːdɪkɑːl
radikale	ˈɾɑːdɪkɑːlə
radikaler	ɾɑːdɪkɑːlɛɾ
radikalt	ˈɾɑːdɪkɑːlt
radio	ˈɾɑːdɪoː
radio	ˈɾɑːdɪu
radioaktiv	radioaktiːl
radioaktive	ˈɾɑːdɪɔːktɪʋə
radiobølger	ˈɾɑːɖɔːbœɭgər
radioen	ˈɾɑːdɪʊ̯n
radioene	ˈɾɑːdɪu̯əne
radioer	ˈɾɑːdɪɔːɾ
radiomast	radioːmast
radiomelding	ˈɾɑːdiːmɛlɪŋ
radiosender	ˈɾɑːdɪɔ̯sɛ̝ndər
radiosignal	ˈɾɑːdɪsɪŋgɑːl
radiosjekk	ˈɾɑːdɪɔːʃɛk
radiostasjon	ˈɾɑːdiːstɑːʃuːn
radiostasjonen	ˈɾɑːdɪɔstɔʃn̩
radiostillhet	ˈɾɑːdɪɔstɪlhɛt
radiotaushet	ˈɾɑːdiːtɔʉ̯sçɛt
radius	radɪs
radius	ˈɾɑːdɪʉs
radiusen	ˈɾɑːdɪʉsn̩
radley	ɹɑːlɛɪ
radovan	ɹɑːd̥ɔʋɑn
raf	ɾɑːf
rafa	ɾɑːfɑː
rafael	ˈɾɑːfɑːɛ̯l
rafe	ɾɑːfɛ
raff	ɾɑfː
rafferty	ɾɑfɛɾti
raffineriet	ˈɾɑfɪnəɾɪət
raffinert	ˈɾɑːfɪnəɾt
raffinerte	ˈɾɑfɪnəɾtə
rafi	ɾɑːfɪ
rafter	ɾɑːftɛ
rage	ɾɑːgə
rage	ˈɾɑːgə
rager	ɾɑːgɛɾ
ragnar	ɾɑgnɑɾ
ragnarok	ɾɑgnɑɾɔk
ragnarsson	ɾɑgnɑɾsɔn
ragne	ræŋne
ragnhild	ɾɑːɲhɪɭ
ragnor	ɾɑgnɔɾ
ragnwald	ɾɑgnʋɑɭː
rags	ɾɑːks
rah	ɾɑː
rahal	ɾɑːhɑːl
rahim	ɾɑːhɪm
rai	rai
raid	ɾæɪ̯ː
raiden	ɾæɪ̯ːdn̩
raidene	ɾæɪ̯ːd̥ənə
raider	ɾɑɪ̯ːd̥ɛ̞
raiders	ɾæɪːdɐs
raidet	ɾæɪ̯dət
railroad	ɾæɪlɾɔː
raims	ɾæɪms
raimus	ɾæɪmʉs
raimy	ɾæɪ̯mʏ
rain	ɾæɪ̯ːn
rainbow	ɾæɪ̯nboʊ
rainer	ʁæɪˈnɛɾ
raines	ɾæɪ̯nəs
rainman	ɾæɪnman
rains	ʁæɪ̯ns
raiphy	ɾæɪ̯fɪ
raisa	ɾæɪ̯sɑ
raj	ɾɑɪ
raja	ɾɑːjɑː
rajesh	ɹæɪˈjɛʃ
rak	rˈak
rak	ɾɑk
rak	ɾɑːk
rake	ɾɑːkə
rake	ˈɾɑːkə
rakel	ɾɑːkəl
raker	ɾɑːkɛɾ
rakes	ɾɑːkəʂ
rakett	rakːət
rakett	ɾɑˈkɛt
rakett	ɾɑˈkɛtː
raketten	ɾɑˈkɛtːən
rakettene	rakːɛtnˈne
rakettene	ɾɑːkɛtːn̩
raketter	ɾɑˈkɛtɛr
rakettforsker	ˈɾɑkɛtfɔʂkər
rakk	rakː
rakk	ɾɑkː
rakke	ɾɑkːə
rakke	ˈɾɑkə
rakker	ɾɑkːɛɾ
rakkeren	ɾɑkːɛɾɛn
rakkern	ɾɑkːɛɳ
rakkerunge	ɾɑkːɐɾʉŋːə
rakket	ɾɑkːət
rakle	ˈɾɑkɭə
rakne	ɾɑːknə
rakne	ˈɾɑknə
rakner	ɾɑːknɛɾ
raknet	ɾɑːkˈnɛt
rakte	ɾɑːktə
raleigh	ɾɑːlɑɪ
ralf	rˈalf
ralf	ɾɑːlf
rally	ɾɑlːi
rallyet	ɾɑlːyɛt
ralph	ɾɑːlp
ralphie	ɹɑːlfi
ram	ɾɑːm
rama	ɾɑːmɑ
ramada	ɾɑmɑdɑ
ramal	ɾɑːmɑːl
ramallah	ɾɑːmɑlɑ
ramanujan	ɾɑːmɑːnʉjɑːn
rambo	ɾɑmbuː
rambukk	ɾɑmbʉk
rambukken	ɾɑmbʉkkn̩
rami	ɾɑːmɪ
ramirez	ɾɑːmɪˈɾɛs
ramiro	ɾɑːmɪɾʊ
ramius	ɾɑːmɪʉs
ramla	ɾɑmlə
ramle	ɾɑːmlə
ramle	ˈɾɑmlə
ramler	ɾɑːmləɾ
ramlet	ɾɑmlɛt
ramma	ɾɑmːɑ
ramme	ɾɑmːə
ramme	ˈɾɑmə
rammede	ɾɑmːə
rammen	ɾɑmːən
rammene	rˈamːɛnə
rammene	ɾɑmːənə
rammer	ɾɑmːɛr
rammes	ɾɑmːs
rammet	ram˩mət
rammet	ɾɑmːət
ramon	ɾɑːmɔn
ramona	ɾɑːmʊnɑː
ramone	ɾɑːmɔnə
ramones	ɾɑːmɔnɛs
ramos	ɾɑːmɔʃ
ramp	rˈamp
ramp	ɾɑmː
rampe	ɾɑmpə
rampelyset	ɾɑmːəlɛʏ̯sɛt
rampen	ɾɑmpən
rampete	ɾɑmːpɛtə
rampete	ˈɾɑmpətə
ramponere	rampuneˈra
rams	ɾɑms
ramsay	ɾɑmˈsɑɪ
ramse	ɾɑmsə
ramses	ɾɑmsɛs
ramsey	ɾɑmsi
ramsløkene	rammsløːkəna
ramsløker	r̥amˀsløːkər
ramu	ɾɑːmʉ
ramón	ɾɑːmɔn
ran	rɔn
ran	ɾɑːn
rana	ɾɑːnɑ
ranavik	ranavik
ranchen	ɾɑntʃən
rancher	ɾɑntʃɛɾ
rancho	ɾɑŋkʰoː
rancor	ɹɑnˈkɔɾ
rand	ɾɑn
randall	ɾɑndɑl
randalls	ɾɑnːdɑls
randbæk	ɾɑnːd̥bæːk
randen	ɾɑnːd̥n̩
randi	rondj
randi	ɾɑnːdiː
randolph	ɾɑnːdɔlf
rane	rˈɑnə
rane	ɾɑːnə
raner	ɾɑːnɛɾ
ranere	ɾɑːnəɾə
raneren	ɾɑːnəɾɛn
ranerne	ɾɑːnəɳə
ranet	ɾɑːnɛt
rang	ɾɑŋ
range	ɾæŋgə
rangel	ɾɑŋːəl
rangel	ˈɾɑŋəl
rangen	ɾɑŋn̪
rangere	ɾɑŋːɛɾɛ
rangeren	ˈɾɑŋn̩gən
rangerer	ˈɾɑŋːər
rangerne	ˈɾɑŋn̩ɾə
rangert	rəŋʃɛːrt
rangert	ɾɑŋːɛɾt
rangerte	rəŋʃɛːrt̪e
rangerte	ˈɾɑŋːɛɾtə
rangle	ˈɾɑŋɽə
rangstigen	ɾɑŋstɪgn̩
ranjan	ɾɑːnjɑːn
ranjit	ɾɑːnjɪt
rank	ɾæŋk
rankin	ɾɑŋkɪn
ransak	ɾɑnsɑk
ransake	ranˈsaka
ransake	ɾɑnˈsɑkə
ransake	ˈɾɑnsɑːkə
ransakelsesordre	ˈɾɑ̀nsɑ́klɛ̂sɔ́ɾdə
ransakelsesordren	ɾɑnsɑkɛlsɛsɔɖɾɛn
ransaker	ɾɑnsɑkɛɾ
ransaket	ɾɑnsɑkɛt
ransaking	ɾɑnˈsɑŋɪŋ
ransakingsordre	ɾɑnsɑkɪŋsɔɾɖə
ranselen	ɾɑnˈsɛln̩
ransom	ɾɑnˈsɔm
rant	rjant
rant	ɾɑnt
rante	ɾɑntə
raoul	ɹɑuːl
rap	ɾɑːp
rape	rapːa
rape	ɾɑːpə
raper	ˈɾɑːpɛɾ
raphael	ˈɾɑːfəl
rapid	ɾɑːpɪd
rapids	ɾɑːpɪts
rapp	ɾɑpː
rappa	ɾɑpːɑ
rappe	ɾɑpːə
rappe	ˈɾɑpə
rappen	ɾɑpːən
rapper	ˈrɑpər
rappere	ɾɑpəɾːə
rappet	ɾɑpːət
rapphøner	raːpːøːnər
rappkjefta	ɾɑpːçɛftɑ
rapport	rapˈɔrt
rapporten	ɾɑpɔɾtən
rapportene	ɾɑpɔɾtənə
rapporter	ɾɑpːɔtɛɾ
rapportere	ɾɑpɔˈʈeːɾə
rapportere	ˈɾɑpːʊtəɾə
rapporterer	ɾɑpɔtəɾɛːɾ
rapporteres	ˈɾɑppɔtəɾəs
raps	rˈaps
raps	ɾɑːps
rapsodisk	rapsodisk
raptor	ɹɑːptɔɾ
rapunzel	ɾɑːpʉnːsəl
raquel	ɾɑːkɛl
rar	rˈaɾ
rar	ɾɑːɾ
rare	ɹɑːɾə
rarere	ɾɑːɾɛːɾɛ
rarest	rˈɑrɛst
rareste	rˈɑrɛstə
rareste	ɾɑːɾɛ̝stə
raring	ɾɑːɾɪŋ
raringen	ɾɑːɾɪŋən
raringer	ɾɑːɾɪŋɛɾ
rart	ɾɑːɾt
ras	ɾɑːs
rase	rasa
rase	ɾɑːsə
rase	ˈɾɑːsə
rasen	ɾɑːsən
rasende	ɾɑːsənə
rasende	ɾɑːsɛndə
rasene	ˈɾɑːsənə
raser	ˈɾɑːsər
rasere	ɾaseɾa
rasere	ɾɑˈseːɾə
raserer	ˈɾɑːsəɾər
raseri	ˈɾɑːsəɾɪ
raserianfall	ˈɾɑːsəɾɪɑ̯nˌfɑl
raseriet	ˈɾɑːsəɾɪət
raseriutbrudd	rasɛriːˈʉtbrʉdː
raseriutbrudd	ˈɾɑːsəɾʉːtbrʉd
rasert	ˈɾɑːsɛɾt
raserte	ˈɾɑːʂɛɾtə
raseskille	ˈɾɑːsəʃɪlə
raset	rasə
raset	ˈɾɑːsɛt
rashid	ɾɑːˈʂɪ
rasisme	rasjsmɛ
rasisme	ˈɾɑːsɪsmə
rasismen	ˈɾɑːsɪsm̩
rasist	rˈɑːsɪst
rasist	ˈɾɑːsɪst
rasister	ˈɾɑːsɪstər
rasistisk	rasjˈstɪsk
rasistisk	ɾɑˈsɪstɪsk
rasistisk	ˈɾɑːsɪstɪsk
rasistiske	ˈɾɑːsɪstɪskə
rasjon	ɾɑʂːɔn
rasjonell	ɾɑʂʊˈnɛl
rasjonell	ɾɑʃjʊˈnɛɭ
rasjonelle	ˈɾɑʃʉnələ
rasjonene	ˈɾɑʃʉːnə
rasjonere	ˈɾɑʃjunɛɾə
rasjoneringskort	ˈɾɑʂjuːɾɪŋskɔɾt
rask	ɾɑsk
raska	ɾɑska
raske	ɾɑskə
raskere	ɾɑskəɾə
raskest	ɾɑskɛst
raskeste	ɾɑskɛstə
rasket	ɾɑskɛt
raskingen	ɾɑʂçɪŋən
raskt	rˈaskt
raskt	ɾɑskt
rasle	ˈɾɑʂɭə
rasler	ɾɑːʂlɛɾ
rasmus	rasmɪs
rasmus	ɾɑːsmʉs
rasmussen	ˈɾɑsmʉsn̩
rasp	rasp
raspe	ˈɾɑspə
rasputia	ɾɑspʉˈtiːɑ
rassen	ɾɑsːən
rasshull	ɾɑʂːʉl
rasshøl	ɾɑʂːœl
rasshølene	ɾɑʂːøːlənə
rasshølet	ɾɑʂːøːlət
rassia	ɾɑʂɪɑ
rast	ɾɑst
rasteplassen	ɾɑːʂtəˈplɑːsn̩
rastløs	rˈɑstløːs
rastløs	ɾɑstløːs
rastløs	ˈɾɑstløːs
rastløse	ɾɑstløːsə
rat	ɾɑːt
ratchett	ɾɑtʃɛt
rate	ratə
rate	ɾɑːtə
ratt	ɾɑtː
rattet	ɾɑtːə
raul	ɾɑʉ̯l
raus	rau̯s
raus	ɾæʉs
raus	ɾɑʉs
raust	rɛyst
raute	ˈɾæʉtə
rav	ɾɑːʋ
rave	ɾɑːʋə
raven	ɾɑːʋən
ravende	ɾɑːʋənə
ravens	ɾɑːʋəns
ravenwood	ɾɑːvənʋuː
ravi	ɾɑːʋɪ
ravine	ɾɑːʋiːnə
ravinen	ˈɾɑːʋɪnən
ravioli	ɹɑːvɪɔːlɪ
ravn	raven
ravn	ɾɑvn
ravnen	ɾɑvn̩
ravnene	ɾɑʋnə
ravner	ɾɑvnɛr
ravnkloa	ravenklua
raw	ɾɑːʋ
rawdon	ɹɔːdən
rawlins	ɾɑːlɪns
rawls	ɹɔːɭs
ray	ɾæɪ
ray-ray	ɾæɪɾæɪ
rayburn	ɹæɪbʊɳ
rayburns	ɹæɪbʉːns
rayder	ɾɑɪ̯dɛɾ
raymond	rajmun
raymond	ɾæɪˈmɔn
raymonds	ɾæɪˈmoːnz
rayna	ɾæɪ̯nɑ
rays	ɾæɪs
razzia	ɾɑɕɪ
raša	ɾɑːʃɑ
re	ɾɒ
reacher	ɾæçɑɾ
reade	ɹæːdə
ready	ɾæɪdi
reagans	ɾæɪˈgɑːns
reager	ɹæɪ̯gɛɾ
reagere	ɾəɑˈgeːɾə
reagert	ʁeagɛʁ
reagerte	ɾæɪ̯gəɾtə
reaksjon	ɹæɪksjɔn
reaksjonen	ɾæɪksjɔnɛn
reaksjoner	ɾæɪkˈʂuːɾ
reaktor	ˈɾæɪ̯ktɔɾ
reaktoren	ɹæːkˈtɔɳ
real	ɾæɭ
real	ˈɾeːɑl
reale	ɾæːlə
realisere	ɾæɑːlɪsɛɾə
realisere	ɾəɑlɪˈseːɾə
realisert	ɾæɪˈlɪʂɛɾ
realisme	rɛɛlismɛ
realisme	ɾæɑˈlɪsmə
realist	ɾæɑˈlɪst
realistisk	ɾæɑˈlɪstɪsk
realistisk	ɾəɑˈlɪst
realistiske	ɾæɑˈlɪstɪskə
realitet	ɾæɑːlɪtɛt
realiteten	ɾæɪˈlɪtənt
realitetene	ɾæɑˈliːtəɳə
realiteter	ɾæːlɪtɛtɛɾ
really	ɾæɭiː
realt	ɹæɭt
reaper	ɾæɪpɚ
reata	ɾæːtɑ
reb	ɾæːb
reba	ɾæːbɑ
rebecca	ɾɛbɛkɑ
rebeccas	ˈɾɛbɛkʰɑs
rebecka	ɾeːbɛkɑ
rebekah	ɾɛbɛkɑː
rebell	ɾɛbɛɭː
rebellen	ɾɛˈbæɭːən
rebellene	ɾɛbɛlːənə
rebeller	ɾɛbɛl̩
rebus	rɛbʏs
record	ɾɛkɔɾ
records	ɾɛkɔɾs
redaksjon	rɛdakˈsuːn
redaksjonen	ɾæɖɑkʃuːn̩
redaktøren	ɾæɑkˈtøːɾən
redaktørene	ɾæɑ̯ktøːɾənə
redd	rˈad
redda	rˈɛdːa
redda	ɾɛdːɑ
redde	rɛdːɐ
redde	ɾɛdːə
redde	ˈɾɛdə
reddende	ɾɛːdənə
redder	ɾɛdːɛr
reddere	rɛddera
reddes	ɾɛdːəs
reddet	rˈɛdt
reddet	ɾɛdːət
reddhare	ɾɛdːɑɾə
reddik	ɾˈɛdik
reddiken	rɛtdʲɪkɪ̞n
redding	ɾɛdɪŋ
reddington	ɾɛdɪŋtn̩
reddingtons	ɾɛdɪŋtn̩s
rede	ɾeːdə
redegjøre	rˈeːdjˈøːrə
redegjøre	ɾæɪ̯d̥ɛgjøːɾə
redegjøre	ˈɾeːdəjøːɾə
redegjørelse	rˈeːdəjˈœrɪlsa
redegjørelse	ɾeːdɛgjøːɭə
redelig	ɾeːdəlɪ
redelig	ˈɾeːdəlɪ
redelige	ˈɾeːdəlɪə
redeligere	ˈɾeːdəlɪɾə
redeligst	ˈɾeːdəlɪkst
reder	ɾeadɯɾ
reder	ɾeːdɛɾ
redet	ræːdˀa
redfern	ɾɛːfɛɳ
redfield	ɾɛːfɪld
redford	ɾɛdːfɔɾ
redigere	ɾədɪˈgeːɾə
redigerer	rɛdɪgɛred
redigering	ɾeːdɪgeːɾɪŋ
redigert	rɛdɪgˈeːrt
redigerte	redigɛtˈa
redigerte	ɾɛdɪgəɾtə
redman	ɾæɪ̯mɑn
redmond	ɾɛdmɔn
redning	ɾæɪ̯nɪŋ
redningen	ɾɛdnɪŋən
rednings	ɾæɪ̯ngs
redningsaksjon	ɾæɪ̯nɪŋsɑkʂuːn
redningsbåt	ɾæɪ̯nɪŋsboːt
redningsbåt	ɾɛdnɪŋsboːt
redningsfartøy	ɾæɪ̯nɪŋsfɑːɾtœʏ̯
redningsmann	ɾæɪ̯nɪŋsmɑn
redningsmannskapet	ɾæɪ̯nɪŋsmɑnːskɑpət
redningsoperasjon	ɾæɪ̯ngsɔpəɾɔˈʃuːn
redningsteamet	ɾɛːnɪŋsteːmət
redningstjenesten	ɾɛɳɪŋstjɛnɛsn̩
redningsvest	ɾæɪ̯nɪŋsvɛst
redningsvest	ɾɛdnɪŋsʋɛst
redondo	ɾɛːˈdɔ̀nːʊ
redsel	ˈɾɛtsəl
redselsfulle	ɾæɪ̯səlsfʉ̂ːlə
redselsfullt	ɾæɪ̯səlsfʉlt
redskap	rˈeːdskap
redskap	ɾɛskɑp
redskapene	ɾɛskɑpənə
redskapet	ɾɛtskɑpət
redslene	ɾæɪ̯sɭɛːnə
reduksjon	ɹeːdʉksjɔn
reduser	ɾɛːduːsɐ
redusere	ɾɛdʊsˈɛɾɑ
reduserer	ɾɛːduːsəɾɛɾ
reduserte	ɾæːdʉˈʃeːɾtə
redwood	ɾæɪ̯dʋʉː
reece	ɾeːs
reede	ɾeːd̥ə
reeds	ɾeːs
reell	reˈɛl
reell	ɹæɪ̯ɛɭ
reell	ɾəˈɛl
reelle	ɾæɪ̯ɛlːə
reelt	ɹæɭt
reese	ɾeːs
reeves	ɾeːʋəs
referansene	ˈɾɛːfənsənə
referanser	ɾefeɾoŋsir
referanser	ɾɛfɛˈɾɑnsər
referat	refeˈrat
referat	ɾɛfɛˈɾɑːt
referatet	ɾɛfɛˈɾɑːt
referere	referere
referere	ɹeːfɛˈɾɛːɾə
refererer	ɾɛfəˈɾeːɾ
refererte	ˈɾɛfəɾtə
refill	rɛfˈl
refleks	ɾɛflɛks
refleksen	rˈɛfləksən
refleksene	ɾɛflɛksnə
reflekser	rˈɛflɪksɛr
reflekser	ɾɛfˈlɛkʂɛɾ
refleksiv	ˈɾɛfləksiːʋ
refleksjon	ɾɛflɛksjɔn
refleksjoner	ɾɛflɛksjuːɾ
reflektere	ɾəfləkˈteːɾə
reflektere	ɾɛfˈlɛktəɾə
reflekteres	ɾɛflɛkˈtæːɾəs
reflektert	rəflɪktˈeːrt
reflektert	ɾɛfˈlɛktəɾ
reflektor	rɛflɛktor
reforhandle	ɾɛfɔɾhɑndəl
reform	rɛfˈɔɾm
refreng	ɹɛfrɛŋ
refrenget	ɾɛfrɛŋgət
refse	ˈɾɛfsə
reg	ɾeːg
regan	ɾægɑn
regel	ɾeːgəl
regel	ɾˈɒgil
regel	ˈɾeːgəl
regelbrudd	ˈɾæɪ̯gəlbrʉt
regelen	ɾeːgələn
regelmessige	ˈɾæjəlmɛsɪ
regelmessigere	ˈɾeːgəlmɛsɪɾə
regelmessigst	ˈɾeːgəlmɛsɪkst
regenerere	ɾɛgənəˈɾeːɾə
regenten	ɾeːgəntn̩
reggae	ɾɛgɑː
reggie	ɾɛgɪ
regiene	ɾeːgɪənə
regime	ɾɛgiːm
regimenter	ˈɾæɪ̯gɪmɛntər
regimet	ɾegɪmɛt
regina	ɾeːgɪnɑ
region	ɹeːgɪɔn
regional	ɾəgɪʊˈnɑːl
regional	ˈɾægɪɔnɑːl
regionale	ɾɪguːnɑːlə
regionen	rɛgijonən
regioner	ˈɾɛgjʊnər
regiontog	takiuntov
regis	ɾeːgɪs
regissere	ɾɛgɪˈʃeːɾə
regisserer	ˈɾæɪ̯ʃɛsɐ
regissert	ɾegɪˈʃɛɾt
regisserte	ɾɛgɪˈʃɛʈə
regissør	ɾæɪ̯gɪsøɾ
regissøren	ˈɾæɪ̯gɪsøːɳ
register	rɛgɪstr
registrene	ɾɪˈgɪstɾənə
registrere	rekistrɛr
registrere	ɾəgɪˈstɾeːɾə
registrere	ˈɾɪstʂɛɾə
registrerer	registreɾe
registreringen	ˈrɛgɪstɾəɾɪŋ
registreringsnummeret	ɾɪkʃtɾeːɾɪŋsˈnʉməɾət
registrerte	regiʃtretˈa
registret	ˈɾɪgɪstɾeː
regjerende	ɾɪ̀gjæɾɛndə
regjerer	ɹeːgjɛɾɛɾ
regjering	ɾæɪ̯ˈçæɪ̯ŋ
regjering	ɾɛˈjeːɾɪŋ
regjeringen	rˈɛjərɪŋən
regjeringen	ɾæɪ̯gjɛɾɪŋən
regjeringens	ɾɛgjɛɳɪŋɛns
regjeringer	ɾejejeɾiŋeɾ
regjeringer	ɾɛgjɛɳɪŋər
regjerings	ɹeɪɪəɾɪŋs
regle	rækʲiɫæ
reglement	ɾeːgləment
reglementet	ɾeːgləˈmentət
reglene	ɾeːgləneː
regler	ɾæglɛɾ
regler	ɾɛgɫɪ̞ɾ
regn	ɾæɪn
regn	ɾæɪ̯ŋ
regna	rainɔ
regnbue	ɾæɪ̯ŋbuː
regnbuen	ɾæɪ̯ŋbʉːn
regnbuer	ɾæɪ̯ŋbʉːɾ
regne	ræjnæ
regne	ɾæɪ̯ŋə
regne	ˈɾæɪnə
regneark	ɾæɪ̯ŋəɾk
regner	ɾæɪŋɐ
regnes	ɾæɪ̯ŋn̩s
regnestykke	ɾeːgn̩stʏkːə
regnestykket	ɾegn̩stʏkːə
regnet	ɾæɪ̯ŋn̩
regnfrakk	ɾæɪnfɾɑk
regnfull	ɾæɪ̯ŋfʉl
regnfullt	ɾæɪnfʉlt
regninga	rainjnˈo
regninga	ɾæɪŋɪ
regningen	ɾɛgnɪŋən
regningene	ɾæɪŋɪnə
regninger	ɾæɪŋnɪgɐ
regnskap	ɾaɪ̯nsgɑb
regnskap	ɾæɪ̯ŋskɑːp
regnskapene	ɾæɪ̯ŋskɑːpənə
regnskaper	ɾæɪ̯ŋskɑːpɛ́ɾ
regnskapet	ɾæɪ̯ŋskɑːpət
regnskapsavdelingen	ɾæɪ̯ŋskɑːpsɑːvdeːlɪŋ
regnskapsfører	ɾæɪ̯gn̥ʂkɑːfsøɪ̯ːɾ
regnskapsføreren	ɾæɪ̯gn̩skɑfsføːɾən
regnskog	ɾæɪ̯ŋskɔʊ̯
regnskogen	ɾæɪ̯ŋskɔgən
regnskur	ɾæɪnskʉɾ
regnte	rˈaɪnt
regntiden	ɾæɪ̯ŋtɪːdən
regnvann	ɾæɪ̯ɳʋɑn
regnvær	ɾæɪ̯ɳʋæːɾ
regula	ɹegʉla
regulere	ɾəgʉˈleːɾə
regulering	ɹegʉˈlæɳɪŋ
reguleringen	ɾɛgʉlɛɾɪŋən
regulær	ɾəgʉˈlæːɾ
regulære	ɾɛgʉˈlæːɾə
rehabilitering	ɾɛːɑbɪlɪtæɾɪŋ
rehabiliteringen	ˈɾɛːɑbɪlɪtəɾɪŋən
rei	ʁæɪ
reich	ɾæɪç
reid	ɾæɪ̯ː
reide	rˈaɪ
reidun	ɾæɪ̯ˈdʉːn
reier	ɾajɛr
reign	ɹæɪ̯n
reilly	ɾæɪlː
reim	rˈaɪm
reim	ɾæɪm
reimene	ɾæɪ̯ˈmeːnə
rein	ɾæɪn
rein	ʁæɪ̯n
reina	ɾæɪ̯nɑ
reine	rˈaɪn
reine	ɾæɪ̯nə
reinen	rajˈnən
reinere	rɑi̯nɛrɑ
reinkarnasjon	ɾæɪŋkɑɾnɑsjɔn
reinmogard	rajnmuːgaːr
reinsdyr	ʁæɪ̯nsdiːr
reinsdyrene	ʁæɪnsdʏːɾənə
reint	rˈaɪnt
reint	ɹæɪnt
reinøya	rajnɑjɔ
reip	ɹæɪp
reipet	ɾæɪ̯pət
reir	ɾæɪ̯ɾ
reiret	ɾæɪ̯ːɾ
reis	ɾæɪs
reisa	ɾæɪ̯sɑ
reise	rajsa
reise	ɾæɪ̯sə
reise	ˈɾæɪsə
reisebyrå	ɾæɪ̯səbyːɾɑː
reisebyrå	ˈɾæɪsəbʏɾoː
reisebyrået	ɾæɪ̯səbyːɾœʏ̯
reisefot	ɾæɪ̯səfuːt
reisehåndbok	ˈɾæɪsəhɔnbuːk
reiseliv	rajseˈiv
reisemål	raismˈɔl
reisemål	ɾæɪ̯səmoːl
reisen	rˈaɪsən
reisen	ɾæɪ̯sən
reisende	ʁæɪ̯ˈsɛn̪d̪ə
reisens	ʁæɪ̯səns
reiser	ɾaːjseɾ
reiser	ˈræɪ̯sər
reiserute	ˈræɪ̯sərʉːtə
reises	ɾæɪ̯sə
reiseselskap	ˈɾæɪsəsɛlskɑp
reisesjekk	ˈɾæɪsəʂɛk
reisesjekker	rˈaɪsɛʃɛkkˈeːr
reiseveske	ˈɾæɪsəʋɛskə
reising	ɾæɪ̯sɪŋ
reisingen	ɾæɪ̯sɪŋən
reisning	ɾæɪ̯sɪŋ
reist	rˈaɪst
reist	ɾæɪ̯st
reiste	rˈaɪst
reiste	ɾæɪ̯stə
reit	ɾæɪ̯t
reiv	ɾæɪ̯ʋ
reka	ɾɛkɑ
rekall	ɹɛkɑɭ
reke	ɾeːkə
reke	ˈɾeːkə
rekene	ɾeːkənə
reker	ɹeːkɐ
reker	ɾɛkəɾ
rekk	ɾɛkː
rekka	ɾɛkːɑ
rekke	ɾɛkːə
rekke	ˈɾɛkə
rekkefølge	ɾɛkːəfoːlgə
rekkefølgen	ɾɛkːəføːlgən
rekkehus	ɾɛkːəhʉs
rekken	ɾɛkːn̩
rekkene	ɾɛkːn̩
rekker	ɾɛkːɛr
rekker	ɾˈɛkːɪ̞r
rekkevidde	ɾɛkːəˈʋɪdə
rekkevidden	ɾɛkəviːdən
rekkverk	ɾɛkːʋæɾk
rekkverket	ɾɛkgʋɛɾk
reklame	rˈɛklama
reklamebyrå	ɾɛklɑːməbʏɾɑː
reklamefilm	ɾɛklɑːmɛfɪlm
reklamefilmen	ɾɛklɑːməfɪlmən
reklamen	ɾɛklaːmən
reklamene	ɾɛklɑˈmənə
reklamepause	ɾɛklɑːmɛpɔʉ̯s
reklamer	ɾɛkˈlɑːmər
reklamere	ɾɛklɑmɛɾɛ
reklamere	ɾɛklɑˈmeːɾə
reklamerer	ɾɛklɑmɛɾɛɾ
rekognosering	ɾɛːkɔɲnɔʉɾiŋ
rekonstruere	ɾekɔnˈstrʉːɾə
rekonstruksjon	ɹeːkɔnstrʊkʃuːn
rekonvalesens	ɹeːkɔnvɑlɛsɛns
rekord	ɾɛkɔɾd
rekorden	ɾɛkɔɖn̩
rekordtid	ˈɾeːkɔɾtɪː
rekreasjon	ɾɛkɾɛsɪɔn
rekrutt	ɾɛkʈʉt
rekrutten	ɾɛkɾʉtːən
rekruttene	ɾɛkɾʉtːə
rekrutter	ɾɛkɾʉtːɛɾ
rekruttere	ɾɛkɾʉtəɾə
rekrutterer	ɾɛkɾʉtəɾɛɾ
rekruttering	ɾɛkɾʉtəɾɪŋ
rekrutterte	ɾɛkɾʉtɛʈə
rekruttskolen	ɾɛkɾʉtːskɔlən
reksteren	ɾeksteɾen
rektangel	rˈɛktangəl
rektor	ˈrɛktɔr
rektoren	ɾɛktuɾən
rektors	ɾɛktʊʂ
rektum	ɾɛktʉm
rekvirere	ɾɛkʋɪɾəɾə
rekvirerer	ɾɛkʋɪˈɾeːɾ
rekvirerte	ɾɛkʋɪɾətə
rekvisita	ɾɛkʋiˈsiːtɑ
rekvisitt	ɾɛkʋiˈsɪt
rekvisittene	ɾɛkʋɪsɪtənə
rekvisitter	ɾɛkʋɪsɪtɛɾ
rekylen	ɾɛːkʏːlən
relatere	ɾɛlɑtəɾɛ
relatert	ɾɛˈlɑːtəɾt
relativ	ˈɾɛlɑtiːʋ
relative	relˈɑtɪvə
released	ɾæɪˈleːsːd
relevans	rˌɛlvɐns
relevans	ɾɛləˈʋɑns
relevante	ɾɛləˈʋɑ̀ːntə
religioner	rɛlʲigjʊnər
religiøs	ɾɛˈliːgʉøs
religiøse	ɾɛlɪgʉːsə
religiøst	ɾəlˈɪgiøːst
religiøst	ɾɛlɪgʉøst
relikvien	ɹeːlɪkviːən
relikvier	ɾɛlɪkʋɪɛɾ
relingen	ɾæˈlɪŋən
rem	ɾæm
rema	trima
rembrandt	ɾæmbɾɑnt
remer	ɹeːməɾ
remington	ɹeːmɪŋtɔn
remis	ʁɛmˈi
remo	ɾæmoː
remus	ɹeːmʉs
remy	ɾæmʏ
ren	ɾeːn
ren	ɾæ̂ːn
ren	ɾˈɛn
renai	ɾɛnɑɪ
renaldo	ɾɛnːɭu
renard	ɾɛnɑɾ
renata	ˈɾɛnɑtɑ
renate	ɾɛːnɑːtə
renato	ˈɾæ̀ːnɑ̀tʊ
renault	ˈɾæ̀næʊ̯lt
rendalen	rˈɛndˌɑn
rendell	ɾɛnːɛɭ
rendezvous	ɾɛndəˈvʉːs
rene	rɛne
rene	ɾɛːnə
renee	ʁeːnə
renere	ɾɛːnəɾə
renessanse	ɾeːneːsɑnsə
renessanse	ˈɾɛnɛsɑnsə
renessansen	ˈɾɛnəʃɑn̪sən
reneste	ɾɛːnəstə
renfield	ɹɛnfiːɭ
rengjorde	ɾɛŋgɔɾðə
rengjort	ɾeŋjɔɾt
rengjør	ɾeŋjør
rengjøre	ɾɛŋˈjøːɾə
rengjøre	ˈɾeːnjøːɾə
rengjøreren	rˈeːnjœrːrˈn
rengjøres	ɾɛŋgøːɾəs
rengjøring	ɾɛŋˈjørɪŋ
rengjøringen	ɾɛŋˈjøːɾɪŋ
renhet	ɾæɲːət
renheten	ɾɛnhɛtən
renhold	ɾɛnhɔɭ
renholder	renhoːlˈlˈɛ
renko	ɾɛŋkʊ
renly	ɹɛnly
renne	rˈɛnə
renne	ɾɛnːə
renne	ˈɾɛnə
renneløkke	ɾɛnːəɭœkːə
rennene	rɛnːana
renner	ɾɛnːɛɾ
rennesteinen	ɾɛnːəʃˈtæɪ̯ːn̩
rennie	ɾɛnːɪ
reno	ʁæːnʊ
renovere	ɾənʊˈʋeːɾə
renovere	ɾɛnɔvɛɾɛ
renoverer	ˈɾɛːnʊvəɾəɾ
renovert	ɹɛːnɔvɛɾt
rens	ɾæns
rense	ɾɛnsə
rense	ˈɾɛnsə
renselse	ɾænsɛlsə
renselsen	ɾɛnsɛlsən
rensende	ɾɛnˈsɛndə
renser	rænsɪ̞r
renser	ɾɛnsɛɾ
renseri	ɾɛnseːˈɾi
renseri	ɾɛnˈsæɾi
renseriet	ɾɛnsəɾiːə
renset	ɾɛnˈsɛt
renske	ɾɛ̂nʃə
renske	ˈɾənskə
rensker	ɾɛ̂nʃkəɾ
rensket	ɾɛnʃkɛt
renslig	rænslʲi
renslig	ɾænsliː
renslig	ˈɾeːnʂɭɪ
renslige	ˈɾeːnʂɭɪə
rensligere	ˈɾeːnʂɭɪɾə
rensligst	ˈɾeːnʂɭɪkst
rent	ɾɛnt
rente	rˈɛntə
rente	ɾɛntə
renten	ɾɛntn̩
rentene	ræntɑzɑ
rentene	ɾɛntnə
renter	rˈɛntər
renter	ɾɛntəɾ
renton	ɾɛntɔn
renvaske	ɾɛnˈʋɑskə
renvasker	ɾɛnˈʋɑʃkər
renvasket	ɾɛnvaskɛt
reodor	ɹeːɔdɔɾ
rep	ɾæp
repair	ɾæːpɑɪ̯ː
reparasjonen	ˈɾæːpɑɾɔktn̩
reparasjonene	ɾɛpɑɾɑsjɔnɛ
reparatørene	rɛpɛrjɑˀtørənə
reparatører	rɛpaɾatøɾyr
reparatører	ɾɛpɑɾɑˈtøːɾɑ
reparer	ɾɛpɑɾɛɾ
reparere	ɾɛpɑˈɾeːɾə
reparerer	ɾepaɾeɾɛ
repareres	ɾɛparæres
reparert	rɛpaɾɛt
reparert	ɹæpɑɾət
repene	ɹeːpənə
repertoar	ɾɛpɛɾˈtɔɑːɾ
repet	ɹeːpɛt
repetere	ɾəpəˈteːɾə
repetere	ɾɛpɛtɛɾɛ
repeterer	ˈɾɛːpətər
repetisjon	ˈɾɛpətʃuːs
replikator	ɾɛplikɑtɔɾ
replikatorene	ɾɛplikɑtɔɾənə
replikatorer	ɾɛplɪkɑtɔɾɛɾ
replikk	ɾæpˈlɪk
replikk	ʁeplˈik
replikken	ɾɛplikːən
replikkene	ɾɛpˈlɪkːənə
replikker	ɾɛˈplɪkːər
report	ɹeːpɔɾt
reportasjen	ʁɛpɔɾtɑʃɛn
reporter	ɾɛpɔɾtɛɾ
reportere	ɾɛpɔɾˈtæɾə
reporterne	ɾɛpɔɾˈtæɾnə
representanten	ʁepɾɛsɛntɑntn̩
representantenes	ʁepɾɛsɛntɑnə
representanter	ʁepʁɛsɛntɑnˈtɛːʁ
representasjon	ʁepʁɛnˈtɛːʃuːn
representativ	ɾəpɾəˈsɛntɑtiːʋ
representere	ɾəpɾəsənˈteːɾə
representere	ʁepɾɛsɛntəɾə
representerer	ʁepʁɛnˈtɛːɾə
representert	ʁepʁɛnˈtɛːʈ
representerte	ʁepɾɛsɛntɛʁtə
reprimande	ɾɛpɾiˈmɑ̀ːnə
reprise	rɛpˈrɪs
reprodusere	ɾəpɾʊdʉˈseːɾə
reprodusere	ɾɛpɾɔduːsəɾə
reptil	ɾɛptɪl
reptiler	ɾɛptɪlɛɾ
republic	ɾɛpʉˈblɪk
republikaner	ɹɛpʉblɪkɑːnɐ
republikanere	ɾɛpʉblɪkɑnəɾə
republikanerne	ɾɛpʉblɪkɑnɛɾnə
republikanske	ɾɛpʉˈlɪkɑnʃkə
republikk	ɾɛpʉblɪk
republikken	ˈɾʉːpʉblɪkən
republikkens	ɾɛpʉblɪkəns
rer	ɾæɾ
rescue	ɾɛʃːuː
researchen	ɹeːˈʃɛːʃn̩
resepsjon	ɾɛsɛpˈʂuːn
resepsjonist	ˈɾɛsɛpʂnɪst
resept	ɾɛˈsɛpt
reseptbelagte	ˈɾɛsɛptbɛˌlɑktə
resepten	ˈɾɛsːp̜t̪n̩
reservasjon	ˈɾɛsɛɾʋɑsjɔn
reservat	ˈɾɛsɛɾʋɑt
reserve	ˈɾɛsɛʋə
reserven	ˈɾɛsɛʋən
reservene	ˈɾɛsɛʋnə
reserveplanen	ˈɾɛsːvɛːˌplɑːnə
reserver	ˈɾɛsøvər
reservere	ˈɾɛsɛʋəɾə
reservering	ɾɛsɛɾˈʋeːɾɪŋ
reservert	ɾɛsæɾˈʋeːʈ
reservert	ˈɾɛsæɾʋæɾt
reserverte	ˈɾɛsːəʋəɾtə
reservoaret	ˈɾɛsɛɾʋɑːɾ
residensen	ˈɾɛsɪdɛn̪s̠n̩
resignere	ɾɛsɪgˈneːɾə
resignerte	resiːgnɛːrtə
resirkulere	ɾɛsɪɾkʉˈleːɾə
resirkulerer	ˈɾɛsɪɭkʉˌleːɾər
resistans	resistans
resnick	ɾɛsnɪk
resolusjon	rɛsɔlʊʃɔn
resolutt	ɾɛsʊˈlʉt
resonans	ˈɾɛsʊnɑns
resonnement	ˈɾɛsʊnənt
resonnere	ɾɛsʊˈneːɾə
resort	ˈrɛsɔʈ
respekt	rəspˈɛkt
respekt	ɾɛˈspɛkt
respekt	ˈrɛspɛkt
respektabel	rɛspɛktabl
respektabel	ˈɾɛspɛktɑbəl
respektable	ˈɾɛspɛktɑːblə
respekten	ˈrɛspɛktən
respektere	respektərə
respektere	ˈɾɛspɛktɾə
respekterer	ˈɾɛskətəɾ
respekteres	ˈrɛskətəɾəs
respekterte	ˈɾɛskɛktə
respektfull	ˈrɛspɛktfʉl
respektfullt	ˈrɛspɛktfʉlt
respektløse	ˈɾɛspɛktløːsə
respiratoren	ˈrɛspɪɾɔːɾən
responsen	ˈrɛspɔnˌsɛn
ressler	ɾɛsːlɛɾ
ressurs	ɾɛˈsʉʂ
ressurs	ˈɾɛsːʉʂ
ressursene	ˈrɛsːʉʂənə
ressurser	ˈɾɛsːʉʂər
ressurssterk	ɾɛˈsʉʂstæɾk
ressurssterk	ˈrɛsːʉʂːtæɾk
ressurssvak	ɾɛˈsʉʂsʋɑːk
rest	plˈɛs
rest	ɾɛst
restante	ɾɛstɑntə
restaurant	ɾɛstɔˈʁɑ̀ːn
restaurant	ɾɛstʉˈɾɑŋ
restaurantbransjen	ˈɾɛstɔɳˌɑːnʃɑn
restauranten	ɾɛstɑuˈɾɑntn̩
restaurantene	ɾɛstɔˈɾɑ̀ntn̩ə
restauranter	ɾɛstɔˈɾɑ̀ntəɾ
restaurantvogn	ɾɛstɑʉˈɾɑŋʋɔŋn
restaurere	ɾɛstæʉˈɾeːɾə
restaurerer	ˈɾɛstəʉɾəɾ
restaurert	ˈɾɛstɑːɾeɾt
restaurerte	ˈɾɛstɑʉ̯ɾtə
resten	rɛstim
resten	ɾɛstən
restene	rɛstne
restene	ɾɛsˈtənə
rester	rɛstˈiɾ
rester	ɾɛstɛɾ
restituert	ˈrɛstɪtʉːɾ
restriksjoner	ɾɛstɾɪŋskjʊnɛɾ
restriktiv	rɛstriktˈiv
resultat	rˌesultat
resultat	ɾɛsʉlˈtɑːt
resultatet	resultatet
resultere	resultere
resultere	ɾɛsʉlˈteːɾə
resultere	ˈrɛsʉltʉrɛ
resulterer	ˈrɛsʉltəɾə
resultert	ˈɾɛsʉltəɾ
resulterte	ˈrɛsʉltəɾtə
resync	ɾɛsʏŋk
ret	ɹeːt
retail	ɾæɪˈtɑːl
retard	rətaːr
retardene	rətɑːrɛnə
retning	rˈɛtnɪŋ
retning	ɾɛtnɪŋ
retningen	ɹɛtnɪŋən
retningen	χætnɪŋən
retningene	rˈɛtnɪŋənə
retninger	rˈɛtnɪŋər
retninger	ɾɛtnɪŋɐ
retningslinjene	ɾɛtnɪŋsliːnjə
retningslinjer	ɹætnɪŋsliːnjɐ
retningsnummer	ɹætnɪŋsnʉmɛɾ
retningsnummer	ɾɛtnɪŋsnʊməɾ
retorikk	ɾɛtɔɾɪk
retorikken	ɾɛtɔɾɪkən
retorisk	ɾɛtɔɾɪsk
retrett	ɹɛtɾɛt
retriever	ɹeːtɾiːvər
retro	ɹæˈtɾʊ
rett	ɾɛt
rett	ɾɛtː
rett	ˈɾɛt
rette	ɾɛtːə
rette	ˈɾɛtə
rettelse	rˈɛtəlsa
rettelse	ʁɛtəlsə
rettelsen	rˈɛtɛlsæˌ
retten	ɾɛtːn
rettene	ɾɛtːn̩
rettens	ʁɛtn̩s
retter	rˈɛtːɪr
retter	ɾɛtːɾ
rettere	ɾɛtːɾə
rettes	ɾɛtːs
rettet	rˈɛtːət
rettet	ɾɛkt
rettferd	ɾɛtːfɛɾ
rettferdig	ɾɛtːfɛɾɪç
rettferdige	fatˈfaɾdjˈɑ
rettferdigere	ˈɾɛtfæɖɪɾə
rettferdiggjort	ʁɛtːfɛɾɪggɔʈ
rettferdiggjør	ɾɛtːfɛɾɪggœɾ
rettferdiggjøre	ɾɛtːfɛɾɪgːøːɾə
rettferdighet	ʁɛtːfɛɾɪçɛt
rettferdigst	ˈɾɛtfæɖɪkst
rettferdigste	ˈɾɛtfæɖɪkstə
rettighet	ɾɛtːɪç
rettighetene	ʁɛtɪgəne
rettigheter	ʁɛtɪgɛʈɪɾ
rettledning	ʁɛtːlɛdnɪŋ
rettsak	ɾɛtːsɑk
rettsaken	ʁɛtːsɑkn̩
rettsalen	ʁɛtsɑːlən
rettsforfølgelse	ʁɛtsfɔːɫgəlsə
rettshjelp	ɾɛtːsjɛlp
rettshuset	ʁɛtʃʉːs
rettshåndhevelse	ʁɛtːshoːndhɛːʋəlsə
rettskaffen	ʁɛtʃkɑfːn̩
rettskafne	ʁɛtʃkɑfnə
rettskjennelse	ʁɛtʃɪnɛlsə
rettskriving	rˈɛtsskriːvɪŋ
rettskrivinga	rɛtsskrɪvɪŋa
rettskrivningen	rˈɛtskrˌiːvnɪŋən
rettskrivninger	rˈɛtskrˈiːvnɪŋər
rettslege	ʁɛtslɛɪ
rettslegen	ɾɛtslɛgn̩
rettslegens	ʁɛtslɛgn̩s
rettslig	rˈɛtʃli
rettslig	ʁɛtslɪ
rettslige	ʁɛtːsliːgə
rettsmedisin	rˈɛtsmedɪːˈɛn
rettsmedisin	rˈɛtsmədisˈiːn
rettsmedisiner	ʁɛtsmɛdɪsɪnər
rettsmedisinere	ʁɛtsmɛdɪsɪnɛɾɛ
rettsmedisineren	ʁɛtsmɛdiˈsiːnəɾən
rettsmedisinerens	ʁɛtsmɛdɪsɪnəɾɛns
rettsmedisinsk	ɾɛtsmɛdɪsɪŋk
rettsmedisinske	ʁɛtsmɛdɪsɪŋkə
rettsmøte	ʁɛtːsmøːtə
rettsmøtet	ʁɛtːsmøːt
rettssak	rˈɛtsak
rettssak	ˈɾɛtsɑːk
rettssaken	ʁɛtːsɑkn̩
rettssakene	ɾɛtːsɑkənə
rettssaker	rˈɛtːsakˌɪr
rettssaker	ʁɛtːsɑkɛr
rettssalen	ʁɛtːsɑːlɛn
rettssystemet	ʁɛtːsʏsˈtøːm
rettsvesen	ʁɛtːsʋɛsn̩
rettsvesenet	ʁɛtːsʋɛːsɛn̩
retur	ɹeːtʉɾ
returbillett	ɾɛtʉɾbɪlɛt
returen	ɹeːtʉːɳ
returnere	ɾətʉˈɳeːɾə
returnert	ʁɛˈʉːnəɾt
returnerte	ʁɛˈʉ̯nːəɾtə
reuben	ɹøːbən
rev	ɾæʋ
reva	ɾæʋɑ
revansj	ɹeʋɑnsj
revansje	ɹeʋɑnsjə
revansjelyst	rɛvans̺jɛlʉst
reve	ɾeːʋə
revelator	ˈɾæʋlɑtɔɾ
reven	ʁɛʋən
revenge	ɾæʋɛŋg
rever	ɾæʋɛɾ
revere	ɹeːʋəɾə
revers	ɾɛˈʋæʂ
reversere	ˈɾeːʋɛʂə
reversert	ˈɾæʋɛʂːɾ
revet	ɾeːʋət
revidere	ɾəʋɪˈdeːɾə
revidert	ɾeviˈdeːɾt
revir	ɾæʋɪɾ
reviret	ɾɛviːɾ
revisjon	ɾɛʋɪˈʂuːn
revisoren	ɾɛʋɪsɔɾən
revisorer	ɾɛvɪsʊɾɛɾ
revmatisme	ɾæʋmɑtɪsmə
revne	ɾæʋnə
revne	ˈɾɛʋnə
revnen	ɾæʋn̩
revner	ɾæʋnɛɾ
revnet	ɾæʋn̩t
revoir	ʁeˈvʉɑːr
revok	ɾɛʋɔk
revolusjon	ɹɛvʊˈlʉʃuːn
revolusjonens	ɾɛvʊˈlʉʃuːnəns
revolusjonere	ɾəʋʊlʉʂʊˈneːɾə
revolusjonere	ɾɛvʊˈlʉʃuːnəɾə
revolusjonerende	ɾɛvʊlʉʃuːnɛɾɛnə
revolusjonær	ɹɛvʊluʃuːnæɾ
revolver	rˈɛvɔlvər
revolver	ɾɛvɔlvɛɾ
revolvere	ɹɛvɔlʋɛɾ
revolveren	ɾɛvʊˈlʋeːɾən
revolvermann	ɾɛvɔlˈvɛɾmɑn
revolvermannen	ˈɾɛːvɔlʋæɾˌmɑnːən
revolverne	ɾɛvʊlˈvɛːɳə
revurdere	ɾæʋʉɾˈdeːɾə
revurderer	ɾæʋʉɾdərɐɾ
revurdert	ɾʉːvʉɾdɛɾt
revy	ɾeːʋy
revy	ɾæʋɪ
revyen	rəvijn
reward	ɾæʋɑːɾ
rey	ɾæɪ
reyes	ɾæɪ̯s
reykjavík	ɾæɪ̯kjaˈviːk
reymert	dˈæmˌɛt
reynard	ɹæɪˈnɑɾ
reza	ɾeːza
rezort	ɹeːsɔɾt
rhaegar	ɾæːgɑːɾ
rhea	ɾeː
rheumatisme	ɾæʉmɑˈtɪsmə
rhinen	ɾiːn̩
rhino	ɾɪnuː
rhoades	ɹoːɑːð
rhoda	ɾʊːda
rhodos	roːdos
rhonda	ɾɔndɑ
ri	ri
ri	ɾiː
ria	ɾiːɑ
rianne	riːˈɑnə
riano	ˈɾiɑːn̥uː
rib	ɾɪp
ribanna	ɾɪbɑnːə
ribbe	riːbː
ribbe	ɾɪbːə
ribbe	ˈɾɪbə
ribbein	ribːano
ribbein	ɾɪbːɛɪn
ribbeina	ɾɪbːəɪnə
ribben	ɾɪbːən
ribber	ribːyr
ribbet	ɾɪbːət
ribosom	ɾibusɔm
rica	ɾɪkɑ
richard	ɾɪkɑɾ
richards	ɾɪkɑɾs
richardson	ɹɪˈkɑːɾsən
richelieu	ˈɾɪtʃəløj
rick	ɾɪk
rickey	ɾɪkə
ricki	ɾɪkːɪ
rickon	ɾɪkɔn
ricks	ɾɪkʰs
ricky	ɾɪkʰiː
rickys	ɾɪkːʏs
rico	ɾɪkɔ
ricoletti	ɾɪkɔˈlɛtːi
rid	ɾɪːd
ridder	ɾɪd̥ːɛɾ
riddere	ɾɪdːɛɾə
ridderen	ɾɪdːəɾən
ridderlig	ɾɪdːɛɾlɪg
ridderlighet	ɾɪdːɛɾlɪçət
ridderligheten	ɾɪdːɛɾlɪçɛn
ridderne	ɾɪdːɛɳə
riddick	ɾɪdɪk
riddle	ɾɪdːəl
ride	ɾiːdə
ride	ɾiːd̥
ridende	ɾɪːdənə
rider	ɾɪdɛɾ
rideskole	ɾiːdɛskʊlə
ridetur	ɾiːdətʉːɾ
rideturen	ˈɾiːdətʉːn
ridge	ɾɪgə
riding	ɾiːdɪŋ
ridning	rˈiːnɪŋ
rie	riː
riel	ɾiːl
riene	ɾiːnə
riesen	ɾiːsən
riff	ɾɪf
rifla	ɾɪfɭɑ
rifle	ɾɪflə
rifle	ˈɾɪflə
riflen	ɾɪfːlən
riflene	ɾɪfˈlɛːnə
rifler	ɾɪfːlɛɾ
rift	rˈɪft
rift	ɾɪft
riften	ɪftn̩
riga	rˈiga
riga	ɾɪgɑ
rigby	ɾɪgbʏ
riggan	ɾɪgːɑn
rigge	ɾɪgːə
riggen	ɾɪgːn̩
rigger	ɾɪgːər
rigget	ɾɪgːə
riggs	ɾɪgs
rigmor	ɾɪgmʊɾ
rihanna	ɾɪˈhɑnə
rik	ɾiːk
rik	ɾɪk
rikard	ɾɪˈkɑːɾ
rikdom	ɾɪkːɔm
rikdommen	ɾɪkːɔmːən
rikdommene	ɾɪkːɔmːənə
rikdommer	ɾɪkˈdɔmər
rike	ɾɪːkə
rike	ˈɾiːkə
rikelig	ɾɪkəlɪg
rikelig	ˈɾiːkəlɪ
rikelige	ˈɾiːkəlɪə
rikene	ɾɪːkənə
riker	ɾɪkɐ
rikers	ɾɪkɛʂ
rikes	ɾɪkəʂ
rikeste	ɾɪkəstə
riket	ɾɪkət
rikets	ɾɪːkəts
rikfolk	ɾɪkˈfɔlk
riking	rˈiːkɪŋ
riking	ɾɪkɪŋ
rikingen	ɾɪkɪŋən
rikinger	ɾɪˈçɪŋər
rikk	rˈɪk
rikke	ɾɪkːə
rikke	ˈɾɪkə
rikker	ɾɪkːɐ
rikki	ɾɪkːɪ
riksadvokat	ɾɪksɑɾvɔkɑt
riksadvokaten	rɪksadvokatn
riksadvokaten	ɾɪksɑdʋuˈkɑːtn̩
riksdekkende	ɾɪksdɛkːən
rikshospitalet	ɾɪkʃɔspɪtæɾ
rikskrim	ɾɪkʂkɾɪm
riksmål	rɪksmɔːl
riksrett	ɾɪkʂrɛt
rikstelefon	ɾɪkstɛlɛfɔn
riksvei	triksvaj
riksvei	ɾɪkʂˈʋæɪ
riksveien	ɾɪksˈʋæɪən
rikt	ɾɪkt
riktig	ˈɾɪktɪ
riktige	riːkt̪ɪk
riktige	ɾɪçtɪgə
riktige	ˈɾɪktɪə
riktigere	ˈɾɪktɪɾə
riktignok	ɾɪkˈtɪgnɔk
riktigst	ˈɾɪktɪkst
riley	ɾɪlɛɪ
rileys	ɾɪlɛɪs
rille	ɾɪlə
rim	rˈiːm
rim	ɾɪm
rime	ɾɪ́ːmə
rime	ˈɾiːmə
rimelig	ɾɪˈmɛːlɪ
rimelig	ˈɾiːmlɪ
rimelig	ˈɾiːməlɪ
rimelige	ɾɪmɪlɛɪ
rimeligere	ˈɾiːməlɪɾə
rimelighetens	ɾɪməˈlɪçətn̩s
rimene	ɾɪˈmeːnə
rimer	ɾɪmɛɾ
rimstad	rʲimstad
rimte	ɾɪmːtə
rina	ɾɪnɑ
rincon	ɹɪŋkɔn
ring	ɾɪŋ
ring	ɾˈiŋ
ringe	rˈɪŋa
ringe	ɾɪŋːə
ringe	ˈɾɪŋə
ringeakt	ɾɪŋəɑkt
ringeklokka	ɾɪŋkɭɔkɑ
ringeklokke	ɾɪŋəklɔkːə
ringen	ɾɪŋən
ringene	ɾɪŋnə
ringenes	ɾɪŋənɛs
ringens	ɾɪŋəns
ringer	rˈɪŋər
ringer	ɾɪŋːər
ringere	ɾɪŋːɛɾə
ringerman	ɾɪŋəɾman
ringes	ɾɪŋːs
ringet	rˈɪŋət
ringing	ɾɪŋɪŋ
ringingen	ɾɪŋɪŋə
ringnøkkel	rˈɪŋnøːkjɛl
ringperm	rɪŋpæˈrm
ringsaker	rˈɪŋsakˌiːr
ringside	ɾɪŋsɪd
ringt	ɾɪŋt
ringte	ɾɪŋtə
ringvirkning	riŋveɾkning
ringvirkninger	ɾɪŋvɪʁkɪŋgɐ
rino	ɾɪnʊ
rio	ɾiːu
riordan	ɾɪɔɾd̥ɑn
rios	riːɔs
rip	ɾɪp
ripa	ɾɪpɑ
riper	ɾɪpɛɾ
ripet	ɹɪpɛt
ripon	ɹɪˈpɔn
rippe	ɾɪpːə
ripped	ɹɪpː
ripper	ɾɪpːər
rippet	ɹɪpːət
rips	ɾɪps
ripsen	ripsin
rir	ɾiːɾ
ris	ɾiːs
ris	ɾɪs
rise	ɾiːs
risen	ɾiːsən
risgrøt	rˈɪsgrøt
risikabel	risikaːpɛl
risikabel	ɾɪsɪkɑbəl
risikabel	ɾɪsɪˈkɑːbəl
risiker	ɾɪˈʃiːkɐ
risikere	ɾɪsɪˈkeːɾə
risikere	ˈɾɪsɪkəɾə
risikerer	ˈɾɪsɪkəɾ
risikert	ˈɾɪsɪkəɾt
risikerte	ɾɪˈʃɪ́kʰɾtə
risiko	ɾɪˈʂɪkʊ
risiko	ˈɾɪsɪku
risikoen	risikon
risikoen	ˈɾɪsɪkʊən
risikoene	ˈɾɪsɪkʉənə
risikofritt	ˈɾiːsɪkɔfɾɪt
risikofylt	ˈɾɪsɪkɔfylt
risk	ɾɪsk
risken	ɾɪskən
risker	ɾɪʃkɐ
riskrem	riːskrˈem
risle	ɾˈisla
risotto	ɾɪˈsɔtə
rispapir	rɪspopiɾ
risset	ɾɪsːə
rist	ɾɪst
riste	ɾɪstə
riste	ˈɾɪstə
ristede	ɾɪˈsteːd̥ə
rister	ɾɪstɛɾ
ristet	ɾɪstət
ristet	ɾɪsːt
risør	riːsør
rita	ɾɪtɑ
ritalin	ɾɪˈtɑːlɪn
ritas	ɾɪtɑs
ritchie	ɾɪtʃiː
rite	ɾiːtə
ritt	rˈɪtː
ritt	ɾɪtː
rittenhouse	ɾɪtənhʉʂ
ritter	ɾɪtːɛɾ
rittet	ɾɪtːə
ritual	rˈɪtuːal
ritual	ɹiːtʉɑːl
rituale	ɾɪtjuːɑːlə
ritualene	ɾɪtʉ̀ːlənə
ritualer	ˈɾɪtʉɑːlɐ
ritualet	ɾɪtʉːɑːlɛt
rituell	ɾɪtʉɛl
rituelle	ɾɪˈtyːlə
rituelt	ɾɪˈtʉːlt
ritz	ɾɪtʂ
riv	ɾɪʋ
riva	ɾɪʋɑ
rival	ɾivˈɑl
rival	ɾɪˈʋɑːl
rivalen	ɾɪvɑːlən
rivaler	ɾɪˈʋɑːlə
rivaliserende	ɾɪvɑlɪsɛɳɪ
rivalisering	ɾɪvɑlɪsɪŋ
rivas	ɾɪˈʋɑs
rive	æriːvɛ
rive	ɾiːʋə
rive	ˈɾiːʋə
river	ɾiːvər
rivera	ˈriːvə
riverdale	ɾɪvɛɾɑːl
riverlands	ˈriːvərlɑns
riverrun	ɾɪvɛɾʉn
rivers	ɾiːvɐs
riviera	ɾɪˈʋɪ́ɛɾɑ
rivieraen	ɾɪˈʋiːɾæɛn
riving	riːvɪŋ
rivington	ɾɪvɪŋtɔn
rivjern	riːvjˈæn
rivjern	ɾɪʋjɛɳ
rix	ɾɪks
riyadh	ɾiːɑː
rizzo	ɾɪtsːʊ
rizzoli	ɾɪsːɔlɪ
rjukan	ɾʏkɑn
ro	ʁuː
roach	ɾɔɑːʂ
roadie	ɾuːɑːɲiː
roan	ruːɑn
roanoke	ɹɔːˈnʊkə
roark	ɾoːɾk
roarke	ɾɔɑɾkə
roastbiff	ɹoːstbɪf
rob	ɾɔb
robb	ɾɔb
robban	ɾɔbːɑn
robbe	ɾɔbːə
robber	ɾɔbːər
robbet	ɾɔbːət
robbie	ɾɔbɪ
robbies	ɾɔbɪs
robbins	ɾɔbɪn
robby	ɾɔbːʏ
robert	ɾɔbɛɾt
roberta	ɾɔbɛɾtɑ
roberts	ɾɔbɛʈs
robertson	ˈɾɔbɛʈsn̩
robie	ɾɔbɪ
robin	ɾɔbɪn
robins	ɾɔbɪn
robinson	ɾɔbɪsɔn
robohai	ɾʊbɔhæɪ
robot	rˈɔbot
robot	ɾɔbɔt
roboten	ɾʊbɔtən
robotene	ˈɾɔbʊtənə
roboter	ɾɔbɔtər
robotics	ɾɔbɔtɪks
robust	ɾʊˈbʉst
robuste	ɾɔˈbʉ̂stə
robyn	ɾɔbʏn
robåt	ɾʊˈbɔːt
roc	ɾɔk
rocco	ɾɔkːʊ
rocha	ɾɔχɑ
rochefort	ɹɔçefɔʈ
rochelle	ɾɔˈʃɛlːə
rochester	ɹɔkɪstɛr
rocka	ɾɔkɑ
rocke	ɾɔkːə
rockeband	ɾɔkəˈbɑn
rockefeller	ɾɔkəfɛlɪɾ
rockekonsert	ɾɔkəˈkɔnsɛɾ
rocken	ɾɔkːən
rockens	ɾɔkəns
rocker	ɾɔkːɛɾ
rockestjerne	ɾɔkəʃtʰjɛɳə
rockestjernen	ɾɔkɛʂtʃɛɳn̩
rockestjerner	ɾɔkɛʂjɛnɾ
rocket	ɾɔkɛt
rockingham	ɾɔkɪŋhɑm
rockland	ɾɔkːlɑn
rocko	ɾɔkɔ
rockwell	ɾɔkʋæɭ
rocky	ɾɔkːi
rockys	ɾɔkʏs
rodd	rud
rodd	ɾʊd
rodde	rudːɯ
rodde	ɾɔdːə
rodde	ˈɾʊdə
roddy	ɾɔdːʏ
roderick	ˈɾɔːɖɾɪk
rodgers	ɾɔɖːgɛs
rodie	ɾɔdɪ
rodney	ɾɔːnɛɪ
rodrigo	ɾɔdɾigu
rodrigues	ɾɔdɾigʉs
rodriguez	ɾɔdɾigɛs
roedel	ɾøːdəl
roen	ʁœn
roer	ruːr
roffe	ɾɔfːə
rog	ɾɔg
rogaland	ruːgalaːŋ
roger	roːkɛr
roger	ɹɔgəɾ
rogers	ɾɔgɛʂ
rogue	ɾɔg
rohde	ɹɔːdə
rohr	ɹɔːɾ
rohypnol	ɾoʊhɪpnoʊl
roiie	ʁœɪ
roiig	ʁœɪ̯
rojal	rojɔl
rojalist	rojalist
rojas	ɹɔjɑs
rokke	ɾɔkːə
rokker	ɾɔkːɛr
roland	ruːlaːn
roland	ruːlɑn
roldy	ɾɔːɭdʏ
rolex	ɾɔlɛks
rolf	ɢælf
rolf	ɾɔlf
rolfsen	rɔlfzɛn
rolig	ˈɾuːlɪ
roligere	ɾʊˈlɪgəɾə
roll	ɾɔlː
rolla	ɾɔlːɑ
rolle	ɾɔlə
rolle	ˈɾɔlə
rollefigur	ɾɔləfigʉɾ
rollefiguren	ɾɔləfigʉɾən
rollefigurene	ɾɔləfigʉɾənə
rollefigurer	ɾɔləfigʉɾ
rollemodell	ɾɔləmʊdəl
rollemodeller	ɾɔləmuːdəlɛɾ
rollen	ɾɔlːən
rollene	ɾɔlːənə
roller	ɾɔlːɛɾ
rollespill	ɾɔlːɛspɪlː
rolling	ɾɔlɪŋ
rollins	ɹɔlɪns
rollo	ɾɔlːu
rolls	ɾɔlːs
rolv	ɾɔlv
rom	rˈɔm
roma	ruːmɑ
roma	ɾɔːmˈɑ
roman	ɾʊˈmɑːn
romanen	ɾʊmɑnə
romaner	ɾɔmanɛ
romaner	ɾʊmɑnər
romanforfatter	ɾʊmɑnːfɔftɑːɾ
romania	ɾʊmɑnɪə
romanoff	ɾʊmɑnɔf
romanse	ɾʊˈmɑ̀nsə
romansen	ɾʊmɑn̥sɛn
romanser	ɾʊmɑnsɛɾ
romantiker	ɾʊmɑntɪkəɾ
romantikk	ɾʊmɑntɪk
romantikken	ɾʊmɑŋˈtɪkːən
romantisere	romantjsərə
romantisk	rʊmantˈɪsk
romantisk	ɾʊmɑntɪsk
romantisk	ɾʊˈmɑntɪsk
romantiske	ɾʊmɑntɪskə
romas	ɾuːmɑs
rombe	ˈɾʊmbə
rome	ɹoːmə
romer	ɾʊmɛɾ
romeren	ɾʊmʉɾən
romerne	ɾʊmɛɳə
romero	ˈɾʊməɾʊ
romerriket	ɾʊmɛɾɪkː
romerrikets	ɾʊmɛɾɪkɛts
romersk	ɾʊˈmɛʂk
romerske	ɾuːmɛʂkə
romfart	ɾɔmfɑːʈ
romferd	ɾɔmˈfɛɾ
romferden	ɾɔmˈfɛɾn̩
romferge	ɾɔmˈfɛɾgə
romfergen	ɾɔmˈfɛɾn̩
romkamerat	ɾɔmkaːmæɾɑːt
romkameraten	ɾɔmkaːmɛɾɑːtəɳ
romkameratene	ɾɔmkɑməɾɑtə
romkamerater	ɾɔmkaˈmæɾətɛɾ
romme	ɾɔmːə
rommel	ɾɔmːəl
rommels	ɾɔmːəls
rommen	ɾʊmːən
rommene	ɾɔmːənə
rommer	ɾɔmːɾ
rommet	ɾɔmːət
rommets	ɾɔmːəʂ
romney	ɾɔmnə
romneys	ɾɔmnəɪs
romnummer	ɾʊmˈnʉmɛɾ
romnummeret	ɾɔmnʉmɛɾ
rompa	ɾɔmpɑ
rompe	rɔmpa
rompe	ɾɔmpə
romper	ɾɔmpər
romprogrammet	ɾʊmprɔgɾɑmət
roms	ɾɔms
romservice	ɾɔmˈsɛɾvɑs
romskip	rˈɔmskip
romskip	ɾʊmˈʂɪp
romskipet	ɾʊmˈʂɪpət
romslig	ɾɔmsliː
romslig	ˈɾʊmʂɭɪ
romsligere	ˈɾʊmʂɭɪɾə
romstasjon	ɾɔmstɑʃuːn
romstasjonen	ɾɔmstɔʃɛn
romtiden	ɾʊmtɪːn
romulanerne	ɾʊmʊˈlɑːnəɳə
romulansk	ɾʊmʉlɑnsk
romulanske	ɾʊmʉlɑnskə
romulus	ɹʊˈmʉːlʉs
romvesen	ɾɔmˈʋeːsən
romvesen-dna	ɾɔmˈʋeːsn̩ˌdna
romvesenene	ɾɔmˈʋeːsənə
romvesener	ɾɔmʋɛsɛnər
romvesenet	ɾɔmʋɛsɛn
romy	ɾʊmʏ
ron	ɾɔn
ronald	ruːnɔld
ronaldo	ˈɾɔnɑldɔ
ronda	ɾɔnda
ronja	prɔnja
ronnie	ɾɔnɪ
ronnies	ɾɔnɪs
ronny	ɾɔnːʏ
rons	ɾɔns
ronson	ɾɔnˈsɔn
rooks	ɾuːks
roose	ruːsə
rop	ɾɔp
rope	ruːpˈa
roper	ɾɔpɛɾ
ropet	ɾɔpət
roping	ɾɔpɪŋ
ropingen	ɾɔpɪŋən
ropt	ɾɔpt
ropte	ɾɔptə
ror	ɹɔːɾ
rorer	ɹɔɾːɾ
roret	ruːɾət
rormann	ɾɔmn̩
rory	ɾɔɾʏ
rosalee	ˈɾʊsɑˌleː
rosalind	ˈɾʊsɑlɪn
rosario	ˈɾɔsɑɾɪo
roschmann	ɾɔʃmɑn
rose	ruːse
roseanne	ruːʃɑnː
rosenberg	ɾʊsənbærg
rosenborg	ˈɾʊsənbɔɾ
rosendal	rʉsɯnˈdɑˈl
rosenkrans	ˈɾoːsəŋkɾɑns
rosenkransen	ɾɔʃnkrɑnːs
rosenkål	ˈɾuːsənˌkɔːl
rosenthal	ɾʊsɛntɑːl
rosetti	ɾɔʃɛtɪ
rosewood	ruːsɛʋɔː
rosin	ɾʊsˈiːn
rosina	rusiːna
rosina	ruːsɪnə
rosiner	ɾʊˈsɪnəɾ
rosmarin	lʊsmɑːɾiːn
rosmarin	ɾɔsmɑɾɪn
rosmarin	ɾʊsmɑˈɾiːn
ross	ɾɔʂ
rossi	ɾɔʂːɪ
rost	ɾɔst
rostova	ɾɔstɔʋɑ
roswell	ɾɔsʋɛl
rot	ɾoːt
rot	ɾɔt
rota	ruːta
rotasjon	ɾɔtɑˈʃuːn
rote	ɹoːtə
roten	ɹɔtən
rotere	ɾʊˈteːɾə
roterende	ɾʊtəɾɛndə
roterer	ɾʊtəɾɛɾ
rotete	ɾɔtːə
roth	ɾɔt
rothman	ɾɔːmɑn
rothschild	ɾɔtʃɪld
rotselleri	ruːtsɛlɛri
rotta	ɾɔtːɑ
rotte	rˈɔtːə
rotte	ɹɔtːə
rottefelle	rˈɔtːəfˈɛlə
rottefelle	ɾɔtːəfeːlə
rotten	ɹɔtːən
rottene	ɹɔtːn̩
rotter	ɹɔtːɛɾ
rotterdam	ɾɔtːəɾɛm
rouen	ɾʉːən
roulet	ʁʉːlət
rourke	ɹɔɾkə
rousseau	ruːˈsɔʊ
route	ruːtə
rovdyr	rɔːɑːvdiːr
rovdyr	ɾuːvɖʏɾ
rovdyrene	ɾɔʋdʏɾənə
rovdyret	ɾɔʋdʏɾət
rover	ɾuːvɛr
roveren	ruːʋəɾən
row	ruː
rowan	ruːɑn
roxane	ɹɔksɑːnə
roy	ʁɔʏ
roya	ruːjɑ
royale	ʁɔʏ̯ɑːlə
royalle	ʁɔɪ̯ɑlːə
royalties	ɾɔjɑlɪtɪs
royle	ɾɔʏ̯lə
ru	ɾʉː
rubb	ɹʉb
rubber	ɹʉbːɛɾ
rube	ɾʉːbə
rubel	ɹʉːbəl
ruben	rʏbən
ruben	ɹʉːbən
rubens	ɹʉːbəns
rubicon	ɹʉbɪkɔn
rubiks	ɾʉbɪks
rubin	ɹʉːbɪn
rubiner	ɾʉːbɪnər
rubio	ɾʉːbɪʉ
rubriz	ɾʉːbɾɪs
rubén	ɹʉˈbæːn
rudi	ɾʉːɪ
rudolf	ɾʉːdɔlf
rudolph	ɾʉːdɔɫ
rudyard	ɹʉːjɑɾ
ruf	ɾʉːf
rufio	ɾʉːfɪoː
rufsete	ɾʉfsɛtə
rufus	ɾʉːfʉs
rug	ɾʉːg
rugby	ɾʉgbi
ruge	ɾʉːgə
ruge	ˈɾʉːgə
rugen	rˈugin
ruger	ɾʉgəɾ
ruglete	ˈɾʉglətə
rugmel	rʏkmæ̝l
ruin	ruin
ruin	ɹʉɪn
ruin	ɾʉˈiːn
ruinen	ɾʉɪn̪n̩
ruinene	ɹʉɪnə
ruiner	ɹʉiːnɐ
ruinere	ɹʉɪnəɾə
ruinere	ɾʉɪˈneːɾə
ruinerer	ɾʉɪnɛɾ
ruinert	ɹʉɪnəɾt
ruinerte	ruɪˈnɛɾtə
ruiz	ruːɪs
rukket	ɹʉkːət
ruler	ɾʉːl
rulett	ɹʉːlət
rull	ɾʉlː
rulle	ɾʉlə
rulle	ˈɾʉlə
rullebane	ɾʉləˈbɑːnə
rullebanen	ɾʉləˈbɑːnən
rulleblad	rulˈɑblad
rulleblad	ɾʉləblɑː
rullebladet	ɾʉləˈblɑːt
rullebrett	rˈʉlːəbrˌɛt
rullebrett	ɾʉləˈbrɛt
rullekake	ɾʉləˈkɑːkə
rullen	ɾʉlːən
rullende	ɾʉləndə
rullene	ɾʉləneː
ruller	ɾʉlːɛɾ
rulles	ɾʉːls
rullestol	ɾʉlːəstɔl
rullestol	ˈɾʉləstuːl
rullestolen	ɾʉlːəstɔlən
rullestoler	ɾʉlːɛstɔːlɛɾ
rullet	ɹʉlːət
rulleteksten	ɾʉlːətɛkstən
rum	ɾʉm
rumba	ɾʉmba
rumensk	ɾʉˈmeːnsk
rumensk	ɾʉːmɛnsk
rumenske	ɾʉmɛŋkə
rumi	ɾʉːmɪ
rumler	ɾʉmləɾ
rummy	ɾʉmɪ
rumpa	ɾʉmpɑ
rumpe	lumpɐ
rumpe	ɹʉ̀ːmpə
rumpe	ˈɾʊmpə
rumpeballe	rˈuːmpəbalːa
rumpeballene	ɾʉ̀mpəˈbɑːləne
rumpehull	ɾʊmpəɽʉl
rumpen	ɹʉmpən
rumpene	ɾʉmːpənə
rumper	ɾʉmpər
rumpetroll	ɾʊmpətɾɔlː
rumson	ɾʉmˈsɔn
run	ɾʉːn
runabout	ɾʉːnɑbʉt
runar	rˈʉnar
rund	ɾʉnː
rundbrenner	ɾʉːnːbɾɛnːər
runde	rʏ̞ntɛ
runde	ɾʉːn̩d̥ə
runde	ˈɾʉnə
runden	ɾʉːn̪d̪
rundene	ɾʉnːə
runder	ɾʉːnɛɾ
rundet	ɾʉnːdət
rundhandet	ˈɾʉnhɔnət
rundhåndet	ˈɾʉnhɔnət
rundjule	ɾʉnːʉːlə
rundjuling	ɾʉnːɖʉlɪŋ
rundjulte	ɾʉnːdʉltə
rundlurt	ɾʉnːɭʉʁt
rundstykker	ɾʉnːstʏkːɛɾ
rundstykker	ˈɾʉnstʏkəɾ
rundt	rˈɛnt
rundtur	ɾʉntʉː
rundtur	ɾʉntʉːɾ
rundturen	ɾʉntʉːɾɛn
rune	ˈɾʉːnə
runene	ɾʉːnə
runer	ruːnɛr
runge	ˈɾʊŋə
runk	ɾʉŋk
runke	rˈunkə
runker	ɾʉŋkɐ
runket	ɾʉŋkət
runking	ɾʉŋkɪŋ
runkle	ɾʉŋkəl
runner	ɾʉnːɛɾ
running	ɾʉŋɪŋ
runs	ɾʉns
rupert	ɹʉːpɛt
rupi	ɾʉːpɪ
rupier	ɾʉːpɪɛɾ
ruprecht	ɹʉːpɾɛçt
rus	ɾʉːs
rusa	ruːsɑ
rusavhengig	rusavˈɛŋi
rusbruker	rˈʉsbrʉkər
rusbrus	rˈʉsbrʉs
ruse	ˈɾʉːsə
ruset	ɾʉːsɛt
rusfri	ɾʉːsfrɪ
rush	ɾʉʂ
rushet	ɾʉʂːət
rushman	ɾʉʂmɑn
rusk	ɾʉsk
rusk	ɾʉʂk
ruskende	ɾʉskɛndə
ruskin	ɹʉʃɪn
ruskov	ɾʉʂkɔʋ
rusle	ɾʉːslə
rusle	ˈɾʉʂɭə
rusler	rʏʃlær
rusler	ɾʉʂlɛɾ
rusmiddel	rˈʉsmidːəl
rusmisbruk	ɾʉːsmɪsbruːk
russ	ɾʉʂ
russel	ɾʉʂːəl
russer	ɾʉʂːɛɾ
russeren	ɾʉʂːɛɾɛn
russerne	ɾʉʂːɛɳə
russernes	ɾʉʂːɛɳə
russetreffet	ɾʉˈʂːətrɛfː
russian	ruːʃən
russisk	ɾʉʂɪsk
russisk	ˈɾʉsɪsk
russiske	ɾʉˈʃɪskə
russland	ɾʉʂlɑn
russlands	ɾʉʂlɑns
russo	ɾʉʂːʉ
rust	ɾʉst
ruste	ɾʉ̂stə
ruste	ˈɾʉstə
rusten	ɾʉʂːn̩
rusten	ˈɾʉstən
rustent	ɹʉʃtɛnt
ruster	ɾʉʂtɛɾ
rustet	ɾʉʂːət
rustfritt	ɾʉstfɾɪtː
rustne	ɾʉʂnə
rustningen	ɾʉʂnɪŋən
rustninger	ɾʉʂnɪŋɐ
rustom	ɾʉstɔm
ruta	ɾʉːtɑ
rute	rˈʉta
rute	ˈɾʉːtə
rutebilstasjon	ɾʉːtəbiːlstɑʂuːn
ruten	ɾʉːtən
rutene	ɾʉːtənə
ruteplan	ɾʉːtəplɑːn
ruter	ɾʉːtəɾ
rutet	rˈʉtət
rutete	ˈɾʉːtətə
rutger	ɾʉtgəɾ
rutgers	ɹʉtgɛɾs
ruth	ɹʉː
rutherford	ɾʉːtɛɾfɔɾ
ruthie	ɹʉːtɪ
rutine	ɾʉːtɪnə
rutinekontroll	ɾʉːtɪnəˈkɔntrl̩
rutinemessig	ˈɾʉːtənɛmɪsɪ
rutinen	ɹʉːtɪn̪ən
rutinene	ɾʉːtɪnə
rutiner	ɾʉːtɪnər
rutinesjekk	ɾʉːtinɛsɛk
rutland	ɾʉːtˈlɑnː
rutledge	ɹʉːtˈlɛg
ruud	ɹʉːd
rwanda	ɾʋɑnːa
ry	ɾyː
ry	ɾʏː
ryan	ɾʏːn
ryans	ɾʏɑns
rydda	rɪntːa
rydde	rɪdˈda
rydde	ɾʏːd̥ə
rydde	ˈɾʏdə
ryddegutt	ɾʏdːɛgʉtː
rydder	ɾʏdːɛr
ryddes	ɹʏdːəs
ryddesalg	rʲytdʲɪsɐɫg
ryddet	ɾʏdːə
ryddig	ridːi
ryddig	ɹʏdɪ
ryddig	ˈɾʏdɪ
ryddige	ɹʏdɪgə
ryddigere	ˈɾʏdɪɾə
ryddigst	ˈɾʏdɪkst
ryddigste	ˈɾʏdɪkstə
rydell	ɾʏdɛɭ
rye	ɾʏ
ryet	ɾʏːt
ryfylkegata	brɪfjlkɛgata
rygg	ɾʏg
rygge	ɾʏgːə
rygge	ˈɾʏgə
ryggen	ɾʏgːən
ryggene	rɪkgɪnæ
ryggene	ɾʏgːə
rygger	rɪ̞gɪ̞r
rygger	ɹʏgːɛɾ
rygget	ɾʏgːə
ryggmargen	ɾʏgmɑɾgn̩
ryggrad	ɾʏggɾɑːd
ryggrad	ɾʏgɾɑːd
ryggraden	ɾʏggɾɑːd̥n̩
ryggsekk	ɾʏgːsɛk
ryggsekk	ɾʏksɛk
ryggsekken	ɾʏgːsɛkːən
ryggsekkene	rʲikʲɪsʲækʲɪnʲæ
ryggsekkene	ɾʏgːsɛkːənə
ryggsøylen	ɾʏgːsœʏ̯lən
ryk	ɾʏk
ryke	riːkːe
ryke	ɾʏːkə
ryke	ˈɾyːkə
rykende	ɾʏːkən̩d̥ə
ryker	ɾʏkəɾ
rykk	ɾɪk
rykk	ɾʏk
rykke	rʲikːæ
rykke	ɾʏkːə
rykke	ˈɾʏkə
rykker	ɾʏkːər
rykket	ɾʏkːə
rykte	ɾʏktə
ryktene	ɾʏktənə
rykter	ɾʏktɛɾ
ryktes	ɹʏktəs
ryktet	ɾʏktɛ
ryland	ɾʏln
rynke	rɪ̞ŋkæ
rynke	ɾʏŋkə
rynke	ˈɾʏŋkə
rynkene	ɾʏŋkənə
rynker	ɾʏŋkɐ
rypa	ɾʏpɑ
rype	riːpˈ
rype	ɾʏːpə
rypene	ɾʏːpənə
ryper	ɾʏpɛɾ
ryste	rˈystə
ryste	ɾʏʂtə
ryste	ˈɾʏstə
rystende	ɾʏstɛnə
rystende	ˈɾʏstəne
ryster	ɾʏstɛɾ
rystet	ɾʏstɛt
rytme	ɾʏmtə
rytme	ˈɾʏtmə
rytmen	rˈytmən
rytmen	ɾʏmːən
rytmer	rˈytmər
rytmer	ɾʏmtmɛɾ
rytter	ɾʏtːɛɾ
ryttere	ɾitːæɾe
ryttere	ɾʏtːɛɾə
rytteren	ɾʏtːəɳ
rytterne	rˈɪtarnə
rytterne	ɾʏtːɛɳə
ryø	ɾʏː
rå	zo
rå	ɾoː
råbra	ɾoːbɾɑ
råd	ɾɔː
råde	ɾɔːd̥ə
råde	ˈɾoːdə
rådene	ɾɔːdənə
råder	ɾɔːɖɛɾ
rådet	ɾɔːdət
rådføre	ˈɾoːdføːɾə
rådgiveren	ɾɔːɪgɪvəɾən
rådgivning	ɾɔːɪ̯ɪ̯vɪŋ
rådhus	ɾoːdhʉːs
rådhus	ɾɔːd̥ʉs
rådmannen	ɾoːdmɑnːn
rådsmedlem	ɹoːdsˈmɛɭm
rådspørre	ɾɔːɖspœʁə
rådyret	ɹɔːdʏrɛt
råere	ɾøːɾə
råeste	ɹøːst
råkjøre	ˈɾoːçøːɾə
råkjører	ɾɔːkjuːɾɛːɾ
råkjøring	roːkjøːrˈiːŋ
råkul	ɹɔkʉl
råkult	ɾɔːkʉlt
rår	ɾɑːr
råsexy	ɾoːsɛksy
råskinn	ɾoːʂçɪn
råstilig	ɾɔstɪlɪg
råtass	ɹoːtɑs
råtne	ɾɔtnə
råtne	ˈɾɔtnə
råtnende	ɾɔtnɛnə
råtner	ɹɔːtnɛɾ
råtnet	ɾɔtn̥
rått	ɾɔtː
råtten	ɾɔtːn̩
råtten	ˈɾɔtən
råttent	ɹɔtːn̩
råvarer	ɾɔːvɑːɾɛɾ
ræv	ɾæːʋ
ræva	ɾæːʋɑ
ræven	ɾæːʋən
rævhøl	ɾæːvhœl
rævhølet	ɾæːvhøːlət
rævkjører	ɾæɪ̯kjuːɾ
rævkjørt	ɾæɪ̯kɕøɾt
rævkjørte	ɾæɪ̯kɕœɾtə
rævpuler	ɾæɪ̯pʉːlɛɾ
rævslikker	ɾæʋsliːkɐ
rævva	ɾæʋːɑ
río	ɾiːo
røa	ˈɾøːwɑ
rød	rø
rødbeter	ɾœd̥bɛtɐr
røde	ɾøːə
røde	ɾœːdə
rødere	ɾøːdəɾə
rødglødende	ɾøːgløːdɛngə
rødhette	ɾœdˈhɛtə
rødhud	ɾøːhʉː
rødhuder	ɾøːdʉːɖʉːɾ
rødhårede	ɾøːd̥hɔːɾeː
rødjakke	ɾøːjɑkːə
rødjakkene	ɾøjɑkːənə
rødjakker	ɾøjˈjɑkːər
rødkål	ˈɾøːkoːl
rødme	ˈɾœdmə
rødmer	ɾøːmɛɾ
rødmet	rðmət
rødmet	ɾøːmɛt
rødstrupe	ˈɾøːstɾʉːpə
rødt	ɾœt
rødtoppen	ɾøːtɔpːən
rødtopper	ɾøːtɔpːər
rødvin	ɾøːvɪn
rødvin	ˈɾøːʋiːn
røff	ɾœf
røffe	ɾœfːə
røft	ɾœft
røk	ɾøːk
røke	røka
røke	ɾøːkə
røkelse	ɾœkəlsə
røker	ɾøːkɛr
røket	ɾœkət
røkt	rˈɵkt
røkt	ɾøːkt
røkt	ɾœkt
røkte	rˈɵktə
røkte	ɾœktə
røkte	ˈɾœktə
røm	ɾøm
rømling	ɾœmliŋ
rømlingen	ɾømlɪŋən
rømlingene	ɾœmliŋənə
rømlinger	ɾœmˈlɪŋər
rømme	ɾømːə
rømme	ˈɾœmə
rømmegrøten	rømmˀɛgˀrøːtˢn
rømmen	ɾœmːn̩
rømmer	rømmyɾ
rømmer	ɾømːɾ
rømning	ɾœmɲɪŋ
rømningen	ɾœmːɲɪŋə
rømningsvei	ɾœmːɪŋsʋæɪ
rømt	rˈɵmt
rømt	ɾœmːt
rømte	ɾœmtə
rønna	ɾœnːɑ
rønne	ɾœnːə
røntgen	ˈɾœntkən
røntgenbilde	ɾœntçənbɪldə
røntgenbilde	ˈɾœntkənbɪldə
røntgenbildene	ɾœntçɛnbiːldənə
røntgenbilder	ɾœntçɪnˈbɪɭdər
røp	ɾœp
røpe	rˈøːpə
røpe	ɾøːpə
røpe	ɾœpə
røper	ɾœpɛr
røpet	ɹøːpət
rør	ɾøː
røra	ruːɾɑ
røre	rˈœra
røre	ɾœːɾə
røre	ˈɾøːɾə
røren	ɾœːɾən
rørende	ɾœːɾɛn̩d̥
rørene	ɾøːɳə
rører	ɾœɾː
røres	ɾœːɾɛs
røret	rœɾe
røret	ɾœɾət
rørledning	ɾœːɭɛdnɪŋ
rørledningen	ɾœːɭəɭɛnɪŋən
rørlegger	ɾœɽlɛgɛ
rørleggeren	ɾœːɭɛgːɛɾɛn
rørt	ɹøɾt
rørte	ɾœɾtə
rørvik	rˈøːrvik
røske	ɾœʃkə
røsker	ɾœʃkər
røsligere	ˈɾœʂɭɪɾə
røst	rˈøst
røttene	ɾœtːn̩
røtter	røtːiːr
røtter	ɹøtːɛ
røve	ɾøːʋə
røver	ɾøːvɛɾ
røvere	ɾøːʋəɾə
røverkjøp	ɾœɾkøp
røverne	rˈøːvərna
røverne	ɾøːvɛɳə
røvet	ɾœʋət
røy	ɹøʏ
røya	ɾœʏɑ
røyk	rɛjk
røyk	ɾøɪk
røyk	ɾœjk
røyka	ɾøʏkɑ
røyke	røkke
røyke	ɾœʏkə
røyke	ˈɾœjkə
røyken	ɾœʏ̯kən
røykepause	ɾœykəpɔsɛ
røyker	ɾœjkəɾ
røyker	ɾœʏkɛɾ
røykere	ɾœykɛɾɛ
røyket	ɾœçkʉt
røyking	ɾœʏ̯kɪŋ
røykingen	ɾœʏ̯kɪŋən
røykt	ɾœykʈ
røykte	ɾœçktə
røyskatt	ɾøɪʂɑt
røyskatten	ɾœʏ̯sˈkɑtːn̩
røyte	ˈɾœjtə
sa	sɑː
sa	sɔː
saab	sɑːb
saad	sɑːd
saavik	ˈsɑːʋɪk
saba	ˈsɑːbɑ
sabata	ˈsɑːbɑːtɑ
sabaya	ˈsɑːbɑʏ
sabbat	ˈsɑbɑt
sabbaten	ˈsɑbɑtən
sabbath	ˈsɑbɑt
sabbatsår	ˈsɑbɑtsɔːr
sabel	ˈsɑːbəl
sabelen	ˈsɑːbələn
saber	ˈsɑːbər
saberhawk	ˈsɑːbərhɑːk
sabian	ˈsɑːbɪɑːn
sabina	sabjna
sabina	ˈsɑːbɪnɑ
sabine	sˈabiːna
sabine	ˈsɑːbɪnə
sabla	ˈsɑːblɑ
sable	ˈsɑːblə
sabotasje	ˈsɑːbɔtɑʃə
sabotere	saboteˈra
sabotere	sɑbʊˈteːɾə
sabotere	ˈsɑːbɔtərə
saboterer	ˈsɑːbɔtəɾəɾ
sabotert	ˈsɑːbɔtæɾt
saboterte	ˈsɑːbɔtəɾtə
sabotør	sabutør
sabotør	ˈsɑːbɔtøːr
sabra	ˈsɑːbra
sabre	ˈsɑːbrə
sabrina	ˈsɑːbɾiːnɑ
sac	ˈsɑk
sachi	ˈsɑχi
sachs	ʂɑːks
sack	ˈsɑk
sackett	ˈsɑkət
sacks	ˈsɑkʂ
sacramento	sakramˈɛnto
sadako	ˈsɑːdɑkʊ
saddam	ˈsɑdːɑm
saddams	ˈsɑdɑms
saddle	ˈsɑɭə
sadel	sadɛl
sadel	ˈsɑːdəl
sadelen	ˈsɑːdələn
sadie	ˈsɑːdɪ
sadist	ˈsɑːdɪst
sadistisk	ˈsɑːdɪstɪsk
sadistiske	ˈsɑːdɪstɪskə
sadle	ˈsɑːɭə
sadler	ˈsɑːdlər
saerlig	ˈsæɾlɪ
safari	ˈsɑːfɑːɾi
safe	sæɪf
safen	ˈsɑːfən
safer	ˈsɑːfər
safety	ˈsæfti
safir	ˈsɑːfɪr
safirer	ˈsɑːfɪrər
safran	safrˈɑn
safran	sɑˈfɾɑn
safran	ˈsɑːfrɑn
saft	sɑft
saft	sˈaft
saften	sˈaftən
saften	ˈsɑftn̩
saftene	safˈtnˈɛ
safter	safˈtər
saftig	ˈsɑftɪ
saftige	ˈsɑftɪgə
saftige	ˈsɑftɪə
saftigst	ˈsɑftɪkst
saftigste	ˈsɑftɪkstə
saftis	ˈsɑftɪs
sag	sɑːg
saga	saːda
saga	ˈsɑːgɑ
sagaen	ˈsɑːgən
sagbruk	ˈsɑːgbrʉːk
sagbruket	sɑːgbrʉkət
sagd	sagd
sagde	sagda
sagde	sɑgdɛ
sage	sɑːgə
sage	ˈsɑːgə
sagen	ˈsɑːgən
sagene	sɑgɪnɛ
sager	sˈɑgɪt
sager	ˈsɑːgəɾ
saget	ˈsɑːgət
sagmugg	ˈsɑːgmʉg
sagn	sɑŋn
sagnet	ˈsɑːnːət
sagt	sakt
sagt	sɑgt
sagvolden	saːkvolni
sahara	ˈsɑːhɑːrɑ
sahib	ˈsɑːhɪb
said	sɛɪ̯
saidi	ˈsæɪ̯dɪ
saigon	ˈsæɪgɔn
saiiy	ˈsæɪʏ
saint	ʃæɪnt
saito	ˈsæɪ̯tə
sajani	ˈsɑjɑni
sajeg	ˈsæjə
sak	sɑk
sak	sɑːk
saka	saːka
sake	ˈsɑːkə
saken	sakan
saken	ˈsɑːkən
sakene	ˈsɑːkənə
sakens	ˈsɑːkəns
saker	ˈsɑːkər
sakfører	ˈsɑːkføːrər
sakk	ˈsɑk
sakkarin	sakːaɾiːn
sakke	sakːe
sakke	ˈsɑkə
sakker	ˈsɑkːər
sakkyndig	ˈsɑːkçʏnɪ
sakkyndige	ˈsɑːkçʏnɪə
sakkyndigere	ˈsɑːkçʏnɪɾə
sakkyndigst	ˈsɑːkçʏnɪkst
sakkyndigste	ˈsɑːkçʏnɪkstə
saklig	sagliː
saklig	ˈsɑːklɪ
saklige	saːtlija
sakligere	ˈsɑːklɪɾə
sakligst	ˈsɑːklɪkst
sakligste	ˈsɑːklɪkstə
sakne	sakna
sakne	ˈsɑknə
sakner	ˈsɑknər
sakrament	sakramˈɛnt
sakrament	ˈsɑːkrəment
sakristi	sakrɪsˈti
saks	saks
saks	sɑks
saksa	ˈsɑksɑ
saksbehandler	ˈsɑːksbəhɛndər
saksbehandleren	ˈsɑksbəhɛndərən
sakse	ˈsɑksə
saksedyr	saksɛdiːr
saksen	ˈsɑksn̩
sakser	ˈsɑksər
saksere	ˈsɑːʃəɾə
sakserne	ˈsɑksəɳə
saksmappe	ˈsɑksmɑpːə
saksmappen	ˈsɑksmɑpːən
saksmappene	ˈsɑksmɑpːənə
saksmapper	ˈsɑksmɑpər
saksnummer	ˈsɑksnʉmər
saksofon	ˈsɑksuːfɔn
sakspapirene	ˈsɑːkspɑːpɪrənə
saksøk	ˈsɑːksøːk
saksøke	ˈsɑːksøːkə
saksøker	saksøːkər
saksøker	ˈsɑːksøːkər
saksøkt	ˈsɑːksøkt
saksøkte	ˈsɑːksøktə
sakt	sɑːkt
sakte	sˈaktə
sakte	ˈsɑktə
sakte	ˈsɑːktə
saktens	ˈsɑːktəns
saktere	ˈsɑktəɾə
saktmodige	ˈsɑktmʊdɪgə
saktner	ˈsɑːktnər
sal	sal
sal	sɑːl
salaam	ˈsɑːlɑːm
saladin	ˈsɑːlɑːdɪn
salam	ˈsɑːlɑm
salamanca	ˈsɑːlɑmɑŋkɑ
salamander	sɑlɑmɑndɯɾ
salameh	ˈsɑːlɑːmə
salami	sɑlɑːˈmi
salami	ˈsɑːlami
salander	ˈsɑːlɑnːər
salas	ˈsɑːlɑs
salat	sɑˈlɑːt
salat	ˈsɑːlɑt
salaten	ˈsɑːlɑːtən
salater	salatər
salatslynger	salatʃlɛŋer
saldo	sɑwɯ̞ɫdʊ̞
saldo	ˈsɑːldʊ
saldoen	ˈsɑːldʊən
sale	saːlə
saleem	ˈsɑːlɛm
salem	ˈsɑːləm
salen	ˈsɑːlən
salene	ˈsɑːlənə
saler	ˈsɑːləɾ
salerno	ˈsɑːləɳo
salg	sɑlg
salg	sɑːl
salgene	sɑɫgɪ̞nɯ̞
salget	sɑɫgɛ
salget	ˈsɑːɭgət
salgs	salks
salgsliste	solʲikslʲista
salgspris	salekspɹis
salgsprisen	ˈsɑːɫsˌprɪsn̩
salig	ˈsɑːlɪ
salige	ˈsɑːlɪgə
salighet	ˈsɑːlɪgɛt
salim	ˈsɑːlɪm
salinas	ˈsɑːlɪnɑːs
salinger	ˈsɑːlɪŋər
salino	ˈsɑːlɪnʊ
salisbury	ˈsɑːlɪsbɾi
sally	ˈsɑlːi
sallys	ˈsɑɭːs
salma	sɑɫmɑ
salman	ˈsɑːlmɑn
salmander	ˈsɑːlmɑnːər
salme	ˈsɑːlmə
salmer	ˈsɑːlmər
salmon	ˈsɑːlmɔn
salmonella	ˈsælmənɛlə
salome	ˈsɑːlɔmə
salomo	salumu
salomon	ˈsɑːlʊmɔn
salomonisk	sɑlʊˈmuːnɪsk
salomons	ˈsɑːlʊmʊns
salomos	ˈsɑːlʊmɔs
salong	ˈsɑːlɔŋ
salongen	ˈsɑːlɔŋən
saloon	ˈsɑːlʊn
saloonen	ˈsɑːluːn̩
salpeter	ˈsɑːlpɛtər
sals	salʂ
salsa	sɑlsɑ
salt	salt
salt	sɑlt
salt	sɑːlt
salte	saltˈɯ̞
salte	ˈsɑltə
salte	ˈsɑːltə
saltede	saltːɯdɯ
salter	saltɯ̞r
salter	ˈsɑltər
saltet	ˈsɑltl̩
saltfjellet	saltfjælːe
saltkringla	saltkriːŋra
saltkringlen	saltkrin˩˥ːl˩˦ɛn˧
saltkringler	ˈsɑltkrɪŋːər
salto	ˈsɑːltʊ
saltsyre	ˈsɑːltsyːr
saltum	ˈsɑːltʉm
saltvann	ˈsɑltvɑn
salud	ˈsɑːlʉː
salute	ˈsalʉːtə
salutt	ˈsɑːlʉt
salvador	ˈsalvɑːdɔr
salvato	ˈsɑːlʋɑːtʉ
salvatore	sɑlvɑtˈoːʁə
salve	salvə
salve	ˈsɑlʋə
salven	sˈalvən
salven	ˈsalvən
salver	salve
salver	ˈsɑːlvər
salvet	ˈsalvɛt
salvie	salvie
salvie	salvɪ
salvie	sɑlʋɪə
salzburg	sɑlsbʉɾg
sam	sam
samantha	ˈsɑːmɑnθɑ
samanthas	ˈsɑːmɑnθɑs
samar	ˈsɑːmɑr
samara	ˈsɑːmɑːrə
samarbeid	ˈsɑmɑɾbæɪd
samarbeid	ˈsɑːmɑɾbæɪ̯d
samarbeide	ˈsɑmɑɾbæɪdə
samarbeide	ˈsɑːmɑɾbɛɪ̯d̥ə
samarbeider	ˈsɑːmɑɾbɛɪ̯ɖəɾ
samarbeidet	ˈsɑːmɑɾbɛɪt
samarbeidsvilje	ˈsɑːmɑɾbæɪ̯dsʋɪɭjə
samarbeidsviljen	ˈsɑːmɑɾbæɪdsʋɪljən
samarbeidsvillig	ˈsɑːmɑɾbæɪ̯dsˌvɪlɪ
samarbeidsvillige	ˈsɑːmɑɾbɛɪdsˌvɪlɪgə
samaritan	ˈsɑːmɑˌrɪtɑn
samba	ˈsɑmba
samband	ˈsɑmbɑn
sambandet	ˈsɑmbɑndət
sambo	ˈsɑmbuː
samboer	ˈsɑmbuːər
samboere	ˈsɑmbuːɾə
samboeren	ˈsɑmbuːɾən
samcro	ˈsɑːmkrʊ
same	samə
same	saːma
samer	saːmɪdʒ
samfunn	ˈsɑmfʉn
samfunn	ˈsɑmɸʉnː
samfunnet	ˈsɑmfʉnːət
samfunnsfag	ˈsɑmfʉnsfɑːg
samfunnsfiende	ˈsɑmfʉnːsfiːndə
samfunnshuset	ˈsɑmfʉnʃʉːs
samfunnstjeneste	ˈsɑmfʉnːstjɛnəstə
samfunnstjenesten	ˈsɑːmfʉnːsˌtʃeːən̥
samhandel	sammhandəl
samhold	ˈsɑːmhɔɭ
samholdet	ˈsɑːmhɔldət
samhørighet	ˈsɑːmhøːɾɪkt
samir	ˈsɑːmɪr
samira	ˈsɑːmɪɾɑ
samisk	sˈɑːmɪsk
samklang	samklˈaŋ
samkvem	ˈsɑːmkʋæm
samla	ˈsɑːmlɑ
samle	saːmˈlɛ
samle	ˈsɑmlə
samle	ˈsɑːmlə
samlebåndet	ˈsɑːmləˌbɔ́ɪ̯ntə
samlede	ˈsɑːmləɖə
samleie	samlajˈ
samleie	ˈsɑːmləɪ
samleiene	samlajɛnæ
samleiet	samlajˈe
samler	ˈsɑːmləɾ
samlere	ˈsɑːmləɾə
samles	ˈsɑːmləs
samlet	samla
samlet	ˈsɑːmlət
samling	samlˈɪŋ
samling	ˈsɑmlɪŋ
samling	ˈsɑːmliŋ
samlingen	ˈsɑmliŋən
samlinger	ˈsɑmlɪŋər
samliv	sɑˀmˀlˈiːv
samma	ˈsɑmːɑ
samme	samme
samme	sɑmə
samme	ˈsɑmə
samme	ˈsɑmːə
sammen	famˈɛn
sammen	ˈsɑmən
sammen	ˈsɑmːn̩
sammenbrudd	ˈsɑmːənbrʉt
sammenbruddet	ˈsɑmːənbrʉtː
sammendrag	ˈsɑmːənˌdrɑːg
sammendraget	sammənˀd̥raːg̊ɛ
sammendragning	samməndrˈɑːgnɪŋ
sammenfaller	ˈsɑmənfɑlːər
sammenfatte	ˈsɑmənfɑtə
sammenheng	ˈsɑmənhɛŋ
sammenheng	ˈsɑ̀mːn̩heŋ
sammenhengende	ˈsɑmːənˌhæŋn̩d̥ə
sammenhenger	ˈsɑ̀mːənhɛŋər
sammenkoblet	ˈsɑmːn̩ˌkɔblət
sammenkomst	ˈsɑmːənkɔst
sammenlagt	samənlˈɑkt
sammenlagt	ˈsɑmənlɑkt
sammenlagt	ˈsɑmːn̩ˌlɑgt
sammenlign	ˈsɑmənlɪŋ
sammenligne	ˈsɑmənlɪŋnə
sammenligne	ˈsɑmənˌlɛɲə
sammenligner	ˈsɑmːnˌlɪŋər
sammenlignes	ˈsɑmːənliŋəns
sammenlignet	ˈsɑmənliŋt
sammenligning	ˈsɑmənlɪŋ
sammenlikne	samənlˈiːgna
sammenlikne	ˈsɑmːənlɪknə
sammenlikner	ˈsɑmːənlɪŋər
sammenliknes	ˈsɑmːənlɪknəs
sammenliknet	ˈsɑmːənlɪkn̩t
sammenlikning	ˈsɑmːənlɪŋ
sammenrast	samənrˈɑst
sammensatt	ˈsɑmənsɑt
sammensatte	ˈsɑmənsɑtə
sammensetning	ˈsɑmənsɛtnɪŋ
sammenslåing	ˈsɑmənslɔiŋ
sammenslåingen	ˈsɑmənsloːɪŋ
sammenstøt	ˈsɑmənstøːt
sammenstøt	ˈsɑmːənˌʂøːt
sammenstøtet	ˈsɑmːənˌʂøːtə
sammensveiset	ˈsɑmənsˌʋæɪ̯sət
sammensvergelse	ˈsɑmənsˌvɛɾgəlsə
sammensvergelsene	sammənˀsvæːrg̊alsˀiːnə
sammensvergelser	sammənsfærg̊ilsɛr
sammensverger	sammənsværgɪd
sammensvorne	ˈsɑmənsˌvɔːɳə
sammentreff	ˈsɑ̀mːəntrɛf
sammy	ˈsɑmːɪ
sammys	ˈsɑmːʏs
samordne	ˈsɑmɔɖnə
sampson	ˈsɑmspɔn
sams	samʃ
samson	ˈsɑmsʊn
samsoving	sæmsɔvˈiŋ
samspill	samspil
samspill	ˈsɑmspɪl
samsvar	samsvɑːr
samsvar	ˈsɑmsʋɑr
samsvarer	ˈsɑmsʋɑːrər
samt	samt
samt	sɑmt
samt	ˈsɑmt
samtale	ˈsɑmtɑːlə
samtalen	saːmtaːɦlɯn
samtalene	ˈsɑmtɑlənə
samtaler	ˈsɑmtɑːlɛɾ
samtid	samtid
samtidig	ˈsɑmtiːdɪ
samtidig	ˈsɑːmtig
samtidige	ˈsɑmtiːdɪə
samtidigere	ˈsɑmtiːdɪɾə
samtidigst	ˈsɑmtiːdɪkst
samtidigste	ˈsɑmtiːdɪkstə
samtlige	ˈsɑmtliːgə
samtykke	samtikːe
samtykke	ˈsɑmtʏkə
samtykke	ˈsɑːmtʏkːə
samtykker	ˈsɑːmtykːər
samtykket	samtˈykkət
samtykket	ˈsɑmtʏkkə
samuel	ˈsɑːmʉəl
samuels	ˈsɑːməls
samuelsen	sɑˀmøalsɛn
samuelsen	ˈsɑːmʉ̂ːlsən
samurai	ˈsɑːmʉɾɑɪ
samuraien	ˈsɑːmʉɾæɪ̯ən
samuraiene	ˈsɑːmʉɾɑɪən
samuraier	ˈsɑːmʉɾɑɪ̯ɛɾ
samvittighet	samvˈɪtːihˈɛ
samvittighet	ˈsɑːmʋɪtɪçeːt
samvittigheten	ˈsɑːmʋɪtɪçən
samvittighetsfull	ˈsɑːmʋɪtɪghɛtsfʉl
samvittighetskvaler	ˈsɑmvɪtɪghɛtskʋɑːlər
samvær	somvær
samvær	ˈsɑːmʋæɾ
samwell	ˈsɑːmʋɛɭ
san	sɑn
sana	sɑːnɑː
sanatoriet	ˈsɑːnɑtɔɾɪə
sanatorium	ˈsɑːnɑːtɔːrɪɔːm
sancorp	ˈsɑŋkɔɾp
sancti	ˈsɑŋktiː
sanctum	ˈsɑŋktʉm
sanda	ˈsɑnda
sandal	sɑnˈdɑːləɾ
sandalene	ˈsɑ̀nːɑ̀lənə
sandbanken	ˈsɑːnˌbɑːkn̩
sanddynene	ˈsɑ̀ːndʏːnənə
sande	sˈandɑ
sanden	ˈsɑːnə
sander	sandəɾ
sander	ˈsɑ̀ːnɖɛɾ
sanders	ˈsɑːnərs
sanderson	ˈsɑːndɛɾsɔn
sandkasse	sɑnkɑsə
sandkorn	ˈsɑ̀ːnkɔɳ
sandman	ˈsɑnːmɑn
sandoval	ˈsɑ̀ːnːɔvɑːl
sandpapir	ˈsɑ̀ːnpɑːpɪr
sandra	ˈsɑndra
sandrine	ˈsɑːndɾiːnə
sandringham	ˈsɑːnɾɪŋɑm
sandsekker	ˈsɑnːsɛkːər
sandslott	ˈsɑ̀nsˌslɔt
sandstorm	ˈsɑ̀ːnstɔrm
sandstormen	ˈsɑ̀ːnstɔ́ːmən
sandtak	santˈak
sandwichen	ˈsɑːndʋɪçən
sandy	ˈsɑndi
sanford	ˈsɑːnfɔɾ
sang	sɑŋ
sang	sɔn
sanga	ˈsɑŋɑ
sangbok	ˈsɑŋbuːk
sangen	ˈsɑŋn̩
sangene	sɑŋnə
sanger	sanjeɾ
sanger	ˈsɑŋər
sanger	ˈsɑŋəɾ
sangere	ˈsɑŋnəɾə
sangeren	ˈsɑŋnəɾən
sangerinne	sɑŋəɾɪnə
sangerinne	ˈsɑŋəɾɪnə
sangerinnen	ˈsɑŋəɾɪnə
sangfugl	ˈsɑŋfʉɭ
sangfugl	ˈsɑŋfʉːl
sangria	ˈsɑŋgɾiɑ
sangstemme	sɑŋˈstɛmːə
sangstemme	ˈsɑŋstɛmə
sangvinsk	sɑŋˈʋiːnsk
sangværelse	ˈsɑŋʋæːɭsə
sanitet	ˈsɑːnɪtɛt
saniteten	ˈsɑːnɪtən
sanitetsbind	sɑnɪˈteːtsbɪn
sanitetsmann	ˈsɑːnɪtɛtsmɑn
sanitær	sɑnɪˈtæːɾ
sanjay	ˈsɑːnjɑː
sank	sɑŋk
sank	sˈɛ̃k
sanka	ˈsɑŋkɑ
sanke	ˈsɑŋkə
sanker	ˈsɑŋkər
sanket	ˈsɑŋkət
sankt	sɑŋkt
sankthansaften	ˈsɑŋkˌtʰɑnsˌɑftən
sann	sɑn
sanna	ˈsɑnːə
sanne	ˈsɑnːə
sannelig	ˈsɑːnəlɪ
sannere	ˈsɑnːəɾə
sannferdig	ˈsɑnːfɛɾɪ
sannhet	ˈsɑnːhɛt
sannheten	ˈsɑ̀ːnːətəɳ
sannhetens	ˈsɑ̀ːnhɛtəns
sannheter	ˈsɑnːhɛtər
sannhetsserum	ˈsɑ̀ːnhɛtsˌsæɾʉm
sannsynlig	sɑnˈsyːnlɪ
sannsynlig	ˈsɑnːsʏnləg
sannsynlige	sɑnˈsyːnlɪə
sannsynlige	ˈsɑnːsʏnləgə
sannsynligere	sɑnˈsyːnlɪɾə
sannsynlighet	sɑnˈsyːnlɪheːt
sannsynlighet	ˈsɑnːsʏnliːghɛt
sannsynligheten	ˈsɑnːsʏnlighɛtən
sannsynligst	sɑnˈsyːnlɪkst
sannsynligste	sɑnˈsyːnlɪkstə
sannsynligvis	sɑnˈsyːnlɪʋiːs
sannsynligvis	ˈsɑnːsʏnləgʋɪs
sanntid	ˈsɑnːtɪd
sans	sanz
sans	sɑns
sans	sɑnːs
sansa	ˈsɑ̀nsa
sanse	ˈsɑnsə
sanseapparat	sansɛapːarat
sansebedrag	ˈsɑnsəbədɾɑːg
sanselig	sˈansˈlˈj
sanseløs	ˈsɑnsəløs
sansen	sansɯn
sansen	ˈsɑnsən
sansene	santsne
sansene	ˈsɑnsənə
sanser	sansər
sanser	ˈsɑnsər
sant	sant
sant	sɑnːt
santa	sɑntɑ
santaros	ˈsɑntɑɾɔs
santino	ˈsɑ̀ːtɪnʊ
santo	sɑntuː
santoro	ˈsɑ̀ntʊrʊ
santos	ˈsɑntɔs
sao	soː
sap	sɑːp
saperstein	ˈsɑːpərʃtaɪn
saphira	ˈsɑːfɪɾɑ
sapiens	ˈsɑːpiəns
sapirstein	ˈsɑːpɪrˌʃtæɪn
sapphire	ˈsɑːfɪr
sapporo	saporo
sar	ʂɑːr
sara	zˈɑːɾə
sara	ˈsɑːɾɑ
sarah	sara
sarah	ˈsɑːɾɑ
sarahs	ˈsɑːɾɑs
sarajevo	ˈsɑːɾɑːjɛʋɔ
saras	ˈsɑːɾɑs
sarasota	ˈsæɾɑsɔtɑ
saratoga	ˈsɑːɾətugɑ
sardin	sɐɖiːn
sardinia	ˈsɑɾdiːnɪə
saret	ˈsɑːɾət
sarge	ʃɑɾgə
sarin	ˈsɑːrɪn
sarina	ˈsɑːrɪnə
saringass	ˈsɑːɾɪŋɑs
sarkasme	ˈsɑɾkɑsmə
sarkasmen	ˈsɑɾkɑsmən
sarkastisk	sɑɾˈkɑstɪsk
sarkastisk	ˈsɑɾkɑstɪsk
sarkofag	ˈsɑːɾkɔfɑːg
sarkofagen	ˈsɑ̀ɾkɔfɑːgən
sarong	sarˈɔŋ
saroo	ˈsɑːruː
sarris	ˈsɑrɪs
sart	ʂɑːɾt
sarte	ʃɑːɾtə
sartre	ʃɑːɾtɾə
sarumann	ˈsɑːrʊman
sas	sɑs
sasha	ˈsɑʃə
sasja	ˈsɑʃɑ
sasquatch	ˈsɑskwɑtʃ
sassenach	ˈsɑsənɑx
sassy	ˈsɑʃi
sat	sɑːt
satan	satan
satan	ˈsɑtɑn
sataniske	ˈsɑːtɑːnɪskə
satans	ˈsɑːtɑns
satchmo	ˈsɑtʃmuː
satelitten	ˈsɑtəlɪtən
satellitmenneskene	satˈlˈitmˈɛnskənə
satellitt	satəlˈɪt
satellitt	ˈsɑtəlɪt
satellittbilde	satˈiːlɪktbɪldɛ
satellittbilder	ˈsɑtəlɪtˌbɪɖər
satellitten	ˈsɑtəlɪtən
satellittene	ˈsɑtəlɪtənə
satellitter	ˈsɑtəlɪtər
sateng	ˈsɑːtɛŋ
satine	ˈsɑːtinə
satire	sat˦iːrˌɛ
satire	ˈsɑːtɪɾə
satiriker	satʰiːrikɪ̞r
satori	ˈsɑːtɔɾi
sats	sotː
sats	sɑts
sats	sɑtʂ
satse	satsːa
satse	ˈsɑtsə
satsen	ˈsɑːtsn̩
satser	ˈsɑtsər
satset	ˈsɑtsɛt
satsing	satsˈɪŋ
satsing	ˈsɑːtsɪŋ
satsinger	satsˈɛŋər
satt	sot
satte	satːə
satte	ˈsɑtə
saturn	ˈsɑːtʊɳ
sau	soː
sau	sæw
sau	sɛl
sauda	sɛʋda
saudi	soːɾiː
saudi-arabia	ˈsɑʊ̯ɾɑːbɪɑ
sauen	ˈsɑʉn
sauene	savina
sauene	ˈsæʉnə
saueost	sæʉəʊst
sauer	ˈsɑʉ̯ːr
sauerkraut	ˈsæʉ̯ːɾkɾɑʉ̯t
saul	soːl
saumfare	ˈsæʉmfɑːɾə
sauna	ˈsɑʊnɑ
saunders	ˈsɑʊnɑɾs
sauron	ˈsɑʊɾʊn
saurons	ˈsɑʉ̯ːrɔns
saus	sæʉs
saus	sɑʉs
sausen	ˈsɑʉsn̩
sauvage	ˈsæʋɑgə
savage	ˈsɑːvɑgə
savages	ˈsɑːvɑgs
savak	ˈsɑːvɑk
savannah	ˈsɑʋɑnə
savastano	ˈsɑːvɑstɑnʊ
savi	ˈsɑːʋɪ
savino	ˈsɑːvɪnʊ
savitar	ˈsɑːʋɪtɑːr
savn	ˈsɑʋn̩
savn	ˈsɑːvn
savna	ˈsɑʋnɑ
savne	ˈsɑʋnə
savne	ˈsɑːvnə
savnede	zˈɑvnədə
savnede	ˈsɑːvnə
savner	sɑwˈnɯr
savner	ˈsɑːʋnəɾ
savnes	ˈsɑʋnəs
savnet	sɑvnɯ̞t
savnet	ˈsɑːvnət
savonarola	ˈsɑːvunɑːɾulɑː
savoy	ˈsɑːvɔʏ
saw	soː
sawyer	ˈsɑːʋər
saxon	ˈsɑksɔn
say	sɛɪ
sayaka	sɑjɑkɑ
sayer	ˈsæɪ̯ːɾ
sayonara	sɑjɔnɑrɑ
sayyaf	sɑɪf
scalar	skɑːlɑːr
scarborough	ʃɑːɾˈbɔːɾoʊ
scarface	ʃɑːɾfɑːs
scarfe	ʃɑːrfə
scarlett	ʃɑːɭɛt
scavo	ʃɑːvʊ
scener	ʃɛnər
schade	ʃɑːd̥ə
schell	ʃɛlː
schiller	ʃɪlːər
schizofren	ʃɪtsɔfrɛn
schizofrene	ʃɪtsɔfrɛnə
schizofreni	ʃɪtsɔfrɛnɪ
schlomo	ʃlʊmʊ
schmidt	ʃmɪt
schmitz	ʃmɪts
schnapps	ʃnɑps
schneider	ʃneɪ̯dər
scholl	ʃɔl
schomann	ʃɔmɑn
schott	ʃɔt
schrader	ʃɾɑːdər
schultz	ʃʉlts
schwartz	ʃʈʋɑːʈʂ
schweitzer	ʃʋɛɪtsɐ
schæfer	ʃæːfər
schæfer	ˈʂeːfəɾ
schön	ʃøːn
schøyen	skˈøjːn
scipio	ʃɪpɪoː
scoob	ʃʉːb
scooter	ˈskʉtəɾ
scopuli	ʃɔpʉliː
score	skoːɾ
scorpio	ʃɔɾpɪo
scotch	ʃɔtʃ
scotty	ʃɔtɪ
scpd	ʃɛpː
scranton	ʃɾɑntɔn
scream	skɾæɪm
screaming	ʃɾæɪmɪŋ
scudder	ʃʉːdər
sculley	ʃʉlːɪ
scully	ʃʉlː
se	sɛn
se	ˈse
seals	ʃeːls
seanse	ʃæːnsə
seansen	ˈsæːnsən
searle	ʃæɾlə
sears	ʃæːɾs
seattle-politiet	ˈsɛːɑːlɛpɔlɪˌtɛː
seb	ʃæːb
sebastian	ˈsɛbɑstjɑn
sebastians	ˈsɛbɑstjɑns
sebastien	ˈsɛbɑstjɛn
sebbe	ʃɛbːə
seborg	sɛbɔʁd
sebra	sˈebra
seccombe	ʃɛkɔmbə
secret	ˈsɛkɾət
sectragon	ˈsɛktɾɑːgɔn
sedan	ˈsɛdən
seddel	ˈsɛdl̩
seddel	ˈsɛdəl
seddelen	ˈsɛdələŋ
sedelighet	ˈsɛːdəlɪçət
sedertre	seɾˈdeɾe
sedgwick	ˈsɛdgvɪk
sedlene	sjædlænæ
sedlene	ˈsɛdlənə
sedler	senˈlɛr
sedler	ˈsɛdlɛɾ
see	ʃiː
seende	ˈseːndə
seer	sˈeːr
seerne	ʃæɪ̯ːɳə
seertall	ʃeːɾtɑɭː
seertallene	ʃæɪ̯ɾtɑlːn̩
sees	sˈeːs
sefton	ʃɛftɔn
seg	sai
seg	sæi
seg	sæɪ
segl	sajl
segl	ʃɛgl
seglene	ˈseːglənə
seglet	ˈsæglɛt
segregering	ˈsɛgrɛgəɾɪŋ
sei	sai
sei	sˈeɪ
seibei	ʃæɪ̯bæɪ̯
seier	ˈsæɪəɾ
seier	ˈsæɪ̯ər
seiere	sɛjɪr
seiere	ˈsæɪ̯əɾ
seieren	sajˀːæŋ
seieren	ˈsæɪ̯əɾən
seierherren	ˈsæɪ̯ɛrɔɾn̩
seierne	sæjˈæn
seig	saj
seig	sæɪg
seig	ʃæɪ̯
seige	sei̯gə
seige	sæɪə
seigere	sæjəɾə
seigst	sæɪkst
seigste	sæɪkstə
seigt	ʃæɪ̯kt
seil	sajl
seil	sæɪl
seil	ʃæɪ̯ːl
seiland	sai̯lɑn
seilas	ʃæɪ̯lɑs
seilbrett	sajlbrˈət
seilbåt	sajlbˀˀotˀ
seilbåt	sæɪlboːt
seilbåt	ʃæɪ̯lbɔːt
seilbåten	ʃæɪ̯lˈboːtən
seile	ʃæɪ̯lə
seile	ˈsæɪlə
seilene	seiːlənə
seiler	ˈsæɪ̯ləɾ
seilet	ʃæɪ̯lət
seiling	ˈsæɪ̯lɪŋ
seilt	ʃæɪlt
seilte	ʃæɪ̯ltə
seiltur	sæɪltʉɾ
seiltur	ʃæɪ̯ltʉːr
seim	ʃæɪ̯m
sein	ʃæɪn
seine	ʃæɪ̯nə
seinere	sajnɛɾɛ
seinere	ʃæɪ̯nəɾə
seinfeld	ʃæɪnˈfɛlt
seire	ʃæɪ̯ɾə
seire	ˈsæɪɾə
seirende	ʃæɪ̯ɾɛndə
seirene	ˈsæɪ̯ɾənə
seirer	sɑjɯrɛr
seiret	ʃæɪ̯ɾət
seismisk	ˈsæɪ̯smɪsk
seismiske	ˈsæɪ̯smɪskə
seiv	ʃæɪ̯ʋ
seivsagt	ʃæɪ̯ʋsɑkt
sejanus	ˈʃæːjənʊs
sejrø	ʃæɪ̯ɾøː
sekk	sek
sekk	ʃɛk
sekken	ˈsɛkːən
sekkene	ʃɛkːənə
sekker	ˈsɛkːər
sekou	ˈsɛkuː
sekretær	sekɾetɒɾ
sekretær	ˈsɛkrətæːr
sekretæren	sɛkrɛtɑːrˈn
sekretærene	ˈsɛkrətæːrən
sekretærer	sekɾetaːrɛɾ
sekretærer	ˈsɛkrətæːrər
seks	sɛks
seks	ʃɛks
seks-sju	ʃɛksːʉː
sekser	ʃɛkˈsɛr
seksere	ˈsɛksəɾə
seksjon	ˈsɛkʂuːn
seksjonen	ˈsɛksjʊnən
sekspakning	ʂɛkspɑknɪŋ
sekssifret	ˈsɛksɪfɾeːt
seksten	ˈsɛkstən
seksti	sˈɛksti
seksti	ˈsɛksti
sekstisyv	sekstisi
seksualitet	sɛksuaːliːteːt
seksualiteten	ˈsɛkʂʉɑːtəɳ
seksuell	səksʉˈɛl
seksuell	sɛksyˈɛl
seksuell	ˈsɛksʉl
seksuelle	ˈsɛksʉlːə
seksåring	ˈsɛksɔrɪŋ
sekt	sɛkːt
sekt	ʃɛkt
sekten	ˈsɛktn̩
sektor	ˈsɛktɔr
sektoren	ˈsɛktɔɳ
sektorer	ˈsɛktʊɾər
sekund	sɛˈkʉn
sekund	ˈsɛkʉn
sekunda	sekˈʌndə
sekundant	ˈsɛkʉn̪t̪
sekundene	ˈsɛkʉnənə
sekunder	ˈsɛkʉndər
sekundere	sekundere
sekundet	ˈsɛkʉnət
sekundære	ˈsɛkʉnɛːɾə
sekvens	ˈsɛkʋɛns
sekvensene	ˈsɛkn̥ʃənə
sekvenser	ˈsɛkʋənsər
sel	sen
sel	seːl
sel	ʃɛl
selah	ˈsɛlə
selander	ˈsɛːlɑnər
selbu	selby
sele	ʂɛːlə
sele	ˈseːlə
seleksjon	sɛlˈɛkʃuːn
selektiv	ˈsɛlɛktiːʋ
selektiv	ˈsɛlɛktɪf
selen	ˈsɛːlən
selena	ˈsɛləna
seler	ˈsɛːləɾ
seletøyet	ˈseːləˌtœʏ̯ət
self	ʃɛlf
selfie	selfˈɛ
selfie	ʃɛlfiː
selfølgelig	selfœlgəlɪ
selg	sɛl
selg	ʃæɭ
selge	ʃæɭgə
selger	sɛlˈlɛ
selger	ʃæɫgər
selgere	ˈsæɭgərə
selgeren	ˈsæɫgərən
selgerne	ˈsæɫgəɳə
selges	selˈes
selges	ʂæɫgɛs
selina	ˈsɛːlɪnə
sellars	ʃɛlɑːʂ
selleri	sɛləˈɾiː
selleri	ˈsɛləʁɪ
selma	sælma
selma	ʃɛɭmɑ
selskap	ʃɛlskɑp
selskap	ˈsɛlskɑːp
selskapene	sɛlska˩˥ːpɯ˥ːnɑ
selskapene	ʃɛlskaːpənə
selskaper	sɛlsg̊apːɛr
selskaper	ʃɛlˈskɑːpər
selskapet	ʃɛlˈskæːpə
selskapslivet	ʃɛlskɑːpslɪvət
selv	sɛl
selv	sˈɛl
selv	ʃæɫʋ
selvbedrag	ˈsæɫvbəˌdrɑːg
selvbeherskelse	ˈsɛlvbəˌhæɾʃɛlsə
selvbetjening	sɛlbɛtjeːnɪŋ
selvbilde	ʃæɫvbɪldə
selvbiografi	ˈsɛlvbiɔgrɑfɪ
selvdestruktiv	ˈsæɫdəstɾʉktiːv
selvdisiplin	ˈsæɭvdɪspliːn
selvdrap	sɛlˈtroːp
selve	ʃæɫvə
selvet	ˈsɛlvət
selvforakt	ˈsɛlvfɔɾɑkt
selvforskyldt	ˈsɛlfɔʂʏlt
selvforsvar	ʂæɫvfɔʂvɑːr
selvforsynt	ˈsæɫvfɔʂsynt
selvføigelig	ˈsɛlvføɪgəl
selvfølge	ˈsæɫvføɭgə
selvfølgelig	ˈsɛlvføːgəlɪ
selvfølgelige	səlˈfœlgəlɪə
selvfølgeligere	səlˈfœlgəlɪɾə
selvfølgeligst	səlˈfœlgəlɪkst
selvfølgeligste	səlˈfœlgəlɪkstə
selvgod	ʃæɭ̥vgɔɖ
selvgod	ˈsɛlguː
selvgode	ʃæɭvguːd̥ə
selvhjulpen	ˈsɛljʊlpən
selvisk	ʃæɫʋɪsk
selvisk	ˈsɛlʋɪsk
selviske	ˈsæɫʋɪskə
selvkontroll	ˈsæɫvkɔntɾɔl
selvlysende	ˈsæɫʋlysn̩d̥ə
selvlært	ˈsæɫʋæɭːt
selvmedlidenhet	ˈsɛlvmɛɖliːðɛnheːt
selvmedlidenheten	ˈsɛlvmɛldɪːənheːt
selvmord	ˈsæɭvmuɽ
selvmord	ˈsɛlmʊɖ
selvmordsbomber	ˈsæɭvmuːɽsbuːmbəɾ
selvmordsbombere	ˈsæɭvmuːɽsbɔmbəɾə
selvmordsbrev	ˈsæɭvmuːrsbreː
selvmordsbrevet	ˈsæɭvmuːɽsˌbrɛːvət
selvmordsforsøk	ˈsæɭvmɔɽsˌfœʂøːk
selvmordsoppdrag	ˈsæɭvmɔɾsɔpˌdɾɑg
selvmordstanker	ˈsæɭvmɔɾdstɑŋkər
selvmotsigelse	ˈsæɭvmɔtsɪgəlsə
selvmotsigende	ˈsæɭvmɔtsɪŋnə
selvom	ʃæɭvɔm
selvopptatt	ˈsælvɔptɑt
selvportrett	ˈsɛlvpɔɾtɾɛt
selvpåført	ˈsæɫpɔːɾt
selvrespekten	ˈsæɫvɾɛspɛktən
selvrettferdig	ˈsæɫvʁɛtːfɛɾɪg
selvsagt	sˈɛlsakt
selvsagt	ˈsæɫsɑgt
selvsagt	ˈsɛlsɑkt
selvsamme	ˈsæɫsɑmːə
selvsentrert	ˈsælʋsɛntrəɾt
selvsikker	ˈsæɫsɪkːər
selvsikker	ˈsɛlsɪkəɾ
selvsikkerhet	ˈsæɫsɪkːərɛt
selvsikre	ˈsæɫsɪkɾə
selvstendig	ˈsæɫ̥stɛnɪ
selvstendige	ˈsæɫ̥stɛndɪgə
selvstendighet	ˈsæɫ̥stɛnɪçt
selvstendigst	səlˈstɛnɪkst
selvtilfreds	ˈsɛlvtɪlfɾɛs
selvtilfredse	ˈsæɫvtɪɫˌfreːsə
selvtillit	ˈsæltɪɭː
selvtillit	ˈsɛltɪlɪt
selvtilliten	ˈsɛltɪlɪtən
selvutløser	sɛlʉːtløːsəɾ
selvødeleggelse	ˈsæɫvœdæˌlegəlsə
sem	sɛm
sement	ˈsɛmənt
sementen	ˈsɛməntn̩
semester	sɛmɛstir
semester	ˈsɛməstər
semesteret	ˈsɛməstərət
seminarer	ˈsɛmɪnɑːrər
semtex	ˈsɛmtɛks
semulegryn	sɪ̞mʉljɛgrin
semyon	ˈsæmjʊn
sen	seːn
senat	sẽnˈat
senatet	ˈsɛːnɑːt
senatets	ˈsɛːnɑtəts
senatorene	ˈsɛnɑtɔɾənə
send	sɛn
send	ɛnː
sende	ˈsɛndə
sendebud	ˈsɛnːəˌbʉː
sender	ˈsɛ̀nːər
sendere	ˈsɛndəɾə
senderen	ˈsɛ̀ːnəɾən
senderne	ˈsɛndəɳə
sendingene	ˈsɛndɪŋənə
sendt	ˈsent
sendte	santɐ
sendte	ˈsɛntə
sene	fɛna
sene	ʃeːnə
seneca	ˈsɛːnɛka
senegal	sɛneˈgɑl
sener	ˈsɛnər
senere	seːnæɾə
senest	ˈsɛnəst
seneste	ˈsɛnəstə
seng	sɛŋ
senga	seŋ˨˩
senga	ʃɛŋgɑ
sengeliggende	ˈsɛŋəlɪgn̩d̥ə
sengen	ˈsɛŋn̩
sengene	ˈsɛŋnə
senger	ˈsɛŋər
sengeteppe	sengɛdæppæ
sengeteppe	sɛŋətɛpə
sengeteppet	ˈsɛŋətɛpət
sengetid	ˈsɛŋəˌtɪː
sengetøy	sɛŋətœj
sengetøy	ˈsɛŋəˌtœʏ
sengetøyet	ˈsɛŋəˌtœʏ̯ə
sengevæter	ˈsɛŋvɛːtər
sengs	ʃɛŋs
senil	səˈniːl
senile	ˈsɛːnɪlə
senke	ˈsɛŋkə
senker	sæŋkˈɪ̞r
senker	ˈsɛŋkər
senket	ˈsɛŋkət
senna	ˈsɛnːə
sennep	sɛnne
sennep	ʂɛnː
sennep	ˈsɛnɛp
sennepen	ˈsɛnːəpən
sennepene	sennepɪnɯ
senneper	senˈnˈɒpɒr
sensasjon	ˈsɛnsaːʃuːn
sensasjonell	sənsɑʂʊˈnɛl
sensei	sɛnˈsɛ
sensei	ˈsɛnsɛɪ
sensitiv	sɛnsiti
sensitiv	ˈsɛnsɪtiːv
sensitiv	ˈsɛnsɪtiːʋ
sensitivt	ˈsɛnsɪtiːvt
sensor	sensˈɔr
sensor	ˈsɛnsɔr
sensoren	ˈsɛnsɔɳə
sensorene	ˈsɛnsɔrənə
sensuell	ˈsɛnsʉɛl
sensuelle	ˈsɛnsʉlə
sensuelt	ˈsɛnsʉlt
sensur	ˈsɛnsʉr
sensurere	sensuɾeɾe
sensurere	sənsʉˈɾeːɾə
sent	seːnt
sent	sɛnt
senter	senˈtɪr
senter	ˈsɛntər
senteret	ˈsɛntəɾət
sentimental	sɛntɪmɛnˈtɑːl
sentimental	ˈsɛntimɛntɑːl
sentimentalitet	ˈsɛntənmɑlɪtɛt
sentimentalt	ˈsɛntimɛntɑːlt
sentinel	ˈsɛntɪnl̩
sentinels	ˈsɛntɪnəls
sentral	sɛnˈtɾɑːl
sentral	ˈsɛntɾɑːl
sentralbank	sʲintralbɑŋk
sentralbordet	ˈsɛntɾɑlbɔɾː
sentrale	sentrˈɑːlə
sentrale	ˈsɛntɾɑːlə
sentralen	ˈsɛntɾɑːlən
sentralisere	səntɾɑlɪˈseːɾə
sentralskole	sentˈralskolə
sentralstasjonen	ˈsɛntɾɑlstɑstjʊn
sentralt	sentralt
sentralt	ˈsɛntɾɑlt
sentralvarme	sɛnˈtɾɑːlʋɑɾmə
sentre	ʃɛntɾə
sentrer	ˈsɛntɾə
sentrere	sənˈtɾeːɾə
sentret	ˈsɛntɾə
sentrum	ˈsɛntɾʉm
seoul	sæul
seoul	ʃuːl
separat	səpɑˈɾɑːt
separate	seːparatˌe
sept	ʃɛpt
september	septɛmbir
september	ˈsɛptɛmbɾ
septer	ˈsɛptəɾ
septeret	ˈsɛ̀ːp̜tərət
septimus	ˈsɛptɪmʊs
ser	sɨɾ
serafin	ˈsæɾɑfɪn
serber	ʃæɾbær
serbia	sarbiːa
serbia	ʃæɾˈbiːɑ
serbisk	ʃæɾbɪsk
serbiske	ʃæɾbɪskə
seremoni	sɛɾmɔni
seremoni	ˈsæɾəmiː
seremonier	ˈsæɾəmɔɪnɪɛɾ
serena	ˈsɛːɾənə
sergeant	ˈsæɾʃɑnt
sergei	ʃɛɾˈçæɪ
sergej	ʃɛɾgɛɪ
sergey	ʃɛɾgeɪ
sergio	ʃɛɾgɪo
seriemordere	ˈsæɾiəˌmɔɾdəɾə
serienummer	ˈsæːɾɪənʉmɛɾ
seriøs	sæɾɪˈøːs
serjeg	ʂæɪ̯jɛg
serotonin	sɛɾutoniːn
serpico	ʃɛɾpɪkʊ
serr	sar
serr	ʃæɾ
sersjanten	ʃæɾˈʃɑːntn̩
sersjantmajor	ˈsæɾʃɑnˌmɔɪ̯ʈʂ
sertifikat	ˈsɛʈfɪˌkɑːt
sertifikatet	ˈsɛɾtɪfɪˌkaːt
sertifisert	ˈsɛɾtɪfɪʂt
serum	ˈsæɾʉm
serv	ʂæɾʋ
serve	ʃɛʋə
server	sørvæːr
server	ʃɛʋəɾ
servere	ˈsæɾvəɾə
serveren	ˈsɛːvəɾən
serverer	ˈsɛʋəɾəɾ
serveres	ˈsɛːvəɾəs
servering	ˈsɛːvəɾɪŋ
serveringen	ˈsɛːvəɾɪŋən
serveringsdame	ˈsɛːvəɾɪŋsdaːmə
serverne	ˈsɛʋəɳə
serverrommet	ˈsɛːvəɾɔmːə
servert	sɐɾveːəɾ
servert	ʃɛrvɾt
serverte	ˈsɛʋəɾtə
service	ˈsɛɾvɪs
servicen	ˈsæɾvɪsən
services	ˈsɛɾvɪs
serviett	sæɾʋɪˈjɛt
serviett	sˈɛvjət
servietten	ˈsæɾviːtən
serviettene	ˈsæɾvɪtːn̩
servietter	ˈsæɾʋɪtɐ
servilia	ʃɛʋɪliɑ
servise	sɛrvjsa
servise	ˈsæɾʋiːsə
serviset	ˈsɛɾvɪsɛt
servitrise	ˈsɛʋɪtɾɪsə
servitrisen	ˈsæɾvɪtɾɪsn̩
servitriser	ˈsɛːʋɪtɾɪsər
servitør	sæɾʋɪˈtøːɾ
servitøren	ˈsɛːʋɪtøːɾən
servitører	ˈsɛːʋɪtøːʏ̯ʁə
ses	ʂɛs
sesam	ʂɛˈsɑm
sesong	sɛˈsɔŋ
sesong	ˈsɛsɔŋ
sesongen	ˈsɛsɔŋən
sesongene	ˈsɛsɔŋnə
sesongens	ˈsɛsɔŋəns
sesonger	ˈsɛsɔŋər
setauket	ˈsɛtɑʊkɛt
setebelte	ˈsɛːtəbɛltə
setebeltet	ˈsɛːtəbɛlt
setene	ˈsɛtənə
seter	ʂeːtər
setet	sˈɛfˈ
seth	ʃɛt
seths	ʃɛts
setning	ˈsɛtnɪŋ
setningen	ˈsɛtənɪŋ
setningene	ˈsɛtnɪŋnə
setninger	sˈɛtnɪŋər
setninger	ˈsɛtnɪŋər
sett	ʃɛt
sette	ˈsɛtə
settene	saktɛnæw
setter	satˈtɯr
settes	ʂɛtə
settet	ʂɛtː
seuss	ʃøs
seven	ʃeːvən
severdighetene	ˈseːvərdiːgəteːn
sevilla	ˈsæʋɪlə
seward	ʃæʋɑːɾ
sex	ʃɛks
sex-trafficking	ʃɛkstrɑfɪkɪŋ
sexavhengig	ˈsɛkɑvhɛŋɪ
sexforbryter	ˈsɛksfɔɾbʏːtər
sexistisk	ˈsɛkstɪsk
sexliv	ʃɛksliːv
sexologi	sɛksologˈi
sexslave	ʂɛkslɑːv
sexy	sˈɛksi
seyah	ʃæɪ̯
señorita	ˈsɛnɔɾita
sforza	ʃfɔrtsɑ
sfære	sfæːɾə
sfæren	ʂfæːɾən
sgc	ʃɛk
sh	ʃ
sha	ʃɑː
shack	ʃɑk
shackleton	ʃɑkˈlɛtn̩
shades	ʃæːds
shadi	ʃɑːdɪ
shado	ʃɑːdʊ
shadowhunter	ʃæːdɔːhʉntər
shadowhuntere	ˈʃæːdoʊˌhʉn̩təɾə
shae	ʃæː
shaft	ʃɑft
shaggy	ʃɑgi
shah	ʃɑː
shahira	ʃɑˈhɪɾɑ
shaker	ʃɑːkər
shakespeares	ʃɛɪkˈspɪərs
shakira	ʃɑːkiːɾɑ
shalom	ʃɑːlɔm
shameek	ʃɑːmɛk
shan	ʃɑːn
shana	ʃɑːnɑː
shane	ʃɑːnə
shanes	ʃæːnəs
shang	ʃɑŋ
shanghai	ʃɑŋˈhɑɪ
shangri-la	ʃɑŋgɾiːlɑ
shanti	ʃɑːnti
shao	ʃɔː
shaolin	ʃɔːlɪn
shapiro	ʃɑːpɪɾuː
shaq	ʃɑːk
shari	ʃɑːɾɪ
sharif	ʃɑːrɪf
shark	ʃɑːɾk
sharks	ʃɑːɾks
sharla	ʃɑɭɑ
sharon	ʃɑːɾɔn
sharp	ʃɑɾp
sharpay	ʃɑːpɑɪ
sharpe	ʃɑːɾpə
shauna	ʃæʉnɑ
shaw	ʃɔː
shawn	ʃɔːn
shay	ʃæɪ
shayne	ʃæɪ̯n
she	ʃeː
sheba	ʃeːbɑ
sheila	ʃæɪlə
sheils	ʃæɪ̯ls
sheinkman	ʃæɪ̯ŋkman
shel	ʃɛl
shelby	ʃɛlbɪ
sheldon	ʃɛlːɔn
sheldons	ʃɛldɔns
sheldrake	ʃɛlˈdɾɑːkə
shell	ʃɛl
shelleen	ʃɛlːən
shelley	ʃɛlːə
shelly	ʃɛlː
shelter	ʃɛltər
shelton	ʃɛltɔn
shen	ʃɛn
shepard	ʃæɪ̯pɑːɾ
sheppard	ʃɛpɑːɾ
shere	ʃæɾə
sheri	ʃæɾɪ
sheridan	ʃəˈɾɪdɑn
sheriff-etat	ˈʃæɾɪfˌeːtɑːt
sheriffassistent	ʃæɾɪfɑsɪsɛnt
sheriffen	ʃɛˈɾɪfən
sheriffkontoret	ʃæɾɪfkoːntuɾe
sherlock	ʃæɾˈlɔk
sherman	ʃæɾman
shermans	ʃæɾˈmans
sherri	ʃæɾiː
sherrington	ʃɛrɪŋ
sherry	ʃɛrʏ
sherry	ˈʂæɾi
sherwood	ʃæɾʋɔɾ
sheryl	ʃɛɾɪl
shh	ʃ
shields	ʃɪːlds
shilling	ʃɪlɪŋ
shiloh	ʃɪˈluː
shima	ʃɪmɑ
shimada	ʃɪˈmɑːdɑ
shin	ʃɪn
shingen	ʃɪŋən
shining	ʃɪnɪŋ
shinzon	ʃɪnˈsɔn
ship	ʃɪp
shipping	ʃɪpɪŋ
shirin	ʃɪɾɪn
shirley	ʃɪɾɭiː
shit	ʃɪt
shiva	ʃɪʋɑ
shoes	ʃʉːs
shogunen	ʃɔgʉnən
shoo	ʃʉː
shooter	ʃʉːtər
shop	ʃɔp
shoppe	ʃɔpːə
shopper	ʃɔpːər
shoppet	ʃɔpːət
shopping	ʃɔpɪŋ
short	ʃɔːɾt
shorts	ʂoːʈs
shorts	ʃɔʈs
shortsen	ʃɔʈʂən
shortser	ʃˈɔɹtʃˈɛt
shorty	ʃɔːɾtiː
shosh	ʃɔʃ
shoshanna	ʃɔʃɑnːə
shot	ʃɔt
shot	ʃˈɑt
shots	ʃɔts
shotter	ʃɔtːər
shouting	ʃuːtɪŋ
show	ʂɔu
showalter	ʃɔʋɑltər
showband	ʃoʊbɑːn
showbusiness	ʃoʊbɪznɪs
shredder	ʃɾɛdɚ
shrek	ʃɾɛk
shreveport	ʃɾɛvˈpɔɾt
shrimp	ʃɾɪmp
shu	ʃʉː
shuffle	ʃʉflə
shug	ʃʉg
shui	ʃʉiː
shuko	ʃʉkʉ
shumway	ʃʉːmwɑɪ
shun	ʃʉːn
shut	ʃʉːt
shuttle	ʃʉtlə
shy	ʃʏː
shyne	ʃʏːn
si	se
si	siː
si	sˈi
si	ʂiː
siags	ʂæɪks
siam	siːɑm
siamesiske	ˈʂiːamɛsɪskə
sibir	ˈsɪːbɪr
sibley	ɛɪ̯bl̩ʏ
sic	sɪk
sicarios	ˈsɪkɑːɾɪɔs
sicilianske	ˈsɪtʃɪlɑ̀ŋkə
sida	siːdɑ
sidao	siːdɑː
side	siːd̥ə
sidedøren	ˈsiːdədøːɾən
sidegate	siːdəgɑːtə
sidegate	siːdɛgata
sidelinja	ˈsiːdəlɪŋa
sidelinjen	ˈsiːdəlɪnʏːn
siden	siːdən
siden	ˈsiːdn̩
sidene	ˈsiːdənə
sidenerve	sid̥nˀɛrvə
sider	siːd̥ər
sidespor	siːd̥əspuːr
sidesporet	siːdɛspuːɾɛt
sidestykke	ˈsiːdəstœkə
sidi	ʂɪdɪ
sidney	ˈsɪdniː
sidorova	siːd̥ɔʋɑ
sidsel	ʂɪsːəl
sie	ʃiː
siebert	ʃɛɪ̯bɛɾt
siegel	ˈsiːgəl
sieger	ɕiːg̊ər
siegfried	ɕɪgfrɪt
siena	siːə
sier	siːɾ
sierjeg	ʂɪɛɾjɛg
sierra	ʃɪəɾə
siesta	ʃiˈɛstə
siffer	ˈsɪfər
sifre	ʂɪfrə
sig	sɪg
sigar	siːˈgɑːɾ
sigar	ɕiːgɑːr
sigar	ˈsegɔɹ
sigaren	ˈsɪgɑːɾən
sigarene	ˈsɪːgɑːɾənə
sigarer	ˈsɪgɑːr
sigarett	sigaɾˈet
sigarett	sɪgɑˈɾɛt
sigarett	ˈsɪgɑɾɛt
sigaretten	sigarˈɛtɪŋ
sigaretten	ˈsɪgɑːɾɛtən
sigarettene	sigaretˈnˈe
sigarettene	ˈsɪgɑːɾɛtːnə
sigaretter	ˈsɪgɑːɾɛtər
sigarillo	siːgɑːˈɾɪlu
sigd	sˈɛgd
sigende	sɪgn̩d̥ə
siget	ɕiːɛt
sigfred	sˈiːgfrəd
sigfrid	sˈiːgfrid
siggi	sɪgːɪ
sigma	sɪmgɑ
sigmund	ˈsɪgmʉn
signalement	sɪgnɑləment
signalet	ˈsɪgnəlɛt
signalisere	sɪŋnɑlɪˈseːɾə
signalisere	ˈsɪŋnəlɪseːɾə
signaliserte	ˈsɪŋgɑlɪsəɾtə
signatur	ˈsɪgnɑtʉr
signaturen	ˈsɪgnɑtʉɳ
signaturer	ˈsɪgnɑtʉɾ
signe	ʂɪnːə
signe	ˈsɪŋnə
signer	ʂɪŋːər
signerer	ˈsɪɳənəɾə
signering	ˈsɪːnəɾɪŋ
signeringen	ˈsɪŋnəɾɪŋə
signerte	ˈsɪŋnəɾtə
signor	ɕiːnɔr
signora	sɪgnɔːrɑ
signorina	ˈsɪgnɔɾɪnə
sigurd	ˈsɪgʉɾ
sigurur	ˈsɪgʉrʊr
sigvald	sigvɛl
sigvard	sigɣ̞vaɾ
sigvard	sɪgvɑːɾ
sigve	sˈigvˈ
sigøyner	ˈsɪgøɪnər
sigøynerne	ˈsɪgøʏnəɳə
siike	ʂiːkə
siikt	ɕiːkt
siippe	ʂɪpːə
sik	sˈik
sikade	sikada
sikes	ʂɪkəs
sikkel	ʃɪkəl
sikker	ɕɪkːər
sikker	ˈsɪkəɾ
sikkerhet	ˈsɪkəɾheːt
sikkerhet	ˈsɪkːərhɛt
sikkerheten	ˈsɪkːəɾətəɳ
sikkerhets	ˈsɪkːəɾʰeːts
sikkerhetsansvarlig	ˈsɪkːəɾɛtsɑnsʋɑɭi
sikkerhetsavdelingen	ˈsɪkːəɾhɛtsɑvːəlɪŋ
sikkerhetsbelte	ˈsɪkːəɾʰeːtsbɛltə
sikkerhetsbeltene	ˈsɪkːəɾhɛtsbɛltn̩
sikkerhetsbelter	ˈsɪkːəɾhɛtsbɛltər
sikkerhetsbeltet	ˈsɪkːəɾɛtsbɛlt
sikkerhetsbrudd	ˈsɪkːəɾʰeːtsbrʉt
sikkerhetsfirma	ˈsɪkːəɾʰeːtsfɪɾmɑ
sikkerhetsfolk	ˈsɪkːəɾʰeːtsfɔlk
sikkerhetsforanstaltning	ˈsɪkːəɾʰeːtsfɔːrɑnstlɪŋ
sikkerhetsgrunner	ˈsɪkːəɾʰeːtsgrʉnːər
sikkerhetshensyn	ˈsɪkːəɾhɛtshɛnsʏn
sikkerhetskameraene	ˈsɪkːəɾʰeːtskɑːməɛːnə
sikkerhetsklarering	ˈsɪkːəɾeːtskɭæːɾɪŋ
sikkerhetsklareringen	ˈsɪkːəɾeːtsklaːɾəɾɪŋ
sikkerhetsklarert	ˈsɪkːəɾʰeːtsklaːɾət
sikkerhetskode	ˈsɪkːəɾhætskuːdə
sikkerhetskontrollen	ˈsɪkːəɾʰeːtskɔnˌtɾɛːln̩
sikkerhetsnett	ˈsɪkːəɾʰeːtsnɛt
sikkerhetsnettet	ˈsɪkːəɾhɛtsnɛtː
sikkerhetsnål	ˈsɪkəɾheːtsnoːl
sikkerhetspolitiet	ˈsɪkːərhɛtspɔlɪˌtiː
sikkerhetsproblem	ˈsɪkːəɾʰeːtsprɔblɛm
sikkerhetsrisiko	ˈsɪkːəɾʰeːtsɾɪsɪkʊ
sikkerhetsråd	ˈsɪkːəɾʰeːtsˌɾoː
sikkerhetsrådet	ˈsɪkːəɾʰeːtsˌɾɔːdət
sikkerhetsselen	ˈsɪkːərhɛtːsɛlən
sikkerhetssjef	ˈsɪkːərhɛtsːjɛf
sikkerhetssjefen	ˈsɪkːərhɛtsˌʃeːfən
sikkerhetssjekk	ˈsɪkəˌɾɛtsˌɕɛk
sikkerhetssonen	ˈsɪkːərhɛtsɔn
sikkerhetsstyrke	ˈsɪkːəɾʰeːtsˌstyɾkə
sikkerhetssystem	ˈsɪkːərhɛtˌsʏstɛm
sikkerhetssystemet	ˈsɪkːərhɛtsystemːɪt
sikkerhetsteam	ˈsɪkːərhɛtːəmeː
sikkerhetstiltak	ˈsɪkːərhɛtstɪltɑk
sikkerhetstiltakene	ˈsɪkːəɾhɛtstɪlːɑːkənə
sikkerhetsvakt	ˈsɪkːəɾhætsvɑkt
sikkerhetsvakten	ˈsɪkːəɾʰeːtsʋɑːktn̩
sikkerhetsvaktene	ˈsɪkːəɾɛtsvɑːktn̩
sikkert	ˈsɪkəʈ
sikksakk	ʂɪkːsɑk
sikle	ʂɪklə
sikle	ˈsɪklə
siklende	ˈsɪklənə
siklet	ɕɪkˈlɛt
sikori	ˈsiːkʊɾi
sikre	ˈsɪkɾə
sikrede	ˈsɪkɾədə
sikrer	sikre
sikres	ɕɪkɾəs
sikreste	ˈsɪkɾəstə
sikring	ˈsɪkɾɪŋ
sikringen	ˈsɪkɾɪŋən
sikringene	ˈsɪkɾɪŋənə
sikringer	sikːrɪŋer
sikringer	ˈsɪkŋər
sikringsskapet	ˈsɪkɾɪŋsçæptə
sikspence	sikspenˈs
sikt	ɧɪkt
sikte	ɧɪktə
sikte	ˈsɪktə
siktede	siktiˈda
siktelsene	ɧɪktəlsənə
siktelser	ɧɪktɛlsɛɾ
sikten	ɕɪktən
sikter	sikt̪ˈɾ
sikter	ʂɪkːəɾ
siktes	ɕɪktəs
siktet	siktɛ
sil	siːl
silas	ˈsɪlɑs
silder	sˈɪlər
sildre	ˈsɪldɾə
sile	ˈsiːlə
siler	ˈsɪləʂ
silhuett	ˈsɪlːʉɛt
silikon	ˈsɪlɪkɔn
siling	sˈiːlɪŋ
silje	sˈiljɐ
silke	sɪlkə
silke	ʂɪɭkə
silkemaleri	sɪlkəmɑːlɛɾi
siloen	ˈsɪləʊn
silver	ʃɪlvər
silverhöjd	ˈsɪlvərˌhœɪ̯ɪ
silverman	ˈsɪlvəɾman
silverton	ˈsɪlvəɾtɔn
silvertown	ˈsɪlvəɾtʉːn
silvia	silvja
silvia	ˈsɪlʋiɑ
silvio	ˈsɪlʋɪo
sim	sɪm
sima	ˈsɪːmɑ
simba	ˈsɪmba
simcoe	ˈsɪmkuː
simkin	ˈsɪmkɪn
simmons	ˈsɪmʊns
simon	siːmum
simon	ˈsɪmʊn
simoncelli	ˈsɪmɔnˌtʃɛlɪ
simone	ˈsɪmʊnə
simons	ˈsɪmʊns
simpel	sʏ̞mpəl
simpel	ˈsɪmpl̩
simpel	ˈsɪmpəl
simpelt	ˈsɪ̀mːəl̥t
simpelthen	ˈsɪmːəlˌteːn
simpson	ˈsɪmpsən
simpsons	ˈsɪmpsəns
simu	ˈsɪmʉ
simulator	sʲimɪlatur
simulator	ˈsɪmʉˌtøːɾ
simulatoren	ˈsɪmʉˌtɔːɾən
simulere	sɪmʉˈleːɾə
simulere	ˈsɪmʉləɾə
simulerer	ˈsɪmʉːləɾɛɾ
simulering	ˈsɪmʉːlɛɪŋ
simuleringen	ˈsɪmʉləɾɪŋən
simulert	ˈsɪmʉːlət
simulerte	ˈsɪmʉlɛʈə
simón	ˈsɪmʊn
sin	sin
sin	sɪn
sinai	ˈsɪnɑɪ
sinaloa-kartellet	ˈsiːnɑːloːkɑːɾtɛlː
sindig	ʂɪnːɪ
sindigere	ˈsɪnɪɾə
sindigst	ˈsɪnɪkst
sindigste	ˈsɪnɪkstə
sindre	sindɾɛ
sine	siːn
sine	siːnə
sing	sɪŋ
singel	ˈsɪŋəl
singer	ˈsɪŋər
singh	ʃɪŋ
singler	ʂɪŋləɾ
singulariteten	sɪŋgʉlɑɾɪtɛn
sinke	sɪnke
sinker	ˈsɪŋkər
sinket	ʂɪŋkət
sinn	sɪn
sinna	sɪnɑ
sinna	ʂɪnːɑ
sinne	ʂɪnːə
sinns	ʂɪns
sinnsforvirret	ʂɪnsfɔɾˈvɪɾːə
sinnslidelse	sinsliːdˈelsa
sinnssvak	ʂɪnːsˈvɑːk
sinnssvakt	ʃɪnsːʋɑːkt
sinnssyk	ʃɪnsyːk
sinnssyk	ˈsɪnsyːk
sinnssyke	ʂɪnːsʏːkə
sinnssykehus	ʂɪnːsːʏːkʰʉːs
sinnssykt	ʂɪnːsʏkt
sinnsyke	ʃɪnːsyːkə
sinnsykt	ʂɪnːsyːkt
sint	sɪnt
sintere	ˈsɪntəɾə
sinus	sˈinus
sinéad	ʃiˈneːɑː
siobhan	ʃuːbɑːn
sioux	sjuː
sipp	ʂɪpː
sir	ʂiːr
sir	ʃiːr
sirenen	ˈsiːrən
sirener	ʂɪˈnæɾəɾ
sirenia	sɪɾeːnɪa
siringo	ˈsɪɾɪŋo
siriss	ʃɪrɪs
sirisser	ʂɪˈʂːər
sirkelsag	srkːilsɑːg
sirkle	ˈsɪɾklə
sirkler	sˈɪrklɛr
sirklet	ʂɪrklət
sirkulasjon	ˈsɪ́ːkʉlɑsjɔn
sirkulere	ˈsɪ́ːkʉlʉːɾə
sirkus	ʂɪrkʉs
sirkus	ˈsɪɾkʉs
sirlige	ˈsiːɭɪə
sirligere	ˈsiːɭɪɾə
sirup	ʂɪʉ̯p
sirupen	ʂɪʉ̯pən
sisko	ʃɪskʊ
sissel	sissɛl
sissy	ʃɪsɪ
sist	sɪst
sist	ˈsɪst
siste	sista
siste	sɪstə
sistemann	ˈsɪstəman
sisten	ˈsɪstən
sister	ʃɪstər
sisteåret	ˈsɪstəɑːɾ
sistnevnte	sɪstˈnæʋnə
sit	sɪt
sitat	ˈsɪtɑt
sitatene	ˈsɪtɑːtənə
sitater	ˈsɪtɑːtər
sitatet	ˈsɪtɑtə
siter	siːtər
sitere	sɪˈteːɾə
sitere	ˈsɪtəɾə
siterer	ˈsiːtəɾəɾ
sitert	sjˈɛtɜt
sitert	ˈsɪtəɾt
siterte	ˈsɪtəɾə
sitka	sɪtka
sitron	sɪtrɔn
sitron	sɪˈtɾuːn
sitronsaft	ɕɪtɾʊnsɑft
sitte	sɪtːə
sitte	ˈsɪtə
sitteben	sˈɪtəbˈɛn
sittende	siktindi
sittende	sɪtːən̩
sitteplass	sɪtəplɑs
sitter	sjtˀɪ̞ɾ
sittet	sɪtːə
situasjon	ˈsɪtʉɑːʃuːn
situasjonens	ˈsɪtʉɑːʃʊnən
situasjonsrapport	ˈsɪtʉɑːsn̩sɾɑpɔʈ
siutt	ʃʉtː
siutte	ʃʉtːə
siv	sˈiːv
siv	ʂɪʋ
sive	ˈsiːʋə
siver	ˈsiːvər
sivet	siːvət
sivile	ˈsɪːvɪlə
sivilforsvaret	ˈsɪvilˌfɔʂʋæɾ
sivilisasjon	sɪvilɪsɑsjɔn
sivilisasjonens	ˈsɪːvilɪsɑːsjɔn̩s
sivilisasjoner	ˈsɪːvɪlɪsɑːsjɔnər
sivilisert	ˈsɪːvɪlɪʂːəɾ
sivilist	ˈsɪvilɪst
sivilt	ˈsɪvlɪt
six	sɪks
size	siː
siå	ʂiːɔ
siår	ʃiːɑːr
sjahen	ʃæːən
sjakal	ʃakɑl
sjakal	ʃɑkɑl
sjakalen	ʃɑkɑlɛn
sjakaler	ʃɑkɑlɛr
sjakkmatt	ʃɑkˈmɑt
sjakt	ʃɑkt
sjakta	ʃɑktɑ
sjakten	ʃɑktn̩
sjal	ʃɑl
sjal	ʃɑːl
sjalet	ʃɑːlɛt
sjalu	ʂɑˈlʉː
sjalu	ʃɑːlʉ
sjalusi	ʃɑːluʂi
sjalusien	ʃɑːlʉˈsiːən
sjaman	ʃɑːmɑn
sjamanen	ʃɑːmɑːnə
sjampanje	ʃɑmˈpɑŋə
sjampanjen	ʃɑmˈpɑːnjən
sjampinjong	ʂɑmpɪnˈjɔŋ
sjampis	ʃɑmpɪs
sjampo	ʃampo
sjampo	ʃɑmpuː
sjampo	ˈʂɑmpu
sjampoen	ʃæmˈpuːn
sjanger	ʃangɛr
sjangse	ʃɑŋsə
sjans	ʃɑns
sjanse	ˈʂɑŋsə
sjanseløs	ʃɑnsɛløːs
sjanseløse	ʂanːsəˈløːsə
sjansen	ʃɑnsən
sjansen	ʃˈɑŋsən
sjanser	ʃɑnsɛr
sjansespill	ʃɑnsɛspɪl
sjanten	ʃɑntn̩
sjappa	ʃɑpːɑ
sjappe	ʃɑpːə
sjarlatan	ʃɑːɭɑːtɑn
sjarm	ʃaːrm
sjarm	ʃɑːɾm
sjarme	ʃɑːrmə
sjarmen	ʃɑːɾmən
sjarmere	ʃɑːɾmɛɾɛ
sjarmerende	ʃɑːmɛɾɛndə
sjarmerte	sjar̝miːɛtːæ
sjarmerte	ʃɑːmɛɾtə
sjarmtroll	ʃɑɾmtɾɔlː
sjarmør	ʃɑɾmœɾ
sjarmøren	ʃɑːɾˈmøːɾən
sjasmin	ʃɑsmɪn
sjef	ʃɛf
sjef	ʃˈɛf
sjefe	ʃeːfə
sjefen	ʃeːfən
sjefen	ʃˈɛfən
sjefene	ʃeːfənə
sjefens	ʃeːfəns
sjefer	ʃeːfər
sjefer	ʃɛfɛr
sjefredaktør	ʂɛfɾɛdɑkˈtøːɾ
sjefs	ʃɛfs
sjefslege	ʃɛfsleːgə
sjefsredaktør	ʃɛfsrɛdɑktoːr
sjefssersjant	ʃɛfsɛɾʃɛnt
sjeiken	ʃæɪ̯kən
sjeikens	ʃæɪ̯kəɳ
sjekka	ʃɛkːɑ
sjekke	ʂɛkə
sjekke	ʃɛkːə
sjekken	ʃɛkːən
sjekkene	ʃɛkːə
sjekker	ʃɛkːər
sjekkes	ʃɛkːəs
sjekket	ʃɛkːət
sjekkhefte	sʃækhæftæ
sjekkheftet	ʃɛkːhɛft
sjekkliste	ʃɛklɪstə
sjekkpunkt	ʃɛkpʰʉŋkt
sjel	tʃɛl
sjel	ʃɛːl
sjela	ʃɛːlə
sjelden	ʃɛldn̩
sjeldent	ʃæɪ̯ɛnd̥
sjeldne	ʃæɪ̯ɭnə
sjeldne	ʃɛlˈnˈɑ
sjeldnere	ʂæɪ̯ɭnəɾə
sjelefred	ʂɛːləˈfrɛː
sjelefrender	ʃeːləfrɛndər
sjelene	ʃɛːləneː
sjelens	ʃɛːləns
sjeler	ʃæælɛr
sjeler	ʃæːləɾ
sjelevenn	sjˈɛlfən
sjelevenn	ʂeːləʋɛn
sjelevennen	ʂɛːləˈʋɛnː
sjelløse	ʃɛløːsə
sjels	ʃɛls
sjenere	ʂəˈneːɾə
sjenere	ʃɪˈnæːɾə
sjenert	ʃɛnɛɾt
sjenerte	ʃɛnɛʈə
sjenerøs	ʂənəˈɾøːs
sjenerøs	ʃɛnəˈɾøːs
sjenerøse	ʃɛnəˈɾøːsə
sjenerøsitet	ʂɪənəˈɾøːsɪtət
sjenerøst	ʃɛnəˈrøst
sjetonger	ʃɛtʊŋgɛɾ
sjikane	ʃɪkɑːnə
sjikanere	ʂɪkɑˈneːɾə
sjikt	ʃˈɪkt
sjimpanse	ʃɪmˈpɑ̀nsə
sjimpansene	ʃɪmˈpɑnsənə
sjimpanser	ʃɪmˈpɑnsər
sjiraff	ʃɪrɑf
sjiraffen	ʃɪˈrɑfən
sjiraffer	ʃɪˈrɑfər
sjokkere	ʃɔkːəɾə
sjokkerer	ʃɔkəɾɛɾ
sjokkert	ʃɔkːəɾt
sjokkerte	ʃɔkːəɾtə
sjokket	ʃɔkːət
sjokktilstand	ʃɔkːtɪlstɑn
sjokolade	ʃɔkʊlɑːdɛ
sjokoladebiter	ʃɔkʊlɑːdɛbɪtər
sjokoladeis	ʃɔkʊlɑːdɛɪs
sjokoladekake	ʃɔkɔlɑːkɑːkə
sjokoladekjeks	ʃɔkʊlɑːdɛɪ̯ks
sjokolademelk	ʃɔkʊlɑːdæml̥k
sjokoladen	ʃɔkʊˈlɑːdn̩
sjokoladepudding	ʃɔkʊlɑːdɛpʉdɪŋ
sjokolader	ʃɔkʊlɑːɖəɾ
sjonglere	ʂɔŋˈleːɾə
sjonglere	ʃɔŋləˈɾɛ
sjonglerer	ʂɔŋləˈɾæɾ
sju	ʃʉː
sju-åtte	ʃʉːɔtə
sjuende	ʃʉ̂ɪndə
sjuk	ʂʉːk
sjukdom	ʂʉːkdʊm
sjuke	ʃʉːkə
sjukehus	sʉkəhʉs
sjukehuset	ʃʉːkəˈhʉːsə
sjukestua	ʃʏkəstuː
sjuskete	ʂʉskɛtə
sjuskete	ˈʂʉskətə
sjuåring	ʃʉːɑrɪŋ
sjåfør	ʂɔˈføːɾ
sjåfør	ʃoːfɪr
sjåføren	ʃoːfœɾən
sjåførene	ʃoːfœːrənə
sjåfører	ʃoːfɪrɐ
sjæl	ʃæːl
sjöberg	ʃøːbærj
sjø	ʂøː
sjø	ʃøː
sjøen	ʃøːn
sjøens	ʃø̂ns
sjøer	ʃøːr
sjøfolk	ʃøːfɔlk
sjøforsvaret	ʂøːfɔʂvɑːɾət
sjøhest	ʃøːhəst
sjøkaptein	ʂøːkɑːptæɪn
sjøkart	ʂøːkɑːɾt
sjøl	ʂøːl
sjøl	ʃœl
sjølsagt	sjøːsˈɑːkt
sjømannen	ʃøːmanː
sjømat	ʃøːmɑːt
sjømaten	ʃøːmɑːtən
sjømenn	ʃøːmen
sjømennene	ʃøːmenːə
sjømil	ʃøːmɪl
sjørøver	ʃøːʋər
sjørøvere	ʃøːɾøːʋəɾə
sjørøveri	ʃøːʁøːʋəɾɪ
sjørøverne	ʃøːʁøːʋəɳə
sjøs	ʂøs
sjøsette	ʂøːˈʂɛtə
sjøsette	ˈʂøːsɛtə
sjøsprøyt	sjˈøːsprœyt
sjøsyk	ʂøsyːk
sjøsyk	ʂøːsyːk
sjøsyke	ʃøːsyːkə
sjøveien	ʂøːʋæɪ̯ən
sk	ʃɔːk
ska	ʃɑː
skabbete	ʃɑbːɛtə
skad	ʃɑːd
skada	ʃɑːdɑː
skadde	ʃɑːd̥ə
skade	skad
skade	skɑːdə
skade	ʃɑːd̥ə
skade	ˈskɑːdə
skadede	ˈskɑdədə
skadedyr	skadrɪr
skadedyr	ʃɑːdɛɪ̯ɾ
skadelig	ʃɑːdəlɪ
skadelig	ˈskɑːdəlɪ
skadelige	ʃɑːdəlɪgə
skadeligere	ˈskɑːdəlɪɾə
skaden	ʃɑːdən
skadene	ʃɑːdənə
skader	skad̪mˌɯd̪
skader	ʃɑːdər
skaderapport	ʃɑːdərɑːpɔrt
skades	ʃɑːdəs
skadet	ʃɑːdət
skadeverk	ʃɑːdɛʋæɾk
skaff	ʃɑf
skaffer	skafːər
skaffer	ʃɑfɛr
skaffet	skaffət
skaffet	ʃɑfːət
skafott	skafɔtː
skaft	ʃɑft
skaftet	ʃɑftət
skagerrak	skagɛrˈak
skagway	ʃɑːgwɑːj
skakke	ˈskɑkə
skal	ʃɑːl
skala	skala
skala	ʃɑːlɑː
skalaen	ʃɑːlɑːn
skaljeg	ʃɑːljɛ
skalkeskjul	ʃɑlkeʃʉːl
skall	ʃɑlː
skalla	skallɑ
skalla	ʃɑlːɑ
skalla	ˈskɑlət
skalldyr	ʃɑːɭ̥dʏr
skalle	ʃɑlːə
skalle	ˈskɑlə
skallede	ʃɑlːə
skallen	ʃɑlːən
skallene	ʃɑːləne
skaller	skallɪ̞r
skaller	ʃɑlːər
skallet	ʃɑlːət
skallet	ˈskɑlət
skallete	ʃɑːlɛtə
skalp	ʃkɑːlp
skalpell	skalpˌɛl
skalpell	ʃɑlˈpɛl
skalpellen	ʃɑlˈpɛlən
skalpen	ʃɑːlpən
skalper	ʃɑːlpɛɾ
skalperer	ʃɑlpəɾeːɾ
skalpert	ʃɑːlpɛɾt
skalperte	ʃɑːlpɛɾtə
skalv	skˈɑɫv
skalv	ʃɑːlv
skalvi	ʃɑːlvɪ
skam	skom
skam	skˈɑm
skam	ʃɑm
skamfert	ʃɑmfɛɾt
skamfull	skamfʉl
skamfull	ʃɑmfʉl
skamfullt	ʃɑmfʉlt
skamløs	ʃɑːmløːs
skamløse	ʃɑːmˈløːsə
skamløst	ʃɑːmˈløːst
skamme	skamma
skamme	ʃɑmːə
skamme	ˈskɑmə
skammekroken	ʃɑmːəˈkrʉːkən
skammelig	ˈskɑməlɪ
skammelige	ˈskɑməlɪə
skammeligere	ˈskɑməlɪɾə
skammeligst	ˈskɑməlɪkst
skammen	ʃɑmːən
skammens	ʃɑmːəns
skammer	ʃɑmːər
skammet	skamˀət
skammet	ʃɑmːət
skamplett	ʃɑmˈplɛt
skandale	skandali
skandale	ʃɑnːdɑːlə
skandalen	ʃɑnːdɑlɛn
skandaler	ʃɑnːdɑlɛɾ
skandaløs	skɑnɑˈløːs
skandaløs	ʃɑnˈdɑːløs
skandaløst	ʃɑnːdɑlœʏst
skandinavia	ʃkaːdɳiːə
skandinavisere	skandjnavisere
skanne	ʃɑnːə
skanne	ˈskænə
skanner	ʃɑnːɾ
skannere	ʃɑnːɛɾə
skanneren	ʃɑnːɛɾən
skannerne	ʃɑnːɾnə
skannet	ʃɑnːət
skanningen	ʃɑŋɪŋən
skanse	ʃɑ̀nsə
skansen	ʃɑːnsn̩
skap	skɑːp
skape	ʃɑːpə
skape	ˈskɑːpə
skapelse	ʃɑːpəlsə
skapelsen	ʃɑːpəl̥sn̩
skapelsens	ʃɑːpəlɛns
skapende	skapenˈda
skapende	ˈskɑːpənə
skapene	skapɔna
skapene	ʃɑːpəɳə
skaper	skapiːr
skaper	ʃɑːpər
skapere	ʃɑːpəɾə
skaperen	ʃɑːpəɾən
skaperne	ʃɑːpɛɳə
skaperverk	ʃɑːpɛɾʋæɾk
skapes	ʃɑːpəs
skapet	skàːpkɛ
skapet	ʃɑːpət
skapning	skapˈnˈi
skapning	ʃɑːpɪŋ
skapningene	ʃɑːpɪŋənə
skapt	ʃɑpt
skapte	skapˈta
skapte	ʃɑːptə
skar	skar
skar	ʃkɑːr
skare	ʃɑːɾə
skare	ˈskɑːɾə
skaresnø	skaːrɛsna
skarnes	sˈonˈɛs
skarp	skɑɾp
skarp	ʃɑɾp
skarpe	ʃɑːɾpə
skarpere	ʃɑːɾpəɾə
skarpeste	ʃɑɾpəst
skarpsindig	ʂɑːɾpsɪnɪ
skarpskytter	ʂɑːrpsçʏtːəɾ
skarpskyttere	ʃɑːrpsçʏtːɛɾə
skarpskytteren	ʂɑːrpsçʏtːɛɾən
skarpskytterne	ʃɑːrpsçʏtːɾnə
skarpt	skɑɾpt
skarpt	ʂɑːpt
skarpås	skarpos
skarre	skæˈrˈæ
skarre	ˈskɑɾə
skarve	ʃɑːɾʋə
skate	ʃɑːtə
skateboard	ʃɑːtˈbɔːɾd
skater	ʃɑːtɛr
skatt	skɑt
skatt	ʃɑt
skatte	ʃɑtːə
skattebetalere	ʃɑtːəbətɑːləɾə
skatteetaten	ʃɑtːəɛtɑːn
skattefri	skatːɛfrʲiː
skattefritak	skatːəfrˈiːtak
skattefritt	ʃɑtːəfrɪt
skattefuten	ʃɑtːəˈfʉːn
skattejakt	ʃɑtːəˈjɑkt
skattejakten	ʃɑtːəˈjɑktn̩
skattelettelse	skatːɛl˩eːtːɛlˀseː
skattemessig	skatːɛmɛssˈeː
skattemyndighetene	ʃɑtːəˈmʏŋːhɛːtə
skatten	ʃɑtːən
skattene	ʃɑtːənə
skatteparadis	skatːəparadˈiːs
skattepengene	ʃɑtːəˈpeŋːə
skattepenger	ʃɑtːəpɛŋːər
skatter	skatːɛr
skatter	ʃɑtːɾ̥
skatteunndragelse	ʃɑtːəʉnːdrɑɫsələ
skattevesenet	ʃɑtːəˈʋeːsənə
skatteyter	skatːeytər
skau	skal
skauen	ʃɔʉn
skaukatter	skæukatːi
skavanker	ʃɑːvɑŋkər
ske	ʃɛː
skeeter	ʃɛːtər
skei	ʃˈaɪ
skeid	ʃaɪd
skeis	ʃæɪs
skeiv	ʃæɪ̯ːʋ
skeivt	ʃæɪ̯ʋt
skepsis	ʃɛpsiːs
skeptisk	ʃɛpˈtɪsk
skeptiske	skæptɪskʲi
skeptiske	ʃɛptɪskə
sker	ʃæɾ
sketsj	ʃɛʈʃ
sketsjen	ʃɛʈʃən
skev	ʃɛːʋ
ski	ʃi
skiene	ʃiːən
skiferie	ʃɪˈfɛɾɪ
skift	ʃɪft
skift	ʃˈɪft
skifte	ʃɪftə
skiftende	ʃɪftn̩d̥ə
skiftene	ʃɪftənə
skiftenøkkel	ʃɪftnœkəl
skiftenøkkelen	ʃɪftnœkələn
skifter	ʃɪftər
skiftes	ʃɪftəs
skiftet	ʃɪftə
skiføre	skiːføːrˌeː
skihopping	ʃˈiːˈɔpˌɪŋ
skikk	ʃɪk
skikk	ʃˈɪk
skikka	ʂɪkɑ
skikke	ˈʂɪkə
skikkeiig	ʃɪkːæɪ̯ɪg
skikkelig	ʃɪkəlɪ
skikkelig	ˈʂɪkəlɪ
skikkelige	ʃɪkəlɪgə
skikkelige	ˈʂɪkəlɪə
skikkeligere	ˈʂɪkəlɪɾə
skikkeligst	ˈʂɪkəlɪkst
skikkeligste	ˈʂɪkəlɪkstə
skikkelse	ʃɪkəlsə
skikkelsen	ʃɪkəlsən
skikkelser	ʃɪkəlsər
skikken	ʃɪkːən
skikkene	ʃɪkːə
skikker	ʃɛkːər
skikker	ʃɪkːər
skikket	ʂɪkət
skikket	ʃɪkːət
skildre	ʃɪldɾə
skildret	ʃɪldɾɛt
skildring	ʃɪldrɪŋ
skildring	ʃˈɛldriːŋ
skille	ʃɪlə
skille	ˈʂɪlə
skiller	ʃɪləɾ
skillet	ʃɪlət
skilnad	ʃiːlnod
skilpadda	ʃɪlˈpɑdːɑ
skilpadde	ʃɪlˈpɑːtə
skilpadden	ʃɪlˈpɑːdən
skilpaddene	ʃɪlˈpɑːdənə
skilpadder	ʃɪlˈpɑːdər
skilsmisse	ʃɪlsmɪsə
skilsmissebarn	ʃɪlsmɪsəˈbɑːɳ
skilsmissen	ʃɪlsˈmɪsn̩
skilsmisser	ʃɪlsmɪsɛr
skilt	ʃɪlt
skilte	ʃɪltə
skilte	ˈʂɪltə
skiltene	ʃɪlˈtəːnə
skilter	ʃɪltəɾ
skiltes	ʃɪltəs
skiltet	ʃɪltə
skiltnummer	ʃɪltˈnʉmɛr
skiløp	ʃiːløːpˀ
skimmel	ʃɪmmˈl
skingrende	ʃɪŋˈɾɛnə
skinka	ʃɪŋkɑ
skinke	ʃɪŋkə
skinken	ʃɪnkən
skinken	ʃɪŋkən
skinkene	ʃɪŋkənə
skinn	ʃɪn
skinn	ʃˈɪn
skinne	ʃɪnːə
skinnebein	ʂɪnbæɪn
skinnende	ʃɪnːɛn̥d̥
skinnene	ʃɪnːə
skinner	ʃɪnɛr
skinnet	ʃɪnːət
skinnhellig	ʃɪnːhɛlɪ
skinnhellige	ʃɪnːhɛlɪgə
skinnhellige	ˈʂɪnhɛlɪə
skinnhelligere	ˈʂɪnhɛlɪɾə
skinnhelligst	ˈʂɪnhɛlɪkst
skinnhelligste	ˈʂɪnhɛlɪkstə
skinnjakke	ʃɪnˈjɑkːə
skinnlue	skinlʉə
skint	ʃint
skinte	ʃɪntə
skipet	ʃɪpət
skipped	ʃɪpːd
skipper	ʃɪpːər
skipperen	ʃɪpːəɾən
skippy	ʃɪpːɪ
skips	ʃɪps
skipslei	ʃɪpslæɪ
skipsverftet	ʃɪpsvɛɾftət
skisse	ʃɪsə
skissen	ʃɪsən
skissene	ʃɪsːə
skisser	ʃɪsɐ
skistav	ˈʂiːstɑːʋ
skit	ʃiːt
skit	ʃɪt
skite	ʃɪtə
skiten	ʃɪtən
skiter	ʃɪtɛr
skitne	ʃɪtneː
skitner	ʃɪtˈnæɾ
skitnere	ʃɪtˈnæɾə
skitnet	ʃɪtˈnɛt
skitrekk	ˈʂiːtɾɛk
skitten	ʃɪtːən
skitten	ˈʂɪtən
skittent	ʃɪtːənt
skittentøy	ʃɪtːənˈtœʏ
skittentøyet	ʃɪtːən̥tœʏ̯t
skiva	ʃɪʋɑ
skive	ʃiːvə
skive	ˈʂiːʋə
skiven	ʃiːvən
skiven	ʃɪʋən
skiver	ʃɪʋər
skje	ʃçɛ
skjebnens	ʃçɪbːn̩s
skjebnesvanger	ʃçɪbːn̩sʋɑŋər
skjebnesvanger	ˈʂeːbnəsʋɑŋəɾ
skjede	ʃçɪɛ̯ːə
skjeene	ʃçeːnə
skjeene	ʃɪ̞jænˈa
skjeer	ʃçɛːr
skjegget	ʃɛgːə
skjeggete	ˈʂæɪətə
skjekk	ʃçɛk
skjekke	ʃçɛkːə
skjekker	ʃçɛkːər
skjele	ˈʂeːlə
skjelett	ʂəˈlɛt
skjelett	ʃæɪ̯ˈlɛt
skjelle	ʃɛlə
skjelle	ˈʂɛlə
skjeller	ʃɛlːər
skjellet	ʃɛlːət
skjellig	ˈʂɛlɪ
skjelligere	ˈʂɛlɪɾə
skjellsord	ʃɛlsɔɾ
skjelne	sæjlˈnæ
skjelne	ʃæɪ̯lnə
skjelne	ˈʂɛlnə
skjelt	ʃæɭt
skjelve	ˈʂɛlʋə
skjelven	ʃɛlvən
skjelven	ˈʂɛlʋən
skjelver	ʃɛlvɛr
skjelvingen	ʃɛlvɪŋən
skjelvinger	ʃɛlvɪŋər
skjeløyd	ʃɛ̀ːlœʏ̯d
skjeløyd	ˈʂeːlœjd
skjem	ʃɛm
skjemaer	ʃɛːməɾ
skjematisk	ʂəˈmɑːtɪsk
skjemmer	sʃɛmmːir
skjemmer	ʃɛmːər
skjemmes	ˈʂɛməs
skjems	ʃæɪms
skjemt	ʃæɪ̯mt
skjemte	ʃçm̥tə
skjemte	ʃˈɛmtə
skjender	ʃçɛnːɖɛr
skjendet	ʃçɪnd̥ɛt
skjenk	ʃçɛŋk
skjenke	ʃçɛŋkə
skjenker	ʃçɛŋkər
skjer	ʃçɛr
skjerf	ʃçɛɾf
skjerfet	ʃçɛɾfɛt
skjerme	ʃæɪ̯ɾmɛ
skjerme	ˈʂæɾmə
skjermer	ʃɪ́ːrmər
skjerp	ʃçæɾp
skjerpe	ʃçɛɾpə
skjerper	ʃçɛ́ːpɛr
skjerpet	ʃçɛ́ːpət
skjervald	ʃçɛɾvɑɭ
skjev	ʃçɛʋ
skjeve	ʃçɪvə
skjevt	ʃçɛʋt
skjold	ʃɔld
skjoldene	ʃɔɭd̥ənə
skjoldet	ʃɔld̥ɛt
skjoldete	ˈʂɔlətə
skjonner	ʃçʉnːər
skjorta	ʃçʊɾtɑ
skjortene	ʃçɔɾtənə
skjot	ʃçʊt
skjul	ʃʉːl
skjuler	ʃʏ̂lɛ́ɾ
skjulested	ʃʉ̂ːləstɛt
skjulesteder	ʃʏ̂lɛstɛɾ
skjulestedet	ʃʉ̀ːləstɛdət
skjulet	ʃʏ̂lːət
skjult	ʃʏlt
skjulte	ʃʏltə
skjær	ʂæːɾ
skjære	ʃæːɾə
skjære	ˈʂæːɾə
skjærer	ʃæɪ̯ːɾəɾ
skjæres	ʃæːɾəs
skjærgården	ʃçæɾgoːɾn̩
skjærsilden	ʃæɪ̯ɾsɪld̥ən
skjærte	ʃæːɾtə
skjærtorsdag	ˈʂæːʈɔʂdɑg
skjødesløs	ʃçøːdɛsløːs
skjødesløse	ʃçøːdɛsløːsə
skjønne	ʃçʉnə
skjønne	ˈʂœnə
skjønnerjeg	ʃçø̂nːərjɛg
skjønnhetene	ʃçø̀ːn̥heːtə
skjønnhetens	ʃçø̂nːhɛtəns
skjønnheter	ʃçø̀ːnhɛtɐ
skjønnhetskonkurranse	ʃçø̂nːhɛtskɔnʉrɑnsə
skjønnlitteratur	ʃçø̀ːnlɪtəɾɑːtʊɾ
skjønt	ʂœnt
skjønte	ʃçǿntə
skjør	ʂøːɾ
skjør	ʃˈøːr
skjørbuk	ʃçøɾbʉk
skjøre	ʃçøːɾə
skjørtejeger	ʃçøːɾtəjæɪ̯gə
skjørtet	ʃçøːɾtə
skjøteledning	ʂøːtəlɛdnɪŋ
skjøtene	ʃçøːtənə
skjøter	ʃçøːtər
skjøtter	ʃçøtːər
skjøvet	ʃçøvət
sklei	ʃlæɪ̯
sklerose	ʃlæɾoːsə
skli	skɭiː
skli	skɾiː
sklia	ʃliːə
sklidd	ʃlɪd
sklie	skɹiːə
sklie	ʃlɪə
sklir	ʃliːr
sko	skuː
skoa	skuːa
skoa	ʃʰoː
skoddene	ʃɔdənə
skodder	skɔddi
skodder	ʃɔd̥ːər
skoen	skuˀɑˀn
skoene	skuːana
skoene	ʃuːnə
skoene	ˈskuːnə
skog	skuːg
skog	ʃɔg
skogbrann	ʃɔgbrɑn
skogen	ʃɔgən
skoger	ʃɔ̀ːgəɾ
skogerøya	skuːgɾˈɛja
skogs	ʃɔks
skogseid	skuːksajd
skogvokter	ʃɔgvɔktər
skohorn	skuːhun
skoien	ʃʊɪən
skokk	ʃɔk
skokrem	skuːnkrɛm
skokrem	ʃɔkɾæɪm
skole	skuːlə
skole	ʃuːlə
skole	ˈskuːlə
skolearbeid	ʃuːləɑɾbæɪ̯
skoleavslutningen	ʃuːləɑːvslʉtnɪŋ
skoleball	ʃuːləbɔɭː
skolebarn	ʃuːləˈbɑːɳ
skolebarn	ˈskuːləbɑːɳ
skolebussen	ʃuːləbʉsn̩
skoledag	skuːlɪdˈak
skoledagen	ʃuːləˈdæ̀ɪ̯n
skoleferie	skuɫeferea
skolefesten	ʃuːləˈfɛstən
skolegang	skuːlɐgɐng
skolegangen	ʃuːləgɑŋə
skolegutt	ʃuːləgʉtː
skolekamerat	ʃuːləkaːməɾɑːt
skolekamerater	ʃuːləkaːməˈɾæːtər
skolelaget	ʃuːləˈlægət
skolelærer	ʃuːləˈlæːrər
skolen	ʃuːlən
skolene	skuːlʲɛnɫa
skolene	ʃuːləneː
skolepengene	ʂkuːləpeŋənə
skolestyret	ʃuːləˈstʉːr
skolesystemet	ʂkuːləˈsʏstm̩
skoleår	skuːlˈɔr
skolisse	zkuljssɛ
skolissen	skuːlˈɪsən
skolissene	ʃuːlɪsːənə
skolisser	ʃʊlɪsɛr
skolt	skʊ̞rt
skolten	ʃɔːltn̩
skomaker	ʃɔːmɑːkər
skomaker	ˈskʊmɑːkəɾ
skomakeren	ʃɔːmɑkəɾən
skono	skuːnu
skor	skuʁ
skorpa	skˈɔrpa
skorpe	ʃɔɾpə
skorpe	ˈskɔɾpə
skorpen	ʃɔɾpən
skorpion	ʃɔɾˈpiːɔn
skorpionen	ʃɔɾpiˈuːn̩
skorpioner	ʃɔɾpiːɔnər
skorpionkongen	ʃɔɾpi̯uŋkɔŋn̩
skorsteinen	ʃɔːrstɑɪn
skostørrelse	ʃɔstøɾlɛs
skotsk	skɔtsk
skotsk	ʃɔtʃ
skotske	ʃɔtskə
skotte	skˈotːa
skotte	ʃɔtːə
skotte	ˈskɔtə
skotten	ʃɔtən
skottene	ʃɔtːənə
skotter	skˈɔtːiːr
skotter	ʃɔtːər
skottet	skˈɔtːɛt
skottet	ʃɔtət
skottland	ʃɔtːlɑn
skottlands	ʃɔtːlɑns
skov	ʃɔʋ
skral	skɾɑːl
skral	ʃɾɑːl
skralle	ˈskɾɑlə
skramme	ʃɾɑmːə
skrammer	ʃrɑmːər
skrangle	ˈskɾɑŋlə
skrangler	skrˈaŋlər
skranglete	ʃkɾɑŋlɛtə
skranken	ʃɾɑŋkən
skrante	ˈskɾɑntə
skrap	ʂkɾɑp
skrape	skrˈɑːpə
skrape	ʃɾɑːpə
skrape	ˈskɾɑːpə
skraper	ʃkɑːpər
skrapet	ʃɾɑːpət
skraphandler	ʃkɾɑːphɑ̀ndlɐ
skraphaug	ʃkɾɑːphɑʊ̯ː
skraphaugen	ʂkɾɑːˈhœʏ̯n̩
skrapmetall	ʃɾɑːpməˈtɑɭː
skrapt	ʃɾɑpt
skrapte	ʃɾɑptə
skratte	ˈskɾɑtə
skravle	ʃɾɑːvlə
skravle	ˈskɾɑʋlə
skravlebøtte	ʃɾɑːvlɛbœtːə
skravler	ʃɾɑːvlɛɾ
skravlet	ʃɾɑvlɛt
skravling	ʃɾɑːvlɪŋ
skred	skrˈet
skredder	skrˈadər
skredder	skɾɛdəɾ
skredder	ʃɾɛdːɛr
skredderen	ʃɾɛːdɾən
skreddersydde	ʃɾɛdːɛɾˈsyːdːə
skreik	ʃɾæɪk
skreiv	ʃɾæɪ̯ʋ
skrek	skrˈɛk
skrek	ʃɾæg
skreket	ʂɾɛkət
skrekk	skrˈɛk
skrekkelig	ʂɾɛkəlɪ
skrekkelig	ˈskɾɛkəlɪ
skrekkelige	ˈskɾɛkəlɪə
skrekkeligere	ˈskɾɛkəlɪɾə
skrekkeligst	ˈskɾɛkəlɪkst
skrekkeligste	ˈskɾɛkəlɪkstə
skrekken	ʃrɛkːən
skrekkens	ʂrɛkːən
skrekkfilm	ʃrɛkːfɪlm
skrekkfilmer	ʂrɛkːfɪlmər
skrekkslagen	ʂrɛkːslagn̩
skrekkslagen	ˈskɾɛkʂɭɑːgən
skrelle	skrˈɛlla
skrelle	ʃɾɛlə
skrelle	ˈskɾɛlə
skreller	skrˈɛllər
skreller	ʃɾɛlːɐɾ
skrellet	skrˈɛllət
skrem	ʃɾæm
skremme	ʃɾæmːə
skremme	ˈskɾɛmə
skremmende	ʃɾæmːɛn̩d̥ə
skremmer	skrˈɛmmɚ
skremmer	ʃɾæmːər
skremmes	ʃɾæ̀mːəs
skremt	ʃɾæmt
skremte	ʃɾæmtə
skrent	skrˈɛnt
skreppa	ʃɾɛpːɑ
skreppe	ʃrɛpːə
skrepper	ʃɾɛpːər
skrev	ʃɾæʋ
skrevet	skrˈeːvət
skrevet	ʃɾeːʋət
skrevne	ʃɾæʋnə
skribent	skr̝ɪ̞b̥ɛnt
skribenter	skr̝iːb̥ɛntər
skribenter	ʂkrɪbɛntər
skrible	ˈskɾɪblə
skriblerier	skɾɪbləɾɪə
skrift	skrˈift
skrift	skɾɪft
skrift	ʃɾɪft
skrifta	skrˈifta
skrifte	skrˈifta
skrifte	ʃɾɪftə
skriftemål	ʃɾɪftəmoːl
skriften	skrˈiftən
skriften	ʃkrɪftən
skriftene	ʃkrɪtənə
skrifter	skrˈiftər
skrifter	ʃɾɪftəɾ
skriftet	skrˈiftət
skriftet	ʃɾɪftət
skriftlig	ʃɾɪftlɪ
skriftlig	ˈskɾɪftlɪ
skriftlige	ʃɾɪftlɪgə
skriftlige	ˈskɾɪftlɪə
skriftligere	ˈskɾɪftlɪɾə
skriftligst	ˈskɾɪftlɪkst
skrifttype	skrˈɪftˈyːpə
skrik	skrˈiːk
skrik	ʃɾɪk
skrike	ˈskɾiːkə
skrikende	ʃɾɪkəɳə
skrikene	ʃɾɪkənə
skriker	ʃkrɪkɐr
skriket	ʃɾɪkət
skriking	ʃɾɪkɪŋ
skrin	ʃɾiːn
skrinet	ʃɾiːnət
skrinlegge	ˈskɾiːnlæɪə
skritt	ʃrɪt
skrittene	ʃkrɪtənə
skrittet	ʃrɪtːə
skrittfeil	skrˈɪtfˈajl
skriv	skrˈv
skriv	ʃɾiːʋ
skrive	skrˈiːvə
skrive	skɾiːʋə
skrive	ʃɾɪʋə
skrivebordet	ʃɾɪːvəbuɾt
skrivebordsjobb	ʃɾɪːvəbuːɾsjɔb
skrivefeil	ʃɾɪvəfeɪ̯l
skrivemaskin	ʃɾiːvəˈmɑʃɪn
skrivemaskinen	ʃɾɪʋəˈmɑːʃɪn
skrivemaskiner	ʂkriːʋəˈmɑːʃɪnər
skriver	skɾiːvɪ
skriver	ʃriːvər
skrivere	ʃɾiːʋəɾə
skriveren	ʃriːʋəɾən
skrives	ʃɾiːʋəs
skrivesaker	skɾiːʋəsɑːkəɾ
skrivesperre	ʃɾiːʋəʃpæɾə
skrivingen	ʃɾiːvɪŋən
skrog	ʃrɔg
skroget	ʂrɔgət
skrot	ʃrɔt
skrotet	ʃrɔtət
skrothaug	ʃrɔthɔʊ̯g
skrothaugen	ʃrɔːthɑʉgn̩
skrotten	ʃrɔtːn̩
skru	skɾʉː
skru	ʃrʉː
skruball	ʃrʉbɑl
skrubb	ʃrʉb
skrubbe	ʃrʉbːə
skrubbe	ˈskɾʉbə
skrubber	ʃrʉbːər
skrubbet	ʃrʉbːət
skrubbsulten	ʂkrʉpsʉltn̩
skrubbsulten	ˈskɾʉbsʉltən
skrubbsår	skrʉbːsar
skrubbsår	ʃrʉbːsɔːr
skrudd	skrˈɛd
skrudd	ʃrʉd
skrudde	ʂkrʉdːə
skrue	ʃrʉː
skrue	ˈskɾʉːə
skruene	ʃrʉːnə
skrujern	ʂʁʉɪɳ
skrukkete	ʃrʉkːətə
skrukkete	ˈskɾʊkətə
skrulla	skrˈɵlla
skrulla	ʃrʉlːə
skrulle	ʂrʉlə
skrullete	ʃkrʉlːtə
skrulling	ʃkrʉlɪŋ
skrumpe	skrˈuːmpa
skrumper	ʂkrʉmpər
skrupler	ʃrʉːpləɾ
skruppelløs	ˈskɾʉpəløːs
skrus	ʃrʉs
skrutrekker	skrˈʉtrɛkːir
skrutrekkeren	ʃkrʉˈtrɛkːərən
skryt	skɾyːt
skryt	ʃkrʏt
skryte	skɾitːa
skryte	ʃrʏtə
skryte	ˈskɾyːtə
skrytepave	ʃrʏtəpɑːvə
skryter	ʃryːtər
skrytt	skrˈɪt
skrytt	ʃrʏtː
skrå	skɾoː
skrå	ʃɾɔː
skråle	ˈskɾoːlə
skråne	ˈskɾoːnə
skråning	skrˈoːnɪŋ
skråning	ʂkɾɔnɪŋ
skråsikker	ʂkɾoːsɪkːɐr
skrått	ʂkɾɔt
skrømtene	ʂrœmˈtənə
skrømter	ʃrœmtər
skrømtet	ʃrømt̪ət
skrøne	ʂrøːnə
skrøner	ʂrøːnər
skrøpelig	ʂkrøːpəlɪ
skrøpelig	ˈskɾøːpəlɪ
skrøpelige	ʂrøːpəlɪgə
skrøpelige	ˈskɾøːpəlɪə
skrøpeligste	ˈskɾøːpəlɪkstə
skrøt	ʂrøːt
sku	sku
skubbe	ʃʉbːə
skubbe	ˈskʉbə
skubbet	ʃʉbːə
skudd	ʃʉd̥
skuddene	ʃʉdənə
skuddet	ʃʉd̥ːə
skuddhold	ʃʉdːhɔɭː
skuddlinjen	ʃʉdliŋən
skuddløsning	ʂʉːdløːsnɪŋ
skuddløsningen	ʃʉdløːsnɪŋ
skuddpremie	ʃʉd̥pɾæmiː
skuddsikker	ʃʉdsɪkːər
skuddsikre	ʃʉdsɪkɾə
skuddskade	ʃʉdːskaːd̥ə
skuddskader	ʃʉdːskaːdər
skuddsår	ʃʉdsɔːr
skuddveksling	ʃʉd̥vɛksliŋ
skue	ˈskʉːə
skuer	ʃʉːɾ
skuespill	ʃʉːspɪl
skuespiller	ʃʉːspɪlɛr
skuespiller	ˈskʉːwəspɪləɾ
skuespiller	ˈskʉːəspɪləɾ
skuespilleren	ʃʉːspɪləɾən
skuespillerinne	skʉspɪləˈɾɪnə
skuespillerinne	skʉːəspɪləɾɪnə
skuespillerinne	ʃʉːspɪlɛɾɪnə
skuespillerinner	ʃʉːspɪlɪɳɐ̯
skuespillet	ʃʉːspɪlət
skuet	ʃʉːt
skuff	skʉf
skuff	ʃʉf
skuffa	ʃʉfːɑ
skuffe	skʏffæ
skuffe	ʃʉfːə
skuffelse	skʉfˀfelsə
skuffelse	ʃʉfəlsə
skuffelsen	ʃʉfəlsn̩
skuffelser	ʃʉfəlsɛɾ
skuffende	ʂʉfːɛn̩
skuffene	ʃʉfːə
skuffer	ʃʉfːər
skuffet	skʉfət
skuffet	ʃʉfːə
skuiie	ʃʉɪ̯ː
skul	ʃʉːl
skulder	ʃʉldər
skulder	ˈskʉldəɾ
skulderen	ʃʉldəɾən
skulderveske	ˈskʉldəɾʋɛskə
skuldra	ʃʉldɾɑ
skuldre	ʃʉldɾə
skuldrene	ʃʉldɾənə
skuldrer	ʃʉldɾə
skule	skuːlə
skule	ʃʉːlə
skule	ˈskʉːlə
skulke	ʃʉːɭkə
skulke	ˈskʉlkə
skulker	ʃʉlkər
skulket	ʃʉlˈkɛt
skull	ʃʉlː
skulle	ʃʉlə
skulle	ˈskʉlə
skullejeg	ʃʉləjɛg
skulptur	skʉlpˈtʉːɾ
skulpturen	skʉlˈptʉːn̩
skulpturer	skuːlp˥tˢuːdˢeːd
skulpturer	skʉlˈpʉːɾəɾ
skulptør	skʉlˀptørˀ
skulptør	ʃkʉlˈpʉːɾ
skuls	skʉls
skuls	skʉlz
skuls	ʃʉːls
skum	skʊm
skum	ʃʉːm
skumle	ʃʉːmlə
skumlere	ʃʉ̂mləɾə
skumleri	skumlˈæ̀i
skumleste	ʃʉ̂mlɛstə
skumme	ˈskʊmə
skummel	ʃʉməl
skummel	ˈskʉməl
skummelt	ʃʉmːəl̥t
skummer	ʃʉmːər
skummet	ʃʉmːət
skumpe	ˈskʊmpə
skumre	ˈskʊmɾə
skumring	ʃʉːmɾɪŋ
skumring	ˈskʊmɾɪŋ
skumringen	ʃʉːmˈɾɪŋən
skur	skʉɾ
skur	ʃʉːr
skure	ʃʉːɾə
skure	ˈskʉːɾə
skurk	skʉɾk
skurk	ʃʉɾk
skurken	ʃʉɾkən
skurkene	ʃʉɾkənə
skurker	ʃʉrkəɾ
skurre	ˈskʉɾə
skurrer	ʃʉrːər
skuta	ʃʉːtɑ
skute	ʃʉːtə
skute	ˈskʉːtə
skuter	skjʉtər
skutt	skʉt
skutt	skˈɪt
skutt	ʃʉtː
skvadron	ʃkʋaːɖɾɔn
skvadronen	ʃkʋɑːɳɔn̩
skvadroner	skʋɑːdɾɔnər
skvatt	ʃkʋɑtː
skvetne	ʃkʋetnə
skvett	ʃkʋɛtː
skvette	ˈskʋɛtə
skvetten	ʃkʋɛtːn̩
skvetten	ˈskʋɛtən
skvetter	ʃkʋɛtːər
skvip	ʃʋiːp
skvipet	ʃʋiːpət
skvise	ʃʋiːsə
skvise	ˈskʋiːsə
skviser	ʃʋɪsɛr
skviset	ʃʋiːsɛt
skvulpe	ˈskʋʉlpə
skvær	ʃʋæɾ
skvære	ʃkʋæːɾə
skvære	ˈskʋæːɾə
skværet	ʃkʋæːɾət
skya	ʃtia
skydekke	sʏdɛkːɛ
skydekke	ʃyːdɛkə
skyen	ʃyːən
skyene	ʃyːə
skyer	ʃyːɾ
skyet	ʂyːət
skyet	ʃyːt
skyfri	ʃyːfɾɪ
skyfri	ʃʏfrʲi
skyfri	ˈʂyːfɾiː
skyfury	ʃyːˈfʉːɾʏ
skygg	ʃyg̊
skygge	ʂʏgə
skygge	ʃygːə
skygge	ʃˈɛgːa
skyggen	ʃʏgːən
skyggene	ʃygːə
skyggenes	ʃygənəs
skygger	ʃygːər
skygget	ʃygːət
skyggeverdenen	ʃʏgːəʋəɾːən
skyhøy	ʃyːˈhøɪ
skyhøye	ʃyːˈhøʏə
skyhøyt	ʂyːʏ̯t
skyid	ʃyːɪ
skyider	ʃyːɪdər
skylar	ʃlyːɑːɾ
skyld	ʃʏld
skylda	ʃyːɭd̥ɑ
skylde	ʃyːɭə
skylde	ˈʂʏlə
skylden	ʃyːldən
skylder	ʃʏldər
skyldfølelse	ʃʏldfœːləɬsə
skyldfølelser	ʃʏldfœːləɬsɐ
skyldig	ʃʏldɪ
skyldig	ˈʂʏldɪ
skyldige	ʃʏɭdɪgə
skyldigere	ˈʂʏldɪɾə
skyldigst	ˈʂʏldɪkst
skyldigste	ˈʂʏldɪkstə
skyldnere	ʃʏldnɛɾə
skyldt	ʃʏlt
skyldte	ʃʏltə
skyldtes	ʃʏltɛs
skyler	ʃʏːləɾ
skyll	ʃɪl
skylle	ˈʂʏlə
skyller	ʃɪlːər
skylles	ʃyːlə
skylt	ʃʏlt
skylte	ʃʏltə
skynde	ʃyːndə
skynde	ʃɪnˈna
skynde	ˈʂʏnə
skynder	ʃyːnːər
skynding	ʃˈɪnlɪŋ
skyndt	ʃʏnt
skyndte	ʃyːntə
skynet	ʃyːnɛt
skyr	ʃyːɾ
skyskraper	ʃʏskɾɑpər
skyskrapere	ʃyːskɾɑːpɛɾə
skyss	sˈis
skyss	ʃʏs
skysse	ʃʏsːə
skysse	ˈʂʏsə
skyssen	ʃʏsːən
skyt	ʃʏt
skyte	sˈitˢa
skyte	ʃyːtə
skyte	ˈʂyːtə
skytebane	ʃʏtəˈbɑːnə
skytebanen	ʃʏːtəˈbɑːnə
skyteepisoden	ʃʏːtəɛ̀pɪsʉːdən
skytende	ʃʏtɛnːə
skyter	ʃyːtər
skytere	ʃyːtəɾə
skyteren	ʃyːtəɾən
skyterne	ʃyːtɛɳə
skytes	ʃʏtːs
skyteskive	ʃʏtəʃiːvə
skyteskiver	ʃʏtəʃiːvər
skytevåpen	ʃyːtəʋɔːpn̩
skytevåpnene	ʃyːtəʋøːpnə
skyting	ʃyːtɪŋ
skytinga	ʃyːtɪŋɑ
skytingen	ʃyːtɪŋən
skyts	ʃʏts
skytsengel	ʃyːtsɛŋːəl
skytsengelen	ʃyːtsɛŋələn
skytshelgen	ʃʏtshɛlg̊n
skyttel	ʃʏtːəl
skyttelen	ʃʏtːələn
skytter	ʃytːɛr
skytter	ʃʏtːər
skyttere	ʃʏtːɛɾə
skytteren	ʃʏtəɾən
skyttergrav	sʏtːɛrgˀɾav
skyttergraven	ʃʏtːɛɾgɾɑːʋn
skyttergravene	ʃʏtːɛɾgɾɑːʋə
skyttergraver	ʃʏtːɛɾgɾɑːʋəɾ
skyv	ʃyːʋ
skyve	ʃyːvə
skyvekraft	ʃʏːvəkrɑft
skyver	ʃyːvər
skyves	ʃyːvəs
skäl	ʃæːl
skåi	ʃkɔɪ
skål	skoːl
skål	skuːl
skål	ʃoːl
skålde	ˈskɔlə
skåle	sˈoːl
skåle	ˈskoːlə
skålte	ʃoːɭtə
skån	ʃoːn
skåne	ʂkɔːnə
skåne	ˈskoːnə
skånet	ʃkɔːnət
skånsom	sˈoːnsˈɔm
skånsom	ˈskoːnsɔm
skånsomt	ʂkoːnsɔmt
skånte	ʂkɔ̀ːntə
skår	ʃoːr
skåre	ʃoːɾə
skårer	ʃoːɾə
skåret	ʃkɔːɾət
skøye	ˈskœjə
skøyer	ʃøɪ̯ɛɾ
skøyerstrek	ʃøɪ̯ɛɾstɾɛk
skøyt	ʃœʏt
skøyt	ʃˈɛjt
skøyte	ʃøʏ̯tə
skøyte	ˈʂœjtə
skøytebane	ʂœjtəbɑːnə
skøytebanen	ʂʉ̂ʏ̯təˈbɑːnə
skøytene	ʃœʏːtən
skøytene	ʃˈɛjtnˈɛ
skøyter	ʃœʏtɛr
sladderen	ʃlɑdːɾən
slade	ʂlɑːd̥ə
slades	ʃlɑːdəs
sladre	slatra
sladrehank	ʃlɑːɖɾəˈhɑŋk
sladrer	ʃlɑːɖɾɛɾ
sladret	ʂlɑːɖɾɛt
slag	slɑːg
slag	ʂɭɑːg
slaganfall	ˈʂɭɑːgɑnfɑl
slagene	slɑːgnə
slager	slɑːgər
slaget	slɑgət
slagmann	slɑːgman
slagmark	slɑːgmɑɾk
slagmarken	slɑgmɑɾkən
slagmerke	slagmæɾkjɛ
slagord	slɑːgɔɾː
slagordet	slɑːgɔɾːɛt
slagplan	slɑːgplɑːn
slags	slɑgs
slags	ʃlaks
slagskip	slɑːgʂiːp
slagskipet	ʂlɑgːʂɪpət
slagsmål	slɑgsmoːl
slagsmål	slˈaksmɔːl
slagsmålet	slɑgsmoːlə
slak	ʂɭɑːk
slakk	ʂlɑk
slakk	ʂɭɑk
slakte	ʂlɑktə
slaktehus	ʂlɑktəhʉs
slaktehuset	ʂlɑktəˈhʉːsə
slakter	slaktsɪ̞r
slakter	ʂlɑktər
slakter	ˈʂɭɑktəɾ
slakteren	ʂlɑkˈtəɾən
slakterens	ʃlɑktəɾɛns
slaktet	ʂlɑktət
slakting	ʂlɑːktɪŋ
slaktingen	ʂlɑːktɪŋən
slalåm	ʃlɑlɔm
slam	slɑːm
slam	ʃlˈɑm
slamp	ʂlɑmp
slampen	ʂlɑmpən
slang	ʂlɑŋ
slange	ʂlaŋːə
slange	ˈʂɭɑŋə
slangebitt	slaŋɛbˈit
slangebitt	ʂlɑŋːəˈbɪtː
slangen	ʂlaŋn̩
slangene	slɑŋnə
slangene	ʃɫæŋjænɛ
slank	ʂlɑŋk
slankepiller	ʂlæŋkəpɪlər
slanker	ʃlɑnkɪ
slankere	ʂlɑŋkəɾə
slanket	ʃlæŋkət
slant	slɑnt
slapp	slɑp
slappe	slappɐ
slappe	ˈʂɭɑpə
slapper	ʂlɑpːər
slappet	slɑpət
slapt	ʂlɑpt
slapt	ʃlˈapt
slash	ʃlɑʂ
slasher	ʃlɑʃər
slask	ʃlɑsk
slasken	ʃlɑskən
slass	ʃlɑs
slatt	ʂlɑtː
slattery	ʃlɑtɛrɪ
slave	slˈaːvə
slavearbeid	ʂlɑːʋæɾbæɪː
slavedriver	ʂlɑːvədrɪvər
slavehandel	ʂlɑːvəhɑ̀ndəl
slaven	ʃlɑːvən
slavende	ʃlavəmˈɛ
slavene	ʃlɑːʋənə
slaveri	ʃlavɛɾiː
slaveri	ʃlɑːʋæɾɪ
slaveriet	ʂlɑːʋəɾɪət
slavich	ʂlɑːvɪç
slayer	ʃlæɪ̯ːɾ
slede	ʂɭeːdə
slede	ʃleːdə
sleden	ʃlɛːdən
sledge	ʃlɛgə
sleepy	slɛːpɪ
slegga	ʃlɛgɑ
slegge	ʂlɛgːə
slegge	ˈʂɭɛgə
sleike	ʂlæɪkə
sleip	ʂɭæɪp
sleip	ʃlˈaɪp
sleipe	ʂlæɪ̯pə
sleiping	ʂlæɪpɪŋ
sleipner	ʃlæipnɛ
sleiven	ʃlɑjvən
slekt	ʃlɛkt
slekta	ʂlɛkta
slekte	ˈʂɭɛktə
slektning	ʃlɛktnɪŋ
slektningen	ʃlɛktnɪŋən
slektningene	slˈɛknˈɪŋən
slektningene	ʃlɛktnɪŋənə
slektninger	slˈɛkniŋɪ
slektninger	ʃlɛktnɪŋər
slektskap	ʂlɛkʂkɑːp
slem	slɛm
slem	ʃlˈɛm
slemme	ʂlɛmːə
slemme	ʃlɛmmɯ̞
slemmeste	slɛməstɛ
slemming	ʂlɛmɪŋ
slemmingen	ʃlɛmɪŋən
slemmingene	ʃlɛmɪŋənə
slemminger	ʃlɛmɪŋgər
slemt	ʃlɛmt
slemt	ʃlˈɛmt
slenderman	ʃlɛndəɾman
slengbukse	ʃlˈɛŋbˈuːksa
slenge	ʃlɛŋə
slenge	ˈʂɭɛŋə
slengen	ʂlɛŋn̩
slenger	ʃlɛŋər
slengt	ʂlɛŋt
slentre	slˈɛntra
slepebåt	ʂlɛːpɔːt
sleper	ʂlɛpɛr
slepphendt	ˈʂɭɛphɛnt
slept	ʂlɛpt
slet	ʃlɛt
slett	slˈɛt
slett	ʃlɛt
slette	slˈɛtə
slette	ˈʂɭɛtə
sletten	ʂlɛtːən
slettene	ʂlɛtːənə
sletter	slɛtər
slettes	ʂlɛtəs
slettet	ʂlɛtː
slettetast	ʃlətːətast
slibrige	slɪbɾɪgə
slibrige	ˈʂɭiːbɾɪə
slik	slɪk
slik	ʂɭiːk
slike	ʃlikə
slikjeg	slɪkjɛ
slikk	slɪk
slikke	slɪkːə
slikke	slˈɪkːə
slikke	ˈʂɭɪkə
slikkepotten	ʃlikːipɔtːən
slikker	slɪkːər
slikket	ʂlɪkːət
slikt	slɪkt
slim	ʃlɪm
slim	ʃlˈiːm
slimet	slɪmət
slimete	ˈsliːməteː
slimål	ʃliˈmɔːl
slinky	slɪŋkɪ
slipe	ˈʂɭiːpə
slipp	ʂlɪp
slipp	ʃlˈɪp
slippdato	ʃlɪpdato
slippe	slippvæ
slippe	ʂlɪpːə
slippe	ˈʂɭɪpə
slipper	slˈɪpːə
slipper	ʂlɪpːər
slippers	ʃlˈɪpˌɪʃ
slippes	ʂlɪpːəs
slippet	ʃlɪpət
slippover	sljpo˥˩ːvər
slips	lɪps
slips	slɪps
slipsene	ʃlʲipsnɛ
slipset	ʃlipˈsɛ
slire	sleːra
slit	ʂliːt
slit	ʃliːts
slitasje	ʂliːtɑʃə
slitasje	ʃlɪtarˈʃɛ
slite	sljta
slite	ʂliːtə
slite	ˈʂɭiːtə
sliten	ʃliːtən
sliter	ʂliːtər
slitesterk	ʂɭiːtəstæɾk
slitet	ʃliːtə
slitne	slˈiːtna
slitne	ʂlɪtne
slitsom	ʂliːtsɔm
slitsom	ʃlitsɔm
slitsomme	ʂlɪtsɔmə
slitsomt	ʂliːtsɔmːt
slitte	ʂlɪtːə
slo	sl̥uː
sloan	slɔːn
sloane	ʃlɔːnə
slokke	ʂlɔkːə
slokker	ʂlɔkːər
slokket	ʂlɔkːət
slokner	ʃlɔknər
sloppy	ʃlɔpɪ
sloss	ʃlɔs
slott	ʂɭɔt
slotta	ʃlˈɔtːa
slottene	slɔtːn̩
slottet	ʃlɔtət
slottet	ʃˈɔtːə
slottets	ʃlɔtəʃ
slovak	ʃlovˈɑk
slovenia	ʃlovˈɛrnə
slu	ʃlʉː
sludde	ˈʂɭʉdə
sludder	ʃlʉdɖɐ
sludderet	ʃlʉdɛrɛt
slue	ʂlʉː
slug	slʉg
slugger	slʉgːər
slugline	slʉgliːn
sluk	slˈʉk
sluke	ʃlʉːkə
sluke	ˈʂɭʉːkə
sluker	ʂlʉkɐr
sluket	ʃlʉkət
slukka	slukːa
slukke	ʃlʉkːə
slukke	ˈʂɭʊkə
slukker	slˈukːɪr
slukker	ʂʉkːər
slukkes	ʃlʉkːəs
slukket	ʃlʉkːə
slukne	ʂlʉknə
slukner	ʃlʉknɛɾ
sluknet	ʃlʉknət
slukt	slʏkt
slukt	ʂlʉkt
slukta	ʃlʉkta
slukte	ʂlʉ̀ːktə
slum	slʉm
slum	ʂɭʉm
slummen	slʉmːən
slump	slʊmp
slumre	ˈʂɭʉmɾə
sluntre	ˈʂɭʉntɾə
sluppet	ʃlʉpːə
slur	ʃlʉːr
slurk	ʃlʉɾk
slurker	ʃlʉʁkəɾ
slurpe	ˈʂɭʉɾpə
slurv	ʃlʉɾʋ
slurvet	ʃlʉrvɛt
sluse	ˈʂɭʉːsə
slusene	ʃlʉːsənə
slusk	ʃlʉsk
slut	ʂlʉt
slutning	ʃlʉtnɪŋ
slutningen	ʂlʉtŋɪŋ
slutninger	ʂlʉtniŋər
slutt	ʂɭʉt
slutt	ʃlʉt
slutta	slˈʉtːa
slutta	ʃlʉtɑ
slutte	ʃlʉtə
slutte	ˈʂɭʉtə
slutten	ʃlʉtːən
slutter	slˈʉtːər
slutter	ʃlʉtːər
sluttet	slˈʉtːət
sluttet	ʃlʉtː
sluttpakke	ʂlʉtːpɑkːə
sluttpoenget	ʂlʉtːpʰœŋː
sluttspillet	ʃlʉtspɪlət
sly	ʃlʏː
slynge	ʃlˈɪŋə
slynge	ˈʂɭʏŋə
slyngelen	ʃlʏŋːəlɛn
slynglene	ʂlʏŋnə
slyngler	ʃlʏŋːləɾ
slå	ʂloː
slå	ʂɭoː
slå	ʃlˈoː
slåbrok	sloˀbrɔk
slående	ˈʂɭoːənə
slås	ʂloːs
slåss	ʂloːs
slåss	ʂɭɔs
slåssingen	ʂloːsɪŋən
slåsskamp	ʂloːskɑmp
slåsskamp	ʃloskamp
slåsskampen	ʂloːskɑmpɛn
slåsskamper	ʂloːskɑmːpə
slåsskjempe	ʂloːʂçæmpə
slør	ʃløːr
sløret	ʃløːrət
sløret	ʃløːrˈa
sløs	ʂlœs
sløse	ˈʂɭøːsə
sløseri	ʂlœːsəɾɪ
sløsing	ʃløːsɪŋ
sløst	ʂlœst
sløste	ʂlœʃtə
sløv	ʂɭøːʋ
sløv	ʃlɛv
sløve	slˈøvə
sløve	ʂlœʋə
sløver	ʂlœʋər
sløvt	ʂlœʋt
sløye	ʃlœʏə
sløyfe	ʃlaifˈ
sløyfe	ʃlœʏfə
sløyfe	ˈʂɭœjfə
sløyfen	ʃlœʏfn̩
sløyfer	ʃlœɪfɛr
slĺ	ʃlɑː
sm	sɑm
sma	smɑː
smadre	smɑːdrə
smadre	ˈsmɑdɾə
smadrer	smɑːɖɾər
smadret	smɑːdrɛt
smak	smak
smak	smɑːk
smak	ʂmɑːk
smake	ˈsmɑːkə
smakfull	ʂmɑːkfʉl
smakfull	ˈsmɑːkfʉl
smakfulle	ˈsmɑːkfulə
smakfullt	ˈsmɑːkfʉlt
smakløs	ˈsmɑːkløːs
smaksprøve	ʂmɑːksprøːʋə
smakssans	smakˈsants
smakt	smɑːkt
smakte	ʂmɑːktə
smal	smɑːl
smal	smɔːl
smalahove	smaːlaːxoːvə
smale	ʂmaːlə
smalere	ˈsmɑːləɾə
small	smɑːl
smalltalk	smɔːltɔːk
smalmøll	smalmˈɛl
smalt	smɑlt
smaragdbyen	ˈsmɑːɾɑgd̥byːn
smaragden	ˈsmɑːɾɑgdən
smaragder	ˈsmɑːrɑgdər
smart	smɑːʈ
smart	smˈɑɹt
smartest	smaɾtɛs
smarteste	smaɾtɛstə
smartingen	smaɾtɪŋən
smashball	sməˈʃpɔl
smashing	sməˈʃɪŋ
smatt	ʂmɑtː
smatte	ˈsmɑtə
smaug	smɔʊ̯g
smeden	ʂmɛːd̥n̩
smekk	smˈɛk
smekke	smˈɛkːə
smekke	ʂmɛkːə
smekke	ˈsmɛkə
smekken	smɛkːən
smekker	smɛkːər
smekre	ʂmɛkɾə
smell	smˈɛl
smella	ʃmɛlːɑ
smelle	ʂmɛlə
smelle	ˈsmɛlə
smellen	ˈsmɛlən
smeller	smɛlːər
smellet	ɕmɛlət
smellvakker	smɛɭˈvɑkːər
smelte	smeltˈ
smelte	smɛltə
smelte	ˈsmɛltə
smelteovn	sməldˈɔvn
smelter	ʂmɛltər
smeltet	ʂmɛltə
smerte	ʂmɛɾtə
smerte	ˈsmæʈə
smertefri	ʂmɛɾtəfrɪ
smertefritt	ʂmɛɾtəfrɪtː
smertefull	ʂmɛɾtəful
smertelig	ʃmɛɾtəlɪg
smerten	smˈɛktən
smerten	ˈsmɛːʈn̩
smertene	ʂmɛɾtənə
smerter	smˈɛttiːr
smerter	ʃmɛ́ːtər
smertestillende	ʃmɛɾtəstɪlɛnə
smerteterskel	ʃmɛɾtəʃkəl
smette	ʃmɛtːə
smetter	ʂmɛtːər
smettet	sˈmˈɛttˈ
smi	smiː
smi	sˈmi
smi	ʂmiː
smibar	ˈsmiːbɑːɾ
smidd	smid
smidd	ʂmɪd
smidde	smˈɪdˈɑ
smidig	smidi
smidig	ˈsmiːdɪ
smidig	ˈsmɪːdɪ
smidige	smijtjɛ
smidige	ˈsmiːdɪə
smidige	ˈsmɪdɪgə
smidighet	ˈsmɪdɪghɛt
smigeren	ˈsmɪgəɾən
smigre	smikˈɾa
smigre	ʂmɪgrɛ
smigre	ˈsmɪgɾə
smigrende	ˈsmɪgrənə
smigrer	ˈsmɪgrər
smil	smɪl
smile	smɪlə
smilefjes	smɪləfjɛs
smilehull	smɪləʊ̯ːl
smilende	smɪləndə
smilene	ʃmiːləneː
smiler	smɪlə
smilet	ɕmɪlət
smiley	smajli
smiley	ʃmɛɭi
smilt	smɪlt
smilte	smɪltə
smilte	smˈiːltə
sminke	ʂmɪŋkə
sminke	ˈsmɪŋkə
sminkekost	sminkɛkʊs
sminker	ʃmɪŋkər
sminket	ʂmɪŋkə
smir	smˈiːr
smir	ʃmiːr
smisk	ʃmiʂk
smiske	smiskˈe
smiske	ʂmiːskə
smiske	ˈsmɪskə
smisker	smisker
smisker	ʂmɪskər
smisket	ʂmɪskɛt
smisking	smˈɪskɪŋ
smith	smɪtʰ
smithson	smɪtsɔn
smithsonian	ʃmɪtsɔnɪən
smitte	smˈɪtːə
smitte	ʂmɪtːə
smitte	ˈsmɪtə
smitten	ʂmɪtːən
smitter	smˈɪtər
smitter	ʂmɪtːər
smittes	ʂmɪtːə
smittet	smɪtət
smittetall	smˈɪtətal
smittsom	smitsˌɔm
smittsom	ʂmɪtːsɔm
smittsom	ˈsmɪtsɔm
smittsomme	smɪtsɔmə
smittsomt	smitsˈɔmt
smittsomt	smɪtːsɔmt
smitty	ʂmɪtːʏ
smoak	smɔk
smog	smoːg
smoke	smɔk
smokey	ʂmʊkɛɪ
smoking	smɔkɪŋ
smokk	smɔk
smokker	smˈɔkːɪɾ
smoothie	ʃmuːdi
smoothies	ʃmuːdɪs
sms	ʃɛmːs
sms-en	ʃmːsən
smudge	ʃmʉgə
smug	smʉg
smug	smʉːg
smuget	ʃmʉgət
smugle	smugl
smugle	ʂmʉglə
smugle	ˈsmʉglə
smugler	smugɫɪt
smugler	ʂmʉgləɾ
smuglere	ˈsmʉːgləɾə
smugleren	smʉgləɾən
smuglergods	ˈsmʉːgləɾgɔds
smuglerne	smʉgləɳə
smugles	smʉgləs
smuglet	ʃmʉglət
smugling	smʉglɪŋ
smugling	smʉːglɪŋ
smuglingen	smʉglɪŋən
smukka	ʂmʉkːɑ
smukken	ʂmʉkːən
smuldre	ʃmʉldɾə
smuldre	ˈsmʉldɾə
smuldrer	ʂmʉldrɛr
smule	smˈʉlə
smule	ʃmʉːlə
smule	ˈsmʉːlə
smulene	ʂmʉːlənə
smuler	ʃmʉːləɾ
smult	smˈʉlt
smult	ʃmʉlt
smultbolle	ʃmʉltbɔlə
smultring	ʂmʉlːtɾɪŋ
smultringen	smˈʉltrɪŋən
smultringen	ʂmʉlːtɾiŋən
smultringene	smultrˈɪŋənə
smultringene	ʂmʉlːɾɪŋnə
smultringer	smˈʉltrɪŋər
smultringer	ʂmʉlːɾiŋər
smurf	ʃmʉɾf
smurfene	ʂmʉɾfənə
smurfer	ʃmʉɾfɛɾ
smurte	ʃmʉːʈə
smutthull	ʂmʉtːhʉlː
smygard	ʃmʏgɑɾ
smyge	ʂmʏgə
smyge	ˈsmyːgə
smykke	ʂmʏkːə
smykke	ˈsmʏkə
smykkene	ʂmʏkːənə
smykker	ʂmʏkːər
smykket	ʂmʏkːə
smythe	ʂmʏtə
små	smɔ
små	ʂmoː
småbarn	ʂmoːbɑːɳ
småbiter	ʂmɔːbɪtər
småborgerlig	ʂmoːbɔɾgəlɪ
småby	smoːby
småbyen	ʂmoːbyːn
småbåter	smɔːbɔːtɨr
småen	ʂmoːən
småfeil	ʂmoːfɛɪːl
småfisk	ʂmoːfɪsk
småfolket	smoːfɔlçɛt
smågris	smɔgris
smågutt	ˈsmoːgʉt
smågutter	smoːˈgʉtəɾ
smågutter	ʂmoːgʉtːər
småjentene	ʂmoːjɛntn̩
småjenter	smoːjɛntər
småjobber	smoːjɔpɐ
småkake	ʂmoːkɑːkə
småkakene	ˈsmɔːkɑːkənə
småkaker	smokokɛ
småkaker	ˈsmɔːkɑːkər
småkryp	ʂmɔːkɾʏp
småland	smoːlɑn
smålig	ʂmoːlɪ
smålige	ˈsmoːlɪə
småligere	ˈsmoːlɪɾə
småligste	ˈsmoːlɪkstə
småpengene	ʂmoːpɛŋənə
småpenger	ʂmoːpɛŋgər
småpiker	ʂmoːpɪkəɾ
småprat	ʂmoːprɑːt
småprate	ʂmoːpɾɑːtə
småpraten	ʂmoːpɾɑːtən
småprater	ʂmoːpɾɑːtɛɾ
småstein	smoːʃtain
småting	ʂmoːtɪŋ
småting	ˈsmɔtɪŋ
småtingene	ʂmoːtɪŋnə
småtterier	ʂmoːtəɾɪəɾ
småunger	ʂmoːʉŋːər
smør	smøːɾ
smør	ʃmøɾ
smøra	smørɾa
smørbrød	ʃmœɾˈbrøː
smørbrød	ˈsmœɾbɾøː
smørbrødene	ʃmøɾˈbrœːdənə
smørbrødet	ʃmøɾbrœd
smøre	smˈøːrə
smøre	ʃmøːɾə
smøre	ˈsmøːɾə
smøreost	smøːrˈɔst
smøres	ʂmøːɾəs
smøret	ʂmøːɾət
smøring	ʂmøːɾɪŋ
smørja	ʃmørjɑ
smørje	ʃmørjə
smørsyre	smˈøːrsyrə
snabel	ʂnɑːbəl
snabelen	ˈsnabələn
snack	ʃnɑk
snacks	ʃnɑks
snadder	snadːə
snadder	ʂnɑdːər
snake	ʃnɑːk
snakk	snɑk
snakka	ˈsnakka
snakke	ˈsnakə
snakke	ˈsnɑkə
snakkende	ˈsnakənə
snakker	snakːe
snakker	ˈsnakɛr
snakkes	snɔkɪs
snakkes	ˈsnakkeː
snakkesalig	ˈsnakəˌsɑːlɪ
snakkesalig	ˈsnɑkəsɑːlɪ
snakkesalige	ˈsnɑkəsɑːlɪə
snakkesaligere	ˈsnɑkəsɑːlɪɾə
snakkesaligst	ˈsnɑkəsɑːlɪkst
snakkesaligste	ˈsnɑkəsɑːlɪkstə
snakket	ˈsnakət
snakking	ˈsnakɪŋ
snakkingen	ˈsnakkɪŋən
snap	ʂnɑːp
snapp	ʃnɑpː
snappe	ʂnapːə
snappe	ˈsnɑpə
snapper	ʂnɑpːər
snappet	ʃnɑpːət
snaps	ʂnɑps
snar	snɑːɾ
snar	ʂnɑːr
snare	snˈɑːrə
snare	ˈsnɑːɾə
snarrådig	ʂnɑːɾɔɪg
snarrådig	ˈsnɑːɾoːdɪ
snarrådige	ˈsnɑːɾoːdɪə
snarrådigere	ˈsnɑːɾoːdɪɾə
snarrådigst	ˈsnɑːɾoːdɪkst
snarrådigste	ˈsnɑːɾoːdɪkstə
snart	snɑʈ
snart	snɔt
snartenkt	ˈsnɑːɾtn̩kt
snarvei	ʂnɑːɾˈʋæɪ
snarvei	ˈsnɑːɾʋæɪ
snarveien	ʃnɑːrvæɪ̯n
snarveier	ʂnɑːɾˈʋæɪ̯ːɾ
snau	snæʉ
snau	snəʊ
snau	ʂnɔʉ
sne	snˈɛː
snedig	snɛðɪ
snegl	znajl
snegl	ʂneːgl
snegle	snajlæ
snegle	ʃneglə
sneglen	snajln
sneglen	ʃneːgləɴ
sneglene	ʃneːgləˈnə
snegler	snajlˈɛr
snegler	ʃneːgləɾ
sneie	ˈsnæɪə
sneiet	ʃneɪ̯ət
sneik	snˈaɪk
sneik	ʃnæɪk
sneip	snˈaɪp
snek	ʃneːk
sneket	snəkeːtˀ
sneket	ˈsneːkət
snekker	snˈɛkər
snekker	ˈsnɛkəɾ
snekkerbua	ˈsnekəbuː
snekkere	snˈɛkːrˌa
snekkere	ˈsneːkəɾə
snekkeren	snˈɪkːarn
snekkeren	ˈsneːkːərən
snekkeri	snəkːɪriː
snekkerne	snˈɛkːarnə
snekre	snˈɛtrə
snekre	ʃneːkɾə
snekre	ˈsnɛkɾə
snella	ʃnɛɭː
snelle	ʃnɛɭː
snelle	ˈsnɛlə
snerpete	ˈsnæɾpətə
snerre	ˈsnæɾə
snerrende	ʂnɛrːənə
snerten	ʃnɛɳtɛɳ
snev	snˈeːv
snev	ʃneːʋ
snever	snˈɛvər
snever	ˈsneːʋəɾ
sneversynt	ˈsneːʋəʂyːnt
snevre	ʂneːvrə
snickers	ʃnɪkɐs
sniff	ʂnɪf
sniffe	ʂnɪfə
sniffer	ʃnɪfːər
sniffet	ʂnɪfːət
snik	snˈiːk
snik	ʂniːk
snike	ʂniːkə
snike	ˈsniːkə
sniken	ʂniːkən
snikende	ʂniːkənə
sniker	ʂniːkɛr
sniking	ʂniːkɪŋ
snikmord	ʂnɪkmoɾ
snikmorder	ʂnɪkˈmɔɖər
snikmordere	ʂnɪkmuːɾdərə
snikmorderen	ʂnɪkˈmɔ́ːɳɑɾən
snikmorderligaen	ʂnɪkˈmɔɖəɭɪɑːn
snikskytter	ʂnɪkːʏtːɛr
snikskyttere	ʂnɪkʂyːtəɾə
snikskytteren	ʂnɪkːʏtːəɾən
snikskytterne	ʂnɪkːʏʈəɾnə
snill	snil
snill	snɪl
snille	ʃnɪlə
snillere	ʂnɪləɾə
snilleste	sni˥˩dlɛsta
snilleste	ʃnɪlːəstɛ
snilt	snˀɪlt
snilt	ʂniːlt
snipp	ʂnɪpː
snitt	snˈɪt
snitt	ʂnɪt
snitte	ʂnɪtːə
snitte	ˈsnɪtə
snittet	ʂnɪtːə
snobb	ʃnɔb
snobbene	ʃnɔbːənə
snobbete	snobbite
snobbete	ʂnɔbːɛtə
snodgrass	ʂnɔdgɾɑs
snodige	ʃnɔdɪgə
snoker	ʂnɔkəɾ
snoket	ʂnɔkət
snoop	snuːp
snop	ʂnɔp
snoppen	ʂnɔpːən
snor	ʃnɔr
snora	ʃnɔːɾɑ
snoren	ʃnuːɾən
snorke	ˈsnɔɾkə
snorkel	ˈsnɔɾkəl
snorker	snˈoːrkɪ̞r
snorker	ʂnɔɾkɛɾ
snorket	snˈoːrkɪt
snorket	ʃnɔrkət
snotra	snˈɔtra
snowboard	ʃnoːbɔːɾ
snowden	ʃnoːdɛn
snu	snɛ
snu	snʉː
snu	ʂnʉː
snuble	snʉblə
snuble	ˈsnʉblə
snubler	ʂnʉblɐr
snublet	ʂnʉblɛt
snubletråd	ʂnʉblətrɔː
snudd	ʃnʉːd
snudde	snudːa
snudde	ʃnʉːd̥ə
snue	snʉːə
snuffy	ʃnʉfɪ
snufse	ˈsnʉfsə
snufser	ʂnʉfsɛɾ
snuppa	ʂnʉpːɑ
snur	snyːʁ
snur	ʃnʉːr
snurpe	snˀɵrpːə
snurr	ʂnʉɾː
snurre	ʃnʉːɾə
snurre	ˈsnʉɾə
snurrebassen	ʂnʉːɾəˈbɑsːən
snurrende	ʃnʉrːənə
snurrer	ʂnʉrːər
snurret	ʂnʉːɾɛt
snurten	ʂnʉːʈən
snus	snʉːs
snus	snˈus
snus	ʂnʉs
snuse	ʂnʉːsə
snuse	ˈsnʉːsə
snusen	ʃʉːsn̩
snuser	ʂnʉsɛr
snushane	ʃnʉʃɑnə
snusk	ʂnʉsk
snuskete	ʂnʉskətə
snuste	snuːste
snut	snˈʉt
snute	ʂnʉːtə
snuten	ʃnʉtn̩
snutene	ʂnʉːtənə
snutt	ʂnʉt
snydens	ʂnʏːəns
snylte	ˈsnʏltə
snylter	snɪltɪ̞r
snylter	ʂnʏltəɾ
snyltere	ˈsnʏɭtəɾə
snyt	snit
snyte	ʂnʏːtə
snyte	ˈsnyːtə
snytt	snɪt
snytt	ʃnʏt
snål	snoːl
snål	ʂnɔːl
snåle	ʂnɔːlə
snåling	ʂnɔːlɪŋ
snålt	ʂnɔlt
snåsa	snɔsa
snø	nˈœ
snø	sne
snø	snøː
snø	ʃnøː
snøball	ʂnøbɑːl
snøballer	ʂnøbɑlːər
snøbrett	ˈsnøːbɾɛt
snødd	ʂnøɖː
snødde	ʂnøːdə
snødekt	snˈøːdəkt
snøen	ʂnøːn
snøer	snøːr
snøfnugg	ʃnøːfnyg
snøhvit	ʂnøːˈʋɪt
snømannen	ʃnøːˈmanːən
snør	ʃnœɾ
snøre	snˈøːre
snøre	ˈsnøːɾə
snører	ʂnøːɾ
snøring	snˈøːrɪŋ
snørr	ʃnœɾː
snørrete	ʃnœ́rːətə
snørrete	ˈsnœɾətə
snørrungen	ʂnœɾuŋː
snørrunger	ʃnœɾʉŋːər
snøstorm	ʂnøːstɔɾm
snøstormen	ʂnøːstuɾmən
snøt	ʃnøːt
snøvidde	snˈøːvidːa
snøvle	ˈsnœʋlə
so	sɔ
soames	suːmɛs
sobel	ˈsɔːbəl
soc	sɔk
social	ˈsɔʃɑːl
societele	ˈsɔsjɛːtlə
society	ˈsɔʃiˌeːt
sodavann	ˈsɔːdɑːvɑn
sodd	sot
sodoma	sɔdʊmɑ
sodomi	ˈsɔ̀ːdʊmɪ
sofaen	soːfɑn
sofaen	sufan
sofaen	ˈsʊfɑn
sofaene	sufanɛ
sofaene	ˈsʊfɑnə
sofaer	soːfɑːr
sofaer	sufaɾ
sofi	sɔfɪ
sofia	soːfiɑː
sofia	sufia
sofie	sofˈi
sofie	soːfiː
sofist	sofiːst
sofistikerte	ˈsɔfɪstɪkəɾtə
softball	ʃɔfˈbɔl
softis	sɔftɪs
softitler	ʂɔftɪtlɛɾ
sofus	sɔfʉs
sogne	ˈsɔŋnə
sognet	soːgn̩t
sohrab	ʂɔˈʁɑːb
soidat	sɔɪdɑt
sokk	sɔk
sokkel	sokːəl
sokkelen	sɔkːələn
sokken	sɔkːən
sokkene	sokːana
sokkene	sɔkːənə
sokkene	ˈsɔknə
sokkene	ˈsɔkənə
sokker	sukki
sokker	sɔkːər
sokrates	ˈsɔkrətɛs
sol	suːl
sol	sɔl
solan	ˈsûːlɑn
solar	suːlɑr
solariet	sɔlɑriɛt
solarium	sʊˈlɑːɾɪʉm
solarium	ˈsʊːlɑːrɪʏm
solarz	suːlɑɾ
solasta	ˈsûːlɑstə
solberg	suːlvarg
solbeskyttelse	suːlbɛʂʏtɛlsə
solblender	soːlblˈɛnər
solbrent	sɔlbrɛnt
solbrenthet	suːlbɾɛntheːt
solbrillene	sɔlbrɪlːənə
solbriller	sɔlbrɪlːər
solbrun	sɔlbrʉn
solcelle	sɔlsɛlɛ
solcellepanel	soːlsɛlˀɛpanɛːl
solcellepaneler	solsɛləpanɛlər
soldag	ˈsuːldɑːg
soldat	sˈʊldat
soldat	ˈsɔldɑt
soldaten	sˈɔldatən
soldaten	ˈsɔldaːtən
soldatene	ˈsɔldaˌteːnə
soldatenes	ˈsɔldaːtənəs
soldater	ˈsɔldɑːtər
soldaters	ˈsɔldaːtərs
soldats	ˈsɔldaʈs
sole	ˈsuːlə
soledad	sɔlɛdaː
soleie	sulɛjə
soleklart	suːlɛklɑːɾt
solem	suləm
solenergi	ˈsuːləneːɾɪ
solens	suːlɛns
solflekk	suːlflˈɛk
solformørkelse	ˈsɔlːfɔɾmœɾkəlsə
solfrid	suːlfrɪiːd
solfylt	soːlfylt
solfylte	solfyltə
solgt	sɔlgt
solgte	soːlgtə
solguden	sulgʉːn
solhatt	suːlhɑt
solid	sulˈid
solidarisk	ˈsɔlɪdaːrɪsk
solidaritet	suːliːdɒːɾiːt̪e̞t̪
solide	sulida
solis	ˈsuliːs
solist	sʊˈlɪst
solkrem	sulkɾæm
sollid	sulˈɪd
solloway	ˈsɔləʋɑɪ
sollys	suːlˈɛs
sollyset	sɔlʏsɛt
solnedgang	suːlnɛgɑŋ
solnedgangen	sɔlnɛdgɑŋən
solnedganger	ˈsɔlnɛɖɑŋər
solo	suːluː
solo	tsɔlɔ
soloen	ˈsɔluːən
solomon	sɔlʊmɔn
solomons	ˈsɔluːms
soloppgang	sɔlɔpgɑŋ
soloppgangen	ˈsùːlɔpgɑŋən
solpanel	sulpanˈɛl
solrikt	suːlɾɪkt
solsiden	sɔlsiːdən
solsikkefrø	sulsikːəfrˈøː
solsikker	sulʃɪkːər
solskinn	sɔlʃɪn
solskinn	ˈsuːlʂɪn
solskinnet	ˈsɔlʃɪkn̩
solstikk	suːlstɪk
solstikk	suːlsɪtɪk
solstikk	sɔlstɪk
solstråle	suːlstrɔːlə
solstrålen	sɔlstrɔːlən
solsystem	ˈsûːlsʏstɛm
solsystemet	sɔlsiˈstemət
solveig	suːlvˈaj
solvejg	suːlvˈaj
solverv	suːlvæːrm
solvor	sulvˈɔr
som	sɔm
somalia	ˈsɔmɑlɪɑ
somalisk	sumalɪsk
somaliske	ˈsɔmɑlɪskə
somebody	ˈsɔməbɔdi
something	ˈsɔmθɪŋ
somle	sɔmlə
somle	ˈsʊmlə
somler	ˈsɔmləɾ
somlet	sɔmlɛt
sommer	sɔmːər
sommer	ˈsɔməɾ
sommerdag	sɔmːɛɖɑː
sommeren	sommern
sommeren	sɔmːəɳ
sommerens	ˈsɔməɳ
sommerferie	sommerfæːrje
sommerferie	ˈsɔməɾfeːɾɪə
sommerferie	ˈsɔmːərfɛːrɪ
sommerferien	sɔmːɛɾfɛɾɪən
sommerfugl	ˈsɔmːərfʉɭ
sommerfuglen	ˈsɔmːərfʉːglən
sommerfuglene	sɔmːərfʉːglə
sommerfugler	ˈsɔmːərfʉglɑr
sommerhus	ˈsɔmːərhʉs
sommerhuset	ˈsɔmːərˌhʉːsə
sommerjobb	ˈsɔmːərˌjɔb
sommerleir	sɔmːərlæɪ̯ɾ
sommerleiren	ˈsɔmːərˌlæɪ̯ːr̥n̩
sommernatt	ˈsɔməɳɑt
sommerne	sommerne
sommers	ˈsɔmːərs
sommerskole	ˈsɔməʂkuːlə
sommertid	sɔmˈɛrtiːd
sommertid	ˈsɔmːəɾɪt
sommervarme	ˈsɔməɾʋɑɾmə
somre	sɔmrɛ
somrene	ˈsɔmɾənə
son	soːn
son	sɔn
sona	sɔnɑ
sonar	ˈsûːnɑr
sonaren	sɔnɑːɾɛn
sonde	sɔ̀ːn̩d̥ə
sonde	sˈɔndə
sonden	sɔnːə
sonder	sɔnːɖɛɾ
sondering	sˈɔndeːrɪŋ
sondre	sɔndɾə
sone	suna
sonen	sʊnən
sonene	sʊˈneːnə
soner	sʊnər
sonett	sɔnɛt
song	sɔŋ
soningen	sʊnɪŋ
sonisk	sʊnɪsk
soniske	sʊnɪskə
sonja	sɔnjɑ
sonn	sɔn
sonne	sɔnːə
sonnen	sɔnːn
sonnys	ˈsɔnːʏs
sonora	sɔˈnʊɾɑ
sons	sɔns
sont	sɔnt
sonya	sɔnʏɑ
soo	sʉ
sookie	suːkiː
soong	sʊŋ
sope	supˈɛ
sopelimen	ˈsuːpəlɪmən
soper	suːpɪr
soperen	ˈsuːpəɾən
soph	soːf
sophia	soːfɪaː
sophie	ʂɔ̀ːfɪ
sophus	ˈsɔ̀ːfʏs
sopp	sɔp
soppen	sɔpːən
soppene	sɔpːənə
sopper	sapːɛr
sopper	ˈsɔpər
soppinfeksjon	sɔpɪnˈfɛkʃuːn
soppsuppe	sopːsupːə
sopran	suprɔm
soprano	ˈsɔpɾɔnʊ
sopranos	ˈsɔpɾɑːnɔs
soran	ˈsɔːɳ
sorbeene	sɔrbʲajænæ
sorbonne	sɔːrbɔnə
sorbé	sɔɾpe
sorbéene	sorpæ̝ːna
soren	ˈsɔːɳ
sorg	sɔɾg
sorgen	ʃɔɾgən
sorgene	soːɾçənə
sorgenfrigata	soˀˀrginfriːgata
sorgens	soːɾgəns
sorger	ʃɔgəɾ
sorgløs	soɾgløːs
sorry	sɔrʏ
sort	sut
sort	sɔɾt
sort	sɔʈ
sorte	ʃɔ̀ɾtə
sorten	sɔɾtən
sorter	ˈsɔ̀ʈər
sortere	ˈsɔ̀ʈəɾə
sortert	ˈsɔ̀ɳːɾt
sorti	sɔɾtɪ
sos	sɔs
sosa	sɔʂɑ
sosial	susiˈɑl
sosial	sʊsɪˈɑːl
sosialangst	sɔsialɑŋst
sosialarbeider	sʊ̞sʲihɑlɑːrbæjdæɾ
sosialarbeider	ˈsùːsɪɑːɭɑːɾbæɪ̯dər
sosialdemokratisk	sosjaldemokrˈatisk
sosiale	susiɑli
sosialen	sɔsiɑːlən
sosialisme	ˈsuːsjalɪsmə
sosialister	sɔsiɑlɪstɛr
sosialistisk	sʊsɪɑˈlɪstɪsk
sosialkontor	sosiɑːlkuntuːr
sosialomsorg	sʊsiaːlɔnsɔrg
sosialt	sɔsiɑlt
sosieteten	sɔsíːətən
sosiologi	ˈsɔʂɔlɔgi
sosiopat	ˈsɔsɪɔpɑt
sosiopater	ˈsøːsioːpɑːtər
soso	sɔsʉ
sosteren	sɔstɛrən
sot	sɔt
sote	soːtə
sour	suːɾ
soussjef	suʃːjɛf
southampton	ˈsɔːtəmtən
southfork	suːtfɔrk
sov	suː
sove	suːʋə
sove	ˈsoːʋə
sovemaskene	soːʋimaskina
sovemedisin	sɔʋəˈmɛːdɪsn̩
sovemiddel	ˈsûːvəˌmɪɖəl
sovende	ˈsûːvənə
sovepille	ˈsûːvəpɪlə
sovepillene	ˈsûːvəpɪlə
sovepiller	ˈsûːvəpɪləʂ
sovepose	ˈsœʋəˌpoːsə
soveposen	ˈsœʋəˌpoːsn̩
soveposene	sɔvɑpuɫsɯnɑ
sover	sovˈa
sover	sɔʋər
soverom	sɔʋæɾɔm
soverom	ˈsoːʋəɾʊm
soverommene	ˈsøːʋəɾʊmənə
soverommet	ˈsuːvəɾʊmət
sovet	soːvɛt
sovet	sˈoːvət
sovetablett	soːʋətɑblɛt
sovetablett	sɔʋətɑlɛt
sovetabletter	sɔʋətɑlɛtɛr
sovevogn	sɔvˈvɔŋ
soveværelset	ˈsoːvəˌʋæːɾləs
sovjet	sɔvɛt
sovjeterne	ˈsɔʋjɛtnəɾnə
sovjetisk	ˈsɔvɛtɪsk
sovjetiske	ˈsɔʋɛtɪskə
sovjets	ʂɔʋjɛts
sovjetunion	soːvjɛtyːnjɔn
sovjetunionen	sɔvɛtʉnɪʊn
sovn	soːʋn
sovne	soːvn̩
sovne	ˈsɔʋnə
sovner	sɔvnɛr
sovner	ʂɔvnɛr
sovnet	sɔvnɛt
soya	suːjɑ
soya	sɔjɑ
soyamelk	sɔʏɑmɛɭk
soyapasta	sɔjɑˈpɑstɑ
soyasaus	sɔjasɛrs
soyasaus	sɔjɑsɔs
soyuz	sɔʏʉs
sp	ʂ
spa	spɑː
spa	ʂpaː
spadde	ˈspɑdə
spade	spada
spade	ʂɑːdɛ
spaet	ʂpæːt
spagetti	spaˈgɛtɪ
spagettien	spagɛtɪən
spagettimannen	ˈspɑːgɛtɪˌmɑnːən
spak	spak
spak	spɑːk
spak	ʂɑːk
spaken	ʂɑːkən
spakene	ʂɑːkənə
spalding	ʂɑːldɪŋ
spalte	spalta
spalte	ʂɑːltə
spalte	ˈspɑltə
spalten	ʂɑːltn̩
spaltist	spaltˈɪst
spandabel	spɑnˈdɑːbəl
spander	ʂpɑndər
spandere	spandəɾə
spandere	spɑnˈdeːɾə
spandere	s̺pænd̪eɾa
spanderer	ˈspɑ̀ːndəɾər
spandert	spɑːnd̥ɛɾt
spanderte	spandɛːrtə
spanderte	ˈspɑ̀ːndəɾtə
spane	ˈspɑːnə
spaner	spanər
spania	ʂpɑːnɪə
spanias	ʂpɑːnɪɑːs
spanier	spɔmiɛr
spaniere	spanjer
spaning	ʂɑːnɪŋ
spanjol	ʂpɑːnjɔːl
spanjolene	spanjulnˀə
spanjolene	ʂɑːnjɔːˈleːnə
spanjoler	ʂpɑːnjɔːləɾ
spansk	spansk
spansk	spɑnsk
spansk	ʂɑ̀nːsk
spansken	spanskˌin
spansken	ʂpɑnʃkə
spanskesyken	spanˀsgəsɪkən
sparazza	ʂpɑˈɾɑsːə
spare	pˈora
spare	ˈspɑːɾə
sparebank	ʂɑːɾəbæŋk
sparegris	ʂɑːɾəgɾɪs
sparegrisen	ʂɑːɾəgɾiːsn̩
sparekonto	ʂɑːɾəˈkɔ̀ːntu
sparelampe	sparilɔmpɛ
sparepengene	ʂɑːɾəpɛŋənə
sparepenger	ʂɑːɾəpɛŋgər
sparke	ʂɑːɾkə
sparke	ˈspɑɾkə
sparken	ʂɑːɾkən
sparkende	spɑrkɛndə
sparker	spakˈir
sparkesykkel	sparkisɪkjɪl
sparket	ʂɑːrkə
sparks	ʂɑːɾks
sparre	ʂɑːɾə
sparrow	ʃpɑrː
sparsom	sparsam
sparsom	ˈspɑːʂɔm
sparsommelighet	spɑːˈʂɔmlɪheːt
sparta	ʂpɑːɾtɑː
spartacus	ʃɑːɾtɑːkʉs
spartaner	ʃpɑːtɑːnər
spartanerne	ʂɑːɾtɑːnəɳəɾ
spartansk	spɑˈʈɑːnsk
spartansk	ʂɑːɾtɑːnsk
sparte	spartˌe
spas	spɑːs
spasere	spasere
spaserer	spasera
spaserer	ˈspɑːsəɾəɾ
spaserte	spasˈɛtˈa
spasertur	spasˈɛtˈʉr
spasertur	ˈspɑːsəɾtʉɾ
spasmer	ʂpɑsmər
spatel	ˈspɑːtəl
spe	speː
spe	spi
speaker	ʂpeːkəɾ
special	spɛʃɛl
speckles	ʂpɛkl̥
spector	ʂpɛktʊr
spectre	ʂpɛktɾə
sped	speː
speedrun	ʂpiːɾʉːn
speide	svaidɛ
speide	ʂpæɪ̯ːd̥ə
speidel	ʂæɪ̯dəl
speider	ʂæɪ̯dər
speidere	ʂæɪ̯d̥ɛɾ
speidergutt	ʂæɪ̯dɛɾgʉtː
speiderne	spæjˈdeɾne
speiderne	ʂæɪ̯dɛɳə
speidet	ʂæɪ̯ːt
speil	spæjl
speil	spæɪl
speil	ʂæɪ̯ːl
speila	spajlˈa
speilbilde	ʂæɪ̯lbiːlə
speile	ʂæɪ̯lə
speilegg	spaɪlˈɛg
speilegg	ʂæɪ̯ɛlɛg
speilene	ʂæɪ̯ːləɳə
speiler	ʂæɪ̯lɛɾ
speilet	spai̯lˈa
speilet	ʂæɪ̯ˈlɛt
speilvende	ˈspæɪlʋɛnə
speirs	ʂæɪ̯ɾs
speking	spiːrkjˈŋ
spekke	ˈspɛkə
spekkhoggerne	ʂɛkːhɔgːɛɳə
spektakulær	spəktɑkʉˈlæːɾ
spektakulære	ʂpɛktɑkʉlæːɾə
spektakulært	ˈspɛːkɑkʉˌlæɾ
spekter	spˈɛktər
spekteret	ʂɛktəɾət
spekulasjon	ʂpɛkʉlɑʃuːn
spekulasjoner	ʂpɛkʉlɑsjuːɾ
spekulativ	ˈspɛkʉlɑtiːʋ
spekulerer	ʂpɛkʉˈlɛːɾ
spekulerte	ʂpɛkʉˈlæɾtə
spelt	spˈɛlt
spencer	ʂpɛnsər
spenn	zpˈɛn
spenne	spenˈdɜ
spenne	ʂɛnːə
spenne	ˈspɛnə
spenner	spˈɛnər
spenning	ˈspɛnɪŋ
spenningen	ʂpɛnɪŋən
spenninger	ʂpɛnɪŋər
spenningsfilm	spænɪŋsfɪlm
spensel	spensɛl
spenser	ʂpɛnsər
spenstig	ʂpæ̀nstɪ
spenstig	ˈspɛnstɪ
spenstige	ˈspɛnstɪə
spenstigst	ˈspɛnstɪkst
spent	spɛnt
spent	ʂpɛnt
spente	spˈɛnta
spermie	spɛrmjɛ
sperre	zpeɾɾa
sperre	ˈspæɾə
sperres	ʂpæɾːɛs
sperret	ʂpæɾːət
sperringene	ʂæɾɪŋnə
sperringer	ʂpæɾɪŋgər
spesial	ʂəˈʃiːɑːl
spesialagent	ʂəˈʃi̯ɑːlɑgənt
spesialbehandling	ʂəʃiɑːlbæɑ̀ndlɪŋ
spesialeffekter	ʂɛsi̯ɑːlɛfɛktɑɾ
spesialenheten	ʂəˈʃi̯ɑːlənˌhæ̀ːtn̩
spesialfelt	ʂɛsɪɑːlfɛlt
spesialgruppen	ʂəʃi̯ɑːlgɾʉːpn̩
spesialisere	spəsɪɑlɪˈseːɾə
spesialiserer	ʂəʂɪɑːlɪˈseːɾə
spesialisert	zpesjalisert
spesialisert	ʂɛsɪɑːlɪst
spesialist	spɛsɪɑˈlɪst
spesialist	ʂəʃiɑːlɪst
spesialisten	ʂɛsɪɑːlɪstən
spesialitet	spɛsɪɑlɪˈteːt
spesialitet	ʂəˈʂɑːlət
spesialiteten	ʂəˈʃi̯ɑːltn̩
spesiallaget	ʂɛsɪɑːlɑgət
spesialleveranse	ʂəʃiɑːlˈlævərɑ̀nsə
spesialoppdrag	ʂɛsɪɑːlɔpːdrɑg
spesialstyrken	ʂəʃiɑːlstʏɾkən
spesialstyrkene	ʂəʃi̯ɑːlstʏɾkənə
spesieit	ʂəˈʃæɪ̯ː
spesiell	spesjˈɛl
spesiell	spəsɪˈɛl
spesiell	ʂpɛˈsiːɫ
spesielle	ʂɛsɪɛɭə
spesiellt	ʂəˈʃiːɭ̥t
spesielt	spɛsɪˈɛlt
spesielt	ʂəˈʃiːlt
spesifikasjoner	ʂpɛsɪfɪkɕoːnər
spesifikk	spəsɪˈfɪk
spesifikk	ʂəˈsɪfɪk
spesifikt	ʂpɛsɪfɪkt
spesifisere	spəsɪfɪˈseːɾə
spetakkel	ʂpɛtɑkːəl
spetakkelet	ʂpɛtɑkɛlɛt
spidder	ʂɪdːər
spiddet	ʂɪd̥ː
spider-man	ʃpiːdɛɾman
spiderman	ʂpiːdɛɾman
spielberg	ʃpɪɛlbɛɾg
spiiier	ʂɪɪər
spike	ʂpiːk
spiken	ʂɪkən
spikke	ˈspɪkə
spikre	spiːkɾe
spikrer	ʂɪkɾər
spikret	spiːkət
spildra	fˈildra
spilett	ʂɪˈlɛt
spill	spiɫ
spill	spɪl
spille	ˈspɪlə
spilledåse	ʂɪɭːəɖɔsə
spilledåsen	ʂɪɭːəɖɔsən
spillejobben	ʂɪləˈjɔbən
spillejobber	ʂɪləˈjʊbər
spillene	spiˈlɪna
spillene	ʂɪlːə
spilleren	ʂɪləɾən
spillerne	spillarna
spillet	ʂɪlət
spilletid	spilːetˈiːd
spillum	spilːym
spilte	ʂɪltə
spinal	ʂɪnɑːl
spinat	spiːnat
spinat	spɪˈnɑːt
spinat	ʂpiˈnɑːt
spinaten	spiːnˈatən
spindelvev	spindɛlvær
spinella	ʂɪˈnɛɭːə
spinkel	spinklˈ
spinkel	ʂɪŋkəl
spinkel	ˈspɪŋkəl
spinndoktor	ʂɪnːdɔktʊʁ
spinne	spindɯp
spinne	ˈspɪnə
spion	spiːum
spion	ʂpiːɔn
spionasje	ʂpiːnɑʃjə
spionerer	spiːoneːrˈ
spionerer	ʂpiːnəɾɛɾ
spionert	spiɔneɾt
spionerte	ʂpiːnəɾtə
spir	ʂɪr
spiralarm	spiːraːlarm
spiralgalakse	spiːɾalgˈalaksɛ
spiralvisp	spiɾalvisp
spire	spiːre
spirituell	spɪɾɪtʉˈɛl
spirituell	ʂɪɾɪtʉɛlː
spirituelle	ʂɪˈɾɪtʉɛ̯ːlə
spirituelt	ʂɪɾɪˈtʉ̂ɛlt
spise	spiːs
spise	ʂɪ̂sə
spiseforstyrrelser	ʂɪ́ːsəfoːʂtʏɭːɽɛ̂ːɭ
spisekart	spiːsəkɑʈ
spisekastanjene	spiːsɪ̞kastanjɛnɑ
spiselig	ˈspiːsəlɪ
spisepinner	ʂɪsəˈpɪnːər
spiser	ʂɪsɛr
spiserør	spiːsəɾøːɾ
spiserøret	spiːsərøːrə
spiserøret	ʂɪsəɾøːɾ
spisesal	spiːsəsɑːl
spisesalen	ʂɪ́ːsəˌsɑːln̩
spisesett	spiːsɛsæt
spiseskje	spiːsɪʃˈɛ
spiseskjeer	spiːstˈɪʃˈɛɹ
spisestua	ʂɪsəʃtʉːə
spisetid	spiːsɪtɪd
spisetid	ʂɪsəˈtiː
spising	ʂɪsɪŋ
spiskammeret	ʂɪsˈkɑmːəɾət
spiss	spɪs
spisse	ʂɪsːə
spisse	ˈspɪsə
spisser	ʂɪsːər
spissil	spesˈil
spisskum	spiːskːum
spist	spist
spist	spɪst
spist	ʂɪst
spiste	ˈspɪstə
spjeldet	ʂɛɭdət
spjæling	ʂæɪ̯ːlɪŋ
spjære	ˈspjæːɾə
spleis	splæɪs
spleise	ʂplɛɪs
spleise	ˈsplæɪsə
spleiset	ʂplæɪ̯sɛt
splid	splˈiːd
splint	ʂplɪnt
splinten	ʂplɪntn̩
splitte	splˈɪta
splitte	ʂlɪtːə
splitte	ˈsplɪtə
splittelse	ʂplɪtəlsə
splitter	splˈɪtːər
splitter	ʂlɪtːər
spock	ʂɔk
spokane	ʂɔkɑːnə
spole	spulˈa
spolere	spʊˈleːɾə
spolorm	spulˈˀɾˈ
sponse	spɔnsə
sponse	ˈspɔnsə
sponser	spɔnsər
sponset	spɔnsɛt
sponsor	spɔnsɔr
sponsor	spˈɔnsɔr
sponsorene	spɔnˈsɔːɳə
sponsorer	spɔnˈsʊːrər
spontan	spɔtˈnɑn
spontan	spʊnˈtɑːn
spontanabort	spɔntɑnɑbɔʈ
spontane	spɔntɑːnə
spontanitet	spɔntaniːt
spontant	spɔntɑnt
spoon	spuːn
spor	spɔːr
spor	spʊx
sporadisk	sporadɪsk
spore	spura
sporene	spurʲena
sporer	spuːrˈˈɛ
sporeren	sporeren
spores	ʂuːɾəs
sporet	spuːrˈa
sporfinner	sporfinner
sporing	spˈoːrɪŋ
sporingsenheten	ˈspuːrɪŋsɛnətn̩
sporløst	spɔːɭøːst
sport	spukː
sport	spɔʈ
sport	ʃpɔɾt
sporte	ʃpɔ́ːtə
sporten	spɔɾtən
sportene	spurtnˈa
sportens	spɔɾtəns
sports	ʃpɔɾts
sportsbil	ʃpɔɾtsbɪl
sportslig	ʂpɔɾtsliː
sportsligere	ˈspɔʈʂɭɪɾə
sportsligst	ˈspɔʈʂɭɪkst
sportsutstyr	ʂpɔɾtsʉːʈʏɾ
sporty	ˈspoːʈɪ
spotlight	ʃpɔtlaɪt
spott	spotː
spotte	spotːa
spotte	ʃpɔtːə
spotte	ˈspɔtə
spottekråken	ʂɔtəkrɔkn̩
spotter	ʃpɔtːər
spottet	spˈɔtːət
sprade	ʂprɑːd̥
sprader	sprɑːdər
spraglete	ˈspɾɑglətə
sprak	ʂprɑk
sprake	spraːkə
sprake	spɾɑːkə
sprakk	ʂprɑk
sprang	sprɑŋ
spranget	spræŋːət
spratt	sprɑt
spray	spraj
spraye	ˈspɾɑjə
spre	spɾeː
spre	spɾˈa
spredd	ʂprɛd
spredde	ʂprɛdːə
spredning	ʂpɾɛ̀ːnɪŋ
spredningen	ʂprɛdnɪŋ
spredt	spɾɛt
spredt	spɾˈɛt
spredt	ʂprɛt
spredte	sprˈɛtːə
sprek	spɾeːk
spreke	ʂpɛːkə
sprekk	sprˈɛk
sprekk	spɾɛk
sprekk	ʂpɛk
sprekke	sprˈɛkːə
sprekke	ʂpɾɛkːə
sprekke	ˈspɾɛkə
sprekken	ʂpɾɛkən
sprekker	ʂpɾɛkɐ
sprelle	ˈspɾɛlə
sprelsk	spɾɛlsk
spreng	sprɛŋ
spreng	sprˈɛŋ
sprenge	sprɛŋgə
sprenge	ˈspɾɛŋə
sprenger	sprɛŋər
sprenges	sprɛŋs
sprengladning	sprɛlɑglɑɳɪŋ
sprengning	sprɛŋɲ
sprengningen	sprɛŋgɪŋ
sprengstoff	sprɛŋstɔf
sprengstoffet	sprɛŋstɔfət
sprengt	sprɛŋt
sprengt	sprˈɛŋt
sprengte	sprɛŋtə
sprengte	spɾˈɛŋtɐ
sprengtes	sprɛŋts
spres	ʂprɛs
sprett	ʂprɛt
sprette	sprˈɛtːə
sprette	ˈspɾɛtə
spretten	ˈspɾɛtən
sprettet	ʂpʁɛtː
sprike	ˈspɾiːkə
spring	sprɪŋ
springbrett	ʂpɪŋbrɛt
springe	ˈspɾɪŋə
springen	sprɪŋən
springende	sprɪŋənə
springer	sprɪŋər
springer	sprˈɪŋar
springfield	ʂprɪŋfɛld
springmarsj	sprɪŋmɑɾʃ
springs	ʂprɪŋs
springsteen	ʂprɪŋˈʃtɛn
springvann	spˈrɪŋvɑn
sprint	ʃprɪnt
sprinte	ˈspɾɪntə
sprinter	sprɪntər
sprit	spɾit
spritbutikk	sprɪtbʉːtɪk
sprite	sɹˈaɪt
spriten	ʂpɾiːtn̩
sprudle	ˈspɾʉdlə
sprudlende	sprʉːdlɛn̩d̥ə
sprukket	ʂrʉkːə
sprukne	spr̥ʉknə
sprunget	sprʉŋgət
sprut	sprʉt
sprute	spr̥ʉ̂tə
sprute	ˈspɾʉːtə
spruter	spr̥ʉtər
sprutet	sprʉt
språk	sprɑːk
språk	spɾoːk
språkbruk	ʂprɔːkbrʉːk
språkbruken	sprɑːkbrʉːkən
språkene	sprɑːkənə
språket	sprɑːkət
språklig	ˈspɾoːklɪ
språklige	ˈspɾoːklɪə
språkligere	ˈspɾoːklɪɾə
språkligst	ˈspɾoːklɪkst
sprø	sprø
sprø	spɾøː
sprøe	sprøː
sprøere	sprøːrɛ
sprøeste	sprøːst
sprøstekt	sprøːstɛk
sprøstekt	sprøːstɛkt
sprøtt	sprøːt
sprøyt	sprøjt
sprøyta	sprøjta
sprøyte	sprøjte
sprøyte	ˈspɾœjtə
sprøytefly	sprɔjtɛfly
sprøyten	sprøːtən
sprøytene	sprøjtnə
sprøyter	sprøj̊tər
sprøytet	sprøjət
sprøytåker	sprɔɪtɑkɐ
spunk	ʂpʉŋk
spurt	ʃpʉʈ
spurte	ˈspʉʈə
spurv	ʂʉːɾʋ
spurven	ʂʉːɾʋɛn
sputnik	ʃpʉtnɪk
spy	spiːp
spy	spyː
spy	spˈi
spyd	spyːd
spydd	ʂpɪt
spydde	spidˈˈ
spydet	spiːda
spydig	ʂʏːdɪ
spydige	ˈspyːdɪə
spydigere	ˈspyːdɪɾə
spylte	ʂʏɭtə
spyr	spiːɾ
spyros	ʂyːɾɔs
spytt	spit
spytt	ʂpʏtː
spytte	smɪtːɛ
spytte	ˈspʏtə
spyttet	ʂpʏtː
spå	spoː
spå	spu
spå	spɔː
spådde	spadːɛ
spådom	ʂoːdɔm
spådommer	ʂoːdɔmər
spåkone	spokona
spøk	spøːk
spøke	ʂœkə
spøke	ˈspøːkə
spøkefugl	ʂœkəfygl
spøkefull	spøːkəfʉl
spøkefull	spøːkɛfʉl
spøkelsene	ʂøːkəlsənə
spøkelser	spøːkjlsər
spøkelsesby	spøkɛlsɛsby
spøkelseshistorie	ʂøːkɛlˈʂɛstɔɾiː
spøkelseshus	spøkɛlʃɛs
spøken	spˈøːkən
spøken	ʂœkən
spøkene	spˈøːkənə
spøker	spøkɛr
spøkte	ʂœktə
spør	ʃpøːr
spøre	spara
spørre	spœrˈɾa
spørre	ˈspœɾə
spørreskjema	ʂœɾːəʃçɛmɑ
spørreskjemaet	ʂœ́rːʃçɛːmɑːt
spørsmal	ʂœʁsmɑːl
spørsmalet	ʂœʁsmɑlət
spørsml	ʂœʁsmɭ
spørsmål	ˈspœʂmoːl
spørsmålet	ʂœʂmɔːl
spørsmålstegn	ʂœʂmɔlstæɪŋ
squad	skwɑːt
square	ʃkʉːɾə
squares	ʃʋæɾ
squaw	ʃʰʋɑː
squeak	ʃɛɛk
sri	ʃɾiː
ssm	ʃɪm
sta	sta
sta	stɑː
stab	stɒb
stabbe	ˈstɑbə
stabbur	stabur
stabeis	ʂtɑːbɛɪs
stabel	stˈabəl
stabel	ʃtaːbəl
stabelen	ˈstɑːblən
stabil	stɑˈbiːl
stabile	staːbɪlə
stabiliser	ˈstɑːbɪlɪsɛr
stabilisere	ˈstɑːbɪlɪsəɾə
stabiliserer	ˈstɑːbɪlɪsəɾəɾ
stabiliseres	ˈstɑːbɪlɪsəɾəs
stabilisert	ˈstɑːbɪlɪsɛɾt
stabiliteten	ˈstɑːbɪlɪtən
stabilt	staːbɪlt
stable	staːblə
stable	ˈstɑːblə
stabler	staːblər
stablet	staːblɛt
stabssjef	stɑpsjɛf
stabssjefen	stɑpsːjɛfən
stacey	ʃtæɪsi
stacie	ʃtɑːtʃiː
stackhouse	ʃtɑːkhuːs
stacks	staːkʂ
stacy	staːʃ
stad	stɑːd
stadiene	ʃtɑːdiːnə
stadiet	ʂɑːdɪət
stadig	staːdɪ
stadig	ˈstɑːdɪ
stadige	ʂɑːdɪgə
stadige	ˈstɑːdɪə
stadigere	ˈstɑːdɪɾə
stadighet	ʂɑːdɪgʉt
stadigst	ˈstɑːdɪkst
stadion	stadioːn
stadion	staˈdi̯oːn
stadionet	staˈdi̯oːnət
stadium	ʃtɑːdɪʊm
stafford	ʃtɑfɔɾ
stagg	stag
stagge	stagːə
stagge	ˈstɑgə
stahl	ʃtaːɭ
stainer	staɪnər
stakan	ˈstɑːkɑn
stake	staːk
staken	ʂɑːkən
staker	ʂtakɛr
staket	staːkɛt
stakk	ʂɑkː
stakkar	stakar
stakkar	ʂɑkːɑr
stakkaren	stakaɾən
stakkarene	stakːaɾeːnə
stakkarer	stɔkkaːrɯr
stakkarer	ʂɑkːɑɾɛɾ
stakkars	stakɑɾs
stakkars	stakˈaʃ
stakkars	ˈstɑkɑʂ
stakkarslig	stakɑɭsliː
stakkarslig	ˈstɑkɑʂɭɪ
stakkarslige	stakɑɾsliːgə
stakkarslige	ˈstɑkɑʂɭɪə
stakkarsligere	ˈstɑkɑʂɭɪɾə
stakkarsligst	ˈstɑkɑʂɭɪkst
stalin	staːlɪn
stalins	staːlɪns
stalker	staːkər
stall	stɑɭː
stall	stɔl
stallen	stawˈan
stallen	staɭːn
stallene	staːlənə
staller	stɑɫːɪ̞ɾ
stallgutt	staɭgʉtː
stallgutten	stɑlːgʉtːən
stallion	staːlɪɔn
stallone	staːɭːuːnə
stamceller	staːmˈʃɛlːər
stamfar	staːmfɑːr
stamgjest	stɔmmjɛst
stamgjest	ʃtɑmjɛst
stamkunde	ʃtɑmˈkʉnːə
stamkunder	staːmkʉnːər
stamm	ʃtɑm
stamme	ʃtɑmːə
stamme	ˈstɑmə
stammen	stamːən
stammene	stammɛnˀa
stammene	ʃtɑmːənə
stammens	stɑmːəns
stammer	stamˀmər
stammer	ʃtɑmːər
stammet	ʃtɑmːət
stamp	ʃtɑmp
stampe	ʃtɑmpə
stampe	ˈstɑmpə
stamper	ʃtɑmpər
stampler	ʃtɑmpləɾ
stamtavle	ztaːmtaːvlɛ
stamtavle	ʃtɑmˈtɑʋlə
stamvei	ˈstɑmʋæɪ
stan	staːn
stand	ʃtɑnː
stand-up	ʃtɑnːdʉp
standard	stɑnˈdæɾ
standard	ˈstɑnɑɾ
standen	ˈstɑːnə
standhaftig	stɑnˈhɑftɪ
standhaftig	ʃtɑːnˈhɑftɪ
standhaftigere	stɑnˈhɑftɪɾə
standhaftigst	stɑnˈhɑftɪkst
standhaftigste	stɑnˈhɑftɪkstə
standpunkt	ʃtɑnːdpʉkt
stanfield	ʃtɑːnfiːɭ
stang	stˈɑŋ
stanga	stɑŋgɑ
stangard	staŋgɑɾ
stange	stɔngɛ
stange	ˈstɑŋə
stangen	staŋn̩
stanger	ʃtɑŋːər
stanget	staŋːət
stangselleri	stɔŋsælɛrɪ
stank	stˈank
stank	ʃtɑŋk
stanken	ʃtɑŋkən
stanley	ʃtɑːnliː
stannis	ʃtɑnɪs
stans	ʂɑns
stanse	tˈɔnsa
stanse	ʂɑːn̥sə
stanse	ˈstɑnsə
stanser	staːnsər
stanser	stˈansər
stanses	ʃɑnsɛs
stanton	ʃtonː
stanwyk	ʃtɑːnʋɪk
stanzler	staːnsɭɛr
staples	ʂtɑːbl̥əs
stappe	ˈstɑpə
stapper	stapːɛ
stappet	ʃtapːət
stappfull	ʃtapːfʉl
stappfullt	ʂɑpːfʉlt
stappmett	ʂɑpːmɛtː
star	ʃtɑːr
starbase	ʃtɑːɾbɑːs
starbuck	ʃtɑɾbʉk
starbucks	ʃtɑːɾbʉks
starck	ʃtɑɾk
starfleet	ʃtɑːɾflɛɪ̯t
stargate	staːɾgɑːt
stargaten	staːɾgɑːtn̩
starkene	staɾkənə
starkey	ʃtɑːɾkɛɪ
starks	ʃtɑːɾks
starkwood	ʃtɑːɾkʋuː
starling	ʃtaːɭɪŋ
starr	ʃtɑrː
start	stˈaɾt
starte	stˈartə
starte	ˈstɑːʈə
starten	ʃtɑɾtən
startes	staɾtəs
startet	ʂtɑːɾtɛt
startkabel	ˈstɑʈkɑːbəl
startkabler	ʂtɑːɾtˈkɑːblər
startkapital	ʂtɑɾkɑpɪtɑl
startmotor	ˈstɑʈmuːtʊɾ
startstreken	stɑːɾtstrɛkn̩
stas	staz
stase	staːsə
staselig	staːsəlɪ
staselig	ˈstɑːsəlɪ
staselige	ˈstɑːsəlɪə
staseligere	ˈstɑːsəlɪɾə
staseligste	ˈstɑːsəlɪkstə
stasen	ˈstɑːsən
stasi	staːʂɪ
stasjon	stɑˈʂʊn
stasjonene	ˈstɑːʃʊnə
stasjonens	ˈstɑːʃʊən̩s
stasjoner	ˈstɑːʃʊnər
stasjonert	ˈstɑːsjʊnəɾt
stasjonssjef	ˈstɑːʂɔnˌʂeːf
stasjonssjefen	ˈstɑːʃʊnsjɛfən
stasjonsvogn	ʂɑːsjɔnsvɔŋ
stasjonær	stɑʂʊˈnæːɾ
staska	ʃtɑskɑ
stat	stɑt
stat	stɑːt
staten	stˈɑːtən
statene	ʃtɑːtənə
statens	ʃtɑːtəns
stater	stˈatər
staters	ʂɑːtɛʂ
station	ˈstɑːʃʊn
statisk	stˈɑtisk
statisk	ʃtɑtɪsk
statisk	ˈstɑːtɪsk
statist	ʃtɑtɪst
statister	ʃtɑːtɪstɛr
statistikk	ʃtɑtɪˈstɪk
statistikken	ˈstɑːtɪkɪkən
statistisk	stɑˈtɪstɪsk
stativ	statɪv
stativ	ʃtɑːtɪf
stativben	stativbˈɛn
stativer	stativa
stativet	ˈstɑːtɪvət
statlig	ˈstɑːtlɪ
statlige	stɑːtlɪgə
statlige	ˈstɑːtlɪə
statligere	ˈstɑːtlɪɾə
statligste	ˈstɑːtlɪkstə
statoil	stɑːtojn
statsadvokaten	stˈɑːtsadfɔkɑːtən
statsadvokaten	ʃtɑtsɑdʋuˈkeːn
statsadvokater	stˈaːtsadvokatəɾ
statsansatt	ʃtɑtsɑnˈsɑt
statsansatte	ʃtɑtsɑnsɑtə
statsbaner	statsbɑnɛr
statsborger	stətˢspurdir
statsborger	ʃtɑtsbɔɾgər
statsborgere	ʃtɑtsbɔɾgəɾə
statsborgerskap	ʃtɑtsbɔrgɛʂkɑp
statsfengsel	ʃtɑtsfɛŋsəl
statshemmeligheter	ʃtɑtshɛməlɪgɛɾ
statskassen	ʃtɑtskɑsːn̩
statskupp	ʃtɑtskʉpː
statsmann	ʃtɑtsmɑn
statsminister	stɑvtsʲmɪnɪstɛr
statsminister	ʃtɑtsmɪnɪstɛr
statsminister	ˈstɑːtsmɪnɪstəɾ
statsministeren	ʃtɑtsmɪnɪstɛɾən
statsministerens	ʃtɑtsmɪnɪstɛɳ
statsministeriet	ʃtɑtsmɪnɪstɛɾɪɛt
statspolitiet	ʂtɑːtspɔlɪtɪt
stattholder	ʂɑtːhɔldər
stattholderen	ʂɑtːhɔlːɛɾən
statue	ʃtɑːtʉː
statue	ˈstɑːtʉə
statuene	ˈstɑːtʉːnə
statuer	ˈstɑːtʉːr
statuere	stɑtʉˈeːɾə
statuere	ˈstɑtʉɛːɾə
statuetten	ˈstɑːtʉtən
status	ˈstɑtʉs
statusen	ˈstɑtʉsən
statusrapport	ˈstɑtʉsʁɑpɔʈ
stauffenberg	ʃtɔfənbær
staut	stæʉt
stav	stav
stav	staːv
stavanger	stafoːngɛr
stavanger	stavɑŋeɾ
stavanger	staːvɑŋər
stave	stavɛ
stave	staːvə
stave	ˈstɑːʋə
stavelse	staːʋəlsə
stavelse	stˈafelsə
stavelser	staːʋɛlsər
staven	ʃtaːvən
stavene	staːʋənə
staver	ʃtɑːvər
stavern	stɒvæɾn
staves	ʂtɑːʋɛs
stavet	staːʋət
staving	stˈavɪŋ
staving	ʃtɑːvɪŋ
stavingen	ˈstɑːvɪŋən
stavkirke	stɑʋçɪɾkə
stavros	staːvrɔs
steadman	ʃteːdamn
stearinlys	stɛɑˈɾiːnlyːs
stearinlys	ʃteːɾɪnˈʎʏs
stebror	ʂtæ̀brɔr
stebrødre	stˈɛbrødra
sted	
sted	steːd
sted	stˈɛd
sted	ʂteː
stedatter	ʂteːdɑtər
stedatteren	ʂteːdaːtəɾən
stede	ʃteːd̥ə
steden	ʃteːdən
stedene	ʂteːd̥ənə
steder	steːdəɾ
steder	ʃteːdər
stedet	ʂteːdət
stedfortreder	ʂeːtfɔɾːɾeːɖəɾ
steel	ʃtiːl
steele	ʃteːlə
steen	ʂteːn
stef	ʂɛf
stefan	ʃtɛfɑn
stefanie	stɛfani
stefano	ʂtɛfɑnʊ
stefaren	ʂtæfɑːɾɛn
steforeldrene	stəfɑːrældrɛnˀɛ
steg	stˈɛg
stegene	steːgnə
steget	stˈeːgə
steik	stˈaɪk
steike	ʂtæɪkə
steikeovnene	stajkɛɔvnɛnɛ
steiker	ʂtæɪkər
steil	stæɪl
steile	ʂɛɪ̯lə
steile	ˈstæɪlə
stein	stæɪn
stein	ʂæɪ̯n
steinalderen	ʂæɪ̯nɑːldɛɾən
steinar	stajnɑr
steinar	ʂæɪ̯ˈnɑːr
steinbrudd	ʃtaɪnbrʉt
steinbruddet	ʃtaɪnbrʉtː
steinbukk	ʃtaɪnˈbʉk
steindød	ʂæɪ̯nːdøɖ
steine	stajnɛ
steine	ʂtæɪnə
steinen	stajmən
steinen	ʃtæɪnən
steinene	ʃtaɪnə
steiner	ʃtaɪnər
steinet	ʃtaɪnət
steinete	stæɪnətə
steinete	ʃtaɪnə
steingrim	stajngrimm
steinhard	ʃtaɪnˈhɑːɾ
steinkast	ʂæɪ̯ŋkɑst
steinmetz	ʃtaɪnˈmɛts
steinrik	ʂæɪ̯nˈriːk
steins	ʂæɪns
stek	tɛk
steke	stˈeːk
stekefett	stəkəfˈət
steken	ʃteːkən
stekende	ʂteːkən̩d̥ə
stekene	stɛkina
steker	ʃteːkər
stekes	ʂteːkəs
steketermometer	stʲeːkʲitʲɛrmomʲɛtʲɪr
stekt	steːkt
stekt	stˈɪks
stekt	ʃɛkt
stekte	ʂɛktə
stell	stˈɛl
stell	ʃtɛɭː
stella	stˈɛlla
stella	ʃɛlːɑ
stelle	stˈɛlɛ
stelle	ˈstɛlə
stellebord	stɛləbuːɾ
steller	ʃtɛlːɛr
stelt	stˈɛlt
stem	ʂɛm
stemme	ˈstɛmə
stemmebåndene	ʂɛmːəˈbɔ́ːnə
stemmen	stˈɛmən
stemmen	ʂɛmən
stemmene	stˈɛmmˈ
stemmene	ʂɛmːənə
stemmer	stˈɛmər
stemmer	ʂɛmːər
stemmerett	stˈɛmərət
stemmerett	ʃtɛməˈrɛt
stemmeretten	ʂɛməˈɾɛtːn̩
stemmes	ʃtemːəs
stemmeseddel	stˈɛmməsˈadl
stemning	ˈstɛmnɪŋ
stemningen	ʂtæmˈnɛŋə
stemor	ʃtæˈmʊɾ
stempel	ʃtemːəl
stempel	ˈstɛmpəl
stempelet	ʂtɛmːpəlɛt
stemple	ʃtempəl
stemple	ˈstɛmplə
stempler	ʃtempˈləɾ
stemplet	ʃtempələt
stemplet	ˈstɛmpələ
stemt	stˈɛmt
stemt	ʂɛmt
stemte	ʂɛmtə
stenberg	ʂtɛnbæɾ
stenen	ʃteːn
stenene	ʃtɛːnə
stener	ʃteːnər
stenge	dˈɛnjə
stenge	ˈstɛŋə
stengel	stˈɛŋɪl
stenger	stˈɛŋɛr
stenger	ʃɛŋər
stenging	ʃtæŋɪŋ
stengt	stɛŋt
stengt	stˈɪŋt
stenografere	stɛnʊgɾɑˈfeːɾə
stepan	ʂtæpɑn
steph	ʂtep
stephan	ʃtɛˈhɑːn
stephanie	ʂtɛpʰaɲi
stephen	ʃtæɪ̯pən
stephens	ʂteːpəns
stephenson	ʂtɛpˈhɛnsɔn
steppe	ʃɛpːə
steppe	ˈstɛpə
stepper	ʃtɛpːər
steppet	ʂɛpːət
stereoanlegg	ˈstæɾøːɑnleg
stereoanlegget	ˈstɛːɾøːɑːnləgət
stereoen	ˈstæɾiːəɛn
stereotyper	ˈstæːɾoːtʏpər
steril	stəˈɾiːl
sterile	ʃtæɾɪlə
sterilisert	ˈstɛːrɪlɪsɛɾt
sterk	stæɾk
sterk	stˈɛk
sterke	stˈaɾkə
sterkere	starkɪ̞ræ
sterkest	stɛrkest
sterkeste	ʃɛɾkɛst
sterkt	stæɾkt
sterkt	stæʈ
sterkt	stˈaɾkt
stern	ʃtæɳ
steroider	ˈstæɾoɪdər
stesønnen	ʂɛsønən
stesøsken	st̪esøzkɪn
stesøster	ʂɛsøstɛr
stetoskop	ʃtɛtʊskɔp
stetoskopet	ˈstɛtʊskɔpət
stetson	stˈɛtən
steve	ʃteːʋə
steve-o	ʂteːvə
steven	ʃteːʋən
stevens	ʃtæʋn̩s
stevenson	ʃtɛvn̩sɔn
steves	ʂteːʋəs
stevie	ʃtɛɪʋɪ
stevne	stavnɛ
stevne	ˈstɛʋnə
stevnemøter	ʂtæɪ̯nˈmøːtər
stevnemøtet	ʃtævn̥møːt
stevner	ʂɛʋnɛɾ
stevningen	ʂɛvnɪŋən
stevninger	ʂɛʋnɪŋər
steward	ʃtæʉɑːɾ
stewart	ʃtæʋɑːɾt
stewie	ʃtøʋɪ
sti	sti
sti	stiː
stien	stiːjn
stiene	ʂtiːnə
stier	ˈstiːjəɾ
stifte	stift
stifte	ˈstɪftə
stiftelse	stˈɪftəlsa
stiftelse	ʂɪftɛlsə
stiftelsen	ʂɪftɛlsən
stifter	stˈɪftər
stifterne	ʃtɪftəɳə
stig	stɪg
stig	stˈig
stige	stiːgə
stige	ˈstiːgə
stigen	stɪgən
stigende	stiːgən̩d̥ə
stigene	stiːgənə
stigene	stˈiːgna
stiger	stiːgə
stiger	stiːgər
stigge	ʂɪgːə
stigmatisere	stɪgmɑtɪˈseːɾə
stigmatiserende	lˈʉgmatisˈɛrnˈɛ
stigning	stiːgnɪŋ
stikk	stikː
stikka	ʂɪkɑ
stikke	ˈstɪkə
stikken	ʂɪkːən
stikkene	ʂɪkːə
stikkontakt	ˈstɪkʊntɑkt
stikkord	stˈɪkːuɾ
stikkordet	ʂɪkːɔɾːɛt
stikkpille	ˈstɪkpɪlə
stikksår	ʂɪkːsɔːr
stil	stiːl
stil	stˈiːl
stilene	stˈiːlna
stilinski	ʂɪlɪnʂɪ
stilk	stɪɭk
still	stˈɛl
stillaset	ʃtɪlɑsɛt
stille	stˈɪlˈa
stille	ˈstɪlə
stilleben	ˈstɪleːbən
stillehavet	ʂɪləˈhɑːvət
stiller	stˈɪlər
stiller	ʃtɪlːər
stilles	ʃtɪlə
stillferdig	stɪlˈfæɖɪ
stillferdige	stɪlˈfæɖɪə
stillferdigere	stɪlˈfæɖɪɾə
stillferdigst	stɪlˈfæɖɪkst
stillferdigste	stɪlˈfæɖɪkstə
stillhet	ʃɪlːhɛt
stilling	stˈɪlːɪŋ
stillingen	stˈiːlˈɪŋən
stillinger	stˈɪlːiŋər
stills	ʃtɪls
stillwater	ʃɪlˈvɑːtər
stilne	ˈstɪlnə
stilnet	ʂɪlˈnɛt
stilton	ʂɪltɔn
stim	stɪm
stime	ˈstiːmə
stimulere	stimulera
stimulere	stɪmʉˈleːɾə
stimulerende	stɪmʉlɛɾɛndə
stimulerer	ˈstɪmʉːləɾɛɾ
stimulering	stɪmʉˈlæɪŋ
stina	stjˈna
stine	stɪna
sting	stˈɛn
stinger	ʃtɪŋər
stinke	ʂɪŋkə
stinke	ˈstɪŋkə
stinkende	ʃtɪŋkənɛ
stinker	ʂtɪŋkər
stinket	ʃtɪŋkət
stinkum	ʂɪŋkʉm
stinky	ʂɪŋkɪ
stinn	stɪn
stinson	ʃtɪnsɔn
stipendene	stipˈɛndna
stipender	stipˈɛndər
stipendet	stipˈɛnda
stipendet	ʂtiːpɛnːɛt
stirr	ʃtɪr
stirre	stɪrːɛ
stirre	ʃɪrːə
stirre	ˈstɪɾə
stirrer	ʃtɪrːɐ
stirret	stˈiːrət
stiv	stiːʋ
stiv	stˈev
stiv	ʂɪv
stive	ˈstiːʋə
stivelse	ʂɪˈʋɛlsə
stivere	ˈstiːʋəɾə
stivest	ˈstiːʋəst
stivkrampe	ʃɪvˈkrɑmpə
stivne	ˈstɪʋnə
stivner	ʃɪvn̩ɾ
stivt	stiːft
stjai	ʃtai
stjalet	ʃɑːlɛt
stjeie	ʃɛɪ̯
stjele	ʃteːlə
stjele	ˈstjeːlə
stjeler	ʃceːlɛɾ
stjerne	ʃtɛːɳə
stjernebase	ʃtɛɳəˈbɑːsə
stjernedato	ʃtjeːɳəˈdɑːtʊ
stjerneflåte	ʂtʏːɳəflɔːtə
stjerneflåten	ʃtʏːɳəflɔːtən
stjernen	ʃtjeːɳəɳ
stjernene	ʃɛ̂ːɳənə
stjernenes	ʃɛ̂ːrnənɛs
stjerneporten	ʃtɛːɳəpɔɾtən
stjernestøv	ʃtjeːɳəʃtœʋ
stjernetegn	ʃɛ̂ːɳətekn
stjernetåka	ʃɛ̂ːɳəˌtoːkɑ
stjernetåken	ʃɛ̀ɳəˈtɔːkən
stjåiet	ʃtjøɪt
stjålen	ʃtjoːlən
stjålne	ʃoːlnə
sto	stˈu
stockburn	ʃɔkːbʉːn
stockholm	ʃɔkːɔlm
stoff	stɔf
stoffer	ʂɔfːər
stoffet	ʂɔfːət
stoffmisbruk	ʂɔfːmɪsbruːk
stoffmisbruker	ʂɔfːmɪsbruːkər
stoffri	ʂɔfʁɪ
stoffskifte	ʂɔfːʂɪftə
stokes	ʂɔks
stokk	ʃɔk
stokka	stˈokːa
stokke	stˈokːa
stokke	ˈstɔkə
stokkene	ʃɔkːənə
stokker	ʂɔkːər
stol	stuːl
stol	ʃtɔl
stole	stoːlə
stole	stul
stolen	ʃtɔlən
stoler	stoːləɾ
stoles	ʃtulɛs
stolheis	stuːlhæɪs
stolpe	stolpɛ
stolpe	ʂtɔlpə
stolpe	ˈstɔlpə
stolpen	ʃtɔlpən
stolpene	ʃtɔlpənə
stolryggen	ʃtɔlrygən
stolt	stolt
stolt	stɔlt
stolt	ʃɔlt
stoltheten	ʃtɔltəɪtn̩
stone	ʃtɔnː
stoneheart	ʃtʊːnˈhɑːɾt
stonehill	ʃtʊnːhɪl
stoner	ʃtɔnɛɾ
stop	ʃtɔp
stopp	stɔp
stoppa	ʃtɔpːɑ
stoppe	ˈstɔpə
stopper	stˈɔpːɪr
stopper	ʃtɔpːər
stoppested	stɔpəsteːd
stoppet	ʃtɔpət
storarta	ˈstuːɾɑːʈɑ
storartede	stoːɾɑɾˈteːdə
storbritannia	ʃtɔɾbɾiˈtɑnɪɑ
storbyen	stɔːɾbyːn
storbyreise	sturbiraːjsɐ
stord	stɔrit
stordal	studˈar
store	stʊr
storebror	ʃtɔːɾəbrɔr
storebroren	ʃtɔːɾbɾʊːɾən
storegutt	ʃtɔːɾɛgʉtː
storesøster	ʃtɔːɾəˈsœʃtər
storesøsteren	ʃtɔːɾɛsøːstɛɾən
storfe	sturfˈe
storform	ʃtɔɾfɔɾm
storhav	sturhav
storhet	ʃɔːɾhɛt
storjury	ʃtɔɾjʉːɾʏ
storjuryen	ʃtɔɾˈjʉːɾən
stork	stˈɔrk
storkar	ʃtɔrkɑr
storkaren	ʃtɔɾkɑːɾɛn
storkarer	ʃtɔrˈkɑːɾə
storken	ʃtɔrkən
storkene	stˈɔrkina
storkhanen	ʃtɔɾkˈhɑːnə
storkontroll	sturkɔntrɔɫ
storm	storɨm
storm	stɔɾm
storm	ʃtɔɾm
stormare	ʃtɔɾmɑːɾə
storme	ʃɔːrmə
storme	ˈstɔɾmə
stormen	ʃtɔːmn̩
stormende	ʃtɔɾmənə
stormene	ʃtɔːmnə
stormer	ʃtɔrmər
stormesteren	ʃtɔːməsteːɾən
stormet	ʃtɔ̀ːmə
stormtroppene	ʃtɔɾmtrɔpə
storseilet	ʃɔːɾˈʃæɪ̯ːlət
storsinn	ʃɔːɾsɪnː
storsinnet	ʃɔːɾsɪnː
storslagen	ʃɔːɾslagn̩
storslagent	ʃtɔːɾslaːgənt
storslåtte	ʃtɔɾsɭɔtːə
storste	ʃɔːrʃtə
stortinget	ʃtɔɾtɪŋɛt
storyen	ˈstɔːʏən
stotre	ˈstɔtɾə
str	ʃtr
strabasiøs	stɾɑbɑːsɪˈøːs
strabo	strɑːbuː
straff	stɾɑf
straff	ʂtrɑfː
straffange	strɑfːɑŋːə
straffarbeid	strɑfːɑrbɛɪ̯
straffbar	ˈstɾɑfbɑːɾ
straffbart	strɑfːbɑɾt
straffe	ʂtrɑfːə
straffe	ˈstɾɑfə
straffeansvar	strɑfənsvɑr
straffedømt	ʂtrɑfːəˈdømt
straffedømte	strɑfːəɖœ̂ːmtə
straffelov	straffəlˈɔv
straffeloven	ʂtrɑfːəˈluːən
straffen	ʃtrɑfːn̩
straffer	ʂtrɑfːər
strafferett	strɑfɛˈrɛt
straffes	ʂtrɑfːəs
straffet	strɑfːət
strahm	strɑːm
straight	stræɪt
strak	strak
strak	stɾɑːk
strak	ʃtrɑk
strake	ʂɾɑːkə
strakk	strɑk
straks	strakts
straks	strˈaks
straks	stɾɑks
strakte	ʃtrɑːktə
stralende	strɑːlɛn̩d̥ə
stram	strɛmp
stram	stɾɑm
stramme	ˈstɾɑmə
strammer	strɑmər
strammer	ʂtrɑmːər
strammere	ʃtrɑməɾə
strammet	strammət
strammet	ʃtrɑmːət
stramt	strɑmɪt
strand	stɾɑn
strand	ʃtrɑn
stranda	strˈɑnda
stranda	ʃtrɑnːa
stranden	ʃtrɑnːən
strandet	ʃtrɑndn̩
strandhuset	ʂtrɑːnˈhʉːsə
strandsko	stɾɑnskuː
strang	ʃtrɑŋ
strange	ʃtrɑŋg
stranger	ʃtrɑŋːər
strangways	ʂrɑŋvɑɪs
stransky	ʃtrɑnʃkʏ
strasser	ʃtrɑsɛr
strateg	strɑˈteːg
strategi	stratɐsi
strategi	strɑˈtɛgiː
strategien	strɑtɛgiːən
strategier	strɑtɛgiɛɾ
strategisk	stratʲɛːgʲɪsk
strategiske	ˈstrɑːtɛgɪskə
stratford	ʃtrɑtˈfɔɾ
stratosfæren	ʂtrɑtʉsfæːɾən
stratton	ʃtrɑtːɔn
strauss	ʃtrɑʊs
strawberry	ʃtrɑːbɛrɪ
streber	ʃtrɛbɛr
strebet	ʃtrɛbət
stred	ʃtrɛː
street	ʃtɾeː
streets	ʃtrɛts
streife	ʂɾæɪ̯fə
streifer	ʂtrɛɪfər
streik	strˈaɪk
streik	ʃtræɪk
streike	ʂɾæɪ̯kə
streikebrytere	ʂɾæɪ̯kəbrʏːtəɾə
streikeleder	strˈaɪkəlˈætɚ
streiken	ʃtræɪkən
streiker	strˈaɪkɪr
streiker	ʂtræɪkər
streiket	ʂɾæɪ̯kɛt
streit	ʃtræɪt
streite	ʃtræɪ̯tə
strek	strˈɛk
strek	ʃtrɛk
strekene	ʂtrɛkənə
strekk	strˈɛk
strekke	strˈɛkːə
strekke	ʃtrɛkːə
strekke	ˈstɾɛkə
strekker	strækːi
strekker	ʃtrɛkɐ
strekker	ˈstɾɛkəɾ
strekning	ʂtrɛŋɪŋ
strekningen	ʂtrɛkŋɪŋ
strendene	strɛndn̩
strendene	stɾɛnnona
strender	ʃtrɛnːɖəɾ
strender	ˈstɾɛnəɾ
streng	strˈɛŋ
streng	stɾɛŋ
strenge	ʃtrɛŋə
strengen	ʃtrɛŋn̩
strengene	ʃtrɛŋnə
strenger	ʂtrɛŋər
strengere	ʂrɛŋːɛr
strengeste	strɛnnʲestɐ
strengt	ʂrɛŋt
strengteori	ʃtrɛŋtøɾiː
strengteorien	ʃtrɛŋtɔɾɪən
streptokokker	ʂtrɛptɔkɔkːər
stress	strˈɛs
stress	ʃrɛs
stressa	ʃtrɛsːɑ
stresse	strɛsˈsɛ
stresse	ʃtrɛsːə
stressende	ʃtrɛsːɛn̩d̥ə
stresser	ʃtrɛsɐ
stresset	strˈɛsːət
stresset	ʂrɛsɛt
stresskoffert	ʃtrɛskɔfɛɾt
strev	ʃtrɛʋ
strevd	strævˈt
strevd	ʃtrɛvd
strevde	strɛvda
strevde	ʂɾæʋɖə
streve	strɛva
streve	ʂɾeːʋə
strevet	ʂɾɛːvɛt
strevsom	ˈstɾeːʋsɔm
strevsomt	stˈɛvzˈʉmt
stri	stɾiː
strickland	ʃtrɪkˈlɑn
strickler	ʃtrɪkləɾ
strid	stɾiːd
strid	stʁiːp
stride	ʂɾiːd
striden	ʂɾɪːdən
strider	ʂtrɪdər
stridigheter	ʂtrɪdɪhɛtɐ
stridshode	ʂtrɪtshɔːd
stridshodene	ʂtrɪdsˈhʊdənə
stridshoder	ʃtrɪtshɔːɾ
stridshodet	ʂɾɪdsˈhɔːt
stridsvogn	ʂɾɪtsvɔŋ
stridsvognen	ʂrɪtsvɔŋn̩
stridsvognene	ʂrɪtsvɔŋnə
stridsvogner	ʂɾɪdsˈvɔŋn̩
stridsøksen	ʂɾɪdsøksn̩
strigle	ˈstɾɪglə
strigoi	ʃtrɪgɔɪ
strigråte	ˈstɾiːgɾoːtə
strika	ʃtrɪkɑ
striker	ʃtrɪkɐ
strikes	ʂɾɪkːs
strikk	strˈɪk
strikk	ʂɾɪkː
strikke	strˈɪkːɛ
strikke	ˈstɾɪkə
strikkejakke	stɾɪkəjɑkə
strikken	ʂɾɪkːən
strikker	ʂɾɪkːɐ
strikket	ʂɾɪkːə
strikking	strjˈkɪŋ
striks	stɾɪks
strindberg	ʃɾɪ̀nːd̥bɛɾ
stringer	ʂɾɪŋər
strip	ʂtrɪp
stripe	strˈip
stripen	ʂɾɪːpən
stripene	striːpnˌa
striper	stɾiːpəɾ
stripes	ʂtriːpəs
stripete	ʂtrɪpɛtə
stripp	ʃtrɪp
strippe	ʂtrɪpːə
strippe	ˈstɾɪpə
strippeklubb	ʂtrɪpːəklʉb
strippeklubben	ʂtrɪpːəklʉbːən
strippeklubber	ʂtrɪpːəklʉbːər
stripper	strippɪ
stripper	ʂtrɪpər
stripperen	ʂtrɪpəɾən
stripping	ʃtrɪpɪŋ
stritt	ʃtrɪt
stritte	ʃtrɪtə
stritte	ˈstɾɪtə
strode	ʃtrɔːd
strom	ʃtrɔm
stromuttak	stɾœmʉtɑːk
stronghold	ʃtrɔŋhɔːl
stroppen	ʂtrɔpːən
stroppene	ʃtrɔpːənə
stroud	ʃtrʊː
strucker	ʃtrʉkːər
struensee	ʃtrʉnsɛ
strukket	ʃtrʉkːə
struktur	stɾʉkˈtʉːɾ
struktur	ʃtʁʉktʉɾ
strukturer	strʊktʉːrɛ
strukturere	stɾʉktʉˈɾeːɾə
strunk	ʃtrʉŋk
strupe	ʂtrʉːpə
strupe	ˈstɾʉːpə
strupehodet	ʃtrʉːpəhɔːt
strupen	strˈɵpən
strupen	ʃtrʉːpən
strupene	ʃtrʉːpənə
struper	ʃtrʉpɛr
struts	stɾʉts
struts	ʃtrʉts
strutt	ʃtrʉt
strutte	ˈstɾʉtə
strutter	ʃtrʉtːər
stryke	ˈstɾyːkə
strykejern	ʂtrʏçæɪ̯ɳ
strykekarakter	str̥iːkjkaraktər
strykene	strʏkənə
stryker	strˈyːkər
stryknin	ʂrʏknɪn
stryn	ztr̝ɪn
strå	stɾoː
stråle	ˈstɾoːlə
strålebehandling	ʂɾɔːləbeːhandlɪŋ
strålende	ʃtrɑːləndə
strålene	ʂɾæːləne
stråler	ʂɾɔːɭər
strålte	ʂɾæltə
strø	strʉ
strø	stɾøː
strø	ʃrøː
strødd	ʃrøːd
strødde	ʂrœdːə
strøk	strˈøk
strøken	strˈøːkən
strøket	strˈøːkət
strøket	ʂrøːkət
strøkne	strøːknˈə
strøksnes	strˈœksnəs
strøm	strɛm
strøm	stɾœm
strøm	ʃrøm
strømavgift	stɾœmɑːʋjɪft
strømbruddene	ʂrømbrʉdənə
strømbruddet	ʂrømbrʉtː
strømbryter	strˈœmbriːtər
strømforsyningen	ʃtrømfɔʂʏnɪŋ
strømførende	ʃtrømfœːɾɛnə
strømkabel	strømkavɛl
strømme	ʃrømːə
strømme	ˈstɾœmə
strømmende	ʃrømːɛn̩
strømmer	ʃrømər
strømmet	ʂrømːə
strømmåler	strømmoːlˌeːr
strømmålere	strˈɵmːoːlˈre
strømnettet	ʂrømnɛtː
strømning	strˈøːmnɪŋ
strømning	stɾœmnɪŋ
strømpe	strəmpɛ
strømpe	strɛmpɛ
strømpe	ˈstɾœmpə
strømpebukser	ʃtrœmpəbʉksər
strømpen	strˈɵmpən
strømpen	ʃtrœmˈpɛn
strømpene	ʂrømˈpɛnə
strømper	strˈɵmpər
strømregningen	ʃtrømɾɛgnɪŋ
strømspenning	stɾœmˈspɛnɪŋ
strør	ʃtrœɾ
stu	ʃʉː
stua	stuː
stua	stˈuːa
stubbe	ˈstʉbə
stubbins	ʂʉbɪns
stubbs	ʂʉps
stuckey	ʃʉkə
stud	ʃtʉː
student	stʉˈdɛnt
studenten	ʃtʉˈdɛntn̩
studentene	ʃtʉˈdɛntnə
studentfest	stuːdɛntfɛst
studentforening	ˈstʉːdɛntfœrɛɲɪŋ
studentforeningen	stuːdentfɔːrɛnɪŋən
studer	stʊdˈɛr
studer	ʃtʉːdər
studere	stʉˈdeːɾə
studere	ztudˈɛɾ
studerende	ztudærənde
studert	stˈudərt
studert	ʃtʉːd̥ɛɾt
studerte	stˈudərtə
studie	ʃtʉːɪ
studier	ʃtʉːdɪɛɾ
studiet	ʃtʉːdɪt
studio	ˈstʉːdɪoʊ
studioene	ˈstʉːdɪʊnə
studioer	ˈstʉːdɪu̯ər
studioet	ˈstʉːdi̯uːə
studium	stuːdɪʊm
stue	stˌʉɐ
stue	ˈstʉːə
stuen	ʃtʉːn
stuet	stˈuːət
stum	stuːm
stum	stʉm
stump	stʊmp
stump	stˈump
stump	ʂtʉmp
stumpe	stump
stumpe	ʂʉmpə
stumpen	ʃtʉmpən
stumpene	ʂtʉmˈpeːnə
stumper	ʂʉmpər
stumpy	ʃtʉmpɪ
stundene	stʉnːə
stunt	stˈɵnt
stuntet	ʃʉntɛ
stunts	ʃʉnts
stupe	stupə
stupe	ʂtʉːpə
stupe	ˈstʉːpə
stuper	stupɪ
stuper	ʃtʉpɛɾ
stupid	ʃtʉːpɪd
stupte	ʂtʉptə
sture	ʃʉːɾə
sture	ˈstʉːɾə
stuss	stʉs
stusse	ʃʉsə
stusse	ˈstʉsə
stusslig	ˈstʉslɪ
stusslige	ˈstʉslɪə
stussligere	ˈstʉslɪɾə
stussligst	ˈstʉslɪkst
stussligste	ˈstʉslɪkstə
stussy	ʃʉsː
stut	stˈʉt
stuttgart	ʃʉtˈstɑɾt
stygg	stʏg
stygg	stˈɪg
stygge	ʂʏgːə
styggere	ʂʏkəɾə
styggeste	stʲikgjstɐ
styggeste	ʂʏgːəst
stygt	ʂʏkt
stykke	ˈstʏkə
stykkene	ʂʏkːə
stykker	ˈstʏkəɾ
stykket	ʂʏkːə
styr	stˈyr
styrbord	ʃʏrˈbɔɾ
styreformann	ʂʏːɾəfɔɾman
styreformannen	ʃʏːɾəfuːɾmanː
styreleder	ʂʏːɾəlɛːd̥ɛɾ
styremedlem	stirɛmɛdɫɛm
styremedlem	ʂyːɾəˈmɛɫm
styremøte	stiːrɛmøːtːɛ
styremøte	ʂyːɾəˈmøːtə
styremøtet	ʃyːɾəˈmœːt
styresmaktene	ʂʏːɾəsmɑːktə
styrets	ʃʏːɾəts
styringen	ʃʏːɾɪŋə
styringssystemet	ʃʏːɾɪŋsɪsˈtøːm
styrke	ˈstʏɾkə
styrken	ʃʏrkən
styrkende	ʃʏɾkənɛ
styrker	stɪ̞rkɪ̞r
styrkes	ʃʏɾkəs
styrking	sɾiːkiːng
styrmann	ʂʏɾˈmanː
styrmann	ˈstʏɾmɑːn
styrmannen	ʃʏʁmɑnːn
styrten	ʂʏʈn̩
styrter	ʃʏʈəɾ
styrtrik	ʂʏʈʁɪk
stã	ʃtɑː
stå	stoː
stå	stˈo
stå-opp-komedie	stoːˈɔkʰkʰʉmɛːdɪ
stående	stoːənə
ståhei	stoːhɛɪ
ståhei	stˢoˀhˈɛj
ståkarakter	stuːkaraktɛr
stål	stɔːl
stålet	stoːlɛt
stålsett	staːlsɛt
ståpikk	stoːpɪkː
ståpikken	stoːpɪkːən
ståsted	stoːstɛt
stø	støː
stø	ʃøː
stødig	stœ̞di
stødig	ʃœdɪ
stødig	ˈstøːdɪ
stødige	ˈstøːdɪə
stødigst	ˈstøːdɪkst
stødigste	ˈstøːdɪkstə
støkk	ʃtœk
støkke	ʂœkːə
støl	støːl
støl	ʃtœl
stønad	støːnad
stønn	stˈɛn
stønn	ʃtœn
stønne	ˈstœnə
stønner	ʃtœnːər
stønnet	ʃtœnːət
stønning	ʃtœnɪŋ
støpe	ˈstøːpə
støperiarbeider	støppɛjæɾbæjðør
støpslene	støpˀslʉnˀa
støpt	ʂœpt
størkne	stœrknˀ
størkne	ˈstœɾknə
størrelse	ˈstœɾəlsə
størrelsen	ʃtœɾəlsn̩
størrelser	ʃtœɾːəlsɛɾ
største	stɐʃtɐ
største	ʃœʁstə
størstedelen	ʃtœɾsəˈdɛːlən
støt	ʃœt
støte	støːtːa
støte	ʃtøːtə
støte	ˈstøːtə
støtende	ʃœtənɛ
støter	stˈøːtər
støter	ʃtøːtər
støtet	ʃtœtə
støtfanger	ˈstøːtfɑŋəɾ
støtt	støtˀ
støtte	stˈøtːa
støtte	ˈstœtə
støttegruppe	ʂɔtəgɾʉpə
støttehjul	ʃɔtəjʉːl
støttespiller	ʃtœtːɛsˈpɪləɾ
støttespillere	ʃtœtəspɪləɾə
støttet	stˈøtːət
støttet	ʃtœtət
støv	støːʋ
støv	stœp
støv	ʃœʋ
støvel	ʃtøːvəl
støvel	ˈstæʋl̩
støvel	ˈstœʋəl
støvelen	ʂøʋələn
støvete	ʃtøːʋətə
støvete	ˈstøːʋətə
støvhale	støːvɑːlˀə
støvlene	ʃtœʋləɳə
støvler	ʃtœʋlæɾ
støvletter	støvlˈɛtɪr
støvsuge	ʃtœʋsʉgə
støvsuger	ʃtœʋsʉgər
støvsugere	ʃtœʋsʉgəɾə
støvsugeren	ʂœʋsʉgəɾən
støvvei	støːvˈaj
støy	stœj
støy	stɔj
støy	ʃœʏ
støyen	ʂœʏən
støyende	ʃœʏn̪d̪ə
støyt	ʃœʏ̯t
støyten	ʃtœʏtən
su	suː
su-hyeok	ˈsuːhjœk
sub	sʉːb
subbe	ˈsʉbə
subjekta	sʉbjəkta
subjektet	ˈsʉbɪktət
subjektiv	ˈsʉbjɪktiːʋ
sublime	suːblɪm
subs	ʂʉːs
subsidie	sʉbsˈiːdə
substance	ˈsʉbstəns
substans	ˈsʉbstɑns
substantiv	ˈsʉbstɑntiːʋ
subtil	sʉbˈtiːl
subtil	ˈsʉptɪl
subtile	ʂʉbtiːlə
subtitle	ˈsʉːbtɪtlə
suburban	ˈsʉːbʉːɾɑn
sudan	suːd̥ɑn
sudden	sʉdən
suder	suːd̥ər
sues	sʉːs
sufflé	ˈsʉflə
suffolk	ˈsʉfɔk
sug	søːg
sug	sʉg
suga	sˈugə
sugar	ʃʉːgɑːr
sugarman	ʃʉgɑːmɑn
sugd	sygt
sugde	sugda
sugde	sʉgdɛ
suge	sʉːgə
sugejobb	suːgəˈjɔb
sugejobber	sʉgəˈjɔpɑr
sugemerke	ˈsʉːgəmæɾkə
sugen	ˈsʉːgən
suger	suːgət
suger	sʉgəɾ
sugerør	sʉgəˈrøːr
suges	sʉgɛs
suget	sʉgət
sugge	sʏ̞kːɛ
suggs	sʉgs
suging	sʉɪŋ
sui	sɵɪ
suicidale	ˈsʉɪ̯sɪɑ̯ɭə
suite	sʉɪ̯tə
suiten	ˈsʉɪ̯tən
suiter	ˈsʉɪ̯tər
suketter	sukˈɛtːɛɾ
suki	ʃʉːkɪ
sukk	suk
sukk	sʉk
sukke	sukːə
sukke	sʉkːə
sukke	ˈsʉkə
sukker	sʉkːər
sukker	ˈsʊkəɾ
sukkerbiter	sʉkɪbɪtɛr
sukkeret	sʉkːəɾ
sukkerfri	sukːiːrfri
sukkerfri	ˈsʉkfɾiː
sukkerklumpen	sʉkːɾklʉmpn
sukkerrør	ˈsʉkəˌrœɾ
sukkerspinn	sʉkəʂpɪn
sukkersyke	sʉkəɾˈsyːkə
sukkertøy	ˈsʉ̂kːəɾtœʏ̯
sukkerungen	sʉkːɐrʉŋː
sukket	sʉkːət
sukre	ˈsʊkɾə
suksess	sʉkˈsɛs
suksessen	sʉkˈsɛsn̩
suksesser	sʉkˈsɛsər
suksessfull	sʉksɛsˈfʉl
suksessrik	sʉksɛsɾɪk
sula	suːla
sulamitten	ˈsʉːlɑmɪtːn̩
sulley	sulːɛ
sullivan	ˈsʉlvən
sullivans	ˈsʉlɪvɑns
sully	sulː
sult	sul̥t
sultan	ˈsʉltɑn
sultanen	ˈsʉltɑnən
sulte	sultə
sulte	syltæ
sulte	ˈsʉltə
sulten	ˈsʉltn̩
sulten	ˈsʉltən
sultende	ˈsʉltn̩d̥ə
sultent	ˈsʉltənt
sulter	ˈsʉltər
sultestreik	ˈsʉltəˌstɾæɪ̯k
sultet	sultə
sultne	sultnə
sultnere	sʉltnˈɛdɛ
sulu	suːluː
sum	sʉm
sumatra	ˈsʉ̂ːmɑtɾɑ
sumerisk	ˈsʉməɾɪsk
summe	ˈsʉmə
summen	ˈsʉmən
summende	sʉmːən̩d̥ə
summer	sʉmːər
summer	ʃʉmːər
summere	sʉˈmeːɾə
summers	ˈsʉmərs
summit	sʊmɪt
sumpbever	sumpbˈeːvər
sumpen	sʊmpən
sumpene	ˈsʉ̂mːpənə
sumper	ˈsʉmpər
sun	sʉn
sund	sʉn
sunda	sʏ̞nda
sundance	ˈsʉndansə
sunday	ˈsʉndɑːʏ
sunde	swnˈa
sundet	ˈsʉnːət
sundsvall	sʉ̂nːdsvɑ̂lː
sundt	sʉnt
sune	suːnə
sune	sˈʉna
sunget	sˈuŋət
sunget	ˈsʉŋt
sunket	sʉŋkət
sunkne	sʉŋkne
sunn	sʉn
sunne	sʉnːə
sunne	sʏ̞nːa
sunnere	ˈsʉnːərə
sunnhet	ˈsʉnːhɛt
sunni	sʉnːɪ
sunniva	sʏ̞nːiva
sunrise	sʉnˈriːs
sunset	sʉnˈsɛt
sunt	sønt
sunt	sʉnt
sup	sʉp
super	sʉpɛɾ
super	sˈupər
super	ˈsʉːpəɾ
super-shock	ˈsʉːpərʃɔk
superb	sʉˈpæɾb
superbra	sʉpɛrbrɑ
superfart	ˈsʉːpərfɑːʈ
superflink	suːp�ɛrflˈɪŋk
supergirl	ˈsʉːpərgɪɭ
superheit	sʉpɛɾhɛɪt
superhelt	ˈsuːpərɛlt
superhelter	sʉpərˈhɛltər
superkraft	ˈsʉːpɛrkrɑft
superkraften	ˈsuːpərkɾaftn̩
superkreftene	ˈsʉːpərkrɛftənə
superkrefter	sʉpɛɾkɾæɪ̯tɛɾ
superlim	suːpərˈlɪm
superman	ˈsuːpəɾman
supermann	ˈsuːpəɾman
supermarked	ˈsuːpəɾmɑːɾkɛt
supermarkedet	ˈsuːpəɾmɑɾˌkeːtə
supermodell	ˈsuːpəˌmɔdəl
supermodeller	ˈsuːpəmuːdəlɛr
superskurk	ˈsʉːpɛʃkʉɾk
superstar	ˈsʉːpəʃtaːr
superstjerne	ˈsuːpərstjɛːnə
supert	sʉpɛɾt
suppa	sypːɑ
suppa	sʉpːɑ
suppe	sʏpːa
suppe	ʂʉpːə
suppe	ˈsʉpə
suppekjøkken	ˈsʉppəˌçøkən
suppekjøkkenet	ˈsʉppəˌçøkənə
suppen	ʂʉpːən
supper	syppɪr
supplere	sʉˈpleːɾə
supply	ˈsʉːply
supre	ʂʉːpɾə
sur	sʉːr
sur	sʉːɾ
sure	sˈʉrə
surehand	ʃʉːɾhɑːnd
suresh	ʃʉːɾɛʃ
surf	sʉɾf
surfbrett	sørfbrˈɛt
surfe	seɾfe
surfe	sœɾfə
surfe	sʉɾfɛ
surfebrett	ˈsʉːɾfəˌbʁɛt
surfer	sʉɾfɛɾ
surfere	ˈsʉːɾfəɾə
surferen	ˈsʉːrfəɾən
surfet	sœrfət
surfet	sʉɾfɛt
surfing	sœɾfɪŋ
surfing	sʉɾfɪŋ
suribachi	ˈsʉːɾibɑxɪ
surkle	ˈsʉɾklə
surkål	ʂʉɾkɔːl
surmule	ˈsʉːrmʉːlə
surmule	ˈsʉːɾmʉːlə
surmuler	ˈsʉːmʉːlɛɾ
surne	ˈsʉːɳə
surpomp	ʂʉrpɔmp
surr	ʂʉrː
surratt	ˈsʉrət
surre	syrre
surre	ʂʉːɾːə
surre	ˈsʉɾə
surrer	ˈsʉːrər
surret	sʏrˈit
surret	ˈsʉːrət
surrete	ˈsʉ̂ːrətə
surrogatmor	sʉˈrʊgɑtmoːr
surt	sʉːʈ
sus	sʉs
susan	suːsɑn
susanna	sʉˈsɑnːə
susannah	ˈsʉsɑnɑ
susanne	ˈsʉsɑnə
susans	sʉsɑns
suse	suːsə
suse	sysɛ
suse	ˈsʉːsə
susen	sʉːsən
susende	sʉsɛndə
suser	ˈsʉːsər
susete	ˈsʉːsətə
sushien	ʂʉʃɪən
susie	ˈsʉʃi
suspekt	sʉspɛkt
suspekt	sʉˈspɛkt
suspekt	sʊspˈɛkt
suspenderer	ˈsʉ̂pːsɛndəɾə
suspendert	ˈsʉ̂pːənəɾt
suspenderte	ˈsʉ̂pːən̩dɛɾtə
suss	sʉs
susse	sussa
sussebass	ˈsʉ̂səbɑs
sussex	ˈsʉsɛ
sussie	sʉʃiː
suste	ˈsʉstə
sutphin	ˈsʉtfɪn
sutra	ˈsʉːtɾɑ
sutre	sʉtɾə
sutre	sˈʉtra
sutre	ˈsʉtɾə
sutrekopp	ˈsʉːtrəkɔp
sutrer	sʉtɾɛɾ
sutret	ˈsʉːtr̥ət
sutrete	sʉtˈrɛtə
sutrete	ˈsʉtɾətə
sutring	ˈsʉːtrɪŋ
sutringen	ˈsʉːtrɪŋən
sutt	sʉt
sutter	ˈsʉtːər
sutton	ʃʉtn̩
suu	suː
suv	suːv
suv-en	suːvən
suvarov	ˈsʉːvɑːrɔʋ
suvarovs	sʉvɑˈɾɔʋ
suvenir	sɵˈvɛɪːɾ
suveren	sʉvəɾən
suveren	sʉʋəˈɾeːn
suveren	sʏ̞væɾiːn
suverene	ˈsʉːvəɳə
suverenitet	sʉʋəɾɛnɪˈteːt
suverenitet	ˈsʉːvəɾənɪtɛt
suverent	ˈsʋʉːrɛnt
suzanne	suːˈsɑnːə
suze	suːsə
suzu	suːsuː
suzuki	sʉˈtsʉːkɪ
suzy	sʉːʏ
sv	ʃʋ
svada	svaːda
svaert	ʃʋæɾt
svai	sʋæɪ
svaie	ˈsʋɑjə
svak	sak
svak	sʋɑk
svak	sʋɑːk
svake	svakːə
svakere	svakərˀa
svakest	svakəst
svakest	sʋɑkɛst
svakeste	svˈɑːkɛstə
svakhet	svakkeːt
svakheten	ʃʋɑːkɛtn̩
svakhetene	ʂʋɑːkˈheːtən
svakheter	ʂʋɑːkˈhɛːtər
svakt	svɑkt
svakt	svˈakt
sval	sʋɑːl
svalbard	svalbar
svalbard	ˈsʋɑːlbɑːɾ
svale	svalˈ
svale	ʂʋɑːlə
svale	ˈsʋɑːlə
svamp	ʂvɑmp
svampebob	ʂvɑmpəbɔb
svampen	svɑmpən
svamper	ʃvɑmpər
svane	svɑːnə
svane	sʋaːnˈe
svane	ˈsʋɑːnə
svanen	svɑːnən
svanene	svɑːnənə
svaner	svɑːnər
svang	svˈaŋ
svangerskap	svɑŋɛʃkɑp
svangerskap	ʂʋæŋgɛʂkɑːp
svangerskap	ˈsʋɑŋəʂkɑːp
svangerskapet	ˈsvɑŋːərʃkɛtə
svant	ʃʋɑnt
svante	ʃʋɑːntə
svar	sʋɑːɾ
svare	svara
svare	sʋɑːɾə
svare	ʃvɑːɾə
svare	ˈsʋɑːɾə
svarene	ʃʋɑːɾənə
svarer	svarə
svarer	ʃʋɑːɾəɾ
svarer	ˈsʋɑːɾəɾ
svareren	ʃʋɑːɾəɾən
svaret	ʃvaːɾət
svarord	svaruɾ
svarorda	svarura
svart	sʋɑʈ
svart	sˈɔrt
svart-hvitt	ʃvɑːɾtˈʋɪtː
svartebørs	ʃʋɑɾtəˈbøʃ
svartebørsen	ʃʋɑːɾtəˈbœʂən
svartedauden	ʃvɑɾtəˈdøːən
svartehavet	ʃʋɑːɾtəˈhɑːʋət
svarteklo	ʃʋɑːɾtɛklʊ
svartelistet	ʃvɑɾtəlɪst
svarten	ʃvaːɾtn̩
svarteste	ʃvɑɾtəstɛ
svartingen	ʃvɑɾtɪŋən
svartingene	ʃvaɾtɪŋɛnə
svartinger	ʃvɑɾtɪŋər
svartne	ˈsʋɑʈnə
svartnet	ʃvɑːʈnɛt
svartskjegg	ʃvɑɾtʃɛg
svartskjeggs	ʃvɑɾtʃɛgs
sved	sve
sved	ʂʋɛd
svei	ʃʋæɪ
svein	ʃʋæɪn
sveinung	ʂʋæɪ̯nʉŋ
sveio	svˈaɪu
sveipe	svˈaɪp
sveipe	ʂʋæɪ̯pə
sveipe	ˈsʋæɪpə
sveiper	ʂʋæɪ̯pər
sveis	svˈaɪs
sveis	sʋæɪs
sveis	ʃʋæɪs
sveise	ʂʋæɪ̯sə
sveise	ˈsʋæɪsə
sveisen	svˈaɪsən
sveisen	ʃʋæɪ̯sn̩
sveisen	ˈsʋæɪsən
sveiser	svˈaɪsɪr
sveiser	ʂʋæɪ̯sər
sveiset	ʃʋæɪ̯sɛt
sveist	svˈaɪst
sveit	ʃʋæɪ̯t
sveits	svˈaɪts
sveits	sʋæɪts
sveitser	ˈsʋæɪtsəɾ
sveitserne	svæɪ̯tsɛɳə
sveitserost	ʂʋæɪtsəɾɔst
sveitsisk	ʃʋæɪtsɪsk
sveitsiske	ʂʋæɪ̯tɪskə
sveitsiske	ˈsʋæɪtsɪskə
sveiv	ʂʋæɪ̯ʋ
sveive	ʂʋæɪ̯və
sveive	ˈsʋæɪʋə
svek	sɛnk
svek	ʂʋɛk
svekke	srəkkə
svekke	svˈɛkə
svekke	ʂʋɛkːə
svekkelse	sveːkːəlsˌa
svekker	ʂʋɛkːər
svekkes	ʃʋɛkːəs
svekket	ʂʋɛkːət
svekling	ʂʋɛklɪŋ
svekling	ˈsʋɛklɪŋ
sveklinger	ʂʋæglɪŋər
svelg	svˈɛlg
svelg	ʃʋæɭ
svelge	ˈsʋɛlgə
svelger	svelgɪ̞r
svelger	ʃʋæɭgər
svelget	svɛlge
svelle	ˈsʋɛlə
svelvik	svˈɛlvik
sven	ʃʋɛn
svend	sven
svend	ʃʋɛn
svendsen	ʃʋɛnsən
svenn	sven
svens	ʂʋɛns
svensk	sʋɛnsk
svensk	ʃʋɛnsk
svenske	svˈɛnska
svenske	ˈsʋɛnskə
svensken	svˈɛnskən
svensken	ʃʋɛn̥k
svenskene	ʃʋɛnʃɛnə
svensker	ʂʋɛŋkɛr
svensson	ʃʋɛnːsɔn
sverd	sʋæɖ
sverd	sʲvʲardʲi
sverd	ʃʋæɾ
sverdene	ʃveːɾdənə
sverdfisk	ʃæɾd̥fɪsk
sverga	sʋɛrga
sverge	sværgˈɛ
sverge	ʃʋæɾgə
sverge	ˈsʋæɾgə
sverger	svargˈɛr
sverger	ʃʋæɾgər
sverget	ʃʋæɾgət
sverige	svarjɛ
sveriges	ʃʋæɾɪgəs
sverker	ʃʋæɾkɛɾ
sverm	svˈarm
sverme	ˈsʋæɾmə
svermen	ʃʋæɾmɛn
svermet	ʃʋæɾmɛt
sverre	ʃʋæɾə
sverte	ʃveɾtə
sverte	ˈsʋæʈə
svertet	ʃʋɛɾət
svetlana	ʃʋɛtˈlɑːnə
svett	svˈɛt
svett	sʋɛt
svett	ʃʋɛtː
svette	ʃvɛtːə
svette	ˈsʋɛtə
svettekjertel	svatːakjatːɛl
svetten	ʃʋɛtːn̩
svetter	ʃʋɛtːər
svevde	ʃʋeːʋə
sveve	sveːvˈe
sveve	ʃʋeːʋə
sveve	ˈsʋeːʋə
svevende	sʋeːʋənɛ
svevende	ˈsʋeːʋənə
svevestøv	sveːrvəstøv
svi	svi
svi	sʋiː
svidd	sfˈiːt
svidde	svidˈa
sviende	ʂʋiːɛn̪d̪ə
svigerbror	ʂʋiːgɛrbrɔr
svigerdatter	ʂʋiːgəɾˈdɑtər
svigerdatteren	ʂʋiːgəɖɑtəɾən
svigerfar	ʂʋiːgɛrfoːr
svigerforeldrene	ʃʋiːgəɾfœɭəɾnə
svigerinne	sʋiːgəɾˈɪnə
svigerinne	ʂʋiːgəˈɾɪnːə
svigermoren	ʃʋiːgəɾˈmoːɳ
svigersønn	ʂʋiːgɛɾ̥sœn
svigersønnen	ʃʋiːgɛɾˈsœnːən
svik	svˈiːk
svik	ʂʋɪk
svike	ʃʋiːkə
svike	ˈsʋiːkə
svikefull	ʂʋɪkəɛɛ̯ɭ
svikefull	ˈsʋiːkəfʉl
svikefulle	ʂʋɪkəɛɭə
sviker	sviːkir
sviker	ʂʋɪkəɾ
svikt	svˈɪkt
svikt	ʂʋɪkt
svikte	ɧʋɪktə
svikte	ˈsʋɪktə
sviktende	ʂʋɪktn̩d̥ə
sviktet	ʂʋɪktə
svime	ˈsʋiːmə
svimer	ʃʋɪmɛr
svimle	ˈsʋɪmlə
svimlende	ʃʋɪmˈlɛnə
svimmel	ʃʋɪmːəl
svimmel	ˈsʋɪməl
svimmelhet	ˈsʋɪməlheːt
svina	ʃʋiːnɑ
svindel	ʂʋɪndəl
svindelen	ʂʋɪnːəɭən
svindle	ɧʋɪndlə
svindle	ˈsʋɪnlə
svindler	ʃʋɪndlɛɾ
svindlere	svɪndlɛːr
svindleren	svɪndləɾən
svindlet	ɧʋɪnd̥l̩
svinekjøtt	ʂʋiːnɛkɔtː
svineri	ˈsʋɪːnəɾɪ
svinesti	ʂʋɪnəstɪ
svinet	ʂʋɪnə
sving	svˈɪŋ
sving	sʋɪŋ
svingdør	svˈɪndøːr
svinge	svˈɪŋə
svinge	ʂʋɪŋə
svinge	ˈsʋɪŋə
svingen	ʂʋɪŋən
svingete	ʂʋɪŋːtə
svingninger	ʂʋɪŋɪŋɐ
svingt	ʂʋɪŋt
svinne	ʃʋɪnə
svinne	ˈsʋɪnə
svinse	ˈsʋɪnsə
svint	svˈɪnt
svippe	ˈsʋɪpə
svir	sviːr
svir	sʋiːɾ
svir	ʃʋiːɾ
sviregast	sviːrəgˈast
svirre	ˈsʋɪɾə
svisj	ʃʋɪʃ
sviska	swiska
sviske	sviskˈe
svisken	sviskiːn
sviskene	sviskina
svisker	sviskɪ̞r
svisker	ʃʋɪskər
svoger	sʋo˩˥ːgir
svoger	ʂʋugər
svoger	ˈsʋoːgəɾ
svogeren	ʃʋɔgəɾən
svor	ʃʋɔːr
svoret	svˈoːrət
svorne	ʃʋɔːɳə
svovel	sɫɔvel
svovelstikke	svˈoːvəlstˈɪkə
svovelsyre	ʂʋɔʋəlsyːɾə
svulme	ˈsʋʉlmə
svulmende	ʂʋʉlmɛndə
svulst	sʋʉlst
svulsten	ʂʋʉlstən
svulster	ʂʋʉlstər
svulstig	ˈsʋʉlstɪ
svulstige	ˈsʋʉlstɪə
svulstigere	ˈsʋʉlstɪɾə
svulstigst	ˈsʋʉlstɪkst
svulstigste	ˈsʋʉlstɪkstə
svær	sʋæːɾ
svær	ʃʋæɾ
svære	svarə
svære	ʂʋæːɾə
sværing	ʂʋæːɾɪŋ
sværingen	ʃʋæːɾɪŋ
svært	sʋæːʈ
svøm	ʃʋøːm
svømme	ˈsʋœmə
svømmebasseng	ʃʋømːəbaˈsɛŋ
svømmebassenget	ˈsʋœmːəˌbɑsːnə
svømmedyktige	ˈsʋœmədʏktɪə
svømmedyktigere	ˈsʋœmədʏktɪɾə
svømmedyktigst	ˈsʋœmədʏktɪkst
svømmedyktigste	ˈsʋœmədʏktɪkstə
svømmehallen	ʂʋœmːəˈhalːən
svømmelaget	ʂʋœmlɑgət
svømmer	svˈɛmər
svømmer	sʋœməɾ
svømmer	ʂʋœməɾ
svømmere	ʂʋømːɛɾ
svømmetur	ʂʋœməˈtʉːr
svømming	svˈøːmmɪŋ
svømming	ʃʋømɪŋ
svømte	ʂʋœmtə
svøpe	ʃʋøːpə
svøpe	ˈsʋøːpə
svøpt	ʂʋøpt
swahili	ʃʋɑˈhɪlɪ
swami	ʃʋɑːmɪ
swan	ʃʋɑn
swann	ʃʋɑn
swanson	ʃʋɑnsɔn
swayze	sʋæɪ̯s
swedish	ʃʋeːɪʃ
sweeney	ʃʋeːn
sweetums	ʃʋɛːtʉms
swift	ʃvɪft
swing	ʃʋɪŋ
swire	ʃʋɪːɾə
sy	syː
sy	ʃyː
sybil	ˈsʏbɪl
sybils	ˈsʏbɪls
sydame	ˈsyːdɑːmə
sydd	sʏd
sydd	sˈɪd
sydde	sɪdˈa
sydde	ˈsʏdə
syde	ˈsyːdə
syden	syːdən
sydlig	ˈsyːdlɪ
sydlige	ˈsyːdlɪə
sydligere	ˈsyːdlɪɾə
sydligst	ˈsyːdlɪkst
sydney	sɪdnˈe
sydney	ˈsɪdni
sydnor	syːɳoɾ
sydover	syːd̥ɔvər
sydpolen	syːpɔlən
sydvest	syðvɛst
syerske	ʂyːɾskə
syersken	ʃyːɾskn̩
syfilis	sifiliz
syfilis	ˈsyːfɪlis
syfilisen	sʲiːfɪlˈɛsn
syk	syːk
sykdommen	syːgdɔmən
sykdommene	syːgdɔmːənə
sykdommer	syːgdɔmər
syke	siːkːe
sykeattest	syːkəɑtɛst
sykeavdelingen	ˈsyːkəɑːvdeˌliŋən
sykebil	sykbil
sykebil	ʂʏːkəˈbɪl
sykedag	syːkədaː
sykeforsikring	ˈsyːkəˌfɔʂɪkɾɪŋ
sykeforsikringen	ˈsyːkəˌfɔʂɪkɾɪŋə
sykefravær	siːkɛfrɑːvɛr
sykehus	ˈsyːkəhʉːs
sykehusets	ˈsyːkəhʉsə
sykekasse	syːkəkɑsə
sykelig	syːkəlɪ
sykelig	ˈsyːkəlɪ
sykelige	syːkəlɪgə
sykelige	ˈsyːkəlɪə
sykeligere	ˈsyːkəlɪɾə
sykemelde	syːkəmelə
sykemeldt	sykˀiːmˈɛlt
sykemeldt	syːkəmelːt
syken	ˈsyːkən
sykepleier	ɕʏːkəˈplæɪ̯ər
sykepleier	ˈsyːkəplæɪəɾ
sykepleiersken	ˈsyːkəˌplæɪərsçən
syker	sikɪ̞r
sykere	syːçəɾə
sykes	syːkəs
sykeste	syːkɛstə
sykestua	syːkɛsstuːə
sykestue	syːkɛstuː
sykestuen	syːkɛstuːn
sykesøster	siːkˈsestɪr
sykesøster	syːkəˈsœʃtər
sykesøsteren	syːkəˈsœʃtəɾən
sykkel	ˈsʏkəl
sykkelbud	ˈsʏkəlbʉː
sykkelen	sɛkːɛlˀɑn
sykkelen	ˈsʏkələn
sykkellag	sikːiːllag
sykkelsti	ˈsʏkəlstiː
sykkeltur	ˈsʏkəltʉːɾ
sykkeltur	ˈsʏkəlˌtʉːr
sykkelvei	sikːɛlʋaɪ
sykle	syːklə
sykle	ˈsʏklə
syklene	søklænæ
syklene	ˈsʏklənə
sykler	syːkʰlɛɾ
syklet	syːkl̥ət
sykling	sʏkˈlɪŋ
sykling	sˈyklɪŋ
syklist	ˈsʏklɪst
syklister	ˈsʏklɪstəʂ
syklus	ˈsʏklʉs
syklusen	ˈsʏklʉsn̩
sykluser	ˈsʏklʉsər
sykmeldt	ɧʏkmɛlt
sykt	syːkt
sykt	sʏkt
sykt	sʲikt
sylinder	ˈsʏ̀lɪndər
sylinderen	ˈsʏlɪndəɾən
sylindrisk	sʏˈlɪndɾɪsk
syllogisme	sylogisme
sylskarpe	ˈsʏlskɑːɾpə
sylte	seɫta
sylte	ˈsʏltə
sylteagurk	ʂʏltəgʊrk
syltede	ˈsʏltə
syltet	sʏltˈa
syltet	ʂʏlt
syltetøy	ɧʏltəˈtœʏ
syltetøyet	ˈsʏltəˌtœʏ̯ə
syltynt	ʂʏltʏnt
sylvest	sylvˈɛst
sylvester	sɪlvəstər
sylvester	ˈsʏlvəstər
sylvi	silve
sylvia	silvea
sylvia	ˈsʏlʋiːə
sylvie	ʃʏlviː
symaskin	ˈsyːmɑʃkɪn
symaskinen	ˈsyːmɑʃɪnən
symbol	ˈsʏmbəl
symbolene	ˈsʏmblənə
symboler	ˈsʏmbləɾ
symbolet	ˈsʏmblət
symbolisere	ˈsʏmblɪsəɾə
symboliserer	ˈsʏmblɪseːɾə
symbolsk	sʏmˈbuːlsk
symbolsk	ˈsyːmbl̥ʃ
symbolske	ˈsyːmbl̥ʃə
symfoni	ˈsʏmfʊnɪ
symfonisk	sʏmˈfuːnɪsk
symmetrisk	sʏˈmeːtɾɪsk
symmetrisk	ˈsʏmːətɪsk
sympati	sʏmpɑti
sympatien	ˈsʏmpɑtiən
sympatier	ˈsympɑtɪəɾ
sympatiserer	ˈsʏmpɑtisɛrər
sympatisk	ˈsʏmpætɪsk
sympatiske	ˈsʏmpɑtɪskə
symptom	ˈsʏmptɔm
syn	sʏn
synagogen	ˈsyːnɑguːgən
sync	sɪŋk
synd	sin
synd	ˈsʏn
synde	ˈsʏnə
syndebukk	sindɛbuk
syndebukk	ˈsʏndəˌbʉk
syndebukken	ˈsʏndəˌbʉkən
syndebukker	ˈsʏndəˌbʉkər
syndene	ʂʏnːə
syndenes	ʂʏnːəɳə
syndens	ʂʏnːɛns
synder	sʲindɛ
syndere	ˈsʏndəɾə
synderen	ˈsʏndəɾən
synderne	ˈsʏːnəɳə
syndicate	ˈsʏndɪˌkeːt
syndig	ˈsʏndɪ
syndige	ˈsʏndɪgə
syndige	ˈsʏnɪə
syndigere	ˈsʏnɪɾə
syndigste	ˈsʏnɪkstə
syndikat	ˈsʏndɪkaːt
syndikatet	ˈsʏndɪkaːtə
syndrom	ˈsʏndrɔm
syndromet	ˈsʏndɾʊmət
syndsforlatelse	ʂʏnsfɔɭɑtəlsə
syne	syːn
syne	syːnə
synene	ˈsyːnə
syner	syːnɛr
synes	syːnəs
synes	ˈsyːnəs
synet	sʏnət
syng	ʂʏŋ
synge	sʏŋə
synge	sˈɪŋə
synge	ˈsʏŋə
syngende	sʏŋn̩d̥ə
synger	sʏŋːər
synger	ˈsʏŋəɾ
synging	sʏŋɪŋ
syngingen	sʏŋɪŋən
synk	sʏŋk
synke	sʏŋkə
synke	ˈsʏŋkə
synkehull	sinkˀɛhʉl
synkehull	ˈsʏŋkəhʉl
synkende	ˈsʏŋkənə
synker	ˈsyŋkər
synket	sʏŋkət
synkron	sʏŋˈkɾuːn
synkronisere	ˈsyŋkɾonɪsəɾə
synkroniserer	ˈsʏŋkɾʊnɪsɛrɛr
synkronisert	ˈsʏŋkɾunɪʂt
synlig	sʏnːlɪ
synlig	ˈsyːnlɪ
synlige	ˈsyːnlɪə
synligere	ˈsyːnlɪɾə
synne	sinnˈ
synne	ʂʏnːə
synneve	sɪnɛvæ
synnøve	sɪnˈɔvɑ
synonym	sinonim
synonymt	ˈsyːnɔmʏt
syns	sʏns
synsfeltet	sʏnːsfɛlt
synshemmet	ˈsyːnshɛmət
synsk	syːnsk
synsk	sʏnʃ
synske	ʂʏnʃə
synsnerve	synznarva
synspunkt	sʏnˈʃpʊkt
synspunkt	ˈsyːnspʊŋt
synsvidde	sʏnsvɪdə
synsvinkel	sʏnːsʋɪŋkəl
syntes	sʲintɪs
syntes	ˈsʏntəs
syntetisk	ˈsʏntətɪsk
syntetiske	ˈsʏntətɪskə
syracuse	sɪˈrʉːs
syre	syːɾə
syre	ˈsyːɾə
syren	ˈsyːrən
syria	ˈsyːriɑ
syrin	sɪrʲin
syriner	ˈsyːrɪnər
syriske	ˈsʏɾɪʃə
syrlige	ˈsyːɭɪə
sysle	ˈsʏslə
sysselmannen	ˈsʏsl̥mɑnːn̩
sysselsatt	ˈsʏsəlsɑt
sysselsette	ˈsʏsəlsɛtə
sysselsetting	ˈsʏsəlsɛtɪŋ
system	sʏstˈɛm
system	ˈsʏstɛm
systematisere	sʏstəmɑtɪˈseːɾə
systematisk	sʏstəˈmɑːtɪsk
systematisk	ˈsʏstəmɑtɪsk
systemene	sʏstɛːmɛnɛ
systemer	ˈsʏstəmər
systemet	sistema
systemet	ˈsʏstəmət
systemets	ˈsʏstːəməts
systemfeil	ˈsʏstɛmfɛɪ̯l
systems	ˈsʏstɛm
syt	syːt
syte	syːtə
syte	ˈsyːtə
sytepave	sɪtɪpava
sytråd	sʏtɾoː
sytten	sœtənsʏtən
sytten	ˈsʏtːən
sytti	sʏtːɪ
sytti	ˈsʏti
syttifem	ʂʏtɪfɛm
syv	siːv
syv	syːʋ
syvende	siːʋənə
syvert	sivət
syvsover	ʂyːvɔʋər
szalinski	ʃɑːlɪnʃi
szell	ʃɛl
sà	ʂɑː
sá	saː
sâ	ʃɑː
são	sɔː
sänn	ʃæɳː
så	soː
så	sɔ
så	sɔː
sådan	sɔdɑn
sådd	sɔd
såfremt	sɔfræmt
såg	sɔː
sågar	sɔgɑɾ
såjeg	sɔjɛg
såkalt	sokalt
såkalt	sɔkɑlt
såkalt	ˈsoːkɑlt
såkalte	sɔkɑltə
såklart	sɔklɑːɾt
såkorn	sɔkɔɳ
såle	ʃoˈla
såle	ˈsoːlə
således	soːlətɪd
således	sɔːˈleːð
sånn	soːn
sånne	soːnə
sånt	sɔnt
såpa	sɔːpɑ
såpass	sɔpɑs
såpe	sɔpa
såpe	sɔːpə
såpe	ˈsoːpə
såpen	sɔːpən
såpen	sˈoːpən
såpeopera	soːpəʊpɛɾə
såpeopera	ˈsoːpəuːpəɾɑ
såpestykke	sɔːpɛstʏkə
sår	soːr
sår	soːɾ
sårbar	soːrbaːr
sårbar	ˈsoːɾbɑːɾ
sårbare	sorbaɾa
sårbare	soːrbaːr
sårbart	soːɾbɑɾt
såre	sɔːɾə
såre	zˈoɾɐ
såre	ˈsoːɾə
sårede	sɔːɾədə
sårende	soːrɛnə
sårene	sɔːɳə
såret	sɔːɾət
sårt	sɔːɾ̥t
såte	ˈsoːtə
såvel	sɔʋəl
sæden	ˈsæːdən
sædleder	sæːdlɛdər
sær	sæːɾ
sær	sɐɾ
sær	ʃæːɾ
sære	ʃæɪ̯ɾə
særegen	ʃæːɾɛgn̩
særegne	ˈsæːɾɛgnə
særeie	ʃæɾɛɪ
særiig	ˈsæːrɪg
særing	ˈsæːrɪŋ
særlig	ˈsæːɭɪ
særlige	ˈsæːɭɪgə
særligere	ˈsæːɭɪɾə
særligst	ˈsæːɭɪkst
særligste	ˈsæːɭɪkstə
særp	sɛrp
særpreg	ʃæːɾprɛg
særskilt	ʃæːɾskɪlt
særskilt	ˈsæɾːʂɪlt
sætre	ˈsæːtɾə
sí	siː
söderstedt	ˈsøːdərɛst
söderström	ˈsøːɖəʂtrøm
sødergren	søːðərgɾeːn
sødme	soːm̩
søgaard	ʂœgɑːɾ
søgne	søgna
søk	ʂøːk
søke	søːkːa
søke	ˈsøːkə
søkelys	ʂøːkəlʏs
søkemotor	søːkɛmˀuːtˢar
søken	søːkən
søker	søːkir
søker	søːkər
søker	søːkəɾ
søkere	søːkərø
søkeren	ʂøːkəɾən
søkerne	søːkːarˀnˀa
søket	sœkət
søkkrik	sœkʰrɪk
søkkvåt	soːkʋɔːt
søkkvåt	ˈsœkʋoːt
søknad	søːknad
søknad	ˈsøːknɑːd
søknaden	søkn̥dən
søknaden	søːknad̥n
søknadene	søːknadnˈa
søknader	søːknad̥eːr
søknader	ʂœknɑːɖəɾ
søksmål	søksmɔːl
søksmålet	søksmɑːlɛt
søkt	søːkt
søkt	sˈœkt
søkt	ʂøkt
søkte	sˈøːktə
søkte	ʂœktə
søl	ʂœl
søla	søːlə
søle	søːlə
søle	ˈsøːlə
sølen	suːlən
søler	søːlə
sølet	søːlət
sølete	søːlətə
sølete	ˈsøːlətə
sølibat	sølibat
sølt	ʂœlt
sølte	søːltə
sølv	sœl
sølv	ʂœlv
sølvdollar	sɘlvɔɭɑɭɑɾ
sølvet	sølvət
sølvfarget	ʂœlvfɑɾː
sølvfat	ʂœlvfɑt
sølvkule	ʂœlvkuːlə
sølvkuler	sɘlvkuːlɛr
sølvskje	ʂœlvʃçɪ
sølvtøy	ʂœltɔʏ
sølvtøyet	ʂœltøjət
søm	søm
søm	sɯ̞m
sømme	ˈsœmə
sømmelig	ˈsœməlɪ
sømmelige	ˈsœməlɪə
sømmeligere	ˈsœməlɪɾə
sømmeligst	ˈsœməlɪkst
sømmeligste	ˈsœməlɪkstə
sømmen	sømːn
sømmen	søˈmˈn
sømmene	ʂœmnə
sømmer	soːməɾ
søn	sœn
søndag	søndag
søndag	ˈsœndɑːg
søndagen	søːndɑːgən
søndagen	sʲandɑgæn
søndagene	sœndɑgənə
søndager	søndager
søndager	sɑndaːgɪr
søndager	ˈsœndɑːgəɾ
søndagsmiddag	sœndɑgsˈmɪdɑg
søndagsskole	ˈsœndɑgskuːlə
søndagsskolen	søndagsskolen
sønder	sœ̃n̩d̥ɛr
sønderknust	ˈsœnəɾknʉːst
sønderknust	ˈsœ̂nːɐɾknʉst
søndre	søndrɛ
sønn	søn
sønn	sœn
sønnen	sønːn̩
sønnene	søːnːə
sønnens	sœnəns
sønner	sønːɳɐ
sønners	sœnːɐs
sønnesønn	sœnːsœn
sønns	sønːs
søppel	ʂœ̀pəl
søppel	ˈsœpəl
søppelbil	ˈsœpəlbɪl
søppelbilen	ˈsœpəlbɪːn
søppelbøtta	ˈsœpəlˌbœtə
søppelbøtte	ˈsœpəlˌbœtə
søppelcontainer	ʂœpəlkɔntæjnɐ
søppeldunk	ʂœ̀pəlˈdʉŋk
søppeldunken	ʂœ̀pəlˈdʉŋkə
søppelet	sœpːəlɛt
søppelhaug	ʂœpəl̥hɔʊ̯ː
søppelkasse	søːpːalˀkɑssə
søppelkasse	ˈsœpəlkɑsə
søppelkasse	ˈsœpəlˌkɑsə
søppelkassen	ˈsœpəlˌkɑsən
søppelmann	ˈsœpəlman
søppelplass	ʂœpəlplɑs
søppelplassen	sœpəlˈplɑsːən
søppelpose	ʂœpəlpɔsə
søppelposen	søːpːɛlpˀɔsən
søppelsekk	søpˈɛlsˈɛk
søppelsekk	ʂœpəlsek
søppelsekker	sœpəlsɛkɐ
søppeltønne	ˈsœpəltœnə
sør	ʃœɾ
sør	ˈsøːɾ
sør-afrika	ʂœɾɑːfɪkɑ
sør-amerika	ʃøːɾɑmɛɾɪkɑ
sør-california	ʃœɾkɑlɪfɔɾɪɑ
sør-carolina	ʃœɾkɑɾɔˈliːnə
sør-dakota	ʃœɾdaˈkɔtə
sør-frankrike	ʃœɾfɾæŋkɾiːkə
sør-kina	sørkina
sør-korea	ʃœɾkʉːɾæ
sørafrikanske	ˈsœːɾɑfɾɪkɑŋkə
søren	ʂœːɾən
sørenga	søːrˌɛŋˈa
sørens	ʂøːɳ̥s
sørensen	ʃøːɾənsən
sørfra	ʃœɾfɾɑː
sørge	soːɾgə
sørge	ˈsœɾgə
sørgelig	ʃœɾgəlɪ
sørgelig	ˈsœɾgəlɪ
sørgelige	ʂœɾçɪgə
sørgelige	ˈsœɾgəlɪə
sørgeligere	ˈsœɾgəlɪɾə
sørgeligst	ˈsœɾgəlɪkst
sørgeligste	ˈsœɾgəlɪkstə
sørgende	soːɾgn̩d̥ə
sørger	ʂœɾːɪ
sørget	ʃœɾgət
sørgmodige	sœɾgˈmuːdɪə
sørgmodigere	sœɾgˈmuːdɪɾə
sørgmodigst	sœɾgˈmuːdɪkst
sørgående	soːɾˈgoːɪŋə
sørkysten	ʂœɾkʏstən
sørlig	ˈsøːɭɪ
sørlige	ˈsøːɭɪə
sørligere	ˈsøːɭɪɾə
sørligst	ˈsøːɭɪkst
sørligste	ˈsøːɭɪkstə
sørover	søːrɔʋɛ
sørpe	særpæ
sørpe	ʂœɾpə
sørpe	ˈsœɾpə
sørpolen	ʂœɾpʰuːlɛn
sørpå	ʂœɾpɔː
sørreisa	søˈɾaiːˈsa
sørsiden	ʂøɾsɪdən
sørstatene	soːrˈstɑːtənə
sørstatenes	soːrstaːtənəs
sørver	sɛɾvɪ̞r
sørvest	søːrvɛst
sørvestre	ʃœɾˈvɛstɾə
sørvis	søˈvˈis
sørøst-asia	ˈsœ́ːrœstaˈsiːa
sørøstlige	ˈsœ̂rœstliːgə
sørøstre	ʂœʁœʈʂɛ
søs	søs
søsken	sæskɪ̞n
søsken	ʂœʃkən
søskenbarn	ʂœskn̥bɑːɳ
søskenbarna	ʂœskənbɑːɳə
søskenflokk	søːskˈnfloʊk
søster	ʂœstər
søster	ˈsœstəɾ
søstera	søstɛra
søsteren	sœʃtəɾən
søsterens	ˈsœ̂stɾəns
søsters	ʂœʂːəɾ
søsterskapet	søsterskapet
søstra	ʂøːstɾɑ
søstrene	søstr̥ənə
søt	søːt
søt	sɛːt
søta	ʂœtɑ
søte	søːtə
søte	søːtˢe
søten	ʂœtən
søtere	søːtə
søtningsmiddel	søːtnɪŋsmɪdəl
søtnos	søtnɔs
søtpoteter	søːtpoːtər
søtsaker	søtsaker
søtt	søːt
søtti	søːtːi
søvne	søvn̩
søvnen	ʂœʋnə
søvngjengeraktig	søvnˈjɛŋrˈaktɪ
søvngjengerne	søvnˈjˈɛŋənˈe
søvnig	søvnit
søvnig	ˈsœʋnɪ
søvnige	ˈsøːnɪgə
søvnige	ˈsœʋnɪə
søvnigst	ˈsœʋnɪkst
søvnigste	ˈsœʋnɪkstə
søvnløs	soːvnløs
søvnløse	søvnloːsə
søvnløshet	søvnløshet
søvnløshet	sœʋnløːsheːt
søvnmangel	ʂœʋnmaŋgəl
søvnproblemer	ʂœvn̥pɾɔbləmeɾ
søye	søj
søyle	sɞʏlə
søylen	suːʏln̩
søyler	soʏləɾ
t	t
t-bane	t̪ˈbɑːnə
t-baner	t̪ebaːnɪ̞ɾ
t-bone	t̪b̥oːn̩
t-minus	t̪mɪnʉs
t-skjorta	tsʰuːɾtɑ
t-skjorte	ˈteːʂʊʈə
t-skjorten	tsʰʉːɾtn̩
t-viruset	ˈtʋiːrʉsət
ta	tɑ
ta	tɑː
ta	tɔː
ta-da	tɑːdɑː
taake	tˢoˀˀkeˀ
tab	tɑːb
tabasco	tabaskou
tabb	tɑb
tabbe	ˈtɑbə
tabbe	ˈtɑbːə
tabben	ˈtɑːbən
tabbene	ˈtæbːənə
tabber	ˈtɑːbər
tabbet	ˈtɑːbːət
tabby	ˈtɑːbi
tabell	tabɛl
tabell	ˈtɑːbəl
tabellen	tabellˈin
tabellen	ˈtɑːbələn
tabitha	ˈtɑːbɪθɑ
table	tɑːblə
tablett	tablˈɛt
tablett	tɑˈblɛt
tablett	ˈtɑːblɛt
tabletten	ˈtɑːblɛtən
tablettene	tabletːone
tablettene	ˈtɑːblɛtːn̩ə
tabletter	tˈablətːɛr
tabletter	ˈtɑːblətər
tabu	ˈtɑːbʉ
tac	ˈtɑk
taco	ˈtɑːkʊ
tacos	tɑkɔs
tadashi	ˈtɑːdɑʃi
taddeus	tad̪eus
taes	teːs
taff	ˈtɑf
tafset	ˈtɑfsɛt
taft	tɑːft
tag	tɑːg
tage	taːgə
tage	tˈɑːgə
taggart	taggɑːʈ
tagger	tagːər
taggert	ˈtɑːgər̥t
tagget	tagːət
taggete	tɑkgʲitˈe
tagliano	ˈtɑːgliɑːnʊ
tagning	ˈtɑːgnɪŋ
tahime	tɑˈhɪmːə
tahir	ˈtɑːhɪr
tahiti	tɑˈhiːtɪ
tahoe	tɑˈhøː
tai	taɪ
taipe	taɪ̀pə
tait	tai̯t
taiwan	taɪˈvɑːn
taj	tɑː
tak	tɑk
tak	tɑːk
taka	taka
taka	ˈtɑːkɑ
takahashi	ˈtɑːkɑːʃiː
take	tɑːkə
take-off	ˈtɑːkɔf
takehaya	ˈtɑːkəhɑːʏ
takene	tɑːkənə
takeoff	ˈtæːkɔf
taket	tɑːkət
taket	ˈtɑːkə
taki	taki
takke	tɑkːə
takke	ˈtɑkə
takkebrev	ˈtɑkəbɾæɪ̯
takkefesten	ˈtɑkːəˌfɛstən
takkekort	ˈtɑːkəˌkɔʈ
takken	tɑkːn̩
takker	d̥akːiːr
takker	ˈtɑkːər
takket	tɑkːət
takknemlig	tɑkˈnɛmlɪ
takknemlig	tɑkːnɛmlɪ
takknemlige	tɑkˈnɛmlɪə
takknemligere	tɑkˈnɛmlɪɾə
takknemlighetsgjeld	tɑkːnæmlɪgɛtsjɛld
takknemligst	tɑkˈnɛmlɪkst
takknemligste	tɑkˈnɛmlɪkstə
takknemmelig	ˈtɑːknəmeːlɪ
takle	tɑklə
takle	ˈtɑklə
takleilighet	ˈtɑːkəlæɪːgɛt
takler	ˈtɑːkləɾ
takles	tɑːkləs
taklet	tɑːklɛt
takling	tɑːklɪŋ
takluke	tɑːklʉːkə
takrennene	ˈtɑːkɾənə
taksameteret	ˈtɑːksɑːmətərət
taksere	tɑkˈseːɾə
taksert	ˈtæksəɾt
takst	tɑkst
takst	ˈtɑːkst
takt	tɑkt
takt	tˈakt
takten	tɑːktən
takter	tɑktɛr
taktfast	ˈtɑktfɑst
taktfull	tɑktfʉl
taktfull	ˈtɑktfʉl
taktikk	tˈɑktˈɪk
taktikk	ˈtɑːktɪk
taktikken	ˈtɑktɪkən
taktikker	tɑktɪkər
taktisk	tɑktɪsk
taktisk	ˈtɑktɪsk
taktiske	ˈtɑːktɪskə
taktløs	ˈtɑktløːs
taktløs	ˈtɑːktløːs
taktløst	ˈtɑːktløst
tal	tɑːl
talbot	tɑlbɔt
tale	ˈtɑːlə
taleevnen	ˈtɑːləʋn̩
talefot	ˈtɑːləfuːt
talemåte	ˈtɑːləˌmoːtə
talen	ˈtɑːlən
talende	ˈtɑːlənə
talene	ˈtɑːlənə
talenter	ˈtɑːlən̩təɾ
talentfull	talentfˈɵll
talentløs	ˈtɑːlɛntløːs
talentløse	ˈtɑːlɛntløːsə
talentshowet	ˈtɑːlənshoːʋə
taler	ˈtɑːləʂ
taleren	ˈtɑːləɾən
talerstolen	ˈtɑːlɛʂˌtʉːlən
talerør	ˈtɑːləˌrœɾ
tales	tɑːləs
talgkjertel	ˈtɑlgçæʈəl
talglys	ˈtɑlglyːs
talia	ˈtɑːliɑ
talib	ˈtɑːlɪb
taliban	ˈtɑːlibɑːn
talismanen	tɑlɪsˈmɑːnə
talk	tɔːk
talking	tɑːkɪŋ
talkshow	tɔːlkshoː
talkum	tɑːkʉm
tall	tɑl
talla	tˢellɑ
tallene	talːənə
tallerken	tɑˈlæɾkən
tallerken	ˈtɑːləɾkən
tallerkenen	tallarkːɛn
tallerkenene	ˈtɑːləɾkənə
tallerkener	ˈtɑːləɾkənər
tallet	tɑllɑ
tallet	tɑlːət
talley	ˈtɑːlːə
tallinn	talɪn
tallmadge	ˈtɑːlmɑɾgə
tallrik	ˈtɑlɾiːk
tallrike	talːɾɪkə
tally	tɑlːi
talløse	ˈtɑːlœʃə
talman	tɑːlmɑn
talsmann	ˈtɑːlsman
talsmannen	ˈtɑːlsmanːn̩
talsmenn	tɑːlsmɛn
talt	taut
talt	tɑːlt
talte	tɑːltə
tam	tæm
tam	tɑm
tam	tˈɑm
tamara	ˈtɑːmɑːrɑ
tamarin	kamarˈiːn
tami	taːmi
tamir	tamiɾ
tamme	tɑmːə
tammy	ˈtæmːɪ
tamora	ˈtɑːmʊɾɑ
tampa	ˈtɑmpɑ
tampen	ˈtɑmːpən
tampong	tɑmˈpɔŋ
tamponger	tæmpɔŋɛr
tamt	ˈtɑmt
tamtam	tamtam
tan	tɑːn
tanaka	ˈtɑːnɑːkɑː
tancredi	tɑnˈʈʂi
tander	ˈtɑnəɾ
tanderød	tˀanˀd̥eːrˌøː
tandy	ˈtɑːndi
tang	taŋ
tang	tɑŋ
tanga	ˈtɑŋgɑ
tange	ˈtɑŋə
tangen	tæŋən
tangentene	ˈtɑŋːɛntn̩ə
tanger	ˈtɑŋːər
tango	tɑŋgo
tango	ˈtɑŋgu
tanguy	tɑŋgʉi
tania	ˈtɑːnɪə
tanis	tɑːnɪs
tanja	ˈtɑnjɑ
tank	tɑŋk
tank	tˈank
tankbil	ˈtɑŋkbɪl
tankbilen	ˈtɑŋkbɪlən
tanke	tɑŋkə
tanke	tʌnkɛ
tanke	ˈtɑŋkə
tankefull	ˈtɑŋkəful
tankefull	ˈtɑŋkəfʉl
tankegang	tæŋkəgɑŋ
tankegangen	tæŋkəgɑŋə
tankekontroll	tæŋkəˈkɔntɾɔl
tankeleser	ˈtɑŋkəlɛsər
tankeløs	t̪aŋg̊ɪløz
tankeløs	ˈtɑŋkəløs
tankeløs	ˈtɑŋkəløːs
tankeløse	tæŋkəløːsə
tankeløst	ˈtɑŋkəløs
tanken	tæŋkən
tankene	ˈtɑŋkənə
tanker	ˈtɑŋkər
tanket	ˈtɑŋkət
tankevekkende	tæŋkəˈvɛkn̩d̥ə
tanks	taŋks
tanksen	taŋkʂən
tankskip	ˈtɑŋːskɪp
tann	tn̥ɑn
tann	tɑn
tanna	tnɑnː
tannbørste	tɑnːbœʂtə
tannbørste	ˈtɑmbœʂtə
tannbørste	ˈtɑnbœʂtə
tannbørsten	ˈtɑnːbœʂtən
tannbørster	tɑnːbœʂtər
tannen	ˈtɑnːn̩
tanner	ˈtɑnːər
tannet	tˈannət
tannfeen	tn̥ɑnːfɛn
tannhjul	ˈtɑnjʉːl
tannkjøtt	ˈtɑnçœt
tannkjøttet	tn̥ɑnˈçøːtə
tannkrem	tn̥ɑnkrɛm
tannkrem	ˈtɑnkɾeːm
tannkrem	ˈtɑŋkɾeːm
tannkremen	tɑnːkrɛmən
tannlaus	tɑnːlɔs
tannlege	tɑnːlɛgə
tannlegen	tnɑːlɛgn̩
tannleger	tnɑːlɛgər
tannleger	tˢanlɛːg̊ɛr
tannpasta	tɑnpɑstɑ
tannpasta	tɑnːpɑstə
tannpine	tn̥ɑnːpɪnː
tannpirker	tɑnpɪɾkəɾ
tannpirker	tɑnːpɪrkɛɾ
tannpirkere	tɑnːpɪrkəɾə
tannregulering	tanrɛgjʊlərɪŋ
tanntråd	tɑnːtrɔː
tanntråd	ˈtɑntɾoː
tanntråden	ˈtɑnːtrɔːdən
tannverk	tn̥ɑnvɛɾk
tannverk	ˈtɑnʋæɾk
tannverk	ˈtɑɱʋæɾk
tant	fant
tanta	tɑntɑ
tante	tˈantə
tante	ˈtɑntə
tante	ˈtɑ̀ːntə
tanten	tɑntn̩
tantene	ˈtɑ̀ntənə
tanter	ˈtɑ̀nːtər
tantes	ˈtɑ̀ntəs
tanya	ˈtɑ̀njɑ
tanyas	tɑːnjɑːs
tanz	tɑns
tap	tɑːp
tapas	ˈtɑːpɑs
tape	tæɪp
tapen	ˈtɑːpən
tapene	ˈtɑːpənə
taper	tapɛ
taper	ˈtɑːpər
tapere	tapɛrˀə
tapere	ˈtɑːpɛɾə
taperen	ˈtɑːpəɾən
taperne	ˈtɑːpəɳə
tapet	tˈɑpɛt
tapet	ˈtɑːpət
tapeten	ˈtɑːpətən
tapetet	ˈtɑːpətɛt
tapetsere	tɑpətˈseːɾə
tapia	ˈtɑːpɪ
tapp	tɑp̚
tappe	ˈtɑpə
tapper	ˈtɑpər
tapper	ˈtɑpəɾ
tapperhet	tapːɛrheːt
tapperhet	ˈtɑpːərhɛt
tapperhetsmedalje	ˈtɑpːərhɛtsmɛdɑljə
tapperi	tˈɑpːɪri
tappert	ˈtɑpːər
tappet	ˈtɑpːət
tapre	ˈtɑːprə
tapreste	ˈtɑːprɛstə
tapt	tɑːpt
tapt	tˈapt
tapte	tˈaptə
tapte	ˈtɑːptə
tar	taːr
tara	tɑːɾɑ
tardisen	tɑɾdiːsən
tarek	ˈtɑːrək
tareq	tɑːɾɛk
target	ˈtɑːɾgə
tariq	tɑːɾɪk
tarjeg	taːɾjɛg
tarly	taːɭi
tarm	tɑɾm
tarm	t̪ørm
tarmen	tærmʲɪɴ
tarmen	tɑːɾmɛn
tarmene	taʁmənə
tarmer	ˈtɑːmr̩
tarmgass	taʁmgɑs
taro	ˈtɑːrʊ
tarp	taʂ
tarrant	ˈtɑːrɑnt
tars	taʂ
tarsus	ˈtɑːrsʉs
tarth	tɑɾt
tarvelig	ˈtɑɾʋəlɪ
tarvelige	ˈtɑɾʋəlɪə
tarvelige	ˈtɑːʋəlɪgə
tarveligere	ˈtɑɾʋəlɪɾə
tarveligst	ˈtɑɾʋəlɪkst
tarveligste	ˈtɑɾʋəlɪkstə
tarzan	tɑːɾtsɑːn
tarzans	ˈtɑːrtsɑns
tas	tɑːs
tasha	tɑʃɑ
taske	ˈtɑskə
tasmania	tasmanija
tasmania	tɑsmɑːniə
tass	tɑs
tasse	ˈtɑsə
tassen	ˈtɑsən
tast	tɑst
tastatur	ˈtɑstɑtʉɾ
tastaturet	ˈtɑstɑˌʈʉːɾə
taste	tɑːst
tastene	ˈtɑstənə
taster	ˈtɑːstər
tastet	ˈtɑstət
tata	tɑːtɑː
tate	ˈtɑːtə
tates	ˈtɑːtəs
tatiana	ˈtɑːti̯ɑːnə
tatooine	ˈtɑːtuːɪnə
tatovere	tɑtʊˈʋeːɾə
tatovere	ˈtɑːtʊvəɾə
tatoverer	ˈtɑːtʊvəɾə
tatovering	ˈtɑːtʊvərɪŋ
tatoveringene	ˈtɑːtʊvəɾɪŋənə
tatoveringer	ˈtɑːtʊvəɾɪŋər
tatovert	ˈtɑːtɔʋɛɾt
tatoverte	ˈtɑːtɔːvɛɾtə
tatsu	ˈtɑʈʂʉ
tatt	tɑt
tatum	tɑtʉm
tau	tæʉ
tau	tɑʉː
tau	tɛu
taubane	tæʉbɑːnə
taue	tɑʉ̯ː
taue	ˈtæʉə
tauene	ˈtæʉ̯ːnə
tauer	ˈtɑʉ̯ːr
tauet	ˈtæʉ̯ːt
taurus	tɑːʉ̯ɾʉs
taus	toʊz
taus	tæws
taus	tɔʊs
tause	tɔʊ̯s
taushet	ˈtæʉsheːt
taushet	ˈtæʉ̯sːət
tausheten	ˈtæʉ̯ːsɛtəɳ
taushetserklæring	ˈtæʉ̯sɛtsɛɭæːɾɪŋ
taushetsløfte	ˈtɑʉ̯sɛtsløftə
taushetsløftet	ˈtæʉ̯sɛtsløftət
taushetsplikt	tɑʉ̯sɛtsplɪkt
taushetsplikten	ˈtɑʉ̯sɛtsplɪktn̩
tavla	tɑʋlə
tavle	ˈtɑːvlə
tavlen	tɑːvl̥n̩
tavlen	tˈavlən
tavler	tˈɑvlər
taw	tɑːʋ
tawni	tɔʋnɪ
taxi	tɑːksɪ
taxien	ˈtɑksɪən
taxisjåfør	ˈtæksɪʃøːɾ
taylor	ˈtɑːlɔɾ
taylors	taɪlɔʂ
taystee	tɑɪ̯stɛ
te	teː
tea	tɛː
tea	tˈɛ
teach	tiːʃ
teal	tiːl
team	tiːm
team	tˈim
teamene	teːmənə
teamleder	tiːmlɛdər
teams	tiːms
teater	tɛˈɑːtəɾ
teater	tɛˈɑːtɾ
teateret	teatˈra
teaterstykke	tɛˈɑːtəʂtʏkə
teaterstykket	tˢeˀatˢˈɛsstˢəkːə
teatralsk	tɛɑˈtɾɑːlsk
teatret	teːɑ́tɾɛt
tech	tekʃ
technologies	ˈtɛknɔlɔgiːs
tector	tɛktɔr
teddybjørn	ˈtɛdːyˌbjøːɳ
teddybjørnen	ˈtɛdːyˌbjøːrn̩
teddyboy33	ˈtɛdɪbɔɪ
teddys	ˈtɛdːʏs
tee	tiː
teegan	teːgɑn
teen	tɛːn
teer	tˈɛɹ
tefre	tɛzrɑ
teft	teft
teften	tɛftn̩
tegn	tæɪn
tegne	teːɲə
tegnefilm	teːɲəfilm
tegnefilm	tæɪnəfɪlm
tegnefilmer	teːɲəfilmər
tegnene	teːɲːə
tegneprogram	tajnəprʉjɾam
tegneserie	tajnisɛɾiːa
tegneserie	ˈtæ̀ːɲsəɾɪ
tegneseriebutikken	ˈteːgnəsɛɾɪbʉːtɪkən
tegneseriefigur	ˈteːgnəsɛɾɪfɪgʉɾ
tegneseriene	ˈtæ̀ːɲsæɾɪən
tegnet	teːgn̩t
tegning	teːgɪŋ
tegning	tæɪnɪŋ
tegning	tˈaɪnɪŋ
tegninga	teːgɪŋa
tegningen	teːgnɪŋən
tegninger	ˈteːgɪŋər
tegnspråk	ˈtæɪnspɾoːk
teheran	ˈtæːhəɾɑn
teig	tæɪg
teip	teːp
teip	tˈaɪp
teipe	tiːpə
teipe	tˈaɪp
teipen	tæjpɪ̞n
teipen	tɛɪ̯pən
teiper	tˈaɪpər
teipet	tɛɪpət
teipet	tˈaɪpt
teit	teɪt
teit	tæɪt
teite	tiːtə
teiteste	teɪtəste
teiteste	tˈɛtɪstə
teiting	teɪtɪŋ
tekanne	ˈtæ̀kɑnə
teken	ˈteːkən
tekkelig	ˈtɛkəlɪ
tekkelige	ˈtɛkəlɪə
tekkeligere	ˈtɛkəlɪɾə
tekkeligst	ˈtɛkəlɪkst
tekkeligste	ˈtɛkəlɪkstə
tekken	ˈtɛkːən
tekkes	ˈtɛkəs
tekniker	ˈtæknɪkər
tekniker	ˈtɛknɪkəɾ
teknikerne	ˈtæknɪkəɳə
teknikken	ˈtæknɪkən
teknikkene	ˈtæknɪkənə
teknikker	ˈtæknɪkər
teknisk	ˈtɛknɪsk
teknologi	təknʊlʊˈgiː
teknologi	ˈtæknɔlɔgi
teknologisk	təknʊˈloːgɪsk
teknologisk	ˈtæknɔlɔgɪʃ
teknologiske	ˈtæknɔlɔgɪskə
tekst	tɛkst
tekst	tˈɛkst
teksta	tˈɛkstə
tekstbøkene	tˈɛkstbøːkina
tekste	tˈeksta
tekste	ˈtɛkstə
teksten	tˈɛkstɛn
tekstene	tˈɛkstnˈɛ
tekstene	ˈtɛkstənə
tekster	ˈtɛkstər
tekstet	ˈtɛkstət
tekstil	təkˈstiːl
tekstil	tɛkstil
tekstiler	tɛkstɪlɛɾ
teksting	tɛkstɪŋ
teksting	tˈɛkstɪŋ
tekstmelding	tɛkstˈmældɪŋ
tekstmeldingen	tɛkstmɛlɪŋən
tekstmeldinger	tɛkstmɛldɪŋər
tel	tɛl
tele	ˈtɛːlə
teleborian	ˈtɛːləbuːɾɪ̂ən
telefaks	teːlɛfɑks
telefaks	tˢeˀlˀɛfaks
telefaksene	tˢeˀlɛfaksne
telefakser	tˢeˀlˀɛfaksɛr
telefon	tɛlɛˈfuːn
telefon	ˈtɛləfoːn
telefonautomat	ˈtɛləfoːnɑʊ̯tɔmɑt
telefonavlytting	ˈtɛləfoːnɑʋlʏtɪŋ
telefonboks	ˈtɛləfɔnbɔks
telefonen	ˈtɛləfoːnən
telefonene	ˈtɛləˌfoːnənə
telefonere	tɛlɛfʊˈneːɾə
telefonieren	tɛlɛfɔˈniːɾən
telefonkatalogen	ˈtɛləfɔŋkɑtɑlugən
telefonkiosk	ˈtɛləfoːnkiɔsk
telefonkiosken	ˈtɛləfoːnkiɔskən
telefonlinje	ˈtɛləfoːlnɪŋə
telefonlinjen	ˈtɛləfoːlnɪn
telefonlinjene	ˈtɛləfoːlnɪnjə
telefonlinjer	ˈtɛləfoːlnɪnʂɐ
telefonloggen	ˈtɛləfoːnlogən
telefonmøte	ˈtɛləfoːnmuːtə
telefonnummer	tɛlɛˈfuːnʊməɾ
telefonnummeret	ˈtɛləfoːnːʉmɛɾ
telefonnumrene	ˈtɛləfɔnːʉmɾənə
telefonregningen	ˈtɛləfoːnɾɛgnɪŋən
telefonrør	tɛlɛˈfuːnɾøːɾ
telefonsamtalene	ˈtɛləfoːnsɑmtɑlənə
telefonsamtaler	ˈtɛləfɔnsɑmtɑːlɛɾ
telefonselger	ˈtɛləˌfoːnsɛlgər
telefonsvareren	ˈtɛləfɔnsʋɑːɾən
telegrafen	ˈtæləgrɑːfən
telegrafere	tɛlɛgrɑfɛɾɛ
telegraferte	ˈteːləgrɑːfɛɾtə
telegrafisk	tɛlɛˈgɾɑːfɪsk
telegram	tɛləˈgɾæm
telegram	tɛlɛˈgɾɑm
telegrammer	ˈtɛləgɑmər
telegrammet	ˈtɛləgɾɑmət
telegraph	ˈtæɪ̯ɛ̯foːg
teleks	ˈteːlɛks
telemetri	ˈtɛːləmetɾɪ
telenor	tɛəlˈnuːɾ
teleobjektiv	teːlɛʊbjɛktiːʋ
telepati	ˈtɛləpɑːtɪ
telepatisk	ˈtɛləpɑtɪsk
telepatiske	ˈtɛləpɑtɪskə
teleportere	ˈtɛləpɔtəɾə
teleportering	ˈtɛləpɔtəɾiŋ
teleskop	ˈtɛːlɛskɔp
teleskopet	ˈtɛːlɛskɔpət
teleskoprør	tələskuːbrœr
telford	ˈtɛlfɔɾ
tell	teːɭ
telle	tˈɛlə
telle	ˈtɛlə
tellegio	ˈtɛləgioː
teller	tˈɛlːə
teller	ˈtɛlːər
telles	ˈtɛlːəs
telling	tˈɛllˈiŋ
telling	ˈtɛlɪŋ
tellinga	ˈtæ̀lɪŋɑ
tellingen	ˈtɛlɪŋən
telt	teːlt
telt	tɛlt
telte	ˈtɛltə
teltene	ˈtɛltənə
teltet	ˈtɛltət
telttur	ˈtɛltʉːr
tema	teːmɑ
tema	tˈema
temaer	t̪eːmar
tembo	tɛmbʊ
temme	tɛmːə
temmelig	tɛməli
temmelig	tɛməlɪ
temmelig	tɛməlɪg
temmelig	tˌɛmmɛlˈɛ
temmer	tɛmːər
temmes	tɛmːɛs
temmet	tɛmːət
tempel	tempəl
tempel	təmpəl
tempelet	ˈtɛmːlə
tempelridder	ˈtɛ̀mːəlˌrɪdər
tempelriddere	ˈtɛmːəlˌrɪdːərə
tempelridderne	ˈtɛ̀mːəlˌrɪdːərnə
tempen	tˈɛmpə
tempen	ˈtæ̀mːpən
temperament	tɛmpæɾɛˈmɛnt
temperatur	tɛmpəɾɑˈtʉːɾ
temperatur	ˈtæmpəɾɑːtʊɾ
temperaturer	ˈtæ̀mpəɾɑtʉɾ
temple	ˈtɛmlə
templer	ˈtɛmplər
templeton	ˈtɛməlton
tempo	tˈɛmpo
tempo	tˈɛmpʊ
tempoet	ˈtɛmpoːt
tempus	tˈˈmpʊs
temt	tˈɛmt
ten	tɛn
tendens	ˈtɛnːəns
tendenser	ˈtɛndənsər
tendert	tˢeˀnˀdərtˢ
tenenbaum	ˈtɛːnəmbʊm
tengene	teŋne
tenger	ˈtɛŋːər
tenk	tɛŋk
tenk	tˈɛŋk
tenke	tɛŋkə
tenke	ˈtæŋkə
tenke	ˈtɛŋkə
tenkelig	ˈtɛŋkəlɪ
tenkelige	ˈtɛŋkəlɪgə
tenkemåte	ˈtɛŋkəˌmɔːtə
tenkende	ˈtɛŋkənə
tenker	ˈtæŋkər
tenkere	ˈtɛŋkəɾə
tenkes	ˈtɛŋkə
tenking	ˈtɛŋkɪŋ
tenkingen	ˈtɛŋkɪŋən
tenkning	tˈɛŋknɪŋ
tenkt	tɛŋk
tenkt	tɛŋkt
tenkte	ˈtɛŋktə
tenkte	ˈtɛŋtə
tenn	tn̩
tenna	fɛnno
tenna	ˈtɛnːə
tenne	ˈtɛnə
tenne	ˈtɛnːə
tennene	ˈtɛnːənə
tenner	tænɪ̞ɾ
tenner	ˈtɛnːər
tennes	ˈtɛnːəs
tenning	tɛnɪŋ
tenningen	tˈɛnːɪŋən
tenningen	ˈtæŋːɪŋ
tenningene	tˈɛnniŋnˈɑ
tennis	tˈɛnəs
tennis	ˈtɛnɪs
tennisracket	ˈtɛnɪsɾækət
tennisspiller	ˈtɛnɪsːpɪlər
tennvæske	ˈtɛnvɛskə
tennyson	ˈtɛnːsʏn
tent	tɛnt
tent	tˈɛnt
tentaklene	ˈtɛntɑklənə
tentakler	ˈtɛntɑkləʂ
tentamen	tɛntɑmɯn
tentamen	ˈtɛntɑmən
tente	tˈɛntə
tente	ˈtɛntə
tenåring	ˈtɛnoːɾɪŋ
tenåringen	ˈtæ̀nɑːrɪŋ
tenåringer	ˈtæ̀nɑ̀ɾɪŋər
tenårings	ˈtæːnɑːrɪŋs
tenåringsgutter	ˈtæːnɑːrɪŋsgʉtːər
tenåringsjenter	ˈtæːnɑːrɪŋsjɛntər
teo	teː
teodora	seʊduːra
teolog	təʊˈloːg
teologisk	təʊˈloːgɪsk
teoretisk	təʊˈɾeːtɪsk
teori	ˈtæʊɾiː
teorien	ˈtøːɾiən
teppe	tepːə
teppe	ˈtɛpə
teppene	ˈtɛ̀ːpənə
tepper	tepːr
teppet	ˈtɛpət
ter	teːr
terapeuter	tɛrɑpɛytiɾ
terapeuter	ˈtæːɾɑːpøːtər
terapeutisk	tæræpæʉtjɪsk
terapeutisk	ˈtæːrɑˌpøːtɪsk
terapi	ˈtæɾɑpɪ
terapien	ˈtæɾapɪən
teresa	ˈtɛrɛsa
terge	tɛɾgə
terger	ˈtæɾgər
terje	tɛɾjə
term	tæɾm
term	tɒɾim
termin	ˈtæɾmɪn
terminal	tæɾmjnɒːl
terminal	tæɾmɪˈnɑːl
terminal	ˈtɛɳɾɪɑːl
terminator	tɛrminɑtɔr
termisk	tɛɾmɪsk
termitter	tɛrmɪtɛr
termometer	tæɾmʊmɛtɛɾ
termometer	tˢɛrmˀuːmətˢiːr
termometeret	ˈtæːɾmʊmɛɾət
termometre	t̪eɾmomet̪r̥a
termos	tarɪmus
termosen	ˈtæɾmʊsn̩
termoser	t̪æɾmʊsɯr
termostaten	ˈtæɾmʊstɑːtən
terningene	ˈtæːɳɪŋnə
terpentin	tɛɾpɛntɪn
terra	tɛrɑː
terrance	ˈtæʁəns
terrasse	tæˈɾɑsə
terrasse	tɛˈɾɑsə
terrasse	ˈtæʂə
terrassen	ˈtæɾɑsən
terrassere	tæɾɑˈseːɾə
terrell	ˈtɛrəl
terreng	teːˈɾɛŋ
terreng	ˈtæɾəŋ
terrenget	ˈtæɾəngət
terrengsykkel	tɛˈɾæsʏkəl
terri	ˈtæɾːɪ
terrier	tɛrɪɛ
territoriene	ˈtæɾɪtɔɾɪənə
territorier	ˈtæɾɪtɔɾɪɛɾ
territoriet	ˈtæɾɪtɔɾɪɛt
territorium	ˈtæɾɪtɔɾiʊm
terror	tajɾuɾ
terror	ˈtæɾʊɾ
terrorangrepet	ˈtæɾʊɾɑŋɾɛpət
terrorhandling	ˈtæɾʊɾhɑːndlɪŋ
terrorhandlinger	ˈtæɾʊɾhɑndlɪŋgɑɾ
terroriserer	ˈtæɾʊɾɪsɛrɛɾ
terroriserte	ˈtæɾʊɾɪsɛɾtə
terrorisme	ˈtæɾʊɾɪsmə
terrorismen	ˈtæɾʊɾɪsmən
terroristangrep	ˈtæɾʊɾɪstɑŋgɾæp
terroristen	teroɾistɛn
terroristen	ˈtæɾʊɾɪstən
terroristgruppe	ˈtæɾʊɾɪstgɾʉːpə
terroristmål	ˈtæɾʊɾɪstmoːl
terrorpakken	ˈtæɾʊpɑkːn̩
terrys	ˈtæʂː
terskel	ˈtɛʂkəl
terskelen	tâˈʃkɛlɛn
terskelen	ˈtæʂkələn
tese	ˈteːsə
teselskap	teːsəlskɑp
teskje	ˈteːʂeː
tesla	teːsla
tess	tsɛs
tess	tɛs
tessa	ˈtɛsːə
tessee	teːʃeː
tesseracten	ˈtɛsəɾɑktn̩
tessie	ˈtɛsɪ
test	tɛst
testament	tɛstɑmɛnt
testamente	tɛstamentə
testamente	tɛstɑmɛntɛ
testamenter	ˈtɛstamən̩tər
testamentere	t̪est̪ament̪eɾe
testamentet	tɛstamɛntɛ
teste	trɛsta
teste	ˈtɛstə
testen	tɛʂn
testene	tɛstɛnə
testes	tɛstəs
testet	tɛstɛt
testikkel	ˈtɛstɪkəl
testikkelkreft	tɛstɪkɛlkræft
testikkelkreft	tˈɛstˈɪkəlkrəft
testiklene	tɛstɪkˈleːnə
testikler	ˈtɛstɪkləɾ
testing	ˈtɛstɪŋ
testingen	tɛstɪŋən
testosteron	tɛstɔstɛrɔn
testpilot	tɛstpɪlət
testresultater	tɛstʁesʉltɑtɑ
tet	tɛt
tetgruppe	tˢeˀtˢgˌɾuːppə
tett	tɛt
tette	ˈtɛtə
tette	ˈtɛtːə
tetter	ˈtɛtər
tettere	ˈtɛtəʁə
tettet	tɛt̪ːɛt
tetthet	ˈtɛtːhɛt
tevis	teːʋɪs
tex	tɛks
text	tɛkst
teyla	teɪlɑ
tgs	tgs
th	θ
tha	θa
thack	θɑk
thackeray	θɑkəɾɑj
thackery	θɑkɛɾi
thaddeus	θædeːs
thadeous	θɑːdøʊs
thai	θɑɪ
thailand	θɑɪˈlæɳ
thailenderen	tˈɑjlˈɛnˌɛɾn
thaimat	θæɪmɑt
thanatos	θæˈnɑːtɔs
thank	θæŋk
thanks	tɑŋks
thanksgiving	θæŋksɪvɪŋ
thatcher	ˈtɑʈçər
thaulow	tˈoʊlˈʌv
thea	θeː
theater	θeːɑːtər
theatre	θɛɪɪtɾ
theil	θæɪ̯l
theis	θæɪ̯s
thelma	θɛlmɑ
themistokles	θemiˈstɔkləs
then	θɛn
theo	θøː
theodore	θeːɔdɛːɾ
theon	θøːn
theresa	θeːɾɛsɑ
therese	θeːɾɛs
thierry	θɪɛʁi
thing	θɪŋ
things	θɪŋs
this	ðɪs
thomas	tˈɑməs
thomas	θɔmɑs
thompson	θɔmspɔn
thompsons	θɔmpsəns
thomsen	θɔmˈsɛn
thomson	θɔmˈsɔn
thor	θɔːr
thora	tʊra
thore	tˈuːrə
thoresen	tˈuɾɪsin
thorin	θɔɾɪn
thorleif	tˈudlˈaɪf
thorn	θɔːn
thorne	θɔːnə
thornhill	θɔːnɪl
thornton	θɔːɳtɔːn
thorolf	tʊrɔlf
thoros	θɔɾɔs
thorp	θɔɾp
thorpe	θɔɾpə
thorsen	θɔʂən
thorson	θɔʂɔn
thorwald	θɔrvɑːl
thousand	tʰʉːsɛnd
thule	θʉːlə
thunder	tʰʉndɾ
thunderbird	θʉndɛɾbɪɾd
thurston	θʏrstɔn
thyra	θʏːɾɑ
théo	θøː
théoden	θeːɔdən
thörnblad	θœːɳblɑː
ti	ti
ti	tiː
ti	ti˥˩
ti-tolv	tiːˈtolv
tia	tiːɑ
tiana	tiɑːnə
tiara	tiːɑːɾ
tiaraen	tiːɑːrən
tiberius	tiːbɛɾʉs
tibet	tiːbɛt
tibetansk	tiːbɛtɑːnsk
tibetanske	tiːbɛtɑnskə
tic	tɪk
tid	tiːd
tida	tiːdɑ
tidd	tˈid
tidde	tiːd̥ə
tide	tiːd̥ə
tiden	tiːdən
tidene	tiːdənə
tidene	tˈiːdnə
tidenes	tiːdənəs
tidens	tiːd̥əns
tider	tiːd̥ər
tiders	tiːd̥ɛʂ
tidevann	tiːdəʋɑn
tidevannet	tiːdɛvɑnː
tidigere	tiːdɪgəɾə
tidiig	tiːdiːg
tidiigere	tiːdiːgə
tidkrevende	tiːkɾævn̩d̥
tidlig	tiːdlɪ
tidlige	tiːɭɪ
tidligere	ˈtiːlɪɾə
tidløs	tiːɭøːs
tidsalder	tiːsɑldər
tidsfordriv	tiːdsfɔɖɾɪv
tidsforskjellen	tiːdsfɔʂkjeːlən
tidsfrist	tiːdsfrɪst
tidsfristen	tiːdsfrɪstən
tidsinnstilt	tiːsɪnːstɪlt
tidslinja	tiːdsliŋa
tidslinje	tiːdsliːnjə
tidslinjen	tiːdsliːnjən
tidsmaskin	tiːdsˈmɑʃɪn
tidsmaskinen	tiːdsmɑskɪn̩
tidsmessig	tiːdsˈmɛsɪ
tidsmester	tiːdsˈmɛstə
tidsmesterne	tiːdsˈmɛst̪n̩
tidsnok	tiːdsnɔk
tidsperiode	tiːdspeˈɾiːdə
tidsplan	tiːdsplan
tidsplanen	tiːdsplɑːn
tidspunktene	tiːpʰʉŋk'tənə
tidspunktet	tiːpʃkʰɛt
tidsramme	tiːdsˈrɑmːə
tidsrammen	tiːdsˈrɑmən
tidsreise	tiːdsrɛɪsə
tidsreisende	tiːdsˈɾæɪ̯sən̩d̥ə
tidsreiser	tiːdsˈrɛɪ̯sər
tidsriktig	ˈtɪtsɾɪktɪ
tidsskjemaet	tiːgʃɕeːmɑː
tidsskrift	tiːgʃkrɪft
tidsskrift	ˈtɪtskɾɪft
tidsskrifter	tiːɕskriːftər
tidsskriftet	tiːɕkrɪftət
tidssonen	tiːsːɔn
tidsspørsmål	tiːʂpœʂmɔːl
tidsstrømmen	tiːdsstrœmən
tidvis	tiːvɪs
tie	tiː
tiende	tiːndə
tier	tiːr
tier	tˌiːr
tieran	tiːɑːn
tiere	tiːɾə
tiff	ʈɪfː
tig	tɪg
tiger	tiːgər
tiger	t̪iːkɪ̞ɾ
tigere	tiːgɛɾə
tigeren	tiːgəɾən
tigerens	tiːgəɳ
tigergutt	tiːgɛɾgʉt
tigers	tiːgɛʂ
tigge	tiːgːə
tigge	ˈtɪgə
tigger	ˈtɪgːər
tiggere	ˈtɪgːərə
tiggerne	tˈɪgarnˈø
tigget	tɪgːət
tigget	tˈɪgːɪt
tiggs	tɪgs
tighmon	tiːgmɔn
tight	tɑɪ̯t
tigre	tiːgrə
tigrene	tɪgrənə
tigress	tiːgrɛs
tii	tiː
tiibake	tiːbɑkə
tiigi	tiːgi
tijuana	tiːˈjʉ̂ːɑːnə
tik	tɪk
tiki	tɪkɪ
tikk	tɪk
tikke	ˈtɪkə
tikke	ˈtɪkːə
tikkende	tɪkːənə
tikker	tɪkːər
til	
til	tiːl
til	tɪl
til	ˈtɪl
tilba	tiːlba
tilbad	tˢɪlˀbaː
tilbak	tiːlbɑk
tilbake	tsɛpaːke
tilbake	tɪlbɑːkə
tilbake	tɪlˈbɑːkə
tilbake	ˈtɪlbɑːkə
tilbakebetale	ˈtɪlbɑːkəˌbɛːtɑːlə
tilbakebetalt	ˈtɪlbɑːkəˌbɛːtɑlt
tilbakeblikk	ˈtɪlbɑːkəblɪk
tilbakeholden	tɪlˈbɑːkəhɔlən
tilbakeholden	ˈtɪlbɑːkəhɔldən
tilbakeholdenhet	ˈtɪlbɑːkəhɔːldənhɛt
tilbakeholdt	ˈtɪlbɑːkəhɔlt
tilbakekalt	ˈtɪlbɑːkɑlt
tilbakekomst	ˈtɪlbɑːkɔmst
tilbakekomsten	ˈtɪlbɑːkɔmstən
tilbakemelding	ˈtɪlbɑːkəˌmɛldɪŋ
tilbakemeldingen	tˈɪbakeːməlˈiːŋən
tilbakemeldinger	ˈtɪlbɑːkəˌmɛldɪŋər
tilbakereise	tɪlbɑːkəɾæɪse
tilbakeslag	ˈtɪlbɑːkəslɑːg
tilbakespoling	tˈɪlbakˀɛspuˀlˀɪŋ
tilbakestående	ˈtɪlbɑːkəˌsteːɳɪ
tilbaketrekking	ˈtɪlbɑːkətrekɪŋ
tilbaketrekning	ˈtɪlbɑːkətreːkŋ
tilbaketrukket	ˈtɪlbɑːkətrʉkːə
tilbakeveien	ˈtɪlbɑːkəˌʋæɪən
tilbakevendende	ˈtɪlbɑːkəˌʋɛndənə
tilbe	tiːlbə
tilbe	ˈtɪlbeː
tilbedelse	tiːlbɛɖəlsə
tilbeder	tjlbeːðər
tilbedt	tiːlbɛt
tilbehør	tiːlbəhør
tilbehør	tˢilb̥eːhøːr
tilbehøret	ˈtɪlbəhøːɾ
tilber	tilber
tilber	tɪlbɛr
tilberede	tiːlbɛɾeː
tilberede	tjlbræðæ
tilberede	ˈtɪlbəɾeːdə
tilberede	ˈtɪlbɛɾeːdə
tilbereder	ˈtɪlbəˌɾeːɖər
tilberedt	ˈtɪlbɛrɛt
tilbragt	ˈtɪlbɾɑkt
tilbragte	ˈtɪlbɾɑktə
tilbrakt	tiːlbrɑːkt
tilbrakt	tˈɪlbrakt
tilbrakte	ˈtɪlbɾɑktə
tilbring	tiːlbrɪŋ
tilbringe	ˈtɪlbɾɪŋə
tilbringer	tiːlbɾiŋgər
tilbud	tiːlbuːd
tilbud	ˈtɪlbʉːd
tilbudene	tiːlbuːdən
tilbudet	tiːlbuːdət
tilbudt	tiːlbʉt
tilby	tiːlbyː
tilby	ˈtɪlbyː
tilbydde	ˈtɪlbʏdə
tilbyr	tˢiːlbyːr
tilbyr	ˈtɪlbʏɾ
tilbys	tiːlbʏʃ
tilbød	ˈtɪlbøː
tilbørlig	tɪlˈbøːɭɪ
tilbørlige	tɪlˈbøːɭɪə
tilbørligere	tɪlˈbøːɭɪɾə
tilbørligst	tɪlˈbøːɭɪkst
tilbørligste	tɪlˈbøːɭɪkstə
tilbøyelig	tɪlˈbœjəlɪ
tilbøyelig	ˈtɪlbœʏəlɪ
tilbøyelige	tɪlˈbœjəlɪə
tilbøyeligere	tɪlˈbœjəlɪɾə
tilbøyelighet	ˈtɪlbøɪəlɪçɛt
tilda	tɪlda
tilde	ˈtɪldə
tildekket	ˈtɪldɛkət
tildele	tɪlˈdələ
tildele	ˈtɪldeːlə
tildeler	tiːlˈdæɭər
tildeles	tɪlˈdeːləs
tildeling	tˈɪlˈɛnˈ
tildelt	tiːlˈdælt
tildelte	tiːldəlte
tilden	tɪldə
tilegne	ˈtɪlæɪnə
tilegner	tiːlɛŋər
tilegnes	tiːlɛɲs
tilegnet	tiːlɛgn̩
tilfalle	ˈtɪlfɑlə
tilfaller	ˈtɪlfɑlɐ
tilfeldig	tɪlfɛlɪg
tilfeldig	tɪlˈfɛldɪ
tilfeldige	tɪlfɛldɪgə
tilfeldige	tɪlˈfɛldɪə
tilfeldigere	tɪlˈfɛldɪɾə
tilfeldighet	tɪlˈfɛldɪheːt
tilfeldighet	ˈtɪlfəɛlɪgɑt
tilfeldighetene	ˈtɪlfəlɪɣə
tilfeldigheter	ˈtɪlfəldeɪ̯tər
tilfeldigvis	ˈtɪlfəlɪgʋɪs
tilfelle	ˈtɪlfələ
tilfellene	tjlfɛllmˈɑː
tilfellene	ˈtɪlfələnə
tilfeller	tiːlfɛlɐ
tilfellet	tˈɪlfˈɛllə
tilfellet	ˈtɪlfələt
tilflukt	ˈtɪlflykt
tilfluktsrom	ˈtɪlflyksˌɾoːm
tilfluktsrommet	ˈtɪlflyksˌɾɔmːə
tilfluktssted	ˈtɪlflyksˌstɛt
tilfreds	ˈtɪlfrɛds
tilfredse	ˈtɪlfrədsə
tilfredshet	tiːlfɾɛdsɛt
tilfredsstille	ˈtɪlfɾɛdsstɪlə
tilfredsstillelsen	ˈtɪlfɾɛdsʈɪləʂn
tilfredsstiller	ˈtɪlfrədsstɪləɾ
tilfredsstilte	ˈtɪlfɾɛstsɪltə
tilføre	tiːlføːɾə
tilføre	ˈtɪlføːɾə
tilfører	ˈtɪlføːrər
tilførsel	ˈtɪlfʁøːsəl
tilførselen	ˈtɪlfʁøːsələn
tilføyde	tˈɪlføjda
tilføye	tiːlˈfœʏə
tilføye	ˈtɪlfœjə
tilga	tiːlgɑ
tilga	tjɪlga
tilgang	kilkoːnˀ
tilgang	tiːlgɑŋ
tilgangen	ˈtɪlgɑŋən
tilgangskode	tilgɑngsko˥˩ːda
tilgir	tiːlgiːr
tilgis	ˈtɪlgɪs
tilgitt	tiːlgɪt
tilgitt	tjljˈət
tilgivende	tɪlgiːvəndə
tilgjengelig	ˈtɪljɛŋəlɪ
tilgjengelige	tɪlˈjɛŋəlɪə
tilgjengelige	ˈtɪljɛŋəlɪ
tilgjengeligere	tɪlˈjɛŋəlɪɾə
tilgjengelighet	tɪlˈjɛŋəlɪheːt
tilgjengeligst	tɪlˈjɛŋəlɪkst
tilgjengeligste	tɪlˈjɛŋəlɪkstə
tilgjort	ˈtɪljʊʈ
tilhenger	tiːlhɛŋər
tilhenger	tɪlhɛŋəɾ
tilhenger	tˈɪlhɛŋiɾ
tilhengere	tiːlhɛŋɛr
tilhengeren	tiːlhɛŋəɾən
tilhengerne	tiːlheŋːɛrnə
tilholdssted	ˈtɪːlhɔlsˌstɛː
tilhøre	tiːlˈhøːrə
tilhøre	ˈtɪlhøːɾə
tilhørende	ˈtɪlhøːrənə
tilhører	tiːlhøːr
tilhører	ˈtɪlhøːɾəɾ
tilhørighet	ˈtɪlhøːrɪgʰɪt
tilhørt	tiːlhøɾt
tilhørte	tiːlhœɾtə
tilintetgjorde	ˈtɪlɪntɛtgɾøːɾə
tilintetgjort	ˈtɪ̀ːlɪntəgjɔɾt
tilintetgjør	ˈtɪ̀ːlɪntɛtˌjøːr
tilintetgjøre	tjlintetjøːre
tilintetgjøre	tɪlˈɪntətjøːɾə
tilintetgjøre	ˈtɪlɪntɛtˌjøːɾə
tilintetgjørelse	ˈtɪlɪntɛtgjøːɭə
tilintetgjøres	ˈtɪlɪntəgjøːɾəs
tilkall	tiːkɑlː
tilkalle	ˈtɪlkɑlə
tilkaller	ˈtɪlkɑlːər
tilkalt	tiːlkɑlt
tilkalte	ˈtɪlkɑltə
tilkjenne	ˈtɪlçɛnə
tilkjennegi	tɪlˈçɛnəjiː
tilknytning	ˈtɪːklynːɪŋ
tilknytninger	ˈtɪːklynːtɪŋər
tilknyttet	ˈtɪlknyːtə
tilkoblet	ˈtɪlkɔblət
tilkobling	ˈtɪlkɔblɪŋ
tilkommende	tiːlˈkɔmːənə
tilkommende	ˈtɪlkɔmənə
tilkommer	ˈtɪlkʰʊmər
tillat	ˈtɪlːɑt
tillate	ˈtɪlɑːtə
tillate	ˈtɪlːɑːtə
tillatelse	ˈtɪləˌtɛlsə
tillatelsen	ˈtɪlːɑtəlsən
tillatelsene	ˈtɪləˌtælsənə
tillatelser	ˈtɪlːɑtəlsər
tillater	ˈtɪlːɑːtər
tillates	ˈtɪlːɑtəs
tillbake	ˈtɪlbɑːkə
tillegg	tˈɪləgg
tillegg	ˈtɪləg
tillegget	tɪlːgət
tiller	tɪlːər
tillit	ˈtɪlɪt
tilliten	ˈtɪlɪtən
tillitsfull	ˈtɪlɪtsfʉl
tillitsfull	ˈtɪlːɪtsfʉl
tillman	tɪlmɑn
tillot	tɪlɔt
tilmed	tɪlˈmeː
tilnavn	tiːlnɑːvn
tilnavnet	tiːlnɑvn̩t
tilnærmelser	ˈtɪlnæɾməlsər
tilnærmet	ˈtɪlnæɾmət
tilnærmingen	ˈtɪlnæɾmɪŋən
tilpasning	tjlposnˈeːŋ
tilpasning	ˈtɪlpɑːsnɪŋ
tilpass	tɪlpɑs
tilpasse	ˈtɪlpɑsə
tilpasser	ˈtɪlpɑsər
tilpasses	ˈtɪlpɑsːə
tilpasset	ˈtɪlpɑsːə
tilredt	ˈtɪləɾɛt
tilrettelegger	ˈtɪlrɛtəlɛgər
tilråde	ˈtɪlɾoːdə
tilrådelig	tɪlˈɾoːdlɪ
tilrådelig	tɪlˈɾoːdəlɪ
tilrådelig	ˈtɪlɾɔːdəlɪ
tilrådelige	tɪlˈɾoːdəlɪə
tilrådeligere	tɪlˈɾoːdəlɪɾə
tilrådeligste	tɪlˈɾoːdəlɪkstə
tilsammen	tiːlsɑmən
tilsatt	tiːlsɑt
tilsendt	ˈtɪlsɛnt
tilsett	tiːlˈsɛt
tilsette	ˈtɪlsɛtə
tilsetter	ˈtɪlsɛtər
tilsi	ˈtɪlsiː
tilsidesatt	ˈtɪlsɪdəsɑt
tilsier	tiːlsiːr
tilskudd	tiːlskʉd
tilskuer	tɪlskʉːəɾ
tilskuer	ˈtɪlsgʉɐ̯
tilskuere	tiːlɛskə
tilslutt	ˈtɪlsɭʉt
tilson	tiːlsɔn
tilstanden	tiːlˈstɑnːən
tilstander	tiːlʃtanːər
tilstede	tʲɪlstʲed
tilstede	ʈɪlstɛːdə
tilstedeværelse	ˈtɪlstədæɾləsə
tilstedeværelsen	ˈtɪlstədæɾɛlsən
tilstedeværende	ˈtɪlstədæɾɛndə
tilstelning	ˈtɪlstlɛnɪŋ
tilstelningen	ˈtɪlstəlɪŋən
tilstelninger	tiːlstɛlnɪŋɐ
tilsto	ʈɪlstɔ
tilstod	ˈtɪlstɔː
tilstrekkelig	ˈtɪlstɾɛkəlɪ
tilstrekkelige	tɪlˈstɾɛkəlɪə
tilstrekkeligst	tɪlˈstɾɛkəlɪkst
tilstrekkeligste	tɪlˈstɾɛkəlɪkstə
tilstå	tiːlstoː
tilstå	ˈtɪlstoː
tilståelse	ˈtɪlstøːəlsə
tilståelsen	tiːlstoːɫsən
tilståelser	ˈtɪlstøːɛlsɐ
tilstår	tˢiːlstˢoːr
tilstår	ʈɪlstɔːr
tilstått	ˈtɪlstɔt
tilstøte	ˈtɪlstøːtə
tilstøtende	ˈtɪlstøːtənə
tilsvare	ˈtɪlsʋɑːɾə
tilsvarende	ˈtɪlsʋɑːrənə
tilsvarer	ˈtɪlsʋɑːrər
tilsyn	ˈtɪlsʏn
tilsynelatende	ˈtɪlsʏnəlɑtənə
tilsynsfører	ˈtɪlsʏnsfœːr
tilsynsføreren	ˈtɪlsʏnsfœːrən
tilsølt	tiːlsœlt
tilta	tˢelˢtˢɑˀ
tilta	ˈtɪltɑː
tiltak	ˈtɪltɑk
tiltakene	ˈtɪltɑkənə
tiltal	ˈtɪltɑːl
tiltale	ˈtɪltɑːlə
tiltalen	ˈtɪltæːlən
tiltalende	ˈtɪltɑːlənə
tiltalene	ˈtɪltɑːlənə
tiltaler	ˈtɪltɑːlɐ
tiltales	ˈtɪltɑːləs
tiltalt	tiːltɑlt
tiltalte	ˈtɪltɑltə
tiltaltes	ˈtɪltɑltəs
tiltar	tiːltɑr
tiltrakk	tiːlˈtrɑkː
tiltre	ˈtɪltɾeː
tiltrekke	ˈtɪltɾɛkə
tiltrekkende	tɪlˈtrɛkn̩d̥ə
tiltrekker	ˈtɪltɾɛkər
tiltrekkes	ˈtɪltɾɛkəs
tiltrekning	ˈtɪltɾɛknɪŋ
tiltrekningen	ˈtɪltɾæknɪŋ
tiltro	ˈtɪltɽʊ
tiltro	ˈtɪltɾuː
tiltru	tɪltɾʉː
tiltrukket	ˈtɪltrʉkət
tilvirke	ˈtɪlʋɪɾkə
tilværelse	tiːlvæːɾləs
tilværelsen	tiːlvæːɾəlsn̩
tilårskommen	tɪlˈoːʂkɔmən
tim	tɪm
timberlake	ˈtɪmbəlˌleɪk
timbuktu	ˈtɪmbʊktʉ
time	fima
timeglass	tiːməglɑs
timeglasset	ˈtɪ̀ːməglɑsːə
timen	tiːmən
timene	tiːmənə
timene	tiːmɪ̞nɪ̞
timeplanen	ˈtɪmːplɑːnən
timer	ˈtɪmər
timeren	ˈtɪməɾən
timers	tiːmərs
times	ʈiːmːs
timet	tiːmət
timevis	tiːməʋɪs
timian	ˈtɪmɪɑn
timing	ˈtɪmɪŋ
timingen	tiːmɪŋən
timmi	tɪmɪ
timmons	tɪmɔns
timmy	tɪmːɪ
timo	tiːmuː
timon	tiˈmuːn
timothy	ˈtɪmʊti
tims	tiːms
tin	tɪn
tin-tin	ˈtɪntɪn
tina	tiːnɑ
tindall	tɪndɑɭ
tinder	tɪnd̥ər
tindre	ˈtɪndɾə
tine	tiːnə
tiner	tɪnɛɾ
ting	tɪŋ
ting	tˈɪŋ
tinga	tiŋgɑ
tinge	ˈtɪŋə
tingeling	tiŋəlɪŋ
tingen	tiŋən
tingene	tiŋənə
tingenes	tiŋənɛs
tingesten	tiŋˈɛstən
tinget	tiŋːət
tinghus	tiŋhʊs
tinghuset	tiŋˈhʉːsə
tinglyse	ˈtɪŋlyːsə
tingrett	tˈɪŋrət
tingretten	tiŋˈrɛtːn̩
tinker	ˈtɪŋkər
tinkler	ˈtɪŋkləɾ
tinn	tsiːn
tinn	tɪn
tinningen	tɪnɪŋː
tino	tiːnuː
tinte	tɪntə
tintin	ˈtɪntɪn
tiny	tɪnɪ
tip	tiːp
tipp	tɪp̥
tippe	tˈɪpˈa
tippe	ˈtɪpə
tippe	ˈtɪpːə
tipper	ˈtɪpːər
tippet	ˈtɪpət
tippoldefar	tipːoːlˀdɛfɛːr
tips	tiːps
tips	tɪps
tips	tˈips
tipse	tiːpse
tipsen	tiːpsən
tipser	tipsə
tipser	tiːpsər
tipset	tipˈsə
tipset	tiːpʰsɛt
tiramisu	tiɾamisuː
tirane	tˈiɾane
tirith	tiːɾɪθ
tirre	tiːɾːə
tirsdag	tiʂdaː
tirsdag	ˈtiːʂdɑg
tirsdager	tiʂˈdaːgər
tis	tiːs
tischler	tiʃlɛr
tish	tiʃ
tispe	tiːspə
tispe	ˈtɪspə
tispen	tiːspən
tispene	tiːspəne
tisper	ˈtɪspəɾ
tiss	tis
tiss	tsɪs
tisse	tˈɪs
tisse	ˈtɪsə
tissen	ˈtɪsn̩
tisser	ˈtɪsər
tisset	ˈtɪsːɛt
tissetrengt	ˈtɪsːəstrɛŋt
tistel	ˈtɪstəl
titalls	ˈtɪtɑɭs
titan	tiːtaːn
titanic	tɪtæɳɪk
titlene	tɪtləˈnə
titler	tˈitlər
titler	ˈtɪtlɐr
tito	tɪtʊ
titt	tɪt
titt-tei	ʈɪtːɛɪ
titte	tˢitˢə
titte	ˈtɪtə
titte	ˈtɪtːə
tittel	ˈtɪtl̩
tittelen	ˈtɪtələːn
tittelkamp	ˈtɪtl̥kɑmp
tittelkampen	ˈtɪtl̥kɑmpən
titter	ˈtɪtːər
tittet	ˈtɪtːə
tituba	tɪtʉbɑ
titulere	tɪtʉˈleːɾə
titusener	ˈtiːtʉsnər
titusenvis	tɪtʉsənviːs
titzi	tɪtsi
tiur	tiu
tiuren	tˈiːrˈn
tivo	tiːvʊ
tivoli	tivole
tivoli	tiˈvɔlɪ
tivoli	ˈtiːʋʊli
tivoliet	tiˈvuːlɪə
tiår	tɪɔːr
tiårene	tiːɑːrənə
tiåret	tiːɑːɾət
tiåring	tiːɾɪŋ
tié	tiː
tj	tɕ
tj	tɕɛː
tj	tʃ
tja	tʃa
tjafsete	ˈçɑfsətə
tjall	tʃɑl
tjeldstø	kjˈɛlstøː
tjen	ʈçɛn
tjene	tsʲæna
tjene	ˈtjeːnə
tjener	tʃeɪnər
tjener	ˈtjeːnəɾ
tjenere	tjˈɛnrˈɛ
tjenerinne	tjeːnəɾˈɾɪnə
tjeneste	siːrnist̪a
tjeneste	ˈtjeːnəstə
tjeneste	ˈçæjnəstə
tjenestefeil	ˈçæjnəstəfæɪ̯l
tjenestefolk	ˈçæjnəstəfɔk
tjenesteforsømmelse	ˈçæjnəstfɔʂməlsə
tjenestegjorde	ˈçæjnəstɛgɔɾd̥ə
tjenestegjort	ˈçæjnəstjɔɾt
tjenestemann	ˈçæjnəstəˌmɑn
tjenestemenn	ˈçæjnəstmenː
tjenesten	ˈçæːnəstən
tjenestene	ˈçæjnəstənə
tjenestepike	ˈçæjnəstəpɪkə
tjent	tjˈɛnt
tjent	tʃɛnt
tjente	tʃente
tjern	tʃæɳ
tjernet	tʃeːɳət
tjl	tʃl
tjommi	sjumme
tjue	tʃʉː
tjue	çʉːə
tjueen	tʃʉːən
tjuefem	tʃʉːfɛm
tjuefem	çʉːəˈfɛm
tjuefire	tʃʉːfɪɾə
tjuende	ʈʉ̂ɛndə
tjueni	tʃʉ̀ɛnɪ
tjueni	çʉːəˈniː
tjueseks	ˈçʉːsɛks
tjuesju	tʃʉːsʉ
tjueto	tʃʉ̂ːtø
tjuetre	tʃʉːtɾə
tjuetre	çʉːəˈtɾeː
tjueårene	ʈʉːəɑːɳə
tjueåtte	tʃʉːəɔtə
tjukk	tʃʉk
tjukka	tʃʉkːɑ
tjukkas	tʃʉkːɑs
tjukkasen	ˈtʃʉkːɑsən
tjukke	tʃʉkːə
tjukken	tʃʉkːən
tjukkere	ˈçʉkːərə
tjukt	tʃʉkt
tjuv	ʈʉːʋ
tjuver	tʃʉːvər
tjuveri	ʈʉːʋəɾɪ
tjuvradd	tʃʉvrɑd
tjære	tʃæːɾə
tjøtta	kjatːa
tk	tɔk
tl	tɭ
tldllgere	tɭdɭgəɾə
tlf	tlf
tllbake	tɭˈbɑːkə
tmi	tmiː
to	tu
to	tuː
to	tɔː
to-tre	tɔtrɛ
toalett	tʊɑˈlɛt
toalett	ˈtʰuɑ̯lɛt
toalettene	ˈtʊːɑlɛtːn̩
toast	tɔʊst
toasten	tɔ̀ːstən
tobakken	tɔbɑkən
tobakksdyrking	tʊbːakːsdyːrkiŋ
tobarnsforelder	tˢoˀbˢaɾnsfɒɾeld̥ɛɾ
tobbe	tɔbːə
tobel	tɔbəl
tobi	tɔbɪ
tobin	tɔbɪn
tobruk	ˈtɔ́ːbrʉk
toby	tɔbɪ
todd	tɔɖ
todds	tɔds
toddy	tɔdi
todelt	tɔd̥əl̥t
todelt	tˈɔdəlt
toer	tuːr
toer	tˢuːɾ
toere	²uːɾə
toeren	ˈtʰœːɾən
toff	tɔf
tofte	tɔftə
tofu	tɔfʉ
tog	toːg
toga	tɔgɑ
togbilett	tˈoːgbɪlˌət
togbillett	tɔgbɪlət
togene	tɔgɛnˈɑ
toget	tˢuˀɑːgˀɛ
toget	ˈtʊgət
togets	tɔgɛts
togføreren	ˈtɔːgføːrən
togpendler	tˢoˀgpənlˌeː
togstasjon	tɔgstɑʃuːn
togstasjonen	ˈtɔgstɔʃn̩
togtjeneste	tuːgçeːnɛstə
togtur	tɔgtøɾ
tohundre	tuːhʉndɾə
tok	tok
tok	tɔk
tokita	ˈtʰɔ̀kɪtɑ
toksikologisk	toksikologisk
toksin	toːksi
tokt	tɔkt
toktet	ˈtɔktət
tokyo	tokjum
tokyo	tɔkʏo
toleranse	tɔɫɑɾaŋsa
tolerant	tɔləˈɾɑŋ
tolereres	ˈtʊːləɾəɾəs
tolerert	tʊlæˈrɛɾt
tolk	tɔlk
tolk	tˈɔlk
tolke	tɔlkə
tolke	ˈtɔlkə
tolken	ˈtɔlkn̩
tolker	ˈtɔlkər
tolkes	ˈtɔlkeːs
tolket	tɔlkət
tolkning	tɔlknɨŋ
tolkning	tɔlknɪŋ
toll	tɔl
tollak	tʊrˈlɑk
tollavgift	tɔlɑːʋjɪft
tolldeklarasjon	tɔldɛklɑɾɑʂuːn
tollen	tɔlːn̩
toller	ˈtɔlːər
tollerne	ˈtɔlːəɳə
tollfri	tɔlfɾiː
tollinger	tɔlɪŋər
tollvesenet	ˈtɔlvəʃən
tolv	tɔl
tolv	ˈtɔl
tolv	ˈtɔlv
tolvte	tɔlvte
tolvåring	ˈtɔlʋɔɾɪŋ
tom	tɑm
tom	tɔm
tomannshånd	ˈtɔmɑnʃøːn
tomas	tɔmɑs
tomasz	tɔmɑʃ
tomat	tomat
tomat	tɔmɑt
tomat	tʊˈmɑːt
tomatene	tʰʊmɑtənə
tomatjuice	ˈtɔmɑtjuːs
tomatsalat	tʊ̞mɑʊ̞tsɑɫɑt
tomatsaus	ˈtɔmɑtsɑʉs
tomatsuppe	ˈtɔmɑtsʉpːə
tomatsuppen	tʊmɑːtsɪpːɛn
tombo	tɔmbʊ
tomgang	tɔmgɑŋ
tomgang	tʊmgɑŋ
tomhendt	tɔmhɛnt
tomhendte	tɔmˈhɛntə
tomhet	tɔmhɛt
tomheten	ˈtɔmhətn̩
tomlene	tɔmlənə
tomler	tɔmləɾ
tomler	tˢomlɛr
tomma	tʊmˈmaː
tomme	tɔmːə
tommel	tɔmːəl
tommelen	ˈtɔmlən
tommeltotter	ˈtɔməlˌtɔtər
tommen	tɔmːən
tommer	tɔmːər
tommers	tɔmɾs
tommie	tɔmɪ
tommy	tɔmɪ
tommys	tɔmɪs
tomrom	tɔmrɔm
tomrommet	ˈtʰɔmɾɔmːə
toms	tɔms
tomsete	ˈtʊmsətə
tomsing	tɔmʃɪŋ
tomsing	ˈtʊmsɪŋ
tomskalle	tɔmskɑlə
tomstad	tɔmstɑː
tomt	tɔmt
tomt	tɔmˈt
tomt	tɔmːt
tomta	tɔmtɑː
tomten	ˈtɔmtn̩
tomtene	ˈtɔmn̩ə
tomter	tɔmtər
ton	tɔn
tonem	tunˈɛm
tonemisk	tuːneːmisˈk
toner	tʊnɛɾ
tong	tɔŋ
tonga	ˈtɔŋɑ
toni	tɔnɪ
tonic	tʊnɪk
tonja	tɔnjɑ
tonje	tɔnjə
tonn	tɔn
tonnevis	tʰɔnːəvis
tonns	tɔns
tonny	tɔnːi
tonto	tɔnːtɔ
tony	tʊni
toom	tuːm
toorop	tʰʉːɾɔp
toots	tuːts
top	tɔp
topas	tupas
topografi	tɔpogɾafˈi
topografisk	tupografis
topp	tɔp
toppe	tɔpːə
toppe	ˈtɔpə
toppen	tɔpːən
toppene	tɔpːənə
topper	ˈtɔpːər
toppet	tɔpːət
toppetasjen	tɔpəˈtɑʃən
toppfart	tɔpːfɑːɾt
toppform	tɔpːfɔrm
topphemmelig	tɔphəˈmɛːlɪ
topphemmelige	ˈtɔpːhəmeːlɪgə
toppkarakter	tɔpːkɑrɑktɛr
toppkarakterer	tɔpːkɑːrɛktɛr
toppleiligheten	ˈtɔpləˌlæɪçɑtə
toppløs	ˈtɔpløs
toppløse	tɔpløːsə
toppmoderne	ˈtɔpmʊdɛɳə
toppmøte	tˈoppmøːta
toppmøte	ˈtɔpmœtə
toppmøtet	ˈtɔpmœt
topps	tɔps
toppsuiten	tɔpːsɑɪtn̩
topside	tɔpˈsiː
tor	tɔr
tor	tɔz
tora	tɔːɾɑ
toraen	ˈtɔːrən
toranaga	ˈtɔːɾanɑːgɑ
toranagas	ˈtɔːɾanɑgɑs
torben	tɔːbən
torben	tʊ̞rbʏn
torch	ʈɔʂ
torde	ˈtɔ́ɖə
torden	tɔːɳn
tordenen	tɔɾˈdeːn
tordenskjold	ˈtɔːɳəɲˌʃɔlt
tordenvær	tɔːɳənvɛːɾ
tordenværet	ˈtɔːɳənˌvæːɾ
tordne	tʊrðla
tore	tɔːɾə
toretto	tɔˈɾɛtːo
torg	tɔɾg
torg	ʈɔɾ
torga	toriga
torgeir	tɔɾçæɪ̯ɾ
torget	tɔɾgət
torghandler	tˢoɾˀg̊h̊and̪lər
torgny	ˈtɔrɲ
torgunn	tʊrgʉn
tori	tʊrˈɪ
torild	ˈtɔːrɪɭ
torino	tɔɾɪnʊ
torjus	tʊɾjʊz
torkild	tɔɾkɪɭ
tormund	tɔɾˈmʉn
tornado	tɔɳɑːdɔ
tornado	tʊnado
tornadoen	tɔɳɑːdɔən
tornefuglene	ˈtɔːrnəˌfʉːglə
tornene	tɔːɳənə
torner	tɔːnɛɾ
tornerose	tɔːnəɾʊsə
toro	tɔɾu
toroms	tɔɾɔms
toronto	tɔˈɾɔnto
toronto	tʊrɑntʊ
toros	tɔɾɔs
torp	tɔɾp
torpedo	ˈtɔɾpɛd̥o
torpedoen	ˈtɔɾpəˌdeːʊn
torpedoene	ˈtɔɾpɛˌdeːʊnə
torpedoer	ˈtɔɾpɛdøːɾ
torpedorør	ˈtɔɾpɛdɔɾøːʂ
torrance	ˈtɔrəns
torrey	tɔrɛ
torrio	ˈtɔrɪo
tors	tɔʂ
torsdag	ˈtuːʂdɑg
torsdag	ˈtɔʂdɑː
torsdagen	ˈtɔʂdaːgn̩
torsdager	ˈtɔʂdɑɪ̯ɪ
torsk	tɔʃk
torsk	ʈɔʂk
torstein	ˈtɔrstæɪn
torsten	ˈtɔʂtən
tort	tɔɾt
tortilla	tɔɾtɪlɑ
tortilla	tʊrtiːˈa
tortur	ˈtɔʈʉːr
torturen	tɔʈʉːɾən
torturer	tɔrtʉɾe
torturerer	tɔrtʉˈrøːr
tortureres	tɔɾtʉˈɾeːʂ
torturert	tɔɾtʉɾɛɾt
torturerte	ˈtɔʈʂəɾtə
torunn	ˈtɔrʊn
torv	tɔɾʋ
torvald	ˈtɔrʋɑld
torvi	tɔrvɪ
tory	ˈtɔrʏ
toscana	ˈtɔskɑːnɑ
tosifret	tɔsifɾæːt
tosk	tɔsk
tosk	ˈtɔsk
toskene	ˈtɔskənə
toskete	tɔskətə
tostrup	tˢoˀstruːpˢ
total	tɔˈtɑːl
total	tʊˈtɑːl
totalitær	tʊtɑlɪˈtæːɾ
totalitær	tʊ̞tɔ̞litɑːr
totalt	ˈtɔtɑlt
totem	tɔtɛm
toto	tɔtʊ
touch	tʊʂ
touché	tʊˈʃeː
touie	tuːjə
toulouse	tʉˈluːs
touren	ˈtʰʉːɾən
tov	tɔʋ
tova	ˈtʊːvɑ
tove	sɔːvˈa
town	tʉːn
toy	tɔʏ
toyama	ˈtɔʏɑːmɑ
toyota	ˈtɔʏɔtɑ
toys	tɔɪs
toåring	ˈtʰɔːrɪŋ
tr	tɾ
tra	tʁɑː
trabene	ˈtrɑːbənə
trace	tɾɑːs
traci	ˈtrɑːtʃi
track	trɑk
tracker	ʈɾɑkːɛʂ
trader	ˈtrɑːdər
tradisjon	ˈtrɑːdɪʃuːn
tradisjonell	tɾɑdɪʂʊˈnɛl
tradisjonelle	ˈtrɑːdɪʃuːnəlːə
tradisjonen	ˈtrɑːdɪʃuːnə
tradisjonene	ˈtrɑːdɪʃʊnə
traeger	ˈtræɪ̯gər
trafalgar	ˈtrɑːfɑːlgɑːr
traff	t̪ɾo̞f
traff	ˈtrɑfː
trafikk	tɾɑˈfɪk
trafikk	ˈtrɑfɪk
trafikkameraene	ˈtrɑfɪkʰɑmɛɾɑːnə
trafikkameraer	tʁɑfɪkʰɑmɛɾɑː
trafikken	trˈafˈɪkən
trafikken	tɾɑfɪkən
trafikkert	t̪ɾafikˈeɾtʃ
trafikkork	ˈtrɑfɪkɔɾk
trafikkpoliti	ˈtrɑfɪkːpɔlɪtɪ
trafikkpolitiet	tʁɑfɪkːpɔlɪtɪt
trafikkulykke	ˈtrɑfɪkʏˌlʏkə
tragedie	tɾɑgəˈdiː
tragedie	tɾɑˈgeːdɪə
tragedien	tɾɑgəˈdiːən
tragedier	ˈtrɑgədiːər
tragisk	ˈtrɑːgɪsk
tragisk	ˈtɾɑːgɪsk
tragiske	tʁagɛska
tragiske	ˈtrɑgɪskə
trailer	tɾæɪlə
traileren	tɾɑɪlɛɾɛn
train	tʁæɪn
trakassere	tɾɑkɑˈseːɾə
trakassere	ˈtrɑkɑsəɾə
trakassering	tɾɑkɑsɛɾɪŋ
trakasserte	ˈtrɑkɑsːɛɾtə
trakk	tʁɑk
trakke	ˈtɾɔkə
trakt	tɾɑkt
traktat	tɾɑktɑt
traktaten	tɾɑktɑtən
trakte	ˈtɾɑktə
trakten	ˈtrɑːktən
traktene	ˈtrɑːktənə
trakter	ˈtrɑːktər
traktere	tˈrɑktərə
trakterer	trˈaktərər
traktor	tɾɑktɔɾ
traktoren	tɾɑktuɾɛn
tralle	ˈtɾɑlə
trammen	tɾɑmːən
tramp	tɾɑmp
trampe	trɑmpə
trampe	ˈtɾɑmpə
tramper	tɾɑmpər
trampet	trɑmpət
trampoline	trɑmːpoliːn
tran	trˈan
tran	tɾɑːn
trane	tɾɑːnə
tranebær	ˈtrɑːnəˌbæɾ
tranebærjuice	ˈtrɑːnəˌbæɪjʉːsə
trang	trang
trang	trng
trang	tɾɑŋ
trangen	tɾɑŋn̩
trangere	tɾɑŋnɛɾɛ
trangsynt	tɾɑŋsʏnt
trangsynt	ˈtɾɑŋsyːnt
trangsynte	ˈtrɑŋsyːntə
trangt	trˈɑŋt
trangt	tɾɑŋt
trans	tɾɑns
transaksjon	tɾɑnsɑkʃuːn
transaksjonen	ˈtrɑ̀nsɑkʃuːn̩
transaksjoner	ˈtrɑ̀nsɑkʃuːɳɐ
transe	tranzɛ
transe	ˈtrɑ̀nsə
transen	ˈtrɑ̀nsn̩
transformere	tɾɑnsfɔɾˈmeːɾə
transformers	tɾɑnsfɔrmɑːɾs
transparent	tɾɑnspɑˈɾɑŋ
transplantasjonen	ˈtrɑ̀nsplɑnˌtɑːgən
transplantere	tɾɑnsplɑnˈteːɾə
transponder	ˈtrɑ̀nspɔ̀ndər
transponderen	ˈtrɑ̀nspɔ̀ndəɾən
transport	ˈtrɑnspɔʈ
transportabel	tɾɑnspɔˈʈɑːbəl
transporten	tʁɑnsˈpɔʈːn̩
transporter	ˈtrɑ̀nspɔ̀tər
transportere	transpˈɔrtərə
transporterer	ˈtrɑ̀nspɔ̀tɾeːɾɑ̀
transporteres	ˈtrɑnspɔrtəɾəs
transportert	ˈtrɑ̀nspɔrtərt
transporterte	ˈtrɑ̀nspɔrtəɾtə
transportmiddel	tʁɑnsˈpɔʂmɪdəl
transportrom	ˈtrɑnspɔrtʁʊm
transportør	ˈtrɑnspɔɾtøːɾ
transportøren	ˈtrɑnspɔɾtøːɾən
transportørene	ˈtrɑnspɔrʈøːɾənə
transportørrom	ˈtrɑnspɔrtøːɾɾoːm
transseksuell	ˈtrɑ̀nssɛksʉɛl
transseksuell	ˈtɾɑnsɛksʉəl
transvestitt	ˈtrɑnsʋɛstɪt
transvestitter	ˈtrɑnsʋɛstɪtɑr
trapp	tɾɑp
trapp	tʁɑpː
trappa	tɾɑpːə
trappe	trɑpːə
trappe	trˈɑːppə
trappen	trɑpːən
trappene	trɑpːənə
trappene	trˈapːɛnə
trappeoppgangen	tɾɑpːəɔpgɑŋə
trapper	tɾɑpːər
trappet	tɾɑpːət
trappetrinn	tɾɑpːətrɪn
trase	tɾɑˈseː
trasig	ˈtrɑːsɪ
trask	trɑsk
traske	traskˈa
traske	ˈtrɑskə
traske	ˈtɾɑskə
trass	tʁɑs
trassig	ˈtrɑsɪ
trassige	ˈtɾɑsɪə
trassigere	ˈtɾɑsɪɾə
trassigst	ˈtɾɑsɪkst
trassigste	ˈtɾɑsɪkstə
trau	træn
trauma	tɾɛlma
trauma	ˈtrɑʊ̯mɑ
traumatisert	tɾɑʊ̯mɑtɪsɛɾt
traumatiserte	tɾɑʊ̯mɑtɪsɛɾtə
traumatisk	tɾɑʊ̯mɑtɪsk
traumatiske	ˈtrɑʊ̯mɑtɪskə
traumer	ˈtrɑʊ̯mər
traumet	tɾɑʊ̯mət
traust	tɾæʉst
trav	trɑːv
trav	trˈɑf
travbanen	tɾɑːvbanən
trave	trˈɑːvə
trave	ˈtɾɑːʋə
travel	trˈɑːvəl
travel	ˈtɾɑːʋəl
travelt	tˢraˀvɛlt
travelt	ˈtɾɑːʋəlt
traven	ˈtrɑːʋən
travers	ˈtrɑːvərs
travet	trˈaːvət
travis	tɾɑːʋɪs
travle	ˈtrɑːvlə
travleste	ˈtrɑːʋlɛstə
traynor	tɾæɪnɔɾ
tre	ɟʁe
tre-fire	tʁæfɪɾə
treadstone	tɾæɪ̯dsɔːn
trebein	tɾɛːbæɪn
tredagers	tɾæˈdɑːgəɾs
tredeler	tɾɛːdəlɛɾ
tredje	tɾeːdjə
tredje	tɾæɖə
tredjedelen	tɾɛddɪdeːlɪn
tredjedeler	tɾɛɲːəɬɛːɭɐ
tredjemann	tɾæɪ̯ɛmɑn
tredjepart	tɾæɪ̯dʑæpɑɾt
tredjeplass	ˈtræɪçəˌplɑs
tredobbel	ˈtræːdəˌbɛl
tredobbelt	ˈtræːdəˌbɛlt
tredoble	tɾæˈdɔblə
tredobler	tɾɛdɔbləɾ
tredoblet	tɾɛdɔblɛt
tredreper	trˈeːdrəpər
tredreperen	trˈeːdrˈeːpər
tredve	sradvʲa
tredve	tɾæɛ̯və
tredve	tɾɛdʋə
treenigheten	tɾæɪnɪŋhɛtən
treeren	tɾeːɾən
treets	tʁeːts
treff	tref
treff	trˈɛf
treffe	trˈɛfə
treffe	tʁɛfːə
treffe	ˈtɾɛfə
treffende	tʁɛfːɛn̩d̥ə
treffende	ˈtɾɛfənə
treffer	tʁæfɛɾ
treffes	trˈɛfəs
treffes	ʈɾɛfːɛs
treffet	tʁɛfːət
trefning	tʁæɱɪŋ
treg	treːg
treg	trˈeːg
trege	tɾeːgə
tregere	tɾɛgəɾɛ
tregt	tɾægt
treholt	treːhɔlt
trehytta	tɾæˈhʏtːa
treig	sʁˈɛg
treig	tɾæɪ
treigt	tʁæɪ̯kt
trek	tɾɛk
trekant	ˈtɾeːkɑnt
trekanta	ˈtɾeːkɑntət
trekanten	tɾɛkɑntn̩
trekanter	tɾɛkɑntɛɾ
trekantet	ˈtɾeːkɑntət
trekk	trˈɛk
trekke	trøkːa
trekke	ʈɾɛkːə
trekke	ˈtɾɛkə
trekken	ˈtrɛkːən
trekkene	tɾɛkːənə
trekker	trˈɛkə
trekker	tɾɛkːɛɾ
trekkes	trekːəs
trekket	trekːət
trekkspill	tɾɛkspɪl
trekkstrålen	tɾɛkːsˈtrɑːln
trekningen	tɾɛknɪŋ
trekvart	tɾɛkʋɑɾt
treller	tɾæɭːɾ
tremenning	trˈeːmnˈɪŋ
tremenning	tɾæmɛnɪŋ
tremenningen	trˈeːmˈɛnɪŋən
tremenningen	tɾɛmɛnɪŋ
tren	tɾɛn
trench	tɾɛŋk
trend	trɛn
trend	tˈɛnd
trenden	tɾɛndn̩
trender	ˈtrɛnːər
trendy	trande
trendy	tɾɛnːi
trene	trɛna
trene	trɛːnə
trene	ˈtɾeːnə
trener	ˈtrɛnəɾ
trener	ˈtɾeːnəɾ
trenere	trˈeːnrˌa
trenere	tɾɛnəɾɛ
treneren	trˈeːnˈɛrn
treneren	ˈtrɛːnəɾən
trenerens	tɾɛnəɳ
trenerne	ˈtrɛːnəɳə
trenes	tɾɛnəs
trenet	tɾɛnɛt
treng	ʈɾæŋ
trenge	ˈtrɛŋːə
trenge	ˈtɾɛŋə
trengende	ˈtrɛŋnə
trenger	tɾɛŋgər
trengerjeg	ˈtrɛŋərjɛg
trenges	ˈtrɛŋs
trengs	ʈɾæŋs
trengsel	tr̝ɛŋsəl
trengt	tɾæŋt
trengte	frɛŋta
trengte	trˈɛŋta
trengte	ʈɾɛŋtə
trengtes	ʈɾɛŋts
trening	ˈtrɛːnɪŋ
trening	ˈtɾeːnɪŋ
treninga	tɾɛnɪŋa
treningen	tɾɛnɪŋən
treningskamp	trˈɛnɪŋskˌamp
treningsleir	ˈtrɛːnɪŋsˌlæɪ̯r
treningsprogram	tɾɛnɪŋspɾogɾɑm
treningssenter	trˈeːnɪŋsˈantˌa
treningssenter	ˈtrɛːnɪŋsːɛntər
treningssenteret	ˈtrɛnɪŋsːɛntərət
treningsstudio	tɾeːnɪŋsstuːdio
treningsstudioet	tɾeːnɪŋsstuːdioːt
treningsøkt	tɾɛːnɪŋsøːkt
trent	trˈeːnt
trente	trˈeːntə
trenton	tɾɛntɔn
trenwith	tɾɛnʋɪt
trepanel	tr̝ɛpanˈɛl
trer	tʁæɾ
tres	treːs
treskalle	ˈtrɛskɑlə
tresko	treːʃkuː
tresnitt	tɾeːsnɪt
trestamme	tɾɛsˈtɑmːə
tretoppene	tɾɛtɔpːənə
trett	tʁˈɛt
trette	ʈɾɛtːə
trette	ˈtɾɛtə
tretten	tɾɛtən
tretten	tɾɛtːn
tretten	tˈɾˈtnˈɔ̃
trettende	ˈtrɛtːənə
trettende	ˈtɾɛtənə
trettendedagen	tɾɛtənəˈdɑːgən
tretthet	trˈɛtːɛt
tretthet	ʈɾɛtːhɛt
tretti	tʁɛtːɪ
tretti	ˈtɾɛti
trettien	tɾɛtɪˈeːn
trettifem	tʁɛtɪfɛm
trettini	trɛtɪniː
trettiseks	tʁɛtsɪks
trettiårene	ˈtrɛtɪɑːrənə
trev	tɾæʋ
treverk	trˈeːˈärk
treverk	tɾæʋæɾk
treverket	tɾɛvərkət
treville	tɾæʋɪlə
trevirke	trʲɪævʲirke
trevirke	tɾɛʋɪɾkə
trevl	ˈtɾɛʋl̩
trevor	tɾæʋɔɾ
trey	tʁæɪ
treåring	tɾæɑːɾɪŋ
triaden	tɾiːˈɑːdən
triadene	tɾiɑːdənə
triangel	ˈtɾiɑŋəl
triangelet	ˈtɾiɑŋləɛl
triangulere	ˈtɾiɑŋgʉləɾə
tribbiani	ˈtrɪbɪɑːn
tribeca	ˈtɾɪbɛka
tribun	tɾɪˈbʉːn
tribunen	ˈtɾɪːbʉːn̩
tribunene	tɾɪbʉnənə
tricks	tɾɪkːs
trickster	tɾɪkstɛɾ
trieste	tɾiːɛst
triffidene	tɾɪfɪdənə
trigger	ˈtrɪgər
trigonometri	tɾɪguːnɔmɛtɾi
trikk	trɪk
trikk	tɾɪk
trikkefører	tˈrɪkəføːrər
trikken	trˈɪkːən
trikken	ˈtrɪkən
trikker	trɪkːer
trikot	ˈtrɪkɔt
triks	triks
triks	tɾɪks
triksene	trɪksnə
trikset	tɾɪkˈʃɛt
trilby	tɾɪlbi
trill	tɾɪl
trille	trɪlna
trille	ʈɾɪlə
trille	ˈtɾɪlə
trillebår	ˈtɾɪləboːɾ
triller	trɪllːər
triller	ˈtrɪlːər
trillet	trˈɪlət
trillet	tɾɪlət
trilling	trˈɪlːɪŋ
trillinger	trillˈiŋər
trillinger	ˈtrɪlɪŋər
trillion	ˈtrɪljən
trillioner	ˈtrɪljʊnər
trimester	ˈtrɪməstɛr
trimme	trimm
trimme	ˈtrɪmə
trimme	ˈtɾɪmə
trimmer	trɪmːər
trimmet	ˈtrɪmːət
trina	tɾiːnɑ
trine	tr̝jɪn̟a
trine	tɾiːnə
trinidad	tɾɪnɪˈdaːd
trinity	ˈtrɪnɪtɪ
trinn	tɾɪn
trinnene	ʈɾɪnːə
trinnet	trɪnːət
trinnet	tɾinne
trio	trio
trio	trɪuː
trip	trɪp
triphammer	tɾɪpˈhɑmər
triple	trɪpːlə
tripoli	ˈtrɪpɔlɪ
tripp	tɾɪp
trippe	tɾɪpːə
trippe	ˈtɾɪpə
trippel	tɾɪpːəl
trippel-dobbel	trɪppɛldobːəl
trippel-dobbelene	trippˌɛldobːlˌɛnə
trippel-dobbeler	trɪpːɛldˈɔbːələr
tripper	ˈtrɪpər
tris	trɪs
trisha	ˈtrɪʃə
trist	tɾɪst
trist	tˈɾɪst
tristan	ˈtrɪstɑn
triste	tɾɪstə
tristere	tɾɪstɛɾɛ
tristeste	tɾɪstɛstə
tristhet	trˈɪstət
tristhet	ˈtrɪsthɛt
triumf	ˈtrʉɪ̂mf
triumfator	t̪rjumfat̪uɾ
triumfen	tɾiʉmfɛn
triumfer	ˈtrʉɪ̯fər
triumfere	tɾɪʉmˈfeːɾə
triumfere	ˈtrʉɪ̯mfɛɾə
triumferende	ˈtrʉɪ̯fɛɾɛndə
trivdes	triːmd̪ɪs
trivdes	tɾɪvdəs
trivelig	ˈtrɪːvəlɪ
trivelige	ˈtrɪːvəlɪgə
trivelige	ˈtɾiːʋəlɪə
triveligere	ˈtɾiːʋəlɪɾə
triveligste	ˈtɾiːʋəlɪkstə
trives	ˈtrɪʋə
trivialia	trɪvjaljˈa
triviell	tɾɪʋɪˈjɛl
trivielle	ˈtrɪviɛ̯lə
trivielt	ˈtrɪʋɪɛlt
trivsel	ʈɾɪfsəl
trivsel	ˈtɾɪfsəl
trix	tɾɪks
tro	tʁˈɔ̃
trobbel	tɾɔbːəl
trodd	tɾɔd
trodde	tɾɔdə
troels	tʁœls
troen	tɾøːn
troende	ˈtrøːnə
troende	ˈtɾuːənə
troens	tʁøːns
troer	trˈoːɛr
trofast	tɾɔfɑst
trofaste	ˈtrɔfɑstə
trofasthet	tɾɔfɑsthɛt
trofeene	tɾʊ̀fɛ́ːn̩
trofeer	tʁʊˈfeːɾ
trofeet	tɾʊˈfeːt
troi	trɔɪ
troika	trɔjka
trois	tʁøɪ̯s
troja	tɾuːjɑ
trojan	tɾɔjɑn
trojaner	tɾʊjɑnər
trojanerne	ˈtrʊjɑːnəɳə
trojansk	tɾɔɪ̯ɑ̯n̥sk
trojanske	tɾœjɑŋkə
trojas	ˈtrɔjɑs
trolige	ˈtɾuːlɪə
troll	tʁɔl
trollbinde	tɾɔlːbɪndə
trolldom	trɔldɔm
trolldommen	trɔldɔmən
trolle	ˈtɾɔlə
trollene	tʁɔlːə
trollet	trɔlːət
trollet	tɾolˈlɯ
trolljeger	ʈɾɔlːjægər
trollkvinne	ʈɾɔlːkʋɪnːə
trollkvinnen	tɾɔlːkvɪnːən
trollmann	ʈɾɔlmɑn
trollmannen	ʈɾɔlmɑnːn
trollmannens	tʁɔlmɑnən
trollmarkedet	trɔlmɑɾkədeː
trollmenn	trɔlmɛn
trolsk	tɾɔlsk
trom	trɔm
trombley	tɾɔmblɛɪ
trombone	ˈtrɔmbʊnə
tromme	tʁɔmːə
trommehinne	tɾʊməhɪnə
trommehinnene	ˈtrɔmːəhɪnːə
trommen	tɾɔmən
trommene	tɾɔmːənə
trommer	tɾummjɐ
trommer	tɾɔmːər
trommesettet	ˈtrɔmːəsɛt
trommeslager	ˈtrɔmːəlægər
trommeslageren	tɾɔmːəˈslɑːgəɾən
trommevirvel	trɔmːəvɪɾːəl
trommis	tɾɔmɪs
trommisen	tɾɔmːɪsn̩
trompet	ˈtrɔmpɛt
trompeten	ˈtrɔmpətən
trompeter	ˈtrɔmpəteːr
troms	tɾons
tromsø	trʊmseː
tromsø	trʊmsø
tromsøya	trumsøj
tron	tɾɔn
tronarving	tɾɔnɑɾvɪŋ
trond	tɾɔn
trondheim	tɾɔnˈdɾɪm
trone	tɾuːnə
tronen	tɾɔnən
tronraneren	tɾɔnɾɑnəɾən
tronsalen	tɾʊnsɑlɛn
tronstad	tɾɔnstɑː
tropene	trɔpənə
tropisk	trɔpɪsk
tropiske	ˈtrʊpɪskə
tropp	tɾɔpː
troppen	tɾɔpːən
troppene	trɔpːə
tropper	trˈɔpːər
tropper	tɾɔpːɾ
troppssjef	tɾɔpsːjɛf
tror	tʰuːɹ
trorjeg	ʈʁuːjɛ
trosfellen	tɾɔʂfɛlːən
troskap	ˈtrɔskɑp
troskyldig	tɾʊˈʂʏldɪ
troskyldige	tɾʊˈʂʏldɪə
troskyldigere	tɾʊˈʂʏldɪɾə
troskyldigst	tɾʊˈʂʏldɪkst
troskyldigste	tɾʊˈʂʏldɪkstə
tross	trɔʂ
tross	ˈtɾɔs
trosse	ˈtɾɔsə
trosser	ˈtrɔsər
trost	trˈɔst
trosten	trˈɔstən
trotskisme	trotskism
trott	tʁɔt
trotter	tʁɔtːər
trouble	ˈtrʊblə
troverdig	tɾʊˈʋæɖɪ
troverdige	tɾʊvəɾɪgə
troverdige	tɾʊˈʋæɖɪə
troverdighet	ˈtrʊvərdiçət
troverdigheten	ˈtrʊːvərdiçən
troverdigst	tɾʊˈʋæɖɪkst
troy	tɾøɪ
tru	trʉː
tru	trˈu
tru	tɾʉː
trua	tɾʉː
trubadur	tɾʉːbɑdʉːɾ
trubel	tɾʉːbəl
truck	tɾʉk
trucken	ʈʁʉkːən
trudd	trʉd
trudde	trʉdːɛ
trudde	tɾʉːdə
true	ˈtɾʉːwə
true	ˈtɾʉːə
truede	trʉːdə
truende	truːn̩d̥ə
truene	trʉuːene
trues	truːs
truffet	trʉfːət
trujillo	tɾʉjɪlo
trukket	tɾʉkːət
truman	ˈtrʉːmɑn
trumbo	trʊmbuː
trumf	tɾʉmf
trumf	tɾʊmf
trumf	tʂɾumf
trump	tʁʉmp
truppen	ʈʁʉpːən
trur	tʀʉːɾ
truro	tɾʉːɾo
trusa	tɾʉːsɑ
truse	tɾʉːsə
truseinnlegg	tɾʉːsəɪnlɛg
trusen	trˈʉsən
trusene	truːsənə
truser	tˈrʉsər
truserøsk	ˈtrʉːsərøʂk
trusler	tɾʉʂlɛɾ
trussel	ˈtrʉʃəl
trussel	ˈtəɾʉsəl
trusselen	ˈtrʉʃələn
truth	tɾʉː
trutmunn	tɾʉːtˈmʉnː
trygd	tɾʏg
trygden	tɾʏgd̥n
trygg	trɪgː
trygg	tɾʏg
trygge	tɾʏgːə
trygge	ˈtɾʏgə
tryggere	tɾʏgːɛ
tryggest	tɾʏgːɛst
tryggeste	trʏgːəʂə
trygghet	tɾʏgːhɛt
tryggheten	tɾʏgːhɛtn̩
trygle	tɾʏglə
trygle	ˈtɾʏglə
trygler	tɾʏglɛɾ
tryglet	tɾʏglɛt
trygt	tɾʏkt
trygve	tɾʏgvə
trykk	tɾʏk
trykk	tʁʏk
trykke	tɾʏkːə
trykke	ˈtɾʏkə
trykken	trɪkːən
trykker	trykkir
trykker	tɾʏkːɛɾ
trykkeri	tɾʏkːɛɾɪ
trykkeriet	tɾʏkəɾiː
trykkes	tɾʏkːəs
trykket	tɾʏkːə
trykt	tɾʏkt
trykte	tɾʏktə
trylle	tʁʏlə
trylle	ˈtɾʏlə
trylleformel	tʁʏləfɔɾməl
trylleformelen	tʁʏləfɔʁmələn
tryllekunst	tɾʏlːkʉnst
tryllekunsten	tʁʏlːkʉnstn
tryllekunster	tʁʏlːkʉnstɛʁ
tryllekunstner	tʁʏlːəˈkʰʉnstnɛr
tryllekunstnere	ˈtrʏlːəˌkʰʉnstnəɾə
tryllekunstneren	tɾʏlːəˈkʰʉnstnəɾən
tryller	trʏlːər
tryllestav	trʏləstɑːv
tryllestaven	tʁʏləstɑːʋən
tryllestøv	tʁʏləstøː
tryllet	tɾʏlːət
trym	tɹɪm
tryne	tr̝iːn
tryne	tʁʏːnə
tryne	ˈtɾyːnə
trynet	tr̝jna
trynet	tɾʏnət
trå	tɾoː
tråd	tɾoː
tråden	ˈtɾoːɔn
tråder	tɾɔːdər
tråder	ˈtɾoːɔɾ
trådløs	tɾoːdløs
trådløst	tɾoːdløs
tråkka	ˈtrɔkka
tråkke	ʈɾɔkːə
tråkker	tɾɔkːɛɾ
tråkket	trˈɵkːət
tråkket	ˈtrɔkət
tråkle	ˈtɾɔklə
trår	tɾɑːɾ
trær	tɾæːɾ
trærne	tɾæːɳə
trø	tɾø
trøbbel	tɾœbːəl
trøbbelet	ʈʁœblɛt
trøffel	ʈʁœfəl
trøfler	tɾœfləɾ
trøkk	ʈʁœk
trør	tʁøː
trøst	tɾøst
trøst	tˈrøst
trøste	trˈøːstə
trøste	tɾœʃtə
trøste	ˈtɾœstə
trøsten	tɾœʃtən
trøstende	tɾœstɛndə
trøster	trˈɵstər
trøster	tɾøːstɛr
trøstet	trøstˈat
trøstet	tɾœstət
trøtt	tɾœt
trøtt	tɾˈɛt
trøtte	trˈøːtːa
trøtte	tɾœtə
trøya	tɾøʏɑ
trøye	tɾøjə
trøyen	ʈʁøʏən
trøyene	tɾǿːʏnə
trøyer	tɾøɪ̯ɛɾ
tsar	ʈʂɑːr
tsaren	ʈʂɑːɾən
tsjekkia	ʈʃɛkʰiː
tsjekkoslovakia	tʃɛkɔlɔvɑkɪ
tsjernobyl	tʃeɳoˈbʏːl
tsjetsjenia	ʈʃɛtsjɛnɪɑ
tsjetsjenske	ʈʃɛʂɪŋkə
tsunami	ʈʂʉˈmɑɪ̯
tt	ʈʈ
tte	tə
ttmin	ʈʰmɪn
tu	tuː
tuarach	tʉɑɾɑx
tub	tʉːb
tuba	tʉːbɑ
tubby	tʉbːi
tube	tʉːb
tuben	ˈtʉːbən
tubman	ˈtʉːbmɑn
tucci	ʈʉʂːɪ
tucker	tʉkɛr
tuco	ˈtʉːkʊ
tucson	ˈtʉskɔn
tudeski	ˈtʉːdɛʃi
tufs	tuːfs
tufs	tʉfs
tufsen	tʉfsn̩
tufser	ˈtʉfsər
tufte	tʲɪftæ
tugg	tʉg
tuiier	ˈtʉɪər
tuk	tʉk
tukler	ˈtʉːkləɾ
tukte	tʉktə
tukte	ˈtʉktə
tulane	ˈtʉːlɑːnə
tulio	ˈtʉːlɪo
tulip	ˈtʉːlɪp
tull	ʈʉlː
tulla	tuːlɑ
tullball	ˈtʉlbal
tulle	ˈtʉlə
tullebukk	tˢʉllɛbˀuːk
tullebukk	ˈtʉləˌbʉk
tullet	ˈtʉlːəɭ
tullete	ˈtʉlətə
tullete	ˈtʉ̂lːətə
tulling	tˈʉlˈlŋ
tullingen	ˈtʉ̂lɪŋən
tullingene	ˈtʉ̂lɪŋənə
tullinger	tʉlɪŋɛʁ
tullprat	tʉlprat
tullprat	tʉlːpɾɑt
tullpratet	tʉlːpɾɑːt
tullpreik	tʉlːpɾæɪk
tully	tʉlʏ
tulsa	ˈtʉːlsɑ
tumblr	tʉmbl̥
tumle	ˈtʊmlə
tumnus	tʉmnʉs
tumor	ˈtʉ̂ːmʊr
tumorer	tʉmʊˈrær
tun	tuːn
tuna	tʉːnɑ
tundraen	ˈtʉ̂nːɾæɪ̯n
tunellen	tʉˈnæɭ̞ən
tunellene	tʉˈnɛlə
tunet	tʉnət
tunfisk	tʉnˈfɪsk
tunfisken	tʉnˈfɪskn̩
tung	tʊŋ
tunga	tʉŋgɑ
tunge	tʉŋːə
tunge	ˈtʊŋə
tungekyss	tʉŋkɪʃ
tungekyss	tʊŋːeːhisː
tungen	tʉŋn̩
tungen	tʊŋˈin
tungene	tʉŋːnə
tunger	tʊŋgər
tunger	tʊŋɪ̞r
tungmetaller	tʉŋmətɑlɛr
tungsindig	tʊŋˈsɪnɪ
tungsindige	tʊŋˈsɪnɪə
tungsindigere	tʊŋˈsɪnɪɾə
tungsindigst	tʊŋˈsɪnɪkst
tungt	tʉŋt
tungtvann	tʊŋtvɑn
tungtvannet	tʊŋtvɑnː
tungvekt	tʊŋvɛkt
tungvekter	tʊŋvɛktɛr
tungvint	ˈtʊŋʋɪnt
tunis	tʉnɪs
tunisia	ˈtʉːnɪsiɑ
tunnel	tʉnːəl
tunnel	ˈtʉnəl
tunnelbanen	ˈtʉnːəlbɑːn
tunnelen	tʉnːəlɛn
tunnelene	ˈtʉnələne
tunneler	tʉnːəlæɾ
tunnellen	tʉnələn
tunstall	tʉnstɑɭ
tupac	tʉpɑk
tupp	tʉp
tuppa	tʉpːɑ
tuppen	ˈtʉ̂pːən
tupper	ˈtʉpːər
tuptim	ʈʉpˈtɪm
tupé	tʉˈpeː
tur	tʉːr
turban	tʉrban
turban	ˈtʉːbɑːn
turbo	tʉːrbu
turbulensen	ˈtʉːɾʉblənsən
turbulent	tʉɾbʉˈlɛnt
turde	ˈtʉːɾə
ture	tˈʉrə
turebasse	tʉrɛvɑːsːə
turen	ˈtʉːɾən
turer	ˈtʉːrər
turgåing	ˈtʉɾgoːɪŋ
turid	tʉːɾɪd
turin	tʉːɾɪn
turing	tʉːɾɪŋ
turisme	tʊrisˈma
turist	tʉˈrɪst
turist	tʉˈɾɪst
turist	tˈʉrɪst
turistattraksjon	ˈtʉːrɪstɑtɾɑkʂɪɔn
turistene	ˈtʉːrɪstənə
turister	tˈʉrɪstər
turister	ˈtʉːrɪstəʂ
turistkontor	tʉˈɾɪstkʊntuːɾ
turk	tʉɾk
turkart	ˈtʉːɾkɑʈ
turkelton	tʉʁkɛltɔn
turks	tʉʁks
turn	tˈɵɾn
turnbull	tʉrnbuːl
turneen	ˈtʉːɳən
turner	tʉːnɾ̩
turnere	ˈtʉːnəɾə
turnering	tʉːnəɾɪŋ
turneringen	ˈtʉːɳəɾɪŋəɾɪŋ
turnerte	tʉːɳəɾtə
turnuskandidat	tʉːnʉskandiˈɑːt
turnuskandidatene	tʉːɳʉskandiːdɑtənə
turnuskandidater	tʉːnʉskandiˈtɑːtər
turné	tʉːɳeː
turo	tʉːɾʉ
turpin	tʉɾpɪn
tursti	ˈtʉːʂtiː
turt	tʉʈ
turte	ˈtʉːɾtə
turtelduene	ˈtʉ̂ːɾ̥təlʉənə
turtelduer	ˈtʉ̀ːɾtəlʉ́ɾ
tus	tʉs
tusen	tʉːsən
tusen	ˈtʉːsən
tusener	ˈtʉːsənər
tusentalls	ˈtʉːsəntɑɭs
tusenvis	tʉːsnviːs
tusk	tsʉʃ
tusle	ˈtʉʂɭə
tussete	ˈtʉsətə
tussi	ˈtʉsi
tut	tʉt
tut	tˈɪ
tut-tut	tʉtːʉt
tute	tuːtə
tuter	ˈtʉːtər
tutet	tʉtɛ
tuting	tʉ̀tɪŋ
tutsi	tʉʂi
tutu	tutu
tuvok	ˈtʉːvɔk
tuvoks	tʉvɔks
tv	teːʋeː
tv	tʋ
tv-apparater	ˈtʋɑpɑˌɾɑːtər
tv-en	ʈʋeːn
tv-er	tʋeɾ
tv-nyhetene	ʈʋnʏːhɛtn̩
tv-program	tʋpɾoˈgɾɑm
tv-programmer	tʋpɾogɾɑmɑɾ
tv-programmet	tʋpɾoˈgɾɑmət
tv-reklame	tʋɾɛklɑːmə
tv-selskapet	tʋsɛlʃɑpɛt
tv-serie	ʈʋsɛˈɾiːə
tv-serien	tʋsɛˈɾiːən
tv-serier	ˈtʋsæɾɪəɾ
tv-show	ʈʋʃoʊ
tv-spill	ʈʋːspɪlː
tv-stasjon	ʈʋːʃɛsjʊn
tv-stasjonen	ʈʋːʃtɑːsɪɔn
tv-stjerne	ʈʋːʃtɛɳə
tv1	tʋiː
tvangssalg	ˈtʋɑŋsɑl
tvangstanker	ʈʋæŋstɑŋkər
tvangstrøye	tʋɑŋstrøʏə
tveegget	ˈtʋægːət
tveita	tvˈaɪtɑ
tvekamp	ˈtʋæːkɑmp
tvekroket	tvˈeːkruːkət
tven	ˈtvɛn
tverr	tʋæɾ
tverrfaglig	svˈɛrfaglˈɛ
tvers	tvˈɛrs
tvers	tvˈɛʃ
tvers	tʋəʂ
tvers	ˈtʋæʂ
tvert	tʋæɾt
tvert	tʋˈaːrt
tvert	tˈvɛrt
tvetydig	ˈtʋeːtyːdɪ
tvetydig	ˈtʋeːtʏdɪ
tvetydige	ˈtʋeːtyːdɪə
tvetydigere	ˈtʋeːtyːdɪɾə
tvi	ʈʋiː
tvii	tʋiː
tvil	tʋɪl
tvile	ˈtʋiːlə
tvilen	ˈtʋɪləŋ
tvilende	ˈtʋɪləŋə
tviler	tviːlər
tviler	tʋɪləɾ
tvilling	ˈtʋɪŋː
tvillingbror	ˈtʋɪlɪŋbrɔr
tvillingbroren	ˈtʋɪlɪŋbrʊːɾən
tvillingbrødrene	tvˈɪllɪŋbrˈøːdrəna
tvillingen	ˈtʋɪlɪŋən
tvillingene	ˈtʋɪlɪŋənə
tvillinger	ˈtʋɪ̂lɪŋər
tvillingsøster	ˈtvɪlɪŋsøːstər
tvilsom	ˈtʋiːlsɔm
tvilsom	ˈtʋɪlsɔm
tvilsomme	tʋɪlsɔmə
tvilsomt	ˈtʋɪlsɔmt
tvilte	ˈtʋɪ́ɭtə
tving	ʈʋɪŋ
tvinge	ˈtʋɪŋə
tvingende	ˈtʋɪŋənə
tvinger	tˈvɪŋər
tvinger	ˈtʋɪŋər
tvinges	ˈtʋɪŋəs
tvinne	tvˈɪnə
tvinne	ˈtʋɪnə
tvist	tʋɪst
tvitrer	ˈtvɪtrəɾ
tvitret	ˈtvɪtrɛt
tvungen	ˈtʋʊŋən
tvære	ˈtʋæːɾə
twa	ʈʋɑː
twain	tʋæɪn
tweeten	ˈtʋeːtn̩
twin	ʈʋɪn
twinkies	ˈtʋɪŋkɪs
twins	tʋɪns
twist	ʈʋɪst
twister	ˈtʋɪstəɾ
two-i-c	ʈʉːɪk
twombley	ˈtʋɔ̀mlɑɪ
ty	tyː
ty	tʏ
tycho	tʏkʰo
tyde	tʏːd
tyde	ˈtyːdə
tydelig	tydəlˈeː
tydelig	tʏːdəlɪ
tydelig	ˈtyːdəlɪ
tydelige	ˈtyːdəlɪgə
tydeligere	tʏːdəlɪgəɾə
tydeligere	ˈtyːdəlɪɾə
tydeligst	ˈtyːdəlɪkst
tyder	tyːɖɛɾ
tydet	tʏd̥ɛt
tyfus	tʏfʉs
tygde	tegda
tygde	tʏgːdɛ
tygga	tʏgːa
tygge	tʏgːə
tygge	ˈtʏgə
tyggegummi	tʏggəgʊmːɪ
tyggegummien	tʏgːəgʉmɪən
tygger	tʏgːər
tygget	tʏgːət
tyggis	tʏgɪs
tyggis	ˈtʏgiːs
tyggisen	tʏgɪsən
tykk	tʏk
tykke	tʏkːə
tykkere	ˈtʏkːəɾə
tykkhudet	tykːʉd
tykktarmen	tʏkːtɑɾm̩
tykne	ˈtʏknə
tykt	tʏkt
tylenol	tʏlənɔl
tyler	ˈtʏːlɛɾ
tylers	tɪlɛʂ
tyne	tʏːnə
tyngde	tʏŋːdɛ
tyngdekraft	tʏŋdəkrɑft
tyngdekraften	tʏŋdəkɾɑftən
tyngden	tʏŋdn
tynge	ˈtʏŋə
tynge	ˈtʏŋːə
tynger	tʏŋːər
tynget	tʏŋgət
tyngre	singrˈe
tyngre	tʏŋːrɛ
tyngst	tʏŋst
tyngst	tˈɪŋst
tyngste	tʏŋst
tynn	tʏn
tynne	tʏnːə
tynner	tʏnːɛɾ
tynnere	tʏ̞nneɾɑ
tynnere	ˈtʏnːərə
tynnmann	tʏnːman
tynnslitt	tˈynnsliːtː
tynset	tˈynsət
tynt	tʏnt
type	tʏːp
type	tˈɪp
typen	tʏpən
typene	tʏpənə
typer	tipe
typer	tʏpɛɾ
typisk	tʏpɪsk
typiske	ˈtʏpɪskə
tyr	tʏɾ
tyra	tˈyra
tyrannen	tʏˈɾɑnən
tyranner	tʏˈɾɑnːɛɾ
tyranni	tʏˈɾɑnːɪ
tyranniet	ˈtʏːrɑnɪɛt
tyrannisere	tʏɾɑnɪˈseːɾə
tyrannisk	tʏˈɾɑnɪsk
tyrannosaurus	tʏrænɔsɔrʏs
tyree	tʏɾeː
tyreese	tʏɾeːs
tyrefekting	tʏɾɛfɛktɪŋ
tyrell	tɪrɛɭ
tyrellene	tʏˈɾɛlnə
tyren	tʏːɾən
tyrion	tʏˈɾi̞ʊ̯n
tyrker	tʏɾkəɾ
tyrker	tʏ̞rkɪ̞r
tyrkeren	tʲɪrkɪ̞rʲɪn
tyrkerne	tʏɾkɛɳə
tyrkia	tʏrkiɑ
tyrkisk	tʏrkɪ̞sk
tyrkisk	tʏɾkɪʃ
tyrkisk	ˈtʏɾkɪsk
tyrkiske	tyrkːiskɛ
tyrkiske	tʏɾkɪskə
tyrone	tʏˈɾʊnə
tysk	tʏsk
tysk	tʏʂk
tyske	ˈtʏʃkə
tysken	tˈyskən
tysken	ˈtʏskn̩
tysker	kizkiɾ
tysker	ˈtʏskəɾ
tysker	ˈtʏʃkəɾ
tyskere	tsʏskəɾə
tyskeren	ˈtʏʃkəɾən
tyskerne	ˈtʏʃkənə
tyskernes	tsʏskəɳə
tyskland	ˈtʏsklɑn
tysklands	tsʏʃlɑns
tyson	tʏsn̩
tyst	tʏst
tyst	tˈyst
tysta	ʈʏʂːɑ
tyste	tʏste
tyste	tʏstɑ
tyste	ˈtʏstə
tyster	tʏstɪ̞r
tyster	ˈtʏstəɾ
tystere	ʈʏʂːɛɾɛ
tysteren	ʈʏstɛɾən
tyte	ˈtyːtə
tyter	ˈtyːtər
tyv	tyːʋ
tyv	tʏʋ
tyve	tyːʋə
tyve	tʏːvə
tyvegods	tjˈvəgʊts
tyvegods	tʏːvəgɔts
tyvegodset	tʏːvəgɔtsɛt
tyven	tyːvən
tyvene	tʏʋnə
tyver	tʏːvər
tyveri	tiːberiː
tyveri	tyːʋəˈɾiː
tyveri	ˈtyːʋəɾɪ
tyveriene	ˈtyːʋəɾɪən
tyverier	tʏːvərɪɛɾ
tyveriet	tʏːvərɪɛt
tyvlyttet	tʏʋlʏtː
tywin	tʏʋɪn
tzu	tsu
tå	toː
tå	tˢoˀ
tå	ʈoː
tåa	toː
tåka	taːkɑ
tåke	ˈtoːkə
tåkefull	tˢoˀkəfˀʉl
tåken	tɔkən
tåkete	tokːətə
tåkete	ˈtoːkətə
tåle	tɔːlə
tåle	ˈtoːlə
tåler	ˈtoːlɛr
tålmod	ˈtoːlmuː
tålmodig	tɔlˈmuːdɪ
tålmodig	ˈtoːlmɔdɪ
tålmodige	tɔːlmoːdɪgə
tålmodighet	tɔlˈmuːdɪhɛt
tålmodigste	tɔlˈmuːdɪkstə
tålt	tɔlt
tålte	ˈtɔltə
tånegl	tˢoˀnˀɛːl
tåneglene	tæːnɛglə
tånegler	ˈtoːnəgləɾ
tåpe	ʈɔːpə
tåpelig	tɔːpəlɪ
tåpelig	ˈtoːpəlɪ
tåpelige	ˈtoːpəlɪə
tåpelige	ˈtoːpəlɪ̂gə
tåpeligere	ˈtoːpəlɪɾə
tåpen	tɔːpən
tåper	tɔːpər
tåre	tɑːɾə
tåre	ˈtoːɾə
tåregass	tæːɾɛgɑs
tårer	tˢoˀɾˀɛ
tårer	ˈtoːɾəɾ
tårn	toːɳ
tårn	ʈɔːɳ
tårnet	tɔːnət
tåta	tɔːtɑ
tåte	ˈtoːtə
tåteflaske	toːtəflɑskə
tåteflasker	tˢoˀtˢeːflˈaskɪr
tæl	teːl
tær	tɑːr
tære	ˈtæːɾə
tærer	ˈtæːrər
tæret	tæːɾət
tæring	tæːɾɪŋ
tærne	taːrna
tærne	teːɳə
tø	tø
tø	tøː
tø	tˈœ
tøff	tœf
tøffe	tøffa
tøffe	ˈtœfːə
tøffel	ˈtœfl̩
tøffen	tøfːən
tøffer	ˈtœfːər
tøffere	tøːfəɾə
tøffeste	ˈtœfːəstə
tøffing	tøffiŋ
tøffing	tøfɪŋ
tøffingen	ˈtœfɪŋən
tøffinger	tøfɪŋgər
tøffinger	tˈœffiŋer
tøflene	tøːflənə
tøfler	ˈtœfləʂ
tøft	tøːft
tølper	ˈtœlpər
tøm	tøm
tømme	tømːə
tømme	ˈtœmə
tømmene	tøːmːənə
tømmer	tɔmːər
tømmer	tɛmmiɾ
tømmeret	ˈtœ̂mːərət
tømmerhogger	tʰœməɾhɔgːər
tømmermenn	tømːɛɳ
tømmes	ˈtœmːəs
tømming	tœmɪŋ
tømre	ˈtœmɾə
tømrer	tøːməɾ
tømrer	tˈømrər
tømt	tøːmt
tømte	tøntˀɑ
tømte	ˈtœ̀ːmtə
tønder	tøːnɖɐ
tønna	tʰœnːa
tønne	tʰœn̩
tønnen	ˈtœnːən
tønnene	ˈtœnːənə
tønner	tʰœnːər
tør	tøː
tørk	tɔɾk
tørk	tˈœrk
tørka	tɔrka
tørka	tˈɵrka
tørke	ˈtœɾkə
tørkede	ˈtœɾkədə
tørken	ʈœʁkən
tørker	tɔrkeɾ
tørker	tʏ̞rkʲir
tørket	ˈtœɾkət
tørketrommel	tœɾkətɾʊməl
tørketrommel	ˈtœɾkətɾɔml̩
tørketrommelen	tʰœɾkətɾʊmələn
tørkle	tɔɭklə
tørkleet	tʏrklɛt
tørn	tøːɳ
tørna	tɔːrna
tørne	ʈœːɳə
tørnet	tøːɳət
tørr	tør
tørr	tœɾ
tørr	tɔr
tørre	tørː
tørre	ˈtœɾə
tørret	tœrːət
tørris	tɔrɪs
tørrlagt	tøːrɭɑːkt
tørrnåler	tøːrnˈoːlər
tørst	tœʂt
tørst	tʰœʂt
tørste	tɔʂtə
tørsten	tɔʂtn
tørster	tøːʂtər
tørt	tœʈ
tørt	ʈœɾt
tørt	ˈtœʈ
tøs	tøs
tøsen	ˈtœ̂ːsən
tøser	tøːsər
tøv	tøv
tøvet	tøvɛt
tøy	tøj
tøydukke	tˈœiːdʉkːa
tøye	tøjle
tøye	tøjə
tøye	ˈtœjə
tøyer	tøjɛr
tøyet	tøjət
tøyle	tɔʏlə
tøyle	ˈtœjlə
tøylene	tøjlən
tøylesløs	tœyleslœs
tøylesløs	ˈtœjləsløːs
tøylet	ˈtœʏlət
tøymykner	tʊ̞jmʲiknʲɪr
tøys	tøys
tøys	ˈtøʏs
tøyse	ˈtøʏ̯sə
tøyse	ˈtœjsə
tøyser	ˈtøʏ̯sər
tøysete	tøjˈsɛtə
tøysete	ˈtœjsətə
tøyta	ˈtœʏ̯tɑ
tøyte	tˢøˀˀtˢe
tøyte	ˈtøʏ̯tə
tøyter	tøj̊tɛr
u2	uː
uakseptabel	ʉakkeptabəl
uakseptabel	ʉɑksɛptɑbəl
uakseptabel	ˈʉɑksəptɑːbəl
uakseptabelt	ʉɑkʂɛptɑbɛlt
uakseptable	ʉɑkʂɛptɑblə
uaktsom	ʉˈɑktsɔm
uaktsomhet	ʉɑktsɔmhɛt
uaktsomt	ʉɑktsɔmn̩t
uaktuell	ʉɔktyˈɛn
uaktuelt	ʉɑ̀ktʉ̀ɛlt
ualminnelig	ʉɑlˈmɪnəlɪ
ualminnelige	ʉɑlˈmɪnəlɪə
ualminneligere	ʉɑlˈmɪnəlɪɾə
ualminneligst	ʉɑlˈmɪnəlɪkst
ualminneligste	ʉɑlˈmɪnəlɪkstə
uamerikansk	ˈʉ̂ːmɛɾɪkɑʂk
uanfektet	ˈʉːɑnfɛktət
uangripelig	ʉŋgɾɪpəlɪç
uanmeldt	ʉːnˈmælt
uansett	ʉ̯ɑnˈsɛt
uansett	ˈʉːɑnsɛt
uanstendig	ʉanstˈɛndɛ
uanstendig	ʉ̯ɑnˈstɛnːɪç
uanstendige	ʉ̯ɑːnstɛndɪgə
uanstendige	ˈʉːɑnstɛnɪə
uanstendigere	ˈʉːɑnstɛnɪɾə
uanstendigst	ˈʉːɑnstɛnɪkst
uanstendigste	ˈʉːɑnstɛnɪkstə
uansvarlig	ʉ̯ɑnsʋɑɭɪ
uansvarlige	ʉ̯ɑnˈsvɑɾlɪgə
uansvarlige	ˈʉːɑnsʋɑːɭɪə
uansvarligere	ˈʉːɑnsʋɑːɭɪɾə
uansvarligste	ˈʉːɑnsʋɑːɭɪkstə
uante	ʉ̯ɑːntə
uatskillelig	ʉɑtˈʂɪləlɪ
uatskillelige	ʉɑtskɪlːɪgə
uatskilleligst	ʉɑtˈʂɪləlɪkst
uatskilleligste	ʉɑtˈʂɪləlɪkstə
uautorisert	ʉːɑu̯tɔɾɪʃtɛʁ
uavbrutt	ʉɑːbɾʉt
uavbrutt	ˈʉːɑːʋbɾʉt
uavgjort	ʉːɑgɪ̞ːɾt
uavhengig	ˈʉːɑːʋhɛŋɪ
uavhengighet	ʉɑːvhæɲɪçæɪ̯t
uavhengighetserklæringen	ʉːɑ̀ːhɛɲɪghɛtsɛɭæɾɪŋ
uavhengigste	ˈʉːɑːʋhɛŋɪkstə
uavlatelig	ʉːɑːʋˈlɑːtəlɪ
uavlateligere	ʉːɑːʋˈlɑːtəlɪɾə
uavlateligste	ʉːɑːʋˈlɑːtəlɪkstə
uavsluttet	ˈʉːɑːʋʂɭʉtət
ubalanse	ʉːbɑlɑnsə
ubalanse	ʏbalaŋsɛ
ubarmhjertig	ʉːbɑɾmhjɛɾtɪ
ubarmhjertige	ʉːbɑɾmçɪɾtɪgə
ubarmhjertige	ˈʉːbɑɾmjæʈɪə
ubarmhjertigst	ˈʉːbɑɾmjæʈɪkst
ubbe	ʉbːə
ubebodd	ˈʉːbəbʊd
ubeboelig	ʉːbɛˈbøːlɪg
ubegrenset	ʉːbgrɛnsət
ubegrenset	ˈʉːbəgɾɛnsət
ubegripelig	ʉːbɛgɾɪpəlɪ
ubegripelige	ʉːbəˈgɾiːpəlɪə
ubegripeligste	ʉːbəˈgɾiːpəlɪkstə
ubegrunnet	ʉːbgrʉnːt
ubehag	ʉːbəhɑg
ubehagelig	ʉːbəˈhɑːgəlɪ
ubehagelige	ʉːbəhɑːgəlɪ
ubehagelige	ʉːbəˈhɑːgəlɪə
ubehageligere	ʉːbəˈhɑːgəlɪɾə
ubehageligst	ʉːbəˈhɑːgəlɪkst
ubehaget	ʉːbəhɑgət
ubehøvlet	ʉːbəhøʋlət
ubekreftede	ʉbɛkˈɾɛftə
ubekvem	ʉbɛkʋæm
ubekvem	ˈʉːbəkʋɛm
ubekvemme	ʉbɛkʋæmːə
ubekvemt	ʉbɛkʋæmt
ubekymret	ʉbɛˈçʏmːrɛt
ubeleilig	ʉːbəlɛɪg
ubeleilig	ˈʉːbəlæɪlɪ
ubeleiligere	ˈʉːbəlæɪlɪɾə
ubeleiligst	ˈʉːbəlæɪlɪkst
ubeleiligste	ˈʉːbəlæɪlɪkstə
ubemannet	ʉːbɛˈmænet
ubemerket	ʉːbɛˈmæʁkət
uber	ʉːbər
uberørt	ʉːbɛɾøɾt
uberørt	ˈʉːbəɾøːʈ
ubeseirede	ʉːbɛsɑɪɾɛːdɛ
ubeseiret	ʉːbɛsɑɪ̯rət
ubeskrivelig	ʉbɛskɾiːʋəlɪ
ubesluttsom	ʉːbɛˈʂlʉtsɔm
ubestemt	ˈʉːbəstɛmt
ubestridelige	ʉːbɛstɾiːdəlɪ
ubesvart	ʉːbɛsʋɑɾt
ubesvarte	ʉːbɛsvɑːɾtə
ubetalelig	ʉːbətɑːlɛɪ̯
ubetalt	ʉːbətɑlt
ubetalte	ʉːbɛtɑltə
ubetenksom	ˈʉːbətɛŋksɔm
ubetenksomt	ʉːbɛtɛŋksɔmt
ubetinget	ʉːbɛtɪŋət
ubetydelig	ʉːbətiːdəlɪg
ubetydelige	ʉːbeːˈtyːdəlɪə
ubetydelige	ʉːbətiːɖəlɪ
ubetydeligst	ʉːbeːˈtyːdəlɪkst
ubevegelig	ʉːbəˈʋeːgəlɪ
ubevegelig	ʉːbɛˈʋɛːgəlɪ
ubevegelige	ʉːbəˈʋeːgəlɪə
ubevegeligere	ʉːbəˈʋeːgəlɪɾə
ubevegeligste	ʉːbəˈʋeːgəlɪkstə
ubevisst	ʉːbəvˈɪst
ubevisst	ʉːbɛʋɪʂːt
ubevisst	ˈʉːbəʋɪst
ubevisste	ʉːbɛʋɪʂːə
ubevoktet	ʉːbɛʋɔkt
ubotelige	ʉˈbuːtəlɪə
uboteligere	ʉˈbuːtəlɪɾə
ubrukbar	ʉˈbɾʉːkbɑːɾ
ubrukelig	ʉˈbɾʉːkəlɪ
ubrukelig	ʉːbɾʉkəlɪ
ubrukeligere	ʉˈbɾʉːkəlɪɾə
ubrukeligst	ʉˈbɾʉːkəlɪkst
ubrukeligste	ʉˈbɾʉːkəlɪkstə
ubrukte	ʉːˈbrʉktə
ubrutt	ʉːˈbrʉt
ubudne	ʉːbʉːdnə
ubåt	ʉːbɔːt
ubåten	ʉːbɔːtən
ubåtene	uːbɔːtənə
ubåter	uːbɔːtər
ubøyelig	ʉˈbœjəlɪ
ubøyelige	ʉˈbœjəlɪə
ubøyeligere	ʉˈbœjəlɪɾə
ubøyeligst	ʉˈbœjəlɪkst
ucla	ʉːklɑ
udanna	ˈʉːdɑnət
udannet	ˈʉːdɑnət
udi	ʉːdɪ
udugelig	ʉːdʉgɛlɪ
udugelige	ʉːˈdʉːgəlɪə
udugeligere	ʉːˈdʉːgəlɪɾə
udugelighet	uːdʉgɛlɪçɛt
udyr	ʉːdʏɾ
udyret	ʉːdʏrɛt
udyrets	ʉːdʏɾɛts
udåden	uːˈdɔːn
udøde	ʉːdøːdə
udødelig	ʉˈdøːdəlɪ
udødelige	ʉˈdøːdəlɪə
udødelige	ʉːdøːdəlɪgə
udødeligere	ʉˈdøːdəlɪɾə
udødeligst	ʉˈdøːdəlɪkst
udødeligste	ʉˈdøːdəlɪkstə
uegennyttig	ˈʉːeːgənʏtɪ
uegennyttige	ˈʉːeːgənʏtɪə
uegennyttigere	ˈʉːeːgənʏtɪɾə
uegnet	ʉːgn̩t
uekte	ʉːktə
uekte	ˈʉːɛktə
uendelig	ˈʉ̂nːdəlɪ
uendelige	ʉˈɛnəlɪə
uendeligere	ʉˈɛnəlɪɾə
uendelighet	ˈʉ̂nːdəlɪçɛt
uendeligheten	ˈʉ̂nːdəlɪçhɛtən
uendeligst	ʉˈɛnəlɪkst
uendret	ˈʉ̂ːn̪d̪r̥ɛt
uenig	ʉːnɪk
uenige	ʉːnɪgə
uenigere	ʉˈeːnɪɾə
uenigheter	ʉːnɪçtɛɾ
uenigst	ʉˈeːnɪkst
uerfarne	ʉːɾfɑːrnə
uerstattelig	ʉːrstɑtəlɪ
uerstattelige	ʉæˈʂtɑtəlɪə
uerstatteligere	ʉæˈʂtɑtəlɪɾə
uerstatteligst	ʉæˈʂtɑtəlɪkst
uerstatteligste	ʉæˈʂtɑtəlɪkstə
uetisk	ʉːtɪsk
ufarlig	ʉˈfɑːɭɪ
ufarlig	ʉːfɑɭɭɪ
ufarlige	ʉˈfɑːɭɪə
ufarlige	ʉːfɑɭɭɪgə
ufarligere	ʉˈfɑːɭɪɾə
ufarligst	ʉˈfɑːɭɪkst
ufarligste	ʉˈfɑːɭɪkstə
ufattelig	ʉfɑtəlɪ
ufattelig	ʉˈfɑtəlɪ
ufattelige	ʉfɑtːəlɪ
ufattelige	ʉˈfɑtəlɪə
ufatteligere	ʉˈfɑtəlɪɾə
ufatteligst	ʉˈfɑtəlɪkst
ufatteligste	ʉˈfɑtəlɪkstə
ufeilbarlig	ʉːfɛɪ̯lˈbɑːrəlɪ
uferdig	ʉːfərdi
uff	ʉf
uff	ʏff
uffe	ʉfːə
ufin	uːfɪn
ufin	ˈʉːfiːn
ufine	ʉːfɪnə
ufint	ʉːfɪnt
uflaks	ʉflɑks
uflaksen	ʉːflɑksn̩
uflidd	yflˈɛt
ufo	uːfɔ
ufo-er	uːfɔɛɾ
uforanderlig	ʉːfɔɾɑndəɭɪ
uforanderlig	ʉːfɔˈɾɑnəlɪ
uforanderligere	ʉːfɔˈɾɑnəlɪɾə
uforanderligst	ʉːfɔˈɾɑnəlɪkst
uforandret	ʉːfɔɾɑndɾet
uforbederlig	ʉːfɔɾˈbeːdəɭɪ
uforbederlig	ʉ̞fɔɾbɛdɛɭɪ
uforbederlige	ʉːfɔɾˈbeːdəɭɪə
uforbederligere	ʉːfɔɾˈbeːdəɭɪɾə
uforbederligst	ʉːfɔɾˈbeːdəɭɪkst
uforbeholden	ˈʉːfɔɾbəhɔlən
uforberedt	ˈʉːfɔɾbəɾət
ufordragelig	ʉfɔˈɖɾɑːgəlɪ
ufordragelig	ʉːfɔɾdragəl
ufordragelige	ʉfɔˈɖɾɑːgəlɪə
ufordrageligst	ʉfɔˈɖɾɑːgəlɪkst
ufordrageligste	ʉfɔˈɖɾɑːgəlɪkstə
uforfalska	ˈʉːfɔɾfɑlskɑ
uforfalsket	ˈʉːfɔɾfɑlskət
uforglemmelig	uːfɔɾgɛmlɪ
uforglemmelig	ʉfɔɾˈglɛməlɪ
uforglemmelige	ʉfɔɾˈglɛməlɪə
uforglemmeligere	ʉfɔɾˈglɛməlɪɾə
uforglemmeligst	ʉfɔɾˈglɛməlɪkst
uforglemmeligste	ʉfɔɾˈglɛməlɪkstə
uforklarlig	ʉfɔɾkɭɑɭɪ
uforklarlig	ʉːfɔɾˈklɑːɭɪ
uforklarlige	ʉfɔɾkɭɑɭɪ
uforklarlige	ʉːfɔɾˈklɑːɭɪə
uforklarligere	ʉːfɔɾˈklɑːɭɪɾə
uforklarligst	ʉːfɔɾˈklɑːɭɪkst
uforklarligste	ʉːfɔɾˈklɑːɭɪkstə
uformelig	ʉˈfɔɾməlɪ
uformelige	ʉˈfɔɾməlɪə
uformeligere	ʉˈfɔɾməlɪɾə
uformeligst	ʉˈfɔɾməlɪkst
uformeligste	ʉˈfɔɾməlɪkstə
uformell	ʉːfɔʁmɛɭ
uformell	ˈʉːfɔɾmɛl
uformelle	uːfɔʁmɛlə
uformelt	ʉːfɔɭmɛlt
uforpliktende	ʉfɔɾplɪktənə
uforsiktig	ʉːfɔɾskɪt
uforsiktig	ˈʉːfɔʂɪktɪ
uforsiktige	ʉːfɔɾskɪtçɪ
uforsiktige	ˈʉːfɔʂɪktɪə
uforsiktigere	ˈʉːfɔʂɪktɪɾə
uforsiktigste	ˈʉːfɔʂɪktɪkstə
uforskamma	ˈʉːfɔʂkɑmət
uforskammede	ʉ̞fɔʂkɑmːd̥ə
uforskammet	ʉːfɔʂkɑmːət
uforskammet	ˈʉːfɔʂkɑmət
uforskammethet	ʉːfɔʂkɑmːɛtɛt
uforskyldt	ˈʉːfɔʂʏlt
uforstandig	ˈʉːfɔʂtɑnɪ
uforstandige	ˈʉːfɔʂtɑnɪə
uforstandigere	ˈʉːfɔʂtɑnɪɾə
uforstandigst	ˈʉːfɔʂtɑnɪkst
uforstandigste	ˈʉːfɔʂtɑnɪkstə
uforstyrret	uːfɔʂtʰʏʁː
uforståelig	uːfɔɾˈʈæɪ̯ɛɭ
uforståelige	ʉːfɔˈʂtoːəlɪə
uforståeligere	ʉːfɔˈʂtoːəlɪɾə
uforståeligst	ʉːfɔˈʂtoːəlɪkst
uforståeligste	ʉːfɔˈʂtoːəlɪkstə
uforstående	ˈʉːfɔʂtoːənə
uforsvarlig	ʉ̞ˈfɔʂːvɑɭɪ
uforsvarlig	ˈʉːfɔʂʋɑːɭɪ
uforsvarlige	ˈʉːfɔʂʋɑːɭɪə
uforsvarligere	ˈʉːfɔʂʋɑːɭɪɾə
uforsvarligst	ˈʉːfɔʂʋɑːɭɪkst
uforsvarligste	ˈʉːfɔʂʋɑːɭɪkstə
ufortjent	uːfɔɾtʃent
ufortrøden	ˈʉːfɔʈɾøːdən
uforutsett	uːfɔɾʉtsɛt
uforutsette	ʉːfɔɾʉtˈsɛtə
uforutsigbar	uːfɔɾʉtsiːgbɑːɾ
uforutsigbare	ʉːfɔɾʉtsɪgbɑːɾə
uforutsigbart	uːfɔɾʉtsɪgbɑɾt
uforutsigelig	uːfɔɾʉtsigəl
uforvarende	ʉːfɔɾvɑːɾɛŋə
uforvarende	ˈʉːfɔɾʋɑːɾənə
ufravikelig	ʉːfɾɑˈʋiːkəlɪ
ufravikelige	ʉːfɾɑˈʋiːkəlɪə
ufravikeligere	ʉːfɾɑˈʋiːkəlɪɾə
ufravikeligst	ʉːfɾɑˈʋiːkəlɪkst
ufravikeligste	ʉːfɾɑˈʋiːkəlɪkstə
ufrivillig	ʉːfrɪvʲɪlːɪ̞
ufrivillig	ʉːfɾɪˈʋɪlɪg
ufrivillige	ʉːfɾɪˈʋɪɫɪgə
ufruktbar	ʉ̞ˈfrʉktbɑːr
ufullendt	ˈʉːfʉlɛnt
ufullkommen	ˈʉːfʉlkɔmən
ufullstendig	ˈʉːfʉlstənɪ
ufullstendige	ʉːfʉlstɛndɪgə
ufullstendige	ˈʉːfʉlstənɪə
ufullstendigst	ˈʉːfʉlstənɪkst
ufullstendigste	ˈʉːfʉlstənɪkstə
ufyselig	ʉˈfyːsəlɪ
ufyselig	ʉːfʏsəlɪ
ufyselige	ʉˈfyːsəlɪə
ufyselige	ʉːfʏsɪlə
ufyseligere	ʉˈfyːsəlɪɾə
ufyseligste	ʉˈfyːsəlɪkstə
ufølsom	uːfœlsɔm
ufølsom	ʉˈføːlsɔm
ufølsomme	uːfœlsɔmə
ufør	ʉːfɔr
ufør	ˈʉːføːɾ
uføre	ʉːfœːɾə
uføret	uːfœɾət
uganda	ʉgɑndɑ
ugift	ʉːgɪft
ugifte	ʉgɪftə
ugjenkallelig	ʉgjɛnˈkɑːləɪ̯
ugjenkallelig	ʉːjənˈkɑləlɪ
ugjenkallelige	ʉːjənˈkɑləlɪə
ugjenkalleligst	ʉːjənˈkɑləlɪkst
ugjenkalleligste	ʉːjənˈkɑləlɪkstə
ugjenkjennelig	ʉgjɛnçɛnəlɪg
ugjenkjennelige	ʉgjɛnçɛnəlɪgə
ugjennomtrengelig	ʉgjɛnːɔmˈtrɛŋəlɪ
ugjennomtrengelig	ʉːjənɔmˈtɾɛŋəlɪ
ugjennomtrengeligst	ʉːjənɔmˈtɾɛŋəlɪkst
ugjennomtrengeligste	ʉːjənɔmˈtɾɛŋəlɪkstə
ugjerningen	ʉgjɛɳɪŋən
ugjerninger	ʉgjɛɳɪŋɐ
ugjort	ʉgjɔɾt
ugla	ʉglə
ugle	ʉːɭə
ugle	ˈʉglə
uglen	uglˈɛn
uglen	ʉːglən
ugler	ʉglɛɾ
ugleunge	ʃuklˈʊŋe
ugreit	ʉgɾæɪt
ugress	ʉgrɛs
ugresset	ʉgrɛsət
ugudelig	ʉgʉdəlɪ
ugudelige	ʉgʉˈdɛɪ̯lɪ
ugunstig	ʉːgʉnstɪ
ugyldig	ʉˈjʏldɪ
ugyldige	ʉglɪgə
ugyldigere	ʉˈjʏldɪɾə
uhelbredelig	ʉˈhɛlbrəˌdæɪ̯g
uhelbredelig	ʉːhəlˈbɾeːdəlɪ
uhelbredelige	ʉːhəlˈbɾeːdəlɪə
uhelbredeligste	ʉːhəlˈbɾeːdəlɪkstə
uheldig	ʉˈhɛldɪ
uheldige	ʉˈhɛldɪə
uheldige	ʉːˈhæɭdɪgə
uheldigere	ʉˈhɛldɪɾə
uheldigst	ʉˈhɛldɪkst
uheldigste	ʉˈhɛldɪkstə
uheldigvis	uːˈhæɭdɪgʋɪs
uhell	ʉːhɛl
uhell	ʉːɫ
uhellet	ʉːˈhɛlət
uhemmet	ʉːˈhɛmːət
uhh	ʉ
uhm	ʊm
uholdbar	ʉːˈhɔldbɑːr
uholdbar	ˈʉːhɔlbɑːɾ
uhorvelig	ʉˈhɔɾʋəliː
uhorvelige	ʉˈhɔɾʋəliːɪə
uhorveligere	ʉˈhɔɾʋəliːɪɾə
uhorveligst	ʉˈhɔɾʋəliːɪkst
uhorveligste	ʉˈhɔɾʋəliːɪkstə
uhumsk	ˈʉːhʉmsk
uhyggelig	ʉˈhʏgəlɪ
uhyggelige	ʉˈhʏgəlɪə
uhyggelige	ʉːɣəlɪ
uhyggeligere	ʉˈhʏgəlɪɾə
uhyggeligst	ʉˈhʏgəlɪkst
uhyggeligste	ʉˈhʏgəlɪkstə
uhyre	ʉːɾə
uhyre	ˈʉːhyːɾə
uhyrlig	ʉːʏɾlɪg
uhåndterlig	ˈʉːhɔnteːɭɪ
uhåndterligst	ˈʉːhɔnteːɭɪkst
uhøflig	ʉˈhœflɪ
uhøflig	ʉːˈhœflɪ
uhøflige	ʉˈhœflɪə
uhøflige	ʉːˈhœɪ̯lɪgə
uhøfligere	ʉˈhœflɪɾə
uhøfligst	ʉˈhœflɪkst
uhøfligste	ʉˈhœflɪkstə
uidentifisert	ˈʉːɪdɛntɪfɪʂt
uidentifiserte	ʉɪ̯dɛntɪfɪʂɛʁtə
uimotståelig	ʉɪmuːtˈstoːəlɪ
uimotståelig	ʉɪ̯mɔtˈʈæɪ̯ɫ
uimotståeligere	ʉɪmuːtˈstoːəlɪɾə
uimotståeligst	ʉɪmuːtˈstoːəlɪkst
uimotståeligste	ʉɪmuːtˈstoːəlɪkstə
uimottakelig	ʉɪmʊˈtɑːkəlɪ
uimottakelige	ʉɪmʊˈtɑːkəlɪə
uimottakeligere	ʉɪmʊˈtɑːkəlɪɾə
uimottakeligste	ʉɪmʊˈtɑːkəlɪkstə
uinntakelig	ˈʉ̂ɪ̯nːtɑːkəlɪ
uinteressant	ˈʉ̂ɪ̯ntæɾɛsɑ̀nt
uinteressert	ʉɪntəˈrɛsːɾ̥
uinteressert	ʉˈɪntərəsˌɛt
uinteressert	ˈʉːɪntəɾəseːʈ
uinvitert	ʉɪnvɪtəɾt
uirich	ʉɪrɪç
uirik	ʉɪrɪk
uiykke	ʉɪkːə
ujevn	ˈʉːjɛʋn̩
ujevne	ʉːjɛvnə
uka	ʉːkɑ
ukas	ʉːkɑs
uke	yːkˢa
uke	ʉkə
uke	ʉːkə
ukeavis	ukavis
ukeblader	ʉːkəblɑːdər
ukedag	ʉkˈeːdag
ukedagene	yːkʲidagine
ukedager	ʉkʰedɑgɪr
ukekort	ʉːkəkɔʈ
uken	ʉkˈɛn
uken	ʉːkən
ukene	ʉːkənə
ukens	ʉːkɛns
ukentlig	ʉːkɛntlɪ
ukentlige	ʉːkɛntlɪgə
ukentlige	ˈʉːkəntlɪə
ukentligere	ˈʉːkəntlɪɾə
ukentligst	ˈʉːkəntlɪkst
ukentligste	ˈʉːkəntlɪkstə
ukepengene	ʉːkəpɛŋənə
uker	ʉːkər
uker	ˈʉkər
ukes	ʉːkəs
ukesvis	ʉːkɛsvis
ukevis	ʉːkəʋɪs
ukjent	ʉkʰjɛnt
ukjente	ʉkˈjɛntə
uklanderlig	ʉˈklɑnəɭɪ
uklanderlig	ʉːklandɛɭɪg
uklanderlige	ʉˈklɑnəɭɪə
uklanderligere	ʉˈklɑnəɭɪɾə
uklanderligst	ʉˈklɑnəɭɪkst
uklanderligste	ʉˈklɑnəɭɪkstə
uklar	ʉːkɭɑr
uklar	ˈʉklar
uklar	ˈʉːklɑːɾ
uklare	ʉːkˈlɑːɾə
uklokt	ʉːklɔkt
uknuselig	ʉːkˈnʉːsəlɪg
ukomfortabel	ʉkɔmfɔʈɑbəl
ukomfortabelt	ʉkɔmfɔɾtɑːbɛlt
ukomfortable	ʉkɔmfɔɾˈtɑːblə
ukomplisert	ʉkɔmplɪʂɛʁ
ukonsentrert	ʉkɔnˈsɛntrəɾt
ukontrollerbar	ʉːkɔntɾɛlɛɾbɑːr
ukontrollert	ʉːkɔntɾɔlɛɾt
ukonvensjonell	ʉkɔ̀nvɛnʃuˈnœl
ukonvensjonelle	uːkɔnvɛnʃuːnɛlːə
ukorrekt	ʉkɔɾɛkt
ukraina	ʉkɾɑɪnɑ
ukrainsk	ʉkɾæɪnʃ
ukrainske	ʉkɾɑɪnskə
ukrenkelige	ʉˈkɾɛŋkəlɪə
ukrenkeligere	ʉˈkɾɛŋkəlɪɾə
ukrenkeligste	ʉˈkɾɛŋkəlɪkstə
ukritisk	ˈʉːkɾiːtɪsk
ukuelige	ʉːˈkʉːəlɪə
ukueligere	ʉːˈkʉːəlɪɾə
ukulele	tukulɛlɛ
ukulele	ʉkʉˈleːlə
ukult	ʉkʉlt
ul	ʉːl
ulage	ʉːlɑgə
ulastelig	ʉˈlɑstəlɪ
ulastelige	ʉˈlɑstəlɪə
ulasteligere	ʉˈlɑstəlɪɾə
ulasteligst	ʉˈlɑstəlɪkst
ulasteligste	ʉˈlɑstəlɪkstə
uldene	ʉːldənə
ule	ˈʉːlə
ulempe	ʉːləmpə
ulempe	ˈʉːlɛmpə
ulempen	ylæmpæn
ulempen	ʉːˈlæmpən
ulempene	ʉːˈlɛmpənə
ulemper	ʉːləmpər
uler	ʉːləɾ
uleselig	ʉˈleːsəlɪ
uleselig	ʉːləˈseːlɪ
uleselige	ʉˈleːsəlɪə
uleseligere	ʉˈleːsəlɪɾə
ulf	ʏlf
ulidelig	ʉˈliːdəlɪ
ulidelig	ʉːlɪˈdeːlɪ
ulidelige	ʉˈliːdəlɪə
ulideligere	ʉˈliːdəlɪɾə
ulik	ʉːlɪk
ulik	ˈʉːliːk
ulike	ʉɫɯkæ
ulike	ʉːlɪkə
ulikhet	ʉːlɪkˈhɛt
ulikt	ʉːlɪkt
ull	ʉːl
ulla	ʉlːɑ
ullen	ˈʉlən
ullest	ylˈest
ullevål	œlːəvoːl
ulloa	ʉlːɔɑ
ullteppe	ʉltɛpə
ullven	ʉlˈʋɛn
ulme	ˈʉlmə
ulogisk	ʉːlɔgɪsk
ulovlig	ʉːlɔʋlɪg
ulovlige	ʉˈloːʋlɪə
ulovlige	ʉːlɔʋlɪgə
ulovligere	ʉˈloːʋlɪɾə
ulovligste	ʉˈloːʋlɪkstə
ulrich	ʉlˈrɪk
ulrik	ʉːlɾɪk
ulrika	ʉːlˈriːkɑ
ulrikke	ʉːlɾɪkːə
ultimat	ultimat
ultimate	ʉltɪˈmeːt
ultimatum	ʉltɪˈmɑtʉm
ultra	ʉltɾɑ
ultrafiolett	ʉltɾɑfɪɔlɛt
ultralyd	ʉl̥trɑːlyː
ultralyden	ʉltɾɑːlyːdn̩
ultron	ʉltɾʊn
ulv	ʉːlv
ulveflokk	ʉlvəflɔk
ulveflokken	ʉlvəflɔkːən
ulven	ʉːlvən
ulvene	ʉːlʋən
ulvens	ʉːlvəns
ulver	ʉlvər
ulydig	ʉːlʏdɪg
ulydige	ʉˈlyːdɪə
ulydige	ʉːlʏdɪgə
ulydigere	ʉˈlyːdɪɾə
ulydighet	ʉːlɪgɪɦɛt
ulykka	ʉːɭʏkːɑ
ulykke	ˈʉːlʏkə
ulykkelig	ʉˈlʏkəlɪ
ulykkelig	ʉːlɪkːəlɪ
ulykkelige	ʉˈlʏkəlɪə
ulykkelige	ʉːlɪkəlɪ
ulykkeligere	ʉˈlʏkəlɪɾə
ulykkeligst	ʉˈlʏkəlɪkst
ulykkeligste	ʉˈlʏkəlɪkstə
ulykken	ʉːɭkən
ulykkene	ʉːlʏkːənə
ulykker	yːlikːiɾ
ulykker	ʉːlʏkːər
ulykkesfugl	ʉːlʏkɛsfʉgl
ulykkesstedet	ʉːlʏkɛsˈstɛːdət
ulykksalig	ʉːlʏkˈsɑːlɪ
ulykksaligere	ʉːlʏkˈsɑːlɪɾə
ulykksaligst	ʉːlʏkˈsɑːlɪkst
ulykksaligste	ʉːlʏkˈsɑːlɪkstə
ulysses	ʉːlɪsɛs
ulåst	uːlɔst
uløst	uːlœʃt
uløst	yːløːst
uløste	uːløːstə
uløya	yløja
um	ʉːm
umake	ʉːmɑːkə
umake	ˈʉːmɑːkə
umaken	ʉːˈmɑːkən
umber	ʉ̂mːər
umberto	ʉ̀mbɛɾtʉ
umbrella	ʉmˈblæ
umedgjørlige	ʉːmeːdˈjøːɭɪə
umedgjørligst	ʉːmeːdˈjøːɭɪkst
umedgjørligste	ʉːmeːdˈjøːɭɪkstə
umenneskelig	ʉmɛnˈʃɛlɪg
umenneskelig	ʉˈmɛnskəlɪ
umenneskelige	ʉˈmɛnskəlɪə
umenneskelige	ʉˈmɛnːskəlɪgə
umenneskeligere	ʉˈmɛnskəlɪɾə
umenneskeligst	ʉˈmɛnskəlɪkst
umenneskeligste	ʉˈmɛnskəlɪkstə
umennesklelig	ʉmˈɛnəsklˌɪg
umerkede	ʉməɾkə
umerkelige	ʉˈmæɾkəlɪə
umettelig	ʉmɛtəlɪg
umettelig	ʉˈmɛtəlɪ
umettelige	ʉˈmɛtəlɪə
umetteligere	ʉˈmɛtəlɪɾə
umetteligst	ʉˈmɛtəlɪkst
umetteligste	ʉˈmɛtəlɪkstə
umi	ʉːmɪ
umiddelbar	ʉmɪˈdəlbɑːr
umiddelbar	ʉˈmɪdəlbɑːɾ
umiddelbare	ʉmɪˈdɛlbɑːrɛ
umiddelbart	ʉmɪˈd̥ɛlbɑɾt
umin	ʉːmɪn
umiskjennelige	ʉmɪsˈçɛnəlɪə
umiskjenneligere	ʉmɪsˈçɛnəlɪɾə
umiskjenneligst	ʉmɪsˈçɛnəlɪkst
umiskjenneligste	ʉmɪsˈçɛnəlɪkstə
umistelig	ʉˈmɪstəlɪ
umistelige	ʉˈmɪstəlɪə
umisteligere	ʉˈmɪstəlɪɾə
umisteligst	ʉˈmɪstəlɪkst
umisteligste	ʉˈmɪstəlɪkstə
umm	ʊm
umoden	ʉːˈmuːnə
umoden	ˈʉːmuːdən
umodent	ʉːˈmɔ̀ːd̥n̩t
umoderne	ʉ̀ːmɔd̥ɛrnə
umodne	ʉːˈmɔdnə
umoral	ʉːmoɾɑːl
umoralsk	ʉːmoɾɑːlsk
umoralsk	ˈʉːmʊɾɑːlsk
umoralske	ʉ̀ːmɔɾɑːlʂkə
umotivert	ʉːmɔtɪvəɾt
umulig	ʉˈmʉːlɪ
umulig	ʉːmʉːlɪg
umulige	ʉˈmʉːlɪə
umulige	ʊmʉˈliːgə
umuligere	ʉˈmʉːlɪɾə
umulighet	ʊmʉlɪgɪt
umuligst	ʉˈmʉːlɪkst
umuligste	ʉˈmʉːlɪkstə
umyndigere	ʉˈmʏnɪɾə
umyndigst	ʉˈmʏnɪkst
umyndigste	ʉˈmʏnɪkstə
un-lun	ʉːnˈlʉːn
una	ʉːnɑ
unaturlig	ʉˈnɑːtʉːlɪ
unaturlig	ˈʉːnɑtʉːɭɪ
unaturlige	ʉˈnɑːtʉɭɪgə
undas	ʉndɑs
under	ˈʉnəɾ
under	ˈʉ̂nːər
underarmen	ˈʉ̀nːəɾɑɾm̩
underbemannet	ˈʉ̂nːəɾbæˌmænet
underbevisst	ˈʉ̂nːərbɛʋɪʂt
underbevisste	ˈʉ̂nːərbɛʋɪʂːə
underbevisstheten	ˈʉ̀nːərbɛʋɪʃtəˌheːn
underbuksa	ˈʉ̀nːəɾbʉksɑ
underbukse	ʉnəɾbʊksə
underbukse	ˈʉ̀nːərbʉskə
underbuksene	ˈʉ̀nːəɾbʉksənə
underbukser	ˈʉ̀nːərbʉksər
underbygge	ˈʉnəɾbʏgə
underbygge	ˈʉ̀nːərbygːə
underdanig	ʉnəˈɖɑːnɪ
underdanigere	ʉnəˈɖɑːnɪɾə
underdanigst	ʉnəˈɖɑːnɪkst
underdanigste	ʉnəˈɖɑːnɪkstə
underdirektør	ˈʉndəɾɪɛktøːʁ
underdog	ˈʉndərdɔg
underdrivelse	ˈʉndərdrɪvləsə
undere	ʉndɛɾə
underet	ˈʉ̂nːəɾɛt
underetasjen	ˈʉ̀ːnəɾɛtɑʃɛn
underforstått	ˈʉ̂nːərfʊʂtɔt
underfundig	ʉnəɾˈfʉnɪ
underfundige	ʉnəɾˈfʉnɪə
underfundigere	ʉnəɾˈfʉnɪɾə
underfundigst	ʉnəɾˈfʉnɪkst
underfundigste	ʉnəɾˈfʉnɪkstə
undergang	ˈʉ̀ndərgɑŋ
undergangen	ˈʉ̀nːdərgɑŋən
undergrave	ˈʉnəɾgɾɑːʋə
undergrave	ˈʉ̀ndərgɾɑːvə
undergraver	ˈʉ̀nːəgɾɑːʋəɾ
undergrunnen	ˈʉ̂nːərgrʉnːən
undergrunnsbanen	ˈʉ̀nːəɾgɾʉnsbɑːnə
underhill	ˈʉ̂nːərhil
underhold	ˈʉ̂nːərhɔld
underholde	ˈʉnəɾhɔlə
underholde	ˈʉ̂nːərhɔ́ldə
underholdende	ˈʉ̀nːərhʊlːɛndə
underholder	ˈʉ̂nːərhɔldər
underholdning	ʉnəɾˈhɔlnɪŋ
underholdning	ˈʉ̂nːərhɔldnɪŋ
underholdningen	ˈʉ̀nːərhɔldnɪŋ
underholdningsbransjen	ˈʉ̀nːərhɔldnɪŋsbrɑnʃən
underholdt	ˈʉ̂nːərhɔlt
underjorden	ˈʉ̀nːəɾjɔɾn̩
underjordisk	ˈʉ̀nːəɾjɔɾɪsk
underjordiske	ˈʉ̂nːəɾjɔɾdɪskə
underkant	undərkant
underkaste	ˈʉnəɾkɑstə
underkastelse	ˈʉ̂nːɛɾkɑstəlsə
underkaster	ˈʉ̂nːɛɾkɑstəɾ
underkjenne	ˈʉnəɾçɛnə
underkue	ˈʉnəɾkʉːə
underlagt	ˈʉ̂nːərlɑkt
underlegen	ˈʉnəɭeːgən
underlegen	ˈʉ̂nːəɾlɛgən
underlegne	ˈʉ̂nːərleːgnə
underlig	ynndəlˈɪ
underlige	ˈʉnəɭɪə
underlige	ˈʉ̀nːəɾliːgə
underligere	ˈʉnəɭɪɾə
underliggende	ˈʉ̞nːəɭɪgn̩gə
underligst	ˈʉnəɭɪkst
underligste	ˈʉnəɭɪkstə
underliv	ʉnəɭiːʋ
underlivet	ˈʉ̂nːərliːʋət
underminere	ˈʉ̀nːəɾmɪnəɾə
undermåls	ˈʉnəɾmoːls
underoffiser	ˈʉ̀nːəɾɔfɪʃər
underordnede	ˈʉ̂nːəɾɔɳəɾə
underordnet	ˈʉ̀nːəɾɔɾˌnɛt
underrett	ˈʉ̂nːəɾɛt
underrette	ˈʉnəɾɛtə
underrette	ˈʉ̀nːəɾɛtə
underretter	ˈʉ̂nːəɾːetər
underrettet	ˈʉ̂nːəɾːetː
underrommet	ˈʉ̂nːəɾɾʊmːə
undersiden	ˈʉ̂nːəɾsɪdən
underskrev	ˈʉ̂nːəɾʃɾæʋ
underskrevet	ˈʉ̂nːəɾskɾeːʋət
underskrift	ʉnəʂkɾɪft
underskrift	ˈʉ̂nːəɾˌʃɾɪft
underskriften	ˈʉ̂nːəɾˌʃɾɪtən
underskriftene	ˈʉ̀nːəɾˌskɾɪtnə
underskrifter	ˈʉ̂nːəɾskɾɪftəɾ
underskriftskampanje	ˈʉ̂nːəɾskɾɪftsˌkɑ̀mːɑ̀ɲə
underskriv	ˈʉ̀ndəɾʂɾiːʋ
underskrive	ʉnəʂkɾiːʋə
underskrive	ˈʉ̂nːəɾskɾiːʋə
underskriver	ˈʉ̀ndəɾʃɾiːər
underskudd	ˈʉ̂nːəɾˌʃʉd
underslag	ˈʉ̂nːəɾsɭɑg
underslo	ˈʉ̂nːəɾsloː
underslå	ˈʉnəʂɭoː
understellet	ˈʉ̀nːərstɛlːət
understreke	ˈʉnəʂtɾeːkə
understreke	ˈʉ̂nːərstɾɛːkə
understreker	ˈʉ̂nːərstɾɛkɐ
understøtte	ˈʉnəʂtœtə
undersått	ˈʉ̂nːdɛɾsɑt
undersåttene	ˈʉ̂nːəɾsɔtːə
undersøk	ˈʉ̂nːəɾsøːk
undersøke	ˈʉnəʂøːkə
undersøkelse	ʉnəˈʂøːkɛlsə
undersøkelse	ˈʉ̂nːəɾsøːkəlsə
undersøkelsen	ˈʉ̂nːəɾsøːkələn
undersøkelsene	ˈʉ̂nːəɾsøːkəlsənə
undersøkelser	ˈʉ̂nːəɾsøːkəlsər
undersøkende	ˈʉ̂nːəɾsøːkənə
undersøker	ˈʉ̂nːəɾsøːkər
undersøkes	ˈʉ̂nːəɾsøːkəs
undersøkt	ˈʉ̀nːəɾsøːkt
undersøkte	ˈʉ̂nːəɾsøːktə
undertall	ˈʉ̂nːəɾtɑɭ
undertegn	ˈʉ̂ndətæŋ
undertegne	ˈʉ̀nːəɾtæɪ̯ŋn̩
undertegnede	ˈʉ̀nːəteːgnə
undertegner	ˈʉ̀nːəɾtæi̯ŋər
undertegnet	ˈʉ̀ːnːəɾtæɪ̯ŋn̩
undertekst	ˈʉ̂nːəɾtɛkst
undertekster	ˈʉ̀nːəɾtɛkstər
undertittel	ˈʉnəʈɪtəl
undertrykke	ˈʉnəʈɾʏkə
undertrykke	ˈʉ̂nːəɾtrʏkːə
undertrykkelse	ˈʉ̀nːərtrʏkəlsə
undertrykkelsen	ˈʉ̀nːəɾˌtrœ̞kːəlsn̩
undertrykkende	ˈʉ̀ːnːəɾˌtrœ̞kːən̩
undertrykker	ˈʉ̀nːərtrʏkər
undertrykket	ˈʉ̀nːəɖʁʏkːə
undertrykte	ˈʉ̂nːəɾtʾʏktə
undertrøye	ʉnəʈɾœjə
undertøy	ˈʉ̀ndəɾtœʏ
undertøyet	ˈʉ̀nːəɾtœʏə
undervannskamera	ˈʉnəɾʋɑnskɑmeːɾɑ
underveis	ʉndəɾˈʋæɪs
underveis	ʉnəɾˈʋæɪs
underveis	ˈʉ̂nːəɾʋæɪs
underverden	ˈʉ̂nːərʋæɾn̩
underverdenen	ˈʉ̀nːərvərˌdɛn̩
underverk	ˈʉ̀nːəɾʋæɾk
underverker	ˈʉ̂nːərvɛɾkər
undervise	ˈʉnəɾʋiːsə
underviser	ˈʉ̂nːəɾʋiːsər
undervisning	ˈʉ̀ndərviːsɪŋ
undervist	ˈʉ̀nːərʋɪst
underviste	ˈʉ̀nːərʋɪstə
undervurder	ˈʉ̀nːəɾʋʉɾːər
undervurdere	ynnərʋurd̥eːra
undervurdere	ˈʉndərʋʉɾəɾə
undervurdere	ˈʉnəɾʋʉɖeːɾə
undervurderer	ˈʉ̀nːəɾʋʉɾːərər
undervurdert	ˈʉ̀nːərʋʉɾːt
undre	ʉndɾə
undre	ʉnːɾə
undre	ˈʉndɾə
undrer	ʉnd̥ɾɛɾ
undres	ʉndɾɛs
undret	ʉndɾɛt
undring	ʉnːɖɾiŋ
undulat	undulˈɑt
undulat	ʉndʉˈlɑt
unektelig	ʉnˈɛktɪli
unektelig	ʉˈnɛktəlɪ
unektelig	ʉːnɛkˈtɪlə
unektelige	ʉˈnɛktəlɪə
unekteligere	ʉˈnɛktəlɪɾə
unekteligst	ʉˈnɛktəlɪkst
unekteligste	ʉˈnɛktəlɪkstə
ung	ʉŋ
unga	ʉŋɑ
ungarn	ʉŋgɑːɳ
ungarsk	ʉŋgɑʂk
ungarske	ʉŋɑrskə
ungdom	ʉŋdɔm
ungdom	ˈʊŋdɔm
ungdommelig	ʊŋˈdɔməlɪ
ungdommelige	ʉŋdɔmliːgə
ungdommelige	ʊŋˈdɔməlɪə
ungdommeligere	ʊŋˈdɔməlɪɾə
ungdommeligst	ʊŋˈdɔməlɪkst
ungdommeligste	ʊŋˈdɔməlɪkstə
ungdommen	ʉŋdɔmən
ungdommene	ʉŋdɔmːənə
ungdommens	ʉŋdɔməns
ungdommer	ʉŋdɔmər
ungdoms	ʉŋgɔms
ungdomsanstalt	ʉŋgɔmsɑnstɪlt
ungdomsfengsel	ʉŋgɔmsfɛŋsəl
ungdomsforbrytere	ʉŋgɔmsfɔɾˈbʏɾtə
ungdomskilden	ʉŋdɔmskɪldən
ungdomsskole	ʉŋdɔmskɔlə
ungdomsskolen	ʉŋdɔmskuːlən
unge	ʉŋə
unge	ʊ̞nɪ̞
ungen	ʉŋn̩
ungene	umkina
ungene	ʉŋnə
ungenes	ʉŋnɛs
ungens	ʉŋn̩s
unger	ʉŋːər
unges	ʉŋs
unggutt	ʉŋgʉtː
unggutten	ʉŋgʉtːən
ungjente	ˈʊŋjɛntə
ungkar	uŋˈkɒr
ungkar	ʉŋkɑːr
ungkar	ˈʊŋkɑːɾ
ungkaren	ʉŋkɑːɳ
ungkarer	ʉŋkɑːrər
ungmøy	ˈʊŋmœj
ungnaut	ˈʊŋnæwt
ungt	ʉŋt
uniform	ynifɔrm
uniform	ˈʉ̀ːnɪfɔɾm
uniformen	ˈʉ̀ːnɪfɔɾn̩
uniformer	ˈʉ̀ːnɪfɔɾ
uniformert	uːnifɔːʁmæɾt
uniformerte	ˈʉ̀ːnɪfɔʁmətə
unik	ynik
unik	ʉˈniːk
unik	ʉːnɪk
unike	ynɪkæ
unike	ʉːnɪkə
unikt	ynikt
unikt	ʉːnɪkt
unionen	ˈʉːnɪʏn
univers	ˈʉːnɪvɛʂ
universalnøkkel	yniværʃalnøkːɛl
universe	ˈʉːnɪvɛʂ
universell	ʉnɪʋæˈʂɛl
universell	ˈʉːnɪvɛʂɛl
universelle	ˈʉːnɪvɛɾɛlːə
universer	ˈʉːnɪvɛʂər
universets	ˈʉːnɪvɛɾsɛts
universitet	ʉnɪʋæʂɪˈteːt
universiteter	ˈʉːnɪvɛɾɪtɛtɐ
universitetet	ˈʉːnɪvɛɾɪˌteːt
unn	ʉnː
unna	ʉnːɑ
unnagjort	ʉnːɑgjɔɾt
unndra	ˈʉndɾɑː
unne	ynne
unne	ʉnːə
unne	ˈʉnə
unner	ʉnːər
unnfange	ʉnːfɑŋːə
unnfange	ˈʉnfɑŋə
unnfanget	ʉnːfɑŋːət
unnga	ʉŋːɑ
unngjelde	ʉŋjɛɭd̥ə
unngjelde	ˈʉnjɛlə
unngå	ʉngoː
unngå	ˈʉngoː
unngår	ʉnːgoːr
unngås	ʉŋːgɔs
unngått	ʉnːgɔʈː
unnlate	ʉnːlɑːtə
unnlate	ˈʉnlɑːtə
unnlater	ʉnːlɑtər
unnlatt	ʉnːlɑtː
unnlot	ʉnːlɔt
unnsetning	ʉnːsɛtnɪŋ
unnsky	ʉnːʃyː
unnskyid	ʉnːʃyɪt
unnskyld	ʉnːʃʏld
unnskylde	ʉnːʃyːldə
unnskylde	ˈʉnʂʏlə
unnskylder	ʉnːʃyːldər
unnskylding	ʉnːʃyːldɪŋ
unnskyldning	ʉnːʃʏldɳɪŋ
unnskyldningen	ʉnːʃʏldɪŋən
unnskyldningene	ʉnːʃʏldnɪŋə
unnskyldninger	ʉnːʃyɭɲɪŋɐr
unnskyldt	ʉnːʃʏlt
unnskyldte	ʉnːʃʏltə
unnslippe	ynnsliːppə
unnslippe	ʉnːsliːpə
unnslipper	ʉnːsliːpər
unnsluppet	ʉnːsɭʉpː
unnta	ˈʉntɑː
unntak	ʉnːtɑk
unntaket	ʉnːtɑkət
unntakstilstand	ʉnːtɑkstɪlstɑnː
unntatt	ʉnːtɑt
unnvike	ʉnːʋɪkə
unnvikelsesmanøver	ʉnːvɪkəlsɛsmɑ̀ːvɛr
unnvikende	ʉnːvɪkənɛ
unnvikende	ˈʉnʋiːkənə
unnviker	ʉnːʋɪkɐr
unnvære	ʉnːʋæːɾə
unnvære	ˈʉnʋæːɾə
unnværes	ʉnˈvæːɾəs
uno	ʉːnɔ
unormal	ʉːnɔrmɑːl
unormale	ʉːnɔɾˈmɑːlə
unormalt	ʉːnɔɾmɑlt
uns	ɔns
unser	ʉnˈsæɾ
unskyld	ʉnˈʃyːɭ
untatt	ʉnˈtɑt
unwin	ʉnˈʋɪn
unyttig	ʉˈnʏtɪ
unyttige	ʉnˈʏtʂɪ
unyttige	ʉˈnʏtɪə
unyttigere	ʉˈnʏtɪɾə
unyttigst	ʉˈnʏtɪkst
unyttigste	ʉˈnʏtɪkstə
unåde	ʉːnɔːdə
unødig	ʉˈnøːdɪ
unødig	ʉːnøːdɪç
unødige	ʉˈnøːdɪə
unødigere	ʉˈnøːdɪɾə
unødigst	ʉˈnøːdɪkst
unødigste	ʉˈnøːdɪkstə
unødvendig	ˈʉːnœdʋɛnɪ
unødvendige	ʉːnœðˈʋɛnɪgə
unødvendige	ˈʉːnœdʋɛnɪə
unødvendigere	ˈʉːnœdʋɛnɪɾə
unøyaktige	ˈʉːnœjɑktɪə
unøyaktigst	ˈʉːnœjɑktɪkst
uoffisiell	ʉɔfɪˈʃɛl
uoffisielle	ʉɔfɪʃɛlːə
uoffisielt	ʉːfɪʃɛlt
uomtvistelig	ʉɔmˈtʋɪstəlɪ
uomtvistelige	ʉɔmˈtʋɪstəlɪə
uomtvisteligere	ʉɔmˈtʋɪstəlɪɾə
uomtvisteligst	ʉɔmˈtʋɪstəlɪkst
uomtvisteligste	ʉɔmˈtʋɪstəlɪkstə
uoppdaget	ʉːɔpːdɑgət
uoppdragen	ˈʉɔpdɾɑːgən
uoppgjort	ʉːɔpgjɔɾt
uorden	uːɾn̩
uorganisk	ʉːgɑːnɪsk
uortodoks	ʉːɾɔtɔks
uortodokse	ʉːɾtɔdɔksə
uoverensstemmelse	uːvərənsˈstɛmlə
uoverensstemmelser	uːvərənsˈstɛml̩sɐ
uovervinnelig	uɔvɛɾvɪnəlɪ
uovervinnelig	ʉoːʋəɾˈʋɪnəlɪ
uovervinnelige	ʉoːʋəɾˈʋɪnəlɪə
uovervinnelige	ˈʉːɔʋərʋɪnlə
uovervinneligere	ʉoːʋəɾˈʋɪnəlɪɾə
uovervinneligst	ʉoːʋəɾˈʋɪnəlɪkst
uovervinneligste	ʉoːʋəɾˈʋɪnəlɪkstə
up	ʉːp
upartisk	ʉːpɑɾtɪʃ
upartiske	ʉːpɑɾˈtɪskə
upassende	ʉpɑˈʃɛn̩d̥ə
upassende	ˈʉːpɑsənə
upersonlig	ʉpɛʂɔlnɪg
upersonlig	ˈʉːpæʂuːnlɪ
upersonlige	ˈʉːpæʂuːnlɪə
upersonligere	ˈʉːpæʂuːnlɪɾə
upersonligst	ˈʉːpæʂuːnlɪkst
upersonligste	ˈʉːpæʂuːnlɪkstə
upham	ʉːpʰɑm
uplanlagt	uːplɑːnɭɑːt
upon	ʉːpɔn
upopulær	ʉ̀pɔpʉˈlæɾ
upper	ʉpːər
uppercut	ʉpːɛɾkʉt
uppsala	ʉpːsɑːlɑ
upraktisk	ʉːprˈaktisk
upraktisk	ˈʉːpɾɑktɪsk
uprofesjonelt	ʉːpɾʊfɛʃʉːnɛlt
uptown	ʉːptɔʊn
upåklagelig	ʉpoːˈklɑːgəlɪ
upåklagelige	ʉpoːˈklɑːgəlɪə
upåklageligst	ʉpoːˈklɑːgəlɪkst
upåklageligste	ʉpoːˈklɑːgəlɪkstə
upålitelig	ʉːpɑːlɪˈtæːlɪ
upålitelig	ˈʉːpɔliːtəlɪ
upålitelige	ˈʉːpɔliːtəlɪə
upåliteligere	ˈʉːpɔliːtəlɪɾə
upåliteligste	ˈʉːpɔliːtəlɪkstə
upåvirkelig	ʉpɔˈʋɪɾkəlɪ
upåvirkelige	ʉpɔˈʋɪɾkəlɪə
upåvirkeligste	ʉpɔˈʋɪɾkəlɪkstə
upåvirket	ʉːpɑɪ̯ɾɪkət
ur	yːr
uran	ʉːɳ
uransakelig	ʉːɾɑnˈsɑːkəlɪ
uransakelige	ʉːɾɑnˈsɑːkəlɪə
uransakeligere	ʉːɾɑnˈsɑːkəlɪɾə
uransakeligst	ʉːɾɑnˈsɑːkəlɪkst
uransakeligste	ʉːɾɑnˈsɑːkəlɪkstə
uranus	yranʊs
uranus	ʉːɾɑnʉs
urban	ʉɾˈbɑːn
urban	ʉːɾbɑn
urbane	ʉʁbɑːnə
uredd	ˈʉːɾɛd
uredde	ʉːɾɛ
uredelige	ʉːˈɾeːdəlɪə
uredeligste	ʉːˈɾeːdəlɪkstə
uregelmessig	ʉːɾɛgəlmɛsɪ
uregelmessig	ˈʉːɾeːgəlmɛsɪ
uregelmessige	ʉːɾɛgəlmɛsɪ
uregelmessige	ˈʉːɾeːgəlmɛsɪə
uregelmessigere	ˈʉːɾeːgəlmɛsɪɾə
uregelmessigst	ˈʉːɾeːgəlmɛsɪkst
uregelmessigste	ˈʉːɾeːgəlmɛsɪkstə
uregistrert	ˈʉːrɛstʂɛɾt
ureglementert	ˈʉːɾelmɛntɛɾt
uren	ʉːɳ
urene	ʉːɾənə
urensligere	ʉˈɾeːnʂɭɪɾə
urensligste	ʉˈɾeːnʂɭɪkstə
uret	ʉːɾət
urett	ʉːrɛt
uretten	ʉːɾɛtːən
urettferdigere	ˈʉːɾətfæɖɪɾə
urettferdigst	ˈʉːɾətfæɖɪkst
urettmessig	ʉːrɛtˈmɛsɪ
urgamle	ʉʁgɑmlə
urgammel	ʉɾgɑmːəl
uri	ʉːɾɪ
uriah	ˈʉːɾɪɑː
uriktig	ʉˈɾɪktɪ
uriktig	ʉːɾɪçtɪ
uriktige	ʉˈɾɪktɪə
uriktigere	ʉˈɾɪktɪɾə
uriktigst	ʉˈɾɪktɪkst
uriktigste	ʉˈɾɪktɪkstə
urimelig	ʉˈɾiːməlɪ
urimelige	ʉˈɾiːməlɪə
urimelige	ʉːɾɪmɛɭɪ
urimeligere	ʉˈɾiːməlɪɾə
urimeligste	ʉˈɾiːməlɪkstə
urin	yrin
urin	ʉˈɾiːn
urin	ʉːɾɪn
urinen	ʉːɾɪn̪ən
urinerer	ʉːrɪˈnɛːɾ
urinering	ˈʉːrɪnɪŋ
urinprøver	ʉːɾɪnˈproːʋər
urinrørene	ʉr̝iːnrøːrənø
urinrøret	ʉːrɪnrøːɾət
urmaker	ˈʉːɾmɑːkəɾ
urne	ʉːɳə
uro	yːroː
uro	ʉːɾʊ
uroen	ʉːɾœn
uroer	yʁoaʁ
urokkelige	ʉˈɾɔkəlɪə
urokkeligere	ʉˈɾɔkəlɪɾə
urokkeligst	ʉˈɾɔkəlɪkst
urokkeligste	ʉˈɾɔkəlɪkstə
urolig	uːɾʊlɪg
urolige	ʉˈɾuːlɪə
urolighetene	uːɾolɪgɛtə
urovekkende	ʉːɾʉˈvɛkn̩d̥ə
ursula	ʉʂʉlɑ
urt	ʉʈ
urtene	ʉʂtənə
urter	ʉʂːt
urter	ʉʈəɾ
urtete	ʉːɾtɛː
urverk	ʉːɾʋæɾk
uryddige	ʉˈɾʏdɪə
uryddigere	ʉˈɾʏdɪɾə
uryddigst	ʉˈɾʏdɪkst
uryddigste	ʉˈɾʏdɪkstə
urørlig	ʉˈɾøːɭɪ
urørlig	ʉːɾøːɭɪ
urørlige	ʉˈɾøːɭɪə
urørligere	ʉˈɾøːɭɪɾə
urørligst	ʉˈɾøːɭɪkst
urørligste	ʉˈɾøːɭɪkstə
urørt	ʉːɾøɾt
us	ʉːs
usa	ʉːsɑ
usagt	ʉːsɑkt
usaklig	ʉsaglˈe
usaklige	ʉˈsɑːklɪə
usakligere	ʉˈsɑːklɪɾə
usakligst	ʉˈsɑːklɪkst
usakligste	ʉˈsɑːklɪkstə
usammenhengende	ˈʉːsmɛŋənɛ
usanne	ʉːsɑnə
usannsynlig	ʉsɑnˈsyːnlɪ
usannsynlig	ʉːsɑnˈsyːnlɪg
usannsynlige	ʉːsɑnˈsʏ̂ːnlɪgə
usannsynligere	ˈʉːsɑnsyːnlɪɾə
usant	ʉːsɑnt
usant	ˈʉsant
usb-pinnen	ʉːʂb̥ˈpɪnːn̩
usbekistan	ʉsbɛkiˈstɑn
usedvanlig	uːsɛdʋɑnliː
usedvanlige	ʉːsɛdʋɑ̀lnɪçɪ
usedvanlige	ʉːsɛdˈʋɑːnlɪə
usedvanligst	ʉːsɛdˈʋɑːnlɪkst
usedvanligste	ʉːsɛdˈʋɑːnlɪkstə
uselvisk	ˈʉːsəlʋɪsk
uselviske	ʉːsəlˈʋɪskə
ushi-tøra	ʉʂɪˈtøːɾɑ
usigelig	ʉːsɪgəlɪ
usigeligere	ʉˈsiːgəlɪɾə
usigeligst	ʉˈsiːgəlɪkst
usikkerhet	ˈʉːsɪkəɾhɛt
usikkerheten	ˈʉːsɪkəɾətən
usikkert	ʉˈsɪkːəɾt
usikre	ʉːsɪkɾə
usikret	ʉːsɪkɾɛt
uskadd	ʉʂkɑːd
uskadde	ʉʂɑdːə
uskadelige	ʉˈskɑːdəlɪə
uskadeligere	ʉˈskɑːdəlɪɾə
uskadeliggjort	ˈʉʂkɑːdəlɪggjɔʈ
uskadeliggjør	ʉʃɑdəlɪgjœʁ
uskadeliggjøre	ˈʉʂkɑːdəlɪgjøːɾə
uskadeligst	ʉˈskɑːdəlɪkst
uskadeligste	ʉˈskɑːdəlɪkstə
uskadet	ʉʂkɑdət
uskarp	yskarp
uskarp	ˈʉːskɑɾp
uskarpt	ʉʂkɑɾpt
uskikkelige	ʉʂɪˈkɪləgə
uskikket	ʉʂɪkːə
uskyld	ʉʂkʏld
uskyldig	ʉʂkʏldɪ
uskyldige	ʉʃkʏldɪgə
uskyldige	ʉˈʂʏldɪə
uskyldigere	ʉˈʂʏldɪɾə
uskyldiges	ʉʂkʏldɪgɛs
usle	ʉːʂlə
uslepen	ʉːʂlæpən
uslåelig	ʉːsˈloːɛɪ̯g
usmakelig	ʉˈsmɑːkəlɪ
usmakelig	ʉːsmɑːkəlɪ
usmakelige	ʉˈsmɑːkəlɪə
usmakeligere	ʉˈsmɑːkəlɪɾə
usmakeligst	ʉˈsmɑːkəlɪkst
usnakket	ʉːsnakət
ussel	ʉʂːəl
ussel	ʏ̞sːɛl
ussel	ˈʉsəl
usselt	ʉʂːɛlt
ustabil	uːstɑbɪl
ustabil	ʉːstabɪl
ustabil	ˈʉːstɑbiːl
ustabilitet	uːstɑbɪlɪtɛt
ustadig	ˈʉːstɑːdɪ
ustadige	ˈʉːstɑːdɪə
ustadigere	ˈʉːstɑːdɪɾə
ustadigst	ˈʉːstɑːdɪkst
ustanselig	ʉˈstɑnsəlɪ
ustanselig	ʉːstɑnˈsɛlɪ
ustanselige	ʉˈstɑnsəlɪə
ustanseligere	ʉˈstɑnsəlɪɾə
ustanseligst	ʉˈstɑnsəlɪkst
ustanseligste	ʉˈstɑnsəlɪkstə
ustemt	ʉːʃtæmt
ustoppelig	ʉʂtɔpəlɪ
ustraffet	ʉʂtrɑfːɛ
ustyrlig	uːstʏɭ
ustyrlig	ʉˈstyːɭɪ
ustyrlige	ʉˈstyːɭɪə
ustyrligere	ʉˈstyːɭɪɾə
ustyrligste	ʉˈstyːɭɪkstə
ustyrtelig	ʉˈstʏʈəlɪ
ustyrtelige	ʉˈstʏʈəlɪə
ustyrteligere	ʉˈstʏʈəlɪɾə
ustyrteligst	ʉˈstʏʈəlɪkst
ustyrteligste	ʉˈstʏʈəlɪkstə
ustø	ʉːʂtøː
usunn	ˈʉːsʉn
usunne	ʉːsʉnːə
usunt	ʉːsʉnt
usvertede	ʉːsvɛɾˈteːd̥ə
usympatisk	ʉːsʏmˈpɑːtɪsk
usynlig	ʉˈsyːnlɪ
usynlig	ʉːsʏnlɪ
usynlige	ʉˈsyːnlɪə
usynligere	ʉˈsyːnlɪɾə
usynlighet	ˈʉːsʏnlɪçɛt
usynligste	ʉˈsyːnlɪkstə
usårbar	ʉːsɔːrbɑːr
usårlig	ʉːsɔːlɪ
usømmelig	ʉːsømlɪg
ut	ʉt
ut	ʉːt
ut	ˈʉːt
utad	ʉːtɑːd
utadvendt	ʉːtɑːvɛnt
utafor	ʉːtɑfɔr
utah	ʉːtɑː
utakknemlig	ʉːtɑkˈnæmlɪ
utakknemlig	ˈʉːtɑknɛmlɪ
utakknemlige	ʉːtɑkːnɛmlɪgə
utakknemlige	ˈʉːtɑknɛmlɪə
utakknemligere	ˈʉːtɑknɛmlɪɾə
utakknemlighet	ʉːtɑkːnɛmlɪçɛt
utakknemligste	ˈʉːtɑknɛmlɪkstə
utall	ʉːtɑːl
utallige	ʉˈtɑlɪə
utallige	ʉːtɑlɪgə
utalligere	ʉˈtɑlɪɾə
utalligst	ʉˈtɑlɪkst
utalligste	ʉˈtɑlɪkstə
utarbeide	ʉːtɑɾˈbɛɪ̯ːdə
utarbeidelse	ʉːtˢærbˌaɪlˈsə
utarbeider	ʉːtɑɾˈbæɪ̯ɖɐ
utarbeidet	ʉːtɑɾˈbæɪ̯ɪt
utarte	ʉːtɑɾtə
utartet	ʉːtɑːɾət
utav	ʉːtɑːv
utbakingen	ˈʉtbɑːkɪŋən
utbasunere	ˈʉːtbɑʂʉneːɾə
utbedre	ˈʉːtbeːdɾə
utbetaling	ʊtbətˈalɪŋ
utbetalt	ʉːtbæːlt
utboks	ʉtpˈoːks
utbredelse	ˈʉtbrədəlsə
utbrent	ʉːtbrɛnt
utbrent	ˈʉːtbɾɛnt
utbrente	ʉːtbrɛntə
utbringe	ʉːtbrɪŋːə
utbroderende	utbˈuːdərˌɛnˈa
utbrudd	ʉːtbrʉd
utbruddet	ʉːtˈbrʉdːə
utbryte	ytbɾytæ
utbryte	ˈʉːtbɾyːtə
utbrøt	ʉːtˈbrøːt
utbytte	ʉtbɪtːɛ
utbytte	ʉːtˈbʏtːə
utbytte	ˈʉːtbʏtə
utbyttet	ʉːtˈbʏtː
utdanne	ʉːtˈdɑnːə
utdanne	ˈʉːtdɑnə
utdannede	ʉːtˈdɑnːə
utdannelse	ʉːtˈdɑnəlsə
utdannelse	ˈʉtdɑnɛlsə
utdannelsen	ʉːtˈdæln̩sən
utdanner	ʉːtˈdɑnːər
utdannet	ʉːtˈdɑnːət
utdanning	ʉːtˈdɑŋɪŋ
utdanning	ˈʉːtdɑnɪŋ
utdanningen	ʉːtˈdɑ̀nɪŋən
utdatert	ʉːtdaːtɛɾ
utdelingen	ʉːtdeːlɪŋən
utdelt	ʉːtˈdælt
utdrikkingslag	ʉtˈdɾɪŋksˌlɑg
utdrikningslag	ʉːtˈdrɪŋɪŋsˌlɑg
utdrikningslaget	ʉːtˈdɾɪŋɪŋsˌlɑgət
utdype	ʉːtˈdyːpə
utdype	ˈʉːtdyːpə
utdyper	ʉtd̥ipɾ
utdødd	ʉːtˈdɔɖ
utdødde	ʉːtˈdœdːə
utdøende	ʉːtˈdøːənə
ute	ʉːtə
utebli	ˈʉːtəbliː
uteblir	ˈʉːtəbliɾ
utedo	ʉːtədoː
utefra	ˈʉːtəfra
utelate	ʉːtəlɑːtə
utelate	ˈʉːtəlɑːtə
utelater	ʉːtəlɑːtər
utelatt	ʉːtəlɑt
uteligger	ʉːtəlɪgər
uteliggere	ʉːtəlɪgːərə
utelot	ʉːtəlɔt
utelukke	ʉːtəlʉkːə
utelukke	ˈʉːtəlʊkə
utelukkende	ʉːtəlʉkːən
utelukker	ʉːtəlʉkːər
utelukkes	ʉːtɛlʉkːəs
utelukket	ʉːtɛlʉkːət
uten	ytən
uten	ʉːt̪n̩
uten	ˈʉːtn̩
uten	ˈʉːtən
utenat	ʉːtəˈnɑːt
utenbys	ʉːtənbʏʃ
utendørs	ʉːtɛnˈdøːʂ
utendørs	ˈʉːtənøːʂ
utenfor	ʉːtənfɔr
utenfor	ˈʉːtənfɔɾ
utenforskap	ʏtənfɔɾʃkɑp
utenforstående	ˈʉːtənfɔʂtoːənə
utenfra	ʉːt̪n̪fɾɑ
utenkelige	ʉːtənkɛːlɪgə
utenlands	ʉːtənlɑns
utenlandsk	ʉːtənlɑnsk
utenlandsk	ˈʉːtənlɑnsk
utenlandske	ˈʉːtnɑlːskə
utenlandssamtale	ʉːtənlɑnsɑmtɑːlə
utenom	ytsnʉm
utenom	ʉːtənɔm
utenom	ʉːtənʊm
utenomjording	ʉːtənɔmjɔrɪŋ
utenomjordisk	ʉːtənɔmjɔɾɪsk
utenomjordiske	ʉːtənɔmjɔɾɪskə
utenpå	ʉːtənpoː
utenpå	ʉːtənpɔ
utenriks	ʉːtənˈrɪks
utenriks	ˈʉːtənɾɪks
utenriksdepartementet	ʉːtənˈrɪksdæɾɪˌmentɛt
utenriksminister	ˈʉːtnɾɪksmɪnɪstɛr
utenriksministeren	ʉːtənˈrɪkːsminɪstɛːɳ
utenrikspolitikk	ˈʉːtn̥rɪkspɔlɪˌtɪk
utestengelse	ˈʉtəstˈɛŋɪlse
utestengt	ʉːtəʃtɛŋː
utfall	ʉtˈfɑɭ
utfallet	ʉftaɭː
utflukt	ʉːtfluːkt
utflukt	ʉːtflʉkt
utflukten	ʉtfluːktn̩
utflukter	ʉːtfluːktər
utfolde	ʉːtˈfɔ̀ːldə
utfolde	ˈʉːtfɔlə
utfor	ʉtˈfɔr
utfordre	ʉːtˈfɔːɖɾə
utfordre	ˈʉːtfɔɖɾə
utfordrende	ʉtˈfɔɖrənə
utfordrende	ˈʉːtfɔɖɾənə
utfordrer	ʉːtˈfɔɖrər
utfordreren	ʉːtfɔɖɾəɾən
utfordres	ʉtˈfɔɖɾəs
utfordret	ʉːtˈfɔɖɾet
utfordring	ʉːtˈfɔɖɾɪŋ
utfordring	ˈʉːtfɔɖɾɪŋ
utfordringen	ʉːtfɔɖrɪŋən
utfordringene	ʉːtˈfɔːɖɾɪŋnə
utfordringer	ʉtˈfɔɖɾɪŋər
utfore	ˈʉːtføːɾə
utforme	ʉtˈfɔ̀ːmə
utformet	ʉːtˈfɔʁmət
utforming	ˈʉtfɔrmɪŋ
utforske	ʉːtˈfɔʃkə
utforske	ˈʉːtfɔʂkə
utforsker	ʉːfɔʂkʰər
utforsket	ʉtfɔʂʃeː
utforskning	ʉtfɔʂkŋ
utfra	ʉtfɾɑ
utfylle	ʉːtfɪllɛ
utfyller	ʉːfɪlːər
utføre	ʉːfœːɾə
utføre	ˈʉːtføːɾə
utførelse	ʉtføːɾəlsə
utførelsen	ʉːfœɾələn
utfører	ʉtfiːɾ
utføres	ʉːfœɾəs
utførlig	ʉːtˈføːɭɪ
utførlige	ʉːtˈføːɭɪə
utførligere	ʉːtˈføːɭɪɾə
utførligste	ʉːtˈføːɭɪkstə
utført	ʉːfœɾt
utførte	ʉːftøɾtə
utga	ʉːtgɑ
utgang	ʉːtgɑŋ
utgang	ʉːtˈgɑŋ
utgangen	ʉtˈkɑŋən
utgangene	ʉːtˈgɑŋnə
utganger	ʉtˈgɑŋər
utgangspunktet	ʉːtˈgɑŋspɪktə
utgave	ʉːtˈgɑːʋə
utgave	ˈʉːtgɑːʋə
utgaven	ʉːtgɑːʋən
utgaver	ʉtˈgɑːʋər
utgift	ʉːtgɪft
utgift	ˈʉːtjɪft
utgiftene	ʉːtgɪfːənə
utgifter	ʉːtˈgɪftər
utgifter	ˈʉtgiftər
utgivelse	utjəvəlsə
utgivelsen	ʉːtgɪʋəlsn̩
utgiver	ʉtg̊ɛvər
utgiver	ʉtˈçɪvər
utgjorde	ʉːtgʂøːɖə
utgjøre	ʉtˈgjœɾə
utgjøre	ˈʉːtjøːɾə
utgraving	ʉtˈgɾɑːɪŋ
utgravingen	ʉːtgɾɑːvɪŋən
utgravning	ʉtˢɾavnɪŋ
utgravningen	ʉtˈkrɑvnɪŋ
utgytt	ʉːtˈʝʏt
utgår	ʉtˈgoːr
uthenting	ʉːˈhɛntɪŋ
utheve	ˈʉːtheːʋə
utholde	ʉːtˈhɔldə
utholdende	ʉːtˈhɔldənə
utholdende	ˈʉːthɔlənə
utholdenhet	ʉːtˈhɔldənhɛt
utholdenheten	ʉːtˈhɔldənətən
uti	ʉːtɪ
utifra	ʉːtɪfrɑ
utilbørlig	ʉːtɪlbøːɭɪ
utilfreds	uːtɪlfrɛds
utilgivelig	ʉːtɪlgɪˈleːʋɪ
utilgivelig	ʉːtɪlˈjiːʋəlɪ
utilgivelige	ʉːtɪlgɪˈleːgə
utilgiveligste	ʉːtɪlˈjiːʋəlɪkstə
utilgjengelig	ʉːtɪlgæŋəlɪ
utilgjengelige	ʉːtɪlgæŋəlɪ
utilpass	uːtɪlpas
utilregnelig	ʉːtɪlˈrɛgnəlɪ
utilrådelig	ʉtɪlˈɾoːdlɪ
utilsiktede	ʉːtɪsɪktə
utilsiktet	ʉːtɪsɪktət
utilstrekkelig	ʉːtɪlˈstɾɛkəlɪ
utilstrekkelige	uːtɪlstrɛkəlɪ
utilstrekkelige	ʉːtɪlˈstɾɛkəlɪə
utilstrekkeligst	ʉːtɪlˈstɾɛkəlɪkst
utilstrekkeligste	ʉːtɪlˈstɾɛkəlɪkstə
uting	ˈutiŋ
utjevne	ʉːtˈjæʋnə
utkant	ʉːtˈkɑːnt
utkant	ˈʉtkant
utkanten	ʉtg̊ɑːmˀtən
utkanten	ʉːtˈkɑːntn̩
utkanter	ˈʉtg̊antər
utkast	ʉːtˈkɑst
utkast	ˈʉtkast
utkast	ˈʉːtkɑst
utkastelse	ʉːtkɑstəlsə
utkaster	ʉːtˈkɑstər
utkastet	ʉːtkɑst
utkikk	yːtʃjɛk
utkikken	ʉːtçɪkːən
utkjempe	ʉtˈçæmpə
utkjemper	ʉːtçæɪ̯mpɛɾ
utkjempes	ʉːtçæɪ̯mpɛs
utkjempet	ʉːtçæɪ̯mpət
utkjørt	ˈʉːtçøːʈ
utkledd	ʉːtklɛd
utklipp	ʉtklˈɛp
utklipp	ʉːtklɪp
utklippet	ʉtklˈɪppə
utklippsbok	ʉːtklɪpsbuːk
utladet	ʉːtˈlɑːdət
utlegg	ʉːtˈlɛg
utleid	ʉːtˈleɪ̯ːd
utleid	ʏtlaɪl
utleie	ʉːtˈlæɪ̯ə
utleieren	ʉːtˈlæɪ̯ɛɾən
utlending	ʉːtlɛɲɪŋ
utlending	ˈʉːtlɛnɪŋ
utlendingene	ʉːtlɛŋɪŋɛn
utlendinger	ʉːtˈlɛɲɪŋər
utlevere	ʉːtˈleːʋəɾə
utleverer	ʉːtlævər
utlevering	ʉːtˈlæʋəɾɪŋ
utleveringsavtale	ʉːtlævəɾɪŋsɑːftɑːlə
utlevert	ʉːtˈlæʋəɾt
utlovet	ʉːtˈluːvət
utlån	ʉːtˈloːn
utløp	ʉːtˈløːp
utløpe	ˈʉːtløːpə
utløper	ʉːtˈløːpər
utløpet	ʉːtˈløːpət
utløpsdato	ʉːtˈløːpsdɑːtʊ
utløpt	ʉːtløːpt
utløse	ʉːtˈløːsə
utløse	ˈʉːtløːsə
utløser	ʉːtløːsəɾ
utløser	ʉːtˈløːsər
utløses	ʉːtˈløːsəs
utløsning	ʉːtˈløːsnɪŋ
utløste	ʉːtˈløːstə
utmanøvrert	ʉːtmɑːnœʋæɾt
utmattede	ˈʉtmattədə
utmattelse	ʉːtˈmɑtəlsə
utmattelse	ˈʉtmɔtːəlsə
utmattende	ʉːtˈmɑtːənə
utmattet	ʉːtˈmæt
utmattet	ˈʉtmattət
utmerke	ʉːtmæɾkə
utmerke	ˈʉːtmæɾkə
utmerkede	ʉːtˈmæɾkədə
utmerkelse	ʉːtˈmæɾkəlsə
utmerkelsen	ʉːtˈmæɾkəlsn̩
utmerkelser	ʉːtmɛʂkəlsɐ
utmerker	ʉːtmɛrkɛr
utmerket	ʉːtˈmæɾkət
utmerket	ˈʉːtmæɾkət
utnevne	ʉːtn̥ɛvnə
utnevnelse	ʉːtn̥ɛnːəlsə
utnevnelsen	ʉːtnævn̥əl̩n̥
utnevner	ʉːtnɛʋnɛr
utnevnes	ʉːtn̥ɛvn̥ɛs
utnevnt	ʉːtn̥ɛvn̥t
utnevnte	ʉːtn̥ɛvn̥tə
utnytt	ʉːtnɪt
utnytte	ysnitːæ
utnytte	ʉːtn̥ʏtːə
utnytte	ˈʉːtnʏtə
utnytter	ʉːtnʏtːər
utnyttes	ʉːtnʏts
utnyttet	ʉːtnɪtː
utopi	ʉːtɔpɪ
utopia	ʉːtʊpɪɑː
utopium	ʉːtɔpɪʊm
utover	ʉːtɔʋər
utpekt	ʉːtˈpɛkt
utpekte	ʉtˈʃpɛtə
utplassert	ʉːtˈplɑʂːər
utpost	ʉːtˈpɔst
utposten	ʉːtˈpɔstən
utposter	ʉːtˈpɔstər
utpreget	ʏtprɛkət
utpreget	ˈʉːtpɾeːgət
utpresse	ʉːtˈprɛsːə
utpresse	ʏtprɛssɛ
utpresser	ʉːtˈprɛsər
utpresseren	ʉːtˈprɛsəɳ
utpresset	ʉːtˈprɛsːɛt
utpressing	ʉːtˈprɛŋsɪŋ
utpressingen	ʉːtˈprɛsɪŋən
utradere	ʉːtɾɑːdɛɾə
utrede	ʉːtˈɾeːdə
utrede	ˈʉtræda
utrede	ˈʉːtɾeːdə
utredet	ʉːtˈɾɛːdət
utreise	ʉːtɾæɪsə
utrent	ʉːtɾɛnt
utrettelige	ʉtˈrɛtəlɪ
utringningen	ʉːtɾɪŋɪŋə
utrivelig	ʉˈtɾiːʋəlɪ
utrivelig	ʉːtɾɪˈʋɛːlɪ
utrivelige	ʉˈtɾiːʋəlɪə
utrivelige	ʉːtɾɪˈʋæɪ̯lə
utriveligere	ʉˈtɾiːʋəlɪɾə
utriveligste	ʉˈtɾiːʋəlɪkstə
utro	ʉːtrˈu
utro	ʉːtɾʊ
utroiig	ʉːtɾɔɪɪ
utrolig	ʉˈtɾuːlɪ
utrolige	ʉˈtɾuːlɪə
utroligere	ʉˈtɾuːlɪɾə
utropstegn	ʉtˈrɔpsteːɲ
utroskap	ʉːtɾɔskɑp
utroskapen	ʉːtrɔskɑːpən
utrustet	ʉːtˈrʉstət
utrustning	ʉːtrʉʂːɪŋ
utrydd	ʉːtʁɪd
utrydde	ytrɪdːæ
utrydde	ˈʉːtɾʏdə
utryddelse	ʉːtˈrʏɖəlsə
utryddelsen	ʉːtˈrʏdsələn
utrydder	ʉːtˈrʏdːər
utryddes	ʉːtˈrʏdəs
utryddet	ʉːtˈrʏdːət
utrydningstruet	ˈʉtrɪdnˈɪŋstrʉət
utrygg	ʉːtʁɪg
utrygg	ˈʉːtɾʏg
utrygge	ˈʉːtrʏgːə
utrykket	ʉːtɾɪkːə
utsalg	ʉtsalˈk
utsalg	ʉːtsɑlg
utsatte	ytsotːæ
utsatte	ʉːʈˈsɑtə
utseende	yːtsːæːnˈɛ
utseende	ʉːtˈseːn̩d̥ə
utseende	ˈʉːtseːənə
utseendet	ʉːtˈseːn̩t
utsending	ˈʉ̂tsɛnɪŋ
utsendinger	ʉːʈˈsɛnɪŋər
utsett	ʉːtˈsɛt
utsette	ytsətˈɛ
utsette	ʉːtˈsɛtə
utsette	ˈʉːtsɛtə
utsettelse	ʉtsɛtːɛlsæ
utsettelse	ʉtˈsɛtəlsə
utsettelsen	ʉːtˈsɛtələn
utsetter	ʉːtˈsɛtər
utsettes	ʉːʈʃɛts
utsida	ʉːtˈsɪːdɑ
utsiden	ʉːsɪdən
utsikt	ʉːtsɪkt
utsikt	ʉːtˈsɪkt
utsikten	ʉːtˈsɪktən
utsiktene	ʉːtʃɪktnə
utsikter	ʉːʂɪkʰtɛr
utsiktspunkt	ʉːtsɪktspʉŋt
utskeielser	ʉʂːæɪ̯ɛɭsɐɾ
utskrift	ʉːtˈʂɾɪft
utskrift	ˈʉtskrɪft
utskriften	ʉʈʃɾɪtn
utskrifter	ʉːtʃɾɪftəɾ
utskrives	ʉːtʃɾiːʋəs
utskudd	ʉːtˈʂʉd
utskytingen	ʉːtʃʏˈtɪŋən
utskytning	ʉːtʃʏtnɪŋ
utslag	ʉːtʂlɑg
utslett	ʉːtʂɭɛt
utslett	ʉːʈʂlɛt
utslette	ʉtʃlatːa
utslette	ʉːʈʂlɛtə
utslette	ˈʉːtʂɭɛtə
utslettelse	ʉtslɛtəlsə
utsletter	ʉːʈʂlɛtɾ
utslettet	ʉtslɛtː
utslipp	ˈʉtʃlˈɪp
utslippet	ʉːtˈʂlɪpː
utslippsfri	ʊtʃlɪpsfrɪ
utslitt	ʉːtˈslɪt
utslitte	ʉːtˈslɪtə
utslitte	ˈʉtʃlɪktə
utslått	ʉːtˈslɔt
utsolgt	ʉːtˈsɔlgt
utsondrer	ʉːtˈsɔ̀ndrər
utspekulert	ʉtspekuˈlæɾt
utspekulert	ˈʉːtspəkʉleːʈ
utspill	ʉːspiːlː
utspill	ʉːtspɪlː
utspiller	ʉːtspɪlər
utspilt	ʉːtˈspɪlt
utspring	ʉːtˈʂpɾiŋ
utspørring	ʉːtspœʁiŋ
utspørringen	ʉːtspœrɪŋː
utstasjonert	ʉːʈstɑˈʃuːnəɾt
utstede	ʉːʈʂeːd̥ə
utstedte	ʉːtˈstɛːtə
utstilling	ʉːʈstɪlɪŋ
utstilling	ˈʉːtstɪlɪŋ
utstillingen	ʉːʈstɪlɪŋən
utstillingsvindu	ˈʉːtstɪlɪŋsʋɪnʉ
utstoppet	ʉːtˈʂɔpːət
utstrakt	ʉːtʂtrɑkt
utstrakt	ˈʉːtstɾɑːkt
utstrekning	ˈʉtstrəknɪŋ
utstråler	ʉːtstɾɔːlɛɾ
utstråling	ʉːtˈstrɔːlɪŋ
utstyre	ʉːʈʂʏːɾə
utstyret	ʉːtˈʂʏːɾ
utstyrt	ʉːʈʃʏɾt
utstå	ˈʉːtstoː
utstående	ʉːtˈʂæɪ̯ŋə
utstår	ʉːʈʃoːr
utstøte	ˈʉːtstøːtə
utsøkt	ˈʉːtsøːkt
utsøkte	ʉːtˈʂœktə
uttak	ʉtːɑk
uttaket	ʉtːɑkɛt
uttale	ʉtˈɑːlə
uttale	ˈʉːtɑːlə
uttalelse	ʉtːæˈlɛsə
uttalelsen	ʉtːɑˈlɛsn̩
uttalelsene	ʉtːæˈlɛsnə
uttalen	yːtˈɑlən
uttalen	ʉtˈɑːlən
uttaler	ʉtˈɑːlɐ
uttales	ʉtˈɑːləs
uttalt	ʉtːɑlt
uttalte	yːtˈaltɑ
uttalte	ʉtˈɑltə
uttelling	ʃtˈeɪlˈɪŋ
uttenkt	ʉːtːn̥kt
uttrykk	ʉtˈʈʏk
uttrykk	ˈʉːtɾʏk
uttrykke	ʉtˈʈʁʏkə
uttrykke	ˈʉːtɾʏkə
uttrykkelig	ʉtˈʈʁœklɪ
uttrykkelig	ʊˈtɾʏkəlɪ
uttrykkene	ʉtˈʁʏkːənə
uttrykker	ʉtˈʈʏkːər
uttrykkes	ʉtˈʁœkəs
uttrykket	ʉtˈʁʏkːə
uttrykksløs	ˈʉːtɾʏksløːs
uttrykt	ʉtˈʈʏkt
uttrykte	ʉtˈʈʏktə
uttømmende	ˈʉːtœmənə
uttørket	ʉtˈʈœʁkə
utukt	ʉːtʉkt
utuktig	ʉːtʉkʈɪ
utuktig	ʉːˈtʉktɪ
utuktige	ʉːˈtʉktɪə
utuktigere	ʉːˈtʉktɪɾə
utuktigst	ʉːˈtʉktɪkst
utuktigste	ʉːˈtʉktɪkstə
utvalg	ʉːtʋɑlg
utvalg	ʉːtˈʋɑːlg
utvalget	ʉːtˈʋɑːlgət
utvalgt	ˈʉtvɑːlkt
utvalgte	ʉːtˈvalgtə
utvandre	ˈʉːtʋɑndɾə
utvandret	ˈʉtvɑːndrət
utvannet	ʉːtʋɑnːət
utvei	ʉtvɛj
utveien	ʉːtˈʋæɪən
utveier	ʉːtˈʋæɪ̯ər
utveksle	ytvɛkslæ
utveksling	yːtvɛkʃling
utvekslingen	ˈʉtvɛkslˈɪŋən
utvekslingsstudent	ʉːtʋæɕlɪŋsˈʃtʉːdʉnt
utvendig	ʉːtˈʋæɲɪ
utvendige	ʉːtˈʋɛndɪgə
utvetydig	ˈʉːtʋɛtyːdɪ
utvide	ˈʉːtʋiːdə
utvidede	ʉːtviːd̥ə
utvidelse	ʉːtˈʋɪ́ːdl̩sə
utvidelsen	ʉːtˈʋiːdəlsn̩
utvides	ʉːtviːdəs
utviklede	ʉːtˈvɪklə
utviklet	ʉːtˈvɪklət
utvikling	ʉːtviklɪŋ
utvikling	ˈʉːtʋɪklɪŋ
utviklingen	ʉːtviklɪŋən
utviklingshemmet	ʉːtviklɪŋsˈhɛmːət
utvilsom	ʉˈtʋiːlsɔm
utvilsomt	ʉːtvilˈsɔmt
utvinne	ʉːtˈʋɪnːə
utvinning	ʉːtˈʋɪnɪŋ
utvise	ʉːtˈʋiːsə
utvise	ˈʉːtʋiːsə
utviser	ʉːtʋiːsər
utvises	ʉːtˈʋiːsəs
utvisning	ʉːtˈʋiːsɪŋ
utvist	ʉːtˈvɪst
utviste	ʉːtʋɪstə
utvungen	ˈʉːtʋʊŋən
utydelig	ʉˈtyːdəlɪ
utydelig	ʉːtʏdəlɪ
utydelige	ʉˈtyːdəlɪə
utydelige	ʉːtʏdəlɪ
utydeligere	ʉˈtyːdəlɪɾə
utydeligste	ʉˈtyːdəlɪkstə
utyske	ʉːtʏʃkə
utålelig	ʉˈtoːləlɪ
utålelig	ʉːtɑːləɪ̯
utålelige	ʉˈtoːləlɪə
utåleligere	ʉˈtoːləlɪɾə
utåleligste	ʉˈtoːləlɪkstə
utålmodig	ʉːtɔlmɔdiː
utålmodige	ʉːtɑːlmuːdɪgə
utålmodigere	ˈʉːtɔlmuːdɪɾə
utålmodigste	ˈʉːtɔlmuːdɪkstə
utøve	ʉːtøːvə
utøvende	ʉːtøːvɛnə
utøver	ʉːtøvər
utøver	ˈʉtøvər
utøverne	ʉːtøːʋəɳə
utøvet	ʉːtøʋət
utøy	ʉːtɔʏ
uunngåelig	ʉŋːgæɪlɪ
uunngåelig	ʉːʉnˈgoːəlɪ
uunngåelige	ʉːʉnˈgoːəlɪə
uunngåeligere	ʉːʉnˈgoːəlɪɾə
uunngåeligst	ʉːʉnˈgoːəlɪkst
uunngåeligste	ʉːʉnˈgoːəlɪkstə
uunnværlig	ʉːnˈʋæːɭɪg
uunnværlige	ʉːʉnˈʋæːɭɪə
uunnværligst	ʉːʉnˈʋæːɭɪkst
uutforsket	ʉːtˈfɔʂkət
uutgrunnelig	ʉːʉtˈgɾʉnəlɪ
uutgrunnelige	ʉːʉtˈgɾʉnəlɪə
uutgrunneligere	ʉːʉtˈgɾʉnəlɪɾə
uutgrunneligst	ʉːʉtˈgɾʉnəlɪkst
uutgrunneligste	ʉːʉtˈgɾʉnəlɪkstə
uutholdelig	uːtˈhɔldəlɪ
uutholdelig	ʉːʉtˈhɔldəlɪ
uutholdelige	ʉːtˈhɔ̀ldɪglə
uutholdelige	ʉːʉtˈhɔldəlɪə
uutholdeligere	ʉːʉtˈhɔldəlɪɾə
uutholdeligst	ʉːʉtˈhɔldəlɪkst
uutholdeligste	ʉːʉtˈhɔldəlɪkstə
uutslettelige	ʉːʉtˈʂɭɛtəlɪə
uutsletteligere	ʉːʉtˈʂɭɛtəlɪɾə
uutsletteligste	ʉːʉtˈʂɭɛtəlɪkstə
uv	ʉːʋ
uv-lys	ʉːvlʏs
uvane	ʉːʋɑːnə
uvaner	ʉːʋɑːnər
uvanlig	ʉˈʋɑːnlɪ
uvanlige	ʉːʋaːmˌljɛ
uvanlige	ʉːʋɑ̀ːlnɪgə
uvanligere	ʉˈʋɑːnlɪɾə
uvanligst	ʉˈʋɑːnlɪkst
uvanligste	ʉˈʋɑːnlɪkstə
uvant	ʉːvant
uvant	ʉːʋɑnt
uvant	ˈʉːʋɑnt
uvedkommende	ʉːvɛkɔmːɛnə
uvel	ʉːvl̥
uvel	ˈʉːʋɛl
uvelkommen	ˈʉːʋəlkɔmən
uvenn	ʉːvɛn
uvenn	ˈʉːʋɛn
uvenner	ʉːvənər
uvennlig	ʉːvnɪɭ
uventa	ˈʉːʋɛntət
uventede	ʉˈʋɛntədə
uventet	ʉ̀ʋɛntɛt
uventet	ˈʉːʋɛntət
uverdig	ʉːvərdi
uverdige	ʉːɾədiːgə
uverdigst	ʉˈʋæɖɪkst
uverdigste	ʉˈʋæɖɪkstə
uvesentlig	ʉˈʋeːsəntlɪ
uvesentlig	ˈʉːvəsɛntlɪ
uvesentlige	ʉˈʋeːsəntlɪə
uvesentlige	ʉːvəˈsɛntlɪ
uvesentligere	ʉˈʋeːsəntlɪɾə
uvesentligst	ʉˈʋeːsəntlɪkst
uvettigere	ʉˈʋɛtɪɾə
uvettigste	ʉˈʋɛtɪkstə
uvilje	ʉːʋɪljə
uvilkårlig	ʉːʋɪlˈkoːɭɪ
uvilkårlige	ʉːʋɪlˈkoːɭɪə
uvilkårligere	ʉːʋɪlˈkoːɭɪɾə
uvilkårligst	ʉːʋɪlˈkoːɭɪkst
uvillig	ʉˈʋɪlɪ
uvillig	ʉːvɪlɪg
uvillige	ʉˈʋɪlɪə
uvilligere	ʉˈʋɪlɪɾə
uvilligst	ʉˈʋɪlɪkst
uvilligste	ʉˈʋɪlɪkstə
uvirkelig	ʉːʋɪɾkəlɪ
uvirksomme	ʉːʋɪɾkʰsɔmə
uviss	øːvˈɪs
uviss	ˈʉːʋɪs
uvisshet	ʉːʋɪʃhɛt
uvissheten	ʉːʋɪʃːə
uvisst	ʉːʋɪʂː
uvitende	ʉv̥iːtɛnde
uvitende	ʉˈʋiːtənə
uvitende	ʉːvɪtɛnːə
uvitenhet	ʉːvɪtənhɛt
uvitenheten	ʉːvɪtənɛnt
uvurderlige	ʉːvʉɖəɭɪgə
uvurderligste	ʉːʋʉˈɖeːɭɪkstə
uvær	ʉːvɛːr
uværet	ʉːʋæːɾət
uvøren	ʉːʋøːɾən
uxbal	ʉksbɑːl
uzi	ʉːsɪ
uærlig	ʉˈæːɭɪ
uærlige	ʉˈæːɭɪə
uærlighet	ʉːɑɭɪgɛt
uønsket	uɔnʃɛt
v	ʋ
va	ʋɑː
vacuum	ʋɑkɪʏm
vad	ʋɑː
vade	ˈʋɑːdə
vader	ʋɑːdər
vadim	ʋɑːdɪm
vaere	ʋæːɾə
vaert	ʋæːɾt
vaffel	ʋɑfːəl
vaflene	ʋɑːfl̩nə
vafler	ʋɑːfl̩
vag	ʋɑːg
vage	ʋɑːgə
vager	ʋɑːgər
vagge	ˈʋɑgə
vagina	ʋɑgɪnɑ
vaginaen	ˈʋɑgɪnən
vaginaer	ˈʋɑgɪnæɾ
vagn	ʋɑːɲ
vagt	ʋɑgt
vaiana	ʋæɪˈɑːnə
vaie	ˈʋɑjə
vaier	ʋæɪ̯ːr
vaieren	ʋæɪ̯ɛn
vaig	ʋæɪ̯k
vail	ʋæɪ̯l
vake	ʋɑːkə
vake	ˈʋɑːkə
vaken	ʋɑːkən
vakker	ʋɑkːər
vakker	ˈʋɑkəɾ
vakkert	ʋɑkːəɾt
vakle	ʋɑːklə
vakle	ˈʋɑklə
vaklende	ʋɑːklɛn̩d̥ə
vakler	ʋɑːklɛ́ːr
vaklet	ʋɑːklət
vaklevoren	ˈʋɑkləʋuːɾən
vakne	ʋɑːknə
vakner	ʋɑːknəɾ
vakre	ʋɑːkɾə
vakrere	ʋɑːkɾəɾə
vakrest	ʋɑːkɾɛst
vakreste	ʋɑːkrɛstə
vaksinen	ʋɑkˈʂiːn̩
vaksiner	vˈaksiːnər
vaksiner	ʋɑkˈʂiːnəɾ
vaksinere	ʋɑksɪˈneːɾə
vaksinert	ʋɑkˈʂiːnəɾt
vaksinerte	vɑːksiˈeːtːə
vakt	ʋɑkt
vakt	ʋɑːkt
vakta	ʋɑkta
vakten	ʋɑktən
vaktene	ʋɑːktənə
vaktenes	ʋɑktənɛs
vakter	ʋɑːktər
vakthavende	ʋɑːkthɑːʋɛnə
vakthold	ʋɑːkthɔld
vaktholdet	ʋɑːkthɔld̥
vakthund	ʋɑːkthʉn
vaktmester	ʋɑːktmɛstər
vaktmestere	vatˈmˈɛstre
vaktmestere	ʋɑktmɛstɛɾə
vaktmesteren	ʋɑktmɛstərən
vaktmesterens	ʋɑːktmɛstərɛns
vaktmestrer	vˈaktmɛstrˌɛ
vaktpost	ʋɑːktpɔst
vaktposter	ʋɑːktpɔstər
vaktrommet	ʋɑːktɾɔmːə
vaktselskap	ʋɑːktsɛlʃkɑːp
vaktsjefen	ʋɑːkʧɪfɛn
vaktskifte	ʋɑktʂɪftə
vakttjeneste	ʋɑktʃɪˈnɛstə
vakttårn	ʋɑktːoːɳ
vakttårnet	ʋɑktːøːɳ
vakuum	ʋɑːkʉːm
vala	ʋɑːlɑ
valance	ʋɑːlɑːns
valar	ʋɑːlɑr
valborg	vælbɔɾ
valde	ʋɑːɭd̥ə
valdez	ʋɑːldɛs
valdres	faltrɛs
valdres	vˈɑldɹəs
vale	ʋɑːlə
valen	ʋɑːln
valen	ˈʋɑːlən
valencia	ˈvælɛnsiɑ
valene	ˈʋɑːlnə
valentin	ˈvælənˌtɪn
valentine	ˈvælənˌtɪn
valentino	væˈlæntɪnʊ
valentinsdag	ˈvæ̀lɛntɪnsdɑːg
valentinsdagen	ˈvæ̀lɛntɪnsˌdɑːgn̩
valeria	væˈlɛːrɪə
valerie	ˈvæɽiːə
vales	ʋɑːləs
valfarte	ˈʋɑːlfɑʈə
valg	ʋɑlg
valg	ʋɑːl
valgbar	wɑlkbɑr
valgdagen	ʋɑːɫgɑːgən
valgene	ʋɑːlgn̩
valget	vɑlgɛ
valget	ʋɑːlgət
valgfri	ˈʋɑlgfɾiː
valgfritt	ʋɑːlgfrɪt
valgkamp	ʋɑːlgkɑmːp
valgkampanje	ʋɑːlgkɑmˈpɑnjə
valgkampanjen	væɭkɑmˈpɑnjən
valgkampen	væɭkɑmːpɛn
valgliste	vˈɑlkliːstə
valglokalene	ʋɑːɫkʰʊɑ̯lɛnə
valgmøte	ʋɑːlgmøːtə
valgsystem	valɟsʏstɛm
valgt	væɭt
valgte	væɭçtə
valgte	ˈʋɑlktə
valgte	ˈʋɑltə
valgår	ʋɑːlgoːr
valhall	vælhal
vali	ʋɑːlɪ
valiant	ʋɑːlɪɑ̯ːnt
valium	ʋɑːliʊm
valkyrie	vælkyːriː
valkyrje	valkʏɾjə
vallarta	ʋɑlːɑɾtɑ
vallejo	valjə
valliant	ʋɑːlɪɑ̃ːt
vallon	ʋɑlːɔn
valmont	ʋɑːlˈmɔnt
valnøtt	ʋɑːlnœtː
valnøtta	vˈɑːlnøtːa
valnøtter	vˈalnøtːiːr
valnøtter	ʋɑːlnœtːər
valo	ʋɑːlʊ
valp	ʋɑlp
valp	ʋɑːlp
valpen	ʋɑːlp̩
valpene	ʋɑːlpə
valper	ʋɑːlpɛr
vals	ʋɑːls
valse	ʋɑːlsə
valse	ˈʋɑlsə
valser	ʋɑːlˈsæɾ
valset	ʋɑːlˈsɛt
valter	vˈɑːltər
valuta	ʋɑˈlʉːtɑ
valuta	ʋɑːlʉtɑː
valyrisk	ˈʋɑːlʏʁɪsk
vamos	ʋɑːmɔʃ
vamp	vˈamp
vampire	ʋɑmːpɪɾə
vampyr	ʋɑmˈpʏɾ
vampyrblod	ʋɑmˈpyrblɔd
vampyren	ʋɑmˈpʏːɾən
vampyrene	ʋɑmˈpʏːɾənə
van	vˈan
van	ʋɑːn
vance	ʋɑnsə
vancouver	ʋɑŋkʉvɛr
vandal	ʋɑnːdɑl
vandaler	ʋɑnˈdɑːlər
vandalisere	ʋɑnɑlɪˈseːɾə
vandalisme	ʋɑnːdɑlɪsmə
vandel	vˈandəl
vandel	ˈʋɑndəl
vanderbeke	ʋɑnːdɛɾbɛkə
vandre	vˈandrə
vandre	ʋɑndɾə
vandre	ˈʋɑndɾə
vandrende	ʋɑnːɾɛnːə
vandrer	ʋɑnːɖəɾ
vandrere	ʋɑnːɖəɾə
vandreren	ʋɑnːɖəɾən
vandrerne	ʋɑnːɾəɳə
vandresti	ʋɑndɾəstiː
vandret	ʋɑnːɾɛt
vandring	ʋɑnːɪŋ
vandringen	ʋɑnːdɾɪŋə
vandt	ʋɑnt
vandy	ʋɑnːi
vandøde	ʋɑnːdøːdə
vane	ʋɑːnə
vanedannende	ˈʋɑːnədɑnːɛn(ː)d̥ə
vanedyr	ʋɑːnəɖʏr
vanen	ʋɑːnən
vanene	ʋɑːnənə
vaner	vˈɑnər
vaner	ʋɑːnər
vanessa	nanasˈa
vanessa	ʋɑnɛsɑ
vang	vˈaŋ
vang	ʋɑŋ
vanhellige	ʋɑːnhɛlɪgə
vanhellige	ˈʋɑnhɛlɪə
vaniig	ʋɑːnɪɪ
vanilje	ʋɑˈnɪljə
vanilje	ʋɑːnɪljə
vanilla	ʋɑːnɪlə
vanity	ʋɑːnɪtɪ
vanke	vank
vanke	ʋɑŋkə
vanke	ˈʋɑŋkə
vanker	ʋɑŋkər
vanket	ʋɑŋkət
vanlig	ʋɑːlɪ
vanlig	ˈʋɑːnlɪ
vanlige	ʋɑːlgɪ
vanlige	ˈʋɑːnlɪə
vanligere	ʋɑːnliːgə
vanligere	ˈʋɑːnlɪɾə
vanligste	ʋɑːlnɪçstɛ
vanligvis	ʋɑːlɪgʋɪs
vanmakt	ˈʋɑnmɑkt
vann	ʋɑn
vanna	vɑnɫa
vanne	vˈanːə
vanne	ʋɑnːə
vanne	ˈʋɑnə
vanner	ʋɑnːɛr
vannet	ʋɑnːə
vannets	ʋɑnːəʂ
vannfarge	ˈʋɑnfɑɾgə
vannfarge	ˈʋɑɱfɑɾgə
vannflaska	ʋɑnːflɑskɑ
vannflaske	ʋɑnːflɑskə
vannflaten	ʋɑnːflɑtən
vannforbruk	ʋɑnfɔɾbɾʉːk
vannforsyningen	ʋɑnːfɔʂʏnɪŋ
vanngutt	ʋɑnːgʉtː
vanngutten	ʋɑːngʉtːən
vannhull	ʋɑnːhʉlː
vannhullet	ʋɑnːhʉlː
vannivået	ʋɑnːɪˈʋøːt
vannkanne	ʋɑnkɑnə
vannkanten	ʋɑnːkɑtːn̩
vannkilde	ʋɑnːkɪldə
vannkopper	ʋɑnːkɔpːər
vannkran	ʋɑnkɾɑːn
vannledning	ʋɑnːlɛdɪŋ
vannmelon	ʋɑnmɛluːn
vannmelon	ʋɑnːmɛlɔn
vannmeloner	ʋɑnːmɛlʊnər
vannmerke	ˈʋɑmæɾkə
vannmerke	ˈʋɑnmæɾkə
vannrett	ʋɑnːrɛt
vannrett	ˈʋɑnɾɛt
vannrør	ʋɑnːrœːʁ
vannski	ʋɑnʂi
vannski	ʋɑnʃiː
vannskylling	ˈʋɑnʂʏlɪŋ
vanntank	ʋɑːntɑŋk
vanntanken	ʋɑnːtɑŋkən
vanntett	ʋɑːntɛt
vanntett	ˈʋɑntɛt
vanntette	ʋɑːntɛtə
vanntortur	ʋɑːntɔɾtʉːɾ
vanntrykket	ʋɑnːtrʏkːə
vannverket	ʋɑnːvɛrçɛt
vannvidd	ʋɑnːvɪd
vannvogna	ʋɑnːʋɔgnɑ
vansire	ˈʋɑːnsiːɾə
vansiret	ʋɑnsɪˈɾɛt
vanskapning	ʋɑnˈʃɑːpɪŋ
vanskapt	ʋɑːnˈskɑːpt
vanskapt	ˈʋɑːnskɑpt
vanskapte	ʋɑːnˈskɑːptə
vanske	vˈanskə
vanskeiig	ʋɑ̀ŋkəɪɪ
vanskelig	ʋɑːnˈʃeːlɪ
vanskelig	ˈʋɑnskəlɪ
vanskelige	ʋɑ̀ːnʃəlɪ́gə
vanskelige	ˈʋɑnskəlɪə
vanskeligere	ʋɑːnʃəlɪgəɾə
vanskeligere	ˈʋɑnskəlɪɾə
vanskelighetene	ʋɑ̀nskiːləgəteːnə
vanskeligheter	ʋɑ̀nʃəlɪgɛtɛr
vanskelighetsgrad	ʋɑːnʃəlɪghɛtsgɾɑː
vanskeligst	ˈʋɑnskəlɪkst
vanskeligste	ʋɑ̀nskiːɫɪ̂st
vanskeligste	ˈʋɑnskəlɪkstə
vansker	ʋɑnʃkəɾ
vanskjøtte	ˈʋɑːnʂœtə
vant	ʋɑnt
vant	ʋɑnːt
vante	ʋɑntə
vante	ˈʋɑntə
vantene	ʋɑːn̥tənə
vanter	vantˢor
vantrives	ˈʋɑːntɾiːʋəs
vantro	ʋɑntrʊ
vanucci	ʋɑːnuːtʃiː
vanviddet	ʋɑːnˈʋɪtː
vanvittig	ʋɑnˈʋɪtɪ
vanvittig	ʋɑːnˈʋɪtɪ
vanvittige	ʋɑnˈʋɪtɪgə
vanvittige	ʋɑnˈʋɪtɪə
vanvittigst	ʋɑnˈʋɪtɪkst
vanvittigste	ʋɑnˈʋɪtɪkstə
vanære	ʋɑːˈnæːɾə
vanærer	ʋɑːˈnæːɾər
vapen	ʋɑːpən
var	ʋɑːr
var	ʋɑːɾ
vara	vˈɑːra
vardafjell	vardɑfjˈɛl
varden	ʋɑːɖn̩
vare	ʋɑːɾə
vare	ˈʋɑːɾə
varebil	ʋɑːɾəbiːl
varebilen	ʋɑːɾəbiːlən
varebiler	ʋɑːɾəˈbɪləɾ
varehus	ʋɑːɾəhʉs
varehus	ʋɑːɾəhʉːs
varehuset	ʋɑːɾəhʉːsə
varemerke	ʋɑːɾəˈmæɾkə
varemerket	ʋɑːɾəˈmæɾkət
varen	voːrɯm
varen	ʋɑːɾən
varene	ʋɑːɾənə
vareopptelling	ʋɑːɾəʊpːtɛlɪŋ
varer	voɾiɾ
varer	ʋɑːrɛr
varetekt	ʋɑːɾəɛkt
varetekten	ʋɑːɾəˈtɛktən
varetektsfengsel	ʋɑːɾətɛktsfɛŋsəl
varetektsfengslet	ʋɑːɾətekstsfɛŋslət
varg	ʋɑɾk
varga	ʋɑrgɑ
vargas	ʋɑɾgɑs
vargen	ʋɑɾgən
vari	ʋɑːɾɪ
variabel	ʋariːɑːbɪl
variabel	ʋɑɾɪˈɑːbəl
variabel	ʋɑːɾi̯ɑːbəl
variablene	ʋɑːɾiɑːbl̥ənə
variabler	ʋɑːɾiɑ́bl̩
variant	varjant
varianten	ʋɑːɾiɑ̯ntn̩
varianter	ʋɑːɾi̯ɑ̝n̪tɛ̝ɾ
variasjon	ʋɑːɾiɑːʃuːn
variasjoner	ʋɑːɾiɑːʃuˈnøːɾ
varick	ʋɑrɪk
variere	ʋɑːɾiːɾə
varierer	ʋɑːɾi̽ɛːɾ
variert	ʋɑːɾiɛːɾt
varierte	ʋaːriːe̞t̪ːa
varierte	ʋɑːˈɾi̞ːtə
variete	ʋɑɾɪɛˈteː
variety	ʋɑːɾiːtɪ
varig	ʋɑːrɪ
varig	ˈʋɑːɾɪ
varige	ʋɑːrɪgə
varige	ˈʋɑːɾɪə
varighet	ʋɑːrɪgɪt
varigst	ˈʋɑːɾɪkst
varjeg	ʋɑːɾjɛg
varjo	ʋɑɾʝuː
varla	ʋɑɭɑ
varm	vɔɾm
varm	ʋɑɾm
varm	ʋɑːɾm
varme	varmˈa
varme	ʋɑɾmɛ
varme	ˈʋɑɾmə
varmebølge	ʋɑɾməbœlgə
varmekabel	varmɛkaːbɛl
varmen	ʋɑːɾm̩
varmer	ʋɑːmr̥
varmere	ʋɑːɾməɾə
varmes	ʋɑːrmɛs
varmeste	ʋɑɾmɛstə
varmesøkende	ʋɑɾməsøːkɛnðə
varmet	ʋɑːrmɛt
varmt	ʋɑɾmt
varmt	ʋɑːɾmt
varmtvann	ʋɑːɾmtʋɑn
varmtvannet	ʋɑɾmtʋɑnː
varmtvannsbereder	ʋɑɾmtʋɑnsbɛɾɛɾ
varmtvannsberederen	ʋɑɾmtʋɑnsbɛɾədɛɾən
varney	ʋɑːrˈneː
varp	ʋɑːɾp
varsel	ʋɑɾ̥səl
varselet	ʋɑːɾsəlɛt
varsellys	ˈʋɑʂɛlʏs
varselskudd	ʋɑːɾsɛlskʉt
varsko	ʋɑɾʂkʊ
varsku	ʋɑɾʃʉ
varsku	ˈʋɑʂkʉ
varsle	ʋɑːʂlə
varsle	ˈʋɑʂɭə
varsler	ʋɑːʂlæɾ
varsles	ʋɑːʂləs
varslet	ʋɑːrʃlɛt
varsling	ʋɑːrʂlɪŋ
varsom	ʋɑɾsɔm
varsom	ˈʋɑːʂɔm
varsomhet	ʋɑɾˈsɔmhɛt
varsomme	ʋɑɾˈsɔmə
varsomt	ʋɑːʂm̩t
vart	ʋɑːʈ
varte	ʋɑːɾtə
varte	ˈʋɑʈə
varulv	ʋɑːɾʉlv
varulven	ʋɑːɾʉːlʋɛn
varulver	ʋɑːɾʉlvɛɾ
varys	ʋɑːʏʃ
vas	vˈas
vas	ʋɑs
vase	ʋɑːsə
vase	ˈʋɑːsə
vasektomi	ʋɑːsɛktuːmi
vaselin	ʋɑːsɛlɪn
vasen	ʋɑːsən
vaser	ʋɑːsəɾ
vasile	ʋɑːsɪlə
vasili	ʋɑːsɪlɪ
vasilij	ʋɑːsɪlj
vask	vˈask
vask	ʋɑʂk
vask	ˈʋɑskən
vaska	boska
vaska	ʋɑʂkɑ
vaske	vˈɑska
vaske	ʋɑskə
vaskebalje	baskɛbɔljæ
vaskebjørn	ʋɑskəˈbjøːɳ
vaskebjørnen	ʋɑskəˈbjøːɳə
vaskebjørner	ʋɑskəbjœʏnər
vaskeekte	ʋɑskəɛktə
vaskehjelp	ʋɑskəjɛlp
vaskehjelpen	ʋɑskəjɛlpən
vaskemaskin	ʋɑʃəˈmɑʃɪn
vaskemaskinen	ʋɑʃmɑskɪnən
vaskemaskiner	ʋɑʃmɑʃɪnər
vaskemiddel	ʋɑskəmɪdəl
vaskemiddel	ʋɑʃmɪdːəl
vasken	ʋɑʃkən
vasker	ʋɑʃkər
vaskeri	vaskɪriː
vaskeri	ʋɑskəˈɾiː
vaskeri	ʋɑʃkɛɾɪ
vaskeriene	vaskɪriːjɛn˧˥
vaskeriet	vaskɪdiːjɛ
vaskeriet	ʋɑʃəɾɪət
vaskerom	vaskjɾum
vaskerom	ʋɑskəɾʊm
vaskerommet	ʋɑʃəɾɔmːə
vaskes	ʋɑskɛs
vaskeservant	ʋɑskəsæɾʋɑnt
vasket	ʋɑskɛt
vasking	ʋɑʃɪŋ
vassar	ʋɑsɑr
vasse	ˈʋɑsə
vassen	ˈʋɑsən
vasser	ʋɑʂːər
vasstrukken	ˈʋɑstɾʊkən
vatikanet	ʋɑtɪkɑnɛt
vatikanets	ʋɑtɪkɑnɛts
vatt	ʋɑt
vaudrey	ʋɑʉ̯dræɪ̯
vaughan	ʋɔːgɑːn
vaughn	ʋɔːn
vause	ʋɔʉsə
vaya	ʋɑːjɑː
ve	vˈe
ve	ʋeː
ved	fˈɛɹ
ved	ʋeːd
ved	ʋæɪ̯
ved	ʋɛ
vedd	ʋɛd̥
vedde	vˈɛdːa
vedde	ʋɛdːə
vedde	ˈʋɛdə
veddeløp	ʋɛdləʊp
veddeløpsbanen	ʋɛdəlœpsbɑːn
veddemål	ʋɛdːəmoːl
veddemålet	ʋɛdːəˈmɔːlət
vedder	ʋɛdːər
veddet	ʋɛtː
vedek	ʋeːdək
veden	ʋeːdən
vederlag	ʋæːɖɛ̀ɭɑg
vederstyggelighet	ˈʋæːdɛɾstʏgəlɪçɛt
vedgå	ʋæɪ̯goː
vedgå	ˈʋeːdgoː
vedgår	ʋæɪ̯goːr
vedheng	ʋɛːɰæŋ
vedkjenne	ʋæɪ̯kʰjɛnːə
vedkjenne	ˈʋeːdçɛnə
vedkjenner	ʋæɪ̯kɲe̝nːər
vedkomme	ˈʋeːdkɔmə
vedkommende	ʋæɪ̯ˈkɔməndə
vedkommer	ʋæɪ̯kʰɔmər
vedla	vˈɛlɑ
vedlagt	vˈeːlˌakt
vedlagt	ʋæɛ̯ˈlɑg̊t
vedlegg	ʋæɖlɛg
vedlikehold	ʋæɪ̯dlɪkˈhɔɭ
vedlikeholde	vɛdlɪkɛhɔlːɛp
vedlikeholde	ʋeːdˈliːkəhɔlə
vedlikeholdet	ʋæɪ̯ɭɪkɛɦɔɭə
vedlikeholdt	ʋæɭɪkˈhɔlt
vedrøre	ˈʋeːdɾøːɾə
vedrørende	ʋæɖˈrøːɾɛnə
vedrører	ʋæɖɾœɾːə
vedskjulet	ʋæɪ̯ʂçʉːl̥
vedstå	ˈʋeːdstoː
vedta	vʲata
vedta	ʋɛtɑː
vedta	ˈʋeːtɑː
vedtak	ʋæɪ̯tɑk
vedtaket	ʋæɪ̯tɑːkət
vedtar	ʋɛtɑːr
vedtas	ʋɛtɑs
vedtekter	ʋɛtˈkʰeːtəʁ
vedtok	ʋɛtɔk
vedvare	ʋɛdˈʋɑːɾə
vedvare	ˈʋeːdʋɑːɾə
vedvarende	ʋɛdʋɑːɾɛnə
vedvarer	ʋɛɖʋɑːɾɛɾ
vee	ʋeː
veene	ʋeːnə
veer	ʋeːɾ
veg	vˈaɪ
veg	ʋæɪ
vega	ʋægɑ
vegan	ʋægɑn
veganer	ˈveːgɑːnər
vegansk	vˈɛgansk
vegard	vɛːgar
vegas	ʋægɑs
vegen	ʋægn̩
vegetar	ˈveːgətɑːr
vegetarianer	ʋɛgɛtɑɾiɑnər
vegetarisk	ʋɛgɛˈtɑːɾɪsk
vegetarisk	ˈveːgətɑːrɪsk
vegetariske	vegɪːtɑːrɪske
vegetasjon	ˈveːgətɑːʃuːn
vegg	ʋɛg
veggen	vˈɛgən
veggen	ʋægn̩
veggene	vˈɛgːana
veggene	ʋɛgːə
vegger	ʋɛgər
veggmaleri	ʋɛgmɑːlæɾɪ
veggs	ʋɛgs
vegne	fajɪ̞nːæ
vegne	ʋæɪ̯ŋə
vegre	ˈʋeːgɾə
vei	vˈaɪ
vei	ʋæɪ
veiarbeid	ʋæɪ̯ɑɾbæɪ̯
veibeskrivelse	ʋæɪ̯bɛskɾɪˈʋɛlsə
veid	ʋæɪ̯d
veide	ʋæɪ̯ːdə
veidig	ˈʋæɪ̯dɪ
veie	ʋæɪ̯ə
veien	ʋæɪən
veiene	ʋæɪ̯ənə
veier	ʋæɪər
veik	ʋæɪk
veikanten	ʋæɪ̯ˈkɑntn̩
veikart	ʋæɪkɑʈ
veikommen	ʋæɪkɔmən
veikro	lajkɾuː
veikro	ʋæɪkɾu
veikryss	ʋæɪkɾʏsː
veikrysset	ʋæɪ̯kɾʏsː
veil	ʋæɪ̯l
veilede	ʋæɪ̯ˈlɛːdɛ
veilede	ˈʋæɪleːdə
veiledende	vˈaɪlˈednɐ
veileder	ʋæɪ̯læɪ̯dər
veiledet	ʋæɪ̯ləd
veiledning	faiːlætning
veiledning	ʋæɪ̯ˈlɛɳɪŋ
veis	ʋæɪ̯s
veiskille	ʋæɪ̯skɪlə
veisperring	ʋæɪspɛɾɪŋ
veisperringen	ʋæɪ̯spæɾɾɪŋŋə
veisperringene	ʋæɪ̯spæɾɪŋənə
veisperringer	ˈʋæɪ̯spæɾɪŋɐ
veit	vˈeːt
veit	ʋæɪt
veive	ˈʋæɪʋə
vek	vˈɛk
vek	ʋæg
vekk	vˈak
vekk	ʋɛk
vekk	ˈʋɛk
vekke	ʋɛkːə
vekke	ˈʋɛkə
vekker	ʋæˈkːər
vekkerklokka	ʋægːɾklɔka
vekkerklokke	vˈɛkːrklˈɔkːə
vekkerklokke	ʋæˈkːɛɭkɭʊ
vekkerklokken	ʋæˈkːɾɭɔkːən
vekkes	ʋɛkːəs
vekket	ʋɛkːə
vekking	ʋɛkɪŋ
veksel	vˈɛksəl
veksel	ʋɛksəl
veksle	ʋægslə
veksle	ˈʋɛkʂɭə
vekslepengene	ʋæksləˈpeŋənə
vekslepenger	ʋæksləˈpeŋər
vekslepenger	ʋɛkʂɭəpɛŋəɾ
veksler	ʋægslɛɾ
veksling	ʋɛkʂɭɪŋ
vekst	vˈɛkst
vekst	ʋægst
veksten	ʋɛkstən
vekster	ʋɛkstər
vekt	vˈɛkt
vekt	ʋɛkt
vekta	ʋɛktɑ
vekte	ʋɛktə
vekten	ʋɛktn̩
vektene	vˈɛktnˈa
vektene	ʋɛktnə
vekter	vˈɛktər
vekter	ʋɛkːəɾ
vekteren	ʋɛkˈtæɳ
vekterne	ʋægtəɳə
vektig	ˈʋɛktɪ
vektige	ˈʋɛktɪə
vektigst	ˈʋɛktɪkst
vektklasse	ʋɛktklɑs
vektløs	ʋɛktløs
vektor	ʋɛktɔr
vekttap	vˈɛktɑp
vel	vˈɛl
vel	ʋæɭ
vel	ʋɛl
velasco	ʋæˈlɑsko
velbefinnende	ʋɛlbəfɪnːəndə
velbehag	ʋæɭbəhɑg
velbekomme	velbekomˈma
velbekomme	ʋɛlbəˈkɔmə
velbygd	ʋæɭbʏg
velde	ʋæɭd̥ə
veldedige	ʋəlˈdeːdɪə
veldedige	ʋɛlːədiːgə
veldedigere	ʋəlˈdeːdɪɾə
veldedighetsarbeid	ˈʋɛlədighɛtsɑɾbæɪ̯
veldedigst	ʋəlˈdeːdɪkst
veldig	vˈɛldi
veldig	ʋæɭdɪ
veldig	ˈʋɛldɪ
veldige	ʋæɭɪgə
veldige	ˈʋɛldɪə
veldigere	ˈʋɛldɪɾə
veldigste	ˈʋɛldɪkstə
velez	ʋɛlɛs
velferd	ʋɛlfɛɾ
velferden	ʋælfɛɾdn̩
velfortjent	ʋælfɔɾtʃɛnt
velfungerende	ʋælfʉŋəˈrɛnə
velg	vˈɛlk
velg	ʋæɭ
velge	ʋæɭgə
velge	ʋɛlgə
velge	ˈʋɛlgə
velger	velgeˈr
velger	ʋæɭgər
velgere	ʋæɭgəɾə
velgerne	ʋæɭgəɳə
velges	ʋæɫgɛs
velgjørere	ʋæɭˈjœːɾə
velgående	ʋæɭgoːɪŋə
velhavende	ʋælˈhɑːʋn̩də
velinformert	ʋɛlɪnˈfɔʁmɛɾt
velkjent	ʋæɭçɛnt
velkjent	ˈʋɛlçɛnt
velkjente	ʋæɭçɛntə
velkledd	ʋæɭkɭɛd
velkledd	ˈʋɛlklɛd
velkommen	ʋæɭkəmen
velkommen	ʋɛlˈkɔmən
velkomne	ʋæɭkɔmnə
velkomst	vˈɛlkomst
velkomst	ʋælˈkɔst
velkomsten	ʋæɭkɔmstən
velkomstfest	ʋælˈkɔmstfɛst
vell	væl
vell	ʋæɭ
vellykka	ˈʋɛlʏkɑ
vellykkede	ʋæɭɪkːə
vellykket	vˈɛllykkət
vellykket	ʋæɭːkət
vellykket	ˈʋɛlʏkət
velma	ʋæɭma
velmenende	ʋælmɛnɛndə
velodrom	vɛlɔdrʊm
veloppdragen	ˈʋɛlɔpdɾɑːgən
velorganisert	ʋæːlɔɾgɑnɪʃeːɾ
velprøvd	ˈʋɛlpɾœʋd
velsigne	ʋæɭsɪɲːə
velsigne	ʋəlˈsɪŋnə
velsignede	ʋælˈsɪŋnə
velsignelse	ʋæɭˈsɪŋːləsə
velsignelsen	ʋæɭˈsɪŋəlsən
velsignelser	ʋæɭˈsɪŋəlsər
velsigner	ʋæɭˈsɪŋər
velsignet	vˈɛlsɪŋnət
velsignet	ʋæɭsɪŋn̩
velskapt	ʋæɭskɑːpt
velskrevet	ʋæɭskɾeːvət
velsmakende	vælsmɑːkɪ̞nˢnæ
velsmakende	ʋæɭsˈmɑːkənə
velsmakende	ˈʋɛlsmɑːkənə
velsmurt	ʋæɭsmʉɭt
velstand	ʋæɭstɑn
velstanden	ʋæɭstɑn
velstelt	ʋæɭstɛlt
velstelt	ˈʋɛlstɛlt
velstående	ˈʋɛlstoːənə
velt	ʋælt
veltalende	ʋɛltɑːlɛnə
veltalende	ˈʋɛltɑːlənə
velte	ʋɛltə
velter	ʋɛltər
veltet	ʋɛltɛt
veltilpasset	ʋæltɪlpasːə
veltrent	ʋæɭˈɾɛnt
veltrente	ʋæltˈɾɛntə
velutdannet	ʋæˈlʉtˌdɑnːə
velutstyrt	ʋæˈlʉʈʏʁt
velvalgt	ˈʋɛlʋɑlkt
velvet	ʋɛlvɪt
velvilje	ʋɛlˈʋɪljə
velvillig	ʋəlˈʋɪlɪ
velvillige	ʋəlˈʋɪlɪə
velvilligere	ʋəlˈʋɪlɪɾə
velvilligst	ʋəlˈʋɪlɪkst
velvilligste	ʋəlˈʋɪlɪkstə
velvære	vˈɛlvæːrə
velvære	ʋæɭˈʋæːɾə
vemmelig	vˈɛmməlˈɛ
vemmelig	ʋæmːəlɪ
vemmelig	ˈʋɛməlɪ
vemmelige	ʋæmːəlɪgə
vemmelige	ˈʋɛməlɪə
vemmeligere	ˈʋɛməlɪɾə
vemmeligst	ˈʋɛməlɪkst
vemmes	ʋæmːəs
vemmes	ˈʋɛməs
vemodig	ʋəˈmuːdɪ
vemodige	ʋəˈmuːdɪə
vemork	ʋæːmɔɾk
ven	vˈeːn
ven	ʋeːn
ven	ʋæɪ̯n
vend	ʋɛn
vende	vˈɛnə
vende	ʋɛn̪d̪ə
vende	ˈʋɛnə
vendel	ʋɛnːəl
vendepunktet	ʋɛnːəˈpʰʉ̂ktə
vender	vˈɛnər
vender	ʋɛndər
vendesirkel	vˈɛnəsˌiːrkɪl
vendetta	ˈvɛndɛtɑ
vending	ʋɛndɪŋ
vendt	vˈɛnt
vendt	ʋɛnt
vendte	vˈɛntə
vendte	ʋɛntə
vene	vˈeːn
vene	ʋeːnə
venen	vˈeːrn
vener	vˈɛʁ
vener	ʋeːnɛr
venezias	ʋeːnəˈʃiːəs
venganza	ʋɛŋgɑnsa
venkman	ʋæŋkmæn
venn	vˈɛn
venn	ʋɛn
venn	ʋɛnː
venne	vannə
venne	ʋɛnːə
vennen	ʋɛnːən
vennene	ʋɛnːə
venner	ʋɛnːər
venners	ʋæ̀nːɛʂ
venninna	ʋæɳɪnːə
venninne	vænˈiːnæ
venninne	ʋæɳɪnə
venninne	ʋɛˈnɪnə
venninnen	ʋɛnɪnː
venninnene	ʋɛnɪnːə
venninner	ʋɛnːɪnɛr
vennlig	ʋɛnːlɪ
vennlig	ˈʋɛnlɪ
vennlige	ʋɛnːɪgə
vennlige	ˈʋɛnlɪə
vennligere	ʋɛnːlɪgə
vennligere	ˈʋɛnlɪɾə
vennlighet	ʋɛnːlɪçɛt
vennligheten	ʋɛnːlɪçɛtn̩
vennligsinnet	ʋɛnːlɪsɪnː
vennligst	ʋæɳːlɪst
vennligst	ˈʋɛnlɪkst
vennligste	ʋæɳːlɪçsteː
vennligste	ˈʋɛnlɪkstə
venns	ʋæns
vennskap	vˈɛnsˈap
vennskap	ʋɛnːʃkɑːp
vennskap	ˈʋɛnskɑːp
vennskapelig	ʋənˈskɑːpəlɪ
vennskapelig	ʋɛnːʃkɑːpəlɪ
vennskapelige	ʋənˈskɑːpəlɪə
vennskapeligst	ʋənˈskɑːpəlɪkst
vennskapeligste	ʋənˈskɑːpəlɪkstə
vennskapet	ʋɛnːʃkɑːpət
vennskaps	ʋɛnːskɑps
venstre	ʋɛnʂtrə
venstre	ˈʋɛnstɾə
venstrearmen	ʋɛ̀nstræɑ̀ɾm̩
venstrehendt	ʋɛnstɾɛnd
venstrehånden	ʋæ̀nstræ̀ːhɔnd̥n̩
venstresiden	ʋæ̀nstrəsɪdn̩
venstresving	ʋæ̀nstrɛsvɪŋ
vent	vˈɛnt
vent	ʋænt
vent	ʋɛnt
venta	ʋɛntɑː
vente	ʋɛntə
vente	ˈʋɛntə
venteliste	ʋɛntəlɪstə
ventelisten	ʋɛntəlɪstən
ventende	ʋɛntɛndə
venter	vˈɛntə
venter	ʋɛntər
venterom	ʋɛntəɾʊm
venterommet	ʋɛntəɾɔmː
ventes	ʋɛntəs
ventet	ʋɛntə
ventetid	ʋɛntətiː
venteværelset	ˈʋɛntəˌʋæːɭsət
ventil	ʋɛntɪl
ventilasjon	ʋɛntɪlɑsjɔn
ventilasjonssystemet	ʋɛntɪlɑsjɔnsystemː
ventilen	ʋɛntɪlən
ventilene	ʋɛntɪˈleːnə
ventiler	ʋɛntɪlɛɾ
venting	ʋɛntɪŋ
ventingen	ʋɛntɪŋən
ventris	ʋɛntɾɪs
ventrishire	ʋɛntɾɪˈʃiːɾə
ventura	ʋɛntʉɾɑ
venture	ʋɛntʉːɾə
venus	ʋeːnʉs
veps	ʋæps
veps	ʋɛps
vepsebol	ʋæʈsbɔl
vepsen	ʋæpsən
ver	ʋæɾ
vera	ʋæːɾɑ
veranda	ʋæˈɾɑndɑ
veranda	ʋæˈɾɑnːə
verandaen	ʋæɾɑnɑːn
verb	ʋæɾb
verbal	ʋæɾbɑːl
verbal	ʋæɾˈbɑːl
verbale	ʋæɾbɑːlə
verbalt	ʋæɾbɑlt
verbo	vɛrbo
verd	ʋæɖ
verde	ʋæɾd̥ə
verden	vɑɾˈdɯm
verden	ʋæɾˈdən
verdenen	ʋæɾd̥ən̩
verdenene	ʋæɾd̥ənə
verdener	ʋæɾdɛnɐ
verdensarv	værdinsˈɑːrv
verdensbanken	ʋæɾn̩sˈbɑŋkən
verdensbasis	ʋæɾn̩sˈbɑːsɪs
verdensberømt	ʋæɾn̩sˈbæɾømt
verdensberømte	ʋæɾn̩sˈbæɾœmte
verdensbilde	værdɪnsbjldæ
verdensfred	ʋæɾn̩sfrɛː
verdenskjent	ʋæɾənʃçɪnt
verdensklasse	ʋæɾn̩sˈklɑslə
verdenskrig	ʋæɾn̩skɾiː
verdensmester	ʋæɾn̩sˈmɛstə
verdensmester	ˈʋɛɖnsmɛstəɾ
verdensmesteren	ʋæɾn̩sˈmɛstəɾən
verdensmesterskapet	ʋæɾn̩sˈmɛstəʂkɑːpə
verdensorden	ʋæɾn̩sɔɾn̩
verdensrekorden	ʋæɾn̩sɾɛkɔɾn̩
verdensøkonomien	ʋæɾn̩søknɔmɪən
verdi	ʋæɾdiː
verdiangivelse	ʋæˈɖiːɑnjiːʋɛlsə
verdiant	ʋæɾdi̥ɑnt
verdien	ʋæɾːɪən
verdiene	ʋæɾiənə
verdier	ʋæɾːɪəɾ
verdifull	ʋæɾdiːfʉɭ
verdifull	ʋæˈɖiːfʉl
verdifulle	ʋæɾiˈfʉlə
verdifullt	ʋæɾdiːfʉɭt
verdig	ʋæɾdɪ
verdige	ʋæɾdɪgə
verdigere	ˈʋæɖɪɾə
verdighet	ʋæɾdɪçɛt
verdigheten	ʋæɾdɪçɛtən
verdiløs	ʋæɾdiːløːs
verdiløs	ʋæˈɖiːløːs
verdiløst	ʋæɾdiːløst
verdisakene	ˈʋæɾdɪsɑkənə
verdisaker	ʋæɾdɪsɑkɛɾ
verdisaker	ʋæˈɖiːsɑːkəɾ
verditransport	ˈvɛːrdiˌtrɑnspɔɾt
verdsatte	ʋæɾtsɑtə
verdsett	ʋæɾˈʂɛt
verdsette	ʋæɾˈʂɛtə
verdsette	ˈʋæɖsɛtə
verdsetter	ʋæɾˈʂɛtːɛɾ
verdsettes	ʋæɾd̥ʃɛts
verdsligere	ˈʋæɖslɪɾə
verdsligste	ˈʋæɖslɪkstə
verdt	vˈatː
verdun	ʋæɾˈdʉːn
vere	ʋæːɾə
verft	vˈarft
verft	ʋæɾft
verftet	ʋæɾftɛt
verge	varga
verge	ʋæɾgə
vergen	ʋæɾgən
verger	ʋæɾgər
verifisere	ʋæɾɪfɪsəɾə
verifisere	ʋæɾɪfɪˈseːɾə
verifisert	ʋæɾiˈfiːʂt
veritas	ʋæɾiˈtɑs
verk	vˈɛʁk
verk	ʋæɾk
verke	ʋæɾkə
verke	ˈʋæɾkə
verken	varkɛin
verken	ʋæɾkən
verkene	ʋɛɾkənə
verker	ʋæɾkər
verket	ʋæɾkət
verks	ʋæɾks
verksted	ʋæɹkʰstɛd
verktøy	ʋæɹktœʏ
verktøy	ˈʋæɾktœj
verktøyene	ʋæɹktœʏənə
verktøyet	ʋæɹktøjət
verloc	ʋæɭɔk
vermont	ʋæɾˈmɔnt
vern	væn
vern	ʋæːɳ
verna	ʋæɳɑ
verne	ʋæːɳə
verne	ˈʋæːɳə
verneplikt	ʋæːɳəˈplɪkt
vernet	ʋæɳn̩
vernon	ʋæɳn
verona	ʋæɾuːnɑ
verone	ʋæːɾʊnə
veronica	ʋæɾɔnɪkʰɑ
veronika	ʋæɾɪˈnɔkɑ
veronika	ʋʲæːrʲuːnʲikɐ
verpe	ˈʋæɾpə
verrat	ʋæɾɑt
verre	ʋæʁː
vers	ʋæɾs
vers	ʋæʂ
versa	ʋæɾsɑ
versene	ʋɛʂn̩
versere	ʋæˈʂeːɾə
versjon	ʋæʂɕoːn
versjon	ʋæˈʂuːn
verst	vˈast
verst	ʋæɹst
verste	ʋæɾst
versus	ʋæɾsʉs
vert	ʋæɾt
vert	ʋæʈ
verten	ʋæɾtən
vertens	ʋɛɾtəns
vertigo	ʋɛɾtigoː
vertikal	ʋɛɾtɪkɑːl
vertikal	ˈʋæʈɪkɑːl
vertikalt	ʋɛɾtɪkɑɭt
vertinne	ʋɛɾˈtɪnːə
vertinnen	ʋɛɾˈtɪnːə
vertshus	ʋæɾtshʉs
vertshus	ˈʋɛʈshʉːs
vertshuset	ʋæɾtshuːs
vertskap	ʋæɾtskɑp
verv	vˈɛlv
verv	ʋæɾʋ
verve	ʋɛːɾvə
verve	ˈʋæɾʋə
vervet	ʋɛɾːə
vesen	ʋeːsən
vesenene	ˈʋeːsənə
vesener	ʋɛsɛnər
vesenet	ʋɛːsəˈnɛt
vesentlig	ʋɛˈsɛntlɪ
vesentlig	ˈʋeːsəntlɪ
vesentlige	ˈʋeːsəntlɪə
vesentligere	ˈʋeːsəntlɪɾə
vesentligste	ˈʋeːsəntlɪkstə
veska	ʋɛʂkɑ
veske	ʋɛskə
veske	ˈʋɛskə
vesken	væsjin
vesken	ʋɛskn̩
veskene	ʋɛsknə
vesker	ʋɛʃkər
vesla	ʋɛsɭɑ
vesle	væʃlæ
vesle	ʋɛʃlə
vesle	ˈʋɛʂɭə
veslejenta	ʋɛsləˈjɛntɑ
veslemøy	vɛʃlɛmɛj
vespa	ʋɛspɑ
vesper	ˈʋɛspəɾ
vest	vˈɛst
vest	ʋɛst
vest-afrika	ʋɛstɑfɾɪkɑ
vest-baltimore	ʋɛstbɑltɪmɔːr
vest-europa	ʋɛstɛʉˈʁɔpɑ
vesten	vˈɛstən
vesten	ʋɛstən
vestene	vˈɛstna
vestene	ʋɛstənə
vestens	ʋɛstəns
vester	vˈɛstɚ
vester	ʋɛ̂ʃtɛr
vestfløyen	ʋɛʂfløːən
vestfra	vˈɛstra
vestfra	ʋɛʂfrɑ
vestfronten	ʋɛstˈfrʊntn̩
vestibylen	ʋɛstɪbʏːlən
vestindia	vɛstɪntsuː
vestindia	ʋɛstɪnˈdiːə
vestkysten	ʋɛʂkʏʂtən
vestlig	vˈɛstlɪ
vestlig	ʋɛʂlɪ
vestlig	ˈʋɛstlɪ
vestlige	ʋɛstliːgə
vestlige	ˈʋɛstlɪə
vestligere	ˈʋɛstlɪɾə
vestover	vˈɛstɔvər
vestover	ʋɛstɔʋər
vestporten	ʋɛstpɔɾtən
vestpå	ʋɛʂpɔ
vestre	vˈɛstrə
vestre	ʋɛʂtrə
vestsiden	ʋɛstˈsiːdn̩
vestskogen	vˈɛstskogɛn
vesuv	ʋɛsʉv
vet	vˈeːt
vet	ʋɛt
veteran	ʋɛtəˈɾɑːn
veteranen	ʋɛtəɾɑːn̩
veteranene	ˈʋɛtəɾɑnənə
veterinær	ʋɛtəɾɪˈnæːɾ
veterinæren	ˈʋɛtəɾinæːɾən
vetjo	ʋɛtʃuː
vetle	vˈetlə
veto	ʋɛtʊ
vett	vˈɛt
vett	ʋɛtː
vetter	ʋɛtːər
vettet	ʋɛtː
vettskremt	ʋɛtːskɾæ̀mt
vettskremt	ˈʋɛtskɾɛmt
vettskremte	ʋɛtːskɾæmtə
vettug	ʋɛtːʉg
veum	ʋæʉm
vev	ʋæɪ̯
veve	ʋeːʋə
veve	ˈʋeːʋə
vever	ʋæːvər
vevet	ʋeːʋət
veyron	ʋæɪɾɔn
vg	ʋg
vi	fˈiː
vi	ʋiː
via	ʋiː
viagra	ʋɪɑgrɑ
vibbene	ʋɪbːənə
vibber	ʋɪbːər
vibeke	ʋɪbɛkə
vibrasjon	ʋɪbɾɑʃuːn
vibrasjoner	ʋɪbɾɑˈʂuːɳɐɾ
vibrator	ʋɪbʁɑtɔr
vibrere	ʋɪˈbʉːɾə
vibrerer	ʋɪbrɛrɛr
vibs	ʋɪps
vic	ʋɪk
vichy	ʋɪçɪ
vick	ʋɪk
vickers	ʋɪkɐʂ
vicki	ʋɪkʰiː
vickie	ʋɪkɪ
vicksburg	ʋɪksbʉɾg
vicky	ʋɪkʏ
victor	ʋɪkˈtɔʁ
victoria	ʋɪkˈtɔɾiɑ
victors	ʋɪkʈɔʂ
victory	ʋɪkˈtɔʏ
vid	ʋiː
vida	viːða
vidal	ʋɪːdɑːl
vidar	ʋɪˈdɑːr
vidd	ʋɪd̥
vidda	vidːa
vidda	ʋɪdːɑ
vidden	vidˈnˈ
viddene	vˈiːdmˈɛ
viddene	ʋɪdənə
vidder	vidːə
vidder	ʋɪdːər
vide	viːdə
viden	ʋɪːdən
video	vˈiðeʊ
videobutikken	viːdəʊ̯bʉtɪkən
videoen	ˈviːdjoːən
videoer	ˈʋiːdeːər
videofilm	ˈʋiːdɛʊfɪlm
videokameraet	ˈʋiːdøkaˌmæɾɑːə
videokassett	ˈʋiːdɛʊkɑsɛt
videokassettspiller	vidˌeːkassˈətˀspilˌiːr
videonettprat	vˌiːdəonˌɛtprat
videoopptak	ˈviːdjoːˌɔptɑk
videospill	viːdɛɔspɪl
videospiller	ˈʋɪdɛʊspɪləɾ
videre	ʋiːdɛɾə
videreføre	ʋiːdɛɾøːɾə
videregående	ˈʋiːdərɛgɔːɲə
videresende	ʋiːdɛˈɾɛsnə
videresender	ʋiːdərɛsn̩dər
videresendt	ˈʋiːdərəsɛnt
vidje	vidjˈe
vidjene	vˈɪdjena
vidkun	ʋɪkʉn
vidkun	ˈʋɪdkʉn
vidstrakt	ˈʋiːdstɾɑːkt
vidsynt	ˈʋiːdsyːnt
vidt	vˈɪt
vidt	ʋɪt
vidunder	ʋɪˈdʉ̀ːnəɾ
vidunderbarn	ʋɪdʉnːɑɾn
vidunderbarnet	ʋɪdʉnːɛɾbɑːɾn̩
vidunderiig	ʋɪdʉnːɛɪ
vidunderlig	ʋɪdʉndɛɭɪ
vidunderlig	ʋɪdˈʉnəɭɪ
vidunderlige	ʋɪdʉndɾɪgə
vidunderlige	ʋɪdˈʉnəɭɪə
vidunderligere	ʋɪdˈʉnəɭɪɾə
vidunderligst	ʋɪdˈʉnəɭɪkst
vidunderligste	ʋɪdˈʉnəɭɪkstə
vidåpne	ʋɪˈdɔːpnə
vie	ʋiː
vie	ˈʋiːə
vielse	ʋɪ́ɛ̯lsə
vielsen	ʋiːlsən
vienna	ʋiːnə
vier	vˈiːr
vier	ʋiːɾ
vies	ʋiːs
viet	ʋiːt
vietcong	viːtʃɔŋ
vietnam	viːtˈnæm
vietnamesere	ʋiːtnamɛsəɾə
vietnameserne	viːtˈnæmɛsnəɾnə
vietnamesisk	viːtˈnæmɛsɪsk
vietnamesiske	viətnəˈmɛiskə
vievann	vˈiːvann
vift	ʋɪft
vifta	ʋɪftɑ
vifte	ʋɪftə
vifte	ˈʋɪftə
viften	vˈiftən
viften	ʋɪftn̩
vifter	vˈiftər
vifter	ʋɪftər
viftet	ʋɪftə
vigdis	ʋɪgdɪs
viggo	vˈigo
viggo	ʋɪgːʊ
vigilante	ˈʋɪgɪlɑntə
vigilanten	ʋɪgɪlɑntən
vigo	ʋɪgɔ
vigør	ʋɪgøːr
vii	ʋiː
viii	ʋiː
viiie	ʋiːə
viije	ʋiːjə
vijay	ʋɪjɑː
vik	vˈik
vik	ʋiːk
vik	ʋɪk
vika	bika
vika	ʋɪkɑ
vika	ˈʋiːkɑ
vikar	ʋɪkɑr
vikaren	ʋɪkɑːɾən
vikariere	ʋɪkɑɾɪˈeːɾə
vikariere	ˈvɪkɑːrɪəɾə
vikarierer	ʋɪkɑɾɪɛ̯ɾ
vike	ʋɪkə
viken	ʋɪkən
vikene	ˈʋiːknə
viker	ʋɪkɐ
viker	ˈʋiːkəɾ
viking	ʋɪkɪŋ
vikingene	ʋɪkɪŋnə
vikinger	ʋɪˈçɪŋər
vikings	ʋɪçɪŋs
vikki	ʋɪkːɪ
vikle	ʋɪklə
vikle	ˈʋɪklə
viklet	ʋɪkəlɛt
vikram	ʋɪkʁɑm
viktig	vɪkːti
viktig	ˈʋɪktɪ
viktige	ˈʋɪktɪə
viktigere	ˈʋɪktɪɾə
viktighet	vˈɪktɪgt
viktighet	ʋɪkˈtɪgət
viktigheten	ʋɪkːɪghɛtn̩
viktigper	ʋɪktɪpɛɾ
viktigst	ˈʋɪktɪkst
viktigste	ʋɪkˈtɪstɛ
viktor	biktur
viktoriansk	ʋɪkˈtɔɾi̯ɑ̯nsk
vil	vˈɛl
vil	ʋɪl
vilde	ʋɪɭd̥ə
vile	ʋɪːlə
vilhelm	ʋɪlˈhɛlm
vilje	ʋɪljə
viljeg	ʋɪlj
viljen	ʋɪlːən
viljesterk	ʋɪɭjɛstɛɭk
viljestyrke	bʲiljɛʃtʏɾkʲɪ
viljestyrke	ʋɪlɪɛ̯stʏɾkə
viljestyrken	ʋɪlɪɛ̯sˈʈʏɾkən
vilkår	ʋɪlˈkɔːr
vilkåra	vilkorã
vilkårene	ʋɪlˈkɔːɳə
vilkåret	vilkore
vilkårlig	ʋɪlˈkoːɭɪ
vilkårlig	ʋɪlˈkɔːɭɪ
vilkårlige	ʋɪlˈkoːɭɪə
vilkårligere	ʋɪlˈkoːɭɪɾə
vilkårligst	ʋɪlˈkoːɭɪkst
vilkårligste	ʋɪlˈkoːɭɪkstə
vill	ʋɪl
vill	ʋɪlː
vill	ˈʋɪl
villa	vˈɪlːa
villa	ʋɪlɑ
villa	ʋɪlə
villaen	ʋɪləɛn
villdyr	ʋɪɭːdʏɾ
villdyret	ʋɪlːdʏːɾət
ville	vˈɪlə
ville	ʋɪlə
ville	ˈʋɪlə
villede	villɛda
villede	ʋɪləɖə
villede	ˈʋɪleːdə
villedende	ʋɪləˈdɛn̩d̥ə
villedet	ʋɪləˈdɛt
villedning	vˈɪlədnˌɪŋ
villedning	ʋɪɭːɪŋ
villekulla	ʋɪləˈkʉlə
villere	ʋɪləɾə
villeste	ʋɪləsteː
villet	vˈɪllət
villet	ʋɪlət
villfarelse	ʋɪlːfɑːɭsə
villfaren	ʋɪlːfɑːɾən
villhund	ʋɪlːhʊnː
villhunder	ʋɪlːhʉnd̥ər
villig	ʋɪlːɪ
villige	ʋɪlːɪgə
villige	ˈʋɪlɪə
villigere	ˈʋɪlɪɾə
villigst	ˈʋɪlɪkst
villigste	ˈʋɪlɪkstə
villkatt	ʋɪlkɑtː
villmann	ʋɪlmɑn
villmannen	ʋɪlmɑnən
villmark	ʋɪlmɑrk
villmarka	ʋɪlːmɑɾkɑ
villmarken	ʋɪlːmɑɾkən
villmenn	ʋɪlmɛn
villmennene	ʋɪlmɛnːə
villrein	vˈɪlrˈaɪn
villskap	ʋɪlːskɑp
villspor	ʋɪlspɔr
villstrå	ʋɪlstɾoː
villstyring	ʋɪlːˈstʏːɾɪŋ
villsvin	ʋɪlːsʋɪn
villsvina	vˈɪlsvˈɪna
villsvinet	ʋɪlːsʋɪnət
vilma	ʋɪlmɑ
vilnius	vˈɪlnʉs
vilt	vˈɪlt
vilt	ʋɪlt
vilter	ˈʋɪltəɾ
viltet	ʋɪltə
vims	viŋs
vimsete	ˈʋɪmsətə
vin	ʋiːn
vin	ʋɪn
vince	ʋɪnsə
vincent	vɪnsˈɛnt
vincent	ʋɪntʃɛnt
vinces	ʋɪnʃəs
vinci	ʋɪnɕiː
vinciguerra	ʋɪŋkɪˈgæʈɑ
vinck	ʋɪŋk
vindelmøll	vindelmøn
vindens	ʋɪnːəns
vinder	vˈɪnər
vinder	ʋɪnːɛr
vindkast	ʋɪnːkɑst
vindkraft	vˈɪnkɾˌaft
vindmølle	ʋɪnːmølːə
vindmøllene	ʋɪnːmølːə
vindmøller	ʋɪnːmølɛr
vindpust	ʋɪn̥pʉʂː
vindretning	vˈɪnrətnɪŋ
vindretning	ˈʋɪnɾɛtnɪŋ
vindrue	ʋiːndɾʉːə
vindstille	vˈɪnstɪllˈa
vindstyrke	ʋɪnstʏɾkə
vindstyrke	ʋɪnːstʏɾkə
vindu	ʋɪndʉ
vindu	ʋɪnʉː
vinduene	ʋɪnːʉənə
vinduer	vɪ̞nd̥ʉæ
vinduer	ʋɪnːʉːɾ
vinduet	ʋɪnɪuːt
vindul	vˈɛ̃ˈœl
vinduskarmen	ʋɪnːʉskɑɾm̩
vindusvisker	ʋɪnʉsʋɪskəɾ
vine	ʋiːnə
vinen	ʋiːn̩
viner	ʋɪnər
vinflaske	ʋɪnˈflɑskə
ving	ʋɪŋ
vinge	vˈɪŋə
vinge	ʋɪŋə
vinge	ˈʋɪŋə
vingen	ʋɪŋən
vingene	ʋɪŋnə
vinger	ʋɪŋər
vingespenn	ʋɪŋəʂpɛn
vinglass	ʋɪŋlɑs
vinglete	ˈʋɪŋlətə
vingård	ʋɪŋɔːr
vingården	ʋɪŋɑːɾdn̩
vinicius	ˈvɪnɪsiʊs
vinjeøra	vˈiːnjˈøːra
vink	ʋɪŋk
vinkartene	vˈiːnkartˌnɛ
vinke	ʋɪŋkə
vinke	ˈʋɪŋkə
vinkel	ʋɪŋkəl
vinkelen	ʋɪŋkələn
vinker	vˈɪ̞ŋkə
vinker	ʋɪŋkər
vinker	ˈʋɪŋkəɾ
vinket	ʋɪŋkət
vinkjelleren	ʋɪŋˈçɛləɾən
vinkling	vˈɪŋkling
vinkling	ʋɪŋklɪŋ
vinklingen	ʋɪŋkliŋə
vinn	vˈɪn
vinn	ʋɪn
vinn-vinn	ʋɪnːʋɪnː
vinne	ʋɪnːə
vinne	ˈʋɪnə
vinnende	vˈɛnnˈuːn
vinnende	ʋɪnːə
vinner	vɪ̞nːøʁ
vinner	ʋɪnːər
vinnere	ʋɪnːɛɾ
vinneren	ʋɪnːəɾən
vinnerne	ʋɪnːɛɳə
vinnes	ʋɪnːəs
vinnie	ʋɪnɪ
vinning	vˈɪnɪŋ
vinning	ʋɪnɪŋ
vinnings	ʋɪŋːɪŋs
vinny	ʋɪnːɪ
vino	ʋɪnʊ
vinsjen	ʋɪnʃən
vintage	ʋɪntɑʒ
vinter	d̪inteɾ
vinter	ʋɪntər
vinter	ˈʋɪntəɾ
vinterdekk	vˈɪntərdˌɛk
vinteren	vˈɪntɛrn
vinteren	ʋɪntəɾən
vinterens	ʋɪntəɾəns
vinterfall	ʋɪntərɑɭ̞ː
vinterhage	ˈʋɪntəɾhɑːgə
vinterhagen	ˈʋɪntəɾˌhɑːgən
vinterlig	ˈʋɪntəɭɪ
vinterlige	ˈʋɪntəɭɪə
vinterligere	ˈʋɪntəɭɪɾə
vinterligst	ˈʋɪntəɭɪkst
vinterligste	ˈʋɪntəɭɪkstə
vintersøvn	vˈɪntɪʃøvn
vintre	ʋɪntʁə
vintrene	vintrøna
vintrene	ʋɪntrənə
vinyl	ʋɪnɪl
vinz	ʋɪnːs
viola	vjul
viola	ʋɪɔlə
violet	ʋɪɔlɛt
violetta	viːɔlɛtɑ
vip	ʋɪp
viper	ʋɪpər
vipp	ʋɪp
vippe	ʋɪpːə
vippe	ˈʋɪpə
vipper	ʋɪpːər
vippet	ʋɪpːət
vips	ʋɪps
viral	ʋiɾɑːl
virg	ʋɪɾg
virgil	ʋɪɾgɪl
virgin	ʋɪɾːɪn
virginia	ʋɪɾˈgɪnɪɑ
virginias	ʋɪɾgɪˈnɪɑs
viril	ʋɪɾɪl
viril	ʋɪˈɾiːl
virk	ʋɪɹk
virka	virkkɑ
virka	ʋɪɾkɑ
virke	ʋɪɾkə
virke	ˈʋɪɾkə
virkedag	ˈʋɪɾkədɑːg
virkeiig	ʋɪɾkæɪɪ
virkelig	ʋɪɾkəlɪ
virkelig	ˈʋɪɾkəlɪ
virkelige	ʋɪɾkəlɪgə
virkelige	ˈʋɪɾkəlɪə
virkeligere	ˈʋɪɾkəlɪɾə
virkeliggjøre	ʋɪɾkəlɪggjøːɾə
virkelighet	ʋɪɾkəlɪçɛt
virkeligheten	ʋɪɾkəlɪghɛtn̩
virkelighetens	ʋɪɾkəlɪçhɛtn̩
virkeligheter	ʋɪɾkəlɪçɛtɛr
virker	ʋɪɾkɐ
virket	vˈɪrkɛt
virket	ʋɪɾkət
virkning	ʋɪɾkŋ
virkningen	ʋɪɾkŋɪŋ
virkningene	ʋɪɾkɪŋənə
virkninger	ʋɪɾkŋɪŋɐ
virkningsfull	ˈʋɪɾknɪŋsfʉl
virksom	ˈʋɪɾksɔm
virksomhet	ˈʋɪɾksɔmheːt
virksomheten	ʋɪɾkˈsɔmhɛtn̩
virksomheter	ʋɪɾkˈsɔmhɛtəɾ
virre	vˈɪrə
virre	ˈʋɪɾə
virtuelle	ʋɪɾtʉːlə
virus	vˈiːrʊs
virus	ʋiːɾʊs
viruset	ʋiːɾʉs
virvel	ʋɪɾːəl
virvelen	ʋɪɾˈʋɛːlən
virvle	ˈʋɪɾʋlə
virvler	ʋɪɾvl̩
vis	ʋiːs
vis	ʋɪs
visa	ʋɪ́sɑ
visdom	vˈiːstʊm
visdom	ʋɪsdɔm
visdommen	ʋɪsdɔmən
visdommens	ʋɪsd̥ʉmn̩
visdomsord	ʋɪsmɔɾː
vise	ʋiːsə
vise	ˈʋiːsə
visedirektør	ˈʋiːsəɖɪˌrɛktøːr
visekonge	ʋiːsəˈkɔŋə
visekongen	ʋiːsəkɔŋn̩
visekorporal	ʋiːsəkɔpɔɾɑːl
viseminister	ˈʋiːsəˌmɪnstər
visepresident	ʋiːsəpɾɪsɪˈdɛnt
visepresidenten	ʋiːsəpɾɛsɪˈdɛntən
visepresidentkandidat	ˈʋiːsəprɛsɪˌdɛntkɑnɪˌdɑt
viser	ʋiːsər
visere	ʋiːʂəɾə
visergutt	ʋɪsəgʊt
vises	ʋiːsə
visesheriff	ˈʋiːsəˌʂæɾɪf
viset	ʋiːsət
vishnu	ʋɪʂːnʉ
vision	ˈviːʃuːn
visiret	ʋiˈʂiːɾət
visiter	ʋiˈsiːtər
visitere	ʋɪsɪˈtɛːɾə
visiterer	ˈʋiːsɪtərər
visitert	ʋɪˈsɪtəɾ
visitt	ʋɪsɪt
visittid	ʋɪˈsɪtiː
visittkort	ʋɪsɪtˈkɔʈ
visjon	ʋɪʃːɪɔn
visjonen	ʋɪʃuːn̩
viske	ʋɪʃkə
viske	ˈʋɪskə
viskelær	ʋɪʃlæːr
visker	ʋɪʃkər
viskes	ʋɪskəs
visket	ʋɪskət
visne	ʋɪsnə
visne	ˈʋɪsnə
visner	ʋɪsn̩
visnet	ʋɪʂn̩
visning	ʋɪʂɲɪŋ
visningen	ʋɪʃnɪŋən
visp	vˈɪsp
visp	ʋɪsp
vispe	ˈʋɪspə
viss	ʋɪsː
visse	ʋɪʂːə
vissen	vˈɪsən
vissen	ˈʋɪsən
visshet	ʋɪʂːət
vissheten	ʋɪʂːəˈtɛn
visst	ʋɪʂː
visste	vistˈə
visste	ʋɪʂːə
visstnok	ʋɪʂtnɔk
vist	ʋiːst
vista	ʋɪsta
viste	ʋɪstə
viste	ˈʋiːstə
visuell	ʋɪsʉˈɛl
visuell	ˈʋɪsyːl
visuelle	ʋɪsʉlːə
visuelt	ˈʋɪsʉːlt
visum	ʋiːsʉm
visum	ʋɪˈsʉm
visumet	ˈʋɪsʉmət
vit	vˈiːt
vit	ʋɪt
vita	ʋɪtɑ
vital	ʋɪtɑːl
vital	ʋɪˈtɑːl
vitalitet	ʋɪtɑlɪtɛt
vitalt	ʋɪtɑːlt
vitamin	ʋɪˈtɑːmɪn
vitaminer	ʋɪtamiːnər
vite	ʋiːtə
vite	ʋɪtə
vitebegjærlig	ˈʋiːtəbəjæːɭɪ
vitebegjærlige	ˈʋiːtəbəjæːɭɪə
vitebegjærligere	ˈʋiːtəbəjæːɭɪɾə
viten	ʋɪtən
vitende	ʋɪtən̩d̥ə
vitenskap	ˈʋiːtnskɑːp
vitenskapelig	ʋɪtɛŋkspɛlɪ
vitenskapens	ʋɪtɛŋkɛns
vitenskapsfolk	ʋɪtənskɑfsfoːk
vitenskapsmann	ʋɪtənskɑːpsmɑn
vitenskapsmannen	ʋɪtənskɑːpsmɑːn
vitenskapsmenn	ʋɪtənskɑːpsmɛn
vitenskapsmuseet	ʋɪtənskɑːpsmuːsɛː
vitne	ˈʋɪtnə
vitnebeskyttelsen	ʋɪtn̩bɛskʏtəl̩s̠n̩
vitneboksen	ʋɪtːn̩ˈbɔksn̩
vitneforklaring	ʋɪtnəɛ̀kʰlɑːɾɪŋ
vitneforklaringen	ʋɪtːn̩fɔʁkɭɑɾɪŋən
vitneforklaringer	ʋɪtnəɛglɑɾɪŋɐ
vitnemål	ʋɪtn̩moːl
vitnene	ʋɪtˈn̥eːnə
vitner	ʋɪtˈnɛɾ
vitnesbyrd	ʋɪtn̥ɛsˈbʏɾ
vitnet	vˈɪtnə
vitnet	ʋɪtˈnɛt
vitnets	ʋɪtˈnɛts
vitneutsagn	ʋɪtnəʉːstæɪ̯ŋ
vitneutsagnet	ʋɪtneʉ̯sɑɲː
vito	ʋɪtɔ
vits	vˈɪts
vits	ʋɪts
vitse	ʋɪtsə
vitsen	ʋɪtsən
vitsene	ʋɪtˈseːnə
vitser	ʋɪtˈsɛr
vitterlig	ʋɪtːɛɭ
vitti	ʋɪtːɪ
vittig	ʋɪtːɪ
vittige	ʋɪtːɪgə
vittige	ˈʋɪtɪə
vittighet	ʋɪtɪheːt
vittigst	ˈʋɪtɪkst
vittigste	ˈʋɪtɪkstə
viv	ʋiː
viva	viːʋɑ
vive	ʋiːvə
vivek	ʋɪːk
vivi	ʋiːʋiː
vivian	ʋiːʋiːən
vivien	ʋiːˈʋiːən
vivienne	viˈviːnə
vié	ʋiː
vl	ʋl
vla	ʋlɑː
vlad	ʋlɑːd
vlessing	ʋlɛsɪŋ
vm	ʋm
vodka	vˈotka
vodka	ʋɔkka
vodka	ˈʋɔdkɑ
voff	ʋɔf
vogga	ʋɔgːɑ
vogler	ʋɔgləɾ
vogn	ʋɔŋ
vogna	ʋɔŋnɑ
vognen	ʋɔɲn̩
vognene	ʋɔɲnə
vogner	vo̞ɲnɪ
vogner	ʋɔgnɛɾ
vognkort	ʋɔŋkɔɾt
vognkortet	ʋɔŋkɔʈə
vognnummer	ʋɔŋnʊməɾ
vogntog	ʋɔgn̥tɔg
vogntoget	ʋɔgn̩tɔgə
vogue	voʊgə
voice	ʋɔɪs
voiello	ʋœɪ̯ɛloː
voila	ʋɔɪlɑ
vokabular	ʋɔkʰɑbʉlɑr
vokabularet	ʋɔkʊbʉlɑːɾɛt
vokal	ʋʊˈkɑːl
vokaler	vokale
vokalist	ʋuːkɑlɪst
vokalisten	ʋɔkɑlɪstən
vokke	vˈokːɛ
voks	boks
voks	ʋɔks
vokse	ʋɔksə
vokse	ˈʋɔksə
voksen	ʋɔksn̩
voksen	ˈʋɔksən
voksende	ʋɔksn̩d̥ə
voksenlivet	ʋɔksn̩lɪvət
voksent	vˈɔksənt
voksent	ʋɔksn̩t
vokser	ʋɔkʂər
vokset	vˈɔkset
vokset	ʋɔkʃɛ
voksing	ʋɔksɪŋ
vokslys	ˈʋɔkslyːs
voksne	ʋɔksnə
voksnes	ʋɔksnɛs
vokst	vˈʊkst
vokst	ʋɔkst
vokstavle	ˈʋɔkstɑʋlə
vokt	ʋɔkt
vokte	ʋɔktə
vokte	ˈʋɔktə
vokter	ʋɔktər
voktere	ʋɔktəɾə
vokteren	ʋɔktəɳ
vokterne	ʋɔktəɳə
voktes	ʋɔktəs
voktet	ʋɔkt
volantis	ʋɔlɑntɪs
vold	ʋɔl
vold	ʋɔɭ
volde	ʋɔɭd̥ə
volde	ˈʋɔlə
voldelig	ʋɔldəɭɪ
voldelig	ˈʋɔldəlɪ
voldelige	ʋɔldɪglɪ
voldelige	ˈʋɔldəlɪə
voldeligere	ˈʋɔldəlɪɾə
voldeligst	ˈʋɔldəlɪkst
voldeligste	ˈʋɔldəlɪkstə
voldemort	ʋɔldəˈmɔʈ
volden	ʋɔldn̩
volder	ʋɔɭdər
voldsbruk	ʋɔlsbruːk
voldsom	ʋɔlsɔm
voldsom	ˈʋɔlsɔm
voldsomme	ʋɔlsɔmːə
voldsomt	ʋɔlsɔmt
voldt	ʋɔlt
voldta	ʋɔltɑ
voldta	ˈʋɔltɑː
voldtar	ʋɔld̥tɑr
voldtatt	ʋɔld̥tɑtː
voldtekt	ʋɔlttekʰt
voldtekt	ˈʋɔltəkt
voldtekten	ʋɔltɛktn̩
voldtekter	ʋɔldtɛkʈɛʁ
voldtektsforbryter	ʋɔldtɛkstsfɔɾˈbrʏːtər
voldtektsforsøk	ʋɔldtɛkstsfɔʂøːk
voldtektsmann	ʋɔldtɛkstsmanː
voldtektsmannen	ʋɔldtɛkstsmanːn
voldtektsmenn	ʋɔldtɛkstsmenː
voldtok	ʋɔld̥tɔk
volga	ʋɔlgɑ
volkswagen	fˈɔlksvɑːgən
volkswagen	ʋɔlksˈvɑːgən
vollan	vˈɔllɑn
vollen	ʋɔln̩
vollgrav	ʋɔlgrɑːv
volm	ʋɔlm
volmene	ʋɔlmənə
volnek	ʋɔlnɛk
volt	ʋɔlt
voltaire	ʋɔlˈtɑɾ
volum	voːlɛm
volum	ʋɔlʉm
volumet	vuləmˈɛ̃
volumet	ʋɔluːmɛt
voluntarisme	vɔluntärisme
volvo	ʋɔlːʉ
von	ʋɔn
vond	ʋɔn
vond	ʋʊn
vonde	ʋɔ̀ːnə
vondere	ʋɔ̀nːɛr
vondt	ʋɔnt
vondt	ˈʋʊnt
vonnie	ʋɔnɪ
vontae	ʋɔntæː
voodoo	ʋuːduː
vor	ʋɔːr
vorde	ʋɔɖə
vordende	ʋɔɾd̥ɛnə
vordende	ˈʋɔɖənə
voronesj	vorunɛʃ
vors	ʋɔʂ
vorta	ʋɔɾtɑ
vorte	ʋɔɾtə
vorter	ʋɔɖɾ
vortex	ʋɔɾtɛks
voss	ʋɔʂ
vostok	ʋɔstɔk
votere	ʋʊˈteːɾə
vott	ʋɔt
voyage	ʋɔɪɑːgə
voydian	ʋɔɪ̯dɪ̯ɑ̯n
vp-en	ʋæːpən
vr	ʋɾ
vra	ʋɾɑː
vrak	vrˈɑk
vrak	ʋɾɑk
vrakdeler	frakdɛlɛr
vrake	ʋɾɑːkə
vrake	ˈʋɾɑːkə
vrakene	ʋɾɑːkənə
vraker	ʋɾɑːkɛɾ
vraket	ʋɾɑkə
vrakgods	ʋɾɑːkgɔds
vrakrestene	ʋɾɑːkɾɛstənə
vrakrester	ʋɾɑːkɾɛstɛr
vrakt	ʋɾɑːkt
vrakte	ˈʋɾɑːktə
vralte	ˈʋɾɑltə
vrang	fˈaŋ
vrang	ʋɾɑŋ
vrede	frʲiɛba
vrede	ʋɾeːdə
vreden	ʋɾeːdən
vredens	ʋɾeːd̥əns
vrenge	ˈʋɾɛŋə
vrenger	ʋɾɛŋgər
vrengt	ʋrɛŋt
vri	vri
vri	ʋɾiː
vridd	brˈɪd
vridd	ʋɾɪd
vridde	vrɪdːɛ
vrien	ʋɾiːn
vrien	ˈʋɾiːən
vriene	ʋɾiːnə
vrient	friːənt
vrient	ʋriːnt
vrikk	ʋɾɪkː
vrikke	ʋɾɪkːə
vrikke	ˈʋɾɪkə
vrikket	ʋɾɪkːə
vrimle	ðrimle
vrimle	ˈʋɾɪmlə
vrimler	ʋɾɪmləɾ
vrinske	ˈʋɾɪnskə
vrir	frˈiːr
vrir	ʋɾiːr
vrist	vˈɾɪst
vræle	ˈʋɾæːlə
vrøvl	ʋɾøːvl
vrøvl	ˈʋɾœʋl̩
vrøvle	ˈʋɾœʋlə
vrøvlet	ʋɾœvl̥ɪt
vs	ʋːs
vu	vu
vugge	ʋʉgːə
vugge	ˈʋʉgə
vuggen	ʋʉgːən
vuggende	ʋʉgn̩d̥ə
vugger	ʋʉgːər
vuggesang	ʋʉgːəˈsɑŋ
vuk	ʋʉk
vulcan	ʋʉlˈkɑːn
vulcaner	ʋʉlkaˈnər
vulcanske	ʋʉlˈkɑːnskə
vulgær	ʋʉlgæɾ
vulgær	ʋʉlˈgæːɾ
vulgære	ʋʉlgɑːɾə
vulkan	ʋʉlˈkɑn
vulkan	ʋʉlˈkɑːn
vulkanen	ʋʉlˈkɑːnən
vulkaner	ʋʉlˈkɑːnər
vulkansk	ʋʉlˈkɑːnsk
vulkanske	ʋʉlˈkɑŋkə
vulture	ʋʉltʉʁ
vunnet	ʋʉnːət
vur	ʋʉːɾ
vurdere	ʋʉɾˈdeːɾə
vurdere	ʋʉˈɖeːɾə
vurderer	ʋʉːɖəɾɛɾ
vurderes	ʋʉɖəɾəs
vurdering	ʋʉɖəɾɪŋ
vurderingen	ʋʉːɖəɾɪŋ
vurderinger	ʋʉɖəɾɪŋɐ
vurdert	ʋʉɾd̥ɛɾt
vurderte	ʋʉɾtəɾd̥ə
vã	ʋɑː
vär	ʋæːr
väre	ʋæːɾə
värt	ʋæɾt
vå	ʋɔː
vådeskudd	ʋɔːdsˈkʉd
våg	ʋɔg
vågal	ʋɔgɑːl
vågal	ˈʋoːgɑːl
vågale	ʋɔːgɑːlə
vågalt	ʋɔgɑlt
vågan	vokan
våge	vokja
våge	ʋɔːgə
våge	ˈʋoːgə
vågenes	voːgɪnɛs
våger	ʋɔːgər
våget	ʋɔgət
våghals	voːgɑːls
våk	vok
våk	ʋɔk
våke	ʋɔːkə
våken	ʋɔːkən
våken	ˈʋoːkən
våkent	ʋɔːkənt
våker	ʋɔːkər
våket	ʋɔkət
våkn	ʋoːkn̥
våkna	ʋɔknɑ
våkne	ʋɔknə
våkne	ˈʋoːknə
våkner	ʋɔknər
våknet	ʋɔknət
våpen	ʋɔːpn̩
våpen	ˈʋoːpn̩
våpen	ˈʋoːpən
våpenbesittelse	ʋoːpn̩bɛsɪtəlsə
våpenbror	ʋoːpn̩brɔr
våpenbruk	ʋɔːpənbrʉːk
våpenbrødre	ʋɔːpənbrøːɖɾə
våpenet	ʋɔːpənət
våpenhandel	ʋɔːpənˈhɑːnəl
våpenhandler	ʋoːpənˈhɑ̀ːldər
våpenhandlere	ʋɔːpənˈhɑːndlɛɾə
våpenhvile	ʋoːpənˈhʋɪlə
våpenkammeret	ʋoːpənkɑməɾət
våpenkontroll	ʋoːpənkɔntɾɔl
våpenlager	ʋoːpənˈlɑːgər
våpenskjold	ʋoːpənʃɔɭ
våpensystemene	ʋøːpn̩systəmeːnə
våpensystemer	ʋɔːpn̩sʏstɛmər
våpensystemet	ʋøːpn̩systəmeːt
våpna	vɔpna
vår	ʋoːr
vår	ʋoːɾ
vårdag	ˈʋoːɖɑːg
våre	ʋoːɾə
våren	ʋɔːɾn̩
vårens	ʋoːrəns
våres	ʋoːɾəs
vårferien	ʋoːɾfɛɪn
vårherre	ʋoːrˈhæɾə
vårklassiker	voːrklasːiːkːiːr
vårlig	ʋoːɾ
vårluft	ˈʋoːɭʉft
vårrengjøring	ʋoːrɾɛŋgøːɾɪŋ
vårrull	ʋoːrʉl
vårruller	ʋoːrɾʉlːər
vårsol	ˈʋoːʂuːɭ
vårt	ʋɔɾt
vås	ʋɔs
våse	ˈʋoːsə
våset	ʋɔʂɛt
våt	ʋoːt
våt	ʋɔːt
våte	ʋɔːtə
våtservietter	ʋôːtʃɛɾˈʋiːtɑr
væpne	ˈʋæːpnə
væpnede	ʋæːpnə
væpnet	ʋæːpn̩t
vær	ʋæːɾ
være	ɔʋæːɾə
være	ˈʋæːɾə
værelse	varəlsa
værelse	ʋæːɾəlsə
værelse	ʋæːɾɛlsə
værelset	ʋæːɾəlsɛt
væremåte	ʋæːɾəˈmɔːtə
værende	ʋæːɾɪŋ
været	ʋæːɾət
værmannen	ʋæɾmanːn
værmelding	ʋæːɾmɛldɪŋ
værmelding	ˈʋæːmɛlɪŋ
værmeldingen	ʋæːɾmɛldɪŋən
væromslag	ˈʋæːɾɔmʂɭɑːg
værre	ʋæːɾə
værs	ʋæːʂ
værsegod	ʋæːɾsəgɔː
værst	ʋæɾst
værste	ʋæːɾ̥sə
værså	ʋæːɾsɔ
værsågod	ʋæːʂɔgɔd
vært	ʋæɾt
væske	ʋæʂkə
væske	ˈʋɛskə
væsken	ʋæskn̩
væsker	ʋæʂkər
væte	ˈʋeːtə
vøre	ʋœːɾə
vćre	ʋɪɾə
vćrt	ʋɪʈʈ
vĺr	ʋæɭ
vĺrt	ʋɾt
w	ʋ
wa	ʋɑː
waaler	vˈɔlər
wabash	ʋɑːbɑʃ
waco	ʋɑːkʊ
wade	ʋɑːd
wades	ʋæːds
wadiya	ʋɑːdɪɑː
wadsworth	ʋɑːtshɔɾ
waffles	ʋɑfəls
waggoman	ʋɑgːʊmɑn
wagner	ʋɑːgn̩
wagon	ʋɑːgʊn
wahoo	ʋɑːhuː
wainwright	ʋæɪnrɑɪt
waka	ʋɑːkɑ
wake	ʋæːk
wakefield	ʋɑːkfɪld
wal-mart	ʋɑːlˈmɑːɾt
walcott	ʋɑlˈkɔt
wald	ʋɑːl
walden	ʋɑːldn̩
walder	ʋɑːldər
waldorf	ʋɑːldɔɾf
wales	ʋæːlɛs
walid	ʋɑːlɪd
waliser	vˈɑlɪsər
waliser	ʋɑːlɪsər
walisisk	ʋɑːlɪsɪsk
walk	ʋɔːk
walkabout	ʋɔːkɑːbuːt
walker	ʋɔːkər
walkers	ʋɔːkərs
walkie	ʋɔlki
walkie-talkie	ʋɔlkiˈtɑːkɪ
walking	ʋɔːkɪŋ
walkman	ʋɑːlkmɑːn
wall	ʋɑːl
wall-e	ʋɑːlɛ
walla	ʋɑlːɑ
wallaby	ʋɑlɑbʏ
wallander	ʋɑːlɑːnɑː
wallenberg	ʋɑːlːɛnbɛɾ
waller	ʋɑlːər
wallers	ʋɑlːɛʂ
wallis	ʋɑlɪs
wally	ʋɑlːi
walmart	ʋɑːlmɑːɾt
walnut	ʋɑːlnʉt
walrus	ʋɑːlrʉs
walsh	ʋɑːlʃ
walt	ʋɑːlt
walter	vˈaltɪʁ
walter	ʋɑːltər
walters	ʋɑːltəɾs
walther	ʋɑːltər
waltin	ʋɑːltɪn
walton	ʋɑːltɔn
waltz	ʋɑːltʂ
wan	ʋɑːn
wanda	ʋɑndɑ
wang	ʋɑŋ
wanna	ʋɑnɑ
wannabe	ʋɑnːbɛ
want	ʋɑnt
wanyan	ʋɑːnʏɑːn
war	ʋɑːr
wards	ʋɑːɾs
warfield	ʋɑːɾfɛɭ
warhol	ʋɑːɾɔl
warleggan	ʋɑːɭɛgɑn
warlock	ʋɑːɭɔk
warlocker	ʋɑːɭɔkɑɾ
warlow	ʋɑːɭɔ
warm	ʋɑɾm
warmsley	ʋɑːɾmsleɪ
warner	ʋɑːnər
warney	ʋɑːrˈnøɪ̯
warp	ʋɑːɾp
warpfart	ʋɑɾpːfɑɾt
warriors	ʋɑːɾɪɾs
wars	ʋɑːʂ
warszawa	ʋɑːʂɑːwɑː
warwick	ʋɑːɾɪk
was	ʋɑːʂ
wash	ʋɑʂ
washington	ʋɑːʃɪŋtɔn
washingtons	ʋɑːʃɪŋtsɔn
wasima	ʋɑːsɪmɑː
wass	ʋɑʂ
wasserman	ʋɑʂːɛɾmɑn
watch	ʋɔtʃ
watchtower	ʋɑːtʃtʉːɾ
water	ʋɑːtər
waterford	ʋɑːtərfɔɾ
watergate	ʋɑːtərgɑːt
waterloo	ʋɑːtərloː
waters	ʋɑːtɾ̥
watkins	ʋɑːtʃɪns
watney	ʋɑːtneɪ
watt	ʋɑt
watters	ʋɑtːərs
watts	ʋɑtːs
wave	ʋɑːʋ
waverly	ʋɑːʋɛɭiː
wax	ʋɑks
way	ʋæɪ
wayland	ʋæɪlɑːn
waylon	ʋæɪlɔn
wayne	ʋæɪn
waynes	ʋæɪnəs
we	ʋeː
weathers	ʋæːɾs
weaver	ʋæɪvər
webb	ʋɛb
webber	ʋɛbːər
webbs	ʋɛbːs
weber	ʋæːbər
webkamera	ʋɛbkɑmɛɾɑ
websiden	ʋæpsɪdən
webster	ʋɛbstɛr
wedding	ʋɛdɪŋ
week	ʋɛk
weekend	vˈiːkənd
weekly	ʋeːkliː
weeks	ʋeːkʂ
weems	ʋeːms
weenie	ʋeːni
wegener	ʋeːgənər
weggersen	ʋɛkːɛɾsɛn
wehrmacht	ʋæɾˈmɑxt
wei	ʋɛɪ
weil	ʋæɪ̯ːl
weiner	ʋæɪnɐ
weinstein	ʋæɪnstæɪn
weir	ʋæɪ̯ː
weird	ʋæɪɾ
weis	ʋæɪs
weiss	ʋæɪs
weissman	ʋæɪsmɑn
weitz	ʋæɪts
welander	ˈʋæːlɑnɖəɾ
welch	ʋæɭʃ
well	ʋɛlː
weller	ʋɛlːər
welles	ʋɛlːɛs
wellington	ˈvɛlɪŋtən
wells	ʋæɭs
welsh	ʋæɭʃ
wembley	ʋɛmbliː
wemlinger	ʋæmˈlɪŋər
wen	ʋɛn
wenche	ʋɛŋkə
wendell	ʋɛnˈdɛl
wendells	ʋɛndəls
wendt	ʋɛnt
wendy	ʋɛndiː
weng	ʋæŋ
wenger	ʋɛŋər
wentworth	ʋɛntʰwɔɾ
were	ʋæɾ
werner	ʋæːnər
werstingvold	ʋæɾstɪŋvɔld
wersén	ʋæɾˈseːn
wes	ʋɛs
wesen	ʋeːsn̩
wesenrein	ʋeːsənˈɾæɪn
wesker	ʋɛskər
wesley	ʋɛʃlɪ
wessel	ʋɛsəl
wesson	ʋɛsn̩
west	ʋɛʂ
westchester	ʋɛstʃɛstər
westen	ʋɛstən
westerley	ʋɛstərleɪ
westerlie	ʋɛstɛɭiː
western	ʋɛʂːn̩
westeros	ʋɛstɛɾɔs
westlake	ʋɛstˈlɑːk
westley	ʋɛstlɛɪ
westminster	ʋɛstmɪnstɑɾ
westmoreland	ʋɛstmʊˈɾæɭn̩
westmorland	ʋɛstmɔːɭɑn
weston	ʋɛstɔn
westside	ʋɛstˈsiːd
westwood	ʋɛstʋʉː
wet	ʋɛːt
wewelsburg	ʋæʋəlsbʉɾg
wexler	ʋæɭɛɭɛɾ
wexton	ʋɛkstɔn
weyland	ʋæɪlɑn
weyoun	ʋøʏʊn
wham	ʋɑm
whatever	ʋɑːtɛʋɛʁ
wheaton	ʋeːtɔn
wheeler	ʋɛːlɑːr
wheelock	ʋæɭɔk
wheetly	ʋeːtliː
whele	ʋæɭə
whiplash	ʋɪplæʃ
whiskers	ʋɪskɐʂ
whiskey	wˈɪʃki
whiskey	ʋɪski
whiskeyen	ʋɪˈʃɛɪ̯n
whiskyen	ʋɪʃkʏən
whistler	ʋɪstləɾ
whistlers	ʋɪstlɐʂ
whitacre	ʋɪtɑkɾə
whitaker	ʋɪtɑkər
white	ʋɪt
whitechapel	ʋɪtʃæpəl
whitehall	ʋɪːtɑːl
whites	ʋɪts
whitey	ʋɪtɪ
whitfield	ʋɪtˈfɪld
whitman	ʋɪtman
whittaker	ʋɪtɑkɛr
whole	ʋɔːl
whoo	ʋuː
wi-fi	wiːfiː
wick	ʋɪkː
wicked	ʋɪkː
wickham	ʋɪkʰɑm
widgren	ʋɪɖɾɛn
wiegert	ʋɪgəɾt
wieland	ʋɪ́ɛlɑn
wien	ʋɪ̂n
wiener	ʋiːnər
wienerbrød	ˈvɪ̂ɛ̯nɛɾbrœð
wifi	vifi
wifi	wiːfi
wigand	ʋɪgɑn
wiggin	ʋɪgɪn
wiggins	ʋɪŋːs
wii	wiː
wiide	ʋiːdə
wikeland	ʋɪkəˈlɑn
wikipedia	ʋɪkɪpɛdiːə
wikus	ʋɪkʉs
wil	ʋɪl
wilberforce	ʋɪlbɛɾfɔrs
wilbur	ʋɪlbʉːɾ
wilco	ʋɪlkoː
wild	ʋɪɭː
wilde	ʋɪ́ɭːə
wilden	ʋɪldn̩
wildlings	ʋɪldlɪŋs
wilee	ʋɪːlə
wiley	wiːlə
wilf	ʋɪlf
wilford	ʋɪlfɔɾ
wilfred	ʋɪlˈfrɛː
wilhelm	ʋɪlˈhɛlm
wilk	ʋɪɭk
wilkes	ʋɪlks
wilkin	ʋɪlçɪn
will	ʋɪl
willa	ʋɪlə
willard	ʋɪlɑːɾ
willem	ʋɪləm
willet	ʋɪlːət
willi	ʋɪlɪ
william	ʋɪlˈjæm
williams	ʋɪlːjæms
williamsburg	ʋɪlɪɑːmsbʉɾg
williamson	ˈvɪljæmsən
willie	ʋɪlːɪ
willis	ʋɪlɪs
willoughby	ʋɪlɔfbiː
willow	ʋɪlː
wills	ʋɪlːs
willy	vˈɪlə
willy	ʋɪlːi
wilma	ʋɪlmɑ
wilmer	ʋɪlmɛɾ
wilmington	ʋɪlmɪŋtən
wilshire	ʋɪlˈʃʉːɾə
wilsie	ʋɪlʃɪ
wilson	ʋɪlˈsʊn
wilsons	ʋɪlsɔns
wiltersen	ʋɪltəʃn̩
wilton	ʋɪltɔn
wimbledon	ʋɪmˈblɔn
win	ʋɪn
winchell	ʋɪnˈçɛl
winchester	ʋɪnˈʃɛtʃɚ
winchesteren	ʋɪnˈʃtɛçɐn
wincroft	ʋɪŋkrɔft
wind	ʋɪn
windows	ˈvɪndɔʊs
windsor	ʋɪnsɔɾ
wing	ʋɪŋ
winger	ʋɪŋər
wingman	ʋɪŋmɑn
wingo	ʋɪŋgɔ
wings	ʋɪŋs
winifred	ʋiːnɪˈfrɛː
winley	ʋɪnləɪ
winn	ʋɪn
winnetou	ʋɪnːəˈtʉː
winnie	ʋɪnɪ
winnipeg	ʋɪnɪˈpɛg
winslow	ʋɪnslɔ
winston	ʋɪnstɔn
winterfell	ˈvɪntərfɛl
winters	ʋɪntɪɾs
winther	ʋɪnːɐ
wire	ʋiːɾ
wisconsins	ʋɪskɔnsɪn
wise	ʋiːs
wisteria	ʋɪstɛɾiːə
wistrom	ʋɪstrɔm
witch	ʋɪtʃ
witherspoon	ʋɪtɚspuːn
witwicky	ʋɪtˈʋɪkʏ
witzøe	vitsˢø
wiz	ʋɪs
woget	ʋugət
wok	vˈɔk
wokke	vˈokkə
wolf	ʋɔlf
wolfe	ʋɔlfə
wolfes	ʋɔlfəs
wolff	ʋɔlf
wolfgang	ʋɔlfgɑn
wolfie	ʋɔlfɪ
wolfman	ʋɔlfmɑn
wolowitz	ʋuːlɔɪts
wolverine	ʋɔlʋɛːɾɪn
wolves	ʋɔlːs
womack	ʋɔmɑk
woman	ʋɔmən
women	ʋuːmɪn
won	ʋɔn
wonder	wʊndɾ
wonderstone	ʋɔndɚʃtʉːn
wonderworid	ʋɔndɛrʋɔɾɪd
wonderworld	wʊndɛɾˈvʉɾɭ
wong	ʋɔŋ
wonka	ʋɔŋkɑ
woodbine	ʋuːbɪn
woodbury	vʉːdbyː
woodhouse	ʋuːhʉʂ
woodroof	ʋʉːrʉːf
woodrow	ʋuːdroː
woodruff	ʋɔːɾʉf
woodrugh	ʋuːɖrʉː
word	ʋɔɾ
words	ʋɔːɾs
worf	ʋɔɾf
work	ʋɔɾk
worm	ʋɔɾm
wormwood	ʋɔːrmʉː
worthington	ʋɔːɾtɪŋ
wozniak	ʋɔʂniak
wredin	ʋɾæɪ̯ːn
wren	ʋɾen
wrestling	ʋrɛstliŋ
wu	ʋuː
wu-seks	ʋʉˈsɛks
wuchang	ʋʉˈʃɑŋ
wulff	ʋʉlf
wyatts	ʋɪɑts
wylie	ʋʏːlɪ
x	ks
xavier	ˈɕæʋiɑr
xenja	ʃɛnjɑ
xenzai	ʃɛnˈsɑɪ
xiang	ʃæŋ
xibalba	ʃɪbɑlbɑ
xxx	ʃɔːɳ
ya	jɑː
yabu	jɑːbʉ
yachten	jɑçtn̩
yachter	jɑçtɛr
yahn	jɑːn
yahoo	jɑːhu
yakov	jɑkɔp
yakuzaen	jɑkuːzɑːn
yamamoto	jɑmɑtɔ
yan	jɑːn
yankeen	jæŋkɪn
yankeene	jæŋkniː
yanko	jæŋkʊ
yao	jɔː
yar	jɑːɾ
yara	jɑːɾɑ
yard	jɑːɾ
yards	jɑːɾs
yashida	jɑʃɪdɑ
yasmin	jɑsmɪn
yates	jɑːtəs
yatzy	jɑtsʏ
ydmyk	idmi
ydmyk	ʏːmʏk
ydmyk	ˈyːdmyːk
ydmykelse	iːɖmeːkɛlsɑ
ydmykelse	ʏmʏkəlsə
ydmykelsen	ʏːmʏkəlsn̩
ydmykelser	ʏːmʏkəlsɛɾ
ydmyker	ʏːmɪkɐ
ydmyket	iːtiːmɪkːɛ
ydmykt	ʏːmʏkt
ye	jɛ
yeager	jæːgɐ
yeah	jæ
yeblikk	jɛblɪk
yeller	ʏlːər
yen	jɛn
yep	jɛp
yero	jɛːɾʊ
yes	jɛs
ying	iːŋ
yip	ʏɪp
yk	ʏk
ykehus	jɛːkʉs
ykt	ʏkt
ylva	ilvˈa
ylva	ɦlva
ylva	ʏlvɑ
ymse	ˈʏmsə
ymte	ˈʏmtə
ynde	ˈʏndə
yndig	yndɪ
yndige	ˈʏnɪə
yndigere	ˈʏnɪɾə
yndigst	ˈʏnɪkst
yndigste	ˈʏnɪkstə
yndling	ʏnːdliŋ
yndlingen	ʏnːɭɪŋən
yndlinger	ˈʏːndlɪŋər
yndlings	ˈʏːnɫɪŋs
yndlingsfargen	ˈʏːnːliŋsˌfɑrgən
yndlingsfilmen	ˈʏ̀ːnːlɪŋsfiːlmən
yndlingsretten	ˈʏ̀nːlɪŋsˌrɛtːən
yndlingssted	ˈʏːnːlɪŋsˌstɛt
yndlingsstedet	ʏnːɫɪŋsˈstɛːt
yne	iːnə
yngel	ïin̪g̞e̞r
yngel	ʏŋːəl
yngle	ˈʏŋlə
yngre	iŋːrɛ
yngre	ˈʏŋɾə
yngste	ɪŋstˈɛ
yngve	ʏŋvə
ynkelig	ʏŋkəlɪ
ynkelig	ˈʏŋkəlɪ
ynkelige	ʏŋkəlɪgə
ynkelige	ˈʏŋkəlɪə
ynkeligere	ˈʏŋkəlɪɾə
ynkeligst	ˈʏŋkəlɪkst
ynkeligste	ˈʏŋkəlɪkstə
yo	jɔ
yo-yo	jɔjɔ
yoda	jɔːdɑ
yoga	jɔga
yoga	ˈjɔgɑ
yoghurt	jɔgʊʈ
yogi	jɔgi
yohan	jɔhɑn
yoichi	jɔɪtʃ
yoko	jɔkɔ
yolanda	jɔlɑnda
yolande	jɔlɑndə
yonk	jɔŋk
yonkers	jɔŋkərs
york	jɔɾk
york-politiet	jɔɾkpɔlitiːt
yorker	jɔɾkər
yorkere	jɔɾkə
yorktown	jɔɾktɑʊn
yosemite	jɔsɛmɪt
yoshi	jɔʂi
yossarian	jɔsɑrɪɑn
your	jʊːɾ
yours	jʊʂ
yousef	jʉːsɛf
yppe	ʏpːə
yppe	ˈʏpə
ypper	ʏpːər
ypperlige	ʏpːɛɭɪ
ypperligst	ˈʏpəɭɪkst
ypperligste	ˈʏpəɭɪkstə
ypperst	ipːəʃt
ypperst	ˈʏpəʂt
ypperste	ʏpːɛʂtə
ypperstepresten	ʏpːɛʂtɛˈprɛstən
yppige	ˈʏpɪə
yppigere	ˈʏpɪɾə
yppigst	ˈʏpɪkst
yppigste	ˈʏpɪkstə
yr	iʲɟe
yr	yːɾ
yre	ʏːɾə
yre	ˈyːɾə
yrer	ʏːrɛr
yrka	irka
yrke	irke
yrke	ʏrkə
yrke	ˈʏɾkə
yrkene	irkina
yrker	ʏrkəɾ
yrkesmessig	ʏrkɛsmɛsɪ
yrkesrisiko	ʏrkɛsɾɪsɪkʊ
yrket	yrkːɛ
yrket	ʏrkət
yst	yst
ystad	ʏstɑː
yste	ˈʏstə
yt	jʏːt
yte	iːtə
yte	ʏːtə
ytelse	iːtilsɛ
ytelse	ʏːtəlsə
ytelsen	ʏtəl̥sn̩
ytelser	ʏtəlsər
yter	iːtːɪ̞ɾ
yter	ʏːtər
ytet	ytːøt
ytre	et̪re
ytre	ˈʏtɾə
ytring	ytrɪŋ
ytringsfriheten	ˈʏːtrɪŋsfɾiːtən
ytterdøra	ʏtːəɖœɾə
ytterdøren	ʏtːəɾˈdøːɾən
ytterligere	ʏtːərliːgɾi
ytterligere	ˈʏtəɭɪəɾə
ytterst	ʏtːəʂt
ytterste	ʏtːəʂtə
yttertak	ʏtəʈɑːk
yu	jʉ
yu-ri	juːri
yuan	juːɑn
yubaba	jʉbɑbɑ
yukon	jʉˈkoːn
yuma	jʉːma
yung	jʉŋ
yunkai	jʉŋkɑɪ
yup	jʉːp
yuri	jʉːɾɪ
yusif	jʉsɪf
yusuf	jʉˈsʉf
yuzu	juːsu
yvette	ˈjʋɛtə
yvonne	jʊˈvɔnə
z	ts
za	tsɑ
zabangida	ˈsɑːbɑŋɪda
zac	tsɑk
zach	tsɑx
zacharias	tsɑˈkɑːɾiɑs
zack	tsɑk
zajac	ʃæɪ̯ɑk
zak	tsɑk
zampa	tsɑmpɑ
zandra	ˈsɑ̀ndrə
zanetakos	ˈsɑːnətɑkɔs
zanuck	tsɑnʉk
zapata	ˈsɑpɑtɑ
zapatti	ˈsɑpɑtɪ
zaya	tsɑʏɑ
zayday	ʃæɪ̯dɑɪ̯
zealand	ˈsæɑːlɑːn
zeb	zɛb
zeeland	ˈsæɛ̯lɑn
zeelands	ˈsæːlɑns
zen	sɛn
zendt	ʃɛnt
zeppelin	tsɛpəlɪn
zeus	ʃuːs
zeuthens	ˈsøːtn̩s
zevs	ʃeʋs
zhida	ʃɪdɑ
zhivago	ʒɪˈʋɑ̀ːgʊ
zhu	ʃʉː
zico	sɪkʊ
zig	sɪg
zimmer	ˈtsɪmər
zip	sɪp
ziyal	tsiːal
zlatko	ʃlɑtkuː
zod	tsɔː
zodanga	ˈsɔdɑŋɑ
zoidberg	zuːɪbɛɾ
zoil	ʂɔɪl
zoltan	tsɔltɑn
zombier	ˈsɔmbɪəɾ
zoolander	zuːlændər
zoologi	sɔlogi
zoomer	zuːmɛr
zootropolis	ˈzuːtroˌpɔlɪs
zoric	ʃɔrɪk
zorro	ʃɔrʊ
zouri	ʃuːɾi
zozo	zɔzɔ
zucher	ʃʉːçɛr
zuckerman	sʉkɛrmɑn
zulu	zuːluː
zuma	zuːma
zurich	ʃʉːɾɪç
zé	ʃeː
á	ɑː
ásgeir	ɑːʂçæɪ̯r
âr	ɑːr
ä	æ
å	oː
å	u
å	ɔː
åbjørn	objɔɾn
åge	ɔːgə
ågot	oːgˈot
åh	ɔː
åhh	ɔː
åja	ɔʏɑ
åk	ɔk
åke	ɔkə
åker	ɔkər
åker	ˈoːkəɾ
åkeren	ɔkəɾən
åkrene	ɔːkɾənə
åkrer	ɔkːər
ål	o
ål	ɔːl
ål	ˈoːl
åle	ˈoːlə
ålen	ɔːlən
ålen	ˈoːɔɳ
åler	ɔːlɛɾ
åler	ˈoːləɾ
ålreit	ɑːlˈrɛɪ̯t
ålreit	ɔːlɹˈaɪt
ålreite	ɔːɭɾæɪ̯tə
åmøya	omeiːo
ånd	on
ånd	ɔn
ånd	ɔnː
ånde	ɔndə
ånde	ˈɔnə
åndedrag	ɔnːədrɑːg
åndedrett	ɔːnəˈdrɛt
åndedrettet	ɔːnədrɛkt
åndelig	ˈɔnəlɪ
åndelige	ˈɔnəlɪə
åndeligst	ˈɔnəlɪkst
åndeligste	ˈɔnəlɪkstə
ånden	ɔnːən
åndene	ɔnːə
åndens	ɔnəns
ånder	ɔnːər
åndeverden	oːnˀd̥ɛvær̥d̥n
ånds	ɔnːs
åndsfraværende	ˈɔnsfɾɑʋæːɾənə
åndssvak	ɔnːsvaːk
åndssvake	ɔnːsʋɑːkə
åndsverk	ˈɔnsʋæɾk
åpen	ɔːpən
åpen	ˈoːpən
åpenbar	oːpːnbaːr
åpenbar	ɔːpənbɑːr
åpenbar	ˈoːpənbɑːɾ
åpenbare	oːpənbaːrə
åpenbare	ɔːpənbɑːr
åpenbare	ˈoːpənbɑːɾə
åpenbarer	ɔːpənbɑːrər
åpenbaring	ɔːpənbɑːrɪŋ
åpenbaringen	ɔːpənbɑːrɪŋən
åpenbaringer	ɔːpənbɑːrɪŋər
åpenbart	ɔːpənbɑːrt
åpenbarte	ɔːpənbɑːɾtə
åpene	opena
åpenhet	ɔːpənhɛt
åpenhjertig	ɔːpənˈhjæːrtɪ
åpenhjertig	ˈoːpənjæʈɪ
åpenhjertige	ˈoːpənjæʈɪə
åpenhjertigere	ˈoːpənjæʈɪɾə
åpenhjertigst	ˈoːpənjæʈɪkst
åpenhjertigste	ˈoːpənjæʈɪkstə
åpenlys	ˈoːpənlyːs
åpenlyst	ɔːpənlyst
åpent	ɔːpənt
åpn	opən
åpn	ɔːpn
åpna	ɔpna
åpne	oːpna
åpne	ɔːpne
åpne	ˈoːpnə
åpnende	opnaˈnɐ
åpner	ɔːpnɛr
åpner	ˈoːpnəɾ
åpnes	ɔːpnɛs
åpnet	uːpnat
åpnet	ɔːpneːt
åpnet	ˈoːpnət
åpning	ɔːpniŋ
åpninger	ɔpniŋər
åpningstider	ˈɔpnɪŋstiːdəɾ
år	bɔːɾ
år	oːɾ
år	ɑːr
år	ˈoːɾ
åra	ɔːɾɑ
årboka	ɔːrbuːkɑ
åre	oːɾə
åre	ɔːr
åren	ɑːrən
årene	ɔːrənə
årenes	ɑːɾənɛs
årer	ɔːɾə
åresvis	ɔːɾɛsviːs
året	ora
året	ɔːrət
årets	ɔːrɛts
årevis	ɔːɾəʋɪs
årgang	ɔːɾgɑŋ
århundre	ɔːrˈhʉndrɛ
århundrene	ɔːrˈhʉndrənə
århundrer	ɔːɾhʉndɾɑɾ
århundreskiftet	ɔːrˈhʉ̂nːrɛskɪft
århundret	ɑːɾhʉndɾɛ
århundrets	ɑːɾhʉndrɛts
åring	ɔːɾɪŋ
årlig	ɔːlɪg
årlig	ˈoːɭɪ
årlige	ɔːɭɪgə
årlige	ˈoːɭɪə
årligst	ˈoːɭɪkst
årligste	ˈoːɭɪkstə
års	ɔːʂ
årsak	oːʂɑːk
årsak	ɔːʂɑk
årsaken	ɔːɾ̥sɑːkən
årsdag	ɔːɾsdɑː
årsdagen	ɔːʂdaːgn̩
årslønn	ɔːɾslœn
årstidene	ɑːrstɪːdənə
årstider	ɑːrstɪdər
årtier	ɔːɾçɪɛɾ
årtusener	ɑːɾtʉːsənər
årvåken	ɑːɾvɔːkən
årvåken	ˈoːɾʋoːkən
årvåkenhet	ɔrvɔknɛt
årvåkne	ɔːrvɔknə
ås	as
åse	olˈsɯ
åse	ɔːsə
åsen	ɔːsn̩
åsene	ɔːsənə
åser	ɔʂɛr
åsgard	ɔʂgɑɾ
åskammen	ɔʃkɑmːən
åsryggen	ɔːsrygən
åssen	ɔʂːn̩
åssiden	ɔsːɪdən
åsta	ostˈa
åstedene	ɔʂtɛnə
åsteder	ɔʂtɛɖɛɾ
åstedet	oːstɛda
åstedet	ɔʂtɛd
åstedsgranskerne	ɔʂtɛsgrɑnʃɳə
åsyn	ɔːsʏn
åt	ɔːt
åte	ɔːtə
åtet	ɔtət
åtsel	ɢoːtsˤɛl
åtseleter	oːtslɛːtːiːɾ
åtte	ɔtːə
åtte	ˈɔtə
åtte-ni	ɔtːnɪ
åttende	ɔtːn̩d̥ə
åttere	ɔtːər
åtteåring	ɔtəɛɾɪŋ
åtti	ɔtɪ
åå	ɔː
ååh	ɔː
æ	a
æ	æ
ægir	ɪ̞gɪ̞r
æh	æ
ælla	æːlə
ær	æːr
ærbar	æɾbɑɾ
ærbare	æːɾbɑːɾə
ærbart	æːɾbɑːɾt
ærbødig	æɾbøðɪ
ærbødighet	æɾbøːdɪçɛt
ærbødigst	æɾbøːdɪkst
ære	aɾa
ære	ˈæːɾə
ærede	æːɾədə
ærefrykt	æːɾɛfrʏkt
ærefull	æːɾəful
ærefulle	æːɾəfulə
ærekrenkelse	æːɾəkɾɛŋkəlsə
ærend	æːɾn̩d
ærende	æɾən
ærender	æːɳdər
ærendet	æːɾənət
ærens	æːrəns
ærerik	æːrɛɾɪk
ærerike	æːɾɛɪk
æresgjest	æːɾɛsjɛst
æreskodeks	aɾɪskɔdɛks
æresmedalje	æːɾəˈmɛɭjə
æresmedaljen	æːɾəˈmɛːɭɑː
æresord	æːɾəsɔɾd
æressak	æˈɾɛsɑk
æret	æːɾət
ærgjerrighet	æɾjɛɾɪhøg
æriig	æːɾiː
ærlige	æɭiːgə
ærlige	ˈæɭɪə
ærligere	æʁlɪgəɾə
ærligst	ˈæɭɪkst
ærverdig	æːɾvɛɾi
ærverdige	æɾˈʋæɖɪə
ærverdige	æːɾvɛɾdiːgə
æthelwulf	ɛːtəlʋʉlf
ætt	atː
ætten	ɛtːən
èn	æːn
é	eː
én	eːn
én	ˈeːn
ét	ɛːt
ên	eːn
òg	ɔg
óg	oːg
örjan	ɔɾjɑn
ø	ã
ø	ø
øde	œˈda
øde	œːd̥ə
øde	ˈøːdə
ødelagt	øːdəlɑkt
ødelagt	œːdəlɑkt
ødelagte	œːdəlɑːkt
ødelegg	œːdəlɛg
ødelegge	œːdəlɛgːə
ødelegge	ˈøːdəlæɪə
ødeleggelse	œːdəlɛgəlsə
ødeleggelsene	œːdəlɛgəlsənə
ødeleggelser	œːdəlɛkəlsɐ
ødeleggende	œːdəlɛgn̩
ødelegger	œːdəlɛgər
ødeleggeren	œːdəlɛgːərən
ødelegges	œːdəlɛgːəs
ødemark	œːdəmark
ødemarka	œdɛmɑrka
ødipus	øːdɪpʉs
ødsel	ətsɛl
øg	øːg
øgle	ogla
øgle	œglə
øglen	œglən
øgler	uglɛr
øgler	œglɛr
øgså	øgsɔ
øh	øː
øi	øɪ
øk	øk
øk	œk
øke	œkə
øke	ˈøːkə
økenavn	œkəˈnɑːn
økende	œkɛndə
øker	œkər
økern	øːkan
økes	œks
øket	œkət
økning	œkniŋ
økokrim	œkɔkrɪm
økologisk	økɔlɔgɪʃ
økologiske	økɔlɔgɪskə
økonom	ekonom
økonom	œknɔm
økonomi	œknɔmɪ
økonomi	œkʊnʊˈmiː
økonomien	œkɔnomiən
økonomiklasse	œkɔnomɪklɑsə
økonomisjef	œkɔnɔmɪʃɛf
økonomisk	œkɔnɔmɪsk
økonomiske	œkɔnɔmɪskə
økosystemet	økʊsɛstɛmət
øks	øks
øksa	øksɑ
øksen	œksən
økser	œksər
økt	œkt
økte	øktø
økte	œktə
øl	œl
øl	œn
øl	əl
øl	ˈœl
ølen	œlən
ølene	œləne
øler	œn̪leɾ
øler	œːləɾ
ølet	œːlət
ølmage	œ̞lmaːg̊ɛ
øm	œm
ømfintlig	œmfinɭɪ
ømfintlig	œmˈfɪntlɪ
ømfintlige	œmˈfɪntlɪə
ømfintligere	œmˈfɪntlɪɾə
ømfintligste	œmˈfɪntlɪkstə
ømhet	œmhɛt
ømme	œmːə
ømt	œm̥t
ømtålig	œmˈtɔːlɪ
ømtålige	œ̀mtaːlɪgə
ønsk	œnʂ
ønske	ønskæ
ønske	œnʃə
ønske	ˈœnskə
ønskede	œnʃeːdɛ
ønskedrøm	œnʃədrœm
ønskelig	ˈœnskəlɪ
ønskelige	ˈœnskəlɪə
ønskeligere	ˈœnskəlɪɾə
ønskeligst	ˈœnskəlɪkst
ønskeligste	ˈœnskəlɪkstə
ønskelisten	œnʃəˈliːsn̩
ønskene	œnˈʃeːnə
ønsker	œnʃər
ønskes	œnʃəs
ønsket	œnʃɛt
ønsket	ˈœnskət
ønsketenkning	œnʃəˈteŋkŋ
ør	øːɾ
øra	œːɾɑ
øre	ˈøːrə
øre	ˈøːɾə
ørebetennelse	øːɾəbɛtɛnɛlsə
øredobb	œːɾədɔb
øredobben	œːɾədɔbːən
øredobbene	œːɾədɔbːənə
øredobber	œːɾədɔbːər
øredøvende	øːredøːvəndˀa
øredøvende	œːɾədœʋənə
øreflippen	øːreflˈɛpːan
øremerke	ˈøːɾəmæɾkə
øremerket	œːɾəˈmæɾkət
ørene	œːrənə
ørepropper	ɔːrəprɔpːər
ører	ɔːɾə
ørering	øːɾəɾɪŋ
ørering	œɾɪŋ
øreringen	œɾɪŋən
øreringene	œːɾɪŋənə
øreringer	œɾɪŋɪɾ
øret	øːre
øret	œːɾət
ørevarmere	øːrəvarmre
ørjan	œrjˈan
ørken	ærkæn
ørken	œɾkən
ørken	ˈœɾkn̩
ørken	ˈœɾkən
ørkenen	œɾkən
ørkenens	œɾkənɛn
ørkener	ɔɾkənər
ørkenrev	œrkɛnrɛm
ørkenulven	œɾkənʉlvən
ørlite	œɾlɪtə
ørliten	œɭɪtən
ørn	ɔːɳ
ørna	øːnɑ
ørnen	øɾnɯn
ørnen	œːrn̩
ørnene	øɾnini
ørnene	ɔːɳənə
ørner	øɾneɾ
ørnulv	øˈnølv
ørret	æˈrɛt
ørret	ɔrːət
ørreten	œʁːtən
ørska	œʂkɑ
ørske	ˈœʂkə
ørsmå	œʂmoː
ørten	œʁtən
øs	øs
øse	øːsə
øse	ˈøːsə
øser	œʂər
øst-afrika	œʃtɑfɾɪkɑ
øst-berlin	œst̪ˈbæɭɪn
øst-tyskland	œʂtʏtləɳ
østavind	ˈøstɑvɪnn
øste	ˈœstə
østen	œʃtən
østens	œstəns
østerrike	œʃtæɾɪkə
østerriker	œstəɾiːkəɾ
østerriker	œʂtəɾɪkɐ
østerrikes	œʂtəɾɪks
østerriksk	œʂtæɾɪsk
østerriksk	ˈœstəɾɪksk
østers	œʂtɛʂ
østers	ˈœstəʂ
østersene	œʂtəɾsənə
østfløyen	œstflœjən
østfra	œʂfrɑ
østfronten	œstfrʉntn
østkanten	œʃtˈkɑːtn̩
østkysten	œʃtˈkʏstən
østlig	østlˈi
østlig	œʂlɪ
østlig	ˈœstlɪ
østlige	ˈœstlɪə
østligere	ˈœstlɪɾə
østligst	ˈœstlɪkst
østligste	ˈœstlɪkstə
østover	œʃtɔʋər
østpå	œʂpoː
østrogen	œʃtrʊgn̩
østsiden	œʂːɪdən
øv	œʋ
øvd	øːv
øvde	œʋdə
øve	œʋə
øve	ˈøːʋə
øvelse	øvəlse
øvelse	œʋæɭsə
øvelse	ˈøːʋəlsə
øvelsen	œʋəlsən
øvelsene	œʋəlsənə
øvelser	œʋəlsər
øver	œʋər
øverst	œʋərst
øverstbefalende	œʋərstbɛfɑːlnə
øverste	œʋɛʂtə
øverstkommanderende	œʋərstkɔmɑndəɾɛŋə
øvet	œʋət
øving	œʋɪŋ
øvingen	œʋɪŋən
øvingsrom	ˈøːvɪŋsrum
øvre	œʋrɛ
øvre	œʋɾə
øvrig	œʋrɪ
øvrig	ˈøːʋɾɪ
øvrige	œʋriːgə
øvrige	ˈøːʋɾɪə
øvrigere	ˈøːʋɾɪɾə
øvrigheten	œvrɪçɛtən
øvrigst	ˈøːʋɾɪkst
øvrigste	ˈøːʋɾɪkstə
øy	œj
øy	ɔʏ
øy	ɛj
øya	øjɑ
øye	œʏ
øye	ˈœjə
øyebiikk	ɔʏbɪk
øyeblikk	ɔʏ̯əblɪk
øyeblikk	ˈœjəblɪk
øyeblikkelig	ɔʏbɭ̥ɪkɛlɪ
øyeblikkelige	œʏbɭɪkːəlɪgə
øyeblikkene	ɔʏ̯əblɪkːə
øyeblikket	ɔʏ̯bɭɪkːə
øyeblikkets	ɔʏ̯əblɪkːə
øyeblikks	œʏbɭɪks
øyebryn	ɔʏ̯əbrɪn
øyebrynene	ajɛbrinana
øyedråper	œʏəˈdraːpər
øyeeplene	œʏːpˈlɛːnə
øyeepler	ɔʏ̯eːplɛɾ
øyeeplet	ɔʏːɛpl̩
øyekast	ɔjkast
øyekontakt	ɔʏkɔntɑkt
øyekroken	ɔʏkɾʊkən
øyelapp	œʏlɑp
øyelokk	œʏlɔk
øyelokkene	œʏlɔkːənə
øyemed	ɔʏmɛd
øyen	œʏn
øyenbryn	œʏnbrʏn
øyenbryn	ʊ̞jɪ̞nbɾʏ̞n
øyenbrynene	œʏnbrʏnə
øyenbrynet	œʏnbrʏn
øyene	œʏnə
øyenfarge	œʏnˈfɑɾgə
øyenstikkeren	œʏnstɪkɛɾən
øyenvitne	ɔʏnvɪtnə
øyenvitner	œʏ̯ɛnˈʋɪtnəɾ
øyer	œjəɾ
øyer	œʏər
øyet	œʏt
øyevipper	øjɯvipːer
øyevitne	œʏəˈʋɪtnə
øyevitner	œʏəˈʋɪtnəɾ
øyne	œynə
øynene	eynene
øynene	œʏnə
øyner	œʏnər
øyvind	œʏvɪn
νar	ˈnɑːr
νet	neːt
νille	ˈnɪlə
νære	ˈnæːɾə
е	ɛ
